Category	Group	Time Window	Window Start (Years)	Feature	Median
Central Segment	Corridor Segment	0-500 Years	0	Mean Log Effective Population Size	10.38101
Central Segment	Corridor Segment	0-500 Years	0	Net Change in Log Effective Population Size	0.00903
Central Segment	Corridor Segment	0-500 Years	0	Mean Rate of Change	2e-5
Central Segment	Corridor Segment	0-500 Years	0	Fluctuation Amplitude	0.01632
Central Segment	Corridor Segment	0-500 Years	0	Time of Maximum Expansion	400
Central Segment	Corridor Segment	0-500 Years	0	Maximum Expansion Rate	0.13222
Central Segment	Corridor Segment	0-500 Years	0	Time of Maximum Contraction	0
Central Segment	Corridor Segment	0-500 Years	0	Maximum Contraction Rate	-0.07006
North China	Northern Lowland	0-500 Years	0	Mean Log Effective Population Size	11.6791
North China	Northern Lowland	0-500 Years	0	Net Change in Log Effective Population Size	0.03618
North China	Northern Lowland	0-500 Years	0	Mean Rate of Change	9e-5
North China	Northern Lowland	0-500 Years	0	Fluctuation Amplitude	0.0822
North China	Northern Lowland	0-500 Years	0	Time of Maximum Expansion	400
North China	Northern Lowland	0-500 Years	0	Maximum Expansion Rate	0.1155
North China	Northern Lowland	0-500 Years	0	Time of Maximum Contraction	0
North China	Northern Lowland	0-500 Years	0	Maximum Contraction Rate	0.0671
Northern Segment	Corridor Segment	0-500 Years	0	Mean Log Effective Population Size	10.88684
Northern Segment	Corridor Segment	0-500 Years	0	Net Change in Log Effective Population Size	-0.28733
Northern Segment	Corridor Segment	0-500 Years	0	Mean Rate of Change	-7.2e-4
Northern Segment	Corridor Segment	0-500 Years	0	Fluctuation Amplitude	0.28733
Northern Segment	Corridor Segment	0-500 Years	0	Time of Maximum Expansion	400
Northern Segment	Corridor Segment	0-500 Years	0	Maximum Expansion Rate	-0.64129
Northern Segment	Corridor Segment	0-500 Years	0	Time of Maximum Contraction	0
Northern Segment	Corridor Segment	0-500 Years	0	Maximum Contraction Rate	-0.81355
Panxi and Liangshan	Sichuan Region	0-500 Years	0	Mean Log Effective Population Size	9.64145
Panxi and Liangshan	Sichuan Region	0-500 Years	0	Net Change in Log Effective Population Size	-0.05293
Panxi and Liangshan	Sichuan Region	0-500 Years	0	Mean Rate of Change	-1.3e-4
Panxi and Liangshan	Sichuan Region	0-500 Years	0	Fluctuation Amplitude	0.05314
Panxi and Liangshan	Sichuan Region	0-500 Years	0	Time of Maximum Expansion	400
Panxi and Liangshan	Sichuan Region	0-500 Years	0	Maximum Expansion Rate	-0.07151
Panxi and Liangshan	Sichuan Region	0-500 Years	0	Time of Maximum Contraction	0
Panxi and Liangshan	Sichuan Region	0-500 Years	0	Maximum Contraction Rate	-0.19382
Qinghai-Tibet Plateau Core	Highland	0-500 Years	0	Mean Log Effective Population Size	9.90223
Qinghai-Tibet Plateau Core	Highland	0-500 Years	0	Net Change in Log Effective Population Size	-0.18829
Qinghai-Tibet Plateau Core	Highland	0-500 Years	0	Mean Rate of Change	-4.7e-4
Qinghai-Tibet Plateau Core	Highland	0-500 Years	0	Fluctuation Amplitude	0.18829
Qinghai-Tibet Plateau Core	Highland	0-500 Years	0	Time of Maximum Expansion	400
Qinghai-Tibet Plateau Core	Highland	0-500 Years	0	Maximum Expansion Rate	-0.38554
Qinghai-Tibet Plateau Core	Highland	0-500 Years	0	Time of Maximum Contraction	0
Qinghai-Tibet Plateau Core	Highland	0-500 Years	0	Maximum Contraction Rate	-0.57618
Sichuan Basin	Sichuan Region	0-500 Years	0	Mean Log Effective Population Size	11.59203
Sichuan Basin	Sichuan Region	0-500 Years	0	Net Change in Log Effective Population Size	-1.46166
Sichuan Basin	Sichuan Region	0-500 Years	0	Mean Rate of Change	-0.00365
Sichuan Basin	Sichuan Region	0-500 Years	0	Fluctuation Amplitude	1.46166
Sichuan Basin	Sichuan Region	0-500 Years	0	Time of Maximum Expansion	400
Sichuan Basin	Sichuan Region	0-500 Years	0	Maximum Expansion Rate	-2.74486
Sichuan Basin	Sichuan Region	0-500 Years	0	Time of Maximum Contraction	0
Sichuan Basin	Sichuan Region	0-500 Years	0	Maximum Contraction Rate	-4.51342
Southern Segment	Corridor Segment	0-500 Years	0	Mean Log Effective Population Size	10.58911
Southern Segment	Corridor Segment	0-500 Years	0	Net Change in Log Effective Population Size	-0.98445
Southern Segment	Corridor Segment	0-500 Years	0	Mean Rate of Change	-0.00246
Southern Segment	Corridor Segment	0-500 Years	0	Fluctuation Amplitude	0.98445
Southern Segment	Corridor Segment	0-500 Years	0	Time of Maximum Expansion	400
Southern Segment	Corridor Segment	0-500 Years	0	Maximum Expansion Rate	-1.85125
Southern Segment	Corridor Segment	0-500 Years	0	Time of Maximum Contraction	0
Southern Segment	Corridor Segment	0-500 Years	0	Maximum Contraction Rate	-3.02367
Western Highland	Highland	0-500 Years	0	Mean Log Effective Population Size	9.75938
Western Highland	Highland	0-500 Years	0	Net Change in Log Effective Population Size	-0.17009
Western Highland	Highland	0-500 Years	0	Mean Rate of Change	-4.3e-4
Western Highland	Highland	0-500 Years	0	Fluctuation Amplitude	0.17009
Western Highland	Highland	0-500 Years	0	Time of Maximum Expansion	400
Western Highland	Highland	0-500 Years	0	Maximum Expansion Rate	-0.33988
Western Highland	Highland	0-500 Years	0	Time of Maximum Contraction	0
Western Highland	Highland	0-500 Years	0	Maximum Contraction Rate	-0.52023
Central Segment	Corridor Segment	500-1000 Years	500	Mean Log Effective Population Size	10.25836
Central Segment	Corridor Segment	500-1000 Years	500	Net Change in Log Effective Population Size	0.13688
Central Segment	Corridor Segment	500-1000 Years	500	Mean Rate of Change	3.4e-4
Central Segment	Corridor Segment	500-1000 Years	500	Fluctuation Amplitude	0.13688
Central Segment	Corridor Segment	500-1000 Years	500	Time of Maximum Expansion	1000
Central Segment	Corridor Segment	500-1000 Years	500	Maximum Expansion Rate	0.37938
Central Segment	Corridor Segment	500-1000 Years	500	Time of Maximum Contraction	600
Central Segment	Corridor Segment	500-1000 Years	500	Maximum Contraction Rate	0.22411
North China	Northern Lowland	500-1000 Years	500	Mean Log Effective Population Size	11.63438
North China	Northern Lowland	500-1000 Years	500	Net Change in Log Effective Population Size	0.05225
North China	Northern Lowland	500-1000 Years	500	Mean Rate of Change	1.3e-4
North China	Northern Lowland	500-1000 Years	500	Fluctuation Amplitude	0.0699
North China	Northern Lowland	500-1000 Years	500	Time of Maximum Expansion	1000
North China	Northern Lowland	500-1000 Years	500	Maximum Expansion Rate	0.17179
North China	Northern Lowland	500-1000 Years	500	Time of Maximum Contraction	600
North China	Northern Lowland	500-1000 Years	500	Maximum Contraction Rate	0.09867
Northern Segment	Corridor Segment	500-1000 Years	500	Mean Log Effective Population Size	11.24358
Northern Segment	Corridor Segment	500-1000 Years	500	Net Change in Log Effective Population Size	-0.17972
Northern Segment	Corridor Segment	500-1000 Years	500	Mean Rate of Change	-4.5e-4
Northern Segment	Corridor Segment	500-1000 Years	500	Fluctuation Amplitude	0.17972
Northern Segment	Corridor Segment	500-1000 Years	500	Time of Maximum Expansion	1000
Northern Segment	Corridor Segment	500-1000 Years	500	Maximum Expansion Rate	-0.29454
Northern Segment	Corridor Segment	500-1000 Years	500	Time of Maximum Contraction	600
Northern Segment	Corridor Segment	500-1000 Years	500	Maximum Contraction Rate	-0.53107
Panxi and Liangshan	Sichuan Region	500-1000 Years	500	Mean Log Effective Population Size	9.66206
Panxi and Liangshan	Sichuan Region	500-1000 Years	500	Net Change in Log Effective Population Size	0.02236
Panxi and Liangshan	Sichuan Region	500-1000 Years	500	Mean Rate of Change	6e-5
Panxi and Liangshan	Sichuan Region	500-1000 Years	500	Fluctuation Amplitude	0.02245
Panxi and Liangshan	Sichuan Region	500-1000 Years	500	Time of Maximum Expansion	1000
Panxi and Liangshan	Sichuan Region	500-1000 Years	500	Maximum Expansion Rate	0.12003
Panxi and Liangshan	Sichuan Region	500-1000 Years	500	Time of Maximum Contraction	600
Panxi and Liangshan	Sichuan Region	500-1000 Years	500	Maximum Contraction Rate	-0.00975
Qinghai-Tibet Plateau Core	Highland	500-1000 Years	500	Mean Log Effective Population Size	10.10348
Qinghai-Tibet Plateau Core	Highland	500-1000 Years	500	Net Change in Log Effective Population Size	-0.07749
Qinghai-Tibet Plateau Core	Highland	500-1000 Years	500	Mean Rate of Change	-1.9e-4
Qinghai-Tibet Plateau Core	Highland	500-1000 Years	500	Fluctuation Amplitude	0.07749
Qinghai-Tibet Plateau Core	Highland	500-1000 Years	500	Time of Maximum Expansion	1000
Qinghai-Tibet Plateau Core	Highland	500-1000 Years	500	Maximum Expansion Rate	-0.05513
Qinghai-Tibet Plateau Core	Highland	500-1000 Years	500	Time of Maximum Contraction	600
Qinghai-Tibet Plateau Core	Highland	500-1000 Years	500	Maximum Contraction Rate	-0.27625
Sichuan Basin	Sichuan Region	500-1000 Years	500	Mean Log Effective Population Size	12.96824
Sichuan Basin	Sichuan Region	500-1000 Years	500	Net Change in Log Effective Population Size	-0.37729
Sichuan Basin	Sichuan Region	500-1000 Years	500	Mean Rate of Change	-9.4e-4
Sichuan Basin	Sichuan Region	500-1000 Years	500	Fluctuation Amplitude	0.37729
Sichuan Basin	Sichuan Region	500-1000 Years	500	Time of Maximum Expansion	1000
Sichuan Basin	Sichuan Region	500-1000 Years	500	Maximum Expansion Rate	-0.22567
Sichuan Basin	Sichuan Region	500-1000 Years	500	Time of Maximum Contraction	600
Sichuan Basin	Sichuan Region	500-1000 Years	500	Maximum Contraction Rate	-1.86748
Southern Segment	Corridor Segment	500-1000 Years	500	Mean Log Effective Population Size	11.50469
Southern Segment	Corridor Segment	500-1000 Years	500	Net Change in Log Effective Population Size	-0.2591
Southern Segment	Corridor Segment	500-1000 Years	500	Mean Rate of Change	-6.5e-4
Southern Segment	Corridor Segment	500-1000 Years	500	Fluctuation Amplitude	0.2591
Southern Segment	Corridor Segment	500-1000 Years	500	Time of Maximum Expansion	1000
Southern Segment	Corridor Segment	500-1000 Years	500	Maximum Expansion Rate	-0.21266
Southern Segment	Corridor Segment	500-1000 Years	500	Time of Maximum Contraction	600
Southern Segment	Corridor Segment	500-1000 Years	500	Maximum Contraction Rate	-1.28049
Western Highland	Highland	500-1000 Years	500	Mean Log Effective Population Size	9.93854
Western Highland	Highland	500-1000 Years	500	Net Change in Log Effective Population Size	-0.0581
Western Highland	Highland	500-1000 Years	500	Mean Rate of Change	-1.5e-4
Western Highland	Highland	500-1000 Years	500	Fluctuation Amplitude	0.06253
Western Highland	Highland	500-1000 Years	500	Time of Maximum Expansion	1000
Western Highland	Highland	500-1000 Years	500	Maximum Expansion Rate	-0.00101
Western Highland	Highland	500-1000 Years	500	Time of Maximum Contraction	600
Western Highland	Highland	500-1000 Years	500	Maximum Contraction Rate	-0.2306
Central Segment	Corridor Segment	1000-1500 Years	1000	Mean Log Effective Population Size	10.08833
Central Segment	Corridor Segment	1000-1500 Years	1000	Net Change in Log Effective Population Size	0.23103
Central Segment	Corridor Segment	1000-1500 Years	1000	Mean Rate of Change	5.8e-4
Central Segment	Corridor Segment	1000-1500 Years	1000	Fluctuation Amplitude	0.23103
Central Segment	Corridor Segment	1000-1500 Years	1000	Time of Maximum Expansion	1400
Central Segment	Corridor Segment	1000-1500 Years	1000	Maximum Expansion Rate	0.49543
Central Segment	Corridor Segment	1000-1500 Years	1000	Time of Maximum Contraction	1000
Central Segment	Corridor Segment	1000-1500 Years	1000	Maximum Contraction Rate	0.37938
North China	Northern Lowland	1000-1500 Years	1000	Mean Log Effective Population Size	11.56134
North China	Northern Lowland	1000-1500 Years	1000	Net Change in Log Effective Population Size	0.07229
North China	Northern Lowland	1000-1500 Years	1000	Mean Rate of Change	1.8e-4
North China	Northern Lowland	1000-1500 Years	1000	Fluctuation Amplitude	0.08006
North China	Northern Lowland	1000-1500 Years	1000	Time of Maximum Expansion	1400
North China	Northern Lowland	1000-1500 Years	1000	Maximum Expansion Rate	0.21922
North China	Northern Lowland	1000-1500 Years	1000	Time of Maximum Contraction	1000
North China	Northern Lowland	1000-1500 Years	1000	Maximum Contraction Rate	0.10374
Northern Segment	Corridor Segment	1000-1500 Years	1000	Mean Log Effective Population Size	11.40562
Northern Segment	Corridor Segment	1000-1500 Years	1000	Net Change in Log Effective Population Size	-0.14748
Northern Segment	Corridor Segment	1000-1500 Years	1000	Mean Rate of Change	-3.7e-4
Northern Segment	Corridor Segment	1000-1500 Years	1000	Fluctuation Amplitude	0.14748
Northern Segment	Corridor Segment	1000-1500 Years	1000	Time of Maximum Expansion	1400
Northern Segment	Corridor Segment	1000-1500 Years	1000	Maximum Expansion Rate	0.02491
Northern Segment	Corridor Segment	1000-1500 Years	1000	Time of Maximum Contraction	1000
Northern Segment	Corridor Segment	1000-1500 Years	1000	Maximum Contraction Rate	-0.29454
Panxi and Liangshan	Sichuan Region	1000-1500 Years	1000	Mean Log Effective Population Size	9.61966
Panxi and Liangshan	Sichuan Region	1000-1500 Years	1000	Net Change in Log Effective Population Size	0.07192
Panxi and Liangshan	Sichuan Region	1000-1500 Years	1000	Mean Rate of Change	1.8e-4
Panxi and Liangshan	Sichuan Region	1000-1500 Years	1000	Fluctuation Amplitude	0.0722
Panxi and Liangshan	Sichuan Region	1000-1500 Years	1000	Time of Maximum Expansion	1400
Panxi and Liangshan	Sichuan Region	1000-1500 Years	1000	Maximum Expansion Rate	0.24922
Panxi and Liangshan	Sichuan Region	1000-1500 Years	1000	Time of Maximum Contraction	1000
Panxi and Liangshan	Sichuan Region	1000-1500 Years	1000	Maximum Contraction Rate	0.12003
Qinghai-Tibet Plateau Core	Highland	1000-1500 Years	1000	Mean Log Effective Population Size	10.16649
Qinghai-Tibet Plateau Core	Highland	1000-1500 Years	1000	Net Change in Log Effective Population Size	-0.02863
Qinghai-Tibet Plateau Core	Highland	1000-1500 Years	1000	Mean Rate of Change	-7e-5
Qinghai-Tibet Plateau Core	Highland	1000-1500 Years	1000	Fluctuation Amplitude	0.04158
Qinghai-Tibet Plateau Core	Highland	1000-1500 Years	1000	Time of Maximum Expansion	1400
Qinghai-Tibet Plateau Core	Highland	1000-1500 Years	1000	Maximum Expansion Rate	0.24967
Qinghai-Tibet Plateau Core	Highland	1000-1500 Years	1000	Time of Maximum Contraction	1000
Qinghai-Tibet Plateau Core	Highland	1000-1500 Years	1000	Maximum Contraction Rate	-0.05513
Sichuan Basin	Sichuan Region	1000-1500 Years	1000	Mean Log Effective Population Size	12.9984
Sichuan Basin	Sichuan Region	1000-1500 Years	1000	Net Change in Log Effective Population Size	0.31766
Sichuan Basin	Sichuan Region	1000-1500 Years	1000	Mean Rate of Change	7.9e-4
Sichuan Basin	Sichuan Region	1000-1500 Years	1000	Fluctuation Amplitude	0.31766
Sichuan Basin	Sichuan Region	1000-1500 Years	1000	Time of Maximum Expansion	1400
Sichuan Basin	Sichuan Region	1000-1500 Years	1000	Maximum Expansion Rate	1.49663
Sichuan Basin	Sichuan Region	1000-1500 Years	1000	Time of Maximum Contraction	1000
Sichuan Basin	Sichuan Region	1000-1500 Years	1000	Maximum Contraction Rate	-0.22567
Southern Segment	Corridor Segment	1000-1500 Years	1000	Mean Log Effective Population Size	11.54572
Southern Segment	Corridor Segment	1000-1500 Years	1000	Net Change in Log Effective Population Size	0.21525
Southern Segment	Corridor Segment	1000-1500 Years	1000	Mean Rate of Change	5.4e-4
Southern Segment	Corridor Segment	1000-1500 Years	1000	Fluctuation Amplitude	0.21525
Southern Segment	Corridor Segment	1000-1500 Years	1000	Time of Maximum Expansion	1400
Southern Segment	Corridor Segment	1000-1500 Years	1000	Maximum Expansion Rate	0.86228
Southern Segment	Corridor Segment	1000-1500 Years	1000	Time of Maximum Contraction	1000
Southern Segment	Corridor Segment	1000-1500 Years	1000	Maximum Contraction Rate	-0.21266
Western Highland	Highland	1000-1500 Years	1000	Mean Log Effective Population Size	9.96162
Western Highland	Highland	1000-1500 Years	1000	Net Change in Log Effective Population Size	-0.00258
Western Highland	Highland	1000-1500 Years	1000	Mean Rate of Change	-1e-5
Western Highland	Highland	1000-1500 Years	1000	Fluctuation Amplitude	0.03863
Western Highland	Highland	1000-1500 Years	1000	Time of Maximum Expansion	1400
Western Highland	Highland	1000-1500 Years	1000	Maximum Expansion Rate	0.27635
Western Highland	Highland	1000-1500 Years	1000	Time of Maximum Contraction	1000
Western Highland	Highland	1000-1500 Years	1000	Maximum Contraction Rate	-0.00101
Central Segment	Corridor Segment	1500-2000 Years	1500	Mean Log Effective Population Size	9.77391
Central Segment	Corridor Segment	1500-2000 Years	1500	Net Change in Log Effective Population Size	0.13707
Central Segment	Corridor Segment	1500-2000 Years	1500	Mean Rate of Change	3.4e-4
Central Segment	Corridor Segment	1500-2000 Years	1500	Fluctuation Amplitude	0.13707
Central Segment	Corridor Segment	1500-2000 Years	1500	Time of Maximum Expansion	1600
Central Segment	Corridor Segment	1500-2000 Years	1500	Maximum Expansion Rate	0.42242
Central Segment	Corridor Segment	1500-2000 Years	1500	Time of Maximum Contraction	2000
Central Segment	Corridor Segment	1500-2000 Years	1500	Maximum Contraction Rate	0.1537
North China	Northern Lowland	1500-2000 Years	1500	Mean Log Effective Population Size	11.47571
North China	Northern Lowland	1500-2000 Years	1500	Net Change in Log Effective Population Size	0.04799
North China	Northern Lowland	1500-2000 Years	1500	Mean Rate of Change	1.2e-4
North China	Northern Lowland	1500-2000 Years	1500	Fluctuation Amplitude	0.10046
North China	Northern Lowland	1500-2000 Years	1500	Time of Maximum Expansion	2000
North China	Northern Lowland	1500-2000 Years	1500	Maximum Expansion Rate	0.2559
North China	Northern Lowland	1500-2000 Years	1500	Time of Maximum Contraction	1700
North China	Northern Lowland	1500-2000 Years	1500	Maximum Contraction Rate	0.15122
Northern Segment	Corridor Segment	1500-2000 Years	1500	Mean Log Effective Population Size	11.30272
Northern Segment	Corridor Segment	1500-2000 Years	1500	Net Change in Log Effective Population Size	0.27242
Northern Segment	Corridor Segment	1500-2000 Years	1500	Mean Rate of Change	6.8e-4
Northern Segment	Corridor Segment	1500-2000 Years	1500	Fluctuation Amplitude	0.27242
Northern Segment	Corridor Segment	1500-2000 Years	1500	Time of Maximum Expansion	2000
Northern Segment	Corridor Segment	1500-2000 Years	1500	Maximum Expansion Rate	0.55033
Northern Segment	Corridor Segment	1500-2000 Years	1500	Time of Maximum Contraction	1600
Northern Segment	Corridor Segment	1500-2000 Years	1500	Maximum Contraction Rate	0.25457
Panxi and Liangshan	Sichuan Region	1500-2000 Years	1500	Mean Log Effective Population Size	9.41891
Panxi and Liangshan	Sichuan Region	1500-2000 Years	1500	Net Change in Log Effective Population Size	0.15689
Panxi and Liangshan	Sichuan Region	1500-2000 Years	1500	Mean Rate of Change	3.9e-4
Panxi and Liangshan	Sichuan Region	1500-2000 Years	1500	Fluctuation Amplitude	0.15749
Panxi and Liangshan	Sichuan Region	1500-2000 Years	1500	Time of Maximum Expansion	1600
Panxi and Liangshan	Sichuan Region	1500-2000 Years	1500	Maximum Expansion Rate	0.2803
Panxi and Liangshan	Sichuan Region	1500-2000 Years	1500	Time of Maximum Contraction	2000
Panxi and Liangshan	Sichuan Region	1500-2000 Years	1500	Maximum Contraction Rate	0.24922
Qinghai-Tibet Plateau Core	Highland	1500-2000 Years	1500	Mean Log Effective Population Size	9.92741
Qinghai-Tibet Plateau Core	Highland	1500-2000 Years	1500	Net Change in Log Effective Population Size	0.30528
Qinghai-Tibet Plateau Core	Highland	1500-2000 Years	1500	Mean Rate of Change	7.6e-4
Qinghai-Tibet Plateau Core	Highland	1500-2000 Years	1500	Fluctuation Amplitude	0.30528
Qinghai-Tibet Plateau Core	Highland	1500-2000 Years	1500	Time of Maximum Expansion	2000
Qinghai-Tibet Plateau Core	Highland	1500-2000 Years	1500	Maximum Expansion Rate	0.62122
Qinghai-Tibet Plateau Core	Highland	1500-2000 Years	1500	Time of Maximum Contraction	1600
Qinghai-Tibet Plateau Core	Highland	1500-2000 Years	1500	Maximum Contraction Rate	0.41984
Sichuan Basin	Sichuan Region	1500-2000 Years	1500	Mean Log Effective Population Size	11.50244
Sichuan Basin	Sichuan Region	1500-2000 Years	1500	Net Change in Log Effective Population Size	1.04445
Sichuan Basin	Sichuan Region	1500-2000 Years	1500	Mean Rate of Change	0.00261
Sichuan Basin	Sichuan Region	1500-2000 Years	1500	Fluctuation Amplitude	1.04445
Sichuan Basin	Sichuan Region	1500-2000 Years	1500	Time of Maximum Expansion	1600
Sichuan Basin	Sichuan Region	1500-2000 Years	1500	Maximum Expansion Rate	1.79021
Sichuan Basin	Sichuan Region	1500-2000 Years	1500	Time of Maximum Contraction	2000
Sichuan Basin	Sichuan Region	1500-2000 Years	1500	Maximum Contraction Rate	1.19535
Southern Segment	Corridor Segment	1500-2000 Years	1500	Mean Log Effective Population Size	10.61302
Southern Segment	Corridor Segment	1500-2000 Years	1500	Net Change in Log Effective Population Size	0.4487
Southern Segment	Corridor Segment	1500-2000 Years	1500	Mean Rate of Change	0.00112
Southern Segment	Corridor Segment	1500-2000 Years	1500	Fluctuation Amplitude	0.4487
Southern Segment	Corridor Segment	1500-2000 Years	1500	Time of Maximum Expansion	1600
Southern Segment	Corridor Segment	1500-2000 Years	1500	Maximum Expansion Rate	0.85884
Southern Segment	Corridor Segment	1500-2000 Years	1500	Time of Maximum Contraction	2000
Southern Segment	Corridor Segment	1500-2000 Years	1500	Maximum Contraction Rate	0.05436
Western Highland	Highland	1500-2000 Years	1500	Mean Log Effective Population Size	9.72006
Western Highland	Highland	1500-2000 Years	1500	Net Change in Log Effective Population Size	0.28882
Western Highland	Highland	1500-2000 Years	1500	Mean Rate of Change	7.2e-4
Western Highland	Highland	1500-2000 Years	1500	Fluctuation Amplitude	0.28882
Western Highland	Highland	1500-2000 Years	1500	Time of Maximum Expansion	2000
Western Highland	Highland	1500-2000 Years	1500	Maximum Expansion Rate	0.65088
Western Highland	Highland	1500-2000 Years	1500	Time of Maximum Contraction	1600
Western Highland	Highland	1500-2000 Years	1500	Maximum Contraction Rate	0.44535
Central Segment	Corridor Segment	2000-2500 Years	2000	Mean Log Effective Population Size	9.71521
Central Segment	Corridor Segment	2000-2500 Years	2000	Net Change in Log Effective Population Size	-0.04146
Central Segment	Corridor Segment	2000-2500 Years	2000	Mean Rate of Change	-1e-4
Central Segment	Corridor Segment	2000-2500 Years	2000	Fluctuation Amplitude	0.07577
Central Segment	Corridor Segment	2000-2500 Years	2000	Time of Maximum Expansion	2000
Central Segment	Corridor Segment	2000-2500 Years	2000	Maximum Expansion Rate	0.17012
Central Segment	Corridor Segment	2000-2500 Years	2000	Time of Maximum Contraction	2400
Central Segment	Corridor Segment	2000-2500 Years	2000	Maximum Contraction Rate	-0.02878
North China	Northern Lowland	2000-2500 Years	2000	Mean Log Effective Population Size	11.42196
North China	Northern Lowland	2000-2500 Years	2000	Net Change in Log Effective Population Size	0.10668
North China	Northern Lowland	2000-2500 Years	2000	Mean Rate of Change	2.7e-4
North China	Northern Lowland	2000-2500 Years	2000	Fluctuation Amplitude	0.11531
North China	Northern Lowland	2000-2500 Years	2000	Time of Maximum Expansion	2400
North China	Northern Lowland	2000-2500 Years	2000	Maximum Expansion Rate	0.45249
North China	Northern Lowland	2000-2500 Years	2000	Time of Maximum Contraction	2000
North China	Northern Lowland	2000-2500 Years	2000	Maximum Contraction Rate	0.22334
Northern Segment	Corridor Segment	2000-2500 Years	2000	Mean Log Effective Population Size	11.01129
Northern Segment	Corridor Segment	2000-2500 Years	2000	Net Change in Log Effective Population Size	0.27702
Northern Segment	Corridor Segment	2000-2500 Years	2000	Mean Rate of Change	6.9e-4
Northern Segment	Corridor Segment	2000-2500 Years	2000	Fluctuation Amplitude	0.27702
Northern Segment	Corridor Segment	2000-2500 Years	2000	Time of Maximum Expansion	2400
Northern Segment	Corridor Segment	2000-2500 Years	2000	Maximum Expansion Rate	0.67071
Northern Segment	Corridor Segment	2000-2500 Years	2000	Time of Maximum Contraction	2000
Northern Segment	Corridor Segment	2000-2500 Years	2000	Maximum Contraction Rate	0.54483
Panxi and Liangshan	Sichuan Region	2000-2500 Years	2000	Mean Log Effective Population Size	9.29808
Panxi and Liangshan	Sichuan Region	2000-2500 Years	2000	Net Change in Log Effective Population Size	0.10387
Panxi and Liangshan	Sichuan Region	2000-2500 Years	2000	Mean Rate of Change	2.6e-4
Panxi and Liangshan	Sichuan Region	2000-2500 Years	2000	Fluctuation Amplitude	0.10427
Panxi and Liangshan	Sichuan Region	2000-2500 Years	2000	Time of Maximum Expansion	2000
Panxi and Liangshan	Sichuan Region	2000-2500 Years	2000	Maximum Expansion Rate	0.24922
Panxi and Liangshan	Sichuan Region	2000-2500 Years	2000	Time of Maximum Contraction	2400
Panxi and Liangshan	Sichuan Region	2000-2500 Years	2000	Maximum Contraction Rate	0.04075
Qinghai-Tibet Plateau Core	Highland	2000-2500 Years	2000	Mean Log Effective Population Size	9.61649
Qinghai-Tibet Plateau Core	Highland	2000-2500 Years	2000	Net Change in Log Effective Population Size	0.30071
Qinghai-Tibet Plateau Core	Highland	2000-2500 Years	2000	Mean Rate of Change	7.5e-4
Qinghai-Tibet Plateau Core	Highland	2000-2500 Years	2000	Fluctuation Amplitude	0.30071
Qinghai-Tibet Plateau Core	Highland	2000-2500 Years	2000	Time of Maximum Expansion	2200
Qinghai-Tibet Plateau Core	Highland	2000-2500 Years	2000	Maximum Expansion Rate	0.68252
Qinghai-Tibet Plateau Core	Highland	2000-2500 Years	2000	Time of Maximum Contraction	2000
Qinghai-Tibet Plateau Core	Highland	2000-2500 Years	2000	Maximum Contraction Rate	0.57179
Sichuan Basin	Sichuan Region	2000-2500 Years	2000	Mean Log Effective Population Size	11.05714
Sichuan Basin	Sichuan Region	2000-2500 Years	2000	Net Change in Log Effective Population Size	-0.13776
Sichuan Basin	Sichuan Region	2000-2500 Years	2000	Mean Rate of Change	-3.4e-4
Sichuan Basin	Sichuan Region	2000-2500 Years	2000	Fluctuation Amplitude	0.20247
Sichuan Basin	Sichuan Region	2000-2500 Years	2000	Time of Maximum Expansion	2000
Sichuan Basin	Sichuan Region	2000-2500 Years	2000	Maximum Expansion Rate	1.19535
Sichuan Basin	Sichuan Region	2000-2500 Years	2000	Time of Maximum Contraction	2400
Sichuan Basin	Sichuan Region	2000-2500 Years	2000	Maximum Contraction Rate	0.31785
Southern Segment	Corridor Segment	2000-2500 Years	2000	Mean Log Effective Population Size	10.73274
Southern Segment	Corridor Segment	2000-2500 Years	2000	Net Change in Log Effective Population Size	-0.60464
Southern Segment	Corridor Segment	2000-2500 Years	2000	Mean Rate of Change	-0.00151
Southern Segment	Corridor Segment	2000-2500 Years	2000	Fluctuation Amplitude	0.60464
Southern Segment	Corridor Segment	2000-2500 Years	2000	Time of Maximum Expansion	2000
Southern Segment	Corridor Segment	2000-2500 Years	2000	Maximum Expansion Rate	0.05436
Southern Segment	Corridor Segment	2000-2500 Years	2000	Time of Maximum Contraction	2400
Southern Segment	Corridor Segment	2000-2500 Years	2000	Maximum Contraction Rate	-0.40381
Western Highland	Highland	2000-2500 Years	2000	Mean Log Effective Population Size	9.41188
Western Highland	Highland	2000-2500 Years	2000	Net Change in Log Effective Population Size	0.31215
Western Highland	Highland	2000-2500 Years	2000	Mean Rate of Change	7.8e-4
Western Highland	Highland	2000-2500 Years	2000	Fluctuation Amplitude	0.31215
Western Highland	Highland	2000-2500 Years	2000	Time of Maximum Expansion	2400
Western Highland	Highland	2000-2500 Years	2000	Maximum Expansion Rate	0.73916
Western Highland	Highland	2000-2500 Years	2000	Time of Maximum Contraction	2000
Western Highland	Highland	2000-2500 Years	2000	Maximum Contraction Rate	0.64023
Central Segment	Corridor Segment	2500-3000 Years	2500	Mean Log Effective Population Size	9.78261
Central Segment	Corridor Segment	2500-3000 Years	2500	Net Change in Log Effective Population Size	-0.01
Central Segment	Corridor Segment	2500-3000 Years	2500	Mean Rate of Change	-3e-5
Central Segment	Corridor Segment	2500-3000 Years	2500	Fluctuation Amplitude	0.0663
Central Segment	Corridor Segment	2500-3000 Years	2500	Time of Maximum Expansion	2600
Central Segment	Corridor Segment	2500-3000 Years	2500	Maximum Expansion Rate	-0.02031
Central Segment	Corridor Segment	2500-3000 Years	2500	Time of Maximum Contraction	3000
Central Segment	Corridor Segment	2500-3000 Years	2500	Maximum Contraction Rate	-0.10915
North China	Northern Lowland	2500-3000 Years	2500	Mean Log Effective Population Size	11.10391
North China	Northern Lowland	2500-3000 Years	2500	Net Change in Log Effective Population Size	0.23991
North China	Northern Lowland	2500-3000 Years	2500	Mean Rate of Change	6e-4
North China	Northern Lowland	2500-3000 Years	2500	Fluctuation Amplitude	0.24008
North China	Northern Lowland	2500-3000 Years	2500	Time of Maximum Expansion	3000
North China	Northern Lowland	2500-3000 Years	2500	Maximum Expansion Rate	0.61728
North China	Northern Lowland	2500-3000 Years	2500	Time of Maximum Contraction	2600
North China	Northern Lowland	2500-3000 Years	2500	Maximum Contraction Rate	0.50512
Northern Segment	Corridor Segment	2500-3000 Years	2500	Mean Log Effective Population Size	10.60859
Northern Segment	Corridor Segment	2500-3000 Years	2500	Net Change in Log Effective Population Size	0.2371
Northern Segment	Corridor Segment	2500-3000 Years	2500	Mean Rate of Change	5.9e-4
Northern Segment	Corridor Segment	2500-3000 Years	2500	Fluctuation Amplitude	0.2371
Northern Segment	Corridor Segment	2500-3000 Years	2500	Time of Maximum Expansion	2600
Northern Segment	Corridor Segment	2500-3000 Years	2500	Maximum Expansion Rate	0.64381
Northern Segment	Corridor Segment	2500-3000 Years	2500	Time of Maximum Contraction	3000
Northern Segment	Corridor Segment	2500-3000 Years	2500	Maximum Contraction Rate	0.47592
Panxi and Liangshan	Sichuan Region	2500-3000 Years	2500	Mean Log Effective Population Size	9.30965
Panxi and Liangshan	Sichuan Region	2500-3000 Years	2500	Net Change in Log Effective Population Size	-0.12825
Panxi and Liangshan	Sichuan Region	2500-3000 Years	2500	Mean Rate of Change	-3.2e-4
Panxi and Liangshan	Sichuan Region	2500-3000 Years	2500	Fluctuation Amplitude	0.12825
Panxi and Liangshan	Sichuan Region	2500-3000 Years	2500	Time of Maximum Expansion	2600
Panxi and Liangshan	Sichuan Region	2500-3000 Years	2500	Maximum Expansion Rate	-0.10765
Panxi and Liangshan	Sichuan Region	2500-3000 Years	2500	Time of Maximum Contraction	3000
Panxi and Liangshan	Sichuan Region	2500-3000 Years	2500	Maximum Contraction Rate	-0.34257
Qinghai-Tibet Plateau Core	Highland	2500-3000 Years	2500	Mean Log Effective Population Size	9.24939
Qinghai-Tibet Plateau Core	Highland	2500-3000 Years	2500	Net Change in Log Effective Population Size	0.18734
Qinghai-Tibet Plateau Core	Highland	2500-3000 Years	2500	Mean Rate of Change	4.7e-4
Qinghai-Tibet Plateau Core	Highland	2500-3000 Years	2500	Fluctuation Amplitude	0.18734
Qinghai-Tibet Plateau Core	Highland	2500-3000 Years	2500	Time of Maximum Expansion	2600
Qinghai-Tibet Plateau Core	Highland	2500-3000 Years	2500	Maximum Expansion Rate	0.57195
Qinghai-Tibet Plateau Core	Highland	2500-3000 Years	2500	Time of Maximum Contraction	3000
Qinghai-Tibet Plateau Core	Highland	2500-3000 Years	2500	Maximum Contraction Rate	0.34768
Sichuan Basin	Sichuan Region	2500-3000 Years	2500	Mean Log Effective Population Size	11.22166
Sichuan Basin	Sichuan Region	2500-3000 Years	2500	Net Change in Log Effective Population Size	0.36232
Sichuan Basin	Sichuan Region	2500-3000 Years	2500	Mean Rate of Change	9.1e-4
Sichuan Basin	Sichuan Region	2500-3000 Years	2500	Fluctuation Amplitude	0.36232
Sichuan Basin	Sichuan Region	2500-3000 Years	2500	Time of Maximum Expansion	3000
Sichuan Basin	Sichuan Region	2500-3000 Years	2500	Maximum Expansion Rate	0.64845
Sichuan Basin	Sichuan Region	2500-3000 Years	2500	Time of Maximum Contraction	2600
Sichuan Basin	Sichuan Region	2500-3000 Years	2500	Maximum Contraction Rate	0.30587
Southern Segment	Corridor Segment	2500-3000 Years	2500	Mean Log Effective Population Size	11.29546
Southern Segment	Corridor Segment	2500-3000 Years	2500	Net Change in Log Effective Population Size	0.27324
Southern Segment	Corridor Segment	2500-3000 Years	2500	Mean Rate of Change	6.8e-4
Southern Segment	Corridor Segment	2500-3000 Years	2500	Fluctuation Amplitude	0.28165
Southern Segment	Corridor Segment	2500-3000 Years	2500	Time of Maximum Expansion	3000
Southern Segment	Corridor Segment	2500-3000 Years	2500	Maximum Expansion Rate	0.65158
Southern Segment	Corridor Segment	2500-3000 Years	2500	Time of Maximum Contraction	2600
Southern Segment	Corridor Segment	2500-3000 Years	2500	Maximum Contraction Rate	-0.15071
Western Highland	Highland	2500-3000 Years	2500	Mean Log Effective Population Size	8.96814
Western Highland	Highland	2500-3000 Years	2500	Net Change in Log Effective Population Size	0.24313
Western Highland	Highland	2500-3000 Years	2500	Mean Rate of Change	6.1e-4
Western Highland	Highland	2500-3000 Years	2500	Fluctuation Amplitude	0.24313
Western Highland	Highland	2500-3000 Years	2500	Time of Maximum Expansion	2600
Western Highland	Highland	2500-3000 Years	2500	Maximum Expansion Rate	0.66804
Western Highland	Highland	2500-3000 Years	2500	Time of Maximum Contraction	3000
Western Highland	Highland	2500-3000 Years	2500	Maximum Contraction Rate	0.48182
Central Segment	Corridor Segment	3000-3500 Years	3000	Mean Log Effective Population Size	9.79791
Central Segment	Corridor Segment	3000-3500 Years	3000	Net Change in Log Effective Population Size	-0.03693
Central Segment	Corridor Segment	3000-3500 Years	3000	Mean Rate of Change	-9e-5
Central Segment	Corridor Segment	3000-3500 Years	3000	Fluctuation Amplitude	0.05485
Central Segment	Corridor Segment	3000-3500 Years	3000	Time of Maximum Expansion	3000
Central Segment	Corridor Segment	3000-3500 Years	3000	Maximum Expansion Rate	-0.02826
Central Segment	Corridor Segment	3000-3500 Years	3000	Time of Maximum Contraction	3400
Central Segment	Corridor Segment	3000-3500 Years	3000	Maximum Contraction Rate	-0.17773
North China	Northern Lowland	3000-3500 Years	3000	Mean Log Effective Population Size	10.85731
North China	Northern Lowland	3000-3500 Years	3000	Net Change in Log Effective Population Size	0.28402
North China	Northern Lowland	3000-3500 Years	3000	Mean Rate of Change	7.1e-4
North China	Northern Lowland	3000-3500 Years	3000	Fluctuation Amplitude	0.28402
North China	Northern Lowland	3000-3500 Years	3000	Time of Maximum Expansion	3400
North China	Northern Lowland	3000-3500 Years	3000	Maximum Expansion Rate	0.76142
North China	Northern Lowland	3000-3500 Years	3000	Time of Maximum Contraction	3000
North China	Northern Lowland	3000-3500 Years	3000	Maximum Contraction Rate	0.60158
Northern Segment	Corridor Segment	3000-3500 Years	3000	Mean Log Effective Population Size	10.37732
Northern Segment	Corridor Segment	3000-3500 Years	3000	Net Change in Log Effective Population Size	0.20071
Northern Segment	Corridor Segment	3000-3500 Years	3000	Mean Rate of Change	5e-4
Northern Segment	Corridor Segment	3000-3500 Years	3000	Fluctuation Amplitude	0.20071
Northern Segment	Corridor Segment	3000-3500 Years	3000	Time of Maximum Expansion	3000
Northern Segment	Corridor Segment	3000-3500 Years	3000	Maximum Expansion Rate	0.47623
Northern Segment	Corridor Segment	3000-3500 Years	3000	Time of Maximum Contraction	3400
Northern Segment	Corridor Segment	3000-3500 Years	3000	Maximum Contraction Rate	0.28609
Panxi and Liangshan	Sichuan Region	3000-3500 Years	3000	Mean Log Effective Population Size	9.50065
Panxi and Liangshan	Sichuan Region	3000-3500 Years	3000	Net Change in Log Effective Population Size	-0.21565
Panxi and Liangshan	Sichuan Region	3000-3500 Years	3000	Mean Rate of Change	-5.4e-4
Panxi and Liangshan	Sichuan Region	3000-3500 Years	3000	Fluctuation Amplitude	0.21565
Panxi and Liangshan	Sichuan Region	3000-3500 Years	3000	Time of Maximum Expansion	3000
Panxi and Liangshan	Sichuan Region	3000-3500 Years	3000	Maximum Expansion Rate	-0.34257
Panxi and Liangshan	Sichuan Region	3000-3500 Years	3000	Time of Maximum Contraction	3200
Panxi and Liangshan	Sichuan Region	3000-3500 Years	3000	Maximum Contraction Rate	-0.38528
Qinghai-Tibet Plateau Core	Highland	3000-3500 Years	3000	Mean Log Effective Population Size	9.07426
Qinghai-Tibet Plateau Core	Highland	3000-3500 Years	3000	Net Change in Log Effective Population Size	0.13932
Qinghai-Tibet Plateau Core	Highland	3000-3500 Years	3000	Mean Rate of Change	3.5e-4
Qinghai-Tibet Plateau Core	Highland	3000-3500 Years	3000	Fluctuation Amplitude	0.13932
Qinghai-Tibet Plateau Core	Highland	3000-3500 Years	3000	Time of Maximum Expansion	3000
Qinghai-Tibet Plateau Core	Highland	3000-3500 Years	3000	Maximum Expansion Rate	0.34925
Qinghai-Tibet Plateau Core	Highland	3000-3500 Years	3000	Time of Maximum Contraction	3400
Qinghai-Tibet Plateau Core	Highland	3000-3500 Years	3000	Maximum Contraction Rate	0.14802
Sichuan Basin	Sichuan Region	3000-3500 Years	3000	Mean Log Effective Population Size	10.69067
Sichuan Basin	Sichuan Region	3000-3500 Years	3000	Net Change in Log Effective Population Size	0.5352
Sichuan Basin	Sichuan Region	3000-3500 Years	3000	Mean Rate of Change	0.00134
Sichuan Basin	Sichuan Region	3000-3500 Years	3000	Fluctuation Amplitude	0.5352
Sichuan Basin	Sichuan Region	3000-3500 Years	3000	Time of Maximum Expansion	3000
Sichuan Basin	Sichuan Region	3000-3500 Years	3000	Maximum Expansion Rate	0.65673
Sichuan Basin	Sichuan Region	3000-3500 Years	3000	Time of Maximum Contraction	3400
Sichuan Basin	Sichuan Region	3000-3500 Years	3000	Maximum Contraction Rate	0.19073
Southern Segment	Corridor Segment	3000-3500 Years	3000	Mean Log Effective Population Size	10.71399
Southern Segment	Corridor Segment	3000-3500 Years	3000	Net Change in Log Effective Population Size	0.72434
Southern Segment	Corridor Segment	3000-3500 Years	3000	Mean Rate of Change	0.00181
Southern Segment	Corridor Segment	3000-3500 Years	3000	Fluctuation Amplitude	0.72434
Southern Segment	Corridor Segment	3000-3500 Years	3000	Time of Maximum Expansion	3200
Southern Segment	Corridor Segment	3000-3500 Years	3000	Maximum Expansion Rate	0.78236000000000006
Southern Segment	Corridor Segment	3000-3500 Years	3000	Time of Maximum Contraction	3400
Southern Segment	Corridor Segment	3000-3500 Years	3000	Maximum Contraction Rate	0.56372
Western Highland	Highland	3000-3500 Years	3000	Mean Log Effective Population Size	8.73676
Western Highland	Highland	3000-3500 Years	3000	Net Change in Log Effective Population Size	0.20512
Western Highland	Highland	3000-3500 Years	3000	Mean Rate of Change	5.1e-4
Western Highland	Highland	3000-3500 Years	3000	Fluctuation Amplitude	0.20512
Western Highland	Highland	3000-3500 Years	3000	Time of Maximum Expansion	3000
Western Highland	Highland	3000-3500 Years	3000	Maximum Expansion Rate	0.48182
Western Highland	Highland	3000-3500 Years	3000	Time of Maximum Contraction	3400
Western Highland	Highland	3000-3500 Years	3000	Maximum Contraction Rate	0.23746
Central Segment	Corridor Segment	3500-4000 Years	3500	Mean Log Effective Population Size	9.9325
Central Segment	Corridor Segment	3500-4000 Years	3500	Net Change in Log Effective Population Size	-0.09435
Central Segment	Corridor Segment	3500-4000 Years	3500	Mean Rate of Change	-2.4e-4
Central Segment	Corridor Segment	3500-4000 Years	3500	Fluctuation Amplitude	0.11305
Central Segment	Corridor Segment	3500-4000 Years	3500	Time of Maximum Expansion	4000
Central Segment	Corridor Segment	3500-4000 Years	3500	Maximum Expansion Rate	-0.00739
Central Segment	Corridor Segment	3500-4000 Years	3500	Time of Maximum Contraction	3600
Central Segment	Corridor Segment	3500-4000 Years	3500	Maximum Contraction Rate	-0.11306
North China	Northern Lowland	3500-4000 Years	3500	Mean Log Effective Population Size	10.37297
North China	Northern Lowland	3500-4000 Years	3500	Net Change in Log Effective Population Size	0.32025
North China	Northern Lowland	3500-4000 Years	3500	Mean Rate of Change	8e-4
North China	Northern Lowland	3500-4000 Years	3500	Fluctuation Amplitude	0.32025
North China	Northern Lowland	3500-4000 Years	3500	Time of Maximum Expansion	3600
North China	Northern Lowland	3500-4000 Years	3500	Maximum Expansion Rate	0.7401
North China	Northern Lowland	3500-4000 Years	3500	Time of Maximum Contraction	4000
North China	Northern Lowland	3500-4000 Years	3500	Maximum Contraction Rate	0.54507
Northern Segment	Corridor Segment	3500-4000 Years	3500	Mean Log Effective Population Size	10.2759
Northern Segment	Corridor Segment	3500-4000 Years	3500	Net Change in Log Effective Population Size	-0.05158
Northern Segment	Corridor Segment	3500-4000 Years	3500	Mean Rate of Change	-1.3e-4
Northern Segment	Corridor Segment	3500-4000 Years	3500	Fluctuation Amplitude	0.08734
Northern Segment	Corridor Segment	3500-4000 Years	3500	Time of Maximum Expansion	3600
Northern Segment	Corridor Segment	3500-4000 Years	3500	Maximum Expansion Rate	0.18202
Northern Segment	Corridor Segment	3500-4000 Years	3500	Time of Maximum Contraction	4000
Northern Segment	Corridor Segment	3500-4000 Years	3500	Maximum Contraction Rate	0.03424
Panxi and Liangshan	Sichuan Region	3500-4000 Years	3500	Mean Log Effective Population Size	9.7437
Panxi and Liangshan	Sichuan Region	3500-4000 Years	3500	Net Change in Log Effective Population Size	-0.14393
Panxi and Liangshan	Sichuan Region	3500-4000 Years	3500	Mean Rate of Change	-3.6e-4
Panxi and Liangshan	Sichuan Region	3500-4000 Years	3500	Fluctuation Amplitude	0.14393
Panxi and Liangshan	Sichuan Region	3500-4000 Years	3500	Time of Maximum Expansion	4000
Panxi and Liangshan	Sichuan Region	3500-4000 Years	3500	Maximum Expansion Rate	-0.08219
Panxi and Liangshan	Sichuan Region	3500-4000 Years	3500	Time of Maximum Contraction	3600
Panxi and Liangshan	Sichuan Region	3500-4000 Years	3500	Maximum Contraction Rate	-0.34257
Qinghai-Tibet Plateau Core	Highland	3500-4000 Years	3500	Mean Log Effective Population Size	9.05623
Qinghai-Tibet Plateau Core	Highland	3500-4000 Years	3500	Net Change in Log Effective Population Size	-0.08714
Qinghai-Tibet Plateau Core	Highland	3500-4000 Years	3500	Mean Rate of Change	-2.2e-4
Qinghai-Tibet Plateau Core	Highland	3500-4000 Years	3500	Fluctuation Amplitude	0.10151
Qinghai-Tibet Plateau Core	Highland	3500-4000 Years	3500	Time of Maximum Expansion	3600
Qinghai-Tibet Plateau Core	Highland	3500-4000 Years	3500	Maximum Expansion Rate	0.03364
Qinghai-Tibet Plateau Core	Highland	3500-4000 Years	3500	Time of Maximum Contraction	4000
Qinghai-Tibet Plateau Core	Highland	3500-4000 Years	3500	Maximum Contraction Rate	-0.10396
Sichuan Basin	Sichuan Region	3500-4000 Years	3500	Mean Log Effective Population Size	10.68158
Sichuan Basin	Sichuan Region	3500-4000 Years	3500	Net Change in Log Effective Population Size	-0.49958
Sichuan Basin	Sichuan Region	3500-4000 Years	3500	Mean Rate of Change	-0.00125
Sichuan Basin	Sichuan Region	3500-4000 Years	3500	Fluctuation Amplitude	0.49958
Sichuan Basin	Sichuan Region	3500-4000 Years	3500	Time of Maximum Expansion	3600
Sichuan Basin	Sichuan Region	3500-4000 Years	3500	Maximum Expansion Rate	-0.17713
Sichuan Basin	Sichuan Region	3500-4000 Years	3500	Time of Maximum Contraction	4000
Sichuan Basin	Sichuan Region	3500-4000 Years	3500	Maximum Contraction Rate	-0.60325
Southern Segment	Corridor Segment	3500-4000 Years	3500	Mean Log Effective Population Size	10.30211
Southern Segment	Corridor Segment	3500-4000 Years	3500	Net Change in Log Effective Population Size	-0.27259
Southern Segment	Corridor Segment	3500-4000 Years	3500	Mean Rate of Change	-6.8e-4
Southern Segment	Corridor Segment	3500-4000 Years	3500	Fluctuation Amplitude	0.29078
Southern Segment	Corridor Segment	3500-4000 Years	3500	Time of Maximum Expansion	3600
Southern Segment	Corridor Segment	3500-4000 Years	3500	Maximum Expansion Rate	0.23835
Southern Segment	Corridor Segment	3500-4000 Years	3500	Time of Maximum Contraction	4000
Southern Segment	Corridor Segment	3500-4000 Years	3500	Maximum Contraction Rate	-0.5516
Western Highland	Highland	3500-4000 Years	3500	Mean Log Effective Population Size	8.67236
Western Highland	Highland	3500-4000 Years	3500	Net Change in Log Effective Population Size	-0.10544
Western Highland	Highland	3500-4000 Years	3500	Mean Rate of Change	-2.6e-4
Western Highland	Highland	3500-4000 Years	3500	Fluctuation Amplitude	0.11313
Western Highland	Highland	3500-4000 Years	3500	Time of Maximum Expansion	3600
Western Highland	Highland	3500-4000 Years	3500	Maximum Expansion Rate	0.07921
Western Highland	Highland	3500-4000 Years	3500	Time of Maximum Contraction	4000
Western Highland	Highland	3500-4000 Years	3500	Maximum Contraction Rate	-0.09499
Central Segment	Corridor Segment	4000-4500 Years	4000	Mean Log Effective Population Size	10.00116
Central Segment	Corridor Segment	4000-4500 Years	4000	Net Change in Log Effective Population Size	0.0116
Central Segment	Corridor Segment	4000-4500 Years	4000	Mean Rate of Change	3e-5
Central Segment	Corridor Segment	4000-4500 Years	4000	Fluctuation Amplitude	0.06356
Central Segment	Corridor Segment	4000-4500 Years	4000	Time of Maximum Expansion	4400
Central Segment	Corridor Segment	4000-4500 Years	4000	Maximum Expansion Rate	0.28614
Central Segment	Corridor Segment	4000-4500 Years	4000	Time of Maximum Contraction	4000
Central Segment	Corridor Segment	4000-4500 Years	4000	Maximum Contraction Rate	-0.00739
North China	Northern Lowland	4000-4500 Years	4000	Mean Log Effective Population Size	10.07225
North China	Northern Lowland	4000-4500 Years	4000	Net Change in Log Effective Population Size	0.23731
North China	Northern Lowland	4000-4500 Years	4000	Mean Rate of Change	5.9e-4
North China	Northern Lowland	4000-4500 Years	4000	Fluctuation Amplitude	0.23731
North China	Northern Lowland	4000-4500 Years	4000	Time of Maximum Expansion	4000
North China	Northern Lowland	4000-4500 Years	4000	Maximum Expansion Rate	0.54507
North China	Northern Lowland	4000-4500 Years	4000	Time of Maximum Contraction	4400
North China	Northern Lowland	4000-4500 Years	4000	Maximum Contraction Rate	0.20663
Northern Segment	Corridor Segment	4000-4500 Years	4000	Mean Log Effective Population Size	10.31145
Northern Segment	Corridor Segment	4000-4500 Years	4000	Net Change in Log Effective Population Size	-4.3e-4
Northern Segment	Corridor Segment	4000-4500 Years	4000	Mean Rate of Change	-0
Northern Segment	Corridor Segment	4000-4500 Years	4000	Fluctuation Amplitude	0.06346
Northern Segment	Corridor Segment	4000-4500 Years	4000	Time of Maximum Expansion	4400
Northern Segment	Corridor Segment	4000-4500 Years	4000	Maximum Expansion Rate	0.16419
Northern Segment	Corridor Segment	4000-4500 Years	4000	Time of Maximum Contraction	4000
Northern Segment	Corridor Segment	4000-4500 Years	4000	Maximum Contraction Rate	0.02823
Panxi and Liangshan	Sichuan Region	4000-4500 Years	4000	Mean Log Effective Population Size	9.79726
Panxi and Liangshan	Sichuan Region	4000-4500 Years	4000	Net Change in Log Effective Population Size	0.05854
Panxi and Liangshan	Sichuan Region	4000-4500 Years	4000	Mean Rate of Change	1.5e-4
Panxi and Liangshan	Sichuan Region	4000-4500 Years	4000	Fluctuation Amplitude	0.0599
Panxi and Liangshan	Sichuan Region	4000-4500 Years	4000	Time of Maximum Expansion	4400
Panxi and Liangshan	Sichuan Region	4000-4500 Years	4000	Maximum Expansion Rate	0.32603
Panxi and Liangshan	Sichuan Region	4000-4500 Years	4000	Time of Maximum Contraction	4000
Panxi and Liangshan	Sichuan Region	4000-4500 Years	4000	Maximum Contraction Rate	-0.08219
Qinghai-Tibet Plateau Core	Highland	4000-4500 Years	4000	Mean Log Effective Population Size	9.13418
Qinghai-Tibet Plateau Core	Highland	4000-4500 Years	4000	Net Change in Log Effective Population Size	-0.06184
Qinghai-Tibet Plateau Core	Highland	4000-4500 Years	4000	Mean Rate of Change	-1.5e-4
Qinghai-Tibet Plateau Core	Highland	4000-4500 Years	4000	Fluctuation Amplitude	0.07032
Qinghai-Tibet Plateau Core	Highland	4000-4500 Years	4000	Time of Maximum Expansion	4400
Qinghai-Tibet Plateau Core	Highland	4000-4500 Years	4000	Maximum Expansion Rate	-5.6e-4
Qinghai-Tibet Plateau Core	Highland	4000-4500 Years	4000	Time of Maximum Contraction	4000
Qinghai-Tibet Plateau Core	Highland	4000-4500 Years	4000	Maximum Contraction Rate	-0.13628
Sichuan Basin	Sichuan Region	4000-4500 Years	4000	Mean Log Effective Population Size	11.20504
Sichuan Basin	Sichuan Region	4000-4500 Years	4000	Net Change in Log Effective Population Size	-0.41651
Sichuan Basin	Sichuan Region	4000-4500 Years	4000	Mean Rate of Change	-0.00104
Sichuan Basin	Sichuan Region	4000-4500 Years	4000	Fluctuation Amplitude	0.41651
Sichuan Basin	Sichuan Region	4000-4500 Years	4000	Time of Maximum Expansion	4400
Sichuan Basin	Sichuan Region	4000-4500 Years	4000	Maximum Expansion Rate	-0.07295
Sichuan Basin	Sichuan Region	4000-4500 Years	4000	Time of Maximum Contraction	4000
Sichuan Basin	Sichuan Region	4000-4500 Years	4000	Maximum Contraction Rate	-0.60634
Southern Segment	Corridor Segment	4000-4500 Years	4000	Mean Log Effective Population Size	10.73504
Southern Segment	Corridor Segment	4000-4500 Years	4000	Net Change in Log Effective Population Size	-0.53045
Southern Segment	Corridor Segment	4000-4500 Years	4000	Mean Rate of Change	-0.00133
Southern Segment	Corridor Segment	4000-4500 Years	4000	Fluctuation Amplitude	0.53045
Southern Segment	Corridor Segment	4000-4500 Years	4000	Time of Maximum Expansion	4400
Southern Segment	Corridor Segment	4000-4500 Years	4000	Maximum Expansion Rate	-0.24533
Southern Segment	Corridor Segment	4000-4500 Years	4000	Time of Maximum Contraction	4200
Southern Segment	Corridor Segment	4000-4500 Years	4000	Maximum Contraction Rate	-0.69349
Western Highland	Highland	4000-4500 Years	4000	Mean Log Effective Population Size	8.78324
Western Highland	Highland	4000-4500 Years	4000	Net Change in Log Effective Population Size	-0.05975
Western Highland	Highland	4000-4500 Years	4000	Mean Rate of Change	-1.5e-4
Western Highland	Highland	4000-4500 Years	4000	Fluctuation Amplitude	0.07116
Western Highland	Highland	4000-4500 Years	4000	Time of Maximum Expansion	4400
Western Highland	Highland	4000-4500 Years	4000	Maximum Expansion Rate	-0.00181
Western Highland	Highland	4000-4500 Years	4000	Time of Maximum Contraction	4000
Western Highland	Highland	4000-4500 Years	4000	Maximum Contraction Rate	-0.12377
Central Segment	Corridor Segment	4500-5000 Years	4500	Mean Log Effective Population Size	9.72181
Central Segment	Corridor Segment	4500-5000 Years	4500	Net Change in Log Effective Population Size	0.27111
Central Segment	Corridor Segment	4500-5000 Years	4500	Mean Rate of Change	6.8e-4
Central Segment	Corridor Segment	4500-5000 Years	4500	Fluctuation Amplitude	0.27111
Central Segment	Corridor Segment	4500-5000 Years	4500	Time of Maximum Expansion	5000
Central Segment	Corridor Segment	4500-5000 Years	4500	Maximum Expansion Rate	0.50295
Central Segment	Corridor Segment	4500-5000 Years	4500	Time of Maximum Contraction	4600
Central Segment	Corridor Segment	4500-5000 Years	4500	Maximum Contraction Rate	0.41464
North China	Northern Lowland	4500-5000 Years	4500	Mean Log Effective Population Size	10.0602
North China	Northern Lowland	4500-5000 Years	4500	Net Change in Log Effective Population Size	-0.17862
North China	Northern Lowland	4500-5000 Years	4500	Mean Rate of Change	-4.5e-4
North China	Northern Lowland	4500-5000 Years	4500	Fluctuation Amplitude	0.1797
North China	Northern Lowland	4500-5000 Years	4500	Time of Maximum Expansion	4600
North China	Northern Lowland	4500-5000 Years	4500	Maximum Expansion Rate	-0.03196
North China	Northern Lowland	4500-5000 Years	4500	Time of Maximum Contraction	5000
North China	Northern Lowland	4500-5000 Years	4500	Maximum Contraction Rate	-0.34831
Northern Segment	Corridor Segment	4500-5000 Years	4500	Mean Log Effective Population Size	10.19844
Northern Segment	Corridor Segment	4500-5000 Years	4500	Net Change in Log Effective Population Size	0.1404
Northern Segment	Corridor Segment	4500-5000 Years	4500	Mean Rate of Change	3.5e-4
Northern Segment	Corridor Segment	4500-5000 Years	4500	Fluctuation Amplitude	0.14965
Northern Segment	Corridor Segment	4500-5000 Years	4500	Time of Maximum Expansion	5000
Northern Segment	Corridor Segment	4500-5000 Years	4500	Maximum Expansion Rate	0.33217
Northern Segment	Corridor Segment	4500-5000 Years	4500	Time of Maximum Contraction	4600
Northern Segment	Corridor Segment	4500-5000 Years	4500	Maximum Contraction Rate	0.21447
Panxi and Liangshan	Sichuan Region	4500-5000 Years	4500	Mean Log Effective Population Size	9.52667
Panxi and Liangshan	Sichuan Region	4500-5000 Years	4500	Net Change in Log Effective Population Size	0.27698
Panxi and Liangshan	Sichuan Region	4500-5000 Years	4500	Mean Rate of Change	6.9e-4
Panxi and Liangshan	Sichuan Region	4500-5000 Years	4500	Fluctuation Amplitude	0.27698
Panxi and Liangshan	Sichuan Region	4500-5000 Years	4500	Time of Maximum Expansion	4800
Panxi and Liangshan	Sichuan Region	4500-5000 Years	4500	Maximum Expansion Rate	0.49485
Panxi and Liangshan	Sichuan Region	4500-5000 Years	4500	Time of Maximum Contraction	4600
Panxi and Liangshan	Sichuan Region	4500-5000 Years	4500	Maximum Contraction Rate	0.43999
Qinghai-Tibet Plateau Core	Highland	4500-5000 Years	4500	Mean Log Effective Population Size	9.14412
Qinghai-Tibet Plateau Core	Highland	4500-5000 Years	4500	Net Change in Log Effective Population Size	0.05328
Qinghai-Tibet Plateau Core	Highland	4500-5000 Years	4500	Mean Rate of Change	1.3e-4
Qinghai-Tibet Plateau Core	Highland	4500-5000 Years	4500	Fluctuation Amplitude	0.09994
Qinghai-Tibet Plateau Core	Highland	4500-5000 Years	4500	Time of Maximum Expansion	5000
Qinghai-Tibet Plateau Core	Highland	4500-5000 Years	4500	Maximum Expansion Rate	0.11708
Qinghai-Tibet Plateau Core	Highland	4500-5000 Years	4500	Time of Maximum Contraction	4600
Qinghai-Tibet Plateau Core	Highland	4500-5000 Years	4500	Maximum Contraction Rate	0.02121
Sichuan Basin	Sichuan Region	4500-5000 Years	4500	Mean Log Effective Population Size	11.05421
Sichuan Basin	Sichuan Region	4500-5000 Years	4500	Net Change in Log Effective Population Size	0.56014
Sichuan Basin	Sichuan Region	4500-5000 Years	4500	Mean Rate of Change	0.0014
Sichuan Basin	Sichuan Region	4500-5000 Years	4500	Fluctuation Amplitude	0.56014
Sichuan Basin	Sichuan Region	4500-5000 Years	4500	Time of Maximum Expansion	5000
Sichuan Basin	Sichuan Region	4500-5000 Years	4500	Maximum Expansion Rate	0.98883
Sichuan Basin	Sichuan Region	4500-5000 Years	4500	Time of Maximum Contraction	4600
Sichuan Basin	Sichuan Region	4500-5000 Years	4500	Maximum Contraction Rate	0.40322
Southern Segment	Corridor Segment	4500-5000 Years	4500	Mean Log Effective Population Size	10.99216
Southern Segment	Corridor Segment	4500-5000 Years	4500	Net Change in Log Effective Population Size	0.32433
Southern Segment	Corridor Segment	4500-5000 Years	4500	Mean Rate of Change	8.1e-4
Southern Segment	Corridor Segment	4500-5000 Years	4500	Fluctuation Amplitude	0.32625
Southern Segment	Corridor Segment	4500-5000 Years	4500	Time of Maximum Expansion	5000
Southern Segment	Corridor Segment	4500-5000 Years	4500	Maximum Expansion Rate	0.9189
Southern Segment	Corridor Segment	4500-5000 Years	4500	Time of Maximum Contraction	4600
Southern Segment	Corridor Segment	4500-5000 Years	4500	Maximum Contraction Rate	0.08833
Western Highland	Highland	4500-5000 Years	4500	Mean Log Effective Population Size	8.77611
Western Highland	Highland	4500-5000 Years	4500	Net Change in Log Effective Population Size	0.05926
Western Highland	Highland	4500-5000 Years	4500	Mean Rate of Change	1.5e-4
Western Highland	Highland	4500-5000 Years	4500	Fluctuation Amplitude	0.09803
Western Highland	Highland	4500-5000 Years	4500	Time of Maximum Expansion	5000
Western Highland	Highland	4500-5000 Years	4500	Maximum Expansion Rate	0.13604
Western Highland	Highland	4500-5000 Years	4500	Time of Maximum Contraction	4600
Western Highland	Highland	4500-5000 Years	4500	Maximum Contraction Rate	0.03052
Central Segment	Corridor Segment	5000-5500 Years	5000	Mean Log Effective Population Size	9.4945
Central Segment	Corridor Segment	5000-5500 Years	5000	Net Change in Log Effective Population Size	0.20957
Central Segment	Corridor Segment	5000-5500 Years	5000	Mean Rate of Change	5.2e-4
Central Segment	Corridor Segment	5000-5500 Years	5000	Fluctuation Amplitude	0.20957
Central Segment	Corridor Segment	5000-5500 Years	5000	Time of Maximum Expansion	5300
Central Segment	Corridor Segment	5000-5500 Years	5000	Maximum Expansion Rate	0.56209
Central Segment	Corridor Segment	5000-5500 Years	5000	Time of Maximum Contraction	5000
Central Segment	Corridor Segment	5000-5500 Years	5000	Maximum Contraction Rate	0.44342
North China	Northern Lowland	5000-5500 Years	5000	Mean Log Effective Population Size	10.2643
North China	Northern Lowland	5000-5500 Years	5000	Net Change in Log Effective Population Size	-0.20481
North China	Northern Lowland	5000-5500 Years	5000	Mean Rate of Change	-5.1e-4
North China	Northern Lowland	5000-5500 Years	5000	Fluctuation Amplitude	0.20481
North China	Northern Lowland	5000-5500 Years	5000	Time of Maximum Expansion	5000
North China	Northern Lowland	5000-5500 Years	5000	Maximum Expansion Rate	-0.29534
North China	Northern Lowland	5000-5500 Years	5000	Time of Maximum Contraction	5200
North China	Northern Lowland	5000-5500 Years	5000	Maximum Contraction Rate	-0.43174
Northern Segment	Corridor Segment	5000-5500 Years	5000	Mean Log Effective Population Size	10.04041
Northern Segment	Corridor Segment	5000-5500 Years	5000	Net Change in Log Effective Population Size	0.15927
Northern Segment	Corridor Segment	5000-5500 Years	5000	Mean Rate of Change	4e-4
Northern Segment	Corridor Segment	5000-5500 Years	5000	Fluctuation Amplitude	0.15927
Northern Segment	Corridor Segment	5000-5500 Years	5000	Time of Maximum Expansion	5200
Northern Segment	Corridor Segment	5000-5500 Years	5000	Maximum Expansion Rate	0.36124
Northern Segment	Corridor Segment	5000-5500 Years	5000	Time of Maximum Contraction	5400
Northern Segment	Corridor Segment	5000-5500 Years	5000	Maximum Contraction Rate	0.23942
Panxi and Liangshan	Sichuan Region	5000-5500 Years	5000	Mean Log Effective Population Size	9.23101
Panxi and Liangshan	Sichuan Region	5000-5500 Years	5000	Net Change in Log Effective Population Size	0.23259
Panxi and Liangshan	Sichuan Region	5000-5500 Years	5000	Mean Rate of Change	5.8e-4
Panxi and Liangshan	Sichuan Region	5000-5500 Years	5000	Fluctuation Amplitude	0.23259
Panxi and Liangshan	Sichuan Region	5000-5500 Years	5000	Time of Maximum Expansion	5000
Panxi and Liangshan	Sichuan Region	5000-5500 Years	5000	Maximum Expansion Rate	0.49485
Panxi and Liangshan	Sichuan Region	5000-5500 Years	5000	Time of Maximum Contraction	5400
Panxi and Liangshan	Sichuan Region	5000-5500 Years	5000	Maximum Contraction Rate	0.33687
Qinghai-Tibet Plateau Core	Highland	5000-5500 Years	5000	Mean Log Effective Population Size	9.09281
Qinghai-Tibet Plateau Core	Highland	5000-5500 Years	5000	Net Change in Log Effective Population Size	0.05599
Qinghai-Tibet Plateau Core	Highland	5000-5500 Years	5000	Mean Rate of Change	1.4e-4
Qinghai-Tibet Plateau Core	Highland	5000-5500 Years	5000	Fluctuation Amplitude	0.07754
Qinghai-Tibet Plateau Core	Highland	5000-5500 Years	5000	Time of Maximum Expansion	5200
Qinghai-Tibet Plateau Core	Highland	5000-5500 Years	5000	Maximum Expansion Rate	0.15668
Qinghai-Tibet Plateau Core	Highland	5000-5500 Years	5000	Time of Maximum Contraction	5200
Qinghai-Tibet Plateau Core	Highland	5000-5500 Years	5000	Maximum Contraction Rate	0.05688
Sichuan Basin	Sichuan Region	5000-5500 Years	5000	Mean Log Effective Population Size	10.4462
Sichuan Basin	Sichuan Region	5000-5500 Years	5000	Net Change in Log Effective Population Size	0.56409
Sichuan Basin	Sichuan Region	5000-5500 Years	5000	Mean Rate of Change	0.00141
Sichuan Basin	Sichuan Region	5000-5500 Years	5000	Fluctuation Amplitude	0.56409
Sichuan Basin	Sichuan Region	5000-5500 Years	5000	Time of Maximum Expansion	5000
Sichuan Basin	Sichuan Region	5000-5500 Years	5000	Maximum Expansion Rate	1.0036
Sichuan Basin	Sichuan Region	5000-5500 Years	5000	Time of Maximum Contraction	5400
Sichuan Basin	Sichuan Region	5000-5500 Years	5000	Maximum Contraction Rate	0.58388
Southern Segment	Corridor Segment	5000-5500 Years	5000	Mean Log Effective Population Size	10.4656
Southern Segment	Corridor Segment	5000-5500 Years	5000	Net Change in Log Effective Population Size	0.63619
Southern Segment	Corridor Segment	5000-5500 Years	5000	Mean Rate of Change	0.00159
Southern Segment	Corridor Segment	5000-5500 Years	5000	Fluctuation Amplitude	0.63619
Southern Segment	Corridor Segment	5000-5500 Years	5000	Time of Maximum Expansion	5300
Southern Segment	Corridor Segment	5000-5500 Years	5000	Maximum Expansion Rate	1.152
Southern Segment	Corridor Segment	5000-5500 Years	5000	Time of Maximum Contraction	5000
Southern Segment	Corridor Segment	5000-5500 Years	5000	Maximum Contraction Rate	0.83842
Western Highland	Highland	5000-5500 Years	5000	Mean Log Effective Population Size	8.71357
Western Highland	Highland	5000-5500 Years	5000	Net Change in Log Effective Population Size	0.06422
Western Highland	Highland	5000-5500 Years	5000	Mean Rate of Change	1.6e-4
Western Highland	Highland	5000-5500 Years	5000	Fluctuation Amplitude	0.08079
Western Highland	Highland	5000-5500 Years	5000	Time of Maximum Expansion	5400
Western Highland	Highland	5000-5500 Years	5000	Maximum Expansion Rate	0.20752
Western Highland	Highland	5000-5500 Years	5000	Time of Maximum Contraction	5000
Western Highland	Highland	5000-5500 Years	5000	Maximum Contraction Rate	0.06774
Central Segment	Corridor Segment	5500-6000 Years	5500	Mean Log Effective Population Size	9.20148
Central Segment	Corridor Segment	5500-6000 Years	5500	Net Change in Log Effective Population Size	0.16941
Central Segment	Corridor Segment	5500-6000 Years	5500	Mean Rate of Change	4.2e-4
Central Segment	Corridor Segment	5500-6000 Years	5500	Fluctuation Amplitude	0.16941
Central Segment	Corridor Segment	5500-6000 Years	5500	Time of Maximum Expansion	5600
Central Segment	Corridor Segment	5500-6000 Years	5500	Maximum Expansion Rate	0.5197
Central Segment	Corridor Segment	5500-6000 Years	5500	Time of Maximum Contraction	6000
Central Segment	Corridor Segment	5500-6000 Years	5500	Maximum Contraction Rate	0.42565
North China	Northern Lowland	5500-6000 Years	5500	Mean Log Effective Population Size	10.49278
North China	Northern Lowland	5500-6000 Years	5500	Net Change in Log Effective Population Size	-0.09919
North China	Northern Lowland	5500-6000 Years	5500	Mean Rate of Change	-2.5e-4
North China	Northern Lowland	5500-6000 Years	5500	Fluctuation Amplitude	0.13497
North China	Northern Lowland	5500-6000 Years	5500	Time of Maximum Expansion	6000
North China	Northern Lowland	5500-6000 Years	5500	Maximum Expansion Rate	-0.06644
North China	Northern Lowland	5500-6000 Years	5500	Time of Maximum Contraction	5600
North China	Northern Lowland	5500-6000 Years	5500	Maximum Contraction Rate	-0.26539
Northern Segment	Corridor Segment	5500-6000 Years	5500	Mean Log Effective Population Size	9.86759
Northern Segment	Corridor Segment	5500-6000 Years	5500	Net Change in Log Effective Population Size	0.06251
Northern Segment	Corridor Segment	5500-6000 Years	5500	Mean Rate of Change	1.6e-4
Northern Segment	Corridor Segment	5500-6000 Years	5500	Fluctuation Amplitude	0.08887
Northern Segment	Corridor Segment	5500-6000 Years	5500	Time of Maximum Expansion	5600
Northern Segment	Corridor Segment	5500-6000 Years	5500	Maximum Expansion Rate	0.26884
Northern Segment	Corridor Segment	5500-6000 Years	5500	Time of Maximum Contraction	6000
Northern Segment	Corridor Segment	5500-6000 Years	5500	Maximum Contraction Rate	0.15576
Panxi and Liangshan	Sichuan Region	5500-6000 Years	5500	Mean Log Effective Population Size	9.10018
Panxi and Liangshan	Sichuan Region	5500-6000 Years	5500	Net Change in Log Effective Population Size	-0.04866
Panxi and Liangshan	Sichuan Region	5500-6000 Years	5500	Mean Rate of Change	-1.2e-4
Panxi and Liangshan	Sichuan Region	5500-6000 Years	5500	Fluctuation Amplitude	0.04888
Panxi and Liangshan	Sichuan Region	5500-6000 Years	5500	Time of Maximum Expansion	5600
Panxi and Liangshan	Sichuan Region	5500-6000 Years	5500	Maximum Expansion Rate	0.28279
Panxi and Liangshan	Sichuan Region	5500-6000 Years	5500	Time of Maximum Contraction	5800
Panxi and Liangshan	Sichuan Region	5500-6000 Years	5500	Maximum Contraction Rate	0.13812
Qinghai-Tibet Plateau Core	Highland	5500-6000 Years	5500	Mean Log Effective Population Size	9.01661
Qinghai-Tibet Plateau Core	Highland	5500-6000 Years	5500	Net Change in Log Effective Population Size	0.02804
Qinghai-Tibet Plateau Core	Highland	5500-6000 Years	5500	Mean Rate of Change	7e-5
Qinghai-Tibet Plateau Core	Highland	5500-6000 Years	5500	Fluctuation Amplitude	0.08412
Qinghai-Tibet Plateau Core	Highland	5500-6000 Years	5500	Time of Maximum Expansion	5600
Qinghai-Tibet Plateau Core	Highland	5500-6000 Years	5500	Maximum Expansion Rate	0.13198
Qinghai-Tibet Plateau Core	Highland	5500-6000 Years	5500	Time of Maximum Contraction	6000
Qinghai-Tibet Plateau Core	Highland	5500-6000 Years	5500	Maximum Contraction Rate	0.04562
Sichuan Basin	Sichuan Region	5500-6000 Years	5500	Mean Log Effective Population Size	10.18941
Sichuan Basin	Sichuan Region	5500-6000 Years	5500	Net Change in Log Effective Population Size	-0.20841
Sichuan Basin	Sichuan Region	5500-6000 Years	5500	Mean Rate of Change	-5.2e-4
Sichuan Basin	Sichuan Region	5500-6000 Years	5500	Fluctuation Amplitude	0.22082
Sichuan Basin	Sichuan Region	5500-6000 Years	5500	Time of Maximum Expansion	5600
Sichuan Basin	Sichuan Region	5500-6000 Years	5500	Maximum Expansion Rate	0.21986
Sichuan Basin	Sichuan Region	5500-6000 Years	5500	Time of Maximum Contraction	6000
Sichuan Basin	Sichuan Region	5500-6000 Years	5500	Maximum Contraction Rate	-0.15635
Southern Segment	Corridor Segment	5500-6000 Years	5500	Mean Log Effective Population Size	9.69818
Southern Segment	Corridor Segment	5500-6000 Years	5500	Net Change in Log Effective Population Size	0.27475
Southern Segment	Corridor Segment	5500-6000 Years	5500	Mean Rate of Change	6.9e-4
Southern Segment	Corridor Segment	5500-6000 Years	5500	Fluctuation Amplitude	0.27475
Southern Segment	Corridor Segment	5500-6000 Years	5500	Time of Maximum Expansion	5600
Southern Segment	Corridor Segment	5500-6000 Years	5500	Maximum Expansion Rate	0.94616
Southern Segment	Corridor Segment	5500-6000 Years	5500	Time of Maximum Contraction	6000
Southern Segment	Corridor Segment	5500-6000 Years	5500	Maximum Contraction Rate	0.4818
Western Highland	Highland	5500-6000 Years	5500	Mean Log Effective Population Size	8.60788
Western Highland	Highland	5500-6000 Years	5500	Net Change in Log Effective Population Size	0.07592
Western Highland	Highland	5500-6000 Years	5500	Mean Rate of Change	1.9e-4
Western Highland	Highland	5500-6000 Years	5500	Fluctuation Amplitude	0.11786
Western Highland	Highland	5500-6000 Years	5500	Time of Maximum Expansion	5600
Western Highland	Highland	5500-6000 Years	5500	Maximum Expansion Rate	0.19393
Western Highland	Highland	5500-6000 Years	5500	Time of Maximum Contraction	6000
Western Highland	Highland	5500-6000 Years	5500	Maximum Contraction Rate	0.12215
Central Segment	Corridor Segment	6000-6500 Years	6000	Mean Log Effective Population Size	9.00683
Central Segment	Corridor Segment	6000-6500 Years	6000	Net Change in Log Effective Population Size	0.22286
Central Segment	Corridor Segment	6000-6500 Years	6000	Mean Rate of Change	5.6e-4
Central Segment	Corridor Segment	6000-6500 Years	6000	Fluctuation Amplitude	0.22286
Central Segment	Corridor Segment	6000-6500 Years	6000	Time of Maximum Expansion	6000
Central Segment	Corridor Segment	6000-6500 Years	6000	Maximum Expansion Rate	0.43991
Central Segment	Corridor Segment	6000-6500 Years	6000	Time of Maximum Contraction	6400
Central Segment	Corridor Segment	6000-6500 Years	6000	Maximum Contraction Rate	0.38628
North China	Northern Lowland	6000-6500 Years	6000	Mean Log Effective Population Size	10.52106
North China	Northern Lowland	6000-6500 Years	6000	Net Change in Log Effective Population Size	0.0384
North China	Northern Lowland	6000-6500 Years	6000	Mean Rate of Change	1e-4
North China	Northern Lowland	6000-6500 Years	6000	Fluctuation Amplitude	0.06899
North China	Northern Lowland	6000-6500 Years	6000	Time of Maximum Expansion	6400
North China	Northern Lowland	6000-6500 Years	6000	Maximum Expansion Rate	0.2129
North China	Northern Lowland	6000-6500 Years	6000	Time of Maximum Contraction	6000
North China	Northern Lowland	6000-6500 Years	6000	Maximum Contraction Rate	-0.0857
Northern Segment	Corridor Segment	6000-6500 Years	6000	Mean Log Effective Population Size	9.80853
Northern Segment	Corridor Segment	6000-6500 Years	6000	Net Change in Log Effective Population Size	0.06414
Northern Segment	Corridor Segment	6000-6500 Years	6000	Mean Rate of Change	1.6e-4
Northern Segment	Corridor Segment	6000-6500 Years	6000	Fluctuation Amplitude	0.0799
Northern Segment	Corridor Segment	6000-6500 Years	6000	Time of Maximum Expansion	6000
Northern Segment	Corridor Segment	6000-6500 Years	6000	Maximum Expansion Rate	0.22315
Northern Segment	Corridor Segment	6000-6500 Years	6000	Time of Maximum Contraction	6400
Northern Segment	Corridor Segment	6000-6500 Years	6000	Maximum Contraction Rate	0.09251
Panxi and Liangshan	Sichuan Region	6000-6500 Years	6000	Mean Log Effective Population Size	9.08025
Panxi and Liangshan	Sichuan Region	6000-6500 Years	6000	Net Change in Log Effective Population Size	0.11794
Panxi and Liangshan	Sichuan Region	6000-6500 Years	6000	Mean Rate of Change	2.9e-4
Panxi and Liangshan	Sichuan Region	6000-6500 Years	6000	Fluctuation Amplitude	0.11956
Panxi and Liangshan	Sichuan Region	6000-6500 Years	6000	Time of Maximum Expansion	6400
Panxi and Liangshan	Sichuan Region	6000-6500 Years	6000	Maximum Expansion Rate	0.38378
Panxi and Liangshan	Sichuan Region	6000-6500 Years	6000	Time of Maximum Contraction	6000
Panxi and Liangshan	Sichuan Region	6000-6500 Years	6000	Maximum Contraction Rate	0.19084
Qinghai-Tibet Plateau Core	Highland	6000-6500 Years	6000	Mean Log Effective Population Size	8.97376
Qinghai-Tibet Plateau Core	Highland	6000-6500 Years	6000	Net Change in Log Effective Population Size	0.03532
Qinghai-Tibet Plateau Core	Highland	6000-6500 Years	6000	Mean Rate of Change	9e-5
Qinghai-Tibet Plateau Core	Highland	6000-6500 Years	6000	Fluctuation Amplitude	0.0727
Qinghai-Tibet Plateau Core	Highland	6000-6500 Years	6000	Time of Maximum Expansion	6000
Qinghai-Tibet Plateau Core	Highland	6000-6500 Years	6000	Maximum Expansion Rate	0.17172
Qinghai-Tibet Plateau Core	Highland	6000-6500 Years	6000	Time of Maximum Contraction	6400
Qinghai-Tibet Plateau Core	Highland	6000-6500 Years	6000	Maximum Contraction Rate	0.02846
Sichuan Basin	Sichuan Region	6000-6500 Years	6000	Mean Log Effective Population Size	10.45602
Sichuan Basin	Sichuan Region	6000-6500 Years	6000	Net Change in Log Effective Population Size	-0.26306
Sichuan Basin	Sichuan Region	6000-6500 Years	6000	Mean Rate of Change	-6.6e-4
Sichuan Basin	Sichuan Region	6000-6500 Years	6000	Fluctuation Amplitude	0.26744
Sichuan Basin	Sichuan Region	6000-6500 Years	6000	Time of Maximum Expansion	6400
Sichuan Basin	Sichuan Region	6000-6500 Years	6000	Maximum Expansion Rate	0.2353
Sichuan Basin	Sichuan Region	6000-6500 Years	6000	Time of Maximum Contraction	6000
Sichuan Basin	Sichuan Region	6000-6500 Years	6000	Maximum Contraction Rate	-0.15069
Southern Segment	Corridor Segment	6000-6500 Years	6000	Mean Log Effective Population Size	9.6126
Southern Segment	Corridor Segment	6000-6500 Years	6000	Net Change in Log Effective Population Size	-0.05609
Southern Segment	Corridor Segment	6000-6500 Years	6000	Mean Rate of Change	-1.4e-4
Southern Segment	Corridor Segment	6000-6500 Years	6000	Fluctuation Amplitude	0.14782
Southern Segment	Corridor Segment	6000-6500 Years	6000	Time of Maximum Expansion	6000
Southern Segment	Corridor Segment	6000-6500 Years	6000	Maximum Expansion Rate	0.49784
Southern Segment	Corridor Segment	6000-6500 Years	6000	Time of Maximum Contraction	6400
Southern Segment	Corridor Segment	6000-6500 Years	6000	Maximum Contraction Rate	0.21834
Western Highland	Highland	6000-6500 Years	6000	Mean Log Effective Population Size	8.56091
Western Highland	Highland	6000-6500 Years	6000	Net Change in Log Effective Population Size	0.06456
Western Highland	Highland	6000-6500 Years	6000	Mean Rate of Change	1.6e-4
Western Highland	Highland	6000-6500 Years	6000	Fluctuation Amplitude	0.09018
Western Highland	Highland	6000-6500 Years	6000	Time of Maximum Expansion	6000
Western Highland	Highland	6000-6500 Years	6000	Maximum Expansion Rate	0.18495
Western Highland	Highland	6000-6500 Years	6000	Time of Maximum Contraction	6400
Western Highland	Highland	6000-6500 Years	6000	Maximum Contraction Rate	0.0456
Central Segment	Corridor Segment	6500-7000 Years	6500	Mean Log Effective Population Size	8.7397
Central Segment	Corridor Segment	6500-7000 Years	6500	Net Change in Log Effective Population Size	0.05734
Central Segment	Corridor Segment	6500-7000 Years	6500	Mean Rate of Change	1.4e-4
Central Segment	Corridor Segment	6500-7000 Years	6500	Fluctuation Amplitude	0.07202
Central Segment	Corridor Segment	6500-7000 Years	6500	Time of Maximum Expansion	6600
Central Segment	Corridor Segment	6500-7000 Years	6500	Maximum Expansion Rate	0.33757
Central Segment	Corridor Segment	6500-7000 Years	6500	Time of Maximum Contraction	7000
Central Segment	Corridor Segment	6500-7000 Years	6500	Maximum Contraction Rate	0.11989
North China	Northern Lowland	6500-7000 Years	6500	Mean Log Effective Population Size	10.36918
North China	Northern Lowland	6500-7000 Years	6500	Net Change in Log Effective Population Size	0.1663
North China	Northern Lowland	6500-7000 Years	6500	Mean Rate of Change	4.2e-4
North China	Northern Lowland	6500-7000 Years	6500	Fluctuation Amplitude	0.19065
North China	Northern Lowland	6500-7000 Years	6500	Time of Maximum Expansion	7000
North China	Northern Lowland	6500-7000 Years	6500	Maximum Expansion Rate	0.48355
North China	Northern Lowland	6500-7000 Years	6500	Time of Maximum Contraction	6600
North China	Northern Lowland	6500-7000 Years	6500	Maximum Contraction Rate	0.29163
Northern Segment	Corridor Segment	6500-7000 Years	6500	Mean Log Effective Population Size	9.7284
Northern Segment	Corridor Segment	6500-7000 Years	6500	Net Change in Log Effective Population Size	0.04291
Northern Segment	Corridor Segment	6500-7000 Years	6500	Mean Rate of Change	1.1e-4
Northern Segment	Corridor Segment	6500-7000 Years	6500	Fluctuation Amplitude	0.09141
Northern Segment	Corridor Segment	6500-7000 Years	6500	Time of Maximum Expansion	6800
Northern Segment	Corridor Segment	6500-7000 Years	6500	Maximum Expansion Rate	0.1709
Northern Segment	Corridor Segment	6500-7000 Years	6500	Time of Maximum Contraction	6800
Northern Segment	Corridor Segment	6500-7000 Years	6500	Maximum Contraction Rate	0.09576
Panxi and Liangshan	Sichuan Region	6500-7000 Years	6500	Mean Log Effective Population Size	8.7532
Panxi and Liangshan	Sichuan Region	6500-7000 Years	6500	Net Change in Log Effective Population Size	0.2416
Panxi and Liangshan	Sichuan Region	6500-7000 Years	6500	Mean Rate of Change	6e-4
Panxi and Liangshan	Sichuan Region	6500-7000 Years	6500	Fluctuation Amplitude	0.2416
Panxi and Liangshan	Sichuan Region	6500-7000 Years	6500	Time of Maximum Expansion	6600
Panxi and Liangshan	Sichuan Region	6500-7000 Years	6500	Maximum Expansion Rate	0.43163
Panxi and Liangshan	Sichuan Region	6500-7000 Years	6500	Time of Maximum Contraction	7000
Panxi and Liangshan	Sichuan Region	6500-7000 Years	6500	Maximum Contraction Rate	0.38378
Qinghai-Tibet Plateau Core	Highland	6500-7000 Years	6500	Mean Log Effective Population Size	8.93034
Qinghai-Tibet Plateau Core	Highland	6500-7000 Years	6500	Net Change in Log Effective Population Size	0.02184
Qinghai-Tibet Plateau Core	Highland	6500-7000 Years	6500	Mean Rate of Change	5e-5
Qinghai-Tibet Plateau Core	Highland	6500-7000 Years	6500	Fluctuation Amplitude	0.10136
Qinghai-Tibet Plateau Core	Highland	6500-7000 Years	6500	Time of Maximum Expansion	6600
Qinghai-Tibet Plateau Core	Highland	6500-7000 Years	6500	Maximum Expansion Rate	0.09778
Qinghai-Tibet Plateau Core	Highland	6500-7000 Years	6500	Time of Maximum Contraction	7000
Qinghai-Tibet Plateau Core	Highland	6500-7000 Years	6500	Maximum Contraction Rate	3.7e-4
Sichuan Basin	Sichuan Region	6500-7000 Years	6500	Mean Log Effective Population Size	10.22593
Sichuan Basin	Sichuan Region	6500-7000 Years	6500	Net Change in Log Effective Population Size	0.56297
Sichuan Basin	Sichuan Region	6500-7000 Years	6500	Mean Rate of Change	0.00141
Sichuan Basin	Sichuan Region	6500-7000 Years	6500	Fluctuation Amplitude	0.56297
Sichuan Basin	Sichuan Region	6500-7000 Years	6500	Time of Maximum Expansion	7000
Sichuan Basin	Sichuan Region	6500-7000 Years	6500	Maximum Expansion Rate	0.80797
Sichuan Basin	Sichuan Region	6500-7000 Years	6500	Time of Maximum Contraction	6600
Sichuan Basin	Sichuan Region	6500-7000 Years	6500	Maximum Contraction Rate	0.5088
Southern Segment	Corridor Segment	6500-7000 Years	6500	Mean Log Effective Population Size	9.45635
Southern Segment	Corridor Segment	6500-7000 Years	6500	Net Change in Log Effective Population Size	0.25572
Southern Segment	Corridor Segment	6500-7000 Years	6500	Mean Rate of Change	6.4e-4
Southern Segment	Corridor Segment	6500-7000 Years	6500	Fluctuation Amplitude	0.26877
Southern Segment	Corridor Segment	6500-7000 Years	6500	Time of Maximum Expansion	6600
Southern Segment	Corridor Segment	6500-7000 Years	6500	Maximum Expansion Rate	0.3401
Southern Segment	Corridor Segment	6500-7000 Years	6500	Time of Maximum Contraction	7000
Southern Segment	Corridor Segment	6500-7000 Years	6500	Maximum Contraction Rate	0.07456
Western Highland	Highland	6500-7000 Years	6500	Mean Log Effective Population Size	8.50008
Western Highland	Highland	6500-7000 Years	6500	Net Change in Log Effective Population Size	-0.02698
Western Highland	Highland	6500-7000 Years	6500	Mean Rate of Change	-7e-5
Western Highland	Highland	6500-7000 Years	6500	Fluctuation Amplitude	0.08862
Western Highland	Highland	6500-7000 Years	6500	Time of Maximum Expansion	6600
Western Highland	Highland	6500-7000 Years	6500	Maximum Expansion Rate	0.04154
Western Highland	Highland	6500-7000 Years	6500	Time of Maximum Contraction	7000
Western Highland	Highland	6500-7000 Years	6500	Maximum Contraction Rate	-0.07563
Central Segment	Corridor Segment	7000-7500 Years	7000	Mean Log Effective Population Size	8.74502
Central Segment	Corridor Segment	7000-7500 Years	7000	Net Change in Log Effective Population Size	0.01355
Central Segment	Corridor Segment	7000-7500 Years	7000	Mean Rate of Change	3e-5
Central Segment	Corridor Segment	7000-7500 Years	7000	Fluctuation Amplitude	0.094
Central Segment	Corridor Segment	7000-7500 Years	7000	Time of Maximum Expansion	7000
Central Segment	Corridor Segment	7000-7500 Years	7000	Maximum Expansion Rate	0.13715
Central Segment	Corridor Segment	7000-7500 Years	7000	Time of Maximum Contraction	7400
Central Segment	Corridor Segment	7000-7500 Years	7000	Maximum Contraction Rate	0.06456
North China	Northern Lowland	7000-7500 Years	7000	Mean Log Effective Population Size	10.16053
North China	Northern Lowland	7000-7500 Years	7000	Net Change in Log Effective Population Size	0.24989
North China	Northern Lowland	7000-7500 Years	7000	Mean Rate of Change	6.2e-4
North China	Northern Lowland	7000-7500 Years	7000	Fluctuation Amplitude	0.24989
North China	Northern Lowland	7000-7500 Years	7000	Time of Maximum Expansion	7400
North China	Northern Lowland	7000-7500 Years	7000	Maximum Expansion Rate	0.64182
North China	Northern Lowland	7000-7500 Years	7000	Time of Maximum Contraction	7000
North China	Northern Lowland	7000-7500 Years	7000	Maximum Contraction Rate	0.44686
Northern Segment	Corridor Segment	7000-7500 Years	7000	Mean Log Effective Population Size	9.67453
Northern Segment	Corridor Segment	7000-7500 Years	7000	Net Change in Log Effective Population Size	0.06585
Northern Segment	Corridor Segment	7000-7500 Years	7000	Mean Rate of Change	1.6e-4
Northern Segment	Corridor Segment	7000-7500 Years	7000	Fluctuation Amplitude	0.07099
Northern Segment	Corridor Segment	7000-7500 Years	7000	Time of Maximum Expansion	7200
Northern Segment	Corridor Segment	7000-7500 Years	7000	Maximum Expansion Rate	0.22619
Northern Segment	Corridor Segment	7000-7500 Years	7000	Time of Maximum Contraction	7000
Northern Segment	Corridor Segment	7000-7500 Years	7000	Maximum Contraction Rate	0.07396
Panxi and Liangshan	Sichuan Region	7000-7500 Years	7000	Mean Log Effective Population Size	8.54185
Panxi and Liangshan	Sichuan Region	7000-7500 Years	7000	Net Change in Log Effective Population Size	0.11794
Panxi and Liangshan	Sichuan Region	7000-7500 Years	7000	Mean Rate of Change	2.9e-4
Panxi and Liangshan	Sichuan Region	7000-7500 Years	7000	Fluctuation Amplitude	0.1216
Panxi and Liangshan	Sichuan Region	7000-7500 Years	7000	Time of Maximum Expansion	7000
Panxi and Liangshan	Sichuan Region	7000-7500 Years	7000	Maximum Expansion Rate	0.38378
Panxi and Liangshan	Sichuan Region	7000-7500 Years	7000	Time of Maximum Contraction	7400
Panxi and Liangshan	Sichuan Region	7000-7500 Years	7000	Maximum Contraction Rate	0.19704
Qinghai-Tibet Plateau Core	Highland	7000-7500 Years	7000	Mean Log Effective Population Size	8.89796
Qinghai-Tibet Plateau Core	Highland	7000-7500 Years	7000	Net Change in Log Effective Population Size	0.01535
Qinghai-Tibet Plateau Core	Highland	7000-7500 Years	7000	Mean Rate of Change	4e-5
Qinghai-Tibet Plateau Core	Highland	7000-7500 Years	7000	Fluctuation Amplitude	0.08049
Qinghai-Tibet Plateau Core	Highland	7000-7500 Years	7000	Time of Maximum Expansion	7000
Qinghai-Tibet Plateau Core	Highland	7000-7500 Years	7000	Maximum Expansion Rate	0.10586
Qinghai-Tibet Plateau Core	Highland	7000-7500 Years	7000	Time of Maximum Contraction	7400
Qinghai-Tibet Plateau Core	Highland	7000-7500 Years	7000	Maximum Contraction Rate	-0.04398
Sichuan Basin	Sichuan Region	7000-7500 Years	7000	Mean Log Effective Population Size	9.68998
Sichuan Basin	Sichuan Region	7000-7500 Years	7000	Net Change in Log Effective Population Size	0.42649
Sichuan Basin	Sichuan Region	7000-7500 Years	7000	Mean Rate of Change	0.00107
Sichuan Basin	Sichuan Region	7000-7500 Years	7000	Fluctuation Amplitude	0.42649
Sichuan Basin	Sichuan Region	7000-7500 Years	7000	Time of Maximum Expansion	7000
Sichuan Basin	Sichuan Region	7000-7500 Years	7000	Maximum Expansion Rate	0.79952
Sichuan Basin	Sichuan Region	7000-7500 Years	7000	Time of Maximum Contraction	7400
Sichuan Basin	Sichuan Region	7000-7500 Years	7000	Maximum Contraction Rate	0.32638
Southern Segment	Corridor Segment	7000-7500 Years	7000	Mean Log Effective Population Size	9.30738
Southern Segment	Corridor Segment	7000-7500 Years	7000	Net Change in Log Effective Population Size	-0.04657
Southern Segment	Corridor Segment	7000-7500 Years	7000	Mean Rate of Change	-1.2e-4
Southern Segment	Corridor Segment	7000-7500 Years	7000	Fluctuation Amplitude	0.16494
Southern Segment	Corridor Segment	7000-7500 Years	7000	Time of Maximum Expansion	7000
Southern Segment	Corridor Segment	7000-7500 Years	7000	Maximum Expansion Rate	0.09964
Southern Segment	Corridor Segment	7000-7500 Years	7000	Time of Maximum Contraction	7400
Southern Segment	Corridor Segment	7000-7500 Years	7000	Maximum Contraction Rate	-0.32693
Western Highland	Highland	7000-7500 Years	7000	Mean Log Effective Population Size	8.52678
Western Highland	Highland	7000-7500 Years	7000	Net Change in Log Effective Population Size	-0.02908
Western Highland	Highland	7000-7500 Years	7000	Mean Rate of Change	-7e-5
Western Highland	Highland	7000-7500 Years	7000	Fluctuation Amplitude	0.08027
Western Highland	Highland	7000-7500 Years	7000	Time of Maximum Expansion	7000
Western Highland	Highland	7000-7500 Years	7000	Maximum Expansion Rate	-0.01757
Western Highland	Highland	7000-7500 Years	7000	Time of Maximum Contraction	7400
Western Highland	Highland	7000-7500 Years	7000	Maximum Contraction Rate	-0.1436
Central Segment	Corridor Segment	7500-8000 Years	7500	Mean Log Effective Population Size	8.72598
Central Segment	Corridor Segment	7500-8000 Years	7500	Net Change in Log Effective Population Size	0.02075
Central Segment	Corridor Segment	7500-8000 Years	7500	Mean Rate of Change	5e-5
Central Segment	Corridor Segment	7500-8000 Years	7500	Fluctuation Amplitude	0.05282
Central Segment	Corridor Segment	7500-8000 Years	7500	Time of Maximum Expansion	7600
Central Segment	Corridor Segment	7500-8000 Years	7500	Maximum Expansion Rate	0.1186
Central Segment	Corridor Segment	7500-8000 Years	7500	Time of Maximum Contraction	8000
Central Segment	Corridor Segment	7500-8000 Years	7500	Maximum Contraction Rate	-0.01459
North China	Northern Lowland	7500-8000 Years	7500	Mean Log Effective Population Size	9.73503
North China	Northern Lowland	7500-8000 Years	7500	Net Change in Log Effective Population Size	0.25828
North China	Northern Lowland	7500-8000 Years	7500	Mean Rate of Change	6.5e-4
North China	Northern Lowland	7500-8000 Years	7500	Fluctuation Amplitude	0.25842
North China	Northern Lowland	7500-8000 Years	7500	Time of Maximum Expansion	7600
North China	Northern Lowland	7500-8000 Years	7500	Maximum Expansion Rate	0.56619
North China	Northern Lowland	7500-8000 Years	7500	Time of Maximum Contraction	8000
North China	Northern Lowland	7500-8000 Years	7500	Maximum Contraction Rate	0.36278
Northern Segment	Corridor Segment	7500-8000 Years	7500	Mean Log Effective Population Size	9.57722
Northern Segment	Corridor Segment	7500-8000 Years	7500	Net Change in Log Effective Population Size	0.06251
Northern Segment	Corridor Segment	7500-8000 Years	7500	Mean Rate of Change	1.6e-4
Northern Segment	Corridor Segment	7500-8000 Years	7500	Fluctuation Amplitude	0.11589
Northern Segment	Corridor Segment	7500-8000 Years	7500	Time of Maximum Expansion	7600
Northern Segment	Corridor Segment	7500-8000 Years	7500	Maximum Expansion Rate	0.17464
Northern Segment	Corridor Segment	7500-8000 Years	7500	Time of Maximum Contraction	8000
Northern Segment	Corridor Segment	7500-8000 Years	7500	Maximum Contraction Rate	0.0706
Panxi and Liangshan	Sichuan Region	7500-8000 Years	7500	Mean Log Effective Population Size	8.48905
Panxi and Liangshan	Sichuan Region	7500-8000 Years	7500	Net Change in Log Effective Population Size	0.00378
Panxi and Liangshan	Sichuan Region	7500-8000 Years	7500	Mean Rate of Change	1e-5
Panxi and Liangshan	Sichuan Region	7500-8000 Years	7500	Fluctuation Amplitude	0.06007
Panxi and Liangshan	Sichuan Region	7500-8000 Years	7500	Time of Maximum Expansion	7600
Panxi and Liangshan	Sichuan Region	7500-8000 Years	7500	Maximum Expansion Rate	0.13014
Panxi and Liangshan	Sichuan Region	7500-8000 Years	7500	Time of Maximum Contraction	7800
Panxi and Liangshan	Sichuan Region	7500-8000 Years	7500	Maximum Contraction Rate	0.06793
Qinghai-Tibet Plateau Core	Highland	7500-8000 Years	7500	Mean Log Effective Population Size	8.91004
Qinghai-Tibet Plateau Core	Highland	7500-8000 Years	7500	Net Change in Log Effective Population Size	-0.01387
Qinghai-Tibet Plateau Core	Highland	7500-8000 Years	7500	Mean Rate of Change	-3e-5
Qinghai-Tibet Plateau Core	Highland	7500-8000 Years	7500	Fluctuation Amplitude	0.10978
Qinghai-Tibet Plateau Core	Highland	7500-8000 Years	7500	Time of Maximum Expansion	7600
Qinghai-Tibet Plateau Core	Highland	7500-8000 Years	7500	Maximum Expansion Rate	0.04175
Qinghai-Tibet Plateau Core	Highland	7500-8000 Years	7500	Time of Maximum Contraction	7800
Qinghai-Tibet Plateau Core	Highland	7500-8000 Years	7500	Maximum Contraction Rate	-0.05539
Sichuan Basin	Sichuan Region	7500-8000 Years	7500	Mean Log Effective Population Size	9.69376
Sichuan Basin	Sichuan Region	7500-8000 Years	7500	Net Change in Log Effective Population Size	-0.26068
Sichuan Basin	Sichuan Region	7500-8000 Years	7500	Mean Rate of Change	-6.5e-4
Sichuan Basin	Sichuan Region	7500-8000 Years	7500	Fluctuation Amplitude	0.26737
Sichuan Basin	Sichuan Region	7500-8000 Years	7500	Time of Maximum Expansion	7600
Sichuan Basin	Sichuan Region	7500-8000 Years	7500	Maximum Expansion Rate	0.14919
Sichuan Basin	Sichuan Region	7500-8000 Years	7500	Time of Maximum Contraction	7800
Sichuan Basin	Sichuan Region	7500-8000 Years	7500	Maximum Contraction Rate	-0.20845
Southern Segment	Corridor Segment	7500-8000 Years	7500	Mean Log Effective Population Size	9.73518
Southern Segment	Corridor Segment	7500-8000 Years	7500	Net Change in Log Effective Population Size	-0.39854
Southern Segment	Corridor Segment	7500-8000 Years	7500	Mean Rate of Change	-0.001
Southern Segment	Corridor Segment	7500-8000 Years	7500	Fluctuation Amplitude	0.39854
Southern Segment	Corridor Segment	7500-8000 Years	7500	Time of Maximum Expansion	8000
Southern Segment	Corridor Segment	7500-8000 Years	7500	Maximum Expansion Rate	-0.20886
Southern Segment	Corridor Segment	7500-8000 Years	7500	Time of Maximum Contraction	7600
Southern Segment	Corridor Segment	7500-8000 Years	7500	Maximum Contraction Rate	-0.52404
Western Highland	Highland	7500-8000 Years	7500	Mean Log Effective Population Size	8.61843
Western Highland	Highland	7500-8000 Years	7500	Net Change in Log Effective Population Size	-0.07512
Western Highland	Highland	7500-8000 Years	7500	Mean Rate of Change	-1.9e-4
Western Highland	Highland	7500-8000 Years	7500	Fluctuation Amplitude	0.1183
Western Highland	Highland	7500-8000 Years	7500	Time of Maximum Expansion	7800
Western Highland	Highland	7500-8000 Years	7500	Maximum Expansion Rate	-0.08261
Western Highland	Highland	7500-8000 Years	7500	Time of Maximum Contraction	7800
Western Highland	Highland	7500-8000 Years	7500	Maximum Contraction Rate	-0.18135
Central Segment	Corridor Segment	8000-8500 Years	8000	Mean Log Effective Population Size	8.69972
Central Segment	Corridor Segment	8000-8500 Years	8000	Net Change in Log Effective Population Size	0.02206
Central Segment	Corridor Segment	8000-8500 Years	8000	Mean Rate of Change	6e-5
Central Segment	Corridor Segment	8000-8500 Years	8000	Fluctuation Amplitude	0.07917
Central Segment	Corridor Segment	8000-8500 Years	8000	Time of Maximum Expansion	8000
Central Segment	Corridor Segment	8000-8500 Years	8000	Maximum Expansion Rate	0.09907
Central Segment	Corridor Segment	8000-8500 Years	8000	Time of Maximum Contraction	8400
Central Segment	Corridor Segment	8000-8500 Years	8000	Maximum Contraction Rate	0.00337
North China	Northern Lowland	8000-8500 Years	8000	Mean Log Effective Population Size	9.54944
North China	Northern Lowland	8000-8500 Years	8000	Net Change in Log Effective Population Size	0.11656
North China	Northern Lowland	8000-8500 Years	8000	Mean Rate of Change	2.9e-4
North China	Northern Lowland	8000-8500 Years	8000	Fluctuation Amplitude	0.13626
North China	Northern Lowland	8000-8500 Years	8000	Time of Maximum Expansion	8000
North China	Northern Lowland	8000-8500 Years	8000	Maximum Expansion Rate	0.39799
North China	Northern Lowland	8000-8500 Years	8000	Time of Maximum Contraction	8400
North China	Northern Lowland	8000-8500 Years	8000	Maximum Contraction Rate	0.07544
Northern Segment	Corridor Segment	8000-8500 Years	8000	Mean Log Effective Population Size	9.51644
Northern Segment	Corridor Segment	8000-8500 Years	8000	Net Change in Log Effective Population Size	0.02238
Northern Segment	Corridor Segment	8000-8500 Years	8000	Mean Rate of Change	6e-5
Northern Segment	Corridor Segment	8000-8500 Years	8000	Fluctuation Amplitude	0.05815
Northern Segment	Corridor Segment	8000-8500 Years	8000	Time of Maximum Expansion	8000
Northern Segment	Corridor Segment	8000-8500 Years	8000	Maximum Expansion Rate	0.12853
Northern Segment	Corridor Segment	8000-8500 Years	8000	Time of Maximum Contraction	8400
Northern Segment	Corridor Segment	8000-8500 Years	8000	Maximum Contraction Rate	-0.03034
Panxi and Liangshan	Sichuan Region	8000-8500 Years	8000	Mean Log Effective Population Size	8.483
Panxi and Liangshan	Sichuan Region	8000-8500 Years	8000	Net Change in Log Effective Population Size	0.05318
Panxi and Liangshan	Sichuan Region	8000-8500 Years	8000	Mean Rate of Change	1.3e-4
Panxi and Liangshan	Sichuan Region	8000-8500 Years	8000	Fluctuation Amplitude	0.12693
Panxi and Liangshan	Sichuan Region	8000-8500 Years	8000	Time of Maximum Expansion	8200
Panxi and Liangshan	Sichuan Region	8000-8500 Years	8000	Maximum Expansion Rate	0.09501
Panxi and Liangshan	Sichuan Region	8000-8500 Years	8000	Time of Maximum Contraction	8000
Panxi and Liangshan	Sichuan Region	8000-8500 Years	8000	Maximum Contraction Rate	0.08448
Qinghai-Tibet Plateau Core	Highland	8000-8500 Years	8000	Mean Log Effective Population Size	8.91687
Qinghai-Tibet Plateau Core	Highland	8000-8500 Years	8000	Net Change in Log Effective Population Size	-0.01388
Qinghai-Tibet Plateau Core	Highland	8000-8500 Years	8000	Mean Rate of Change	-3e-5
Qinghai-Tibet Plateau Core	Highland	8000-8500 Years	8000	Fluctuation Amplitude	0.08068
Qinghai-Tibet Plateau Core	Highland	8000-8500 Years	8000	Time of Maximum Expansion	8200
Qinghai-Tibet Plateau Core	Highland	8000-8500 Years	8000	Maximum Expansion Rate	0.05218
Qinghai-Tibet Plateau Core	Highland	8000-8500 Years	8000	Time of Maximum Contraction	8200
Qinghai-Tibet Plateau Core	Highland	8000-8500 Years	8000	Maximum Contraction Rate	-0.07364
Sichuan Basin	Sichuan Region	8000-8500 Years	8000	Mean Log Effective Population Size	9.78973
Sichuan Basin	Sichuan Region	8000-8500 Years	8000	Net Change in Log Effective Population Size	0.1442
Sichuan Basin	Sichuan Region	8000-8500 Years	8000	Mean Rate of Change	3.6e-4
Sichuan Basin	Sichuan Region	8000-8500 Years	8000	Fluctuation Amplitude	0.23293
Sichuan Basin	Sichuan Region	8000-8500 Years	8000	Time of Maximum Expansion	8400
Sichuan Basin	Sichuan Region	8000-8500 Years	8000	Maximum Expansion Rate	0.16011
Sichuan Basin	Sichuan Region	8000-8500 Years	8000	Time of Maximum Contraction	8000
Sichuan Basin	Sichuan Region	8000-8500 Years	8000	Maximum Contraction Rate	-0.11361
Southern Segment	Corridor Segment	8000-8500 Years	8000	Mean Log Effective Population Size	9.88305
Southern Segment	Corridor Segment	8000-8500 Years	8000	Net Change in Log Effective Population Size	0.13865
Southern Segment	Corridor Segment	8000-8500 Years	8000	Mean Rate of Change	3.5e-4
Southern Segment	Corridor Segment	8000-8500 Years	8000	Fluctuation Amplitude	0.19531
Southern Segment	Corridor Segment	8000-8500 Years	8000	Time of Maximum Expansion	8400
Southern Segment	Corridor Segment	8000-8500 Years	8000	Maximum Expansion Rate	0.12239
Southern Segment	Corridor Segment	8000-8500 Years	8000	Time of Maximum Contraction	8000
Southern Segment	Corridor Segment	8000-8500 Years	8000	Maximum Contraction Rate	-0.25985
Western Highland	Highland	8000-8500 Years	8000	Mean Log Effective Population Size	8.69557
Western Highland	Highland	8000-8500 Years	8000	Net Change in Log Effective Population Size	-0.05487
Western Highland	Highland	8000-8500 Years	8000	Mean Rate of Change	-1.4e-4
Western Highland	Highland	8000-8500 Years	8000	Fluctuation Amplitude	0.07832
Western Highland	Highland	8000-8500 Years	8000	Time of Maximum Expansion	8400
Western Highland	Highland	8000-8500 Years	8000	Maximum Expansion Rate	-0.03141
Western Highland	Highland	8000-8500 Years	8000	Time of Maximum Contraction	8000
Western Highland	Highland	8000-8500 Years	8000	Maximum Contraction Rate	-0.16144
Central Segment	Corridor Segment	8500-9000 Years	8500	Mean Log Effective Population Size	8.68508
Central Segment	Corridor Segment	8500-9000 Years	8500	Net Change in Log Effective Population Size	0.02625
Central Segment	Corridor Segment	8500-9000 Years	8500	Mean Rate of Change	7e-5
Central Segment	Corridor Segment	8500-9000 Years	8500	Fluctuation Amplitude	0.08088
Central Segment	Corridor Segment	8500-9000 Years	8500	Time of Maximum Expansion	8600
Central Segment	Corridor Segment	8500-9000 Years	8500	Maximum Expansion Rate	0.06335
Central Segment	Corridor Segment	8500-9000 Years	8500	Time of Maximum Contraction	9000
Central Segment	Corridor Segment	8500-9000 Years	8500	Maximum Contraction Rate	0.02148
North China	Northern Lowland	8500-9000 Years	8500	Mean Log Effective Population Size	9.63567
North China	Northern Lowland	8500-9000 Years	8500	Net Change in Log Effective Population Size	-0.11863
North China	Northern Lowland	8500-9000 Years	8500	Mean Rate of Change	-3e-4
North China	Northern Lowland	8500-9000 Years	8500	Fluctuation Amplitude	0.19604
North China	Northern Lowland	8500-9000 Years	8500	Time of Maximum Expansion	8600
North China	Northern Lowland	8500-9000 Years	8500	Maximum Expansion Rate	0.02099
North China	Northern Lowland	8500-9000 Years	8500	Time of Maximum Contraction	8800
North China	Northern Lowland	8500-9000 Years	8500	Maximum Contraction Rate	-0.12039
Northern Segment	Corridor Segment	8500-9000 Years	8500	Mean Log Effective Population Size	9.50685
Northern Segment	Corridor Segment	8500-9000 Years	8500	Net Change in Log Effective Population Size	-0.00556
Northern Segment	Corridor Segment	8500-9000 Years	8500	Mean Rate of Change	-1e-5
Northern Segment	Corridor Segment	8500-9000 Years	8500	Fluctuation Amplitude	0.10336
Northern Segment	Corridor Segment	8500-9000 Years	8500	Time of Maximum Expansion	8600
Northern Segment	Corridor Segment	8500-9000 Years	8500	Maximum Expansion Rate	0.04668
Northern Segment	Corridor Segment	8500-9000 Years	8500	Time of Maximum Contraction	9000
Northern Segment	Corridor Segment	8500-9000 Years	8500	Maximum Contraction Rate	-0.13459
Panxi and Liangshan	Sichuan Region	8500-9000 Years	8500	Mean Log Effective Population Size	8.44911
Panxi and Liangshan	Sichuan Region	8500-9000 Years	8500	Net Change in Log Effective Population Size	0.02301
Panxi and Liangshan	Sichuan Region	8500-9000 Years	8500	Mean Rate of Change	6e-5
Panxi and Liangshan	Sichuan Region	8500-9000 Years	8500	Fluctuation Amplitude	0.07009
Panxi and Liangshan	Sichuan Region	8500-9000 Years	8500	Time of Maximum Expansion	8600
Panxi and Liangshan	Sichuan Region	8500-9000 Years	8500	Maximum Expansion Rate	0.09692
Panxi and Liangshan	Sichuan Region	8500-9000 Years	8500	Time of Maximum Contraction	9000
Panxi and Liangshan	Sichuan Region	8500-9000 Years	8500	Maximum Contraction Rate	0.02978
Qinghai-Tibet Plateau Core	Highland	8500-9000 Years	8500	Mean Log Effective Population Size	8.90453
Qinghai-Tibet Plateau Core	Highland	8500-9000 Years	8500	Net Change in Log Effective Population Size	0.02193
Qinghai-Tibet Plateau Core	Highland	8500-9000 Years	8500	Mean Rate of Change	5e-5
Qinghai-Tibet Plateau Core	Highland	8500-9000 Years	8500	Fluctuation Amplitude	0.09521
Qinghai-Tibet Plateau Core	Highland	8500-9000 Years	8500	Time of Maximum Expansion	8800
Qinghai-Tibet Plateau Core	Highland	8500-9000 Years	8500	Maximum Expansion Rate	0.05466
Qinghai-Tibet Plateau Core	Highland	8500-9000 Years	8500	Time of Maximum Contraction	9000
Qinghai-Tibet Plateau Core	Highland	8500-9000 Years	8500	Maximum Contraction Rate	-0.05469
Sichuan Basin	Sichuan Region	8500-9000 Years	8500	Mean Log Effective Population Size	9.57468
Sichuan Basin	Sichuan Region	8500-9000 Years	8500	Net Change in Log Effective Population Size	-0.06281
Sichuan Basin	Sichuan Region	8500-9000 Years	8500	Mean Rate of Change	-1.6e-4
Sichuan Basin	Sichuan Region	8500-9000 Years	8500	Fluctuation Amplitude	0.2132
Sichuan Basin	Sichuan Region	8500-9000 Years	8500	Time of Maximum Expansion	8600
Sichuan Basin	Sichuan Region	8500-9000 Years	8500	Maximum Expansion Rate	0.06125
Sichuan Basin	Sichuan Region	8500-9000 Years	8500	Time of Maximum Contraction	9000
Sichuan Basin	Sichuan Region	8500-9000 Years	8500	Maximum Contraction Rate	-0.43269
Southern Segment	Corridor Segment	8500-9000 Years	8500	Mean Log Effective Population Size	9.58262
Southern Segment	Corridor Segment	8500-9000 Years	8500	Net Change in Log Effective Population Size	-0.04351
Southern Segment	Corridor Segment	8500-9000 Years	8500	Mean Rate of Change	-1.1e-4
Southern Segment	Corridor Segment	8500-9000 Years	8500	Fluctuation Amplitude	0.21888
Southern Segment	Corridor Segment	8500-9000 Years	8500	Time of Maximum Expansion	8600
Southern Segment	Corridor Segment	8500-9000 Years	8500	Maximum Expansion Rate	0.0032
Southern Segment	Corridor Segment	8500-9000 Years	8500	Time of Maximum Contraction	9000
Southern Segment	Corridor Segment	8500-9000 Years	8500	Maximum Contraction Rate	-0.59705
Western Highland	Highland	8500-9000 Years	8500	Mean Log Effective Population Size	8.70866
Western Highland	Highland	8500-9000 Years	8500	Net Change in Log Effective Population Size	0.0037200000000000002
Western Highland	Highland	8500-9000 Years	8500	Mean Rate of Change	1e-5
Western Highland	Highland	8500-9000 Years	8500	Fluctuation Amplitude	0.12124
Western Highland	Highland	8500-9000 Years	8500	Time of Maximum Expansion	8800
Western Highland	Highland	8500-9000 Years	8500	Maximum Expansion Rate	-0.01201
Western Highland	Highland	8500-9000 Years	8500	Time of Maximum Contraction	8600
Western Highland	Highland	8500-9000 Years	8500	Maximum Contraction Rate	-0.11142
Central Segment	Corridor Segment	9000-9500 Years	9000	Mean Log Effective Population Size	8.67505
Central Segment	Corridor Segment	9000-9500 Years	9000	Net Change in Log Effective Population Size	0.00595
Central Segment	Corridor Segment	9000-9500 Years	9000	Mean Rate of Change	1e-5
Central Segment	Corridor Segment	9000-9500 Years	9000	Fluctuation Amplitude	0.02607
Central Segment	Corridor Segment	9000-9500 Years	9000	Time of Maximum Expansion	9000
Central Segment	Corridor Segment	9000-9500 Years	9000	Maximum Expansion Rate	0.10539
Central Segment	Corridor Segment	9000-9500 Years	9000	Time of Maximum Contraction	9300
Central Segment	Corridor Segment	9000-9500 Years	9000	Maximum Contraction Rate	-0.03928
North China	Northern Lowland	9000-9500 Years	9000	Mean Log Effective Population Size	9.67875
North China	Northern Lowland	9000-9500 Years	9000	Net Change in Log Effective Population Size	0.03085
North China	Northern Lowland	9000-9500 Years	9000	Mean Rate of Change	8e-5
North China	Northern Lowland	9000-9500 Years	9000	Fluctuation Amplitude	0.09181
North China	Northern Lowland	9000-9500 Years	9000	Time of Maximum Expansion	9400
North China	Northern Lowland	9000-9500 Years	9000	Maximum Expansion Rate	0.20005
North China	Northern Lowland	9000-9500 Years	9000	Time of Maximum Contraction	9000
North China	Northern Lowland	9000-9500 Years	9000	Maximum Contraction Rate	-0.07694
Northern Segment	Corridor Segment	9000-9500 Years	9000	Mean Log Effective Population Size	9.54403
Northern Segment	Corridor Segment	9000-9500 Years	9000	Net Change in Log Effective Population Size	-0.04723
Northern Segment	Corridor Segment	9000-9500 Years	9000	Mean Rate of Change	-1.2e-4
Northern Segment	Corridor Segment	9000-9500 Years	9000	Fluctuation Amplitude	0.0839
Northern Segment	Corridor Segment	9000-9500 Years	9000	Time of Maximum Expansion	9000
Northern Segment	Corridor Segment	9000-9500 Years	9000	Maximum Expansion Rate	-0.00972
Northern Segment	Corridor Segment	9000-9500 Years	9000	Time of Maximum Contraction	9400
Northern Segment	Corridor Segment	9000-9500 Years	9000	Maximum Contraction Rate	-0.20805
Panxi and Liangshan	Sichuan Region	9000-9500 Years	9000	Mean Log Effective Population Size	8.45241
Panxi and Liangshan	Sichuan Region	9000-9500 Years	9000	Net Change in Log Effective Population Size	0.00366
Panxi and Liangshan	Sichuan Region	9000-9500 Years	9000	Mean Rate of Change	1e-5
Panxi and Liangshan	Sichuan Region	9000-9500 Years	9000	Fluctuation Amplitude	0.02596
Panxi and Liangshan	Sichuan Region	9000-9500 Years	9000	Time of Maximum Expansion	9400
Panxi and Liangshan	Sichuan Region	9000-9500 Years	9000	Maximum Expansion Rate	0.12726
Panxi and Liangshan	Sichuan Region	9000-9500 Years	9000	Time of Maximum Contraction	9200
Panxi and Liangshan	Sichuan Region	9000-9500 Years	9000	Maximum Contraction Rate	-0.03486
Qinghai-Tibet Plateau Core	Highland	9000-9500 Years	9000	Mean Log Effective Population Size	8.90228
Qinghai-Tibet Plateau Core	Highland	9000-9500 Years	9000	Net Change in Log Effective Population Size	-0.00442
Qinghai-Tibet Plateau Core	Highland	9000-9500 Years	9000	Mean Rate of Change	-1e-5
Qinghai-Tibet Plateau Core	Highland	9000-9500 Years	9000	Fluctuation Amplitude	0.07985
Qinghai-Tibet Plateau Core	Highland	9000-9500 Years	9000	Time of Maximum Expansion	9000
Qinghai-Tibet Plateau Core	Highland	9000-9500 Years	9000	Maximum Expansion Rate	0.01692
Qinghai-Tibet Plateau Core	Highland	9000-9500 Years	9000	Time of Maximum Contraction	9400
Qinghai-Tibet Plateau Core	Highland	9000-9500 Years	9000	Maximum Contraction Rate	-0.15098
Sichuan Basin	Sichuan Region	9000-9500 Years	9000	Mean Log Effective Population Size	9.88487
Sichuan Basin	Sichuan Region	9000-9500 Years	9000	Net Change in Log Effective Population Size	-0.47705
Sichuan Basin	Sichuan Region	9000-9500 Years	9000	Mean Rate of Change	-0.00119
Sichuan Basin	Sichuan Region	9000-9500 Years	9000	Fluctuation Amplitude	0.48912
Sichuan Basin	Sichuan Region	9000-9500 Years	9000	Time of Maximum Expansion	9400
Sichuan Basin	Sichuan Region	9000-9500 Years	9000	Maximum Expansion Rate	-0.22242
Sichuan Basin	Sichuan Region	9000-9500 Years	9000	Time of Maximum Contraction	9200
Sichuan Basin	Sichuan Region	9000-9500 Years	9000	Maximum Contraction Rate	-0.556
Southern Segment	Corridor Segment	9000-9500 Years	9000	Mean Log Effective Population Size	9.90111
Southern Segment	Corridor Segment	9000-9500 Years	9000	Net Change in Log Effective Population Size	-0.54806
Southern Segment	Corridor Segment	9000-9500 Years	9000	Mean Rate of Change	-0.00137
Southern Segment	Corridor Segment	9000-9500 Years	9000	Fluctuation Amplitude	0.54806
Southern Segment	Corridor Segment	9000-9500 Years	9000	Time of Maximum Expansion	9000
Southern Segment	Corridor Segment	9000-9500 Years	9000	Maximum Expansion Rate	-0.49324
Southern Segment	Corridor Segment	9000-9500 Years	9000	Time of Maximum Contraction	9400
Southern Segment	Corridor Segment	9000-9500 Years	9000	Maximum Contraction Rate	-0.95523
Western Highland	Highland	9000-9500 Years	9000	Mean Log Effective Population Size	8.70468
Western Highland	Highland	9000-9500 Years	9000	Net Change in Log Effective Population Size	-0.01397
Western Highland	Highland	9000-9500 Years	9000	Mean Rate of Change	-3e-5
Western Highland	Highland	9000-9500 Years	9000	Fluctuation Amplitude	0.08876
Western Highland	Highland	9000-9500 Years	9000	Time of Maximum Expansion	9000
Western Highland	Highland	9000-9500 Years	9000	Maximum Expansion Rate	0.01295
Western Highland	Highland	9000-9500 Years	9000	Time of Maximum Contraction	9400
Western Highland	Highland	9000-9500 Years	9000	Maximum Contraction Rate	-0.14613
Central Segment	Corridor Segment	9500-10000 Years	9500	Mean Log Effective Population Size	8.64467
Central Segment	Corridor Segment	9500-10000 Years	9500	Net Change in Log Effective Population Size	0.0253
Central Segment	Corridor Segment	9500-10000 Years	9500	Mean Rate of Change	6e-5
Central Segment	Corridor Segment	9500-10000 Years	9500	Fluctuation Amplitude	0.09074
Central Segment	Corridor Segment	9500-10000 Years	9500	Time of Maximum Expansion	9800
Central Segment	Corridor Segment	9500-10000 Years	9500	Maximum Expansion Rate	0.04825
Central Segment	Corridor Segment	9500-10000 Years	9500	Time of Maximum Contraction	9800
Central Segment	Corridor Segment	9500-10000 Years	9500	Maximum Contraction Rate	0.03018
North China	Northern Lowland	9500-10000 Years	9500	Mean Log Effective Population Size	9.52055
North China	Northern Lowland	9500-10000 Years	9500	Net Change in Log Effective Population Size	0.11596
North China	Northern Lowland	9500-10000 Years	9500	Mean Rate of Change	2.9e-4
North China	Northern Lowland	9500-10000 Years	9500	Fluctuation Amplitude	0.16633
North China	Northern Lowland	9500-10000 Years	9500	Time of Maximum Expansion	9600
North China	Northern Lowland	9500-10000 Years	9500	Maximum Expansion Rate	0.27187
North China	Northern Lowland	9500-10000 Years	9500	Time of Maximum Contraction	10000
North China	Northern Lowland	9500-10000 Years	9500	Maximum Contraction Rate	0.0511
Northern Segment	Corridor Segment	9500-10000 Years	9500	Mean Log Effective Population Size	9.66165
Northern Segment	Corridor Segment	9500-10000 Years	9500	Net Change in Log Effective Population Size	-0.07037
Northern Segment	Corridor Segment	9500-10000 Years	9500	Mean Rate of Change	-1.8e-4
Northern Segment	Corridor Segment	9500-10000 Years	9500	Fluctuation Amplitude	0.15353
Northern Segment	Corridor Segment	9500-10000 Years	9500	Time of Maximum Expansion	9600
Northern Segment	Corridor Segment	9500-10000 Years	9500	Maximum Expansion Rate	-0.1184
Northern Segment	Corridor Segment	9500-10000 Years	9500	Time of Maximum Contraction	10000
Northern Segment	Corridor Segment	9500-10000 Years	9500	Maximum Contraction Rate	-0.26102
Panxi and Liangshan	Sichuan Region	9500-10000 Years	9500	Mean Log Effective Population Size	8.40947
Panxi and Liangshan	Sichuan Region	9500-10000 Years	9500	Net Change in Log Effective Population Size	0.04835
Panxi and Liangshan	Sichuan Region	9500-10000 Years	9500	Mean Rate of Change	1.2e-4
Panxi and Liangshan	Sichuan Region	9500-10000 Years	9500	Fluctuation Amplitude	0.12205
Panxi and Liangshan	Sichuan Region	9500-10000 Years	9500	Time of Maximum Expansion	9800
Panxi and Liangshan	Sichuan Region	9500-10000 Years	9500	Maximum Expansion Rate	0.08638
Panxi and Liangshan	Sichuan Region	9500-10000 Years	9500	Time of Maximum Contraction	9600
Panxi and Liangshan	Sichuan Region	9500-10000 Years	9500	Maximum Contraction Rate	0.0768
Qinghai-Tibet Plateau Core	Highland	9500-10000 Years	9500	Mean Log Effective Population Size	8.98527
Qinghai-Tibet Plateau Core	Highland	9500-10000 Years	9500	Net Change in Log Effective Population Size	-0.06277
Qinghai-Tibet Plateau Core	Highland	9500-10000 Years	9500	Mean Rate of Change	-1.6e-4
Qinghai-Tibet Plateau Core	Highland	9500-10000 Years	9500	Fluctuation Amplitude	0.13006
Qinghai-Tibet Plateau Core	Highland	9500-10000 Years	9500	Time of Maximum Expansion	9600
Qinghai-Tibet Plateau Core	Highland	9500-10000 Years	9500	Maximum Expansion Rate	-0.09273
Qinghai-Tibet Plateau Core	Highland	9500-10000 Years	9500	Time of Maximum Contraction	10000
Qinghai-Tibet Plateau Core	Highland	9500-10000 Years	9500	Maximum Contraction Rate	-0.19783
Sichuan Basin	Sichuan Region	9500-10000 Years	9500	Mean Log Effective Population Size	10.2319
Sichuan Basin	Sichuan Region	9500-10000 Years	9500	Net Change in Log Effective Population Size	0.09956
Sichuan Basin	Sichuan Region	9500-10000 Years	9500	Mean Rate of Change	2.5e-4
Sichuan Basin	Sichuan Region	9500-10000 Years	9500	Fluctuation Amplitude	0.26912
Sichuan Basin	Sichuan Region	9500-10000 Years	9500	Time of Maximum Expansion	10000
Sichuan Basin	Sichuan Region	9500-10000 Years	9500	Maximum Expansion Rate	0.57779
Sichuan Basin	Sichuan Region	9500-10000 Years	9500	Time of Maximum Contraction	9600
Sichuan Basin	Sichuan Region	9500-10000 Years	9500	Maximum Contraction Rate	-0.16544
Western Highland	Highland	9500-10000 Years	9500	Mean Log Effective Population Size	8.7819
Western Highland	Highland	9500-10000 Years	9500	Net Change in Log Effective Population Size	-0.04909
Western Highland	Highland	9500-10000 Years	9500	Mean Rate of Change	-1.2e-4
Western Highland	Highland	9500-10000 Years	9500	Fluctuation Amplitude	0.11644
Western Highland	Highland	9500-10000 Years	9500	Time of Maximum Expansion	9600
Western Highland	Highland	9500-10000 Years	9500	Maximum Expansion Rate	-0.09694
Western Highland	Highland	9500-10000 Years	9500	Time of Maximum Contraction	10000
Western Highland	Highland	9500-10000 Years	9500	Maximum Contraction Rate	-0.17932
Central Segment	Corridor Segment	10000-10500 Years	10000	Mean Log Effective Population Size	8.6153
Central Segment	Corridor Segment	10000-10500 Years	10000	Net Change in Log Effective Population Size	0.02151
Central Segment	Corridor Segment	10000-10500 Years	10000	Mean Rate of Change	5e-5
Central Segment	Corridor Segment	10000-10500 Years	10000	Fluctuation Amplitude	0.07773
Central Segment	Corridor Segment	10000-10500 Years	10000	Time of Maximum Expansion	10000
Central Segment	Corridor Segment	10000-10500 Years	10000	Maximum Expansion Rate	0.07814
Central Segment	Corridor Segment	10000-10500 Years	10000	Time of Maximum Contraction	10400
Central Segment	Corridor Segment	10000-10500 Years	10000	Maximum Contraction Rate	-0.0282
North China	Northern Lowland	10000-10500 Years	10000	Mean Log Effective Population Size	9.44141
North China	Northern Lowland	10000-10500 Years	10000	Net Change in Log Effective Population Size	0.03363
North China	Northern Lowland	10000-10500 Years	10000	Mean Rate of Change	8e-5
North China	Northern Lowland	10000-10500 Years	10000	Fluctuation Amplitude	0.1311
North China	Northern Lowland	10000-10500 Years	10000	Time of Maximum Expansion	10000
North China	Northern Lowland	10000-10500 Years	10000	Maximum Expansion Rate	0.17187
North China	Northern Lowland	10000-10500 Years	10000	Time of Maximum Contraction	10400
North China	Northern Lowland	10000-10500 Years	10000	Maximum Contraction Rate	-0.06155
Northern Segment	Corridor Segment	10000-10500 Years	10000	Mean Log Effective Population Size	9.7462
Northern Segment	Corridor Segment	10000-10500 Years	10000	Net Change in Log Effective Population Size	-0.11506
Northern Segment	Corridor Segment	10000-10500 Years	10000	Mean Rate of Change	-2.9e-4
Northern Segment	Corridor Segment	10000-10500 Years	10000	Fluctuation Amplitude	0.12875
Northern Segment	Corridor Segment	10000-10500 Years	10000	Time of Maximum Expansion	10400
Northern Segment	Corridor Segment	10000-10500 Years	10000	Maximum Expansion Rate	-0.14231
Northern Segment	Corridor Segment	10000-10500 Years	10000	Time of Maximum Contraction	10200
Northern Segment	Corridor Segment	10000-10500 Years	10000	Maximum Contraction Rate	-0.31579
Panxi and Liangshan	Sichuan Region	10000-10500 Years	10000	Mean Log Effective Population Size	8.35704
Panxi and Liangshan	Sichuan Region	10000-10500 Years	10000	Net Change in Log Effective Population Size	0.04375
Panxi and Liangshan	Sichuan Region	10000-10500 Years	10000	Mean Rate of Change	1.1e-4
Panxi and Liangshan	Sichuan Region	10000-10500 Years	10000	Fluctuation Amplitude	0.10432
Panxi and Liangshan	Sichuan Region	10000-10500 Years	10000	Time of Maximum Expansion	10000
Panxi and Liangshan	Sichuan Region	10000-10500 Years	10000	Maximum Expansion Rate	0.08638
Panxi and Liangshan	Sichuan Region	10000-10500 Years	10000	Time of Maximum Contraction	10400
Panxi and Liangshan	Sichuan Region	10000-10500 Years	10000	Maximum Contraction Rate	0.05146
Qinghai-Tibet Plateau Core	Highland	10000-10500 Years	10000	Mean Log Effective Population Size	9.10247
Qinghai-Tibet Plateau Core	Highland	10000-10500 Years	10000	Net Change in Log Effective Population Size	-0.08713
Qinghai-Tibet Plateau Core	Highland	10000-10500 Years	10000	Mean Rate of Change	-2.2e-4
Qinghai-Tibet Plateau Core	Highland	10000-10500 Years	10000	Fluctuation Amplitude	0.10642
Qinghai-Tibet Plateau Core	Highland	10000-10500 Years	10000	Time of Maximum Expansion	10000
Qinghai-Tibet Plateau Core	Highland	10000-10500 Years	10000	Maximum Expansion Rate	-0.11387
Qinghai-Tibet Plateau Core	Highland	10000-10500 Years	10000	Time of Maximum Contraction	10400
Qinghai-Tibet Plateau Core	Highland	10000-10500 Years	10000	Maximum Contraction Rate	-0.25853
Sichuan Basin	Sichuan Region	10000-10500 Years	10000	Mean Log Effective Population Size	9.8465
Sichuan Basin	Sichuan Region	10000-10500 Years	10000	Net Change in Log Effective Population Size	0.59251
Sichuan Basin	Sichuan Region	10000-10500 Years	10000	Mean Rate of Change	0.00148
Sichuan Basin	Sichuan Region	10000-10500 Years	10000	Fluctuation Amplitude	0.59251
Sichuan Basin	Sichuan Region	10000-10500 Years	10000	Time of Maximum Expansion	10400
Sichuan Basin	Sichuan Region	10000-10500 Years	10000	Maximum Expansion Rate	0.86747
Sichuan Basin	Sichuan Region	10000-10500 Years	10000	Time of Maximum Contraction	10000
Sichuan Basin	Sichuan Region	10000-10500 Years	10000	Maximum Contraction Rate	0.46323
Western Highland	Highland	10000-10500 Years	10000	Mean Log Effective Population Size	8.87643
Western Highland	Highland	10000-10500 Years	10000	Net Change in Log Effective Population Size	-0.06926
Western Highland	Highland	10000-10500 Years	10000	Mean Rate of Change	-1.7e-4
Western Highland	Highland	10000-10500 Years	10000	Fluctuation Amplitude	0.10807
Western Highland	Highland	10000-10500 Years	10000	Time of Maximum Expansion	10000
Western Highland	Highland	10000-10500 Years	10000	Maximum Expansion Rate	-0.11745
Western Highland	Highland	10000-10500 Years	10000	Time of Maximum Contraction	10400
Western Highland	Highland	10000-10500 Years	10000	Maximum Contraction Rate	-0.25803
Central Segment	Corridor Segment	10500-11000 Years	10500	Mean Log Effective Population Size	8.6189
Central Segment	Corridor Segment	10500-11000 Years	10500	Net Change in Log Effective Population Size	-0.0267
Central Segment	Corridor Segment	10500-11000 Years	10500	Mean Rate of Change	-7e-5
Central Segment	Corridor Segment	10500-11000 Years	10500	Fluctuation Amplitude	0.08312
Central Segment	Corridor Segment	10500-11000 Years	10500	Time of Maximum Expansion	10600
Central Segment	Corridor Segment	10500-11000 Years	10500	Maximum Expansion Rate	0.03091
Central Segment	Corridor Segment	10500-11000 Years	10500	Time of Maximum Contraction	11000
Central Segment	Corridor Segment	10500-11000 Years	10500	Maximum Contraction Rate	-0.05882
North China	Northern Lowland	10500-11000 Years	10500	Mean Log Effective Population Size	9.42168
North China	Northern Lowland	10500-11000 Years	10500	Net Change in Log Effective Population Size	-0.06352
North China	Northern Lowland	10500-11000 Years	10500	Mean Rate of Change	-1.6e-4
North China	Northern Lowland	10500-11000 Years	10500	Fluctuation Amplitude	0.1666
North China	Northern Lowland	10500-11000 Years	10500	Time of Maximum Expansion	10600
North China	Northern Lowland	10500-11000 Years	10500	Maximum Expansion Rate	-0.05644
North China	Northern Lowland	10500-11000 Years	10500	Time of Maximum Contraction	11000
North China	Northern Lowland	10500-11000 Years	10500	Maximum Contraction Rate	-0.29142
Northern Segment	Corridor Segment	10500-11000 Years	10500	Mean Log Effective Population Size	9.86229
Northern Segment	Corridor Segment	10500-11000 Years	10500	Net Change in Log Effective Population Size	-0.06746
Northern Segment	Corridor Segment	10500-11000 Years	10500	Mean Rate of Change	-1.7e-4
Northern Segment	Corridor Segment	10500-11000 Years	10500	Fluctuation Amplitude	0.10864
Northern Segment	Corridor Segment	10500-11000 Years	10500	Time of Maximum Expansion	11000
Northern Segment	Corridor Segment	10500-11000 Years	10500	Maximum Expansion Rate	-0.02975
Northern Segment	Corridor Segment	10500-11000 Years	10500	Time of Maximum Contraction	10600
Northern Segment	Corridor Segment	10500-11000 Years	10500	Maximum Contraction Rate	-0.1918
Panxi and Liangshan	Sichuan Region	10500-11000 Years	10500	Mean Log Effective Population Size	8.30378
Panxi and Liangshan	Sichuan Region	10500-11000 Years	10500	Net Change in Log Effective Population Size	-0.02159
Panxi and Liangshan	Sichuan Region	10500-11000 Years	10500	Mean Rate of Change	-5e-5
Panxi and Liangshan	Sichuan Region	10500-11000 Years	10500	Fluctuation Amplitude	0.02947
Panxi and Liangshan	Sichuan Region	10500-11000 Years	10500	Time of Maximum Expansion	10600
Panxi and Liangshan	Sichuan Region	10500-11000 Years	10500	Maximum Expansion Rate	0.04419
Panxi and Liangshan	Sichuan Region	10500-11000 Years	10500	Time of Maximum Contraction	11000
Panxi and Liangshan	Sichuan Region	10500-11000 Years	10500	Maximum Contraction Rate	-0.15572
Qinghai-Tibet Plateau Core	Highland	10500-11000 Years	10500	Mean Log Effective Population Size	9.21961
Qinghai-Tibet Plateau Core	Highland	10500-11000 Years	10500	Net Change in Log Effective Population Size	-0.09176
Qinghai-Tibet Plateau Core	Highland	10500-11000 Years	10500	Mean Rate of Change	-2.3e-4
Qinghai-Tibet Plateau Core	Highland	10500-11000 Years	10500	Fluctuation Amplitude	0.11243
Qinghai-Tibet Plateau Core	Highland	10500-11000 Years	10500	Time of Maximum Expansion	10800
Qinghai-Tibet Plateau Core	Highland	10500-11000 Years	10500	Maximum Expansion Rate	-0.1611
Qinghai-Tibet Plateau Core	Highland	10500-11000 Years	10500	Time of Maximum Contraction	10600
Qinghai-Tibet Plateau Core	Highland	10500-11000 Years	10500	Maximum Contraction Rate	-0.26918
Sichuan Basin	Sichuan Region	10500-11000 Years	10500	Mean Log Effective Population Size	9.21461
Sichuan Basin	Sichuan Region	10500-11000 Years	10500	Net Change in Log Effective Population Size	0.09811
Sichuan Basin	Sichuan Region	10500-11000 Years	10500	Mean Rate of Change	2.5e-4
Sichuan Basin	Sichuan Region	10500-11000 Years	10500	Fluctuation Amplitude	0.28826
Sichuan Basin	Sichuan Region	10500-11000 Years	10500	Time of Maximum Expansion	10600
Sichuan Basin	Sichuan Region	10500-11000 Years	10500	Maximum Expansion Rate	0.49856
Sichuan Basin	Sichuan Region	10500-11000 Years	10500	Time of Maximum Contraction	11000
Sichuan Basin	Sichuan Region	10500-11000 Years	10500	Maximum Contraction Rate	-0.60641
Western Highland	Highland	10500-11000 Years	10500	Mean Log Effective Population Size	9.03322
Western Highland	Highland	10500-11000 Years	10500	Net Change in Log Effective Population Size	-0.11661
Western Highland	Highland	10500-11000 Years	10500	Mean Rate of Change	-2.9e-4
Western Highland	Highland	10500-11000 Years	10500	Fluctuation Amplitude	0.13251
Western Highland	Highland	10500-11000 Years	10500	Time of Maximum Expansion	10800
Western Highland	Highland	10500-11000 Years	10500	Maximum Expansion Rate	-0.19067
Western Highland	Highland	10500-11000 Years	10500	Time of Maximum Contraction	10800
Western Highland	Highland	10500-11000 Years	10500	Maximum Contraction Rate	-0.29692
Central Segment	Corridor Segment	11000-11500 Years	11000	Mean Log Effective Population Size	8.65158
Central Segment	Corridor Segment	11000-11500 Years	11000	Net Change in Log Effective Population Size	-0.02346
Central Segment	Corridor Segment	11000-11500 Years	11000	Mean Rate of Change	-6e-5
Central Segment	Corridor Segment	11000-11500 Years	11000	Fluctuation Amplitude	0.09558
Central Segment	Corridor Segment	11000-11500 Years	11000	Time of Maximum Expansion	11200
Central Segment	Corridor Segment	11000-11500 Years	11000	Maximum Expansion Rate	-0.01783
Central Segment	Corridor Segment	11000-11500 Years	11000	Time of Maximum Contraction	11200
Central Segment	Corridor Segment	11000-11500 Years	11000	Maximum Contraction Rate	-0.05695
North China	Northern Lowland	11000-11500 Years	11000	Mean Log Effective Population Size	9.53755
North China	Northern Lowland	11000-11500 Years	11000	Net Change in Log Effective Population Size	-0.14235
North China	Northern Lowland	11000-11500 Years	11000	Mean Rate of Change	-3.6e-4
North China	Northern Lowland	11000-11500 Years	11000	Fluctuation Amplitude	0.14938
North China	Northern Lowland	11000-11500 Years	11000	Time of Maximum Expansion	11000
North China	Northern Lowland	11000-11500 Years	11000	Maximum Expansion Rate	-0.11514
North China	Northern Lowland	11000-11500 Years	11000	Time of Maximum Contraction	11400
North China	Northern Lowland	11000-11500 Years	11000	Maximum Contraction Rate	-0.37986
Northern Segment	Corridor Segment	11000-11500 Years	11000	Mean Log Effective Population Size	9.90339
Northern Segment	Corridor Segment	11000-11500 Years	11000	Net Change in Log Effective Population Size	0.021
Northern Segment	Corridor Segment	11000-11500 Years	11000	Mean Rate of Change	5e-5
Northern Segment	Corridor Segment	11000-11500 Years	11000	Fluctuation Amplitude	0.08814
Northern Segment	Corridor Segment	11000-11500 Years	11000	Time of Maximum Expansion	11400
Northern Segment	Corridor Segment	11000-11500 Years	11000	Maximum Expansion Rate	0.07738
Northern Segment	Corridor Segment	11000-11500 Years	11000	Time of Maximum Contraction	11000
Northern Segment	Corridor Segment	11000-11500 Years	11000	Maximum Contraction Rate	-0.10997
Panxi and Liangshan	Sichuan Region	11000-11500 Years	11000	Mean Log Effective Population Size	8.37245
Panxi and Liangshan	Sichuan Region	11000-11500 Years	11000	Net Change in Log Effective Population Size	-0.09011
Panxi and Liangshan	Sichuan Region	11000-11500 Years	11000	Mean Rate of Change	-2.3e-4
Panxi and Liangshan	Sichuan Region	11000-11500 Years	11000	Fluctuation Amplitude	0.1129
Panxi and Liangshan	Sichuan Region	11000-11500 Years	11000	Time of Maximum Expansion	11000
Panxi and Liangshan	Sichuan Region	11000-11500 Years	11000	Maximum Expansion Rate	-0.11831
Panxi and Liangshan	Sichuan Region	11000-11500 Years	11000	Time of Maximum Contraction	11400
Panxi and Liangshan	Sichuan Region	11000-11500 Years	11000	Maximum Contraction Rate	-0.18745
Qinghai-Tibet Plateau Core	Highland	11000-11500 Years	11000	Mean Log Effective Population Size	9.30817
Qinghai-Tibet Plateau Core	Highland	11000-11500 Years	11000	Net Change in Log Effective Population Size	-0.08528
Qinghai-Tibet Plateau Core	Highland	11000-11500 Years	11000	Mean Rate of Change	-2.1e-4
Qinghai-Tibet Plateau Core	Highland	11000-11500 Years	11000	Fluctuation Amplitude	0.10023
Qinghai-Tibet Plateau Core	Highland	11000-11500 Years	11000	Time of Maximum Expansion	11400
Qinghai-Tibet Plateau Core	Highland	11000-11500 Years	11000	Maximum Expansion Rate	-0.11891
Qinghai-Tibet Plateau Core	Highland	11000-11500 Years	11000	Time of Maximum Contraction	11200
Qinghai-Tibet Plateau Core	Highland	11000-11500 Years	11000	Maximum Contraction Rate	-0.2503
Sichuan Basin	Sichuan Region	11000-11500 Years	11000	Mean Log Effective Population Size	9.47048
Sichuan Basin	Sichuan Region	11000-11500 Years	11000	Net Change in Log Effective Population Size	-0.57047
Sichuan Basin	Sichuan Region	11000-11500 Years	11000	Mean Rate of Change	-0.00143
Sichuan Basin	Sichuan Region	11000-11500 Years	11000	Fluctuation Amplitude	0.57047
Sichuan Basin	Sichuan Region	11000-11500 Years	11000	Time of Maximum Expansion	11000
Sichuan Basin	Sichuan Region	11000-11500 Years	11000	Maximum Expansion Rate	-0.60342
Sichuan Basin	Sichuan Region	11000-11500 Years	11000	Time of Maximum Contraction	11400
Sichuan Basin	Sichuan Region	11000-11500 Years	11000	Maximum Contraction Rate	-1.31429
Western Highland	Highland	11000-11500 Years	11000	Mean Log Effective Population Size	9.14114
Western Highland	Highland	11000-11500 Years	11000	Net Change in Log Effective Population Size	-0.11216
Western Highland	Highland	11000-11500 Years	11000	Mean Rate of Change	-2.8e-4
Western Highland	Highland	11000-11500 Years	11000	Fluctuation Amplitude	0.11802
Western Highland	Highland	11000-11500 Years	11000	Time of Maximum Expansion	11400
Western Highland	Highland	11000-11500 Years	11000	Maximum Expansion Rate	-0.16845
Western Highland	Highland	11000-11500 Years	11000	Time of Maximum Contraction	11000
Western Highland	Highland	11000-11500 Years	11000	Maximum Contraction Rate	-0.29288
Central Segment	Corridor Segment	11500-12000 Years	11500	Mean Log Effective Population Size	8.67327
Central Segment	Corridor Segment	11500-12000 Years	11500	Net Change in Log Effective Population Size	-0.00875
Central Segment	Corridor Segment	11500-12000 Years	11500	Mean Rate of Change	-2e-5
Central Segment	Corridor Segment	11500-12000 Years	11500	Fluctuation Amplitude	0.05468
Central Segment	Corridor Segment	11500-12000 Years	11500	Time of Maximum Expansion	12000
Central Segment	Corridor Segment	11500-12000 Years	11500	Maximum Expansion Rate	0.03279
Central Segment	Corridor Segment	11500-12000 Years	11500	Time of Maximum Contraction	11700
Central Segment	Corridor Segment	11500-12000 Years	11500	Maximum Contraction Rate	-0.10485
North China	Northern Lowland	11500-12000 Years	11500	Mean Log Effective Population Size	9.76866
North China	Northern Lowland	11500-12000 Years	11500	Net Change in Log Effective Population Size	-0.1541
North China	Northern Lowland	11500-12000 Years	11500	Mean Rate of Change	-3.9e-4
North China	Northern Lowland	11500-12000 Years	11500	Fluctuation Amplitude	0.16477
North China	Northern Lowland	11500-12000 Years	11500	Time of Maximum Expansion	12000
North China	Northern Lowland	11500-12000 Years	11500	Maximum Expansion Rate	-0.18258
North China	Northern Lowland	11500-12000 Years	11500	Time of Maximum Contraction	11600
North China	Northern Lowland	11500-12000 Years	11500	Maximum Contraction Rate	-0.38332
Northern Segment	Corridor Segment	11500-12000 Years	11500	Mean Log Effective Population Size	9.86018
Northern Segment	Corridor Segment	11500-12000 Years	11500	Net Change in Log Effective Population Size	0.03421
Northern Segment	Corridor Segment	11500-12000 Years	11500	Mean Rate of Change	9e-5
Northern Segment	Corridor Segment	11500-12000 Years	11500	Fluctuation Amplitude	0.07981
Northern Segment	Corridor Segment	11500-12000 Years	11500	Time of Maximum Expansion	11800
Northern Segment	Corridor Segment	11500-12000 Years	11500	Maximum Expansion Rate	0.13113
Northern Segment	Corridor Segment	11500-12000 Years	11500	Time of Maximum Contraction	11800
Northern Segment	Corridor Segment	11500-12000 Years	11500	Maximum Contraction Rate	-0.00334
Panxi and Liangshan	Sichuan Region	11500-12000 Years	11500	Mean Log Effective Population Size	8.57692
Panxi and Liangshan	Sichuan Region	11500-12000 Years	11500	Net Change in Log Effective Population Size	-0.08811
Panxi and Liangshan	Sichuan Region	11500-12000 Years	11500	Mean Rate of Change	-2.2e-4
Panxi and Liangshan	Sichuan Region	11500-12000 Years	11500	Fluctuation Amplitude	0.11183
Panxi and Liangshan	Sichuan Region	11500-12000 Years	11500	Time of Maximum Expansion	12000
Panxi and Liangshan	Sichuan Region	11500-12000 Years	11500	Maximum Expansion Rate	-0.12761
Panxi and Liangshan	Sichuan Region	11500-12000 Years	11500	Time of Maximum Contraction	11600
Panxi and Liangshan	Sichuan Region	11500-12000 Years	11500	Maximum Contraction Rate	-0.18745
Qinghai-Tibet Plateau Core	Highland	11500-12000 Years	11500	Mean Log Effective Population Size	9.39305
Qinghai-Tibet Plateau Core	Highland	11500-12000 Years	11500	Net Change in Log Effective Population Size	-0.04243
Qinghai-Tibet Plateau Core	Highland	11500-12000 Years	11500	Mean Rate of Change	-1.1e-4
Qinghai-Tibet Plateau Core	Highland	11500-12000 Years	11500	Fluctuation Amplitude	0.10644
Qinghai-Tibet Plateau Core	Highland	11500-12000 Years	11500	Time of Maximum Expansion	12000
Qinghai-Tibet Plateau Core	Highland	11500-12000 Years	11500	Maximum Expansion Rate	-0.07518
Qinghai-Tibet Plateau Core	Highland	11500-12000 Years	11500	Time of Maximum Contraction	11600
Qinghai-Tibet Plateau Core	Highland	11500-12000 Years	11500	Maximum Contraction Rate	-0.17632
Western Highland	Highland	11500-12000 Years	11500	Mean Log Effective Population Size	9.23348
Western Highland	Highland	11500-12000 Years	11500	Net Change in Log Effective Population Size	-0.03908
Western Highland	Highland	11500-12000 Years	11500	Mean Rate of Change	-1e-4
Western Highland	Highland	11500-12000 Years	11500	Fluctuation Amplitude	0.10516
Western Highland	Highland	11500-12000 Years	11500	Time of Maximum Expansion	12000
Western Highland	Highland	11500-12000 Years	11500	Maximum Expansion Rate	-0.08674
Western Highland	Highland	11500-12000 Years	11500	Time of Maximum Contraction	11600
Western Highland	Highland	11500-12000 Years	11500	Maximum Contraction Rate	-0.19689
Central Segment	Corridor Segment	12000-12500 Years	12000	Mean Log Effective Population Size	8.69436
Central Segment	Corridor Segment	12000-12500 Years	12000	Net Change in Log Effective Population Size	-0.0111
Central Segment	Corridor Segment	12000-12500 Years	12000	Mean Rate of Change	-3e-5
Central Segment	Corridor Segment	12000-12500 Years	12000	Fluctuation Amplitude	0.09767
Central Segment	Corridor Segment	12000-12500 Years	12000	Time of Maximum Expansion	12200
Central Segment	Corridor Segment	12000-12500 Years	12000	Maximum Expansion Rate	-0.00287
Central Segment	Corridor Segment	12000-12500 Years	12000	Time of Maximum Contraction	12200
Central Segment	Corridor Segment	12000-12500 Years	12000	Maximum Contraction Rate	-0.02885
North China	Northern Lowland	12000-12500 Years	12000	Mean Log Effective Population Size	9.8666
North China	Northern Lowland	12000-12500 Years	12000	Net Change in Log Effective Population Size	-0.06509
North China	Northern Lowland	12000-12500 Years	12000	Mean Rate of Change	-1.6e-4
North China	Northern Lowland	12000-12500 Years	12000	Fluctuation Amplitude	0.10826
North China	Northern Lowland	12000-12500 Years	12000	Time of Maximum Expansion	12400
North China	Northern Lowland	12000-12500 Years	12000	Maximum Expansion Rate	-0.08015
North China	Northern Lowland	12000-12500 Years	12000	Time of Maximum Contraction	12000
North China	Northern Lowland	12000-12500 Years	12000	Maximum Contraction Rate	-0.29817
Northern Segment	Corridor Segment	12000-12500 Years	12000	Mean Log Effective Population Size	9.83163
Northern Segment	Corridor Segment	12000-12500 Years	12000	Net Change in Log Effective Population Size	0.02912
Northern Segment	Corridor Segment	12000-12500 Years	12000	Mean Rate of Change	7e-5
Northern Segment	Corridor Segment	12000-12500 Years	12000	Fluctuation Amplitude	0.08178
Northern Segment	Corridor Segment	12000-12500 Years	12000	Time of Maximum Expansion	12000
Northern Segment	Corridor Segment	12000-12500 Years	12000	Maximum Expansion Rate	0.13753
Northern Segment	Corridor Segment	12000-12500 Years	12000	Time of Maximum Contraction	12400
Northern Segment	Corridor Segment	12000-12500 Years	12000	Maximum Contraction Rate	-0.00858
Panxi and Liangshan	Sichuan Region	12000-12500 Years	12000	Mean Log Effective Population Size	8.61426
Panxi and Liangshan	Sichuan Region	12000-12500 Years	12000	Net Change in Log Effective Population Size	-0.00709
Panxi and Liangshan	Sichuan Region	12000-12500 Years	12000	Mean Rate of Change	-2e-5
Panxi and Liangshan	Sichuan Region	12000-12500 Years	12000	Fluctuation Amplitude	0.03405
Panxi and Liangshan	Sichuan Region	12000-12500 Years	12000	Time of Maximum Expansion	12400
Panxi and Liangshan	Sichuan Region	12000-12500 Years	12000	Maximum Expansion Rate	-0.03959
Panxi and Liangshan	Sichuan Region	12000-12500 Years	12000	Time of Maximum Contraction	12000
Panxi and Liangshan	Sichuan Region	12000-12500 Years	12000	Maximum Contraction Rate	-0.14309
Qinghai-Tibet Plateau Core	Highland	12000-12500 Years	12000	Mean Log Effective Population Size	9.45353
Qinghai-Tibet Plateau Core	Highland	12000-12500 Years	12000	Net Change in Log Effective Population Size	-0.0405
Qinghai-Tibet Plateau Core	Highland	12000-12500 Years	12000	Mean Rate of Change	-1e-4
Qinghai-Tibet Plateau Core	Highland	12000-12500 Years	12000	Fluctuation Amplitude	0.08456
Qinghai-Tibet Plateau Core	Highland	12000-12500 Years	12000	Time of Maximum Expansion	12400
Qinghai-Tibet Plateau Core	Highland	12000-12500 Years	12000	Maximum Expansion Rate	-0.00925
Qinghai-Tibet Plateau Core	Highland	12000-12500 Years	12000	Time of Maximum Contraction	12000
Qinghai-Tibet Plateau Core	Highland	12000-12500 Years	12000	Maximum Contraction Rate	-0.15298
Western Highland	Highland	12000-12500 Years	12000	Mean Log Effective Population Size	9.26074
Western Highland	Highland	12000-12500 Years	12000	Net Change in Log Effective Population Size	-0.04385
Western Highland	Highland	12000-12500 Years	12000	Mean Rate of Change	-1.1e-4
Western Highland	Highland	12000-12500 Years	12000	Fluctuation Amplitude	0.08469
Western Highland	Highland	12000-12500 Years	12000	Time of Maximum Expansion	12400
Western Highland	Highland	12000-12500 Years	12000	Maximum Expansion Rate	-0.04323
Western Highland	Highland	12000-12500 Years	12000	Time of Maximum Contraction	12000
Western Highland	Highland	12000-12500 Years	12000	Maximum Contraction Rate	-0.17304
Central Segment	Corridor Segment	12500-13000 Years	12500	Mean Log Effective Population Size	8.71245
Central Segment	Corridor Segment	12500-13000 Years	12500	Net Change in Log Effective Population Size	-0.00456
Central Segment	Corridor Segment	12500-13000 Years	12500	Mean Rate of Change	-1e-5
Central Segment	Corridor Segment	12500-13000 Years	12500	Fluctuation Amplitude	0.05119
Central Segment	Corridor Segment	12500-13000 Years	12500	Time of Maximum Expansion	13000
Central Segment	Corridor Segment	12500-13000 Years	12500	Maximum Expansion Rate	0.06317
Central Segment	Corridor Segment	12500-13000 Years	12500	Time of Maximum Contraction	12600
Central Segment	Corridor Segment	12500-13000 Years	12500	Maximum Contraction Rate	-0.07881
North China	Northern Lowland	12500-13000 Years	12500	Mean Log Effective Population Size	9.91049
North China	Northern Lowland	12500-13000 Years	12500	Net Change in Log Effective Population Size	-0.03503
North China	Northern Lowland	12500-13000 Years	12500	Mean Rate of Change	-9e-5
North China	Northern Lowland	12500-13000 Years	12500	Fluctuation Amplitude	0.11752
North China	Northern Lowland	12500-13000 Years	12500	Time of Maximum Expansion	13000
North China	Northern Lowland	12500-13000 Years	12500	Maximum Expansion Rate	0.03486
North China	Northern Lowland	12500-13000 Years	12500	Time of Maximum Contraction	12600
North China	Northern Lowland	12500-13000 Years	12500	Maximum Contraction Rate	-0.17372
Northern Segment	Corridor Segment	12500-13000 Years	12500	Mean Log Effective Population Size	9.77933
Northern Segment	Corridor Segment	12500-13000 Years	12500	Net Change in Log Effective Population Size	0.01684
Northern Segment	Corridor Segment	12500-13000 Years	12500	Mean Rate of Change	4e-5
Northern Segment	Corridor Segment	12500-13000 Years	12500	Fluctuation Amplitude	0.08347
Northern Segment	Corridor Segment	12500-13000 Years	12500	Time of Maximum Expansion	12800
Northern Segment	Corridor Segment	12500-13000 Years	12500	Maximum Expansion Rate	0.11215
Northern Segment	Corridor Segment	12500-13000 Years	12500	Time of Maximum Contraction	12800
Northern Segment	Corridor Segment	12500-13000 Years	12500	Maximum Contraction Rate	-0.01713
Panxi and Liangshan	Sichuan Region	12500-13000 Years	12500	Mean Log Effective Population Size	8.60803
Panxi and Liangshan	Sichuan Region	12500-13000 Years	12500	Net Change in Log Effective Population Size	-0.04245
Panxi and Liangshan	Sichuan Region	12500-13000 Years	12500	Mean Rate of Change	-1.1e-4
Panxi and Liangshan	Sichuan Region	12500-13000 Years	12500	Fluctuation Amplitude	0.06463
Panxi and Liangshan	Sichuan Region	12500-13000 Years	12500	Time of Maximum Expansion	12600
Panxi and Liangshan	Sichuan Region	12500-13000 Years	12500	Maximum Expansion Rate	-0.06617
Panxi and Liangshan	Sichuan Region	12500-13000 Years	12500	Time of Maximum Contraction	13000
Panxi and Liangshan	Sichuan Region	12500-13000 Years	12500	Maximum Contraction Rate	-0.12878
Qinghai-Tibet Plateau Core	Highland	12500-13000 Years	12500	Mean Log Effective Population Size	9.45064
Qinghai-Tibet Plateau Core	Highland	12500-13000 Years	12500	Net Change in Log Effective Population Size	0.01249
Qinghai-Tibet Plateau Core	Highland	12500-13000 Years	12500	Mean Rate of Change	3e-5
Qinghai-Tibet Plateau Core	Highland	12500-13000 Years	12500	Fluctuation Amplitude	0.09982
Qinghai-Tibet Plateau Core	Highland	12500-13000 Years	12500	Time of Maximum Expansion	13000
Qinghai-Tibet Plateau Core	Highland	12500-13000 Years	12500	Maximum Expansion Rate	0.04103
Qinghai-Tibet Plateau Core	Highland	12500-13000 Years	12500	Time of Maximum Contraction	12600
Qinghai-Tibet Plateau Core	Highland	12500-13000 Years	12500	Maximum Contraction Rate	-0.07302
Western Highland	Highland	12500-13000 Years	12500	Mean Log Effective Population Size	9.31812
Western Highland	Highland	12500-13000 Years	12500	Net Change in Log Effective Population Size	7.8e-4
Western Highland	Highland	12500-13000 Years	12500	Mean Rate of Change	0
Western Highland	Highland	12500-13000 Years	12500	Fluctuation Amplitude	0.1088
Western Highland	Highland	12500-13000 Years	12500	Time of Maximum Expansion	13000
Western Highland	Highland	12500-13000 Years	12500	Maximum Expansion Rate	0.00693
Western Highland	Highland	12500-13000 Years	12500	Time of Maximum Contraction	12600
Western Highland	Highland	12500-13000 Years	12500	Maximum Contraction Rate	-0.08746
Central Segment	Corridor Segment	13000-13500 Years	13000	Mean Log Effective Population Size	8.72388
Central Segment	Corridor Segment	13000-13500 Years	13000	Net Change in Log Effective Population Size	-0.00709
Central Segment	Corridor Segment	13000-13500 Years	13000	Mean Rate of Change	-2e-5
Central Segment	Corridor Segment	13000-13500 Years	13000	Fluctuation Amplitude	0.08418
Central Segment	Corridor Segment	13000-13500 Years	13000	Time of Maximum Expansion	13300
Central Segment	Corridor Segment	13000-13500 Years	13000	Maximum Expansion Rate	0.02196
Central Segment	Corridor Segment	13000-13500 Years	13000	Time of Maximum Contraction	13000
Central Segment	Corridor Segment	13000-13500 Years	13000	Maximum Contraction Rate	-0.07307
North China	Northern Lowland	13000-13500 Years	13000	Mean Log Effective Population Size	9.92927
North China	Northern Lowland	13000-13500 Years	13000	Net Change in Log Effective Population Size	-0.00641
North China	Northern Lowland	13000-13500 Years	13000	Mean Rate of Change	-2e-5
North China	Northern Lowland	13000-13500 Years	13000	Fluctuation Amplitude	0.10754
North China	Northern Lowland	13000-13500 Years	13000	Time of Maximum Expansion	13400
North China	Northern Lowland	13000-13500 Years	13000	Maximum Expansion Rate	0.06162
North China	Northern Lowland	13000-13500 Years	13000	Time of Maximum Contraction	13000
North China	Northern Lowland	13000-13500 Years	13000	Maximum Contraction Rate	-0.10229
Northern Segment	Corridor Segment	13000-13500 Years	13000	Mean Log Effective Population Size	9.77428
Northern Segment	Corridor Segment	13000-13500 Years	13000	Net Change in Log Effective Population Size	0.01595
Northern Segment	Corridor Segment	13000-13500 Years	13000	Mean Rate of Change	4e-5
Northern Segment	Corridor Segment	13000-13500 Years	13000	Fluctuation Amplitude	0.07681
Northern Segment	Corridor Segment	13000-13500 Years	13000	Time of Maximum Expansion	13000
Northern Segment	Corridor Segment	13000-13500 Years	13000	Maximum Expansion Rate	0.11087
Northern Segment	Corridor Segment	13000-13500 Years	13000	Time of Maximum Contraction	13400
Northern Segment	Corridor Segment	13000-13500 Years	13000	Maximum Contraction Rate	-0.04574
Panxi and Liangshan	Sichuan Region	13000-13500 Years	13000	Mean Log Effective Population Size	8.66914
Panxi and Liangshan	Sichuan Region	13000-13500 Years	13000	Net Change in Log Effective Population Size	-0.08107
Panxi and Liangshan	Sichuan Region	13000-13500 Years	13000	Mean Rate of Change	-2e-4
Panxi and Liangshan	Sichuan Region	13000-13500 Years	13000	Fluctuation Amplitude	0.12246
Panxi and Liangshan	Sichuan Region	13000-13500 Years	13000	Time of Maximum Expansion	13000
Panxi and Liangshan	Sichuan Region	13000-13500 Years	13000	Maximum Expansion Rate	-0.12878
Panxi and Liangshan	Sichuan Region	13000-13500 Years	13000	Time of Maximum Contraction	13200
Panxi and Liangshan	Sichuan Region	13000-13500 Years	13000	Maximum Contraction Rate	-0.14483
Qinghai-Tibet Plateau Core	Highland	13000-13500 Years	13000	Mean Log Effective Population Size	9.45107
Qinghai-Tibet Plateau Core	Highland	13000-13500 Years	13000	Net Change in Log Effective Population Size	0.00822
Qinghai-Tibet Plateau Core	Highland	13000-13500 Years	13000	Mean Rate of Change	2e-5
Qinghai-Tibet Plateau Core	Highland	13000-13500 Years	13000	Fluctuation Amplitude	0.08173
Qinghai-Tibet Plateau Core	Highland	13000-13500 Years	13000	Time of Maximum Expansion	13400
Qinghai-Tibet Plateau Core	Highland	13000-13500 Years	13000	Maximum Expansion Rate	0.06073
Qinghai-Tibet Plateau Core	Highland	13000-13500 Years	13000	Time of Maximum Contraction	13000
Qinghai-Tibet Plateau Core	Highland	13000-13500 Years	13000	Maximum Contraction Rate	-0.0648
Western Highland	Highland	13000-13500 Years	13000	Mean Log Effective Population Size	9.33912
Western Highland	Highland	13000-13500 Years	13000	Net Change in Log Effective Population Size	0.00367
Western Highland	Highland	13000-13500 Years	13000	Mean Rate of Change	1e-5
Western Highland	Highland	13000-13500 Years	13000	Fluctuation Amplitude	0.08518
Western Highland	Highland	13000-13500 Years	13000	Time of Maximum Expansion	13200
Western Highland	Highland	13000-13500 Years	13000	Maximum Expansion Rate	0.05933
Western Highland	Highland	13000-13500 Years	13000	Time of Maximum Contraction	13000
Western Highland	Highland	13000-13500 Years	13000	Maximum Contraction Rate	-0.06368
Central Segment	Corridor Segment	13500-14000 Years	13500	Mean Log Effective Population Size	8.7371
Central Segment	Corridor Segment	13500-14000 Years	13500	Net Change in Log Effective Population Size	-0.00374
Central Segment	Corridor Segment	13500-14000 Years	13500	Mean Rate of Change	-1e-5
Central Segment	Corridor Segment	13500-14000 Years	13500	Fluctuation Amplitude	0.08421
Central Segment	Corridor Segment	13500-14000 Years	13500	Time of Maximum Expansion	13600
Central Segment	Corridor Segment	13500-14000 Years	13500	Maximum Expansion Rate	0.01773
Central Segment	Corridor Segment	13500-14000 Years	13500	Time of Maximum Contraction	14000
Central Segment	Corridor Segment	13500-14000 Years	13500	Maximum Contraction Rate	-0.09326
North China	Northern Lowland	13500-14000 Years	13500	Mean Log Effective Population Size	9.98087
North China	Northern Lowland	13500-14000 Years	13500	Net Change in Log Effective Population Size	0.04542
North China	Northern Lowland	13500-14000 Years	13500	Mean Rate of Change	1.1e-4
North China	Northern Lowland	13500-14000 Years	13500	Fluctuation Amplitude	0.11762
North China	Northern Lowland	13500-14000 Years	13500	Time of Maximum Expansion	14000
North China	Northern Lowland	13500-14000 Years	13500	Maximum Expansion Rate	0.20758
North China	Northern Lowland	13500-14000 Years	13500	Time of Maximum Contraction	13600
North China	Northern Lowland	13500-14000 Years	13500	Maximum Contraction Rate	0.01924
Northern Segment	Corridor Segment	13500-14000 Years	13500	Mean Log Effective Population Size	9.74342
Northern Segment	Corridor Segment	13500-14000 Years	13500	Net Change in Log Effective Population Size	0.02008
Northern Segment	Corridor Segment	13500-14000 Years	13500	Mean Rate of Change	5e-5
Northern Segment	Corridor Segment	13500-14000 Years	13500	Fluctuation Amplitude	0.07583
Northern Segment	Corridor Segment	13500-14000 Years	13500	Time of Maximum Expansion	14000
Northern Segment	Corridor Segment	13500-14000 Years	13500	Maximum Expansion Rate	0.11976
Northern Segment	Corridor Segment	13500-14000 Years	13500	Time of Maximum Contraction	13600
Northern Segment	Corridor Segment	13500-14000 Years	13500	Maximum Contraction Rate	-0.01858
Panxi and Liangshan	Sichuan Region	13500-14000 Years	13500	Mean Log Effective Population Size	8.76685
Panxi and Liangshan	Sichuan Region	13500-14000 Years	13500	Net Change in Log Effective Population Size	-0.03203
Panxi and Liangshan	Sichuan Region	13500-14000 Years	13500	Mean Rate of Change	-8e-5
Panxi and Liangshan	Sichuan Region	13500-14000 Years	13500	Fluctuation Amplitude	0.06956
Panxi and Liangshan	Sichuan Region	13500-14000 Years	13500	Time of Maximum Expansion	14000
Panxi and Liangshan	Sichuan Region	13500-14000 Years	13500	Maximum Expansion Rate	-0.07018
Panxi and Liangshan	Sichuan Region	13500-14000 Years	13500	Time of Maximum Contraction	13600
Panxi and Liangshan	Sichuan Region	13500-14000 Years	13500	Maximum Contraction Rate	-0.14605
Qinghai-Tibet Plateau Core	Highland	13500-14000 Years	13500	Mean Log Effective Population Size	9.46713
Qinghai-Tibet Plateau Core	Highland	13500-14000 Years	13500	Net Change in Log Effective Population Size	0.00801
Qinghai-Tibet Plateau Core	Highland	13500-14000 Years	13500	Mean Rate of Change	2e-5
Qinghai-Tibet Plateau Core	Highland	13500-14000 Years	13500	Fluctuation Amplitude	0.10942
Qinghai-Tibet Plateau Core	Highland	13500-14000 Years	13500	Time of Maximum Expansion	13800
Qinghai-Tibet Plateau Core	Highland	13500-14000 Years	13500	Maximum Expansion Rate	0.08369
Qinghai-Tibet Plateau Core	Highland	13500-14000 Years	13500	Time of Maximum Contraction	13800
Qinghai-Tibet Plateau Core	Highland	13500-14000 Years	13500	Maximum Contraction Rate	-0.02696
Western Highland	Highland	13500-14000 Years	13500	Mean Log Effective Population Size	9.35769
Western Highland	Highland	13500-14000 Years	13500	Net Change in Log Effective Population Size	0.00143
Western Highland	Highland	13500-14000 Years	13500	Mean Rate of Change	0
Western Highland	Highland	13500-14000 Years	13500	Fluctuation Amplitude	0.09859
Western Highland	Highland	13500-14000 Years	13500	Time of Maximum Expansion	13800
Western Highland	Highland	13500-14000 Years	13500	Maximum Expansion Rate	0.04915
Western Highland	Highland	13500-14000 Years	13500	Time of Maximum Contraction	13800
Western Highland	Highland	13500-14000 Years	13500	Maximum Contraction Rate	-0.03367
Central Segment	Corridor Segment	14000-14500 Years	14000	Mean Log Effective Population Size	8.7415
Central Segment	Corridor Segment	14000-14500 Years	14000	Net Change in Log Effective Population Size	-0.01516
Central Segment	Corridor Segment	14000-14500 Years	14000	Mean Rate of Change	-4e-5
Central Segment	Corridor Segment	14000-14500 Years	14000	Fluctuation Amplitude	0.06041
Central Segment	Corridor Segment	14000-14500 Years	14000	Time of Maximum Expansion	14000
Central Segment	Corridor Segment	14000-14500 Years	14000	Maximum Expansion Rate	0.03448
Central Segment	Corridor Segment	14000-14500 Years	14000	Time of Maximum Contraction	14400
Central Segment	Corridor Segment	14000-14500 Years	14000	Maximum Contraction Rate	-0.10694
North China	Northern Lowland	14000-14500 Years	14000	Mean Log Effective Population Size	9.87888
North China	Northern Lowland	14000-14500 Years	14000	Net Change in Log Effective Population Size	0.09975
North China	Northern Lowland	14000-14500 Years	14000	Mean Rate of Change	2.5e-4
North China	Northern Lowland	14000-14500 Years	14000	Fluctuation Amplitude	0.13731
North China	Northern Lowland	14000-14500 Years	14000	Time of Maximum Expansion	14400
North China	Northern Lowland	14000-14500 Years	14000	Maximum Expansion Rate	0.32385
North China	Northern Lowland	14000-14500 Years	14000	Time of Maximum Contraction	14000
North China	Northern Lowland	14000-14500 Years	14000	Maximum Contraction Rate	0.15016
Northern Segment	Corridor Segment	14000-14500 Years	14000	Mean Log Effective Population Size	9.74289
Northern Segment	Corridor Segment	14000-14500 Years	14000	Net Change in Log Effective Population Size	0.0303
Northern Segment	Corridor Segment	14000-14500 Years	14000	Mean Rate of Change	8e-5
Northern Segment	Corridor Segment	14000-14500 Years	14000	Fluctuation Amplitude	0.09371
Northern Segment	Corridor Segment	14000-14500 Years	14000	Time of Maximum Expansion	14400
Northern Segment	Corridor Segment	14000-14500 Years	14000	Maximum Expansion Rate	0.15441
Northern Segment	Corridor Segment	14000-14500 Years	14000	Time of Maximum Contraction	14000
Northern Segment	Corridor Segment	14000-14500 Years	14000	Maximum Contraction Rate	0.03364
Panxi and Liangshan	Sichuan Region	14000-14500 Years	14000	Mean Log Effective Population Size	8.79706
Panxi and Liangshan	Sichuan Region	14000-14500 Years	14000	Net Change in Log Effective Population Size	-0.00637
Panxi and Liangshan	Sichuan Region	14000-14500 Years	14000	Mean Rate of Change	-2e-5
Panxi and Liangshan	Sichuan Region	14000-14500 Years	14000	Fluctuation Amplitude	0.02725
Panxi and Liangshan	Sichuan Region	14000-14500 Years	14000	Time of Maximum Expansion	14200
Panxi and Liangshan	Sichuan Region	14000-14500 Years	14000	Maximum Expansion Rate	-0.01439
Panxi and Liangshan	Sichuan Region	14000-14500 Years	14000	Time of Maximum Contraction	14400
Panxi and Liangshan	Sichuan Region	14000-14500 Years	14000	Maximum Contraction Rate	-0.17908
Qinghai-Tibet Plateau Core	Highland	14000-14500 Years	14000	Mean Log Effective Population Size	9.46326
Qinghai-Tibet Plateau Core	Highland	14000-14500 Years	14000	Net Change in Log Effective Population Size	0.00469
Qinghai-Tibet Plateau Core	Highland	14000-14500 Years	14000	Mean Rate of Change	1e-5
Qinghai-Tibet Plateau Core	Highland	14000-14500 Years	14000	Fluctuation Amplitude	0.09266
Qinghai-Tibet Plateau Core	Highland	14000-14500 Years	14000	Time of Maximum Expansion	14400
Qinghai-Tibet Plateau Core	Highland	14000-14500 Years	14000	Maximum Expansion Rate	0.10493
Qinghai-Tibet Plateau Core	Highland	14000-14500 Years	14000	Time of Maximum Contraction	14000
Qinghai-Tibet Plateau Core	Highland	14000-14500 Years	14000	Maximum Contraction Rate	-0.02066
Western Highland	Highland	14000-14500 Years	14000	Mean Log Effective Population Size	9.32083
Western Highland	Highland	14000-14500 Years	14000	Net Change in Log Effective Population Size	0.01268
Western Highland	Highland	14000-14500 Years	14000	Mean Rate of Change	3e-5
Western Highland	Highland	14000-14500 Years	14000	Fluctuation Amplitude	0.08184
Western Highland	Highland	14000-14500 Years	14000	Time of Maximum Expansion	14400
Western Highland	Highland	14000-14500 Years	14000	Maximum Expansion Rate	0.08333
Western Highland	Highland	14000-14500 Years	14000	Time of Maximum Contraction	14000
Western Highland	Highland	14000-14500 Years	14000	Maximum Contraction Rate	-0.04022
Central Segment	Corridor Segment	14500-15000 Years	14500	Mean Log Effective Population Size	8.74741
Central Segment	Corridor Segment	14500-15000 Years	14500	Net Change in Log Effective Population Size	-0.02102
Central Segment	Corridor Segment	14500-15000 Years	14500	Mean Rate of Change	-5e-5
Central Segment	Corridor Segment	14500-15000 Years	14500	Fluctuation Amplitude	0.10474
Central Segment	Corridor Segment	14500-15000 Years	14500	Time of Maximum Expansion	14800
Central Segment	Corridor Segment	14500-15000 Years	14500	Maximum Expansion Rate	-0.03261
Central Segment	Corridor Segment	14500-15000 Years	14500	Time of Maximum Contraction	15000
Central Segment	Corridor Segment	14500-15000 Years	14500	Maximum Contraction Rate	-0.0985
North China	Northern Lowland	14500-15000 Years	14500	Mean Log Effective Population Size	9.6448
North China	Northern Lowland	14500-15000 Years	14500	Net Change in Log Effective Population Size	0.17809
North China	Northern Lowland	14500-15000 Years	14500	Mean Rate of Change	4.5e-4
North China	Northern Lowland	14500-15000 Years	14500	Fluctuation Amplitude	0.18091
North China	Northern Lowland	14500-15000 Years	14500	Time of Maximum Expansion	14800
North China	Northern Lowland	14500-15000 Years	14500	Maximum Expansion Rate	0.45836
North China	Northern Lowland	14500-15000 Years	14500	Time of Maximum Contraction	14600
North China	Northern Lowland	14500-15000 Years	14500	Maximum Contraction Rate	0.2688
Northern Segment	Corridor Segment	14500-15000 Years	14500	Mean Log Effective Population Size	9.6424
Northern Segment	Corridor Segment	14500-15000 Years	14500	Net Change in Log Effective Population Size	0.08806
Northern Segment	Corridor Segment	14500-15000 Years	14500	Mean Rate of Change	2.2e-4
Northern Segment	Corridor Segment	14500-15000 Years	14500	Fluctuation Amplitude	0.11379
Northern Segment	Corridor Segment	14500-15000 Years	14500	Time of Maximum Expansion	15000
Northern Segment	Corridor Segment	14500-15000 Years	14500	Maximum Expansion Rate	0.25246
Northern Segment	Corridor Segment	14500-15000 Years	14500	Time of Maximum Contraction	14600
Northern Segment	Corridor Segment	14500-15000 Years	14500	Maximum Contraction Rate	0.12196
Panxi and Liangshan	Sichuan Region	14500-15000 Years	14500	Mean Log Effective Population Size	8.85119
Panxi and Liangshan	Sichuan Region	14500-15000 Years	14500	Net Change in Log Effective Population Size	-0.09322
Panxi and Liangshan	Sichuan Region	14500-15000 Years	14500	Mean Rate of Change	-2.3e-4
Panxi and Liangshan	Sichuan Region	14500-15000 Years	14500	Fluctuation Amplitude	0.15256
Panxi and Liangshan	Sichuan Region	14500-15000 Years	14500	Time of Maximum Expansion	14600
Panxi and Liangshan	Sichuan Region	14500-15000 Years	14500	Maximum Expansion Rate	-0.14809
Panxi and Liangshan	Sichuan Region	14500-15000 Years	14500	Time of Maximum Contraction	14800
Panxi and Liangshan	Sichuan Region	14500-15000 Years	14500	Maximum Contraction Rate	-0.16655
Qinghai-Tibet Plateau Core	Highland	14500-15000 Years	14500	Mean Log Effective Population Size	9.42904
Qinghai-Tibet Plateau Core	Highland	14500-15000 Years	14500	Net Change in Log Effective Population Size	0.0324
Qinghai-Tibet Plateau Core	Highland	14500-15000 Years	14500	Mean Rate of Change	8e-5
Qinghai-Tibet Plateau Core	Highland	14500-15000 Years	14500	Fluctuation Amplitude	0.09689
Qinghai-Tibet Plateau Core	Highland	14500-15000 Years	14500	Time of Maximum Expansion	15000
Qinghai-Tibet Plateau Core	Highland	14500-15000 Years	14500	Maximum Expansion Rate	0.14541
Qinghai-Tibet Plateau Core	Highland	14500-15000 Years	14500	Time of Maximum Contraction	14800
Qinghai-Tibet Plateau Core	Highland	14500-15000 Years	14500	Maximum Contraction Rate	0.00629
Western Highland	Highland	14500-15000 Years	14500	Mean Log Effective Population Size	9.33134
Western Highland	Highland	14500-15000 Years	14500	Net Change in Log Effective Population Size	0.02273
Western Highland	Highland	14500-15000 Years	14500	Mean Rate of Change	6e-5
Western Highland	Highland	14500-15000 Years	14500	Fluctuation Amplitude	0.10395
Western Highland	Highland	14500-15000 Years	14500	Time of Maximum Expansion	14800
Western Highland	Highland	14500-15000 Years	14500	Maximum Expansion Rate	0.09504
Western Highland	Highland	14500-15000 Years	14500	Time of Maximum Contraction	14800
Western Highland	Highland	14500-15000 Years	14500	Maximum Contraction Rate	-0.02994
Central Segment	Corridor Segment	15000-15500 Years	15000	Mean Log Effective Population Size	8.77484
Central Segment	Corridor Segment	15000-15500 Years	15000	Net Change in Log Effective Population Size	-0.02815
Central Segment	Corridor Segment	15000-15500 Years	15000	Mean Rate of Change	-7e-5
Central Segment	Corridor Segment	15000-15500 Years	15000	Fluctuation Amplitude	0.05495
Central Segment	Corridor Segment	15000-15500 Years	15000	Time of Maximum Expansion	15000
Central Segment	Corridor Segment	15000-15500 Years	15000	Maximum Expansion Rate	0.00264
Central Segment	Corridor Segment	15000-15500 Years	15000	Time of Maximum Contraction	15400
Central Segment	Corridor Segment	15000-15500 Years	15000	Maximum Contraction Rate	-0.14864
North China	Northern Lowland	15000-15500 Years	15000	Mean Log Effective Population Size	9.4677
North China	Northern Lowland	15000-15500 Years	15000	Net Change in Log Effective Population Size	0.14266
North China	Northern Lowland	15000-15500 Years	15000	Mean Rate of Change	3.6e-4
North China	Northern Lowland	15000-15500 Years	15000	Fluctuation Amplitude	0.18054
North China	Northern Lowland	15000-15500 Years	15000	Time of Maximum Expansion	15000
North China	Northern Lowland	15000-15500 Years	15000	Maximum Expansion Rate	0.43483
North China	Northern Lowland	15000-15500 Years	15000	Time of Maximum Contraction	15400
North China	Northern Lowland	15000-15500 Years	15000	Maximum Contraction Rate	0.28151
Northern Segment	Corridor Segment	15000-15500 Years	15000	Mean Log Effective Population Size	9.54816
Northern Segment	Corridor Segment	15000-15500 Years	15000	Net Change in Log Effective Population Size	0.10028
Northern Segment	Corridor Segment	15000-15500 Years	15000	Mean Rate of Change	2.5e-4
Northern Segment	Corridor Segment	15000-15500 Years	15000	Fluctuation Amplitude	0.12428
Northern Segment	Corridor Segment	15000-15500 Years	15000	Time of Maximum Expansion	15200
Northern Segment	Corridor Segment	15000-15500 Years	15000	Maximum Expansion Rate	0.25068
Northern Segment	Corridor Segment	15000-15500 Years	15000	Time of Maximum Contraction	15400
Northern Segment	Corridor Segment	15000-15500 Years	15000	Maximum Contraction Rate	0.12904
Panxi and Liangshan	Sichuan Region	15000-15500 Years	15000	Mean Log Effective Population Size	8.91204
Panxi and Liangshan	Sichuan Region	15000-15500 Years	15000	Net Change in Log Effective Population Size	-0.07859
Panxi and Liangshan	Sichuan Region	15000-15500 Years	15000	Mean Rate of Change	-2e-4
Panxi and Liangshan	Sichuan Region	15000-15500 Years	15000	Fluctuation Amplitude	0.1261
Panxi and Liangshan	Sichuan Region	15000-15500 Years	15000	Time of Maximum Expansion	15400
Panxi and Liangshan	Sichuan Region	15000-15500 Years	15000	Maximum Expansion Rate	-0.10657
Panxi and Liangshan	Sichuan Region	15000-15500 Years	15000	Time of Maximum Contraction	15000
Panxi and Liangshan	Sichuan Region	15000-15500 Years	15000	Maximum Contraction Rate	-0.16655
Qinghai-Tibet Plateau Core	Highland	15000-15500 Years	15000	Mean Log Effective Population Size	9.42324
Qinghai-Tibet Plateau Core	Highland	15000-15500 Years	15000	Net Change in Log Effective Population Size	0.04469
Qinghai-Tibet Plateau Core	Highland	15000-15500 Years	15000	Mean Rate of Change	1.1e-4
Qinghai-Tibet Plateau Core	Highland	15000-15500 Years	15000	Fluctuation Amplitude	0.10263
Qinghai-Tibet Plateau Core	Highland	15000-15500 Years	15000	Time of Maximum Expansion	15200
Qinghai-Tibet Plateau Core	Highland	15000-15500 Years	15000	Maximum Expansion Rate	0.1415
Qinghai-Tibet Plateau Core	Highland	15000-15500 Years	15000	Time of Maximum Contraction	15000
Qinghai-Tibet Plateau Core	Highland	15000-15500 Years	15000	Maximum Contraction Rate	0.02929
Western Highland	Highland	15000-15500 Years	15000	Mean Log Effective Population Size	9.3582
Western Highland	Highland	15000-15500 Years	15000	Net Change in Log Effective Population Size	0.01012
Western Highland	Highland	15000-15500 Years	15000	Mean Rate of Change	3e-5
Western Highland	Highland	15000-15500 Years	15000	Fluctuation Amplitude	0.09092
Western Highland	Highland	15000-15500 Years	15000	Time of Maximum Expansion	15000
Western Highland	Highland	15000-15500 Years	15000	Maximum Expansion Rate	0.08351
Western Highland	Highland	15000-15500 Years	15000	Time of Maximum Contraction	15400
Western Highland	Highland	15000-15500 Years	15000	Maximum Contraction Rate	-0.06079
Central Segment	Corridor Segment	15500-16000 Years	15500	Mean Log Effective Population Size	8.82528
Central Segment	Corridor Segment	15500-16000 Years	15500	Net Change in Log Effective Population Size	-0.04548
Central Segment	Corridor Segment	15500-16000 Years	15500	Mean Rate of Change	-1.1e-4
Central Segment	Corridor Segment	15500-16000 Years	15500	Fluctuation Amplitude	0.1062
Central Segment	Corridor Segment	15500-16000 Years	15500	Time of Maximum Expansion	15800
Central Segment	Corridor Segment	15500-16000 Years	15500	Maximum Expansion Rate	-0.065
Central Segment	Corridor Segment	15500-16000 Years	15500	Time of Maximum Contraction	15800
Central Segment	Corridor Segment	15500-16000 Years	15500	Maximum Contraction Rate	-0.11566
North China	Northern Lowland	15500-16000 Years	15500	Mean Log Effective Population Size	9.28816
North China	Northern Lowland	15500-16000 Years	15500	Net Change in Log Effective Population Size	0.14679
North China	Northern Lowland	15500-16000 Years	15500	Mean Rate of Change	3.7e-4
North China	Northern Lowland	15500-16000 Years	15500	Fluctuation Amplitude	0.1598
North China	Northern Lowland	15500-16000 Years	15500	Time of Maximum Expansion	15600
North China	Northern Lowland	15500-16000 Years	15500	Maximum Expansion Rate	0.42157
North China	Northern Lowland	15500-16000 Years	15500	Time of Maximum Contraction	16000
North China	Northern Lowland	15500-16000 Years	15500	Maximum Contraction Rate	0.21956
Northern Segment	Corridor Segment	15500-16000 Years	15500	Mean Log Effective Population Size	9.43683
Northern Segment	Corridor Segment	15500-16000 Years	15500	Net Change in Log Effective Population Size	0.05456
Northern Segment	Corridor Segment	15500-16000 Years	15500	Mean Rate of Change	1.4e-4
Northern Segment	Corridor Segment	15500-16000 Years	15500	Fluctuation Amplitude	0.07995
Northern Segment	Corridor Segment	15500-16000 Years	15500	Time of Maximum Expansion	15600
Northern Segment	Corridor Segment	15500-16000 Years	15500	Maximum Expansion Rate	0.19498
Northern Segment	Corridor Segment	15500-16000 Years	15500	Time of Maximum Contraction	16000
Northern Segment	Corridor Segment	15500-16000 Years	15500	Maximum Contraction Rate	0.02493
Panxi and Liangshan	Sichuan Region	15500-16000 Years	15500	Mean Log Effective Population Size	8.96532
Panxi and Liangshan	Sichuan Region	15500-16000 Years	15500	Net Change in Log Effective Population Size	8.7e-4
Panxi and Liangshan	Sichuan Region	15500-16000 Years	15500	Mean Rate of Change	0
Panxi and Liangshan	Sichuan Region	15500-16000 Years	15500	Fluctuation Amplitude	0.02345
Panxi and Liangshan	Sichuan Region	15500-16000 Years	15500	Time of Maximum Expansion	16000
Panxi and Liangshan	Sichuan Region	15500-16000 Years	15500	Maximum Expansion Rate	0.03227
Panxi and Liangshan	Sichuan Region	15500-16000 Years	15500	Time of Maximum Contraction	15600
Panxi and Liangshan	Sichuan Region	15500-16000 Years	15500	Maximum Contraction Rate	-0.13144
Qinghai-Tibet Plateau Core	Highland	15500-16000 Years	15500	Mean Log Effective Population Size	9.34474
Qinghai-Tibet Plateau Core	Highland	15500-16000 Years	15500	Net Change in Log Effective Population Size	0.04678
Qinghai-Tibet Plateau Core	Highland	15500-16000 Years	15500	Mean Rate of Change	1.2e-4
Qinghai-Tibet Plateau Core	Highland	15500-16000 Years	15500	Fluctuation Amplitude	0.08904
Qinghai-Tibet Plateau Core	Highland	15500-16000 Years	15500	Time of Maximum Expansion	15600
Qinghai-Tibet Plateau Core	Highland	15500-16000 Years	15500	Maximum Expansion Rate	0.13058
Qinghai-Tibet Plateau Core	Highland	15500-16000 Years	15500	Time of Maximum Contraction	16000
Qinghai-Tibet Plateau Core	Highland	15500-16000 Years	15500	Maximum Contraction Rate	0.01001
Western Highland	Highland	15500-16000 Years	15500	Mean Log Effective Population Size	9.34667
Western Highland	Highland	15500-16000 Years	15500	Net Change in Log Effective Population Size	-8.2e-4
Western Highland	Highland	15500-16000 Years	15500	Mean Rate of Change	-0
Western Highland	Highland	15500-16000 Years	15500	Fluctuation Amplitude	0.11703
Western Highland	Highland	15500-16000 Years	15500	Time of Maximum Expansion	15800
Western Highland	Highland	15500-16000 Years	15500	Maximum Expansion Rate	0.06603
Western Highland	Highland	15500-16000 Years	15500	Time of Maximum Contraction	15800
Western Highland	Highland	15500-16000 Years	15500	Maximum Contraction Rate	-0.08651
Central Segment	Corridor Segment	16000-16500 Years	16000	Mean Log Effective Population Size	8.9053
Central Segment	Corridor Segment	16000-16500 Years	16000	Net Change in Log Effective Population Size	-0.04148
Central Segment	Corridor Segment	16000-16500 Years	16000	Mean Rate of Change	-1e-4
Central Segment	Corridor Segment	16000-16500 Years	16000	Fluctuation Amplitude	0.0896
Central Segment	Corridor Segment	16000-16500 Years	16000	Time of Maximum Expansion	16400
Central Segment	Corridor Segment	16000-16500 Years	16000	Maximum Expansion Rate	-0.02689
Central Segment	Corridor Segment	16000-16500 Years	16000	Time of Maximum Contraction	16000
Central Segment	Corridor Segment	16000-16500 Years	16000	Maximum Contraction Rate	-0.1398
North China	Northern Lowland	16000-16500 Years	16000	Mean Log Effective Population Size	9.13547
North China	Northern Lowland	16000-16500 Years	16000	Net Change in Log Effective Population Size	0.09209
North China	Northern Lowland	16000-16500 Years	16000	Mean Rate of Change	2.3e-4
North China	Northern Lowland	16000-16500 Years	16000	Fluctuation Amplitude	0.17454
North China	Northern Lowland	16000-16500 Years	16000	Time of Maximum Expansion	16100
North China	Northern Lowland	16000-16500 Years	16000	Maximum Expansion Rate	0.37315
North China	Northern Lowland	16000-16500 Years	16000	Time of Maximum Contraction	16200
North China	Northern Lowland	16000-16500 Years	16000	Maximum Contraction Rate	0.20293
Northern Segment	Corridor Segment	16000-16500 Years	16000	Mean Log Effective Population Size	9.41258
Northern Segment	Corridor Segment	16000-16500 Years	16000	Net Change in Log Effective Population Size	-0.01209
Northern Segment	Corridor Segment	16000-16500 Years	16000	Mean Rate of Change	-3e-5
Northern Segment	Corridor Segment	16000-16500 Years	16000	Fluctuation Amplitude	0.11234
Northern Segment	Corridor Segment	16000-16500 Years	16000	Time of Maximum Expansion	16000
Northern Segment	Corridor Segment	16000-16500 Years	16000	Maximum Expansion Rate	0.10003
Northern Segment	Corridor Segment	16000-16500 Years	16000	Time of Maximum Contraction	16400
Northern Segment	Corridor Segment	16000-16500 Years	16000	Maximum Contraction Rate	0.0027
Panxi and Liangshan	Sichuan Region	16000-16500 Years	16000	Mean Log Effective Population Size	8.99085
Panxi and Liangshan	Sichuan Region	16000-16500 Years	16000	Net Change in Log Effective Population Size	-0.02155
Panxi and Liangshan	Sichuan Region	16000-16500 Years	16000	Mean Rate of Change	-5e-5
Panxi and Liangshan	Sichuan Region	16000-16500 Years	16000	Fluctuation Amplitude	0.09822
Panxi and Liangshan	Sichuan Region	16000-16500 Years	16000	Time of Maximum Expansion	16000
Panxi and Liangshan	Sichuan Region	16000-16500 Years	16000	Maximum Expansion Rate	-0.0361
Panxi and Liangshan	Sichuan Region	16000-16500 Years	16000	Time of Maximum Contraction	16400
Panxi and Liangshan	Sichuan Region	16000-16500 Years	16000	Maximum Contraction Rate	-0.05332
Qinghai-Tibet Plateau Core	Highland	16000-16500 Years	16000	Mean Log Effective Population Size	9.30606
Qinghai-Tibet Plateau Core	Highland	16000-16500 Years	16000	Net Change in Log Effective Population Size	0.00979
Qinghai-Tibet Plateau Core	Highland	16000-16500 Years	16000	Mean Rate of Change	2e-5
Qinghai-Tibet Plateau Core	Highland	16000-16500 Years	16000	Fluctuation Amplitude	0.06758
Qinghai-Tibet Plateau Core	Highland	16000-16500 Years	16000	Time of Maximum Expansion	16000
Qinghai-Tibet Plateau Core	Highland	16000-16500 Years	16000	Maximum Expansion Rate	0.11327
Qinghai-Tibet Plateau Core	Highland	16000-16500 Years	16000	Time of Maximum Contraction	16400
Qinghai-Tibet Plateau Core	Highland	16000-16500 Years	16000	Maximum Contraction Rate	-0.04438
Western Highland	Highland	16000-16500 Years	16000	Mean Log Effective Population Size	9.32114
Western Highland	Highland	16000-16500 Years	16000	Net Change in Log Effective Population Size	0.00284
Western Highland	Highland	16000-16500 Years	16000	Mean Rate of Change	1e-5
Western Highland	Highland	16000-16500 Years	16000	Fluctuation Amplitude	0.07755
Western Highland	Highland	16000-16500 Years	16000	Time of Maximum Expansion	16400
Western Highland	Highland	16000-16500 Years	16000	Maximum Expansion Rate	0.08686
Western Highland	Highland	16000-16500 Years	16000	Time of Maximum Contraction	16000
Western Highland	Highland	16000-16500 Years	16000	Maximum Contraction Rate	-0.08453
Central Segment	Corridor Segment	16500-17000 Years	16500	Mean Log Effective Population Size	8.96506
Central Segment	Corridor Segment	16500-17000 Years	16500	Net Change in Log Effective Population Size	-0.02831
Central Segment	Corridor Segment	16500-17000 Years	16500	Mean Rate of Change	-7e-5
Central Segment	Corridor Segment	16500-17000 Years	16500	Fluctuation Amplitude	0.09822
Central Segment	Corridor Segment	16500-17000 Years	16500	Time of Maximum Expansion	17000
Central Segment	Corridor Segment	16500-17000 Years	16500	Maximum Expansion Rate	-0.02466
Central Segment	Corridor Segment	16500-17000 Years	16500	Time of Maximum Contraction	16600
Central Segment	Corridor Segment	16500-17000 Years	16500	Maximum Contraction Rate	-0.13371
North China	Northern Lowland	16500-17000 Years	16500	Mean Log Effective Population Size	8.98876
North China	Northern Lowland	16500-17000 Years	16500	Net Change in Log Effective Population Size	0.14292
North China	Northern Lowland	16500-17000 Years	16500	Mean Rate of Change	3.6e-4
North China	Northern Lowland	16500-17000 Years	16500	Fluctuation Amplitude	0.14997
North China	Northern Lowland	16500-17000 Years	16500	Time of Maximum Expansion	17000
North China	Northern Lowland	16500-17000 Years	16500	Maximum Expansion Rate	0.43035
North China	Northern Lowland	16500-17000 Years	16500	Time of Maximum Contraction	16600
North China	Northern Lowland	16500-17000 Years	16500	Maximum Contraction Rate	0.20377
Northern Segment	Corridor Segment	16500-17000 Years	16500	Mean Log Effective Population Size	9.44564
Northern Segment	Corridor Segment	16500-17000 Years	16500	Net Change in Log Effective Population Size	0.04108
Northern Segment	Corridor Segment	16500-17000 Years	16500	Mean Rate of Change	1e-4
Northern Segment	Corridor Segment	16500-17000 Years	16500	Fluctuation Amplitude	0.08323
Northern Segment	Corridor Segment	16500-17000 Years	16500	Time of Maximum Expansion	17000
Northern Segment	Corridor Segment	16500-17000 Years	16500	Maximum Expansion Rate	0.1753
Northern Segment	Corridor Segment	16500-17000 Years	16500	Time of Maximum Contraction	16600
Northern Segment	Corridor Segment	16500-17000 Years	16500	Maximum Contraction Rate	0.01309
Panxi and Liangshan	Sichuan Region	16500-17000 Years	16500	Mean Log Effective Population Size	8.98605
Panxi and Liangshan	Sichuan Region	16500-17000 Years	16500	Net Change in Log Effective Population Size	-0.02819
Panxi and Liangshan	Sichuan Region	16500-17000 Years	16500	Mean Rate of Change	-7e-5
Panxi and Liangshan	Sichuan Region	16500-17000 Years	16500	Fluctuation Amplitude	0.09519
Panxi and Liangshan	Sichuan Region	16500-17000 Years	16500	Time of Maximum Expansion	17000
Panxi and Liangshan	Sichuan Region	16500-17000 Years	16500	Maximum Expansion Rate	-0.03302
Panxi and Liangshan	Sichuan Region	16500-17000 Years	16500	Time of Maximum Contraction	16600
Panxi and Liangshan	Sichuan Region	16500-17000 Years	16500	Maximum Contraction Rate	-0.05332
Qinghai-Tibet Plateau Core	Highland	16500-17000 Years	16500	Mean Log Effective Population Size	9.33408
Qinghai-Tibet Plateau Core	Highland	16500-17000 Years	16500	Net Change in Log Effective Population Size	0.00147
Qinghai-Tibet Plateau Core	Highland	16500-17000 Years	16500	Mean Rate of Change	0
Qinghai-Tibet Plateau Core	Highland	16500-17000 Years	16500	Fluctuation Amplitude	0.11232
Qinghai-Tibet Plateau Core	Highland	16500-17000 Years	16500	Time of Maximum Expansion	16800
Qinghai-Tibet Plateau Core	Highland	16500-17000 Years	16500	Maximum Expansion Rate	0.04533
Qinghai-Tibet Plateau Core	Highland	16500-17000 Years	16500	Time of Maximum Contraction	16800
Qinghai-Tibet Plateau Core	Highland	16500-17000 Years	16500	Maximum Contraction Rate	-0.03128
Western Highland	Highland	16500-17000 Years	16500	Mean Log Effective Population Size	9.30581
Western Highland	Highland	16500-17000 Years	16500	Net Change in Log Effective Population Size	0.00197
Western Highland	Highland	16500-17000 Years	16500	Mean Rate of Change	0
Western Highland	Highland	16500-17000 Years	16500	Fluctuation Amplitude	0.11611
Western Highland	Highland	16500-17000 Years	16500	Time of Maximum Expansion	16800
Western Highland	Highland	16500-17000 Years	16500	Maximum Expansion Rate	0.07233
Western Highland	Highland	16500-17000 Years	16500	Time of Maximum Contraction	16800
Western Highland	Highland	16500-17000 Years	16500	Maximum Contraction Rate	-0.02664
Central Segment	Corridor Segment	17000-17500 Years	17000	Mean Log Effective Population Size	8.95879
Central Segment	Corridor Segment	17000-17500 Years	17000	Net Change in Log Effective Population Size	-0.04302
Central Segment	Corridor Segment	17000-17500 Years	17000	Mean Rate of Change	-1.1e-4
Central Segment	Corridor Segment	17000-17500 Years	17000	Fluctuation Amplitude	0.11842
Central Segment	Corridor Segment	17000-17500 Years	17000	Time of Maximum Expansion	17400
Central Segment	Corridor Segment	17000-17500 Years	17000	Maximum Expansion Rate	-0.03626
Central Segment	Corridor Segment	17000-17500 Years	17000	Time of Maximum Contraction	17200
Central Segment	Corridor Segment	17000-17500 Years	17000	Maximum Contraction Rate	-0.0759
North China	Northern Lowland	17000-17500 Years	17000	Mean Log Effective Population Size	8.82584
North China	Northern Lowland	17000-17500 Years	17000	Net Change in Log Effective Population Size	0.14371
North China	Northern Lowland	17000-17500 Years	17000	Mean Rate of Change	3.6e-4
North China	Northern Lowland	17000-17500 Years	17000	Fluctuation Amplitude	0.18296
North China	Northern Lowland	17000-17500 Years	17000	Time of Maximum Expansion	17000
North China	Northern Lowland	17000-17500 Years	17000	Maximum Expansion Rate	0.40716
North China	Northern Lowland	17000-17500 Years	17000	Time of Maximum Contraction	17400
North China	Northern Lowland	17000-17500 Years	17000	Maximum Contraction Rate	0.2145
Northern Segment	Corridor Segment	17000-17500 Years	17000	Mean Log Effective Population Size	9.35056
Northern Segment	Corridor Segment	17000-17500 Years	17000	Net Change in Log Effective Population Size	0.05786
Northern Segment	Corridor Segment	17000-17500 Years	17000	Mean Rate of Change	1.4e-4
Northern Segment	Corridor Segment	17000-17500 Years	17000	Fluctuation Amplitude	0.10861
Northern Segment	Corridor Segment	17000-17500 Years	17000	Time of Maximum Expansion	17400
Northern Segment	Corridor Segment	17000-17500 Years	17000	Maximum Expansion Rate	0.17038
Northern Segment	Corridor Segment	17000-17500 Years	17000	Time of Maximum Contraction	17000
Northern Segment	Corridor Segment	17000-17500 Years	17000	Maximum Contraction Rate	0.07334
Panxi and Liangshan	Sichuan Region	17000-17500 Years	17000	Mean Log Effective Population Size	9.01171
Panxi and Liangshan	Sichuan Region	17000-17500 Years	17000	Net Change in Log Effective Population Size	-0.0037200000000000002
Panxi and Liangshan	Sichuan Region	17000-17500 Years	17000	Mean Rate of Change	-1e-5
Panxi and Liangshan	Sichuan Region	17000-17500 Years	17000	Fluctuation Amplitude	0.02188
Panxi and Liangshan	Sichuan Region	17000-17500 Years	17000	Time of Maximum Expansion	17400
Panxi and Liangshan	Sichuan Region	17000-17500 Years	17000	Maximum Expansion Rate	0.05112
Panxi and Liangshan	Sichuan Region	17000-17500 Years	17000	Time of Maximum Contraction	17000
Panxi and Liangshan	Sichuan Region	17000-17500 Years	17000	Maximum Contraction Rate	-0.07573
Qinghai-Tibet Plateau Core	Highland	17000-17500 Years	17000	Mean Log Effective Population Size	9.34043
Qinghai-Tibet Plateau Core	Highland	17000-17500 Years	17000	Net Change in Log Effective Population Size	-0.01453
Qinghai-Tibet Plateau Core	Highland	17000-17500 Years	17000	Mean Rate of Change	-4e-5
Qinghai-Tibet Plateau Core	Highland	17000-17500 Years	17000	Fluctuation Amplitude	0.05462
Qinghai-Tibet Plateau Core	Highland	17000-17500 Years	17000	Time of Maximum Expansion	17000
Qinghai-Tibet Plateau Core	Highland	17000-17500 Years	17000	Maximum Expansion Rate	0.05077
Qinghai-Tibet Plateau Core	Highland	17000-17500 Years	17000	Time of Maximum Contraction	17300
Qinghai-Tibet Plateau Core	Highland	17000-17500 Years	17000	Maximum Contraction Rate	-0.08915
Western Highland	Highland	17000-17500 Years	17000	Mean Log Effective Population Size	9.32627
Western Highland	Highland	17000-17500 Years	17000	Net Change in Log Effective Population Size	0.0021
Western Highland	Highland	17000-17500 Years	17000	Mean Rate of Change	1e-5
Western Highland	Highland	17000-17500 Years	17000	Fluctuation Amplitude	0.07417
Western Highland	Highland	17000-17500 Years	17000	Time of Maximum Expansion	17200
Western Highland	Highland	17000-17500 Years	17000	Maximum Expansion Rate	0.09069
Western Highland	Highland	17000-17500 Years	17000	Time of Maximum Contraction	17200
Western Highland	Highland	17000-17500 Years	17000	Maximum Contraction Rate	-0.10589
Central Segment	Corridor Segment	17500-18000 Years	17500	Mean Log Effective Population Size	8.96847
Central Segment	Corridor Segment	17500-18000 Years	17500	Net Change in Log Effective Population Size	0.00409
Central Segment	Corridor Segment	17500-18000 Years	17500	Mean Rate of Change	1e-5
Central Segment	Corridor Segment	17500-18000 Years	17500	Fluctuation Amplitude	0.05588
Central Segment	Corridor Segment	17500-18000 Years	17500	Time of Maximum Expansion	18000
Central Segment	Corridor Segment	17500-18000 Years	17500	Maximum Expansion Rate	0.08477
Central Segment	Corridor Segment	17500-18000 Years	17500	Time of Maximum Contraction	17600
Central Segment	Corridor Segment	17500-18000 Years	17500	Maximum Contraction Rate	-0.0962
North China	Northern Lowland	17500-18000 Years	17500	Mean Log Effective Population Size	8.64824
North China	Northern Lowland	17500-18000 Years	17500	Net Change in Log Effective Population Size	0.11106
North China	Northern Lowland	17500-18000 Years	17500	Mean Rate of Change	2.8e-4
North China	Northern Lowland	17500-18000 Years	17500	Fluctuation Amplitude	0.13043
North China	Northern Lowland	17500-18000 Years	17500	Time of Maximum Expansion	17600
North China	Northern Lowland	17500-18000 Years	17500	Maximum Expansion Rate	0.36836
North China	Northern Lowland	17500-18000 Years	17500	Time of Maximum Contraction	18000
North China	Northern Lowland	17500-18000 Years	17500	Maximum Contraction Rate	0.10893
Northern Segment	Corridor Segment	17500-18000 Years	17500	Mean Log Effective Population Size	9.26115
Northern Segment	Corridor Segment	17500-18000 Years	17500	Net Change in Log Effective Population Size	0.08904
Northern Segment	Corridor Segment	17500-18000 Years	17500	Mean Rate of Change	2.2e-4
Northern Segment	Corridor Segment	17500-18000 Years	17500	Fluctuation Amplitude	0.09877
Northern Segment	Corridor Segment	17500-18000 Years	17500	Time of Maximum Expansion	18000
Northern Segment	Corridor Segment	17500-18000 Years	17500	Maximum Expansion Rate	0.28167
Northern Segment	Corridor Segment	17500-18000 Years	17500	Time of Maximum Contraction	17600
Northern Segment	Corridor Segment	17500-18000 Years	17500	Maximum Contraction Rate	0.11797
Panxi and Liangshan	Sichuan Region	17500-18000 Years	17500	Mean Log Effective Population Size	9.00195
Panxi and Liangshan	Sichuan Region	17500-18000 Years	17500	Net Change in Log Effective Population Size	0.01386
Panxi and Liangshan	Sichuan Region	17500-18000 Years	17500	Mean Rate of Change	3e-5
Panxi and Liangshan	Sichuan Region	17500-18000 Years	17500	Fluctuation Amplitude	0.10075
Panxi and Liangshan	Sichuan Region	17500-18000 Years	17500	Time of Maximum Expansion	18000
Panxi and Liangshan	Sichuan Region	17500-18000 Years	17500	Maximum Expansion Rate	0.03008
Panxi and Liangshan	Sichuan Region	17500-18000 Years	17500	Time of Maximum Contraction	17600
Panxi and Liangshan	Sichuan Region	17500-18000 Years	17500	Maximum Contraction Rate	0.01739
Qinghai-Tibet Plateau Core	Highland	17500-18000 Years	17500	Mean Log Effective Population Size	9.32233
Qinghai-Tibet Plateau Core	Highland	17500-18000 Years	17500	Net Change in Log Effective Population Size	0.00566
Qinghai-Tibet Plateau Core	Highland	17500-18000 Years	17500	Mean Rate of Change	1e-5
Qinghai-Tibet Plateau Core	Highland	17500-18000 Years	17500	Fluctuation Amplitude	0.08369
Qinghai-Tibet Plateau Core	Highland	17500-18000 Years	17500	Time of Maximum Expansion	18000
Qinghai-Tibet Plateau Core	Highland	17500-18000 Years	17500	Maximum Expansion Rate	0.044
Qinghai-Tibet Plateau Core	Highland	17500-18000 Years	17500	Time of Maximum Contraction	17800
Qinghai-Tibet Plateau Core	Highland	17500-18000 Years	17500	Maximum Contraction Rate	-0.04005
Western Highland	Highland	17500-18000 Years	17500	Mean Log Effective Population Size	9.30258
Western Highland	Highland	17500-18000 Years	17500	Net Change in Log Effective Population Size	-0.00121
Western Highland	Highland	17500-18000 Years	17500	Mean Rate of Change	-0
Western Highland	Highland	17500-18000 Years	17500	Fluctuation Amplitude	0.1085
Western Highland	Highland	17500-18000 Years	17500	Time of Maximum Expansion	17800
Western Highland	Highland	17500-18000 Years	17500	Maximum Expansion Rate	0.05344
Western Highland	Highland	17500-18000 Years	17500	Time of Maximum Contraction	17800
Western Highland	Highland	17500-18000 Years	17500	Maximum Contraction Rate	-0.04099
Central Segment	Corridor Segment	18000-18500 Years	18000	Mean Log Effective Population Size	8.94586
Central Segment	Corridor Segment	18000-18500 Years	18000	Net Change in Log Effective Population Size	0.02348
Central Segment	Corridor Segment	18000-18500 Years	18000	Mean Rate of Change	6e-5
Central Segment	Corridor Segment	18000-18500 Years	18000	Fluctuation Amplitude	0.10522
Central Segment	Corridor Segment	18000-18500 Years	18000	Time of Maximum Expansion	18400
Central Segment	Corridor Segment	18000-18500 Years	18000	Maximum Expansion Rate	0.05079
Central Segment	Corridor Segment	18000-18500 Years	18000	Time of Maximum Contraction	18000
Central Segment	Corridor Segment	18000-18500 Years	18000	Maximum Contraction Rate	0.00443
North China	Northern Lowland	18000-18500 Years	18000	Mean Log Effective Population Size	8.59969
North China	Northern Lowland	18000-18500 Years	18000	Net Change in Log Effective Population Size	0.02702
North China	Northern Lowland	18000-18500 Years	18000	Mean Rate of Change	7e-5
North China	Northern Lowland	18000-18500 Years	18000	Fluctuation Amplitude	0.20679
North China	Northern Lowland	18000-18500 Years	18000	Time of Maximum Expansion	18000
North China	Northern Lowland	18000-18500 Years	18000	Maximum Expansion Rate	0.2099
North China	Northern Lowland	18000-18500 Years	18000	Time of Maximum Contraction	18400
North China	Northern Lowland	18000-18500 Years	18000	Maximum Contraction Rate	0.03562
Northern Segment	Corridor Segment	18000-18500 Years	18000	Mean Log Effective Population Size	9.17278
Northern Segment	Corridor Segment	18000-18500 Years	18000	Net Change in Log Effective Population Size	0.08544
Northern Segment	Corridor Segment	18000-18500 Years	18000	Mean Rate of Change	2.1e-4
Northern Segment	Corridor Segment	18000-18500 Years	18000	Fluctuation Amplitude	0.11958
Northern Segment	Corridor Segment	18000-18500 Years	18000	Time of Maximum Expansion	18200
Northern Segment	Corridor Segment	18000-18500 Years	18000	Maximum Expansion Rate	0.24853
Northern Segment	Corridor Segment	18000-18500 Years	18000	Time of Maximum Contraction	18200
Northern Segment	Corridor Segment	18000-18500 Years	18000	Maximum Contraction Rate	0.15326
Panxi and Liangshan	Sichuan Region	18000-18500 Years	18000	Mean Log Effective Population Size	8.98392
Panxi and Liangshan	Sichuan Region	18000-18500 Years	18000	Net Change in Log Effective Population Size	0.01582
Panxi and Liangshan	Sichuan Region	18000-18500 Years	18000	Mean Rate of Change	4e-5
Panxi and Liangshan	Sichuan Region	18000-18500 Years	18000	Fluctuation Amplitude	0.12426
Panxi and Liangshan	Sichuan Region	18000-18500 Years	18000	Time of Maximum Expansion	18000
Panxi and Liangshan	Sichuan Region	18000-18500 Years	18000	Maximum Expansion Rate	0.02826
Panxi and Liangshan	Sichuan Region	18000-18500 Years	18000	Time of Maximum Contraction	18400
Panxi and Liangshan	Sichuan Region	18000-18500 Years	18000	Maximum Contraction Rate	0.02513
Qinghai-Tibet Plateau Core	Highland	18000-18500 Years	18000	Mean Log Effective Population Size	9.3558
Qinghai-Tibet Plateau Core	Highland	18000-18500 Years	18000	Net Change in Log Effective Population Size	-0.00555
Qinghai-Tibet Plateau Core	Highland	18000-18500 Years	18000	Mean Rate of Change	-1e-5
Qinghai-Tibet Plateau Core	Highland	18000-18500 Years	18000	Fluctuation Amplitude	0.07191
Qinghai-Tibet Plateau Core	Highland	18000-18500 Years	18000	Time of Maximum Expansion	18400
Qinghai-Tibet Plateau Core	Highland	18000-18500 Years	18000	Maximum Expansion Rate	0.04748
Qinghai-Tibet Plateau Core	Highland	18000-18500 Years	18000	Time of Maximum Contraction	18100
Qinghai-Tibet Plateau Core	Highland	18000-18500 Years	18000	Maximum Contraction Rate	-0.06862
Western Highland	Highland	18000-18500 Years	18000	Mean Log Effective Population Size	9.28471
Western Highland	Highland	18000-18500 Years	18000	Net Change in Log Effective Population Size	0.01745
Western Highland	Highland	18000-18500 Years	18000	Mean Rate of Change	4e-5
Western Highland	Highland	18000-18500 Years	18000	Fluctuation Amplitude	0.07283
Western Highland	Highland	18000-18500 Years	18000	Time of Maximum Expansion	18400
Western Highland	Highland	18000-18500 Years	18000	Maximum Expansion Rate	0.10554
Western Highland	Highland	18000-18500 Years	18000	Time of Maximum Contraction	18000
Western Highland	Highland	18000-18500 Years	18000	Maximum Contraction Rate	-0.04976
Central Segment	Corridor Segment	18500-19000 Years	18500	Mean Log Effective Population Size	8.94487
Central Segment	Corridor Segment	18500-19000 Years	18500	Net Change in Log Effective Population Size	0.00836
Central Segment	Corridor Segment	18500-19000 Years	18500	Mean Rate of Change	2e-5
Central Segment	Corridor Segment	18500-19000 Years	18500	Fluctuation Amplitude	0.04894
Central Segment	Corridor Segment	18500-19000 Years	18500	Time of Maximum Expansion	19000
Central Segment	Corridor Segment	18500-19000 Years	18500	Maximum Expansion Rate	0.13205
Central Segment	Corridor Segment	18500-19000 Years	18500	Time of Maximum Contraction	18600
Central Segment	Corridor Segment	18500-19000 Years	18500	Maximum Contraction Rate	-0.00838
North China	Northern Lowland	18500-19000 Years	18500	Mean Log Effective Population Size	8.58211
North China	Northern Lowland	18500-19000 Years	18500	Net Change in Log Effective Population Size	-0.02539
North China	Northern Lowland	18500-19000 Years	18500	Mean Rate of Change	-6e-5
North China	Northern Lowland	18500-19000 Years	18500	Fluctuation Amplitude	0.08426
North China	Northern Lowland	18500-19000 Years	18500	Time of Maximum Expansion	18600
North China	Northern Lowland	18500-19000 Years	18500	Maximum Expansion Rate	0.07941
North China	Northern Lowland	18500-19000 Years	18500	Time of Maximum Contraction	19000
North China	Northern Lowland	18500-19000 Years	18500	Maximum Contraction Rate	-0.19098
Northern Segment	Corridor Segment	18500-19000 Years	18500	Mean Log Effective Population Size	9.05352
Northern Segment	Corridor Segment	18500-19000 Years	18500	Net Change in Log Effective Population Size	0.0798
Northern Segment	Corridor Segment	18500-19000 Years	18500	Mean Rate of Change	2e-4
Northern Segment	Corridor Segment	18500-19000 Years	18500	Fluctuation Amplitude	0.08808
Northern Segment	Corridor Segment	18500-19000 Years	18500	Time of Maximum Expansion	18600
Northern Segment	Corridor Segment	18500-19000 Years	18500	Maximum Expansion Rate	0.25928
Northern Segment	Corridor Segment	18500-19000 Years	18500	Time of Maximum Contraction	19000
Northern Segment	Corridor Segment	18500-19000 Years	18500	Maximum Contraction Rate	0.09818
Qinghai-Tibet Plateau Core	Highland	18500-19000 Years	18500	Mean Log Effective Population Size	9.32566
Qinghai-Tibet Plateau Core	Highland	18500-19000 Years	18500	Net Change in Log Effective Population Size	0.00822
Qinghai-Tibet Plateau Core	Highland	18500-19000 Years	18500	Mean Rate of Change	2e-5
Qinghai-Tibet Plateau Core	Highland	18500-19000 Years	18500	Fluctuation Amplitude	0.09217
Qinghai-Tibet Plateau Core	Highland	18500-19000 Years	18500	Time of Maximum Expansion	18600
Qinghai-Tibet Plateau Core	Highland	18500-19000 Years	18500	Maximum Expansion Rate	0.06919
Qinghai-Tibet Plateau Core	Highland	18500-19000 Years	18500	Time of Maximum Contraction	19000
Qinghai-Tibet Plateau Core	Highland	18500-19000 Years	18500	Maximum Contraction Rate	-0.03066
Western Highland	Highland	18500-19000 Years	18500	Mean Log Effective Population Size	9.25572
Western Highland	Highland	18500-19000 Years	18500	Net Change in Log Effective Population Size	0.01724
Western Highland	Highland	18500-19000 Years	18500	Mean Rate of Change	4e-5
Western Highland	Highland	18500-19000 Years	18500	Fluctuation Amplitude	0.08771
Western Highland	Highland	18500-19000 Years	18500	Time of Maximum Expansion	19000
Western Highland	Highland	18500-19000 Years	18500	Maximum Expansion Rate	0.1093
Western Highland	Highland	18500-19000 Years	18500	Time of Maximum Contraction	18600
Western Highland	Highland	18500-19000 Years	18500	Maximum Contraction Rate	-0.04497
Central Segment	Corridor Segment	19000-19500 Years	19000	Mean Log Effective Population Size	8.90374
Central Segment	Corridor Segment	19000-19500 Years	19000	Net Change in Log Effective Population Size	0.02904
Central Segment	Corridor Segment	19000-19500 Years	19000	Mean Rate of Change	7e-5
Central Segment	Corridor Segment	19000-19500 Years	19000	Fluctuation Amplitude	0.0558
Central Segment	Corridor Segment	19000-19500 Years	19000	Time of Maximum Expansion	19400
Central Segment	Corridor Segment	19000-19500 Years	19000	Maximum Expansion Rate	0.12899
Central Segment	Corridor Segment	19000-19500 Years	19000	Time of Maximum Contraction	19000
Central Segment	Corridor Segment	19000-19500 Years	19000	Maximum Contraction Rate	-0.01072
North China	Northern Lowland	19000-19500 Years	19000	Mean Log Effective Population Size	8.6208
North China	Northern Lowland	19000-19500 Years	19000	Net Change in Log Effective Population Size	-0.04639
North China	Northern Lowland	19000-19500 Years	19000	Mean Rate of Change	-1.2e-4
North China	Northern Lowland	19000-19500 Years	19000	Fluctuation Amplitude	0.09209
North China	Northern Lowland	19000-19500 Years	19000	Time of Maximum Expansion	19000
North China	Northern Lowland	19000-19500 Years	19000	Maximum Expansion Rate	-0.01716
North China	Northern Lowland	19000-19500 Years	19000	Time of Maximum Contraction	19400
North China	Northern Lowland	19000-19500 Years	19000	Maximum Contraction Rate	-0.199
Northern Segment	Corridor Segment	19000-19500 Years	19000	Mean Log Effective Population Size	8.96906
Northern Segment	Corridor Segment	19000-19500 Years	19000	Net Change in Log Effective Population Size	0.05833
Northern Segment	Corridor Segment	19000-19500 Years	19000	Mean Rate of Change	1.5e-4
Northern Segment	Corridor Segment	19000-19500 Years	19000	Fluctuation Amplitude	0.08475
Northern Segment	Corridor Segment	19000-19500 Years	19000	Time of Maximum Expansion	19000
Northern Segment	Corridor Segment	19000-19500 Years	19000	Maximum Expansion Rate	0.19601
Northern Segment	Corridor Segment	19000-19500 Years	19000	Time of Maximum Contraction	19400
Northern Segment	Corridor Segment	19000-19500 Years	19000	Maximum Contraction Rate	0.07274
Qinghai-Tibet Plateau Core	Highland	19000-19500 Years	19000	Mean Log Effective Population Size	9.32193
Qinghai-Tibet Plateau Core	Highland	19000-19500 Years	19000	Net Change in Log Effective Population Size	0.00822
Qinghai-Tibet Plateau Core	Highland	19000-19500 Years	19000	Mean Rate of Change	2e-5
Qinghai-Tibet Plateau Core	Highland	19000-19500 Years	19000	Fluctuation Amplitude	0.07979
Qinghai-Tibet Plateau Core	Highland	19000-19500 Years	19000	Time of Maximum Expansion	19000
Qinghai-Tibet Plateau Core	Highland	19000-19500 Years	19000	Maximum Expansion Rate	0.09487
Qinghai-Tibet Plateau Core	Highland	19000-19500 Years	19000	Time of Maximum Contraction	19400
Qinghai-Tibet Plateau Core	Highland	19000-19500 Years	19000	Maximum Contraction Rate	-0.02979
Western Highland	Highland	19000-19500 Years	19000	Mean Log Effective Population Size	9.26478
Western Highland	Highland	19000-19500 Years	19000	Net Change in Log Effective Population Size	0.01131
Western Highland	Highland	19000-19500 Years	19000	Mean Rate of Change	3e-5
Western Highland	Highland	19000-19500 Years	19000	Fluctuation Amplitude	0.06211
Western Highland	Highland	19000-19500 Years	19000	Time of Maximum Expansion	19400
Western Highland	Highland	19000-19500 Years	19000	Maximum Expansion Rate	0.09654
Western Highland	Highland	19000-19500 Years	19000	Time of Maximum Contraction	19000
Western Highland	Highland	19000-19500 Years	19000	Maximum Contraction Rate	-0.03488
Central Segment	Corridor Segment	19500-20000 Years	19500	Mean Log Effective Population Size	8.86307
Central Segment	Corridor Segment	19500-20000 Years	19500	Net Change in Log Effective Population Size	0.0543
Central Segment	Corridor Segment	19500-20000 Years	19500	Mean Rate of Change	1.4e-4
Central Segment	Corridor Segment	19500-20000 Years	19500	Fluctuation Amplitude	0.1467
Central Segment	Corridor Segment	19500-20000 Years	19500	Time of Maximum Expansion	20000
Central Segment	Corridor Segment	19500-20000 Years	19500	Maximum Expansion Rate	0.16113
Central Segment	Corridor Segment	19500-20000 Years	19500	Time of Maximum Contraction	19600
Central Segment	Corridor Segment	19500-20000 Years	19500	Maximum Contraction Rate	0.10438
Northern Segment	Corridor Segment	19500-20000 Years	19500	Mean Log Effective Population Size	8.91761
Northern Segment	Corridor Segment	19500-20000 Years	19500	Net Change in Log Effective Population Size	0.01747
Northern Segment	Corridor Segment	19500-20000 Years	19500	Mean Rate of Change	4e-5
Northern Segment	Corridor Segment	19500-20000 Years	19500	Fluctuation Amplitude	0.11912
Northern Segment	Corridor Segment	19500-20000 Years	19500	Time of Maximum Expansion	19600
Northern Segment	Corridor Segment	19500-20000 Years	19500	Maximum Expansion Rate	0.08156
Northern Segment	Corridor Segment	19500-20000 Years	19500	Time of Maximum Contraction	20000
Northern Segment	Corridor Segment	19500-20000 Years	19500	Maximum Contraction Rate	-0.00504
Qinghai-Tibet Plateau Core	Highland	19500-20000 Years	19500	Mean Log Effective Population Size	9.3405
Qinghai-Tibet Plateau Core	Highland	19500-20000 Years	19500	Net Change in Log Effective Population Size	-0.01554
Qinghai-Tibet Plateau Core	Highland	19500-20000 Years	19500	Mean Rate of Change	-4e-5
Qinghai-Tibet Plateau Core	Highland	19500-20000 Years	19500	Fluctuation Amplitude	0.12605
Qinghai-Tibet Plateau Core	Highland	19500-20000 Years	19500	Time of Maximum Expansion	19600
Qinghai-Tibet Plateau Core	Highland	19500-20000 Years	19500	Maximum Expansion Rate	0.02811
Qinghai-Tibet Plateau Core	Highland	19500-20000 Years	19500	Time of Maximum Contraction	20000
Qinghai-Tibet Plateau Core	Highland	19500-20000 Years	19500	Maximum Contraction Rate	-0.08291
Western Highland	Highland	19500-20000 Years	19500	Mean Log Effective Population Size	9.19296
Western Highland	Highland	19500-20000 Years	19500	Net Change in Log Effective Population Size	0.00393
Western Highland	Highland	19500-20000 Years	19500	Mean Rate of Change	1e-5
Western Highland	Highland	19500-20000 Years	19500	Fluctuation Amplitude	0.14269
Western Highland	Highland	19500-20000 Years	19500	Time of Maximum Expansion	20000
Western Highland	Highland	19500-20000 Years	19500	Maximum Expansion Rate	0.06777
Western Highland	Highland	19500-20000 Years	19500	Time of Maximum Contraction	19600
Western Highland	Highland	19500-20000 Years	19500	Maximum Contraction Rate	-0.03953
