IQ-TREE version 3.0.1 for Linux x86 64-bit built Jul  9 2025
Developed by Bui Quang Minh, Thomas Wong, Nhan Ly-Trong, Huaiyan Ren
Contributed by Lam-Tung Nguyen, Dominik Schrempf, Chris Bielow,
Olga Chernomor, Michael Woodhams, Diep Thi Hoang, Heiko Schmidt

Host:    Giantwhite-Biglin (AVX2, FMA3, 47 GB RAM)
Command: /home/luolintao/miniconda3/envs/BigLin/bin/iqtree3 -s /mnt/f/OneDrive/文档（科研）/脚本/Download/10-mtDNA/12-单倍群年龄估计/output/stage_2/intermediate/ml/ancestors_aligned_leaves.fasta -te /mnt/f/OneDrive/文档（科研）/脚本/Download/10-mtDNA/12-单倍群年龄估计/output/stage_2/intermediate/ml/phylotree_fixed.nwk -m GTR+G -T 8 --prefix /mnt/f/OneDrive/文档（科研）/脚本/Download/10-mtDNA/12-单倍群年龄估计/output/stage_2/intermediate/ml/anc_tree --redo
Seed:    818580 (Using SPRNG - Scalable Parallel Random Number Generator)
Time:    Wed Apr 29 09:04:53 2026
Kernel:  AVX+FMA - 8 threads (24 CPU cores detected)

Reading alignment file /mnt/f/OneDrive/文档（科研）/脚本/Download/10-mtDNA/12-单倍群年龄估计/output/stage_2/intermediate/ml/ancestors_aligned_leaves.fasta ... Fasta format detected
Reading fasta file: done in 0.815792 secs using 31.07% CPU
Alignment most likely contains DNA/RNA sequences
Constructing alignment: done in 0.390552 secs using 101.6% CPU
WARNING: 3 sites contain only gaps or ambiguous characters.
Alignment has 3641 sequences with 16647 columns, 4508 distinct patterns
2946 parsimony-informative, 1639 singleton sites, 12062 constant sites
              Gap/Ambiguity  Composition  p-value
Analyzing sequences: done in 0.0079769 secs using 803.1% CPU
   1  A10             0.49%    passed     99.96%
   2  A11a            0.48%    passed     99.98%
   3  A11b1           0.49%    passed     99.94%
   4  A11b2           0.49%    passed     99.93%
   5  A12a            0.49%    passed     99.98%
   6  A13a            0.49%    passed     99.94%
   7  A14c            0.49%    passed     99.85%
   8  A15a            0.49%    passed     99.96%
   9  A15b            0.49%    passed     99.90%
  10  A15c1c          0.47%    passed     99.98%
  11  A15g            0.49%    passed    100.00%
  12  A15i            0.49%    passed    100.00%
  13  A16             0.49%    passed     99.96%
  14  A17a            0.49%    passed     99.99%
  15  A17c            0.49%    passed    100.00%
  16  A17e            0.49%    passed     99.99%
  17  A18             0.49%    passed     99.98%
  18  A19b            0.49%    passed     99.97%
  19  A1a1            0.49%    passed    100.00%
  20  A1b             0.49%    passed    100.00%
  21  A20             0.49%    passed     99.95%
  22  A21a            0.49%    passed     99.97%
  23  A22             0.49%    passed     99.99%
  24  A23             0.52%    passed     99.90%
  25  A24             0.49%    passed     99.98%
  26  A25             0.49%    passed     99.96%
  27  A26             0.49%    passed    100.00%
  28  A27             0.49%    passed     99.96%
  29  A28             0.49%    passed     99.98%
  30  A29             0.49%    passed     99.98%
  31  A2a1            0.49%    passed     99.90%
  32  A2a2            0.49%    passed     99.90%
  33  A2a3            0.49%    passed     99.96%
  34  A2a4            0.49%    passed     99.97%
  35  A2a5            0.49%    passed     99.91%
  36  A2aa            0.49%    passed     99.92%
  37  A2ab            0.49%    passed     99.97%
  38  A2ac1           0.49%    passed     99.97%
  39  A2ad1           0.49%    passed     99.96%
  40  A2ad2           0.49%    passed     99.93%
  41  A2ae            0.49%    passed     99.90%
  42  A2af1a1         0.52%    passed     99.92%
  43  A2af1a2         0.52%    passed     99.93%
  44  A2af1b1a        0.52%    passed     99.95%
  45  A2af1b1b        0.52%    passed     99.92%
  46  A2af1b2         0.52%    passed     99.94%
  47  A2af2           0.52%    passed     99.95%
  48  A2ag            0.49%    passed     99.98%
  49  A2ah            0.49%    passed     99.96%
  50  A2ai            0.49%    passed     99.97%
  51  A2aj            0.49%    passed     99.98%
  52  A2ak            0.49%    passed     99.97%
  53  A2am            0.49%    passed     99.99%
  54  A2an            0.49%    passed     99.97%
  55  A2ao1           0.49%    passed     99.94%
  56  A2ap            0.49%    passed     99.96%
  57  A2aq            0.49%    passed     99.95%
  58  A2ar            0.49%    passed     99.97%
  59  A2b1            0.49%    passed     99.97%
  60  A2c             0.49%    passed     99.98%
  61  A2d1a           0.54%    passed     99.90%
  62  A2d2            0.49%    passed     99.96%
  63  A2e             0.49%    passed     99.97%
  64  A2f1a           0.49%    passed     99.98%
  65  A2f2            0.49%    passed     99.97%
  66  A2f3            0.49%    passed     99.92%
  67  A2g1            0.49%    passed     99.91%
  68  A2h1            0.49%    passed     99.98%
  69  A2i             0.47%    passed     99.99%
  70  A2j1            0.49%    passed     99.93%
  71  A2k1a           0.49%    passed     99.93%
  72  A2k2            0.49%    passed     99.98%
  73  A2l             0.49%    passed     99.98%
  74  A2m1            0.49%    passed     99.97%
  75  A2m2            0.49%    passed     99.98%
  76  A2n             0.49%    passed     99.96%
  77  A2o1            0.49%    passed     99.96%
  78  A2p1            0.49%    passed     99.97%
  79  A2p2            0.49%    passed     99.96%
  80  A2q1            0.49%    passed     99.99%
  81  A2q2            0.49%    passed    100.00%
  82  A2r1            0.49%    passed     99.94%
  83  A2s             0.49%    passed     99.98%
  84  A2t             0.49%    passed     99.96%
  85  A2u1            0.49%    passed     99.90%
  86  A2u2            0.49%    passed     99.96%
  87  A2v1a           0.49%    passed     99.93%
  88  A2v1b           0.49%    passed     99.92%
  89  A2w1a           0.48%    passed     99.92%
  90  A2x             0.49%    passed     99.96%
  91  A2y             0.49%    passed     99.99%
  92  A2z             0.49%    passed     99.91%
  93  A30             0.49%    passed     99.91%
  94  A31             0.49%    passed     99.91%
  95  A32             0.49%    passed     99.93%
  96  A33             0.49%    passed     99.94%
  97  A34             0.49%    passed     99.80%
  98  A35             0.49%    passed     99.91%
  99  A36             0.49%    passed     99.98%
 100  A37             0.49%    passed     99.85%
 101  A38             0.49%    passed     99.96%
 102  A39             0.49%    passed    100.00%
 103  A3a             0.49%    passed     99.90%
 104  A4              0.49%    passed     99.97%
 105  A5a1a1a         0.48%    passed     99.86%
 106  A5a1a1b         0.48%    passed     99.92%
 107  A5a1a2a         0.48%    passed     99.81%
 108  A5a1b           0.48%    passed     99.75%
 109  A5a2            0.48%    passed     99.88%
 110  A5a3a           0.48%    passed     99.85%
 111  A5a4            0.48%    passed     99.86%
 112  A5a5            0.48%    passed     99.78%
 113  A5a6            0.48%    passed     99.81%
 114  A5b1a1          0.48%    passed     99.94%
 115  A5b1b3          0.48%    passed     99.94%
 116  A5b1c1          0.48%    passed     99.95%
 117  A5c1            0.49%    passed     99.93%
 118  A5f             0.49%    passed     99.83%
 119  A5g             0.49%    passed     99.87%
 120  A6a             0.49%    passed     99.93%
 121  A6b             0.49%    passed     99.98%
 122  A6e             0.49%    passed     99.96%
 123  A7              0.49%    passed     99.97%
 124  A8a1            0.49%    passed     99.96%
 125  A8a5            0.49%    passed     99.93%
 126  A9              0.49%    passed     99.87%
 127  B2a1a1          0.54%    passed     99.99%
 128  B2a1b           0.54%    passed     99.98%
 129  B2a2            0.54%    passed     99.98%
 130  B2a3            0.54%    passed     99.98%
 131  B2a4a1          0.54%    passed     99.99%
 132  B2a5            0.54%    passed     99.94%
 133  B2b1            0.54%    passed    100.00%
 134  B2b2a           0.54%    passed     99.99%
 135  B2b3a1          0.54%    passed     99.99%
 136  B2b4            0.54%    passed     99.98%
 137  B2b5            0.54%    passed     99.98%
 138  B2b6            0.54%    passed     99.97%
 139  B2c1a           0.54%    passed    100.00%
 140  B2c1b           0.54%    passed     99.97%
 141  B2c1c           0.54%    passed    100.00%
 142  B2c2a           0.54%    passed    100.00%
 143  B2c2b           0.54%    passed     99.99%
 144  B2d             0.55%    passed     99.99%
 145  B2e             0.54%    passed     99.97%
 146  B2f             0.54%    passed     99.99%
 147  B2g1            0.54%    passed     99.98%
 148  B2g2            0.54%    passed     99.98%
 149  B2h             0.54%    passed    100.00%
 150  B2i1            0.54%    passed    100.00%
 151  B2i2a1a         0.54%    passed     99.98%
 152  B2i2a1b         0.54%    passed     99.99%
 153  B2i2b1          0.54%    passed    100.00%
 154  B2j             0.54%    passed     99.99%
 155  B2k             0.54%    passed    100.00%
 156  B2l             0.54%    passed    100.00%
 157  B2m             0.54%    passed     99.98%
 158  B2n             0.54%    passed     99.99%
 159  B2o1a           0.54%    passed    100.00%
 160  B2p             0.54%    passed     99.99%
 161  B2q             0.54%    passed    100.00%
 162  B2r             0.55%    passed     99.99%
 163  B2s             0.54%    passed     99.98%
 164  B2t             0.54%    passed     99.98%
 165  B2u             0.54%    passed     99.99%
 166  B2v             0.54%    passed     99.98%
 167  B2w             0.54%    passed     99.98%
 168  B2x             0.54%    passed     99.98%
 169  B2y1            0.54%    passed     99.98%
 170  B4a1a1a10       0.54%    passed     99.99%
 171  B4a1a1a11a      0.54%    passed     99.97%
 172  B4a1a1a11b      0.54%    passed     99.97%
 173  B4a1a1a12       0.54%    passed     99.95%
 174  B4a1a1a13       0.54%    passed     99.95%
 175  B4a1a1a14       0.54%    passed     99.99%
 176  B4a1a1a15       0.54%    passed     99.99%
 177  B4a1a1a16       0.54%    passed     99.97%
 178  B4a1a1a17       0.54%    passed     99.97%
 179  B4a1a1a18       0.54%    passed     99.97%
 180  B4a1a1a19       0.54%    passed     99.95%
 181  B4a1a1a1a1      0.54%    passed     99.86%
 182  B4a1a1a1b       0.54%    passed     99.97%
 183  B4a1a1a1c       0.54%    passed     99.97%
 184  B4a1a1a1d       0.54%    passed     99.97%
 185  B4a1a1a20       0.54%    passed     99.99%
 186  B4a1a1a21       0.54%    passed     99.97%
 187  B4a1a1a22       0.54%    passed     99.97%
 188  B4a1a1a23       0.54%    passed     99.95%
 189  B4a1a1a2a       0.54%    passed     99.97%
 190  B4a1a1a2b       0.54%    passed     99.97%
 191  B4a1a1a3        0.54%    passed     99.97%
 192  B4a1a1a4        0.54%    passed     99.97%
 193  B4a1a1a5        0.54%    passed     99.99%
 194  B4a1a1a6        0.54%    passed     99.97%
 195  B4a1a1a7        0.54%    passed     99.96%
 196  B4a1a1a8        0.54%    passed     99.97%
 197  B4a1a1a9        0.54%    passed     99.97%
 198  B4a1a1aa        0.54%    passed     99.98%
 199  B4a1a1ab        0.54%    passed     99.97%
 200  B4a1a1ac        0.54%    passed     99.99%
 201  B4a1a1ad        0.54%    passed     99.99%
 202  B4a1a1ae        0.54%    passed     99.98%
 203  B4a1a1af        0.54%    passed     99.97%
 204  B4a1a1b         0.54%    passed     99.99%
 205  B4a1a1c         0.54%    passed     99.99%
 206  B4a1a1d         0.54%    passed     99.97%
 207  B4a1a1e         0.54%    passed     99.99%
 208  B4a1a1f         0.54%    passed     99.97%
 209  B4a1a1g         0.54%    passed     99.97%
 210  B4a1a1h         0.54%    passed     99.98%
 211  B4a1a1i         0.54%    passed     99.99%
 212  B4a1a1j         0.54%    passed     99.99%
 213  B4a1a1k1        0.54%    passed     99.98%
 214  B4a1a1m1        0.54%    passed     99.97%
 215  B4a1a1n         0.54%    passed     99.99%
 216  B4a1a1o         0.54%    passed     99.99%
 217  B4a1a1p         0.54%    passed     99.97%
 218  B4a1a1q         0.54%    passed     99.99%
 219  B4a1a1r         0.54%    passed     99.99%
 220  B4a1a1s         0.54%    passed     99.99%
 221  B4a1a1t         0.54%    passed     99.99%
 222  B4a1a1u         0.54%    passed     99.99%
 223  B4a1a1v         0.54%    passed     99.97%
 224  B4a1a1w         0.54%    passed     99.98%
 225  B4a1a1x         0.54%    passed     99.97%
 226  B4a1a1y         0.54%    passed     99.98%
 227  B4a1a1z         0.54%    passed     99.97%
 228  B4a1a2          0.54%    passed     99.99%
 229  B4a1a3a1a       0.54%    passed     99.98%
 230  B4a1a4          0.54%    passed    100.00%
 231  B4a1a5a         0.54%    passed    100.00%
 232  B4a1a6a         0.54%    passed    100.00%
 233  B4a1a7          0.54%    passed     99.99%
 234  B4a1b1a         0.54%    passed     99.98%
 235  B4a1c1a1        0.54%    passed    100.00%
 236  B4a1c1a4        0.54%    passed     99.98%
 237  B4a1c2          0.54%    passed     99.99%
 238  B4a1c3a         0.54%    passed    100.00%
 239  B4a1c3b         0.54%    passed     99.99%
 240  B4a1c4          0.54%    passed    100.00%
 241  B4a1c5          0.54%    passed    100.00%
 242  B4a1d           0.54%    passed    100.00%
 243  B4a1e1          0.54%    passed    100.00%
 244  B4a2a1          0.54%    passed     99.99%
 245  B4a2a2          0.54%    passed     99.99%
 246  B4a2a3          0.54%    passed     99.99%
 247  B4a2b1a         0.54%    passed     99.98%
 248  B4a2c           0.54%    passed     99.99%
 249  B4a3b           0.54%    passed     99.99%
 250  B4a4a           0.54%    passed     99.99%
 251  B4a4b           0.59%    passed     99.98%
 252  B4a4c           0.54%    passed     99.97%
 253  B4a5a           0.54%    passed     99.99%
 254  B4b1a1a         0.54%    passed     99.97%
 255  B4b1a1b         0.54%    passed     99.97%
 256  B4b1a1c         0.54%    passed     99.98%
 257  B4b1a2a         0.53%    passed     99.98%
 258  B4b1a2b1        0.54%    passed     99.98%
 259  B4b1a2b2        0.54%    passed    100.00%
 260  B4b1a2c         0.54%    passed     99.98%
 261  B4b1a2d         0.54%    passed     99.99%
 262  B4b1a2e         0.54%    passed     99.98%
 263  B4b1a2f         0.54%    passed     99.95%
 264  B4b1a2g1        0.54%    passed     99.99%
 265  B4b1a2h         0.54%    passed     99.97%
 266  B4b1a2i         0.54%    passed     99.98%
 267  B4b1a2j         0.54%    passed     99.92%
 268  B4b1a2k         0.54%    passed     99.99%
 269  B4b1a2l         0.54%    passed     99.98%
 270  B4b1a3a         0.54%    passed     99.96%
 271  B4b1a3b         0.52%    passed     99.98%
 272  B4b1b           0.54%    passed     99.99%
 273  B4b1c1          0.54%    passed     99.99%
 274  B4b1c2          0.54%    passed     99.99%
 275  B4b1d           0.54%    passed     99.99%
 276  B4c1a1a1a       0.54%    passed    100.00%
 277  B4c1a1a2        0.54%    passed    100.00%
 278  B4c1a1b         0.54%    passed    100.00%
 279  B4c1a1c         0.54%    passed    100.00%
 280  B4c1a2a         0.54%    passed     99.99%
 281  B4c1a2b         0.52%    passed     99.97%
 282  B4c1b1a         0.53%    passed     99.99%
 283  B4c1b2a1a       0.54%    passed    100.00%
 284  B4c1b2a2a       0.54%    passed     99.99%
 285  B4c1b2a2b       0.54%    passed     99.98%
 286  B4c1b2a3        0.54%    passed    100.00%
 287  B4c1b2b1        0.54%    passed     99.99%
 288  B4c1b2c1        0.54%    passed     99.98%
 289  B4c1b2c2a       0.54%    passed     99.96%
 290  B4c1b2c3        0.55%    passed     99.99%
 291  B4c1b2d         0.54%    passed     99.99%
 292  B4c1b2e         0.54%    passed     99.99%
 293  B4c1c1a         0.54%    passed     99.97%
 294  B4c1c2          0.54%    passed     99.99%
 295  B4c1c3          0.54%    passed    100.00%
 296  B4c2a           0.54%    passed     99.99%
 297  B4c2b           0.54%    passed     99.99%
 298  B4c2c           0.54%    passed     99.99%
 299  B4c2d           0.54%    passed     99.99%
 300  B4c2e           0.54%    passed     99.99%
 301  B4c3            0.54%    passed    100.00%
 302  B4c4            0.54%    passed     99.99%
 303  B4d1a           0.54%    passed     99.99%
 304  B4d1b           0.54%    passed     99.99%
 305  B4d1c           0.54%    passed     99.99%
 306  B4d2            0.54%    passed    100.00%
 307  B4d3a1          0.55%    passed     99.85%
 308  B4d4            0.54%    passed     99.80%
 309  B4e1            0.55%    passed     99.98%
 310  B4e2            0.54%    passed    100.00%
 311  B4f1a           0.53%    passed     99.99%
 312  B4g1a           0.54%    passed     99.97%
 313  B4g1b           0.54%    passed     99.95%
 314  B4g2            0.54%    passed     99.88%
 315  B4h1            0.54%    passed    100.00%
 316  B4i1            0.54%    passed    100.00%
 317  B4j             0.54%    passed     99.95%
 318  B4k             0.54%    passed    100.00%
 319  B4m             0.54%    passed     99.98%
 320  B5a1a1          0.54%    passed     99.97%
 321  B5a1a2          0.54%    passed     99.98%
 322  B5a1b1a         0.54%    passed     99.98%
 323  B5a1c1a1        0.54%    passed     99.99%
 324  B5a1c1b         0.54%    passed     99.93%
 325  B5a1c2          0.54%    passed     99.98%
 326  B5a1c3          0.54%    passed     99.98%
 327  B5a1d1          0.54%    passed     99.98%
 328  B5a2a1a         0.54%    passed     99.89%
 329  B5a2a1b         0.54%    passed     99.94%
 330  B5a2a2a1        0.54%    passed     99.99%
 331  B5a2a2a2        0.54%    passed     99.97%
 332  B5a2a2b1a       0.54%    passed     99.96%
 333  B5a2a2b2        0.54%    passed     99.96%
 334  B5a3            0.54%    passed     99.99%
 335  B5b1a1          0.53%    passed    100.00%
 336  B5b1a2a         0.53%    passed    100.00%
 337  B5b1a3          0.53%    passed     99.99%
 338  B5b1b           0.53%    passed    100.00%
 339  B5b1c1a         0.53%    passed     99.91%
 340  B5b1d           0.53%    passed     99.98%
 341  B5b1e           0.53%    passed    100.00%
 342  B5b2a1          0.54%    passed     99.99%
 343  B5b2a2a1        0.54%    passed     99.96%
 344  B5b2a2a2        0.54%    passed     99.97%
 345  B5b2a2b         0.54%    passed     99.98%
 346  B5b2a3          0.54%    passed     99.98%
 347  B5b2b1          0.54%    passed     99.99%
 348  B5b2c1          0.54%    passed     99.93%
 349  B5b2c2          0.54%    passed     99.97%
 350  B5b2d           0.54%    passed     99.98%
 351  B5b2e           0.54%    passed    100.00%
 352  B5b2g           0.54%    passed     99.98%
 353  B5b3a           0.54%    passed     99.99%
 354  B5b3b           0.54%    passed    100.00%
 355  B5b4            0.54%    passed    100.00%
 356  B5b5            0.54%    passed     99.99%
 357  B5b6            0.54%    passed    100.00%
 358  B5b7            0.53%    passed    100.00%
 359  B6a1a           0.53%    passed    100.00%
 360  B6a2            0.54%    passed    100.00%
 361  B6a3            0.54%    passed    100.00%
 362  B6b             0.54%    passed     99.95%
 363  B7              0.49%    passed     99.98%
 364  C1a1            0.50%    passed    100.00%
 365  C1b1            0.50%    passed     99.99%
 366  C1b10           0.50%    passed     99.95%
 367  C1b11           0.50%    passed     99.99%
 368  C1b12           0.50%    passed     99.99%
 369  C1b13a1         0.50%    passed     99.95%
 370  C1b13b          0.50%    passed     99.95%
 371  C1b13c1         0.50%    passed     99.95%
 372  C1b13d          0.50%    passed     99.95%
 373  C1b13e          0.50%    passed     99.97%
 374  C1b14           0.50%    passed     99.91%
 375  C1b2            0.50%    passed    100.00%
 376  C1b3            0.50%    passed    100.00%
 377  C1b4            0.50%    passed    100.00%
 378  C1b5a           0.50%    passed     99.99%
 379  C1b5b           0.50%    passed     99.99%
 380  C1b6            0.50%    passed     99.95%
 381  C1b7a           0.50%    passed     99.97%
 382  C1b8a           0.50%    passed     99.92%
 383  C1b9            0.50%    passed     99.98%
 384  C1c1a           0.50%    passed    100.00%
 385  C1c1b           0.50%    passed    100.00%
 386  C1c2            0.50%    passed     99.99%
 387  C1c3            0.50%    passed     99.99%
 388  C1c4            0.50%    passed    100.00%
 389  C1c5            0.50%    passed    100.00%
 390  C1c6            0.50%    passed     99.99%
 391  C1c7            0.50%    passed     99.99%
 392  C1c8            0.50%    passed    100.00%
 393  C1d1a1          0.50%    passed    100.00%
 394  C1d1b1          0.50%    passed    100.00%
 395  C1d1c1          0.50%    passed    100.00%
 396  C1d1d           0.50%    passed    100.00%
 397  C1d2a           0.50%    passed     99.99%
 398  C1d3            0.50%    passed     99.99%
 399  C1e             0.50%    passed     99.90%
 400  C1f             0.50%    passed    100.00%
 401  C2              0.49%    passed     99.99%
 402  C3              0.49%    passed    100.00%
 403  C4a1a1a1        0.48%    passed    100.00%
 404  C4a1a2a         0.49%    passed     99.99%
 405  C4a1a3a1        0.49%    passed     99.99%
 406  C4a1a3b         0.49%    passed     99.99%
 407  C4a1a3c1        0.54%    passed     99.99%
 408  C4a1a3d         0.49%    passed    100.00%
 409  C4a1a4a         0.49%    passed     99.99%
 410  C4a1a5          0.49%    passed     99.97%
 411  C4a1a6          0.49%    passed     99.99%
 412  C4a1b           0.49%    passed    100.00%
 413  C4a2a1a         0.49%    passed    100.00%
 414  C4a2a1b         0.49%    passed     99.99%
 415  C4a2a1c         0.49%    passed    100.00%
 416  C4a2a1d         0.49%    passed     99.99%
 417  C4a2b1          0.49%    passed     99.97%
 418  C4a2b2a         0.48%    passed     99.95%
 419  C4a2b3          0.49%    passed     99.97%
 420  C4a2c1          0.49%    passed     99.99%
 421  C4a2c2a         0.49%    passed     99.99%
 422  C4a2d           0.49%    passed     99.99%
 423  C4b1a           0.48%    passed     99.99%
 424  C4b1b           0.49%    passed     99.99%
 425  C4b2a           0.49%    passed    100.00%
 426  C4b3a1          0.49%    passed    100.00%
 427  C4b3b           0.49%    passed    100.00%
 428  C4b4            0.49%    passed    100.00%
 429  C4b5            0.49%    passed    100.00%
 430  C4b6            0.49%    passed    100.00%
 431  C4b7            0.49%    passed    100.00%
 432  C4b8a           0.49%    passed     99.99%
 433  C4c1a           0.49%    passed    100.00%
 434  C4c1b           0.49%    passed     99.99%
 435  C4c2            0.52%    passed     99.88%
 436  C4d             0.49%    passed     99.99%
 437  C4e             0.49%    passed    100.00%
 438  C4f             0.49%    passed     99.99%
 439  C5a1            0.49%    passed    100.00%
 440  C5a2a           0.49%    passed     99.99%
 441  C5a2b1          0.49%    passed     99.97%
 442  C5b1a1          0.48%    passed    100.00%
 443  C5b1b1          0.48%    passed     99.98%
 444  C5c1a           0.49%    passed    100.00%
 445  C5d1a           0.49%    passed     99.98%
 446  C5d2a           0.49%    passed     99.93%
 447  C6              0.49%    passed    100.00%
 448  C7a1a1          0.49%    passed     99.96%
 449  C7a1a2          0.49%    passed     99.97%
 450  C7a1b           0.49%    passed    100.00%
 451  C7a1c1          0.49%    passed    100.00%
 452  C7a1d           0.49%    passed     99.99%
 453  C7a1e           0.49%    passed     99.98%
 454  C7a2a           0.49%    passed     99.98%
 455  C7b1            0.49%    passed     99.98%
 456  C7c             0.49%    passed     99.99%
 457  C7d             0.49%    passed     99.99%
 458  C7e             0.49%    passed     99.99%
 459  C7f             0.49%    passed     99.99%
 460  D1a1            0.49%    passed     99.99%
 461  D1a2            0.49%    passed     99.93%
 462  D1b             0.49%    passed     99.99%
 463  D1c             0.49%    passed     99.99%
 464  D1d1            0.49%    passed     99.99%
 465  D1d2            0.49%    passed    100.00%
 466  D1e             0.49%    passed     99.99%
 467  D1f1            0.49%    passed     99.90%
 468  D1f2            0.49%    passed     99.98%
 469  D1f3            0.49%    passed     99.97%
 470  D1g1a           0.49%    passed    100.00%
 471  D1g1b           0.49%    passed     99.99%
 472  D1g2a           0.49%    passed     99.95%
 473  D1g3            0.49%    passed     99.99%
 474  D1g4            0.49%    passed     99.96%
 475  D1g5            0.49%    passed    100.00%
 476  D1g6            0.48%    passed     99.99%
 477  D1h1            0.49%    passed    100.00%
 478  D1h2            0.49%    passed     99.98%
 479  D1i1            0.49%    passed    100.00%
 480  D1i2            0.49%    passed     99.99%
 481  D1j1a1          0.49%    passed     99.99%
 482  D1j1a2          0.52%    passed    100.00%
 483  D1k             0.49%    passed     99.98%
 484  D1l             0.49%    passed     99.98%
 485  D1m             0.49%    passed    100.00%
 486  D1n             0.49%    passed     99.99%
 487  D1o             0.49%    passed    100.00%
 488  D1p             0.49%    passed     99.98%
 489  D2a1a           0.49%    passed     99.94%
 490  D2a1b           0.49%    passed     99.90%
 491  D2a2            0.49%    passed     99.93%
 492  D2b1a           0.49%    passed     99.97%
 493  D2b2            0.49%    passed     99.99%
 494  D2c             0.49%    passed     99.93%
 495  D3              0.49%    passed     99.99%
 496  D4a10           0.49%    passed    100.00%
 497  D4a11           0.49%    passed     99.99%
 498  D4a12           0.49%    passed    100.00%
 499  D4a1a1a         0.49%    passed     99.99%
 500  D4a1b1          0.49%    passed    100.00%
 501  D4a1c           0.49%    passed    100.00%
 502  D4a1d           0.49%    passed     99.99%
 503  D4a1e1          0.49%    passed    100.00%
 504  D4a1e2          0.49%    passed     99.98%
 505  D4a1f1          0.49%    passed    100.00%
 506  D4a1g           0.49%    passed     99.99%
 507  D4a1h           0.49%    passed    100.00%
 508  D4a2a           0.49%    passed    100.00%
 509  D4a2b           0.49%    passed     99.99%
 510  D4a3a1          0.49%    passed    100.00%
 511  D4a3a2          0.49%    passed    100.00%
 512  D4a3a3          0.49%    passed     99.99%
 513  D4a3b1          0.49%    passed    100.00%
 514  D4a3b2          0.49%    passed    100.00%
 515  D4a3b3          0.49%    passed    100.00%
 516  D4a4            0.49%    passed    100.00%
 517  D4a5a           0.49%    passed    100.00%
 518  D4a5b           0.49%    passed    100.00%
 519  D4a6            0.49%    passed    100.00%
 520  D4a7            0.49%    passed    100.00%
 521  D4a8            0.49%    passed    100.00%
 522  D4a9            0.49%    passed     99.98%
 523  D4b1a1a         0.49%    passed    100.00%
 524  D4b1a2a1a       0.49%    passed     99.93%
 525  D4b1a2a2        0.49%    passed     99.98%
 526  D4b1a2a3        0.49%    passed     99.94%
 527  D4b1a3          0.49%    passed     99.98%
 528  D4b1b1a1        0.49%    passed     99.96%
 529  D4b1b2          0.54%    passed     99.86%
 530  D4b1b3          0.49%    passed     99.96%
 531  D4b1d           0.49%    passed     99.99%
 532  D4b2a1          0.49%    passed     99.95%
 533  D4b2a2a1        0.49%    passed     99.99%
 534  D4b2a2a2        0.49%    passed     99.98%
 535  D4b2a2b         0.49%    passed     99.95%
 536  D4b2b10         0.49%    passed     99.97%
 537  D4b2b1a         0.49%    passed     99.96%
 538  D4b2b1b         0.49%    passed     99.94%
 539  D4b2b1c         0.49%    passed     99.98%
 540  D4b2b1d         0.49%    passed     99.99%
 541  D4b2b2a1        0.49%    passed     99.90%
 542  D4b2b2b1        0.49%    passed     99.99%
 543  D4b2b2c         0.49%    passed     99.98%
 544  D4b2b2d         0.48%    passed     99.96%
 545  D4b2b3          0.49%    passed     99.95%
 546  D4b2b4a         0.49%    passed     99.93%
 547  D4b2b5          0.49%    passed     99.97%
 548  D4b2b6          0.49%    passed     99.96%
 549  D4b2b7          0.49%    passed     99.96%
 550  D4b2b8          0.49%    passed     99.97%
 551  D4b2b9          0.49%    passed     99.96%
 552  D4b2c           0.49%    passed     99.99%
 553  D4b2d           0.49%    passed     99.97%
 554  D4b3            0.49%    passed     99.98%
 555  D4c1a1          0.48%    passed     99.88%
 556  D4c1b1          0.49%    passed     99.98%
 557  D4c1b2          0.49%    passed     99.99%
 558  D4c2a           0.49%    passed     99.99%
 559  D4c2b1          0.49%    passed     99.94%
 560  D4c2b2          0.49%    passed     99.81%
 561  D4c2c           0.49%    passed     99.99%
 562  D4d             0.49%    passed    100.00%
 563  D4e1a1          0.49%    passed     99.98%
 564  D4e1a2a         0.49%    passed    100.00%
 565  D4e1a3          0.49%    passed     99.99%
 566  D4e1a4          0.49%    passed     99.89%
 567  D4e1a5          0.49%    passed     99.99%
 568  D4e1a6          0.49%    passed    100.00%
 569  D4e1b           0.49%    passed     99.98%
 570  D4e1c           0.49%    passed     99.95%
 571  D4e2a           0.48%    passed     99.98%
 572  D4e2b           0.49%    passed     99.98%
 573  D4e2c           0.49%    passed     99.98%
 574  D4e2d           0.49%    passed     99.98%
 575  D4e3            0.49%    passed     99.97%
 576  D4e4a1          0.49%    passed    100.00%
 577  D4e4b           0.49%    passed     99.95%
 578  D4e5a           0.48%    passed    100.00%
 579  D4e5b           0.49%    passed     99.95%
 580  D4f1            0.49%    passed     99.98%
 581  D4f2            0.48%    passed    100.00%
 582  D4g1a           0.48%    passed     99.98%
 583  D4g1b           0.48%    passed     99.95%
 584  D4g1c           0.48%    passed     99.97%
 585  D4g2a1a         0.49%    passed     99.98%
 586  D4g2a1b         0.49%    passed     99.91%
 587  D4g2a1c1        0.49%    passed     99.93%
 588  D4g2a1c2        0.49%    passed     99.91%
 589  D4g2a1d         0.49%    passed     99.92%
 590  D4g2b1a         0.49%    passed     99.99%
 591  D4g2b2          0.49%    passed     99.96%
 592  D4g2c           0.49%    passed     99.98%
 593  D4g2d           0.49%    passed     99.99%
 594  D4g2e           0.49%    passed     99.99%
 595  D4g2f           0.49%    passed    100.00%
 596  D4h1a1          0.49%    passed    100.00%
 597  D4h1a2          0.49%    passed    100.00%
 598  D4h1b           0.49%    passed    100.00%
 599  D4h1c1          0.49%    passed    100.00%
 600  D4h1c2          0.49%    passed    100.00%
 601  D4h1c3          0.49%    passed    100.00%
 602  D4h1d           0.49%    passed     99.99%
 603  D4h2            0.49%    passed    100.00%
 604  D4h3a1a1        0.49%    passed     99.99%
 605  D4h3a1a2        0.49%    passed     99.99%
 606  D4h3a2          0.48%    passed    100.00%
 607  D4h3a3a         0.49%    passed    100.00%
 608  D4h3a4          0.49%    passed     99.99%
 609  D4h3a5a         0.49%    passed    100.00%
 610  D4h3a6          0.49%    passed    100.00%
 611  D4h3a7          0.49%    passed     99.99%
 612  D4h3a8          0.49%    passed    100.00%
 613  D4h3a9          0.49%    passed     99.98%
 614  D4h3b           0.49%    passed     99.98%
 615  D4h3c           0.49%    passed     99.98%
 616  D4h4a           0.49%    passed    100.00%
 617  D4h4b           0.49%    passed    100.00%
 618  D4i1            0.49%    passed     99.98%
 619  D4i2            0.49%    passed     99.98%
 620  D4i3            0.49%    passed     99.96%
 621  D4j10           0.49%    passed     99.99%
 622  D4j11           0.49%    passed     99.97%
 623  D4j12           0.49%    passed     99.99%
 624  D4j13           0.49%    passed     99.99%
 625  D4j14           0.49%    passed     99.99%
 626  D4j15a          0.49%    passed     99.98%
 627  D4j15b          0.49%    passed     99.94%
 628  D4j15c          0.49%    passed     99.98%
 629  D4j16           0.49%    passed     99.98%
 630  D4j17           0.49%    passed     99.98%
 631  D4j18           0.49%    passed    100.00%
 632  D4j19           0.49%    passed    100.00%
 633  D4j1a1a         0.49%    passed    100.00%
 634  D4j1a1b         0.49%    passed    100.00%
 635  D4j1a2          0.49%    passed     99.99%
 636  D4j1b2          0.49%    passed     99.93%
 637  D4j1c           0.49%    passed     99.95%
 638  D4j1d           0.49%    passed     99.94%
 639  D4j2a           0.49%    passed     99.87%
 640  D4j3a1          0.49%    passed     99.99%
 641  D4j3b           0.49%    passed     99.99%
 642  D4j3c           0.49%    passed     99.99%
 643  D4j4a           0.49%    passed     99.99%
 644  D4j5a           0.49%    passed     99.98%
 645  D4j6            0.49%    passed     99.98%
 646  D4j7a           0.49%    passed     99.98%
 647  D4j8a           0.49%    passed     99.95%
 648  D4j9            0.49%    passed     99.95%
 649  D4k1            0.49%    passed     99.98%
 650  D4l1a1          0.49%    passed     99.99%
 651  D4l2a1          0.49%    passed     99.97%
 652  D4l2a2          0.49%    passed     99.99%
 653  D4l2b           0.49%    passed     99.98%
 654  D4m1            0.49%    passed    100.00%
 655  D4m2a1a         0.49%    passed     99.99%
 656  D4m3            0.49%    passed     99.99%
 657  D4n1a           0.49%    passed     99.97%
 658  D4n2a           0.49%    passed    100.00%
 659  D4o1a           0.49%    passed     99.99%
 660  D4o2a1          0.49%    passed     99.99%
 661  D4o2a2          0.49%    passed     99.98%
 662  D4o3            0.49%    passed     99.99%
 663  D4o4            0.49%    passed     99.99%
 664  D4p1            0.49%    passed     99.99%
 665  D4q1a           0.49%    passed    100.00%
 666  D4q2            0.49%    passed    100.00%
 667  D4r             0.49%    passed     99.98%
 668  D4s             0.49%    passed    100.00%
 669  D4t             0.49%    passed     99.99%
 670  D4u             0.49%    passed     99.99%
 671  D4v             0.49%    passed    100.00%
 672  D4w             0.49%    passed     99.99%
 673  D4x             0.49%    passed    100.00%
 674  D4y             0.49%    passed    100.00%
 675  D5a1a1          0.49%    passed    100.00%
 676  D5a1a2          0.49%    passed    100.00%
 677  D5a2a1a1a       0.48%    passed     99.97%
 678  D5a2a1a2        0.48%    passed     99.90%
 679  D5a2a1b1        0.49%    passed     99.97%
 680  D5a2a1b2        0.49%    passed     99.98%
 681  D5a2a1b3        0.48%    passed     99.99%
 682  D5a2a1b4        0.49%    passed     99.99%
 683  D5a2a1c         0.49%    passed     99.94%
 684  D5a2a2          0.49%    passed     99.97%
 685  D5a2a3          0.49%    passed     99.97%
 686  D5a2a4          0.49%    passed     99.97%
 687  D5a2b1          0.49%    passed     99.99%
 688  D5a2c           0.49%    passed     99.99%
 689  D5a3a1a         0.49%    passed     99.99%
 690  D5a3a2          0.49%    passed     99.99%
 691  D5a3b           0.49%    passed     99.97%
 692  D5a4            0.49%    passed     99.96%
 693  D5b1a1          0.49%    passed     99.94%
 694  D5b1a2          0.49%    passed     99.94%
 695  D5b1b1          0.49%    passed     99.84%
 696  D5b1b2          0.49%    passed     99.90%
 697  D5b1c1a         0.48%    passed     99.96%
 698  D5b1c2          0.49%    passed     99.93%
 699  D5b1d           0.49%    passed     99.97%
 700  D5b1e           0.49%    passed     99.91%
 701  D5b2            0.49%    passed     99.23%
 702  D5b3a1          0.49%    passed     99.94%
 703  D5b3b           0.49%    passed     99.89%
 704  D5b4            0.49%    passed     99.98%
 705  D5b5            0.49%    passed     99.77%
 706  D5b6            0.49%    passed     99.97%
 707  D5b7            0.49%    passed     99.96%
 708  D5c1a1          0.49%    passed     99.99%
 709  D5c2a           0.49%    passed     99.90%
 710  D5c3            0.49%    passed     99.99%
 711  D5c4            0.49%    passed     99.99%
 712  D6a1a           0.49%    passed    100.00%
 713  D6a2            0.49%    passed     99.99%
 714  D6c1a           0.49%    passed     99.97%
 715  D6c2            0.49%    passed     99.99%
 716  E1a1a1a         0.49%    passed     99.94%
 717  E1a1a1b1        0.49%    passed     99.98%
 718  E1a1a1b2        0.49%    passed     99.97%
 719  E1a1a1c         0.49%    passed     99.96%
 720  E1a1b1          0.49%    passed     99.96%
 721  E1a1b2          0.49%    passed     99.96%
 722  E1a1b3          0.49%    passed     99.96%
 723  E1a1b4          0.49%    passed     99.96%
 724  E1a1c           0.49%    passed     99.97%
 725  E1a2a1          0.49%    passed     99.97%
 726  E1a2a2          0.49%    passed     99.98%
 727  E1a2a3          0.49%    passed     99.93%
 728  E1a2a4          0.49%    passed     99.94%
 729  E2a1a           0.49%    passed    100.00%
 730  E2a2            0.49%    passed     99.99%
 731  E2b1            0.49%    passed    100.00%
 732  E2b2            0.49%    passed    100.00%
 733  E2b3            0.49%    passed    100.00%
 734  F1a1a1a         0.49%    passed     99.75%
 735  F1a1a1b         0.49%    passed     99.94%
 736  F1a1a1c         0.49%    passed     99.94%
 737  F1a1a1d         0.49%    passed     99.96%
 738  F1a1a1e         0.49%    passed     99.90%
 739  F1a1a2          0.49%    passed     99.83%
 740  F1a1b           0.49%    passed     99.93%
 741  F1a1c1          0.49%    passed     99.89%
 742  F1a1c2          0.49%    passed     99.83%
 743  F1a1c3          0.49%    passed     99.87%
 744  F1a1c4          0.49%    passed     99.86%
 745  F1a1c5          0.49%    passed     99.89%
 746  F1a1c6          0.49%    passed     99.92%
 747  F1a1c7          0.49%    passed     99.87%
 748  F1a1c8          0.49%    passed     99.86%
 749  F1a1d1          0.49%    passed     99.96%
 750  F1a1d2          0.49%    passed     99.99%
 751  F1a1e           0.49%    passed     99.83%
 752  F1a1f           0.49%    passed     99.83%
 753  F1a1g           0.49%    passed     99.92%
 754  F1a2a           0.49%    passed     99.93%
 755  F1a3a1a         0.49%    passed     99.90%
 756  F1a3a2          0.49%    passed     99.89%
 757  F1a3a3a1        0.49%    passed     99.83%
 758  F1a3a4          0.49%    passed     99.94%
 759  F1a3b           0.49%    passed     99.84%
 760  F1a3c           0.49%    passed     99.75%
 761  F1a3d           0.49%    passed     99.92%
 762  F1a4a1          0.49%    passed     99.81%
 763  F1a4b           0.49%    passed     99.75%
 764  F1a5            0.49%    passed     99.89%
 765  F1a6            0.49%    passed     99.89%
 766  F1a7            0.49%    passed     99.93%
 767  F1a8            0.49%    passed     99.89%
 768  F1b1a1a1a       0.49%    passed     99.95%
 769  F1b1a1a2        0.49%    passed     99.98%
 770  F1b1a1a3        0.49%    passed     99.98%
 771  F1b1a2          0.49%    passed     99.93%
 772  F1b1b           0.49%    passed     99.92%
 773  F1b1c1          0.49%    passed     99.86%
 774  F1b1c2          0.49%    passed     99.90%
 775  F1b1c3          0.49%    passed     99.92%
 776  F1b1c4          0.49%    passed     99.97%
 777  F1b1d           0.49%    passed     99.98%
 778  F1b1e1          0.49%    passed     99.96%
 779  F1b1f           0.49%    passed     99.96%
 780  F1b1g           0.49%    passed     99.88%
 781  F1b1h           0.49%    passed     99.98%
 782  F1b1i           0.49%    passed     99.98%
 783  F1c1a1a1        0.49%    passed     99.93%
 784  F1c1a1b         0.49%    passed     99.89%
 785  F1c1a1c         0.49%    passed     99.75%
 786  F1c1a1d         0.49%    passed     99.96%
 787  F1c1a2          0.49%    passed     99.83%
 788  F1d1a           0.49%    passed     99.96%
 789  F1d2            0.51%    passed     99.97%
 790  F1d3            0.49%    passed     99.96%
 791  F1d4            0.49%    passed     99.97%
 792  F1d5            0.49%    passed     99.99%
 793  F1d6            0.49%    passed     99.97%
 794  F1e1a           0.49%    passed     99.96%
 795  F1e2            0.49%    passed     99.98%
 796  F1e3a           0.49%    passed     99.96%
 797  F1e3b           0.49%    passed     99.98%
 798  F1e3c           0.49%    passed     99.92%
 799  F1e4            0.49%    passed     99.95%
 800  F1e5            0.49%    passed     99.90%
 801  F1f1            0.49%    passed     99.89%
 802  F1f2            0.49%    passed     99.89%
 803  F1g1a           0.49%    passed    100.00%
 804  F1h             0.49%    passed     99.75%
 805  F1i             0.49%    passed     99.93%
 806  F1j             0.49%    passed     99.98%
 807  F1k             0.49%    passed     99.99%
 808  F1l             0.49%    passed     99.98%
 809  F1m             0.49%    passed     99.99%
 810  F2a1            0.49%    passed     99.97%
 811  F2a2            0.49%    passed     99.98%
 812  F2b1a           0.49%    passed     99.95%
 813  F2b2            0.49%    passed     99.89%
 814  F2b3            0.49%    passed    100.00%
 815  F2b4            0.49%    passed     99.98%
 816  F2c1            0.49%    passed     99.96%
 817  F2c2            0.49%    passed    100.00%
 818  F2c3            0.49%    passed     99.92%
 819  F2d             0.49%    passed    100.00%
 820  F2e1            0.49%    passed     99.99%
 821  F2e2            0.49%    passed     99.98%
 822  F2f1            0.49%    passed     99.97%
 823  F2f2            0.49%    passed     99.97%
 824  F2f3            0.49%    passed     99.95%
 825  F2f4            0.49%    passed     99.94%
 826  F2g             0.49%    passed     99.99%
 827  F2h             0.49%    passed     99.91%
 828  F2i             0.49%    passed     99.89%
 829  F2j             0.49%    passed     99.95%
 830  F2k             0.49%    passed     99.89%
 831  F2l             0.49%    passed     99.96%
 832  F2m             0.49%    passed     99.91%
 833  F2n             0.49%    passed     99.92%
 834  F2o             0.49%    passed     99.98%
 835  F2p             0.49%    passed     99.96%
 836  F2q             0.49%    passed     99.98%
 837  F2r             0.49%    passed     99.99%
 838  F3a1a           0.49%    passed     99.96%
 839  F3a2            0.49%    passed     99.98%
 840  F3b1a1          0.49%    passed     99.97%
 841  F3b1a2          0.49%    passed     99.98%
 842  F3b1a3          0.49%    passed     99.89%
 843  F3b1b1          0.49%    passed     99.99%
 844  F3b1c           0.49%    passed     99.96%
 845  F3b2            0.49%    passed     99.97%
 846  F3b3            0.49%    passed     99.99%
 847  F3b4            0.49%    passed     99.99%
 848  F3b5            0.49%    passed     99.99%
 849  F4a1a           0.49%    passed     99.89%
 850  F4a1b           0.49%    passed     99.96%
 851  F4a2a           0.49%    passed     99.96%
 852  F4b1a           0.49%    passed     99.99%
 853  F4b2            0.49%    passed     99.98%
 854  F4b3            0.49%    passed     99.96%
 855  F4b4            0.49%    passed     99.97%
 856  F4b5            0.49%    passed    100.00%
 857  F4b6            0.49%    passed    100.00%
 858  G1a1a1          0.49%    passed    100.00%
 859  G1a1a2          0.49%    passed    100.00%
 860  G1a1a3          0.49%    passed    100.00%
 861  G1a1a4          0.49%    passed    100.00%
 862  G1a1a5          0.49%    passed    100.00%
 863  G1a1b           0.49%    passed    100.00%
 864  G1a2            0.49%    passed     99.99%
 865  G1a3            0.49%    passed     99.98%
 866  G1b1            0.49%    passed     99.99%
 867  G1b2            0.49%    passed     99.94%
 868  G1b3            0.49%    passed     99.98%
 869  G1b4            0.49%    passed     99.96%
 870  G1b5            0.49%    passed     99.92%
 871  G1c1            0.49%    passed     99.95%
 872  G1c2            0.49%    passed     99.96%
 873  G1c3            0.49%    passed     99.91%
 874  G1d             0.49%    passed     99.97%
 875  G1f             0.49%    passed     99.97%
 876  G2a1a           0.49%    passed    100.00%
 877  G2a1b           0.49%    passed    100.00%
 878  G2a1c1          0.49%    passed     99.99%
 879  G2a1c2          0.49%    passed    100.00%
 880  G2a1d1a         0.49%    passed    100.00%
 881  G2a1d2a         0.49%    passed    100.00%
 882  G2a1e           0.49%    passed    100.00%
 883  G2a1f1          0.49%    passed    100.00%
 884  G2a1f2          0.49%    passed     99.99%
 885  G2a1g           0.49%    passed    100.00%
 886  G2a1h           0.49%    passed    100.00%
 887  G2a1i           0.49%    passed    100.00%
 888  G2a1j           0.49%    passed    100.00%
 889  G2a1k           0.49%    passed    100.00%
 890  G2a2a           0.49%    passed    100.00%
 891  G2a3a           0.49%    passed     99.99%
 892  G2a4            0.49%    passed    100.00%
 893  G2a5            0.49%    passed    100.00%
 894  G2a6            0.49%    passed    100.00%
 895  G2a7            0.49%    passed    100.00%
 896  G2a8            0.49%    passed     99.97%
 897  G2a9            0.49%    passed    100.00%
 898  G2b1a1          0.49%    passed     99.98%
 899  G2b1a2          0.49%    passed     99.99%
 900  G2b1a3          0.48%    passed    100.00%
 901  G2b1b           0.49%    passed    100.00%
 902  G2b2a           0.49%    passed    100.00%
 903  G2b2b           0.49%    passed    100.00%
 904  G2b2c           0.49%    passed    100.00%
 905  G2b2d           0.49%    passed     99.99%
 906  G2c             0.49%    passed     99.99%
 907  G2d             0.49%    passed    100.00%
 908  G2e             0.49%    passed    100.00%
 909  G2f             0.49%    passed    100.00%
 910  G2g             0.49%    passed     99.98%
 911  G3a1a           0.49%    passed     99.99%
 912  G3a2a1          0.48%    passed     99.91%
 913  G3a2b           0.49%    passed     99.99%
 914  G3a2c           0.49%    passed     99.98%
 915  G3a2d           0.49%    passed    100.00%
 916  G3a2e           0.49%    passed     99.97%
 917  G3a3a           0.49%    passed     99.96%
 918  G3a4            0.49%    passed     99.99%
 919  G3b1a           0.49%    passed     99.99%
 920  G3b2            0.49%    passed     99.99%
 921  G3b3            0.49%    passed     99.98%
 922  G3b4            0.49%    passed     99.97%
 923  G4a             0.48%    passed     99.97%
 924  G5              0.49%    passed     99.98%
 925  G6              0.48%    passed    100.00%
 926  G7              0.49%    passed     99.99%
 927  H100            0.49%    passed    100.00%
 928  H101            0.49%    passed    100.00%
 929  H102            0.49%    passed    100.00%
 930  H103            0.49%    passed    100.00%
 931  H104a           0.49%    passed     99.99%
 932  H105a           0.49%    passed     99.99%
 933  H106            0.49%    passed    100.00%
 934  H107            0.49%    passed    100.00%
 935  H108            0.49%    passed    100.00%
 936  H10a1a1         0.49%    passed    100.00%
 937  H10a1b          0.49%    passed     99.99%
 938  H10b1           0.49%    passed    100.00%
 939  H10c1           0.49%    passed     99.97%
 940  H10d            0.49%    passed    100.00%
 941  H10e1a          0.49%    passed    100.00%
 942  H10e2           0.49%    passed    100.00%
 943  H10e3a          0.49%    passed     99.99%
 944  H10f            0.49%    passed    100.00%
 945  H10g            0.49%    passed    100.00%
 946  H10h            0.49%    passed    100.00%
 947  H11a1           0.49%    passed    100.00%
 948  H11a2a1         0.49%    passed     99.94%
 949  H11a2a2         0.49%    passed     99.93%
 950  H11a2a3         0.49%    passed     99.97%
 951  H11a3           0.49%    passed     99.98%
 952  H11a4           0.48%    passed     99.99%
 953  H11a5           0.49%    passed    100.00%
 954  H11a6           0.49%    passed     99.99%
 955  H11a7           0.49%    passed     99.99%
 956  H11a8           0.49%    passed     99.98%
 957  H11b1           0.49%    passed     99.96%
 958  H12a            0.49%    passed    100.00%
 959  H13a1a1a        0.49%    passed     99.99%
 960  H13a1a1b        0.49%    passed    100.00%
 961  H13a1a1c        0.49%    passed    100.00%
 962  H13a1a1d1       0.49%    passed    100.00%
 963  H13a1a1e        0.49%    passed     99.99%
 964  H13a1a2a        0.49%    passed     99.97%
 965  H13a1a2b        0.49%    passed    100.00%
 966  H13a1a3         0.49%    passed     99.98%
 967  H13a1a4         0.49%    passed     99.99%
 968  H13a1a5         0.49%    passed     99.99%
 969  H13a1a6         0.49%    passed     99.99%
 970  H13a1b          0.49%    passed     99.98%
 971  H13a1c          0.49%    passed    100.00%
 972  H13a1d          0.49%    passed    100.00%
 973  H13a2a1         0.49%    passed     99.99%
 974  H13a2a2         0.49%    passed     99.99%
 975  H13a2b1         0.49%    passed    100.00%
 976  H13a2b2a        0.49%    passed    100.00%
 977  H13a2b3         0.49%    passed    100.00%
 978  H13a2b4         0.49%    passed     99.98%
 979  H13a2b5         0.49%    passed     99.99%
 980  H13a2c1         0.49%    passed     99.99%
 981  H13b1a          0.49%    passed    100.00%
 982  H13b1b          0.49%    passed    100.00%
 983  H13b2           0.49%    passed    100.00%
 984  H13c1a          0.49%    passed    100.00%
 985  H13c2           0.49%    passed     99.99%
 986  H14a1           0.49%    passed    100.00%
 987  H14a2a          0.49%    passed    100.00%
 988  H14a2b          0.49%    passed     99.99%
 989  H14a2c          0.49%    passed     99.99%
 990  H14a3           0.49%    passed    100.00%
 991  H14a4           0.49%    passed    100.00%
 992  H14b1           0.49%    passed     99.95%
 993  H14b2a          0.49%    passed     99.98%
 994  H14b3           0.49%    passed    100.00%
 995  H14b4           0.49%    passed     99.99%
 996  H14c            0.49%    passed     99.97%
 997  H15a1a1         0.49%    passed    100.00%
 998  H15a1b          0.48%    passed     99.98%
 999  H15b1           0.49%    passed     99.98%
1000  H15b2           0.49%    passed     99.94%
1001  H16a1           0.49%    passed    100.00%
1002  H16b            0.49%    passed    100.00%
1003  H16c            0.49%    passed    100.00%
1004  H16d            0.49%    passed    100.00%
1005  H16e            0.49%    passed     99.99%
1006  H17a1           0.49%    passed     99.98%
1007  H17a2           0.49%    passed     99.99%
1008  H17b            0.49%    passed     99.99%
1009  H17c            0.49%    passed    100.00%
1010  H18b            0.49%    passed    100.00%
1011  H19             0.49%    passed     99.98%
1012  H1a1a1          0.49%    passed     99.99%
1013  H1a1b           0.49%    passed     99.99%
1014  H1a1c           0.49%    passed     99.99%
1015  H1a2            0.49%    passed    100.00%
1016  H1a3a1          0.49%    passed     99.99%
1017  H1a3a2          0.48%    passed     99.99%
1018  H1a3a3          0.49%    passed     99.99%
1019  H1a3a4          0.49%    passed     99.99%
1020  H1a3b1          0.49%    passed    100.00%
1021  H1a3c1          0.49%    passed    100.00%
1022  H1a3d           0.49%    passed     99.99%
1023  H1a4            0.49%    passed    100.00%
1024  H1a5            0.49%    passed    100.00%
1025  H1a6            0.49%    passed    100.00%
1026  H1a7            0.49%    passed    100.00%
1027  H1a8a           0.49%    passed    100.00%
1028  H1a9            0.49%    passed    100.00%
1029  H1aa1           0.49%    passed    100.00%
1030  H1ab1           0.49%    passed     99.99%
1031  H1ac            0.49%    passed    100.00%
1032  H1ad            0.49%    passed     99.99%
1033  H1ae1           0.49%    passed    100.00%
1034  H1ae2a          0.49%    passed     99.97%
1035  H1ae3a          0.49%    passed     99.92%
1036  H1af1a          0.49%    passed    100.00%
1037  H1af1b          0.49%    passed     99.99%
1038  H1af2           0.49%    passed    100.00%
1039  H1ag1a          0.49%    passed     99.99%
1040  H1ag1b          0.49%    passed     99.99%
1041  H1ag2           0.49%    passed    100.00%
1042  H1ah1           0.49%    passed    100.00%
1043  H1ah2           0.49%    passed    100.00%
1044  H1ai1           0.49%    passed     99.99%
1045  H1aj1a          0.49%    passed     99.97%
1046  H1ak1           0.49%    passed     99.99%
1047  H1ak2           0.49%    passed    100.00%
1048  H1am1           0.49%    passed    100.00%
1049  H1an1a          0.49%    passed     99.99%
1050  H1an2           0.49%    passed     99.99%
1051  H1ao1           0.49%    passed    100.00%
1052  H1ap1           0.49%    passed     99.99%
1053  H1aq1           0.49%    passed    100.00%
1054  H1ar1           0.49%    passed    100.00%
1055  H1as1a          0.49%    passed    100.00%
1056  H1as2           0.49%    passed     99.99%
1057  H1at1a          0.49%    passed    100.00%
1058  H1au1a          0.49%    passed     99.98%
1059  H1au1b          0.49%    passed     99.98%
1060  H1av1a          0.49%    passed    100.00%
1061  H1aw1           0.49%    passed    100.00%
1062  H1ax1           0.49%    passed     99.98%
1063  H1ay            0.49%    passed    100.00%
1064  H1az            0.49%    passed    100.00%
1065  H1b1a           0.48%    passed     99.99%
1066  H1b1b           0.49%    passed     99.99%
1067  H1b1c           0.49%    passed     99.99%
1068  H1b1d           0.49%    passed     99.99%
1069  H1b1e1          0.49%    passed     99.99%
1070  H1b1f           0.49%    passed    100.00%
1071  H1b1g           0.49%    passed     99.99%
1072  H1b1h           0.49%    passed     99.99%
1073  H1b1i           0.49%    passed     99.99%
1074  H1b2a1          0.49%    passed     99.99%
1075  H1b3            0.49%    passed     99.99%
1076  H1b4            0.49%    passed    100.00%
1077  H1b5            0.49%    passed     99.99%
1078  H1ba1           0.49%    passed    100.00%
1079  H1bb            0.49%    passed     99.99%
1080  H1bc            0.49%    passed     99.99%
1081  H1bd            0.49%    passed     99.99%
1082  H1be            0.49%    passed    100.00%
1083  H1bf1           0.49%    passed    100.00%
1084  H1bg            0.49%    passed     99.99%
1085  H1bh            0.49%    passed     99.99%
1086  H1bi            0.49%    passed     99.99%
1087  H1bj            0.49%    passed    100.00%
1088  H1bk            0.49%    passed    100.00%
1089  H1bm            0.49%    passed    100.00%
1090  H1bn            0.49%    passed    100.00%
1091  H1bo            0.49%    passed    100.00%
1092  H1bp            0.49%    passed    100.00%
1093  H1bq            0.49%    passed    100.00%
1094  H1br            0.49%    passed    100.00%
1095  H1bs            0.49%    passed    100.00%
1096  H1bt1           0.49%    passed     99.99%
1097  H1bu            0.49%    passed    100.00%
1098  H1bv1           0.49%    passed    100.00%
1099  H1bw            0.49%    passed    100.00%
1100  H1bx            0.49%    passed    100.00%
1101  H1bz            0.49%    passed    100.00%
1102  H1c10           0.49%    passed     99.99%
1103  H1c11           0.49%    passed    100.00%
1104  H1c12           0.49%    passed    100.00%
1105  H1c13           0.49%    passed    100.00%
1106  H1c14           0.49%    passed    100.00%
1107  H1c15           0.48%    passed    100.00%
1108  H1c16           0.49%    passed     99.99%
1109  H1c17           0.49%    passed    100.00%
1110  H1c18           0.49%    passed    100.00%
1111  H1c19           0.49%    passed     99.99%
1112  H1c1a1          0.49%    passed    100.00%
1113  H1c1b           0.49%    passed    100.00%
1114  H1c1c           0.49%    passed    100.00%
1115  H1c1d           0.49%    passed    100.00%
1116  H1c20           0.49%    passed    100.00%
1117  H1c21           0.49%    passed    100.00%
1118  H1c22           0.49%    passed    100.00%
1119  H1c2a           0.49%    passed     99.99%
1120  H1c3a           0.49%    passed    100.00%
1121  H1c3b           0.49%    passed     99.98%
1122  H1c4a1          0.49%    passed    100.00%
1123  H1c4b1          0.49%    passed     99.99%
1124  H1c5a           0.49%    passed    100.00%
1125  H1c6            0.49%    passed     99.99%
1126  H1c7            0.49%    passed    100.00%
1127  H1c8            0.49%    passed     99.98%
1128  H1c9a           0.49%    passed    100.00%
1129  H1ca            0.49%    passed    100.00%
1130  H1cc            0.49%    passed     99.99%
1131  H1cd            0.49%    passed     99.99%
1132  H1cf            0.49%    passed    100.00%
1133  H1cg            0.49%    passed    100.00%
1134  H1ch            0.49%    passed     99.99%
1135  H1ci            0.49%    passed    100.00%
1136  H1cj            0.49%    passed     99.99%
1137  H1ck            0.49%    passed     99.99%
1138  H1d             0.49%    passed    100.00%
1139  H1e1a1          0.49%    passed     99.99%
1140  H1e1a2          0.49%    passed    100.00%
1141  H1e1a3          0.49%    passed     99.99%
1142  H1e1a4          0.49%    passed    100.00%
1143  H1e1a5          0.49%    passed    100.00%
1144  H1e1a6          0.49%    passed     99.99%
1145  H1e1a7          0.49%    passed    100.00%
1146  H1e1a8          0.49%    passed    100.00%
1147  H1e1a9          0.49%    passed     99.99%
1148  H1e1b1a         0.49%    passed     99.99%
1149  H1e1b1b         0.49%    passed    100.00%
1150  H1e1c           0.49%    passed     99.99%
1151  H1e1d           0.49%    passed     99.98%
1152  H1e2a           0.49%    passed     99.99%
1153  H1e2b           0.49%    passed    100.00%
1154  H1e2c           0.49%    passed    100.00%
1155  H1e2d           0.49%    passed    100.00%
1156  H1e3            0.48%    passed     99.98%
1157  H1e4a           0.49%    passed     99.98%
1158  H1e5a1          0.49%    passed     99.99%
1159  H1e5b           0.49%    passed    100.00%
1160  H1e6            0.49%    passed     99.98%
1161  H1e7            0.49%    passed    100.00%
1162  H1e8a           0.49%    passed     99.95%
1163  H1f1a           0.49%    passed     99.99%
1164  H1g1            0.49%    passed     99.99%
1165  H1g2            0.49%    passed     99.99%
1166  H1h1            0.49%    passed     99.98%
1167  H1h2            0.49%    passed    100.00%
1168  H1i1            0.49%    passed     99.99%
1169  H1i2a           0.49%    passed    100.00%
1170  H1j1a1          0.49%    passed     99.99%
1171  H1j1a2          0.49%    passed     99.98%
1172  H1j1b           0.49%    passed     99.99%
1173  H1j1c           0.49%    passed     99.99%
1174  H1j2a           0.49%    passed     99.99%
1175  H1j3            0.49%    passed     99.99%
1176  H1j4            0.49%    passed    100.00%
1177  H1j5            0.49%    passed     99.99%
1178  H1j6            0.49%    passed     99.99%
1179  H1j7            0.49%    passed     99.99%
1180  H1j8            0.49%    passed    100.00%
1181  H1j9            0.49%    passed     99.99%
1182  H1k1a           0.49%    passed    100.00%
1183  H1l             0.49%    passed     99.99%
1184  H1m1            0.49%    passed    100.00%
1185  H1n1a           0.49%    passed     99.98%
1186  H1n1b           0.49%    passed     99.99%
1187  H1n2            0.49%    passed     99.99%
1188  H1n3            0.49%    passed    100.00%
1189  H1n4            0.49%    passed     99.97%
1190  H1n5            0.49%    passed     99.98%
1191  H1n6            0.49%    passed    100.00%
1192  H1o             0.49%    passed    100.00%
1193  H1p             0.49%    passed    100.00%
1194  H1q1a           0.49%    passed    100.00%
1195  H1q2            0.49%    passed     99.99%
1196  H1q3            0.49%    passed     99.99%
1197  H1r1            0.49%    passed    100.00%
1198  H1s1            0.49%    passed    100.00%
1199  H1t1a1          0.49%    passed     99.99%
1200  H1t2            0.49%    passed    100.00%
1201  H1u1            0.49%    passed    100.00%
1202  H1u2            0.49%    passed     99.99%
1203  H1u3            0.49%    passed    100.00%
1204  H1u4            0.49%    passed    100.00%
1205  H1v1a           0.49%    passed    100.00%
1206  H1v1b           0.49%    passed     99.99%
1207  H1w             0.49%    passed    100.00%
1208  H1x             0.49%    passed    100.00%
1209  H1y             0.49%    passed     99.99%
1210  H1z1            0.49%    passed    100.00%
1211  H20a1a          0.49%    passed    100.00%
1212  H20a2           0.49%    passed    100.00%
1213  H20a3           0.49%    passed    100.00%
1214  H20b            0.49%    passed    100.00%
1215  H20c            0.49%    passed    100.00%
1216  H21             0.49%    passed     99.99%
1217  H22             0.49%    passed    100.00%
1218  H23             0.49%    passed    100.00%
1219  H24a1           0.49%    passed    100.00%
1220  H24a2           0.49%    passed    100.00%
1221  H24b            0.49%    passed    100.00%
1222  H25             0.49%    passed    100.00%
1223  H26a1a1         0.49%    passed     99.99%
1224  H26a1b          0.49%    passed    100.00%
1225  H26b1           0.49%    passed     99.99%
1226  H26c            0.49%    passed    100.00%
1227  H27a            0.49%    passed    100.00%
1228  H27b            0.49%    passed    100.00%
1229  H27c            0.49%    passed    100.00%
1230  H27d            0.49%    passed     99.99%
1231  H27e            0.54%    passed     99.99%
1232  H27f            0.49%    passed    100.00%
1233  H28a1           0.49%    passed    100.00%
1234  H28a2           0.49%    passed    100.00%
1235  H29a            0.48%    passed     99.99%
1236  H29b            0.48%    passed    100.00%
1237  H2a1a1          0.49%    passed     99.92%
1238  H2a1a2          0.49%    passed     99.98%
1239  H2a1b1          0.49%    passed    100.00%
1240  H2a1b2          0.49%    passed    100.00%
1241  H2a1c           0.49%    passed     99.95%
1242  H2a1d           0.49%    passed     99.99%
1243  H2a1e1a1        0.49%    passed     99.99%
1244  H2a1e1b         0.48%    passed    100.00%
1245  H2a1f1          0.49%    passed     99.98%
1246  H2a1f2          0.49%    passed     99.96%
1247  H2a1g           0.49%    passed     99.95%
1248  H2a1i           0.49%    passed     99.94%
1249  H2a1j           0.49%    passed    100.00%
1250  H2a1k           0.49%    passed     99.98%
1251  H2a1m           0.49%    passed     99.97%
1252  H2a1n           0.49%    passed     99.95%
1253  H2a2a1a         0.49%    passed     99.80%
1254  H2a2a1b         0.49%    passed     99.92%
1255  H2a2a1c         0.49%    passed     99.91%
1256  H2a2a1d         0.49%    passed     99.86%
1257  H2a2a1e         0.49%    passed     99.86%
1258  H2a2a1f         0.49%    passed     99.92%
1259  H2a2a1g         0.49%    passed     99.86%
1260  H2a2a1h         0.49%    passed     99.86%
1261  H2a2a2          0.49%    passed     99.95%
1262  H2a2b1a1        0.49%    passed     99.99%
1263  H2a2b2          0.49%    passed     99.99%
1264  H2a2b3          0.49%    passed     99.99%
1265  H2a2b4          0.49%    passed     99.98%
1266  H2a2b5a         0.49%    passed     99.95%
1267  H2a3a1          0.49%    passed     99.97%
1268  H2a3b           0.49%    passed     99.99%
1269  H2a4            0.49%    passed     99.99%
1270  H2a5a1a         0.49%    passed     99.99%
1271  H2a5a1b         0.49%    passed     99.99%
1272  H2a5b1          0.49%    passed     99.98%
1273  H2a5b2          0.49%    passed    100.00%
1274  H2b             0.49%    passed     99.99%
1275  H2c1            0.49%    passed     99.99%
1276  H30a            0.49%    passed    100.00%
1277  H30b1           0.49%    passed     99.98%
1278  H31a            0.49%    passed    100.00%
1279  H31b            0.49%    passed    100.00%
1280  H32             0.49%    passed    100.00%
1281  H33a            0.49%    passed    100.00%
1282  H33b            0.49%    passed    100.00%
1283  H33c            0.49%    passed     99.99%
1284  H34             0.49%    passed    100.00%
1285  H35a            0.49%    passed    100.00%
1286  H36             0.49%    passed    100.00%
1287  H37             0.49%    passed    100.00%
1288  H38             0.49%    passed    100.00%
1289  H39a1           0.49%    passed    100.00%
1290  H39b            0.49%    passed    100.00%
1291  H39c            0.49%    passed    100.00%
1292  H3a1a           0.49%    passed    100.00%
1293  H3aa            0.49%    passed    100.00%
1294  H3ab            0.49%    passed     99.99%
1295  H3ac            0.49%    passed    100.00%
1296  H3ad            0.49%    passed    100.00%
1297  H3ae            0.49%    passed    100.00%
1298  H3af            0.49%    passed    100.00%
1299  H3ag1           0.49%    passed     99.98%
1300  H3ah            0.49%    passed    100.00%
1301  H3ai            0.49%    passed    100.00%
1302  H3aj            0.49%    passed    100.00%
1303  H3ak            0.49%    passed     99.99%
1304  H3am            0.49%    passed    100.00%
1305  H3an            0.49%    passed    100.00%
1306  H3ao1           0.49%    passed    100.00%
1307  H3ap            0.49%    passed    100.00%
1308  H3aq            0.49%    passed    100.00%
1309  H3ar            0.49%    passed    100.00%
1310  H3as            0.49%    passed    100.00%
1311  H3at1           0.48%    passed    100.00%
1312  H3au            0.49%    passed    100.00%
1313  H3av            0.49%    passed     99.99%
1314  H3b1a           0.49%    passed    100.00%
1315  H3b1b1a         0.49%    passed     99.99%
1316  H3b2            0.49%    passed    100.00%
1317  H3b3            0.49%    passed    100.00%
1318  H3b4a           0.49%    passed    100.00%
1319  H3b5            0.49%    passed    100.00%
1320  H3b6a           0.49%    passed    100.00%
1321  H3b7            0.49%    passed    100.00%
1322  H3c1            0.49%    passed    100.00%
1323  H3c2a1          0.49%    passed     99.98%
1324  H3c2b1          0.49%    passed     99.99%
1325  H3c2c           0.49%    passed    100.00%
1326  H3c3            0.49%    passed    100.00%
1327  H3d             0.49%    passed    100.00%
1328  H3e             0.49%    passed    100.00%
1329  H3f             0.49%    passed     99.99%
1330  H3g1a           0.49%    passed     99.99%
1331  H3g1b           0.49%    passed     99.99%
1332  H3g2            0.49%    passed     99.99%
1333  H3g3            0.49%    passed     99.99%
1334  H3g4            0.49%    passed     99.99%
1335  H3h1            0.49%    passed     99.98%
1336  H3h2a           0.49%    passed    100.00%
1337  H3h3a           0.49%    passed     99.99%
1338  H3h3b           0.49%    passed     99.99%
1339  H3h4            0.49%    passed     99.97%
1340  H3h5            0.49%    passed     99.99%
1341  H3h6            0.49%    passed    100.00%
1342  H3h7            0.49%    passed     99.99%
1343  H3i1            0.49%    passed    100.00%
1344  H3j             0.49%    passed     99.99%
1345  H3k1a           0.49%    passed     99.99%
1346  H3m             0.49%    passed    100.00%
1347  H3n             0.49%    passed    100.00%
1348  H3p             0.49%    passed    100.00%
1349  H3q1            0.49%    passed    100.00%
1350  H3r1            0.49%    passed     99.99%
1351  H3s             0.49%    passed    100.00%
1352  H3t             0.49%    passed    100.00%
1353  H3u1            0.48%    passed    100.00%
1354  H3v1            0.49%    passed     99.99%
1355  H3v2            0.49%    passed     99.99%
1356  H3w             0.49%    passed    100.00%
1357  H3x1            0.49%    passed     99.99%
1358  H3y             0.49%    passed    100.00%
1359  H3z1            0.49%    passed    100.00%
1360  H3z2            0.49%    passed    100.00%
1361  H40a            0.48%    passed    100.00%
1362  H40b            0.49%    passed     99.99%
1363  H41a            0.49%    passed    100.00%
1364  H42a1           0.49%    passed    100.00%
1365  H42a2           0.49%    passed    100.00%
1366  H43             0.49%    passed    100.00%
1367  H44a1           0.49%    passed    100.00%
1368  H44b            0.49%    passed    100.00%
1369  H45a            0.49%    passed     99.99%
1370  H45b            0.49%    passed    100.00%
1371  H46a            0.49%    passed    100.00%
1372  H46b            0.49%    passed    100.00%
1373  H47a            0.49%    passed     99.99%
1374  H47b            0.49%    passed     99.99%
1375  H48             0.49%    passed    100.00%
1376  H49a1           0.49%    passed    100.00%
1377  H49a2           0.49%    passed    100.00%
1378  H49b            0.49%    passed    100.00%
1379  H4a1a1a1a1      0.49%    passed    100.00%
1380  H4a1a1a2        0.49%    passed    100.00%
1381  H4a1a1a3        0.49%    passed     99.99%
1382  H4a1a1a4        0.48%    passed    100.00%
1383  H4a1a2a1        0.49%    passed    100.00%
1384  H4a1a3a         0.49%    passed     99.99%
1385  H4a1a4a         0.49%    passed    100.00%
1386  H4a1a4b1        0.49%    passed    100.00%
1387  H4a1a4b2        0.49%    passed     99.99%
1388  H4a1a5          0.49%    passed    100.00%
1389  H4a1c1a         0.49%    passed    100.00%
1390  H4a1c2          0.49%    passed     99.99%
1391  H4a1d           0.49%    passed    100.00%
1392  H4a2            0.49%    passed     99.99%
1393  H4b1            0.49%    passed     99.99%
1394  H4c1            0.49%    passed    100.00%
1395  H4d             0.49%    passed    100.00%
1396  H50             0.49%    passed    100.00%
1397  H51a            0.49%    passed     99.99%
1398  H52             0.49%    passed    100.00%
1399  H53             0.49%    passed    100.00%
1400  H54             0.49%    passed    100.00%
1401  H55a            0.49%    passed    100.00%
1402  H55b            0.49%    passed    100.00%
1403  H56a1           0.49%    passed     99.99%
1404  H56b            0.49%    passed    100.00%
1405  H56c            0.49%    passed    100.00%
1406  H56d            0.49%    passed    100.00%
1407  H57             0.49%    passed    100.00%
1408  H58a            0.49%    passed    100.00%
1409  H59a            0.49%    passed    100.00%
1410  H5a1a           0.49%    passed    100.00%
1411  H5a1b           0.49%    passed    100.00%
1412  H5a1c1a         0.49%    passed    100.00%
1413  H5a1c2          0.49%    passed    100.00%
1414  H5a1d           0.49%    passed    100.00%
1415  H5a1e           0.49%    passed    100.00%
1416  H5a1f           0.49%    passed    100.00%
1417  H5a1g1a         0.49%    passed     99.99%
1418  H5a1g2          0.49%    passed    100.00%
1419  H5a1h           0.49%    passed    100.00%
1420  H5a1i           0.49%    passed    100.00%
1421  H5a1j           0.49%    passed    100.00%
1422  H5a1k           0.49%    passed    100.00%
1423  H5a1m           0.49%    passed    100.00%
1424  H5a1n           0.49%    passed    100.00%
1425  H5a1p           0.49%    passed    100.00%
1426  H5a1q           0.49%    passed    100.00%
1427  H5a2a           0.49%    passed    100.00%
1428  H5a2b           0.49%    passed    100.00%
1429  H5a3a1          0.49%    passed     99.99%
1430  H5a3a2          0.49%    passed     99.99%
1431  H5a3a3          0.49%    passed     99.98%
1432  H5a3b           0.49%    passed    100.00%
1433  H5a4a1a         0.49%    passed     99.99%
1434  H5a5            0.49%    passed    100.00%
1435  H5a6a           0.49%    passed    100.00%
1436  H5a7            0.49%    passed    100.00%
1437  H5a8            0.49%    passed    100.00%
1438  H5a9            0.49%    passed    100.00%
1439  H5b1            0.49%    passed    100.00%
1440  H5b2            0.49%    passed    100.00%
1441  H5b3            0.49%    passed    100.00%
1442  H5b4            0.49%    passed    100.00%
1443  H5b5            0.49%    passed    100.00%
1444  H5c1a           0.49%    passed    100.00%
1445  H5c2            0.49%    passed     99.99%
1446  H5d             0.49%    passed    100.00%
1447  H5e1a1          0.49%    passed    100.00%
1448  H5e1b           0.49%    passed    100.00%
1449  H5f             0.49%    passed    100.00%
1450  H5g             0.49%    passed    100.00%
1451  H5h             0.49%    passed    100.00%
1452  H5i             0.49%    passed    100.00%
1453  H5j             0.49%    passed     99.98%
1454  H5k             0.49%    passed    100.00%
1455  H5m             0.49%    passed    100.00%
1456  H5n             0.49%    passed    100.00%
1457  H5p             0.49%    passed    100.00%
1458  H5q             0.49%    passed    100.00%
1459  H5r1            0.49%    passed     99.99%
1460  H5r2            0.49%    passed     99.99%
1461  H5s             0.49%    passed     99.99%
1462  H5t             0.49%    passed     99.99%
1463  H5u1            0.49%    passed    100.00%
1464  H5v             0.49%    passed    100.00%
1465  H60a            0.49%    passed    100.00%
1466  H61a            0.49%    passed    100.00%
1467  H62             0.49%    passed    100.00%
1468  H63a            0.49%    passed    100.00%
1469  H64             0.49%    passed    100.00%
1470  H65a            0.49%    passed     99.99%
1471  H66a1           0.49%    passed    100.00%
1472  H67a            0.49%    passed    100.00%
1473  H68             0.49%    passed    100.00%
1474  H69             0.49%    passed    100.00%
1475  H6a1a10         0.49%    passed     99.98%
1476  H6a1a1a         0.49%    passed     99.98%
1477  H6a1a2a         0.49%    passed    100.00%
1478  H6a1a2b1        0.49%    passed     99.99%
1479  H6a1a3a         0.49%    passed     99.98%
1480  H6a1a4          0.49%    passed     99.98%
1481  H6a1a5          0.49%    passed    100.00%
1482  H6a1a6          0.49%    passed     99.99%
1483  H6a1a7          0.49%    passed     99.99%
1484  H6a1a8a         0.49%    passed     99.96%
1485  H6a1a9          0.49%    passed     99.98%
1486  H6a1b1          0.49%    passed    100.00%
1487  H6a1b2a         0.49%    passed    100.00%
1488  H6a1b2b         0.49%    passed     99.99%
1489  H6a1b2c         0.49%    passed     99.99%
1490  H6a1b2d         0.49%    passed    100.00%
1491  H6a1b2e         0.49%    passed     99.99%
1492  H6a1b3a         0.49%    passed     99.98%
1493  H6a1b3b         0.49%    passed     99.99%
1494  H6a1b4          0.49%    passed     99.99%
1495  H6a2a           0.49%    passed     99.99%
1496  H6b1            0.48%    passed     99.99%
1497  H6b2            0.49%    passed     99.99%
1498  H6c1            0.49%    passed    100.00%
1499  H70             0.49%    passed    100.00%
1500  H71             0.49%    passed    100.00%
1501  H72             0.49%    passed    100.00%
1502  H73a1           0.49%    passed    100.00%
1503  H74             0.49%    passed    100.00%
1504  H75             0.49%    passed     99.99%
1505  H76a            0.49%    passed     99.99%
1506  H77             0.48%    passed    100.00%
1507  H78             0.49%    passed    100.00%
1508  H79a            0.49%    passed    100.00%
1509  H7a1a1          0.49%    passed    100.00%
1510  H7a1b           0.49%    passed    100.00%
1511  H7a1c           0.49%    passed    100.00%
1512  H7a1d           0.49%    passed    100.00%
1513  H7a2            0.49%    passed    100.00%
1514  H7b1            0.49%    passed    100.00%
1515  H7b2a           0.49%    passed    100.00%
1516  H7b3            0.49%    passed    100.00%
1517  H7b4            0.49%    passed    100.00%
1518  H7b5            0.49%    passed    100.00%
1519  H7b6            0.49%    passed    100.00%
1520  H7c1            0.49%    passed    100.00%
1521  H7c2            0.49%    passed    100.00%
1522  H7c3            0.49%    passed    100.00%
1523  H7c4            0.49%    passed    100.00%
1524  H7c5            0.49%    passed    100.00%
1525  H7c6            0.49%    passed    100.00%
1526  H7d1            0.49%    passed    100.00%
1527  H7d2a           0.48%    passed    100.00%
1528  H7d3a           0.49%    passed    100.00%
1529  H7d4            0.49%    passed    100.00%
1530  H7d5            0.49%    passed    100.00%
1531  H7e             0.49%    passed    100.00%
1532  H7f             0.49%    passed    100.00%
1533  H7g             0.49%    passed    100.00%
1534  H7h1            0.49%    passed    100.00%
1535  H7i1            0.49%    passed     99.99%
1536  H80             0.49%    passed    100.00%
1537  H81a            0.49%    passed     99.94%
1538  H82             0.49%    passed    100.00%
1539  H83             0.49%    passed    100.00%
1540  H84             0.49%    passed    100.00%
1541  H85             0.49%    passed    100.00%
1542  H86             0.49%    passed    100.00%
1543  H87             0.49%    passed    100.00%
1544  H88             0.49%    passed    100.00%
1545  H89             0.49%    passed    100.00%
1546  H8a1            0.49%    passed     99.99%
1547  H8b1a           0.49%    passed     99.99%
1548  H8c1            0.49%    passed     99.95%
1549  H8c2            0.49%    passed     99.97%
1550  H90             0.49%    passed    100.00%
1551  H91             0.49%    passed    100.00%
1552  H92             0.49%    passed    100.00%
1553  H93             0.49%    passed    100.00%
1554  H94             0.49%    passed    100.00%
1555  H95a            0.49%    passed    100.00%
1556  H96             0.49%    passed    100.00%
1557  H99             0.49%    passed    100.00%
1558  H9a             0.49%    passed    100.00%
1559  HV0a1a          0.49%    passed    100.00%
1560  HV0b            0.49%    passed    100.00%
1561  HV0c            0.49%    passed     99.99%
1562  HV0d            0.49%    passed    100.00%
1563  HV0e            0.49%    passed     99.97%
1564  HV0f            0.49%    passed    100.00%
1565  HV0g            0.49%    passed     99.99%
1566  HV10            0.49%    passed    100.00%
1567  HV11a           0.49%    passed     99.98%
1568  HV12a1          0.49%    passed     99.99%
1569  HV12b1a         0.49%    passed    100.00%
1570  HV13a           0.49%    passed    100.00%
1571  HV13b1          0.49%    passed    100.00%
1572  HV13b2          0.49%    passed    100.00%
1573  HV14a           0.49%    passed    100.00%
1574  HV15            0.49%    passed    100.00%
1575  HV16            0.49%    passed    100.00%
1576  HV17a           0.49%    passed    100.00%
1577  HV18            0.49%    passed    100.00%
1578  HV19            0.49%    passed    100.00%
1579  HV1a1a          0.49%    passed     99.99%
1580  HV1a1b          0.49%    passed     99.98%
1581  HV1a2a          0.49%    passed    100.00%
1582  HV1a2b          0.49%    passed    100.00%
1583  HV1a3a          0.49%    passed     99.99%
1584  HV1b1a          0.49%    passed    100.00%
1585  HV1b1b          0.49%    passed    100.00%
1586  HV1b2           0.49%    passed    100.00%
1587  HV1b3a          0.49%    passed    100.00%
1588  HV1b3b          0.49%    passed     99.94%
1589  HV1c            0.49%    passed     99.98%
1590  HV1d            0.49%    passed     99.99%
1591  HV20            0.49%    passed     99.99%
1592  HV21            0.49%    passed    100.00%
1593  HV22            0.49%    passed    100.00%
1594  HV23            0.49%    passed    100.00%
1595  HV24            0.49%    passed    100.00%
1596  HV25            0.49%    passed    100.00%
1597  HV2a1a          0.49%    passed    100.00%
1598  HV2a2           0.49%    passed     99.94%
1599  HV2a3           0.49%    passed     99.97%
1600  HV3             0.49%    passed    100.00%
1601  HV4a1a1         0.49%    passed    100.00%
1602  HV4a1a2         0.49%    passed     99.99%
1603  HV4a1a3         0.49%    passed    100.00%
1604  HV4a1a4         0.49%    passed    100.00%
1605  HV4a2a          0.49%    passed    100.00%
1606  HV4a2b          0.49%    passed    100.00%
1607  HV4b            0.49%    passed    100.00%
1608  HV4c            0.49%    passed    100.00%
1609  HV5a            0.49%    passed    100.00%
1610  HV5b            0.49%    passed     99.99%
1611  HV6a            0.49%    passed     99.99%
1612  HV7             0.49%    passed    100.00%
1613  HV8             0.49%    passed    100.00%
1614  HV9a1a          0.49%    passed    100.00%
1615  HV9b            0.49%    passed    100.00%
1616  HV9c            0.49%    passed    100.00%
1617  I1a1a1          0.47%    passed     99.88%
1618  I1a1a2          0.47%    passed     99.88%
1619  I1a1a3a         0.47%    passed     99.79%
1620  I1a1b           0.47%    passed     99.91%
1621  I1a1c           0.47%    passed     99.91%
1622  I1a1d           0.47%    passed     99.90%
1623  I1a1e           0.47%    passed     99.91%
1624  I1b             0.47%    passed     99.94%
1625  I1c1a           0.47%    passed     99.87%
1626  I1d             0.47%    passed     99.99%
1627  I1e             0.47%    passed     99.94%
1628  I1f             0.47%    passed     99.96%
1629  I2a1a           0.48%    passed     99.99%
1630  I2a2            0.48%    passed     99.97%
1631  I2a3            0.48%    passed    100.00%
1632  I2b             0.53%    passed     99.99%
1633  I2c             0.48%    passed     99.96%
1634  I2d             0.48%    passed     99.97%
1635  I2e             0.48%    passed     99.97%
1636  I2f             0.48%    passed     99.98%
1637  I3a1            0.48%    passed     99.92%
1638  I3b             0.48%    passed     99.96%
1639  I3c             0.48%    passed     99.95%
1640  I3d1            0.48%    passed     99.98%
1641  I4a1            0.48%    passed     99.99%
1642  I4a2            0.48%    passed     99.99%
1643  I4b             0.48%    passed     99.98%
1644  I5a1a           0.53%    passed    100.00%
1645  I5a1b           0.53%    passed    100.00%
1646  I5a1c           0.53%    passed    100.00%
1647  I5a2a           0.48%    passed     99.99%
1648  I5a2b           0.48%    passed    100.00%
1649  I5a3            0.48%    passed     99.99%
1650  I5a4            0.48%    passed    100.00%
1651  I5b1            0.49%    passed     99.99%
1652  I5c1            0.48%    passed     99.99%
1653  I6a             0.48%    passed     99.97%
1654  I6b             0.48%    passed     99.99%
1655  I7              0.48%    passed    100.00%
1656  J1b10           0.49%    passed     99.97%
1657  J1b1a1a         0.49%    passed     99.95%
1658  J1b1a1b         0.49%    passed     99.97%
1659  J1b1a1c         0.49%    passed     99.97%
1660  J1b1a1d         0.49%    passed     99.97%
1661  J1b1a1e         0.49%    passed     99.97%
1662  J1b1a1f         0.49%    passed     99.85%
1663  J1b1a2a         0.49%    passed     99.98%
1664  J1b1a2b         0.49%    passed     99.99%
1665  J1b1a3          0.49%    passed     99.97%
1666  J1b1b1a         0.49%    passed     99.97%
1667  J1b1b1b         0.49%    passed     99.98%
1668  J1b1b1c         0.49%    passed     99.94%
1669  J1b1b2          0.49%    passed     99.99%
1670  J1b1b3          0.49%    passed     99.98%
1671  J1b2a           0.49%    passed     99.98%
1672  J1b3a           0.49%    passed     99.99%
1673  J1b3b1          0.49%    passed     99.97%
1674  J1b4a1          0.49%    passed     99.96%
1675  J1b4a2          0.49%    passed     99.99%
1676  J1b5a1          0.49%    passed     99.95%
1677  J1b6a           0.49%    passed     99.98%
1678  J1b6b           0.49%    passed    100.00%
1679  J1b7a           0.49%    passed     99.99%
1680  J1b8            0.49%    passed     99.99%
1681  J1b9            0.49%    passed     99.95%
1682  J1c10a          0.49%    passed    100.00%
1683  J1c11a          0.49%    passed    100.00%
1684  J1c12a          0.49%    passed    100.00%
1685  J1c12b          0.49%    passed    100.00%
1686  J1c13           0.49%    passed    100.00%
1687  J1c14           0.49%    passed     99.98%
1688  J1c15a1         0.49%    passed    100.00%
1689  J1c15b          0.49%    passed     99.99%
1690  J1c16           0.49%    passed     99.99%
1691  J1c17a          0.49%    passed    100.00%
1692  J1c17b          0.49%    passed    100.00%
1693  J1c1a           0.49%    passed    100.00%
1694  J1c1b1a1        0.49%    passed     99.99%
1695  J1c1b2a         0.49%    passed    100.00%
1696  J1c1c           0.49%    passed    100.00%
1697  J1c1d           0.49%    passed    100.00%
1698  J1c1e           0.49%    passed     99.99%
1699  J1c1f           0.49%    passed    100.00%
1700  J1c1g1          0.49%    passed     99.99%
1701  J1c1h           0.49%    passed    100.00%
1702  J1c2a1a         0.49%    passed    100.00%
1703  J1c2a2          0.49%    passed    100.00%
1704  J1c2a3          0.49%    passed    100.00%
1705  J1c2b1          0.49%    passed    100.00%
1706  J1c2b2          0.49%    passed    100.00%
1707  J1c2b3          0.49%    passed    100.00%
1708  J1c2b4          0.49%    passed    100.00%
1709  J1c2b5          0.49%    passed    100.00%
1710  J1c2c1a         0.49%    passed    100.00%
1711  J1c2c2a         0.49%    passed    100.00%
1712  J1c2c3          0.49%    passed    100.00%
1713  J1c2d           0.49%    passed    100.00%
1714  J1c2e1          0.49%    passed     99.99%
1715  J1c2e2          0.49%    passed    100.00%
1716  J1c2f           0.49%    passed    100.00%
1717  J1c2g           0.49%    passed    100.00%
1718  J1c2h           0.49%    passed    100.00%
1719  J1c2i           0.49%    passed    100.00%
1720  J1c2j           0.49%    passed    100.00%
1721  J1c2k           0.49%    passed    100.00%
1722  J1c2l           0.49%    passed     99.98%
1723  J1c2m1          0.49%    passed    100.00%
1724  J1c2n1          0.49%    passed    100.00%
1725  J1c2o           0.49%    passed    100.00%
1726  J1c2p           0.49%    passed    100.00%
1727  J1c2q1          0.49%    passed    100.00%
1728  J1c2r           0.49%    passed     99.99%
1729  J1c2s1          0.49%    passed    100.00%
1730  J1c2t           0.49%    passed    100.00%
1731  J1c2u           0.54%    passed     99.98%
1732  J1c2v           0.49%    passed     99.98%
1733  J1c3a1          0.49%    passed     99.99%
1734  J1c3a2          0.49%    passed     99.99%
1735  J1c3b1a         0.49%    passed     99.97%
1736  J1c3b2          0.49%    passed     99.99%
1737  J1c3c1          0.49%    passed     99.97%
1738  J1c3c2          0.49%    passed     99.99%
1739  J1c3d           0.49%    passed    100.00%
1740  J1c3e1          0.49%    passed     99.99%
1741  J1c3e2          0.49%    passed     99.98%
1742  J1c3f           0.49%    passed    100.00%
1743  J1c3g           0.49%    passed     99.99%
1744  J1c3h           0.49%    passed    100.00%
1745  J1c3i           0.49%    passed    100.00%
1746  J1c3j           0.49%    passed    100.00%
1747  J1c3k           0.49%    passed     99.99%
1748  J1c3m           0.49%    passed     99.99%
1749  J1c4b           0.49%    passed    100.00%
1750  J1c4c           0.49%    passed    100.00%
1751  J1c5a1          0.49%    passed    100.00%
1752  J1c5b           0.49%    passed    100.00%
1753  J1c5c1          0.49%    passed    100.00%
1754  J1c5d           0.49%    passed    100.00%
1755  J1c5e           0.49%    passed    100.00%
1756  J1c5f           0.49%    passed    100.00%
1757  J1c6a           0.49%    passed    100.00%
1758  J1c7a           0.49%    passed     99.99%
1759  J1c8a1a         0.49%    passed    100.00%
1760  J1c8a2          0.49%    passed     99.99%
1761  J1c8b           0.49%    passed    100.00%
1762  J1c9            0.49%    passed     99.99%
1763  J1d1a1a         0.49%    passed     99.99%
1764  J1d1b1          0.49%    passed     99.96%
1765  J1d2a           0.49%    passed     99.99%
1766  J1d3a1          0.49%    passed    100.00%
1767  J1d3a2          0.49%    passed     99.99%
1768  J1d4            0.49%    passed    100.00%
1769  J1d5a           0.49%    passed    100.00%
1770  J1d6a           0.49%    passed     99.98%
1771  J1d7            0.49%    passed     99.99%
1772  J2a1a1a1        0.48%    passed     99.99%
1773  J2a1a1a2a       0.48%    passed    100.00%
1774  J2a1a1a3        0.48%    passed    100.00%
1775  J2a1a1b         0.49%    passed    100.00%
1776  J2a1a1c         0.49%    passed    100.00%
1777  J2a1a1d         0.49%    passed    100.00%
1778  J2a1a1e         0.49%    passed    100.00%
1779  J2a1a2a1a       0.49%    passed     99.99%
1780  J2a2a1a1        0.49%    passed     99.97%
1781  J2a2a2          0.49%    passed     99.81%
1782  J2a2b1a         0.49%    passed     99.87%
1783  J2a2b2          0.49%    passed     99.94%
1784  J2a2b3          0.49%    passed     99.97%
1785  J2a2c1          0.49%    passed     99.94%
1786  J2a2d           0.49%    passed     99.99%
1787  J2a2e           0.49%    passed     99.99%
1788  J2b1a1a         0.49%    passed     99.95%
1789  J2b1a2a         0.49%    passed     99.96%
1790  J2b1a3          0.49%    passed     99.98%
1791  J2b1a4          0.49%    passed     99.99%
1792  J2b1a5          0.49%    passed     99.96%
1793  J2b1a6          0.49%    passed     99.92%
1794  J2b1b1          0.49%    passed     99.98%
1795  J2b1c1          0.49%    passed     99.98%
1796  J2b1d           0.49%    passed     99.98%
1797  J2b1e1          0.49%    passed     99.95%
1798  J2b1f           0.49%    passed     99.99%
1799  J2b1g           0.49%    passed     99.98%
1800  J2b1h           0.49%    passed     99.97%
1801  J2b2            0.49%    passed     99.99%
1802  K1a10a          0.49%    passed     99.97%
1803  K1a11a1         0.54%    passed     99.96%
1804  K1a11b          0.54%    passed     99.96%
1805  K1a11c          0.54%    passed     99.94%
1806  K1a12a1a        0.49%    passed     99.93%
1807  K1a13a          0.49%    passed     99.88%
1808  K1a14           0.49%    passed     99.96%
1809  K1a15           0.49%    passed     99.96%
1810  K1a16           0.49%    passed     99.91%
1811  K1a17a          0.49%    passed     99.97%
1812  K1a18           0.49%    passed     99.89%
1813  K1a19a          0.49%    passed     99.83%
1814  K1a1a1          0.49%    passed     99.98%
1815  K1a1a2a1        0.48%    passed     99.94%
1816  K1a1b1a         0.49%    passed     99.88%
1817  K1a1b1b1        0.49%    passed     99.81%
1818  K1a1b1c         0.49%    passed     99.96%
1819  K1a1b1d         0.49%    passed     99.88%
1820  K1a1b1e         0.49%    passed     99.96%
1821  K1a1b1f         0.49%    passed     99.91%
1822  K1a1b1g         0.49%    passed     99.96%
1823  K1a1b2a1a       0.49%    passed     99.73%
1824  K1a1b2b         0.49%    passed     99.93%
1825  K1a1c           0.49%    passed     99.98%
1826  K1a23           0.49%    passed     99.93%
1827  K1a24a          0.49%    passed     99.95%
1828  K1a25           0.49%    passed     99.87%
1829  K1a26           0.49%    passed     99.96%
1830  K1a27           0.49%    passed     99.93%
1831  K1a28           0.49%    passed     99.96%
1832  K1a29a          0.49%    passed     99.84%
1833  K1a2a1          0.49%    passed     99.97%
1834  K1a2a2          0.49%    passed     99.97%
1835  K1a2b           0.49%    passed     99.91%
1836  K1a2c           0.49%    passed     99.94%
1837  K1a2d           0.49%    passed     99.97%
1838  K1a30a          0.49%    passed     99.97%
1839  K1a31           0.49%    passed     99.95%
1840  K1a3a1a         0.49%    passed     99.86%
1841  K1a3a1b         0.49%    passed     99.82%
1842  K1a3a2          0.49%    passed     99.84%
1843  K1a3a3          0.49%    passed     99.91%
1844  K1a3a4          0.49%    passed     99.89%
1845  K1a4a1a1        0.49%    passed     99.96%
1846  K1a4a1a2a       0.49%    passed     99.95%
1847  K1a4a1a2b       0.49%    passed     99.94%
1848  K1a4a1a3        0.49%    passed     99.95%
1849  K1a4a1b1        0.49%    passed     99.94%
1850  K1a4a1b2        0.49%    passed     99.97%
1851  K1a4a1c1        0.49%    passed     99.91%
1852  K1a4a1d         0.49%    passed     99.94%
1853  K1a4a1e         0.49%    passed     99.96%
1854  K1a4a1f1        0.49%    passed     99.88%
1855  K1a4a1g         0.49%    passed     99.95%
1856  K1a4a1h         0.49%    passed     99.94%
1857  K1a4a1i         0.49%    passed     99.89%
1858  K1a4b1          0.49%    passed     99.73%
1859  K1a4c1          0.49%    passed     99.76%
1860  K1a4d           0.49%    passed     99.96%
1861  K1a4e           0.49%    passed     99.89%
1862  K1a4f1          0.49%    passed     99.84%
1863  K1a4g           0.49%    passed     99.97%
1864  K1a4h1          0.49%    passed     99.95%
1865  K1a4i           0.49%    passed     99.93%
1866  K1a4j1          0.49%    passed     99.79%
1867  K1a4k           0.49%    passed     99.98%
1868  K1a5a           0.49%    passed     99.91%
1869  K1a5b           0.49%    passed     99.83%
1870  K1a6            0.49%    passed     99.97%
1871  K1a7            0.49%    passed     99.96%
1872  K1a8a1          0.49%    passed     99.91%
1873  K1a8b           0.49%    passed     99.89%
1874  K1a9            0.49%    passed     99.89%
1875  K1b1a1a         0.49%    passed     99.94%
1876  K1b1a1b         0.49%    passed     99.91%
1877  K1b1a1c1        0.49%    passed     99.95%
1878  K1b1a1d1        0.49%    passed     99.97%
1879  K1b1a2          0.49%    passed     99.96%
1880  K1b1b1          0.49%    passed     99.99%
1881  K1b1c           0.49%    passed    100.00%
1882  K1b2a1a1        0.49%    passed     99.95%
1883  K1b2a2a         0.49%    passed     99.93%
1884  K1b2a3          0.49%    passed     99.90%
1885  K1b2b1          0.49%    passed     99.93%
1886  K1c1a           0.49%    passed     99.94%
1887  K1c1b           0.49%    passed     99.89%
1888  K1c1c           0.49%    passed     99.89%
1889  K1c1d           0.49%    passed     99.89%
1890  K1c1e           0.49%    passed     99.89%
1891  K1c1f           0.49%    passed     99.94%
1892  K1c1g           0.49%    passed     99.89%
1893  K1c1h           0.49%    passed     99.89%
1894  K1c1i           0.49%    passed     99.88%
1895  K1c2a           0.50%    passed     99.89%
1896  K1d1            0.48%    passed     99.68%
1897  K1e1            0.49%    passed     99.94%
1898  K1f             0.49%    passed     99.96%
1899  K1g             0.49%    passed     99.97%
1900  K2a10           0.49%    passed     99.91%
1901  K2a11           0.49%    passed     99.88%
1902  K2a1a           0.49%    passed     99.89%
1903  K2a2a1          0.49%    passed     99.95%
1904  K2a3a1          0.49%    passed     99.97%
1905  K2a4            0.49%    passed     99.95%
1906  K2a5a1          0.49%    passed     99.94%
1907  K2a5b           0.49%    passed     99.96%
1908  K2a6            0.49%    passed     99.94%
1909  K2a7            0.49%    passed     99.95%
1910  K2a8            0.49%    passed     99.91%
1911  K2a9a           0.49%    passed     99.87%
1912  K2b1a1a         0.49%    passed    100.00%
1913  K2b1a2          0.49%    passed     99.98%
1914  K2b1a3          0.49%    passed     99.98%
1915  K2b1a4          0.49%    passed     99.98%
1916  K2b1b           0.49%    passed     99.99%
1917  K2b2            0.49%    passed     99.96%
1918  K2c             0.49%    passed     99.93%
1919  K3              0.49%    passed     99.94%
1920  L0a1a1          0.49%    passed     99.94%
1921  L0a1a2          0.49%    passed     99.88%
1922  L0a1a3          0.49%    passed     99.92%
1923  L0a1b1a1a       0.49%    passed     99.83%
1924  L0a1b2a         0.49%    passed     99.94%
1925  L0a1c1          0.49%    passed     99.88%
1926  L0a1d           0.49%    passed     99.87%
1927  L0a1e           0.49%    passed     99.87%
1928  L0a1f           0.49%    passed     99.92%
1929  L0a2a1a1        0.54%    passed     99.76%
1930  L0a2a1a2        0.54%    passed     99.80%
1931  L0a2a1b         0.54%    passed     99.74%
1932  L0a2a2a1        0.54%    passed     99.68%
1933  L0a2a2a2        0.54%    passed     99.65%
1934  L0a2a2a3        0.54%    passed     99.82%
1935  L0a2b1          0.54%    passed     99.63%
1936  L0a2c           0.54%    passed     99.49%
1937  L0a2d           0.54%    passed     99.76%
1938  L0a2e           0.54%    passed     99.72%
1939  L0a3            0.49%    passed     99.93%
1940  L0a4            0.49%    passed     99.65%
1941  L0a5            0.49%    passed     99.88%
1942  L0b1            0.49%    passed     99.94%
1943  L0d1a1a1        0.49%    passed     99.49%
1944  L0d1a1a2        0.49%    passed     99.42%
1945  L0d1a1a3        0.49%    passed     99.59%
1946  L0d1a1b1a       0.49%    passed     99.74%
1947  L0d1a1b1b       0.49%    passed     99.65%
1948  L0d1a1c         0.49%    passed     99.46%
1949  L0d1a1d         0.49%    passed     99.35%
1950  L0d1b1a1        0.49%    passed     98.81%
1951  L0d1b1b1        0.49%    passed     99.56%
1952  L0d1b1c         0.49%    passed     99.53%
1953  L0d1b2a1        0.49%    passed     99.16%
1954  L0d1b2a2        0.49%    passed     99.49%
1955  L0d1b2b1a       0.49%    passed     99.06%
1956  L0d1b2b1b1      0.49%    passed     99.27%
1957  L0d1b2b2a       0.49%    passed     99.44%
1958  L0d1b2b2b1      0.49%    passed     99.29%
1959  L0d1b2b2c1      0.49%    passed     99.42%
1960  L0d1b2b2c2      0.49%    passed     99.28%
1961  L0d1c1a1a1      0.49%    passed     99.39%
1962  L0d1c1a1a2      0.49%    passed     99.56%
1963  L0d1c1a1b       0.49%    passed     99.66%
1964  L0d1c1a2        0.49%    passed     99.71%
1965  L0d1c2a1        0.49%    passed     99.85%
1966  L0d1c3          0.49%    passed     99.68%
1967  L0d1c4          0.49%    passed     99.57%
1968  L0d1d           0.49%    passed     99.10%
1969  L0d2a1a1a       0.49%    passed    100.00%
1970  L0d2a1a2        0.49%    passed     99.99%
1971  L0d2a1a3        0.49%    passed     99.99%
1972  L0d2a1b         0.49%    passed    100.00%
1973  L0d2a1c         0.49%    passed     99.99%
1974  L0d2a2          0.49%    passed     99.98%
1975  L0d2b1a1a       0.49%    passed     99.81%
1976  L0d2b1b         0.50%    passed     99.88%
1977  L0d2b2          0.49%    passed     99.92%
1978  L0d2c1a1        0.49%    passed     99.97%
1979  L0d2c1b         0.49%    passed     99.99%
1980  L0d2c2a1a       0.49%    passed     99.97%
1981  L0d2c2b         0.49%    passed     99.97%
1982  L0d2d           0.49%    passed     99.97%
1983  L0d3a           0.49%    passed     99.91%
1984  L0d3b1          0.49%    passed     99.63%
1985  L0d3b2          0.49%    passed     99.53%
1986  L0f1            0.49%    passed     99.77%
1987  L0f2a1          0.49%    passed     99.37%
1988  L0f2b           0.49%    passed     99.66%
1989  L0f3            0.49%    passed     99.93%
1990  L0f4            0.49%    passed     99.99%
1991  L0g             0.49%    passed     99.96%
1992  L0k1a1a         0.49%    passed     99.98%
1993  L0k1a1b         0.49%    passed     99.99%
1994  L0k1a1c         0.49%    passed     99.99%
1995  L0k1a1d         0.49%    passed     99.99%
1996  L0k1a2a         0.49%    passed     99.98%
1997  L0k1a3          0.49%    passed    100.00%
1998  L0k1b           0.49%    passed     99.86%
1999  L0k2a1a         0.49%    passed     99.97%
2000  L0k2b           0.49%    passed     99.98%
2001  L1b1a1          0.49%    passed     99.98%
2002  L1b1a10a        0.49%    passed     99.99%
2003  L1b1a10b        0.49%    passed     99.99%
2004  L1b1a12a        0.49%    passed     99.99%
2005  L1b1a12b        0.49%    passed     99.99%
2006  L1b1a13         0.49%    passed     99.97%
2007  L1b1a14         0.49%    passed     99.99%
2008  L1b1a15a        0.49%    passed    100.00%
2009  L1b1a16         0.49%    passed     99.97%
2010  L1b1a17         0.49%    passed     99.97%
2011  L1b1a18         0.49%    passed     99.92%
2012  L1b1a2a         0.49%    passed     99.97%
2013  L1b1a2b         0.49%    passed     99.97%
2014  L1b1a3a1        0.49%    passed     99.99%
2015  L1b1a3b         0.49%    passed     99.98%
2016  L1b1a4a         0.49%    passed     99.99%
2017  L1b1a5          0.49%    passed     99.99%
2018  L1b1a6          0.49%    passed     99.98%
2019  L1b1a7a         0.49%    passed     99.97%
2020  L1b1a8          0.49%    passed     99.98%
2021  L1b1a9          0.49%    passed     99.99%
2022  L1b2a           0.49%    passed     99.99%
2023  L1b3            0.49%    passed     99.98%
2024  L1c1a1a1a       0.49%    passed     99.98%
2025  L1c1a1a1b1      0.49%    passed     99.93%
2026  L1c1a1a2        0.49%    passed    100.00%
2027  L1c1a1b         0.49%    passed     99.98%
2028  L1c1a2a1        0.49%    passed     99.58%
2029  L1c1a2a2        0.49%    passed     99.58%
2030  L1c1a2b         0.49%    passed     99.74%
2031  L1c1a2c         0.49%    passed     99.76%
2032  L1c1b1          0.49%    passed     99.96%
2033  L1c1c1          0.50%    passed    100.00%
2034  L1c1d1a         0.49%    passed    100.00%
2035  L1c1d2          0.49%    passed     99.94%
2036  L1c2a1a         0.48%    passed     99.96%
2037  L1c2a1b         0.48%    passed    100.00%
2038  L1c2a2          0.49%    passed    100.00%
2039  L1c2a3a         0.48%    passed     99.95%
2040  L1c2b1a1        0.49%    passed     99.92%
2041  L1c2b1b1        0.49%    passed     99.89%
2042  L1c2b1b2        0.49%    passed     99.95%
2043  L1c2b1c         0.49%    passed     99.96%
2044  L1c2b2          0.49%    passed     99.95%
2045  L1c3a1a         0.49%    passed     99.85%
2046  L1c3a1b         0.49%    passed     99.79%
2047  L1c3b1a         0.49%    passed     99.90%
2048  L1c3b1b         0.49%    passed     99.90%
2049  L1c3b2          0.49%    passed     99.98%
2050  L1c3c           0.49%    passed     99.92%
2051  L1c4a           0.49%    passed     99.99%
2052  L1c4b           0.49%    passed     99.89%
2053  L1c5            0.55%    passed     99.88%
2054  L1c6            0.49%    passed     99.99%
2055  L2a1a1          0.49%    passed     99.99%
2056  L2a1a2a1a       0.49%    passed     99.98%
2057  L2a1a2b         0.49%    passed     99.99%
2058  L2a1a2c         0.49%    passed     99.98%
2059  L2a1a3a         0.49%    passed    100.00%
2060  L2a1a3b         0.49%    passed    100.00%
2061  L2a1a3c         0.49%    passed    100.00%
2062  L2a1b1a         0.49%    passed    100.00%
2063  L2a1b2          0.49%    passed    100.00%
2064  L2a1b3          0.49%    passed    100.00%
2065  L2a1c1a1        0.49%    passed    100.00%
2066  L2a1c1a2        0.49%    passed    100.00%
2067  L2a1c2a         0.49%    passed     99.98%
2068  L2a1c3a1a       0.49%    passed    100.00%
2069  L2a1c3b1        0.49%    passed    100.00%
2070  L2a1c3b2        0.49%    passed    100.00%
2071  L2a1c4a1        0.49%    passed    100.00%
2072  L2a1c5          0.49%    passed    100.00%
2073  L2a1c6          0.49%    passed     99.99%
2074  L2a1d1          0.49%    passed    100.00%
2075  L2a1d2          0.49%    passed    100.00%
2076  L2a1e1          0.49%    passed    100.00%
2077  L2a1f1a         0.49%    passed     99.96%
2078  L2a1f2          0.49%    passed     99.99%
2079  L2a1f3          0.49%    passed     99.99%
2080  L2a1g           0.49%    passed     99.98%
2081  L2a1h1          0.49%    passed    100.00%
2082  L2a1i1          0.49%    passed    100.00%
2083  L2a1j           0.49%    passed    100.00%
2084  L2a1k           0.49%    passed    100.00%
2085  L2a1l1a1        0.49%    passed    100.00%
2086  L2a1l1a2        0.49%    passed    100.00%
2087  L2a1l1b1        0.49%    passed     99.99%
2088  L2a1l2a1        0.49%    passed    100.00%
2089  L2a1l3          0.49%    passed    100.00%
2090  L2a1m1a         0.54%    passed     99.98%
2091  L2a1n           0.49%    passed    100.00%
2092  L2a1o           0.49%    passed    100.00%
2093  L2a1p           0.49%    passed    100.00%
2094  L2a1q           0.49%    passed    100.00%
2095  L2a2a1          0.49%    passed     99.96%
2096  L2a2b1a         0.49%    passed     99.99%
2097  L2a2b2          0.49%    passed     99.98%
2098  L2a3            0.49%    passed    100.00%
2099  L2a4a           0.48%    passed     99.96%
2100  L2a4b           0.49%    passed     99.99%
2101  L2a5a           0.49%    passed    100.00%
2102  L2a5b           0.49%    passed    100.00%
2103  L2b1a2          0.49%    passed     99.74%
2104  L2b1a3          0.49%    passed     99.59%
2105  L2b1a4          0.49%    passed     99.59%
2106  L2b1b           0.49%    passed     99.88%
2107  L2b2a           0.49%    passed     99.88%
2108  L2b3a           0.48%    passed     99.70%
2109  L2b3b           0.48%    passed     99.85%
2110  L2b3c           0.48%    passed     99.85%
2111  L2c1a           0.49%    passed     99.69%
2112  L2c2a1          0.49%    passed     99.67%
2113  L2c2b1a         0.49%    passed     99.69%
2114  L2c2b1b         0.49%    passed     99.85%
2115  L2c2b2          0.49%    passed     99.78%
2116  L2c3a           0.49%    passed     99.56%
2117  L2c4            0.49%    passed     99.65%
2118  L2c5            0.49%    passed     99.56%
2119  L2d1a           0.49%    passed     99.96%
2120  L2e1a           0.49%    passed     99.85%
2121  L3a1a           0.49%    passed     99.98%
2122  L3a1b           0.49%    passed     99.98%
2123  L3a2a           0.49%    passed     99.95%
2124  L3a3            0.49%    passed     99.99%
2125  L3b1a10         0.49%    passed     99.99%
2126  L3b1a11         0.49%    passed     99.94%
2127  L3b1a1a1        0.53%    passed     99.99%
2128  L3b1a2          0.49%    passed     99.98%
2129  L3b1a3          0.49%    passed     99.94%
2130  L3b1a4          0.49%    passed     99.95%
2131  L3b1a5a         0.49%    passed     99.99%
2132  L3b1a6          0.49%    passed     99.97%
2133  L3b1a7a         0.49%    passed     99.93%
2134  L3b1a8          0.49%    passed     99.96%
2135  L3b1a9a         0.49%    passed     99.88%
2136  L3b1b1          0.49%    passed     99.97%
2137  L3b1c           0.49%    passed    100.00%
2138  L3b2a           0.49%    passed     99.97%
2139  L3b2b           0.49%    passed     99.94%
2140  L3b2c           0.49%    passed     99.98%
2141  L3b3            0.49%    passed     99.94%
2142  L3c             0.48%    passed     99.85%
2143  L3d1a1a1        0.49%    passed     99.99%
2144  L3d1a1b         0.49%    passed     99.94%
2145  L3d1a2          0.49%    passed    100.00%
2146  L3d1b1a         0.49%    passed     99.97%
2147  L3d1b1b         0.49%    passed     99.97%
2148  L3d1b1c         0.49%    passed     99.97%
2149  L3d1b2          0.49%    passed     99.98%
2150  L3d1b3a         0.49%    passed     99.98%
2151  L3d1b4          0.49%    passed     99.97%
2152  L3d1c1          0.49%    passed     99.72%
2153  L3d1d           0.49%    passed     99.95%
2154  L3d2a           0.49%    passed     99.98%
2155  L3d2b           0.49%    passed     99.99%
2156  L3d3a1a         0.49%    passed     99.86%
2157  L3d3a1b         0.49%    passed     99.93%
2158  L3d3b           0.49%    passed     99.97%
2159  L3d4a           0.49%    passed     99.97%
2160  L3d4b           0.49%    passed     99.94%
2161  L3d5a1          0.49%    passed     99.91%
2162  L3d6            0.49%    passed    100.00%
2163  L3d7            0.49%    passed     99.99%
2164  L3e1a1a         0.49%    passed     99.98%
2165  L3e1a2          0.49%    passed     99.97%
2166  L3e1a3a         0.49%    passed     99.98%
2167  L3e1a3b         0.49%    passed     99.98%
2168  L3e1b1a         0.49%    passed     99.89%
2169  L3e1b2          0.49%    passed     99.96%
2170  L3e1c           0.38%    passed     99.93%
2171  L3e1d1a         0.49%    passed     99.94%
2172  L3e1d1b         0.49%    passed     99.95%
2173  L3e1e1          0.49%    passed     99.94%
2174  L3e1e2          0.52%    passed     99.99%
2175  L3e1e3          0.49%    passed     99.96%
2176  L3e1f1a         0.54%    passed     99.86%
2177  L3e1f2          0.54%    passed     99.99%
2178  L3e1g           0.49%    passed     99.70%
2179  L3e1h           0.49%    passed     99.96%
2180  L3e2a1a         0.49%    passed     99.97%
2181  L3e2a1b1        0.49%    passed     99.99%
2182  L3e2a1b2        0.49%    passed     99.99%
2183  L3e2a1b3        0.49%    passed     99.99%
2184  L3e2a2          0.49%    passed    100.00%
2185  L3e2a3          0.49%    passed     99.99%
2186  L3e2a4          0.49%    passed     99.99%
2187  L3e2b1a1        0.49%    passed     99.98%
2188  L3e2b1a2        0.49%    passed    100.00%
2189  L3e2b2          0.49%    passed    100.00%
2190  L3e2b3          0.49%    passed     99.99%
2191  L3e2b4          0.49%    passed     99.99%
2192  L3e2b5          0.49%    passed    100.00%
2193  L3e2b6          0.49%    passed    100.00%
2194  L3e2b7          0.49%    passed    100.00%
2195  L3e2b8          0.49%    passed    100.00%
2196  L3e2b9          0.49%    passed    100.00%
2197  L3e3a           0.48%    passed     99.98%
2198  L3e3b1          0.49%    passed    100.00%
2199  L3e3b2          0.49%    passed    100.00%
2200  L3e3b3          0.49%    passed    100.00%
2201  L3e3b4          0.49%    passed     99.97%
2202  L3e4a1          0.49%    passed     99.97%
2203  L3e5a1a         0.49%    passed    100.00%
2204  L3e5b           0.49%    passed    100.00%
2205  L3e5c           0.49%    passed     99.99%
2206  L3e5d           0.49%    passed     99.99%
2207  L3e5e           0.49%    passed     99.99%
2208  L3e5f           0.49%    passed    100.00%
2209  L3f1a1          0.49%    passed    100.00%
2210  L3f1b1a1        0.49%    passed     99.97%
2211  L3f1b2a         0.49%    passed     99.97%
2212  L3f1b3          0.49%    passed     99.89%
2213  L3f1b4a1        0.49%    passed     99.83%
2214  L3f1b4b         0.49%    passed     99.97%
2215  L3f1b4c         0.49%    passed     99.94%
2216  L3f1b5          0.49%    passed     99.93%
2217  L3f1b6          0.49%    passed     99.95%
2218  L3f2a1a         0.49%    passed     99.99%
2219  L3f2b           0.48%    passed     99.99%
2220  L3f3a           0.49%    passed     99.99%
2221  L3f3b           0.49%    passed    100.00%
2222  L3h1a1          0.49%    passed     99.99%
2223  L3h1a2a1        0.49%    passed     99.99%
2224  L3h1a2b         0.49%    passed    100.00%
2225  L3h1b1a1        0.49%    passed     99.98%
2226  L3h1b1a2        0.49%    passed     99.98%
2227  L3h1b2          0.49%    passed     99.95%
2228  L3h2            0.49%    passed    100.00%
2229  L3i1a           0.49%    passed    100.00%
2230  L3i1b           0.49%    passed     99.99%
2231  L3i2            0.49%    passed     99.93%
2232  L3k1            0.49%    passed     99.95%
2233  L3x1a1          0.49%    passed    100.00%
2234  L3x1a2          0.48%    passed    100.00%
2235  L3x1b           0.48%    passed     99.99%
2236  L3x2a1a         0.46%    passed     99.73%
2237  L3x2b           0.49%    passed     99.92%
2238  L4a1a           0.49%    passed     99.98%
2239  L4a2            0.49%    passed     99.99%
2240  L4b1a1          0.49%    passed     99.92%
2241  L4b2a1          0.49%    passed     99.93%
2242  L4b2a2a         0.49%    passed     99.83%
2243  L4b2a2b         0.49%    passed     99.93%
2244  L4b2a2c         0.49%    passed     99.91%
2245  L4b2b1          0.49%    passed     99.97%
2246  L5a1a           0.47%    passed     99.90%
2247  L5a1b           0.47%    passed     99.84%
2248  L5a1c           0.47%    passed     99.74%
2249  L5a2            0.47%    passed     99.89%
2250  L5b1a           0.49%    passed     99.89%
2251  L5b1b           0.49%    passed     99.91%
2252  L5b2            0.49%    passed     99.98%
2253  L6a             0.49%    passed     99.98%
2254  L6b             0.49%    passed     99.96%
2255  M10a1a1a1       0.47%    passed    100.00%
2256  M10a1a1b1a      0.47%    passed     99.93%
2257  M10a1a1b2       0.47%    passed     99.99%
2258  M10a1a1b3       0.47%    passed     99.99%
2259  M10a1a1b4       0.47%    passed     99.98%
2260  M10a1a1b5       0.47%    passed    100.00%
2261  M10a1a1c        0.47%    passed    100.00%
2262  M10a1a2         0.47%    passed     99.99%
2263  M10a1b1         0.47%    passed    100.00%
2264  M10a1b2         0.47%    passed     99.95%
2265  M10a1c          0.48%    passed    100.00%
2266  M10a1d          0.47%    passed    100.00%
2267  M10a2           0.47%    passed    100.00%
2268  M10b            0.48%    passed    100.00%
2269  M11a1           0.49%    passed     99.98%
2270  M11a2a          0.49%    passed     99.94%
2271  M11b1a1         0.49%    passed     99.99%
2272  M11b1b          0.49%    passed     99.97%
2273  M11b2           0.48%    passed     99.96%
2274  M11c1           0.49%    passed    100.00%
2275  M11c2           0.49%    passed    100.00%
2276  M11d1           0.49%    passed     99.89%
2277  M12a1a1         0.49%    passed    100.00%
2278  M12a1a2         0.49%    passed     99.98%
2279  M12a1a3         0.49%    passed     99.98%
2280  M12a1a4         0.49%    passed    100.00%
2281  M12a1a5         0.49%    passed     99.99%
2282  M12a1a6         0.49%    passed     99.97%
2283  M12a1a7         0.49%    passed     99.96%
2284  M12a1b1         0.49%    passed     99.97%
2285  M12a1b2         0.49%    passed     99.99%
2286  M12a2           0.48%    passed     99.99%
2287  M12b1a1         0.49%    passed     99.99%
2288  M12b1a2a        0.49%    passed    100.00%
2289  M12b1a2b        0.49%    passed     99.99%
2290  M12b1a2c        0.49%    passed     99.99%
2291  M12b1b          0.49%    passed     99.99%
2292  M12b2a          0.49%    passed    100.00%
2293  M13a1a          0.49%    passed     99.95%
2294  M13a1b1         0.49%    passed     99.98%
2295  M13a1c          0.49%    passed     99.94%
2296  M13a2           0.49%    passed     99.99%
2297  M13b1a          0.49%    passed     99.94%
2298  M13b2           0.49%    passed     99.95%
2299  M13c1           0.49%    passed     99.85%
2300  M14             0.49%    passed    100.00%
2301  M15             0.49%    passed     99.98%
2302  M16             0.49%    passed     99.95%
2303  M17a1           0.49%    passed     99.99%
2304  M17c1a1a1       0.49%    passed    100.00%
2305  M17c1a1a2       0.48%    passed    100.00%
2306  M17c2           0.49%    passed    100.00%
2307  M17c3           0.49%    passed     99.96%
2308  M18a            0.49%    passed     99.99%
2309  M18b            0.49%    passed    100.00%
2310  M18c            0.49%    passed     99.98%
2311  M19             0.49%    passed     99.96%
2312  M1a1a1          0.49%    passed     99.99%
2313  M1a1b1a         0.49%    passed     99.95%
2314  M1a1b1b1        0.49%    passed     99.94%
2315  M1a1b1c         0.49%    passed     99.97%
2316  M1a1b2          0.49%    passed     99.94%
2317  M1a1c           0.49%    passed     99.87%
2318  M1a1d           0.54%    passed     99.99%
2319  M1a1e1          0.49%    passed     99.94%
2320  M1a1e2          0.49%    passed     99.92%
2321  M1a1f           0.49%    passed     99.92%
2322  M1a1g           0.49%    passed     99.93%
2323  M1a1h           0.49%    passed     99.95%
2324  M1a1i           0.49%    passed     99.91%
2325  M1a2a           0.49%    passed     99.89%
2326  M1a2b           0.49%    passed     99.97%
2327  M1a3a           0.49%    passed     99.96%
2328  M1a3b1          0.49%    passed     99.85%
2329  M1a3b2          0.49%    passed     99.93%
2330  M1a4a           0.49%    passed     99.99%
2331  M1a5            0.49%    passed     99.91%
2332  M1a6            0.49%    passed     99.98%
2333  M1a7            0.49%    passed     99.93%
2334  M1a8a           0.49%    passed     99.92%
2335  M1b1a           0.49%    passed     99.96%
2336  M1b1b           0.49%    passed     99.94%
2337  M1b2a           0.49%    passed     99.98%
2338  M1b2b           0.49%    passed     99.92%
2339  M1b2c           0.49%    passed     99.96%
2340  M20a            0.49%    passed     99.99%
2341  M21a1           0.49%    passed     99.99%
2342  M21b10          0.49%    passed    100.00%
2343  M21b1a          0.49%    passed     99.99%
2344  M21b2           0.49%    passed    100.00%
2345  M21b3           0.49%    passed     99.98%
2346  M21b4           0.49%    passed    100.00%
2347  M21b5           0.49%    passed     99.97%
2348  M21b6           0.49%    passed     99.98%
2349  M21b7           0.49%    passed    100.00%
2350  M21b8           0.49%    passed    100.00%
2351  M21b9           0.49%    passed    100.00%
2352  M22a            0.49%    passed     99.99%
2353  M22b1           0.49%    passed     99.98%
2354  M23             0.49%    passed     99.98%
2355  M24a1           0.49%    passed     99.96%
2356  M24b1           0.49%    passed     99.74%
2357  M25             0.49%    passed    100.00%
2358  M26             0.49%    passed     99.99%
2359  M27a1a1         0.49%    passed    100.00%
2360  M27a1a2         0.49%    passed     99.98%
2361  M27a1b          0.49%    passed     99.98%
2362  M27a2a          0.49%    passed     99.66%
2363  M27a2b          0.49%    passed     99.71%
2364  M27a3a          0.49%    passed     99.87%
2365  M27b1           0.49%    passed     99.97%
2366  M27b2a1         0.49%    passed     99.99%
2367  M27b2b1         0.49%    passed     99.98%
2368  M27b2c          0.49%    passed     99.97%
2369  M27c            0.49%    passed     99.80%
2370  M28a1           0.49%    passed     99.94%
2371  M28a10          0.49%    passed     99.87%
2372  M28a2a          0.49%    passed     99.94%
2373  M28a3           0.49%    passed     99.97%
2374  M28a4           0.49%    passed     99.95%
2375  M28a5a          0.49%    passed     99.96%
2376  M28a5b          0.49%    passed     99.98%
2377  M28a6a          0.49%    passed     99.93%
2378  M28a7a          0.49%    passed     99.91%
2379  M28a7b          0.49%    passed     99.94%
2380  M28a8           0.49%    passed     99.96%
2381  M28a9           0.49%    passed     99.84%
2382  M28b1a          0.49%    passed     99.79%
2383  M29a            0.49%    passed    100.00%
2384  M29b1           0.49%    passed     99.99%
2385  M2a1a1a1        0.49%    passed     99.84%
2386  M2a1a1b1        0.49%    passed     99.89%
2387  M2a1a2a1a       0.49%    passed     99.82%
2388  M2a1a3a1        0.49%    passed     99.98%
2389  M2a1a3b         0.49%    passed     99.92%
2390  M2a1b           0.49%    passed     99.97%
2391  M2a1c           0.49%    passed     99.98%
2392  M2a1d           0.49%    passed     99.98%
2393  M2a2a           0.49%    passed     99.99%
2394  M2a3a           0.49%    passed     99.96%
2395  M2b1a           0.48%    passed     99.98%
2396  M2b1b           0.48%    passed     99.94%
2397  M2b2            0.48%    passed     99.99%
2398  M2b3a           0.48%    passed     99.96%
2399  M2b4            0.49%    passed     99.97%
2400  M2c1            0.49%    passed     99.99%
2401  M2c2            0.49%    passed    100.00%
2402  M30a1           0.49%    passed     99.97%
2403  M30a2           0.49%    passed     99.99%
2404  M30b            0.49%    passed     99.99%
2405  M30c1a1         0.49%    passed    100.00%
2406  M30d1           0.49%    passed     99.99%
2407  M30d2           0.49%    passed     99.99%
2408  M30e            0.49%    passed    100.00%
2409  M30f            0.49%    passed    100.00%
2410  M30g            0.49%    passed    100.00%
2411  M31a1a          0.49%    passed     99.98%
2412  M31a1b          0.49%    passed     99.98%
2413  M31a2           0.48%    passed     99.98%
2414  M31b1           0.49%    passed     99.98%
2415  M31b2           0.49%    passed     99.91%
2416  M31c            0.49%    passed     99.94%
2417  M32a            0.48%    passed     99.94%
2418  M32c            0.49%    passed     99.88%
2419  M33a1a1         0.48%    passed     99.99%
2420  M33a1b          0.49%    passed    100.00%
2421  M33a2a          0.49%    passed     99.99%
2422  M33a2b          0.49%    passed     99.96%
2423  M33a3a1         0.49%    passed     99.97%
2424  M33b1a          0.49%    passed     99.99%
2425  M33b2           0.49%    passed    100.00%
2426  M33c1           0.49%    passed     99.99%
2427  M33c2           0.49%    passed    100.00%
2428  M33c3           0.49%    passed    100.00%
2429  M33d            0.49%    passed    100.00%
2430  M34a1a          0.49%    passed     99.91%
2431  M34a2           0.49%    passed     99.99%
2432  M34b            0.49%    passed     99.99%
2433  M35a1a          0.49%    passed     99.99%
2434  M35a2           0.49%    passed     99.99%
2435  M35b1           0.49%    passed     99.99%
2436  M35b2           0.49%    passed     99.99%
2437  M35b3           0.49%    passed    100.00%
2438  M35b4           0.49%    passed     99.99%
2439  M35c            0.49%    passed    100.00%
2440  M35d            0.49%    passed     99.98%
2441  M36a            0.49%    passed    100.00%
2442  M36b            0.49%    passed     99.99%
2443  M36c            0.49%    passed    100.00%
2444  M36d1           0.49%    passed     99.99%
2445  M36e            0.49%    passed    100.00%
2446  M37a1           0.49%    passed    100.00%
2447  M37d            0.49%    passed     99.99%
2448  M37e2           0.49%    passed    100.00%
2449  M38a1           0.49%    passed     99.99%
2450  M38b            0.49%    passed     99.96%
2451  M38c            0.49%    passed    100.00%
2452  M38d            0.49%    passed     99.99%
2453  M38e            0.43%    passed     99.99%
2454  M39a1           0.49%    passed     99.99%
2455  M39a2           0.49%    passed     99.98%
2456  M39b1           0.49%    passed     99.97%
2457  M39b2a          0.49%    passed     99.95%
2458  M39c            0.49%    passed     99.96%
2459  M3a1a           0.49%    passed     99.99%
2460  M3a1b           0.49%    passed    100.00%
2461  M3a1c           0.49%    passed     99.99%
2462  M3a2a           0.49%    passed    100.00%
2463  M3a2b           0.49%    passed     99.99%
2464  M3b             0.49%    passed    100.00%
2465  M3c1a           0.49%    passed     99.99%
2466  M3c1b1a         0.49%    passed     99.94%
2467  M3c1b1b         0.49%    passed     99.97%
2468  M3c2            0.49%    passed    100.00%
2469  M3d1a1          0.49%    passed    100.00%
2470  M3e             0.49%    passed     99.99%
2471  M3f             0.49%    passed    100.00%
2472  M40a1a1         0.49%    passed     99.82%
2473  M40a1b          0.49%    passed     99.98%
2474  M40a2           0.49%    passed     99.93%
2475  M41a1           0.49%    passed    100.00%
2476  M41b            0.49%    passed     99.99%
2477  M41c            0.49%    passed    100.00%
2478  M42a1           0.49%    passed     99.99%
2479  M42b1a          0.49%    passed     99.99%
2480  M42b2           0.49%    passed     99.93%
2481  M42c            0.49%    passed    100.00%
2482  M42d            0.49%    passed     99.97%
2483  M42e            0.49%    passed    100.00%
2484  M43a1           0.49%    passed     99.99%
2485  M43b            0.49%    passed     99.97%
2486  M44a1           0.49%    passed    100.00%
2487  M45a            0.49%    passed    100.00%
2488  M46a            0.49%    passed     99.98%
2489  M46b            0.49%    passed     99.94%
2490  M47             0.49%    passed    100.00%
2491  M48             0.49%    passed    100.00%
2492  M49a1           0.49%    passed     99.95%
2493  M49a2           0.49%    passed     99.97%
2494  M49c1           0.49%    passed     99.97%
2495  M49c2           0.49%    passed     99.97%
2496  M49d            0.49%    passed    100.00%
2497  M49e1           0.49%    passed     99.99%
2498  M4a             0.49%    passed     99.99%
2499  M4b             0.49%    passed     99.97%
2500  M50a1           0.49%    passed     99.87%
2501  M50a2           0.49%    passed     99.84%
2502  M50b            0.49%    passed    100.00%
2503  M50c            0.49%    passed     99.99%
2504  M51a1a          0.49%    passed    100.00%
2505  M51a1b          0.49%    passed     99.99%
2506  M51a2           0.49%    passed     99.99%
2507  M51a3           0.49%    passed     99.99%
2508  M51a4           0.49%    passed     99.99%
2509  M51a5           0.49%    passed     99.95%
2510  M51b1a          0.49%    passed     99.99%
2511  M51b1b          0.49%    passed     99.99%
2512  M52a1a          0.48%    passed     99.96%
2513  M52a1b1         0.48%    passed     99.94%
2514  M52a2           0.48%    passed     99.94%
2515  M52a3           0.48%    passed     99.99%
2516  M52b1a          0.49%    passed     99.99%
2517  M53b1           0.49%    passed     99.89%
2518  M54a            0.49%    passed     99.99%
2519  M55             0.47%    passed     99.82%
2520  M56             0.49%    passed    100.00%
2521  M57a            0.49%    passed    100.00%
2522  M57b1           0.49%    passed    100.00%
2523  M58             0.49%    passed    100.00%
2524  M59a            0.49%    passed    100.00%
2525  M5a1a           0.49%    passed     99.92%
2526  M5a1b           0.49%    passed     99.99%
2527  M5a2a1a1        0.49%    passed     99.92%
2528  M5a2a1a2        0.49%    passed     99.96%
2529  M5a2a2          0.49%    passed     99.98%
2530  M5a2a3          0.49%    passed     99.94%
2531  M5a2a4          0.49%    passed     99.94%
2532  M5a3a           0.49%    passed     99.98%
2533  M5a3b           0.49%    passed     99.99%
2534  M5a4            0.49%    passed     99.97%
2535  M5a5            0.49%    passed     99.95%
2536  M5a6            0.49%    passed     99.85%
2537  M5a7            0.49%    passed     99.96%
2538  M5b1            0.49%    passed     99.96%
2539  M5b2a           0.49%    passed     99.98%
2540  M5b2b1a         0.48%    passed     99.99%
2541  M5b2b2          0.49%    passed     99.97%
2542  M5b3            0.49%    passed     99.72%
2543  M5b4            0.49%    passed    100.00%
2544  M5c1            0.49%    passed     99.99%
2545  M5c2            0.49%    passed     99.98%
2546  M5d             0.49%    passed     99.97%
2547  M60a1           0.49%    passed     99.99%
2548  M60a2a          0.49%    passed    100.00%
2549  M60b            0.49%    passed     99.97%
2550  M61a            0.49%    passed     99.97%
2551  M61b            0.49%    passed     99.98%
2552  M62a            0.49%    passed    100.00%
2553  M62b1a1         0.54%    passed     99.95%
2554  M62b1b          0.49%    passed     99.98%
2555  M62b2a          0.49%    passed    100.00%
2556  M62b2b          0.49%    passed     99.99%
2557  M63             0.49%    passed     99.99%
2558  M64a            0.49%    passed     99.96%
2559  M65a1           0.49%    passed     99.99%
2560  M65a2           0.49%    passed    100.00%
2561  M65a3           0.49%    passed    100.00%
2562  M65b            0.49%    passed    100.00%
2563  M66a            0.49%    passed     99.98%
2564  M66b1           0.49%    passed     99.97%
2565  M67             0.49%    passed     99.97%
2566  M68a1a          0.51%    passed     99.97%
2567  M68a2a          0.51%    passed     99.90%
2568  M69a            0.49%    passed    100.00%
2569  M6a1a           0.49%    passed     99.93%
2570  M6a1b           0.49%    passed     99.93%
2571  M6a2            0.49%    passed     99.98%
2572  M6b             0.54%    passed     99.94%
2573  M6c             0.49%    passed     99.98%
2574  M70             0.49%    passed    100.00%
2575  M71a1a1         0.49%    passed     99.98%
2576  M71a2a          0.49%    passed     99.97%
2577  M71b            0.49%    passed     99.99%
2578  M71c            0.49%    passed     99.95%
2579  M71d            0.49%    passed    100.00%
2580  M71e            0.49%    passed     99.99%
2581  M71f            0.49%    passed    100.00%
2582  M71g            0.49%    passed     99.99%
2583  M72a            0.49%    passed     99.97%
2584  M73a1           0.49%    passed    100.00%
2585  M73a2           0.49%    passed     99.99%
2586  M73a3           0.49%    passed    100.00%
2587  M73b1           0.49%    passed     99.99%
2588  M73c            0.49%    passed    100.00%
2589  M73d            0.49%    passed     99.95%
2590  M73e            0.49%    passed    100.00%
2591  M73f            0.49%    passed     99.99%
2592  M74a            0.49%    passed    100.00%
2593  M74b1           0.49%    passed     99.97%
2594  M74b2a          0.49%    passed     99.94%
2595  M74b3           0.49%    passed     99.99%
2596  M74b4           0.49%    passed    100.00%
2597  M74c            0.49%    passed    100.00%
2598  M75a            0.49%    passed    100.00%
2599  M75b            0.49%    passed     99.99%
2600  M75c            0.49%    passed    100.00%
2601  M76a            0.49%    passed     99.94%
2602  M76b            0.49%    passed     99.98%
2603  M76c            0.49%    passed     99.98%
2604  M77             0.49%    passed     99.98%
2605  M78             0.49%    passed     99.97%
2606  M79             0.49%    passed     99.97%
2607  M7a1a1a         0.48%    passed     99.97%
2608  M7a1a2          0.48%    passed     99.98%
2609  M7a1a3          0.48%    passed     99.97%
2610  M7a1a4a         0.48%    passed     99.98%
2611  M7a1a5a         0.48%    passed     99.98%
2612  M7a1a6a         0.48%    passed     99.95%
2613  M7a1a7          0.48%    passed    100.00%
2614  M7a1a8          0.48%    passed     99.97%
2615  M7a1a9          0.48%    passed     99.99%
2616  M7a1b1          0.48%    passed     99.97%
2617  M7a1b2          0.48%    passed    100.00%
2618  M7a2a1          0.49%    passed     99.95%
2619  M7a2a2          0.48%    passed     99.95%
2620  M7a2a3a         0.49%    passed     99.98%
2621  M7a2a4          0.49%    passed    100.00%
2622  M7b1a1a1a       0.49%    passed     99.96%
2623  M7b1a1a1b1      0.49%    passed     99.94%
2624  M7b1a1a1c       0.49%    passed     99.96%
2625  M7b1a1a1d       0.49%    passed     99.96%
2626  M7b1a1a2a       0.49%    passed     99.97%
2627  M7b1a1a3        0.49%    passed    100.00%
2628  M7b1a1b         0.49%    passed     99.99%
2629  M7b1a1c1        0.49%    passed    100.00%
2630  M7b1a1d1        0.49%    passed    100.00%
2631  M7b1a1e1        0.49%    passed    100.00%
2632  M7b1a1e2a       0.49%    passed     99.99%
2633  M7b1a1f1        0.49%    passed     99.98%
2634  M7b1a1f2        0.49%    passed     99.99%
2635  M7b1a1g1        0.49%    passed     99.99%
2636  M7b1a1h         0.49%    passed    100.00%
2637  M7b1a1i1        0.49%    passed    100.00%
2638  M7b1a1j         0.49%    passed    100.00%
2639  M7b1a1k         0.49%    passed    100.00%
2640  M7b1a1m         0.49%    passed     99.99%
2641  M7b1a1n         0.49%    passed     99.99%
2642  M7b1a1o         0.49%    passed     99.97%
2643  M7b1a1p         0.49%    passed    100.00%
2644  M7b1a1q         0.49%    passed    100.00%
2645  M7b1a2a1a1      0.49%    passed     99.96%
2646  M7b1a2a1b1      0.49%    passed     99.90%
2647  M7b1a2a1c       0.49%    passed     99.98%
2648  M7b1a2a2        0.49%    passed     99.88%
2649  M7b1b           0.49%    passed     99.99%
2650  M7b2a           0.49%    passed     99.96%
2651  M7b3            0.49%    passed     99.95%
2652  M7c1a1a1        0.49%    passed     99.99%
2653  M7c1a1b1        0.49%    passed     99.95%
2654  M7c1a1b2        0.49%    passed     99.98%
2655  M7c1a2a1        0.49%    passed    100.00%
2656  M7c1a2a2        0.49%    passed    100.00%
2657  M7c1a3a         0.49%    passed     99.99%
2658  M7c1a4a         0.49%    passed    100.00%
2659  M7c1a4b         0.49%    passed    100.00%
2660  M7c1a5a         0.49%    passed    100.00%
2661  M7c1a6          0.49%    passed     99.99%
2662  M7c1a7          0.49%    passed    100.00%
2663  M7c1a8          0.49%    passed    100.00%
2664  M7c1a9          0.49%    passed    100.00%
2665  M7c1b1          0.49%    passed    100.00%
2666  M7c1b2a         0.49%    passed    100.00%
2667  M7c1b2b1        0.49%    passed     99.95%
2668  M7c1b3          0.49%    passed    100.00%
2669  M7c1b4          0.49%    passed     99.99%
2670  M7c1c1a1        0.49%    passed    100.00%
2671  M7c1c2a1        0.49%    passed     99.98%
2672  M7c1c2b         0.49%    passed     99.99%
2673  M7c1c3a1a       0.49%    passed     99.96%
2674  M7c1c3b         0.49%    passed     99.99%
2675  M7c1c3c         0.49%    passed     99.98%
2676  M7c1c3d         0.49%    passed    100.00%
2677  M7c1c3e         0.49%    passed     99.99%
2678  M7c1c3f         0.49%    passed     99.99%
2679  M7c1c3g         0.49%    passed    100.00%
2680  M7c1c3h         0.49%    passed     99.99%
2681  M7c1c3i         0.48%    passed     99.99%
2682  M7c1c4          0.49%    passed     99.95%
2683  M7c1d           0.49%    passed    100.00%
2684  M7c1e           0.49%    passed    100.00%
2685  M7c1f           0.49%    passed     99.99%
2686  M7c2a           0.49%    passed     99.94%
2687  M7c2b           0.49%    passed     99.93%
2688  M7c3            0.49%    passed    100.00%
2689  M80             0.49%    passed     99.99%
2690  M81             0.49%    passed    100.00%
2691  M82             0.49%    passed    100.00%
2692  M83             0.49%    passed     99.99%
2693  M84             0.49%    passed    100.00%
2694  M85             0.49%    passed    100.00%
2695  M86             0.49%    passed     99.94%
2696  M87             0.49%    passed    100.00%
2697  M88             0.49%    passed     99.98%
2698  M8a1a           0.49%    passed     99.96%
2699  M8a2a1          0.49%    passed     99.95%
2700  M8a2b           0.49%    passed    100.00%
2701  M8a2c           0.49%    passed     99.99%
2702  M8a2d           0.49%    passed     99.99%
2703  M8a2e           0.49%    passed     99.98%
2704  M8a2f           0.49%    passed     99.98%
2705  M8a3a1          0.49%    passed     99.99%
2706  M8a4            0.49%    passed     99.94%
2707  M8b             0.49%    passed    100.00%
2708  M8c             0.49%    passed    100.00%
2709  M8d             0.49%    passed     99.99%
2710  M91a1           0.49%    passed     99.98%
2711  M91a2           0.49%    passed    100.00%
2712  M91b            0.49%    passed     99.92%
2713  M9a1a1a         0.49%    passed    100.00%
2714  M9a1a1b         0.49%    passed     99.89%
2715  M9a1a1c1a1      0.49%    passed     99.96%
2716  M9a1a1c1b1a1    0.48%    passed     99.96%
2717  M9a1a1c1b1a2    0.48%    passed     99.97%
2718  M9a1a1c1b1a3    0.48%    passed     99.99%
2719  M9a1a1c1b2      0.49%    passed     99.98%
2720  M9a1a1c1c       0.49%    passed     99.93%
2721  M9a1a1c1d       0.49%    passed     99.95%
2722  M9a1a1d         0.49%    passed     99.98%
2723  M9a1a1e         0.49%    passed     99.98%
2724  M9a1a2a         0.49%    passed    100.00%
2725  M9a1a3          0.49%    passed    100.00%
2726  M9a1a4          0.49%    passed     99.96%
2727  M9a1a5          0.49%    passed     99.99%
2728  M9a1b1a1        0.49%    passed     99.99%
2729  M9a1b1b         0.49%    passed     99.96%
2730  M9a1b1c1        0.49%    passed     99.96%
2731  M9a1b1c2        0.49%    passed     99.97%
2732  M9a1b1d         0.49%    passed     99.97%
2733  M9a1b1e         0.49%    passed     99.96%
2734  M9a1b2          0.49%    passed    100.00%
2735  M9a1b3          0.49%    passed     99.98%
2736  M9a2            0.49%    passed     99.97%
2737  M9a3            0.49%    passed     99.98%
2738  M9a4a1a         0.48%    passed    100.00%
2739  M9a4a2          0.49%    passed    100.00%
2740  M9a4b           0.49%    passed    100.00%
2741  M9a5            0.49%    passed    100.00%
2742  M9b             0.48%    passed     99.93%
2743  M9c             0.49%    passed    100.00%
2744  N10a1           0.49%    passed    100.00%
2745  N10a2           0.49%    passed     99.99%
2746  N10a3           0.49%    passed     99.99%
2747  N10b1           0.49%    passed     99.99%
2748  N11a1           0.49%    passed     99.93%
2749  N11a2           0.49%    passed     99.93%
2750  N11b            0.49%    passed     99.96%
2751  N13a            0.49%    passed     99.93%
2752  N13b            0.49%    passed    100.00%
2753  N14             0.49%    passed     99.97%
2754  N1a1a1a1a       0.48%    passed    100.00%
2755  N1a1a1a2        0.48%    passed    100.00%
2756  N1a1a1a3        0.48%    passed    100.00%
2757  N1a1a1b         0.48%    passed    100.00%
2758  N1a1a2          0.48%    passed    100.00%
2759  N1a1a3          0.48%    passed    100.00%
2760  N1a1b1a         0.48%    passed     99.99%
2761  N1a2            0.49%    passed     99.97%
2762  N1a3a1a         0.49%    passed    100.00%
2763  N1a3a2          0.49%    passed    100.00%
2764  N1a3a3          0.49%    passed     99.99%
2765  N1a3a4          0.49%    passed    100.00%
2766  N1b1a1          0.48%    passed     99.88%
2767  N1b1a2a         0.49%    passed     99.71%
2768  N1b1a2b         0.49%    passed     99.77%
2769  N1b1a3          0.49%    passed     99.87%
2770  N1b1a4a         0.49%    passed     99.77%
2771  N1b1a5          0.49%    passed     99.87%
2772  N1b1a6          0.49%    passed     99.83%
2773  N1b1a7          0.49%    passed     99.91%
2774  N1b1a8a         0.49%    passed     99.95%
2775  N1b1a8b         0.49%    passed     99.93%
2776  N1b1b1          0.49%    passed     99.82%
2777  N1b2            0.49%    passed     99.99%
2778  N21a            0.49%    passed     99.94%
2779  N21b            0.49%    passed     99.86%
2780  N22a            0.47%    passed     99.90%
2781  N22b            0.49%    passed    100.00%
2782  N22c            0.49%    passed     99.98%
2783  N2a1            0.49%    passed     99.97%
2784  N2a2            0.49%    passed     99.98%
2785  N3a1            0.49%    passed    100.00%
2786  N3b             0.49%    passed     99.99%
2787  N5a             0.49%    passed     99.99%
2788  N7a1            0.49%    passed     99.92%
2789  N7a2            0.49%    passed     99.95%
2790  N7b             0.49%    passed     99.85%
2791  N8a             0.49%    passed     99.99%
2792  N8b             0.49%    passed     99.91%
2793  N8c             0.49%    passed     99.97%
2794  N9a10a1         0.49%    passed     99.92%
2795  N9a10a2a        0.49%    passed     99.89%
2796  N9a10b          0.48%    passed     99.92%
2797  N9a10c          0.49%    passed     99.88%
2798  N9a10d          0.49%    passed     99.93%
2799  N9a10e          0.49%    passed     99.93%
2800  N9a10f          0.49%    passed     99.95%
2801  N9a11           0.49%    passed     99.99%
2802  N9a12           0.49%    passed     99.83%
2803  N9a1a           0.49%    passed     99.90%
2804  N9a1b           0.49%    passed     99.87%
2805  N9a2a1          0.49%    passed     99.99%
2806  N9a2a2          0.49%    passed     99.99%
2807  N9a2a3          0.49%    passed     99.99%
2808  N9a2b           0.49%    passed     99.99%
2809  N9a2c           0.49%    passed     99.97%
2810  N9a2d           0.49%    passed     99.98%
2811  N9a3a           0.49%    passed     99.92%
2812  N9a4a           0.49%    passed     99.83%
2813  N9a4b1          0.49%    passed     99.93%
2814  N9a5a           0.46%    passed    100.00%
2815  N9a6a           0.49%    passed     99.85%
2816  N9a6b           0.49%    passed     99.93%
2817  N9a7            0.49%    passed     99.86%
2818  N9a8a           0.49%    passed     99.93%
2819  N9a8b           0.49%    passed     99.83%
2820  N9a9a           0.47%    passed     99.87%
2821  N9b1a           0.49%    passed     99.98%
2822  N9b1b           0.49%    passed     99.92%
2823  N9b1c1          0.49%    passed     99.95%
2824  N9b2a           0.49%    passed     99.97%
2825  N9b3            0.49%    passed     99.98%
2826  N9b4            0.49%    passed     99.96%
2827  O1a             0.49%    passed     99.97%
2828  P10             0.49%    passed     99.99%
2829  P11             0.49%    passed     99.99%
2830  P12             0.49%    passed     99.99%
2831  P13             0.49%    passed     99.99%
2832  P1a             0.49%    passed     99.96%
2833  P1b             0.49%    passed    100.00%
2834  P1c             0.49%    passed     99.99%
2835  P1d1a           0.49%    passed     99.97%
2836  P1d1b           0.49%    passed     99.98%
2837  P1d2a           0.49%    passed     99.99%
2838  P1d2b           0.48%    passed    100.00%
2839  P1d2c           0.49%    passed     99.99%
2840  P1d3            0.49%    passed    100.00%
2841  P1d4            0.49%    passed     99.98%
2842  P1d5            0.49%    passed     99.99%
2843  P1e             0.49%    passed    100.00%
2844  P1f             0.49%    passed     99.99%
2845  P2a             0.49%    passed    100.00%
2846  P2b             0.49%    passed     99.98%
2847  P2c             0.49%    passed     99.97%
2848  P2d             0.49%    passed     99.97%
2849  P3a             0.49%    passed    100.00%
2850  P3b1            0.48%    passed     99.98%
2851  P3b2            0.48%    passed     99.96%
2852  P3b3            0.48%    passed    100.00%
2853  P4a1a           0.49%    passed     99.99%
2854  P4a1b           0.49%    passed     99.99%
2855  P4a1c           0.49%    passed    100.00%
2856  P4a1d           0.49%    passed     99.98%
2857  P4a2            0.49%    passed     99.99%
2858  P4a3            0.49%    passed     99.99%
2859  P4b1            0.49%    passed     99.96%
2860  P5              0.49%    passed     99.99%
2861  P6              0.49%    passed    100.00%
2862  P7              0.49%    passed     99.99%
2863  P8              0.49%    passed     99.98%
2864  P9a             0.49%    passed    100.00%
2865  Q1a1a1          0.49%    passed     99.99%
2866  Q1a1a2          0.49%    passed     99.94%
2867  Q1a1b           0.49%    passed     99.94%
2868  Q1b             0.49%    passed     99.92%
2869  Q1c1a           0.49%    passed     99.94%
2870  Q1c2a           0.49%    passed     99.84%
2871  Q1d             0.49%    passed     99.95%
2872  Q1e1a1          0.49%    passed    100.00%
2873  Q1e1b1          0.49%    passed    100.00%
2874  Q1e1b2          0.49%    passed    100.00%
2875  Q1e1c           0.49%    passed     99.99%
2876  Q1f1            0.49%    passed     99.89%
2877  Q1f2            0.49%    passed     99.99%
2878  Q1g             0.49%    passed    100.00%
2879  Q1h             0.49%    passed     99.98%
2880  Q1i             0.49%    passed     99.99%
2881  Q1j             0.54%    passed     99.99%
2882  Q1k             0.49%    passed     99.95%
2883  Q1l             0.49%    passed     99.95%
2884  Q1m             0.49%    passed     99.94%
2885  Q1n             0.49%    passed     99.97%
2886  Q1o             0.49%    passed     99.93%
2887  Q2a1            0.49%    passed    100.00%
2888  Q2a2a           0.49%    passed     99.99%
2889  Q2a2b           0.49%    passed     99.96%
2890  Q2a3a           0.49%    passed    100.00%
2891  Q2a3b           0.49%    passed     99.99%
2892  Q2a4a           0.49%    passed    100.00%
2893  Q2b             0.49%    passed    100.00%
2894  Q3a1a           0.49%    passed     99.99%
2895  Q3a2            0.48%    passed     99.99%
2896  Q3a3            0.49%    passed    100.00%
2897  Q3b             0.49%    passed     99.98%
2898  Q3c             0.49%    passed     99.98%
2899  R0a1a1a         0.49%    passed    100.00%
2900  R0a1a2          0.49%    passed    100.00%
2901  R0a1a3          0.49%    passed     99.99%
2902  R0a1a4          0.49%    passed    100.00%
2903  R0a1b           0.49%    passed     99.99%
2904  R0a2a1          0.48%    passed    100.00%
2905  R0a2b           0.48%    passed    100.00%
2906  R0a2c           0.48%    passed     99.99%
2907  R0a2d           0.48%    passed    100.00%
2908  R0a2e           0.48%    passed     99.99%
2909  R0a2f1a         0.48%    passed     99.99%
2910  R0a2f1b         0.48%    passed     99.99%
2911  R0a2g           0.48%    passed     99.99%
2912  R0a2h           0.48%    passed    100.00%
2913  R0a2i           0.48%    passed     99.99%
2914  R0a2j           0.48%    passed     99.98%
2915  R0a2k1          0.48%    passed     99.98%
2916  R0a2k2          0.48%    passed     99.95%
2917  R0a2l           0.49%    passed     99.99%
2918  R0a2m           0.48%    passed     99.99%
2919  R0a2n           0.48%    passed    100.00%
2920  R0a3a           0.48%    passed    100.00%
2921  R0a4            0.48%    passed    100.00%
2922  R0b             0.49%    passed     99.99%
2923  R10             0.49%    passed     99.98%
2924  R11a1           0.48%    passed     99.96%
2925  R11b1a          0.48%    passed     99.98%
2926  R11b1b          0.48%    passed     99.98%
2927  R11b2           0.48%    passed     99.98%
2928  R11b3           0.48%    passed     99.93%
2929  R11b4           0.48%    passed     99.90%
2930  R11b5           0.48%    passed     99.95%
2931  R11c            0.48%    passed     99.98%
2932  R11d            0.48%    passed     99.97%
2933  R12             0.49%    passed    100.00%
2934  R13             0.49%    passed     99.96%
2935  R14             0.48%    passed     99.91%
2936  R15             0.49%    passed    100.00%
2937  R16             0.49%    passed    100.00%
2938  R18             0.49%    passed    100.00%
2939  R19             0.49%    passed     99.98%
2940  R1a1a1a         0.49%    passed     99.78%
2941  R1a1a2          0.49%    passed     99.68%
2942  R1a1b           0.49%    passed     99.68%
2943  R1a1c           0.49%    passed     99.85%
2944  R1a1d           0.49%    passed     99.90%
2945  R1b1            0.49%    passed    100.00%
2946  R1b2            0.49%    passed    100.00%
2947  R20             0.49%    passed    100.00%
2948  R21             0.49%    passed     99.94%
2949  R22a            0.49%    passed     99.94%
2950  R22b            0.49%    passed     99.98%
2951  R22c            0.49%    passed     99.91%
2952  R22d            0.49%    passed     99.97%
2953  R22e            0.49%    passed     99.87%
2954  R22f            0.49%    passed     99.99%
2955  R22g            0.49%    passed     99.96%
2956  R23a            0.49%    passed     99.98%
2957  R24a            0.49%    passed     99.95%
2958  R25             0.49%    passed     99.99%
2959  R26             0.49%    passed     99.99%
2960  R27             0.49%    passed     99.99%
2961  R28             0.49%    passed    100.00%
2962  R29             0.49%    passed     99.99%
2963  R2a             0.49%    passed     99.94%
2964  R2b1            0.49%    passed     99.91%
2965  R2b2            0.49%    passed     99.94%
2966  R2c             0.48%    passed     99.96%
2967  R2d             0.49%    passed     99.99%
2968  R2e             0.49%    passed     99.99%
2969  R2f             0.49%    passed     99.94%
2970  R2g             0.49%    passed     99.99%
2971  R3              0.49%    passed    100.00%
2972  R30a1a          0.49%    passed     99.98%
2973  R30a1b1         0.49%    passed    100.00%
2974  R30a1b2         0.49%    passed     99.95%
2975  R30a1c          0.49%    passed     99.99%
2976  R30b1           0.49%    passed     99.96%
2977  R30b2a          0.49%    passed     99.98%
2978  R30c            0.49%    passed    100.00%
2979  R30d            0.49%    passed    100.00%
2980  R31a1           0.49%    passed    100.00%
2981  R31a2           0.49%    passed     99.99%
2982  R31b            0.49%    passed     99.95%
2983  R32a            0.54%    passed     99.99%
2984  R33             0.49%    passed    100.00%
2985  R34             0.49%    passed    100.00%
2986  R35             0.49%    passed    100.00%
2987  R36             0.49%    passed    100.00%
2988  R37             0.49%    passed     99.99%
2989  R38             0.49%    passed    100.00%
2990  R39             0.49%    passed    100.00%
2991  R4              0.50%    passed     99.99%
2992  R40             0.49%    passed    100.00%
2993  R41             0.49%    passed    100.00%
2994  R5a1a1          0.49%    passed     99.88%
2995  R5a2a           0.49%    passed     99.99%
2996  R5a2b1          0.48%    passed     99.98%
2997  R5a2b2          0.48%    passed     99.99%
2998  R5a2b3          0.48%    passed     99.99%
2999  R5a2b4          0.48%    passed     99.98%
3000  R6a1            0.49%    passed     99.99%
3001  R6a2a           0.49%    passed    100.00%
3002  R6a2b           0.49%    passed     99.91%
3003  R6b             0.49%    passed     99.99%
3004  R7a1a           0.49%    passed     99.96%
3005  R7a1b1          0.49%    passed     99.96%
3006  R7a1b2          0.49%    passed     99.98%
3007  R7b1a1          0.49%    passed     99.98%
3008  R7b2            0.49%    passed    100.00%
3009  R7c             0.49%    passed     99.99%
3010  R8a1a1a1a       0.49%    passed     99.98%
3011  R8a1a1a2        0.49%    passed    100.00%
3012  R8a1a1b         0.49%    passed    100.00%
3013  R8a1a1c         0.49%    passed    100.00%
3014  R8a1a1d         0.49%    passed    100.00%
3015  R8a1a2a         0.49%    passed     99.99%
3016  R8a1a3          0.49%    passed    100.00%
3017  R8a1b           0.49%    passed     99.99%
3018  R8a2            0.49%    passed     99.99%
3019  R8b1a           0.49%    passed    100.00%
3020  R8b2            0.48%    passed    100.00%
3021  R9b1a1a1        0.49%    passed    100.00%
3022  R9b1a1a2        0.49%    passed    100.00%
3023  R9b1a2a         0.49%    passed    100.00%
3024  R9b1a2b         0.49%    passed    100.00%
3025  R9b1a3          0.49%    passed    100.00%
3026  R9b1b           0.49%    passed    100.00%
3027  R9b1c           0.49%    passed    100.00%
3028  R9b1d           0.49%    passed    100.00%
3029  R9b1e           0.49%    passed    100.00%
3030  R9b1f           0.49%    passed     99.97%
3031  R9b1g           0.49%    passed    100.00%
3032  R9b2            0.49%    passed    100.00%
3033  R9b3            0.49%    passed    100.00%
3034  R9b4            0.49%    passed     99.99%
3035  R9c1a1          0.49%    passed    100.00%
3036  R9c1a2          0.49%    passed     99.99%
3037  R9c1a3          0.49%    passed     99.99%
3038  R9c1b1          0.49%    passed    100.00%
3039  R9c1b2          0.49%    passed    100.00%
3040  S1a1            0.49%    passed     99.99%
3041  S1b             0.49%    passed    100.00%
3042  S2              0.49%    passed     99.99%
3043  S3              0.48%    passed     99.96%
3044  S4              0.49%    passed     99.99%
3045  S5              0.49%    passed     99.93%
3046  T1a10a          0.49%    passed     99.99%
3047  T1a11           0.49%    passed     99.92%
3048  T1a12           0.49%    passed     99.98%
3049  T1a13           0.49%    passed     99.98%
3050  T1a14           0.49%    passed     99.98%
3051  T1a1a1          0.49%    passed    100.00%
3052  T1a1b1          0.49%    passed     99.95%
3053  T1a1c           0.49%    passed    100.00%
3054  T1a1d           0.49%    passed     99.99%
3055  T1a1e           0.49%    passed     99.99%
3056  T1a1f           0.49%    passed     99.97%
3057  T1a1g           0.49%    passed     99.98%
3058  T1a1h           0.49%    passed     99.99%
3059  T1a1i           0.49%    passed     99.98%
3060  T1a1j           0.49%    passed     99.99%
3061  T1a1k1          0.49%    passed     99.99%
3062  T1a1k2          0.49%    passed     99.99%
3063  T1a1l           0.49%    passed     99.98%
3064  T1a1m1          0.49%    passed     99.92%
3065  T1a1n           0.49%    passed     99.98%
3066  T1a1o           0.49%    passed     99.98%
3067  T1a1p           0.49%    passed     99.99%
3068  T1a1q           0.49%    passed     99.99%
3069  T1a1r           0.49%    passed     99.99%
3070  T1a2a           0.49%    passed     99.98%
3071  T1a2b           0.49%    passed     99.98%
3072  T1a3a           0.49%    passed     99.98%
3073  T1a4            0.49%    passed    100.00%
3074  T1a5a           0.49%    passed     99.99%
3075  T1a6            0.49%    passed     99.99%
3076  T1a7            0.49%    passed    100.00%
3077  T1a8a           0.49%    passed     99.96%
3078  T1a8b           0.49%    passed     99.93%
3079  T1a9            0.49%    passed     99.99%
3080  T1b1            0.49%    passed     99.99%
3081  T1b2            0.49%    passed    100.00%
3082  T1b3            0.49%    passed     99.99%
3083  T1b4            0.49%    passed     99.99%
3084  T2a1a1          0.49%    passed     99.99%
3085  T2a1a2          0.49%    passed    100.00%
3086  T2a1a3a         0.49%    passed    100.00%
3087  T2a1a5          0.49%    passed    100.00%
3088  T2a1a6          0.49%    passed    100.00%
3089  T2a1a7          0.49%    passed    100.00%
3090  T2a1a8          0.49%    passed    100.00%
3091  T2a1b1a1a1      0.49%    passed    100.00%
3092  T2a1b1a1a2      0.49%    passed     99.99%
3093  T2a1b1a1b1      0.49%    passed     99.99%
3094  T2a1b1a2        0.49%    passed    100.00%
3095  T2a1b2a         0.49%    passed    100.00%
3096  T2a1b2b         0.49%    passed    100.00%
3097  T2a2a           0.49%    passed    100.00%
3098  T2a3            0.49%    passed    100.00%
3099  T2b1            0.49%    passed     99.97%
3100  T2b10           0.49%    passed     99.94%
3101  T2b11           0.49%    passed     99.97%
3102  T2b13a          0.49%    passed     99.99%
3103  T2b13b          0.49%    passed     99.94%
3104  T2b15           0.54%    passed     99.99%
3105  T2b16           0.49%    passed     99.98%
3106  T2b17a          0.49%    passed     99.98%
3107  T2b19b          0.49%    passed     99.99%
3108  T2b21a          0.49%    passed    100.00%
3109  T2b21b          0.49%    passed     99.99%
3110  T2b22           0.49%    passed    100.00%
3111  T2b23a          0.49%    passed     99.98%
3112  T2b24a          0.49%    passed     99.97%
3113  T2b25           0.49%    passed     99.97%
3114  T2b26           0.49%    passed     99.99%
3115  T2b27           0.49%    passed     99.97%
3116  T2b28           0.49%    passed     99.94%
3117  T2b29           0.49%    passed     99.98%
3118  T2b2b1          0.49%    passed     99.99%
3119  T2b30           0.49%    passed     99.97%
3120  T2b31           0.49%    passed    100.00%
3121  T2b32           0.49%    passed     99.99%
3122  T2b33           0.49%    passed    100.00%
3123  T2b34           0.49%    passed     99.99%
3124  T2b35           0.49%    passed    100.00%
3125  T2b36a          0.49%    passed    100.00%
3126  T2b37           0.49%    passed     99.97%
3127  T2b3a1          0.48%    passed    100.00%
3128  T2b3a2          0.49%    passed    100.00%
3129  T2b3b           0.49%    passed    100.00%
3130  T2b3c           0.49%    passed    100.00%
3131  T2b3d           0.49%    passed     99.99%
3132  T2b3e           0.49%    passed     99.99%
3133  T2b4a1          0.49%    passed    100.00%
3134  T2b4b           0.49%    passed    100.00%
3135  T2b4c           0.49%    passed    100.00%
3136  T2b4d           0.49%    passed    100.00%
3137  T2b4e           0.49%    passed     99.99%
3138  T2b4f           0.49%    passed    100.00%
3139  T2b4g           0.49%    passed     99.99%
3140  T2b4h           0.49%    passed    100.00%
3141  T2b4i           0.49%    passed     99.98%
3142  T2b4j           0.49%    passed     99.98%
3143  T2b5a1          0.48%    passed     99.97%
3144  T2b6a           0.49%    passed     99.89%
3145  T2b6b           0.49%    passed     99.92%
3146  T2b7a1          0.49%    passed     99.98%
3147  T2b7a2          0.49%    passed     99.99%
3148  T2b7a3          0.49%    passed     99.97%
3149  T2b8            0.49%    passed     99.99%
3150  T2b9            0.49%    passed    100.00%
3151  T2c1a1          0.48%    passed     99.90%
3152  T2c1a2          0.48%    passed     99.95%
3153  T2c1a3          0.48%    passed     99.97%
3154  T2c1c1          0.49%    passed     99.98%
3155  T2c1c2          0.49%    passed    100.00%
3156  T2c1d1a         0.49%    passed     99.95%
3157  T2c1d2a         0.49%    passed    100.00%
3158  T2c1e           0.49%    passed     99.99%
3159  T2c1f           0.49%    passed     99.98%
3160  T2d1a           0.49%    passed    100.00%
3161  T2d1b1          0.49%    passed     99.99%
3162  T2d1b2          0.49%    passed    100.00%
3163  T2d2            0.49%    passed    100.00%
3164  T2e1a1a         0.49%    passed     99.96%
3165  T2e1a1b1        0.49%    passed     99.98%
3166  T2e1b1          0.49%    passed     99.99%
3167  T2e2a           0.49%    passed     99.96%
3168  T2e5            0.49%    passed     99.99%
3169  T2e6            0.49%    passed     99.99%
3170  T2e7            0.49%    passed    100.00%
3171  T2f1a1          0.54%    passed     99.97%
3172  T2f2            0.54%    passed     99.99%
3173  T2f3            0.54%    passed     99.97%
3174  T2f4            0.54%    passed     99.99%
3175  T2f5            0.54%    passed     99.99%
3176  T2f6            0.54%    passed     99.98%
3177  T2f7a           0.54%    passed     99.97%
3178  T2f8a           0.54%    passed     99.99%
3179  T2g1a1          0.49%    passed    100.00%
3180  T2g1b           0.49%    passed    100.00%
3181  T2g2a           0.49%    passed    100.00%
3182  T2h1            0.49%    passed    100.00%
3183  T2h2            0.49%    passed    100.00%
3184  T2i1            0.49%    passed    100.00%
3185  T2i2            0.49%    passed     99.99%
3186  T2j1            0.49%    passed     99.99%
3187  T2k             0.49%    passed     99.99%
3188  T2l             0.49%    passed    100.00%
3189  T2m             0.49%    passed    100.00%
3190  T2n             0.49%    passed    100.00%
3191  T3              0.49%    passed    100.00%
3192  U1a1a1a         0.47%    passed    100.00%
3193  U1a1a2          0.48%    passed    100.00%
3194  U1a1a3          0.47%    passed     99.99%
3195  U1a1b           0.49%    passed     99.99%
3196  U1a1c1a         0.49%    passed    100.00%
3197  U1a1c1b         0.49%    passed    100.00%
3198  U1a1c1c1        0.49%    passed     99.98%
3199  U1a1c1d1        0.49%    passed     99.97%
3200  U1a1c2          0.49%    passed     99.96%
3201  U1a1d           0.49%    passed    100.00%
3202  U1a2a           0.48%    passed    100.00%
3203  U1a3            0.49%    passed    100.00%
3204  U1b1            0.49%    passed    100.00%
3205  U1b2            0.49%    passed     99.99%
3206  U1b3            0.49%    passed     99.99%
3207  U2a1a           0.49%    passed     99.97%
3208  U2a1b1          0.49%    passed     99.95%
3209  U2a2            0.49%    passed    100.00%
3210  U2b1a1          0.49%    passed     99.99%
3211  U2b1b           0.49%    passed     99.99%
3212  U2b2            0.49%    passed    100.00%
3213  U2b3            0.49%    passed     99.96%
3214  U2b4            0.49%    passed     99.99%
3215  U2c1a1          0.49%    passed     99.96%
3216  U2c1b1          0.49%    passed     99.94%
3217  U2d1            0.49%    passed     99.89%
3218  U2d2a           0.49%    passed     99.98%
3219  U2d3            0.49%    passed     99.89%
3220  U2e1a1a         0.49%    passed     99.74%
3221  U2e1a1b         0.49%    passed     99.67%
3222  U2e1a1c         0.49%    passed     99.67%
3223  U2e1b1          0.49%    passed     99.85%
3224  U2e1b2          0.48%    passed     99.87%
3225  U2e1b3          0.49%    passed     99.91%
3226  U2e1b4          0.49%    passed     99.83%
3227  U2e1c1          0.49%    passed     99.85%
3228  U2e1d           0.49%    passed     99.81%
3229  U2e1e           0.49%    passed     99.89%
3230  U2e1f1          0.49%    passed     99.44%
3231  U2e1g           0.49%    passed     99.70%
3232  U2e1h1          0.49%    passed     99.84%
3233  U2e2a1a1        0.49%    passed     99.52%
3234  U2e2a1a2        0.49%    passed     99.68%
3235  U2e2a1b         0.49%    passed     99.52%
3236  U2e2a1c         0.49%    passed     99.68%
3237  U2e2a1d         0.49%    passed     99.75%
3238  U2e3a           0.49%    passed     99.70%
3239  U2e4            0.49%    passed     99.74%
3240  U2e5            0.49%    passed     99.94%
3241  U3a1a1          0.49%    passed     99.99%
3242  U3a1b           0.49%    passed     99.97%
3243  U3a1c1          0.49%    passed     99.97%
3244  U3a2a1a         0.49%    passed     99.90%
3245  U3a3            0.49%    passed     99.98%
3246  U3a4            0.49%    passed     99.87%
3247  U3b1a1          0.49%    passed     99.86%
3248  U3b1b           0.49%    passed     99.86%
3249  U3b2a1a         0.49%    passed     99.93%
3250  U3b2b           0.49%    passed     99.94%
3251  U3b2c           0.49%    passed     99.97%
3252  U3b3            0.49%    passed     99.94%
3253  U3c1            0.49%    passed     99.93%
3254  U4a1a1          0.48%    passed     99.98%
3255  U4a1a2          0.49%    passed     99.99%
3256  U4a1a3          0.49%    passed     99.98%
3257  U4a1b1a         0.49%    passed     99.98%
3258  U4a1b2          0.49%    passed     99.96%
3259  U4a1c           0.49%    passed     99.98%
3260  U4a1d           0.49%    passed     99.98%
3261  U4a1e           0.49%    passed     99.98%
3262  U4a2a1          0.49%    passed     99.99%
3263  U4a2a2          0.49%    passed    100.00%
3264  U4a2a3          0.49%    passed     99.99%
3265  U4a2b           0.49%    passed     99.99%
3266  U4a2c1          0.49%    passed     99.99%
3267  U4a2d           0.49%    passed     99.99%
3268  U4a2e           0.49%    passed     99.99%
3269  U4a2f           0.49%    passed     99.98%
3270  U4a2g           0.49%    passed     99.99%
3271  U4a2h1          0.49%    passed    100.00%
3272  U4a3a           0.49%    passed     99.98%
3273  U4b1a1a1        0.49%    passed     99.91%
3274  U4b1a2a         0.49%    passed    100.00%
3275  U4b1a2b         0.49%    passed     99.97%
3276  U4b1a3a         0.49%    passed     99.92%
3277  U4b1a4          0.49%    passed     99.98%
3278  U4b1b1a         0.49%    passed     99.96%
3279  U4b1b1b         0.49%    passed     99.72%
3280  U4b1b1c         0.49%    passed     99.91%
3281  U4b1b1d         0.49%    passed     99.97%
3282  U4b1b1e         0.49%    passed     99.91%
3283  U4b1b2          0.49%    passed     99.97%
3284  U4b2a1a         0.49%    passed     99.98%
3285  U4b3            0.49%    passed     99.98%
3286  U4c1a           0.49%    passed     99.94%
3287  U4c2a           0.49%    passed     99.99%
3288  U4d1a1a         0.48%    passed     99.98%
3289  U4d1b           0.48%    passed     99.98%
3290  U4d2            0.48%    passed     99.99%
3291  U4d3            0.47%    passed     99.97%
3292  U5a1a1a         0.49%    passed     99.93%
3293  U5a1a1b         0.49%    passed     99.98%
3294  U5a1a1c         0.49%    passed     99.93%
3295  U5a1a1d1        0.49%    passed     99.96%
3296  U5a1a1e         0.49%    passed     99.96%
3297  U5a1a1g         0.49%    passed     99.96%
3298  U5a1a1h         0.49%    passed     99.97%
3299  U5a1a1i         0.49%    passed     99.97%
3300  U5a1a2a1a       0.48%    passed     99.89%
3301  U5a1a2b1        0.48%    passed     99.99%
3302  U5a1b1a1        0.49%    passed     99.93%
3303  U5a1b1a2        0.49%    passed     99.97%
3304  U5a1b1b1        0.49%    passed     99.96%
3305  U5a1b1c1        0.49%    passed     99.97%
3306  U5a1b1c2        0.49%    passed     99.98%
3307  U5a1b1d1        0.49%    passed     99.90%
3308  U5a1b1e         0.49%    passed     99.90%
3309  U5a1b1f         0.49%    passed     99.97%
3310  U5a1b1g         0.49%    passed     99.95%
3311  U5a1b1h         0.49%    passed     99.90%
3312  U5a1b2          0.49%    passed     99.91%
3313  U5a1b3a1        0.49%    passed     99.93%
3314  U5a1b4          0.49%    passed     99.93%
3315  U5a1c1a         0.49%    passed     99.93%
3316  U5a1c2a1        0.49%    passed     99.91%
3317  U5a1d1          0.49%    passed     99.97%
3318  U5a1d2a1        0.48%    passed     99.99%
3319  U5a1d2b         0.48%    passed     99.99%
3320  U5a1e           0.49%    passed     99.96%
3321  U5a1f1a1        0.49%    passed    100.00%
3322  U5a1f2          0.49%    passed     99.99%
3323  U5a1g1          0.49%    passed     99.97%
3324  U5a1g2          0.49%    passed     99.96%
3325  U5a1h           0.49%    passed     99.92%
3326  U5a1i1          0.49%    passed     99.93%
3327  U5a1j           0.49%    passed     99.96%
3328  U5a2a1a         0.49%    passed     99.99%
3329  U5a2a1b1        0.49%    passed    100.00%
3330  U5a2a1c         0.49%    passed     99.97%
3331  U5a2a1d         0.49%    passed     99.99%
3332  U5a2a1e         0.49%    passed     99.99%
3333  U5a2a2a         0.49%    passed     99.98%
3334  U5a2b1a         0.48%    passed    100.00%
3335  U5a2b1b         0.48%    passed     99.99%
3336  U5a2b1c         0.48%    passed    100.00%
3337  U5a2b1d         0.48%    passed     99.98%
3338  U5a2b2a1        0.54%    passed     99.97%
3339  U5a2b3a1        0.49%    passed     99.97%
3340  U5a2b4a         0.49%    passed     99.98%
3341  U5a2b5          0.49%    passed     99.99%
3342  U5a2c1          0.49%    passed     99.97%
3343  U5a2c2          0.49%    passed     99.98%
3344  U5a2c3a         0.49%    passed    100.00%
3345  U5a2c4          0.49%    passed     99.98%
3346  U5a2d1a         0.49%    passed     99.99%
3347  U5a2e           0.49%    passed    100.00%
3348  U5b1a           0.49%    passed     99.99%
3349  U5b1b1a1a1      0.49%    passed     99.99%
3350  U5b1b1a1b       0.49%    passed    100.00%
3351  U5b1b1a2        0.49%    passed     99.98%
3352  U5b1b1a3        0.49%    passed     99.99%
3353  U5b1b1b         0.49%    passed     99.98%
3354  U5b1b1d         0.49%    passed    100.00%
3355  U5b1b1e         0.49%    passed     99.99%
3356  U5b1b1f         0.49%    passed     99.98%
3357  U5b1b1g1a       0.49%    passed     99.93%
3358  U5b1b2a         0.48%    passed     99.99%
3359  U5b1b2b         0.48%    passed    100.00%
3360  U5b1c1a1        0.49%    passed    100.00%
3361  U5b1c2a         0.49%    passed     99.99%
3362  U5b1c2b         0.49%    passed    100.00%
3363  U5b1d1a         0.49%    passed    100.00%
3364  U5b1d1b         0.49%    passed    100.00%
3365  U5b1d1c         0.49%    passed     99.97%
3366  U5b1d2          0.49%    passed     99.98%
3367  U5b1e1a         0.49%    passed     99.96%
3368  U5b1e2          0.49%    passed     99.97%
3369  U5b1f1a         0.49%    passed     99.99%
3370  U5b1g           0.48%    passed    100.00%
3371  U5b1h           0.49%    passed     99.98%
3372  U5b1i           0.49%    passed     99.99%
3373  U5b2a1a1a       0.49%    passed     99.98%
3374  U5b2a1a1b       0.49%    passed     99.96%
3375  U5b2a1a1d       0.49%    passed     99.94%
3376  U5b2a1a2        0.49%    passed     99.96%
3377  U5b2a1b         0.49%    passed     99.98%
3378  U5b2a2a1        0.49%    passed     99.99%
3379  U5b2a2a2        0.49%    passed    100.00%
3380  U5b2a2b1        0.49%    passed     99.97%
3381  U5b2a2c         0.49%    passed     99.99%
3382  U5b2a2d         0.49%    passed     99.99%
3383  U5b2a3a         0.49%    passed     99.99%
3384  U5b2a4a         0.49%    passed     99.98%
3385  U5b2a5a         0.49%    passed     99.94%
3386  U5b2a6          0.49%    passed     99.96%
3387  U5b2b1a1        0.49%    passed     99.93%
3388  U5b2b1a2        0.49%    passed     99.92%
3389  U5b2b1b         0.49%    passed     99.97%
3390  U5b2b2          0.49%    passed     99.95%
3391  U5b2b3a1a       0.49%    passed     99.87%
3392  U5b2b3b         0.49%    passed     99.87%
3393  U5b2b4a         0.49%    passed     99.93%
3394  U5b2b5          0.49%    passed     99.93%
3395  U5b2c1          0.48%    passed     99.93%
3396  U5b2c2a         0.48%    passed     99.87%
3397  U5b2c2b         0.48%    passed     99.82%
3398  U5b3a1a         0.49%    passed     99.99%
3399  U5b3a1b         0.49%    passed    100.00%
3400  U5b3a2          0.49%    passed    100.00%
3401  U5b3b1          0.49%    passed    100.00%
3402  U5b3b2          0.49%    passed     99.99%
3403  U5b3c           0.49%    passed    100.00%
3404  U5b3d           0.49%    passed    100.00%
3405  U5b3e           0.49%    passed    100.00%
3406  U5b3f           0.49%    passed    100.00%
3407  U5b3g           0.49%    passed    100.00%
3408  U5b3h           0.49%    passed    100.00%
3409  U6a1a1          0.49%    passed     99.95%
3410  U6a1a2          0.49%    passed     99.99%
3411  U6a1b1a         0.49%    passed     99.91%
3412  U6a1b1b         0.49%    passed     99.93%
3413  U6a1b2          0.49%    passed     99.96%
3414  U6a1b3          0.49%    passed     99.91%
3415  U6a1b4          0.49%    passed     99.75%
3416  U6a2a1          0.49%    passed     99.98%
3417  U6a2a2a         0.49%    passed     99.97%
3418  U6a2b1          0.49%    passed     99.99%
3419  U6a2c           0.49%    passed    100.00%
3420  U6a3a1a         0.49%    passed    100.00%
3421  U6a3a2a         0.49%    passed    100.00%
3422  U6a3b1          0.49%    passed     99.98%
3423  U6a3c           0.49%    passed     99.97%
3424  U6a3d1a         0.49%    passed     99.97%
3425  U6a3e           0.49%    passed     99.99%
3426  U6a3f1          0.49%    passed     99.99%
3427  U6a3f2          0.49%    passed     99.99%
3428  U6a3g           0.49%    passed    100.00%
3429  U6a4            0.49%    passed     99.98%
3430  U6a5a1          0.49%    passed     99.99%
3431  U6a5b           0.49%    passed     99.98%
3432  U6a5c           0.49%    passed    100.00%
3433  U6a5d           0.49%    passed    100.00%
3434  U6a6a1          0.49%    passed     99.97%
3435  U6a6b1          0.49%    passed    100.00%
3436  U6a6b2          0.49%    passed     99.96%
3437  U6a7a1a         0.49%    passed     99.98%
3438  U6a7a1b         0.49%    passed     99.99%
3439  U6a7a1c         0.49%    passed     99.98%
3440  U6a7a2a         0.49%    passed     99.98%
3441  U6a7b1          0.48%    passed     99.99%
3442  U6a7c1          0.49%    passed    100.00%
3443  U6a8a           0.49%    passed     99.99%
3444  U6a8b           0.49%    passed     99.99%
3445  U6b1a1          0.49%    passed    100.00%
3446  U6b1b           0.49%    passed    100.00%
3447  U6b2            0.49%    passed     99.99%
3448  U6b3a           0.49%    passed     99.98%
3449  U6c1            0.49%    passed     99.99%
3450  U6c2            0.49%    passed     99.96%
3451  U6d1a           0.49%    passed     99.99%
3452  U6d1b           0.49%    passed     99.98%
3453  U6d2            0.49%    passed     99.98%
3454  U6d3a           0.49%    passed     99.89%
3455  U7a1a           0.49%    passed     99.88%
3456  U7a2a           0.49%    passed     99.91%
3457  U7a2b           0.49%    passed     99.99%
3458  U7a3a1          0.49%    passed     99.98%
3459  U7a3a2          0.49%    passed     99.96%
3460  U7a3b           0.49%    passed     99.95%
3461  U7a4a1a         0.49%    passed     99.97%
3462  U7a5            0.48%    passed     99.94%
3463  U7a6            0.49%    passed     99.96%
3464  U7a7            0.49%    passed     99.96%
3465  U7a8            0.49%    passed     99.91%
3466  U7b1            0.49%    passed     99.97%
3467  U7b2            0.49%    passed     99.98%
3468  U7b3            0.49%    passed     99.98%
3469  U8a1a1a1        0.49%    passed     99.89%
3470  U8a1a1b1        0.49%    passed     99.96%
3471  U8a1a2          0.49%    passed     99.96%
3472  U8a1a3          0.49%    passed     99.99%
3473  U8a1a4          0.49%    passed     99.93%
3474  U8a1b           0.49%    passed     99.98%
3475  U8a2            0.49%    passed     99.98%
3476  U8b1a1          0.49%    passed    100.00%
3477  U8b1a2a         0.49%    passed     99.99%
3478  U8b1a2b1        0.49%    passed    100.00%
3479  U8b1b1          0.49%    passed     99.99%
3480  U8b1b2          0.49%    passed     99.98%
3481  U8b1b3          0.49%    passed     99.98%
3482  U8b1b4          0.49%    passed     99.99%
3483  U8c             0.49%    passed     99.96%
3484  U9a1            0.49%    passed    100.00%
3485  U9b1            0.48%    passed     99.99%
3486  V10a            0.49%    passed    100.00%
3487  V10b1           0.49%    passed    100.00%
3488  V10b2           0.49%    passed    100.00%
3489  V11             0.49%    passed    100.00%
3490  V12             0.49%    passed    100.00%
3491  V13             0.49%    passed    100.00%
3492  V14             0.49%    passed    100.00%
3493  V15a            0.49%    passed    100.00%
3494  V16             0.49%    passed    100.00%
3495  V17             0.49%    passed    100.00%
3496  V18a            0.49%    passed    100.00%
3497  V19             0.49%    passed    100.00%
3498  V1a1a1          0.49%    passed     99.99%
3499  V1a1b           0.49%    passed    100.00%
3500  V1b             0.49%    passed    100.00%
3501  V20             0.49%    passed     99.99%
3502  V21             0.49%    passed     99.99%
3503  V22             0.49%    passed    100.00%
3504  V23             0.49%    passed    100.00%
3505  V24             0.49%    passed    100.00%
3506  V25             0.49%    passed    100.00%
3507  V26             0.49%    passed    100.00%
3508  V27             0.49%    passed    100.00%
3509  V28             0.49%    passed    100.00%
3510  V29             0.49%    passed    100.00%
3511  V2a1a           0.49%    passed     99.99%
3512  V2b1            0.49%    passed    100.00%
3513  V2b2            0.49%    passed    100.00%
3514  V2c             0.49%    passed    100.00%
3515  V30             0.49%    passed     99.97%
3516  V31             0.49%    passed     99.95%
3517  V3a1            0.49%    passed     99.99%
3518  V3b             0.49%    passed    100.00%
3519  V3c             0.49%    passed    100.00%
3520  V4              0.49%    passed    100.00%
3521  V5              0.49%    passed    100.00%
3522  V6              0.49%    passed    100.00%
3523  V7a1            0.49%    passed    100.00%
3524  V7b             0.49%    passed     99.98%
3525  V8              0.49%    passed    100.00%
3526  V9a1            0.49%    passed    100.00%
3527  V9a2            0.49%    passed    100.00%
3528  W1a             0.49%    passed     99.97%
3529  W1b1            0.49%    passed     99.99%
3530  W1c1            0.49%    passed    100.00%
3531  W1d             0.49%    passed     99.97%
3532  W1e1a           0.49%    passed     99.99%
3533  W1f             0.49%    passed     99.98%
3534  W1g             0.49%    passed     99.96%
3535  W1h1            0.49%    passed     99.92%
3536  W1i             0.49%    passed     99.98%
3537  W3a1a1          0.49%    passed     99.98%
3538  W3a1a2          0.49%    passed     99.99%
3539  W3a1a3          0.49%    passed     99.99%
3540  W3a1a4          0.49%    passed     99.98%
3541  W3a1b1          0.49%    passed    100.00%
3542  W3a1c           0.49%    passed     99.98%
3543  W3a1d           0.49%    passed    100.00%
3544  W3a2a           0.49%    passed     99.97%
3545  W3b1            0.49%    passed     99.93%
3546  W4a1            0.49%    passed     99.93%
3547  W4b             0.49%    passed     99.91%
3548  W4c             0.49%    passed     99.91%
3549  W4d             0.49%    passed     99.93%
3550  W5a1a1a         0.48%    passed    100.00%
3551  W5a2b           0.49%    passed     99.99%
3552  W5b1a           0.49%    passed     99.97%
3553  W6a             0.49%    passed     99.99%
3554  W6b1            0.49%    passed     99.98%
3555  W6c1a           0.49%    passed     99.97%
3556  W6d             0.49%    passed     99.98%
3557  W7              0.49%    passed     99.95%
3558  W8              0.49%    passed     99.91%
3559  W9              0.49%    passed     99.96%
3560  X1a             0.49%    passed     99.96%
3561  X1c             0.49%    passed     99.99%
3562  X2a1a1          0.49%    passed     99.99%
3563  X2a1b1a         0.49%    passed     99.96%
3564  X2a1c           0.49%    passed     99.98%
3565  X2a2            0.49%    passed    100.00%
3566  X2b1            0.49%    passed     99.98%
3567  X2b10a          0.49%    passed     99.99%
3568  X2b11           0.49%    passed     99.99%
3569  X2b12           0.49%    passed     99.99%
3570  X2b13           0.49%    passed     99.98%
3571  X2b2            0.49%    passed    100.00%
3572  X2b3            0.49%    passed     99.99%
3573  X2b4a1          0.49%    passed     99.96%
3574  X2b5            0.49%    passed     99.99%
3575  X2b6a           0.49%    passed     99.99%
3576  X2b7            0.49%    passed    100.00%
3577  X2b8            0.49%    passed     99.99%
3578  X2b9            0.49%    passed     99.99%
3579  X2c1a           0.49%    passed    100.00%
3580  X2c1b           0.49%    passed     99.99%
3581  X2c1c1          0.49%    passed    100.00%
3582  X2c1d           0.49%    passed    100.00%
3583  X2c1e           0.49%    passed    100.00%
3584  X2c2            0.49%    passed    100.00%
3585  X2d1a           0.49%    passed     99.98%
3586  X2d1b           0.49%    passed    100.00%
3587  X2d2            0.49%    passed    100.00%
3588  X2e1a1          0.49%    passed    100.00%
3589  X2e1b           0.49%    passed    100.00%
3590  X2e2a1          0.49%    passed     99.98%
3591  X2e2a2          0.49%    passed    100.00%
3592  X2e2b1          0.49%    passed    100.00%
3593  X2e2c1          0.48%    passed    100.00%
3594  X2f1            0.49%    passed     99.98%
3595  X2g             0.49%    passed     99.99%
3596  X2h             0.49%    passed    100.00%
3597  X2i1            0.49%    passed     99.98%
3598  X2j             0.48%    passed    100.00%
3599  X2k             0.49%    passed     99.99%
3600  X2l             0.49%    passed    100.00%
3601  X2m1            0.49%    passed    100.00%
3602  X2m2            0.49%    passed    100.00%
3603  X2n             0.49%    passed     99.99%
3604  X2o1            0.49%    passed    100.00%
3605  X2p1            0.49%    passed     99.99%
3606  X3a1            0.49%    passed    100.00%
3607  X4              0.49%    passed    100.00%
3608  Y1a1a           0.49%    passed     99.99%
3609  Y1a2            0.49%    passed    100.00%
3610  Y1b1a           0.49%    passed    100.00%
3611  Y1c             0.49%    passed     99.99%
3612  Y1d             0.49%    passed     99.99%
3613  Y2a1a           0.49%    passed     99.98%
3614  Y2b             0.49%    passed    100.00%
3615  Y2c             0.49%    passed    100.00%
3616  Z1a1a           0.49%    passed    100.00%
3617  Z1a1b           0.49%    passed     99.99%
3618  Z1a2a           0.49%    passed    100.00%
3619  Z1a3            0.49%    passed    100.00%
3620  Z1a4            0.49%    passed    100.00%
3621  Z2              0.49%    passed     99.98%
3622  Z3a1a           0.49%    passed     99.99%
3623  Z3a2            0.49%    passed     99.92%
3624  Z3a3            0.49%    passed     99.98%
3625  Z3b             0.49%    passed    100.00%
3626  Z3c             0.49%    passed    100.00%
3627  Z3d             0.49%    passed    100.00%
3628  Z3e             0.49%    passed    100.00%
3629  Z3f             0.49%    passed     99.98%
3630  Z3g             0.49%    passed    100.00%
3631  Z3h             0.49%    passed    100.00%
3632  Z3i             0.49%    passed     99.99%
3633  Z3j             0.49%    passed    100.00%
3634  Z3k             0.49%    passed    100.00%
3635  Z3l             0.49%    passed     99.99%
3636  Z4a1a1          0.50%    passed     99.85%
3637  Z5              0.49%    passed     99.98%
3638  Z6              0.49%    passed    100.00%
3639  Z7              0.50%    passed    100.00%
3640  Z8              0.49%    passed     99.97%
3641  Z9              0.49%    passed     99.99%
****  TOTAL           0.49%  0 sequences failed composition chi2 test (p-value<5%; df=3)
Checking for duplicate sequences: done in 0.0224105 secs using 617.4% CPU
Reading input tree file /mnt/f/OneDrive/文档（科研）/脚本/Download/10-mtDNA/12-单倍群年龄估计/output/stage_2/intermediate/ml/phylotree_fixed.nwk ... rooted tree

NOTE: 2130 MB RAM (2 GB) is required!
Estimate model parameters (epsilon = 0.010)
1. Initial log-likelihood: -1298052.826
2. Current log-likelihood: -161459.710
3. Current log-likelihood: -161064.217
4. Current log-likelihood: -160946.594
5. Current log-likelihood: -160897.638
6. Current log-likelihood: -160877.892
7. Current log-likelihood: -160871.132
8. Current log-likelihood: -160869.040
9. Current log-likelihood: -160868.132
10. Current log-likelihood: -160867.995
11. Current log-likelihood: -160867.978
12. Current log-likelihood: -160867.961
Optimal log-likelihood: -160867.955
Rate parameters:  A-C: 1.20504  A-G: 42.09684  A-T: 0.85315  C-G: 1.08657  C-T: 95.02162  G-T: 1.00000
Base frequencies:  A: 0.309  C: 0.313  G: 0.131  T: 0.247
Gamma shape alpha: 0.172
Parameters optimization took 12 rounds (55.469 sec)
Wrote distance file to... 
BEST SCORE FOUND : -160867.955
Total tree length: 4.554

Total number of iterations: 0
CPU time used for tree search: 0.000 sec (0h:0m:0s)
Wall-clock time used for tree search: 0.000 sec (0h:0m:0s)
Total CPU time used: 452.282 sec (0h:7m:32s)
Total wall-clock time used: 55.576 sec (0h:0m:55s)

Analysis results written to: 
  IQ-TREE report:                /mnt/f/OneDrive/文档（科研）/脚本/Download/10-mtDNA/12-单倍群年龄估计/output/stage_2/intermediate/ml/anc_tree.iqtree
  Maximum-likelihood tree:       /mnt/f/OneDrive/文档（科研）/脚本/Download/10-mtDNA/12-单倍群年龄估计/output/stage_2/intermediate/ml/anc_tree.treefile
  Screen log file:               /mnt/f/OneDrive/文档（科研）/脚本/Download/10-mtDNA/12-单倍群年龄估计/output/stage_2/intermediate/ml/anc_tree.log

Date and Time: Wed Apr 29 09:05:53 2026
