IQ-TREE version 3.1.2 for Linux x86 64-bit built May  7 2026
Developed by Bui Quang Minh, Thomas Wong, Nhan Ly-Trong, Huaiyan Ren
Contributed by Lam-Tung Nguyen, Dominik Schrempf, Chris Bielow,
Olga Chernomor, Michael Woodhams, Diep Thi Hoang, Heiko Schmidt

Host:    Giantwhite-Biglin (AVX2, FMA3, 47 GB RAM)
Command: /mnt/f/Onedrive/文档（科研）/脚本/Download/18-phylogenetic/7-大树BEASTv10方法/bin/iqtree3_intel -s temp/1-lsd2/lsd2_input/mtDNA.tree_tips.fasta -te input/mtDNA.reroot.IQTREE.tree --tree-fix --date output/1-lsd2/1-table/lsd2_dates.txt --date-tip 0 --date-root -180000 -m GTR+G -T 16 --prefix temp/1-lsd2/lsd2/lsd -redo -o RSRS --date-options -l 0
Seed:    924863 (Using SPRNG - Scalable Parallel Random Number Generator)
Time:    Thu Jun  4 11:24:35 2026
Kernel:  AVX+FMA - 16 threads (24 CPU cores detected)

Reading alignment file temp/1-lsd2/lsd2_input/mtDNA.tree_tips.fasta ... Fasta format detected
Reading fasta file: done in 3.68381 secs using 19.2% CPU
Alignment most likely contains DNA/RNA sequences
Constructing alignment: done in 1.51406 secs using 256.6% CPU
WARNING: 694 sites contain only gaps or ambiguous characters.
Alignment has 7852 sequences with 17590 columns, 6181 distinct patterns
3845 parsimony-informative, 1488 singleton sites, 12257 constant sites
                 Gap/Ambiguity  Composition  p-value
Analyzing sequences: done in 0.0283802 secs using 1527% CPU
   1  PV695736           4.53%    passed     99.96%
   2  SCsq0085           4.53%    passed     99.92%
   3  MH449275           4.53%    passed     99.96%
   4  KT726002           4.53%    passed     99.97%
   5  MH449268           4.53%    passed     99.96%
   6  HG01311            4.53%    passed     99.96%
   7  PX366774           4.53%    passed     99.98%
   8  KT213788           4.53%    passed     99.93%
   9  JN038392           4.53%    passed    100.00%
  10  HGDP00872          4.53%    passed    100.00%
  11  EF153824           4.53%    passed     99.81%
  12  KF056315           4.53%    passed     99.93%
  13  JF824895           4.53%    passed    100.00%
  14  KT725998           4.54%    passed     99.99%
  15  KT726099           4.54%    passed     99.97%
  16  KU683204           4.53%    passed     99.95%
  17  KT213750           4.53%    passed     99.93%
  18  MT419333           4.53%    passed    100.00%
  19  MF523069           4.53%    passed     99.99%
  20  PV695782           4.53%    passed     99.99%
  21  PX366812           4.53%    passed     99.96%
  22  HG03888            4.53%    passed     99.99%
  23  NA18579            4.53%    passed     99.97%
  24  KU683411           4.53%    passed     99.95%
  25  FJ748724           4.54%    passed     99.75%
  26  KF056305           4.53%    passed     99.92%
  27  KU682910           4.54%    passed     99.91%
  28  MH449351           4.53%    passed     99.88%
  29  AP008741           4.53%    passed     99.82%
  30  AP010699           4.53%    passed     99.97%
  31  KT726123           4.54%    passed     99.95%
  32  GQ895147           4.54%    passed     99.95%
  33  KF056299           4.54%    passed    100.00%
  34  HGDP01318          4.53%    passed     99.95%
  35  MT419147           4.53%    passed     99.94%
  36  MG273100           4.53%    passed    100.00%
  37  HG00732            4.53%    passed     99.92%
  38  NA18632            4.54%    passed     99.98%
  39  KU683121           4.54%    passed     99.95%
  40  KT726001           4.54%    passed     99.94%
  41  KU683413           4.54%    passed     99.95%
  42  HG00634            4.54%    passed     99.91%
  43  HG02261            4.53%    passed     99.99%
  44  HM036549           4.53%    passed     99.94%
  45  KT213829           4.53%    passed     99.92%
  46  KF056308           4.53%    passed     99.95%
  47  HQ012081           4.53%    passed     99.96%
  48  AP010675           4.53%    passed     99.95%
  49  KF540788           4.54%    passed     99.97%
  50  MT419080           4.53%    passed     99.96%
  51  EF153814           4.53%    passed    100.00%
  52  KX457045           4.53%    passed     99.90%
  53  NA19774            4.53%    passed     99.96%
  54  EF153819           4.53%    passed     99.93%
  55  NA18615            4.53%    passed     99.95%
  56  KU683168           4.53%    passed     99.95%
  57  KT213791           4.54%    passed     99.90%
  58  GQ895144           4.53%    passed     99.98%
  59  KF540659           4.54%    passed     99.97%
  60  KT726132           4.53%    passed     99.95%
  61  HG00656            4.54%    passed     99.95%
  62  MH449339           4.53%    passed     99.88%
  63  AP008617           4.53%    passed     99.99%
  64  NA19651            4.53%    passed     99.94%
  65  PV695967           4.54%    passed     99.93%
  66  HG01187            4.53%    passed     99.95%
  67  HG00553            4.53%    passed     99.92%
  68  PV695861           4.53%    passed     99.93%
  69  HG01567            4.54%    passed     99.97%
  70  KF056303           4.53%    passed     99.99%
  71  AY963575           4.53%    passed     99.92%
  72  PV695769           4.53%    passed     99.79%
  73  AP013225           4.53%    passed     99.98%
  74  MH449393           4.53%    passed     99.98%
  75  HQ012049           4.53%    passed     99.98%
  76  KF056302           4.53%    passed     99.99%
  77  HG03795            4.53%    passed     99.98%
  78  KU683393           4.53%    passed     99.75%
  79  PV695680           4.54%    passed     99.92%
  80  HM852850           4.53%    passed     99.97%
  81  KT726133           4.53%    passed     99.89%
  82  KU683494           4.53%    passed     99.95%
  83  EF153791           4.53%    passed     99.92%
  84  EF153787           4.53%    passed     99.98%
  85  KT213743           4.53%    passed     99.96%
  86  KT725873           4.53%    passed     99.98%
  87  GQ895168           4.54%    passed     99.98%
  88  MH449372           4.53%    passed     99.95%
  89  HG00639            4.53%    passed     99.85%
  90  EF397559           4.53%    passed     99.97%
  91  NA19012            4.53%    passed     99.99%
  92  MG778662           4.54%    passed     99.85%
  93  KU682924           4.54%    passed     99.91%
  94  KT726020           4.54%    passed     99.91%
  95  MG272824           4.53%    passed    100.00%
  96  PV695960           4.54%    passed     99.62%
  97  KF056309           4.53%    passed     99.93%
  98  GU377085           4.53%    passed     99.98%
  99  PX366801           4.53%    passed     99.95%
 100  AP009452           4.53%    passed     99.92%
 101  KU683208           4.53%    passed     99.95%
 102  PV695868           4.53%    passed     99.98%
 103  PV695838           4.53%    passed     99.89%
 104  EF153833           4.53%    passed    100.00%
 105  HQ012122           4.53%    passed     99.89%
 106  PX367019           4.53%    passed     99.99%
 107  HGDP01354          4.53%    passed     99.99%
 108  OM194304           4.53%    passed     99.85%
 109  PV695932           4.53%    passed     99.94%
 110  MT419320           4.53%    passed     99.95%
 111  KT213771           4.53%    passed     99.93%
 112  KU683169           4.53%    passed     99.95%
 113  PV695777           4.54%    passed     99.73%
 114  KF540802           4.53%    passed     99.94%
 115  KX457054           4.53%    passed     99.99%
 116  KC911390           4.53%    passed    100.00%
 117  EF153801           4.53%    passed     99.96%
 118  KU683010           4.53%    passed     99.94%
 119  MH448948           4.53%    passed     99.96%
 120  GU392075           4.54%    passed     99.94%
 121  KX457049           4.53%    passed     99.90%
 122  MG272631           4.53%    passed     99.92%
 123  KF148211           4.53%    passed     99.97%
 124  EF153784           4.53%    passed     99.85%
 125  PX366897           4.53%    passed     99.93%
 126  EF153795           4.53%    passed     99.98%
 127  KT726039           4.54%    passed     99.91%
 128  EU597494           4.54%    passed     99.84%
 129  PV695906           4.53%    passed     99.85%
 130  KU683498           4.53%    passed     99.76%
 131  KF056310           4.53%    passed     99.96%
 132  PV695819           4.53%    passed    100.00%
 133  MH449370           4.53%    passed     99.96%
 134  KT726065           4.53%    passed     99.92%
 135  EF153775           4.53%    passed     99.94%
 136  HGDP01227          4.53%    passed     99.97%
 137  PV695849           4.53%    passed     99.95%
 138  KT726018           4.53%    passed     99.98%
 139  KX457253           4.53%    passed    100.00%
 140  KX457037           4.53%    passed     99.99%
 141  KT726061           4.54%    passed     99.93%
 142  MG273042           4.53%    passed     99.68%
 143  KF056306           4.53%    passed     99.92%
 144  MG273088           4.53%    passed     99.99%
 145  MG272807           4.53%    passed    100.00%
 146  EF153794           4.57%    passed     99.90%
 147  GQ999962           4.53%    passed     99.92%
 148  KU683179           4.53%    passed     99.95%
 149  KU683572           4.53%    passed     99.98%
 150  MF522928           4.53%    passed     99.76%
 151  PX366903           4.53%    passed     99.94%
 152  KU683232           4.53%    passed     99.94%
 153  PX366883           4.53%    passed     99.95%
 154  KF056304           4.53%    passed     99.96%
 155  KX457050           4.53%    passed     99.99%
 156  MG273103           4.53%    passed    100.00%
 157  NA18611            4.54%    passed     99.97%
 158  KU683380           4.53%    passed     99.85%
 159  MG273091           4.53%    passed    100.00%
 160  JF824891           4.53%    passed     99.99%
 161  NA18939            4.53%    passed     99.80%
 162  AP013288           4.53%    passed     99.68%
 163  KU683487           4.54%    passed     99.96%
 164  KU683325           4.54%    passed     99.84%
 165  PV695842           4.53%    passed     99.93%
 166  KX456670           4.54%    passed     99.94%
 167  HGDP01341          4.53%    passed     99.92%
 168  MH449088           4.53%    passed     99.96%
 169  MH449094           4.53%    passed     99.96%
 170  PX366785           4.53%    passed     99.99%
 171  HG00638            4.53%    passed     99.88%
 172  KF148169           4.53%    passed     99.97%
 173  PV695976           4.53%    passed     99.95%
 174  MF522991           4.53%    passed     99.96%
 175  FJ748732           4.54%    passed     99.97%
 176  KF056298           4.54%    passed    100.00%
 177  FJ748718           4.54%    passed     99.84%
 178  PX366962           4.53%    passed     99.95%
 179  MT419145           4.53%    passed     99.95%
 180  HGDP01337          4.53%    passed     99.95%
 181  KF148200           4.53%    passed     99.97%
 182  KF148411           4.53%    passed     99.96%
 183  KF540620           4.54%    passed     99.91%
 184  KU682943           4.53%    passed     99.83%
 185  NA18642            4.53%    passed     99.97%
 186  MF523016           4.53%    passed     99.96%
 187  MT419143           4.53%    passed     99.94%
 188  NA18621            4.53%    passed     99.98%
 189  KU683125           4.54%    passed     99.83%
 190  MH449471           4.53%    passed     99.79%
 191  KT213742           4.53%    passed     99.93%
 192  MH449379           4.53%    passed     99.98%
 193  HG01054            4.53%    passed     99.95%
 194  AP008459           4.53%    passed     99.95%
 195  OM194290           4.53%    passed     99.76%
 196  KT726134           4.53%    passed     99.89%
 197  KU683199           4.53%    passed     99.98%
 198  MT419132           4.53%    passed     99.95%
 199  FJ748742           4.53%    passed     99.99%
 200  KU683092           4.53%    passed     99.90%
 201  KT725963           4.53%    passed    100.00%
 202  KX457062           4.53%    passed     99.98%
 203  KU683491           4.54%    passed     99.78%
 204  AP013220           4.53%    passed     99.89%
 205  KT726136           4.53%    passed     99.95%
 206  KF148096           4.53%    passed     99.95%
 207  JX266267           4.53%    passed     99.92%
 208  HG00566            4.53%    passed     99.96%
 209  KU683180           4.53%    passed     99.75%
 210  KU683536           4.53%    passed     99.98%
 211  PX366845           4.54%    passed     99.97%
 212  EF153780           4.54%    passed     99.98%
 213  HGDP01184          4.53%    passed     99.98%
 214  HM036566           4.53%    passed     99.98%
 215  HQ012080           4.54%    passed     99.97%
 216  HG02260            4.53%    passed    100.00%
 217  JX153385           4.54%    passed     99.99%
 218  EF153816           4.53%    passed     99.94%
 219  AY255166           4.54%    passed     99.87%
 220  PX366804           4.53%    passed     99.99%
 221  MG660738           4.54%    passed     99.88%
 222  KU682973           4.53%    passed     99.96%
 223  KU683587           4.53%    passed     99.95%
 224  MT419129           4.53%    passed     99.92%
 225  MG273094           4.53%    passed     99.73%
 226  FJ544232           4.54%    passed     99.95%
 227  HG00451            4.53%    passed     99.92%
 228  KT213744           4.53%    passed     99.93%
 229  KT726147           4.53%    passed     99.99%
 230  KX457344           4.53%    passed     99.99%
 231  HG01412            4.53%    passed     99.99%
 232  JX153400           4.54%    passed     99.99%
 233  AP013217           4.53%    passed     99.92%
 234  KF056300           4.53%    passed     99.96%
 235  HG02139            4.53%    passed     99.61%
 236  KU683429           4.53%    passed     99.68%
 237  HM852848           4.54%    passed     99.99%
 238  MG273104           4.53%    passed    100.00%
 239  HG02291            4.53%    passed     99.99%
 240  PX366974           4.53%    passed     99.94%
 241  HGDP01096          4.53%    passed     99.99%
 242  PX366838           4.53%    passed     99.96%
 243  KX456634           4.53%    passed     99.96%
 244  GQ895152           4.55%    passed     99.92%
 245  MT419078           4.54%    passed     99.98%
 246  PX366868           4.53%    passed     99.97%
 247  EU007868           4.75%    passed     99.93%
 248  KT726080           4.54%    passed     99.97%
 249  KT725983           4.54%    passed     99.94%
 250  GQ895149           4.54%    passed     99.97%
 251  GQ895162           4.54%    passed     99.99%
 252  KT213747           4.53%    passed     99.96%
 253  MF522874           4.53%    passed     99.95%
 254  KX457247           4.53%    passed     99.99%
 255  KT726072           4.53%    passed     99.98%
 256  KT726122           4.54%    passed     99.95%
 257  HQ012091           4.53%    passed     99.94%
 258  AP010833           4.53%    passed     99.95%
 259  JF824862           4.53%    passed     99.92%
 260  AP008265           4.53%    passed     99.81%
 261  SCsq0086           4.53%    passed     99.92%
 262  KU682997           4.53%    passed    100.00%
 263  SCsq0064           4.54%    passed     99.94%
 264  HG00558            4.53%    passed     99.96%
 265  KT726075           4.54%    passed     99.93%
 266  MH449135           4.59%    passed     99.97%
 267  PV695691           4.63%    passed     99.96%
 268  KX456978           4.59%    passed     99.99%
 269  MH449002           4.59%    passed     99.99%
 270  HG01868            4.54%    passed    100.00%
 271  HG01878            4.54%    passed     99.99%
 272  KF540850           4.53%    passed     99.95%
 273  MH449207           4.59%    passed     99.98%
 274  PV695685           4.59%    passed     99.98%
 275  KX456582           4.59%    passed     99.98%
 276  JF896801           4.59%    passed     99.99%
 277  KX457220           4.59%    passed     99.98%
 278  KX456773           4.59%    passed     99.98%
 279  MH449047           4.59%    passed     99.97%
 280  SCsq0019           4.58%    passed     99.99%
 281  KX457287           4.59%    passed     99.99%
 282  MT419084           4.54%    passed    100.00%
 283  HG00405            4.53%    passed    100.00%
 284  KX456772           4.59%    passed     99.98%
 285  KX457599           4.59%    passed     99.95%
 286  PP654614           4.59%    passed     99.90%
 287  KX457514           4.59%    passed     99.98%
 288  MT419010           4.59%    passed     99.97%
 289  KX457517           4.59%    passed     99.98%
 290  MH449465           4.58%    passed    100.00%
 291  MT418961           4.54%    passed     99.98%
 292  HG00459            4.54%    passed    100.00%
 293  HGDP01194          4.54%    passed    100.00%
 294  KF540627           4.53%    passed     99.97%
 295  KF540673           4.53%    passed    100.00%
 296  PP654529           4.58%    passed    100.00%
 297  PV695701           4.59%    passed     99.97%
 298  PV695759           4.59%    passed     99.97%
 299  PP654730           4.59%    passed     99.98%
 300  MH449323           4.58%    passed     99.99%
 301  GU392048           4.59%    passed    100.00%
 302  KX457399           4.59%    passed     99.98%
 303  MF522936           4.58%    passed     99.99%
 304  KX457522           4.59%    passed     99.98%
 305  MH449145           4.59%    passed     99.94%
 306  MT419043           4.54%    passed    100.00%
 307  PV695803           4.60%    passed     99.77%
 308  KX456838           4.59%    passed     99.96%
 309  KF148463           4.58%    passed     99.99%
 310  MH449130           4.58%    passed    100.00%
 311  KX457593           4.59%    passed     99.97%
 312  PX366940           4.59%    passed     99.96%
 313  KX457353           4.59%    passed     99.98%
 314  KU683101           4.58%    passed     99.88%
 315  PV067354           4.59%    passed     99.93%
 316  PP654841           4.59%    passed     99.98%
 317  KX456648           4.59%    passed     99.97%
 318  KX456844           4.59%    passed     99.97%
 319  KX457384           4.59%    passed     99.98%
 320  MH449200           4.59%    passed     99.98%
 321  KX457265           4.59%    passed    100.00%
 322  KX457246           4.54%    passed     99.99%
 323  KX457469           4.59%    passed     99.99%
 324  KT587466           4.59%    passed     99.99%
 325  MT419071           4.54%    passed    100.00%
 326  KX456774           4.59%    passed    100.00%
 327  MH449232           4.59%    passed     99.95%
 328  KX457288           4.58%    passed     99.72%
 329  MH449044           4.59%    passed     99.99%
 330  PP654681           4.59%    passed     99.98%
 331  KX457002           4.58%    passed     99.97%
 332  KU521409           4.58%    passed    100.00%
 333  KX457642           4.59%    passed     99.98%
 334  HG01845            4.54%    passed     99.95%
 335  PV695905           4.59%    passed     99.99%
 336  PV695830           4.63%    passed     99.94%
 337  MT419006           4.54%    passed     99.99%
 338  KX456841           4.59%    passed     99.98%
 339  MH449516           4.59%    passed     99.98%
 340  PP654719           4.59%    passed     99.97%
 341  PV067301           4.59%    passed     99.98%
 342  AP008847           4.58%    passed     99.98%
 343  NA18643            4.53%    passed     99.97%
 344  AP010761           4.58%    passed    100.00%
 345  KX456665           4.58%    passed     99.99%
 346  KF540607           4.53%    passed     99.94%
 347  KX457587           4.58%    passed    100.00%
 348  JQ703874           4.58%    passed     99.98%
 349  KX456753           4.59%    passed     99.88%
 350  HG00879            4.54%    passed     99.99%
 351  KX456757           4.59%    passed     99.92%
 352  MH448976           4.59%    passed     99.98%
 353  HG01798            4.53%    passed     99.98%
 354  KF541023           4.53%    passed     99.97%
 355  PX366929           4.62%    passed     99.87%
 356  MH449308           4.59%    passed     99.97%
 357  MH448951           4.59%    passed     99.80%
 358  MH449470           4.59%    passed     99.98%
 359  KX456510           4.59%    passed     99.92%
 360  GU733731           4.58%    passed     99.99%
 361  KX457329           4.58%    passed    100.00%
 362  KU521400           4.58%    passed     99.97%
 363  KU521416           4.54%    passed     99.96%
 364  KX457379           4.59%    passed     99.93%
 365  KT587528           4.58%    passed     99.99%
 366  MH448966           4.59%    passed     99.99%
 367  KX457327           4.59%    passed     99.98%
 368  PP654507           4.59%    passed     99.96%
 369  KT587398           4.59%    passed     99.99%
 370  MH449219           4.58%    passed     99.98%
 371  KU682976           4.58%    passed     99.96%
 372  MH448983           4.59%    passed     99.90%
 373  PV067309           4.59%    passed     99.98%
 374  PP654836           4.59%    passed     99.98%
 375  PV695874           4.62%    passed     99.95%
 376  MT418965           4.59%    passed     99.94%
 377  KX456943           4.59%    passed     99.93%
 378  KU521415           4.53%    passed     99.98%
 379  PV695913           4.58%    passed     99.98%
 380  KT587607           4.58%    passed     99.98%
 381  KX456696           4.59%    passed     99.98%
 382  MT418962           4.54%    passed     99.99%
 383  MT418997           4.54%    passed     99.99%
 384  KX457568           4.59%    passed     99.99%
 385  MH449220           4.58%    passed     99.98%
 386  JN857031           4.58%    passed     99.99%
 387  KX456680           4.59%    passed     99.99%
 388  MG273110           4.54%    passed     99.98%
 389  MT419059           4.54%    passed    100.00%
 390  MH449451           4.59%    passed    100.00%
 391  KF148546           4.58%    passed     99.99%
 392  KF148089           4.58%    passed     99.99%
 393  MT419264           4.54%    passed     99.98%
 394  MG272978           4.54%    passed     99.98%
 395  MH449065           4.59%    passed     99.97%
 396  MG272722           4.54%    passed    100.00%
 397  KX456637           4.58%    passed    100.00%
 398  KX457437           4.58%    passed    100.00%
 399  AP009450           4.59%    passed     99.99%
 400  MH449185           4.59%    passed     99.98%
 401  AP008604           4.58%    passed     99.99%
 402  KT725969           4.59%    passed     99.96%
 403  KX456885           4.59%    passed     99.86%
 404  PV067323           4.59%    passed     99.98%
 405  HG02047            4.54%    passed     99.98%
 406  MT419340           4.59%    passed    100.00%
 407  KX456936           4.59%    passed     99.99%
 408  PP654491           4.59%    passed     99.96%
 409  KC994063           4.58%    passed     99.98%
 410  KU521402           4.59%    passed     99.95%
 411  KF540617           4.53%    passed    100.00%
 412  MH449302           4.59%    passed     99.99%
 413  MH449095           4.58%    passed     99.99%
 414  PV695896           4.58%    passed     99.99%
 415  KX457305           4.59%    passed     99.97%
 416  MG272646           4.53%    passed     99.95%
 417  KX457310           4.59%    passed     99.85%
 418  KU683219           4.59%    passed    100.00%
 419  MH449050           4.59%    passed     99.97%
 420  MH449019           4.58%    passed     99.99%
 421  MH449491           4.59%    passed     99.98%
 422  PV695794           4.59%    passed     99.86%
 423  KT587439           4.58%    passed     99.98%
 424  PP654782           4.59%    passed    100.00%
 425  PX366888           4.55%    passed     99.98%
 426  PV695817           4.59%    passed     99.99%
 427  MH449367           4.59%    passed     99.98%
 428  MT419081           4.58%    passed     99.99%
 429  PV695914           4.58%    passed    100.00%
 430  JX289129           4.58%    passed     99.98%
 431  KF540554           4.53%    passed     99.99%
 432  AP008603           4.58%    passed     99.99%
 433  KU683162           4.58%    passed     99.99%
 434  PP654506           4.59%    passed     99.99%
 435  KX456794           4.59%    passed     99.98%
 436  KX456904           4.59%    passed     99.96%
 437  KX456953           4.59%    passed     99.98%
 438  PP654696           4.59%    passed     99.98%
 439  NA18961            4.53%    passed    100.00%
 440  PX367008           4.58%    passed    100.00%
 441  PV695955           4.58%    passed     99.99%
 442  AP010671           4.58%    passed     99.99%
 443  MT554274           5.65%    passed     99.93%
 444  MH448985           4.58%    passed     99.99%
 445  KF540729           4.53%    passed    100.00%
 446  KX457555           4.58%    passed     99.85%
 447  MH449317           4.59%    passed     99.97%
 448  PP654598           4.59%    passed     99.99%
 449  MT419058           4.63%    passed     99.95%
 450  PV695805           4.60%    passed     99.83%
 451  MH449545           4.59%    passed     99.92%
 452  JN857015           4.58%    passed     99.99%
 453  KX457508           4.59%    passed     99.98%
 454  KX456649           4.58%    passed     99.99%
 455  PV695738           4.58%    passed     99.96%
 456  MH449162           4.59%    passed     99.97%
 457  NA18982            4.53%    passed    100.00%
 458  GU733786           4.58%    passed     99.98%
 459  MH449291           4.58%    passed     99.99%
 460  KX457462           4.59%    passed     99.99%
 461  KX457659           4.59%    passed     99.99%
 462  MG273109           4.54%    passed    100.00%
 463  MT419026           4.58%    passed     99.99%
 464  AP008263           4.59%    passed     99.95%
 465  KF849981           4.58%    passed     99.99%
 466  MH449009           4.59%    passed     99.96%
 467  AP012415           4.58%    passed    100.00%
 468  GU733750           4.58%    passed     99.98%
 469  MH449102           4.59%    passed     99.99%
 470  HG00982            4.53%    passed     99.99%
 471  PX366920           4.58%    passed     99.89%
 472  KX456988           4.59%    passed     99.96%
 473  MH448978           4.59%    passed     99.99%
 474  KX456512           4.59%    passed     99.92%
 475  PP654481           4.59%    passed     99.93%
 476  MH449160           4.59%    passed     99.96%
 477  KF540905           4.53%    passed    100.00%
 478  HG02134            4.54%    passed    100.00%
 479  MH449159           4.59%    passed     99.95%
 480  KX457613           4.58%    passed     99.98%
 481  MH449226           4.59%    passed     99.95%
 482  HG00631            4.53%    passed     99.90%
 483  KF540668           4.54%    passed     99.99%
 484  MH449329           4.59%    passed     99.99%
 485  KX457228           4.59%    passed     99.98%
 486  KX456520           4.59%    passed     99.99%
 487  AP013129           4.58%    passed     99.99%
 488  KX456867           4.59%    passed    100.00%
 489  SCsq0080           4.58%    passed     99.98%
 490  MH449161           4.59%    passed     99.97%
 491  HG00596            4.53%    passed    100.00%
 492  KC994085           4.58%    passed     99.99%
 493  PP654647           4.59%    passed     99.97%
 494  JN857029           4.59%    passed     99.96%
 495  PP654504           4.58%    passed     99.98%
 496  MH449497           4.59%    passed     99.98%
 497  KX457293           4.59%    passed     99.73%
 498  KX456897           4.59%    passed     99.97%
 499  PP654652           4.58%    passed     99.98%
 500  KT587392           4.59%    passed     99.99%
 501  KT587479           4.59%    passed     99.93%
 502  KX456549           4.59%    passed    100.00%
 503  MH449483           4.58%    passed     99.98%
 504  KX457324           4.58%    passed     99.98%
 505  GU733803           4.58%    passed     99.98%
 506  AY255135           4.58%    passed     99.98%
 507  OL619934           4.58%    passed     99.99%
 508  KX456440           4.59%    passed     99.93%
 509  KX456508           4.59%    passed     99.98%
 510  GU810060           4.59%    passed     99.96%
 511  KT587425           4.58%    passed     99.97%
 512  MH449247           4.59%    passed     99.99%
 513  MG273022           4.54%    passed     99.99%
 514  MH449276           4.59%    passed     99.98%
 515  MG272742           4.54%    passed     99.99%
 516  MH449053           4.59%    passed     99.98%
 517  PP654492           4.59%    passed     99.93%
 518  MH449156           4.59%    passed     99.98%
 519  GQ119045           4.59%    passed    100.00%
 520  KF540761           4.53%    passed    100.00%
 521  MH449110           4.58%    passed     99.99%
 522  KC994146           4.58%    passed     99.98%
 523  MF522918           4.58%    passed     99.99%
 524  KC733253           4.58%    passed     99.98%
 525  MT419317           4.59%    passed     99.91%
 526  HQ873489           4.58%    passed     99.97%
 527  KT587350           4.58%    passed     99.97%
 528  KT587461           4.58%    passed    100.00%
 529  KX456730           4.59%    passed     99.98%
 530  KX457407           4.59%    passed     99.95%
 531  MT418968           4.54%    passed     99.99%
 532  MT419004           4.54%    passed    100.00%
 533  MH448975           4.59%    passed     99.98%
 534  PP654699           4.59%    passed     99.95%
 535  MT419332           4.54%    passed     99.98%
 536  KF540783           4.54%    passed    100.00%
 537  KU683375           4.58%    passed     99.89%
 538  MH449181           4.59%    passed     99.96%
 539  PV695884           4.59%    passed    100.00%
 540  GU733730           4.58%    passed     99.98%
 541  JN857059           4.58%    passed     99.94%
 542  MH449184           4.59%    passed     99.95%
 543  KF540666           4.53%    passed     99.97%
 544  KF540985           4.53%    passed     99.99%
 545  KX457417           4.58%    passed    100.00%
 546  PX367002           4.54%    passed     99.97%
 547  MH449420           4.59%    passed     99.89%
 548  KT587625           4.59%    passed     99.96%
 549  KX456984           4.59%    passed     99.99%
 550  PP654663           4.59%    passed     99.98%
 551  MT419271           4.54%    passed    100.00%
 552  MT419057           4.54%    passed     99.99%
 553  PV695724           4.59%    passed     99.93%
 554  MF522911           4.58%    passed     99.99%
 555  AP010705           4.59%    passed    100.00%
 556  PV695892           4.58%    passed     99.99%
 557  MH449485           4.58%    passed     99.98%
 558  KF540616           4.53%    passed     99.98%
 559  HG00597            4.53%    passed    100.00%
 560  KF540988           4.53%    passed     99.99%
 561  AP008425           4.59%    passed     99.98%
 562  KT587514           4.58%    passed     99.99%
 563  MG272952           4.54%    passed     99.99%
 564  KT587388           4.58%    passed     99.99%
 565  KX456872           4.59%    passed     99.99%
 566  KX457414           4.59%    passed     99.95%
 567  KX457411           4.59%    passed     99.98%
 568  MG272628           4.54%    passed     99.99%
 569  MT419324           4.54%    passed     99.99%
 570  KX457302           4.59%    passed     99.99%
 571  GQ119031           4.58%    passed     99.93%
 572  MT418947           4.54%    passed    100.00%
 573  PV695814           4.63%    passed     99.96%
 574  MH449352           4.59%    passed     99.99%
 575  KT587537           4.59%    passed     99.99%
 576  AP008451           4.59%    passed     99.98%
 577  KF540694           4.53%    passed     99.99%
 578  PV695920           4.58%    passed     99.99%
 579  JN866824           4.58%    passed     99.98%
 580  MH448995           4.58%    passed     99.99%
 581  GU733814           4.58%    passed     99.99%
 582  KU683220           4.58%    passed     99.99%
 583  HQ873567           4.59%    passed     99.99%
 584  PX366770           4.59%    passed    100.00%
 585  JN857046           4.58%    passed     99.98%
 586  AY255149           4.58%    passed     99.98%
 587  KU521411           4.58%    passed     99.97%
 588  MH449198           4.58%    passed     99.99%
 589  HGDP01352          4.53%    passed     99.99%
 590  PV695981           4.58%    passed    100.00%
 591  KX457598           4.59%    passed     99.97%
 592  KX457321           4.59%    passed     99.85%
 593  MG660675           4.53%    passed     99.96%
 594  PX367016           4.58%    passed     99.97%
 595  KT587434           4.59%    passed     99.98%
 596  MG273108           4.54%    passed     99.99%
 597  PP654664           4.58%    passed     99.98%
 598  MT419066           4.54%    passed    100.00%
 599  MT419047           4.54%    passed    100.00%
 600  KX457203           4.59%    passed     99.99%
 601  MH449128           4.58%    passed     99.99%
 602  KF540538           4.53%    passed    100.00%
 603  KF541032           4.53%    passed    100.00%
 604  MH449469           4.58%    passed     99.97%
 605  KF540628           4.53%    passed    100.00%
 606  MH449218           4.58%    passed     99.98%
 607  MH449196           4.58%    passed     99.99%
 608  HG01811            4.53%    passed     99.99%
 609  HG02385            4.53%    passed    100.00%
 610  KX457261           4.59%    passed     99.97%
 611  KX456662           4.59%    passed     99.98%
 612  PV695891           4.59%    passed     99.36%
 613  MG273013           4.53%    passed     99.92%
 614  KX457369           4.59%    passed     99.94%
 615  KT587588           4.59%    passed     99.97%
 616  KX457227           4.59%    passed     99.98%
 617  PP654621           4.59%    passed     99.99%
 618  PX366966           4.59%    passed     99.99%
 619  PV695661           4.59%    passed     99.99%
 620  MT419018           4.59%    passed     99.99%
 621  MT419302           4.54%    passed     99.99%
 622  PP654708           4.59%    passed     99.98%
 623  KX456545           4.59%    passed     99.93%
 624  HGDP00767          4.53%    passed     99.98%
 625  KT587634           4.58%    passed     99.99%
 626  PV695893           4.59%    passed     99.95%
 627  KX456997           4.58%    passed     99.97%
 628  KF849971           4.58%    passed     99.98%
 629  AP008567           4.58%    passed     99.98%
 630  MH449036           4.58%    passed     99.98%
 631  SCsq0075           4.58%    passed     99.99%
 632  AP010733           4.58%    passed     99.98%
 633  MH449450           4.58%    passed     99.99%
 634  PV695781           4.58%    passed     99.98%
 635  KU521413           4.54%    passed     99.99%
 636  KF540984           4.53%    passed     99.97%
 637  KX456468           4.58%    passed     99.99%
 638  PV695700           4.59%    passed     99.99%
 639  MH449012           4.58%    passed     99.99%
 640  KU682965           4.58%    passed    100.00%
 641  PP654661           4.58%    passed     99.99%
 642  KX456751           4.59%    passed     99.97%
 643  KX457280           4.59%    passed     99.98%
 644  MH449052           4.58%    passed     99.99%
 645  MT418964           4.54%    passed     99.99%
 646  MT419011           4.54%    passed    100.00%
 647  MT419086           4.54%    passed     99.99%
 648  MT419088           4.54%    passed     99.99%
 649  MT419037           4.54%    passed    100.00%
 650  PP654494           4.59%    passed     99.95%
 651  KU683273           4.58%    passed     99.88%
 652  KT587637           4.58%    passed     99.99%
 653  KF540534           4.53%    passed     99.99%
 654  AY519495           4.58%    passed     99.99%
 655  KC993941           4.58%    passed     99.97%
 656  KX456651           4.58%    passed     99.93%
 657  GU733813           4.58%    passed     99.99%
 658  KF540675           4.53%    passed    100.00%
 659  GU733744           4.58%    passed     99.98%
 660  KX456551           4.58%    passed     99.99%
 661  HM596646           4.58%    passed     99.98%
 662  KX457161           4.58%    passed    100.00%
 663  AY289101           4.58%    passed    100.00%
 664  PV695841           4.59%    passed     99.97%
 665  KU683209           4.58%    passed    100.00%
 666  KU682928           4.58%    passed     99.99%
 667  EU597559           4.58%    passed     99.99%
 668  PX366778           4.64%    passed     99.89%
 669  KX456761           4.59%    passed     99.99%
 670  PP654488           4.59%    passed     99.97%
 671  KX457072           4.59%    passed     99.98%
 672  KX457216           4.59%    passed     99.97%
 673  KX456998           4.59%    passed     99.99%
 674  KX457415           4.59%    passed     99.98%
 675  PV695953           4.59%    passed     99.96%
 676  KT587611           4.59%    passed     99.98%
 677  MG273134           4.54%    passed     99.98%
 678  PP654660           4.58%    passed     99.98%
 679  KX456741           4.59%    passed     99.97%
 680  KX457418           4.59%    passed     99.95%
 681  MH448972           4.59%    passed     99.99%
 682  MT418980           4.54%    passed    100.00%
 683  KX456829           4.59%    passed     99.96%
 684  PP654724           4.59%    passed     99.98%
 685  PP654728           4.59%    passed     99.98%
 686  HG00691            4.54%    passed    100.00%
 687  AP008465           4.59%    passed     99.80%
 688  KT587539           4.58%    passed    100.00%
 689  PX367005           4.59%    passed     99.98%
 690  GU733824           4.58%    passed     99.99%
 691  JF824900           4.58%    passed     99.99%
 692  MH448964           4.58%    passed     99.99%
 693  KX456467           4.58%    passed    100.00%
 694  KX457644           4.58%    passed    100.00%
 695  KX456945           4.81%    passed     99.98%
 696  KX456480           4.58%    passed     99.99%
 697  MH449058           4.58%    passed     99.98%
 698  KX457262           4.59%    passed    100.00%
 699  GU733793           4.53%    passed     99.94%
 700  KX456571           4.58%    passed     99.98%
 701  KU521403           4.58%    passed     99.97%
 702  KU521397           4.59%    passed     99.96%
 703  MH449143           4.59%    passed     99.99%
 704  GU733773           4.58%    passed     99.99%
 705  KX456965           4.58%    passed    100.00%
 706  MH449197           4.58%    passed     99.99%
 707  KX457386           4.58%    passed     99.99%
 708  AF347011           4.58%    passed     99.98%
 709  HG01031            4.53%    passed    100.00%
 710  PV695965           4.58%    passed     99.94%
 711  PX366892           4.58%    passed     99.96%
 712  OL619797           4.58%    passed    100.00%
 713  KF849963           4.58%    passed     99.98%
 714  MG273034           4.54%    passed     99.99%
 715  KX457405           4.59%    passed     99.99%
 716  MH448979           4.59%    passed     99.98%
 717  KX457248           4.59%    passed     99.96%
 718  KT587530           4.58%    passed     99.99%
 719  PV695745           4.59%    passed     99.99%
 720  MH449103           4.59%    passed     99.98%
 721  KX456920           4.59%    passed     99.97%
 722  MT419254           4.54%    passed     99.98%
 723  KX457664           4.59%    passed     99.99%
 724  KT587506           4.59%    passed     99.98%
 725  AP008284           4.59%    passed    100.00%
 726  OM194338           4.53%    passed     99.99%
 727  KX457507           4.58%    passed    100.00%
 728  JX289132           4.58%    passed     99.98%
 729  PX366965           4.59%    passed     99.86%
 730  KF540756           4.53%    passed    100.00%
 731  MG272716           4.53%    passed    100.00%
 732  KX456889           4.58%    passed     99.99%
 733  MH449415           4.58%    passed    100.00%
 734  MG272973           4.53%    passed     99.99%
 735  MG273121           4.53%    passed     99.99%
 736  AP008384           4.58%    passed    100.00%
 737  KF148132           4.59%    passed    100.00%
 738  PV695663           4.59%    passed     99.98%
 739  MH449062           4.58%    passed     99.98%
 740  AP008848           4.58%    passed     99.98%
 741  PV695715           4.58%    passed     99.96%
 742  KX456660           4.58%    passed     99.99%
 743  GU733815           4.58%    passed     99.98%
 744  GU733790           4.58%    passed     99.98%
 745  KF540838           4.53%    passed    100.00%
 746  KF540810           4.53%    passed     99.99%
 747  GU733747           4.58%    passed     99.98%
 748  KF540610           4.53%    passed     99.98%
 749  KF540635           4.53%    passed    100.00%
 750  KU683186           4.58%    passed     99.98%
 751  JN857014           4.58%    passed     99.97%
 752  JN857045           4.58%    passed     99.95%
 753  PX366853           4.59%    passed     99.99%
 754  KU521404           4.58%    passed     99.97%
 755  AP008570           4.58%    passed    100.00%
 756  AP008472           4.58%    passed     99.99%
 757  GQ161177           4.79%    passed     99.95%
 758  GU733785           4.58%    passed     99.98%
 759  KU521420           4.58%    passed     99.95%
 760  PV695765           4.59%    passed     99.96%
 761  MH449213           4.58%    passed     99.99%
 762  PP654530           4.58%    passed     99.99%
 763  MT419346           4.53%    passed     99.99%
 764  PX366860           4.58%    passed     99.99%
 765  JN857017           4.58%    passed     99.94%
 766  KX457660           4.59%    passed     99.99%
 767  KX456469           4.59%    passed     99.98%
 768  KX457020           4.59%    passed     99.96%
 769  KT587393           4.58%    passed    100.00%
 770  KT587471           4.58%    passed    100.00%
 771  PP654583           4.59%    passed     99.96%
 772  KX456922           4.59%    passed     99.97%
 773  KX456801           4.59%    passed     99.98%
 774  MG273063           4.54%    passed    100.00%
 775  MT419223           4.54%    passed     99.97%
 776  JQ731598           4.59%    passed     99.99%
 777  PV695674           4.59%    passed     99.99%
 778  MT419019           4.54%    passed     99.98%
 779  MT419343           4.54%    passed    100.00%
 780  PV695826           4.59%    passed     99.95%
 781  PP654709           4.59%    passed     99.98%
 782  KT587643           4.59%    passed     99.99%
 783  KT587591           4.59%    passed     99.96%
 784  PP654761           4.58%    passed     99.94%
 785  AP008546           4.58%    passed     99.99%
 786  SCsq0029           4.58%    passed     99.99%
 787  HG00690            4.54%    passed    100.00%
 788  KF540720           4.53%    passed     99.99%
 789  NA18566            4.54%    passed    100.00%
 790  KF148111           4.53%    passed     99.99%
 791  KU683445           4.54%    passed     99.99%
 792  MF523133           4.54%    passed     99.98%
 793  KF148492           4.53%    passed     99.98%
 794  MF522868           4.53%    passed     99.99%
 795  MT419001           4.53%    passed    100.00%
 796  KF148190           4.53%    passed    100.00%
 797  KF148260           4.53%    passed     99.99%
 798  HG01100            4.54%    passed    100.00%
 799  HG02265            4.54%    passed    100.00%
 800  HG01944            4.53%    passed    100.00%
 801  MH449068           4.54%    passed    100.00%
 802  HG01943            4.53%    passed     99.99%
 803  HG01303            4.53%    passed     99.99%
 804  NA19726            4.53%    passed    100.00%
 805  HG02257            4.53%    passed    100.00%
 806  KF148303           4.53%    passed     99.99%
 807  FJ951495           4.53%    passed    100.00%
 808  KT725990           4.53%    passed     99.99%
 809  MG272739           4.53%    passed     99.99%
 810  KF148455           4.53%    passed    100.00%
 811  KU683346           4.53%    passed     99.99%
 812  KU683367           4.53%    passed     99.98%
 813  KT213748           4.53%    passed     99.96%
 814  MG660694           4.53%    passed    100.00%
 815  KT587390           4.54%    passed    100.00%
 816  MG660678           4.53%    passed     99.99%
 817  KF148266           4.53%    passed     99.99%
 818  KU682975           4.54%    passed     99.98%
 819  KF849915           4.53%    passed    100.00%
 820  MG660734           4.53%    passed    100.00%
 821  KF148103           4.53%    passed     99.99%
 822  MH449082           4.54%    passed    100.00%
 823  MF523089           4.53%    passed     99.99%
 824  KF148467           4.53%    passed    100.00%
 825  KU682956           4.53%    passed    100.00%
 826  OM194293           4.53%    passed    100.00%
 827  MG660704           4.53%    passed     99.98%
 828  MH448987           4.54%    passed    100.00%
 829  MF523008           4.53%    passed     99.99%
 830  KC911483           4.53%    passed     99.96%
 831  MG272817           4.53%    passed    100.00%
 832  HG01950            4.53%    passed    100.00%
 833  KF148406           4.53%    passed     99.99%
 834  MG272652           4.53%    passed     99.93%
 835  NA18548            4.53%    passed     99.98%
 836  KF148159           4.53%    passed     99.99%
 837  FJ951583           4.53%    passed    100.00%
 838  KX457133           4.54%    passed    100.00%
 839  HGDP00115          4.53%    passed     99.99%
 840  HG00428            4.53%    passed     99.93%
 841  KF056249           4.53%    passed     99.98%
 842  KU682930           4.54%    passed     99.99%
 843  MF523081           4.53%    passed    100.00%
 844  FJ951462           4.53%    passed    100.00%
 845  KT213817           4.53%    passed     99.96%
 846  FJ951480           4.53%    passed     99.99%
 847  MH449136           4.54%    passed    100.00%
 848  FJ383643           4.54%    passed     99.96%
 849  MG660680           4.53%    passed     99.99%
 850  MK217925           4.53%    passed     99.99%
 851  KX457153           4.54%    passed    100.00%
 852  KX457311           4.53%    passed    100.00%
 853  MF522842           4.53%    passed    100.00%
 854  MF522954           4.53%    passed     99.99%
 855  MH449061           4.54%    passed     99.95%
 856  KT725861           4.53%    passed     99.93%
 857  PP654544           4.54%    passed     99.96%
 858  MH449017           4.54%    passed     99.99%
 859  KU682978           4.54%    passed     99.98%
 860  MH449129           4.54%    passed    100.00%
 861  HG01248            4.54%    passed    100.00%
 862  HG02256            4.53%    passed    100.00%
 863  KX358483           4.53%    passed     99.96%
 864  FJ951477           4.53%    passed    100.00%
 865  KF148327           4.53%    passed    100.00%
 866  KF540789           4.53%    passed    100.00%
 867  MG272669           4.53%    passed    100.00%
 868  KX358473           4.53%    passed     99.95%
 869  KF056250           4.53%    passed     99.98%
 870  MG660729           4.52%    passed     99.97%
 871  KF148526           4.53%    passed    100.00%
 872  MG660697           4.53%    passed    100.00%
 873  KU683549           4.53%    passed     99.99%
 874  MG660701           4.53%    passed     99.99%
 875  KF148412           4.53%    passed     99.99%
 876  MT419258           4.53%    passed    100.00%
 877  KF540740           4.53%    passed     99.99%
 878  MT419034           4.54%    passed    100.00%
 879  HG01961            4.53%    passed     99.98%
 880  KU683019           4.53%    passed    100.00%
 881  FJ951449           4.53%    passed    100.00%
 882  GQ895170           4.53%    passed     99.98%
 883  MG660634           4.54%    passed     99.99%
 884  KU683387           4.53%    passed    100.00%
 885  MH449295           4.54%    passed     99.96%
 886  MF522893           4.53%    passed    100.00%
 887  KU683307           4.53%    passed    100.00%
 888  PP654528           4.54%    passed     99.97%
 889  MG272811           4.53%    passed    100.00%
 890  MG273124           4.53%    passed    100.00%
 891  EU007858           4.55%    passed     99.99%
 892  EU597517           4.53%    passed    100.00%
 893  KF148271           4.53%    passed    100.00%
 894  MH449000           4.54%    passed     99.99%
 895  FJ951459           4.54%    passed     99.99%
 896  MG660645           4.52%    passed     99.97%
 897  KF540821           4.54%    passed    100.00%
 898  PV695885           4.53%    passed     99.99%
 899  KC251742           4.54%    passed     99.99%
 900  KF540847           4.54%    passed     99.99%
 901  KT213805           4.53%    passed     99.98%
 902  FJ951496           4.53%    passed     99.98%
 903  HGDP01289          4.53%    passed     99.96%
 904  HG02275            4.53%    passed     99.98%
 905  MG660724           4.53%    passed     99.99%
 906  KF163042           4.53%    passed    100.00%
 907  MG778670           4.53%    passed    100.00%
 908  KU683200           4.53%    passed    100.00%
 909  KX456892           4.53%    passed    100.00%
 910  MH449487           4.54%    passed    100.00%
 911  PV695804           4.54%    passed     99.91%
 912  HG02279            4.53%    passed     99.99%
 913  MF522956           4.53%    passed     99.99%
 914  MG660692           4.53%    passed    100.00%
 915  MG660609           4.53%    passed     99.98%
 916  KT587547           4.54%    passed     99.98%
 917  PV695822           4.54%    passed    100.00%
 918  HG02151            4.53%    passed    100.00%
 919  KU683354           4.54%    passed    100.00%
 920  MT419046           4.54%    passed    100.00%
 921  JF896797           4.53%    passed    100.00%
 922  HGDP01340          4.53%    passed     99.98%
 923  OL619830           4.55%    passed     99.97%
 924  KC911332           4.53%    passed     99.98%
 925  KF148494           4.53%    passed     99.98%
 926  KF148484           4.53%    passed    100.00%
 927  KF148218           4.53%    passed    100.00%
 928  KF056243           4.53%    passed     99.89%
 929  KF148115           4.53%    passed     99.99%
 930  MK217931           4.53%    passed    100.00%
 931  MH449104           4.54%    passed    100.00%
 932  MG272746           4.53%    passed     99.99%
 933  JF903929           4.54%    passed     99.96%
 934  HGDP00970          4.53%    passed    100.00%
 935  EF153779           4.55%    passed     99.98%
 936  KX358497           4.53%    passed     99.99%
 937  MG660739           4.53%    passed    100.00%
 938  KF056256           4.53%    passed     99.99%
 939  KF148100           4.53%    passed    100.00%
 940  FJ951445           4.53%    passed    100.00%
 941  FJ951568           4.53%    passed    100.00%
 942  KU683003           4.53%    passed     99.99%
 943  MG272789           4.53%    passed    100.00%
 944  OM194326           4.53%    passed     99.99%
 945  PV695774           4.54%    passed     99.98%
 946  MF523139           4.53%    passed     99.99%
 947  MG660707           4.53%    passed     99.99%
 948  MG660612           4.53%    passed     99.99%
 949  FJ951613           4.53%    passed     99.97%
 950  MG660699           4.53%    passed    100.00%
 951  MG660635           4.53%    passed    100.00%
 952  KU683160           4.53%    passed    100.00%
 953  HGDP01249          4.53%    passed     99.99%
 954  PP654495           4.54%    passed     99.99%
 955  NA18542            4.54%    passed    100.00%
 956  MT419290           4.53%    passed    100.00%
 957  MG272805           4.53%    passed    100.00%
 958  MG272809           4.53%    passed    100.00%
 959  KF148282           4.53%    passed     99.99%
 960  KX358507           4.53%    passed     99.98%
 961  GU392063           4.53%    passed    100.00%
 962  KF148269           4.53%    passed     99.99%
 963  MF522888           4.53%    passed    100.00%
 964  FJ951481           4.53%    passed    100.00%
 965  MG660674           4.53%    passed    100.00%
 966  PP654509           4.54%    passed     99.99%
 967  PP654690           4.54%    passed     99.97%
 968  PV695748           4.54%    passed    100.00%
 969  MG273044           4.53%    passed    100.00%
 970  MG272802           4.53%    passed    100.00%
 971  EF429136           4.54%    passed    100.00%
 972  HQ012236           4.55%    passed     99.92%
 973  GQ895156           4.54%    passed     99.98%
 974  MF522939           4.53%    passed    100.00%
 975  KT213798           4.53%    passed     99.96%
 976  KF148445           4.53%    passed    100.00%
 977  MH807359           4.53%    passed    100.00%
 978  MG660676           4.53%    passed    100.00%
 979  MH449051           4.54%    passed     99.95%
 980  KF148224           4.53%    passed    100.00%
 981  MT419267           4.53%    passed    100.00%
 982  KX456849           4.54%    passed    100.00%
 983  PV695823           4.53%    passed    100.00%
 984  KU683251           4.54%    passed     99.99%
 985  HG01369            4.53%    passed     99.90%
 986  MG952858           4.54%    passed     99.98%
 987  KU683526           4.53%    passed     99.99%
 988  HG00429            4.53%    passed     99.93%
 989  KU683104           4.53%    passed    100.00%
 990  FJ951504           4.54%    passed     99.99%
 991  KF148172           4.53%    passed    100.00%
 992  KF148239           4.53%    passed    100.00%
 993  MG660673           4.53%    passed    100.00%
 994  MG660613           4.53%    passed     99.99%
 995  KX456877           4.53%    passed    100.00%
 996  MT419064           4.53%    passed    100.00%
 997  MH449091           4.54%    passed    100.00%
 998  MH449354           4.54%    passed    100.00%
 999  MH449361           4.54%    passed    100.00%
1000  KX456677           4.54%    passed    100.00%
1001  GU810045           4.54%    passed     99.99%
1002  MG272870           4.53%    passed    100.00%
1003  FJ951563           4.54%    passed     99.99%
1004  KU683415           4.54%    passed     99.99%
1005  KX456465           4.53%    passed     99.99%
1006  HG01571            4.53%    passed    100.00%
1007  HG01948            4.53%    passed    100.00%
1008  HGDP01251          4.53%    passed     99.98%
1009  KF148585           4.53%    passed    100.00%
1010  MG660719           4.53%    passed     99.98%
1011  KU682996           4.53%    passed     99.98%
1012  EU482361           4.53%    passed     99.99%
1013  KF148230           4.53%    passed     99.99%
1014  KT725899           4.53%    passed     99.98%
1015  KF148245           4.53%    passed    100.00%
1016  KU683083           4.53%    passed    100.00%
1017  HGDP00953          4.53%    passed    100.00%
1018  MG273069           4.53%    passed    100.00%
1019  HG01808            4.53%    passed    100.00%
1020  MT419318           4.53%    passed     99.99%
1021  PX367032           4.53%    passed    100.00%
1022  PX366893           4.53%    passed    100.00%
1023  MG273037           4.53%    passed    100.00%
1024  MG272815           4.53%    passed    100.00%
1025  KX457093           4.53%    passed    100.00%
1026  FJ951530           4.53%    passed     99.99%
1027  PV695935           4.53%    passed    100.00%
1028  KU683063           4.53%    passed     99.98%
1029  KF148231           4.53%    passed     99.97%
1030  KF056245           4.53%    passed     99.98%
1031  KT213745           4.53%    passed     99.96%
1032  MF522951           4.53%    passed    100.00%
1033  KF148420           4.53%    passed     99.99%
1034  MG660637           4.53%    passed    100.00%
1035  KF148155           4.53%    passed     99.99%
1036  NA18631            4.54%    passed     99.97%
1037  HGDP01248          4.53%    passed    100.00%
1038  FJ951478           4.53%    passed    100.00%
1039  KF148099           4.53%    passed     99.99%
1040  FJ951440           4.53%    passed    100.00%
1041  MH449480           4.54%    passed    100.00%
1042  HGDP01309          4.53%    passed    100.00%
1043  MG272743           4.53%    passed    100.00%
1044  HG00864            4.53%    passed    100.00%
1045  KT725938           4.53%    passed     99.93%
1046  FJ951561           4.53%    passed    100.00%
1047  HGDP00949          4.53%    passed    100.00%
1048  KF148523           4.53%    passed     99.99%
1049  KU683281           4.53%    passed    100.00%
1050  FJ951594           4.54%    passed    100.00%
1051  PV067319           4.54%    passed    100.00%
1052  MH449298           4.54%    passed    100.00%
1053  KX456456           4.54%    passed    100.00%
1054  HG00590            4.53%    passed    100.00%
1055  MG272833           4.53%    passed    100.00%
1056  MG273009           4.53%    passed    100.00%
1057  HG01942            4.53%    passed     99.99%
1058  FJ951601           4.53%    passed     99.96%
1059  MF523007           4.53%    passed     99.99%
1060  AY255174           4.53%    passed    100.00%
1061  PV695670           4.53%    passed     99.97%
1062  KU683370           4.53%    passed    100.00%
1063  KT213756           4.53%    passed     99.96%
1064  KT213796           4.53%    passed     99.96%
1065  MG660649           4.53%    passed    100.00%
1066  KF148514           4.53%    passed     99.99%
1067  MG660625           4.53%    passed     99.99%
1068  KU683538           4.53%    passed    100.00%
1069  GQ895155           4.54%    passed     99.98%
1070  FJ951439           4.53%    passed    100.00%
1071  KX456437           4.54%    passed     99.99%
1072  KX456466           4.54%    passed    100.00%
1073  MH449311           4.54%    passed    100.00%
1074  MG272781           4.53%    passed     99.99%
1075  HG02292            4.53%    passed     99.99%
1076  HG01932            4.53%    passed     99.89%
1077  MG660695           4.54%    passed     99.99%
1078  MF523205           4.53%    passed     99.99%
1079  MG660726           4.53%    passed     99.99%
1080  KF148424           4.53%    passed    100.00%
1081  MG660624           4.53%    passed     99.98%
1082  KX358471           4.53%    passed     99.99%
1083  FJ951518           4.53%    passed    100.00%
1084  KF056244           4.53%    passed     99.89%
1085  KT213759           4.53%    passed     99.98%
1086  PX366973           4.53%    passed    100.00%
1087  KX456514           4.54%    passed     99.98%
1088  KU683567           4.53%    passed    100.00%
1089  FJ951586           4.53%    passed     99.99%
1090  KX456452           4.54%    passed    100.00%
1091  PX366934           4.54%    passed     99.99%
1092  MH449112           4.54%    passed    100.00%
1093  HGDP01397          4.53%    passed    100.00%
1094  KX358499           4.59%    passed     99.95%
1095  MG660630           4.53%    passed     99.99%
1096  FJ951577           4.53%    passed     99.98%
1097  KF148501           4.53%    passed    100.00%
1098  MH449069           4.54%    passed     99.93%
1099  KF148236           4.53%    passed    100.00%
1100  MG660636           4.53%    passed    100.00%
1101  KF148308           4.53%    passed     99.99%
1102  KF148478           4.53%    passed    100.00%
1103  MG660725           4.52%    passed     99.99%
1104  KX456484           4.54%    passed    100.00%
1105  MH449535           4.54%    passed     99.99%
1106  MG272661           4.53%    passed    100.00%
1107  MG273068           4.53%    passed    100.00%
1108  KX456702           4.53%    passed    100.00%
1109  MG272747           4.53%    passed    100.00%
1110  MG273030           4.54%    passed     99.99%
1111  PV695705           4.54%    passed    100.00%
1112  HGDP01212          4.53%    passed     99.99%
1113  FJ951489           4.53%    passed    100.00%
1114  FJ951607           4.53%    passed     99.98%
1115  KU683031           4.53%    passed    100.00%
1116  KF148116           4.53%    passed    100.00%
1117  MG660616           4.53%    passed    100.00%
1118  KF148557           4.53%    passed     99.99%
1119  KF148511           4.53%    passed    100.00%
1120  OM194300           4.53%    passed     99.99%
1121  MH449457           4.54%    passed    100.00%
1122  KX456789           4.54%    passed     99.98%
1123  PV695772           4.54%    passed    100.00%
1124  PV695773           4.53%    passed     99.99%
1125  MF523034           4.54%    passed     99.96%
1126  MF523177           4.53%    passed    100.00%
1127  HGDP01104          4.53%    passed    100.00%
1128  KU683469           4.54%    passed     99.98%
1129  JF824987           4.53%    passed     99.99%
1130  KC911380           4.53%    passed     99.96%
1131  MG660610           4.53%    passed    100.00%
1132  KU682979           4.53%    passed    100.00%
1133  MG660622           4.53%    passed    100.00%
1134  MG660626           4.53%    passed     99.99%
1135  MG660619           4.53%    passed     99.99%
1136  FJ383606           4.53%    passed     99.96%
1137  KF056247           4.53%    passed     99.99%
1138  KF148217           4.53%    passed    100.00%
1139  KF148123           4.53%    passed     99.99%
1140  KF148527           4.53%    passed    100.00%
1141  KF148552           4.53%    passed    100.00%
1142  KU683291           4.53%    passed    100.00%
1143  KF148148           4.53%    passed    100.00%
1144  KU683315           4.53%    passed    100.00%
1145  HGDP00947          4.53%    passed    100.00%
1146  MG660733           4.52%    passed     99.99%
1147  EU482303           4.53%    passed     99.98%
1148  KX456500           4.54%    passed    100.00%
1149  PV695779           4.54%    passed    100.00%
1150  MH449363           4.54%    passed    100.00%
1151  MH448954           4.54%    passed    100.00%
1152  MG272738           4.53%    passed    100.00%
1153  KX456470           4.53%    passed     99.99%
1154  HG01965            4.54%    passed     99.98%
1155  KX358478           4.53%    passed     99.99%
1156  KX358484           4.53%    passed     99.98%
1157  JX266268           4.55%    passed    100.00%
1158  FJ951443           4.53%    passed     99.99%
1159  FJ951475           4.53%    passed     99.98%
1160  FJ951539           4.53%    passed     99.98%
1161  KX456559           4.53%    passed     99.96%
1162  FJ951548           4.53%    passed     99.99%
1163  FJ383615           4.53%    passed    100.00%
1164  KF148122           4.53%    passed     99.99%
1165  KU682913           4.53%    passed    100.00%
1166  MG660721           4.53%    passed     99.99%
1167  HGDP00950          4.53%    passed    100.00%
1168  KX456539           4.54%    passed    100.00%
1169  MH449001           4.54%    passed    100.00%
1170  KF540785           4.53%    passed    100.00%
1171  KX457450           4.54%    passed    100.00%
1172  HGDP01021          4.53%    passed    100.00%
1173  PX366811           4.54%    passed     99.99%
1174  MT418943           4.54%    passed    100.00%
1175  HG01341            4.53%    passed     99.99%
1176  HG02266            4.54%    passed     99.96%
1177  FJ951604           4.54%    passed    100.00%
1178  MG660702           4.53%    passed     99.99%
1179  KU683046           4.54%    passed     99.99%
1180  MT554223           4.53%    passed    100.00%
1181  KU683425           4.53%    passed     99.99%
1182  KF148246           4.53%    passed    100.00%
1183  KU683056           4.53%    passed    100.00%
1184  FJ951532           4.53%    passed     99.99%
1185  FJ951572           4.53%    passed     99.99%
1186  MG778683           4.53%    passed     99.99%
1187  OM194324           4.53%    passed    100.00%
1188  MH449188           4.54%    passed     99.93%
1189  KT726119           4.53%    passed     99.90%
1190  KT213827           4.53%    passed     99.98%
1191  OM194274           4.53%    passed    100.00%
1192  MG660737           4.54%    passed    100.00%
1193  MG660631           4.53%    passed     99.98%
1194  MG660718           4.53%    passed    100.00%
1195  KU683025           4.54%    passed    100.00%
1196  HG02116            4.53%    passed     99.99%
1197  FJ951515           4.53%    passed    100.00%
1198  FJ951464           4.53%    passed     99.99%
1199  HGDP01241          4.53%    passed    100.00%
1200  KF540681           4.53%    passed    100.00%
1201  MH448955           4.54%    passed    100.00%
1202  PV695859           4.54%    passed    100.00%
1203  KX456856           4.53%    passed     99.99%
1204  JN253391           4.54%    passed     99.99%
1205  KF540670           4.54%    passed     99.96%
1206  KU683564           4.53%    passed    100.00%
1207  PV695933           4.53%    passed     99.99%
1208  FJ858882           4.53%    passed     99.94%
1209  FJ383195           4.53%    passed     99.97%
1210  KU683217           4.53%    passed     99.91%
1211  FJ951511           4.53%    passed     99.93%
1212  KU683478           4.53%    passed     99.99%
1213  MT418946           4.54%    passed     99.99%
1214  GWHBEFD01000001    4.53%    passed    100.00%
1215  EU482308           4.53%    passed     99.97%
1216  AP010985           4.53%    passed     99.95%
1217  KF540926           4.53%    passed     99.96%
1218  FJ748747           4.53%    passed    100.00%
1219  HM036553           4.53%    passed     99.98%
1220  NA18558            4.53%    passed     99.96%
1221  HG01917            4.53%    passed     99.91%
1222  KX456548           4.53%    passed    100.00%
1223  HGDP00754          4.53%    passed     99.99%
1224  SCsq0072           4.53%    passed    100.00%
1225  NA18573            4.53%    passed     99.98%
1226  MF522940           4.53%    passed     99.99%
1227  KF148086           4.53%    passed    100.00%
1228  MH449400           4.53%    passed     99.99%
1229  FJ383190           4.53%    passed     99.94%
1230  PV695977           4.53%    passed    100.00%
1231  HG00578            4.54%    passed     99.98%
1232  EU482325           4.53%    passed     99.95%
1233  PX366858           4.53%    passed     99.97%
1234  NA18757            4.53%    passed     99.99%
1235  KF148393           4.53%    passed     99.96%
1236  GWHBEFJ01000001    4.53%    passed    100.00%
1237  KF148268           4.53%    passed    100.00%
1238  KT726148           4.53%    passed     99.98%
1239  AP010713           4.53%    passed    100.00%
1240  GWHBEEC01000001    4.53%    passed     99.99%
1241  GWHBEEF01000001    4.53%    passed    100.00%
1242  GWHBEGD01000001    4.53%    passed    100.00%
1243  KF148126           4.54%    passed    100.00%
1244  MF522929           4.54%    passed     99.94%
1245  KF148068           4.53%    passed     99.97%
1246  PV695750           4.53%    passed     99.99%
1247  GWHBEEI01000001    4.53%    passed    100.00%
1248  KF148431           4.53%    passed     99.96%
1249  NA18605            4.53%    passed     99.93%
1250  KF540696           4.53%    passed    100.00%
1251  KT725903           5.17%    passed     99.77%
1252  GWHBEHH01000001    4.53%    passed     99.98%
1253  KT725951           4.53%    passed    100.00%
1254  NA18532            4.54%    passed    100.00%
1255  HG00702            4.54%    passed     99.95%
1256  HGDP01010          4.53%    passed    100.00%
1257  AP008876           4.53%    passed     99.99%
1258  FJ951591           4.54%    passed     99.99%
1259  FJ951557           4.53%    passed     99.90%
1260  GWHBEHG01000001    4.53%    passed    100.00%
1261  KX457600           4.53%    passed     99.97%
1262  HG02008            4.54%    passed     99.97%
1263  HG01579            4.53%    passed    100.00%
1264  KX457226           4.53%    passed    100.00%
1265  KF148461           4.53%    passed     99.95%
1266  KT725909           4.53%    passed     99.99%
1267  GWHBEHU01000001    4.53%    passed     99.98%
1268  PX366790           4.54%    passed     99.94%
1269  NA19010            4.54%    passed     99.96%
1270  KU683197           4.53%    passed     99.93%
1271  KF540923           4.53%    passed     99.95%
1272  KX456977           4.53%    passed     99.99%
1273  AP008264           4.54%    passed     99.96%
1274  MG660763           4.53%    passed     99.94%
1275  GWHBEHM01000001    4.53%    passed    100.00%
1276  KF148136           4.54%    passed     99.98%
1277  PV695833           4.54%    passed     99.94%
1278  KF540738           4.53%    passed     99.97%
1279  JF824913           4.53%    passed    100.00%
1280  HGDP00811          4.53%    passed    100.00%
1281  GWHBEED01000001    4.53%    passed     99.99%
1282  KF540701           4.53%    passed     99.97%
1283  NA19002            4.53%    passed     99.88%
1284  KU521431           4.53%    passed     99.97%
1285  HG00630            4.53%    passed     99.95%
1286  GWHBEFH01000001    4.53%    passed     99.98%
1287  GWHBEEG01000001    4.53%    passed    100.00%
1288  KF540592           4.53%    passed     99.99%
1289  KU683225           4.53%    passed     99.93%
1290  KF148091           4.53%    passed     99.99%
1291  MF522901           4.53%    passed     99.98%
1292  FJ383177           4.53%    passed     99.95%
1293  KU682991           4.53%    passed     99.97%
1294  NA18623            4.53%    passed     99.99%
1295  HG01852            4.53%    passed     99.93%
1296  HG00698            4.53%    passed     99.99%
1297  GWHBEFC01000001    4.54%    passed    100.00%
1298  GWHBEGL01000001    4.53%    passed    100.00%
1299  KF148133           4.54%    passed     99.98%
1300  KF540723           4.53%    passed     99.92%
1301  PX366971           4.53%    passed     99.99%
1302  MT419204           4.53%    passed     99.99%
1303  KU683333           4.53%    passed     99.98%
1304  PV695928           4.54%    passed     99.90%
1305  GU733760           4.53%    passed     99.99%
1306  KU682915           4.53%    passed     99.93%
1307  JF824944           4.53%    passed    100.00%
1308  KF541025           4.53%    passed    100.00%
1309  KF148215           4.53%    passed     99.94%
1310  KT726079           4.53%    passed     99.99%
1311  MH449066           4.53%    passed     99.97%
1312  KF540680           4.53%    passed    100.00%
1313  MG273132           4.53%    passed    100.00%
1314  MH449139           4.53%    passed    100.00%
1315  GWHBEHP01000001    4.53%    passed    100.00%
1316  PX366797           4.53%    passed     99.99%
1317  MH449555           4.53%    passed    100.00%
1318  SCsq0022           4.53%    passed     99.95%
1319  FJ951592           4.53%    passed    100.00%
1320  KU682896           4.53%    passed     99.93%
1321  GWHBEFE01000001    4.53%    passed    100.00%
1322  GWHBEEQ01000001    4.53%    passed     99.99%
1323  HGDP00688          4.54%    passed     99.99%
1324  KF148151           4.54%    passed     99.99%
1325  KU682952           4.53%    passed     99.94%
1326  KF540755           4.53%    passed     99.93%
1327  KF540934           4.53%    passed     99.96%
1328  KX456828           4.54%    passed     99.99%
1329  GWHBEFT01000001    4.53%    passed    100.00%
1330  GWHBEDY01000001    4.53%    passed     99.99%
1331  MH449398           4.53%    passed     99.99%
1332  AP013256           4.53%    passed     99.99%
1333  MH449442           4.53%    passed     99.99%
1334  PV695876           4.53%    passed     99.99%
1335  KX457263           4.53%    passed    100.00%
1336  SCsq0089           4.53%    passed     99.99%
1337  HG00699            4.53%    passed    100.00%
1338  SCsq0035           4.53%    passed    100.00%
1339  GWHBEGY01000001    4.54%    passed     99.99%
1340  GWHBEEU01000001    4.53%    passed    100.00%
1341  GWHBEFL01000001    4.53%    passed    100.00%
1342  AP013278           4.53%    passed    100.00%
1343  KU683301           4.54%    passed    100.00%
1344  KT726033           4.54%    passed     99.96%
1345  HG00474            4.53%    passed    100.00%
1346  PX367027           4.53%    passed    100.00%
1347  KF148380           4.54%    passed    100.00%
1348  KF540657           4.54%    passed    100.00%
1349  MT418988           4.53%    passed    100.00%
1350  KX358504           4.53%    passed     99.97%
1351  HG00582            4.53%    passed     99.98%
1352  KX457343           4.53%    passed    100.00%
1353  PP654678           4.53%    passed     99.97%
1354  KT726115           4.53%    passed     99.97%
1355  MG660657           4.53%    passed     99.99%
1356  KU682959           4.53%    passed     99.98%
1357  AP008312           4.53%    passed    100.00%
1358  AY255165           4.59%    passed     99.78%
1359  MH449165           4.54%    passed     99.92%
1360  AP008458           4.53%    passed     99.98%
1361  HG00629            4.53%    passed     99.95%
1362  KX457526           4.54%    passed     99.99%
1363  HGDP01296          4.53%    passed     99.96%
1364  FJ951556           4.54%    passed     99.99%
1365  KU683202           4.54%    passed     99.99%
1366  KU521422           4.53%    passed     99.97%
1367  HG00685            4.53%    passed     99.97%
1368  KU683403           4.53%    passed     99.91%
1369  HG01577            4.54%    passed     99.98%
1370  JF824877           4.54%    passed     99.95%
1371  MF523115           4.53%    passed     99.99%
1372  KX456675           4.53%    passed     99.99%
1373  KX456676           4.53%    passed     99.99%
1374  NA19085            4.53%    passed     99.97%
1375  HG00694            4.54%    passed     99.94%
1376  JQ704956           4.54%    passed     99.96%
1377  JF824823           4.53%    passed     99.95%
1378  MG273101           4.53%    passed     99.95%
1379  GWHBEEL01000001    4.53%    passed    100.00%
1380  KU683569           4.53%    passed     99.98%
1381  KF148312           4.54%    passed     99.99%
1382  KU683000           4.54%    passed    100.00%
1383  HGDP01239          4.54%    passed     99.98%
1384  KF148389           4.53%    passed     99.97%
1385  PV695739           4.53%    passed     99.84%
1386  KU683230           4.53%    passed     99.89%
1387  SCsq0033           4.54%    passed     99.96%
1388  HGDP00782          4.53%    passed     99.95%
1389  KF148367           4.54%    passed     99.96%
1390  DQ272113           4.54%    passed    100.00%
1391  FJ951453           4.53%    passed     99.90%
1392  KT726068           4.53%    passed     99.98%
1393  AP008519           4.76%    passed     99.94%
1394  KU683546           4.53%    passed     99.93%
1395  OL619902           4.53%    passed     99.99%
1396  SCsq0091           4.53%    passed    100.00%
1397  FJ748716           4.53%    passed    100.00%
1398  PV695678           4.53%    passed    100.00%
1399  NA19086            4.53%    passed     99.99%
1400  NA18535            4.53%    passed     99.96%
1401  HG00693            4.54%    passed     99.92%
1402  KF148234           4.53%    passed     99.96%
1403  PV695737           4.53%    passed     99.84%
1404  HM357822           4.53%    passed     99.92%
1405  GWHBEFG01000001    4.54%    passed     99.99%
1406  GWHBEHN01000001    4.53%    passed    100.00%
1407  KU683465           4.53%    passed     99.99%
1408  HGDP00761          4.53%    passed     99.96%
1409  NA18595            4.53%    passed     99.90%
1410  MT419153           4.53%    passed     99.98%
1411  KX457086           4.54%    passed     99.99%
1412  JN375993           4.54%    passed     99.97%
1413  SCsq0082           4.53%    passed    100.00%
1414  EU007895           4.53%    passed     99.98%
1415  KF874374           4.53%    passed     99.98%
1416  KX456836           4.54%    passed     99.93%
1417  HG00851            4.54%    passed     99.96%
1418  MT419014           4.53%    passed    100.00%
1419  MH448973           4.53%    passed    100.00%
1420  MT419309           4.53%    passed     99.99%
1421  NA19081            4.53%    passed     99.99%
1422  GWHBEFW01000001    4.53%    passed     99.99%
1423  GWHBEEK01000001    4.53%    passed    100.00%
1424  GWHBEEY01000001    4.53%    passed    100.00%
1425  GWHBEEP01000001    4.54%    passed    100.00%
1426  KU683366           4.53%    passed     99.95%
1427  FJ383188           4.53%    passed    100.00%
1428  KU683109           4.53%    passed     99.99%
1429  NA18530            4.53%    passed     99.88%
1430  HGDP00952          4.53%    passed     99.97%
1431  KU683279           4.53%    passed     99.84%
1432  MG660654           4.53%    passed     99.99%
1433  MG660652           4.53%    passed     99.99%
1434  MF523104           4.53%    passed     99.99%
1435  MH449055           4.53%    passed     99.99%
1436  PX366980           4.53%    passed    100.00%
1437  SCsq0047           4.53%    passed    100.00%
1438  PX366911           4.54%    passed     99.95%
1439  NA18966            4.54%    passed     99.93%
1440  PX366963           4.53%    passed     99.99%
1441  SCsq0034           4.53%    passed     99.95%
1442  KU683419           4.53%    passed     99.93%
1443  GWHBEEH01000001    4.53%    passed    100.00%
1444  HGDP01190          4.53%    passed     99.97%
1445  KU683382           4.53%    passed     99.98%
1446  KF056276           4.53%    passed     99.99%
1447  KF148495           4.53%    passed     99.99%
1448  KF148366           4.54%    passed     99.98%
1449  KT726071           4.54%    passed     99.99%
1450  PX366831           4.54%    passed     99.99%
1451  KT725952           4.53%    passed     99.99%
1452  KF540717           4.54%    passed     99.92%
1453  MT419044           4.54%    passed     99.93%
1454  NA19701            4.54%    passed     99.78%
1455  HG01998            4.53%    passed     99.97%
1456  HG02274            4.53%    passed     99.98%
1457  KU683185           4.53%    passed     99.90%
1458  HGDP00753          4.53%    passed     99.99%
1459  KU682967           4.53%    passed     99.95%
1460  HG00881            4.54%    passed     99.96%
1461  PX366918           4.54%    passed     99.94%
1462  FJ493502           4.54%    passed    100.00%
1463  PV695730           4.54%    passed    100.00%
1464  AP009433           4.53%    passed     99.89%
1465  AP008380           4.53%    passed     99.97%
1466  MF522924           4.53%    passed     99.96%
1467  PV695802           4.54%    passed     99.97%
1468  GWHBEEO01000001    4.53%    passed    100.00%
1469  GWHBEFV01000001    4.53%    passed    100.00%
1470  KU683432           4.53%    passed     99.98%
1471  KU683582           4.53%    passed    100.00%
1472  EU007867           4.53%    passed     99.99%
1473  KT725936           4.53%    passed     99.91%
1474  FJ383185           4.53%    passed    100.00%
1475  MT419195           4.53%    passed     99.99%
1476  OM194235           4.53%    passed     99.97%
1477  KU683436           4.54%    passed     99.95%
1478  FJ383211           4.53%    passed    100.00%
1479  AP008409           4.53%    passed    100.00%
1480  HGDP00763          4.53%    passed    100.00%
1481  PP654691           4.53%    passed     99.97%
1482  AP010743           4.53%    passed     99.97%
1483  KF540786           4.53%    passed     99.89%
1484  KU521424           4.54%    passed     99.97%
1485  KF540561           4.53%    passed     99.99%
1486  NA19702            4.53%    passed     99.77%
1487  NA19719            4.53%    passed     99.99%
1488  HG01921            4.53%    passed     99.98%
1489  HGDP01006          4.53%    passed    100.00%
1490  KX456518           4.53%    passed     99.99%
1491  MF523017           4.53%    passed     99.92%
1492  OM194311           4.53%    passed     99.99%
1493  MH449270           4.53%    passed    100.00%
1494  OM194249           4.53%    passed    100.00%
1495  MT419067           4.54%    passed     99.99%
1496  AP011004           4.54%    passed     99.98%
1497  KX457106           4.53%    passed     99.91%
1498  KF849965           4.53%    passed     99.89%
1499  HM776717           4.53%    passed     99.99%
1500  GWHBEHE01000001    4.53%    passed    100.00%
1501  FJ951534           4.53%    passed     99.99%
1502  KF056275           4.53%    passed     99.99%
1503  KU682966           4.53%    passed     99.98%
1504  FJ951461           4.54%    passed     99.97%
1505  KT726076           4.53%    passed     99.99%
1506  FJ748752           4.53%    passed     99.94%
1507  FJ748730           4.53%    passed     99.94%
1508  FJ383206           4.53%    passed     99.97%
1509  MT419335           4.56%    passed     99.94%
1510  JN580302           4.53%    passed     99.96%
1511  MH449125           4.53%    passed     99.98%
1512  MH449472           4.53%    passed     99.97%
1513  MH449099           4.53%    passed     99.97%
1514  HQ012259           4.53%    passed    100.00%
1515  HG02285            4.54%    passed    100.00%
1516  FJ951526           4.53%    passed     99.99%
1517  PV695941           4.53%    passed    100.00%
1518  KX456568           4.53%    passed    100.00%
1519  HG00619            4.53%    passed    100.00%
1520  NA18993            4.54%    passed     99.97%
1521  PV695951           4.54%    passed     99.97%
1522  NA18647            4.54%    passed     99.99%
1523  KF148474           4.53%    passed     99.95%
1524  HM852861           4.53%    passed     99.96%
1525  GWHBEEX01000001    4.53%    passed     99.99%
1526  MG273078           4.53%    passed     99.99%
1527  HG00581            4.53%    passed     99.98%
1528  AP008321           4.54%    passed    100.00%
1529  KF148569           4.54%    passed     99.98%
1530  MF522943           4.53%    passed     99.94%
1531  KF540674           4.53%    passed     99.94%
1532  JF824956           4.53%    passed     99.98%
1533  KF148400           4.53%    passed     99.97%
1534  KF540757           4.53%    passed     99.89%
1535  NA19759            4.53%    passed     99.99%
1536  KU682989           4.53%    passed     99.99%
1537  KF874375           4.53%    passed     99.98%
1538  FJ951490           4.53%    passed     99.93%
1539  HM030519           4.53%    passed    100.00%
1540  AP008348           4.53%    passed     99.99%
1541  KX457283           4.53%    passed     99.95%
1542  GWHBEFX01000001    4.53%    passed    100.00%
1543  GWHBEGA01000001    4.53%    passed    100.00%
1544  GWHBEGV01000001    4.53%    passed    100.00%
1545  MF522895           4.54%    passed    100.00%
1546  HGDP00720          4.53%    passed     99.98%
1547  KU683508           4.53%    passed     99.99%
1548  PV695847           4.53%    passed    100.00%
1549  FJ383200           4.53%    passed    100.00%
1550  MT419187           4.53%    passed     99.98%
1551  MH449364           4.53%    passed     99.99%
1552  AY195790           4.54%    passed     99.99%
1553  JF824902           4.53%    passed     99.99%
1554  HGDP00388          4.54%    passed     99.84%
1555  NA19006            4.53%    passed     99.97%
1556  KU683305           4.53%    passed     99.84%
1557  KF540746           4.53%    passed     99.89%
1558  PX366987           4.53%    passed     99.94%
1559  MH449140           4.53%    passed     99.98%
1560  MH449453           4.53%    passed     99.96%
1561  KT726023           4.53%    passed     99.99%
1562  KF540730           4.53%    passed     99.95%
1563  HG01922            4.53%    passed     99.99%
1564  KU682958           4.53%    passed     99.93%
1565  KU682981           4.53%    passed     99.90%
1566  KF148226           4.53%    passed     99.99%
1567  MT419128           4.53%    passed     99.99%
1568  KU683131           4.53%    passed    100.00%
1569  PX366901           4.53%    passed     99.97%
1570  AP008757           4.54%    passed     99.97%
1571  HGDP00779          4.54%    passed     99.97%
1572  PV067366           4.53%    passed     99.95%
1573  PV067368           4.53%    passed     99.95%
1574  AP008637           4.53%    passed    100.00%
1575  HM357813           4.53%    passed    100.00%
1576  KX456689           4.53%    passed     99.97%
1577  FJ951549           4.53%    passed     99.98%
1578  FJ951525           4.53%    passed     99.89%
1579  GWHBEGZ01000001    4.53%    passed     99.99%
1580  FJ951469           4.54%    passed     99.96%
1581  KX457193           4.53%    passed     99.95%
1582  KU683424           4.53%    passed    100.00%
1583  FJ383183           4.53%    passed    100.00%
1584  FJ951509           4.54%    passed    100.00%
1585  KU683024           4.54%    passed    100.00%
1586  HG00628            4.53%    passed     99.94%
1587  KF148078           4.53%    passed     99.97%
1588  JF824991           4.54%    passed     99.98%
1589  HG02152            4.54%    passed     99.93%
1590  KF540939           4.53%    passed     99.95%
1591  KF540933           4.53%    passed     99.92%
1592  KF148291           4.53%    passed     99.98%
1593  PV695918           4.53%    passed     99.96%
1594  KF540715           4.53%    passed     99.99%
1595  PV695720           4.58%    passed     99.87%
1596  NA18972            4.54%    passed     99.98%
1597  MF523005           4.53%    passed     99.99%
1598  MG272675           4.53%    passed     99.95%
1599  PV695866           4.53%    passed     99.99%
1600  MT419042           4.53%    passed    100.00%
1601  OL619922           4.54%    passed     99.94%
1602  KU682949           4.53%    passed     99.96%
1603  GWHBEFO01000001    4.53%    passed     99.99%
1604  GWHBEEN01000001    4.53%    passed     99.98%
1605  GWHBEGW01000001    4.53%    passed    100.00%
1606  GWHBEGG01000001    4.53%    passed    100.00%
1607  GWHBEDU01000001    4.53%    passed     99.99%
1608  GWHBEGB01000001    4.53%    passed     99.99%
1609  NA19068            4.53%    passed     99.99%
1610  GWHBEGN01000001    4.53%    passed    100.00%
1611  FJ951484           4.54%    passed    100.00%
1612  KF148333           4.53%    passed    100.00%
1613  NA19057            4.53%    passed     99.97%
1614  KU683091           4.53%    passed     99.95%
1615  GU123036           4.53%    passed     99.99%
1616  MF522876           4.53%    passed     99.99%
1617  KF148170           4.53%    passed     99.99%
1618  KF148369           4.54%    passed     99.98%
1619  PX366861           4.62%    passed     99.77%
1620  KX457458           4.53%    passed     99.94%
1621  KF540758           4.53%    passed     99.93%
1622  HG01940            4.54%    passed    100.00%
1623  MH449164           4.53%    passed    100.00%
1624  PX366932           4.53%    passed     99.99%
1625  KX456992           4.53%    passed     99.98%
1626  HG01844            4.53%    passed    100.00%
1627  KT725885           4.54%    passed    100.00%
1628  FJ951470           4.54%    passed     99.99%
1629  KF148506           4.53%    passed     99.96%
1630  GWHBEDT01000001    4.53%    passed     99.94%
1631  GWHBEFK01000001    4.53%    passed    100.00%
1632  FJ951519           4.53%    passed    100.00%
1633  PV695788           4.53%    passed     99.99%
1634  KX358493           4.53%    passed     99.98%
1635  KU683552           4.53%    passed     99.98%
1636  FJ951491           4.53%    passed    100.00%
1637  KX457341           4.53%    passed    100.00%
1638  KF148336           4.54%    passed     99.98%
1639  KU683379           4.53%    passed     99.97%
1640  PX366777           4.53%    passed    100.00%
1641  FJ951479           4.53%    passed     99.97%
1642  NA19054            4.53%    passed     99.92%
1643  KT726100           4.53%    passed     99.99%
1644  KU683450           4.53%    passed     99.89%
1645  KX457371           4.54%    passed     99.87%
1646  AY255151           4.53%    passed     99.99%
1647  MT419262           4.53%    passed     99.97%
1648  KF148419           4.54%    passed    100.00%
1649  MH449026           4.53%    passed     99.99%
1650  KT587495           4.53%    passed    100.00%
1651  KX457006           4.53%    passed     99.99%
1652  PX366917           4.53%    passed    100.00%
1653  PV695969           4.54%    passed     99.95%
1654  AP013158           4.54%    passed     99.99%
1655  PV695923           4.54%    passed     99.92%
1656  FJ951578           4.53%    passed     99.89%
1657  HGDP01347          4.54%    passed     99.99%
1658  AP008730           4.53%    passed    100.00%
1659  JF271012           4.54%    passed     99.99%
1660  GWHBEFF01000001    4.53%    passed     99.99%
1661  KC733262           4.57%    passed    100.00%
1662  GWHBEHF01000001    4.53%    passed    100.00%
1663  PX366830           4.53%    passed    100.00%
1664  KX457362           4.53%    passed    100.00%
1665  MF522869           4.54%    passed    100.00%
1666  KU683511           4.53%    passed     99.96%
1667  KC911603           4.53%    passed     99.99%
1668  HGDP00969          4.53%    passed     99.95%
1669  FJ951458           4.53%    passed     99.98%
1670  KF148482           4.53%    passed     99.98%
1671  HGDP00254          4.53%    passed     99.99%
1672  KF148125           4.53%    passed     99.98%
1673  FJ748734           4.53%    passed     99.98%
1674  KU683058           4.54%    passed    100.00%
1675  FJ383215           4.53%    passed    100.00%
1676  KU683357           4.53%    passed     99.97%
1677  KU682919           4.53%    passed    100.00%
1678  MF523131           4.53%    passed     99.98%
1679  KU521421           4.53%    passed     99.99%
1680  KT725965           4.53%    passed     99.97%
1681  HM460795           4.53%    passed     99.94%
1682  NA18640            4.53%    passed     99.89%
1683  KT726040           4.54%    passed     99.98%
1684  KF148197           4.53%    passed     99.97%
1685  KF148305           4.53%    passed     99.98%
1686  MG272608           4.53%    passed     99.99%
1687  NA18648            4.54%    passed     99.99%
1688  KF540741           4.53%    passed     99.99%
1689  FJ383182           4.53%    passed     99.98%
1690  KF849918           4.53%    passed     99.99%
1691  HG00613            4.53%    passed    100.00%
1692  SCsq0092           4.54%    passed     99.99%
1693  AP008476           4.53%    passed     99.95%
1694  KU682969           4.54%    passed     99.99%
1695  HG02397            4.54%    passed     99.96%
1696  MF523014           4.54%    passed     99.97%
1697  NA18983            4.53%    passed     99.96%
1698  PV695727           4.53%    passed     99.97%
1699  AP008544           4.53%    passed     99.97%
1700  KX457297           4.53%    passed     99.97%
1701  GWHBEFN01000001    4.53%    passed    100.00%
1702  GWHBEFM01000001    4.53%    passed     99.99%
1703  GWHBEHJ01000001    4.53%    passed    100.00%
1704  GWHBEDW01000001    4.53%    passed    100.00%
1705  GWHBEGO01000001    4.53%    passed    100.00%
1706  GWHBEGI01000001    4.53%    passed     99.98%
1707  GWHBEES01000001    4.53%    passed    100.00%
1708  GWHBEHQ01000001    4.53%    passed    100.00%
1709  KU683427           4.53%    passed     99.98%
1710  FJ383186           4.53%    passed    100.00%
1711  KX457013           4.53%    passed    100.00%
1712  KT726111           4.53%    passed     99.98%
1713  MF522915           4.53%    passed     99.98%
1714  AP009469           4.54%    passed     99.93%
1715  MH449083           4.53%    passed     99.99%
1716  FJ383180           4.54%    passed     99.94%
1717  KF148098           4.53%    passed     99.97%
1718  KF056267           4.53%    passed     99.96%
1719  KU683455           4.53%    passed     99.94%
1720  AP011041           4.53%    passed     99.90%
1721  HG00580            4.53%    passed     99.94%
1722  KU521429           4.54%    passed     99.98%
1723  KF540895           4.53%    passed     99.93%
1724  KU521427           4.53%    passed     99.94%
1725  PX366791           4.53%    passed    100.00%
1726  KT726013           4.53%    passed    100.00%
1727  JN866825           4.53%    passed    100.00%
1728  KX358482           4.53%    passed     99.92%
1729  PX366982           4.53%    passed     99.97%
1730  PV695770           4.53%    passed     99.99%
1731  SCsq0016           4.53%    passed     99.99%
1732  AP010983           4.53%    passed     99.93%
1733  AP010711           4.53%    passed    100.00%
1734  MT418971           4.53%    passed     99.99%
1735  PV695878           4.53%    passed    100.00%
1736  AP013233           4.53%    passed    100.00%
1737  GWHBEEM01000001    4.53%    passed    100.00%
1738  KT725882           4.53%    passed     99.99%
1739  KT725908           4.53%    passed     99.98%
1740  KT725935           4.53%    passed    100.00%
1741  GWHBEHI01000001    4.53%    passed    100.00%
1742  AP013281           4.53%    passed     99.96%
1743  PV695954           4.53%    passed     99.97%
1744  PV695863           4.53%    passed     99.99%
1745  MT419186           4.53%    passed     99.98%
1746  EU482377           4.54%    passed     99.98%
1747  EU482366           4.54%    passed    100.00%
1748  KX457028           4.53%    passed     99.99%
1749  HGDP00364          4.54%    passed     99.77%
1750  PX366946           4.54%    passed     99.98%
1751  KT725954           4.53%    passed     99.98%
1752  KT726092           4.53%    passed     99.98%
1753  KF148452           4.53%    passed     99.97%
1754  AP008771           4.53%    passed     99.84%
1755  KC994014           4.53%    passed     99.96%
1756  HG00657            4.53%    passed     99.97%
1757  MT419295           4.54%    passed     99.84%
1758  PV695742           4.54%    passed     99.98%
1759  HG01578            4.53%    passed    100.00%
1760  EF153800           4.53%    passed     99.99%
1761  OM194318           4.53%    passed     99.99%
1762  PX367007           4.54%    passed     99.98%
1763  AP010720           4.53%    passed     99.99%
1764  MK180577           4.53%    passed     99.98%
1765  FJ951499           4.54%    passed     99.95%
1766  PX366970           4.54%    passed     99.97%
1767  FJ951546           4.54%    passed    100.00%
1768  FJ951471           4.53%    passed     99.99%
1769  GWHBEEE01000001    4.53%    passed    100.00%
1770  GWHBEFY01000001    4.53%    passed     99.99%
1771  GWHBEHL01000001    4.53%    passed    100.00%
1772  AP008524           4.53%    passed    100.00%
1773  GWHBEGU01000001    4.53%    passed     99.99%
1774  GWHBEEV01000001    4.54%    passed    100.00%
1775  GWHBEGH01000001    4.53%    passed    100.00%
1776  OM194226           4.53%    passed    100.00%
1777  NA18562            4.53%    passed     99.99%
1778  KU683096           4.53%    passed    100.00%
1779  HM044855           4.53%    passed     99.98%
1780  PV695930           4.53%    passed     99.96%
1781  AP008390           4.53%    passed     99.96%
1782  FJ951554           4.54%    passed     99.99%
1783  KF056268           4.53%    passed     99.94%
1784  KT726152           4.53%    passed     99.96%
1785  HG00475            4.53%    passed     99.95%
1786  KT726083           4.53%    passed     99.99%
1787  KF148438           4.53%    passed     99.96%
1788  KF148328           4.53%    passed     99.91%
1789  KF540856           4.53%    passed     99.98%
1790  HG00658            4.53%    passed     99.94%
1791  NA19074            4.53%    passed     99.95%
1792  KU683499           4.54%    passed     99.94%
1793  HG00473            4.53%    passed    100.00%
1794  GU733725           4.53%    passed     99.99%
1795  GQ119022           4.53%    passed     99.99%
1796  HGDP00861          4.53%    passed     99.93%
1797  MG660655           4.53%    passed     99.99%
1798  MH449377           4.53%    passed     99.99%
1799  HG00652            4.53%    passed     99.99%
1800  PX366960           4.53%    passed    100.00%
1801  KF540837           4.53%    passed    100.00%
1802  MK217943           4.53%    passed     99.98%
1803  MK180572           4.53%    passed     99.98%
1804  FJ951538           4.54%    passed    100.00%
1805  NA19076            4.53%    passed     99.95%
1806  KT725924           4.53%    passed     99.99%
1807  KX457105           4.53%    passed     99.91%
1808  FJ951524           4.53%    passed     99.98%
1809  AP008408           4.53%    passed     99.99%
1810  AP010831           4.53%    passed    100.00%
1811  GWHBEGR01000001    4.53%    passed     99.99%
1812  GWHBEHK01000001    4.53%    passed    100.00%
1813  GWHBEHB01000001    4.53%    passed    100.00%
1814  KT725930           4.54%    passed    100.00%
1815  GWHBEEB01000001    4.53%    passed     99.99%
1816  GWHBEFZ01000001    4.54%    passed    100.00%
1817  GWHBEHO01000001    4.53%    passed    100.00%
1818  FJ168712           4.53%    passed     99.98%
1819  GWHBEGM01000001    4.54%    passed    100.00%
1820  FJ951544           4.53%    passed     99.96%
1821  KX457188           4.53%    passed     99.95%
1822  NA20524            4.53%    passed     99.99%
1823  FJ383203           4.53%    passed    100.00%
1824  KX457335           4.53%    passed    100.00%
1825  GQ895153           4.53%    passed    100.00%
1826  KU682914           4.53%    passed     99.96%
1827  MG660629           4.53%    passed     99.97%
1828  DQ272107           4.53%    passed     99.96%
1829  KU683513           4.53%    passed     99.96%
1830  KU683146           4.54%    passed    100.00%
1831  AP008819           4.53%    passed     99.99%
1832  KF148118           4.54%    passed    100.00%
1833  KF148104           4.54%    passed    100.00%
1834  KU683191           4.54%    passed    100.00%
1835  KU683212           4.54%    passed     99.99%
1836  HGDP00968          4.54%    passed     99.99%
1837  PV695719           4.54%    passed     99.99%
1838  AP011023           4.53%    passed     99.93%
1839  KU683575           4.53%    passed     99.94%
1840  FJ383209           4.53%    passed     99.97%
1841  KF148563           4.53%    passed     99.97%
1842  KF148073           4.53%    passed     99.98%
1843  KF849928           4.54%    passed     99.96%
1844  AP008345           4.53%    passed     99.80%
1845  KU521430           4.53%    passed     99.98%
1846  MG272772           4.53%    passed     99.96%
1847  KT725968           4.53%    passed    100.00%
1848  HQ012250           4.53%    passed    100.00%
1849  KU682872           4.53%    passed     99.92%
1850  OL619939           4.53%    passed     99.99%
1851  KF056279           4.54%    passed    100.00%
1852  PX366876           4.53%    passed     99.99%
1853  PV695894           4.53%    passed    100.00%
1854  HGDP01349          4.53%    passed     99.96%
1855  NA19063            4.54%    passed    100.00%
1856  AY255160           4.53%    passed    100.00%
1857  JX289096           4.54%    passed     99.99%
1858  GU123043           4.53%    passed     99.95%
1859  SCsq0081           4.54%    passed    100.00%
1860  NA18998            4.54%    passed     99.97%
1861  FJ951535           4.54%    passed     99.96%
1862  HG00625            4.54%    passed     99.97%
1863  FJ951574           4.54%    passed    100.00%
1864  KU683034           4.53%    passed    100.00%
1865  KU683335           4.53%    passed     99.99%
1866  NA18978            4.53%    passed     99.97%
1867  KU682877           4.53%    passed     99.95%
1868  FJ951571           4.53%    passed     99.94%
1869  AP008739           4.53%    passed    100.00%
1870  SCsq0052           4.53%    passed     99.97%
1871  NA19000            4.53%    passed     99.84%
1872  PX366995           4.53%    passed     99.83%
1873  FJ383179           4.53%    passed     99.93%
1874  GWHBEHT01000001    4.53%    passed    100.00%
1875  AP008416           4.54%    passed    100.00%
1876  GWHBEGS01000001    4.53%    passed    100.00%
1877  GWHBEHC01000001    4.53%    passed     99.99%
1878  GWHBEHA01000001    4.53%    passed    100.00%
1879  GWHBEFR01000001    4.53%    passed    100.00%
1880  GWHBEGT01000001    4.53%    passed     99.99%
1881  GWHBEHS01000001    4.53%    passed    100.00%
1882  AP008782           4.53%    passed    100.00%
1883  KU683518           4.53%    passed     99.99%
1884  KF540585           4.54%    passed     99.98%
1885  JF742200           4.54%    passed     99.96%
1886  KU683349           4.58%    passed     99.94%
1887  MF522953           4.53%    passed     99.99%
1888  MG273056           4.53%    passed     99.99%
1889  MT419139           4.53%    passed     99.96%
1890  NA18959            4.53%    passed     99.99%
1891  MF522933           4.53%    passed     99.98%
1892  KF148541           4.53%    passed     99.98%
1893  FJ951456           4.53%    passed     99.94%
1894  KF148187           4.53%    passed     99.99%
1895  MF522945           4.54%    passed    100.00%
1896  AP008432           4.54%    passed    100.00%
1897  KF148355           4.54%    passed     99.99%
1898  SCsq0066           4.53%    passed     99.99%
1899  EU007863           4.53%    passed    100.00%
1900  PV695970           4.54%    passed     99.96%
1901  NA18531            4.53%    passed     99.99%
1902  PX366788           4.56%    passed     99.94%
1903  KU683408           4.53%    passed     99.94%
1904  PX366904           4.53%    passed    100.00%
1905  AY255162           4.53%    passed     99.98%
1906  KT726067           4.53%    passed     99.97%
1907  KF148386           4.53%    passed     99.96%
1908  KF148074           4.53%    passed     99.98%
1909  KF056266           4.53%    passed     99.96%
1910  KT726146           4.53%    passed     99.98%
1911  KT725929           4.53%    passed     99.99%
1912  KF540520           4.53%    passed     99.98%
1913  HGDP00960          4.53%    passed     99.77%
1914  HG00703            4.53%    passed     99.94%
1915  KF540882           4.53%    passed     99.89%
1916  KF540902           4.53%    passed     99.89%
1917  KU521426           4.53%    passed     99.98%
1918  KF540841           4.53%    passed     99.96%
1919  HGDP01336          4.53%    passed    100.00%
1920  EF093539           4.53%    passed     99.96%
1921  MF058321           4.53%    passed     99.96%
1922  PP654839           4.53%    passed     99.98%
1923  GU733808           4.53%    passed     99.95%
1924  MF057746           4.53%    passed     99.99%
1925  MF056259           4.53%    passed     99.98%
1926  KF540949           4.53%    passed     99.94%
1927  GU733780           4.53%    passed     99.96%
1928  MF056670           4.54%    passed     99.98%
1929  MF056380           4.53%    passed     99.98%
1930  MF057804           4.53%    passed     99.98%
1931  KF540524           4.53%    passed     99.98%
1932  MF058476           4.53%    passed     99.97%
1933  MF055767           4.53%    passed     99.97%
1934  KF540805           4.53%    passed     99.97%
1935  KF540525           4.53%    passed     99.98%
1936  EF093550           4.53%    passed    100.00%
1937  MF057562           4.53%    passed     99.99%
1938  GU733807           4.53%    passed     99.88%
1939  MF056092           4.53%    passed    100.00%
1940  MF057163           4.54%    passed     99.98%
1941  KF540968           4.53%    passed    100.00%
1942  MF057410           4.53%    passed     99.98%
1943  PX273101           4.53%    passed    100.00%
1944  MF056242           4.53%    passed     99.96%
1945  PV067347           4.54%    passed     99.94%
1946  MF058474           4.53%    passed     99.98%
1947  MF056492           9.98%    passed     66.77%
1948  PV067343           4.54%    passed     99.92%
1949  KF540532           4.53%    passed     99.96%
1950  MF057791           4.53%    passed     99.98%
1951  KF540601           4.53%    passed     99.98%
1952  MF056094           4.53%    passed    100.00%
1953  MF056420           4.53%    passed     99.97%
1954  MF056691           4.53%    passed     99.98%
1955  MF058285           4.53%    passed     99.97%
1956  MF058444           4.53%    passed     99.97%
1957  MF056639           4.53%    passed     99.97%
1958  MF056637           4.53%    passed     99.98%
1959  KF540886           4.53%    passed     99.96%
1960  HQ700865           4.53%    passed     99.99%
1961  KF540515           4.53%    passed     99.98%
1962  GU810007           4.53%    passed     99.92%
1963  KF540844           4.53%    passed     99.99%
1964  GU733781           4.53%    passed     99.96%
1965  KF540851           4.53%    passed     99.96%
1966  MF056683           4.53%    passed     99.98%
1967  GU733721           4.53%    passed     99.98%
1968  MF056124           4.53%    passed     99.98%
1969  KF540588           4.53%    passed     99.96%
1970  MF056792           4.53%    passed     99.98%
1971  MF055844           4.53%    passed     99.97%
1972  GU733758           4.53%    passed     99.97%
1973  KF540780           4.53%    passed    100.00%
1974  MF058501           4.54%    passed     99.98%
1975  MF057926           4.53%    passed     99.96%
1976  KF540854           4.53%    passed    100.00%
1977  MF055833           4.53%    passed     99.98%
1978  MF056440           4.53%    passed     99.96%
1979  MF056858           4.53%    passed     99.99%
1980  MF056787           4.53%    passed     99.97%
1981  KF540581           4.53%    passed    100.00%
1982  KF540618           4.53%    passed     99.98%
1983  MF056779           5.07%    passed     99.75%
1984  KF540615           4.53%    passed     99.98%
1985  KF540950           4.53%    passed     99.94%
1986  MF057611           4.53%    passed     99.97%
1987  KF540549           4.53%    passed     99.98%
1988  KF540559           4.53%    passed    100.00%
1989  KF540569           4.53%    passed     99.97%
1990  MF055862           4.53%    passed     99.99%
1991  PX273216           4.54%    passed     99.98%
1992  MF057984           4.54%    passed     99.98%
1993  KF540859           4.54%    passed     99.92%
1994  MF056303           4.53%    passed     99.96%
1995  MF056491           4.53%    passed     99.99%
1996  MF056720           4.53%    passed     99.98%
1997  MF057045           4.53%    passed     99.95%
1998  GU733791           4.58%    passed     99.97%
1999  MF057114           4.53%    passed     99.96%
2000  MF058462           4.54%    passed     99.98%
2001  GU733821           4.54%    passed     99.97%
2002  KF540832           4.53%    passed     99.97%
2003  MF056759           4.53%    passed     99.95%
2004  MF058516           4.53%    passed     99.97%
2005  MF057774           4.53%    passed     99.96%
2006  MF057306           4.53%    passed     99.98%
2007  MF056504           4.53%    passed     99.98%
2008  EF093542           4.53%    passed    100.00%
2009  MF055872           4.53%    passed     99.98%
2010  MF056462           4.53%    passed     99.97%
2011  KF541034           4.53%    passed     99.97%
2012  MF058404           4.53%    passed     99.96%
2013  MF057816           4.53%    passed     99.99%
2014  MF058362           4.53%    passed     99.97%
2015  MF058463           4.53%    passed     99.95%
2016  MF057024           4.53%    passed     99.94%
2017  MF057998           4.53%    passed     99.99%
2018  MF057005           4.53%    passed     99.97%
2019  PV067336           4.54%    passed     99.92%
2020  KF540693           4.53%    passed     99.98%
2021  PX273077           4.54%    passed    100.00%
2022  GU733820           4.53%    passed    100.00%
2023  MF056875           4.53%    passed     99.98%
2024  MF056144           4.53%    passed     99.98%
2025  MF058009           4.54%    passed     99.98%
2026  GU733729           4.53%    passed     99.99%
2027  MF057552           4.53%    passed     99.95%
2028  PX273049           4.53%    passed    100.00%
2029  KF540880           4.54%    passed     99.92%
2030  MF058406           4.53%    passed     99.98%
2031  MF056222           4.53%    passed     99.99%
2032  KF540514           4.53%    passed     99.97%
2033  KF540645           4.53%    passed    100.00%
2034  MF057701           4.53%    passed     99.95%
2035  KF540599           4.53%    passed     99.97%
2036  MF056480           4.53%    passed     99.97%
2037  MF057570           4.53%    passed     99.98%
2038  GU733779           4.53%    passed     99.97%
2039  MF057240          11.90%    passed      5.81%
2040  MF057429           4.53%    passed     99.95%
2041  GU733806           4.53%    passed     99.99%
2042  GU733810           4.53%    passed     99.94%
2043  KF541036           4.53%    passed     99.98%
2044  MF057817           4.53%    passed     99.99%
2045  MF057090           4.53%    passed     99.96%
2046  MF057913           4.53%    passed     99.96%
2047  MF057078           4.53%    passed     99.95%
2048  KF540812           4.53%    passed     99.97%
2049  PX272840           4.53%    passed     99.98%
2050  GU733741           4.53%    passed     99.99%
2051  EF185816           4.53%    passed    100.00%
2052  KF540827           4.53%    passed     99.99%
2053  EF185810           4.53%    passed    100.00%
2054  PX366878           4.58%    passed     99.99%
2055  KT726069           4.54%    passed     99.97%
2056  KF540971           4.53%    passed     99.97%
2057  HG02073            4.53%    passed     99.60%
2058  MH449248           4.54%    passed     99.93%
2059  KF540622           4.53%    passed     99.97%
2060  MH449224           4.54%    passed     99.93%
2061  PX367017           4.54%    passed     99.98%
2062  KU521435           4.53%    passed    100.00%
2063  KX456930           4.54%    passed     99.98%
2064  MT419265           4.53%    passed     99.92%
2065  MH449263           4.54%    passed     99.92%
2066  KX456843           4.54%    passed     99.95%
2067  KX456995           4.54%    passed     99.95%
2068  PX366944           4.54%    passed    100.00%
2069  PV695735           4.54%    passed     99.98%
2070  MH449416           4.54%    passed     99.87%
2071  KT587585           4.54%    passed     99.95%
2072  KT726048           4.54%    passed     99.97%
2073  HG02406            4.53%    passed     99.86%
2074  MT419278           4.53%    passed     99.95%
2075  MH449454           4.54%    passed     99.94%
2076  KX456600           4.54%    passed     99.92%
2077  MH449383           4.55%    passed     99.94%
2078  MH449440           4.54%    passed     99.94%
2079  KT587363           4.54%    passed     99.94%
2080  KT587463           4.54%    passed     99.92%
2081  PV695902           4.54%    passed     99.92%
2082  KX456720           4.54%    passed     99.98%
2083  MT419298           4.53%    passed     99.98%
2084  KF148553           4.54%    passed     99.96%
2085  PV695672           4.54%    passed     99.97%
2086  MH449258           4.54%    passed     99.92%
2087  MG272688           4.53%    passed     99.98%
2088  MT419216           4.53%    passed     99.89%
2089  GU810022           4.54%    passed     99.95%
2090  MH449417           4.54%    passed     99.87%
2091  MH448968           4.54%    passed     99.91%
2092  KX456882           4.54%    passed     99.94%
2093  HG01598            4.53%    passed     99.95%
2094  KX456441           4.54%    passed     99.81%
2095  KX456954           4.54%    passed     99.94%
2096  PV695710           4.54%    passed     99.98%
2097  MG273018           4.53%    passed     99.94%
2098  KT587556           4.54%    passed     99.95%
2099  KX456835           4.54%    passed     99.95%
2100  MG272776           4.53%    passed     99.95%
2101  KX456715           4.54%    passed     99.98%
2102  HGDP01292          4.53%    passed     99.79%
2103  KT587389           4.54%    passed    100.00%
2104  PP654749           4.54%    passed     99.91%
2105  AP008667           4.54%    passed     99.90%
2106  JF747026           4.53%    passed     99.89%
2107  HG00706            4.53%    passed     99.86%
2108  PP654700           4.54%    passed     99.98%
2109  MH449413           4.54%    passed     99.90%
2110  PP654551           4.54%    passed     99.91%
2111  KU683116           4.54%    passed     99.92%
2112  KU683108           4.54%    passed     99.92%
2113  KX456779           4.55%    passed     99.92%
2114  MH449078           4.54%    passed     99.90%
2115  PX366842           4.54%    passed     99.96%
2116  PV695973           4.54%    passed     99.81%
2117  HG00705            4.53%    passed     99.86%
2118  MH449494           4.54%    passed     99.98%
2119  PV695711           4.54%    passed     99.99%
2120  KF540808           4.53%    passed     99.91%
2121  PV695840           4.54%    passed     99.96%
2122  KX456817           4.54%    passed     99.92%
2123  PP654716           4.54%    passed     99.80%
2124  KX456685           4.54%    passed     99.95%
2125  MG272585           4.53%    passed     99.98%
2126  KX456438           4.54%    passed     99.81%
2127  KX456639           4.54%    passed     99.97%
2128  KX456874           4.54%    passed     99.98%
2129  KF541009           4.53%    passed     99.97%
2130  PP654493           4.54%    passed     99.97%
2131  KX457575           4.54%    passed     99.96%
2132  PV695751           4.54%    passed     99.99%
2133  MT419277           4.53%    passed     99.97%
2134  KX457367           4.54%    passed     99.87%
2135  KX456638           4.54%    passed     99.97%
2136  KX456966           4.54%    passed     99.98%
2137  KX457586           4.54%    passed     99.98%
2138  PV695854           4.55%    passed     99.96%
2139  MT419339           4.54%    passed     99.73%
2140  KX456767           4.54%    passed     99.94%
2141  KX457237           4.54%    passed     99.97%
2142  KT587648           4.54%    passed     99.94%
2143  KF540995           4.53%    passed     99.97%
2144  MT419260           4.53%    passed     99.90%
2145  MT418966           4.54%    passed     99.98%
2146  PP654756           4.54%    passed     99.95%
2147  KT587601           4.54%    passed     99.99%
2148  KX457619           4.54%    passed     99.95%
2149  KX457155           4.54%    passed     99.98%
2150  KX456612           4.54%    passed     99.97%
2151  KX456697           4.54%    passed     99.95%
2152  PP654489           4.54%    passed     99.99%
2153  HM238211           4.54%    passed     99.97%
2154  MF057302           4.54%    passed     99.97%
2155  PV695708           4.54%    passed     99.91%
2156  KX457141           4.54%    passed     99.95%
2157  PP654637           4.54%    passed     99.91%
2158  KT587366           4.54%    passed     99.96%
2159  KX457120           4.54%    passed     99.95%
2160  KU682874           4.54%    passed     99.92%
2161  MG272867           4.53%    passed     99.91%
2162  PX366941           4.54%    passed     99.99%
2163  PP654538           4.54%    passed     99.95%
2164  KF540860           4.53%    passed     99.95%
2165  MH449151           4.54%    passed     99.97%
2166  KX457053           4.54%    passed     99.96%
2167  MF057349           4.54%    passed     99.97%
2168  KX456535           4.54%    passed     99.95%
2169  MG272777           4.53%    passed     99.95%
2170  KX457229           4.54%    passed     99.96%
2171  MG272737           4.53%    passed     99.97%
2172  MG272619           4.53%    passed     99.93%
2173  PV695886           4.54%    passed     99.99%
2174  PV067359           4.53%    passed     99.91%
2175  HGDP01243          4.53%    passed     99.57%
2176  NA18606            4.53%    passed     99.90%
2177  KX456861           4.54%    passed     99.97%
2178  KT726007           4.54%    passed     99.99%
2179  HM852871           4.54%    passed     99.80%
2180  MG272664           4.53%    passed     99.71%
2181  MT419215           4.53%    passed     99.90%
2182  MG272687           4.53%    passed     99.97%
2183  HGDP01099          4.53%    passed     99.94%
2184  MT419032           4.53%    passed     99.97%
2185  KX456784           4.54%    passed     99.94%
2186  PV067330           4.54%    passed     99.92%
2187  PV067392           4.53%    passed     99.91%
2188  PP654692           4.54%    passed     99.98%
2189  MH449543           4.54%    passed     99.98%
2190  MT419297           4.53%    passed     99.97%
2191  HGDP00974          4.53%    passed     99.91%
2192  KF540989           4.53%    passed     99.97%
2193  MG272701           4.53%    passed     99.94%
2194  MT419221           4.53%    passed     99.90%
2195  KX456521           4.54%    passed     99.94%
2196  KX456560           4.54%    passed     99.98%
2197  MH449189           4.54%    passed     99.93%
2198  KX457131           4.54%    passed     99.95%
2199  MH449018           4.54%    passed     99.91%
2200  KX457449           4.54%    passed     99.91%
2201  KX457076           4.54%    passed     99.92%
2202  MT419184           4.53%    passed     99.95%
2203  KX457641           4.54%    passed     99.92%
2204  KC505069           4.54%    passed     99.95%
2205  PX366915           4.54%    passed     99.91%
2206  MH449438           4.54%    passed     99.99%
2207  KX457157           4.54%    passed     99.96%
2208  KX457301           4.54%    passed     99.92%
2209  KT726053           4.54%    passed     99.97%
2210  MH449297           4.54%    passed    100.00%
2211  MF055972           4.54%    passed     99.98%
2212  HGDP01330          4.53%    passed     99.85%
2213  KX456850           4.54%    passed     99.95%
2214  MH449016           4.54%    passed     99.91%
2215  KX457544           4.54%    passed     99.96%
2216  KX457245           4.54%    passed     99.95%
2217  MH449089           4.54%    passed     99.91%
2218  KX457528           4.54%    passed     99.88%
2219  KX457043           4.54%    passed     99.95%
2220  KF540932           4.53%    passed     99.97%
2221  FJ748725           4.54%    passed     99.95%
2222  PV695898           4.54%    passed     99.95%
2223  KF540855           4.53%    passed     99.95%
2224  KF540845           4.53%    passed     99.87%
2225  KT726124           4.54%    passed     99.99%
2226  MG273090           4.53%    passed     99.85%
2227  HG02082            4.53%    passed     99.85%
2228  MT419062           4.53%    passed     99.97%
2229  MG272950           4.54%    passed     99.96%
2230  MH449357           4.54%    passed    100.00%
2231  MF058386           4.54%    passed     99.98%
2232  HG00560            4.53%    passed     99.86%
2233  HM357817           4.54%    passed     99.94%
2234  KT587404           4.54%    passed    100.00%
2235  MG272736           4.53%    passed     99.90%
2236  MH449376           4.54%    passed     99.95%
2237  AP008279           4.54%    passed     99.98%
2238  KX456683           4.54%    passed     99.95%
2239  MG660689           4.54%    passed     99.97%
2240  MH449330           4.54%    passed     99.96%
2241  MH449391           4.54%    passed    100.00%
2242  MF057370           4.54%    passed     99.99%
2243  MF056417           4.54%    passed     99.99%
2244  MF055905           4.54%    passed     99.98%
2245  MH449114           4.54%    passed     99.92%
2246  PP654742           4.54%    passed     99.96%
2247  MG272637           4.53%    passed     99.97%
2248  KX456569           4.54%    passed     99.98%
2249  KX457571           4.54%    passed     99.95%
2250  KX456650           4.54%    passed     99.97%
2251  PP654613           4.54%    passed     99.97%
2252  KX456732           4.54%    passed     99.88%
2253  PP654833           4.54%    passed     99.94%
2254  AP008347           4.54%    passed     99.95%
2255  KF849953           4.54%    passed     99.98%
2256  KX456595           4.54%    passed     99.97%
2257  HM852794           4.54%    passed     99.95%
2258  MH449486           4.54%    passed     99.92%
2259  KX456673           4.54%    passed     99.86%
2260  MF522880           4.54%    passed     99.97%
2261  HG02394            4.54%    passed     99.93%
2262  KX457065           4.54%    passed     99.96%
2263  KX456671           4.54%    passed     99.92%
2264  MG273039           4.53%    passed     99.94%
2265  KX456462           4.54%    passed     99.95%
2266  PV695950           4.54%    passed     99.81%
2267  KX456949           4.54%    passed    100.00%
2268  PV695843           4.54%    passed     99.98%
2269  MT419009           4.53%    passed     99.99%
2270  KU521438           4.54%    passed     99.99%
2271  HG01797            4.53%    passed    100.00%
2272  KU521439           4.53%    passed    100.00%
2273  KU521452           4.54%    passed     99.99%
2274  MF058526           4.88%    passed     99.93%
2275  MF056188           4.55%    passed     99.98%
2276  MF056588           4.54%    passed     99.96%
2277  KX457603           4.54%    passed     99.88%
2278  KX456787           4.54%    passed     99.92%
2279  KT587608           4.54%    passed     99.97%
2280  PP654640           4.54%    passed     99.95%
2281  KX457022           4.54%    passed     99.90%
2282  KX456796           4.54%    passed     99.94%
2283  HG01853            4.53%    passed     99.90%
2284  KT726063           4.54%    passed     99.95%
2285  PV067303           4.54%    passed     99.98%
2286  MH449437           4.54%    passed     99.99%
2287  KT587621           4.54%    passed     99.95%
2288  KF540654           4.53%    passed     99.85%
2289  KF540830           4.54%    passed     99.90%
2290  PX366955           4.54%    passed     99.78%
2291  NA18545            4.54%    passed     99.93%
2292  KF148297           4.54%    passed     99.96%
2293  MF522941           4.54%    passed     99.99%
2294  KT726060           4.54%    passed     99.99%
2295  PX366922           4.54%    passed     99.97%
2296  MH449296           4.54%    passed     99.88%
2297  NA18645            4.53%    passed    100.00%
2298  MT419286           4.53%    passed    100.00%
2299  MG272603           4.53%    passed    100.00%
2300  AP008744           4.54%    passed     99.85%
2301  MH449108           4.54%    passed     99.95%
2302  HG01847            4.53%    passed     99.93%
2303  MG272837           4.54%    passed     99.91%
2304  KT587571           4.54%    passed     99.95%
2305  KX457185           4.54%    passed     99.92%
2306  KX456809           4.54%    passed     99.93%
2307  PP654840           4.54%    passed     99.94%
2308  KX456942           4.54%    passed     99.97%
2309  MG273001           4.53%    passed     99.86%
2310  NA19078            4.53%    passed     99.85%
2311  KF540775           4.53%    passed     99.97%
2312  KX457590           4.54%    passed     99.92%
2313  JF739536           4.54%    passed     99.91%
2314  HQ108344           4.54%    passed     99.95%
2315  HM852811           4.54%    passed     99.95%
2316  KF148556           4.54%    passed     99.93%
2317  KU683298           4.54%    passed     99.98%
2318  MH449167           4.54%    passed     99.91%
2319  MH449172           4.54%    passed     99.91%
2320  HG00472            4.53%    passed     99.86%
2321  KT726090           4.54%    passed     99.92%
2322  MH449347           4.54%    passed     99.97%
2323  MH449358           4.54%    passed     99.97%
2324  HGDP01234          4.53%    passed     99.98%
2325  HGDP01321          4.53%    passed     99.90%
2326  MT419135           4.54%    passed     99.92%
2327  KX457592           4.54%    passed     99.86%
2328  KT725974           4.54%    passed     99.99%
2329  KT725966           4.54%    passed     99.98%
2330  MH449368           4.54%    passed    100.00%
2331  MH449098           4.54%    passed     99.98%
2332  MH449121           4.54%    passed     99.98%
2333  MH449120           4.54%    passed     99.95%
2334  MH449060           4.54%    passed     99.96%
2335  MT418975           4.53%    passed     99.97%
2336  MT418957           4.53%    passed     99.96%
2337  AY255168           4.54%    passed     99.96%
2338  KF540771           4.54%    passed     99.99%
2339  KF148105           4.54%    passed     99.98%
2340  JF824941           4.54%    passed     99.95%
2341  HM036555           4.54%    passed     99.99%
2342  KF540840           4.53%    passed     99.84%
2343  KU682929           4.54%    passed     99.95%
2344  KX456647           4.54%    passed    100.00%
2345  MT419299           4.53%    passed    100.00%
2346  MH449133           4.54%    passed    100.00%
2347  KU521441           4.54%    passed     99.98%
2348  KU521448           4.54%    passed     99.99%
2349  KF540624           4.54%    passed     99.99%
2350  GQ119011           4.54%    passed     99.92%
2351  KF540816           4.53%    passed     99.99%
2352  KF540931           4.53%    passed     99.99%
2353  KF540550           4.53%    passed     99.99%
2354  JF739538           4.54%    passed     99.98%
2355  MF057930           4.54%    passed     99.99%
2356  MF058522           4.54%    passed     99.99%
2357  MF057375           4.54%    passed     99.97%
2358  MF057558           4.54%    passed     99.99%
2359  MF056148           4.55%    passed     99.96%
2360  KU521455           4.54%    passed     99.98%
2361  PX367030           4.54%    passed     99.94%
2362  MT419247           4.53%    passed     99.90%
2363  MF057891           4.54%    passed     99.98%
2364  KF540634           4.53%    passed     99.98%
2365  MF056926           4.54%    passed     99.98%
2366  PP654666           4.54%    passed     99.92%
2367  PV695922           4.54%    passed     99.99%
2368  HG02178            4.53%    passed     99.97%
2369  KX457531           4.54%    passed     99.95%
2370  KX457082           4.54%    passed     99.95%
2371  KX456851           4.54%    passed     99.96%
2372  HM357820           4.54%    passed     99.76%
2373  KX456960           4.54%    passed     99.96%
2374  HM238209           4.54%    passed     99.98%
2375  MG272752           4.53%    passed     99.93%
2376  KF849920           4.54%    passed     99.95%
2377  KX457655           4.54%    passed     99.95%
2378  HG02398            4.53%    passed     99.95%
2379  HG02188            4.53%    passed     99.97%
2380  KU682992           4.54%    passed     99.73%
2381  KU683510           4.54%    passed     99.63%
2382  MG272727           4.53%    passed     99.88%
2383  MH449538           4.54%    passed     99.91%
2384  MT419161           4.53%    passed     99.80%
2385  KX456485           4.54%    passed     99.86%
2386  KF540612           4.53%    passed     99.86%
2387  KF541016           4.53%    passed     99.86%
2388  KF541030           4.53%    passed     99.86%
2389  KX456766           4.54%    passed     99.81%
2390  MH449429           4.54%    passed     99.96%
2391  KF148329           4.54%    passed     99.95%
2392  MG660685           4.54%    passed     99.97%
2393  MG660714           4.54%    passed     99.95%
2394  PX367014           4.54%    passed    100.00%
2395  AP008328           4.54%    passed     99.97%
2396  PX366919           4.54%    passed    100.00%
2397  PV695831           4.54%    passed    100.00%
2398  KX457290           4.54%    passed     99.92%
2399  PV695703           4.54%    passed     99.99%
2400  KX457444           4.54%    passed    100.00%
2401  KU521437           4.54%    passed     99.99%
2402  KC993991           4.54%    passed     99.98%
2403  KX456951           4.54%    passed    100.00%
2404  KF540626           4.53%    passed     99.97%
2405  MF057975           4.54%    passed     99.95%
2406  MH449459           4.54%    passed     99.96%
2407  PX366874           4.54%    passed     99.99%
2408  KX457128           4.54%    passed     99.95%
2409  MH449087           4.54%    passed     99.91%
2410  PV695968           4.54%    passed     99.95%
2411  MT419304           4.54%    passed     99.93%
2412  MG272820           4.54%    passed     99.88%
2413  MH449080           4.54%    passed     99.90%
2414  MT419142           4.53%    passed     99.95%
2415  HG01857            4.53%    passed     99.94%
2416  MG272803           4.54%    passed     99.86%
2417  MH448949           4.54%    passed     99.91%
2418  MG272878           4.53%    passed     99.90%
2419  KT587443           4.54%    passed     99.94%
2420  KX457551           4.54%    passed     99.88%
2421  KX457307           4.54%    passed     99.88%
2422  MH449211           4.54%    passed     99.92%
2423  PP654667           4.54%    passed     99.95%
2424  KX456615           4.54%    passed     99.92%
2425  KX457202           4.54%    passed     99.94%
2426  KX457250           4.54%    passed     99.97%
2427  PP654625           4.54%    passed     99.91%
2428  KX456974           4.54%    passed     99.94%
2429  KX457148           4.54%    passed     99.85%
2430  KX457107           4.54%    passed     99.97%
2431  HG02135            4.53%    passed     99.98%
2432  KX457318           4.54%    passed     99.98%
2433  KT587632           4.54%    passed     99.91%
2434  HGDP00766          4.53%    passed     99.94%
2435  HG02696            4.53%    passed     99.85%
2436  PV695807           4.54%    passed     99.97%
2437  AP008475           4.54%    passed     99.87%
2438  PP654545           4.54%    passed     99.95%
2439  KX457195           4.54%    passed     99.95%
2440  HGDP00975          4.53%    passed     99.94%
2441  KX456682           4.54%    passed     99.92%
2442  KX456699           4.54%    passed     99.92%
2443  MG272657           4.53%    passed     99.79%
2444  KC993954           4.54%    passed     99.94%
2445  KF540862           4.53%    passed     99.85%
2446  HM238205           4.54%    passed     99.85%
2447  KU521498           4.54%    passed     99.80%
2448  KF541017           4.53%    passed     99.86%
2449  MT419234           4.53%    passed     99.95%
2450  MH449022           4.54%    passed     99.79%
2451  KC733251           4.55%    passed     99.69%
2452  JF824826           4.54%    passed     99.81%
2453  HG02029            4.53%    passed     99.79%
2454  PX366958           4.54%    passed     99.95%
2455  KX456771           4.54%    passed     99.81%
2456  NA19091            4.54%    passed     99.90%
2457  KF148279           4.54%    passed     99.93%
2458  KU683568           4.54%    passed     99.97%
2459  MG660708           4.54%    passed     99.95%
2460  OL619820           4.55%    passed     99.96%
2461  HQ405768           4.55%    passed     99.91%
2462  KU683504           4.55%    passed     99.95%
2463  HGDP01298          4.54%    passed     99.94%
2464  HGDP01204          4.54%    passed     99.90%
2465  JF824901           4.54%    passed     99.99%
2466  AY255177           4.54%    passed     99.97%
2467  FJ748754           4.54%    passed     99.95%
2468  KX456824           4.54%    passed     99.92%
2469  FJ748720           4.54%    passed     99.73%
2470  KT726074           4.54%    passed     99.92%
2471  PX366956           4.54%    passed     99.99%
2472  PV695963           4.54%    passed    100.00%
2473  HG00673            4.53%    passed    100.00%
2474  KX457129           4.54%    passed     99.99%
2475  HG00437            4.54%    passed     99.98%
2476  NA18947            4.54%    passed     99.98%
2477  MH449141           4.54%    passed     99.97%
2478  MH449146           4.54%    passed     99.97%
2479  MH449456           4.54%    passed     99.99%
2480  KX457243           4.54%    passed     99.91%
2481  KX457241           4.54%    passed     99.89%
2482  KX456656           4.54%    passed     99.92%
2483  KX457218           4.54%    passed     99.96%
2484  MG272913           4.53%    passed     99.91%
2485  MG272906           4.53%    passed     99.94%
2486  KX457668           4.54%    passed     99.87%
2487  KX457231           4.54%    passed     99.89%
2488  MG272702           4.53%    passed     99.86%
2489  HG02133            4.53%    passed     99.90%
2490  KX457038           4.54%    passed     99.92%
2491  KT587360           4.54%    passed     99.92%
2492  MH449043           4.54%    passed     99.86%
2493  KX457279           4.54%    passed     99.81%
2494  HG02153            4.53%    passed     99.90%
2495  KX456808           4.54%    passed     99.89%
2496  KX457079           4.54%    passed     99.91%
2497  KX456601           4.54%    passed     99.92%
2498  MG272912           4.53%    passed     99.86%
2499  KX457585           4.54%    passed     99.86%
2500  KX457010           4.54%    passed     99.87%
2501  HG02023            4.53%    passed     99.70%
2502  HG01858            4.53%    passed     99.70%
2503  MG273095           4.53%    passed     99.97%
2504  JF824974           4.54%    passed     99.73%
2505  JN133516           4.54%    passed     99.99%
2506  MT419137           4.53%    passed     99.99%
2507  KT725975           4.54%    passed     99.98%
2508  KT726036           4.54%    passed     99.99%
2509  MG272847           4.53%    passed     99.95%
2510  KX457470           4.54%    passed     99.99%
2511  MT418945           4.53%    passed     99.95%
2512  MT418978           4.53%    passed     99.97%
2513  MT419050           4.54%    passed     99.95%
2514  MT418952           4.53%    passed     99.96%
2515  MT419021           4.54%    passed     99.97%
2516  KF540743           4.53%    passed    100.00%
2517  MT419027           4.54%    passed     99.98%
2518  MG272998           4.53%    passed     99.91%
2519  MH449328           4.54%    passed     99.99%
2520  MH449338           4.54%    passed     99.99%
2521  MH449349           4.54%    passed     99.99%
2522  PX366786           4.54%    passed     99.98%
2523  HGDP01183          4.54%    passed    100.00%
2524  MH449392           4.55%    passed     99.96%
2525  MH449378           4.55%    passed     99.94%
2526  MH449396           4.55%    passed     99.94%
2527  MT419172           4.54%    passed     99.98%
2528  KX456895           4.54%    passed     99.90%
2529  PX366959           4.54%    passed     99.91%
2530  KF849911           4.54%    passed     99.99%
2531  HGDP00756          4.53%    passed    100.00%
2532  GU392094           4.54%    passed    100.00%
2533  KX456541           4.54%    passed    100.00%
2534  KU682907           4.54%    passed    100.00%
2535  HGDP01288          4.54%    passed    100.00%
2536  KX457269           4.54%    passed     99.96%
2537  HG02050            4.53%    passed     99.97%
2538  KF849909           4.54%    passed     99.91%
2539  NA18525            4.53%    passed     99.88%
2540  MH449366           4.54%    passed     99.98%
2541  KF849966           4.54%    passed    100.00%
2542  MH449336           4.54%    passed    100.00%
2543  PX367033           4.54%    passed    100.00%
2544  KU521440           4.54%    passed    100.00%
2545  PV695780           4.54%    passed     99.99%
2546  MT419022           4.54%    passed    100.00%
2547  MH449040           4.54%    passed    100.00%
2548  KX456501           4.54%    passed     99.97%
2549  KF540799           4.54%    passed     99.95%
2550  KF540865           4.54%    passed     99.90%
2551  KF540873           4.54%    passed     99.90%
2552  KF540768           4.53%    passed     99.99%
2553  KF540611           4.53%    passed     99.99%
2554  KF541035           4.53%    passed     99.98%
2555  KF541051           4.53%    passed     99.98%
2556  MF057280           4.54%    passed     99.98%
2557  MF057609           4.54%    passed     99.98%
2558  MF057416           4.54%    passed     99.97%
2559  MF057267           4.54%    passed     99.97%
2560  MF058403           4.54%    passed     99.97%
2561  MF057557           4.54%    passed     99.95%
2562  MF057722           4.54%    passed     99.97%
2563  MF056275           4.55%    passed     99.98%
2564  MF056599           4.55%    passed     99.98%
2565  MF058230           4.54%    passed     99.99%
2566  MF057082           4.54%    passed     99.97%
2567  MF056983           4.55%    passed     99.98%
2568  MF057192           4.54%    passed     99.98%
2569  MF057489           4.54%    passed     99.98%
2570  KU521447           4.55%    passed     99.96%
2571  MF056165           4.55%    passed     99.97%
2572  MF058086           5.05%    passed     99.98%
2573  MF056887           4.55%    passed     99.98%
2574  MF057216           4.55%    passed     99.99%
2575  MF056109           4.55%    passed     99.99%
2576  MF057101           4.55%    passed     99.95%
2577  PV695668           4.54%    passed     99.93%
2578  KX456707           4.54%    passed     99.94%
2579  KF540558           4.53%    passed     99.97%
2580  KF540594           4.53%    passed     99.98%
2581  KF540596           4.53%    passed     99.95%
2582  KF540587           4.53%    passed    100.00%
2583  MH448984           4.53%    passed     99.98%
2584  KU683076           4.53%    passed    100.00%
2585  NA19007            4.53%    passed     99.97%
2586  MT419173           4.53%    passed     99.97%
2587  MT419354           4.54%    passed    100.00%
2588  KU683428           4.53%    passed    100.00%
2589  KU683369           4.53%    passed    100.00%
2590  JX266262           4.53%    passed    100.00%
2591  MF523010           4.53%    passed     99.99%
2592  KF056273           4.53%    passed     99.98%
2593  KU683228           4.53%    passed    100.00%
2594  EF153821           4.53%    passed     99.97%
2595  MF522996           4.53%    passed     99.98%
2596  KU682998           4.53%    passed     99.99%
2597  KU683476           4.53%    passed    100.00%
2598  HG02736            4.53%    passed     99.99%
2599  FJ748756           4.53%    passed    100.00%
2600  KU683015           4.54%    passed     99.99%
2601  KU683166           4.54%    passed     99.99%
2602  DQ272109           4.53%    passed     99.99%
2603  MT419336           4.54%    passed    100.00%
2604  PX366884           4.53%    passed     99.96%
2605  EU597571           4.53%    passed     99.97%
2606  FJ383512           4.53%    passed     99.99%
2607  KU683017           4.53%    passed     99.99%
2608  KF540726           4.53%    passed    100.00%
2609  MT419206           4.53%    passed     99.91%
2610  AP008569           4.54%    passed    100.00%
2611  MG272814           4.53%    passed    100.00%
2612  KF849958           4.53%    passed     99.97%
2613  GU392096           4.53%    passed     99.99%
2614  HG02738            4.53%    passed     99.99%
2615  KU682917           4.53%    passed     99.99%
2616  JX289102           4.53%    passed     99.98%
2617  HGDP01213          4.53%    passed    100.00%
2618  MG273008           4.53%    passed     99.99%
2619  KX457646           4.53%    passed    100.00%
2620  FJ748739           4.53%    passed     99.98%
2621  KU683399           4.54%    passed     99.99%
2622  JF824917           4.53%    passed    100.00%
2623  KF849979           4.54%    passed     99.99%
2624  HM460792           4.53%    passed    100.00%
2625  PV695662           4.53%    passed     99.99%
2626  KF540677           4.54%    passed    100.00%
2627  KU683571           4.53%    passed     99.99%
2628  KT726047           4.53%    passed     99.98%
2629  KT725918           4.53%    passed    100.00%
2630  AP013144           4.53%    passed     99.97%
2631  KT725919          14.20%    passed     55.90%
2632  MG272891           4.53%    passed     99.99%
2633  MG272787           4.53%    passed     99.99%
2634  FJ383511           4.53%    passed    100.00%
2635  MT419115           4.53%    passed     99.99%
2636  KF849956           4.53%    passed     99.99%
2637  KU683151           4.53%    passed    100.00%
2638  KF849921           4.54%    passed    100.00%
2639  PX366988           4.53%    passed    100.00%
2640  JX289114           4.53%    passed     99.98%
2641  KT726105           4.53%    passed     99.99%
2642  PX366942           4.53%    passed     99.99%
2643  HGDP01232          4.53%    passed    100.00%
2644  NA18637            4.53%    passed     99.99%
2645  JF824986           4.53%    passed     99.99%
2646  JX289093           4.53%    passed     99.98%
2647  KU683576           4.54%    passed     99.96%
2648  KT726140           4.53%    passed     99.98%
2649  PV695904           4.53%    passed    100.00%
2650  KT726151           4.53%    passed     99.99%
2651  FJ748726           4.53%    passed     99.99%
2652  MG273128           4.53%    passed     99.98%
2653  KU683471           4.53%    passed    100.00%
2654  KU682901           4.53%    passed     99.99%
2655  KF540697           4.54%    passed    100.00%
2656  FJ015040           4.53%    passed    100.00%
2657  EF153822           4.53%    passed    100.00%
2658  KC911517           4.53%    passed     99.99%
2659  HG00622            4.53%    passed     99.99%
2660  MG272920           4.54%    passed     99.99%
2661  PX366817           4.54%    passed     99.99%
2662  PV695966           4.53%    passed     99.99%
2663  MT419276           4.53%    passed    100.00%
2664  PX366926           4.53%    passed     99.98%
2665  KU683161           4.53%    passed    100.00%
2666  KU683155           4.54%    passed     99.98%
2667  FJ383507           4.53%    passed     99.94%
2668  MT419227           4.53%    passed     99.98%
2669  KU682927           4.53%    passed     99.98%
2670  MG646082           4.53%    passed    100.00%
2671  PV695749           4.53%    passed    100.00%
2672  AY255139           4.53%    passed    100.00%
2673  MT419157           4.53%    passed     99.97%
2674  MF523079           4.53%    passed    100.00%
2675  AP012400           4.53%    passed     99.92%
2676  MG273117           4.53%    passed     99.98%
2677  FJ383505           4.53%    passed    100.00%
2678  MH449023           4.53%    passed     99.98%
2679  NA19080            4.53%    passed    100.00%
2680  KT726030           4.53%    passed    100.00%
2681  KT726041           4.53%    passed    100.00%
2682  KT725964           4.53%    passed    100.00%
2683  KX358492           4.53%    passed     99.99%
2684  PV695952           4.54%    passed    100.00%
2685  AP008448           4.53%    passed     99.99%
2686  MF522932           4.53%    passed    100.00%
2687  MG273098           4.53%    passed    100.00%
2688  KX457588           4.53%    passed     99.99%
2689  FJ383508           4.53%    passed     99.94%
2690  NA18634            4.53%    passed     99.90%
2691  KU683570           4.53%    passed     99.98%
2692  MG660682           4.54%    passed    100.00%
2693  AP010753           4.53%    passed    100.00%
2694  AP008845           4.53%    passed    100.00%
2695  SCsq0005           4.53%    passed     99.99%
2696  NA18526            4.53%    passed    100.00%
2697  PX366815           4.53%    passed     99.99%
2698  PX366809           4.54%    passed     99.97%
2699  PV695889           4.53%    passed     99.90%
2700  PX366795           4.53%    passed     99.96%
2701  MF523099           4.53%    passed     99.99%
2702  MH448990           4.53%    passed    100.00%
2703  SCsq0030           4.53%    passed    100.00%
2704  NA19060            4.53%    passed    100.00%
2705  EF153773           4.53%    passed    100.00%
2706  MT419160           4.53%    passed     99.91%
2707  FJ748707           4.54%    passed     99.94%
2708  MT419310           4.53%    passed     99.96%
2709  PV695829           4.53%    passed    100.00%
2710  KU683306           4.53%    passed     99.99%
2711  EU545470           4.53%    passed    100.00%
2712  OM194332           4.53%    passed    100.00%
2713  MG660775           4.53%    passed    100.00%
2714  KX358479           4.53%    passed    100.00%
2715  KX358488           4.53%    passed    100.00%
2716  KX358496           4.53%    passed    100.00%
2717  FJ198217           4.53%    passed    100.00%
2718  JX289121           4.53%    passed    100.00%
2719  FJ748740           4.53%    passed     99.99%
2720  KX358490           4.53%    passed     99.99%
2721  KF148403           4.54%    passed     99.99%
2722  KF148127           4.53%    passed    100.00%
2723  KT726109           4.54%    passed     99.96%
2724  FJ383504           4.53%    passed     99.99%
2725  NA19062            4.53%    passed    100.00%
2726  PX366784           4.54%    passed     99.99%
2727  NA19003            4.53%    passed    100.00%
2728  KX358508           4.53%    passed    100.00%
2729  KX457375           4.53%    passed    100.00%
2730  KU683201           4.53%    passed    100.00%
2731  KU683188           4.53%    passed    100.00%
2732  KU683181           4.53%    passed    100.00%
2733  KU683534           4.53%    passed     99.99%
2734  JQ705820           4.53%    passed    100.00%
2735  OM194259           4.53%    passed     99.93%
2736  JQ705953           4.53%    passed    100.00%
2737  KY410234           4.53%    passed    100.00%
2738  KY409447           4.53%    passed     99.99%
2739  HM852864           4.53%    passed    100.00%
2740  KY408835           4.53%    passed     99.99%
2741  KY410175           4.53%    passed     99.98%
2742  KY408395           4.53%    passed    100.00%
2743  KY408527           4.53%    passed    100.00%
2744  KY408470           4.53%    passed    100.00%
2745  KU683262           4.53%    passed    100.00%
2746  MN595769           4.53%    passed     99.94%
2747  PV621478           4.53%    passed    100.00%
2748  HG02651            4.53%    passed     99.99%
2749  KY410191           4.53%    passed    100.00%
2750  KU683094           4.53%    passed     99.98%
2751  KU683389           4.53%    passed     99.99%
2752  JX152907           4.53%    passed     99.98%
2753  KF162987           4.53%    passed     99.98%
2754  JQ704255           4.53%    passed    100.00%
2755  KY408906           4.53%    passed    100.00%
2756  KU683248           4.54%    passed     99.99%
2757  HM852859           4.53%    passed    100.00%
2758  OL619933           4.53%    passed    100.00%
2759  KU683321           4.53%    passed    100.00%
2760  KY408185           4.53%    passed    100.00%
2761  KC911277           4.54%    passed    100.00%
2762  AY195747           4.53%    passed    100.00%
2763  KJ856781           4.54%    passed     99.99%
2764  KY408203           4.53%    passed    100.00%
2765  KF163017           4.53%    passed    100.00%
2766  MF523023           4.52%    passed     99.98%
2767  KC911297           4.54%    passed    100.00%
2768  HG01622            4.54%    passed    100.00%
2769  OM194225           4.53%    passed    100.00%
2770  OM194238           4.53%    passed    100.00%
2771  JX128085           4.53%    passed    100.00%
2772  KY409560           4.54%    passed     99.99%
2773  AF381997           4.53%    passed    100.00%
2774  KY410066           4.53%    passed    100.00%
2775  KY409430           4.53%    passed    100.00%
2776  MN595749           4.53%    passed     99.94%
2777  HGDP00894          4.53%    passed     99.99%
2778  JQ704299           4.53%    passed     99.99%
2779  KY410045           4.53%    passed     99.95%
2780  HG03995            4.54%    passed    100.00%
2781  MF523206           4.53%    passed     99.98%
2782  MF523159           4.53%    passed    100.00%
2783  NA07048            4.53%    passed     99.98%
2784  MN595685           4.53%    passed     99.94%
2785  NA20872            4.53%    passed    100.00%
2786  HGDP00033          4.53%    passed     99.99%
2787  JQ703113           4.53%    passed    100.00%
2788  KC911416           4.53%    passed     99.99%
2789  KC911422           4.52%    passed     99.99%
2790  JQ702726           4.53%    passed    100.00%
2791  MF523135           4.53%    passed     99.98%
2792  KJ856689           4.53%    passed     99.98%
2793  KU683505           4.53%    passed    100.00%
2794  MF523026           4.52%    passed     99.98%
2795  JQ324929           4.53%    passed     99.99%
2796  HGDP00588          4.53%    passed    100.00%
2797  MF523203           4.53%    passed    100.00%
2798  KC911540           4.54%    passed    100.00%
2799  KU683309           4.53%    passed     99.98%
2800  KF162942           4.53%    passed     99.99%
2801  HGDP00045          4.53%    passed     99.99%
2802  HGDP00025          4.53%    passed     99.99%
2803  MF522993           4.53%    passed     99.99%
2804  OL619855           4.53%    passed     99.99%
2805  MF522841           4.53%    passed     99.99%
2806  KY410171           4.53%    passed    100.00%
2807  MF523031           4.53%    passed    100.00%
2808  JQ704409           4.53%    passed    100.00%
2809  HGDP00573          4.53%    passed     99.97%
2810  HG01667            4.53%    passed     99.95%
2811  OM194239           4.53%    passed    100.00%
2812  MF156576           4.54%    passed    100.00%
2813  KY409564           4.53%    passed    100.00%
2814  PV621479           4.53%    passed    100.00%
2815  NA12748            4.53%    passed    100.00%
2816  KJ856717           4.53%    passed     99.98%
2817  EU597521           4.53%    passed     99.94%
2818  KU683256           4.54%    passed     99.99%
2819  KY408655           4.53%    passed    100.00%
2820  KY409155           4.53%    passed     99.99%
2821  MN687176           4.53%    passed     99.99%
2822  KC911327           4.53%    passed     99.99%
2823  MF523049           4.53%    passed     99.99%
2824  JQ702229           4.53%    passed    100.00%
2825  KU683584           4.53%    passed    100.00%
2826  MF523025           4.53%    passed    100.00%
2827  NA20587            4.53%    passed    100.00%
2828  KY408867           4.53%    passed    100.00%
2829  KY408828           4.53%    passed    100.00%
2830  MF523141           4.53%    passed     99.99%
2831  KU683008           4.53%    passed     99.96%
2832  MF522905           4.53%    passed    100.00%
2833  MF523208           4.53%    passed    100.00%
2834  HGDP00697          4.53%    passed    100.00%
2835  KY410187           4.53%    passed     99.99%
2836  HGDP01265          4.53%    passed    100.00%
2837  KU683477           4.53%    passed    100.00%
2838  KU683431           4.53%    passed    100.00%
2839  KY409501           4.53%    passed    100.00%
2840  KY409606           4.54%    passed    100.00%
2841  KU683560           4.53%    passed     99.97%
2842  MN595756           4.53%    passed    100.00%
2843  KC911369           4.53%    passed     99.99%
2844  MF523062           4.53%    passed     99.98%
2845  MF522851           4.53%    passed     99.98%
2846  AY713986           4.53%    passed     99.91%
2847  HM852795           4.53%    passed    100.00%
2848  KY409608           4.53%    passed     99.99%
2849  KY409986           4.54%    passed    100.00%
2850  HG00150            4.53%    passed    100.00%
2851  KU683463           4.53%    passed     99.99%
2852  HM765464           4.53%    passed    100.00%
2853  KY409384           4.53%    passed    100.00%
2854  MF523098           4.53%    passed     99.98%
2855  KU683355           4.53%    passed    100.00%
2856  MF523132           4.53%    passed     99.98%
2857  KY409869           4.53%    passed    100.00%
2858  EF177413           4.53%    passed    100.00%
2859  KY409437           4.53%    passed    100.00%
2860  EF177425           4.53%    passed    100.00%
2861  AY495135           4.53%    passed    100.00%
2862  PV621632           4.53%    passed    100.00%
2863  MF523086           4.53%    passed     99.99%
2864  KU683035           4.53%    passed     99.99%
2865  HQ699439           4.53%    passed    100.00%
2866  MN687291           4.53%    passed     99.99%
2867  HM852816           4.53%    passed    100.00%
2868  GU123014           4.53%    passed     99.99%
2869  MF522977           4.53%    passed    100.00%
2870  KY409622           4.54%    passed    100.00%
2871  KY410101           4.53%    passed    100.00%
2872  JQ703108           4.53%    passed    100.00%
2873  JX153158           4.53%    passed    100.00%
2874  KU683541           4.53%    passed    100.00%
2875  HGDP00158          4.54%    passed     99.99%
2876  MF523114           4.53%    passed     99.99%
2877  MN595876           4.54%    passed    100.00%
2878  MF522981           4.53%    passed    100.00%
2879  MG646191           4.53%    passed    100.00%
2880  JQ703367           4.53%    passed    100.00%
2881  HGDP00622          4.53%    passed     99.99%
2882  HG01747            4.53%    passed    100.00%
2883  KY408887           4.53%    passed     99.99%
2884  KY408730           4.53%    passed    100.00%
2885  GU123023           4.53%    passed     99.99%
2886  KU683215           4.53%    passed    100.00%
2887  MF523000           4.53%    passed     99.98%
2888  KY409936           4.53%    passed    100.00%
2889  MF523097           4.54%    passed     99.95%
2890  KC911349           4.53%    passed    100.00%
2891  MN595777           4.53%    passed    100.00%
2892  KF163010           4.53%    passed    100.00%
2893  MF522970           4.53%    passed     99.99%
2894  JX152911           4.53%    passed     99.98%
2895  HGDP00274          4.53%    passed     99.96%
2896  MF523165           4.53%    passed     99.94%
2897  KU683286           4.53%    passed     99.99%
2898  KF148549           4.53%    passed     99.96%
2899  JF260942           4.53%    passed     99.99%
2900  HM852806           4.53%    passed     99.95%
2901  EU567456           4.53%    passed     99.98%
2902  KU682995           4.53%    passed     99.97%
2903  KM096777           4.53%    passed     99.88%
2904  MF522870           4.53%    passed    100.00%
2905  AY713977           4.54%    passed     99.99%
2906  MF523087           4.53%    passed    100.00%
2907  KY410176           4.53%    passed    100.00%
2908  PV621732           4.53%    passed    100.00%
2909  KY408389           4.53%    passed    100.00%
2910  JQ324533           4.53%    passed     99.98%
2911  KC911575           4.52%    passed     99.99%
2912  HG01586            4.54%    passed    100.00%
2913  KP735164           4.53%    passed     99.99%
2914  KJ856780           4.53%    passed    100.00%
2915  MG952850           4.53%    passed     99.94%
2916  AY713988           4.53%    passed     99.98%
2917  OL619848           4.53%    passed    100.00%
2918  KY410173           4.53%    passed     99.99%
2919  KY409433           4.53%    passed     99.99%
2920  MF523033           4.53%    passed     99.99%
2921  MF523052           4.53%    passed     99.95%
2922  MN595818           4.53%    passed     99.97%
2923  MN595779           4.53%    passed    100.00%
2924  KY408149           4.54%    passed    100.00%
2925  KC911340           4.54%    passed    100.00%
2926  OL619930           4.54%    passed     99.97%
2927  KU682945           4.53%    passed     99.98%
2928  PV621492           4.53%    passed    100.00%
2929  KC911591           4.53%    passed     99.98%
2930  HG01786            4.53%    passed     99.99%
2931  EF177432           4.54%    passed    100.00%
2932  KC911326           4.53%    passed     99.98%
2933  NA10835            4.53%    passed     99.99%
2934  JQ705383           4.53%    passed    100.00%
2935  KC911598           4.53%    passed     99.98%
2936  MN595781           4.53%    passed    100.00%
2937  KC911284           4.53%    passed    100.00%
2938  JQ704592           4.53%    passed     99.99%
2939  KU683172           4.53%    passed    100.00%
2940  KU683065           4.53%    passed     99.99%
2941  KY409542           4.53%    passed     99.99%
2942  MF523100           4.53%    passed     99.96%
2943  OL619814           4.54%    passed     99.99%
2944  HQ850865           4.53%    passed    100.00%
2945  HGDP00109          4.53%    passed    100.00%
2946  JQ702865           4.53%    passed     99.93%
2947  KU682984           4.53%    passed     99.97%
2948  MN595849           4.54%    passed     99.98%
2949  KU682922           4.53%    passed     99.97%
2950  HM575427           4.53%    passed     99.98%
2951  NA20867            4.53%    passed     99.93%
2952  MG646198           4.53%    passed     99.99%
2953  EU545447           4.53%    passed    100.00%
2954  KU683270           4.53%    passed     99.99%
2955  PV621490           4.53%    passed    100.00%
2956  HM852822           4.53%    passed    100.00%
2957  KJ856715           4.53%    passed    100.00%
2958  KY408850           4.53%    passed    100.00%
2959  HGDP00576          4.53%    passed    100.00%
2960  HQ336422           4.53%    passed     99.98%
2961  KJ856720           4.53%    passed    100.00%
2962  JQ703940           4.54%    passed    100.00%
2963  KU683013           4.53%    passed    100.00%
2964  NA10854            4.53%    passed     99.99%
2965  MN595868           4.53%    passed    100.00%
2966  MF523066           4.53%    passed    100.00%
2967  HGDP00651          4.53%    passed     99.99%
2968  KU683055           4.53%    passed    100.00%
2969  HG02661            4.53%    passed    100.00%
2970  PV621719           4.53%    passed     99.99%
2971  KC911549           4.53%    passed     99.97%
2972  EF417833           4.53%    passed    100.00%
2973  HGDP00699          4.53%    passed    100.00%
2974  DQ523677           4.53%    passed    100.00%
2975  DQ523641           4.53%    passed    100.00%
2976  JX152926           4.53%    passed    100.00%
2977  NA12249            4.53%    passed     99.99%
2978  EU600345           4.54%    passed    100.00%
2979  MF523044           4.53%    passed     99.97%
2980  HQ659667           4.53%    passed     99.99%
2981  KU683194           4.53%    passed    100.00%
2982  JQ701843           4.54%    passed     99.99%
2983  HG00327            4.53%    passed    100.00%
2984  FJ147310           4.53%    passed     99.98%
2985  HG03890            4.53%    passed     99.99%
2986  KJ856711           4.54%    passed     99.96%
2987  KC911452           4.53%    passed     99.88%
2988  KU682993           4.53%    passed     99.99%
2989  KU683551           4.53%    passed     99.99%
2990  MF523190           4.53%    passed    100.00%
2991  PV621819           4.53%    passed    100.00%
2992  KC911580           4.53%    passed    100.00%
2993  DQ523676           4.53%    passed    100.00%
2994  OL619931           4.53%    passed    100.00%
2995  KC911487           4.53%    passed    100.00%
2996  JX153117           4.53%    passed    100.00%
2997  KC911458           4.53%    passed    100.00%
2998  KC911300           4.53%    passed     99.99%
2999  KY408224           4.53%    passed    100.00%
3000  KU682961           4.53%    passed     99.96%
3001  MN595758           4.53%    passed    100.00%
3002  MF522949           4.53%    passed    100.00%
3003  MF523054           4.53%    passed    100.00%
3004  KJ856675           4.54%    passed    100.00%
3005  MN595774           4.53%    passed    100.00%
3006  MG646105           4.53%    passed    100.00%
3007  HGDP01377          4.53%    passed    100.00%
3008  PV621754           4.53%    passed    100.00%
3009  KU683006           4.53%    passed     99.99%
3010  NA12872            4.53%    passed    100.00%
3011  HGDP01263          4.53%    passed    100.00%
3012  KF162957           4.53%    passed    100.00%
3013  MN687249           4.54%    passed     99.99%
3014  KY409466           4.53%    passed     99.97%
3015  KY409811           4.53%    passed    100.00%
3016  KY409931           4.53%    passed    100.00%
3017  KC911335           4.53%    passed     99.99%
3018  HGDP00145          4.53%    passed    100.00%
3019  MF523095           4.53%    passed     99.98%
3020  KY409290           4.53%    passed    100.00%
3021  HG02224            4.53%    passed     99.99%
3022  MF523046           4.53%    passed     99.97%
3023  MN595699           4.54%    passed     99.99%
3024  HGDP00224          4.53%    passed     99.97%
3025  KU682873           4.53%    passed     99.99%
3026  MN595877           4.53%    passed    100.00%
3027  JX153620           4.53%    passed    100.00%
3028  KF148201           4.53%    passed     99.99%
3029  PV621657           4.53%    passed    100.00%
3030  KY409420           4.53%    passed    100.00%
3031  JX153274           4.53%    passed    100.00%
3032  PV621718           4.54%    passed     99.99%
3033  KC911471           4.53%    passed    100.00%
3034  OL619918           4.53%    passed     99.98%
3035  KU683548           4.53%    passed     99.98%
3036  KM096764           4.53%    passed     99.88%
3037  EF177405           4.53%    passed    100.00%
3038  HM852787           4.53%    passed    100.00%
3039  KU683269           4.53%    passed     99.99%
3040  HGDP00054          4.53%    passed     99.99%
3041  KC911443           4.53%    passed     99.99%
3042  EF609012           4.53%    passed    100.00%
3043  MN595765           4.53%    passed     99.97%
3044  OL619926           4.53%    passed    100.00%
3045  MF522925           4.54%    passed     99.99%
3046  MG646223           4.53%    passed     99.97%
3047  MN595892           4.53%    passed    100.00%
3048  MG646182           4.54%    passed    100.00%
3049  KM096778           4.53%    passed    100.00%
3050  JQ702285           4.53%    passed    100.00%
3051  JQ703372           4.53%    passed    100.00%
3052  KF148188           4.54%    passed     99.99%
3053  KJ856764           4.53%    passed     99.94%
3054  OM194298           4.53%    passed    100.00%
3055  JQ703247           4.54%    passed     99.92%
3056  MF523067           4.54%    passed    100.00%
3057  MN687221           4.53%    passed    100.00%
3058  MF522986           4.53%    passed    100.00%
3059  KF148442           4.53%    passed     99.98%
3060  OL619846           4.53%    passed     99.98%
3061  KP340171           4.53%    passed    100.00%
3062  OL619824           4.53%    passed     99.99%
3063  NA12286            4.53%    passed    100.00%
3064  PV621491           4.53%    passed    100.00%
3065  HG02239            4.53%    passed     99.99%
3066  KY408485           4.53%    passed    100.00%
3067  KY409345           4.53%    passed    100.00%
3068  MN595838           4.53%    passed     99.90%
3069  MT554238           4.54%    passed     99.96%
3070  FJ668389           4.53%    passed     99.98%
3071  KJ856779           4.53%    passed    100.00%
3072  KM096765           4.53%    passed     99.98%
3073  KF148180           4.54%    passed     99.99%
3074  MF522864           4.53%    passed     99.99%
3075  KC765916           4.53%    passed    100.00%
3076  MG646122           4.53%    passed    100.00%
3077  KY409239           4.53%    passed    100.00%
3078  KY409401           4.53%    passed    100.00%
3079  EU935461           4.53%    passed    100.00%
3080  KU683460           4.53%    passed    100.00%
3081  HQ658738           4.53%    passed    100.00%
3082  MG646262           4.53%    passed    100.00%
3083  KC911387           4.53%    passed     99.99%
3084  PV621656           4.53%    passed    100.00%
3085  KY409629           4.54%    passed    100.00%
3086  MG646157           4.53%    passed     99.98%
3087  KC911565           4.54%    passed     99.98%
3088  HG01613            4.53%    passed    100.00%
3089  MF523090           4.53%    passed     99.99%
3090  KU683244           4.53%    passed    100.00%
3091  KC911617           4.53%    passed     99.98%
3092  HG00360            4.53%    passed     99.98%
3093  KF162914           4.53%    passed     99.94%
3094  OL619812           4.54%    passed     99.99%
3095  MT554233           4.54%    passed    100.00%
3096  EU600341           4.53%    passed     99.99%
3097  HQ674629           4.53%    passed    100.00%
3098  MN595853           4.53%    passed    100.00%
3099  JX153818           4.53%    passed     99.91%
3100  MF522907           4.53%    passed    100.00%
3101  JQ704251           4.53%    passed    100.00%
3102  OL619823           4.53%    passed     99.99%
3103  KY409856           4.53%    passed    100.00%
3104  HGDP00641          4.54%    passed     99.98%
3105  MF523001           4.53%    passed     99.99%
3106  KU683401           4.53%    passed    100.00%
3107  MH166336           4.54%    passed    100.00%
3108  NA20541            4.53%    passed     99.99%
3109  KY409048           4.53%    passed    100.00%
3110  HM103358           4.54%    passed    100.00%
3111  AY713980           4.53%    passed     99.99%
3112  HG03692            4.54%    passed    100.00%
3113  KY409833           4.53%    passed    100.00%
3114  KP722565           4.53%    passed     99.98%
3115  MF523060           4.53%    passed     99.98%
3116  KU683103           4.53%    passed     99.99%
3117  EU597574           4.53%    passed     99.97%
3118  JN646688           4.53%    passed    100.00%
3119  JX153260           4.53%    passed    100.00%
3120  JQ703892           4.54%    passed     99.99%
3121  KU683479           4.53%    passed    100.00%
3122  KF830849           4.53%    passed    100.00%
3123  PV621646           4.53%    passed     99.97%
3124  JQ704360           4.53%    passed    100.00%
3125  KC911403           4.53%    passed    100.00%
3126  KU683150           4.53%    passed    100.00%
3127  HGDP01304          4.54%    passed     99.97%
3128  HG01668            4.53%    passed     99.95%
3129  HGDP00412          4.53%    passed    100.00%
3130  HG03236            4.53%    passed    100.00%
3131  KC911560           4.53%    passed    100.00%
3132  KY409594           4.53%    passed     99.98%
3133  KY409389           4.53%    passed     99.99%
3134  PV621717           4.53%    passed     99.98%
3135  KY409799           4.53%    passed     99.95%
3136  KC911456           4.53%    passed     99.99%
3137  HG03895            4.53%    passed     99.99%
3138  KC911467           4.53%    passed    100.00%
3139  MG646211           4.53%    passed    100.00%
3140  KY410001           4.53%    passed     99.99%
3141  KY409217           4.53%    passed     99.99%
3142  KY410177           4.53%    passed     99.99%
3143  PV621733           4.53%    passed    100.00%
3144  HG01614            4.53%    passed    100.00%
3145  JX153071           4.53%    passed    100.00%
3146  MG649088           4.53%    passed    100.00%
3147  JX152919           4.53%    passed    100.00%
3148  HQ667351           4.53%    passed     99.98%
3149  KU683468           4.53%    passed     99.97%
3150  MF523047           4.53%    passed     99.98%
3151  JQ705203           4.53%    passed    100.00%
3152  HGDP00890          4.53%    passed    100.00%
3153  KU683474           4.53%    passed    100.00%
3154  KU683384           4.53%    passed    100.00%
3155  KU683175           4.53%    passed     99.99%
3156  FJ348203           4.53%    passed    100.00%
3157  MT554241           5.91%    passed     98.18%
3158  KC911538           4.53%    passed    100.00%
3159  KU683097           4.53%    passed    100.00%
3160  HG03235            4.53%    passed    100.00%
3161  HM370047           4.53%    passed    100.00%
3162  MK387836           4.53%    passed    100.00%
3163  PV621805           4.53%    passed     99.99%
3164  KM986526           4.53%    passed     99.99%
3165  HG03999            4.53%    passed     99.99%
3166  KC911439           4.53%    passed    100.00%
3167  KJ856752           4.53%    passed     99.97%
3168  KJ856771           4.54%    passed     99.97%
3169  MN595895           4.53%    passed    100.00%
3170  HM852824           4.53%    passed    100.00%
3171  JX153161           4.53%    passed    100.00%
3172  PV621731           4.53%    passed    100.00%
3173  KY409707           4.53%    passed     99.99%
3174  MN687148           4.53%    passed    100.00%
3175  MG646186           4.53%    passed    100.00%
3176  HM852854           4.53%    passed     99.98%
3177  PV621482           4.53%    passed     99.98%
3178  JQ702697           4.54%    passed    100.00%
3179  EU600336           4.53%    passed    100.00%
3180  KU683054           4.53%    passed     99.99%
3181  JQ703596           4.53%    passed    100.00%
3182  HGDP01299          4.53%    passed     99.98%
3183  HG00325            4.53%    passed    100.00%
3184  MN687294           4.53%    passed    100.00%
3185  KU683189           4.53%    passed     99.99%
3186  KU683210           4.53%    passed     99.98%
3187  JQ657730           4.53%    passed     99.99%
3188  HG02219            4.53%    passed     99.99%
3189  KC911346           4.53%    passed    100.00%
3190  MF522961           4.53%    passed    100.00%
3191  MF523162           4.53%    passed     99.99%
3192  MF523163           4.53%    passed    100.00%
3193  MT554240           5.91%    passed     98.20%
3194  MF523080           4.53%    passed     99.99%
3195  OL619941           4.53%    passed    100.00%
3196  KF162980           4.54%    passed     99.99%
3197  KU683036           4.54%    passed     99.99%
3198  KY408964           4.53%    passed     99.99%
3199  KY408384           4.53%    passed     99.97%
3200  KY409783           4.53%    passed    100.00%
3201  KY409743           4.53%    passed    100.00%
3202  KY408225           4.53%    passed     99.99%
3203  JF320654           4.53%    passed     99.99%
3204  JX153087           4.53%    passed    100.00%
3205  KF148433           4.53%    passed     99.96%
3206  EF222232           4.53%    passed    100.00%
3207  JX153443           4.54%    passed    100.00%
3208  HGDP00730          4.53%    passed     99.98%
3209  MN595704           4.53%    passed     99.99%
3210  KF146252           4.53%    passed    100.00%
3211  MF523108           4.53%    passed     99.96%
3212  KY073882           4.53%    passed     99.96%
3213  JQ704976           4.53%    passed     99.97%
3214  KU683502           4.53%    passed     99.99%
3215  KC911562           4.53%    passed     99.91%
3216  KM245142           4.53%    passed    100.00%
3217  KF163036           4.54%    passed     99.99%
3218  KU318668           4.53%    passed     99.99%
3219  EU570217           4.53%    passed     99.99%
3220  KM245144           4.53%    passed    100.00%
3221  HGDP00735          4.53%    passed     99.98%
3222  FJ968796           4.53%    passed     99.93%
3223  KX457356           4.53%    passed     99.94%
3224  KF146261           4.53%    passed     99.99%
3225  MN595717           4.53%    passed     99.99%
3226  KJ937089           4.53%    passed     99.95%
3227  KY410160           4.53%    passed     99.98%
3228  HGDP00407          4.53%    passed     99.83%
3229  GU122984           4.53%    passed     99.97%
3230  KU683037           4.53%    passed     99.97%
3231  HG03727            4.53%    passed     99.98%
3232  JQ245791           4.53%    passed    100.00%
3233  MF522894           4.53%    passed    100.00%
3234  MG272907           4.53%    passed     99.86%
3235  KY409859           4.53%    passed     99.98%
3236  MF522900           4.53%    passed    100.00%
3237  KY409841           4.53%    passed     99.99%
3238  KC911307           4.54%    passed     99.99%
3239  DQ523671           4.53%    passed     99.97%
3240  JX153193           4.53%    passed     99.95%
3241  JQ703825           4.53%    passed    100.00%
3242  MG646151           4.53%    passed    100.00%
3243  OL619857           4.53%    passed     99.99%
3244  GU808335           4.53%    passed    100.00%
3245  HGDP00076          4.53%    passed     99.88%
3246  KY409971           4.53%    passed    100.00%
3247  JX153397           4.53%    passed    100.00%
3248  MN595701           4.54%    passed     99.97%
3249  GU592019           4.53%    passed    100.00%
3250  JQ705054           4.53%    passed    100.00%
3251  MF523186           4.53%    passed     99.98%
3252  KX440252           4.53%    passed    100.00%
3253  MT554203           4.53%    passed     99.98%
3254  KU683406           4.53%    passed    100.00%
3255  HG00106            4.53%    passed     99.97%
3256  KC911304           4.54%    passed     99.98%
3257  MT554210           4.53%    passed     99.98%
3258  MN595837           4.53%    passed     99.97%
3259  MN595792           4.55%    passed     99.98%
3260  KY410222           4.53%    passed     99.90%
3261  MN595835           4.53%    passed     99.97%
3262  JQ064573           4.53%    passed     99.98%
3263  KU683178           4.53%    passed    100.00%
3264  KY408322           4.53%    passed     99.97%
3265  HQ914447           4.54%    passed    100.00%
3266  MN595721           4.53%    passed     99.98%
3267  HG01111            4.53%    passed     99.87%
3268  KY408334           4.53%    passed     99.97%
3269  AY714035           4.53%    passed     99.97%
3270  KY408969           4.53%    passed     99.92%
3271  MN687141           4.53%    passed     99.99%
3272  JX153149           4.53%    passed     99.97%
3273  HGDP00444          4.53%    passed     99.94%
3274  KY409470           4.53%    passed     99.95%
3275  KY410013           4.53%    passed    100.00%
3276  KU683050           4.54%    passed    100.00%
3277  KJ856751           4.53%    passed     99.99%
3278  HQ336424           4.53%    passed    100.00%
3279  JX152940           4.53%    passed     99.94%
3280  MN595832           4.53%    passed     99.94%
3281  MF522862           4.53%    passed    100.00%
3282  KU683493           4.53%    passed    100.00%
3283  KY410121           4.53%    passed     99.92%
3284  KU683130           4.53%    passed     99.99%
3285  KC911569           4.53%    passed    100.00%
3286  MF522845           4.53%    passed     99.99%
3287  DQ341088           4.53%    passed    100.00%
3288  KY409828           4.53%    passed     99.95%
3289  KC911521           4.53%    passed     99.99%
3290  MT554204           4.54%    passed     99.99%
3291  KY410151           4.53%    passed     99.95%
3292  KF163032           4.53%    passed     99.99%
3293  HGDP01205          4.53%    passed     99.99%
3294  HGDP00247          4.53%    passed     99.98%
3295  KX440223           4.53%    passed    100.00%
3296  HG01099            4.54%    passed     99.88%
3297  JQ797872           4.54%    passed     99.99%
3298  KU683405           4.53%    passed    100.00%
3299  MF523035           4.53%    passed     99.95%
3300  MN595872           4.53%    passed     99.96%
3301  MF522967           4.54%    passed     99.99%
3302  HGDP00612          4.53%    passed     99.97%
3303  KU683514           4.53%    passed    100.00%
3304  HG00235            4.53%    passed     99.99%
3305  MG952874           4.53%    passed     99.97%
3306  MF522968           4.54%    passed     99.99%
3307  MT554208           4.53%    passed     99.95%
3308  FJ502349           4.53%    passed    100.00%
3309  MF523126           4.53%    passed     99.95%
3310  KY409252           4.53%    passed     99.95%
3311  JQ797873           4.53%    passed    100.00%
3312  HG03744            4.53%    passed     99.94%
3313  OM194296           4.53%    passed     99.98%
3314  HG01098            4.53%    passed     99.87%
3315  KU683555           4.54%    passed    100.00%
3316  JQ797765           4.54%    passed    100.00%
3317  KY409831           4.53%    passed     99.88%
3318  KY409435           4.53%    passed     99.92%
3319  HG03239            4.53%    passed     99.97%
3320  KC911625           4.54%    passed     99.99%
3321  OL619815           4.53%    passed     99.90%
3322  KY410078           4.53%    passed     99.98%
3323  KU683087           4.53%    passed     99.99%
3324  HG01302            4.53%    passed     99.97%
3325  MF523215           4.55%    passed     99.97%
3326  HG03902            4.53%    passed     99.95%
3327  KC911461           4.54%    passed     99.96%
3328  HGDP00624          4.53%    passed     99.99%
3329  MF523145           4.53%    passed    100.00%
3330  KU683418           4.53%    passed    100.00%
3331  JX152944           4.53%    passed     99.94%
3332  MF523109           4.53%    passed     99.99%
3333  MN595760           4.54%    passed     99.94%
3334  HM852784           4.54%    passed    100.00%
3335  EF556169           4.53%    passed     99.93%
3336  MF522917           4.53%    passed     99.89%
3337  MG646140           4.53%    passed     99.99%
3338  MF523006           4.53%    passed     99.99%
3339  KY410114           4.53%    passed     99.95%
3340  KY409706           4.53%    passed     99.88%
3341  HGDP00288          4.53%    passed     99.96%
3342  MF523070           4.53%    passed     99.88%
3343  MT554201           4.54%    passed     99.99%
3344  MF522881           4.53%    passed     99.86%
3345  KU683239           4.53%    passed     99.95%
3346  HM852763           4.54%    passed     99.96%
3347  KJ856802           4.54%    passed     99.95%
3348  NA12145            4.53%    passed     99.95%
3349  MF522898           4.53%    passed     99.90%
3350  MG952859           4.54%    passed     99.94%
3351  KJ856739           4.53%    passed     99.98%
3352  KJ856742           4.53%    passed     99.84%
3353  KX456932           4.53%    passed     99.81%
3354  MF522883           4.53%    passed     99.86%
3355  HG01685            4.54%    passed     99.94%
3356  HM852890           4.53%    passed     99.91%
3357  MF523211           4.54%    passed     99.99%
3358  EU600363           4.53%    passed     99.95%
3359  KU683090           4.53%    passed     99.95%
3360  KT698033           4.54%    passed     99.85%
3361  MF523173           4.53%    passed     99.91%
3362  KF162978           4.54%    passed     99.92%
3363  HG02222            4.53%    passed     99.99%
3364  EF177407           4.54%    passed     99.95%
3365  KC911383           4.53%    passed     99.92%
3366  GU722602           4.54%    passed     99.94%
3367  MT554202           4.53%    passed     99.93%
3368  MF522906           4.54%    passed     99.88%
3369  JQ702919           4.53%    passed     99.95%
3370  HGDP00199          4.53%    passed     99.94%
3371  MN595858           4.54%    passed     99.87%
3372  EU600362           4.53%    passed     99.94%
3373  KT698025           4.53%    passed     99.93%
3374  KJ856676           4.53%    passed     99.97%
3375  NA20910            4.54%    passed     99.94%
3376  HG00236            4.53%    passed     99.98%
3377  MN595894           4.54%    passed     99.96%
3378  JQ703711           4.53%    passed     99.94%
3379  JX152901           4.53%    passed     99.89%
3380  MF523181           4.53%    passed     99.90%
3381  OL619890           4.53%    passed     99.91%
3382  AY495261           4.53%    passed     99.94%
3383  HGDP01385          4.53%    passed     99.95%
3384  KC911393           4.53%    passed     99.99%
3385  HG01687            4.54%    passed     99.94%
3386  KC911418           4.53%    passed     99.92%
3387  MT554200           4.54%    passed     99.98%
3388  KU683274           4.54%    passed     99.94%
3389  NA10846            4.53%    passed     99.99%
3390  AY714017           4.53%    passed     99.99%
3391  MF523218           4.53%    passed     99.88%
3392  MF523013           4.53%    passed     99.95%
3393  HM103361           4.53%    passed     99.93%
3394  HG02220            4.53%    passed     99.99%
3395  JX273270           4.53%    passed     99.93%
3396  JQ702168           4.53%    passed     99.93%
3397  JQ704707           4.53%    passed     99.95%
3398  MF523158           4.53%    passed     99.94%
3399  JQ705467           4.54%    passed     99.91%
3400  HG01538            4.53%    passed     99.99%
3401  GU936958           4.54%    passed     99.92%
3402  MG646192           4.54%    passed     99.94%
3403  JX153399           4.54%    passed     99.94%
3404  HM852886           4.54%    passed     99.92%
3405  MF523118           4.53%    passed     99.94%
3406  JQ703347           4.53%    passed     99.95%
3407  KU683365           4.53%    passed     99.94%
3408  JX153148           4.53%    passed     99.95%
3409  MT554197           4.52%    passed     99.95%
3410  JX273269           4.54%    passed     99.95%
3411  EU092688           4.54%    passed     99.78%
3412  HG02839            4.53%    passed    100.00%
3413  HG01205            4.53%    passed     99.95%
3414  PV621532           4.54%    passed     99.98%
3415  PV621723           4.54%    passed     99.94%
3416  HG03514            4.53%    passed     99.99%
3417  PV621559           4.54%    passed     99.96%
3418  NA19024            4.54%    passed     99.59%
3419  NA19984            4.54%    passed     99.51%
3420  NA18870            4.54%    passed     99.78%
3421  NA20279            4.54%    passed     99.97%
3422  HG02051            4.53%    passed     99.98%
3423  MF057554           4.54%    passed     99.81%
3424  PV621556           4.53%    passed     99.94%
3425  MF056966           4.54%    passed     99.99%
3426  PV621498           4.53%    passed     99.98%
3427  MF055804           4.53%    passed     99.98%
3428  MF057502           4.54%    passed     99.81%
3429  NA19713            4.53%    passed     99.77%
3430  NA19431            4.54%    passed    100.00%
3431  HG02307            4.54%    passed     99.99%
3432  PV621510           4.53%    passed     99.99%
3433  NA18521            4.53%    passed    100.00%
3434  MF057935           4.53%    passed     99.99%
3435  NA20129            4.53%    passed    100.00%
3436  MF056336           4.54%    passed     99.98%
3437  MF056814           4.53%    passed     99.98%
3438  NA19204            4.53%    passed     99.99%
3439  MF058025           4.54%    passed     99.83%
3440  PV621611           4.53%    passed     99.94%
3441  KM986600           4.53%    passed     99.99%
3442  KM986601           4.53%    passed     99.99%
3443  MF058101           4.54%    passed     99.81%
3444  MF057985           4.53%    passed     99.99%
3445  HGDP00148          4.53%    passed     99.83%
3446  EU935458           4.55%    passed     99.86%
3447  HGDP01261          4.53%    passed    100.00%
3448  JQ045024           4.53%    passed    100.00%
3449  NA18523            4.53%    passed    100.00%
3450  HG02594            4.53%    passed     99.97%
3451  KM986584           4.53%    passed     99.98%
3452  KC911529           4.53%    passed    100.00%
3453  HG01916            4.53%    passed    100.00%
3454  MF057617           4.53%    passed     99.98%
3455  MF056404           4.53%    passed     99.98%
3456  KC911533           4.53%    passed    100.00%
3457  MF056132           4.53%    passed     99.99%
3458  NA18522            4.54%    passed     99.74%
3459  MF057655           4.53%    passed     99.98%
3460  HG02938            4.53%    passed     99.99%
3461  HGDP00177          4.54%    passed     99.90%
3462  PV621509           4.53%    passed     99.98%
3463  NA20412            4.54%    passed     99.98%
3464  HG03311            4.54%    passed     99.97%
3465  MF056470           4.54%    passed     99.99%
3466  MF056466           4.54%    passed     99.98%
3467  PV621542           4.53%    passed    100.00%
3468  MF057542           4.53%    passed    100.00%
3469  MF058529           4.53%    passed     99.99%
3470  HG01188            4.54%    passed     99.73%
3471  PV621560           4.54%    passed     99.96%
3472  MF056384           4.53%    passed     99.99%
3473  MF056618           4.53%    passed     99.98%
3474  EU092769           4.53%    passed    100.00%
3475  HG02841            4.54%    passed     99.98%
3476  MF057927           4.53%    passed     99.99%
3477  KC911354           4.53%    passed     99.99%
3478  HGDP00134          4.54%    passed     99.99%
3479  HG01189            4.54%    passed     99.73%
3480  MF057653           4.53%    passed     99.99%
3481  NA19921            4.53%    passed    100.00%
3482  MF055786           4.54%    passed     99.74%
3483  HG02819            4.53%    passed    100.00%
3484  MF057794           4.54%    passed     99.59%
3485  MF057884           4.54%    passed     99.59%
3486  NA18872            4.54%    passed     99.73%
3487  EU092726           4.54%    passed     99.81%
3488  MF055991           4.54%    passed     99.99%
3489  DQ304897           4.54%    passed     99.88%
3490  PV621530           4.54%    passed     99.96%
3491  EU092660           4.55%    passed     99.88%
3492  MF056529           4.53%    passed     99.97%
3493  MF055845           4.54%    passed     99.66%
3494  PV621487           4.54%    passed     99.95%
3495  NA19834            4.54%    passed     99.94%
3496  HG03161            4.53%    passed    100.00%
3497  HGDP00139          4.53%    passed    100.00%
3498  HG02590            4.54%    passed     99.97%
3499  HG02589            4.54%    passed     99.97%
3500  HG03350            4.54%    passed     99.94%
3501  PV621624           4.54%    passed     99.95%
3502  NA19395            4.53%    passed     99.98%
3503  MF057160           4.53%    passed    100.00%
3504  MF056958           4.53%    passed     99.99%
3505  MF058107           4.53%    passed     99.98%
3506  MF056602           7.46%    passed     82.03%
3507  HG01883            4.53%    passed    100.00%
3508  MF058330           4.54%    passed     99.80%
3509  JQ045108           4.54%    passed     99.99%
3510  MF056134           4.53%    passed     99.99%
3511  HG02980            4.53%    passed     99.97%
3512  KC533500           4.53%    passed     99.99%
3513  MF056376           4.54%    passed     99.67%
3514  HG02309            4.53%    passed     99.96%
3515  MF056819           4.53%    passed     99.98%
3516  MF058251           4.53%    passed     99.95%
3517  MF057667           4.54%    passed     99.74%
3518  MF056024           4.54%    passed     99.61%
3519  EU092738           4.55%    passed     99.86%
3520  NA20903            4.53%    passed    100.00%
3521  HG03515            4.54%    passed     99.62%
3522  MF057251           4.54%    passed     99.83%
3523  MF058427           4.54%    passed     99.81%
3524  HG02983            4.54%    passed     99.58%
3525  HG03028            4.53%    passed    100.00%
3526  HG01915            4.53%    passed     99.99%
3527  DQ304959           4.53%    passed     99.99%
3528  NA19023            4.53%    passed     99.98%
3529  MF056841           4.53%    passed     99.98%
3530  MF055807           4.53%    passed     99.98%
3531  MF055971           4.54%    passed     99.97%
3532  MF055759           4.53%    passed     99.99%
3533  MF055775           4.54%    passed     99.80%
3534  MF057811           4.54%    passed     99.90%
3535  JX303835           4.59%    passed     99.75%
3536  MF056840           4.54%    passed     99.97%
3537  PV621815           4.54%    passed     99.97%
3538  HG02885            4.53%    passed     99.99%
3539  PV621786           4.53%    passed     99.99%
3540  HG03246            4.53%    passed     99.97%
3541  MF057150           4.54%    passed     99.78%
3542  NA18486            4.54%    passed     99.97%
3543  HG02886            4.53%    passed    100.00%
3544  HG02966            4.53%    passed    100.00%
3545  MF056334           4.53%    passed     99.99%
3546  NA19189            4.53%    passed     99.93%
3547  PV621513           4.54%    passed     99.89%
3548  MF056735           4.53%    passed     99.99%
3549  NA19707            4.53%    passed    100.00%
3550  MF058322           4.54%    passed     99.80%
3551  NA19132            4.54%    passed     99.94%
3552  PV621623           4.54%    passed     99.98%
3553  PV621511           4.53%    passed    100.00%
3554  MF057645           4.53%    passed     99.99%
3555  MF056644           4.54%    passed     99.70%
3556  JQ702123           4.53%    passed     99.62%
3557  HG02461            4.53%    passed     99.96%
3558  HG03577            4.54%    passed     99.99%
3559  HG03478            4.54%    passed    100.00%
3560  MF056383           4.54%    passed     99.77%
3561  KJ669122           4.54%    passed     99.69%
3562  JN214480           4.54%    passed     99.97%
3563  HG03351            4.54%    passed     99.97%
3564  HGDP00130          4.54%    passed     99.98%
3565  PV621712           4.54%    passed     99.98%
3566  HQ384198           4.53%    passed    100.00%
3567  NA19225            4.53%    passed     99.99%
3568  HG03485            4.53%    passed     99.98%
3569  NA18511            4.53%    passed     99.99%
3570  HG02964            4.53%    passed     99.99%
3571  MF056883           4.53%    passed     99.99%
3572  HG03516            4.53%    passed    100.00%
3573  MF056632           4.53%    passed     99.96%
3574  MF057968           4.53%    passed    100.00%
3575  MF057158           4.53%    passed    100.00%
3576  HGDP00140          4.54%    passed     99.98%
3577  NA19186            4.54%    passed     99.70%
3578  HG03108            4.53%    passed     99.91%
3579  PV621562           4.54%    passed     99.98%
3580  HG01206            4.53%    passed     99.95%
3581  DQ341074           4.54%    passed     99.90%
3582  MF056409           4.54%    passed     99.97%
3583  HG04076            4.53%    passed     99.97%
3584  HM030537           4.54%    passed     99.67%
3585  KX456552           4.54%    passed    100.00%
3586  HG04177            4.53%    passed    100.00%
3587  PV067306           4.55%    passed     99.98%
3588  MH449381           4.54%    passed     99.94%
3589  MT419342           4.53%    passed    100.00%
3590  EU148486           4.53%    passed     99.99%
3591  HGDP01218          4.54%    passed     99.99%
3592  MG272875           4.54%    passed    100.00%
3593  MH449123           4.53%    passed     99.97%
3594  MH449256           4.53%    passed     99.98%
3595  HG03756            4.54%    passed     99.91%
3596  PP654577           4.53%    passed     99.92%
3597  MF057023           4.53%    passed     99.99%
3598  PP654828           4.53%    passed     99.94%
3599  HG03915            4.53%    passed     99.86%
3600  JF742209           4.53%    passed     99.99%
3601  KF540598           4.53%    passed     99.88%
3602  KX456627           4.53%    passed     99.99%
3603  EF556195           4.54%    passed     99.98%
3604  KX457610           4.54%    passed     99.97%
3605  FJ383529           4.53%    passed     99.99%
3606  MF056114           4.53%    passed     99.99%
3607  MF056329           4.53%    passed    100.00%
3608  MG272919           4.53%    passed     99.98%
3609  PP654825           4.53%    passed     99.94%
3610  EU443499           4.53%    passed     99.97%
3611  AY922261           4.53%    passed    100.00%
3612  KX456990           4.54%    passed     99.98%
3613  HG03794            4.53%    passed    100.00%
3614  FJ383667           4.54%    passed     99.98%
3615  HG02048            4.53%    passed    100.00%
3616  MF056007           4.53%    passed     99.99%
3617  KT725884           4.53%    passed    100.00%
3618  PP654593           4.53%    passed     99.94%
3619  MT419347           4.54%    passed    100.00%
3620  KX457166           4.53%    passed     99.98%
3621  MG273125           4.53%    passed     99.94%
3622  SCsq0027           4.53%    passed    100.00%
3623  PX272399           4.54%    passed     99.97%
3624  PX272309           4.54%    passed     99.99%
3625  PP654632           4.53%    passed     99.99%
3626  MF056947           4.53%    passed     99.99%
3627  AY922303           4.53%    passed     99.99%
3628  NA20911            4.53%    passed     99.83%
3629  HGDP00043          4.53%    passed     99.98%
3630  PP654584           4.53%    passed     99.94%
3631  MF056982           4.53%    passed     99.99%
3632  MF056234           4.53%    passed     99.98%
3633  KF540907           4.53%    passed     99.99%
3634  KT726141           4.53%    passed     99.95%
3635  MF058584           4.53%    passed     99.97%
3636  PV695683           4.53%    passed    100.00%
3637  MF056253           4.54%    passed     99.99%
3638  PX366976           4.53%    passed     99.93%
3639  MH449436           4.53%    passed    100.00%
3640  KU683295           4.53%    passed     99.99%
3641  MH449300           4.54%    passed    100.00%
3642  MF058220           4.53%    passed     99.99%
3643  MF057297           4.53%    passed     99.99%
3644  MF058332           4.53%    passed     99.74%
3645  PV067377           4.54%    passed     99.98%
3646  HG03720            4.54%    passed     99.99%
3647  PV067345           4.54%    passed     99.87%
3648  KC911363           4.53%    passed     99.94%
3649  KX457452           4.53%    passed     99.97%
3650  MG272768           4.53%    passed     99.99%
3651  AP010993           4.53%    passed    100.00%
3652  MF056233           4.53%    passed     99.98%
3653  KF540781           4.53%    passed     99.98%
3654  MN849785           4.53%    passed     99.99%
3655  GQ301882           4.53%    passed     99.98%
3656  MF057442           4.53%    passed     99.98%
3657  HM030509           4.53%    passed     99.92%
3658  EF153810           4.53%    passed     99.89%
3659  JN857024           4.54%    passed     99.98%
3660  MF057262           4.53%    passed     99.97%
3661  FJ383346           4.53%    passed    100.00%
3662  MF523183           4.54%    passed     99.98%
3663  FJ383764           4.53%    passed    100.00%
3664  MF057866           4.53%    passed     99.99%
3665  HM346882           4.53%    passed    100.00%
3666  MF056528           4.53%    passed     99.98%
3667  KJ154451           4.53%    passed     99.88%
3668  AY922282           4.53%    passed    100.00%
3669  KT587531           4.54%    passed    100.00%
3670  PX272590           4.53%    passed    100.00%
3671  KX456479           4.54%    passed     99.99%
3672  MF058139           4.53%    passed    100.00%
3673  KF056292           4.53%    passed     99.95%
3674  PP654670           4.54%    passed    100.00%
3675  KU683550           4.53%    passed     99.82%
3676  AY922268           4.54%    passed     99.99%
3677  MF056739           4.53%    passed     99.85%
3678  GU014564           4.63%    passed     99.90%
3679  MG272602           4.54%    passed    100.00%
3680  MG272755           4.53%    passed     99.98%
3681  KX456883           4.53%    passed     99.92%
3682  MF522944           4.53%    passed     99.88%
3683  PP654773           4.54%    passed    100.00%
3684  MF058459           4.53%    passed     99.98%
3685  PP654832           4.53%    passed     99.92%
3686  KX457139           4.53%    passed     99.99%
3687  KX457556           4.53%    passed    100.00%
3688  OM194322           4.53%    passed    100.00%
3689  KU683492           4.53%    passed     99.99%
3690  KF540687           4.53%    passed    100.00%
3691  MF056468           4.53%    passed     99.99%
3692  MF056584           4.53%    passed     99.98%
3693  MF056892           4.53%    passed     99.99%
3694  PV067384           4.53%    passed    100.00%
3695  PX273044           4.53%    passed     99.99%
3696  HG02786            4.53%    passed     99.98%
3697  KF540518           4.53%    passed    100.00%
3698  KT726131           4.53%    passed     99.97%
3699  KF056294           4.53%    passed     99.95%
3700  PP654500           4.53%    passed     99.99%
3701  KX457499           4.53%    passed     99.99%
3702  KT587564           4.53%    passed     99.94%
3703  FJ383347           4.53%    passed    100.00%
3704  GU810023           4.54%    passed     99.87%
3705  PP654572           4.58%    passed     99.98%
3706  HG03015            4.53%    passed     99.99%
3707  MT419121           4.54%    passed     99.96%
3708  NA18940            4.53%    passed     99.98%
3709  KX457051           4.53%    passed    100.00%
3710  MF056481           4.53%    passed     99.99%
3711  KT726085           4.53%    passed     99.98%
3712  KX456983           4.53%    passed     99.93%
3713  KP346047           4.54%    passed     99.89%
3714  HG03945            4.53%    passed     99.99%
3715  HGDP00135          4.53%    passed     99.96%
3716  MG272961           4.53%    passed     99.98%
3717  KX456464           4.53%    passed    100.00%
3718  PP654810           4.53%    passed     99.94%
3719  KU683170           4.53%    passed     99.86%
3720  HG02687            4.54%    passed     99.98%
3721  KF540557           4.53%    passed     99.96%
3722  KU682936           4.54%    passed    100.00%
3723  MG660747           4.53%    passed    100.00%
3724  KF056296           4.53%    passed     99.99%
3725  KT725953           4.53%    passed     99.98%
3726  KC505078           4.53%    passed     99.99%
3727  KX457657           4.54%    passed     99.98%
3728  PX272502           4.54%    passed     99.97%
3729  MT419284           4.53%    passed     99.99%
3730  MH449063           4.53%    passed     99.99%
3731  HGDP01023          4.53%    passed     99.99%
3732  KX456744           4.53%    passed    100.00%
3733  KX457500           4.54%    passed     99.99%
3734  MF058542           4.53%    passed     99.98%
3735  MF058574           4.53%    passed     99.83%
3736  FJ770950           4.54%    passed     99.99%
3737  FJ383364           4.53%    passed     99.99%
3738  MG272783           4.53%    passed    100.00%
3739  KX456875           4.53%    passed     99.98%
3740  MF058056           4.53%    passed     99.99%
3741  MF057062           4.53%    passed     99.99%
3742  HM346892           4.53%    passed     99.99%
3743  HM346889           4.53%    passed    100.00%
3744  HG03978            4.53%    passed     99.98%
3745  KX457596           4.53%    passed    100.00%
3746  KP346043           4.53%    passed    100.00%
3747  FJ383531           4.53%    passed    100.00%
3748  HG03969            4.53%    passed     99.95%
3749  FJ383584           4.54%    passed     99.98%
3750  KX457266           4.53%    passed    100.00%
3751  MF057283           4.53%    passed    100.00%
3752  MF056890           4.53%    passed     99.98%
3753  MF057749           4.53%    passed    100.00%
3754  HM346936           4.53%    passed     99.95%
3755  JX289105           4.53%    passed    100.00%
3756  MF056809           4.53%    passed     99.98%
3757  KT587583           4.53%    passed     99.85%
3758  MF056326           4.54%    passed     99.93%
3759  FJ383407           4.54%    passed     99.97%
3760  FJ383768           4.53%    passed     99.90%
3761  PP654743           4.53%    passed    100.00%
3762  MG273047           4.53%    passed    100.00%
3763  PV067298           4.55%    passed    100.00%
3764  KX456471           4.54%    passed     99.99%
3765  MF055909           4.53%    passed     99.99%
3766  MF056924           4.53%    passed     99.99%
3767  MF057463           4.53%    passed     99.98%
3768  GU733788           4.53%    passed     99.99%
3769  KF849927           4.53%    passed     99.95%
3770  AY922276           4.53%    passed     99.98%
3771  FJ383377           4.54%    passed    100.00%
3772  HGDP00088          4.53%    passed     99.99%
3773  HM030518           4.53%    passed     99.95%
3774  GQ119017           4.54%    passed    100.00%
3775  HG02384            4.53%    passed    100.00%
3776  HGDP00781          4.53%    passed    100.00%
3777  AP008755           4.53%    passed    100.00%
3778  KC994065           4.53%    passed    100.00%
3779  MF055938           4.53%    passed     99.99%
3780  MF056783           4.53%    passed    100.00%
3781  PV695948           4.53%    passed     99.99%
3782  MF057579           4.53%    passed     99.98%
3783  KX456805           4.53%    passed     99.97%
3784  KT587596           4.54%    passed     99.98%
3785  FJ383657           4.54%    passed     99.99%
3786  FJ383371           4.53%    passed    100.00%
3787  HGDP00047          4.53%    passed    100.00%
3788  AY922280           4.53%    passed    100.00%
3789  SCsq0070           4.53%    passed     99.99%
3790  HG02137            4.53%    passed     99.98%
3791  MG272955           4.53%    passed     99.98%
3792  MF056551           4.53%    passed    100.00%
3793  HG00444            4.53%    passed     99.93%
3794  KT726019           4.53%    passed     99.93%
3795  PX366909           4.54%    passed     99.98%
3796  KF056265           4.53%    passed     99.96%
3797  MH449490           4.53%    passed     99.91%
3798  PV067356           4.54%    passed    100.00%
3799  MF057588           4.53%    passed     99.99%
3800  PX272457           4.54%    passed     99.97%
3801  HG03913            4.53%    passed     99.86%
3802  HG03934            4.54%    passed     99.99%
3803  MF056580           4.53%    passed     99.86%
3804  MF057136           4.53%    passed     99.86%
3805  HG04185            4.53%    passed     99.99%
3806  AY922267           4.53%    passed     99.98%
3807  KM986613           4.53%    passed    100.00%
3808  HG03708            4.53%    passed     99.90%
3809  HG03725            4.53%    passed     99.99%
3810  MT419192           4.53%    passed     99.99%
3811  HM596667           4.53%    passed     99.88%
3812  KF540669           4.53%    passed    100.00%
3813  HG00594            4.53%    passed    100.00%
3814  KX457176           4.54%    passed    100.00%
3815  NA18543            4.53%    passed     99.99%
3816  MF058007           4.53%    passed    100.00%
3817  MF055770           4.53%    passed    100.00%
3818  MF057361           4.53%    passed     99.99%
3819  MF058448           4.53%    passed    100.00%
3820  MF056037           4.53%    passed     99.98%
3821  MF058347           4.53%    passed    100.00%
3822  PV695909           4.53%    passed     99.96%
3823  KX457662           4.53%    passed    100.00%
3824  FJ770945           4.53%    passed     99.97%
3825  FJ383332           4.53%    passed     99.98%
3826  HQ157983           4.54%    passed     99.99%
3827  MG272708           4.53%    passed    100.00%
3828  PP654523           4.54%    passed     99.96%
3829  MF056781          16.34%    failed      2.40%
3830  MF056389           4.53%    passed     99.93%
3831  FJ383678           4.54%    passed    100.00%
3832  MF057751           4.53%    passed     99.91%
3833  HGDP00346          4.53%    passed     99.99%
3834  FJ383424           4.54%    passed     99.69%
3835  MG272916           4.53%    passed    100.00%
3836  HG03687            4.54%    passed     99.99%
3837  PP654657           4.54%    passed     99.99%
3838  FJ383575           4.53%    passed     99.97%
3839  HG03705            4.53%    passed     99.96%
3840  MG272712           4.54%    passed     99.93%
3841  PV695682           4.53%    passed     99.94%
3842  MT419072           4.53%    passed     99.97%
3843  MF056332           4.53%    passed    100.00%
3844  KP346012           4.54%    passed     99.97%
3845  KU682897           4.53%    passed    100.00%
3846  HQ157972           4.54%    passed    100.00%
3847  FJ383246           4.54%    passed     99.95%
3848  AY922257           4.54%    passed    100.00%
3849  MT554222           4.54%    passed     99.97%
3850  KC577360           4.53%    passed     99.91%
3851  MH449107           4.57%    passed     99.95%
3852  MF522916           4.53%    passed    100.00%
3853  MT419237           4.53%    passed    100.00%
3854  KF540759           4.53%    passed     99.97%
3855  MF057991           4.53%    passed     99.99%
3856  MF056454           4.53%    passed     99.99%
3857  KT725977           4.54%    passed     99.98%
3858  HM346927           4.53%    passed     99.98%
3859  HM346922           4.53%    passed     99.95%
3860  KU682957           4.54%    passed     99.97%
3861  KX456475           4.53%    passed     99.98%
3862  MH449365           4.53%    passed     99.99%
3863  KP346025           4.54%    passed    100.00%
3864  JX462680           4.54%    passed     99.97%
3865  KT587356           4.54%    passed    100.00%
3866  PV067340           4.58%    passed    100.00%
3867  PV067361           4.53%    passed    100.00%
3868  KX456816           4.53%    passed     99.92%
3869  PX272477           4.53%    passed     99.99%
3870  HG03007            4.54%    passed     99.96%
3871  NA20876            4.53%    passed     99.97%
3872  HG04183            4.53%    passed     99.99%
3873  PP654725           4.53%    passed     99.98%
3874  MH449264           4.53%    passed     99.98%
3875  MT419096           4.53%    passed     99.98%
3876  KX456610           4.54%    passed     99.97%
3877  MG273003           4.53%    passed    100.00%
3878  KU683205           4.53%    passed     99.99%
3879  KC251746           4.53%    passed    100.00%
3880  KF540863           4.53%    passed    100.00%
3881  MF057705           4.53%    passed     99.99%
3882  KF540760           4.53%    passed    100.00%
3883  GQ895150           4.53%    passed     99.99%
3884  KT726000           4.53%    passed     99.95%
3885  MH449097           4.53%    passed     99.92%
3886  PP654788           4.53%    passed    100.00%
3887  PP654570           4.53%    passed     99.99%
3888  KX457223           4.54%    passed    100.00%
3889  MF058353           4.53%    passed     99.95%
3890  KX456881           4.53%    passed     99.96%
3891  MF057779           4.53%    passed     99.85%
3892  HG03882            4.53%    passed     99.99%
3893  FJ383375           4.53%    passed     99.99%
3894  HGDP00136          4.54%    passed     99.98%
3895  FJ383423           4.54%    passed     99.91%
3896  HGDP00262          4.53%    passed     99.97%
3897  KC911596           4.53%    passed     99.93%
3898  HM852834           4.53%    passed     99.95%
3899  KT213803           4.53%    passed    100.00%
3900  MG272674           4.53%    passed     99.99%
3901  KX456516           4.53%    passed     99.98%
3902  MG272775           4.53%    passed     99.94%
3903  KX457314           4.54%    passed     99.92%
3904  GQ119012           4.53%    passed    100.00%
3905  KT587499           4.54%    passed     99.98%
3906  PP654712           4.53%    passed     99.92%
3907  KT587581           4.53%    passed     99.92%
3908  MH449528           4.53%    passed     99.98%
3909  KT587382           4.54%    passed     99.99%
3910  MF056331           4.53%    passed     99.99%
3911  MF055992           4.53%    passed    100.00%
3912  AP008823           4.53%    passed     99.98%
3913  MG660650           4.53%    passed    100.00%
3914  HM346903           4.53%    passed     99.91%
3915  KT725927          22.33%    failed      2.71%
3916  PP654534           4.53%    passed    100.00%
3917  KC505088           4.54%    passed    100.00%
3918  MF056527           4.53%    passed     99.98%
3919  MG272656           4.53%    passed     99.99%
3920  PP654824           4.53%    passed     99.91%
3921  KC911426           4.54%    passed     99.98%
3922  FJ383673           4.54%    passed     99.99%
3923  MF522990           4.54%    passed    100.00%
3924  FJ383655           4.54%    passed     99.99%
3925  KP346048           4.54%    passed     99.98%
3926  HG03702            4.54%    passed    100.00%
3927  HG03746            4.54%    passed     99.98%
3928  FJ383578           4.54%    passed     99.98%
3929  JF742201           4.54%    passed    100.00%
3930  PP654602           4.54%    passed     99.98%
3931  HG03722            4.53%    passed     99.97%
3932  HG03774            4.53%    passed     99.96%
3933  MH449530           4.53%    passed     99.99%
3934  KX457354           4.53%    passed     99.99%
3935  MG273051           4.53%    passed     99.91%
3936  PV067341           4.54%    passed     99.93%
3937  KT587534           4.54%    passed     99.98%
3938  MT419338           4.53%    passed    100.00%
3939  AP010717           4.53%    passed     99.99%
3940  PP654740           4.53%    passed     99.92%
3941  KX457177           4.53%    passed    100.00%
3942  KF540801           4.53%    passed     99.97%
3943  KF540565           4.53%    passed     99.99%
3944  AP010681           4.54%    passed    100.00%
3945  GQ895146           4.53%    passed     99.97%
3946  KT725917           4.53%    passed    100.00%
3947  MG273060           4.53%    passed     99.97%
3948  MG273065           4.53%    passed     99.95%
3949  MH449090           4.53%    passed     99.96%
3950  KC505072           4.53%    passed     99.99%
3951  KX456700           4.53%    passed     99.99%
3952  GQ895142           4.53%    passed     99.97%
3953  JX289124           4.53%    passed     99.88%
3954  KX457459           4.54%    passed     99.99%
3955  KX456887           4.53%    passed     99.96%
3956  AY922306           4.54%    passed     99.96%
3957  FJ383675           4.54%    passed     99.98%
3958  HG03941            4.54%    passed     99.99%
3959  FJ383654           4.54%    passed     99.99%
3960  MF056972           4.53%    passed     99.90%
3961  FJ383360           4.53%    passed     99.94%
3962  MT554220           4.54%    passed     99.98%
3963  PV067383           4.54%    passed     99.98%
3964  PP654633           4.54%    passed     99.98%
3965  KF056280           4.53%    passed    100.00%
3966  HM030543           4.53%    passed    100.00%
3967  MH449277           4.53%    passed     99.98%
3968  KP345996           4.54%    passed    100.00%
3969  KX456926           4.53%    passed     99.98%
3970  KX457003           4.54%    passed     99.99%
3971  HM030541           4.54%    passed     99.98%
3972  KX456750           4.54%    passed    100.00%
3973  PV067320           4.54%    passed    100.00%
3974  MG272718           4.53%    passed    100.00%
3975  KX457633           4.53%    passed    100.00%
3976  MF057355           4.53%    passed     99.99%
3977  MF057273           4.53%    passed     99.99%
3978  MF057582           4.53%    passed     99.96%
3979  KX456937           4.53%    passed     99.92%
3980  MG660741           4.53%    passed    100.00%
3981  KT725955           4.53%    passed     99.99%
3982  MG272850           4.53%    passed     99.98%
3983  PP654757           4.53%    passed     99.99%
3984  KX457143           4.53%    passed     99.76%
3985  MF057580           4.53%    passed     99.99%
3986  KT587508           4.53%    passed     99.92%
3987  KX456810           4.53%    passed     99.94%
3988  PX272367           4.53%    passed     99.99%
3989  HG03866            4.53%    passed     99.99%
3990  HG04211            4.54%    passed     99.94%
3991  FJ383249           4.54%    passed     99.98%
3992  KX456472           4.54%    passed     99.99%
3993  MG272917           4.54%    passed    100.00%
3994  MF056778           4.53%    passed     99.81%
3995  MF056876           4.53%    passed     99.90%
3996  FJ383680           4.53%    passed     99.97%
3997  HG04184            4.53%    passed     99.99%
3998  HG03942            4.54%    passed     99.99%
3999  HG03717            4.53%    passed     99.99%
4000  FJ383434           4.53%    passed    100.00%
4001  PP654651           4.54%    passed    100.00%
4002  PP654628           4.54%    passed     99.99%
4003  KC887481           4.53%    passed     99.99%
4004  MH449505           4.54%    passed     99.99%
4005  PP654520           4.53%    passed     99.96%
4006  KT587494           4.54%    passed     99.95%
4007  KP346027           4.54%    passed     99.96%
4008  MG273028           4.53%    passed    100.00%
4009  PV695964           4.53%    passed    100.00%
4010  SCsq0099           4.53%    passed     99.97%
4011  HGDP00777          4.53%    passed     99.98%
4012  HGDP01316          4.53%    passed     99.99%
4013  HGDP01294          4.53%    passed     99.96%
4014  MF058370           4.53%    passed     99.99%
4015  KF148510           4.53%    passed    100.00%
4016  FJ198227           4.53%    passed     99.99%
4017  JF824924           4.53%    passed    100.00%
4018  KF849919           4.53%    passed     99.98%
4019  HM346931           4.53%    passed     99.98%
4020  HM346923           4.53%    passed     99.99%
4021  HM346926           4.53%    passed     99.99%
4022  KT726114           4.53%    passed     99.97%
4023  KT726043           4.54%    passed     99.96%
4024  EF060361           4.53%    passed     99.95%
4025  MF056760           4.53%    passed     99.95%
4026  KU683144           4.53%    passed     99.98%
4027  HG04115            4.54%    passed     99.99%
4028  MF057201           4.53%    passed     99.85%
4029  MF056111           4.53%    passed     99.91%
4030  MF057706           4.53%    passed     99.91%
4031  FJ770960           4.53%    passed    100.00%
4032  FJ383380           4.53%    passed    100.00%
4033  HG04070            4.53%    passed    100.00%
4034  FJ383393           4.53%    passed    100.00%
4035  HG03940            4.54%    passed     99.99%
4036  KC887469           4.53%    passed     99.97%
4037  NA20853            4.54%    passed     99.99%
4038  FJ383308           4.53%    passed     99.92%
4039  HG03719            4.53%    passed     99.97%
4040  KX457110           4.53%    passed     99.96%
4041  KX457638           4.53%    passed     99.99%
4042  MH449529           4.53%    passed     99.99%
4043  MH449284           4.53%    passed     99.98%
4044  GQ301872           4.53%    passed     99.98%
4045  NA18636            4.53%    passed    100.00%
4046  HG02367            4.53%    passed     99.96%
4047  KX456905           4.53%    passed    100.00%
4048  JQ704806           4.53%    passed    100.00%
4049  HG02030            4.53%    passed     99.99%
4050  HG02141            4.53%    passed    100.00%
4051  KX457621           4.53%    passed    100.00%
4052  KF540506           4.53%    passed     99.99%
4053  KF540958           4.53%    passed     99.98%
4054  KF540710           4.53%    passed    100.00%
4055  KT587446           4.53%    passed    100.00%
4056  MH449152           4.54%    passed     99.98%
4057  MF055968           4.53%    passed     99.99%
4058  MF057486           4.53%    passed    100.00%
4059  MF057954           4.53%    passed    100.00%
4060  MF056508           4.54%    passed     99.99%
4061  KF540631           4.54%    passed     99.97%
4062  AP010767           4.53%    passed     99.98%
4063  KU683245           4.53%    passed     99.98%
4064  KT725978           4.53%    passed     99.93%
4065  HG02081            4.54%    passed     99.98%
4066  MT419233           4.53%    passed     99.76%
4067  JF742214           4.54%    passed    100.00%
4068  PP654806           4.53%    passed     99.84%
4069  PP654805           4.53%    passed     99.94%
4070  HG04090            4.54%    passed     99.97%
4071  MF057278           4.53%    passed     99.85%
4072  FJ770959           4.53%    passed     99.99%
4073  FJ770966           4.53%    passed     99.98%
4074  JX462700           4.53%    passed     99.98%
4075  HG02793            4.54%    passed     99.99%
4076  KT587435           4.54%    passed     99.96%
4077  KX457334           4.53%    passed     99.99%
4078  HM030533           4.53%    passed    100.00%
4079  MH449542           4.53%    passed     99.98%
4080  MG272761           4.53%    passed     99.97%
4081  PP654503           4.53%    passed     99.99%
4082  JX289100           4.53%    passed     99.74%
4083  HM030540           4.53%    passed     99.99%
4084  KX456616           4.53%    passed     99.99%
4085  PX366798           4.53%    passed    100.00%
4086  PV695971           4.54%    passed    100.00%
4087  KX456555           4.53%    passed    100.00%
4088  KU683226           4.53%    passed    100.00%
4089  HG02060            4.53%    passed    100.00%
4090  MF058128           4.53%    passed     99.99%
4091  MF057952           4.53%    passed     99.99%
4092  GU733772           4.53%    passed     99.99%
4093  GU733799           4.54%    passed     99.96%
4094  KU682983           4.54%    passed    100.00%
4095  MG273112           4.53%    passed     99.93%
4096  KC887487           4.54%    passed     99.75%
4097  KF148512           4.53%    passed     99.99%
4098  KT725976           4.53%    passed     99.98%
4099  KT726038           4.53%    passed     99.93%
4100  KT726027           4.53%    passed     99.97%
4101  HM346918           4.53%    passed     99.95%
4102  KT725996           4.53%    passed     99.99%
4103  KX457545           4.53%    passed     99.97%
4104  MH449071           4.53%    passed     99.93%
4105  KX457244           4.53%    passed     99.95%
4106  PP654842           4.53%    passed     99.99%
4107  KX457044           4.54%    passed     99.96%
4108  MF057543           4.53%    passed     99.95%
4109  FJ383247           4.53%    passed     99.97%
4110  EU443481           4.53%    passed     99.96%
4111  KP076664           4.54%    passed     99.99%
4112  HG04142            4.54%    passed    100.00%
4113  MF058311           4.53%    passed     99.86%
4114  HG03634            4.53%    passed     99.99%
4115  HG03615            4.53%    passed    100.00%
4116  NA20869            4.53%    passed     99.99%
4117  KP346031           4.54%    passed    100.00%
4118  HG03907            4.53%    passed     99.99%
4119  NA21092            4.53%    passed     99.98%
4120  HG03639            4.54%    passed     99.96%
4121  HGDP00376          4.53%    passed     99.98%
4122  PP654750           4.53%    passed     99.99%
4123  MG272685           4.53%    passed     99.99%
4124  KC733256           4.57%    passed     99.99%
4125  PX272588           4.53%    passed    100.00%
4126  GQ301875           4.53%    passed    100.00%
4127  MG272730           4.53%    passed     99.98%
4128  PX272593           4.53%    passed     99.98%
4129  KX456460           4.53%    passed     99.99%
4130  HG02027            4.53%    passed     99.98%
4131  MT418987           4.54%    passed     99.99%
4132  KX457622           4.54%    passed     99.96%
4133  KX456846           4.53%    passed     99.99%
4134  KX456834           4.53%    passed     99.98%
4135  NA19011            4.53%    passed     99.97%
4136  KX456661           4.53%    passed     99.98%
4137  KX457373           4.53%    passed    100.00%
4138  PX366802           4.53%    passed    100.00%
4139  MH449547           4.53%    passed    100.00%
4140  MG272908           4.53%    passed     99.99%
4141  KF540527           4.53%    passed     99.99%
4142  KU683330           4.54%    passed    100.00%
4143  KF541048           4.53%    passed    100.00%
4144  JX987455           4.53%    passed     99.99%
4145  HG00701            4.54%    passed     99.99%
4146  MF055984           4.53%    passed    100.00%
4147  MF057290           4.53%    passed     99.98%
4148  MF056022           4.53%    passed     99.99%
4149  MF056954           4.54%    passed    100.00%
4150  MF057727           4.53%    passed     99.99%
4151  KX456946           4.53%    passed     99.89%
4152  MH807364           4.53%    passed    100.00%
4153  NA18950            4.53%    passed     99.99%
4154  MG272868           4.54%    passed    100.00%
4155  KX457304           4.54%    passed     99.93%
4156  HM346891           4.53%    passed    100.00%
4157  KT726095           4.53%    passed    100.00%
4158  KF056297           4.53%    passed     99.97%
4159  KT726004           4.53%    passed     99.93%
4160  HM346920           4.53%    passed     99.95%
4161  GQ895151           4.53%    passed     99.98%
4162  KT725879           4.53%    passed    100.00%
4163  KU683592           4.53%    passed    100.00%
4164  KT725894           4.53%    passed     99.99%
4165  MH448958           4.53%    passed     99.98%
4166  FJ383333           4.53%    passed     99.99%
4167  KT587410           4.54%    passed    100.00%
4168  MF056020           4.54%    passed     99.98%
4169  MF056520           4.53%    passed     99.98%
4170  KX456797           4.53%    passed     99.97%
4171  KF849906           4.53%    passed     99.94%
4172  KU683435           4.53%    passed     99.86%
4173  MG272665           4.53%    passed     99.93%
4174  HGDP00181          4.54%    passed    100.00%
4175  MF056115           4.53%    passed     99.86%
4176  MF056059           4.54%    passed     99.93%
4177  HG02660            4.54%    passed     99.99%
4178  KX457124           4.53%    passed     99.99%
4179  HG02601            4.54%    passed     99.99%
4180  HM852820           4.53%    passed     99.97%
4181  HG03799            4.53%    passed     99.97%
4182  FJ383539           4.53%    passed     99.99%
4183  HG04096            4.53%    passed     99.99%
4184  HG03229            4.53%    passed     99.99%
4185  HGDP00244          4.53%    passed     99.98%
4186  HG03673            4.53%    passed    100.00%
4187  FJ383493           4.53%    passed    100.00%
4188  HGDP00144          4.53%    passed     99.96%
4189  KT726005           4.54%    passed     99.99%
4190  HG03930            4.53%    passed     99.95%
4191  HG02789            4.53%    passed     99.93%
4192  KX457502           4.54%    passed     99.97%
4193  PP654677           4.53%    passed     99.96%
4194  PX366775           4.53%    passed    100.00%
4195  KT587548           4.54%    passed     99.96%
4196  PX272547           4.53%    passed     99.94%
4197  MH449540           4.54%    passed     99.94%
4198  AP008699           4.53%    passed     99.98%
4199  MH449441           4.53%    passed    100.00%
4200  KX456989           4.53%    passed    100.00%
4201  FJ198219           4.54%    passed     99.97%
4202  PP654585           4.53%    passed    100.00%
4203  KX457578           4.53%    passed     99.99%
4204  KF540963           4.53%    passed     99.97%
4205  KF540604           4.53%    passed     99.92%
4206  PP654772           4.54%    passed    100.00%
4207  NA18618            4.53%    passed     99.99%
4208  MF058028           4.53%    passed     99.96%
4209  MF058215           4.53%    passed     99.98%
4210  MF056743           5.10%    passed     99.96%
4211  PX366863           4.53%    passed     99.99%
4212  KF540714           4.53%    passed     99.99%
4213  PX366822           4.53%    passed     99.99%
4214  FJ748723           4.54%    passed     99.99%
4215  AP008629           4.53%    passed    100.00%
4216  JN857063           4.53%    passed     99.95%
4217  KT726046           4.53%    passed    100.00%
4218  KU683287           4.54%    passed     99.97%
4219  KT725911          10.46%    passed     94.19%
4220  KX456994           4.53%    passed    100.00%
4221  JX289101           4.53%    passed    100.00%
4222  OM194223           4.53%    passed     99.99%
4223  AP013191           4.53%    passed    100.00%
4224  AY255172           4.53%    passed     99.98%
4225  KT587622           4.53%    passed     99.99%
4226  PP654671           4.54%    passed    100.00%
4227  KU682946           4.53%    passed     99.97%
4228  GQ301876           4.55%    passed     99.98%
4229  PP654508           4.54%    passed     99.98%
4230  PP654515           4.54%    passed     99.91%
4231  GU733805           4.53%    passed     99.99%
4232  HM030499           4.54%    passed    100.00%
4233  MF058277           4.53%    passed     99.98%
4234  MF056659           4.53%    passed     99.95%
4235  MF057295           4.53%    passed     99.95%
4236  PP654522           4.53%    passed     99.91%
4237  HGDP00711          4.53%    passed     99.97%
4238  HG02654            4.53%    passed     99.95%
4239  FJ383658           4.54%    passed     99.99%
4240  HGDP00726          4.54%    passed     99.99%
4241  HG03848            4.54%    passed    100.00%
4242  FJ383676           4.54%    passed    100.00%
4243  FJ383670           4.54%    passed    100.00%
4244  FJ383672           4.54%    passed    100.00%
4245  KX457460           4.53%    passed     99.97%
4246  MF056378           4.53%    passed     99.91%
4247  MF055994           4.53%    passed     99.81%
4248  MF058325           4.53%    passed     99.74%
4249  HG04062            4.54%    passed     99.99%
4250  FJ383378           4.53%    passed     99.99%
4251  KF056274           4.54%    passed     99.99%
4252  FJ383403           4.54%    passed     99.99%
4253  HG03230            4.53%    passed     99.98%
4254  HG01583            4.53%    passed     99.98%
4255  HG04161            4.53%    passed    100.00%
4256  KC911557           4.53%    passed     99.97%
4257  JF742202           4.55%    passed     99.95%
4258  FJ383299           4.53%    passed    100.00%
4259  HG03752            4.53%    passed     99.93%
4260  PP654659           4.54%    passed     99.99%
4261  MG272630           4.53%    passed     99.98%
4262  PX272577           4.54%    passed     99.98%
4263  MH449289           4.53%    passed    100.00%
4264  HG02028            4.53%    passed     99.99%
4265  KX456606           4.53%    passed     99.95%
4266  MT419077           4.53%    passed     99.98%
4267  KT587525           4.54%    passed     99.95%
4268  KX456933           4.53%    passed     99.98%
4269  PX272591           4.53%    passed     99.96%
4270  PP654754           4.54%    passed     99.97%
4271  KF540833           4.53%    passed     99.99%
4272  KX456547           4.53%    passed    100.00%
4273  PX366816           4.53%    passed     99.97%
4274  MT419274           4.53%    passed     99.98%
4275  MG272963           4.53%    passed     99.98%
4276  PV695712           4.53%    passed    100.00%
4277  PV695681           4.53%    passed    100.00%
4278  KU683361           4.53%    passed     99.99%
4279  KX457277           4.54%    passed    100.00%
4280  HG00612            4.53%    passed     99.99%
4281  AP008647           4.53%    passed    100.00%
4282  KU682972           4.53%    passed     99.99%
4283  KU682953           4.53%    passed     99.99%
4284  KX456608           4.54%    passed     99.99%
4285  MF056152           4.53%    passed    100.00%
4286  MF057207           5.18%    passed     99.09%
4287  MF056990           4.53%    passed     99.98%
4288  FJ383319           4.53%    passed     99.97%
4289  KT725960           4.53%    passed     99.97%
4290  FJ383321           4.54%    passed    100.00%
4291  KT725957           4.53%    passed     99.99%
4292  KT726050           4.53%    passed     99.98%
4293  PP654502           4.53%    passed     99.98%
4294  AY255142           4.54%    passed     99.98%
4295  KX457282           4.53%    passed     99.99%
4296  MG272620           4.53%    passed    100.00%
4297  PP654499           4.53%    passed    100.00%
4298  PP654620           4.54%    passed    100.00%
4299  HG04001            4.53%    passed    100.00%
4300  HG03016            4.53%    passed    100.00%
4301  HG03663            4.53%    passed    100.00%
4302  KX457023           4.54%    passed     99.95%
4303  MH449534           4.54%    passed     99.98%
4304  KC505091           4.54%    passed     99.99%
4305  MF056806           4.53%    passed     99.98%
4306  MF055921           4.53%    passed     99.95%
4307  MF055840           4.53%    passed     99.89%
4308  KT587561           4.53%    passed     99.99%
4309  FJ383664           4.54%    passed     99.97%
4310  HG03600            4.54%    passed     99.99%
4311  FJ383671           4.54%    passed    100.00%
4312  HQ438685           4.54%    passed     99.96%
4313  MF055953           4.53%    passed     99.91%
4314  MF056102           4.53%    passed     99.91%
4315  FJ383344           4.53%    passed     99.99%
4316  JF742205           4.53%    passed    100.00%
4317  KP346017           4.53%    passed     99.97%
4318  KT725868           4.53%    passed    100.00%
4319  HG04020            4.53%    passed     99.97%
4320  NA21116            4.53%    passed     99.98%
4321  HG03834            4.53%    passed     99.99%
4322  PV067300           4.54%    passed     99.99%
4323  MT419273           4.54%    passed     99.95%
4324  HG03489            4.54%    passed     99.99%
4325  FJ383394           4.54%    passed     99.96%
4326  MT554221           4.54%    passed     99.98%
4327  JQ702439           4.53%    passed    100.00%
4328  DQ246829           4.53%    passed    100.00%
4329  HG03593            4.53%    passed    100.00%
4330  PV067338           4.54%    passed     99.85%
4331  FJ383590           4.54%    passed     99.95%
4332  KX457089           4.53%    passed     99.98%
4333  FJ383304           4.53%    passed     99.93%
4334  HM030511           4.53%    passed     99.96%
4335  PX273089           4.54%    passed     99.98%
4336  KT587502           4.53%    passed     99.99%
4337  MT419074           4.54%    passed     99.97%
4338  MT418979           4.53%    passed     99.98%
4339  MT419039           4.53%    passed     99.97%
4340  PV695812           4.76%    passed     99.99%
4341  AP008402           4.53%    passed     99.98%
4342  KU683254           4.53%    passed     99.97%
4343  KX456667           4.53%    passed     99.99%
4344  KX456502           4.53%    passed    100.00%
4345  JX987469           4.53%    passed    100.00%
4346  MG272979           4.53%    passed     99.99%
4347  PP654596           4.53%    passed    100.00%
4348  HG02121            4.53%    passed    100.00%
4349  HG02120            4.53%    passed     99.99%
4350  MG272825           4.53%    passed    100.00%
4351  KF540539           4.53%    passed     99.98%
4352  DQ272126           4.53%    passed     99.97%
4353  MF056685           4.53%    passed     99.99%
4354  MF056784           4.53%    passed     99.99%
4355  KF540762           4.53%    passed     99.96%
4356  MG273129           4.53%    passed     99.98%
4357  NA18646            4.53%    passed     99.99%
4358  MF522923           4.53%    passed     99.99%
4359  NA18596            4.53%    passed     99.95%
4360  PX366852           4.53%    passed    100.00%
4361  HG03594            4.54%    passed     99.80%
4362  KX456540           4.54%    passed    100.00%
4363  KT213779           4.53%    passed     99.97%
4364  KT726012           4.53%    passed     99.99%
4365  HM346921           4.53%    passed     99.97%
4366  KT726016           4.53%    passed    100.00%
4367  KF056287           4.54%    passed     99.95%
4368  HM346897           4.53%    passed    100.00%
4369  FJ544236           4.53%    passed     99.97%
4370  MG272627           4.53%    passed    100.00%
4371  KP346007           4.53%    passed     99.99%
4372  FJ383651           4.53%    passed     99.82%
4373  KX457605           4.53%    passed     99.98%
4374  PP654791           4.53%    passed     99.99%
4375  KC505083           4.53%    passed     99.99%
4376  PP654567           4.54%    passed    100.00%
4377  JX289122           4.53%    passed     99.98%
4378  PP654680           4.54%    passed     99.98%
4379  PP654542           4.54%    passed     99.94%
4380  MF057546           4.53%    passed     99.98%
4381  MF056941           4.54%    passed     99.98%
4382  MF056581           4.53%    passed     99.99%
4383  KT587642           4.53%    passed     99.94%
4384  HG04042            4.54%    passed     99.98%
4385  EU597558           4.53%    passed     99.90%
4386  KU683586           4.53%    passed     99.82%
4387  HG02690            4.54%    passed    100.00%
4388  KP346045           4.54%    passed    100.00%
4389  PV067311           4.54%    passed     99.99%
4390  EF060265           4.53%    passed     99.99%
4391  MF055997           4.53%    passed     99.84%
4392  MF058295           4.53%    passed     99.86%
4393  MF056727           4.53%    passed     99.85%
4394  HG00457            4.53%    passed    100.00%
4395  FJ770951           4.53%    passed     99.99%
4396  HG03856            4.53%    passed     99.98%
4397  FJ383684           4.53%    passed    100.00%
4398  KX456918           4.53%    passed     99.97%
4399  FJ383537           4.53%    passed     99.99%
4400  HGDP00248          4.53%    passed     99.98%
4401  HGDP00096          4.53%    passed    100.00%
4402  HG04054            4.53%    passed     99.98%
4403  HG04140            4.53%    passed    100.00%
4404  PV067326           4.54%    passed     99.87%
4405  KC911351           4.53%    passed     99.95%
4406  HG03986            4.54%    passed     99.92%
4407  HG04229            4.53%    passed     99.98%
4408  JX462692           4.54%    passed     99.98%
4409  KC887485           4.53%    passed     99.88%
4410  FJ383303           4.53%    passed     99.88%
4411  HG03710            4.53%    passed     99.98%
4412  MH449203           4.53%    passed     99.99%
4413  KT587529           4.53%    passed     99.97%
4414  KX457109           4.54%    passed     99.96%
4415  PX272730           4.54%    passed     99.96%
4416  KX457130           4.53%    passed     99.98%
4417  MG272956           4.53%    passed     99.99%
4418  MT419242           4.53%    passed     99.99%
4419  KX457640           4.54%    passed     99.96%
4420  MT419107           4.54%    passed     99.96%
4421  PP654729           4.53%    passed     99.92%
4422  KX456711           4.53%    passed     99.92%
4423  KX456727           4.53%    passed     99.92%
4424  GQ301865           4.54%    passed     99.99%
4425  MG272763           4.53%    passed     99.94%
4426  KT725862           4.53%    passed    100.00%
4427  MH449405           4.53%    passed    100.00%
4428  MH449321           4.53%    passed    100.00%
4429  KX457347           4.53%    passed    100.00%
4430  KX456657           4.53%    passed     99.99%
4431  PV695795           4.54%    passed     99.99%
4432  KF540749           4.53%    passed    100.00%
4433  KX457285           4.53%    passed     99.96%
4434  MG272849           4.53%    passed    100.00%
4435  PX367021           4.53%    passed    100.00%
4436  KX456531           4.53%    passed    100.00%
4437  KX456859           4.53%    passed    100.00%
4438  KF540731           4.53%    passed     99.99%
4439  PP654722           4.53%    passed    100.00%
4440  KX456550           4.53%    passed    100.00%
4441  MG272638           4.53%    passed     99.98%
4442  MG272598           4.54%    passed     99.99%
4443  MF056851           4.53%    passed     99.98%
4444  MF057016           4.53%    passed     99.99%
4445  MF057285           4.53%    passed    100.00%
4446  MF057615           4.53%    passed     99.99%
4447  MF056713           4.53%    passed    100.00%
4448  MF056740           5.26%    passed    100.00%
4449  MF056922           4.53%    passed    100.00%
4450  JX987441           4.53%    passed     99.99%
4451  KF540858           4.53%    passed     99.99%
4452  PV067322           4.54%    passed     99.98%
4453  HM030532           4.54%    passed     99.99%
4454  AP008531           4.54%    passed     99.99%
4455  PV695741           4.53%    passed     99.98%
4456  JX289130           4.57%    passed     99.98%
4457  MG272642           4.54%    passed     99.98%
4458  KX456644           4.54%    passed     99.97%
4459  HM036540           4.53%    passed     99.93%
4460  KT726088           4.53%    passed    100.00%
4461  PP654498           4.54%    passed     99.99%
4462  HG02080            4.54%    passed     99.98%
4463  HM346895           4.53%    passed     99.98%
4464  KT725946           4.53%    passed     99.99%
4465  HM346881           4.54%    passed     99.92%
4466  AY255178           4.53%    passed    100.00%
4467  NA18749            4.53%    passed     99.97%
4468  MG273014           4.53%    passed     99.91%
4469  HQ157977           4.53%    passed     99.98%
4470  PP654556           4.53%    passed     99.90%
4471  KX456826           4.53%    passed    100.00%
4472  MG272606           4.53%    passed     99.99%
4473  KC505075           4.53%    passed     99.99%
4474  KC505076           4.53%    passed     99.99%
4475  PP654645           4.54%    passed    100.00%
4476  KT725860           4.54%    passed     99.93%
4477  PP654513           4.54%    passed    100.00%
4478  HG04060            4.53%    passed    100.00%
4479  MH449551           4.54%    passed     99.97%
4480  PP654540           4.54%    passed     99.99%
4481  MF058306           4.53%    passed     99.98%
4482  MF055875           4.53%    passed     99.98%
4483  MF057764           4.53%    passed     99.95%
4484  JF739543           4.54%    passed     99.96%
4485  PP654799           4.53%    passed     99.91%
4486  AF382013           4.54%    passed    100.00%
4487  FJ383656           4.54%    passed     99.99%
4488  HG02700            4.54%    passed    100.00%
4489  HGDP00146          4.54%    passed    100.00%
4490  FJ383679           4.54%    passed    100.00%
4491  FJ383677           4.54%    passed     99.99%
4492  JF742213           4.54%    passed    100.00%
4493  MF056935           4.53%    passed     99.91%
4494  MF056854           4.53%    passed     99.80%
4495  MF057324           4.53%    passed     99.81%
4496  KT725942           8.70%    passed     98.71%
4497  AY922298           4.53%    passed    100.00%
4498  HG03922            4.53%    passed     99.99%
4499  AY922264           4.53%    passed    100.00%
4500  HG04059            4.53%    passed     99.99%
4501  JF742208           4.53%    passed     99.99%
4502  HG04209            4.53%    passed     99.99%
4503  HG03909            4.53%    passed     99.99%
4504  HGDP00108          4.53%    passed     99.99%
4505  FJ383530           4.53%    passed    100.00%
4506  FJ383412           4.54%    passed     99.97%
4507  HG03631            4.54%    passed     99.97%
4508  HG03641            4.53%    passed     99.98%
4509  KC911321           4.53%    passed     99.97%
4510  FJ383554           4.53%    passed     99.98%
4511  FJ383812           4.53%    passed     99.91%
4512  KX457409           4.54%    passed     99.99%
4513  FJ383307           4.53%    passed     99.88%
4514  HG03977            4.53%    passed     99.87%
4515  HG03022            4.53%    passed     99.93%
4516  MG272872           4.53%    passed    100.00%
4517  KX457024           4.53%    passed     99.99%
4518  PP654720           4.53%    passed     99.99%
4519  MH449517           4.53%    passed    100.00%
4520  JX289128           4.53%    passed     99.99%
4521  MG273062           4.53%    passed     99.99%
4522  JX289126           4.54%    passed     99.97%
4523  PP654550           4.54%    passed     99.97%
4524  MG272667           4.54%    passed     99.97%
4525  PP654685           4.53%    passed     99.99%
4526  MH449288           4.54%    passed     99.97%
4527  MT419322           4.53%    passed     99.98%
4528  KX457145           4.54%    passed     99.99%
4529  MH449531           4.54%    passed     99.94%
4530  HM030504           4.53%    passed     99.96%
4531  MG272949           4.53%    passed     99.99%
4532  MG272988           4.53%    passed    100.00%
4533  MG272974           4.53%    passed     99.99%
4534  KT587628           4.54%    passed    100.00%
4535  KX456754           4.58%    passed    100.00%
4536  KF540511           4.53%    passed     99.98%
4537  MG272779           4.54%    passed     99.99%
4538  KF540750           4.53%    passed    100.00%
4539  KF849961           4.53%    passed    100.00%
4540  KX456654           4.54%    passed    100.00%
4541  MF056577           4.53%    passed     99.98%
4542  MF056193           4.53%    passed     99.98%
4543  MF057568           4.53%    passed     99.98%
4544  MF055903           4.53%    passed     99.99%
4545  MF057634           4.53%    passed    100.00%
4546  MF056719           4.53%    passed    100.00%
4547  MF058585           4.55%    passed     99.99%
4548  MF058508           4.68%    passed     99.98%
4549  MF058323           4.53%    passed     99.99%
4550  MF056997           4.53%    passed     99.98%
4551  MF056036           4.53%    passed     99.98%
4552  KF540912           4.53%    passed     99.99%
4553  JX987470           4.53%    passed     99.92%
4554  HG00759            4.53%    passed     99.92%
4555  HM346905           4.53%    passed    100.00%
4556  KF148528           4.53%    passed     99.99%
4557  JN857040           4.53%    passed     99.99%
4558  NA18969            4.53%    passed    100.00%
4559  KU683086           4.53%    passed     99.83%
4560  HM346917           4.54%    passed     99.99%
4561  KT726126           4.53%    passed     99.98%
4562  EF093554           4.53%    passed    100.00%
4563  HG02522            4.53%    passed    100.00%
4564  PV695768           4.53%    passed     99.93%
4565  KT587364           4.53%    passed    100.00%
4566  HGDP00183          4.53%    passed     99.99%
4567  KT587570           4.53%    passed     99.97%
4568  MF058279           4.53%    passed     99.98%
4569  MF056737           4.53%    passed     99.98%
4570  KT587376           4.54%    passed     99.98%
4571  DQ137408           4.53%    passed     99.99%
4572  FJ383284           4.53%    passed     99.97%
4573  FJ383288           4.53%    passed     99.90%
4574  FJ383663           4.54%    passed    100.00%
4575  MF522852           4.54%    passed    100.00%
4576  AY289071           4.54%    passed    100.00%
4577  AY922256           4.54%    passed     99.99%
4578  MF058236           4.53%    passed     99.85%
4579  MF058271           4.53%    passed     99.85%
4580  KP345994           4.53%    passed    100.00%
4581  FJ383340           4.53%    passed     99.99%
4582  FJ383338           4.53%    passed     99.95%
4583  AY922304           4.54%    passed     99.85%
4584  HG03012            4.53%    passed     99.99%
4585  HG04164            4.53%    passed    100.00%
4586  JF742212           4.54%    passed    100.00%
4587  HG03805            4.53%    passed     99.98%
4588  HG02688            4.54%    passed     99.82%
4589  PX272360           4.53%    passed     99.99%
4590  FJ383428           4.54%    passed    100.00%
4591  PP654813           4.53%    passed    100.00%
4592  KC896622           4.53%    passed     99.87%
4593  FJ383763           4.54%    passed    100.00%
4594  AY922260           4.54%    passed     99.98%
4595  HGDP00015          4.53%    passed     99.93%
4596  HG03644            4.53%    passed     99.86%
4597  HG04063            4.53%    passed     99.99%
4598  AY922283           4.53%    passed     99.99%
4599  KC887483           4.53%    passed     99.99%
4600  HG04198            4.53%    passed     99.99%
4601  HG03713            4.53%    passed     99.93%
4602  FJ748741           4.53%    passed     99.99%
4603  MG272862           4.53%    passed    100.00%
4604  KX457492           4.54%    passed     99.97%
4605  KT587501           4.52%    passed     99.70%
4606  KX456573           4.54%    passed     99.97%
4607  KX457113           4.54%    passed     99.97%
4608  MG272607           4.54%    passed    100.00%
4609  PP654490           4.53%    passed    100.00%
4610  HM030539           4.53%    passed     99.97%
4611  PX272592           4.53%    passed     99.99%
4612  KT587489           4.54%    passed     99.96%
4613  KX456839           4.54%    passed     99.99%
4614  MT419358           4.54%    passed     99.95%
4615  KX457217           4.53%    passed     99.99%
4616  PP654576           4.53%    passed     99.92%
4617  MH449508           4.53%    passed     99.94%
4618  KX457149           4.53%    passed     99.93%
4619  KX457219           4.53%    passed     99.91%
4620  KT587492           4.54%    passed     99.98%
4621  AP010747           4.53%    passed     99.99%
4622  PV695848           4.54%    passed    100.00%
4623  MG273026           4.53%    passed    100.00%
4624  PX366823           4.53%    passed    100.00%
4625  KX457181           4.53%    passed     99.99%
4626  KX457336           4.53%    passed    100.00%
4627  HG00512            4.53%    passed    100.00%
4628  MH449449           4.53%    passed    100.00%
4629  KU682887           4.53%    passed     99.99%
4630  PX366859           4.53%    passed    100.00%
4631  HG01596            4.53%    passed    100.00%
4632  HG01846            4.53%    passed     99.99%
4633  PV695725           4.54%    passed     99.99%
4634  MH449385           4.57%    passed    100.00%
4635  MG273045           4.53%    passed    100.00%
4636  KX456458           4.53%    passed     99.98%
4637  HG00593            4.53%    passed     99.99%
4638  JX987463           4.53%    passed    100.00%
4639  MG272848           4.53%    passed    100.00%
4640  KX457639           4.53%    passed     99.99%
4641  PP654686           4.53%    passed     99.99%
4642  MH448969           4.53%    passed     99.99%
4643  MG273020           4.53%    passed    100.00%
4644  GU733762           4.53%    passed    100.00%
4645  KU683077           4.53%    passed     99.99%
4646  KF540946           4.53%    passed     99.98%
4647  KX456704           4.53%    passed     99.94%
4648  PX366866           4.53%    passed    100.00%
4649  MF523121           4.53%    passed    100.00%
4650  HG00611            4.53%    passed     99.99%
4651  JX987444           4.53%    passed     99.89%
4652  HG02371            4.54%    passed     99.98%
4653  KX456869           4.54%    passed     99.98%
4654  DQ272117           4.54%    passed    100.00%
4655  MF056184           4.53%    passed    100.00%
4656  MF057795           4.53%    passed     99.99%
4657  MF055964           4.53%    passed     99.99%
4658  MF058231           4.53%    passed    100.00%
4659  MF056790           4.53%    passed    100.00%
4660  MF057923           4.53%    passed     99.98%
4661  JX987465           4.53%    passed     99.99%
4662  KF540772           4.53%    passed     99.96%
4663  KX457378           4.53%    passed     99.92%
4664  PX367022           4.53%    passed     99.92%
4665  KC887489           4.54%    passed     99.84%
4666  KT725999           4.53%    passed     99.99%
4667  KT725871           4.54%    passed     99.98%
4668  KT726044           4.53%    passed     99.99%
4669  HM346916           4.53%    passed     99.94%
4670  KT726024           4.53%    passed     99.91%
4671  KT726070           4.53%    passed    100.00%
4672  KT725890           4.53%    passed    100.00%
4673  FJ383314           4.53%    passed     99.99%
4674  FJ748735           4.53%    passed     99.98%
4675  KT726054           4.53%    passed     99.95%
4676  HGDP01207          4.53%    passed     99.99%
4677  MG272655           4.54%    passed     99.99%
4678  PV695761           4.53%    passed     99.91%
4679  MG272858           4.53%    passed     99.97%
4680  KT587436           4.53%    passed     99.98%
4681  MG272754           4.54%    passed    100.00%
4682  KX457666           4.54%    passed     99.98%
4683  KX457033           4.54%    passed     99.95%
4684  MT419296           4.53%    passed     99.96%
4685  PP654531           4.54%    passed     99.99%
4686  HG03857            4.53%    passed     99.93%
4687  HG03951            4.53%    passed     99.98%
4688  HG03950            4.54%    passed     99.97%
4689  EU443463           4.53%    passed     99.97%
4690  MF523219           4.54%    passed     99.99%
4691  HG03660            4.54%    passed    100.00%
4692  MF056684           4.53%    passed     99.86%
4693  MF058290           4.53%    passed     99.91%
4694  MF057237           6.95%    passed     82.36%
4695  HG03989            4.54%    passed     99.99%
4696  MF522982           4.53%    passed     99.99%
4697  JX289104           4.53%    passed     99.99%
4698  HM030510           4.54%    passed    100.00%
4699  FJ383351           4.53%    passed     99.99%
4700  FJ383693           4.53%    passed    100.00%
4701  HG03616            4.53%    passed     99.99%
4702  HG04155            4.53%    passed     99.98%
4703  KC911530           4.53%    passed    100.00%
4704  KF056281           4.53%    passed    100.00%
4705  HG02729            4.53%    passed     99.97%
4706  FJ383426           4.54%    passed     99.86%
4707  KP346029           4.53%    passed     99.99%
4708  KC911394           4.54%    passed     99.99%
4709  HG02070            4.53%    passed     99.99%
4710  AY922289           4.53%    passed     99.90%
4711  HG03814            4.53%    passed     99.98%
4712  HGDP00098          4.53%    passed     99.94%
4713  KM986586           4.54%    passed     99.95%
4714  AY922292           4.58%    passed     99.99%
4715  KX457087           4.53%    passed     99.98%
4716  KT726125           4.54%    passed    100.00%
4717  HG03808            4.53%    passed     99.98%
4718  JX289103           4.53%    passed    100.00%
4719  GU810039           4.53%    passed     99.88%
4720  PX272565           4.54%    passed     99.93%
4721  PX273094           4.54%    passed     99.98%
4722  PX272568           4.53%    passed    100.00%
4723  KT587647           4.53%    passed     99.99%
4724  PP654546           4.53%    passed     99.92%
4725  KC505112           4.53%    passed     99.99%
4726  HM030520           4.54%    passed     99.97%
4727  KX457158           4.54%    passed     99.99%
4728  HM596679           4.53%    passed     99.97%
4729  KX457137           4.53%    passed     99.98%
4730  PP654548           4.53%    passed     99.92%
4731  SCsq0032           4.53%    passed     99.98%
4732  PV695797           4.53%    passed     99.99%
4733  KT587543           4.53%    passed    100.00%
4734  KU683475           4.53%    passed     99.98%
4735  MG273123           4.53%    passed    100.00%
4736  AP013274           4.54%    passed     99.97%
4737  KX456790           4.53%    passed     99.97%
4738  MG272996           4.53%    passed     99.98%
4739  HG00403            4.54%    passed    100.00%
4740  MG272720           4.53%    passed    100.00%
4741  HG02075            4.53%    passed    100.00%
4742  KT587646           4.53%    passed    100.00%
4743  MG272986           4.53%    passed     99.99%
4744  KX456903           4.53%    passed    100.00%
4745  KX456921           4.53%    passed    100.00%
4746  MG272980           4.53%    passed    100.00%
4747  JX987447           4.53%    passed     99.99%
4748  PV067312           4.54%    passed     99.99%
4749  KT587517           4.53%    passed    100.00%
4750  MG273071           4.53%    passed    100.00%
4751  MG273077           4.53%    passed    100.00%
4752  JX987450           4.53%    passed     99.99%
4753  GU392102           4.53%    passed     99.99%
4754  KF540531           4.53%    passed     99.99%
4755  KF540977           4.53%    passed     99.99%
4756  KF540562           4.53%    passed     99.99%
4757  HG02524            4.53%    passed    100.00%
4758  MG272767           4.54%    passed     99.99%
4759  JQ702664           4.53%    passed     99.99%
4760  FJ748715           4.53%    passed     99.99%
4761  KF540606           4.53%    passed     99.99%
4762  MF056856           4.53%    passed     99.98%
4763  MF056283           4.53%    passed     99.99%
4764  MF057758           4.53%    passed     99.99%
4765  MF056636           4.53%    passed    100.00%
4766  MF056054           4.53%    passed    100.00%
4767  MF058291           4.53%    passed     99.99%
4768  MF055884           4.53%    passed     99.99%
4769  JQ703844           4.53%    passed    100.00%
4770  KX457628           4.53%    passed     99.92%
4771  PV695917           4.53%    passed    100.00%
4772  MG273118           4.53%    passed     99.94%
4773  KF849902           4.53%    passed     99.99%
4774  MF056650          22.71%    failed      1.42%
4775  PV695714           4.53%    passed     99.96%
4776  AF346972           4.53%    passed     99.99%
4777  HGDP00105          4.53%    passed     99.98%
4778  KT726011           4.53%    passed     99.99%
4779  KT725972           4.53%    passed     99.99%
4780  KT726022           4.53%    passed     99.95%
4781  KT726138           4.53%    passed     99.95%
4782  KF056290           4.53%    passed     99.97%
4783  KT213785           4.53%    passed     99.99%
4784  GQ895145           4.53%    passed     99.96%
4785  PV695790           4.53%    passed     99.95%
4786  FJ383814           4.53%    passed    100.00%
4787  KX456537           4.53%    passed    100.00%
4788  KU683277           4.53%    passed     99.95%
4789  SCsq0088           4.53%    passed    100.00%
4790  JN857058           4.53%    passed    100.00%
4791  KX457573           4.53%    passed     99.98%
4792  KC505081           4.53%    passed    100.00%
4793  MG272590           4.53%    passed     99.99%
4794  KC505086           4.54%    passed    100.00%
4795  PP654635           4.54%    passed    100.00%
4796  GU392104           4.53%    passed     99.99%
4797  KX457468           4.54%    passed     99.97%
4798  KX457615           4.54%    passed     99.93%
4799  PP654562           4.54%    passed     99.96%
4800  PP654510           4.54%    passed     99.98%
4801  PV067342           4.54%    passed    100.00%
4802  KT587558           4.54%    passed    100.00%
4803  MF057100           4.53%    passed     99.98%
4804  MF058202           4.53%    passed     99.95%
4805  MF058408           4.53%    passed     99.95%
4806  MF056191           4.53%    passed     99.95%
4807  MF058329           4.53%    passed     99.93%
4808  MF057625           4.53%    passed     99.95%
4809  KX457358           4.53%    passed     99.91%
4810  MH449506           4.53%    passed     99.88%
4811  EU597516           4.53%    passed     99.93%
4812  HG04173            4.54%    passed     99.98%
4813  HG03919            4.54%    passed     99.99%
4814  HG04100            4.54%    passed    100.00%
4815  KC533457           4.54%    passed     99.99%
4816  HQ438686           4.53%    passed     99.95%
4817  MF058084           4.53%    passed     99.91%
4818  MF056612           4.53%    passed     99.85%
4819  KP345999           4.53%    passed    100.00%
4820  HG04153            4.54%    passed     99.96%
4821  FJ383392           4.54%    passed    100.00%
4822  FJ383376           4.53%    passed     99.99%
4823  HG03832            4.53%    passed     99.99%
4824  JF742216           4.53%    passed     99.99%
4825  HG03927            4.53%    passed    100.00%
4826  AY922266           4.53%    passed    100.00%
4827  HG04017            4.53%    passed     99.99%
4828  FJ383542           4.53%    passed    100.00%
4829  FJ383427           4.54%    passed     99.89%
4830  JX289106           4.53%    passed     99.97%
4831  AY922278           4.54%    passed    100.00%
4832  KP346004           4.53%    passed    100.00%
4833  KP345995           4.53%    passed     99.83%
4834  HG04036            4.53%    passed    100.00%
4835  KX456522           4.54%    passed     99.81%
4836  KT726028           4.54%    passed    100.00%
4837  FJ748717           4.53%    passed    100.00%
4838  EF556193           4.53%    passed     99.97%
4839  HG03718            4.53%    passed    100.00%
4840  HG02699            4.53%    passed    100.00%
4841  KX457257           4.57%    passed     99.77%
4842  KC887478           4.54%    passed     99.99%
4843  KC887492           4.53%    passed    100.00%
4844  AY922307           4.53%    passed     99.94%
4845  KX457210           4.53%    passed     99.99%
4846  PP654736           4.53%    passed     99.95%
4847  KP345993           4.54%    passed    100.00%
4848  KX457330           4.54%    passed     99.97%
4849  PX273189           4.54%    passed     99.98%
4850  PX273054           4.54%    passed     99.96%
4851  PX272553           4.53%    passed     99.99%
4852  PP654695           4.53%    passed     99.97%
4853  KT587496           4.54%    passed     99.95%
4854  KX457317           4.53%    passed     99.99%
4855  KX456878           4.53%    passed    100.00%
4856  MG272662           4.53%    passed    100.00%
4857  JX987454           4.53%    passed     99.97%
4858  KX456481           4.54%    passed    100.00%
4859  MH449404           4.53%    passed    100.00%
4860  MH449124           4.63%    passed     99.98%
4861  MH449314           4.53%    passed    100.00%
4862  KX456781           4.53%    passed     99.97%
4863  KX456635           4.53%    passed     99.99%
4864  GU123012           4.53%    passed    100.00%
4865  HG02166            4.53%    passed    100.00%
4866  MH449310           4.53%    passed    100.00%
4867  MG272994           4.53%    passed    100.00%
4868  GU810069           4.53%    passed    100.00%
4869  HG02074            4.53%    passed    100.00%
4870  KT587635           4.53%    passed    100.00%
4871  KX456736           4.53%    passed    100.00%
4872  PV695665           4.53%    passed    100.00%
4873  NA18644            4.53%    passed     99.97%
4874  KF540507           4.53%    passed     99.99%
4875  JX987442           4.53%    passed    100.00%
4876  MH449116           4.53%    passed    100.00%
4877  PP654837           4.54%    passed    100.00%
4878  HG02127            4.54%    passed     99.99%
4879  HQ157976           4.53%    passed     99.98%
4880  KU683117           4.54%    passed    100.00%
4881  KF541015           4.53%    passed    100.00%
4882  EF153818           4.53%    passed    100.00%
4883  KF540553           4.53%    passed    100.00%
4884  MH449496           4.55%    passed    100.00%
4885  PP654539           4.54%    passed     99.98%
4886  MF056391           4.53%    passed    100.00%
4887  MF056207           4.53%    passed     99.99%
4888  MF056086           4.53%    passed     99.99%
4889  JX987466           4.53%    passed     99.98%
4890  JX987462           4.53%    passed     99.98%
4891  GU733735           4.53%    passed    100.00%
4892  KF540540           4.53%    passed     99.97%
4893  NA18745            4.53%    passed     99.91%
4894  KX456614           4.53%    passed     99.88%
4895  MG778679           4.53%    passed    100.00%
4896  JX289097           4.54%    passed     99.94%
4897  JN857018           4.53%    passed     99.95%
4898  KT726025           4.54%    passed     99.99%
4899  KT726051           4.53%    passed     99.99%
4900  HGDP01351          4.53%    passed     99.97%
4901  KF056288           4.53%    passed     99.93%
4902  KT726104           4.54%    passed     99.99%
4903  KF056289           4.53%    passed     99.91%
4904  HM346902           4.53%    passed    100.00%
4905  KT725875           4.53%    passed    100.00%
4906  KT725961           4.53%    passed     99.98%
4907  JN857054           4.53%    passed     99.98%
4908  HM346884           4.54%    passed    100.00%
4909  MH448957           4.53%    passed     99.98%
4910  KU683163           4.53%    passed     99.96%
4911  GQ895157           4.53%    passed     99.94%
4912  PV695763           4.53%    passed     99.93%
4913  PV695796           4.54%    passed     99.98%
4914  NA18608            4.54%    passed     99.97%
4915  KX457552           4.53%    passed     99.97%
4916  MH449074           4.53%    passed     99.93%
4917  PP654612           4.53%    passed     99.86%
4918  KX456454           4.53%    passed     99.88%
4919  KC505070           4.53%    passed     99.99%
4920  KT587457           4.54%    passed     99.95%
4921  HG03672            4.54%    passed    100.00%
4922  PP654532           4.54%    passed     99.94%
4923  MG272813           4.53%    passed     99.94%
4924  KX457473           4.54%    passed     99.93%
4925  PP654543           4.54%    passed     99.94%
4926  MT419279           4.53%    passed     99.96%
4927  PV067372           4.54%    passed    100.00%
4928  MF058589           4.68%    passed     99.92%
4929  MF056137           6.58%    passed     96.64%
4930  MF058439           4.53%    passed     99.95%
4931  MF056164           4.53%    passed     99.95%
4932  MF057898           4.53%    passed     99.95%
4933  MF056469           4.53%    passed     99.98%
4934  FJ383287           4.53%    passed     99.90%
4935  HG02691            4.53%    passed     99.87%
4936  NA20885            4.54%    passed    100.00%
4937  HG03716            4.54%    passed     99.99%
4938  HG03782            4.54%    passed     99.99%
4939  HG03693            4.54%    passed     99.98%
4940  HG02780            4.54%    passed    100.00%
4941  EU597504           4.54%    passed    100.00%
4942  HGDP00687          4.54%    passed     99.99%
4943  AY922258           4.54%    passed    100.00%
4944  HG03871            4.54%    passed     99.98%
4945  AY922277           4.54%    passed     99.98%
4946  HG04194            4.55%    passed     99.99%
4947  HG03830            4.54%    passed     99.99%
4948  HG02701            4.54%    passed    100.00%
4949  MF056823           5.37%    passed     98.39%
4950  MF056905           4.53%    passed     99.91%
4951  MF057173           4.53%    passed     99.91%
4952  MF057878           4.53%    passed     99.91%
4953  MF057330           4.53%    passed     99.85%
4954  MF056884           4.53%    passed     99.85%
4955  HG04202            4.53%    passed     99.99%
4956  JN540042           4.53%    passed     99.96%
4957  KT725934           4.53%    passed    100.00%
4958  FJ383682           4.53%    passed     99.99%
4959  HG03800            4.53%    passed     99.99%
4960  PV067313           4.54%    passed     99.99%
4961  FJ383694           4.53%    passed    100.00%
4962  HG03925            4.53%    passed     99.99%
4963  KP345980           4.53%    passed     99.98%
4964  FJ770965           4.53%    passed     99.97%
4965  GU810074           4.53%    passed     99.99%
4966  AY922301           4.54%    passed     99.98%
4967  FJ383436           4.53%    passed    100.00%
4968  HG03992            4.53%    passed    100.00%
4969  KX457077           4.53%    passed    100.00%
4970  HG04006            4.53%    passed     99.88%
4971  MG273067           4.53%    passed     99.86%
4972  JX289111           4.53%    passed     99.99%
4973  HGDP00201          4.53%    passed     99.99%
4974  HG03753            4.53%    passed     99.96%
4975  KT587533           4.53%    passed     99.95%
4976  HG04219            4.53%    passed     99.96%
4977  KX457225           4.53%    passed     99.99%
4978  PP654738           4.53%    passed     99.99%
4979  PP654746           4.53%    passed     99.99%
4980  KX456504           4.53%    passed     99.99%
4981  HM030502           4.53%    passed     99.98%
4982  MG272717           4.54%    passed     99.91%
4983  KX456734           4.54%    passed     99.97%
4984  PP654820           4.54%    passed     99.95%
4985  GQ301881           4.54%    passed     99.95%
4986  KT587609           4.53%    passed     99.97%
4987  PP654701           4.53%    passed     99.99%
4988  PP654739           4.53%    passed     99.94%
4989  AP012354           4.54%    passed     99.92%
4990  PX272587           4.53%    passed     99.96%
4991  MG272666           4.54%    passed     99.95%
4992  MG272995           4.54%    passed     99.98%
4993  PP654798           4.54%    passed    100.00%
4994  NA18999            4.53%    passed     99.99%
4995  NA19001            4.53%    passed     99.97%
4996  PV695728           4.53%    passed    100.00%
4997  MG272723           4.53%    passed    100.00%
4998  PV695743           4.53%    passed    100.00%
4999  MG273029           4.53%    passed    100.00%
5000  HG00448            4.53%    passed    100.00%
5001  HG02355            4.53%    passed     99.99%
5002  KT587518           4.53%    passed    100.00%
5003  HG00650            4.53%    passed    100.00%
5004  MT419319           4.54%    passed     99.99%
5005  KX456847           4.54%    passed     99.95%
5006  FJ198220           4.53%    passed    100.00%
5007  MG273033           4.53%    passed    100.00%
5008  KF540753           4.53%    passed     99.97%
5009  KF540754           4.53%    passed     99.98%
5010  KF540576           4.53%    passed     99.92%
5011  KF540578           4.53%    passed     99.97%
5012  HM030506           4.53%    passed     99.96%
5013  PP654843           4.54%    passed    100.00%
5014  KU683145           4.53%    passed     99.97%
5015  KF540736           4.54%    passed     99.96%
5016  MF056323           4.53%    passed     99.99%
5017  MF056576           4.53%    passed     99.98%
5018  MF057359           4.53%    passed    100.00%
5019  MF056156           4.53%    passed     99.99%
5020  MF057571           4.53%    passed     99.99%
5021  JX987467           4.53%    passed     99.99%
5022  KX457627           4.53%    passed     99.92%
5023  NA18538            4.53%    passed     99.99%
5024  JF824830           4.54%    passed     99.98%
5025  KX457152           4.54%    passed    100.00%
5026  PV067318           4.54%    passed     99.90%
5027  FJ383334           4.53%    passed     99.98%
5028  KF540712           4.53%    passed     99.98%
5029  KT726066           4.53%    passed     99.92%
5030  KT726029           4.54%    passed     99.98%
5031  JX289119           4.53%    passed     99.95%
5032  KX456972           4.54%    passed     99.99%
5033  MG272613           4.54%    passed     99.96%
5034  KT587536           4.53%    passed    100.00%
5035  KT587402           4.54%    passed    100.00%
5036  KX457501           4.54%    passed     99.91%
5037  MF058252           4.54%    passed     99.96%
5038  KX457116           4.54%    passed     99.96%
5039  PP654525           4.54%    passed     99.99%
5040  MF058064           4.53%    passed     99.95%
5041  MF057888           4.53%    passed     99.95%
5042  MF057789           4.53%    passed     99.97%
5043  MF056396           4.53%    passed     99.93%
5044  MF056682           4.53%    passed     99.99%
5045  KC505094           4.53%    passed     99.94%
5046  FJ383250           4.54%    passed     99.98%
5047  DQ408676           4.53%    passed    100.00%
5048  HG03974            4.54%    passed     99.99%
5049  HG04144            4.54%    passed    100.00%
5050  HG03237            4.54%    passed    100.00%
5051  MF057445           4.53%    passed     99.85%
5052  MF057556           4.53%    passed     99.91%
5053  MF057263           4.53%    passed     99.91%
5054  MF055776           4.53%    passed     99.91%
5055  MF056696           4.53%    passed     99.81%
5056  HG04132            4.54%    passed     99.95%
5057  FJ770968           4.63%    passed     99.93%
5058  AY922290           4.54%    passed    100.00%
5059  NA21133            4.54%    passed     99.98%
5060  FJ383405           4.64%    passed     99.93%
5061  FJ383527           4.53%    passed     99.99%
5062  HGDP00205          4.53%    passed    100.00%
5063  HG03801            4.53%    passed     99.99%
5064  HG04186            4.53%    passed    100.00%
5065  HGDP00041          4.53%    passed    100.00%
5066  HG02684            4.53%    passed     99.94%
5067  HG03636            4.53%    passed     99.98%
5068  HG04150            4.53%    passed    100.00%
5069  FJ383750           4.53%    passed    100.00%
5070  JX289094           4.54%    passed     99.99%
5071  KP346039           4.54%    passed     99.99%
5072  KC505102           4.53%    passed    100.00%
5073  PP654616           4.53%    passed     99.99%
5074  HG03929            4.53%    passed     99.97%
5075  DQ112875           9.30%    passed     93.57%
5076  HG02783            4.53%    passed     99.95%
5077  NA20895            4.54%    passed     99.92%
5078  FJ383494           4.53%    passed    100.00%
5079  HG04175            4.53%    passed     99.97%
5080  HG04176            4.53%    passed     99.99%
5081  MF523020           4.53%    passed     99.99%
5082  HG02792            4.53%    passed     99.99%
5083  FJ383298           4.53%    passed    100.00%
5084  HG03607            4.53%    passed     99.96%
5085  HG04235            4.53%    passed     99.88%
5086  KT587590           4.54%    passed     99.99%
5087  MH449519           4.54%    passed     99.94%
5088  FJ383302           4.53%    passed     99.91%
5089  HG02727            4.53%    passed     99.96%
5090  PV695877           4.54%    passed     99.95%
5091  PX366913           4.53%    passed    100.00%
5092  MH449272           4.53%    passed     99.96%
5093  GQ119038           4.54%    passed     99.96%
5094  PP654611           4.54%    passed     99.97%
5095  KT587431           4.53%    passed     99.98%
5096  MN849530           4.54%    passed     99.99%
5097  PX272566           4.53%    passed     99.98%
5098  PP654675           4.53%    passed     99.93%
5099  KT587562           4.53%    passed     99.82%
5100  KX457479           4.53%    passed     99.92%
5101  KX456534           4.54%    passed     99.97%
5102  PP654818           4.54%    passed    100.00%
5103  AP008394           4.53%    passed    100.00%
5104  KX457521           4.53%    passed    100.00%
5105  HGDP01193          4.53%    passed    100.00%
5106  HG00689            4.53%    passed    100.00%
5107  HG02056            4.53%    passed     99.98%
5108  MG272651           4.53%    passed    100.00%
5109  MT419328           4.54%    passed    100.00%
5110  KX456603           4.53%    passed     99.99%
5111  KX456924           4.53%    passed     99.99%
5112  KX457174           4.53%    passed     99.99%
5113  MG273000           4.53%    passed     99.97%
5114  HGDP00780          4.53%    passed     99.98%
5115  KX457406           4.53%    passed     99.99%
5116  KF540728           4.53%    passed     99.99%
5117  PV695716           4.53%    passed    100.00%
5118  MT419337           4.53%    passed     99.98%
5119  HG02390            4.54%    passed     99.97%
5120  MH448967           4.53%    passed     99.99%
5121  KF849908           4.53%    passed     99.99%
5122  KF540846           4.53%    passed     99.97%
5123  KF540942           4.53%    passed     99.98%
5124  KF540960           4.53%    passed     99.95%
5125  KX456693           4.53%    passed     99.94%
5126  JX987443           4.53%    passed     99.92%
5127  PV695767           4.53%    passed     99.99%
5128  MH449479           4.53%    passed    100.00%
5129  EF153823           4.54%    passed    100.00%
5130  HM238203           4.53%    passed    100.00%
5131  MF057047           4.53%    passed     99.98%
5132  MF056592           4.53%    passed     99.99%
5133  MF057642           4.53%    passed     99.99%
5134  MF058065           4.53%    passed     99.99%
5135  GU733777           4.53%    passed     99.98%
5136  JX987461           4.53%    passed     99.99%
5137  HGDP00973          4.53%    passed     99.93%
5138  GU733792           4.53%    passed     99.96%
5139  HM596659           4.53%    passed     99.99%
5140  HQ157984           4.54%    passed     99.91%
5141  MH448963           4.53%    passed     99.96%
5142  KX456620           4.54%    passed     99.90%
5143  MG273133           4.53%    passed     99.94%
5144  EU219349           4.54%    passed     99.99%
5145  AP008727           4.53%    passed    100.00%
5146  HG00607            4.53%    passed    100.00%
5147  KF540552           4.53%    passed     99.98%
5148  KF849962           4.53%    passed     99.98%
5149  KP346010           4.54%    passed     99.98%
5150  KT213820           4.53%    passed     99.95%
5151  HM346930           4.53%    passed     99.97%
5152  HM346928           4.53%    passed     99.97%
5153  KT726010           4.53%    passed     99.99%
5154  GU014567           4.53%    passed     99.99%
5155  FJ968774           4.54%    passed     99.99%
5156  KT725900           4.53%    passed     99.99%
5157  KX457270           4.53%    passed    100.00%
5158  KT587377           4.53%    passed    100.00%
5159  KT587563           4.53%    passed    100.00%
5160  HM346887           4.53%    passed     99.99%
5161  KF540817           4.53%    passed    100.00%
5162  PV695851           4.53%    passed     99.93%
5163  HGDP01181          4.53%    passed     99.98%
5164  JN857062           4.54%    passed     99.92%
5165  KP345986           4.54%    passed     99.98%
5166  KX457562           4.53%    passed     99.98%
5167  HG00626            4.53%    passed    100.00%
5168  MH449035           4.53%    passed    100.00%
5169  PP654618           4.53%    passed     99.80%
5170  KX457204           4.53%    passed     99.95%
5171  KC505082           4.53%    passed     99.98%
5172  KX457497           4.53%    passed     99.99%
5173  KT587612           4.53%    passed     99.99%
5174  PP654592           4.54%    passed    100.00%
5175  GQ895163           4.55%    passed     99.97%
5176  KP346016           4.53%    passed     99.99%
5177  KP345982           4.53%    passed     99.89%
5178  KX457484           4.53%    passed    100.00%
5179  AY963581           4.53%    passed     99.96%
5180  PV067376           4.54%    passed    100.00%
5181  MG272621           4.53%    passed     99.99%
5182  GQ301878           4.53%    passed    100.00%
5183  GQ301880           4.53%    passed     99.98%
5184  MF056501           4.53%    passed     99.95%
5185  MF058213           4.53%    passed     99.97%
5186  GQ389777           4.53%    passed     99.98%
5187  MF056933           4.53%    passed     99.99%
5188  KX457299           4.53%    passed    100.00%
5189  DQ137407           4.53%    passed     99.99%
5190  HG03585            4.53%    passed     99.94%
5191  KU683396           4.53%    passed     99.99%
5192  FJ383662           4.54%    passed    100.00%
5193  FJ383659           4.54%    passed     99.99%
5194  HG04141            4.54%    passed    100.00%
5195  HG03803            4.54%    passed    100.00%
5196  HG04188            4.54%    passed     99.98%
5197  HG03598            4.54%    passed    100.00%
5198  HG03690            4.54%    passed     99.99%
5199  HQ438684           4.53%    passed     99.98%
5200  MF056269           4.53%    passed     99.81%
5201  MF057234           5.02%    passed     97.85%
5202  MF057656           4.53%    passed     99.86%
5203  MF057936           4.53%    passed     99.86%
5204  MF056236           4.53%    passed     99.81%
5205  FJ383359           4.53%    passed     99.99%
5206  JX462713           4.54%    passed     99.97%
5207  AY922272           4.53%    passed    100.00%
5208  KX456758           4.53%    passed     99.96%
5209  JQ704107           4.53%    passed     99.99%
5210  AY922263           4.53%    passed     99.99%
5211  HG03686            4.53%    passed    100.00%
5212  HGDP00237          4.53%    passed     99.97%
5213  HG04187            4.53%    passed    100.00%
5214  HG02794            4.54%    passed     99.99%
5215  HG04151            4.53%    passed    100.00%
5216  KF056282           4.53%    passed    100.00%
5217  FJ383408           4.54%    passed     99.97%
5218  HG04180            4.54%    passed     99.98%
5219  HG02685            4.54%    passed     99.97%
5220  KX457096           4.53%    passed     99.98%
5221  PV067324           4.54%    passed    100.00%
5222  KT587603           4.54%    passed     99.99%
5223  PP654622           4.58%    passed     99.99%
5224  HG03006            4.53%    passed     99.96%
5225  FJ383591           4.53%    passed    100.00%
5226  MF523129           4.53%    passed     99.99%
5227  HG04022            4.53%    passed     99.94%
5228  FJ383309           4.53%    passed     99.89%
5229  KX456629           4.53%    passed    100.00%
5230  KX457416           4.54%    passed     99.91%
5231  PP654564           4.54%    passed     99.97%
5232  GU377083           4.53%    passed     99.99%
5233  MT419025           4.53%    passed     99.97%
5234  KX457328           4.53%    passed     99.99%
5235  JF824857           4.54%    passed     99.97%
5236  MG272624           4.54%    passed     99.99%
5237  NA18965            4.53%    passed     99.98%
5238  AP008266           4.53%    passed     99.98%
5239  MG273107           4.53%    passed    100.00%
5240  EF153789           4.53%    passed     99.99%
5241  HG00692            4.53%    passed     99.99%
5242  KX457368           4.53%    passed    100.00%
5243  MG272785           4.53%    passed     99.99%
5244  KU683410           4.53%    passed    100.00%
5245  KX456879           4.53%    passed    100.00%
5246  HG02057            4.53%    passed     99.99%
5247  KU683260           4.53%    passed     99.97%
5248  HGDP01197          4.53%    passed     99.99%
5249  MF523004           4.53%    passed    100.00%
5250  NA18550            4.53%    passed     99.95%
5251  MH449312           4.53%    passed    100.00%
5252  KX456941           4.53%    passed     99.99%
5253  HG02059            4.53%    passed    100.00%
5254  MG272672           4.53%    passed    100.00%
5255  KX456919           4.53%    passed    100.00%
5256  HG01840            4.53%    passed     99.97%
5257  PX366938           4.53%    passed    100.00%
5258  KU683193           4.53%    passed     99.98%
5259  JX987449           4.53%    passed    100.00%
5260  KX457068           4.53%    passed    100.00%
5261  KF540555           4.53%    passed    100.00%
5262  KF540664           4.53%    passed    100.00%
5263  HG00410            4.54%    passed     99.99%
5264  MH449144           4.54%    passed     99.99%
5265  MF056262           4.54%    passed     99.99%
5266  MF057904           4.54%    passed     99.99%
5267  MF056185           4.53%    passed     99.98%
5268  MF058111           4.53%    passed     99.99%
5269  MF057621           4.53%    passed    100.00%
5270  GU733822           4.53%    passed     99.99%
5271  GU733804           4.53%    passed    100.00%
5272  KF540809           4.53%    passed     99.85%
5273  PV695793           4.53%    passed     99.94%
5274  KX456517           4.53%    passed     99.90%
5275  KX457196           4.53%    passed     99.93%
5276  MG273119           4.53%    passed     99.94%
5277  AP008803           4.53%    passed     99.94%
5278  KF849960           4.53%    passed    100.00%
5279  NA18994            4.54%    passed     99.99%
5280  MG272915           4.54%    passed     99.97%
5281  KX457240           4.53%    passed     99.99%
5282  SCsq0002           4.53%    passed     99.99%
5283  KT725995           4.54%    passed     99.99%
5284  KF056293           4.53%    passed     99.97%
5285  KT725984           4.53%    passed     99.93%
5286  KT726058           4.53%    passed    100.00%
5287  KT725877          10.70%    passed     97.69%
5288  KT726026           4.53%    passed     99.99%
5289  KT725931           4.53%    passed     99.99%
5290  GQ895148           4.54%    passed     99.96%
5291  HG02523            4.53%    passed    100.00%
5292  HG04210            4.53%    passed     99.93%
5293  MG272844           4.53%    passed     99.98%
5294  HG00627            4.53%    passed    100.00%
5295  KT587615           4.53%    passed     99.98%
5296  KU683383           4.53%    passed     99.96%
5297  GQ895167           4.54%    passed     99.99%
5298  KX456976           4.54%    passed     99.99%
5299  KT587458           4.54%    passed     99.95%
5300  HG03646            4.53%    passed    100.00%
5301  KX457422           4.54%    passed     99.93%
5302  MT419253           4.53%    passed     99.98%
5303  AP012377           4.53%    passed    100.00%
5304  MG272822           4.53%    passed    100.00%
5305  MG272893           4.53%    passed    100.00%
5306  PV067352           4.54%    passed    100.00%
5307  KP346014           4.53%    passed    100.00%
5308  KX457495           4.53%    passed    100.00%
5309  KT587595           4.53%    passed    100.00%
5310  AY963583           4.53%    passed     99.95%
5311  MF057423           4.53%    passed     99.97%
5312  MF055899           4.53%    passed     99.99%
5313  MF056613           4.53%    passed     99.95%
5314  MF058594           4.53%    passed     99.95%
5315  MF056964           4.53%    passed     99.94%
5316  KT587513           4.53%    passed     99.93%
5317  KX456530           4.53%    passed     99.96%
5318  FJ383292           4.53%    passed     99.99%
5319  NA21100            4.54%    passed    100.00%
5320  HG03894            4.54%    passed     99.98%
5321  MF522877           4.54%    passed    100.00%
5322  MF057493           4.53%    passed     99.82%
5323  MF057756           4.53%    passed     99.83%
5324  GQ389779           4.53%    passed     99.86%
5325  MF057674           4.53%    passed     99.91%
5326  MF057265           4.53%    passed     99.91%
5327  MF057169           4.53%    passed     99.86%
5328  MF058114           4.53%    passed     99.92%
5329  MF057408           4.53%    passed     99.86%
5330  HG04133            4.54%    passed     99.95%
5331  FJ383368           4.53%    passed    100.00%
5332  FJ383369           4.53%    passed    100.00%
5333  JX289116           4.54%    passed    100.00%
5334  HG03824            4.53%    passed    100.00%
5335  MF523153           4.53%    passed    100.00%
5336  KP346021           4.54%    passed    100.00%
5337  HG03910            4.53%    passed     99.99%
5338  JF742211           4.54%    passed     99.99%
5339  FJ383430           4.53%    passed     99.99%
5340  HM030535           4.53%    passed    100.00%
5341  FJ383431           4.53%    passed     99.98%
5342  HG03905            4.53%    passed     99.99%
5343  HG04149            4.54%    passed    100.00%
5344  HGDP00104          4.53%    passed    100.00%
5345  HGDP00154          4.53%    passed    100.00%
5346  HG02659            4.53%    passed     99.96%
5347  MG272676           4.54%    passed     99.89%
5348  EU597554           4.53%    passed     99.99%
5349  PP654587           4.58%    passed     99.98%
5350  JQ702247           4.53%    passed    100.00%
5351  NA21122            4.53%    passed     99.88%
5352  NA21114            4.53%    passed     99.90%
5353  HG02788            4.53%    passed     99.99%
5354  HG04152            4.53%    passed     99.95%
5355  FJ383551           4.53%    passed     99.97%
5356  KX457436           4.53%    passed    100.00%
5357  FJ544231           4.54%    passed     99.99%
5358  HM036576           4.53%    passed     99.99%
5359  FJ383295           4.54%    passed    100.00%
5360  PP654569           4.54%    passed     99.97%
5361  KC887460           4.53%    passed    100.00%
5362  FJ383306           4.53%    passed     99.88%
5363  AY922296           4.53%    passed     99.83%
5364  JQ703707           4.53%    passed     99.88%
5365  KX457047           4.53%    passed    100.00%
5366  GQ119008           4.54%    passed     99.99%
5367  KX457112           4.54%    passed     99.96%
5368  PX272572           4.54%    passed    100.00%
5369  KT587538           4.53%    passed    100.00%
5370  GU733719           4.53%    passed     99.97%
5371  PP654751           4.53%    passed     99.92%
5372  PX272567           4.53%    passed     99.95%
5373  MG273084           4.53%    passed     99.91%
5374  PP654811           4.54%    passed     99.99%
5375  KX456742           4.54%    passed    100.00%
5376  SCsq0012           4.53%    passed     99.94%
5377  AP008734           4.53%    passed     99.99%
5378  KU682938           4.53%    passed    100.00%
5379  PV695888           4.53%    passed     99.99%
5380  HG01029            4.53%    passed     99.99%
5381  KT587597           4.53%    passed    100.00%
5382  KU683422           4.53%    passed     99.99%
5383  KX456866           4.53%    passed    100.00%
5384  FJ748706           4.53%    passed     99.98%
5385  HG01843            4.53%    passed     99.98%
5386  KX457167           4.57%    passed     99.92%
5387  AP008365           4.53%    passed     99.98%
5388  NA19075            4.53%    passed     99.99%
5389  SCsq0038           4.53%    passed     99.98%
5390  SCsq0059           4.53%    passed     99.98%
5391  PX366856           4.53%    passed    100.00%
5392  KX457477           4.53%    passed    100.00%
5393  KX456668           4.53%    passed     99.98%
5394  HG02085            4.54%    passed     99.97%
5395  KX457455           4.53%    passed     99.99%
5396  HG01817            4.53%    passed    100.00%
5397  MH449430           4.54%    passed     99.99%
5398  KF540510           4.53%    passed     99.99%
5399  KF540535           4.53%    passed     99.98%
5400  KF540593           4.53%    passed     99.96%
5401  KU683528           4.53%    passed     99.98%
5402  KX456477           4.54%    passed     99.99%
5403  HG02126            4.54%    passed     99.99%
5404  PV695879           4.53%    passed    100.00%
5405  KX456492           4.54%    passed     99.99%
5406  MG273066           4.54%    passed     99.98%
5407  JX987464           4.54%    passed     99.99%
5408  JX987468           4.54%    passed     99.99%
5409  MF056162           4.53%    passed     99.99%
5410  MF056570           8.76%    passed     61.98%
5411  MF058573           4.53%    passed    100.00%
5412  MF056198           4.53%    passed     99.98%
5413  MF057697           4.53%    passed     99.99%
5414  MF058247           4.53%    passed     99.98%
5415  MF056754           4.53%    passed     99.98%
5416  MF056902           4.53%    passed     99.99%
5417  MF058576           4.53%    passed     99.99%
5418  MF058442           4.53%    passed    100.00%
5419  MF056984           4.53%    passed     99.99%
5420  MF056168           4.53%    passed     99.98%
5421  KF540892           4.53%    passed     99.99%
5422  KF540980           4.53%    passed     99.96%
5423  KF540982           4.53%    passed     99.96%
5424  MH449493           4.53%    passed     99.92%
5425  KF540545           4.53%    passed     99.97%
5426  HG00443            4.53%    passed     99.89%
5427  AP008373           4.53%    passed    100.00%
5428  MG660742           4.53%    passed     99.99%
5429  NA18610            4.53%    passed     99.96%
5430  MG272653           4.54%    passed    100.00%
5431  KT213741           4.53%    passed     99.98%
5432  KU683577           4.53%    passed     99.84%
5433  KF056286           4.53%    passed     99.99%
5434  KT725947           4.53%    passed     99.97%
5435  MH449445           4.53%    passed    100.00%
5436  NA18577            4.53%    passed     99.96%
5437  KX456628           4.53%    passed     99.99%
5438  JN857013           4.53%    passed     99.95%
5439  KT725971           4.53%    passed    100.00%
5440  HG00559            4.53%    passed     99.94%
5441  PX366978           4.53%    passed     99.93%
5442  HQ157974           4.54%    passed     99.99%
5443  KX457410           4.53%    passed     99.99%
5444  KX457482           4.53%    passed     99.99%
5445  PP654644           4.54%    passed    100.00%
5446  MG272650           4.54%    passed     99.99%
5447  PP654617           4.54%    passed     99.98%
5448  PV621705           4.54%    passed     99.97%
5449  KX457313           4.54%    passed     99.93%
5450  KX456752           4.54%    passed     99.97%
5451  PP654786           4.54%    passed     99.96%
5452  MT419248           4.53%    passed     99.98%
5453  KT587451           4.54%    passed     99.97%
5454  KX457012           4.54%    passed     99.96%
5455  KX457376           4.53%    passed     99.99%
5456  MT419350           4.55%    passed    100.00%
5457  PV067351           4.54%    passed    100.00%
5458  GQ301866           4.54%    passed    100.00%
5459  KM986625           4.53%    passed     99.98%
5460  KX456524           4.53%    passed     99.98%
5461  PX272529           4.54%    passed     99.93%
5462  HG02655            4.53%    passed     99.92%
5463  EU443506           4.53%    passed     99.96%
5464  HG03914            4.54%    passed     99.99%
5465  MF523093           4.54%    passed     99.99%
5466  JQ702987           4.53%    passed     99.97%
5467  MF056906           4.53%    passed     99.91%
5468  MF057220           4.53%    passed     99.86%
5469  MF056552           4.53%    passed     99.91%
5470  MF522983           4.53%    passed     99.99%
5471  FJ383362           4.53%    passed    100.00%
5472  PV695883           4.53%    passed    100.00%
5473  FJ383379           4.53%    passed     99.98%
5474  KP346036           4.53%    passed    100.00%
5475  NA20849            4.54%    passed     99.98%
5476  HGDP00187          4.53%    passed     99.99%
5477  JF742210           4.53%    passed     99.97%
5478  FJ770972           7.90%    passed     96.51%
5479  HGDP00001          4.53%    passed    100.00%
5480  KC887467           4.53%    passed     99.97%
5481  MG272842           4.54%    passed     99.98%
5482  JX289107           4.53%    passed     99.99%
5483  FJ383433           4.54%    passed     99.99%
5484  FJ383432           4.54%    passed     99.99%
5485  FJ770948           4.53%    passed     99.99%
5486  GU810038           4.53%    passed     99.98%
5487  FJ383766           4.53%    passed     99.98%
5488  HG03595            4.54%    passed     99.95%
5489  FJ770939           6.09%    passed     99.12%
5490  JX289099           4.53%    passed     99.97%
5491  HG03792            4.53%    passed     99.97%
5492  HGDP00118          4.53%    passed     99.98%
5493  HG04195            4.54%    passed     99.97%
5494  PV067346           4.55%    passed     99.89%
5495  PP654650           4.53%    passed     99.99%
5496  MG272617           4.53%    passed     99.98%
5497  KX456716           4.53%    passed     99.99%
5498  KC505099           4.53%    passed    100.00%
5499  HG03652            4.54%    passed     99.99%
5500  KF056271           4.53%    passed     99.94%
5501  HG03944            4.53%    passed     99.98%
5502  FJ383568           4.53%    passed    100.00%
5503  NA20845            4.53%    passed     99.98%
5504  NA20846            4.53%    passed     99.90%
5505  FJ383593           4.54%    passed     99.96%
5506  KX457476           4.53%    passed    100.00%
5507  FJ544233           4.53%    passed    100.00%
5508  FJ383813           4.53%    passed     99.94%
5509  HGDP00064          4.53%    passed     99.99%
5510  HGDP00070          4.53%    passed    100.00%
5511  HG03605            4.53%    passed     99.98%
5512  PP654610           4.54%    passed     99.99%
5513  MH449522           4.54%    passed     99.94%
5514  KC887484           4.54%    passed     99.94%
5515  KT587579           4.53%    passed     99.96%
5516  KC505106           4.53%    passed     99.93%
5517  HG03709            4.53%    passed     99.98%
5518  HG03019            4.53%    passed     99.96%
5519  KX457032           4.53%    passed     99.99%
5520  HG02356            4.53%    passed     99.99%
5521  MH449148           4.53%    passed     99.98%
5522  MH449279           4.53%    passed     99.96%
5523  MH449282           4.53%    passed     99.96%
5524  GQ119044           4.54%    passed     99.94%
5525  GQ301883           4.54%    passed    100.00%
5526  MH449484           4.54%    passed     99.96%
5527  MT419073           4.54%    passed     99.95%
5528  MG272582           4.53%    passed     99.97%
5529  GU733819           4.53%    passed     99.96%
5530  JX289120           4.53%    passed     99.99%
5531  KT587500           4.54%    passed     99.99%
5532  MG273012           4.54%    passed     99.98%
5533  SCsq0020           4.53%    passed     99.99%
5534  JX987459           4.54%    passed     99.97%
5535  KP346042           4.53%    passed     99.96%
5536  PV695800           4.53%    passed     99.99%
5537  KX457505           4.53%    passed    100.00%
5538  KX457258           4.53%    passed     99.99%
5539  MH449306           4.53%    passed     99.99%
5540  PX366839           4.53%    passed    100.00%
5541  PV695972           4.53%    passed    100.00%
5542  NA18582            4.53%    passed    100.00%
5543  MG273115           4.53%    passed     99.98%
5544  KX456624           4.53%    passed    100.00%
5545  PX366906           4.53%    passed    100.00%
5546  HG01841            4.53%    passed    100.00%
5547  MG273085           4.53%    passed    100.00%
5548  KX456577           4.53%    passed     99.98%
5549  HG02083            4.53%    passed    100.00%
5550  HG00501            4.53%    passed    100.00%
5551  MG272982           4.53%    passed     99.99%
5552  KX456457           4.53%    passed    100.00%
5553  KX456664           4.53%    passed     99.97%
5554  PV695974           4.53%    passed     99.99%
5555  PV067307           4.54%    passed     99.97%
5556  KX456862           4.54%    passed     99.97%
5557  NA19090            4.53%    passed    100.00%
5558  JX987457           4.53%    passed     99.99%
5559  KF540966           4.53%    passed     99.98%
5560  KF540574           4.53%    passed     99.92%
5561  KF540564           4.53%    passed     99.85%
5562  KF540589           4.53%    passed     99.85%
5563  MF058502           4.53%    passed    100.00%
5564  KU683483           4.53%    passed     99.99%
5565  PX366882           4.53%    passed     99.98%
5566  KF849978           4.53%    passed    100.00%
5567  KU682948           4.53%    passed    100.00%
5568  KU682954           4.53%    passed    100.00%
5569  PV695890           4.53%    passed    100.00%
5570  PV695825           4.53%    passed     99.97%
5571  KF540721           4.53%    passed     99.93%
5572  KF540609           4.53%    passed     99.99%
5573  JX987460           4.54%    passed     99.98%
5574  MH449176           4.54%    passed     99.98%
5575  KF540793           4.54%    passed     99.98%
5576  MF057341           4.54%    passed     99.99%
5577  MF056186           4.53%    passed    100.00%
5578  MF056788           4.53%    passed     99.99%
5579  MF055894           4.53%    passed     99.99%
5580  KT587460           4.53%    passed    100.00%
5581  KF540879           4.53%    passed     99.98%
5582  HM346912           4.53%    passed     99.98%
5583  KX457214           4.53%    passed     99.99%
5584  NA18956            4.53%    passed    100.00%
5585  NA18593            4.53%    passed    100.00%
5586  KT725985           4.54%    passed     99.98%
5587  KT726003           4.53%    passed     99.98%
5588  KT725987           4.53%    passed     99.93%
5589  FJ748758           4.53%    passed    100.00%
5590  KT725982           4.53%    passed     99.99%
5591  KT725878           4.53%    passed    100.00%
5592  GQ895143           4.53%    passed     99.99%
5593  FJ383323           4.53%    passed     99.98%
5594  MG272851           4.53%    passed     99.98%
5595  KT725915           4.53%    passed     99.99%
5596  FJ748743           4.53%    passed     99.98%
5597  KT726084           4.53%    passed     99.97%
5598  JN857049           4.53%    passed     99.98%
5599  KX457274           4.53%    passed    100.00%
5600  PP654533           4.53%    passed     99.99%
5601  PP654697           4.53%    passed    100.00%
5602  JN857060           4.53%    passed    100.00%
5603  FJ383650           4.53%    passed    100.00%
5604  KF540822           4.53%    passed    100.00%
5605  KT726055           4.53%    passed     99.98%
5606  FJ748759           4.53%    passed     99.96%
5607  GQ895141           4.53%    passed     99.74%
5608  KX457281           4.53%    passed     99.93%
5609  KX457119           4.53%    passed     99.98%
5610  HGDP01348          4.53%    passed     99.99%
5611  KT726127           4.53%    passed     99.60%
5612  JX289125           4.53%    passed     99.99%
5613  PP654793           4.53%    passed     99.98%
5614  KT725962           4.53%    passed     99.98%
5615  KU683573           4.53%    passed     99.98%
5616  KF056264           4.54%    passed    100.00%
5617  KT587552           4.53%    passed     99.89%
5618  KX457004           4.54%    passed     99.95%
5619  MG272660           4.55%    passed     99.99%
5620  GQ352635           4.54%    passed    100.00%
5621  KX457446           4.54%    passed    100.00%
5622  PP654541           4.54%    passed    100.00%
5623  HG03765            4.53%    passed     99.99%
5624  HG03017            4.53%    passed    100.00%
5625  HG04146            4.53%    passed    100.00%
5626  HG04080            4.53%    passed    100.00%
5627  JX289108           4.53%    passed     99.99%
5628  FJ383337           4.54%    passed     99.99%
5629  EF060331           4.54%    passed     99.98%
5630  DQ779932           4.54%    passed     99.89%
5631  MF057909           4.54%    passed     99.98%
5632  KX457221           4.54%    passed     99.93%
5633  MH449216           4.54%    passed     99.98%
5634  KX456999           4.54%    passed     99.96%
5635  PP654512           4.54%    passed     99.91%
5636  KT587497           4.54%    passed     99.97%
5637  KX456488           4.54%    passed     99.97%
5638  MG272826           4.53%    passed    100.00%
5639  MG272877           4.53%    passed    100.00%
5640  PP654606           4.53%    passed     99.98%
5641  KX457249           4.53%    passed    100.00%
5642  KX457252           4.53%    passed    100.00%
5643  KX457232           4.53%    passed    100.00%
5644  KX456854           4.53%    passed    100.00%
5645  MF056377           4.53%    passed     99.98%
5646  MF056414           4.53%    passed     99.95%
5647  MF056853           4.53%    passed     99.95%
5648  MF057319           4.53%    passed     99.98%
5649  MF057174           4.53%    passed     99.95%
5650  MF056770           4.53%    passed     99.83%
5651  KP346000           4.53%    passed     99.97%
5652  KP346032           4.53%    passed     99.94%
5653  KP346040           4.53%    passed     99.96%
5654  HM596710           4.54%    passed     99.99%
5655  HG02656            4.53%    passed     99.90%
5656  FJ383248           4.53%    passed     99.97%
5657  EU443459           4.53%    passed     99.99%
5658  HG03976            4.54%    passed     99.99%
5659  NA21135            4.54%    passed     99.98%
5660  MF055981           9.83%    passed     51.39%
5661  MF057660           4.53%    passed     99.86%
5662  MF057272           4.53%    passed     99.85%
5663  MF056860           4.53%    passed     99.81%
5664  MF058562           4.53%    passed     99.91%
5665  MF057576           4.53%    passed     99.80%
5666  KT725895           4.53%    passed    100.00%
5667  KT725893           4.54%    passed    100.00%
5668  JF742198           4.53%    passed     99.98%
5669  HM030517           4.53%    passed     99.99%
5670  HG03635            4.53%    passed    100.00%
5671  HG03869            4.53%    passed    100.00%
5672  FJ770952           4.53%    passed     99.99%
5673  FJ383807           4.53%    passed     99.99%
5674  JX462712           4.53%    passed     99.98%
5675  HGDP00092          4.53%    passed     99.99%
5676  FJ383533           4.53%    passed    100.00%
5677  HG03745            4.53%    passed     99.99%
5678  HG03875            4.53%    passed    100.00%
5679  HG04019            4.54%    passed     99.99%
5680  HG03807            4.53%    passed     99.98%
5681  KP345988           4.53%    passed     99.99%
5682  HG03779            4.53%    passed    100.00%
5683  FJ442939           4.54%    passed     99.97%
5684  KX457349           4.54%    passed    100.00%
5685  KP345977           4.54%    passed     99.98%
5686  KT725950          18.75%    passed     60.83%
5687  JX289133           4.53%    passed     99.97%
5688  KX457071           4.53%    passed     99.97%
5689  FJ383296           4.54%    passed     99.92%
5690  PV067335           4.54%    passed     99.85%
5691  PV067304           4.54%    passed    100.00%
5692  KX457401           4.53%    passed     99.93%
5693  PP654627           4.54%    passed    100.00%
5694  PP654565           4.58%    passed     99.99%
5695  GU810077           4.53%    passed     99.98%
5696  KP345997           4.53%    passed     99.83%
5697  KX457331           4.53%    passed     99.99%
5698  KX457338           4.53%    passed     99.99%
5699  KX457267           4.54%    passed    100.00%
5700  FJ383594           4.53%    passed     99.96%
5701  HG03021            4.53%    passed    100.00%
5702  HG03926            4.53%    passed     99.96%
5703  AY922259           4.54%    passed     99.98%
5704  NA21127            4.53%    passed     99.95%
5705  FJ383556           4.53%    passed     99.97%
5706  HG03624            4.53%    passed     99.99%
5707  FJ383558           4.53%    passed     99.99%
5708  JX462705           4.53%    passed     99.95%
5709  KT726056           4.54%    passed    100.00%
5710  KX457393           4.53%    passed     99.99%
5711  GQ895166           4.64%    passed     99.92%
5712  MF523084           4.53%    passed     99.99%
5713  KC887482           4.54%    passed    100.00%
5714  KC505105           4.54%    passed     99.97%
5715  KC887477           4.53%    passed     99.88%
5716  KT587594           4.53%    passed    100.00%
5717  KC887490           4.53%    passed    100.00%
5718  KX456923           4.53%    passed     99.97%
5719  KX457617           4.53%    passed    100.00%
5720  HG00683            4.53%    passed     99.99%
5721  HM030501           4.54%    passed     99.99%
5722  KX457413           4.54%    passed     99.95%
5723  GU733734           4.53%    passed     99.95%
5724  HM030524           4.54%    passed     99.95%
5725  MG272654           4.54%    passed     99.99%
5726  KT587487           4.54%    passed     99.98%
5727  KX457559           4.54%    passed     99.96%
5728  MG273102           4.53%    passed    100.00%
5729  KX457272           4.53%    passed     99.99%
5730  MH449473           4.53%    passed    100.00%
5731  KU683032           4.53%    passed     99.99%
5732  HG01599            4.53%    passed    100.00%
5733  PX366997           4.53%    passed    100.00%
5734  HG02185            4.53%    passed    100.00%
5735  KX456986           4.53%    passed    100.00%
5736  MH449462           4.54%    passed     99.99%
5737  MH449318           4.53%    passed    100.00%
5738  KX457275           4.53%    passed    100.00%
5739  KT725863           4.53%    passed    100.00%
5740  MG272859           4.53%    passed    100.00%
5741  KT725865           4.53%    passed    100.00%
5742  HG00525            4.53%    passed    100.00%
5743  JX987456           4.53%    passed     99.92%
5744  MH449138           4.63%    passed     99.96%
5745  KX456596           4.53%    passed     99.99%
5746  MH449134           4.53%    passed     99.99%
5747  PV695676           4.54%    passed    100.00%
5748  PV067308           4.58%    passed    100.00%
5749  PX367029           4.53%    passed     99.99%
5750  PV695846           4.53%    passed    100.00%
5751  KX456669           4.53%    passed     99.98%
5752  HG01871            4.53%    passed     99.99%
5753  HGDP00776          4.54%    passed     99.99%
5754  KX457430           4.53%    passed     99.99%
5755  MG273017           4.53%    passed     99.99%
5756  GU733801           4.53%    passed     99.94%
5757  PV695957           4.53%    passed    100.00%
5758  MF522882           4.53%    passed     99.98%
5759  KF540571           4.53%    passed     99.95%
5760  KF540953           4.53%    passed     99.97%
5761  HM030527           4.54%    passed     99.99%
5762  KU683441           4.53%    passed     99.98%
5763  KU683348           4.53%    passed     99.99%
5764  MT554225           4.53%    passed     99.99%
5765  MG272770           4.54%    passed     99.99%
5766  PV695956           4.53%    passed    100.00%
5767  JX987446           4.53%    passed     99.99%
5768  AY255158           4.53%    passed    100.00%
5769  PV695818           4.54%    passed    100.00%
5770  NA18639            4.53%    passed     99.99%
5771  NA18574            4.53%    passed    100.00%
5772  KT587554           4.54%    passed     99.98%
5773  JX987440           4.54%    passed    100.00%
5774  JX987451           4.54%    passed     99.99%
5775  MH449238           4.54%    passed     99.99%
5776  MF057112           4.53%    passed     99.99%
5777  MF057575           4.53%    passed     99.99%
5778  MF057871           4.53%    passed     99.99%
5779  MF057792           4.54%    passed    100.00%
5780  MF056003           4.53%    passed     99.99%
5781  HG01851            4.53%    passed     99.89%
5782  KX457392           4.53%    passed     99.92%
5783  MH448960           4.53%    passed     99.96%
5784  MG273011           4.53%    passed     99.89%
5785  KF540663           4.53%    passed     99.99%
5786  KX457394           4.53%    passed     99.94%
5787  HGDP01287          4.53%    passed     99.99%
5788  HM460791           4.53%    passed    100.00%
5789  HM346919           4.53%    passed     99.97%
5790  KF056295           4.53%    passed     99.95%
5791  GQ895159           4.53%    passed     99.99%
5792  FJ968772           4.53%    passed    100.00%
5793  KT726091           4.53%    passed    100.00%
5794  KT725869           4.53%    passed     99.99%
5795  KT725881           4.53%    passed     99.99%
5796  JN857056           4.54%    passed     99.99%
5797  KT725973           4.54%    passed    100.00%
5798  KT725997           4.53%    passed     99.98%
5799  HGDP01219          4.53%    passed    100.00%
5800  HGDP00791          4.53%    passed     99.91%
5801  KF540739           4.53%    passed     99.90%
5802  JX289118           4.53%    passed     99.97%
5803  PP654789           4.53%    passed    100.00%
5804  PV695713           4.53%    passed     99.83%
5805  GU733739           4.54%    passed     99.99%
5806  AP008464           4.53%    passed     99.99%
5807  HM852821           4.54%    passed     99.99%
5808  NA18740            4.53%    passed     99.95%
5809  HG00532            4.53%    passed     99.96%
5810  PP654748           4.53%    passed     99.93%
5811  HM596703           4.53%    passed     99.95%
5812  KF148530           4.57%    passed     99.93%
5813  HG03943            4.53%    passed     99.98%
5814  MG272614           4.53%    passed     99.98%
5815  HGDP01331          4.54%    passed     99.88%
5816  HG00585            4.54%    passed     99.89%
5817  PP654594           4.53%    passed     99.95%
5818  PP654555           4.54%    passed     99.91%
5819  MH807361           4.53%    passed     99.96%
5820  HGDP00438          4.53%    passed     99.99%
5821  GQ301887           4.54%    passed     99.96%
5822  PX366957           4.53%    passed     99.97%
5823  KT587452           4.54%    passed     99.93%
5824  KX456969           4.53%    passed     99.92%
5825  PP654590           4.53%    passed     99.97%
5826  AP008620           4.57%    passed     99.94%
5827  AP008821           4.53%    passed     99.97%
5828  MH449541           4.54%    passed     99.97%
5829  KP345984           4.54%    passed     99.96%
5830  PX366846           4.53%    passed     99.95%
5831  SCsq0074           4.53%    passed    100.00%
5832  NA18960            4.53%    passed     99.84%
5833  KT587567           4.54%    passed     99.95%
5834  KP345981           4.54%    passed     99.99%
5835  PP654787           4.54%    passed     99.94%
5836  MH449447           4.53%    passed     99.88%
5837  NA18747            4.53%    passed     99.97%
5838  MG272773           4.53%    passed     99.90%
5839  KX457040           4.53%    passed     99.92%
5840  HG02521            4.53%    passed     99.88%
5841  HG00584            4.53%    passed     99.90%
5842  KC505120           4.53%    passed    100.00%
5843  KT587549           4.53%    passed     99.89%
5844  NA19055            4.54%    passed     99.98%
5845  KU521465           4.53%    passed     99.98%
5846  MF523075           4.53%    passed     99.99%
5847  PP654790           4.53%    passed    100.00%
5848  AP008726           4.53%    passed     99.88%
5849  KX456580           4.53%    passed     99.96%
5850  KU682932           4.53%    passed     99.98%
5851  NA18748            4.53%    passed     99.93%
5852  AP011045           4.54%    passed     99.98%
5853  MG273041           4.54%    passed     99.93%
5854  KX456956           4.53%    passed     99.92%
5855  MT419275           4.54%    passed     99.97%
5856  JF739542           4.53%    passed     99.98%
5857  NA18991            4.53%    passed     99.88%
5858  PP654847           4.53%    passed     99.97%
5859  KU521473           4.53%    passed     99.89%
5860  AP008474           4.53%    passed     99.99%
5861  MN687211           4.54%    passed     99.99%
5862  KX456731           4.54%    passed     99.97%
5863  KU683574           4.53%    passed     99.88%
5864  KX457320           4.54%    passed     99.95%
5865  KX457467           4.53%    passed    100.00%
5866  MH449546           4.54%    passed     99.98%
5867  EU787451           4.53%    passed     99.98%
5868  JN857030           4.55%    passed     99.99%
5869  KU521469           4.53%    passed     99.88%
5870  HM596644           4.53%    passed     99.89%
5871  KX457059           4.53%    passed     99.99%
5872  KX457579           4.53%    passed    100.00%
5873  PV695706           4.53%    passed     99.95%
5874  KX457425           4.53%    passed     99.95%
5875  HG02032            4.53%    passed     99.95%
5876  GU733755           4.53%    passed     99.99%
5877  KC911355           4.53%    passed    100.00%
5878  KF540662           4.53%    passed     99.93%
5879  PV695836           4.53%    passed     99.97%
5880  KF540679           4.53%    passed     99.99%
5881  GU733746           4.53%    passed     99.98%
5882  KX456737           4.54%    passed     99.97%
5883  KX456542           4.53%    passed     99.99%
5884  KX457589           4.53%    passed    100.00%
5885  MG272889           4.53%    passed     99.97%
5886  NA18628            4.53%    passed     99.93%
5887  JN857027           4.53%    passed     99.94%
5888  NA18563            4.53%    passed     99.95%
5889  GU733718           4.96%    passed     99.46%
5890  GU733751           4.54%    passed     99.99%
5891  MG273052           4.53%    passed    100.00%
5892  HG04192            4.53%    passed     99.95%
5893  PV695929           4.53%    passed     99.93%
5894  HG00423            4.53%    passed     99.98%
5895  KC867111           4.54%    passed    100.00%
5896  HM852893           4.54%    passed     99.98%
5897  JN207845           4.53%    passed     99.98%
5898  JN857052           4.53%    passed     99.91%
5899  JN857042           4.53%    passed     99.93%
5900  KX456917           4.53%    passed     99.91%
5901  KF146262           4.53%    passed     99.94%
5902  PP654589           4.54%    passed     99.77%
5903  KC911431           4.53%    passed     99.96%
5904  KC911368           4.53%    passed     99.99%
5905  MG272946           4.53%    passed     99.89%
5906  MF522908           4.54%    passed     99.97%
5907  KU521464           4.53%    passed     99.99%
5908  PX366771           4.53%    passed     99.97%
5909  HG04193            4.53%    passed     99.95%
5910  OM194283           4.53%    passed     99.96%
5911  KU683259           4.53%    passed     99.88%
5912  KX457138           4.53%    passed     99.97%
5913  KX456576           4.53%    passed     99.96%
5914  AP008873           4.53%    passed    100.00%
5915  SCsq0084           4.57%    passed     99.85%
5916  MH449309           4.53%    passed     99.95%
5917  AP012369           4.53%    passed     99.89%
5918  KF148537           4.57%    passed     99.93%
5919  AP013196           4.53%    passed     99.99%
5920  HM030500           4.54%    passed     99.99%
5921  KX457208           4.54%    passed     99.97%
5922  KT587610           4.53%    passed     99.88%
5923  MG272962           4.53%    passed     99.89%
5924  HG01855            4.53%    passed     99.91%
5925  MH449031           4.53%    passed     99.97%
5926  NA18941            4.54%    passed    100.00%
5927  JF930639           4.54%    passed     99.96%
5928  MH449048           4.53%    passed     99.97%
5929  KU521463           4.54%    passed     99.88%
5930  PP654600           4.53%    passed     99.97%
5931  EF486518           4.54%    passed    100.00%
5932  HM030548           4.53%    passed     99.95%
5933  MG273111           4.53%    passed     99.91%
5934  HM589048           4.53%    passed     99.88%
5935  MT419090           4.53%    passed     99.96%
5936  MH448974           4.53%    passed     99.93%
5937  KU521467           4.54%    passed     99.91%
5938  MH807360           4.53%    passed     99.95%
5939  KM986597           4.54%    passed    100.00%
5940  MG778664           4.53%    passed     99.97%
5941  KC911566           4.53%    passed    100.00%
5942  HG00531            4.53%    passed     99.96%
5943  KX456554           4.53%    passed     99.92%
5944  MH807366           4.53%    passed     99.95%
5945  HM030542           4.53%    passed    100.00%
5946  JQ245735           4.53%    passed     99.98%
5947  EF153811           4.54%    passed    100.00%
5948  MG273076           4.53%    passed     99.99%
5949  KC887458           4.54%    passed     99.86%
5950  PV695942           4.53%    passed     99.88%
5951  KU521457           4.53%    passed     99.79%
5952  MT418948           4.53%    passed     99.96%
5953  PP654601           4.53%    passed     99.95%
5954  GU733752           4.53%    passed     99.96%
5955  KX457352           4.54%    passed     99.96%
5956  PP654603           4.53%    passed    100.00%
5957  KX456497           4.53%    passed     99.85%
5958  PV695944           4.53%    passed     99.91%
5959  KX457456           4.54%    passed     99.97%
5960  PP654557           4.53%    passed     99.93%
5961  KU521472           4.53%    passed     99.90%
5962  MG272594           4.53%    passed     99.99%
5963  MG272759           4.53%    passed     99.95%
5964  KC887473           4.54%    passed     99.95%
5965  KX457163           4.53%    passed     99.97%
5966  AP008406           4.53%    passed     99.99%
5967  HG00422            4.53%    passed     99.98%
5968  AP013239           4.53%    passed    100.00%
5969  NA19079            4.53%    passed     99.96%
5970  HM030528           4.54%    passed     99.94%
5971  KM986602           4.54%    passed    100.00%
5972  PP654586           4.54%    passed     99.76%
5973  MH449539           4.54%    passed     99.95%
5974  HG00621            4.53%    passed     99.88%
5975  KF540600           4.53%    passed     99.87%
5976  NA18988            4.53%    passed     99.84%
5977  PP654554           4.53%    passed     99.93%
5978  AP008714           4.53%    passed     99.93%
5979  HM030513           4.53%    passed     99.89%
5980  KU683392           4.53%    passed     99.93%
5981  KC867103           4.54%    passed     99.99%
5982  KC887456           4.54%    passed     99.86%
5983  KT587602           4.54%    passed     99.98%
5984  PP654711           4.53%    passed     99.92%
5985  MG272895           4.53%    passed     99.97%
5986  MG273113           4.53%    passed     99.91%
5987  HG00556            4.53%    passed     99.97%
5988  NA19082            4.54%    passed     99.99%
5989  KU682884           4.53%    passed     99.97%
5990  MF522843           4.54%    passed     99.97%
5991  FJ147307           4.54%    passed     99.95%
5992  AP008610           4.53%    passed    100.00%
5993  KU683497           4.53%    passed     99.93%
5994  MH449092           4.54%    passed     99.98%
5995  KU521456           4.53%    passed     99.91%
5996  KU521460           4.53%    passed     99.95%
5997  OM194237           4.54%    passed     99.95%
5998  KT725866           4.53%    passed     99.97%
5999  GU733742           4.53%    passed     99.96%
6000  KC867106           4.54%    passed    100.00%
6001  KC867112           4.54%    passed     99.99%
6002  PP654580           4.54%    passed    100.00%
6003  JF904935           4.53%    passed     99.99%
6004  KC867130           4.53%    passed     99.97%
6005  KX456506           4.53%    passed     99.85%
6006  KF540684           4.53%    passed     99.99%
6007  KF540744           4.53%    passed     99.99%
6008  PX367004           4.53%    passed     99.92%
6009  HM030521           4.53%    passed    100.00%
6010  GU290215           4.54%    passed    100.00%
6011  OM194279           4.54%    passed    100.00%
6012  AP012425           4.54%    passed     99.95%
6013  KC911601           4.53%    passed    100.00%
6014  JQ705752           4.53%    passed     99.97%
6015  KX456906           4.53%    passed     99.90%
6016  MT419287           4.53%    passed     99.84%
6017  MG272697           4.53%    passed     99.95%
6018  KU521461           4.53%    passed     99.93%
6019  KU521462           4.53%    passed     99.92%
6020  KX456985           4.54%    passed     99.99%
6021  AP008630           4.53%    passed     99.97%
6022  AP008895           4.54%    passed     99.98%
6023  KX456957           4.53%    passed     99.95%
6024  KU521468           4.53%    passed     99.95%
6025  AP008666           4.53%    passed     99.98%
6026  KC911317           4.54%    passed    100.00%
6027  PV621674           4.54%    passed     99.99%
6028  GQ301877           4.54%    passed     99.93%
6029  KX456476           4.53%    passed     99.99%
6030  KC867125           4.53%    passed     99.99%
6031  HG00653            4.53%    passed     99.95%
6032  PV695907           4.54%    passed     99.92%
6033  HG00479            4.53%    passed     99.80%
6034  GU392084           4.53%    passed     99.98%
6035  KF540722           4.53%    passed     99.88%
6036  JN857057           4.54%    passed     99.93%
6037  KU683451           4.54%    passed     99.96%
6038  KU521466           4.53%    passed     99.93%
6039  KU521474           4.53%    passed     99.93%
6040  MG272596           4.53%    passed     99.99%
6041  KU683444           4.54%    passed    100.00%
6042  MH449076           4.54%    passed     99.98%
6043  KX457235           4.54%    passed     99.98%
6044  KC867127           4.53%    passed    100.00%
6045  KC887472           4.54%    passed     99.97%
6046  MT419235           4.53%    passed     99.95%
6047  MT419000           4.53%    passed     99.97%
6048  PX366935           4.54%    passed    100.00%
6049  AP008414           4.53%    passed     99.94%
6050  AP010995           4.54%    passed     99.99%
6051  KU683404           4.54%    passed     99.94%
6052  KU521470           4.53%    passed     99.98%
6053  KC867116           4.54%    passed    100.00%
6054  KX457363           4.54%    passed     99.96%
6055  MT419291           4.53%    passed     99.95%
6056  MF522884           4.53%    passed     99.95%
6057  PX366849           4.53%    passed     99.97%
6058  KU521458           4.53%    passed     99.94%
6059  AP008558           4.53%    passed     99.83%
6060  AP011016           4.53%    passed     99.83%
6061  KF148535           4.57%    passed     99.93%
6062  KX456589           4.54%    passed    100.00%
6063  KT725867           7.17%    passed     99.67%
6064  MF523073           4.53%    passed    100.00%
6065  KC867105           4.54%    passed    100.00%
6066  KT587515           4.53%    passed     99.86%
6067  KX457581           4.53%    passed    100.00%
6068  MF522847           4.53%    passed     99.95%
6069  HG00480            4.53%    passed     99.73%
6070  MG272750           4.53%    passed     99.97%
6071  KX456544           4.53%    passed     99.97%
6072  MT418967           4.54%    passed     99.93%
6073  HG00406            4.53%    passed     99.91%
6074  KT587535           4.53%    passed     99.88%
6075  KT587379           4.54%    passed     99.88%
6076  FJ748708           4.53%    passed     99.90%
6077  NA18613            4.53%    passed     99.97%
6078  MH449322           4.53%    passed     99.95%
6079  KC505121           4.54%    passed     99.93%
6080  MG272756           4.53%    passed     99.94%
6081  KX457292           4.53%    passed     99.96%
6082  KT587566           4.53%    passed     99.88%
6083  MT419257           4.53%    passed     99.95%
6084  KU521475           4.53%    passed     99.83%
6085  AP008400           4.53%    passed     99.92%
6086  NA18612            4.53%    passed     99.89%
6087  HGDP00762          4.54%    passed     99.99%
6088  MH807362           4.53%    passed     99.96%
6089  KF540803           4.54%    passed     99.92%
6090  MT554226           5.91%    passed     98.64%
6091  HGDP00060          4.55%    passed     99.99%
6092  KX457205           4.54%    passed     99.97%
6093  KX457209           4.54%    passed     99.97%
6094  MG272865           4.53%    passed     99.96%
6095  PP654588           4.54%    passed    100.00%
6096  KC505116           4.53%    passed     99.96%
6097  MG272835           4.53%    passed     99.95%
6098  MT419293           4.53%    passed     99.84%
6099  HG00620            4.53%    passed     99.91%
6100  FJ748719           4.53%    passed     99.91%
6101  KX457624           4.53%    passed     99.90%
6102  AY255141           4.53%    passed     99.95%
6103  KU682937           4.53%    passed     99.98%
6104  SCsq0065           4.53%    passed     99.99%
6105  NA18973            4.53%    passed    100.00%
6106  SCsq0076           4.53%    passed     99.99%
6107  KX457154           4.54%    passed     99.95%
6108  HG00577            4.53%    passed     99.90%
6109  PV695880           4.53%    passed     99.97%
6110  MH807371           4.53%    passed     99.96%
6111  NA18553            4.53%    passed     99.99%
6112  KC867109           4.54%    passed    100.00%
6113  KU683371           4.54%    passed    100.00%
6114  PP654698           4.54%    passed     99.91%
6115  PP654707           4.54%    passed     99.91%
6116  KT587527           4.53%    passed     99.99%
6117  MH449444           4.53%    passed     99.88%
6118  HGDP01356          4.53%    passed     99.80%
6119  HGDP00748          4.54%    passed    100.00%
6120  KX457067           4.54%    passed     99.93%
6121  KF148538           4.57%    passed     99.96%
6122  AP008901           4.53%    passed     99.96%
6123  PV067310           4.54%    passed     99.99%
6124  KX456939           4.53%    passed    100.00%
6125  GU123026           4.54%    passed    100.00%
6126  KC867104           4.54%    passed     99.99%
6127  JQ245729           4.53%    passed    100.00%
6128  KX457309           4.54%    passed     99.96%
6129  PX366902           4.53%    passed     99.84%
6130  MH449324           4.53%    passed     99.96%
6131  KX456991           4.53%    passed     99.89%
6132  KF540591           4.53%    passed     99.83%
6133  JN857061           4.53%    passed     99.99%
6134  MF522999           4.54%    passed     99.91%
6135  KF148517           4.57%    passed     99.96%
6136  PX272926           4.53%    passed    100.00%
6137  PX272644           4.53%    passed     99.97%
6138  MN849726           4.53%    passed     99.97%
6139  MN849521           4.53%    passed     99.98%
6140  MN849694           4.53%    passed     99.97%
6141  PX272515           4.53%    passed     99.94%
6142  PX273064           4.53%    passed    100.00%
6143  GQ119036           4.54%    passed    100.00%
6144  MN849631           4.53%    passed     99.96%
6145  MN849709           4.53%    passed    100.00%
6146  PX273151           4.54%    passed     99.99%
6147  PX272571           4.54%    passed    100.00%
6148  HGDP00550          4.53%    passed     99.98%
6149  PX273053           4.53%    passed     99.99%
6150  PX273124           4.53%    passed     99.98%
6151  MN849563           4.53%    passed     99.99%
6152  PX272585           4.54%    passed    100.00%
6153  PX273175           4.54%    passed     99.99%
6154  PX273129           4.53%    passed     99.98%
6155  PX272943           4.53%    passed     99.98%
6156  PX273107           4.53%    passed     99.96%
6157  PX273097           4.54%    passed     99.99%
6158  PX273001           4.53%    passed     99.96%
6159  PX272619           4.53%    passed     99.95%
6160  PX273055           4.53%    passed    100.00%
6161  PX272877           4.53%    passed     99.96%
6162  PX272901           4.53%    passed     99.99%
6163  MN849661           4.53%    passed     99.96%
6164  MN849707           4.53%    passed     99.96%
6165  PX272464           4.53%    passed     99.99%
6166  PX272719           4.53%    passed     99.97%
6167  PX273061           4.53%    passed    100.00%
6168  PX272837           4.54%    passed    100.00%
6169  PX272913           4.53%    passed     99.96%
6170  MN849697           4.54%    passed    100.00%
6171  PX272748           4.54%    passed     99.82%
6172  PX272893           4.54%    passed     99.95%
6173  PX273115           4.53%    passed     99.98%
6174  PX273074           4.53%    passed    100.00%
6175  PX272681           4.53%    passed     99.99%
6176  PX272755           4.54%    passed     99.98%
6177  PX273217           4.54%    passed     99.99%
6178  PX272968           4.53%    passed    100.00%
6179  MN849695           4.53%    passed     99.97%
6180  PX272654           4.54%    passed     99.98%
6181  PX273042           4.53%    passed     99.99%
6182  PX272379           4.53%    passed     99.99%
6183  PX272545           4.53%    passed     99.99%
6184  PX272776           4.53%    passed     99.96%
6185  PX272759           4.53%    passed     99.99%
6186  MN849788           4.53%    passed    100.00%
6187  PX272727           4.54%    passed     99.99%
6188  PX272401           4.53%    passed     99.98%
6189  MN849551           4.53%    passed     99.99%
6190  PX273145           4.53%    passed     99.98%
6191  EF061158           4.53%    passed     99.96%
6192  KC993994           4.54%    passed    100.00%
6193  PX272796           4.53%    passed     99.99%
6194  PX272668           4.53%    passed     99.95%
6195  PX272779           4.53%    passed     99.98%
6196  PX273022           4.53%    passed     99.88%
6197  PX273185           4.53%    passed     99.97%
6198  PX272705           4.54%    passed     99.98%
6199  PX272949           4.53%    passed     99.99%
6200  MN849672           4.53%    passed     99.98%
6201  MN849548           4.53%    passed     99.99%
6202  PX272691           4.53%    passed     99.98%
6203  MN849599           4.53%    passed     99.95%
6204  AY289087           4.54%    passed     99.96%
6205  MN849710           4.53%    passed     99.96%
6206  PX272685           4.53%    passed     99.92%
6207  MN849791           4.53%    passed     99.99%
6208  PX273173           4.53%    passed     99.94%
6209  MN849572           4.54%    passed     99.99%
6210  MN849740           4.53%    passed     99.97%
6211  PX272768           4.53%    passed     99.96%
6212  MN849582           4.53%    passed     99.96%
6213  MN849523           4.53%    passed     99.96%
6214  PX273020           4.53%    passed     99.98%
6215  EF061159           4.53%    passed     99.99%
6216  PX272720           4.53%    passed     99.93%
6217  MN849685           4.53%    passed     99.97%
6218  PX272929           4.53%    passed     99.98%
6219  PX272666           4.53%    passed     99.97%
6220  PX273170           4.53%    passed     99.98%
6221  MN849763           4.53%    passed     99.94%
6222  MN849692           4.53%    passed     99.95%
6223  PX272701           4.54%    passed     99.99%
6224  PX272338           4.53%    passed     99.92%
6225  MN849680           4.53%    passed     99.96%
6226  PX272550           4.53%    passed     99.93%
6227  PX273060           4.53%    passed     99.98%
6228  MN849754           4.53%    passed     99.94%
6229  PX273161           4.53%    passed     99.84%
6230  MN849660           4.54%    passed    100.00%
6231  PX272544           4.53%    passed     99.94%
6232  MN849606           4.53%    passed     99.99%
6233  MN849719           4.53%    passed     99.94%
6234  MN849818           4.53%    passed     99.90%
6235  KF540948           4.53%    passed     99.94%
6236  PX272750           4.53%    passed     99.96%
6237  PX272806           4.53%    passed     99.94%
6238  PX272867           4.53%    passed     99.94%
6239  PX273110           4.53%    passed     99.96%
6240  MF056751           4.53%    passed     99.94%
6241  PX273057           4.53%    passed     99.94%
6242  PX272878           4.53%    passed     99.98%
6243  PX273109           4.53%    passed     99.99%
6244  MN849717           4.53%    passed     99.94%
6245  MN849649           4.53%    passed     99.90%
6246  PX272996           4.53%    passed     99.99%
6247  PX272601           4.53%    passed     99.96%
6248  PX272948           4.53%    passed     99.99%
6249  PX273230           4.53%    passed     99.96%
6250  MN849821           4.53%    passed     99.88%
6251  PX272546           4.53%    passed     99.86%
6252  PX272804           4.58%    passed     99.98%
6253  PX273023           4.53%    passed     99.99%
6254  PX272925           4.53%    passed     99.95%
6255  MN849502           4.53%    passed     99.87%
6256  MN849496           4.53%    passed     99.96%
6257  PX272613           4.53%    passed     99.96%
6258  MN849645           4.54%    passed     99.98%
6259  MN849498           4.53%    passed     99.93%
6260  MN849828           4.53%    passed     99.98%
6261  PX273059           4.53%    passed     99.93%
6262  MN849500           4.53%    passed     99.96%
6263  PX272849           4.53%    passed     99.94%
6264  MN849809           4.53%    passed     99.96%
6265  PX272416           4.53%    passed     99.97%
6266  PX272906           4.53%    passed     99.94%
6267  PX272997           4.53%    passed     99.92%
6268  MN849793           4.53%    passed     99.97%
6269  PX272947           4.53%    passed     99.94%
6270  PX273224           4.54%    passed     99.92%
6271  MN849704           4.53%    passed     99.99%
6272  PX272945           4.53%    passed    100.00%
6273  PX272540           4.53%    passed     99.88%
6274  MN849800           4.53%    passed     99.91%
6275  PX272522           4.53%    passed     99.98%
6276  MN849642           4.53%    passed     99.98%
6277  MN849679           4.53%    passed     99.86%
6278  PX273011           4.53%    passed     99.99%
6279  MN849623           4.53%    passed     99.98%
6280  PX272866           4.58%    passed     99.94%
6281  MN849729           4.53%    passed     99.99%
6282  PX272944           4.53%    passed    100.00%
6283  MN849508           4.53%    passed     99.87%
6284  MN849827           4.53%    passed     99.99%
6285  PX272967           4.58%    passed     99.94%
6286  PX272898           4.53%    passed     99.99%
6287  PX272742           4.53%    passed    100.00%
6288  MN849782           4.53%    passed     99.98%
6289  MN849635           4.53%    passed     99.98%
6290  PX272551           4.53%    passed     99.81%
6291  PX272722           4.53%    passed     99.97%
6292  PX272684           4.53%    passed    100.00%
6293  PX272453           4.53%    passed     99.94%
6294  EU597495           4.53%    passed    100.00%
6295  MN849650           4.53%    passed     99.94%
6296  PX273017           4.53%    passed     99.97%
6297  PX273126           4.53%    passed     99.98%
6298  PX272805           4.54%    passed     99.97%
6299  PX272858           4.53%    passed    100.00%
6300  MN849627           4.53%    passed     99.94%
6301  PX272801           4.53%    passed     99.93%
6302  PX272829           4.53%    passed     99.99%
6303  PX272873           4.53%    passed     99.99%
6304  PX272842           4.53%    passed     99.90%
6305  PX272970           4.53%    passed     99.90%
6306  MN849652           4.53%    passed     99.94%
6307  PX273083           4.53%    passed     99.98%
6308  PX273006           4.53%    passed     99.92%
6309  MN849663           4.54%    passed     99.98%
6310  PX272885           4.53%    passed    100.00%
6311  MN849739           4.53%    passed     99.90%
6312  PX272888           4.53%    passed     99.98%
6313  PX273225           4.54%    passed     99.96%
6314  PX272460           4.53%    passed     99.94%
6315  PX272891           4.53%    passed     99.99%
6316  PX272869           4.53%    passed     99.96%
6317  PX272807           4.58%    passed     99.98%
6318  PX272786           4.53%    passed     99.96%
6319  MN849532           4.53%    passed     99.97%
6320  PX272864           4.53%    passed     99.98%
6321  PX272914           4.53%    passed     99.98%
6322  PX272935           4.53%    passed     99.96%
6323  MN849543           4.53%    passed     99.97%
6324  MN849819           4.53%    passed     99.88%
6325  PX272417           4.53%    passed     99.98%
6326  PX272784           4.53%    passed     99.99%
6327  PX272473           4.53%    passed     99.98%
6328  MN849743           4.53%    passed     99.99%
6329  MN849491           4.54%    passed     99.99%
6330  PX272848           4.53%    passed     99.96%
6331  PX272667           4.53%    passed     99.99%
6332  MN849664           4.53%    passed     99.94%
6333  MN849644           4.53%    passed     99.90%
6334  MN849668           4.53%    passed     99.90%
6335  MN849823           4.53%    passed     99.80%
6336  PX273223           4.53%    passed     99.99%
6337  PX272516           4.53%    passed     99.94%
6338  MN849518           4.53%    passed     99.96%
6339  PX273198           4.53%    passed     99.99%
6340  MF058135           4.53%    passed     99.96%
6341  PX272817           4.53%    passed     99.97%
6342  MN849549           4.53%    passed     99.83%
6343  PX272887           4.53%    passed     99.98%
6344  PX272875           4.53%    passed     99.94%
6345  PX272999           4.53%    passed    100.00%
6346  PX272608           4.53%    passed     99.94%
6347  MN849651           4.53%    passed     99.94%
6348  MN849811           4.53%    passed     99.94%
6349  MN849619           4.53%    passed     99.98%
6350  MN849838           4.53%    passed     99.94%
6351  PX272424           4.53%    passed     99.98%
6352  PX272912           4.53%    passed     99.99%
6353  PX273212           4.54%    passed     99.99%
6354  PX272773           4.53%    passed    100.00%
6355  MN849648           4.53%    passed    100.00%
6356  PX273091           4.53%    passed     99.99%
6357  MN849805           4.53%    passed     99.86%
6358  PX273045           4.53%    passed    100.00%
6359  MN849662           4.53%    passed     99.90%
6360  PX272737           4.53%    passed     99.97%
6361  PX272919           4.53%    passed     99.96%
6362  PX273146           4.53%    passed     99.98%
6363  PX273009           4.53%    passed     99.96%
6364  PX272680           4.53%    passed     99.99%
6365  PX272762           4.53%    passed     99.94%
6366  PX272785           4.54%    passed     99.97%
6367  PX272391           4.53%    passed     99.92%
6368  MN849832           4.53%    passed     99.98%
6369  MN849667           4.53%    passed    100.00%
6370  PX272960           4.53%    passed     99.95%
6371  MF058240           4.53%    passed     99.94%
6372  PX273078           4.53%    passed     99.87%
6373  PX272993           4.53%    passed     99.96%
6374  PX273052           4.53%    passed    100.00%
6375  PX272795           4.53%    passed     99.96%
6376  PX272828           4.53%    passed     99.97%
6377  PX272880           4.53%    passed     99.99%
6378  MN849714           4.53%    passed     99.90%
6379  PX272933           4.53%    passed    100.00%
6380  MN849775           4.53%    passed     99.98%
6381  PX272825           4.53%    passed     99.89%
6382  PX272845           4.54%    passed     99.99%
6383  MN849857           4.53%    passed     99.97%
6384  MN849851           4.53%    passed     99.99%
6385  MN849792           4.53%    passed     99.98%
6386  PX273254           4.53%    passed     99.90%
6387  MN849820           4.53%    passed     99.90%
6388  PX273214           4.53%    passed     99.94%
6389  PX272953           4.53%    passed     99.90%
6390  PX273019           4.53%    passed     99.99%
6391  PX272890           4.53%    passed     99.99%
6392  MN849716           4.53%    passed     99.99%
6393  MN849665           4.54%    passed     99.99%
6394  PX272872           4.53%    passed     99.98%
6395  PX272629           4.53%    passed     99.91%
6396  MN849840           4.53%    passed     99.95%
6397  PX272749           4.53%    passed    100.00%
6398  PX272990           4.54%    passed     99.96%
6399  MN849686           4.53%    passed     99.99%
6400  PX272852           4.53%    passed     99.98%
6401  PX273167           4.53%    passed     99.97%
6402  PX272792           4.53%    passed     99.99%
6403  PX272989           4.53%    passed     99.98%
6404  MN849814           4.54%    passed    100.00%
6405  PX272823           4.53%    passed     99.98%
6406  PX272884           4.53%    passed    100.00%
6407  PX272950           4.54%    passed     99.99%
6408  MN849858           4.53%    passed     99.99%
6409  PX272952           4.53%    passed     99.94%
6410  MN849670           4.54%    passed     99.99%
6411  PX272371           4.53%    passed     99.98%
6412  PX272981           4.53%    passed     99.98%
6413  PX272744           4.53%    passed     99.97%
6414  MN849721           4.54%    passed     99.96%
6415  MN849562           4.54%    passed     99.95%
6416  PX272689           4.53%    passed    100.00%
6417  PX272946           4.53%    passed     99.98%
6418  PX272700           4.53%    passed    100.00%
6419  MN849691           4.54%    passed     99.93%
6420  PX272865           4.53%    passed     99.96%
6421  MN849816           4.53%    passed     99.88%
6422  PX272787           4.53%    passed     99.94%
6423  PX273207           4.53%    passed     99.95%
6424  PX273239           4.53%    passed     99.93%
6425  PX273253           4.53%    passed     99.90%
6426  PX272830           4.53%    passed     99.96%
6427  PX273035           4.53%    passed     99.99%
6428  PX273039           4.53%    passed     99.99%
6429  PX272676           4.53%    passed     99.95%
6430  PX272836           4.53%    passed     99.98%
6431  PX272378           4.53%    passed     99.98%
6432  PX273098           4.53%    passed    100.00%
6433  PX272971           4.53%    passed     99.98%
6434  MN849699           4.54%    passed     99.96%
6435  PX273218           4.54%    passed     99.93%
6436  PX272871           4.53%    passed     99.99%
6437  MN849802           4.54%    passed     99.98%
6438  PX273222           4.54%    passed     99.86%
6439  PX272954           4.53%    passed     99.99%
6440  PX273043           4.53%    passed     99.98%
6441  PX273203           4.53%    passed     99.95%
6442  PX367009           4.53%    passed    100.00%
6443  MT419230           4.54%    passed     99.99%
6444  OL619868           4.54%    passed     99.92%
6445  MG273097           4.53%    passed    100.00%
6446  KX457264           4.53%    passed     99.99%
6447  MH449274           4.53%    passed    100.00%
6448  MF522994           4.53%    passed     99.94%
6449  HG02072            4.54%    passed     99.99%
6450  MF523157           4.53%    passed     99.97%
6451  MH448988           4.53%    passed    100.00%
6452  MG273096           4.53%    passed    100.00%
6453  PV695934           4.53%    passed    100.00%
6454  MG272834           4.53%    passed    100.00%
6455  KC911485           4.53%    passed     99.98%
6456  PV695897           4.54%    passed    100.00%
6457  MT419345           4.53%    passed     99.99%
6458  PV695695           4.53%    passed     99.98%
6459  HG00513            4.53%    passed     99.97%
6460  HM852887           4.54%    passed     99.88%
6461  NA21091            4.53%    passed     99.98%
6462  PX272549           4.53%    passed     99.93%
6463  HG03806            4.53%    passed     99.96%
6464  PV695903           4.55%    passed    100.00%
6465  AY713996           4.53%    passed     99.99%
6466  KM245134           4.53%    passed     99.97%
6467  KX457201           4.53%    passed     99.88%
6468  DQ981470           4.53%    passed    100.00%
6469  KF541033           4.53%    passed     99.99%
6470  FJ004807           4.53%    passed     99.86%
6471  NA18555            4.53%    passed     99.97%
6472  MF522980           4.53%    passed     99.94%
6473  NA21105            4.53%    passed     99.97%
6474  HG01593            4.53%    passed     99.94%
6475  HG03689            4.53%    passed     99.99%
6476  HG02035            4.53%    passed    100.00%
6477  KX456679           4.53%    passed    100.00%
6478  MG272977           4.53%    passed    100.00%
6479  KF540813           4.54%    passed    100.00%
6480  NA20892            4.53%    passed     99.98%
6481  PV695873           4.53%    passed     99.99%
6482  HG00407            4.53%    passed    100.00%
6483  NA21110            4.53%    passed     99.96%
6484  HG02410            4.53%    passed     99.99%
6485  HG00978            4.53%    passed    100.00%
6486  MG272801           4.53%    passed    100.00%
6487  JF824932           4.53%    passed    100.00%
6488  MG272751           4.53%    passed    100.00%
6489  HG00663            4.53%    passed     99.99%
6490  KX456567           4.53%    passed    100.00%
6491  KF540625           4.53%    passed     99.99%
6492  MG273036           4.53%    passed    100.00%
6493  PV695816           4.54%    passed     99.92%
6494  HG03931            4.53%    passed     99.99%
6495  HGDP00813          4.54%    passed    100.00%
6496  MN595718           4.54%    passed    100.00%
6497  KX457017           4.53%    passed     99.97%
6498  KX456815           4.53%    passed     99.97%
6499  KF540748           4.53%    passed    100.00%
6500  EF114273           4.53%    passed    100.00%
6501  AP012370           4.53%    passed     99.91%
6502  PX366945           4.54%    passed    100.00%
6503  MH448989           4.54%    passed    100.00%
6504  HG03629            4.53%    passed     99.99%
6505  KX456880           4.53%    passed     99.99%
6506  PX366808           4.53%    passed    100.00%
6507  KC994001           4.53%    passed    100.00%
6508  KU521477           4.53%    passed    100.00%
6509  KU682940           4.53%    passed     99.99%
6510  KP346018           4.53%    passed     99.90%
6511  HGDP00057          4.53%    passed     99.97%
6512  NA20856            4.54%    passed    100.00%
6513  NA20868            4.53%    passed     99.93%
6514  KC911551           4.53%    passed     99.96%
6515  HG03760            4.53%    passed     99.99%
6516  KX457534           4.53%    passed     99.99%
6517  KX457303           4.53%    passed    100.00%
6518  HGDP00402          4.53%    passed     99.98%
6519  PV695895           4.53%    passed    100.00%
6520  PP654578           4.53%    passed    100.00%
6521  MT554231           4.53%    passed     99.98%
6522  MN595740           4.53%    passed    100.00%
6523  MG272832           4.53%    passed    100.00%
6524  KX456527           4.53%    passed    100.00%
6525  KF540814           4.53%    passed    100.00%
6526  MF523185           4.53%    passed     99.97%
6527  KX456724           4.53%    passed     99.99%
6528  GU480008           4.53%    passed     99.99%
6529  MH449262           4.53%    passed    100.00%
6530  KX456900           4.53%    passed    100.00%
6531  PP654641           4.54%    passed     99.94%
6532  HGDP00072          4.53%    passed     99.98%
6533  JX289095           4.53%    passed     99.99%
6534  KX457602           4.53%    passed    100.00%
6535  MT419116           4.53%    passed    100.00%
6536  MG272797           4.53%    passed    100.00%
6537  MH449434           4.53%    passed    100.00%
6538  KX457448           4.54%    passed    100.00%
6539  KT725980           4.54%    passed     99.97%
6540  KC985147           4.54%    passed     99.82%
6541  KX456913           4.53%    passed    100.00%
6542  AY713985           4.53%    passed     99.98%
6543  HG03770            4.54%    passed    100.00%
6544  MG272990           4.53%    passed     99.99%
6545  GU810062           4.53%    passed    100.00%
6546  HQ700872           4.54%    passed     99.99%
6547  KC911280           4.53%    passed     99.98%
6548  PV067315           4.54%    passed     99.91%
6549  NA21137            4.55%    passed    100.00%
6550  DQ981466           4.53%    passed    100.00%
6551  MG272719           4.53%    passed    100.00%
6552  KF540804           4.53%    passed    100.00%
6553  NA18564            4.53%    passed     99.99%
6554  KX456719           4.53%    passed     99.99%
6555  HG02698            4.53%    passed     99.99%
6556  HG02087            4.53%    passed    100.00%
6557  JN580298           4.53%    passed    100.00%
6558  KU521505           4.53%    passed     99.99%
6559  HG00536            4.53%    passed     99.92%
6560  KU683377           4.54%    passed     99.92%
6561  KU683300           4.53%    passed     99.99%
6562  MN595787           4.53%    passed    100.00%
6563  NA20877            4.53%    passed     99.98%
6564  MT554230           4.53%    passed     99.96%
6565  MN595713           4.53%    passed     99.98%
6566  MN595776           4.53%    passed     99.98%
6567  GQ301864           4.54%    passed     99.89%
6568  PP654619           4.54%    passed     99.89%
6569  NA21099            4.53%    passed     99.98%
6570  FJ004814           4.53%    passed     99.99%
6571  MG272680           4.53%    passed    100.00%
6572  KU521504           4.53%    passed    100.00%
6573  FJ147308           4.53%    passed    100.00%
6574  KU521507           4.53%    passed    100.00%
6575  KX457538           4.53%    passed     99.99%
6576  AP010998           4.53%    passed     99.80%
6577  KC911627           4.53%    passed    100.00%
6578  FJ004822           4.53%    passed     99.95%
6579  GU733737           4.53%    passed     99.99%
6580  KF541026           4.53%    passed    100.00%
6581  HG00664            4.53%    passed     99.99%
6582  MT419028           4.53%    passed    100.00%
6583  MT419029           4.54%    passed    100.00%
6584  JQ703633           4.53%    passed    100.00%
6585  HGDP01303          4.53%    passed     99.98%
6586  NA21086            4.53%    passed     99.99%
6587  GU733726           4.54%    passed    100.00%
6588  FJ004827           4.53%    passed     99.90%
6589  MG272600           4.53%    passed    100.00%
6590  KX456865           4.53%    passed     99.98%
6591  KX456911           4.53%    passed    100.00%
6592  MH449021           4.53%    passed    100.00%
6593  KX456556           4.53%    passed    100.00%
6594  JX289135           4.53%    passed    100.00%
6595  HG00450            4.53%    passed     99.98%
6596  HM852841           4.54%    passed     99.88%
6597  MN595871           4.53%    passed     99.98%
6598  NA21123            4.53%    passed     99.98%
6599  KT587605           4.53%    passed     99.97%
6600  PP654573           4.54%    passed     99.87%
6601  KU682974           4.53%    passed     99.97%
6602  EF556148           4.53%    passed     99.98%
6603  HG03679            4.53%    passed     99.97%
6604  AY713983           4.53%    passed     99.94%
6605  AY713984           4.53%    passed     99.94%
6606  KF849983           4.53%    passed    100.00%
6607  MG272830           4.53%    passed    100.00%
6608  MG272715           4.53%    passed     99.99%
6609  KF541049           4.53%    passed     99.99%
6610  KF541050           4.53%    passed     99.99%
6611  MG273002           4.53%    passed     99.99%
6612  KX456451           4.53%    passed    100.00%
6613  HG00449            4.53%    passed     99.98%
6614  MN595738           4.53%    passed     99.95%
6615  NA21141            4.53%    passed     99.96%
6616  MG272612           4.53%    passed     99.92%
6617  KC911495           4.53%    passed     99.99%
6618  KU683258           4.53%    passed     99.98%
6619  HG03821            4.53%    passed    100.00%
6620  KU521503           4.53%    passed    100.00%
6621  KU521499           4.53%    passed    100.00%
6622  DQ981469           4.53%    passed    100.00%
6623  KX457433           4.54%    passed    100.00%
6624  HG01796            4.53%    passed    100.00%
6625  HG02382            4.53%    passed    100.00%
6626  HGDP00712          4.53%    passed    100.00%
6627  KX456853           4.53%    passed    100.00%
6628  KC994068           4.54%    passed     99.99%
6629  GU733759           4.54%    passed     99.98%
6630  HG00408            4.53%    passed    100.00%
6631  MN595763           4.53%    passed     99.99%
6632  KU683250           4.53%    passed     99.98%
6633  HG03788            4.53%    passed     99.97%
6634  HG03762            4.53%    passed     99.97%
6635  HGDP00598          4.54%    passed    100.00%
6636  JQ704804           4.53%    passed     99.99%
6637  MH449532           4.53%    passed    100.00%
6638  KU521500           4.53%    passed    100.00%
6639  MG273074           4.53%    passed    100.00%
6640  KF540842           4.53%    passed    100.00%
6641  KF540911           4.53%    passed    100.00%
6642  PX272554           4.53%    passed     99.89%
6643  MG272679           4.53%    passed     99.99%
6644  HGDP00003          4.53%    passed     99.98%
6645  HG02697            4.53%    passed     99.99%
6646  JQ705959           4.55%    passed     99.99%
6647  HG03812            4.53%    passed     99.97%
6648  HG02600            4.53%    passed     99.98%
6649  MH449290           4.53%    passed    100.00%
6650  MG272853           4.53%    passed    100.00%
6651  HGDP01295          4.53%    passed    100.00%
6652  PV695899           4.54%    passed     99.94%
6653  HQ602771           4.54%    passed     99.82%
6654  MT554229           4.54%    passed     99.97%
6655  KC911374           4.53%    passed    100.00%
6656  KU683462           4.53%    passed     99.99%
6657  PX272556           4.53%    passed     99.96%
6658  AY714050           4.53%    passed     99.98%
6659  MT419005           4.53%    passed    100.00%
6660  KX456529           4.53%    passed    100.00%
6661  GQ119010           4.54%    passed    100.00%
6662  KU521479           4.54%    passed     99.99%
6663  MH449126           4.53%    passed    100.00%
6664  EF177423           4.54%    passed     99.63%
6665  MG273086           4.53%    passed     99.99%
6666  KT587358           4.53%    passed     99.97%
6667  HG03680            4.53%    passed     99.96%
6668  HG03667            4.53%    passed    100.00%
6669  HG03836            4.53%    passed     99.99%
6670  AY714019           4.53%    passed     99.95%
6671  HG03604            4.53%    passed    100.00%
6672  DQ981472           4.53%    passed     99.99%
6673  KF541027           4.53%    passed    100.00%
6674  MG273135           4.53%    passed    100.00%
6675  MG272984           4.53%    passed     99.99%
6676  KT587578           4.54%    passed    100.00%
6677  KT587472           4.53%    passed    100.00%
6678  HG02020            4.53%    passed     99.97%
6679  KU683364           4.53%    passed     99.98%
6680  NA20899            4.53%    passed     99.98%
6681  MN595735           4.53%    passed     99.98%
6682  AP012392           4.53%    passed     99.94%
6683  PX272552           4.53%    passed     99.97%
6684  MT419289           4.54%    passed     99.92%
6685  JX462737           4.53%    passed     99.96%
6686  FJ004837           4.53%    passed    100.00%
6687  HG03790            4.53%    passed     99.93%
6688  FJ004819           4.54%    passed     99.99%
6689  PP654527           4.53%    passed    100.00%
6690  HG02017            4.53%    passed    100.00%
6691  PX366825           4.53%    passed     99.99%
6692  MG273122           4.53%    passed    100.00%
6693  MT419327           4.53%    passed     99.99%
6694  KF540806           4.53%    passed     99.99%
6695  KU521476           4.53%    passed     99.99%
6696  KC985149           4.54%    passed     99.88%
6697  HM852786           4.54%    passed     99.74%
6698  KC985165           4.54%    passed     99.99%
6699  PX272555           4.53%    passed     99.94%
6700  MN595719           4.53%    passed     99.98%
6701  NA20902            4.53%    passed     99.98%
6702  FJ004825           4.55%    passed    100.00%
6703  HG03763            4.53%    passed     99.99%
6704  GU480018           4.54%    passed     99.98%
6705  HG03837            4.54%    passed     99.99%
6706  PX366855           4.53%    passed     99.99%
6707  KX456626           4.53%    passed    100.00%
6708  KT587384           4.53%    passed     99.99%
6709  KX456487           4.53%    passed     99.99%
6710  KU521478           4.53%    passed     99.99%
6711  HGDP01383          4.54%    passed     99.95%
6712  NA21093            4.53%    passed     99.99%
6713  PX272557           4.53%    passed     99.87%
6714  PX272548           4.53%    passed     99.91%
6715  AY714021           4.55%    passed     99.97%
6716  AY713993           4.53%    passed    100.00%
6717  KX456473           4.53%    passed    100.00%
6718  MH449208           4.53%    passed    100.00%
6719  KU521501           4.53%    passed    100.00%
6720  MG272766           4.53%    passed    100.00%
6721  KX457609           4.53%    passed    100.00%
6722  HGDP01100          4.53%    passed     99.96%
6723  DQ112788           9.31%    passed     97.69%
6724  HG00514            4.53%    passed     99.97%
6725  PP654547           4.53%    passed     99.94%
6726  KT587375           4.54%    passed     99.94%
6727  HGDP00719          4.54%    passed     99.87%
6728  AY714032           4.53%    passed     99.97%
6729  HG03911            4.53%    passed     99.94%
6730  FJ770973          11.82%    passed     98.78%
6731  HG03729            4.53%    passed    100.00%
6732  HG03789            4.53%    passed     99.96%
6733  MG272791           4.53%    passed    100.00%
6734  KU521502           4.53%    passed    100.00%
6735  KX456450           4.53%    passed    100.00%
6736  PX366772           4.53%    passed     99.99%
6737  KX456503           4.53%    passed    100.00%
6738  PV695958           4.53%    passed    100.00%
6739  KX457408           4.53%    passed    100.00%
6740  MG272595           4.53%    passed    100.00%
6741  MG273075           4.53%    passed     99.99%
6742  HG00534            4.53%    passed    100.00%
6743  HG00535            4.53%    passed    100.00%
6744  KF540831           4.53%    passed     99.99%
6745  KF541010           4.53%    passed     99.99%
6746  KF541039           4.53%    passed     99.99%
6747  KX456453           4.53%    passed    100.00%
6748  AF381985           4.53%    passed    100.00%
6749  KC911423           4.53%    passed    100.00%
6750  MN595788           4.53%    passed     99.99%
6751  KU683028           4.53%    passed     99.99%
6752  MG952838           4.63%    passed     99.93%
6753  MF523179           4.53%    passed     99.94%
6754  HG00119            4.53%    passed    100.00%
6755  KJ856760           4.53%    passed    100.00%
6756  KU683123           4.53%    passed     99.98%
6757  HGDP00638          4.53%    passed    100.00%
6758  HGDP00445          4.53%    passed    100.00%
6759  KY409894           4.53%    passed     99.95%
6760  KU683174           4.53%    passed     99.98%
6761  FJ656215           4.53%    passed    100.00%
6762  PV621669           4.53%    passed    100.00%
6763  KY409568           4.53%    passed     99.99%
6764  KU682926           4.53%    passed    100.00%
6765  KX950711           4.53%    passed    100.00%
6766  KY408245           4.53%    passed     99.99%
6767  JQ797984           4.53%    passed    100.00%
6768  HG00136            4.53%    passed    100.00%
6769  OL619853           4.53%    passed     99.99%
6770  KU683119           4.53%    passed     99.99%
6771  HG01697            4.53%    passed     99.98%
6772  HG04025            4.53%    passed    100.00%
6773  JQ798090           4.53%    passed     99.95%
6774  MG646121           4.53%    passed     99.99%
6775  HG03626            4.53%    passed    100.00%
6776  PV621766           4.53%    passed    100.00%
6777  HG01632            4.53%    passed    100.00%
6778  KU683075           4.53%    passed    100.00%
6779  MN595829           4.53%    passed     99.99%
6780  KU683506           4.53%    passed     99.97%
6781  MF523053           4.53%    passed     99.98%
6782  AY495298           4.53%    passed    100.00%
6783  HG01633            4.53%    passed    100.00%
6784  MF523106           4.53%    passed     99.98%
6785  MF523171           4.53%    passed     99.99%
6786  KF162887           4.53%    passed     99.99%
6787  KC911587           4.53%    passed     99.98%
6788  HM852818           4.54%    passed    100.00%
6789  HM852798           4.53%    passed     99.93%
6790  KY408168           4.53%    passed     99.95%
6791  PV621671           4.53%    passed     99.99%
6792  MT554211           4.52%    passed     99.97%
6793  MN687147           4.53%    passed    100.00%
6794  OL619801           4.53%    passed     99.95%
6795  MT554217           4.53%    passed     99.94%
6796  MG646139           4.53%    passed     99.99%
6797  KY410132           4.53%    passed    100.00%
6798  JX152886           4.53%    passed     99.98%
6799  HG02604            4.53%    passed    100.00%
6800  HG02650            4.53%    passed     99.99%
6801  MT554213           4.54%    passed     99.97%
6802  HGDP00632          4.53%    passed    100.00%
6803  KC911501           4.54%    passed     99.99%
6804  MN687202           4.53%    passed    100.00%
6805  MF523024           4.53%    passed     99.99%
6806  HM055613           4.53%    passed     99.98%
6807  JX153237           4.53%    passed    100.00%
6808  MF523143           4.53%    passed    100.00%
6809  KX440343           4.53%    passed     99.99%
6810  KU683294           4.53%    passed    100.00%
6811  MN595745           4.53%    passed     99.98%
6812  HGDP00039          4.53%    passed    100.00%
6813  KY409762           4.53%    passed    100.00%
6814  JN037469           4.53%    passed     99.98%
6815  HG04093            4.53%    passed     99.96%
6816  MN687128           4.53%    passed     99.99%
6817  MN687166           4.53%    passed     99.97%
6818  KC911320           4.53%    passed    100.00%
6819  MN595744           4.53%    passed     99.99%
6820  KC911473           4.53%    passed     99.95%
6821  GU932663           4.63%    passed     99.92%
6822  OL619799           4.53%    passed     99.98%
6823  KY408182           4.53%    passed     99.99%
6824  MG646185           4.53%    passed     99.97%
6825  NA20890            4.53%    passed     99.99%
6826  HG03625            4.53%    passed    100.00%
6827  MN595695           4.53%    passed    100.00%
6828  HGDP00169          4.53%    passed    100.00%
6829  HG02605            4.53%    passed    100.00%
6830  KY409558           4.54%    passed     99.99%
6831  KY408639           4.53%    passed    100.00%
6832  MF522848           4.53%    passed     99.97%
6833  HGDP00234          4.53%    passed    100.00%
6834  AY714022           4.53%    passed    100.00%
6835  PV621665           4.53%    passed     99.99%
6836  KP669006           4.53%    passed     99.99%
6837  HGDP00682          4.53%    passed     99.99%
6838  MG646106           4.53%    passed     99.98%
6839  MG646160           4.53%    passed     99.99%
6840  FJ238094           4.53%    passed    100.00%
6841  HGDP00359          4.53%    passed     99.98%
6842  KU683283           4.54%    passed    100.00%
6843  KU683545           4.54%    passed    100.00%
6844  KU683133           4.53%    passed     99.99%
6845  HGDP00029          4.53%    passed     99.94%
6846  OL619867           4.53%    passed    100.00%
6847  HM852879           4.53%    passed     99.99%
6848  KU683448           4.54%    passed    100.00%
6849  JQ798138           4.53%    passed     99.99%
6850  MF523029           4.53%    passed    100.00%
6851  MN595886           4.53%    passed     99.99%
6852  NA11829            4.53%    passed    100.00%
6853  KF162970           4.53%    passed     99.91%
6854  JX153715           4.53%    passed    100.00%
6855  MT554218           4.53%    passed     99.99%
6856  JX152929           4.63%    passed     99.92%
6857  MF523021           4.54%    passed     99.92%
6858  MN595784           4.53%    passed     99.99%
6859  MF523222           4.54%    passed     99.99%
6860  MF522914           4.54%    passed     99.99%
6861  HGDP00031          4.53%    passed     99.96%
6862  HG04023            4.53%    passed     99.99%
6863  MF522973           4.53%    passed    100.00%
6864  MG646222           4.57%    passed     99.99%
6865  OM194308           4.53%    passed     99.98%
6866  AY714015           4.53%    passed     99.99%
6867  HG03784            4.53%    passed    100.00%
6868  JF927949           4.53%    passed    100.00%
6869  KY410112           4.53%    passed     99.99%
6870  OL619872           4.53%    passed     99.99%
6871  KU683458           4.63%    passed     99.94%
6872  MN595791           4.53%    passed     99.98%
6873  MF523209           4.53%    passed    100.00%
6874  KC911329           4.53%    passed     99.94%
6875  JQ797998           4.53%    passed     99.92%
6876  HG02234            4.53%    passed    100.00%
6877  KU683238           4.53%    passed     99.99%
6878  KU683112           4.53%    passed    100.00%
6879  KU683442           4.53%    passed    100.00%
6880  KY409540           4.53%    passed     99.99%
6881  KY410098           4.53%    passed     99.99%
6882  HG02649            4.53%    passed     99.99%
6883  OL619893           4.53%    passed     99.99%
6884  JQ702988           4.53%    passed    100.00%
6885  JQ797994           4.53%    passed     99.96%
6886  OM194251           4.53%    passed    100.00%
6887  MG952864           4.53%    passed    100.00%
6888  JX153254           4.53%    passed     99.99%
6889  MG646228           4.53%    passed     99.95%
6890  KY408156           4.53%    passed     99.99%
6891  KC911490           4.53%    passed     99.99%
6892  JQ703777           4.53%    passed     99.99%
6893  NA12750            4.53%    passed     99.97%
6894  JX153164           4.54%    passed     99.98%
6895  KY409719           4.53%    passed     99.97%
6896  JQ797991           4.53%    passed     99.95%
6897  HGDP01387          4.53%    passed     99.99%
6898  JQ798058           4.53%    passed    100.00%
6899  KU683486           4.53%    passed     99.99%
6900  HM852862           4.53%    passed     99.99%
6901  KC911345           4.53%    passed     99.97%
6902  NA07029            4.53%    passed     99.99%
6903  HGDP00724          4.53%    passed     99.98%
6904  MN595786           4.53%    passed    100.00%
6905  HGDP00516          4.53%    passed     99.98%
6906  KJ856758           4.53%    passed    100.00%
6907  KU683098           4.53%    passed     99.97%
6908  HGDP00222          4.53%    passed     99.99%
6909  HG02232            4.53%    passed     99.99%
6910  MN595804           4.53%    passed    100.00%
6911  HM852781           4.53%    passed     99.99%
6912  HG01405            4.53%    passed    100.00%
6913  HGDP00307          4.53%    passed    100.00%
6914  GU123010           4.53%    passed     99.99%
6915  HGDP00895          4.53%    passed     99.99%
6916  NA12753            4.53%    passed     99.98%
6917  JQ798128           4.53%    passed     99.99%
6918  OL619852           4.53%    passed     99.99%
6919  MT554212           4.51%    passed     99.99%
6920  MF522896           4.53%    passed     99.98%
6921  HGDP01398          4.53%    passed     99.98%
6922  MG646152           4.53%    passed    100.00%
6923  JX912164           4.53%    passed     99.99%
6924  AY495273           4.53%    passed     99.99%
6925  HG01618            4.53%    passed    100.00%
6926  MN595702           4.53%    passed     99.99%
6927  MT554216           4.53%    passed     99.99%
6928  MT554215           4.53%    passed     99.99%
6929  HM852796           4.53%    passed     99.98%
6930  HG03688            4.54%    passed     99.98%
6931  MF523187           4.53%    passed     99.97%
6932  MF523134           4.54%    passed     99.86%
6933  HG03618            4.54%    passed     99.96%
6934  FJ493504           4.76%    passed     99.63%
6935  NA12814            4.53%    passed     99.96%
6936  KU683165           4.53%    passed     99.96%
6937  GU296600           4.53%    passed    100.00%
6938  KY409911           4.53%    passed     99.97%
6939  KU682947           4.53%    passed    100.00%
6940  HG00320            4.53%    passed     99.99%
6941  MT554263           4.53%    passed     99.92%
6942  OM194246           4.54%    passed     99.91%
6943  MF523117           4.53%    passed    100.00%
6944  KY825030           4.53%    passed     99.94%
6945  NA21107            4.53%    passed     99.99%
6946  KU683218           4.58%    passed     99.77%
6947  PV621681           4.54%    passed    100.00%
6948  HG03620            4.53%    passed     99.90%
6949  KY824869           4.53%    passed     99.98%
6950  FJ748753           4.53%    passed    100.00%
6951  FJ147316           4.53%    passed     99.99%
6952  MF523184           4.53%    passed     99.97%
6953  HM852857           4.55%    passed     99.93%
6954  KT587498           4.53%    passed     99.98%
6955  MN595890           4.53%    passed     99.99%
6956  HG00384            4.53%    passed     99.99%
6957  MG272734           4.53%    passed     99.86%
6958  MF522910           4.53%    passed     99.96%
6959  KY824898           4.53%    passed     99.96%
6960  KY824872           4.53%    passed     99.94%
6961  KY409302           4.53%    passed     99.96%
6962  GU296629           4.54%    passed     99.99%
6963  JX153195           4.53%    passed     99.98%
6964  KC911615           4.54%    passed     99.98%
6965  KY825067           4.53%    passed     99.95%
6966  GU296558           4.53%    passed     99.93%
6967  MF523088           4.53%    passed     99.93%
6968  HG02724            4.53%    passed    100.00%
6969  KY824881           4.54%    passed     99.88%
6970  NA20904            4.53%    passed     99.99%
6971  HQ384204           4.53%    passed     99.96%
6972  MN595852           4.54%    passed     99.98%
6973  FJ348174           4.53%    passed     99.95%
6974  HG00142            4.53%    passed     99.96%
6975  HG00242            4.53%    passed     99.98%
6976  KY824864           4.54%    passed     99.98%
6977  KY825026           4.53%    passed     99.99%
6978  MT554251           4.54%    passed     99.98%
6979  KP726908           4.53%    passed     99.99%
6980  JX153197           4.53%    passed     99.99%
6981  MF522979           4.53%    passed     99.97%
6982  KU683334           4.53%    passed     99.97%
6983  KT725979           4.53%    passed     99.92%
6984  KU683265           4.54%    passed     99.97%
6985  KY824889           4.53%    passed     99.96%
6986  JQ705831           4.53%    passed    100.00%
6987  OL619816           4.53%    passed     99.97%
6988  JX152951           4.53%    passed     99.93%
6989  KJ856766           4.53%    passed     99.99%
6990  HG03711            4.53%    passed     99.95%
6991  KU683195           4.53%    passed     99.99%
6992  HGDP00056          4.53%    passed    100.00%
6993  MG660638           4.53%    passed     99.99%
6994  JQ705966           4.53%    passed     99.94%
6995  MT554270           4.51%    passed     99.97%
6996  KM096774           4.53%    passed     99.99%
6997  KU683280           4.53%    passed    100.00%
6998  EU523128           4.53%    passed     99.96%
6999  MF523107           4.54%    passed     99.91%
7000  OL619856           4.53%    passed     99.96%
7001  KY824911           4.53%    passed     99.92%
7002  KY409726           4.53%    passed     99.99%
7003  MG272704           4.53%    passed    100.00%
7004  HGDP00226          4.53%    passed     99.97%
7005  AY714049           4.54%    passed     99.83%
7006  HGDP00326          4.54%    passed     99.72%
7007  GU296559           4.53%    passed     99.99%
7008  KY825059           4.54%    passed     99.97%
7009  MN595839           4.54%    passed     99.91%
7010  KY410153           4.53%    passed     99.95%
7011  JQ703936           4.53%    passed     99.99%
7012  MG646173           4.53%    passed     99.99%
7013  KY825033           4.53%    passed     99.96%
7014  HGDP00074          4.53%    passed     99.99%
7015  MT554268           4.53%    passed     99.93%
7016  GU296640           4.53%    passed     99.92%
7017  KU683127           4.53%    passed     99.99%
7018  KU683107           4.53%    passed    100.00%
7019  NA21130            4.53%    passed     99.99%
7020  KU683556           4.54%    passed     99.86%
7021  MN595807           4.76%    passed     99.62%
7022  KY409620           4.53%    passed     99.95%
7023  KC911582           4.53%    passed     99.96%
7024  KY824888           4.53%    passed     99.98%
7025  HG03862            4.54%    passed    100.00%
7026  HG03742            4.54%    passed     99.84%
7027  MG272615           4.53%    passed     99.99%
7028  JX153668           4.53%    passed     99.94%
7029  JQ705326           4.53%    passed     99.89%
7030  KC911287           4.53%    passed     99.92%
7031  KY825064           4.53%    passed     99.99%
7032  MF523164           4.53%    passed     99.98%
7033  GU296579           4.53%    passed     99.98%
7034  HM852777           4.53%    passed    100.00%
7035  HG02776            4.53%    passed     99.98%
7036  EU597540           4.53%    passed     99.98%
7037  MG272634           4.54%    passed    100.00%
7038  OL619894           4.54%    passed     99.88%
7039  MN595820           4.53%    passed     99.99%
7040  HQ588904           4.53%    passed     99.93%
7041  KY824863           4.53%    passed     99.95%
7042  KY824861           4.53%    passed     99.99%
7043  DQ112816           9.30%    passed     97.57%
7044  KC533515           4.53%    passed     99.99%
7045  KT698018           4.53%    passed    100.00%
7046  HG02775            4.53%    passed     99.98%
7047  NA21097            4.53%    passed    100.00%
7048  AY882381           4.53%    passed     99.89%
7049  KT698001           4.54%    passed     99.97%
7050  HGDP00290          4.53%    passed     99.98%
7051  KJ856699           4.53%    passed     99.98%
7052  OL619929           4.53%    passed     99.92%
7053  HG00146            4.53%    passed     99.98%
7054  MF523071           4.53%    passed     99.97%
7055  KU683072           4.54%    passed     99.91%
7056  KY408187           4.53%    passed     99.99%
7057  EU330890           4.54%    passed     99.93%
7058  JQ702316           4.54%    passed     99.82%
7059  MN687183           4.54%    passed     99.89%
7060  EF222250           4.53%    passed     99.99%
7061  KU682920           4.53%    passed     99.97%
7062  MG778675           4.53%    passed    100.00%
7063  JX141361           4.53%    passed     99.94%
7064  GU296580           4.53%    passed     99.96%
7065  KY824915           4.53%    passed     99.92%
7066  NA20889            4.53%    passed     99.99%
7067  KU683224           4.53%    passed     99.98%
7068  HG03826            4.53%    passed     99.98%
7069  MF522903           4.53%    passed     99.93%
7070  MT554262           4.53%    passed     99.97%
7071  DQ785296           4.53%    passed     99.96%
7072  MF523037           4.53%    passed     99.96%
7073  MG660640           4.53%    passed     99.99%
7074  GU371930           4.53%    passed    100.00%
7075  NA20862            4.53%    passed     99.97%
7076  KC911470           4.54%    passed     99.91%
7077  OL619858           4.53%    passed     99.98%
7078  HG04158            4.53%    passed     99.95%
7079  MT554267           4.53%    passed     99.94%
7080  MT554261           4.53%    passed     99.95%
7081  KJ856735           4.53%    passed     99.99%
7082  NA20854            4.54%    passed     99.95%
7083  GU123037           4.53%    passed     99.92%
7084  HGDP00528          4.53%    passed     99.96%
7085  MT554252           4.52%    passed     99.83%
7086  KY824825           4.53%    passed     99.96%
7087  HG03653            4.53%    passed     99.99%
7088  KT698022           4.53%    passed     99.94%
7089  GU296581           4.53%    passed     99.93%
7090  MG646220           4.53%    passed     99.99%
7091  EU182656           4.53%    passed     99.98%
7092  KY824883           4.54%    passed     99.99%
7093  MN595686           4.53%    passed    100.00%
7094  HM852853           4.54%    passed     99.96%
7095  KY825070           4.53%    passed     99.99%
7096  HG03654            4.53%    passed    100.00%
7097  MN595865           4.53%    passed     99.98%
7098  HG03603            4.53%    passed    100.00%
7099  HGDP00062          4.53%    passed     99.99%
7100  MF523030           4.76%    passed     99.62%
7101  JQ705667           4.54%    passed     99.75%
7102  MN595751           4.53%    passed     99.95%
7103  EU545444           4.53%    passed     99.98%
7104  KU682905           4.53%    passed     99.97%
7105  JX152952           4.53%    passed     99.93%
7106  MG778676           4.53%    passed     99.96%
7107  KY409651           4.53%    passed     99.96%
7108  MF522867           4.53%    passed     99.94%
7109  KC569552           4.54%    passed     99.92%
7110  KJ856703           4.53%    passed     99.99%
7111  KY824938           4.54%    passed     99.93%
7112  KC911448           4.54%    passed     99.96%
7113  KC911455           4.53%    passed     99.92%
7114  KC911563           4.53%    passed     99.92%
7115  KF056257           4.53%    passed    100.00%
7116  HG03825            4.53%    passed    100.00%
7117  HGDP00351          4.53%    passed     99.98%
7118  MG660642           4.53%    passed     99.99%
7119  MG646133           4.53%    passed     99.93%
7120  HGDP00882          4.53%    passed     99.93%
7121  MN687252           4.54%    passed     99.84%
7122  HG02221            4.53%    passed     99.92%
7123  KY825063           4.53%    passed     99.98%
7124  HG04002            4.54%    passed     99.98%
7125  HG04147            4.54%    passed     99.98%
7126  KF056258           4.53%    passed     99.98%
7127  KC533505           4.53%    passed     99.91%
7128  MF523127           4.54%    passed     99.86%
7129  MG778667           4.53%    passed     99.95%
7130  OL619837           4.53%    passed     99.84%
7131  MF523213           4.53%    passed     99.95%
7132  MG646154           4.53%    passed     99.96%
7133  HG04160            4.53%    passed     99.96%
7134  KJ856787           4.53%    passed     99.99%
7135  HGDP00009          4.54%    passed     99.95%
7136  KY824899           4.53%    passed     99.92%
7137  KY824913           4.53%    passed     99.96%
7138  KY825062           4.53%    passed     99.99%
7139  KC911278           4.53%    passed     99.98%
7140  AY714038           4.53%    passed     99.99%
7141  HG04098            4.53%    passed     99.99%
7142  FN600416           4.53%    passed     99.96%
7143  HG03817            4.54%    passed     99.72%
7144  MG778655           4.53%    passed     99.95%
7145  EU597575           4.53%    passed    100.00%
7146  MF523119           4.53%    passed     99.99%
7147  HGDP01381          4.53%    passed     99.93%
7148  KJ856788           4.53%    passed     99.98%
7149  KU682982           4.53%    passed    100.00%
7150  KU683531           4.53%    passed     99.96%
7151  MN687213           4.53%    passed     99.94%
7152  HG03797            4.53%    passed     99.99%
7153  KC521455           4.53%    passed     99.98%
7154  KT698024           4.53%    passed    100.00%
7155  KY824878           4.53%    passed     99.99%
7156  KY824821           4.53%    passed     99.92%
7157  HG03916            4.53%    passed     99.99%
7158  HM852858           4.53%    passed     99.99%
7159  KJ856743           4.54%    passed     99.55%
7160  KU683153           4.53%    passed     99.97%
7161  KU683407           4.53%    passed     99.99%
7162  HGDP00302          4.54%    passed     99.90%
7163  KC911524           4.53%    passed     99.83%
7164  FJ147313           4.53%    passed     99.98%
7165  HGDP00740          4.53%    passed     99.96%
7166  JN982470           4.53%    passed     99.88%
7167  KF162934           4.53%    passed     99.97%
7168  KU683149           4.54%    passed     99.98%
7169  HG03897            4.53%    passed     99.85%
7170  MN595775           4.53%    passed     99.96%
7171  KU683026           4.53%    passed     99.96%
7172  KY409912           4.53%    passed     99.99%
7173  HG03886            4.54%    passed     99.98%
7174  HM852790           4.53%    passed    100.00%
7175  KC911457           4.53%    passed    100.00%
7176  HG03804            4.53%    passed     99.99%
7177  HG03691            4.54%    passed     99.84%
7178  HG04099            4.54%    passed     99.97%
7179  NA12287            4.54%    passed     99.80%
7180  OL619845           4.76%    passed     99.73%
7181  HG00321            4.53%    passed    100.00%
7182  EF222236           4.53%    passed     99.99%
7183  NA06991            4.53%    passed     99.87%
7184  PX367010           4.53%    passed    100.00%
7185  MT554265           4.54%    passed     99.95%
7186  GU122985           4.53%    passed    100.00%
7187  GU123032           4.54%    passed     99.99%
7188  HM852801           4.53%    passed     99.94%
7189  KU683466           4.53%    passed     99.98%
7190  MF523074           4.53%    passed     99.99%
7191  AY882391           4.53%    passed     99.93%
7192  HG03861            4.53%    passed     99.99%
7193  MF523103           4.53%    passed    100.00%
7194  KY411481           4.54%    passed     99.93%
7195  JQ703947           4.53%    passed     99.98%
7196  KJ856729           4.53%    passed     99.99%
7197  MF522952           4.53%    passed     99.98%
7198  KT698012           4.63%    passed     99.89%
7199  KT698009           4.53%    passed     99.98%
7200  HGDP00696          4.53%    passed     99.99%
7201  MN687157           4.53%    passed     99.93%
7202  MF523140           4.53%    passed     99.93%
7203  KC911581           4.53%    passed     99.96%
7204  KC911532           4.53%    passed     99.88%
7205  MT554253           4.51%    passed     99.96%
7206  MN595847           4.53%    passed     99.99%
7207  KY824865           4.53%    passed     99.96%
7208  KY825066           4.54%    passed     99.97%
7209  KY824874           4.54%    passed     99.99%
7210  NA21095            4.53%    passed     99.99%
7211  NA21111            4.53%    passed     99.96%
7212  AY714005           4.54%    passed     99.96%
7213  KX457121           4.53%    passed     99.94%
7214  JQ705941           4.54%    passed     99.82%
7215  KU683105           4.53%    passed     99.97%
7216  KJ856813           4.53%    passed     99.99%
7217  MN687245           4.53%    passed     99.91%
7218  MF523151           4.53%    passed     99.93%
7219  HGDP00897          4.53%    passed     99.98%
7220  MN595821           4.53%    passed     99.92%
7221  MT554254           4.51%    passed     99.86%
7222  KC911432           4.55%    passed     99.97%
7223  MG646265           4.53%    passed     99.98%
7224  EF177408           4.53%    passed     99.99%
7225  JQ702837           4.53%    passed     99.95%
7226  MG011475           4.53%    passed     99.97%
7227  KY824884           4.53%    passed     99.96%
7228  HGDP00371          4.54%    passed     99.96%
7229  MF523214           4.53%    passed     99.99%
7230  KY825029           4.54%    passed     99.96%
7231  MG646169           4.53%    passed     99.93%
7232  KU683138           4.53%    passed     99.96%
7233  KU683132           4.53%    passed     99.96%
7234  MF522920           4.53%    passed     99.99%
7235  AY882380           4.53%    passed     99.99%
7236  KJ856692           4.54%    passed     99.58%
7237  KF849954           4.76%    passed     99.73%
7238  JX153656           4.54%    passed     99.90%
7239  HQ257369           4.54%    passed     99.92%
7240  JX153055           4.54%    passed     99.85%
7241  KU683485           4.53%    passed     99.97%
7242  KM078028           4.54%    passed     99.98%
7243  HGDP00311          4.53%    passed     99.95%
7244  HGDP00888          4.53%    passed     99.99%
7245  MG952837           4.53%    passed     99.98%
7246  FJ147322           4.53%    passed     99.96%
7247  MN687110           4.53%    passed     99.98%
7248  JX153226           4.54%    passed     99.95%
7249  HGDP00514          4.53%    passed     99.93%
7250  MF522955           4.53%    passed     99.96%
7251  JN412063           4.53%    passed     99.96%
7252  NA12801            4.53%    passed     99.97%
7253  JN544933           4.53%    passed    100.00%
7254  NA21113            4.54%    passed     99.96%
7255  KY825058           4.54%    passed     99.80%
7256  KY824873           4.54%    passed     99.96%
7257  KY825043           4.54%    passed     99.98%
7258  HG02494            4.53%    passed     99.92%
7259  KY825028           4.53%    passed     99.98%
7260  KY825077           4.55%    passed     99.86%
7261  KF056260           4.53%    passed     99.99%
7262  HG04222            4.53%    passed    100.00%
7263  KX457135           4.53%    passed    100.00%
7264  HGDP00153          4.54%    passed     99.83%
7265  KU682881           4.54%    passed     99.85%
7266  HM852776           4.53%    passed     99.99%
7267  EU545430           4.53%    passed     99.99%
7268  HG00267            4.53%    passed    100.00%
7269  KP735165           4.53%    passed     99.96%
7270  KY410179           4.53%    passed     99.86%
7271  KT698010           4.53%    passed     99.93%
7272  SRR36389145        4.54%    passed     99.88%
7273  KY824827           4.53%    passed     99.95%
7274  KY824826           4.54%    passed     99.83%
7275  KY824876           4.53%    passed     99.82%
7276  HG03696            4.54%    passed    100.00%
7277  HG02731            4.53%    passed     99.95%
7278  KY825082           4.53%    passed     99.96%
7279  JQ705198           4.54%    passed     99.98%
7280  AF382011           4.53%    passed     99.97%
7281  KX457626           4.53%    passed     99.85%
7282  HG03619            4.53%    passed     99.96%
7283  OL619800           4.54%    passed     99.88%
7284  MF523064           4.76%    passed     99.73%
7285  MN595706           4.54%    passed     99.75%
7286  JQ704102           4.54%    passed     99.79%
7287  KC911445           4.54%    passed     99.96%
7288  OL619840           4.54%    passed     99.99%
7289  EU140898           4.53%    passed     99.97%
7290  MT554260           5.94%    passed     97.92%
7291  KF148381           4.53%    passed     99.99%
7292  GU122988           4.53%    passed    100.00%
7293  EU545426           4.53%    passed     99.96%
7294  MN687241           4.53%    passed     99.99%
7295  GU296583           4.53%    passed     99.96%
7296  DQ904330           4.53%    passed     99.93%
7297  JQ702913           4.53%    passed     99.99%
7298  HG03699            4.53%    passed     99.98%
7299  MN595822           4.54%    passed    100.00%
7300  KY824828           4.53%    passed     99.95%
7301  KT726017           4.53%    passed     99.92%
7302  KY825027           4.53%    passed     99.98%
7303  HGDP00151          4.53%    passed     99.98%
7304  HGDP00392          4.53%    passed     99.99%
7305  HG04148            4.54%    passed     99.98%
7306  HG03908            4.53%    passed     99.99%
7307  HG04212            4.53%    passed     99.99%
7308  EF452294           4.54%    passed     99.86%
7309  MF523188           4.54%    passed     99.86%
7310  MF523120           4.54%    passed     99.76%
7311  MN687133           4.54%    passed     99.93%
7312  HGDP01156          4.53%    passed     99.99%
7313  JQ702211           4.53%    passed     99.98%
7314  MF522957           4.53%    passed     99.98%
7315  AY882388           4.53%    passed     99.91%
7316  OL619825           4.53%    passed     99.93%
7317  KY408162           4.53%    passed     99.96%
7318  KY408172           4.53%    passed     99.98%
7319  JQ702775           4.53%    passed     99.95%
7320  NA20827            4.53%    passed     99.97%
7321  MN595731           4.53%    passed     99.99%
7322  KC911622           4.53%    passed     99.82%
7323  KC911616           4.53%    passed     99.90%
7324  KY824862           4.54%    passed     99.83%
7325  HGDP00607          4.54%    passed     99.99%
7326  MN687250           4.54%    passed    100.00%
7327  KY824886           4.54%    passed     99.99%
7328  KY824891           4.53%    passed     99.84%
7329  NA20875            4.53%    passed    100.00%
7330  MN595693           4.53%    passed    100.00%
7331  MF523012           4.53%    passed     99.51%
7332  KJ856733           4.54%    passed     99.93%
7333  KU682921           4.54%    passed     99.90%
7334  MF523077           4.53%    passed     99.99%
7335  HM852885           4.53%    passed     99.99%
7336  OM194233           4.53%    passed     99.93%
7337  HGDP00102          4.53%    passed     99.84%
7338  OL619836           4.53%    passed     99.97%
7339  MT554264           4.53%    passed     99.83%
7340  MT554259           4.51%    passed     99.97%
7341  OM194253           4.53%    passed     99.88%
7342  KU682960           4.53%    passed     99.95%
7343  KU683359           4.54%    passed     99.98%
7344  MG646224           4.53%    passed     99.99%
7345  HG00306            4.53%    passed     99.98%
7346  KC911526           4.53%    passed     99.95%
7347  KY825039           4.53%    passed     99.95%
7348  MN595828           4.54%    passed     99.79%
7349  MF523146           4.54%    passed     99.98%
7350  KY825072           4.54%    passed    100.00%
7351  AY882390           4.53%    passed    100.00%
7352  KF056259           4.53%    passed     99.98%
7353  AY714027           4.53%    passed     99.99%
7354  MF523085           4.53%    passed     99.97%
7355  MF523059           4.76%    passed     99.73%
7356  HGDP00315          4.54%    passed     99.75%
7357  KJ856818           4.53%    passed     99.98%
7358  HG01757            4.53%    passed    100.00%
7359  MT554266           4.53%    passed     99.85%
7360  JX152874           4.53%    passed     99.91%
7361  FJ230891           4.53%    passed     99.99%
7362  MG778674           4.53%    passed    100.00%
7363  MN687259           4.53%    passed     99.96%
7364  HGDP00676          4.53%    passed     99.98%
7365  NA12718            4.53%    passed     99.88%
7366  HM765468           4.53%    passed     99.95%
7367  GU296615           4.53%    passed     99.98%
7368  EU007851           4.53%    passed     99.96%
7369  KT698021           4.54%    passed     99.99%
7370  HG00188            4.53%    passed    100.00%
7371  AY714004           4.53%    passed     99.92%
7372  HG02694            4.53%    passed     99.97%
7373  EF556179           4.53%    passed     99.89%
7374  KY825080           4.53%    passed     99.92%
7375  KU683414           4.53%    passed     99.98%
7376  MF523148           4.53%    passed    100.00%
7377  KU683284           4.58%    passed     99.68%
7378  KJ856797           4.76%    passed     99.74%
7379  HGDP01382          4.53%    passed     99.93%
7380  HGDP00309          4.53%    passed     99.96%
7381  KC911400           4.53%    passed     99.97%
7382  JX152785           4.53%    passed    100.00%
7383  KC911503           4.53%    passed     99.95%
7384  HM852836           4.53%    passed     99.92%
7385  NA07045            4.53%    passed     99.97%
7386  MF522858           4.53%    passed     99.93%
7387  OL619905           4.53%    passed     99.99%
7388  GU296654           4.53%    passed    100.00%
7389  FJ887848           4.53%    passed     99.98%
7390  KY824912           4.53%    passed     99.92%
7391  KY824882           4.53%    passed     99.97%
7392  KC911392           4.53%    passed     99.90%
7393  HG02648            4.53%    passed     99.97%
7394  HG02495            4.53%    passed     99.92%
7395  HGDP00241          4.53%    passed     99.94%
7396  KF418766           4.53%    passed     99.94%
7397  KC911553           4.54%    passed     99.94%
7398  KY825032           4.53%    passed     99.98%
7399  HM156690           4.53%    passed     99.96%
7400  HG04200            4.53%    passed     99.99%
7401  NA20887            4.53%    passed    100.00%
7402  KC911315           4.53%    passed     99.89%
7403  KJ856712           4.54%    passed     99.90%
7404  KU683533           4.54%    passed     99.87%
7405  KJ856721           4.54%    passed     99.92%
7406  OL619916           4.53%    passed    100.00%
7407  KC911382           4.53%    passed    100.00%
7408  JQ704052           4.54%    passed     99.99%
7409  HGDP01247          4.53%    passed     99.99%
7410  OL619865           4.53%    passed     99.98%
7411  HG01707            4.53%    passed     99.97%
7412  OL619898           4.53%    passed     99.99%
7413  OL619871           4.53%    passed     99.93%
7414  NA06984            4.53%    passed     99.96%
7415  HM852782           4.53%    passed     99.97%
7416  GU797137           4.53%    passed     99.96%
7417  HG00379            4.54%    passed     99.99%
7418  KY824897           4.54%    passed     99.96%
7419  KU683120           4.54%    passed     99.90%
7420  MT554271           4.53%    passed     99.96%
7421  HG04199            4.54%    passed     99.98%
7422  HG03700            4.54%    passed     99.83%
7423  HG03701            4.54%    passed     99.77%
7424  KU683282           4.54%    passed     99.84%
7425  MF522922           4.54%    passed     99.86%
7426  JQ702389           4.54%    passed     99.76%
7427  MF523149           4.54%    passed     99.93%
7428  HG00109            4.53%    passed     99.98%
7429  KC911285           4.53%    passed     99.99%
7430  KJ856783           4.53%    passed     99.95%
7431  HM852852           4.53%    passed     99.98%
7432  KY409716           4.53%    passed     99.95%
7433  JQ705737           4.54%    passed     99.99%
7434  NA20805            4.53%    passed    100.00%
7435  MF522891           4.53%    passed     99.94%
7436  NA12813            4.53%    passed     99.97%
7437  KY824823           4.53%    passed     99.94%
7438  KU683214           4.54%    passed     99.90%
7439  FJ858878           4.53%    passed     99.94%
7440  MN595783           4.53%    passed     99.99%
7441  KY824900           4.53%    passed    100.00%
7442  KY824890           4.54%    passed     99.92%
7443  KY409379           4.53%    passed     99.98%
7444  KY825079           4.53%    passed     99.92%
7445  AY714020           4.53%    passed     99.99%
7446  FJ348193           4.54%    passed     99.90%
7447  MN595842           4.53%    passed     99.94%
7448  KU683517           4.53%    passed     99.98%
7449  KU683326           4.53%    passed    100.00%
7450  HG04159            4.53%    passed     99.95%
7451  KY346826           4.53%    passed     99.99%
7452  KJ856684           4.53%    passed     99.99%
7453  KY409644           4.53%    passed    100.00%
7454  MF523152           4.54%    passed     99.98%
7455  HGDP00239          4.53%    passed     99.98%
7456  MN595688           4.53%    passed    100.00%
7457  KF162984           4.53%    passed     99.98%
7458  KY825081           4.54%    passed     99.98%
7459  HG04038            4.53%    passed     99.99%
7460  MN595883           4.54%    passed    100.00%
7461  HG02603            4.53%    passed    100.00%
7462  HM036565           4.54%    passed     99.97%
7463  KU682883           4.54%    passed     99.83%
7464  KT698019           4.63%    passed     99.89%
7465  HG01706            4.53%    passed     99.97%
7466  GU296570           4.53%    passed     99.96%
7467  HG03681            4.53%    passed     99.95%
7468  HG04134            4.53%    passed     99.99%
7469  KC911508           4.54%    passed     99.95%
7470  KY824887           4.53%    passed     99.92%
7471  AY495118           4.53%    passed    100.00%
7472  KU683324           4.53%    passed    100.00%
7473  AY495109           4.53%    passed    100.00%
7474  KU683456           4.53%    passed    100.00%
7475  MF522958           4.53%    passed    100.00%
7476  JX152988           4.54%    passed    100.00%
7477  JX153232           4.54%    passed    100.00%
7478  AY495325           4.53%    passed    100.00%
7479  MG646210           4.53%    passed    100.00%
7480  GU123004           4.53%    passed    100.00%
7481  JQ702498           4.53%    passed    100.00%
7482  MG646153           4.53%    passed    100.00%
7483  MG646252           4.53%    passed    100.00%
7484  GU123024           4.53%    passed    100.00%
7485  MN687125           4.53%    passed    100.00%
7486  MF948178           4.53%    passed    100.00%
7487  NA20503            4.53%    passed     99.81%
7488  MN595817           4.53%    passed     99.87%
7489  KU683213           4.53%    passed     99.99%
7490  KY408408           4.53%    passed     99.91%
7491  KX457100           4.53%    passed    100.00%
7492  HG04157            4.53%    passed     99.99%
7493  HGDP00197          4.53%    passed     99.96%
7494  MN687179           4.53%    passed     99.99%
7495  KF146273           4.53%    passed    100.00%
7496  HGDP00185          4.53%    passed    100.00%
7497  KU683433           4.54%    passed     99.95%
7498  MF523200           4.53%    passed     99.90%
7499  HGDP00417          4.53%    passed     99.81%
7500  AY339461           4.53%    passed     99.96%
7501  KY408637           4.53%    passed     99.89%
7502  HG04239            4.53%    passed    100.00%
7503  KU683453           4.54%    passed     99.95%
7504  GU122989           4.53%    passed     99.99%
7505  NA12336            4.53%    passed     99.99%
7506  KF146279           4.53%    passed     99.98%
7507  KF162985           4.53%    passed     99.99%
7508  PV621687           4.53%    passed     99.98%
7509  JQ702793           4.53%    passed     99.98%
7510  KX457099           4.53%    passed    100.00%
7511  HGDP00372          4.53%    passed     99.95%
7512  HG02735            4.54%    passed     99.99%
7513  HG04156            4.53%    passed     99.97%
7514  HM352797           4.53%    passed     99.94%
7515  JQ702358           4.54%    passed     99.95%
7516  JQ702332           4.53%    passed     99.97%
7517  AY714043           4.54%    passed     99.99%
7518  GU147938           4.53%    passed     99.92%
7519  OL619938           4.53%    passed     99.93%
7520  HG03815            4.53%    passed     99.99%
7521  KC911592           4.54%    passed    100.00%
7522  MT554258           4.67%    passed     99.99%
7523  MN687271           4.53%    passed    100.00%
7524  MG272733           4.53%    passed     99.99%
7525  KC911537           4.54%    passed     99.99%
7526  KY408548           4.53%    passed     99.92%
7527  KY410149           4.53%    passed     99.92%
7528  KF163026           4.53%    passed     99.99%
7529  MN595709           4.54%    passed    100.00%
7530  MF523169           4.53%    passed     99.87%
7531  MF523198           4.53%    passed     99.90%
7532  KX457125           4.53%    passed    100.00%
7533  KU683005           4.54%    passed     99.97%
7534  KC911370           4.53%    passed     99.98%
7535  NA20858            4.53%    passed     99.87%
7536  KU683386           4.53%    passed     99.99%
7537  JQ245760           4.53%    passed     99.97%
7538  KF146281           4.53%    passed     99.99%
7539  KC911547           4.53%    passed     99.98%
7540  MF523210           4.53%    passed     99.91%
7541  KF146268           4.53%    passed     99.99%
7542  MN595764           4.54%    passed    100.00%
7543  KY409230           4.53%    passed     99.99%
7544  KY409553           4.53%    passed     99.99%
7545  MN687261           4.53%    passed    100.00%
7546  KY409955           4.53%    passed     99.94%
7547  MT554257           4.53%    passed     99.91%
7548  KC911523           4.53%    passed    100.00%
7549  JQ702147           4.53%    passed     99.97%
7550  HGDP00191          4.53%    passed     99.93%
7551  MG646187           4.63%    passed     99.95%
7552  JQ705839           4.53%    passed     99.99%
7553  JQ705487           4.53%    passed     99.97%
7554  MF523212           4.53%    passed     99.91%
7555  JQ245768           4.54%    passed     99.99%
7556  HGDP00228          4.53%    passed    100.00%
7557  KC911341           4.53%    passed     99.99%
7558  KU683443           4.53%    passed     99.99%
7559  HGDP00161          4.53%    passed     99.99%
7560  OL619847           4.53%    passed     99.92%
7561  MN687163           4.53%    passed    100.00%
7562  AY714039           4.53%    passed    100.00%
7563  HG03228            4.53%    passed     99.97%
7564  NA12775            4.53%    passed     99.99%
7565  PV621837           4.53%    passed     99.98%
7566  HG03786            4.53%    passed     99.94%
7567  MN687286           4.53%    passed     99.99%
7568  KC911518           4.53%    passed    100.00%
7569  HG02734            4.54%    passed     99.97%
7570  MG646237           4.53%    passed    100.00%
7571  JQ702450           4.53%    passed    100.00%
7572  OL619924           4.53%    passed    100.00%
7573  JX152933           4.53%    passed     99.98%
7574  MN595684           4.53%    passed     99.92%
7575  KF056262           4.53%    passed     99.93%
7576  FJ472633           4.53%    passed     99.98%
7577  GU123002           4.53%    passed     99.85%
7578  OM194252           4.53%    passed     99.99%
7579  MN687263           4.53%    passed     99.99%
7580  HGDP00886          4.53%    passed     99.84%
7581  HG04026            4.53%    passed     99.98%
7582  MT554256           4.53%    passed     99.87%
7583  AF382003           4.53%    passed     99.99%
7584  HG03778            4.53%    passed     99.99%
7585  HG03785            4.53%    passed     99.95%
7586  HGDP00258          4.53%    passed    100.00%
7587  GU002155           4.53%    passed     99.99%
7588  KC911419           4.53%    passed     99.98%
7589  JF286634           4.53%    passed     99.94%
7590  OM194248           4.53%    passed     99.92%
7591  KC911561           4.53%    passed     99.97%
7592  KU683350           4.54%    passed     99.95%
7593  NA12343            4.53%    passed     99.99%
7594  FJ461348           4.53%    passed     99.95%
7595  KT587614           4.53%    passed     99.99%
7596  KM986576           4.53%    passed     99.99%
7597  HQ844617           4.53%    passed     99.95%
7598  JQ245759           4.53%    passed     99.96%
7599  JQ705036           4.53%    passed     99.99%
7600  KC911433           4.53%    passed    100.00%
7601  KU683233           4.53%    passed     99.99%
7602  KY409327           4.53%    passed    100.00%
7603  MF523048           4.53%    passed     99.89%
7604  JQ245743           4.53%    passed     99.98%
7605  HGDP00243          4.53%    passed     99.97%
7606  KF146285           4.53%    passed     99.99%
7607  KY409314           4.53%    passed    100.00%
7608  NA20851            4.53%    passed    100.00%
7609  KC911449           4.53%    passed    100.00%
7610  KF162927           4.53%    passed     99.98%
7611  MF522974           4.53%    passed     99.96%
7612  HQ423397           4.53%    passed     99.99%
7613  KF146287           4.53%    passed     99.96%
7614  MT554255           4.53%    passed     99.86%
7615  MN687225           4.54%    passed     99.99%
7616  KC911604           4.53%    passed    100.00%
7617  NA20510            4.53%    passed    100.00%
7618  MN687227           4.53%    passed     99.99%
7619  JQ245739           4.54%    passed     99.99%
7620  KU683473           4.53%    passed    100.00%
7621  OM194307           4.53%    passed     99.99%
7622  HGDP00741          4.53%    passed    100.00%
7623  NA20886            4.53%    passed     99.99%
7624  KC911291           4.53%    passed     99.99%
7625  HM852799           4.54%    passed     99.99%
7626  HGDP00634          4.53%    passed     99.99%
7627  EU600323           4.53%    passed     99.99%
7628  JQ245765           4.53%    passed     99.99%
7629  HGDP00143          4.53%    passed     99.99%
7630  MF522959           4.53%    passed    100.00%
7631  HG02733            4.53%    passed    100.00%
7632  HQ456226           4.53%    passed    100.00%
7633  KC911385           4.54%    passed    100.00%
7634  KC911441           4.53%    passed     99.99%
7635  EU600324           4.53%    passed     99.99%
7636  MN687220           4.54%    passed    100.00%
7637  HM852902           4.53%    passed    100.00%
7638  MF523150           4.53%    passed     99.98%
7639  MN687247           4.54%    passed    100.00%
7640  MT554272           5.58%    passed     99.66%
7641  JQ245745           4.53%    passed     99.97%
7642  JQ245732           4.53%    passed     99.99%
7643  KC257312           4.53%    passed    100.00%
7644  MN687195           4.54%    passed     99.99%
7645  MT554227           5.92%    passed     97.86%
7646  MT554273           5.58%    passed     99.65%
7647  HQ529295           4.54%    passed    100.00%
7648  EU600328           4.53%    passed     99.99%
7649  MN687174           4.53%    passed     99.99%
7650  HGDP00433          4.53%    passed     99.99%
7651  GQ200588           4.53%    passed     99.96%
7652  KY409770           4.53%    passed     99.99%
7653  MN687219           4.54%    passed    100.00%
7654  EF177437           4.53%    passed    100.00%
7655  OL619896           4.53%    passed     99.98%
7656  OL619859           4.53%    passed     99.98%
7657  JQ704985           4.53%    passed     99.99%
7658  MF523125           4.53%    passed     99.98%
7659  MF523083           4.53%    passed    100.00%
7660  JQ245730           4.53%    passed    100.00%
7661  KC911478           4.53%    passed     99.99%
7662  HGDP00423          4.53%    passed     99.98%
7663  PX367024           4.53%    passed    100.00%
7664  MG660752           4.53%    passed    100.00%
7665  MG660771           4.53%    passed     99.99%
7666  MG660759           4.53%    passed    100.00%
7667  MG660795           4.53%    passed    100.00%
7668  KF148508           4.53%    passed    100.00%
7669  MG660779           4.53%    passed     99.99%
7670  MG660798           4.53%    passed    100.00%
7671  MG660758           4.53%    passed    100.00%
7672  KU521489           4.53%    passed     99.95%
7673  KU683398           4.53%    passed    100.00%
7674  MG660784           4.53%    passed    100.00%
7675  MG660790           4.53%    passed    100.00%
7676  KF148354           4.53%    passed     99.99%
7677  MG778673           4.53%    passed    100.00%
7678  KU683154           4.53%    passed    100.00%
7679  JF824992           4.54%    passed    100.00%
7680  MG660760           4.53%    passed    100.00%
7681  MG660789           4.53%    passed    100.00%
7682  MG660777           4.53%    passed    100.00%
7683  KF148345           4.53%    passed     99.99%
7684  MG778663           4.53%    passed    100.00%
7685  MG660794           4.53%    passed    100.00%
7686  MG660797           4.53%    passed    100.00%
7687  KF148371           4.53%    passed    100.00%
7688  KF148346           4.53%    passed    100.00%
7689  KU521483           4.53%    passed     99.99%
7690  KF148373           4.53%    passed    100.00%
7691  KF148352           4.53%    passed     99.99%
7692  MG660774           4.53%    passed    100.00%
7693  MG660782           4.53%    passed    100.00%
7694  KF148365           4.53%    passed    100.00%
7695  GU123044           4.54%    passed    100.00%
7696  KF540727           4.54%    passed    100.00%
7697  MG660767           4.53%    passed    100.00%
7698  KF148372           4.53%    passed     99.99%
7699  EU007855           4.53%    passed    100.00%
7700  AP008534           4.54%    passed     99.99%
7701  KF148348           4.53%    passed    100.00%
7702  KF148525           4.53%    passed     99.99%
7703  KU521491           4.53%    passed     99.95%
7704  KF148370           4.53%    passed    100.00%
7705  MG660781           4.53%    passed     99.99%
7706  HM596675           4.53%    passed     99.97%
7707  MG660800           4.53%    passed    100.00%
7708  KF148337           4.53%    passed     99.99%
7709  HGDP01233          4.53%    passed    100.00%
7710  GQ119013           4.53%    passed     99.97%
7711  GU733787           4.53%    passed     99.97%
7712  MG660757           4.53%    passed    100.00%
7713  KU521487           4.53%    passed     99.92%
7714  HGDP01305          4.53%    passed    100.00%
7715  HGDP01024          4.53%    passed    100.00%
7716  HGDP01214          4.53%    passed    100.00%
7717  KF148347           4.53%    passed    100.00%
7718  MG660754           4.53%    passed     99.99%
7719  KF148108           4.53%    passed    100.00%
7720  EF153812           4.53%    passed    100.00%
7721  GU733733           4.53%    passed     99.93%
7722  KU521486           4.53%    passed     99.95%
7723  KF148362           4.53%    passed    100.00%
7724  HG02026            4.54%    passed    100.00%
7725  KF540577           4.53%    passed     99.98%
7726  KU521485           4.53%    passed     99.99%
7727  AP008764           4.53%    passed    100.00%
7728  KT726015           4.53%    passed    100.00%
7729  KF148129           4.53%    passed    100.00%
7730  MG778672           4.53%    passed    100.00%
7731  MH807363           4.53%    passed     99.99%
7732  MT419312           4.54%    passed    100.00%
7733  KU521492           4.53%    passed     99.94%
7734  KU683023           4.53%    passed    100.00%
7735  MG660776           4.53%    passed    100.00%
7736  AP008723           4.53%    passed    100.00%
7737  KU521484           4.53%    passed     99.99%
7738  GU733823           4.53%    passed     99.97%
7739  EF153813           4.53%    passed    100.00%
7740  MG660787           4.53%    passed    100.00%
7741  KF148113           4.53%    passed    100.00%
7742  KF540560           4.53%    passed     99.98%
7743  KU683542           4.53%    passed    100.00%
7744  NA18974            4.53%    passed    100.00%
7745  EU007892           4.53%    passed    100.00%
7746  KF148340           4.53%    passed     99.99%
7747  HGDP01237          4.53%    passed    100.00%
7748  KF148335           4.53%    passed     99.99%
7749  KF148513           4.53%    passed     99.98%
7750  KF540941           4.53%    passed     99.99%
7751  GU733768           4.53%    passed     99.97%
7752  KU521490           4.53%    passed     99.95%
7753  EF153798           4.53%    passed    100.00%
7754  KX457213           4.54%    passed    100.00%
7755  FJ383646           4.54%    passed     99.99%
7756  JF824889           4.54%    passed     99.98%
7757  FJ383642           4.54%    passed     99.99%
7758  PX366916           4.54%    passed     99.99%
7759  FJ383601           4.54%    passed    100.00%
7760  HGDP01334          4.53%    passed     99.99%
7761  KT725889           4.54%    passed    100.00%
7762  HGDP01245          4.53%    passed     99.90%
7763  KX456495           4.54%    passed     99.98%
7764  KF148199           4.54%    passed    100.00%
7765  KT725948           4.54%    passed    100.00%
7766  MK217935           4.53%    passed    100.00%
7767  HG00614            4.54%    passed     99.98%
7768  KC985156           4.54%    passed    100.00%
7769  PV695760           4.54%    passed     99.98%
7770  FJ748751           4.54%    passed    100.00%
7771  KT725932           4.54%    passed    100.00%
7772  KU683457           4.54%    passed    100.00%
7773  KX457192           4.54%    passed     99.93%
7774  OM194333           4.53%    passed     99.94%
7775  KT725876           4.54%    passed    100.00%
7776  KU682963           4.54%    passed     99.95%
7777  KU683221           4.54%    passed    100.00%
7778  KX456893           4.54%    passed     99.99%
7779  KT587386           4.54%    passed    100.00%
7780  HG00477            4.53%    passed     99.96%
7781  PX366848           4.54%    passed    100.00%
7782  KT725916          15.46%    passed     36.99%
7783  KU683507           4.54%    passed    100.00%
7784  KU683537           4.54%    passed    100.00%
7785  KF148270           4.54%    passed     99.99%
7786  KT587378           4.54%    passed    100.00%
7787  AP008841           4.54%    passed    100.00%
7788  PX366981           4.54%    passed    100.00%
7789  KT725949           4.54%    passed     99.99%
7790  MH449093           4.54%    passed     99.99%
7791  FJ383629           4.54%    passed    100.00%
7792  HGDP00765          4.53%    passed     99.99%
7793  FJ383626           4.54%    passed    100.00%
7794  KT725888           4.54%    passed    100.00%
7795  HGDP01230          4.53%    passed    100.00%
7796  OM194277           4.53%    passed    100.00%
7797  KU682882           4.54%    passed     99.92%
7798  FJ383645           4.54%    passed     99.99%
7799  NA19084            4.53%    passed    100.00%
7800  KU683535           4.54%    passed    100.00%
7801  AP011007           4.54%    passed     99.97%
7802  MF522856           4.54%    passed    100.00%
7803  FJ147318           4.54%    passed    100.00%
7804  PX366983           4.54%    passed    100.00%
7805  MT419138           4.54%    passed     99.99%
7806  KX457438           4.54%    passed     99.99%
7807  KT726042           4.54%    passed    100.00%
7808  PV695943           4.54%    passed    100.00%
7809  HG00476            4.53%    passed     99.99%
7810  KX457031           4.54%    passed     99.89%
7811  NA18942            4.53%    passed     99.88%
7812  HGDP00120          4.53%    passed     99.92%
7813  PV695734           4.54%    passed     99.98%
7814  KU683041           4.54%    passed     99.97%
7815  MT419146           4.54%    passed     99.99%
7816  FJ383644           4.54%    passed    100.00%
7817  NA19072            4.53%    passed    100.00%
7818  NA18622            4.53%    passed    100.00%
7819  OM194278           4.54%    passed     99.82%
7820  AP008426           4.54%    passed     99.97%
7821  PX366961           4.54%    passed    100.00%
7822  PX366821           4.54%    passed     99.98%
7823  KU683241           4.54%    passed     99.98%
7824  KU683342           4.54%    passed     99.95%
7825  FJ383621           4.54%    passed    100.00%
7826  FJ383625           4.54%    passed    100.00%
7827  GU392051           4.54%    passed     99.97%
7828  FJ748710           4.54%    passed     99.93%
7829  MK217945           4.53%    passed    100.00%
7830  PX366923           4.54%    passed     99.99%
7831  KT725905           4.54%    passed    100.00%
7832  KF540732           4.53%    passed    100.00%
7833  KC733271           4.56%    passed    100.00%
7834  PX366968           4.54%    passed     99.98%
7835  KU683352           4.54%    passed     99.83%
7836  PP654496           4.54%    passed    100.00%
7837  JF824858           4.54%    passed    100.00%
7838  NA19005            4.53%    passed     99.98%
7839  HG00436            4.53%    passed     99.95%
7840  AP008553           4.54%    passed     99.98%
7841  AP013181           4.55%    passed     99.89%
7842  FJ493513           4.54%    passed    100.00%
7843  HG00615            4.53%    passed     99.97%
7844  PV695762           4.54%    passed    100.00%
7845  PX366972           4.54%    passed    100.00%
7846  EF556173           4.54%    passed     99.95%
7847  DQ305012           4.54%    passed     99.98%
7848  AF346992           4.55%    passed     99.93%
7849  MF058166           4.55%    passed     99.93%
7850  MF058414           4.55%    passed     99.93%
7851  EU935434           4.54%    passed     99.66%
7852  RSRS               4.53%    passed     99.99%
****  TOTAL              4.56%  3 sequences failed composition chi2 test (p-value<5%; df=3)
NOTE: MH449268 is identical to MH449275 but kept for subsequent analysis
NOTE: KF056315 is identical to KT213788 but kept for subsequent analysis
NOTE: KT726080 is identical to KT726099 but kept for subsequent analysis
NOTE: KT213771 is identical to KT213750 but kept for subsequent analysis
NOTE: KU683179 is identical to KU683411 but kept for subsequent analysis
NOTE: KF056306 is identical to KF056305 but kept for subsequent analysis
NOTE: KU682924 is identical to KU682910 but kept for subsequent analysis
NOTE: MH449339 is identical to MH449351 but kept for subsequent analysis
NOTE: KT726122 is identical to KT726123 but kept for subsequent analysis
NOTE: KF056298 is identical to KF056299 but kept for subsequent analysis
NOTE: HG00553 is identical to HG00732 but kept for subsequent analysis
NOTE: KU683413 is identical to KU683121 but kept for subsequent analysis
NOTE: MH448948 is identical to MT419080 but kept for subsequent analysis
NOTE: KX457049 is identical to KX457045 but kept for subsequent analysis
NOTE: KF056302 is identical to KF056303 but kept for subsequent analysis
NOTE: MH449379 is identical to MH449393 but kept for subsequent analysis
NOTE: KU683180 is identical to KU683393 but kept for subsequent analysis
NOTE: KT726134 is identical to KT726133 but kept for subsequent analysis
NOTE: KU683587 is identical to KU683494 but kept for subsequent analysis
NOTE: EF153795 is identical to EF153787 but kept for subsequent analysis
NOTE: PV695849 is identical to MH449372 but kept for subsequent analysis
NOTE: KF148211 is identical to EF397559 but kept for subsequent analysis
NOTE: KT726039 is identical to KT726020 but kept for subsequent analysis
NOTE: KX457050 is identical to KX457054 but kept for subsequent analysis
NOTE: KX456670 is identical to GU392075 but kept for subsequent analysis
NOTE: FJ748718 is identical to EU597494 but kept for subsequent analysis
NOTE: KF056304 is identical to KF056310 but kept for subsequent analysis
NOTE: KT726075 is identical to KT726061 but kept for subsequent analysis
NOTE: KU683536 is identical to KU683572 but kept for subsequent analysis
NOTE: MH449094 is identical to MH449088 but kept for subsequent analysis
NOTE: KF148200 is identical to KF148169 but kept for subsequent analysis
NOTE: MF523016 is identical to MF522991 but kept for subsequent analysis
NOTE: MT419132 is identical to MT419145 but kept for subsequent analysis
NOTE: MH448972 is identical to MH449002 but kept for subsequent analysis
NOTE: MH449185 is identical to MH449207 but kept for subsequent analysis
NOTE: KX457642 is identical to KX456582 but kept for subsequent analysis
NOTE: KX457228 is identical to KX457220 but kept for subsequent analysis
NOTE: KX456772 is identical to KX456773 but kept for subsequent analysis
NOTE: MH449065 is identical to MH449047 but kept for subsequent analysis
NOTE: AP008603 is identical to SCsq0019 but kept for subsequent analysis
NOTE: MT419043 is identical to MT419084 but kept for subsequent analysis
NOTE: KX457517 is identical to KX457514 but kept for subsequent analysis
NOTE: KF541023 is identical to KF540627 but kept for subsequent analysis
NOTE: PP654724 is identical to PP654730 but kept for subsequent analysis
NOTE: MH449019 is identical to MH449323 but kept for subsequent analysis
NOTE: KX457384 is identical to KX457399 but kept for subsequent analysis
NOTE: MF522911 is identical to MF522936 but kept for subsequent analysis
NOTE: KX457508 is identical to KX457522 but kept for subsequent analysis
NOTE: KX456829 is identical to KX456838 but kept for subsequent analysis
NOTE: KF148546 is identical to KF148463 but kept for subsequent analysis
NOTE: KU683273 is identical to KU683101 but kept for subsequent analysis
NOTE: PP654836 is identical to PP654841 but kept for subsequent analysis
NOTE: KX456844 is identical to KX456648 but kept for subsequent analysis
NOTE: MG273034 is identical to KX457246 but kept for subsequent analysis
NOTE: KX457462 is identical to KX457469 but kept for subsequent analysis
NOTE: MT419059 is identical to MT419071 but kept for subsequent analysis
NOTE: MH449226 is identical to MH449232 but kept for subsequent analysis
NOTE: MH448966 is identical to MH449044 but kept for subsequent analysis
NOTE: PP654696 is identical to PP654681 but kept for subsequent analysis
NOTE: KX456997 is identical to KX457002 but kept for subsequent analysis
NOTE: PX366966 is identical to PV695905 but kept for subsequent analysis
NOTE: KX456660 is identical to KX456665 but kept for subsequent analysis
NOTE: MG273022 is identical to HG00879 but kept for subsequent analysis
NOTE: KX456696 is identical to MH449470 but kept for subsequent analysis
NOTE: KX456512 is identical to KX456510 but kept for subsequent analysis
NOTE: KX457644 is identical to KX457329 but kept for subsequent analysis
NOTE: KT587392 is identical to KT587398 but kept for subsequent analysis
NOTE: MH449220 is identical to MH449219 but kept for subsequent analysis
NOTE: PV067323 is identical to PV067309 but kept for subsequent analysis
NOTE: KT587439 is identical to KT587607 but kept for subsequent analysis
NOTE: MT418968 is identical to MT418962 but kept for subsequent analysis
NOTE: MF522918 is identical to JN857031 but kept for subsequent analysis
NOTE: MT419254 is identical to MT419264 but kept for subsequent analysis
NOTE: KF540628 is identical to KF540617 but kept for subsequent analysis
NOTE: KX457321 is identical to KX457310 but kept for subsequent analysis
NOTE: KX456508 is identical to MH449491 but kept for subsequent analysis
NOTE: KF540534 is identical to KF540554 but kept for subsequent analysis
NOTE: KT587588 is identical to MH449317 but kept for subsequent analysis
NOTE: MH449161 is identical to MH449162 but kept for subsequent analysis
NOTE: GU733744 is identical to GU733750 but kept for subsequent analysis
NOTE: HGDP01352 is identical to HG00982 but kept for subsequent analysis
NOTE: JQ731598 is identical to MH448978 but kept for subsequent analysis
NOTE: PP654492 is identical to PP654481 but kept for subsequent analysis
NOTE: MH449181 is identical to MH449160 but kept for subsequent analysis
NOTE: MH449184 is identical to MH449159 but kept for subsequent analysis
NOTE: MH449352 is identical to MH449329 but kept for subsequent analysis
NOTE: AP008848 is identical to SCsq0080 but kept for subsequent analysis
NOTE: HG00597 is identical to HG00596 but kept for subsequent analysis
NOTE: KX456920 is identical to KX456897 but kept for subsequent analysis
NOTE: MH449485 is identical to MH449483 but kept for subsequent analysis
NOTE: MH448975 is identical to MH449053 but kept for subsequent analysis
NOTE: KF540756 is identical to KF540761 but kept for subsequent analysis
NOTE: KT587471 is identical to KT587461 but kept for subsequent analysis
NOTE: KX457418 is identical to KX457407 but kept for subsequent analysis
NOTE: MT419011 is identical to MT419004 but kept for subsequent analysis
NOTE: PP654494 is identical to PP654699 but kept for subsequent analysis
NOTE: KF540988 is identical to KF540985 but kept for subsequent analysis
NOTE: KX457261 is identical to KX457598 but kept for subsequent analysis
NOTE: PP654660 is identical to PP654664 but kept for subsequent analysis
NOTE: MT418980 is identical to MT419066 but kept for subsequent analysis
NOTE: MH449197 is identical to MH449196 but kept for subsequent analysis
NOTE: PV695674 is identical to PV695661 but kept for subsequent analysis
NOTE: KT587637 is identical to KT587634 but kept for subsequent analysis
NOTE: MH449058 is identical to MH449036 but kept for subsequent analysis
NOTE: KU683209 is identical to KU682965 but kept for subsequent analysis
NOTE: KX456741 is identical to KX456751 but kept for subsequent analysis
NOTE: MT419088 is identical to MT419086 but kept for subsequent analysis
NOTE: KX456965 is identical to KX457161 but kept for subsequent analysis
NOTE: KX456801 is identical to KT587611 but kept for subsequent analysis
NOTE: PP654709 is identical to PP654728 but kept for subsequent analysis
NOTE: HG00690 is identical to HG00691 but kept for subsequent analysis
NOTE: KX457660 is identical to KX457405 but kept for subsequent analysis
NOTE: SCsq0029 is identical to AP008546 but kept for subsequent analysis
NOTE: KF148115 is identical to KF148111 but kept for subsequent analysis
NOTE: KU682930 is identical to KU683445 but kept for subsequent analysis
NOTE: KF148494 is identical to KF148492 but kept for subsequent analysis
NOTE: KF148103 is identical to MF522868 but kept for subsequent analysis
NOTE: KF148420 is identical to KF148260 but kept for subsequent analysis
NOTE: HG01248 is identical to HG01100 but kept for subsequent analysis
NOTE: MH449082 is identical to MH449068 but kept for subsequent analysis
NOTE: HG02256 is identical to HG02257 but kept for subsequent analysis
NOTE: KF148159 is identical to KF148303 but kept for subsequent analysis
NOTE: KU683526 is identical to KU683346 but kept for subsequent analysis
NOTE: FJ951475 is identical to KU683367 but kept for subsequent analysis
NOTE: KT213817 is identical to KT213748 but kept for subsequent analysis
NOTE: MG660680 is identical to MG660678 but kept for subsequent analysis
NOTE: KU682978 is identical to KU682975 but kept for subsequent analysis
NOTE: MG660739 is identical to MG660734 but kept for subsequent analysis
NOTE: KU683056 is identical to KU682956 but kept for subsequent analysis
NOTE: MF523007 is identical to MF523008 but kept for subsequent analysis
NOTE: EU482361 is identical to KF148406 but kept for subsequent analysis
NOTE: KX457153 is identical to KX457133 but kept for subsequent analysis
NOTE: KF056250 is identical to KF056249 but kept for subsequent analysis
NOTE: MF522893 is identical to MF522842 but kept for subsequent analysis
NOTE: MF522956 is identical to MF522954 but kept for subsequent analysis
NOTE: MH449051 is identical to MH449061 but kept for subsequent analysis
NOTE: MH449000 is identical to MH449017 but kept for subsequent analysis
NOTE: MG660645 is identical to MG660729 but kept for subsequent analysis
NOTE: MG660674 is identical to MG660697 but kept for subsequent analysis
NOTE: KU683003 is identical to KU683549 but kept for subsequent analysis
NOTE: KF148269 is identical to KF148412 but kept for subsequent analysis
NOTE: MT419267 is identical to MT419258 but kept for subsequent analysis
NOTE: MT419046 is identical to MT419034 but kept for subsequent analysis
NOTE: KU682979 is identical to KU683019 but kept for subsequent analysis
NOTE: KU683291 is identical to KU683387 but kept for subsequent analysis
NOTE: KU683538 is identical to KU683307 but kept for subsequent analysis
NOTE: PP654690 is identical to PP654528 but kept for subsequent analysis
NOTE: FJ951561 is identical to KF148271 but kept for subsequent analysis
NOTE: KT213759 is identical to KT213805 but kept for subsequent analysis
NOTE: MG660726 is identical to MG660724 but kept for subsequent analysis
NOTE: KX456877 is identical to KX456892 but kept for subsequent analysis
NOTE: MG660673 is identical to MG660692 but kept for subsequent analysis
NOTE: KF148501 is identical to KF148218 but kept for subsequent analysis
NOTE: KF056244 is identical to KF056243 but kept for subsequent analysis
NOTE: KF148445 is identical to KF148100 but kept for subsequent analysis
NOTE: MF523205 is identical to MF523139 but kept for subsequent analysis
NOTE: MG660612 is identical to MG660707 but kept for subsequent analysis
NOTE: MG660637 is identical to MG660635 but kept for subsequent analysis
NOTE: KU683567 is identical to KU683160 but kept for subsequent analysis
NOTE: MG272802 is identical to MG272805 but kept for subsequent analysis
NOTE: KF148239 is identical to MF522888 but kept for subsequent analysis
NOTE: KT213796 is identical to KT213798 but kept for subsequent analysis
NOTE: MG660718 is identical to MG660676 but kept for subsequent analysis
NOTE: FJ951440 is identical to KF148224 but kept for subsequent analysis
NOTE: FJ951563 is identical to KU683251 but kept for subsequent analysis
NOTE: KU683370 is identical to KU683104 but kept for subsequent analysis
NOTE: MH449361 is identical to MH449354 but kept for subsequent analysis
NOTE: KX456470 is identical to KX456465 but kept for subsequent analysis
NOTE: KF148424 is identical to KF148585 but kept for subsequent analysis
NOTE: MG273068 is identical to MG273069 but kept for subsequent analysis
NOTE: KU683315 is identical to KU683281 but kept for subsequent analysis
NOTE: KX456484 is identical to KX456466 but kept for subsequent analysis
NOTE: KX456539 is identical to KX456452 but kept for subsequent analysis
NOTE: FJ951539 is identical to FJ951577 but kept for subsequent analysis
NOTE: MG660616 is identical to MG660636 but kept for subsequent analysis
NOTE: KF148557 is identical to KF148308 but kept for subsequent analysis
NOTE: MG660733 is identical to MG660725 but kept for subsequent analysis
NOTE: MG272738 is identical to MG272747 but kept for subsequent analysis
NOTE: KF148122 is identical to KF148123 but kept for subsequent analysis
NOTE: MH448955 is identical to MH448954 but kept for subsequent analysis
NOTE: KU683096 is identical to KU683564 but kept for subsequent analysis
NOTE: MH449377 is identical to PV695933 but kept for subsequent analysis
NOTE: MG660763 is identical to FJ858882 but kept for subsequent analysis
NOTE: KU683403 is identical to KU683217 but kept for subsequent analysis
NOTE: FJ951490 is identical to FJ951511 but kept for subsequent analysis
NOTE: KU683465 is identical to KU683478 but kept for subsequent analysis
NOTE: KX456568 is identical to KX456548 but kept for subsequent analysis
NOTE: KF148268 is identical to KF148086 but kept for subsequent analysis
NOTE: MH449398 is identical to MH449400 but kept for subsequent analysis
NOTE: HGDP00969 is identical to EU482325 but kept for subsequent analysis
NOTE: KF148431 is identical to KF148393 but kept for subsequent analysis
NOTE: KT725935 is identical to GWHBEGD01000001 but kept for subsequent analysis
NOTE: KF148452 is identical to KF148068 but kept for subsequent analysis
NOTE: GWHBEEK01000001 is identical to GWHBEEI01000001 but kept for subsequent analysis
NOTE: HG01578 is identical to HG01579 but kept for subsequent analysis
NOTE: KF148474 is identical to KF148461 but kept for subsequent analysis
NOTE: KT725882 is identical to KT725909 but kept for subsequent analysis
NOTE: KU683225 is identical to KU683197 but kept for subsequent analysis
NOTE: KF540939 is identical to KF540923 but kept for subsequent analysis
NOTE: SCsq0033 is identical to AP008264 but kept for subsequent analysis
NOTE: KF148133 is identical to KF148136 but kept for subsequent analysis
NOTE: HG00629 is identical to HG00630 but kept for subsequent analysis
NOTE: KF540561 is identical to KF540592 but kept for subsequent analysis
NOTE: EU007867 is identical to KF148091 but kept for subsequent analysis
NOTE: OM194235 is identical to KU682991 but kept for subsequent analysis
NOTE: MT419195 is identical to MT419204 but kept for subsequent analysis
NOTE: GU733725 is identical to GU733760 but kept for subsequent analysis
NOTE: KU682958 is identical to KU682915 but kept for subsequent analysis
NOTE: FJ951571 is identical to KF148215 but kept for subsequent analysis
NOTE: KT726076 is identical to KT726079 but kept for subsequent analysis
NOTE: GWHBEGN01000001 is identical to GWHBEHP01000001 but kept for subsequent analysis
NOTE: MH449270 is identical to MH449555 but kept for subsequent analysis
NOTE: AP008476 is identical to SCsq0022 but kept for subsequent analysis
NOTE: KU683419 is identical to KU682896 but kept for subsequent analysis
NOTE: GWHBEFV01000001 is identical to GWHBEFE01000001 but kept for subsequent analysis
NOTE: KF148312 is identical to KF148151 but kept for subsequent analysis
NOTE: KU683455 is identical to KU682952 but kept for subsequent analysis
NOTE: KF540895 is identical to KF540755 but kept for subsequent analysis
NOTE: KX457526 is identical to KX456828 but kept for subsequent analysis
NOTE: KU683058 is identical to KU683301 but kept for subsequent analysis
NOTE: MT419014 is identical to MT418988 but kept for subsequent analysis
NOTE: HG00581 is identical to HG00582 but kept for subsequent analysis
NOTE: KX457335 is identical to KX457343 but kept for subsequent analysis
NOTE: PP654691 is identical to PP654678 but kept for subsequent analysis
NOTE: KT726067 is identical to KT726115 but kept for subsequent analysis
NOTE: MG660655 is identical to MG660657 but kept for subsequent analysis
NOTE: FJ951549 is identical to AP008458 but kept for subsequent analysis
NOTE: MF523104 is identical to MF523115 but kept for subsequent analysis
NOTE: KX456676 is identical to KX456675 but kept for subsequent analysis
NOTE: HGDP00952 is identical to KF148389 but kept for subsequent analysis
NOTE: KU683450 is identical to KU683230 but kept for subsequent analysis
NOTE: KT726092 is identical to KT726068 but kept for subsequent analysis
NOTE: MG660654 is identical to OL619902 but kept for subsequent analysis
NOTE: KF148506 is identical to KF148234 but kept for subsequent analysis
NOTE: MK217943 is identical to EU007895 but kept for subsequent analysis
NOTE: KF874375 is identical to KF874374 but kept for subsequent analysis
NOTE: MT419042 is identical to MH448973 but kept for subsequent analysis
NOTE: KU683091 is identical to KU683366 but kept for subsequent analysis
NOTE: KU683305 is identical to KU683279 but kept for subsequent analysis
NOTE: MH449026 is identical to MH449055 but kept for subsequent analysis
NOTE: KT725924 is identical to PX366963 but kept for subsequent analysis
NOTE: KU683427 is identical to KU683382 but kept for subsequent analysis
NOTE: MF522953 is identical to KF056276 but kept for subsequent analysis
NOTE: KF148170 is identical to KF148495 but kept for subsequent analysis
NOTE: FJ951554 is identical to KT726071 but kept for subsequent analysis
NOTE: SCsq0016 is identical to HGDP00753 but kept for subsequent analysis
NOTE: HG02397 is identical to HG00881 but kept for subsequent analysis
NOTE: GWHBEFN01000001 is identical to GWHBEEO01000001 but kept for subsequent analysis
NOTE: FJ383215 is identical to FJ383211 but kept for subsequent analysis
NOTE: HGDP00763 is identical to AP008409 but kept for subsequent analysis
NOTE: KF540757 is identical to KF540786 but kept for subsequent analysis
NOTE: KX457006 is identical to KX456518 but kept for subsequent analysis
NOTE: KX457105 is identical to KX457106 but kept for subsequent analysis
NOTE: FJ383209 is identical to FJ383206 but kept for subsequent analysis
NOTE: KF148226 is identical to FJ951526 but kept for subsequent analysis
NOTE: KU683518 is identical to KU683508 but kept for subsequent analysis
NOTE: FJ383203 is identical to FJ383200 but kept for subsequent analysis
NOTE: MT419186 is identical to MT419187 but kept for subsequent analysis
NOTE: PV067368 is identical to PV067366 but kept for subsequent analysis
NOTE: PV695727 is identical to KX456689 but kept for subsequent analysis
NOTE: FJ951578 is identical to FJ951525 but kept for subsequent analysis
NOTE: KX457188 is identical to KX457193 but kept for subsequent analysis
NOTE: KF148197 is identical to KF148078 but kept for subsequent analysis
NOTE: KF148305 is identical to KF148291 but kept for subsequent analysis
NOTE: MF522869 is identical to FJ951484 but kept for subsequent analysis
NOTE: KF148336 is identical to KF148369 but kept for subsequent analysis
NOTE: OM194226 is identical to FJ951519 but kept for subsequent analysis
NOTE: KU683357 is identical to KU683379 but kept for subsequent analysis
NOTE: KF056266 is identical to KF056267 but kept for subsequent analysis
NOTE: KT725968 is identical to KT726013 but kept for subsequent analysis
NOTE: OL619939 is identical to EF153800 but kept for subsequent analysis
NOTE: MK180572 is identical to MK180577 but kept for subsequent analysis
NOTE: KF148386 is identical to KF148438 but kept for subsequent analysis
NOTE: KF540520 is identical to KF540856 but kept for subsequent analysis
NOTE: KU683408 is identical to KU683575 but kept for subsequent analysis
NOTE: KF540902 is identical to KF540882 but kept for subsequent analysis
NOTE: KF540588 is identical to EF093539 but kept for subsequent analysis
NOTE: MF056380 is identical to MF056259 but kept for subsequent analysis
NOTE: KF540950 is identical to KF540949 but kept for subsequent analysis
NOTE: MF057791 is identical to MF057804 but kept for subsequent analysis
NOTE: KF540549 is identical to KF540524 but kept for subsequent analysis
NOTE: MF056639 is identical to MF055767 but kept for subsequent analysis
NOTE: KF540515 is identical to KF540525 but kept for subsequent analysis
NOTE: MF056094 is identical to MF056092 but kept for subsequent analysis
NOTE: PV067336 is identical to PV067343 but kept for subsequent analysis
NOTE: MF056683 is identical to MF056691 but kept for subsequent analysis
NOTE: MF058362 is identical to MF058285 but kept for subsequent analysis
NOTE: KF540851 is identical to KF540886 but kept for subsequent analysis
NOTE: KF540827 is identical to KF540844 but kept for subsequent analysis
NOTE: MF056787 is identical to MF055844 but kept for subsequent analysis
NOTE: KF540854 is identical to KF540780 but kept for subsequent analysis
NOTE: KF540559 is identical to KF540581 but kept for subsequent analysis
NOTE: KF540615 is identical to KF540618 but kept for subsequent analysis
NOTE: KF540880 is identical to KF540859 but kept for subsequent analysis
NOTE: MF056504 is identical to MF056720 but kept for subsequent analysis
NOTE: MF056462 is identical to MF058516 but kept for subsequent analysis
NOTE: MH449224 is identical to MH449248 but kept for subsequent analysis
NOTE: KF541009 is identical to KF540622 but kept for subsequent analysis
NOTE: MH449258 is identical to MH449263 but kept for subsequent analysis
NOTE: KX456835 is identical to KX456843 but kept for subsequent analysis
NOTE: PV695710 is identical to PV695735 but kept for subsequent analysis
NOTE: MH449417 is identical to MH449416 but kept for subsequent analysis
NOTE: MH449440 is identical to MH449454 but kept for subsequent analysis
NOTE: KX456601 is identical to KX456600 but kept for subsequent analysis
NOTE: MH449378 is identical to MH449383 but kept for subsequent analysis
NOTE: KX456715 is identical to KX456720 but kept for subsequent analysis
NOTE: KF148297 is identical to KF148553 but kept for subsequent analysis
NOTE: KX456438 is identical to KX456441 but kept for subsequent analysis
NOTE: MG272777 is identical to MG272776 but kept for subsequent analysis
NOTE: KT587404 is identical to KT587389 but kept for subsequent analysis
NOTE: PP654692 is identical to PP654700 but kept for subsequent analysis
NOTE: MH449078 is identical to MH449413 but kept for subsequent analysis
NOTE: PV695950 is identical to PV695973 but kept for subsequent analysis
NOTE: KX457155 is identical to MH449494 but kept for subsequent analysis
NOTE: KX456787 is identical to KX456817 but kept for subsequent analysis
NOTE: KX456638 is identical to KX456639 but kept for subsequent analysis
NOTE: KX457544 is identical to KX457575 but kept for subsequent analysis
NOTE: MT419297 is identical to MT419277 but kept for subsequent analysis
NOTE: KX457250 is identical to KX457237 but kept for subsequent analysis
NOTE: KF540989 is identical to KF540995 but kept for subsequent analysis
NOTE: KX456595 is identical to KX456612 but kept for subsequent analysis
NOTE: KX456683 is identical to KX456697 but kept for subsequent analysis
NOTE: KF540855 is identical to KF540860 but kept for subsequent analysis
NOTE: KX457065 is identical to KX457053 but kept for subsequent analysis
NOTE: PV067392 is identical to PV067359 but kept for subsequent analysis
NOTE: MT419221 is identical to MT419215 but kept for subsequent analysis
NOTE: HG02178 is identical to MT419032 but kept for subsequent analysis
NOTE: KX456796 is identical to KX456784 but kept for subsequent analysis
NOTE: MG273039 is identical to MG272701 but kept for subsequent analysis
NOTE: KX457128 is identical to KX457131 but kept for subsequent analysis
NOTE: MH449016 is identical to MH449018 but kept for subsequent analysis
NOTE: KX456960 is identical to KX457157 but kept for subsequent analysis
NOTE: MF058386 is identical to MF055972 but kept for subsequent analysis
NOTE: KX457551 is identical to KX457528 but kept for subsequent analysis
NOTE: KF540775 is identical to KF540932 but kept for subsequent analysis
NOTE: KT726060 is identical to KT726124 but kept for subsequent analysis
NOTE: MT418978 is identical to MT419062 but kept for subsequent analysis
NOTE: KX457444 is identical to MH449357 but kept for subsequent analysis
NOTE: MG660685 is identical to MG660689 but kept for subsequent analysis
NOTE: MF056417 is identical to MF057370 but kept for subsequent analysis
NOTE: MF057891 is identical to MF055905 but kept for subsequent analysis
NOTE: KX457307 is identical to KX456732 but kept for subsequent analysis
NOTE: PP654840 is identical to PP654833 but kept for subsequent analysis
NOTE: HM852811 is identical to HM852794 but kept for subsequent analysis
NOTE: KX456656 is identical to KX456671 but kept for subsequent analysis
NOTE: MT419286 is identical to KU521439 but kept for subsequent analysis
NOTE: PP654667 is identical to PP654640 but kept for subsequent analysis
NOTE: KF540862 is identical to KF540654 but kept for subsequent analysis
NOTE: MH449172 is identical to MH449167 but kept for subsequent analysis
NOTE: KT726074 is identical to KT726090 but kept for subsequent analysis
NOTE: MH449358 is identical to MH449347 but kept for subsequent analysis
NOTE: KX457585 is identical to KX457592 but kept for subsequent analysis
NOTE: KU521440 is identical to KX456647 but kept for subsequent analysis
NOTE: KF540768 is identical to KF540816 but kept for subsequent analysis
NOTE: KF540611 is identical to KF540931 but kept for subsequent analysis
NOTE: MF058403 is identical to MF057375 but kept for subsequent analysis
NOTE: KF540594 is identical to KF540634 but kept for subsequent analysis
NOTE: KF541016 is identical to KF540612 but kept for subsequent analysis
NOTE: KF541017 is identical to KF541030 but kept for subsequent analysis
NOTE: KX456771 is identical to KX456766 but kept for subsequent analysis
NOTE: MG660708 is identical to MG660714 but kept for subsequent analysis
NOTE: KF540558 is identical to KF540626 but kept for subsequent analysis
NOTE: KX456699 is identical to KX456682 but kept for subsequent analysis
NOTE: MH449146 is identical to MH449141 but kept for subsequent analysis
NOTE: MH449349 is identical to MH449338 but kept for subsequent analysis
NOTE: KF540873 is identical to KF540865 but kept for subsequent analysis
NOTE: KF541051 is identical to KF541035 but kept for subsequent analysis
NOTE: MF057609 is identical to MF057280 but kept for subsequent analysis
NOTE: MF056599 is identical to MF056275 but kept for subsequent analysis
NOTE: MH449023 is identical to MH448984 but kept for subsequent analysis
NOTE: KU683161 is identical to KU683076 but kept for subsequent analysis
NOTE: MT419157 is identical to MT419173 but kept for subsequent analysis
NOTE: MT419336 is identical to MT419354 but kept for subsequent analysis
NOTE: KU683181 is identical to KU683428 but kept for subsequent analysis
NOTE: JF824917 is identical to KU683369 but kept for subsequent analysis
NOTE: KU683471 is identical to KU683476 but kept for subsequent analysis
NOTE: HG02738 is identical to HG02736 but kept for subsequent analysis
NOTE: KT726151 is identical to DQ272109 but kept for subsequent analysis
NOTE: KU682917 is identical to KU683017 but kept for subsequent analysis
NOTE: MT419160 is identical to MT419206 but kept for subsequent analysis
NOTE: KF540697 is identical to KF540677 but kept for subsequent analysis
NOTE: KU682901 is identical to KU683571 but kept for subsequent analysis
NOTE: MT419115 is identical to MG272891 but kept for subsequent analysis
NOTE: FJ383508 is identical to FJ383507 but kept for subsequent analysis
NOTE: KU683570 is identical to KU682927 but kept for subsequent analysis
NOTE: PV695889 is identical to NA18634 but kept for subsequent analysis
NOTE: MN595895 is identical to JQ705953 but kept for subsequent analysis
NOTE: KY408203 is identical to KY410234 but kept for subsequent analysis
NOTE: HM852795 is identical to HM852864 but kept for subsequent analysis
NOTE: KY410187 is identical to KY408835 but kept for subsequent analysis
NOTE: KY408470 is identical to KY408527 but kept for subsequent analysis
NOTE: KU683215 is identical to KU683262 but kept for subsequent analysis
NOTE: MN595749 is identical to MN595769 but kept for subsequent analysis
NOTE: PV621479 is identical to PV621478 but kept for subsequent analysis
NOTE: KC911443 is identical to HG02651 but kept for subsequent analysis
NOTE: KY409384 is identical to KY410191 but kept for subsequent analysis
NOTE: KU683309 is identical to KU683094 but kept for subsequent analysis
NOTE: NA07048 is identical to KF162987 but kept for subsequent analysis
NOTE: KY408867 is identical to KY408906 but kept for subsequent analysis
NOTE: KU683256 is identical to KU683248 but kept for subsequent analysis
NOTE: KU683584 is identical to KU683321 but kept for subsequent analysis
NOTE: KC911297 is identical to KC911277 but kept for subsequent analysis
NOTE: MF523026 is identical to MF523023 but kept for subsequent analysis
NOTE: KY410176 is identical to KY410066 but kept for subsequent analysis
NOTE: KY409564 is identical to KY409430 but kept for subsequent analysis
NOTE: MF523203 is identical to MF523159 but kept for subsequent analysis
NOTE: MF523165 is identical to MN595685 but kept for subsequent analysis
NOTE: KC911335 is identical to KC911416 but kept for subsequent analysis
NOTE: KC911575 is identical to KC911422 but kept for subsequent analysis
NOTE: MF523132 is identical to MF523135 but kept for subsequent analysis
NOTE: KJ856717 is identical to KJ856689 but kept for subsequent analysis
NOTE: KU683474 is identical to KU683505 but kept for subsequent analysis
NOTE: HG02224 is identical to JQ324929 but kept for subsequent analysis
NOTE: EU600336 is identical to HGDP00588 but kept for subsequent analysis
NOTE: KC911327 is identical to HGDP00025 but kept for subsequent analysis
NOTE: MF522864 is identical to MF522841 but kept for subsequent analysis
NOTE: KY409869 is identical to KY410171 but kept for subsequent analysis
NOTE: KU683355 is identical to JQ704409 but kept for subsequent analysis
NOTE: HG01668 is identical to HG01667 but kept for subsequent analysis
NOTE: KY409433 is identical to KY409155 but kept for subsequent analysis
NOTE: MF522870 is identical to MF522905 but kept for subsequent analysis
NOTE: HGDP00699 is identical to HGDP00697 but kept for subsequent analysis
NOTE: KU683150 is identical to KU683477 but kept for subsequent analysis
NOTE: KY409783 is identical to KY409501 but kept for subsequent analysis
NOTE: KU682995 is identical to KU683560 but kept for subsequent analysis
NOTE: MF523060 is identical to MF523062 but kept for subsequent analysis
NOTE: KY410001 is identical to KY409608 but kept for subsequent analysis
NOTE: KF163010 is identical to HG00150 but kept for subsequent analysis
NOTE: KU683551 is identical to KU683463 but kept for subsequent analysis
NOTE: MF523095 is identical to MF523098 but kept for subsequent analysis
NOTE: MF523114 is identical to MF523086 but kept for subsequent analysis
NOTE: KU683286 is identical to KU683035 but kept for subsequent analysis
NOTE: KY409629 is identical to KY409622 but kept for subsequent analysis
NOTE: MG649088 is identical to JQ703108 but kept for subsequent analysis
NOTE: KY408850 is identical to KY408730 but kept for subsequent analysis
NOTE: KP722565 is identical to MF523000 but kept for subsequent analysis
NOTE: KY409239 is identical to KY409936 but kept for subsequent analysis
NOTE: KF148433 is identical to KF148549 but kept for subsequent analysis
NOTE: KY410177 is identical to KY410173 but kept for subsequent analysis
NOTE: MN595774 is identical to MN595779 but kept for subsequent analysis
NOTE: KJ856771 is identical to OL619930 but kept for subsequent analysis
NOTE: KU683548 is identical to KU682945 but kept for subsequent analysis
NOTE: PV621491 is identical to PV621492 but kept for subsequent analysis
NOTE: NA12249 is identical to NA10835 but kept for subsequent analysis
NOTE: MN595758 is identical to MN595781 but kept for subsequent analysis
NOTE: KU683097 is identical to KU683172 but kept for subsequent analysis
NOTE: KU683006 is identical to KU683065 but kept for subsequent analysis
NOTE: OL619812 is identical to OL619814 but kept for subsequent analysis
NOTE: KU683269 is identical to KU683270 but kept for subsequent analysis
NOTE: OL619931 is identical to KJ856715 but kept for subsequent analysis
NOTE: KU683194 is identical to KU683013 but kept for subsequent analysis
NOTE: KP340171 is identical to EF417833 but kept for subsequent analysis
NOTE: KY409345 is identical to DQ523641 but kept for subsequent analysis
NOTE: MF523046 is identical to MF523044 but kept for subsequent analysis
NOTE: JQ704251 is identical to HG00327 but kept for subsequent analysis
NOTE: HG03895 is identical to HG03890 but kept for subsequent analysis
NOTE: KY409833 is identical to KY408224 but kept for subsequent analysis
NOTE: MF523163 is identical to MF523054 but kept for subsequent analysis
NOTE: KY409743 is identical to KY409420 but kept for subsequent analysis
NOTE: KF148180 is identical to KF148188 but kept for subsequent analysis
NOTE: HG01614 is identical to HG01613 but kept for subsequent analysis
NOTE: MF522961 is identical to MF522907 but kept for subsequent analysis
NOTE: HG00325 is identical to JX153260 but kept for subsequent analysis
NOTE: HG03235 is identical to HG03236 but kept for subsequent analysis
NOTE: EU570217 is identical to KU683502 but kept for subsequent analysis
NOTE: MF522862 is identical to MF522900 but kept for subsequent analysis
NOTE: KY410013 is identical to KY409971 but kept for subsequent analysis
NOTE: KU683418 is identical to KU683406 but kept for subsequent analysis
NOTE: MN595835 is identical to MN595837 but kept for subsequent analysis
NOTE: KU683405 is identical to KU683178 but kept for subsequent analysis
NOTE: KY408334 is identical to KY408322 but kept for subsequent analysis
NOTE: HG01098 is identical to HG01111 but kept for subsequent analysis
NOTE: JX153149 is identical to AY714035 but kept for subsequent analysis
NOTE: KY409435 is identical to KY410121 but kept for subsequent analysis
NOTE: MF523126 is identical to MF523035 but kept for subsequent analysis
NOTE: MF522968 is identical to MF522967 but kept for subsequent analysis
NOTE: KY409706 is identical to KY409831 but kept for subsequent analysis
NOTE: MF523218 is identical to MF523070 but kept for subsequent analysis
NOTE: MF523211 is identical to MT554201 but kept for subsequent analysis
NOTE: MF522883 is identical to MF522881 but kept for subsequent analysis
NOTE: KU683090 is identical to KU683239 but kept for subsequent analysis
NOTE: JQ703347 is identical to NA12145 but kept for subsequent analysis
NOTE: MF523181 is identical to MF522898 but kept for subsequent analysis
NOTE: HG01687 is identical to HG01685 but kept for subsequent analysis
NOTE: GU936958 is identical to KF162978 but kept for subsequent analysis
NOTE: HG02220 is identical to HG02222 but kept for subsequent analysis
NOTE: JX153148 is identical to JQ704707 but kept for subsequent analysis
NOTE: HG01206 is identical to HG01205 but kept for subsequent analysis
NOTE: DQ304959 is identical to HG03514 but kept for subsequent analysis
NOTE: MF057502 is identical to MF057554 but kept for subsequent analysis
NOTE: MF056470 is identical to MF056966 but kept for subsequent analysis
NOTE: PV621509 is identical to PV621498 but kept for subsequent analysis
NOTE: MF055807 is identical to MF055804 but kept for subsequent analysis
NOTE: KM986600 is identical to MF057935 but kept for subsequent analysis
NOTE: NA19921 is identical to NA20129 but kept for subsequent analysis
NOTE: MF056819 is identical to MF056814 but kept for subsequent analysis
NOTE: MF057251 is identical to MF058025 but kept for subsequent analysis
NOTE: KC911533 is identical to KC911529 but kept for subsequent analysis
NOTE: MF057655 is identical to MF057617 but kept for subsequent analysis
NOTE: MF056134 is identical to MF056132 but kept for subsequent analysis
NOTE: MF056334 is identical to MF058529 but kept for subsequent analysis
NOTE: HG01189 is identical to HG01188 but kept for subsequent analysis
NOTE: KC533500 is identical to KC911354 but kept for subsequent analysis
NOTE: MF057667 is identical to MF055786 but kept for subsequent analysis
NOTE: MF057884 is identical to MF057794 but kept for subsequent analysis
NOTE: MF057158 is identical to MF057160 but kept for subsequent analysis
NOTE: MF058322 is identical to MF058330 but kept for subsequent analysis
NOTE: KX456540 is identical to KX456552 but kept for subsequent analysis
NOTE: HGDP01193 is identical to MT419342 but kept for subsequent analysis
NOTE: PP654498 is identical to HGDP01218 but kept for subsequent analysis
NOTE: MH449264 is identical to MH449256 but kept for subsequent analysis
NOTE: MF057016 is identical to MF057023 but kept for subsequent analysis
NOTE: PP654805 is identical to PP654828 but kept for subsequent analysis
NOTE: HG03913 is identical to HG03915 but kept for subsequent analysis
NOTE: KX456628 is identical to KX456627 but kept for subsequent analysis
NOTE: MF056007 is identical to MF056114 but kept for subsequent analysis
NOTE: MF055992 is identical to MF056329 but kept for subsequent analysis
NOTE: PP654810 is identical to PP654825 but kept for subsequent analysis
NOTE: FJ383284 is identical to EU443499 but kept for subsequent analysis
NOTE: KT725868 is identical to KT725884 but kept for subsequent analysis
NOTE: PP654584 is identical to PP654593 but kept for subsequent analysis
NOTE: MG273133 is identical to MG273125 but kept for subsequent analysis
NOTE: AP008629 is identical to SCsq0027 but kept for subsequent analysis
NOTE: PX272457 is identical to PX272399 but kept for subsequent analysis
NOTE: KF540907 is identical to MF056982 but kept for subsequent analysis
NOTE: MF056233 is identical to MF056234 but kept for subsequent analysis
NOTE: KT726054 is identical to KT726141 but kept for subsequent analysis
NOTE: MF057262 is identical to MF058584 but kept for subsequent analysis
NOTE: MG273085 is identical to PV695683 but kept for subsequent analysis
NOTE: PX366978 is identical to PX366976 but kept for subsequent analysis
NOTE: MH449441 is identical to MH449436 but kept for subsequent analysis
NOTE: MF057991 is identical to MF058220 but kept for subsequent analysis
NOTE: MF056984 is identical to MF057297 but kept for subsequent analysis
NOTE: MF058325 is identical to MF058332 but kept for subsequent analysis
NOTE: PV067383 is identical to PV067377 but kept for subsequent analysis
NOTE: PV067326 is identical to PV067345 but kept for subsequent analysis
NOTE: DQ137408 is identical to MN849785 but kept for subsequent analysis
NOTE: KX456883 is identical to HM030509 but kept for subsequent analysis
NOTE: FJ383347 is identical to FJ383346 but kept for subsequent analysis
NOTE: MT554221 is identical to MF523183 but kept for subsequent analysis
NOTE: MF056527 is identical to MF056528 but kept for subsequent analysis
NOTE: KX456477 is identical to KX456479 but kept for subsequent analysis
NOTE: KT213820 is identical to KF056292 but kept for subsequent analysis
NOTE: PP654671 is identical to PP654670 but kept for subsequent analysis
NOTE: KU683586 is identical to KU683550 but kept for subsequent analysis
NOTE: MF056520 is identical to MF058459 but kept for subsequent analysis
NOTE: PV067361 is identical to PV067384 but kept for subsequent analysis
NOTE: KX457497 is identical to KX457499 but kept for subsequent analysis
NOTE: MT419107 is identical to MT419121 but kept for subsequent analysis
NOTE: SCsq0032 is identical to NA18940 but kept for subsequent analysis
NOTE: KX457621 is identical to KX457051 but kept for subsequent analysis
NOTE: MF058056 is identical to MF056481 but kept for subsequent analysis
NOTE: KT726055 is identical to KT726085 but kept for subsequent analysis
NOTE: HGDP00144 is identical to HGDP00135 but kept for subsequent analysis
NOTE: KU683435 is identical to KU683170 but kept for subsequent analysis
NOTE: KF540593 is identical to KF540557 but kept for subsequent analysis
NOTE: MG660650 is identical to MG660747 but kept for subsequent analysis
NOTE: KX457666 is identical to KX457657 but kept for subsequent analysis
NOTE: KX457638 is identical to MT419284 but kept for subsequent analysis
NOTE: KX456460 is identical to MH449063 but kept for subsequent analysis
NOTE: KX456736 is identical to KX456744 but kept for subsequent analysis
NOTE: MF057756 is identical to MF058574 but kept for subsequent analysis
NOTE: KX456926 is identical to KX456875 but kept for subsequent analysis
NOTE: KP346036 is identical to KP346043 but kept for subsequent analysis
NOTE: FJ383533 is identical to FJ383531 but kept for subsequent analysis
NOTE: FJ383578 is identical to FJ383584 but kept for subsequent analysis
NOTE: MF057285 is identical to MF057283 but kept for subsequent analysis
NOTE: KC505081 is identical to JX289105 but kept for subsequent analysis
NOTE: MF056806 is identical to MF056809 but kept for subsequent analysis
NOTE: MF056059 is identical to MF056326 but kept for subsequent analysis
NOTE: FJ383408 is identical to FJ383407 but kept for subsequent analysis
NOTE: MH449517 is identical to PP654743 but kept for subsequent analysis
NOTE: KX456989 is identical to MG273047 but kept for subsequent analysis
NOTE: HG00410 is identical to KX456471 but kept for subsequent analysis
NOTE: GU733772 is identical to GU733788 but kept for subsequent analysis
NOTE: KX456555 is identical to HG02384 but kept for subsequent analysis
NOTE: MF057546 is identical to MF057579 but kept for subsequent analysis
NOTE: KX456797 is identical to KX456805 but kept for subsequent analysis
NOTE: KC911530 is identical to HGDP00047 but kept for subsequent analysis
NOTE: MG272963 is identical to MG272955 but kept for subsequent analysis
NOTE: KT725987 is identical to KT726019 but kept for subsequent analysis
NOTE: MF057580 is identical to MF057588 but kept for subsequent analysis
NOTE: MF057136 is identical to MF056580 but kept for subsequent analysis
NOTE: KX457277 is identical to KX457176 but kept for subsequent analysis
NOTE: MF056036 is identical to MF056037 but kept for subsequent analysis
NOTE: MF056396 is identical to MF056389 but kept for subsequent analysis
NOTE: MF055776 is identical to MF057751 but kept for subsequent analysis
NOTE: KF540801 is identical to KF540759 but kept for subsequent analysis
NOTE: MF056331 is identical to MF056454 but kept for subsequent analysis
NOTE: KT725985 is identical to KT725977 but kept for subsequent analysis
NOTE: KU683287 is identical to KU682957 but kept for subsequent analysis
NOTE: KT587508 is identical to KX456816 but kept for subsequent analysis
NOTE: KU683361 is identical to KU683205 but kept for subsequent analysis
NOTE: PP654842 is identical to PP654570 but kept for subsequent analysis
NOTE: KX456887 is identical to KX456881 but kept for subsequent analysis
NOTE: KF056280 is identical to KT213803 but kept for subsequent analysis
NOTE: PP654729 is identical to PP654712 but kept for subsequent analysis
NOTE: KX457479 is identical to KT587581 but kept for subsequent analysis
NOTE: PP654697 is identical to PP654534 but kept for subsequent analysis
NOTE: PP654633 is identical to PP654602 but kept for subsequent analysis
NOTE: HG03719 is identical to HG03722 but kept for subsequent analysis
NOTE: MH449529 is identical to MH449530 but kept for subsequent analysis
NOTE: MG272685 is identical to KX457354 but kept for subsequent analysis
NOTE: KX456531 is identical to KX457177 but kept for subsequent analysis
NOTE: KF540562 is identical to KF540565 but kept for subsequent analysis
NOTE: KC505070 is identical to KC505072 but kept for subsequent analysis
NOTE: KT587622 is identical to KX456700 but kept for subsequent analysis
NOTE: MH449284 is identical to MH449277 but kept for subsequent analysis
NOTE: KX456839 is identical to KX457003 but kept for subsequent analysis
NOTE: KX456742 is identical to KX456750 but kept for subsequent analysis
NOTE: MF055894 is identical to MF057355 but kept for subsequent analysis
NOTE: JX987470 is identical to KX456937 but kept for subsequent analysis
NOTE: KF148510 is identical to MG660741 but kept for subsequent analysis
NOTE: KT725869 is identical to KT725955 but kept for subsequent analysis
NOTE: MG272844 is identical to MG272850 but kept for subsequent analysis
NOTE: PP654791 is identical to PP654757 but kept for subsequent analysis
NOTE: MT419233 is identical to KX457143 but kept for subsequent analysis
NOTE: FJ383250 is identical to FJ383249 but kept for subsequent analysis
NOTE: PP654627 is identical to PP654651 but kept for subsequent analysis
NOTE: PP654659 is identical to PP654628 but kept for subsequent analysis
NOTE: KC887483 is identical to KC887481 but kept for subsequent analysis
NOTE: PP654677 is identical to PP654520 but kept for subsequent analysis
NOTE: KT587496 is identical to KT587494 but kept for subsequent analysis
NOTE: MF057571 is identical to MF058370 but kept for subsequent analysis
NOTE: KT725976 is identical to HM346931 but kept for subsequent analysis
NOTE: KT726084 is identical to KT726114 but kept for subsequent analysis
NOTE: MF056102 is identical to MF056111 but kept for subsequent analysis
NOTE: KC887467 is identical to KC887469 but kept for subsequent analysis
NOTE: KF540510 is identical to KF540506 but kept for subsequent analysis
NOTE: KF540750 is identical to KF540710 but kept for subsequent analysis
NOTE: MH449176 is identical to MH449152 but kept for subsequent analysis
NOTE: HG02080 is identical to HG02081 but kept for subsequent analysis
NOTE: MF057272 is identical to MF057278 but kept for subsequent analysis
NOTE: MF057758 is identical to MF058128 but kept for subsequent analysis
NOTE: KX457196 is identical to MG273112 but kept for subsequent analysis
NOTE: KF148528 is identical to KF148512 but kept for subsequent analysis
NOTE: KT726004 is identical to KT726038 but kept for subsequent analysis
NOTE: KT725982 is identical to KT725996 but kept for subsequent analysis
NOTE: KX457552 is identical to KX457545 but kept for subsequent analysis
NOTE: MH449074 is identical to MH449071 but kept for subsequent analysis
NOTE: MF056164 is identical to MF057543 but kept for subsequent analysis
NOTE: HG04141 is identical to HG04142 but kept for subsequent analysis
NOTE: JX289116 is identical to KP346031 but kept for subsequent analysis
NOTE: KT587538 is identical to GQ301875 but kept for subsequent analysis
NOTE: KX457130 is identical to PX272593 but kept for subsequent analysis
NOTE: KX457640 is identical to KX457622 but kept for subsequent analysis
NOTE: KF540531 is identical to KF540527 but kept for subsequent analysis
NOTE: KF541015 is identical to KF541048 but kept for subsequent analysis
NOTE: MF057792 is identical to MF056954 but kept for subsequent analysis
NOTE: KT725878 is identical to KT725879 but kept for subsequent analysis
NOTE: MH448957 is identical to MH448958 but kept for subsequent analysis
NOTE: KT587402 is identical to KT587410 but kept for subsequent analysis
NOTE: JX289104 is identical to KX457124 but kept for subsequent analysis
NOTE: FJ383537 is identical to FJ383539 but kept for subsequent analysis
NOTE: HG04017 is identical to HG04096 but kept for subsequent analysis
NOTE: HG03022 is identical to HG02789 but kept for subsequent analysis
NOTE: KX457492 is identical to KX457502 but kept for subsequent analysis
NOTE: KT587489 is identical to KT587548 but kept for subsequent analysis
NOTE: MH449531 is identical to MH449540 but kept for subsequent analysis
NOTE: PP654596 is identical to PP654585 but kept for subsequent analysis
NOTE: KF540953 is identical to KF540963 but kept for subsequent analysis
NOTE: KF540576 is identical to KF540604 but kept for subsequent analysis
NOTE: KT587377 is identical to KX456994 but kept for subsequent analysis
NOTE: SCsq0088 is identical to AP013191 but kept for subsequent analysis
NOTE: PP654510 is identical to PP654508 but kept for subsequent analysis
NOTE: PP654512 is identical to PP654515 but kept for subsequent analysis
NOTE: MF058279 is identical to MF058277 but kept for subsequent analysis
NOTE: FJ383659 is identical to FJ383658 but kept for subsequent analysis
NOTE: HGDP00687 is identical to HGDP00726 but kept for subsequent analysis
NOTE: FJ383672 is identical to FJ383670 but kept for subsequent analysis
NOTE: FJ383298 is identical to FJ383299 but kept for subsequent analysis
NOTE: MT418979 is identical to MT419077 but kept for subsequent analysis
NOTE: MF056997 is identical to MF056990 but kept for subsequent analysis
NOTE: HGDP01351 is identical to KT725960 but kept for subsequent analysis
NOTE: KT725900 is identical to KT725957 but kept for subsequent analysis
NOTE: HG03017 is identical to HG03016 but kept for subsequent analysis
NOTE: KX457033 is identical to KX457023 but kept for subsequent analysis
NOTE: PP654680 is identical to MH449534 but kept for subsequent analysis
NOTE: MF056935 is identical to MF055953 but kept for subsequent analysis
NOTE: FJ383340 is identical to FJ383344 but kept for subsequent analysis
NOTE: HG03832 is identical to HG03834 but kept for subsequent analysis
NOTE: PV067335 is identical to PV067338 but kept for subsequent analysis
NOTE: KX457087 is identical to KX457089 but kept for subsequent analysis
NOTE: PX273094 is identical to PX273089 but kept for subsequent analysis
NOTE: GU377083 is identical to KT587502 but kept for subsequent analysis
NOTE: KU683260 is identical to KU683254 but kept for subsequent analysis
NOTE: KX456657 is identical to KX456667 but kept for subsequent analysis
NOTE: MG272986 is identical to MG272979 but kept for subsequent analysis
NOTE: KF540511 is identical to KF540539 but kept for subsequent analysis
NOTE: MF056003 is identical to MF056784 but kept for subsequent analysis
NOTE: KF540772 is identical to KF540762 but kept for subsequent analysis
NOTE: KF056290 is identical to KT213779 but kept for subsequent analysis
NOTE: KT725972 is identical to KT726012 but kept for subsequent analysis
NOTE: PP654543 is identical to PP654542 but kept for subsequent analysis
NOTE: MF058236 is identical to MF056727 but kept for subsequent analysis
NOTE: HG03709 is identical to HG03710 but kept for subsequent analysis
NOTE: KX457112 is identical to KX457109 but kept for subsequent analysis
NOTE: KX456727 is identical to KX456711 but kept for subsequent analysis
NOTE: MH449404 is identical to MH449405 but kept for subsequent analysis
NOTE: MH449314 is identical to MH449321 but kept for subsequent analysis
NOTE: KX457336 is identical to KX457347 but kept for subsequent analysis
NOTE: PV695725 is identical to PV695795 but kept for subsequent analysis
NOTE: MG272672 is identical to KX456859 but kept for subsequent analysis
NOTE: MF056856 is identical to MF056851 but kept for subsequent analysis
NOTE: MF056719 is identical to MF056713 but kept for subsequent analysis
NOTE: MF057795 is identical to JX987441 but kept for subsequent analysis
NOTE: KT726070 is identical to KT726088 but kept for subsequent analysis
NOTE: HG02701 is identical to HG02700 but kept for subsequent analysis
NOTE: FJ383306 is identical to FJ383307 but kept for subsequent analysis
NOTE: PP654564 is identical to PP654550 but kept for subsequent analysis
NOTE: MG272980 is identical to MG272988 but kept for subsequent analysis
NOTE: MF056576 is identical to MF056577 but kept for subsequent analysis
NOTE: MF056198 is identical to MF056193 but kept for subsequent analysis
NOTE: MF055884 is identical to MF055903 but kept for subsequent analysis
NOTE: KT726025 is identical to HM346917 but kept for subsequent analysis
NOTE: HG02523 is identical to HG02522 but kept for subsequent analysis
NOTE: MF522877 is identical to MF522852 but kept for subsequent analysis
NOTE: HG03807 is identical to HG03805 but kept for subsequent analysis
NOTE: AY922259 is identical to AY922260 but kept for subsequent analysis
NOTE: KX457330 is identical to KX456573 but kept for subsequent analysis
NOTE: PP654739 is identical to MH449508 but kept for subsequent analysis
NOTE: PP654675 is identical to KX457149 but kept for subsequent analysis
NOTE: KT587487 is identical to KT587492 but kept for subsequent analysis
NOTE: PX366997 is identical to PX366823 but kept for subsequent analysis
NOTE: HG00501 is identical to HG00512 but kept for subsequent analysis
NOTE: MG273033 is identical to MG273020 but kept for subsequent analysis
NOTE: KF540942 is identical to KF540946 but kept for subsequent analysis
NOTE: KX456693 is identical to KX456704 but kept for subsequent analysis
NOTE: MF056186 is identical to MF056184 but kept for subsequent analysis
NOTE: KX457392 is identical to KX457378 but kept for subsequent analysis
NOTE: KT725875 is identical to KT725890 but kept for subsequent analysis
NOTE: MT419279 is identical to MT419296 but kept for subsequent analysis
NOTE: PP654525 is identical to PP654531 but kept for subsequent analysis
NOTE: MF522983 is identical to MF522982 but kept for subsequent analysis
NOTE: KT726056 is identical to KT726125 but kept for subsequent analysis
NOTE: KX456781 is identical to KX456790 but kept for subsequent analysis
NOTE: HG02074 is identical to HG02075 but kept for subsequent analysis
NOTE: KT587635 is identical to KT587646 but kept for subsequent analysis
NOTE: KX456921 is identical to KX456903 but kept for subsequent analysis
NOTE: KT587518 is identical to KT587517 but kept for subsequent analysis
NOTE: MG273077 is identical to MG273071 but kept for subsequent analysis
NOTE: MH449116 is identical to HG02524 but kept for subsequent analysis
NOTE: MG272770 is identical to MG272767 but kept for subsequent analysis
NOTE: KF540609 is identical to KF540606 but kept for subsequent analysis
NOTE: GU733804 is identical to JQ703844 but kept for subsequent analysis
NOTE: KX457627 is identical to KX457628 but kept for subsequent analysis
NOTE: KX457562 is identical to KX457573 but kept for subsequent analysis
NOTE: PP654644 is identical to PP654635 but kept for subsequent analysis
NOTE: PV067351 is identical to PV067342 but kept for subsequent analysis
NOTE: MF058408 is identical to MF058202 but kept for subsequent analysis
NOTE: KP345997 is identical to KP345995 but kept for subsequent analysis
NOTE: HG03992 is identical to HG04036 but kept for subsequent analysis
NOTE: KX457225 is identical to KX457210 but kept for subsequent analysis
NOTE: KX457328 is identical to KX457317 but kept for subsequent analysis
NOTE: KX456879 is identical to KX456878 but kept for subsequent analysis
NOTE: KX457174 is identical to KX456635 but kept for subsequent analysis
NOTE: HG01817 is identical to HG02166 but kept for subsequent analysis
NOTE: MH449312 is identical to MH449310 but kept for subsequent analysis
NOTE: PP654843 is identical to PP654837 but kept for subsequent analysis
NOTE: KF540545 is identical to KF540540 but kept for subsequent analysis
NOTE: KT726091 is identical to HM346902 but kept for subsequent analysis
NOTE: KT587458 is identical to KT587457 but kept for subsequent analysis
NOTE: PV067376 is identical to PV067372 but kept for subsequent analysis
NOTE: HG03894 is identical to HG03693 but kept for subsequent analysis
NOTE: MF056906 is identical to MF056905 but kept for subsequent analysis
NOTE: HG02356 is identical to KX456504 but kept for subsequent analysis
NOTE: MG273012 is identical to MG272995 but kept for subsequent analysis
NOTE: PP654818 is identical to PP654798 but kept for subsequent analysis
NOTE: MG272653 is identical to KX457152 but kept for subsequent analysis
NOTE: KX456976 is identical to KX456972 but kept for subsequent analysis
NOTE: MF056501 is identical to MF058064 but kept for subsequent analysis
NOTE: MF057265 is identical to MF057263 but kept for subsequent analysis
NOTE: HG04133 is identical to HG04132 but kept for subsequent analysis
NOTE: MH449522 is identical to MH449519 but kept for subsequent analysis
NOTE: KX457505 is identical to KX457521 but kept for subsequent analysis
NOTE: KX456596 is identical to KX456603 but kept for subsequent analysis
NOTE: MH448960 is identical to MH448963 but kept for subsequent analysis
NOTE: HG00607 is identical to AP008727 but kept for subsequent analysis
NOTE: KF056286 is identical to GU014567 but kept for subsequent analysis
NOTE: KX457274 is identical to KX457270 but kept for subsequent analysis
NOTE: KF540822 is identical to KF540817 but kept for subsequent analysis
NOTE: KT587552 is identical to KP345982 but kept for subsequent analysis
NOTE: KX457495 is identical to KX457484 but kept for subsequent analysis
NOTE: MF057220 is identical to MF057656 but kept for subsequent analysis
NOTE: PP654565 is identical to PP654622 but kept for subsequent analysis
NOTE: MF523084 is identical to MF523129 but kept for subsequent analysis
NOTE: MG273102 is identical to MG273107 but kept for subsequent analysis
NOTE: KU683528 is identical to KU683193 but kept for subsequent analysis
NOTE: MF056754 is identical to MF056185 but kept for subsequent analysis
NOTE: KX457313 is identical to KX457422 but kept for subsequent analysis
NOTE: MT419248 is identical to MT419253 but kept for subsequent analysis
NOTE: MG272893 is identical to MG272822 but kept for subsequent analysis
NOTE: MF058594 is identical to MF056613 but kept for subsequent analysis
NOTE: KX457476 is identical to KX457436 but kept for subsequent analysis
NOTE: KU683032 is identical to KU683422 but kept for subsequent analysis
NOTE: SCsq0059 is identical to SCsq0038 but kept for subsequent analysis
NOTE: KX456669 is identical to KX456668 but kept for subsequent analysis
NOTE: KT587460 is identical to MF058573 but kept for subsequent analysis
NOTE: KF540982 is identical to KF540980 but kept for subsequent analysis
NOTE: KX456999 is identical to KX457012 but kept for subsequent analysis
NOTE: MF058562 is identical to MF056552 but kept for subsequent analysis
NOTE: MH449282 is identical to MH449279 but kept for subsequent analysis
NOTE: KX457272 is identical to KX457258 but kept for subsequent analysis
NOTE: KF540589 is identical to KF540564 but kept for subsequent analysis
NOTE: KU682954 is identical to KU682948 but kept for subsequent analysis
NOTE: MG272877 is identical to MG272826 but kept for subsequent analysis
NOTE: KX457071 is identical to JX289133 but kept for subsequent analysis
NOTE: KX457338 is identical to KX457331 but kept for subsequent analysis
NOTE: PP654790 is identical to PP654789 but kept for subsequent analysis
NOTE: GU733751 is identical to GU733739 but kept for subsequent analysis
NOTE: HG00531 is identical to HG00532 but kept for subsequent analysis
NOTE: KF148537 is identical to KF148530 but kept for subsequent analysis
NOTE: MH807362 is identical to MH807361 but kept for subsequent analysis
NOTE: MF523075 is identical to HGDP00438 but kept for subsequent analysis
NOTE: KP345984 is identical to GQ301887 but kept for subsequent analysis
NOTE: KX456956 is identical to KX456969 but kept for subsequent analysis
NOTE: NA18988 is identical to NA18960 but kept for subsequent analysis
NOTE: MH449444 is identical to MH449447 but kept for subsequent analysis
NOTE: AP008726 is identical to HG02521 but kept for subsequent analysis
NOTE: HG00577 is identical to HG00584 but kept for subsequent analysis
NOTE: AP008895 is identical to NA19055 but kept for subsequent analysis
NOTE: KX456576 is identical to KX456580 but kept for subsequent analysis
NOTE: KX456737 is identical to KX456731 but kept for subsequent analysis
NOTE: MT419257 is identical to KX457425 but kept for subsequent analysis
NOTE: KF540684 is identical to KF540679 but kept for subsequent analysis
NOTE: MG273076 is identical to KX456542 but kept for subsequent analysis
NOTE: MG272895 is identical to MG272889 but kept for subsequent analysis
NOTE: HG04193 is identical to HG04192 but kept for subsequent analysis
NOTE: HG00422 is identical to HG00423 but kept for subsequent analysis
NOTE: MG272962 is identical to MG272946 but kept for subsequent analysis
NOTE: MF522843 is identical to MF522908 but kept for subsequent analysis
NOTE: MG272750 is identical to KX457138 but kept for subsequent analysis
NOTE: MH449322 is identical to MH449309 but kept for subsequent analysis
NOTE: KX457209 is identical to KX457208 but kept for subsequent analysis
NOTE: MH449048 is identical to MH449031 but kept for subsequent analysis
NOTE: MG273113 is identical to MG273111 but kept for subsequent analysis
NOTE: MT418948 is identical to MT419090 but kept for subsequent analysis
NOTE: MH807366 is identical to MH807360 but kept for subsequent analysis
NOTE: KM986602 is identical to KM986597 but kept for subsequent analysis
NOTE: KC887456 is identical to KC887458 but kept for subsequent analysis
NOTE: KX457363 is identical to KX457352 but kept for subsequent analysis
NOTE: KX456506 is identical to KX456497 but kept for subsequent analysis
NOTE: PP654554 is identical to PP654557 but kept for subsequent analysis
NOTE: MG272596 is identical to MG272594 but kept for subsequent analysis
NOTE: KU683497 is identical to KU683392 but kept for subsequent analysis
NOTE: AP008630 is identical to KU682884 but kept for subsequent analysis
NOTE: MH449076 is identical to MH449092 but kept for subsequent analysis
NOTE: PP654588 is identical to PP654580 but kept for subsequent analysis
NOTE: MT419293 is identical to MT419287 but kept for subsequent analysis
NOTE: MT419235 is identical to MG272697 but kept for subsequent analysis
NOTE: KU683371 is identical to KU683444 but kept for subsequent analysis
NOTE: MF522847 is identical to MF522884 but kept for subsequent analysis
NOTE: KT587566 is identical to KT587535 but kept for subsequent analysis
NOTE: PP654707 is identical to PP654698 but kept for subsequent analysis
NOTE: KF148517 is identical to KF148538 but kept for subsequent analysis
NOTE: PX272968 is identical to PX272926 but kept for subsequent analysis
NOTE: PX272719 is identical to PX272644 but kept for subsequent analysis
NOTE: MN849740 is identical to MN849726 but kept for subsequent analysis
NOTE: MN849672 is identical to MN849521 but kept for subsequent analysis
NOTE: MN849695 is identical to MN849694 but kept for subsequent analysis
NOTE: MN849661 is identical to MN849631 but kept for subsequent analysis
NOTE: PX273175 is identical to PX273151 but kept for subsequent analysis
NOTE: PX273145 is identical to PX273124 but kept for subsequent analysis
NOTE: PX273115 is identical to PX273129 but kept for subsequent analysis
NOTE: PX273217 is identical to PX273097 but kept for subsequent analysis
NOTE: PX272913 is identical to PX273001 but kept for subsequent analysis
NOTE: PX272668 is identical to PX272619 but kept for subsequent analysis
NOTE: MN849710 is identical to MN849707 but kept for subsequent analysis
NOTE: PX272379 is identical to PX272464 but kept for subsequent analysis
NOTE: MN849788 is identical to PX273061 but kept for subsequent analysis
NOTE: EF061158 is identical to PX272776 but kept for subsequent analysis
NOTE: PX273020 is identical to PX272691 but kept for subsequent analysis
NOTE: MN849680 is identical to MN849523 but kept for subsequent analysis
NOTE: PX272867 is identical to MN849754 but kept for subsequent analysis
NOTE: PX272516 is identical to PX272544 but kept for subsequent analysis
NOTE: MN849704 is identical to MN849606 but kept for subsequent analysis
NOTE: MN849717 is identical to MN849719 but kept for subsequent analysis
NOTE: PX272613 is identical to PX273110 but kept for subsequent analysis
NOTE: MF058240 is identical to MF056751 but kept for subsequent analysis
NOTE: PX273091 is identical to PX273109 but kept for subsequent analysis
NOTE: PX273023 is identical to PX272996 but kept for subsequent analysis
NOTE: PX272807 is identical to PX272804 but kept for subsequent analysis
NOTE: MN849508 is identical to MN849502 but kept for subsequent analysis
NOTE: MN849500 is identical to MN849496 but kept for subsequent analysis
NOTE: MN849663 is identical to MN849645 but kept for subsequent analysis
NOTE: PX272947 is identical to PX272849 but kept for subsequent analysis
NOTE: MN849652 is identical to PX272906 but kept for subsequent analysis
NOTE: PX272473 is identical to PX272522 but kept for subsequent analysis
NOTE: PX273126 is identical to MN849642 but kept for subsequent analysis
NOTE: MN849805 is identical to MN849679 but kept for subsequent analysis
NOTE: MN849619 is identical to MN849623 but kept for subsequent analysis
NOTE: PX272967 is identical to PX272866 but kept for subsequent analysis
NOTE: MN849686 is identical to MN849729 but kept for subsequent analysis
NOTE: PX273019 is identical to PX272898 but kept for subsequent analysis
NOTE: PX272700 is identical to PX272742 but kept for subsequent analysis
NOTE: PX272460 is identical to PX272453 but kept for subsequent analysis
NOTE: MN849627 is identical to MN849650 but kept for subsequent analysis
NOTE: PX272785 is identical to PX272805 but kept for subsequent analysis
NOTE: PX272933 is identical to PX272858 but kept for subsequent analysis
NOTE: PX272890 is identical to PX272829 but kept for subsequent analysis
NOTE: PX273146 is identical to PX273083 but kept for subsequent analysis
NOTE: PX272852 is identical to PX272888 but kept for subsequent analysis
NOTE: PX273009 is identical to PX272786 but kept for subsequent analysis
NOTE: MN849543 is identical to MN849532 but kept for subsequent analysis
NOTE: PX272989 is identical to PX272914 but kept for subsequent analysis
NOTE: MN849816 is identical to MN849819 but kept for subsequent analysis
NOTE: PX272424 is identical to PX272417 but kept for subsequent analysis
NOTE: PX272795 is identical to PX272848 but kept for subsequent analysis
NOTE: MN849651 is identical to MN849664 but kept for subsequent analysis
NOTE: MN849662 is identical to MN849644 but kept for subsequent analysis
NOTE: PX273167 is identical to PX272817 but kept for subsequent analysis
NOTE: PX272787 is identical to PX272608 but kept for subsequent analysis
NOTE: MN849667 is identical to MN849648 but kept for subsequent analysis
NOTE: PX272993 is identical to PX272919 but kept for subsequent analysis
NOTE: MN849858 is identical to PX272680 but kept for subsequent analysis
NOTE: PX273098 is identical to PX273052 but kept for subsequent analysis
NOTE: PX272950 is identical to PX272845 but kept for subsequent analysis
NOTE: PX273253 is identical to PX273254 but kept for subsequent analysis
NOTE: MN849670 is identical to MN849665 but kept for subsequent analysis
NOTE: PX272378 is identical to PX272371 but kept for subsequent analysis
NOTE: MN849699 is identical to MN849721 but kept for subsequent analysis
NOTE: PX272676 is identical to PX273207 but kept for subsequent analysis
NOTE: KU683377 is identical to OL619868 but kept for subsequent analysis
NOTE: MH449262 is identical to MH449274 but kept for subsequent analysis
NOTE: MF523185 is identical to MF523157 but kept for subsequent analysis
NOTE: MH449021 is identical to MH448988 but kept for subsequent analysis
NOTE: KX456679 is identical to MG273096 but kept for subsequent analysis
NOTE: MG272830 is identical to MG272834 but kept for subsequent analysis
NOTE: MT419327 is identical to MT419345 but kept for subsequent analysis
NOTE: HG00514 is identical to HG00513 but kept for subsequent analysis
NOTE: HM852841 is identical to HM852887 but kept for subsequent analysis
NOTE: NA20892 is identical to NA21091 but kept for subsequent analysis
NOTE: KF541039 is identical to KF541033 but kept for subsequent analysis
NOTE: JF824932 is identical to MG272977 but kept for subsequent analysis
NOTE: HG00408 is identical to HG00407 but kept for subsequent analysis
NOTE: HG00664 is identical to HG00663 but kept for subsequent analysis
NOTE: KT587605 is identical to KX456815 but kept for subsequent analysis
NOTE: HG03836 is identical to HG03760 but kept for subsequent analysis
NOTE: KX457538 is identical to KX457534 but kept for subsequent analysis
NOTE: MT419116 is identical to MG272832 but kept for subsequent analysis
NOTE: KX456719 is identical to KX456724 but kept for subsequent analysis
NOTE: KX456913 is identical to KX456900 but kept for subsequent analysis
NOTE: KC911280 is identical to HGDP00072 but kept for subsequent analysis
NOTE: KX457433 is identical to KX457448 but kept for subsequent analysis
NOTE: MN595776 is identical to MN595713 but kept for subsequent analysis
NOTE: PP654619 is identical to GQ301864 but kept for subsequent analysis
NOTE: KF541027 is identical to KF541026 but kept for subsequent analysis
NOTE: KU683364 is identical to HGDP01303 but kept for subsequent analysis
NOTE: NA21093 is identical to NA21086 but kept for subsequent analysis
NOTE: HG00449 is identical to HG00450 but kept for subsequent analysis
NOTE: NA20902 is identical to EF556148 but kept for subsequent analysis
NOTE: AY713984 is identical to AY713983 but kept for subsequent analysis
NOTE: KF541050 is identical to KF541049 but kept for subsequent analysis
NOTE: KU683250 is identical to KU683258 but kept for subsequent analysis
NOTE: KU521500 is identical to KU521499 but kept for subsequent analysis
NOTE: HG02382 is identical to HG01796 but kept for subsequent analysis
NOTE: PP654527 is identical to MH449532 but kept for subsequent analysis
NOTE: KX456626 is identical to KX456529 but kept for subsequent analysis
NOTE: PX272555 is identical to AP012392 but kept for subsequent analysis
NOTE: KF540831 is identical to KF540806 but kept for subsequent analysis
NOTE: KU521478 is identical to KU521476 but kept for subsequent analysis
NOTE: HG00535 is identical to HG00534 but kept for subsequent analysis
NOTE: MN595829 is identical to MN595788 but kept for subsequent analysis
NOTE: KU683119 is identical to KU683028 but kept for subsequent analysis
NOTE: KU683174 is identical to KU683123 but kept for subsequent analysis
NOTE: KY408168 is identical to KY409894 but kept for subsequent analysis
NOTE: OL619852 is identical to OL619853 but kept for subsequent analysis
NOTE: MG646160 is identical to MG646121 but kept for subsequent analysis
NOTE: HG01633 is identical to HG01632 but kept for subsequent analysis
NOTE: MT554215 is identical to MF523171 but kept for subsequent analysis
NOTE: HG02605 is identical to HG02604 but kept for subsequent analysis
NOTE: HG02649 is identical to HG02650 but kept for subsequent analysis
NOTE: AY495273 is identical to KX440343 but kept for subsequent analysis
NOTE: KY408639 is identical to KY409762 but kept for subsequent analysis
NOTE: KC911329 is identical to HGDP00029 but kept for subsequent analysis
NOTE: HGDP01387 is identical to JQ798138 but kept for subsequent analysis
NOTE: KY410098 is identical to KY409540 but kept for subsequent analysis
NOTE: MG646152 is identical to MG952864 but kept for subsequent analysis
NOTE: HG03886 is identical to HG03688 but kept for subsequent analysis
NOTE: MF523188 is identical to MF523134 but kept for subsequent analysis
NOTE: KU683107 is identical to KU682947 but kept for subsequent analysis
NOTE: HG00384 is identical to HG00320 but kept for subsequent analysis
NOTE: MF523103 is identical to MF523117 but kept for subsequent analysis
NOTE: NA20889 is identical to NA21107 but kept for subsequent analysis
NOTE: KU683334 is identical to MF523184 but kept for subsequent analysis
NOTE: KY409651 is identical to KY409302 but kept for subsequent analysis
NOTE: MF522858 is identical to MF523088 but kept for subsequent analysis
NOTE: EU182656 is identical to HG00242 but kept for subsequent analysis
NOTE: KT726017 is identical to KT725979 but kept for subsequent analysis
NOTE: JX152952 is identical to JX152951 but kept for subsequent analysis
NOTE: GU296559 is identical to KJ856766 but kept for subsequent analysis
NOTE: HG03681 is identical to HG03711 but kept for subsequent analysis
NOTE: MG660642 is identical to MG660638 but kept for subsequent analysis
NOTE: KU683326 is identical to KU683280 but kept for subsequent analysis
NOTE: KY408162 is identical to EU523128 but kept for subsequent analysis
NOTE: KY408187 is identical to KY409726 but kept for subsequent analysis
NOTE: KY409620 is identical to KY410153 but kept for subsequent analysis
NOTE: MF523151 is identical to MT554268 but kept for subsequent analysis
NOTE: KY824915 is identical to KC911287 but kept for subsequent analysis
NOTE: HG02775 is identical to HG02776 but kept for subsequent analysis
NOTE: OL619800 is identical to OL619894 but kept for subsequent analysis
NOTE: KT698024 is identical to KT698018 but kept for subsequent analysis
NOTE: KC911315 is identical to AY882381 but kept for subsequent analysis
NOTE: KT698009 is identical to KJ856699 but kept for subsequent analysis
NOTE: GU296615 is identical to HG00146 but kept for subsequent analysis
NOTE: KU682905 is identical to KU682920 but kept for subsequent analysis
NOTE: MG778674 is identical to MG778675 but kept for subsequent analysis
NOTE: MF522867 is identical to JX141361 but kept for subsequent analysis
NOTE: OL619858 is identical to KU683224 but kept for subsequent analysis
NOTE: DQ904330 is identical to GU296581 but kept for subsequent analysis
NOTE: HGDP00311 is identical to MN595751 but kept for subsequent analysis
NOTE: KJ856787 is identical to KJ856703 but kept for subsequent analysis
NOTE: KC911563 is identical to KC911455 but kept for subsequent analysis
NOTE: HGDP00882 is identical to MG646133 but kept for subsequent analysis
NOTE: KY409379 is identical to KY825063 but kept for subsequent analysis
NOTE: HG04148 is identical to HG04147 but kept for subsequent analysis
NOTE: KF056259 is identical to KF056258 but kept for subsequent analysis
NOTE: MG778655 is identical to MG778667 but kept for subsequent analysis
NOTE: KY824865 is identical to KY824913 but kept for subsequent analysis
NOTE: MF523077 is identical to MF523119 but kept for subsequent analysis
NOTE: KU683485 is identical to KU683153 but kept for subsequent analysis
NOTE: MG952837 is identical to FJ147313 but kept for subsequent analysis
NOTE: KU683359 is identical to KU683149 but kept for subsequent analysis
NOTE: KU683132 is identical to KU683026 but kept for subsequent analysis
NOTE: KF849954 is identical to OL619845 but kept for subsequent analysis
NOTE: GU122988 is identical to GU122985 but kept for subsequent analysis
NOTE: MF523214 is identical to MF523074 but kept for subsequent analysis
NOTE: KT698019 is identical to KT698012 but kept for subsequent analysis
NOTE: HG02495 is identical to HG02494 but kept for subsequent analysis
NOTE: MF523059 is identical to MF523064 but kept for subsequent analysis
NOTE: HGDP00315 is identical to MN595706 but kept for subsequent analysis
NOTE: OM194233 is identical to OL619825 but kept for subsequent analysis
NOTE: KC911392 is identical to KC911616 but kept for subsequent analysis
NOTE: MF523148 is identical to MN595693 but kept for subsequent analysis
NOTE: NA12813 is identical to NA07045 but kept for subsequent analysis
NOTE: HG01706 is identical to HG01707 but kept for subsequent analysis
NOTE: KU683214 is identical to KU683120 but kept for subsequent analysis
NOTE: KU683324 is identical to AY495118 but kept for subsequent analysis
NOTE: JX153232 is identical to JX152988 but kept for subsequent analysis
NOTE: MN687125 is identical to AY495325 but kept for subsequent analysis
NOTE: GU123024 is identical to GU123004 but kept for subsequent analysis
NOTE: KU683233 is identical to KU683213 but kept for subsequent analysis
NOTE: KX457099 is identical to KX457100 but kept for subsequent analysis
NOTE: KU683453 is identical to KU683433 but kept for subsequent analysis
NOTE: MF523198 is identical to MF523200 but kept for subsequent analysis
NOTE: NA12343 is identical to NA12336 but kept for subsequent analysis
NOTE: KY410149 is identical to KY408548 but kept for subsequent analysis
NOTE: MT554256 is identical to MF523169 but kept for subsequent analysis
NOTE: KC911547 is identical to KC911370 but kept for subsequent analysis
NOTE: KU683443 is identical to KU683386 but kept for subsequent analysis
NOTE: MF523212 is identical to MF523210 but kept for subsequent analysis
NOTE: KY409553 is identical to KY409230 but kept for subsequent analysis
NOTE: KC911518 is identical to KC911523 but kept for subsequent analysis
NOTE: KC911561 is identical to JQ702147 but kept for subsequent analysis
NOTE: KY409314 is identical to KY409327 but kept for subsequent analysis
NOTE: MN687219 is identical to MN687220 but kept for subsequent analysis
NOTE: MG660789 is identical to MG660752 but kept for subsequent analysis
NOTE: MG660779 is identical to MG660771 but kept for subsequent analysis
NOTE: MG660760 is identical to MG660759 but kept for subsequent analysis
NOTE: MG660797 is identical to MG660795 but kept for subsequent analysis
NOTE: MG778673 is identical to KF148508 but kept for subsequent analysis
NOTE: MG660776 is identical to MG660758 but kept for subsequent analysis
NOTE: KU521490 is identical to KU521489 but kept for subsequent analysis
NOTE: KU683542 is identical to KU683398 but kept for subsequent analysis
NOTE: MG660782 is identical to MG660790 but kept for subsequent analysis
NOTE: KF148345 is identical to KF148354 but kept for subsequent analysis
NOTE: MG778672 is identical to MG778663 but kept for subsequent analysis
NOTE: MG660767 is identical to MG660794 but kept for subsequent analysis
NOTE: KF148348 is identical to KF148371 but kept for subsequent analysis
NOTE: MG660757 is identical to KF148346 but kept for subsequent analysis
NOTE: KF148372 is identical to KF148352 but kept for subsequent analysis
NOTE: MG660800 is identical to MG660774 but kept for subsequent analysis
NOTE: MG660754 is identical to MG660781 but kept for subsequent analysis
NOTE: KF148340 is identical to KF148337 but kept for subsequent analysis
NOTE: GU733823 is identical to GQ119013 but kept for subsequent analysis
NOTE: GU733768 is identical to GU733787 but kept for subsequent analysis
NOTE: KU683023 is identical to HGDP01305 but kept for subsequent analysis
NOTE: KF540560 is identical to KF540577 but kept for subsequent analysis
NOTE: KT725932 is identical to KT725889 but kept for subsequent analysis
NOTE: KC985156 is identical to KF148199 but kept for subsequent analysis
NOTE: MK217945 is identical to MK217935 but kept for subsequent analysis
NOTE: KT725905 is identical to KT725876 but kept for subsequent analysis
NOTE: KU683342 is identical to KU682963 but kept for subsequent analysis
NOTE: KU683535 is identical to KU683221 but kept for subsequent analysis
NOTE: KT587378 is identical to KT587386 but kept for subsequent analysis
NOTE: KU683537 is identical to KU683507 but kept for subsequent analysis
NOTE: FJ383621 is identical to FJ383629 but kept for subsequent analysis
NOTE: MT419146 is identical to MT419138 but kept for subsequent analysis
NOTE: MF058414 is identical to AF346992 but kept for subsequent analysis
Checking for duplicate sequences: done in 0.472182 secs using 720% CPU
Reading input tree file input/mtDNA.reroot.IQTREE.tree ...

NOTE: 6301 MB RAM (6 GB) is required!
Estimate model parameters (epsilon = 0.010)
1. Initial log-likelihood: -245182.210
2. Current log-likelihood: -215363.073
3. Current log-likelihood: -212909.769
4. Current log-likelihood: -212262.130
5. Current log-likelihood: -212170.293
6. Current log-likelihood: -212161.104
7. Current log-likelihood: -212160.308
8. Current log-likelihood: -212160.251
9. Current log-likelihood: -212160.240
Optimal log-likelihood: -212160.238
Rate parameters:  A-C: 1.03053  A-G: 42.80629  A-T: 0.86300  C-G: 0.52884  C-T: 100.00000  G-T: 1.00000
Warning! Some parameters hit the boundaries
Base frequencies:  A: 0.305  C: 0.323  G: 0.145  T: 0.228
Gamma shape alpha: 0.166
Parameters optimization took 9 rounds (230.595 sec)

WARNING: Estimated model parameters are at boundary that can cause numerical instability!

Wrote distance file to... 
BEST SCORE FOUND : -212160.238
Total tree length: 8.160

Total number of iterations: 0
CPU time used for tree search: 0.002 sec (0h:0m:0s)
Wall-clock time used for tree search: 0.000 sec (0h:0m:0s)
Total CPU time used: 3648.747 sec (1h:0m:48s)
Total wall-clock time used: 230.893 sec (0h:3m:50s)
--- Start phylogenetic dating ---
Reading date file output/1-lsd2/1-table/lsd2_dates.txt ...
7854 dates extracted
Building time tree by least-square dating (LSD) with command:
lsd -i temp/1-lsd2/lsd2/lsd.timetree.subst -s 17590 -o temp/1-lsd2/lsd2/lsd.timetree -g temp/1-lsd2/lsd2/lsd.timetree.outgroup -d temp/1-lsd2/lsd2/lsd.timetree.date -a -180000 -z 0 -l 0 
Reroot the tree(s) using given outgroups ...

TREE 1
*PROCESSING:
Reading the tree ... 
Collapse 0 (over 7850) internal branches having branch length <= 0
 (settable via option -l)
Parameter to adjust variances was set to 0.000569 (settable via option -b)
Minimum branch length of time scaled tree (settable via option -u and -U): 0
Estimating the root position on the branch defined by given outgroups ...

*RESULTS:
- Dating results:
 rate 7.71808e-08, tMRCA -180000 , objective function 1.89491

TOTAL ELAPSED TIME: 14.1 seconds
LSD results written to:
  LSD report:                  temp/1-lsd2/lsd2/lsd.timetree.lsd
  Time tree in nexus format:   temp/1-lsd2/lsd2/lsd.timetree.nex
  Time tree in newick format:  temp/1-lsd2/lsd2/lsd.timetree.nwk

--- End phylogenetic dating ---

Analysis results written to: 
  IQ-TREE report:                temp/1-lsd2/lsd2/lsd.iqtree
  Maximum-likelihood tree:       temp/1-lsd2/lsd2/lsd.treefile
  Screen log file:               temp/1-lsd2/lsd2/lsd.log

Date and Time: Thu Jun  4 11:28:47 2026

libarcher.so: cannot open shared object file: No such file or directory
