haplogroup	n_samples	rho_age_kya	rho_ci95_lower_kya	rho_ci95_upper_kya	confidence	ml_age_kya	ml_ci95_lower_kya	ml_ci95_upper_kya	calibration_method	diff_kya	rel_diff_pct
A	3702	26.8044	26.324	27.2858	high	26.8044	26.324	27.2858	rho_direct	0.0	0.0
A1	34	18.6763	12.3362	25.2128	low	18.6763	12.3362	25.2128	rho_direct	0.0	0.0
A10	8	9.5857	7.1447	12.0612	low	9.5857	7.1447	12.0612	rho_fallback_no_desc	0.0	0.0
A11	242	17.3995	15.9738	18.8351	high	17.3995	15.9738	18.8351	rho_direct	0.0	0.0
A11_C16234T	54	18.0085	14.151	21.9388	low	15.2624	12.8105	17.7518	single_child_interpolation	-2.746100000000002	15.248910236832616
A11a	114	11.9609	10.848	13.0805	high	11.9609	10.848	13.0805	rho_direct	0.0	0.0
A11b	34	13.1253	9.6473	16.6685	medium	13.1253	9.6473	16.6685	rho_direct	0.0	0.0
A11b1	10	10.3363	5.775	15.0179	medium	10.3363	5.775	15.0179	rho_direct	0.0	0.0
A11b2	3	1.7185	-1.6302	5.1456	low	1.7185	0.0	5.1456	rho_fallback_no_desc	0.0	0.0
A12	12	19.251	13.82	24.8239	low	13.1123	8.4157	17.9618	single_child_interpolation	-6.138700000000002	31.887694145758672
A12a	8	8.9061	2.2324	15.8489	low	8.9061	2.2324	15.8489	rho_fallback_no_desc	0.0	0.0
A13	149	15.9257	13.2799	18.607	high	16.5166	14.015	19.0579	single_child_interpolation	0.5908999999999995	3.7103549608494415
A13a	15	15.2335	11.5227	19.0155	low	15.2335	11.5227	19.0155	rho_direct	0.0	0.0
A14	283	13.9709	12.3689	15.5863	high	12.1134	10.8218	13.4141	single_child_interpolation	-1.8575	13.29549277426651
A14c	11	6.427	5.1364	7.7279	medium	6.427	5.1364	7.7279	rho_direct	0.0	0.0
A15	541	17.5636	16.3856	18.7483	high	17.5636	16.3856	18.7483	rho_direct	0.0	0.0
A15a	311	14.3477	12.6257	16.0851	high	14.3477	12.6257	16.0851	rho_direct	0.0	0.0
A15b	8	10.9529	5.8024	16.255	low	10.9529	5.8024	16.255	rho_fallback_no_desc	0.0	0.0
A15c	120	15.4676	13.643	17.3092	high	13.0476	11.6567	14.4495	single_child_interpolation	-2.42	15.645607592645272
A15c1	76	8.5316	6.9278	10.1507	high		5.8283		single_child_interpolation		
A15c1c	0				no_ci		0.0		rho_fallback_no_desc		
A15g	4	6.5486	3.9479	9.1912	low	6.5486	3.9479	9.1912	rho_fallback_no_desc	0.0	0.0
A15i	8	15.4676	10.4591	20.6062	low	15.4676	10.4591	20.6062	rho_fallback_no_desc	0.0	0.0
A16	11	13.3705	-3.343	31.7156	low	13.3705	0.0	31.7156	rho_direct	0.0	0.0
A17	186	16.7337	14.7687	18.7178	high	16.7337	14.7687	18.7178	rho_direct	0.0	0.0
A17a	9	4.3344	2.8488	5.8344	low	4.3344	2.8488	5.8344	rho_fallback_no_desc	0.0	0.0
A17c	11	11.8597	5.8481	18.0749	medium	11.8597	5.8481	18.0749	rho_direct	0.0	0.0
A17e	4	6.5486	5.0419	8.0692	low	6.5486	5.0419	8.0692	rho_fallback_no_desc	0.0	0.0
A18	30	12.9075	10.2795	15.5729	medium	12.9075	10.2795	15.5729	rho_direct	0.0	0.0
A19	47	12.0732	9.1255	15.0689	medium	16.3176	15.1183	17.5271	single_child_interpolation	4.244399999999999	35.15555113805784
A19b	6	9.2456	7.4352	11.075	low	9.2456	7.4352	11.075	rho_fallback_no_desc	0.0	0.0
A1a	26	13.5845	5.9435	21.5455	medium	16.3019	6.9007	26.2365	single_child_interpolation	2.7173999999999996	20.003680665464312
A1a1	15	13.9275	1.4652	27.2603	low	13.9275	1.4652	27.2603	rho_direct	0.0	0.0
A1b	5	16.7367	6.0397	28.0305	low	16.7367	6.0397	28.0305	rho_fallback_no_desc	0.0	0.0
A2	457	16.4991	15.778	17.2228	high	16.4991	15.778	17.2228	rho_direct	0.0	0.0
A20	11	12.8655	5.4466	20.5905	medium	12.8655	5.4466	20.5905	rho_direct	0.0	0.0
A21	76	12.4579	9.8595	15.0931	high	16.3629	15.1056	17.6317	single_child_interpolation	3.9049999999999994	31.345571886112424
A21a	15	9.3362	7.4097	11.2842	medium	9.3362	7.4097	11.2842	rho_direct	0.0	0.0
A22	6	6.5486	0.4999	12.8297	low	6.5486	0.4999	12.8297	rho_fallback_no_desc	0.0	0.0
A23	6	4.7748	2.3194	7.2692	low	4.7748	2.3194	7.2692	rho_fallback_no_desc	0.0	0.0
A24	21	4.4601	2.1862	6.7676	medium	4.4601	2.1862	6.7676	rho_direct	0.0	0.0
A25	54	11.8829	7.7377	16.1238	high	11.8829	7.7377	16.1238	rho_direct	0.0	0.0
A26	4	7.8917	-4.0306	20.7258	low	7.8917	0.0	20.7258	rho_fallback_no_desc	0.0	0.0
A27	4	19.0125	19.0125	19.0125	low	19.0125	19.0125	19.0125	rho_fallback_no_desc	0.0	0.0
A28	10	11.4338	6.6062	16.3931	medium	11.4338	6.6062	16.3931	rho_direct	0.0	0.0
A29	16	17.2324	5.6222	29.542	low	17.2324	5.6222	29.542	rho_direct	0.0	0.0
A2_C64T	289	17.0031	16.031	17.98	low	17.0031	16.031	17.98	rho_direct	0.0	0.0
A2_C64T_G153A!	21	13.2381	11.4257	15.068	medium	13.2381	11.4257	15.068	rho_direct	0.0	0.0
A2_C64T_G16129A!	16	10.6101	8.1283	13.1268	medium	10.6101	8.1283	13.1268	rho_direct	0.0	0.0
A2_C64T_T16111C!	40	16.5953	13.2534	19.9933	low	16.5953	13.2534	19.9933	rho_direct	0.0	0.0
A2_C64T_T16189C!	7	12.1824	10.5788	13.8001	low	13.533	12.0512	15.0286	single_child_interpolation	1.3506	11.086485421591805
A2a	39	4.3344	3.1935	5.4837	medium	4.3344	3.1935	5.4837	rho_direct	0.0	0.0
A2a1	4	0.642	-0.6136	1.9088	low	0.642	0.0	1.9088	rho_fallback_no_desc	0.0	0.0
A2a2	4	3.8953	2.4139	5.3911	low	3.8953	2.4139	5.3911	rho_fallback_no_desc	0.0	0.0
A2a3	3	3.4574	-1.009	8.0587	low	3.4574	0.0	8.0587	rho_fallback_no_desc	0.0	0.0
A2a4	2	1.2869	-1.2245	3.8427	very_low	1.2869	0.0	3.8427	rho_fallback_no_desc	0.0	0.0
A2a5	2	2.5854	-2.4381	7.7838	very_low	2.5854	0.0	7.7838	rho_fallback_no_desc	0.0	0.0
A2aa	3	5.2164	2.2425	8.247	low	5.2164	2.2425	8.247	rho_fallback_no_desc	0.0	0.0
A2ab	2	6.5486	3.9479	9.1912	very_low	6.5486	3.9479	9.1912	rho_fallback_no_desc	0.0	0.0
A2ac	7	11.788	10.1879	13.4023	low	10.5808	9.4648	11.7045	single_child_interpolation	-1.2072000000000003	10.240922972514424
A2ac1	5	4.1586	2.8985	5.4291	low	4.1586	2.8985	5.4291	rho_fallback_no_desc	0.0	0.0
A2ad	5	14.4861	8.9252	20.2113	low	14.4861	8.9252	20.2113	rho_fallback_no_desc	0.0	0.0
A2ad1	2	2.5854	-2.4381	7.7838	very_low	2.5854	0.0	7.7838	rho_fallback_no_desc	0.0	0.0
A2ad2	2	11.9851	4.0532	20.2747	very_low	11.9851	4.0532	20.2747	rho_fallback_no_desc	0.0	0.0
A2ae	4	9.2456	3.79	14.8782	low	9.2456	3.79	14.8782	rho_fallback_no_desc	0.0	0.0
A2af	16	24.2589	20.8011	27.7683	low	24.2589	20.8011	27.7683	rho_direct	0.0	0.0
A2af1	15	19.0125	15.5808	22.5005	low	19.0125	15.5808	22.5005	rho_direct	0.0	0.0
A2af1a	6	10.6101	6.2803	15.0473	low	10.6101	6.2803	15.0473	rho_fallback_no_desc	0.0	0.0
A2af1a1	2	13.3705	7.9996	18.8981	very_low	13.3705	7.9996	18.8981	rho_fallback_no_desc	0.0	0.0
A2af1a2	2	3.8953	1.3387	6.4951	very_low	3.8953	1.3387	6.4951	rho_fallback_no_desc	0.0	0.0
A2af1b	9	19.9681	17.0207	22.9561	low	19.9681	17.0207	22.9561	rho_fallback_no_desc	0.0	0.0
A2af1b1	5	12.2614	7.9124	16.7149	low	12.2614	7.9124	16.7149	rho_fallback_no_desc	0.0	0.0
A2af1b1a	2	3.8953	1.3387	6.4951	very_low	3.8953	1.3387	6.4951	rho_fallback_no_desc	0.0	0.0
A2af1b1b	2	3.8953	1.3387	6.4951	very_low	3.8953	1.3387	6.4951	rho_fallback_no_desc	0.0	0.0
A2af1b2	2	5.2164	5.2164	5.2164	very_low	5.2164	5.2164	5.2164	rho_fallback_no_desc	0.0	0.0
A2af2	1	0.0			no_ci	0.0	0.0		rho_fallback_no_desc	0.0	
A2ag	2	3.8953	-3.6406	11.8196	very_low	3.8953	0.0	11.8196	rho_fallback_no_desc	0.0	0.0
A2ah	4	9.2456	4.2204	14.4206	low	9.2456	4.2204	14.4206	rho_fallback_no_desc	0.0	0.0
A2ai	4	5.8811	2.6294	9.1997	low	5.8811	2.6294	9.1997	rho_fallback_no_desc	0.0	0.0
A2aj	3	1.7185	0.0342	3.4224	low	1.7185	0.0342	3.4224	rho_fallback_no_desc	0.0	0.0
A2ak	3	13.3705	13.3705	13.3705	low	13.3705	13.3705	13.3705	rho_fallback_no_desc	0.0	0.0
A2al	5	8.9739	6.8592	11.1149	low	8.5015	8.0155	8.99	single_child_interpolation	-0.4724000000000004	5.264154938209701
A2am	7	0.3665	-0.351	1.0876	low	0.3665	0.0	1.0876	rho_fallback_no_desc	0.0	0.0
A2an	3	8.7931	5.2872	12.372	low	8.7931	5.2872	12.372	rho_fallback_no_desc	0.0	0.0
A2ao	3	12.4458	7.7248	17.2898	low	9.2272	5.7641	12.7843	single_child_interpolation	-3.2186000000000003	25.860933005511903
A2ao1	2	5.2164	0.1025	10.5005	very_low	5.2164	0.1025	10.5005	rho_fallback_no_desc	0.0	0.0
A2ap	5	10.063	8.0715	12.0772	low	10.063	8.0715	12.0772	rho_fallback_no_desc	0.0	0.0
A2aq	2	1.2869	-1.2245	3.8427	very_low	1.2869	0.0	3.8427	rho_fallback_no_desc	0.0	0.0
A2ar	4	0.0	0.0	0.0	low	0.0	0.0	0.0	rho_fallback_no_desc	0.0	
A2b	26	4.8087	3.787	5.8371	medium	9.4879	8.6314	10.3492	single_child_interpolation	4.6792	97.30696446024912
A2b1	24	2.4768	1.4847	3.4756	medium	2.4768	1.4847	3.4756	rho_direct	0.0	0.0
A2c	2	11.9851	9.2999	14.71	very_low	11.9851	9.2999	14.71	rho_fallback_no_desc	0.0	0.0
A2d	12	9.2456	7.2359	11.2787	medium	9.2456	7.2359	11.2787	rho_direct	0.0	0.0
A2d1	6	8.3418	5.8311	10.89	low	6.5705	3.9194	9.2691	single_child_interpolation	-1.7712999999999992	21.23402622935097
A2d1a	4	3.8953	0.603	7.2595	low	3.8953	0.603	7.2595	rho_fallback_no_desc	0.0	0.0
A2d2	2	6.5486	3.9479	9.1912	very_low	6.5486	3.9479	9.1912	rho_fallback_no_desc	0.0	0.0
A2e	1	0.0			no_ci	0.0	0.0		rho_fallback_no_desc	0.0	
A2f	7	20.6532	15.9541	25.4552	low	20.6532	15.9541	25.4552	rho_fallback_no_desc	0.0	0.0
A2f1	3	6.1033	-0.0571	12.5075	low	10.9701	7.9771	14.649	single_child_interpolation	4.8668000000000005	79.7404682712631
A2f1a	2	1.2869	-1.2245	3.8427	very_low	1.2869	0.0	3.8427	rho_fallback_no_desc	0.0	0.0
A2f2	2	9.2456	6.6021	11.9299	very_low	9.2456	6.6021	11.9299	rho_fallback_no_desc	0.0	0.0
A2f3	2	9.2456	1.4422	17.4168	very_low	9.2456	1.4422	17.4168	rho_fallback_no_desc	0.0	0.0
A2g	9	8.4921	5.0166	12.0397	low	8.5015	8.0155	8.99	single_child_interpolation	0.009399999999999409	0.11069111291670386
A2g1	3	0.0	0.0	0.0	low	0.0	0.0	0.0	rho_fallback_no_desc	0.0	
A2h	5	19.5853	14.2058	25.1031	low	11.5532	10.2003	12.9178	single_child_interpolation	-8.0321	41.01086018595579
A2h1	3	6.1033	4.3696	7.8557	low	6.1033	4.3696	7.8557	rho_fallback_no_desc	0.0	0.0
A2i	2	2.5854	-2.4381	7.7838	very_low	2.5854	0.0	7.7838	rho_fallback_no_desc	0.0	0.0
A2j	6	8.7931	2.3872	15.4471	low	9.7942	9.3082	10.2827	single_child_interpolation	1.0010999999999992	11.385063288260103
A2j1	2	2.5854	2.5854	2.5854	very_low	2.5854	2.5854	2.5854	rho_fallback_no_desc	0.0	0.0
A2k	17	9.6458	7.1581	12.1693	medium	9.6458	7.1581	12.1693	rho_direct	0.0	0.0
A2k1	13	4.4021	3.1803	5.6335	medium	5.5742	3.7518	7.4191	single_child_interpolation	1.1721000000000004	26.625928534108727
A2k1a	12	1.5026	0.3455	2.6689	medium	1.5026	0.3455	2.6689	rho_direct	0.0	0.0
A2k2	4	4.5544	3.2651	5.8544	low	4.5544	3.2651	5.8544	rho_fallback_no_desc	0.0	0.0
A2l	6	2.5854	1.2713	3.9113	low	2.5854	1.2713	3.9113	rho_fallback_no_desc	0.0	0.0
A2m	12	17.5872	15.1783	20.0245	low	17.5872	15.1783	20.0245	rho_direct	0.0	0.0
A2m1	1	5.2164			no_ci	5.2164	0.0		rho_fallback_no_desc	0.0	0.0
A2m2	4	10.6101	10.6101	10.6101	low	10.6101	10.6101	10.6101	rho_fallback_no_desc	0.0	0.0
A2n	3	22.86	17.8851	27.9455	low	22.86	17.8851	27.9455	rho_fallback_no_desc	0.0	0.0
A2o	5	5.2164	2.3937	8.0901	low	9.1569	6.6438	11.7079	single_child_interpolation	3.9405	75.54060271451576
A2o1	3	1.7185	0.0342	3.4224	low	1.7185	0.0342	3.4224	rho_fallback_no_desc	0.0	0.0
A2p	9	9.6992	5.6673	13.8261	low	9.6992	5.6673	13.8261	rho_fallback_no_desc	0.0	0.0
A2p1	4	4.5544	2.0951	7.053	low	4.5544	2.0951	7.053	rho_fallback_no_desc	0.0	0.0
A2p2	2	5.2164	5.2164	5.2164	very_low	5.2164	5.2164	5.2164	rho_fallback_no_desc	0.0	0.0
A2q	11	14.1304	11.2854	17.0181	medium	14.1304	11.2854	17.0181	rho_direct	0.0	0.0
A2q1	2	13.3705	-2.2366	30.3893	very_low	13.3705	0.0	30.3893	rho_fallback_no_desc	0.0	0.0
A2q2	6	0.4277	-0.4094	1.2697	low	0.4277	0.0	1.2697	rho_fallback_no_desc	0.0	0.0
A2r	6	6.1033	2.655	9.6266	low	9.869	8.2895	11.4697	single_child_interpolation	3.7657	61.69940851670408
A2r1	4	3.2389	0.801	5.7167	low	3.2389	0.801	5.7167	rho_fallback_no_desc	0.0	0.0
A2s	1	0.0			no_ci	0.0	0.0		rho_fallback_no_desc	0.0	
A2t	4	10.6101	6.854	14.4468	low	10.6101	6.854	14.4468	rho_fallback_no_desc	0.0	0.0
A2u	8	19.3703	13.9846	24.8952	low	19.3703	13.9846	24.8952	rho_fallback_no_desc	0.0	0.0
A2u1	5	12.8151	7.3563	18.4378	low	12.8151	7.3563	18.4378	rho_fallback_no_desc	0.0	0.0
A2u2	2	19.0125	13.4817	24.6912	very_low	19.0125	13.4817	24.6912	rho_fallback_no_desc	0.0	0.0
A2v	15	12.0771	9.0288	15.1768	medium	13.8066	11.8746	15.7647	single_child_interpolation	1.7294999999999998	14.320490846312442
A2v1	13	10.6101	7.7183	13.5494	medium	11.0742	8.1465	14.0612	single_child_interpolation	0.4641000000000002	4.374134079791898
A2v1_T152C!!!	6	8.3418	4.4184	12.3577	low	8.3418	4.4184	12.3577	rho_fallback_no_desc	0.0	0.0
A2v1a	4	4.5544	0.7193	8.4861	low	4.5544	0.7193	8.4861	rho_fallback_no_desc	0.0	0.0
A2v1b	2	7.8917	-2.3374	18.7838	very_low	7.8917	0.0	18.7838	rho_fallback_no_desc	0.0	0.0
A2w	43	7.641	5.0281	10.2952	medium	17.4373	14.9272	19.9901	single_child_interpolation	9.7963	128.2070409632247
A2w1	10	17.8715	13.8234	22.0001	low	14.0237	12.7687	15.3001	single_child_interpolation	-3.847800000000001	21.530369582855393
A2w1a	4	10.6101	10.6101	10.6101	low	10.6101	10.6101	10.6101	rho_fallback_no_desc	0.0	0.0
A2x	3	8.7931	4.1712	13.5427	low	8.7931	4.1712	13.5427	rho_fallback_no_desc	0.0	0.0
A2y	2	1.2869	-1.2245	3.8427	very_low	1.2869	0.0	3.8427	rho_fallback_no_desc	0.0	0.0
A2z	15	2.238	0.6063	3.8879	medium	2.238	0.6063	3.8879	rho_direct	0.0	0.0
A3	13	11.455	0.7665	22.8126	medium	16.6031	12.3904	21.0098	single_child_interpolation	5.148100000000001	44.94194674814492
A30	9	7.2934	1.5246	13.2696	low	7.2934	1.5246	13.2696	rho_fallback_no_desc	0.0	0.0
A31	7	9.4398	5.4784	13.4934	low	9.4398	5.4784	13.4934	rho_fallback_no_desc	0.0	0.0
A32	8	7.2188	3.4419	11.0835	low	7.2188	3.4419	11.0835	rho_fallback_no_desc	0.0	0.0
A33	3	3.4574	1.7531	5.181	low	3.4574	1.7531	5.181	rho_fallback_no_desc	0.0	0.0
A34	12	35.5502	12.8393	60.2252	low	35.5502	12.8393	60.2252	rho_direct	0.0	0.0
A35	4	8.5673	7.2456	9.8992	low	8.5673	7.2456	9.8992	rho_fallback_no_desc	0.0	0.0
A36	6	9.2456	3.2415	15.4649	low	9.2456	3.2415	15.4649	rho_fallback_no_desc	0.0	0.0
A37	4	18.2986	10.1276	26.8019	low	18.2986	10.1276	26.8019	rho_fallback_no_desc	0.0	0.0
A38	3	7.8917	2.6898	13.2593	low	7.8917	2.6898	13.2593	rho_fallback_no_desc	0.0	0.0
A39	3	0.0	0.0	0.0	low	0.0	0.0	0.0	rho_fallback_no_desc	0.0	
A3a	3	7.8917	0.0155	16.1546	low	7.8917	0.0155	16.1546	rho_fallback_no_desc	0.0	0.0
A4	9	18.0612	15.2896	20.8701	low	18.0612	15.2896	20.8701	rho_fallback_no_desc	0.0	0.0
A5	483	21.3944	20.2198	22.5751	high	21.3944	20.2198	22.5751	rho_direct	0.0	0.0
A5a	82	11.4808	9.8614	13.1148	high	11.4808	9.8614	13.1148	rho_direct	0.0	0.0
A5a1	29	12.7004	10.7183	14.7037	low	12.7004	10.7183	14.7037	rho_direct	0.0	0.0
A5a1a	26	10.8209	8.994	12.6667	medium	10.8209	8.994	12.6667	rho_direct	0.0	0.0
A5a1a1	19	6.1969	4.0127	8.411	medium	6.1969	4.0127	8.411	rho_direct	0.0	0.0
A5a1a1a	4	2.5854	-0.9854	6.2437	low	2.5854	0.0	6.2437	rho_fallback_no_desc	0.0	0.0
A5a1a1b	3	4.3344	-0.1585	8.961	low	4.3344	0.0	8.961	rho_fallback_no_desc	0.0	0.0
A5a1a2	4	7.8917	5.7475	10.0635	low	8.0186	7.1052	8.9415	single_child_interpolation	0.12689999999999912	1.6080185511359928
A5a1a2a	2	5.2164	5.2164	5.2164	very_low	5.2164	5.2164	5.2164	rho_fallback_no_desc	0.0	0.0
A5a1b	2	5.2164	0.1025	10.5005	very_low	5.2164	0.1025	10.5005	rho_fallback_no_desc	0.0	0.0
A5a2	2	1.2869	-1.2245	3.8427	very_low	1.2869	0.0	3.8427	rho_fallback_no_desc	0.0	0.0
A5a3	3	5.2164	5.2164	5.2164	low	7.0331	6.2234	7.8501	single_child_interpolation	1.8167	34.82670040641055
A5a3a	2	2.5854	2.5854	2.5854	very_low	2.5854	2.5854	2.5854	rho_fallback_no_desc	0.0	0.0
A5a4	3	2.5854	-0.3368	5.566	low	2.5854	0.0	5.566	rho_fallback_no_desc	0.0	0.0
A5a5	5	3.108	0.6158	5.642	low	3.108	0.6158	5.642	rho_fallback_no_desc	0.0	0.0
A5a6	3	2.5854	2.5854	2.5854	low	2.5854	2.5854	2.5854	rho_fallback_no_desc	0.0	0.0
A5b	223	21.8918	19.7691	24.0349	low	18.5998	17.0167	20.1959	single_child_interpolation	-3.2920000000000016	15.037593984962413
A5b1	223	15.8051	13.8135	17.8168	high	15.8051	13.8135	17.8168	rho_direct	0.0	0.0
A5b1a	7	10.2191	8.0676	12.3972	low	9.8502	8.1137	11.604	single_child_interpolation	-0.3689	3.6099069389672285
A5b1a1	4	3.8953	2.4139	5.3911	low	3.8953	2.4139	5.3911	rho_fallback_no_desc	0.0	0.0
A5b1b	152	14.4898	11.718	17.3018	high	18.559	6.9067	36.2947	single_child_interpolation	4.0692	28.083203356844127
A5b1b3	5	21.3129	-7.6754	54.7725	low	21.3129	0.0	54.7725	rho_fallback_no_desc	0.0	0.0
A5b1c	26	14.0133	11.0747	16.9976	medium	11.3442	8.6288	14.1063	single_child_interpolation	-2.6690999999999985	19.04690543983215
A5b1c1	24	6.8833	3.4441	10.3959	medium	6.8833	3.4441	10.3959	rho_direct	0.0	0.0
A5c	36	9.6235	4.6447	14.7482	medium	19.3488	10.1099	37.5243	single_child_interpolation	9.7253	101.0578271938484
A5c1	5	17.3033	-12.5999	52.4735	low	17.3033	0.0	52.4735	rho_fallback_no_desc	0.0	0.0
A5f	4	10.6101	8.4315	12.8156	low	10.6101	8.4315	12.8156	rho_fallback_no_desc	0.0	0.0
A5g	3	12.4458	10.6466	14.2625	low	12.4458	10.6466	14.2625	rho_fallback_no_desc	0.0	0.0
A6	120	18.6077	15.5758	21.6838	high	18.6077	15.5758	21.6838	rho_direct	0.0	0.0
A6a	29	9.4801	7.4835	11.4997	medium	9.4801	7.4835	11.4997	rho_direct	0.0	0.0
A6b	16	9.756	4.4154	15.2643	medium	9.756	4.4154	15.2643	rho_direct	0.0	0.0
A6e	9	11.8318	2.6695	21.4769	low	11.8318	2.6695	21.4769	rho_fallback_no_desc	0.0	0.0
A7	45	15.9837	11.739	20.3204	medium	15.9837	11.739	20.3204	rho_direct	0.0	0.0
A8	63	23.1836	20.3148	26.0886	high	24.2719	22.5625	26.0013	single_child_interpolation	1.0883000000000003	4.69426663676047
A8a	57	21.7394	18.8009	24.7169	high	21.7394	18.8009	24.7169	rho_direct	0.0	0.0
A8a1	19	8.4604	5.2324	11.7507	medium	8.4604	5.2324	11.7507	rho_direct	0.0	0.0
A8a5	21	22.0299	16.4524	27.7491	low	22.0299	16.4524	27.7491	rho_direct	0.0	0.0
A9	0				no_ci		0.0		rho_fallback_no_desc		
A_T152C	3037	25.3145	24.7653	25.865	high	25.3145	24.7653	25.865	rho_direct	0.0	0.0
A_T152C_T16362C	2685	23.3896	22.8015	23.9792	high	23.3896	22.8015	23.9792	rho_direct	0.0	0.0
A_T152C_T16362C_A200G	642	17.7997	16.5072	19.1003	high	17.7997	16.5072	19.1003	rho_direct	0.0	0.0
A_T152C_T16362C_T16189C	37	17.3186	14.599	20.0747	medium	17.3186	14.599	20.0747	rho_direct	0.0	0.0
B2	326	18.8459	18.0221	19.6728	high	18.8459	18.0221	19.6728	rho_direct	0.0	0.0
B2_C16278T!	5	15.0464	9.7345	20.5062	low	11.3706	9.6804	13.084	single_child_interpolation	-3.6758000000000006	24.429763930242455
B2a	27	11.934	10.225	13.659	medium	11.934	10.225	13.659	rho_direct	0.0	0.0
B2a1	9	8.4921	6.2059	10.8093	low	8.4921	6.2059	10.8093	rho_fallback_no_desc	0.0	0.0
B2a1a	2	5.2164	0.1025	10.5005	very_low	5.5388	3.1029	9.2965	single_child_interpolation	0.3224	6.180507629782992
B2a1a1	2	2.5854	-2.4381	7.7838	very_low	2.5854	0.0	7.7838	rho_fallback_no_desc	0.0	0.0
B2a1b	2	6.5486	3.9479	9.1912	very_low	6.5486	3.9479	9.1912	rho_fallback_no_desc	0.0	0.0
B2a2	3	11.5256	9.7356	13.3334	low	11.5256	9.7356	13.3334	rho_fallback_no_desc	0.0	0.0
B2a3	4	3.8953	1.3387	6.4951	low	3.8953	1.3387	6.4951	rho_fallback_no_desc	0.0	0.0
B2a4	5	13.3705	9.9548	16.8488	low	11.9596	9.7625	14.1845	single_child_interpolation	-1.4108999999999998	10.55233536516959
B2a4a	4	11.9851	9.2999	14.71	low	8.588	7.4894	9.7005	single_child_interpolation	-3.3971	28.344360914802547
B2a4a1	3	5.2164	5.2164	5.2164	low	5.2164	5.2164	5.2164	rho_fallback_no_desc	0.0	0.0
B2a5	2	3.8953	1.3387	6.4951	very_low	3.8953	1.3387	6.4951	rho_fallback_no_desc	0.0	0.0
B2b	82	20.3421	18.3284	22.3746	low	20.3421	18.3284	22.3746	rho_direct	0.0	0.0
B2b1	1	0.0			no_ci	0.0	0.0		rho_fallback_no_desc	0.0	
B2b2	3	20.9279	15.9971	25.9714	low	12.1187	9.8336	14.4348	single_child_interpolation	-8.8092	42.09309104114603
B2b2a	2	3.8953	1.3387	6.4951	very_low	3.8953	1.3387	6.4951	rho_fallback_no_desc	0.0	0.0
B2b3	11	29.1155	25.2493	33.0406	low	15.8879	14.4701	17.3172	single_child_interpolation	-13.2276	45.431471209493225
B2b3a	10	11.4338	10.6117	12.2597	medium	8.3723	7.2436	9.5092	single_child_interpolation	-3.0615000000000006	26.7758750371705
B2b3a1	9	0.8567	0.0171	1.7012	low	0.8567	0.0171	1.7012	rho_fallback_no_desc	0.0	0.0
B2b4	2	0.0	0.0	0.0	very_low	0.0	0.0	0.0	rho_fallback_no_desc	0.0	
B2b5	7	19.4215	16.8578	22.0163	low	19.4215	16.8578	22.0163	rho_fallback_no_desc	0.0	0.0
B2b6	3	10.6101	10.6101	10.6101	low	10.6101	10.6101	10.6101	rho_fallback_no_desc	0.0	0.0
B2b_T152C!	10	13.3705	9.4322	17.3924	medium	10.171	9.1642		single_child_interpolation	-3.1995000000000005	23.92954638943944
B2c	27	13.9895	11.8501	16.153	medium	13.9895	11.8501	16.153	rho_direct	0.0	0.0
B2c1	13	8.0993	5.6854	10.548	medium	8.0993	5.6854	10.548	rho_direct	0.0	0.0
B2c1a	4	3.2389	0.801	5.7167	low	3.2389	0.801	5.7167	rho_fallback_no_desc	0.0	0.0
B2c1b	3	5.2164	-0.6728	11.3326	low	5.2164	0.0	11.3326	rho_fallback_no_desc	0.0	0.0
B2c1c	3	6.1033	4.3696	7.8557	low	6.1033	4.3696	7.8557	rho_fallback_no_desc	0.0	0.0
B2c2	12	10.1541	8.3186	12.0088	medium	10.1541	8.3186	12.0088	rho_direct	0.0	0.0
B2c2a	6	2.5854	1.2713	3.9113	low	2.5854	1.2713	3.9113	rho_fallback_no_desc	0.0	0.0
B2c2b	4	1.9348	0.6678	3.2128	low	1.9348	0.6678	3.2128	rho_fallback_no_desc	0.0	0.0
B2d	46	4.6406	3.5414	5.7476	medium	4.6406	3.5414	5.7476	rho_direct	0.0	0.0
B2e	4	8.5673	3.619	13.663	low	8.5673	3.619	13.663	rho_fallback_no_desc	0.0	0.0
B2f	3	4.3344	2.6202	6.0677	low	4.3344	2.6202	6.0677	rho_fallback_no_desc	0.0	0.0
B2g	8	22.9813	13.9599	32.3726	low	22.9813	13.9599	32.3726	rho_fallback_no_desc	0.0	0.0
B2g1	5	21.8918	9.2122	35.3329	low	21.8918	9.2122	35.3329	rho_fallback_no_desc	0.0	0.0
B2g2	3	6.995	2.4241	11.6961	low	6.995	2.4241	11.6961	rho_fallback_no_desc	0.0	0.0
B2h	2	5.2164	5.2164	5.2164	very_low	5.2164	5.2164	5.2164	rho_fallback_no_desc	0.0	0.0
B2i	17	20.3628	17.7682	22.9886	low	20.3628	17.7682	22.9886	rho_direct	0.0	0.0
B2i1	3	6.995	2.4241	11.6961	low	6.995	2.4241	11.6961	rho_fallback_no_desc	0.0	0.0
B2i2	14	12.3799	9.5262	15.2782	medium	12.3799	9.5262	15.2782	rho_direct	0.0	0.0
B2i2a	9	11.2199	7.8012	14.7044	low	10.3286	8.2137	12.4715	single_child_interpolation	-0.8913000000000011	7.943921068815239
B2i2a1	7	8.2774	6.9011	9.6649	low	8.2774	6.9011	9.6649	rho_fallback_no_desc	0.0	0.0
B2i2a1a	3	3.4574	0.0683	6.9235	low	3.4574	0.0683	6.9235	rho_fallback_no_desc	0.0	0.0
B2i2a1b	2	5.2164	5.2164	5.2164	very_low	5.2164	5.2164	5.2164	rho_fallback_no_desc	0.0	0.0
B2i2b	4	7.8917	3.1362	12.7852	low	9.4642	6.737	12.2347	single_child_interpolation	1.5724999999999998	19.925998200641175
B2i2b1	2	6.5486	3.9479	9.1912	very_low	6.5486	3.9479	9.1912	rho_fallback_no_desc	0.0	0.0
B2j	1	7.8917			no_ci	7.8917	0.0		rho_fallback_no_desc	0.0	0.0
B2k	3	7.8917	0.0155	16.1546	low	7.8917	0.0155	16.1546	rho_fallback_no_desc	0.0	0.0
B2l	3	9.6992	7.9276	11.4889	low	9.6992	7.9276	11.4889	rho_fallback_no_desc	0.0	0.0
B2m	4	11.9851	9.2999	14.71	low	11.9851	9.2999	14.71	rho_fallback_no_desc	0.0	0.0
B2n	2	11.9851	4.0532	20.2747	very_low	11.9851	4.0532	20.2747	rho_fallback_no_desc	0.0	0.0
B2o	5	13.3705	9.5559	17.2634	low	13.3688	9.9612	16.8883	single_child_interpolation	-0.0016999999999995907	0.01271455816910056
B2o1	3	7.8917	1.9004	14.1039	low	9.2926	5.0319	13.6944	single_child_interpolation	1.4009	17.751561767426537
B2o1a	2	5.2164	0.1025	10.5005	very_low	5.2164	0.1025	10.5005	rho_fallback_no_desc	0.0	0.0
B2p	2	9.2456	6.6021	11.9299	very_low	9.2456	6.6021	11.9299	rho_fallback_no_desc	0.0	0.0
B2q	4	13.3705	8.4611	18.4105	low	13.3705	8.4611	18.4105	rho_fallback_no_desc	0.0	0.0
B2r	0				no_ci		0.0		rho_fallback_no_desc		
B2s	2	5.2164	5.2164	5.2164	very_low	5.2164	5.2164	5.2164	rho_fallback_no_desc	0.0	0.0
B2t	3	3.4574	1.7531	5.181	low	3.4574	1.7531	5.181	rho_fallback_no_desc	0.0	0.0
B2u	3	7.8917	0.0155	16.1546	low	7.8917	0.0155	16.1546	rho_fallback_no_desc	0.0	0.0
B2v	2	2.5854	2.5854	2.5854	very_low	2.5854	2.5854	2.5854	rho_fallback_no_desc	0.0	0.0
B2w	2	3.8953	1.3387	6.4951	very_low	3.8953	1.3387	6.4951	rho_fallback_no_desc	0.0	0.0
B2x	3	6.995	5.2518	8.7569	low	6.995	5.2518	8.7569	rho_fallback_no_desc	0.0	0.0
B2y	12	12.2153	9.972	14.4861	medium	14.0457	12.3121	15.8013	single_child_interpolation	1.830400000000001	14.984486668358542
B2y1	2	9.2456	6.6021	11.9299	very_low	9.2456	6.6021	11.9299	rho_fallback_no_desc	0.0	0.0
B4	6090	38.3095	37.8998	38.7199	high	38.3095	37.8998	38.7199	rho_direct	0.0	0.0
B4'5	8940	46.6592	46.2296	47.0894	low	46.6592	46.2296	47.0894	rho_direct	0.0	0.0
B4_C16261T	3000	29.4177	28.9493	29.8869	high	29.4177	28.9493	29.8869	rho_direct	0.0	0.0
B4a	2210	25.3058	24.8315	25.781	high	25.3058	24.8315	25.781	rho_direct	0.0	0.0
B4a1	1604	22.9277	22.464	23.3925	high	22.9277	22.464	23.3925	rho_direct	0.0	0.0
B4a1_T16311C	70	21.2304	19.0271	23.4557	low	21.2304	19.0271	23.4557	rho_direct	0.0	0.0
B4a1a	1074	11.7616	11.5173	12.0063	high	11.7616	11.5173	12.0063	rho_direct	0.0	0.0
B4a1a1	1004	7.1305	6.9196	7.3417	high	7.1305	6.9196	7.3417	rho_direct	0.0	0.0
B4a1a1_C151T	9	4.0415	1.2008	6.9354	low	5.6446	3.8074	7.5214	single_child_interpolation	1.6030999999999995	39.66596560682913
B4a1a1_T152C!	12	4.1147	2.6368	5.6069	medium	4.2087	3.4598	5.5922	single_child_interpolation	0.0940000000000003	2.2844921865506675
B4a1a1_T16126C	5	3.108	0.6158	5.642	low		3.4598		single_child_interpolation		
B4a1a1a	155	6.0574	5.4651	6.6518	high	6.0574	5.4651	6.6518	rho_direct	0.0	0.0
B4a1a1a1	21	6.8674	5.3164	8.4331	low	6.8674	5.3164	8.4331	rho_direct	0.0	0.0
B4a1a1a10	2	3.8953	1.3387	6.4951	very_low	3.8953	1.3387	6.4951	rho_fallback_no_desc	0.0	0.0
B4a1a1a11	6	6.5486	3.3346	9.827	low	6.5486	3.3346	9.827	rho_fallback_no_desc	0.0	0.0
B4a1a1a11a	2	7.8917	2.6898	13.2593	very_low	7.8917	2.6898	13.2593	rho_fallback_no_desc	0.0	0.0
B4a1a1a11b	2	2.5854	-2.4381	7.7838	very_low	2.5854	0.0	7.7838	rho_fallback_no_desc	0.0	0.0
B4a1a1a12	2	3.8953	1.3387	6.4951	very_low	3.8953	1.3387	6.4951	rho_fallback_no_desc	0.0	0.0
B4a1a1a13	2	3.8953	1.3387	6.4951	very_low	3.8953	1.3387	6.4951	rho_fallback_no_desc	0.0	0.0
B4a1a1a14	2	1.2869	-1.2245	3.8427	very_low	1.2869	0.0	3.8427	rho_fallback_no_desc	0.0	0.0
B4a1a1a15	2	6.5486	-1.1229	14.598	very_low	6.5486	0.0	14.598	rho_fallback_no_desc	0.0	0.0
B4a1a1a16	2	5.2164	0.1025	10.5005	very_low	5.2164	0.1025	10.5005	rho_fallback_no_desc	0.0	0.0
B4a1a1a17	2	3.8953	1.3387	6.4951	very_low	3.8953	1.3387	6.4951	rho_fallback_no_desc	0.0	0.0
B4a1a1a18	2	1.2869	-1.2245	3.8427	very_low	1.2869	0.0	3.8427	rho_fallback_no_desc	0.0	0.0
B4a1a1a19	6	3.0208	0.9769	5.0927	low	3.0208	0.9769	5.0927	rho_fallback_no_desc	0.0	0.0
B4a1a1a1a	3	6.995	5.2518	8.7569	low	6.0419	5.2664	6.8247	single_child_interpolation	-0.9531000000000001	13.62544674767691
B4a1a1a1a1	2	5.2164	5.2164	5.2164	very_low	5.2164	5.2164	5.2164	rho_fallback_no_desc	0.0	0.0
B4a1a1a1b	2	6.5486	3.9479	9.1912	very_low	6.5486	3.9479	9.1912	rho_fallback_no_desc	0.0	0.0
B4a1a1a1c	4	3.8953	-0.5049	8.4249	low	3.8953	0.0	8.4249	rho_fallback_no_desc	0.0	0.0
B4a1a1a1d	2	2.5854	2.5854	2.5854	very_low	2.5854	2.5854	2.5854	rho_fallback_no_desc	0.0	0.0
B4a1a1a2	6	5.2164	2.2425	8.247	low	5.2164	2.2425	8.247	rho_fallback_no_desc	0.0	0.0
B4a1a1a20	2	2.5854	2.5854	2.5854	very_low	2.5854	2.5854	2.5854	rho_fallback_no_desc	0.0	0.0
B4a1a1a21	2	9.2456	1.4422	17.4168	very_low	9.2456	1.4422	17.4168	rho_fallback_no_desc	0.0	0.0
B4a1a1a22	2	2.5854	-2.4381	7.7838	very_low	2.5854	0.0	7.7838	rho_fallback_no_desc	0.0	0.0
B4a1a1a23	10	0.5134	-0.4911	1.525	medium	0.5134	0.0	1.525	rho_direct	0.0	0.0
B4a1a1a2a	2	2.5854	-2.4381	7.7838	very_low	2.5854	0.0	7.7838	rho_fallback_no_desc	0.0	0.0
B4a1a1a2b	2	5.2164	0.1025	10.5005	very_low	5.2164	0.1025	10.5005	rho_fallback_no_desc	0.0	0.0
B4a1a1a3	2	2.5854	-2.4381	7.7838	very_low	2.5854	0.0	7.7838	rho_fallback_no_desc	0.0	0.0
B4a1a1a4	5	3.6324	0.1812	7.1633	low	3.6324	0.1812	7.1633	rho_fallback_no_desc	0.0	0.0
B4a1a1a5	2	1.2869	-1.2245	3.8427	very_low	1.2869	0.0	3.8427	rho_fallback_no_desc	0.0	0.0
B4a1a1a6	2	1.2869	-1.2245	3.8427	very_low	1.2869	0.0	3.8427	rho_fallback_no_desc	0.0	0.0
B4a1a1a7	2	2.5854	2.5854	2.5854	very_low	2.5854	2.5854	2.5854	rho_fallback_no_desc	0.0	0.0
B4a1a1a8	2	1.2869	-1.2245	3.8427	very_low	1.2869	0.0	3.8427	rho_fallback_no_desc	0.0	0.0
B4a1a1a9	2	2.5854	2.5854	2.5854	very_low	2.5854	2.5854	2.5854	rho_fallback_no_desc	0.0	0.0
B4a1a1a_T195C!	12	3.0208	1.9622	4.0869	medium	3.2854	2.7326	4.0884	single_child_interpolation	0.26460000000000017	8.759269067796616
B4a1a1aa	4	1.2869	-1.2245	3.8427	low	1.2869	0.0	3.8427	rho_fallback_no_desc	0.0	0.0
B4a1a1ab	2	2.5854	2.5854	2.5854	very_low	2.5854	2.5854	2.5854	rho_fallback_no_desc	0.0	0.0
B4a1a1ac	2	2.5854	2.5854	2.5854	very_low	2.5854	2.5854	2.5854	rho_fallback_no_desc	0.0	0.0
B4a1a1ad	2	2.5854	-2.4381	7.7838	very_low	2.5854	0.0	7.7838	rho_fallback_no_desc	0.0	0.0
B4a1a1ae	2	1.2869	-1.2245	3.8427	very_low	1.2869	0.0	3.8427	rho_fallback_no_desc	0.0	0.0
B4a1a1af	2	3.8953	1.3387	6.4951	very_low	3.8953	1.3387	6.4951	rho_fallback_no_desc	0.0	0.0
B4a1a1b	602	1.9844	1.7582	2.2109	high	1.9844	1.7582	2.2109	rho_direct	0.0	0.0
B4a1a1c	5	2.5854	-0.1883	5.4116	low	2.5854	0.0	5.4116	rho_fallback_no_desc	0.0	0.0
B4a1a1d	3	3.4574	0.0683	6.9235	low	3.4574	0.0683	6.9235	rho_fallback_no_desc	0.0	0.0
B4a1a1e	2	2.5854	2.5854	2.5854	very_low	2.5854	2.5854	2.5854	rho_fallback_no_desc	0.0	0.0
B4a1a1f	2	2.5854	-2.4381	7.7838	very_low	2.5854	0.0	7.7838	rho_fallback_no_desc	0.0	0.0
B4a1a1g	2	5.2164	-4.832	15.9461	very_low	5.2164	0.0	15.9461	rho_fallback_no_desc	0.0	0.0
B4a1a1h	3	4.3344	-0.1585	8.961	low	4.3344	0.0	8.961	rho_fallback_no_desc	0.0	0.0
B4a1a1i	2	1.2869	-1.2245	3.8427	very_low	1.2869	0.0	3.8427	rho_fallback_no_desc	0.0	0.0
B4a1a1j	2	3.8953	1.3387	6.4951	very_low	3.8953	1.3387	6.4951	rho_fallback_no_desc	0.0	0.0
B4a1a1k	4	5.8811	2.6294	9.1997	low	4.8579	3.4598	7.5628	single_child_interpolation	-1.0232	17.39810579653466
B4a1a1k1	2	2.5854	-2.4381	7.7838	very_low	2.5854	0.0	7.7838	rho_fallback_no_desc	0.0	0.0
B4a1a1m	5	4.1586	0.6952	7.7012	low	4.115	1.9037	7.6526	single_child_interpolation	-0.04359999999999964	1.0484297600153811
B4a1a1m1	3	2.5854	-2.4381	7.7838	low	2.5854	0.0	7.7838	rho_fallback_no_desc	0.0	0.0
B4a1a1n	2	6.5486	-1.1229	14.598	very_low	6.5486	0.0	14.598	rho_fallback_no_desc	0.0	0.0
B4a1a1o	2	1.2869	-1.2245	3.8427	very_low	1.2869	0.0	3.8427	rho_fallback_no_desc	0.0	0.0
B4a1a1p	2	2.5854	2.5854	2.5854	very_low	2.5854	2.5854	2.5854	rho_fallback_no_desc	0.0	0.0
B4a1a1q	2	3.8953	-3.6406	11.8196	very_low	3.8953	0.0	11.8196	rho_fallback_no_desc	0.0	0.0
B4a1a1r	0				no_ci		0.0		rho_fallback_no_desc		
B4a1a1s	10	4.1586	2.5886	5.7447	medium	4.1586	2.5886	5.7447	rho_direct	0.0	0.0
B4a1a1t	2	3.8953	-3.6406	11.8196	very_low	3.8953	0.0	11.8196	rho_fallback_no_desc	0.0	0.0
B4a1a1u	2	1.2869	-1.2245	3.8427	very_low	1.2869	0.0	3.8427	rho_fallback_no_desc	0.0	0.0
B4a1a1v	2	6.5486	3.9479	9.1912	very_low	6.5486	3.9479	9.1912	rho_fallback_no_desc	0.0	0.0
B4a1a1w	2	2.5854	2.5854	2.5854	very_low	2.5854	2.5854	2.5854	rho_fallback_no_desc	0.0	0.0
B4a1a1x	6	6.1033	5.0046	7.2094	low	6.1033	5.0046	7.2094	rho_fallback_no_desc	0.0	0.0
B4a1a1y	2	5.2164	0.1025	10.5005	very_low	5.2164	0.1025	10.5005	rho_fallback_no_desc	0.0	0.0
B4a1a1z	2	1.2869	-1.2245	3.8427	very_low	1.2869	0.0	3.8427	rho_fallback_no_desc	0.0	0.0
B4a1a2	2	5.2164	5.2164	5.2164	very_low	5.2164	5.2164	5.2164	rho_fallback_no_desc	0.0	0.0
B4a1a3	25	13.7045	9.4732	18.0318	low	11.3105	10.204	12.428	single_child_interpolation	-2.394	17.468714655770004
B4a1a3a	11	10.8593	8.8907	12.8497	low	10.1422	9.0029	11.2911	single_child_interpolation	-0.7170999999999985	6.603556398662884
B4a1a3a1	10	8.9739	7.8017	10.1542	medium	7.1127	6.0233	8.2105	single_child_interpolation	-1.8612000000000002	20.74014642463143
B4a1a3a1a	7	4.0833	3.0438	5.1299	low	4.0833	3.0438	5.1299	rho_fallback_no_desc	0.0	0.0
B4a1a4	2	1.2869	-1.2245	3.8427	very_low	1.2869	0.0	3.8427	rho_fallback_no_desc	0.0	0.0
B4a1a5	6	9.2456	6.9793	11.5418	low	7.8285	6.428	9.2507	single_child_interpolation	-1.4170999999999996	15.3272908194168
B4a1a5a	2	3.8953	1.3387	6.4951	very_low	3.8953	1.3387	6.4951	rho_fallback_no_desc	0.0	0.0
B4a1a6	4	4.5544	0.1957	9.0382	low	7.8285	5.7586	11.913	single_child_interpolation	3.2741	71.88872299314949
B4a1a6a	2	3.8953	-3.6406	11.8196	very_low	3.8953	0.0	11.8196	rho_fallback_no_desc	0.0	0.0
B4a1a7	5	6.2812	4.2008	8.3886	low	6.2812	4.2008	8.3886	rho_fallback_no_desc	0.0	0.0
B4a1b	10	9.5176	6.9955	12.0766	medium	14.2619	11.87	16.6851	single_child_interpolation	4.744300000000001	49.8476506682357
B4a1b1	9	7.2934	4.7129	9.9145	low	8.8597	5.935	12.3719	single_child_interpolation	1.5663	21.475580661968355
B4a1b1a	3	3.4574	-1.009	8.0587	low	3.4574	0.0	8.0587	rho_fallback_no_desc	0.0	0.0
B4a1c	387	21.9667	20.3477	23.5975	low	21.9667	20.3477	23.5975	rho_direct	0.0	0.0
B4a1c1	116	19.1358	16.932	21.3627	high	19.1728	17.2241	21.1403	single_child_interpolation	0.036999999999999034	0.19335486365868704
B4a1c1a	109	16.3788	14.1005	18.6832	high	16.3788	14.1005	18.6832	rho_direct	0.0	0.0
B4a1c1a1	16	13.3705	4.3735	22.8169	low	13.3705	4.3735	22.8169	rho_direct	0.0	0.0
B4a1c1a4	5	8.4319	7.3746	9.4958	low	8.4319	7.3746	9.4958	rho_fallback_no_desc	0.0	0.0
B4a1c2	56	21.4265	15.8444	27.1523	low	21.4265	15.8444	27.1523	rho_direct	0.0	0.0
B4a1c3	24	21.0481	17.2658	24.8963	low	21.0481	17.2658	24.8963	rho_direct	0.0	0.0
B4a1c3a	7	9.8291	2.4599	17.521	low	9.8291	2.4599	17.521	rho_fallback_no_desc	0.0	0.0
B4a1c3b	17	14.1902	9.4914	19.0064	medium	14.1902	9.4914	19.0064	rho_direct	0.0	0.0
B4a1c4	124	15.1731	12.331	18.0569	high	15.1731	12.331	18.0569	rho_direct	0.0	0.0
B4a1c5	27	13.4735	5.0007	22.3427	medium	13.4735	5.0007	22.3427	rho_direct	0.0	0.0
B4a1c_T146C!	221	20.5843	18.1078	23.0891	high	20.5843	18.1078	23.0891	rho_direct	0.0	0.0
B4a1d	24	7.2188	5.7643	8.6861	medium	7.2188	5.7643	8.6861	rho_direct	0.0	0.0
B4a1e	46	17.7108	14.5763	20.8934	medium	16.0257	10.8458	21.4109	single_child_interpolation	-1.6850999999999985	9.514533504980003
B4a1e1	13	10.8209	2.6645	19.3662	medium	10.8209	2.6645	19.3662	rho_direct	0.0	0.0
B4a2	141	16.7527	15.0446	18.4754	high	16.7527	15.0446	18.4754	rho_direct	0.0	0.0
B4a2a	35	11.5518	10.3859	12.7253	medium	11.5518	10.3859	12.7253	rho_direct	0.0	0.0
B4a2a1	9	3.1662	2.03	4.311	low	3.1662	2.03	4.311	rho_fallback_no_desc	0.0	0.0
B4a2a2	4	5.2164	3.1076	7.3536	low	5.2164	3.1076	7.3536	rho_fallback_no_desc	0.0	0.0
B4a2a3	16	4.2245	3.0853	5.3722	medium	4.2245	3.0853	5.3722	rho_direct	0.0	0.0
B4a2b	94	14.9151	12.5106	17.3496	high	14.5233	12.3695	16.7028	single_child_interpolation	-0.3917999999999999	2.6268680732948484
B4a2b1	85	12.2939	9.6945	14.9302	high	9.341	6.1946	12.557	single_child_interpolation	-2.9529000000000014	24.019229048552546
B4a2b1a	5	4.1586	0.0197	8.4111	low	4.1586	0.0197	8.4111	rho_fallback_no_desc	0.0	0.0
B4a2c	3	1.7185	0.0342	3.4224	low	1.7185	0.0342	3.4224	rho_fallback_no_desc	0.0	0.0
B4a3	50	16.7367	11.8758	21.7169	high	20.3867	17.8254	23.0044	single_child_interpolation	3.650000000000002	21.80836126596045
B4a3b	4	15.4676	10.8193	20.2278	low	15.4676	10.8193	20.2278	rho_fallback_no_desc	0.0	0.0
B4a4	223	18.5641	16.9094	20.2318	high	18.5641	16.9094	20.2318	rho_direct	0.0	0.0
B4a4a	7	8.664	7.1535	10.1879	low	8.664	7.1535	10.1879	rho_fallback_no_desc	0.0	0.0
B4a4b	0				no_ci		0.0		rho_fallback_no_desc		
B4a4c	5	23.0541	6.6371	40.7437	low	23.0541	6.6371	40.7437	rho_fallback_no_desc	0.0	0.0
B4a5	123	16.3552	13.3055	19.4519	high	17.958	17.7208	18.1956	single_child_interpolation	1.6027999999999984	9.799941303071796
B4a5a	3	10.6101	10.6101	10.6101	low	10.6101	10.6101	10.6101	rho_fallback_no_desc	0.0	0.0
B4b	1349	31.2804	30.5552	32.0077	high	31.2804	30.5552	32.0077	rho_direct	0.0	0.0
B4b'd'e'j	1847	37.1982	36.5269	37.871	high	37.1982	36.5269	37.871	rho_direct	0.0	0.0
B4b1	1021	27.6801	26.7807	28.5827	high	27.6801	26.7807	28.5827	rho_direct	0.0	0.0
B4b1a	665	23.6726	22.6423	24.7075	high	24.8102	23.8163	25.8083	single_child_interpolation	1.137599999999999	4.8055557902384995
B4b1a1	28	5.406	4.308	6.5117	medium	5.406	4.308	6.5117	rho_direct	0.0	0.0
B4b1a1a	7	3.7075	1.5161	5.9306	low	3.7075	1.5161	5.9306	rho_fallback_no_desc	0.0	0.0
B4b1a1b	4	3.2389	0.0432	6.5035	low	3.2389	0.0432	6.5035	rho_fallback_no_desc	0.0	0.0
B4b1a1c	3	1.7185	-1.6302	5.1456	low	1.7185	0.0	5.1456	rho_fallback_no_desc	0.0	0.0
B4b1a2	465	18.2205	16.9827	19.4657	high	18.2205	16.9827	19.4657	rho_direct	0.0	0.0
B4b1a2a	243	14.9333	13.5454	16.331	high	14.9333	13.5454	16.331	rho_direct	0.0	0.0
B4b1a2b	11	8.6288	6.1578	11.136	medium	8.6288	6.1578	11.136	rho_direct	0.0	0.0
B4b1a2b1	6	4.3344	0.4538	8.3143	low	4.3344	0.4538	8.3143	rho_fallback_no_desc	0.0	0.0
B4b1a2b2	5	6.2812	3.634	8.9723	low	6.2812	3.634	8.9723	rho_fallback_no_desc	0.0	0.0
B4b1a2c	6	3.0208	0.5937	5.4875	low	3.0208	0.5937	5.4875	rho_fallback_no_desc	0.0	0.0
B4b1a2d	4	0.642	-0.6136	1.9088	low	0.642	0.0	1.9088	rho_fallback_no_desc	0.0	0.0
B4b1a2e	30	10.2452	7.4105	13.1259	medium	10.2452	7.4105	13.1259	rho_direct	0.0	0.0
B4b1a2f	9	6.1033	5.2341	6.9772	low	6.1033	5.2341	6.9772	rho_fallback_no_desc	0.0	0.0
B4b1a2g	16	6.2145	5.4065	7.0265	medium	11.3403	10.2456	12.4416	single_child_interpolation	5.125799999999999	82.48129374849141
B4b1a2g1	7	4.4601	3.5085	5.4175	low	4.4601	3.5085	5.4175	rho_fallback_no_desc	0.0	0.0
B4b1a2h	7	18.1969	-2.1283	40.7397	low	18.1969	0.0	40.7397	rho_fallback_no_desc	0.0	0.0
B4b1a2i	4	11.2963	4.6866	18.1562	low	11.2963	4.6866	18.1562	rho_fallback_no_desc	0.0	0.0
B4b1a2j	8	25.5434	10.3317	41.7869	low	25.5434	10.3317	41.7869	rho_fallback_no_desc	0.0	0.0
B4b1a2k	6	11.5256	7.7086	15.4243	low	11.5256	7.7086	15.4243	rho_fallback_no_desc	0.0	0.0
B4b1a2l	4	14.766	10.0701	19.5779	low	14.766	10.0701	19.5779	rho_fallback_no_desc	0.0	0.0
B4b1a3	105	13.662	11.168	16.1892	high	13.662	11.168	16.1892	rho_direct	0.0	0.0
B4b1a3a	69	9.029	5.5808	12.5474	high	9.029	5.5808	12.5474	rho_direct	0.0	0.0
B4b1a3b	0				no_ci		0.0		rho_fallback_no_desc		
B4b1a_G207A	599	21.9402	20.8519	23.0338	high	21.9402	20.8519	23.0338	rho_direct	0.0	0.0
B4b1b	22	16.0435	13.3061	18.8187	medium	16.0435	13.3061	18.8187	rho_direct	0.0	0.0
B4b1b'c	296	23.2274	21.4675	25.0008	high	23.2274	21.4675	25.0008	rho_direct	0.0	0.0
B4b1c	274	20.1324	18.2632	22.0178	high	20.1324	18.2632	22.0178	rho_direct	0.0	0.0
B4b1c1	108	15.9367	12.9272	18.9922	high	15.9367	12.9272	18.9922	rho_direct	0.0	0.0
B4b1c2	165	13.8092	11.6838	15.9585	high	13.8092	11.6838	15.9585	rho_direct	0.0	0.0
B4b1d	8	12.6765	8.4034	17.0497	low	12.6765	8.4034	17.0497	rho_fallback_no_desc	0.0	0.0
B4c	1228	39.6946	38.6497	40.7431	low	39.6946	38.6497	40.7431	rho_direct	0.0	0.0
B4c1	1032	39.0347	37.9304	40.1429	low	39.0347	37.9304	40.1429	rho_direct	0.0	0.0
B4c1a	89	15.9816	13.7474	18.241	high	15.9816	13.7474	18.241	rho_direct	0.0	0.0
B4c1a'b	868	37.3017	36.1824	38.4252	high	37.3017	36.1824	38.4252	rho_direct	0.0	0.0
B4c1a1	34	10.9327	8.1477	13.7614	medium	10.9327	8.1477	13.7614	rho_direct	0.0	0.0
B4c1a1a	19	9.747	7.1486	12.3846	medium	9.747	7.1486	12.3846	rho_direct	0.0	0.0
B4c1a1a1	11	10.3612	7.4527	13.3181	low	7.2609	4.5674	9.9992	single_child_interpolation	-3.1003	29.922209782650654
B4c1a1a1a	6	4.7748	1.9861	7.6138	low	4.7748	1.9861	7.6138	rho_fallback_no_desc	0.0	0.0
B4c1a1a2	1	0.0			no_ci	0.0	0.0		rho_fallback_no_desc	0.0	
B4c1a1b	3	8.7931	7.0308	10.5736	low	8.7931	7.0308	10.5736	rho_fallback_no_desc	0.0	0.0
B4c1a1c	3	2.5854	2.5854	2.5854	low	2.5854	2.5854	2.5854	rho_fallback_no_desc	0.0	0.0
B4c1a2	32	8.6519	4.915	12.4721	medium	8.6519	4.915	12.4721	rho_direct	0.0	0.0
B4c1a2a	6	1.7185	-1.6302	5.1456	low	1.7185	0.0	5.1456	rho_fallback_no_desc	0.0	0.0
B4c1a2b	3	19.9681	12.5934	27.6031	low	19.9681	12.5934	27.6031	rho_fallback_no_desc	0.0	0.0
B4c1b	777	31.474	30.3896	32.5627	high	31.474	30.3896	32.5627	rho_direct	0.0	0.0
B4c1b1	10	7.3531	4.2604	10.5043	medium	16.5963	15.1948	18.8542	single_child_interpolation	9.243199999999998	125.70480477621679
B4c1b1a	3	1.7185	-1.6302	5.1456	low	1.7185	0.0	5.1456	rho_fallback_no_desc	0.0	0.0
B4c1b2	713	26.747	25.6355	27.8635	high	26.747	25.6355	27.8635	rho_direct	0.0	0.0
B4c1b2a	295	16.7559	15.2323	18.291	high	16.7559	15.2323	18.291	rho_direct	0.0	0.0
B4c1b2a1	37	20.4863	14.0763	27.0901	low	19.8686	10.979	29.3882	single_child_interpolation	-0.6176999999999992	3.015185758287242
B4c1b2a1a	8	22.9813	6.7256	40.4853	low	22.9813	6.7256	40.4853	rho_fallback_no_desc	0.0	0.0
B4c1b2a2	45	9.0342	6.4368	11.6713	medium	9.0342	6.4368	11.6713	rho_direct	0.0	0.0
B4c1b2a2a	18	2.4406	1.9404	2.9424	medium	2.4406	1.9404	2.9424	rho_direct	0.0	0.0
B4c1b2a2b	4	10.6101	-1.1613	23.2148	low	10.6101	0.0	23.2148	rho_fallback_no_desc	0.0	0.0
B4c1b2a3	15	10.9757	8.0823	13.9164	medium	10.9757	8.0823	13.9164	rho_direct	0.0	0.0
B4c1b2b	26	14.2281	9.8802	18.6762	medium	18.6785	16.5863	20.8002	single_child_interpolation	4.4504	31.278947997273004
B4c1b2b1	3	10.6101	7.5371	13.7368	low	10.6101	7.5371	13.7368	rho_fallback_no_desc	0.0	0.0
B4c1b2c	346	22.8404	21.2544	24.4374	high	22.8404	21.2544	24.4374	rho_direct	0.0	0.0
B4c1b2c1	85	9.2615	6.9556	11.5985	high	9.2615	6.9556	11.5985	rho_direct	0.0	0.0
B4c1b2c2	144	21.4495	18.9648	23.9623	high	13.1489	11.5038	14.8092	single_child_interpolation	-8.300600000000001	38.69833795659573
B4c1b2c2a	3	3.4574	1.7531	5.181	low	3.4574	1.7531	5.181	rho_fallback_no_desc	0.0	0.0
B4c1b2c3	4	16.8782	14.2393	19.5517	low	16.8782	14.2393	19.5517	rho_fallback_no_desc	0.0	0.0
B4c1b2d	10	19.8723	11.8099	28.2477	low	19.8723	11.8099	28.2477	rho_direct	0.0	0.0
B4c1b2e	4	19.7288	12.4623	27.2492	low	19.7288	12.4623	27.2492	rho_fallback_no_desc	0.0	0.0
B4c1b_A16335G	729	29.5732	28.4632	30.688	high	29.1105	28.0126	30.2131	single_child_interpolation	-0.46270000000000167	1.5645922659705467
B4c1c	164	18.6814	15.5568	21.8529	high	18.6814	15.5568	21.8529	rho_direct	0.0	0.0
B4c1c1	92	15.376	10.9235	19.9312	high	24.9295	6.8303	50.7516	single_child_interpolation	9.553500000000001	62.13254422476589
B4c1c1a	5	31.9545	-8.0712	79.2661	low	31.9545	0.0	79.2661	rho_fallback_no_desc	0.0	0.0
B4c1c2	6	8.7931	4.1712	13.5427	low	8.7931	4.1712	13.5427	rho_fallback_no_desc	0.0	0.0
B4c1c3	4	32.2566	-16.9863	93.2948	low	32.2566	0.0	93.2948	rho_fallback_no_desc	0.0	0.0
B4c1c_T16311C!	103	17.9046	13.6605	22.2372	low	21.8055	11.1935	36.3023	single_child_interpolation	3.9009	21.787138500720488
B4c2	178	17.1249	15.0256	19.246	high	17.1249	15.0256	19.246	rho_direct	0.0	0.0
B4c2a	5	10.063	8.0715	12.0772	low	10.063	8.0715	12.0772	rho_fallback_no_desc	0.0	0.0
B4c2b	5	10.063	8.0715	12.0772	low	10.063	8.0715	12.0772	rho_fallback_no_desc	0.0	0.0
B4c2c	99	13.8768	10.713	17.0937	high	13.8768	10.713	17.0937	rho_direct	0.0	0.0
B4c2d	5	5.2164	5.2164	5.2164	low	5.2164	5.2164	5.2164	rho_fallback_no_desc	0.0	0.0
B4c2e	4	12.6765	11.3238	14.0391	low	12.6765	11.3238	14.0391	rho_fallback_no_desc	0.0	0.0
B4c3	9	16.7996	15.9859	17.6165	low	16.7996	15.9859	17.6165	rho_fallback_no_desc	0.0	0.0
B4c4	6	16.6424	15.7208	17.5683	low	16.6424	15.7208	17.5683	rho_fallback_no_desc	0.0	0.0
B4d	450	22.0142	21.0242	23.0087	high	22.0142	21.0242	23.0087	rho_direct	0.0	0.0
B4d1	272	15.9332	14.7707	17.1026	high	15.9332	14.7707	17.1026	rho_direct	0.0	0.0
B4d1'2'3	448	19.0955	18.1157	20.0799	high	19.0955	18.1157	20.0799	rho_direct	0.0	0.0
B4d1a	97	14.4054	12.4771	16.3531	high	14.4054	12.4771	16.3531	rho_direct	0.0	0.0
B4d1b	3	10.6101	10.6101	10.6101	low	10.6101	10.6101	10.6101	rho_fallback_no_desc	0.0	0.0
B4d1c	3	10.6101	10.6101	10.6101	low	10.6101	10.6101	10.6101	rho_fallback_no_desc	0.0	0.0
B4d2	4	8.5673	2.0647	15.3271	low	8.5673	2.0647	15.3271	rho_fallback_no_desc	0.0	0.0
B4d3	36	16.015	14.8547	17.182	medium	16.4318	15.208	17.6637	single_child_interpolation	0.4167999999999985	2.602560099906328
B4d3a	21	13.7682	12.3002	15.2475	medium	13.6924	11.7048	15.7052	single_child_interpolation	-0.07580000000000098	0.5505440072050157
B4d3a1	8	10.9529	8.2017	13.7467	low	10.9529	8.2017	13.7467	rho_fallback_no_desc	0.0	0.0
B4d4	2	5.2164	5.2164	5.2164	very_low	5.2164	5.2164	5.2164	rho_fallback_no_desc	0.0	0.0
B4e	26	30.4031	20.3664	40.8384	low	30.4031	20.3664	40.8384	rho_direct	0.0	0.0
B4e1	6	24.8086	24.8086	24.8086	low	24.8086	24.8086	24.8086	rho_fallback_no_desc	0.0	0.0
B4e2	5	20.7356	18.4869	23.0075	low	20.7356	18.4869	23.0075	rho_fallback_no_desc	0.0	0.0
B4f	11	18.2339	13.1843	23.4084	medium	25.32	21.3656	29.4331	single_child_interpolation	7.086100000000002	38.86222914461526
B4f1	8	12.3305	4.8313	20.1462	low	19.8098	16.0244	23.7092	single_child_interpolation	7.4792999999999985	60.65690766797777
B4f1a	3	14.2997	10.6832	17.9853	low	14.2997	10.6832	17.9853	rho_fallback_no_desc	0.0	0.0
B4g	236	25.157	23.3181	27.0102	high	25.157	23.3181	27.0102	rho_direct	0.0	0.0
B4g1	148	20.7395	18.5041	22.9978	high	20.7395	18.5041	22.9978	rho_direct	0.0	0.0
B4g1a	98	14.909	12.5884	17.2574	high	14.909	12.5884	17.2574	rho_direct	0.0	0.0
B4g1b	28	18.8083	12.3931	25.4243	low	18.8083	12.3931	25.4243	rho_direct	0.0	0.0
B4g2	88	18.915	16.0685	21.8003	high	18.915	16.0685	21.8003	rho_direct	0.0	0.0
B4h	264	15.67	14.339	17.01	high	20.7078	19.6127	21.8113	single_child_interpolation	5.037799999999999	32.149329929802164
B4h1	109	11.9978	10.2761	13.7357	high	11.9978	10.2761	13.7357	rho_direct	0.0	0.0
B4i	78	18.0247	15.5501	20.5291	high	21.4142	19.8641	22.9833	single_child_interpolation	3.3895000000000017	18.80475125799598
B4i1	69	13.4108	10.7789	16.0796	high	13.4108	10.7789	16.0796	rho_direct	0.0	0.0
B4j	22	14.6388	8.0635	21.4443	medium	14.6388	8.0635	21.4443	rho_direct	0.0	0.0
B4k	116	10.1855	6.764	13.6744	high	10.1855	6.764	13.6744	rho_direct	0.0	0.0
B4m	64	11.6834	10.8816	12.4888	high	11.6834	10.8816	12.4888	rho_direct	0.0	0.0
B5	2850	44.4394	43.6432	45.2376	high	44.4394	43.6432	45.2376	rho_direct	0.0	0.0
B5a	1840	24.34	23.5936	25.0889	high	24.34	23.5936	25.0889	rho_direct	0.0	0.0
B5a1	1569	19.6241	18.8438	20.4072	high	19.6241	18.8438	20.4072	rho_direct	0.0	0.0
B5a1a	446	12.2576	10.8557	13.6703	high	12.2576	10.8557	13.6703	rho_direct	0.0	0.0
B5a1a1	2	2.5854	-2.4381	7.7838	very_low	2.5854	0.0	7.7838	rho_fallback_no_desc	0.0	0.0
B5a1a2	9	0.0	0.0	0.0	low	0.0	0.0	0.0	rho_fallback_no_desc	0.0	
B5a1b	165	14.0797	12.2723	15.9042	high	15.4938	14.2093	16.7885	single_child_interpolation	1.4140999999999995	10.043537859471433
B5a1b1	164	11.3634	9.5748	13.1697	high	10.6208	9.4585	11.7917	single_child_interpolation	-0.7426000000000013	6.53501592833132
B5a1b1a	5	5.7479	4.7078	6.7949	low	5.7479	4.7078	6.7949	rho_fallback_no_desc	0.0	0.0
B5a1c	579	19.4279	17.9115	20.9551	low	19.4279	17.9115	20.9551	rho_direct	0.0	0.0
B5a1c1	438	17.302	15.5687	19.0501	high	17.302	15.5687	19.0501	rho_direct	0.0	0.0
B5a1c1a	362	13.7165	11.8761	15.5748	high	15.8837	13.3522	18.4517	single_child_interpolation	2.1671999999999993	15.799948966573101
B5a1c1a1	135	14.4654	11.1358	17.8532	low	14.4654	11.1358	17.8532	rho_direct	0.0	0.0
B5a1c1b	5	11.1588	8.0458	14.3264	low	11.1588	8.0458	14.3264	rho_fallback_no_desc	0.0	0.0
B5a1c2	24	14.4162	6.9825	22.1471	low	14.4162	6.9825	22.1471	rho_direct	0.0	0.0
B5a1c3	11	11.6091	8.9761	14.2806	medium	11.6091	8.9761	14.2806	rho_direct	0.0	0.0
B5a1d	154	9.5282	8.6599	10.4009	high	11.1047	10.7146	11.4963	single_child_interpolation	1.5764999999999993	16.545622468042225
B5a1d1	15	2.5854	2.5854	2.5854	medium	2.5854	2.5854	2.5854	rho_direct	0.0	0.0
B5a2	259	29.5225	27.8887	31.1668	low	22.7687	21.591	23.9535	single_child_interpolation	-6.753800000000002	22.876788889829797
B5a2a	250	21.1973	19.5885	22.818	high	21.1973	19.5885	22.818	rho_direct	0.0	0.0
B5a2a1	156	18.5363	16.1667	20.933	high	18.5363	16.1667	20.933	rho_direct	0.0	0.0
B5a2a1_G16129A	22	7.5243	5.5338	9.5387	medium	11.3954	8.5479	14.2928	single_child_interpolation	3.8711	51.447975226931405
B5a2a1a	130	9.4129	6.7947	12.0711	high	9.4129	6.7947	12.0711	rho_direct	0.0	0.0
B5a2a1b	11	4.2545	0.929	7.6527	medium	4.2545	0.929	7.6527	rho_direct	0.0	0.0
B5a2a2	86	16.1389	14.5084	17.7826	high	16.1389	14.5084	17.7826	rho_direct	0.0	0.0
B5a2a2a	16	9.756	8.406	11.1165	medium	9.756	8.406	11.1165	rho_direct	0.0	0.0
B5a2a2a1	11	4.2545	2.8205	5.7018	medium	4.2545	2.8205	5.7018	rho_direct	0.0	0.0
B5a2a2a2	5	7.3531	4.3093	10.4536	low	7.3531	4.3093	10.4536	rho_fallback_no_desc	0.0	0.0
B5a2a2b	11	9.122	7.4673	10.7927	medium	9.122	7.4673	10.7927	rho_direct	0.0	0.0
B5a2a2b1	8	7.5549	6.0056	9.1186	low	6.9043	5.1133	8.7152	single_child_interpolation	-0.6505999999999998	8.611629538445245
B5a2a2b1a	5	4.6866	2.7593	6.6378	low	4.6866	2.7593	6.6378	rho_fallback_no_desc	0.0	0.0
B5a2a2b2	2	3.8953	1.3387	6.4951	very_low	3.8953	1.3387	6.4951	rho_fallback_no_desc	0.0	0.0
B5a3	3	16.1717	16.1717	16.1717	low	16.1717	16.1717	16.1717	rho_fallback_no_desc	0.0	0.0
B5b	1010	31.9515	30.9236	32.9834	high	31.9515	30.9236	32.9834	rho_direct	0.0	0.0
B5b1	437	24.0575	22.5151	25.6102	high	24.0575	22.5151	25.6102	rho_direct	0.0	0.0
B5b1a	63	16.3957	13.4112	19.425	high	16.3957	13.4112	19.425	rho_direct	0.0	0.0
B5b1a1	12	10.3819	1.9067	19.2819	medium	10.3819	1.9067	19.2819	rho_direct	0.0	0.0
B5b1a2	16	8.3981	5.5906	11.2527	medium	9.4906	6.7056	12.4955	single_child_interpolation	1.0925000000000011	13.008894869077544
B5b1a2a	3	2.5854	-0.3368	5.566	low	2.5854	0.0	5.566	rho_fallback_no_desc	0.0	0.0
B5b1a3	3	7.8917	4.8676	10.971	low	7.8917	4.8676	10.971	rho_fallback_no_desc	0.0	0.0
B5b1b	7	36.3887	6.0798	70.2789	low	36.3887	6.0798	70.2789	rho_fallback_no_desc	0.0	0.0
B5b1c	30	14.766	10.8088	18.8053	medium	13.7575	12.1341	15.3956	single_child_interpolation	-1.0084999999999997	6.8298794527969635
B5b1c1	3	3.4574	1.7531	5.181	low	7.5222	6.067	9.6191	single_child_interpolation	4.0648	117.56811476832303
B5b1c1a	2	1.2869	-1.2245	3.8427	very_low	1.2869	0.0	3.8427	rho_fallback_no_desc	0.0	0.0
B5b1d	4	17.5872	11.0685	24.3185	low	17.5872	11.0685	24.3185	rho_fallback_no_desc	0.0	0.0
B5b1e	4	7.2188	-0.166	14.9477	low	7.2188	0.0	14.9477	rho_fallback_no_desc	0.0	0.0
B5b2	459	22.5495	21.1769	23.9303	high	22.5495	21.1769	23.9303	rho_direct	0.0	0.0
B5b2_C204T	197	22.924	20.6714	25.199	low	22.924	20.6714	25.199	rho_direct	0.0	0.0
B5b2a	127	18.4053	16.2342	20.5991	high	18.4053	16.2342	20.5991	rho_direct	0.0	0.0
B5b2a1	29	11.4623	6.1738	16.9091	medium	11.4623	6.1738	16.9091	rho_direct	0.0	0.0
B5b2a2	48	16.5246	12.213	20.9302	low	16.5246	12.213	20.9302	rho_direct	0.0	0.0
B5b2a2a	6	16.1717	8.2622	24.4061	low	16.1717	8.2622	24.4061	rho_fallback_no_desc	0.0	0.0
B5b2a2a1	3	6.1033	-3.3017	16.0897	low	6.1033	0.0	16.0897	rho_fallback_no_desc	0.0	0.0
B5b2a2a2	3	6.995	5.2518	8.7569	low	6.995	5.2518	8.7569	rho_fallback_no_desc	0.0	0.0
B5b2a2b	4	9.2456	3.022	15.7007	low	9.2456	3.022	15.7007	rho_fallback_no_desc	0.0	0.0
B5b2a3	5	7.8917	3.2309	12.685	low	7.8917	3.2309	12.685	rho_fallback_no_desc	0.0	0.0
B5b2b	83	17.707	14.1895	21.2853	high	14.3264	12.7733	15.893	single_child_interpolation	-3.380600000000001	19.09188456542611
B5b2b1	3	6.1033	4.3696	7.8557	low	6.1033	4.3696	7.8557	rho_fallback_no_desc	0.0	0.0
B5b2c	118	18.6734	16.4781	20.8918	high	18.6734	16.4781	20.8918	rho_direct	0.0	0.0
B5b2c1	21	11.3945	7.6013	15.2686	medium	11.3945	7.6013	15.2686	rho_direct	0.0	0.0
B5b2c2	4	6.5486	-3.0663	16.7656	low	6.5486	0.0	16.7656	rho_fallback_no_desc	0.0	0.0
B5b2d	8	12.3305	10.0683	14.6206	low	12.3305	10.0683	14.6206	rho_fallback_no_desc	0.0	0.0
B5b2e	4	14.766	8.343	21.408	low	14.766	8.343	21.408	rho_fallback_no_desc	0.0	0.0
B5b2g	3	7.8917	7.8917	7.8917	low	7.8917	7.8917	7.8917	rho_fallback_no_desc	0.0	0.0
B5b3	37	15.943	10.3924	21.6524	medium	15.943	10.3924	21.6524	rho_direct	0.0	0.0
B5b3a	11	17.7164	3.1205	33.4261	low	17.7164	3.1205	33.4261	rho_direct	0.0	0.0
B5b3b	25	9.1912	5.1361	13.3434	medium	9.1912	5.1361	13.3434	rho_direct	0.0	0.0
B5b4	23	19.1369	14.2766	24.1108	medium	19.1369	14.2766	24.1108	rho_direct	0.0	0.0
B5b5	24	12.4458	8.2917	16.6948	medium	12.4458	8.2917	16.6948	rho_direct	0.0	0.0
B5b6	9	19.6491	17.0515	22.2784	low	19.6491	17.0515	22.2784	rho_fallback_no_desc	0.0	0.0
B5b7	5	27.7615	19.4697	36.3371	low	27.7615	19.4697	36.3371	rho_fallback_no_desc	0.0	0.0
B6	154	26.0123	24.5583	27.475	high	26.0123	24.5583	27.475	rho_direct	0.0	0.0
B6a	138	20.1347	18.4798	21.8022	high	20.1347	18.4798	21.8022	rho_direct	0.0	0.0
B6a1	49	15.1953	14.2544	16.1407	medium	14.3818	13.1848	15.5866	single_child_interpolation	-0.8134999999999994	5.3536290826768775
B6a1a	33	8.6288	7.8899	9.371	medium	8.6288	7.8899	9.371	rho_direct	0.0	0.0
B6a2	17	10.6101	10.6101	10.6101	medium	10.6101	10.6101	10.6101	rho_direct	0.0	0.0
B6a3	3	2.5854	2.5854	2.5854	low	2.5854	2.5854	2.5854	rho_fallback_no_desc	0.0	0.0
B6b	16	11.4683	9.7901	13.162	medium	11.4683	9.7901	13.162	rho_direct	0.0	0.0
B7	0				no_ci		0.0		rho_fallback_no_desc		
C	2996	30.0044	29.4176	30.5925	high	30.0044	29.4176	30.5925	rho_direct	0.0	0.0
C1	254	20.1642	19.167	21.166	high	20.1642	19.167	21.166	rho_direct	0.0	0.0
C1a	20	15.8897	9.4431	22.5518	low	17.4651	12.1956	22.9829	single_child_interpolation	1.5754000000000001	9.91459876523786
C1a1	6	14.766	5.2243	24.7998	low	14.766	5.2243	24.7998	rho_fallback_no_desc	0.0	0.0
C1b	142	16.0128	15.008	17.0227	high	16.0128	15.008	17.0227	rho_direct	0.0	0.0
C1b1	5	11.1588	10.0849	12.2392	low	11.1588	10.0849	12.2392	rho_fallback_no_desc	0.0	0.0
C1b10	5	9.5176	3.6322	15.6085	low	9.5176	3.6322	15.6085	rho_fallback_no_desc	0.0	0.0
C1b11	14	11.9851	9.8941	14.1002	medium	11.9851	9.8941	14.1002	rho_direct	0.0	0.0
C1b12	6	3.8953	2.144	5.6667	low	3.8953	2.144	5.6667	rho_fallback_no_desc	0.0	0.0
C1b13	14	10.6101	7.7094	13.5586	medium	10.6101	7.7094	13.5586	rho_direct	0.0	0.0
C1b13a	3	13.3705	7.9996	18.8981	low	10.6101	9.1598	12.0844	single_child_interpolation	-2.7604000000000006	20.645450805878617
C1b13a1	2	10.6101	10.6101	10.6101	very_low	10.6101	10.6101	10.6101	rho_fallback_no_desc	0.0	0.0
C1b13b	2	10.6101	0.2051	21.6601	very_low	10.6101	0.2051	21.6601	rho_fallback_no_desc	0.0	0.0
C1b13c	3	5.2164	2.2425	8.247	low	7.2527	4.524	10.0268	single_child_interpolation	2.0362999999999998	39.03650026838432
C1b13c1	2	3.8953	1.3387	6.4951	very_low	3.8953	1.3387	6.4951	rho_fallback_no_desc	0.0	0.0
C1b13d	2	3.8953	1.3387	6.4951	very_low	3.8953	1.3387	6.4951	rho_fallback_no_desc	0.0	0.0
C1b13e	2	5.2164	0.1025	10.5005	very_low	5.2164	0.1025	10.5005	rho_fallback_no_desc	0.0	0.0
C1b14	3	13.3705	10.2499	16.5433	low	13.3705	10.2499	16.5433	rho_fallback_no_desc	0.0	0.0
C1b2	25	1.7531	0.7517	2.7613	medium	1.7531	0.7517	2.7613	rho_direct	0.0	0.0
C1b3	3	9.6992	5.0522	14.4728	low	9.6992	5.0522	14.4728	rho_fallback_no_desc	0.0	0.0
C1b4	10	1.805	0.7235	2.8944	medium	1.805	0.7235	2.8944	rho_direct	0.0	0.0
C1b5	5	10.063	5.519	14.727	low	10.063	5.519	14.727	rho_fallback_no_desc	0.0	0.0
C1b5a	2	3.8953	1.3387	6.4951	very_low	3.8953	1.3387	6.4951	rho_fallback_no_desc	0.0	0.0
C1b5b	3	6.995	0.7992	13.4325	low	6.995	0.7992	13.4325	rho_fallback_no_desc	0.0	0.0
C1b6	2	1.2869	-1.2245	3.8427	very_low	1.2869	0.0	3.8427	rho_fallback_no_desc	0.0	0.0
C1b7	8	11.6404	8.7879	14.5381	low	12.4782	8.748	16.2859	single_child_interpolation	0.8377999999999997	7.197347170200334
C1b7a	5	8.4319	4.5801	12.3728	low	8.4319	4.5801	12.3728	rho_fallback_no_desc	0.0	0.0
C1b8	3	20.9279	17.1899	24.7303	low	11.5039	9.2677	13.7798	single_child_interpolation	-9.424000000000001	45.030796209844276
C1b8a	3	6.995	3.5274	10.537	low	6.995	3.5274	10.537	rho_fallback_no_desc	0.0	0.0
C1b9	7	5.9763	4.4903	7.4761	low	5.9763	4.4903	7.4761	rho_fallback_no_desc	0.0	0.0
C1b_T16311C!	16	16.5246	12.9158	20.199	low	16.5246	12.9158	20.199	rho_direct	0.0	0.0
C1c	46	16.4786	14.2648	18.7168	medium	16.4786	14.2648	18.7168	rho_direct	0.0	0.0
C1c1	7	7.5068	4.847	10.2097	low	7.5068	4.847	10.2097	rho_fallback_no_desc	0.0	0.0
C1c1a	3	1.7185	0.0342	3.4224	low	1.7185	0.0342	3.4224	rho_fallback_no_desc	0.0	0.0
C1c1b	3	6.1033	4.3696	7.8557	low	6.1033	4.3696	7.8557	rho_fallback_no_desc	0.0	0.0
C1c2	8	2.5854	0.6657	4.5302	low	2.5854	0.6657	4.5302	rho_fallback_no_desc	0.0	0.0
C1c3	3	5.2164	2.2425	8.247	low	5.2164	2.2425	8.247	rho_fallback_no_desc	0.0	0.0
C1c4	3	10.6101	10.6101	10.6101	low	10.6101	10.6101	10.6101	rho_fallback_no_desc	0.0	0.0
C1c5	4	11.2963	2.3629	20.6934	low	11.2963	2.3629	20.6934	rho_fallback_no_desc	0.0	0.0
C1c6	3	7.8917	4.8676	10.971	low	7.8917	4.8676	10.971	rho_fallback_no_desc	0.0	0.0
C1c7	3	6.1033	-0.0571	12.5075	low	6.1033	0.0	12.5075	rho_fallback_no_desc	0.0	0.0
C1c8	2	5.2164	0.1025	10.5005	very_low	5.2164	0.1025	10.5005	rho_fallback_no_desc	0.0	0.0
C1c_T195C!	8	19.0125	14.5659	23.5542	low	19.0125	14.5659	23.5542	rho_fallback_no_desc	0.0	0.0
C1d	43	17.5542	14.91	20.2326	medium	19.4658	17.6113	21.3402	single_child_interpolation	1.9116	10.88970160987114
C1d1	27	17.7451	14.6169	20.9212	low	17.7451	14.6169	20.9212	rho_direct	0.0	0.0
C1d1a	3	7.8917	4.8676	10.971	low	9.516	7.3084	12.382	single_child_interpolation	1.6242999999999999	20.582384023721122
C1d1a1	2	1.2869	-1.2245	3.8427	very_low	1.2869	0.0	3.8427	rho_fallback_no_desc	0.0	0.0
C1d1b	3	6.995	2.4241	11.6961	low	10.8202	7.3084	16.3704	single_child_interpolation	3.8251999999999997	54.684774839170835
C1d1b1	2	3.8953	-3.6406	11.8196	very_low	3.8953	0.0	11.8196	rho_fallback_no_desc	0.0	0.0
C1d1c	7	9.4398	6.8935	12.0239	low	11.2599	8.4681	14.0952	single_child_interpolation	1.8201	19.28112883747537
C1d1c1	6	4.7748	2.3194	7.2692	low	4.7748	2.3194	7.2692	rho_fallback_no_desc	0.0	0.0
C1d1d	4	14.067	2.751	26.0933	low	14.067	2.751	26.0933	rho_fallback_no_desc	0.0	0.0
C1d2	5	9.5176	7.3961	11.6652	low	11.1125	8.9044	13.3477	single_child_interpolation	1.5949000000000009	16.757375809027494
C1d2a	3	3.4574	1.7531	5.181	low	3.4574	1.7531	5.181	rho_fallback_no_desc	0.0	0.0
C1d3	1	7.8917			no_ci	7.8917	0.0		rho_fallback_no_desc	0.0	0.0
C1d_C194T	35	18.7675	16.0557	21.5144	low	18.7675	16.0557	21.5144	rho_direct	0.0	0.0
C1e	0				no_ci		0.0		rho_fallback_no_desc		
C1f	0				no_ci		0.0		rho_fallback_no_desc		
C2	9	14.2997	7.9549	20.8602	low	14.2997	7.9549	20.8602	rho_fallback_no_desc	0.0	0.0
C3	4	9.9265	7.3846	12.5056	low	9.9265	7.3846	12.5056	rho_fallback_no_desc	0.0	0.0
C4	1201	26.1515	25.3195	26.9864	high	26.1515	25.3195	26.9864	rho_direct	0.0	0.0
C4_T152C!	86	27.0716	24.156	30.022	low	27.0716	24.156	30.022	rho_direct	0.0	0.0
C4_T152C!_T16093C	77	25.9165	22.7876	29.0863	low	22.3855	19.3799	25.432	single_child_interpolation	-3.530999999999999	13.624524916558943
C4a	853	27.0555	26.1042	28.0105	low	27.0555	26.1042	28.0105	rho_direct	0.0	0.0
C4a'b'c	1023	27.3002	26.3977	28.2061	low	27.3002	26.3977	28.2061	rho_direct	0.0	0.0
C4a1	487	21.8859	20.7198	23.0581	high	21.8859	20.7198	23.0581	rho_direct	0.0	0.0
C4a1a	435	16.9775	15.7694	18.1927	high	16.9775	15.7694	18.1927	rho_direct	0.0	0.0
C4a1a1	43	17.8186	15.3707	20.2957	low	14.6697	12.8658	16.4929	single_child_interpolation	-3.1488999999999994	17.671983208557347
C4a1a1a	33	12.3619	9.9622	14.7931	medium	7.6559	6.4329	9.2009	single_child_interpolation	-4.706	38.06858169051684
C4a1a1a1	4	0.642	-0.6136	1.9088	low	0.642	0.0	1.9088	rho_fallback_no_desc	0.0	0.0
C4a1a2	103	14.128	11.8111	16.4731	low	10.5095	8.0773	12.9868	single_child_interpolation	-3.618500000000001	25.612259343148363
C4a1a2a	21	7.2507	3.5884	10.9957	medium	7.2507	3.5884	10.9957	rho_direct	0.0	0.0
C4a1a3	89	5.6343	4.7208	6.5531	high	5.6343	4.7208	6.5531	rho_direct	0.0	0.0
C4a1a3a	17	4.7488	3.1397	6.3747	medium	5.0472	3.2524	6.8681	single_child_interpolation	0.2984	6.283692722371967
C4a1a3a1	7	4.4601	1.7839	7.183	low	4.4601	1.7839	7.183	rho_fallback_no_desc	0.0	0.0
C4a1a3b	4	7.2188	1.4861	13.1565	low	7.2188	1.4861	13.1565	rho_fallback_no_desc	0.0	0.0
C4a1a3c	16	3.4028	2.1914	4.6239	medium		2.3604		single_child_interpolation		
C4a1a3c1	0				no_ci		0.0		rho_fallback_no_desc		
C4a1a3d	13	3.3902	-0.3509	7.2255	low	3.3902	0.0	7.2255	rho_direct	0.0	0.0
C4a1a4	78	13.1211	10.0448	16.2484	low	11.8565	9.5897	14.1594	single_child_interpolation	-1.2645999999999997	9.637911455594422
C4a1a4a	37	9.9449	6.6131	13.341	medium	9.9449	6.6131	13.341	rho_direct	0.0	0.0
C4a1a5	4	6.5486	5.0419	8.0692	low	6.5486	5.0419	8.0692	rho_fallback_no_desc	0.0	0.0
C4a1a6	10	7.8917	6.1389	9.6629	medium	7.8917	6.1389	9.6629	rho_direct	0.0	0.0
C4a1a_T195C!	357	13.7682	12.5662	14.9778	high	13.7682	12.5662	14.9778	rho_direct	0.0	0.0
C4a1b	16	18.6553	12.3554	25.1493	low	18.6553	12.3554	25.1493	rho_direct	0.0	0.0
C4a2	366	23.6327	22.1375	25.1375	high	23.6327	22.1375	25.1375	rho_direct	0.0	0.0
C4a2a	130	12.8791	10.3915	15.4001	high	16.6217	14.6191	18.6472	single_child_interpolation	3.7426000000000013	29.059483970153206
C4a2a1	123	9.6106	7.1008	12.157	high	9.6106	7.1008	12.157	rho_direct	0.0	0.0
C4a2a1a	16	0.803	0.0448	1.5652	medium	0.803	0.0448	1.5652	rho_direct	0.0	0.0
C4a2a1b	9	3.7492	2.5067	5.0018	low	3.7492	2.5067	5.0018	rho_fallback_no_desc	0.0	0.0
C4a2a1c	3	8.7931	5.2872	12.372	low	8.7931	5.2872	12.372	rho_fallback_no_desc	0.0	0.0
C4a2a1d	4	10.6101	0.2051	21.6601	low	10.6101	0.2051	21.6601	rho_fallback_no_desc	0.0	0.0
C4a2b	124	17.8164	16.4024	19.2401	high	17.8164	16.4024	19.2401	rho_direct	0.0	0.0
C4a2b1	3	5.2164	2.2425	8.247	low	5.2164	2.2425	8.247	rho_fallback_no_desc	0.0	0.0
C4a2b2	76	10.574	9.3046	11.8525	high	9.5411	8.5931	10.4948	single_child_interpolation	-1.0328999999999997	9.768299602799317
C4a2b2a	61	1.2658	0.7837	1.7495	high	1.2658	0.7837	1.7495	rho_direct	0.0	0.0
C4a2b3	3	5.2164	5.2164	5.2164	low	5.2164	5.2164	5.2164	rho_fallback_no_desc	0.0	0.0
C4a2c	60	19.2033	13.9691	24.5692	high	19.2033	13.9691	24.5692	rho_direct	0.0	0.0
C4a2c1	22	16.2999	4.0499	29.3474	low	16.2999	4.0499	29.3474	rho_direct	0.0	0.0
C4a2c2	9	10.0023	1.8497	18.5505	low	10.8944	6.9846	16.1765	single_child_interpolation	0.8920999999999992	8.918948641812376
C4a2c2a	2	2.5854	-2.4381	7.7838	very_low	2.5854	0.0	7.7838	rho_fallback_no_desc	0.0	0.0
C4a2d	33	15.4889	9.9807	21.1548	medium	15.4889	9.9807	21.1548	rho_direct	0.0	0.0
C4b	161	11.1384	9.8939	12.3914	high	11.1384	9.8939	12.3914	rho_direct	0.0	0.0
C4b1	77	5.3888	3.6702	7.126	high	5.3888	3.6702	7.126	rho_direct	0.0	0.0
C4b1a	7	7.8917	-1.6029	17.9546	low	7.8917	0.0	17.9546	rho_fallback_no_desc	0.0	0.0
C4b1b	7	1.1024	0.0835	2.1285	low	1.1024	0.0835	2.1285	rho_fallback_no_desc	0.0	0.0
C4b2	10	4.9513	4.4329	5.4713	medium	6.6759	5.6902	7.6675	single_child_interpolation	1.7246000000000006	34.831256437703246
C4b2a	7	2.2133	1.4865	2.9436	low	2.2133	1.4865	2.9436	rho_fallback_no_desc	0.0	0.0
C4b3	33	8.0552	6.2098	9.921	medium	8.0552	6.2098	9.921	rho_direct	0.0	0.0
C4b3a	16	6.3814	4.8054	7.9728	medium	5.8438	4.2932	7.4098	single_child_interpolation	-0.5376000000000003	8.424483655624163
C4b3a1	5	3.6324	2.3766	4.8986	low	3.6324	2.3766	4.8986	rho_fallback_no_desc	0.0	0.0
C4b3b	8	7.5549	1.7271	13.5931	low	7.5549	1.7271	13.5931	rho_fallback_no_desc	0.0	0.0
C4b4	9	1.7185	0.5254	2.9214	low	1.7185	0.5254	2.9214	rho_fallback_no_desc	0.0	0.0
C4b5	2	1.2869	-1.2245	3.8427	very_low	1.2869	0.0	3.8427	rho_fallback_no_desc	0.0	0.0
C4b6	14	14.1667	4.7895	24.0249	low	14.1667	4.7895	24.0249	rho_direct	0.0	0.0
C4b7	8	2.9118	1.7554	4.0772	low	2.9118	1.7554	4.0772	rho_fallback_no_desc	0.0	0.0
C4b8	3	6.1033	2.655	9.6266	low	6.8619	6.2396	7.4884	single_child_interpolation	0.7586000000000004	12.429341503776651
C4b8a	2	2.5854	2.5854	2.5854	very_low	2.5854	2.5854	2.5854	rho_fallback_no_desc	0.0	0.0
C4c	9	12.7535	9.1918	16.3843	low	12.7535	9.1918	16.3843	rho_fallback_no_desc	0.0	0.0
C4c1	6	7.8917	4.5819	11.2677	low	7.8917	4.5819	11.2677	rho_fallback_no_desc	0.0	0.0
C4c1a	2	2.5854	-2.4381	7.7838	very_low	2.5854	0.0	7.7838	rho_fallback_no_desc	0.0	0.0
C4c1b	2	3.8953	-3.6406	11.8196	very_low	3.8953	0.0	11.8196	rho_fallback_no_desc	0.0	0.0
C4c2	2	1.2869	-1.2245	3.8427	very_low	1.2869	0.0	3.8427	rho_fallback_no_desc	0.0	0.0
C4d	76	17.6994	14.6038	20.8419	high	17.6994	14.6038	20.8419	rho_direct	0.0	0.0
C4e	2	2.5854	2.5854	2.5854	very_low	2.5854	2.5854	2.5854	rho_fallback_no_desc	0.0	0.0
C4f	53	13.1607	12.0201	14.3083	high	13.1607	12.0201	14.3083	rho_direct	0.0	0.0
C5	230	20.1472	18.5742	21.7316	high	20.1472	18.5742	21.7316	rho_direct	0.0	0.0
C5_T16093C	80	19.5853	16.2823	22.94	low	19.5853	16.2823	22.94	rho_direct	0.0	0.0
C5a	101	13.1503	12.1149	14.1915	high	13.1503	12.1149	14.1915	rho_direct	0.0	0.0
C5a1	65	7.8502	6.1229	9.5953	high	7.8502	6.1229	9.5953	rho_direct	0.0	0.0
C5a2	36	5.4376	4.6262	6.2533	medium	5.4376	4.6262	6.2533	rho_direct	0.0	0.0
C5a2a	5	2.0647	1.0493	3.0871	low	2.0647	1.0493	3.0871	rho_fallback_no_desc	0.0	0.0
C5a2b	30	3.2826	2.4343	4.1357	medium	3.7511	2.3985	5.1182	single_child_interpolation	0.46850000000000014	14.272223237677457
C5a2b1	5	2.0647	0.1708	3.9831	low	2.0647	0.1708	3.9831	rho_fallback_no_desc	0.0	0.0
C5b	49	17.1528	12.9189	21.4762	medium	17.2425	14.3697	20.1669	single_child_interpolation	0.08970000000000056	0.52294669091927
C5b1	49	14.3378	10.1652	18.6023	medium	14.3378	10.1652	18.6023	rho_direct	0.0	0.0
C5b1a	21	3.4574	2.3772	4.5453	medium		5.0826		single_child_interpolation		
C5b1a1	0				no_ci		0.0		rho_fallback_no_desc		
C5b1b	28	7.5068	0.9247	14.3591	medium	8.4616	5.9671	11.0043	single_child_interpolation	0.9548000000000005	12.719134651249542
C5b1b1	13	2.5854	1.769	3.4063	low	2.5854	1.769	3.4063	rho_direct	0.0	0.0
C5c	12	7.2188	3.8781	10.6279	medium	14.1892	10.9202	17.515	single_child_interpolation	6.9704	96.55898487283204
C5c1	5	5.7479	1.9599	9.6274	low	6.6738	3.4443	9.9681	single_child_interpolation	0.9259000000000004	16.10849179700413
C5c1a	4	4.5544	1.3305	7.8462	low	4.5544	1.3305	7.8462	rho_fallback_no_desc	0.0	0.0
C5c_C16234T	6	8.7931	5.5581	12.0901	low	10.4315	7.1822	13.7416	single_child_interpolation	1.638399999999999	18.632791620702584
C5d	68	17.5454	13.7702	21.391	high	17.5454	13.7702	21.391	rho_direct	0.0	0.0
C5d1	28	6.2622	2.9628	9.6299	medium	12.3821	9.839	14.9656	single_child_interpolation	6.1198999999999995	97.72763565520104
C5d1a	4	7.2188	5.9077	8.5402	low	7.2188	5.9077	8.5402	rho_fallback_no_desc	0.0	0.0
C5d2	22	19.1426	9.5397	29.1999	low	10.9399	8.1952	13.7294	single_child_interpolation	-8.202700000000002	42.850500976878806
C5d2a	3	4.3344	2.6202	6.0677	low	4.3344	2.6202	6.0677	rho_fallback_no_desc	0.0	0.0
C6	4	5.8811	4.5809	7.1919	low	5.8811	4.5809	7.1919	rho_fallback_no_desc	0.0	0.0
C7	1277	22.3917	21.441	23.3464	high	22.3917	21.441	23.3464	rho_direct	0.0	0.0
C7_A16051G	44	33.3578	25.1547	41.8111	low	23.7367	19.2077	28.4105	single_child_interpolation	-9.621099999999998	28.84212987667052
C7a	916	18.7909	17.7013	19.8861	high	18.7909	17.7013	19.8861	rho_direct	0.0	0.0
C7a1	452	15.673	14.4096	16.9444	high	15.673	14.4096	16.9444	rho_direct	0.0	0.0
C7a1a	13	11.6669	9.1238	14.2458	medium	11.6669	9.1238	14.2458	rho_direct	0.0	0.0
C7a1a1	5	0.0	0.0	0.0	low	0.0	0.0	0.0	rho_fallback_no_desc	0.0	
C7a1a2	5	2.0647	-1.9539	6.1958	low	2.0647	0.0	6.1958	rho_fallback_no_desc	0.0	0.0
C7a1b	24	6.995	6.066	7.9294	medium	6.995	6.066	7.9294	rho_direct	0.0	0.0
C7a1c	226	10.3678	8.4485	12.3081	high	7.8365	7.2048	8.4722	single_child_interpolation	-2.5313000000000008	24.415015721753896
C7a1c1	3	0.0	0.0	0.0	low	0.0	0.0	0.0	rho_fallback_no_desc	0.0	
C7a1d	5	23.6375	5.67	43.1243	low	23.6375	5.67	43.1243	rho_fallback_no_desc	0.0	0.0
C7a1e	6	7.8917	5.1842	10.6433	low	7.8917	5.1842	10.6433	rho_fallback_no_desc	0.0	0.0
C7a2	23	16.909	13.1354	20.7538	low	12.5826	10.0739	15.1424	single_child_interpolation	-4.3264	25.586374120290966
C7a2a	23	6.3742	2.4466	10.3988	medium	6.3742	2.4466	10.3988	rho_direct	0.0	0.0
C7b	43	25.0817	16.9744	33.4745	low	14.92	11.7887	18.1331	single_child_interpolation	-10.161700000000002	40.514398944250196
C7b1	3	6.1033	4.3696	7.8557	low	6.1033	4.3696	7.8557	rho_fallback_no_desc	0.0	0.0
C7c	5	41.7816	4.3274	84.3546	low	41.7816	4.3274	84.3546	rho_fallback_no_desc	0.0	0.0
C7d	5	34.9901	12.314	59.6451	low	34.9901	12.314	59.6451	rho_fallback_no_desc	0.0	0.0
C7e	4	11.2963	7.9371	14.7188	low	11.2963	7.9371	14.7188	rho_fallback_no_desc	0.0	0.0
C7f	18	20.1277	9.5321	31.2685	low	20.1277	9.5321	31.2685	rho_direct	0.0	0.0
CZ	4282	45.2299	44.6908	45.7698	low	45.2299	44.6908	45.7698	rho_direct	0.0	0.0
D	11282	40.4608	40.1169	40.805	high	40.4608	40.1169	40.805	rho_direct	0.0	0.0
D1	144	19.0522	17.9148	20.1958	high	19.0522	17.9148	20.1958	rho_direct	0.0	0.0
D1a	11	18.7526	16.1051	21.4338	low	18.7526	16.1051	21.4338	rho_direct	0.0	0.0
D1a1	9	7.8917	5.7475	10.0635	low	7.8917	5.7475	10.0635	rho_fallback_no_desc	0.0	0.0
D1a2	2	3.8953	-3.6406	11.8196	very_low	3.8953	0.0	11.8196	rho_fallback_no_desc	0.0	0.0
D1b	2	1.2869	-1.2245	3.8427	very_low	1.2869	0.0	3.8427	rho_fallback_no_desc	0.0	0.0
D1c	3	2.5854	-0.3368	5.566	low	2.5854	0.0	5.566	rho_fallback_no_desc	0.0	0.0
D1d	5	10.6101	6.4998	14.8171	low	10.6101	6.4998	14.8171	rho_fallback_no_desc	0.0	0.0
D1d1	2	5.2164	5.2164	5.2164	very_low	5.2164	5.2164	5.2164	rho_fallback_no_desc	0.0	0.0
D1d2	3	8.7931	2.5273	15.2961	low	8.7931	2.5273	15.2961	rho_fallback_no_desc	0.0	0.0
D1e	10	7.0845	5.9655	8.2111	medium	7.0845	5.9655	8.2111	rho_direct	0.0	0.0
D1f	10	19.0125	15.8007	22.2736	low	19.0125	15.8007	22.2736	rho_direct	0.0	0.0
D1f1	3	10.6101	5.3225	16.0588	low	10.6101	5.3225	16.0588	rho_fallback_no_desc	0.0	0.0
D1f2	2	13.3705	7.9996	18.8981	very_low	13.3705	7.9996	18.8981	rho_fallback_no_desc	0.0	0.0
D1f3	2	13.3705	7.9996	18.8981	very_low	13.3705	7.9996	18.8981	rho_fallback_no_desc	0.0	0.0
D1f_T16189C!	3	17.1143	10.549	23.8974	low	16.1915	11.9002	20.5858	single_child_interpolation	-0.9227999999999987	5.391982143587519
D1g	16	19.3703	15.6756	23.13	low	19.3703	15.6756	23.13	rho_direct	0.0	0.0
D1g1	4	6.5486	3.9479	9.1912	low	6.5486	3.9479	9.1912	rho_fallback_no_desc	0.0	0.0
D1g1a	2	2.5854	-2.4381	7.7838	very_low	2.5854	0.0	7.7838	rho_fallback_no_desc	0.0	0.0
D1g1b	2	5.2164	5.2164	5.2164	very_low	5.2164	5.2164	5.2164	rho_fallback_no_desc	0.0	0.0
D1g2	3	14.2997	7.8315	20.9922	low	12.7805	9.5168	16.1021	single_child_interpolation	-1.5191999999999997	10.623999104876324
D1g2a	2	6.5486	3.9479	9.1912	very_low	6.5486	3.9479	9.1912	rho_fallback_no_desc	0.0	0.0
D1g3	2	5.2164	0.1025	10.5005	very_low	5.2164	0.1025	10.5005	rho_fallback_no_desc	0.0	0.0
D1g4	2	5.2164	-4.832	15.9461	very_low	5.2164	0.0	15.9461	rho_fallback_no_desc	0.0	0.0
D1g5	2	1.2869	-1.2245	3.8427	very_low	1.2869	0.0	3.8427	rho_fallback_no_desc	0.0	0.0
D1g6	2	2.5854	-2.4381	7.7838	very_low	2.5854	0.0	7.7838	rho_fallback_no_desc	0.0	0.0
D1g_T16189C!	5	19.0125	15.0858	23.0131	low	19.0125	15.0858	23.0131	rho_fallback_no_desc	0.0	0.0
D1h	7	16.5751	11.7348	21.534	low	16.5751	11.7348	21.534	rho_fallback_no_desc	0.0	0.0
D1h1	3	5.2164	5.2164	5.2164	low	5.2164	5.2164	5.2164	rho_fallback_no_desc	0.0	0.0
D1h2	3	9.6992	0.0745	19.8846	low	9.6992	0.0745	19.8846	rho_fallback_no_desc	0.0	0.0
D1i	6	12.4458	7.3418	17.6938	low	12.4458	7.3418	17.6938	rho_fallback_no_desc	0.0	0.0
D1i1	2	5.2164	0.1025	10.5005	very_low	5.2164	0.1025	10.5005	rho_fallback_no_desc	0.0	0.0
D1i2	2	5.2164	5.2164	5.2164	very_low	5.2164	5.2164	5.2164	rho_fallback_no_desc	0.0	0.0
D1j	10	15.0464	11.4882	18.6703	medium	16.2113	13.8755	18.5839	single_child_interpolation	1.1649000000000012	7.742051254785205
D1j1	8	13.3705	9.8361	16.972	low	10.9353	8.2159	13.7036	single_child_interpolation	-2.4352	18.21323061964773
D1j1a	6	5.6592	2.5564	8.8233	low	5.6592	2.5564	8.8233	rho_fallback_no_desc	0.0	0.0
D1j1a1	2	1.2869	-1.2245	3.8427	very_low	1.2869	0.0	3.8427	rho_fallback_no_desc	0.0	0.0
D1j1a2	2	1.2869	-1.2245	3.8427	very_low	1.2869	0.0	3.8427	rho_fallback_no_desc	0.0	0.0
D1k	4	3.2389	1.9607	4.528	low	3.2389	1.9607	4.528	rho_fallback_no_desc	0.0	0.0
D1l	5	10.6101	7.6934	13.5751	low	10.6101	7.6934	13.5751	rho_fallback_no_desc	0.0	0.0
D1m	2	5.2164	0.1025	10.5005	very_low	5.2164	0.1025	10.5005	rho_fallback_no_desc	0.0	0.0
D1n	2	7.8917	2.6898	13.2593	very_low	7.8917	2.6898	13.2593	rho_fallback_no_desc	0.0	0.0
D1o	4	3.8953	2.4139	5.3911	low	3.8953	2.4139	5.3911	rho_fallback_no_desc	0.0	0.0
D1p	3	11.5256	7.9636	15.1586	low	11.5256	7.9636	15.1586	rho_fallback_no_desc	0.0	0.0
D2	78	16.027	14.7132	17.3495	high	16.027	14.7132	17.3495	rho_direct	0.0	0.0
D2a	26	8.0993	6.4231	9.7921	medium	8.0993	6.4231	9.7921	rho_direct	0.0	0.0
D2a'b	55	12.6135	11.3158	13.9204	high	12.6135	11.3158	13.9204	rho_direct	0.0	0.0
D2a1	16	7.5549	6.0484	9.0751	medium	7.5549	6.0484	9.0751	rho_direct	0.0	0.0
D2a1a	9	3.7492	2.0181	5.5	low	3.7492	2.0181	5.5	rho_fallback_no_desc	0.0	0.0
D2a1b	6	4.7748	3.9128	5.6415	low	4.7748	3.9128	5.6415	rho_fallback_no_desc	0.0	0.0
D2a2	7	4.0833	2.1907	5.9994	low	4.0833	2.1907	5.9994	rho_fallback_no_desc	0.0	0.0
D2b	29	9.4801	7.3991	11.5862	medium	9.4801	7.3991	11.5862	rho_direct	0.0	0.0
D2b1	22	7.6467	5.1871	10.1428	medium	6.8194	5.0932	8.5642	single_child_interpolation	-0.8273000000000001	10.819046124471997
D2b1a	10	4.1586	2.7873	5.5422	medium	4.1586	2.7873	5.5422	rho_direct	0.0	0.0
D2b2	4	4.5544	3.2651	5.8544	low	4.5544	3.2651	5.8544	rho_fallback_no_desc	0.0	0.0
D2c	1	2.5854			no_ci	2.5854	0.0		rho_fallback_no_desc	0.0	0.0
D3	29	2.6754	1.7811	3.5751	medium	2.6754	1.7811	3.5751	rho_direct	0.0	0.0
D4	8296	27.8493	27.4819	28.2172	high	27.8493	27.4819	28.2172	rho_direct	0.0	0.0
D4_T195C!	342	18.9038	17.2145	20.6067	high	18.9038	17.2145	20.6067	rho_direct	0.0	0.0
D4a	1326	20.4561	19.6034	21.3122	high	20.4561	19.6034	21.3122	rho_direct	0.0	0.0
D4a1	241	12.5874	10.7669	14.4259	high	12.5874	10.7669	14.4259	rho_direct	0.0	0.0
D4a10	11	6.427	1.4433	11.5678	medium	6.427	1.4433	11.5678	rho_direct	0.0	0.0
D4a11	6	13.3705	7.9996	18.8981	low	13.3705	7.9996	18.8981	rho_fallback_no_desc	0.0	0.0
D4a12	3	12.4458	8.8654	16.0964	low	12.4458	8.8654	16.0964	rho_fallback_no_desc	0.0	0.0
D4a1a	13	5.6251	3.6927	7.5811	medium	8.0621	6.1031	10.0449	single_child_interpolation	2.4369999999999994	43.323674245791175
D4a1a1	11	3.5369	1.4392	5.6639	medium	6.1983	3.5142	8.9323	single_child_interpolation	2.6613999999999995	75.24668495009753
D4a1a1a	3	4.3344	0.9254	7.8198	low	4.3344	0.9254	7.8198	rho_fallback_no_desc	0.0	0.0
D4a1b	16	6.0477	3.8902	8.2343	medium	8.1099	5.671	10.589	single_child_interpolation	2.0622	34.09891363658911
D4a1b1	5	3.6324	0.5751	6.752	low	3.6324	0.5751	6.752	rho_fallback_no_desc	0.0	0.0
D4a1c	4	5.2164	-0.2996	10.931	low	5.2164	0.0	10.931	rho_fallback_no_desc	0.0	0.0
D4a1d	4	1.9348	-0.4816	4.3914	low	1.9348	0.0	4.3914	rho_fallback_no_desc	0.0	0.0
D4a1e	129	10.9502	8.2774	13.6633	high	10.9502	8.2774	13.6633	rho_direct	0.0	0.0
D4a1e1	34	12.7988	9.0347	16.6401	low	12.7988	9.0347	16.6401	rho_direct	0.0	0.0
D4a1e2	4	2.5854	2.5854	2.5854	low	2.5854	2.5854	2.5854	rho_fallback_no_desc	0.0	0.0
D4a1f	4	4.5544	2.0951	7.053	low	8.2414	6.0528	10.4605	single_child_interpolation	3.6870000000000003	80.95468118742315
D4a1f1	2	3.8953	1.3387	6.4951	very_low	3.8953	1.3387	6.4951	rho_fallback_no_desc	0.0	0.0
D4a1g	5	23.0541	-13.7179	67.1736	low	23.0541	0.0	67.1736	rho_fallback_no_desc	0.0	0.0
D4a1h	5	4.1586	-1.5291	10.0633	low	4.1586	0.0	10.0633	rho_fallback_no_desc	0.0	0.0
D4a2	10	6.2812	4.6898	7.8884	medium	6.2812	4.6898	7.8884	rho_direct	0.0	0.0
D4a2a	3	1.7185	0.0342	3.4224	low	1.7185	0.0342	3.4224	rho_fallback_no_desc	0.0	0.0
D4a2b	4	2.5854	2.5854	2.5854	low	2.5854	2.5854	2.5854	rho_fallback_no_desc	0.0	0.0
D4a3	337	20.4859	18.7213	22.2648	low	20.4859	18.7213	22.2648	rho_direct	0.0	0.0
D4a3a	95	16.4094	13.1478	19.7246	high	16.4094	13.1478	19.7246	rho_direct	0.0	0.0
D4a3a1	24	12.4458	8.6961	16.2726	medium	12.4458	8.6961	16.2726	rho_direct	0.0	0.0
D4a3a2	4	6.5486	3.1992	9.9679	low	6.5486	3.1992	9.9679	rho_fallback_no_desc	0.0	0.0
D4a3a3	4	14.067	3.5835	25.157	low	14.067	3.5835	25.157	rho_fallback_no_desc	0.0	0.0
D4a3b	228	17.6994	15.5389	19.8827	high	17.6994	15.5389	19.8827	rho_direct	0.0	0.0
D4a3b1	5	3.108	0.6158	5.642	low	3.108	0.6158	5.642	rho_fallback_no_desc	0.0	0.0
D4a3b2	112	12.1084	9.3512	14.9074	high	12.1084	9.3512	14.9074	rho_direct	0.0	0.0
D4a3b3	14	22.9293	4.0108	43.5668	low	22.9293	4.0108	43.5668	rho_direct	0.0	0.0
D4a4	5	2.5854	0.9775	4.2108	low	2.5854	0.9775	4.2108	rho_fallback_no_desc	0.0	0.0
D4a5	99	19.1281	16.7946	21.4874	low	19.1281	16.7946	21.4874	rho_direct	0.0	0.0
D4a5a	7	12.5776	3.4413	22.1859	low	12.5776	3.4413	22.1859	rho_fallback_no_desc	0.0	0.0
D4a5b	4	7.8917	7.8917	7.8917	low	7.8917	7.8917	7.8917	rho_fallback_no_desc	0.0	0.0
D4a6	94	8.9566	6.3206	11.6334	high	8.9566	6.3206	11.6334	rho_direct	0.0	0.0
D4a7	207	17.4294	15.3106	19.5703	high	17.4294	15.3106	19.5703	rho_direct	0.0	0.0
D4a8	26	5.7275	2.8454	8.6622	medium	5.7275	2.8454	8.6622	rho_direct	0.0	0.0
D4a9	9	5.2164	4.352	6.0855	low	5.2164	4.352	6.0855	rho_fallback_no_desc	0.0	0.0
D4a_C16294T	6	12.4458	10.173	14.7466	low	11.5207	10.2904	12.7615	single_child_interpolation	-0.9251000000000005	7.433029616416786
D4b	1817	32.3123	31.5049	33.1221	low	32.3123	31.5049	33.1221	rho_direct	0.0	0.0
D4b1	418	28.6301	27.0821	30.1875	low	28.6301	27.0821	30.1875	rho_direct	0.0	0.0
D4b1a	226	25.7454	24.2838	27.216	high	25.7454	24.2838	27.216	rho_direct	0.0	0.0
D4b1a1	18	7.8917	4.6413	11.2059	medium	13.732	12.1419	16.1808	single_child_interpolation	5.840299999999999	74.00560082111585
D4b1a1a	3	1.7185	-1.6302	5.1456	low	1.7185	0.0	5.1456	rho_fallback_no_desc	0.0	0.0
D4b1a2	113	16.7968	14.9581	18.6522	high	19.4263	17.6747	21.1935	single_child_interpolation	2.6295	15.654767574776148
D4b1a2a	95	13.1072	11.0656	15.1711	high	13.1072	11.0656	15.1711	rho_direct	0.0	0.0
D4b1a2a1	53	12.4284	9.1271	15.7893	low	10.4995	9.4787	11.5314	single_child_interpolation	-1.9289000000000005	15.520099127804066
D4b1a2a1a	3	7.8917	7.8917	7.8917	low	7.8917	7.8917	7.8917	rho_fallback_no_desc	0.0	0.0
D4b1a2a2	10	6.0144	3.0204	9.0648	medium	6.0144	3.0204	9.0648	rho_direct	0.0	0.0
D4b1a2a3	4	5.2164	5.2164	5.2164	low	5.2164	5.2164	5.2164	rho_fallback_no_desc	0.0	0.0
D4b1a3	16	11.8127	9.3155	14.3443	medium	11.8127	9.3155	14.3443	rho_direct	0.0	0.0
D4b1b	116	18.053	14.6877	21.4736	high	18.053	14.6877	21.4736	rho_direct	0.0	0.0
D4b1b'd	147	27.0351	23.4386	30.6845	low	27.0351	23.4386	30.6845	rho_direct	0.0	0.0
D4b1b1	27	11.6276	6.5367	16.8645	medium	11.6347	9.2341	14.0694	single_child_interpolation	0.0071000000000012164	0.06106161202656797
D4b1b1a	14	5.2164	3.7806	6.6653	medium	7.4368	5.5974	9.2987	single_child_interpolation	2.2203999999999997	42.56575415995705
D4b1b1a1	12	3.2389	1.9607	4.528	medium	3.2389	1.9607	4.528	rho_direct	0.0	0.0
D4b1b2	31	15.0826	10.3925	19.8874	medium	15.0826	10.3925	19.8874	rho_direct	0.0	0.0
D4b1b3	3	10.6101	5.3225	16.0588	low	10.6101	5.3225	16.0588	rho_fallback_no_desc	0.0	0.0
D4b1c	30	13.2778	12.5185	14.0401	medium	15.6527	14.4316	16.8813	single_child_interpolation	2.3749000000000002	17.886246215487507
D4b1d	28	20.9622	10.608	31.8275	low	20.9622	10.608	31.8275	rho_direct	0.0	0.0
D4b2	1389	21.8126	20.9392	22.6894	high	21.8126	20.9392	22.6894	rho_direct	0.0	0.0
D4b2a	31	20.6798	14.1103	27.4521	low	20.6798	14.1103	27.4521	rho_direct	0.0	0.0
D4b2a1	7	11.788	-1.2315	25.8082	low	11.788	0.0	25.8082	rho_fallback_no_desc	0.0	0.0
D4b2a2	22	15.5315	7.5547	23.8435	low	15.5315	7.5547	23.8435	rho_direct	0.0	0.0
D4b2a2a	14	15.9703	4.4369	28.2125	low	15.9703	4.4369	28.2125	rho_direct	0.0	0.0
D4b2a2a1	8	13.3705	-1.2283	29.196	low	13.3705	0.0	29.196	rho_fallback_no_desc	0.0	0.0
D4b2a2a2	2	2.5854	-2.4381	7.7838	very_low	2.5854	0.0	7.7838	rho_fallback_no_desc	0.0	0.0
D4b2a2b	5	4.1586	2.1063	6.2385	low	4.1586	2.1063	6.2385	rho_fallback_no_desc	0.0	0.0
D4b2b	1204	18.4715	17.5383	19.4089	high	18.4715	17.5383	19.4089	rho_direct	0.0	0.0
D4b2b1	71	8.3862	5.8155	10.9963	high	8.3862	5.8155	10.9963	rho_direct	0.0	0.0
D4b2b10	6	12.9075	1.2035	25.3932	low	12.9075	1.2035	25.3932	rho_fallback_no_desc	0.0	0.0
D4b2b1_T146C!	15	9.5176	2.0052	17.3682	low	5.4858	3.3965	7.6035	single_child_interpolation	-4.0318	42.36151971085147
D4b2b1a	3	6.995	5.2518	8.7569	low	6.995	5.2518	8.7569	rho_fallback_no_desc	0.0	0.0
D4b2b1b	2	1.2869	-1.2245	3.8427	very_low	1.2869	0.0	3.8427	rho_fallback_no_desc	0.0	0.0
D4b2b1c	2	2.5854	-2.4381	7.7838	very_low	2.5854	0.0	7.7838	rho_fallback_no_desc	0.0	0.0
D4b2b1d	5	2.5854	0.9775	4.2108	low	2.5854	0.9775	4.2108	rho_fallback_no_desc	0.0	0.0
D4b2b2	281	15.2501	13.5512	16.9638	high	15.2501	13.5512	16.9638	rho_direct	0.0	0.0
D4b2b2a	49	9.4954	4.9777	14.1332	medium	9.7922	7.5141	12.1046	single_child_interpolation	0.2967999999999993	3.1257240347957884
D4b2b2a1	6	4.3344	1.4769	7.2454	low	4.3344	1.4769	7.2454	rho_fallback_no_desc	0.0	0.0
D4b2b2b	105	8.9998	7.1382	10.8816	high	11.0332	8.6234	13.4806	single_child_interpolation	2.0334000000000003	22.593835418564858
D4b2b2b1	5	6.8163	3.6955	9.9975	low	6.8163	3.6955	9.9975	rho_fallback_no_desc	0.0	0.0
D4b2b2c	7	30.7497	13.6612	49.0244	low	30.7497	13.6612	49.0244	rho_fallback_no_desc	0.0	0.0
D4b2b2d	4	12.6765	11.3238	14.0391	low	12.6765	11.3238	14.0391	rho_fallback_no_desc	0.0	0.0
D4b2b3	4	3.8953	0.603	7.2595	low	3.8953	0.603	7.2595	rho_fallback_no_desc	0.0	0.0
D4b2b4	36	26.6089	22.1947	31.1039	low	22.931	20.5422	25.352	single_child_interpolation	-3.6778999999999975	13.822067052753017
D4b2b4a	8	27.3905	23.5461	31.2951	low	27.3905	23.5461	31.2951	rho_fallback_no_desc	0.0	0.0
D4b2b5	44	10.299	8.0598	12.5668	medium	10.299	8.0598	12.5668	rho_direct	0.0	0.0
D4b2b6	113	12.8298	9.9231	15.7824	high	12.8298	9.9231	15.7824	rho_direct	0.0	0.0
D4b2b7	15	2.0647	0.9353	3.2027	medium	2.0647	0.9353	3.2027	rho_direct	0.0	0.0
D4b2b8	14	8.8576	4.6449	13.1761	medium	8.8576	4.6449	13.1761	rho_direct	0.0	0.0
D4b2b9	4	8.5673	4.6337	12.5934	low	8.5673	4.6337	12.5934	rho_fallback_no_desc	0.0	0.0
D4b2c	4	6.5486	5.0419	8.0692	low	6.5486	5.0419	8.0692	rho_fallback_no_desc	0.0	0.0
D4b2d	9	5.8071	2.9767	8.6882	low	5.8071	2.9767	8.6882	rho_fallback_no_desc	0.0	0.0
D4b3	8	11.2963	5.3101	17.4869	low	11.2963	5.3101	17.4869	rho_fallback_no_desc	0.0	0.0
D4c	169	19.8604	18.125	21.6099	high	19.8604	18.125	21.6099	rho_direct	0.0	0.0
D4c1	79	17.6771	16.5324	18.8282	high	17.6771	16.5324	18.8282	rho_direct	0.0	0.0
D4c1a	33	7.2391	5.2401	9.2624	medium	11.6128	9.1915	14.081	single_child_interpolation	4.3737	60.41773148595821
D4c1a1	8	5.5484	1.8506	9.3337	low	5.5484	1.8506	9.3337	rho_fallback_no_desc	0.0	0.0
D4c1b	36	10.3059	8.7467	11.879	medium	10.3059	8.7467	11.879	rho_direct	0.0	0.0
D4c1b1	21	5.0901	3.0291	7.1783	medium	5.0901	3.0291	7.1783	rho_direct	0.0	0.0
D4c1b2	2	1.2869	-1.2245	3.8427	very_low	1.2869	0.0	3.8427	rho_fallback_no_desc	0.0	0.0
D4c2	90	13.9585	10.9715	16.9927	high	13.9585	10.9715	16.9927	rho_direct	0.0	0.0
D4c2a	28	11.4928	4.9284	18.3029	low	11.4928	4.9284	18.3029	rho_direct	0.0	0.0
D4c2b	50	7.8917	4.5092	11.3434	high	7.8917	4.5092	11.3434	rho_direct	0.0	0.0
D4c2b1	3	7.8917	4.8676	10.971	low	7.8917	4.8676	10.971	rho_fallback_no_desc	0.0	0.0
D4c2b2	3	9.6992	6.1744	13.2963	low	9.6992	6.1744	13.2963	rho_fallback_no_desc	0.0	0.0
D4c2c	11	12.1106	4.2798	20.289	low	12.1106	4.2798	20.289	rho_direct	0.0	0.0
D4d	11	20.8404	6.2153	36.5122	low	20.8404	6.2153	36.5122	rho_direct	0.0	0.0
D4e	899	24.3324	23.2536	25.4161	high	24.3324	23.2536	25.4161	rho_direct	0.0	0.0
D4e1	609	22.6259	21.3334	23.9258	high	22.6259	21.3334	23.9258	rho_direct	0.0	0.0
D4e1'3	715	23.8213	22.6085	25.0405	high	23.8213	22.6085	25.0405	rho_direct	0.0	0.0
D4e1a	393	15.3192	13.8127	16.8373	high	15.3192	13.8127	16.8373	rho_direct	0.0	0.0
D4e1a1	41	11.0784	9.0147	13.166	medium	11.0784	9.0147	13.166	rho_direct	0.0	0.0
D4e1a2	70	17.0603	11.9163	22.3372	low	16.8802	6.9064	31.5114	single_child_interpolation	-0.18010000000000304	1.0556672508689942
D4e1a2a	10	18.4412	-6.0159	46.1856	low	18.4412	0.0	46.1856	rho_direct	0.0	0.0
D4e1a3	146	12.5342	10.1516	14.9477	high	12.5342	10.1516	14.9477	rho_direct	0.0	0.0
D4e1a4	6	0.0	0.0	0.0	low	0.0	0.0	0.0	rho_fallback_no_desc	0.0	
D4e1a5	9	13.9895	10.4038	17.6434	low	13.9895	10.4038	17.6434	rho_fallback_no_desc	0.0	0.0
D4e1a6	4	14.067	10.6563	17.5393	low	14.067	10.6563	17.5393	rho_fallback_no_desc	0.0	0.0
D4e1b	3	3.4574	0.0683	6.9235	low	3.4574	0.0683	6.9235	rho_fallback_no_desc	0.0	0.0
D4e1c	2	3.8953	1.3387	6.4951	very_low	3.8953	1.3387	6.4951	rho_fallback_no_desc	0.0	0.0
D4e2	53	4.6168	3.5074	5.7341	high	4.6168	3.5074	5.7341	rho_direct	0.0	0.0
D4e2a	7	3.7075	1.8195	5.6189	low	3.7075	1.8195	5.6189	rho_fallback_no_desc	0.0	0.0
D4e2b	2	3.8953	1.3387	6.4951	very_low	3.8953	1.3387	6.4951	rho_fallback_no_desc	0.0	0.0
D4e2c	4	1.9348	-0.4816	4.3914	low	1.9348	0.0	4.3914	rho_fallback_no_desc	0.0	0.0
D4e2d	2	2.5854	-2.4381	7.7838	very_low	2.5854	0.0	7.7838	rho_fallback_no_desc	0.0	0.0
D4e3	106	9.2969	6.205	12.4447	high	9.2969	6.205	12.4447	rho_direct	0.0	0.0
D4e4	29	10.7991	9.1424	12.4713	medium	10.7991	9.1424	12.4713	rho_direct	0.0	0.0
D4e4a	23	8.2438	6.9889	9.508	medium	7.019	4.9717	9.094	single_child_interpolation	-1.2248	14.85722603653655
D4e4a1	4	3.2389	0.801	5.7167	low	3.2389	0.801	5.7167	rho_fallback_no_desc	0.0	0.0
D4e4b	2	1.2869	-1.2245	3.8427	very_low	1.2869	0.0	3.8427	rho_fallback_no_desc	0.0	0.0
D4e5	77	14.7842	10.8058	18.8455	high	14.7842	10.8058	18.8455	rho_direct	0.0	0.0
D4e5a	45	10.671	4.4716	17.0929	medium	10.671	4.4716	17.0929	rho_direct	0.0	0.0
D4e5b	28	8.4706	4.7873	12.2351	medium	8.4706	4.7873	12.2351	rho_direct	0.0	0.0
D4f	78	19.0859	16.1652	22.0471	high	19.0859	16.1652	22.0471	rho_direct	0.0	0.0
D4f1	46	8.2438	4.9206	11.6334	medium	8.2438	4.9206	11.6334	rho_direct	0.0	0.0
D4f2	13	18.1342	10.9645	25.5593	low	18.1342	10.9645	25.5593	rho_direct	0.0	0.0
D4g	606	26.2952	24.9789	27.6186	high	26.2952	24.9789	27.6186	rho_direct	0.0	0.0
D4g1	47	8.1214	6.4274	9.8324	medium	8.1214	6.4274	9.8324	rho_direct	0.0	0.0
D4g1a	4	3.2389	0.0432	6.5035	low	3.2389	0.0432	6.5035	rho_fallback_no_desc	0.0	0.0
D4g1b	21	7.8917	5.8729	9.9348	low	7.8917	5.8729	9.9348	rho_direct	0.0	0.0
D4g1c	3	4.3344	2.6202	6.0677	low	4.3344	2.6202	6.0677	rho_fallback_no_desc	0.0	0.0
D4g2	525	22.2675	20.7946	23.7501	high	22.2675	20.7946	23.7501	rho_direct	0.0	0.0
D4g2a	344	19.3787	17.6598	21.1115	high	19.3852	17.7958	20.9867	single_child_interpolation	0.006500000000002615	0.03354198166028998
D4g2a1	341	16.5029	14.7971	18.2232	high	16.5029	14.7971	18.2232	rho_direct	0.0	0.0
D4g2a1a	6	12.4458	4.0552	21.2337	low	12.4458	4.0552	21.2337	rho_fallback_no_desc	0.0	0.0
D4g2a1b	13	5.2164	3.0285	7.4348	medium	5.2164	3.0285	7.4348	rho_direct	0.0	0.0
D4g2a1c	34	19.265	10.6753	28.2155	low	19.265	10.6753	28.2155	rho_direct	0.0	0.0
D4g2a1c1	4	9.9265	2.7193	17.4415	low	9.9265	2.7193	17.4415	rho_fallback_no_desc	0.0	0.0
D4g2a1c2	3	5.2164	2.2425	8.247	low	5.2164	2.2425	8.247	rho_fallback_no_desc	0.0	0.0
D4g2a1d	8	16.5246	0.0575	34.4643	low	16.5246	0.0575	34.4643	rho_fallback_no_desc	0.0	0.0
D4g2b	65	18.6608	13.0301	24.4459	low	18.6608	13.0301	24.4459	rho_direct	0.0	0.0
D4g2b1	30	11.8012	3.5268	20.4672	medium	10.6231	6.5151	15.006	single_child_interpolation	-1.1780999999999988	9.98288309663423
D4g2b1a	3	2.5854	-0.3368	5.566	low	2.5854	0.0	5.566	rho_fallback_no_desc	0.0	0.0
D4g2b2	5	9.5176	8.2153	10.8297	low	9.5176	8.2153	10.8297	rho_fallback_no_desc	0.0	0.0
D4g2c	5	6.8163	4.7289	8.9305	low	6.8163	4.7289	8.9305	rho_fallback_no_desc	0.0	0.0
D4g2d	4	21.1685	19.7575	22.5885	low	21.1685	19.7575	22.5885	rho_fallback_no_desc	0.0	0.0
D4g2e	3	4.3344	2.6202	6.0677	low	4.3344	2.6202	6.0677	rho_fallback_no_desc	0.0	0.0
D4g2f	4	3.2389	-3.0407	9.7901	low	3.2389	0.0	9.7901	rho_fallback_no_desc	0.0	0.0
D4h	426	26.2944	24.967	27.6291	high	26.2944	24.967	27.6291	rho_direct	0.0	0.0
D4h1	288	21.5901	19.9495	23.2429	high	21.5901	19.9495	23.2429	rho_direct	0.0	0.0
D4h1a	16	17.0552	12.7493	21.4538	medium	17.0552	12.7493	21.4538	rho_direct	0.0	0.0
D4h1a1	3	1.7185	0.0342	3.4224	low	1.7185	0.0342	3.4224	rho_fallback_no_desc	0.0	0.0
D4h1a2	13	10.8209	5.4126	16.3973	medium	10.8209	5.4126	16.3973	rho_direct	0.0	0.0
D4h1b	85	11.2235	8.0135	14.4914	high	11.2235	8.0135	14.4914	rho_direct	0.0	0.0
D4h1c	95	14.4861	12.6906	16.2984	high	14.4861	12.6906	16.2984	rho_direct	0.0	0.0
D4h1c1	4	2.5854	0.513	4.687	low	2.5854	0.513	4.687	rho_fallback_no_desc	0.0	0.0
D4h1c2	14	18.1969	14.7904	21.6597	low	18.1969	14.7904	21.6597	rho_direct	0.0	0.0
D4h1c3	4	5.8811	4.5809	7.1919	low	5.8811	4.5809	7.1919	rho_fallback_no_desc	0.0	0.0
D4h1d	50	14.3743	8.7098	20.2097	high	14.3743	8.7098	20.2097	rho_direct	0.0	0.0
D4h2	1	0.0			no_ci	0.0	0.0		rho_fallback_no_desc	0.0	
D4h3	79	28.8544	26.9617	30.7612	low	28.8544	26.9617	30.7612	rho_direct	0.0	0.0
D4h3a	52	15.6299	13.8145	17.462	high	15.6299	13.8145	17.462	rho_direct	0.0	0.0
D4h3a1	11	13.8768	11.701	16.0775	medium	11.4616	9.6	13.3426	single_child_interpolation	-2.4151999999999987	17.40458895422575
D4h3a1a	9	7.2934	5.3856	9.2233	low	7.2934	5.3856	9.2233	rho_fallback_no_desc	0.0	0.0
D4h3a1a1	3	3.4574	-1.009	8.0587	low	3.4574	0.0	8.0587	rho_fallback_no_desc	0.0	0.0
D4h3a1a2	6	3.8953	2.144	5.6667	low	3.8953	2.144	5.6667	rho_fallback_no_desc	0.0	0.0
D4h3a2	4	9.9265	8.5943	11.2688	low	9.9265	8.5943	11.2688	rho_fallback_no_desc	0.0	0.0
D4h3a3	6	10.6101	9.2291	12.0019	low	11.7608	10.1734	13.362	single_child_interpolation	1.1507000000000005	10.845326622746256
D4h3a3a	6	7.8917	6.5323	9.2621	low	7.8917	6.5323	9.2621	rho_fallback_no_desc	0.0	0.0
D4h3a4	3	1.7185	0.0342	3.4224	low	1.7185	0.0342	3.4224	rho_fallback_no_desc	0.0	0.0
D4h3a5	4	17.5872	14.0246	21.2123	low	9.5436	6.9073	12.7604	single_child_interpolation	-8.0436	45.73553493449782
D4h3a5a	3	3.4574	-1.009	8.0587	low	3.4574	0.0	8.0587	rho_fallback_no_desc	0.0	0.0
D4h3a6	3	12.4458	3.133	22.2509	low	12.4458	3.133	22.2509	rho_fallback_no_desc	0.0	0.0
D4h3a7	1	0.0			no_ci	0.0	0.0		rho_fallback_no_desc	0.0	
D4h3a8	2	6.5486	3.9479	9.1912	very_low	6.5486	3.9479	9.1912	rho_fallback_no_desc	0.0	0.0
D4h3a9	4	9.2456	4.2204	14.4206	low	9.2456	4.2204	14.4206	rho_fallback_no_desc	0.0	0.0
D4h3a_C152T!!	7	12.1824	7.8358	16.6337	low	12.1824	7.8358	16.6337	rho_fallback_no_desc	0.0	0.0
D4h3b	5	6.2812	-1.0545	13.9641	low	6.2812	0.0	13.9641	rho_fallback_no_desc	0.0	0.0
D4h3c	22	9.122	7.0408	11.2285	medium	9.122	7.0408	11.2285	rho_direct	0.0	0.0
D4h4	41	17.2065	15.4379	18.9904	medium	17.2065	15.4379	18.9904	rho_direct	0.0	0.0
D4h4a	9	8.1916	5.2323	11.2034	low	8.1916	5.2323	11.2034	rho_fallback_no_desc	0.0	0.0
D4h4b	22	6.6702	4.2537	9.1228	medium	6.6702	4.2537	9.1228	rho_direct	0.0	0.0
D4i	148	16.6106	14.2522	18.9968	high	16.6106	14.2522	18.9968	rho_direct	0.0	0.0
D4i1	7	2.2133	0.4892	3.9576	low	2.2133	0.4892	3.9576	rho_fallback_no_desc	0.0	0.0
D4i2	27	9.2959	6.1526	12.4971	medium	9.2959	6.1526	12.4971	rho_direct	0.0	0.0
D4i3	10	10.8843	7.8629	13.9572	medium	10.8843	7.8629	13.9572	rho_direct	0.0	0.0
D4j	1151	17.8478	17.0199	18.679	high	17.8478	17.0199	18.679	rho_direct	0.0	0.0
D4j1	262	20.8875	19.3653	22.4202	low	20.8875	19.3653	22.4202	rho_direct	0.0	0.0
D4j10	7	2.5854	1.474	3.7052	low	2.5854	1.474	3.7052	rho_fallback_no_desc	0.0	0.0
D4j11	19	6.1969	3.8401	8.5884	medium	6.1969	3.8401	8.5884	rho_direct	0.0	0.0
D4j12	15	13.0	2.0547	24.6242	low	13.0	2.0547	24.6242	rho_direct	0.0	0.0
D4j13	18	12.5996	4.3457	21.2364	low	12.5996	4.3457	21.2364	rho_direct	0.0	0.0
D4j14	5	2.5854	0.3167	4.8891	low	2.5854	0.3167	4.8891	rho_fallback_no_desc	0.0	0.0
D4j15	92	20.3223	17.4162	23.2676	low	20.3223	17.4162	23.2676	rho_direct	0.0	0.0
D4j15a	19	20.5232	17.6987	23.3846	low	20.5232	17.6987	23.3846	rho_direct	0.0	0.0
D4j15b	8	25.1757	21.5221	28.886	low	25.1757	21.5221	28.886	rho_fallback_no_desc	0.0	0.0
D4j15c	7	13.7682	12.9895	14.5501	low	13.7682	12.9895	14.5501	rho_fallback_no_desc	0.0	0.0
D4j16	27	4.53	3.4778	5.5893	medium	4.53	3.4778	5.5893	rho_direct	0.0	0.0
D4j17	4	3.8953	1.3387	6.4951	low	3.8953	1.3387	6.4951	rho_fallback_no_desc	0.0	0.0
D4j18	3	2.5854	2.5854	2.5854	low	2.5854	2.5854	2.5854	rho_fallback_no_desc	0.0	0.0
D4j19	3	4.3344	2.6202	6.0677	low	4.3344	2.6202	6.0677	rho_fallback_no_desc	0.0	0.0
D4j1a	138	13.7739	12.7865	14.7665	high	13.7739	12.7865	14.7665	rho_direct	0.0	0.0
D4j1a1	128	8.525	7.5112	9.5448	high	8.525	7.5112	9.5448	rho_direct	0.0	0.0
D4j1a1a	9	4.9218	3.8855	5.965	low	4.9218	3.8855	5.965	rho_fallback_no_desc	0.0	0.0
D4j1a1b	10	4.9513	2.998	6.929	medium	4.9513	2.998	6.929	rho_direct	0.0	0.0
D4j1a2	10	7.3531	3.4117	11.3901	medium	7.3531	3.4117	11.3901	rho_direct	0.0	0.0
D4j1b	81	11.4237	9.2002	13.6746	high	12.3914	10.352	14.4577	single_child_interpolation	0.9677000000000007	8.470985757679216
D4j1b2	2	3.8953	1.3387	6.4951	very_low	3.8953	1.3387	6.4951	rho_fallback_no_desc	0.0	0.0
D4j1c	7	24.8086	0.1775	52.3399	low	24.8086	0.1775	52.3399	rho_fallback_no_desc	0.0	0.0
D4j1d	4	1.2869	-0.1685	2.7572	low	1.2869	0.0	2.7572	rho_fallback_no_desc	0.0	0.0
D4j2	4	5.2164	2.2425	8.247	low	10.6526	8.5441	12.8012	single_child_interpolation	5.4361999999999995	104.21363392377884
D4j2a	3	3.4574	0.0683	6.9235	low	3.4574	0.0683	6.9235	rho_fallback_no_desc	0.0	0.0
D4j3	252	14.1113	11.8509	16.3986	high	14.1113	11.8509	16.3986	rho_direct	0.0	0.0
D4j3a	59	16.6504	10.9296	22.5375	low	11.4522	8.2703	14.6977	single_child_interpolation	-5.198200000000002	31.219670398308757
D4j3a1	9	8.7931	4.6896	12.9969	low	8.7931	4.6896	12.9969	rho_fallback_no_desc	0.0	0.0
D4j3b	5	4.1586	2.1063	6.2385	low	4.1586	2.1063	6.2385	rho_fallback_no_desc	0.0	0.0
D4j3c	3	8.7931	7.0308	10.5736	low	8.7931	7.0308	10.5736	rho_fallback_no_desc	0.0	0.0
D4j4	12	3.2389	2.3204	4.1631	medium	9.4751	8.5517	10.4038	single_child_interpolation	6.236199999999999	192.54067739047204
D4j4a	7	1.1024	0.0835	2.1285	low	1.1024	0.0835	2.1285	rho_fallback_no_desc	0.0	0.0
D4j5	28	9.3427	8.3388	10.3524	medium	11.3848	10.4221	12.353	single_child_interpolation	2.0420999999999996	21.85770708681644
D4j5a	18	4.9218	3.8242	6.0271	medium	4.9218	3.8242	6.0271	rho_direct	0.0	0.0
D4j6	3	10.6101	-0.205	22.124	low	10.6101	0.0	22.124	rho_fallback_no_desc	0.0	0.0
D4j7	19	10.3219	4.8219	15.9977	medium	9.5674	8.5099	11.2608	single_child_interpolation	-0.7545000000000002	7.309700733392111
D4j7a	2	1.2869	-1.2245	3.8427	very_low	1.2869	0.0	3.8427	rho_fallback_no_desc	0.0	0.0
D4j8	56	9.5857	6.1506	13.0896	high	14.572	8.5099	23.1985	single_child_interpolation	4.9863	52.0181103101495
D4j8a	4	11.2963	-3.7535	27.7179	low	11.2963	0.0	27.7179	rho_fallback_no_desc	0.0	0.0
D4j9	7	4.8378	2.2223	7.4975	low	4.8378	2.2223	7.4975	rho_fallback_no_desc	0.0	0.0
D4j_C16286T	7	7.5068	4.847	10.2097	low	11.3428	9.6211	13.0883	single_child_interpolation	3.8360000000000003	51.100335695635955
D4j_T146C	28	17.4858	11.6809	23.4589	low	17.4858	11.6809	23.4589	rho_direct	0.0	0.0
D4j_T16311C	360	15.6395	14.0029	17.2897	high	15.6395	14.0029	17.2897	rho_direct	0.0	0.0
D4k	101	11.562	9.3386	13.8128	high	12.5035	11.1095	13.908	single_child_interpolation	0.9415000000000013	8.143054834803678
D4k1	6	6.1033	5.0046	7.2094	low	6.1033	5.0046	7.2094	rho_fallback_no_desc	0.0	0.0
D4l	55	15.3016	13.2185	17.4068	high	15.3016	13.2185	17.4068	rho_direct	0.0	0.0
D4l1	10	13.0926	6.7923	19.611	low	12.3707	6.7721	18.2324	single_child_interpolation	-0.7218999999999998	5.5138016895039925
D4l1a	7	9.4398	0.3256	19.058	low	7.4781	3.386	13.0081	single_child_interpolation	-1.9616999999999996	20.781160617809693
D4l1a1	2	2.5854	-2.4381	7.7838	very_low	2.5854	0.0	7.7838	rho_fallback_no_desc	0.0	0.0
D4l2	42	7.3787	5.1069	9.682	medium	7.3787	5.1069	9.682	rho_direct	0.0	0.0
D4l2a	20	6.2812	4.3054	8.2813	medium	6.2812	4.3054	8.2813	rho_direct	0.0	0.0
D4l2a1	6	3.8953	2.144	5.6667	low	3.8953	2.144	5.6667	rho_fallback_no_desc	0.0	0.0
D4l2a2	10	2.5854	1.5115	3.6671	medium	2.5854	1.5115	3.6671	rho_direct	0.0	0.0
D4l2b	4	5.2164	-1.6653	12.4103	low	5.2164	0.0	12.4103	rho_fallback_no_desc	0.0	0.0
D4m	83	23.3983	21.1732	25.6451	high	23.3983	21.1732	25.6451	rho_direct	0.0	0.0
D4m1	10	7.0845	3.7866	10.4494	medium	7.0845	3.7866	10.4494	rho_direct	0.0	0.0
D4m2	67	12.7489	10.272	15.259	high	15.9036	13.1807	18.6684	single_child_interpolation	3.1547	24.744879950427094
D4m2a	47	8.4089	5.1882	11.6917	medium	11.6283	7.8878	15.4599	single_child_interpolation	3.2194000000000003	38.28562594394035
D4m2a1	5	7.3531	2.5949	12.2513	low	7.5429	3.9781	11.1917	single_child_interpolation	0.18979999999999997	2.5812242455562955
D4m2a1a	3	3.4574	0.0683	6.9235	low	3.4574	0.0683	6.9235	rho_fallback_no_desc	0.0	0.0
D4m3	3	6.1033	4.3696	7.8557	low	6.1033	4.3696	7.8557	rho_fallback_no_desc	0.0	0.0
D4n	54	13.1132	10.1318	16.1424	high	13.1132	10.1318	16.1424	rho_direct	0.0	0.0
D4n1	3	2.5854	-0.3368	5.566	low	7.2001	5.0659	9.9925	single_child_interpolation	4.6147	178.4907557824708
D4n1a	2	1.2869	-1.2245	3.8427	very_low	1.2869	0.0	3.8427	rho_fallback_no_desc	0.0	0.0
D4n2	41	10.9445	7.2956	14.6689	medium	10.0541	5.0659	16.0631	single_child_interpolation	-0.8903999999999996	8.13559322033898
D4n2a	3	6.995	-1.5289	15.9837	low	6.995	0.0	15.9837	rho_fallback_no_desc	0.0	0.0
D4o	80	19.3345	18.1944	20.4807	low	19.3345	18.1944	20.4807	rho_direct	0.0	0.0
D4o1	29	8.8242	6.964	10.7048	medium	11.9445	10.2099	13.6997	single_child_interpolation	3.1203000000000003	35.36071258584348
D4o1a	8	4.5544	2.2254	6.9187	low	4.5544	2.2254	6.9187	rho_fallback_no_desc	0.0	0.0
D4o2	42	11.5256	10.0079	13.0561	medium	13.9687	12.6616	15.2852	single_child_interpolation	2.4430999999999994	21.19716110224196
D4o2a	38	8.6029	7.1288	10.0898	medium	8.6029	7.1288	10.0898	rho_direct	0.0	0.0
D4o2a1	12	8.7931	5.3468	12.3098	low	8.7931	5.3468	12.3098	rho_direct	0.0	0.0
D4o2a2	10	1.805	0.7235	2.8944	medium	1.805	0.7235	2.8944	rho_direct	0.0	0.0
D4o3	6	7.4428	5.8304	9.0708	low	7.4428	5.8304	9.0708	rho_fallback_no_desc	0.0	0.0
D4o4	3	6.1033	4.3696	7.8557	low	6.1033	4.3696	7.8557	rho_fallback_no_desc	0.0	0.0
D4p	9	21.2487	-13.9479	63.3814	low	10.7446	9.9	11.5961	single_child_interpolation	-10.5041	49.43408302625572
D4p1	2	2.5854	2.5854	2.5854	very_low	2.5854	2.5854	2.5854	rho_fallback_no_desc	0.0	0.0
D4q	174	12.78	10.483	15.1056	high	12.78	10.483	15.1056	rho_direct	0.0	0.0
D4q1	10	6.2812	4.5115	8.0705	medium	7.5379	5.4985	9.6025	single_child_interpolation	1.2566999999999995	20.00732344138062
D4q1a	9	2.2959	0.5139	4.0995	low	2.2959	0.5139	4.0995	rho_fallback_no_desc	0.0	0.0
D4q2	6	11.9851	8.6661	15.3651	low	11.9851	8.6661	15.3651	rho_fallback_no_desc	0.0	0.0
D4r	30	14.2997	12.6391	15.9747	medium	14.2997	12.6391	15.9747	rho_direct	0.0	0.0
D4s	47	13.7258	11.5877	15.8882	medium	13.7258	11.5877	15.8882	rho_direct	0.0	0.0
D4t	37	12.2464	6.1272	18.575	medium	12.2464	6.1272	18.575	rho_direct	0.0	0.0
D4u	6	35.2955	20.2182	51.2121	low	35.2955	20.2182	51.2121	rho_fallback_no_desc	0.0	0.0
D4v	4	20.4474	16.8352	24.1203	low	20.4474	16.8352	24.1203	rho_fallback_no_desc	0.0	0.0
D4w	0				no_ci		0.0		rho_fallback_no_desc		
D4x	21	23.8322	18.184	29.6207	low	23.8322	18.184	29.6207	rho_direct	0.0	0.0
D4y	3	13.3705	13.3705	13.3705	low	13.3705	13.3705	13.3705	rho_fallback_no_desc	0.0	0.0
D5	2814	39.1248	38.5148	39.7359	high	39.1248	38.5148	39.7359	rho_direct	0.0	0.0
D5a	1542	25.1114	24.3386	25.8867	high	25.1114	24.3386	25.8867	rho_direct	0.0	0.0
D5a'b	2607	35.1308	34.5241	35.7389	high	35.1308	34.5241	35.7389	rho_direct	0.0	0.0
D5a1	27	20.2875	12.7957	28.0466	low	19.7056	16.085	23.4395	single_child_interpolation	-0.581900000000001	2.868268638324096
D5a1a	6	14.2997	7.8315	20.9922	low	14.2997	7.8315	20.9922	rho_fallback_no_desc	0.0	0.0
D5a1a1	4	13.3705	3.9273	23.3101	low	13.3705	3.9273	23.3101	rho_fallback_no_desc	0.0	0.0
D5a1a2	2	7.8917	7.8917	7.8917	very_low	7.8917	7.8917	7.8917	rho_fallback_no_desc	0.0	0.0
D5a2	1238	21.4381	20.5659	22.3138	high	21.4381	20.5659	22.3138	rho_direct	0.0	0.0
D5a2a	1114	19.2437	18.3147	20.1768	high	20.281	19.3596	21.2063	single_child_interpolation	1.0372999999999983	5.390335538383982
D5a2a1	826	18.2072	17.122	19.298	high	18.2072	17.122	19.298	rho_direct	0.0	0.0
D5a2a1_C16172T	329	17.9372	16.148	19.7419	low	17.9372	16.148	19.7419	rho_direct	0.0	0.0
D5a2a1a	34	10.9327	7.8154	14.1049	medium	10.9327	7.8154	14.1049	rho_direct	0.0	0.0
D5a2a1a1	12	11.5256	5.4944	17.7634	low	10.4296	4.9707	16.0968	single_child_interpolation	-1.096	9.509266328867911
D5a2a1a1a	4	9.9265	2.1261	18.0888	low	9.9265	2.1261	18.0888	rho_fallback_no_desc	0.0	0.0
D5a2a1a2	2	2.5854	-2.4381	7.7838	very_low	2.5854	0.0	7.7838	rho_fallback_no_desc	0.0	0.0
D5a2a1b	238	16.0413	13.9167	18.1887	high	16.0413	13.9167	18.1887	rho_direct	0.0	0.0
D5a2a1b1	53	13.1607	9.9007	16.4781	high	13.1607	9.9007	16.4781	rho_direct	0.0	0.0
D5a2a1b2	7	20.2419	6.5947	34.8067	low	20.2419	6.5947	34.8067	rho_fallback_no_desc	0.0	0.0
D5a2a1b3	3	3.4574	1.7531	5.181	low	3.4574	1.7531	5.181	rho_fallback_no_desc	0.0	0.0
D5a2a1b4	4	11.9851	8.5262	15.5103	low	11.9851	8.5262	15.5103	rho_fallback_no_desc	0.0	0.0
D5a2a1c	6	11.9851	3.6079	20.7625	low	11.9851	3.6079	20.7625	rho_fallback_no_desc	0.0	0.0
D5a2a2	106	6.4224	4.4962	8.3716	high	6.4224	4.4962	8.3716	rho_direct	0.0	0.0
D5a2a3	3	10.6101	10.6101	10.6101	low	10.6101	10.6101	10.6101	rho_fallback_no_desc	0.0	0.0
D5a2a4	16	12.3305	6.0324	18.8502	medium	12.3305	6.0324	18.8502	rho_direct	0.0	0.0
D5a2a_T16092C	1002	19.1239	18.1533	20.0988	high	19.1239	18.1533	20.0988	rho_direct	0.0	0.0
D5a2b	46	13.2496	10.5865	15.9507	medium	12.4477	11.1595	13.7474	single_child_interpolation	-0.8018999999999998	6.0522581813790595
D5a2b1	3	3.4574	1.7531	5.181	low	3.4574	1.7531	5.181	rho_fallback_no_desc	0.0	0.0
D5a2c	39	14.2281	11.0859	17.4223	medium	14.2281	11.0859	17.4223	rho_direct	0.0	0.0
D5a3	122	21.3461	17.7305	25.0215	high	21.3461	17.7305	25.0215	rho_direct	0.0	0.0
D5a3a	57	15.9243	11.4209	20.5318	high	15.9243	11.4209	20.5318	rho_direct	0.0	0.0
D5a3a1	29	16.0744	8.1452	24.3309	low	9.9098	6.0119	13.8956	single_child_interpolation	-6.1646	38.35042054446822
D5a3a1a	4	3.8953	0.603	7.2595	low	3.8953	0.603	7.2595	rho_fallback_no_desc	0.0	0.0
D5a3a2	3	6.1033	4.3696	7.8557	low	6.1033	4.3696	7.8557	rho_fallback_no_desc	0.0	0.0
D5a3b	17	26.0202	11.5637	41.3959	low	26.0202	11.5637	41.3959	rho_direct	0.0	0.0
D5a4	5	19.0125	16.5203	21.5343	low	19.0125	16.5203	21.5343	rho_fallback_no_desc	0.0	0.0
D5b	1065	23.076	22.1699	23.9857	high	23.076	22.1699	23.9857	rho_direct	0.0	0.0
D5b1	784	20.1208	19.2047	21.0408	high	20.1208	19.2047	21.0408	rho_direct	0.0	0.0
D5b1a	35	11.3945	8.5806	14.2527	medium	11.3945	8.5806	14.2527	rho_direct	0.0	0.0
D5b1a1	27	9.4974	5.9851	13.0819	medium	9.4974	5.9851	13.0819	rho_direct	0.0	0.0
D5b1a2	5	2.5854	0.9775	4.2108	low	2.5854	0.9775	4.2108	rho_fallback_no_desc	0.0	0.0
D5b1b	315	15.5368	14.1206	16.9632	high	15.5368	14.1206	16.9632	rho_direct	0.0	0.0
D5b1b1	11	7.8917	1.5633	14.4671	medium	7.8917	1.5633	14.4671	rho_direct	0.0	0.0
D5b1b2	116	8.5439	6.4539	10.6598	high	8.5439	6.4539	10.6598	rho_direct	0.0	0.0
D5b1c	217	22.7616	21.2827	24.2502	low	22.7616	21.2827	24.2502	rho_direct	0.0	0.0
D5b1c1	143	14.404	12.7502	16.0721	high	17.9383	16.2233	19.6683	single_child_interpolation	3.5343000000000018	24.536934184948638
D5b1c1a	87	13.1149	11.164	15.0863	high	13.1149	11.164	15.0863	rho_direct	0.0	0.0
D5b1c2	25	17.644	12.3615	23.0651	low	17.644	12.3615	23.0651	rho_direct	0.0	0.0
D5b1d	113	18.4059	15.6696	21.1783	low	18.4059	15.6696	21.1783	rho_direct	0.0	0.0
D5b1e	3	9.6992	7.9276	11.4889	low	9.6992	7.9276	11.4889	rho_fallback_no_desc	0.0	0.0
D5b2	1	2.5854			no_ci	2.5854	0.0		rho_fallback_no_desc	0.0	0.0
D5b3	161	13.4914	11.622	15.3795	high	13.4914	11.622	15.3795	rho_direct	0.0	0.0
D5b3a	35	7.2763	6.5274	8.0286	medium	9.5532	8.4052	10.711	single_child_interpolation	2.2769000000000004	31.292002803622726
D5b3a1	20	5.6149	5.1884	6.0425	medium	5.6149	5.1884	6.0425	rho_direct	0.0	0.0
D5b3b	3	2.5854	2.5854	2.5854	low	2.5854	2.5854	2.5854	rho_fallback_no_desc	0.0	0.0
D5b4	68	17.3784	13.248	21.5936	high	17.3784	13.248	21.5936	rho_direct	0.0	0.0
D5b5	34	21.2959	12.5911	30.3564	low	21.2959	12.5911	30.3564	rho_direct	0.0	0.0
D5b6	0				no_ci		0.0		rho_fallback_no_desc		
D5b7	7	26.0697	2.1235	52.6737	low	26.0697	2.1235	52.6737	rho_fallback_no_desc	0.0	0.0
D5c	206	39.9294	37.4708	42.4077	low	39.9294	37.4708	42.4077	rho_direct	0.0	0.0
D5c1	110	29.0069	25.8666	32.186	high	30.6541	27.7578	33.5857	single_child_interpolation	1.647199999999998	5.678648873199128
D5c1a	79	21.3788	18.0447	24.7637	high	29.3936	23.771	35.1767	single_child_interpolation	8.014800000000001	37.48947555522294
D5c1a1	8	28.1331	19.7843	36.7678	low	28.1331	19.7843	36.7678	rho_fallback_no_desc	0.0	0.0
D5c2	52	22.7294	17.2119	28.3836	high	26.4236	24.3552	28.5216	single_child_interpolation	3.694200000000002	16.252958723063532
D5c2a	3	16.1717	16.1717	16.1717	low	16.1717	16.1717	16.1717	rho_fallback_no_desc	0.0	0.0
D5c3	6	24.3199	9.8224	39.7742	low	24.3199	9.8224	39.7742	rho_fallback_no_desc	0.0	0.0
D5c4	5	28.9526	5.7748	54.466	low	28.9526	5.7748	54.466	rho_fallback_no_desc	0.0	0.0
D5c_T16311C	81	36.6755	32.5386	40.8714	low	33.1765	30.913	35.4646	single_child_interpolation	-3.4990000000000023	9.540428896674898
D6	164	27.3814	25.0719	29.7125	high	27.3814	25.0719	29.7125	rho_direct	0.0	0.0
D6a	58	28.2742	23.1303	33.5249	low	28.2742	23.1303	33.5249	rho_direct	0.0	0.0
D6a1	51	14.4093	8.95	20.0272	high	19.3932	13.9035	25.0351	single_child_interpolation	4.9839	34.588078532614354
D6a1a	28	10.5123	4.6768	16.5452	medium	10.5123	4.6768	16.5452	rho_direct	0.0	0.0
D6a2	5	10.063	7.4601	12.7048	low	10.063	7.4601	12.7048	rho_fallback_no_desc	0.0	0.0
D6c	106	17.5872	15.2507	19.9505	high	17.5872	15.2507	19.9505	rho_direct	0.0	0.0
D6c1	9	10.0023	4.8963	15.2606	low	10.7413	8.2947	13.2228	single_child_interpolation	0.7390000000000008	7.388300690841114
D6c1a	2	3.8953	1.3387	6.4951	very_low	3.8953	1.3387	6.4951	rho_fallback_no_desc	0.0	0.0
D6c2	22	16.2999	13.3319	19.3124	medium	16.2999	13.3319	19.3124	rho_direct	0.0	0.0
D_T16189C!	2979	49.7167	49.1025	50.3319	low	49.7167	49.1025	50.3319	rho_direct	0.0	0.0
E	366	27.5344	27.0361	28.0336	high	27.5344	27.0361	28.0336	rho_direct	0.0	0.0
E1	303	22.1981	21.7038	22.6935	high	22.0359	21.555	22.5179	single_child_interpolation	-0.16219999999999857	0.7306931674332423
E1a	301	16.5375	16.0739	17.0022	high	16.5375	16.0739	17.0022	rho_direct	0.0	0.0
E1a1	267	13.7249	13.2504	14.2007	high	13.7249	13.2504	14.2007	rho_direct	0.0	0.0
E1a1a	242	11.6888	11.3058	12.0725	high	11.3506	10.9253	11.7769	single_child_interpolation	-0.3382000000000005	2.893368010403125
E1a1a1	242	8.9762	8.6001	9.3531	high	8.9762	8.6001	9.3531	rho_direct	0.0	0.0
E1a1a1a	22	3.7757	3.0404	4.5146	medium	3.7757	3.0404	4.5146	rho_direct	0.0	0.0
E1a1a1b	15	4.6866	3.3353	6.0497	medium	4.6866	3.3353	6.0497	rho_direct	0.0	0.0
E1a1a1b1	2	6.5486	3.9479	9.1912	very_low	6.5486	3.9479	9.1912	rho_fallback_no_desc	0.0	0.0
E1a1a1b2	9	2.2959	1.73	2.8639	low	2.2959	1.73	2.8639	rho_fallback_no_desc	0.0	0.0
E1a1a1c	2	2.5854	-2.4381	7.7838	very_low	2.5854	0.0	7.7838	rho_fallback_no_desc	0.0	0.0
E1a1b	12	6.5486	4.6777	8.4411	medium	6.5486	4.6777	8.4411	rho_direct	0.0	0.0
E1a1b1	2	1.2869	-1.2245	3.8427	very_low	1.2869	0.0	3.8427	rho_fallback_no_desc	0.0	0.0
E1a1b2	2	5.2164	0.1025	10.5005	very_low	5.2164	0.1025	10.5005	rho_fallback_no_desc	0.0	0.0
E1a1b3	2	2.5854	2.5854	2.5854	very_low	2.5854	2.5854	2.5854	rho_fallback_no_desc	0.0	0.0
E1a1b4	3	6.995	5.2518	8.7569	low	6.995	5.2518	8.7569	rho_fallback_no_desc	0.0	0.0
E1a1c	6	1.2869	0.1583	2.4245	low	1.2869	0.1583	2.4245	rho_fallback_no_desc	0.0	0.0
E1a2	32	8.7366	7.2264	10.2601	medium	12.7128	11.4465	13.9923	single_child_interpolation	3.9762000000000004	45.51198406702837
E1a2_C16261T	19	8.8882	6.8192	10.9824	low	9.4549	7.804	11.1253	single_child_interpolation	0.5667000000000009	6.375869129857574
E1a2a	19	6.1969	4.1614	8.2583	medium	6.1969	4.1614	8.2583	rho_direct	0.0	0.0
E1a2a1	6	3.4574	0.0683	6.9235	low	3.4574	0.0683	6.9235	rho_fallback_no_desc	0.0	0.0
E1a2a2	2	3.8953	1.3387	6.4951	very_low	3.8953	1.3387	6.4951	rho_fallback_no_desc	0.0	0.0
E1a2a3	2	1.2869	-1.2245	3.8427	very_low	1.2869	0.0	3.8427	rho_fallback_no_desc	0.0	0.0
E1a2a4	2	6.5486	3.9479	9.1912	very_low	6.5486	3.9479	9.1912	rho_fallback_no_desc	0.0	0.0
E2	63	11.5693	10.1392	13.0107	high	11.5693	10.1392	13.0107	rho_direct	0.0	0.0
E2a	33	8.137	6.5589	9.73	medium	8.137	6.5589	9.73	rho_direct	0.0	0.0
E2a1	3	9.6992	2.1137	17.6283	low	6.6767	3.3307	10.1152	single_child_interpolation	-3.022499999999999	31.162363906301543
E2a1a	2	5.2164	0.1025	10.5005	very_low	5.2164	0.1025	10.5005	rho_fallback_no_desc	0.0	0.0
E2a2	2	5.2164	0.1025	10.5005	very_low	5.2164	0.1025	10.5005	rho_fallback_no_desc	0.0	0.0
E2b	24	8.0041	5.7351	10.3039	medium	8.0041	5.7351	10.3039	rho_direct	0.0	0.0
E2b1	3	4.3344	-1.7541	10.6712	low	4.3344	0.0	10.6712	rho_fallback_no_desc	0.0	0.0
E2b2	4	5.8811	4.5809	7.1919	low	5.8811	4.5809	7.1919	rho_fallback_no_desc	0.0	0.0
E2b3	4	4.5544	0.7193	8.4861	low	4.5544	0.7193	8.4861	rho_fallback_no_desc	0.0	0.0
F	8250	47.5696	47.169	47.9706	high	47.5696	47.169	47.9706	rho_direct	0.0	0.0
F1	5328	34.5338	34.0701	34.9983	high	34.5338	34.0701	34.9983	rho_direct	0.0	0.0
F1_T16189C!	1438	31.214	30.3015	32.1297	high	31.214	30.3015	32.1297	rho_direct	0.0	0.0
F1a	3084	22.6015	22.0619	23.1424	high	22.6015	22.0619	23.1424	rho_direct	0.0	0.0
F1a'c'f'h'i	3866	26.9215	26.4119	27.4322	high	26.9215	26.4119	27.4322	rho_direct	0.0	0.0
F1a1	2117	18.3582	17.7185	18.9999	high	18.3582	17.7185	18.9999	rho_direct	0.0	0.0
F1a1'4'8	2310	20.8716	20.2665	21.4785	high	20.8716	20.2665	21.4785	rho_direct	0.0	0.0
F1a1a	897	14.0724	13.1492	15.0001	high	14.0724	13.1492	15.0001	rho_direct	0.0	0.0
F1a1a1	185	9.0179	8.0001	10.0418	high	9.0179	8.0001	10.0418	rho_direct	0.0	0.0
F1a1a1a	7	0.0	0.0	0.0	low	0.0	0.0	0.0	rho_fallback_no_desc	0.0	
F1a1a1b	5	3.108	2.0855	4.1375	low	3.108	2.0855	4.1375	rho_fallback_no_desc	0.0	0.0
F1a1a1c	4	3.2389	1.9607	4.528	low	3.2389	1.9607	4.528	rho_fallback_no_desc	0.0	0.0
F1a1a1d	3	0.0	0.0	0.0	low	0.0	0.0	0.0	rho_fallback_no_desc	0.0	
F1a1a1e	3	2.5854	-2.4381	7.7838	low	2.5854	0.0	7.7838	rho_fallback_no_desc	0.0	0.0
F1a1a2	5	7.8917	3.8474	12.0354	low	7.8917	3.8474	12.0354	rho_fallback_no_desc	0.0	0.0
F1a1b	26	7.3738	5.0514	9.729	medium	7.3738	5.0514	9.729	rho_direct	0.0	0.0
F1a1c	348	16.2609	14.7993	17.7331	high	16.2609	14.7993	17.7331	rho_direct	0.0	0.0
F1a1c1	6	0.4277	-0.4094	1.2697	low	0.4277	0.0	1.2697	rho_fallback_no_desc	0.0	0.0
F1a1c2	8	18.6553	11.1389	26.4497	low	18.6553	11.1389	26.4497	rho_fallback_no_desc	0.0	0.0
F1a1c3	32	13.8926	9.8275	18.0459	low	13.8926	9.8275	18.0459	rho_direct	0.0	0.0
F1a1c4	7	9.8291	8.3083	11.3631	low	9.8291	8.3083	11.3631	rho_fallback_no_desc	0.0	0.0
F1a1c5	3	2.5854	2.5854	2.5854	low	2.5854	2.5854	2.5854	rho_fallback_no_desc	0.0	0.0
F1a1c6	3	6.1033	4.3696	7.8557	low	6.1033	4.3696	7.8557	rho_fallback_no_desc	0.0	0.0
F1a1c7	5	21.8918	14.6106	29.4173	low	21.8918	14.6106	29.4173	rho_fallback_no_desc	0.0	0.0
F1a1c8	3	19.0125	15.8007	22.2736	low	19.0125	15.8007	22.2736	rho_fallback_no_desc	0.0	0.0
F1a1d	314	10.4793	8.9735	11.9978	high	10.4793	8.9735	11.9978	rho_direct	0.0	0.0
F1a1d1	17	0.6042	-0.082	1.2937	medium	0.6042	0.0	1.2937	rho_direct	0.0	0.0
F1a1d2	16	10.6101	3.5867	17.921	low	10.6101	3.5867	17.921	rho_direct	0.0	0.0
F1a1e	12	12.4458	10.024	14.8995	medium	12.4458	10.024	14.8995	rho_direct	0.0	0.0
F1a1f	14	15.3672	11.8212	18.9781	medium	15.3672	11.8212	18.9781	rho_direct	0.0	0.0
F1a1g	4	9.2456	7.7143	10.7905	low	9.2456	7.7143	10.7905	rho_fallback_no_desc	0.0	0.0
F1a2	146	16.133	13.2174	19.0916	high	19.1913	16.9216	21.5026	single_child_interpolation	3.058299999999999	18.9567966280295
F1a2a	101	15.781	11.7812	19.8627	low	15.781	11.7812	19.8627	rho_direct	0.0	0.0
F1a3	244	22.0463	20.108	24.0014	low	22.0463	20.108	24.0014	rho_direct	0.0	0.0
F1a3_T16311C	57	18.9122	15.5558	22.3225	high	15.6875	13.8708	17.5211	single_child_interpolation	-3.2246999999999986	17.05089836190395
F1a3a	49	9.3288	7.6336	11.0407	medium	9.3288	7.6336	11.0407	rho_direct	0.0	0.0
F1a3a1	7	9.0515	4.6337	13.5852	low	7.805	4.8591	10.8148	single_child_interpolation	-1.246500000000001	13.77119814395405
F1a3a1a	5	6.2812	2.0846	10.589	low	6.2812	2.0846	10.589	rho_fallback_no_desc	0.0	0.0
F1a3a2	2	1.2869	-1.2245	3.8427	very_low	1.2869	0.0	3.8427	rho_fallback_no_desc	0.0	0.0
F1a3a3	9	5.5115	2.2456	8.8454	low	7.2726	4.7977	9.7899	single_child_interpolation	1.7610999999999999	31.953188787081555
F1a3a3a	5	5.2164	1.9617	8.5391	low	3.6363	2.3988	4.895	single_child_interpolation	-1.5801000000000003	30.291005291005295
F1a3a3a1	3	0.0	0.0	0.0	low	0.0	0.0	0.0	rho_fallback_no_desc	0.0	
F1a3a4	6	0.4277	-0.4094	1.2697	low	0.4277	0.0	1.2697	rho_fallback_no_desc	0.0	0.0
F1a3b	106	15.1893	11.9718	18.4603	high	15.1893	11.9718	18.4603	rho_direct	0.0	0.0
F1a3c	17	8.2093	5.3657	11.1013	medium	8.2093	5.3657	11.1013	rho_direct	0.0	0.0
F1a3d	3	2.5854	-0.3368	5.566	low	2.5854	0.0	5.566	rho_fallback_no_desc	0.0	0.0
F1a4	120	22.0851	19.4294	24.7725	low	22.0851	19.4294	24.7725	rho_direct	0.0	0.0
F1a4a	108	16.9569	14.4452	19.4998	high	17.374	14.6388	20.1465	single_child_interpolation	0.4170999999999978	2.4597656411254283
F1a4a1	51	12.6629	9.8483	15.5206	high	12.6629	9.8483	15.5206	rho_direct	0.0	0.0
F1a4b	9	2.8755	1.0866	4.686	low	2.8755	1.0866	4.686	rho_fallback_no_desc	0.0	0.0
F1a5	20	11.1588	9.0455	13.2971	medium	11.1588	9.0455	13.2971	rho_direct	0.0	0.0
F1a6	9	23.8322	1.853	48.1305	low	23.8322	1.853	48.1305	rho_fallback_no_desc	0.0	0.0
F1a7	8	22.6176	3.3521	43.6812	low	22.6176	3.3521	43.6812	rho_fallback_no_desc	0.0	0.0
F1a8	50	8.3237	6.2858	10.3864	high	8.3237	6.2858	10.3864	rho_direct	0.0	0.0
F1b	514	25.9246	24.5303	27.327	high	25.8307	24.687	26.9804	single_child_interpolation	-0.09390000000000143	0.3622042384453431
F1b1	514	20.4474	19.0725	21.8311	high	20.4474	19.0725	21.8311	rho_direct	0.0	0.0
F1b1_C152T	101	11.7802	10.2058	13.3683	high	11.7802	10.2058	13.3683	rho_direct	0.0	0.0
F1b1a	68	15.0134	10.9598	19.1526	high	15.0134	10.9598	19.1526	rho_direct	0.0	0.0
F1b1a1	38	10.3219	5.1373	15.6624	medium	9.6739	7.0766	12.3182	single_child_interpolation	-0.6479999999999997	6.277913949951072
F1b1a1a	30	4.3344	3.1934	5.4838	medium	4.3344	3.1934	5.4838	rho_direct	0.0	0.0
F1b1a1a1	11	3.5369	1.5548	5.5452	low	4.1149	2.2661	5.9895	single_child_interpolation	0.5779999999999994	16.341994401877333
F1b1a1a1a	2	3.8953	1.3387	6.4951	very_low	3.8953	1.3387	6.4951	rho_fallback_no_desc	0.0	0.0
F1b1a1a2	4	2.5854	-0.9854	6.2437	low	2.5854	0.0	6.2437	rho_fallback_no_desc	0.0	0.0
F1b1a1a3	2	2.5854	2.5854	2.5854	very_low	2.5854	2.5854	2.5854	rho_fallback_no_desc	0.0	0.0
F1b1a2	5	4.1586	2.1063	6.2385	low	4.1586	2.1063	6.2385	rho_fallback_no_desc	0.0	0.0
F1b1b	49	12.5211	8.2047	16.94	medium	12.5211	8.2047	16.94	rho_direct	0.0	0.0
F1b1c	123	17.2526	14.4689	20.0745	high	17.2526	14.4689	20.0745	rho_direct	0.0	0.0
F1b1c1	7	11.788	4.6786	19.1847	low	11.788	4.6786	19.1847	rho_fallback_no_desc	0.0	0.0
F1b1c2	3	32.7608	7.5602	60.5481	low	32.7608	7.5602	60.5481	rho_fallback_no_desc	0.0	0.0
F1b1c3	3	4.3344	2.6202	6.0677	low	4.3344	2.6202	6.0677	rho_fallback_no_desc	0.0	0.0
F1b1c4	3	2.5854	2.5854	2.5854	low	2.5854	2.5854	2.5854	rho_fallback_no_desc	0.0	0.0
F1b1d	5	1.0286	-0.2051	2.273	low	1.0286	0.0	2.273	rho_fallback_no_desc	0.0	0.0
F1b1e	64	6.9252	4.9873	8.8861	high	6.3185	5.1029	7.9595	single_child_interpolation	-0.6067	8.76075781204875
F1b1e1	3	0.8567	-0.8175	2.5507	low	0.8567	0.0	2.5507	rho_fallback_no_desc	0.0	0.0
F1b1f	20	4.8189	3.4537	6.196	medium	4.8189	3.4537	6.196	rho_direct	0.0	0.0
F1b1g	3	6.995	5.2518	8.7569	low	6.995	5.2518	8.7569	rho_fallback_no_desc	0.0	0.0
F1b1h	4	13.3705	-2.2366	30.3893	low	13.3705	0.0	30.3893	rho_fallback_no_desc	0.0	0.0
F1b1i	5	10.063	0.84	19.7952	low	10.063	0.84	19.7952	rho_fallback_no_desc	0.0	0.0
F1c	420	25.7889	23.9044	27.6882	low	24.3753	23.1384	25.6213	single_child_interpolation	-1.4136000000000024	5.481428056256771
F1c1	369	21.829	19.8649	23.8104	high	22.0855	20.3513	23.836	single_child_interpolation	0.25649999999999906	1.1750423748224796
F1c1a	311	19.7957	17.5641	22.0506	high	19.7957	17.5641	22.0506	rho_direct	0.0	0.0
F1c1a1	235	16.833	14.2907	19.4075	high	16.833	14.2907	19.4075	rho_direct	0.0	0.0
F1c1a1a	27	15.0256	9.9099	20.2784	low	16.5023	14.3607	18.6677	single_child_interpolation	1.476700000000001	9.82789372803749
F1c1a1a1	5	16.1717	14.4307	17.9278	low	16.1717	14.4307	17.9278	rho_fallback_no_desc	0.0	0.0
F1c1a1b	12	11.2963	7.4073	15.2705	medium	11.2963	7.4073	15.2705	rho_direct	0.0	0.0
F1c1a1c	9	20.6075	5.0674	37.3414	low	20.6075	5.0674	37.3414	rho_fallback_no_desc	0.0	0.0
F1c1a1d	4	4.5544	0.7193	8.4861	low	4.5544	0.7193	8.4861	rho_fallback_no_desc	0.0	0.0
F1c1a2	69	18.4329	13.7019	23.2731	low	18.4329	13.7019	23.2731	rho_direct	0.0	0.0
F1d	313	16.343	14.8441	17.8532	high	16.343	14.8441	17.8532	rho_direct	0.0	0.0
F1d1	68	16.0887	12.3196	19.9301	low	12.7943	11.1396	14.4641	single_child_interpolation	-3.2943999999999996	20.476483494626663
F1d1a	6	9.2456	7.4352	11.075	low	9.2456	7.4352	11.075	rho_fallback_no_desc	0.0	0.0
F1d2	0				no_ci		0.0		rho_fallback_no_desc		
F1d3	5	10.063	7.4601	12.7048	low	10.063	7.4601	12.7048	rho_fallback_no_desc	0.0	0.0
F1d4	4	1.2869	-1.2245	3.8427	low	1.2869	0.0	3.8427	rho_fallback_no_desc	0.0	0.0
F1d5	5	17.3033	9.8635	25.0232	low	17.3033	9.8635	25.0232	rho_fallback_no_desc	0.0	0.0
F1d6	4	11.2963	-0.4094	23.8127	low	11.2963	0.0	23.8127	rho_fallback_no_desc	0.0	0.0
F1e	227	26.5604	24.6425	28.4934	high	26.5604	24.6425	28.4934	rho_direct	0.0	0.0
F1e1	21	25.5084	22.2029	28.8599	low	19.569	13.5407	25.8973	single_child_interpolation	-5.939400000000003	23.28409465117374
F1e1a	7	12.5776	2.4389	23.3012	low	12.5776	2.4389	23.3012	rho_fallback_no_desc	0.0	0.0
F1e2	33	18.2339	14.0647	22.4878	medium	18.2339	14.0647	22.4878	rho_direct	0.0	0.0
F1e3	136	22.2758	19.4172	25.1709	high	22.2758	19.4172	25.1709	rho_direct	0.0	0.0
F1e3a	31	21.052	14.424	27.885	low	21.052	14.424	27.885	rho_direct	0.0	0.0
F1e3b	9	12.1385	8.0391	16.3311	low	12.1385	8.0391	16.3311	rho_fallback_no_desc	0.0	0.0
F1e3c	6	12.9075	1.9093	24.5928	low	12.9075	1.9093	24.5928	rho_fallback_no_desc	0.0	0.0
F1e4	22	8.3827	6.0174	10.7814	medium	8.3827	6.0174	10.7814	rho_direct	0.0	0.0
F1e5	7	12.5776	2.2512	23.5115	low	12.5776	2.2512	23.5115	rho_fallback_no_desc	0.0	0.0
F1f	301	11.7056	10.5154	12.9036	high	11.7056	10.5154	12.9036	rho_direct	0.0	0.0
F1f1	4	10.6101	10.6101	10.6101	low	10.6101	10.6101	10.6101	rho_fallback_no_desc	0.0	0.0
F1f2	4	2.5854	2.5854	2.5854	low	2.5854	2.5854	2.5854	rho_fallback_no_desc	0.0	0.0
F1g	384	16.3113	14.6551	17.9813	high	23.4991	21.8077	25.2075	single_child_interpolation	7.187799999999999	44.066383427439874
F1g1	160	15.7841	13.314	18.2852	low	13.0422	12.1966	13.8964	single_child_interpolation	-2.741900000000001	17.371278691848133
F1g1a	4	2.5854	2.5854	2.5854	low	2.5854	2.5854	2.5854	rho_fallback_no_desc	0.0	0.0
F1h	5	2.5854	2.5854	2.5854	low	2.5854	2.5854	2.5854	rho_fallback_no_desc	0.0	0.0
F1i	5	19.5853	7.2359	32.691	low	19.5853	7.2359	32.691	rho_fallback_no_desc	0.0	0.0
F1j	0				no_ci		0.0		rho_fallback_no_desc		
F1k	0				no_ci		0.0		rho_fallback_no_desc		
F1l	0				no_ci		0.0		rho_fallback_no_desc		
F1m	0				no_ci		0.0		rho_fallback_no_desc		
F2	1772	23.0232	22.3156	23.733	high	23.0232	22.3156	23.733	rho_direct	0.0	0.0
F2_C16291T	892	20.596	19.6006	21.5959	high	20.596	19.6006	21.5959	rho_direct	0.0	0.0
F2_T195C!	198	30.6434	28.1338	33.1772	low	30.6434	28.1338	33.1772	rho_direct	0.0	0.0
F2a	473	17.1402	16.1068	18.1789	high	17.1402	16.1068	18.1789	rho_direct	0.0	0.0
F2a1	195	15.5217	13.941	17.115	high	15.5217	13.941	17.115	rho_direct	0.0	0.0
F2a2	7	16.1717	10.7197	21.7759	low	16.1717	10.7197	21.7759	rho_fallback_no_desc	0.0	0.0
F2a_T16291C	245	17.709	16.3709	19.0558	low	16.331	15.0239	17.647	single_child_interpolation	-1.3780000000000001	7.781354113727485
F2b	316	19.9378	17.9143	21.9803	low	19.9378	17.9143	21.9803	rho_direct	0.0	0.0
F2b1	265	15.3748	13.1548	17.62	high	13.9147	12.903	14.936	single_child_interpolation	-1.4601000000000006	9.496708900278382
F2b1a	3	7.8917	7.8917	7.8917	low	7.8917	7.8917	7.8917	rho_fallback_no_desc	0.0	0.0
F2b2	14	21.2717	13.1965	29.6521	low	21.2717	13.1965	29.6521	rho_direct	0.0	0.0
F2b3	5	30.1493	27.2861	33.0441	low	30.1493	27.2861	33.0441	rho_fallback_no_desc	0.0	0.0
F2b4	0				no_ci		0.0		rho_fallback_no_desc		
F2c	196	19.0855	16.8626	21.3318	high	19.0855	16.8626	21.3318	rho_direct	0.0	0.0
F2c1	99	12.6975	10.4405	14.9821	high	12.6975	10.4405	14.9821	rho_direct	0.0	0.0
F2c2	18	20.7676	11.061	30.9235	low	20.7676	11.061	30.9235	rho_direct	0.0	0.0
F2c3	5	5.7479	0.77	10.8851	low	5.7479	0.77	10.8851	rho_fallback_no_desc	0.0	0.0
F2d	212	15.6268	13.8934	17.3755	high	15.6268	13.8934	17.3755	rho_direct	0.0	0.0
F2e	60	17.5399	15.2477	19.8578	high	17.5399	15.2477	19.8578	rho_direct	0.0	0.0
F2e1	5	13.9275	4.9432	23.3545	low	13.9275	4.9432	23.3545	rho_fallback_no_desc	0.0	0.0
F2e2	9	9.6992	6.1744	13.2963	low	9.6992	6.1744	13.2963	rho_fallback_no_desc	0.0	0.0
F2f	86	13.0797	10.8249	15.3617	high	13.0797	10.8249	15.3617	rho_direct	0.0	0.0
F2f1	4	1.9348	0.6678	3.2128	low	1.9348	0.6678	3.2128	rho_fallback_no_desc	0.0	0.0
F2f2	4	1.2869	-0.1685	2.7572	low	1.2869	0.0	2.7572	rho_fallback_no_desc	0.0	0.0
F2f3	6	17.5872	-0.1397	36.9947	low	17.5872	0.0	36.9947	rho_fallback_no_desc	0.0	0.0
F2f4	3	10.6101	7.5371	13.7368	low	10.6101	7.5371	13.7368	rho_fallback_no_desc	0.0	0.0
F2g	61	14.9268	11.1613	18.7662	high	14.9268	11.1613	18.7662	rho_direct	0.0	0.0
F2h	36	14.1445	8.2923	20.1803	medium	14.1445	8.2923	20.1803	rho_direct	0.0	0.0
F2i	157	13.8671	11.1964	16.5756	high	13.8671	11.1964	16.5756	rho_direct	0.0	0.0
F2j	18	16.4854	13.973	19.0294	medium	16.4854	13.973	19.0294	rho_direct	0.0	0.0
F2k	15	15.7959	15.0613	16.5331	medium	15.7959	15.0613	16.5331	rho_direct	0.0	0.0
F2l	0				no_ci		0.0		rho_fallback_no_desc		
F2m	8	14.4162	11.179	17.7084	low	14.4162	11.179	17.7084	rho_fallback_no_desc	0.0	0.0
F2n	0				no_ci		0.0		rho_fallback_no_desc		
F2o	3	13.3705	10.2499	16.5433	low	13.3705	10.2499	16.5433	rho_fallback_no_desc	0.0	0.0
F2p	0				no_ci		0.0		rho_fallback_no_desc		
F2q	3	2.5854	2.5854	2.5854	low	2.5854	2.5854	2.5854	rho_fallback_no_desc	0.0	0.0
F2r	5	12.2614	5.4148	19.3711	low	12.2614	5.4148	19.3711	rho_fallback_no_desc	0.0	0.0
F3	758	36.6165	35.2869	37.9522	high	36.6165	35.2869	37.9522	rho_direct	0.0	0.0
F3a	444	32.1885	30.3424	34.0472	high	33.672	32.0318	35.3225	single_child_interpolation	1.4834999999999994	4.608788853161841
F3a1	367	22.3899	20.3617	24.4364	high	29.096	26.7724	31.4417	single_child_interpolation	6.706099999999999	29.951451324034494
F3a1a	60	27.4646	24.7682	30.1905	low	27.4646	24.7682	30.1905	rho_direct	0.0	0.0
F3a2	6	13.3705	5.1198	21.9974	low	13.3705	5.1198	21.9974	rho_fallback_no_desc	0.0	0.0
F3a_G207A	406	30.7275	28.7766	32.6928	high	30.7275	28.7766	32.6928	rho_direct	0.0	0.0
F3b	314	30.4531	28.707	32.2109	high	30.4531	28.707	32.2109	rho_direct	0.0	0.0
F3b1	203	11.7745	11.2862	12.264	high	11.7745	11.2862	12.264	rho_direct	0.0	0.0
F3b1a	52	6.9091	6.1887	7.6327	high	6.9091	6.1887	7.6327	rho_direct	0.0	0.0
F3b1a1	3	4.3344	2.6202	6.0677	low	4.3344	2.6202	6.0677	rho_fallback_no_desc	0.0	0.0
F3b1a2	31	1.0786	0.5158	1.6436	medium	1.0786	0.5158	1.6436	rho_direct	0.0	0.0
F3b1a3	4	0.0	0.0	0.0	low	0.0	0.0	0.0	rho_fallback_no_desc	0.0	
F3b1a_T16093C	18	5.2164	3.4924	6.9593	medium	5.2164	3.4924	6.9593	rho_direct	0.0	0.0
F3b1b	139	6.0393	5.5203	6.56	high	6.3156	5.6431	7.4074	single_child_interpolation	0.2763	4.575033530376037
F3b1b1	3	0.8567	-0.8175	2.5507	low	0.8567	0.0	2.5507	rho_fallback_no_desc	0.0	0.0
F3b1c	4	9.2456	-0.5376	19.6146	low	9.2456	0.0	19.6146	rho_fallback_no_desc	0.0	0.0
F3b2	21	14.5661	11.5487	17.631	medium	14.5661	11.5487	17.631	rho_direct	0.0	0.0
F3b3	0				no_ci		0.0		rho_fallback_no_desc		
F3b4	0				no_ci		0.0		rho_fallback_no_desc		
F3b5	88	22.3534	16.7415	28.1079	high	22.3534	16.7415	28.1079	rho_direct	0.0	0.0
F3b_T152C	291	29.2769	27.45	31.1169	high	29.2769	27.45	31.1169	rho_direct	0.0	0.0
F4	391	42.3921	40.7789	44.0132	high	42.3921	40.7789	44.0132	rho_direct	0.0	0.0
F4a	282	31.3792	29.5894	33.181	high	31.3792	29.5894	33.181	rho_direct	0.0	0.0
F4a1	153	27.4704	24.8507	30.118	high	27.4704	24.8507	30.118	rho_direct	0.0	0.0
F4a1a	93	12.8032	9.7517	15.9052	high	12.8032	9.7517	15.9052	rho_direct	0.0	0.0
F4a1b	51	15.1234	10.1434	20.2329	high	15.1234	10.1434	20.2329	rho_direct	0.0	0.0
F4a2	100	15.552	13.5576	17.5666	high	18.2978	15.916	20.714	single_child_interpolation	2.745799999999999	17.655606995884767
F4a2a	3	5.2164	2.2425	8.247	low	5.2164	2.2425	8.247	rho_fallback_no_desc	0.0	0.0
F4b	109	18.2529	15.8666	20.6666	high	18.2529	15.8666	20.6666	rho_direct	0.0	0.0
F4b1	53	6.8264	5.7042	7.9564	high	9.1265	7.9333	10.3333	single_child_interpolation	2.3001000000000005	33.694187272940354
F4b1a	3	0.0	0.0	0.0	low	0.0	0.0	0.0	rho_fallback_no_desc	0.0	
F4b2	19	10.6101	7.5639	13.709	medium	10.6101	7.5639	13.709	rho_direct	0.0	0.0
F4b3	13	5.0124	1.4545	8.6523	medium	5.0124	1.4545	8.6523	rho_direct	0.0	0.0
F4b4	6	36.8271	15.9321	59.3308	low	36.8271	15.9321	59.3308	rho_fallback_no_desc	0.0	0.0
F4b5	9	16.1717	11.9935	20.4387	low	16.1717	11.9935	20.4387	rho_fallback_no_desc	0.0	0.0
F4b6	7	19.0125	15.8007	22.2736	low	19.0125	15.8007	22.2736	rho_fallback_no_desc	0.0	0.0
G	2620	34.9249	34.2366	35.6148	high	34.9249	34.2366	35.6148	rho_direct	0.0	0.0
G1	679	23.5153	22.2201	24.8178	high	23.5153	22.2201	24.8178	rho_direct	0.0	0.0
G1a	412	19.8124	18.268	21.3679	high	19.8124	18.268	21.3679	rho_direct	0.0	0.0
G1a1	265	14.4334	12.7857	16.0951	high	14.4334	12.7857	16.0951	rho_direct	0.0	0.0
G1a1a	130	12.8364	10.2537	15.4553	high	12.8364	10.2537	15.4553	rho_direct	0.0	0.0
G1a1a1	7	6.3576	3.6152	9.1469	low	6.3576	3.6152	9.1469	rho_fallback_no_desc	0.0	0.0
G1a1a2	5	2.5854	0.9775	4.2108	low	2.5854	0.9775	4.2108	rho_fallback_no_desc	0.0	0.0
G1a1a3	2	3.8953	-3.6406	11.8196	very_low	3.8953	0.0	11.8196	rho_fallback_no_desc	0.0	0.0
G1a1a4	8	7.8917	2.782	13.1611	low	7.8917	2.782	13.1611	rho_fallback_no_desc	0.0	0.0
G1a1a5	10	4.9513	4.0221	5.886	medium	4.9513	4.0221	5.886	rho_direct	0.0	0.0
G1a1b	10	8.4319	6.8979	9.9799	medium	8.4319	6.8979	9.9799	rho_direct	0.0	0.0
G1a2	51	15.1234	9.7288	20.6704	high	15.1234	9.7288	20.6704	rho_direct	0.0	0.0
G1a2'3	78	18.8292	14.8409	22.8942	low	18.8292	14.8409	22.8942	rho_direct	0.0	0.0
G1a3	6	9.2456	3.3927	15.3028	low	9.2456	3.3927	15.3028	rho_fallback_no_desc	0.0	0.0
G1b	62	11.9851	10.7041	13.2751	high	11.9851	10.7041	13.2751	rho_direct	0.0	0.0
G1b1	14	9.2456	7.8005	10.7027	medium	9.2456	7.8005	10.7027	rho_direct	0.0	0.0
G1b2	4	4.5544	0.7193	8.4861	low	4.5544	0.7193	8.4861	rho_fallback_no_desc	0.0	0.0
G1b3	3	6.1033	4.3696	7.8557	low	6.1033	4.3696	7.8557	rho_fallback_no_desc	0.0	0.0
G1b4	4	5.2164	2.2425	8.247	low	5.2164	2.2425	8.247	rho_fallback_no_desc	0.0	0.0
G1b5	8	9.9265	5.961	13.9833	low	9.9265	5.961	13.9833	rho_fallback_no_desc	0.0	0.0
G1b_G16129A	48	9.2456	7.6664	10.8392	medium	9.2456	7.6664	10.8392	rho_direct	0.0	0.0
G1c	164	18.3334	16.0104	20.6824	high	18.3334	16.0104	20.6824	rho_direct	0.0	0.0
G1c1	14	16.3733	10.5872	22.3306	low	16.3733	10.5872	22.3306	rho_direct	0.0	0.0
G1c2	45	14.6105	8.5254	20.8923	low	14.6105	8.5254	20.8923	rho_direct	0.0	0.0
G1c3	13	17.478	5.6884	29.9857	low	17.478	5.6884	29.9857	rho_direct	0.0	0.0
G1d	13	18.7926	0.8589	38.4037	low	18.7926	0.8589	38.4037	rho_direct	0.0	0.0
G1f	7	3.3325	-0.762	7.5404	low	3.3325	0.0	7.5404	rho_fallback_no_desc	0.0	0.0
G2	1430	32.8681	31.9888	33.7501	high	32.8681	31.9888	33.7501	rho_direct	0.0	0.0
G2a	1088	22.6069	21.7086	23.5087	high	22.6069	21.7086	23.5087	rho_direct	0.0	0.0
G2a'c'd'e'f	1171	31.7551	30.8465	32.6667	high	31.7551	30.8465	32.6667	rho_direct	0.0	0.0
G2a1	641	20.0323	18.7399	21.3325	high	20.0323	18.7399	21.3325	rho_direct	0.0	0.0
G2a1_T16189C!	184	23.5518	21.3862	25.7378	low	23.5518	21.3862	25.7378	rho_direct	0.0	0.0
G2a1_T16189C_A16194G	20	12.1232	6.9656	17.429	medium	15.0502	12.0153	18.143	single_child_interpolation	2.9269999999999996	24.143790418371385
G2a1a	6	7.4428	5.8304	9.0708	low	7.4428	5.8304	9.0708	rho_fallback_no_desc	0.0	0.0
G2a1b	12	9.4722	6.0654	12.947	medium	9.4722	6.0654	12.947	rho_direct	0.0	0.0
G2a1c	12	6.5486	2.6444	10.5482	medium	6.5486	2.6444	10.5482	rho_direct	0.0	0.0
G2a1c1	2	5.2164	0.1025	10.5005	very_low	5.2164	0.1025	10.5005	rho_fallback_no_desc	0.0	0.0
G2a1c2	3	3.4574	1.7531	5.181	low	3.4574	1.7531	5.181	rho_fallback_no_desc	0.0	0.0
G2a1d	102	19.7991	17.7142	21.9043	low	19.7991	17.7142	21.9043	rho_direct	0.0	0.0
G2a1d1	20	10.063	8.2265	11.9188	medium	14.931	12.713	17.1752	single_child_interpolation	4.8679999999999986	48.375236013117345
G2a1d1a	10	10.063	7.7117	12.446	low	10.063	7.7117	12.446	rho_direct	0.0	0.0
G2a1d2	51	12.5	9.9329	15.1031	high	14.3657	9.9786	18.898	single_child_interpolation	1.8657000000000004	14.925600000000003
G2a1d2a	13	8.9322	2.2429	15.8917	low	8.9322	2.2429	15.8917	rho_direct	0.0	0.0
G2a1e	5	8.4319	1.779	15.3553	low	8.4319	1.779	15.3553	rho_fallback_no_desc	0.0	0.0
G2a1f	16	28.5053	15.3487	42.3824	low	28.5053	15.3487	42.3824	rho_direct	0.0	0.0
G2a1f1	6	10.1541	5.3493	15.0929	low	10.1541	5.3493	15.0929	rho_fallback_no_desc	0.0	0.0
G2a1f2	10	26.8719	7.2148	48.2472	low	26.8719	7.2148	48.2472	rho_direct	0.0	0.0
G2a1g	12	4.5544	2.8622	6.2652	medium	4.5544	2.8622	6.2652	rho_direct	0.0	0.0
G2a1h	14	13.7682	8.598	19.0822	medium	13.7682	8.598	19.0822	rho_direct	0.0	0.0
G2a1i	5	7.3531	4.7919	9.9543	low	7.3531	4.7919	9.9543	rho_fallback_no_desc	0.0	0.0
G2a1j	3	16.1717	16.1717	16.1717	low	16.1717	16.1717	16.1717	rho_fallback_no_desc	0.0	0.0
G2a1k	3	22.86	20.9663	24.7694	low	22.86	20.9663	24.7694	rho_fallback_no_desc	0.0	0.0
G2a2	118	8.464	6.0631	10.8992	high	16.9817	10.382	23.9872	single_child_interpolation	8.5177	100.6344517958412
G2a2a	20	14.2066	2.167	27.0515	low	14.2066	2.167	27.0515	rho_direct	0.0	0.0
G2a3	11	8.6288	6.484	10.8008	medium	11.826	10.5055	13.157	single_child_interpolation	3.1972000000000005	37.05266085666605
G2a3a	4	3.8953	2.4139	5.3911	low	3.8953	2.4139	5.3911	rho_fallback_no_desc	0.0	0.0
G2a4	100	12.5934	10.9911	14.2096	high	12.5934	10.9911	14.2096	rho_direct	0.0	0.0
G2a5	91	17.7902	14.9581	20.6615	high	17.7902	14.9581	20.6615	rho_direct	0.0	0.0
G2a6	18	16.015	11.5884	20.5417	medium	16.015	11.5884	20.5417	rho_direct	0.0	0.0
G2a7	14	13.9673	9.6459	18.3883	medium	13.9673	9.6459	18.3883	rho_direct	0.0	0.0
G2a8	4	6.5486	5.0419	8.0692	low	6.5486	5.0419	8.0692	rho_fallback_no_desc	0.0	0.0
G2a9	5	24.2223	0.1788	51.0537	low	24.2223	0.1788	51.0537	rho_fallback_no_desc	0.0	0.0
G2a_T152C	435	19.7568	18.597	20.9229	high	19.7568	18.597	20.9229	rho_direct	0.0	0.0
G2b	247	21.8449	19.5721	24.141	high	21.8449	19.5721	24.141	rho_direct	0.0	0.0
G2b1	153	18.7696	16.0612	21.5132	high	18.7696	16.0612	21.5132	rho_direct	0.0	0.0
G2b1a	108	16.0933	13.0167	19.2179	high	16.0933	13.0167	19.2179	rho_direct	0.0	0.0
G2b1a1	10	2.8465	1.4352	4.2712	medium	2.8465	1.4352	4.2712	rho_direct	0.0	0.0
G2b1a2	24	20.0878	8.7734	32.0268	low	20.0878	8.7734	32.0268	rho_direct	0.0	0.0
G2b1a3	5	15.6082	5.1082	26.6967	low	15.6082	5.1082	26.6967	rho_fallback_no_desc	0.0	0.0
G2b1b	18	8.3418	4.3869	12.3907	medium	8.3418	4.3869	12.3907	rho_direct	0.0	0.0
G2b2	94	19.3475	15.4365	23.3313	high	19.3475	15.4365	23.3313	rho_direct	0.0	0.0
G2b2a	14	19.6263	16.8077	22.4823	low	19.6263	16.8077	22.4823	rho_direct	0.0	0.0
G2b2b	14	19.0125	15.421	22.6657	medium	19.0125	15.421	22.6657	rho_direct	0.0	0.0
G2b2c	9	5.2164	-0.3636	10.9998	low	5.2164	0.0	10.9998	rho_fallback_no_desc	0.0	0.0
G2b2d	10	4.9513	2.5902	7.3482	medium	4.9513	2.5902	7.3482	rho_direct	0.0	0.0
G2c	23	10.7292	6.9126	14.6289	medium	10.7292	6.9126	14.6289	rho_direct	0.0	0.0
G2d	22	21.8918	13.4884	30.6223	medium	21.8918	13.4884	30.6223	rho_direct	0.0	0.0
G2e	9	32.0887	16.5831	48.5391	low	32.0887	16.5831	48.5391	rho_fallback_no_desc	0.0	0.0
G2f	11	15.9154	9.9836	22.0289	medium	15.9154	9.9836	22.0289	rho_direct	0.0	0.0
G2g	7	7.1228	3.24	11.0988	low	7.1228	3.24	11.0988	rho_fallback_no_desc	0.0	0.0
G3	462	25.5084	23.9718	27.0549	high	25.5084	23.9718	27.0549	rho_direct	0.0	0.0
G3a	334	21.1901	19.5952	22.7965	high	21.1901	19.5952	22.7965	rho_direct	0.0	0.0
G3a1	51	12.1746	9.5182	14.8698	high	15.0061	12.565	17.4827	single_child_interpolation	2.8315	23.25743761602024
G3a1'2'4	301	19.6025	17.8777	21.3412	high	19.6025	17.8777	21.3412	rho_direct	0.0	0.0
G3a1a	41	10.4097	7.2522	13.6243	medium	10.4097	7.2522	13.6243	rho_direct	0.0	0.0
G3a2	185	17.5181	15.0858	19.9794	high	17.5181	15.0858	19.9794	rho_direct	0.0	0.0
G3a2_T152C	122	17.0059	13.8454	20.2161	low	17.0059	13.8454	20.2161	rho_direct	0.0	0.0
G3a2a	23	8.7145	4.2281	13.3214	medium	9.3622	6.9398	11.8193	single_child_interpolation	0.6477000000000004	7.432440185897073
G3a2a1	3	1.7185	0.0342	3.4224	low	1.7185	0.0342	3.4224	rho_fallback_no_desc	0.0	0.0
G3a2b	3	10.6101	10.6101	10.6101	low	10.6101	10.6101	10.6101	rho_fallback_no_desc	0.0	0.0
G3a2c	3	10.6101	10.6101	10.6101	low	10.6101	10.6101	10.6101	rho_fallback_no_desc	0.0	0.0
G3a2d	19	12.2032	5.2947	19.38	medium	12.2032	5.2947	19.38	rho_direct	0.0	0.0
G3a2e	4	4.5544	3.2651	5.8544	low	4.5544	3.2651	5.8544	rho_fallback_no_desc	0.0	0.0
G3a3	28	8.7608	6.3182	11.2386	medium	13.4986	11.3526	15.6734	single_child_interpolation	4.7378	54.07953611542325
G3a3a	9	5.8071	3.11	8.5502	low	5.8071	3.11	8.5502	rho_fallback_no_desc	0.0	0.0
G3a4	6	7.4428	4.9457	9.9777	low	7.4428	4.9457	9.9777	rho_fallback_no_desc	0.0	0.0
G3b	116	22.2669	18.573	26.0221	high	22.2669	18.573	26.0221	rho_direct	0.0	0.0
G3b1	47	16.6524	12.4191	20.9762	medium	16.4385	9.2865	24.2526	single_child_interpolation	-0.21389999999999887	1.284499531599042
G3b1a	5	10.6101	-0.521	22.4831	low	10.6101	0.0	22.4831	rho_fallback_no_desc	0.0	0.0
G3b2	29	18.2249	9.6784	27.1362	low	18.2249	9.6784	27.1362	rho_direct	0.0	0.0
G3b3	6	11.5256	-1.6361	25.7171	low	11.5256	0.0	25.7171	rho_fallback_no_desc	0.0	0.0
G3b4	4	29.9994	9.9459	51.736	low	29.9994	9.9459	51.736	rho_fallback_no_desc	0.0	0.0
G4	6	13.3705	5.5809	21.4944	low	20.0707	17.1183	23.4737	single_child_interpolation	6.700199999999999	50.11181332036946
G4a	3	5.2164	-0.6728	11.3326	low	5.2164	0.0	11.3326	rho_fallback_no_desc	0.0	0.0
G5	26	24.6957	15.401	34.3705	medium	24.6957	15.401	34.3705	rho_direct	0.0	0.0
G6	16	20.988	12.4213	29.901	medium	20.988	12.4213	29.901	rho_direct	0.0	0.0
G7	0				no_ci		0.0		rho_fallback_no_desc		
H	3565	14.8073	14.5679	15.047	high	14.8073	14.5679	15.047	rho_direct	0.0	0.0
H1	1093	9.9796	9.6758	10.2839	high	9.9796	9.6758	10.2839	rho_direct	0.0	0.0
H10	59	8.5329	7.3247	9.7496	high	8.5329	7.3247	9.7496	rho_direct	0.0	0.0
H100	1	7.8917			no_ci	7.8917	0.0		rho_fallback_no_desc	0.0	0.0
H101	4	5.2164	1.5822	8.9357	low	5.2164	1.5822	8.9357	rho_fallback_no_desc	0.0	0.0
H102	1	5.2164			no_ci	5.2164	0.0		rho_fallback_no_desc	0.0	0.0
H103	2	6.5486	3.9479	9.1912	very_low	6.5486	3.9479	9.1912	rho_fallback_no_desc	0.0	0.0
H104	3	11.5256	5.1572	18.1247	low	8.0471	7.2839	9.4449	single_child_interpolation	-3.4785000000000004	30.180641354896924
H104a	2	1.2869	-1.2245	3.8427	very_low	1.2869	0.0	3.8427	rho_fallback_no_desc	0.0	0.0
H105	2	3.8953	1.3387	6.4951	very_low	8.6964	7.2839		single_child_interpolation	4.8011	123.25366467281083
H105a	1	2.5854			no_ci	2.5854	0.0		rho_fallback_no_desc	0.0	0.0
H106	2	7.8917	2.6898	13.2593	very_low	7.8917	2.6898	13.2593	rho_fallback_no_desc	0.0	0.0
H107	5	3.6324	1.0302	6.2797	low	3.6324	1.0302	6.2797	rho_fallback_no_desc	0.0	0.0
H108	2	6.5486	3.9479	9.1912	very_low	6.5486	3.9479	9.1912	rho_fallback_no_desc	0.0	0.0
H10_(T16093C)	22	7.402	5.9117	8.9058	medium	7.402	5.9117	8.9058	rho_direct	0.0	0.0
H10a	19	6.7599	4.6004	8.9481	medium	7.5408	5.8496	9.2508	single_child_interpolation	0.7808999999999999	11.551946034704654
H10a1	12	6.5486	4.3745	8.7519	medium	6.5486	4.3745	8.7519	rho_direct	0.0	0.0
H10a1a	4	2.5854	0.513	4.687	low	3.9177	2.1873	6.2973	single_child_interpolation	1.3323	51.53167788349966
H10a1a1	2	1.2869	-1.2245	3.8427	very_low	1.2869	0.0	3.8427	rho_fallback_no_desc	0.0	0.0
H10a1b	2	1.2869	-1.2245	3.8427	very_low	1.2869	0.0	3.8427	rho_fallback_no_desc	0.0	0.0
H10b	4	4.5544	1.3305	7.8462	low	6.2141	4.3317	8.1224	single_child_interpolation	1.6597	36.44168276831196
H10b1	2	3.8953	1.3387	6.4951	very_low	3.8953	1.3387	6.4951	rho_fallback_no_desc	0.0	0.0
H10c	3	11.5256	0.126	23.6886	low	10.259	8.3123	12.2298	single_child_interpolation	-1.2666000000000004	10.989449573124178
H10c1	2	11.9851	9.2999	14.71	very_low	11.9851	9.2999	14.71	rho_fallback_no_desc	0.0	0.0
H10d	2	6.5486	3.9479	9.1912	very_low	6.5486	3.9479	9.1912	rho_fallback_no_desc	0.0	0.0
H10e	19	5.3561	3.5653	7.1673	medium	5.3561	3.5653	7.1673	rho_direct	0.0	0.0
H10e1	6	3.0208	0.9769	5.0927	low	3.9707	1.7827	7.4756	single_child_interpolation	0.9499	31.4453125
H10e1a	2	2.5854	-2.4381	7.7838	very_low	2.5854	0.0	7.7838	rho_fallback_no_desc	0.0	0.0
H10e2	3	3.4574	1.7531	5.181	low	3.4574	1.7531	5.181	rho_fallback_no_desc	0.0	0.0
H10e3	2	10.6101	10.6101	10.6101	very_low	6.6239	5.7285	7.5295	single_child_interpolation	-3.9861999999999993	37.569862678014346
H10e3a	2	7.8917	7.8917	7.8917	very_low	7.8917	7.8917	7.8917	rho_fallback_no_desc	0.0	0.0
H10f	2	3.8953	1.3387	6.4951	very_low	3.8953	1.3387	6.4951	rho_fallback_no_desc	0.0	0.0
H10g	1	0.0			no_ci	0.0	0.0		rho_fallback_no_desc	0.0	
H10h	2	1.2869	-1.2245	3.8427	very_low	1.2869	0.0	3.8427	rho_fallback_no_desc	0.0	0.0
H11	72	14.8439	13.5904	16.1054	low	14.8439	13.5904	16.1054	rho_direct	0.0	0.0
H11a	65	10.063	8.8023	11.3328	high	10.063	8.8023	11.3328	rho_direct	0.0	0.0
H11a1	22	6.0629	4.5554	7.5844	medium	6.0629	4.5554	7.5844	rho_direct	0.0	0.0
H11a2	20	7.8917	5.8392	9.9694	medium	8.1516	6.1896	10.1403	single_child_interpolation	0.2599	3.2933335022872137
H11a2a	13	6.2402	3.5769	8.9478	medium	6.2402	3.5769	8.9478	rho_direct	0.0	0.0
H11a2a1	2	1.2869	-1.2245	3.8427	very_low	1.2869	0.0	3.8427	rho_fallback_no_desc	0.0	0.0
H11a2a2	5	3.108	1.2007	5.0397	low	3.108	1.2007	5.0397	rho_fallback_no_desc	0.0	0.0
H11a2a3	2	3.8953	-3.6406	11.8196	very_low	3.8953	0.0	11.8196	rho_fallback_no_desc	0.0	0.0
H11a3	2	0.0	0.0	0.0	very_low	0.0	0.0	0.0	rho_fallback_no_desc	0.0	
H11a4	0				no_ci		0.0		rho_fallback_no_desc		
H11a5	2	2.5854	-2.4381	7.7838	very_low	2.5854	0.0	7.7838	rho_fallback_no_desc	0.0	0.0
H11a6	3	3.4574	1.7531	5.181	low	3.4574	1.7531	5.181	rho_fallback_no_desc	0.0	0.0
H11a7	2	5.2164	5.2164	5.2164	very_low	5.2164	5.2164	5.2164	rho_fallback_no_desc	0.0	0.0
H11a8	2	3.8953	-3.6406	11.8196	very_low	3.8953	0.0	11.8196	rho_fallback_no_desc	0.0	0.0
H11a_T152C!	4	4.5544	0.7193	8.4861	low	7.6397	7.0093	8.2746	single_child_interpolation	3.0853	67.743281222554
H11b	5	6.8163	4.7289	8.9305	low	9.5013	7.8483	11.172	single_child_interpolation	2.6850000000000005	39.39087188063906
H11b1	5	4.1586	2.1063	6.2385	low	4.1586	2.1063	6.2385	rho_fallback_no_desc	0.0	0.0
H12	6	4.3344	2.6202	6.0677	low	11.3606	9.7291	13.2571	single_child_interpolation	7.0262	162.10317460317464
H12a	4	1.9348	-0.4816	4.3914	low	1.9348	0.0	4.3914	rho_fallback_no_desc	0.0	0.0
H13	147	19.6946	18.6179	20.7768	low	19.6946	18.6179	20.7768	rho_direct	0.0	0.0
H13a	124	17.4956	16.392	18.6051	low	17.4956	16.392	18.6051	rho_direct	0.0	0.0
H13a1	73	14.1722	12.8755	15.4776	low	14.1722	12.8755	15.4776	rho_direct	0.0	0.0
H13a1_T152C!	8	5.5484	3.7329	7.3847	low	8.5965	6.7346	10.4825	single_child_interpolation	3.0481000000000007	54.936558287073765
H13a1a	60	12.3535	10.9475	13.7703	high	12.3535	10.9475	13.7703	rho_direct	0.0	0.0
H13a1a1	39	7.8917	6.668	9.1243	medium	7.8917	6.668	9.1243	rho_direct	0.0	0.0
H13a1a1a	6	6.5486	5.3803	7.7253	low	6.5486	5.3803	7.7253	rho_fallback_no_desc	0.0	0.0
H13a1a1b	3	4.3344	2.6202	6.0677	low	4.3344	2.6202	6.0677	rho_fallback_no_desc	0.0	0.0
H13a1a1c	1	2.5854			no_ci	2.5854	0.0		rho_fallback_no_desc	0.0	0.0
H13a1a1d	5	3.6324	2.3766	4.8986	low	4.3742	3.334	5.8375	single_child_interpolation	0.7418	20.421759718092723
H13a1a1d1	3	0.8567	-0.8175	2.5507	low	0.8567	0.0	2.5507	rho_fallback_no_desc	0.0	0.0
H13a1a1e	3	3.4574	0.0683	6.9235	low	3.4574	0.0683	6.9235	rho_fallback_no_desc	0.0	0.0
H13a1a2	10	14.2066	11.2812	17.1771	low	14.2066	11.2812	17.1771	rho_direct	0.0	0.0
H13a1a2_T16311C!	4	14.766	12.0403	17.5304	low	10.3776	7.6146	13.1841	single_child_interpolation	-4.388400000000001	29.719626168224305
H13a1a2a	4	6.5486	3.9479	9.1912	low	6.5486	3.9479	9.1912	rho_fallback_no_desc	0.0	0.0
H13a1a2b	4	3.8953	2.4139	5.3911	low	3.8953	2.4139	5.3911	rho_fallback_no_desc	0.0	0.0
H13a1a3	2	3.8953	-3.6406	11.8196	very_low	3.8953	0.0	11.8196	rho_fallback_no_desc	0.0	0.0
H13a1a4	1	2.5854			no_ci	2.5854	0.0		rho_fallback_no_desc	0.0	0.0
H13a1a5	1	5.2164			no_ci	5.2164	0.0		rho_fallback_no_desc	0.0	0.0
H13a1a6	1	0.0			no_ci	0.0	0.0		rho_fallback_no_desc	0.0	
H13a1b	3	2.5854	2.5854	2.5854	low	2.5854	2.5854	2.5854	rho_fallback_no_desc	0.0	0.0
H13a1c	2	9.2456	6.6021	11.9299	very_low	9.2456	6.6021	11.9299	rho_fallback_no_desc	0.0	0.0
H13a1d	6	3.0208	0.5937	5.4875	low	3.0208	0.5937	5.4875	rho_fallback_no_desc	0.0	0.0
H13a2	51	15.7296	13.813	17.6649	low	15.7296	13.813	17.6649	rho_direct	0.0	0.0
H13a2a	25	10.5005	8.8263	12.1906	medium	10.5005	8.8263	12.1906	rho_direct	0.0	0.0
H13a2a1	5	7.3531	4.7919	9.9543	low	7.3531	4.7919	9.9543	rho_fallback_no_desc	0.0	0.0
H13a2a2	5	1.0286	-0.2051	2.273	low	1.0286	0.0	2.273	rho_fallback_no_desc	0.0	0.0
H13a2b	20	11.7093	9.7836	13.6554	medium	11.7093	9.7836	13.6554	rho_direct	0.0	0.0
H13a2b1	4	3.2389	-1.5419	8.1754	low	3.2389	0.0	8.1754	rho_fallback_no_desc	0.0	0.0
H13a2b2	8	6.8833	4.4816	9.3205	low	8.1319	5.9394	10.3542	single_child_interpolation	1.2485999999999997	18.13955515523077
H13a2b2a	4	4.5544	2.0951	7.053	low	4.5544	2.0951	7.053	rho_fallback_no_desc	0.0	0.0
H13a2b3	3	6.995	5.2518	8.7569	low	6.995	5.2518	8.7569	rho_fallback_no_desc	0.0	0.0
H13a2b4	2	5.2164	0.1025	10.5005	very_low	5.2164	0.1025	10.5005	rho_fallback_no_desc	0.0	0.0
H13a2b5	2	3.8953	-3.6406	11.8196	very_low	3.8953	0.0	11.8196	rho_fallback_no_desc	0.0	0.0
H13a2c	6	19.0125	14.4852	23.6384	low	15.388	12.5831	18.2377	single_child_interpolation	-3.6244999999999994	19.0637738330046
H13a2c1	5	15.0464	11.3531	18.8105	low	15.0464	11.3531	18.8105	rho_fallback_no_desc	0.0	0.0
H13b	14	17.7902	14.6832	20.9445	low	17.7902	14.6832	20.9445	rho_direct	0.0	0.0
H13b1	12	14.5327	11.6545	17.4543	low	15.0258	11.9112	18.1908	single_child_interpolation	0.4931000000000001	3.3930377699945646
H13b1_A200G	10	12.2614	9.1392	15.437	low	12.2614	9.1392	15.437	rho_direct	0.0	0.0
H13b1a	3	6.1033	-0.7156	13.2222	low	6.1033	0.0	13.2222	rho_fallback_no_desc	0.0	0.0
H13b1b	3	8.7931	5.2872	12.372	low	8.7931	5.2872	12.372	rho_fallback_no_desc	0.0	0.0
H13b2	2	3.8953	1.3387	6.4951	very_low	3.8953	1.3387	6.4951	rho_fallback_no_desc	0.0	0.0
H13c	5	15.6082	11.5982	19.7009	low	15.6082	11.5982	19.7009	rho_fallback_no_desc	0.0	0.0
H13c1	3	12.4458	6.0438	19.0763	low	11.75	5.7991	19.2423	single_child_interpolation	-0.6958000000000002	5.5906410194603815
H13c1a	2	7.8917	-2.3374	18.7838	very_low	7.8917	0.0	18.7838	rho_fallback_no_desc	0.0	0.0
H13c2	2	7.8917	2.6898	13.2593	very_low	7.8917	2.6898	13.2593	rho_fallback_no_desc	0.0	0.0
H14	49	16.0565	14.4679	17.6579	low	16.0565	14.4679	17.6579	rho_direct	0.0	0.0
H14a	27	12.9589	10.9235	15.0167	medium	12.9589	10.9235	15.0167	rho_direct	0.0	0.0
H14a1	1	5.2164			no_ci	5.2164	0.0		rho_fallback_no_desc	0.0	0.0
H14a2	6	10.6101	5.8729	15.4763	low	10.6101	5.8729	15.4763	rho_fallback_no_desc	0.0	0.0
H14a2a	2	5.2164	5.2164	5.2164	very_low	5.2164	5.2164	5.2164	rho_fallback_no_desc	0.0	0.0
H14a2b	2	0.0	0.0	0.0	very_low	0.0	0.0	0.0	rho_fallback_no_desc	0.0	
H14a2c	2	10.6101	0.2051	21.6601	very_low	10.6101	0.2051	21.6601	rho_fallback_no_desc	0.0	0.0
H14a3	6	0.0	0.0	0.0	low	0.0	0.0	0.0	rho_fallback_no_desc	0.0	
H14a4	9	1.4307	-0.2734	3.1549	low	1.4307	0.0	3.1549	rho_fallback_no_desc	0.0	0.0
H14a_T146C!	12	13.6024	11.2462	15.9881	low	13.6024	11.2462	15.9881	rho_direct	0.0	0.0
H14b	16	10.6101	8.3258	12.9239	medium	10.6101	8.3258	12.9239	rho_direct	0.0	0.0
H14b1	2	1.2869	-1.2245	3.8427	very_low	1.2869	0.0	3.8427	rho_fallback_no_desc	0.0	0.0
H14b2	3	10.6101	7.5371	13.7368	low	6.5977	4.1629		single_child_interpolation	-4.0123999999999995	37.816797202665384
H14b2a	1	2.5854			no_ci	2.5854	0.0		rho_fallback_no_desc	0.0	0.0
H14b3	2	7.8917	2.6898	13.2593	very_low	7.8917	2.6898	13.2593	rho_fallback_no_desc	0.0	0.0
H14b4	3	8.7931	2.5273	15.2961	low	8.7931	2.5273	15.2961	rho_fallback_no_desc	0.0	0.0
H14c	4	0.0	0.0	0.0	low	0.0	0.0	0.0	rho_fallback_no_desc	0.0	
H15	50	15.3271	13.8715	16.7935	low	15.3271	13.8715	16.7935	rho_direct	0.0	0.0
H15a	39	13.5845	12.0204	15.1616	low	13.149	11.6441	14.666	single_child_interpolation	-0.4355000000000011	3.205859619419199
H15a1	38	10.9709	9.4168	12.5386	medium	10.9709	9.4168	12.5386	rho_direct	0.0	0.0
H15a1a	17	7.7331	5.7468	9.7432	medium	8.1822	6.4447	9.938	single_child_interpolation	0.4490999999999996	5.807502812584858
H15a1a1	15	5.3934	3.4727	7.3375	medium	5.3934	3.4727	7.3375	rho_direct	0.0	0.0
H15a1b	14	6.3576	5.0504	7.6753	medium	6.3576	5.0504	7.6753	rho_direct	0.0	0.0
H15b	11	8.8752	6.3822	11.4049	medium	8.8752	6.3822	11.4049	rho_direct	0.0	0.0
H15b1	5	6.8163	3.2931	10.4166	low	6.8163	3.2931	10.4166	rho_fallback_no_desc	0.0	0.0
H15b2	1	5.2164			no_ci	5.2164	0.0		rho_fallback_no_desc	0.0	0.0
H16	39	8.1685	6.3974	9.9584	medium	8.1685	6.3974	9.9584	rho_direct	0.0	0.0
H16_T152C!	28	6.9312	4.8642	9.0244	medium	6.9312	4.8642	9.0244	rho_direct	0.0	0.0
H16a	5	3.6324	1.5872	5.7053	low	4.3249	2.4492	6.2234	single_child_interpolation	0.6925000000000003	19.064530338068504
H16a1	3	1.7185	0.0342	3.4224	low	1.7185	0.0342	3.4224	rho_fallback_no_desc	0.0	0.0
H16b	4	2.5854	0.513	4.687	low	2.5854	0.513	4.687	rho_fallback_no_desc	0.0	0.0
H16c	8	8.5673	6.3954	10.7671	low	8.5673	6.3954	10.7671	rho_fallback_no_desc	0.0	0.0
H16d	6	5.6592	1.5812	9.8436	low	5.6592	1.5812	9.8436	rho_fallback_no_desc	0.0	0.0
H16e	2	3.8953	-3.6406	11.8196	very_low	3.8953	0.0	11.8196	rho_fallback_no_desc	0.0	0.0
H17	19	7.8917	5.9642	9.8414	medium	7.8917	5.9642	9.8414	rho_direct	0.0	0.0
H17a	15	5.7479	3.8406	7.6781	medium	5.7479	3.8406	7.6781	rho_direct	0.0	0.0
H17a1	2	7.8917	2.6898	13.2593	very_low	7.8917	2.6898	13.2593	rho_fallback_no_desc	0.0	0.0
H17a2	1	2.5854			no_ci	2.5854	0.0		rho_fallback_no_desc	0.0	0.0
H17b	2	5.2164	-4.832	15.9461	very_low	5.2164	0.0	15.9461	rho_fallback_no_desc	0.0	0.0
H17c	1	0.0			no_ci	0.0	0.0		rho_fallback_no_desc	0.0	
H18	13	6.2402	4.3278	8.1752	medium	6.7774	4.7214	8.8627	single_child_interpolation	0.5372000000000003	8.608698439152597
H18b	7	4.4601	1.7839	7.183	low	4.4601	1.7839	7.183	rho_fallback_no_desc	0.0	0.0
H19	5	4.1586	2.8985	5.4291	low	4.1586	2.8985	5.4291	rho_fallback_no_desc	0.0	0.0
H1_C16239T	17	7.5747	5.8384	9.3291	medium	7.5747	5.8384	9.3291	rho_direct	0.0	0.0
H1_C16278T!	15	8.0716	5.7515	10.4239	low	8.0716	5.7515	10.4239	rho_direct	0.0	0.0
H1_C16355T	6	6.995	5.2518	8.7569	low	6.995	5.2518	8.7569	rho_fallback_no_desc	0.0	0.0
H1_T152C!	32	6.465	5.3905	7.5465	medium	6.465	5.3905	7.5465	rho_direct	0.0	0.0
H1_T16189C!	162	9.3799	8.7685	9.9934	high	9.3799	8.7685	9.9934	rho_direct	0.0	0.0
H1_T16311C!	51	6.4699	5.0579	7.8942	high	6.4699	5.0579	7.8942	rho_direct	0.0	0.0
H1a	101	7.252	6.4284	8.0797	high	7.252	6.4284	8.0797	rho_direct	0.0	0.0
H1a1	24	4.005	2.6577	5.3641	medium	4.005	2.6577	5.3641	rho_direct	0.0	0.0
H1a1a	6	5.6592	4.0646	7.2698	low	3.2952	1.5853	5.0255	single_child_interpolation	-2.3640000000000003	41.77268871925361
H1a1a1	4	2.5854	0.513	4.687	low	2.5854	0.513	4.687	rho_fallback_no_desc	0.0	0.0
H1a1b	3	1.7185	0.0342	3.4224	low	1.7185	0.0342	3.4224	rho_fallback_no_desc	0.0	0.0
H1a1c	4	1.9348	-0.4816	4.3914	low	1.9348	0.0	4.3914	rho_fallback_no_desc	0.0	0.0
H1a2	8	1.6105	0.2806	2.9526	low	1.6105	0.2806	2.9526	rho_fallback_no_desc	0.0	0.0
H1a3	30	6.9057	5.4327	8.3918	low	6.9057	5.4327	8.3918	rho_direct	0.0	0.0
H1a3a	10	4.9513	2.3543	7.5917	medium	4.9513	2.3543	7.5917	rho_direct	0.0	0.0
H1a3a1	2	1.2869	-1.2245	3.8427	very_low	1.2869	0.0	3.8427	rho_fallback_no_desc	0.0	0.0
H1a3a2	2	0.0	0.0	0.0	very_low	0.0	0.0	0.0	rho_fallback_no_desc	0.0	
H1a3a3	2	3.8953	1.3387	6.4951	very_low	3.8953	1.3387	6.4951	rho_fallback_no_desc	0.0	0.0
H1a3a4	2	6.5486	3.9479	9.1912	very_low	6.5486	3.9479	9.1912	rho_fallback_no_desc	0.0	0.0
H1a3b	5	4.1586	0.6952	7.7012	low	6.061	5.3245	6.8041	single_child_interpolation	1.9024	45.74616457461646
H1a3b1	2	5.2164	5.2164	5.2164	very_low	5.2164	5.2164	5.2164	rho_fallback_no_desc	0.0	0.0
H1a3c	7	6.7398	3.7676	9.7667	low	6.061	3.9132	8.241	single_child_interpolation	-0.6787999999999998	10.071515475236652
H1a3c1	5	5.2164	2.3937	8.0901	low	5.2164	2.3937	8.0901	rho_fallback_no_desc	0.0	0.0
H1a3d	3	0.8567	-0.8175	2.5507	low	0.8567	0.0	2.5507	rho_fallback_no_desc	0.0	0.0
H1a4	3	1.7185	0.0342	3.4224	low	1.7185	0.0342	3.4224	rho_fallback_no_desc	0.0	0.0
H1a5	2	1.2869	-1.2245	3.8427	very_low	1.2869	0.0	3.8427	rho_fallback_no_desc	0.0	0.0
H1a6	2	1.2869	-1.2245	3.8427	very_low	1.2869	0.0	3.8427	rho_fallback_no_desc	0.0	0.0
H1a7	1	2.5854			no_ci	2.5854	0.0		rho_fallback_no_desc	0.0	0.0
H1a8	6	2.5854	0.3167	4.8891	low	4.4852	3.2142	6.6126	single_child_interpolation	1.8998	73.48185967355148
H1a8a	3	1.7185	-1.6302	5.1456	low	1.7185	0.0	5.1456	rho_fallback_no_desc	0.0	0.0
H1a9	2	0.0	0.0	0.0	very_low	0.0	0.0	0.0	rho_fallback_no_desc	0.0	
H1aa	2	5.2164	0.1025	10.5005	very_low	5.9826	4.3842	8.8886	single_child_interpolation	0.7661999999999995	14.688290775247287
H1aa1	2	2.5854	-2.4381	7.7838	very_low	2.5854	0.0	7.7838	rho_fallback_no_desc	0.0	0.0
H1ab	3	4.3344	2.6202	6.0677	low	5.3334	4.3842	6.918	single_child_interpolation	0.9990000000000006	23.0481727574751
H1ab1	2	1.2869	-1.2245	3.8427	very_low	1.2869	0.0	3.8427	rho_fallback_no_desc	0.0	0.0
H1ac	1	2.5854			no_ci	2.5854	0.0		rho_fallback_no_desc	0.0	0.0
H1ad	2	1.2869	-1.2245	3.8427	very_low	1.2869	0.0	3.8427	rho_fallback_no_desc	0.0	0.0
H1ae	11	6.427	4.6545	8.219	medium	6.427	4.6545	8.219	rho_direct	0.0	0.0
H1ae1	2	1.2869	-1.2245	3.8427	very_low	1.2869	0.0	3.8427	rho_fallback_no_desc	0.0	0.0
H1ae2	5	4.6866	2.1681	7.2462	low	5.1611	2.9966	7.3571	single_child_interpolation	0.4744999999999999	10.124610591900309
H1ae2a	2	3.8953	1.3387	6.4951	very_low	3.8953	1.3387	6.4951	rho_fallback_no_desc	0.0	0.0
H1ae3	3	4.3344	2.6202	6.0677	low	3.8569	2.3272	6.0309	single_child_interpolation	-0.4774999999999996	11.016519010705048
H1ae3a	2	1.2869	-1.2245	3.8427	very_low	1.2869	0.0	3.8427	rho_fallback_no_desc	0.0	0.0
H1af	9	6.1033	3.8139	8.4255	low	6.1033	3.8139	8.4255	rho_fallback_no_desc	0.0	0.0
H1af1	6	5.2164	3.3289	7.1266	low	5.2164	3.3289	7.1266	rho_fallback_no_desc	0.0	0.0
H1af1a	2	1.2869	-1.2245	3.8427	very_low	1.2869	0.0	3.8427	rho_fallback_no_desc	0.0	0.0
H1af1b	2	3.8953	1.3387	6.4951	very_low	3.8953	1.3387	6.4951	rho_fallback_no_desc	0.0	0.0
H1af2	1	2.5854			no_ci	2.5854	0.0		rho_fallback_no_desc	0.0	0.0
H1ag	15	8.7931	7.2731	10.3266	low	8.7931	7.2731	10.3266	rho_direct	0.0	0.0
H1ag1	6	4.3344	1.4769	7.2454	low	4.3344	1.4769	7.2454	rho_fallback_no_desc	0.0	0.0
H1ag1a	2	1.2869	-1.2245	3.8427	very_low	1.2869	0.0	3.8427	rho_fallback_no_desc	0.0	0.0
H1ag1b	2	3.8953	1.3387	6.4951	very_low	3.8953	1.3387	6.4951	rho_fallback_no_desc	0.0	0.0
H1ag2	7	2.5854	2.5854	2.5854	low	2.5854	2.5854	2.5854	rho_fallback_no_desc	0.0	0.0
H1ah	7	8.2774	5.3715	11.2339	low	8.2774	5.3715	11.2339	rho_fallback_no_desc	0.0	0.0
H1ah1	2	2.5854	2.5854	2.5854	very_low	2.5854	2.5854	2.5854	rho_fallback_no_desc	0.0	0.0
H1ah2	2	2.5854	-2.4381	7.7838	very_low	2.5854	0.0	7.7838	rho_fallback_no_desc	0.0	0.0
H1ai	3	7.8917	0.0155	16.1546	low	7.598	4.8379	11.8188	single_child_interpolation	-0.2937000000000003	3.721631587617374
H1ai1	3	5.2164	-2.5235	13.3537	low	5.2164	0.0	13.3537	rho_fallback_no_desc	0.0	0.0
H1aj	5	12.8151	5.7868	20.1177	low	12.3728	8.1925	16.7273	single_child_interpolation	-0.44229999999999947	3.4513971798893457
H1aj1	2	14.766	6.7092	23.1707	very_low	8.134	4.0963	14.2735	single_child_interpolation	-6.632	44.91399160232967
H1aj1a	2	3.8953	-3.6406	11.8196	very_low	3.8953	0.0	11.8196	rho_fallback_no_desc	0.0	0.0
H1ak	12	5.8811	3.5693	8.2265	medium	5.8811	3.5693	8.2265	rho_direct	0.0	0.0
H1ak1	4	7.2188	3.9397	10.5639	low	7.2188	3.9397	10.5639	rho_fallback_no_desc	0.0	0.0
H1ak2	2	1.2869	-1.2245	3.8427	very_low	1.2869	0.0	3.8427	rho_fallback_no_desc	0.0	0.0
H1am	3	2.5854	-0.3368	5.566	low	5.6333	4.8379	7.0633	single_child_interpolation	3.0479000000000003	117.88891467471186
H1am1	2	1.2869	-1.2245	3.8427	very_low	1.2869	0.0	3.8427	rho_fallback_no_desc	0.0	0.0
H1an	4	7.2188	5.9077	8.5402	low	7.2188	5.9077	8.5402	rho_fallback_no_desc	0.0	0.0
H1an1	3	4.3344	2.6202	6.0677	low	4.2529	2.9539	6.1915	single_child_interpolation	-0.08149999999999924	1.8803063861203222
H1an1a	2	1.2869	-1.2245	3.8427	very_low	1.2869	0.0	3.8427	rho_fallback_no_desc	0.0	0.0
H1an2	1	2.5854			no_ci	2.5854	0.0		rho_fallback_no_desc	0.0	0.0
H1ao	6	5.2164	2.9078	7.559	low	6.644	5.484	7.8201	single_child_interpolation	1.4276	27.36753316463461
H1ao1	2	5.2164	5.2164	5.2164	very_low	5.2164	5.2164	5.2164	rho_fallback_no_desc	0.0	0.0
H1ap	4	11.2963	7.9371	14.7188	low	6.6093	4.8595	8.3937	single_child_interpolation	-4.687	41.49146180607809
H1ap1	4	3.2389	0.0432	6.5035	low	3.2389	0.0432	6.5035	rho_fallback_no_desc	0.0	0.0
H1aq	5	5.7479	3.8075	7.712	low	5.6333	4.8379	7.0633	single_child_interpolation	-0.11459999999999937	1.993771638337469
H1aq1	2	1.2869	-1.2245	3.8427	very_low	1.2869	0.0	3.8427	rho_fallback_no_desc	0.0	0.0
H1ar	3	6.995	5.2518	8.7569	low	5.6333	4.8379	7.0633	single_child_interpolation	-1.3617	19.46676197283774
H1ar1	2	1.2869	-1.2245	3.8427	very_low	1.2869	0.0	3.8427	rho_fallback_no_desc	0.0	0.0
H1as	6	6.995	2.8288	11.2691	low	6.995	2.8288	11.2691	rho_fallback_no_desc	0.0	0.0
H1as1	3	6.1033	4.3696	7.8557	low	5.4451	2.0838	8.8821	single_child_interpolation	-0.6581999999999999	10.784329788802777
H1as1a	2	3.8953	1.3387	6.4951	very_low	3.8953	1.3387	6.4951	rho_fallback_no_desc	0.0	0.0
H1as2	2	1.2869	-1.2245	3.8427	very_low	1.2869	0.0	3.8427	rho_fallback_no_desc	0.0	0.0
H1at	8	5.2164	3.8326	6.6123	low	6.2825	5.346	7.2276	single_child_interpolation	1.0660999999999996	20.437466451959196
H1at1	7	2.5854	1.0161	4.1714	low	3.7847	2.673	5.5352	single_child_interpolation	1.1993	46.387406204069
H1at1a	2	1.2869	-1.2245	3.8427	very_low	1.2869	0.0	3.8427	rho_fallback_no_desc	0.0	0.0
H1au	6	8.7931	5.5581	12.0901	low	8.2641	5.8736	10.7178	single_child_interpolation	-0.5290000000000017	6.016080790619937
H1au1	4	6.5486	2.0714	11.1517	low	6.5486	2.0714	11.1517	rho_fallback_no_desc	0.0	0.0
H1au1a	2	3.8953	-3.6406	11.8196	very_low	3.8953	0.0	11.8196	rho_fallback_no_desc	0.0	0.0
H1au1b	2	3.8953	-3.6406	11.8196	very_low	3.8953	0.0	11.8196	rho_fallback_no_desc	0.0	0.0
H1av	6	4.7748	2.7071	6.87	low	6.6093	5.2384	8.0003	single_child_interpolation	1.8345000000000002	38.42045740135713
H1av1	4	3.2389	0.801	5.7167	low	3.9481	2.6192	5.9215	single_child_interpolation	0.7092	21.896322825650685
H1av1a	2	1.2869	-1.2245	3.8427	very_low	1.2869	0.0	3.8427	rho_fallback_no_desc	0.0	0.0
H1aw	5	5.2164	2.9078	7.559	low	6.2825	4.8379	7.9249	single_child_interpolation	1.0660999999999996	20.437466451959196
H1aw1	3	2.5854	-0.3368	5.566	low	2.5854	0.0	5.566	rho_fallback_no_desc	0.0	0.0
H1ax	4	7.8917	5.7475	10.0635	low	8.2641	6.8118	9.7375	single_child_interpolation	0.37239999999999895	4.718881863223373
H1ax1	2	6.5486	3.9479	9.1912	very_low	6.5486	3.9479	9.1912	rho_fallback_no_desc	0.0	0.0
H1ay	0				no_ci		0.0		rho_fallback_no_desc		
H1az	5	2.5854	-0.6126	5.8534	low	2.5854	0.0	5.8534	rho_fallback_no_desc	0.0	0.0
H1b	110	7.5243	6.8883	8.1627	high	7.5243	6.8883	8.1627	rho_direct	0.0	0.0
H1b1	51	6.3651	5.4964	7.2383	high	6.3651	5.4964	7.2383	rho_direct	0.0	0.0
H1b1_T16362C	19	4.1031	2.9686	5.246	medium	4.1031	2.9686	5.246	rho_direct	0.0	0.0
H1b1a	5	1.5457	0.3076	2.7945	low	1.5457	0.3076	2.7945	rho_fallback_no_desc	0.0	0.0
H1b1b	3	2.5854	-0.3368	5.566	low	2.5854	0.0	5.566	rho_fallback_no_desc	0.0	0.0
H1b1c	2	2.5854	2.5854	2.5854	very_low	2.5854	2.5854	2.5854	rho_fallback_no_desc	0.0	0.0
H1b1d	2	0.0	0.0	0.0	very_low	0.0	0.0	0.0	rho_fallback_no_desc	0.0	
H1b1e	6	3.8953	1.021	6.8242	low	5.1302	2.7482	9.529	single_child_interpolation	1.2349	31.702307909532003
H1b1e1	2	3.8953	-3.6406	11.8196	very_low	3.8953	0.0	11.8196	rho_fallback_no_desc	0.0	0.0
H1b1f	7	1.842	0.3959	3.3026	low	1.842	0.3959	3.3026	rho_fallback_no_desc	0.0	0.0
H1b1g	1	2.5854			no_ci	2.5854	0.0		rho_fallback_no_desc	0.0	0.0
H1b1h	2	1.2869	-1.2245	3.8427	very_low	1.2869	0.0	3.8427	rho_fallback_no_desc	0.0	0.0
H1b1i	3	2.5854	-2.4381	7.7838	low	2.5854	0.0	7.7838	rho_fallback_no_desc	0.0	0.0
H1b2	10	5.2164	3.0389	7.4241	medium	4.6214	3.4613	5.7926	single_child_interpolation	-0.5949999999999998	11.406333870101982
H1b2a	3	1.7185	0.0342	3.4224	low	2.3107	1.7306	2.8963	single_child_interpolation	0.5922000000000003	34.460285132382914
H1b2a1	2	0.0	0.0	0.0	very_low	0.0	0.0	0.0	rho_fallback_no_desc	0.0	
H1b3	2	2.5854	2.5854	2.5854	very_low	2.5854	2.5854	2.5854	rho_fallback_no_desc	0.0	0.0
H1b4	2	1.2869	-1.2245	3.8427	very_low	1.2869	0.0	3.8427	rho_fallback_no_desc	0.0	0.0
H1b5	6	3.4574	1.3049	5.6408	low	3.4574	1.3049	5.6408	rho_fallback_no_desc	0.0	0.0
H1ba	12	5.2164	4.1115	6.329	medium	7.598	7.4461	7.7501	single_child_interpolation	2.3815999999999997	45.65600797484855
H1ba1	2	5.2164	5.2164	5.2164	very_low	5.2164	5.2164	5.2164	rho_fallback_no_desc	0.0	0.0
H1bb	3	2.5854	-0.3368	5.566	low	2.5854	0.0	5.566	rho_fallback_no_desc	0.0	0.0
H1bc	1	0.0			no_ci	0.0	0.0		rho_fallback_no_desc	0.0	
H1bd	2	6.5486	3.9479	9.1912	very_low	6.5486	3.9479	9.1912	rho_fallback_no_desc	0.0	0.0
H1be	2	1.2869	-1.2245	3.8427	very_low	1.2869	0.0	3.8427	rho_fallback_no_desc	0.0	0.0
H1bf	3	6.1033	1.5581	10.7797	low	4.4308	2.9192	6.5859	single_child_interpolation	-1.6725000000000003	27.40320810053578
H1bf1	2	1.2869	-1.2245	3.8427	very_low	1.2869	0.0	3.8427	rho_fallback_no_desc	0.0	0.0
H1bg	2	5.2164	0.1025	10.5005	very_low	5.2164	0.1025	10.5005	rho_fallback_no_desc	0.0	0.0
H1bh	2	3.8953	1.3387	6.4951	very_low	3.8953	1.3387	6.4951	rho_fallback_no_desc	0.0	0.0
H1bi	2	2.5854	-2.4381	7.7838	very_low	2.5854	0.0	7.7838	rho_fallback_no_desc	0.0	0.0
H1bj	1	2.5854			no_ci	2.5854	0.0		rho_fallback_no_desc	0.0	0.0
H1bk	3	0.8567	-0.8175	2.5507	low	0.8567	0.0	2.5507	rho_fallback_no_desc	0.0	0.0
H1bm	3	2.5854	-0.3368	5.566	low	2.5854	0.0	5.566	rho_fallback_no_desc	0.0	0.0
H1bn	3	6.1033	4.3696	7.8557	low	6.1033	4.3696	7.8557	rho_fallback_no_desc	0.0	0.0
H1bo	2	7.8917	-2.3374	18.7838	very_low	7.8917	0.0	18.7838	rho_fallback_no_desc	0.0	0.0
H1bp	3	6.1033	4.3696	7.8557	low	6.1033	4.3696	7.8557	rho_fallback_no_desc	0.0	0.0
H1bq	1	10.6101			no_ci	10.6101	0.0		rho_fallback_no_desc	0.0	0.0
H1br	2	5.2164	5.2164	5.2164	very_low	5.2164	5.2164	5.2164	rho_fallback_no_desc	0.0	0.0
H1bs	2	7.8917	2.6898	13.2593	very_low	7.8917	2.6898	13.2593	rho_fallback_no_desc	0.0	0.0
H1bt	2	6.5486	3.9479	9.1912	very_low	5.6333	4.8379	7.0633	single_child_interpolation	-0.9153000000000002	13.977033259017196
H1bt1	2	1.2869	-1.2245	3.8427	very_low	1.2869	0.0	3.8427	rho_fallback_no_desc	0.0	0.0
H1bu	1	0.0			no_ci	0.0	0.0		rho_fallback_no_desc	0.0	
H1bv	4	6.5486	5.0419	8.0692	low	5.8491	4.855	6.8531	single_child_interpolation	-0.6995000000000005	10.681672418532212
H1bv1	3	1.7185	0.0342	3.4224	low	1.7185	0.0342	3.4224	rho_fallback_no_desc	0.0	0.0
H1bw	4	2.5854	-0.3368	5.566	low	2.5854	0.0	5.566	rho_fallback_no_desc	0.0	0.0
H1bx	2	1.2869	-1.2245	3.8427	very_low	1.2869	0.0	3.8427	rho_fallback_no_desc	0.0	0.0
H1bz	2	5.2164	0.1025	10.5005	very_low	5.2164	0.1025	10.5005	rho_fallback_no_desc	0.0	0.0
H1c	141	6.8429	6.1434	7.5454	high	6.8429	6.1434	7.5454	rho_direct	0.0	0.0
H1c1	30	3.8076	2.8001	4.8218	medium	3.8076	2.8001	4.8218	rho_direct	0.0	0.0
H1c10	1	2.5854			no_ci	2.5854	0.0		rho_fallback_no_desc	0.0	0.0
H1c11	4	1.2869	-0.1685	2.7572	low	1.2869	0.0	2.7572	rho_fallback_no_desc	0.0	0.0
H1c12	2	1.2869	-1.2245	3.8427	very_low	1.2869	0.0	3.8427	rho_fallback_no_desc	0.0	0.0
H1c13	2	2.5854	-2.4381	7.7838	very_low	2.5854	0.0	7.7838	rho_fallback_no_desc	0.0	0.0
H1c14	1	5.2164			no_ci	5.2164	0.0		rho_fallback_no_desc	0.0	0.0
H1c15	0				no_ci		0.0		rho_fallback_no_desc		
H1c16	2	3.8953	1.3387	6.4951	very_low	3.8953	1.3387	6.4951	rho_fallback_no_desc	0.0	0.0
H1c17	2	1.2869	-1.2245	3.8427	very_low	1.2869	0.0	3.8427	rho_fallback_no_desc	0.0	0.0
H1c18	2	1.2869	-1.2245	3.8427	very_low	1.2869	0.0	3.8427	rho_fallback_no_desc	0.0	0.0
H1c19	2	1.2869	-1.2245	3.8427	very_low	1.2869	0.0	3.8427	rho_fallback_no_desc	0.0	0.0
H1c1_T16093C	6	2.1513	0.5931	3.7261	low	2.3321	1.4001	3.6862	single_child_interpolation	0.18080000000000007	8.40422070376052
H1c1a	6	3.0208	0.5937	5.4875	low	3.8514	2.0694	5.6585	single_child_interpolation	0.8306	27.49602754237288
H1c1a1	2	3.8953	1.3387	6.4951	very_low	3.8953	1.3387	6.4951	rho_fallback_no_desc	0.0	0.0
H1c1b	2	5.2164	5.2164	5.2164	very_low	5.2164	5.2164	5.2164	rho_fallback_no_desc	0.0	0.0
H1c1c	2	1.2869	-1.2245	3.8427	very_low	1.2869	0.0	3.8427	rho_fallback_no_desc	0.0	0.0
H1c1d	3	0.8567	-0.8175	2.5507	low	0.8567	0.0	2.5507	rho_fallback_no_desc	0.0	0.0
H1c2	7	2.5854	-0.3368	5.566	low	5.3691	3.0717	9.6825	single_child_interpolation	2.7837000000000005	107.66999303782782
H1c20	3	4.3344	2.6202	6.0677	low	4.3344	2.6202	6.0677	rho_fallback_no_desc	0.0	0.0
H1c21	0				no_ci		0.0		rho_fallback_no_desc		
H1c22	4	1.2869	-1.2245	3.8427	low	1.2869	0.0	3.8427	rho_fallback_no_desc	0.0	0.0
H1c2a	2	3.8953	-3.6406	11.8196	very_low	3.8953	0.0	11.8196	rho_fallback_no_desc	0.0	0.0
H1c3	17	7.7331	6.1415	9.3399	low	7.7331	6.1415	9.3399	rho_direct	0.0	0.0
H1c3a	5	3.108	0.6158	5.642	low	3.108	0.6158	5.642	rho_fallback_no_desc	0.0	0.0
H1c3b	4	3.2389	0.801	5.7167	low	3.2389	0.801	5.7167	rho_fallback_no_desc	0.0	0.0
H1c4	9	5.5115	3.4982	7.5504	low	5.5115	3.4982	7.5504	rho_fallback_no_desc	0.0	0.0
H1c4a	3	3.4574	1.7531	5.181	low	3.3992	1.7491	5.6965	single_child_interpolation	-0.05819999999999981	1.6833458668363455
H1c4a1	2	1.2869	-1.2245	3.8427	very_low	1.2869	0.0	3.8427	rho_fallback_no_desc	0.0	0.0
H1c4b	4	3.8953	0.603	7.2595	low	3.3992	1.7491	5.6965	single_child_interpolation	-0.4961000000000002	12.735861166020593
H1c4b1	2	1.2869	-1.2245	3.8427	very_low	1.2869	0.0	3.8427	rho_fallback_no_desc	0.0	0.0
H1c5	4	3.8953	1.3387	6.4951	low	4.7142	4.3644	5.0654	single_child_interpolation	0.8188999999999997	21.02277103175621
H1c5a	2	2.5854	2.5854	2.5854	very_low	2.5854	2.5854	2.5854	rho_fallback_no_desc	0.0	0.0
H1c6	3	0.8567	-0.8175	2.5507	low	0.8567	0.0	2.5507	rho_fallback_no_desc	0.0	0.0
H1c7	2	1.2869	-1.2245	3.8427	very_low	1.2869	0.0	3.8427	rho_fallback_no_desc	0.0	0.0
H1c8	2	2.5854	-2.4381	7.7838	very_low	2.5854	0.0	7.7838	rho_fallback_no_desc	0.0	0.0
H1c9	3	4.3344	0.9254	7.8198	low	3.4049	0.9316	7.2031	single_child_interpolation	-0.9294999999999995	21.444721299372453
H1c9a	2	2.5854	-2.4381	7.7838	very_low	2.5854	0.0	7.7838	rho_fallback_no_desc	0.0	0.0
H1c_T152C!	8	4.2245	1.8632	6.6223	low	5.1239	3.5375	7.3742	single_child_interpolation	0.8994	21.29009350218961
H1ca	8	3.5668	1.6494	5.5085	low	3.5668	1.6494	5.5085	rho_fallback_no_desc	0.0	0.0
H1cc	1	0.0			no_ci	0.0	0.0		rho_fallback_no_desc	0.0	
H1cd	2	0.0	0.0	0.0	very_low	0.0	0.0	0.0	rho_fallback_no_desc	0.0	
H1cf	2	2.5854	-2.4381	7.7838	very_low	2.5854	0.0	7.7838	rho_fallback_no_desc	0.0	0.0
H1cg	2	1.2869	-1.2245	3.8427	very_low	1.2869	0.0	3.8427	rho_fallback_no_desc	0.0	0.0
H1ch	2	3.8953	-3.6406	11.8196	very_low	3.8953	0.0	11.8196	rho_fallback_no_desc	0.0	0.0
H1ci	2	5.2164	5.2164	5.2164	very_low	5.2164	5.2164	5.2164	rho_fallback_no_desc	0.0	0.0
H1cj	2	2.5854	-2.4381	7.7838	very_low	2.5854	0.0	7.7838	rho_fallback_no_desc	0.0	0.0
H1ck	3	4.3344	0.9254	7.8198	low	4.3344	0.9254	7.8198	rho_fallback_no_desc	0.0	0.0
H1d	4	0.0	0.0	0.0	low	0.0	0.0	0.0	rho_fallback_no_desc	0.0	
H1e	115	10.6339	9.5128	11.7621	low	10.6339	9.5128	11.7621	rho_direct	0.0	0.0
H1e1	66	10.7762	9.4041	12.1588	low	10.7762	9.4041	12.1588	rho_direct	0.0	0.0
H1e1a	40	7.8917	5.8829	9.9246	medium	7.8917	5.8829	9.9246	rho_direct	0.0	0.0
H1e1a1	3	2.5854	-0.3368	5.566	low	2.5854	0.0	5.566	rho_fallback_no_desc	0.0	0.0
H1e1a2	1	7.8917			no_ci	7.8917	0.0		rho_fallback_no_desc	0.0	0.0
H1e1a3	2	3.8953	1.3387	6.4951	very_low	3.8953	1.3387	6.4951	rho_fallback_no_desc	0.0	0.0
H1e1a4	2	1.2869	-1.2245	3.8427	very_low	1.2869	0.0	3.8427	rho_fallback_no_desc	0.0	0.0
H1e1a5	2	6.5486	3.9479	9.1912	very_low	6.5486	3.9479	9.1912	rho_fallback_no_desc	0.0	0.0
H1e1a6	2	2.5854	-2.4381	7.7838	very_low	2.5854	0.0	7.7838	rho_fallback_no_desc	0.0	0.0
H1e1a7	4	1.9348	-0.4816	4.3914	low	1.9348	0.0	4.3914	rho_fallback_no_desc	0.0	0.0
H1e1a8	3	4.3344	-0.1585	8.961	low	4.3344	0.0	8.961	rho_fallback_no_desc	0.0	0.0
H1e1a9	5	3.6324	1.5872	5.7053	low	3.6324	1.5872	5.7053	rho_fallback_no_desc	0.0	0.0
H1e1a_C16278T!	4	9.2456	5.8407	12.7186	low	6.113	2.9414	9.4428	single_child_interpolation	-3.132599999999999	33.88206281907068
H1e1b	13	8.3071	5.7224	10.9317	low	8.6016	6.5427	10.6892	single_child_interpolation	0.2944999999999993	3.5451601641968837
H1e1b1	11	6.427	3.6814	9.2196	medium	6.427	3.6814	9.2196	rho_direct	0.0	0.0
H1e1b1a	2	6.5486	-6.0121	20.1597	very_low	6.5486	0.0	20.1597	rho_fallback_no_desc	0.0	0.0
H1e1b1b	2	2.5854	-2.4381	7.7838	very_low	2.5854	0.0	7.7838	rho_fallback_no_desc	0.0	0.0
H1e1c	2	6.5486	-1.1229	14.598	very_low	6.5486	0.0	14.598	rho_fallback_no_desc	0.0	0.0
H1e1d	9	3.7492	2.0181	5.5	low	3.7492	2.0181	5.5	rho_fallback_no_desc	0.0	0.0
H1e2	17	4.1276	2.8005	5.4662	medium	4.1276	2.8005	5.4662	rho_direct	0.0	0.0
H1e2a	2	2.5854	2.5854	2.5854	very_low	2.5854	2.5854	2.5854	rho_fallback_no_desc	0.0	0.0
H1e2b	2	1.2869	-1.2245	3.8427	very_low	1.2869	0.0	3.8427	rho_fallback_no_desc	0.0	0.0
H1e2c	4	2.5854	-0.9854	6.2437	low	2.5854	0.0	6.2437	rho_fallback_no_desc	0.0	0.0
H1e2d	2	2.5854	2.5854	2.5854	very_low	2.5854	2.5854	2.5854	rho_fallback_no_desc	0.0	0.0
H1e3	2	1.2869	-1.2245	3.8427	very_low	1.2869	0.0	3.8427	rho_fallback_no_desc	0.0	0.0
H1e4	4	2.5854	0.513	4.687	low	5.9604	4.7564	7.8024	single_child_interpolation	3.375	130.5407287073567
H1e4a	2	1.2869	-1.2245	3.8427	very_low	1.2869	0.0	3.8427	rho_fallback_no_desc	0.0	0.0
H1e5	5	10.063	5.519	14.727	low	10.063	5.519	14.727	rho_fallback_no_desc	0.0	0.0
H1e5a	3	10.6101	7.5371	13.7368	low	6.3242	2.7595	10.1465	single_child_interpolation	-4.285899999999999	40.394529740530245
H1e5a1	3	2.5854	-0.3368	5.566	low	2.5854	0.0	5.566	rho_fallback_no_desc	0.0	0.0
H1e5b	2	2.5854	-2.4381	7.7838	very_low	2.5854	0.0	7.7838	rho_fallback_no_desc	0.0	0.0
H1e6	1	7.8917			no_ci	7.8917	0.0		rho_fallback_no_desc	0.0	0.0
H1e7	2	5.2164	0.1025	10.5005	very_low	5.2164	0.1025	10.5005	rho_fallback_no_desc	0.0	0.0
H1e8	3	6.1033	-1.312	13.8749	low	8.5913	4.7564	13.18	single_child_interpolation	2.4880000000000004	40.76483213998985
H1e8a	2	6.5486	-1.1229	14.598	very_low	6.5486	0.0	14.598	rho_fallback_no_desc	0.0	0.0
H1e_G16129A!	3	7.8917	4.8676	10.971	low	5.9604	4.7564	7.8024	single_child_interpolation	-1.9313000000000002	24.472547106453618
H1f	13	5.2164	3.9052	6.5385	medium	6.4186	5.6311	7.2104	single_child_interpolation	1.2021999999999995	23.046545510313614
H1f1	11	0.9348	-0.0891	1.9661	medium		1.2469		single_child_interpolation		
H1f1a	0				no_ci		0.0		rho_fallback_no_desc		
H1f_T16093C	12	3.4574	2.4937	4.4273	medium		3.439		single_child_interpolation		
H1g	6	5.2164	3.8793	6.5648	low	5.2164	3.8793	6.5648	rho_fallback_no_desc	0.0	0.0
H1g1	4	2.5854	0.513	4.687	low	2.5854	0.513	4.687	rho_fallback_no_desc	0.0	0.0
H1g2	1	2.5854			no_ci	2.5854	0.0		rho_fallback_no_desc	0.0	0.0
H1h	6	7.4428	5.8304	9.0708	low	7.4428	5.8304	9.0708	rho_fallback_no_desc	0.0	0.0
H1h1	5	4.6866	2.7593	6.6378	low	4.6866	2.7593	6.6378	rho_fallback_no_desc	0.0	0.0
H1h2	1	0.0			no_ci	0.0	0.0		rho_fallback_no_desc	0.0	
H1i	8	5.8811	4.2529	7.5259	low	5.8811	4.2529	7.5259	rho_fallback_no_desc	0.0	0.0
H1i1	2	2.5854	-2.4381	7.7838	very_low	2.5854	0.0	7.7838	rho_fallback_no_desc	0.0	0.0
H1i2	4	3.8953	2.4139	5.3911	low	3.584	2.1264	5.6843	single_child_interpolation	-0.31130000000000013	7.991682283777888
H1i2a	2	1.2869	-1.2245	3.8427	very_low	1.2869	0.0	3.8427	rho_fallback_no_desc	0.0	0.0
H1j	37	8.8419	7.174	10.5262	low	8.8419	7.174	10.5262	rho_direct	0.0	0.0
H1j1	13	5.0124	3.4142	6.6269	medium	5.0124	3.4142	6.6269	rho_direct	0.0	0.0
H1j1a	6	3.4574	1.7531	5.181	low	3.4574	1.7531	5.181	rho_fallback_no_desc	0.0	0.0
H1j1a1	2	1.2869	-1.2245	3.8427	very_low	1.2869	0.0	3.8427	rho_fallback_no_desc	0.0	0.0
H1j1a2	2	1.2869	-1.2245	3.8427	very_low	1.2869	0.0	3.8427	rho_fallback_no_desc	0.0	0.0
H1j1b	2	1.2869	-1.2245	3.8427	very_low	1.2869	0.0	3.8427	rho_fallback_no_desc	0.0	0.0
H1j1c	2	2.5854	-2.4381	7.7838	very_low	2.5854	0.0	7.7838	rho_fallback_no_desc	0.0	0.0
H1j2	8	7.8917	5.2695	10.5553	low	7.0291	4.5678	9.5327	single_child_interpolation	-0.8626000000000005	10.93047125460928
H1j2a	6	5.2164	1.9617	8.5391	low	5.2164	1.9617	8.5391	rho_fallback_no_desc	0.0	0.0
H1j3	3	0.8567	-0.8175	2.5507	low	0.8567	0.0	2.5507	rho_fallback_no_desc	0.0	0.0
H1j4	2	2.5854	2.5854	2.5854	very_low	2.5854	2.5854	2.5854	rho_fallback_no_desc	0.0	0.0
H1j5	2	2.5854	-2.4381	7.7838	very_low	2.5854	0.0	7.7838	rho_fallback_no_desc	0.0	0.0
H1j6	1	0.0			no_ci	0.0	0.0		rho_fallback_no_desc	0.0	
H1j7	1	2.5854			no_ci	2.5854	0.0		rho_fallback_no_desc	0.0	0.0
H1j8	2	6.5486	3.9479	9.1912	very_low	6.5486	3.9479	9.1912	rho_fallback_no_desc	0.0	0.0
H1j9	1	2.5854			no_ci	2.5854	0.0		rho_fallback_no_desc	0.0	0.0
H1k	3	8.7931	7.0308	10.5736	low	6.4186	5.2608	7.5872	single_child_interpolation	-2.374500000000001	27.004128236913044
H1k1	3	3.4574	1.7531	5.181	low	3.8528	2.6304	5.7149	single_child_interpolation	0.3954	11.436339445826343
H1k1a	2	1.2869	-1.2245	3.8427	very_low	1.2869	0.0	3.8427	rho_fallback_no_desc	0.0	0.0
H1l	13	5.4206	4.7094	6.135	medium	5.4206	4.7094	6.135	rho_direct	0.0	0.0
H1m	5	8.9739	5.8118	12.195	low	6.9375	5.5072	8.3895	single_child_interpolation	-2.0364000000000004	22.69247484371344
H1m1	2	3.8953	1.3387	6.4951	very_low	3.8953	1.3387	6.4951	rho_fallback_no_desc	0.0	0.0
H1n	24	10.268	8.3614	12.1952	low	10.268	8.3614	12.1952	rho_direct	0.0	0.0
H1n1	7	7.1228	4.9248	9.3505	low	7.1228	4.9248	9.3505	rho_fallback_no_desc	0.0	0.0
H1n1a	2	6.5486	-1.1229	14.598	very_low	6.5486	0.0	14.598	rho_fallback_no_desc	0.0	0.0
H1n1b	3	0.8567	-0.8175	2.5507	low	0.8567	0.0	2.5507	rho_fallback_no_desc	0.0	0.0
H1n2	2	6.5486	-1.1229	14.598	very_low	6.5486	0.0	14.598	rho_fallback_no_desc	0.0	0.0
H1n3	1	5.2164			no_ci	5.2164	0.0		rho_fallback_no_desc	0.0	0.0
H1n4	6	2.1513	-0.5886	4.943	low	2.1513	0.0	4.943	rho_fallback_no_desc	0.0	0.0
H1n5	1	0.0			no_ci	0.0	0.0		rho_fallback_no_desc	0.0	
H1n6	3	6.1033	1.5581	10.7797	low	6.1033	1.5581	10.7797	rho_fallback_no_desc	0.0	0.0
H1n_T146C!	21	6.995	5.0417	8.9717	medium	6.995	5.0417	8.9717	rho_direct	0.0	0.0
H1n_T146C!_T195C!	2	5.2164	0.1025	10.5005	very_low	3.4975	2.5208		single_child_interpolation	-1.7189	32.95184418372824
H1o	2	2.5854	2.5854	2.5854	very_low	2.5854	2.5854	2.5854	rho_fallback_no_desc	0.0	0.0
H1p	2	2.5854	-2.4381	7.7838	very_low	2.5854	0.0	7.7838	rho_fallback_no_desc	0.0	0.0
H1q	15	6.6378	4.6111	8.6898	medium	6.6378	4.6111	8.6898	rho_direct	0.0	0.0
H1q1	5	3.108	2.0855	4.1375	low	3.9624	2.3056	6.2663	single_child_interpolation	0.8544	27.49034749034749
H1q1a	2	1.2869	-1.2245	3.8427	very_low	1.2869	0.0	3.8427	rho_fallback_no_desc	0.0	0.0
H1q2	3	3.4574	-1.009	8.0587	low	3.4574	0.0	8.0587	rho_fallback_no_desc	0.0	0.0
H1q3	2	6.5486	-1.1229	14.598	very_low	6.5486	0.0	14.598	rho_fallback_no_desc	0.0	0.0
H1r	4	4.5544	2.0951	7.053	low	5.6333	4.8379	7.0633	single_child_interpolation	1.0789	23.689179694361496
H1r1	2	1.2869	-1.2245	3.8427	very_low	1.2869	0.0	3.8427	rho_fallback_no_desc	0.0	0.0
H1s	3	3.4574	-1.009	8.0587	low	7.598	4.8379		single_child_interpolation	4.1406	119.76051368080061
H1s1	1	5.2164			no_ci	5.2164	0.0		rho_fallback_no_desc	0.0	0.0
H1t	14	5.9763	4.3939	7.5743	medium	5.9763	4.3939	7.5743	rho_direct	0.0	0.0
H1t1	8	4.8851	3.0773	6.7138	low	4.4674	3.0108	5.9378	single_child_interpolation	-0.41770000000000085	8.550490266320052
H1t1a	7	2.9585	1.6277	4.3012	low	3.5264	2.7981	4.2616	single_child_interpolation	0.5679000000000003	19.195538279533558
H1t1a1	2	2.5854	2.5854	2.5854	very_low	2.5854	2.5854	2.5854	rho_fallback_no_desc	0.0	0.0
H1t2	3	2.5854	-0.3368	5.566	low	2.5854	0.0	5.566	rho_fallback_no_desc	0.0	0.0
H1u	17	10.2881	8.4659	12.1291	low	10.2881	8.4659	12.1291	rho_direct	0.0	0.0
H1u1	3	1.7185	-1.6302	5.1456	low	1.7185	0.0	5.1456	rho_fallback_no_desc	0.0	0.0
H1u2	3	6.995	5.2518	8.7569	low	6.995	5.2518	8.7569	rho_fallback_no_desc	0.0	0.0
H1u3	5	5.2164	5.2164	5.2164	low	5.2164	5.2164	5.2164	rho_fallback_no_desc	0.0	0.0
H1u4	4	3.2389	1.9607	4.528	low	3.2389	1.9607	4.528	rho_fallback_no_desc	0.0	0.0
H1v	11	4.4944	3.4883	5.507	medium	6.2825	6.1306	6.4346	single_child_interpolation	1.7881	39.78506585973656
H1v1	3	2.5854	2.5854	2.5854	low	2.5854	2.5854	2.5854	rho_fallback_no_desc	0.0	0.0
H1v1a	1	0.0			no_ci	0.0	0.0		rho_fallback_no_desc	0.0	
H1v1b	1	0.0			no_ci	0.0	0.0		rho_fallback_no_desc	0.0	
H1w	2	1.2869	-1.2245	3.8427	very_low	1.2869	0.0	3.8427	rho_fallback_no_desc	0.0	0.0
H1x	2	1.2869	-1.2245	3.8427	very_low	1.2869	0.0	3.8427	rho_fallback_no_desc	0.0	0.0
H1y	3	2.5854	-0.3368	5.566	low	2.5854	0.0	5.566	rho_fallback_no_desc	0.0	0.0
H1z	5	7.8917	5.0214	10.8117	low	7.2981	6.9924	7.6049	single_child_interpolation	-0.5936000000000003	7.52182672934856
H1z1	2	5.2164	5.2164	5.2164	very_low	5.2164	5.2164	5.2164	rho_fallback_no_desc	0.0	0.0
H2	277	12.0997	11.3074	12.8955	high	12.0997	11.3074	12.8955	rho_direct	0.0	0.0
H20	22	9.3692	7.8984	10.8525	medium	9.3692	7.8984	10.8525	rho_direct	0.0	0.0
H20a	8	7.8917	5.9056	9.9014	low	7.8917	5.9056	9.9014	rho_fallback_no_desc	0.0	0.0
H20a1	2	7.8917	2.6898	13.2593	very_low	5.2386	2.9528	8.8426	single_child_interpolation	-2.6531000000000002	33.61886539022011
H20a1a	2	2.5854	-2.4381	7.7838	very_low	2.5854	0.0	7.7838	rho_fallback_no_desc	0.0	0.0
H20a2	2	6.5486	-1.1229	14.598	very_low	6.5486	0.0	14.598	rho_fallback_no_desc	0.0	0.0
H20a3	3	0.0	0.0	0.0	low	0.0	0.0	0.0	rho_fallback_no_desc	0.0	
H20b	2	1.2869	-1.2245	3.8427	very_low	1.2869	0.0	3.8427	rho_fallback_no_desc	0.0	0.0
H20c	12	4.9954	3.3793	6.6283	medium	4.9954	3.3793	6.6283	rho_direct	0.0	0.0
H21	1	0.0			no_ci	0.0	0.0		rho_fallback_no_desc	0.0	
H22	0				no_ci		0.0		rho_fallback_no_desc		
H23	56	10.024	9.4044	10.6458	high	10.024	9.4044	10.6458	rho_direct	0.0	0.0
H24	14	5.027	3.3608	6.7109	medium	5.027	3.3608	6.7109	rho_direct	0.0	0.0
H24a	7	3.3325	0.6763	6.036	low	3.3325	0.6763	6.036	rho_fallback_no_desc	0.0	0.0
H24a1	2	1.2869	-1.2245	3.8427	very_low	1.2869	0.0	3.8427	rho_fallback_no_desc	0.0	0.0
H24a2	1	5.2164			no_ci	5.2164	0.0		rho_fallback_no_desc	0.0	0.0
H24b	2	1.2869	-1.2245	3.8427	very_low	1.2869	0.0	3.8427	rho_fallback_no_desc	0.0	0.0
H25	1	0.0			no_ci	0.0	0.0		rho_fallback_no_desc	0.0	
H26	20	11.4338	8.9425	13.9598	medium	11.4338	8.9425	13.9598	rho_direct	0.0	0.0
H26a	9	7.5923	5.0562	10.1673	low	8.5148	5.7341	11.3429	single_child_interpolation	0.9224999999999994	12.150468237556465
H26a1	7	5.5959	2.5258	8.726	low	5.5959	2.5258	8.726	rho_fallback_no_desc	0.0	0.0
H26a1a	2	5.2164	5.2164	5.2164	very_low	2.7979	1.2629		single_child_interpolation	-2.4185000000000003	46.363392377885134
H26a1a1	1	0.0			no_ci	0.0	0.0		rho_fallback_no_desc	0.0	
H26a1b	2	2.5854	-2.4381	7.7838	very_low	2.5854	0.0	7.7838	rho_fallback_no_desc	0.0	0.0
H26b	4	11.2963	9.9538	12.6488	low	6.0379	4.4713	7.9343	single_child_interpolation	-5.258400000000001	46.549755229588456
H26b1	4	0.642	-0.6136	1.9088	low	0.642	0.0	1.9088	rho_fallback_no_desc	0.0	0.0
H26c	4	5.2164	1.5822	8.9357	low	5.2164	1.5822	8.9357	rho_fallback_no_desc	0.0	0.0
H27	24	5.327	4.2242	6.4374	medium	5.327	4.2242	6.4374	rho_direct	0.0	0.0
H27_T16093C	11	4.2545	2.9988	5.5204	medium	4.2545	2.9988	5.5204	rho_direct	0.0	0.0
H27a	7	2.2133	0.4892	3.9576	low	2.2133	0.4892	3.9576	rho_fallback_no_desc	0.0	0.0
H27b	2	1.2869	-1.2245	3.8427	very_low	1.2869	0.0	3.8427	rho_fallback_no_desc	0.0	0.0
H27c	1	0.0			no_ci	0.0	0.0		rho_fallback_no_desc	0.0	
H27d	2	2.5854	-2.4381	7.7838	very_low	2.5854	0.0	7.7838	rho_fallback_no_desc	0.0	0.0
H27e	0				no_ci		0.0		rho_fallback_no_desc		
H27f	2	1.2869	-1.2245	3.8427	very_low	1.2869	0.0	3.8427	rho_fallback_no_desc	0.0	0.0
H28	9	9.6992	6.7714	12.6768	low	9.8462	8.2345	11.4868	single_child_interpolation	0.14700000000000024	1.5155889145496562
H28a	8	4.8851	1.9012	7.9265	low	4.8851	1.9012	7.9265	rho_fallback_no_desc	0.0	0.0
H28a1	1	2.5854			no_ci	2.5854	0.0		rho_fallback_no_desc	0.0	0.0
H28a2	2	3.8953	-3.6406	11.8196	very_low	3.8953	0.0	11.8196	rho_fallback_no_desc	0.0	0.0
H29	6	6.995	3.5274	10.537	low	6.995	3.5274	10.537	rho_fallback_no_desc	0.0	0.0
H29a	4	4.5544	-0.6909	9.982	low	4.5544	0.0	9.982	rho_fallback_no_desc	0.0	0.0
H29b	2	6.5486	3.9479	9.1912	very_low	6.5486	3.9479	9.1912	rho_fallback_no_desc	0.0	0.0
H2_T152C_T16311C	39	7.5462	6.3376	8.7637	medium	7.5462	6.3376	8.7637	rho_direct	0.0	0.0
H2a	238	10.1158	9.3368	10.8983	high	10.1158	9.3368	10.8983	rho_direct	0.0	0.0
H2a1	119	8.0277	7.1221	8.9382	high	8.0277	7.1221	8.9382	rho_direct	0.0	0.0
H2a1_T146C!	6	1.7185	0.0342	3.4224	low	4.4422	3.5611	5.7445	single_child_interpolation	2.7237	158.4928716904277
H2a1a	43	5.7727	4.5068	7.0486	medium	5.7727	4.5068	7.0486	rho_direct	0.0	0.0
H2a1a1	2	1.2869	-1.2245	3.8427	very_low	1.2869	0.0	3.8427	rho_fallback_no_desc	0.0	0.0
H2a1a2	2	1.2869	-1.2245	3.8427	very_low	1.2869	0.0	3.8427	rho_fallback_no_desc	0.0	0.0
H2a1b	7	8.2774	5.8619	10.7277	low	8.2774	5.8619	10.7277	rho_fallback_no_desc	0.0	0.0
H2a1b1	2	2.5854	-2.4381	7.7838	very_low	2.5854	0.0	7.7838	rho_fallback_no_desc	0.0	0.0
H2a1b2	5	1.5457	-0.4707	3.5904	low	1.5457	0.0	3.5904	rho_fallback_no_desc	0.0	0.0
H2a1c	7	2.2133	0.1671	4.2881	low	2.2133	0.1671	4.2881	rho_fallback_no_desc	0.0	0.0
H2a1d	2	1.2869	-1.2245	3.8427	very_low	1.2869	0.0	3.8427	rho_fallback_no_desc	0.0	0.0
H2a1e	13	7.0638	5.5658	8.5756	medium	6.622	5.623	7.6274	single_child_interpolation	-0.44179999999999975	6.2544239644384
H2a1e1	10	5.2164	4.1238	6.3165	medium	5.2164	4.1238	6.3165	rho_direct	0.0	0.0
H2a1e1a	6	3.0208	1.4533	4.6047	low	2.6082	2.0619	3.1582	single_child_interpolation	-0.41259999999999986	13.658633474576268
H2a1e1a1	2	0.0	0.0	0.0	very_low	0.0	0.0	0.0	rho_fallback_no_desc	0.0	
H2a1e1b	1	2.5854			no_ci	2.5854	0.0		rho_fallback_no_desc	0.0	0.0
H2a1f	8	3.2389	1.9607	4.528	low	3.2389	1.9607	4.528	rho_fallback_no_desc	0.0	0.0
H2a1f1	2	1.2869	-1.2245	3.8427	very_low	1.2869	0.0	3.8427	rho_fallback_no_desc	0.0	0.0
H2a1f2	2	2.5854	2.5854	2.5854	very_low	2.5854	2.5854	2.5854	rho_fallback_no_desc	0.0	0.0
H2a1g	2	1.2869	-1.2245	3.8427	very_low	1.2869	0.0	3.8427	rho_fallback_no_desc	0.0	0.0
H2a1i	2	7.8917	2.6898	13.2593	very_low	7.8917	2.6898	13.2593	rho_fallback_no_desc	0.0	0.0
H2a1j	3	3.4574	-1.009	8.0587	low	3.4574	0.0	8.0587	rho_fallback_no_desc	0.0	0.0
H2a1k	1	2.5854			no_ci	2.5854	0.0		rho_fallback_no_desc	0.0	0.0
H2a1m	2	1.2869	-1.2245	3.8427	very_low	1.2869	0.0	3.8427	rho_fallback_no_desc	0.0	0.0
H2a1n	3	0.8567	-0.8175	2.5507	low	0.8567	0.0	2.5507	rho_fallback_no_desc	0.0	0.0
H2a2	23	11.2066	10.0393	12.3816	low	11.2066	10.0393	12.3816	rho_direct	0.0	0.0
H2a2_A16235G	11	8.8752	7.3997	10.3635	medium	9.1822	7.7275	10.65	single_child_interpolation	0.3070000000000004	3.459076978546967
H2a2a	12	6.3258	5.3183	7.3395	medium	6.3258	5.3183	7.3395	rho_direct	0.0	0.0
H2a2a1	10	3.6324	2.4984	4.7749	medium	3.6324	2.4984	4.7749	rho_direct	0.0	0.0
H2a2a1a	0				no_ci		0.0		rho_fallback_no_desc		
H2a2a1b	3	0.8567	-0.8175	2.5507	low	0.8567	0.0	2.5507	rho_fallback_no_desc	0.0	0.0
H2a2a1c	0				no_ci		0.0		rho_fallback_no_desc		
H2a2a1d	1	0.0			no_ci	0.0	0.0		rho_fallback_no_desc	0.0	
H2a2a1e	3	2.5854	-0.3368	5.566	low	2.5854	0.0	5.566	rho_fallback_no_desc	0.0	0.0
H2a2a1f	1	0.0			no_ci	0.0	0.0		rho_fallback_no_desc	0.0	
H2a2a1g	1	0.0			no_ci	0.0	0.0		rho_fallback_no_desc	0.0	
H2a2a1h	1	0.0			no_ci	0.0	0.0		rho_fallback_no_desc	0.0	
H2a2a2	2	1.2869	-1.2245	3.8427	very_low	1.2869	0.0	3.8427	rho_fallback_no_desc	0.0	0.0
H2a2b	11	7.1577	5.4156	8.9184	medium	7.1577	5.4156	8.9184	rho_direct	0.0	0.0
H2a2b1	6	6.5486	5.3803	7.7253	low	5.1983	3.6882	6.7232	single_child_interpolation	-1.3503000000000007	20.619674434230227
H2a2b1a	4	3.2389	1.9607	4.528	low	3.2426	1.8441	5.2829	single_child_interpolation	0.0036999999999998145	0.11423631479822824
H2a2b1a1	2	1.2869	-1.2245	3.8427	very_low	1.2869	0.0	3.8427	rho_fallback_no_desc	0.0	0.0
H2a2b2	2	1.2869	-1.2245	3.8427	very_low	1.2869	0.0	3.8427	rho_fallback_no_desc	0.0	0.0
H2a2b3	1	2.5854			no_ci	2.5854	0.0		rho_fallback_no_desc	0.0	0.0
H2a2b4	1	0.0			no_ci	0.0	0.0		rho_fallback_no_desc	0.0	
H2a2b5	1	5.2164			no_ci	3.5789	2.7078		single_child_interpolation	-1.6375000000000002	31.39138102906219
H2a2b5a	1	0.0			no_ci	0.0	0.0		rho_fallback_no_desc	0.0	
H2a3	10	6.2812	4.6898	7.8884	medium	6.2812	4.6898	7.8884	rho_direct	0.0	0.0
H2a3a	5	5.2164	3.5804	6.8694	low	4.7601	3.3253	6.2082	single_child_interpolation	-0.4562999999999997	8.747412008281568
H2a3a1	4	3.2389	1.9607	4.528	low	3.2389	1.9607	4.528	rho_fallback_no_desc	0.0	0.0
H2a3b	3	1.7185	0.0342	3.4224	low	1.7185	0.0342	3.4224	rho_fallback_no_desc	0.0	0.0
H2a4	0				no_ci		0.0		rho_fallback_no_desc		
H2a5	19	6.4782	4.9144	8.057	medium	6.4782	4.9144	8.057	rho_direct	0.0	0.0
H2a5a	9	6.4	4.438	8.3858	low	5.1137	3.3674	6.8798	single_child_interpolation	-1.2863000000000007	20.09843750000001
H2a5a1	9	3.7492	1.8203	5.7026	low	3.7492	1.8203	5.7026	rho_fallback_no_desc	0.0	0.0
H2a5a1a	4	3.2389	0.801	5.7167	low	3.2389	0.801	5.7167	rho_fallback_no_desc	0.0	0.0
H2a5a1b	2	1.2869	-1.2245	3.8427	very_low	1.2869	0.0	3.8427	rho_fallback_no_desc	0.0	0.0
H2a5b	8	1.9348	1.1041	2.7702	low	1.9348	1.1041	2.7702	rho_fallback_no_desc	0.0	0.0
H2a5b1	0				no_ci		0.0		rho_fallback_no_desc		
H2a5b2	1	0.0			no_ci	0.0	0.0		rho_fallback_no_desc	0.0	
H2b	32	3.9775	3.0834	4.8769	medium	3.9775	3.0834	4.8769	rho_direct	0.0	0.0
H2c	4	9.2456	3.022	15.7007	low	5.7207	3.8382	7.6294	single_child_interpolation	-3.5248999999999997	38.12516223933547
H2c1	2	3.8953	1.3387	6.4951	very_low	3.8953	1.3387	6.4951	rho_fallback_no_desc	0.0	0.0
H3	512	8.9432	8.559	9.3282	high	8.9432	8.559	9.3282	rho_direct	0.0	0.0
H30	5	10.6101	5.5898	15.7755	low	10.6101	5.5898	15.7755	rho_fallback_no_desc	0.0	0.0
H30a	3	2.5854	-2.4381	7.7838	low	2.5854	0.0	7.7838	rho_fallback_no_desc	0.0	0.0
H30b	2	11.9851	4.0532	20.2747	very_low	7.2527	2.7949	13.7975	single_child_interpolation	-4.732399999999999	39.485694737632556
H30b1	2	3.8953	-3.6406	11.8196	very_low	3.8953	0.0	11.8196	rho_fallback_no_desc	0.0	0.0
H31	11	5.4578	3.4289	7.5128	medium	5.4578	3.4289	7.5128	rho_direct	0.0	0.0
H31a	4	3.2389	1.9607	4.528	low	3.2389	1.9607	4.528	rho_fallback_no_desc	0.0	0.0
H31b	4	4.5544	1.3305	7.8462	low	4.5544	1.3305	7.8462	rho_fallback_no_desc	0.0	0.0
H32	7	4.8378	4.0984	5.5807	low	4.8378	4.0984	5.5807	rho_fallback_no_desc	0.0	0.0
H33	20	4.9513	3.7127	6.1997	medium	4.9513	3.7127	6.1997	rho_direct	0.0	0.0
H33a	3	1.7185	0.0342	3.4224	low	1.7185	0.0342	3.4224	rho_fallback_no_desc	0.0	0.0
H33b	10	1.0286	-0.0855	2.1514	medium	1.0286	0.0	2.1514	rho_direct	0.0	0.0
H33c	2	2.5854	2.5854	2.5854	very_low	2.5854	2.5854	2.5854	rho_fallback_no_desc	0.0	0.0
H34	5	4.6866	1.6938	7.7376	low	4.6866	1.6938	7.7376	rho_fallback_no_desc	0.0	0.0
H35	5	5.7479	1.6286	9.9756	low	10.678	7.2839	14.8225	single_child_interpolation	4.930100000000001	85.77219506254461
H35a	2	6.5486	-1.1229	14.598	very_low	6.5486	0.0	14.598	rho_fallback_no_desc	0.0	0.0
H36	6	7.4428	4.6067	10.3278	low	7.4428	4.6067	10.3278	rho_fallback_no_desc	0.0	0.0
H37	7	8.2774	6.9011	9.6649	low	8.2774	6.9011	9.6649	rho_fallback_no_desc	0.0	0.0
H38	4	5.2164	3.1076	7.3536	low	5.2164	3.1076	7.3536	rho_fallback_no_desc	0.0	0.0
H39	8	4.5544	2.6708	6.4611	low	4.5544	2.6708	6.4611	rho_fallback_no_desc	0.0	0.0
H39a	2	1.2869	-1.2245	3.8427	very_low	2.2772	1.3354		single_child_interpolation	0.9903000000000002	76.95236615121613
H39a1	1	0.0			no_ci	0.0	0.0		rho_fallback_no_desc	0.0	
H39b	2	2.5854	-2.4381	7.7838	very_low	2.5854	0.0	7.7838	rho_fallback_no_desc	0.0	0.0
H39c	2	1.2869	-1.2245	3.8427	very_low	1.2869	0.0	3.8427	rho_fallback_no_desc	0.0	0.0
H3_A73G!	8	6.2145	4.8438	7.5968	low	5.1151	4.2795	6.5855	single_child_interpolation	-1.0994000000000002	17.690884222383136
H3_T152C!	75	7.1024	6.1279	8.0827	high	7.1024	6.1279	8.0827	rho_direct	0.0	0.0
H3_T16189C!	6	6.995	3.7953	10.258	low	5.1151	4.2795	6.5855	single_child_interpolation	-1.8799000000000001	26.874910650464617
H3_T16311C!	34	8.8462	7.1619	10.5472	low	8.8462	7.1619	10.5472	rho_direct	0.0	0.0
H3a	8	8.5673	6.1792	10.9891	low	6.9211	5.4714	8.3851	single_child_interpolation	-1.6461999999999994	19.21492185402635
H3a1	7	6.7398	4.8148	8.6875	low	5.0145	3.336	6.7124	single_child_interpolation	-1.7252999999999998	25.598682453485267
H3a1a	5	3.108	1.2007	5.0397	low	3.108	1.2007	5.0397	rho_fallback_no_desc	0.0	0.0
H3aa	3	2.5854	-0.3368	5.566	low	2.5854	0.0	5.566	rho_fallback_no_desc	0.0	0.0
H3ab	2	1.2869	-1.2245	3.8427	very_low	1.2869	0.0	3.8427	rho_fallback_no_desc	0.0	0.0
H3ac	2	1.2869	-1.2245	3.8427	very_low	1.2869	0.0	3.8427	rho_fallback_no_desc	0.0	0.0
H3ad	2	1.2869	-1.2245	3.8427	very_low	1.2869	0.0	3.8427	rho_fallback_no_desc	0.0	0.0
H3ae	2	3.8953	1.3387	6.4951	very_low	3.8953	1.3387	6.4951	rho_fallback_no_desc	0.0	0.0
H3af	1	0.0			no_ci	0.0	0.0		rho_fallback_no_desc	0.0	
H3ag	3	8.7931	4.1712	13.5427	low	6.4192	4.2795	10.5739	single_child_interpolation	-2.373900000000001	26.997304704825382
H3ag1	2	3.8953	-3.6406	11.8196	very_low	3.8953	0.0	11.8196	rho_fallback_no_desc	0.0	0.0
H3ah	2	5.2164	0.1025	10.5005	very_low	5.2164	0.1025	10.5005	rho_fallback_no_desc	0.0	0.0
H3ai	2	3.8953	1.3387	6.4951	very_low	3.8953	1.3387	6.4951	rho_fallback_no_desc	0.0	0.0
H3aj	2	1.2869	-1.2245	3.8427	very_low	1.2869	0.0	3.8427	rho_fallback_no_desc	0.0	0.0
H3ak	2	9.2456	6.6021	11.9299	very_low	9.2456	6.6021	11.9299	rho_fallback_no_desc	0.0	0.0
H3am	0				no_ci		0.0		rho_fallback_no_desc		
H3an	1	5.2164			no_ci	5.2164	0.0		rho_fallback_no_desc	0.0	0.0
H3ao	5	5.2164	1.5822	8.9357	low	7.0798	5.4008	8.7876	single_child_interpolation	1.8633999999999995	35.72195383789586
H3ao1	3	5.2164	2.2425	8.247	low	5.2164	2.2425	8.247	rho_fallback_no_desc	0.0	0.0
H3ap	3	2.5854	-0.3368	5.566	low	2.5854	0.0	5.566	rho_fallback_no_desc	0.0	0.0
H3aq	2	1.2869	-1.2245	3.8427	very_low	1.2869	0.0	3.8427	rho_fallback_no_desc	0.0	0.0
H3ar	1	5.2164			no_ci	5.2164	0.0		rho_fallback_no_desc	0.0	0.0
H3as	2	1.2869	-1.2245	3.8427	very_low	1.2869	0.0	3.8427	rho_fallback_no_desc	0.0	0.0
H3at	3	3.4574	1.7531	5.181	low	5.1151	4.2795	6.5855	single_child_interpolation	1.6577000000000002	47.946433736333674
H3at1	2	1.2869	-1.2245	3.8427	very_low	1.2869	0.0	3.8427	rho_fallback_no_desc	0.0	0.0
H3au	2	3.8953	1.3387	6.4951	very_low	3.8953	1.3387	6.4951	rho_fallback_no_desc	0.0	0.0
H3av	2	1.2869	-1.2245	3.8427	very_low	1.2869	0.0	3.8427	rho_fallback_no_desc	0.0	0.0
H3b	31	9.4649	7.4701	11.4828	low	8.1389	6.9455	9.3449	single_child_interpolation	-1.3260000000000005	14.009656731714024
H3b1	7	8.664	3.8573	13.6094	low	8.664	3.8573	13.6094	rho_fallback_no_desc	0.0	0.0
H3b1a	2	1.2869	-1.2245	3.8427	very_low	1.2869	0.0	3.8427	rho_fallback_no_desc	0.0	0.0
H3b1b	5	7.8917	1.9744	14.0244	low	7.3836	1.9287	13.7421	single_child_interpolation	-0.5080999999999998	6.438409975037061
H3b1b1	3	6.1033	-1.312	13.8749	low	4.9845	0.9643		single_child_interpolation	-1.1188000000000002	18.33106679992791
H3b1b1a	1	2.5854			no_ci	2.5854	0.0		rho_fallback_no_desc	0.0	0.0
H3b2	2	1.2869	-1.2245	3.8427	very_low	1.2869	0.0	3.8427	rho_fallback_no_desc	0.0	0.0
H3b3	1	5.2164			no_ci	5.2164	0.0		rho_fallback_no_desc	0.0	0.0
H3b4	3	3.4574	0.0683	6.9235	low	4.96	3.9586	5.9735	single_child_interpolation	1.5026000000000002	43.4604037716203
H3b4a	2	2.5854	2.5854	2.5854	very_low	2.5854	2.5854	2.5854	rho_fallback_no_desc	0.0	0.0
H3b5	2	6.5486	3.9479	9.1912	very_low	6.5486	3.9479	9.1912	rho_fallback_no_desc	0.0	0.0
H3b6	3	5.2164	2.2425	8.247	low	4.3107	2.6659	6.6021	single_child_interpolation	-0.9057000000000004	17.36254888428802
H3b6a	2	1.2869	-1.2245	3.8427	very_low	1.2869	0.0	3.8427	rho_fallback_no_desc	0.0	0.0
H3b7	2	1.2869	-1.2245	3.8427	very_low	1.2869	0.0	3.8427	rho_fallback_no_desc	0.0	0.0
H3b_G16129A!	29	7.3346	5.3319	9.3616	low	7.3346	5.3319	9.3616	rho_direct	0.0	0.0
H3c	15	10.2452	8.2404	12.2729	low	10.2452	8.2404	12.2729	rho_direct	0.0	0.0
H3c1	2	10.6101	10.6101	10.6101	very_low	10.6101	10.6101	10.6101	rho_fallback_no_desc	0.0	0.0
H3c2	9	5.8071	4.1251	7.5068	low	5.8071	4.1251	7.5068	rho_fallback_no_desc	0.0	0.0
H3c2a	5	3.6324	1.0302	6.2797	low	4.8512	2.7319	7.001	single_child_interpolation	1.2188000000000003	33.553573395000555
H3c2a1	2	3.8953	1.3387	6.4951	very_low	3.8953	1.3387	6.4951	rho_fallback_no_desc	0.0	0.0
H3c2b	2	3.8953	1.3387	6.4951	very_low	4.1963	2.0626		single_child_interpolation	0.3009999999999997	7.7272610581983345
H3c2b1	1	2.5854			no_ci	2.5854	0.0		rho_fallback_no_desc	0.0	0.0
H3c2c	2	1.2869	-1.2245	3.8427	very_low	1.2869	0.0	3.8427	rho_fallback_no_desc	0.0	0.0
H3c3	1	5.2164			no_ci	5.2164	0.0		rho_fallback_no_desc	0.0	0.0
H3d	2	1.2869	-1.2245	3.8427	very_low	1.2869	0.0	3.8427	rho_fallback_no_desc	0.0	0.0
H3e	2	1.2869	-1.2245	3.8427	very_low	1.2869	0.0	3.8427	rho_fallback_no_desc	0.0	0.0
H3f	12	5.4376	4.25	6.6342	medium	5.4376	4.25	6.6342	rho_direct	0.0	0.0
H3g	18	8.4921	6.1379	10.8791	low	8.4921	6.1379	10.8791	rho_direct	0.0	0.0
H3g1	7	5.9763	2.1214	9.9254	low	5.9763	2.1214	9.9254	rho_fallback_no_desc	0.0	0.0
H3g1a	1	5.2164			no_ci	5.2164	0.0		rho_fallback_no_desc	0.0	0.0
H3g1b	2	1.2869	-1.2245	3.8427	very_low	1.2869	0.0	3.8427	rho_fallback_no_desc	0.0	0.0
H3g2	2	1.2869	-1.2245	3.8427	very_low	1.2869	0.0	3.8427	rho_fallback_no_desc	0.0	0.0
H3g3	5	4.6866	1.6938	7.7376	low	4.6866	1.6938	7.7376	rho_fallback_no_desc	0.0	0.0
H3g4	2	9.2456	6.6021	11.9299	very_low	9.2456	6.6021	11.9299	rho_fallback_no_desc	0.0	0.0
H3h	28	6.2622	4.3446	8.2026	medium	6.2622	4.3446	8.2026	rho_direct	0.0	0.0
H3h1	8	0.9641	-0.3597	2.3003	low	0.9641	0.0	2.3003	rho_fallback_no_desc	0.0	0.0
H3h2	3	8.7931	-0.7775	18.9294	low	7.7539	2.1723	15.6283	single_child_interpolation	-1.039200000000001	11.81835757582651
H3h2a	2	9.2456	-3.5408	23.0541	very_low	9.2456	0.0	23.0541	rho_fallback_no_desc	0.0	0.0
H3h3	5	5.2164	2.9078	7.559	low	5.2164	2.9078	7.559	rho_fallback_no_desc	0.0	0.0
H3h3a	2	1.2869	-1.2245	3.8427	very_low	1.2869	0.0	3.8427	rho_fallback_no_desc	0.0	0.0
H3h3b	2	2.5854	-2.4381	7.7838	very_low	2.5854	0.0	7.7838	rho_fallback_no_desc	0.0	0.0
H3h4	2	1.2869	-1.2245	3.8427	very_low	1.2869	0.0	3.8427	rho_fallback_no_desc	0.0	0.0
H3h5	3	3.4574	-3.241	10.464	low	3.4574	0.0	10.464	rho_fallback_no_desc	0.0	0.0
H3h6	2	3.8953	-3.6406	11.8196	very_low	3.8953	0.0	11.8196	rho_fallback_no_desc	0.0	0.0
H3h7	2	2.5854	-2.4381	7.7838	very_low	2.5854	0.0	7.7838	rho_fallback_no_desc	0.0	0.0
H3i	4	2.5854	0.513	4.687	low	4.1946	3.0639	5.9627	single_child_interpolation	1.6092000000000004	62.24181944766769
H3i1	2	1.2869	-1.2245	3.8427	very_low	1.2869	0.0	3.8427	rho_fallback_no_desc	0.0	0.0
H3j	2	2.5854	2.5854	2.5854	very_low	2.5854	2.5854	2.5854	rho_fallback_no_desc	0.0	0.0
H3k	5	5.2164	3.5804	6.8694	low	5.2799	3.9405	6.6319	single_child_interpolation	0.06349999999999945	1.2173146231117138
H3k1	3	3.4574	1.7531	5.181	low	3.0683	1.9703	4.5913	single_child_interpolation	-0.3891	11.254121594261585
H3k1a	3	0.8567	-0.8175	2.5507	low	0.8567	0.0	2.5507	rho_fallback_no_desc	0.0	0.0
H3m	2	3.8953	-3.6406	11.8196	very_low	3.8953	0.0	11.8196	rho_fallback_no_desc	0.0	0.0
H3n	2	3.8953	1.3387	6.4951	very_low	3.8953	1.3387	6.4951	rho_fallback_no_desc	0.0	0.0
H3p	1	0.0			no_ci	0.0	0.0		rho_fallback_no_desc	0.0	
H3q	4	3.2389	0.0432	6.5035	low	5.7643	4.2795	8.556	single_child_interpolation	2.5254000000000003	77.97091605174597
H3q1	2	2.5854	-2.4381	7.7838	very_low	2.5854	0.0	7.7838	rho_fallback_no_desc	0.0	0.0
H3r	5	4.1586	1.5473	6.8147	low	5.7643	4.2795	7.4471	single_child_interpolation	1.6057000000000006	38.611551964603485
H3r1	3	2.5854	-0.3368	5.566	low	2.5854	0.0	5.566	rho_fallback_no_desc	0.0	0.0
H3s	2	3.8953	-3.6406	11.8196	very_low	3.8953	0.0	11.8196	rho_fallback_no_desc	0.0	0.0
H3t	3	4.3344	-0.1585	8.961	low	4.3344	0.0	8.961	rho_fallback_no_desc	0.0	0.0
H3u	21	7.8917	7.078	8.7093	medium	5.7643	5.5722	5.9568	single_child_interpolation	-2.1273999999999997	26.95743629382769
H3u1	2	2.5854	2.5854	2.5854	very_low	2.5854	2.5854	2.5854	rho_fallback_no_desc	0.0	0.0
H3v	11	8.8752	6.0965	11.6996	low	8.8752	6.0965	11.6996	rho_direct	0.0	0.0
H3v1	4	0.642	-0.6136	1.9088	low	0.642	0.0	1.9088	rho_fallback_no_desc	0.0	0.0
H3v2	1	2.5854			no_ci	2.5854	0.0		rho_fallback_no_desc	0.0	0.0
H3v_T16093C	6	6.1033	2.4084	9.8844	low	5.7303	3.0482		single_child_interpolation	-0.3730000000000002	6.1114479052316
H3w	2	3.8953	1.3387	6.4951	very_low	3.8953	1.3387	6.4951	rho_fallback_no_desc	0.0	0.0
H3x	16	14.067	11.6111	16.5546	low	6.8905	6.2401	7.544	single_child_interpolation	-7.1765	51.016563588540556
H3x1	14	4.8378	3.9212	5.7597	medium	4.8378	3.9212	5.7597	rho_direct	0.0	0.0
H3y	2	1.2869	-1.2245	3.8427	very_low	1.2869	0.0	3.8427	rho_fallback_no_desc	0.0	0.0
H3z	8	8.2291	5.3466	11.1614	low	8.2291	5.3466	11.1614	rho_fallback_no_desc	0.0	0.0
H3z1	3	6.1033	4.3696	7.8557	low	6.1033	4.3696	7.8557	rho_fallback_no_desc	0.0	0.0
H3z2	2	2.5854	2.5854	2.5854	very_low	2.5854	2.5854	2.5854	rho_fallback_no_desc	0.0	0.0
H4	107	18.4519	17.3599	19.5496	low	18.4519	17.3599	19.5496	rho_direct	0.0	0.0
H40	6	5.2164	3.3289	7.1266	low	5.2164	3.3289	7.1266	rho_fallback_no_desc	0.0	0.0
H40a	0				no_ci		0.0		rho_fallback_no_desc		
H40b	2	1.2869	-1.2245	3.8427	very_low	1.2869	0.0	3.8427	rho_fallback_no_desc	0.0	0.0
H41	8	17.2324	15.4399	19.0407	low	10.8453	9.7463	11.9562	single_child_interpolation	-6.3870999999999984	37.06448318284162
H41a	8	6.8833	4.9248	8.8654	low	6.8833	4.9248	8.8654	rho_fallback_no_desc	0.0	0.0
H42	6	10.6101	9.2291	12.0019	low	10.0118	9.2236	10.8059	single_child_interpolation	-0.5983	5.6389666449892095
H42a	6	5.2164	3.8793	6.5648	low	5.2164	3.8793	6.5648	rho_fallback_no_desc	0.0	0.0
H42a1	2	1.2869	-1.2245	3.8427	very_low	1.2869	0.0	3.8427	rho_fallback_no_desc	0.0	0.0
H42a2	3	0.8567	-0.8175	2.5507	low	0.8567	0.0	2.5507	rho_fallback_no_desc	0.0	0.0
H43	2	2.5854	-2.4381	7.7838	very_low	2.5854	0.0	7.7838	rho_fallback_no_desc	0.0	0.0
H44	11	10.1127	7.9817	12.2696	medium	10.1127	7.9817	12.2696	rho_direct	0.0	0.0
H44a	5	2.5854	-0.1883	5.4116	low	6.3491	3.9909		single_child_interpolation	3.7637	145.575152781001
H44a1	1	2.5854			no_ci	2.5854	0.0		rho_fallback_no_desc	0.0	0.0
H44b	6	6.5486	4.3189	8.809	low	6.5486	4.3189	8.809	rho_fallback_no_desc	0.0	0.0
H45	6	8.3418	5.8311	10.89	low	8.3418	5.8311	10.89	rho_fallback_no_desc	0.0	0.0
H45a	3	1.7185	0.0342	3.4224	low	1.7185	0.0342	3.4224	rho_fallback_no_desc	0.0	0.0
H45b	3	4.3344	-0.1585	8.961	low	4.3344	0.0	8.961	rho_fallback_no_desc	0.0	0.0
H46	9	6.6973	4.3813	9.0463	low	6.6973	4.3813	9.0463	rho_fallback_no_desc	0.0	0.0
H46a	6	3.0208	0.9769	5.0927	low	3.0208	0.9769	5.0927	rho_fallback_no_desc	0.0	0.0
H46b	1	2.5854			no_ci	2.5854	0.0		rho_fallback_no_desc	0.0	0.0
H47	9	13.9895	10.293	17.7585	low	13.9895	10.293	17.7585	rho_fallback_no_desc	0.0	0.0
H47a	5	3.108	0.6158	5.642	low	3.108	0.6158	5.642	rho_fallback_no_desc	0.0	0.0
H47b	3	9.6992	7.9276	11.4889	low	9.6992	7.9276	11.4889	rho_fallback_no_desc	0.0	0.0
H48	3	2.5854	2.5854	2.5854	low	2.5854	2.5854	2.5854	rho_fallback_no_desc	0.0	0.0
H49	17	5.5288	4.1304	6.9396	medium	5.5288	4.1304	6.9396	rho_direct	0.0	0.0
H49a	5	4.1586	2.1063	6.2385	low	4.1586	2.1063	6.2385	rho_fallback_no_desc	0.0	0.0
H49a1	2	0.0	0.0	0.0	very_low	0.0	0.0	0.0	rho_fallback_no_desc	0.0	
H49a2	1	2.5854			no_ci	2.5854	0.0		rho_fallback_no_desc	0.0	0.0
H49b	1	10.6101			no_ci	10.6101	0.0		rho_fallback_no_desc	0.0	0.0
H4a	90	14.2997	13.323	15.2814	low	14.2997	13.323	15.2814	rho_direct	0.0	0.0
H4a1	86	11.7285	10.7466	12.7157	high	11.7285	10.7466	12.7157	rho_direct	0.0	0.0
H4a1a	58	10.2798	9.0261	11.5423	high	10.2798	9.0261	11.5423	rho_direct	0.0	0.0
H4a1a1	28	7.4107	5.3756	9.4711	medium	8.2551	6.516	10.014	single_child_interpolation	0.8444000000000003	11.394335217995604
H4a1a1a	21	6.2304	4.0058	8.4858	medium	6.2304	4.0058	8.4858	rho_direct	0.0	0.0
H4a1a1a1	4	6.5486	3.1992	9.9679	low	5.0629	2.3044	7.8726	single_child_interpolation	-1.4857000000000005	22.687291940262046
H4a1a1a1a	4	3.8953	0.603	7.2595	low	3.1749	1.1522	5.8577	single_child_interpolation	-0.7204000000000002	18.494082612379025
H4a1a1a1a1	2	1.2869	-1.2245	3.8427	very_low	1.2869	0.0	3.8427	rho_fallback_no_desc	0.0	0.0
H4a1a1a2	2	11.9851	-1.0212	25.9855	very_low	11.9851	0.0	25.9855	rho_fallback_no_desc	0.0	0.0
H4a1a1a3	2	5.2164	0.1025	10.5005	very_low	5.2164	0.1025	10.5005	rho_fallback_no_desc	0.0	0.0
H4a1a1a4	2	1.2869	-1.2245	3.8427	very_low	1.2869	0.0	3.8427	rho_fallback_no_desc	0.0	0.0
H4a1a2	4	9.2456	5.8407	12.7186	low	7.0875	4.8146	9.4009	single_child_interpolation	-2.1580999999999992	23.341913991520283
H4a1a2a	4	3.8953	0.603	7.2595	low	5.4914	3.0766	7.948	single_child_interpolation	1.5960999999999994	40.97502117936999
H4a1a2a1	2	3.8953	1.3387	6.4951	very_low	3.8953	1.3387	6.4951	rho_fallback_no_desc	0.0	0.0
H4a1a3	3	4.3344	2.6202	6.0677	low	5.2304	3.9337	7.1665	single_child_interpolation	0.8960000000000008	20.67183462532302
H4a1a3a	2	1.2869	-1.2245	3.8427	very_low	1.2869	0.0	3.8427	rho_fallback_no_desc	0.0	0.0
H4a1a4	14	7.5068	6.2928	8.7297	medium	7.5068	6.2928	8.7297	rho_direct	0.0	0.0
H4a1a4a	3	3.4574	1.7531	5.181	low	3.4574	1.7531	5.181	rho_fallback_no_desc	0.0	0.0
H4a1a4b	11	2.5854	1.2131	3.9705	medium	2.5854	1.2131	3.9705	rho_direct	0.0	0.0
H4a1a4b1	2	2.5854	-2.4381	7.7838	very_low	2.5854	0.0	7.7838	rho_fallback_no_desc	0.0	0.0
H4a1a4b2	2	1.2869	-1.2245	3.8427	very_low	1.2869	0.0	3.8427	rho_fallback_no_desc	0.0	0.0
H4a1a5	1	5.2164			no_ci	5.2164	0.0		rho_fallback_no_desc	0.0	0.0
H4a1a_T195C!	19	9.174	7.8675	10.4904	medium	9.174	7.8675	10.4904	rho_direct	0.0	0.0
H4a1c	6	7.4428	5.8304	9.0708	low	7.4428	5.8304	9.0708	rho_fallback_no_desc	0.0	0.0
H4a1c1	3	5.2164	2.2425	8.247	low	4.3649	2.9152	6.4568	single_child_interpolation	-0.8515000000000006	16.32351813511235
H4a1c1a	2	1.2869	-1.2245	3.8427	very_low	1.2869	0.0	3.8427	rho_fallback_no_desc	0.0	0.0
H4a1c2	1	2.5854			no_ci	2.5854	0.0		rho_fallback_no_desc	0.0	0.0
H4a1d	9	2.2959	0.1528	4.4703	low	2.2959	0.1528	4.4703	rho_fallback_no_desc	0.0	0.0
H4a2	3	4.3344	0.9254	7.8198	low	4.3344	0.9254	7.8198	rho_fallback_no_desc	0.0	0.0
H4b	10	8.1616	5.8829	10.4713	medium	11.8342	9.6044	14.1033	single_child_interpolation	3.672599999999999	44.9985297000588
H4b1	8	5.2164	1.8488	8.657	low	5.2164	1.8488	8.657	rho_fallback_no_desc	0.0	0.0
H4c	2	7.8917	7.8917	7.8917	very_low	10.5187	9.9727	11.0675	single_child_interpolation	2.6270000000000007	33.288138170482924
H4c1	2	2.5854	2.5854	2.5854	very_low	2.5854	2.5854	2.5854	rho_fallback_no_desc	0.0	0.0
H4d	2	6.5486	3.9479	9.1912	very_low	6.5486	3.9479	9.1912	rho_fallback_no_desc	0.0	0.0
H5	275	11.3488	10.7032	11.9967	high	11.3488	10.7032	11.9967	rho_direct	0.0	0.0
H5'36	286	14.0036	13.3323	14.6772	high	14.0036	13.3323	14.6772	rho_direct	0.0	0.0
H5'36_C16192T	3	4.3344	2.6202	6.0677	low	6.3178	5.3516	7.9197	single_child_interpolation	1.9834000000000005	45.75950535252862
H5'36_G709A	4	11.2963	6.7529	15.9564	low	10.9794	9.1202	12.8667	single_child_interpolation	-0.3169000000000004	2.805343342510383
H5'36_T16311C!	16	9.4155	7.7394	11.108	medium	9.4155	7.7394	11.108	rho_direct	0.0	0.0
H50	3	1.7185	0.0342	3.4224	low	1.7185	0.0342	3.4224	rho_fallback_no_desc	0.0	0.0
H51	4	3.8953	0.603	7.2595	low	8.0471	7.2839	9.4449	single_child_interpolation	4.1518	106.58485867584011
H51a	2	1.2869	-1.2245	3.8427	very_low	1.2869	0.0	3.8427	rho_fallback_no_desc	0.0	0.0
H52	3	1.7185	0.0342	3.4224	low	1.7185	0.0342	3.4224	rho_fallback_no_desc	0.0	0.0
H53	2	5.2164	5.2164	5.2164	very_low	5.2164	5.2164	5.2164	rho_fallback_no_desc	0.0	0.0
H54	1	5.2164			no_ci	5.2164	0.0		rho_fallback_no_desc	0.0	0.0
H55	8	10.268	7.3506	13.2341	low	10.268	7.3506	13.2341	rho_fallback_no_desc	0.0	0.0
H55_A153G	5	7.3531	3.5266	11.2696	low	7.7422	3.7266	11.8673	single_child_interpolation	0.3891	5.29164570045287
H55a	2	6.5486	-1.1229	14.598	very_low	6.5486	0.0	14.598	rho_fallback_no_desc	0.0	0.0
H55b	3	5.2164	0.1025	10.5005	low	5.2164	0.1025	10.5005	rho_fallback_no_desc	0.0	0.0
H56	8	5.2164	3.0341	7.4291	low	5.2164	3.0341	7.4291	rho_fallback_no_desc	0.0	0.0
H56a	1	2.5854			no_ci		1.5171		single_child_interpolation		
H56a1	0				no_ci		0.0		rho_fallback_no_desc		
H56b	1	5.2164			no_ci	5.2164	0.0		rho_fallback_no_desc	0.0	0.0
H56c	2	2.5854	2.5854	2.5854	very_low	2.5854	2.5854	2.5854	rho_fallback_no_desc	0.0	0.0
H56d	2	5.2164	0.1025	10.5005	very_low	5.2164	0.1025	10.5005	rho_fallback_no_desc	0.0	0.0
H57	1	7.8917			no_ci	7.8917	0.0		rho_fallback_no_desc	0.0	0.0
H58	4	8.5673	3.619	13.663	low	10.4553	7.2839	14.1346	single_child_interpolation	1.888	22.037281290488252
H58a	3	6.1033	-0.7156	13.2222	low	6.1033	0.0	13.2222	rho_fallback_no_desc	0.0	0.0
H59	4	5.2164	3.1076	7.3536	low	9.1324	8.1605	10.114	single_child_interpolation	3.9160000000000004	75.07093014339392
H59a	3	3.4574	1.7531	5.181	low	3.4574	1.7531	5.181	rho_fallback_no_desc	0.0	0.0
H5a	148	9.9634	9.1666	10.7638	high	9.9634	9.1666	10.7638	rho_direct	0.0	0.0
H5a1	85	6.7218	5.8612	7.5868	high	6.7218	5.8612	7.5868	rho_direct	0.0	0.0
H5a1_T152C!	5	3.108	1.2007	5.0397	low	3.108	1.2007	5.0397	rho_fallback_no_desc	0.0	0.0
H5a1_T16093C	4	3.8953	0.603	7.2595	low	4.6536	2.9306	6.5764	single_child_interpolation	0.7582999999999998	19.467050034657145
H5a1a	11	3.7757	2.3312	5.234	medium	3.7757	2.3312	5.234	rho_direct	0.0	0.0
H5a1b	4	1.2869	-0.1685	2.7572	low	1.2869	0.0	2.7572	rho_fallback_no_desc	0.0	0.0
H5a1c	4	9.9265	6.5937	13.3236	low	9.9265	6.5937	13.3236	rho_fallback_no_desc	0.0	0.0
H5a1c1	3	6.1033	2.655	9.6266	low	6.6919	3.331	10.1235	single_child_interpolation	0.5886000000000005	9.643963101928472
H5a1c1a	3	3.4574	0.0683	6.9235	low	3.4574	0.0683	6.9235	rho_fallback_no_desc	0.0	0.0
H5a1c2	1	7.8917			no_ci	7.8917	0.0		rho_fallback_no_desc	0.0	0.0
H5a1d	2	1.2869	-1.2245	3.8427	very_low	1.2869	0.0	3.8427	rho_fallback_no_desc	0.0	0.0
H5a1e	3	2.5854	2.5854	2.5854	low	2.5854	2.5854	2.5854	rho_fallback_no_desc	0.0	0.0
H5a1f	2	2.5854	2.5854	2.5854	very_low	2.5854	2.5854	2.5854	rho_fallback_no_desc	0.0	0.0
H5a1g	8	8.9061	5.9281	11.9364	low	8.9061	5.9281	11.9364	rho_fallback_no_desc	0.0	0.0
H5a1g1	4	3.8953	0.603	7.2595	low	5.0965	2.9641	7.8895	single_child_interpolation	1.2011999999999996	30.837162734577557
H5a1g1a	2	1.2869	-1.2245	3.8427	very_low	1.2869	0.0	3.8427	rho_fallback_no_desc	0.0	0.0
H5a1g2	2	1.2869	-1.2245	3.8427	very_low	1.2869	0.0	3.8427	rho_fallback_no_desc	0.0	0.0
H5a1h	1	0.0			no_ci	0.0	0.0		rho_fallback_no_desc	0.0	
H5a1i	3	1.7185	-1.6302	5.1456	low	1.7185	0.0	5.1456	rho_fallback_no_desc	0.0	0.0
H5a1j	3	2.5854	-0.3368	5.566	low	2.5854	0.0	5.566	rho_fallback_no_desc	0.0	0.0
H5a1k	3	6.1033	1.5581	10.7797	low	6.1033	1.5581	10.7797	rho_fallback_no_desc	0.0	0.0
H5a1m	2	2.5854	2.5854	2.5854	very_low	2.5854	2.5854	2.5854	rho_fallback_no_desc	0.0	0.0
H5a1n	1	0.0			no_ci	0.0	0.0		rho_fallback_no_desc	0.0	
H5a1p	3	2.5854	-0.3368	5.566	low	2.5854	0.0	5.566	rho_fallback_no_desc	0.0	0.0
H5a1q	2	2.5854	-2.4381	7.7838	very_low	2.5854	0.0	7.7838	rho_fallback_no_desc	0.0	0.0
H5a2	20	5.3491	3.5691	7.1492	medium	5.3491	3.5691	7.1492	rho_direct	0.0	0.0
H5a2a	3	1.7185	0.0342	3.4224	low	1.7185	0.0342	3.4224	rho_fallback_no_desc	0.0	0.0
H5a2b	3	1.7185	0.0342	3.4224	low	1.7185	0.0342	3.4224	rho_fallback_no_desc	0.0	0.0
H5a3	15	9.3362	6.2916	12.435	low	9.3362	6.2916	12.435	rho_direct	0.0	0.0
H5a3a	11	9.122	6.331	11.9588	low	9.122	6.331	11.9588	rho_direct	0.0	0.0
H5a3a1	4	4.5544	1.3305	7.8462	low	4.5544	1.3305	7.8462	rho_fallback_no_desc	0.0	0.0
H5a3a2	2	5.2164	0.1025	10.5005	very_low	5.2164	0.1025	10.5005	rho_fallback_no_desc	0.0	0.0
H5a3a3	2	6.5486	-1.1229	14.598	very_low	6.5486	0.0	14.598	rho_fallback_no_desc	0.0	0.0
H5a3a_T152C!	3	5.2164	-0.6728	11.3326	low	7.1692	3.2168	11.2296	single_child_interpolation	1.9527999999999999	37.43577946476497
H5a3b	2	2.5854	-2.4381	7.7838	very_low	2.5854	0.0	7.7838	rho_fallback_no_desc	0.0	0.0
H5a4	7	11.788	7.9436	15.7148	low	12.1315	10.8247	13.4489	single_child_interpolation	0.3435000000000006	2.9139803189684477
H5a4a	3	14.2997	12.4827	16.1341	low	10.4623	8.9277	12.0113	single_child_interpolation	-3.837399999999999	26.835528018070303
H5a4a1	3	8.7931	7.0308	10.5736	low	7.8394	4.4639		single_child_interpolation	-0.9537000000000004	10.846004253335005
H5a4a1a	1	5.2164			no_ci	5.2164	0.0		rho_fallback_no_desc	0.0	0.0
H5a5	3	4.3344	0.9254	7.8198	low	4.3344	0.9254	7.8198	rho_fallback_no_desc	0.0	0.0
H5a6	5	4.6866	2.1681	7.2462	low	5.0701	2.1826		single_child_interpolation	0.38349999999999973	8.182904450987918
H5a6a	1	2.5854			no_ci	2.5854	0.0		rho_fallback_no_desc	0.0	0.0
H5a7	3	4.3344	-1.7541	10.6712	low	4.3344	0.0	10.6712	rho_fallback_no_desc	0.0	0.0
H5a8	3	2.5854	-0.3368	5.566	low	2.5854	0.0	5.566	rho_fallback_no_desc	0.0	0.0
H5a9	2	3.8953	1.3387	6.4951	very_low	3.8953	1.3387	6.4951	rho_fallback_no_desc	0.0	0.0
H5a_T152C	8	7.5549	4.3652	10.8065	low	7.5168	5.6746		single_child_interpolation	-0.03810000000000002	0.5043084620577376
H5b	25	7.8917	5.9254	9.8811	medium	7.8917	5.9254	9.8811	rho_direct	0.0	0.0
H5b1	7	3.3325	1.1872	5.5085	low	3.3325	1.1872	5.5085	rho_fallback_no_desc	0.0	0.0
H5b2	6	1.2869	-0.4335	3.0281	low	1.2869	0.0	3.0281	rho_fallback_no_desc	0.0	0.0
H5b3	1	7.8917			no_ci	7.8917	0.0		rho_fallback_no_desc	0.0	0.0
H5b4	2	5.2164	0.1025	10.5005	very_low	5.2164	0.1025	10.5005	rho_fallback_no_desc	0.0	0.0
H5b5	2	5.2164	-4.832	15.9461	very_low	5.2164	0.0	15.9461	rho_fallback_no_desc	0.0	0.0
H5c	5	5.7479	2.7345	8.8189	low	5.7479	2.7345	8.8189	rho_fallback_no_desc	0.0	0.0
H5c1	2	3.8953	1.3387	6.4951	very_low	2.8739	1.3673		single_child_interpolation	-1.0214000000000003	26.22134367057737
H5c1a	1	0.0			no_ci	0.0	0.0		rho_fallback_no_desc	0.0	
H5c2	1	2.5854			no_ci	2.5854	0.0		rho_fallback_no_desc	0.0	0.0
H5d	2	3.8953	1.3387	6.4951	very_low	3.8953	1.3387	6.4951	rho_fallback_no_desc	0.0	0.0
H5e	18	11.5256	10.1511	12.9106	low	8.9093	7.9893	9.835	single_child_interpolation	-2.6163000000000007	22.699902825015624
H5e1	17	6.4699	5.2753	7.6733	medium	6.4699	5.2753	7.6733	rho_direct	0.0	0.0
H5e1a	7	3.7075	1.5161	5.9306	low	4.0078	2.6377	6.1482	single_child_interpolation	0.30029999999999957	8.099797707349955
H5e1a1	5	1.5457	-1.4681	4.6232	low	1.5457	0.0	4.6232	rho_fallback_no_desc	0.0	0.0
H5e1b	3	3.4574	1.7531	5.181	low	3.4574	1.7531	5.181	rho_fallback_no_desc	0.0	0.0
H5f	3	4.3344	-1.7541	10.6712	low	4.3344	0.0	10.6712	rho_fallback_no_desc	0.0	0.0
H5g	2	3.8953	1.3387	6.4951	very_low	3.8953	1.3387	6.4951	rho_fallback_no_desc	0.0	0.0
H5h	2	2.5854	2.5854	2.5854	very_low	2.5854	2.5854	2.5854	rho_fallback_no_desc	0.0	0.0
H5i	6	0.0	0.0	0.0	low	0.0	0.0	0.0	rho_fallback_no_desc	0.0	
H5j	4	3.2389	1.9607	4.528	low	3.2389	1.9607	4.528	rho_fallback_no_desc	0.0	0.0
H5k	2	1.2869	-1.2245	3.8427	very_low	1.2869	0.0	3.8427	rho_fallback_no_desc	0.0	0.0
H5m	6	6.995	4.4161	9.6149	low	6.995	4.4161	9.6149	rho_fallback_no_desc	0.0	0.0
H5n	4	6.5486	5.0419	8.0692	low	6.5486	5.0419	8.0692	rho_fallback_no_desc	0.0	0.0
H5p	2	1.2869	-1.2245	3.8427	very_low	1.2869	0.0	3.8427	rho_fallback_no_desc	0.0	0.0
H5q	2	1.2869	-1.2245	3.8427	very_low	1.2869	0.0	3.8427	rho_fallback_no_desc	0.0	0.0
H5r	8	2.9118	1.7554	4.0772	low	2.9118	1.7554	4.0772	rho_fallback_no_desc	0.0	0.0
H5r1	3	0.8567	-0.8175	2.5507	low	0.8567	0.0	2.5507	rho_fallback_no_desc	0.0	0.0
H5r2	2	1.2869	-1.2245	3.8427	very_low	1.2869	0.0	3.8427	rho_fallback_no_desc	0.0	0.0
H5s	3	2.5854	-0.3368	5.566	low	2.5854	0.0	5.566	rho_fallback_no_desc	0.0	0.0
H5t	2	2.5854	-2.4381	7.7838	very_low	2.5854	0.0	7.7838	rho_fallback_no_desc	0.0	0.0
H5u	4	9.9265	7.3846	12.5056	low	6.9671	5.3516	9.8902	single_child_interpolation	-2.9594000000000005	29.813126479625247
H5u1	2	2.5854	-2.4381	7.7838	very_low	2.5854	0.0	7.7838	rho_fallback_no_desc	0.0	0.0
H5v	3	10.6101	7.5371	13.7368	low	10.6101	7.5371	13.7368	rho_fallback_no_desc	0.0	0.0
H6	168	18.0951	17.1829	19.0113	low	18.0951	17.1829	19.0113	rho_direct	0.0	0.0
H60	3	12.4458	8.8654	16.0964	low	12.2532	10.3712	14.1716	single_child_interpolation	-0.19260000000000055	1.5475100033746367
H60a	3	9.6992	6.1744	13.2963	low	9.6992	6.1744	13.2963	rho_fallback_no_desc	0.0	0.0
H61	6	5.2164	3.8793	6.5648	low	8.0471	7.2839	9.4449	single_child_interpolation	2.8307	54.26539375814738
H61a	2	1.2869	-1.2245	3.8427	very_low	1.2869	0.0	3.8427	rho_fallback_no_desc	0.0	0.0
H62	2	5.2164	0.1025	10.5005	very_low	5.2164	0.1025	10.5005	rho_fallback_no_desc	0.0	0.0
H63	4	3.2389	0.0432	6.5035	low	8.6964	7.2839		single_child_interpolation	5.4575000000000005	168.49856432739512
H63a	1	2.5854			no_ci	2.5854	0.0		rho_fallback_no_desc	0.0	0.0
H64	0				no_ci		0.0		rho_fallback_no_desc		
H65	2	5.2164	5.2164	5.2164	very_low	7.4036	7.2839		single_child_interpolation	2.1872	41.92929990031439
H65a	1	0.0			no_ci	0.0	0.0		rho_fallback_no_desc	0.0	
H66	6	6.1033	4.3696	7.8557	low	8.6964	7.5404	9.867	single_child_interpolation	2.5931000000000006	42.4868513754854
H66a	4	2.5854	0.513	4.687	low	4.9916	3.7702	6.8549	single_child_interpolation	2.4062	93.06877078981977
H66a1	2	1.2869	-1.2245	3.8427	very_low	1.2869	0.0	3.8427	rho_fallback_no_desc	0.0	0.0
H67	3	8.7931	7.0308	10.5736	low	9.3513	7.9533	10.771	single_child_interpolation	0.5581999999999994	6.348159352219346
H67a	2	3.8953	1.3387	6.4951	very_low	3.8953	1.3387	6.4951	rho_fallback_no_desc	0.0	0.0
H68	4	3.8953	0.603	7.2595	low	3.8953	0.603	7.2595	rho_fallback_no_desc	0.0	0.0
H69	2	1.2869	-1.2245	3.8427	very_low	1.2869	0.0	3.8427	rho_fallback_no_desc	0.0	0.0
H6a	141	13.1733	12.2957	14.0551	high	13.1733	12.2957	14.0551	rho_direct	0.0	0.0
H6a1	135	10.671	9.7723	11.5742	high	10.671	9.7723	11.5742	rho_direct	0.0	0.0
H6a1a	74	7.564	6.5029	8.6318	high	7.564	6.5029	8.6318	rho_direct	0.0	0.0
H6a1a1	3	8.7931	2.5273	15.2961	low	4.4254	3.2514	6.2373	single_child_interpolation	-4.367700000000001	49.67190183211837
H6a1a10	2	7.8917	7.8917	7.8917	very_low	7.8917	7.8917	7.8917	rho_fallback_no_desc	0.0	0.0
H6a1a1a	2	1.2869	-1.2245	3.8427	very_low	1.2869	0.0	3.8427	rho_fallback_no_desc	0.0	0.0
H6a1a2	9	11.5256	9.3357	13.7421	low	11.5256	9.3357	13.7421	rho_fallback_no_desc	0.0	0.0
H6a1a2a	2	9.2456	6.6021	11.9299	very_low	9.2456	6.6021	11.9299	rho_fallback_no_desc	0.0	0.0
H6a1a2b	7	5.9763	3.2738	8.7247	low	6.1912	4.6679	8.1464	single_child_interpolation	0.2149000000000001	3.5958703545672086
H6a1a2b1	3	0.8567	-0.8175	2.5507	low	0.8567	0.0	2.5507	rho_fallback_no_desc	0.0	0.0
H6a1a3	5	3.108	1.2007	5.0397	low	5.0747	3.2514		single_child_interpolation	1.9667	63.278635778635774
H6a1a3a	1	2.5854			no_ci	2.5854	0.0		rho_fallback_no_desc	0.0	0.0
H6a1a4	6	4.7748	1.171	8.4632	low	4.7748	1.171	8.4632	rho_fallback_no_desc	0.0	0.0
H6a1a5	3	3.4574	-1.009	8.0587	low	3.4574	0.0	8.0587	rho_fallback_no_desc	0.0	0.0
H6a1a6	2	2.5854	-2.4381	7.7838	very_low	2.5854	0.0	7.7838	rho_fallback_no_desc	0.0	0.0
H6a1a7	2	1.2869	-1.2245	3.8427	very_low	1.2869	0.0	3.8427	rho_fallback_no_desc	0.0	0.0
H6a1a8	3	7.8917	7.8917	7.8917	low	5.0747	4.5441	5.6086	single_child_interpolation	-2.817	35.69573095784179
H6a1a8a	3	2.5854	2.5854	2.5854	low	2.5854	2.5854	2.5854	rho_fallback_no_desc	0.0	0.0
H6a1a9	2	3.8953	1.3387	6.4951	very_low	3.8953	1.3387	6.4951	rho_fallback_no_desc	0.0	0.0
H6a1b	61	8.4231	6.9481	9.9109	high	8.4231	6.9481	9.9109	rho_direct	0.0	0.0
H6a1b1	1	0.0			no_ci	0.0	0.0		rho_fallback_no_desc	0.0	
H6a1b2	19	6.1969	2.6534	9.8195	medium	6.1969	2.6534	9.8195	rho_direct	0.0	0.0
H6a1b2a	3	2.5854	-0.3368	5.566	low	2.5854	0.0	5.566	rho_fallback_no_desc	0.0	0.0
H6a1b2b	1	0.0			no_ci	0.0	0.0		rho_fallback_no_desc	0.0	
H6a1b2c	1	7.8917			no_ci	7.8917	0.0		rho_fallback_no_desc	0.0	0.0
H6a1b2d	3	0.8567	-0.8175	2.5507	low	0.8567	0.0	2.5507	rho_fallback_no_desc	0.0	0.0
H6a1b2e	2	3.8953	1.3387	6.4951	very_low	3.8953	1.3387	6.4951	rho_fallback_no_desc	0.0	0.0
H6a1b3	7	6.7398	3.3661	10.1841	low	6.7398	3.3661	10.1841	rho_fallback_no_desc	0.0	0.0
H6a1b3a	3	2.5854	-0.3368	5.566	low	2.5854	0.0	5.566	rho_fallback_no_desc	0.0	0.0
H6a1b3b	1	5.2164			no_ci	5.2164	0.0		rho_fallback_no_desc	0.0	0.0
H6a1b4	5	3.108	0.6158	5.642	low	3.108	0.6158	5.642	rho_fallback_no_desc	0.0	0.0
H6a2	5	5.7479	3.8075	7.712	low	9.1948	6.1479		single_child_interpolation	3.446900000000001	59.96798830877367
H6a2a	1	5.2164			no_ci	5.2164	0.0		rho_fallback_no_desc	0.0	0.0
H6b	21	10.089	6.8032	13.437	medium	10.089	6.8032	13.437	rho_direct	0.0	0.0
H6b1	0				no_ci		0.0		rho_fallback_no_desc		
H6b2	17	8.2093	4.3512	12.1571	medium	8.2093	4.3512	12.1571	rho_direct	0.0	0.0
H6c	6	5.6592	3.1898	8.1672	low	10.3402	8.5915	12.2887	single_child_interpolation	4.680999999999999	82.71487135990951
H6c1	3	2.5854	-0.3368	5.566	low	2.5854	0.0	5.566	rho_fallback_no_desc	0.0	0.0
H7	147	9.3103	8.4773	10.1473	high	9.3103	8.4773	10.1473	rho_direct	0.0	0.0
H70	4	7.2188	5.9077	8.5402	low	7.2188	5.9077	8.5402	rho_fallback_no_desc	0.0	0.0
H71	1	5.2164			no_ci	5.2164	0.0		rho_fallback_no_desc	0.0	0.0
H72	2	2.5854	-2.4381	7.7838	very_low	2.5854	0.0	7.7838	rho_fallback_no_desc	0.0	0.0
H73	6	7.8917	4.8676	10.971	low	8.371	7.2839	9.7192	single_child_interpolation	0.4793000000000003	6.073469594637407
H73a	4	1.9348	-0.4816	4.3914	low	4.829	3.642	6.781	single_child_interpolation	2.8941999999999997	149.5865205706016
H73a1	2	1.2869	-1.2245	3.8427	very_low	1.2869	0.0	3.8427	rho_fallback_no_desc	0.0	0.0
H74	2	6.5486	3.9479	9.1912	very_low	6.5486	3.9479	9.1912	rho_fallback_no_desc	0.0	0.0
H75	2	1.2869	-1.2245	3.8427	very_low	1.2869	0.0	3.8427	rho_fallback_no_desc	0.0	0.0
H76	6	5.6592	2.5564	8.8233	low	9.0231	8.2643	9.7875	single_child_interpolation	3.3638999999999992	59.44126378286681
H76a	4	3.2389	1.9607	4.528	low	3.2389	1.9607	4.528	rho_fallback_no_desc	0.0	0.0
H77	1	0.0			no_ci	0.0	0.0		rho_fallback_no_desc	0.0	
H78	0				no_ci		0.0		rho_fallback_no_desc		
H79	5	5.2164	3.5804	6.8694	low	8.6964	8.5766	8.8162	single_child_interpolation	3.4800000000000004	66.7126754083276
H79a	2	2.5854	2.5854	2.5854	very_low	2.5854	2.5854	2.5854	rho_fallback_no_desc	0.0	0.0
H7a	26	10.2943	7.4003	13.2361	low	10.2943	7.4003	13.2361	rho_direct	0.0	0.0
H7a1	21	8.9222	5.6819	12.2247	low	8.9222	5.6819	12.2247	rho_direct	0.0	0.0
H7a1a	6	14.2997	10.9629	17.6952	low	7.4017	5.1314	9.7083	single_child_interpolation	-6.898	48.23877424001902
H7a1a1	4	5.8811	4.5809	7.1919	low	5.8811	4.5809	7.1919	rho_fallback_no_desc	0.0	0.0
H7a1b	3	3.4574	-1.009	8.0587	low	3.4574	0.0	8.0587	rho_fallback_no_desc	0.0	0.0
H7a1c	2	2.5854	-2.4381	7.7838	very_low	2.5854	0.0	7.7838	rho_fallback_no_desc	0.0	0.0
H7a1d	2	1.2869	-1.2245	3.8427	very_low	1.2869	0.0	3.8427	rho_fallback_no_desc	0.0	0.0
H7a2	2	2.5854	2.5854	2.5854	very_low	2.5854	2.5854	2.5854	rho_fallback_no_desc	0.0	0.0
H7b	56	5.169	4.3078	6.0349	high	5.169	4.3078	6.0349	rho_direct	0.0	0.0
H7b1	10	4.9513	2.5902	7.3482	low	4.9513	2.5902	7.3482	rho_direct	0.0	0.0
H7b2	5	3.108	-0.9397	7.2671	low	6.5304	2.1539		single_child_interpolation	3.4224	110.11583011583012
H7b2a	1	7.8917			no_ci	7.8917	0.0		rho_fallback_no_desc	0.0	0.0
H7b3	1	0.0			no_ci	0.0	0.0		rho_fallback_no_desc	0.0	
H7b4	1	2.5854			no_ci	2.5854	0.0		rho_fallback_no_desc	0.0	0.0
H7b5	2	1.2869	-1.2245	3.8427	very_low	1.2869	0.0	3.8427	rho_fallback_no_desc	0.0	0.0
H7b6	2	3.8953	-3.6406	11.8196	very_low	3.8953	0.0	11.8196	rho_fallback_no_desc	0.0	0.0
H7c	26	7.1671	5.6694	8.6785	medium	7.1671	5.6694	8.6785	rho_direct	0.0	0.0
H7c1	13	3.1886	2.338	4.0439	medium	3.1886	2.338	4.0439	rho_direct	0.0	0.0
H7c2	4	1.2869	-0.1685	2.7572	low	1.2869	0.0	2.7572	rho_fallback_no_desc	0.0	0.0
H7c3	3	3.4574	1.7531	5.181	low	3.4574	1.7531	5.181	rho_fallback_no_desc	0.0	0.0
H7c4	1	19.0125			no_ci	19.0125	0.0		rho_fallback_no_desc	0.0	0.0
H7c5	3	2.5854	-0.3368	5.566	low	2.5854	0.0	5.566	rho_fallback_no_desc	0.0	0.0
H7c6	2	6.5486	3.9479	9.1912	very_low	6.5486	3.9479	9.1912	rho_fallback_no_desc	0.0	0.0
H7d	14	8.664	6.4915	10.8644	low	8.664	6.4915	10.8644	rho_direct	0.0	0.0
H7d1	2	3.8953	1.3387	6.4951	very_low	3.8953	1.3387	6.4951	rho_fallback_no_desc	0.0	0.0
H7d2	3	3.4574	1.7531	5.181	low	4.9754	3.2458	7.3535	single_child_interpolation	1.5179999999999998	43.90582518655637
H7d2a	2	1.2869	-1.2245	3.8427	very_low	1.2869	0.0	3.8427	rho_fallback_no_desc	0.0	0.0
H7d3	3	6.1033	1.5581	10.7797	low	6.9402	3.297	10.6825	single_child_interpolation	0.8369	13.712254026510248
H7d3a	2	5.2164	0.1025	10.5005	very_low	5.2164	0.1025	10.5005	rho_fallback_no_desc	0.0	0.0
H7d4	2	2.5854	2.5854	2.5854	very_low	2.5854	2.5854	2.5854	rho_fallback_no_desc	0.0	0.0
H7d5	2	2.5854	2.5854	2.5854	very_low	2.5854	2.5854	2.5854	rho_fallback_no_desc	0.0	0.0
H7e	6	2.1513	1.3042	3.0034	low	2.1513	1.3042	3.0034	rho_fallback_no_desc	0.0	0.0
H7f	2	3.8953	-3.6406	11.8196	very_low	3.8953	0.0	11.8196	rho_fallback_no_desc	0.0	0.0
H7g	1	0.0			no_ci	0.0	0.0		rho_fallback_no_desc	0.0	
H7h	5	6.2812	2.4115	10.2454	low	6.3838	4.2386	10.3056	single_child_interpolation	0.1025999999999998	1.6334458383748296
H7h1	3	3.4574	-3.241	10.464	low	3.4574	0.0	10.464	rho_fallback_no_desc	0.0	0.0
H7i	3	4.3344	2.6202	6.0677	low	5.9478	5.5313	6.3663	single_child_interpolation	1.6134000000000004	37.223145071982294
H7i1	2	2.5854	2.5854	2.5854	very_low	2.5854	2.5854	2.5854	rho_fallback_no_desc	0.0	0.0
H8	31	12.2079	10.6108	13.8188	medium	12.2079	10.6108	13.8188	rho_direct	0.0	0.0
H80	4	3.2389	0.0432	6.5035	low	3.2389	0.0432	6.5035	rho_fallback_no_desc	0.0	0.0
H81	3	6.1033	-1.312	13.8749	low	7.4036	7.2839		single_child_interpolation	1.3003	21.3048678583717
H81a	1	0.0			no_ci	0.0	0.0		rho_fallback_no_desc	0.0	
H82	3	4.3344	0.9254	7.8198	low	4.3344	0.9254	7.8198	rho_fallback_no_desc	0.0	0.0
H83	2	2.5854	-2.4381	7.7838	very_low	2.5854	0.0	7.7838	rho_fallback_no_desc	0.0	0.0
H84	0				no_ci		0.0		rho_fallback_no_desc		
H85	6	3.8953	2.144	5.6667	low	3.8953	2.144	5.6667	rho_fallback_no_desc	0.0	0.0
H86	2	5.2164	5.2164	5.2164	very_low	5.2164	5.2164	5.2164	rho_fallback_no_desc	0.0	0.0
H87	2	3.8953	1.3387	6.4951	very_low	3.8953	1.3387	6.4951	rho_fallback_no_desc	0.0	0.0
H88	1	0.0			no_ci	0.0	0.0		rho_fallback_no_desc	0.0	
H89	2	3.8953	-3.6406	11.8196	very_low	3.8953	0.0	11.8196	rho_fallback_no_desc	0.0	0.0
H8_C114T	27	11.934	10.0426	13.8451	low	11.934	10.0426	13.8451	rho_direct	0.0	0.0
H8_C114T_T152C!	13	8.7236	5.9016	11.5927	medium	9.4239	6.9776	11.9078	single_child_interpolation	0.7003000000000004	8.027649135677937
H8a	3	4.3344	2.6202	6.0677	low	6.7474	5.3054	8.8308	single_child_interpolation	2.4130000000000003	55.67091177556295
H8a1	2	1.2869	-1.2245	3.8427	very_low	1.2869	0.0	3.8427	rho_fallback_no_desc	0.0	0.0
H8b	14	10.024	7.7141	12.3645	medium	10.0253	7.9375	12.1385	single_child_interpolation	0.001300000000000523	0.012968874700723495
H8b1	12	8.1166	5.8325	10.4318	medium	6.4919	4.7826	8.2198	single_child_interpolation	-1.6246999999999998	20.01700219303649
H8b1a	7	2.9585	1.6277	4.3012	low	2.9585	1.6277	4.3012	rho_fallback_no_desc	0.0	0.0
H8c	11	6.9138	3.9127	9.9704	medium	6.9138	3.9127	9.9704	rho_direct	0.0	0.0
H8c1	1	7.8917			no_ci	7.8917	0.0		rho_fallback_no_desc	0.0	0.0
H8c2	2	3.8953	-3.6406	11.8196	very_low	3.8953	0.0	11.8196	rho_fallback_no_desc	0.0	0.0
H9	5	10.063	8.0715	12.0772	low	6.3817	4.6096	8.1746	single_child_interpolation	-3.6813000000000002	36.582530060618105
H90	1	0.0			no_ci	0.0	0.0		rho_fallback_no_desc	0.0	
H91	7	4.8378	2.7555	6.9479	low	4.8378	2.7555	6.9479	rho_fallback_no_desc	0.0	0.0
H92	3	8.7931	4.1712	13.5427	low	8.7931	4.1712	13.5427	rho_fallback_no_desc	0.0	0.0
H93	1	0.0			no_ci	0.0	0.0		rho_fallback_no_desc	0.0	
H94	2	1.2869	-1.2245	3.8427	very_low	1.2869	0.0	3.8427	rho_fallback_no_desc	0.0	0.0
H95	3	10.6101	7.5371	13.7368	low	9.3513	7.9533	10.771	single_child_interpolation	-1.258799999999999	11.864167161478207
H95a	2	3.8953	1.3387	6.4951	very_low	3.8953	1.3387	6.4951	rho_fallback_no_desc	0.0	0.0
H96	2	5.2164	0.1025	10.5005	very_low	5.2164	0.1025	10.5005	rho_fallback_no_desc	0.0	0.0
H99	0				no_ci		0.0		rho_fallback_no_desc		
H9a	4	2.5854	0.513	4.687	low	2.5854	0.513	4.687	rho_fallback_no_desc	0.0	0.0
HV	4164	20.2926	20.0523	20.5331	high	20.2926	20.0523	20.5331	rho_direct	0.0	0.0
HV0	337	14.9032	14.2771	15.5314	high	14.9032	14.2771	15.5314	rho_direct	0.0	0.0
HV0_T195C!	31	7.8917	6.4476	9.3482	medium	7.8917	6.4476	9.3482	rho_direct	0.0	0.0
HV0a	302	12.6627	12.0212	13.3066	high	12.6627	12.0212	13.3066	rho_direct	0.0	0.0
HV0a1	6	6.1033	3.213	9.046	low	6.9748	6.0106	8.5747	single_child_interpolation	0.8715000000000002	14.279160454180529
HV0a1a	2	1.2869	-1.2245	3.8427	very_low	1.2869	0.0	3.8427	rho_fallback_no_desc	0.0	0.0
HV0b	4	3.2389	0.0432	6.5035	low	3.2389	0.0432	6.5035	rho_fallback_no_desc	0.0	0.0
HV0c	2	2.5854	-2.4381	7.7838	very_low	2.5854	0.0	7.7838	rho_fallback_no_desc	0.0	0.0
HV0d	2	5.2164	0.1025	10.5005	very_low	5.2164	0.1025	10.5005	rho_fallback_no_desc	0.0	0.0
HV0e	2	6.5486	-1.1229	14.598	very_low	6.5486	0.0	14.598	rho_fallback_no_desc	0.0	0.0
HV0f	4	4.5544	2.0951	7.053	low	4.5544	2.0951	7.053	rho_fallback_no_desc	0.0	0.0
HV0g	2	3.8953	-3.6406	11.8196	very_low	3.8953	0.0	11.8196	rho_fallback_no_desc	0.0	0.0
HV1	63	21.7079	19.8951	23.5355	low	21.7079	19.8951	23.5355	rho_direct	0.0	0.0
HV10	4	4.5544	-1.0797	10.3993	low	4.5544	0.0	10.3993	rho_fallback_no_desc	0.0	0.0
HV11	4	9.2456	4.2204	14.4206	low	8.0883	4.9119	14.0249	single_child_interpolation	-1.1572999999999993	12.517305529116546
HV11a	2	5.2164	-4.832	15.9461	very_low	5.2164	0.0	15.9461	rho_fallback_no_desc	0.0	0.0
HV12	11	16.1717	10.7688	21.7241	low	16.1717	10.7688	21.7241	rho_direct	0.0	0.0
HV12a	2	23.3456	20.505	26.2215	very_low	11.3602	7.3583	15.4576	single_child_interpolation	-11.9854	51.33901034884518
HV12a1	2	6.5486	3.9479	9.1912	very_low	6.5486	3.9479	9.1912	rho_fallback_no_desc	0.0	0.0
HV12b	8	11.9851	7.4701	16.6137	low	13.5868	9.197	18.0835	single_child_interpolation	1.601700000000001	13.36409374973927
HV12b1	7	11.0019	7.6252	14.443	low	10.0677	6.5724	13.6374	single_child_interpolation	-0.9341999999999988	8.491260600441732
HV12b1a	2	6.5486	3.9479	9.1912	very_low	6.5486	3.9479	9.1912	rho_fallback_no_desc	0.0	0.0
HV13	13	15.3055	13.5087	17.1188	medium	15.3055	13.5087	17.1188	rho_direct	0.0	0.0
HV13a	3	2.5854	2.5854	2.5854	low	2.5854	2.5854	2.5854	rho_fallback_no_desc	0.0	0.0
HV13b	10	11.7093	9.8821	13.5549	medium	11.7093	9.8821	13.5549	rho_direct	0.0	0.0
HV13b1	4	3.8953	2.4139	5.3911	low	3.8953	2.4139	5.3911	rho_fallback_no_desc	0.0	0.0
HV13b2	3	2.5854	2.5854	2.5854	low	2.5854	2.5854	2.5854	rho_fallback_no_desc	0.0	0.0
HV14	16	11.8127	9.6762	13.9743	low	10.1029	8.3661	11.8592	single_child_interpolation	-1.7097999999999995	14.47425228779195
HV14a	14	9.2456	6.9084	11.6146	medium	9.2456	6.9084	11.6146	rho_direct	0.0	0.0
HV15	4	7.8917	7.8917	7.8917	low	7.8917	7.8917	7.8917	rho_fallback_no_desc	0.0	0.0
HV16	7	3.3325	2.3879	4.283	low	3.3325	2.3879	4.283	rho_fallback_no_desc	0.0	0.0
HV17	4	9.9265	4.5008	15.5247	low	9.426	8.8577	9.9977	single_child_interpolation	-0.5005000000000006	5.042059134639606
HV17a	2	7.8917	7.8917	7.8917	very_low	7.8917	7.8917	7.8917	rho_fallback_no_desc	0.0	0.0
HV18	5	3.6324	1.0302	6.2797	low	3.6324	1.0302	6.2797	rho_fallback_no_desc	0.0	0.0
HV19	2	7.8917	7.8917	7.8917	very_low	7.8917	7.8917	7.8917	rho_fallback_no_desc	0.0	0.0
HV1a	32	15.9074	13.7108	18.1284	medium	15.9074	13.7108	18.1284	rho_direct	0.0	0.0
HV1a'b'c	60	18.6315	16.9743	20.3018	high	18.6315	16.9743	20.3018	rho_direct	0.0	0.0
HV1a1	18	11.8318	10.2495	13.4279	medium	11.8318	10.2495	13.4279	rho_direct	0.0	0.0
HV1a1a	15	7.174	5.3703	8.9975	medium	7.174	5.3703	8.9975	rho_direct	0.0	0.0
HV1a1b	1	5.2164			no_ci	5.2164	0.0		rho_fallback_no_desc	0.0	0.0
HV1a2	7	5.9763	3.2738	8.7247	low	5.9763	3.2738	8.7247	rho_fallback_no_desc	0.0	0.0
HV1a2a	3	3.4574	0.0683	6.9235	low	3.4574	0.0683	6.9235	rho_fallback_no_desc	0.0	0.0
HV1a2b	2	6.5486	3.9479	9.1912	very_low	6.5486	3.9479	9.1912	rho_fallback_no_desc	0.0	0.0
HV1a3	6	7.4428	3.7773	11.1906	low	11.228	6.8554	16.3632	single_child_interpolation	3.7851999999999997	50.8572042779599
HV1a3a	2	6.5486	-1.1229	14.598	very_low	6.5486	0.0	14.598	rho_fallback_no_desc	0.0	0.0
HV1b	22	17.5872	14.8701	20.3406	low	17.5872	14.8701	20.3406	rho_direct	0.0	0.0
HV1b1	5	8.9739	3.8416	14.2636	low	8.9739	3.8416	14.2636	rho_fallback_no_desc	0.0	0.0
HV1b1a	2	7.8917	7.8917	7.8917	very_low	7.8917	7.8917	7.8917	rho_fallback_no_desc	0.0	0.0
HV1b1b	2	5.2164	-4.832	15.9461	very_low	5.2164	0.0	15.9461	rho_fallback_no_desc	0.0	0.0
HV1b2	4	1.9348	0.6678	3.2128	low	1.9348	0.6678	3.2128	rho_fallback_no_desc	0.0	0.0
HV1b3	8	13.7184	9.9734	17.5383	low	13.7184	9.9734	17.5383	rho_fallback_no_desc	0.0	0.0
HV1b3a	2	2.5854	-2.4381	7.7838	very_low	2.5854	0.0	7.7838	rho_fallback_no_desc	0.0	0.0
HV1b3b	2	6.5486	3.9479	9.1912	very_low	6.5486	3.9479	9.1912	rho_fallback_no_desc	0.0	0.0
HV1b_T152C!	13	15.5217	11.9614	19.1472	medium	15.5217	11.9614	19.1472	rho_direct	0.0	0.0
HV1c	4	12.6765	8.6485	16.7933	low	12.6765	8.6485	16.7933	rho_fallback_no_desc	0.0	0.0
HV1d	2	7.8917	2.6898	13.2593	very_low	7.8917	2.6898	13.2593	rho_fallback_no_desc	0.0	0.0
HV2	29	32.413	29.5375	35.319	low	27.0206	23.4245	30.6696	single_child_interpolation	-5.392399999999995	16.636534723721947
HV20	0				no_ci		0.0		rho_fallback_no_desc		
HV21	1	5.2164			no_ci	5.2164	0.0		rho_fallback_no_desc	0.0	0.0
HV22	2	3.8953	-3.6406	11.8196	very_low	3.8953	0.0	11.8196	rho_fallback_no_desc	0.0	0.0
HV23	2	6.5486	3.9479	9.1912	very_low	6.5486	3.9479	9.1912	rho_fallback_no_desc	0.0	0.0
HV24	2	5.2164	-4.832	15.9461	very_low	5.2164	0.0	15.9461	rho_fallback_no_desc	0.0	0.0
HV25	2	5.2164	5.2164	5.2164	very_low	5.2164	5.2164	5.2164	rho_fallback_no_desc	0.0	0.0
HV2a	29	20.0011	17.021	23.0227	low	20.0011	17.021	23.0227	rho_direct	0.0	0.0
HV2a1	9	19.9681	16.1334	23.8718	low	14.8501	12.4743	17.2558	single_child_interpolation	-5.118	25.630881255602688
HV2a1a	3	9.6992	7.9276	11.4889	low	9.6992	7.9276	11.4889	rho_fallback_no_desc	0.0	0.0
HV2a2	15	11.5256	8.4955	14.6069	medium	11.5256	8.4955	14.6069	rho_direct	0.0	0.0
HV2a3	4	8.5673	5.2611	11.9386	low	8.5673	5.2611	11.9386	rho_fallback_no_desc	0.0	0.0
HV3	5	2.0647	-0.8758	5.0649	low	2.0647	0.0	5.0649	rho_fallback_no_desc	0.0	0.0
HV4	26	14.5507	12.1104	17.022	medium	14.5507	12.1104	17.022	rho_direct	0.0	0.0
HV4a	20	15.0464	13.4377	16.6684	low	15.0464	13.4377	16.6684	rho_direct	0.0	0.0
HV4a1	16	12.1577	10.1928	14.1437	medium	12.0937	10.2253	13.9821	single_child_interpolation	-0.06400000000000006	0.526415358168075
HV4a1_C16291T	13	9.141	7.0128	11.2957	medium	9.4327	7.3215	11.5709	single_child_interpolation	0.2917000000000005	3.1911169456295867
HV4a1a	12	6.7717	4.4178	9.1597	medium	6.7717	4.4178	9.1597	rho_direct	0.0	0.0
HV4a1a1	2	1.2869	-1.2245	3.8427	very_low	1.2869	0.0	3.8427	rho_fallback_no_desc	0.0	0.0
HV4a1a2	2	5.2164	0.1025	10.5005	very_low	5.2164	0.1025	10.5005	rho_fallback_no_desc	0.0	0.0
HV4a1a3	2	3.8953	-3.6406	11.8196	very_low	3.8953	0.0	11.8196	rho_fallback_no_desc	0.0	0.0
HV4a1a4	2	5.2164	0.1025	10.5005	very_low	5.2164	0.1025	10.5005	rho_fallback_no_desc	0.0	0.0
HV4a2	4	9.9265	8.5943	11.2688	low	9.9265	8.5943	11.2688	rho_fallback_no_desc	0.0	0.0
HV4a2a	2	1.2869	-1.2245	3.8427	very_low	1.2869	0.0	3.8427	rho_fallback_no_desc	0.0	0.0
HV4a2b	2	7.8917	7.8917	7.8917	very_low	7.8917	7.8917	7.8917	rho_fallback_no_desc	0.0	0.0
HV4b	0				no_ci		0.0		rho_fallback_no_desc		
HV4c	2	3.8953	-3.6406	11.8196	very_low	3.8953	0.0	11.8196	rho_fallback_no_desc	0.0	0.0
HV5	6	8.7931	4.1712	13.5427	low	8.7931	4.1712	13.5427	rho_fallback_no_desc	0.0	0.0
HV5a	3	1.7185	0.0342	3.4224	low	1.7185	0.0342	3.4224	rho_fallback_no_desc	0.0	0.0
HV5b	3	7.8917	2.6898	13.2593	low	7.8917	2.6898	13.2593	rho_fallback_no_desc	0.0	0.0
HV6	14	5.786	3.8122	7.7843	medium	6.7728	6.2046	7.3445	single_child_interpolation	0.9868000000000006	17.05496024887661
HV6a	2	2.5854	2.5854	2.5854	very_low	2.5854	2.5854	2.5854	rho_fallback_no_desc	0.0	0.0
HV7	3	6.1033	2.655	9.6266	low	6.1033	2.655	9.6266	rho_fallback_no_desc	0.0	0.0
HV8	3	0.8567	-0.8175	2.5507	low	0.8567	0.0	2.5507	rho_fallback_no_desc	0.0	0.0
HV9	18	8.3418	5.9634	10.7539	medium	8.3418	5.9634	10.7539	rho_direct	0.0	0.0
HV9_T152C!	8	8.2291	4.7361	11.7956	low	7.6684	4.5054	10.8966	single_child_interpolation	-0.5607000000000006	6.813624819239049
HV9a	6	6.995	3.0474	11.0393	low	6.1114	3.3003	8.9748	single_child_interpolation	-0.8836000000000004	12.63187991422445
HV9a1	4	4.5544	2.0951	7.053	low	5.0034	2.3195	7.7349	single_child_interpolation	0.44899999999999984	9.858598278587735
HV9a1a	2	3.8953	1.3387	6.4951	very_low	3.8953	1.3387	6.4951	rho_fallback_no_desc	0.0	0.0
HV9b	2	5.2164	5.2164	5.2164	very_low	5.2164	5.2164	5.2164	rho_fallback_no_desc	0.0	0.0
HV9c	3	6.1033	4.3696	7.8557	low	6.1033	4.3696	7.8557	rho_fallback_no_desc	0.0	0.0
HV_A73G!	34	34.0402	29.828	38.3165	low	34.0402	29.828	38.3165	rho_direct	0.0	0.0
HV_T16311C!	94	10.9602	9.8238	12.1037	high	10.9602	9.8238	12.1037	rho_direct	0.0	0.0
H_C16291T	15	8.2517	6.9024	9.6117	medium	8.2517	6.9024	9.6117	rho_direct	0.0	0.0
H_G13708A	18	9.0946	7.6589	10.5423	medium	9.0946	7.6589	10.5423	rho_direct	0.0	0.0
H_G16129A	44	10.4856	9.3863	11.5918	medium	10.4856	9.3863	11.5918	rho_direct	0.0	0.0
H_T152C	38	10.178	8.7062	11.6622	medium	10.178	8.7062	11.6622	rho_direct	0.0	0.0
H_T195C	136	20.7864	19.4582	22.1228	low	20.7864	19.4582	22.1228	rho_direct	0.0	0.0
H_T195C_T146C!	45	18.8219	16.5043	21.1652	low	18.8219	16.5043	21.1652	rho_direct	0.0	0.0
I	243	22.3216	21.1552	23.494	high	22.3216	21.1552	23.494	rho_direct	0.0	0.0
I1	85	23.7062	21.6055	25.8261	low	23.7062	21.6055	25.8261	rho_direct	0.0	0.0
I1a	49	20.5944	18.79	22.4138	medium	16.2076	14.2499	18.1846	single_child_interpolation	-4.386800000000001	21.300936176824774
I1a1	43	8.709	6.8943	10.5431	medium	8.709	6.8943	10.5431	rho_direct	0.0	0.0
I1a1a	22	6.427	4.7217	8.1503	medium	6.427	4.7217	8.1503	rho_direct	0.0	0.0
I1a1a1	2	1.2869	-1.2245	3.8427	very_low	1.2869	0.0	3.8427	rho_fallback_no_desc	0.0	0.0
I1a1a2	2	1.2869	-1.2245	3.8427	very_low	1.2869	0.0	3.8427	rho_fallback_no_desc	0.0	0.0
I1a1a3	9	6.1033	2.9916	9.2759	low	4.7239	2.3609	7.2807	single_child_interpolation	-1.3793999999999995	22.60088804417282
I1a1a3a	6	3.0208	-0.295	6.4111	low	3.0208	0.0	6.4111	rho_fallback_no_desc	0.0	0.0
I1a1b	4	3.8953	-0.9615	8.9103	low	3.8953	0.0	8.9103	rho_fallback_no_desc	0.0	0.0
I1a1c	9	7.8917	1.6607	14.362	low	7.8917	1.6607	14.362	rho_fallback_no_desc	0.0	0.0
I1a1d	2	3.8953	-3.6406	11.8196	very_low	3.8953	0.0	11.8196	rho_fallback_no_desc	0.0	0.0
I1a1e	2	2.5854	-2.4381	7.7838	very_low	2.5854	0.0	7.7838	rho_fallback_no_desc	0.0	0.0
I1b	16	11.2963	8.5131	14.1229	medium	11.2963	8.5131	14.1229	rho_direct	0.0	0.0
I1c	6	14.766	9.9682	19.6849	low	17.5012	13.5131	21.5973	single_child_interpolation	2.7352000000000007	18.5236353785724
I1c1	4	11.2963	5.4208	17.3686	low	13.1472	6.842	19.7344	single_child_interpolation	1.8508999999999993	16.385011021307854
I1c1a	3	8.7931	0.1709	17.8715	low	8.7931	0.1709	17.8715	rho_fallback_no_desc	0.0	0.0
I1d	2	2.5854	2.5854	2.5854	very_low	2.5854	2.5854	2.5854	rho_fallback_no_desc	0.0	0.0
I1e	4	19.0125	11.5609	26.7353	low	19.0125	11.5609	26.7353	rho_fallback_no_desc	0.0	0.0
I1f	3	5.2164	0.1025	10.5005	low	5.2164	0.1025	10.5005	rho_fallback_no_desc	0.0	0.0
I2	38	7.1834	5.6824	8.6981	medium	7.1834	5.6824	8.6981	rho_direct	0.0	0.0
I2'3	59	11.2147	9.7873	12.6535	high	11.2147	9.7873	12.6535	rho_direct	0.0	0.0
I2a	8	7.2188	4.4721	10.0116	low	7.2188	4.4721	10.0116	rho_fallback_no_desc	0.0	0.0
I2a1	3	5.2164	-2.5235	13.3537	low	6.2176	2.2361	12.9788	single_child_interpolation	1.0011999999999999	19.193313396211945
I2a1a	2	5.2164	-4.832	15.9461	very_low	5.2164	0.0	15.9461	rho_fallback_no_desc	0.0	0.0
I2a2	2	3.8953	1.3387	6.4951	very_low	3.8953	1.3387	6.4951	rho_fallback_no_desc	0.0	0.0
I2a3	2	3.8953	1.3387	6.4951	very_low	3.8953	1.3387	6.4951	rho_fallback_no_desc	0.0	0.0
I2b	4	1.2869	-0.1685	2.7572	low	1.2869	0.0	2.7572	rho_fallback_no_desc	0.0	0.0
I2c	3	2.5854	2.5854	2.5854	low	2.5854	2.5854	2.5854	rho_fallback_no_desc	0.0	0.0
I2d	4	5.8811	1.4844	10.4011	low	5.8811	1.4844	10.4011	rho_fallback_no_desc	0.0	0.0
I2e	2	2.5854	2.5854	2.5854	very_low	2.5854	2.5854	2.5854	rho_fallback_no_desc	0.0	0.0
I2f	2	2.5854	-2.4381	7.7838	very_low	2.5854	0.0	7.7838	rho_fallback_no_desc	0.0	0.0
I3	21	10.8712	8.2433	13.5381	low	10.8712	8.2433	13.5381	rho_direct	0.0	0.0
I3a	11	7.402	4.1157	10.7544	medium	9.8322	4.7464	15.1107	single_child_interpolation	2.4302	32.831667116995405
I3a1	3	8.7931	1.2495	16.6834	low	8.7931	1.2495	16.6834	rho_fallback_no_desc	0.0	0.0
I3b	2	5.2164	5.2164	5.2164	very_low	5.2164	5.2164	5.2164	rho_fallback_no_desc	0.0	0.0
I3c	2	1.2869	-1.2245	3.8427	very_low	1.2869	0.0	3.8427	rho_fallback_no_desc	0.0	0.0
I3d	4	16.1717	13.0048	19.3893	low	6.7283	5.4143	8.0617	single_child_interpolation	-9.4434	58.39460291744219
I3d1	2	2.5854	2.5854	2.5854	very_low	2.5854	2.5854	2.5854	rho_fallback_no_desc	0.0	0.0
I4	27	13.1646	10.6659	15.6968	medium	13.1646	10.6659	15.6968	rho_direct	0.0	0.0
I4a	16	8.9061	5.1912	12.7028	medium	8.9061	5.1912	12.7028	rho_direct	0.0	0.0
I4a1	5	6.2812	1.5001	11.2073	low	6.2812	1.5001	11.2073	rho_fallback_no_desc	0.0	0.0
I4a2	2	2.5854	-2.4381	7.7838	very_low	2.5854	0.0	7.7838	rho_fallback_no_desc	0.0	0.0
I4b	10	8.1616	7.2138	9.1147	medium	8.1616	7.2138	9.1147	rho_direct	0.0	0.0
I5	53	20.6377	18.9129	22.3761	high	20.6377	18.9129	22.3761	rho_direct	0.0	0.0
I5a	40	16.666	15.0373	18.3079	medium	16.666	15.0373	18.3079	rho_direct	0.0	0.0
I5a1	9	8.4921	6.7823	10.2192	low	8.4921	6.7823	10.2192	rho_fallback_no_desc	0.0	0.0
I5a1a	0				no_ci		0.0		rho_fallback_no_desc		
I5a1b	3	3.4574	1.7531	5.181	low	3.4574	1.7531	5.181	rho_fallback_no_desc	0.0	0.0
I5a1c	2	5.2164	5.2164	5.2164	very_low	5.2164	5.2164	5.2164	rho_fallback_no_desc	0.0	0.0
I5a2	25	11.9299	10.6054	13.264	medium	11.9299	10.6054	13.264	rho_direct	0.0	0.0
I5a2_T16086C	4	16.1717	13.927	18.4417	low	7.2576	5.3027	9.415	single_child_interpolation	-8.914100000000001	55.121601315878976
I5a2a	3	2.5854	-0.3368	5.566	low	2.5854	0.0	5.566	rho_fallback_no_desc	0.0	0.0
I5a2b	19	2.5854	2.195	2.9769	medium	2.5854	2.195	2.9769	rho_direct	0.0	0.0
I5a3	2	6.5486	3.9479	9.1912	very_low	6.5486	3.9479	9.1912	rho_fallback_no_desc	0.0	0.0
I5a4	3	8.7931	2.5273	15.2961	low	8.7931	2.5273	15.2961	rho_fallback_no_desc	0.0	0.0
I5b	4	12.6765	6.0144	19.5853	low	14.7154	10.3849	19.1987	single_child_interpolation	2.0389	16.084092612314123
I5b1	3	8.7931	1.8569	16.0213	low	8.7931	1.8569	16.0213	rho_fallback_no_desc	0.0	0.0
I5c	8	12.6765	9.6656	15.7368	low	13.2594	10.7712	15.7879	single_child_interpolation	0.5828999999999986	4.598272393799539
I5c1	4	5.8811	2.6294	9.1997	low	5.8811	2.6294	9.1997	rho_fallback_no_desc	0.0	0.0
I6	6	19.9681	14.6609	25.4086	low	19.9681	14.6609	25.4086	rho_fallback_no_desc	0.0	0.0
I6a	3	6.1033	-0.0571	12.5075	low	6.1033	0.0	12.5075	rho_fallback_no_desc	0.0	0.0
I6b	2	14.766	1.5457	28.9526	very_low	14.766	1.5457	28.9526	rho_fallback_no_desc	0.0	0.0
I7	2	7.8917	7.8917	7.8917	very_low	7.8917	7.8917	7.8917	rho_fallback_no_desc	0.0	0.0
J	1167	34.3088	33.6716	34.9475	high	34.3088	33.6716	34.9475	rho_direct	0.0	0.0
J1	778	24.202	23.598	24.8074	high	24.202	23.598	24.8074	rho_direct	0.0	0.0
J1_C16193T	66	22.1555	20.5802	23.7418	high	19.0862	18.0047	20.1748	single_child_interpolation	-3.0692999999999984	13.853444968517966
J1b	213	23.3387	22.2011	24.482	high	23.3387	22.2011	24.482	rho_direct	0.0	0.0
J1b1	139	21.1633	19.9226	22.4109	high	21.1633	19.9226	22.4109	rho_direct	0.0	0.0
J1b10	4	6.5486	5.0419	8.0692	low	6.5486	5.0419	8.0692	rho_fallback_no_desc	0.0	0.0
J1b1a	83	12.035	10.4583	13.6253	high	12.035	10.4583	13.6253	rho_direct	0.0	0.0
J1b1a1	65	7.1464	5.9879	8.3131	high	7.1464	5.9879	8.3131	rho_direct	0.0	0.0
J1b1a1_T146C!	14	7.3147	4.8527	9.8137	low	4.2166	2.9939	6.0779	single_child_interpolation	-3.0981000000000005	42.35443695571931
J1b1a1a	4	0.642	-0.6136	1.9088	low	0.642	0.0	1.9088	rho_fallback_no_desc	0.0	0.0
J1b1a1b	5	2.5854	-0.1883	5.4116	low	2.5854	0.0	5.4116	rho_fallback_no_desc	0.0	0.0
J1b1a1c	2	6.5486	-1.1229	14.598	very_low	6.5486	0.0	14.598	rho_fallback_no_desc	0.0	0.0
J1b1a1d	2	2.5854	-2.4381	7.7838	very_low	2.5854	0.0	7.7838	rho_fallback_no_desc	0.0	0.0
J1b1a1e	2	1.2869	-1.2245	3.8427	very_low	1.2869	0.0	3.8427	rho_fallback_no_desc	0.0	0.0
J1b1a1f	5	0.5134	-0.4911	1.525	low	0.5134	0.0	1.525	rho_fallback_no_desc	0.0	0.0
J1b1a2	4	14.067	9.4532	18.7943	low	14.067	9.4532	18.7943	rho_fallback_no_desc	0.0	0.0
J1b1a2a	2	10.6101	5.3225	16.0588	very_low	10.6101	5.3225	16.0588	rho_fallback_no_desc	0.0	0.0
J1b1a2b	2	9.2456	1.4422	17.4168	very_low	9.2456	1.4422	17.4168	rho_fallback_no_desc	0.0	0.0
J1b1a3	11	14.8934	9.2705	20.6829	low	14.8934	9.2705	20.6829	rho_direct	0.0	0.0
J1b1b	50	16.1717	14.7636	17.5897	high	16.1717	14.7636	17.5897	rho_direct	0.0	0.0
J1b1b1	42	13.5692	11.9937	15.1579	medium	13.5692	11.9937	15.1579	rho_direct	0.0	0.0
J1b1b1a	7	9.0515	6.511	11.6299	low	9.0515	6.511	11.6299	rho_fallback_no_desc	0.0	0.0
J1b1b1b	2	10.6101	10.6101	10.6101	very_low	10.6101	10.6101	10.6101	rho_fallback_no_desc	0.0	0.0
J1b1b1c	2	6.5486	-1.1229	14.598	very_low	6.5486	0.0	14.598	rho_fallback_no_desc	0.0	0.0
J1b1b2	2	7.8917	2.6898	13.2593	very_low	7.8917	2.6898	13.2593	rho_fallback_no_desc	0.0	0.0
J1b1b3	6	11.9851	8.6661	15.3651	low	11.9851	8.6661	15.3651	rho_fallback_no_desc	0.0	0.0
J1b2	15	10.6101	8.0093	13.2492	medium	15.953	12.6934	19.3028	single_child_interpolation	5.3429	50.35673556328405
J1b2a	4	8.5673	3.1857	14.1237	low	8.5673	3.1857	14.1237	rho_fallback_no_desc	0.0	0.0
J1b3	16	13.1967	11.3812	15.0299	medium	13.1967	11.3812	15.0299	rho_direct	0.0	0.0
J1b3a	2	2.5854	2.5854	2.5854	very_low	2.5854	2.5854	2.5854	rho_fallback_no_desc	0.0	0.0
J1b3b	12	11.2963	10.3317	12.266	medium	9.428	8.0868	10.7803	single_child_interpolation	-1.8682999999999996	16.539043757690568
J1b3b1	6	5.6592	4.7924	6.5307	low	5.6592	4.7924	6.5307	rho_fallback_no_desc	0.0	0.0
J1b4	6	15.2335	11.5991	18.9362	low	14.81	12.3063	17.3637	single_child_interpolation	-0.4234999999999989	2.7800571109725203
J1b4a	5	6.2812	2.4115	10.2454	low	6.2812	2.4115	10.2454	rho_fallback_no_desc	0.0	0.0
J1b4a1	3	5.2164	-0.6728	11.3326	low	5.2164	0.0	11.3326	rho_fallback_no_desc	0.0	0.0
J1b4a2	2	1.2869	-1.2245	3.8427	very_low	1.2869	0.0	3.8427	rho_fallback_no_desc	0.0	0.0
J1b5	5	15.6082	11.5982	19.7009	low	13.8365	11.5633	16.1509	single_child_interpolation	-1.771700000000001	11.351084686254667
J1b5a	3	4.3344	0.9254	7.8198	low	8.211	5.7816	11.9673	single_child_interpolation	3.8766000000000007	89.43798449612406
J1b5a1	2	2.5854	-2.4381	7.7838	very_low	2.5854	0.0	7.7838	rho_fallback_no_desc	0.0	0.0
J1b6	9	10.9147	8.3287	13.5385	low	10.9147	8.3287	13.5385	rho_fallback_no_desc	0.0	0.0
J1b6a	3	6.1033	-0.7156	13.2222	low	6.1033	0.0	13.2222	rho_fallback_no_desc	0.0	0.0
J1b6b	2	3.8953	1.3387	6.4951	very_low	3.8953	1.3387	6.4951	rho_fallback_no_desc	0.0	0.0
J1b7	5	8.4319	5.368	11.5519	low	14.2775	11.1518	17.4913	single_child_interpolation	5.845599999999999	69.32719790320093
J1b7a	2	5.2164	0.1025	10.5005	very_low	5.2164	0.1025	10.5005	rho_fallback_no_desc	0.0	0.0
J1b8	3	10.6101	5.3225	16.0588	low	10.6101	5.3225	16.0588	rho_fallback_no_desc	0.0	0.0
J1b9	3	15.2335	4.4028	26.6965	low	15.2335	4.4028	26.6965	rho_fallback_no_desc	0.0	0.0
J1c	499	13.4374	12.9459	13.9301	high	13.4374	12.9459	13.9301	rho_direct	0.0	0.0
J1c1	56	12.3799	10.9337	13.8374	high	12.3799	10.9337	13.8374	rho_direct	0.0	0.0
J1c10	9	11.5256	9.5255	13.5479	low	11.2445	9.7285	12.78	single_child_interpolation	-0.28110000000000035	2.4389185812452308
J1c10a	7	9.0515	6.511	11.6299	low	9.0515	6.511	11.6299	rho_fallback_no_desc	0.0	0.0
J1c11	3	4.3344	-0.1585	8.961	low	8.6663	7.1423	10.2126	single_child_interpolation	4.3319	99.94232188999632
J1c11a	2	3.8953	1.3387	6.4951	very_low	3.8953	1.3387	6.4951	rho_fallback_no_desc	0.0	0.0
J1c12	6	5.6592	2.5564	8.8233	low	5.6592	2.5564	8.8233	rho_fallback_no_desc	0.0	0.0
J1c12a	2	5.2164	0.1025	10.5005	very_low	5.2164	0.1025	10.5005	rho_fallback_no_desc	0.0	0.0
J1c12b	2	5.2164	5.2164	5.2164	very_low	5.2164	5.2164	5.2164	rho_fallback_no_desc	0.0	0.0
J1c13	3	0.8567	-0.8175	2.5507	low	0.8567	0.0	2.5507	rho_fallback_no_desc	0.0	0.0
J1c14	2	1.2869	-1.2245	3.8427	very_low	1.2869	0.0	3.8427	rho_fallback_no_desc	0.0	0.0
J1c15	11	19.2727	13.8122	24.8766	low	19.2727	13.8122	24.8766	rho_direct	0.0	0.0
J1c15a	5	15.6082	13.5559	17.682	low	14.0329	10.4215	17.7251	single_child_interpolation	-1.5753000000000004	10.09277174818365
J1c15a1	3	8.7931	7.0308	10.5736	low	8.7931	7.0308	10.5736	rho_fallback_no_desc	0.0	0.0
J1c15b	3	10.6101	5.3225	16.0588	low	10.6101	5.3225	16.0588	rho_fallback_no_desc	0.0	0.0
J1c16	2	2.5854	-2.4381	7.7838	very_low	2.5854	0.0	7.7838	rho_fallback_no_desc	0.0	0.0
J1c17	5	11.1588	8.0458	14.3264	low	11.1588	8.0458	14.3264	rho_fallback_no_desc	0.0	0.0
J1c17a	2	2.5854	-2.4381	7.7838	very_low	2.5854	0.0	7.7838	rho_fallback_no_desc	0.0	0.0
J1c17b	3	1.7185	-1.6302	5.1456	low	1.7185	0.0	5.1456	rho_fallback_no_desc	0.0	0.0
J1c1a	2	3.8953	1.3387	6.4951	very_low	3.8953	1.3387	6.4951	rho_fallback_no_desc	0.0	0.0
J1c1b	32	11.4683	9.7225	13.2309	medium	11.4683	9.7225	13.2309	rho_direct	0.0	0.0
J1c1b1	23	10.372	8.6973	12.0627	medium	9.4673	7.6073	11.3476	single_child_interpolation	-0.9047000000000001	8.722522175086771
J1c1b1a	19	7.4664	5.4921	9.4643	medium	8.008	5.7776	10.2694	single_child_interpolation	0.541599999999999	7.2538304939461975
J1c1b1a1	2	6.5486	3.9479	9.1912	very_low	6.5486	3.9479	9.1912	rho_fallback_no_desc	0.0	0.0
J1c1b2	3	6.995	2.4241	11.6961	low	7.6818	5.5306	9.863	single_child_interpolation	0.6867999999999999	9.818441744102929
J1c1b2a	2	3.8953	1.3387	6.4951	very_low	3.8953	1.3387	6.4951	rho_fallback_no_desc	0.0	0.0
J1c1c	2	6.5486	-1.1229	14.598	very_low	6.5486	0.0	14.598	rho_fallback_no_desc	0.0	0.0
J1c1d	6	3.0208	0.9769	5.0927	low	3.0208	0.9769	5.0927	rho_fallback_no_desc	0.0	0.0
J1c1e	3	4.3344	2.6202	6.0677	low	4.3344	2.6202	6.0677	rho_fallback_no_desc	0.0	0.0
J1c1f	1	7.8917			no_ci	7.8917	0.0		rho_fallback_no_desc	0.0	0.0
J1c1g	3	6.995	5.2518	8.7569	low	8.1376	6.1362	10.1662	single_child_interpolation	1.1426000000000007	16.334524660471775
J1c1g1	2	3.8953	1.3387	6.4951	very_low	3.8953	1.3387	6.4951	rho_fallback_no_desc	0.0	0.0
J1c1h	2	9.2456	6.6021	11.9299	very_low	9.2456	6.6021	11.9299	rho_fallback_no_desc	0.0	0.0
J1c2	166	10.4286	9.5395	11.3222	high	10.4286	9.5395	11.3222	rho_direct	0.0	0.0
J1c2a	7	9.0515	6.511	11.6299	low	9.0515	6.511	11.6299	rho_fallback_no_desc	0.0	0.0
J1c2a1	3	6.995	5.2518	8.7569	low	6.4734	3.9248	9.0625	single_child_interpolation	-0.5216000000000003	7.456754824874914
J1c2a1a	2	3.8953	1.3387	6.4951	very_low	3.8953	1.3387	6.4951	rho_fallback_no_desc	0.0	0.0
J1c2a2	2	1.2869	-1.2245	3.8427	very_low	1.2869	0.0	3.8427	rho_fallback_no_desc	0.0	0.0
J1c2a3	2	1.2869	-1.2245	3.8427	very_low	1.2869	0.0	3.8427	rho_fallback_no_desc	0.0	0.0
J1c2b	14	6.3576	4.2652	8.4772	medium	6.3576	4.2652	8.4772	rho_direct	0.0	0.0
J1c2b1	2	1.2869	-1.2245	3.8427	very_low	1.2869	0.0	3.8427	rho_fallback_no_desc	0.0	0.0
J1c2b2	2	2.5854	-2.4381	7.7838	very_low	2.5854	0.0	7.7838	rho_fallback_no_desc	0.0	0.0
J1c2b3	2	3.8953	1.3387	6.4951	very_low	3.8953	1.3387	6.4951	rho_fallback_no_desc	0.0	0.0
J1c2b4	2	3.8953	1.3387	6.4951	very_low	3.8953	1.3387	6.4951	rho_fallback_no_desc	0.0	0.0
J1c2b5	3	5.2164	-0.6728	11.3326	low	5.2164	0.0	11.3326	rho_fallback_no_desc	0.0	0.0
J1c2c	21	8.0201	6.1876	9.8727	medium	8.0201	6.1876	9.8727	rho_direct	0.0	0.0
J1c2c1	6	6.995	3.2794	10.7962	low	5.3027	3.0938	8.8283	single_child_interpolation	-1.6923000000000004	24.192994996426023
J1c2c1a	2	2.5854	-2.4381	7.7838	very_low	2.5854	0.0	7.7838	rho_fallback_no_desc	0.0	0.0
J1c2c2	12	5.4376	3.1912	7.7162	medium	6.6182	4.5753	8.6875	single_child_interpolation	1.1806	21.711784610857734
J1c2c2a	7	5.2164	2.963	7.5022	low	5.2164	2.963	7.5022	rho_fallback_no_desc	0.0	0.0
J1c2c3	1	0.0			no_ci	0.0	0.0		rho_fallback_no_desc	0.0	
J1c2d	2	1.2869	-1.2245	3.8427	very_low	1.2869	0.0	3.8427	rho_fallback_no_desc	0.0	0.0
J1c2e	17	9.8061	7.451	12.1933	low	9.8061	7.451	12.1933	rho_direct	0.0	0.0
J1c2e1	7	7.8917	4.8676	10.971	low	7.8917	4.8676	10.971	rho_fallback_no_desc	0.0	0.0
J1c2e2	4	3.2389	0.0432	6.5035	low	3.2389	0.0432	6.5035	rho_fallback_no_desc	0.0	0.0
J1c2f	3	0.8567	-0.8175	2.5507	low	0.8567	0.0	2.5507	rho_fallback_no_desc	0.0	0.0
J1c2g	2	2.5854	-2.4381	7.7838	very_low	2.5854	0.0	7.7838	rho_fallback_no_desc	0.0	0.0
J1c2h	2	2.5854	-2.4381	7.7838	very_low	2.5854	0.0	7.7838	rho_fallback_no_desc	0.0	0.0
J1c2i	3	12.4458	10.6466	14.2625	low	12.4458	10.6466	14.2625	rho_fallback_no_desc	0.0	0.0
J1c2j	2	7.8917	2.6898	13.2593	very_low	7.8917	2.6898	13.2593	rho_fallback_no_desc	0.0	0.0
J1c2k	2	3.8953	1.3387	6.4951	very_low	3.8953	1.3387	6.4951	rho_fallback_no_desc	0.0	0.0
J1c2l	2	2.5854	-2.4381	7.7838	very_low	2.5854	0.0	7.7838	rho_fallback_no_desc	0.0	0.0
J1c2m	5	5.7479	2.7345	8.8189	low	7.162	5.4391	8.9087	single_child_interpolation	1.4141000000000004	24.602028566954896
J1c2m1	2	3.8953	1.3387	6.4951	very_low	3.8953	1.3387	6.4951	rho_fallback_no_desc	0.0	0.0
J1c2n	6	10.6101	8.6602	12.5815	low	7.8225	6.2236	9.4406	single_child_interpolation	-2.7875999999999994	26.273079424322106
J1c2n1	5	5.2164	2.9078	7.559	low	5.2164	2.9078	7.559	rho_fallback_no_desc	0.0	0.0
J1c2o	3	1.7185	-1.6302	5.1456	low	1.7185	0.0	5.1456	rho_fallback_no_desc	0.0	0.0
J1c2p	2	1.2869	-1.2245	3.8427	very_low	1.2869	0.0	3.8427	rho_fallback_no_desc	0.0	0.0
J1c2q	6	6.5486	4.3189	8.809	low	7.3815	4.7698	10.1416	single_child_interpolation	0.8328999999999995	12.718749045597525
J1c2q1	3	4.3344	-0.1585	8.961	low	4.3344	0.0	8.961	rho_fallback_no_desc	0.0	0.0
J1c2r	4	3.2389	-1.5419	8.1754	low	3.2389	0.0	8.1754	rho_fallback_no_desc	0.0	0.0
J1c2s	3	5.2164	2.2425	8.247	low	5.8578	4.7698	7.5825	single_child_interpolation	0.6414	12.295836208879686
J1c2s1	2	1.2869	-1.2245	3.8427	very_low	1.2869	0.0	3.8427	rho_fallback_no_desc	0.0	0.0
J1c2t	7	4.0833	3.0438	5.1299	low	4.0833	3.0438	5.1299	rho_fallback_no_desc	0.0	0.0
J1c2u	0				no_ci		0.0		rho_fallback_no_desc		
J1c2v	4	1.9348	-0.4816	4.3914	low	1.9348	0.0	4.3914	rho_fallback_no_desc	0.0	0.0
J1c3	138	9.2259	8.6137	9.8402	high	9.2259	8.6137	9.8402	rho_direct	0.0	0.0
J1c3_A189G	6	6.1033	4.3696	7.8557	low	5.9056	5.5995	6.2128	single_child_interpolation	-0.1977000000000002	3.2392312355610935
J1c3a	5	8.9739	5.0394	13.0002	low	8.9739	5.0394	13.0002	rho_fallback_no_desc	0.0	0.0
J1c3a1	3	6.995	0.7992	13.4325	low	6.995	0.7992	13.4325	rho_fallback_no_desc	0.0	0.0
J1c3a2	2	5.2164	0.1025	10.5005	very_low	5.2164	0.1025	10.5005	rho_fallback_no_desc	0.0	0.0
J1c3b	8	7.5549	5.2463	9.8957	low	7.5549	5.2463	9.8957	rho_fallback_no_desc	0.0	0.0
J1c3b1	5	5.2164	3.5804	6.8694	low	5.5061	3.4997	7.5384	single_child_interpolation	0.28969999999999985	5.553638524653015
J1c3b1a	3	3.4574	1.7531	5.181	low	3.4574	1.7531	5.181	rho_fallback_no_desc	0.0	0.0
J1c3b2	2	6.5486	-1.1229	14.598	very_low	6.5486	0.0	14.598	rho_fallback_no_desc	0.0	0.0
J1c3c	6	5.2164	3.8793	6.5648	low	5.2164	3.8793	6.5648	rho_fallback_no_desc	0.0	0.0
J1c3c1	2	1.2869	-1.2245	3.8427	very_low	1.2869	0.0	3.8427	rho_fallback_no_desc	0.0	0.0
J1c3c2	2	2.5854	2.5854	2.5854	very_low	2.5854	2.5854	2.5854	rho_fallback_no_desc	0.0	0.0
J1c3d	9	1.1434	-0.0773	2.3745	low	1.1434	0.0	2.3745	rho_fallback_no_desc	0.0	0.0
J1c3e	7	9.8291	7.0627	12.6397	low	9.8291	7.0627	12.6397	rho_fallback_no_desc	0.0	0.0
J1c3e1	4	6.5486	3.1992	9.9679	low	6.5486	3.1992	9.9679	rho_fallback_no_desc	0.0	0.0
J1c3e2	3	4.3344	2.6202	6.0677	low	4.3344	2.6202	6.0677	rho_fallback_no_desc	0.0	0.0
J1c3f	7	8.2774	5.8619	10.7277	low	8.2774	5.8619	10.7277	rho_fallback_no_desc	0.0	0.0
J1c3g	4	5.8811	3.4007	8.4002	low	5.8811	3.4007	8.4002	rho_fallback_no_desc	0.0	0.0
J1c3h	41	6.125	5.1856	7.0698	medium	6.125	5.1856	7.0698	rho_direct	0.0	0.0
J1c3i	2	3.8953	1.3387	6.4951	very_low	3.8953	1.3387	6.4951	rho_fallback_no_desc	0.0	0.0
J1c3j	3	7.8917	4.8676	10.971	low	7.8917	4.8676	10.971	rho_fallback_no_desc	0.0	0.0
J1c3k	4	5.8811	3.4007	8.4002	low	5.8811	3.4007	8.4002	rho_fallback_no_desc	0.0	0.0
J1c3m	2	2.5854	2.5854	2.5854	very_low	2.5854	2.5854	2.5854	rho_fallback_no_desc	0.0	0.0
J1c4	21	5.4693	4.1346	6.8152	medium	5.4693	4.1346	6.8152	rho_direct	0.0	0.0
J1c4b	9	2.8755	1.0866	4.686	low	2.8755	1.0866	4.686	rho_fallback_no_desc	0.0	0.0
J1c4c	2	1.2869	-1.2245	3.8427	very_low	1.2869	0.0	3.8427	rho_fallback_no_desc	0.0	0.0
J1c5	28	9.1485	7.2326	11.0858	medium	9.1485	7.2326	11.0858	rho_direct	0.0	0.0
J1c5a	7	4.4601	1.5613	7.4138	low	5.4335	3.6334	7.2541	single_child_interpolation	0.9734000000000007	21.824622766305705
J1c5a1	3	1.7185	0.0342	3.4224	low	1.7185	0.0342	3.4224	rho_fallback_no_desc	0.0	0.0
J1c5b	2	5.2164	0.1025	10.5005	very_low	5.2164	0.1025	10.5005	rho_fallback_no_desc	0.0	0.0
J1c5c	4	7.2188	2.3115	12.2755	low	5.4335	3.6334	7.2541	single_child_interpolation	-1.7852999999999994	24.731257272676892
J1c5c1	3	1.7185	0.0342	3.4224	low	1.7185	0.0342	3.4224	rho_fallback_no_desc	0.0	0.0
J1c5d	2	5.2164	0.1025	10.5005	very_low	5.2164	0.1025	10.5005	rho_fallback_no_desc	0.0	0.0
J1c5e	2	3.8953	-3.6406	11.8196	very_low	3.8953	0.0	11.8196	rho_fallback_no_desc	0.0	0.0
J1c5f	0				no_ci		0.0		rho_fallback_no_desc		
J1c6	4	10.6101	2.8856	18.6839	low	8.6663	7.1423	10.2126	single_child_interpolation	-1.9437999999999995	18.32027973346151
J1c6a	2	3.8953	1.3387	6.4951	very_low	3.8953	1.3387	6.4951	rho_fallback_no_desc	0.0	0.0
J1c7	13	7.6843	5.205	10.2008	medium	8.7017	6.7873	10.6382	single_child_interpolation	1.0174000000000003	13.239982822117828
J1c7a	9	4.6279	2.566	6.7172	low	4.6279	2.566	6.7172	rho_fallback_no_desc	0.0	0.0
J1c8	16	10.4389	7.9848	12.9273	medium	10.4389	7.9848	12.9273	rho_direct	0.0	0.0
J1c8a	14	5.786	3.288	8.3233	medium	5.786	3.288	8.3233	rho_direct	0.0	0.0
J1c8a1	4	4.5544	0.7193	8.4861	low	4.1857	1.644	8.0535	single_child_interpolation	-0.36870000000000047	8.095468118742325
J1c8a1a	2	2.5854	-2.4381	7.7838	very_low	2.5854	0.0	7.7838	rho_fallback_no_desc	0.0	0.0
J1c8a2	2	0.0	0.0	0.0	very_low	0.0	0.0	0.0	rho_fallback_no_desc	0.0	
J1c8b	2	2.5854	2.5854	2.5854	very_low	2.5854	2.5854	2.5854	rho_fallback_no_desc	0.0	0.0
J1c9	4	5.2164	1.5822	8.9357	low	5.2164	1.5822	8.9357	rho_fallback_no_desc	0.0	0.0
J1c_C16261T	28	12.7755	11.0086	14.5593	low	12.7755	11.0086	14.5593	rho_direct	0.0	0.0
J1c_C16261T_A189G	11	9.122	7.1848	11.0811	medium	9.122	7.1848	11.0811	rho_direct	0.0	0.0
J1d	65	13.9704	12.4114	15.5422	high	13.9704	12.4114	15.5422	rho_direct	0.0	0.0
J1d1	12	14.766	11.5177	18.0694	low	14.766	11.5177	18.0694	rho_direct	0.0	0.0
J1d1a	7	11.3945	7.0893	15.8042	low	11.3289	7.3743	15.3772	single_child_interpolation	-0.06559999999999988	0.5757163543814988
J1d1a1	6	7.8917	3.2309	12.685	low	6.3079	3.6871	9.61	single_child_interpolation	-1.5838	20.069186613784105
J1d1a1a	2	1.2869	-1.2245	3.8427	very_low	1.2869	0.0	3.8427	rho_fallback_no_desc	0.0	0.0
J1d1b	5	8.9739	5.404	12.6193	low	10.4346	6.5379	14.4246	single_child_interpolation	1.4606999999999992	16.277203891284717
J1d1b1	3	6.1033	1.5581	10.7797	low	6.1033	1.5581	10.7797	rho_fallback_no_desc	0.0	0.0
J1d2	6	8.3418	1.7168	15.2353	low	10.931	6.2057	17.163	single_child_interpolation	2.5892	31.03886451365413
J1d2a	2	7.8917	-2.3374	18.7838	very_low	7.8917	0.0	18.7838	rho_fallback_no_desc	0.0	0.0
J1d3	9	11.5256	7.2636	15.8897	low	11.0998	8.0351	14.2341	single_child_interpolation	-0.4258000000000006	3.694384674116754
J1d3a	8	8.2291	3.6587	12.926	low	8.2291	3.6587	12.926	rho_fallback_no_desc	0.0	0.0
J1d3a1	2	3.8953	1.3387	6.4951	very_low	3.8953	1.3387	6.4951	rho_fallback_no_desc	0.0	0.0
J1d3a2	5	1.5457	-1.4681	4.6232	low	1.5457	0.0	4.6232	rho_fallback_no_desc	0.0	0.0
J1d4	3	9.6992	7.9276	11.4889	low	9.6992	7.9276	11.4889	rho_fallback_no_desc	0.0	0.0
J1d5	5	13.9275	10.336	17.5875	low	9.5934	6.2569	13.0213	single_child_interpolation	-4.334099999999999	31.119009154550348
J1d5a	2	5.2164	0.1025	10.5005	very_low	5.2164	0.1025	10.5005	rho_fallback_no_desc	0.0	0.0
J1d6	10	5.2164	3.0389	7.4241	medium	7.8445	6.2228	9.4823	single_child_interpolation	2.6281	50.38148914960509
J1d6a	3	1.7185	0.0342	3.4224	low	1.7185	0.0342	3.4224	rho_fallback_no_desc	0.0	0.0
J1d7	7	2.9585	-0.0586	6.0373	low	2.9585	0.0	6.0373	rho_fallback_no_desc	0.0	0.0
J2	389	31.2368	30.2101	32.2676	high	31.2368	30.2101	32.2676	rho_direct	0.0	0.0
J2a	166	32.7486	31.9297	33.5699	low	32.7486	31.9297	33.5699	rho_direct	0.0	0.0
J2a1	129	29.8891	29.0304	30.7506	high	23.0487	22.2547	23.8454	single_child_interpolation	-6.840399999999999	22.885935006407017
J2a1a	128	13.3488	12.5797	14.1209	high	13.3488	12.5797	14.1209	rho_direct	0.0	0.0
J2a1a1	123	7.7382	6.9777	8.5022	high	7.7382	6.9777	8.5022	rho_direct	0.0	0.0
J2a1a1a	24	7.4428	5.6389	9.2663	low	7.4428	5.6389	9.2663	rho_direct	0.0	0.0
J2a1a1a1	3	0.8567	-0.8175	2.5507	low	0.8567	0.0	2.5507	rho_fallback_no_desc	0.0	0.0
J2a1a1a2	11	4.9754	3.3486	6.619	medium	5.0141	3.0759	6.9766	single_child_interpolation	0.0387000000000004	0.7778269083892834
J2a1a1a2a	4	2.5854	0.513	4.687	low	2.5854	0.513	4.687	rho_fallback_no_desc	0.0	0.0
J2a1a1a3	4	7.8917	1.5444	14.4875	low	7.8917	1.5444	14.4875	rho_fallback_no_desc	0.0	0.0
J2a1a1b	2	1.2869	-1.2245	3.8427	very_low	1.2869	0.0	3.8427	rho_fallback_no_desc	0.0	0.0
J2a1a1c	2	9.2456	-8.3378	28.8333	very_low	9.2456	0.0	28.8333	rho_fallback_no_desc	0.0	0.0
J2a1a1d	62	5.0453	4.057	6.0398	high	5.0453	4.057	6.0398	rho_direct	0.0	0.0
J2a1a1e	6	4.7748	2.3194	7.2692	low	4.7748	2.3194	7.2692	rho_fallback_no_desc	0.0	0.0
J2a1a2	5	11.1588	8.5397	13.8165	low	10.2838	9.2437	11.3305	single_child_interpolation	-0.875	7.841344947485393
J2a1a2a	4	7.2188	5.9077	8.5402	low	7.3091	5.932	8.6991	single_child_interpolation	0.09030000000000005	1.250900426663712
J2a1a2a1	3	4.3344	2.6202	6.0677	low	4.9473	4.2587	5.6423	single_child_interpolation	0.6129000000000007	14.140365448505
J2a1a2a1a	2	2.5854	2.5854	2.5854	very_low	2.5854	2.5854	2.5854	rho_fallback_no_desc	0.0	0.0
J2a2	37	18.3179	16.1703	20.4877	medium	18.3179	16.1703	20.4877	rho_direct	0.0	0.0
J2a2a	10	17.3033	14.5482	20.0959	medium	17.3033	14.5482	20.0959	rho_direct	0.0	0.0
J2a2a1	6	13.3705	9.9548	16.8488	low	14.231	10.8965	17.6277	single_child_interpolation	0.8605	6.435810179125688
J2a2a1_T16311C!	5	11.1588	7.2448	15.1595	low	10.3898	6.484	14.3897	single_child_interpolation	-0.7690000000000001	6.891422016704308
J2a2a1a	4	6.5486	2.0714	11.1517	low	8.2466	5.4268	11.1227	single_child_interpolation	1.6980000000000004	25.929206242555665
J2a2a1a1	3	6.1033	4.3696	7.8557	low	6.1033	4.3696	7.8557	rho_fallback_no_desc	0.0	0.0
J2a2a2	3	5.2164	2.2425	8.247	low	5.2164	2.2425	8.247	rho_fallback_no_desc	0.0	0.0
J2a2b	10	14.2066	11.513	16.9384	medium	14.2066	11.513	16.9384	rho_direct	0.0	0.0
J2a2b1	4	13.3705	7.5763	19.3475	low	12.4084	9.525	15.3376	single_child_interpolation	-0.9620999999999995	7.195692008526229
J2a2b1a	3	10.6101	7.5371	13.7368	low	10.6101	7.5371	13.7368	rho_fallback_no_desc	0.0	0.0
J2a2b2	2	2.5854	-2.4381	7.7838	very_low	2.5854	0.0	7.7838	rho_fallback_no_desc	0.0	0.0
J2a2b3	4	0.642	-0.6136	1.9088	low	0.642	0.0	1.9088	rho_fallback_no_desc	0.0	0.0
J2a2c	6	9.2456	7.4352	11.075	low	11.5023	9.9119	13.1072	single_child_interpolation	2.2567000000000004	24.408367223327858
J2a2c1	5	4.6866	3.6534	5.7266	low	4.6866	3.6534	5.7266	rho_fallback_no_desc	0.0	0.0
J2a2d	6	8.3418	4.6561	12.109	low	8.3418	4.6561	12.109	rho_fallback_no_desc	0.0	0.0
J2a2e	3	3.4574	0.0683	6.9235	low	3.4574	0.0683	6.9235	rho_fallback_no_desc	0.0	0.0
J2b	223	15.0237	14.4494	15.5997	high	15.0237	14.4494	15.5997	rho_direct	0.0	0.0
J2b1	221	12.2539	11.6831	12.8264	high	12.2539	11.6831	12.8264	rho_direct	0.0	0.0
J2b1a	197	9.4319	8.8938	9.9718	high	9.4319	8.8938	9.9718	rho_direct	0.0	0.0
J2b1a1	5	6.8163	0.595	13.2823	low	5.3594	4.4469	6.9073	single_child_interpolation	-1.4569	21.373765826034656
J2b1a1a	2	1.2869	-1.2245	3.8427	very_low	1.2869	0.0	3.8427	rho_fallback_no_desc	0.0	0.0
J2b1a2	27	10.2047	8.3677	12.0609	low	9.85	8.408	11.3085	single_child_interpolation	-0.3547000000000011	3.475849363528581
J2b1a2a	8	10.268	7.9221	12.6453	low	10.268	7.9221	12.6453	rho_fallback_no_desc	0.0	0.0
J2b1a3	4	1.9348	-1.8326	5.8012	low	1.9348	0.0	5.8012	rho_fallback_no_desc	0.0	0.0
J2b1a4	2	2.5854	-2.4381	7.7838	very_low	2.5854	0.0	7.7838	rho_fallback_no_desc	0.0	0.0
J2b1a5	84	4.7748	4.4148	5.1356	high	4.7748	4.4148	5.1356	rho_direct	0.0	0.0
J2b1a6	2	1.2869	-1.2245	3.8427	very_low	1.2869	0.0	3.8427	rho_fallback_no_desc	0.0	0.0
J2b1a_T16311C!	87	7.551	7.1487	7.9542	high	7.1034	6.6543	7.5537	single_child_interpolation	-0.44760000000000044	5.92769169646405
J2b1b	3	6.1033	-3.3017	16.0897	low	9.4012	5.8415	16.4931	single_child_interpolation	3.2978999999999994	54.03470253797125
J2b1b1	2	6.5486	-6.0121	20.1597	very_low	6.5486	0.0	20.1597	rho_fallback_no_desc	0.0	0.0
J2b1c	4	8.5673	3.619	13.663	low	12.8122	5.8415		single_child_interpolation	4.244900000000001	49.54769880825933
J2b1c1	1	13.3705			no_ci	13.3705	0.0		rho_fallback_no_desc	0.0	0.0
J2b1d	4	14.766	10.0701	19.5779	low	14.766	10.0701	19.5779	rho_fallback_no_desc	0.0	0.0
J2b1e	4	16.1717	9.5163	23.0556	low	11.432	8.5028	14.4426	single_child_interpolation	-4.739700000000001	29.30860701101307
J2b1e1	3	10.6101	5.3225	16.0588	low	10.6101	5.3225	16.0588	rho_fallback_no_desc	0.0	0.0
J2b1f	2	5.2164	5.2164	5.2164	very_low	5.2164	5.2164	5.2164	rho_fallback_no_desc	0.0	0.0
J2b1g	2	3.8953	-3.6406	11.8196	very_low	3.8953	0.0	11.8196	rho_fallback_no_desc	0.0	0.0
J2b1h	1	5.2164			no_ci	5.2164	0.0		rho_fallback_no_desc	0.0	0.0
J2b2	2	5.2164	5.2164	5.2164	very_low	5.2164	5.2164	5.2164	rho_fallback_no_desc	0.0	0.0
JT	2220	55.7611	55.3021	56.2205	low	55.7611	55.3021	56.2205	rho_direct	0.0	0.0
K	692	27.4655	26.8182	28.1144	high	27.4655	26.8182	28.1144	rho_direct	0.0	0.0
K1	581	21.9966	21.2861	22.7094	high	21.9966	21.2861	22.7094	rho_direct	0.0	0.0
K1_T16362C	53	29.1667	27.6781	30.664	low	29.1667	27.6781	30.664	rho_direct	0.0	0.0
K1a	401	18.208	17.4057	19.0134	high	18.208	17.4057	19.0134	rho_direct	0.0	0.0
K1a1	52	18.6827	17.2004	20.1755	low	18.6827	17.2004	20.1755	rho_direct	0.0	0.0
K1a10	4	6.5486	3.1992	9.9679	low	4.5534	2.6368	6.6723	single_child_interpolation	-1.9952000000000005	30.467580856977072
K1a10a	3	2.5854	-0.3368	5.566	low	2.5854	0.0	5.566	rho_fallback_no_desc	0.0	0.0
K1a11	12	8.1166	6.2323	10.022	medium	8.1166	6.2323	10.022	rho_direct	0.0	0.0
K1a11a	4	6.5486	5.0419	8.0692	low	6.006	3.7855	8.2585	single_child_interpolation	-0.5426000000000002	8.285740463610546
K1a11a1	2	3.8953	1.3387	6.4951	very_low	3.8953	1.3387	6.4951	rho_fallback_no_desc	0.0	0.0
K1a11b	2	5.2164	5.2164	5.2164	very_low	5.2164	5.2164	5.2164	rho_fallback_no_desc	0.0	0.0
K1a11c	0				no_ci		0.0		rho_fallback_no_desc		
K1a12	32	20.5374	16.0782	25.0895	low	21.5083	18.994	24.0624	single_child_interpolation	0.9708999999999968	4.7274728057105415
K1a12a	19	24.8086	20.5823	29.1114	low	18.3709	15.2965	21.4993	single_child_interpolation	-6.4376999999999995	25.94946913570294
K1a12a1	3	15.2335	11.5991	18.9362	low	15.8707	11.6481	20.1987	single_child_interpolation	0.6372	4.182886401680507
K1a12a1a	2	13.3705	7.9996	18.8981	very_low	13.3705	7.9996	18.8981	rho_fallback_no_desc	0.0	0.0
K1a13	4	5.2164	1.5822	8.9357	low	5.4279	3.9468	6.9231	single_child_interpolation	0.21150000000000002	4.054520358868185
K1a13a	3	4.3344	2.6202	6.0677	low	4.3344	2.6202	6.0677	rho_fallback_no_desc	0.0	0.0
K1a14	2	6.5486	-1.1229	14.598	very_low	6.5486	0.0	14.598	rho_fallback_no_desc	0.0	0.0
K1a15	2	2.5854	2.5854	2.5854	very_low	2.5854	2.5854	2.5854	rho_fallback_no_desc	0.0	0.0
K1a16	2	3.8953	1.3387	6.4951	very_low	3.8953	1.3387	6.4951	rho_fallback_no_desc	0.0	0.0
K1a17	6	18.0612	10.4926	25.9154	low	17.1898	14.0627	20.3947	single_child_interpolation	-0.8713999999999977	4.824707106947478
K1a17a	2	16.1717	10.7197	21.7759	very_low	16.1717	10.7197	21.7759	rho_fallback_no_desc	0.0	0.0
K1a18	4	14.067	3.3687	25.3978	low	14.067	3.3687	25.3978	rho_fallback_no_desc	0.0	0.0
K1a19	6	15.2335	6.8224	24.0206	low	13.0499	8.7028	18.8986	single_child_interpolation	-2.1836	14.334197656480786
K1a19a	2	7.8917	-2.3374	18.7838	very_low	7.8917	0.0	18.7838	rho_fallback_no_desc	0.0	0.0
K1a1a	12	13.3705	10.8768	15.8974	medium	13.3705	10.8768	15.8974	rho_direct	0.0	0.0
K1a1a1	4	11.2963	7.2994	15.3833	low	11.2963	7.2994	15.3833	rho_fallback_no_desc	0.0	0.0
K1a1a2	5	11.7093	9.5612	13.8829	low	10.6311	7.8722	13.4342	single_child_interpolation	-1.0782000000000007	9.208065383925604
K1a1a2a	3	7.8917	4.8676	10.971	low	7.9238	5.0574	10.8406	single_child_interpolation	0.032099999999999795	0.40675646565378554
K1a1a2a1	3	5.2164	2.2425	8.247	low	5.2164	2.2425	8.247	rho_fallback_no_desc	0.0	0.0
K1a1b	34	17.6708	16.0106	19.3443	low	17.6708	16.0106	19.3443	rho_direct	0.0	0.0
K1a1b1	26	13.1567	11.7163	14.6082	medium	13.1567	11.7163	14.6082	rho_direct	0.0	0.0
K1a1b1a	7	5.5959	2.7379	8.5058	low	5.5959	2.7379	8.5058	rho_fallback_no_desc	0.0	0.0
K1a1b1b	3	11.5256	5.1572	18.1247	low	11.2012	9.1592	13.2691	single_child_interpolation	-0.3244000000000007	2.8146040119386466
K1a1b1b1	2	9.2456	6.6021	11.9299	very_low	9.2456	6.6021	11.9299	rho_fallback_no_desc	0.0	0.0
K1a1b1c	2	7.8917	7.8917	7.8917	very_low	7.8917	7.8917	7.8917	rho_fallback_no_desc	0.0	0.0
K1a1b1d	2	6.5486	3.9479	9.1912	very_low	6.5486	3.9479	9.1912	rho_fallback_no_desc	0.0	0.0
K1a1b1e	4	8.5673	5.2611	11.9386	low	8.5673	5.2611	11.9386	rho_fallback_no_desc	0.0	0.0
K1a1b1f	2	7.8917	2.6898	13.2593	very_low	7.8917	2.6898	13.2593	rho_fallback_no_desc	0.0	0.0
K1a1b1g	2	6.5486	3.9479	9.1912	very_low	6.5486	3.9479	9.1912	rho_fallback_no_desc	0.0	0.0
K1a1b2	7	21.4782	19.199	23.7809	low	21.4782	19.199	23.7809	rho_fallback_no_desc	0.0	0.0
K1a1b2a	5	13.3705	10.4087	16.3792	low	14.685	11.6974	17.7257	single_child_interpolation	1.3145000000000007	9.831345125462777
K1a1b2a1	4	7.8917	4.1957	11.6705	low	10.3941	6.6277	14.2527	single_child_interpolation	2.5023999999999997	31.709264163614932
K1a1b2a1a	3	6.1033	1.5581	10.7797	low	6.1033	1.5581	10.7797	rho_fallback_no_desc	0.0	0.0
K1a1b2b	2	14.766	12.0403	17.5304	very_low	14.766	12.0403	17.5304	rho_fallback_no_desc	0.0	0.0
K1a1c	4	2.5854	-0.9854	6.2437	low	2.5854	0.0	6.2437	rho_fallback_no_desc	0.0	0.0
K1a2	34	14.3545	12.6331	16.0914	medium	14.3545	12.6331	16.0914	rho_direct	0.0	0.0
K1a23	3	17.1143	10.549	23.8974	low	17.1143	10.549	23.8974	rho_fallback_no_desc	0.0	0.0
K1a24	3	11.5256	2.2629	21.2853	low	10.4686	6.8646	14.1687	single_child_interpolation	-1.0570000000000004	9.170889151107103
K1a24a	2	5.2164	0.1025	10.5005	very_low	5.2164	0.1025	10.5005	rho_fallback_no_desc	0.0	0.0
K1a25	2	7.8917	2.6898	13.2593	very_low	7.8917	2.6898	13.2593	rho_fallback_no_desc	0.0	0.0
K1a26	2	2.5854	-2.4381	7.7838	very_low	2.5854	0.0	7.7838	rho_fallback_no_desc	0.0	0.0
K1a27	2	17.5872	14.8221	20.3898	very_low	17.5872	14.8221	20.3898	rho_fallback_no_desc	0.0	0.0
K1a28	2	7.8917	2.6898	13.2593	very_low	7.8917	2.6898	13.2593	rho_fallback_no_desc	0.0	0.0
K1a29	3	9.6992	3.3989	16.2346	low	12.3783	8.7028	16.8057	single_child_interpolation	2.6791	27.6218657208842
K1a29a	2	6.5486	-1.1229	14.598	very_low	6.5486	0.0	14.598	rho_fallback_no_desc	0.0	0.0
K1a2a	11	10.6101	7.8281	13.4361	medium	10.6101	7.8281	13.4361	rho_direct	0.0	0.0
K1a2a1	4	4.5544	2.0951	7.053	low	4.5544	2.0951	7.053	rho_fallback_no_desc	0.0	0.0
K1a2a2	2	6.5486	3.9479	9.1912	very_low	6.5486	3.9479	9.1912	rho_fallback_no_desc	0.0	0.0
K1a2b	10	9.7901	7.0463	12.5775	medium	9.7901	7.0463	12.5775	rho_direct	0.0	0.0
K1a2c	2	19.0125	13.4817	24.6912	very_low	19.0125	13.4817	24.6912	rho_fallback_no_desc	0.0	0.0
K1a2d	4	6.5486	5.0419	8.0692	low	6.5486	5.0419	8.0692	rho_fallback_no_desc	0.0	0.0
K1a3	27	11.1181	9.7739	12.4724	medium	13.4102	12.0295	14.8038	single_child_interpolation	2.2920999999999996	20.615932578408177
K1a30	6	9.2456	6.2734	12.2695	low	11.4698	8.4722	14.5254	single_child_interpolation	2.2241999999999997	24.05684866314787
K1a30a	4	7.2188	3.3176	11.2138	low	7.2188	3.3176	11.2138	rho_fallback_no_desc	0.0	0.0
K1a31	2	9.2456	6.6021	11.9299	very_low	9.2456	6.6021	11.9299	rho_fallback_no_desc	0.0	0.0
K1a3a	15	8.6124	6.6533	10.5942	medium	8.6124	6.6533	10.5942	rho_direct	0.0	0.0
K1a3a1	6	3.8953	1.7032	6.119	low	3.8953	1.7032	6.119	rho_fallback_no_desc	0.0	0.0
K1a3a1a	1	0.0			no_ci	0.0	0.0		rho_fallback_no_desc	0.0	
K1a3a1b	2	2.5854	2.5854	2.5854	very_low	2.5854	2.5854	2.5854	rho_fallback_no_desc	0.0	0.0
K1a3a2	2	7.8917	2.6898	13.2593	very_low	7.8917	2.6898	13.2593	rho_fallback_no_desc	0.0	0.0
K1a3a3	2	11.9851	4.0532	20.2747	very_low	11.9851	4.0532	20.2747	rho_fallback_no_desc	0.0	0.0
K1a3a4	2	1.2869	-1.2245	3.8427	very_low	1.2869	0.0	3.8427	rho_fallback_no_desc	0.0	0.0
K1a4	120	17.99	16.6449	19.3439	low	17.99	16.6449	19.3439	rho_direct	0.0	0.0
K1a4_T146C!	5	20.7356	17.8732	23.6357	low	18.1443	15.7291	20.5935	single_child_interpolation	-2.5913000000000004	12.496865294469416
K1a4a	57	18.9623	17.6101	20.3232	low	15.7065	14.3379	17.0846	single_child_interpolation	-3.255799999999999	17.16985808683545
K1a4a1	53	13.423	12.0309	14.8253	high	13.423	12.0309	14.8253	rho_direct	0.0	0.0
K1a4a1a	22	10.2369	8.2757	12.2201	medium	10.2369	8.2757	12.2201	rho_direct	0.0	0.0
K1a4a1a1	2	3.8953	1.3387	6.4951	very_low	3.8953	1.3387	6.4951	rho_fallback_no_desc	0.0	0.0
K1a4a1a2	11	10.1127	7.0086	13.2722	low	10.1127	7.0086	13.2722	rho_direct	0.0	0.0
K1a4a1a2a	2	5.2164	0.1025	10.5005	very_low	5.2164	0.1025	10.5005	rho_fallback_no_desc	0.0	0.0
K1a4a1a2b	6	3.8953	2.144	5.6667	low	3.8953	2.144	5.6667	rho_fallback_no_desc	0.0	0.0
K1a4a1a3	3	3.4574	1.7531	5.181	low	3.4574	1.7531	5.181	rho_fallback_no_desc	0.0	0.0
K1a4a1a_T195C!	10	4.9513	3.7445	6.1673	medium	4.9513	3.7445	6.1673	rho_direct	0.0	0.0
K1a4a1b	5	11.1588	5.5013	16.9991	low	11.1588	5.5013	16.9991	rho_fallback_no_desc	0.0	0.0
K1a4a1b1	2	6.5486	-1.1229	14.598	very_low	6.5486	0.0	14.598	rho_fallback_no_desc	0.0	0.0
K1a4a1b2	2	9.2456	-3.5408	23.0541	very_low	9.2456	0.0	23.0541	rho_fallback_no_desc	0.0	0.0
K1a4a1c	4	8.5673	4.0962	13.1583	low	10.6574	8.4492	12.8981	single_child_interpolation	2.0901000000000014	24.396250860831316
K1a4a1c1	3	7.8917	4.8676	10.971	low	7.8917	4.8676	10.971	rho_fallback_no_desc	0.0	0.0
K1a4a1d	2	6.5486	3.9479	9.1912	very_low	6.5486	3.9479	9.1912	rho_fallback_no_desc	0.0	0.0
K1a4a1e	4	7.8917	3.1362	12.7852	low	7.8917	3.1362	12.7852	rho_fallback_no_desc	0.0	0.0
K1a4a1f	4	5.8811	3.4007	8.4002	low	8.0042	7.3081	8.7054	single_child_interpolation	2.123100000000001	36.10038938293858
K1a4a1f1	2	2.5854	2.5854	2.5854	very_low	2.5854	2.5854	2.5854	rho_fallback_no_desc	0.0	0.0
K1a4a1g	2	5.2164	0.1025	10.5005	very_low	5.2164	0.1025	10.5005	rho_fallback_no_desc	0.0	0.0
K1a4a1h	2	10.6101	0.2051	21.6601	very_low	10.6101	0.2051	21.6601	rho_fallback_no_desc	0.0	0.0
K1a4a1i	2	6.5486	-1.1229	14.598	very_low	6.5486	0.0	14.598	rho_fallback_no_desc	0.0	0.0
K1a4b	8	21.8918	16.6954	27.2114	low	14.072	11.0945	17.1156	single_child_interpolation	-7.819800000000001	35.720224010816835
K1a4b1	6	10.1541	5.5441	14.8873	low	10.1541	5.5441	14.8873	rho_fallback_no_desc	0.0	0.0
K1a4c	6	15.702	11.8613	19.6184	low	13.7538	10.1386	17.4762	single_child_interpolation	-1.9482	12.407336645013373
K1a4c1	5	9.5176	3.6322	15.6085	low	9.5176	3.6322	15.6085	rho_fallback_no_desc	0.0	0.0
K1a4d	6	3.8953	1.021	6.8242	low	3.8953	1.021	6.8242	rho_fallback_no_desc	0.0	0.0
K1a4e	2	9.2456	6.6021	11.9299	very_low	9.2456	6.6021	11.9299	rho_fallback_no_desc	0.0	0.0
K1a4f	8	9.5857	4.9251	14.3739	low	13.3915	8.3224	20.4827	single_child_interpolation	3.8058000000000014	39.70289076436778
K1a4f1	3	8.7931	-3.1409	21.6215	low	8.7931	0.0	21.6215	rho_fallback_no_desc	0.0	0.0
K1a4g	2	10.6101	10.6101	10.6101	very_low	10.6101	10.6101	10.6101	rho_fallback_no_desc	0.0	0.0
K1a4h	3	10.6101	7.5371	13.7368	low	12.9409	9.6674	16.3016	single_child_interpolation	2.3308	21.967747712085657
K1a4h1	2	7.8917	2.6898	13.2593	very_low	7.8917	2.6898	13.2593	rho_fallback_no_desc	0.0	0.0
K1a4i	11	5.6995	2.9267	8.5211	medium	5.6995	2.9267	8.5211	rho_direct	0.0	0.0
K1a4j	4	18.2986	14.8133	21.843	low	14.835	11.8464	17.876	single_child_interpolation	-3.4635999999999996	18.92822401713792
K1a4j1	3	11.5256	7.9636	15.1586	low	11.5256	7.9636	15.1586	rho_fallback_no_desc	0.0	0.0
K1a4k	4	5.2164	5.2164	5.2164	low	5.2164	5.2164	5.2164	rho_fallback_no_desc	0.0	0.0
K1a5	8	10.268	8.4001	12.1556	low	10.268	8.4001	12.1556	rho_fallback_no_desc	0.0	0.0
K1a5a	6	2.5854	0.3167	4.8891	low	2.5854	0.3167	4.8891	rho_fallback_no_desc	0.0	0.0
K1a5b	2	2.5854	-2.4381	7.7838	very_low	2.5854	0.0	7.7838	rho_fallback_no_desc	0.0	0.0
K1a6	7	5.5959	4.8529	6.3423	low	5.5959	4.8529	6.3423	rho_fallback_no_desc	0.0	0.0
K1a7	3	19.0125	10.6267	27.7436	low	19.0125	10.6267	27.7436	rho_fallback_no_desc	0.0	0.0
K1a8	6	13.8345	9.5549	18.2121	low	13.8345	9.5549	18.2121	rho_fallback_no_desc	0.0	0.0
K1a8a	3	7.8917	2.6898	13.2593	low	10.1915	4.7774	16.405	single_child_interpolation	2.2997999999999994	29.142009959831206
K1a8a1	2	6.5486	-1.1229	14.598	very_low	6.5486	0.0	14.598	rho_fallback_no_desc	0.0	0.0
K1a8b	2	11.9851	4.0532	20.2747	very_low	11.9851	4.0532	20.2747	rho_fallback_no_desc	0.0	0.0
K1a9	3	0.8567	-0.8175	2.5507	low	0.8567	0.0	2.5507	rho_fallback_no_desc	0.0	0.0
K1a_C150T	25	15.7208	13.6268	17.837	medium	15.7208	13.6268	17.837	rho_direct	0.0	0.0
K1a_T195C!	49	6.5213	5.2735	7.7786	medium	6.5213	5.2735	7.7786	rho_direct	0.0	0.0
K1b	77	25.6486	23.4385	27.8791	low	25.6486	23.4385	27.8791	rho_direct	0.0	0.0
K1b1	38	21.3586	18.7234	24.0254	low	21.3586	18.7234	24.0254	rho_direct	0.0	0.0
K1b1_(T16093C)	23	25.5754	22.8705	28.3111	low	25.5754	22.8705	28.3111	rho_direct	0.0	0.0
K1b1a	20	13.0926	10.9819	15.2271	medium	13.0926	10.9819	15.2271	rho_direct	0.0	0.0
K1b1a1	18	10.1541	7.8677	12.4703	medium	10.1541	7.8677	12.4703	rho_direct	0.0	0.0
K1b1a1_T199C	7	7.8917	4.2838	11.5785	low	7.8917	4.2838	11.5785	rho_fallback_no_desc	0.0	0.0
K1b1a1a	4	4.5544	-1.0797	10.3993	low	4.5544	0.0	10.3993	rho_fallback_no_desc	0.0	0.0
K1b1a1b	2	5.2164	0.1025	10.5005	very_low	5.2164	0.1025	10.5005	rho_fallback_no_desc	0.0	0.0
K1b1a1c	3	6.1033	4.3696	7.8557	low	7.0247	4.6032	9.4827	single_child_interpolation	0.9214000000000002	15.096750938017141
K1b1a1c1	2	3.8953	1.3387	6.4951	very_low	3.8953	1.3387	6.4951	rho_fallback_no_desc	0.0	0.0
K1b1a1d	4	5.8811	2.6294	9.1997	low	6.3697	5.2266	7.5278	single_child_interpolation	0.4885999999999999	8.307969597524272
K1b1a1d1	2	2.5854	2.5854	2.5854	very_low	2.5854	2.5854	2.5854	rho_fallback_no_desc	0.0	0.0
K1b1a2	2	1.2869	-1.2245	3.8427	very_low	1.2869	0.0	3.8427	rho_fallback_no_desc	0.0	0.0
K1b1b	3	12.4458	7.7248	17.2898	low	17.4105	14.7363	20.1205	single_child_interpolation	4.964699999999999	39.890565491973184
K1b1b1	2	9.2456	6.6021	11.9299	very_low	9.2456	6.6021	11.9299	rho_fallback_no_desc	0.0	0.0
K1b1c	13	4.8087	2.6385	7.0092	medium	4.8087	2.6385	7.0092	rho_direct	0.0	0.0
K1b2	39	12.8009	10.0611	15.5813	medium	12.8009	10.0611	15.5813	rho_direct	0.0	0.0
K1b2a	32	9.8412	6.596	13.1474	medium	9.8412	6.596	13.1474	rho_direct	0.0	0.0
K1b2a1	7	12.1824	-0.6769	26.0081	low	13.3597	3.298	26.503	single_child_interpolation	1.1773000000000007	9.663941423693203
K1b2a1a	4	16.8782	-3.7455	39.8587	low	7.9726	1.649	17.1434	single_child_interpolation	-8.9056	52.76392032325722
K1b2a1a1	2	2.5854	-2.4381	7.7838	very_low	2.5854	0.0	7.7838	rho_fallback_no_desc	0.0	0.0
K1b2a2	13	4.4021	3.3281	5.4835	medium	6.2133	4.5907	7.8664	single_child_interpolation	1.8112000000000004	41.143999454805666
K1b2a2a	2	2.5854	2.5854	2.5854	very_low	2.5854	2.5854	2.5854	rho_fallback_no_desc	0.0	0.0
K1b2a3	2	3.8953	-3.6406	11.8196	very_low	3.8953	0.0	11.8196	rho_fallback_no_desc	0.0	0.0
K1b2b	6	3.4574	0.9365	6.0207	low	7.6931	5.0305	11.6825	single_child_interpolation	4.2357000000000005	122.51113553537343
K1b2b1	2	2.5854	-2.4381	7.7838	very_low	2.5854	0.0	7.7838	rho_fallback_no_desc	0.0	0.0
K1c	49	11.3945	10.3782	12.4166	medium	11.3945	10.3782	12.4166	rho_direct	0.0	0.0
K1c1	40	5.6149	4.5534	6.6834	medium	5.6149	4.5534	6.6834	rho_direct	0.0	0.0
K1c1a	2	6.5486	3.9479	9.1912	very_low	6.5486	3.9479	9.1912	rho_fallback_no_desc	0.0	0.0
K1c1b	4	0.642	-0.6136	1.9088	low	0.642	0.0	1.9088	rho_fallback_no_desc	0.0	0.0
K1c1c	7	1.1024	0.0835	2.1285	low	1.1024	0.0835	2.1285	rho_fallback_no_desc	0.0	0.0
K1c1d	2	1.2869	-1.2245	3.8427	very_low	1.2869	0.0	3.8427	rho_fallback_no_desc	0.0	0.0
K1c1e	3	6.1033	2.655	9.6266	low	6.1033	2.655	9.6266	rho_fallback_no_desc	0.0	0.0
K1c1f	4	6.5486	5.0419	8.0692	low	6.5486	5.0419	8.0692	rho_fallback_no_desc	0.0	0.0
K1c1g	2	2.5854	2.5854	2.5854	very_low	2.5854	2.5854	2.5854	rho_fallback_no_desc	0.0	0.0
K1c1h	4	1.9348	0.6678	3.2128	low	1.9348	0.6678	3.2128	rho_fallback_no_desc	0.0	0.0
K1c1i	2	6.5486	3.9479	9.1912	very_low	6.5486	3.9479	9.1912	rho_fallback_no_desc	0.0	0.0
K1c2	9	2.2959	-0.0062	4.6342	low		5.1891		single_child_interpolation		
K1c2a	0				no_ci		0.0		rho_fallback_no_desc		
K1d	3	3.4574	-1.009	8.0587	low	15.8761	13.839	19.2239	single_child_interpolation	12.4187	359.19187829004454
K1d1	2	2.5854	-2.4381	7.7838	very_low	2.5854	0.0	7.7838	rho_fallback_no_desc	0.0	0.0
K1e	3	13.3705	7.1833	19.7667	low	17.1915	13.8903	20.5822	single_child_interpolation	3.8210000000000015	28.577839273026452
K1e1	2	5.2164	0.1025	10.5005	very_low	5.2164	0.1025	10.5005	rho_fallback_no_desc	0.0	0.0
K1f	1	0.0			no_ci	0.0	0.0		rho_fallback_no_desc	0.0	
K1g	46	0.0557	-0.0535	0.165	medium	0.0557	0.0	0.165	rho_direct	0.0	0.0
K2	109	19.5117	18.3433	20.6864	high	19.5117	18.3433	20.6864	rho_direct	0.0	0.0
K2a	80	11.8816	10.2594	13.5183	high	11.8816	10.2594	13.5183	rho_direct	0.0	0.0
K2a1	2	6.5486	3.9479	9.1912	very_low	7.2335	5.1297		single_child_interpolation	0.6848999999999998	10.458724002076776
K2a10	2	1.2869	-1.2245	3.8427	very_low	1.2869	0.0	3.8427	rho_fallback_no_desc	0.0	0.0
K2a11	2	5.2164	5.2164	5.2164	very_low	5.2164	5.2164	5.2164	rho_fallback_no_desc	0.0	0.0
K2a1a	1	2.5854			no_ci	2.5854	0.0		rho_fallback_no_desc	0.0	0.0
K2a2	5	8.9739	3.8416	14.2636	low	10.7904	8.2169	13.4073	single_child_interpolation	1.8164999999999996	20.242035235516326
K2a2a	3	9.6992	6.1744	13.2963	low	6.6879	4.1084	10.5955	single_child_interpolation	-3.0112999999999994	31.046890465193
K2a2a1	2	2.5854	-2.4381	7.7838	very_low	2.5854	0.0	7.7838	rho_fallback_no_desc	0.0	0.0
K2a3	15	2.238	0.5333	3.9626	medium	8.549	6.2509	10.8826	single_child_interpolation	6.311	281.99285075960677
K2a3a	3	5.2164	2.2425	8.247	low	6.2222	3.7948	8.6889	single_child_interpolation	1.0057999999999998	19.281496817728698
K2a3a1	2	3.8953	1.3387	6.4951	very_low	3.8953	1.3387	6.4951	rho_fallback_no_desc	0.0	0.0
K2a4	2	2.5854	-2.4381	7.7838	very_low	2.5854	0.0	7.7838	rho_fallback_no_desc	0.0	0.0
K2a5	20	10.1996	8.2187	12.203	medium	10.1996	8.2187	12.203	rho_direct	0.0	0.0
K2a5a	3	6.1033	2.655	9.6266	low	6.3925	5.4021	7.3942	single_child_interpolation	0.2892000000000001	4.738420198908789
K2a5a1	2	2.5854	2.5854	2.5854	very_low	2.5854	2.5854	2.5854	rho_fallback_no_desc	0.0	0.0
K2a5b	13	9.3501	7.305	11.4196	medium	9.3501	7.305	11.4196	rho_direct	0.0	0.0
K2a6	6	4.7748	1.6896	7.9217	low	4.7748	1.6896	7.9217	rho_fallback_no_desc	0.0	0.0
K2a7	2	3.8953	-3.6406	11.8196	very_low	3.8953	0.0	11.8196	rho_fallback_no_desc	0.0	0.0
K2a8	3	2.5854	-0.3368	5.566	low	2.5854	0.0	5.566	rho_fallback_no_desc	0.0	0.0
K2a9	17	16.1717	14.5359	17.8209	low	10.3374	9.1038	11.5802	single_child_interpolation	-5.834300000000001	36.07722131872345
K2a9a	15	8.7931	7.9483	9.6421	medium	8.7931	7.9483	9.6421	rho_direct	0.0	0.0
K2b	26	14.4431	12.5279	16.3774	medium	14.4431	12.5279	16.3774	rho_direct	0.0	0.0
K2b1	22	11.3588	9.18	13.5641	medium	11.3588	9.18	13.5641	rho_direct	0.0	0.0
K2b1a	18	7.7419	5.3265	10.1925	medium	7.7419	5.3265	10.1925	rho_direct	0.0	0.0
K2b1a1	8	4.5544	1.3789	7.7958	low	6.4791	2.6633	13.0693	single_child_interpolation	1.9246999999999996	42.26023186369224
K2b1a1a	2	5.2164	-4.832	15.9461	very_low	5.2164	0.0	15.9461	rho_fallback_no_desc	0.0	0.0
K2b1a2	3	1.7185	0.0342	3.4224	low	1.7185	0.0342	3.4224	rho_fallback_no_desc	0.0	0.0
K2b1a3	3	6.995	2.4241	11.6961	low	6.995	2.4241	11.6961	rho_fallback_no_desc	0.0	0.0
K2b1a4	2	7.8917	-2.3374	18.7838	very_low	7.8917	0.0	18.7838	rho_fallback_no_desc	0.0	0.0
K2b1b	2	3.8953	1.3387	6.4951	very_low	3.8953	1.3387	6.4951	rho_fallback_no_desc	0.0	0.0
K2b2	4	13.3705	11.1584	15.6087	low	13.3705	11.1584	15.6087	rho_fallback_no_desc	0.0	0.0
K2c	3	28.7537	21.8272	35.8734	low	28.7537	21.8272	35.8734	rho_fallback_no_desc	0.0	0.0
K3	2	14.766	12.0403	17.5304	very_low	14.766	12.0403	17.5304	rho_fallback_no_desc	0.0	0.0
L0	489	124.5942	123.1918	125.9984	high	124.5942	123.1918	125.9984	rho_direct	0.0	0.0
L0a	309	45.7714	44.233	47.3169	high	45.7714	44.233	47.3169	rho_direct	0.0	0.0
L0a'b'f'g	328	87.6863	85.9836	89.3935	high	87.6863	85.9836	89.3935	rho_direct	0.0	0.0
L0a'b'f'g'k	353	115.0164	113.5364	116.4986	high	115.0164	113.5364	116.4986	rho_direct	0.0	0.0
L0a'b'g	314	67.5184	65.8258	69.2169	high	67.5184	65.8258	69.2169	rho_direct	0.0	0.0
L0a'g	310	63.5602	61.814	65.3132	high	63.5602	61.814	65.3132	rho_direct	0.0	0.0
L0a1	131	27.8749	26.6071	29.1492	high	27.8749	26.6071	29.1492	rho_direct	0.0	0.0
L0a1'4	134	30.8618	29.5654	32.1646	high	30.8618	29.5654	32.1646	rho_direct	0.0	0.0
L0a1_A16293G	71	26.0519	24.4681	27.6462	high	26.0519	24.4681	27.6462	rho_direct	0.0	0.0
L0a1a	58	23.0441	21.1119	24.9926	high	24.3928	22.7617	26.0362	single_child_interpolation	1.348700000000001	5.852691144371014
L0a1a1	5	23.6375	17.556	29.8825	low	23.6375	17.556	29.8825	rho_fallback_no_desc	0.0	0.0
L0a1a2	31	16.901	14.685	19.1414	medium	16.901	14.685	19.1414	rho_direct	0.0	0.0
L0a1a3	3	24.8086	15.0609	34.9743	low	24.8086	15.0609	34.9743	rho_fallback_no_desc	0.0	0.0
L0a1a_A200G	56	20.9107	18.9163	22.9233	high	20.9107	18.9163	22.9233	rho_direct	0.0	0.0
L0a1b	63	18.1516	16.6326	19.6818	high	18.1516	16.6326	19.6818	rho_direct	0.0	0.0
L0a1b1	57	12.6401	11.1236	14.1689	high	14.1569	12.6497	15.6762	single_child_interpolation	1.5168	11.999905064042213
L0a1b1a	55	10.1623	8.6668	11.6706	high	10.6319	9.095	12.1823	single_child_interpolation	0.4695999999999998	4.621001151314169
L0a1b1a1	48	7.1069	5.5403	8.6884	medium	10.0748	6.8675	13.3588	single_child_interpolation	2.9678999999999993	41.760823987955355
L0a1b1a1a	5	9.5176	4.64	14.5354	low	9.5176	4.64	14.5354	rho_fallback_no_desc	0.0	0.0
L0a1b2	3	6.1033	4.3696	7.8557	low	10.3685	9.609	11.1336	single_child_interpolation	4.265199999999999	69.8835056444874
L0a1b2a	2	2.5854	2.5854	2.5854	very_low	2.5854	2.5854	2.5854	rho_fallback_no_desc	0.0	0.0
L0a1c	3	27.7615	19.0298	36.8086	low	21.1118	14.9484	27.5851	single_child_interpolation	-6.649700000000003	23.952956432469435
L0a1c1	2	16.1717	5.4288	27.524	very_low	16.1717	5.4288	27.524	rho_fallback_no_desc	0.0	0.0
L0a1d	2	5.2164	5.2164	5.2164	very_low	5.2164	5.2164	5.2164	rho_fallback_no_desc	0.0	0.0
L0a1e	2	6.5486	-1.1229	14.598	very_low	6.5486	0.0	14.598	rho_fallback_no_desc	0.0	0.0
L0a1f	3	6.1033	-0.7156	13.2222	low	6.1033	0.0	13.2222	rho_fallback_no_desc	0.0	0.0
L0a2	171	31.7181	30.454	32.9881	high	31.7181	30.454	32.9881	rho_direct	0.0	0.0
L0a2a	147	25.1082	23.7664	26.4577	high	25.1082	23.7664	26.4577	rho_direct	0.0	0.0
L0a2a1	22	19.0125	16.5256	21.5288	medium	19.0125	16.5256	21.5288	rho_direct	0.0	0.0
L0a2a1a	10	16.1717	12.0931	20.3349	medium	16.1717	12.0931	20.3349	rho_direct	0.0	0.0
L0a2a1a1	2	2.5854	2.5854	2.5854	very_low	2.5854	2.5854	2.5854	rho_fallback_no_desc	0.0	0.0
L0a2a1a2	3	7.8917	4.8676	10.971	low	7.8917	4.8676	10.971	rho_fallback_no_desc	0.0	0.0
L0a2a1b	7	11.0019	7.83	14.2306	low	11.0019	7.83	14.2306	rho_fallback_no_desc	0.0	0.0
L0a2a2	124	14.067	12.6608	15.4836	high	18.2162	16.8475	19.5942	single_child_interpolation	4.1492	29.495983507499822
L0a2a2a	123	11.3242	9.9285	12.7308	high	11.3242	9.9285	12.7308	rho_direct	0.0	0.0
L0a2a2a1	5	13.9275	5.584	22.6513	low	13.9275	5.584	22.6513	rho_fallback_no_desc	0.0	0.0
L0a2a2a2	2	7.8917	7.8917	7.8917	very_low	7.8917	7.8917	7.8917	rho_fallback_no_desc	0.0	0.0
L0a2a2a3	5	9.5176	3.4074	15.8496	low	9.5176	3.4074	15.8496	rho_fallback_no_desc	0.0	0.0
L0a2b	9	9.0946	5.6803	12.5776	low	19.8049	15.2348	24.5713	single_child_interpolation	10.7103	117.76548721219184
L0a2b1	3	7.8917	0.0155	16.1546	low	7.8917	0.0155	16.1546	rho_fallback_no_desc	0.0	0.0
L0a2c	4	9.9265	3.37	16.7367	low	9.9265	3.37	16.7367	rho_fallback_no_desc	0.0	0.0
L0a2d	3	30.7497	24.926	36.7043	low	30.7497	24.926	36.7043	rho_fallback_no_desc	0.0	0.0
L0a2e	5	12.2614	10.1067	14.4414	low	12.2614	10.1067	14.4414	rho_fallback_no_desc	0.0	0.0
L0a3	1	39.9144			no_ci	39.9144	0.0		rho_fallback_no_desc	0.0	0.0
L0a4	1	2.5854			no_ci	2.5854	0.0		rho_fallback_no_desc	0.0	0.0
L0a5	3	7.8917	7.8917	7.8917	low	7.8917	7.8917	7.8917	rho_fallback_no_desc	0.0	0.0
L0b	4	60.6913	41.4242	80.8547	low	46.6536	41.0928	52.409	single_child_interpolation	-14.037700000000001	23.12967426962349
L0b1	3	25.7889	16.3598	35.6011	low	25.7889	16.3598	35.6011	rho_fallback_no_desc	0.0	0.0
L0d	136	75.8277	73.5065	78.1587	high	75.8277	73.5065	78.1587	rho_direct	0.0	0.0
L0d1	80	43.9346	41.6364	46.2487	high	43.9346	41.6364	46.2487	rho_direct	0.0	0.0
L0d1'2	128	65.2029	62.7885	67.6299	high	65.2029	62.7885	67.6299	rho_direct	0.0	0.0
L0d1a	19	20.0689	17.1916	22.9849	medium	23.3678	20.3033	26.475	single_child_interpolation	3.2988999999999997	16.437871532570295
L0d1a'c'd	47	44.1009	41.1321	47.0963	low	44.1009	41.1321	47.0963	rho_direct	0.0	0.0
L0d1a'd	20	31.5021	28.6153	34.4202	medium	31.5021	28.6153	34.4202	rho_direct	0.0	0.0
L0d1a1	18	15.2335	11.9913	18.5299	medium	15.2335	11.9913	18.5299	rho_direct	0.0	0.0
L0d1a1a	9	10.0023	4.0099	16.2055	low	10.0023	4.0099	16.2055	rho_fallback_no_desc	0.0	0.0
L0d1a1a1	3	13.3705	4.1723	23.039	low	13.3705	4.1723	23.039	rho_fallback_no_desc	0.0	0.0
L0d1a1a2	2	11.9851	-5.9142	31.8338	very_low	11.9851	0.0	31.8338	rho_fallback_no_desc	0.0	0.0
L0d1a1a3	2	2.5854	-2.4381	7.7838	very_low	2.5854	0.0	7.7838	rho_fallback_no_desc	0.0	0.0
L0d1a1b	5	9.5176	7.3961	11.6652	low	9.894	7.0432	12.7915	single_child_interpolation	0.3764000000000003	3.9547785155921695
L0d1a1b1	4	4.5544	2.0951	7.053	low	4.5544	2.0951	7.053	rho_fallback_no_desc	0.0	0.0
L0d1a1b1a	2	1.2869	-1.2245	3.8427	very_low	1.2869	0.0	3.8427	rho_fallback_no_desc	0.0	0.0
L0d1a1b1b	2	2.5854	-2.4381	7.7838	very_low	2.5854	0.0	7.7838	rho_fallback_no_desc	0.0	0.0
L0d1a1c	2	2.5854	2.5854	2.5854	very_low	2.5854	2.5854	2.5854	rho_fallback_no_desc	0.0	0.0
L0d1a1d	2	5.2164	0.1025	10.5005	very_low	5.2164	0.1025	10.5005	rho_fallback_no_desc	0.0	0.0
L0d1b	33	36.1764	33.2483	39.1341	medium	36.1764	33.2483	39.1341	rho_direct	0.0	0.0
L0d1b1	9	20.6075	14.8014	26.5716	low	20.6075	14.8014	26.5716	rho_fallback_no_desc	0.0	0.0
L0d1b1_C152T	3	24.8086	10.1021	40.491	low	16.989	7.4007	28.4804	single_child_interpolation	-7.819599999999998	31.519714937561965
L0d1b1a	3	3.4574	-1.009	8.0587	low	11.5965	7.4007	17.1777	single_child_interpolation	8.139100000000001	235.4110024874183
L0d1b1a1	2	2.5854	-2.4381	7.7838	very_low	2.5854	0.0	7.7838	rho_fallback_no_desc	0.0	0.0
L0d1b1b	3	14.2997	9.5306	19.1896	low	12.2514	7.4007	19.1956	single_child_interpolation	-2.0482999999999993	14.324076728882421
L0d1b1b1	2	3.8953	-3.6406	11.8196	very_low	3.8953	0.0	11.8196	rho_fallback_no_desc	0.0	0.0
L0d1b1c	2	13.3705	-2.2366	30.3893	very_low	13.3705	0.0	30.3893	rho_fallback_no_desc	0.0	0.0
L0d1b2	24	27.1434	24.1547	30.1685	medium	27.1434	24.1547	30.1685	rho_direct	0.0	0.0
L0d1b2a	6	9.2456	5.4584	13.1171	low	9.2456	5.4584	13.1171	rho_fallback_no_desc	0.0	0.0
L0d1b2a1	4	3.8953	1.3387	6.4951	low	3.8953	1.3387	6.4951	rho_fallback_no_desc	0.0	0.0
L0d1b2a2	2	6.5486	3.9479	9.1912	very_low	6.5486	3.9479	9.1912	rho_fallback_no_desc	0.0	0.0
L0d1b2b	18	23.8322	20.0724	27.6537	medium	23.8322	20.0724	27.6537	rho_direct	0.0	0.0
L0d1b2b1	6	19.9681	16.2469	23.7543	low	19.9681	16.2469	23.7543	rho_fallback_no_desc	0.0	0.0
L0d1b2b1a	2	2.5854	-2.4381	7.7838	very_low	2.5854	0.0	7.7838	rho_fallback_no_desc	0.0	0.0
L0d1b2b1b	4	9.2456	6.6021	11.9299	low	12.5922	10.7317	14.4853	single_child_interpolation	3.3466000000000005	36.19667733840963
L0d1b2b1b1	2	5.2164	5.2164	5.2164	very_low	5.2164	5.2164	5.2164	rho_fallback_no_desc	0.0	0.0
L0d1b2b2	12	14.2997	9.2202	19.5165	medium	14.2997	9.2202	19.5165	rho_direct	0.0	0.0
L0d1b2b2a	2	6.5486	3.9479	9.1912	very_low	6.5486	3.9479	9.1912	rho_fallback_no_desc	0.0	0.0
L0d1b2b2b	4	14.766	7.6415	22.1611	low	11.0957	4.6101	18.4025	single_child_interpolation	-3.6702999999999992	24.85642692672355
L0d1b2b2b1	3	7.8917	-1.008	17.2886	low	7.8917	0.0	17.2886	rho_fallback_no_desc	0.0	0.0
L0d1b2b2c	5	12.2614	1.9327	23.2021	low	12.2614	1.9327	23.2021	rho_fallback_no_desc	0.0	0.0
L0d1b2b2c1	3	10.6101	-7.1887	30.3992	low	10.6101	0.0	30.3992	rho_fallback_no_desc	0.0	0.0
L0d1b2b2c2	2	2.5854	-2.4381	7.7838	very_low	2.5854	0.0	7.7838	rho_fallback_no_desc	0.0	0.0
L0d1c	27	25.1349	21.9709	28.3414	medium	25.1349	21.9709	28.3414	rho_direct	0.0	0.0
L0d1c1	15	19.7766	16.671	22.9276	medium	19.3521	16.2566	22.4932	single_child_interpolation	-0.4244999999999983	2.1464761384666646
L0d1c1a	14	13.5692	10.5423	16.6451	medium	13.5692	10.5423	16.6451	rho_direct	0.0	0.0
L0d1c1a1	10	7.8917	5.0746	10.7566	medium	7.8917	5.0746	10.7566	rho_direct	0.0	0.0
L0d1c1a1a	7	5.9763	2.462	9.5688	low	5.9763	2.462	9.5688	rho_fallback_no_desc	0.0	0.0
L0d1c1a1a1	2	1.2869	-1.2245	3.8427	very_low	1.2869	0.0	3.8427	rho_fallback_no_desc	0.0	0.0
L0d1c1a1a2	2	1.2869	-1.2245	3.8427	very_low	1.2869	0.0	3.8427	rho_fallback_no_desc	0.0	0.0
L0d1c1a1b	2	1.2869	-1.2245	3.8427	very_low	1.2869	0.0	3.8427	rho_fallback_no_desc	0.0	0.0
L0d1c1a2	2	1.2869	-1.2245	3.8427	very_low	1.2869	0.0	3.8427	rho_fallback_no_desc	0.0	0.0
L0d1c2	5	15.6082	12.4194	18.8491	low	16.5133	12.3304	20.8003	single_child_interpolation	0.9051000000000009	5.798874950346619
L0d1c2a	3	7.8917	2.6898	13.2593	low	9.5494	7.4579	11.6929	single_child_interpolation	1.6577000000000002	21.005613492656845
L0d1c2a1	2	2.5854	2.5854	2.5854	very_low	2.5854	2.5854	2.5854	rho_fallback_no_desc	0.0	0.0
L0d1c3	3	13.3705	2.7942	24.5739	low	13.3705	2.7942	24.5739	rho_fallback_no_desc	0.0	0.0
L0d1c4	3	18.0612	10.1145	26.3233	low	18.0612	10.1145	26.3233	rho_fallback_no_desc	0.0	0.0
L0d1d	1	0.0			no_ci	0.0	0.0		rho_fallback_no_desc	0.0	
L0d2	48	54.4448	50.661	58.2652	medium	54.4448	50.661	58.2652	rho_direct	0.0	0.0
L0d2a	21	28.8958	25.9615	31.864	medium	28.8958	25.9615	31.864	rho_direct	0.0	0.0
L0d2a'b'd	32	48.2623	43.277	53.3182	medium	48.2623	43.277	53.3182	rho_direct	0.0	0.0
L0d2a1	19	10.3219	8.2481	12.4203	medium	10.3219	8.2481	12.4203	rho_direct	0.0	0.0
L0d2a1a	13	7.6843	5.1356	10.2724	medium	7.6843	5.1356	10.2724	rho_direct	0.0	0.0
L0d2a1a1	4	3.8953	0.603	7.2595	low	5.1349	2.5678	9.0281	single_child_interpolation	1.2395999999999998	31.82296613867994
L0d2a1a1a	2	2.5854	-2.4381	7.7838	very_low	2.5854	0.0	7.7838	rho_fallback_no_desc	0.0	0.0
L0d2a1a2	2	2.5854	-2.4381	7.7838	very_low	2.5854	0.0	7.7838	rho_fallback_no_desc	0.0	0.0
L0d2a1a3	2	9.2456	1.4422	17.4168	very_low	9.2456	1.4422	17.4168	rho_fallback_no_desc	0.0	0.0
L0d2a1b	2	1.2869	-1.2245	3.8427	very_low	1.2869	0.0	3.8427	rho_fallback_no_desc	0.0	0.0
L0d2a1c	2	3.8953	-3.6406	11.8196	very_low	3.8953	0.0	11.8196	rho_fallback_no_desc	0.0	0.0
L0d2a2	2	19.0125	8.1076	30.5094	very_low	19.0125	8.1076	30.5094	rho_fallback_no_desc	0.0	0.0
L0d2b	8	48.5607	40.341	56.9731	low	48.5607	40.341	56.9731	rho_fallback_no_desc	0.0	0.0
L0d2b1	6	20.4474	15.7229	25.2764	low	20.4474	15.7229	25.2764	rho_fallback_no_desc	0.0	0.0
L0d2b1a	4	14.067	7.0111	21.392	low	12.8319	8.9827	16.7617	single_child_interpolation	-1.235100000000001	8.780123693751339
L0d2b1a1	3	5.2164	2.2425	8.247	low	8.3636	5.1607	11.6284	single_child_interpolation	3.1471999999999998	60.33279656468061
L0d2b1a1a	2	3.8953	1.3387	6.4951	very_low	3.8953	1.3387	6.4951	rho_fallback_no_desc	0.0	0.0
L0d2b1b	2	7.8917	7.8917	7.8917	very_low	7.8917	7.8917	7.8917	rho_fallback_no_desc	0.0	0.0
L0d2b2	2	20.4474	12.1508	29.072	very_low	20.4474	12.1508	29.072	rho_fallback_no_desc	0.0	0.0
L0d2c	16	20.6275	17.3922	23.9112	medium	20.6275	17.3922	23.9112	rho_direct	0.0	0.0
L0d2c1	8	14.067	10.0084	18.2131	low	14.067	10.0084	18.2131	rho_fallback_no_desc	0.0	0.0
L0d2c1a	4	13.3705	11.1584	15.6087	low	8.3262	6.2969	10.3993	single_child_interpolation	-5.0443	37.72708574847612
L0d2c1a1	2	2.5854	2.5854	2.5854	very_low	2.5854	2.5854	2.5854	rho_fallback_no_desc	0.0	0.0
L0d2c1b	2	2.5854	-2.4381	7.7838	very_low	2.5854	0.0	7.7838	rho_fallback_no_desc	0.0	0.0
L0d2c2	8	7.5549	4.3652	10.8065	low	7.5549	4.3652	10.8065	rho_fallback_no_desc	0.0	0.0
L0d2c2a	4	5.8811	0.1974	11.7727	low	6.3857	2.1826	11.0695	single_child_interpolation	0.5045999999999999	8.580027545867269
L0d2c2a1	3	5.2164	-0.6728	11.3326	low	4.4855	1.0913	9.4267	single_child_interpolation	-0.7309000000000001	14.01157886665133
L0d2c2a1a	2	2.5854	-2.4381	7.7838	very_low	2.5854	0.0	7.7838	rho_fallback_no_desc	0.0	0.0
L0d2c2b	2	2.5854	-2.4381	7.7838	very_low	2.5854	0.0	7.7838	rho_fallback_no_desc	0.0	0.0
L0d2d	2	2.5854	2.5854	2.5854	very_low	2.5854	2.5854	2.5854	rho_fallback_no_desc	0.0	0.0
L0d3	8	31.5021	28.2204	34.8243	low	31.5021	28.2204	34.8243	rho_fallback_no_desc	0.0	0.0
L0d3a	2	20.4474	6.8163	34.9901	very_low	20.4474	6.8163	34.9901	rho_fallback_no_desc	0.0	0.0
L0d3b	5	8.4319	5.8539	11.0495	low	8.4319	5.8539	11.0495	rho_fallback_no_desc	0.0	0.0
L0d3b1	2	7.8917	2.6898	13.2593	very_low	7.8917	2.6898	13.2593	rho_fallback_no_desc	0.0	0.0
L0d3b2	2	3.8953	1.3387	6.4951	very_low	3.8953	1.3387	6.4951	rho_fallback_no_desc	0.0	0.0
L0f	14	77.3987	72.598	82.2407	medium	77.3987	72.598	82.2407	rho_direct	0.0	0.0
L0f1	2	63.9868	60.757	67.2396	very_low	63.9868	60.757	67.2396	rho_fallback_no_desc	0.0	0.0
L0f2	4	56.6068	46.2187	67.2661	low	56.6068	46.2187	67.2661	rho_fallback_no_desc	0.0	0.0
L0f2a	3	41.9898	37.9349	46.0963	low	32.2493	24.4542	40.2627	single_child_interpolation	-9.740500000000004	23.19730029673874
L0f2a1	2	7.8917	2.6898	13.2593	very_low	7.8917	2.6898	13.2593	rho_fallback_no_desc	0.0	0.0
L0f2b	1	0.0			no_ci	0.0	0.0		rho_fallback_no_desc	0.0	
L0f3	4	40.691	31.0879	50.5964	low	40.691	31.0879	50.5964	rho_fallback_no_desc	0.0	0.0
L0f4	3	5.2164	5.2164	5.2164	low	5.2164	5.2164	5.2164	rho_fallback_no_desc	0.0	0.0
L0g	1	2.5854			no_ci	2.5854	0.0		rho_fallback_no_desc	0.0	0.0
L0k	25	37.073	35.054	39.1057	medium	37.073	35.054	39.1057	rho_direct	0.0	0.0
L0k1	19	27.7615	25.3752	30.1707	medium	27.7615	25.3752	30.1707	rho_direct	0.0	0.0
L0k1a	17	11.2559	8.9818	13.5588	medium	11.2559	8.9818	13.5588	rho_direct	0.0	0.0
L0k1a1	11	6.9138	4.3525	9.5155	medium	6.9138	4.3525	9.5155	rho_direct	0.0	0.0
L0k1a1a	3	5.2164	-0.6728	11.3326	low	5.2164	0.0	11.3326	rho_fallback_no_desc	0.0	0.0
L0k1a1b	2	6.5486	3.9479	9.1912	very_low	6.5486	3.9479	9.1912	rho_fallback_no_desc	0.0	0.0
L0k1a1c	2	2.5854	-2.4381	7.7838	very_low	2.5854	0.0	7.7838	rho_fallback_no_desc	0.0	0.0
L0k1a1d	2	2.5854	2.5854	2.5854	very_low	2.5854	2.5854	2.5854	rho_fallback_no_desc	0.0	0.0
L0k1a2	4	3.8953	0.603	7.2595	low	6.9206	4.4909	10.6713	single_child_interpolation	3.0253	77.66539162580546
L0k1a2a	2	2.5854	-2.4381	7.7838	very_low	2.5854	0.0	7.7838	rho_fallback_no_desc	0.0	0.0
L0k1a3	2	3.8953	1.3387	6.4951	very_low	3.8953	1.3387	6.4951	rho_fallback_no_desc	0.0	0.0
L0k1b	2	5.2164	5.2164	5.2164	very_low	5.2164	5.2164	5.2164	rho_fallback_no_desc	0.0	0.0
L0k2	6	25.7889	23.8712	27.7219	low	25.7889	23.8712	27.7219	rho_fallback_no_desc	0.0	0.0
L0k2a	4	13.3705	11.1584	15.6087	low	18.1995	15.7042	20.7294	single_child_interpolation	4.829000000000001	36.11682435211848
L0k2a1	3	10.6101	7.5371	13.7368	low	11.0474	8.5214	13.6122	single_child_interpolation	0.43730000000000047	4.121544566026715
L0k2a1a	2	3.8953	1.3387	6.4951	very_low	3.8953	1.3387	6.4951	rho_fallback_no_desc	0.0	0.0
L0k2b	2	24.8086	24.8086	24.8086	very_low	24.8086	24.8086	24.8086	rho_fallback_no_desc	0.0	0.0
L1	420	115.7723	113.929	117.619	high	115.7723	113.929	117.619	rho_direct	0.0	0.0
L1'2'3'4'5'6	71272	152.5259	152.3586	152.6933	high	152.5259	152.3586	152.6933	rho_direct	0.0	0.0
L1b	212	31.6585	30.7405	32.5796	high	31.6585	30.7405	32.5796	rho_direct	0.0	0.0
L1b1	189	16.7996	15.8792	17.7241	high	22.8034	21.8903	23.7203	single_child_interpolation	6.003799999999998	35.737755660849054
L1b1a	188	13.9483	13.04	14.8609	high	13.9483	13.04	14.8609	rho_direct	0.0	0.0
L1b1a1	0				no_ci		0.0		rho_fallback_no_desc		
L1b1a1'4	16	13.5444	10.3267	16.8174	low	13.5444	10.3267	16.8174	rho_direct	0.0	0.0
L1b1a10	12	10.6101	6.4287	14.8916	low	10.6101	6.4287	14.8916	rho_direct	0.0	0.0
L1b1a10a	2	9.2456	1.4422	17.4168	very_low	9.2456	1.4422	17.4168	rho_fallback_no_desc	0.0	0.0
L1b1a10b	2	5.2164	0.1025	10.5005	very_low	5.2164	0.1025	10.5005	rho_fallback_no_desc	0.0	0.0
L1b1a12	4	10.6101	2.8856	18.6839	low	10.6101	2.8856	18.6839	rho_fallback_no_desc	0.0	0.0
L1b1a12a	2	3.8953	-3.6406	11.8196	very_low	3.8953	0.0	11.8196	rho_fallback_no_desc	0.0	0.0
L1b1a12b	2	9.2456	-3.5408	23.0541	very_low	9.2456	0.0	23.0541	rho_fallback_no_desc	0.0	0.0
L1b1a13	2	5.2164	5.2164	5.2164	very_low	5.2164	5.2164	5.2164	rho_fallback_no_desc	0.0	0.0
L1b1a14	14	11.3945	9.4125	13.3985	medium	11.3945	9.4125	13.3985	rho_direct	0.0	0.0
L1b1a15	9	7.5923	5.7485	9.4565	low	9.4732	5.4656	14.2371	single_child_interpolation	1.8809000000000005	24.773783965333305
L1b1a15a	2	6.5486	-1.1229	14.598	very_low	6.5486	0.0	14.598	rho_fallback_no_desc	0.0	0.0
L1b1a16	2	3.8953	1.3387	6.4951	very_low	3.8953	1.3387	6.4951	rho_fallback_no_desc	0.0	0.0
L1b1a17	4	14.067	0.425	28.7568	low	14.067	0.425	28.7568	rho_fallback_no_desc	0.0	0.0
L1b1a18	8	7.8917	4.0675	11.8046	low	7.8917	4.0675	11.8046	rho_fallback_no_desc	0.0	0.0
L1b1a2	6	11.9851	7.2598	16.8349	low	11.9851	7.2598	16.8349	rho_fallback_no_desc	0.0	0.0
L1b1a2a	3	5.2164	2.2425	8.247	low	5.2164	2.2425	8.247	rho_fallback_no_desc	0.0	0.0
L1b1a2b	3	5.2164	-0.6728	11.3326	low	5.2164	0.0	11.3326	rho_fallback_no_desc	0.0	0.0
L1b1a3	42	8.4706	6.5221	10.4416	medium	8.4706	6.5221	10.4416	rho_direct	0.0	0.0
L1b1a3a	11	6.1841	3.4508	8.9644	medium	4.8788	3.2611	7.1421	single_child_interpolation	-1.3053	21.107355961255475
L1b1a3a1	2	1.2869	-1.2245	3.8427	very_low	1.2869	0.0	3.8427	rho_fallback_no_desc	0.0	0.0
L1b1a3b	9	10.0023	6.3874	13.6929	low	10.0023	6.3874	13.6929	rho_fallback_no_desc	0.0	0.0
L1b1a4	14	10.024	7.4018	12.6857	medium	9.7127	6.4781	13.0086	single_child_interpolation	-0.31129999999999924	3.105546687948915
L1b1a4a	4	5.8811	2.6294	9.1997	low	5.8811	2.6294	9.1997	rho_fallback_no_desc	0.0	0.0
L1b1a5	4	1.9348	-0.4816	4.3914	low	1.9348	0.0	4.3914	rho_fallback_no_desc	0.0	0.0
L1b1a6	14	6.9312	5.1466	8.7353	medium	6.9312	5.1466	8.7353	rho_direct	0.0	0.0
L1b1a7	12	9.9265	6.857	13.0504	medium	9.5823	7.3111	11.8983	single_child_interpolation	-0.3442000000000007	3.4674860222636448
L1b1a7a	5	5.2164	1.5822	8.9357	low	5.2164	1.5822	8.9357	rho_fallback_no_desc	0.0	0.0
L1b1a8	2	9.2456	1.4422	17.4168	very_low	9.2456	1.4422	17.4168	rho_fallback_no_desc	0.0	0.0
L1b1a9	7	12.9736	10.7888	15.1842	low	12.9736	10.7888	15.1842	rho_fallback_no_desc	0.0	0.0
L1b1a_A189G	77	12.3978	10.9312	13.8762	high	12.3978	10.9312	13.8762	rho_direct	0.0	0.0
L1b2	21	19.2851	16.4602	22.1478	medium	21.831	18.5806	25.136	single_child_interpolation	2.5458999999999996	13.201383451472898
L1b2'3	23	33.5078	30.7998	36.2423	low	33.5078	30.7998	36.2423	rho_direct	0.0	0.0
L1b2a	12	10.1541	6.3614	14.0297	medium	10.1541	6.3614	14.0297	rho_direct	0.0	0.0
L1b3	2	19.0125	19.0125	19.0125	very_low	19.0125	19.0125	19.0125	rho_fallback_no_desc	0.0	0.0
L1c	208	81.6431	79.4325	83.862	high	81.6431	79.4325	83.862	rho_direct	0.0	0.0
L1c1	72	66.3818	62.9812	69.8069	high	66.3818	62.9812	69.8069	rho_direct	0.0	0.0
L1c1'2'4'5'6	144	84.4934	82.3503	86.6438	low	84.4934	82.3503	86.6438	rho_direct	0.0	0.0
L1c1'2'4'6	141	80.8413	78.7419	82.9481	high	80.8413	78.7419	82.9481	rho_direct	0.0	0.0
L1c1a	37	59.8491	55.8673	63.8682	medium	59.9252	56.1088	63.7756	single_child_interpolation	0.07609999999999673	0.1271531234387764
L1c1a'b'd	60	62.6108	58.8287	66.4249	high	62.6108	58.8287	66.4249	rho_direct	0.0	0.0
L1c1a1	17	49.7333	42.9675	56.6264	medium	49.7333	42.9675	56.6264	rho_direct	0.0	0.0
L1c1a1a	16	37.7885	31.4825	44.2301	medium	37.7885	31.4825	44.2301	rho_direct	0.0	0.0
L1c1a1a1	14	20.6532	15.3988	26.0366	medium	20.6532	15.3988	26.0366	rho_direct	0.0	0.0
L1c1a1a1a	7	11.3945	3.6164	19.5209	low	11.3945	3.6164	19.5209	rho_fallback_no_desc	0.0	0.0
L1c1a1a1b	7	7.5068	3.1931	11.9348	low	13.6009	7.9138	19.4714	single_child_interpolation	6.094099999999999	81.18106250333031
L1c1a1a1b1	4	6.5486	0.4289	12.9063	low	6.5486	0.4289	12.9063	rho_fallback_no_desc	0.0	0.0
L1c1a1a2	2	3.8953	1.3387	6.4951	very_low	3.8953	1.3387	6.4951	rho_fallback_no_desc	0.0	0.0
L1c1a1b	1	0.0			no_ci	0.0	0.0		rho_fallback_no_desc	0.0	
L1c1a2	18	20.2875	15.7496	24.9221	medium	20.2875	15.7496	24.9221	rho_direct	0.0	0.0
L1c1a2a	7	9.0515	4.9379	13.2654	low	9.0515	4.9379	13.2654	rho_fallback_no_desc	0.0	0.0
L1c1a2a1	3	7.8917	-1.008	17.2886	low	7.8917	0.0	17.2886	rho_fallback_no_desc	0.0	0.0
L1c1a2a2	4	5.2164	1.5822	8.9357	low	5.2164	1.5822	8.9357	rho_fallback_no_desc	0.0	0.0
L1c1a2b	7	7.8917	2.5695	13.3875	low	7.8917	2.5695	13.3875	rho_fallback_no_desc	0.0	0.0
L1c1a2c	2	1.2869	-1.2245	3.8427	very_low	1.2869	0.0	3.8427	rho_fallback_no_desc	0.0	0.0
L1c1a_T198C!	36	57.2396	53.389	61.1263	medium	57.2396	53.389	61.1263	rho_direct	0.0	0.0
L1c1b	4	27.0199	25.5729	28.4755	low	32.6869	30.2172	35.1892	single_child_interpolation	5.667000000000002	20.97343069367393
L1c1b'd	23	52.0033	47.0638	57.0079	medium	52.0033	47.0638	57.0079	rho_direct	0.0	0.0
L1c1b1	2	13.3705	13.3705	13.3705	very_low	13.3705	13.3705	13.3705	rho_fallback_no_desc	0.0	0.0
L1c1c	10	49.0387	41.87	56.3522	medium	53.1481	46.1344	60.3623	single_child_interpolation	4.109400000000001	8.379912191799539
L1c1c1	4	39.9144	29.2876	50.9178	low	39.9144	29.2876	50.9178	rho_fallback_no_desc	0.0	0.0
L1c1d	19	36.6655	30.5844	42.8751	medium	36.6655	30.5844	42.8751	rho_direct	0.0	0.0
L1c1d1	6	16.6424	6.6499	27.1546	low	24.671	15.2922	34.5913	single_child_interpolation	8.0286	48.241840119213585
L1c1d1a	4	12.6765	-0.0234	26.3076	low	12.6765	0.0	26.3076	rho_fallback_no_desc	0.0	0.0
L1c1d2	3	26.7732	21.7125	31.9401	low	26.7732	21.7125	31.9401	rho_fallback_no_desc	0.0	0.0
L1c2	56	40.4689	38.286	42.6672	high	40.4689	38.286	42.6672	rho_direct	0.0	0.0
L1c2'4	67	76.968	74.6407	79.305	high	76.968	74.6407	79.305	rho_direct	0.0	0.0
L1c2a	30	33.0637	30.0967	36.0629	medium	33.0637	30.0967	36.0629	rho_direct	0.0	0.0
L1c2a1	19	26.8252	22.6751	31.0463	medium	26.8252	22.6751	31.0463	rho_direct	0.0	0.0
L1c2a1a	15	7.8917	3.2583	12.656	medium	7.8917	3.2583	12.656	rho_direct	0.0	0.0
L1c2a1b	2	19.0125	13.4817	24.6912	very_low	19.0125	13.4817	24.6912	rho_fallback_no_desc	0.0	0.0
L1c2a2	7	17.7902	9.985	25.9012	low	17.7902	9.985	25.9012	rho_fallback_no_desc	0.0	0.0
L1c2a3	4	21.8918	17.9115	25.944	low	21.3814	16.1052	26.8456	single_child_interpolation	-0.5104000000000006	2.3314665765263736
L1c2a3a	3	9.6992	2.1137	17.6283	low	9.6992	2.1137	17.6283	rho_fallback_no_desc	0.0	0.0
L1c2b	26	37.3	34.1671	40.4664	medium	37.3	34.1671	40.4664	rho_direct	0.0	0.0
L1c2b1	21	33.9166	30.7898	37.0788	medium	33.9166	30.7898	37.0788	rho_direct	0.0	0.0
L1c2b1a	4	21.8918	16.7672	27.1362	low	22.3422	17.724	27.0669	single_child_interpolation	0.45039999999999836	2.057391352013075
L1c2b1a'b	16	31.3138	27.4485	35.2357	medium	31.3138	27.4485	35.2357	rho_direct	0.0	0.0
L1c2b1a1	2	13.3705	7.9996	18.8981	very_low	13.3705	7.9996	18.8981	rho_fallback_no_desc	0.0	0.0
L1c2b1b	7	19.4215	13.1005	25.9349	low	19.4215	13.1005	25.9349	rho_fallback_no_desc	0.0	0.0
L1c2b1b1	2	3.8953	1.3387	6.4951	very_low	3.8953	1.3387	6.4951	rho_fallback_no_desc	0.0	0.0
L1c2b1b2	3	12.4458	3.6324	21.6987	low	12.4458	3.6324	21.6987	rho_fallback_no_desc	0.0	0.0
L1c2b1c	5	9.5176	5.5704	13.5561	low	9.5176	5.5704	13.5561	rho_fallback_no_desc	0.0	0.0
L1c2b2	5	29.5503	19.6653	39.8278	low	29.5503	19.6653	39.8278	rho_fallback_no_desc	0.0	0.0
L1c3	64	44.0131	41.2813	46.7675	high	44.0131	41.2813	46.7675	rho_direct	0.0	0.0
L1c3a	31	20.6798	16.2735	25.1764	medium	35.4311	30.1311	40.8722	single_child_interpolation	14.7513	71.33192777493012
L1c3a1	13	26.8491	18.9809	34.9769	low	26.8491	18.9809	34.9769	rho_direct	0.0	0.0
L1c3a1a	6	20.9279	14.3912	27.6644	low	20.9279	14.3912	27.6644	rho_fallback_no_desc	0.0	0.0
L1c3a1b	6	14.766	7.844	21.943	low	14.766	7.844	21.943	rho_fallback_no_desc	0.0	0.0
L1c3b	14	35.5138	32.6688	38.3871	medium	35.5138	32.6688	38.3871	rho_direct	0.0	0.0
L1c3b'c	33	40.7617	38.483	43.0571	medium	40.7617	38.483	43.0571	rho_direct	0.0	0.0
L1c3b1	13	12.5167	9.4473	15.6376	medium	12.5167	9.4473	15.6376	rho_direct	0.0	0.0
L1c3b1a	8	2.9118	0.4753	5.3884	low	2.9118	0.4753	5.3884	rho_fallback_no_desc	0.0	0.0
L1c3b1b	3	12.4458	2.6612	22.7754	low	12.4458	2.6612	22.7754	rho_fallback_no_desc	0.0	0.0
L1c3b2	1	7.8917			no_ci	7.8917	0.0		rho_fallback_no_desc	0.0	0.0
L1c3c	19	28.231	24.8491	31.6588	medium	28.231	24.8491	31.6588	rho_direct	0.0	0.0
L1c4	11	36.8271	27.7911	46.1492	medium	36.8271	27.7911	46.1492	rho_direct	0.0	0.0
L1c4a	2	7.8917	2.6898	13.2593	very_low	7.8917	2.6898	13.2593	rho_fallback_no_desc	0.0	0.0
L1c4b	6	31.7533	14.4737	50.2239	low	31.7533	14.4737	50.2239	rho_fallback_no_desc	0.0	0.0
L1c5	3	9.6992	-3.9395	24.4957	low	9.6992	0.0	24.4957	rho_fallback_no_desc	0.0	0.0
L1c6	2	55.7947	49.4853	62.2042	very_low	55.7947	49.4853	62.2042	rho_fallback_no_desc	0.0	0.0
L2	906	71.4598	70.3574	72.5644	high	71.4598	70.3574	72.5644	rho_direct	0.0	0.0
L2'3'4'5'6	70852	136.0275	135.8608	136.1941	high	136.0275	135.8608	136.1941	rho_direct	0.0	0.0
L2'3'4'6	70828	101.0397	100.874	101.2053	high	101.0397	100.874	101.2053	rho_direct	0.0	0.0
L2a	689	53.1845	52.4572	53.9131	high	53.1845	52.4572	53.9131	rho_direct	0.0	0.0
L2a'b'c'd	891	64.4046	63.3442	65.4676	high	64.4046	63.3442	65.4676	rho_direct	0.0	0.0
L2a1	655	20.3925	19.7448	21.0421	high	20.3925	19.7448	21.0421	rho_direct	0.0	0.0
L2a1'2'3'4	680	32.0789	31.3726	32.787	high	32.0789	31.3726	32.787	rho_direct	0.0	0.0
L2a1_G143A	214	24.0281	22.7879	25.2748	low	24.0281	22.7879	25.2748	rho_direct	0.0	0.0
L2a1_G143A_G16309A!	11	36.5481	30.1608	43.0775	low	36.5481	30.1608	43.0775	rho_direct	0.0	0.0
L2a1_G143A_T16189C!_(C16192T)	102	17.7265	16.3133	19.1494	high	17.7265	16.3133	19.1494	rho_direct	0.0	0.0
L2a1_G143A_T16189C!_(C16192T)_G16309A!	22	18.2339	15.6986	20.8002	low	18.2339	15.6986	20.8002	rho_direct	0.0	0.0
L2a1_T16189C!_(C16192T)	289	14.9163	14.3977	15.4363	high	14.9163	14.3977	15.4363	rho_direct	0.0	0.0
L2a1a	152	10.1241	8.9867	11.2689	high	10.1241	8.9867	11.2689	rho_direct	0.0	0.0
L2a1a1	13	11.2434	8.5252	14.003	low	11.2434	8.5252	14.003	rho_direct	0.0	0.0
L2a1a2	91	6.1228	4.7948	7.4618	high	6.1228	4.7948	7.4618	rho_direct	0.0	0.0
L2a1a2a	11	13.3705	10.1942	16.6009	low	8.7783	6.6199	10.9672	single_child_interpolation	-4.5922	34.34576119068098
L2a1a2a1	10	11.4338	8.445	14.4727	low	8.8422	5.9078	11.8327	single_child_interpolation	-2.5915999999999997	22.66613024541272
L2a1a2a1a	8	8.9061	5.1956	12.6982	low	8.9061	5.1956	12.6982	rho_fallback_no_desc	0.0	0.0
L2a1a2b	5	8.9739	5.0394	13.0002	low	8.9739	5.0394	13.0002	rho_fallback_no_desc	0.0	0.0
L2a1a2c	6	8.7931	5.8547	11.7825	low	8.7931	5.8547	11.7825	rho_fallback_no_desc	0.0	0.0
L2a1a3	24	14.1833	11.1092	17.3073	low	14.1833	11.1092	17.3073	rho_direct	0.0	0.0
L2a1a3a	6	7.4428	3.7773	11.1906	low	7.4428	3.7773	11.1906	rho_fallback_no_desc	0.0	0.0
L2a1a3b	2	11.9851	4.0532	20.2747	very_low	11.9851	4.0532	20.2747	rho_fallback_no_desc	0.0	0.0
L2a1a3c	8	13.3705	6.5893	20.4035	low	13.3705	6.5893	20.4035	rho_fallback_no_desc	0.0	0.0
L2a1b	195	12.9147	12.4337	13.3969	high	12.9147	12.4337	13.3969	rho_direct	0.0	0.0
L2a1b1	185	10.063	9.622	10.5051	high	8.7844	8.3379	9.232	single_child_interpolation	-1.2786000000000008	12.705952499254703
L2a1b1a	179	4.6541	4.2421	5.0672	high	4.6541	4.2421	5.0672	rho_direct	0.0	0.0
L2a1b2	4	11.2963	5.0423	17.7738	low	11.2963	5.0423	17.7738	rho_fallback_no_desc	0.0	0.0
L2a1b3	2	10.6101	10.6101	10.6101	very_low	10.6101	10.6101	10.6101	rho_fallback_no_desc	0.0	0.0
L2a1b_G143A	5	15.6082	12.9255	18.3277	low	11.7624	11.5219	12.0035	single_child_interpolation	-3.8458000000000006	24.63961251137223
L2a1c	92	20.6353	18.809	22.4769	low	20.6353	18.809	22.4769	rho_direct	0.0	0.0
L2a1c1	11	10.8593	8.0318	13.732	medium	14.3145	11.7158	16.9485	single_child_interpolation	3.4552000000000014	31.817888814196145
L2a1c1a	7	8.2774	5.8619	10.7277	low	8.2774	5.8619	10.7277	rho_fallback_no_desc	0.0	0.0
L2a1c1a1	2	6.5486	-1.1229	14.598	very_low	6.5486	0.0	14.598	rho_fallback_no_desc	0.0	0.0
L2a1c1a2	5	5.2164	2.9078	7.559	low	5.2164	2.9078	7.559	rho_fallback_no_desc	0.0	0.0
L2a1c2	10	16.7367	12.5032	21.0604	low	15.2809	12.114	18.5146	single_child_interpolation	-1.4557999999999982	8.698249953694564
L2a1c2a	4	9.9265	5.419	14.5523	low	9.9265	5.419	14.5523	rho_fallback_no_desc	0.0	0.0
L2a1c3	30	22.666	19.5961	25.7779	low	22.666	19.5961	25.7779	rho_direct	0.0	0.0
L2a1c3a	17	18.6763	15.0567	22.359	low	17.0958	13.4207	20.8433	single_child_interpolation	-1.5805000000000007	8.462596981200775
L2a1c3a1	6	11.5256	7.2453	15.9088	low	10.8912	7.0082	14.8652	single_child_interpolation	-0.6344000000000012	5.504268758242531
L2a1c3a1a	5	4.6866	0.5957	8.8871	low	4.6866	0.5957	8.8871	rho_fallback_no_desc	0.0	0.0
L2a1c3b	13	19.2326	14.3102	24.2714	low	19.2326	14.3102	24.2714	rho_direct	0.0	0.0
L2a1c3b1	6	15.2335	8.1692	22.561	low	15.2335	8.1692	22.561	rho_fallback_no_desc	0.0	0.0
L2a1c3b2	5	12.2614	5.4148	19.3711	low	12.2614	5.4148	19.3711	rho_fallback_no_desc	0.0	0.0
L2a1c4	9	12.4458	8.7563	16.2099	low	14.9405	12.0371	17.8982	single_child_interpolation	2.4947	20.04451300840444
L2a1c4a	8	9.2456	5.2652	13.3194	low	12.093	7.9135	16.3882	single_child_interpolation	2.8474000000000004	30.797352254045173
L2a1c4a1	4	9.2456	3.79	14.8782	low	9.2456	3.79	14.8782	rho_fallback_no_desc	0.0	0.0
L2a1c5	13	6.8575	3.4997	10.2852	medium	6.8575	3.4997	10.2852	rho_direct	0.0	0.0
L2a1c6	3	5.2164	-0.6728	11.3326	low	5.2164	0.0	11.3326	rho_fallback_no_desc	0.0	0.0
L2a1c_G16129A!	15	10.4275	7.2524	13.6603	medium	13.7464	11.1544	16.3811	single_child_interpolation	3.3188999999999993	31.828338527930946
L2a1c_T16086C	15	20.3515	17.5697	23.1692	low	20.3515	17.5697	23.1692	rho_direct	0.0	0.0
L2a1d	7	25.2282	20.665	29.8801	low	25.2282	20.665	29.8801	rho_fallback_no_desc	0.0	0.0
L2a1d1	4	13.3705	7.5763	19.3475	low	13.3705	7.5763	19.3475	rho_fallback_no_desc	0.0	0.0
L2a1d2	2	20.4474	12.1508	29.072	very_low	20.4474	12.1508	29.072	rho_fallback_no_desc	0.0	0.0
L2a1e	9	16.7996	13.7875	19.857	low	17.4905	15.3224	19.6889	single_child_interpolation	0.6908999999999992	4.112597918998066
L2a1e1	8	10.9529	7.8569	14.103	low	10.9529	7.8569	14.103	rho_fallback_no_desc	0.0	0.0
L2a1f	86	10.0694	8.95	11.1958	high	10.0694	8.95	11.1958	rho_direct	0.0	0.0
L2a1f1	16	9.756	6.7471	12.8174	low	8.309	6.4489	10.1935	single_child_interpolation	-1.447000000000001	14.8318983189832
L2a1f1a	2	6.5486	3.9479	9.1912	very_low	6.5486	3.9479	9.1912	rho_fallback_no_desc	0.0	0.0
L2a1f2	7	12.9736	8.2252	17.8451	low	12.9736	8.2252	17.8451	rho_fallback_no_desc	0.0	0.0
L2a1f3	15	5.7479	4.0529	7.461	medium	5.7479	4.0529	7.461	rho_direct	0.0	0.0
L2a1g	5	8.9739	5.0394	13.0002	low	8.9739	5.0394	13.0002	rho_fallback_no_desc	0.0	0.0
L2a1h	4	17.5872	9.4087	26.1035	low	20.8822	17.6886	24.147	single_child_interpolation	3.2950000000000017	18.735216521106267
L2a1h1	3	5.2164	5.2164	5.2164	low	5.2164	5.2164	5.2164	rho_fallback_no_desc	0.0	0.0
L2a1i	14	13.1719	9.948	16.4519	medium	14.2265	10.6215	17.9103	single_child_interpolation	1.0545999999999989	8.006437947448726
L2a1i1	7	10.2191	5.5445	15.0204	low	10.2191	5.5445	15.0204	rho_fallback_no_desc	0.0	0.0
L2a1j	2	3.8953	1.3387	6.4951	very_low	3.8953	1.3387	6.4951	rho_fallback_no_desc	0.0	0.0
L2a1k	3	11.5256	7.9636	15.1586	low	11.5256	7.9636	15.1586	rho_fallback_no_desc	0.0	0.0
L2a1l	40	16.454	14.1152	18.8202	medium	16.454	14.1152	18.8202	rho_direct	0.0	0.0
L2a1l1	14	17.9934	13.6404	22.4395	low	17.9934	13.6404	22.4395	rho_direct	0.0	0.0
L2a1l1a	6	11.5256	6.2685	16.9389	low	11.5256	6.2685	16.9389	rho_fallback_no_desc	0.0	0.0
L2a1l1a1	2	7.8917	7.8917	7.8917	very_low	7.8917	7.8917	7.8917	rho_fallback_no_desc	0.0	0.0
L2a1l1a2	2	13.3705	7.9996	18.8981	very_low	13.3705	7.9996	18.8981	rho_fallback_no_desc	0.0	0.0
L2a1l1b	7	19.8313	14.3158	25.4914	low	16.7305	11.7557	21.8333	single_child_interpolation	-3.1007999999999996	15.63588872136471
L2a1l1b1	4	15.4676	9.871	21.2272	low	15.4676	9.871	21.2272	rho_fallback_no_desc	0.0	0.0
L2a1l2	14	12.5776	9.3659	15.8456	medium	9.5197	7.3141	11.7536	single_child_interpolation	-3.0579	24.312269431370055
L2a1l2a	4	2.5854	0.513	4.687	low	5.4033	3.6571	7.7981	single_child_interpolation	2.8179	108.99280575539566
L2a1l2a1	2	1.2869	-1.2245	3.8427	very_low	1.2869	0.0	3.8427	rho_fallback_no_desc	0.0	0.0
L2a1l3	2	10.6101	-4.7332	27.4053	very_low	10.6101	0.0	27.4053	rho_fallback_no_desc	0.0	0.0
L2a1m	8	10.6101	5.9148	15.4321	low	14.9939	10.668	19.4722	single_child_interpolation	4.383800000000001	41.31723546432175
L2a1m1	5	12.2614	5.0226	19.795	low	12.2558	6.5314	18.2079	single_child_interpolation	-0.005599999999999383	0.045671782993780344
L2a1m1a	5	9.5176	2.3949	16.9436	low	9.5176	2.3949	16.9436	rho_fallback_no_desc	0.0	0.0
L2a1n	10	9.2456	6.2734	12.2695	medium	9.2456	6.2734	12.2695	rho_direct	0.0	0.0
L2a1o	2	10.6101	5.3225	16.0588	very_low	10.6101	5.3225	16.0588	rho_fallback_no_desc	0.0	0.0
L2a1p	3	11.5256	6.8291	16.3463	low	11.5256	6.8291	16.3463	rho_fallback_no_desc	0.0	0.0
L2a1q	1	5.2164			no_ci	5.2164	0.0		rho_fallback_no_desc	0.0	0.0
L2a2	18	28.9195	23.3448	34.6181	low	28.9195	23.3448	34.6181	rho_direct	0.0	0.0
L2a2'3	19	31.0662	25.4958	36.7556	low	31.0662	25.4958	36.7556	rho_direct	0.0	0.0
L2a2'3'4	25	39.2944	34.7073	43.9509	low	39.2944	34.7073	43.9509	rho_direct	0.0	0.0
L2a2a	8	13.0232	7.7159	18.4846	low	19.7648	13.986	25.7092	single_child_interpolation	6.741600000000002	51.766078997481436
L2a2a1	7	10.6101	4.6273	16.8002	low	10.6101	4.6273	16.8002	rho_fallback_no_desc	0.0	0.0
L2a2b	10	26.5761	19.8599	33.4813	low	26.5761	19.8599	33.4813	rho_direct	0.0	0.0
L2a2b1	7	27.3375	20.0089	34.8886	low	20.6711	13.7841	27.7852	single_child_interpolation	-6.666399999999999	24.385550983081846
L2a2b1a	6	14.766	7.7083	22.0891	low	14.766	7.7083	22.0891	rho_fallback_no_desc	0.0	0.0
L2a2b2	3	9.6992	0.538	19.3668	low	9.6992	0.538	19.3668	rho_fallback_no_desc	0.0	0.0
L2a3	1	0.0			no_ci	0.0	0.0		rho_fallback_no_desc	0.0	
L2a4	6	27.2669	19.4007	35.3904	low	27.2669	19.4007	35.3904	rho_fallback_no_desc	0.0	0.0
L2a4a	4	9.9265	0.1297	20.3018	low	9.9265	0.1297	20.3018	rho_fallback_no_desc	0.0	0.0
L2a4b	2	21.8918	10.8294	33.5289	very_low	21.8918	10.8294	33.5289	rho_fallback_no_desc	0.0	0.0
L2a5	9	52.5627	48.3803	56.7911	low	52.5627	48.3803	56.7911	rho_fallback_no_desc	0.0	0.0
L2a5a	3	30.7497	21.9094	39.8956	low	30.7497	21.9094	39.8956	rho_fallback_no_desc	0.0	0.0
L2a5b	3	34.7867	32.8011	36.7862	low	34.7867	32.8011	36.7862	rho_fallback_no_desc	0.0	0.0
L2b	78	28.8302	26.7669	30.9102	high	28.8302	26.7669	30.9102	rho_direct	0.0	0.0
L2b'c	185	58.0991	54.938	61.2843	high	58.0991	54.938	61.2843	rho_direct	0.0	0.0
L2b'c'd	202	77.6846	74.6302	80.7555	low	77.6846	74.6302	80.7555	rho_direct	0.0	0.0
L2b1	47	18.3441	15.9471	20.7689	medium	18.3441	15.9471	20.7689	rho_direct	0.0	0.0
L2b1a	39	12.5877	9.9914	15.2207	medium	12.5877	9.9914	15.2207	rho_direct	0.0	0.0
L2b1a2	7	17.7902	13.3129	22.3664	low	17.7902	13.3129	22.3664	rho_fallback_no_desc	0.0	0.0
L2b1a3	20	4.1586	2.8446	5.4838	medium	4.1586	2.8446	5.4838	rho_direct	0.0	0.0
L2b1a4	2	17.5872	9.4087	26.1035	very_low	17.5872	9.4087	26.1035	rho_fallback_no_desc	0.0	0.0
L2b1b	6	15.2335	9.0347	21.6339	low	15.2335	9.0347	21.6339	rho_fallback_no_desc	0.0	0.0
L2b2	13	17.478	14.637	20.3587	medium	17.0233	14.5047	19.5786	single_child_interpolation	-0.45470000000000255	2.601556242132981
L2b2a	7	5.2164	2.2425	8.247	low	5.2164	2.2425	8.247	rho_fallback_no_desc	0.0	0.0
L2b3	9	27.4317	22.6868	32.2686	low	27.4317	22.6868	32.2686	rho_fallback_no_desc	0.0	0.0
L2b3a	6	12.4458	10.173	14.7466	low	12.4458	10.173	14.7466	rho_fallback_no_desc	0.0	0.0
L2b3b	0				no_ci		0.0		rho_fallback_no_desc		
L2b3c	3	19.9681	7.2456	33.4884	low	19.9681	7.2456	33.4884	rho_fallback_no_desc	0.0	0.0
L2c	107	18.1322	16.6467	19.6283	high	18.1322	16.6467	19.6283	rho_direct	0.0	0.0
L2c1	14	18.6043	12.9413	24.4237	low	19.0502	16.39	21.75	single_child_interpolation	0.44590000000000174	2.3967577388023296
L2c1a	9	19.9681	16.1334	23.8718	low	19.9681	16.1334	23.8718	rho_fallback_no_desc	0.0	0.0
L2c2	23	17.649	14.6216	20.7213	low	17.649	14.6216	20.7213	rho_direct	0.0	0.0
L2c2a	6	11.0673	5.6937	16.6058	low	11.765	8.053	15.5612	single_child_interpolation	0.6977000000000011	6.3041572922031675
L2c2a1	4	5.8811	1.4844	10.4011	low	5.8811	1.4844	10.4011	rho_fallback_no_desc	0.0	0.0
L2c2b	11	18.7526	15.9018	21.6424	low	18.7526	15.9018	21.6424	rho_direct	0.0	0.0
L2c2b1	9	14.2997	11.5807	17.0576	low	14.2997	11.5807	17.0576	rho_fallback_no_desc	0.0	0.0
L2c2b1a	4	8.5673	6.0456	11.1266	low	8.5673	6.0456	11.1266	rho_fallback_no_desc	0.0	0.0
L2c2b1b	5	4.6866	0.5957	8.8871	low	4.6866	0.5957	8.8871	rho_fallback_no_desc	0.0	0.0
L2c2b2	2	10.6101	5.3225	16.0588	very_low	10.6101	5.3225	16.0588	rho_fallback_no_desc	0.0	0.0
L2c3	5	20.1597	17.305	23.0524	low	16.7999	14.7472	18.8756	single_child_interpolation	-3.3598	16.665922607975318
L2c3a	4	15.4676	12.8476	18.1228	low	15.4676	12.8476	18.1228	rho_fallback_no_desc	0.0	0.0
L2c4	5	10.063	7.4601	12.7048	low	10.063	7.4601	12.7048	rho_fallback_no_desc	0.0	0.0
L2c5	17	10.2881	7.712	12.902	medium	10.2881	7.712	12.902	rho_direct	0.0	0.0
L2d	17	17.6708	13.2612	22.1764	medium	46.664	42.9639	50.421	single_child_interpolation	28.9932	164.07406569029135
L2d1	10	14.2066	8.6915	19.8842	medium	10.8734	6.3339	15.5327	single_child_interpolation	-3.3331999999999997	23.462334407951232
L2d1a	6	6.1033	1.3703	10.9788	low	6.1033	1.3703	10.9788	rho_fallback_no_desc	0.0	0.0
L2d_G16129A!	16	15.6434	11.2975	20.0865	medium	28.7687	24.6489	32.9768	single_child_interpolation	13.1253	83.90311569096231
L2e	15	30.7497	23.8508	37.8331	medium	47.1599	43.8708	50.5171	single_child_interpolation	16.4102	53.36702471894035
L2e1	12	22.86	17.3843	28.4699	medium	31.4644	25.4412	37.7237	single_child_interpolation	8.604400000000002	37.6395450568679
L2e1a	7	15.769	7.0116	24.9302	low	15.769	7.0116	24.9302	rho_fallback_no_desc	0.0	0.0
L3	69866	68.2226	68.0641	68.3812	high	68.2226	68.0641	68.3812	rho_direct	0.0	0.0
L3'4	69918	77.3156	77.1549	77.4763	high	77.3156	77.1549	77.4763	rho_direct	0.0	0.0
L3'4'6	69922	94.1017	93.9364	94.2671	high	94.1017	93.9364	94.2671	rho_direct	0.0	0.0
L3a	23	46.7311	43.9371	49.5476	medium	46.7311	43.9371	49.5476	rho_direct	0.0	0.0
L3a1	6	33.7719	28.283	39.3708	low	33.7719	28.283	39.3708	rho_fallback_no_desc	0.0	0.0
L3a1a	1	30.7497			no_ci	30.7497	0.0		rho_fallback_no_desc	0.0	0.0
L3a1b	4	15.4676	11.3788	19.6427	low	15.4676	11.3788	19.6427	rho_fallback_no_desc	0.0	0.0
L3a2	2	24.8086	24.8086	24.8086	very_low	27.6495	26.482	28.8255	single_child_interpolation	2.8409000000000013	11.451270930241938
L3a2a	2	13.3705	13.3705	13.3705	very_low	13.3705	13.3705	13.3705	rho_fallback_no_desc	0.0	0.0
L3a3	15	8.2517	7.115	9.3959	medium	8.2517	7.115	9.3959	rho_direct	0.0	0.0
L3a_G709A	17	41.9285	39.5935	44.2806	medium	41.9285	39.5935	44.2806	rho_direct	0.0	0.0
L3b	383	18.8856	18.313	19.4597	high	18.8856	18.313	19.4597	rho_direct	0.0	0.0
L3b'f	478	53.5875	52.8425	54.334	high	53.5875	52.8425	54.334	rho_direct	0.0	0.0
L3b1	357	15.6823	15.1114	16.2548	high	15.6823	15.1114	16.2548	rho_direct	0.0	0.0
L3b1a	339	12.6173	12.0758	13.1603	high	12.6173	12.0758	13.1603	rho_direct	0.0	0.0
L3b1a1	228	8.5198	8.1705	8.8697	high	9.2109	8.7698	9.653	single_child_interpolation	0.6911000000000005	8.111692762740915
L3b1a10	5	8.9739	3.8416	14.2636	low	8.9739	3.8416	14.2636	rho_fallback_no_desc	0.0	0.0
L3b1a11	7	2.2133	0.4892	3.9576	low	2.2133	0.4892	3.9576	rho_fallback_no_desc	0.0	0.0
L3b1a1a	226	5.8045	5.4639	6.1458	high		4.3849		single_child_interpolation		
L3b1a1a1	0				no_ci		0.0		rho_fallback_no_desc		
L3b1a2	2	7.8917	-2.3374	18.7838	very_low	7.8917	0.0	18.7838	rho_fallback_no_desc	0.0	0.0
L3b1a3	7	3.3325	1.1872	5.5085	low	3.3325	1.1872	5.5085	rho_fallback_no_desc	0.0	0.0
L3b1a4	2	7.8917	7.8917	7.8917	very_low	7.8917	7.8917	7.8917	rho_fallback_no_desc	0.0	0.0
L3b1a5	9	10.0023	8.8172	11.1955	low	9.583	8.0118	11.1758	single_child_interpolation	-0.4192999999999998	4.192035831758694
L3b1a5a	2	6.5486	3.9479	9.1912	very_low	6.5486	3.9479	9.1912	rho_fallback_no_desc	0.0	0.0
L3b1a6	4	6.5486	1.6065	11.6447	low	6.5486	1.6065	11.6447	rho_fallback_no_desc	0.0	0.0
L3b1a7	13	14.4431	11.5193	17.4117	low	13.918	11.1532	16.7266	single_child_interpolation	-0.5251000000000001	3.6356460870588734
L3b1a7a	11	11.6091	8.2058	15.077	low	11.6091	8.2058	15.077	rho_direct	0.0	0.0
L3b1a8	21	8.7931	6.6889	10.9233	medium	8.7931	6.6889	10.9233	rho_direct	0.0	0.0
L3b1a9	6	12.4458	8.8654	16.0964	low	13.7616	10.4267	17.1663	single_child_interpolation	1.3157999999999994	10.572241238007999
L3b1a9a	4	11.2963	6.7529	15.9564	low	11.2963	6.7529	15.9564	rho_fallback_no_desc	0.0	0.0
L3b1a_C16124T!	51	16.227	14.1005	18.3762	low	16.227	14.1005	18.3762	rho_direct	0.0	0.0
L3b1a_T152C!	6	14.766	10.86	18.7519	low	9.583	6.8411	12.4025	single_child_interpolation	-5.183	35.10090749018014
L3b1b	11	12.8655	8.777	17.0452	low	11.1155	9.5297	12.723	single_child_interpolation	-1.75	13.602269635847808
L3b1b1	2	6.5486	3.9479	9.1912	very_low	6.5486	3.9479	9.1912	rho_fallback_no_desc	0.0	0.0
L3b1c	3	18.0612	7.9701	28.6671	low	18.0612	7.9701	28.6671	rho_fallback_no_desc	0.0	0.0
L3b2	22	15.9154	13.8735	17.9783	medium	15.9154	13.8735	17.9783	rho_direct	0.0	0.0
L3b2a	9	11.8318	9.445	14.2501	low	11.8318	9.445	14.2501	rho_fallback_no_desc	0.0	0.0
L3b2b	9	5.8071	1.8911	9.8208	low	5.8071	1.8911	9.8208	rho_fallback_no_desc	0.0	0.0
L3b2c	3	0.0	0.0	0.0	low	0.0	0.0	0.0	rho_fallback_no_desc	0.0	
L3b3	4	5.2164	1.5822	8.9357	low	5.2164	1.5822	8.9357	rho_fallback_no_desc	0.0	0.0
L3c	3	11.5256	2.7594	20.7356	low	11.5256	2.7594	20.7356	rho_fallback_no_desc	0.0	0.0
L3c'd	251	52.4088	51.2036	53.6179	high	52.4088	51.2036	53.6179	rho_direct	0.0	0.0
L3d	248	34.1397	33.0271	35.2568	high	41.7984	40.6476	42.9534	single_child_interpolation	7.658700000000003	22.433413298886645
L3d1	182	29.7937	28.6486	30.9438	high	29.7937	28.6486	30.9438	rho_direct	0.0	0.0
L3d1'2'3'4'5'6'7	247	31.1881	30.0917	32.289	high	31.1881	30.0917	32.289	rho_direct	0.0	0.0
L3d1a	131	23.691	22.618	24.7689	high	25.808	24.7797	26.8407	single_child_interpolation	2.117000000000001	8.935882824701368
L3d1a1	121	19.178	18.2812	20.0787	high	19.178	18.2812	20.0787	rho_direct	0.0	0.0
L3d1a1'2	125	21.8223	20.9108	22.7375	high	21.8223	20.9108	22.7375	rho_direct	0.0	0.0
L3d1a1a	111	5.4077	4.6192	6.2002	high	12.1972	11.2565	13.143	single_child_interpolation	6.7895	125.5524529837084
L3d1a1a1	47	5.2164	4.2317	6.2072	low	5.2164	4.2317	6.2072	rho_direct	0.0	0.0
L3d1a1b	10	13.0926	7.5881	18.7628	medium	13.0926	7.5881	18.7628	rho_direct	0.0	0.0
L3d1a2	4	11.9851	9.2999	14.71	low	11.9851	9.2999	14.71	rho_fallback_no_desc	0.0	0.0
L3d1b	34	18.0891	16.1732	20.0229	medium	18.0891	16.1732	20.0229	rho_direct	0.0	0.0
L3d1b1	15	13.556	10.3681	16.7982	medium	13.556	10.3681	16.7982	rho_direct	0.0	0.0
L3d1b1a	2	5.2164	0.1025	10.5005	very_low	5.2164	0.1025	10.5005	rho_fallback_no_desc	0.0	0.0
L3d1b1b	4	11.2963	7.9371	14.7188	low	11.2963	7.9371	14.7188	rho_fallback_no_desc	0.0	0.0
L3d1b1c	3	3.4574	1.7531	5.181	low	3.4574	1.7531	5.181	rho_fallback_no_desc	0.0	0.0
L3d1b2	7	8.2774	4.7647	11.8642	low	8.2774	4.7647	11.8642	rho_fallback_no_desc	0.0	0.0
L3d1b3	6	14.2997	10.6832	17.9853	low	15.7298	12.5731	18.9477	single_child_interpolation	1.4300999999999995	10.000909109981325
L3d1b3a	4	13.3705	8.973	17.8724	low	13.3705	8.973	17.8724	rho_fallback_no_desc	0.0	0.0
L3d1b4	4	7.2188	3.9397	10.5639	low	7.2188	3.9397	10.5639	rho_fallback_no_desc	0.0	0.0
L3d1c	10	13.3705	10.0502	16.75	medium	18.4582	16.1158	20.8418	single_child_interpolation	5.087700000000002	38.05168093938149
L3d1c1	7	7.1228	3.5831	10.7399	low	7.1228	3.5831	10.7399	rho_fallback_no_desc	0.0	0.0
L3d1d	5	9.5176	8.2153	10.8297	low	9.5176	8.2153	10.8297	rho_fallback_no_desc	0.0	0.0
L3d2	17	16.0058	12.4777	19.5973	medium	16.0058	12.4777	19.5973	rho_direct	0.0	0.0
L3d2a	9	11.5256	7.3562	15.7927	low	11.5256	7.3562	15.7927	rho_fallback_no_desc	0.0	0.0
L3d2b	7	18.6043	13.2924	24.0536	low	18.6043	13.2924	24.0536	rho_fallback_no_desc	0.0	0.0
L3d3	21	25.7889	23.24	28.365	medium	25.7889	23.24	28.365	rho_direct	0.0	0.0
L3d3a	15	6.995	5.0417	8.9717	medium	14.5896	12.7082	16.4893	single_child_interpolation	7.594600000000001	108.57183702644745
L3d3a1	13	3.3902	2.1764	4.6136	medium	3.3902	2.1764	4.6136	rho_direct	0.0	0.0
L3d3a1a	7	1.1024	-0.3948	2.6153	low	1.1024	0.0	2.6153	rho_fallback_no_desc	0.0	0.0
L3d3a1b	2	2.5854	2.5854	2.5854	very_low	2.5854	2.5854	2.5854	rho_fallback_no_desc	0.0	0.0
L3d3b	6	17.1143	12.4841	21.8517	low	17.1143	12.4841	21.8517	rho_fallback_no_desc	0.0	0.0
L3d4	11	12.1106	6.9048	17.4676	medium	12.1106	6.9048	17.4676	rho_direct	0.0	0.0
L3d4a	2	3.8953	1.3387	6.4951	very_low	3.8953	1.3387	6.4951	rho_fallback_no_desc	0.0	0.0
L3d4b	3	10.6101	1.5591	20.1448	low	10.6101	1.5591	20.1448	rho_fallback_no_desc	0.0	0.0
L3d5	8	19.0125	14.1023	24.0389	low	21.8828	19.7045	24.0925	single_child_interpolation	2.8703000000000003	15.096909927679162
L3d5a	7	12.5776	9.3172	15.896	low	12.7576	10.3673	15.1861	single_child_interpolation	0.17999999999999972	1.4311156341432365
L3d5a1	5	3.6324	1.0302	6.2797	low	3.6324	1.0302	6.2797	rho_fallback_no_desc	0.0	0.0
L3d6	3	14.2997	4.4111	24.7233	low	14.2997	4.4111	24.7233	rho_fallback_no_desc	0.0	0.0
L3d7	3	8.7931	4.1712	13.5427	low	8.7931	4.1712	13.5427	rho_fallback_no_desc	0.0	0.0
L3e	565	35.9912	35.2144	36.77	high	35.9912	35.2144	36.77	rho_direct	0.0	0.0
L3e'i'k'x	617	42.7432	41.9433	43.5451	high	42.7432	41.9433	43.5451	rho_direct	0.0	0.0
L3e1	203	16.8677	16.0857	17.6528	high	16.8677	16.0857	17.6528	rho_direct	0.0	0.0
L3e1a	114	14.2507	13.5419	14.9621	high	14.2507	13.5419	14.9621	rho_direct	0.0	0.0
L3e1a1	28	7.027	6.2612	7.7964	medium	9.3082	8.5773	10.0424	single_child_interpolation	2.2811999999999992	32.46335562829087
L3e1a1a	28	4.3658	3.6127	5.1226	medium	4.3658	3.6127	5.1226	rho_direct	0.0	0.0
L3e1a2	5	2.5854	0.9775	4.2108	low	2.5854	0.9775	4.2108	rho_fallback_no_desc	0.0	0.0
L3e1a3	76	10.466	9.6218	11.3142	high	10.466	9.6218	11.3142	rho_direct	0.0	0.0
L3e1a3a	69	4.3727	3.89	4.8569	high	4.3727	3.89	4.8569	rho_direct	0.0	0.0
L3e1a3b	7	13.3705	6.6637	20.3236	low	13.3705	6.6637	20.3236	rho_fallback_no_desc	0.0	0.0
L3e1b	19	15.4306	12.8902	18.0041	low	15.4306	12.8902	18.0041	rho_direct	0.0	0.0
L3e1b1	7	11.788	6.6092	17.1175	low	11.6611	7.5853	15.8501	single_child_interpolation	-0.1269000000000009	1.0765184933831091
L3e1b1a	4	7.8917	2.2804	13.6962	low	7.8917	2.2804	13.6962	rho_fallback_no_desc	0.0	0.0
L3e1b2	11	5.4578	2.8102	8.15	medium	5.4578	2.8102	8.15	rho_direct	0.0	0.0
L3e1c	2	7.8917	-2.3374	18.7838	very_low	7.8917	0.0	18.7838	rho_fallback_no_desc	0.0	0.0
L3e1d	20	13.3705	11.0128	15.7578	medium	11.1818	9.6396	12.7424	single_child_interpolation	-2.188699999999999	16.3696196851277
L3e1d1	19	5.4959	3.1935	7.832	medium	5.4959	3.1935	7.832	rho_direct	0.0	0.0
L3e1d1a	2	1.2869	-1.2245	3.8427	very_low	1.2869	0.0	3.8427	rho_fallback_no_desc	0.0	0.0
L3e1d1b	3	3.4574	-1.009	8.0587	low	3.4574	0.0	8.0587	rho_fallback_no_desc	0.0	0.0
L3e1e	22	10.9841	9.1107	12.877	medium	10.9841	9.1107	12.877	rho_direct	0.0	0.0
L3e1e1	7	4.4601	2.0273	6.9314	low	4.4601	2.0273	6.9314	rho_fallback_no_desc	0.0	0.0
L3e1e2	8	1.6105	0.6841	2.5428	low	1.6105	0.6841	2.5428	rho_fallback_no_desc	0.0	0.0
L3e1e3	0				no_ci		0.0		rho_fallback_no_desc		
L3e1f	7	14.1667	11.0969	17.2862	low	14.1667	11.0969	17.2862	rho_fallback_no_desc	0.0	0.0
L3e1f1	5	11.7093	7.3738	16.15	low	8.3761	5.5484	12.535	single_child_interpolation	-3.3332000000000015	28.46626186023077
L3e1f1a	2	2.5854	-2.4381	7.7838	very_low	2.5854	0.0	7.7838	rho_fallback_no_desc	0.0	0.0
L3e1f2	2	2.5854	2.5854	2.5854	very_low	2.5854	2.5854	2.5854	rho_fallback_no_desc	0.0	0.0
L3e1g	4	10.6101	4.9061	16.5021	low	10.6101	4.9061	16.5021	rho_fallback_no_desc	0.0	0.0
L3e1h	4	1.2869	-0.1685	2.7572	low	1.2869	0.0	2.7572	rho_fallback_no_desc	0.0	0.0
L3e2	162	19.2775	18.2957	20.2638	high	19.2775	18.2957	20.2638	rho_direct	0.0	0.0
L3e2a	57	13.6634	12.2705	15.0667	high	13.6634	12.2705	15.0667	rho_direct	0.0	0.0
L3e2a1	39	12.233	10.6761	13.8031	medium	12.233	10.6761	13.8031	rho_direct	0.0	0.0
L3e2a1a	6	5.6592	2.2851	9.1059	low	5.6592	2.2851	9.1059	rho_fallback_no_desc	0.0	0.0
L3e2a1b	33	8.8752	7.2177	10.5489	medium	8.8752	7.2177	10.5489	rho_direct	0.0	0.0
L3e2a1b1	17	8.0504	6.0101	10.1156	medium	8.0504	6.0101	10.1156	rho_direct	0.0	0.0
L3e2a1b2	5	3.6324	1.0302	6.2797	low	3.6324	1.0302	6.2797	rho_fallback_no_desc	0.0	0.0
L3e2a1b3	3	6.995	-0.4634	14.8066	low	6.995	0.0	14.8066	rho_fallback_no_desc	0.0	0.0
L3e2a2	3	8.7931	7.0308	10.5736	low	8.7931	7.0308	10.5736	rho_fallback_no_desc	0.0	0.0
L3e2a3	4	9.9265	6.5937	13.3236	low	9.9265	6.5937	13.3236	rho_fallback_no_desc	0.0	0.0
L3e2a4	3	2.5854	2.5854	2.5854	low	2.5854	2.5854	2.5854	rho_fallback_no_desc	0.0	0.0
L3e2b	105	12.1561	11.0011	13.3183	high	12.1561	11.0011	13.3183	rho_direct	0.0	0.0
L3e2b1	23	13.4914	10.6347	16.3917	low	12.2524	10.2035	14.3285	single_child_interpolation	-1.2390000000000008	9.183628089004852
L3e2b1a	19	12.3487	9.406	15.3388	low	12.3487	9.406	15.3388	rho_direct	0.0	0.0
L3e2b1a1	5	10.6101	4.1573	17.3047	low	10.6101	4.1573	17.3047	rho_fallback_no_desc	0.0	0.0
L3e2b1a2	12	7.6671	4.2367	11.169	medium	7.6671	4.2367	11.169	rho_direct	0.0	0.0
L3e2b2	3	14.2997	3.5255	25.7125	low	14.2997	3.5255	25.7125	rho_fallback_no_desc	0.0	0.0
L3e2b3	9	5.8071	2.6107	9.0683	low	5.8071	2.6107	9.0683	rho_fallback_no_desc	0.0	0.0
L3e2b4	2	3.8953	1.3387	6.4951	very_low	3.8953	1.3387	6.4951	rho_fallback_no_desc	0.0	0.0
L3e2b5	3	8.7931	7.0308	10.5736	low	8.7931	7.0308	10.5736	rho_fallback_no_desc	0.0	0.0
L3e2b6	3	6.1033	2.655	9.6266	low	6.1033	2.655	9.6266	rho_fallback_no_desc	0.0	0.0
L3e2b7	3	13.3705	10.2499	16.5433	low	13.3705	10.2499	16.5433	rho_fallback_no_desc	0.0	0.0
L3e2b8	7	6.3576	2.1594	10.6669	low	6.3576	2.1594	10.6669	rho_fallback_no_desc	0.0	0.0
L3e2b9	15	3.4574	1.7531	5.181	medium	3.4574	1.7531	5.181	rho_direct	0.0	0.0
L3e2b_T152C!	33	8.0552	6.6614	9.4605	medium	8.0552	6.6614	9.4605	rho_direct	0.0	0.0
L3e3	156	15.9909	14.7787	17.2105	high	15.9909	14.7787	17.2105	rho_direct	0.0	0.0
L3e3'4	180	35.1767	33.9102	36.4487	high	35.1767	33.9102	36.4487	rho_direct	0.0	0.0
L3e3'4'5	200	36.3975	34.9998	37.8018	low	36.3975	34.9998	37.8018	rho_direct	0.0	0.0
L3e3a	77	4.0833	3.2732	4.8978	high	4.0833	3.2732	4.8978	rho_direct	0.0	0.0
L3e3b	79	8.8846	7.9238	9.8508	high	8.8846	7.9238	9.8508	rho_direct	0.0	0.0
L3e3b1	46	7.248	6.0041	8.5012	medium	7.248	6.0041	8.5012	rho_direct	0.0	0.0
L3e3b2	6	3.0208	0.9769	5.0927	low	3.0208	0.9769	5.0927	rho_fallback_no_desc	0.0	0.0
L3e3b3	2	9.2456	1.4422	17.4168	very_low	9.2456	1.4422	17.4168	rho_fallback_no_desc	0.0	0.0
L3e3b4	4	1.2869	-1.2245	3.8427	low	1.2869	0.0	3.8427	rho_fallback_no_desc	0.0	0.0
L3e4	24	12.5611	10.3711	14.7771	medium	22.0494	20.5132	23.5981	single_child_interpolation	9.488299999999999	75.5371742920604
L3e4a	21	8.9222	7.1162	10.7474	medium	14.9706	13.0287	16.9351	single_child_interpolation	6.048399999999999	67.79045526887985
L3e4a1	10	7.8917	5.5443	10.2722	medium	7.8917	5.5443	10.2722	rho_direct	0.0	0.0
L3e5	20	12.1232	9.581	14.7008	medium	12.1232	9.581	14.7008	rho_direct	0.0	0.0
L3e5_T195C!	3	6.995	2.4241	11.6961	low	8.0092	4.7905	13.2602	single_child_interpolation	1.0141999999999998	14.498927805575407
L3e5a	4	9.9265	6.5937	13.3236	low	10.4582	8.3059	12.6372	single_child_interpolation	0.531699999999999	5.35636931446128
L3e5a1	3	8.7931	7.0308	10.5736	low	7.8373	6.7611	8.9268	single_child_interpolation	-0.9558000000000009	10.86988661564182
L3e5a1a	2	5.2164	5.2164	5.2164	very_low	5.2164	5.2164	5.2164	rho_fallback_no_desc	0.0	0.0
L3e5b	3	12.4458	8.8654	16.0964	low	12.4458	8.8654	16.0964	rho_fallback_no_desc	0.0	0.0
L3e5c	2	3.8953	-3.6406	11.8196	very_low	3.8953	0.0	11.8196	rho_fallback_no_desc	0.0	0.0
L3e5d	3	14.2997	4.8883	24.1943	low	14.2997	4.8883	24.1943	rho_fallback_no_desc	0.0	0.0
L3e5e	2	5.2164	0.1025	10.5005	very_low	5.2164	0.1025	10.5005	rho_fallback_no_desc	0.0	0.0
L3e5f	2	2.5854	2.5854	2.5854	very_low	2.5854	2.5854	2.5854	rho_fallback_no_desc	0.0	0.0
L3f	95	49.0219	47.4153	50.6357	high	49.0219	47.4153	50.6357	rho_direct	0.0	0.0
L3f1	81	43.2647	41.8901	44.6451	high	43.2647	41.8901	44.6451	rho_direct	0.0	0.0
L3f1a	4	26.2806	17.4539	35.4389	low	32.0963	25.4082	39.1338	single_child_interpolation	5.8157	22.129251234751106
L3f1a1	3	20.9279	8.9264	33.6226	low	20.9279	8.9264	33.6226	rho_fallback_no_desc	0.0	0.0
L3f1b	77	16.9058	15.7331	18.0852	high	16.9058	15.7331	18.0852	rho_direct	0.0	0.0
L3f1b1	17	12.3915	10.379	14.426	medium	10.6368	9.1106	12.1783	single_child_interpolation	-1.7547000000000015	14.160513255053878
L3f1b1a	14	5.2164	3.263	7.1941	medium	5.7468	4.5553	7.3645	single_child_interpolation	0.5304000000000002	10.167931907062346
L3f1b1a1	3	0.8567	-0.8175	2.5507	low	0.8567	0.0	2.5507	rho_fallback_no_desc	0.0	0.0
L3f1b2	3	9.6992	5.0522	14.4728	low	9.9763	7.4791	14.491	single_child_interpolation	0.2771000000000008	2.8569366545694574
L3f1b2a	2	3.8953	-3.6406	11.8196	very_low	3.8953	0.0	11.8196	rho_fallback_no_desc	0.0	0.0
L3f1b3	8	9.5857	8.187	10.9956	low	9.5857	8.187	10.9956	rho_fallback_no_desc	0.0	0.0
L3f1b4	32	10.3534	9.2442	11.4696	medium	10.3534	9.2442	11.4696	rho_direct	0.0	0.0
L3f1b4a	20	6.0144	5.3482	6.6833	medium	6.9366	6.041	7.8373	single_child_interpolation	0.9222000000000001	15.333200319233843
L3f1b4a1	14	3.5199	2.8378	4.205	medium	3.5199	2.8378	4.205	rho_direct	0.0	0.0
L3f1b4b	4	9.2456	7.7143	10.7905	low	9.2456	7.7143	10.7905	rho_fallback_no_desc	0.0	0.0
L3f1b4c	8	4.2245	1.3326	7.1713	low	4.2245	1.3326	7.1713	rho_fallback_no_desc	0.0	0.0
L3f1b5	2	9.2456	6.6021	11.9299	very_low	9.2456	6.6021	11.9299	rho_fallback_no_desc	0.0	0.0
L3f1b6	0				no_ci		0.0		rho_fallback_no_desc		
L3f1b_C16292T	74	16.0573	14.9582	17.1625	high	16.0573	14.9582	17.1625	rho_direct	0.0	0.0
L3f1b_C16292T_C150T	47	14.4385	13.3044	15.5793	medium	14.4385	13.3044	15.5793	rho_direct	0.0	0.0
L3f2	5	30.7497	26.6177	34.9472	low	30.7497	26.6177	34.9472	rho_fallback_no_desc	0.0	0.0
L3f2a	4	24.8086	18.678	31.1017	low	23.4607	18.4537	28.5892	single_child_interpolation	-1.3478999999999992	5.4331965528082975
L3f2a1	4	16.1717	10.2897	22.2313	low	15.6762	11.6607	19.7801	single_child_interpolation	-0.4955000000000016	3.0639945089260965
L3f2a1a	3	7.8917	4.8676	10.971	low	7.8917	4.8676	10.971	rho_fallback_no_desc	0.0	0.0
L3f2b	1	19.0125			no_ci	19.0125	0.0		rho_fallback_no_desc	0.0	0.0
L3f3	9	11.8318	5.506	18.3837	low	11.8318	5.506	18.3837	rho_fallback_no_desc	0.0	0.0
L3f3a	2	3.8953	1.3387	6.4951	very_low	3.8953	1.3387	6.4951	rho_fallback_no_desc	0.0	0.0
L3f3b	3	19.0125	5.3954	33.567	low	19.0125	5.3954	33.567	rho_fallback_no_desc	0.0	0.0
L3h	41	71.0167	67.2296	74.832	low	71.0167	67.2296	74.832	rho_direct	0.0	0.0
L3h1	35	52.3788	48.298	56.5036	medium	52.3788	48.298	56.5036	rho_direct	0.0	0.0
L3h1a	15	44.9179	39.5773	50.3441	medium	44.9179	39.5773	50.3441	rho_direct	0.0	0.0
L3h1a1	6	22.3754	15.0893	29.9036	low	22.3754	15.0893	29.9036	rho_fallback_no_desc	0.0	0.0
L3h1a2	9	41.2965	34.3152	48.4343	low	41.2965	34.3152	48.4343	rho_fallback_no_desc	0.0	0.0
L3h1a2a	6	22.86	20.4674	25.2779	low	29.2999	24.4015	34.2962	single_child_interpolation	6.4399000000000015	28.171041119860025
L3h1a2a1	5	17.3033	14.4878	20.158	low	17.3033	14.4878	20.158	rho_fallback_no_desc	0.0	0.0
L3h1a2b	3	28.7537	16.3103	41.8363	low	28.7537	16.3103	41.8363	rho_fallback_no_desc	0.0	0.0
L3h1b	20	40.0695	34.8097	45.4197	medium	40.0695	34.8097	45.4197	rho_direct	0.0	0.0
L3h1b1	10	30.7497	24.9903	36.6371	medium	32.4391	26.9996	37.9917	single_child_interpolation	1.6894000000000027	5.494037340201702
L3h1b1a	10	24.8086	19.1896	30.5637	medium	24.8086	19.1896	30.5637	rho_direct	0.0	0.0
L3h1b1a1	5	13.9275	9.953	17.9862	low	13.9275	9.953	17.9862	rho_fallback_no_desc	0.0	0.0
L3h1b1a2	0				no_ci		0.0		rho_fallback_no_desc		
L3h1b2	10	15.3271	8.6749	22.2116	medium	15.3271	8.6749	22.2116	rho_direct	0.0	0.0
L3h2	6	10.6101	6.98	14.3154	low	10.6101	6.98	14.3154	rho_fallback_no_desc	0.0	0.0
L3i	12	30.2493	24.9941	35.6118	medium	30.2493	24.9941	35.6118	rho_direct	0.0	0.0
L3i1	6	17.1143	11.8815	22.4844	low	17.1143	11.8815	22.4844	rho_fallback_no_desc	0.0	0.0
L3i1a	2	5.2164	5.2164	5.2164	very_low	5.2164	5.2164	5.2164	rho_fallback_no_desc	0.0	0.0
L3i1b	4	14.766	10.0701	19.5779	low	14.766	10.0701	19.5779	rho_fallback_no_desc	0.0	0.0
L3i2	6	11.9851	4.0532	20.2747	low	11.9851	4.0532	20.2747	rho_fallback_no_desc	0.0	0.0
L3k	17	29.6911	27.569	31.8306	medium	26.5056	24.8701	28.1595	single_child_interpolation	-3.1854999999999976	10.728804254473555
L3k1	16	10.268	7.7969	12.7739	medium	10.268	7.7969	12.7739	rho_direct	0.0	0.0
L3x	23	31.2729	26.743	35.8808	medium	31.2729	26.743	35.8808	rho_direct	0.0	0.0
L3x1	14	16.9793	13.2683	20.7591	medium	16.9793	13.2683	20.7591	rho_direct	0.0	0.0
L3x1_T16311C!	7	16.1717	11.2592	21.2074	low	15.1749	13.3194	17.0648	single_child_interpolation	-0.9968000000000021	6.163854140257376
L3x1a	6	10.6101	6.7322	14.5739	low	10.6101	6.7322	14.5739	rho_fallback_no_desc	0.0	0.0
L3x1a1	2	7.8917	-2.3374	18.7838	very_low	7.8917	0.0	18.7838	rho_fallback_no_desc	0.0	0.0
L3x1a2	4	6.5486	3.1992	9.9679	low	6.5486	3.1992	9.9679	rho_fallback_no_desc	0.0	0.0
L3x1b	2	13.3705	13.3705	13.3705	very_low	13.3705	13.3705	13.3705	rho_fallback_no_desc	0.0	0.0
L3x2	9	28.4226	22.998	33.9655	low	28.4226	22.998	33.9655	rho_fallback_no_desc	0.0	0.0
L3x2a	7	20.2419	14.5672	26.0686	low	22.7684	16.4213	29.3088	single_child_interpolation	2.5264999999999986	12.481535824206217
L3x2a1	3	17.1143	9.8446	24.6521	low	13.9924	10.8188	17.2626	single_child_interpolation	-3.1219	18.241470583079646
L3x2a1a	2	5.2164	5.2164	5.2164	very_low	5.2164	5.2164	5.2164	rho_fallback_no_desc	0.0	0.0
L3x2b	2	21.8918	21.8918	21.8918	very_low	21.8918	21.8918	21.8918	rho_fallback_no_desc	0.0	0.0
L4	52	85.2227	80.6195	89.8597	low	85.2227	80.6195	89.8597	rho_direct	0.0	0.0
L4a	5	39.2944	28.4099	50.5788	low	39.2944	28.4099	50.5788	rho_fallback_no_desc	0.0	0.0
L4a1	3	25.7889	12.7042	39.6249	low	29.8709	20.2803	39.8254	single_child_interpolation	4.081999999999997	15.828515369015339
L4a1a	2	20.4474	12.1508	29.072	very_low	20.4474	12.1508	29.072	rho_fallback_no_desc	0.0	0.0
L4a2	2	23.3456	14.9342	32.0753	very_low	23.3456	14.9342	32.0753	rho_fallback_no_desc	0.0	0.0
L4b	47	83.902	79.8645	87.9661	low	83.902	79.8645	87.9661	rho_direct	0.0	0.0
L4b1	16	81.4458	77.6021	85.3144	low	52.8064	49.0171	56.6374	single_child_interpolation	-28.63940000000001	35.163753072595526
L4b1a	16	21.7108	18.1697	25.3087	medium	33.5065	30.2058	36.8488	single_child_interpolation	11.795700000000004	54.33102419072537
L4b1a1	10	14.2066	11.3946	17.0602	medium	14.2066	11.3946	17.0602	rho_direct	0.0	0.0
L4b2	31	43.9434	41.1981	46.7116	medium	43.9434	41.1981	46.7116	rho_direct	0.0	0.0
L4b2a	24	35.6776	32.7866	38.5978	medium	35.6776	32.7866	38.5978	rho_direct	0.0	0.0
L4b2a1	12	26.0346	20.0942	32.124	medium	26.0346	20.0942	32.124	rho_direct	0.0	0.0
L4b2a2	12	25.2982	21.0889	29.5828	medium	25.2982	21.0889	29.5828	rho_direct	0.0	0.0
L4b2a2a	3	20.9279	12.8674	29.2945	low	20.9279	12.8674	29.2945	rho_fallback_no_desc	0.0	0.0
L4b2a2b	3	19.0125	9.5317	28.9372	low	19.0125	9.5317	28.9372	rho_fallback_no_desc	0.0	0.0
L4b2a2c	4	13.3705	5.8229	21.2316	low	13.3705	5.8229	21.2316	rho_fallback_no_desc	0.0	0.0
L4b2b	7	38.5874	35.6893	41.5134	low	34.376	20.599		single_child_interpolation	-4.211400000000005	10.913925270943377
L4b2b1	1	24.8086			no_ci	24.8086	0.0		rho_fallback_no_desc	0.0	0.0
L5	24	117.0253	109.1435	124.9693	medium	117.0253	109.1435	124.9693	rho_direct	0.0	0.0
L5a	14	29.4648	25.1265	33.8771	medium	29.4648	25.1265	33.8771	rho_direct	0.0	0.0
L5a1	11	18.7526	14.3056	23.2953	medium	18.7526	14.3056	23.2953	rho_direct	0.0	0.0
L5a1a	5	13.3705	1.9369	25.541	low	13.3705	1.9369	25.541	rho_fallback_no_desc	0.0	0.0
L5a1b	4	14.766	12.0403	17.5304	low	14.766	12.0403	17.5304	rho_fallback_no_desc	0.0	0.0
L5a1c	2	17.5872	14.8221	20.3898	very_low	17.5872	14.8221	20.3898	rho_fallback_no_desc	0.0	0.0
L5a2	2	27.7615	22.0078	33.6504	very_low	27.7615	22.0078	33.6504	rho_fallback_no_desc	0.0	0.0
L5b	10	100.5746	84.5129	116.9701	medium	100.5746	84.5129	116.9701	rho_direct	0.0	0.0
L5b1	5	23.0541	14.6358	31.7931	low	23.0541	14.6358	31.7931	rho_fallback_no_desc	0.0	0.0
L5b1a	2	9.2456	6.6021	11.9299	very_low	9.2456	6.6021	11.9299	rho_fallback_no_desc	0.0	0.0
L5b1b	2	23.3456	-0.8175	50.3803	very_low	23.3456	0.0	50.3803	rho_fallback_no_desc	0.0	0.0
L5b2	5	24.8086	14.9035	35.1456	low	24.8086	14.9035	35.1456	rho_fallback_no_desc	0.0	0.0
L6	4	22.6176	13.404	32.2202	low	22.6176	13.404	32.2202	rho_fallback_no_desc	0.0	0.0
L6a	2	23.3456	14.9342	32.0753	very_low	23.3456	14.9342	32.0753	rho_fallback_no_desc	0.0	0.0
L6b	2	13.3705	2.7942	24.5739	very_low	13.3705	2.7942	24.5739	rho_fallback_no_desc	0.0	0.0
M	32133	52.8219	52.6041	53.0398	high	52.8219	52.6041	53.0398	rho_direct	0.0	0.0
M1	138	26.4732	25.4945	27.4559	high	26.4732	25.4945	27.4559	rho_direct	0.0	0.0
M1'20'51'84	321	59.5218	57.9574	61.0918	low	59.5218	57.9574	61.0918	rho_direct	0.0	0.0
M10	787	36.6867	35.3195	38.0603	high	36.6867	35.3195	38.0603	rho_direct	0.0	0.0
M10a	731	29.2247	27.8989	30.5574	high	29.2247	27.8989	30.5574	rho_direct	0.0	0.0
M10a1	715	26.5099	25.1872	27.8398	high	26.5099	25.1872	27.8398	rho_direct	0.0	0.0
M10a1_G16129A	515	28.2697	26.765	29.7833	low	28.2697	26.765	29.7833	rho_direct	0.0	0.0
M10a1a	506	25.4649	23.9742	26.9649	high	25.4649	23.9742	26.9649	rho_direct	0.0	0.0
M10a1a1	320	25.0747	23.2849	26.878	high	25.0747	23.2849	26.878	rho_direct	0.0	0.0
M10a1a1a	75	17.3411	13.4626	21.2943	high	17.387	13.0047	21.9206	single_child_interpolation	0.04589999999999961	0.2646890912341178
M10a1a1a1	3	9.6992	2.7246	16.9632	low	9.6992	2.7246	16.9632	rho_fallback_no_desc	0.0	0.0
M10a1a1b	218	20.4738	18.2649	22.7054	high	20.4738	18.2649	22.7054	rho_direct	0.0	0.0
M10a1a1b1	107	18.5319	15.5752	21.5307	high	11.5296	9.1325	14.4746	single_child_interpolation	-7.0023	37.785116474835284
M10a1a1b1a	4	2.5854	-0.9854	6.2437	low	2.5854	0.0	6.2437	rho_fallback_no_desc	0.0	0.0
M10a1a1b2	18	26.2806	14.0105	39.2023	low	26.2806	14.0105	39.2023	rho_direct	0.0	0.0
M10a1a1b3	4	17.5872	-1.3874	38.5033	low	17.5872	0.0	38.5033	rho_fallback_no_desc	0.0	0.0
M10a1a1b4	4	7.8917	7.8917	7.8917	low	7.8917	7.8917	7.8917	rho_fallback_no_desc	0.0	0.0
M10a1a1b5	5	16.7367	15.6307	17.8487	low	16.7367	15.6307	17.8487	rho_fallback_no_desc	0.0	0.0
M10a1a1c	4	19.0125	4.402	34.7085	low	19.0125	4.402	34.7085	rho_fallback_no_desc	0.0	0.0
M10a1a2	4	24.0759	-1.5145	52.8664	low	24.0759	0.0	52.8664	rho_fallback_no_desc	0.0	0.0
M10a1b	145	12.624	10.3018	14.9754	high	12.624	10.3018	14.9754	rho_direct	0.0	0.0
M10a1b1	23	10.491	7.2423	13.8	medium	10.491	7.2423	13.8	rho_direct	0.0	0.0
M10a1b2	4	31.5021	-10.7009	82.0217	low	31.5021	0.0	82.0217	rho_fallback_no_desc	0.0	0.0
M10a1c	4	18.2986	14.8133	21.843	low	18.2986	14.8133	21.843	rho_fallback_no_desc	0.0	0.0
M10a1d	3	2.5854	2.5854	2.5854	low	2.5854	2.5854	2.5854	rho_fallback_no_desc	0.0	0.0
M10a2	14	15.1666	6.4836	24.2515	medium	15.1666	6.4836	24.2515	rho_direct	0.0	0.0
M10b	40	25.1757	15.8953	34.8316	medium	25.1757	15.8953	34.8316	rho_direct	0.0	0.0
M11	341	27.9881	26.4054	29.5809	high	27.9881	26.4054	29.5809	rho_direct	0.0	0.0
M11_A200G	328	28.0062	26.3187	29.7051	low	28.0062	26.3187	29.7051	rho_direct	0.0	0.0
M11a	215	21.7571	19.5519	23.9841	high	21.7571	19.5519	23.9841	rho_direct	0.0	0.0
M11a'b	306	24.9621	23.1968	26.7405	high	24.9621	23.1968	26.7405	rho_direct	0.0	0.0
M11a1	5	7.3531	2.3241	12.5388	low	7.3531	2.3241	12.5388	rho_fallback_no_desc	0.0	0.0
M11a2	92	22.7124	19.8895	25.5707	low	24.7593	21.0277	28.5581	single_child_interpolation	2.046900000000001	9.01225762138744
M11a2a	4	27.7615	22.5035	33.1321	low	27.7615	22.5035	33.1321	rho_fallback_no_desc	0.0	0.0
M11b	84	18.6043	15.9774	21.2643	high	18.6043	15.9774	21.2643	rho_direct	0.0	0.0
M11b1	54	20.2875	17.3797	23.2347	low	20.2875	17.3797	23.2347	rho_direct	0.0	0.0
M11b1a	42	14.1002	10.5996	17.6657	medium	12.0914	8.7683	15.4807	single_child_interpolation	-2.008799999999999	14.246606431114447
M11b1a1	10	3.8953	0.1569	7.7267	medium	3.8953	0.1569	7.7267	rho_direct	0.0	0.0
M11b1b	12	13.1389	8.5326	17.8604	medium	13.1389	8.5326	17.8604	rho_direct	0.0	0.0
M11b2	21	4.4601	2.3573	6.5916	medium	4.4601	2.3573	6.5916	rho_direct	0.0	0.0
M11c	13	15.7381	13.3456	18.1597	medium	15.7381	13.3456	18.1597	rho_direct	0.0	0.0
M11c1	4	8.5673	5.2611	11.9386	low	8.5673	5.2611	11.9386	rho_fallback_no_desc	0.0	0.0
M11c2	3	10.6101	7.5371	13.7368	low	10.6101	7.5371	13.7368	rho_fallback_no_desc	0.0	0.0
M11d	22	15.5315	11.457	19.6915	medium	19.8577	16.8463	22.9276	single_child_interpolation	4.326200000000002	27.854360493191272
M11d1	5	11.7093	7.3738	16.15	low	11.7093	7.3738	16.15	rho_fallback_no_desc	0.0	0.0
M12	322	41.5859	39.7475	43.4349	high	41.5859	39.7475	43.4349	rho_direct	0.0	0.0
M12'G	2942	48.1643	47.4484	48.8816	high	48.1643	47.4484	48.8816	rho_direct	0.0	0.0
M12a	243	40.2082	37.9372	42.4958	high	40.2082	37.9372	42.4958	rho_direct	0.0	0.0
M12a1	235	34.0954	31.7871	36.4227	high	34.0954	31.7871	36.4227	rho_direct	0.0	0.0
M12a1a	196	25.829	23.7693	27.9064	high	25.829	23.7693	27.9064	rho_direct	0.0	0.0
M12a1a1	93	17.2057	14.0548	20.4058	high	17.2057	14.0548	20.4058	rho_direct	0.0	0.0
M12a1a2	12	11.2963	5.6385	17.1363	medium	11.2963	5.6385	17.1363	rho_direct	0.0	0.0
M12a1a3	16	21.1685	19.6667	22.6805	medium	21.1685	19.6667	22.6805	rho_direct	0.0	0.0
M12a1a4	25	16.8499	15.8255	17.8795	medium	16.8499	15.8255	17.8795	rho_direct	0.0	0.0
M12a1a5	34	29.2513	24.5002	34.0916	low	29.2513	24.5002	34.0916	rho_direct	0.0	0.0
M12a1a6	1	5.2164			no_ci	5.2164	0.0		rho_fallback_no_desc	0.0	0.0
M12a1a7	7	18.1969	15.5678	20.8594	low	18.1969	15.5678	20.8594	rho_fallback_no_desc	0.0	0.0
M12a1b	39	34.3179	26.3092	42.5606	low	34.3179	26.3092	42.5606	rho_direct	0.0	0.0
M12a1b1	14	36.3887	16.0588	58.2499	low	36.3887	16.0588	58.2499	rho_direct	0.0	0.0
M12a1b2	8	21.1685	13.1228	29.5177	low	21.1685	13.1228	29.5177	rho_fallback_no_desc	0.0	0.0
M12a2	8	15.1165	11.7093	18.5839	low	15.1165	11.7093	18.5839	rho_fallback_no_desc	0.0	0.0
M12b	78	23.1587	21.9348	24.3891	high	23.1587	21.9348	24.3891	rho_direct	0.0	0.0
M12b1	58	18.3724	17.2169	19.5343	high	18.3724	17.2169	19.5343	rho_direct	0.0	0.0
M12b1a	37	11.352	10.2767	12.4338	medium	11.352	10.2767	12.4338	rho_direct	0.0	0.0
M12b1a1	2	2.5854	2.5854	2.5854	very_low	2.5854	2.5854	2.5854	rho_fallback_no_desc	0.0	0.0
M12b1a2	27	5.8071	4.5254	7.0991	medium	5.8071	4.5254	7.0991	rho_direct	0.0	0.0
M12b1a2a	11	2.5854	1.2131	3.9705	medium	2.5854	1.2131	3.9705	rho_direct	0.0	0.0
M12b1a2b	2	3.8953	1.3387	6.4951	very_low	3.8953	1.3387	6.4951	rho_fallback_no_desc	0.0	0.0
M12b1a2c	4	0.0	0.0	0.0	low	0.0	0.0	0.0	rho_fallback_no_desc	0.0	
M12b1b	21	6.7398	3.1474	10.4124	medium	6.7398	3.1474	10.4124	rho_direct	0.0	0.0
M12b2	18	15.0775	13.413	16.7563	medium	15.4289	14.2342	16.6309	single_child_interpolation	0.35139999999999993	2.330625103631238
M12b2a	14	7.6991	6.5337	8.8727	medium	7.6991	6.5337	8.8727	rho_direct	0.0	0.0
M13	150	49.7621	48.0209	51.5116	high	49.7621	48.0209	51.5116	rho_direct	0.0	0.0
M13'46'61	215	50.8449	48.8416	52.8591	high	50.8449	48.8416	52.8591	rho_direct	0.0	0.0
M13'46'61_T16362C	65	43.6115	38.6643	48.6337	high	43.6115	38.6643	48.6337	rho_direct	0.0	0.0
M13a	121	26.0245	23.88	28.188	high	26.0245	23.88	28.188	rho_direct	0.0	0.0
M13a'b	133	46.6089	44.722	48.5061	high	46.6089	44.722	48.5061	rho_direct	0.0	0.0
M13a1	56	12.6765	9.4997	15.9083	high	12.6765	9.4997	15.9083	rho_direct	0.0	0.0
M13a1a	2	2.5854	-2.4381	7.7838	very_low	2.5854	0.0	7.7838	rho_fallback_no_desc	0.0	0.0
M13a1b	37	8.9152	5.6164	12.2785	medium	7.9577	5.1504	10.8125	single_child_interpolation	-0.9575000000000005	10.740084350323048
M13a1b1	4	3.2389	0.801	5.7167	low	3.2389	0.801	5.7167	rho_fallback_no_desc	0.0	0.0
M13a1c	3	0.8567	-0.8175	2.5507	low	0.8567	0.0	2.5507	rho_fallback_no_desc	0.0	0.0
M13a2	65	18.9245	17.5391	20.319	high	18.9245	17.5391	20.319	rho_direct	0.0	0.0
M13b	12	34.0253	30.4198	37.6776	medium	34.0253	30.4198	37.6776	rho_direct	0.0	0.0
M13b1	6	29.2513	24.3416	34.2563	low	22.3177	18.2973	26.4179	single_child_interpolation	-6.933600000000002	23.703561892975703
M13b1a	5	10.6101	6.1748	15.1582	low	10.6101	6.1748	15.1582	rho_fallback_no_desc	0.0	0.0
M13b2	6	6.995	5.2518	8.7569	low	6.995	5.2518	8.7569	rho_fallback_no_desc	0.0	0.0
M13c	17	36.1053	32.728	39.5223	medium	27.1111	25.5047	28.7287	single_child_interpolation	-8.9942	24.91102414326982
M13c1	14	4.4601	2.9884	5.9458	medium	4.4601	2.9884	5.9458	rho_direct	0.0	0.0
M14	1	24.8086			no_ci	24.8086	0.0		rho_fallback_no_desc	0.0	0.0
M15	1	21.8918			no_ci	21.8918	0.0		rho_fallback_no_desc	0.0	0.0
M16	10	22.4722	21.0561	23.8973	medium	22.4722	21.0561	23.8973	rho_direct	0.0	0.0
M17	56	45.8983	42.7125	49.1139	high	45.8983	42.7125	49.1139	rho_direct	0.0	0.0
M17a	15	24.0272	18.3263	29.8705	medium	29.1721	26.6795	31.6882	single_child_interpolation	5.1449	21.412815475794098
M17a1	3	12.4458	10.6466	14.2625	low	12.4458	10.6466	14.2625	rho_fallback_no_desc	0.0	0.0
M17c	41	39.5362	36.3836	42.7213	medium	39.5362	36.3836	42.7213	rho_direct	0.0	0.0
M17c1	27	33.5469	29.5963	37.5543	medium	35.0851	31.4821	38.7361	single_child_interpolation	1.5381999999999962	4.585222479573362
M17c1a	26	30.6341	26.5806	34.7508	medium	30.6477	27.4203	33.9159	single_child_interpolation	0.013600000000000279	0.0443949716165981
M17c1a1	21	26.2103	23.3586	29.0957	medium	27.7282	24.7275	30.7655	single_child_interpolation	1.517900000000001	5.791234743593171
M17c1a1a	17	24.8086	22.0347	27.6152	medium	24.8086	22.0347	27.6152	rho_direct	0.0	0.0
M17c1a1a1	12	7.4428	6.8514	8.0362	medium	7.4428	6.8514	8.0362	rho_direct	0.0	0.0
M17c1a1a2	0				no_ci		0.0		rho_fallback_no_desc		
M17c2	10	21.8918	16.6669	27.2412	medium	21.8918	16.6669	27.2412	rho_direct	0.0	0.0
M17c3	4	19.7288	18.3271	21.1396	low	19.7288	18.3271	21.1396	rho_fallback_no_desc	0.0	0.0
M18	22	11.6091	9.4453	13.7987	medium	11.6091	9.4453	13.7987	rho_direct	0.0	0.0
M18'38	51	31.5168	27.9213	35.1612	low	31.5168	27.9213	35.1612	rho_direct	0.0	0.0
M18a	13	5.2164	2.8786	7.5891	medium	5.2164	2.8786	7.5891	rho_direct	0.0	0.0
M18b	2	9.2456	1.4422	17.4168	very_low	9.2456	1.4422	17.4168	rho_fallback_no_desc	0.0	0.0
M18c	2	7.8917	7.8917	7.8917	very_low	7.8917	7.8917	7.8917	rho_fallback_no_desc	0.0	0.0
M19	7	24.8086	11.4207	38.9997	low	24.8086	11.4207	38.9997	rho_fallback_no_desc	0.0	0.0
M19'53	30	49.5705	48.3747	50.7702	medium	49.5705	48.3747	50.7702	rho_direct	0.0	0.0
M1a	119	21.4539	20.4354	22.4771	high	21.4539	20.4354	22.4771	rho_direct	0.0	0.0
M1a1	82	14.2202	13.1665	15.2797	high	14.2202	13.1665	15.2797	rho_direct	0.0	0.0
M1a1_T16093C	7	9.8291	7.5952	12.0916	low	9.8291	7.5952	12.0916	rho_fallback_no_desc	0.0	0.0
M1a1a	5	15.0464	12.263	17.8698	low	9.3873	7.2485	11.563	single_child_interpolation	-5.6591000000000005	37.610990004253516
M1a1a1	4	4.5544	1.3305	7.8462	low	4.5544	1.3305	7.8462	rho_fallback_no_desc	0.0	0.0
M1a1b	44	9.9885	8.8799	11.1041	medium	9.9885	8.8799	11.1041	rho_direct	0.0	0.0
M1a1b1	40	7.6222	6.4797	8.7724	medium	7.6222	6.4797	8.7724	rho_direct	0.0	0.0
M1a1b1a	26	4.4021	3.2313	5.5817	medium	4.4021	3.2313	5.5817	rho_direct	0.0	0.0
M1a1b1b	9	6.1033	2.8754	9.3968	low	5.5398	3.2399	8.4155	single_child_interpolation	-0.5635000000000003	9.232710173185003
M1a1b1b1	3	3.4574	-1.009	8.0587	low	3.4574	0.0	8.0587	rho_fallback_no_desc	0.0	0.0
M1a1b1c	2	2.5854	-2.4381	7.7838	very_low	2.5854	0.0	7.7838	rho_fallback_no_desc	0.0	0.0
M1a1b2	3	4.3344	2.6202	6.0677	low	4.3344	2.6202	6.0677	rho_fallback_no_desc	0.0	0.0
M1a1c	2	0.0	0.0	0.0	very_low	0.0	0.0	0.0	rho_fallback_no_desc	0.0	
M1a1d	0				no_ci		0.0		rho_fallback_no_desc		
M1a1e	4	8.5673	6.0456	11.1266	low	8.5673	6.0456	11.1266	rho_fallback_no_desc	0.0	0.0
M1a1e1	2	3.8953	1.3387	6.4951	very_low	3.8953	1.3387	6.4951	rho_fallback_no_desc	0.0	0.0
M1a1e2	2	7.8917	7.8917	7.8917	very_low	7.8917	7.8917	7.8917	rho_fallback_no_desc	0.0	0.0
M1a1f	8	6.8833	3.7831	10.043	low	6.8833	3.7831	10.043	rho_fallback_no_desc	0.0	0.0
M1a1g	1	13.3705			no_ci	13.3705	0.0		rho_fallback_no_desc	0.0	0.0
M1a1h	1	13.3705			no_ci	13.3705	0.0		rho_fallback_no_desc	0.0	0.0
M1a1i	6	6.1033	3.213	9.046	low	6.1033	3.213	9.046	rho_fallback_no_desc	0.0	0.0
M1a2	7	16.9793	14.1041	19.8957	low	16.9793	14.1041	19.8957	rho_fallback_no_desc	0.0	0.0
M1a2a	3	9.6992	0.538	19.3668	low	9.6992	0.538	19.3668	rho_fallback_no_desc	0.0	0.0
M1a2b	2	7.8917	7.8917	7.8917	very_low	7.8917	7.8917	7.8917	rho_fallback_no_desc	0.0	0.0
M1a3	10	10.063	8.3234	11.8199	medium	10.063	8.3234	11.8199	rho_direct	0.0	0.0
M1a3a	2	5.2164	5.2164	5.2164	very_low	5.2164	5.2164	5.2164	rho_fallback_no_desc	0.0	0.0
M1a3b	8	7.8917	5.9056	9.9014	low	7.8917	5.9056	9.9014	rho_fallback_no_desc	0.0	0.0
M1a3b1	2	1.2869	-1.2245	3.8427	very_low	1.2869	0.0	3.8427	rho_fallback_no_desc	0.0	0.0
M1a3b2	3	3.4574	1.7531	5.181	low	3.4574	1.7531	5.181	rho_fallback_no_desc	0.0	0.0
M1a4	4	7.8917	5.7475	10.0635	low	11.3704	10.2177	13.1599	single_child_interpolation	3.4787	44.0804896283437
M1a4a	2	1.2869	-1.2245	3.8427	very_low	1.2869	0.0	3.8427	rho_fallback_no_desc	0.0	0.0
M1a5	6	4.3344	1.4769	7.2454	low	4.3344	1.4769	7.2454	rho_fallback_no_desc	0.0	0.0
M1a6	4	14.766	8.343	21.408	low	14.766	8.343	21.408	rho_fallback_no_desc	0.0	0.0
M1a7	1	24.8086			no_ci	24.8086	0.0		rho_fallback_no_desc	0.0	0.0
M1a8	4	12.6765	6.7547	18.7924	low	16.032	10.3202	22.0686	single_child_interpolation	3.3554999999999993	26.470240208259373
M1a8a	2	10.6101	0.2051	21.6601	very_low	10.6101	0.2051	21.6601	rho_fallback_no_desc	0.0	0.0
M1b	19	18.7116	17.3033	20.1294	medium	18.7116	17.3033	20.1294	rho_direct	0.0	0.0
M1b1	11	11.1089	8.8483	13.3981	medium	11.1089	8.8483	13.3981	rho_direct	0.0	0.0
M1b1a	6	6.1033	2.9214	9.3489	low	6.1033	2.9214	9.3489	rho_fallback_no_desc	0.0	0.0
M1b1b	2	2.5854	-2.4381	7.7838	very_low	2.5854	0.0	7.7838	rho_fallback_no_desc	0.0	0.0
M1b2	8	10.9529	9.3726	12.5471	low	10.9529	9.3726	12.5471	rho_fallback_no_desc	0.0	0.0
M1b2a	2	6.5486	3.9479	9.1912	very_low	6.5486	3.9479	9.1912	rho_fallback_no_desc	0.0	0.0
M1b2b	2	3.8953	1.3387	6.4951	very_low	3.8953	1.3387	6.4951	rho_fallback_no_desc	0.0	0.0
M1b2c	1	10.6101			no_ci	10.6101	0.0		rho_fallback_no_desc	0.0	0.0
M2	143	49.983	48.4653	51.507	high	49.983	48.4653	51.507	rho_direct	0.0	0.0
M20	106	15.2688	12.637	17.9362	high	32.8126	31.1635	34.4738	single_child_interpolation	17.543800000000005	114.89966467567854
M20a	3	6.1033	4.3696	7.8557	low	6.1033	4.3696	7.8557	rho_fallback_no_desc	0.0	0.0
M21	92	50.7826	48.5881	52.99	high	50.7826	48.5881	52.99	rho_direct	0.0	0.0
M21a	15	14.4861	8.8885	20.2503	medium	30.3545	28.284	32.4424	single_child_interpolation	15.868400000000001	109.54225084736402
M21a1	8	9.9265	7.9799	11.8948	low	9.9265	7.9799	11.8948	rho_fallback_no_desc	0.0	0.0
M21b	77	46.2217	44.3315	48.1223	high	46.2217	44.3315	48.1223	rho_direct	0.0	0.0
M21b1	2	35.2955	26.4578	44.4141	very_low	37.7365	32.4759	43.1519	single_child_interpolation	2.4410000000000025	6.915895794081406
M21b10	0				no_ci		0.0		rho_fallback_no_desc		
M21b1a	2	29.2513	20.6203	38.1816	very_low	29.2513	20.6203	38.1816	rho_fallback_no_desc	0.0	0.0
M21b2	40	11.1588	9.1458	13.1946	medium	11.1588	9.1458	13.1946	rho_direct	0.0	0.0
M21b3	19	21.587	19.3904	23.8053	medium	21.587	19.3904	23.8053	rho_direct	0.0	0.0
M21b4	0				no_ci		0.0		rho_fallback_no_desc		
M21b5	0				no_ci		0.0		rho_fallback_no_desc		
M21b6	8	25.1757	17.4976	33.1088	low	25.1757	17.4976	33.1088	rho_fallback_no_desc	0.0	0.0
M21b7	4	10.6101	6.854	14.4468	low	10.6101	6.854	14.4468	rho_fallback_no_desc	0.0	0.0
M21b8	0				no_ci		0.0		rho_fallback_no_desc		
M21b9	3	2.5854	2.5854	2.5854	low	2.5854	2.5854	2.5854	rho_fallback_no_desc	0.0	0.0
M21b_A210G	40	44.4455	43.0354	45.8616	medium	28.6902	26.7386	30.6585	single_child_interpolation	-15.755300000000002	35.448583096151474
M22	12	39.1396	34.2758	44.0818	medium	39.1396	34.2758	44.0818	rho_direct	0.0	0.0
M22a	5	24.8086	15.5503	34.4431	low	24.8086	15.5503	34.4431	rho_fallback_no_desc	0.0	0.0
M22b	7	39.9144	37.6243	42.2214	low	27.093	23.5677	30.6699	single_child_interpolation	-12.8214	32.12224159701762
M22b1	5	15.0464	12.8595	17.2579	low	15.0464	12.8595	17.2579	rho_fallback_no_desc	0.0	0.0
M23	220	4.4224	4.0514	4.7942	high	4.4224	4.0514	4.7942	rho_direct	0.0	0.0
M23'75'85'86'87	279	56.8429	55.5176	58.1725	low	56.8429	55.5176	58.1725	rho_direct	0.0	0.0
M24	86	27.0716	24.0914	30.0881	high	27.0716	24.0914	30.0881	rho_direct	0.0	0.0
M24'41	99	40.1966	37.3023	43.1179	high	40.1966	37.3023	43.1179	rho_direct	0.0	0.0
M24a	38	15.2088	9.7417	20.8323	medium	13.5358	12.0457	15.044	single_child_interpolation	-1.673	11.000210404502656
M24a1	9	0.0	0.0	0.0	low	0.0	0.0	0.0	rho_fallback_no_desc	0.0	
M24b	48	15.878	13.3726	18.4153	medium	20.2707	18.1796	22.3838	single_child_interpolation	4.392700000000001	27.665323088550203
M24b1	28	13.4698	12.2678	14.6795	medium	13.4698	12.2678	14.6795	rho_direct	0.0	0.0
M25	4	7.8917	4.8676	10.971	low	7.8917	4.8676	10.971	rho_fallback_no_desc	0.0	0.0
M26	4	3.8953	2.4139	5.3911	low	3.8953	2.4139	5.3911	rho_fallback_no_desc	0.0	0.0
M27	46	64.6344	61.295	67.998	low	64.6344	61.295	67.998	rho_direct	0.0	0.0
M27a	24	22.6176	20.037	25.2277	medium	22.6176	20.037	25.2277	rho_direct	0.0	0.0
M27a1	6	15.2335	9.0347	21.6339	low	15.2335	9.0347	21.6339	rho_fallback_no_desc	0.0	0.0
M27a1a	4	7.8917	3.1362	12.7852	low	7.8917	3.1362	12.7852	rho_fallback_no_desc	0.0	0.0
M27a1a1	2	3.8953	1.3387	6.4951	very_low	3.8953	1.3387	6.4951	rho_fallback_no_desc	0.0	0.0
M27a1a2	2	1.2869	-1.2245	3.8427	very_low	1.2869	0.0	3.8427	rho_fallback_no_desc	0.0	0.0
M27a1b	2	5.2164	-4.832	15.9461	very_low	5.2164	0.0	15.9461	rho_fallback_no_desc	0.0	0.0
M27a2	8	4.5544	3.2651	5.8544	low	4.5544	3.2651	5.8544	rho_fallback_no_desc	0.0	0.0
M27a2a	3	1.7185	0.0342	3.4224	low	1.7185	0.0342	3.4224	rho_fallback_no_desc	0.0	0.0
M27a2b	5	2.0647	0.1708	3.9831	low	2.0647	0.1708	3.9831	rho_fallback_no_desc	0.0	0.0
M27a3	10	18.4412	11.0419	26.111	low	18.5918	16.7491	20.4525	single_child_interpolation	0.15060000000000073	0.8166496757260956
M27a3a	7	14.5661	13.4611	15.6773	low	14.5661	13.4611	15.6773	rho_fallback_no_desc	0.0	0.0
M27b	15	19.5853	16.0516	23.1781	medium	19.5853	16.0516	23.1781	rho_direct	0.0	0.0
M27b1	5	1.0286	-0.2051	2.273	low	1.0286	0.0	2.273	rho_fallback_no_desc	0.0	0.0
M27b2	10	8.1616	4.3831	12.0262	medium	8.1616	4.3831	12.0262	rho_direct	0.0	0.0
M27b2a	3	10.6101	2.6012	18.9952	low	4.7242	2.1916	7.9345	single_child_interpolation	-5.8858999999999995	55.47450071158613
M27b2a1	2	1.2869	-1.2245	3.8427	very_low	1.2869	0.0	3.8427	rho_fallback_no_desc	0.0	0.0
M27b2b	3	6.995	2.4241	11.6961	low	5.3735	2.1916	9.905	single_child_interpolation	-1.6215000000000002	23.18084345961401
M27b2b1	2	2.5854	-2.4381	7.7838	very_low	2.5854	0.0	7.7838	rho_fallback_no_desc	0.0	0.0
M27b2c	2	1.2869	-1.2245	3.8427	very_low	1.2869	0.0	3.8427	rho_fallback_no_desc	0.0	0.0
M27c	7	7.5068	1.0842	14.1864	low	7.5068	1.0842	14.1864	rho_fallback_no_desc	0.0	0.0
M28	95	26.794	25.4269	28.1687	high	26.794	25.4269	28.1687	rho_direct	0.0	0.0
M28a	85	15.6413	14.2602	17.0322	high	15.6413	14.2602	17.0322	rho_direct	0.0	0.0
M28a1	10	6.0144	4.2731	7.7746	medium	6.0144	4.2731	7.7746	rho_direct	0.0	0.0
M28a10	3	9.6992	7.9276	11.4889	low	9.6992	7.9276	11.4889	rho_fallback_no_desc	0.0	0.0
M28a2	5	12.8151	8.1993	17.5476	low	9.1723	7.1014	11.2688	single_child_interpolation	-3.6427999999999994	28.42584139023495
M28a2a	4	2.5854	0.513	4.687	low	2.5854	0.513	4.687	rho_fallback_no_desc	0.0	0.0
M28a3	2	2.5854	2.5854	2.5854	very_low	2.5854	2.5854	2.5854	rho_fallback_no_desc	0.0	0.0
M28a4	5	4.6866	2.1681	7.2462	low	4.6866	2.1681	7.2462	rho_fallback_no_desc	0.0	0.0
M28a5	13	8.7236	6.7963	10.6727	medium	8.7236	6.7963	10.6727	rho_direct	0.0	0.0
M28a5a	4	4.5544	0.7193	8.4861	low	4.5544	0.7193	8.4861	rho_fallback_no_desc	0.0	0.0
M28a5b	2	2.5854	-2.4381	7.7838	very_low	2.5854	0.0	7.7838	rho_fallback_no_desc	0.0	0.0
M28a6	4	11.9851	10.4299	13.5536	low	8.4641	7.1301	10.4375	single_child_interpolation	-3.520999999999999	29.378144529457405
M28a6a	2	1.2869	-1.2245	3.8427	very_low	1.2869	0.0	3.8427	rho_fallback_no_desc	0.0	0.0
M28a7	7	8.664	6.4454	10.9117	low	8.664	6.4454	10.9117	rho_fallback_no_desc	0.0	0.0
M28a7a	4	3.2389	0.801	5.7167	low	3.2389	0.801	5.7167	rho_fallback_no_desc	0.0	0.0
M28a7b	2	2.5854	2.5854	2.5854	very_low	2.5854	2.5854	2.5854	rho_fallback_no_desc	0.0	0.0
M28a8	9	4.6279	2.7518	6.5266	low	4.6279	2.7518	6.5266	rho_fallback_no_desc	0.0	0.0
M28a9	9	11.8318	10.2495	13.4279	low	11.8318	10.2495	13.4279	rho_fallback_no_desc	0.0	0.0
M28a_T204C	41	15.7592	13.6897	17.8505	low	15.7592	13.6897	17.8505	rho_direct	0.0	0.0
M28b	8	21.5299	19.8628	23.2094	low	18.898	15.7297	22.1405	single_child_interpolation	-2.6319000000000017	12.224394911262948
M28b1	7	11.0019	6.0324	16.1123	low	12.0572	10.473	13.6785	single_child_interpolation	1.0553000000000008	9.591979567165678
M28b1a	4	5.2164	5.2164	5.2164	low	5.2164	5.2164	5.2164	rho_fallback_no_desc	0.0	0.0
M29	18	13.8345	10.354	17.3795	medium	13.8345	10.354	17.3795	rho_direct	0.0	0.0
M29'Q	680	67.2915	66.4172	68.1674	low	67.2915	66.4172	68.1674	rho_direct	0.0	0.0
M29a	5	1.5457	-0.4707	3.5904	low	1.5457	0.0	3.5904	rho_fallback_no_desc	0.0	0.0
M29b	13	7.8917	4.6995	11.1454	medium	7.5607	5.177	10.6111	single_child_interpolation	-0.3310000000000004	4.194280066398879
M29b1	2	1.2869	-1.2245	3.8427	very_low	1.2869	0.0	3.8427	rho_fallback_no_desc	0.0	0.0
M2a	95	33.4841	32.2592	34.7145	high	33.4841	32.2592	34.7145	rho_direct	0.0	0.0
M2a'b	137	43.559	42.0126	45.1126	high	43.559	42.0126	45.1126	rho_direct	0.0	0.0
M2a1	82	17.7952	16.7339	18.8619	high	17.7952	16.7339	18.8619	rho_direct	0.0	0.0
M2a1a	60	12.538	11.2254	13.86	high	12.538	11.2254	13.86	rho_direct	0.0	0.0
M2a1a1	12	5.8811	3.9511	7.8345	medium	5.8811	3.9511	7.8345	rho_direct	0.0	0.0
M2a1a1a	4	5.8811	4.5809	7.1919	low	3.3689	1.9755	5.1926	single_child_interpolation	-2.5122	42.71649861420482
M2a1a1a1	3	0.8567	-0.8175	2.5507	low	0.8567	0.0	2.5507	rho_fallback_no_desc	0.0	0.0
M2a1a1b	6	3.4574	1.7531	5.181	low	3.908	2.3095	5.5236	single_child_interpolation	0.4506000000000001	13.032914907155671
M2a1a1b1	4	1.9348	0.6678	3.2128	low	1.9348	0.6678	3.2128	rho_fallback_no_desc	0.0	0.0
M2a1a2	14	13.5692	11.728	15.4285	low	12.1025	10.5067	13.7127	single_child_interpolation	-1.4667000000000012	10.809038115732697
M2a1a2a	13	11.6669	9.7879	13.5653	medium	7.8197	6.3969	9.2548	single_child_interpolation	-3.8472	32.97534049319014
M2a1a2a1	11	3.5369	2.2871	4.797	medium	4.6252	3.3022	5.9595	single_child_interpolation	1.0883000000000003	30.769883231078072
M2a1a2a1a	9	1.4307	0.2075	2.6642	low	1.4307	0.2075	2.6642	rho_fallback_no_desc	0.0	0.0
M2a1a3	8	7.8917	5.9056	9.9014	low	9.5991	7.2844	11.9448	single_child_interpolation	1.7073999999999998	21.635389079665977
M2a1a3_T16093C	7	5.5959	3.5035	7.716	low	5.5959	3.5035	7.716	rho_fallback_no_desc	0.0	0.0
M2a1a3a	4	3.2389	1.9607	4.528	low	3.4414	1.7517	5.7793	single_child_interpolation	0.20249999999999968	6.25212263422766
M2a1a3a1	2	1.2869	-1.2245	3.8427	very_low	1.2869	0.0	3.8427	rho_fallback_no_desc	0.0	0.0
M2a1a3b	3	2.5854	-2.4381	7.7838	low	2.5854	0.0	7.7838	rho_fallback_no_desc	0.0	0.0
M2a1a_G207A	12	13.6024	11.0653	16.1736	low	11.0686	9.2549	12.9024	single_child_interpolation	-2.5337999999999994	18.627595130271125
M2a1b	6	0.4277	-0.4094	1.2697	low	0.4277	0.0	1.2697	rho_fallback_no_desc	0.0	0.0
M2a1c	2	10.6101	10.6101	10.6101	very_low	10.6101	10.6101	10.6101	rho_fallback_no_desc	0.0	0.0
M2a1d	3	6.995	3.5274	10.537	low	6.995	3.5274	10.537	rho_fallback_no_desc	0.0	0.0
M2a2	7	7.5068	6.1369	8.888	low	18.0347	16.7653	19.3129	single_child_interpolation	10.5279	140.2448446741621
M2a2a	6	2.5854	1.2713	3.9113	low	2.5854	1.2713	3.9113	rho_fallback_no_desc	0.0	0.0
M2a3	6	13.3705	9.684	17.1301	low	22.7346	20.7796	24.7123	single_child_interpolation	9.3641	70.03552597135484
M2a3a	2	11.9851	9.2999	14.71	very_low	11.9851	9.2999	14.71	rho_fallback_no_desc	0.0	0.0
M2b	42	13.8345	11.5985	16.097	medium	13.8345	11.5985	16.097	rho_direct	0.0	0.0
M2b1	14	15.3672	10.8237	20.0178	low	15.3672	10.8237	20.0178	rho_direct	0.0	0.0
M2b1a	3	11.5256	-5.5218	30.3493	low	11.5256	0.0	30.3493	rho_fallback_no_desc	0.0	0.0
M2b1b	2	1.2869	-1.2245	3.8427	very_low	1.2869	0.0	3.8427	rho_fallback_no_desc	0.0	0.0
M2b2	4	9.9265	7.3846	12.5056	low	9.9265	7.3846	12.5056	rho_fallback_no_desc	0.0	0.0
M2b3	19	6.1969	5.4816	6.9154	medium	7.2194	5.8344	8.6185	single_child_interpolation	1.0225	16.500185576659295
M2b3a	17	0.6042	0.0703	1.14	medium	0.6042	0.0703	1.14	rho_direct	0.0	0.0
M2b4	2	2.5854	2.5854	2.5854	very_low	2.5854	2.5854	2.5854	rho_fallback_no_desc	0.0	0.0
M2c	6	39.3976	35.771	43.0675	low	39.3976	35.771	43.0675	rho_fallback_no_desc	0.0	0.0
M2c1	6	15.702	12.4149	19.0444	low	15.702	12.4149	19.0444	rho_fallback_no_desc	0.0	0.0
M2c2	0				no_ci		0.0		rho_fallback_no_desc		
M3	196	24.4046	22.8206	25.9992	high	24.4046	22.8206	25.9992	rho_direct	0.0	0.0
M30	123	13.8232	12.7551	14.8973	high	13.8232	12.7551	14.8973	rho_direct	0.0	0.0
M30_C16234T	25	10.3911	8.1113	12.7004	medium	10.4091	7.9013	12.9683	single_child_interpolation	0.018000000000000682	0.1732251638421407
M30a	6	9.2456	6.6021	11.9299	low	9.2456	6.6021	11.9299	rho_fallback_no_desc	0.0	0.0
M30a1	2	10.6101	10.6101	10.6101	very_low	10.6101	10.6101	10.6101	rho_fallback_no_desc	0.0	0.0
M30a2	4	4.5544	3.2651	5.8544	low	4.5544	3.2651	5.8544	rho_fallback_no_desc	0.0	0.0
M30b	10	16.454	13.5626	19.3874	low	16.454	13.5626	19.3874	rho_direct	0.0	0.0
M30c	14	10.4145	7.7119	13.1588	medium	11.5344	9.6786	13.4136	single_child_interpolation	1.1198999999999995	10.753276681549757
M30c1	2	9.2456	6.6021	11.9299	very_low	9.0415	6.8133	11.3024	single_child_interpolation	-0.2041000000000004	2.207536557930263
M30c1a	2	6.5486	3.9479	9.1912	very_low	5.8134	3.4066		single_child_interpolation	-0.7352000000000007	11.22682710808418
M30c1a1	1	2.5854			no_ci	2.5854	0.0		rho_fallback_no_desc	0.0	0.0
M30d	18	11.5256	8.9994	14.0873	medium	11.5256	8.9994	14.0873	rho_direct	0.0	0.0
M30d1	14	10.4145	7.9513	12.9123	medium	10.4145	7.9513	12.9123	rho_direct	0.0	0.0
M30d2	3	1.7185	-1.6302	5.1456	low	1.7185	0.0	5.1456	rho_fallback_no_desc	0.0	0.0
M30e	6	6.995	3.0474	11.0393	low	6.995	3.0474	11.0393	rho_fallback_no_desc	0.0	0.0
M30f	6	11.9851	6.8791	17.2368	low	11.9851	6.8791	17.2368	rho_fallback_no_desc	0.0	0.0
M30g	5	6.2812	2.7699	9.8701	low	6.2812	2.7699	9.8701	rho_fallback_no_desc	0.0	0.0
M31	9	34.7867	31.8137	37.7911	low	34.7867	31.8137	37.7911	rho_fallback_no_desc	0.0	0.0
M31a	6	30.2493	26.4324	34.1224	low	30.2493	26.4324	34.1224	rho_fallback_no_desc	0.0	0.0
M31a1	3	6.1033	-0.7156	13.2222	low	6.1033	0.0	13.2222	rho_fallback_no_desc	0.0	0.0
M31a1a	1	0.0			no_ci	0.0	0.0		rho_fallback_no_desc	0.0	
M31a1b	2	5.2164	-4.832	15.9461	very_low	5.2164	0.0	15.9461	rho_fallback_no_desc	0.0	0.0
M31a2	2	6.5486	3.9479	9.1912	very_low	6.5486	3.9479	9.1912	rho_fallback_no_desc	0.0	0.0
M31b	2	16.1717	16.1717	16.1717	very_low	16.1717	16.1717	16.1717	rho_fallback_no_desc	0.0	0.0
M31b'c	3	25.7889	23.8712	27.7219	low	25.7889	23.8712	27.7219	rho_fallback_no_desc	0.0	0.0
M31b1	2	13.3705	13.3705	13.3705	very_low	13.3705	13.3705	13.3705	rho_fallback_no_desc	0.0	0.0
M31b2	0				no_ci		0.0		rho_fallback_no_desc		
M31c	1	7.8917			no_ci	7.8917	0.0		rho_fallback_no_desc	0.0	0.0
M32	152	57.3348	56.5984	58.0725	low	57.3348	56.5984	58.0725	rho_direct	0.0	0.0
M32'56	154	63.343	62.2685	64.42	low	63.343	62.2685	64.42	rho_direct	0.0	0.0
M32a	2	6.5486	3.9479	9.1912	very_low	6.5486	3.9479	9.1912	rho_fallback_no_desc	0.0	0.0
M32c	150	4.9689	4.3678	5.5723	high	4.9689	4.3678	5.5723	rho_direct	0.0	0.0
M33	150	39.3357	37.2951	41.3899	high	39.3357	37.2951	41.3899	rho_direct	0.0	0.0
M33_T16362C	99	38.4136	35.5672	41.287	high	38.4136	35.5672	41.287	rho_direct	0.0	0.0
M33a	41	28.8507	26.8397	30.8777	medium	28.8507	26.8397	30.8777	rho_direct	0.0	0.0
M33a1	18	23.1836	21.6416	24.736	medium	23.1836	21.6416	24.736	rho_direct	0.0	0.0
M33a1a	9	7.8917	7.0129	8.775	low	11.5918	10.8208	12.368	single_child_interpolation	3.700099999999999	46.88596880266608
M33a1a1	7	0.0	0.0	0.0	low	0.0	0.0	0.0	rho_fallback_no_desc	0.0	
M33a1b	8	7.5549	5.4679	9.6682	low	7.5549	5.4679	9.6682	rho_fallback_no_desc	0.0	0.0
M33a2	13	18.3535	14.4817	22.2981	medium	18.3535	14.4817	22.2981	rho_direct	0.0	0.0
M33a2'3	21	30.4636	27.0432	33.9289	low	30.4636	27.0432	33.9289	rho_direct	0.0	0.0
M33a2a	7	12.1824	6.7408	17.7891	low	12.1824	6.7408	17.7891	rho_fallback_no_desc	0.0	0.0
M33a2b	3	0.8567	-0.8175	2.5507	low	0.8567	0.0	2.5507	rho_fallback_no_desc	0.0	0.0
M33a3	8	33.7719	28.543	39.1005	low	29.1125	22.7413	35.6865	single_child_interpolation	-4.6594000000000015	13.796677119143434
M33a3a	4	27.7615	18.4393	37.4441	low	20.3191	13.6082	27.2733	single_child_interpolation	-7.442400000000003	26.808349692920057
M33a3a1	3	11.5256	4.4752	18.86	low	11.5256	4.4752	18.86	rho_fallback_no_desc	0.0	0.0
M33b	21	27.7615	24.4464	31.1211	medium	27.7615	24.4464	31.1211	rho_direct	0.0	0.0
M33b1	13	19.6736	16.6977	22.6912	medium	17.8266	15.0596	20.6307	single_child_interpolation	-1.8470000000000013	9.388215679895907
M33b1a	8	7.8917	5.6727	10.1402	low	7.8917	5.6727	10.1402	rho_fallback_no_desc	0.0	0.0
M33b2	5	23.6375	18.3909	29.0053	low	23.6375	18.3909	29.0053	rho_fallback_no_desc	0.0	0.0
M33c	78	22.2637	18.7101	25.874	high	22.2637	18.7101	25.874	rho_direct	0.0	0.0
M33c1	13	16.3888	11.3825	21.5226	medium	16.3888	11.3825	21.5226	rho_direct	0.0	0.0
M33c2	7	15.769	7.4879	24.4102	low	15.769	7.4879	24.4102	rho_fallback_no_desc	0.0	0.0
M33c3	4	10.6101	4.9061	16.5021	low	10.6101	4.9061	16.5021	rho_fallback_no_desc	0.0	0.0
M33d	10	6.2812	3.3673	9.2483	medium	6.2812	3.3673	9.2483	rho_direct	0.0	0.0
M34	9	28.7537	21.7619	35.9424	low	28.7537	21.7619	35.9424	rho_fallback_no_desc	0.0	0.0
M34'57	21	39.7666	34.6813	44.9367	medium	39.7666	34.6813	44.9367	rho_direct	0.0	0.0
M34a	6	19.9681	11.7009	28.564	low	19.9681	11.7009	28.564	rho_fallback_no_desc	0.0	0.0
M34a1	3	17.1143	9.2062	25.3408	low	13.9299	7.1954	20.9117	single_child_interpolation	-3.1844	18.606662264889597
M34a1a	2	7.8917	2.6898	13.2593	very_low	7.8917	2.6898	13.2593	rho_fallback_no_desc	0.0	0.0
M34a2	2	3.8953	1.3387	6.4951	very_low	3.8953	1.3387	6.4951	rho_fallback_no_desc	0.0	0.0
M34b	2	3.8953	1.3387	6.4951	very_low	3.8953	1.3387	6.4951	rho_fallback_no_desc	0.0	0.0
M35	77	26.1464	24.762	27.5387	high	26.1464	24.762	27.5387	rho_direct	0.0	0.0
M35_T199C	69	22.3964	21.1343	23.6657	high	22.3964	21.1343	23.6657	rho_direct	0.0	0.0
M35a	28	12.9736	10.8422	15.1295	medium	12.9736	10.8422	15.1295	rho_direct	0.0	0.0
M35a1	21	9.1808	7.0013	11.3882	medium	9.5385	8.0381	11.0534	single_child_interpolation	0.35770000000000124	3.8961746253049983
M35a1a	9	6.1033	5.2341	6.9772	low	6.1033	5.2341	6.9772	rho_fallback_no_desc	0.0	0.0
M35a2	3	13.3705	7.9996	18.8981	low	13.3705	7.9996	18.8981	rho_fallback_no_desc	0.0	0.0
M35b	41	18.177	16.6941	19.6705	medium	18.177	16.6941	19.6705	rho_direct	0.0	0.0
M35b1	9	4.9218	2.428	7.4557	low	4.9218	2.428	7.4557	rho_fallback_no_desc	0.0	0.0
M35b2	4	11.9851	3.7718	20.5826	low	11.9851	3.7718	20.5826	rho_fallback_no_desc	0.0	0.0
M35b3	8	7.5549	4.6841	10.4757	low	7.5549	4.6841	10.4757	rho_fallback_no_desc	0.0	0.0
M35b4	12	9.9265	7.1459	12.7517	medium	9.9265	7.1459	12.7517	rho_direct	0.0	0.0
M35b_T16304C	28	15.2669	13.3968	17.1549	medium	15.2669	13.3968	17.1549	rho_direct	0.0	0.0
M35c	4	13.3705	10.2499	16.5433	low	13.3705	10.2499	16.5433	rho_fallback_no_desc	0.0	0.0
M35d	4	9.9265	3.0364	17.0973	low	9.9265	3.0364	17.0973	rho_fallback_no_desc	0.0	0.0
M36	41	26.5328	23.8336	29.262	medium	26.5328	23.8336	29.262	rho_direct	0.0	0.0
M36a	1	7.8917			no_ci	7.8917	0.0		rho_fallback_no_desc	0.0	0.0
M36b	2	0.0	0.0	0.0	very_low	0.0	0.0	0.0	rho_fallback_no_desc	0.0	
M36c	7	2.2133	1.4865	2.9436	low	2.2133	1.4865	2.9436	rho_fallback_no_desc	0.0	0.0
M36d	28	14.4661	13.2624	15.6774	medium	14.8103	13.0117	16.6266	single_child_interpolation	0.34419999999999895	2.3793558733867384
M36d1	26	3.0879	2.1899	3.9912	medium	3.0879	2.1899	3.9912	rho_direct	0.0	0.0
M36e	3	41.9898	39.9557	44.0367	low	41.9898	39.9557	44.0367	rho_fallback_no_desc	0.0	0.0
M37	20	18.0138	14.0804	22.0229	medium	18.0138	14.0804	22.0229	rho_direct	0.0	0.0
M37_T152C!	11	8.3827	6.2733	10.5187	medium	11.8567	8.8525	14.9123	single_child_interpolation	3.474	41.44249466162454
M37_T152C!_C151T	11	5.6995	3.6246	7.8017	medium	5.6995	3.6246	7.8017	rho_direct	0.0	0.0
M37a	6	4.7748	2.7071	6.87	low	3.9254	1.872	6.0066	single_child_interpolation	-0.8494000000000002	17.789226773896292
M37a1	6	2.1513	0.1195	4.2115	low	2.1513	0.1195	4.2115	rho_fallback_no_desc	0.0	0.0
M37d	2	2.5854	-2.4381	7.7838	very_low	2.5854	0.0	7.7838	rho_fallback_no_desc	0.0	0.0
M37e	9	16.4854	12.4568	20.596	low	14.5863	9.5571	19.7608	single_child_interpolation	-1.899099999999999	11.519890327198606
M37e2	5	11.1588	5.0338	17.4988	low	11.1588	5.0338	17.4988	rho_fallback_no_desc	0.0	0.0
M38	28	32.6887	29.651	35.7604	low	32.6887	29.651	35.7604	rho_direct	0.0	0.0
M38_T195C!	14	32.6887	28.5667	36.8736	low	32.6887	28.5667	36.8736	rho_direct	0.0	0.0
M38_T199C	2	19.0125	19.0125	19.0125	very_low	19.0125	19.0125	19.0125	rho_fallback_no_desc	0.0	0.0
M38a	9	24.8086	20.56	29.1345	low	21.6494	18.594	24.7486	single_child_interpolation	-3.1591999999999985	12.734293752972754
M38a1	3	10.6101	7.5371	13.7368	low	10.6101	7.5371	13.7368	rho_fallback_no_desc	0.0	0.0
M38b	7	10.6101	6.9436	14.3534	low	10.6101	6.9436	14.3534	rho_fallback_no_desc	0.0	0.0
M38c	7	7.5068	6.1369	8.888	low	7.5068	6.1369	8.888	rho_fallback_no_desc	0.0	0.0
M38d	1	0.0			no_ci	0.0	0.0		rho_fallback_no_desc	0.0	
M38e	1	0.0			no_ci	0.0	0.0		rho_fallback_no_desc	0.0	
M39	34	23.1741	21.6314	24.7272	medium	23.1741	21.6314	24.7272	rho_direct	0.0	0.0
M39'70	46	32.7169	31.154	34.2887	medium	32.7169	31.154	34.2887	rho_direct	0.0	0.0
M39a	7	14.9662	10.7137	19.3132	low	14.9662	10.7137	19.3132	rho_fallback_no_desc	0.0	0.0
M39a1	3	10.6101	0.2051	21.6601	low	10.6101	0.2051	21.6601	rho_fallback_no_desc	0.0	0.0
M39a2	3	5.2164	5.2164	5.2164	low	5.2164	5.2164	5.2164	rho_fallback_no_desc	0.0	0.0
M39b	24	16.8782	15.3444	18.4237	medium	16.8782	15.3444	18.4237	rho_direct	0.0	0.0
M39b1	18	11.8318	9.9757	13.7069	medium	11.8318	9.9757	13.7069	rho_direct	0.0	0.0
M39b2	5	12.8151	10.7927	14.8595	low	11.0473	9.226	12.8887	single_child_interpolation	-1.7677999999999994	13.79466410718605
M39b2a	4	5.2164	3.1076	7.3536	low	5.2164	3.1076	7.3536	rho_fallback_no_desc	0.0	0.0
M39c	3	12.4458	0.2393	25.514	low	12.4458	0.2393	25.514	rho_fallback_no_desc	0.0	0.0
M3a	109	17.2617	16.0486	18.4819	high	17.2617	16.0486	18.4819	rho_direct	0.0	0.0
M3a1	75	13.6302	12.1591	15.1128	high	14.3338	12.947	15.7309	single_child_interpolation	0.7035999999999998	5.16206658743085
M3a1_T204C	69	11.4059	9.8455	12.9799	high	11.4059	9.8455	12.9799	rho_direct	0.0	0.0
M3a1a	10	1.0286	-0.0855	2.1514	medium	1.0286	0.0	2.1514	rho_direct	0.0	0.0
M3a1b	30	11.0673	9.1447	13.0105	low	11.0673	9.1447	13.0105	rho_direct	0.0	0.0
M3a1c	5	7.8917	7.8917	7.8917	low	7.8917	7.8917	7.8917	rho_fallback_no_desc	0.0	0.0
M3a2	32	14.067	12.1581	15.995	medium	14.067	12.1581	15.995	rho_direct	0.0	0.0
M3a2a	7	3.7075	0.3994	7.0884	low	3.7075	0.3994	7.0884	rho_fallback_no_desc	0.0	0.0
M3a2b	6	1.2869	-0.4335	3.0281	low	1.2869	0.0	3.0281	rho_fallback_no_desc	0.0	0.0
M3b	6	2.1513	0.5931	3.7261	low	2.1513	0.5931	3.7261	rho_fallback_no_desc	0.0	0.0
M3c	43	35.2599	31.3158	39.259	low	35.2599	31.3158	39.259	rho_direct	0.0	0.0
M3c1	33	21.1903	19.6561	22.7353	medium	21.1903	19.6561	22.7353	rho_direct	0.0	0.0
M3c1a	6	11.5256	7.7086	15.4243	low	11.5256	7.7086	15.4243	rho_fallback_no_desc	0.0	0.0
M3c1b	27	11.4237	10.5239	12.3279	medium	13.4589	12.3375	14.5871	single_child_interpolation	2.0351999999999997	17.815593896898548
M3c1b1	26	5.7275	5.019	6.439	medium	5.7275	5.019	6.439	rho_direct	0.0	0.0
M3c1b1a	21	0.8567	0.2215	1.4946	medium	0.8567	0.2215	1.4946	rho_direct	0.0	0.0
M3c1b1b	5	1.5457	-0.4707	3.5904	low	1.5457	0.0	3.5904	rho_fallback_no_desc	0.0	0.0
M3c2	6	11.0673	7.5811	14.6221	low	11.0673	7.5811	14.6221	rho_fallback_no_desc	0.0	0.0
M3c_T152C!	36	36.4009	33.1954	39.6418	low	28.2251	25.4859	30.9972	single_child_interpolation	-8.175799999999999	22.460433670596053
M3d	27	19.2245	15.9833	22.5157	medium	20.9072	17.9838	23.8809	single_child_interpolation	1.6827000000000005	8.752893443262506
M3d1	16	17.4097	13.1471	21.7626	medium	18.6402	15.1591	22.1879	single_child_interpolation	1.2304999999999993	7.067898929906886
M3d1a	14	16.3733	12.3343	20.4949	medium	10.9396	7.5795	14.6631	single_child_interpolation	-5.4337	33.18634606340811
M3d1a1	4	3.2389	-0.5626	7.1382	low	3.2389	0.0	7.1382	rho_fallback_no_desc	0.0	0.0
M3e	7	14.5661	10.6629	18.5493	low	14.5661	10.6629	18.5493	rho_fallback_no_desc	0.0	0.0
M3f	3	9.6992	7.9276	11.4889	low	9.6992	7.9276	11.4889	rho_fallback_no_desc	0.0	0.0
M4	30	12.9075	10.8811	14.9561	medium	12.9075	10.8811	14.9561	rho_direct	0.0	0.0
"M4""67'88"	341	26.4495	25.2731	27.6316	high	26.4495	25.2731	27.6316	rho_direct	0.0	0.0
"M4""67_T16311C!"	69	26.2592	24.0704	28.4678	low	26.2592	24.0704	28.4678	rho_direct	0.0	0.0
M40	29	28.069	25.5702	30.5928	medium	35.2046	33.9088	36.5142	single_child_interpolation	7.1356	25.42163953115537
M40a	28	17.5872	15.2135	19.9885	medium	17.5872	15.2135	19.9885	rho_direct	0.0	0.0
M40a1	20	12.6765	9.9706	15.4222	medium	12.6765	9.9706	15.4222	rho_direct	0.0	0.0
M40a1a	9	9.6992	5.6673	13.8261	low	10.2841	6.3302	14.3407	single_child_interpolation	0.5849000000000011	6.030394259320368
M40a1a1	3	7.8917	2.6898	13.2593	low	7.8917	2.6898	13.2593	rho_fallback_no_desc	0.0	0.0
M40a1b	4	4.5544	3.2651	5.8544	low	4.5544	3.2651	5.8544	rho_fallback_no_desc	0.0	0.0
M40a2	3	3.4574	1.7531	5.181	low	3.4574	1.7531	5.181	rho_fallback_no_desc	0.0	0.0
M41	13	10.8209	8.4435	13.2303	medium	10.8209	8.4435	13.2303	rho_direct	0.0	0.0
M41a	7	9.4398	6.6457	12.2795	low	7.2266	5.0154	9.4678	single_child_interpolation	-2.2131999999999996	23.445411979067348
M41a1	5	3.6324	1.5872	5.7053	low	3.6324	1.5872	5.7053	rho_fallback_no_desc	0.0	0.0
M41b	2	7.8917	-2.3374	18.7838	very_low	7.8917	0.0	18.7838	rho_fallback_no_desc	0.0	0.0
M41c	3	5.2164	5.2164	5.2164	low	5.2164	5.2164	5.2164	rho_fallback_no_desc	0.0	0.0
M42	24	52.0266	47.3104	56.802	low	52.0266	47.3104	56.802	rho_direct	0.0	0.0
M42'74	252	47.4631	45.6183	49.3177	high	47.4631	45.6183	49.3177	rho_direct	0.0	0.0
M42a	8	37.596	30.0658	45.3209	low	39.8941	37.5359	42.2818	single_child_interpolation	2.298100000000005	6.112618363655723
M42a1	3	27.7615	27.7615	27.7615	low	27.7615	27.7615	27.7615	rho_fallback_no_desc	0.0	0.0
M42b	11	42.7478	35.019	50.6643	low	42.7478	35.019	50.6643	rho_direct	0.0	0.0
M42b1	9	21.57	14.8946	28.4514	low	26.1327	17.5095	35.2656	single_child_interpolation	4.5626999999999995	21.15299026425591
M42b1a	5	9.5176	-0.2512	19.8669	low	9.5176	0.0	19.8669	rho_fallback_no_desc	0.0	0.0
M42b2	2	44.6029	35.4788	53.9815	very_low	44.6029	35.4788	53.9815	rho_fallback_no_desc	0.0	0.0
M42c	1	16.1717			no_ci	16.1717	0.0		rho_fallback_no_desc	0.0	0.0
M42d	4	33.0132	30.1844	35.8713	low	33.0132	30.1844	35.8713	rho_fallback_no_desc	0.0	0.0
M42e	0				no_ci		0.0		rho_fallback_no_desc		
M43	8	19.0125	15.3745	22.7139	low	19.0125	15.3745	22.7139	rho_fallback_no_desc	0.0	0.0
M43_T16311C!	4	16.1717	13.927	18.4417	low	16.1915	12.8122	19.6286	single_child_interpolation	0.01980000000000004	0.12243610752116374
M43a	3	13.3705	10.2499	16.5433	low	9.3885	6.4061	12.5973	single_child_interpolation	-3.9819999999999993	29.78198272315919
M43a1	3	2.5854	-0.3368	5.566	low	2.5854	0.0	5.566	rho_fallback_no_desc	0.0	0.0
M43b	4	13.3705	6.1375	20.8909	low	13.3705	6.1375	20.8909	rho_fallback_no_desc	0.0	0.0
M44	13	10.1891	7.5757	12.8417	medium	29.1298	27.8116	30.4667	single_child_interpolation	18.9407	185.89178632067603
M44a	12	5.4376	3.019	7.8936	medium	15.8576	14.3513	17.383	single_child_interpolation	10.42	191.62865970281007
M44a1	9	2.5854	0.8911	4.2992	low	2.5854	0.8911	4.2992	rho_fallback_no_desc	0.0	0.0
M45	25	26.2215	23.688	28.7817	low	18.5298	16.4648	20.6224	single_child_interpolation	-7.691699999999997	29.333562153194887
M45a	14	10.6101	7.6566	13.6132	medium	10.6101	7.6566	13.6132	rho_direct	0.0	0.0
M46	14	44.6029	41.0936	48.1492	low	44.6029	41.0936	48.1492	rho_direct	0.0	0.0
M46a	7	4.4601	-2.576	11.8289	low	4.4601	0.0	11.8289	rho_fallback_no_desc	0.0	0.0
M46b	7	3.7075	2.1835	5.2467	low	3.7075	2.1835	5.2467	rho_fallback_no_desc	0.0	0.0
M47	0				no_ci		0.0		rho_fallback_no_desc		
M48	0				no_ci		0.0		rho_fallback_no_desc		
M49	45	24.4827	22.9576	26.0176	medium	24.4827	22.9576	26.0176	rho_direct	0.0	0.0
M49a	18	14.2997	12.9759	15.6327	medium	14.2997	12.9759	15.6327	rho_direct	0.0	0.0
M49a1	14	7.5068	6.7551	8.2619	medium	7.5068	6.7551	8.2619	rho_direct	0.0	0.0
M49a2	0				no_ci		0.0		rho_fallback_no_desc		
M49c	11	20.3166	15.9686	24.7531	medium	20.3166	15.9686	24.7531	rho_direct	0.0	0.0
M49c1	3	17.1143	2.5478	32.8045	low	17.1143	2.5478	32.8045	rho_fallback_no_desc	0.0	0.0
M49c2	6	16.6424	14.0146	19.3047	low	16.6424	14.0146	19.3047	rho_fallback_no_desc	0.0	0.0
M49d	4	12.6765	10.095	15.2942	low	12.6765	10.095	15.2942	rho_fallback_no_desc	0.0	0.0
M49e	9	17.1143	13.4446	20.8509	low	20.893	17.897	23.9436	single_child_interpolation	3.7787000000000006	22.079196928884038
M49e1	5	17.3033	12.8364	21.8696	low	17.3033	12.8364	21.8696	rho_fallback_no_desc	0.0	0.0
M4a	19	11.9125	9.7229	14.1284	medium	11.9125	9.7229	14.1284	rho_direct	0.0	0.0
M4b	2	2.5854	2.5854	2.5854	very_low	2.5854	2.5854	2.5854	rho_fallback_no_desc	0.0	0.0
M5	184	30.7987	29.6948	31.9071	high	30.7987	29.6948	31.9071	rho_direct	0.0	0.0
M50	27	45.3616	43.6637	47.068	medium	45.3616	43.6637	47.068	rho_direct	0.0	0.0
M50a	19	26.8252	25.1679	28.4936	medium	26.8252	25.1679	28.4936	rho_direct	0.0	0.0
M50a1	15	0.5134	-0.0244	1.0532	medium	0.5134	0.0	1.0532	rho_direct	0.0	0.0
M50a2	4	23.3456	18.4486	28.3487	low	23.3456	18.4486	28.3487	rho_fallback_no_desc	0.0	0.0
M50b	3	19.9681	16.2469	23.7543	low	19.9681	16.2469	23.7543	rho_fallback_no_desc	0.0	0.0
M50c	3	27.7615	24.4226	31.1455	low	27.7615	24.4226	31.1455	rho_fallback_no_desc	0.0	0.0
M51	60	31.8036	29.8388	33.7828	high	31.8036	29.8388	33.7828	rho_direct	0.0	0.0
M51a	40	26.2806	24.5164	28.0576	medium	26.2806	24.5164	28.0576	rho_direct	0.0	0.0
M51a1	18	20.2875	18.516	22.0736	medium	20.2875	18.516	22.0736	rho_direct	0.0	0.0
M51a1a	5	12.2614	9.5192	15.0447	low	12.2614	9.5192	15.0447	rho_fallback_no_desc	0.0	0.0
M51a1b	12	1.9348	1.0243	2.8509	medium	1.9348	1.0243	2.8509	rho_direct	0.0	0.0
M51a2	8	15.8193	8.7673	23.1303	low	15.8193	8.7673	23.1303	rho_fallback_no_desc	0.0	0.0
M51a3	7	5.5959	4.242	6.9612	low	5.5959	4.242	6.9612	rho_fallback_no_desc	0.0	0.0
M51a4	2	23.3456	20.505	26.2215	very_low	23.3456	20.505	26.2215	rho_fallback_no_desc	0.0	0.0
M51a5	3	14.2997	9.5306	19.1896	low	14.2997	9.5306	19.1896	rho_fallback_no_desc	0.0	0.0
M51b	20	34.2281	30.6748	37.8268	low	26.9686	23.6262	30.3684	single_child_interpolation	-7.259499999999999	21.20918192946731
M51b1	12	22.1335	17.4137	26.9541	medium	22.1335	17.4137	26.9541	rho_direct	0.0	0.0
M51b1a	4	6.5486	5.0419	8.0692	low	6.5486	5.0419	8.0692	rho_fallback_no_desc	0.0	0.0
M51b1b	7	2.9585	0.3754	5.5866	low	2.9585	0.3754	5.5866	rho_fallback_no_desc	0.0	0.0
M52	26	34.3569	31.1148	37.6366	medium	34.3569	31.1148	37.6366	rho_direct	0.0	0.0
M52a	14	28.3989	23.9354	32.9424	medium	28.3989	23.9354	32.9424	rho_direct	0.0	0.0
M52a1	7	20.6532	12.2112	29.4336	low	20.6532	12.2112	29.4336	rho_fallback_no_desc	0.0	0.0
M52a1a	2	3.8953	1.3387	6.4951	very_low	3.8953	1.3387	6.4951	rho_fallback_no_desc	0.0	0.0
M52a1b	5	23.0541	19.2147	26.9588	low	16.3192	10.7555	22.0718	single_child_interpolation	-6.7349	29.213458777397516
M52a1b1	2	11.9851	9.2999	14.71	very_low	11.9851	9.2999	14.71	rho_fallback_no_desc	0.0	0.0
M52a2	2	20.4474	12.1508	29.072	very_low	20.4474	12.1508	29.072	rho_fallback_no_desc	0.0	0.0
M52a3	3	18.0612	16.2093	19.9298	low	18.0612	16.2093	19.9298	rho_fallback_no_desc	0.0	0.0
M52b	12	31.251	26.5397	36.0469	medium	32.5533	28.1251	37.0611	single_child_interpolation	1.302299999999999	4.167226648747237
M52b1	8	30.7497	25.1354	36.4855	low	22.0395	17.0261	27.1813	single_child_interpolation	-8.7102	28.326130011024496
M52b1a	6	11.5256	5.9272	17.3015	low	11.5256	5.9272	17.3015	rho_fallback_no_desc	0.0	0.0
M53	23	20.6353	19.7798	21.4941	medium	29.311	28.4191	30.2058	single_child_interpolation	8.675699999999999	42.043003978619154
M53b	21	9.0515	8.4635	9.6414	medium	14.6555	14.2096	15.1029	single_child_interpolation	5.603999999999999	61.91239021156713
M53b1	5	0.0	0.0	0.0	low	0.0	0.0	0.0	rho_fallback_no_desc	0.0	
M54	17	20.0244	13.158	27.1157	medium	19.4477	15.6584	23.3539	single_child_interpolation	-0.5766999999999989	2.879986416571777
M54a	3	12.4458	6.0438	19.0763	low	12.4458	6.0438	19.0763	rho_fallback_no_desc	0.0	0.0
M55	14	17.9934	11.3947	24.8084	medium	17.9934	11.3947	24.8084	rho_direct	0.0	0.0
M55'77	17	46.9256	43.721	50.1598	medium	46.9256	43.721	50.1598	rho_direct	0.0	0.0
M56	2	14.766	1.5457	28.9526	very_low	14.766	1.5457	28.9526	rho_fallback_no_desc	0.0	0.0
M57	12	24.5641	18.2678	31.0327	medium	24.5641	18.2678	31.0327	rho_direct	0.0	0.0
M57_T152C!	8	19.0125	10.6476	27.7208	low	20.3679	11.6777	29.4692	single_child_interpolation	1.3553999999999995	7.128994082840235
M57a	6	16.1717	5.0876	27.9058	low	16.1717	5.0876	27.9058	rho_fallback_no_desc	0.0	0.0
M57b	4	14.067	10.6563	17.5393	low	14.4492	10.444	18.5502	single_child_interpolation	0.3821999999999992	2.7169972275538434
M57b1	3	4.3344	2.6202	6.0677	low	4.3344	2.6202	6.0677	rho_fallback_no_desc	0.0	0.0
M58	1	36.8271			no_ci	36.8271	0.0		rho_fallback_no_desc	0.0	0.0
M59	10	33.1648	28.2923	38.1247	medium	35.5998	32.7808	38.4909	single_child_interpolation	2.4350000000000023	7.342121767657282
M59a	9	18.3778	12.9575	23.942	low	18.3778	12.9575	23.942	rho_fallback_no_desc	0.0	0.0
M5a	142	18.0479	16.9286	19.1731	high	18.0479	16.9286	19.1731	rho_direct	0.0	0.0
M5a'd	144	20.9479	19.8223	22.0793	high	20.9479	19.8223	22.0793	rho_direct	0.0	0.0
M5a1	24	17.3506	15.5277	19.1898	low	17.3506	15.5277	19.1898	rho_direct	0.0	0.0
M5a1a	3	6.995	0.7992	13.4325	low	6.995	0.7992	13.4325	rho_fallback_no_desc	0.0	0.0
M5a1b	19	12.6401	10.2404	15.071	medium	12.6401	10.2404	15.071	rho_direct	0.0	0.0
M5a2	66	16.0862	15.0218	17.1562	high	15.8438	14.7845	16.9087	single_child_interpolation	-0.24240000000000173	1.506881674976077
M5a2a	62	13.6398	12.6405	14.6443	high	13.6398	12.6405	14.6443	rho_direct	0.0	0.0
M5a2a1	19	11.1878	9.7915	12.5949	medium	11.3228	10.178	12.4751	single_child_interpolation	0.13500000000000156	1.2066715529416112
M5a2a1a	17	9.0059	7.7155	10.3059	medium	9.0059	7.7155	10.3059	rho_direct	0.0	0.0
M5a2a1a1	10	4.9513	3.7445	6.1673	medium	4.9513	3.7445	6.1673	rho_direct	0.0	0.0
M5a2a1a2	7	8.2774	6.4852	10.0887	low	8.2774	6.4852	10.0887	rho_fallback_no_desc	0.0	0.0
M5a2a2	12	9.9265	8.0598	11.8132	medium	9.9265	8.0598	11.8132	rho_direct	0.0	0.0
M5a2a3	5	2.0647	0.1708	3.9831	low	2.0647	0.1708	3.9831	rho_fallback_no_desc	0.0	0.0
M5a2a4	16	2.2597	0.8789	3.6535	medium	2.2597	0.8789	3.6535	rho_direct	0.0	0.0
M5a3	14	6.5486	5.4876	7.6165	medium	6.5486	5.4876	7.6165	rho_direct	0.0	0.0
M5a3a	4	0.642	-0.6136	1.9088	low	0.642	0.0	1.9088	rho_fallback_no_desc	0.0	0.0
M5a3b	10	1.5457	0.1983	2.9057	medium	1.5457	0.1983	2.9057	rho_direct	0.0	0.0
M5a4	3	13.3705	7.1833	19.7667	low	13.3705	7.1833	19.7667	rho_fallback_no_desc	0.0	0.0
M5a5	5	5.7479	-2.9422	14.9362	low	5.7479	0.0	14.9362	rho_fallback_no_desc	0.0	0.0
M5a6	7	12.1824	9.3443	15.0647	low	12.1824	9.3443	15.0647	rho_fallback_no_desc	0.0	0.0
M5a7	0				no_ci		0.0		rho_fallback_no_desc		
M5b	27	28.6433	25.5933	31.7302	medium	28.6433	25.5933	31.7302	rho_direct	0.0	0.0
M5b'c	40	33.9239	31.502	36.3668	low	33.9239	31.502	36.3668	rho_direct	0.0	0.0
M5b1	2	13.3705	-2.2366	30.3893	very_low	13.3705	0.0	30.3893	rho_fallback_no_desc	0.0	0.0
M5b2	20	23.1998	19.4222	27.0404	medium	23.1998	19.4222	27.0404	rho_direct	0.0	0.0
M5b2a	4	18.2986	11.804	25.0013	low	18.2986	11.804	25.0013	rho_fallback_no_desc	0.0	0.0
M5b2b	16	20.4474	16.1501	24.8309	medium	20.4474	16.1501	24.8309	rho_direct	0.0	0.0
M5b2b1	10	22.4722	19.0194	25.9783	low	17.1875	13.3834	21.0637	single_child_interpolation	-5.284700000000001	23.516611635709904
M5b2b1a	10	13.9275	10.6167	17.2964	medium	13.9275	10.6167	17.2964	rho_direct	0.0	0.0
M5b2b2	3	3.4574	1.7531	5.181	low	3.4574	1.7531	5.181	rho_fallback_no_desc	0.0	0.0
M5b3	5	10.6101	6.854	14.4468	low	10.6101	6.854	14.4468	rho_fallback_no_desc	0.0	0.0
M5b4	0				no_ci		0.0		rho_fallback_no_desc		
M5c	13	33.0715	31.1573	34.9991	low	33.0715	31.1573	34.9991	rho_direct	0.0	0.0
M5c1	10	18.7267	15.4719	22.0323	medium	18.7267	15.4719	22.0323	rho_direct	0.0	0.0
M5c2	3	20.9279	19.0506	22.8212	low	20.9279	19.0506	22.8212	rho_fallback_no_desc	0.0	0.0
M5d	2	14.766	6.7092	23.1707	very_low	14.766	6.7092	23.1707	rho_fallback_no_desc	0.0	0.0
M6	43	36.7557	33.9974	39.5401	medium	36.7557	33.9974	39.5401	rho_direct	0.0	0.0
M60	14	23.554	18.1641	29.0722	medium	23.554	18.1641	29.0722	rho_direct	0.0	0.0
M60a	10	14.4861	8.3535	20.8192	medium	14.4861	8.3535	20.8192	rho_direct	0.0	0.0
M60a1	6	5.2164	0.6341	9.9349	low	5.2164	0.6341	9.9349	rho_fallback_no_desc	0.0	0.0
M60a2	4	16.1717	12.3003	20.1192	low	9.4102	5.4869	13.4435	single_child_interpolation	-6.761500000000002	41.810693990118544
M60a2a	3	4.3344	2.6202	6.0677	low	4.3344	2.6202	6.0677	rho_fallback_no_desc	0.0	0.0
M60b	4	10.6101	3.491	18.0247	low	10.6101	3.491	18.0247	rho_fallback_no_desc	0.0	0.0
M61	51	24.2912	18.549	30.1771	high	24.2912	18.549	30.1771	rho_direct	0.0	0.0
M61a	17	7.4164	4.87	10.0023	medium	7.4164	4.87	10.0023	rho_direct	0.0	0.0
M61b	20	17.1615	8.7732	25.9088	medium	17.1615	8.7732	25.9088	rho_direct	0.0	0.0
M62	66	28.3474	26.2768	30.4349	high	28.3474	26.2768	30.4349	rho_direct	0.0	0.0
M62'68	101	61.5211	59.1834	63.8711	low	61.5211	59.1834	63.8711	rho_direct	0.0	0.0
M62a	5	18.4412	9.3968	27.8934	low	18.4412	9.3968	27.8934	rho_fallback_no_desc	0.0	0.0
M62b	61	25.5796	23.3817	27.7978	high	25.7251	23.6125	27.8562	single_child_interpolation	0.14550000000000196	0.5688126475785469
M62b1	28	20.0365	17.0575	23.057	medium	20.0365	17.0575	23.057	rho_direct	0.0	0.0
M62b1a	24	15.4676	12.5008	18.4796	medium	15.1367	12.1111	18.2102	single_child_interpolation	-0.33089999999999975	2.1393105588455854
M62b1a1	22	10.2369	7.1647	13.3633	medium	10.2369	7.1647	13.3633	rho_direct	0.0	0.0
M62b1b	0				no_ci		0.0		rho_fallback_no_desc		
M62b2	30	18.5363	15.6791	21.4328	medium	18.5363	15.6791	21.4328	rho_direct	0.0	0.0
M62b2a	8	7.5549	5.7167	9.4135	low	7.5549	5.7167	9.4135	rho_fallback_no_desc	0.0	0.0
M62b2b	3	13.3705	13.3705	13.3705	low	13.3705	13.3705	13.3705	rho_fallback_no_desc	0.0	0.0
M62b_T204C	60	23.1027	20.9483	25.2774	high	23.1027	20.9483	25.2774	rho_direct	0.0	0.0
M63	6	1.2869	-0.4335	3.0281	low	1.2869	0.0	3.0281	rho_fallback_no_desc	0.0	0.0
M64	6	18.0612	15.3204	20.8386	low	19.4477	17.9598	20.9471	single_child_interpolation	1.3865000000000016	7.676677075720338
M64a	3	12.4458	10.6466	14.2625	low	12.4458	10.6466	14.2625	rho_fallback_no_desc	0.0	0.0
M65	37	24.2539	20.7447	27.8164	low	24.2539	20.7447	27.8164	rho_direct	0.0	0.0
M65a	25	20.1597	16.0958	24.301	medium	20.1597	16.0958	24.301	rho_direct	0.0	0.0
M65a1	6	16.1717	12.4303	19.9842	low	16.1717	12.4303	19.9842	rho_fallback_no_desc	0.0	0.0
M65a2	3	6.1033	1.5581	10.7797	low	6.1033	1.5581	10.7797	rho_fallback_no_desc	0.0	0.0
M65a3	3	9.6992	3.3989	16.2346	low	9.6992	3.3989	16.2346	rho_fallback_no_desc	0.0	0.0
M65a_C16311T!!	6	16.6424	9.8385	23.683	low	16.6424	9.8385	23.683	rho_fallback_no_desc	0.0	0.0
M65b	12	6.995	5.2518	8.7569	medium	6.995	5.2518	8.7569	rho_direct	0.0	0.0
M66	12	22.1335	18.769	25.5489	medium	22.1335	18.769	25.5489	rho_direct	0.0	0.0
M66a	2	9.2456	1.4422	17.4168	very_low	9.2456	1.4422	17.4168	rho_fallback_no_desc	0.0	0.0
M66b	10	21.8918	18.1372	25.7103	low	21.1466	16.883	25.4986	single_child_interpolation	-0.7452000000000005	3.40401428845504
M66b1	5	20.1597	14.9969	25.4482	low	20.1597	14.9969	25.4482	rho_fallback_no_desc	0.0	0.0
M67	2	1.2869	-1.2245	3.8427	very_low	1.2869	0.0	3.8427	rho_fallback_no_desc	0.0	0.0
M68	35	70.984	68.8281	73.149	low	42.9135	40.8636	44.9762	single_child_interpolation	-28.070499999999996	39.54482700326834
M68a	35	24.3059	22.5439	26.0813	medium	24.3059	22.5439	26.0813	rho_direct	0.0	0.0
M68a1	25	10.3911	9.0852	11.7066	medium	13.505	12.0559	14.965	single_child_interpolation	3.113900000000001	29.96699098266787
M68a1a	22	2.704	1.5679	3.8488	medium	2.704	1.5679	3.8488	rho_direct	0.0	0.0
M68a2	5	6.8163	4.7289	8.9305	low	13.4457	11.272	16.9325	single_child_interpolation	6.6294	97.25804321992871
M68a2a	2	2.5854	-2.4381	7.7838	very_low	2.5854	0.0	7.7838	rho_fallback_no_desc	0.0	0.0
M69	9	42.6846	39.9069	45.4861	low	30.8075	27.3658	34.3838	single_child_interpolation	-11.877100000000002	27.82525782132198
M69a	9	8.7931	2.1275	15.7278	low	8.7931	2.1275	15.7278	rho_fallback_no_desc	0.0	0.0
M6a	37	28.8881	26.0434	31.7647	medium	28.8881	26.0434	31.7647	rho_direct	0.0	0.0
M6a1	35	21.1478	18.484	23.8441	medium	21.1478	18.484	23.8441	rho_direct	0.0	0.0
M6a1a	17	10.449	7.308	13.6464	medium	10.449	7.308	13.6464	rho_direct	0.0	0.0
M6a1b	17	8.3683	6.4917	10.2658	medium	8.3683	6.4917	10.2658	rho_direct	0.0	0.0
M6a2	2	5.2164	0.1025	10.5005	very_low	5.2164	0.1025	10.5005	rho_fallback_no_desc	0.0	0.0
M6b	1	39.9144			no_ci	39.9144	0.0		rho_fallback_no_desc	0.0	0.0
M6c	3	15.2335	13.4076	17.0765	low	15.2335	13.4076	17.0765	rho_fallback_no_desc	0.0	0.0
M7	5123	53.4798	52.9257	54.0346	low	53.4798	52.9257	54.0346	rho_direct	0.0	0.0
M70	11	6.9138	2.4251	11.5281	medium	6.9138	2.4251	11.5281	rho_direct	0.0	0.0
M71	201	31.6483	29.2204	34.0983	high	31.6483	29.2204	34.0983	rho_direct	0.0	0.0
M71_C151T	185	29.9711	27.3553	32.6133	high	29.9711	27.3553	32.6133	rho_direct	0.0	0.0
M71a	103	30.3706	26.143	34.6673	low	30.3706	26.143	34.6673	rho_direct	0.0	0.0
M71a1	76	18.7492	15.3479	22.2062	high	22.8976	18.4492	27.4371	single_child_interpolation	4.148400000000002	22.125744031745366
M71a1a	49	15.4246	10.7553	20.2069	medium	13.265	10.7045	15.8725	single_child_interpolation	-2.1595999999999993	14.00101137144561
M71a1a1	15	3.6324	2.9599	4.3079	medium	3.6324	2.9599	4.3079	rho_direct	0.0	0.0
M71a2	11	31.5706	9.5767	55.5473	low	35.7643	13.0715	62.9267	single_child_interpolation	4.1937	13.283561288033804
M71a2a	5	41.158	-1.8165	91.1862	low	41.158	0.0	91.1862	rho_fallback_no_desc	0.0	0.0
M71b	13	11.455	9.075	13.8666	medium	11.455	9.075	13.8666	rho_direct	0.0	0.0
M71c	7	7.5068	2.0306	13.1686	low	7.5068	2.0306	13.1686	rho_fallback_no_desc	0.0	0.0
M71d	37	3.5047	3.0086	4.0024	medium	3.5047	3.0086	4.0024	rho_direct	0.0	0.0
M71e	10	25.9855	23.3858	28.6133	medium	25.9855	23.3858	28.6133	rho_direct	0.0	0.0
M71f	16	22.9813	14.0125	32.3156	medium	22.9813	14.0125	32.3156	rho_direct	0.0	0.0
M71g	3	5.2164	5.2164	5.2164	low	5.2164	5.2164	5.2164	rho_fallback_no_desc	0.0	0.0
M72	22	12.4877	10.0986	14.9078	medium	31.0338	29.7484	32.3353	single_child_interpolation	18.5461	148.51493869968047
M72a	18	9.2456	6.8927	11.6308	medium	9.2456	6.8927	11.6308	rho_direct	0.0	0.0
M73	54	38.3097	36.4796	40.1508	high	38.3097	36.4796	40.1508	rho_direct	0.0	0.0
M73'79	63	53.842	52.1478	55.5436	low	53.842	52.1478	55.5436	rho_direct	0.0	0.0
M73a	16	23.1634	20.234	26.1304	medium	23.1634	20.234	26.1304	rho_direct	0.0	0.0
M73a1	5	15.0464	7.3178	23.0924	low	15.0464	7.3178	23.0924	rho_fallback_no_desc	0.0	0.0
M73a2	2	10.6101	10.6101	10.6101	very_low	10.6101	10.6101	10.6101	rho_fallback_no_desc	0.0	0.0
M73a3	3	13.3705	13.3705	13.3705	low	13.3705	13.3705	13.3705	rho_fallback_no_desc	0.0	0.0
M73b	20	12.538	10.4265	14.6738	medium	23.6079	21.9962	25.2307	single_child_interpolation	11.0699	88.29079598022014
M73b1	8	8.9061	7.5129	10.3106	low	8.9061	7.5129	10.3106	rho_fallback_no_desc	0.0	0.0
M73c	3	34.7867	27.6953	42.0594	low	34.7867	27.6953	42.0594	rho_fallback_no_desc	0.0	0.0
M73d	6	6.995	5.8903	8.1072	low	6.995	5.8903	8.1072	rho_fallback_no_desc	0.0	0.0
M73e	0				no_ci		0.0		rho_fallback_no_desc		
M73f	5	36.2135	33.9745	38.4698	low	36.2135	33.9745	38.4698	rho_fallback_no_desc	0.0	0.0
M74	228	35.4295	33.5878	37.2831	high	35.4295	33.5878	37.2831	rho_direct	0.0	0.0
M74a	111	16.2734	13.5124	19.0727	high	16.2734	13.5124	19.0727	rho_direct	0.0	0.0
M74b	106	26.9501	24.6615	29.2601	high	26.9501	24.6615	29.2601	rho_direct	0.0	0.0
M74b1	35	15.4475	9.4477	21.6352	medium	15.4475	9.4477	21.6352	rho_direct	0.0	0.0
M74b2	36	9.0192	6.4907	11.5851	medium	14.7677	13.6235	15.9228	single_child_interpolation	5.7485	63.736251552244106
M74b2a	5	2.5854	2.5854	2.5854	low	2.5854	2.5854	2.5854	rho_fallback_no_desc	0.0	0.0
M74b3	28	18.6043	17.4665	19.7482	medium	18.6043	17.4665	19.7482	rho_direct	0.0	0.0
M74b4	4	7.8917	7.8917	7.8917	low	7.8917	7.8917	7.8917	rho_fallback_no_desc	0.0	0.0
M74c	11	19.0125	16.6356	21.4163	medium	19.0125	16.6356	21.4163	rho_direct	0.0	0.0
M75	45	42.8933	37.8646	48.0005	medium	42.8933	37.8646	48.0005	rho_direct	0.0	0.0
M75a	21	23.4151	21.9112	24.9288	medium	23.4151	21.9112	24.9288	rho_direct	0.0	0.0
M75b	16	31.6905	21.5892	42.1861	medium	31.6905	21.5892	42.1861	rho_direct	0.0	0.0
M75c	8	19.0125	10.9689	27.3731	low	19.0125	10.9689	27.3731	rho_fallback_no_desc	0.0	0.0
M76	55	42.634	37.4433	47.9087	high	42.634	37.4433	47.9087	rho_direct	0.0	0.0
M76a	31	22.3598	15.0508	29.9125	medium	22.3598	15.0508	29.9125	rho_direct	0.0	0.0
M76b	7	25.2282	24.4064	26.0529	low	25.2282	24.4064	26.0529	rho_fallback_no_desc	0.0	0.0
M76c	7	21.8918	20.6557	23.1348	low	21.8918	20.6557	23.1348	rho_fallback_no_desc	0.0	0.0
M77	3	1.7185	0.0342	3.4224	low	1.7185	0.0342	3.4224	rho_fallback_no_desc	0.0	0.0
M78	2	16.1717	5.4288	27.524	very_low	16.1717	5.4288	27.524	rho_fallback_no_desc	0.0	0.0
M79	9	28.7537	20.907	36.8493	low	28.7537	20.907	36.8493	rho_fallback_no_desc	0.0	0.0
M7a	107	22.2171	20.3647	24.0848	high	22.2171	20.3647	24.0848	rho_direct	0.0	0.0
M7a1	87	16.4313	14.2787	18.6071	high	16.4313	14.2787	18.6071	rho_direct	0.0	0.0
M7a1a	83	10.4781	8.3324	12.65	high	10.4781	8.3324	12.65	rho_direct	0.0	0.0
M7a1a1	13	5.4206	4.1801	6.6708	medium	6.5317	4.6269	8.4591	single_child_interpolation	1.1110999999999995	20.497730878500526
M7a1a1a	8	2.5854	0.9214	4.2682	low	2.5854	0.9214	4.2682	rho_fallback_no_desc	0.0	0.0
M7a1a2	3	5.2164	0.1025	10.5005	low	5.2164	0.1025	10.5005	rho_fallback_no_desc	0.0	0.0
M7a1a3	3	22.86	-10.173	61.6713	low	22.86	0.0	61.6713	rho_fallback_no_desc	0.0	0.0
M7a1a4	4	10.6101	7.5371	13.7368	low	6.9677	4.2003	9.7867	single_child_interpolation	-3.6423999999999994	34.329553915608706
M7a1a4a	3	3.4574	0.0683	6.9235	low	3.4574	0.0683	6.9235	rho_fallback_no_desc	0.0	0.0
M7a1a5	8	5.2164	3.5233	6.9277	low	6.7931	4.7666	8.8449	single_child_interpolation	1.5766999999999998	30.225826240318987
M7a1a5a	5	3.108	1.2007	5.0397	low	3.108	1.2007	5.0397	rho_fallback_no_desc	0.0	0.0
M7a1a6	8	9.5857	7.1447	12.0612	low	6.9677	5.0427	8.9155	single_child_interpolation	-2.6179999999999994	27.311516112542638
M7a1a6a	3	3.4574	1.7531	5.181	low	3.4574	1.7531	5.181	rho_fallback_no_desc	0.0	0.0
M7a1a7	20	8.0266	1.6688	14.633	low	8.0266	1.6688	14.633	rho_direct	0.0	0.0
M7a1a8	3	2.5854	-0.3368	5.566	low	2.5854	0.0	5.566	rho_fallback_no_desc	0.0	0.0
M7a1a9	3	7.8917	4.8676	10.971	low	7.8917	4.8676	10.971	rho_fallback_no_desc	0.0	0.0
M7a1b	4	16.1717	12.3003	20.1192	low	16.1717	12.3003	20.1192	rho_fallback_no_desc	0.0	0.0
M7a1b1	2	2.5854	-2.4381	7.7838	very_low	2.5854	0.0	7.7838	rho_fallback_no_desc	0.0	0.0
M7a1b2	2	2.5854	2.5854	2.5854	very_low	2.5854	2.5854	2.5854	rho_fallback_no_desc	0.0	0.0
M7a2	17	20.3628	18.1512	22.597	medium	18.8423	16.8403	20.8638	single_child_interpolation	-1.5204999999999984	7.46704775374702
M7a2a	16	15.4676	13.316	17.6428	medium	15.4676	13.316	17.6428	rho_direct	0.0	0.0
M7a2a1	2	5.2164	0.1025	10.5005	very_low	5.2164	0.1025	10.5005	rho_fallback_no_desc	0.0	0.0
M7a2a2	3	6.1033	-0.7156	13.2222	low	6.1033	0.0	13.2222	rho_fallback_no_desc	0.0	0.0
M7a2a3	10	5.4819	3.6794	7.305	medium	9.1897	6.9935	11.4146	single_child_interpolation	3.7077999999999998	67.63713311078274
M7a2a3a	8	2.9118	0.671	5.1865	low	2.9118	0.671	5.1865	rho_fallback_no_desc	0.0	0.0
M7a2a4	1	2.5854			no_ci	2.5854	0.0		rho_fallback_no_desc	0.0	0.0
M7a_T16324C	90	19.2669	17.1496	21.4054	high	19.3242	17.3217	21.3459	single_child_interpolation	0.05730000000000146	0.2974012425455131
M7b	3187	53.6884	53.0037	54.3743	low	53.6884	53.0037	54.3743	rho_direct	0.0	0.0
M7b'c	5015	50.5668	50.0099	51.1245	high	50.5668	50.0099	51.1245	rho_direct	0.0	0.0
M7b1	3165	40.2704	39.6198	40.9225	high	40.2704	39.6198	40.9225	rho_direct	0.0	0.0
M7b1a	3148	26.3941	25.7702	27.0196	high	26.3941	25.7702	27.0196	rho_direct	0.0	0.0
M7b1a1	2996	20.8081	20.1929	21.425	high	20.8081	20.1929	21.425	rho_direct	0.0	0.0
M7b1a1_C16192T	896	18.7987	17.7751	19.8273	high	18.7987	17.7751	19.8273	rho_direct	0.0	0.0
M7b1a1a	847	24.4623	23.2045	25.7268	low	24.4623	23.2045	25.7268	rho_direct	0.0	0.0
M7b1a1a1	120	10.8614	8.5618	13.1908	high	10.8614	8.5618	13.1908	rho_direct	0.0	0.0
M7b1a1a1a	2	2.5854	-2.4381	7.7838	very_low	2.5854	0.0	7.7838	rho_fallback_no_desc	0.0	0.0
M7b1a1a1b	11	12.3619	4.4278	20.6511	low	8.0389	4.3321	11.8456	single_child_interpolation	-4.323	34.970352453910806
M7b1a1a1b1	2	5.2164	0.1025	10.5005	very_low	5.2164	0.1025	10.5005	rho_fallback_no_desc	0.0	0.0
M7b1a1a1c	7	3.3325	1.4967	5.1908	low	3.3325	1.4967	5.1908	rho_fallback_no_desc	0.0	0.0
M7b1a1a1d	2	2.5854	-2.4381	7.7838	very_low	2.5854	0.0	7.7838	rho_fallback_no_desc	0.0	0.0
M7b1a1a2	90	17.5556	15.1365	20.0034	high	17.3752	15.8642	18.8983	single_child_interpolation	-0.18039999999999878	1.0275923352092713
M7b1a1a2a	17	10.2881	8.5239	12.0699	medium	10.2881	8.5239	12.0699	rho_direct	0.0	0.0
M7b1a1a3	566	24.6686	22.9518	26.3979	low	24.6686	22.9518	26.3979	rho_direct	0.0	0.0
M7b1a1b	381	13.1006	11.4365	14.7796	high	13.1006	11.4365	14.7796	rho_direct	0.0	0.0
M7b1a1c	55	17.0971	12.5459	21.7519	low	13.5835	11.4762	15.7238	single_child_interpolation	-3.5136000000000003	20.550853653543584
M7b1a1c1	17	8.3683	5.1773	11.6202	medium	8.3683	5.1773	11.6202	rho_direct	0.0	0.0
M7b1a1d	110	16.1204	12.8254	19.4705	high	16.6975	14.1728	19.2673	single_child_interpolation	0.5771000000000015	3.579935981737435
M7b1a1d1	66	14.5963	10.5706	18.7072	high	14.5963	10.5706	18.7072	rho_direct	0.0	0.0
M7b1a1e	226	16.3965	14.395	18.418	high	16.3965	14.395	18.418	rho_direct	0.0	0.0
M7b1a1e1	143	12.9237	10.5231	15.3554	high	12.9237	10.5231	15.3554	rho_direct	0.0	0.0
M7b1a1e2	55	17.2517	12.8418	21.7586	low	13.961	12.0653	15.8757	single_child_interpolation	-3.2906999999999993	19.074641919347073
M7b1a1e2a	3	11.5256	9.7356	13.3334	low	11.5256	9.7356	13.3334	rho_fallback_no_desc	0.0	0.0
M7b1a1f	253	15.4259	13.8522	17.0123	high	15.4259	13.8522	17.0123	rho_direct	0.0	0.0
M7b1a1f1	3	8.7931	7.0308	10.5736	low	8.7931	7.0308	10.5736	rho_fallback_no_desc	0.0	0.0
M7b1a1f2	3	6.995	5.2518	8.7569	low	6.995	5.2518	8.7569	rho_fallback_no_desc	0.0	0.0
M7b1a1g	46	15.0098	10.6259	19.4939	medium	11.5665	9.1144	14.0708	single_child_interpolation	-3.4433000000000007	22.940345640847983
M7b1a1g1	6	4.3344	0.4538	8.3143	low	4.3344	0.4538	8.3143	rho_fallback_no_desc	0.0	0.0
M7b1a1h	149	13.6506	10.9108	16.4305	high	13.6506	10.9108	16.4305	rho_direct	0.0	0.0
M7b1a1i	19	14.545	6.1039	23.3705	low	10.8552	9.5914	12.1292	single_child_interpolation	-3.6898	25.36816775524235
M7b1a1i1	8	2.9118	1.4078	4.4311	low	2.9118	1.4078	4.4311	rho_fallback_no_desc	0.0	0.0
M7b1a1j	6	5.6592	3.1898	8.1672	low	5.6592	3.1898	8.1672	rho_fallback_no_desc	0.0	0.0
M7b1a1k	20	23.4915	14.6244	32.7121	low	23.4915	14.6244	32.7121	rho_direct	0.0	0.0
M7b1a1m	16	9.5857	4.376	14.9554	medium	9.5857	4.376	14.9554	rho_direct	0.0	0.0
M7b1a1n	12	10.6101	4.6224	16.8055	medium	10.6101	4.6224	16.8055	rho_direct	0.0	0.0
M7b1a1o	4	5.2164	1.5822	8.9357	low	5.2164	1.5822	8.9357	rho_fallback_no_desc	0.0	0.0
M7b1a1p	3	6.995	2.4241	11.6961	low	6.995	2.4241	11.6961	rho_fallback_no_desc	0.0	0.0
M7b1a1q	3	5.2164	5.2164	5.2164	low	5.2164	5.2164	5.2164	rho_fallback_no_desc	0.0	0.0
M7b1a2	152	20.599	17.411	23.8341	high	22.0142	20.1283	23.9252	single_child_interpolation	1.4151999999999987	6.870236419243645
M7b1a2a	151	17.6342	14.4863	20.8309	high	17.6342	14.4863	20.8309	rho_direct	0.0	0.0
M7b1a2a1	50	8.0536	6.2529	9.8736	high	8.0536	6.2529	9.8736	rho_direct	0.0	0.0
M7b1a2a1a	9	5.8071	2.7277	8.9466	low	4.7997	3.2803	6.3341	single_child_interpolation	-1.0074000000000005	17.34772950353878
M7b1a2a1a1	5	1.5457	0.3076	2.7945	low	1.5457	0.3076	2.7945	rho_fallback_no_desc	0.0	0.0
M7b1a2a1b	16	7.2188	3.3176	11.2138	low	5.5061	3.7258	7.3064	single_child_interpolation	-1.7127	23.725549952900757
M7b1a2a1b1	14	2.9585	1.1987	4.7391	medium	2.9585	1.1987	4.7391	rho_direct	0.0	0.0
M7b1a2a1c	5	0.0	0.0	0.0	low	0.0	0.0	0.0	rho_fallback_no_desc	0.0	
M7b1a2a2	3	2.5854	2.5854	2.5854	low	2.5854	2.5854	2.5854	rho_fallback_no_desc	0.0	0.0
M7b1b	14	6.9312	4.0109	9.9041	medium	6.9312	4.0109	9.9041	rho_direct	0.0	0.0
M7b2	17	20.3628	9.5102	31.7852	medium	33.2091	26.5018	40.4702	single_child_interpolation	12.8463	63.08710000589309
M7b2a	13	12.7298	-0.1489	26.566	medium	12.7298	0.0	26.566	rho_direct	0.0	0.0
M7b3	4	8.5673	4.6337	12.5934	low	8.5673	4.6337	12.5934	rho_fallback_no_desc	0.0	0.0
M7c	1827	28.8223	28.138	29.5084	high	28.8223	28.138	29.5084	rho_direct	0.0	0.0
M7c1	1714	21.1642	20.4999	21.8306	high	21.1642	20.4999	21.8306	rho_direct	0.0	0.0
M7c1a	551	21.6448	20.3499	22.9471	low	21.6448	20.3499	22.9471	rho_direct	0.0	0.0
M7c1a1	118	18.8671	15.5249	22.2629	low	18.8671	15.5249	22.2629	rho_direct	0.0	0.0
M7c1a1a	61	12.9606	8.1408	17.9074	high	15.9885	9.8588	22.3669	single_child_interpolation	3.0279000000000007	23.362344335910382
M7c1a1a1	32	13.1099	4.1927	22.471	low	13.1099	4.1927	22.471	rho_direct	0.0	0.0
M7c1a1b	57	11.9125	7.5644	16.3659	high	11.9125	7.5644	16.3659	rho_direct	0.0	0.0
M7c1a1b1	3	3.4574	-1.009	8.0587	low	3.4574	0.0	8.0587	rho_fallback_no_desc	0.0	0.0
M7c1a1b2	4	0.642	-0.6136	1.9088	low	0.642	0.0	1.9088	rho_fallback_no_desc	0.0	0.0
M7c1a2	43	16.4343	14.6295	18.2553	medium	16.0726	14.5334	17.6247	single_child_interpolation	-0.361699999999999	2.200884734975016
M7c1a2a	25	10.5005	8.7169	12.3022	medium	10.5005	8.7169	12.3022	rho_direct	0.0	0.0
M7c1a2a1	12	7.4428	4.3709	10.5722	medium	7.4428	4.3709	10.5722	rho_direct	0.0	0.0
M7c1a2a2	6	6.1033	5.0046	7.2094	low	6.1033	5.0046	7.2094	rho_fallback_no_desc	0.0	0.0
M7c1a3	94	13.6369	9.7258	17.63	high		10.175		single_child_interpolation		
M7c1a3a	0				no_ci		0.0		rho_fallback_no_desc		
M7c1a4	89	17.4436	14.679	20.2458	high	17.4436	14.679	20.2458	rho_direct	0.0	0.0
M7c1a4a	72	8.3793	5.8044	10.9937	high	8.3793	5.8044	10.9937	rho_direct	0.0	0.0
M7c1a4b	7	7.5068	3.832	11.2643	low	7.5068	3.832	11.2643	rho_fallback_no_desc	0.0	0.0
M7c1a5	31	8.8514	6.5344	11.2	medium	13.874	12.3598	15.4014	single_child_interpolation	5.022600000000001	56.743565989560985
M7c1a5a	3	6.1033	4.3696	7.8557	low	6.1033	4.3696	7.8557	rho_fallback_no_desc	0.0	0.0
M7c1a6	11	21.8918	14.984	29.019	low	21.8918	14.984	29.019	rho_direct	0.0	0.0
M7c1a7	11	20.0551	4.8183	36.4511	low	20.0551	4.8183	36.4511	rho_direct	0.0	0.0
M7c1a8	6	10.1541	9.2637	11.049	low	10.1541	9.2637	11.049	rho_fallback_no_desc	0.0	0.0
M7c1a9	3	1.7185	0.0342	3.4224	low	1.7185	0.0342	3.4224	rho_fallback_no_desc	0.0	0.0
M7c1b	284	24.8086	22.9869	26.6443	low	24.8086	22.9869	26.6443	rho_direct	0.0	0.0
M7c1b1	17	13.207	3.6899	23.2304	low	13.207	3.6899	23.2304	rho_direct	0.0	0.0
M7c1b2	210	21.5195	19.8638	23.1877	low	21.5195	19.8638	23.1877	rho_direct	0.0	0.0
M7c1b2a	25	11.8196	8.8655	14.822	medium	11.8196	8.8655	14.822	rho_direct	0.0	0.0
M7c1b2b	176	16.7496	14.9413	18.5741	high	13.368	12.5401	14.202	single_child_interpolation	-3.3816000000000006	20.18913884510675
M7c1b2b1	3	5.2164	5.2164	5.2164	low	5.2164	5.2164	5.2164	rho_fallback_no_desc	0.0	0.0
M7c1b3	13	13.1567	8.7038	17.7172	medium	13.1567	8.7038	17.7172	rho_direct	0.0	0.0
M7c1b4	3	7.8917	2.6898	13.2593	low	7.8917	2.6898	13.2593	rho_fallback_no_desc	0.0	0.0
M7c1c	736	11.5356	10.7945	12.2797	high	11.5356	10.7945	12.2797	rho_direct	0.0	0.0
M7c1c1	16	8.5673	6.6107	10.5465	medium	9.9387	8.5111	11.3811	single_child_interpolation	1.3714000000000013	16.0073768865337
M7c1c1a	6	8.3418	6.2277	10.4824	low	7.9099	5.5702	10.2904	single_child_interpolation	-0.43189999999999884	5.177539619746324
M7c1c1a1	4	5.8811	2.6294	9.1997	low	5.8811	2.6294	9.1997	rho_fallback_no_desc	0.0	0.0
M7c1c2	242	11.1316	9.5883	12.6881	low	11.1316	9.5883	12.6881	rho_direct	0.0	0.0
M7c1c2a	9	13.6797	9.7101	17.7338	low	6.8585	6.0868	7.6368	single_child_interpolation	-6.8212	49.86366660087575
M7c1c2a1	3	2.5854	2.5854	2.5854	low	2.5854	2.5854	2.5854	rho_fallback_no_desc	0.0	0.0
M7c1c2b	4	5.8811	4.5809	7.1919	low	5.8811	4.5809	7.1919	rho_fallback_no_desc	0.0	0.0
M7c1c3	417	4.2712	3.8042	4.7395	high	4.2712	3.8042	4.7395	rho_direct	0.0	0.0
M7c1c3a	7	12.9736	8.8364	17.204	low	6.3065	3.8936	8.7773	single_child_interpolation	-6.6671	51.38974532897576
M7c1c3a1	6	8.3418	3.983	12.8151	low	3.1532	1.9468	4.3886	single_child_interpolation	-5.188599999999999	62.20000479512815
M7c1c3a1a	3	0.0	0.0	0.0	low	0.0	0.0	0.0	rho_fallback_no_desc	0.0	
M7c1c3b	5	7.3531	4.7919	9.9543	low	7.3531	4.7919	9.9543	rho_fallback_no_desc	0.0	0.0
M7c1c3c	2	3.8953	1.3387	6.4951	very_low	3.8953	1.3387	6.4951	rho_fallback_no_desc	0.0	0.0
M7c1c3d	3	0.8567	-0.8175	2.5507	low	0.8567	0.0	2.5507	rho_fallback_no_desc	0.0	0.0
M7c1c3e	3	2.5854	-0.3368	5.566	low	2.5854	0.0	5.566	rho_fallback_no_desc	0.0	0.0
M7c1c3f	2	3.8953	1.3387	6.4951	very_low	3.8953	1.3387	6.4951	rho_fallback_no_desc	0.0	0.0
M7c1c3g	2	2.5854	2.5854	2.5854	very_low	2.5854	2.5854	2.5854	rho_fallback_no_desc	0.0	0.0
M7c1c3h	2	2.5854	2.5854	2.5854	very_low	2.5854	2.5854	2.5854	rho_fallback_no_desc	0.0	0.0
M7c1c3i	0				no_ci		0.0		rho_fallback_no_desc		
M7c1c4	15	16.7367	10.1729	23.52	low	16.7367	10.1729	23.52	rho_direct	0.0	0.0
M7c1d	11	8.137	5.9564	10.346	medium	8.137	5.9564	10.346	rho_direct	0.0	0.0
M7c1e	10	17.3033	11.1853	23.6093	low	17.3033	11.1853	23.6093	rho_direct	0.0	0.0
M7c1f	5	17.8715	15.6532	20.1137	low	17.8715	15.6532	20.1137	rho_fallback_no_desc	0.0	0.0
M7c2	101	15.8646	12.9517	18.8208	high	15.8646	12.9517	18.8208	rho_direct	0.0	0.0
M7c2a	50	13.2593	9.2129	17.3942	high	13.2593	9.2129	17.3942	rho_direct	0.0	0.0
M7c2b	16	15.1165	7.0753	23.5014	low	15.1165	7.0753	23.5014	rho_direct	0.0	0.0
M7c3	12	25.7889	10.1594	42.5046	low	25.7889	10.1594	42.5046	rho_direct	0.0	0.0
M8	5566	42.9239	42.442	43.4065	high	42.9239	42.442	43.4065	rho_direct	0.0	0.0
M80	1	0.0			no_ci	0.0	0.0		rho_fallback_no_desc	0.0	
M80'D	11283	45.9004	45.5474	46.2538	high	45.9004	45.5474	46.2538	rho_direct	0.0	0.0
M81	3	21.8918	15.4305	28.5447	low	21.8918	15.4305	28.5447	rho_fallback_no_desc	0.0	0.0
M82	1	43.0325			no_ci	43.0325	0.0		rho_fallback_no_desc	0.0	0.0
M83	3	27.7615	24.4226	31.1455	low	27.7615	24.4226	31.1455	rho_fallback_no_desc	0.0	0.0
M84	17	23.9469	21.6137	26.3035	medium	23.9469	21.6137	26.3035	rho_direct	0.0	0.0
M85	6	35.8051	10.5945	63.4547	low	35.8051	10.5945	63.4547	rho_fallback_no_desc	0.0	0.0
M86	5	17.3033	15.9458	18.6698	low	17.3033	15.9458	18.6698	rho_fallback_no_desc	0.0	0.0
M87	3	23.8322	21.9305	25.7496	low	23.8322	21.9305	25.7496	rho_fallback_no_desc	0.0	0.0
M88	4	5.2164	3.1076	7.3536	low	5.2164	3.1076	7.3536	rho_fallback_no_desc	0.0	0.0
M8a	1265	23.2522	22.3417	24.1663	high	23.2522	22.3417	24.1663	rho_direct	0.0	0.0
M8a1	70	15.0063	11.3559	18.726	high	14.5667	12.5099	16.6577	single_child_interpolation	-0.43959999999999866	2.9294363034192217
M8a1a	8	5.8811	2.6782	9.149	low	5.8811	2.6782	9.149	rho_fallback_no_desc	0.0	0.0
M8a2	731	21.0845	19.8551	22.3208	high	21.0845	19.8551	22.3208	rho_direct	0.0	0.0
M8a2'3	1171	21.4394	20.4811	22.4017	high	21.4394	20.4811	22.4017	rho_direct	0.0	0.0
M8a2_T152C	516	25.6405	24.1022	27.1886	low	25.6405	24.1022	27.1886	rho_direct	0.0	0.0
M8a2a	335	26.4878	24.7983	28.189	low	23.705	22.1047	25.3163	single_child_interpolation	-2.7828000000000017	10.505968785629618
M8a2a1	284	21.7694	20.1072	23.4441	low	21.7694	20.1072	23.4441	rho_direct	0.0	0.0
M8a2b	113	12.6091	9.37	15.9054	high	12.6091	9.37	15.9054	rho_direct	0.0	0.0
M8a2c	30	8.0716	5.7495	10.4259	medium	8.0716	5.7495	10.4259	rho_direct	0.0	0.0
M8a2d	6	5.2164	3.3289	7.1266	low	5.2164	3.3289	7.1266	rho_fallback_no_desc	0.0	0.0
M8a2e	16	1.2869	0.2562	2.325	medium	1.2869	0.2562	2.325	rho_direct	0.0	0.0
M8a2f	4	14.067	7.0111	21.392	low	14.067	7.0111	21.392	rho_fallback_no_desc	0.0	0.0
M8a3	440	14.4607	13.0701	15.8614	high	16.3578	14.9038	17.8245	single_child_interpolation	1.8971000000000018	13.119005304030939
M8a3a	206	11.2763	9.3265	13.2473	high	11.4301	9.8936	12.981	single_child_interpolation	0.1537999999999986	1.3639225632521181
M8a3a1	58	6.5024	4.8835	8.1375	high	6.5024	4.8835	8.1375	rho_direct	0.0	0.0
M8a4	13	19.453	14.6707	24.3445	low	19.453	14.6707	24.3445	rho_direct	0.0	0.0
M8b	12	31.7533	28.8282	34.7106	medium	31.7533	28.8282	34.7106	rho_direct	0.0	0.0
M8c	7	39.0291	25.618	53.0563	low	39.0291	25.618	53.0563	rho_fallback_no_desc	0.0	0.0
M8d	0				no_ci		0.0		rho_fallback_no_desc		
M9	1815	37.722	37.1753	38.2697	high	37.722	37.1753	38.2697	rho_direct	0.0	0.0
M91	21	43.0325	38.7192	47.4034	medium	43.0325	38.7192	47.4034	rho_direct	0.0	0.0
M91a	17	24.636	20.5636	28.7796	medium	24.636	20.5636	28.7796	rho_direct	0.0	0.0
M91a1	7	19.0125	15.1796	22.9159	low	19.0125	15.1796	22.9159	rho_fallback_no_desc	0.0	0.0
M91a2	5	11.7093	10.3908	13.0373	low	11.7093	10.3908	13.0373	rho_fallback_no_desc	0.0	0.0
M91b	4	6.5486	1.6065	11.6447	low	6.5486	1.6065	11.6447	rho_fallback_no_desc	0.0	0.0
M9a	1402	26.8732	26.2324	27.5156	high	26.8732	26.2324	27.5156	rho_direct	0.0	0.0
M9a'b'c	1449	32.6709	32.0178	33.3257	high	32.6709	32.0178	33.3257	rho_direct	0.0	0.0
M9a1	1267	24.3781	23.7308	25.0271	high	24.3781	23.7308	25.0271	rho_direct	0.0	0.0
M9a1a	949	21.8827	21.0992	22.6689	high	21.8827	21.0992	22.6689	rho_direct	0.0	0.0
M9a1a1	730	20.783	19.9525	21.6165	high	20.783	19.9525	21.6165	rho_direct	0.0	0.0
M9a1a1a	30	11.1588	3.7974	18.833	medium	11.1588	3.7974	18.833	rho_direct	0.0	0.0
M9a1a1b	16	10.6101	7.8589	13.4042	medium	10.6101	7.8589	13.4042	rho_direct	0.0	0.0
M9a1a1c	584	18.8852	18.0983	19.675	high	18.4919	17.6848	19.302	single_child_interpolation	-0.3933	2.0825831868341345
M9a1a1c1	582	16.2008	15.4171	16.9875	high	16.2008	15.4171	16.9875	rho_direct	0.0	0.0
M9a1a1c1a	224	9.0272	7.5699	10.497	high	10.2676	9.0186	11.5276	single_child_interpolation	1.2403999999999993	13.740694789081878
M9a1a1c1a1	3	4.3344	2.6202	6.0677	low	4.3344	2.6202	6.0677	rho_fallback_no_desc	0.0	0.0
M9a1a1c1b	340	13.8373	13.1323	14.5448	high	13.8373	13.1323	14.5448	rho_direct	0.0	0.0
M9a1a1c1b1	329	11.1104	10.4024	11.8212	high	11.1107	10.4098	11.8145	single_child_interpolation	0.0002999999999993008	0.0027001728110536147
M9a1a1c1b1a	329	8.3842	7.6872	9.0841	high	8.3842	7.6872	9.0841	rho_direct	0.0	0.0
M9a1a1c1b1a1	15	12.4458	9.1012	15.8516	low	12.4458	9.1012	15.8516	rho_direct	0.0	0.0
M9a1a1c1b1a2	18	4.1879	2.8002	5.5882	medium	4.1879	2.8002	5.5882	rho_direct	0.0	0.0
M9a1a1c1b1a3	3	10.6101	2.6012	18.9952	low	10.6101	2.6012	18.9952	rho_fallback_no_desc	0.0	0.0
M9a1a1c1b2	2	5.2164	0.1025	10.5005	very_low	5.2164	0.1025	10.5005	rho_fallback_no_desc	0.0	0.0
M9a1a1c1c	5	5.7479	3.2122	8.3243	low	5.7479	3.2122	8.3243	rho_fallback_no_desc	0.0	0.0
M9a1a1c1d	3	6.1033	4.3696	7.8557	low	6.1033	4.3696	7.8557	rho_fallback_no_desc	0.0	0.0
M9a1a1d	31	22.5472	14.9494	30.4079	low	22.5472	14.9494	30.4079	rho_direct	0.0	0.0
M9a1a1e	11	16.4283	13.0804	19.8327	medium	16.4283	13.0804	19.8327	rho_direct	0.0	0.0
M9a1a2	73	13.104	10.1713	16.0831	high	13.9295	13.112	14.7505	single_child_interpolation	0.8255000000000017	6.299603174603188
M9a1a2a	14	5.9763	5.1249	6.8321	medium	5.9763	5.1249	6.8321	rho_direct	0.0	0.0
M9a1a3	33	7.81	6.0907	9.5469	medium	7.81	6.0907	9.5469	rho_direct	0.0	0.0
M9a1a4	9	16.4854	15.3791	17.5978	low	16.4854	15.3791	17.5978	rho_fallback_no_desc	0.0	0.0
M9a1a5	0				no_ci		0.0		rho_fallback_no_desc		
M9a1b	316	15.5299	14.5405	16.5243	high	15.5299	14.5405	16.5243	rho_direct	0.0	0.0
M9a1b1	226	10.9255	9.9353	11.9213	high	10.9255	9.9353	11.9213	rho_direct	0.0	0.0
M9a1b1a	8	7.2188	5.577	8.8769	low	6.3838	4.98	7.8018	single_child_interpolation	-0.835	11.567019449215936
M9a1b1a1	7	1.842	0.0247	3.6822	low	1.842	0.0247	3.6822	rho_fallback_no_desc	0.0	0.0
M9a1b1b	5	1.0286	-0.9805	3.0661	low	1.0286	0.0	3.0661	rho_fallback_no_desc	0.0	0.0
M9a1b1c	40	12.2614	8.4806	16.1209	low	12.2614	8.4806	16.1209	rho_direct	0.0	0.0
M9a1b1c1	7	2.2133	-0.5812	5.0614	low	2.2133	0.0	5.0614	rho_fallback_no_desc	0.0	0.0
M9a1b1c2	3	6.995	3.5274	10.537	low	6.995	3.5274	10.537	rho_fallback_no_desc	0.0	0.0
M9a1b1d	5	3.6324	1.5872	5.7053	low	3.6324	1.5872	5.7053	rho_fallback_no_desc	0.0	0.0
M9a1b1e	3	7.8917	1.9004	14.1039	low	7.8917	1.9004	14.1039	rho_fallback_no_desc	0.0	0.0
M9a1b2	17	5.8419	3.1957	8.5323	medium	5.8419	3.1957	8.5323	rho_direct	0.0	0.0
M9a1b3	3	6.995	5.2518	8.7569	low	6.995	5.2518	8.7569	rho_fallback_no_desc	0.0	0.0
M9a1b_C150T	291	13.2272	12.1685	14.2918	high	13.2272	12.1685	14.2918	rho_direct	0.0	0.0
M9a2	14	13.3705	11.8648	14.8882	medium	13.3705	11.8648	14.8882	rho_direct	0.0	0.0
M9a3	4	3.2389	-0.5626	7.1382	low	3.2389	0.0	7.1382	rho_fallback_no_desc	0.0	0.0
M9a4	68	17.4619	15.0796	19.8721	high	17.4619	15.0796	19.8721	rho_direct	0.0	0.0
M9a4a	54	15.0775	12.8739	17.3062	high	15.0775	12.8739	17.3062	rho_direct	0.0	0.0
M9a4a1	24	10.0402	5.7251	14.4635	medium	13.9463	6.4369	25.0191	single_child_interpolation	3.9061000000000003	38.904603493954305
M9a4a1a	5	12.8151	-5.1705	32.7321	low	12.8151	0.0	32.7321	rho_fallback_no_desc	0.0	0.0
M9a4a2	24	11.4109	9.6275	13.212	medium	11.4109	9.6275	13.212	rho_direct	0.0	0.0
M9a4b	14	12.9736	5.3452	20.9252	low	12.9736	5.3452	20.9252	rho_direct	0.0	0.0
M9a5	16	19.1913	9.7734	29.0456	low	19.1913	9.7734	29.0456	rho_direct	0.0	0.0
M9b	41	13.0316	8.3454	17.8376	medium	13.0316	8.3454	17.8376	rho_direct	0.0	0.0
M9c	6	19.4897	14.8594	24.2223	low	19.4897	14.8594	24.2223	rho_fallback_no_desc	0.0	0.0
N	36323	56.2466	56.0283	56.4651	high	56.2466	56.0283	56.4651	rho_direct	0.0	0.0
N1	407	57.1524	56.1977	58.1094	low	57.1524	56.1977	58.1094	rho_direct	0.0	0.0
N1'5	410	63.5998	62.6326	64.569	low	63.5998	62.6326	64.569	rho_direct	0.0	0.0
N10	110	71.4723	66.5017	76.4914	low	71.4723	66.5017	76.4914	rho_direct	0.0	0.0
N10a	74	36.9102	30.738	43.2141	high	36.9102	30.738	43.2141	rho_direct	0.0	0.0
N10a1	48	24.9309	17.8965	32.1797	medium	24.9309	17.8965	32.1797	rho_direct	0.0	0.0
N10a2	0				no_ci		0.0		rho_fallback_no_desc		
N10a3	3	13.3705	13.3705	13.3705	low	13.3705	13.3705	13.3705	rho_fallback_no_desc	0.0	0.0
N10b	36	22.86	15.6745	30.2786	medium	51.2266	46.2573	56.2674	single_child_interpolation	28.3666	124.08836395450568
N10b1	13	30.981	26.013	36.0434	low	30.981	26.013	36.0434	rho_direct	0.0	0.0
N11	62	60.0034	55.0174	65.0478	low	60.0034	55.0174	65.0478	rho_direct	0.0	0.0
N11a	47	17.7384	13.0105	22.5767	medium	17.7384	13.0105	22.5767	rho_direct	0.0	0.0
N11a1	37	14.8039	9.0402	20.7431	medium	14.8039	9.0402	20.7431	rho_direct	0.0	0.0
N11a2	7	9.4398	6.4187	12.5143	low	9.4398	6.4187	12.5143	rho_fallback_no_desc	0.0	0.0
N11b	15	11.1588	9.9642	12.3614	medium	11.1588	9.9642	12.3614	rho_direct	0.0	0.0
N13	9	36.8271	30.9524	42.8214	low	36.8271	30.9524	42.8214	rho_fallback_no_desc	0.0	0.0
N13a	4	22.6176	21.1973	24.0467	low	22.6176	21.1973	24.0467	rho_fallback_no_desc	0.0	0.0
N13b	2	23.3456	4.2641	44.1624	very_low	23.3456	4.2641	44.1624	rho_fallback_no_desc	0.0	0.0
N14	1	0.0			no_ci	0.0	0.0		rho_fallback_no_desc	0.0	
N1a	330	50.5393	49.4585	51.6234	high	50.5393	49.4585	51.6234	rho_direct	0.0	0.0
N1a1	290	42.2879	41.1988	43.3806	high	42.2879	41.1988	43.3806	rho_direct	0.0	0.0
N1a1'2	294	48.2738	47.1501	49.4011	high	48.2738	47.1501	49.4011	rho_direct	0.0	0.0
N1a1a	38	20.9025	18.2609	23.5763	medium	20.9025	18.2609	23.5763	rho_direct	0.0	0.0
N1a1a1	27	19.5428	17.065	22.0497	medium	19.5428	17.065	22.0497	rho_direct	0.0	0.0
N1a1a1a	24	16.1717	13.5268	18.8519	medium	16.1717	13.5268	18.8519	rho_direct	0.0	0.0
N1a1a1a1	18	7.1441	3.8335	10.5223	medium	12.7087	8.6584	16.8651	single_child_interpolation	5.5646	77.89084699262328
N1a1a1a1a	4	9.2456	3.79	14.8782	low	9.2456	3.79	14.8782	rho_fallback_no_desc	0.0	0.0
N1a1a1a2	3	3.4574	-1.009	8.0587	low	3.4574	0.0	8.0587	rho_fallback_no_desc	0.0	0.0
N1a1a1a3	3	19.0125	13.4817	24.6912	low	19.0125	13.4817	24.6912	rho_fallback_no_desc	0.0	0.0
N1a1a1b	1	0.0			no_ci	0.0	0.0		rho_fallback_no_desc	0.0	
N1a1a2	2	2.5854	2.5854	2.5854	very_low	2.5854	2.5854	2.5854	rho_fallback_no_desc	0.0	0.0
N1a1a3	7	13.7682	9.2951	18.3485	low	13.7682	9.2951	18.3485	rho_fallback_no_desc	0.0	0.0
N1a1a_T152C!	30	20.5434	17.6882	23.4364	medium	20.5434	17.6882	23.4364	rho_direct	0.0	0.0
N1a1b	252	28.0446	26.8903	29.2042	high	28.0446	26.8903	29.2042	rho_direct	0.0	0.0
N1a1b1	8	22.6176	18.5195	26.7907	low	20.153	17.9647	22.3725	single_child_interpolation	-2.464600000000001	10.896823712507079
N1a1b1a	5	12.2614	9.0391	15.5407	low	12.2614	9.0391	15.5407	rho_fallback_no_desc	0.0	0.0
N1a2	4	8.5673	1.1194	16.3547	low	8.5673	1.1194	16.3547	rho_fallback_no_desc	0.0	0.0
N1a3	36	16.25	13.6185	18.9165	medium	32.3349	30.4348	34.2561	single_child_interpolation	16.084899999999998	98.98399999999998
N1a3a	33	14.1304	11.4111	16.8888	medium	14.1304	11.4111	16.8888	rho_direct	0.0	0.0
N1a3a1	3	15.2335	11.5991	18.9362	low	9.6734	5.7568	13.6946	single_child_interpolation	-5.5600999999999985	36.49916302885088
N1a3a1a	2	5.2164	0.1025	10.5005	very_low	5.2164	0.1025	10.5005	rho_fallback_no_desc	0.0	0.0
N1a3a2	3	3.4574	1.7531	5.181	low	3.4574	1.7531	5.181	rho_fallback_no_desc	0.0	0.0
N1a3a3	2	6.5486	-1.1229	14.598	very_low	6.5486	0.0	14.598	rho_fallback_no_desc	0.0	0.0
N1a3a4	4	10.6101	10.6101	10.6101	low	10.6101	10.6101	10.6101	rho_fallback_no_desc	0.0	0.0
N1b	77	35.8316	34.1028	37.5708	high	35.8316	34.1028	37.5708	rho_direct	0.0	0.0
N1b1	74	18.8193	17.2511	20.3993	high	18.8193	17.2511	20.3993	rho_direct	0.0	0.0
N1b1a	68	13.207	11.5769	14.8513	high	13.207	11.5769	14.8513	rho_direct	0.0	0.0
N1b1a1	2	7.8917	7.8917	7.8917	very_low	7.8917	7.8917	7.8917	rho_fallback_no_desc	0.0	0.0
N1b1a2	16	11.4683	9.2944	13.6683	medium	11.4683	9.2944	13.6683	rho_direct	0.0	0.0
N1b1a2a	3	11.5256	6.8291	16.3463	low	11.5256	6.8291	16.3463	rho_fallback_no_desc	0.0	0.0
N1b1a2b	2	5.2164	0.1025	10.5005	very_low	5.2164	0.1025	10.5005	rho_fallback_no_desc	0.0	0.0
N1b1a3	5	5.7479	2.7345	8.8189	low	5.7479	2.7345	8.8189	rho_fallback_no_desc	0.0	0.0
N1b1a4	5	14.4861	9.7664	19.3236	low	13.7959	9.1272	18.5898	single_child_interpolation	-0.6902000000000008	4.764567412899268
N1b1a4a	2	5.2164	0.1025	10.5005	very_low	5.2164	0.1025	10.5005	rho_fallback_no_desc	0.0	0.0
N1b1a5	7	12.5776	6.4487	18.9151	low	12.5776	6.4487	18.9151	rho_fallback_no_desc	0.0	0.0
N1b1a6	4	7.8917	4.1957	11.6705	low	7.8917	4.1957	11.6705	rho_fallback_no_desc	0.0	0.0
N1b1a7	4	11.9851	3.2382	21.1693	low	11.9851	3.2382	21.1693	rho_fallback_no_desc	0.0	0.0
N1b1a8	6	8.7931	5.5581	12.0901	low	8.7931	5.5581	12.0901	rho_fallback_no_desc	0.0	0.0
N1b1a8a	2	2.5854	-2.4381	7.7838	very_low	2.5854	0.0	7.7838	rho_fallback_no_desc	0.0	0.0
N1b1a8b	2	5.2164	-4.832	15.9461	very_low	5.2164	0.0	15.9461	rho_fallback_no_desc	0.0	0.0
N1b1a_G16129A!	6	22.3754	18.1518	26.6791	low	13.5015	10.352	16.7205	single_child_interpolation	-8.873899999999999	39.65917927724197
N1b1a_T195C!	10	12.8151	8.905	16.8086	low	12.8151	8.905	16.8086	rho_direct	0.0	0.0
N1b1b	6	4.7748	2.3194	7.2692	low	11.1384	8.6255	14.229	single_child_interpolation	6.363600000000001	133.27469213370196
N1b1b1	3	3.4574	-1.009	8.0587	low	3.4574	0.0	8.0587	rho_fallback_no_desc	0.0	0.0
N1b2	3	8.7931	1.2495	16.6834	low	8.7931	1.2495	16.6834	rho_fallback_no_desc	0.0	0.0
N2	334	47.6229	46.7047	48.5436	high	47.6229	46.7047	48.5436	rho_direct	0.0	0.0
N21	47	15.2733	13.3584	17.207	medium	34.5309	33.4033	35.6697	single_child_interpolation	19.257600000000004	126.08670032016659
N21_T195C!	45	12.8151	10.7783	14.8743	medium	12.8151	10.7783	14.8743	rho_direct	0.0	0.0
N21a	9	9.3966	6.5936	12.2456	low	9.3966	6.5936	12.2456	rho_fallback_no_desc	0.0	0.0
N21b	3	6.995	5.2518	8.7569	low	6.995	5.2518	8.7569	rho_fallback_no_desc	0.0	0.0
N22	19	22.9621	19.9519	26.0124	medium	22.9621	19.9519	26.0124	rho_direct	0.0	0.0
N22a	2	1.2869	-1.2245	3.8427	very_low	1.2869	0.0	3.8427	rho_fallback_no_desc	0.0	0.0
N22b	11	12.8655	11.1058	14.6419	medium	12.8655	11.1058	14.6419	rho_direct	0.0	0.0
N22c	5	8.9739	4.3995	13.673	low	8.9739	4.3995	13.673	rho_fallback_no_desc	0.0	0.0
N2a	8	12.3305	7.8137	16.9601	low	12.3305	7.8137	16.9601	rho_fallback_no_desc	0.0	0.0
N2a1	3	8.7931	-3.4857	22.0211	low	8.7931	0.0	22.0211	rho_fallback_no_desc	0.0	0.0
N2a2	2	7.8917	2.6898	13.2593	very_low	7.8917	2.6898	13.2593	rho_fallback_no_desc	0.0	0.0
N3	13	12.7298	10.7802	14.6999	medium	12.7298	10.7802	14.6999	rho_direct	0.0	0.0
N3a	9	4.6279	2.0905	7.2069	low	8.3125	6.0595	10.5975	single_child_interpolation	3.6845999999999997	79.61710495040946
N3a1	2	3.8953	1.3387	6.4951	very_low	3.8953	1.3387	6.4951	rho_fallback_no_desc	0.0	0.0
N3b	3	5.2164	2.2425	8.247	low	5.2164	2.2425	8.247	rho_fallback_no_desc	0.0	0.0
N5	3	34.7867	22.0343	48.1392	low	35.0742	33.2903	36.8801	single_child_interpolation	0.2874999999999943	0.8264652870205977
N5a	2	6.5486	3.9479	9.1912	very_low	6.5486	3.9479	9.1912	rho_fallback_no_desc	0.0	0.0
N7	14	33.3381	26.3807	40.4746	medium	33.3381	26.3807	40.4746	rho_direct	0.0	0.0
N7a	6	13.3705	11.3907	15.3712	low	13.3705	11.3907	15.3712	rho_fallback_no_desc	0.0	0.0
N7a1	3	5.2164	2.2425	8.247	low	5.2164	2.2425	8.247	rho_fallback_no_desc	0.0	0.0
N7a2	3	5.2164	2.2425	8.247	low	5.2164	2.2425	8.247	rho_fallback_no_desc	0.0	0.0
N7b	8	6.5486	1.7671	11.4741	low	6.5486	1.7671	11.4741	rho_fallback_no_desc	0.0	0.0
N8	22	22.8159	19.4969	26.1837	medium	22.8159	19.4969	26.1837	rho_direct	0.0	0.0
N8a	8	10.6101	8.5922	12.651	low	10.6101	8.5922	12.651	rho_fallback_no_desc	0.0	0.0
N8b	3	15.2335	11.5991	18.9362	low	15.2335	11.5991	18.9362	rho_fallback_no_desc	0.0	0.0
N8c	4	15.4676	11.3788	19.6427	low	15.4676	11.3788	19.6427	rho_fallback_no_desc	0.0	0.0
N9	2319	37.9604	37.3335	38.5886	high	37.9604	37.3335	38.5886	rho_direct	0.0	0.0
N9a	1760	19.5853	18.9525	20.2201	high	19.5853	18.9525	20.2201	rho_direct	0.0	0.0
N9a1	515	10.2381	8.9204	11.5657	high	10.2381	8.9204	11.5657	rho_direct	0.0	0.0
N9a1'3	765	17.7934	16.8289	18.7625	high	17.7934	16.8289	18.7625	rho_direct	0.0	0.0
N9a10	328	18.2465	16.7569	19.7468	high	18.2465	16.7569	19.7468	rho_direct	0.0	0.0
N9a10_T16311C	171	16.8327	14.6283	19.0612	high	16.8327	14.6283	19.0612	rho_direct	0.0	0.0
N9a10a	26	13.5845	8.0712	19.2624	medium	13.5845	8.0712	19.2624	rho_direct	0.0	0.0
N9a10a1	4	14.766	7.0066	22.8474	low	14.766	7.0066	22.8474	rho_fallback_no_desc	0.0	0.0
N9a10a2	6	5.2164	2.5538	7.9244	low	8.7399	4.3371	13.261	single_child_interpolation	3.5235000000000003	67.54658385093168
N9a10a2a	4	3.8953	0.603	7.2595	low	3.8953	0.603	7.2595	rho_fallback_no_desc	0.0	0.0
N9a10b	5	3.6324	2.3766	4.8986	low	3.6324	2.3766	4.8986	rho_fallback_no_desc	0.0	0.0
N9a10c	8	16.1717	14.3699	17.9897	low	16.1717	14.3699	17.9897	rho_fallback_no_desc	0.0	0.0
N9a10d	3	12.4458	10.6466	14.2625	low	12.4458	10.6466	14.2625	rho_fallback_no_desc	0.0	0.0
N9a10e	56	13.6189	9.3085	18.0292	high	13.6189	9.3085	18.0292	rho_direct	0.0	0.0
N9a10f	4	7.8917	7.8917	7.8917	low	7.8917	7.8917	7.8917	rho_fallback_no_desc	0.0	0.0
N9a11	22	6.1841	4.0887	8.307	medium	6.1841	4.0887	8.307	rho_direct	0.0	0.0
N9a12	17	18.6763	15.821	21.5707	low	18.6763	15.821	21.5707	rho_direct	0.0	0.0
N9a1a	37	9.5765	4.5298	14.7732	low	9.5765	4.5298	14.7732	rho_direct	0.0	0.0
N9a1b	5	3.6324	0.1812	7.1633	low	3.6324	0.1812	7.1633	rho_fallback_no_desc	0.0	0.0
N9a2	134	12.0263	9.827	14.2522	high	12.0263	9.827	14.2522	rho_direct	0.0	0.0
N9a2'4'5'11	305	18.1328	16.7061	19.5693	high	18.1328	16.7061	19.5693	rho_direct	0.0	0.0
N9a2a	53	9.0661	7.3276	10.8223	high	9.0661	7.3276	10.8223	rho_direct	0.0	0.0
N9a2a1	5	3.6324	1.0302	6.2797	low	3.6324	1.0302	6.2797	rho_fallback_no_desc	0.0	0.0
N9a2a2	6	2.5854	0.3167	4.8891	low	2.5854	0.3167	4.8891	rho_fallback_no_desc	0.0	0.0
N9a2a3	6	3.4574	0.33	6.6503	low	3.4574	0.33	6.6503	rho_fallback_no_desc	0.0	0.0
N9a2b	4	8.5673	0.2885	17.2679	low	8.5673	0.2885	17.2679	rho_fallback_no_desc	0.0	0.0
N9a2c	7	2.2133	0.1671	4.2881	low	2.2133	0.1671	4.2881	rho_fallback_no_desc	0.0	0.0
N9a2d	4	4.5544	2.0951	7.053	low	4.5544	2.0951	7.053	rho_fallback_no_desc	0.0	0.0
N9a3	249	9.6554	8.7892	10.526	high	11.9483	10.5992	13.3091	single_child_interpolation	2.2928999999999995	23.747333098576956
N9a3a	3	6.1033	4.3696	7.8557	low	6.1033	4.3696	7.8557	rho_fallback_no_desc	0.0	0.0
N9a4	107	11.5599	9.0086	14.1475	high	11.5599	9.0086	14.1475	rho_direct	0.0	0.0
N9a4a	11	11.8597	-2.3506	27.2699	low	11.8597	0.0	27.2699	rho_direct	0.0	0.0
N9a4b	74	9.1354	6.2052	12.116	high	9.4778	5.6981	13.3531	single_child_interpolation	0.3423999999999996	3.748057008997959
N9a4b1	38	7.3956	2.3876	12.5587	low	7.3956	2.3876	12.5587	rho_direct	0.0	0.0
N9a5	22	9.7405	7.576	11.9321	medium	13.0122	8.3608	17.862	single_child_interpolation	3.271699999999999	33.58862481392125
N9a5a	3	7.8917	0.0155	16.1546	low	7.8917	0.0155	16.1546	rho_fallback_no_desc	0.0	0.0
N9a6	62	12.6542	10.0215	15.3244	high	12.6542	10.0215	15.3244	rho_direct	0.0	0.0
N9a6a	9	11.2199	7.371	15.1524	low	11.2199	7.371	15.1524	rho_fallback_no_desc	0.0	0.0
N9a6b	2	1.2869	-1.2245	3.8427	very_low	1.2869	0.0	3.8427	rho_fallback_no_desc	0.0	0.0
N9a7	15	6.2812	4.2633	8.3246	medium	6.2812	4.2633	8.3246	rho_direct	0.0	0.0
N9a8	54	12.9075	10.7651	15.0747	high	12.9075	10.7651	15.0747	rho_direct	0.0	0.0
N9a8a	5	2.5854	0.9775	4.2108	low	2.5854	0.9775	4.2108	rho_fallback_no_desc	0.0	0.0
N9a8b	3	18.0612	16.2093	19.9298	low	18.0612	16.2093	19.9298	rho_fallback_no_desc	0.0	0.0
N9a9	127	11.7136	9.0258	14.4414	high	12.4008	12.0845	12.7182	single_child_interpolation	0.6872000000000007	5.866684879114882
N9a9a	3	5.2164	5.2164	5.2164	low	5.2164	5.2164	5.2164	rho_fallback_no_desc	0.0	0.0
N9b	38	12.3487	9.6989	15.0369	medium	12.3487	9.6989	15.0369	rho_direct	0.0	0.0
N9b1	16	14.067	9.5056	18.7393	low	14.067	9.5056	18.7393	rho_direct	0.0	0.0
N9b1a	5	17.3033	14.4878	20.158	low	17.3033	14.4878	20.158	rho_fallback_no_desc	0.0	0.0
N9b1b	2	2.5854	2.5854	2.5854	very_low	2.5854	2.5854	2.5854	rho_fallback_no_desc	0.0	0.0
N9b1c	5	11.7093	2.2236	21.7147	low	15.1194	8.7068	21.765	single_child_interpolation	3.4101	29.12300479106351
N9b1c1	3	16.1717	7.908	24.7908	low	16.1717	7.908	24.7908	rho_fallback_no_desc	0.0	0.0
N9b2	3	19.0125	15.8007	22.2736	low	14.968	12.2605	17.7133	single_child_interpolation	-4.044499999999999	21.272846811308348
N9b2a	2	17.5872	14.8221	20.3898	very_low	17.5872	14.8221	20.3898	rho_fallback_no_desc	0.0	0.0
N9b3	3	6.995	2.4241	11.6961	low	6.995	2.4241	11.6961	rho_fallback_no_desc	0.0	0.0
N9b4	12	12.2153	10.4032	14.0453	low	12.2153	10.4032	14.0453	rho_direct	0.0	0.0
O	3	40.9504	35.6158	46.3764	low	36.2092	33.374	39.1205	single_child_interpolation	-4.741199999999999	11.577908884894894
O1	3	16.1717	10.7197	21.7759	low	22.7274	17.4081	28.2687	single_child_interpolation	6.555699999999998	40.53810050891371
O1a	2	9.2456	1.4422	17.4168	very_low	9.2456	1.4422	17.4168	rho_fallback_no_desc	0.0	0.0
P	511	49.0206	47.4295	50.6187	high	49.0206	47.4295	50.6187	rho_direct	0.0	0.0
P1	316	25.2548	24.1056	26.4095	high	25.2548	24.1056	26.4095	rho_direct	0.0	0.0
P10	3	4.3344	2.6202	6.0677	low	4.3344	2.6202	6.0677	rho_fallback_no_desc	0.0	0.0
P11	13	15.9548	13.6734	18.2625	medium	15.9548	13.6734	18.2625	rho_direct	0.0	0.0
P12	0				no_ci		0.0		rho_fallback_no_desc		
P13	8	22.9813	18.459	27.5945	low	22.9813	18.459	27.5945	rho_fallback_no_desc	0.0	0.0
P1_T152C!	21	18.6043	16.4219	20.8095	medium	18.6043	16.4219	20.8095	rho_direct	0.0	0.0
P1a	39	21.5948	20.8221	22.3702	medium	21.5948	20.8221	22.3702	rho_direct	0.0	0.0
P1b	5	1.5457	0.3076	2.7945	low	1.5457	0.3076	2.7945	rho_fallback_no_desc	0.0	0.0
P1c	2	26.2806	23.4039	29.1915	very_low	26.2806	23.4039	29.1915	rho_fallback_no_desc	0.0	0.0
P1d	249	19.0699	18.3335	19.809	high	19.0699	18.3335	19.809	rho_direct	0.0	0.0
P1d1	111	13.822	12.7518	14.8982	high	13.822	12.7518	14.8982	rho_direct	0.0	0.0
P1d1a	8	15.1165	11.4138	18.8904	low	15.1165	11.4138	18.8904	rho_fallback_no_desc	0.0	0.0
P1d1b	5	12.2614	10.1067	14.4414	low	12.2614	10.1067	14.4414	rho_fallback_no_desc	0.0	0.0
P1d2	43	17.0264	15.4267	18.6387	medium	17.0264	15.4267	18.6387	rho_direct	0.0	0.0
P1d2a	26	8.4111	7.3532	9.4757	medium	8.4111	7.3532	9.4757	rho_direct	0.0	0.0
P1d2b	8	13.3705	10.8642	15.9103	low	13.3705	10.8642	15.9103	rho_fallback_no_desc	0.0	0.0
P1d2c	3	15.2335	6.2812	24.613	low	15.2335	6.2812	24.613	rho_fallback_no_desc	0.0	0.0
P1d3	62	10.0366	9.3622	10.7136	high	10.0366	9.3622	10.7136	rho_direct	0.0	0.0
P1d4	7	2.9585	2.2281	3.6925	low	2.9585	2.2281	3.6925	rho_fallback_no_desc	0.0	0.0
P1d5	3	14.2997	7.8315	20.9922	low	14.2997	7.8315	20.9922	rho_fallback_no_desc	0.0	0.0
P1e	0				no_ci		0.0		rho_fallback_no_desc		
P1f	17	5.6853	3.2053	8.2042	medium	5.6853	3.2053	8.2042	rho_direct	0.0	0.0
P2	61	22.7487	21.5351	23.9688	high	22.7487	21.5351	23.9688	rho_direct	0.0	0.0
P2'10	64	42.3967	40.2533	44.5543	low	42.3967	40.2533	44.5543	rho_direct	0.0	0.0
P2a	14	15.568	13.9223	17.2276	medium	15.568	13.9223	17.2276	rho_direct	0.0	0.0
P2b	8	13.3705	11.3216	15.4418	low	13.3705	11.3216	15.4418	rho_fallback_no_desc	0.0	0.0
P2c	5	12.8151	11.7313	13.9052	low	12.8151	11.7313	13.9052	rho_fallback_no_desc	0.0	0.0
P2d	3	7.8917	7.8917	7.8917	low	7.8917	7.8917	7.8917	rho_fallback_no_desc	0.0	0.0
P3	30	53.9599	51.4523	56.4837	low	53.9599	51.4523	56.4837	rho_direct	0.0	0.0
P3a	1	19.0125			no_ci	19.0125	0.0		rho_fallback_no_desc	0.0	0.0
P3b	29	45.0917	42.9897	47.2068	medium	45.0917	42.9897	47.2068	rho_direct	0.0	0.0
P3b1	1	21.8918			no_ci	21.8918	0.0		rho_fallback_no_desc	0.0	0.0
P3b2	21	9.959	9.3309	10.5893	medium	9.959	9.3309	10.5893	rho_direct	0.0	0.0
P3b3	7	32.4726	29.6365	35.3384	low	32.4726	29.6365	35.3384	rho_fallback_no_desc	0.0	0.0
P4	76	72.7709	71.0591	74.4882	low	72.7709	71.0591	74.4882	rho_direct	0.0	0.0
P4a	73	24.4068	23.0836	25.7376	high	24.4068	23.0836	25.7376	rho_direct	0.0	0.0
P4a1	46	19.5105	18.093	20.9375	medium	19.5105	18.093	20.9375	rho_direct	0.0	0.0
P4a1a	3	3.4574	1.7531	5.181	low	3.4574	1.7531	5.181	rho_fallback_no_desc	0.0	0.0
P4a1b	18	10.1541	9.3752	10.9364	medium	10.1541	9.3752	10.9364	rho_direct	0.0	0.0
P4a1c	13	7.6843	5.9544	9.4322	medium	7.6843	5.9544	9.4322	rho_direct	0.0	0.0
P4a1d	3	10.6101	10.6101	10.6101	low	10.6101	10.6101	10.6101	rho_fallback_no_desc	0.0	0.0
P4a2	3	15.2335	13.4076	17.0765	low	15.2335	13.4076	17.0765	rho_fallback_no_desc	0.0	0.0
P4a3	3	2.5854	2.5854	2.5854	low	2.5854	2.5854	2.5854	rho_fallback_no_desc	0.0	0.0
P4b	3	39.9144	39.9144	39.9144	low	45.416	42.7167	48.1514	single_child_interpolation	5.501599999999996	13.7834966829014
P4b1	3	18.0612	14.3743	21.8146	low	18.0612	14.3743	21.8146	rho_fallback_no_desc	0.0	0.0
P5	1	0.0			no_ci	0.0	0.0		rho_fallback_no_desc	0.0	
P6	0				no_ci		0.0		rho_fallback_no_desc		
P7	1	0.0			no_ci	0.0	0.0		rho_fallback_no_desc	0.0	
P8	1	0.0			no_ci	0.0	0.0		rho_fallback_no_desc	0.0	
P9	1	21.8918			no_ci	34.0166	23.7147		single_child_interpolation	12.124799999999997	55.38512136964524
P9a	1	19.0125			no_ci	19.0125	0.0		rho_fallback_no_desc	0.0	0.0
P_C16176T	381	39.166	38.1303	40.2052	high	39.166	38.1303	40.2052	rho_direct	0.0	0.0
Q	662	46.9507	46.1668	47.7363	high	46.9507	46.1668	47.7363	rho_direct	0.0	0.0
Q1	535	21.7889	21.1751	22.4045	high	21.7889	21.1751	22.4045	rho_direct	0.0	0.0
Q1'2	581	45.8813	45.2253	46.5386	high	45.8813	45.2253	46.5386	rho_direct	0.0	0.0
Q1_T16223C	272	21.2216	20.3656	22.0809	high	21.2216	20.3656	22.0809	rho_direct	0.0	0.0
Q1a	234	18.4754	17.5287	19.4263	high	19.5169	18.5784	20.4597	single_child_interpolation	1.0414999999999992	5.637225716357963
Q1a1	202	17.8123	16.7912	18.8385	high	17.8123	16.7912	18.8385	rho_direct	0.0	0.0
Q1a1a	119	12.7173	11.5799	13.8616	high	12.7173	11.5799	13.8616	rho_direct	0.0	0.0
Q1a1a1	12	6.5486	5.0419	8.0692	medium	6.5486	5.0419	8.0692	rho_direct	0.0	0.0
Q1a1a2	6	8.3418	6.2277	10.4824	low	8.3418	6.2277	10.4824	rho_fallback_no_desc	0.0	0.0
Q1a1b	4	7.8917	7.8917	7.8917	low	7.8917	7.8917	7.8917	rho_fallback_no_desc	0.0	0.0
Q1b	12	7.8917	6.0613	9.7421	medium	7.8917	6.0613	9.7421	rho_direct	0.0	0.0
Q1c	20	11.7093	10.2281	13.2025	medium	11.7093	10.2281	13.2025	rho_direct	0.0	0.0
Q1c1	11	8.8752	6.8256	10.9495	medium	8.0218	6.2329	9.8311	single_child_interpolation	-0.8533999999999988	9.615557959257243
Q1c1a	9	4.3344	2.2376	6.4598	low	4.3344	2.2376	6.4598	rho_fallback_no_desc	0.0	0.0
Q1c2	4	5.8811	2.6294	9.1997	low	7.1473	5.114	10.4931	single_child_interpolation	1.2662000000000004	21.529985886993938
Q1c2a	2	2.5854	-2.4381	7.7838	very_low	2.5854	0.0	7.7838	rho_fallback_no_desc	0.0	0.0
Q1d	15	13.7416	10.7108	16.8213	medium	13.7416	10.7108	16.8213	rho_direct	0.0	0.0
Q1e	17	16.5038	13.9244	19.1166	medium	17.4928	15.9399	19.0633	single_child_interpolation	0.9890000000000008	5.9925592893757855
Q1e1	16	13.1967	10.7047	15.7221	medium	13.1967	10.7047	15.7221	rho_direct	0.0	0.0
Q1e1a	4	4.5544	1.3305	7.8462	low	8.546	6.0217	11.1086	single_child_interpolation	3.991599999999999	87.64271912875459
Q1e1a1	2	3.8953	1.3387	6.4951	very_low	3.8953	1.3387	6.4951	rho_fallback_no_desc	0.0	0.0
Q1e1b	9	10.0023	6.2824	13.8024	low	10.0023	6.2824	13.8024	rho_fallback_no_desc	0.0	0.0
Q1e1b1	4	4.5544	-0.6909	9.982	low	4.5544	0.0	9.982	rho_fallback_no_desc	0.0	0.0
Q1e1b2	3	2.5854	2.5854	2.5854	low	2.5854	2.5854	2.5854	rho_fallback_no_desc	0.0	0.0
Q1e1c	2	3.8953	1.3387	6.4951	very_low	3.8953	1.3387	6.4951	rho_fallback_no_desc	0.0	0.0
Q1f	8	22.2544	16.4016	28.2627	low	22.2544	16.4016	28.2627	rho_fallback_no_desc	0.0	0.0
Q1f1	4	5.2164	-1.6653	12.4103	low	5.2164	0.0	12.4103	rho_fallback_no_desc	0.0	0.0
Q1f2	2	3.8953	1.3387	6.4951	very_low	3.8953	1.3387	6.4951	rho_fallback_no_desc	0.0	0.0
Q1g	14	6.3576	4.9411	7.7864	medium	6.3576	4.9411	7.7864	rho_direct	0.0	0.0
Q1h	10	14.2066	11.1721	17.2897	medium	14.2066	11.1721	17.2897	rho_direct	0.0	0.0
Q1i	10	18.1562	15.1713	21.1843	medium	18.1562	15.1713	21.1843	rho_direct	0.0	0.0
Q1j	0				no_ci		0.0		rho_fallback_no_desc		
Q1k	6	10.6101	8.225	13.0274	low	10.6101	8.225	13.0274	rho_fallback_no_desc	0.0	0.0
Q1l	5	7.8917	7.8917	7.8917	low	7.8917	7.8917	7.8917	rho_fallback_no_desc	0.0	0.0
Q1m	4	11.9851	10.4299	13.5536	low	11.9851	10.4299	13.5536	rho_fallback_no_desc	0.0	0.0
Q1n	4	11.2963	9.9538	12.6488	low	11.2963	9.9538	12.6488	rho_fallback_no_desc	0.0	0.0
Q1o	3	10.6101	10.6101	10.6101	low	10.6101	10.6101	10.6101	rho_fallback_no_desc	0.0	0.0
Q2	46	29.3812	27.8979	30.8731	medium	29.3812	27.8979	30.8731	rho_direct	0.0	0.0
Q2a	45	14.7972	13.3885	16.216	medium	14.7972	13.3885	16.216	rho_direct	0.0	0.0
Q2a1	2	6.5486	3.9479	9.1912	very_low	6.5486	3.9479	9.1912	rho_fallback_no_desc	0.0	0.0
Q2a2	9	14.2997	12.7251	15.8873	low	14.2997	12.7251	15.8873	rho_fallback_no_desc	0.0	0.0
Q2a2a	5	7.8917	6.2283	9.5716	low	7.8917	6.2283	9.5716	rho_fallback_no_desc	0.0	0.0
Q2a2b	2	3.8953	1.3387	6.4951	very_low	3.8953	1.3387	6.4951	rho_fallback_no_desc	0.0	0.0
Q2a3	5	13.9275	11.893	15.9838	low	13.9275	11.893	15.9838	rho_fallback_no_desc	0.0	0.0
Q2a3a	2	1.2869	-1.2245	3.8427	very_low	1.2869	0.0	3.8427	rho_fallback_no_desc	0.0	0.0
Q2a3b	2	3.8953	1.3387	6.4951	very_low	3.8953	1.3387	6.4951	rho_fallback_no_desc	0.0	0.0
Q2a4	10	11.7093	7.6342	15.8772	medium	10.0068	6.6943	16.081	single_child_interpolation	-1.7025000000000006	14.539724834106227
Q2a4a	3	5.2164	-4.832	15.9461	low	5.2164	0.0	15.9461	rho_fallback_no_desc	0.0	0.0
Q2b	1	0.0			no_ci	0.0	0.0		rho_fallback_no_desc	0.0	
Q3	81	26.4812	24.0744	28.9118	high	26.4812	24.0744	28.9118	rho_direct	0.0	0.0
Q3a	68	20.7016	18.3027	23.1271	high	20.6893	18.3353	23.0689	single_child_interpolation	-0.012299999999999756	0.0594156973374027
Q3a1	22	18.2339	14.8117	21.713	low	11.507	9.7527	13.2792	single_child_interpolation	-6.726899999999999	36.89227208660791
Q3a1a	12	8.1166	6.9092	9.3325	medium	8.1166	6.9092	9.3325	rho_direct	0.0	0.0
Q3a2	4	5.2164	3.1076	7.3536	low	5.2164	3.1076	7.3536	rho_fallback_no_desc	0.0	0.0
Q3a3	3	2.5854	-0.3368	5.566	low	2.5854	0.0	5.566	rho_fallback_no_desc	0.0	0.0
Q3a_C61T_G62A	64	14.8974	12.5962	17.226	high	14.8974	12.5962	17.226	rho_direct	0.0	0.0
Q3b	3	7.8917	0.0155	16.1546	low	7.8917	0.0155	16.1546	rho_fallback_no_desc	0.0	0.0
Q3c	8	30.7497	26.9219	34.6336	low	30.7497	26.9219	34.6336	rho_fallback_no_desc	0.0	0.0
R	28975	51.7011	51.4551	51.9472	high	51.7011	51.4551	51.9472	rho_direct	0.0	0.0
R0	4297	23.3222	23.0695	23.5751	high	23.3222	23.0695	23.5751	rho_direct	0.0	0.0
R0a	89	21.4689	20.0057	22.9418	high	21.4689	20.0057	22.9418	rho_direct	0.0	0.0
R0a'b	90	30.3159	28.7975	31.8432	low	30.3159	28.7975	31.8432	rho_direct	0.0	0.0
R0a1	30	21.2166	18.5765	23.8885	low	21.2166	18.5765	23.8885	rho_direct	0.0	0.0
R0a1_T152C!	5	11.1588	10.0849	12.2392	low	12.5559	9.9576	15.1918	single_child_interpolation	1.3971	12.520163458436393
R0a1a	24	11.8701	9.2456	14.5327	medium	11.8701	9.2456	14.5327	rho_direct	0.0	0.0
R0a1a1	4	7.2188	3.3176	11.2138	low	6.5785	4.6228	9.1877	single_child_interpolation	-0.6402999999999999	8.869895273452649
R0a1a1a	2	1.2869	-1.2245	3.8427	very_low	1.2869	0.0	3.8427	rho_fallback_no_desc	0.0	0.0
R0a1a2	2	6.5486	3.9479	9.1912	very_low	6.5486	3.9479	9.1912	rho_fallback_no_desc	0.0	0.0
R0a1a3	2	5.2164	0.1025	10.5005	very_low	5.2164	0.1025	10.5005	rho_fallback_no_desc	0.0	0.0
R0a1a4	2	7.8917	2.6898	13.2593	very_low	7.8917	2.6898	13.2593	rho_fallback_no_desc	0.0	0.0
R0a1b	2	3.8953	1.3387	6.4951	very_low	3.8953	1.3387	6.4951	rho_fallback_no_desc	0.0	0.0
R0a2	50	12.6488	10.9868	14.3258	high	12.6488	10.9868	14.3258	rho_direct	0.0	0.0
R0a2'3	53	15.2158	13.5923	16.8528	high	15.2158	13.5923	16.8528	rho_direct	0.0	0.0
R0a2_T195C!	2	20.4474	12.1508	29.072	very_low	13.7074	8.848	18.7482	single_child_interpolation	-6.739999999999998	32.96262605514637
R0a2a	6	6.1033	3.9135	8.323	low	7.1836	5.5105	8.8741	single_child_interpolation	1.0803000000000003	17.70026051480347
R0a2a1	3	1.7185	0.0342	3.4224	low	1.7185	0.0342	3.4224	rho_fallback_no_desc	0.0	0.0
R0a2b	2	1.2869	-1.2245	3.8427	very_low	1.2869	0.0	3.8427	rho_fallback_no_desc	0.0	0.0
R0a2c	4	7.8917	5.7475	10.0635	low	7.8917	5.7475	10.0635	rho_fallback_no_desc	0.0	0.0
R0a2d	6	10.1541	6.9651	13.4015	low	10.1541	6.9651	13.4015	rho_fallback_no_desc	0.0	0.0
R0a2e	1	0.0			no_ci	0.0	0.0		rho_fallback_no_desc	0.0	
R0a2f	6	16.1717	13.3367	19.0472	low	8.6016	7.1259	10.0901	single_child_interpolation	-7.570100000000002	46.81078674474546
R0a2f1	4	4.5544	3.2651	5.8544	low	4.5544	3.2651	5.8544	rho_fallback_no_desc	0.0	0.0
R0a2f1a	2	1.2869	-1.2245	3.8427	very_low	1.2869	0.0	3.8427	rho_fallback_no_desc	0.0	0.0
R0a2f1b	2	2.5854	2.5854	2.5854	very_low	2.5854	2.5854	2.5854	rho_fallback_no_desc	0.0	0.0
R0a2g	2	3.8953	-3.6406	11.8196	very_low	3.8953	0.0	11.8196	rho_fallback_no_desc	0.0	0.0
R0a2h	2	6.5486	3.9479	9.1912	very_low	6.5486	3.9479	9.1912	rho_fallback_no_desc	0.0	0.0
R0a2i	2	2.5854	2.5854	2.5854	very_low	2.5854	2.5854	2.5854	rho_fallback_no_desc	0.0	0.0
R0a2j	2	14.766	6.7092	23.1707	very_low	14.766	6.7092	23.1707	rho_fallback_no_desc	0.0	0.0
R0a2k	5	16.1717	9.5163	23.0556	low	16.1717	9.5163	23.0556	rho_fallback_no_desc	0.0	0.0
R0a2k1	2	3.8953	-3.6406	11.8196	very_low	3.8953	0.0	11.8196	rho_fallback_no_desc	0.0	0.0
R0a2k2	3	3.4574	-1.009	8.0587	low	3.4574	0.0	8.0587	rho_fallback_no_desc	0.0	0.0
R0a2l	2	3.8953	1.3387	6.4951	very_low	3.8953	1.3387	6.4951	rho_fallback_no_desc	0.0	0.0
R0a2m	2	1.2869	-1.2245	3.8427	very_low	1.2869	0.0	3.8427	rho_fallback_no_desc	0.0	0.0
R0a2n	2	3.8953	1.3387	6.4951	very_low	3.8953	1.3387	6.4951	rho_fallback_no_desc	0.0	0.0
R0a3	3	8.7931	4.1712	13.5427	low	12.913	6.7961		single_child_interpolation	4.1198999999999995	46.853783079914926
R0a3a	1	10.6101			no_ci	10.6101	0.0		rho_fallback_no_desc	0.0	0.0
R0a4	3	0.8567	-0.8175	2.5507	low	0.8567	0.0	2.5507	rho_fallback_no_desc	0.0	0.0
R0a_60.1T	56	17.5365	15.8829	19.2034	high	17.5365	15.8829	19.2034	rho_direct	0.0	0.0
R0b	1	0.0			no_ci	0.0	0.0		rho_fallback_no_desc	0.0	
R1	41	55.0829	52.6165	57.5647	low	55.0829	52.6165	57.5647	rho_direct	0.0	0.0
R10	5	17.8715	14.1247	21.6871	low	17.8715	14.1247	21.6871	rho_fallback_no_desc	0.0	0.0
R11	249	20.6499	19.5674	21.7378	high	20.6499	19.5674	21.7378	rho_direct	0.0	0.0
R11'B6'B7	403	40.9555	39.7618	42.1537	high	40.9555	39.7618	42.1537	rho_direct	0.0	0.0
R11a	54	14.248	13.1988	15.3029	high	12.4922	10.2464	14.7788	single_child_interpolation	-1.755799999999999	12.323133071308247
R11a1	3	4.3344	0.9254	7.8198	low	4.3344	0.9254	7.8198	rho_fallback_no_desc	0.0	0.0
R11b	168	19.1658	17.7068	20.6348	high	19.1658	17.7068	20.6348	rho_direct	0.0	0.0
R11b1	89	16.5524	14.9526	18.165	high	16.5524	14.9526	18.165	rho_direct	0.0	0.0
R11b1a	26	11.7729	7.4692	16.1801	medium	11.7729	7.4692	16.1801	rho_direct	0.0	0.0
R11b1b	35	13.0529	10.9396	15.1902	medium	13.0529	10.9396	15.1902	rho_direct	0.0	0.0
R11b2	7	12.9736	-1.1247	28.2224	low	12.9736	0.0	28.2224	rho_fallback_no_desc	0.0	0.0
R11b3	4	21.8918	13.0953	31.0475	low	21.8918	13.0953	31.0475	rho_fallback_no_desc	0.0	0.0
R11b4	3	9.6992	7.9276	11.4889	low	9.6992	7.9276	11.4889	rho_fallback_no_desc	0.0	0.0
R11b5	5	13.3705	13.3705	13.3705	low	13.3705	13.3705	13.3705	rho_fallback_no_desc	0.0	0.0
R11c	9	13.0617	11.1594	14.9834	low	13.0617	11.1594	14.9834	rho_fallback_no_desc	0.0	0.0
R11d	4	10.6101	10.6101	10.6101	low	10.6101	10.6101	10.6101	rho_fallback_no_desc	0.0	0.0
R12	1	2.5854			no_ci	2.5854	0.0		rho_fallback_no_desc	0.0	0.0
R12'21	11	63.536	60.7457	66.3435	low	63.536	60.7457	66.3435	rho_direct	0.0	0.0
R13	6	17.5872	15.6941	19.4978	low	17.5872	15.6941	19.4978	rho_fallback_no_desc	0.0	0.0
R14	2	0.0	0.0	0.0	very_low	0.0	0.0	0.0	rho_fallback_no_desc	0.0	
R15	0				no_ci		0.0		rho_fallback_no_desc		
R16	1	21.8918			no_ci	21.8918	0.0		rho_fallback_no_desc	0.0	0.0
R18	0				no_ci		0.0		rho_fallback_no_desc		
R19	2	16.1717	16.1717	16.1717	very_low	16.1717	16.1717	16.1717	rho_fallback_no_desc	0.0	0.0
R1a	31	13.9095	11.7065	16.1381	medium	32.7412	30.4632	35.0393	single_child_interpolation	18.831699999999998	135.38732520938925
R1a1	26	10.3995	8.3099	12.5138	medium	10.3995	8.3099	12.5138	rho_direct	0.0	0.0
R1a1a	12	9.2456	5.8407	12.7186	low	9.2456	5.8407	12.7186	rho_direct	0.0	0.0
R1a1a1	5	3.6324	1.5872	5.7053	low	5.9155	4.213	7.652	single_child_interpolation	2.2830999999999997	62.853760599052954
R1a1a1a	2	2.5854	2.5854	2.5854	very_low	2.5854	2.5854	2.5854	rho_fallback_no_desc	0.0	0.0
R1a1a2	3	1.7185	-1.6302	5.1456	low	1.7185	0.0	5.1456	rho_fallback_no_desc	0.0	0.0
R1a1b	2	7.8917	2.6898	13.2593	very_low	7.8917	2.6898	13.2593	rho_fallback_no_desc	0.0	0.0
R1a1c	2	3.8953	1.3387	6.4951	very_low	3.8953	1.3387	6.4951	rho_fallback_no_desc	0.0	0.0
R1a1d	5	2.5854	2.5854	2.5854	low	2.5854	2.5854	2.5854	rho_fallback_no_desc	0.0	0.0
R1b	10	21.8918	20.43	23.3633	medium	21.8918	20.43	23.3633	rho_direct	0.0	0.0
R1b1	6	16.1717	13.0048	19.3893	low	16.1717	13.0048	19.3893	rho_fallback_no_desc	0.0	0.0
R1b2	4	11.9851	10.4299	13.5536	low	11.9851	10.4299	13.5536	rho_fallback_no_desc	0.0	0.0
R2	93	21.3938	19.3918	23.4139	high	21.3938	19.3918	23.4139	rho_direct	0.0	0.0
R2'JT	2313	64.8306	64.3501	65.3115	low	64.8306	64.3501	65.3115	rho_direct	0.0	0.0
R20	0				no_ci		0.0		rho_fallback_no_desc		
R21	10	5.4819	2.3638	8.6622	medium	5.4819	2.3638	8.6622	rho_direct	0.0	0.0
R22	56	38.5874	36.7423	40.4438	high	38.5874	36.7423	40.4438	rho_direct	0.0	0.0
R22a	28	25.4383	23.5844	27.3066	medium	25.4383	23.5844	27.3066	rho_direct	0.0	0.0
R22b	11	17.7164	16.153	19.2916	medium	17.7164	16.153	19.2916	rho_direct	0.0	0.0
R22c	7	7.8917	7.8917	7.8917	low	7.8917	7.8917	7.8917	rho_fallback_no_desc	0.0	0.0
R22d	4	21.8918	21.8918	21.8918	low	21.8918	21.8918	21.8918	rho_fallback_no_desc	0.0	0.0
R22e	3	7.8917	7.8917	7.8917	low	7.8917	7.8917	7.8917	rho_fallback_no_desc	0.0	0.0
R22f	0				no_ci		0.0		rho_fallback_no_desc		
R22g	3	39.9144	39.9144	39.9144	low	39.9144	39.9144	39.9144	rho_fallback_no_desc	0.0	0.0
R23	9	18.3778	5.0148	32.6546	low	36.7965	36.6734	36.9195	single_child_interpolation	18.4187	100.22255112146176
R23a	3	21.8918	21.8918	21.8918	low	21.8918	21.8918	21.8918	rho_fallback_no_desc	0.0	0.0
R24	4	21.1685	13.1903	29.4451	low	29.0146	23.9417	34.363	single_child_interpolation	7.8461	37.06497862389872
R24a	3	11.5256	1.7939	21.8076	low	11.5256	1.7939	21.8076	rho_fallback_no_desc	0.0	0.0
R25	0				no_ci		0.0		rho_fallback_no_desc		
R26	0				no_ci		0.0		rho_fallback_no_desc		
R27	3	15.2335	13.4076	17.0765	low	15.2335	13.4076	17.0765	rho_fallback_no_desc	0.0	0.0
R28	2	24.8086	24.8086	24.8086	very_low	24.8086	24.8086	24.8086	rho_fallback_no_desc	0.0	0.0
R29	0				no_ci		0.0		rho_fallback_no_desc		
R2_T13500C	80	16.4187	14.87	17.9793	high	16.4187	14.87	17.9793	rho_direct	0.0	0.0
R2_T13500C_T195C!	5	15.6082	10.3355	21.0249	low	12.6059	8.0597	17.3313	single_child_interpolation	-3.0023	19.23540190412732
R2a	3	8.7931	1.2495	16.6834	low	8.7931	1.2495	16.6834	rho_fallback_no_desc	0.0	0.0
R2b	7	15.769	10.6678	21.0045	low	15.769	10.6678	21.0045	rho_fallback_no_desc	0.0	0.0
R2b1	2	16.1717	0.3078	33.4075	very_low	16.1717	0.3078	33.4075	rho_fallback_no_desc	0.0	0.0
R2b2	4	1.2869	-0.1685	2.7572	low	1.2869	0.0	2.7572	rho_fallback_no_desc	0.0	0.0
R2c	2	1.2869	-1.2245	3.8427	very_low	1.2869	0.0	3.8427	rho_fallback_no_desc	0.0	0.0
R2d	14	2.9585	1.7791	4.1472	medium	2.9585	1.7791	4.1472	rho_direct	0.0	0.0
R2e	6	30.2493	25.6329	34.9482	low	30.2493	25.6329	34.9482	rho_fallback_no_desc	0.0	0.0
R2f	12	8.5673	6.5013	10.6585	medium	8.5673	6.5013	10.6585	rho_direct	0.0	0.0
R2g	8	14.766	12.4598	17.0999	low	14.766	12.4598	17.0999	rho_fallback_no_desc	0.0	0.0
R3	0				no_ci		0.0		rho_fallback_no_desc		
R30	44	54.6163	48.9585	60.3561	low	54.6163	48.9585	60.3561	rho_direct	0.0	0.0
R30a	21	40.9504	37.6437	44.2919	medium	40.5223	36.1956	44.9086	single_child_interpolation	-0.4281000000000006	1.0454110338360567
R30a1	20	26.4283	23.4326	29.4611	medium	26.4283	23.4326	29.4611	rho_direct	0.0	0.0
R30a1a	2	14.766	-3.441	34.868	very_low	14.766	0.0	34.868	rho_fallback_no_desc	0.0	0.0
R30a1b	11	22.4194	18.782	26.1161	medium	22.4194	18.782	26.1161	rho_direct	0.0	0.0
R30a1b1	3	21.8918	10.3909	34.0153	low	21.8918	10.3909	34.0153	rho_fallback_no_desc	0.0	0.0
R30a1b2	8	5.8811	2.8293	8.9918	low	5.8811	2.8293	8.9918	rho_fallback_no_desc	0.0	0.0
R30a1c	6	10.6101	7.8589	13.4042	low	10.6101	7.8589	13.4042	rho_fallback_no_desc	0.0	0.0
R30b	23	49.7741	39.6625	60.1731	low	49.7741	39.6625	60.1731	rho_direct	0.0	0.0
R30b1	9	21.2487	18.3166	24.2201	low	21.2487	18.3166	24.2201	rho_fallback_no_desc	0.0	0.0
R30b2	14	15.1666	12.0021	18.3829	medium	31.1454	24.4119	38.0534	single_child_interpolation	15.978799999999998	105.35518837445437
R30b2a	13	12.5167	9.1613	15.9337	medium	12.5167	9.1613	15.9337	rho_direct	0.0	0.0
R30c	0				no_ci		0.0		rho_fallback_no_desc		
R30d	0				no_ci		0.0		rho_fallback_no_desc		
R31	17	63.8896	54.8327	73.1292	low	63.8896	54.8327	73.1292	rho_direct	0.0	0.0
R31a	10	13.3705	9.1204	17.7181	medium	13.3705	9.1204	17.7181	rho_direct	0.0	0.0
R31a1	3	2.5854	2.5854	2.5854	low	2.5854	2.5854	2.5854	rho_fallback_no_desc	0.0	0.0
R31a2	3	8.7931	7.0308	10.5736	low	8.7931	7.0308	10.5736	rho_fallback_no_desc	0.0	0.0
R31b	6	13.3705	9.9548	16.8488	low	13.3705	9.9548	16.8488	rho_fallback_no_desc	0.0	0.0
R32	13	21.8918	17.8613	25.996	medium	29.7964	28.9139	30.6858	single_child_interpolation	7.9045999999999985	36.10758366146228
R32a	9	7.8917	6.3726	9.4245	low	7.8917	6.3726	9.4245	rho_fallback_no_desc	0.0	0.0
R33	0				no_ci		0.0		rho_fallback_no_desc		
R34	1	19.0125			no_ci	19.0125	0.0		rho_fallback_no_desc	0.0	0.0
R35	0				no_ci		0.0		rho_fallback_no_desc		
R36	0				no_ci		0.0		rho_fallback_no_desc		
R37	0				no_ci		0.0		rho_fallback_no_desc		
R38	4	16.1717	16.1717	16.1717	low	16.1717	16.1717	16.1717	rho_fallback_no_desc	0.0	0.0
R39	1	21.8918			no_ci	21.8918	0.0		rho_fallback_no_desc	0.0	0.0
R4	1	10.6101			no_ci	10.6101	0.0		rho_fallback_no_desc	0.0	0.0
R40	0				no_ci		0.0		rho_fallback_no_desc		
R41	0				no_ci		0.0		rho_fallback_no_desc		
R5	51	34.1296	32.2711	36.0005	high	41.8752	40.8023	42.9547	single_child_interpolation	7.745599999999996	22.69466972950165
R5a	51	32.0493	30.1496	33.9623	high	32.0493	30.1496	33.9623	rho_direct	0.0	0.0
R5a1	11	15.6594	13.0148	18.3397	medium	19.6713	17.1674	22.2116	single_child_interpolation	4.011899999999999	25.619755546189506
R5a1a	9	7.2934	4.1852	10.4608	low	10.264	8.5837	12.3811	single_child_interpolation	2.9705999999999992	40.72997504593193
R5a1a1	3	0.8567	-0.8175	2.5507	low	0.8567	0.0	2.5507	rho_fallback_no_desc	0.0	0.0
R5a2	40	16.8782	15.2858	18.4832	medium	16.8782	15.2858	18.4832	rho_direct	0.0	0.0
R5a2a	5	11.1588	8.5397	13.8165	low	11.1588	8.5397	13.8165	rho_fallback_no_desc	0.0	0.0
R5a2b	18	9.0946	6.5953	11.6305	medium	9.0946	6.5953	11.6305	rho_direct	0.0	0.0
R5a2b1	4	2.5854	0.513	4.687	low	2.5854	0.513	4.687	rho_fallback_no_desc	0.0	0.0
R5a2b2	2	16.1717	10.7197	21.7759	very_low	16.1717	10.7197	21.7759	rho_fallback_no_desc	0.0	0.0
R5a2b3	2	5.2164	0.1025	10.5005	very_low	5.2164	0.1025	10.5005	rho_fallback_no_desc	0.0	0.0
R5a2b4	2	2.5854	-2.4381	7.7838	very_low	2.5854	0.0	7.7838	rho_fallback_no_desc	0.0	0.0
R6	19	39.0989	36.4523	41.7685	medium	39.0989	36.4523	41.7685	rho_direct	0.0	0.0
R6_G16129A!	13	37.5368	34.1299	40.983	medium	34.4627	31.2056	37.7606	single_child_interpolation	-3.0741000000000014	8.18956330853989
R6a	13	29.8266	25.9588	33.7526	medium	29.8266	25.9588	33.7526	rho_direct	0.0	0.0
R6a1	4	11.9851	6.8791	17.2368	low	11.9851	6.8791	17.2368	rho_fallback_no_desc	0.0	0.0
R6a2	9	25.4617	20.7245	30.2941	low	25.4617	20.7245	30.2941	rho_fallback_no_desc	0.0	0.0
R6a2a	3	11.5256	7.9636	15.1586	low	11.5256	7.9636	15.1586	rho_fallback_no_desc	0.0	0.0
R6a2b	3	19.9681	18.0992	21.8532	low	19.9681	18.0992	21.8532	rho_fallback_no_desc	0.0	0.0
R6b	6	13.3705	10.9486	15.8237	low	13.3705	10.9486	15.8237	rho_fallback_no_desc	0.0	0.0
R7	27	52.8012	46.4371	59.2723	low	52.8012	46.4371	59.2723	rho_direct	0.0	0.0
R7a	14	15.3672	13.2631	17.4941	medium	20.7732	17.8697	23.715	single_child_interpolation	5.405999999999999	35.17882242698734
R7a'b	22	31.4336	28.0914	34.8179	medium	31.4336	28.0914	34.8179	rho_direct	0.0	0.0
R7a1	11	10.1127	7.6481	12.6121	medium	10.1127	7.6481	12.6121	rho_direct	0.0	0.0
R7a1a	3	6.1033	2.655	9.6266	low	6.1033	2.655	9.6266	rho_fallback_no_desc	0.0	0.0
R7a1b	6	6.5486	4.3189	8.809	low	6.5486	4.3189	8.809	rho_fallback_no_desc	0.0	0.0
R7a1b1	2	2.5854	-2.4381	7.7838	very_low	2.5854	0.0	7.7838	rho_fallback_no_desc	0.0	0.0
R7a1b2	2	1.2869	-1.2245	3.8427	very_low	1.2869	0.0	3.8427	rho_fallback_no_desc	0.0	0.0
R7b	8	26.2806	20.3645	32.3436	low	26.2806	20.3645	32.3436	rho_fallback_no_desc	0.0	0.0
R7b1	4	15.4676	7.7169	23.5348	low	18.4453	12.8435	24.2012	single_child_interpolation	2.9777000000000005	19.251208978768528
R7b1a	3	10.6101	5.3225	16.0588	low	10.5154	7.7145	13.3933	single_child_interpolation	-0.09469999999999956	0.892545781849366
R7b1a1	2	2.5854	2.5854	2.5854	very_low	2.5854	2.5854	2.5854	rho_fallback_no_desc	0.0	0.0
R7b2	4	15.4676	9.871	21.2272	low	15.4676	9.871	21.2272	rho_fallback_no_desc	0.0	0.0
R7c	3	12.4458	6.0438	19.0763	low	12.4458	6.0438	19.0763	rho_fallback_no_desc	0.0	0.0
R8	35	32.0408	30.0431	34.0533	medium	32.0408	30.0431	34.0533	rho_direct	0.0	0.0
R8a	27	27.4317	25.0325	29.8541	medium	27.4317	25.0325	29.8541	rho_direct	0.0	0.0
R8a1	25	18.4412	15.9765	20.9352	medium	18.4412	15.9765	20.9352	rho_direct	0.0	0.0
R8a1_T16093C	4	8.5673	5.2611	11.9386	low	10.0799	8.0053	12.1788	single_child_interpolation	1.5126000000000008	17.655504067792666
R8a1a	21	16.9793	14.5369	19.4513	medium	16.9793	14.5369	19.4513	rho_direct	0.0	0.0
R8a1a1	14	15.3672	12.2605	18.5236	medium	15.3672	12.2605	18.5236	rho_direct	0.0	0.0
R8a1a1a	6	16.6424	10.5961	22.8749	low	16.6424	10.5961	22.8749	rho_fallback_no_desc	0.0	0.0
R8a1a1a1	4	12.6765	10.095	15.2942	low	10.2689	5.9674	14.685	single_child_interpolation	-2.4076000000000004	18.992624147043742
R8a1a1a1a	2	3.8953	1.3387	6.4951	very_low	3.8953	1.3387	6.4951	rho_fallback_no_desc	0.0	0.0
R8a1a1a2	2	10.6101	-9.4832	33.2861	very_low	10.6101	0.0	33.2861	rho_fallback_no_desc	0.0	0.0
R8a1a1b	2	9.2456	6.6021	11.9299	very_low	9.2456	6.6021	11.9299	rho_fallback_no_desc	0.0	0.0
R8a1a1c	2	9.2456	6.6021	11.9299	very_low	9.2456	6.6021	11.9299	rho_fallback_no_desc	0.0	0.0
R8a1a1d	2	5.2164	0.1025	10.5005	very_low	5.2164	0.1025	10.5005	rho_fallback_no_desc	0.0	0.0
R8a1a2	3	11.5256	5.1572	18.1247	low	10.4373	7.9378	12.9732	single_child_interpolation	-1.0883000000000003	9.44245852710488
R8a1a2a	2	3.8953	1.3387	6.4951	very_low	3.8953	1.3387	6.4951	rho_fallback_no_desc	0.0	0.0
R8a1a3	2	10.6101	5.3225	16.0588	very_low	10.6101	5.3225	16.0588	rho_fallback_no_desc	0.0	0.0
R8a1b	3	1.7185	0.0342	3.4224	low	1.7185	0.0342	3.4224	rho_fallback_no_desc	0.0	0.0
R8a2	2	19.0125	19.0125	19.0125	very_low	19.0125	19.0125	19.0125	rho_fallback_no_desc	0.0	0.0
R8b	8	14.4162	12.6492	16.1994	low	14.4162	12.6492	16.1994	rho_fallback_no_desc	0.0	0.0
R8b1	6	11.5256	9.2644	13.8152	low	12.5132	10.0932	14.9681	single_child_interpolation	0.9875999999999987	8.568751301450671
R8b1a	3	10.6101	7.5371	13.7368	low	10.6101	7.5371	13.7368	rho_fallback_no_desc	0.0	0.0
R8b2	2	1.2869	-1.2245	3.8427	very_low	1.2869	0.0	3.8427	rho_fallback_no_desc	0.0	0.0
R9	9110	52.2134	51.817	52.6102	low	52.2134	51.817	52.6102	rho_direct	0.0	0.0
R9b	633	32.407	31.3003	33.5183	high	32.407	31.3003	33.5183	rho_direct	0.0	0.0
R9b1	549	23.3642	22.142	24.5929	high	23.3642	22.142	24.5929	rho_direct	0.0	0.0
R9b1a	364	24.1081	22.8071	25.4163	low	24.1081	22.8071	25.4163	rho_direct	0.0	0.0
R9b1a1	71	16.0525	14.1466	17.9767	high	18.7594	17.132	20.4007	single_child_interpolation	2.706900000000001	16.862793957327526
R9b1a1a	69	13.4108	11.4569	15.385	high	13.4108	11.4569	15.385	rho_direct	0.0	0.0
R9b1a1a1	3	6.1033	4.3696	7.8557	low	6.1033	4.3696	7.8557	rho_fallback_no_desc	0.0	0.0
R9b1a1a2	5	12.2614	-1.455	27.0817	low	12.2614	0.0	27.0817	rho_fallback_no_desc	0.0	0.0
R9b1a2	104	20.3367	17.2521	23.4655	high	20.3367	17.2521	23.4655	rho_direct	0.0	0.0
R9b1a2a	38	15.5046	10.6977	20.4311	medium	15.5046	10.6977	20.4311	rho_direct	0.0	0.0
R9b1a2b	57	16.5184	12.2273	20.9027	high	16.5184	12.2273	20.9027	rho_direct	0.0	0.0
R9b1a3	189	16.62	14.9931	18.2601	high	16.62	14.9931	18.2601	rho_direct	0.0	0.0
R9b1b	118	12.8762	9.4983	16.316	high	12.8762	9.4983	16.316	rho_direct	0.0	0.0
R9b1c	23	9.3047	6.1922	12.4739	medium	9.3047	6.1922	12.4739	rho_direct	0.0	0.0
R9b1d	20	19.5853	16.2589	22.9641	medium	19.5853	16.2589	22.9641	rho_direct	0.0	0.0
R9b1e	3	20.9279	15.9971	25.9714	low	20.9279	15.9971	25.9714	rho_fallback_no_desc	0.0	0.0
R9b1f	4	18.2986	15.6412	20.9902	low	18.2986	15.6412	20.9902	rho_fallback_no_desc	0.0	0.0
R9b1g	0				no_ci		0.0		rho_fallback_no_desc		
R9b2	77	8.7344	7.8194	9.6542	high	8.7344	7.8194	9.6542	rho_direct	0.0	0.0
R9b3	1	19.0125			no_ci	19.0125	0.0		rho_fallback_no_desc	0.0	0.0
R9b4	6	25.7889	23.8712	27.7219	low	25.7889	23.8712	27.7219	rho_fallback_no_desc	0.0	0.0
R9c	227	29.7322	27.4323	32.0527	high	39.8972	38.5029	41.3033	single_child_interpolation	10.165	34.188522880916985
R9c1	214	27.5811	25.1889	29.9964	high	27.5811	25.1889	29.9964	rho_direct	0.0	0.0
R9c1a	84	11.7552	8.0262	15.5617	high	11.7552	8.0262	15.5617	rho_direct	0.0	0.0
R9c1a1	8	8.5673	-0.9562	18.6538	low	8.5673	0.0	18.6538	rho_fallback_no_desc	0.0	0.0
R9c1a2	12	1.2869	0.304	2.2766	medium	1.2869	0.304	2.2766	rho_direct	0.0	0.0
R9c1a3	2	5.2164	-4.832	15.9461	very_low	5.2164	0.0	15.9461	rho_fallback_no_desc	0.0	0.0
R9c1b	130	20.1154	17.5389	22.723	high	20.1154	17.5389	22.723	rho_direct	0.0	0.0
R9c1b1	125	13.1259	10.5345	15.7534	high	13.1259	10.5345	15.7534	rho_direct	0.0	0.0
R9c1b2	5	6.8163	4.1602	9.516	low	6.8163	4.1602	9.516	rho_fallback_no_desc	0.0	0.0
R_T16189C!	9363	46.5037	46.0894	46.9184	high	46.5037	46.0894	46.9184	rho_direct	0.0	0.0
S	16	45.5881	38.8729	52.4378	medium	45.5881	38.8729	52.4378	rho_direct	0.0	0.0
S1	11	38.7881	33.9748	43.6786	medium	38.7881	33.9748	43.6786	rho_direct	0.0	0.0
S1a	5	20.1597	13.6885	26.8297	low	26.0793	18.3845	34.1262	single_child_interpolation	5.919599999999999	29.363532195419566
S1a1	3	13.3705	2.7942	24.5739	low	13.3705	2.7942	24.5739	rho_fallback_no_desc	0.0	0.0
S1b	6	13.8345	10.0315	17.7147	low	13.8345	10.0315	17.7147	rho_fallback_no_desc	0.0	0.0
S2	1	16.1717			no_ci	16.1717	0.0		rho_fallback_no_desc	0.0	0.0
S3	2	2.5854	2.5854	2.5854	very_low	2.5854	2.5854	2.5854	rho_fallback_no_desc	0.0	0.0
S4	1	0.0			no_ci	0.0	0.0		rho_fallback_no_desc	0.0	
S5	1	0.0			no_ci	0.0	0.0		rho_fallback_no_desc	0.0	
S_T152C!	4	49.3577	27.8338	72.2462	low	49.3577	27.8338	72.2462	rho_fallback_no_desc	0.0	0.0
T	1053	27.928	27.4348	28.4222	high	27.928	27.4348	28.4222	rho_direct	0.0	0.0
T1	289	17.6609	16.9559	18.3684	high	17.6609	16.9559	18.3684	rho_direct	0.0	0.0
T1a	268	15.4991	14.7865	16.2142	high	15.4991	14.7865	16.2142	rho_direct	0.0	0.0
T1a1	172	8.6303	7.759	9.506	high	8.6303	7.759	9.506	rho_direct	0.0	0.0
T1a1'3	176	11.3432	10.4729	12.2177	high	11.3432	10.4729	12.2177	rho_direct	0.0	0.0
T1a10	3	9.6992	3.3989	16.2346	low	9.6972	7.3933	14.0169	single_child_interpolation	-0.0019999999999988916	0.020620257340800186
T1a10a	2	3.8953	-3.6406	11.8196	very_low	3.8953	0.0	11.8196	rho_fallback_no_desc	0.0	0.0
T1a11	2	2.5854	-2.4381	7.7838	very_low	2.5854	0.0	7.7838	rho_fallback_no_desc	0.0	0.0
T1a12	2	5.2164	0.1025	10.5005	very_low	5.2164	0.1025	10.5005	rho_fallback_no_desc	0.0	0.0
T1a13	2	6.5486	-1.1229	14.598	very_low	6.5486	0.0	14.598	rho_fallback_no_desc	0.0	0.0
T1a14	28	0.734	0.1629	1.3074	medium	0.734	0.1629	1.3074	rho_direct	0.0	0.0
T1a1_C152T!!	3	6.995	2.4241	11.6961	low	6.4823	3.8795	9.2335	single_child_interpolation	-0.5126999999999997	7.329521086490345
T1a1a	3	3.4574	1.7531	5.181	low	4.9586	3.8795	6.6744	single_child_interpolation	1.5011999999999999	43.41991091571701
T1a1a1	2	1.2869	-1.2245	3.8427	very_low	1.2869	0.0	3.8427	rho_fallback_no_desc	0.0	0.0
T1a1b	30	7.4428	5.2669	9.6473	low	7.478	4.9223	10.0927	single_child_interpolation	0.035199999999999676	0.4729402912882205
T1a1b1	12	6.3258	2.0855	10.6794	low	6.3258	2.0855	10.6794	rho_direct	0.0	0.0
T1a1c	2	2.5854	-2.4381	7.7838	very_low	2.5854	0.0	7.7838	rho_fallback_no_desc	0.0	0.0
T1a1d	3	16.1717	5.0041	27.9995	low	16.1717	5.0041	27.9995	rho_fallback_no_desc	0.0	0.0
T1a1e	2	1.2869	-1.2245	3.8427	very_low	1.2869	0.0	3.8427	rho_fallback_no_desc	0.0	0.0
T1a1f	2	2.5854	-2.4381	7.7838	very_low	2.5854	0.0	7.7838	rho_fallback_no_desc	0.0	0.0
T1a1g	3	3.4574	1.7531	5.181	low	3.4574	1.7531	5.181	rho_fallback_no_desc	0.0	0.0
T1a1h	2	1.2869	-1.2245	3.8427	very_low	1.2869	0.0	3.8427	rho_fallback_no_desc	0.0	0.0
T1a1i	3	1.7185	-1.6302	5.1456	low	1.7185	0.0	5.1456	rho_fallback_no_desc	0.0	0.0
T1a1j	2	6.5486	-6.0121	20.1597	very_low	6.5486	0.0	20.1597	rho_fallback_no_desc	0.0	0.0
T1a1k	6	5.2164	1.704	8.8083	low	5.2164	1.704	8.8083	rho_fallback_no_desc	0.0	0.0
T1a1k1	2	2.5854	2.5854	2.5854	very_low	2.5854	2.5854	2.5854	rho_fallback_no_desc	0.0	0.0
T1a1k2	2	1.2869	-1.2245	3.8427	very_low	1.2869	0.0	3.8427	rho_fallback_no_desc	0.0	0.0
T1a1l	3	4.3344	-0.1585	8.961	low	4.3344	0.0	8.961	rho_fallback_no_desc	0.0	0.0
T1a1m	7	5.9763	3.5197	8.4708	low	5.1744	3.8966	6.4642	single_child_interpolation	-0.8018999999999998	13.41800110436223
T1a1m1	6	1.7185	0.0342	3.4224	low	1.7185	0.0342	3.4224	rho_fallback_no_desc	0.0	0.0
T1a1n	4	7.2188	3.3176	11.2138	low	7.2188	3.3176	11.2138	rho_fallback_no_desc	0.0	0.0
T1a1o	3	6.1033	-0.0571	12.5075	low	6.1033	0.0	12.5075	rho_fallback_no_desc	0.0	0.0
T1a1p	4	2.5854	-0.3368	5.566	low	2.5854	0.0	5.566	rho_fallback_no_desc	0.0	0.0
T1a1q	2	1.2869	-1.2245	3.8427	very_low	1.2869	0.0	3.8427	rho_fallback_no_desc	0.0	0.0
T1a1r	2	5.2164	-4.832	15.9461	very_low	5.2164	0.0	15.9461	rho_fallback_no_desc	0.0	0.0
T1a2	18	14.766	10.7114	18.9068	low	14.766	10.7114	18.9068	rho_direct	0.0	0.0
T1a2a	3	7.8917	-1.008	17.2886	low	7.8917	0.0	17.2886	rho_fallback_no_desc	0.0	0.0
T1a2b	2	6.5486	3.9479	9.1912	very_low	6.5486	3.9479	9.1912	rho_fallback_no_desc	0.0	0.0
T1a3	4	7.8917	3.1362	12.7852	low	7.4003	5.2364	10.1382	single_child_interpolation	-0.4914000000000005	6.226795240569212
T1a3a	3	3.4574	-1.009	8.0587	low	3.4574	0.0	8.0587	rho_fallback_no_desc	0.0	0.0
T1a4	4	9.9265	5.961	13.9833	low	9.9265	5.961	13.9833	rho_fallback_no_desc	0.0	0.0
T1a5	4	10.6101	6.854	14.4468	low	9.6972	8.0626	11.3547	single_child_interpolation	-0.9128999999999987	8.60406593717306
T1a5a	2	3.8953	1.3387	6.4951	very_low	3.8953	1.3387	6.4951	rho_fallback_no_desc	0.0	0.0
T1a6	7	4.8378	2.7555	6.9479	low	4.8378	2.7555	6.9479	rho_fallback_no_desc	0.0	0.0
T1a7	5	4.1586	1.5473	6.8147	low	4.1586	1.5473	6.8147	rho_fallback_no_desc	0.0	0.0
T1a8	4	12.6765	8.0977	17.3705	low	12.6765	8.0977	17.3705	rho_fallback_no_desc	0.0	0.0
T1a8a	2	2.5854	-2.4381	7.7838	very_low	2.5854	0.0	7.7838	rho_fallback_no_desc	0.0	0.0
T1a8b	2	9.2456	1.4422	17.4168	very_low	9.2456	1.4422	17.4168	rho_fallback_no_desc	0.0	0.0
T1a9	2	11.9851	4.0532	20.2747	very_low	11.9851	4.0532	20.2747	rho_fallback_no_desc	0.0	0.0
T1a_T152C	204	14.2997	13.4722	15.1308	high	14.2997	13.4722	15.1308	rho_direct	0.0	0.0
T1b	17	7.4164	5.3466	9.5122	medium	7.4164	5.3466	9.5122	rho_direct	0.0	0.0
T1b1	2	2.5854	2.5854	2.5854	very_low	2.5854	2.5854	2.5854	rho_fallback_no_desc	0.0	0.0
T1b2	4	6.5486	1.6065	11.6447	low	6.5486	1.6065	11.6447	rho_fallback_no_desc	0.0	0.0
T1b3	3	2.5854	-0.3368	5.566	low	2.5854	0.0	5.566	rho_fallback_no_desc	0.0	0.0
T1b4	4	3.2389	0.801	5.7167	low	3.2389	0.801	5.7167	rho_fallback_no_desc	0.0	0.0
T2	762	22.1049	21.4741	22.7375	high	22.1049	21.4741	22.7375	rho_direct	0.0	0.0
T2_C150T	53	12.7942	10.9497	14.657	high	12.7942	10.9497	14.657	rho_direct	0.0	0.0
T2_T16189C!	44	15.3399	13.1124	17.5927	medium	19.6955	18.1424	21.2645	single_child_interpolation	4.355599999999999	28.393926948676324
T2a	100	17.5588	16.2856	18.8399	high	17.5588	16.2856	18.8399	rho_direct	0.0	0.0
T2a1	87	14.9754	13.575	16.386	high	14.9754	13.575	16.386	rho_direct	0.0	0.0
T2a1a	48	7.4428	5.7655	9.137	medium	7.4428	5.7655	9.137	rho_direct	0.0	0.0
T2a1a1	3	6.1033	4.3696	7.8557	low	6.1033	4.3696	7.8557	rho_fallback_no_desc	0.0	0.0
T2a1a2	5	4.1586	0.6952	7.7012	low	4.1586	0.6952	7.7012	rho_fallback_no_desc	0.0	0.0
T2a1a3	3	6.995	5.2518	8.7569	low	6.3296	5.4909	7.1767	single_child_interpolation	-0.6654	9.512508934953539
T2a1a3a	2	5.2164	5.2164	5.2164	very_low	5.2164	5.2164	5.2164	rho_fallback_no_desc	0.0	0.0
T2a1a5	2	1.2869	-1.2245	3.8427	very_low	1.2869	0.0	3.8427	rho_fallback_no_desc	0.0	0.0
T2a1a6	2	3.8953	1.3387	6.4951	very_low	3.8953	1.3387	6.4951	rho_fallback_no_desc	0.0	0.0
T2a1a7	2	1.2869	-1.2245	3.8427	very_low	1.2869	0.0	3.8427	rho_fallback_no_desc	0.0	0.0
T2a1a8	2	6.5486	3.9479	9.1912	very_low	6.5486	3.9479	9.1912	rho_fallback_no_desc	0.0	0.0
T2a1b	32	16.7898	15.1125	18.4809	low	16.7898	15.1125	18.4809	rho_direct	0.0	0.0
T2a1b1	23	12.7669	11.325	14.2199	medium	13.837	12.4183	15.2664	single_child_interpolation	1.0701	8.381831141467389
T2a1b1a	20	10.8843	9.7241	12.0519	medium	10.8843	9.7241	12.0519	rho_direct	0.0	0.0
T2a1b1a1	15	9.155	8.136	10.1799	medium	9.155	8.136	10.1799	rho_direct	0.0	0.0
T2a1b1a1a	4	6.5486	3.9479	9.1912	low	6.5486	3.9479	9.1912	rho_fallback_no_desc	0.0	0.0
T2a1b1a1a1	2	2.5854	2.5854	2.5854	very_low	2.5854	2.5854	2.5854	rho_fallback_no_desc	0.0	0.0
T2a1b1a1a2	2	2.5854	-2.4381	7.7838	very_low	2.5854	0.0	7.7838	rho_fallback_no_desc	0.0	0.0
T2a1b1a1b	8	6.2145	5.2598	7.1748	low	6.7447	5.3781	8.1238	single_child_interpolation	0.5301999999999998	8.531659827822025
T2a1b1a1b1	3	4.3344	2.6202	6.0677	low	4.3344	2.6202	6.0677	rho_fallback_no_desc	0.0	0.0
T2a1b1a2	2	2.5854	2.5854	2.5854	very_low	2.5854	2.5854	2.5854	rho_fallback_no_desc	0.0	0.0
T2a1b2	5	13.3705	9.1961	17.6389	low	13.3705	9.1961	17.6389	rho_fallback_no_desc	0.0	0.0
T2a1b2a	2	14.766	6.7092	23.1707	very_low	14.766	6.7092	23.1707	rho_fallback_no_desc	0.0	0.0
T2a1b2b	3	7.8917	7.8917	7.8917	low	7.8917	7.8917	7.8917	rho_fallback_no_desc	0.0	0.0
T2a2	9	8.1916	6.5615	9.8375	low	8.8555	6.5018	11.2425	single_child_interpolation	0.6638999999999999	8.10464378143464
T2a2a	4	4.5544	2.0951	7.053	low	4.5544	2.0951	7.053	rho_fallback_no_desc	0.0	0.0
T2a3	4	9.2456	2.6734	16.0766	low	9.2456	2.6734	16.0766	rho_fallback_no_desc	0.0	0.0
T2a_T195C!	13	13.1567	10.9085	15.432	medium	13.1567	10.9085	15.432	rho_direct	0.0	0.0
T2b	330	13.362	12.5002	14.2278	high	13.362	12.5002	14.2278	rho_direct	0.0	0.0
T2b1	6	4.3344	2.1693	6.53	low	4.3344	2.1693	6.53	rho_fallback_no_desc	0.0	0.0
T2b10	5	0.5134	-0.4911	1.525	low	0.5134	0.0	1.525	rho_fallback_no_desc	0.0	0.0
T2b11	3	4.3344	-0.1585	8.961	low	4.3344	0.0	8.961	rho_fallback_no_desc	0.0	0.0
T2b13	7	4.4601	1.3551	7.6282	low	4.4601	1.3551	7.6282	rho_fallback_no_desc	0.0	0.0
T2b13a	2	2.5854	-2.4381	7.7838	very_low	2.5854	0.0	7.7838	rho_fallback_no_desc	0.0	0.0
T2b13b	2	3.8953	-3.6406	11.8196	very_low	3.8953	0.0	11.8196	rho_fallback_no_desc	0.0	0.0
T2b15	2	0.0	0.0	0.0	very_low	0.0	0.0	0.0	rho_fallback_no_desc	0.0	
T2b16	6	4.7748	1.171	8.4632	low	4.7748	1.171	8.4632	rho_fallback_no_desc	0.0	0.0
T2b17	4	9.9265	2.7193	17.4415	low	10.1785	6.2501	14.5172	single_child_interpolation	0.2519999999999989	2.538659144713634
T2b17a	3	6.995	-0.4634	14.8066	low	6.995	0.0	14.8066	rho_fallback_no_desc	0.0	0.0
T2b19	6	3.4574	0.6165	6.3522	low	7.9737	7.5428	8.4066	single_child_interpolation	4.5163	130.6270607971308
T2b19b	2	2.5854	2.5854	2.5854	very_low	2.5854	2.5854	2.5854	rho_fallback_no_desc	0.0	0.0
T2b2	7	7.8917	4.6609	11.1856	low	9.9553	7.2858	12.6898	single_child_interpolation	2.063599999999999	26.148991978914545
T2b21	5	13.3705	9.5559	17.2634	low	13.3705	9.5559	17.2634	rho_fallback_no_desc	0.0	0.0
T2b21a	2	9.2456	6.6021	11.9299	very_low	9.2456	6.6021	11.9299	rho_fallback_no_desc	0.0	0.0
T2b21b	2	9.2456	6.6021	11.9299	very_low	9.2456	6.6021	11.9299	rho_fallback_no_desc	0.0	0.0
T2b22	2	0.0	0.0	0.0	very_low	0.0	0.0	0.0	rho_fallback_no_desc	0.0	
T2b23	6	16.6424	9.8385	23.683	low	14.064	8.6954	19.6987	single_child_interpolation	-2.5783999999999985	15.492957746478867
T2b23a	4	14.766	4.8906	25.1696	low	14.766	4.8906	25.1696	rho_fallback_no_desc	0.0	0.0
T2b24	4	5.2164	3.1076	7.3536	low	7.1094	6.2501	8.3893	single_child_interpolation	1.8929999999999998	36.28939498504715
T2b24a	3	0.8567	-0.8175	2.5507	low	0.8567	0.0	2.5507	rho_fallback_no_desc	0.0	0.0
T2b25	6	6.1033	0.0838	12.3553	low	6.1033	0.0838	12.3553	rho_fallback_no_desc	0.0	0.0
T2b26	2	6.5486	3.9479	9.1912	very_low	6.5486	3.9479	9.1912	rho_fallback_no_desc	0.0	0.0
T2b27	2	2.5854	2.5854	2.5854	very_low	2.5854	2.5854	2.5854	rho_fallback_no_desc	0.0	0.0
T2b28	3	6.1033	2.655	9.6266	low	6.1033	2.655	9.6266	rho_fallback_no_desc	0.0	0.0
T2b29	2	1.2869	-1.2245	3.8427	very_low	1.2869	0.0	3.8427	rho_fallback_no_desc	0.0	0.0
T2b2b	4	6.5486	2.0714	11.1517	low	6.9253	4.3122	9.5924	single_child_interpolation	0.3766999999999996	5.752374553339639
T2b2b1	2	3.8953	1.3387	6.4951	very_low	3.8953	1.3387	6.4951	rho_fallback_no_desc	0.0	0.0
T2b3	85	18.0724	16.7445	19.4088	low	18.0724	16.7445	19.4088	rho_direct	0.0	0.0
T2b30	2	1.2869	-1.2245	3.8427	very_low	1.2869	0.0	3.8427	rho_fallback_no_desc	0.0	0.0
T2b31	2	10.6101	5.3225	16.0588	very_low	10.6101	5.3225	16.0588	rho_fallback_no_desc	0.0	0.0
T2b32	4	11.2963	6.2676	16.4684	low	11.2963	6.2676	16.4684	rho_fallback_no_desc	0.0	0.0
T2b33	4	12.6765	6.7547	18.7924	low	12.6765	6.7547	18.7924	rho_fallback_no_desc	0.0	0.0
T2b34	8	5.8811	3.3376	8.4653	low	5.8811	3.3376	8.4653	rho_fallback_no_desc	0.0	0.0
T2b35	3	4.3344	0.9254	7.8198	low	4.3344	0.9254	7.8198	rho_fallback_no_desc	0.0	0.0
T2b36	7	11.3945	5.7556	17.2141	low	7.3244	6.2501	8.4925	single_child_interpolation	-4.070100000000001	35.71986484707535
T2b36a	4	1.2869	-0.1685	2.7572	low	1.2869	0.0	2.7572	rho_fallback_no_desc	0.0	0.0
T2b37	2	10.6101	0.2051	21.6601	very_low	10.6101	0.2051	21.6601	rho_fallback_no_desc	0.0	0.0
T2b3_C151T	81	15.9628	14.7172	17.2162	low	15.9628	14.7172	17.2162	rho_direct	0.0	0.0
T2b3a	60	9.2456	8.0059	10.4941	high	9.2456	8.0059	10.4941	rho_direct	0.0	0.0
T2b3a1	29	4.4861	3.1595	5.8241	medium	4.4861	3.1595	5.8241	rho_direct	0.0	0.0
T2b3a2	13	6.4457	4.9267	7.9789	medium	6.4457	4.9267	7.9789	rho_direct	0.0	0.0
T2b3b	2	2.5854	-2.4381	7.7838	very_low	2.5854	0.0	7.7838	rho_fallback_no_desc	0.0	0.0
T2b3c	2	10.6101	0.2051	21.6601	very_low	10.6101	0.2051	21.6601	rho_fallback_no_desc	0.0	0.0
T2b3d	2	3.8953	-3.6406	11.8196	very_low	3.8953	0.0	11.8196	rho_fallback_no_desc	0.0	0.0
T2b3e	3	7.8917	-2.3374	18.7838	low	7.8917	0.0	18.7838	rho_fallback_no_desc	0.0	0.0
T2b4	46	10.6697	9.499	11.848	medium	10.6697	9.499	11.848	rho_direct	0.0	0.0
T2b4_T152C	31	8.8514	7.7108	9.9996	medium	8.8514	7.7108	9.9996	rho_direct	0.0	0.0
T2b4a	6	8.7931	6.1859	11.4404	low	8.3865	6.077	10.7373	single_child_interpolation	-0.40660000000000096	4.624080244737361
T2b4a1	3	6.1033	2.655	9.6266	low	6.1033	2.655	9.6266	rho_fallback_no_desc	0.0	0.0
T2b4b	3	4.3344	0.9254	7.8198	low	4.3344	0.9254	7.8198	rho_fallback_no_desc	0.0	0.0
T2b4c	5	5.7479	3.8075	7.712	low	5.7479	3.8075	7.712	rho_fallback_no_desc	0.0	0.0
T2b4d	2	5.2164	0.1025	10.5005	very_low	5.2164	0.1025	10.5005	rho_fallback_no_desc	0.0	0.0
T2b4e	2	11.9851	9.2999	14.71	very_low	11.9851	9.2999	14.71	rho_fallback_no_desc	0.0	0.0
T2b4f	3	4.3344	2.6202	6.0677	low	4.3344	2.6202	6.0677	rho_fallback_no_desc	0.0	0.0
T2b4g	2	5.2164	0.1025	10.5005	very_low	5.2164	0.1025	10.5005	rho_fallback_no_desc	0.0	0.0
T2b4h	3	4.3344	2.6202	6.0677	low	4.3344	2.6202	6.0677	rho_fallback_no_desc	0.0	0.0
T2b4i	2	7.8917	2.6898	13.2593	very_low	7.8917	2.6898	13.2593	rho_fallback_no_desc	0.0	0.0
T2b4j	5	3.108	2.0855	4.1375	low	3.108	2.0855	4.1375	rho_fallback_no_desc	0.0	0.0
T2b5	11	3.0604	1.904	4.2258	medium	7.1953	6.2501	8.2504	single_child_interpolation	4.1349	135.10978956999085
T2b5a	5	1.0286	-0.2051	2.273	low	3.5977	3.1251	4.1252	single_child_interpolation	2.5691	249.76667314796813
T2b5a1	2	0.0	0.0	0.0	very_low	0.0	0.0	0.0	rho_fallback_no_desc	0.0	
T2b6	6	6.995	2.0538	12.0887	low	6.995	2.0538	12.0887	rho_fallback_no_desc	0.0	0.0
T2b6_T146C!	3	8.7931	2.5273	15.2961	low	4.141	1.0269	7.9657	single_child_interpolation	-4.652100000000001	52.90625604166904
T2b6a	2	1.2869	-1.2245	3.8427	very_low	1.2869	0.0	3.8427	rho_fallback_no_desc	0.0	0.0
T2b6b	2	1.2869	-1.2245	3.8427	very_low	1.2869	0.0	3.8427	rho_fallback_no_desc	0.0	0.0
T2b7	10	12.538	8.9514	16.1951	low	11.986	9.7834	14.2265	single_child_interpolation	-0.5519999999999996	4.402616047216458
T2b7a	9	10.6101	7.0666	14.2252	low	10.6101	7.0666	14.2252	rho_fallback_no_desc	0.0	0.0
T2b7a1	3	2.5854	2.5854	2.5854	low	2.5854	2.5854	2.5854	rho_fallback_no_desc	0.0	0.0
T2b7a2	2	2.5854	2.5854	2.5854	very_low	2.5854	2.5854	2.5854	rho_fallback_no_desc	0.0	0.0
T2b7a3	4	8.5673	1.734	15.6852	low	8.5673	1.734	15.6852	rho_fallback_no_desc	0.0	0.0
T2b8	1	13.3705			no_ci	13.3705	0.0		rho_fallback_no_desc	0.0	0.0
T2b9	2	2.5854	2.5854	2.5854	very_low	2.5854	2.5854	2.5854	rho_fallback_no_desc	0.0	0.0
T2b_C150T	3	6.1033	2.655	9.6266	low	7.9737	7.5428	8.4066	single_child_interpolation	1.8704	30.645716251863746
T2b_T152C!	15	9.881	7.0243	12.7849	medium	9.881	7.0243	12.7849	rho_direct	0.0	0.0
T2b_T16362C	10	4.9513	2.0369	7.9204	medium	9.0684	6.8356	11.3455	single_child_interpolation	4.117100000000001	83.15189950114113
T2c	115	28.5377	27.4109	29.6695	low	22.659	21.83	23.4912	single_child_interpolation	-5.878700000000002	20.599768026154884
T2c1	110	23.2131	22.1859	24.2448	low	23.2131	22.1859	24.2448	rho_direct	0.0	0.0
T2c1_T146C!	85	20.9052	20.0163	21.7977	high	20.9052	20.0163	21.7977	rho_direct	0.0	0.0
T2c1a	15	12.8151	10.5057	15.1534	medium	12.8151	10.5057	15.1534	rho_direct	0.0	0.0
T2c1a1	2	2.5854	-2.4381	7.7838	very_low	2.5854	0.0	7.7838	rho_fallback_no_desc	0.0	0.0
T2c1a2	5	8.4319	7.3746	9.4958	low	8.4319	7.3746	9.4958	rho_fallback_no_desc	0.0	0.0
T2c1a3	2	6.5486	3.9479	9.1912	very_low	6.5486	3.9479	9.1912	rho_fallback_no_desc	0.0	0.0
T2c1c	10	20.1597	14.1197	26.3725	low	20.1597	14.1197	26.3725	rho_direct	0.0	0.0
T2c1c1	5	16.7367	13.5294	19.9954	low	16.7367	13.5294	19.9954	rho_fallback_no_desc	0.0	0.0
T2c1c2	2	1.2869	-1.2245	3.8427	very_low	1.2869	0.0	3.8427	rho_fallback_no_desc	0.0	0.0
T2c1d	72	13.0232	12.3615	13.6872	high	13.0232	12.3615	13.6872	rho_direct	0.0	0.0
T2c1d1	7	13.3705	8.973	17.8724	low	9.7859	6.1807	14.1426	single_child_interpolation	-3.5846	26.80976777233462
T2c1d1a	2	6.5486	-1.1229	14.598	very_low	6.5486	0.0	14.598	rho_fallback_no_desc	0.0	0.0
T2c1d2	54	7.5424	7.1726	7.913	high	7.4516	7.0359	7.8685	single_child_interpolation	-0.09079999999999977	1.2038608400509092
T2c1d2a	53	4.9663	4.6457	5.2875	high	4.9663	4.6457	5.2875	rho_direct	0.0	0.0
T2c1d_T152C	65	9.937	9.4261	10.4494	high	10.2374	9.6987	10.7778	single_child_interpolation	0.3003999999999998	3.0230451846633772
T2c1e	4	13.3705	5.8229	21.2316	low	13.3705	5.8229	21.2316	rho_fallback_no_desc	0.0	0.0
T2c1f	4	14.067	7.0111	21.392	low	14.067	7.0111	21.392	rho_fallback_no_desc	0.0	0.0
T2d	30	26.9706	24.0965	29.8785	low	26.9706	24.0965	29.8785	rho_direct	0.0	0.0
T2d1	24	22.6176	19.5468	25.7303	low	22.6176	19.5468	25.7303	rho_direct	0.0	0.0
T2d1a	2	11.9851	9.2999	14.71	very_low	11.9851	9.2999	14.71	rho_fallback_no_desc	0.0	0.0
T2d1b	22	13.7501	10.8686	16.6757	medium	13.7501	10.8686	16.6757	rho_direct	0.0	0.0
T2d1b1	5	9.5176	5.2368	13.906	low	9.5176	5.2368	13.906	rho_fallback_no_desc	0.0	0.0
T2d1b2	4	19.7288	9.1505	30.8548	low	19.7288	9.1505	30.8548	rho_fallback_no_desc	0.0	0.0
T2d2	6	12.4458	8.8654	16.0964	low	12.4458	8.8654	16.0964	rho_fallback_no_desc	0.0	0.0
T2e	50	9.8446	8.0084	11.7003	high	9.8446	8.0084	11.7003	rho_direct	0.0	0.0
T2e1	15	11.3421	7.7538	15.0029	low	11.3421	7.7538	15.0029	rho_direct	0.0	0.0
T2e1a	6	15.2335	11.5991	18.9362	low	12.3563	8.1075	16.7067	single_child_interpolation	-2.8772	18.887320707650904
T2e1a1	4	13.3705	8.4611	18.4105	low	13.3705	8.4611	18.4105	rho_fallback_no_desc	0.0	0.0
T2e1a1a	2	3.8953	1.3387	6.4951	very_low	3.8953	1.3387	6.4951	rho_fallback_no_desc	0.0	0.0
T2e1a1b	2	14.766	12.0403	17.5304	very_low	8.6329	4.8999	12.4528	single_child_interpolation	-6.133100000000001	41.53528375998917
T2e1a1b1	2	3.8953	1.3387	6.4951	very_low	3.8953	1.3387	6.4951	rho_fallback_no_desc	0.0	0.0
T2e1b	4	6.5486	0.4289	12.9063	low	9.6169	3.8769	16.8933	single_child_interpolation	3.068299999999999	46.85428946645083
T2e1b1	2	7.8917	-2.3374	18.7838	very_low	7.8917	0.0	18.7838	rho_fallback_no_desc	0.0	0.0
T2e2	3	10.6101	7.5371	13.7368	low	8.8681	5.3491	12.4798	single_child_interpolation	-1.741999999999999	16.41831839473708
T2e2a	2	7.8917	2.6898	13.2593	very_low	7.8917	2.6898	13.2593	rho_fallback_no_desc	0.0	0.0
T2e5	2	2.5854	-2.4381	7.7838	very_low	2.5854	0.0	7.7838	rho_fallback_no_desc	0.0	0.0
T2e6	2	6.5486	3.9479	9.1912	very_low	6.5486	3.9479	9.1912	rho_fallback_no_desc	0.0	0.0
T2e7	2	6.5486	-1.1229	14.598	very_low	6.5486	0.0	14.598	rho_fallback_no_desc	0.0	0.0
T2e_T152C!	3	10.6101	5.3225	16.0588	low	8.1966	4.0042	13.1491	single_child_interpolation	-2.413499999999999	22.7471937116521
T2f	33	17.2861	14.8108	19.7916	low	17.2861	14.8108	19.7916	rho_direct	0.0	0.0
T2f1	16	16.7013	14.2261	19.2072	low	11.8727	9.6551	14.1174	single_child_interpolation	-4.8286	28.91152185757995
T2f1a	15	6.4594	4.4994	8.4432	medium	8.5446	6.4503	10.6647	single_child_interpolation	2.0852000000000013	32.28163606526924
T2f1a1	11	5.2164	3.2455	7.2121	medium	5.2164	3.2455	7.2121	rho_direct	0.0	0.0
T2f2	5	10.063	3.5476	16.8281	low	10.063	3.5476	16.8281	rho_fallback_no_desc	0.0	0.0
T2f3	2	1.2869	-1.2245	3.8427	very_low	1.2869	0.0	3.8427	rho_fallback_no_desc	0.0	0.0
T2f4	0				no_ci		0.0		rho_fallback_no_desc		
T2f5	2	3.8953	1.3387	6.4951	very_low	3.8953	1.3387	6.4951	rho_fallback_no_desc	0.0	0.0
T2f6	2	7.8917	2.6898	13.2593	very_low	7.8917	2.6898	13.2593	rho_fallback_no_desc	0.0	0.0
T2f7	3	5.2164	2.2425	8.247	low	10.5907	8.0747	13.1433	single_child_interpolation	5.3743	103.02699179510772
T2f7a	2	3.8953	1.3387	6.4951	very_low	3.8953	1.3387	6.4951	rho_fallback_no_desc	0.0	0.0
T2f8	2	11.9851	9.2999	14.71	very_low	13.2658	10.7065	15.8607	single_child_interpolation	1.2807000000000013	10.685768162134663
T2f8a	2	9.2456	6.6021	11.9299	very_low	9.2456	6.6021	11.9299	rho_fallback_no_desc	0.0	0.0
T2g	25	17.9853	16.1466	19.8404	medium	17.9853	16.1466	19.8404	rho_direct	0.0	0.0
T2g1	18	9.6992	7.5532	11.8718	medium	9.6992	7.5532	11.8718	rho_direct	0.0	0.0
T2g1a	12	4.9954	2.8465	7.174	medium	7.4578	3.8278	11.1861	single_child_interpolation	2.4623999999999997	49.29334988189134
T2g1a1	2	5.2164	0.1025	10.5005	very_low	5.2164	0.1025	10.5005	rho_fallback_no_desc	0.0	0.0
T2g1b	5	10.6101	7.6934	13.5751	low	10.6101	7.6934	13.5751	rho_fallback_no_desc	0.0	0.0
T2g2	3	6.995	2.4241	11.6961	low	10.9403	8.7426	13.1677	single_child_interpolation	3.9453000000000005	56.40171551107935
T2g2a	2	3.8953	1.3387	6.4951	very_low	3.8953	1.3387	6.4951	rho_fallback_no_desc	0.0	0.0
T2h	15	15.4208	9.1541	21.8928	medium	15.4208	9.1541	21.8928	rho_direct	0.0	0.0
T2h1	2	2.5854	-2.4381	7.7838	very_low	2.5854	0.0	7.7838	rho_fallback_no_desc	0.0	0.0
T2h2	3	6.1033	4.3696	7.8557	low	6.1033	4.3696	7.8557	rho_fallback_no_desc	0.0	0.0
T2i	14	8.2774	6.6325	9.9383	medium	8.2774	6.6325	9.9383	rho_direct	0.0	0.0
T2i1	4	7.8917	3.6315	12.2623	low	7.8917	3.6315	12.2623	rho_fallback_no_desc	0.0	0.0
T2i2	5	1.0286	-0.9805	3.0661	low	1.0286	0.0	3.0661	rho_fallback_no_desc	0.0	0.0
T2j	3	17.1143	15.2709	18.9744	low	14.3268	12.711	15.9643	single_child_interpolation	-2.7874999999999996	16.287549008723698
T2j1	2	6.5486	3.9479	9.1912	very_low	6.5486	3.9479	9.1912	rho_fallback_no_desc	0.0	0.0
T2k	2	9.2456	6.6021	11.9299	very_low	9.2456	6.6021	11.9299	rho_fallback_no_desc	0.0	0.0
T2l	3	9.6992	2.1137	17.6283	low	9.6992	2.1137	17.6283	rho_fallback_no_desc	0.0	0.0
T2m	2	10.6101	10.6101	10.6101	very_low	10.6101	10.6101	10.6101	rho_fallback_no_desc	0.0	0.0
T2n	4	7.8917	4.1957	11.6705	low	7.8917	4.1957	11.6705	rho_fallback_no_desc	0.0	0.0
T3	1	0.0			no_ci	0.0	0.0		rho_fallback_no_desc	0.0	
U	3013	50.8668	50.3987	51.3355	high	50.8668	50.3987	51.3355	rho_direct	0.0	0.0
U1	129	36.7081	35.4588	37.9628	high	36.7081	35.4588	37.9628	rho_direct	0.0	0.0
U1a	116	27.9409	26.6016	29.2873	high	27.9409	26.6016	29.2873	rho_direct	0.0	0.0
U1a1	92	20.9488	19.5898	22.3161	high	20.9488	19.5898	22.3161	rho_direct	0.0	0.0
U1a1a	33	15.4889	13.3953	17.6048	medium	15.4889	13.3953	17.6048	rho_direct	0.0	0.0
U1a1a1	12	10.8385	8.3399	13.3724	medium	9.8238	8.1469	11.517	single_child_interpolation	-1.0146999999999995	9.361996586243478
U1a1a1a	5	4.1586	2.8985	5.4291	low	4.1586	2.8985	5.4291	rho_fallback_no_desc	0.0	0.0
U1a1a2	3	6.1033	1.5581	10.7797	low	6.1033	1.5581	10.7797	rho_fallback_no_desc	0.0	0.0
U1a1a3	0				no_ci		0.0		rho_fallback_no_desc		
U1a1a_G16129A!	7	17.3844	13.6091	21.2303	low		6.6976		single_child_interpolation		
U1a1b	4	14.067	1.4386	27.5875	low	14.067	1.4386	27.5875	rho_fallback_no_desc	0.0	0.0
U1a1c	50	16.454	15.0417	17.8762	high	16.454	15.0417	17.8762	rho_direct	0.0	0.0
U1a1c1	47	13.4889	12.0206	14.9686	medium	13.4889	12.0206	14.9686	rho_direct	0.0	0.0
U1a1c1a	9	5.8071	1.7992	9.9174	low	5.8071	1.7992	9.9174	rho_fallback_no_desc	0.0	0.0
U1a1c1b	2	3.8953	1.3387	6.4951	very_low	3.8953	1.3387	6.4951	rho_fallback_no_desc	0.0	0.0
U1a1c1c	21	12.9736	11.7169	14.2388	medium	7.0297	6.0418	8.0243	single_child_interpolation	-5.943899999999999	45.81534809150891
U1a1c1c1	18	0.5705	0.063	1.0799	medium	0.5705	0.063	1.0799	rho_direct	0.0	0.0
U1a1c1d	15	9.155	6.2014	12.1598	medium	8.0372	6.0103	11.3762	single_child_interpolation	-1.117799999999999	12.209721463681039
U1a1c1d1	2	2.5854	-2.4381	7.7838	very_low	2.5854	0.0	7.7838	rho_fallback_no_desc	0.0	0.0
U1a1c2	3	2.5854	2.5854	2.5854	low	2.5854	2.5854	2.5854	rho_fallback_no_desc	0.0	0.0
U1a1d	2	11.9851	9.2999	14.71	very_low	11.9851	9.2999	14.71	rho_fallback_no_desc	0.0	0.0
U1a2	17	17.838	16.3274	19.3597	medium	15.4082	14.4545	16.3666	single_child_interpolation	-2.4298	13.621482228949432
U1a2a	9	2.8755	2.3075	3.4458	low	2.8755	2.3075	3.4458	rho_fallback_no_desc	0.0	0.0
U1a3	5	6.8163	2.6055	11.1377	low	6.8163	2.6055	11.1377	rho_fallback_no_desc	0.0	0.0
U1b	13	12.9431	10.5856	15.3306	medium	12.9431	10.5856	15.3306	rho_direct	0.0	0.0
U1b1	5	9.5176	5.5704	13.5561	low	9.5176	5.5704	13.5561	rho_fallback_no_desc	0.0	0.0
U1b2	4	7.2188	4.7176	9.7581	low	7.2188	4.7176	9.7581	rho_fallback_no_desc	0.0	0.0
U1b3	4	11.2963	8.7345	13.8948	low	11.2963	8.7345	13.8948	rho_fallback_no_desc	0.0	0.0
U2	333	59.5737	58.003	61.1501	low	59.5737	58.003	61.1501	rho_direct	0.0	0.0
U2'3'4'7'8'9	1828	52.5169	51.9414	53.0932	low	52.5169	51.9414	53.0932	rho_direct	0.0	0.0
U2_T152C!	242	58.9852	57.3615	60.6151	low	58.9852	57.3615	60.6151	rho_direct	0.0	0.0
U2a	20	34.5327	29.0414	40.1325	medium	34.5327	29.0414	40.1325	rho_direct	0.0	0.0
U2a1	12	21.6505	16.6971	26.716	medium	21.6505	16.6971	26.716	rho_direct	0.0	0.0
U2a1a	9	13.6797	9.1459	18.324	low	13.6797	9.1459	18.324	rho_fallback_no_desc	0.0	0.0
U2a1b	3	25.7889	13.5072	38.7299	low	21.049	17.1705	25.0017	single_child_interpolation	-4.739900000000002	18.37961293424691
U2a1b1	2	20.4474	17.644	23.2873	very_low	20.4474	17.644	23.2873	rho_fallback_no_desc	0.0	0.0
U2a2	8	21.1685	13.9009	28.6828	low	21.1685	13.9009	28.6828	rho_fallback_no_desc	0.0	0.0
U2b	70	41.737	39.0658	44.4307	high	41.737	39.0658	44.4307	rho_direct	0.0	0.0
U2b1	17	30.7497	23.1068	38.6198	medium	30.7497	23.1068	38.6198	rho_direct	0.0	0.0
U2b1a	4	20.4474	17.644	23.2873	low	16.6675	12.8461	20.6026	single_child_interpolation	-3.779899999999998	18.485968876238534
U2b1a1	3	2.5854	2.5854	2.5854	low	2.5854	2.5854	2.5854	rho_fallback_no_desc	0.0	0.0
U2b1b	7	12.5776	7.7991	17.4818	low	12.5776	7.7991	17.4818	rho_fallback_no_desc	0.0	0.0
U2b2	41	11.548	9.6859	13.4293	medium	11.548	9.6859	13.4293	rho_direct	0.0	0.0
U2b3	10	24.5152	22.3501	26.7004	medium	24.5152	22.3501	26.7004	rho_direct	0.0	0.0
U2b4	1	21.8918			no_ci	21.8918	0.0		rho_fallback_no_desc	0.0	0.0
U2c	31	35.6406	32.4086	38.9092	medium	37.4017	34.2886	40.5499	single_child_interpolation	1.761099999999999	4.941274838246267
U2c'd	43	46.3278	43.6012	49.076	medium	46.3278	43.6012	49.076	rho_direct	0.0	0.0
U2c1	25	28.4755	24.9761	32.0238	medium	28.4755	24.9761	32.0238	rho_direct	0.0	0.0
U2c1a	9	22.86	17.0754	28.7946	low	21.761	16.147	27.5581	single_child_interpolation	-1.0990000000000002	4.807524059492565
U2c1a1	5	15.0464	7.3178	23.0924	low	15.0464	7.3178	23.0924	rho_fallback_no_desc	0.0	0.0
U2c1b	8	22.9813	18.9901	27.0431	low	20.4607	16.9208	24.0601	single_child_interpolation	-2.5206000000000017	10.968047934625115
U2c1b1	6	12.4458	8.8654	16.0964	low	12.4458	8.8654	16.0964	rho_fallback_no_desc	0.0	0.0
U2d	12	21.4093	18.5653	24.2902	medium	21.4093	18.5653	24.2902	rho_direct	0.0	0.0
U2d1	3	16.1717	13.0048	19.3893	low	16.1717	13.0048	19.3893	rho_fallback_no_desc	0.0	0.0
U2d2	6	9.6992	4.1603	15.4189	low	12.6523	9.2827	18.0549	single_child_interpolation	2.953100000000001	30.446840976575402
U2d2a	2	3.8953	-3.6406	11.8196	very_low	3.8953	0.0	11.8196	rho_fallback_no_desc	0.0	0.0
U2d3	2	6.5486	3.9479	9.1912	very_low	6.5486	3.9479	9.1912	rho_fallback_no_desc	0.0	0.0
U2e	199	22.8551	21.3716	24.3483	high	39.625	38.0778	41.1803	single_child_interpolation	16.7699	73.37487037904012
U2e1	115	15.7795	14.5794	16.9869	high	15.7795	14.5794	16.9869	rho_direct	0.0	0.0
U2e1'2'3'4'5	197	20.2648	18.7941	21.7455	high	20.2648	18.7941	21.7455	rho_direct	0.0	0.0
U2e1a	32	9.5006	8.2182	10.7924	medium	11.3585	10.1212	12.6043	single_child_interpolation	1.857899999999999	19.555607014293823
U2e1a1	31	6.9374	5.663	8.2216	medium	6.9374	5.663	8.2216	rho_direct	0.0	0.0
U2e1a1a	2	5.2164	0.1025	10.5005	very_low	5.2164	0.1025	10.5005	rho_fallback_no_desc	0.0	0.0
U2e1a1b	2	3.8953	1.3387	6.4951	very_low	3.8953	1.3387	6.4951	rho_fallback_no_desc	0.0	0.0
U2e1a1c	4	5.8811	3.4007	8.4002	low	5.8811	3.4007	8.4002	rho_fallback_no_desc	0.0	0.0
U2e1b	29	14.5247	12.0982	16.982	medium	14.5247	12.0982	16.982	rho_direct	0.0	0.0
U2e1b1	17	3.5089	1.6521	5.3885	medium	3.5089	1.6521	5.3885	rho_direct	0.0	0.0
U2e1b2	2	10.6101	10.6101	10.6101	very_low	10.6101	10.6101	10.6101	rho_fallback_no_desc	0.0	0.0
U2e1b3	3	6.995	5.2518	8.7569	low	6.995	5.2518	8.7569	rho_fallback_no_desc	0.0	0.0
U2e1b4	3	6.1033	-0.0571	12.5075	low	6.1033	0.0	12.5075	rho_fallback_no_desc	0.0	0.0
U2e1c	4	11.2963	3.432	19.5175	low	12.7393	7.2897	18.92	single_child_interpolation	1.4429999999999996	12.774094172428136
U2e1c1	3	9.6992	-0.7854	20.853	low	9.6992	0.0	20.853	rho_fallback_no_desc	0.0	0.0
U2e1d	2	5.2164	0.1025	10.5005	very_low	5.2164	0.1025	10.5005	rho_fallback_no_desc	0.0	0.0
U2e1e	5	7.8917	6.2283	9.5716	low	7.8917	6.2283	9.5716	rho_fallback_no_desc	0.0	0.0
U2e1f	4	18.2986	15.6412	20.9902	low	10.498	8.411	12.617	single_child_interpolation	-7.800600000000001	42.629490780715464
U2e1f1	3	5.2164	2.2425	8.247	low	5.2164	2.2425	8.247	rho_fallback_no_desc	0.0	0.0
U2e1g	4	6.5486	3.1992	9.9679	low	6.5486	3.1992	9.9679	rho_fallback_no_desc	0.0	0.0
U2e1h	4	27.7615	25.3958	30.1498	low	13.1948	11.5055	14.9012	single_child_interpolation	-14.5667	52.47086792860617
U2e1h1	4	10.6101	8.4315	12.8156	low	10.6101	8.4315	12.8156	rho_fallback_no_desc	0.0	0.0
U2e2	49	21.0653	16.0199	26.2286	low	19.3411	16.0725	22.6774	single_child_interpolation	-1.7241999999999997	8.185024661409996
U2e2a	48	18.4174	13.351	23.6093	low	14.9451	12.5584	17.3722	single_child_interpolation	-3.4723000000000006	18.85336692475594
U2e2a1	45	10.5492	9.0442	12.067	medium	10.5492	9.0442	12.067	rho_direct	0.0	0.0
U2e2a1a	18	7.4428	5.2734	9.6407	medium	7.4428	5.2734	9.6407	rho_direct	0.0	0.0
U2e2a1a1	4	3.8953	1.3387	6.4951	low	3.8953	1.3387	6.4951	rho_fallback_no_desc	0.0	0.0
U2e2a1a2	4	10.6101	4.9061	16.5021	low	10.6101	4.9061	16.5021	rho_fallback_no_desc	0.0	0.0
U2e2a1b	2	11.9851	9.2999	14.71	very_low	11.9851	9.2999	14.71	rho_fallback_no_desc	0.0	0.0
U2e2a1c	2	5.2164	-4.832	15.9461	very_low	5.2164	0.0	15.9461	rho_fallback_no_desc	0.0	0.0
U2e2a1d	13	7.4772	5.2704	9.7136	medium	7.4772	5.2704	9.7136	rho_direct	0.0	0.0
U2e3	5	15.6082	11.2468	20.0677	low	15.7805	11.5721	20.1324	single_child_interpolation	0.1722999999999999	1.1039069207211587
U2e3a	4	11.2963	4.3502	18.5193	low	11.2963	4.3502	18.5193	rho_fallback_no_desc	0.0	0.0
U2e4	18	10.9147	10.5052	11.3252	medium	10.9147	10.5052	11.3252	rho_direct	0.0	0.0
U2e5	6	8.7931	5.8547	11.7825	low	8.7931	5.8547	11.7825	rho_fallback_no_desc	0.0	0.0
U3	138	30.5537	29.2168	31.8975	high	30.5537	29.2168	31.8975	rho_direct	0.0	0.0
U3a	51	12.5543	10.8079	14.3173	high	12.5543	10.8079	14.3173	rho_direct	0.0	0.0
U3a'c	57	24.9116	23.0966	26.7405	high	24.9116	23.0966	26.7405	rho_direct	0.0	0.0
U3a1	28	6.0715	4.7311	7.4231	medium	6.0715	4.7311	7.4231	rho_direct	0.0	0.0
U3a1a	8	4.5544	2.0326	7.1176	low	4.3285	3.6582	5.0042	single_child_interpolation	-0.2259000000000002	4.960038643948713
U3a1a1	2	2.5854	2.5854	2.5854	very_low	2.5854	2.5854	2.5854	rho_fallback_no_desc	0.0	0.0
U3a1b	5	3.108	0.1465	6.1287	low	3.108	0.1465	6.1287	rho_fallback_no_desc	0.0	0.0
U3a1c	5	5.2164	2.3937	8.0901	low	3.895	2.3826	5.4227	single_child_interpolation	-1.3214000000000001	25.331646346139102
U3a1c1	3	1.7185	0.0342	3.4224	low	1.7185	0.0342	3.4224	rho_fallback_no_desc	0.0	0.0
U3a2	8	14.4162	11.3448	17.5371	low	12.1711	9.56	14.8242	single_child_interpolation	-2.2451000000000008	15.573452088622528
U3a2a	7	11.788	8.312	15.3312	low	11.665	8.8029	14.5753	single_child_interpolation	-0.12300000000000111	1.0434340006786658
U3a2a1	5	11.1588	8.0458	14.3264	low	7.1252	4.4014	10.0707	single_child_interpolation	-4.033599999999999	36.147255977345225
U3a2a1a	3	2.5854	-0.3368	5.566	low	2.5854	0.0	5.566	rho_fallback_no_desc	0.0	0.0
U3a3	5	15.6082	9.3302	22.0915	low	15.6082	9.3302	22.0915	rho_fallback_no_desc	0.0	0.0
U3a4	3	4.3344	2.6202	6.0677	low	4.3344	2.6202	6.0677	rho_fallback_no_desc	0.0	0.0
U3b	78	17.0779	15.4208	18.7486	high	17.0779	15.4208	18.7486	rho_direct	0.0	0.0
U3b1	22	16.6853	12.8014	20.6449	low	16.6853	12.8014	20.6449	rho_direct	0.0	0.0
U3b1a	6	22.3754	18.4083	26.4131	low	12.5586	8.3667	16.8494	single_child_interpolation	-9.816799999999999	43.87318215540281
U3b1a1	5	8.4319	3.932	13.0539	low	8.4319	3.932	13.0539	rho_fallback_no_desc	0.0	0.0
U3b1b	8	1.9348	1.1041	2.7702	low	1.9348	1.1041	2.7702	rho_fallback_no_desc	0.0	0.0
U3b2	21	17.1143	14.8804	19.3727	low	17.1143	14.8804	19.3727	rho_direct	0.0	0.0
U3b2a	15	11.5256	9.1471	13.9355	medium	13.1276	10.6859	15.6022	single_child_interpolation	1.6019999999999985	13.899493301867134
U3b2a1	13	9.141	6.4914	11.8318	medium	9.172	6.7969	11.5806	single_child_interpolation	0.031000000000000583	0.33913138606280036
U3b2a1a	5	5.2164	2.9078	7.559	low	5.2164	2.9078	7.559	rho_fallback_no_desc	0.0	0.0
U3b2b	3	12.4458	6.0438	19.0763	low	12.4458	6.0438	19.0763	rho_fallback_no_desc	0.0	0.0
U3b2c	3	10.6101	4.5195	16.9156	low	10.6101	4.5195	16.9156	rho_fallback_no_desc	0.0	0.0
U3b3	14	15.769	12.6334	18.9548	low	15.769	12.6334	18.9548	rho_direct	0.0	0.0
U3c	6	23.3456	20.505	26.2215	low	16.4016	15.4941	17.3161	single_child_interpolation	-6.944000000000003	29.744362963470643
U3c1	5	7.8917	7.8917	7.8917	low	7.8917	7.8917	7.8917	rho_fallback_no_desc	0.0	0.0
U4	364	19.5711	18.5663	20.5808	high	19.5711	18.5663	20.5808	rho_direct	0.0	0.0
U4'9	377	36.7375	35.6568	37.8223	high	36.7375	35.6568	37.8223	rho_direct	0.0	0.0
U4a	169	14.708	13.5606	15.8623	high	14.708	13.5606	15.8623	rho_direct	0.0	0.0
U4a1	77	10.2191	9.2085	11.2356	high	10.2191	9.2085	11.2356	rho_direct	0.0	0.0
U4a1a	20	6.4148	4.6229	8.2267	medium	6.4148	4.6229	8.2267	rho_direct	0.0	0.0
U4a1a1	0				no_ci		0.0		rho_fallback_no_desc		
U4a1a2	2	5.2164	-4.832	15.9461	very_low	5.2164	0.0	15.9461	rho_fallback_no_desc	0.0	0.0
U4a1a3	2	0.0	0.0	0.0	very_low	0.0	0.0	0.0	rho_fallback_no_desc	0.0	
U4a1b	8	7.5549	4.2174	10.9602	low	7.5549	4.2174	10.9602	rho_fallback_no_desc	0.0	0.0
U4a1b1	5	6.2812	2.0846	10.589	low	6.3857	4.7169	8.0883	single_child_interpolation	0.10449999999999982	1.6636948353817713
U4a1b1a	2	5.2164	5.2164	5.2164	very_low	5.2164	5.2164	5.2164	rho_fallback_no_desc	0.0	0.0
U4a1b2	2	5.2164	5.2164	5.2164	very_low	5.2164	5.2164	5.2164	rho_fallback_no_desc	0.0	0.0
U4a1c	2	1.2869	-1.2245	3.8427	very_low	1.2869	0.0	3.8427	rho_fallback_no_desc	0.0	0.0
U4a1d	3	1.7185	0.0342	3.4224	low	1.7185	0.0342	3.4224	rho_fallback_no_desc	0.0	0.0
U4a1e	5	11.7093	8.0824	15.4095	low	11.7093	8.0824	15.4095	rho_fallback_no_desc	0.0	0.0
U4a2	67	8.8605	7.4782	10.2541	high	8.8605	7.4782	10.2541	rho_direct	0.0	0.0
U4a2a	19	4.798	3.0668	6.5484	medium	4.798	3.0668	6.5484	rho_direct	0.0	0.0
U4a2a1	4	3.8953	-0.5049	8.4249	low	3.8953	0.0	8.4249	rho_fallback_no_desc	0.0	0.0
U4a2a2	3	2.5854	-0.3368	5.566	low	2.5854	0.0	5.566	rho_fallback_no_desc	0.0	0.0
U4a2a3	2	5.2164	5.2164	5.2164	very_low	5.2164	5.2164	5.2164	rho_fallback_no_desc	0.0	0.0
U4a2b	7	2.2133	0.4892	3.9576	low	2.2133	0.4892	3.9576	rho_fallback_no_desc	0.0	0.0
U4a2c	8	13.3705	10.4796	16.3062	low	5.7229	3.7391	7.9101	single_child_interpolation	-7.6476	57.19756179649228
U4a2c1	3	2.5854	-0.3368	5.566	low	2.5854	0.0	5.566	rho_fallback_no_desc	0.0	0.0
U4a2d	3	1.7185	0.0342	3.4224	low	1.7185	0.0342	3.4224	rho_fallback_no_desc	0.0	0.0
U4a2e	3	3.4574	1.7531	5.181	low	3.4574	1.7531	5.181	rho_fallback_no_desc	0.0	0.0
U4a2f	4	10.6101	7.5371	13.7368	low	10.6101	7.5371	13.7368	rho_fallback_no_desc	0.0	0.0
U4a2g	6	6.995	4.0886	9.9535	low	6.995	4.0886	9.9535	rho_fallback_no_desc	0.0	0.0
U4a2h	3	2.5854	-0.3368	5.566	low	5.0737	3.7391	7.0484	single_child_interpolation	2.4882999999999997	96.2442948866713
U4a2h1	2	1.2869	-1.2245	3.8427	very_low	1.2869	0.0	3.8427	rho_fallback_no_desc	0.0	0.0
U4a3	5	10.063	0.4227	20.2611	low	8.2133	6.7803	10.504	single_child_interpolation	-1.8497000000000003	18.381198449766472
U4a3a	3	1.7185	-1.6302	5.1456	low	1.7185	0.0	5.1456	rho_fallback_no_desc	0.0	0.0
U4b	134	18.1179	16.0257	20.2312	high	18.1179	16.0257	20.2312	rho_direct	0.0	0.0
U4b1	83	20.1874	17.4381	22.9719	low	20.1874	17.4381	22.9719	rho_direct	0.0	0.0
U4b1_T146C!_T152C!	24	14.1833	11.5357	16.8678	medium	16.0562	13.4196	18.7281	single_child_interpolation	1.8729000000000013	13.204966404151373
U4b1a	59	17.9486	14.2387	21.7259	low	17.9486	14.2387	21.7259	rho_direct	0.0	0.0
U4b1a1	27	10.7116	9.2146	12.2212	medium	13.2319	10.6545	15.8491	single_child_interpolation	2.520299999999999	23.528697860263627
U4b1a1a	26	8.5152	7.0704	9.9723	medium	8.7432	6.7064	10.8072	single_child_interpolation	0.22799999999999976	2.6775648252536612
U4b1a1a1	22	4.2545	2.7583	5.7652	medium	4.2545	2.7583	5.7652	rho_direct	0.0	0.0
U4b1a2	10	8.1616	5.1881	11.1882	medium	8.1616	5.1881	11.1882	rho_direct	0.0	0.0
U4b1a2a	6	5.6592	2.5564	8.8233	low	5.6592	2.5564	8.8233	rho_fallback_no_desc	0.0	0.0
U4b1a2b	3	5.2164	0.1025	10.5005	low	5.2164	0.1025	10.5005	rho_fallback_no_desc	0.0	0.0
U4b1a3	4	5.2164	3.1076	7.3536	low	10.703	7.9959	13.4535	single_child_interpolation	5.486599999999999	105.17981749865805
U4b1a3a	3	3.4574	1.7531	5.181	low	3.4574	1.7531	5.181	rho_fallback_no_desc	0.0	0.0
U4b1a4	18	12.5996	1.3116	24.6176	low	12.5996	1.3116	24.6176	rho_direct	0.0	0.0
U4b1b	23	11.9251	9.4011	14.4842	medium	11.9251	9.4011	14.4842	rho_direct	0.0	0.0
U4b1b1	21	8.7931	6.1608	11.4663	medium	8.7931	6.1608	11.4663	rho_direct	0.0	0.0
U4b1b1_T16311C!	7	3.7075	1.8195	5.6189	low	5.6893	3.0804	8.5161	single_child_interpolation	1.9818000000000002	53.453809844908974
U4b1b1a	2	1.2869	-1.2245	3.8427	very_low	1.2869	0.0	3.8427	rho_fallback_no_desc	0.0	0.0
U4b1b1b	2	3.8953	-3.6406	11.8196	very_low	3.8953	0.0	11.8196	rho_fallback_no_desc	0.0	0.0
U4b1b1c	3	2.5854	-0.3368	5.566	low	2.5854	0.0	5.566	rho_fallback_no_desc	0.0	0.0
U4b1b1d	3	1.7185	-1.6302	5.1456	low	1.7185	0.0	5.1456	rho_fallback_no_desc	0.0	0.0
U4b1b1e	3	5.2164	0.1025	10.5005	low	5.2164	0.1025	10.5005	rho_fallback_no_desc	0.0	0.0
U4b1b2	2	5.2164	0.1025	10.5005	very_low	5.2164	0.1025	10.5005	rho_fallback_no_desc	0.0	0.0
U4b2	23	8.1264	5.2706	11.0311	medium	13.8178	11.1855	16.4899	single_child_interpolation	5.6914	70.03593227013191
U4b2a	5	9.5176	6.3454	12.7486	low	10.8547	6.9377	14.8746	single_child_interpolation	1.3370999999999995	14.048709758762708
U4b2a1	3	7.8917	2.6898	13.2593	low	8.0356	6.077	10.0455	single_child_interpolation	0.14390000000000036	1.8234347478996966
U4b2a1a	2	5.2164	5.2164	5.2164	very_low	5.2164	5.2164	5.2164	rho_fallback_no_desc	0.0	0.0
U4b3	13	7.6843	5.205	10.2008	medium	7.6843	5.205	10.2008	rho_direct	0.0	0.0
U4c	25	22.2399	19.9682	24.5346	low	22.2399	19.9682	24.5346	rho_direct	0.0	0.0
U4c1	21	7.2507	5.3423	9.1813	medium	14.6175	11.7478	17.5358	single_child_interpolation	7.3668	101.60122470933841
U4c1a	3	6.995	3.5274	10.537	low	6.995	3.5274	10.537	rho_fallback_no_desc	0.0	0.0
U4c2	4	9.2456	7.7143	10.7905	low	14.6175	12.61	16.6457	single_child_interpolation	5.3719	58.10223241325604
U4c2a	3	6.995	5.2518	8.7569	low	6.995	5.2518	8.7569	rho_fallback_no_desc	0.0	0.0
U4d	34	17.9217	15.8262	20.0385	medium	17.9217	15.8262	20.0385	rho_direct	0.0	0.0
U4d1	12	9.6992	7.2275	12.2062	medium	9.6992	7.2275	12.2062	rho_direct	0.0	0.0
U4d1a	8	6.2145	3.4524	9.0243	low	7.0168	4.3522	9.7258	single_child_interpolation	0.8022999999999998	12.910129535763131
U4d1a1	6	4.3344	1.4769	7.2454	low	5.2371	2.1761	8.8923	single_child_interpolation	0.9027000000000003	20.826411960132898
U4d1a1a	3	3.4574	-1.009	8.0587	low	3.4574	0.0	8.0587	rho_fallback_no_desc	0.0	0.0
U4d1b	2	1.2869	-1.2245	3.8427	very_low	1.2869	0.0	3.8427	rho_fallback_no_desc	0.0	0.0
U4d2	21	8.1487	6.196	10.1242	medium	8.1487	6.196	10.1242	rho_direct	0.0	0.0
U4d3	1	7.8917			no_ci	7.8917	0.0		rho_fallback_no_desc	0.0	0.0
U5	881	38.9017	38.2871	39.5175	high	40.3718	39.843	40.9016	single_child_interpolation	1.4701000000000022	3.7790122282573826
U5a	432	21.9187	21.1001	22.7403	high	21.9187	21.1001	22.7403	rho_direct	0.0	0.0
U5a'b	880	29.8768	29.2873	30.4677	high	29.8768	29.2873	30.4677	rho_direct	0.0	0.0
U5a1	270	17.7767	16.7473	18.8112	high	17.7767	16.7473	18.8112	rho_direct	0.0	0.0
U5a1_T16192C	105	16.1985	15.2409	17.1607	high	16.1985	15.2409	17.1607	rho_direct	0.0	0.0
U5a1a	88	14.067	13.1119	15.0268	high	14.067	13.1119	15.0268	rho_direct	0.0	0.0
U5a1a1	65	8.0993	6.988	9.2179	high	8.0993	6.988	9.2179	rho_direct	0.0	0.0
U5a1a1_T152C	19	6.0565	4.2762	7.8565	medium	6.0565	4.2762	7.8565	rho_direct	0.0	0.0
U5a1a1_T16362C	7	9.8291	6.8324	12.8777	low	5.8659	3.7816	7.9849	single_child_interpolation	-3.9632000000000005	40.32108738338201
U5a1a1a	6	2.1513	-0.2614	4.604	low	2.1513	0.0	4.604	rho_fallback_no_desc	0.0	0.0
U5a1a1b	5	6.8163	4.7289	8.9305	low	6.8163	4.7289	8.9305	rho_fallback_no_desc	0.0	0.0
U5a1a1c	2	1.2869	-1.2245	3.8427	very_low	1.2869	0.0	3.8427	rho_fallback_no_desc	0.0	0.0
U5a1a1d	5	3.6324	0.5751	6.752	low	4.8806	2.5601	7.24	single_child_interpolation	1.2482000000000002	34.36295562162758
U5a1a1d1	2	3.8953	1.3387	6.4951	very_low	3.8953	1.3387	6.4951	rho_fallback_no_desc	0.0	0.0
U5a1a1e	2	2.5854	2.5854	2.5854	very_low	2.5854	2.5854	2.5854	rho_fallback_no_desc	0.0	0.0
U5a1a1g	2	5.2164	0.1025	10.5005	very_low	5.2164	0.1025	10.5005	rho_fallback_no_desc	0.0	0.0
U5a1a1h	3	3.4574	1.7531	5.181	low	3.4574	1.7531	5.181	rho_fallback_no_desc	0.0	0.0
U5a1a1i	2	5.2164	5.2164	5.2164	very_low	5.2164	5.2164	5.2164	rho_fallback_no_desc	0.0	0.0
U5a1a2	23	12.6464	11.0806	14.2254	medium	12.6464	11.0806	14.2254	rho_direct	0.0	0.0
U5a1a2a	13	4.6053	2.5738	6.6634	medium	8.2709	6.7473	9.8082	single_child_interpolation	3.6655999999999995	79.5952489522941
U5a1a2a1	4	3.8953	2.4139	5.3911	low	4.7789	3.3736	6.8255	single_child_interpolation	0.8835999999999999	22.683747079814133
U5a1a2a1a	2	1.2869	-1.2245	3.8427	very_low	1.2869	0.0	3.8427	rho_fallback_no_desc	0.0	0.0
U5a1a2b	10	9.7901	7.4097	12.2032	medium	8.2709	6.2097	10.3603	single_child_interpolation	-1.5192000000000014	15.517716877253566
U5a1a2b1	2	3.8953	1.3387	6.4951	very_low	3.8953	1.3387	6.4951	rho_fallback_no_desc	0.0	0.0
U5a1b	78	10.6452	8.3772	12.9424	high	10.6452	8.3772	12.9424	rho_direct	0.0	0.0
U5a1b1	57	9.4126	6.5065	12.3679	high	9.4126	6.5065	12.3679	rho_direct	0.0	0.0
U5a1b1a	7	6.3576	2.992	9.7941	low	6.3576	2.992	9.7941	rho_fallback_no_desc	0.0	0.0
U5a1b1a1	2	1.2869	-1.2245	3.8427	very_low	1.2869	0.0	3.8427	rho_fallback_no_desc	0.0	0.0
U5a1b1a2	1	10.6101			no_ci	10.6101	0.0		rho_fallback_no_desc	0.0	0.0
U5a1b1b	4	3.8953	-0.5049	8.4249	low	6.654	3.2532	12.0938	single_child_interpolation	2.7586999999999997	70.82124611711549
U5a1b1b1	2	3.8953	-3.6406	11.8196	very_low	3.8953	0.0	11.8196	rho_fallback_no_desc	0.0	0.0
U5a1b1c	11	5.6995	3.4029	8.0295	medium	5.6995	3.4029	8.0295	rho_direct	0.0	0.0
U5a1b1c1	6	3.8953	2.144	5.6667	low	3.8953	2.144	5.6667	rho_fallback_no_desc	0.0	0.0
U5a1b1c2	2	3.8953	-3.6406	11.8196	very_low	3.8953	0.0	11.8196	rho_fallback_no_desc	0.0	0.0
U5a1b1d	5	7.3531	2.5949	12.2513	low	7.6469	3.5481	11.86	single_child_interpolation	0.2937999999999992	3.995593695176173
U5a1b1d1	3	5.2164	0.1025	10.5005	low	5.2164	0.1025	10.5005	rho_fallback_no_desc	0.0	0.0
U5a1b1d_T16093C	4	5.8811	0.5897	11.3522	low	6.4316	1.8253	11.1803	single_child_interpolation	0.5505000000000004	9.36049378517625
U5a1b1e	4	5.2164	3.1076	7.3536	low	5.2164	3.1076	7.3536	rho_fallback_no_desc	0.0	0.0
U5a1b1f	3	6.995	2.4241	11.6961	low	6.995	2.4241	11.6961	rho_fallback_no_desc	0.0	0.0
U5a1b1g	1	2.5854			no_ci	2.5854	0.0		rho_fallback_no_desc	0.0	0.0
U5a1b1h	4	1.9348	-0.4816	4.3914	low	1.9348	0.0	4.3914	rho_fallback_no_desc	0.0	0.0
U5a1b2	2	2.5854	-2.4381	7.7838	very_low	2.5854	0.0	7.7838	rho_fallback_no_desc	0.0	0.0
U5a1b3	4	3.8953	0.603	7.2595	low	4.5559	2.2327	6.9145	single_child_interpolation	0.6606000000000001	16.958899186198753
U5a1b3a	2	3.8953	1.3387	6.4951	very_low	2.9214	1.1163	5.3786	single_child_interpolation	-0.9739	25.001925397273634
U5a1b3a1	2	1.2869	-1.2245	3.8427	very_low	1.2869	0.0	3.8427	rho_fallback_no_desc	0.0	0.0
U5a1b4	3	4.3344	2.6202	6.0677	low	4.3344	2.6202	6.0677	rho_fallback_no_desc	0.0	0.0
U5a1b_T16362C	11	5.2164	3.1267	7.3339	medium	5.2164	3.1267	7.3339	rho_direct	0.0	0.0
U5a1c	21	15.0998	12.5297	17.704	medium	15.0998	12.5297	17.704	rho_direct	0.0	0.0
U5a1c1	8	4.8851	2.8327	6.9645	low	8.8426	7.5575	10.1447	single_child_interpolation	3.9574999999999987	81.01164766330267
U5a1c1a	2	2.5854	2.5854	2.5854	very_low	2.5854	2.5854	2.5854	rho_fallback_no_desc	0.0	0.0
U5a1c2	9	17.4294	14.0994	20.8142	low	13.0263	10.1933	15.9035	single_child_interpolation	-4.4031	25.262487521085063
U5a1c2a	8	10.9529	7.8569	14.103	low	11.0389	8.1152	14.0114	single_child_interpolation	0.0860000000000003	0.7851801805914443
U5a1c2a1	7	9.0515	6.0372	12.1192	low	9.0515	6.0372	12.1192	rho_fallback_no_desc	0.0	0.0
U5a1d	25	23.0541	19.2843	26.8868	low	23.0541	19.2843	26.8868	rho_direct	0.0	0.0
U5a1d1	4	8.5673	4.0962	13.1583	low	8.5673	4.0962	13.1583	rho_fallback_no_desc	0.0	0.0
U5a1d2	21	21.8918	17.9115	25.944	low	21.8918	17.9115	25.944	rho_direct	0.0	0.0
U5a1d2a	7	7.1228	3.0798	11.2671	low	12.6746	8.9899	16.4337	single_child_interpolation	5.5518	77.94406693996743
U5a1d2a1	3	3.4574	0.0683	6.9235	low	3.4574	0.0683	6.9235	rho_fallback_no_desc	0.0	0.0
U5a1d2b	11	12.8655	9.631	16.1568	medium	12.8655	9.631	16.1568	rho_direct	0.0	0.0
U5a1e	2	3.8953	1.3387	6.4951	very_low	3.8953	1.3387	6.4951	rho_fallback_no_desc	0.0	0.0
U5a1f	13	21.669	19.4123	23.9487	low	21.669	19.4123	23.9487	rho_direct	0.0	0.0
U5a1f1	10	15.3271	11.4262	19.3066	low	15.6841	11.4056	20.0917	single_child_interpolation	0.3570000000000011	2.329207743147765
U5a1f1a	6	9.6992	3.3989	16.2346	low	12.4649	6.0234	19.1956	single_child_interpolation	2.7657000000000007	28.514722863741348
U5a1f1a1	4	9.2456	0.6413	18.2995	low	9.2456	0.6413	18.2995	rho_fallback_no_desc	0.0	0.0
U5a1f2	3	4.3344	2.6202	6.0677	low	4.3344	2.6202	6.0677	rho_fallback_no_desc	0.0	0.0
U5a1g	15	9.155	6.5829	11.7658	medium	9.155	6.5829	11.7658	rho_direct	0.0	0.0
U5a1g1	6	8.3418	5.1868	11.5563	low	8.3418	5.1868	11.5563	rho_fallback_no_desc	0.0	0.0
U5a1g2	2	5.2164	0.1025	10.5005	very_low	5.2164	0.1025	10.5005	rho_fallback_no_desc	0.0	0.0
U5a1h	4	0.642	-0.6136	1.9088	low	0.642	0.0	1.9088	rho_fallback_no_desc	0.0	0.0
U5a1i	9	13.0617	10.4447	15.7156	low	13.0593	10.967	15.1837	single_child_interpolation	-0.0023999999999997357	0.01837433105950784
U5a1i1	6	8.3418	5.1868	11.5563	low	8.3418	5.1868	11.5563	rho_fallback_no_desc	0.0	0.0
U5a1j	4	6.5486	3.1992	9.9679	low	6.5486	3.1992	9.9679	rho_fallback_no_desc	0.0	0.0
U5a2	161	16.4347	15.2604	17.6159	high	16.4347	15.2604	17.6159	rho_direct	0.0	0.0
U5a2_C16294T	63	16.1717	14.5093	17.8479	low	14.9733	13.5756	16.3815	single_child_interpolation	-1.1984000000000012	7.410476325927398
U5a2_T16362C	7	16.9793	12.706	21.3441	low	10.3845	7.7497	13.0782	single_child_interpolation	-6.594799999999999	38.84023487422921
U5a2a	59	13.5119	11.8909	15.147	high	13.5119	11.8909	15.147	rho_direct	0.0	0.0
U5a2a1	53	7.7899	6.538	9.0512	high	7.7899	6.538	9.0512	rho_direct	0.0	0.0
U5a2a1_T152C!	8	6.5486	3.1522	10.0169	low	5.6236	3.3032	7.9874	single_child_interpolation	-0.9250000000000007	14.125156522004714
U5a2a1a	5	2.0647	-0.8758	5.0649	low	2.0647	0.0	5.0649	rho_fallback_no_desc	0.0	0.0
U5a2a1b	7	2.9585	1.2257	4.7114	low	5.1876	4.5617	5.8183	single_child_interpolation	2.2291	75.34561433158696
U5a2a1b1	2	2.5854	2.5854	2.5854	very_low	2.5854	2.5854	2.5854	rho_fallback_no_desc	0.0	0.0
U5a2a1c	3	4.3344	0.9254	7.8198	low	4.3344	0.9254	7.8198	rho_fallback_no_desc	0.0	0.0
U5a2a1d	3	5.2164	2.2425	8.247	low	5.2164	2.2425	8.247	rho_fallback_no_desc	0.0	0.0
U5a2a1e	3	3.4574	0.0683	6.9235	low	3.4574	0.0683	6.9235	rho_fallback_no_desc	0.0	0.0
U5a2a2	4	18.2986	4.8405	32.6856	low	14.8418	5.9609	24.4411	single_child_interpolation	-3.456800000000001	18.891062704250604
U5a2a2a	3	16.1717	0.031	33.7351	low	16.1717	0.031	33.7351	rho_fallback_no_desc	0.0	0.0
U5a2b	64	10.8671	9.133	12.6181	high	10.8671	9.133	12.6181	rho_direct	0.0	0.0
U5a2b1	12	6.3258	5.1315	7.5288	medium	6.3258	5.1315	7.5288	rho_direct	0.0	0.0
U5a2b1a	1	5.2164			no_ci	5.2164	0.0		rho_fallback_no_desc	0.0	0.0
U5a2b1b	0				no_ci		0.0		rho_fallback_no_desc		
U5a2b1c	7	3.3325	1.4967	5.1908	low	3.3325	1.4967	5.1908	rho_fallback_no_desc	0.0	0.0
U5a2b1d	4	1.2869	-0.1685	2.7572	low	1.2869	0.0	2.7572	rho_fallback_no_desc	0.0	0.0
U5a2b2	6	9.2456	6.6021	11.9299	low	8.0418	7.1747	8.9172	single_child_interpolation	-1.2037999999999993	13.020247469066359
U5a2b2a	3	5.2164	5.2164	5.2164	low	5.3136	4.88	5.7513	single_child_interpolation	0.09719999999999995	1.8633540372670798
U5a2b2a1	2	2.5854	2.5854	2.5854	very_low	2.5854	2.5854	2.5854	rho_fallback_no_desc	0.0	0.0
U5a2b3	8	10.6101	7.592	13.68	low	9.3794	6.1819	12.6515	single_child_interpolation	-1.2306999999999988	11.599325171299036
U5a2b3a	5	7.8917	3.2309	12.685	low	8.6355	4.4359	12.9554	single_child_interpolation	0.7438000000000002	9.425092185460676
U5a2b3a1	2	7.8917	2.6898	13.2593	very_low	7.8917	2.6898	13.2593	rho_fallback_no_desc	0.0	0.0
U5a2b4	2	7.8917	2.6898	13.2593	very_low	8.0418	4.6178	11.5593	single_child_interpolation	0.15010000000000012	1.9019983020135092
U5a2b4a	2	5.2164	0.1025	10.5005	very_low	5.2164	0.1025	10.5005	rho_fallback_no_desc	0.0	0.0
U5a2b5	2	3.8953	1.3387	6.4951	very_low	3.8953	1.3387	6.4951	rho_fallback_no_desc	0.0	0.0
U5a2c	16	10.268	6.7465	13.8607	medium	10.268	6.7465	13.8607	rho_direct	0.0	0.0
U5a2c1	4	1.2869	-1.2245	3.8427	low	1.2869	0.0	3.8427	rho_fallback_no_desc	0.0	0.0
U5a2c2	2	7.8917	-2.3374	18.7838	very_low	7.8917	0.0	18.7838	rho_fallback_no_desc	0.0	0.0
U5a2c3	5	12.8151	10.1717	15.4963	low	8.4083	5.3472	11.5259	single_child_interpolation	-4.406799999999999	34.38755842716794
U5a2c3a	4	6.5486	3.9479	9.1912	low	6.5486	3.9479	9.1912	rho_fallback_no_desc	0.0	0.0
U5a2c4	2	1.2869	-1.2245	3.8427	very_low	1.2869	0.0	3.8427	rho_fallback_no_desc	0.0	0.0
U5a2d	9	20.2875	16.9111	23.7171	low	9.8368	8.6105	11.072	single_child_interpolation	-10.450700000000001	51.513000616142946
U5a2d1	4	3.2389	1.9607	4.528	low	5.3468	4.3053	6.8113	single_child_interpolation	2.1079	65.08073728735064
U5a2d1a	3	0.8567	-0.8175	2.5507	low	0.8567	0.0	2.5507	rho_fallback_no_desc	0.0	0.0
U5a2e	6	4.3344	0.2391	8.5405	low	4.3344	0.2391	8.5405	rho_fallback_no_desc	0.0	0.0
U5b	448	23.1699	22.4172	23.9251	high	23.1699	22.4172	23.9251	rho_direct	0.0	0.0
U5b1	205	20.4545	19.4681	21.4453	high	20.4545	19.4681	21.4453	rho_direct	0.0	0.0
U5b1_T16189C!	135	16.9883	15.904	18.0784	high	16.9883	15.904	18.0784	rho_direct	0.0	0.0
U5b1_T16189C!_T16192C!	37	14.1991	11.9099	16.5157	medium	14.1991	11.9099	16.5157	rho_direct	0.0	0.0
U5b1a	6	9.2456	5.7085	12.8562	low	9.2456	5.7085	12.8562	rho_fallback_no_desc	0.0	0.0
U5b1b	77	13.9855	12.5274	15.4547	high	13.9855	12.5274	15.4547	rho_direct	0.0	0.0
U5b1b1	54	10.9147	9.3597	12.4834	high	10.9147	9.3597	12.4834	rho_direct	0.0	0.0
U5b1b1_T152C!	3	3.4574	-1.009	8.0587	low	6.75	4.6799	10.1336	single_child_interpolation	3.2926	95.23341239081392
U5b1b1_T16192C!	43	7.3906	6.3379	8.45	medium	7.3906	6.3379	8.45	rho_direct	0.0	0.0
U5b1b1a	32	4.5544	3.4676	5.6489	medium	4.5544	3.4676	5.6489	rho_direct	0.0	0.0
U5b1b1a1	11	3.7757	2.3312	5.234	medium	3.7757	2.3312	5.234	rho_direct	0.0	0.0
U5b1b1a1a	6	3.0208	2.1687	3.8777	low	2.5313	1.1656	4.5384	single_child_interpolation	-0.48950000000000005	16.20431673728814
U5b1b1a1a1	2	1.2869	-1.2245	3.8427	very_low	1.2869	0.0	3.8427	rho_fallback_no_desc	0.0	0.0
U5b1b1a1b	3	1.7185	0.0342	3.4224	low	1.7185	0.0342	3.4224	rho_fallback_no_desc	0.0	0.0
U5b1b1a2	2	5.2164	0.1025	10.5005	very_low	5.2164	0.1025	10.5005	rho_fallback_no_desc	0.0	0.0
U5b1b1a3	3	1.7185	0.0342	3.4224	low	1.7185	0.0342	3.4224	rho_fallback_no_desc	0.0	0.0
U5b1b1b	3	0.8567	-0.8175	2.5507	low	0.8567	0.0	2.5507	rho_fallback_no_desc	0.0	0.0
U5b1b1d	2	5.2164	5.2164	5.2164	very_low	5.2164	5.2164	5.2164	rho_fallback_no_desc	0.0	0.0
U5b1b1e	2	2.5854	-2.4381	7.7838	very_low	2.5854	0.0	7.7838	rho_fallback_no_desc	0.0	0.0
U5b1b1f	5	7.3531	4.3093	10.4536	low	7.3531	4.3093	10.4536	rho_fallback_no_desc	0.0	0.0
U5b1b1g	4	16.1717	13.927	18.4417	low	11.2202	9.5477	12.9084	single_child_interpolation	-4.951500000000001	30.618302342981877
U5b1b1g1	3	11.5256	9.7356	13.3334	low	9.5559	8.7197	10.4	single_child_interpolation	-1.9697000000000013	17.089782744499214
U5b1b1g1a	2	7.8917	7.8917	7.8917	very_low	7.8917	7.8917	7.8917	rho_fallback_no_desc	0.0	0.0
U5b1b2	22	5.5786	3.6717	7.5085	medium	5.5786	3.6717	7.5085	rho_direct	0.0	0.0
U5b1b2a	8	5.8811	2.136	9.7153	low	5.8811	2.136	9.7153	rho_fallback_no_desc	0.0	0.0
U5b1b2b	2	5.2164	0.1025	10.5005	very_low	5.2164	0.1025	10.5005	rho_fallback_no_desc	0.0	0.0
U5b1c	20	12.3996	10.8685	13.9435	medium	12.3996	10.8685	13.9435	rho_direct	0.0	0.0
U5b1c1	7	9.8291	7.0627	12.6397	low	11.2768	8.9168	13.6725	single_child_interpolation	1.4476999999999993	14.728713717430885
U5b1c1a	6	10.1541	6.9651	13.4015	low	6.9311	4.7149	9.1798	single_child_interpolation	-3.223	31.740873144838044
U5b1c1a1	4	2.5854	0.513	4.687	low	2.5854	0.513	4.687	rho_fallback_no_desc	0.0	0.0
U5b1c2	12	7.2188	5.3818	9.0763	medium	7.2188	5.3818	9.0763	rho_direct	0.0	0.0
U5b1c2a	2	3.8953	1.3387	6.4951	very_low	3.8953	1.3387	6.4951	rho_fallback_no_desc	0.0	0.0
U5b1c2b	4	2.5854	0.513	4.687	low	2.5854	0.513	4.687	rho_fallback_no_desc	0.0	0.0
U5b1d	10	15.6082	11.3223	19.9888	medium	15.6082	11.3223	19.9888	rho_direct	0.0	0.0
U5b1d1	8	13.0232	8.3237	17.843	low	13.0232	8.3237	17.843	rho_fallback_no_desc	0.0	0.0
U5b1d1a	2	5.2164	0.1025	10.5005	very_low	5.2164	0.1025	10.5005	rho_fallback_no_desc	0.0	0.0
U5b1d1b	2	5.2164	0.1025	10.5005	very_low	5.2164	0.1025	10.5005	rho_fallback_no_desc	0.0	0.0
U5b1d1c	2	1.2869	-1.2245	3.8427	very_low	1.2869	0.0	3.8427	rho_fallback_no_desc	0.0	0.0
U5b1d2	2	9.2456	-3.5408	23.0541	very_low	9.2456	0.0	23.0541	rho_fallback_no_desc	0.0	0.0
U5b1e	21	14.5661	12.2601	16.8998	low	14.5661	12.2601	16.8998	rho_direct	0.0	0.0
U5b1e1	17	6.3127	2.9569	9.7391	medium	7.7114	6.13	9.7253	single_child_interpolation	1.3986999999999998	22.156921760894697
U5b1e1a	3	0.8567	-0.8175	2.5507	low	0.8567	0.0	2.5507	rho_fallback_no_desc	0.0	0.0
U5b1e2	3	8.7931	7.0308	10.5736	low	8.7931	7.0308	10.5736	rho_fallback_no_desc	0.0	0.0
U5b1f	9	8.7931	6.824	10.7849	low	13.2789	11.8171	14.7546	single_child_interpolation	4.485799999999999	51.015000398039355
U5b1f1	9	6.1033	4.1662	8.0638	low	8.4229	6.6192	10.2487	single_child_interpolation	2.3196000000000003	38.00566906427671
U5b1f1a	8	3.5668	1.4213	5.7428	low	3.5668	1.4213	5.7428	rho_fallback_no_desc	0.0	0.0
U5b1g	2	2.5854	-2.4381	7.7838	very_low	2.5854	0.0	7.7838	rho_fallback_no_desc	0.0	0.0
U5b1h	2	1.2869	-1.2245	3.8427	very_low	1.2869	0.0	3.8427	rho_fallback_no_desc	0.0	0.0
U5b1i	42	12.8415	12.1946	13.4906	medium	12.8415	12.1946	13.4906	rho_direct	0.0	0.0
U5b2	128	23.3912	22.1876	24.601	low	23.3912	22.1876	24.601	rho_direct	0.0	0.0
U5b2a	65	18.6608	17.0832	20.2502	high	18.6608	17.0832	20.2502	rho_direct	0.0	0.0
U5b2a1	28	18.8083	16.665	20.9735	low	18.8083	16.665	20.9735	rho_direct	0.0	0.0
U5b2a1a	23	13.976	11.5858	16.3963	medium	13.976	11.5858	16.3963	rho_direct	0.0	0.0
U5b2a1a1	14	7.3147	4.7929	9.8754	medium	7.3147	4.7929	9.8754	rho_direct	0.0	0.0
U5b2a1a1a	4	5.2164	-0.2996	10.931	low	5.2164	0.0	10.931	rho_fallback_no_desc	0.0	0.0
U5b2a1a1b	0				no_ci		0.0		rho_fallback_no_desc		
U5b2a1a1d	2	5.2164	-4.832	15.9461	very_low	5.2164	0.0	15.9461	rho_fallback_no_desc	0.0	0.0
U5b2a1a2	6	4.3344	-0.3441	9.158	low	4.3344	0.0	9.158	rho_fallback_no_desc	0.0	0.0
U5b2a1a_T16311C	16	9.4155	6.9998	11.8652	medium	10.6454	8.1893	13.1358	single_child_interpolation	1.2299000000000007	13.062503318995281
U5b2a1b	5	3.6324	-0.1709	7.5326	low	3.6324	0.0	7.5326	rho_fallback_no_desc	0.0	0.0
U5b2a2	22	11.4839	9.0566	13.944	medium	11.4839	9.0566	13.944	rho_direct	0.0	0.0
U5b2a2a	7	4.8378	2.2223	7.4975	low	4.8378	2.2223	7.4975	rho_fallback_no_desc	0.0	0.0
U5b2a2a1	4	1.2869	-0.1685	2.7572	low	1.2869	0.0	2.7572	rho_fallback_no_desc	0.0	0.0
U5b2a2a2	2	3.8953	1.3387	6.4951	very_low	3.8953	1.3387	6.4951	rho_fallback_no_desc	0.0	0.0
U5b2a2b	7	5.2164	4.0856	6.3553	low	7.4707	5.4049	9.5625	single_child_interpolation	2.2542999999999997	43.215627635917485
U5b2a2b1	3	3.4574	1.7531	5.181	low	3.4574	1.7531	5.181	rho_fallback_no_desc	0.0	0.0
U5b2a2c	4	5.2164	0.5411	10.0336	low	5.2164	0.5411	10.0336	rho_fallback_no_desc	0.0	0.0
U5b2a2d	4	9.9265	2.1261	18.0888	low	9.9265	2.1261	18.0888	rho_fallback_no_desc	0.0	0.0
U5b2a3	4	10.6101	1.5591	20.1448	low	14.6355	8.5416	26.7682	single_child_interpolation	4.025400000000001	37.93932196680523
U5b2a3a	2	10.6101	-9.4832	33.2861	very_low	10.6101	0.0	33.2861	rho_fallback_no_desc	0.0	0.0
U5b2a4	3	5.2164	2.2425	8.247	low	8.1044	5.4231	12.1128	single_child_interpolation	2.888	55.36385246530173
U5b2a4a	2	2.5854	-2.4381	7.7838	very_low	2.5854	0.0	7.7838	rho_fallback_no_desc	0.0	0.0
U5b2a5	4	11.2963	7.9371	14.7188	low	11.4345	6.1442	16.9293	single_child_interpolation	0.13819999999999943	1.2234094349477211
U5b2a5a	2	9.2456	1.4422	17.4168	very_low	9.2456	1.4422	17.4168	rho_fallback_no_desc	0.0	0.0
U5b2a6	4	6.5486	3.1992	9.9679	low	6.5486	3.1992	9.9679	rho_fallback_no_desc	0.0	0.0
U5b2a_T16192C!	11	13.6235	10.8462	16.4418	medium	13.6235	10.8462	16.4418	rho_direct	0.0	0.0
U5b2b	49	14.909	12.8925	16.9465	medium	14.909	12.8925	16.9465	rho_direct	0.0	0.0
U5b2b1	7	15.3672	10.5161	20.3406	low	15.3672	10.5161	20.3406	rho_fallback_no_desc	0.0	0.0
U5b2b1a	5	12.8151	8.5185	17.2125	low	12.8151	8.5185	17.2125	rho_fallback_no_desc	0.0	0.0
U5b2b1a1	3	7.8917	1.9004	14.1039	low	7.8917	1.9004	14.1039	rho_fallback_no_desc	0.0	0.0
U5b2b1a2	2	10.6101	10.6101	10.6101	very_low	10.6101	10.6101	10.6101	rho_fallback_no_desc	0.0	0.0
U5b2b1b	2	2.5854	2.5854	2.5854	very_low	2.5854	2.5854	2.5854	rho_fallback_no_desc	0.0	0.0
U5b2b2	3	7.8917	2.6898	13.2593	low	7.8917	2.6898	13.2593	rho_fallback_no_desc	0.0	0.0
U5b2b3	11	11.6091	8.7862	14.4763	medium	11.6091	8.7862	14.4763	rho_direct	0.0	0.0
U5b2b3a	7	6.3576	4.8075	7.9225	low	8.4128	5.5144	11.3616	single_child_interpolation	2.055200000000001	32.326664149993725
U5b2b3a1	3	5.2164	2.2425	8.247	low	6.154	3.4265	8.9284	single_child_interpolation	0.9375999999999998	17.97408174219768
U5b2b3a1a	2	3.8953	1.3387	6.4951	very_low	3.8953	1.3387	6.4951	rho_fallback_no_desc	0.0	0.0
U5b2b3b	2	1.2869	-1.2245	3.8427	very_low	1.2869	0.0	3.8427	rho_fallback_no_desc	0.0	0.0
U5b2b4	8	4.2245	1.8632	6.6223	low	8.7472	6.4463	11.0976	single_child_interpolation	4.5226999999999995	107.05882352941177
U5b2b4a	6	2.5854	-0.0311	5.2486	low	2.5854	0.0	5.2486	rho_fallback_no_desc	0.0	0.0
U5b2b5	14	5.027	2.1994	7.906	medium	5.027	2.1994	7.906	rho_direct	0.0	0.0
U5b2c	12	13.3705	10.4687	16.3174	medium	13.3705	10.4687	16.3174	rho_direct	0.0	0.0
U5b2c1	2	3.8953	1.3387	6.4951	very_low	3.8953	1.3387	6.4951	rho_fallback_no_desc	0.0	0.0
U5b2c2	9	6.995	4.2473	9.7892	low	6.995	4.2473	9.7892	rho_fallback_no_desc	0.0	0.0
U5b2c2a	2	1.2869	-1.2245	3.8427	very_low	1.2869	0.0	3.8427	rho_fallback_no_desc	0.0	0.0
U5b2c2b	6	6.5486	4.3189	8.809	low	6.5486	4.3189	8.809	rho_fallback_no_desc	0.0	0.0
U5b3	115	16.1962	15.1397	17.2583	high	16.1962	15.1397	17.2583	rho_direct	0.0	0.0
U5b3a	89	15.4439	14.4718	16.4209	high	15.4439	14.4718	16.4209	rho_direct	0.0	0.0
U5b3a1	81	15.8237	14.8401	16.8121	low	15.8237	14.8401	16.8121	rho_direct	0.0	0.0
U5b3a1a	79	7.7893	6.8816	8.7019	high	7.7893	6.8816	8.7019	rho_direct	0.0	0.0
U5b3a1b	2	3.8953	1.3387	6.4951	very_low	3.8953	1.3387	6.4951	rho_fallback_no_desc	0.0	0.0
U5b3a2	8	8.9061	5.6149	12.2614	low	8.9061	5.6149	12.2614	rho_fallback_no_desc	0.0	0.0
U5b3b	8	8.9061	4.2644	13.6763	low	8.9061	4.2644	13.6763	rho_fallback_no_desc	0.0	0.0
U5b3b1	4	8.5673	2.4143	14.95	low	8.5673	2.4143	14.95	rho_fallback_no_desc	0.0	0.0
U5b3b2	2	2.5854	-2.4381	7.7838	very_low	2.5854	0.0	7.7838	rho_fallback_no_desc	0.0	0.0
U5b3c	2	3.8953	1.3387	6.4951	very_low	3.8953	1.3387	6.4951	rho_fallback_no_desc	0.0	0.0
U5b3d	2	6.5486	3.9479	9.1912	very_low	6.5486	3.9479	9.1912	rho_fallback_no_desc	0.0	0.0
U5b3e	2	3.8953	-3.6406	11.8196	very_low	3.8953	0.0	11.8196	rho_fallback_no_desc	0.0	0.0
U5b3f	2	1.2869	-1.2245	3.8427	very_low	1.2869	0.0	3.8427	rho_fallback_no_desc	0.0	0.0
U5b3g	2	11.9851	4.0532	20.2747	very_low	11.9851	4.0532	20.2747	rho_fallback_no_desc	0.0	0.0
U5b3h	2	5.2164	-4.832	15.9461	very_low	5.2164	0.0	15.9461	rho_fallback_no_desc	0.0	0.0
U6	173	34.2466	32.9532	35.5459	high	34.2466	32.9532	35.5459	rho_direct	0.0	0.0
U6a	142	24.54	23.3345	25.7517	high	24.54	23.3345	25.7517	rho_direct	0.0	0.0
U6a'b'd	169	31.2481	29.9327	32.5699	high	31.2481	29.9327	32.5699	rho_direct	0.0	0.0
U6a'b'd_T16311C!	27	18.3778	15.7708	21.0176	medium	18.3778	15.7708	21.0176	rho_direct	0.0	0.0
U6a1	25	20.6203	18.0867	23.1835	medium	20.6203	18.0867	23.1835	rho_direct	0.0	0.0
U6a1a	13	15.3055	12.6509	17.9963	medium	15.3055	12.6509	17.9963	rho_direct	0.0	0.0
U6a1a1	11	7.402	3.8994	10.9798	medium	7.402	3.8994	10.9798	rho_direct	0.0	0.0
U6a1a2	2	13.3705	7.9996	18.8981	very_low	13.3705	7.9996	18.8981	rho_fallback_no_desc	0.0	0.0
U6a1b	11	19.0125	15.1934	22.9015	medium	19.0125	15.1934	22.9015	rho_direct	0.0	0.0
U6a1b1	5	11.1588	8.0458	14.3264	low	11.1588	8.0458	14.3264	rho_fallback_no_desc	0.0	0.0
U6a1b1a	2	2.5854	-2.4381	7.7838	very_low	2.5854	0.0	7.7838	rho_fallback_no_desc	0.0	0.0
U6a1b1b	3	2.5854	2.5854	2.5854	low	2.5854	2.5854	2.5854	rho_fallback_no_desc	0.0	0.0
U6a1b2	2	3.8953	-3.6406	11.8196	very_low	3.8953	0.0	11.8196	rho_fallback_no_desc	0.0	0.0
U6a1b3	2	9.2456	6.6021	11.9299	very_low	9.2456	6.6021	11.9299	rho_fallback_no_desc	0.0	0.0
U6a1b4	2	2.5854	2.5854	2.5854	very_low	2.5854	2.5854	2.5854	rho_fallback_no_desc	0.0	0.0
U6a2	12	16.1717	13.227	19.1602	medium	16.1717	13.227	19.1602	rho_direct	0.0	0.0
U6a2_T195C!	3	9.6992	3.3989	16.2346	low	12.7087	7.3346	18.2885	single_child_interpolation	3.009500000000001	31.028332233586287
U6a2a	5	13.9275	9.6048	18.35	low	13.9275	9.6048	18.35	rho_fallback_no_desc	0.0	0.0
U6a2a1	2	10.6101	0.2051	21.6601	very_low	10.6101	0.2051	21.6601	rho_fallback_no_desc	0.0	0.0
U6a2a2	3	6.995	3.5274	10.537	low	8.2565	4.8024	13.0669	single_child_interpolation	1.2615000000000007	18.034310221586857
U6a2a2a	2	2.5854	-2.4381	7.7838	very_low	2.5854	0.0	7.7838	rho_fallback_no_desc	0.0	0.0
U6a2b	3	8.7931	5.2872	12.372	low	10.694	9.2217	12.1883	single_child_interpolation	1.9009	21.618086909053687
U6a2b1	2	5.2164	5.2164	5.2164	very_low	5.2164	5.2164	5.2164	rho_fallback_no_desc	0.0	0.0
U6a2c	2	9.2456	1.4422	17.4168	very_low	9.2456	1.4422	17.4168	rho_fallback_no_desc	0.0	0.0
U6a3	36	19.251	16.2204	22.3252	medium	19.251	16.2204	22.3252	rho_direct	0.0	0.0
U6a3_G185A	15	21.6987	17.2293	26.2592	low	21.6987	17.2293	26.2592	rho_direct	0.0	0.0
U6a3a	9	9.3966	6.8839	11.9462	low	9.3966	6.8839	11.9462	rho_fallback_no_desc	0.0	0.0
U6a3a1	5	4.6866	2.1681	7.2462	low	6.646	4.1113	9.2207	single_child_interpolation	1.9593999999999996	41.8085605769641
U6a3a1a	2	3.8953	1.3387	6.4951	very_low	3.8953	1.3387	6.4951	rho_fallback_no_desc	0.0	0.0
U6a3a2	3	7.8917	4.8676	10.971	low	6.646	4.1113	9.2207	single_child_interpolation	-1.2457000000000003	15.784938606383925
U6a3a2a	2	3.8953	1.3387	6.4951	very_low	3.8953	1.3387	6.4951	rho_fallback_no_desc	0.0	0.0
U6a3b	5	4.6866	1.6938	7.7376	low	12.5781	8.6146	17.159	single_child_interpolation	7.891499999999999	168.38432979131989
U6a3b1	3	3.4574	-1.009	8.0587	low	3.4574	0.0	8.0587	rho_fallback_no_desc	0.0	0.0
U6a3c	4	7.8917	1.5444	14.4875	low	7.8917	1.5444	14.4875	rho_fallback_no_desc	0.0	0.0
U6a3d	4	19.0125	13.0453	25.1523	low	17.7113	13.255	22.2782	single_child_interpolation	-1.301199999999998	6.843918474687695
U6a3d1	4	16.1717	10.2897	22.2313	low	11.4639	7.7488	15.2626	single_child_interpolation	-4.707800000000001	29.11134883778453
U6a3d1a	3	5.2164	2.2425	8.247	low	5.2164	2.2425	8.247	rho_fallback_no_desc	0.0	0.0
U6a3e	3	8.7931	1.8569	16.0213	low	8.7931	1.8569	16.0213	rho_fallback_no_desc	0.0	0.0
U6a3f	7	12.9736	7.3179	18.8049	low	12.9736	7.3179	18.8049	rho_fallback_no_desc	0.0	0.0
U6a3f1	2	14.766	-3.441	34.868	very_low	14.766	0.0	34.868	rho_fallback_no_desc	0.0	0.0
U6a3f2	2	10.6101	5.3225	16.0588	very_low	10.6101	5.3225	16.0588	rho_fallback_no_desc	0.0	0.0
U6a3g	3	1.7185	0.0342	3.4224	low	1.7185	0.0342	3.4224	rho_fallback_no_desc	0.0	0.0
U6a4	3	7.8917	1.9004	14.1039	low	7.8917	1.9004	14.1039	rho_fallback_no_desc	0.0	0.0
U6a5	19	9.3171	7.6758	10.9741	medium	9.3171	7.6758	10.9741	rho_direct	0.0	0.0
U6a5a	5	7.8917	5.0214	10.8117	low	6.3872	4.7145	8.0776	single_child_interpolation	-1.5045000000000002	19.06433341358643
U6a5a1	3	3.4574	1.7531	5.181	low	3.4574	1.7531	5.181	rho_fallback_no_desc	0.0	0.0
U6a5b	2	3.8953	1.3387	6.4951	very_low	3.8953	1.3387	6.4951	rho_fallback_no_desc	0.0	0.0
U6a5c	4	4.5544	2.0951	7.053	low	4.5544	2.0951	7.053	rho_fallback_no_desc	0.0	0.0
U6a5d	7	0.3665	-0.351	1.0876	low	0.3665	0.0	1.0876	rho_fallback_no_desc	0.0	0.0
U6a6	8	21.8918	17.5099	26.361	low	21.8918	17.5099	26.361	rho_fallback_no_desc	0.0	0.0
U6a6a	3	8.7931	2.5273	15.2961	low	15.5687	12.056	19.1455	single_child_interpolation	6.775599999999999	77.05587335524443
U6a6a1	2	9.2456	6.6021	11.9299	very_low	9.2456	6.6021	11.9299	rho_fallback_no_desc	0.0	0.0
U6a6b	5	16.1717	8.5081	24.1399	low	16.1717	8.5081	24.1399	rho_fallback_no_desc	0.0	0.0
U6a6b1	2	7.8917	-7.1807	24.4566	very_low	7.8917	0.0	24.4566	rho_fallback_no_desc	0.0	0.0
U6a6b2	3	11.5256	5.1572	18.1247	low	11.5256	5.1572	18.1247	rho_fallback_no_desc	0.0	0.0
U6a7	26	26.6215	24.6201	28.6395	low	26.6215	24.6201	28.6395	rho_direct	0.0	0.0
U6a7a	19	8.4604	7.3475	9.5807	medium	8.4604	7.3475	9.5807	rho_direct	0.0	0.0
U6a7a1	15	5.5705	4.3433	6.8073	medium	5.5705	4.3433	6.8073	rho_direct	0.0	0.0
U6a7a1_C152T!!	2	3.8953	1.3387	6.4951	very_low	3.4287	2.1717	5.325	single_child_interpolation	-0.4666000000000001	11.978538238389858
U6a7a1a	7	0.3665	-0.351	1.0876	low	0.3665	0.0	1.0876	rho_fallback_no_desc	0.0	0.0
U6a7a1b	3	2.5854	-0.3368	5.566	low	2.5854	0.0	5.566	rho_fallback_no_desc	0.0	0.0
U6a7a1c	2	1.2869	-1.2245	3.8427	very_low	1.2869	0.0	3.8427	rho_fallback_no_desc	0.0	0.0
U6a7a2	4	3.8953	1.3387	6.4951	low	5.5229	3.6738	8.6822	single_child_interpolation	1.6275999999999997	41.78368803429773
U6a7a2a	2	2.5854	-2.4381	7.7838	very_low	2.5854	0.0	7.7838	rho_fallback_no_desc	0.0	0.0
U6a7b	3	24.8086	19.1269	30.6295	low	18.6158	14.9713	22.3492	single_child_interpolation	-6.192799999999998	24.962311456511046
U6a7b1	3	10.6101	5.3225	16.0588	low	10.6101	5.3225	16.0588	rho_fallback_no_desc	0.0	0.0
U6a7c	3	12.4458	3.133	22.2509	low	15.919	12.3613	19.57	single_child_interpolation	3.4732000000000003	27.906603030741294
U6a7c1	2	5.2164	0.1025	10.5005	very_low	5.2164	0.1025	10.5005	rho_fallback_no_desc	0.0	0.0
U6a8	12	18.0612	16.0876	20.0537	medium	18.0612	16.0876	20.0537	rho_direct	0.0	0.0
U6a8a	2	9.2456	1.4422	17.4168	very_low	9.2456	1.4422	17.4168	rho_fallback_no_desc	0.0	0.0
U6a8b	10	7.6222	5.3509	9.9247	medium	7.6222	5.3509	9.9247	rho_direct	0.0	0.0
U6a_T16189C!	61	21.7968	19.7459	23.8667	high	21.7968	19.7459	23.8667	rho_direct	0.0	0.0
U6a_T16189C!_G103A	24	19.9681	18.1609	21.7904	medium	19.9681	18.1609	21.7904	rho_direct	0.0	0.0
U6b	14	12.7755	8.6686	16.9746	medium	12.7755	8.6686	16.9746	rho_direct	0.0	0.0
U6b1	6	12.4458	7.1612	17.885	low	12.4458	7.1612	17.885	rho_fallback_no_desc	0.0	0.0
U6b1a	4	3.2389	0.0432	6.5035	low	7.5156	3.5806	12.8344	single_child_interpolation	4.2767	132.04174256692087
U6b1a1	2	2.5854	-2.4381	7.7838	very_low	2.5854	0.0	7.7838	rho_fallback_no_desc	0.0	0.0
U6b1b	2	6.5486	3.9479	9.1912	very_low	6.5486	3.9479	9.1912	rho_fallback_no_desc	0.0	0.0
U6b2	2	5.2164	0.1025	10.5005	very_low	5.2164	0.1025	10.5005	rho_fallback_no_desc	0.0	0.0
U6b3	3	3.4574	1.7531	5.181	low	7.0312	4.3343	10.4086	single_child_interpolation	3.5738000000000003	103.36669173367272
U6b3a	2	1.2869	-1.2245	3.8427	very_low	1.2869	0.0	3.8427	rho_fallback_no_desc	0.0	0.0
U6c	4	8.5673	7.2456	9.8992	low	8.5673	7.2456	9.8992	rho_fallback_no_desc	0.0	0.0
U6c1	2	3.8953	1.3387	6.4951	very_low	3.8953	1.3387	6.4951	rho_fallback_no_desc	0.0	0.0
U6c2	2	5.2164	5.2164	5.2164	very_low	5.2164	5.2164	5.2164	rho_fallback_no_desc	0.0	0.0
U6d	13	12.9431	11.0209	14.8852	medium	12.9431	11.0209	14.8852	rho_direct	0.0	0.0
U6d1	5	5.7479	3.8075	7.712	low	5.7479	3.8075	7.712	rho_fallback_no_desc	0.0	0.0
U6d1a	2	1.2869	-1.2245	3.8427	very_low	1.2869	0.0	3.8427	rho_fallback_no_desc	0.0	0.0
U6d1b	2	3.8953	1.3387	6.4951	very_low	3.8953	1.3387	6.4951	rho_fallback_no_desc	0.0	0.0
U6d2	3	4.3344	-0.1585	8.961	low	4.3344	0.0	8.961	rho_fallback_no_desc	0.0	0.0
U6d3	4	9.9265	4.9377	15.0607	low	8.6387	6.8205	10.4765	single_child_interpolation	-1.2878000000000007	12.973354153024738
U6d3a	3	4.3344	2.6202	6.0677	low	4.3344	2.6202	6.0677	rho_fallback_no_desc	0.0	0.0
U7	219	18.2173	17.2409	19.1983	high	18.2173	17.2409	19.1983	rho_direct	0.0	0.0
U7a	155	17.4498	16.2737	18.6326	high	17.4498	16.2737	18.6326	rho_direct	0.0	0.0
U7a1	3	10.6101	10.6101	10.6101	low	10.0176	9.4296	10.609	single_child_interpolation	-0.5924999999999994	5.584301750219126
U7a1a	2	2.5854	2.5854	2.5854	very_low	2.5854	2.5854	2.5854	rho_fallback_no_desc	0.0	0.0
U7a2	18	16.015	12.4067	19.6896	low	16.015	12.4067	19.6896	rho_direct	0.0	0.0
U7a2a	5	8.4319	4.243	12.7264	low	8.4319	4.243	12.7264	rho_fallback_no_desc	0.0	0.0
U7a2b	7	7.5068	5.3894	9.6514	low	7.5068	5.3894	9.6514	rho_fallback_no_desc	0.0	0.0
U7a3	55	18.8046	17.1051	20.5178	low	18.8046	17.1051	20.5178	rho_direct	0.0	0.0
U7a3a	37	16.6297	14.4358	18.8475	low	16.6297	14.4358	18.8475	rho_direct	0.0	0.0
U7a3a1	5	12.8151	10.1717	15.4963	low	12.8151	10.1717	15.4963	rho_fallback_no_desc	0.0	0.0
U7a3a2	3	4.3344	2.6202	6.0677	low	4.3344	2.6202	6.0677	rho_fallback_no_desc	0.0	0.0
U7a3b	17	12.0663	9.6217	14.5438	medium	12.0663	9.6217	14.5438	rho_direct	0.0	0.0
U7a4	27	13.6797	12.1902	15.181	medium	14.2465	12.8323	15.6716	single_child_interpolation	0.5667999999999989	4.14336571708443
U7a4a	19	11.0432	9.3909	12.7107	medium	10.1749	8.53	11.8362	single_child_interpolation	-0.8683000000000014	7.862757171834263
U7a4a1	15	6.1033	4.2277	8.0008	medium	7.6956	5.9295	9.4814	single_child_interpolation	1.5922999999999998	26.089164878016806
U7a4a1a	6	5.2164	3.3289	7.1266	low	5.2164	3.3289	7.1266	rho_fallback_no_desc	0.0	0.0
U7a5	2	3.8953	1.3387	6.4951	very_low	3.8953	1.3387	6.4951	rho_fallback_no_desc	0.0	0.0
U7a6	7	3.3325	2.3879	4.283	low	3.3325	2.3879	4.283	rho_fallback_no_desc	0.0	0.0
U7a7	4	12.6765	10.095	15.2942	low	12.6765	10.095	15.2942	rho_fallback_no_desc	0.0	0.0
U7a8	3	2.5854	2.5854	2.5854	low	2.5854	2.5854	2.5854	rho_fallback_no_desc	0.0	0.0
U7b	55	11.3588	9.9758	12.7524	high	11.3588	9.9758	12.7524	rho_direct	0.0	0.0
U7b1	2	3.8953	1.3387	6.4951	very_low	3.8953	1.3387	6.4951	rho_fallback_no_desc	0.0	0.0
U7b2	2	1.2869	-1.2245	3.8427	very_low	1.2869	0.0	3.8427	rho_fallback_no_desc	0.0	0.0
U7b3	6	3.0208	2.1687	3.8777	low	3.0208	2.1687	3.8777	rho_fallback_no_desc	0.0	0.0
U8	761	51.258	50.564	51.9532	low	51.258	50.564	51.9532	rho_direct	0.0	0.0
U8a	34	21.2959	19.8898	22.711	medium	21.2959	19.8898	22.711	rho_direct	0.0	0.0
U8a1	30	19.1079	17.8943	20.3284	medium	19.1079	17.8943	20.3284	rho_direct	0.0	0.0
U8a1a	28	8.7608	7.5114	10.0193	medium	8.7608	7.5114	10.0193	rho_direct	0.0	0.0
U8a1a1	20	6.4148	4.9751	7.8674	medium	6.4148	4.9751	7.8674	rho_direct	0.0	0.0
U8a1a1a	5	7.3531	5.3933	9.3363	low	4.5001	3.7803	5.2264	single_child_interpolation	-2.8530000000000006	38.79996192082252
U8a1a1a1	2	2.5854	2.5854	2.5854	very_low	2.5854	2.5854	2.5854	rho_fallback_no_desc	0.0	0.0
U8a1a1b	10	3.6324	2.2658	5.0113	medium	4.0667	2.5047	5.6449	single_child_interpolation	0.4342999999999999	11.956282347759055
U8a1a1b1	6	1.7185	0.0342	3.4224	low	1.7185	0.0342	3.4224	rho_fallback_no_desc	0.0	0.0
U8a1a2	2	2.5854	-2.4381	7.7838	very_low	2.5854	0.0	7.7838	rho_fallback_no_desc	0.0	0.0
U8a1a3	2	3.8953	1.3387	6.4951	very_low	3.8953	1.3387	6.4951	rho_fallback_no_desc	0.0	0.0
U8a1a4	2	2.5854	-2.4381	7.7838	very_low	2.5854	0.0	7.7838	rho_fallback_no_desc	0.0	0.0
U8a1b	2	5.2164	0.1025	10.5005	very_low	5.2164	0.1025	10.5005	rho_fallback_no_desc	0.0	0.0
U8a2	3	10.6101	5.3225	16.0588	low	10.6101	5.3225	16.0588	rho_fallback_no_desc	0.0	0.0
U8b	726	42.4418	41.7689	43.1161	high	42.4418	41.7689	43.1161	rho_direct	0.0	0.0
U8b'c	727	48.6648	47.974	49.3569	high	48.6648	47.974	49.3569	rho_direct	0.0	0.0
U8b1	34	32.3455	29.1011	35.629	medium	32.3455	29.1011	35.629	rho_direct	0.0	0.0
U8b1a	18	27.5965	23.3109	31.9569	medium	27.5965	23.3109	31.9569	rho_direct	0.0	0.0
U8b1a1	7	16.1717	11.2592	21.2074	low	16.1717	11.2592	21.2074	rho_fallback_no_desc	0.0	0.0
U8b1a2	11	26.4148	20.3276	32.6575	low	26.4148	20.3276	32.6575	rho_direct	0.0	0.0
U8b1a2_T16311C!	8	19.7288	13.2987	26.3568	low	20.0915	15.9508	24.3227	single_child_interpolation	0.36270000000000024	1.8384290985767013
U8b1a2a	3	30.7497	30.7497	30.7497	low	30.7497	30.7497	30.7497	rho_fallback_no_desc	0.0	0.0
U8b1a2b	7	13.7682	11.574	15.9879	low	11.3384	8.4642	14.2668	single_child_interpolation	-2.4298	17.64791330747665
U8b1a2b1	5	2.5854	0.9775	4.2108	low	2.5854	0.9775	4.2108	rho_fallback_no_desc	0.0	0.0
U8b1b	16	18.8338	15.3405	22.3858	medium	18.8338	15.3405	22.3858	rho_direct	0.0	0.0
U8b1b1	3	3.4574	1.7531	5.181	low	3.4574	1.7531	5.181	rho_fallback_no_desc	0.0	0.0
U8b1b2	2	16.1717	16.1717	16.1717	very_low	16.1717	16.1717	16.1717	rho_fallback_no_desc	0.0	0.0
U8b1b3	5	7.8917	7.8917	7.8917	low	7.8917	7.8917	7.8917	rho_fallback_no_desc	0.0	0.0
U8b1b4	5	10.063	8.9956	11.1369	low	10.063	8.9956	11.1369	rho_fallback_no_desc	0.0	0.0
U8c	1	0.0			no_ci	0.0	0.0		rho_fallback_no_desc	0.0	
U9	13	24.5829	21.1976	28.0173	medium	24.5829	21.1976	28.0173	rho_direct	0.0	0.0
U9a	6	20.4474	16.6948	24.2656	low	18.284	13.8195	22.8592	single_child_interpolation	-2.1633999999999993	10.580318280074726
U9a1	4	11.9851	6.4415	17.701	low	11.9851	6.4415	17.701	rho_fallback_no_desc	0.0	0.0
U9b	7	17.7902	14.63	20.9993	low	16.9142	13.453	20.4367	single_child_interpolation	-0.8759999999999977	4.924059313554641
U9b1	6	9.2456	5.7085	12.8562	low	9.2456	5.7085	12.8562	rho_fallback_no_desc	0.0	0.0
V	268	10.6817	10.0344	11.3313	high	10.6817	10.0344	11.3313	rho_direct	0.0	0.0
V1	39	10.2592	8.898	11.6309	low	10.2592	8.898	11.6309	rho_direct	0.0	0.0
V10	9	11.2199	7.0785	15.4582	low	11.2199	7.0785	15.4582	rho_fallback_no_desc	0.0	0.0
V10a	2	1.2869	-1.2245	3.8427	very_low	1.2869	0.0	3.8427	rho_fallback_no_desc	0.0	0.0
V10b	7	9.8291	4.9887	14.8065	low	9.8291	4.9887	14.8065	rho_fallback_no_desc	0.0	0.0
V10b1	2	5.2164	5.2164	5.2164	very_low	5.2164	5.2164	5.2164	rho_fallback_no_desc	0.0	0.0
V10b2	2	1.2869	-1.2245	3.8427	very_low	1.2869	0.0	3.8427	rho_fallback_no_desc	0.0	0.0
V11	2	3.8953	1.3387	6.4951	very_low	3.8953	1.3387	6.4951	rho_fallback_no_desc	0.0	0.0
V12	2	2.5854	2.5854	2.5854	very_low	2.5854	2.5854	2.5854	rho_fallback_no_desc	0.0	0.0
V13	4	2.5854	0.513	4.687	low	2.5854	0.513	4.687	rho_fallback_no_desc	0.0	0.0
V14	3	2.5854	-2.4381	7.7838	low	2.5854	0.0	7.7838	rho_fallback_no_desc	0.0	0.0
V15	4	5.2164	1.5822	8.9357	low	6.6336	5.0172	9.5575	single_child_interpolation	1.4172000000000002	27.168161950770653
V15a	3	2.5854	-2.4381	7.7838	low	2.5854	0.0	7.7838	rho_fallback_no_desc	0.0	0.0
V16	7	4.8378	1.9937	7.7342	low	4.8378	1.9937	7.7342	rho_fallback_no_desc	0.0	0.0
V17	2	6.5486	3.9479	9.1912	very_low	6.5486	3.9479	9.1912	rho_fallback_no_desc	0.0	0.0
V18	2	2.5854	-2.4381	7.7838	very_low	6.6336	5.0172		single_child_interpolation	4.0482000000000005	156.5792527268508
V18a	1	2.5854			no_ci	2.5854	0.0		rho_fallback_no_desc	0.0	0.0
V19	3	5.2164	-0.6728	11.3326	low	5.2164	0.0	11.3326	rho_fallback_no_desc	0.0	0.0
V1a	36	7.5175	6.127	8.9196	medium	7.6921	6.2154	9.182	single_child_interpolation	0.17459999999999987	2.3225806451612883
V1a1	29	5.1249	3.5329	6.7331	medium	5.1249	3.5329	6.7331	rho_direct	0.0	0.0
V1a1a	8	1.6105	0.2806	2.9526	low	3.2059	1.7665	5.2879	single_child_interpolation	1.5954000000000002	99.06240298044087
V1a1a1	2	1.2869	-1.2245	3.8427	very_low	1.2869	0.0	3.8427	rho_fallback_no_desc	0.0	0.0
V1a1b	5	8.9739	4.3995	13.673	low	8.9739	4.3995	13.673	rho_fallback_no_desc	0.0	0.0
V1b	3	7.8917	1.9004	14.1039	low	7.8917	1.9004	14.1039	rho_fallback_no_desc	0.0	0.0
V2	26	8.5152	7.0124	10.0314	medium	8.5152	7.0124	10.0314	rho_direct	0.0	0.0
V20	2	7.8917	7.8917	7.8917	very_low	7.8917	7.8917	7.8917	rho_fallback_no_desc	0.0	0.0
V21	2	1.2869	-1.2245	3.8427	very_low	1.2869	0.0	3.8427	rho_fallback_no_desc	0.0	0.0
V22	3	1.7185	0.0342	3.4224	low	1.7185	0.0342	3.4224	rho_fallback_no_desc	0.0	0.0
V23	1	0.0			no_ci	0.0	0.0		rho_fallback_no_desc	0.0	
V24	2	6.5486	-1.1229	14.598	very_low	6.5486	0.0	14.598	rho_fallback_no_desc	0.0	0.0
V25	18	7.2934	5.733	8.8686	medium	7.2934	5.733	8.8686	rho_direct	0.0	0.0
V26	2	3.8953	-3.6406	11.8196	very_low	3.8953	0.0	11.8196	rho_fallback_no_desc	0.0	0.0
V27	2	5.2164	0.1025	10.5005	very_low	5.2164	0.1025	10.5005	rho_fallback_no_desc	0.0	0.0
V28	2	3.8953	1.3387	6.4951	very_low	3.8953	1.3387	6.4951	rho_fallback_no_desc	0.0	0.0
V29	9	2.0069	0.8796	3.1429	low	2.0069	0.8796	3.1429	rho_fallback_no_desc	0.0	0.0
V2a	5	7.8917	5.0214	10.8117	low	6.2053	4.7131	7.7112	single_child_interpolation	-1.6864	21.36928671895789
V2a1	4	3.8953	2.4139	5.3911	low	3.9619	2.3737	5.5668	single_child_interpolation	0.06659999999999977	1.709752778990059
V2a1a	3	1.7185	0.0342	3.4224	low	1.7185	0.0342	3.4224	rho_fallback_no_desc	0.0	0.0
V2b	8	6.8833	3.2184	10.6315	low	6.8833	3.2184	10.6315	rho_fallback_no_desc	0.0	0.0
V2b1	2	1.2869	-1.2245	3.8427	very_low	1.2869	0.0	3.8427	rho_fallback_no_desc	0.0	0.0
V2b2	2	2.5854	-2.4381	7.7838	very_low	2.5854	0.0	7.7838	rho_fallback_no_desc	0.0	0.0
V2c	4	5.2164	3.1076	7.3536	low	5.2164	3.1076	7.3536	rho_fallback_no_desc	0.0	0.0
V3	14	7.1228	5.8426	8.413	medium	7.1228	5.8426	8.413	rho_direct	0.0	0.0
V30	4	9.9265	8.5943	11.2688	low	9.9265	8.5943	11.2688	rho_fallback_no_desc	0.0	0.0
V31	4	7.2188	4.7176	9.7581	low	7.2188	4.7176	9.7581	rho_fallback_no_desc	0.0	0.0
V3a	5	5.2164	3.5804	6.8694	low	5.5091	3.5907	7.4541	single_child_interpolation	0.29269999999999996	5.611149451729161
V3a1	2	3.8953	1.3387	6.4951	very_low	3.8953	1.3387	6.4951	rho_fallback_no_desc	0.0	0.0
V3b	2	2.5854	-2.4381	7.7838	very_low	2.5854	0.0	7.7838	rho_fallback_no_desc	0.0	0.0
V3c	3	3.4574	1.7531	5.181	low	3.4574	1.7531	5.181	rho_fallback_no_desc	0.0	0.0
V4	3	4.3344	0.9254	7.8198	low	4.3344	0.9254	7.8198	rho_fallback_no_desc	0.0	0.0
V5	4	2.5854	2.5854	2.5854	low	2.5854	2.5854	2.5854	rho_fallback_no_desc	0.0	0.0
V6	2	2.5854	2.5854	2.5854	very_low	2.5854	2.5854	2.5854	rho_fallback_no_desc	0.0	0.0
V7	27	12.4458	10.5571	14.3538	low	12.4458	10.5571	14.3538	rho_direct	0.0	0.0
V7a	23	7.1896	5.1563	9.248	medium	7.6606	5.9283	9.411	single_child_interpolation	0.4709999999999992	6.551129409146533
V7a1	9	2.8755	1.2995	4.4683	low	2.8755	1.2995	4.4683	rho_fallback_no_desc	0.0	0.0
V7b	2	2.5854	-2.4381	7.7838	very_low	2.5854	0.0	7.7838	rho_fallback_no_desc	0.0	0.0
V8	2	2.5854	2.5854	2.5854	very_low	2.5854	2.5854	2.5854	rho_fallback_no_desc	0.0	0.0
V9	6	18.5363	12.4316	24.8236	low	10.3724	8.2913	12.4902	single_child_interpolation	-8.1639	44.04277013211914
V9a	5	10.063	6.5482	13.6491	low	10.063	6.5482	13.6491	rho_fallback_no_desc	0.0	0.0
V9a1	2	2.5854	-2.4381	7.7838	very_low	2.5854	0.0	7.7838	rho_fallback_no_desc	0.0	0.0
V9a2	3	8.7931	4.1712	13.5427	low	8.7931	4.1712	13.5427	rho_fallback_no_desc	0.0	0.0
V_C150T	6	7.4428	4.6067	10.3278	low	7.4428	4.6067	10.3278	rho_fallback_no_desc	0.0	0.0
V_C16298T!	13	2.3849	-0.2069	5.0227	medium	9.2867	8.963	9.6115	single_child_interpolation	6.9018	289.3957817937859
V_C72T!	13	7.0638	5.4533	8.6902	medium	5.9843	5.0172	7.587	single_child_interpolation	-1.0794999999999995	15.282142756023664
W	326	19.0739	18.2906	19.8601	high	19.0739	18.2906	19.8601	rho_direct	0.0	0.0
W1	99	10.2507	9.2965	11.2101	high	10.2507	9.2965	11.2101	rho_direct	0.0	0.0
W1_T119C	23	11.2066	9.0784	13.3602	low	11.2066	9.0784	13.3602	rho_direct	0.0	0.0
W1a	24	1.3947	0.7152	2.0775	medium	1.3947	0.7152	2.0775	rho_direct	0.0	0.0
W1b	16	4.2245	2.5411	5.9264	medium	6.4181	5.003	7.8476	single_child_interpolation	2.1936	51.92567167712156
W1b1	12	2.5854	0.7095	4.4852	medium	2.5854	0.7095	4.4852	rho_direct	0.0	0.0
W1c	16	9.9265	7.5263	12.3599	low	8.9732	6.0436	11.9588	single_child_interpolation	-0.9533000000000005	9.603586359744124
W1c1	7	6.7398	3.0089	10.5573	low	6.7398	3.0089	10.5573	rho_fallback_no_desc	0.0	0.0
W1d	1	0.0			no_ci	0.0	0.0		rho_fallback_no_desc	0.0	
W1e	5	5.7479	1.9599	9.6274	low	7.4025	5.3135	9.5282	single_child_interpolation	1.6546000000000003	28.786165382139572
W1e1	4	4.5544	1.3305	7.8462	low	4.3447	2.6568	6.6854	single_child_interpolation	-0.20970000000000066	4.604338661514155
W1e1a	2	1.2869	-1.2245	3.8427	very_low	1.2869	0.0	3.8427	rho_fallback_no_desc	0.0	0.0
W1f	3	6.995	5.2518	8.7569	low	6.995	5.2518	8.7569	rho_fallback_no_desc	0.0	0.0
W1g	3	3.4574	-1.009	8.0587	low	3.4574	0.0	8.0587	rho_fallback_no_desc	0.0	0.0
W1h	4	9.2456	4.2204	14.4206	low	6.4181	5.9409	6.8978	single_child_interpolation	-2.8274999999999997	30.58211473565804
W1h1	2	2.5854	2.5854	2.5854	very_low	2.5854	2.5854	2.5854	rho_fallback_no_desc	0.0	0.0
W1i	1	5.2164			no_ci	5.2164	0.0		rho_fallback_no_desc	0.0	0.0
W3	98	17.2107	15.9672	18.4618	high	17.2107	15.9672	18.4618	rho_direct	0.0	0.0
W3a	69	15.2742	13.8132	16.746	high	15.2742	13.8132	16.746	rho_direct	0.0	0.0
W3a1	62	12.1187	10.6901	13.5584	high	12.1187	10.6901	13.5584	rho_direct	0.0	0.0
W3a1_T199C	8	5.8811	4.2529	7.5259	low	5.8811	4.2529	7.5259	rho_fallback_no_desc	0.0	0.0
W3a1a	8	14.4162	9.5204	19.4391	low	14.4162	9.5204	19.4391	rho_fallback_no_desc	0.0	0.0
W3a1a1	2	19.0125	2.8988	36.4588	very_low	19.0125	2.8988	36.4588	rho_fallback_no_desc	0.0	0.0
W3a1a2	2	9.2456	6.6021	11.9299	very_low	9.2456	6.6021	11.9299	rho_fallback_no_desc	0.0	0.0
W3a1a3	1	2.5854			no_ci	2.5854	0.0		rho_fallback_no_desc	0.0	0.0
W3a1a4	3	1.7185	0.0342	3.4224	low	1.7185	0.0342	3.4224	rho_fallback_no_desc	0.0	0.0
W3a1b	22	12.1106	10.3836	13.8539	low	6.0594	5.3451	6.7792	single_child_interpolation	-6.0512	49.96614536026291
W3a1b1	6	0.0	0.0	0.0	low	0.0	0.0	0.0	rho_fallback_no_desc	0.0	
W3a1c	2	2.5854	-2.4381	7.7838	very_low	2.5854	0.0	7.7838	rho_fallback_no_desc	0.0	0.0
W3a1d	6	3.4574	1.7531	5.181	low	3.4574	1.7531	5.181	rho_fallback_no_desc	0.0	0.0
W3a2	6	12.9075	8.8794	17.0241	low	11.583	10.8525	12.3189	single_child_interpolation	-1.3245000000000005	10.261475886112729
W3a2a	4	7.8917	7.8917	7.8917	low	7.8917	7.8917	7.8917	rho_fallback_no_desc	0.0	0.0
W3b	27	9.0946	7.0708	11.1423	medium	9.2488	7.9836	11.1523	single_child_interpolation	0.15419999999999945	1.6955116222813478
W3b1	2	1.2869	-1.2245	3.8427	very_low	1.2869	0.0	3.8427	rho_fallback_no_desc	0.0	0.0
W4	23	12.4057	9.8809	14.9652	medium	12.4057	9.8809	14.9652	rho_direct	0.0	0.0
W4a	5	8.9739	7.6758	10.2819	low	7.9316	5.817	10.0731	single_child_interpolation	-1.0423	11.614794013750988
W4a1	3	3.4574	1.7531	5.181	low	3.4574	1.7531	5.181	rho_fallback_no_desc	0.0	0.0
W4b	2	9.2456	6.6021	11.9299	very_low	9.2456	6.6021	11.9299	rho_fallback_no_desc	0.0	0.0
W4c	2	11.9851	-10.6168	37.8116	very_low	11.9851	0.0	37.8116	rho_fallback_no_desc	0.0	0.0
W4d	4	9.9265	1.8471	18.395	low	9.9265	1.8471	18.395	rho_fallback_no_desc	0.0	0.0
W5	27	15.6499	13.3635	17.963	medium	15.6499	13.3635	17.963	rho_direct	0.0	0.0
W5a	18	10.6101	8.2483	13.0035	medium	10.6101	8.2483	13.0035	rho_direct	0.0	0.0
W5a1	12	9.6992	7.1434	12.2928	medium	8.8473	6.1593	11.579	single_child_interpolation	-0.8518999999999988	8.783198614318694
W5a1a	10	7.0845	4.0704	10.1545	medium	6.503	3.8533	9.1968	single_child_interpolation	-0.5815000000000001	8.208059848966053
W5a1a1	5	4.1586	1.5473	6.8147	low		1.9267		single_child_interpolation		
W5a1a1a	0				no_ci		0.0		rho_fallback_no_desc		
W5a2	4	5.8811	1.4844	10.4011	low	7.9132	4.1241		single_child_interpolation	2.0321	34.55305980173777
W5a2b	1	5.2164			no_ci	5.2164	0.0		rho_fallback_no_desc	0.0	0.0
W5b	0				no_ci		6.6818		single_child_interpolation		
W5b1	0				no_ci		3.3409		single_child_interpolation		
W5b1a	0				no_ci		0.0		rho_fallback_no_desc		
W6	51	11.4716	9.9558	13.0002	high	11.4716	9.9558	13.0002	rho_direct	0.0	0.0
W6a	7	5.5959	2.1415	9.1265	low	5.5959	2.1415	9.1265	rho_fallback_no_desc	0.0	0.0
W6b	4	11.2963	5.4208	17.3686	low	10.3586	4.9779	18.0272	single_child_interpolation	-0.9377000000000013	8.300948098049815
W6b1	2	9.2456	-3.5408	23.0541	very_low	9.2456	0.0	23.0541	rho_fallback_no_desc	0.0	0.0
W6c	7	9.8291	7.9176	11.7615	low	9.6816	7.4117	11.9856	single_child_interpolation	-0.14750000000000085	1.5006460408379285
W6c1	3	7.8917	4.8676	10.971	low	8.1151	5.6798	10.5884	single_child_interpolation	0.22339999999999982	2.830822256294586
W6c1a	2	6.5486	3.9479	9.1912	very_low	6.5486	3.9479	9.1912	rho_fallback_no_desc	0.0	0.0
W6d	3	2.5854	-0.3368	5.566	low	2.5854	0.0	5.566	rho_fallback_no_desc	0.0	0.0
W7	5	7.3531	5.3933	9.3363	low	7.3531	5.3933	9.3363	rho_fallback_no_desc	0.0	0.0
W8	4	12.6765	10.095	15.2942	low	12.6765	10.095	15.2942	rho_fallback_no_desc	0.0	0.0
W9	2	5.2164	5.2164	5.2164	very_low	5.2164	5.2164	5.2164	rho_fallback_no_desc	0.0	0.0
W_C194T	217	19.4215	18.5456	20.301	low	19.4215	18.5456	20.301	rho_direct	0.0	0.0
X	253	27.562	26.5466	28.5815	high	27.562	26.5466	28.5815	rho_direct	0.0	0.0
X1	8	21.8918	16.8035	27.0982	low	21.8918	16.8035	27.0982	rho_fallback_no_desc	0.0	0.0
X1'2'3	250	25.785	24.751	26.8234	high	25.785	24.751	26.8234	rho_direct	0.0	0.0
X1'3	15	27.7615	22.7005	32.9268	low	27.7615	22.7005	32.9268	rho_direct	0.0	0.0
X1a	3	15.2335	10.4406	20.1459	low	15.2335	10.4406	20.1459	rho_fallback_no_desc	0.0	0.0
X1c	5	15.0464	7.5037	22.891	low	15.0464	7.5037	22.891	rho_fallback_no_desc	0.0	0.0
X2	235	19.7074	18.6902	20.7294	high	19.7074	18.6902	20.7294	rho_direct	0.0	0.0
X2_G225A	205	19.9494	18.8608	21.0435	low	19.9494	18.8608	21.0435	rho_direct	0.0	0.0
X2_G225A_G153A!	4	14.766	11.2546	18.3419	low	14.766	11.2546	18.3419	rho_fallback_no_desc	0.0	0.0
X2_G225A_T16223C	7	9.4398	6.0104	12.938	low	10.834	9.4475	12.233	single_child_interpolation	1.3941999999999997	14.76938070721837
X2a	17	18.8443	15.5955	22.1438	low	18.8443	15.5955	22.1438	rho_direct	0.0	0.0
X2a'j	18	29.0853	26.0292	32.1782	low	29.0853	26.0292	32.1782	rho_direct	0.0	0.0
X2a1	14	9.8291	5.6704	14.0885	medium	9.8291	5.6704	14.0885	rho_direct	0.0	0.0
X2a1a	4	13.3705	2.5833	24.811	low	9.5373	6.1363	13.0092	single_child_interpolation	-3.8331999999999997	28.66908492576942
X2a1a1	2	9.2456	6.6021	11.9299	very_low	9.2456	6.6021	11.9299	rho_fallback_no_desc	0.0	0.0
X2a1b	5	4.6866	2.1681	7.2462	low	6.6433	3.7117	9.6348	single_child_interpolation	1.9566999999999997	41.75094951564033
X2a1b1	3	3.4574	1.7531	5.181	low	3.9651	1.8559	6.7387	single_child_interpolation	0.5077000000000003	14.684444958639448
X2a1b1a	2	1.2869	-1.2245	3.8427	very_low	1.2869	0.0	3.8427	rho_fallback_no_desc	0.0	0.0
X2a1c	2	5.2164	0.1025	10.5005	very_low	5.2164	0.1025	10.5005	rho_fallback_no_desc	0.0	0.0
X2a2	3	3.4574	1.7531	5.181	low	3.4574	1.7531	5.181	rho_fallback_no_desc	0.0	0.0
X2b	60	12.1232	10.7941	13.4619	high	14.8885	13.4318	16.356	single_child_interpolation	2.7653	22.80998416259733
X2b'd	75	19.9681	18.3448	21.6035	low	19.9681	18.3448	21.6035	rho_direct	0.0	0.0
X2b1	2	5.2164	5.2164	5.2164	very_low	5.2164	5.2164	5.2164	rho_fallback_no_desc	0.0	0.0
X2b10	3	3.4574	-1.009	8.0587	low	6.1971	4.2594	9.4462	single_child_interpolation	2.7397	79.24162665586859
X2b10a	2	2.5854	-2.4381	7.7838	very_low	2.5854	0.0	7.7838	rho_fallback_no_desc	0.0	0.0
X2b11	2	10.6101	5.3225	16.0588	very_low	10.6101	5.3225	16.0588	rho_fallback_no_desc	0.0	0.0
X2b12	2	2.5854	-2.4381	7.7838	very_low	2.5854	0.0	7.7838	rho_fallback_no_desc	0.0	0.0
X2b13	2	1.2869	-1.2245	3.8427	very_low	1.2869	0.0	3.8427	rho_fallback_no_desc	0.0	0.0
X2b2	1	7.8917			no_ci	7.8917	0.0		rho_fallback_no_desc	0.0	0.0
X2b3	7	4.0833	3.0438	5.1299	low	4.0833	3.0438	5.1299	rho_fallback_no_desc	0.0	0.0
X2b4	11	8.8752	5.3798	12.4431	low	9.936	7.7441	12.1602	single_child_interpolation	1.0608000000000004	11.95240670632775
X2b4a	5	10.063	6.9695	13.2117	low	8.2423	5.846	10.6757	single_child_interpolation	-1.8207000000000004	18.093014011726126
X2b4a1	2	6.5486	3.9479	9.1912	very_low	6.5486	3.9479	9.1912	rho_fallback_no_desc	0.0	0.0
X2b5	4	3.8953	-2.1177	10.1528	low	3.8953	0.0	10.1528	rho_fallback_no_desc	0.0	0.0
X2b6	3	7.8917	2.6898	13.2593	low	8.1788	4.2594	12.8533	single_child_interpolation	0.2871000000000006	3.6379994171091217
X2b6a	2	6.5486	-1.1229	14.598	very_low	6.5486	0.0	14.598	rho_fallback_no_desc	0.0	0.0
X2b7	2	7.8917	2.6898	13.2593	very_low	7.8917	2.6898	13.2593	rho_fallback_no_desc	0.0	0.0
X2b8	5	6.2812	5.004	7.5686	low	6.2812	5.004	7.5686	rho_fallback_no_desc	0.0	0.0
X2b9	2	3.8953	-3.6406	11.8196	very_low	3.8953	0.0	11.8196	rho_fallback_no_desc	0.0	0.0
X2b_T226C	58	9.8089	8.5188	11.1086	high	9.8089	8.5188	11.1086	rho_direct	0.0	0.0
X2b_T226C_C16192T	5	5.2164	2.9078	7.559	low	5.2164	2.9078	7.559	rho_fallback_no_desc	0.0	0.0
X2c	40	8.8383	7.7558	9.9276	medium	8.8383	7.7558	9.9276	rho_direct	0.0	0.0
X2c1	22	5.2164	3.6196	6.8294	medium	5.2164	3.6196	6.8294	rho_direct	0.0	0.0
X2c1a	4	4.5544	0.7193	8.4861	low	4.5544	0.7193	8.4861	rho_fallback_no_desc	0.0	0.0
X2c1b	2	3.8953	-3.6406	11.8196	very_low	3.8953	0.0	11.8196	rho_fallback_no_desc	0.0	0.0
X2c1c	3	3.4574	1.7531	5.181	low	3.2516	1.8098	5.336	single_child_interpolation	-0.20579999999999998	5.952449817782148
X2c1c1	2	1.2869	-1.2245	3.8427	very_low	1.2869	0.0	3.8427	rho_fallback_no_desc	0.0	0.0
X2c1d	1	0.0			no_ci	0.0	0.0		rho_fallback_no_desc	0.0	
X2c1e	2	1.2869	-1.2245	3.8427	very_low	1.2869	0.0	3.8427	rho_fallback_no_desc	0.0	0.0
X2c2	16	7.7232	6.8277	8.6234	medium	7.7232	6.8277	8.6234	rho_direct	0.0	0.0
X2d	15	18.2511	14.8978	21.6591	low	18.2511	14.8978	21.6591	rho_direct	0.0	0.0
X2d1	11	10.1127	7.7539	12.5033	medium	10.1127	7.7539	12.5033	rho_direct	0.0	0.0
X2d1a	2	5.2164	0.1025	10.5005	very_low	5.2164	0.1025	10.5005	rho_fallback_no_desc	0.0	0.0
X2d1b	3	2.5854	2.5854	2.5854	low	2.5854	2.5854	2.5854	rho_fallback_no_desc	0.0	0.0
X2d2	3	6.1033	1.5581	10.7797	low	6.1033	1.5581	10.7797	rho_fallback_no_desc	0.0	0.0
X2e	29	17.6362	15.4605	19.835	medium	17.6362	15.4605	19.835	rho_direct	0.0	0.0
X2e1	4	14.067	8.9601	19.3134	low	14.067	8.9601	19.3134	rho_fallback_no_desc	0.0	0.0
X2e1a	3	12.4458	6.0438	19.0763	low	8.9811	5.1494	12.9042	single_child_interpolation	-3.4647000000000006	27.838306898712823
X2e1a1	2	3.8953	1.3387	6.4951	very_low	3.8953	1.3387	6.4951	rho_fallback_no_desc	0.0	0.0
X2e1b	1	5.2164			no_ci	5.2164	0.0		rho_fallback_no_desc	0.0	0.0
X2e2	25	12.8151	10.4206	15.2406	medium	12.8151	10.4206	15.2406	rho_direct	0.0	0.0
X2e2a	15	7.3531	5.0581	9.6802	medium	7.3531	5.0581	9.6802	rho_direct	0.0	0.0
X2e2a1	6	1.7185	0.6509	2.7939	low	1.7185	0.6509	2.7939	rho_fallback_no_desc	0.0	0.0
X2e2a2	4	5.2164	1.5822	8.9357	low	5.2164	1.5822	8.9357	rho_fallback_no_desc	0.0	0.0
X2e2b	5	11.7093	6.494	17.0776	low	7.7002	6.503	8.913	single_child_interpolation	-4.009100000000001	34.23859667102219
X2e2b1	2	2.5854	2.5854	2.5854	very_low	2.5854	2.5854	2.5854	rho_fallback_no_desc	0.0	0.0
X2e2c	5	11.1588	6.9021	15.5182	low	9.6819	6.0136	13.4427	single_child_interpolation	-1.4768999999999988	13.235294117647047
X2e2c1	4	6.5486	1.6065	11.6447	low	6.5486	1.6065	11.6447	rho_fallback_no_desc	0.0	0.0
X2f	7	6.7398	2.843	10.7312	low	12.4619	9.3963	15.615	single_child_interpolation	5.7221	84.90014540490817
X2f1	2	5.2164	0.1025	10.5005	very_low	5.2164	0.1025	10.5005	rho_fallback_no_desc	0.0	0.0
X2g	1	0.0			no_ci	0.0	0.0		rho_fallback_no_desc	0.0	
X2h	3	1.7185	0.0342	3.4224	low	1.7185	0.0342	3.4224	rho_fallback_no_desc	0.0	0.0
X2i	15	9.5176	8.1649	10.8809	medium	13.082	11.8523	14.3201	single_child_interpolation	3.564400000000001	37.45061780280744
X2i1	2	5.2164	5.2164	5.2164	very_low	5.2164	5.2164	5.2164	rho_fallback_no_desc	0.0	0.0
X2i_A225G!	8	6.2145	4.8438	7.5968	low	9.1492	8.5343	9.7683	single_child_interpolation	2.9347000000000003	47.223429077158265
X2j	1	0.0			no_ci	0.0	0.0		rho_fallback_no_desc	0.0	
X2k	6	3.8953	1.021	6.8242	low	3.8953	1.021	6.8242	rho_fallback_no_desc	0.0	0.0
X2l	3	6.1033	1.5581	10.7797	low	6.1033	1.5581	10.7797	rho_fallback_no_desc	0.0	0.0
X2m	5	14.4861	12.3056	16.6914	low	14.4861	12.3056	16.6914	rho_fallback_no_desc	0.0	0.0
X2m'n	8	20.0878	16.5953	23.6375	low	20.0878	16.5953	23.6375	rho_fallback_no_desc	0.0	0.0
X2m1	2	6.5486	3.9479	9.1912	very_low	6.5486	3.9479	9.1912	rho_fallback_no_desc	0.0	0.0
X2m2	3	5.2164	5.2164	5.2164	low	5.2164	5.2164	5.2164	rho_fallback_no_desc	0.0	0.0
X2n	2	7.8917	2.6898	13.2593	very_low	7.8917	2.6898	13.2593	rho_fallback_no_desc	0.0	0.0
X2o	4	10.6101	6.854	14.4468	low	14.3712	11.516	17.2931	single_child_interpolation	3.7611000000000008	35.44829926202393
X2o1	3	8.7931	4.1712	13.5427	low	8.7931	4.1712	13.5427	rho_fallback_no_desc	0.0	0.0
X2p	10	11.7093	6.7377	16.8197	medium	14.4765	10.0662	19.0731	single_child_interpolation	2.767199999999999	23.632497245778985
X2p1	2	9.2456	1.4422	17.4168	very_low	9.2456	1.4422	17.4168	rho_fallback_no_desc	0.0	0.0
X3	7	7.1228	3.9646	10.3424	low	16.4889	12.3311	20.733	single_child_interpolation	9.366100000000001	131.49463694052903
X3a	6	5.2164	1.9617	8.5391	low	8.6728	6.1656	11.6418	single_child_interpolation	3.4564000000000004	66.26025611532859
X3a1	3	0.8567	-0.8175	2.5507	low	0.8567	0.0	2.5507	rho_fallback_no_desc	0.0	0.0
X4	3	6.1033	2.655	9.6266	low	6.1033	2.655	9.6266	rho_fallback_no_desc	0.0	0.0
Y	521	25.5477	24.3514	26.7499	high	25.5477	24.3514	26.7499	rho_direct	0.0	0.0
Y1	400	16.666	15.3614	17.979	high	16.666	15.3614	17.979	rho_direct	0.0	0.0
Y1a	165	7.2065	6.5341	7.8817	high	7.2065	6.5341	7.8817	rho_direct	0.0	0.0
Y1a1	47	4.7654	3.2251	6.3209	medium	6.2115	4.0582	8.4087	single_child_interpolation	1.4461000000000004	30.34582616359593
Y1a1a	4	5.2164	1.5822	8.9357	low	5.2164	1.5822	8.9357	rho_fallback_no_desc	0.0	0.0
Y1a2	10	4.6866	3.9971	5.3792	medium	4.6866	3.9971	5.3792	rho_direct	0.0	0.0
Y1a_T16189C!	86	4.939	4.2068	5.6745	high	5.9466	5.2656	6.6304	single_child_interpolation	1.0076	20.400890868596882
Y1b	162	13.9895	12.2846	15.7096	high	13.5545	11.9404	15.1831	single_child_interpolation	-0.4349999999999987	3.109474963365372
Y1b1	131	10.4429	8.5194	12.3873	high	11.536	6.0595	17.2843	single_child_interpolation	1.0930999999999997	10.46739890260368
Y1b1a	20	9.5176	0.1787	19.3855	low	9.5176	0.1787	19.3855	rho_direct	0.0	0.0
Y1c	33	26.057	16.404	36.1098	low	26.057	16.404	36.1098	rho_direct	0.0	0.0
Y1d	0				no_ci		0.0		rho_fallback_no_desc		
Y2	121	13.1408	11.2279	15.0733	high	13.1408	11.2279	15.0733	rho_direct	0.0	0.0
Y2a	30	9.2456	5.0936	13.4993	medium	9.2389	7.423	11.074	single_child_interpolation	-0.006700000000000372	0.07246690317556863
Y2a1	22	5.337	3.6181	7.0748	medium	6.7866	3.7115	10.0175	single_child_interpolation	1.4496000000000002	27.161326587970773
Y2a1a	3	4.3344	-0.1585	8.961	low	4.3344	0.0	8.961	rho_fallback_no_desc	0.0	0.0
Y2b	2	1.2869	-1.2245	3.8427	very_low	1.2869	0.0	3.8427	rho_fallback_no_desc	0.0	0.0
Y2c	8	6.8833	5.1903	8.5939	low	6.8833	5.1903	8.5939	rho_fallback_no_desc	0.0	0.0
Z	1286	26.1153	25.1471	27.0874	high	26.1153	25.1471	27.0874	rho_direct	0.0	0.0
Z1	61	19.7641	18.5139	21.0215	high	16.4375	15.34	17.5413	single_child_interpolation	-3.326599999999999	16.831527871241285
Z1a	59	8.8544	7.6478	10.0694	high	8.8544	7.6478	10.0694	rho_direct	0.0	0.0
Z1a1	15	8.2517	6.7193	9.798	medium	8.2517	6.7193	9.798	rho_direct	0.0	0.0
Z1a1a	4	3.2389	0.0432	6.5035	low	3.2389	0.0432	6.5035	rho_fallback_no_desc	0.0	0.0
Z1a1b	9	4.3344	1.1432	7.5924	low	4.3344	1.1432	7.5924	rho_fallback_no_desc	0.0	0.0
Z1a2	15	9.5176	7.6644	11.3907	low	7.8928	6.3172	9.4842	single_child_interpolation	-1.6247999999999996	17.071530637975957
Z1a2a	14	6.9312	4.9866	8.899	medium	6.9312	4.9866	8.899	rho_direct	0.0	0.0
Z1a3	17	2.5854	1.2056	3.9781	medium	2.5854	1.2056	3.9781	rho_direct	0.0	0.0
Z1a4	3	2.5854	2.5854	2.5854	low	2.5854	2.5854	2.5854	rho_fallback_no_desc	0.0	0.0
Z2	5	2.5854	0.9775	4.2108	low	2.5854	0.9775	4.2108	rho_fallback_no_desc	0.0	0.0
Z3	781	23.2168	21.8786	24.5627	high	23.2168	21.8786	24.5627	rho_direct	0.0	0.0
Z3_G709A	331	17.4113	15.7276	19.1089	high	17.4113	15.7276	19.1089	rho_direct	0.0	0.0
Z3a	81	20.643	17.3242	24.0129	high	20.643	17.3242	24.0129	rho_direct	0.0	0.0
Z3a1	13	14.6583	9.8433	19.5955	medium	14.892	10.899	18.9752	single_child_interpolation	0.2336999999999989	1.594318577188343
Z3a1a	13	9.141	4.4739	13.9374	medium	9.141	4.4739	13.9374	rho_direct	0.0	0.0
Z3a2	5	2.5854	0.9775	4.2108	low	2.5854	0.9775	4.2108	rho_fallback_no_desc	0.0	0.0
Z3a3	5	38.6757	18.9121	59.8225	low	38.6757	18.9121	59.8225	rho_fallback_no_desc	0.0	0.0
Z3b	13	9.141	5.0312	13.3508	medium	9.141	5.0312	13.3508	rho_direct	0.0	0.0
Z3c	130	15.1975	12.3681	18.0681	high	15.1975	12.3681	18.0681	rho_direct	0.0	0.0
Z3d	190	14.0596	11.9217	16.2217	high	14.0596	11.9217	16.2217	rho_direct	0.0	0.0
Z3e	21	28.1863	17.7973	39.0214	low	28.1863	17.7973	39.0214	rho_direct	0.0	0.0
Z3f	19	20.8266	15.2278	26.5716	low	20.8266	15.2278	26.5716	rho_direct	0.0	0.0
Z3g	5	20.1597	8.3479	32.653	low	20.1597	8.3479	32.653	rho_fallback_no_desc	0.0	0.0
Z3h	4	15.4676	14.0949	16.8499	low	15.4676	14.0949	16.8499	rho_fallback_no_desc	0.0	0.0
Z3i	4	15.4676	12.8476	18.1228	low	15.4676	12.8476	18.1228	rho_fallback_no_desc	0.0	0.0
Z3j	5	20.7356	14.4859	27.1684	low	20.7356	14.4859	27.1684	rho_fallback_no_desc	0.0	0.0
Z3k	3	15.2335	13.4076	17.0765	low	15.2335	13.4076	17.0765	rho_fallback_no_desc	0.0	0.0
Z3l	4	14.067	7.0111	21.392	low	14.067	7.0111	21.392	rho_fallback_no_desc	0.0	0.0
Z4	351	16.1074	14.4768	17.7513	high	19.4989	18.113	20.895	single_child_interpolation	3.3915000000000006	21.05553968983201
Z4a	259	14.9771	13.1938	16.7767	high	19.7101	17.4211	22.0281	single_child_interpolation	4.7330000000000005	31.60157840970549
Z4a1	82	19.9213	16.7292	23.1613	low	16.6741	14.1314	19.2521	single_child_interpolation	-3.2471999999999994	16.300141055051625
Z4a1a	52	13.6381	10.8417	16.476	high	10.9452	8.6195	13.3028	single_child_interpolation	-2.6929	19.745419083303393
Z4a1a1	4	5.2164	3.1076	7.3536	low	5.2164	3.1076	7.3536	rho_fallback_no_desc	0.0	0.0
Z5	1	0.0			no_ci	0.0	0.0		rho_fallback_no_desc	0.0	
Z6	8	15.1165	7.5671	22.968	low	15.1165	7.5671	22.968	rho_fallback_no_desc	0.0	0.0
Z7	12	19.9681	0.6702	41.1757	low	19.9681	0.6702	41.1757	rho_direct	0.0	0.0
Z8	9	13.0617	7.1143	19.2033	low	13.0617	7.1143	19.2033	rho_fallback_no_desc	0.0	0.0
Z9	3	7.8917	7.8917	7.8917	low	7.8917	7.8917	7.8917	rho_fallback_no_desc	0.0	0.0
Z_T152C	1257	24.0207	23.0323	25.0132	high	24.0207	23.0323	25.0132	rho_direct	0.0	0.0
mt-MRCA(RSRS)	71762	172.9022	172.7337	173.0708	high	172.902	172.902	172.902	root_calibration	-0.0002000000000066393	0.00011567232805981607
