Population	Haplogroup	Resolution	Count	Sample Size	Frequency	Scheme	Major Haplogroup	Category Order	Population Order	Group Label
Japanese Japan	C1a	Resolved	5	76	6.578947	Branch-adaptive depth	C	12	1	Oversea
Japanese Japan	C2a	Resolved	1	76	1.315789	Branch-adaptive depth	C	17	1	Oversea
Japanese Japan	C2b1a1a	Resolved	1	76	1.315789	Branch-adaptive depth	C	24	1	Oversea
Japanese Japan	C2b1b	Resolved	2	76	2.631579	Branch-adaptive depth	C	26	1	Oversea
Japanese Japan	D1a2	Resolved	26	76	34.210526	Branch-adaptive depth	D	38	1	Oversea
Japanese Japan	O1b1a1a1a1b1	Resolved	1	76	1.315789	Branch-adaptive depth	O	156	1	Oversea
Japanese Japan	O1b1a2	Resolved	1	76	1.315789	Branch-adaptive depth	O	174	1	Oversea
Japanese Japan	O1b2	Resolved	25	76	32.894737	Branch-adaptive depth	O	175	1	Oversea
Japanese Japan	O2a1b	Resolved	4	76	5.263158	Branch-adaptive depth	O	178	1	Oversea
Japanese Japan	O2a2a1a1b	Resolved	1	76	1.315789	Branch-adaptive depth	O	182	1	Oversea
Japanese Japan	O2a2b1a1a1*	Unresolved	1	76	1.315789	Branch-adaptive depth	O	199	1	Oversea
Japanese Japan	O2a2b1a1a1a1	Resolved	1	76	1.315789	Branch-adaptive depth	O	200	1	Oversea
Japanese Japan	O2a2b1a1a1a2	Resolved	1	76	1.315789	Branch-adaptive depth	O	201	1	Oversea
Japanese Japan	O2a2b1a1a1c	Resolved	1	76	1.315789	Branch-adaptive depth	O	211	1	Oversea
Japanese Japan	O2a2b1a1a1e	Resolved	1	76	1.315789	Branch-adaptive depth	O	213	1	Oversea
Japanese Japan	O2a2b1a2	Resolved	4	76	5.263158	Branch-adaptive depth	O	217	1	Oversea
Mongol Liaoning	C2a	Resolved	5	29	17.241379	Branch-adaptive depth	C	17	2	Northeast China
Mongol Liaoning	C2b1a1*	Unresolved	1	29	3.448276	Branch-adaptive depth	C	23	2	Northeast China
Mongol Liaoning	C2b1a1a	Resolved	4	29	13.793103	Branch-adaptive depth	C	24	2	Northeast China
Mongol Liaoning	C2b1a2	Resolved	1	29	3.448276	Branch-adaptive depth	C	25	2	Northeast China
Mongol Liaoning	E1b1b	Resolved	2	29	6.896552	Branch-adaptive depth	E	55	2	Northeast China
Mongol Liaoning	N1a2	Resolved	2	29	6.896552	Branch-adaptive depth	N	124	2	Northeast China
Mongol Liaoning	N1b1a	Resolved	2	29	6.896552	Branch-adaptive depth	N	130	2	Northeast China
Mongol Liaoning	O1b1a1a1a1b2a1a2	Resolved	1	29	3.448276	Branch-adaptive depth	O	163	2	Northeast China
Mongol Liaoning	O1b2	Resolved	1	29	3.448276	Branch-adaptive depth	O	175	2	Northeast China
Mongol Liaoning	O2a1a	Resolved	1	29	3.448276	Branch-adaptive depth	O	177	2	Northeast China
Mongol Liaoning	O2a1b	Resolved	4	29	13.793103	Branch-adaptive depth	O	178	2	Northeast China
Mongol Liaoning	O2a2a1a1b	Resolved	1	29	3.448276	Branch-adaptive depth	O	182	2	Northeast China
Mongol Liaoning	O2a2a1a2a1a1b	Resolved	1	29	3.448276	Branch-adaptive depth	O	190	2	Northeast China
Mongol Liaoning	O2a2b1a1a1c	Resolved	1	29	3.448276	Branch-adaptive depth	O	211	2	Northeast China
Mongol Liaoning	O2a2b1a2	Resolved	1	29	3.448276	Branch-adaptive depth	O	217	2	Northeast China
Mongol Liaoning	R1a1a1b2	Resolved	1	29	3.448276	Branch-adaptive depth	R	249	2	Northeast China
Zang Gansu	D1a1a1a1a1b*	Unresolved	8	25	32.0	Branch-adaptive depth	D	31	3	Northwest China
Zang Gansu	D1a1b	Resolved	5	25	20.0	Branch-adaptive depth	D	37	3	Northwest China
Zang Gansu	N1a2	Resolved	1	25	4.0	Branch-adaptive depth	N	124	3	Northwest China
Zang Gansu	O2a1a	Resolved	1	25	4.0	Branch-adaptive depth	O	177	3	Northwest China
Zang Gansu	O2a1b	Resolved	3	25	12.0	Branch-adaptive depth	O	178	3	Northwest China
Zang Gansu	O2a2b1a1a1a4a*	Unresolved	1	25	4.0	Branch-adaptive depth	O	203	3	Northwest China
Zang Gansu	O2a2b1a1a1e	Resolved	1	25	4.0	Branch-adaptive depth	O	213	3	Northwest China
Zang Gansu	O2a2b1a2	Resolved	3	25	12.0	Branch-adaptive depth	O	217	3	Northwest China
Zang Gansu	Q1a1a1b	Resolved	1	25	4.0	Branch-adaptive depth	Q	230	3	Northwest China
Zang Gansu	R1a1a1b2	Resolved	1	25	4.0	Branch-adaptive depth	R	249	3	Northwest China
Zang Yunnan	C1b1a2	Resolved	1	28	3.571429	Branch-adaptive depth	C	16	4	Southwest China
Zang Yunnan	D1a1a1a1a1b*	Unresolved	5	28	17.857143	Branch-adaptive depth	D	31	4	Southwest China
Zang Yunnan	D1a1b	Resolved	6	28	21.428571	Branch-adaptive depth	D	37	4	Southwest China
Zang Yunnan	N1a1a3	Resolved	1	28	3.571429	Branch-adaptive depth	N	123	4	Southwest China
Zang Yunnan	N1b2*	Unresolved	1	28	3.571429	Branch-adaptive depth	N	132	4	Southwest China
Zang Yunnan	O1b1a1a1a1a1a1b	Resolved	1	28	3.571429	Branch-adaptive depth	O	154	4	Southwest China
Zang Yunnan	O2a1a	Resolved	1	28	3.571429	Branch-adaptive depth	O	177	4	Southwest China
Zang Yunnan	O2a2a1a2a1a1a2a1	Resolved	1	28	3.571429	Branch-adaptive depth	O	187	4	Southwest China
Zang Yunnan	O2a2b1a1a1a4a*	Unresolved	6	28	21.428571	Branch-adaptive depth	O	203	4	Southwest China
Zang Yunnan	O2a2b1a2	Resolved	1	28	3.571429	Branch-adaptive depth	O	217	4	Southwest China
Zang Yunnan	O2b	Resolved	1	28	3.571429	Branch-adaptive depth	O	221	4	Southwest China
Zang Yunnan	Q1a1a1a*	Unresolved	1	28	3.571429	Branch-adaptive depth	Q	228	4	Southwest China
Zang Yunnan	Q1a1a1a1	Resolved	1	28	3.571429	Branch-adaptive depth	Q	229	4	Southwest China
Zang Yunnan	R1b1a2	Resolved	1	28	3.571429	Branch-adaptive depth	R	255	4	Southwest China
Zang Xizang	C2a	Resolved	4	442	0.904977	Branch-adaptive depth	C	17	5	Southwest China
Zang Xizang	C2b1a1a	Resolved	1	442	0.226244	Branch-adaptive depth	C	24	5	Southwest China
Zang Xizang	C2b1b	Resolved	5	442	1.131222	Branch-adaptive depth	C	26	5	Southwest China
Zang Xizang	D1a1*	Unresolved	3	442	0.678733	Branch-adaptive depth	D	29	5	Southwest China
Zang Xizang	D1a1a1a1a1b*	Unresolved	51	442	11.538462	Branch-adaptive depth	D	31	5	Southwest China
Zang Xizang	D1a1a1a1b*	Unresolved	17	442	3.846154	Branch-adaptive depth	D	34	5	Southwest China
Zang Xizang	D1a1a1a1b2	Resolved	22	442	4.977376	Branch-adaptive depth	D	35	5	Southwest China
Zang Xizang	D1a1b	Resolved	88	442	19.909502	Branch-adaptive depth	D	37	5	Southwest China
Zang Xizang	E1b1b	Resolved	1	442	0.226244	Branch-adaptive depth	E	55	5	Southwest China
Zang Xizang	H	Resolved	2	442	0.452489	Branch-adaptive depth	H	72	5	Southwest China
Zang Xizang	J2	Resolved	5	442	1.131222	Branch-adaptive depth	J	105	5	Southwest China
Zang Xizang	N1a1a1	Resolved	5	442	1.131222	Branch-adaptive depth	N	122	5	Southwest China
Zang Xizang	N1a1a3	Resolved	1	442	0.226244	Branch-adaptive depth	N	123	5	Southwest China
Zang Xizang	N1b1*	Unresolved	2	442	0.452489	Branch-adaptive depth	N	129	5	Southwest China
Zang Xizang	N1b2*	Unresolved	36	442	8.144796	Branch-adaptive depth	N	132	5	Southwest China
Zang Xizang	O1a	Resolved	1	442	0.226244	Branch-adaptive depth	O	139	5	Southwest China
Zang Xizang	O2a1b	Resolved	7	442	1.58371	Branch-adaptive depth	O	178	5	Southwest China
Zang Xizang	O2a2a1a1b	Resolved	2	442	0.452489	Branch-adaptive depth	O	182	5	Southwest China
Zang Xizang	O2a2b1a1a1*	Unresolved	4	442	0.904977	Branch-adaptive depth	O	199	5	Southwest China
Zang Xizang	O2a2b1a1a1a2	Resolved	1	442	0.226244	Branch-adaptive depth	O	201	5	Southwest China
Zang Xizang	O2a2b1a1a1a4a*	Unresolved	139	442	31.447964	Branch-adaptive depth	O	203	5	Southwest China
Zang Xizang	O2a2b1a1a1a4a2*	Unresolved	6	442	1.357466	Branch-adaptive depth	O	204	5	Southwest China
Zang Xizang	O2a2b1a1a1a4a2a*	Unresolved	1	442	0.226244	Branch-adaptive depth	O	205	5	Southwest China
Zang Xizang	O2a2b1a1a1b	Resolved	2	442	0.452489	Branch-adaptive depth	O	210	5	Southwest China
Zang Xizang	O2a2b1a1b	Resolved	1	442	0.226244	Branch-adaptive depth	O	216	5	Southwest China
Zang Xizang	O2a2b1a2	Resolved	21	442	4.751131	Branch-adaptive depth	O	217	5	Southwest China
Zang Xizang	Q1a1a1a*	Unresolved	1	442	0.226244	Branch-adaptive depth	Q	228	5	Southwest China
Zang Xizang	Q1a1a1b	Resolved	1	442	0.226244	Branch-adaptive depth	Q	230	5	Southwest China
Zang Xizang	Q1b1	Resolved	1	442	0.226244	Branch-adaptive depth	Q	234	5	Southwest China
Zang Xizang	Q2	Resolved	1	442	0.226244	Branch-adaptive depth	Q	239	5	Southwest China
Zang Xizang	R1a1a1b2	Resolved	6	442	1.357466	Branch-adaptive depth	R	249	5	Southwest China
Zang Xizang	R1b1a2	Resolved	1	442	0.226244	Branch-adaptive depth	R	255	5	Southwest China
Zang Xizang	R1b2	Resolved	1	442	0.226244	Branch-adaptive depth	R	257	5	Southwest China
Zang Xizang	R2b	Resolved	2	442	0.452489	Branch-adaptive depth	R	261	5	Southwest China
Zang Sichuan	C1b1a2	Resolved	1	311	0.321543	Branch-adaptive depth	C	16	6	Southwest China
Zang Sichuan	C2a	Resolved	5	311	1.607717	Branch-adaptive depth	C	17	6	Southwest China
Zang Sichuan	C2b1b	Resolved	3	311	0.96463	Branch-adaptive depth	C	26	6	Southwest China
Zang Sichuan	D1a1a1a1a1b*	Unresolved	23	311	7.395498	Branch-adaptive depth	D	31	6	Southwest China
Zang Sichuan	D1a1a1a1b*	Unresolved	19	311	6.109325	Branch-adaptive depth	D	34	6	Southwest China
Zang Sichuan	D1a1a1a1b2	Resolved	1	311	0.321543	Branch-adaptive depth	D	35	6	Southwest China
Zang Sichuan	D1a1b	Resolved	130	311	41.800643	Branch-adaptive depth	D	37	6	Southwest China
Zang Sichuan	I	Resolved	1	311	0.321543	Branch-adaptive depth	I	85	6	Southwest China
Zang Sichuan	J2	Resolved	1	311	0.321543	Branch-adaptive depth	J	105	6	Southwest China
Zang Sichuan	N1a1a3	Resolved	1	311	0.321543	Branch-adaptive depth	N	123	6	Southwest China
Zang Sichuan	N1b2*	Unresolved	10	311	3.215434	Branch-adaptive depth	N	132	6	Southwest China
Zang Sichuan	O1a	Resolved	3	311	0.96463	Branch-adaptive depth	O	139	6	Southwest China
Zang Sichuan	O1b1a1a1b1b	Resolved	1	311	0.321543	Branch-adaptive depth	O	169	6	Southwest China
Zang Sichuan	O1b1a2	Resolved	2	311	0.643087	Branch-adaptive depth	O	174	6	Southwest China
Zang Sichuan	O1b2	Resolved	2	311	0.643087	Branch-adaptive depth	O	175	6	Southwest China
Zang Sichuan	O2a1b	Resolved	11	311	3.536977	Branch-adaptive depth	O	178	6	Southwest China
Zang Sichuan	O2a2a1a1b	Resolved	1	311	0.321543	Branch-adaptive depth	O	182	6	Southwest China
Zang Sichuan	O2a2a1a2a1a1a1	Resolved	3	311	0.96463	Branch-adaptive depth	O	185	6	Southwest China
Zang Sichuan	O2a2a1a2a1a1a2a2	Resolved	1	311	0.321543	Branch-adaptive depth	O	188	6	Southwest China
Zang Sichuan	O2a2b1a1a1a1	Resolved	3	311	0.96463	Branch-adaptive depth	O	200	6	Southwest China
Zang Sichuan	O2a2b1a1a1a3	Resolved	1	311	0.321543	Branch-adaptive depth	O	202	6	Southwest China
Zang Sichuan	O2a2b1a1a1a4a*	Unresolved	49	311	15.755627	Branch-adaptive depth	O	203	6	Southwest China
Zang Sichuan	O2a2b1a1a1a4a2*	Unresolved	3	311	0.96463	Branch-adaptive depth	O	204	6	Southwest China
Zang Sichuan	O2a2b1a1a1a4a2a3	Resolved	2	311	0.643087	Branch-adaptive depth	O	208	6	Southwest China
Zang Sichuan	O2a2b1a1a1c	Resolved	1	311	0.321543	Branch-adaptive depth	O	211	6	Southwest China
Zang Sichuan	O2a2b1a1a1e	Resolved	2	311	0.643087	Branch-adaptive depth	O	213	6	Southwest China
Zang Sichuan	O2a2b1a1b	Resolved	2	311	0.643087	Branch-adaptive depth	O	216	6	Southwest China
Zang Sichuan	O2a2b1a2	Resolved	12	311	3.858521	Branch-adaptive depth	O	217	6	Southwest China
Zang Sichuan	Q1a1a1*	Unresolved	1	311	0.321543	Branch-adaptive depth	Q	227	6	Southwest China
Zang Sichuan	Q1a1a1a*	Unresolved	1	311	0.321543	Branch-adaptive depth	Q	228	6	Southwest China
Zang Sichuan	Q1b1	Resolved	1	311	0.321543	Branch-adaptive depth	Q	234	6	Southwest China
Zang Sichuan	R1a1a1b2	Resolved	12	311	3.858521	Branch-adaptive depth	R	249	6	Southwest China
Zang Sichuan	R1b2	Resolved	1	311	0.321543	Branch-adaptive depth	R	257	6	Southwest China
Zang Sichuan	R2a	Resolved	1	311	0.321543	Branch-adaptive depth	R	259	6	Southwest China
Man Heilongjiang	C2a	Resolved	6	21	28.571429	Branch-adaptive depth	C	17	7	Northeast China
Man Heilongjiang	C2b1a1*	Unresolved	2	21	9.52381	Branch-adaptive depth	C	23	7	Northeast China
Man Heilongjiang	D1a1b	Resolved	1	21	4.761905	Branch-adaptive depth	D	37	7	Northeast China
Man Heilongjiang	O1b1a1a1a1b1	Resolved	2	21	9.52381	Branch-adaptive depth	O	156	7	Northeast China
Man Heilongjiang	O2a1a	Resolved	1	21	4.761905	Branch-adaptive depth	O	177	7	Northeast China
Man Heilongjiang	O2a2b1a1a1*	Unresolved	1	21	4.761905	Branch-adaptive depth	O	199	7	Northeast China
Man Heilongjiang	O2a2b1a1a1a1	Resolved	1	21	4.761905	Branch-adaptive depth	O	200	7	Northeast China
Man Heilongjiang	O2a2b1a1a1a2	Resolved	1	21	4.761905	Branch-adaptive depth	O	201	7	Northeast China
Man Heilongjiang	O2a2b1a1a1c	Resolved	1	21	4.761905	Branch-adaptive depth	O	211	7	Northeast China
Man Heilongjiang	O2a2b1a1a1e	Resolved	1	21	4.761905	Branch-adaptive depth	O	213	7	Northeast China
Man Heilongjiang	O2a2b1a2	Resolved	3	21	14.285714	Branch-adaptive depth	O	217	7	Northeast China
Man Heilongjiang	Q1a1a1a*	Unresolved	1	21	4.761905	Branch-adaptive depth	Q	228	7	Northeast China
Naxi Yunnan	C2b1a1a	Resolved	1	36	2.777778	Branch-adaptive depth	C	24	8	Southwest China
Naxi Yunnan	D1a1b	Resolved	2	36	5.555556	Branch-adaptive depth	D	37	8	Southwest China
Naxi Yunnan	N1a1a3	Resolved	1	36	2.777778	Branch-adaptive depth	N	123	8	Southwest China
Naxi Yunnan	N1b1*	Unresolved	3	36	8.333333	Branch-adaptive depth	N	129	8	Southwest China
Naxi Yunnan	N1b1b	Resolved	1	36	2.777778	Branch-adaptive depth	N	131	8	Southwest China
Naxi Yunnan	N1b2*	Unresolved	4	36	11.111111	Branch-adaptive depth	N	132	8	Southwest China
Naxi Yunnan	O1a	Resolved	1	36	2.777778	Branch-adaptive depth	O	139	8	Southwest China
Naxi Yunnan	O1b1*	Unresolved	1	36	2.777778	Branch-adaptive depth	O	145	8	Southwest China
Naxi Yunnan	O1b1a1a1a1b1	Resolved	1	36	2.777778	Branch-adaptive depth	O	156	8	Southwest China
Naxi Yunnan	O1b1a1b	Resolved	1	36	2.777778	Branch-adaptive depth	O	173	8	Southwest China
Naxi Yunnan	O2a2b1a1a1a4a*	Unresolved	11	36	30.555556	Branch-adaptive depth	O	203	8	Southwest China
Naxi Yunnan	O2a2b1a2	Resolved	3	36	8.333333	Branch-adaptive depth	O	217	8	Southwest China
Naxi Yunnan	O2a2b2a1	Resolved	2	36	5.555556	Branch-adaptive depth	O	218	8	Southwest China
Naxi Yunnan	Q1a1a*	Unresolved	1	36	2.777778	Branch-adaptive depth	Q	226	8	Southwest China
Naxi Yunnan	Q1a1a1*	Unresolved	1	36	2.777778	Branch-adaptive depth	Q	227	8	Southwest China
Naxi Yunnan	Q1a1a1a*	Unresolved	2	36	5.555556	Branch-adaptive depth	Q	228	8	Southwest China
De'ang Yunnan	D1a1a1a1a1b*	Unresolved	3	39	7.692308	Branch-adaptive depth	D	31	9	Southwest China
De'ang Yunnan	N1b1*	Unresolved	1	39	2.564103	Branch-adaptive depth	N	129	9	Southwest China
De'ang Yunnan	O1b1a1a1b1*	Unresolved	2	39	5.128205	Branch-adaptive depth	O	167	9	Southwest China
De'ang Yunnan	O1b1a1a1b1a	Resolved	11	39	28.205128	Branch-adaptive depth	O	168	9	Southwest China
De'ang Yunnan	O2a2a1a2a1b	Resolved	1	39	2.564103	Branch-adaptive depth	O	192	9	Southwest China
De'ang Yunnan	O2a2b1a1a1a4a*	Unresolved	6	39	15.384615	Branch-adaptive depth	O	203	9	Southwest China
De'ang Yunnan	O2a2b1a1a1a4a2a*	Unresolved	13	39	33.333333	Branch-adaptive depth	O	205	9	Southwest China
De'ang Yunnan	O2a2b1a1a1a4a2a1	Resolved	1	39	2.564103	Branch-adaptive depth	O	206	9	Southwest China
De'ang Yunnan	O2a2b1a1a1a4a2a3	Resolved	1	39	2.564103	Branch-adaptive depth	O	208	9	Southwest China
Lisu Yunnan	C2b1b	Resolved	3	39	7.692308	Branch-adaptive depth	C	26	10	Southwest China
Lisu Yunnan	F2	Resolved	7	39	17.948718	Branch-adaptive depth	F	62	10	Southwest China
Lisu Yunnan	N1b2*	Unresolved	2	39	5.128205	Branch-adaptive depth	N	132	10	Southwest China
Lisu Yunnan	O1b1a1a1a1a1a*	Unresolved	4	39	10.25641	Branch-adaptive depth	O	151	10	Southwest China
Lisu Yunnan	O1b1a1a1a1a1a1a2	Resolved	1	39	2.564103	Branch-adaptive depth	O	153	10	Southwest China
Lisu Yunnan	O1b1a1a1b1c	Resolved	1	39	2.564103	Branch-adaptive depth	O	170	10	Southwest China
Lisu Yunnan	O2a2a1a2a1a1a1	Resolved	1	39	2.564103	Branch-adaptive depth	O	185	10	Southwest China
Lisu Yunnan	O2a2b1a1a1a4a*	Unresolved	3	39	7.692308	Branch-adaptive depth	O	203	10	Southwest China
Lisu Yunnan	O2a2b1a1a1a4a2*	Unresolved	6	39	15.384615	Branch-adaptive depth	O	204	10	Southwest China
Lisu Yunnan	O2a2b1a1a1a4a2a1	Resolved	1	39	2.564103	Branch-adaptive depth	O	206	10	Southwest China
Lisu Yunnan	O2a2b1a1a1c	Resolved	1	39	2.564103	Branch-adaptive depth	O	211	10	Southwest China
Lisu Yunnan	O2a2b1a2	Resolved	4	39	10.25641	Branch-adaptive depth	O	217	10	Southwest China
Lisu Yunnan	O2a2b2a1	Resolved	1	39	2.564103	Branch-adaptive depth	O	218	10	Southwest China
Lisu Yunnan	O2a2b2b	Resolved	2	39	5.128205	Branch-adaptive depth	O	220	10	Southwest China
Lisu Yunnan	R1b1a1b1b	Resolved	1	39	2.564103	Branch-adaptive depth	R	254	10	Southwest China
Lisu Yunnan	R1b1a2	Resolved	1	39	2.564103	Branch-adaptive depth	R	255	10	Southwest China
Jingpo Yunnan	C2b1b	Resolved	1	28	3.571429	Branch-adaptive depth	C	26	11	Southwest China
Jingpo Yunnan	D1a1a1a1b*	Unresolved	1	28	3.571429	Branch-adaptive depth	D	34	11	Southwest China
Jingpo Yunnan	F2	Resolved	3	28	10.714286	Branch-adaptive depth	F	62	11	Southwest China
Jingpo Yunnan	O2a2b1a1a1a4a*	Unresolved	22	28	78.571429	Branch-adaptive depth	O	203	11	Southwest China
Jingpo Yunnan	O2a2b1a1a1a4a2a*	Unresolved	1	28	3.571429	Branch-adaptive depth	O	205	11	Southwest China
Pumi Yunnan	C2b1b	Resolved	1	39	2.564103	Branch-adaptive depth	C	26	12	Southwest China
Pumi Yunnan	D1a1a1a1b*	Unresolved	2	39	5.128205	Branch-adaptive depth	D	34	12	Southwest China
Pumi Yunnan	D1a1b	Resolved	3	39	7.692308	Branch-adaptive depth	D	37	12	Southwest China
Pumi Yunnan	O1a	Resolved	1	39	2.564103	Branch-adaptive depth	O	139	12	Southwest China
Pumi Yunnan	O2a2b1a1a1a4a*	Unresolved	5	39	12.820513	Branch-adaptive depth	O	203	12	Southwest China
Pumi Yunnan	O2a2b1a1a1a4a2a3	Resolved	12	39	30.769231	Branch-adaptive depth	O	208	12	Southwest China
Pumi Yunnan	O2a2b1a1a1c	Resolved	3	39	7.692308	Branch-adaptive depth	O	211	12	Southwest China
Pumi Yunnan	O2a2b1a2	Resolved	2	39	5.128205	Branch-adaptive depth	O	217	12	Southwest China
Pumi Yunnan	O2a2b2a1	Resolved	10	39	25.641026	Branch-adaptive depth	O	218	12	Southwest China
Achang Yunnan	O1a	Resolved	1	26	3.846154	Branch-adaptive depth	O	139	13	Southwest China
Achang Yunnan	O2a2b1a1a1*	Unresolved	2	26	7.692308	Branch-adaptive depth	O	199	13	Southwest China
Achang Yunnan	O2a2b1a1a1a4a*	Unresolved	11	26	42.307692	Branch-adaptive depth	O	203	13	Southwest China
Achang Yunnan	O2a2b1a1a1a4a2a3	Resolved	11	26	42.307692	Branch-adaptive depth	O	208	13	Southwest China
Achang Yunnan	O2a2b1a2	Resolved	1	26	3.846154	Branch-adaptive depth	O	217	13	Southwest China
Lahu Yunnan	F2	Resolved	17	31	54.83871	Branch-adaptive depth	F	62	14	Southwest China
Lahu Yunnan	O1b1a1a1a1a1a*	Unresolved	4	31	12.903226	Branch-adaptive depth	O	151	14	Southwest China
Lahu Yunnan	O2a1b	Resolved	1	31	3.225806	Branch-adaptive depth	O	178	14	Southwest China
Lahu Yunnan	O2a2b1a1a1a4a2*	Unresolved	5	31	16.129032	Branch-adaptive depth	O	204	14	Southwest China
Lahu Yunnan	O2a2b1a1a1a4a2a*	Unresolved	2	31	6.451613	Branch-adaptive depth	O	205	14	Southwest China
Lahu Yunnan	O2a2b1a2	Resolved	1	31	3.225806	Branch-adaptive depth	O	217	14	Southwest China
Lahu Yunnan	O2a2b2a2	Resolved	1	31	3.225806	Branch-adaptive depth	O	219	14	Southwest China
Yi Yunnan	C1b1a2	Resolved	2	174	1.149425	Branch-adaptive depth	C	16	15	Southwest China
Yi Yunnan	C2a	Resolved	1	174	0.574713	Branch-adaptive depth	C	17	15	Southwest China
Yi Yunnan	C2b1a1a	Resolved	4	174	2.298851	Branch-adaptive depth	C	24	15	Southwest China
Yi Yunnan	D1a1a1a1b*	Unresolved	8	174	4.597701	Branch-adaptive depth	D	34	15	Southwest China
Yi Yunnan	F2	Resolved	61	174	35.057471	Branch-adaptive depth	F	62	15	Southwest China
Yi Yunnan	N1a1a3	Resolved	1	174	0.574713	Branch-adaptive depth	N	123	15	Southwest China
Yi Yunnan	N1b2*	Unresolved	10	174	5.747126	Branch-adaptive depth	N	132	15	Southwest China
Yi Yunnan	O1a	Resolved	11	174	6.321839	Branch-adaptive depth	O	139	15	Southwest China
Yi Yunnan	O1b1a1a1a1a1a*	Unresolved	4	174	2.298851	Branch-adaptive depth	O	151	15	Southwest China
Yi Yunnan	O1b1a1a1a1b1	Resolved	1	174	0.574713	Branch-adaptive depth	O	156	15	Southwest China
Yi Yunnan	O1b1a1a1a1b2a1a1a	Resolved	1	174	0.574713	Branch-adaptive depth	O	161	15	Southwest China
Yi Yunnan	O1b1a1a1a1b2a1a2	Resolved	5	174	2.873563	Branch-adaptive depth	O	163	15	Southwest China
Yi Yunnan	O1b1a1a1b1*	Unresolved	1	174	0.574713	Branch-adaptive depth	O	167	15	Southwest China
Yi Yunnan	O1b1a1a1b1b	Resolved	25	174	14.367816	Branch-adaptive depth	O	169	15	Southwest China
Yi Yunnan	O2a1b	Resolved	6	174	3.448276	Branch-adaptive depth	O	178	15	Southwest China
Yi Yunnan	O2a2a1a2a1a1a2a1	Resolved	1	174	0.574713	Branch-adaptive depth	O	187	15	Southwest China
Yi Yunnan	O2a2a1a2a1b	Resolved	3	174	1.724138	Branch-adaptive depth	O	192	15	Southwest China
Yi Yunnan	O2a2b1a1a1a1	Resolved	3	174	1.724138	Branch-adaptive depth	O	200	15	Southwest China
Yi Yunnan	O2a2b1a1a1a2	Resolved	1	174	0.574713	Branch-adaptive depth	O	201	15	Southwest China
Yi Yunnan	O2a2b1a1a1a4a*	Unresolved	3	174	1.724138	Branch-adaptive depth	O	203	15	Southwest China
Yi Yunnan	O2a2b1a1a1a4a2*	Unresolved	4	174	2.298851	Branch-adaptive depth	O	204	15	Southwest China
Yi Yunnan	O2a2b1a1a1a4a2a3	Resolved	7	174	4.022989	Branch-adaptive depth	O	208	15	Southwest China
Yi Yunnan	O2a2b1a1a1c	Resolved	1	174	0.574713	Branch-adaptive depth	O	211	15	Southwest China
Yi Yunnan	O2a2b1a2	Resolved	7	174	4.022989	Branch-adaptive depth	O	217	15	Southwest China
Yi Yunnan	O2a2b2b	Resolved	1	174	0.574713	Branch-adaptive depth	O	220	15	Southwest China
Yi Yunnan	O2b	Resolved	1	174	0.574713	Branch-adaptive depth	O	221	15	Southwest China
Yi Yunnan	R1a1a1b2	Resolved	1	174	0.574713	Branch-adaptive depth	R	249	15	Southwest China
She Fujian	O1a	Resolved	6	21	28.571429	Branch-adaptive depth	O	139	16	East China
She Fujian	O1b1a1a1a1b1	Resolved	1	21	4.761905	Branch-adaptive depth	O	156	16	East China
She Fujian	O2a1a	Resolved	1	21	4.761905	Branch-adaptive depth	O	177	16	East China
She Fujian	O2a1b	Resolved	6	21	28.571429	Branch-adaptive depth	O	178	16	East China
She Fujian	O2a2a1a2a1a1a2a1	Resolved	4	21	19.047619	Branch-adaptive depth	O	187	16	East China
She Fujian	O2a2b1a2	Resolved	3	21	14.285714	Branch-adaptive depth	O	217	16	East China
Han Guizhou	C2b1a2	Resolved	3	49	6.122449	Branch-adaptive depth	C	25	17	Southwest China
Han Guizhou	C2b1b	Resolved	3	49	6.122449	Branch-adaptive depth	C	26	17	Southwest China
Han Guizhou	F2	Resolved	2	49	4.081633	Branch-adaptive depth	F	62	17	Southwest China
Han Guizhou	N1a*	Unresolved	1	49	2.040816	Branch-adaptive depth	N	120	17	Southwest China
Han Guizhou	N1a1a3	Resolved	1	49	2.040816	Branch-adaptive depth	N	123	17	Southwest China
Han Guizhou	N1a2	Resolved	1	49	2.040816	Branch-adaptive depth	N	124	17	Southwest China
Han Guizhou	N1b1b	Resolved	1	49	2.040816	Branch-adaptive depth	N	131	17	Southwest China
Han Guizhou	N1b2*	Unresolved	2	49	4.081633	Branch-adaptive depth	N	132	17	Southwest China
Han Guizhou	O1a	Resolved	11	49	22.44898	Branch-adaptive depth	O	139	17	Southwest China
Han Guizhou	O1b1a1a1a1a1a1a2	Resolved	1	49	2.040816	Branch-adaptive depth	O	153	17	Southwest China
Han Guizhou	O1b1a1a1a1a1b	Resolved	1	49	2.040816	Branch-adaptive depth	O	155	17	Southwest China
Han Guizhou	O1b1a1a1a1b1	Resolved	2	49	4.081633	Branch-adaptive depth	O	156	17	Southwest China
Han Guizhou	O1b1a1a1b2	Resolved	1	49	2.040816	Branch-adaptive depth	O	171	17	Southwest China
Han Guizhou	O1b1a2	Resolved	1	49	2.040816	Branch-adaptive depth	O	174	17	Southwest China
Han Guizhou	O2a1b	Resolved	7	49	14.285714	Branch-adaptive depth	O	178	17	Southwest China
Han Guizhou	O2a2a1a1a1	Resolved	1	49	2.040816	Branch-adaptive depth	O	181	17	Southwest China
Han Guizhou	O2a2a1a1b	Resolved	1	49	2.040816	Branch-adaptive depth	O	182	17	Southwest China
Han Guizhou	O2a2a1a2a1a1a2a1	Resolved	1	49	2.040816	Branch-adaptive depth	O	187	17	Southwest China
Han Guizhou	O2a2a1a2a1a1a2a2	Resolved	1	49	2.040816	Branch-adaptive depth	O	188	17	Southwest China
Han Guizhou	O2a2b1a1a1a5	Resolved	1	49	2.040816	Branch-adaptive depth	O	209	17	Southwest China
Han Guizhou	O2a2b1a1a1c	Resolved	1	49	2.040816	Branch-adaptive depth	O	211	17	Southwest China
Han Guizhou	O2a2b1a2	Resolved	4	49	8.163265	Branch-adaptive depth	O	217	17	Southwest China
Han Guizhou	Q1a1a1a1	Resolved	1	49	2.040816	Branch-adaptive depth	Q	229	17	Southwest China
Qiang Sichuan	C2b1a1a	Resolved	1	44	2.272727	Branch-adaptive depth	C	24	18	Southwest China
Qiang Sichuan	C2b1a2	Resolved	1	44	2.272727	Branch-adaptive depth	C	25	18	Southwest China
Qiang Sichuan	D1a1a1a1a1b*	Unresolved	4	44	9.090909	Branch-adaptive depth	D	31	18	Southwest China
Qiang Sichuan	D1a1a1a1b*	Unresolved	2	44	4.545455	Branch-adaptive depth	D	34	18	Southwest China
Qiang Sichuan	D1a1b	Resolved	2	44	4.545455	Branch-adaptive depth	D	37	18	Southwest China
Qiang Sichuan	N1a1a3	Resolved	1	44	2.272727	Branch-adaptive depth	N	123	18	Southwest China
Qiang Sichuan	N1a2	Resolved	3	44	6.818182	Branch-adaptive depth	N	124	18	Southwest China
Qiang Sichuan	N1b1a	Resolved	1	44	2.272727	Branch-adaptive depth	N	130	18	Southwest China
Qiang Sichuan	N1b2*	Unresolved	1	44	2.272727	Branch-adaptive depth	N	132	18	Southwest China
Qiang Sichuan	O1a	Resolved	2	44	4.545455	Branch-adaptive depth	O	139	18	Southwest China
Qiang Sichuan	O1b1a1a1a1a1a1a1	Resolved	1	44	2.272727	Branch-adaptive depth	O	152	18	Southwest China
Qiang Sichuan	O1b1a1a1a1a1b	Resolved	1	44	2.272727	Branch-adaptive depth	O	155	18	Southwest China
Qiang Sichuan	O1b1a1a1a1b1	Resolved	1	44	2.272727	Branch-adaptive depth	O	156	18	Southwest China
Qiang Sichuan	O1b1a1a1a2	Resolved	3	44	6.818182	Branch-adaptive depth	O	165	18	Southwest China
Qiang Sichuan	O1b1a1a1b1b	Resolved	1	44	2.272727	Branch-adaptive depth	O	169	18	Southwest China
Qiang Sichuan	O1b1a2	Resolved	1	44	2.272727	Branch-adaptive depth	O	174	18	Southwest China
Qiang Sichuan	O2a1a	Resolved	1	44	2.272727	Branch-adaptive depth	O	177	18	Southwest China
Qiang Sichuan	O2a1b	Resolved	1	44	2.272727	Branch-adaptive depth	O	178	18	Southwest China
Qiang Sichuan	O2a2a1a2a1a1a2b	Resolved	1	44	2.272727	Branch-adaptive depth	O	189	18	Southwest China
Qiang Sichuan	O2a2a1a2a1b	Resolved	1	44	2.272727	Branch-adaptive depth	O	192	18	Southwest China
Qiang Sichuan	O2a2b1a1a1*	Unresolved	1	44	2.272727	Branch-adaptive depth	O	199	18	Southwest China
Qiang Sichuan	O2a2b1a1a1a2	Resolved	1	44	2.272727	Branch-adaptive depth	O	201	18	Southwest China
Qiang Sichuan	O2a2b1a1a1a4a*	Unresolved	1	44	2.272727	Branch-adaptive depth	O	203	18	Southwest China
Qiang Sichuan	O2a2b1a1a1a4a2*	Unresolved	1	44	2.272727	Branch-adaptive depth	O	204	18	Southwest China
Qiang Sichuan	O2a2b1a1a1c	Resolved	1	44	2.272727	Branch-adaptive depth	O	211	18	Southwest China
Qiang Sichuan	O2a2b1a2	Resolved	4	44	9.090909	Branch-adaptive depth	O	217	18	Southwest China
Qiang Sichuan	O2a2b2a2	Resolved	2	44	4.545455	Branch-adaptive depth	O	219	18	Southwest China
Qiang Sichuan	Q1a1a1a1	Resolved	2	44	4.545455	Branch-adaptive depth	Q	229	18	Southwest China
Qiang Sichuan	Q1a1a2	Resolved	1	44	2.272727	Branch-adaptive depth	Q	231	18	Southwest China
Yi Sichuan	C1b1a2	Resolved	5	233	2.145923	Branch-adaptive depth	C	16	19	Southwest China
Yi Sichuan	C2b1a1a	Resolved	3	233	1.287554	Branch-adaptive depth	C	24	19	Southwest China
Yi Sichuan	C2b1b	Resolved	9	233	3.862661	Branch-adaptive depth	C	26	19	Southwest China
Yi Sichuan	D1a1a1a1a1b*	Unresolved	6	233	2.575107	Branch-adaptive depth	D	31	19	Southwest China
Yi Sichuan	D1a1a1a1a1b2	Resolved	1	233	0.429185	Branch-adaptive depth	D	33	19	Southwest China
Yi Sichuan	D1a1a1a1b*	Unresolved	32	233	13.733906	Branch-adaptive depth	D	34	19	Southwest China
Yi Sichuan	D1a1a1b	Resolved	1	233	0.429185	Branch-adaptive depth	D	36	19	Southwest China
Yi Sichuan	F2	Resolved	14	233	6.008584	Branch-adaptive depth	F	62	19	Southwest China
Yi Sichuan	N1b2*	Unresolved	15	233	6.437768	Branch-adaptive depth	N	132	19	Southwest China
Yi Sichuan	O1a	Resolved	12	233	5.150215	Branch-adaptive depth	O	139	19	Southwest China
Yi Sichuan	O1b1a1a1*	Unresolved	2	233	0.858369	Branch-adaptive depth	O	148	19	Southwest China
Yi Sichuan	O1b1a1a1a1a1a1a1	Resolved	2	233	0.858369	Branch-adaptive depth	O	152	19	Southwest China
Yi Sichuan	O1b1a1a1a1a1a1a2	Resolved	1	233	0.429185	Branch-adaptive depth	O	153	19	Southwest China
Yi Sichuan	O1b1a1a1a1a1b	Resolved	1	233	0.429185	Branch-adaptive depth	O	155	19	Southwest China
Yi Sichuan	O1b1a1a1a1b1	Resolved	4	233	1.716738	Branch-adaptive depth	O	156	19	Southwest China
Yi Sichuan	O1b1a1a1a1b2*	Unresolved	1	233	0.429185	Branch-adaptive depth	O	157	19	Southwest China
Yi Sichuan	O1b1a1a1a2	Resolved	7	233	3.004292	Branch-adaptive depth	O	165	19	Southwest China
Yi Sichuan	O1b1a1a1b1a	Resolved	2	233	0.858369	Branch-adaptive depth	O	168	19	Southwest China
Yi Sichuan	O1b1a1a1b1b	Resolved	8	233	3.433476	Branch-adaptive depth	O	169	19	Southwest China
Yi Sichuan	O1b1a1a1b2	Resolved	2	233	0.858369	Branch-adaptive depth	O	171	19	Southwest China
Yi Sichuan	O1b1a1b	Resolved	1	233	0.429185	Branch-adaptive depth	O	173	19	Southwest China
Yi Sichuan	O2a1a	Resolved	1	233	0.429185	Branch-adaptive depth	O	177	19	Southwest China
Yi Sichuan	O2a1b	Resolved	17	233	7.296137	Branch-adaptive depth	O	178	19	Southwest China
Yi Sichuan	O2a2a1a2a1a1a2a*	Unresolved	1	233	0.429185	Branch-adaptive depth	O	186	19	Southwest China
Yi Sichuan	O2a2a1a2a1a1a2a1	Resolved	2	233	0.858369	Branch-adaptive depth	O	187	19	Southwest China
Yi Sichuan	O2a2a1a2a1a1a2b	Resolved	2	233	0.858369	Branch-adaptive depth	O	189	19	Southwest China
Yi Sichuan	O2a2a1a2a1a1b	Resolved	2	233	0.858369	Branch-adaptive depth	O	190	19	Southwest China
Yi Sichuan	O2a2a1a2a1a1c	Resolved	1	233	0.429185	Branch-adaptive depth	O	191	19	Southwest China
Yi Sichuan	O2a2a2	Resolved	2	233	0.858369	Branch-adaptive depth	O	195	19	Southwest China
Yi Sichuan	O2a2b1a1a1*	Unresolved	1	233	0.429185	Branch-adaptive depth	O	199	19	Southwest China
Yi Sichuan	O2a2b1a1a1a1	Resolved	5	233	2.145923	Branch-adaptive depth	O	200	19	Southwest China
Yi Sichuan	O2a2b1a1a1a3	Resolved	1	233	0.429185	Branch-adaptive depth	O	202	19	Southwest China
Yi Sichuan	O2a2b1a1a1a4a*	Unresolved	1	233	0.429185	Branch-adaptive depth	O	203	19	Southwest China
Yi Sichuan	O2a2b1a1a1a4a2*	Unresolved	5	233	2.145923	Branch-adaptive depth	O	204	19	Southwest China
Yi Sichuan	O2a2b1a1a1a4a2a3	Resolved	32	233	13.733906	Branch-adaptive depth	O	208	19	Southwest China
Yi Sichuan	O2a2b1a1a1a5	Resolved	1	233	0.429185	Branch-adaptive depth	O	209	19	Southwest China
Yi Sichuan	O2a2b1a1a1b	Resolved	2	233	0.858369	Branch-adaptive depth	O	210	19	Southwest China
Yi Sichuan	O2a2b1a1a1c	Resolved	3	233	1.287554	Branch-adaptive depth	O	211	19	Southwest China
Yi Sichuan	O2a2b1a1a1e	Resolved	1	233	0.429185	Branch-adaptive depth	O	213	19	Southwest China
Yi Sichuan	O2a2b1a2	Resolved	20	233	8.583691	Branch-adaptive depth	O	217	19	Southwest China
Yi Sichuan	O2a2b2a1	Resolved	1	233	0.429185	Branch-adaptive depth	O	218	19	Southwest China
Yi Sichuan	Q1a1a1*	Unresolved	1	233	0.429185	Branch-adaptive depth	Q	227	19	Southwest China
Yi Sichuan	Q1a1a1a1	Resolved	2	233	0.858369	Branch-adaptive depth	Q	229	19	Southwest China
Bai Yunnan	C2a	Resolved	1	59	1.694915	Branch-adaptive depth	C	17	20	Southwest China
Bai Yunnan	C2b1a2	Resolved	1	59	1.694915	Branch-adaptive depth	C	25	20	Southwest China
Bai Yunnan	D1a1a1a1a1b*	Unresolved	1	59	1.694915	Branch-adaptive depth	D	31	20	Southwest China
Bai Yunnan	D1a1a1a1a1b2	Resolved	1	59	1.694915	Branch-adaptive depth	D	33	20	Southwest China
Bai Yunnan	F2	Resolved	5	59	8.474576	Branch-adaptive depth	F	62	20	Southwest China
Bai Yunnan	N1a1a3	Resolved	1	59	1.694915	Branch-adaptive depth	N	123	20	Southwest China
Bai Yunnan	N1a2	Resolved	1	59	1.694915	Branch-adaptive depth	N	124	20	Southwest China
Bai Yunnan	N1b1*	Unresolved	2	59	3.389831	Branch-adaptive depth	N	129	20	Southwest China
Bai Yunnan	N1b2*	Unresolved	10	59	16.949153	Branch-adaptive depth	N	132	20	Southwest China
Bai Yunnan	O1a	Resolved	6	59	10.169492	Branch-adaptive depth	O	139	20	Southwest China
Bai Yunnan	O1b1a1a1a1a1a*	Unresolved	1	59	1.694915	Branch-adaptive depth	O	151	20	Southwest China
Bai Yunnan	O1b1a1a1a1b2a1*	Unresolved	1	59	1.694915	Branch-adaptive depth	O	159	20	Southwest China
Bai Yunnan	O1b1a1a1b1*	Unresolved	1	59	1.694915	Branch-adaptive depth	O	167	20	Southwest China
Bai Yunnan	O1b1a1a1b1a	Resolved	1	59	1.694915	Branch-adaptive depth	O	168	20	Southwest China
Bai Yunnan	O2a1b	Resolved	8	59	13.559322	Branch-adaptive depth	O	178	20	Southwest China
Bai Yunnan	O2a2b1a1a1a1	Resolved	1	59	1.694915	Branch-adaptive depth	O	200	20	Southwest China
Bai Yunnan	O2a2b1a1a1a4a*	Unresolved	3	59	5.084746	Branch-adaptive depth	O	203	20	Southwest China
Bai Yunnan	O2a2b1a1a1a4a2*	Unresolved	1	59	1.694915	Branch-adaptive depth	O	204	20	Southwest China
Bai Yunnan	O2a2b1a1a1a4a2a*	Unresolved	1	59	1.694915	Branch-adaptive depth	O	205	20	Southwest China
Bai Yunnan	O2a2b1a1a1c	Resolved	5	59	8.474576	Branch-adaptive depth	O	211	20	Southwest China
Bai Yunnan	O2a2b1a2	Resolved	3	59	5.084746	Branch-adaptive depth	O	217	20	Southwest China
Bai Yunnan	O2a2b2a2	Resolved	2	59	3.389831	Branch-adaptive depth	O	219	20	Southwest China
Bai Yunnan	Q1a1a1*	Unresolved	2	59	3.389831	Branch-adaptive depth	Q	227	20	Southwest China
Han Yunnan	C1b1a2	Resolved	2	303	0.660066	Branch-adaptive depth	C	16	21	Southwest China
Han Yunnan	C2a	Resolved	3	303	0.990099	Branch-adaptive depth	C	17	21	Southwest China
Han Yunnan	C2b1a1a	Resolved	11	303	3.630363	Branch-adaptive depth	C	24	21	Southwest China
Han Yunnan	C2b1a2	Resolved	3	303	0.990099	Branch-adaptive depth	C	25	21	Southwest China
Han Yunnan	C2b1b	Resolved	8	303	2.640264	Branch-adaptive depth	C	26	21	Southwest China
Han Yunnan	C2b2	Resolved	1	303	0.330033	Branch-adaptive depth	C	28	21	Southwest China
Han Yunnan	D1a1a1a1a1b*	Unresolved	2	303	0.660066	Branch-adaptive depth	D	31	21	Southwest China
Han Yunnan	D1a1a1a1b*	Unresolved	2	303	0.660066	Branch-adaptive depth	D	34	21	Southwest China
Han Yunnan	D1a1b	Resolved	1	303	0.330033	Branch-adaptive depth	D	37	21	Southwest China
Han Yunnan	F2	Resolved	35	303	11.551155	Branch-adaptive depth	F	62	21	Southwest China
Han Yunnan	N1a1a1	Resolved	1	303	0.330033	Branch-adaptive depth	N	122	21	Southwest China
Han Yunnan	N1a1a3	Resolved	1	303	0.330033	Branch-adaptive depth	N	123	21	Southwest China
Han Yunnan	N1a2	Resolved	3	303	0.990099	Branch-adaptive depth	N	124	21	Southwest China
Han Yunnan	N1a3	Resolved	1	303	0.330033	Branch-adaptive depth	N	128	21	Southwest China
Han Yunnan	N1b1*	Unresolved	3	303	0.990099	Branch-adaptive depth	N	129	21	Southwest China
Han Yunnan	N1b1a	Resolved	5	303	1.650165	Branch-adaptive depth	N	130	21	Southwest China
Han Yunnan	N1b1b	Resolved	2	303	0.660066	Branch-adaptive depth	N	131	21	Southwest China
Han Yunnan	N1b2*	Unresolved	16	303	5.280528	Branch-adaptive depth	N	132	21	Southwest China
Han Yunnan	N1b2a	Resolved	2	303	0.660066	Branch-adaptive depth	N	133	21	Southwest China
Han Yunnan	O1a	Resolved	29	303	9.570957	Branch-adaptive depth	O	139	21	Southwest China
Han Yunnan	O1b1*	Unresolved	1	303	0.330033	Branch-adaptive depth	O	145	21	Southwest China
Han Yunnan	O1b1a1a1a1a1a*	Unresolved	1	303	0.330033	Branch-adaptive depth	O	151	21	Southwest China
Han Yunnan	O1b1a1a1a1a1a1a1	Resolved	2	303	0.660066	Branch-adaptive depth	O	152	21	Southwest China
Han Yunnan	O1b1a1a1a1a1b	Resolved	5	303	1.650165	Branch-adaptive depth	O	155	21	Southwest China
Han Yunnan	O1b1a1a1a1b1	Resolved	5	303	1.650165	Branch-adaptive depth	O	156	21	Southwest China
Han Yunnan	O1b1a1a1a1b2a1*	Unresolved	1	303	0.330033	Branch-adaptive depth	O	159	21	Southwest China
Han Yunnan	O1b1a1a1a1b2a1a1a	Resolved	1	303	0.330033	Branch-adaptive depth	O	161	21	Southwest China
Han Yunnan	O1b1a1a1b1b	Resolved	1	303	0.330033	Branch-adaptive depth	O	169	21	Southwest China
Han Yunnan	O1b1a1a1b2	Resolved	1	303	0.330033	Branch-adaptive depth	O	171	21	Southwest China
Han Yunnan	O1b1a1b	Resolved	3	303	0.990099	Branch-adaptive depth	O	173	21	Southwest China
Han Yunnan	O1b1a2	Resolved	3	303	0.990099	Branch-adaptive depth	O	174	21	Southwest China
Han Yunnan	O2a1a	Resolved	7	303	2.310231	Branch-adaptive depth	O	177	21	Southwest China
Han Yunnan	O2a1b	Resolved	35	303	11.551155	Branch-adaptive depth	O	178	21	Southwest China
Han Yunnan	O2a2a1a1a*	Unresolved	1	303	0.330033	Branch-adaptive depth	O	180	21	Southwest China
Han Yunnan	O2a2a1a2a1a1a2a2	Resolved	1	303	0.330033	Branch-adaptive depth	O	188	21	Southwest China
Han Yunnan	O2a2a2	Resolved	3	303	0.990099	Branch-adaptive depth	O	195	21	Southwest China
Han Yunnan	O2a2b1a1a1*	Unresolved	1	303	0.330033	Branch-adaptive depth	O	199	21	Southwest China
Han Yunnan	O2a2b1a1a1a1	Resolved	13	303	4.290429	Branch-adaptive depth	O	200	21	Southwest China
Han Yunnan	O2a2b1a1a1a2	Resolved	1	303	0.330033	Branch-adaptive depth	O	201	21	Southwest China
Han Yunnan	O2a2b1a1a1a3	Resolved	2	303	0.660066	Branch-adaptive depth	O	202	21	Southwest China
Han Yunnan	O2a2b1a1a1a4a*	Unresolved	1	303	0.330033	Branch-adaptive depth	O	203	21	Southwest China
Han Yunnan	O2a2b1a1a1a4a2a*	Unresolved	2	303	0.660066	Branch-adaptive depth	O	205	21	Southwest China
Han Yunnan	O2a2b1a1a1a4a2a1	Resolved	4	303	1.320132	Branch-adaptive depth	O	206	21	Southwest China
Han Yunnan	O2a2b1a1a1a5	Resolved	1	303	0.330033	Branch-adaptive depth	O	209	21	Southwest China
Han Yunnan	O2a2b1a1a1b	Resolved	1	303	0.330033	Branch-adaptive depth	O	210	21	Southwest China
Han Yunnan	O2a2b1a1a1c	Resolved	18	303	5.940594	Branch-adaptive depth	O	211	21	Southwest China
Han Yunnan	O2a2b1a1a1e	Resolved	3	303	0.990099	Branch-adaptive depth	O	213	21	Southwest China
Han Yunnan	O2a2b1a2	Resolved	32	303	10.561056	Branch-adaptive depth	O	217	21	Southwest China
Han Yunnan	O2a2b2a1	Resolved	2	303	0.660066	Branch-adaptive depth	O	218	21	Southwest China
Han Yunnan	O2a2b2a2	Resolved	2	303	0.660066	Branch-adaptive depth	O	219	21	Southwest China
Han Yunnan	O2b	Resolved	1	303	0.330033	Branch-adaptive depth	O	221	21	Southwest China
Han Yunnan	Q1a1a1*	Unresolved	3	303	0.990099	Branch-adaptive depth	Q	227	21	Southwest China
Han Yunnan	Q1a1a1a*	Unresolved	6	303	1.980198	Branch-adaptive depth	Q	228	21	Southwest China
Han Yunnan	Q1a1a1a1	Resolved	3	303	0.990099	Branch-adaptive depth	Q	229	21	Southwest China
Han Yunnan	R1a1a1b2	Resolved	4	303	1.320132	Branch-adaptive depth	R	249	21	Southwest China
Han Yunnan	R1b1a1a	Resolved	1	303	0.330033	Branch-adaptive depth	R	252	21	Southwest China
Han Sichuan	C1b1a2	Resolved	8	1231	0.649878	Branch-adaptive depth	C	16	22	Southwest China
Han Sichuan	C2a	Resolved	14	1231	1.137287	Branch-adaptive depth	C	17	22	Southwest China
Han Sichuan	C2b1*	Unresolved	1	1231	0.081235	Branch-adaptive depth	C	21	22	Southwest China
Han Sichuan	C2b1a1*	Unresolved	1	1231	0.081235	Branch-adaptive depth	C	23	22	Southwest China
Han Sichuan	C2b1a1a	Resolved	4	1231	0.324939	Branch-adaptive depth	C	24	22	Southwest China
Han Sichuan	C2b1a2	Resolved	30	1231	2.437043	Branch-adaptive depth	C	25	22	Southwest China
Han Sichuan	C2b1b	Resolved	60	1231	4.874086	Branch-adaptive depth	C	26	22	Southwest China
Han Sichuan	C2b2	Resolved	3	1231	0.243704	Branch-adaptive depth	C	28	22	Southwest China
Han Sichuan	D1a1a1a1a1b*	Unresolved	21	1231	1.70593	Branch-adaptive depth	D	31	22	Southwest China
Han Sichuan	D1a1a1a1a1b1	Resolved	3	1231	0.243704	Branch-adaptive depth	D	32	22	Southwest China
Han Sichuan	D1a1a1a1b*	Unresolved	8	1231	0.649878	Branch-adaptive depth	D	34	22	Southwest China
Han Sichuan	D1a1a1b	Resolved	3	1231	0.243704	Branch-adaptive depth	D	36	22	Southwest China
Han Sichuan	F2	Resolved	3	1231	0.243704	Branch-adaptive depth	F	62	22	Southwest China
Han Sichuan	G	Resolved	2	1231	0.16247	Branch-adaptive depth	G	65	22	Southwest China
Han Sichuan	J1	Resolved	1	1231	0.081235	Branch-adaptive depth	J	100	22	Southwest China
Han Sichuan	J2	Resolved	3	1231	0.243704	Branch-adaptive depth	J	105	22	Southwest China
Han Sichuan	N*	Unresolved	1	1231	0.081235	Branch-adaptive depth	N	119	22	Southwest China
Han Sichuan	N1a*	Unresolved	2	1231	0.16247	Branch-adaptive depth	N	120	22	Southwest China
Han Sichuan	N1a1a1	Resolved	1	1231	0.081235	Branch-adaptive depth	N	122	22	Southwest China
Han Sichuan	N1a1a3	Resolved	16	1231	1.299756	Branch-adaptive depth	N	123	22	Southwest China
Han Sichuan	N1a2	Resolved	12	1231	0.974817	Branch-adaptive depth	N	124	22	Southwest China
Han Sichuan	N1a3	Resolved	5	1231	0.406174	Branch-adaptive depth	N	128	22	Southwest China
Han Sichuan	N1b1*	Unresolved	2	1231	0.16247	Branch-adaptive depth	N	129	22	Southwest China
Han Sichuan	N1b1a	Resolved	3	1231	0.243704	Branch-adaptive depth	N	130	22	Southwest China
Han Sichuan	N1b1b	Resolved	5	1231	0.406174	Branch-adaptive depth	N	131	22	Southwest China
Han Sichuan	N1b2*	Unresolved	91	1231	7.392364	Branch-adaptive depth	N	132	22	Southwest China
Han Sichuan	N1b2a	Resolved	6	1231	0.487409	Branch-adaptive depth	N	133	22	Southwest China
Han Sichuan	NO	Resolved	1	1231	0.081235	Branch-adaptive depth	NO	136	22	Southwest China
Han Sichuan	O1a	Resolved	138	1231	11.210398	Branch-adaptive depth	O	139	22	Southwest China
Han Sichuan	O1b1a*	Unresolved	2	1231	0.16247	Branch-adaptive depth	O	147	22	Southwest China
Han Sichuan	O1b1a1a1*	Unresolved	2	1231	0.16247	Branch-adaptive depth	O	148	22	Southwest China
Han Sichuan	O1b1a1a1a1*	Unresolved	1	1231	0.081235	Branch-adaptive depth	O	149	22	Southwest China
Han Sichuan	O1b1a1a1a1a*	Unresolved	1	1231	0.081235	Branch-adaptive depth	O	150	22	Southwest China
Han Sichuan	O1b1a1a1a1a1a*	Unresolved	1	1231	0.081235	Branch-adaptive depth	O	151	22	Southwest China
Han Sichuan	O1b1a1a1a1a1a1a1	Resolved	1	1231	0.081235	Branch-adaptive depth	O	152	22	Southwest China
Han Sichuan	O1b1a1a1a1a1a1a2	Resolved	4	1231	0.324939	Branch-adaptive depth	O	153	22	Southwest China
Han Sichuan	O1b1a1a1a1a1a1b	Resolved	1	1231	0.081235	Branch-adaptive depth	O	154	22	Southwest China
Han Sichuan	O1b1a1a1a1a1b	Resolved	27	1231	2.193339	Branch-adaptive depth	O	155	22	Southwest China
Han Sichuan	O1b1a1a1a1b1	Resolved	16	1231	1.299756	Branch-adaptive depth	O	156	22	Southwest China
Han Sichuan	O1b1a1a1a1b2*	Unresolved	1	1231	0.081235	Branch-adaptive depth	O	157	22	Southwest China
Han Sichuan	O1b1a1a1a1b2a*	Unresolved	2	1231	0.16247	Branch-adaptive depth	O	158	22	Southwest China
Han Sichuan	O1b1a1a1a1b2a1*	Unresolved	2	1231	0.16247	Branch-adaptive depth	O	159	22	Southwest China
Han Sichuan	O1b1a1a1a1b2a1a1a	Resolved	3	1231	0.243704	Branch-adaptive depth	O	161	22	Southwest China
Han Sichuan	O1b1a1a1a1b2a1b	Resolved	1	1231	0.081235	Branch-adaptive depth	O	164	22	Southwest China
Han Sichuan	O1b1a1a1a2	Resolved	12	1231	0.974817	Branch-adaptive depth	O	165	22	Southwest China
Han Sichuan	O1b1a1a1b*	Unresolved	1	1231	0.081235	Branch-adaptive depth	O	166	22	Southwest China
Han Sichuan	O1b1a1a1b1*	Unresolved	2	1231	0.16247	Branch-adaptive depth	O	167	22	Southwest China
Han Sichuan	O1b1a1a1b1a	Resolved	2	1231	0.16247	Branch-adaptive depth	O	168	22	Southwest China
Han Sichuan	O1b1a1a1b1b	Resolved	2	1231	0.16247	Branch-adaptive depth	O	169	22	Southwest China
Han Sichuan	O1b1a1a1b1c	Resolved	2	1231	0.16247	Branch-adaptive depth	O	170	22	Southwest China
Han Sichuan	O1b1a1a1b2	Resolved	1	1231	0.081235	Branch-adaptive depth	O	171	22	Southwest China
Han Sichuan	O1b1a1a2	Resolved	1	1231	0.081235	Branch-adaptive depth	O	172	22	Southwest China
Han Sichuan	O1b1a1b	Resolved	23	1231	1.8684	Branch-adaptive depth	O	173	22	Southwest China
Han Sichuan	O1b1a2	Resolved	29	1231	2.355808	Branch-adaptive depth	O	174	22	Southwest China
Han Sichuan	O1b2	Resolved	2	1231	0.16247	Branch-adaptive depth	O	175	22	Southwest China
Han Sichuan	O2a1a	Resolved	47	1231	3.818034	Branch-adaptive depth	O	177	22	Southwest China
Han Sichuan	O2a1b	Resolved	152	1231	12.347685	Branch-adaptive depth	O	178	22	Southwest China
Han Sichuan	O2a2a1a1a1	Resolved	4	1231	0.324939	Branch-adaptive depth	O	181	22	Southwest China
Han Sichuan	O2a2a1a1b	Resolved	5	1231	0.406174	Branch-adaptive depth	O	182	22	Southwest China
Han Sichuan	O2a2a1a2a1a*	Unresolved	2	1231	0.16247	Branch-adaptive depth	O	183	22	Southwest China
Han Sichuan	O2a2a1a2a1a1*	Unresolved	2	1231	0.16247	Branch-adaptive depth	O	184	22	Southwest China
Han Sichuan	O2a2a1a2a1a1a1	Resolved	1	1231	0.081235	Branch-adaptive depth	O	185	22	Southwest China
Han Sichuan	O2a2a1a2a1a1a2a1	Resolved	16	1231	1.299756	Branch-adaptive depth	O	187	22	Southwest China
Han Sichuan	O2a2a1a2a1a1a2a2	Resolved	1	1231	0.081235	Branch-adaptive depth	O	188	22	Southwest China
Han Sichuan	O2a2a1a2a1a1a2b	Resolved	1	1231	0.081235	Branch-adaptive depth	O	189	22	Southwest China
Han Sichuan	O2a2a1a2a1a1b	Resolved	7	1231	0.568643	Branch-adaptive depth	O	190	22	Southwest China
Han Sichuan	O2a2a1a2a1b	Resolved	5	1231	0.406174	Branch-adaptive depth	O	192	22	Southwest China
Han Sichuan	O2a2a1a2a3	Resolved	1	1231	0.081235	Branch-adaptive depth	O	193	22	Southwest China
Han Sichuan	O2a2a1b	Resolved	1	1231	0.081235	Branch-adaptive depth	O	194	22	Southwest China
Han Sichuan	O2a2a2	Resolved	13	1231	1.056052	Branch-adaptive depth	O	195	22	Southwest China
Han Sichuan	O2a2b1*	Unresolved	2	1231	0.16247	Branch-adaptive depth	O	197	22	Southwest China
Han Sichuan	O2a2b1a1a*	Unresolved	1	1231	0.081235	Branch-adaptive depth	O	198	22	Southwest China
Han Sichuan	O2a2b1a1a1*	Unresolved	10	1231	0.812348	Branch-adaptive depth	O	199	22	Southwest China
Han Sichuan	O2a2b1a1a1a1	Resolved	45	1231	3.655565	Branch-adaptive depth	O	200	22	Southwest China
Han Sichuan	O2a2b1a1a1a2	Resolved	6	1231	0.487409	Branch-adaptive depth	O	201	22	Southwest China
Han Sichuan	O2a2b1a1a1a3	Resolved	26	1231	2.112104	Branch-adaptive depth	O	202	22	Southwest China
Han Sichuan	O2a2b1a1a1a4a*	Unresolved	3	1231	0.243704	Branch-adaptive depth	O	203	22	Southwest China
Han Sichuan	O2a2b1a1a1a4a2*	Unresolved	6	1231	0.487409	Branch-adaptive depth	O	204	22	Southwest China
Han Sichuan	O2a2b1a1a1a4a2a1	Resolved	6	1231	0.487409	Branch-adaptive depth	O	206	22	Southwest China
Han Sichuan	O2a2b1a1a1a5	Resolved	5	1231	0.406174	Branch-adaptive depth	O	209	22	Southwest China
Han Sichuan	O2a2b1a1a1b	Resolved	17	1231	1.380991	Branch-adaptive depth	O	210	22	Southwest China
Han Sichuan	O2a2b1a1a1c	Resolved	13	1231	1.056052	Branch-adaptive depth	O	211	22	Southwest China
Han Sichuan	O2a2b1a1a1d	Resolved	2	1231	0.16247	Branch-adaptive depth	O	212	22	Southwest China
Han Sichuan	O2a2b1a1a1e	Resolved	7	1231	0.568643	Branch-adaptive depth	O	213	22	Southwest China
Han Sichuan	O2a2b1a1b	Resolved	2	1231	0.16247	Branch-adaptive depth	O	216	22	Southwest China
Han Sichuan	O2a2b1a2	Resolved	162	1231	13.160032	Branch-adaptive depth	O	217	22	Southwest China
Han Sichuan	O2a2b2a1	Resolved	3	1231	0.243704	Branch-adaptive depth	O	218	22	Southwest China
Han Sichuan	O2a2b2a2	Resolved	2	1231	0.16247	Branch-adaptive depth	O	219	22	Southwest China
Han Sichuan	O2a2b2b	Resolved	11	1231	0.893582	Branch-adaptive depth	O	220	22	Southwest China
Han Sichuan	O2b	Resolved	9	1231	0.731113	Branch-adaptive depth	O	221	22	Southwest China
Han Sichuan	Q1a1a1*	Unresolved	11	1231	0.893582	Branch-adaptive depth	Q	227	22	Southwest China
Han Sichuan	Q1a1a1a*	Unresolved	5	1231	0.406174	Branch-adaptive depth	Q	228	22	Southwest China
Han Sichuan	Q1a1a1a1	Resolved	18	1231	1.462226	Branch-adaptive depth	Q	229	22	Southwest China
Han Sichuan	Q1a1a2	Resolved	2	1231	0.16247	Branch-adaptive depth	Q	231	22	Southwest China
Han Sichuan	Q2	Resolved	1	1231	0.081235	Branch-adaptive depth	Q	239	22	Southwest China
Han Sichuan	R1a1a1b2	Resolved	8	1231	0.649878	Branch-adaptive depth	R	249	22	Southwest China
Han Beijing	C2b1a1a	Resolved	1	51	1.960784	Branch-adaptive depth	C	24	23	North China
Han Beijing	C2b1a2	Resolved	2	51	3.921569	Branch-adaptive depth	C	25	23	North China
Han Beijing	F*	Unresolved	1	51	1.960784	Branch-adaptive depth	F	60	23	North China
Han Beijing	G	Resolved	1	51	1.960784	Branch-adaptive depth	G	65	23	North China
Han Beijing	N1a2	Resolved	1	51	1.960784	Branch-adaptive depth	N	124	23	North China
Han Beijing	N1b1a	Resolved	3	51	5.882353	Branch-adaptive depth	N	130	23	North China
Han Beijing	N1b1b	Resolved	1	51	1.960784	Branch-adaptive depth	N	131	23	North China
Han Beijing	N1b2*	Unresolved	2	51	3.921569	Branch-adaptive depth	N	132	23	North China
Han Beijing	N1b2a	Resolved	1	51	1.960784	Branch-adaptive depth	N	133	23	North China
Han Beijing	O1a	Resolved	5	51	9.803922	Branch-adaptive depth	O	139	23	North China
Han Beijing	O1b1a1a1a1b1	Resolved	1	51	1.960784	Branch-adaptive depth	O	156	23	North China
Han Beijing	O1b1a1b	Resolved	1	51	1.960784	Branch-adaptive depth	O	173	23	North China
Han Beijing	O1b1a2	Resolved	3	51	5.882353	Branch-adaptive depth	O	174	23	North China
Han Beijing	O1b2	Resolved	2	51	3.921569	Branch-adaptive depth	O	175	23	North China
Han Beijing	O2a1a	Resolved	2	51	3.921569	Branch-adaptive depth	O	177	23	North China
Han Beijing	O2a1b	Resolved	5	51	9.803922	Branch-adaptive depth	O	178	23	North China
Han Beijing	O2a2a1a2a1a1a2a1	Resolved	1	51	1.960784	Branch-adaptive depth	O	187	23	North China
Han Beijing	O2a2a1a2a1b	Resolved	1	51	1.960784	Branch-adaptive depth	O	192	23	North China
Han Beijing	O2a2a2	Resolved	1	51	1.960784	Branch-adaptive depth	O	195	23	North China
Han Beijing	O2a2b1a1a1*	Unresolved	1	51	1.960784	Branch-adaptive depth	O	199	23	North China
Han Beijing	O2a2b1a1a1a1	Resolved	3	51	5.882353	Branch-adaptive depth	O	200	23	North China
Han Beijing	O2a2b1a1a1a4a*	Unresolved	1	51	1.960784	Branch-adaptive depth	O	203	23	North China
Han Beijing	O2a2b1a1a1b	Resolved	1	51	1.960784	Branch-adaptive depth	O	210	23	North China
Han Beijing	O2a2b1a1b	Resolved	1	51	1.960784	Branch-adaptive depth	O	216	23	North China
Han Beijing	O2a2b1a2	Resolved	8	51	15.686275	Branch-adaptive depth	O	217	23	North China
Han Beijing	R1b1a1b1b	Resolved	1	51	1.960784	Branch-adaptive depth	R	254	23	North China
Han Guangxi	C2b1a1*	Unresolved	1	338	0.295858	Branch-adaptive depth	C	23	24	South China
Han Guangxi	C2b1a2	Resolved	2	338	0.591716	Branch-adaptive depth	C	25	24	South China
Han Guangxi	C2b1b	Resolved	1	338	0.295858	Branch-adaptive depth	C	26	24	South China
Han Guangxi	C2b2	Resolved	2	338	0.591716	Branch-adaptive depth	C	28	24	South China
Han Guangxi	D1a1a1a1a1b2	Resolved	3	338	0.887574	Branch-adaptive depth	D	33	24	South China
Han Guangxi	D1a1a1a1b*	Unresolved	2	338	0.591716	Branch-adaptive depth	D	34	24	South China
Han Guangxi	D1a1a1b	Resolved	10	338	2.95858	Branch-adaptive depth	D	36	24	South China
Han Guangxi	F*	Unresolved	3	338	0.887574	Branch-adaptive depth	F	60	24	South China
Han Guangxi	N1a1a3	Resolved	1	338	0.295858	Branch-adaptive depth	N	123	24	South China
Han Guangxi	N1a2	Resolved	1	338	0.295858	Branch-adaptive depth	N	124	24	South China
Han Guangxi	N1b1a	Resolved	3	338	0.887574	Branch-adaptive depth	N	130	24	South China
Han Guangxi	N1b1b	Resolved	3	338	0.887574	Branch-adaptive depth	N	131	24	South China
Han Guangxi	N1b2*	Unresolved	8	338	2.366864	Branch-adaptive depth	N	132	24	South China
Han Guangxi	N1b2a	Resolved	3	338	0.887574	Branch-adaptive depth	N	133	24	South China
Han Guangxi	O1a	Resolved	51	338	15.088757	Branch-adaptive depth	O	139	24	South China
Han Guangxi	O1b1*	Unresolved	1	338	0.295858	Branch-adaptive depth	O	145	24	South China
Han Guangxi	O1b1a*	Unresolved	7	338	2.071006	Branch-adaptive depth	O	147	24	South China
Han Guangxi	O1b1a1a1a1*	Unresolved	1	338	0.295858	Branch-adaptive depth	O	149	24	South China
Han Guangxi	O1b1a1a1a1a1a*	Unresolved	1	338	0.295858	Branch-adaptive depth	O	151	24	South China
Han Guangxi	O1b1a1a1a1a1a1a1	Resolved	16	338	4.733728	Branch-adaptive depth	O	152	24	South China
Han Guangxi	O1b1a1a1a1a1a1a2	Resolved	3	338	0.887574	Branch-adaptive depth	O	153	24	South China
Han Guangxi	O1b1a1a1a1a1a1b	Resolved	1	338	0.295858	Branch-adaptive depth	O	154	24	South China
Han Guangxi	O1b1a1a1a1a1b	Resolved	4	338	1.183432	Branch-adaptive depth	O	155	24	South China
Han Guangxi	O1b1a1a1a1b1	Resolved	4	338	1.183432	Branch-adaptive depth	O	156	24	South China
Han Guangxi	O1b1a1a1a1b2a*	Unresolved	3	338	0.887574	Branch-adaptive depth	O	158	24	South China
Han Guangxi	O1b1a1a1a1b2a1*	Unresolved	1	338	0.295858	Branch-adaptive depth	O	159	24	South China
Han Guangxi	O1b1a1a1a1b2a1a1a	Resolved	16	338	4.733728	Branch-adaptive depth	O	161	24	South China
Han Guangxi	O1b1a1a1a1b2a1b	Resolved	3	338	0.887574	Branch-adaptive depth	O	164	24	South China
Han Guangxi	O1b1a1a1a2	Resolved	1	338	0.295858	Branch-adaptive depth	O	165	24	South China
Han Guangxi	O1b1a1a1b*	Unresolved	2	338	0.591716	Branch-adaptive depth	O	166	24	South China
Han Guangxi	O1b1a1a1b1*	Unresolved	5	338	1.47929	Branch-adaptive depth	O	167	24	South China
Han Guangxi	O1b1a1a1b1b	Resolved	1	338	0.295858	Branch-adaptive depth	O	169	24	South China
Han Guangxi	O1b1a1a1b1c	Resolved	1	338	0.295858	Branch-adaptive depth	O	170	24	South China
Han Guangxi	O1b1a1a1b2	Resolved	6	338	1.775148	Branch-adaptive depth	O	171	24	South China
Han Guangxi	O1b1a1b	Resolved	5	338	1.47929	Branch-adaptive depth	O	173	24	South China
Han Guangxi	O1b1a2	Resolved	4	338	1.183432	Branch-adaptive depth	O	174	24	South China
Han Guangxi	O2a1a	Resolved	9	338	2.662722	Branch-adaptive depth	O	177	24	South China
Han Guangxi	O2a1b	Resolved	31	338	9.171598	Branch-adaptive depth	O	178	24	South China
Han Guangxi	O2a2a1a1a1	Resolved	4	338	1.183432	Branch-adaptive depth	O	181	24	South China
Han Guangxi	O2a2a1a1b	Resolved	1	338	0.295858	Branch-adaptive depth	O	182	24	South China
Han Guangxi	O2a2a1a2a1a*	Unresolved	1	338	0.295858	Branch-adaptive depth	O	183	24	South China
Han Guangxi	O2a2a1a2a1a1*	Unresolved	7	338	2.071006	Branch-adaptive depth	O	184	24	South China
Han Guangxi	O2a2a1a2a1a1a2a1	Resolved	4	338	1.183432	Branch-adaptive depth	O	187	24	South China
Han Guangxi	O2a2a1a2a1a1a2a2	Resolved	1	338	0.295858	Branch-adaptive depth	O	188	24	South China
Han Guangxi	O2a2a1a2a1a1a2b	Resolved	1	338	0.295858	Branch-adaptive depth	O	189	24	South China
Han Guangxi	O2a2a1a2a1a1b	Resolved	1	338	0.295858	Branch-adaptive depth	O	190	24	South China
Han Guangxi	O2a2a1a2a1b	Resolved	1	338	0.295858	Branch-adaptive depth	O	192	24	South China
Han Guangxi	O2a2a1b	Resolved	3	338	0.887574	Branch-adaptive depth	O	194	24	South China
Han Guangxi	O2a2a2	Resolved	1	338	0.295858	Branch-adaptive depth	O	195	24	South China
Han Guangxi	O2a2b1a1a1*	Unresolved	1	338	0.295858	Branch-adaptive depth	O	199	24	South China
Han Guangxi	O2a2b1a1a1a1	Resolved	8	338	2.366864	Branch-adaptive depth	O	200	24	South China
Han Guangxi	O2a2b1a1a1a2	Resolved	1	338	0.295858	Branch-adaptive depth	O	201	24	South China
Han Guangxi	O2a2b1a1a1a3	Resolved	7	338	2.071006	Branch-adaptive depth	O	202	24	South China
Han Guangxi	O2a2b1a1a1a4a*	Unresolved	1	338	0.295858	Branch-adaptive depth	O	203	24	South China
Han Guangxi	O2a2b1a1a1a4a2*	Unresolved	1	338	0.295858	Branch-adaptive depth	O	204	24	South China
Han Guangxi	O2a2b1a1a1a4a2a1	Resolved	38	338	11.242604	Branch-adaptive depth	O	206	24	South China
Han Guangxi	O2a2b1a1a1b	Resolved	2	338	0.591716	Branch-adaptive depth	O	210	24	South China
Han Guangxi	O2a2b1a1a1c	Resolved	4	338	1.183432	Branch-adaptive depth	O	211	24	South China
Han Guangxi	O2a2b1a1a1e	Resolved	4	338	1.183432	Branch-adaptive depth	O	213	24	South China
Han Guangxi	O2a2b1a2	Resolved	13	338	3.846154	Branch-adaptive depth	O	217	24	South China
Han Guangxi	O2a2b2a1	Resolved	2	338	0.591716	Branch-adaptive depth	O	218	24	South China
Han Guangxi	O2a2b2b	Resolved	3	338	0.887574	Branch-adaptive depth	O	220	24	South China
Han Guangxi	O2b	Resolved	4	338	1.183432	Branch-adaptive depth	O	221	24	South China
Han Guangxi	Q1a1a1a*	Unresolved	1	338	0.295858	Branch-adaptive depth	Q	228	24	South China
Han Guangxi	Q1a1a1a1	Resolved	2	338	0.591716	Branch-adaptive depth	Q	229	24	South China
Han Guangxi	Q1a2	Resolved	1	338	0.295858	Branch-adaptive depth	Q	232	24	South China
Tujia Guizhou	C2b1a2	Resolved	4	44	9.090909	Branch-adaptive depth	C	25	25	Southwest China
Tujia Guizhou	N1b1b	Resolved	1	44	2.272727	Branch-adaptive depth	N	131	25	Southwest China
Tujia Guizhou	N1b2*	Unresolved	2	44	4.545455	Branch-adaptive depth	N	132	25	Southwest China
Tujia Guizhou	O1a	Resolved	5	44	11.363636	Branch-adaptive depth	O	139	25	Southwest China
Tujia Guizhou	O1b1a1a1a1a1a1a1	Resolved	2	44	4.545455	Branch-adaptive depth	O	152	25	Southwest China
Tujia Guizhou	O1b1a1a1a1a1a1a2	Resolved	1	44	2.272727	Branch-adaptive depth	O	153	25	Southwest China
Tujia Guizhou	O1b1a1a1a1a1b	Resolved	1	44	2.272727	Branch-adaptive depth	O	155	25	Southwest China
Tujia Guizhou	O1b1a1a1a1b2a1a1a	Resolved	1	44	2.272727	Branch-adaptive depth	O	161	25	Southwest China
Tujia Guizhou	O1b1a1a1a2	Resolved	2	44	4.545455	Branch-adaptive depth	O	165	25	Southwest China
Tujia Guizhou	O1b1a2	Resolved	1	44	2.272727	Branch-adaptive depth	O	174	25	Southwest China
Tujia Guizhou	O2a1a	Resolved	1	44	2.272727	Branch-adaptive depth	O	177	25	Southwest China
Tujia Guizhou	O2a1b	Resolved	4	44	9.090909	Branch-adaptive depth	O	178	25	Southwest China
Tujia Guizhou	O2a2a1a2a1a1a1	Resolved	1	44	2.272727	Branch-adaptive depth	O	185	25	Southwest China
Tujia Guizhou	O2a2b1a1a1a4a2*	Unresolved	1	44	2.272727	Branch-adaptive depth	O	204	25	Southwest China
Tujia Guizhou	O2a2b1a1a1a4a2a1	Resolved	1	44	2.272727	Branch-adaptive depth	O	206	25	Southwest China
Tujia Guizhou	O2a2b1a1a1a5	Resolved	1	44	2.272727	Branch-adaptive depth	O	209	25	Southwest China
Tujia Guizhou	O2a2b1a1a1b	Resolved	1	44	2.272727	Branch-adaptive depth	O	210	25	Southwest China
Tujia Guizhou	O2a2b1a2	Resolved	13	44	29.545455	Branch-adaptive depth	O	217	25	Southwest China
Tujia Guizhou	O2a2b2a1	Resolved	1	44	2.272727	Branch-adaptive depth	O	218	25	Southwest China
Tujia Hunan	C2b1a2	Resolved	1	24	4.166667	Branch-adaptive depth	C	25	26	Central China
Tujia Hunan	C2b1b	Resolved	2	24	8.333333	Branch-adaptive depth	C	26	26	Central China
Tujia Hunan	O1a	Resolved	3	24	12.5	Branch-adaptive depth	O	139	26	Central China
Tujia Hunan	O1b1a1a1a2	Resolved	3	24	12.5	Branch-adaptive depth	O	165	26	Central China
Tujia Hunan	O1b1a2	Resolved	1	24	4.166667	Branch-adaptive depth	O	174	26	Central China
Tujia Hunan	O2a1b	Resolved	2	24	8.333333	Branch-adaptive depth	O	178	26	Central China
Tujia Hunan	O2a2a1a2a1a1a2a1	Resolved	2	24	8.333333	Branch-adaptive depth	O	187	26	Central China
Tujia Hunan	O2a2b1a1a1a1	Resolved	2	24	8.333333	Branch-adaptive depth	O	200	26	Central China
Tujia Hunan	O2a2b1a1a1a3	Resolved	1	24	4.166667	Branch-adaptive depth	O	202	26	Central China
Tujia Hunan	O2a2b1a1a1c	Resolved	1	24	4.166667	Branch-adaptive depth	O	211	26	Central China
Tujia Hunan	O2a2b1a2	Resolved	4	24	16.666667	Branch-adaptive depth	O	217	26	Central China
Tujia Hunan	Q1a1a1a*	Unresolved	2	24	8.333333	Branch-adaptive depth	Q	228	26	Central China
Tujia Sichuan	C2b1a2	Resolved	2	27	7.407407	Branch-adaptive depth	C	25	27	Southwest China
Tujia Sichuan	C2b1b	Resolved	2	27	7.407407	Branch-adaptive depth	C	26	27	Southwest China
Tujia Sichuan	D1a1a1a1b*	Unresolved	1	27	3.703704	Branch-adaptive depth	D	34	27	Southwest China
Tujia Sichuan	O1a	Resolved	2	27	7.407407	Branch-adaptive depth	O	139	27	Southwest China
Tujia Sichuan	O1b1a1a1a1a1b	Resolved	2	27	7.407407	Branch-adaptive depth	O	155	27	Southwest China
Tujia Sichuan	O1b1a2	Resolved	2	27	7.407407	Branch-adaptive depth	O	174	27	Southwest China
Tujia Sichuan	O2a1b	Resolved	4	27	14.814815	Branch-adaptive depth	O	178	27	Southwest China
Tujia Sichuan	O2a2a1a2a1a1a2a1	Resolved	1	27	3.703704	Branch-adaptive depth	O	187	27	Southwest China
Tujia Sichuan	O2a2a2	Resolved	2	27	7.407407	Branch-adaptive depth	O	195	27	Southwest China
Tujia Sichuan	O2a2b1a1a1*	Unresolved	2	27	7.407407	Branch-adaptive depth	O	199	27	Southwest China
Tujia Sichuan	O2a2b1a1a1a1	Resolved	1	27	3.703704	Branch-adaptive depth	O	200	27	Southwest China
Tujia Sichuan	O2a2b1a1a1c	Resolved	1	27	3.703704	Branch-adaptive depth	O	211	27	Southwest China
Tujia Sichuan	O2a2b1a1a1h	Resolved	1	27	3.703704	Branch-adaptive depth	O	215	27	Southwest China
Tujia Sichuan	O2a2b1a2	Resolved	3	27	11.111111	Branch-adaptive depth	O	217	27	Southwest China
Tujia Sichuan	Q1a1a1a*	Unresolved	1	27	3.703704	Branch-adaptive depth	Q	228	27	Southwest China
Tujia Hubei	C2b1b	Resolved	7	34	20.588235	Branch-adaptive depth	C	26	28	Central China
Tujia Hubei	N1b2*	Unresolved	1	34	2.941176	Branch-adaptive depth	N	132	28	Central China
Tujia Hubei	O1a	Resolved	6	34	17.647059	Branch-adaptive depth	O	139	28	Central China
Tujia Hubei	O1b1a1a1a1a1a1a2	Resolved	1	34	2.941176	Branch-adaptive depth	O	153	28	Central China
Tujia Hubei	O1b1a1a1a1b1	Resolved	1	34	2.941176	Branch-adaptive depth	O	156	28	Central China
Tujia Hubei	O1b1a1b	Resolved	2	34	5.882353	Branch-adaptive depth	O	173	28	Central China
Tujia Hubei	O2a1b	Resolved	5	34	14.705882	Branch-adaptive depth	O	178	28	Central China
Tujia Hubei	O2a2a1a2a1a1b	Resolved	1	34	2.941176	Branch-adaptive depth	O	190	28	Central China
Tujia Hubei	O2a2b1a1a1a1	Resolved	1	34	2.941176	Branch-adaptive depth	O	200	28	Central China
Tujia Hubei	O2a2b1a1a1a3	Resolved	1	34	2.941176	Branch-adaptive depth	O	202	28	Central China
Tujia Hubei	O2a2b1a1a1a5	Resolved	1	34	2.941176	Branch-adaptive depth	O	209	28	Central China
Tujia Hubei	O2a2b1a1a1c	Resolved	2	34	5.882353	Branch-adaptive depth	O	211	28	Central China
Tujia Hubei	O2a2b1a1a1d	Resolved	1	34	2.941176	Branch-adaptive depth	O	212	28	Central China
Tujia Hubei	O2a2b1a2	Resolved	4	34	11.764706	Branch-adaptive depth	O	217	28	Central China
Tujia Chongqing	C2a	Resolved	1	52	1.923077	Branch-adaptive depth	C	17	29	Southwest China
Tujia Chongqing	C2b1a2	Resolved	1	52	1.923077	Branch-adaptive depth	C	25	29	Southwest China
Tujia Chongqing	C2b1b	Resolved	13	52	25.0	Branch-adaptive depth	C	26	29	Southwest China
Tujia Chongqing	D1a1a1a1a1b1	Resolved	2	52	3.846154	Branch-adaptive depth	D	32	29	Southwest China
Tujia Chongqing	D1a1a1a1a1b2	Resolved	1	52	1.923077	Branch-adaptive depth	D	33	29	Southwest China
Tujia Chongqing	N1a2	Resolved	2	52	3.846154	Branch-adaptive depth	N	124	29	Southwest China
Tujia Chongqing	N1b2*	Unresolved	4	52	7.692308	Branch-adaptive depth	N	132	29	Southwest China
Tujia Chongqing	O1a	Resolved	6	52	11.538462	Branch-adaptive depth	O	139	29	Southwest China
Tujia Chongqing	O1b1a1a1a1a1a1a2	Resolved	1	52	1.923077	Branch-adaptive depth	O	153	29	Southwest China
Tujia Chongqing	O1b1a1a1a1b1	Resolved	1	52	1.923077	Branch-adaptive depth	O	156	29	Southwest China
Tujia Chongqing	O1b1a1a1a1b2a1a1a	Resolved	1	52	1.923077	Branch-adaptive depth	O	161	29	Southwest China
Tujia Chongqing	O1b1a1b	Resolved	1	52	1.923077	Branch-adaptive depth	O	173	29	Southwest China
Tujia Chongqing	O2a1a	Resolved	1	52	1.923077	Branch-adaptive depth	O	177	29	Southwest China
Tujia Chongqing	O2a1b	Resolved	2	52	3.846154	Branch-adaptive depth	O	178	29	Southwest China
Tujia Chongqing	O2a2a1a2a1a1a2a1	Resolved	1	52	1.923077	Branch-adaptive depth	O	187	29	Southwest China
Tujia Chongqing	O2a2a1a2a1b	Resolved	1	52	1.923077	Branch-adaptive depth	O	192	29	Southwest China
Tujia Chongqing	O2a2b1a1a1a1	Resolved	2	52	3.846154	Branch-adaptive depth	O	200	29	Southwest China
Tujia Chongqing	O2a2b1a1a1c	Resolved	1	52	1.923077	Branch-adaptive depth	O	211	29	Southwest China
Tujia Chongqing	O2a2b1a2	Resolved	5	52	9.615385	Branch-adaptive depth	O	217	29	Southwest China
Tujia Chongqing	O2a2b2a1	Resolved	1	52	1.923077	Branch-adaptive depth	O	218	29	Southwest China
Tujia Chongqing	Q1a1a1a1	Resolved	3	52	5.769231	Branch-adaptive depth	Q	229	29	Southwest China
Tujia Chongqing	R2b	Resolved	1	52	1.923077	Branch-adaptive depth	R	261	29	Southwest China
Man Jilin	C2a	Resolved	4	33	12.121212	Branch-adaptive depth	C	17	30	Northeast China
Man Jilin	C2b1a1*	Unresolved	1	33	3.030303	Branch-adaptive depth	C	23	30	Northeast China
Man Jilin	C2b1a1a	Resolved	1	33	3.030303	Branch-adaptive depth	C	24	30	Northeast China
Man Jilin	C2b1a2	Resolved	1	33	3.030303	Branch-adaptive depth	C	25	30	Northeast China
Man Jilin	C2b1b	Resolved	1	33	3.030303	Branch-adaptive depth	C	26	30	Northeast China
Man Jilin	N1a2	Resolved	3	33	9.090909	Branch-adaptive depth	N	124	30	Northeast China
Man Jilin	N1b1a	Resolved	1	33	3.030303	Branch-adaptive depth	N	130	30	Northeast China
Man Jilin	O1a	Resolved	4	33	12.121212	Branch-adaptive depth	O	139	30	Northeast China
Man Jilin	O1b1a1a1a2	Resolved	1	33	3.030303	Branch-adaptive depth	O	165	30	Northeast China
Man Jilin	O1b2	Resolved	2	33	6.060606	Branch-adaptive depth	O	175	30	Northeast China
Man Jilin	O2a1a	Resolved	2	33	6.060606	Branch-adaptive depth	O	177	30	Northeast China
Man Jilin	O2a1b	Resolved	2	33	6.060606	Branch-adaptive depth	O	178	30	Northeast China
Man Jilin	O2a2a2	Resolved	1	33	3.030303	Branch-adaptive depth	O	195	30	Northeast China
Man Jilin	O2a2b1a2	Resolved	6	33	18.181818	Branch-adaptive depth	O	217	30	Northeast China
Man Jilin	O2a2b2b	Resolved	1	33	3.030303	Branch-adaptive depth	O	220	30	Northeast China
Man Jilin	O2b	Resolved	2	33	6.060606	Branch-adaptive depth	O	221	30	Northeast China
Mongol Inner Mongolia	C2a	Resolved	13	93	13.978495	Branch-adaptive depth	C	17	31	North China
Mongol Inner Mongolia	C2b1a1*	Unresolved	1	93	1.075269	Branch-adaptive depth	C	23	31	North China
Mongol Inner Mongolia	C2b1a1a	Resolved	3	93	3.225806	Branch-adaptive depth	C	24	31	North China
Mongol Inner Mongolia	C2b1a2	Resolved	3	93	3.225806	Branch-adaptive depth	C	25	31	North China
Mongol Inner Mongolia	D1a1a1a1b*	Unresolved	1	93	1.075269	Branch-adaptive depth	D	34	31	North China
Mongol Inner Mongolia	D1a1b	Resolved	1	93	1.075269	Branch-adaptive depth	D	37	31	North China
Mongol Inner Mongolia	E1b1b	Resolved	4	93	4.301075	Branch-adaptive depth	E	55	31	North China
Mongol Inner Mongolia	J2	Resolved	2	93	2.150538	Branch-adaptive depth	J	105	31	North China
Mongol Inner Mongolia	N1a1a1	Resolved	2	93	2.150538	Branch-adaptive depth	N	122	31	North China
Mongol Inner Mongolia	N1a2	Resolved	6	93	6.451613	Branch-adaptive depth	N	124	31	North China
Mongol Inner Mongolia	N1a3	Resolved	1	93	1.075269	Branch-adaptive depth	N	128	31	North China
Mongol Inner Mongolia	N1b2*	Unresolved	1	93	1.075269	Branch-adaptive depth	N	132	31	North China
Mongol Inner Mongolia	O1a	Resolved	3	93	3.225806	Branch-adaptive depth	O	139	31	North China
Mongol Inner Mongolia	O1b1a2	Resolved	1	93	1.075269	Branch-adaptive depth	O	174	31	North China
Mongol Inner Mongolia	O2a1b	Resolved	19	93	20.430108	Branch-adaptive depth	O	178	31	North China
Mongol Inner Mongolia	O2a2a1a1a*	Unresolved	1	93	1.075269	Branch-adaptive depth	O	180	31	North China
Mongol Inner Mongolia	O2a2a1a2a1a1a1	Resolved	1	93	1.075269	Branch-adaptive depth	O	185	31	North China
Mongol Inner Mongolia	O2a2b1a1a1*	Unresolved	3	93	3.225806	Branch-adaptive depth	O	199	31	North China
Mongol Inner Mongolia	O2a2b1a1a1a1	Resolved	2	93	2.150538	Branch-adaptive depth	O	200	31	North China
Mongol Inner Mongolia	O2a2b1a1a1c	Resolved	1	93	1.075269	Branch-adaptive depth	O	211	31	North China
Mongol Inner Mongolia	O2a2b1a2	Resolved	10	93	10.752688	Branch-adaptive depth	O	217	31	North China
Mongol Inner Mongolia	O2a2b2a1	Resolved	5	93	5.376344	Branch-adaptive depth	O	218	31	North China
Mongol Inner Mongolia	Q1a1a1*	Unresolved	1	93	1.075269	Branch-adaptive depth	Q	227	31	North China
Mongol Inner Mongolia	Q1a1a1a*	Unresolved	1	93	1.075269	Branch-adaptive depth	Q	228	31	North China
Mongol Inner Mongolia	Q1b1	Resolved	2	93	2.150538	Branch-adaptive depth	Q	234	31	North China
Mongol Inner Mongolia	R1a1a1b2	Resolved	2	93	2.150538	Branch-adaptive depth	R	249	31	North China
Mongol Inner Mongolia	R1b1a1a	Resolved	3	93	3.225806	Branch-adaptive depth	R	252	31	North China
Han Shaanxi	C1b1a2	Resolved	2	671	0.298063	Branch-adaptive depth	C	16	32	Northwest China
Han Shaanxi	C2a	Resolved	46	671	6.85544	Branch-adaptive depth	C	17	32	Northwest China
Han Shaanxi	C2b1*	Unresolved	1	671	0.149031	Branch-adaptive depth	C	21	32	Northwest China
Han Shaanxi	C2b1a1*	Unresolved	2	671	0.298063	Branch-adaptive depth	C	23	32	Northwest China
Han Shaanxi	C2b1a1a	Resolved	14	671	2.086438	Branch-adaptive depth	C	24	32	Northwest China
Han Shaanxi	C2b1a2	Resolved	10	671	1.490313	Branch-adaptive depth	C	25	32	Northwest China
Han Shaanxi	C2b1b	Resolved	10	671	1.490313	Branch-adaptive depth	C	26	32	Northwest China
Han Shaanxi	D1a1a1a1a1b*	Unresolved	6	671	0.894188	Branch-adaptive depth	D	31	32	Northwest China
Han Shaanxi	D1a1a1a1a1b1	Resolved	2	671	0.298063	Branch-adaptive depth	D	32	32	Northwest China
Han Shaanxi	D1a1a1a1a1b2	Resolved	2	671	0.298063	Branch-adaptive depth	D	33	32	Northwest China
Han Shaanxi	D1a1a1a1b*	Unresolved	3	671	0.447094	Branch-adaptive depth	D	34	32	Northwest China
Han Shaanxi	D1a1b	Resolved	7	671	1.043219	Branch-adaptive depth	D	37	32	Northwest China
Han Shaanxi	E1b1b	Resolved	6	671	0.894188	Branch-adaptive depth	E	55	32	Northwest China
Han Shaanxi	F2	Resolved	1	671	0.149031	Branch-adaptive depth	F	62	32	Northwest China
Han Shaanxi	G	Resolved	2	671	0.298063	Branch-adaptive depth	G	65	32	Northwest China
Han Shaanxi	J2	Resolved	5	671	0.745156	Branch-adaptive depth	J	105	32	Northwest China
Han Shaanxi	N1a*	Unresolved	8	671	1.19225	Branch-adaptive depth	N	120	32	Northwest China
Han Shaanxi	N1a1a1	Resolved	3	671	0.447094	Branch-adaptive depth	N	122	32	Northwest China
Han Shaanxi	N1a1a3	Resolved	5	671	0.745156	Branch-adaptive depth	N	123	32	Northwest China
Han Shaanxi	N1a2	Resolved	20	671	2.980626	Branch-adaptive depth	N	124	32	Northwest China
Han Shaanxi	N1a3	Resolved	4	671	0.596125	Branch-adaptive depth	N	128	32	Northwest China
Han Shaanxi	N1b1*	Unresolved	2	671	0.298063	Branch-adaptive depth	N	129	32	Northwest China
Han Shaanxi	N1b1a	Resolved	4	671	0.596125	Branch-adaptive depth	N	130	32	Northwest China
Han Shaanxi	N1b1b	Resolved	3	671	0.447094	Branch-adaptive depth	N	131	32	Northwest China
Han Shaanxi	N1b2*	Unresolved	27	671	4.023845	Branch-adaptive depth	N	132	32	Northwest China
Han Shaanxi	O1a	Resolved	24	671	3.576751	Branch-adaptive depth	O	139	32	Northwest China
Han Shaanxi	O1b1a1a1a1*	Unresolved	1	671	0.149031	Branch-adaptive depth	O	149	32	Northwest China
Han Shaanxi	O1b1a1a1a1a1a1a1	Resolved	1	671	0.149031	Branch-adaptive depth	O	152	32	Northwest China
Han Shaanxi	O1b1a1a1a1a1a1a2	Resolved	1	671	0.149031	Branch-adaptive depth	O	153	32	Northwest China
Han Shaanxi	O1b1a1a1a1a1b	Resolved	5	671	0.745156	Branch-adaptive depth	O	155	32	Northwest China
Han Shaanxi	O1b1a1a1a1b1	Resolved	1	671	0.149031	Branch-adaptive depth	O	156	32	Northwest China
Han Shaanxi	O1b1a1a1a1b2a1a1b	Resolved	1	671	0.149031	Branch-adaptive depth	O	162	32	Northwest China
Han Shaanxi	O1b1a1a1a1b2a1a2	Resolved	2	671	0.298063	Branch-adaptive depth	O	163	32	Northwest China
Han Shaanxi	O1b1a1a1a2	Resolved	7	671	1.043219	Branch-adaptive depth	O	165	32	Northwest China
Han Shaanxi	O1b1a1a2	Resolved	1	671	0.149031	Branch-adaptive depth	O	172	32	Northwest China
Han Shaanxi	O1b1a1b	Resolved	2	671	0.298063	Branch-adaptive depth	O	173	32	Northwest China
Han Shaanxi	O1b1a2	Resolved	18	671	2.682563	Branch-adaptive depth	O	174	32	Northwest China
Han Shaanxi	O1b2	Resolved	4	671	0.596125	Branch-adaptive depth	O	175	32	Northwest China
Han Shaanxi	O2a1a	Resolved	9	671	1.341282	Branch-adaptive depth	O	177	32	Northwest China
Han Shaanxi	O2a1b	Resolved	120	671	17.883756	Branch-adaptive depth	O	178	32	Northwest China
Han Shaanxi	O2a2a1a1a1	Resolved	1	671	0.149031	Branch-adaptive depth	O	181	32	Northwest China
Han Shaanxi	O2a2a1a1b	Resolved	8	671	1.19225	Branch-adaptive depth	O	182	32	Northwest China
Han Shaanxi	O2a2a1a2a1a1a1	Resolved	2	671	0.298063	Branch-adaptive depth	O	185	32	Northwest China
Han Shaanxi	O2a2a1a2a1a1a2a1	Resolved	4	671	0.596125	Branch-adaptive depth	O	187	32	Northwest China
Han Shaanxi	O2a2a2	Resolved	2	671	0.298063	Branch-adaptive depth	O	195	32	Northwest China
Han Shaanxi	O2a2b1*	Unresolved	1	671	0.149031	Branch-adaptive depth	O	197	32	Northwest China
Han Shaanxi	O2a2b1a1a*	Unresolved	2	671	0.298063	Branch-adaptive depth	O	198	32	Northwest China
Han Shaanxi	O2a2b1a1a1*	Unresolved	10	671	1.490313	Branch-adaptive depth	O	199	32	Northwest China
Han Shaanxi	O2a2b1a1a1a1	Resolved	26	671	3.874814	Branch-adaptive depth	O	200	32	Northwest China
Han Shaanxi	O2a2b1a1a1a2	Resolved	5	671	0.745156	Branch-adaptive depth	O	201	32	Northwest China
Han Shaanxi	O2a2b1a1a1a4a2*	Unresolved	3	671	0.447094	Branch-adaptive depth	O	204	32	Northwest China
Han Shaanxi	O2a2b1a1a1b	Resolved	1	671	0.149031	Branch-adaptive depth	O	210	32	Northwest China
Han Shaanxi	O2a2b1a1a1c	Resolved	17	671	2.533532	Branch-adaptive depth	O	211	32	Northwest China
Han Shaanxi	O2a2b1a1a1d	Resolved	2	671	0.298063	Branch-adaptive depth	O	212	32	Northwest China
Han Shaanxi	O2a2b1a1a1e	Resolved	5	671	0.745156	Branch-adaptive depth	O	213	32	Northwest China
Han Shaanxi	O2a2b1a1b	Resolved	3	671	0.447094	Branch-adaptive depth	O	216	32	Northwest China
Han Shaanxi	O2a2b1a2	Resolved	103	671	15.350224	Branch-adaptive depth	O	217	32	Northwest China
Han Shaanxi	O2a2b2a1	Resolved	6	671	0.894188	Branch-adaptive depth	O	218	32	Northwest China
Han Shaanxi	O2a2b2a2	Resolved	3	671	0.447094	Branch-adaptive depth	O	219	32	Northwest China
Han Shaanxi	O2a2b2b	Resolved	4	671	0.596125	Branch-adaptive depth	O	220	32	Northwest China
Han Shaanxi	O2b	Resolved	4	671	0.596125	Branch-adaptive depth	O	221	32	Northwest China
Han Shaanxi	Q1a1a1*	Unresolved	10	671	1.490313	Branch-adaptive depth	Q	227	32	Northwest China
Han Shaanxi	Q1a1a1a*	Unresolved	18	671	2.682563	Branch-adaptive depth	Q	228	32	Northwest China
Han Shaanxi	Q1a1a1a1	Resolved	6	671	0.894188	Branch-adaptive depth	Q	229	32	Northwest China
Han Shaanxi	Q1a1a2	Resolved	11	671	1.639344	Branch-adaptive depth	Q	231	32	Northwest China
Han Shaanxi	Q1a2	Resolved	1	671	0.149031	Branch-adaptive depth	Q	232	32	Northwest China
Han Shaanxi	Q1b1	Resolved	2	671	0.298063	Branch-adaptive depth	Q	234	32	Northwest China
Han Shaanxi	R1a1a1b2	Resolved	16	671	2.384501	Branch-adaptive depth	R	249	32	Northwest China
Han Shaanxi	R1b*	Unresolved	1	671	0.149031	Branch-adaptive depth	R	250	32	Northwest China
Han Shaanxi	R1b1a1a	Resolved	1	671	0.149031	Branch-adaptive depth	R	252	32	Northwest China
Han Shaanxi	R2a	Resolved	1	671	0.149031	Branch-adaptive depth	R	259	32	Northwest China
Han Gansu	C2a	Resolved	16	309	5.177994	Branch-adaptive depth	C	17	33	Northwest China
Han Gansu	C2b1a1a	Resolved	3	309	0.970874	Branch-adaptive depth	C	24	33	Northwest China
Han Gansu	C2b1a2	Resolved	11	309	3.559871	Branch-adaptive depth	C	25	33	Northwest China
Han Gansu	C2b1b	Resolved	5	309	1.618123	Branch-adaptive depth	C	26	33	Northwest China
Han Gansu	D1a1a1a1a1b*	Unresolved	8	309	2.588997	Branch-adaptive depth	D	31	33	Northwest China
Han Gansu	D1a1a1a1b*	Unresolved	2	309	0.647249	Branch-adaptive depth	D	34	33	Northwest China
Han Gansu	D1a1b	Resolved	5	309	1.618123	Branch-adaptive depth	D	37	33	Northwest China
Han Gansu	E1b1a1a1a2	Resolved	2	309	0.647249	Branch-adaptive depth	E	51	33	Northwest China
Han Gansu	G	Resolved	2	309	0.647249	Branch-adaptive depth	G	65	33	Northwest China
Han Gansu	J1	Resolved	4	309	1.294498	Branch-adaptive depth	J	100	33	Northwest China
Han Gansu	J2	Resolved	3	309	0.970874	Branch-adaptive depth	J	105	33	Northwest China
Han Gansu	N1a*	Unresolved	3	309	0.970874	Branch-adaptive depth	N	120	33	Northwest China
Han Gansu	N1a1a1	Resolved	4	309	1.294498	Branch-adaptive depth	N	122	33	Northwest China
Han Gansu	N1a1a3	Resolved	1	309	0.323625	Branch-adaptive depth	N	123	33	Northwest China
Han Gansu	N1a2	Resolved	9	309	2.912621	Branch-adaptive depth	N	124	33	Northwest China
Han Gansu	N1a3	Resolved	3	309	0.970874	Branch-adaptive depth	N	128	33	Northwest China
Han Gansu	N1b1a	Resolved	3	309	0.970874	Branch-adaptive depth	N	130	33	Northwest China
Han Gansu	N1b2*	Unresolved	7	309	2.265372	Branch-adaptive depth	N	132	33	Northwest China
Han Gansu	O1*	Unresolved	2	309	0.647249	Branch-adaptive depth	O	137	33	Northwest China
Han Gansu	O1a	Resolved	12	309	3.883495	Branch-adaptive depth	O	139	33	Northwest China
Han Gansu	O1b1a1a1*	Unresolved	1	309	0.323625	Branch-adaptive depth	O	148	33	Northwest China
Han Gansu	O1b1a1a1a1a1a1a1	Resolved	2	309	0.647249	Branch-adaptive depth	O	152	33	Northwest China
Han Gansu	O1b1a1a1a1a1a1a2	Resolved	1	309	0.323625	Branch-adaptive depth	O	153	33	Northwest China
Han Gansu	O1b1a1a1a1a1b	Resolved	1	309	0.323625	Branch-adaptive depth	O	155	33	Northwest China
Han Gansu	O1b1a1a1a1b1	Resolved	2	309	0.647249	Branch-adaptive depth	O	156	33	Northwest China
Han Gansu	O1b1a1a1a2	Resolved	5	309	1.618123	Branch-adaptive depth	O	165	33	Northwest China
Han Gansu	O1b1a1a1b2	Resolved	1	309	0.323625	Branch-adaptive depth	O	171	33	Northwest China
Han Gansu	O1b1a2	Resolved	5	309	1.618123	Branch-adaptive depth	O	174	33	Northwest China
Han Gansu	O2a1a	Resolved	5	309	1.618123	Branch-adaptive depth	O	177	33	Northwest China
Han Gansu	O2a1b	Resolved	47	309	15.210356	Branch-adaptive depth	O	178	33	Northwest China
Han Gansu	O2a2a1a1a*	Unresolved	3	309	0.970874	Branch-adaptive depth	O	180	33	Northwest China
Han Gansu	O2a2a1a1b	Resolved	2	309	0.647249	Branch-adaptive depth	O	182	33	Northwest China
Han Gansu	O2a2a1a2a1a1a1	Resolved	3	309	0.970874	Branch-adaptive depth	O	185	33	Northwest China
Han Gansu	O2a2a1a2a1a1a2a1	Resolved	1	309	0.323625	Branch-adaptive depth	O	187	33	Northwest China
Han Gansu	O2a2a1a2a1a1a2b	Resolved	1	309	0.323625	Branch-adaptive depth	O	189	33	Northwest China
Han Gansu	O2a2a1a2a1a1b	Resolved	3	309	0.970874	Branch-adaptive depth	O	190	33	Northwest China
Han Gansu	O2a2a2	Resolved	5	309	1.618123	Branch-adaptive depth	O	195	33	Northwest China
Han Gansu	O2a2b1a1a1*	Unresolved	2	309	0.647249	Branch-adaptive depth	O	199	33	Northwest China
Han Gansu	O2a2b1a1a1a1	Resolved	12	309	3.883495	Branch-adaptive depth	O	200	33	Northwest China
Han Gansu	O2a2b1a1a1a2	Resolved	8	309	2.588997	Branch-adaptive depth	O	201	33	Northwest China
Han Gansu	O2a2b1a1a1a3	Resolved	4	309	1.294498	Branch-adaptive depth	O	202	33	Northwest China
Han Gansu	O2a2b1a1a1a4a*	Unresolved	4	309	1.294498	Branch-adaptive depth	O	203	33	Northwest China
Han Gansu	O2a2b1a1a1a4a2*	Unresolved	2	309	0.647249	Branch-adaptive depth	O	204	33	Northwest China
Han Gansu	O2a2b1a1a1a5	Resolved	1	309	0.323625	Branch-adaptive depth	O	209	33	Northwest China
Han Gansu	O2a2b1a1a1b	Resolved	4	309	1.294498	Branch-adaptive depth	O	210	33	Northwest China
Han Gansu	O2a2b1a1a1c	Resolved	6	309	1.941748	Branch-adaptive depth	O	211	33	Northwest China
Han Gansu	O2a2b1a1a1d	Resolved	1	309	0.323625	Branch-adaptive depth	O	212	33	Northwest China
Han Gansu	O2a2b1a1a1e	Resolved	1	309	0.323625	Branch-adaptive depth	O	213	33	Northwest China
Han Gansu	O2a2b1a1a1g	Resolved	1	309	0.323625	Branch-adaptive depth	O	214	33	Northwest China
Han Gansu	O2a2b1a2	Resolved	35	309	11.326861	Branch-adaptive depth	O	217	33	Northwest China
Han Gansu	O2a2b2a1	Resolved	9	309	2.912621	Branch-adaptive depth	O	218	33	Northwest China
Han Gansu	O2b	Resolved	5	309	1.618123	Branch-adaptive depth	O	221	33	Northwest China
Han Gansu	Q1a1a1*	Unresolved	1	309	0.323625	Branch-adaptive depth	Q	227	33	Northwest China
Han Gansu	Q1a1a1a*	Unresolved	4	309	1.294498	Branch-adaptive depth	Q	228	33	Northwest China
Han Gansu	Q1a1a2	Resolved	1	309	0.323625	Branch-adaptive depth	Q	231	33	Northwest China
Han Gansu	Q1b1	Resolved	1	309	0.323625	Branch-adaptive depth	Q	234	33	Northwest China
Han Gansu	Q2	Resolved	1	309	0.323625	Branch-adaptive depth	Q	239	33	Northwest China
Han Gansu	R1a1a1b2	Resolved	8	309	2.588997	Branch-adaptive depth	R	249	33	Northwest China
Han Gansu	R1b*	Unresolved	1	309	0.323625	Branch-adaptive depth	R	250	33	Northwest China
Han Gansu	R1b1a1a	Resolved	2	309	0.647249	Branch-adaptive depth	R	252	33	Northwest China
Han Gansu	R1b1a2	Resolved	1	309	0.323625	Branch-adaptive depth	R	255	33	Northwest China
Han Gansu	R1b2	Resolved	1	309	0.323625	Branch-adaptive depth	R	257	33	Northwest China
Man Shandong	C2a	Resolved	3	20	15.0	Branch-adaptive depth	C	17	34	East China
Man Shandong	C2b1a2	Resolved	1	20	5.0	Branch-adaptive depth	C	25	34	East China
Man Shandong	C2b1b	Resolved	1	20	5.0	Branch-adaptive depth	C	26	34	East China
Man Shandong	N1a2	Resolved	1	20	5.0	Branch-adaptive depth	N	124	34	East China
Man Shandong	O1a	Resolved	1	20	5.0	Branch-adaptive depth	O	139	34	East China
Man Shandong	O1b1a1b	Resolved	2	20	10.0	Branch-adaptive depth	O	173	34	East China
Man Shandong	O2a1b	Resolved	3	20	15.0	Branch-adaptive depth	O	178	34	East China
Man Shandong	O2a2b1a1a1c	Resolved	2	20	10.0	Branch-adaptive depth	O	211	34	East China
Man Shandong	O2a2b1a2	Resolved	4	20	20.0	Branch-adaptive depth	O	217	34	East China
Man Shandong	Q1a1a1*	Unresolved	1	20	5.0	Branch-adaptive depth	Q	227	34	East China
Man Shandong	R1b2	Resolved	1	20	5.0	Branch-adaptive depth	R	257	34	East China
Man Beijing	C2a	Resolved	7	38	18.421053	Branch-adaptive depth	C	17	35	North China
Man Beijing	C2b1a1a	Resolved	1	38	2.631579	Branch-adaptive depth	C	24	35	North China
Man Beijing	C2b1a2	Resolved	2	38	5.263158	Branch-adaptive depth	C	25	35	North China
Man Beijing	N1a2	Resolved	1	38	2.631579	Branch-adaptive depth	N	124	35	North China
Man Beijing	N1b2*	Unresolved	1	38	2.631579	Branch-adaptive depth	N	132	35	North China
Man Beijing	O1a	Resolved	5	38	13.157895	Branch-adaptive depth	O	139	35	North China
Man Beijing	O1b1a1a1a1a1b	Resolved	1	38	2.631579	Branch-adaptive depth	O	155	35	North China
Man Beijing	O1b1a2	Resolved	2	38	5.263158	Branch-adaptive depth	O	174	35	North China
Man Beijing	O2a1b	Resolved	5	38	13.157895	Branch-adaptive depth	O	178	35	North China
Man Beijing	O2a2b1a1a1a1	Resolved	2	38	5.263158	Branch-adaptive depth	O	200	35	North China
Man Beijing	O2a2b1a1a1a3	Resolved	1	38	2.631579	Branch-adaptive depth	O	202	35	North China
Man Beijing	O2a2b1a1a1b	Resolved	2	38	5.263158	Branch-adaptive depth	O	210	35	North China
Man Beijing	O2a2b1a1a1c	Resolved	3	38	7.894737	Branch-adaptive depth	O	211	35	North China
Man Beijing	O2a2b1a2	Resolved	2	38	5.263158	Branch-adaptive depth	O	217	35	North China
Man Beijing	O2a2b2a1	Resolved	2	38	5.263158	Branch-adaptive depth	O	218	35	North China
Man Beijing	O2a2b2a2	Resolved	1	38	2.631579	Branch-adaptive depth	O	219	35	North China
Man Liaoning	C2a	Resolved	18	83	21.686747	Branch-adaptive depth	C	17	36	Northeast China
Man Liaoning	C2b1a1a	Resolved	1	83	1.204819	Branch-adaptive depth	C	24	36	Northeast China
Man Liaoning	C2b1a2	Resolved	3	83	3.614458	Branch-adaptive depth	C	25	36	Northeast China
Man Liaoning	C2b1b	Resolved	2	83	2.409639	Branch-adaptive depth	C	26	36	Northeast China
Man Liaoning	D1a1a1a1a1b*	Unresolved	1	83	1.204819	Branch-adaptive depth	D	31	36	Northeast China
Man Liaoning	E1b1b	Resolved	1	83	1.204819	Branch-adaptive depth	E	55	36	Northeast China
Man Liaoning	N1a1a3	Resolved	2	83	2.409639	Branch-adaptive depth	N	123	36	Northeast China
Man Liaoning	N1a2	Resolved	1	83	1.204819	Branch-adaptive depth	N	124	36	Northeast China
Man Liaoning	N1a3	Resolved	1	83	1.204819	Branch-adaptive depth	N	128	36	Northeast China
Man Liaoning	N1b1*	Unresolved	1	83	1.204819	Branch-adaptive depth	N	129	36	Northeast China
Man Liaoning	N1b1a	Resolved	2	83	2.409639	Branch-adaptive depth	N	130	36	Northeast China
Man Liaoning	N1b2*	Unresolved	1	83	1.204819	Branch-adaptive depth	N	132	36	Northeast China
Man Liaoning	O1a	Resolved	2	83	2.409639	Branch-adaptive depth	O	139	36	Northeast China
Man Liaoning	O1b1a2	Resolved	3	83	3.614458	Branch-adaptive depth	O	174	36	Northeast China
Man Liaoning	O1b2	Resolved	3	83	3.614458	Branch-adaptive depth	O	175	36	Northeast China
Man Liaoning	O2a1a	Resolved	1	83	1.204819	Branch-adaptive depth	O	177	36	Northeast China
Man Liaoning	O2a1b	Resolved	8	83	9.638554	Branch-adaptive depth	O	178	36	Northeast China
Man Liaoning	O2a2a1a1a*	Unresolved	1	83	1.204819	Branch-adaptive depth	O	180	36	Northeast China
Man Liaoning	O2a2a1a2a1a1b	Resolved	2	83	2.409639	Branch-adaptive depth	O	190	36	Northeast China
Man Liaoning	O2a2b1a1a1*	Unresolved	1	83	1.204819	Branch-adaptive depth	O	199	36	Northeast China
Man Liaoning	O2a2b1a1a1a1	Resolved	1	83	1.204819	Branch-adaptive depth	O	200	36	Northeast China
Man Liaoning	O2a2b1a1a1a4a*	Unresolved	2	83	2.409639	Branch-adaptive depth	O	203	36	Northeast China
Man Liaoning	O2a2b1a1a1c	Resolved	1	83	1.204819	Branch-adaptive depth	O	211	36	Northeast China
Man Liaoning	O2a2b1a1a1e	Resolved	1	83	1.204819	Branch-adaptive depth	O	213	36	Northeast China
Man Liaoning	O2a2b1a2	Resolved	18	83	21.686747	Branch-adaptive depth	O	217	36	Northeast China
Man Liaoning	O2a2b2a1	Resolved	2	83	2.409639	Branch-adaptive depth	O	218	36	Northeast China
Man Liaoning	O2a2b2a2	Resolved	1	83	1.204819	Branch-adaptive depth	O	219	36	Northeast China
Man Liaoning	Q1b1	Resolved	1	83	1.204819	Branch-adaptive depth	Q	234	36	Northeast China
Man Liaoning	R1a1a1b1	Resolved	1	83	1.204819	Branch-adaptive depth	R	248	36	Northeast China
Man Hebei	C2a	Resolved	2	22	9.090909	Branch-adaptive depth	C	17	37	North China
Man Hebei	J2	Resolved	1	22	4.545455	Branch-adaptive depth	J	105	37	North China
Man Hebei	N1a2	Resolved	1	22	4.545455	Branch-adaptive depth	N	124	37	North China
Man Hebei	O1a	Resolved	1	22	4.545455	Branch-adaptive depth	O	139	37	North China
Man Hebei	O1b1a1a1b*	Unresolved	1	22	4.545455	Branch-adaptive depth	O	166	37	North China
Man Hebei	O1b2	Resolved	1	22	4.545455	Branch-adaptive depth	O	175	37	North China
Man Hebei	O2a1b	Resolved	3	22	13.636364	Branch-adaptive depth	O	178	37	North China
Man Hebei	O2a2b1a1a1a1	Resolved	1	22	4.545455	Branch-adaptive depth	O	200	37	North China
Man Hebei	O2a2b1a1a1a3	Resolved	1	22	4.545455	Branch-adaptive depth	O	202	37	North China
Man Hebei	O2a2b1a2	Resolved	6	22	27.272727	Branch-adaptive depth	O	217	37	North China
Man Hebei	O2a2b2b	Resolved	1	22	4.545455	Branch-adaptive depth	O	220	37	North China
Man Hebei	Q1a1a1*	Unresolved	1	22	4.545455	Branch-adaptive depth	Q	227	37	North China
Man Hebei	Q1a1a1a*	Unresolved	1	22	4.545455	Branch-adaptive depth	Q	228	37	North China
Man Hebei	R1a1a1b2	Resolved	1	22	4.545455	Branch-adaptive depth	R	249	37	North China
Hui Gansu	C2a	Resolved	5	36	13.888889	Branch-adaptive depth	C	17	38	Northwest China
Hui Gansu	C2b1a2	Resolved	1	36	2.777778	Branch-adaptive depth	C	25	38	Northwest China
Hui Gansu	C2b1b	Resolved	1	36	2.777778	Branch-adaptive depth	C	26	38	Northwest China
Hui Gansu	D1a1a1a1a1b*	Unresolved	1	36	2.777778	Branch-adaptive depth	D	31	38	Northwest China
Hui Gansu	G	Resolved	1	36	2.777778	Branch-adaptive depth	G	65	38	Northwest China
Hui Gansu	H	Resolved	1	36	2.777778	Branch-adaptive depth	H	72	38	Northwest China
Hui Gansu	J2	Resolved	1	36	2.777778	Branch-adaptive depth	J	105	38	Northwest China
Hui Gansu	N1a*	Unresolved	1	36	2.777778	Branch-adaptive depth	N	120	38	Northwest China
Hui Gansu	O1b1a1b	Resolved	1	36	2.777778	Branch-adaptive depth	O	173	38	Northwest China
Hui Gansu	O2a1b	Resolved	4	36	11.111111	Branch-adaptive depth	O	178	38	Northwest China
Hui Gansu	O2a2b1a1a1*	Unresolved	1	36	2.777778	Branch-adaptive depth	O	199	38	Northwest China
Hui Gansu	O2a2b1a1a1a4a*	Unresolved	1	36	2.777778	Branch-adaptive depth	O	203	38	Northwest China
Hui Gansu	O2a2b1a1a1c	Resolved	3	36	8.333333	Branch-adaptive depth	O	211	38	Northwest China
Hui Gansu	O2a2b1a2	Resolved	3	36	8.333333	Branch-adaptive depth	O	217	38	Northwest China
Hui Gansu	Q1b1	Resolved	1	36	2.777778	Branch-adaptive depth	Q	234	38	Northwest China
Hui Gansu	Q1b2	Resolved	1	36	2.777778	Branch-adaptive depth	Q	237	38	Northwest China
Hui Gansu	Q2	Resolved	1	36	2.777778	Branch-adaptive depth	Q	239	38	Northwest China
Hui Gansu	R1a1a1b1	Resolved	2	36	5.555556	Branch-adaptive depth	R	248	38	Northwest China
Hui Gansu	R1a1a1b2	Resolved	3	36	8.333333	Branch-adaptive depth	R	249	38	Northwest China
Hui Gansu	R1b1a1b1b	Resolved	1	36	2.777778	Branch-adaptive depth	R	254	38	Northwest China
Hui Gansu	R1b1a2	Resolved	2	36	5.555556	Branch-adaptive depth	R	255	38	Northwest China
Hui Shandong	C2a	Resolved	1	24	4.166667	Branch-adaptive depth	C	17	39	East China
Hui Shandong	C2b1a2	Resolved	1	24	4.166667	Branch-adaptive depth	C	25	39	East China
Hui Shandong	C2b1b	Resolved	1	24	4.166667	Branch-adaptive depth	C	26	39	East China
Hui Shandong	D1a1a1a1a1b*	Unresolved	1	24	4.166667	Branch-adaptive depth	D	31	39	East China
Hui Shandong	J2	Resolved	1	24	4.166667	Branch-adaptive depth	J	105	39	East China
Hui Shandong	N1a2	Resolved	2	24	8.333333	Branch-adaptive depth	N	124	39	East China
Hui Shandong	O1a	Resolved	3	24	12.5	Branch-adaptive depth	O	139	39	East China
Hui Shandong	O1b1a2	Resolved	1	24	4.166667	Branch-adaptive depth	O	174	39	East China
Hui Shandong	O2a1b	Resolved	3	24	12.5	Branch-adaptive depth	O	178	39	East China
Hui Shandong	O2a2a1a1b	Resolved	1	24	4.166667	Branch-adaptive depth	O	182	39	East China
Hui Shandong	O2a2b1a1a1a1	Resolved	1	24	4.166667	Branch-adaptive depth	O	200	39	East China
Hui Shandong	O2a2b1a2	Resolved	1	24	4.166667	Branch-adaptive depth	O	217	39	East China
Hui Shandong	Q1a1a1a*	Unresolved	2	24	8.333333	Branch-adaptive depth	Q	228	39	East China
Hui Shandong	R1a1a1b2	Resolved	3	24	12.5	Branch-adaptive depth	R	249	39	East China
Hui Shandong	R2b	Resolved	1	24	4.166667	Branch-adaptive depth	R	261	39	East China
Hui Shandong	T	Resolved	1	24	4.166667	Branch-adaptive depth	T	264	39	East China
Sui Guizhou	O1a	Resolved	11	35	31.428571	Branch-adaptive depth	O	139	40	Southwest China
Sui Guizhou	O1b1a1a1a1a1a1a1	Resolved	16	35	45.714286	Branch-adaptive depth	O	152	40	Southwest China
Sui Guizhou	O2a2a1a2a1a1a2a1	Resolved	7	35	20.0	Branch-adaptive depth	O	187	40	Southwest China
Sui Guizhou	O2a2b1a1a1a4a2a1	Resolved	1	35	2.857143	Branch-adaptive depth	O	206	40	Southwest China
Yao Guangxi	C1b1a2	Resolved	2	20	10.0	Branch-adaptive depth	C	16	41	South China
Yao Guangxi	D1a1a1b	Resolved	1	20	5.0	Branch-adaptive depth	D	36	41	South China
Yao Guangxi	N1b2a	Resolved	1	20	5.0	Branch-adaptive depth	N	133	41	South China
Yao Guangxi	O1a	Resolved	4	20	20.0	Branch-adaptive depth	O	139	41	South China
Yao Guangxi	O1b1a*	Unresolved	3	20	15.0	Branch-adaptive depth	O	147	41	South China
Yao Guangxi	O1b1a1a1a1a1a1a2	Resolved	1	20	5.0	Branch-adaptive depth	O	153	41	South China
Yao Guangxi	O1b1a1a1a1b1	Resolved	1	20	5.0	Branch-adaptive depth	O	156	41	South China
Yao Guangxi	O1b1a1a1a1b2a1a1a	Resolved	1	20	5.0	Branch-adaptive depth	O	161	41	South China
Yao Guangxi	O1b1a1b	Resolved	1	20	5.0	Branch-adaptive depth	O	173	41	South China
Yao Guangxi	O2a1b	Resolved	2	20	10.0	Branch-adaptive depth	O	178	41	South China
Yao Guangxi	O2a2a1a1a1	Resolved	1	20	5.0	Branch-adaptive depth	O	181	41	South China
Yao Guangxi	O2a2a1a2a1a1*	Unresolved	1	20	5.0	Branch-adaptive depth	O	184	41	South China
Yao Guangxi	O2a2b1a1a1c	Resolved	1	20	5.0	Branch-adaptive depth	O	211	41	South China
Kinh Vietnam	C2b1b	Resolved	1	60	1.666667	Branch-adaptive depth	C	26	42	Oversea
Kinh Vietnam	F4	Resolved	1	60	1.666667	Branch-adaptive depth	F	64	42	Oversea
Kinh Vietnam	N1a2	Resolved	1	60	1.666667	Branch-adaptive depth	N	124	42	Oversea
Kinh Vietnam	N1b2a	Resolved	1	60	1.666667	Branch-adaptive depth	N	133	42	Oversea
Kinh Vietnam	O1a	Resolved	4	60	6.666667	Branch-adaptive depth	O	139	42	Oversea
Kinh Vietnam	O1b1a1a1a1a1a1a1	Resolved	6	60	10.0	Branch-adaptive depth	O	152	42	Oversea
Kinh Vietnam	O1b1a1a1a1a1a1a2	Resolved	2	60	3.333333	Branch-adaptive depth	O	153	42	Oversea
Kinh Vietnam	O1b1a1a1a1a1a1b	Resolved	3	60	5.0	Branch-adaptive depth	O	154	42	Oversea
Kinh Vietnam	O1b1a1a1a1a1b	Resolved	4	60	6.666667	Branch-adaptive depth	O	155	42	Oversea
Kinh Vietnam	O1b1a1a1b1a	Resolved	2	60	3.333333	Branch-adaptive depth	O	168	42	Oversea
Kinh Vietnam	O1b1a1a1b2	Resolved	1	60	1.666667	Branch-adaptive depth	O	171	42	Oversea
Kinh Vietnam	O1b1a2	Resolved	2	60	3.333333	Branch-adaptive depth	O	174	42	Oversea
Kinh Vietnam	O2a1a	Resolved	3	60	5.0	Branch-adaptive depth	O	177	42	Oversea
Kinh Vietnam	O2a1b	Resolved	4	60	6.666667	Branch-adaptive depth	O	178	42	Oversea
Kinh Vietnam	O2a2a1a2a1a1a2b	Resolved	3	60	5.0	Branch-adaptive depth	O	189	42	Oversea
Kinh Vietnam	O2a2a1a2a1b	Resolved	6	60	10.0	Branch-adaptive depth	O	192	42	Oversea
Kinh Vietnam	O2a2b1a1a1a3	Resolved	1	60	1.666667	Branch-adaptive depth	O	202	42	Oversea
Kinh Vietnam	O2a2b1a1a1a4a2a1	Resolved	1	60	1.666667	Branch-adaptive depth	O	206	42	Oversea
Kinh Vietnam	O2a2b1a1a1b	Resolved	3	60	5.0	Branch-adaptive depth	O	210	42	Oversea
Kinh Vietnam	O2a2b1a2	Resolved	5	60	8.333333	Branch-adaptive depth	O	217	42	Oversea
Kinh Vietnam	O2a2b2a1	Resolved	1	60	1.666667	Branch-adaptive depth	O	218	42	Oversea
Kinh Vietnam	O2b	Resolved	1	60	1.666667	Branch-adaptive depth	O	221	42	Oversea
Kinh Vietnam	Q1a1a1*	Unresolved	1	60	1.666667	Branch-adaptive depth	Q	227	42	Oversea
Kinh Vietnam	Q1a1a1a1	Resolved	3	60	5.0	Branch-adaptive depth	Q	229	42	Oversea
Dai Yunnan	C1b1a2	Resolved	1	77	1.298701	Branch-adaptive depth	C	16	43	Southwest China
Dai Yunnan	C2b1b	Resolved	1	77	1.298701	Branch-adaptive depth	C	26	43	Southwest China
Dai Yunnan	F2	Resolved	2	77	2.597403	Branch-adaptive depth	F	62	43	Southwest China
Dai Yunnan	O1a	Resolved	9	77	11.688312	Branch-adaptive depth	O	139	43	Southwest China
Dai Yunnan	O1b1a1a1a1a1a1a1	Resolved	12	77	15.584416	Branch-adaptive depth	O	152	43	Southwest China
Dai Yunnan	O1b1a1a1a1a1a1a2	Resolved	1	77	1.298701	Branch-adaptive depth	O	153	43	Southwest China
Dai Yunnan	O1b1a1a1a1a1a1b	Resolved	1	77	1.298701	Branch-adaptive depth	O	154	43	Southwest China
Dai Yunnan	O1b1a1a1a1a1b	Resolved	4	77	5.194805	Branch-adaptive depth	O	155	43	Southwest China
Dai Yunnan	O1b1a1a1a1b1	Resolved	6	77	7.792208	Branch-adaptive depth	O	156	43	Southwest China
Dai Yunnan	O1b1a1a1a1b2a1a1a	Resolved	2	77	2.597403	Branch-adaptive depth	O	161	43	Southwest China
Dai Yunnan	O1b1a1a1a2	Resolved	1	77	1.298701	Branch-adaptive depth	O	165	43	Southwest China
Dai Yunnan	O1b1a1a1b1*	Unresolved	1	77	1.298701	Branch-adaptive depth	O	167	43	Southwest China
Dai Yunnan	O1b1a1a1b1b	Resolved	1	77	1.298701	Branch-adaptive depth	O	169	43	Southwest China
Dai Yunnan	O1b1a1a1b1c	Resolved	1	77	1.298701	Branch-adaptive depth	O	170	43	Southwest China
Dai Yunnan	O1b1a1a1b2	Resolved	2	77	2.597403	Branch-adaptive depth	O	171	43	Southwest China
Dai Yunnan	O1b1a2	Resolved	1	77	1.298701	Branch-adaptive depth	O	174	43	Southwest China
Dai Yunnan	O2a1b	Resolved	2	77	2.597403	Branch-adaptive depth	O	178	43	Southwest China
Dai Yunnan	O2a2a1a2a1a1*	Unresolved	1	77	1.298701	Branch-adaptive depth	O	184	43	Southwest China
Dai Yunnan	O2a2a1a2a1a1a2a2	Resolved	2	77	2.597403	Branch-adaptive depth	O	188	43	Southwest China
Dai Yunnan	O2a2a1a2a1b	Resolved	1	77	1.298701	Branch-adaptive depth	O	192	43	Southwest China
Dai Yunnan	O2a2b1a1a1a3	Resolved	1	77	1.298701	Branch-adaptive depth	O	202	43	Southwest China
Dai Yunnan	O2a2b1a1a1a4a*	Unresolved	5	77	6.493506	Branch-adaptive depth	O	203	43	Southwest China
Dai Yunnan	O2a2b1a1a1a4a2a*	Unresolved	2	77	2.597403	Branch-adaptive depth	O	205	43	Southwest China
Dai Yunnan	O2a2b1a1a1a4a2a1	Resolved	11	77	14.285714	Branch-adaptive depth	O	206	43	Southwest China
Dai Yunnan	O2a2b1a1a1a4a2a3	Resolved	1	77	1.298701	Branch-adaptive depth	O	208	43	Southwest China
Dai Yunnan	O2a2b1a1a1c	Resolved	1	77	1.298701	Branch-adaptive depth	O	211	43	Southwest China
Dai Yunnan	O2a2b1a1a1e	Resolved	1	77	1.298701	Branch-adaptive depth	O	213	43	Southwest China
Dai Yunnan	O2a2b1a2	Resolved	1	77	1.298701	Branch-adaptive depth	O	217	43	Southwest China
Dai Yunnan	O2a2b2a2	Resolved	1	77	1.298701	Branch-adaptive depth	O	219	43	Southwest China
Dai Yunnan	Q1a1a1a1	Resolved	1	77	1.298701	Branch-adaptive depth	Q	229	43	Southwest China
Zhuang Guangxi	C1b1a2	Resolved	3	243	1.234568	Branch-adaptive depth	C	16	44	South China
Zhuang Guangxi	C2b1a2	Resolved	4	243	1.646091	Branch-adaptive depth	C	25	44	South China
Zhuang Guangxi	C2b1b	Resolved	1	243	0.411523	Branch-adaptive depth	C	26	44	South China
Zhuang Guangxi	D1a1a1b	Resolved	5	243	2.057613	Branch-adaptive depth	D	36	44	South China
Zhuang Guangxi	F2	Resolved	1	243	0.411523	Branch-adaptive depth	F	62	44	South China
Zhuang Guangxi	N1a1a3	Resolved	1	243	0.411523	Branch-adaptive depth	N	123	44	South China
Zhuang Guangxi	N1a3	Resolved	1	243	0.411523	Branch-adaptive depth	N	128	44	South China
Zhuang Guangxi	N1b2a	Resolved	5	243	2.057613	Branch-adaptive depth	N	133	44	South China
Zhuang Guangxi	O1a	Resolved	23	243	9.465021	Branch-adaptive depth	O	139	44	South China
Zhuang Guangxi	O1b1a*	Unresolved	7	243	2.880658	Branch-adaptive depth	O	147	44	South China
Zhuang Guangxi	O1b1a1a1a1*	Unresolved	1	243	0.411523	Branch-adaptive depth	O	149	44	South China
Zhuang Guangxi	O1b1a1a1a1a1a*	Unresolved	1	243	0.411523	Branch-adaptive depth	O	151	44	South China
Zhuang Guangxi	O1b1a1a1a1a1a1a1	Resolved	19	243	7.81893	Branch-adaptive depth	O	152	44	South China
Zhuang Guangxi	O1b1a1a1a1a1a1a2	Resolved	2	243	0.823045	Branch-adaptive depth	O	153	44	South China
Zhuang Guangxi	O1b1a1a1a1a1a1b	Resolved	1	243	0.411523	Branch-adaptive depth	O	154	44	South China
Zhuang Guangxi	O1b1a1a1a1a1b	Resolved	1	243	0.411523	Branch-adaptive depth	O	155	44	South China
Zhuang Guangxi	O1b1a1a1a1b1	Resolved	30	243	12.345679	Branch-adaptive depth	O	156	44	South China
Zhuang Guangxi	O1b1a1a1a1b2a1a1a	Resolved	39	243	16.049383	Branch-adaptive depth	O	161	44	South China
Zhuang Guangxi	O1b1a1a1a1b2a1b	Resolved	1	243	0.411523	Branch-adaptive depth	O	164	44	South China
Zhuang Guangxi	O1b1a1a1b1*	Unresolved	2	243	0.823045	Branch-adaptive depth	O	167	44	South China
Zhuang Guangxi	O1b1a1a1b1b	Resolved	1	243	0.411523	Branch-adaptive depth	O	169	44	South China
Zhuang Guangxi	O1b1a1a1b2	Resolved	13	243	5.349794	Branch-adaptive depth	O	171	44	South China
Zhuang Guangxi	O1b1a1b	Resolved	1	243	0.411523	Branch-adaptive depth	O	173	44	South China
Zhuang Guangxi	O2a1a	Resolved	2	243	0.823045	Branch-adaptive depth	O	177	44	South China
Zhuang Guangxi	O2a1b	Resolved	9	243	3.703704	Branch-adaptive depth	O	178	44	South China
Zhuang Guangxi	O2a2a1a1a1	Resolved	2	243	0.823045	Branch-adaptive depth	O	181	44	South China
Zhuang Guangxi	O2a2a1a1b	Resolved	1	243	0.411523	Branch-adaptive depth	O	182	44	South China
Zhuang Guangxi	O2a2a1a2a1a*	Unresolved	1	243	0.411523	Branch-adaptive depth	O	183	44	South China
Zhuang Guangxi	O2a2a1a2a1a1*	Unresolved	5	243	2.057613	Branch-adaptive depth	O	184	44	South China
Zhuang Guangxi	O2a2a1a2a1a1a2a*	Unresolved	2	243	0.823045	Branch-adaptive depth	O	186	44	South China
Zhuang Guangxi	O2a2a1a2a1a1a2a1	Resolved	1	243	0.411523	Branch-adaptive depth	O	187	44	South China
Zhuang Guangxi	O2a2a1a2a1a1a2a2	Resolved	1	243	0.411523	Branch-adaptive depth	O	188	44	South China
Zhuang Guangxi	O2a2a1a2a1a1a2b	Resolved	4	243	1.646091	Branch-adaptive depth	O	189	44	South China
Zhuang Guangxi	O2a2b1*	Unresolved	3	243	1.234568	Branch-adaptive depth	O	197	44	South China
Zhuang Guangxi	O2a2b1a1a1a1	Resolved	2	243	0.823045	Branch-adaptive depth	O	200	44	South China
Zhuang Guangxi	O2a2b1a1a1a2	Resolved	1	243	0.411523	Branch-adaptive depth	O	201	44	South China
Zhuang Guangxi	O2a2b1a1a1a3	Resolved	3	243	1.234568	Branch-adaptive depth	O	202	44	South China
Zhuang Guangxi	O2a2b1a1a1a4a2a1	Resolved	31	243	12.757202	Branch-adaptive depth	O	206	44	South China
Zhuang Guangxi	O2a2b1a1a1c	Resolved	1	243	0.411523	Branch-adaptive depth	O	211	44	South China
Zhuang Guangxi	O2a2b1a2	Resolved	11	243	4.526749	Branch-adaptive depth	O	217	44	South China
Li Hainan	N1b2a	Resolved	1	42	2.380952	Branch-adaptive depth	N	133	45	South China
Li Hainan	O1a	Resolved	8	42	19.047619	Branch-adaptive depth	O	139	45	South China
Li Hainan	O1b1a1a1a1a1a1a1	Resolved	2	42	4.761905	Branch-adaptive depth	O	152	45	South China
Li Hainan	O1b1a1a1a1a1b	Resolved	1	42	2.380952	Branch-adaptive depth	O	155	45	South China
Li Hainan	O1b1a1a1a1b1	Resolved	1	42	2.380952	Branch-adaptive depth	O	156	45	South China
Li Hainan	O1b1a1a1a1b2a1a1*	Unresolved	20	42	47.619048	Branch-adaptive depth	O	160	45	South China
Li Hainan	O2a1b	Resolved	1	42	2.380952	Branch-adaptive depth	O	178	45	South China
Li Hainan	O2a2a1a2a1b	Resolved	3	42	7.142857	Branch-adaptive depth	O	192	45	South China
Li Hainan	O2a2b1a1a1a3	Resolved	2	42	4.761905	Branch-adaptive depth	O	202	45	South China
Li Hainan	O2a2b1a1a1a4a2a1	Resolved	1	42	2.380952	Branch-adaptive depth	O	206	45	South China
Li Hainan	O2a2b1a1a1d	Resolved	1	42	2.380952	Branch-adaptive depth	O	212	45	South China
Li Hainan	O2a2b1a2	Resolved	1	42	2.380952	Branch-adaptive depth	O	217	45	South China
Yao Yunnan	C2b1b	Resolved	1	20	5.0	Branch-adaptive depth	C	26	46	Southwest China
Yao Yunnan	O1a	Resolved	1	20	5.0	Branch-adaptive depth	O	139	46	Southwest China
Yao Yunnan	O1b1a1a1a1a1a1a1	Resolved	11	20	55.0	Branch-adaptive depth	O	152	46	Southwest China
Yao Yunnan	O1b1a1a1a1b1	Resolved	1	20	5.0	Branch-adaptive depth	O	156	46	Southwest China
Yao Yunnan	O1b1a1a1b2	Resolved	1	20	5.0	Branch-adaptive depth	O	171	46	Southwest China
Yao Yunnan	O1b1a2	Resolved	1	20	5.0	Branch-adaptive depth	O	174	46	Southwest China
Yao Yunnan	O2a1a	Resolved	1	20	5.0	Branch-adaptive depth	O	177	46	Southwest China
Yao Yunnan	O2a2a1a2a1a1a1	Resolved	1	20	5.0	Branch-adaptive depth	O	185	46	Southwest China
Yao Yunnan	O2a2b1a1a1e	Resolved	2	20	10.0	Branch-adaptive depth	O	213	46	Southwest China
Blang Yunnan	C2b1b	Resolved	12	41	29.268293	Branch-adaptive depth	C	26	47	Southwest China
Blang Yunnan	F2	Resolved	1	41	2.439024	Branch-adaptive depth	F	62	47	Southwest China
Blang Yunnan	N1a2	Resolved	1	41	2.439024	Branch-adaptive depth	N	124	47	Southwest China
Blang Yunnan	N1b2*	Unresolved	1	41	2.439024	Branch-adaptive depth	N	132	47	Southwest China
Blang Yunnan	O1a	Resolved	2	41	4.878049	Branch-adaptive depth	O	139	47	Southwest China
Blang Yunnan	O1b1a1a1b1a	Resolved	3	41	7.317073	Branch-adaptive depth	O	168	47	Southwest China
Blang Yunnan	O1b1a1a1b1b	Resolved	1	41	2.439024	Branch-adaptive depth	O	169	47	Southwest China
Blang Yunnan	O1b1a1a1b1c	Resolved	8	41	19.512195	Branch-adaptive depth	O	170	47	Southwest China
Blang Yunnan	O1b1a1b	Resolved	7	41	17.073171	Branch-adaptive depth	O	173	47	Southwest China
Blang Yunnan	O2a1b	Resolved	1	41	2.439024	Branch-adaptive depth	O	178	47	Southwest China
Blang Yunnan	O2a2a1a1b	Resolved	1	41	2.439024	Branch-adaptive depth	O	182	47	Southwest China
Blang Yunnan	O2a2b1a1a1a1	Resolved	1	41	2.439024	Branch-adaptive depth	O	200	47	Southwest China
Blang Yunnan	Q1a1a1a*	Unresolved	2	41	4.878049	Branch-adaptive depth	Q	228	47	Southwest China
Va Yunnan	C2b1a2	Resolved	3	24	12.5	Branch-adaptive depth	C	25	48	Southwest China
Va Yunnan	C2b1b	Resolved	2	24	8.333333	Branch-adaptive depth	C	26	48	Southwest China
Va Yunnan	N1b2*	Unresolved	5	24	20.833333	Branch-adaptive depth	N	132	48	Southwest China
Va Yunnan	O1a	Resolved	1	24	4.166667	Branch-adaptive depth	O	139	48	Southwest China
Va Yunnan	O1b1a1a1b1*	Unresolved	1	24	4.166667	Branch-adaptive depth	O	167	48	Southwest China
Va Yunnan	O1b1a1a1b1c	Resolved	6	24	25.0	Branch-adaptive depth	O	170	48	Southwest China
Va Yunnan	O2a2b1a1a1a4a2a*	Unresolved	1	24	4.166667	Branch-adaptive depth	O	205	48	Southwest China
Va Yunnan	O2a2b2a1	Resolved	1	24	4.166667	Branch-adaptive depth	O	218	48	Southwest China
Va Yunnan	O2a2b2a2	Resolved	4	24	16.666667	Branch-adaptive depth	O	219	48	Southwest China
Han Guangdong	C2b2	Resolved	2	130	1.538462	Branch-adaptive depth	C	28	49	South China
Han Guangdong	F*	Unresolved	14	130	10.769231	Branch-adaptive depth	F	60	49	South China
Han Guangdong	F2	Resolved	1	130	0.769231	Branch-adaptive depth	F	62	49	South China
Han Guangdong	N1a2	Resolved	2	130	1.538462	Branch-adaptive depth	N	124	49	South China
Han Guangdong	N1b1b	Resolved	2	130	1.538462	Branch-adaptive depth	N	131	49	South China
Han Guangdong	O1a	Resolved	3	130	2.307692	Branch-adaptive depth	O	139	49	South China
Han Guangdong	O1b1a1a1a1a1a1a1	Resolved	2	130	1.538462	Branch-adaptive depth	O	152	49	South China
Han Guangdong	O1b1a1a1a1a1b	Resolved	1	130	0.769231	Branch-adaptive depth	O	155	49	South China
Han Guangdong	O1b1a1a2	Resolved	4	130	3.076923	Branch-adaptive depth	O	172	49	South China
Han Guangdong	O1b1a1b	Resolved	2	130	1.538462	Branch-adaptive depth	O	173	49	South China
Han Guangdong	O1b1a2	Resolved	3	130	2.307692	Branch-adaptive depth	O	174	49	South China
Han Guangdong	O1b2	Resolved	4	130	3.076923	Branch-adaptive depth	O	175	49	South China
Han Guangdong	O2a1a	Resolved	12	130	9.230769	Branch-adaptive depth	O	177	49	South China
Han Guangdong	O2a1b	Resolved	13	130	10.0	Branch-adaptive depth	O	178	49	South China
Han Guangdong	O2a2a1a1a1	Resolved	15	130	11.538462	Branch-adaptive depth	O	181	49	South China
Han Guangdong	O2a2a1a2a1a*	Unresolved	2	130	1.538462	Branch-adaptive depth	O	183	49	South China
Han Guangdong	O2a2a1a2a1a1*	Unresolved	4	130	3.076923	Branch-adaptive depth	O	184	49	South China
Han Guangdong	O2a2a1a2a1a1a1	Resolved	1	130	0.769231	Branch-adaptive depth	O	185	49	South China
Han Guangdong	O2a2a1a2a1a1a2a*	Unresolved	2	130	1.538462	Branch-adaptive depth	O	186	49	South China
Han Guangdong	O2a2a1a2a1a1a2a2	Resolved	1	130	0.769231	Branch-adaptive depth	O	188	49	South China
Han Guangdong	O2a2a1a2a1a1a2b	Resolved	2	130	1.538462	Branch-adaptive depth	O	189	49	South China
Han Guangdong	O2a2a1a2a1a1b	Resolved	3	130	2.307692	Branch-adaptive depth	O	190	49	South China
Han Guangdong	O2a2a1a2a1b	Resolved	10	130	7.692308	Branch-adaptive depth	O	192	49	South China
Han Guangdong	O2a2a1a2a3	Resolved	1	130	0.769231	Branch-adaptive depth	O	193	49	South China
Han Guangdong	O2a2a2	Resolved	3	130	2.307692	Branch-adaptive depth	O	195	49	South China
Han Guangdong	O2a2b1a1a1a1	Resolved	1	130	0.769231	Branch-adaptive depth	O	200	49	South China
Han Guangdong	O2a2b1a1a1a3	Resolved	2	130	1.538462	Branch-adaptive depth	O	202	49	South China
Han Guangdong	O2a2b1a1a1b	Resolved	2	130	1.538462	Branch-adaptive depth	O	210	49	South China
Han Guangdong	O2a2b1a1a1c	Resolved	3	130	2.307692	Branch-adaptive depth	O	211	49	South China
Han Guangdong	O2a2b1a2	Resolved	10	130	7.692308	Branch-adaptive depth	O	217	49	South China
Han Guangdong	O2a2b2a1	Resolved	2	130	1.538462	Branch-adaptive depth	O	218	49	South China
Han Guangdong	O2b	Resolved	1	130	0.769231	Branch-adaptive depth	O	221	49	South China
Han Henan	C2a	Resolved	1	35	2.857143	Branch-adaptive depth	C	17	50	Central China
Han Henan	C2b1a1a	Resolved	1	35	2.857143	Branch-adaptive depth	C	24	50	Central China
Han Henan	N1a2	Resolved	5	35	14.285714	Branch-adaptive depth	N	124	50	Central China
Han Henan	N1b2*	Unresolved	2	35	5.714286	Branch-adaptive depth	N	132	50	Central China
Han Henan	O1a	Resolved	3	35	8.571429	Branch-adaptive depth	O	139	50	Central China
Han Henan	O1b1a1a1a1a1a1b	Resolved	1	35	2.857143	Branch-adaptive depth	O	154	50	Central China
Han Henan	O1b1a1a1a1b2a1a2	Resolved	1	35	2.857143	Branch-adaptive depth	O	163	50	Central China
Han Henan	O1b1a2	Resolved	1	35	2.857143	Branch-adaptive depth	O	174	50	Central China
Han Henan	O2a1b	Resolved	2	35	5.714286	Branch-adaptive depth	O	178	50	Central China
Han Henan	O2a2a1a1a1	Resolved	1	35	2.857143	Branch-adaptive depth	O	181	50	Central China
Han Henan	O2a2a1a2a1a*	Unresolved	1	35	2.857143	Branch-adaptive depth	O	183	50	Central China
Han Henan	O2a2a1a2a1a1a1	Resolved	5	35	14.285714	Branch-adaptive depth	O	185	50	Central China
Han Henan	O2a2a1a2a1a1a2a1	Resolved	1	35	2.857143	Branch-adaptive depth	O	187	50	Central China
Han Henan	O2a2a1a2a1a1b	Resolved	3	35	8.571429	Branch-adaptive depth	O	190	50	Central China
Han Henan	O2a2b1a1a1a1	Resolved	2	35	5.714286	Branch-adaptive depth	O	200	50	Central China
Han Henan	O2a2b1a1a1b	Resolved	2	35	5.714286	Branch-adaptive depth	O	210	50	Central China
Han Henan	O2a2b1a1b	Resolved	1	35	2.857143	Branch-adaptive depth	O	216	50	Central China
Han Henan	O2a2b2b	Resolved	1	35	2.857143	Branch-adaptive depth	O	220	50	Central China
Han Henan	Q1a1a1a*	Unresolved	1	35	2.857143	Branch-adaptive depth	Q	228	50	Central China
Miao Guizhou	C2b1b	Resolved	1	27	3.703704	Branch-adaptive depth	C	26	51	Southwest China
Miao Guizhou	N1b2*	Unresolved	3	27	11.111111	Branch-adaptive depth	N	132	51	Southwest China
Miao Guizhou	O1b1a1a1a1a1a*	Unresolved	1	27	3.703704	Branch-adaptive depth	O	151	51	Southwest China
Miao Guizhou	O1b1a1a1a1a1a1a2	Resolved	1	27	3.703704	Branch-adaptive depth	O	153	51	Southwest China
Miao Guizhou	O1b1a1a1a1a1b	Resolved	1	27	3.703704	Branch-adaptive depth	O	155	51	Southwest China
Miao Guizhou	O1b1a1a1a1b1	Resolved	1	27	3.703704	Branch-adaptive depth	O	156	51	Southwest China
Miao Guizhou	O1b1a1a1a1b2a1a1a	Resolved	1	27	3.703704	Branch-adaptive depth	O	161	51	Southwest China
Miao Guizhou	O1b1a1a1a2	Resolved	3	27	11.111111	Branch-adaptive depth	O	165	51	Southwest China
Miao Guizhou	O1b1a1a1b1b	Resolved	1	27	3.703704	Branch-adaptive depth	O	169	51	Southwest China
Miao Guizhou	O2a1b	Resolved	2	27	7.407407	Branch-adaptive depth	O	178	51	Southwest China
Miao Guizhou	O2a2a1a2a1a1a2a1	Resolved	9	27	33.333333	Branch-adaptive depth	O	187	51	Southwest China
Miao Guizhou	O2a2a1a2a1a1b	Resolved	1	27	3.703704	Branch-adaptive depth	O	190	51	Southwest China
Miao Guizhou	O2a2b1a1a1a2	Resolved	1	27	3.703704	Branch-adaptive depth	O	201	51	Southwest China
Miao Guizhou	O2a2b1a1a1a3	Resolved	1	27	3.703704	Branch-adaptive depth	O	202	51	Southwest China
Miao Yunnan	C1b1a2	Resolved	1	40	2.5	Branch-adaptive depth	C	16	52	Southwest China
Miao Yunnan	C2a	Resolved	3	40	7.5	Branch-adaptive depth	C	17	52	Southwest China
Miao Yunnan	C2b1a1a	Resolved	1	40	2.5	Branch-adaptive depth	C	24	52	Southwest China
Miao Yunnan	C2b1b	Resolved	6	40	15.0	Branch-adaptive depth	C	26	52	Southwest China
Miao Yunnan	D1a1a1b	Resolved	6	40	15.0	Branch-adaptive depth	D	36	52	Southwest China
Miao Yunnan	N1b2*	Unresolved	3	40	7.5	Branch-adaptive depth	N	132	52	Southwest China
Miao Yunnan	O1b1a1a1a1a1a1a2	Resolved	1	40	2.5	Branch-adaptive depth	O	153	52	Southwest China
Miao Yunnan	O1b1a1a1a1a1b	Resolved	1	40	2.5	Branch-adaptive depth	O	155	52	Southwest China
Miao Yunnan	O1b1a1a1a1b1	Resolved	1	40	2.5	Branch-adaptive depth	O	156	52	Southwest China
Miao Yunnan	O2a2a1a2a1a1a2a1	Resolved	17	40	42.5	Branch-adaptive depth	O	187	52	Southwest China
Han Shandong	N1a1a3	Resolved	1	25	4.0	Branch-adaptive depth	N	123	53	East China
Han Shandong	N1a2	Resolved	2	25	8.0	Branch-adaptive depth	N	124	53	East China
Han Shandong	N1a3	Resolved	1	25	4.0	Branch-adaptive depth	N	128	53	East China
Han Shandong	N1b2*	Unresolved	4	25	16.0	Branch-adaptive depth	N	132	53	East China
Han Shandong	O2a2a1a2a1a1a1	Resolved	9	25	36.0	Branch-adaptive depth	O	185	53	East China
Han Shandong	O2a2a1a2a1a1a2a1	Resolved	2	25	8.0	Branch-adaptive depth	O	187	53	East China
Han Shandong	O2a2a1a2a1a1b	Resolved	6	25	24.0	Branch-adaptive depth	O	190	53	East China
Han Chongqing	F2	Resolved	4	25	16.0	Branch-adaptive depth	F	62	54	Southwest China
Han Chongqing	N1a1a1	Resolved	1	25	4.0	Branch-adaptive depth	N	122	54	Southwest China
Han Chongqing	N1a2	Resolved	2	25	8.0	Branch-adaptive depth	N	124	54	Southwest China
Han Chongqing	N1a3	Resolved	1	25	4.0	Branch-adaptive depth	N	128	54	Southwest China
Han Chongqing	N1b1a	Resolved	2	25	8.0	Branch-adaptive depth	N	130	54	Southwest China
Han Chongqing	N1b2*	Unresolved	10	25	40.0	Branch-adaptive depth	N	132	54	Southwest China
Han Chongqing	N1b2a	Resolved	1	25	4.0	Branch-adaptive depth	N	133	54	Southwest China
Han Chongqing	O2a2a1a2a1a1a1	Resolved	1	25	4.0	Branch-adaptive depth	O	185	54	Southwest China
Han Chongqing	O2a2a1a2a1a1a2a1	Resolved	2	25	8.0	Branch-adaptive depth	O	187	54	Southwest China
Han Chongqing	O2a2a1a2a1b	Resolved	1	25	4.0	Branch-adaptive depth	O	192	54	Southwest China
Hani Yunnan	C2b1a1*	Unresolved	6	241	2.489627	Branch-adaptive depth	C	23	55	Southwest China
Hani Yunnan	C2b1b	Resolved	3	241	1.244813	Branch-adaptive depth	C	26	55	Southwest China
Hani Yunnan	D1a1a1b	Resolved	2	241	0.829876	Branch-adaptive depth	D	36	55	Southwest China
Hani Yunnan	F2	Resolved	26	241	10.788382	Branch-adaptive depth	F	62	55	Southwest China
Hani Yunnan	N1b1*	Unresolved	31	241	12.863071	Branch-adaptive depth	N	129	55	Southwest China
Hani Yunnan	N1b2*	Unresolved	91	241	37.759336	Branch-adaptive depth	N	132	55	Southwest China
Hani Yunnan	O1b1a1a1a1a1a1b	Resolved	10	241	4.149378	Branch-adaptive depth	O	154	55	Southwest China
Hani Yunnan	O1b1a1a1a1a1b	Resolved	2	241	0.829876	Branch-adaptive depth	O	155	55	Southwest China
Hani Yunnan	O1b1a1a1b2	Resolved	1	241	0.414938	Branch-adaptive depth	O	171	55	Southwest China
Hani Yunnan	O1b1a2	Resolved	1	241	0.414938	Branch-adaptive depth	O	174	55	Southwest China
Hani Yunnan	O2a2a1a2a3	Resolved	1	241	0.414938	Branch-adaptive depth	O	193	55	Southwest China
Hani Yunnan	O2a2b1a1a1a1	Resolved	5	241	2.074689	Branch-adaptive depth	O	200	55	Southwest China
Hani Yunnan	O2a2b1a1a1a4a*	Unresolved	2	241	0.829876	Branch-adaptive depth	O	203	55	Southwest China
Hani Yunnan	O2a2b1a1a1a4a2*	Unresolved	1	241	0.414938	Branch-adaptive depth	O	204	55	Southwest China
Hani Yunnan	O2a2b1a2	Resolved	1	241	0.414938	Branch-adaptive depth	O	217	55	Southwest China
Hani Yunnan	Q1a1a1*	Unresolved	58	241	24.06639	Branch-adaptive depth	Q	227	55	Southwest China
Finnish Finland	I	Resolved	10	38	26.315789	Branch-adaptive depth	I	85	56	Oversea
Finnish Finland	J1	Resolved	1	38	2.631579	Branch-adaptive depth	J	100	56	Oversea
Finnish Finland	N1a1a1	Resolved	23	38	60.526316	Branch-adaptive depth	N	122	56	Oversea
Finnish Finland	R1a1a1b1	Resolved	3	38	7.894737	Branch-adaptive depth	R	248	56	Oversea
Finnish Finland	R1b1a1b1a	Resolved	1	38	2.631579	Branch-adaptive depth	R	253	56	Oversea
Uygur Xinjiang	C1b1a1	Resolved	1	26	3.846154	Branch-adaptive depth	C	15	57	Northwest China
Uygur Xinjiang	C2a	Resolved	1	26	3.846154	Branch-adaptive depth	C	17	57	Northwest China
Uygur Xinjiang	F2	Resolved	2	26	7.692308	Branch-adaptive depth	F	62	57	Northwest China
Uygur Xinjiang	G	Resolved	1	26	3.846154	Branch-adaptive depth	G	65	57	Northwest China
Uygur Xinjiang	H	Resolved	1	26	3.846154	Branch-adaptive depth	H	72	57	Northwest China
Uygur Xinjiang	J1	Resolved	1	26	3.846154	Branch-adaptive depth	J	100	57	Northwest China
Uygur Xinjiang	J2	Resolved	3	26	11.538462	Branch-adaptive depth	J	105	57	Northwest China
Uygur Xinjiang	L	Resolved	1	26	3.846154	Branch-adaptive depth	L	113	57	Northwest China
Uygur Xinjiang	N1b2*	Unresolved	1	26	3.846154	Branch-adaptive depth	N	132	57	Northwest China
Uygur Xinjiang	O1a	Resolved	1	26	3.846154	Branch-adaptive depth	O	139	57	Northwest China
Uygur Xinjiang	O1b1a2	Resolved	1	26	3.846154	Branch-adaptive depth	O	174	57	Northwest China
Uygur Xinjiang	O2a2b1a2	Resolved	2	26	7.692308	Branch-adaptive depth	O	217	57	Northwest China
Uygur Xinjiang	R1a1a1b2	Resolved	4	26	15.384615	Branch-adaptive depth	R	249	57	Northwest China
Uygur Xinjiang	R1b1a1b1b	Resolved	2	26	7.692308	Branch-adaptive depth	R	254	57	Northwest China
Uygur Xinjiang	R1b2	Resolved	4	26	15.384615	Branch-adaptive depth	R	257	57	Northwest China
Bengali Bangladesh	C1b1a1	Resolved	3	58	5.172414	Branch-adaptive depth	C	15	58	Oversea
Bengali Bangladesh	C2b1a2	Resolved	1	58	1.724138	Branch-adaptive depth	C	25	58	Oversea
Bengali Bangladesh	H	Resolved	22	58	37.931034	Branch-adaptive depth	H	72	58	Oversea
Bengali Bangladesh	J2	Resolved	7	58	12.068966	Branch-adaptive depth	J	105	58	Oversea
Bengali Bangladesh	L	Resolved	2	58	3.448276	Branch-adaptive depth	L	113	58	Oversea
Bengali Bangladesh	O1b1a1a1b1a	Resolved	2	58	3.448276	Branch-adaptive depth	O	168	58	Oversea
Bengali Bangladesh	O2a2b1a1a1a4a*	Unresolved	1	58	1.724138	Branch-adaptive depth	O	203	58	Oversea
Bengali Bangladesh	O2a2b1a1a1a4a2a2	Resolved	1	58	1.724138	Branch-adaptive depth	O	207	58	Oversea
Bengali Bangladesh	Q1b2	Resolved	2	58	3.448276	Branch-adaptive depth	Q	237	58	Oversea
Bengali Bangladesh	Q2	Resolved	1	58	1.724138	Branch-adaptive depth	Q	239	58	Oversea
Bengali Bangladesh	R1a1a1b2	Resolved	10	58	17.241379	Branch-adaptive depth	R	249	58	Oversea
Bengali Bangladesh	R2a	Resolved	6	58	10.344828	Branch-adaptive depth	R	259	58	Oversea
Gujarati United States	C1b1a1	Resolved	12	56	21.428571	Branch-adaptive depth	C	15	59	Oversea
Gujarati United States	G	Resolved	2	56	3.571429	Branch-adaptive depth	G	65	59	Oversea
Gujarati United States	H	Resolved	11	56	19.642857	Branch-adaptive depth	H	72	59	Oversea
Gujarati United States	J2	Resolved	5	56	8.928571	Branch-adaptive depth	J	105	59	Oversea
Gujarati United States	L	Resolved	5	56	8.928571	Branch-adaptive depth	L	113	59	Oversea
Gujarati United States	R1a1a1b2	Resolved	15	56	26.785714	Branch-adaptive depth	R	249	59	Oversea
Gujarati United States	R1b1a1b1b	Resolved	1	56	1.785714	Branch-adaptive depth	R	254	59	Oversea
Gujarati United States	R2a	Resolved	5	56	8.928571	Branch-adaptive depth	R	259	59	Oversea
Tamil United Kingdom	C1b1a1	Resolved	1	64	1.5625	Branch-adaptive depth	C	15	60	Oversea
Tamil United Kingdom	H	Resolved	16	64	25.0	Branch-adaptive depth	H	72	60	Oversea
Tamil United Kingdom	J2	Resolved	7	64	10.9375	Branch-adaptive depth	J	105	60	Oversea
Tamil United Kingdom	L	Resolved	12	64	18.75	Branch-adaptive depth	L	113	60	Oversea
Tamil United Kingdom	Q1b2	Resolved	3	64	4.6875	Branch-adaptive depth	Q	237	60	Oversea
Tamil United Kingdom	R1a1a1b2	Resolved	21	64	32.8125	Branch-adaptive depth	R	249	60	Oversea
Tamil United Kingdom	R2a	Resolved	4	64	6.25	Branch-adaptive depth	R	259	60	Oversea
Telugu United Kingdom	C1b1a1	Resolved	1	60	1.666667	Branch-adaptive depth	C	15	61	Oversea
Telugu United Kingdom	H	Resolved	16	60	26.666667	Branch-adaptive depth	H	72	61	Oversea
Telugu United Kingdom	J2	Resolved	3	60	5.0	Branch-adaptive depth	J	105	61	Oversea
Telugu United Kingdom	L	Resolved	8	60	13.333333	Branch-adaptive depth	L	113	61	Oversea
Telugu United Kingdom	N1b2b	Resolved	1	60	1.666667	Branch-adaptive depth	N	134	61	Oversea
Telugu United Kingdom	NO	Resolved	1	60	1.666667	Branch-adaptive depth	NO	136	61	Oversea
Telugu United Kingdom	Q2	Resolved	1	60	1.666667	Branch-adaptive depth	Q	239	61	Oversea
Telugu United Kingdom	R1a1a1b2	Resolved	15	60	25.0	Branch-adaptive depth	R	249	61	Oversea
Telugu United Kingdom	R2a	Resolved	14	60	23.333333	Branch-adaptive depth	R	259	61	Oversea
Balochi Pakistan	E1b1b	Resolved	1	22	4.545455	Branch-adaptive depth	E	55	62	Oversea
Balochi Pakistan	H	Resolved	1	22	4.545455	Branch-adaptive depth	H	72	62	Oversea
Balochi Pakistan	J1	Resolved	2	22	9.090909	Branch-adaptive depth	J	100	62	Oversea
Balochi Pakistan	J2	Resolved	2	22	9.090909	Branch-adaptive depth	J	105	62	Oversea
Balochi Pakistan	L	Resolved	4	22	18.181818	Branch-adaptive depth	L	113	62	Oversea
Balochi Pakistan	R1a1a1b2	Resolved	7	22	31.818182	Branch-adaptive depth	R	249	62	Oversea
Balochi Pakistan	R1b1a1b1b	Resolved	2	22	9.090909	Branch-adaptive depth	R	254	62	Oversea
Balochi Pakistan	R2a	Resolved	3	22	13.636364	Branch-adaptive depth	R	259	62	Oversea
Punjabi Pakistan	C1b1a1	Resolved	1	77	1.298701	Branch-adaptive depth	C	15	63	Oversea
Punjabi Pakistan	G	Resolved	9	77	11.688312	Branch-adaptive depth	G	65	63	Oversea
Punjabi Pakistan	H	Resolved	6	77	7.792208	Branch-adaptive depth	H	72	63	Oversea
Punjabi Pakistan	J1	Resolved	1	77	1.298701	Branch-adaptive depth	J	100	63	Oversea
Punjabi Pakistan	J2	Resolved	14	77	18.181818	Branch-adaptive depth	J	105	63	Oversea
Punjabi Pakistan	L	Resolved	4	77	5.194805	Branch-adaptive depth	L	113	63	Oversea
Punjabi Pakistan	Q1a2	Resolved	2	77	2.597403	Branch-adaptive depth	Q	232	63	Oversea
Punjabi Pakistan	Q2	Resolved	2	77	2.597403	Branch-adaptive depth	Q	239	63	Oversea
Punjabi Pakistan	R1a1a1b2	Resolved	27	77	35.064935	Branch-adaptive depth	R	249	63	Oversea
Punjabi Pakistan	R2a	Resolved	11	77	14.285714	Branch-adaptive depth	R	259	63	Oversea
Brahui Pakistan	C1b1a1	Resolved	1	23	4.347826	Branch-adaptive depth	C	15	64	Oversea
Brahui Pakistan	G	Resolved	4	23	17.391304	Branch-adaptive depth	G	65	64	Oversea
Brahui Pakistan	H	Resolved	1	23	4.347826	Branch-adaptive depth	H	72	64	Oversea
Brahui Pakistan	J1	Resolved	3	23	13.043478	Branch-adaptive depth	J	100	64	Oversea
Brahui Pakistan	J2	Resolved	4	23	17.391304	Branch-adaptive depth	J	105	64	Oversea
Brahui Pakistan	L	Resolved	2	23	8.695652	Branch-adaptive depth	L	113	64	Oversea
Brahui Pakistan	R1a1a1b2	Resolved	5	23	21.73913	Branch-adaptive depth	R	249	64	Oversea
Brahui Pakistan	R2a	Resolved	3	23	13.043478	Branch-adaptive depth	R	259	64	Oversea
Bedouin Israel	B	Resolved	1	24	4.166667	Branch-adaptive depth	B	6	65	Oversea
Bedouin Israel	E1b1b	Resolved	3	24	12.5	Branch-adaptive depth	E	55	65	Oversea
Bedouin Israel	G	Resolved	1	24	4.166667	Branch-adaptive depth	G	65	65	Oversea
Bedouin Israel	J1	Resolved	17	24	70.833333	Branch-adaptive depth	J	100	65	Oversea
Bedouin Israel	R1a1a1b1	Resolved	2	24	8.333333	Branch-adaptive depth	R	248	65	Oversea
Peruvian Peru	E1b1b	Resolved	2	51	3.921569	Branch-adaptive depth	E	55	66	Oversea
Peruvian Peru	I	Resolved	1	51	1.960784	Branch-adaptive depth	I	85	66	Oversea
Peruvian Peru	J1	Resolved	4	51	7.843137	Branch-adaptive depth	J	100	66	Oversea
Peruvian Peru	J2	Resolved	1	51	1.960784	Branch-adaptive depth	J	105	66	Oversea
Peruvian Peru	Q1a1a2	Resolved	2	51	3.921569	Branch-adaptive depth	Q	231	66	Oversea
Peruvian Peru	Q1b1	Resolved	28	51	54.901961	Branch-adaptive depth	Q	234	66	Oversea
Peruvian Peru	R1b1a1b1a	Resolved	12	51	23.529412	Branch-adaptive depth	R	253	66	Oversea
Peruvian Peru	R1b1b	Resolved	1	51	1.960784	Branch-adaptive depth	R	256	66	Oversea
Mexican Ancestry California	E1b1a1a1a1c2	Resolved	2	43	4.651163	Branch-adaptive depth	E	48	67	Oversea
Mexican Ancestry California	E1b1b	Resolved	4	43	9.302326	Branch-adaptive depth	E	55	67	Oversea
Mexican Ancestry California	G	Resolved	2	43	4.651163	Branch-adaptive depth	G	65	67	Oversea
Mexican Ancestry California	I	Resolved	2	43	4.651163	Branch-adaptive depth	I	85	67	Oversea
Mexican Ancestry California	Q1b1	Resolved	14	43	32.55814	Branch-adaptive depth	Q	234	67	Oversea
Mexican Ancestry California	R1b1a1b1a	Resolved	18	43	41.860465	Branch-adaptive depth	R	253	67	Oversea
Mexican Ancestry California	T	Resolved	1	43	2.325581	Branch-adaptive depth	T	264	67	Oversea
Colombian Colombia	E1b1a1a1a1c1a	Resolved	1	58	1.724138	Branch-adaptive depth	E	46	68	Oversea
Colombian Colombia	E1b1a1a1a2	Resolved	2	58	3.448276	Branch-adaptive depth	E	51	68	Oversea
Colombian Colombia	E1b1b	Resolved	8	58	13.793103	Branch-adaptive depth	E	55	68	Oversea
Colombian Colombia	I	Resolved	2	58	3.448276	Branch-adaptive depth	I	85	68	Oversea
Colombian Colombia	J1	Resolved	9	58	15.517241	Branch-adaptive depth	J	100	68	Oversea
Colombian Colombia	Q1b1	Resolved	4	58	6.896552	Branch-adaptive depth	Q	234	68	Oversea
Colombian Colombia	R1b1a1b1a	Resolved	29	58	50.0	Branch-adaptive depth	R	253	68	Oversea
Colombian Colombia	R1b1a1b1b	Resolved	1	58	1.724138	Branch-adaptive depth	R	254	68	Oversea
Colombian Colombia	T	Resolved	2	58	3.448276	Branch-adaptive depth	T	264	68	Oversea
Puerto Ricans Puerto Rico	B	Resolved	1	70	1.428571	Branch-adaptive depth	B	6	69	Oversea
Puerto Ricans Puerto Rico	E1a	Resolved	2	70	2.857143	Branch-adaptive depth	E	41	69	Oversea
Puerto Ricans Puerto Rico	E1b1a1a1a1a	Resolved	2	70	2.857143	Branch-adaptive depth	E	45	69	Oversea
Puerto Ricans Puerto Rico	E1b1a1a1a1c1a	Resolved	1	70	1.428571	Branch-adaptive depth	E	46	69	Oversea
Puerto Ricans Puerto Rico	E1b1a1a1a1c1b	Resolved	1	70	1.428571	Branch-adaptive depth	E	47	69	Oversea
Puerto Ricans Puerto Rico	E1b1a1a1a2	Resolved	2	70	2.857143	Branch-adaptive depth	E	51	69	Oversea
Puerto Ricans Puerto Rico	E1b1b	Resolved	14	70	20.0	Branch-adaptive depth	E	55	69	Oversea
Puerto Ricans Puerto Rico	G	Resolved	3	70	4.285714	Branch-adaptive depth	G	65	69	Oversea
Puerto Ricans Puerto Rico	I	Resolved	4	70	5.714286	Branch-adaptive depth	I	85	69	Oversea
Puerto Ricans Puerto Rico	J1	Resolved	1	70	1.428571	Branch-adaptive depth	J	100	69	Oversea
Puerto Ricans Puerto Rico	J2	Resolved	3	70	4.285714	Branch-adaptive depth	J	105	69	Oversea
Puerto Ricans Puerto Rico	R1b1a1b1a	Resolved	31	70	44.285714	Branch-adaptive depth	R	253	69	Oversea
Puerto Ricans Puerto Rico	R1b1a2	Resolved	2	70	2.857143	Branch-adaptive depth	R	255	69	Oversea
Puerto Ricans Puerto Rico	T	Resolved	3	70	4.285714	Branch-adaptive depth	T	264	69	Oversea
Toscani Italy	E1b1b	Resolved	5	58	8.62069	Branch-adaptive depth	E	55	70	Oversea
Toscani Italy	G	Resolved	3	58	5.172414	Branch-adaptive depth	G	65	70	Oversea
Toscani Italy	I	Resolved	3	58	5.172414	Branch-adaptive depth	I	85	70	Oversea
Toscani Italy	J1	Resolved	1	58	1.724138	Branch-adaptive depth	J	100	70	Oversea
Toscani Italy	J2	Resolved	15	58	25.862069	Branch-adaptive depth	J	105	70	Oversea
Toscani Italy	R1a1a1b2	Resolved	2	58	3.448276	Branch-adaptive depth	R	249	70	Oversea
Toscani Italy	R1b1a1b1a	Resolved	25	58	43.103448	Branch-adaptive depth	R	253	70	Oversea
Toscani Italy	R1b1a1b1b	Resolved	1	58	1.724138	Branch-adaptive depth	R	254	70	Oversea
Toscani Italy	T	Resolved	3	58	5.172414	Branch-adaptive depth	T	264	70	Oversea
British England Scotland	I	Resolved	7	45	15.555556	Branch-adaptive depth	I	85	71	Oversea
British England Scotland	J2	Resolved	1	45	2.222222	Branch-adaptive depth	J	105	71	Oversea
British England Scotland	R1a1a1b1	Resolved	4	45	8.888889	Branch-adaptive depth	R	248	71	Oversea
British England Scotland	R1b1a1b1a	Resolved	33	45	73.333333	Branch-adaptive depth	R	253	71	Oversea
Iberian Spain	E1b1b	Resolved	3	81	3.703704	Branch-adaptive depth	E	55	72	Oversea
Iberian Spain	G	Resolved	2	81	2.469136	Branch-adaptive depth	G	65	72	Oversea
Iberian Spain	I	Resolved	4	81	4.938272	Branch-adaptive depth	I	85	72	Oversea
Iberian Spain	J1	Resolved	1	81	1.234568	Branch-adaptive depth	J	100	72	Oversea
Iberian Spain	J2	Resolved	9	81	11.111111	Branch-adaptive depth	J	105	72	Oversea
Iberian Spain	R1a1a1b2	Resolved	1	81	1.234568	Branch-adaptive depth	R	249	72	Oversea
Iberian Spain	R1b1a1b1a	Resolved	58	81	71.604938	Branch-adaptive depth	R	253	72	Oversea
Iberian Spain	R1b1a1b1b	Resolved	1	81	1.234568	Branch-adaptive depth	R	254	72	Oversea
Iberian Spain	T	Resolved	2	81	2.469136	Branch-adaptive depth	T	264	72	Oversea
CEPH United States	E1b1b	Resolved	2	87	2.298851	Branch-adaptive depth	E	55	73	Oversea
CEPH United States	G	Resolved	5	87	5.747126	Branch-adaptive depth	G	65	73	Oversea
CEPH United States	I	Resolved	21	87	24.137931	Branch-adaptive depth	I	85	73	Oversea
CEPH United States	J1	Resolved	1	87	1.149425	Branch-adaptive depth	J	100	73	Oversea
CEPH United States	J2	Resolved	2	87	2.298851	Branch-adaptive depth	J	105	73	Oversea
CEPH United States	R1a1a1a	Resolved	1	87	1.149425	Branch-adaptive depth	R	247	73	Oversea
CEPH United States	R1a1a1b1	Resolved	1	87	1.149425	Branch-adaptive depth	R	248	73	Oversea
CEPH United States	R1b1a1b1a	Resolved	54	87	62.068966	Branch-adaptive depth	R	253	73	Oversea
African Ancestry United States	E1b1a1a1a1a	Resolved	1	33	3.030303	Branch-adaptive depth	E	45	74	Oversea
African Ancestry United States	E1b1a1a1a1c1a	Resolved	8	33	24.242424	Branch-adaptive depth	E	46	74	Oversea
African Ancestry United States	E1b1a1a1a1c1b	Resolved	3	33	9.090909	Branch-adaptive depth	E	47	74	Oversea
African Ancestry United States	E1b1a1a1a2	Resolved	8	33	24.242424	Branch-adaptive depth	E	51	74	Oversea
African Ancestry United States	E1b1b	Resolved	2	33	6.060606	Branch-adaptive depth	E	55	74	Oversea
African Ancestry United States	E2	Resolved	1	33	3.030303	Branch-adaptive depth	E	56	74	Oversea
African Ancestry United States	I	Resolved	3	33	9.090909	Branch-adaptive depth	I	85	74	Oversea
African Ancestry United States	R1b1a1b1a	Resolved	7	33	21.212121	Branch-adaptive depth	R	253	74	Oversea
African Caribbean Barbados	A	Resolved	1	57	1.754386	Branch-adaptive depth	A	1	75	Oversea
African Caribbean Barbados	E1a	Resolved	3	57	5.263158	Branch-adaptive depth	E	41	75	Oversea
African Caribbean Barbados	E1b1a1a1a1a	Resolved	2	57	3.508772	Branch-adaptive depth	E	45	75	Oversea
African Caribbean Barbados	E1b1a1a1a1c1a	Resolved	14	57	24.561404	Branch-adaptive depth	E	46	75	Oversea
African Caribbean Barbados	E1b1a1a1a1c1b	Resolved	4	57	7.017544	Branch-adaptive depth	E	47	75	Oversea
African Caribbean Barbados	E1b1a1a1a2	Resolved	16	57	28.070175	Branch-adaptive depth	E	51	75	Oversea
African Caribbean Barbados	E1b1b	Resolved	3	57	5.263158	Branch-adaptive depth	E	55	75	Oversea
African Caribbean Barbados	I	Resolved	6	57	10.526316	Branch-adaptive depth	I	85	75	Oversea
African Caribbean Barbados	R1b1a1b1a	Resolved	8	57	14.035088	Branch-adaptive depth	R	253	75	Oversea
Gambian Gambia	A	Resolved	7	93	7.526882	Branch-adaptive depth	A	1	76	Oversea
Gambian Gambia	B	Resolved	2	93	2.150538	Branch-adaptive depth	B	6	76	Oversea
Gambian Gambia	E1a	Resolved	22	93	23.655914	Branch-adaptive depth	E	41	76	Oversea
Gambian Gambia	E1b1a1a1a1c1b	Resolved	4	93	4.301075	Branch-adaptive depth	E	47	76	Oversea
Gambian Gambia	E1b1a1a1a1c2	Resolved	34	93	36.55914	Branch-adaptive depth	E	48	76	Oversea
Gambian Gambia	E1b1a1a1a1c4	Resolved	1	93	1.075269	Branch-adaptive depth	E	50	76	Oversea
Gambian Gambia	E1b1a1a1a2	Resolved	12	93	12.903226	Branch-adaptive depth	E	51	76	Oversea
Gambian Gambia	E1b1a1a1a3	Resolved	1	93	1.075269	Branch-adaptive depth	E	52	76	Oversea
Gambian Gambia	E1b1a1a1b	Resolved	1	93	1.075269	Branch-adaptive depth	E	53	76	Oversea
Gambian Gambia	E1b1a1b	Resolved	1	93	1.075269	Branch-adaptive depth	E	54	76	Oversea
Gambian Gambia	E1b1b	Resolved	6	93	6.451613	Branch-adaptive depth	E	55	76	Oversea
Gambian Gambia	E2	Resolved	2	93	2.150538	Branch-adaptive depth	E	56	76	Oversea
Esan Nigeria	E1b1a1a1a1c1a	Resolved	43	83	51.807229	Branch-adaptive depth	E	46	77	Oversea
Esan Nigeria	E1b1a1a1a2	Resolved	40	83	48.192771	Branch-adaptive depth	E	51	77	Oversea
Yoruba Nigeria	B	Resolved	1	105	0.952381	Branch-adaptive depth	B	6	78	Oversea
Yoruba Nigeria	E1a	Resolved	8	105	7.619048	Branch-adaptive depth	E	41	78	Oversea
Yoruba Nigeria	E1b1a1a1a1c1a	Resolved	47	105	44.761905	Branch-adaptive depth	E	46	78	Oversea
Yoruba Nigeria	E1b1a1a1a1c1b	Resolved	2	105	1.904762	Branch-adaptive depth	E	47	78	Oversea
Yoruba Nigeria	E1b1a1a1a2	Resolved	45	105	42.857143	Branch-adaptive depth	E	51	78	Oversea
Yoruba Nigeria	E2	Resolved	2	105	1.904762	Branch-adaptive depth	E	56	78	Oversea
Mende Sierra Leone	B	Resolved	2	50	4.0	Branch-adaptive depth	B	6	79	Oversea
Mende Sierra Leone	E1a	Resolved	3	50	6.0	Branch-adaptive depth	E	41	79	Oversea
Mende Sierra Leone	E1b1a1a1a1c1a	Resolved	5	50	10.0	Branch-adaptive depth	E	46	79	Oversea
Mende Sierra Leone	E1b1a1a1a1c1b	Resolved	8	50	16.0	Branch-adaptive depth	E	47	79	Oversea
Mende Sierra Leone	E1b1a1a1a1c2	Resolved	7	50	14.0	Branch-adaptive depth	E	48	79	Oversea
Mende Sierra Leone	E1b1a1a1a1c3	Resolved	1	50	2.0	Branch-adaptive depth	E	49	79	Oversea
Mende Sierra Leone	E1b1a1a1a2	Resolved	8	50	16.0	Branch-adaptive depth	E	51	79	Oversea
Mende Sierra Leone	E1b1a1b	Resolved	14	50	28.0	Branch-adaptive depth	E	54	79	Oversea
Mende Sierra Leone	G	Resolved	2	50	4.0	Branch-adaptive depth	G	65	79	Oversea
Luhya Kenya	B	Resolved	3	44	6.818182	Branch-adaptive depth	B	6	80	Oversea
Luhya Kenya	E1b1a1a1a1a	Resolved	1	44	2.272727	Branch-adaptive depth	E	45	80	Oversea
Luhya Kenya	E1b1a1a1a1c1a	Resolved	28	44	63.636364	Branch-adaptive depth	E	46	80	Oversea
Luhya Kenya	E1b1a1a1a2	Resolved	7	44	15.909091	Branch-adaptive depth	E	51	80	Oversea
Luhya Kenya	E1b1b	Resolved	3	44	6.818182	Branch-adaptive depth	E	55	80	Oversea
Luhya Kenya	E2	Resolved	2	44	4.545455	Branch-adaptive depth	E	56	80	Oversea
Biaka Central African Republic	B	Resolved	7	24	29.166667	Branch-adaptive depth	B	6	81	Oversea
Biaka Central African Republic	E1b1a1a1a1c1a	Resolved	11	24	45.833333	Branch-adaptive depth	E	46	81	Oversea
Biaka Central African Republic	E1b1a1a1a2	Resolved	6	24	25.0	Branch-adaptive depth	E	51	81	Oversea
Japanese Japan	C1a1a	Resolved	5	76	6.578947	Global uniform depth	C	13	1	Oversea
Japanese Japan	C2a1a	Resolved	1	76	1.315789	Global uniform depth	C	19	1	Oversea
Japanese Japan	C2b1a	Resolved	1	76	1.315789	Global uniform depth	C	22	1	Oversea
Japanese Japan	C2b1b	Resolved	2	76	2.631579	Global uniform depth	C	26	1	Oversea
Japanese Japan	D1a2a	Resolved	22	76	28.947368	Global uniform depth	D	39	1	Oversea
Japanese Japan	D1a2b	Resolved	4	76	5.263158	Global uniform depth	D	40	1	Oversea
Japanese Japan	O1b1a	Resolved	2	76	2.631579	Global uniform depth	O	146	1	Oversea
Japanese Japan	O1b2a	Resolved	25	76	32.894737	Global uniform depth	O	176	1	Oversea
Japanese Japan	O2a1b	Resolved	4	76	5.263158	Global uniform depth	O	178	1	Oversea
Japanese Japan	O2a2a	Resolved	1	76	1.315789	Global uniform depth	O	179	1	Oversea
Japanese Japan	O2a2b	Resolved	9	76	11.842105	Global uniform depth	O	196	1	Oversea
Mongol Liaoning	C2a1a	Resolved	5	29	17.241379	Global uniform depth	C	19	2	Northeast China
Mongol Liaoning	C2b1a	Resolved	6	29	20.689655	Global uniform depth	C	22	2	Northeast China
Mongol Liaoning	E1b1b	Resolved	2	29	6.896552	Global uniform depth	E	55	2	Northeast China
Mongol Liaoning	N1a2b	Resolved	2	29	6.896552	Global uniform depth	N	126	2	Northeast China
Mongol Liaoning	N1b1a	Resolved	2	29	6.896552	Global uniform depth	N	130	2	Northeast China
Mongol Liaoning	O1b1a	Resolved	1	29	3.448276	Global uniform depth	O	146	2	Northeast China
Mongol Liaoning	O1b2a	Resolved	1	29	3.448276	Global uniform depth	O	176	2	Northeast China
Mongol Liaoning	O2a1a	Resolved	1	29	3.448276	Global uniform depth	O	177	2	Northeast China
Mongol Liaoning	O2a1b	Resolved	4	29	13.793103	Global uniform depth	O	178	2	Northeast China
Mongol Liaoning	O2a2a	Resolved	2	29	6.896552	Global uniform depth	O	179	2	Northeast China
Mongol Liaoning	O2a2b	Resolved	2	29	6.896552	Global uniform depth	O	196	2	Northeast China
Mongol Liaoning	R1a1a	Resolved	1	29	3.448276	Global uniform depth	R	246	2	Northeast China
Zang Gansu	D1a1a	Resolved	8	25	32.0	Global uniform depth	D	30	3	Northwest China
Zang Gansu	D1a1b	Resolved	5	25	20.0	Global uniform depth	D	37	3	Northwest China
Zang Gansu	N1a2b	Resolved	1	25	4.0	Global uniform depth	N	126	3	Northwest China
Zang Gansu	O2a1a	Resolved	1	25	4.0	Global uniform depth	O	177	3	Northwest China
Zang Gansu	O2a1b	Resolved	3	25	12.0	Global uniform depth	O	178	3	Northwest China
Zang Gansu	O2a2b	Resolved	5	25	20.0	Global uniform depth	O	196	3	Northwest China
Zang Gansu	Q1a1a	Resolved	1	25	4.0	Global uniform depth	Q	225	3	Northwest China
Zang Gansu	R1a1a	Resolved	1	25	4.0	Global uniform depth	R	246	3	Northwest China
Zang Yunnan	C1b1a	Resolved	1	28	3.571429	Global uniform depth	C	14	4	Southwest China
Zang Yunnan	D1a1a	Resolved	5	28	17.857143	Global uniform depth	D	30	4	Southwest China
Zang Yunnan	D1a1b	Resolved	6	28	21.428571	Global uniform depth	D	37	4	Southwest China
Zang Yunnan	N1a1a	Resolved	1	28	3.571429	Global uniform depth	N	121	4	Southwest China
Zang Yunnan	N1b2*	Unresolved	1	28	3.571429	Global uniform depth	N	132	4	Southwest China
Zang Yunnan	O1b1a	Resolved	1	28	3.571429	Global uniform depth	O	146	4	Southwest China
Zang Yunnan	O2a1a	Resolved	1	28	3.571429	Global uniform depth	O	177	4	Southwest China
Zang Yunnan	O2a2a	Resolved	1	28	3.571429	Global uniform depth	O	179	4	Southwest China
Zang Yunnan	O2a2b	Resolved	7	28	25.0	Global uniform depth	O	196	4	Southwest China
Zang Yunnan	O2b1a	Resolved	1	28	3.571429	Global uniform depth	O	222	4	Southwest China
Zang Yunnan	Q1a1a	Resolved	2	28	7.142857	Global uniform depth	Q	225	4	Southwest China
Zang Yunnan	R1b1a	Resolved	1	28	3.571429	Global uniform depth	R	251	4	Southwest China
Zang Xizang	C2a1a	Resolved	4	442	0.904977	Global uniform depth	C	19	5	Southwest China
Zang Xizang	C2b1a	Resolved	1	442	0.226244	Global uniform depth	C	22	5	Southwest China
Zang Xizang	C2b1b	Resolved	5	442	1.131222	Global uniform depth	C	26	5	Southwest China
Zang Xizang	D1a1*	Unresolved	3	442	0.678733	Global uniform depth	D	29	5	Southwest China
Zang Xizang	D1a1a	Resolved	90	442	20.361991	Global uniform depth	D	30	5	Southwest China
Zang Xizang	D1a1b	Resolved	88	442	19.909502	Global uniform depth	D	37	5	Southwest China
Zang Xizang	E1b1b	Resolved	1	442	0.226244	Global uniform depth	E	55	5	Southwest China
Zang Xizang	H1a2b	Resolved	2	442	0.452489	Global uniform depth	H	76	5	Southwest China
Zang Xizang	J2a1a	Resolved	3	442	0.678733	Global uniform depth	J	107	5	Southwest China
Zang Xizang	J2b2a	Resolved	2	442	0.452489	Global uniform depth	J	111	5	Southwest China
Zang Xizang	N1a1a	Resolved	6	442	1.357466	Global uniform depth	N	121	5	Southwest China
Zang Xizang	N1b1*	Unresolved	2	442	0.452489	Global uniform depth	N	129	5	Southwest China
Zang Xizang	N1b2*	Unresolved	36	442	8.144796	Global uniform depth	N	132	5	Southwest China
Zang Xizang	O1a1a	Resolved	1	442	0.226244	Global uniform depth	O	140	5	Southwest China
Zang Xizang	O2a1b	Resolved	7	442	1.58371	Global uniform depth	O	178	5	Southwest China
Zang Xizang	O2a2a	Resolved	2	442	0.452489	Global uniform depth	O	179	5	Southwest China
Zang Xizang	O2a2b	Resolved	175	442	39.59276	Global uniform depth	O	196	5	Southwest China
Zang Xizang	Q1a1a	Resolved	2	442	0.452489	Global uniform depth	Q	225	5	Southwest China
Zang Xizang	Q1b1b	Resolved	1	442	0.226244	Global uniform depth	Q	236	5	Southwest China
Zang Xizang	Q2a1c	Resolved	1	442	0.226244	Global uniform depth	Q	241	5	Southwest China
Zang Xizang	R1a1a	Resolved	6	442	1.357466	Global uniform depth	R	246	5	Southwest China
Zang Xizang	R1b1a	Resolved	1	442	0.226244	Global uniform depth	R	251	5	Southwest China
Zang Xizang	R1b2b	Resolved	1	442	0.226244	Global uniform depth	R	258	5	Southwest China
Zang Xizang	R2b1*	Unresolved	2	442	0.452489	Global uniform depth	R	262	5	Southwest China
Zang Sichuan	C1b1a	Resolved	1	311	0.321543	Global uniform depth	C	14	6	Southwest China
Zang Sichuan	C2a1a	Resolved	5	311	1.607717	Global uniform depth	C	19	6	Southwest China
Zang Sichuan	C2b1b	Resolved	3	311	0.96463	Global uniform depth	C	26	6	Southwest China
Zang Sichuan	D1a1a	Resolved	43	311	13.826367	Global uniform depth	D	30	6	Southwest China
Zang Sichuan	D1a1b	Resolved	130	311	41.800643	Global uniform depth	D	37	6	Southwest China
Zang Sichuan	I1a10*	Unresolved	1	311	0.321543	Global uniform depth	I	91	6	Southwest China
Zang Sichuan	J2a2a	Resolved	1	311	0.321543	Global uniform depth	J	109	6	Southwest China
Zang Sichuan	N1a1a	Resolved	1	311	0.321543	Global uniform depth	N	121	6	Southwest China
Zang Sichuan	N1b2*	Unresolved	10	311	3.215434	Global uniform depth	N	132	6	Southwest China
Zang Sichuan	O1a1a	Resolved	3	311	0.96463	Global uniform depth	O	140	6	Southwest China
Zang Sichuan	O1b1a	Resolved	3	311	0.96463	Global uniform depth	O	146	6	Southwest China
Zang Sichuan	O1b2a	Resolved	2	311	0.643087	Global uniform depth	O	176	6	Southwest China
Zang Sichuan	O2a1b	Resolved	11	311	3.536977	Global uniform depth	O	178	6	Southwest China
Zang Sichuan	O2a2a	Resolved	5	311	1.607717	Global uniform depth	O	179	6	Southwest China
Zang Sichuan	O2a2b	Resolved	75	311	24.115756	Global uniform depth	O	196	6	Southwest China
Zang Sichuan	Q1a1a	Resolved	2	311	0.643087	Global uniform depth	Q	225	6	Southwest China
Zang Sichuan	Q1b1a	Resolved	1	311	0.321543	Global uniform depth	Q	235	6	Southwest China
Zang Sichuan	R1a1a	Resolved	12	311	3.858521	Global uniform depth	R	246	6	Southwest China
Zang Sichuan	R1b2b	Resolved	1	311	0.321543	Global uniform depth	R	258	6	Southwest China
Zang Sichuan	R2a2b	Resolved	1	311	0.321543	Global uniform depth	R	260	6	Southwest China
Man Heilongjiang	C2a1a	Resolved	6	21	28.571429	Global uniform depth	C	19	7	Northeast China
Man Heilongjiang	C2b1a	Resolved	2	21	9.52381	Global uniform depth	C	22	7	Northeast China
Man Heilongjiang	D1a1b	Resolved	1	21	4.761905	Global uniform depth	D	37	7	Northeast China
Man Heilongjiang	O1b1a	Resolved	2	21	9.52381	Global uniform depth	O	146	7	Northeast China
Man Heilongjiang	O2a1a	Resolved	1	21	4.761905	Global uniform depth	O	177	7	Northeast China
Man Heilongjiang	O2a2b	Resolved	8	21	38.095238	Global uniform depth	O	196	7	Northeast China
Man Heilongjiang	Q1a1a	Resolved	1	21	4.761905	Global uniform depth	Q	225	7	Northeast China
Naxi Yunnan	C2b1a	Resolved	1	36	2.777778	Global uniform depth	C	22	8	Southwest China
Naxi Yunnan	D1a1b	Resolved	2	36	5.555556	Global uniform depth	D	37	8	Southwest China
Naxi Yunnan	N1a1a	Resolved	1	36	2.777778	Global uniform depth	N	121	8	Southwest China
Naxi Yunnan	N1b1*	Unresolved	3	36	8.333333	Global uniform depth	N	129	8	Southwest China
Naxi Yunnan	N1b1b	Resolved	1	36	2.777778	Global uniform depth	N	131	8	Southwest China
Naxi Yunnan	N1b2*	Unresolved	4	36	11.111111	Global uniform depth	N	132	8	Southwest China
Naxi Yunnan	O1a1a	Resolved	1	36	2.777778	Global uniform depth	O	140	8	Southwest China
Naxi Yunnan	O1b1*	Unresolved	1	36	2.777778	Global uniform depth	O	145	8	Southwest China
Naxi Yunnan	O1b1a	Resolved	2	36	5.555556	Global uniform depth	O	146	8	Southwest China
Naxi Yunnan	O2a2b	Resolved	16	36	44.444444	Global uniform depth	O	196	8	Southwest China
Naxi Yunnan	Q1a1a	Resolved	4	36	11.111111	Global uniform depth	Q	225	8	Southwest China
De'ang Yunnan	D1a1a	Resolved	3	39	7.692308	Global uniform depth	D	30	9	Southwest China
De'ang Yunnan	N1b1*	Unresolved	1	39	2.564103	Global uniform depth	N	129	9	Southwest China
De'ang Yunnan	O1b1a	Resolved	13	39	33.333333	Global uniform depth	O	146	9	Southwest China
De'ang Yunnan	O2a2a	Resolved	1	39	2.564103	Global uniform depth	O	179	9	Southwest China
De'ang Yunnan	O2a2b	Resolved	21	39	53.846154	Global uniform depth	O	196	9	Southwest China
Lisu Yunnan	C2b1b	Resolved	3	39	7.692308	Global uniform depth	C	26	10	Southwest China
Lisu Yunnan	F2*	Unresolved	7	39	17.948718	Global uniform depth	F	61	10	Southwest China
Lisu Yunnan	N1b2*	Unresolved	2	39	5.128205	Global uniform depth	N	132	10	Southwest China
Lisu Yunnan	O1b1a	Resolved	6	39	15.384615	Global uniform depth	O	146	10	Southwest China
Lisu Yunnan	O2a2a	Resolved	1	39	2.564103	Global uniform depth	O	179	10	Southwest China
Lisu Yunnan	O2a2b	Resolved	18	39	46.153846	Global uniform depth	O	196	10	Southwest China
Lisu Yunnan	R1b1a	Resolved	2	39	5.128205	Global uniform depth	R	251	10	Southwest China
Jingpo Yunnan	C2b1b	Resolved	1	28	3.571429	Global uniform depth	C	26	11	Southwest China
Jingpo Yunnan	D1a1a	Resolved	1	28	3.571429	Global uniform depth	D	30	11	Southwest China
Jingpo Yunnan	F2*	Unresolved	3	28	10.714286	Global uniform depth	F	61	11	Southwest China
Jingpo Yunnan	O2a2b	Resolved	23	28	82.142857	Global uniform depth	O	196	11	Southwest China
Pumi Yunnan	C2b1b	Resolved	1	39	2.564103	Global uniform depth	C	26	12	Southwest China
Pumi Yunnan	D1a1a	Resolved	2	39	5.128205	Global uniform depth	D	30	12	Southwest China
Pumi Yunnan	D1a1b	Resolved	3	39	7.692308	Global uniform depth	D	37	12	Southwest China
Pumi Yunnan	O1a1a	Resolved	1	39	2.564103	Global uniform depth	O	140	12	Southwest China
Pumi Yunnan	O2a2b	Resolved	32	39	82.051282	Global uniform depth	O	196	12	Southwest China
Achang Yunnan	O1a1a	Resolved	1	26	3.846154	Global uniform depth	O	140	13	Southwest China
Achang Yunnan	O2a2b	Resolved	25	26	96.153846	Global uniform depth	O	196	13	Southwest China
Lahu Yunnan	F2*	Unresolved	17	31	54.83871	Global uniform depth	F	61	14	Southwest China
Lahu Yunnan	O1b1a	Resolved	4	31	12.903226	Global uniform depth	O	146	14	Southwest China
Lahu Yunnan	O2a1b	Resolved	1	31	3.225806	Global uniform depth	O	178	14	Southwest China
Lahu Yunnan	O2a2b	Resolved	9	31	29.032258	Global uniform depth	O	196	14	Southwest China
Yi Yunnan	C1b1a	Resolved	2	174	1.149425	Global uniform depth	C	14	15	Southwest China
Yi Yunnan	C2a1b	Resolved	1	174	0.574713	Global uniform depth	C	20	15	Southwest China
Yi Yunnan	C2b1a	Resolved	4	174	2.298851	Global uniform depth	C	22	15	Southwest China
Yi Yunnan	D1a1a	Resolved	8	174	4.597701	Global uniform depth	D	30	15	Southwest China
Yi Yunnan	F2*	Unresolved	61	174	35.057471	Global uniform depth	F	61	15	Southwest China
Yi Yunnan	N1a1a	Resolved	1	174	0.574713	Global uniform depth	N	121	15	Southwest China
Yi Yunnan	N1b2*	Unresolved	10	174	5.747126	Global uniform depth	N	132	15	Southwest China
Yi Yunnan	O1a1a	Resolved	10	174	5.747126	Global uniform depth	O	140	15	Southwest China
Yi Yunnan	O1a3a	Resolved	1	174	0.574713	Global uniform depth	O	144	15	Southwest China
Yi Yunnan	O1b1a	Resolved	37	174	21.264368	Global uniform depth	O	146	15	Southwest China
Yi Yunnan	O2a1b	Resolved	6	174	3.448276	Global uniform depth	O	178	15	Southwest China
Yi Yunnan	O2a2a	Resolved	4	174	2.298851	Global uniform depth	O	179	15	Southwest China
Yi Yunnan	O2a2b	Resolved	27	174	15.517241	Global uniform depth	O	196	15	Southwest China
Yi Yunnan	O2b1b	Resolved	1	174	0.574713	Global uniform depth	O	223	15	Southwest China
Yi Yunnan	R1a1a	Resolved	1	174	0.574713	Global uniform depth	R	246	15	Southwest China
She Fujian	O1a1a	Resolved	6	21	28.571429	Global uniform depth	O	140	16	East China
She Fujian	O1b1a	Resolved	1	21	4.761905	Global uniform depth	O	146	16	East China
She Fujian	O2a1a	Resolved	1	21	4.761905	Global uniform depth	O	177	16	East China
She Fujian	O2a1b	Resolved	6	21	28.571429	Global uniform depth	O	178	16	East China
She Fujian	O2a2a	Resolved	4	21	19.047619	Global uniform depth	O	179	16	East China
She Fujian	O2a2b	Resolved	3	21	14.285714	Global uniform depth	O	196	16	East China
Han Guizhou	C2b1a	Resolved	3	49	6.122449	Global uniform depth	C	22	17	Southwest China
Han Guizhou	C2b1b	Resolved	3	49	6.122449	Global uniform depth	C	26	17	Southwest China
Han Guizhou	F2*	Unresolved	2	49	4.081633	Global uniform depth	F	61	17	Southwest China
Han Guizhou	N1a*	Unresolved	1	49	2.040816	Global uniform depth	N	120	17	Southwest China
Han Guizhou	N1a1a	Resolved	1	49	2.040816	Global uniform depth	N	121	17	Southwest China
Han Guizhou	N1a2a	Resolved	1	49	2.040816	Global uniform depth	N	125	17	Southwest China
Han Guizhou	N1b1b	Resolved	1	49	2.040816	Global uniform depth	N	131	17	Southwest China
Han Guizhou	N1b2*	Unresolved	2	49	4.081633	Global uniform depth	N	132	17	Southwest China
Han Guizhou	O1a1a	Resolved	11	49	22.44898	Global uniform depth	O	140	17	Southwest China
Han Guizhou	O1b1a	Resolved	6	49	12.244898	Global uniform depth	O	146	17	Southwest China
Han Guizhou	O2a1b	Resolved	7	49	14.285714	Global uniform depth	O	178	17	Southwest China
Han Guizhou	O2a2a	Resolved	4	49	8.163265	Global uniform depth	O	179	17	Southwest China
Han Guizhou	O2a2b	Resolved	6	49	12.244898	Global uniform depth	O	196	17	Southwest China
Han Guizhou	Q1a1a	Resolved	1	49	2.040816	Global uniform depth	Q	225	17	Southwest China
Qiang Sichuan	C2b1a	Resolved	2	44	4.545455	Global uniform depth	C	22	18	Southwest China
Qiang Sichuan	D1a1a	Resolved	6	44	13.636364	Global uniform depth	D	30	18	Southwest China
Qiang Sichuan	D1a1b	Resolved	2	44	4.545455	Global uniform depth	D	37	18	Southwest China
Qiang Sichuan	N1a1a	Resolved	1	44	2.272727	Global uniform depth	N	121	18	Southwest China
Qiang Sichuan	N1a2a	Resolved	3	44	6.818182	Global uniform depth	N	125	18	Southwest China
Qiang Sichuan	N1b1a	Resolved	1	44	2.272727	Global uniform depth	N	130	18	Southwest China
Qiang Sichuan	N1b2*	Unresolved	1	44	2.272727	Global uniform depth	N	132	18	Southwest China
Qiang Sichuan	O1a1a	Resolved	2	44	4.545455	Global uniform depth	O	140	18	Southwest China
Qiang Sichuan	O1b1a	Resolved	8	44	18.181818	Global uniform depth	O	146	18	Southwest China
Qiang Sichuan	O2a1a	Resolved	1	44	2.272727	Global uniform depth	O	177	18	Southwest China
Qiang Sichuan	O2a1b	Resolved	1	44	2.272727	Global uniform depth	O	178	18	Southwest China
Qiang Sichuan	O2a2a	Resolved	2	44	4.545455	Global uniform depth	O	179	18	Southwest China
Qiang Sichuan	O2a2b	Resolved	11	44	25.0	Global uniform depth	O	196	18	Southwest China
Qiang Sichuan	Q1a1a	Resolved	3	44	6.818182	Global uniform depth	Q	225	18	Southwest China
Yi Sichuan	C1b1a	Resolved	5	233	2.145923	Global uniform depth	C	14	19	Southwest China
Yi Sichuan	C2b1a	Resolved	3	233	1.287554	Global uniform depth	C	22	19	Southwest China
Yi Sichuan	C2b1b	Resolved	9	233	3.862661	Global uniform depth	C	26	19	Southwest China
Yi Sichuan	D1a1a	Resolved	40	233	17.167382	Global uniform depth	D	30	19	Southwest China
Yi Sichuan	F2*	Unresolved	14	233	6.008584	Global uniform depth	F	61	19	Southwest China
Yi Sichuan	N1b2*	Unresolved	15	233	6.437768	Global uniform depth	N	132	19	Southwest China
Yi Sichuan	O1a1a	Resolved	12	233	5.150215	Global uniform depth	O	140	19	Southwest China
Yi Sichuan	O1b1a	Resolved	31	233	13.304721	Global uniform depth	O	146	19	Southwest China
Yi Sichuan	O2a1a	Resolved	1	233	0.429185	Global uniform depth	O	177	19	Southwest China
Yi Sichuan	O2a1b	Resolved	17	233	7.296137	Global uniform depth	O	178	19	Southwest China
Yi Sichuan	O2a2a	Resolved	10	233	4.291845	Global uniform depth	O	179	19	Southwest China
Yi Sichuan	O2a2b	Resolved	73	233	31.330472	Global uniform depth	O	196	19	Southwest China
Yi Sichuan	Q1a1a	Resolved	3	233	1.287554	Global uniform depth	Q	225	19	Southwest China
Bai Yunnan	C2a1a	Resolved	1	59	1.694915	Global uniform depth	C	19	20	Southwest China
Bai Yunnan	C2b1a	Resolved	1	59	1.694915	Global uniform depth	C	22	20	Southwest China
Bai Yunnan	D1a1a	Resolved	2	59	3.389831	Global uniform depth	D	30	20	Southwest China
Bai Yunnan	F2*	Unresolved	5	59	8.474576	Global uniform depth	F	61	20	Southwest China
Bai Yunnan	N1a1a	Resolved	1	59	1.694915	Global uniform depth	N	121	20	Southwest China
Bai Yunnan	N1a2a	Resolved	1	59	1.694915	Global uniform depth	N	125	20	Southwest China
Bai Yunnan	N1b1*	Unresolved	2	59	3.389831	Global uniform depth	N	129	20	Southwest China
Bai Yunnan	N1b2*	Unresolved	10	59	16.949153	Global uniform depth	N	132	20	Southwest China
Bai Yunnan	O1a1a	Resolved	6	59	10.169492	Global uniform depth	O	140	20	Southwest China
Bai Yunnan	O1b1a	Resolved	4	59	6.779661	Global uniform depth	O	146	20	Southwest China
Bai Yunnan	O2a1b	Resolved	8	59	13.559322	Global uniform depth	O	178	20	Southwest China
Bai Yunnan	O2a2b	Resolved	16	59	27.118644	Global uniform depth	O	196	20	Southwest China
Bai Yunnan	Q1a1a	Resolved	2	59	3.389831	Global uniform depth	Q	225	20	Southwest China
Han Yunnan	C1b1a	Resolved	2	303	0.660066	Global uniform depth	C	14	21	Southwest China
Han Yunnan	C2a1a	Resolved	3	303	0.990099	Global uniform depth	C	19	21	Southwest China
Han Yunnan	C2b1a	Resolved	14	303	4.620462	Global uniform depth	C	22	21	Southwest China
Han Yunnan	C2b1b	Resolved	8	303	2.640264	Global uniform depth	C	26	21	Southwest China
Han Yunnan	C2b2*	Unresolved	1	303	0.330033	Global uniform depth	C	27	21	Southwest China
Han Yunnan	D1a1a	Resolved	4	303	1.320132	Global uniform depth	D	30	21	Southwest China
Han Yunnan	D1a1b	Resolved	1	303	0.330033	Global uniform depth	D	37	21	Southwest China
Han Yunnan	F2*	Unresolved	35	303	11.551155	Global uniform depth	F	61	21	Southwest China
Han Yunnan	N1a1a	Resolved	2	303	0.660066	Global uniform depth	N	121	21	Southwest China
Han Yunnan	N1a2a	Resolved	3	303	0.990099	Global uniform depth	N	125	21	Southwest China
Han Yunnan	N1a3*	Unresolved	1	303	0.330033	Global uniform depth	N	127	21	Southwest China
Han Yunnan	N1b1*	Unresolved	3	303	0.990099	Global uniform depth	N	129	21	Southwest China
Han Yunnan	N1b1a	Resolved	5	303	1.650165	Global uniform depth	N	130	21	Southwest China
Han Yunnan	N1b1b	Resolved	2	303	0.660066	Global uniform depth	N	131	21	Southwest China
Han Yunnan	N1b2*	Unresolved	16	303	5.280528	Global uniform depth	N	132	21	Southwest China
Han Yunnan	N1b2a	Resolved	2	303	0.660066	Global uniform depth	N	133	21	Southwest China
Han Yunnan	O1a1a	Resolved	26	303	8.580858	Global uniform depth	O	140	21	Southwest China
Han Yunnan	O1a1b	Resolved	1	303	0.330033	Global uniform depth	O	141	21	Southwest China
Han Yunnan	O1a3*	Unresolved	1	303	0.330033	Global uniform depth	O	143	21	Southwest China
Han Yunnan	O1a3a	Resolved	1	303	0.330033	Global uniform depth	O	144	21	Southwest China
Han Yunnan	O1b1*	Unresolved	1	303	0.330033	Global uniform depth	O	145	21	Southwest China
Han Yunnan	O1b1a	Resolved	23	303	7.590759	Global uniform depth	O	146	21	Southwest China
Han Yunnan	O2a1a	Resolved	7	303	2.310231	Global uniform depth	O	177	21	Southwest China
Han Yunnan	O2a1b	Resolved	35	303	11.551155	Global uniform depth	O	178	21	Southwest China
Han Yunnan	O2a2a	Resolved	5	303	1.650165	Global uniform depth	O	179	21	Southwest China
Han Yunnan	O2a2b	Resolved	83	303	27.392739	Global uniform depth	O	196	21	Southwest China
Han Yunnan	O2b1b	Resolved	1	303	0.330033	Global uniform depth	O	223	21	Southwest China
Han Yunnan	Q1a1a	Resolved	12	303	3.960396	Global uniform depth	Q	225	21	Southwest China
Han Yunnan	R1a1a	Resolved	4	303	1.320132	Global uniform depth	R	246	21	Southwest China
Han Yunnan	R1b1a	Resolved	1	303	0.330033	Global uniform depth	R	251	21	Southwest China
Han Sichuan	C1b1a	Resolved	8	1231	0.649878	Global uniform depth	C	14	22	Southwest China
Han Sichuan	C2a1a	Resolved	14	1231	1.137287	Global uniform depth	C	19	22	Southwest China
Han Sichuan	C2b1*	Unresolved	1	1231	0.081235	Global uniform depth	C	21	22	Southwest China
Han Sichuan	C2b1a	Resolved	35	1231	2.843217	Global uniform depth	C	22	22	Southwest China
Han Sichuan	C2b1b	Resolved	60	1231	4.874086	Global uniform depth	C	26	22	Southwest China
Han Sichuan	C2b2*	Unresolved	3	1231	0.243704	Global uniform depth	C	27	22	Southwest China
Han Sichuan	D1a1a	Resolved	35	1231	2.843217	Global uniform depth	D	30	22	Southwest China
Han Sichuan	F2*	Unresolved	3	1231	0.243704	Global uniform depth	F	61	22	Southwest China
Han Sichuan	G1a1a	Resolved	2	1231	0.16247	Global uniform depth	G	67	22	Southwest China
Han Sichuan	J1a2b	Resolved	1	1231	0.081235	Global uniform depth	J	102	22	Southwest China
Han Sichuan	J2a1a	Resolved	2	1231	0.16247	Global uniform depth	J	107	22	Southwest China
Han Sichuan	J2b2a	Resolved	1	1231	0.081235	Global uniform depth	J	111	22	Southwest China
Han Sichuan	N*	Unresolved	1	1231	0.081235	Global uniform depth	N	119	22	Southwest China
Han Sichuan	N1a*	Unresolved	2	1231	0.16247	Global uniform depth	N	120	22	Southwest China
Han Sichuan	N1a1a	Resolved	17	1231	1.380991	Global uniform depth	N	121	22	Southwest China
Han Sichuan	N1a2a	Resolved	12	1231	0.974817	Global uniform depth	N	125	22	Southwest China
Han Sichuan	N1a3*	Unresolved	5	1231	0.406174	Global uniform depth	N	127	22	Southwest China
Han Sichuan	N1b1*	Unresolved	2	1231	0.16247	Global uniform depth	N	129	22	Southwest China
Han Sichuan	N1b1a	Resolved	3	1231	0.243704	Global uniform depth	N	130	22	Southwest China
Han Sichuan	N1b1b	Resolved	5	1231	0.406174	Global uniform depth	N	131	22	Southwest China
Han Sichuan	N1b2*	Unresolved	91	1231	7.392364	Global uniform depth	N	132	22	Southwest China
Han Sichuan	N1b2a	Resolved	6	1231	0.487409	Global uniform depth	N	133	22	Southwest China
Han Sichuan	NO*	Unresolved	1	1231	0.081235	Global uniform depth	NO	135	22	Southwest China
Han Sichuan	O1a*	Unresolved	1	1231	0.081235	Global uniform depth	O	138	22	Southwest China
Han Sichuan	O1a1a	Resolved	128	1231	10.39805	Global uniform depth	O	140	22	Southwest China
Han Sichuan	O1a1b	Resolved	2	1231	0.16247	Global uniform depth	O	141	22	Southwest China
Han Sichuan	O1a2a	Resolved	5	1231	0.406174	Global uniform depth	O	142	22	Southwest China
Han Sichuan	O1a3*	Unresolved	1	1231	0.081235	Global uniform depth	O	143	22	Southwest China
Han Sichuan	O1a3a	Resolved	1	1231	0.081235	Global uniform depth	O	144	22	Southwest China
Han Sichuan	O1b1a	Resolved	140	1231	11.372868	Global uniform depth	O	146	22	Southwest China
Han Sichuan	O1b2a	Resolved	2	1231	0.16247	Global uniform depth	O	176	22	Southwest China
Han Sichuan	O2a1a	Resolved	47	1231	3.818034	Global uniform depth	O	177	22	Southwest China
Han Sichuan	O2a1b	Resolved	152	1231	12.347685	Global uniform depth	O	178	22	Southwest China
Han Sichuan	O2a2a	Resolved	59	1231	4.792851	Global uniform depth	O	179	22	Southwest China
Han Sichuan	O2a2b	Resolved	329	1231	26.726239	Global uniform depth	O	196	22	Southwest China
Han Sichuan	O2b1a	Resolved	7	1231	0.568643	Global uniform depth	O	222	22	Southwest China
Han Sichuan	O2b1b	Resolved	1	1231	0.081235	Global uniform depth	O	223	22	Southwest China
Han Sichuan	O2b2*	Unresolved	1	1231	0.081235	Global uniform depth	O	224	22	Southwest China
Han Sichuan	Q1a1a	Resolved	36	1231	2.924452	Global uniform depth	Q	225	22	Southwest China
Han Sichuan	Q2a1a	Resolved	1	1231	0.081235	Global uniform depth	Q	240	22	Southwest China
Han Sichuan	R1a1a	Resolved	8	1231	0.649878	Global uniform depth	R	246	22	Southwest China
Han Beijing	C2b1a	Resolved	3	51	5.882353	Global uniform depth	C	22	23	North China
Han Beijing	F*	Unresolved	1	51	1.960784	Global uniform depth	F	60	23	North China
Han Beijing	G2a2b	Resolved	1	51	1.960784	Global uniform depth	G	70	23	North China
Han Beijing	N1a2a	Resolved	1	51	1.960784	Global uniform depth	N	125	23	North China
Han Beijing	N1b1a	Resolved	3	51	5.882353	Global uniform depth	N	130	23	North China
Han Beijing	N1b1b	Resolved	1	51	1.960784	Global uniform depth	N	131	23	North China
Han Beijing	N1b2*	Unresolved	2	51	3.921569	Global uniform depth	N	132	23	North China
Han Beijing	N1b2a	Resolved	1	51	1.960784	Global uniform depth	N	133	23	North China
Han Beijing	O1a1a	Resolved	4	51	7.843137	Global uniform depth	O	140	23	North China
Han Beijing	O1a1b	Resolved	1	51	1.960784	Global uniform depth	O	141	23	North China
Han Beijing	O1b1a	Resolved	5	51	9.803922	Global uniform depth	O	146	23	North China
Han Beijing	O1b2a	Resolved	2	51	3.921569	Global uniform depth	O	176	23	North China
Han Beijing	O2a1a	Resolved	2	51	3.921569	Global uniform depth	O	177	23	North China
Han Beijing	O2a1b	Resolved	5	51	9.803922	Global uniform depth	O	178	23	North China
Han Beijing	O2a2a	Resolved	3	51	5.882353	Global uniform depth	O	179	23	North China
Han Beijing	O2a2b	Resolved	15	51	29.411765	Global uniform depth	O	196	23	North China
Han Beijing	R1b1a	Resolved	1	51	1.960784	Global uniform depth	R	251	23	North China
Han Guangxi	C2b1a	Resolved	3	338	0.887574	Global uniform depth	C	22	24	South China
Han Guangxi	C2b1b	Resolved	1	338	0.295858	Global uniform depth	C	26	24	South China
Han Guangxi	C2b2*	Unresolved	2	338	0.591716	Global uniform depth	C	27	24	South China
Han Guangxi	D1a1a	Resolved	15	338	4.43787	Global uniform depth	D	30	24	South China
Han Guangxi	F*	Unresolved	3	338	0.887574	Global uniform depth	F	60	24	South China
Han Guangxi	N1a1a	Resolved	1	338	0.295858	Global uniform depth	N	121	24	South China
Han Guangxi	N1a2a	Resolved	1	338	0.295858	Global uniform depth	N	125	24	South China
Han Guangxi	N1b1a	Resolved	3	338	0.887574	Global uniform depth	N	130	24	South China
Han Guangxi	N1b1b	Resolved	3	338	0.887574	Global uniform depth	N	131	24	South China
Han Guangxi	N1b2*	Unresolved	8	338	2.366864	Global uniform depth	N	132	24	South China
Han Guangxi	N1b2a	Resolved	3	338	0.887574	Global uniform depth	N	133	24	South China
Han Guangxi	O1a1a	Resolved	49	338	14.497041	Global uniform depth	O	140	24	South China
Han Guangxi	O1a2a	Resolved	2	338	0.591716	Global uniform depth	O	142	24	South China
Han Guangxi	O1b1*	Unresolved	1	338	0.295858	Global uniform depth	O	145	24	South China
Han Guangxi	O1b1a	Resolved	85	338	25.147929	Global uniform depth	O	146	24	South China
Han Guangxi	O2a1a	Resolved	9	338	2.662722	Global uniform depth	O	177	24	South China
Han Guangxi	O2a1b	Resolved	31	338	9.171598	Global uniform depth	O	178	24	South China
Han Guangxi	O2a2a	Resolved	25	338	7.39645	Global uniform depth	O	179	24	South China
Han Guangxi	O2a2b	Resolved	85	338	25.147929	Global uniform depth	O	196	24	South China
Han Guangxi	O2b1a	Resolved	2	338	0.591716	Global uniform depth	O	222	24	South China
Han Guangxi	O2b2*	Unresolved	2	338	0.591716	Global uniform depth	O	224	24	South China
Han Guangxi	Q1a1a	Resolved	3	338	0.887574	Global uniform depth	Q	225	24	South China
Han Guangxi	Q1a2a	Resolved	1	338	0.295858	Global uniform depth	Q	233	24	South China
Tujia Guizhou	C2b1a	Resolved	4	44	9.090909	Global uniform depth	C	22	25	Southwest China
Tujia Guizhou	N1b1b	Resolved	1	44	2.272727	Global uniform depth	N	131	25	Southwest China
Tujia Guizhou	N1b2*	Unresolved	2	44	4.545455	Global uniform depth	N	132	25	Southwest China
Tujia Guizhou	O1a1a	Resolved	5	44	11.363636	Global uniform depth	O	140	25	Southwest China
Tujia Guizhou	O1b1a	Resolved	8	44	18.181818	Global uniform depth	O	146	25	Southwest China
Tujia Guizhou	O2a1a	Resolved	1	44	2.272727	Global uniform depth	O	177	25	Southwest China
Tujia Guizhou	O2a1b	Resolved	4	44	9.090909	Global uniform depth	O	178	25	Southwest China
Tujia Guizhou	O2a2a	Resolved	1	44	2.272727	Global uniform depth	O	179	25	Southwest China
Tujia Guizhou	O2a2b	Resolved	18	44	40.909091	Global uniform depth	O	196	25	Southwest China
Tujia Hunan	C2b1a	Resolved	1	24	4.166667	Global uniform depth	C	22	26	Central China
Tujia Hunan	C2b1b	Resolved	2	24	8.333333	Global uniform depth	C	26	26	Central China
Tujia Hunan	O1a1a	Resolved	3	24	12.5	Global uniform depth	O	140	26	Central China
Tujia Hunan	O1b1a	Resolved	4	24	16.666667	Global uniform depth	O	146	26	Central China
Tujia Hunan	O2a1b	Resolved	2	24	8.333333	Global uniform depth	O	178	26	Central China
Tujia Hunan	O2a2a	Resolved	2	24	8.333333	Global uniform depth	O	179	26	Central China
Tujia Hunan	O2a2b	Resolved	8	24	33.333333	Global uniform depth	O	196	26	Central China
Tujia Hunan	Q1a1a	Resolved	2	24	8.333333	Global uniform depth	Q	225	26	Central China
Tujia Sichuan	C2b1a	Resolved	2	27	7.407407	Global uniform depth	C	22	27	Southwest China
Tujia Sichuan	C2b1b	Resolved	2	27	7.407407	Global uniform depth	C	26	27	Southwest China
Tujia Sichuan	D1a1a	Resolved	1	27	3.703704	Global uniform depth	D	30	27	Southwest China
Tujia Sichuan	O1a1a	Resolved	2	27	7.407407	Global uniform depth	O	140	27	Southwest China
Tujia Sichuan	O1b1a	Resolved	4	27	14.814815	Global uniform depth	O	146	27	Southwest China
Tujia Sichuan	O2a1b	Resolved	4	27	14.814815	Global uniform depth	O	178	27	Southwest China
Tujia Sichuan	O2a2a	Resolved	3	27	11.111111	Global uniform depth	O	179	27	Southwest China
Tujia Sichuan	O2a2b	Resolved	8	27	29.62963	Global uniform depth	O	196	27	Southwest China
Tujia Sichuan	Q1a1a	Resolved	1	27	3.703704	Global uniform depth	Q	225	27	Southwest China
Tujia Hubei	C2b1b	Resolved	7	34	20.588235	Global uniform depth	C	26	28	Central China
Tujia Hubei	N1b2*	Unresolved	1	34	2.941176	Global uniform depth	N	132	28	Central China
Tujia Hubei	O1a1a	Resolved	5	34	14.705882	Global uniform depth	O	140	28	Central China
Tujia Hubei	O1a1b	Resolved	1	34	2.941176	Global uniform depth	O	141	28	Central China
Tujia Hubei	O1b1a	Resolved	4	34	11.764706	Global uniform depth	O	146	28	Central China
Tujia Hubei	O2a1b	Resolved	5	34	14.705882	Global uniform depth	O	178	28	Central China
Tujia Hubei	O2a2a	Resolved	1	34	2.941176	Global uniform depth	O	179	28	Central China
Tujia Hubei	O2a2b	Resolved	10	34	29.411765	Global uniform depth	O	196	28	Central China
Tujia Chongqing	C2a1a	Resolved	1	52	1.923077	Global uniform depth	C	19	29	Southwest China
Tujia Chongqing	C2b1a	Resolved	1	52	1.923077	Global uniform depth	C	22	29	Southwest China
Tujia Chongqing	C2b1b	Resolved	13	52	25.0	Global uniform depth	C	26	29	Southwest China
Tujia Chongqing	D1a1a	Resolved	3	52	5.769231	Global uniform depth	D	30	29	Southwest China
Tujia Chongqing	N1a2a	Resolved	2	52	3.846154	Global uniform depth	N	125	29	Southwest China
Tujia Chongqing	N1b2*	Unresolved	4	52	7.692308	Global uniform depth	N	132	29	Southwest China
Tujia Chongqing	O1a1a	Resolved	6	52	11.538462	Global uniform depth	O	140	29	Southwest China
Tujia Chongqing	O1b1a	Resolved	4	52	7.692308	Global uniform depth	O	146	29	Southwest China
Tujia Chongqing	O2a1a	Resolved	1	52	1.923077	Global uniform depth	O	177	29	Southwest China
Tujia Chongqing	O2a1b	Resolved	2	52	3.846154	Global uniform depth	O	178	29	Southwest China
Tujia Chongqing	O2a2a	Resolved	2	52	3.846154	Global uniform depth	O	179	29	Southwest China
Tujia Chongqing	O2a2b	Resolved	9	52	17.307692	Global uniform depth	O	196	29	Southwest China
Tujia Chongqing	Q1a1a	Resolved	3	52	5.769231	Global uniform depth	Q	225	29	Southwest China
Tujia Chongqing	R2b1a	Resolved	1	52	1.923077	Global uniform depth	R	263	29	Southwest China
Man Jilin	C2a1a	Resolved	4	33	12.121212	Global uniform depth	C	19	30	Northeast China
Man Jilin	C2b1a	Resolved	3	33	9.090909	Global uniform depth	C	22	30	Northeast China
Man Jilin	C2b1b	Resolved	1	33	3.030303	Global uniform depth	C	26	30	Northeast China
Man Jilin	N1a2a	Resolved	2	33	6.060606	Global uniform depth	N	125	30	Northeast China
Man Jilin	N1a2b	Resolved	1	33	3.030303	Global uniform depth	N	126	30	Northeast China
Man Jilin	N1b1a	Resolved	1	33	3.030303	Global uniform depth	N	130	30	Northeast China
Man Jilin	O1a1a	Resolved	4	33	12.121212	Global uniform depth	O	140	30	Northeast China
Man Jilin	O1b1a	Resolved	1	33	3.030303	Global uniform depth	O	146	30	Northeast China
Man Jilin	O1b2a	Resolved	2	33	6.060606	Global uniform depth	O	176	30	Northeast China
Man Jilin	O2a1a	Resolved	2	33	6.060606	Global uniform depth	O	177	30	Northeast China
Man Jilin	O2a1b	Resolved	2	33	6.060606	Global uniform depth	O	178	30	Northeast China
Man Jilin	O2a2a	Resolved	1	33	3.030303	Global uniform depth	O	179	30	Northeast China
Man Jilin	O2a2b	Resolved	7	33	21.212121	Global uniform depth	O	196	30	Northeast China
Man Jilin	O2b1a	Resolved	2	33	6.060606	Global uniform depth	O	222	30	Northeast China
Mongol Inner Mongolia	C2a1a	Resolved	13	93	13.978495	Global uniform depth	C	19	31	North China
Mongol Inner Mongolia	C2b1a	Resolved	7	93	7.526882	Global uniform depth	C	22	31	North China
Mongol Inner Mongolia	D1a1a	Resolved	1	93	1.075269	Global uniform depth	D	30	31	North China
Mongol Inner Mongolia	D1a1b	Resolved	1	93	1.075269	Global uniform depth	D	37	31	North China
Mongol Inner Mongolia	E1b1b	Resolved	4	93	4.301075	Global uniform depth	E	55	31	North China
Mongol Inner Mongolia	J2a1a	Resolved	1	93	1.075269	Global uniform depth	J	107	31	North China
Mongol Inner Mongolia	J2a2a	Resolved	1	93	1.075269	Global uniform depth	J	109	31	North China
Mongol Inner Mongolia	N1a1a	Resolved	2	93	2.150538	Global uniform depth	N	121	31	North China
Mongol Inner Mongolia	N1a2a	Resolved	4	93	4.301075	Global uniform depth	N	125	31	North China
Mongol Inner Mongolia	N1a2b	Resolved	2	93	2.150538	Global uniform depth	N	126	31	North China
Mongol Inner Mongolia	N1a3*	Unresolved	1	93	1.075269	Global uniform depth	N	127	31	North China
Mongol Inner Mongolia	N1b2*	Unresolved	1	93	1.075269	Global uniform depth	N	132	31	North China
Mongol Inner Mongolia	O1a1a	Resolved	2	93	2.150538	Global uniform depth	O	140	31	North China
Mongol Inner Mongolia	O1a2a	Resolved	1	93	1.075269	Global uniform depth	O	142	31	North China
Mongol Inner Mongolia	O1b1a	Resolved	1	93	1.075269	Global uniform depth	O	146	31	North China
Mongol Inner Mongolia	O2a1b	Resolved	19	93	20.430108	Global uniform depth	O	178	31	North China
Mongol Inner Mongolia	O2a2a	Resolved	2	93	2.150538	Global uniform depth	O	179	31	North China
Mongol Inner Mongolia	O2a2b	Resolved	21	93	22.580645	Global uniform depth	O	196	31	North China
Mongol Inner Mongolia	Q1a1a	Resolved	2	93	2.150538	Global uniform depth	Q	225	31	North China
Mongol Inner Mongolia	Q1b1a	Resolved	2	93	2.150538	Global uniform depth	Q	235	31	North China
Mongol Inner Mongolia	R1a1a	Resolved	2	93	2.150538	Global uniform depth	R	246	31	North China
Mongol Inner Mongolia	R1b1a	Resolved	3	93	3.225806	Global uniform depth	R	251	31	North China
Han Shaanxi	C1b1a	Resolved	2	671	0.298063	Global uniform depth	C	14	32	Northwest China
Han Shaanxi	C2a1a	Resolved	46	671	6.85544	Global uniform depth	C	19	32	Northwest China
Han Shaanxi	C2b1*	Unresolved	1	671	0.149031	Global uniform depth	C	21	32	Northwest China
Han Shaanxi	C2b1a	Resolved	26	671	3.874814	Global uniform depth	C	22	32	Northwest China
Han Shaanxi	C2b1b	Resolved	10	671	1.490313	Global uniform depth	C	26	32	Northwest China
Han Shaanxi	D1a1a	Resolved	13	671	1.937407	Global uniform depth	D	30	32	Northwest China
Han Shaanxi	D1a1b	Resolved	7	671	1.043219	Global uniform depth	D	37	32	Northwest China
Han Shaanxi	E1b1b	Resolved	6	671	0.894188	Global uniform depth	E	55	32	Northwest China
Han Shaanxi	F2*	Unresolved	1	671	0.149031	Global uniform depth	F	61	32	Northwest China
Han Shaanxi	G1a1a	Resolved	1	671	0.149031	Global uniform depth	G	67	32	Northwest China
Han Shaanxi	G2a2b	Resolved	1	671	0.149031	Global uniform depth	G	70	32	Northwest China
Han Shaanxi	J2a1a	Resolved	4	671	0.596125	Global uniform depth	J	107	32	Northwest China
Han Shaanxi	J2a2a	Resolved	1	671	0.149031	Global uniform depth	J	109	32	Northwest China
Han Shaanxi	N1a*	Unresolved	8	671	1.19225	Global uniform depth	N	120	32	Northwest China
Han Shaanxi	N1a1a	Resolved	8	671	1.19225	Global uniform depth	N	121	32	Northwest China
Han Shaanxi	N1a2a	Resolved	20	671	2.980626	Global uniform depth	N	125	32	Northwest China
Han Shaanxi	N1a3*	Unresolved	4	671	0.596125	Global uniform depth	N	127	32	Northwest China
Han Shaanxi	N1b1*	Unresolved	2	671	0.298063	Global uniform depth	N	129	32	Northwest China
Han Shaanxi	N1b1a	Resolved	4	671	0.596125	Global uniform depth	N	130	32	Northwest China
Han Shaanxi	N1b1b	Resolved	3	671	0.447094	Global uniform depth	N	131	32	Northwest China
Han Shaanxi	N1b2*	Unresolved	27	671	4.023845	Global uniform depth	N	132	32	Northwest China
Han Shaanxi	O1a1a	Resolved	20	671	2.980626	Global uniform depth	O	140	32	Northwest China
Han Shaanxi	O1a1b	Resolved	1	671	0.149031	Global uniform depth	O	141	32	Northwest China
Han Shaanxi	O1a3*	Unresolved	1	671	0.149031	Global uniform depth	O	143	32	Northwest China
Han Shaanxi	O1a3a	Resolved	2	671	0.298063	Global uniform depth	O	144	32	Northwest China
Han Shaanxi	O1b1a	Resolved	40	671	5.961252	Global uniform depth	O	146	32	Northwest China
Han Shaanxi	O1b2a	Resolved	4	671	0.596125	Global uniform depth	O	176	32	Northwest China
Han Shaanxi	O2a1a	Resolved	9	671	1.341282	Global uniform depth	O	177	32	Northwest China
Han Shaanxi	O2a1b	Resolved	120	671	17.883756	Global uniform depth	O	178	32	Northwest China
Han Shaanxi	O2a2a	Resolved	17	671	2.533532	Global uniform depth	O	179	32	Northwest China
Han Shaanxi	O2a2b	Resolved	191	671	28.464978	Global uniform depth	O	196	32	Northwest China
Han Shaanxi	O2b1a	Resolved	3	671	0.447094	Global uniform depth	O	222	32	Northwest China
Han Shaanxi	O2b1b	Resolved	1	671	0.149031	Global uniform depth	O	223	32	Northwest China
Han Shaanxi	Q1a1a	Resolved	45	671	6.706408	Global uniform depth	Q	225	32	Northwest China
Han Shaanxi	Q1a2a	Resolved	1	671	0.149031	Global uniform depth	Q	233	32	Northwest China
Han Shaanxi	Q1b1a	Resolved	2	671	0.298063	Global uniform depth	Q	235	32	Northwest China
Han Shaanxi	R1a1a	Resolved	16	671	2.384501	Global uniform depth	R	246	32	Northwest China
Han Shaanxi	R1b*	Unresolved	1	671	0.149031	Global uniform depth	R	250	32	Northwest China
Han Shaanxi	R1b1a	Resolved	1	671	0.149031	Global uniform depth	R	251	32	Northwest China
Han Shaanxi	R2a2b	Resolved	1	671	0.149031	Global uniform depth	R	260	32	Northwest China
Han Gansu	C2a1a	Resolved	16	309	5.177994	Global uniform depth	C	19	33	Northwest China
Han Gansu	C2b1a	Resolved	14	309	4.530744	Global uniform depth	C	22	33	Northwest China
Han Gansu	C2b1b	Resolved	5	309	1.618123	Global uniform depth	C	26	33	Northwest China
Han Gansu	D1a1a	Resolved	10	309	3.236246	Global uniform depth	D	30	33	Northwest China
Han Gansu	D1a1b	Resolved	5	309	1.618123	Global uniform depth	D	37	33	Northwest China
Han Gansu	E1b1a	Resolved	2	309	0.647249	Global uniform depth	E	44	33	Northwest China
Han Gansu	G2a2a	Resolved	1	309	0.323625	Global uniform depth	G	69	33	Northwest China
Han Gansu	G2a2b	Resolved	1	309	0.323625	Global uniform depth	G	70	33	Northwest China
Han Gansu	J1a2b	Resolved	4	309	1.294498	Global uniform depth	J	102	33	Northwest China
Han Gansu	J2a1a	Resolved	2	309	0.647249	Global uniform depth	J	107	33	Northwest China
Han Gansu	J2a2a	Resolved	1	309	0.323625	Global uniform depth	J	109	33	Northwest China
Han Gansu	N1a*	Unresolved	3	309	0.970874	Global uniform depth	N	120	33	Northwest China
Han Gansu	N1a1a	Resolved	5	309	1.618123	Global uniform depth	N	121	33	Northwest China
Han Gansu	N1a2a	Resolved	8	309	2.588997	Global uniform depth	N	125	33	Northwest China
Han Gansu	N1a2b	Resolved	1	309	0.323625	Global uniform depth	N	126	33	Northwest China
Han Gansu	N1a3*	Unresolved	3	309	0.970874	Global uniform depth	N	127	33	Northwest China
Han Gansu	N1b1a	Resolved	3	309	0.970874	Global uniform depth	N	130	33	Northwest China
Han Gansu	N1b2*	Unresolved	7	309	2.265372	Global uniform depth	N	132	33	Northwest China
Han Gansu	O1*	Unresolved	2	309	0.647249	Global uniform depth	O	137	33	Northwest China
Han Gansu	O1a1a	Resolved	9	309	2.912621	Global uniform depth	O	140	33	Northwest China
Han Gansu	O1a1b	Resolved	1	309	0.323625	Global uniform depth	O	141	33	Northwest China
Han Gansu	O1a3a	Resolved	2	309	0.647249	Global uniform depth	O	144	33	Northwest China
Han Gansu	O1b1a	Resolved	18	309	5.825243	Global uniform depth	O	146	33	Northwest China
Han Gansu	O2a1a	Resolved	5	309	1.618123	Global uniform depth	O	177	33	Northwest China
Han Gansu	O2a1b	Resolved	47	309	15.210356	Global uniform depth	O	178	33	Northwest China
Han Gansu	O2a2a	Resolved	18	309	5.825243	Global uniform depth	O	179	33	Northwest China
Han Gansu	O2a2b	Resolved	90	309	29.126214	Global uniform depth	O	196	33	Northwest China
Han Gansu	O2b1a	Resolved	5	309	1.618123	Global uniform depth	O	222	33	Northwest China
Han Gansu	Q1a1a	Resolved	6	309	1.941748	Global uniform depth	Q	225	33	Northwest China
Han Gansu	Q1b1a	Resolved	1	309	0.323625	Global uniform depth	Q	235	33	Northwest China
Han Gansu	Q2b2a	Resolved	1	309	0.323625	Global uniform depth	Q	244	33	Northwest China
Han Gansu	R1a1a	Resolved	8	309	2.588997	Global uniform depth	R	246	33	Northwest China
Han Gansu	R1b*	Unresolved	1	309	0.323625	Global uniform depth	R	250	33	Northwest China
Han Gansu	R1b1a	Resolved	3	309	0.970874	Global uniform depth	R	251	33	Northwest China
Han Gansu	R1b2b	Resolved	1	309	0.323625	Global uniform depth	R	258	33	Northwest China
Man Shandong	C2a1a	Resolved	2	20	10.0	Global uniform depth	C	19	34	East China
Man Shandong	C2a1b	Resolved	1	20	5.0	Global uniform depth	C	20	34	East China
Man Shandong	C2b1a	Resolved	1	20	5.0	Global uniform depth	C	22	34	East China
Man Shandong	C2b1b	Resolved	1	20	5.0	Global uniform depth	C	26	34	East China
Man Shandong	N1a2a	Resolved	1	20	5.0	Global uniform depth	N	125	34	East China
Man Shandong	O1a1a	Resolved	1	20	5.0	Global uniform depth	O	140	34	East China
Man Shandong	O1b1a	Resolved	2	20	10.0	Global uniform depth	O	146	34	East China
Man Shandong	O2a1b	Resolved	3	20	15.0	Global uniform depth	O	178	34	East China
Man Shandong	O2a2b	Resolved	6	20	30.0	Global uniform depth	O	196	34	East China
Man Shandong	Q1a1a	Resolved	1	20	5.0	Global uniform depth	Q	225	34	East China
Man Shandong	R1b2b	Resolved	1	20	5.0	Global uniform depth	R	258	34	East China
Man Beijing	C2a1a	Resolved	7	38	18.421053	Global uniform depth	C	19	35	North China
Man Beijing	C2b1a	Resolved	3	38	7.894737	Global uniform depth	C	22	35	North China
Man Beijing	N1a2a	Resolved	1	38	2.631579	Global uniform depth	N	125	35	North China
Man Beijing	N1b2*	Unresolved	1	38	2.631579	Global uniform depth	N	132	35	North China
Man Beijing	O1a1a	Resolved	5	38	13.157895	Global uniform depth	O	140	35	North China
Man Beijing	O1b1a	Resolved	3	38	7.894737	Global uniform depth	O	146	35	North China
Man Beijing	O2a1b	Resolved	5	38	13.157895	Global uniform depth	O	178	35	North China
Man Beijing	O2a2b	Resolved	13	38	34.210526	Global uniform depth	O	196	35	North China
Man Liaoning	C2a1*	Unresolved	1	83	1.204819	Global uniform depth	C	18	36	Northeast China
Man Liaoning	C2a1a	Resolved	14	83	16.86747	Global uniform depth	C	19	36	Northeast China
Man Liaoning	C2a1b	Resolved	3	83	3.614458	Global uniform depth	C	20	36	Northeast China
Man Liaoning	C2b1a	Resolved	4	83	4.819277	Global uniform depth	C	22	36	Northeast China
Man Liaoning	C2b1b	Resolved	2	83	2.409639	Global uniform depth	C	26	36	Northeast China
Man Liaoning	D1a1a	Resolved	1	83	1.204819	Global uniform depth	D	30	36	Northeast China
Man Liaoning	E1b1b	Resolved	1	83	1.204819	Global uniform depth	E	55	36	Northeast China
Man Liaoning	N1a1a	Resolved	2	83	2.409639	Global uniform depth	N	121	36	Northeast China
Man Liaoning	N1a2a	Resolved	1	83	1.204819	Global uniform depth	N	125	36	Northeast China
Man Liaoning	N1a3*	Unresolved	1	83	1.204819	Global uniform depth	N	127	36	Northeast China
Man Liaoning	N1b1*	Unresolved	1	83	1.204819	Global uniform depth	N	129	36	Northeast China
Man Liaoning	N1b1a	Resolved	2	83	2.409639	Global uniform depth	N	130	36	Northeast China
Man Liaoning	N1b2*	Unresolved	1	83	1.204819	Global uniform depth	N	132	36	Northeast China
Man Liaoning	O1a1a	Resolved	1	83	1.204819	Global uniform depth	O	140	36	Northeast China
Man Liaoning	O1a3a	Resolved	1	83	1.204819	Global uniform depth	O	144	36	Northeast China
Man Liaoning	O1b1a	Resolved	3	83	3.614458	Global uniform depth	O	146	36	Northeast China
Man Liaoning	O1b2a	Resolved	3	83	3.614458	Global uniform depth	O	176	36	Northeast China
Man Liaoning	O2a1a	Resolved	1	83	1.204819	Global uniform depth	O	177	36	Northeast China
Man Liaoning	O2a1b	Resolved	8	83	9.638554	Global uniform depth	O	178	36	Northeast China
Man Liaoning	O2a2a	Resolved	3	83	3.614458	Global uniform depth	O	179	36	Northeast China
Man Liaoning	O2a2b	Resolved	27	83	32.53012	Global uniform depth	O	196	36	Northeast China
Man Liaoning	Q1b1a	Resolved	1	83	1.204819	Global uniform depth	Q	235	36	Northeast China
Man Liaoning	R1a1a	Resolved	1	83	1.204819	Global uniform depth	R	246	36	Northeast China
Man Hebei	C2a1a	Resolved	2	22	9.090909	Global uniform depth	C	19	37	North China
Man Hebei	J2a1a	Resolved	1	22	4.545455	Global uniform depth	J	107	37	North China
Man Hebei	N1a2a	Resolved	1	22	4.545455	Global uniform depth	N	125	37	North China
Man Hebei	O1a3a	Resolved	1	22	4.545455	Global uniform depth	O	144	37	North China
Man Hebei	O1b1a	Resolved	1	22	4.545455	Global uniform depth	O	146	37	North China
Man Hebei	O1b2a	Resolved	1	22	4.545455	Global uniform depth	O	176	37	North China
Man Hebei	O2a1b	Resolved	3	22	13.636364	Global uniform depth	O	178	37	North China
Man Hebei	O2a2b	Resolved	9	22	40.909091	Global uniform depth	O	196	37	North China
Man Hebei	Q1a1a	Resolved	2	22	9.090909	Global uniform depth	Q	225	37	North China
Man Hebei	R1a1a	Resolved	1	22	4.545455	Global uniform depth	R	246	37	North China
Hui Gansu	C2a1a	Resolved	5	36	13.888889	Global uniform depth	C	19	38	Northwest China
Hui Gansu	C2b1a	Resolved	1	36	2.777778	Global uniform depth	C	22	38	Northwest China
Hui Gansu	C2b1b	Resolved	1	36	2.777778	Global uniform depth	C	26	38	Northwest China
Hui Gansu	D1a1a	Resolved	1	36	2.777778	Global uniform depth	D	30	38	Northwest China
Hui Gansu	G2a2b	Resolved	1	36	2.777778	Global uniform depth	G	70	38	Northwest China
Hui Gansu	H1a1a	Resolved	1	36	2.777778	Global uniform depth	H	73	38	Northwest China
Hui Gansu	J2a1a	Resolved	1	36	2.777778	Global uniform depth	J	107	38	Northwest China
Hui Gansu	N1a*	Unresolved	1	36	2.777778	Global uniform depth	N	120	38	Northwest China
Hui Gansu	O1b1a	Resolved	1	36	2.777778	Global uniform depth	O	146	38	Northwest China
Hui Gansu	O2a1b	Resolved	4	36	11.111111	Global uniform depth	O	178	38	Northwest China
Hui Gansu	O2a2b	Resolved	8	36	22.222222	Global uniform depth	O	196	38	Northwest China
Hui Gansu	Q1b1a	Resolved	1	36	2.777778	Global uniform depth	Q	235	38	Northwest China
Hui Gansu	Q1b2a	Resolved	1	36	2.777778	Global uniform depth	Q	238	38	Northwest China
Hui Gansu	Q2a2*	Unresolved	1	36	2.777778	Global uniform depth	Q	242	38	Northwest China
Hui Gansu	R1a1a	Resolved	5	36	13.888889	Global uniform depth	R	246	38	Northwest China
Hui Gansu	R1b1a	Resolved	3	36	8.333333	Global uniform depth	R	251	38	Northwest China
Hui Shandong	C2a1a	Resolved	1	24	4.166667	Global uniform depth	C	19	39	East China
Hui Shandong	C2b1a	Resolved	1	24	4.166667	Global uniform depth	C	22	39	East China
Hui Shandong	C2b1b	Resolved	1	24	4.166667	Global uniform depth	C	26	39	East China
Hui Shandong	D1a1a	Resolved	1	24	4.166667	Global uniform depth	D	30	39	East China
Hui Shandong	J2a1a	Resolved	1	24	4.166667	Global uniform depth	J	107	39	East China
Hui Shandong	N1a2a	Resolved	1	24	4.166667	Global uniform depth	N	125	39	East China
Hui Shandong	N1a2b	Resolved	1	24	4.166667	Global uniform depth	N	126	39	East China
Hui Shandong	O1a1a	Resolved	2	24	8.333333	Global uniform depth	O	140	39	East China
Hui Shandong	O1a1b	Resolved	1	24	4.166667	Global uniform depth	O	141	39	East China
Hui Shandong	O1b1a	Resolved	1	24	4.166667	Global uniform depth	O	146	39	East China
Hui Shandong	O2a1b	Resolved	3	24	12.5	Global uniform depth	O	178	39	East China
Hui Shandong	O2a2a	Resolved	1	24	4.166667	Global uniform depth	O	179	39	East China
Hui Shandong	O2a2b	Resolved	2	24	8.333333	Global uniform depth	O	196	39	East China
Hui Shandong	Q1a1a	Resolved	2	24	8.333333	Global uniform depth	Q	225	39	East China
Hui Shandong	R1a1a	Resolved	3	24	12.5	Global uniform depth	R	246	39	East China
Hui Shandong	R2b1*	Unresolved	1	24	4.166667	Global uniform depth	R	262	39	East China
Hui Shandong	T1a3b	Resolved	1	24	4.166667	Global uniform depth	T	267	39	East China
Sui Guizhou	O1a1a	Resolved	11	35	31.428571	Global uniform depth	O	140	40	Southwest China
Sui Guizhou	O1b1a	Resolved	16	35	45.714286	Global uniform depth	O	146	40	Southwest China
Sui Guizhou	O2a2a	Resolved	7	35	20.0	Global uniform depth	O	179	40	Southwest China
Sui Guizhou	O2a2b	Resolved	1	35	2.857143	Global uniform depth	O	196	40	Southwest China
Yao Guangxi	C1b1a	Resolved	2	20	10.0	Global uniform depth	C	14	41	South China
Yao Guangxi	D1a1a	Resolved	1	20	5.0	Global uniform depth	D	30	41	South China
Yao Guangxi	N1b2a	Resolved	1	20	5.0	Global uniform depth	N	133	41	South China
Yao Guangxi	O1a1a	Resolved	4	20	20.0	Global uniform depth	O	140	41	South China
Yao Guangxi	O1b1a	Resolved	7	20	35.0	Global uniform depth	O	146	41	South China
Yao Guangxi	O2a1b	Resolved	2	20	10.0	Global uniform depth	O	178	41	South China
Yao Guangxi	O2a2a	Resolved	2	20	10.0	Global uniform depth	O	179	41	South China
Yao Guangxi	O2a2b	Resolved	1	20	5.0	Global uniform depth	O	196	41	South China
Kinh Vietnam	C2b1b	Resolved	1	60	1.666667	Global uniform depth	C	26	42	Oversea
Kinh Vietnam	F4*	Unresolved	1	60	1.666667	Global uniform depth	F	63	42	Oversea
Kinh Vietnam	N1a2a	Resolved	1	60	1.666667	Global uniform depth	N	125	42	Oversea
Kinh Vietnam	N1b2a	Resolved	1	60	1.666667	Global uniform depth	N	133	42	Oversea
Kinh Vietnam	O1a1a	Resolved	4	60	6.666667	Global uniform depth	O	140	42	Oversea
Kinh Vietnam	O1b1a	Resolved	20	60	33.333333	Global uniform depth	O	146	42	Oversea
Kinh Vietnam	O2a1a	Resolved	3	60	5.0	Global uniform depth	O	177	42	Oversea
Kinh Vietnam	O2a1b	Resolved	4	60	6.666667	Global uniform depth	O	178	42	Oversea
Kinh Vietnam	O2a2a	Resolved	9	60	15.0	Global uniform depth	O	179	42	Oversea
Kinh Vietnam	O2a2b	Resolved	11	60	18.333333	Global uniform depth	O	196	42	Oversea
Kinh Vietnam	O2b1b	Resolved	1	60	1.666667	Global uniform depth	O	223	42	Oversea
Kinh Vietnam	Q1a1a	Resolved	4	60	6.666667	Global uniform depth	Q	225	42	Oversea
Dai Yunnan	C1b1a	Resolved	1	77	1.298701	Global uniform depth	C	14	43	Southwest China
Dai Yunnan	C2b1b	Resolved	1	77	1.298701	Global uniform depth	C	26	43	Southwest China
Dai Yunnan	F2*	Unresolved	2	77	2.597403	Global uniform depth	F	61	43	Southwest China
Dai Yunnan	O1a1a	Resolved	9	77	11.688312	Global uniform depth	O	140	43	Southwest China
Dai Yunnan	O1b1a	Resolved	33	77	42.857143	Global uniform depth	O	146	43	Southwest China
Dai Yunnan	O2a1b	Resolved	2	77	2.597403	Global uniform depth	O	178	43	Southwest China
Dai Yunnan	O2a2a	Resolved	4	77	5.194805	Global uniform depth	O	179	43	Southwest China
Dai Yunnan	O2a2b	Resolved	24	77	31.168831	Global uniform depth	O	196	43	Southwest China
Dai Yunnan	Q1a1a	Resolved	1	77	1.298701	Global uniform depth	Q	225	43	Southwest China
Zhuang Guangxi	C1b1a	Resolved	3	243	1.234568	Global uniform depth	C	14	44	South China
Zhuang Guangxi	C2b1a	Resolved	4	243	1.646091	Global uniform depth	C	22	44	South China
Zhuang Guangxi	C2b1b	Resolved	1	243	0.411523	Global uniform depth	C	26	44	South China
Zhuang Guangxi	D1a1a	Resolved	5	243	2.057613	Global uniform depth	D	30	44	South China
Zhuang Guangxi	F2*	Unresolved	1	243	0.411523	Global uniform depth	F	61	44	South China
Zhuang Guangxi	N1a1a	Resolved	1	243	0.411523	Global uniform depth	N	121	44	South China
Zhuang Guangxi	N1a3*	Unresolved	1	243	0.411523	Global uniform depth	N	127	44	South China
Zhuang Guangxi	N1b2a	Resolved	5	243	2.057613	Global uniform depth	N	133	44	South China
Zhuang Guangxi	O1a1a	Resolved	23	243	9.465021	Global uniform depth	O	140	44	South China
Zhuang Guangxi	O1b1a	Resolved	119	243	48.971193	Global uniform depth	O	146	44	South China
Zhuang Guangxi	O2a1a	Resolved	2	243	0.823045	Global uniform depth	O	177	44	South China
Zhuang Guangxi	O2a1b	Resolved	9	243	3.703704	Global uniform depth	O	178	44	South China
Zhuang Guangxi	O2a2a	Resolved	17	243	6.995885	Global uniform depth	O	179	44	South China
Zhuang Guangxi	O2a2b	Resolved	52	243	21.399177	Global uniform depth	O	196	44	South China
Li Hainan	N1b2a	Resolved	1	42	2.380952	Global uniform depth	N	133	45	South China
Li Hainan	O1a1a	Resolved	7	42	16.666667	Global uniform depth	O	140	45	South China
Li Hainan	O1a2a	Resolved	1	42	2.380952	Global uniform depth	O	142	45	South China
Li Hainan	O1b1a	Resolved	24	42	57.142857	Global uniform depth	O	146	45	South China
Li Hainan	O2a1b	Resolved	1	42	2.380952	Global uniform depth	O	178	45	South China
Li Hainan	O2a2a	Resolved	3	42	7.142857	Global uniform depth	O	179	45	South China
Li Hainan	O2a2b	Resolved	5	42	11.904762	Global uniform depth	O	196	45	South China
Yao Yunnan	C2b1b	Resolved	1	20	5.0	Global uniform depth	C	26	46	Southwest China
Yao Yunnan	O1a1a	Resolved	1	20	5.0	Global uniform depth	O	140	46	Southwest China
Yao Yunnan	O1b1a	Resolved	14	20	70.0	Global uniform depth	O	146	46	Southwest China
Yao Yunnan	O2a1a	Resolved	1	20	5.0	Global uniform depth	O	177	46	Southwest China
Yao Yunnan	O2a2a	Resolved	1	20	5.0	Global uniform depth	O	179	46	Southwest China
Yao Yunnan	O2a2b	Resolved	2	20	10.0	Global uniform depth	O	196	46	Southwest China
Blang Yunnan	C2b1b	Resolved	12	41	29.268293	Global uniform depth	C	26	47	Southwest China
Blang Yunnan	F2*	Unresolved	1	41	2.439024	Global uniform depth	F	61	47	Southwest China
Blang Yunnan	N1a2a	Resolved	1	41	2.439024	Global uniform depth	N	125	47	Southwest China
Blang Yunnan	N1b2*	Unresolved	1	41	2.439024	Global uniform depth	N	132	47	Southwest China
Blang Yunnan	O1a1a	Resolved	2	41	4.878049	Global uniform depth	O	140	47	Southwest China
Blang Yunnan	O1b1a	Resolved	19	41	46.341463	Global uniform depth	O	146	47	Southwest China
Blang Yunnan	O2a1b	Resolved	1	41	2.439024	Global uniform depth	O	178	47	Southwest China
Blang Yunnan	O2a2a	Resolved	1	41	2.439024	Global uniform depth	O	179	47	Southwest China
Blang Yunnan	O2a2b	Resolved	1	41	2.439024	Global uniform depth	O	196	47	Southwest China
Blang Yunnan	Q1a1a	Resolved	2	41	4.878049	Global uniform depth	Q	225	47	Southwest China
Va Yunnan	C2b1a	Resolved	3	24	12.5	Global uniform depth	C	22	48	Southwest China
Va Yunnan	C2b1b	Resolved	2	24	8.333333	Global uniform depth	C	26	48	Southwest China
Va Yunnan	N1b2*	Unresolved	5	24	20.833333	Global uniform depth	N	132	48	Southwest China
Va Yunnan	O1a1a	Resolved	1	24	4.166667	Global uniform depth	O	140	48	Southwest China
Va Yunnan	O1b1a	Resolved	7	24	29.166667	Global uniform depth	O	146	48	Southwest China
Va Yunnan	O2a2b	Resolved	6	24	25.0	Global uniform depth	O	196	48	Southwest China
Han Guangdong	C2b2*	Unresolved	2	130	1.538462	Global uniform depth	C	27	49	South China
Han Guangdong	F*	Unresolved	14	130	10.769231	Global uniform depth	F	60	49	South China
Han Guangdong	F2*	Unresolved	1	130	0.769231	Global uniform depth	F	61	49	South China
Han Guangdong	N1a2a	Resolved	2	130	1.538462	Global uniform depth	N	125	49	South China
Han Guangdong	N1b1b	Resolved	2	130	1.538462	Global uniform depth	N	131	49	South China
Han Guangdong	O1a1a	Resolved	3	130	2.307692	Global uniform depth	O	140	49	South China
Han Guangdong	O1b1a	Resolved	12	130	9.230769	Global uniform depth	O	146	49	South China
Han Guangdong	O1b2a	Resolved	4	130	3.076923	Global uniform depth	O	176	49	South China
Han Guangdong	O2a1a	Resolved	12	130	9.230769	Global uniform depth	O	177	49	South China
Han Guangdong	O2a1b	Resolved	13	130	10.0	Global uniform depth	O	178	49	South China
Han Guangdong	O2a2a	Resolved	44	130	33.846154	Global uniform depth	O	179	49	South China
Han Guangdong	O2a2b	Resolved	20	130	15.384615	Global uniform depth	O	196	49	South China
Han Guangdong	O2b1a	Resolved	1	130	0.769231	Global uniform depth	O	222	49	South China
Han Henan	C2a1a	Resolved	1	35	2.857143	Global uniform depth	C	19	50	Central China
Han Henan	C2b1a	Resolved	1	35	2.857143	Global uniform depth	C	22	50	Central China
Han Henan	N1a2a	Resolved	5	35	14.285714	Global uniform depth	N	125	50	Central China
Han Henan	N1b2*	Unresolved	2	35	5.714286	Global uniform depth	N	132	50	Central China
Han Henan	O1a1a	Resolved	3	35	8.571429	Global uniform depth	O	140	50	Central China
Han Henan	O1b1a	Resolved	3	35	8.571429	Global uniform depth	O	146	50	Central China
Han Henan	O2a1b	Resolved	2	35	5.714286	Global uniform depth	O	178	50	Central China
Han Henan	O2a2a	Resolved	11	35	31.428571	Global uniform depth	O	179	50	Central China
Han Henan	O2a2b	Resolved	6	35	17.142857	Global uniform depth	O	196	50	Central China
Han Henan	Q1a1a	Resolved	1	35	2.857143	Global uniform depth	Q	225	50	Central China
Miao Guizhou	C2b1b	Resolved	1	27	3.703704	Global uniform depth	C	26	51	Southwest China
Miao Guizhou	N1b2*	Unresolved	3	27	11.111111	Global uniform depth	N	132	51	Southwest China
Miao Guizhou	O1b1a	Resolved	9	27	33.333333	Global uniform depth	O	146	51	Southwest China
Miao Guizhou	O2a1b	Resolved	2	27	7.407407	Global uniform depth	O	178	51	Southwest China
Miao Guizhou	O2a2a	Resolved	10	27	37.037037	Global uniform depth	O	179	51	Southwest China
Miao Guizhou	O2a2b	Resolved	2	27	7.407407	Global uniform depth	O	196	51	Southwest China
Miao Yunnan	C1b1a	Resolved	1	40	2.5	Global uniform depth	C	14	52	Southwest China
Miao Yunnan	C2a1a	Resolved	3	40	7.5	Global uniform depth	C	19	52	Southwest China
Miao Yunnan	C2b1a	Resolved	1	40	2.5	Global uniform depth	C	22	52	Southwest China
Miao Yunnan	C2b1b	Resolved	6	40	15.0	Global uniform depth	C	26	52	Southwest China
Miao Yunnan	D1a1a	Resolved	6	40	15.0	Global uniform depth	D	30	52	Southwest China
Miao Yunnan	N1b2*	Unresolved	3	40	7.5	Global uniform depth	N	132	52	Southwest China
Miao Yunnan	O1b1a	Resolved	3	40	7.5	Global uniform depth	O	146	52	Southwest China
Miao Yunnan	O2a2a	Resolved	17	40	42.5	Global uniform depth	O	179	52	Southwest China
Han Shandong	N1a1a	Resolved	1	25	4.0	Global uniform depth	N	121	53	East China
Han Shandong	N1a2a	Resolved	2	25	8.0	Global uniform depth	N	125	53	East China
Han Shandong	N1a3*	Unresolved	1	25	4.0	Global uniform depth	N	127	53	East China
Han Shandong	N1b2*	Unresolved	4	25	16.0	Global uniform depth	N	132	53	East China
Han Shandong	O2a2a	Resolved	17	25	68.0	Global uniform depth	O	179	53	East China
Han Chongqing	F2*	Unresolved	4	25	16.0	Global uniform depth	F	61	54	Southwest China
Han Chongqing	N1a1a	Resolved	1	25	4.0	Global uniform depth	N	121	54	Southwest China
Han Chongqing	N1a2a	Resolved	2	25	8.0	Global uniform depth	N	125	54	Southwest China
Han Chongqing	N1a3*	Unresolved	1	25	4.0	Global uniform depth	N	127	54	Southwest China
Han Chongqing	N1b1a	Resolved	2	25	8.0	Global uniform depth	N	130	54	Southwest China
Han Chongqing	N1b2*	Unresolved	10	25	40.0	Global uniform depth	N	132	54	Southwest China
Han Chongqing	N1b2a	Resolved	1	25	4.0	Global uniform depth	N	133	54	Southwest China
Han Chongqing	O2a2a	Resolved	4	25	16.0	Global uniform depth	O	179	54	Southwest China
Hani Yunnan	C2b1a	Resolved	6	241	2.489627	Global uniform depth	C	22	55	Southwest China
Hani Yunnan	C2b1b	Resolved	3	241	1.244813	Global uniform depth	C	26	55	Southwest China
Hani Yunnan	D1a1a	Resolved	2	241	0.829876	Global uniform depth	D	30	55	Southwest China
Hani Yunnan	F2*	Unresolved	26	241	10.788382	Global uniform depth	F	61	55	Southwest China
Hani Yunnan	N1b1*	Unresolved	31	241	12.863071	Global uniform depth	N	129	55	Southwest China
Hani Yunnan	N1b2*	Unresolved	91	241	37.759336	Global uniform depth	N	132	55	Southwest China
Hani Yunnan	O1b1a	Resolved	14	241	5.809129	Global uniform depth	O	146	55	Southwest China
Hani Yunnan	O2a2a	Resolved	1	241	0.414938	Global uniform depth	O	179	55	Southwest China
Hani Yunnan	O2a2b	Resolved	9	241	3.73444	Global uniform depth	O	196	55	Southwest China
Hani Yunnan	Q1a1a	Resolved	58	241	24.06639	Global uniform depth	Q	225	55	Southwest China
Finnish Finland	I1a1b	Resolved	8	38	21.052632	Global uniform depth	I	86	56	Oversea
Finnish Finland	I1a2b	Resolved	1	38	2.631579	Global uniform depth	I	88	56	Oversea
Finnish Finland	I2a1a	Resolved	1	38	2.631579	Global uniform depth	I	96	56	Oversea
Finnish Finland	J1a2a	Resolved	1	38	2.631579	Global uniform depth	J	101	56	Oversea
Finnish Finland	N1a1a	Resolved	23	38	60.526316	Global uniform depth	N	121	56	Oversea
Finnish Finland	R1a1a	Resolved	3	38	7.894737	Global uniform depth	R	246	56	Oversea
Finnish Finland	R1b1a	Resolved	1	38	2.631579	Global uniform depth	R	251	56	Oversea
Uygur Xinjiang	C1b1a	Resolved	1	26	3.846154	Global uniform depth	C	14	57	Northwest China
Uygur Xinjiang	C2a1a	Resolved	1	26	3.846154	Global uniform depth	C	19	57	Northwest China
Uygur Xinjiang	F2*	Unresolved	2	26	7.692308	Global uniform depth	F	61	57	Northwest China
Uygur Xinjiang	G2a1a	Resolved	1	26	3.846154	Global uniform depth	G	68	57	Northwest China
Uygur Xinjiang	H1a2b	Resolved	1	26	3.846154	Global uniform depth	H	76	57	Northwest China
Uygur Xinjiang	J1a2a	Resolved	1	26	3.846154	Global uniform depth	J	101	57	Northwest China
Uygur Xinjiang	J2a1a	Resolved	1	26	3.846154	Global uniform depth	J	107	57	Northwest China
Uygur Xinjiang	J2a2a	Resolved	2	26	7.692308	Global uniform depth	J	109	57	Northwest China
Uygur Xinjiang	L1a2a	Resolved	1	26	3.846154	Global uniform depth	L	118	57	Northwest China
Uygur Xinjiang	N1b2*	Unresolved	1	26	3.846154	Global uniform depth	N	132	57	Northwest China
Uygur Xinjiang	O1a1a	Resolved	1	26	3.846154	Global uniform depth	O	140	57	Northwest China
Uygur Xinjiang	O1b1a	Resolved	1	26	3.846154	Global uniform depth	O	146	57	Northwest China
Uygur Xinjiang	O2a2b	Resolved	2	26	7.692308	Global uniform depth	O	196	57	Northwest China
Uygur Xinjiang	R1a1a	Resolved	4	26	15.384615	Global uniform depth	R	246	57	Northwest China
Uygur Xinjiang	R1b1a	Resolved	2	26	7.692308	Global uniform depth	R	251	57	Northwest China
Uygur Xinjiang	R1b2b	Resolved	4	26	15.384615	Global uniform depth	R	258	57	Northwest China
Bengali Bangladesh	C1b1a	Resolved	3	58	5.172414	Global uniform depth	C	14	58	Oversea
Bengali Bangladesh	C2b1a	Resolved	1	58	1.724138	Global uniform depth	C	22	58	Oversea
Bengali Bangladesh	H1a1a	Resolved	16	58	27.586207	Global uniform depth	H	73	58	Oversea
Bengali Bangladesh	H1a1b	Resolved	2	58	3.448276	Global uniform depth	H	74	58	Oversea
Bengali Bangladesh	H1a2b	Resolved	4	58	6.896552	Global uniform depth	H	76	58	Oversea
Bengali Bangladesh	J2a1a	Resolved	5	58	8.62069	Global uniform depth	J	107	58	Oversea
Bengali Bangladesh	J2b2a	Resolved	2	58	3.448276	Global uniform depth	J	111	58	Oversea
Bengali Bangladesh	L1a1b	Resolved	1	58	1.724138	Global uniform depth	L	116	58	Oversea
Bengali Bangladesh	L1a2a	Resolved	1	58	1.724138	Global uniform depth	L	118	58	Oversea
Bengali Bangladesh	O1b1a	Resolved	2	58	3.448276	Global uniform depth	O	146	58	Oversea
Bengali Bangladesh	O2a2b	Resolved	2	58	3.448276	Global uniform depth	O	196	58	Oversea
Bengali Bangladesh	Q1b2a	Resolved	2	58	3.448276	Global uniform depth	Q	238	58	Oversea
Bengali Bangladesh	Q2b3a	Resolved	1	58	1.724138	Global uniform depth	Q	245	58	Oversea
Bengali Bangladesh	R1a1a	Resolved	10	58	17.241379	Global uniform depth	R	246	58	Oversea
Bengali Bangladesh	R2a2b	Resolved	6	58	10.344828	Global uniform depth	R	260	58	Oversea
Gujarati United States	C1b1a	Resolved	12	56	21.428571	Global uniform depth	C	14	59	Oversea
Gujarati United States	G1a1a	Resolved	2	56	3.571429	Global uniform depth	G	67	59	Oversea
Gujarati United States	H1a1a	Resolved	8	56	14.285714	Global uniform depth	H	73	59	Oversea
Gujarati United States	H1a1b	Resolved	3	56	5.357143	Global uniform depth	H	74	59	Oversea
Gujarati United States	J2a1a	Resolved	3	56	5.357143	Global uniform depth	J	107	59	Oversea
Gujarati United States	J2b2a	Resolved	2	56	3.571429	Global uniform depth	J	111	59	Oversea
Gujarati United States	L1a1b	Resolved	5	56	8.928571	Global uniform depth	L	116	59	Oversea
Gujarati United States	R1a1a	Resolved	15	56	26.785714	Global uniform depth	R	246	59	Oversea
Gujarati United States	R1b1a	Resolved	1	56	1.785714	Global uniform depth	R	251	59	Oversea
Gujarati United States	R2a2b	Resolved	5	56	8.928571	Global uniform depth	R	260	59	Oversea
Tamil United Kingdom	C1b1a	Resolved	1	64	1.5625	Global uniform depth	C	14	60	Oversea
Tamil United Kingdom	H1a1a	Resolved	9	64	14.0625	Global uniform depth	H	73	60	Oversea
Tamil United Kingdom	H1a2b	Resolved	1	64	1.5625	Global uniform depth	H	76	60	Oversea
Tamil United Kingdom	H3a2a	Resolved	2	64	3.125	Global uniform depth	H	80	60	Oversea
Tamil United Kingdom	H3a2b	Resolved	2	64	3.125	Global uniform depth	H	81	60	Oversea
Tamil United Kingdom	H3b1a	Resolved	1	64	1.5625	Global uniform depth	H	82	60	Oversea
Tamil United Kingdom	H3b1b	Resolved	1	64	1.5625	Global uniform depth	H	83	60	Oversea
Tamil United Kingdom	J2a1a	Resolved	5	64	7.8125	Global uniform depth	J	107	60	Oversea
Tamil United Kingdom	J2b2a	Resolved	2	64	3.125	Global uniform depth	J	111	60	Oversea
Tamil United Kingdom	L1a1a	Resolved	2	64	3.125	Global uniform depth	L	115	60	Oversea
Tamil United Kingdom	L1a1b	Resolved	6	64	9.375	Global uniform depth	L	116	60	Oversea
Tamil United Kingdom	L1a2a	Resolved	4	64	6.25	Global uniform depth	L	118	60	Oversea
Tamil United Kingdom	Q1b2a	Resolved	3	64	4.6875	Global uniform depth	Q	238	60	Oversea
Tamil United Kingdom	R1a1a	Resolved	21	64	32.8125	Global uniform depth	R	246	60	Oversea
Tamil United Kingdom	R2a2b	Resolved	4	64	6.25	Global uniform depth	R	260	60	Oversea
Telugu United Kingdom	C1b1a	Resolved	1	60	1.666667	Global uniform depth	C	14	61	Oversea
Telugu United Kingdom	H1a1a	Resolved	9	60	15.0	Global uniform depth	H	73	61	Oversea
Telugu United Kingdom	H1a2a	Resolved	2	60	3.333333	Global uniform depth	H	75	61	Oversea
Telugu United Kingdom	H3a1a	Resolved	1	60	1.666667	Global uniform depth	H	77	61	Oversea
Telugu United Kingdom	H3a1b	Resolved	1	60	1.666667	Global uniform depth	H	78	61	Oversea
Telugu United Kingdom	H3a1c	Resolved	1	60	1.666667	Global uniform depth	H	79	61	Oversea
Telugu United Kingdom	H3a2a	Resolved	2	60	3.333333	Global uniform depth	H	80	61	Oversea
Telugu United Kingdom	J2b2a	Resolved	3	60	5.0	Global uniform depth	J	111	61	Oversea
Telugu United Kingdom	L1a1a	Resolved	1	60	1.666667	Global uniform depth	L	115	61	Oversea
Telugu United Kingdom	L1a1b	Resolved	5	60	8.333333	Global uniform depth	L	116	61	Oversea
Telugu United Kingdom	L1a2*	Unresolved	1	60	1.666667	Global uniform depth	L	117	61	Oversea
Telugu United Kingdom	L1a2a	Resolved	1	60	1.666667	Global uniform depth	L	118	61	Oversea
Telugu United Kingdom	N1b2b	Resolved	1	60	1.666667	Global uniform depth	N	134	61	Oversea
Telugu United Kingdom	NO*	Unresolved	1	60	1.666667	Global uniform depth	NO	135	61	Oversea
Telugu United Kingdom	Q2b2a	Resolved	1	60	1.666667	Global uniform depth	Q	244	61	Oversea
Telugu United Kingdom	R1a1a	Resolved	15	60	25.0	Global uniform depth	R	246	61	Oversea
Telugu United Kingdom	R2a2b	Resolved	14	60	23.333333	Global uniform depth	R	260	61	Oversea
Balochi Pakistan	E1b1b	Resolved	1	22	4.545455	Global uniform depth	E	55	62	Oversea
Balochi Pakistan	H1a1a	Resolved	1	22	4.545455	Global uniform depth	H	73	62	Oversea
Balochi Pakistan	J1*	Unresolved	1	22	4.545455	Global uniform depth	J	99	62	Oversea
Balochi Pakistan	J1a2a	Resolved	1	22	4.545455	Global uniform depth	J	101	62	Oversea
Balochi Pakistan	J2a1a	Resolved	2	22	9.090909	Global uniform depth	J	107	62	Oversea
Balochi Pakistan	L1a1*	Unresolved	1	22	4.545455	Global uniform depth	L	114	62	Oversea
Balochi Pakistan	L1a1b	Resolved	3	22	13.636364	Global uniform depth	L	116	62	Oversea
Balochi Pakistan	R1a1a	Resolved	7	22	31.818182	Global uniform depth	R	246	62	Oversea
Balochi Pakistan	R1b1a	Resolved	2	22	9.090909	Global uniform depth	R	251	62	Oversea
Balochi Pakistan	R2a2b	Resolved	3	22	13.636364	Global uniform depth	R	260	62	Oversea
Punjabi Pakistan	C1b1a	Resolved	1	77	1.298701	Global uniform depth	C	14	63	Oversea
Punjabi Pakistan	G1a1a	Resolved	2	77	2.597403	Global uniform depth	G	67	63	Oversea
Punjabi Pakistan	G2a1a	Resolved	2	77	2.597403	Global uniform depth	G	68	63	Oversea
Punjabi Pakistan	G2a2a	Resolved	1	77	1.298701	Global uniform depth	G	69	63	Oversea
Punjabi Pakistan	G2a2b	Resolved	2	77	2.597403	Global uniform depth	G	70	63	Oversea
Punjabi Pakistan	G2b1a	Resolved	2	77	2.597403	Global uniform depth	G	71	63	Oversea
Punjabi Pakistan	H1a1a	Resolved	3	77	3.896104	Global uniform depth	H	73	63	Oversea
Punjabi Pakistan	H1a1b	Resolved	1	77	1.298701	Global uniform depth	H	74	63	Oversea
Punjabi Pakistan	H3b2a	Resolved	2	77	2.597403	Global uniform depth	H	84	63	Oversea
Punjabi Pakistan	J1a3*	Unresolved	1	77	1.298701	Global uniform depth	J	103	63	Oversea
Punjabi Pakistan	J2a1*	Unresolved	1	77	1.298701	Global uniform depth	J	106	63	Oversea
Punjabi Pakistan	J2a1a	Resolved	11	77	14.285714	Global uniform depth	J	107	63	Oversea
Punjabi Pakistan	J2a2*	Unresolved	1	77	1.298701	Global uniform depth	J	108	63	Oversea
Punjabi Pakistan	J2b2a	Resolved	1	77	1.298701	Global uniform depth	J	111	63	Oversea
Punjabi Pakistan	L1a1a	Resolved	2	77	2.597403	Global uniform depth	L	115	63	Oversea
Punjabi Pakistan	L1a1b	Resolved	2	77	2.597403	Global uniform depth	L	116	63	Oversea
Punjabi Pakistan	Q1a2a	Resolved	2	77	2.597403	Global uniform depth	Q	233	63	Oversea
Punjabi Pakistan	Q2b1a	Resolved	2	77	2.597403	Global uniform depth	Q	243	63	Oversea
Punjabi Pakistan	R1a1a	Resolved	27	77	35.064935	Global uniform depth	R	246	63	Oversea
Punjabi Pakistan	R2a2b	Resolved	11	77	14.285714	Global uniform depth	R	260	63	Oversea
Brahui Pakistan	C1b1a	Resolved	1	23	4.347826	Global uniform depth	C	14	64	Oversea
Brahui Pakistan	G1a1*	Unresolved	1	23	4.347826	Global uniform depth	G	66	64	Oversea
Brahui Pakistan	G2a2a	Resolved	2	23	8.695652	Global uniform depth	G	69	64	Oversea
Brahui Pakistan	G2a2b	Resolved	1	23	4.347826	Global uniform depth	G	70	64	Oversea
Brahui Pakistan	H1a1b	Resolved	1	23	4.347826	Global uniform depth	H	74	64	Oversea
Brahui Pakistan	J1a2a	Resolved	3	23	13.043478	Global uniform depth	J	101	64	Oversea
Brahui Pakistan	J2a1a	Resolved	4	23	17.391304	Global uniform depth	J	107	64	Oversea
Brahui Pakistan	L1a1*	Unresolved	1	23	4.347826	Global uniform depth	L	114	64	Oversea
Brahui Pakistan	L1a2a	Resolved	1	23	4.347826	Global uniform depth	L	118	64	Oversea
Brahui Pakistan	R1a1a	Resolved	5	23	21.73913	Global uniform depth	R	246	64	Oversea
Brahui Pakistan	R2a2b	Resolved	3	23	13.043478	Global uniform depth	R	260	64	Oversea
Bedouin Israel	B2a1a	Resolved	1	24	4.166667	Global uniform depth	B	7	65	Oversea
Bedouin Israel	E1b1b	Resolved	3	24	12.5	Global uniform depth	E	55	65	Oversea
Bedouin Israel	G2a2b	Resolved	1	24	4.166667	Global uniform depth	G	70	65	Oversea
Bedouin Israel	J1a2a	Resolved	16	24	66.666667	Global uniform depth	J	101	65	Oversea
Bedouin Israel	J1a2b	Resolved	1	24	4.166667	Global uniform depth	J	102	65	Oversea
Bedouin Israel	R1a1a	Resolved	2	24	8.333333	Global uniform depth	R	246	65	Oversea
Peruvian Peru	E1b1b	Resolved	2	51	3.921569	Global uniform depth	E	55	66	Oversea
Peruvian Peru	I1a2a	Resolved	1	51	1.960784	Global uniform depth	I	87	66	Oversea
Peruvian Peru	J1a2a	Resolved	4	51	7.843137	Global uniform depth	J	101	66	Oversea
Peruvian Peru	J2a1a	Resolved	1	51	1.960784	Global uniform depth	J	107	66	Oversea
Peruvian Peru	Q1a1a	Resolved	2	51	3.921569	Global uniform depth	Q	225	66	Oversea
Peruvian Peru	Q1b1a	Resolved	28	51	54.901961	Global uniform depth	Q	235	66	Oversea
Peruvian Peru	R1b1a	Resolved	12	51	23.529412	Global uniform depth	R	251	66	Oversea
Peruvian Peru	R1b1b	Resolved	1	51	1.960784	Global uniform depth	R	256	66	Oversea
Mexican Ancestry California	E1b1a	Resolved	2	43	4.651163	Global uniform depth	E	44	67	Oversea
Mexican Ancestry California	E1b1b	Resolved	4	43	9.302326	Global uniform depth	E	55	67	Oversea
Mexican Ancestry California	G2a2b	Resolved	2	43	4.651163	Global uniform depth	G	70	67	Oversea
Mexican Ancestry California	I1a1b	Resolved	2	43	4.651163	Global uniform depth	I	86	67	Oversea
Mexican Ancestry California	Q1b1a	Resolved	14	43	32.55814	Global uniform depth	Q	235	67	Oversea
Mexican Ancestry California	R1b1a	Resolved	18	43	41.860465	Global uniform depth	R	251	67	Oversea
Mexican Ancestry California	T1a1a	Resolved	1	43	2.325581	Global uniform depth	T	265	67	Oversea
Colombian Colombia	E1b1a	Resolved	3	58	5.172414	Global uniform depth	E	44	68	Oversea
Colombian Colombia	E1b1b	Resolved	8	58	13.793103	Global uniform depth	E	55	68	Oversea
Colombian Colombia	I1a2a	Resolved	1	58	1.724138	Global uniform depth	I	87	68	Oversea
Colombian Colombia	I2a1a	Resolved	1	58	1.724138	Global uniform depth	I	96	68	Oversea
Colombian Colombia	J1a2a	Resolved	4	58	6.896552	Global uniform depth	J	101	68	Oversea
Colombian Colombia	J1a2b	Resolved	1	58	1.724138	Global uniform depth	J	102	68	Oversea
Colombian Colombia	J1b1a	Resolved	4	58	6.896552	Global uniform depth	J	104	68	Oversea
Colombian Colombia	Q1b1a	Resolved	4	58	6.896552	Global uniform depth	Q	235	68	Oversea
Colombian Colombia	R1b1a	Resolved	30	58	51.724138	Global uniform depth	R	251	68	Oversea
Colombian Colombia	T1a1a	Resolved	2	58	3.448276	Global uniform depth	T	265	68	Oversea
Puerto Ricans Puerto Rico	B2a1a	Resolved	1	70	1.428571	Global uniform depth	B	7	69	Oversea
Puerto Ricans Puerto Rico	E1a2a	Resolved	2	70	2.857143	Global uniform depth	E	42	69	Oversea
Puerto Ricans Puerto Rico	E1b1a	Resolved	6	70	8.571429	Global uniform depth	E	44	69	Oversea
Puerto Ricans Puerto Rico	E1b1b	Resolved	14	70	20.0	Global uniform depth	E	55	69	Oversea
Puerto Ricans Puerto Rico	G2a2a	Resolved	1	70	1.428571	Global uniform depth	G	69	69	Oversea
Puerto Ricans Puerto Rico	G2a2b	Resolved	2	70	2.857143	Global uniform depth	G	70	69	Oversea
Puerto Ricans Puerto Rico	I2a1a	Resolved	4	70	5.714286	Global uniform depth	I	96	69	Oversea
Puerto Ricans Puerto Rico	J1a2a	Resolved	1	70	1.428571	Global uniform depth	J	101	69	Oversea
Puerto Ricans Puerto Rico	J2a1a	Resolved	3	70	4.285714	Global uniform depth	J	107	69	Oversea
Puerto Ricans Puerto Rico	R1b1a	Resolved	33	70	47.142857	Global uniform depth	R	251	69	Oversea
Puerto Ricans Puerto Rico	T1a1a	Resolved	2	70	2.857143	Global uniform depth	T	265	69	Oversea
Puerto Ricans Puerto Rico	T1a2b	Resolved	1	70	1.428571	Global uniform depth	T	266	69	Oversea
Toscani Italy	E1b1b	Resolved	5	58	8.62069	Global uniform depth	E	55	70	Oversea
Toscani Italy	G2a2b	Resolved	3	58	5.172414	Global uniform depth	G	70	70	Oversea
Toscani Italy	I1a2a	Resolved	2	58	3.448276	Global uniform depth	I	87	70	Oversea
Toscani Italy	I2a2b	Resolved	1	58	1.724138	Global uniform depth	I	98	70	Oversea
Toscani Italy	J1a2a	Resolved	1	58	1.724138	Global uniform depth	J	101	70	Oversea
Toscani Italy	J2a1a	Resolved	11	58	18.965517	Global uniform depth	J	107	70	Oversea
Toscani Italy	J2b2a	Resolved	3	58	5.172414	Global uniform depth	J	111	70	Oversea
Toscani Italy	J2b2b	Resolved	1	58	1.724138	Global uniform depth	J	112	70	Oversea
Toscani Italy	R1a1a	Resolved	2	58	3.448276	Global uniform depth	R	246	70	Oversea
Toscani Italy	R1b1a	Resolved	26	58	44.827586	Global uniform depth	R	251	70	Oversea
Toscani Italy	T1a1a	Resolved	2	58	3.448276	Global uniform depth	T	265	70	Oversea
Toscani Italy	T1a2b	Resolved	1	58	1.724138	Global uniform depth	T	266	70	Oversea
British England Scotland	I1a2a	Resolved	4	45	8.888889	Global uniform depth	I	87	71	Oversea
British England Scotland	I1b2*	Unresolved	1	45	2.222222	Global uniform depth	I	93	71	Oversea
British England Scotland	I1b3*	Unresolved	1	45	2.222222	Global uniform depth	I	94	71	Oversea
British England Scotland	I2a1b	Resolved	1	45	2.222222	Global uniform depth	I	97	71	Oversea
British England Scotland	J2b2a	Resolved	1	45	2.222222	Global uniform depth	J	111	71	Oversea
British England Scotland	R1a1a	Resolved	4	45	8.888889	Global uniform depth	R	246	71	Oversea
British England Scotland	R1b1a	Resolved	33	45	73.333333	Global uniform depth	R	251	71	Oversea
Iberian Spain	E1b1b	Resolved	3	81	3.703704	Global uniform depth	E	55	72	Oversea
Iberian Spain	G2a2b	Resolved	2	81	2.469136	Global uniform depth	G	70	72	Oversea
Iberian Spain	I2a1a	Resolved	2	81	2.469136	Global uniform depth	I	96	72	Oversea
Iberian Spain	I2a1b	Resolved	2	81	2.469136	Global uniform depth	I	97	72	Oversea
Iberian Spain	J1a2a	Resolved	1	81	1.234568	Global uniform depth	J	101	72	Oversea
Iberian Spain	J2a1a	Resolved	6	81	7.407407	Global uniform depth	J	107	72	Oversea
Iberian Spain	J2b1b	Resolved	2	81	2.469136	Global uniform depth	J	110	72	Oversea
Iberian Spain	J2b2a	Resolved	1	81	1.234568	Global uniform depth	J	111	72	Oversea
Iberian Spain	R1a1a	Resolved	1	81	1.234568	Global uniform depth	R	246	72	Oversea
Iberian Spain	R1b1a	Resolved	59	81	72.839506	Global uniform depth	R	251	72	Oversea
Iberian Spain	T1a2b	Resolved	2	81	2.469136	Global uniform depth	T	266	72	Oversea
CEPH United States	E1b1b	Resolved	2	87	2.298851	Global uniform depth	E	55	73	Oversea
CEPH United States	G2a2b	Resolved	5	87	5.747126	Global uniform depth	G	70	73	Oversea
CEPH United States	I1a1b	Resolved	2	87	2.298851	Global uniform depth	I	86	73	Oversea
CEPH United States	I1a2a	Resolved	4	87	4.597701	Global uniform depth	I	87	73	Oversea
CEPH United States	I1a2b	Resolved	1	87	1.149425	Global uniform depth	I	88	73	Oversea
CEPH United States	I1a3a	Resolved	1	87	1.149425	Global uniform depth	I	89	73	Oversea
CEPH United States	I1a3b	Resolved	2	87	2.298851	Global uniform depth	I	90	73	Oversea
CEPH United States	I1b1a	Resolved	2	87	2.298851	Global uniform depth	I	92	73	Oversea
CEPH United States	I1c1a	Resolved	1	87	1.149425	Global uniform depth	I	95	73	Oversea
CEPH United States	I2a1a	Resolved	1	87	1.149425	Global uniform depth	I	96	73	Oversea
CEPH United States	I2a1b	Resolved	7	87	8.045977	Global uniform depth	I	97	73	Oversea
CEPH United States	J1a2a	Resolved	1	87	1.149425	Global uniform depth	J	101	73	Oversea
CEPH United States	J2b2a	Resolved	2	87	2.298851	Global uniform depth	J	111	73	Oversea
CEPH United States	R1a1a	Resolved	2	87	2.298851	Global uniform depth	R	246	73	Oversea
CEPH United States	R1b1a	Resolved	54	87	62.068966	Global uniform depth	R	251	73	Oversea
African Ancestry United States	E1b1a	Resolved	20	33	60.606061	Global uniform depth	E	44	74	Oversea
African Ancestry United States	E1b1b	Resolved	2	33	6.060606	Global uniform depth	E	55	74	Oversea
African Ancestry United States	E2b2b	Resolved	1	33	3.030303	Global uniform depth	E	59	74	Oversea
African Ancestry United States	I1a2a	Resolved	1	33	3.030303	Global uniform depth	I	87	74	Oversea
African Ancestry United States	I2a1b	Resolved	2	33	6.060606	Global uniform depth	I	97	74	Oversea
African Ancestry United States	R1b1a	Resolved	7	33	21.212121	Global uniform depth	R	251	74	Oversea
African Caribbean Barbados	A0b*	Unresolved	1	57	1.754386	Global uniform depth	A	3	75	Oversea
African Caribbean Barbados	E1a2a	Resolved	3	57	5.263158	Global uniform depth	E	42	75	Oversea
African Caribbean Barbados	E1b1a	Resolved	36	57	63.157895	Global uniform depth	E	44	75	Oversea
African Caribbean Barbados	E1b1b	Resolved	3	57	5.263158	Global uniform depth	E	55	75	Oversea
African Caribbean Barbados	I1a2a	Resolved	3	57	5.263158	Global uniform depth	I	87	75	Oversea
African Caribbean Barbados	I2a1b	Resolved	3	57	5.263158	Global uniform depth	I	97	75	Oversea
African Caribbean Barbados	R1b1a	Resolved	8	57	14.035088	Global uniform depth	R	251	75	Oversea
Gambian Gambia	A0a1*	Unresolved	2	93	2.150538	Global uniform depth	A	2	76	Oversea
Gambian Gambia	A1a*	Unresolved	5	93	5.376344	Global uniform depth	A	4	76	Oversea
Gambian Gambia	B3b*	Unresolved	2	93	2.150538	Global uniform depth	B	11	76	Oversea
Gambian Gambia	E1a2a	Resolved	5	93	5.376344	Global uniform depth	E	42	76	Oversea
Gambian Gambia	E1a2b	Resolved	17	93	18.27957	Global uniform depth	E	43	76	Oversea
Gambian Gambia	E1b1a	Resolved	54	93	58.064516	Global uniform depth	E	44	76	Oversea
Gambian Gambia	E1b1b	Resolved	6	93	6.451613	Global uniform depth	E	55	76	Oversea
Gambian Gambia	E2b1a	Resolved	2	93	2.150538	Global uniform depth	E	57	76	Oversea
Esan Nigeria	E1b1a	Resolved	83	83	100.0	Global uniform depth	E	44	77	Oversea
Yoruba Nigeria	B*	Unresolved	1	105	0.952381	Global uniform depth	B	5	78	Oversea
Yoruba Nigeria	E1a2a	Resolved	8	105	7.619048	Global uniform depth	E	42	78	Oversea
Yoruba Nigeria	E1b1a	Resolved	94	105	89.52381	Global uniform depth	E	44	78	Oversea
Yoruba Nigeria	E2b2a	Resolved	2	105	1.904762	Global uniform depth	E	58	78	Oversea
Mende Sierra Leone	B3a2*	Unresolved	2	50	4.0	Global uniform depth	B	10	79	Oversea
Mende Sierra Leone	E1a2a	Resolved	2	50	4.0	Global uniform depth	E	42	79	Oversea
Mende Sierra Leone	E1a2b	Resolved	1	50	2.0	Global uniform depth	E	43	79	Oversea
Mende Sierra Leone	E1b1a	Resolved	43	50	86.0	Global uniform depth	E	44	79	Oversea
Mende Sierra Leone	G2a2b	Resolved	2	50	4.0	Global uniform depth	G	70	79	Oversea
Luhya Kenya	B2a1a	Resolved	2	44	4.545455	Global uniform depth	B	7	80	Oversea
Luhya Kenya	B2b1*	Unresolved	1	44	2.272727	Global uniform depth	B	8	80	Oversea
Luhya Kenya	E1b1a	Resolved	36	44	81.818182	Global uniform depth	E	44	80	Oversea
Luhya Kenya	E1b1b	Resolved	3	44	6.818182	Global uniform depth	E	55	80	Oversea
Luhya Kenya	E2b1a	Resolved	2	44	4.545455	Global uniform depth	E	57	80	Oversea
Biaka Central African Republic	B2a1a	Resolved	1	24	4.166667	Global uniform depth	B	7	81	Oversea
Biaka Central African Republic	B2b1*	Unresolved	2	24	8.333333	Global uniform depth	B	8	81	Oversea
Biaka Central African Republic	B2b1a	Resolved	4	24	16.666667	Global uniform depth	B	9	81	Oversea
Biaka Central African Republic	E1b1a	Resolved	17	24	70.833333	Global uniform depth	E	44	81	Oversea
