Population	Population Order	Group Label	Sample Size	Level	Level Depth	Haplogroup	Major Haplogroup	Resolution	Category Order	Count	Frequency
Finnish Finland	1	Oversea	38	Level 1	1	I	I	Resolved	77	10	26.315789
Finnish Finland	1	Oversea	38	Level 1	1	J	J	Resolved	94	1	2.631579
Finnish Finland	1	Oversea	38	Level 1	1	N	N	Resolved	114	23	60.526316
Finnish Finland	1	Oversea	38	Level 1	1	R	R	Resolved	161	4	10.526316
Han Chongqing	2	Southwest China	25	Level 1	1	F	F	Resolved	49	4	16
Han Chongqing	2	Southwest China	25	Level 1	1	N	N	Resolved	114	17	68
Han Chongqing	2	Southwest China	25	Level 1	1	O	O	Resolved	127	4	16
Hani Yunnan	3	Southwest China	241	Level 1	1	C	C	Resolved	22	9	3.73444
Hani Yunnan	3	Southwest China	241	Level 1	1	D	D	Resolved	34	2	0.829876
Hani Yunnan	3	Southwest China	241	Level 1	1	F	F	Resolved	49	26	10.788382
Hani Yunnan	3	Southwest China	241	Level 1	1	N	N	Resolved	114	122	50.622407
Hani Yunnan	3	Southwest China	241	Level 1	1	O	O	Resolved	127	24	9.958506
Hani Yunnan	3	Southwest China	241	Level 1	1	Q	Q	Resolved	145	58	24.06639
Lahu Yunnan	4	Southwest China	31	Level 1	1	F	F	Resolved	49	17	54.83871
Lahu Yunnan	4	Southwest China	31	Level 1	1	O	O	Resolved	127	14	45.16129
Yi Yunnan	5	Southwest China	174	Level 1	1	C	C	Resolved	22	7	4.022989
Yi Yunnan	5	Southwest China	174	Level 1	1	D	D	Resolved	34	8	4.597701
Yi Yunnan	5	Southwest China	174	Level 1	1	F	F	Resolved	49	61	35.057471
Yi Yunnan	5	Southwest China	174	Level 1	1	N	N	Resolved	114	11	6.321839
Yi Yunnan	5	Southwest China	174	Level 1	1	O	O	Resolved	127	86	49.425287
Yi Yunnan	5	Southwest China	174	Level 1	1	R	R	Resolved	161	1	0.574713
Japanese Japan	6	Oversea	76	Level 1	1	C	C	Resolved	22	9	11.842105
Japanese Japan	6	Oversea	76	Level 1	1	D	D	Resolved	34	26	34.210526
Japanese Japan	6	Oversea	76	Level 1	1	O	O	Resolved	127	41	53.947368
Yao Yunnan	7	Southwest China	20	Level 1	1	C	C	Resolved	22	1	5
Yao Yunnan	7	Southwest China	20	Level 1	1	O	O	Resolved	127	19	95
Sui Guizhou	8	Southwest China	35	Level 1	1	O	O	Resolved	127	35	100
Li Hainan	9	South China	42	Level 1	1	N	N	Resolved	114	1	2.380952
Li Hainan	9	South China	42	Level 1	1	O	O	Resolved	127	41	97.619048
Yao Guangxi	10	South China	20	Level 1	1	C	C	Resolved	22	2	10
Yao Guangxi	10	South China	20	Level 1	1	D	D	Resolved	34	1	5
Yao Guangxi	10	South China	20	Level 1	1	N	N	Resolved	114	1	5
Yao Guangxi	10	South China	20	Level 1	1	O	O	Resolved	127	16	80
Zhuang Guangxi	11	South China	243	Level 1	1	C	C	Resolved	22	8	3.292181
Zhuang Guangxi	11	South China	243	Level 1	1	D	D	Resolved	34	5	2.057613
Zhuang Guangxi	11	South China	243	Level 1	1	F	F	Resolved	49	1	0.41152300000000003
Zhuang Guangxi	11	South China	243	Level 1	1	N	N	Resolved	114	7	2.880658
Zhuang Guangxi	11	South China	243	Level 1	1	O	O	Resolved	127	222	91.358025
Dai Yunnan	12	Southwest China	77	Level 1	1	C	C	Resolved	22	2	2.597403
Dai Yunnan	12	Southwest China	77	Level 1	1	F	F	Resolved	49	2	2.597403
Dai Yunnan	12	Southwest China	77	Level 1	1	O	O	Resolved	127	72	93.506494
Dai Yunnan	12	Southwest China	77	Level 1	1	Q	Q	Resolved	145	1	1.298701
Blang Yunnan	13	Southwest China	41	Level 1	1	C	C	Resolved	22	12	29.268293
Blang Yunnan	13	Southwest China	41	Level 1	1	F	F	Resolved	49	1	2.439024
Blang Yunnan	13	Southwest China	41	Level 1	1	N	N	Resolved	114	2	4.878049
Blang Yunnan	13	Southwest China	41	Level 1	1	O	O	Resolved	127	24	58.536585
Blang Yunnan	13	Southwest China	41	Level 1	1	Q	Q	Resolved	145	2	4.878049
Hui Gansu	14	Northwest China	36	Level 1	1	C	C	Resolved	22	7	19.444444
Hui Gansu	14	Northwest China	36	Level 1	1	D	D	Resolved	34	1	2.777778
Hui Gansu	14	Northwest China	36	Level 1	1	G	G	Resolved	55	1	2.777778
Hui Gansu	14	Northwest China	36	Level 1	1	H	H	Resolved	65	1	2.777778
Hui Gansu	14	Northwest China	36	Level 1	1	J	J	Resolved	94	1	2.777778
Hui Gansu	14	Northwest China	36	Level 1	1	N	N	Resolved	114	1	2.777778
Hui Gansu	14	Northwest China	36	Level 1	1	O	O	Resolved	127	13	36.111111
Hui Gansu	14	Northwest China	36	Level 1	1	Q	Q	Resolved	145	3	8.333333
Hui Gansu	14	Northwest China	36	Level 1	1	R	R	Resolved	161	8	22.222222
Hui Shandong	15	East China	24	Level 1	1	C	C	Resolved	22	3	12.5
Hui Shandong	15	East China	24	Level 1	1	D	D	Resolved	34	1	4.166667
Hui Shandong	15	East China	24	Level 1	1	J	J	Resolved	94	1	4.166667
Hui Shandong	15	East China	24	Level 1	1	N	N	Resolved	114	2	8.333333
Hui Shandong	15	East China	24	Level 1	1	O	O	Resolved	127	10	41.666667
Hui Shandong	15	East China	24	Level 1	1	Q	Q	Resolved	145	2	8.333333
Hui Shandong	15	East China	24	Level 1	1	R	R	Resolved	161	4	16.666667
Hui Shandong	15	East China	24	Level 1	1	T	T	Resolved	174	1	4.166667
Qiang Sichuan	16	Southwest China	44	Level 1	1	C	C	Resolved	22	2	4.545455
Qiang Sichuan	16	Southwest China	44	Level 1	1	D	D	Resolved	34	8	18.181818
Qiang Sichuan	16	Southwest China	44	Level 1	1	N	N	Resolved	114	6	13.636364
Qiang Sichuan	16	Southwest China	44	Level 1	1	O	O	Resolved	127	25	56.818182
Qiang Sichuan	16	Southwest China	44	Level 1	1	Q	Q	Resolved	145	3	6.818182
Yi Sichuan	17	Southwest China	233	Level 1	1	C	C	Resolved	22	17	7.296137
Yi Sichuan	17	Southwest China	233	Level 1	1	D	D	Resolved	34	40	17.167382
Yi Sichuan	17	Southwest China	233	Level 1	1	F	F	Resolved	49	14	6.008584
Yi Sichuan	17	Southwest China	233	Level 1	1	N	N	Resolved	114	15	6.437768
Yi Sichuan	17	Southwest China	233	Level 1	1	O	O	Resolved	127	144	61.802575
Yi Sichuan	17	Southwest China	233	Level 1	1	Q	Q	Resolved	145	3	1.287554
Lisu Yunnan	18	Southwest China	39	Level 1	1	C	C	Resolved	22	3	7.692308
Lisu Yunnan	18	Southwest China	39	Level 1	1	F	F	Resolved	49	7	17.948718
Lisu Yunnan	18	Southwest China	39	Level 1	1	N	N	Resolved	114	2	5.128205
Lisu Yunnan	18	Southwest China	39	Level 1	1	O	O	Resolved	127	25	64.102564
Lisu Yunnan	18	Southwest China	39	Level 1	1	R	R	Resolved	161	2	5.128205
Man Hebei	19	North China	22	Level 1	1	C	C	Resolved	22	2	9.090909
Man Hebei	19	North China	22	Level 1	1	J	J	Resolved	94	1	4.545455
Man Hebei	19	North China	22	Level 1	1	N	N	Resolved	114	1	4.545455
Man Hebei	19	North China	22	Level 1	1	O	O	Resolved	127	15	68.181818
Man Hebei	19	North China	22	Level 1	1	Q	Q	Resolved	145	2	9.090909
Man Hebei	19	North China	22	Level 1	1	R	R	Resolved	161	1	4.545455
Han Shaanxi	20	Northwest China	671	Level 1	1	C	C	Resolved	22	85	12.66766
Han Shaanxi	20	Northwest China	671	Level 1	1	D	D	Resolved	34	20	2.980626
Han Shaanxi	20	Northwest China	671	Level 1	1	E	E	Resolved	39	6	0.894188
Han Shaanxi	20	Northwest China	671	Level 1	1	F	F	Resolved	49	1	0.149031
Han Shaanxi	20	Northwest China	671	Level 1	1	G	G	Resolved	55	2	0.298063
Han Shaanxi	20	Northwest China	671	Level 1	1	J	J	Resolved	94	5	0.745156
Han Shaanxi	20	Northwest China	671	Level 1	1	N	N	Resolved	114	76	11.326379
Han Shaanxi	20	Northwest China	671	Level 1	1	O	O	Resolved	127	409	60.9538
Han Shaanxi	20	Northwest China	671	Level 1	1	Q	Q	Resolved	145	48	7.153502
Han Shaanxi	20	Northwest China	671	Level 1	1	R	R	Resolved	161	19	2.831595
Han Gansu	21	Northwest China	309	Level 1	1	C	C	Resolved	22	35	11.326861
Han Gansu	21	Northwest China	309	Level 1	1	D	D	Resolved	34	15	4.854369
Han Gansu	21	Northwest China	309	Level 1	1	E	E	Resolved	39	2	0.647249
Han Gansu	21	Northwest China	309	Level 1	1	G	G	Resolved	55	2	0.647249
Han Gansu	21	Northwest China	309	Level 1	1	J	J	Resolved	94	7	2.265372
Han Gansu	21	Northwest China	309	Level 1	1	N	N	Resolved	114	30	9.708738
Han Gansu	21	Northwest China	309	Level 1	1	O	O	Resolved	127	197	63.754045
Han Gansu	21	Northwest China	309	Level 1	1	Q	Q	Resolved	145	8	2.588997
Han Gansu	21	Northwest China	309	Level 1	1	R	R	Resolved	161	13	4.20712
Han Henan	22	Central China	35	Level 1	1	C	C	Resolved	22	2	5.714286
Han Henan	22	Central China	35	Level 1	1	N	N	Resolved	114	7	20
Han Henan	22	Central China	35	Level 1	1	O	O	Resolved	127	25	71.428571
Han Henan	22	Central China	35	Level 1	1	Q	Q	Resolved	145	1	2.857143
Han Beijing	23	North China	51	Level 1	1	C	C	Resolved	22	3	5.882353
Han Beijing	23	North China	51	Level 1	1	F	F	Resolved	49	1	1.960784
Han Beijing	23	North China	51	Level 1	1	G	G	Resolved	55	1	1.960784
Han Beijing	23	North China	51	Level 1	1	N	N	Resolved	114	8	15.686275
Han Beijing	23	North China	51	Level 1	1	O	O	Resolved	127	37	72.54902
Han Beijing	23	North China	51	Level 1	1	R	R	Resolved	161	1	1.960784
Han Sichuan	24	Southwest China	1231	Level 1	1	C	C	Resolved	22	121	9.829407
Han Sichuan	24	Southwest China	1231	Level 1	1	D	D	Resolved	34	35	2.843217
Han Sichuan	24	Southwest China	1231	Level 1	1	F	F	Resolved	49	3	0.243704
Han Sichuan	24	Southwest China	1231	Level 1	1	G	G	Resolved	55	2	0.16247
Han Sichuan	24	Southwest China	1231	Level 1	1	J	J	Resolved	94	4	0.324939
Han Sichuan	24	Southwest China	1231	Level 1	1	N	N	Resolved	114	144	11.697807
Han Sichuan	24	Southwest China	1231	Level 1	1	NO	NO	Resolved	125	1	0.081235
Han Sichuan	24	Southwest China	1231	Level 1	1	O	O	Resolved	127	876	71.161657
Han Sichuan	24	Southwest China	1231	Level 1	1	Q	Q	Resolved	145	37	3.005686
Han Sichuan	24	Southwest China	1231	Level 1	1	R	R	Resolved	161	8	0.649878
Han Yunnan	25	Southwest China	303	Level 1	1	C	C	Resolved	22	28	9.240924
Han Yunnan	25	Southwest China	303	Level 1	1	D	D	Resolved	34	5	1.650165
Han Yunnan	25	Southwest China	303	Level 1	1	F	F	Resolved	49	35	11.551155
Han Yunnan	25	Southwest China	303	Level 1	1	N	N	Resolved	114	34	11.221122
Han Yunnan	25	Southwest China	303	Level 1	1	O	O	Resolved	127	184	60.726073
Han Yunnan	25	Southwest China	303	Level 1	1	Q	Q	Resolved	145	12	3.960396
Han Yunnan	25	Southwest China	303	Level 1	1	R	R	Resolved	161	5	1.650165
Bai Yunnan	26	Southwest China	59	Level 1	1	C	C	Resolved	22	2	3.389831
Bai Yunnan	26	Southwest China	59	Level 1	1	D	D	Resolved	34	2	3.389831
Bai Yunnan	26	Southwest China	59	Level 1	1	F	F	Resolved	49	5	8.474576
Bai Yunnan	26	Southwest China	59	Level 1	1	N	N	Resolved	114	14	23.728814
Bai Yunnan	26	Southwest China	59	Level 1	1	O	O	Resolved	127	34	57.627119
Bai Yunnan	26	Southwest China	59	Level 1	1	Q	Q	Resolved	145	2	3.389831
Naxi Yunnan	27	Southwest China	36	Level 1	1	C	C	Resolved	22	1	2.777778
Naxi Yunnan	27	Southwest China	36	Level 1	1	D	D	Resolved	34	2	5.555556
Naxi Yunnan	27	Southwest China	36	Level 1	1	N	N	Resolved	114	9	25
Naxi Yunnan	27	Southwest China	36	Level 1	1	O	O	Resolved	127	20	55.555556
Naxi Yunnan	27	Southwest China	36	Level 1	1	Q	Q	Resolved	145	4	11.111111
Tujia Sichuan	28	Southwest China	27	Level 1	1	C	C	Resolved	22	4	14.814815
Tujia Sichuan	28	Southwest China	27	Level 1	1	D	D	Resolved	34	1	3.703704
Tujia Sichuan	28	Southwest China	27	Level 1	1	O	O	Resolved	127	21	77.777778
Tujia Sichuan	28	Southwest China	27	Level 1	1	Q	Q	Resolved	145	1	3.703704
Tujia Hunan	29	Central China	24	Level 1	1	C	C	Resolved	22	3	12.5
Tujia Hunan	29	Central China	24	Level 1	1	O	O	Resolved	127	19	79.166667
Tujia Hunan	29	Central China	24	Level 1	1	Q	Q	Resolved	145	2	8.333333
She Fujian	30	East China	21	Level 1	1	O	O	Resolved	127	21	100
De'ang Yunnan	31	Southwest China	39	Level 1	1	D	D	Resolved	34	3	7.692308
De'ang Yunnan	31	Southwest China	39	Level 1	1	N	N	Resolved	114	1	2.564103
De'ang Yunnan	31	Southwest China	39	Level 1	1	O	O	Resolved	127	35	89.74359
Miao Guizhou	32	Southwest China	27	Level 1	1	C	C	Resolved	22	1	3.703704
Miao Guizhou	32	Southwest China	27	Level 1	1	N	N	Resolved	114	3	11.111111
Miao Guizhou	32	Southwest China	27	Level 1	1	O	O	Resolved	127	23	85.185185
Tujia Guizhou	33	Southwest China	44	Level 1	1	C	C	Resolved	22	4	9.090909
Tujia Guizhou	33	Southwest China	44	Level 1	1	N	N	Resolved	114	3	6.818182
Tujia Guizhou	33	Southwest China	44	Level 1	1	O	O	Resolved	127	37	84.090909
Han Guangxi	34	South China	338	Level 1	1	C	C	Resolved	22	6	1.775148
Han Guangxi	34	South China	338	Level 1	1	D	D	Resolved	34	15	4.43787
Han Guangxi	34	South China	338	Level 1	1	F	F	Resolved	49	3	0.887574
Han Guangxi	34	South China	338	Level 1	1	N	N	Resolved	114	19	5.621302
Han Guangxi	34	South China	338	Level 1	1	O	O	Resolved	127	291	86.094675
Han Guangxi	34	South China	338	Level 1	1	Q	Q	Resolved	145	4	1.183432
Kinh Vietnam	35	Oversea	60	Level 1	1	C	C	Resolved	22	1	1.666667
Kinh Vietnam	35	Oversea	60	Level 1	1	F	F	Resolved	49	1	1.666667
Kinh Vietnam	35	Oversea	60	Level 1	1	N	N	Resolved	114	2	3.333333
Kinh Vietnam	35	Oversea	60	Level 1	1	O	O	Resolved	127	52	86.666667
Kinh Vietnam	35	Oversea	60	Level 1	1	Q	Q	Resolved	145	4	6.666667
Han Guizhou	36	Southwest China	49	Level 1	1	C	C	Resolved	22	6	12.244898
Han Guizhou	36	Southwest China	49	Level 1	1	F	F	Resolved	49	2	4.081633
Han Guizhou	36	Southwest China	49	Level 1	1	N	N	Resolved	114	6	12.244898
Han Guizhou	36	Southwest China	49	Level 1	1	O	O	Resolved	127	34	69.387755
Han Guizhou	36	Southwest China	49	Level 1	1	Q	Q	Resolved	145	1	2.040816
Va Yunnan	37	Southwest China	24	Level 1	1	C	C	Resolved	22	5	20.833333
Va Yunnan	37	Southwest China	24	Level 1	1	N	N	Resolved	114	5	20.833333
Va Yunnan	37	Southwest China	24	Level 1	1	O	O	Resolved	127	14	58.333333
Tujia Chongqing	38	Southwest China	52	Level 1	1	C	C	Resolved	22	15	28.846154
Tujia Chongqing	38	Southwest China	52	Level 1	1	D	D	Resolved	34	3	5.7692310000000004
Tujia Chongqing	38	Southwest China	52	Level 1	1	N	N	Resolved	114	6	11.538462000000001
Tujia Chongqing	38	Southwest China	52	Level 1	1	O	O	Resolved	127	24	46.153846
Tujia Chongqing	38	Southwest China	52	Level 1	1	Q	Q	Resolved	145	3	5.7692310000000004
Tujia Chongqing	38	Southwest China	52	Level 1	1	R	R	Resolved	161	1	1.923077
Man Heilongjiang	39	Northeast China	21	Level 1	1	C	C	Resolved	22	8	38.095238
Man Heilongjiang	39	Northeast China	21	Level 1	1	D	D	Resolved	34	1	4.761905
Man Heilongjiang	39	Northeast China	21	Level 1	1	O	O	Resolved	127	11	52.380952
Man Heilongjiang	39	Northeast China	21	Level 1	1	Q	Q	Resolved	145	1	4.761905
Miao Yunnan	40	Southwest China	40	Level 1	1	C	C	Resolved	22	11	27.5
Miao Yunnan	40	Southwest China	40	Level 1	1	D	D	Resolved	34	6	15
Miao Yunnan	40	Southwest China	40	Level 1	1	N	N	Resolved	114	3	7.5
Miao Yunnan	40	Southwest China	40	Level 1	1	O	O	Resolved	127	20	50
Man Liaoning	41	Northeast China	83	Level 1	1	C	C	Resolved	22	24	28.915663
Man Liaoning	41	Northeast China	83	Level 1	1	D	D	Resolved	34	1	1.204819
Man Liaoning	41	Northeast China	83	Level 1	1	E	E	Resolved	39	1	1.204819
Man Liaoning	41	Northeast China	83	Level 1	1	N	N	Resolved	114	8	9.638554
Man Liaoning	41	Northeast China	83	Level 1	1	O	O	Resolved	127	47	56.626506
Man Liaoning	41	Northeast China	83	Level 1	1	Q	Q	Resolved	145	1	1.204819
Man Liaoning	41	Northeast China	83	Level 1	1	R	R	Resolved	161	1	1.204819
Man Shandong	42	East China	20	Level 1	1	C	C	Resolved	22	5	25
Man Shandong	42	East China	20	Level 1	1	N	N	Resolved	114	1	5
Man Shandong	42	East China	20	Level 1	1	O	O	Resolved	127	12	60
Man Shandong	42	East China	20	Level 1	1	Q	Q	Resolved	145	1	5
Man Shandong	42	East China	20	Level 1	1	R	R	Resolved	161	1	5
Man Jilin	43	Northeast China	33	Level 1	1	C	C	Resolved	22	8	24.242424
Man Jilin	43	Northeast China	33	Level 1	1	N	N	Resolved	114	4	12.121212
Man Jilin	43	Northeast China	33	Level 1	1	O	O	Resolved	127	21	63.636364
Man Beijing	44	North China	38	Level 1	1	C	C	Resolved	22	10	26.315789
Man Beijing	44	North China	38	Level 1	1	N	N	Resolved	114	2	5.263158
Man Beijing	44	North China	38	Level 1	1	O	O	Resolved	127	26	68.421053
Tujia Hubei	45	Central China	34	Level 1	1	C	C	Resolved	22	7	20.588235
Tujia Hubei	45	Central China	34	Level 1	1	N	N	Resolved	114	1	2.941176
Tujia Hubei	45	Central China	34	Level 1	1	O	O	Resolved	127	26	76.470588
Mongol Inner Mongolia	46	North China	93	Level 1	1	C	C	Resolved	22	20	21.505376
Mongol Inner Mongolia	46	North China	93	Level 1	1	D	D	Resolved	34	2	2.150538
Mongol Inner Mongolia	46	North China	93	Level 1	1	E	E	Resolved	39	4	4.301075
Mongol Inner Mongolia	46	North China	93	Level 1	1	J	J	Resolved	94	2	2.150538
Mongol Inner Mongolia	46	North China	93	Level 1	1	N	N	Resolved	114	10	10.752688
Mongol Inner Mongolia	46	North China	93	Level 1	1	O	O	Resolved	127	46	49.462366
Mongol Inner Mongolia	46	North China	93	Level 1	1	Q	Q	Resolved	145	4	4.301075
Mongol Inner Mongolia	46	North China	93	Level 1	1	R	R	Resolved	161	5	5.376344
Mongol Liaoning	47	Northeast China	29	Level 1	1	C	C	Resolved	22	11	37.931034
Mongol Liaoning	47	Northeast China	29	Level 1	1	E	E	Resolved	39	2	6.896552
Mongol Liaoning	47	Northeast China	29	Level 1	1	N	N	Resolved	114	4	13.793103
Mongol Liaoning	47	Northeast China	29	Level 1	1	O	O	Resolved	127	11	37.931034
Mongol Liaoning	47	Northeast China	29	Level 1	1	R	R	Resolved	161	1	3.448276
Jingpo Yunnan	48	Southwest China	28	Level 1	1	C	C	Resolved	22	1	3.571429
Jingpo Yunnan	48	Southwest China	28	Level 1	1	D	D	Resolved	34	1	3.571429
Jingpo Yunnan	48	Southwest China	28	Level 1	1	F	F	Resolved	49	3	10.714286
Jingpo Yunnan	48	Southwest China	28	Level 1	1	O	O	Resolved	127	23	82.142857
Pumi Yunnan	49	Southwest China	39	Level 1	1	C	C	Resolved	22	1	2.564103
Pumi Yunnan	49	Southwest China	39	Level 1	1	D	D	Resolved	34	5	12.820513
Pumi Yunnan	49	Southwest China	39	Level 1	1	O	O	Resolved	127	33	84.615385
Achang Yunnan	50	Southwest China	26	Level 1	1	O	O	Resolved	127	26	100
Han Guangdong	51	South China	130	Level 1	1	C	C	Resolved	22	2	1.538462
Han Guangdong	51	South China	130	Level 1	1	F	F	Resolved	49	15	11.538462000000001
Han Guangdong	51	South China	130	Level 1	1	N	N	Resolved	114	4	3.076923
Han Guangdong	51	South China	130	Level 1	1	O	O	Resolved	127	109	83.846154
Han Shandong	52	East China	25	Level 1	1	N	N	Resolved	114	8	32
Han Shandong	52	East China	25	Level 1	1	O	O	Resolved	127	17	68
Zang Xizang	53	Southwest China	442	Level 1	1	C	C	Resolved	22	10	2.262443
Zang Xizang	53	Southwest China	442	Level 1	1	D	D	Resolved	34	181	40.950226
Zang Xizang	53	Southwest China	442	Level 1	1	E	E	Resolved	39	1	0.226244
Zang Xizang	53	Southwest China	442	Level 1	1	H	H	Resolved	65	2	0.452489
Zang Xizang	53	Southwest China	442	Level 1	1	J	J	Resolved	94	5	1.131222
Zang Xizang	53	Southwest China	442	Level 1	1	N	N	Resolved	114	44	9.954751
Zang Xizang	53	Southwest China	442	Level 1	1	O	O	Resolved	127	185	41.855204
Zang Xizang	53	Southwest China	442	Level 1	1	Q	Q	Resolved	145	4	0.904977
Zang Xizang	53	Southwest China	442	Level 1	1	R	R	Resolved	161	10	2.262443
Zang Yunnan	54	Southwest China	28	Level 1	1	C	C	Resolved	22	1	3.571429
Zang Yunnan	54	Southwest China	28	Level 1	1	D	D	Resolved	34	11	39.285714
Zang Yunnan	54	Southwest China	28	Level 1	1	N	N	Resolved	114	2	7.142857
Zang Yunnan	54	Southwest China	28	Level 1	1	O	O	Resolved	127	11	39.285714
Zang Yunnan	54	Southwest China	28	Level 1	1	Q	Q	Resolved	145	2	7.142857
Zang Yunnan	54	Southwest China	28	Level 1	1	R	R	Resolved	161	1	3.571429
Zang Gansu	55	Northwest China	25	Level 1	1	D	D	Resolved	34	13	52
Zang Gansu	55	Northwest China	25	Level 1	1	N	N	Resolved	114	1	4
Zang Gansu	55	Northwest China	25	Level 1	1	O	O	Resolved	127	9	36
Zang Gansu	55	Northwest China	25	Level 1	1	Q	Q	Resolved	145	1	4
Zang Gansu	55	Northwest China	25	Level 1	1	R	R	Resolved	161	1	4
Zang Sichuan	56	Southwest China	311	Level 1	1	C	C	Resolved	22	9	2.893891
Zang Sichuan	56	Southwest China	311	Level 1	1	D	D	Resolved	34	173	55.62701
Zang Sichuan	56	Southwest China	311	Level 1	1	I	I	Resolved	77	1	0.321543
Zang Sichuan	56	Southwest China	311	Level 1	1	J	J	Resolved	94	1	0.321543
Zang Sichuan	56	Southwest China	311	Level 1	1	N	N	Resolved	114	11	3.536977
Zang Sichuan	56	Southwest China	311	Level 1	1	O	O	Resolved	127	99	31.832797
Zang Sichuan	56	Southwest China	311	Level 1	1	Q	Q	Resolved	145	3	0.96463
Zang Sichuan	56	Southwest China	311	Level 1	1	R	R	Resolved	161	14	4.501608
Bedouin Israel	57	Oversea	24	Level 1	1	B	B	Resolved	10	1	4.166667
Bedouin Israel	57	Oversea	24	Level 1	1	E	E	Resolved	39	3	12.5
Bedouin Israel	57	Oversea	24	Level 1	1	G	G	Resolved	55	1	4.166667
Bedouin Israel	57	Oversea	24	Level 1	1	J	J	Resolved	94	17	70.833333
Bedouin Israel	57	Oversea	24	Level 1	1	R	R	Resolved	161	2	8.333333
Peruvian Peru	58	Oversea	51	Level 1	1	E	E	Resolved	39	2	3.921569
Peruvian Peru	58	Oversea	51	Level 1	1	I	I	Resolved	77	1	1.960784
Peruvian Peru	58	Oversea	51	Level 1	1	J	J	Resolved	94	5	9.803922
Peruvian Peru	58	Oversea	51	Level 1	1	Q	Q	Resolved	145	30	58.823529
Peruvian Peru	58	Oversea	51	Level 1	1	R	R	Resolved	161	13	25.490196
Mexican Ancestry California	59	Oversea	43	Level 1	1	E	E	Resolved	39	6	13.953488
Mexican Ancestry California	59	Oversea	43	Level 1	1	G	G	Resolved	55	2	4.651163
Mexican Ancestry California	59	Oversea	43	Level 1	1	I	I	Resolved	77	2	4.651163
Mexican Ancestry California	59	Oversea	43	Level 1	1	Q	Q	Resolved	145	14	32.55814
Mexican Ancestry California	59	Oversea	43	Level 1	1	R	R	Resolved	161	18	41.860465
Mexican Ancestry California	59	Oversea	43	Level 1	1	T	T	Resolved	174	1	2.325581
Colombian Colombia	60	Oversea	58	Level 1	1	E	E	Resolved	39	11	18.965517
Colombian Colombia	60	Oversea	58	Level 1	1	I	I	Resolved	77	2	3.448276
Colombian Colombia	60	Oversea	58	Level 1	1	J	J	Resolved	94	9	15.517241
Colombian Colombia	60	Oversea	58	Level 1	1	Q	Q	Resolved	145	4	6.896552
Colombian Colombia	60	Oversea	58	Level 1	1	R	R	Resolved	161	30	51.724138
Colombian Colombia	60	Oversea	58	Level 1	1	T	T	Resolved	174	2	3.448276
Puerto Ricans Puerto Rico	61	Oversea	70	Level 1	1	B	B	Resolved	10	1	1.428571
Puerto Ricans Puerto Rico	61	Oversea	70	Level 1	1	E	E	Resolved	39	22	31.428571
Puerto Ricans Puerto Rico	61	Oversea	70	Level 1	1	G	G	Resolved	55	3	4.285714
Puerto Ricans Puerto Rico	61	Oversea	70	Level 1	1	I	I	Resolved	77	4	5.714286
Puerto Ricans Puerto Rico	61	Oversea	70	Level 1	1	J	J	Resolved	94	4	5.714286
Puerto Ricans Puerto Rico	61	Oversea	70	Level 1	1	R	R	Resolved	161	33	47.142857
Puerto Ricans Puerto Rico	61	Oversea	70	Level 1	1	T	T	Resolved	174	3	4.285714
Toscani Italy	62	Oversea	58	Level 1	1	E	E	Resolved	39	5	8.62069
Toscani Italy	62	Oversea	58	Level 1	1	G	G	Resolved	55	3	5.172414
Toscani Italy	62	Oversea	58	Level 1	1	I	I	Resolved	77	3	5.172414
Toscani Italy	62	Oversea	58	Level 1	1	J	J	Resolved	94	16	27.586207
Toscani Italy	62	Oversea	58	Level 1	1	R	R	Resolved	161	28	48.275862
Toscani Italy	62	Oversea	58	Level 1	1	T	T	Resolved	174	3	5.172414
Iberian Spain	63	Oversea	81	Level 1	1	E	E	Resolved	39	3	3.703704
Iberian Spain	63	Oversea	81	Level 1	1	G	G	Resolved	55	2	2.469136
Iberian Spain	63	Oversea	81	Level 1	1	I	I	Resolved	77	4	4.938272
Iberian Spain	63	Oversea	81	Level 1	1	J	J	Resolved	94	10	12.345679
Iberian Spain	63	Oversea	81	Level 1	1	R	R	Resolved	161	60	74.074074
Iberian Spain	63	Oversea	81	Level 1	1	T	T	Resolved	174	2	2.469136
British England Scotland	64	Oversea	45	Level 1	1	I	I	Resolved	77	7	15.555556
British England Scotland	64	Oversea	45	Level 1	1	J	J	Resolved	94	1	2.222222
British England Scotland	64	Oversea	45	Level 1	1	R	R	Resolved	161	37	82.222222
CEPH United States	65	Oversea	87	Level 1	1	E	E	Resolved	39	2	2.298851
CEPH United States	65	Oversea	87	Level 1	1	G	G	Resolved	55	5	5.747126
CEPH United States	65	Oversea	87	Level 1	1	I	I	Resolved	77	21	24.137931
CEPH United States	65	Oversea	87	Level 1	1	J	J	Resolved	94	3	3.448276
CEPH United States	65	Oversea	87	Level 1	1	R	R	Resolved	161	56	64.367816
Uygur Xinjiang	66	Northwest China	26	Level 1	1	C	C	Resolved	22	2	7.692308
Uygur Xinjiang	66	Northwest China	26	Level 1	1	F	F	Resolved	49	2	7.692308
Uygur Xinjiang	66	Northwest China	26	Level 1	1	G	G	Resolved	55	1	3.846154
Uygur Xinjiang	66	Northwest China	26	Level 1	1	H	H	Resolved	65	1	3.846154
Uygur Xinjiang	66	Northwest China	26	Level 1	1	J	J	Resolved	94	4	15.384615
Uygur Xinjiang	66	Northwest China	26	Level 1	1	L	L	Resolved	109	1	3.846154
Uygur Xinjiang	66	Northwest China	26	Level 1	1	N	N	Resolved	114	1	3.846154
Uygur Xinjiang	66	Northwest China	26	Level 1	1	O	O	Resolved	127	4	15.384615
Uygur Xinjiang	66	Northwest China	26	Level 1	1	R	R	Resolved	161	10	38.461538
Brahui Pakistan	67	Oversea	23	Level 1	1	C	C	Resolved	22	1	4.347826
Brahui Pakistan	67	Oversea	23	Level 1	1	G	G	Resolved	55	4	17.391304
Brahui Pakistan	67	Oversea	23	Level 1	1	H	H	Resolved	65	1	4.347826
Brahui Pakistan	67	Oversea	23	Level 1	1	J	J	Resolved	94	7	30.434783
Brahui Pakistan	67	Oversea	23	Level 1	1	L	L	Resolved	109	2	8.695652
Brahui Pakistan	67	Oversea	23	Level 1	1	R	R	Resolved	161	8	34.782609
Punjabi Pakistan	68	Oversea	77	Level 1	1	C	C	Resolved	22	1	1.298701
Punjabi Pakistan	68	Oversea	77	Level 1	1	G	G	Resolved	55	9	11.688312
Punjabi Pakistan	68	Oversea	77	Level 1	1	H	H	Resolved	65	6	7.792208
Punjabi Pakistan	68	Oversea	77	Level 1	1	J	J	Resolved	94	15	19.480519
Punjabi Pakistan	68	Oversea	77	Level 1	1	L	L	Resolved	109	4	5.194805
Punjabi Pakistan	68	Oversea	77	Level 1	1	Q	Q	Resolved	145	4	5.194805
Punjabi Pakistan	68	Oversea	77	Level 1	1	R	R	Resolved	161	38	49.350649
Balochi Pakistan	69	Oversea	22	Level 1	1	E	E	Resolved	39	1	4.545455
Balochi Pakistan	69	Oversea	22	Level 1	1	H	H	Resolved	65	1	4.545455
Balochi Pakistan	69	Oversea	22	Level 1	1	J	J	Resolved	94	4	18.181818
Balochi Pakistan	69	Oversea	22	Level 1	1	L	L	Resolved	109	4	18.181818
Balochi Pakistan	69	Oversea	22	Level 1	1	R	R	Resolved	161	12	54.545455
Telugu United Kingdom	70	Oversea	60	Level 1	1	C	C	Resolved	22	1	1.666667
Telugu United Kingdom	70	Oversea	60	Level 1	1	H	H	Resolved	65	16	26.666667
Telugu United Kingdom	70	Oversea	60	Level 1	1	J	J	Resolved	94	3	5
Telugu United Kingdom	70	Oversea	60	Level 1	1	L	L	Resolved	109	8	13.333333
Telugu United Kingdom	70	Oversea	60	Level 1	1	N	N	Resolved	114	1	1.666667
Telugu United Kingdom	70	Oversea	60	Level 1	1	NO	NO	Resolved	125	1	1.666667
Telugu United Kingdom	70	Oversea	60	Level 1	1	Q	Q	Resolved	145	1	1.666667
Telugu United Kingdom	70	Oversea	60	Level 1	1	R	R	Resolved	161	29	48.333333
Tamil United Kingdom	71	Oversea	64	Level 1	1	C	C	Resolved	22	1	1.5625
Tamil United Kingdom	71	Oversea	64	Level 1	1	H	H	Resolved	65	16	25
Tamil United Kingdom	71	Oversea	64	Level 1	1	J	J	Resolved	94	7	10.9375
Tamil United Kingdom	71	Oversea	64	Level 1	1	L	L	Resolved	109	12	18.75
Tamil United Kingdom	71	Oversea	64	Level 1	1	Q	Q	Resolved	145	3	4.6875
Tamil United Kingdom	71	Oversea	64	Level 1	1	R	R	Resolved	161	25	39.0625
Gujarati United States	72	Oversea	56	Level 1	1	C	C	Resolved	22	12	21.428571
Gujarati United States	72	Oversea	56	Level 1	1	G	G	Resolved	55	2	3.571429
Gujarati United States	72	Oversea	56	Level 1	1	H	H	Resolved	65	11	19.642857
Gujarati United States	72	Oversea	56	Level 1	1	J	J	Resolved	94	5	8.928571
Gujarati United States	72	Oversea	56	Level 1	1	L	L	Resolved	109	5	8.928571
Gujarati United States	72	Oversea	56	Level 1	1	R	R	Resolved	161	21	37.5
Bengali Bangladesh	73	Oversea	58	Level 1	1	C	C	Resolved	22	4	6.896552
Bengali Bangladesh	73	Oversea	58	Level 1	1	H	H	Resolved	65	22	37.931034
Bengali Bangladesh	73	Oversea	58	Level 1	1	J	J	Resolved	94	7	12.068966
Bengali Bangladesh	73	Oversea	58	Level 1	1	L	L	Resolved	109	2	3.448276
Bengali Bangladesh	73	Oversea	58	Level 1	1	O	O	Resolved	127	4	6.896552
Bengali Bangladesh	73	Oversea	58	Level 1	1	Q	Q	Resolved	145	3	5.172414
Bengali Bangladesh	73	Oversea	58	Level 1	1	R	R	Resolved	161	16	27.586207
African Ancestry United States	74	Oversea	33	Level 1	1	E	E	Resolved	39	23	69.69697
African Ancestry United States	74	Oversea	33	Level 1	1	I	I	Resolved	77	3	9.090909
African Ancestry United States	74	Oversea	33	Level 1	1	R	R	Resolved	161	7	21.212121
African Caribbean Barbados	75	Oversea	57	Level 1	1	A	A	Resolved	1	1	1.754386
African Caribbean Barbados	75	Oversea	57	Level 1	1	E	E	Resolved	39	42	73.684211
African Caribbean Barbados	75	Oversea	57	Level 1	1	I	I	Resolved	77	6	10.526316
African Caribbean Barbados	75	Oversea	57	Level 1	1	R	R	Resolved	161	8	14.035088
Mende Sierra Leone	76	Oversea	50	Level 1	1	B	B	Resolved	10	2	4
Mende Sierra Leone	76	Oversea	50	Level 1	1	E	E	Resolved	39	46	92
Mende Sierra Leone	76	Oversea	50	Level 1	1	G	G	Resolved	55	2	4
Yoruba Nigeria	77	Oversea	105	Level 1	1	B	B	Resolved	10	1	0.952381
Yoruba Nigeria	77	Oversea	105	Level 1	1	E	E	Resolved	39	104	99.047619
Esan Nigeria	78	Oversea	83	Level 1	1	E	E	Resolved	39	83	100
Luhya Kenya	79	Oversea	44	Level 1	1	B	B	Resolved	10	3	6.818182
Luhya Kenya	79	Oversea	44	Level 1	1	E	E	Resolved	39	41	93.181818
Gambian Gambia	80	Oversea	93	Level 1	1	A	A	Resolved	1	7	7.526882
Gambian Gambia	80	Oversea	93	Level 1	1	B	B	Resolved	10	2	2.150538
Gambian Gambia	80	Oversea	93	Level 1	1	E	E	Resolved	39	84	90.322581
Biaka Central African Republic	81	Oversea	24	Level 1	1	B	B	Resolved	10	7	29.166667
Biaka Central African Republic	81	Oversea	24	Level 1	1	E	E	Resolved	39	17	70.833333
Finnish Finland	1	Oversea	38	Level 2	2	I1	I	Resolved	78	9	23.684211
Finnish Finland	1	Oversea	38	Level 2	2	I2	I	Resolved	90	1	2.631579
Finnish Finland	1	Oversea	38	Level 2	2	J1	J	Resolved	95	1	2.631579
Finnish Finland	1	Oversea	38	Level 2	2	N1	N	Resolved	116	23	60.526316
Finnish Finland	1	Oversea	38	Level 2	2	R1	R	Resolved	162	4	10.526316
Han Chongqing	2	Southwest China	25	Level 2	2	F2	F	Resolved	51	4	16
Han Chongqing	2	Southwest China	25	Level 2	2	N1	N	Resolved	116	17	68
Han Chongqing	2	Southwest China	25	Level 2	2	O2	O	Resolved	138	4	16
Hani Yunnan	3	Southwest China	241	Level 2	2	C2	C	Resolved	28	9	3.73444
Hani Yunnan	3	Southwest China	241	Level 2	2	D1	D	Resolved	35	2	0.829876
Hani Yunnan	3	Southwest China	241	Level 2	2	F2	F	Resolved	51	26	10.788382
Hani Yunnan	3	Southwest China	241	Level 2	2	N1	N	Resolved	116	122	50.622407
Hani Yunnan	3	Southwest China	241	Level 2	2	O1	O	Resolved	128	14	5.809129
Hani Yunnan	3	Southwest China	241	Level 2	2	O2	O	Resolved	138	10	4.149378
Hani Yunnan	3	Southwest China	241	Level 2	2	Q1	Q	Resolved	146	58	24.06639
Lahu Yunnan	4	Southwest China	31	Level 2	2	F2	F	Resolved	51	17	54.83871
Lahu Yunnan	4	Southwest China	31	Level 2	2	O1	O	Resolved	128	4	12.903226
Lahu Yunnan	4	Southwest China	31	Level 2	2	O2	O	Resolved	138	10	32.258065
Yi Yunnan	5	Southwest China	174	Level 2	2	C1	C	Resolved	23	2	1.149425
Yi Yunnan	5	Southwest China	174	Level 2	2	C2	C	Resolved	28	5	2.873563
Yi Yunnan	5	Southwest China	174	Level 2	2	D1	D	Resolved	35	8	4.597701
Yi Yunnan	5	Southwest China	174	Level 2	2	F2	F	Resolved	51	61	35.057471
Yi Yunnan	5	Southwest China	174	Level 2	2	N1	N	Resolved	116	11	6.321839
Yi Yunnan	5	Southwest China	174	Level 2	2	O1	O	Resolved	128	48	27.586207
Yi Yunnan	5	Southwest China	174	Level 2	2	O2	O	Resolved	138	38	21.83908
Yi Yunnan	5	Southwest China	174	Level 2	2	R1	R	Resolved	162	1	0.574713
Japanese Japan	6	Oversea	76	Level 2	2	C1	C	Resolved	23	5	6.578947
Japanese Japan	6	Oversea	76	Level 2	2	C2	C	Resolved	28	4	5.263158
Japanese Japan	6	Oversea	76	Level 2	2	D1	D	Resolved	35	26	34.210526
Japanese Japan	6	Oversea	76	Level 2	2	O1	O	Resolved	128	27	35.526316
Japanese Japan	6	Oversea	76	Level 2	2	O2	O	Resolved	138	14	18.421053
Yao Yunnan	7	Southwest China	20	Level 2	2	C2	C	Resolved	28	1	5
Yao Yunnan	7	Southwest China	20	Level 2	2	O1	O	Resolved	128	15	75
Yao Yunnan	7	Southwest China	20	Level 2	2	O2	O	Resolved	138	4	20
Sui Guizhou	8	Southwest China	35	Level 2	2	O1	O	Resolved	128	27	77.142857
Sui Guizhou	8	Southwest China	35	Level 2	2	O2	O	Resolved	138	8	22.857143
Li Hainan	9	South China	42	Level 2	2	N1	N	Resolved	116	1	2.380952
Li Hainan	9	South China	42	Level 2	2	O1	O	Resolved	128	32	76.190476
Li Hainan	9	South China	42	Level 2	2	O2	O	Resolved	138	9	21.428571
Yao Guangxi	10	South China	20	Level 2	2	C1	C	Resolved	23	2	10
Yao Guangxi	10	South China	20	Level 2	2	D1	D	Resolved	35	1	5
Yao Guangxi	10	South China	20	Level 2	2	N1	N	Resolved	116	1	5
Yao Guangxi	10	South China	20	Level 2	2	O1	O	Resolved	128	11	55
Yao Guangxi	10	South China	20	Level 2	2	O2	O	Resolved	138	5	25
Zhuang Guangxi	11	South China	243	Level 2	2	C1	C	Resolved	23	3	1.234568
Zhuang Guangxi	11	South China	243	Level 2	2	C2	C	Resolved	28	5	2.057613
Zhuang Guangxi	11	South China	243	Level 2	2	D1	D	Resolved	35	5	2.057613
Zhuang Guangxi	11	South China	243	Level 2	2	F2	F	Resolved	51	1	0.41152300000000003
Zhuang Guangxi	11	South China	243	Level 2	2	N1	N	Resolved	116	7	2.880658
Zhuang Guangxi	11	South China	243	Level 2	2	O1	O	Resolved	128	142	58.436214
Zhuang Guangxi	11	South China	243	Level 2	2	O2	O	Resolved	138	80	32.921811
Dai Yunnan	12	Southwest China	77	Level 2	2	C1	C	Resolved	23	1	1.298701
Dai Yunnan	12	Southwest China	77	Level 2	2	C2	C	Resolved	28	1	1.298701
Dai Yunnan	12	Southwest China	77	Level 2	2	F2	F	Resolved	51	2	2.597403
Dai Yunnan	12	Southwest China	77	Level 2	2	O1	O	Resolved	128	42	54.545455
Dai Yunnan	12	Southwest China	77	Level 2	2	O2	O	Resolved	138	30	38.961039
Dai Yunnan	12	Southwest China	77	Level 2	2	Q1	Q	Resolved	146	1	1.298701
Blang Yunnan	13	Southwest China	41	Level 2	2	C2	C	Resolved	28	12	29.268293
Blang Yunnan	13	Southwest China	41	Level 2	2	F2	F	Resolved	51	1	2.439024
Blang Yunnan	13	Southwest China	41	Level 2	2	N1	N	Resolved	116	2	4.878049
Blang Yunnan	13	Southwest China	41	Level 2	2	O1	O	Resolved	128	21	51.219512
Blang Yunnan	13	Southwest China	41	Level 2	2	O2	O	Resolved	138	3	7.317073
Blang Yunnan	13	Southwest China	41	Level 2	2	Q1	Q	Resolved	146	2	4.878049
Hui Gansu	14	Northwest China	36	Level 2	2	C2	C	Resolved	28	7	19.444444
Hui Gansu	14	Northwest China	36	Level 2	2	D1	D	Resolved	35	1	2.777778
Hui Gansu	14	Northwest China	36	Level 2	2	G2	G	Resolved	59	1	2.777778
Hui Gansu	14	Northwest China	36	Level 2	2	H1	H	Resolved	66	1	2.777778
Hui Gansu	14	Northwest China	36	Level 2	2	J2	J	Resolved	102	1	2.777778
Hui Gansu	14	Northwest China	36	Level 2	2	N1	N	Resolved	116	1	2.777778
Hui Gansu	14	Northwest China	36	Level 2	2	O1	O	Resolved	128	1	2.777778
Hui Gansu	14	Northwest China	36	Level 2	2	O2	O	Resolved	138	12	33.333333
Hui Gansu	14	Northwest China	36	Level 2	2	Q1	Q	Resolved	146	2	5.555556
Hui Gansu	14	Northwest China	36	Level 2	2	Q2	Q	Resolved	153	1	2.777778
Hui Gansu	14	Northwest China	36	Level 2	2	R1	R	Resolved	162	8	22.222222
Hui Shandong	15	East China	24	Level 2	2	C2	C	Resolved	28	3	12.5
Hui Shandong	15	East China	24	Level 2	2	D1	D	Resolved	35	1	4.166667
Hui Shandong	15	East China	24	Level 2	2	J2	J	Resolved	102	1	4.166667
Hui Shandong	15	East China	24	Level 2	2	N1	N	Resolved	116	2	8.333333
Hui Shandong	15	East China	24	Level 2	2	O1	O	Resolved	128	4	16.666667
Hui Shandong	15	East China	24	Level 2	2	O2	O	Resolved	138	6	25
Hui Shandong	15	East China	24	Level 2	2	Q1	Q	Resolved	146	2	8.333333
Hui Shandong	15	East China	24	Level 2	2	R1	R	Resolved	162	3	12.5
Hui Shandong	15	East China	24	Level 2	2	R2	R	Resolved	169	1	4.166667
Hui Shandong	15	East China	24	Level 2	2	T1	T	Resolved	175	1	4.166667
Qiang Sichuan	16	Southwest China	44	Level 2	2	C2	C	Resolved	28	2	4.545455
Qiang Sichuan	16	Southwest China	44	Level 2	2	D1	D	Resolved	35	8	18.181818
Qiang Sichuan	16	Southwest China	44	Level 2	2	N1	N	Resolved	116	6	13.636364
Qiang Sichuan	16	Southwest China	44	Level 2	2	O1	O	Resolved	128	10	22.727273
Qiang Sichuan	16	Southwest China	44	Level 2	2	O2	O	Resolved	138	15	34.090909
Qiang Sichuan	16	Southwest China	44	Level 2	2	Q1	Q	Resolved	146	3	6.818182
Yi Sichuan	17	Southwest China	233	Level 2	2	C1	C	Resolved	23	5	2.145923
Yi Sichuan	17	Southwest China	233	Level 2	2	C2	C	Resolved	28	12	5.150215
Yi Sichuan	17	Southwest China	233	Level 2	2	D1	D	Resolved	35	40	17.167382
Yi Sichuan	17	Southwest China	233	Level 2	2	F2	F	Resolved	51	14	6.008584
Yi Sichuan	17	Southwest China	233	Level 2	2	N1	N	Resolved	116	15	6.437768
Yi Sichuan	17	Southwest China	233	Level 2	2	O1	O	Resolved	128	43	18.454936
Yi Sichuan	17	Southwest China	233	Level 2	2	O2	O	Resolved	138	101	43.347639
Yi Sichuan	17	Southwest China	233	Level 2	2	Q1	Q	Resolved	146	3	1.287554
Lisu Yunnan	18	Southwest China	39	Level 2	2	C2	C	Resolved	28	3	7.692308
Lisu Yunnan	18	Southwest China	39	Level 2	2	F2	F	Resolved	51	7	17.948718
Lisu Yunnan	18	Southwest China	39	Level 2	2	N1	N	Resolved	116	2	5.128205
Lisu Yunnan	18	Southwest China	39	Level 2	2	O1	O	Resolved	128	6	15.384615
Lisu Yunnan	18	Southwest China	39	Level 2	2	O2	O	Resolved	138	19	48.717949
Lisu Yunnan	18	Southwest China	39	Level 2	2	R1	R	Resolved	162	2	5.128205
Man Hebei	19	North China	22	Level 2	2	C2	C	Resolved	28	2	9.090909
Man Hebei	19	North China	22	Level 2	2	J2	J	Resolved	102	1	4.545455
Man Hebei	19	North China	22	Level 2	2	N1	N	Resolved	116	1	4.545455
Man Hebei	19	North China	22	Level 2	2	O1	O	Resolved	128	3	13.636364
Man Hebei	19	North China	22	Level 2	2	O2	O	Resolved	138	12	54.545455
Man Hebei	19	North China	22	Level 2	2	Q1	Q	Resolved	146	2	9.090909
Man Hebei	19	North China	22	Level 2	2	R1	R	Resolved	162	1	4.545455
Han Shaanxi	20	Northwest China	671	Level 2	2	C1	C	Resolved	23	2	0.298063
Han Shaanxi	20	Northwest China	671	Level 2	2	C2	C	Resolved	28	83	12.369598
Han Shaanxi	20	Northwest China	671	Level 2	2	D1	D	Resolved	35	20	2.980626
Han Shaanxi	20	Northwest China	671	Level 2	2	E1	E	Resolved	40	6	0.894188
Han Shaanxi	20	Northwest China	671	Level 2	2	F2	F	Resolved	51	1	0.149031
Han Shaanxi	20	Northwest China	671	Level 2	2	G1	G	Resolved	56	1	0.149031
Han Shaanxi	20	Northwest China	671	Level 2	2	G2	G	Resolved	59	1	0.149031
Han Shaanxi	20	Northwest China	671	Level 2	2	J2	J	Resolved	102	5	0.745156
Han Shaanxi	20	Northwest China	671	Level 2	2	N1	N	Resolved	116	76	11.326379
Han Shaanxi	20	Northwest China	671	Level 2	2	O1	O	Resolved	128	68	10.134128
Han Shaanxi	20	Northwest China	671	Level 2	2	O2	O	Resolved	138	341	50.819672
Han Shaanxi	20	Northwest China	671	Level 2	2	Q1	Q	Resolved	146	48	7.153502
Han Shaanxi	20	Northwest China	671	Level 2	2	R1	R	Resolved	162	18	2.682563
Han Shaanxi	20	Northwest China	671	Level 2	2	R2	R	Resolved	169	1	0.149031
Han Gansu	21	Northwest China	309	Level 2	2	C2	C	Resolved	28	35	11.326861
Han Gansu	21	Northwest China	309	Level 2	2	D1	D	Resolved	35	15	4.854369
Han Gansu	21	Northwest China	309	Level 2	2	E1	E	Resolved	40	2	0.647249
Han Gansu	21	Northwest China	309	Level 2	2	G2	G	Resolved	59	2	0.647249
Han Gansu	21	Northwest China	309	Level 2	2	J1	J	Resolved	95	4	1.294498
Han Gansu	21	Northwest China	309	Level 2	2	J2	J	Resolved	102	3	0.970874
Han Gansu	21	Northwest China	309	Level 2	2	N1	N	Resolved	116	30	9.708738
Han Gansu	21	Northwest China	309	Level 2	2	O1	O	Resolved	128	32	10.355987
Han Gansu	21	Northwest China	309	Level 2	2	O2	O	Resolved	138	165	53.398058
Han Gansu	21	Northwest China	309	Level 2	2	Q1	Q	Resolved	146	7	2.265372
Han Gansu	21	Northwest China	309	Level 2	2	Q2	Q	Resolved	153	1	0.323625
Han Gansu	21	Northwest China	309	Level 2	2	R1	R	Resolved	162	13	4.20712
Han Henan	22	Central China	35	Level 2	2	C2	C	Resolved	28	2	5.714286
Han Henan	22	Central China	35	Level 2	2	N1	N	Resolved	116	7	20
Han Henan	22	Central China	35	Level 2	2	O1	O	Resolved	128	6	17.142857
Han Henan	22	Central China	35	Level 2	2	O2	O	Resolved	138	19	54.285714
Han Henan	22	Central China	35	Level 2	2	Q1	Q	Resolved	146	1	2.857143
Han Beijing	23	North China	51	Level 2	2	C2	C	Resolved	28	3	5.882353
Han Beijing	23	North China	51	Level 2	2	F*	F	Unresolved	50	1	1.960784
Han Beijing	23	North China	51	Level 2	2	G2	G	Resolved	59	1	1.960784
Han Beijing	23	North China	51	Level 2	2	N1	N	Resolved	116	8	15.686275
Han Beijing	23	North China	51	Level 2	2	O1	O	Resolved	128	12	23.529412
Han Beijing	23	North China	51	Level 2	2	O2	O	Resolved	138	25	49.019608
Han Beijing	23	North China	51	Level 2	2	R1	R	Resolved	162	1	1.960784
Han Sichuan	24	Southwest China	1231	Level 2	2	C1	C	Resolved	23	8	0.649878
Han Sichuan	24	Southwest China	1231	Level 2	2	C2	C	Resolved	28	113	9.179529
Han Sichuan	24	Southwest China	1231	Level 2	2	D1	D	Resolved	35	35	2.843217
Han Sichuan	24	Southwest China	1231	Level 2	2	F2	F	Resolved	51	3	0.243704
Han Sichuan	24	Southwest China	1231	Level 2	2	G1	G	Resolved	56	2	0.16247
Han Sichuan	24	Southwest China	1231	Level 2	2	J1	J	Resolved	95	1	0.081235
Han Sichuan	24	Southwest China	1231	Level 2	2	J2	J	Resolved	102	3	0.243704
Han Sichuan	24	Southwest China	1231	Level 2	2	N*	N	Unresolved	115	1	0.081235
Han Sichuan	24	Southwest China	1231	Level 2	2	N1	N	Resolved	116	143	11.616572
Han Sichuan	24	Southwest China	1231	Level 2	2	NO*	NO	Unresolved	126	1	0.081235
Han Sichuan	24	Southwest China	1231	Level 2	2	O1	O	Resolved	128	280	22.745735
Han Sichuan	24	Southwest China	1231	Level 2	2	O2	O	Resolved	138	596	48.415922
Han Sichuan	24	Southwest China	1231	Level 2	2	Q1	Q	Resolved	146	36	2.924452
Han Sichuan	24	Southwest China	1231	Level 2	2	Q2	Q	Resolved	153	1	0.081235
Han Sichuan	24	Southwest China	1231	Level 2	2	R1	R	Resolved	162	8	0.649878
Han Yunnan	25	Southwest China	303	Level 2	2	C1	C	Resolved	23	2	0.660066
Han Yunnan	25	Southwest China	303	Level 2	2	C2	C	Resolved	28	26	8.580858
Han Yunnan	25	Southwest China	303	Level 2	2	D1	D	Resolved	35	5	1.650165
Han Yunnan	25	Southwest China	303	Level 2	2	F2	F	Resolved	51	35	11.551155
Han Yunnan	25	Southwest China	303	Level 2	2	N1	N	Resolved	116	34	11.221122
Han Yunnan	25	Southwest China	303	Level 2	2	O1	O	Resolved	128	53	17.491749
Han Yunnan	25	Southwest China	303	Level 2	2	O2	O	Resolved	138	131	43.234323
Han Yunnan	25	Southwest China	303	Level 2	2	Q1	Q	Resolved	146	12	3.960396
Han Yunnan	25	Southwest China	303	Level 2	2	R1	R	Resolved	162	5	1.650165
Bai Yunnan	26	Southwest China	59	Level 2	2	C2	C	Resolved	28	2	3.389831
Bai Yunnan	26	Southwest China	59	Level 2	2	D1	D	Resolved	35	2	3.389831
Bai Yunnan	26	Southwest China	59	Level 2	2	F2	F	Resolved	51	5	8.474576
Bai Yunnan	26	Southwest China	59	Level 2	2	N1	N	Resolved	116	14	23.728814
Bai Yunnan	26	Southwest China	59	Level 2	2	O1	O	Resolved	128	10	16.949153
Bai Yunnan	26	Southwest China	59	Level 2	2	O2	O	Resolved	138	24	40.677966
Bai Yunnan	26	Southwest China	59	Level 2	2	Q1	Q	Resolved	146	2	3.389831
Naxi Yunnan	27	Southwest China	36	Level 2	2	C2	C	Resolved	28	1	2.777778
Naxi Yunnan	27	Southwest China	36	Level 2	2	D1	D	Resolved	35	2	5.555556
Naxi Yunnan	27	Southwest China	36	Level 2	2	N1	N	Resolved	116	9	25
Naxi Yunnan	27	Southwest China	36	Level 2	2	O1	O	Resolved	128	4	11.111111
Naxi Yunnan	27	Southwest China	36	Level 2	2	O2	O	Resolved	138	16	44.444444
Naxi Yunnan	27	Southwest China	36	Level 2	2	Q1	Q	Resolved	146	4	11.111111
Tujia Sichuan	28	Southwest China	27	Level 2	2	C2	C	Resolved	28	4	14.814815
Tujia Sichuan	28	Southwest China	27	Level 2	2	D1	D	Resolved	35	1	3.703704
Tujia Sichuan	28	Southwest China	27	Level 2	2	O1	O	Resolved	128	6	22.222222
Tujia Sichuan	28	Southwest China	27	Level 2	2	O2	O	Resolved	138	15	55.555556
Tujia Sichuan	28	Southwest China	27	Level 2	2	Q1	Q	Resolved	146	1	3.703704
Tujia Hunan	29	Central China	24	Level 2	2	C2	C	Resolved	28	3	12.5
Tujia Hunan	29	Central China	24	Level 2	2	O1	O	Resolved	128	7	29.166667
Tujia Hunan	29	Central China	24	Level 2	2	O2	O	Resolved	138	12	50
Tujia Hunan	29	Central China	24	Level 2	2	Q1	Q	Resolved	146	2	8.333333
She Fujian	30	East China	21	Level 2	2	O1	O	Resolved	128	7	33.333333
She Fujian	30	East China	21	Level 2	2	O2	O	Resolved	138	14	66.666667
De'ang Yunnan	31	Southwest China	39	Level 2	2	D1	D	Resolved	35	3	7.692308
De'ang Yunnan	31	Southwest China	39	Level 2	2	N1	N	Resolved	116	1	2.564103
De'ang Yunnan	31	Southwest China	39	Level 2	2	O1	O	Resolved	128	13	33.333333
De'ang Yunnan	31	Southwest China	39	Level 2	2	O2	O	Resolved	138	22	56.410256
Miao Guizhou	32	Southwest China	27	Level 2	2	C2	C	Resolved	28	1	3.703704
Miao Guizhou	32	Southwest China	27	Level 2	2	N1	N	Resolved	116	3	11.111111
Miao Guizhou	32	Southwest China	27	Level 2	2	O1	O	Resolved	128	9	33.333333
Miao Guizhou	32	Southwest China	27	Level 2	2	O2	O	Resolved	138	14	51.851852
Tujia Guizhou	33	Southwest China	44	Level 2	2	C2	C	Resolved	28	4	9.090909
Tujia Guizhou	33	Southwest China	44	Level 2	2	N1	N	Resolved	116	3	6.818182
Tujia Guizhou	33	Southwest China	44	Level 2	2	O1	O	Resolved	128	13	29.545455
Tujia Guizhou	33	Southwest China	44	Level 2	2	O2	O	Resolved	138	24	54.545455
Han Guangxi	34	South China	338	Level 2	2	C2	C	Resolved	28	6	1.775148
Han Guangxi	34	South China	338	Level 2	2	D1	D	Resolved	35	15	4.43787
Han Guangxi	34	South China	338	Level 2	2	F*	F	Unresolved	50	3	0.887574
Han Guangxi	34	South China	338	Level 2	2	N1	N	Resolved	116	19	5.621302
Han Guangxi	34	South China	338	Level 2	2	O1	O	Resolved	128	137	40.532544
Han Guangxi	34	South China	338	Level 2	2	O2	O	Resolved	138	154	45.56213
Han Guangxi	34	South China	338	Level 2	2	Q1	Q	Resolved	146	4	1.183432
Kinh Vietnam	35	Oversea	60	Level 2	2	C2	C	Resolved	28	1	1.666667
Kinh Vietnam	35	Oversea	60	Level 2	2	F4	F	Resolved	53	1	1.666667
Kinh Vietnam	35	Oversea	60	Level 2	2	N1	N	Resolved	116	2	3.333333
Kinh Vietnam	35	Oversea	60	Level 2	2	O1	O	Resolved	128	24	40
Kinh Vietnam	35	Oversea	60	Level 2	2	O2	O	Resolved	138	28	46.666667
Kinh Vietnam	35	Oversea	60	Level 2	2	Q1	Q	Resolved	146	4	6.666667
Han Guizhou	36	Southwest China	49	Level 2	2	C2	C	Resolved	28	6	12.244898
Han Guizhou	36	Southwest China	49	Level 2	2	F2	F	Resolved	51	2	4.081633
Han Guizhou	36	Southwest China	49	Level 2	2	N1	N	Resolved	116	6	12.244898
Han Guizhou	36	Southwest China	49	Level 2	2	O1	O	Resolved	128	17	34.693878
Han Guizhou	36	Southwest China	49	Level 2	2	O2	O	Resolved	138	17	34.693878
Han Guizhou	36	Southwest China	49	Level 2	2	Q1	Q	Resolved	146	1	2.040816
Va Yunnan	37	Southwest China	24	Level 2	2	C2	C	Resolved	28	5	20.833333
Va Yunnan	37	Southwest China	24	Level 2	2	N1	N	Resolved	116	5	20.833333
Va Yunnan	37	Southwest China	24	Level 2	2	O1	O	Resolved	128	8	33.333333
Va Yunnan	37	Southwest China	24	Level 2	2	O2	O	Resolved	138	6	25
Tujia Chongqing	38	Southwest China	52	Level 2	2	C2	C	Resolved	28	15	28.846154
Tujia Chongqing	38	Southwest China	52	Level 2	2	D1	D	Resolved	35	3	5.7692310000000004
Tujia Chongqing	38	Southwest China	52	Level 2	2	N1	N	Resolved	116	6	11.538462000000001
Tujia Chongqing	38	Southwest China	52	Level 2	2	O1	O	Resolved	128	10	19.230769
Tujia Chongqing	38	Southwest China	52	Level 2	2	O2	O	Resolved	138	14	26.923077
Tujia Chongqing	38	Southwest China	52	Level 2	2	Q1	Q	Resolved	146	3	5.7692310000000004
Tujia Chongqing	38	Southwest China	52	Level 2	2	R2	R	Resolved	169	1	1.923077
Man Heilongjiang	39	Northeast China	21	Level 2	2	C2	C	Resolved	28	8	38.095238
Man Heilongjiang	39	Northeast China	21	Level 2	2	D1	D	Resolved	35	1	4.761905
Man Heilongjiang	39	Northeast China	21	Level 2	2	O1	O	Resolved	128	2	9.52381
Man Heilongjiang	39	Northeast China	21	Level 2	2	O2	O	Resolved	138	9	42.857143
Man Heilongjiang	39	Northeast China	21	Level 2	2	Q1	Q	Resolved	146	1	4.761905
Miao Yunnan	40	Southwest China	40	Level 2	2	C1	C	Resolved	23	1	2.5
Miao Yunnan	40	Southwest China	40	Level 2	2	C2	C	Resolved	28	10	25
Miao Yunnan	40	Southwest China	40	Level 2	2	D1	D	Resolved	35	6	15
Miao Yunnan	40	Southwest China	40	Level 2	2	N1	N	Resolved	116	3	7.5
Miao Yunnan	40	Southwest China	40	Level 2	2	O1	O	Resolved	128	3	7.5
Miao Yunnan	40	Southwest China	40	Level 2	2	O2	O	Resolved	138	17	42.5
Man Liaoning	41	Northeast China	83	Level 2	2	C2	C	Resolved	28	24	28.915663
Man Liaoning	41	Northeast China	83	Level 2	2	D1	D	Resolved	35	1	1.204819
Man Liaoning	41	Northeast China	83	Level 2	2	E1	E	Resolved	40	1	1.204819
Man Liaoning	41	Northeast China	83	Level 2	2	N1	N	Resolved	116	8	9.638554
Man Liaoning	41	Northeast China	83	Level 2	2	O1	O	Resolved	128	8	9.638554
Man Liaoning	41	Northeast China	83	Level 2	2	O2	O	Resolved	138	39	46.987952
Man Liaoning	41	Northeast China	83	Level 2	2	Q1	Q	Resolved	146	1	1.204819
Man Liaoning	41	Northeast China	83	Level 2	2	R1	R	Resolved	162	1	1.204819
Man Shandong	42	East China	20	Level 2	2	C2	C	Resolved	28	5	25
Man Shandong	42	East China	20	Level 2	2	N1	N	Resolved	116	1	5
Man Shandong	42	East China	20	Level 2	2	O1	O	Resolved	128	3	15
Man Shandong	42	East China	20	Level 2	2	O2	O	Resolved	138	9	45
Man Shandong	42	East China	20	Level 2	2	Q1	Q	Resolved	146	1	5
Man Shandong	42	East China	20	Level 2	2	R1	R	Resolved	162	1	5
Man Jilin	43	Northeast China	33	Level 2	2	C2	C	Resolved	28	8	24.242424
Man Jilin	43	Northeast China	33	Level 2	2	N1	N	Resolved	116	4	12.121212
Man Jilin	43	Northeast China	33	Level 2	2	O1	O	Resolved	128	7	21.212121
Man Jilin	43	Northeast China	33	Level 2	2	O2	O	Resolved	138	14	42.424242
Man Beijing	44	North China	38	Level 2	2	C2	C	Resolved	28	10	26.315789
Man Beijing	44	North China	38	Level 2	2	N1	N	Resolved	116	2	5.263158
Man Beijing	44	North China	38	Level 2	2	O1	O	Resolved	128	8	21.052632
Man Beijing	44	North China	38	Level 2	2	O2	O	Resolved	138	18	47.368421
Tujia Hubei	45	Central China	34	Level 2	2	C2	C	Resolved	28	7	20.588235
Tujia Hubei	45	Central China	34	Level 2	2	N1	N	Resolved	116	1	2.941176
Tujia Hubei	45	Central China	34	Level 2	2	O1	O	Resolved	128	10	29.411765
Tujia Hubei	45	Central China	34	Level 2	2	O2	O	Resolved	138	16	47.058824
Mongol Inner Mongolia	46	North China	93	Level 2	2	C2	C	Resolved	28	20	21.505376
Mongol Inner Mongolia	46	North China	93	Level 2	2	D1	D	Resolved	35	2	2.150538
Mongol Inner Mongolia	46	North China	93	Level 2	2	E1	E	Resolved	40	4	4.301075
Mongol Inner Mongolia	46	North China	93	Level 2	2	J2	J	Resolved	102	2	2.150538
Mongol Inner Mongolia	46	North China	93	Level 2	2	N1	N	Resolved	116	10	10.752688
Mongol Inner Mongolia	46	North China	93	Level 2	2	O1	O	Resolved	128	4	4.301075
Mongol Inner Mongolia	46	North China	93	Level 2	2	O2	O	Resolved	138	42	45.16129
Mongol Inner Mongolia	46	North China	93	Level 2	2	Q1	Q	Resolved	146	4	4.301075
Mongol Inner Mongolia	46	North China	93	Level 2	2	R1	R	Resolved	162	5	5.376344
Mongol Liaoning	47	Northeast China	29	Level 2	2	C2	C	Resolved	28	11	37.931034
Mongol Liaoning	47	Northeast China	29	Level 2	2	E1	E	Resolved	40	2	6.896552
Mongol Liaoning	47	Northeast China	29	Level 2	2	N1	N	Resolved	116	4	13.793103
Mongol Liaoning	47	Northeast China	29	Level 2	2	O1	O	Resolved	128	2	6.896552
Mongol Liaoning	47	Northeast China	29	Level 2	2	O2	O	Resolved	138	9	31.034483
Mongol Liaoning	47	Northeast China	29	Level 2	2	R1	R	Resolved	162	1	3.448276
Jingpo Yunnan	48	Southwest China	28	Level 2	2	C2	C	Resolved	28	1	3.571429
Jingpo Yunnan	48	Southwest China	28	Level 2	2	D1	D	Resolved	35	1	3.571429
Jingpo Yunnan	48	Southwest China	28	Level 2	2	F2	F	Resolved	51	3	10.714286
Jingpo Yunnan	48	Southwest China	28	Level 2	2	O2	O	Resolved	138	23	82.142857
Pumi Yunnan	49	Southwest China	39	Level 2	2	C2	C	Resolved	28	1	2.564103
Pumi Yunnan	49	Southwest China	39	Level 2	2	D1	D	Resolved	35	5	12.820513
Pumi Yunnan	49	Southwest China	39	Level 2	2	O1	O	Resolved	128	1	2.564103
Pumi Yunnan	49	Southwest China	39	Level 2	2	O2	O	Resolved	138	32	82.051282
Achang Yunnan	50	Southwest China	26	Level 2	2	O1	O	Resolved	128	1	3.846154
Achang Yunnan	50	Southwest China	26	Level 2	2	O2	O	Resolved	138	25	96.153846
Han Guangdong	51	South China	130	Level 2	2	C2	C	Resolved	28	2	1.538462
Han Guangdong	51	South China	130	Level 2	2	F*	F	Unresolved	50	14	10.769231
Han Guangdong	51	South China	130	Level 2	2	F2	F	Resolved	51	1	0.769231
Han Guangdong	51	South China	130	Level 2	2	N1	N	Resolved	116	4	3.076923
Han Guangdong	51	South China	130	Level 2	2	O1	O	Resolved	128	19	14.615385
Han Guangdong	51	South China	130	Level 2	2	O2	O	Resolved	138	90	69.230769
Han Shandong	52	East China	25	Level 2	2	N1	N	Resolved	116	8	32
Han Shandong	52	East China	25	Level 2	2	O2	O	Resolved	138	17	68
Zang Xizang	53	Southwest China	442	Level 2	2	C2	C	Resolved	28	10	2.262443
Zang Xizang	53	Southwest China	442	Level 2	2	D1	D	Resolved	35	181	40.950226
Zang Xizang	53	Southwest China	442	Level 2	2	E1	E	Resolved	40	1	0.226244
Zang Xizang	53	Southwest China	442	Level 2	2	H1	H	Resolved	66	2	0.452489
Zang Xizang	53	Southwest China	442	Level 2	2	J2	J	Resolved	102	5	1.131222
Zang Xizang	53	Southwest China	442	Level 2	2	N1	N	Resolved	116	44	9.954751
Zang Xizang	53	Southwest China	442	Level 2	2	O1	O	Resolved	128	1	0.226244
Zang Xizang	53	Southwest China	442	Level 2	2	O2	O	Resolved	138	184	41.628959
Zang Xizang	53	Southwest China	442	Level 2	2	Q1	Q	Resolved	146	3	0.678733
Zang Xizang	53	Southwest China	442	Level 2	2	Q2	Q	Resolved	153	1	0.226244
Zang Xizang	53	Southwest China	442	Level 2	2	R1	R	Resolved	162	8	1.809955
Zang Xizang	53	Southwest China	442	Level 2	2	R2	R	Resolved	169	2	0.452489
Zang Yunnan	54	Southwest China	28	Level 2	2	C1	C	Resolved	23	1	3.571429
Zang Yunnan	54	Southwest China	28	Level 2	2	D1	D	Resolved	35	11	39.285714
Zang Yunnan	54	Southwest China	28	Level 2	2	N1	N	Resolved	116	2	7.142857
Zang Yunnan	54	Southwest China	28	Level 2	2	O1	O	Resolved	128	1	3.571429
Zang Yunnan	54	Southwest China	28	Level 2	2	O2	O	Resolved	138	10	35.714286
Zang Yunnan	54	Southwest China	28	Level 2	2	Q1	Q	Resolved	146	2	7.142857
Zang Yunnan	54	Southwest China	28	Level 2	2	R1	R	Resolved	162	1	3.571429
Zang Gansu	55	Northwest China	25	Level 2	2	D1	D	Resolved	35	13	52
Zang Gansu	55	Northwest China	25	Level 2	2	N1	N	Resolved	116	1	4
Zang Gansu	55	Northwest China	25	Level 2	2	O2	O	Resolved	138	9	36
Zang Gansu	55	Northwest China	25	Level 2	2	Q1	Q	Resolved	146	1	4
Zang Gansu	55	Northwest China	25	Level 2	2	R1	R	Resolved	162	1	4
Zang Sichuan	56	Southwest China	311	Level 2	2	C1	C	Resolved	23	1	0.321543
Zang Sichuan	56	Southwest China	311	Level 2	2	C2	C	Resolved	28	8	2.572347
Zang Sichuan	56	Southwest China	311	Level 2	2	D1	D	Resolved	35	173	55.62701
Zang Sichuan	56	Southwest China	311	Level 2	2	I1	I	Resolved	78	1	0.321543
Zang Sichuan	56	Southwest China	311	Level 2	2	J2	J	Resolved	102	1	0.321543
Zang Sichuan	56	Southwest China	311	Level 2	2	N1	N	Resolved	116	11	3.536977
Zang Sichuan	56	Southwest China	311	Level 2	2	O1	O	Resolved	128	8	2.572347
Zang Sichuan	56	Southwest China	311	Level 2	2	O2	O	Resolved	138	91	29.26045
Zang Sichuan	56	Southwest China	311	Level 2	2	Q1	Q	Resolved	146	3	0.96463
Zang Sichuan	56	Southwest China	311	Level 2	2	R1	R	Resolved	162	13	4.180064
Zang Sichuan	56	Southwest China	311	Level 2	2	R2	R	Resolved	169	1	0.321543
Bedouin Israel	57	Oversea	24	Level 2	2	B2	B	Resolved	12	1	4.166667
Bedouin Israel	57	Oversea	24	Level 2	2	E1	E	Resolved	40	3	12.5
Bedouin Israel	57	Oversea	24	Level 2	2	G2	G	Resolved	59	1	4.166667
Bedouin Israel	57	Oversea	24	Level 2	2	J1	J	Resolved	95	17	70.833333
Bedouin Israel	57	Oversea	24	Level 2	2	R1	R	Resolved	162	2	8.333333
Peruvian Peru	58	Oversea	51	Level 2	2	E1	E	Resolved	40	2	3.921569
Peruvian Peru	58	Oversea	51	Level 2	2	I1	I	Resolved	78	1	1.960784
Peruvian Peru	58	Oversea	51	Level 2	2	J1	J	Resolved	95	4	7.843137
Peruvian Peru	58	Oversea	51	Level 2	2	J2	J	Resolved	102	1	1.960784
Peruvian Peru	58	Oversea	51	Level 2	2	Q1	Q	Resolved	146	30	58.823529
Peruvian Peru	58	Oversea	51	Level 2	2	R1	R	Resolved	162	13	25.490196
Mexican Ancestry California	59	Oversea	43	Level 2	2	E1	E	Resolved	40	6	13.953488
Mexican Ancestry California	59	Oversea	43	Level 2	2	G2	G	Resolved	59	2	4.651163
Mexican Ancestry California	59	Oversea	43	Level 2	2	I1	I	Resolved	78	2	4.651163
Mexican Ancestry California	59	Oversea	43	Level 2	2	Q1	Q	Resolved	146	14	32.55814
Mexican Ancestry California	59	Oversea	43	Level 2	2	R1	R	Resolved	162	18	41.860465
Mexican Ancestry California	59	Oversea	43	Level 2	2	T1	T	Resolved	175	1	2.325581
Colombian Colombia	60	Oversea	58	Level 2	2	E1	E	Resolved	40	11	18.965517
Colombian Colombia	60	Oversea	58	Level 2	2	I1	I	Resolved	78	1	1.724138
Colombian Colombia	60	Oversea	58	Level 2	2	I2	I	Resolved	90	1	1.724138
Colombian Colombia	60	Oversea	58	Level 2	2	J1	J	Resolved	95	9	15.517241
Colombian Colombia	60	Oversea	58	Level 2	2	Q1	Q	Resolved	146	4	6.896552
Colombian Colombia	60	Oversea	58	Level 2	2	R1	R	Resolved	162	30	51.724138
Colombian Colombia	60	Oversea	58	Level 2	2	T1	T	Resolved	175	2	3.448276
Puerto Ricans Puerto Rico	61	Oversea	70	Level 2	2	B2	B	Resolved	12	1	1.428571
Puerto Ricans Puerto Rico	61	Oversea	70	Level 2	2	E1	E	Resolved	40	22	31.428571
Puerto Ricans Puerto Rico	61	Oversea	70	Level 2	2	G2	G	Resolved	59	3	4.285714
Puerto Ricans Puerto Rico	61	Oversea	70	Level 2	2	I2	I	Resolved	90	4	5.714286
Puerto Ricans Puerto Rico	61	Oversea	70	Level 2	2	J1	J	Resolved	95	1	1.428571
Puerto Ricans Puerto Rico	61	Oversea	70	Level 2	2	J2	J	Resolved	102	3	4.285714
Puerto Ricans Puerto Rico	61	Oversea	70	Level 2	2	R1	R	Resolved	162	33	47.142857
Puerto Ricans Puerto Rico	61	Oversea	70	Level 2	2	T1	T	Resolved	175	3	4.285714
Toscani Italy	62	Oversea	58	Level 2	2	E1	E	Resolved	40	5	8.62069
Toscani Italy	62	Oversea	58	Level 2	2	G2	G	Resolved	59	3	5.172414
Toscani Italy	62	Oversea	58	Level 2	2	I1	I	Resolved	78	2	3.448276
Toscani Italy	62	Oversea	58	Level 2	2	I2	I	Resolved	90	1	1.724138
Toscani Italy	62	Oversea	58	Level 2	2	J1	J	Resolved	95	1	1.724138
Toscani Italy	62	Oversea	58	Level 2	2	J2	J	Resolved	102	15	25.862069
Toscani Italy	62	Oversea	58	Level 2	2	R1	R	Resolved	162	28	48.275862
Toscani Italy	62	Oversea	58	Level 2	2	T1	T	Resolved	175	3	5.172414
Iberian Spain	63	Oversea	81	Level 2	2	E1	E	Resolved	40	3	3.703704
Iberian Spain	63	Oversea	81	Level 2	2	G2	G	Resolved	59	2	2.469136
Iberian Spain	63	Oversea	81	Level 2	2	I2	I	Resolved	90	4	4.938272
Iberian Spain	63	Oversea	81	Level 2	2	J1	J	Resolved	95	1	1.234568
Iberian Spain	63	Oversea	81	Level 2	2	J2	J	Resolved	102	9	11.111111
Iberian Spain	63	Oversea	81	Level 2	2	R1	R	Resolved	162	60	74.074074
Iberian Spain	63	Oversea	81	Level 2	2	T1	T	Resolved	175	2	2.469136
British England Scotland	64	Oversea	45	Level 2	2	I1	I	Resolved	78	6	13.333333
British England Scotland	64	Oversea	45	Level 2	2	I2	I	Resolved	90	1	2.222222
British England Scotland	64	Oversea	45	Level 2	2	J2	J	Resolved	102	1	2.222222
British England Scotland	64	Oversea	45	Level 2	2	R1	R	Resolved	162	37	82.222222
CEPH United States	65	Oversea	87	Level 2	2	E1	E	Resolved	40	2	2.298851
CEPH United States	65	Oversea	87	Level 2	2	G2	G	Resolved	59	5	5.747126
CEPH United States	65	Oversea	87	Level 2	2	I1	I	Resolved	78	13	14.942529
CEPH United States	65	Oversea	87	Level 2	2	I2	I	Resolved	90	8	9.195402
CEPH United States	65	Oversea	87	Level 2	2	J1	J	Resolved	95	1	1.149425
CEPH United States	65	Oversea	87	Level 2	2	J2	J	Resolved	102	2	2.298851
CEPH United States	65	Oversea	87	Level 2	2	R1	R	Resolved	162	56	64.367816
Uygur Xinjiang	66	Northwest China	26	Level 2	2	C1	C	Resolved	23	1	3.846154
Uygur Xinjiang	66	Northwest China	26	Level 2	2	C2	C	Resolved	28	1	3.846154
Uygur Xinjiang	66	Northwest China	26	Level 2	2	F2	F	Resolved	51	2	7.692308
Uygur Xinjiang	66	Northwest China	26	Level 2	2	G2	G	Resolved	59	1	3.846154
Uygur Xinjiang	66	Northwest China	26	Level 2	2	H1	H	Resolved	66	1	3.846154
Uygur Xinjiang	66	Northwest China	26	Level 2	2	J1	J	Resolved	95	1	3.846154
Uygur Xinjiang	66	Northwest China	26	Level 2	2	J2	J	Resolved	102	3	11.538462000000001
Uygur Xinjiang	66	Northwest China	26	Level 2	2	L1	L	Resolved	110	1	3.846154
Uygur Xinjiang	66	Northwest China	26	Level 2	2	N1	N	Resolved	116	1	3.846154
Uygur Xinjiang	66	Northwest China	26	Level 2	2	O1	O	Resolved	128	2	7.692308
Uygur Xinjiang	66	Northwest China	26	Level 2	2	O2	O	Resolved	138	2	7.692308
Uygur Xinjiang	66	Northwest China	26	Level 2	2	R1	R	Resolved	162	10	38.461538
Brahui Pakistan	67	Oversea	23	Level 2	2	C1	C	Resolved	23	1	4.347826
Brahui Pakistan	67	Oversea	23	Level 2	2	G1	G	Resolved	56	1	4.347826
Brahui Pakistan	67	Oversea	23	Level 2	2	G2	G	Resolved	59	3	13.043478
Brahui Pakistan	67	Oversea	23	Level 2	2	H1	H	Resolved	66	1	4.347826
Brahui Pakistan	67	Oversea	23	Level 2	2	J1	J	Resolved	95	3	13.043478
Brahui Pakistan	67	Oversea	23	Level 2	2	J2	J	Resolved	102	4	17.391304
Brahui Pakistan	67	Oversea	23	Level 2	2	L1	L	Resolved	110	2	8.695652
Brahui Pakistan	67	Oversea	23	Level 2	2	R1	R	Resolved	162	5	21.73913
Brahui Pakistan	67	Oversea	23	Level 2	2	R2	R	Resolved	169	3	13.043478
Punjabi Pakistan	68	Oversea	77	Level 2	2	C1	C	Resolved	23	1	1.298701
Punjabi Pakistan	68	Oversea	77	Level 2	2	G1	G	Resolved	56	2	2.597403
Punjabi Pakistan	68	Oversea	77	Level 2	2	G2	G	Resolved	59	7	9.090909
Punjabi Pakistan	68	Oversea	77	Level 2	2	H1	H	Resolved	66	4	5.194805
Punjabi Pakistan	68	Oversea	77	Level 2	2	H3	H	Resolved	70	2	2.597403
Punjabi Pakistan	68	Oversea	77	Level 2	2	J1	J	Resolved	95	1	1.298701
Punjabi Pakistan	68	Oversea	77	Level 2	2	J2	J	Resolved	102	14	18.181818
Punjabi Pakistan	68	Oversea	77	Level 2	2	L1	L	Resolved	110	4	5.194805
Punjabi Pakistan	68	Oversea	77	Level 2	2	Q1	Q	Resolved	146	2	2.597403
Punjabi Pakistan	68	Oversea	77	Level 2	2	Q2	Q	Resolved	153	2	2.597403
Punjabi Pakistan	68	Oversea	77	Level 2	2	R1	R	Resolved	162	27	35.064935
Punjabi Pakistan	68	Oversea	77	Level 2	2	R2	R	Resolved	169	11	14.285714
Balochi Pakistan	69	Oversea	22	Level 2	2	E1	E	Resolved	40	1	4.545455
Balochi Pakistan	69	Oversea	22	Level 2	2	H1	H	Resolved	66	1	4.545455
Balochi Pakistan	69	Oversea	22	Level 2	2	J1	J	Resolved	95	2	9.090909
Balochi Pakistan	69	Oversea	22	Level 2	2	J2	J	Resolved	102	2	9.090909
Balochi Pakistan	69	Oversea	22	Level 2	2	L1	L	Resolved	110	4	18.181818
Balochi Pakistan	69	Oversea	22	Level 2	2	R1	R	Resolved	162	9	40.909091
Balochi Pakistan	69	Oversea	22	Level 2	2	R2	R	Resolved	169	3	13.636364
Telugu United Kingdom	70	Oversea	60	Level 2	2	C1	C	Resolved	23	1	1.666667
Telugu United Kingdom	70	Oversea	60	Level 2	2	H1	H	Resolved	66	11	18.333333
Telugu United Kingdom	70	Oversea	60	Level 2	2	H3	H	Resolved	70	5	8.333333
Telugu United Kingdom	70	Oversea	60	Level 2	2	J2	J	Resolved	102	3	5
Telugu United Kingdom	70	Oversea	60	Level 2	2	L1	L	Resolved	110	8	13.333333
Telugu United Kingdom	70	Oversea	60	Level 2	2	N1	N	Resolved	116	1	1.666667
Telugu United Kingdom	70	Oversea	60	Level 2	2	NO*	NO	Unresolved	126	1	1.666667
Telugu United Kingdom	70	Oversea	60	Level 2	2	Q2	Q	Resolved	153	1	1.666667
Telugu United Kingdom	70	Oversea	60	Level 2	2	R1	R	Resolved	162	15	25
Telugu United Kingdom	70	Oversea	60	Level 2	2	R2	R	Resolved	169	14	23.333333
Tamil United Kingdom	71	Oversea	64	Level 2	2	C1	C	Resolved	23	1	1.5625
Tamil United Kingdom	71	Oversea	64	Level 2	2	H1	H	Resolved	66	10	15.625
Tamil United Kingdom	71	Oversea	64	Level 2	2	H3	H	Resolved	70	6	9.375
Tamil United Kingdom	71	Oversea	64	Level 2	2	J2	J	Resolved	102	7	10.9375
Tamil United Kingdom	71	Oversea	64	Level 2	2	L1	L	Resolved	110	12	18.75
Tamil United Kingdom	71	Oversea	64	Level 2	2	Q1	Q	Resolved	146	3	4.6875
Tamil United Kingdom	71	Oversea	64	Level 2	2	R1	R	Resolved	162	21	32.8125
Tamil United Kingdom	71	Oversea	64	Level 2	2	R2	R	Resolved	169	4	6.25
Gujarati United States	72	Oversea	56	Level 2	2	C1	C	Resolved	23	12	21.428571
Gujarati United States	72	Oversea	56	Level 2	2	G1	G	Resolved	56	2	3.571429
Gujarati United States	72	Oversea	56	Level 2	2	H1	H	Resolved	66	11	19.642857
Gujarati United States	72	Oversea	56	Level 2	2	J2	J	Resolved	102	5	8.928571
Gujarati United States	72	Oversea	56	Level 2	2	L1	L	Resolved	110	5	8.928571
Gujarati United States	72	Oversea	56	Level 2	2	R1	R	Resolved	162	16	28.571429
Gujarati United States	72	Oversea	56	Level 2	2	R2	R	Resolved	169	5	8.928571
Bengali Bangladesh	73	Oversea	58	Level 2	2	C1	C	Resolved	23	3	5.172414
Bengali Bangladesh	73	Oversea	58	Level 2	2	C2	C	Resolved	28	1	1.724138
Bengali Bangladesh	73	Oversea	58	Level 2	2	H1	H	Resolved	66	22	37.931034
Bengali Bangladesh	73	Oversea	58	Level 2	2	J2	J	Resolved	102	7	12.068966
Bengali Bangladesh	73	Oversea	58	Level 2	2	L1	L	Resolved	110	2	3.448276
Bengali Bangladesh	73	Oversea	58	Level 2	2	O1	O	Resolved	128	2	3.448276
Bengali Bangladesh	73	Oversea	58	Level 2	2	O2	O	Resolved	138	2	3.448276
Bengali Bangladesh	73	Oversea	58	Level 2	2	Q1	Q	Resolved	146	2	3.448276
Bengali Bangladesh	73	Oversea	58	Level 2	2	Q2	Q	Resolved	153	1	1.724138
Bengali Bangladesh	73	Oversea	58	Level 2	2	R1	R	Resolved	162	10	17.241379
Bengali Bangladesh	73	Oversea	58	Level 2	2	R2	R	Resolved	169	6	10.344828
African Ancestry United States	74	Oversea	33	Level 2	2	E1	E	Resolved	40	22	66.666667
African Ancestry United States	74	Oversea	33	Level 2	2	E2	E	Resolved	45	1	3.030303
African Ancestry United States	74	Oversea	33	Level 2	2	I1	I	Resolved	78	1	3.030303
African Ancestry United States	74	Oversea	33	Level 2	2	I2	I	Resolved	90	2	6.060606
African Ancestry United States	74	Oversea	33	Level 2	2	R1	R	Resolved	162	7	21.212121
African Caribbean Barbados	75	Oversea	57	Level 2	2	A0	A	Resolved	2	1	1.754386
African Caribbean Barbados	75	Oversea	57	Level 2	2	E1	E	Resolved	40	42	73.684211
African Caribbean Barbados	75	Oversea	57	Level 2	2	I1	I	Resolved	78	3	5.263158
African Caribbean Barbados	75	Oversea	57	Level 2	2	I2	I	Resolved	90	3	5.263158
African Caribbean Barbados	75	Oversea	57	Level 2	2	R1	R	Resolved	162	8	14.035088
Mende Sierra Leone	76	Oversea	50	Level 2	2	B3	B	Resolved	17	2	4
Mende Sierra Leone	76	Oversea	50	Level 2	2	E1	E	Resolved	40	46	92
Mende Sierra Leone	76	Oversea	50	Level 2	2	G2	G	Resolved	59	2	4
Yoruba Nigeria	77	Oversea	105	Level 2	2	B*	B	Unresolved	11	1	0.952381
Yoruba Nigeria	77	Oversea	105	Level 2	2	E1	E	Resolved	40	102	97.142857
Yoruba Nigeria	77	Oversea	105	Level 2	2	E2	E	Resolved	45	2	1.904762
Esan Nigeria	78	Oversea	83	Level 2	2	E1	E	Resolved	40	83	100
Luhya Kenya	79	Oversea	44	Level 2	2	B2	B	Resolved	12	3	6.818182
Luhya Kenya	79	Oversea	44	Level 2	2	E1	E	Resolved	40	39	88.636364
Luhya Kenya	79	Oversea	44	Level 2	2	E2	E	Resolved	45	2	4.545455
Gambian Gambia	80	Oversea	93	Level 2	2	A0	A	Resolved	2	2	2.150538
Gambian Gambia	80	Oversea	93	Level 2	2	A1	A	Resolved	7	5	5.376344
Gambian Gambia	80	Oversea	93	Level 2	2	B3	B	Resolved	17	2	2.150538
Gambian Gambia	80	Oversea	93	Level 2	2	E1	E	Resolved	40	82	88.172043
Gambian Gambia	80	Oversea	93	Level 2	2	E2	E	Resolved	45	2	2.150538
Biaka Central African Republic	81	Oversea	24	Level 2	2	B2	B	Resolved	12	7	29.166667
Biaka Central African Republic	81	Oversea	24	Level 2	2	E1	E	Resolved	40	17	70.833333
Finnish Finland	1	Oversea	38	Level 3	3	I1a	I	Resolved	79	9	23.684211
Finnish Finland	1	Oversea	38	Level 3	3	I2a	I	Resolved	91	1	2.631579
Finnish Finland	1	Oversea	38	Level 3	3	J1a	J	Resolved	97	1	2.631579
Finnish Finland	1	Oversea	38	Level 3	3	N1a	N	Resolved	117	23	60.526316
Finnish Finland	1	Oversea	38	Level 3	3	R1a	R	Resolved	163	3	7.894737
Finnish Finland	1	Oversea	38	Level 3	3	R1b	R	Resolved	165	1	2.631579
Han Chongqing	2	Southwest China	25	Level 3	3	F2*	F	Unresolved	52	4	16
Han Chongqing	2	Southwest China	25	Level 3	3	N1a	N	Resolved	117	4	16
Han Chongqing	2	Southwest China	25	Level 3	3	N1b	N	Resolved	122	13	52
Han Chongqing	2	Southwest China	25	Level 3	3	O2a	O	Resolved	139	4	16
Hani Yunnan	3	Southwest China	241	Level 3	3	C2b	C	Resolved	31	9	3.73444
Hani Yunnan	3	Southwest China	241	Level 3	3	D1a	D	Resolved	36	2	0.829876
Hani Yunnan	3	Southwest China	241	Level 3	3	F2*	F	Unresolved	52	26	10.788382
Hani Yunnan	3	Southwest China	241	Level 3	3	N1b	N	Resolved	122	122	50.622407
Hani Yunnan	3	Southwest China	241	Level 3	3	O1b	O	Resolved	135	14	5.809129
Hani Yunnan	3	Southwest China	241	Level 3	3	O2a	O	Resolved	139	10	4.149378
Hani Yunnan	3	Southwest China	241	Level 3	3	Q1a	Q	Resolved	147	58	24.06639
Lahu Yunnan	4	Southwest China	31	Level 3	3	F2*	F	Unresolved	52	17	54.83871
Lahu Yunnan	4	Southwest China	31	Level 3	3	O1b	O	Resolved	135	4	12.903226
Lahu Yunnan	4	Southwest China	31	Level 3	3	O2a	O	Resolved	139	10	32.258065
Yi Yunnan	5	Southwest China	174	Level 3	3	C1b	C	Resolved	26	2	1.149425
Yi Yunnan	5	Southwest China	174	Level 3	3	C2a	C	Resolved	29	1	0.574713
Yi Yunnan	5	Southwest China	174	Level 3	3	C2b	C	Resolved	31	4	2.298851
Yi Yunnan	5	Southwest China	174	Level 3	3	D1a	D	Resolved	36	8	4.597701
Yi Yunnan	5	Southwest China	174	Level 3	3	F2*	F	Unresolved	52	61	35.057471
Yi Yunnan	5	Southwest China	174	Level 3	3	N1a	N	Resolved	117	1	0.574713
Yi Yunnan	5	Southwest China	174	Level 3	3	N1b	N	Resolved	122	10	5.747126
Yi Yunnan	5	Southwest China	174	Level 3	3	O1a	O	Resolved	130	11	6.321839
Yi Yunnan	5	Southwest China	174	Level 3	3	O1b	O	Resolved	135	37	21.264368
Yi Yunnan	5	Southwest China	174	Level 3	3	O2a	O	Resolved	139	37	21.264368
Yi Yunnan	5	Southwest China	174	Level 3	3	O2b	O	Resolved	142	1	0.574713
Yi Yunnan	5	Southwest China	174	Level 3	3	R1a	R	Resolved	163	1	0.574713
Japanese Japan	6	Oversea	76	Level 3	3	C1a	C	Resolved	24	5	6.578947
Japanese Japan	6	Oversea	76	Level 3	3	C2a	C	Resolved	29	1	1.315789
Japanese Japan	6	Oversea	76	Level 3	3	C2b	C	Resolved	31	3	3.947368
Japanese Japan	6	Oversea	76	Level 3	3	D1a	D	Resolved	36	26	34.210526
Japanese Japan	6	Oversea	76	Level 3	3	O1b	O	Resolved	135	27	35.526316
Japanese Japan	6	Oversea	76	Level 3	3	O2a	O	Resolved	139	14	18.421053
Yao Yunnan	7	Southwest China	20	Level 3	3	C2b	C	Resolved	31	1	5
Yao Yunnan	7	Southwest China	20	Level 3	3	O1a	O	Resolved	130	1	5
Yao Yunnan	7	Southwest China	20	Level 3	3	O1b	O	Resolved	135	14	70
Yao Yunnan	7	Southwest China	20	Level 3	3	O2a	O	Resolved	139	4	20
Sui Guizhou	8	Southwest China	35	Level 3	3	O1a	O	Resolved	130	11	31.428571
Sui Guizhou	8	Southwest China	35	Level 3	3	O1b	O	Resolved	135	16	45.714286
Sui Guizhou	8	Southwest China	35	Level 3	3	O2a	O	Resolved	139	8	22.857143
Li Hainan	9	South China	42	Level 3	3	N1b	N	Resolved	122	1	2.380952
Li Hainan	9	South China	42	Level 3	3	O1a	O	Resolved	130	8	19.047619
Li Hainan	9	South China	42	Level 3	3	O1b	O	Resolved	135	24	57.142857
Li Hainan	9	South China	42	Level 3	3	O2a	O	Resolved	139	9	21.428571
Yao Guangxi	10	South China	20	Level 3	3	C1b	C	Resolved	26	2	10
Yao Guangxi	10	South China	20	Level 3	3	D1a	D	Resolved	36	1	5
Yao Guangxi	10	South China	20	Level 3	3	N1b	N	Resolved	122	1	5
Yao Guangxi	10	South China	20	Level 3	3	O1a	O	Resolved	130	4	20
Yao Guangxi	10	South China	20	Level 3	3	O1b	O	Resolved	135	7	35
Yao Guangxi	10	South China	20	Level 3	3	O2a	O	Resolved	139	5	25
Zhuang Guangxi	11	South China	243	Level 3	3	C1b	C	Resolved	26	3	1.234568
Zhuang Guangxi	11	South China	243	Level 3	3	C2b	C	Resolved	31	5	2.057613
Zhuang Guangxi	11	South China	243	Level 3	3	D1a	D	Resolved	36	5	2.057613
Zhuang Guangxi	11	South China	243	Level 3	3	F2*	F	Unresolved	52	1	0.41152300000000003
Zhuang Guangxi	11	South China	243	Level 3	3	N1a	N	Resolved	117	2	0.823045
Zhuang Guangxi	11	South China	243	Level 3	3	N1b	N	Resolved	122	5	2.057613
Zhuang Guangxi	11	South China	243	Level 3	3	O1a	O	Resolved	130	23	9.465021
Zhuang Guangxi	11	South China	243	Level 3	3	O1b	O	Resolved	135	119	48.971193
Zhuang Guangxi	11	South China	243	Level 3	3	O2a	O	Resolved	139	80	32.921811
Dai Yunnan	12	Southwest China	77	Level 3	3	C1b	C	Resolved	26	1	1.298701
Dai Yunnan	12	Southwest China	77	Level 3	3	C2b	C	Resolved	31	1	1.298701
Dai Yunnan	12	Southwest China	77	Level 3	3	F2*	F	Unresolved	52	2	2.597403
Dai Yunnan	12	Southwest China	77	Level 3	3	O1a	O	Resolved	130	9	11.688312
Dai Yunnan	12	Southwest China	77	Level 3	3	O1b	O	Resolved	135	33	42.857143
Dai Yunnan	12	Southwest China	77	Level 3	3	O2a	O	Resolved	139	30	38.961039
Dai Yunnan	12	Southwest China	77	Level 3	3	Q1a	Q	Resolved	147	1	1.298701
Blang Yunnan	13	Southwest China	41	Level 3	3	C2b	C	Resolved	31	12	29.268293
Blang Yunnan	13	Southwest China	41	Level 3	3	F2*	F	Unresolved	52	1	2.439024
Blang Yunnan	13	Southwest China	41	Level 3	3	N1a	N	Resolved	117	1	2.439024
Blang Yunnan	13	Southwest China	41	Level 3	3	N1b	N	Resolved	122	1	2.439024
Blang Yunnan	13	Southwest China	41	Level 3	3	O1a	O	Resolved	130	2	4.878049
Blang Yunnan	13	Southwest China	41	Level 3	3	O1b	O	Resolved	135	19	46.341463
Blang Yunnan	13	Southwest China	41	Level 3	3	O2a	O	Resolved	139	3	7.317073
Blang Yunnan	13	Southwest China	41	Level 3	3	Q1a	Q	Resolved	147	2	4.878049
Hui Gansu	14	Northwest China	36	Level 3	3	C2a	C	Resolved	29	5	13.888889
Hui Gansu	14	Northwest China	36	Level 3	3	C2b	C	Resolved	31	2	5.555556
Hui Gansu	14	Northwest China	36	Level 3	3	D1a	D	Resolved	36	1	2.777778
Hui Gansu	14	Northwest China	36	Level 3	3	G2a	G	Resolved	60	1	2.777778
Hui Gansu	14	Northwest China	36	Level 3	3	H1a	H	Resolved	67	1	2.777778
Hui Gansu	14	Northwest China	36	Level 3	3	J2a	J	Resolved	103	1	2.777778
Hui Gansu	14	Northwest China	36	Level 3	3	N1a	N	Resolved	117	1	2.777778
Hui Gansu	14	Northwest China	36	Level 3	3	O1b	O	Resolved	135	1	2.777778
Hui Gansu	14	Northwest China	36	Level 3	3	O2a	O	Resolved	139	12	33.333333
Hui Gansu	14	Northwest China	36	Level 3	3	Q1b	Q	Resolved	150	2	5.555556
Hui Gansu	14	Northwest China	36	Level 3	3	Q2a	Q	Resolved	154	1	2.777778
Hui Gansu	14	Northwest China	36	Level 3	3	R1a	R	Resolved	163	5	13.888889
Hui Gansu	14	Northwest China	36	Level 3	3	R1b	R	Resolved	165	3	8.333333
Hui Shandong	15	East China	24	Level 3	3	C2a	C	Resolved	29	1	4.166667
Hui Shandong	15	East China	24	Level 3	3	C2b	C	Resolved	31	2	8.333333
Hui Shandong	15	East China	24	Level 3	3	D1a	D	Resolved	36	1	4.166667
Hui Shandong	15	East China	24	Level 3	3	J2a	J	Resolved	103	1	4.166667
Hui Shandong	15	East China	24	Level 3	3	N1a	N	Resolved	117	2	8.333333
Hui Shandong	15	East China	24	Level 3	3	O1a	O	Resolved	130	3	12.5
Hui Shandong	15	East China	24	Level 3	3	O1b	O	Resolved	135	1	4.166667
Hui Shandong	15	East China	24	Level 3	3	O2a	O	Resolved	139	6	25
Hui Shandong	15	East China	24	Level 3	3	Q1a	Q	Resolved	147	2	8.333333
Hui Shandong	15	East China	24	Level 3	3	R1a	R	Resolved	163	3	12.5
Hui Shandong	15	East China	24	Level 3	3	R2b	R	Resolved	172	1	4.166667
Hui Shandong	15	East China	24	Level 3	3	T1a	T	Resolved	176	1	4.166667
Qiang Sichuan	16	Southwest China	44	Level 3	3	C2b	C	Resolved	31	2	4.545455
Qiang Sichuan	16	Southwest China	44	Level 3	3	D1a	D	Resolved	36	8	18.181818
Qiang Sichuan	16	Southwest China	44	Level 3	3	N1a	N	Resolved	117	4	9.090909
Qiang Sichuan	16	Southwest China	44	Level 3	3	N1b	N	Resolved	122	2	4.545455
Qiang Sichuan	16	Southwest China	44	Level 3	3	O1a	O	Resolved	130	2	4.545455
Qiang Sichuan	16	Southwest China	44	Level 3	3	O1b	O	Resolved	135	8	18.181818
Qiang Sichuan	16	Southwest China	44	Level 3	3	O2a	O	Resolved	139	15	34.090909
Qiang Sichuan	16	Southwest China	44	Level 3	3	Q1a	Q	Resolved	147	3	6.818182
Yi Sichuan	17	Southwest China	233	Level 3	3	C1b	C	Resolved	26	5	2.145923
Yi Sichuan	17	Southwest China	233	Level 3	3	C2b	C	Resolved	31	12	5.150215
Yi Sichuan	17	Southwest China	233	Level 3	3	D1a	D	Resolved	36	40	17.167382
Yi Sichuan	17	Southwest China	233	Level 3	3	F2*	F	Unresolved	52	14	6.008584
Yi Sichuan	17	Southwest China	233	Level 3	3	N1b	N	Resolved	122	15	6.437768
Yi Sichuan	17	Southwest China	233	Level 3	3	O1a	O	Resolved	130	12	5.150215
Yi Sichuan	17	Southwest China	233	Level 3	3	O1b	O	Resolved	135	31	13.304721
Yi Sichuan	17	Southwest China	233	Level 3	3	O2a	O	Resolved	139	101	43.347639
Yi Sichuan	17	Southwest China	233	Level 3	3	Q1a	Q	Resolved	147	3	1.287554
Lisu Yunnan	18	Southwest China	39	Level 3	3	C2b	C	Resolved	31	3	7.692308
Lisu Yunnan	18	Southwest China	39	Level 3	3	F2*	F	Unresolved	52	7	17.948718
Lisu Yunnan	18	Southwest China	39	Level 3	3	N1b	N	Resolved	122	2	5.128205
Lisu Yunnan	18	Southwest China	39	Level 3	3	O1b	O	Resolved	135	6	15.384615
Lisu Yunnan	18	Southwest China	39	Level 3	3	O2a	O	Resolved	139	19	48.717949
Lisu Yunnan	18	Southwest China	39	Level 3	3	R1b	R	Resolved	165	2	5.128205
Man Hebei	19	North China	22	Level 3	3	C2a	C	Resolved	29	2	9.090909
Man Hebei	19	North China	22	Level 3	3	J2a	J	Resolved	103	1	4.545455
Man Hebei	19	North China	22	Level 3	3	N1a	N	Resolved	117	1	4.545455
Man Hebei	19	North China	22	Level 3	3	O1a	O	Resolved	130	1	4.545455
Man Hebei	19	North China	22	Level 3	3	O1b	O	Resolved	135	2	9.090909
Man Hebei	19	North China	22	Level 3	3	O2a	O	Resolved	139	12	54.545455
Man Hebei	19	North China	22	Level 3	3	Q1a	Q	Resolved	147	2	9.090909
Man Hebei	19	North China	22	Level 3	3	R1a	R	Resolved	163	1	4.545455
Han Shaanxi	20	Northwest China	671	Level 3	3	C1b	C	Resolved	26	2	0.298063
Han Shaanxi	20	Northwest China	671	Level 3	3	C2a	C	Resolved	29	46	6.85544
Han Shaanxi	20	Northwest China	671	Level 3	3	C2b	C	Resolved	31	37	5.514158
Han Shaanxi	20	Northwest China	671	Level 3	3	D1a	D	Resolved	36	20	2.980626
Han Shaanxi	20	Northwest China	671	Level 3	3	E1b	E	Resolved	43	6	0.894188
Han Shaanxi	20	Northwest China	671	Level 3	3	F2*	F	Unresolved	52	1	0.149031
Han Shaanxi	20	Northwest China	671	Level 3	3	G1a	G	Resolved	57	1	0.149031
Han Shaanxi	20	Northwest China	671	Level 3	3	G2a	G	Resolved	60	1	0.149031
Han Shaanxi	20	Northwest China	671	Level 3	3	J2a	J	Resolved	103	5	0.745156
Han Shaanxi	20	Northwest China	671	Level 3	3	N1a	N	Resolved	117	40	5.961252
Han Shaanxi	20	Northwest China	671	Level 3	3	N1b	N	Resolved	122	36	5.365127
Han Shaanxi	20	Northwest China	671	Level 3	3	O1a	O	Resolved	130	24	3.576751
Han Shaanxi	20	Northwest China	671	Level 3	3	O1b	O	Resolved	135	44	6.557377
Han Shaanxi	20	Northwest China	671	Level 3	3	O2a	O	Resolved	139	337	50.223547
Han Shaanxi	20	Northwest China	671	Level 3	3	O2b	O	Resolved	142	4	0.596125
Han Shaanxi	20	Northwest China	671	Level 3	3	Q1a	Q	Resolved	147	46	6.85544
Han Shaanxi	20	Northwest China	671	Level 3	3	Q1b	Q	Resolved	150	2	0.298063
Han Shaanxi	20	Northwest China	671	Level 3	3	R1a	R	Resolved	163	16	2.384501
Han Shaanxi	20	Northwest China	671	Level 3	3	R1b	R	Resolved	165	2	0.298063
Han Shaanxi	20	Northwest China	671	Level 3	3	R2a	R	Resolved	170	1	0.149031
Han Gansu	21	Northwest China	309	Level 3	3	C2a	C	Resolved	29	16	5.177994
Han Gansu	21	Northwest China	309	Level 3	3	C2b	C	Resolved	31	19	6.148867
Han Gansu	21	Northwest China	309	Level 3	3	D1a	D	Resolved	36	15	4.854369
Han Gansu	21	Northwest China	309	Level 3	3	E1b	E	Resolved	43	2	0.647249
Han Gansu	21	Northwest China	309	Level 3	3	G2a	G	Resolved	60	2	0.647249
Han Gansu	21	Northwest China	309	Level 3	3	J1a	J	Resolved	97	4	1.294498
Han Gansu	21	Northwest China	309	Level 3	3	J2a	J	Resolved	103	3	0.970874
Han Gansu	21	Northwest China	309	Level 3	3	N1a	N	Resolved	117	20	6.472492
Han Gansu	21	Northwest China	309	Level 3	3	N1b	N	Resolved	122	10	3.236246
Han Gansu	21	Northwest China	309	Level 3	3	O1*	O	Unresolved	129	2	0.647249
Han Gansu	21	Northwest China	309	Level 3	3	O1a	O	Resolved	130	12	3.883495
Han Gansu	21	Northwest China	309	Level 3	3	O1b	O	Resolved	135	18	5.825243
Han Gansu	21	Northwest China	309	Level 3	3	O2a	O	Resolved	139	160	51.779935
Han Gansu	21	Northwest China	309	Level 3	3	O2b	O	Resolved	142	5	1.618123
Han Gansu	21	Northwest China	309	Level 3	3	Q1a	Q	Resolved	147	6	1.941748
Han Gansu	21	Northwest China	309	Level 3	3	Q1b	Q	Resolved	150	1	0.323625
Han Gansu	21	Northwest China	309	Level 3	3	Q2b	Q	Resolved	157	1	0.323625
Han Gansu	21	Northwest China	309	Level 3	3	R1a	R	Resolved	163	8	2.588997
Han Gansu	21	Northwest China	309	Level 3	3	R1b	R	Resolved	165	5	1.618123
Han Henan	22	Central China	35	Level 3	3	C2a	C	Resolved	29	1	2.857143
Han Henan	22	Central China	35	Level 3	3	C2b	C	Resolved	31	1	2.857143
Han Henan	22	Central China	35	Level 3	3	N1a	N	Resolved	117	5	14.285714
Han Henan	22	Central China	35	Level 3	3	N1b	N	Resolved	122	2	5.714286
Han Henan	22	Central China	35	Level 3	3	O1a	O	Resolved	130	3	8.571429
Han Henan	22	Central China	35	Level 3	3	O1b	O	Resolved	135	3	8.571429
Han Henan	22	Central China	35	Level 3	3	O2a	O	Resolved	139	19	54.285714
Han Henan	22	Central China	35	Level 3	3	Q1a	Q	Resolved	147	1	2.857143
Han Beijing	23	North China	51	Level 3	3	C2b	C	Resolved	31	3	5.882353
Han Beijing	23	North China	51	Level 3	3	F*	F	Unresolved	50	1	1.960784
Han Beijing	23	North China	51	Level 3	3	G2a	G	Resolved	60	1	1.960784
Han Beijing	23	North China	51	Level 3	3	N1a	N	Resolved	117	1	1.960784
Han Beijing	23	North China	51	Level 3	3	N1b	N	Resolved	122	7	13.72549
Han Beijing	23	North China	51	Level 3	3	O1a	O	Resolved	130	5	9.803922
Han Beijing	23	North China	51	Level 3	3	O1b	O	Resolved	135	7	13.72549
Han Beijing	23	North China	51	Level 3	3	O2a	O	Resolved	139	25	49.019608
Han Beijing	23	North China	51	Level 3	3	R1b	R	Resolved	165	1	1.960784
Han Sichuan	24	Southwest China	1231	Level 3	3	C1b	C	Resolved	26	8	0.649878
Han Sichuan	24	Southwest China	1231	Level 3	3	C2a	C	Resolved	29	14	1.137287
Han Sichuan	24	Southwest China	1231	Level 3	3	C2b	C	Resolved	31	99	8.042242
Han Sichuan	24	Southwest China	1231	Level 3	3	D1a	D	Resolved	36	35	2.843217
Han Sichuan	24	Southwest China	1231	Level 3	3	F2*	F	Unresolved	52	3	0.243704
Han Sichuan	24	Southwest China	1231	Level 3	3	G1a	G	Resolved	57	2	0.16247
Han Sichuan	24	Southwest China	1231	Level 3	3	J1a	J	Resolved	97	1	0.081235
Han Sichuan	24	Southwest China	1231	Level 3	3	J2a	J	Resolved	103	2	0.16247
Han Sichuan	24	Southwest China	1231	Level 3	3	J2b	J	Resolved	106	1	0.081235
Han Sichuan	24	Southwest China	1231	Level 3	3	N*	N	Unresolved	115	1	0.081235
Han Sichuan	24	Southwest China	1231	Level 3	3	N1a	N	Resolved	117	36	2.924452
Han Sichuan	24	Southwest China	1231	Level 3	3	N1b	N	Resolved	122	107	8.69212
Han Sichuan	24	Southwest China	1231	Level 3	3	NO*	NO	Unresolved	126	1	0.081235
Han Sichuan	24	Southwest China	1231	Level 3	3	O1a	O	Resolved	130	138	11.210398
Han Sichuan	24	Southwest China	1231	Level 3	3	O1b	O	Resolved	135	142	11.535337
Han Sichuan	24	Southwest China	1231	Level 3	3	O2a	O	Resolved	139	587	47.684809
Han Sichuan	24	Southwest China	1231	Level 3	3	O2b	O	Resolved	142	9	0.731113
Han Sichuan	24	Southwest China	1231	Level 3	3	Q1a	Q	Resolved	147	36	2.924452
Han Sichuan	24	Southwest China	1231	Level 3	3	Q2a	Q	Resolved	154	1	0.081235
Han Sichuan	24	Southwest China	1231	Level 3	3	R1a	R	Resolved	163	8	0.649878
Han Yunnan	25	Southwest China	303	Level 3	3	C1b	C	Resolved	26	2	0.660066
Han Yunnan	25	Southwest China	303	Level 3	3	C2a	C	Resolved	29	3	0.990099
Han Yunnan	25	Southwest China	303	Level 3	3	C2b	C	Resolved	31	23	7.590759
Han Yunnan	25	Southwest China	303	Level 3	3	D1a	D	Resolved	36	5	1.650165
Han Yunnan	25	Southwest China	303	Level 3	3	F2*	F	Unresolved	52	35	11.551155
Han Yunnan	25	Southwest China	303	Level 3	3	N1a	N	Resolved	117	6	1.980198
Han Yunnan	25	Southwest China	303	Level 3	3	N1b	N	Resolved	122	28	9.240924
Han Yunnan	25	Southwest China	303	Level 3	3	O1a	O	Resolved	130	29	9.570957
Han Yunnan	25	Southwest China	303	Level 3	3	O1b	O	Resolved	135	24	7.920792
Han Yunnan	25	Southwest China	303	Level 3	3	O2a	O	Resolved	139	130	42.90429
Han Yunnan	25	Southwest China	303	Level 3	3	O2b	O	Resolved	142	1	0.330033
Han Yunnan	25	Southwest China	303	Level 3	3	Q1a	Q	Resolved	147	12	3.960396
Han Yunnan	25	Southwest China	303	Level 3	3	R1a	R	Resolved	163	4	1.320132
Han Yunnan	25	Southwest China	303	Level 3	3	R1b	R	Resolved	165	1	0.330033
Bai Yunnan	26	Southwest China	59	Level 3	3	C2a	C	Resolved	29	1	1.694915
Bai Yunnan	26	Southwest China	59	Level 3	3	C2b	C	Resolved	31	1	1.694915
Bai Yunnan	26	Southwest China	59	Level 3	3	D1a	D	Resolved	36	2	3.389831
Bai Yunnan	26	Southwest China	59	Level 3	3	F2*	F	Unresolved	52	5	8.474576
Bai Yunnan	26	Southwest China	59	Level 3	3	N1a	N	Resolved	117	2	3.389831
Bai Yunnan	26	Southwest China	59	Level 3	3	N1b	N	Resolved	122	12	20.338983
Bai Yunnan	26	Southwest China	59	Level 3	3	O1a	O	Resolved	130	6	10.169492
Bai Yunnan	26	Southwest China	59	Level 3	3	O1b	O	Resolved	135	4	6.779661
Bai Yunnan	26	Southwest China	59	Level 3	3	O2a	O	Resolved	139	24	40.677966
Bai Yunnan	26	Southwest China	59	Level 3	3	Q1a	Q	Resolved	147	2	3.389831
Naxi Yunnan	27	Southwest China	36	Level 3	3	C2b	C	Resolved	31	1	2.777778
Naxi Yunnan	27	Southwest China	36	Level 3	3	D1a	D	Resolved	36	2	5.555556
Naxi Yunnan	27	Southwest China	36	Level 3	3	N1a	N	Resolved	117	1	2.777778
Naxi Yunnan	27	Southwest China	36	Level 3	3	N1b	N	Resolved	122	8	22.222222
Naxi Yunnan	27	Southwest China	36	Level 3	3	O1a	O	Resolved	130	1	2.777778
Naxi Yunnan	27	Southwest China	36	Level 3	3	O1b	O	Resolved	135	3	8.333333
Naxi Yunnan	27	Southwest China	36	Level 3	3	O2a	O	Resolved	139	16	44.444444
Naxi Yunnan	27	Southwest China	36	Level 3	3	Q1a	Q	Resolved	147	4	11.111111
Tujia Sichuan	28	Southwest China	27	Level 3	3	C2b	C	Resolved	31	4	14.814815
Tujia Sichuan	28	Southwest China	27	Level 3	3	D1a	D	Resolved	36	1	3.703704
Tujia Sichuan	28	Southwest China	27	Level 3	3	O1a	O	Resolved	130	2	7.407407
Tujia Sichuan	28	Southwest China	27	Level 3	3	O1b	O	Resolved	135	4	14.814815
Tujia Sichuan	28	Southwest China	27	Level 3	3	O2a	O	Resolved	139	15	55.555556
Tujia Sichuan	28	Southwest China	27	Level 3	3	Q1a	Q	Resolved	147	1	3.703704
Tujia Hunan	29	Central China	24	Level 3	3	C2b	C	Resolved	31	3	12.5
Tujia Hunan	29	Central China	24	Level 3	3	O1a	O	Resolved	130	3	12.5
Tujia Hunan	29	Central China	24	Level 3	3	O1b	O	Resolved	135	4	16.666667
Tujia Hunan	29	Central China	24	Level 3	3	O2a	O	Resolved	139	12	50
Tujia Hunan	29	Central China	24	Level 3	3	Q1a	Q	Resolved	147	2	8.333333
She Fujian	30	East China	21	Level 3	3	O1a	O	Resolved	130	6	28.571429
She Fujian	30	East China	21	Level 3	3	O1b	O	Resolved	135	1	4.761905
She Fujian	30	East China	21	Level 3	3	O2a	O	Resolved	139	14	66.666667
De'ang Yunnan	31	Southwest China	39	Level 3	3	D1a	D	Resolved	36	3	7.692308
De'ang Yunnan	31	Southwest China	39	Level 3	3	N1b	N	Resolved	122	1	2.564103
De'ang Yunnan	31	Southwest China	39	Level 3	3	O1b	O	Resolved	135	13	33.333333
De'ang Yunnan	31	Southwest China	39	Level 3	3	O2a	O	Resolved	139	22	56.410256
Miao Guizhou	32	Southwest China	27	Level 3	3	C2b	C	Resolved	31	1	3.703704
Miao Guizhou	32	Southwest China	27	Level 3	3	N1b	N	Resolved	122	3	11.111111
Miao Guizhou	32	Southwest China	27	Level 3	3	O1b	O	Resolved	135	9	33.333333
Miao Guizhou	32	Southwest China	27	Level 3	3	O2a	O	Resolved	139	14	51.851852
Tujia Guizhou	33	Southwest China	44	Level 3	3	C2b	C	Resolved	31	4	9.090909
Tujia Guizhou	33	Southwest China	44	Level 3	3	N1b	N	Resolved	122	3	6.818182
Tujia Guizhou	33	Southwest China	44	Level 3	3	O1a	O	Resolved	130	5	11.363636
Tujia Guizhou	33	Southwest China	44	Level 3	3	O1b	O	Resolved	135	8	18.181818
Tujia Guizhou	33	Southwest China	44	Level 3	3	O2a	O	Resolved	139	24	54.545455
Han Guangxi	34	South China	338	Level 3	3	C2b	C	Resolved	31	6	1.775148
Han Guangxi	34	South China	338	Level 3	3	D1a	D	Resolved	36	15	4.43787
Han Guangxi	34	South China	338	Level 3	3	F*	F	Unresolved	50	3	0.887574
Han Guangxi	34	South China	338	Level 3	3	N1a	N	Resolved	117	2	0.591716
Han Guangxi	34	South China	338	Level 3	3	N1b	N	Resolved	122	17	5.029586
Han Guangxi	34	South China	338	Level 3	3	O1a	O	Resolved	130	51	15.088757
Han Guangxi	34	South China	338	Level 3	3	O1b	O	Resolved	135	86	25.443787
Han Guangxi	34	South China	338	Level 3	3	O2a	O	Resolved	139	150	44.378698
Han Guangxi	34	South China	338	Level 3	3	O2b	O	Resolved	142	4	1.183432
Han Guangxi	34	South China	338	Level 3	3	Q1a	Q	Resolved	147	4	1.183432
Kinh Vietnam	35	Oversea	60	Level 3	3	C2b	C	Resolved	31	1	1.666667
Kinh Vietnam	35	Oversea	60	Level 3	3	F4*	F	Unresolved	54	1	1.666667
Kinh Vietnam	35	Oversea	60	Level 3	3	N1a	N	Resolved	117	1	1.666667
Kinh Vietnam	35	Oversea	60	Level 3	3	N1b	N	Resolved	122	1	1.666667
Kinh Vietnam	35	Oversea	60	Level 3	3	O1a	O	Resolved	130	4	6.666667
Kinh Vietnam	35	Oversea	60	Level 3	3	O1b	O	Resolved	135	20	33.333333
Kinh Vietnam	35	Oversea	60	Level 3	3	O2a	O	Resolved	139	27	45
Kinh Vietnam	35	Oversea	60	Level 3	3	O2b	O	Resolved	142	1	1.666667
Kinh Vietnam	35	Oversea	60	Level 3	3	Q1a	Q	Resolved	147	4	6.666667
Han Guizhou	36	Southwest China	49	Level 3	3	C2b	C	Resolved	31	6	12.244898
Han Guizhou	36	Southwest China	49	Level 3	3	F2*	F	Unresolved	52	2	4.081633
Han Guizhou	36	Southwest China	49	Level 3	3	N1a	N	Resolved	117	3	6.122449
Han Guizhou	36	Southwest China	49	Level 3	3	N1b	N	Resolved	122	3	6.122449
Han Guizhou	36	Southwest China	49	Level 3	3	O1a	O	Resolved	130	11	22.44898
Han Guizhou	36	Southwest China	49	Level 3	3	O1b	O	Resolved	135	6	12.244898
Han Guizhou	36	Southwest China	49	Level 3	3	O2a	O	Resolved	139	17	34.693878
Han Guizhou	36	Southwest China	49	Level 3	3	Q1a	Q	Resolved	147	1	2.040816
Va Yunnan	37	Southwest China	24	Level 3	3	C2b	C	Resolved	31	5	20.833333
Va Yunnan	37	Southwest China	24	Level 3	3	N1b	N	Resolved	122	5	20.833333
Va Yunnan	37	Southwest China	24	Level 3	3	O1a	O	Resolved	130	1	4.166667
Va Yunnan	37	Southwest China	24	Level 3	3	O1b	O	Resolved	135	7	29.166667
Va Yunnan	37	Southwest China	24	Level 3	3	O2a	O	Resolved	139	6	25
Tujia Chongqing	38	Southwest China	52	Level 3	3	C2a	C	Resolved	29	1	1.923077
Tujia Chongqing	38	Southwest China	52	Level 3	3	C2b	C	Resolved	31	14	26.923077
Tujia Chongqing	38	Southwest China	52	Level 3	3	D1a	D	Resolved	36	3	5.7692310000000004
Tujia Chongqing	38	Southwest China	52	Level 3	3	N1a	N	Resolved	117	2	3.846154
Tujia Chongqing	38	Southwest China	52	Level 3	3	N1b	N	Resolved	122	4	7.692308
Tujia Chongqing	38	Southwest China	52	Level 3	3	O1a	O	Resolved	130	6	11.538462000000001
Tujia Chongqing	38	Southwest China	52	Level 3	3	O1b	O	Resolved	135	4	7.692308
Tujia Chongqing	38	Southwest China	52	Level 3	3	O2a	O	Resolved	139	14	26.923077
Tujia Chongqing	38	Southwest China	52	Level 3	3	Q1a	Q	Resolved	147	3	5.7692310000000004
Tujia Chongqing	38	Southwest China	52	Level 3	3	R2b	R	Resolved	172	1	1.923077
Man Heilongjiang	39	Northeast China	21	Level 3	3	C2a	C	Resolved	29	6	28.571429
Man Heilongjiang	39	Northeast China	21	Level 3	3	C2b	C	Resolved	31	2	9.52381
Man Heilongjiang	39	Northeast China	21	Level 3	3	D1a	D	Resolved	36	1	4.761905
Man Heilongjiang	39	Northeast China	21	Level 3	3	O1b	O	Resolved	135	2	9.52381
Man Heilongjiang	39	Northeast China	21	Level 3	3	O2a	O	Resolved	139	9	42.857143
Man Heilongjiang	39	Northeast China	21	Level 3	3	Q1a	Q	Resolved	147	1	4.761905
Miao Yunnan	40	Southwest China	40	Level 3	3	C1b	C	Resolved	26	1	2.5
Miao Yunnan	40	Southwest China	40	Level 3	3	C2a	C	Resolved	29	3	7.5
Miao Yunnan	40	Southwest China	40	Level 3	3	C2b	C	Resolved	31	7	17.5
Miao Yunnan	40	Southwest China	40	Level 3	3	D1a	D	Resolved	36	6	15
Miao Yunnan	40	Southwest China	40	Level 3	3	N1b	N	Resolved	122	3	7.5
Miao Yunnan	40	Southwest China	40	Level 3	3	O1b	O	Resolved	135	3	7.5
Miao Yunnan	40	Southwest China	40	Level 3	3	O2a	O	Resolved	139	17	42.5
Man Liaoning	41	Northeast China	83	Level 3	3	C2a	C	Resolved	29	18	21.686747
Man Liaoning	41	Northeast China	83	Level 3	3	C2b	C	Resolved	31	6	7.228916
Man Liaoning	41	Northeast China	83	Level 3	3	D1a	D	Resolved	36	1	1.204819
Man Liaoning	41	Northeast China	83	Level 3	3	E1b	E	Resolved	43	1	1.204819
Man Liaoning	41	Northeast China	83	Level 3	3	N1a	N	Resolved	117	4	4.819277
Man Liaoning	41	Northeast China	83	Level 3	3	N1b	N	Resolved	122	4	4.819277
Man Liaoning	41	Northeast China	83	Level 3	3	O1a	O	Resolved	130	2	2.409639
Man Liaoning	41	Northeast China	83	Level 3	3	O1b	O	Resolved	135	6	7.228916
Man Liaoning	41	Northeast China	83	Level 3	3	O2a	O	Resolved	139	39	46.987952
Man Liaoning	41	Northeast China	83	Level 3	3	Q1b	Q	Resolved	150	1	1.204819
Man Liaoning	41	Northeast China	83	Level 3	3	R1a	R	Resolved	163	1	1.204819
Man Shandong	42	East China	20	Level 3	3	C2a	C	Resolved	29	3	15
Man Shandong	42	East China	20	Level 3	3	C2b	C	Resolved	31	2	10
Man Shandong	42	East China	20	Level 3	3	N1a	N	Resolved	117	1	5
Man Shandong	42	East China	20	Level 3	3	O1a	O	Resolved	130	1	5
Man Shandong	42	East China	20	Level 3	3	O1b	O	Resolved	135	2	10
Man Shandong	42	East China	20	Level 3	3	O2a	O	Resolved	139	9	45
Man Shandong	42	East China	20	Level 3	3	Q1a	Q	Resolved	147	1	5
Man Shandong	42	East China	20	Level 3	3	R1b	R	Resolved	165	1	5
Man Jilin	43	Northeast China	33	Level 3	3	C2a	C	Resolved	29	4	12.121212
Man Jilin	43	Northeast China	33	Level 3	3	C2b	C	Resolved	31	4	12.121212
Man Jilin	43	Northeast China	33	Level 3	3	N1a	N	Resolved	117	3	9.090909
Man Jilin	43	Northeast China	33	Level 3	3	N1b	N	Resolved	122	1	3.030303
Man Jilin	43	Northeast China	33	Level 3	3	O1a	O	Resolved	130	4	12.121212
Man Jilin	43	Northeast China	33	Level 3	3	O1b	O	Resolved	135	3	9.090909
Man Jilin	43	Northeast China	33	Level 3	3	O2a	O	Resolved	139	12	36.363636
Man Jilin	43	Northeast China	33	Level 3	3	O2b	O	Resolved	142	2	6.060606
Man Beijing	44	North China	38	Level 3	3	C2a	C	Resolved	29	7	18.421053
Man Beijing	44	North China	38	Level 3	3	C2b	C	Resolved	31	3	7.894737
Man Beijing	44	North China	38	Level 3	3	N1a	N	Resolved	117	1	2.631579
Man Beijing	44	North China	38	Level 3	3	N1b	N	Resolved	122	1	2.631579
Man Beijing	44	North China	38	Level 3	3	O1a	O	Resolved	130	5	13.157895
Man Beijing	44	North China	38	Level 3	3	O1b	O	Resolved	135	3	7.894737
Man Beijing	44	North China	38	Level 3	3	O2a	O	Resolved	139	18	47.368421
Tujia Hubei	45	Central China	34	Level 3	3	C2b	C	Resolved	31	7	20.588235
Tujia Hubei	45	Central China	34	Level 3	3	N1b	N	Resolved	122	1	2.941176
Tujia Hubei	45	Central China	34	Level 3	3	O1a	O	Resolved	130	6	17.647059
Tujia Hubei	45	Central China	34	Level 3	3	O1b	O	Resolved	135	4	11.764706
Tujia Hubei	45	Central China	34	Level 3	3	O2a	O	Resolved	139	16	47.058824
Mongol Inner Mongolia	46	North China	93	Level 3	3	C2a	C	Resolved	29	13	13.978495
Mongol Inner Mongolia	46	North China	93	Level 3	3	C2b	C	Resolved	31	7	7.526882
Mongol Inner Mongolia	46	North China	93	Level 3	3	D1a	D	Resolved	36	2	2.150538
Mongol Inner Mongolia	46	North China	93	Level 3	3	E1b	E	Resolved	43	4	4.301075
Mongol Inner Mongolia	46	North China	93	Level 3	3	J2a	J	Resolved	103	2	2.150538
Mongol Inner Mongolia	46	North China	93	Level 3	3	N1a	N	Resolved	117	9	9.677419
Mongol Inner Mongolia	46	North China	93	Level 3	3	N1b	N	Resolved	122	1	1.075269
Mongol Inner Mongolia	46	North China	93	Level 3	3	O1a	O	Resolved	130	3	3.225806
Mongol Inner Mongolia	46	North China	93	Level 3	3	O1b	O	Resolved	135	1	1.075269
Mongol Inner Mongolia	46	North China	93	Level 3	3	O2a	O	Resolved	139	42	45.16129
Mongol Inner Mongolia	46	North China	93	Level 3	3	Q1a	Q	Resolved	147	2	2.150538
Mongol Inner Mongolia	46	North China	93	Level 3	3	Q1b	Q	Resolved	150	2	2.150538
Mongol Inner Mongolia	46	North China	93	Level 3	3	R1a	R	Resolved	163	2	2.150538
Mongol Inner Mongolia	46	North China	93	Level 3	3	R1b	R	Resolved	165	3	3.225806
Mongol Liaoning	47	Northeast China	29	Level 3	3	C2a	C	Resolved	29	5	17.241379
Mongol Liaoning	47	Northeast China	29	Level 3	3	C2b	C	Resolved	31	6	20.689655
Mongol Liaoning	47	Northeast China	29	Level 3	3	E1b	E	Resolved	43	2	6.896552
Mongol Liaoning	47	Northeast China	29	Level 3	3	N1a	N	Resolved	117	2	6.896552
Mongol Liaoning	47	Northeast China	29	Level 3	3	N1b	N	Resolved	122	2	6.896552
Mongol Liaoning	47	Northeast China	29	Level 3	3	O1b	O	Resolved	135	2	6.896552
Mongol Liaoning	47	Northeast China	29	Level 3	3	O2a	O	Resolved	139	9	31.034483
Mongol Liaoning	47	Northeast China	29	Level 3	3	R1a	R	Resolved	163	1	3.448276
Jingpo Yunnan	48	Southwest China	28	Level 3	3	C2b	C	Resolved	31	1	3.571429
Jingpo Yunnan	48	Southwest China	28	Level 3	3	D1a	D	Resolved	36	1	3.571429
Jingpo Yunnan	48	Southwest China	28	Level 3	3	F2*	F	Unresolved	52	3	10.714286
Jingpo Yunnan	48	Southwest China	28	Level 3	3	O2a	O	Resolved	139	23	82.142857
Pumi Yunnan	49	Southwest China	39	Level 3	3	C2b	C	Resolved	31	1	2.564103
Pumi Yunnan	49	Southwest China	39	Level 3	3	D1a	D	Resolved	36	5	12.820513
Pumi Yunnan	49	Southwest China	39	Level 3	3	O1a	O	Resolved	130	1	2.564103
Pumi Yunnan	49	Southwest China	39	Level 3	3	O2a	O	Resolved	139	32	82.051282
Achang Yunnan	50	Southwest China	26	Level 3	3	O1a	O	Resolved	130	1	3.846154
Achang Yunnan	50	Southwest China	26	Level 3	3	O2a	O	Resolved	139	25	96.153846
Han Guangdong	51	South China	130	Level 3	3	C2b	C	Resolved	31	2	1.538462
Han Guangdong	51	South China	130	Level 3	3	F*	F	Unresolved	50	14	10.769231
Han Guangdong	51	South China	130	Level 3	3	F2*	F	Unresolved	52	1	0.769231
Han Guangdong	51	South China	130	Level 3	3	N1a	N	Resolved	117	2	1.538462
Han Guangdong	51	South China	130	Level 3	3	N1b	N	Resolved	122	2	1.538462
Han Guangdong	51	South China	130	Level 3	3	O1a	O	Resolved	130	3	2.307692
Han Guangdong	51	South China	130	Level 3	3	O1b	O	Resolved	135	16	12.307692
Han Guangdong	51	South China	130	Level 3	3	O2a	O	Resolved	139	89	68.461538
Han Guangdong	51	South China	130	Level 3	3	O2b	O	Resolved	142	1	0.769231
Han Shandong	52	East China	25	Level 3	3	N1a	N	Resolved	117	4	16
Han Shandong	52	East China	25	Level 3	3	N1b	N	Resolved	122	4	16
Han Shandong	52	East China	25	Level 3	3	O2a	O	Resolved	139	17	68
Zang Xizang	53	Southwest China	442	Level 3	3	C2a	C	Resolved	29	4	0.904977
Zang Xizang	53	Southwest China	442	Level 3	3	C2b	C	Resolved	31	6	1.357466
Zang Xizang	53	Southwest China	442	Level 3	3	D1a	D	Resolved	36	181	40.950226
Zang Xizang	53	Southwest China	442	Level 3	3	E1b	E	Resolved	43	1	0.226244
Zang Xizang	53	Southwest China	442	Level 3	3	H1a	H	Resolved	67	2	0.452489
Zang Xizang	53	Southwest China	442	Level 3	3	J2a	J	Resolved	103	3	0.678733
Zang Xizang	53	Southwest China	442	Level 3	3	J2b	J	Resolved	106	2	0.452489
Zang Xizang	53	Southwest China	442	Level 3	3	N1a	N	Resolved	117	6	1.357466
Zang Xizang	53	Southwest China	442	Level 3	3	N1b	N	Resolved	122	38	8.597285
Zang Xizang	53	Southwest China	442	Level 3	3	O1a	O	Resolved	130	1	0.226244
Zang Xizang	53	Southwest China	442	Level 3	3	O2a	O	Resolved	139	184	41.628959
Zang Xizang	53	Southwest China	442	Level 3	3	Q1a	Q	Resolved	147	2	0.452489
Zang Xizang	53	Southwest China	442	Level 3	3	Q1b	Q	Resolved	150	1	0.226244
Zang Xizang	53	Southwest China	442	Level 3	3	Q2a	Q	Resolved	154	1	0.226244
Zang Xizang	53	Southwest China	442	Level 3	3	R1a	R	Resolved	163	6	1.357466
Zang Xizang	53	Southwest China	442	Level 3	3	R1b	R	Resolved	165	2	0.452489
Zang Xizang	53	Southwest China	442	Level 3	3	R2b	R	Resolved	172	2	0.452489
Zang Yunnan	54	Southwest China	28	Level 3	3	C1b	C	Resolved	26	1	3.571429
Zang Yunnan	54	Southwest China	28	Level 3	3	D1a	D	Resolved	36	11	39.285714
Zang Yunnan	54	Southwest China	28	Level 3	3	N1a	N	Resolved	117	1	3.571429
Zang Yunnan	54	Southwest China	28	Level 3	3	N1b	N	Resolved	122	1	3.571429
Zang Yunnan	54	Southwest China	28	Level 3	3	O1b	O	Resolved	135	1	3.571429
Zang Yunnan	54	Southwest China	28	Level 3	3	O2a	O	Resolved	139	9	32.142857
Zang Yunnan	54	Southwest China	28	Level 3	3	O2b	O	Resolved	142	1	3.571429
Zang Yunnan	54	Southwest China	28	Level 3	3	Q1a	Q	Resolved	147	2	7.142857
Zang Yunnan	54	Southwest China	28	Level 3	3	R1b	R	Resolved	165	1	3.571429
Zang Gansu	55	Northwest China	25	Level 3	3	D1a	D	Resolved	36	13	52
Zang Gansu	55	Northwest China	25	Level 3	3	N1a	N	Resolved	117	1	4
Zang Gansu	55	Northwest China	25	Level 3	3	O2a	O	Resolved	139	9	36
Zang Gansu	55	Northwest China	25	Level 3	3	Q1a	Q	Resolved	147	1	4
Zang Gansu	55	Northwest China	25	Level 3	3	R1a	R	Resolved	163	1	4
Zang Sichuan	56	Southwest China	311	Level 3	3	C1b	C	Resolved	26	1	0.321543
Zang Sichuan	56	Southwest China	311	Level 3	3	C2a	C	Resolved	29	5	1.607717
Zang Sichuan	56	Southwest China	311	Level 3	3	C2b	C	Resolved	31	3	0.96463
Zang Sichuan	56	Southwest China	311	Level 3	3	D1a	D	Resolved	36	173	55.62701
Zang Sichuan	56	Southwest China	311	Level 3	3	I1a	I	Resolved	79	1	0.321543
Zang Sichuan	56	Southwest China	311	Level 3	3	J2a	J	Resolved	103	1	0.321543
Zang Sichuan	56	Southwest China	311	Level 3	3	N1a	N	Resolved	117	1	0.321543
Zang Sichuan	56	Southwest China	311	Level 3	3	N1b	N	Resolved	122	10	3.215434
Zang Sichuan	56	Southwest China	311	Level 3	3	O1a	O	Resolved	130	3	0.96463
Zang Sichuan	56	Southwest China	311	Level 3	3	O1b	O	Resolved	135	5	1.607717
Zang Sichuan	56	Southwest China	311	Level 3	3	O2a	O	Resolved	139	91	29.26045
Zang Sichuan	56	Southwest China	311	Level 3	3	Q1a	Q	Resolved	147	2	0.643087
Zang Sichuan	56	Southwest China	311	Level 3	3	Q1b	Q	Resolved	150	1	0.321543
Zang Sichuan	56	Southwest China	311	Level 3	3	R1a	R	Resolved	163	12	3.858521
Zang Sichuan	56	Southwest China	311	Level 3	3	R1b	R	Resolved	165	1	0.321543
Zang Sichuan	56	Southwest China	311	Level 3	3	R2a	R	Resolved	170	1	0.321543
Bedouin Israel	57	Oversea	24	Level 3	3	B2a	B	Resolved	13	1	4.166667
Bedouin Israel	57	Oversea	24	Level 3	3	E1b	E	Resolved	43	3	12.5
Bedouin Israel	57	Oversea	24	Level 3	3	G2a	G	Resolved	60	1	4.166667
Bedouin Israel	57	Oversea	24	Level 3	3	J1a	J	Resolved	97	17	70.833333
Bedouin Israel	57	Oversea	24	Level 3	3	R1a	R	Resolved	163	2	8.333333
Peruvian Peru	58	Oversea	51	Level 3	3	E1b	E	Resolved	43	2	3.921569
Peruvian Peru	58	Oversea	51	Level 3	3	I1a	I	Resolved	79	1	1.960784
Peruvian Peru	58	Oversea	51	Level 3	3	J1a	J	Resolved	97	4	7.843137
Peruvian Peru	58	Oversea	51	Level 3	3	J2a	J	Resolved	103	1	1.960784
Peruvian Peru	58	Oversea	51	Level 3	3	Q1a	Q	Resolved	147	2	3.921569
Peruvian Peru	58	Oversea	51	Level 3	3	Q1b	Q	Resolved	150	28	54.901961
Peruvian Peru	58	Oversea	51	Level 3	3	R1b	R	Resolved	165	13	25.490196
Mexican Ancestry California	59	Oversea	43	Level 3	3	E1b	E	Resolved	43	6	13.953488
Mexican Ancestry California	59	Oversea	43	Level 3	3	G2a	G	Resolved	60	2	4.651163
Mexican Ancestry California	59	Oversea	43	Level 3	3	I1a	I	Resolved	79	2	4.651163
Mexican Ancestry California	59	Oversea	43	Level 3	3	Q1b	Q	Resolved	150	14	32.55814
Mexican Ancestry California	59	Oversea	43	Level 3	3	R1b	R	Resolved	165	18	41.860465
Mexican Ancestry California	59	Oversea	43	Level 3	3	T1a	T	Resolved	176	1	2.325581
Colombian Colombia	60	Oversea	58	Level 3	3	E1b	E	Resolved	43	11	18.965517
Colombian Colombia	60	Oversea	58	Level 3	3	I1a	I	Resolved	79	1	1.724138
Colombian Colombia	60	Oversea	58	Level 3	3	I2a	I	Resolved	91	1	1.724138
Colombian Colombia	60	Oversea	58	Level 3	3	J1a	J	Resolved	97	5	8.62069
Colombian Colombia	60	Oversea	58	Level 3	3	J1b	J	Resolved	100	4	6.896552
Colombian Colombia	60	Oversea	58	Level 3	3	Q1b	Q	Resolved	150	4	6.896552
Colombian Colombia	60	Oversea	58	Level 3	3	R1b	R	Resolved	165	30	51.724138
Colombian Colombia	60	Oversea	58	Level 3	3	T1a	T	Resolved	176	2	3.448276
Puerto Ricans Puerto Rico	61	Oversea	70	Level 3	3	B2a	B	Resolved	13	1	1.428571
Puerto Ricans Puerto Rico	61	Oversea	70	Level 3	3	E1a	E	Resolved	41	2	2.857143
Puerto Ricans Puerto Rico	61	Oversea	70	Level 3	3	E1b	E	Resolved	43	20	28.571429
Puerto Ricans Puerto Rico	61	Oversea	70	Level 3	3	G2a	G	Resolved	60	3	4.285714
Puerto Ricans Puerto Rico	61	Oversea	70	Level 3	3	I2a	I	Resolved	91	4	5.714286
Puerto Ricans Puerto Rico	61	Oversea	70	Level 3	3	J1a	J	Resolved	97	1	1.428571
Puerto Ricans Puerto Rico	61	Oversea	70	Level 3	3	J2a	J	Resolved	103	3	4.285714
Puerto Ricans Puerto Rico	61	Oversea	70	Level 3	3	R1b	R	Resolved	165	33	47.142857
Puerto Ricans Puerto Rico	61	Oversea	70	Level 3	3	T1a	T	Resolved	176	3	4.285714
Toscani Italy	62	Oversea	58	Level 3	3	E1b	E	Resolved	43	5	8.62069
Toscani Italy	62	Oversea	58	Level 3	3	G2a	G	Resolved	60	3	5.172414
Toscani Italy	62	Oversea	58	Level 3	3	I1a	I	Resolved	79	2	3.448276
Toscani Italy	62	Oversea	58	Level 3	3	I2a	I	Resolved	91	1	1.724138
Toscani Italy	62	Oversea	58	Level 3	3	J1a	J	Resolved	97	1	1.724138
Toscani Italy	62	Oversea	58	Level 3	3	J2a	J	Resolved	103	11	18.965517
Toscani Italy	62	Oversea	58	Level 3	3	J2b	J	Resolved	106	4	6.896552
Toscani Italy	62	Oversea	58	Level 3	3	R1a	R	Resolved	163	2	3.448276
Toscani Italy	62	Oversea	58	Level 3	3	R1b	R	Resolved	165	26	44.827586
Toscani Italy	62	Oversea	58	Level 3	3	T1a	T	Resolved	176	3	5.172414
Iberian Spain	63	Oversea	81	Level 3	3	E1b	E	Resolved	43	3	3.703704
Iberian Spain	63	Oversea	81	Level 3	3	G2a	G	Resolved	60	2	2.469136
Iberian Spain	63	Oversea	81	Level 3	3	I2a	I	Resolved	91	4	4.938272
Iberian Spain	63	Oversea	81	Level 3	3	J1a	J	Resolved	97	1	1.234568
Iberian Spain	63	Oversea	81	Level 3	3	J2a	J	Resolved	103	6	7.407407
Iberian Spain	63	Oversea	81	Level 3	3	J2b	J	Resolved	106	3	3.703704
Iberian Spain	63	Oversea	81	Level 3	3	R1a	R	Resolved	163	1	1.234568
Iberian Spain	63	Oversea	81	Level 3	3	R1b	R	Resolved	165	59	72.839506
Iberian Spain	63	Oversea	81	Level 3	3	T1a	T	Resolved	176	2	2.469136
British England Scotland	64	Oversea	45	Level 3	3	I1a	I	Resolved	79	4	8.888889
British England Scotland	64	Oversea	45	Level 3	3	I1b	I	Resolved	84	2	4.444444
British England Scotland	64	Oversea	45	Level 3	3	I2a	I	Resolved	91	1	2.222222
British England Scotland	64	Oversea	45	Level 3	3	J2b	J	Resolved	106	1	2.222222
British England Scotland	64	Oversea	45	Level 3	3	R1a	R	Resolved	163	4	8.888889
British England Scotland	64	Oversea	45	Level 3	3	R1b	R	Resolved	165	33	73.333333
CEPH United States	65	Oversea	87	Level 3	3	E1b	E	Resolved	43	2	2.298851
CEPH United States	65	Oversea	87	Level 3	3	G2a	G	Resolved	60	5	5.747126
CEPH United States	65	Oversea	87	Level 3	3	I1a	I	Resolved	79	10	11.494253
CEPH United States	65	Oversea	87	Level 3	3	I1b	I	Resolved	84	2	2.298851
CEPH United States	65	Oversea	87	Level 3	3	I1c	I	Resolved	88	1	1.149425
CEPH United States	65	Oversea	87	Level 3	3	I2a	I	Resolved	91	8	9.195402
CEPH United States	65	Oversea	87	Level 3	3	J1a	J	Resolved	97	1	1.149425
CEPH United States	65	Oversea	87	Level 3	3	J2b	J	Resolved	106	2	2.298851
CEPH United States	65	Oversea	87	Level 3	3	R1a	R	Resolved	163	2	2.298851
CEPH United States	65	Oversea	87	Level 3	3	R1b	R	Resolved	165	54	62.068966
Uygur Xinjiang	66	Northwest China	26	Level 3	3	C1b	C	Resolved	26	1	3.846154
Uygur Xinjiang	66	Northwest China	26	Level 3	3	C2a	C	Resolved	29	1	3.846154
Uygur Xinjiang	66	Northwest China	26	Level 3	3	F2*	F	Unresolved	52	2	7.692308
Uygur Xinjiang	66	Northwest China	26	Level 3	3	G2a	G	Resolved	60	1	3.846154
Uygur Xinjiang	66	Northwest China	26	Level 3	3	H1a	H	Resolved	67	1	3.846154
Uygur Xinjiang	66	Northwest China	26	Level 3	3	J1a	J	Resolved	97	1	3.846154
Uygur Xinjiang	66	Northwest China	26	Level 3	3	J2a	J	Resolved	103	3	11.538462000000001
Uygur Xinjiang	66	Northwest China	26	Level 3	3	L1a	L	Resolved	111	1	3.846154
Uygur Xinjiang	66	Northwest China	26	Level 3	3	N1b	N	Resolved	122	1	3.846154
Uygur Xinjiang	66	Northwest China	26	Level 3	3	O1a	O	Resolved	130	1	3.846154
Uygur Xinjiang	66	Northwest China	26	Level 3	3	O1b	O	Resolved	135	1	3.846154
Uygur Xinjiang	66	Northwest China	26	Level 3	3	O2a	O	Resolved	139	2	7.692308
Uygur Xinjiang	66	Northwest China	26	Level 3	3	R1a	R	Resolved	163	4	15.384615
Uygur Xinjiang	66	Northwest China	26	Level 3	3	R1b	R	Resolved	165	6	23.076923
Brahui Pakistan	67	Oversea	23	Level 3	3	C1b	C	Resolved	26	1	4.347826
Brahui Pakistan	67	Oversea	23	Level 3	3	G1a	G	Resolved	57	1	4.347826
Brahui Pakistan	67	Oversea	23	Level 3	3	G2a	G	Resolved	60	3	13.043478
Brahui Pakistan	67	Oversea	23	Level 3	3	H1a	H	Resolved	67	1	4.347826
Brahui Pakistan	67	Oversea	23	Level 3	3	J1a	J	Resolved	97	3	13.043478
Brahui Pakistan	67	Oversea	23	Level 3	3	J2a	J	Resolved	103	4	17.391304
Brahui Pakistan	67	Oversea	23	Level 3	3	L1a	L	Resolved	111	2	8.695652
Brahui Pakistan	67	Oversea	23	Level 3	3	R1a	R	Resolved	163	5	21.73913
Brahui Pakistan	67	Oversea	23	Level 3	3	R2a	R	Resolved	170	3	13.043478
Punjabi Pakistan	68	Oversea	77	Level 3	3	C1b	C	Resolved	26	1	1.298701
Punjabi Pakistan	68	Oversea	77	Level 3	3	G1a	G	Resolved	57	2	2.597403
Punjabi Pakistan	68	Oversea	77	Level 3	3	G2a	G	Resolved	60	5	6.493506
Punjabi Pakistan	68	Oversea	77	Level 3	3	G2b	G	Resolved	63	2	2.597403
Punjabi Pakistan	68	Oversea	77	Level 3	3	H1a	H	Resolved	67	4	5.194805
Punjabi Pakistan	68	Oversea	77	Level 3	3	H3b	H	Resolved	74	2	2.597403
Punjabi Pakistan	68	Oversea	77	Level 3	3	J1a	J	Resolved	97	1	1.298701
Punjabi Pakistan	68	Oversea	77	Level 3	3	J2a	J	Resolved	103	13	16.883117
Punjabi Pakistan	68	Oversea	77	Level 3	3	J2b	J	Resolved	106	1	1.298701
Punjabi Pakistan	68	Oversea	77	Level 3	3	L1a	L	Resolved	111	4	5.194805
Punjabi Pakistan	68	Oversea	77	Level 3	3	Q1a	Q	Resolved	147	2	2.597403
Punjabi Pakistan	68	Oversea	77	Level 3	3	Q2b	Q	Resolved	157	2	2.597403
Punjabi Pakistan	68	Oversea	77	Level 3	3	R1a	R	Resolved	163	27	35.064935
Punjabi Pakistan	68	Oversea	77	Level 3	3	R2a	R	Resolved	170	11	14.285714
Balochi Pakistan	69	Oversea	22	Level 3	3	E1b	E	Resolved	43	1	4.545455
Balochi Pakistan	69	Oversea	22	Level 3	3	H1a	H	Resolved	67	1	4.545455
Balochi Pakistan	69	Oversea	22	Level 3	3	J1*	J	Unresolved	96	1	4.545455
Balochi Pakistan	69	Oversea	22	Level 3	3	J1a	J	Resolved	97	1	4.545455
Balochi Pakistan	69	Oversea	22	Level 3	3	J2a	J	Resolved	103	2	9.090909
Balochi Pakistan	69	Oversea	22	Level 3	3	L1a	L	Resolved	111	4	18.181818
Balochi Pakistan	69	Oversea	22	Level 3	3	R1a	R	Resolved	163	7	31.818182
Balochi Pakistan	69	Oversea	22	Level 3	3	R1b	R	Resolved	165	2	9.090909
Balochi Pakistan	69	Oversea	22	Level 3	3	R2a	R	Resolved	170	3	13.636364
Telugu United Kingdom	70	Oversea	60	Level 3	3	C1b	C	Resolved	26	1	1.666667
Telugu United Kingdom	70	Oversea	60	Level 3	3	H1a	H	Resolved	67	11	18.333333
Telugu United Kingdom	70	Oversea	60	Level 3	3	H3a	H	Resolved	71	5	8.333333
Telugu United Kingdom	70	Oversea	60	Level 3	3	J2b	J	Resolved	106	3	5
Telugu United Kingdom	70	Oversea	60	Level 3	3	L1a	L	Resolved	111	8	13.333333
Telugu United Kingdom	70	Oversea	60	Level 3	3	N1b	N	Resolved	122	1	1.666667
Telugu United Kingdom	70	Oversea	60	Level 3	3	NO*	NO	Unresolved	126	1	1.666667
Telugu United Kingdom	70	Oversea	60	Level 3	3	Q2b	Q	Resolved	157	1	1.666667
Telugu United Kingdom	70	Oversea	60	Level 3	3	R1a	R	Resolved	163	15	25
Telugu United Kingdom	70	Oversea	60	Level 3	3	R2a	R	Resolved	170	14	23.333333
Tamil United Kingdom	71	Oversea	64	Level 3	3	C1b	C	Resolved	26	1	1.5625
Tamil United Kingdom	71	Oversea	64	Level 3	3	H1a	H	Resolved	67	10	15.625
Tamil United Kingdom	71	Oversea	64	Level 3	3	H3a	H	Resolved	71	4	6.25
Tamil United Kingdom	71	Oversea	64	Level 3	3	H3b	H	Resolved	74	2	3.125
Tamil United Kingdom	71	Oversea	64	Level 3	3	J2a	J	Resolved	103	5	7.8125
Tamil United Kingdom	71	Oversea	64	Level 3	3	J2b	J	Resolved	106	2	3.125
Tamil United Kingdom	71	Oversea	64	Level 3	3	L1a	L	Resolved	111	12	18.75
Tamil United Kingdom	71	Oversea	64	Level 3	3	Q1b	Q	Resolved	150	3	4.6875
Tamil United Kingdom	71	Oversea	64	Level 3	3	R1a	R	Resolved	163	21	32.8125
Tamil United Kingdom	71	Oversea	64	Level 3	3	R2a	R	Resolved	170	4	6.25
Gujarati United States	72	Oversea	56	Level 3	3	C1b	C	Resolved	26	12	21.428571
Gujarati United States	72	Oversea	56	Level 3	3	G1a	G	Resolved	57	2	3.571429
Gujarati United States	72	Oversea	56	Level 3	3	H1a	H	Resolved	67	11	19.642857
Gujarati United States	72	Oversea	56	Level 3	3	J2a	J	Resolved	103	3	5.357143
Gujarati United States	72	Oversea	56	Level 3	3	J2b	J	Resolved	106	2	3.571429
Gujarati United States	72	Oversea	56	Level 3	3	L1a	L	Resolved	111	5	8.928571
Gujarati United States	72	Oversea	56	Level 3	3	R1a	R	Resolved	163	15	26.785714
Gujarati United States	72	Oversea	56	Level 3	3	R1b	R	Resolved	165	1	1.785714
Gujarati United States	72	Oversea	56	Level 3	3	R2a	R	Resolved	170	5	8.928571
Bengali Bangladesh	73	Oversea	58	Level 3	3	C1b	C	Resolved	26	3	5.172414
Bengali Bangladesh	73	Oversea	58	Level 3	3	C2b	C	Resolved	31	1	1.724138
Bengali Bangladesh	73	Oversea	58	Level 3	3	H1a	H	Resolved	67	22	37.931034
Bengali Bangladesh	73	Oversea	58	Level 3	3	J2a	J	Resolved	103	5	8.62069
Bengali Bangladesh	73	Oversea	58	Level 3	3	J2b	J	Resolved	106	2	3.448276
Bengali Bangladesh	73	Oversea	58	Level 3	3	L1a	L	Resolved	111	2	3.448276
Bengali Bangladesh	73	Oversea	58	Level 3	3	O1b	O	Resolved	135	2	3.448276
Bengali Bangladesh	73	Oversea	58	Level 3	3	O2a	O	Resolved	139	2	3.448276
Bengali Bangladesh	73	Oversea	58	Level 3	3	Q1b	Q	Resolved	150	2	3.448276
Bengali Bangladesh	73	Oversea	58	Level 3	3	Q2b	Q	Resolved	157	1	1.724138
Bengali Bangladesh	73	Oversea	58	Level 3	3	R1a	R	Resolved	163	10	17.241379
Bengali Bangladesh	73	Oversea	58	Level 3	3	R2a	R	Resolved	170	6	10.344828
African Ancestry United States	74	Oversea	33	Level 3	3	E1b	E	Resolved	43	22	66.666667
African Ancestry United States	74	Oversea	33	Level 3	3	E2b	E	Resolved	46	1	3.030303
African Ancestry United States	74	Oversea	33	Level 3	3	I1a	I	Resolved	79	1	3.030303
African Ancestry United States	74	Oversea	33	Level 3	3	I2a	I	Resolved	91	2	6.060606
African Ancestry United States	74	Oversea	33	Level 3	3	R1b	R	Resolved	165	7	21.212121
African Caribbean Barbados	75	Oversea	57	Level 3	3	A0b	A	Resolved	5	1	1.754386
African Caribbean Barbados	75	Oversea	57	Level 3	3	E1a	E	Resolved	41	3	5.263158
African Caribbean Barbados	75	Oversea	57	Level 3	3	E1b	E	Resolved	43	39	68.421053
African Caribbean Barbados	75	Oversea	57	Level 3	3	I1a	I	Resolved	79	3	5.263158
African Caribbean Barbados	75	Oversea	57	Level 3	3	I2a	I	Resolved	91	3	5.263158
African Caribbean Barbados	75	Oversea	57	Level 3	3	R1b	R	Resolved	165	8	14.035088
Mende Sierra Leone	76	Oversea	50	Level 3	3	B3a	B	Resolved	18	2	4
Mende Sierra Leone	76	Oversea	50	Level 3	3	E1a	E	Resolved	41	3	6
Mende Sierra Leone	76	Oversea	50	Level 3	3	E1b	E	Resolved	43	43	86
Mende Sierra Leone	76	Oversea	50	Level 3	3	G2a	G	Resolved	60	2	4
Yoruba Nigeria	77	Oversea	105	Level 3	3	B*	B	Unresolved	11	1	0.952381
Yoruba Nigeria	77	Oversea	105	Level 3	3	E1a	E	Resolved	41	8	7.619048
Yoruba Nigeria	77	Oversea	105	Level 3	3	E1b	E	Resolved	43	94	89.52381
Yoruba Nigeria	77	Oversea	105	Level 3	3	E2b	E	Resolved	46	2	1.904762
Esan Nigeria	78	Oversea	83	Level 3	3	E1b	E	Resolved	43	83	100
Luhya Kenya	79	Oversea	44	Level 3	3	B2a	B	Resolved	13	2	4.545455
Luhya Kenya	79	Oversea	44	Level 3	3	B2b	B	Resolved	15	1	2.272727
Luhya Kenya	79	Oversea	44	Level 3	3	E1b	E	Resolved	43	39	88.636364
Luhya Kenya	79	Oversea	44	Level 3	3	E2b	E	Resolved	46	2	4.545455
Gambian Gambia	80	Oversea	93	Level 3	3	A0a	A	Resolved	3	2	2.150538
Gambian Gambia	80	Oversea	93	Level 3	3	A1a	A	Resolved	8	5	5.376344
Gambian Gambia	80	Oversea	93	Level 3	3	B3b	B	Resolved	20	2	2.150538
Gambian Gambia	80	Oversea	93	Level 3	3	E1a	E	Resolved	41	22	23.655914
Gambian Gambia	80	Oversea	93	Level 3	3	E1b	E	Resolved	43	60	64.516129
Gambian Gambia	80	Oversea	93	Level 3	3	E2b	E	Resolved	46	2	2.150538
Biaka Central African Republic	81	Oversea	24	Level 3	3	B2a	B	Resolved	13	1	4.166667
Biaka Central African Republic	81	Oversea	24	Level 3	3	B2b	B	Resolved	15	6	25
Biaka Central African Republic	81	Oversea	24	Level 3	3	E1b	E	Resolved	43	17	70.833333
Finnish Finland	1	Oversea	38	Level 4	4	I1a1	I	Resolved	80	8	21.052632
Finnish Finland	1	Oversea	38	Level 4	4	I1a2	I	Resolved	81	1	2.631579
Finnish Finland	1	Oversea	38	Level 4	4	I2a1	I	Resolved	92	1	2.631579
Finnish Finland	1	Oversea	38	Level 4	4	J1a2	J	Resolved	98	1	2.631579
Finnish Finland	1	Oversea	38	Level 4	4	N1a1	N	Resolved	119	23	60.526316
Finnish Finland	1	Oversea	38	Level 4	4	R1a1	R	Resolved	164	3	7.894737
Finnish Finland	1	Oversea	38	Level 4	4	R1b1	R	Resolved	167	1	2.631579
Han Chongqing	2	Southwest China	25	Level 4	4	F2*	F	Unresolved	52	4	16
Han Chongqing	2	Southwest China	25	Level 4	4	N1a1	N	Resolved	119	1	4
Han Chongqing	2	Southwest China	25	Level 4	4	N1a2	N	Resolved	120	2	8
Han Chongqing	2	Southwest China	25	Level 4	4	N1a3	N	Resolved	121	1	4
Han Chongqing	2	Southwest China	25	Level 4	4	N1b1	N	Resolved	123	2	8
Han Chongqing	2	Southwest China	25	Level 4	4	N1b2	N	Resolved	124	11	44
Han Chongqing	2	Southwest China	25	Level 4	4	O2a2	O	Resolved	141	4	16
Hani Yunnan	3	Southwest China	241	Level 4	4	C2b1	C	Resolved	32	9	3.73444
Hani Yunnan	3	Southwest China	241	Level 4	4	D1a1	D	Resolved	37	2	0.829876
Hani Yunnan	3	Southwest China	241	Level 4	4	F2*	F	Unresolved	52	26	10.788382
Hani Yunnan	3	Southwest China	241	Level 4	4	N1b1	N	Resolved	123	31	12.863071
Hani Yunnan	3	Southwest China	241	Level 4	4	N1b2	N	Resolved	124	91	37.759336
Hani Yunnan	3	Southwest China	241	Level 4	4	O1b1	O	Resolved	136	14	5.809129
Hani Yunnan	3	Southwest China	241	Level 4	4	O2a2	O	Resolved	141	10	4.149378
Hani Yunnan	3	Southwest China	241	Level 4	4	Q1a1	Q	Resolved	148	58	24.06639
Lahu Yunnan	4	Southwest China	31	Level 4	4	F2*	F	Unresolved	52	17	54.83871
Lahu Yunnan	4	Southwest China	31	Level 4	4	O1b1	O	Resolved	136	4	12.903226
Lahu Yunnan	4	Southwest China	31	Level 4	4	O2a1	O	Resolved	140	1	3.225806
Lahu Yunnan	4	Southwest China	31	Level 4	4	O2a2	O	Resolved	141	9	29.032258
Yi Yunnan	5	Southwest China	174	Level 4	4	C1b1	C	Resolved	27	2	1.149425
Yi Yunnan	5	Southwest China	174	Level 4	4	C2a1	C	Resolved	30	1	0.574713
Yi Yunnan	5	Southwest China	174	Level 4	4	C2b1	C	Resolved	32	4	2.298851
Yi Yunnan	5	Southwest China	174	Level 4	4	D1a1	D	Resolved	37	8	4.597701
Yi Yunnan	5	Southwest China	174	Level 4	4	F2*	F	Unresolved	52	61	35.057471
Yi Yunnan	5	Southwest China	174	Level 4	4	N1a1	N	Resolved	119	1	0.574713
Yi Yunnan	5	Southwest China	174	Level 4	4	N1b2	N	Resolved	124	10	5.747126
Yi Yunnan	5	Southwest China	174	Level 4	4	O1a1	O	Resolved	132	10	5.747126
Yi Yunnan	5	Southwest China	174	Level 4	4	O1a3	O	Resolved	134	1	0.574713
Yi Yunnan	5	Southwest China	174	Level 4	4	O1b1	O	Resolved	136	37	21.264368
Yi Yunnan	5	Southwest China	174	Level 4	4	O2a1	O	Resolved	140	6	3.448276
Yi Yunnan	5	Southwest China	174	Level 4	4	O2a2	O	Resolved	141	31	17.816092
Yi Yunnan	5	Southwest China	174	Level 4	4	O2b1	O	Resolved	143	1	0.574713
Yi Yunnan	5	Southwest China	174	Level 4	4	R1a1	R	Resolved	164	1	0.574713
Japanese Japan	6	Oversea	76	Level 4	4	C1a1	C	Resolved	25	5	6.578947
Japanese Japan	6	Oversea	76	Level 4	4	C2a1	C	Resolved	30	1	1.315789
Japanese Japan	6	Oversea	76	Level 4	4	C2b1	C	Resolved	32	3	3.947368
Japanese Japan	6	Oversea	76	Level 4	4	D1a2	D	Resolved	38	26	34.210526
Japanese Japan	6	Oversea	76	Level 4	4	O1b1	O	Resolved	136	2	2.631579
Japanese Japan	6	Oversea	76	Level 4	4	O1b2	O	Resolved	137	25	32.894737
Japanese Japan	6	Oversea	76	Level 4	4	O2a1	O	Resolved	140	4	5.263158
Japanese Japan	6	Oversea	76	Level 4	4	O2a2	O	Resolved	141	10	13.157895
Yao Yunnan	7	Southwest China	20	Level 4	4	C2b1	C	Resolved	32	1	5
Yao Yunnan	7	Southwest China	20	Level 4	4	O1a1	O	Resolved	132	1	5
Yao Yunnan	7	Southwest China	20	Level 4	4	O1b1	O	Resolved	136	14	70
Yao Yunnan	7	Southwest China	20	Level 4	4	O2a1	O	Resolved	140	1	5
Yao Yunnan	7	Southwest China	20	Level 4	4	O2a2	O	Resolved	141	3	15
Sui Guizhou	8	Southwest China	35	Level 4	4	O1a1	O	Resolved	132	11	31.428571
Sui Guizhou	8	Southwest China	35	Level 4	4	O1b1	O	Resolved	136	16	45.714286
Sui Guizhou	8	Southwest China	35	Level 4	4	O2a2	O	Resolved	141	8	22.857143
Li Hainan	9	South China	42	Level 4	4	N1b2	N	Resolved	124	1	2.380952
Li Hainan	9	South China	42	Level 4	4	O1a1	O	Resolved	132	7	16.666667
Li Hainan	9	South China	42	Level 4	4	O1a2	O	Resolved	133	1	2.380952
Li Hainan	9	South China	42	Level 4	4	O1b1	O	Resolved	136	24	57.142857
Li Hainan	9	South China	42	Level 4	4	O2a1	O	Resolved	140	1	2.380952
Li Hainan	9	South China	42	Level 4	4	O2a2	O	Resolved	141	8	19.047619
Yao Guangxi	10	South China	20	Level 4	4	C1b1	C	Resolved	27	2	10
Yao Guangxi	10	South China	20	Level 4	4	D1a1	D	Resolved	37	1	5
Yao Guangxi	10	South China	20	Level 4	4	N1b2	N	Resolved	124	1	5
Yao Guangxi	10	South China	20	Level 4	4	O1a1	O	Resolved	132	4	20
Yao Guangxi	10	South China	20	Level 4	4	O1b1	O	Resolved	136	7	35
Yao Guangxi	10	South China	20	Level 4	4	O2a1	O	Resolved	140	2	10
Yao Guangxi	10	South China	20	Level 4	4	O2a2	O	Resolved	141	3	15
Zhuang Guangxi	11	South China	243	Level 4	4	C1b1	C	Resolved	27	3	1.234568
Zhuang Guangxi	11	South China	243	Level 4	4	C2b1	C	Resolved	32	5	2.057613
Zhuang Guangxi	11	South China	243	Level 4	4	D1a1	D	Resolved	37	5	2.057613
Zhuang Guangxi	11	South China	243	Level 4	4	F2*	F	Unresolved	52	1	0.41152300000000003
Zhuang Guangxi	11	South China	243	Level 4	4	N1a1	N	Resolved	119	1	0.41152300000000003
Zhuang Guangxi	11	South China	243	Level 4	4	N1a3	N	Resolved	121	1	0.41152300000000003
Zhuang Guangxi	11	South China	243	Level 4	4	N1b2	N	Resolved	124	5	2.057613
Zhuang Guangxi	11	South China	243	Level 4	4	O1a1	O	Resolved	132	23	9.465021
Zhuang Guangxi	11	South China	243	Level 4	4	O1b1	O	Resolved	136	119	48.971193
Zhuang Guangxi	11	South China	243	Level 4	4	O2a1	O	Resolved	140	11	4.526749
Zhuang Guangxi	11	South China	243	Level 4	4	O2a2	O	Resolved	141	69	28.395062
Dai Yunnan	12	Southwest China	77	Level 4	4	C1b1	C	Resolved	27	1	1.298701
Dai Yunnan	12	Southwest China	77	Level 4	4	C2b1	C	Resolved	32	1	1.298701
Dai Yunnan	12	Southwest China	77	Level 4	4	F2*	F	Unresolved	52	2	2.597403
Dai Yunnan	12	Southwest China	77	Level 4	4	O1a1	O	Resolved	132	9	11.688312
Dai Yunnan	12	Southwest China	77	Level 4	4	O1b1	O	Resolved	136	33	42.857143
Dai Yunnan	12	Southwest China	77	Level 4	4	O2a1	O	Resolved	140	2	2.597403
Dai Yunnan	12	Southwest China	77	Level 4	4	O2a2	O	Resolved	141	28	36.363636
Dai Yunnan	12	Southwest China	77	Level 4	4	Q1a1	Q	Resolved	148	1	1.298701
Blang Yunnan	13	Southwest China	41	Level 4	4	C2b1	C	Resolved	32	12	29.268293
Blang Yunnan	13	Southwest China	41	Level 4	4	F2*	F	Unresolved	52	1	2.439024
Blang Yunnan	13	Southwest China	41	Level 4	4	N1a2	N	Resolved	120	1	2.439024
Blang Yunnan	13	Southwest China	41	Level 4	4	N1b2	N	Resolved	124	1	2.439024
Blang Yunnan	13	Southwest China	41	Level 4	4	O1a1	O	Resolved	132	2	4.878049
Blang Yunnan	13	Southwest China	41	Level 4	4	O1b1	O	Resolved	136	19	46.341463
Blang Yunnan	13	Southwest China	41	Level 4	4	O2a1	O	Resolved	140	1	2.439024
Blang Yunnan	13	Southwest China	41	Level 4	4	O2a2	O	Resolved	141	2	4.878049
Blang Yunnan	13	Southwest China	41	Level 4	4	Q1a1	Q	Resolved	148	2	4.878049
Hui Gansu	14	Northwest China	36	Level 4	4	C2a1	C	Resolved	30	5	13.888889
Hui Gansu	14	Northwest China	36	Level 4	4	C2b1	C	Resolved	32	2	5.555556
Hui Gansu	14	Northwest China	36	Level 4	4	D1a1	D	Resolved	37	1	2.777778
Hui Gansu	14	Northwest China	36	Level 4	4	G2a2	G	Resolved	62	1	2.777778
Hui Gansu	14	Northwest China	36	Level 4	4	H1a1	H	Resolved	68	1	2.777778
Hui Gansu	14	Northwest China	36	Level 4	4	J2a1	J	Resolved	104	1	2.777778
Hui Gansu	14	Northwest China	36	Level 4	4	N1a*	N	Unresolved	118	1	2.777778
Hui Gansu	14	Northwest China	36	Level 4	4	O1b1	O	Resolved	136	1	2.777778
Hui Gansu	14	Northwest China	36	Level 4	4	O2a1	O	Resolved	140	4	11.111111
Hui Gansu	14	Northwest China	36	Level 4	4	O2a2	O	Resolved	141	8	22.222222
Hui Gansu	14	Northwest China	36	Level 4	4	Q1b1	Q	Resolved	151	1	2.777778
Hui Gansu	14	Northwest China	36	Level 4	4	Q1b2	Q	Resolved	152	1	2.777778
Hui Gansu	14	Northwest China	36	Level 4	4	Q2a2	Q	Resolved	156	1	2.777778
Hui Gansu	14	Northwest China	36	Level 4	4	R1a1	R	Resolved	164	5	13.888889
Hui Gansu	14	Northwest China	36	Level 4	4	R1b1	R	Resolved	167	3	8.333333
Hui Shandong	15	East China	24	Level 4	4	C2a1	C	Resolved	30	1	4.166667
Hui Shandong	15	East China	24	Level 4	4	C2b1	C	Resolved	32	2	8.333333
Hui Shandong	15	East China	24	Level 4	4	D1a1	D	Resolved	37	1	4.166667
Hui Shandong	15	East China	24	Level 4	4	J2a1	J	Resolved	104	1	4.166667
Hui Shandong	15	East China	24	Level 4	4	N1a2	N	Resolved	120	2	8.333333
Hui Shandong	15	East China	24	Level 4	4	O1a1	O	Resolved	132	3	12.5
Hui Shandong	15	East China	24	Level 4	4	O1b1	O	Resolved	136	1	4.166667
Hui Shandong	15	East China	24	Level 4	4	O2a1	O	Resolved	140	3	12.5
Hui Shandong	15	East China	24	Level 4	4	O2a2	O	Resolved	141	3	12.5
Hui Shandong	15	East China	24	Level 4	4	Q1a1	Q	Resolved	148	2	8.333333
Hui Shandong	15	East China	24	Level 4	4	R1a1	R	Resolved	164	3	12.5
Hui Shandong	15	East China	24	Level 4	4	R2b1	R	Resolved	173	1	4.166667
Hui Shandong	15	East China	24	Level 4	4	T1a3	T	Resolved	179	1	4.166667
Qiang Sichuan	16	Southwest China	44	Level 4	4	C2b1	C	Resolved	32	2	4.545455
Qiang Sichuan	16	Southwest China	44	Level 4	4	D1a1	D	Resolved	37	8	18.181818
Qiang Sichuan	16	Southwest China	44	Level 4	4	N1a1	N	Resolved	119	1	2.272727
Qiang Sichuan	16	Southwest China	44	Level 4	4	N1a2	N	Resolved	120	3	6.818182
Qiang Sichuan	16	Southwest China	44	Level 4	4	N1b1	N	Resolved	123	1	2.272727
Qiang Sichuan	16	Southwest China	44	Level 4	4	N1b2	N	Resolved	124	1	2.272727
Qiang Sichuan	16	Southwest China	44	Level 4	4	O1a1	O	Resolved	132	2	4.545455
Qiang Sichuan	16	Southwest China	44	Level 4	4	O1b1	O	Resolved	136	8	18.181818
Qiang Sichuan	16	Southwest China	44	Level 4	4	O2a1	O	Resolved	140	2	4.545455
Qiang Sichuan	16	Southwest China	44	Level 4	4	O2a2	O	Resolved	141	13	29.545455
Qiang Sichuan	16	Southwest China	44	Level 4	4	Q1a1	Q	Resolved	148	3	6.818182
Yi Sichuan	17	Southwest China	233	Level 4	4	C1b1	C	Resolved	27	5	2.145923
Yi Sichuan	17	Southwest China	233	Level 4	4	C2b1	C	Resolved	32	12	5.150215
Yi Sichuan	17	Southwest China	233	Level 4	4	D1a1	D	Resolved	37	40	17.167382
Yi Sichuan	17	Southwest China	233	Level 4	4	F2*	F	Unresolved	52	14	6.008584
Yi Sichuan	17	Southwest China	233	Level 4	4	N1b2	N	Resolved	124	15	6.437768
Yi Sichuan	17	Southwest China	233	Level 4	4	O1a1	O	Resolved	132	12	5.150215
Yi Sichuan	17	Southwest China	233	Level 4	4	O1b1	O	Resolved	136	31	13.304721
Yi Sichuan	17	Southwest China	233	Level 4	4	O2a1	O	Resolved	140	18	7.725322
Yi Sichuan	17	Southwest China	233	Level 4	4	O2a2	O	Resolved	141	83	35.622318
Yi Sichuan	17	Southwest China	233	Level 4	4	Q1a1	Q	Resolved	148	3	1.287554
Lisu Yunnan	18	Southwest China	39	Level 4	4	C2b1	C	Resolved	32	3	7.692308
Lisu Yunnan	18	Southwest China	39	Level 4	4	F2*	F	Unresolved	52	7	17.948718
Lisu Yunnan	18	Southwest China	39	Level 4	4	N1b2	N	Resolved	124	2	5.128205
Lisu Yunnan	18	Southwest China	39	Level 4	4	O1b1	O	Resolved	136	6	15.384615
Lisu Yunnan	18	Southwest China	39	Level 4	4	O2a2	O	Resolved	141	19	48.717949
Lisu Yunnan	18	Southwest China	39	Level 4	4	R1b1	R	Resolved	167	2	5.128205
Man Hebei	19	North China	22	Level 4	4	C2a1	C	Resolved	30	2	9.090909
Man Hebei	19	North China	22	Level 4	4	J2a1	J	Resolved	104	1	4.545455
Man Hebei	19	North China	22	Level 4	4	N1a2	N	Resolved	120	1	4.545455
Man Hebei	19	North China	22	Level 4	4	O1a3	O	Resolved	134	1	4.545455
Man Hebei	19	North China	22	Level 4	4	O1b1	O	Resolved	136	1	4.545455
Man Hebei	19	North China	22	Level 4	4	O1b2	O	Resolved	137	1	4.545455
Man Hebei	19	North China	22	Level 4	4	O2a1	O	Resolved	140	3	13.636364
Man Hebei	19	North China	22	Level 4	4	O2a2	O	Resolved	141	9	40.909091
Man Hebei	19	North China	22	Level 4	4	Q1a1	Q	Resolved	148	2	9.090909
Man Hebei	19	North China	22	Level 4	4	R1a1	R	Resolved	164	1	4.545455
Han Shaanxi	20	Northwest China	671	Level 4	4	C1b1	C	Resolved	27	2	0.298063
Han Shaanxi	20	Northwest China	671	Level 4	4	C2a1	C	Resolved	30	46	6.85544
Han Shaanxi	20	Northwest China	671	Level 4	4	C2b1	C	Resolved	32	37	5.514158
Han Shaanxi	20	Northwest China	671	Level 4	4	D1a1	D	Resolved	37	20	2.980626
Han Shaanxi	20	Northwest China	671	Level 4	4	E1b1	E	Resolved	44	6	0.894188
Han Shaanxi	20	Northwest China	671	Level 4	4	F2*	F	Unresolved	52	1	0.149031
Han Shaanxi	20	Northwest China	671	Level 4	4	G1a1	G	Resolved	58	1	0.149031
Han Shaanxi	20	Northwest China	671	Level 4	4	G2a2	G	Resolved	62	1	0.149031
Han Shaanxi	20	Northwest China	671	Level 4	4	J2a1	J	Resolved	104	4	0.596125
Han Shaanxi	20	Northwest China	671	Level 4	4	J2a2	J	Resolved	105	1	0.149031
Han Shaanxi	20	Northwest China	671	Level 4	4	N1a*	N	Unresolved	118	8	1.19225
Han Shaanxi	20	Northwest China	671	Level 4	4	N1a1	N	Resolved	119	8	1.19225
Han Shaanxi	20	Northwest China	671	Level 4	4	N1a2	N	Resolved	120	20	2.980626
Han Shaanxi	20	Northwest China	671	Level 4	4	N1a3	N	Resolved	121	4	0.596125
Han Shaanxi	20	Northwest China	671	Level 4	4	N1b1	N	Resolved	123	9	1.341282
Han Shaanxi	20	Northwest China	671	Level 4	4	N1b2	N	Resolved	124	27	4.023845
Han Shaanxi	20	Northwest China	671	Level 4	4	O1a1	O	Resolved	132	21	3.129657
Han Shaanxi	20	Northwest China	671	Level 4	4	O1a3	O	Resolved	134	3	0.447094
Han Shaanxi	20	Northwest China	671	Level 4	4	O1b1	O	Resolved	136	40	5.961252
Han Shaanxi	20	Northwest China	671	Level 4	4	O1b2	O	Resolved	137	4	0.596125
Han Shaanxi	20	Northwest China	671	Level 4	4	O2a1	O	Resolved	140	129	19.225037
Han Shaanxi	20	Northwest China	671	Level 4	4	O2a2	O	Resolved	141	208	30.99851
Han Shaanxi	20	Northwest China	671	Level 4	4	O2b1	O	Resolved	143	4	0.596125
Han Shaanxi	20	Northwest China	671	Level 4	4	Q1a1	Q	Resolved	148	45	6.706408
Han Shaanxi	20	Northwest China	671	Level 4	4	Q1a2	Q	Resolved	149	1	0.149031
Han Shaanxi	20	Northwest China	671	Level 4	4	Q1b1	Q	Resolved	151	2	0.298063
Han Shaanxi	20	Northwest China	671	Level 4	4	R1a1	R	Resolved	164	16	2.384501
Han Shaanxi	20	Northwest China	671	Level 4	4	R1b*	R	Unresolved	166	1	0.149031
Han Shaanxi	20	Northwest China	671	Level 4	4	R1b1	R	Resolved	167	1	0.149031
Han Shaanxi	20	Northwest China	671	Level 4	4	R2a2	R	Resolved	171	1	0.149031
Han Gansu	21	Northwest China	309	Level 4	4	C2a1	C	Resolved	30	16	5.177994
Han Gansu	21	Northwest China	309	Level 4	4	C2b1	C	Resolved	32	19	6.148867
Han Gansu	21	Northwest China	309	Level 4	4	D1a1	D	Resolved	37	15	4.854369
Han Gansu	21	Northwest China	309	Level 4	4	E1b1	E	Resolved	44	2	0.647249
Han Gansu	21	Northwest China	309	Level 4	4	G2a2	G	Resolved	62	2	0.647249
Han Gansu	21	Northwest China	309	Level 4	4	J1a2	J	Resolved	98	4	1.294498
Han Gansu	21	Northwest China	309	Level 4	4	J2a1	J	Resolved	104	2	0.647249
Han Gansu	21	Northwest China	309	Level 4	4	J2a2	J	Resolved	105	1	0.323625
Han Gansu	21	Northwest China	309	Level 4	4	N1a*	N	Unresolved	118	3	0.970874
Han Gansu	21	Northwest China	309	Level 4	4	N1a1	N	Resolved	119	5	1.618123
Han Gansu	21	Northwest China	309	Level 4	4	N1a2	N	Resolved	120	9	2.912621
Han Gansu	21	Northwest China	309	Level 4	4	N1a3	N	Resolved	121	3	0.970874
Han Gansu	21	Northwest China	309	Level 4	4	N1b1	N	Resolved	123	3	0.970874
Han Gansu	21	Northwest China	309	Level 4	4	N1b2	N	Resolved	124	7	2.265372
Han Gansu	21	Northwest China	309	Level 4	4	O1*	O	Unresolved	129	2	0.647249
Han Gansu	21	Northwest China	309	Level 4	4	O1a1	O	Resolved	132	10	3.236246
Han Gansu	21	Northwest China	309	Level 4	4	O1a3	O	Resolved	134	2	0.647249
Han Gansu	21	Northwest China	309	Level 4	4	O1b1	O	Resolved	136	18	5.825243
Han Gansu	21	Northwest China	309	Level 4	4	O2a1	O	Resolved	140	52	16.828479
Han Gansu	21	Northwest China	309	Level 4	4	O2a2	O	Resolved	141	108	34.951456
Han Gansu	21	Northwest China	309	Level 4	4	O2b1	O	Resolved	143	5	1.618123
Han Gansu	21	Northwest China	309	Level 4	4	Q1a1	Q	Resolved	148	6	1.941748
Han Gansu	21	Northwest China	309	Level 4	4	Q1b1	Q	Resolved	151	1	0.323625
Han Gansu	21	Northwest China	309	Level 4	4	Q2b2	Q	Resolved	159	1	0.323625
Han Gansu	21	Northwest China	309	Level 4	4	R1a1	R	Resolved	164	8	2.588997
Han Gansu	21	Northwest China	309	Level 4	4	R1b*	R	Unresolved	166	1	0.323625
Han Gansu	21	Northwest China	309	Level 4	4	R1b1	R	Resolved	167	3	0.970874
Han Gansu	21	Northwest China	309	Level 4	4	R1b2	R	Resolved	168	1	0.323625
Han Henan	22	Central China	35	Level 4	4	C2a1	C	Resolved	30	1	2.857143
Han Henan	22	Central China	35	Level 4	4	C2b1	C	Resolved	32	1	2.857143
Han Henan	22	Central China	35	Level 4	4	N1a2	N	Resolved	120	5	14.285714
Han Henan	22	Central China	35	Level 4	4	N1b2	N	Resolved	124	2	5.714286
Han Henan	22	Central China	35	Level 4	4	O1a1	O	Resolved	132	3	8.571429
Han Henan	22	Central China	35	Level 4	4	O1b1	O	Resolved	136	3	8.571429
Han Henan	22	Central China	35	Level 4	4	O2a1	O	Resolved	140	2	5.714286
Han Henan	22	Central China	35	Level 4	4	O2a2	O	Resolved	141	17	48.571429
Han Henan	22	Central China	35	Level 4	4	Q1a1	Q	Resolved	148	1	2.857143
Han Beijing	23	North China	51	Level 4	4	C2b1	C	Resolved	32	3	5.882353
Han Beijing	23	North China	51	Level 4	4	F*	F	Unresolved	50	1	1.960784
Han Beijing	23	North China	51	Level 4	4	G2a2	G	Resolved	62	1	1.960784
Han Beijing	23	North China	51	Level 4	4	N1a2	N	Resolved	120	1	1.960784
Han Beijing	23	North China	51	Level 4	4	N1b1	N	Resolved	123	4	7.843137
Han Beijing	23	North China	51	Level 4	4	N1b2	N	Resolved	124	3	5.882353
Han Beijing	23	North China	51	Level 4	4	O1a1	O	Resolved	132	5	9.803922
Han Beijing	23	North China	51	Level 4	4	O1b1	O	Resolved	136	5	9.803922
Han Beijing	23	North China	51	Level 4	4	O1b2	O	Resolved	137	2	3.921569
Han Beijing	23	North China	51	Level 4	4	O2a1	O	Resolved	140	7	13.72549
Han Beijing	23	North China	51	Level 4	4	O2a2	O	Resolved	141	18	35.294118
Han Beijing	23	North China	51	Level 4	4	R1b1	R	Resolved	167	1	1.960784
Han Sichuan	24	Southwest China	1231	Level 4	4	C1b1	C	Resolved	27	8	0.649878
Han Sichuan	24	Southwest China	1231	Level 4	4	C2a1	C	Resolved	30	14	1.137287
Han Sichuan	24	Southwest China	1231	Level 4	4	C2b1	C	Resolved	32	96	7.798538
Han Sichuan	24	Southwest China	1231	Level 4	4	C2b2	C	Resolved	33	3	0.243704
Han Sichuan	24	Southwest China	1231	Level 4	4	D1a1	D	Resolved	37	35	2.843217
Han Sichuan	24	Southwest China	1231	Level 4	4	F2*	F	Unresolved	52	3	0.243704
Han Sichuan	24	Southwest China	1231	Level 4	4	G1a1	G	Resolved	58	2	0.16247
Han Sichuan	24	Southwest China	1231	Level 4	4	J1a2	J	Resolved	98	1	0.081235
Han Sichuan	24	Southwest China	1231	Level 4	4	J2a1	J	Resolved	104	2	0.16247
Han Sichuan	24	Southwest China	1231	Level 4	4	J2b2	J	Resolved	108	1	0.081235
Han Sichuan	24	Southwest China	1231	Level 4	4	N*	N	Unresolved	115	1	0.081235
Han Sichuan	24	Southwest China	1231	Level 4	4	N1a*	N	Unresolved	118	2	0.16247
Han Sichuan	24	Southwest China	1231	Level 4	4	N1a1	N	Resolved	119	17	1.380991
Han Sichuan	24	Southwest China	1231	Level 4	4	N1a2	N	Resolved	120	12	0.974817
Han Sichuan	24	Southwest China	1231	Level 4	4	N1a3	N	Resolved	121	5	0.406174
Han Sichuan	24	Southwest China	1231	Level 4	4	N1b1	N	Resolved	123	10	0.812348
Han Sichuan	24	Southwest China	1231	Level 4	4	N1b2	N	Resolved	124	97	7.879773
Han Sichuan	24	Southwest China	1231	Level 4	4	NO*	NO	Unresolved	126	1	0.081235
Han Sichuan	24	Southwest China	1231	Level 4	4	O1a*	O	Unresolved	131	1	0.081235
Han Sichuan	24	Southwest China	1231	Level 4	4	O1a1	O	Resolved	132	130	10.56052
Han Sichuan	24	Southwest China	1231	Level 4	4	O1a2	O	Resolved	133	5	0.406174
Han Sichuan	24	Southwest China	1231	Level 4	4	O1a3	O	Resolved	134	2	0.16247
Han Sichuan	24	Southwest China	1231	Level 4	4	O1b1	O	Resolved	136	140	11.372868
Han Sichuan	24	Southwest China	1231	Level 4	4	O1b2	O	Resolved	137	2	0.16247
Han Sichuan	24	Southwest China	1231	Level 4	4	O2a1	O	Resolved	140	199	16.165719
Han Sichuan	24	Southwest China	1231	Level 4	4	O2a2	O	Resolved	141	388	31.51909
Han Sichuan	24	Southwest China	1231	Level 4	4	O2b1	O	Resolved	143	8	0.649878
Han Sichuan	24	Southwest China	1231	Level 4	4	O2b2	O	Resolved	144	1	0.081235
Han Sichuan	24	Southwest China	1231	Level 4	4	Q1a1	Q	Resolved	148	36	2.924452
Han Sichuan	24	Southwest China	1231	Level 4	4	Q2a1	Q	Resolved	155	1	0.081235
Han Sichuan	24	Southwest China	1231	Level 4	4	R1a1	R	Resolved	164	8	0.649878
Han Yunnan	25	Southwest China	303	Level 4	4	C1b1	C	Resolved	27	2	0.660066
Han Yunnan	25	Southwest China	303	Level 4	4	C2a1	C	Resolved	30	3	0.990099
Han Yunnan	25	Southwest China	303	Level 4	4	C2b1	C	Resolved	32	22	7.260726
Han Yunnan	25	Southwest China	303	Level 4	4	C2b2	C	Resolved	33	1	0.330033
Han Yunnan	25	Southwest China	303	Level 4	4	D1a1	D	Resolved	37	5	1.650165
Han Yunnan	25	Southwest China	303	Level 4	4	F2*	F	Unresolved	52	35	11.551155
Han Yunnan	25	Southwest China	303	Level 4	4	N1a1	N	Resolved	119	2	0.660066
Han Yunnan	25	Southwest China	303	Level 4	4	N1a2	N	Resolved	120	3	0.990099
Han Yunnan	25	Southwest China	303	Level 4	4	N1a3	N	Resolved	121	1	0.330033
Han Yunnan	25	Southwest China	303	Level 4	4	N1b1	N	Resolved	123	10	3.30033
Han Yunnan	25	Southwest China	303	Level 4	4	N1b2	N	Resolved	124	18	5.940594
Han Yunnan	25	Southwest China	303	Level 4	4	O1a1	O	Resolved	132	27	8.910891
Han Yunnan	25	Southwest China	303	Level 4	4	O1a3	O	Resolved	134	2	0.660066
Han Yunnan	25	Southwest China	303	Level 4	4	O1b1	O	Resolved	136	24	7.920792
Han Yunnan	25	Southwest China	303	Level 4	4	O2a1	O	Resolved	140	42	13.861386
Han Yunnan	25	Southwest China	303	Level 4	4	O2a2	O	Resolved	141	88	29.042904
Han Yunnan	25	Southwest China	303	Level 4	4	O2b1	O	Resolved	143	1	0.330033
Han Yunnan	25	Southwest China	303	Level 4	4	Q1a1	Q	Resolved	148	12	3.960396
Han Yunnan	25	Southwest China	303	Level 4	4	R1a1	R	Resolved	164	4	1.320132
Han Yunnan	25	Southwest China	303	Level 4	4	R1b1	R	Resolved	167	1	0.330033
Bai Yunnan	26	Southwest China	59	Level 4	4	C2a1	C	Resolved	30	1	1.694915
Bai Yunnan	26	Southwest China	59	Level 4	4	C2b1	C	Resolved	32	1	1.694915
Bai Yunnan	26	Southwest China	59	Level 4	4	D1a1	D	Resolved	37	2	3.389831
Bai Yunnan	26	Southwest China	59	Level 4	4	F2*	F	Unresolved	52	5	8.474576
Bai Yunnan	26	Southwest China	59	Level 4	4	N1a1	N	Resolved	119	1	1.694915
Bai Yunnan	26	Southwest China	59	Level 4	4	N1a2	N	Resolved	120	1	1.694915
Bai Yunnan	26	Southwest China	59	Level 4	4	N1b1	N	Resolved	123	2	3.389831
Bai Yunnan	26	Southwest China	59	Level 4	4	N1b2	N	Resolved	124	10	16.949153
Bai Yunnan	26	Southwest China	59	Level 4	4	O1a1	O	Resolved	132	6	10.169492
Bai Yunnan	26	Southwest China	59	Level 4	4	O1b1	O	Resolved	136	4	6.779661
Bai Yunnan	26	Southwest China	59	Level 4	4	O2a1	O	Resolved	140	8	13.559322
Bai Yunnan	26	Southwest China	59	Level 4	4	O2a2	O	Resolved	141	16	27.118644
Bai Yunnan	26	Southwest China	59	Level 4	4	Q1a1	Q	Resolved	148	2	3.389831
Naxi Yunnan	27	Southwest China	36	Level 4	4	C2b1	C	Resolved	32	1	2.777778
Naxi Yunnan	27	Southwest China	36	Level 4	4	D1a1	D	Resolved	37	2	5.555556
Naxi Yunnan	27	Southwest China	36	Level 4	4	N1a1	N	Resolved	119	1	2.777778
Naxi Yunnan	27	Southwest China	36	Level 4	4	N1b1	N	Resolved	123	4	11.111111
Naxi Yunnan	27	Southwest China	36	Level 4	4	N1b2	N	Resolved	124	4	11.111111
Naxi Yunnan	27	Southwest China	36	Level 4	4	O1a1	O	Resolved	132	1	2.777778
Naxi Yunnan	27	Southwest China	36	Level 4	4	O1b1	O	Resolved	136	3	8.333333
Naxi Yunnan	27	Southwest China	36	Level 4	4	O2a2	O	Resolved	141	16	44.444444
Naxi Yunnan	27	Southwest China	36	Level 4	4	Q1a1	Q	Resolved	148	4	11.111111
Tujia Sichuan	28	Southwest China	27	Level 4	4	C2b1	C	Resolved	32	4	14.814815
Tujia Sichuan	28	Southwest China	27	Level 4	4	D1a1	D	Resolved	37	1	3.703704
Tujia Sichuan	28	Southwest China	27	Level 4	4	O1a1	O	Resolved	132	2	7.407407
Tujia Sichuan	28	Southwest China	27	Level 4	4	O1b1	O	Resolved	136	4	14.814815
Tujia Sichuan	28	Southwest China	27	Level 4	4	O2a1	O	Resolved	140	4	14.814815
Tujia Sichuan	28	Southwest China	27	Level 4	4	O2a2	O	Resolved	141	11	40.740741
Tujia Sichuan	28	Southwest China	27	Level 4	4	Q1a1	Q	Resolved	148	1	3.703704
Tujia Hunan	29	Central China	24	Level 4	4	C2b1	C	Resolved	32	3	12.5
Tujia Hunan	29	Central China	24	Level 4	4	O1a1	O	Resolved	132	3	12.5
Tujia Hunan	29	Central China	24	Level 4	4	O1b1	O	Resolved	136	4	16.666667
Tujia Hunan	29	Central China	24	Level 4	4	O2a1	O	Resolved	140	2	8.333333
Tujia Hunan	29	Central China	24	Level 4	4	O2a2	O	Resolved	141	10	41.666667
Tujia Hunan	29	Central China	24	Level 4	4	Q1a1	Q	Resolved	148	2	8.333333
She Fujian	30	East China	21	Level 4	4	O1a1	O	Resolved	132	6	28.571429
She Fujian	30	East China	21	Level 4	4	O1b1	O	Resolved	136	1	4.761905
She Fujian	30	East China	21	Level 4	4	O2a1	O	Resolved	140	7	33.333333
She Fujian	30	East China	21	Level 4	4	O2a2	O	Resolved	141	7	33.333333
De'ang Yunnan	31	Southwest China	39	Level 4	4	D1a1	D	Resolved	37	3	7.692308
De'ang Yunnan	31	Southwest China	39	Level 4	4	N1b1	N	Resolved	123	1	2.564103
De'ang Yunnan	31	Southwest China	39	Level 4	4	O1b1	O	Resolved	136	13	33.333333
De'ang Yunnan	31	Southwest China	39	Level 4	4	O2a2	O	Resolved	141	22	56.410256
Miao Guizhou	32	Southwest China	27	Level 4	4	C2b1	C	Resolved	32	1	3.703704
Miao Guizhou	32	Southwest China	27	Level 4	4	N1b2	N	Resolved	124	3	11.111111
Miao Guizhou	32	Southwest China	27	Level 4	4	O1b1	O	Resolved	136	9	33.333333
Miao Guizhou	32	Southwest China	27	Level 4	4	O2a1	O	Resolved	140	2	7.407407
Miao Guizhou	32	Southwest China	27	Level 4	4	O2a2	O	Resolved	141	12	44.444444
Tujia Guizhou	33	Southwest China	44	Level 4	4	C2b1	C	Resolved	32	4	9.090909
Tujia Guizhou	33	Southwest China	44	Level 4	4	N1b1	N	Resolved	123	1	2.272727
Tujia Guizhou	33	Southwest China	44	Level 4	4	N1b2	N	Resolved	124	2	4.545455
Tujia Guizhou	33	Southwest China	44	Level 4	4	O1a1	O	Resolved	132	5	11.363636
Tujia Guizhou	33	Southwest China	44	Level 4	4	O1b1	O	Resolved	136	8	18.181818
Tujia Guizhou	33	Southwest China	44	Level 4	4	O2a1	O	Resolved	140	5	11.363636
Tujia Guizhou	33	Southwest China	44	Level 4	4	O2a2	O	Resolved	141	19	43.181818
Han Guangxi	34	South China	338	Level 4	4	C2b1	C	Resolved	32	4	1.183432
Han Guangxi	34	South China	338	Level 4	4	C2b2	C	Resolved	33	2	0.591716
Han Guangxi	34	South China	338	Level 4	4	D1a1	D	Resolved	37	15	4.43787
Han Guangxi	34	South China	338	Level 4	4	F*	F	Unresolved	50	3	0.887574
Han Guangxi	34	South China	338	Level 4	4	N1a1	N	Resolved	119	1	0.295858
Han Guangxi	34	South China	338	Level 4	4	N1a2	N	Resolved	120	1	0.295858
Han Guangxi	34	South China	338	Level 4	4	N1b1	N	Resolved	123	6	1.775148
Han Guangxi	34	South China	338	Level 4	4	N1b2	N	Resolved	124	11	3.254438
Han Guangxi	34	South China	338	Level 4	4	O1a1	O	Resolved	132	49	14.497041
Han Guangxi	34	South China	338	Level 4	4	O1a2	O	Resolved	133	2	0.591716
Han Guangxi	34	South China	338	Level 4	4	O1b1	O	Resolved	136	86	25.443787
Han Guangxi	34	South China	338	Level 4	4	O2a1	O	Resolved	140	40	11.83432
Han Guangxi	34	South China	338	Level 4	4	O2a2	O	Resolved	141	110	32.544379
Han Guangxi	34	South China	338	Level 4	4	O2b1	O	Resolved	143	2	0.591716
Han Guangxi	34	South China	338	Level 4	4	O2b2	O	Resolved	144	2	0.591716
Han Guangxi	34	South China	338	Level 4	4	Q1a1	Q	Resolved	148	3	0.887574
Han Guangxi	34	South China	338	Level 4	4	Q1a2	Q	Resolved	149	1	0.295858
Kinh Vietnam	35	Oversea	60	Level 4	4	C2b1	C	Resolved	32	1	1.666667
Kinh Vietnam	35	Oversea	60	Level 4	4	F4*	F	Unresolved	54	1	1.666667
Kinh Vietnam	35	Oversea	60	Level 4	4	N1a2	N	Resolved	120	1	1.666667
Kinh Vietnam	35	Oversea	60	Level 4	4	N1b2	N	Resolved	124	1	1.666667
Kinh Vietnam	35	Oversea	60	Level 4	4	O1a1	O	Resolved	132	4	6.666667
Kinh Vietnam	35	Oversea	60	Level 4	4	O1b1	O	Resolved	136	20	33.333333
Kinh Vietnam	35	Oversea	60	Level 4	4	O2a1	O	Resolved	140	7	11.666667
Kinh Vietnam	35	Oversea	60	Level 4	4	O2a2	O	Resolved	141	20	33.333333
Kinh Vietnam	35	Oversea	60	Level 4	4	O2b1	O	Resolved	143	1	1.666667
Kinh Vietnam	35	Oversea	60	Level 4	4	Q1a1	Q	Resolved	148	4	6.666667
Han Guizhou	36	Southwest China	49	Level 4	4	C2b1	C	Resolved	32	6	12.244898
Han Guizhou	36	Southwest China	49	Level 4	4	F2*	F	Unresolved	52	2	4.081633
Han Guizhou	36	Southwest China	49	Level 4	4	N1a*	N	Unresolved	118	1	2.040816
Han Guizhou	36	Southwest China	49	Level 4	4	N1a1	N	Resolved	119	1	2.040816
Han Guizhou	36	Southwest China	49	Level 4	4	N1a2	N	Resolved	120	1	2.040816
Han Guizhou	36	Southwest China	49	Level 4	4	N1b1	N	Resolved	123	1	2.040816
Han Guizhou	36	Southwest China	49	Level 4	4	N1b2	N	Resolved	124	2	4.081633
Han Guizhou	36	Southwest China	49	Level 4	4	O1a1	O	Resolved	132	11	22.44898
Han Guizhou	36	Southwest China	49	Level 4	4	O1b1	O	Resolved	136	6	12.244898
Han Guizhou	36	Southwest China	49	Level 4	4	O2a1	O	Resolved	140	7	14.285714
Han Guizhou	36	Southwest China	49	Level 4	4	O2a2	O	Resolved	141	10	20.408163
Han Guizhou	36	Southwest China	49	Level 4	4	Q1a1	Q	Resolved	148	1	2.040816
Va Yunnan	37	Southwest China	24	Level 4	4	C2b1	C	Resolved	32	5	20.833333
Va Yunnan	37	Southwest China	24	Level 4	4	N1b2	N	Resolved	124	5	20.833333
Va Yunnan	37	Southwest China	24	Level 4	4	O1a1	O	Resolved	132	1	4.166667
Va Yunnan	37	Southwest China	24	Level 4	4	O1b1	O	Resolved	136	7	29.166667
Va Yunnan	37	Southwest China	24	Level 4	4	O2a2	O	Resolved	141	6	25
Tujia Chongqing	38	Southwest China	52	Level 4	4	C2a1	C	Resolved	30	1	1.923077
Tujia Chongqing	38	Southwest China	52	Level 4	4	C2b1	C	Resolved	32	14	26.923077
Tujia Chongqing	38	Southwest China	52	Level 4	4	D1a1	D	Resolved	37	3	5.7692310000000004
Tujia Chongqing	38	Southwest China	52	Level 4	4	N1a2	N	Resolved	120	2	3.846154
Tujia Chongqing	38	Southwest China	52	Level 4	4	N1b2	N	Resolved	124	4	7.692308
Tujia Chongqing	38	Southwest China	52	Level 4	4	O1a1	O	Resolved	132	6	11.538462000000001
Tujia Chongqing	38	Southwest China	52	Level 4	4	O1b1	O	Resolved	136	4	7.692308
Tujia Chongqing	38	Southwest China	52	Level 4	4	O2a1	O	Resolved	140	3	5.7692310000000004
Tujia Chongqing	38	Southwest China	52	Level 4	4	O2a2	O	Resolved	141	11	21.153846
Tujia Chongqing	38	Southwest China	52	Level 4	4	Q1a1	Q	Resolved	148	3	5.7692310000000004
Tujia Chongqing	38	Southwest China	52	Level 4	4	R2b1	R	Resolved	173	1	1.923077
Man Heilongjiang	39	Northeast China	21	Level 4	4	C2a1	C	Resolved	30	6	28.571429
Man Heilongjiang	39	Northeast China	21	Level 4	4	C2b1	C	Resolved	32	2	9.52381
Man Heilongjiang	39	Northeast China	21	Level 4	4	D1a1	D	Resolved	37	1	4.761905
Man Heilongjiang	39	Northeast China	21	Level 4	4	O1b1	O	Resolved	136	2	9.52381
Man Heilongjiang	39	Northeast China	21	Level 4	4	O2a1	O	Resolved	140	1	4.761905
Man Heilongjiang	39	Northeast China	21	Level 4	4	O2a2	O	Resolved	141	8	38.095238
Man Heilongjiang	39	Northeast China	21	Level 4	4	Q1a1	Q	Resolved	148	1	4.761905
Miao Yunnan	40	Southwest China	40	Level 4	4	C1b1	C	Resolved	27	1	2.5
Miao Yunnan	40	Southwest China	40	Level 4	4	C2a1	C	Resolved	30	3	7.5
Miao Yunnan	40	Southwest China	40	Level 4	4	C2b1	C	Resolved	32	7	17.5
Miao Yunnan	40	Southwest China	40	Level 4	4	D1a1	D	Resolved	37	6	15
Miao Yunnan	40	Southwest China	40	Level 4	4	N1b2	N	Resolved	124	3	7.5
Miao Yunnan	40	Southwest China	40	Level 4	4	O1b1	O	Resolved	136	3	7.5
Miao Yunnan	40	Southwest China	40	Level 4	4	O2a2	O	Resolved	141	17	42.5
Man Liaoning	41	Northeast China	83	Level 4	4	C2a1	C	Resolved	30	18	21.686747
Man Liaoning	41	Northeast China	83	Level 4	4	C2b1	C	Resolved	32	6	7.228916
Man Liaoning	41	Northeast China	83	Level 4	4	D1a1	D	Resolved	37	1	1.204819
Man Liaoning	41	Northeast China	83	Level 4	4	E1b1	E	Resolved	44	1	1.204819
Man Liaoning	41	Northeast China	83	Level 4	4	N1a1	N	Resolved	119	2	2.409639
Man Liaoning	41	Northeast China	83	Level 4	4	N1a2	N	Resolved	120	1	1.204819
Man Liaoning	41	Northeast China	83	Level 4	4	N1a3	N	Resolved	121	1	1.204819
Man Liaoning	41	Northeast China	83	Level 4	4	N1b1	N	Resolved	123	3	3.614458
Man Liaoning	41	Northeast China	83	Level 4	4	N1b2	N	Resolved	124	1	1.204819
Man Liaoning	41	Northeast China	83	Level 4	4	O1a1	O	Resolved	132	1	1.204819
Man Liaoning	41	Northeast China	83	Level 4	4	O1a3	O	Resolved	134	1	1.204819
Man Liaoning	41	Northeast China	83	Level 4	4	O1b1	O	Resolved	136	3	3.614458
Man Liaoning	41	Northeast China	83	Level 4	4	O1b2	O	Resolved	137	3	3.614458
Man Liaoning	41	Northeast China	83	Level 4	4	O2a1	O	Resolved	140	9	10.843373
Man Liaoning	41	Northeast China	83	Level 4	4	O2a2	O	Resolved	141	30	36.144578
Man Liaoning	41	Northeast China	83	Level 4	4	Q1b1	Q	Resolved	151	1	1.204819
Man Liaoning	41	Northeast China	83	Level 4	4	R1a1	R	Resolved	164	1	1.204819
Man Shandong	42	East China	20	Level 4	4	C2a1	C	Resolved	30	3	15
Man Shandong	42	East China	20	Level 4	4	C2b1	C	Resolved	32	2	10
Man Shandong	42	East China	20	Level 4	4	N1a2	N	Resolved	120	1	5
Man Shandong	42	East China	20	Level 4	4	O1a1	O	Resolved	132	1	5
Man Shandong	42	East China	20	Level 4	4	O1b1	O	Resolved	136	2	10
Man Shandong	42	East China	20	Level 4	4	O2a1	O	Resolved	140	3	15
Man Shandong	42	East China	20	Level 4	4	O2a2	O	Resolved	141	6	30
Man Shandong	42	East China	20	Level 4	4	Q1a1	Q	Resolved	148	1	5
Man Shandong	42	East China	20	Level 4	4	R1b2	R	Resolved	168	1	5
Man Jilin	43	Northeast China	33	Level 4	4	C2a1	C	Resolved	30	4	12.121212
Man Jilin	43	Northeast China	33	Level 4	4	C2b1	C	Resolved	32	4	12.121212
Man Jilin	43	Northeast China	33	Level 4	4	N1a2	N	Resolved	120	3	9.090909
Man Jilin	43	Northeast China	33	Level 4	4	N1b1	N	Resolved	123	1	3.030303
Man Jilin	43	Northeast China	33	Level 4	4	O1a1	O	Resolved	132	4	12.121212
Man Jilin	43	Northeast China	33	Level 4	4	O1b1	O	Resolved	136	1	3.030303
Man Jilin	43	Northeast China	33	Level 4	4	O1b2	O	Resolved	137	2	6.060606
Man Jilin	43	Northeast China	33	Level 4	4	O2a1	O	Resolved	140	4	12.121212
Man Jilin	43	Northeast China	33	Level 4	4	O2a2	O	Resolved	141	8	24.242424
Man Jilin	43	Northeast China	33	Level 4	4	O2b1	O	Resolved	143	2	6.060606
Man Beijing	44	North China	38	Level 4	4	C2a1	C	Resolved	30	7	18.421053
Man Beijing	44	North China	38	Level 4	4	C2b1	C	Resolved	32	3	7.894737
Man Beijing	44	North China	38	Level 4	4	N1a2	N	Resolved	120	1	2.631579
Man Beijing	44	North China	38	Level 4	4	N1b2	N	Resolved	124	1	2.631579
Man Beijing	44	North China	38	Level 4	4	O1a1	O	Resolved	132	5	13.157895
Man Beijing	44	North China	38	Level 4	4	O1b1	O	Resolved	136	3	7.894737
Man Beijing	44	North China	38	Level 4	4	O2a1	O	Resolved	140	5	13.157895
Man Beijing	44	North China	38	Level 4	4	O2a2	O	Resolved	141	13	34.210526
Tujia Hubei	45	Central China	34	Level 4	4	C2b1	C	Resolved	32	7	20.588235
Tujia Hubei	45	Central China	34	Level 4	4	N1b2	N	Resolved	124	1	2.941176
Tujia Hubei	45	Central China	34	Level 4	4	O1a1	O	Resolved	132	6	17.647059
Tujia Hubei	45	Central China	34	Level 4	4	O1b1	O	Resolved	136	4	11.764706
Tujia Hubei	45	Central China	34	Level 4	4	O2a1	O	Resolved	140	5	14.705882
Tujia Hubei	45	Central China	34	Level 4	4	O2a2	O	Resolved	141	11	32.352941
Mongol Inner Mongolia	46	North China	93	Level 4	4	C2a1	C	Resolved	30	13	13.978495
Mongol Inner Mongolia	46	North China	93	Level 4	4	C2b1	C	Resolved	32	7	7.526882
Mongol Inner Mongolia	46	North China	93	Level 4	4	D1a1	D	Resolved	37	2	2.150538
Mongol Inner Mongolia	46	North China	93	Level 4	4	E1b1	E	Resolved	44	4	4.301075
Mongol Inner Mongolia	46	North China	93	Level 4	4	J2a1	J	Resolved	104	1	1.075269
Mongol Inner Mongolia	46	North China	93	Level 4	4	J2a2	J	Resolved	105	1	1.075269
Mongol Inner Mongolia	46	North China	93	Level 4	4	N1a1	N	Resolved	119	2	2.150538
Mongol Inner Mongolia	46	North China	93	Level 4	4	N1a2	N	Resolved	120	6	6.451613
Mongol Inner Mongolia	46	North China	93	Level 4	4	N1a3	N	Resolved	121	1	1.075269
Mongol Inner Mongolia	46	North China	93	Level 4	4	N1b2	N	Resolved	124	1	1.075269
Mongol Inner Mongolia	46	North China	93	Level 4	4	O1a1	O	Resolved	132	2	2.150538
Mongol Inner Mongolia	46	North China	93	Level 4	4	O1a2	O	Resolved	133	1	1.075269
Mongol Inner Mongolia	46	North China	93	Level 4	4	O1b1	O	Resolved	136	1	1.075269
Mongol Inner Mongolia	46	North China	93	Level 4	4	O2a1	O	Resolved	140	19	20.430108
Mongol Inner Mongolia	46	North China	93	Level 4	4	O2a2	O	Resolved	141	23	24.731183
Mongol Inner Mongolia	46	North China	93	Level 4	4	Q1a1	Q	Resolved	148	2	2.150538
Mongol Inner Mongolia	46	North China	93	Level 4	4	Q1b1	Q	Resolved	151	2	2.150538
Mongol Inner Mongolia	46	North China	93	Level 4	4	R1a1	R	Resolved	164	2	2.150538
Mongol Inner Mongolia	46	North China	93	Level 4	4	R1b1	R	Resolved	167	3	3.225806
Mongol Liaoning	47	Northeast China	29	Level 4	4	C2a1	C	Resolved	30	5	17.241379
Mongol Liaoning	47	Northeast China	29	Level 4	4	C2b1	C	Resolved	32	6	20.689655
Mongol Liaoning	47	Northeast China	29	Level 4	4	E1b1	E	Resolved	44	2	6.896552
Mongol Liaoning	47	Northeast China	29	Level 4	4	N1a2	N	Resolved	120	2	6.896552
Mongol Liaoning	47	Northeast China	29	Level 4	4	N1b1	N	Resolved	123	2	6.896552
Mongol Liaoning	47	Northeast China	29	Level 4	4	O1b1	O	Resolved	136	1	3.448276
Mongol Liaoning	47	Northeast China	29	Level 4	4	O1b2	O	Resolved	137	1	3.448276
Mongol Liaoning	47	Northeast China	29	Level 4	4	O2a1	O	Resolved	140	5	17.241379
Mongol Liaoning	47	Northeast China	29	Level 4	4	O2a2	O	Resolved	141	4	13.793103
Mongol Liaoning	47	Northeast China	29	Level 4	4	R1a1	R	Resolved	164	1	3.448276
Jingpo Yunnan	48	Southwest China	28	Level 4	4	C2b1	C	Resolved	32	1	3.571429
Jingpo Yunnan	48	Southwest China	28	Level 4	4	D1a1	D	Resolved	37	1	3.571429
Jingpo Yunnan	48	Southwest China	28	Level 4	4	F2*	F	Unresolved	52	3	10.714286
Jingpo Yunnan	48	Southwest China	28	Level 4	4	O2a2	O	Resolved	141	23	82.142857
Pumi Yunnan	49	Southwest China	39	Level 4	4	C2b1	C	Resolved	32	1	2.564103
Pumi Yunnan	49	Southwest China	39	Level 4	4	D1a1	D	Resolved	37	5	12.820513
Pumi Yunnan	49	Southwest China	39	Level 4	4	O1a1	O	Resolved	132	1	2.564103
Pumi Yunnan	49	Southwest China	39	Level 4	4	O2a2	O	Resolved	141	32	82.051282
Achang Yunnan	50	Southwest China	26	Level 4	4	O1a1	O	Resolved	132	1	3.846154
Achang Yunnan	50	Southwest China	26	Level 4	4	O2a2	O	Resolved	141	25	96.153846
Han Guangdong	51	South China	130	Level 4	4	C2b2	C	Resolved	33	2	1.538462
Han Guangdong	51	South China	130	Level 4	4	F*	F	Unresolved	50	14	10.769231
Han Guangdong	51	South China	130	Level 4	4	F2*	F	Unresolved	52	1	0.769231
Han Guangdong	51	South China	130	Level 4	4	N1a2	N	Resolved	120	2	1.538462
Han Guangdong	51	South China	130	Level 4	4	N1b1	N	Resolved	123	2	1.538462
Han Guangdong	51	South China	130	Level 4	4	O1a1	O	Resolved	132	3	2.307692
Han Guangdong	51	South China	130	Level 4	4	O1b1	O	Resolved	136	12	9.230769
Han Guangdong	51	South China	130	Level 4	4	O1b2	O	Resolved	137	4	3.076923
Han Guangdong	51	South China	130	Level 4	4	O2a1	O	Resolved	140	25	19.230769
Han Guangdong	51	South China	130	Level 4	4	O2a2	O	Resolved	141	64	49.230769
Han Guangdong	51	South China	130	Level 4	4	O2b1	O	Resolved	143	1	0.769231
Han Shandong	52	East China	25	Level 4	4	N1a1	N	Resolved	119	1	4
Han Shandong	52	East China	25	Level 4	4	N1a2	N	Resolved	120	2	8
Han Shandong	52	East China	25	Level 4	4	N1a3	N	Resolved	121	1	4
Han Shandong	52	East China	25	Level 4	4	N1b2	N	Resolved	124	4	16
Han Shandong	52	East China	25	Level 4	4	O2a2	O	Resolved	141	17	68
Zang Xizang	53	Southwest China	442	Level 4	4	C2a1	C	Resolved	30	4	0.904977
Zang Xizang	53	Southwest China	442	Level 4	4	C2b1	C	Resolved	32	6	1.357466
Zang Xizang	53	Southwest China	442	Level 4	4	D1a1	D	Resolved	37	181	40.950226
Zang Xizang	53	Southwest China	442	Level 4	4	E1b1	E	Resolved	44	1	0.226244
Zang Xizang	53	Southwest China	442	Level 4	4	H1a2	H	Resolved	69	2	0.452489
Zang Xizang	53	Southwest China	442	Level 4	4	J2a1	J	Resolved	104	3	0.678733
Zang Xizang	53	Southwest China	442	Level 4	4	J2b2	J	Resolved	108	2	0.452489
Zang Xizang	53	Southwest China	442	Level 4	4	N1a1	N	Resolved	119	6	1.357466
Zang Xizang	53	Southwest China	442	Level 4	4	N1b1	N	Resolved	123	2	0.452489
Zang Xizang	53	Southwest China	442	Level 4	4	N1b2	N	Resolved	124	36	8.144796
Zang Xizang	53	Southwest China	442	Level 4	4	O1a1	O	Resolved	132	1	0.226244
Zang Xizang	53	Southwest China	442	Level 4	4	O2a1	O	Resolved	140	7	1.58371
Zang Xizang	53	Southwest China	442	Level 4	4	O2a2	O	Resolved	141	177	40.045249
Zang Xizang	53	Southwest China	442	Level 4	4	Q1a1	Q	Resolved	148	2	0.452489
Zang Xizang	53	Southwest China	442	Level 4	4	Q1b1	Q	Resolved	151	1	0.226244
Zang Xizang	53	Southwest China	442	Level 4	4	Q2a1	Q	Resolved	155	1	0.226244
Zang Xizang	53	Southwest China	442	Level 4	4	R1a1	R	Resolved	164	6	1.357466
Zang Xizang	53	Southwest China	442	Level 4	4	R1b1	R	Resolved	167	1	0.226244
Zang Xizang	53	Southwest China	442	Level 4	4	R1b2	R	Resolved	168	1	0.226244
Zang Xizang	53	Southwest China	442	Level 4	4	R2b1	R	Resolved	173	2	0.452489
Zang Yunnan	54	Southwest China	28	Level 4	4	C1b1	C	Resolved	27	1	3.571429
Zang Yunnan	54	Southwest China	28	Level 4	4	D1a1	D	Resolved	37	11	39.285714
Zang Yunnan	54	Southwest China	28	Level 4	4	N1a1	N	Resolved	119	1	3.571429
Zang Yunnan	54	Southwest China	28	Level 4	4	N1b2	N	Resolved	124	1	3.571429
Zang Yunnan	54	Southwest China	28	Level 4	4	O1b1	O	Resolved	136	1	3.571429
Zang Yunnan	54	Southwest China	28	Level 4	4	O2a1	O	Resolved	140	1	3.571429
Zang Yunnan	54	Southwest China	28	Level 4	4	O2a2	O	Resolved	141	8	28.571429
Zang Yunnan	54	Southwest China	28	Level 4	4	O2b1	O	Resolved	143	1	3.571429
Zang Yunnan	54	Southwest China	28	Level 4	4	Q1a1	Q	Resolved	148	2	7.142857
Zang Yunnan	54	Southwest China	28	Level 4	4	R1b1	R	Resolved	167	1	3.571429
Zang Gansu	55	Northwest China	25	Level 4	4	D1a1	D	Resolved	37	13	52
Zang Gansu	55	Northwest China	25	Level 4	4	N1a2	N	Resolved	120	1	4
Zang Gansu	55	Northwest China	25	Level 4	4	O2a1	O	Resolved	140	4	16
Zang Gansu	55	Northwest China	25	Level 4	4	O2a2	O	Resolved	141	5	20
Zang Gansu	55	Northwest China	25	Level 4	4	Q1a1	Q	Resolved	148	1	4
Zang Gansu	55	Northwest China	25	Level 4	4	R1a1	R	Resolved	164	1	4
Zang Sichuan	56	Southwest China	311	Level 4	4	C1b1	C	Resolved	27	1	0.321543
Zang Sichuan	56	Southwest China	311	Level 4	4	C2a1	C	Resolved	30	5	1.607717
Zang Sichuan	56	Southwest China	311	Level 4	4	C2b1	C	Resolved	32	3	0.96463
Zang Sichuan	56	Southwest China	311	Level 4	4	D1a1	D	Resolved	37	173	55.62701
Zang Sichuan	56	Southwest China	311	Level 4	4	I1a10	I	Resolved	83	1	0.321543
Zang Sichuan	56	Southwest China	311	Level 4	4	J2a2	J	Resolved	105	1	0.321543
Zang Sichuan	56	Southwest China	311	Level 4	4	N1a1	N	Resolved	119	1	0.321543
Zang Sichuan	56	Southwest China	311	Level 4	4	N1b2	N	Resolved	124	10	3.215434
Zang Sichuan	56	Southwest China	311	Level 4	4	O1a1	O	Resolved	132	3	0.96463
Zang Sichuan	56	Southwest China	311	Level 4	4	O1b1	O	Resolved	136	3	0.96463
Zang Sichuan	56	Southwest China	311	Level 4	4	O1b2	O	Resolved	137	2	0.643087
Zang Sichuan	56	Southwest China	311	Level 4	4	O2a1	O	Resolved	140	11	3.536977
Zang Sichuan	56	Southwest China	311	Level 4	4	O2a2	O	Resolved	141	80	25.723473
Zang Sichuan	56	Southwest China	311	Level 4	4	Q1a1	Q	Resolved	148	2	0.643087
Zang Sichuan	56	Southwest China	311	Level 4	4	Q1b1	Q	Resolved	151	1	0.321543
Zang Sichuan	56	Southwest China	311	Level 4	4	R1a1	R	Resolved	164	12	3.858521
Zang Sichuan	56	Southwest China	311	Level 4	4	R1b2	R	Resolved	168	1	0.321543
Zang Sichuan	56	Southwest China	311	Level 4	4	R2a2	R	Resolved	171	1	0.321543
Bedouin Israel	57	Oversea	24	Level 4	4	B2a1	B	Resolved	14	1	4.166667
Bedouin Israel	57	Oversea	24	Level 4	4	E1b1	E	Resolved	44	3	12.5
Bedouin Israel	57	Oversea	24	Level 4	4	G2a2	G	Resolved	62	1	4.166667
Bedouin Israel	57	Oversea	24	Level 4	4	J1a2	J	Resolved	98	17	70.833333
Bedouin Israel	57	Oversea	24	Level 4	4	R1a1	R	Resolved	164	2	8.333333
Peruvian Peru	58	Oversea	51	Level 4	4	E1b1	E	Resolved	44	2	3.921569
Peruvian Peru	58	Oversea	51	Level 4	4	I1a2	I	Resolved	81	1	1.960784
Peruvian Peru	58	Oversea	51	Level 4	4	J1a2	J	Resolved	98	4	7.843137
Peruvian Peru	58	Oversea	51	Level 4	4	J2a1	J	Resolved	104	1	1.960784
Peruvian Peru	58	Oversea	51	Level 4	4	Q1a1	Q	Resolved	148	2	3.921569
Peruvian Peru	58	Oversea	51	Level 4	4	Q1b1	Q	Resolved	151	28	54.901961
Peruvian Peru	58	Oversea	51	Level 4	4	R1b1	R	Resolved	167	13	25.490196
Mexican Ancestry California	59	Oversea	43	Level 4	4	E1b1	E	Resolved	44	6	13.953488
Mexican Ancestry California	59	Oversea	43	Level 4	4	G2a2	G	Resolved	62	2	4.651163
Mexican Ancestry California	59	Oversea	43	Level 4	4	I1a1	I	Resolved	80	2	4.651163
Mexican Ancestry California	59	Oversea	43	Level 4	4	Q1b1	Q	Resolved	151	14	32.55814
Mexican Ancestry California	59	Oversea	43	Level 4	4	R1b1	R	Resolved	167	18	41.860465
Mexican Ancestry California	59	Oversea	43	Level 4	4	T1a1	T	Resolved	177	1	2.325581
Colombian Colombia	60	Oversea	58	Level 4	4	E1b1	E	Resolved	44	11	18.965517
Colombian Colombia	60	Oversea	58	Level 4	4	I1a2	I	Resolved	81	1	1.724138
Colombian Colombia	60	Oversea	58	Level 4	4	I2a1	I	Resolved	92	1	1.724138
Colombian Colombia	60	Oversea	58	Level 4	4	J1a2	J	Resolved	98	5	8.62069
Colombian Colombia	60	Oversea	58	Level 4	4	J1b1	J	Resolved	101	4	6.896552
Colombian Colombia	60	Oversea	58	Level 4	4	Q1b1	Q	Resolved	151	4	6.896552
Colombian Colombia	60	Oversea	58	Level 4	4	R1b1	R	Resolved	167	30	51.724138
Colombian Colombia	60	Oversea	58	Level 4	4	T1a1	T	Resolved	177	2	3.448276
Puerto Ricans Puerto Rico	61	Oversea	70	Level 4	4	B2a1	B	Resolved	14	1	1.428571
Puerto Ricans Puerto Rico	61	Oversea	70	Level 4	4	E1a2	E	Resolved	42	2	2.857143
Puerto Ricans Puerto Rico	61	Oversea	70	Level 4	4	E1b1	E	Resolved	44	20	28.571429
Puerto Ricans Puerto Rico	61	Oversea	70	Level 4	4	G2a2	G	Resolved	62	3	4.285714
Puerto Ricans Puerto Rico	61	Oversea	70	Level 4	4	I2a1	I	Resolved	92	4	5.714286
Puerto Ricans Puerto Rico	61	Oversea	70	Level 4	4	J1a2	J	Resolved	98	1	1.428571
Puerto Ricans Puerto Rico	61	Oversea	70	Level 4	4	J2a1	J	Resolved	104	3	4.285714
Puerto Ricans Puerto Rico	61	Oversea	70	Level 4	4	R1b1	R	Resolved	167	33	47.142857
Puerto Ricans Puerto Rico	61	Oversea	70	Level 4	4	T1a1	T	Resolved	177	2	2.857143
Puerto Ricans Puerto Rico	61	Oversea	70	Level 4	4	T1a2	T	Resolved	178	1	1.428571
Toscani Italy	62	Oversea	58	Level 4	4	E1b1	E	Resolved	44	5	8.62069
Toscani Italy	62	Oversea	58	Level 4	4	G2a2	G	Resolved	62	3	5.172414
Toscani Italy	62	Oversea	58	Level 4	4	I1a2	I	Resolved	81	2	3.448276
Toscani Italy	62	Oversea	58	Level 4	4	I2a2	I	Resolved	93	1	1.724138
Toscani Italy	62	Oversea	58	Level 4	4	J1a2	J	Resolved	98	1	1.724138
Toscani Italy	62	Oversea	58	Level 4	4	J2a1	J	Resolved	104	11	18.965517
Toscani Italy	62	Oversea	58	Level 4	4	J2b2	J	Resolved	108	4	6.896552
Toscani Italy	62	Oversea	58	Level 4	4	R1a1	R	Resolved	164	2	3.448276
Toscani Italy	62	Oversea	58	Level 4	4	R1b1	R	Resolved	167	26	44.827586
Toscani Italy	62	Oversea	58	Level 4	4	T1a1	T	Resolved	177	2	3.448276
Toscani Italy	62	Oversea	58	Level 4	4	T1a2	T	Resolved	178	1	1.724138
Iberian Spain	63	Oversea	81	Level 4	4	E1b1	E	Resolved	44	3	3.703704
Iberian Spain	63	Oversea	81	Level 4	4	G2a2	G	Resolved	62	2	2.469136
Iberian Spain	63	Oversea	81	Level 4	4	I2a1	I	Resolved	92	4	4.938272
Iberian Spain	63	Oversea	81	Level 4	4	J1a2	J	Resolved	98	1	1.234568
Iberian Spain	63	Oversea	81	Level 4	4	J2a1	J	Resolved	104	6	7.407407
Iberian Spain	63	Oversea	81	Level 4	4	J2b1	J	Resolved	107	2	2.469136
Iberian Spain	63	Oversea	81	Level 4	4	J2b2	J	Resolved	108	1	1.234568
Iberian Spain	63	Oversea	81	Level 4	4	R1a1	R	Resolved	164	1	1.234568
Iberian Spain	63	Oversea	81	Level 4	4	R1b1	R	Resolved	167	59	72.839506
Iberian Spain	63	Oversea	81	Level 4	4	T1a2	T	Resolved	178	2	2.469136
British England Scotland	64	Oversea	45	Level 4	4	I1a2	I	Resolved	81	4	8.888889
British England Scotland	64	Oversea	45	Level 4	4	I1b2	I	Resolved	86	1	2.222222
British England Scotland	64	Oversea	45	Level 4	4	I1b3	I	Resolved	87	1	2.222222
British England Scotland	64	Oversea	45	Level 4	4	I2a1	I	Resolved	92	1	2.222222
British England Scotland	64	Oversea	45	Level 4	4	J2b2	J	Resolved	108	1	2.222222
British England Scotland	64	Oversea	45	Level 4	4	R1a1	R	Resolved	164	4	8.888889
British England Scotland	64	Oversea	45	Level 4	4	R1b1	R	Resolved	167	33	73.333333
CEPH United States	65	Oversea	87	Level 4	4	E1b1	E	Resolved	44	2	2.298851
CEPH United States	65	Oversea	87	Level 4	4	G2a2	G	Resolved	62	5	5.747126
CEPH United States	65	Oversea	87	Level 4	4	I1a1	I	Resolved	80	2	2.298851
CEPH United States	65	Oversea	87	Level 4	4	I1a2	I	Resolved	81	5	5.747126
CEPH United States	65	Oversea	87	Level 4	4	I1a3	I	Resolved	82	3	3.448276
CEPH United States	65	Oversea	87	Level 4	4	I1b1	I	Resolved	85	2	2.298851
CEPH United States	65	Oversea	87	Level 4	4	I1c1	I	Resolved	89	1	1.149425
CEPH United States	65	Oversea	87	Level 4	4	I2a1	I	Resolved	92	8	9.195402
CEPH United States	65	Oversea	87	Level 4	4	J1a2	J	Resolved	98	1	1.149425
CEPH United States	65	Oversea	87	Level 4	4	J2b2	J	Resolved	108	2	2.298851
CEPH United States	65	Oversea	87	Level 4	4	R1a1	R	Resolved	164	2	2.298851
CEPH United States	65	Oversea	87	Level 4	4	R1b1	R	Resolved	167	54	62.068966
Uygur Xinjiang	66	Northwest China	26	Level 4	4	C1b1	C	Resolved	27	1	3.846154
Uygur Xinjiang	66	Northwest China	26	Level 4	4	C2a1	C	Resolved	30	1	3.846154
Uygur Xinjiang	66	Northwest China	26	Level 4	4	F2*	F	Unresolved	52	2	7.692308
Uygur Xinjiang	66	Northwest China	26	Level 4	4	G2a1	G	Resolved	61	1	3.846154
Uygur Xinjiang	66	Northwest China	26	Level 4	4	H1a2	H	Resolved	69	1	3.846154
Uygur Xinjiang	66	Northwest China	26	Level 4	4	J1a2	J	Resolved	98	1	3.846154
Uygur Xinjiang	66	Northwest China	26	Level 4	4	J2a1	J	Resolved	104	1	3.846154
Uygur Xinjiang	66	Northwest China	26	Level 4	4	J2a2	J	Resolved	105	2	7.692308
Uygur Xinjiang	66	Northwest China	26	Level 4	4	L1a2	L	Resolved	113	1	3.846154
Uygur Xinjiang	66	Northwest China	26	Level 4	4	N1b2	N	Resolved	124	1	3.846154
Uygur Xinjiang	66	Northwest China	26	Level 4	4	O1a1	O	Resolved	132	1	3.846154
Uygur Xinjiang	66	Northwest China	26	Level 4	4	O1b1	O	Resolved	136	1	3.846154
Uygur Xinjiang	66	Northwest China	26	Level 4	4	O2a2	O	Resolved	141	2	7.692308
Uygur Xinjiang	66	Northwest China	26	Level 4	4	R1a1	R	Resolved	164	4	15.384615
Uygur Xinjiang	66	Northwest China	26	Level 4	4	R1b1	R	Resolved	167	2	7.692308
Uygur Xinjiang	66	Northwest China	26	Level 4	4	R1b2	R	Resolved	168	4	15.384615
Brahui Pakistan	67	Oversea	23	Level 4	4	C1b1	C	Resolved	27	1	4.347826
Brahui Pakistan	67	Oversea	23	Level 4	4	G1a1	G	Resolved	58	1	4.347826
Brahui Pakistan	67	Oversea	23	Level 4	4	G2a2	G	Resolved	62	3	13.043478
Brahui Pakistan	67	Oversea	23	Level 4	4	H1a1	H	Resolved	68	1	4.347826
Brahui Pakistan	67	Oversea	23	Level 4	4	J1a2	J	Resolved	98	3	13.043478
Brahui Pakistan	67	Oversea	23	Level 4	4	J2a1	J	Resolved	104	4	17.391304
Brahui Pakistan	67	Oversea	23	Level 4	4	L1a1	L	Resolved	112	1	4.347826
Brahui Pakistan	67	Oversea	23	Level 4	4	L1a2	L	Resolved	113	1	4.347826
Brahui Pakistan	67	Oversea	23	Level 4	4	R1a1	R	Resolved	164	5	21.73913
Brahui Pakistan	67	Oversea	23	Level 4	4	R2a2	R	Resolved	171	3	13.043478
Punjabi Pakistan	68	Oversea	77	Level 4	4	C1b1	C	Resolved	27	1	1.298701
Punjabi Pakistan	68	Oversea	77	Level 4	4	G1a1	G	Resolved	58	2	2.597403
Punjabi Pakistan	68	Oversea	77	Level 4	4	G2a1	G	Resolved	61	2	2.597403
Punjabi Pakistan	68	Oversea	77	Level 4	4	G2a2	G	Resolved	62	3	3.896104
Punjabi Pakistan	68	Oversea	77	Level 4	4	G2b1	G	Resolved	64	2	2.597403
Punjabi Pakistan	68	Oversea	77	Level 4	4	H1a1	H	Resolved	68	4	5.194805
Punjabi Pakistan	68	Oversea	77	Level 4	4	H3b2	H	Resolved	76	2	2.597403
Punjabi Pakistan	68	Oversea	77	Level 4	4	J1a3	J	Resolved	99	1	1.298701
Punjabi Pakistan	68	Oversea	77	Level 4	4	J2a1	J	Resolved	104	12	15.584416
Punjabi Pakistan	68	Oversea	77	Level 4	4	J2a2	J	Resolved	105	1	1.298701
Punjabi Pakistan	68	Oversea	77	Level 4	4	J2b2	J	Resolved	108	1	1.298701
Punjabi Pakistan	68	Oversea	77	Level 4	4	L1a1	L	Resolved	112	4	5.194805
Punjabi Pakistan	68	Oversea	77	Level 4	4	Q1a2	Q	Resolved	149	2	2.597403
Punjabi Pakistan	68	Oversea	77	Level 4	4	Q2b1	Q	Resolved	158	2	2.597403
Punjabi Pakistan	68	Oversea	77	Level 4	4	R1a1	R	Resolved	164	27	35.064935
Punjabi Pakistan	68	Oversea	77	Level 4	4	R2a2	R	Resolved	171	11	14.285714
Balochi Pakistan	69	Oversea	22	Level 4	4	E1b1	E	Resolved	44	1	4.545455
Balochi Pakistan	69	Oversea	22	Level 4	4	H1a1	H	Resolved	68	1	4.545455
Balochi Pakistan	69	Oversea	22	Level 4	4	J1*	J	Unresolved	96	1	4.545455
Balochi Pakistan	69	Oversea	22	Level 4	4	J1a2	J	Resolved	98	1	4.545455
Balochi Pakistan	69	Oversea	22	Level 4	4	J2a1	J	Resolved	104	2	9.090909
Balochi Pakistan	69	Oversea	22	Level 4	4	L1a1	L	Resolved	112	4	18.181818
Balochi Pakistan	69	Oversea	22	Level 4	4	R1a1	R	Resolved	164	7	31.818182
Balochi Pakistan	69	Oversea	22	Level 4	4	R1b1	R	Resolved	167	2	9.090909
Balochi Pakistan	69	Oversea	22	Level 4	4	R2a2	R	Resolved	171	3	13.636364
Telugu United Kingdom	70	Oversea	60	Level 4	4	C1b1	C	Resolved	27	1	1.666667
Telugu United Kingdom	70	Oversea	60	Level 4	4	H1a1	H	Resolved	68	9	15
Telugu United Kingdom	70	Oversea	60	Level 4	4	H1a2	H	Resolved	69	2	3.333333
Telugu United Kingdom	70	Oversea	60	Level 4	4	H3a1	H	Resolved	72	3	5
Telugu United Kingdom	70	Oversea	60	Level 4	4	H3a2	H	Resolved	73	2	3.333333
Telugu United Kingdom	70	Oversea	60	Level 4	4	J2b2	J	Resolved	108	3	5
Telugu United Kingdom	70	Oversea	60	Level 4	4	L1a1	L	Resolved	112	6	10
Telugu United Kingdom	70	Oversea	60	Level 4	4	L1a2	L	Resolved	113	2	3.333333
Telugu United Kingdom	70	Oversea	60	Level 4	4	N1b2	N	Resolved	124	1	1.666667
Telugu United Kingdom	70	Oversea	60	Level 4	4	NO*	NO	Unresolved	126	1	1.666667
Telugu United Kingdom	70	Oversea	60	Level 4	4	Q2b2	Q	Resolved	159	1	1.666667
Telugu United Kingdom	70	Oversea	60	Level 4	4	R1a1	R	Resolved	164	15	25
Telugu United Kingdom	70	Oversea	60	Level 4	4	R2a2	R	Resolved	171	14	23.333333
Tamil United Kingdom	71	Oversea	64	Level 4	4	C1b1	C	Resolved	27	1	1.5625
Tamil United Kingdom	71	Oversea	64	Level 4	4	H1a1	H	Resolved	68	9	14.0625
Tamil United Kingdom	71	Oversea	64	Level 4	4	H1a2	H	Resolved	69	1	1.5625
Tamil United Kingdom	71	Oversea	64	Level 4	4	H3a2	H	Resolved	73	4	6.25
Tamil United Kingdom	71	Oversea	64	Level 4	4	H3b1	H	Resolved	75	2	3.125
Tamil United Kingdom	71	Oversea	64	Level 4	4	J2a1	J	Resolved	104	5	7.8125
Tamil United Kingdom	71	Oversea	64	Level 4	4	J2b2	J	Resolved	108	2	3.125
Tamil United Kingdom	71	Oversea	64	Level 4	4	L1a1	L	Resolved	112	8	12.5
Tamil United Kingdom	71	Oversea	64	Level 4	4	L1a2	L	Resolved	113	4	6.25
Tamil United Kingdom	71	Oversea	64	Level 4	4	Q1b2	Q	Resolved	152	3	4.6875
Tamil United Kingdom	71	Oversea	64	Level 4	4	R1a1	R	Resolved	164	21	32.8125
Tamil United Kingdom	71	Oversea	64	Level 4	4	R2a2	R	Resolved	171	4	6.25
Gujarati United States	72	Oversea	56	Level 4	4	C1b1	C	Resolved	27	12	21.428571
Gujarati United States	72	Oversea	56	Level 4	4	G1a1	G	Resolved	58	2	3.571429
Gujarati United States	72	Oversea	56	Level 4	4	H1a1	H	Resolved	68	11	19.642857
Gujarati United States	72	Oversea	56	Level 4	4	J2a1	J	Resolved	104	3	5.357143
Gujarati United States	72	Oversea	56	Level 4	4	J2b2	J	Resolved	108	2	3.571429
Gujarati United States	72	Oversea	56	Level 4	4	L1a1	L	Resolved	112	5	8.928571
Gujarati United States	72	Oversea	56	Level 4	4	R1a1	R	Resolved	164	15	26.785714
Gujarati United States	72	Oversea	56	Level 4	4	R1b1	R	Resolved	167	1	1.785714
Gujarati United States	72	Oversea	56	Level 4	4	R2a2	R	Resolved	171	5	8.928571
Bengali Bangladesh	73	Oversea	58	Level 4	4	C1b1	C	Resolved	27	3	5.172414
Bengali Bangladesh	73	Oversea	58	Level 4	4	C2b1	C	Resolved	32	1	1.724138
Bengali Bangladesh	73	Oversea	58	Level 4	4	H1a1	H	Resolved	68	18	31.034483
Bengali Bangladesh	73	Oversea	58	Level 4	4	H1a2	H	Resolved	69	4	6.896552
Bengali Bangladesh	73	Oversea	58	Level 4	4	J2a1	J	Resolved	104	5	8.62069
Bengali Bangladesh	73	Oversea	58	Level 4	4	J2b2	J	Resolved	108	2	3.448276
Bengali Bangladesh	73	Oversea	58	Level 4	4	L1a1	L	Resolved	112	1	1.724138
Bengali Bangladesh	73	Oversea	58	Level 4	4	L1a2	L	Resolved	113	1	1.724138
Bengali Bangladesh	73	Oversea	58	Level 4	4	O1b1	O	Resolved	136	2	3.448276
Bengali Bangladesh	73	Oversea	58	Level 4	4	O2a2	O	Resolved	141	2	3.448276
Bengali Bangladesh	73	Oversea	58	Level 4	4	Q1b2	Q	Resolved	152	2	3.448276
Bengali Bangladesh	73	Oversea	58	Level 4	4	Q2b3	Q	Resolved	160	1	1.724138
Bengali Bangladesh	73	Oversea	58	Level 4	4	R1a1	R	Resolved	164	10	17.241379
Bengali Bangladesh	73	Oversea	58	Level 4	4	R2a2	R	Resolved	171	6	10.344828
African Ancestry United States	74	Oversea	33	Level 4	4	E1b1	E	Resolved	44	22	66.666667
African Ancestry United States	74	Oversea	33	Level 4	4	E2b2	E	Resolved	48	1	3.030303
African Ancestry United States	74	Oversea	33	Level 4	4	I1a2	I	Resolved	81	1	3.030303
African Ancestry United States	74	Oversea	33	Level 4	4	I2a1	I	Resolved	92	2	6.060606
African Ancestry United States	74	Oversea	33	Level 4	4	R1b1	R	Resolved	167	7	21.212121
African Caribbean Barbados	75	Oversea	57	Level 4	4	A0b*	A	Unresolved	6	1	1.754386
African Caribbean Barbados	75	Oversea	57	Level 4	4	E1a2	E	Resolved	42	3	5.263158
African Caribbean Barbados	75	Oversea	57	Level 4	4	E1b1	E	Resolved	44	39	68.421053
African Caribbean Barbados	75	Oversea	57	Level 4	4	I1a2	I	Resolved	81	3	5.263158
African Caribbean Barbados	75	Oversea	57	Level 4	4	I2a1	I	Resolved	92	3	5.263158
African Caribbean Barbados	75	Oversea	57	Level 4	4	R1b1	R	Resolved	167	8	14.035088
Mende Sierra Leone	76	Oversea	50	Level 4	4	B3a2	B	Resolved	19	2	4
Mende Sierra Leone	76	Oversea	50	Level 4	4	E1a2	E	Resolved	42	3	6
Mende Sierra Leone	76	Oversea	50	Level 4	4	E1b1	E	Resolved	44	43	86
Mende Sierra Leone	76	Oversea	50	Level 4	4	G2a2	G	Resolved	62	2	4
Yoruba Nigeria	77	Oversea	105	Level 4	4	B*	B	Unresolved	11	1	0.952381
Yoruba Nigeria	77	Oversea	105	Level 4	4	E1a2	E	Resolved	42	8	7.619048
Yoruba Nigeria	77	Oversea	105	Level 4	4	E1b1	E	Resolved	44	94	89.52381
Yoruba Nigeria	77	Oversea	105	Level 4	4	E2b2	E	Resolved	48	2	1.904762
Esan Nigeria	78	Oversea	83	Level 4	4	E1b1	E	Resolved	44	83	100
Luhya Kenya	79	Oversea	44	Level 4	4	B2a1	B	Resolved	14	2	4.545455
Luhya Kenya	79	Oversea	44	Level 4	4	B2b1	B	Resolved	16	1	2.272727
Luhya Kenya	79	Oversea	44	Level 4	4	E1b1	E	Resolved	44	39	88.636364
Luhya Kenya	79	Oversea	44	Level 4	4	E2b1	E	Resolved	47	2	4.545455
Gambian Gambia	80	Oversea	93	Level 4	4	A0a1	A	Resolved	4	2	2.150538
Gambian Gambia	80	Oversea	93	Level 4	4	A1a*	A	Unresolved	9	5	5.376344
Gambian Gambia	80	Oversea	93	Level 4	4	B3b*	B	Unresolved	21	2	2.150538
Gambian Gambia	80	Oversea	93	Level 4	4	E1a2	E	Resolved	42	22	23.655914
Gambian Gambia	80	Oversea	93	Level 4	4	E1b1	E	Resolved	44	60	64.516129
Gambian Gambia	80	Oversea	93	Level 4	4	E2b1	E	Resolved	47	2	2.150538
Biaka Central African Republic	81	Oversea	24	Level 4	4	B2a1	B	Resolved	14	1	4.166667
Biaka Central African Republic	81	Oversea	24	Level 4	4	B2b1	B	Resolved	16	6	25
Biaka Central African Republic	81	Oversea	24	Level 4	4	E1b1	E	Resolved	44	17	70.833333
