SampleID	Haplogroup	root_haplogroup	level2_haplogroup	deep_lineage_label	Quality	Range	is_in_vcf	is_strict_full_length	dedupe_status	vcf_column_index	call_n	missing_n	missing_rate
AF346967	L3e3b2	L	L3	L3	1.0000	1-16569	1	1	unique	40822	9745	0	0.000000
AF346970	C4b3b	C	C4	C4	1.0000	1-16569	1	1	unique	40823	9745	0	0.000000
AF381989	U5b1b1+152	U	U5	U5	1.0000	1-16569	1	1	unique	40849	9745	0	0.000000
AF382006	T1a1	T	T1	T1	1.0000	1-16569	1	1	unique	40862	9745	0	0.000000
AJ842747	B4a1a4	B	B4	B4	1.0000	1-16569	1	1	unique	40870	9745	0	0.000000
AJ842751	B4a2a1	B	B4	B4	1.0000	1-16569	1	1	unique	40873	9745	0	0.000000
AM263178	H21	H	H21	H21	1.0000	1-16569	1	1	unique	40876	9745	0	0.000000
AP008249	M7a1a1a	M	M7	M7	1.0000	1-16569	1	1	unique	40888	9745	0	0.000000
AP008264	D4b2b1	D	D4	D4	1.0000	1-16569	1	1	unique	40896	9745	0	0.000000
AP008265	A5a	A	A5	A5	1.0000	1-16569	1	1	unique	40897	9745	0	0.000000
AP008266	M7a1b1	M	M7	M7	1.0000	1-16569	1	1	unique	40898	9745	0	0.000000
AP008286	D4b2a1	D	D4	D4	1.0000	1-16569	1	1	unique	40957	9745	0	0.000000
AP008287	D4b2a2a1	D	D4	D4	1.0000	1-16569	1	1	unique	40958	9745	0	0.000000
AP008288	B5b1a2	B	B5	B5	1.0000	1-16569	1	1	unique	40959	9745	0	0.000000
AP008292	D4b2b1+146	D	D4	D4	1.0000	1-16569	1	1	unique	40962	9745	0	0.000000
AP008301	G2a5	G	G2	G2	1.0000	1-16569	1	1	unique	40965	9745	0	0.000000
AP008307	A7	A	A7	A7	1.0000	1-16569	1	1	unique	40969	9745	0	0.000000
AP008312	D4a1c	D	D4	D4	1.0000	1-16569	1	1	unique	40970	9745	0	0.000000
AP008314	D4a1b	D	D4	D4	1.0000	1-16569	1	1	unique	40972	9745	0	0.000000
AP008325	B4b1a1	B	B4	B4	1.0000	1-16569	1	1	unique	40975	9745	0	0.000000
AP008332	D4b1a1a	D	D4	D4	1.0000	1-16569	1	1	unique	40977	9745	0	0.000000
AP008333	D4b2b1b	D	D4	D4	1.0000	1-16569	1	1	unique	40978	9745	0	0.000000
AP008345	D5b1b1	D	D5	D5	1.0000	1-16569	1	1	unique	40981	9745	0	0.000000
AP008347	F1a1b	F	F1	F1	1.0000	1-16569	1	1	unique	40982	9745	0	0.000000
AP008348	D4c2c	D	D4	D4	1.0000	1-16569	1	1	unique	40983	9745	0	0.000000
AP008365	M7b1a1a1	M	M7	M7	1.0000	1-16569	1	1	unique	40988	9745	0	0.000000
AP008373	M8a2b	M	M8	M8	1.0000	1-16569	1	1	unique	40993	9745	0	0.000000
AP008380	D4e2	D	D4	D4	1.0000	1-16569	1	1	unique	40995	9745	0	0.000000
AP008406	N9a2a	N	N9	N9	1.0000	1-16569	1	1	unique	41006	9745	0	0.000000
AP008408	D4g2b1a	D	D4	D4	1.0000	1-16569	1	1	unique	41007	9745	0	0.000000
AP008409	D5a1a1	D	D5	D5	1.0000	1-16569	1	1	unique	41008	9745	0	0.000000
AP008416	D4h1a1	D	D4	D4	1.0000	1-16569	1	1	unique	41012	9745	0	0.000000
AP008425	B4c1c1	B	B4	B4	1.0000	1-16569	1	1	unique	41017	9745	0	0.000000
AP008426	Z2	Z	Z2	Z2	1.0000	1-16569	1	1	unique	41018	9745	0	0.000000
AP008440	D4b1b1a	D	D4	D4	1.0000	1-16569	1	1	unique	41028	9745	0	0.000000
AP008446	F1b1d	F	F1	F1	1.0000	1-16569	1	1	unique	41030	9745	0	0.000000
AP008447	D4g2a1a	D	D4	D4	1.0000	1-16569	1	1	unique	41031	9745	0	0.000000
AP008457	D4b2b2a1	D	D4	D4	1.0000	1-16569	1	1	unique	41037	9745	0	0.000000
AP008458	D4f1	D	D4	D4	1.0000	1-16569	1	1	unique	41038	9745	0	0.000000
AP008475	F1a1c2	F	F1	F1	1.0000	1-16569	1	1	unique	41047	9745	0	0.000000
AP008476	D4b1b1a1	D	D4	D4	1.0000	1-16569	1	1	unique	41048	9745	0	0.000000
AP008482	B4c1a1a	B	B4	B4	1.0000	1-16569	1	1	unique	41049	9745	0	0.000000
AP008485	M7b1a1a1c	M	M7	M7	1.0000	1-16569	1	1	unique	41051	9745	0	0.000000
AP008490	F1b1a1a2	F	F1	F1	1.0000	1-16569	1	1	unique	41052	9745	0	0.000000
AP008495	M13a1a	M	M13	M13	1.0000	1-16569	1	1	unique	41055	9745	0	0.000000
AP008502	D4b2a1	D	D4	D4	1.0000	1-16569	1	1	unique	41058	9745	0	0.000000
AP008507	M7a1a2	M	M7	M7	1.0000	1-16569	1	1	unique	41060	9745	0	0.000000
AP008508	F1e1a	F	F1	F1	1.0000	1-16569	1	1	unique	41061	9745	0	0.000000
AP008511	G1a1a	G	G1	G1	1.0000	1-16569	1	1	unique	41062	9745	0	0.000000
AP008518	B5b1a2a	B	B5	B5	1.0000	1-16569	1	1	unique	41064	9745	0	0.000000
AP008524	D4h1a1	D	D4	D4	1.0000	1-16569	1	1	unique	41068	9745	0	0.000000
AP008530	D4e2d	D	D4	D4	1.0000	1-16569	1	1	unique	41071	9745	0	0.000000
AP008532	A5a1a1b	A	A5	A5	1.0000	1-16569	1	1	unique	41073	9745	0	0.000000
AP008535	G2a1b	G	G2	G2	1.0000	1-16569	1	1	unique	41075	9745	0	0.000000
AP008536	D5a2a1a1a	D	D5	D5	1.0000	1-16569	1	1	unique	41076	9745	0	0.000000
AP008542	D4g1b	D	D4	D4	1.0000	1-16569	1	1	unique	41079	9745	0	0.000000
AP008544	D4g1a	D	D4	D4	1.0000	1-16569	1	1	unique	41080	9745	0	0.000000
AP008546	B5b2a1	B	B5	B5	1.0000	1-16569	1	1	unique	41081	9745	0	0.000000
AP008553	Z5	Z	Z5	Z5	1.0000	1-16569	1	1	unique	41085	9745	0	0.000000
AP008572	D5b1a2	D	D5	D5	1.0000	1-16569	1	1	unique	41094	9745	0	0.000000
AP008577	F1b1a2	F	F1	F1	1.0000	1-16569	1	1	unique	41095	9745	0	0.000000
AP008614	D4a1e1	D	D4	D4	1.0000	1-16569	1	1	unique	41110	9745	0	0.000000
AP008619	D5a1a2	D	D5	D5	1.0000	1-16569	1	1	unique	41114	9745	0	0.000000
AP008621	M7b1a1a1b	M	M7	M7	1.0000	1-16569	1	1	unique	41116	9745	0	0.000000
AP008628	D4d	D	D4	D4	1.0000	1-16569	1	1	unique	41119	9745	0	0.000000
AP008629	M9a1a1a	M	M9	M9	1.0000	1-16569	1	1	unique	41120	9745	0	0.000000
AP008630	N9a2c	N	N9	N9	1.0000	1-16569	1	1	unique	41121	9745	0	0.000000
AP008640	B4a1b1a	B	B4	B4	1.0000	1-16569	1	1	unique	41127	9745	0	0.000000
AP008652	D4g1	D	D4	D4	1.0000	1-16569	1	1	unique	41131	9745	0	0.000000
AP008688	B4c1a1a2	B	B4	B4	1.0000	1-16569	1	1	unique	41143	9745	0	0.000000
AP008692	F2a	F	F2	F2	1.0000	1-16569	1	1	unique	41145	9745	0	0.000000
AP008696	G1a1a1	G	G1	G1	1.0000	1-16569	1	1	unique	41146	9745	0	0.000000
AP008703	D4b2a2a	D	D4	D4	1.0000	1-16569	1	1	unique	41149	9745	0	0.000000
AP008726	N9a1	N	N9	N9	1.0000	1-16569	1	1	unique	41155	9745	0	0.000000
AP008730	D4h1a2	D	D4	D4	1.0000	1-16569	1	1	unique	41158	9745	0	0.000000
AP008739	D4e5a	D	D4	D4	1.0000	1-16569	1	1	unique	41161	9745	0	0.000000
AP008741	A3a	A	A3	A3	1.0000	1-16569	1	1	unique	41162	9745	0	0.000000
AP008754	D4n1a	D	D4	D4	1.0000	1-16569	1	1	unique	41166	9745	0	0.000000
AP008764	Y2b	Y	Y2	Y2	1.0000	1-16569	1	1	unique	41169	9745	0	0.000000
AP008771	D5b1b1	D	D5	D5	1.0000	1-16569	1	1	unique	41172	9745	0	0.000000
AP008810	D4n1	D	D4	D4	1.0000	1-16569	1	1	unique	41186	9745	0	0.000000
AP008821	N9b1c	N	N9	N9	1.0000	1-16569	1	1	unique	41190	9745	0	0.000000
AP008834	D4e2a	D	D4	D4	1.0000	1-16569	1	1	unique	41194	9745	0	0.000000
AP008845	G1a1a4	G	G1	G1	1.0000	1-16569	1	1	unique	41199	9745	0	0.000000
AP008848	B4b1a1a	B	B4	B4	1.0000	1-16569	1	1	unique	41201	9745	0	0.000000
AP008854	D5a2a1a2	D	D5	D5	1.0000	1-16569	1	1	unique	41204	9745	0	0.000000
AP008862	D4a3a2	D	D4	D4	1.0000	1-16569	1	1	unique	41206	9745	0	0.000000
AP008871	D4a1d	D	D4	D4	1.0000	1-16569	1	1	unique	41209	9745	0	0.000000
AP008874	A5c1	A	A5	A5	1.0000	1-16569	1	1	unique	41211	9745	0	0.000000
AP008876	D4b1a1	D	D4	D4	1.0000	1-16569	1	1	unique	41213	9745	0	0.000000
AP008888	D4a4	D	D4	D4	1.0000	1-16569	1	1	unique	41214	9745	0	0.000000
AP008897	G2a5	G	G2	G2	1.0000	1-16569	1	1	unique	41217	9745	0	0.000000
AP008899	B4c1b1	B	B4	B4	1.0000	1-16569	1	1	unique	41218	9745	0	0.000000
AP008900	B4b1a1c	B	B4	B4	1.0000	1-16569	1	1	unique	41219	9745	0	0.000000
AP008902	M7b1a1a1a	M	M7	M7	1.0000	1-16569	1	1	unique	41221	9745	0	0.000000
AP008906	F1a1	F	F1	F1	1.0000	1-16569	1	1	unique	41222	9745	0	0.000000
AP008909	G1a1a3	G	G1	G1	1.0000	1-16569	1	1	unique	41224	9745	0	0.000000
AP008910	B5b2a2a1	B	B5	B5	1.0000	1-16569	1	1	unique	41225	9745	0	0.000000
AP008919	F1b1a1a1	F	F1	F1	1.0000	1-16569	1	1	unique	41230	9745	0	0.000000
AP008920	B4c1b1a	B	B4	B4	1.0000	1-16569	1	1	unique	41231	9745	0	0.000000
AP009424	D5a2a1a1	D	D5	D5	1.0000	1-16569	1	1	unique	41234	9745	0	0.000000
AP009430	D4a1	D	D4	D4	1.0000	1-16569	1	1	unique	41236	9745	0	0.000000
AP009433	D4c1a1	D	D4	D4	1.0000	1-16569	1	1	unique	41237	9745	0	0.000000
AP010667	D4e2c	D	D4	D4	1.0000	1-16569	1	1	unique	41254	9745	0	0.000000
AP010677	D4g1	D	D4	D4	1.0000	1-16569	1	1	unique	41260	9745	0	0.000000
AP010701	A5a1a1a	A	A5	A5	1.0000	1-16569	1	1	unique	41266	9745	0	0.000000
AP010705	B4a1c3a	B	B4	B4	1.0000	1-16569	1	1	unique	41268	9745	0	0.000000
AP010709	A7	A	A7	A7	1.0000	1-16569	1	1	unique	41270	9745	0	0.000000
AP010722	N9b1	N	N9	N9	1.0000	1-16569	1	1	unique	41277	9745	0	0.000000
AP010723	D4a1a1	D	D4	D4	1.0000	1-16569	1	1	unique	41278	9745	0	0.000000
AP010750	M7a1a7	M	M7	M7	1.0000	1-16569	1	1	unique	41285	9745	0	0.000000
AP010753	G1a1a	G	G1	G1	1.0000	1-16569	1	1	unique	41286	9745	0	0.000000
AP010754	F1b1a1a2	F	F1	F1	1.0000	1-16569	1	1	unique	41287	9745	0	0.000000
AP010761	B5b3b	B	B5	B5	1.0000	1-16569	1	1	unique	41289	9745	0	0.000000
AP010762	D4a1b1	D	D4	D4	1.0000	1-16569	1	1	unique	41290	9745	0	0.000000
AP010837	F1e1a	F	F1	F1	1.0000	1-16569	1	1	unique	41308	9745	0	0.000000
AP011006	D6a1	D	D6	D6	1.0000	1-16569	1	1	unique	41326	9745	0	0.000000
AP011008	D4a2a	D	D4	D4	1.0000	1-16569	1	1	unique	41328	9745	0	0.000000
AP011017	G2a1c	G	G2	G2	1.0000	1-16569	1	1	unique	41331	9745	0	0.000000
AP011038	A5a2	A	A5	A5	1.0000	1-16569	1	1	unique	41338	9745	0	0.000000
AP011040	D5b1a1	D	D5	D5	1.0000	1-16569	1	1	unique	41339	9745	0	0.000000
AP011041	D5b1b	D	D5	D5	1.0000	1-16569	1	1	unique	41340	9745	0	0.000000
AP011047	D4a3b1	D	D4	D4	1.0000	1-16569	1	1	unique	41343	9745	0	0.000000
AP012357	E1a2+(16261)	E	E1	E1	1.0000	1-16569	1	1	unique	41350	9745	0	0.000000
AP012360	M7c1c3e	M	M7	M7	1.0000	1-16569	1	1	unique	41351	9745	0	0.000000
AP012377	M21a	M	M21	M21	1.0000	1-16569	1	1	unique	41355	9745	0	0.000000
AP012410	N9a6b	N	N9	N9	1.0000	1-16569	1	1	unique	41359	9745	0	0.000000
AP012413	N9a6b	N	N9	N9	1.0000	1-16569	1	1	unique	41360	9745	0	0.000000
AP012414	N22a	N	N22	N22	1.0000	1-16569	1	1	unique	41361	9745	0	0.000000
AP013111	D4b2b3	D	D4	D4	1.0000	1-16569	1	1	unique	41366	9745	0	0.000000
AP013122	A5a4	A	A5	A5	1.0000	1-16569	1	1	unique	41369	9745	0	0.000000
AP013148	M7a1b2	M	M7	M7	1.0000	1-16569	1	1	unique	41376	9745	0	0.000000
AP013153	M11b1a1	M	M11	M11	1.0000	1-16569	1	1	unique	41377	9745	0	0.000000
AP013158	D4b2b1d	D	D4	D4	1.0000	1-16569	1	1	unique	41378	9745	0	0.000000
AP013178	G1a1a2	G	G1	G1	1.0000	1-16569	1	1	unique	41380	9745	0	0.000000
AP013209	A5c	A	A5	A5	1.0000	1-16569	1	1	unique	41390	9745	0	0.000000
AP013213	D4b2a2a2	D	D4	D4	1.0000	1-16569	1	1	unique	41391	9745	0	0.000000
AP013215	F1b1d	F	F1	F1	1.0000	1-16569	1	1	unique	41392	9745	0	0.000000
AP013217	A3	A	A3	A3	1.0000	1-16569	1	1	unique	41393	9745	0	0.000000
AP013226	M7b1a1a1d	M	M7	M7	1.0000	1-16569	1	1	unique	41398	9745	0	0.000000
AP013232	D4l1a1	D	D4	D4	1.0000	1-16569	1	1	unique	41400	9745	0	0.000000
AP013242	B4a1c1a	B	B4	B4	1.0000	1-16569	1	1	unique	41403	9745	0	0.000000
AP013251	D4b2b1c	D	D4	D4	1.0000	1-16569	1	1	unique	41407	9745	0	0.000000
AP013271	F2f	F	F2	F2	1.0000	1-16569	1	1	unique	41412	9745	0	0.000000
AP013273	D4c1b2	D	D4	D4	1.0000	1-16569	1	1	unique	41413	9745	0	0.000000
AP013280	B4a2b1a	B	B4	B4	1.0000	1-16569	1	1	unique	41416	9745	0	0.000000
AP013290	D4n1a	D	D4	D4	1.0000	1-16569	1	1	unique	41422	9745	0	0.000000
AY195747	H5a1	H	H5	H5	1.0000	1-16569	1	1	unique	41424	9745	0	0.000000
AY195761	Z1a2a	Z	Z1	Z1	1.0000	1-16569	1	1	unique	41427	9745	0	0.000000
AY195787	X2a2	X	X2	X2	1.0000	1-16569	1	1	unique	41434	9745	0	0.000000
AY255138	Y1b1	Y	Y1	Y1	1.0000	1-16569	1	1	unique	41441	9745	0	0.000000
AY255140	B4d2	B	B4	B4	1.0000	1-16569	1	1	unique	41443	9745	0	0.000000
AY275528	U6b1a1	U	U6	U6	1.0000	1-16569	1	1	unique	41526	9745	0	0.000000
AY275531	U6a7a1	U	U6	U6	1.0000	1-16569	1	1	unique	41528	9745	0	0.000000
AY289054	P7	P	P7	P7	1.0000	1-16569	1	1	unique	41532	9745	0	0.000000
AY289062	S4	S	S4	S4	1.0000	1-16569	1	1	unique	41537	9745	0	0.000000
AY289063	P5	P	P5	P5	1.0000	1-16569	1	1	unique	41538	9745	0	0.000000
AY289068	B4a1a1m1	B	B4	B4	1.0000	1-16569	1	1	unique	41543	9745	0	0.000000
AY339402	H39	H	H39	H39	1.0000	1-16569	1	1	unique	41559	9745	0	0.000000
AY339413	H1f1	H	H1	H1	1.0000	1-16569	1	1	unique	41560	9745	0	0.000000
AY339422	H1a2	H	H1	H1	1.0000	1-16569	1	1	unique	41561	9745	0	0.000000
AY339430	H5a8	H	H5	H5	1.0000	1-16569	1	1	unique	41562	9745	0	0.000000
AY339438	V1a1a	V	V1	V1	1.0000	1-16569	1	1	unique	41564	9745	0	0.000000
AY339446	V7a1	V	V7	V7	1.0000	1-16569	1	1	unique	41565	9745	0	0.000000
AY339462	W1b	W	W1	W1	1.0000	1-16569	1	1	unique	41570	9745	0	0.000000
AY339463	W1b	W	W1	W1	1.0000	1-16569	1	1	unique	41571	9745	0	0.000000
AY339464	W1b	W	W1	W1	1.0000	1-16569	1	1	unique	41572	9745	0	0.000000
AY339466	W1b1	W	W1	W1	1.0000	1-16569	1	1	unique	41574	9745	0	0.000000
AY339467	W1b1	W	W1	W1	1.0000	1-16569	1	1	unique	41575	9745	0	0.000000
AY339468	W1b1	W	W1	W1	1.0000	1-16569	1	1	unique	41576	9745	0	0.000000
AY339469	W1b1	W	W1	W1	1.0000	1-16569	1	1	unique	41577	9745	0	0.000000
AY339470	W1b1	W	W1	W1	1.0000	1-16569	1	1	unique	41578	9745	0	0.000000
AY339471	W1b1	W	W1	W1	1.0000	1-16569	1	1	unique	41579	9745	0	0.000000
AY339475	W1a	W	W1	W1	1.0000	1-16569	1	1	unique	41583	9745	0	0.000000
AY339476	W1a	W	W1	W1	1.0000	1-16569	1	1	unique	41584	9745	0	0.000000
AY339477	W1a	W	W1	W1	1.0000	1-16569	1	1	unique	41585	9745	0	0.000000
AY339479	W1a	W	W1	W1	1.0000	1-16569	1	1	unique	41587	9745	0	0.000000
AY339480	W1a	W	W1	W1	1.0000	1-16569	1	1	unique	41588	9745	0	0.000000
AY339483	W1a	W	W1	W1	1.0000	1-16569	1	1	unique	41591	9745	0	0.000000
AY339484	W1a	W	W1	W1	1.0000	1-16569	1	1	unique	41592	9745	0	0.000000
AY339485	W1a	W	W1	W1	1.0000	1-16569	1	1	unique	41593	9745	0	0.000000
AY339486	W1a	W	W1	W1	1.0000	1-16569	1	1	unique	41594	9745	0	0.000000
AY339487	W1a	W	W1	W1	1.0000	1-16569	1	1	unique	41595	9745	0	0.000000
AY339489	W1a	W	W1	W1	1.0000	1-16569	1	1	unique	41596	9745	0	0.000000
AY339493	W1a	W	W1	W1	1.0000	1-16569	1	1	unique	41600	9745	0	0.000000
AY339498	I2b	I	I2	I2	1.0000	1-16569	1	1	unique	41605	9745	0	0.000000
AY339500	I2b	I	I2	I2	1.0000	1-16569	1	1	unique	41607	9745	0	0.000000
AY339510	X2c1	X	X2	X2	1.0000	1-16569	1	1	unique	41610	9745	0	0.000000
AY339524	U5a2a1a	U	U5	U5	1.0000	1-16569	1	1	unique	41614	9745	0	0.000000
AY339527	U5a2a1e	U	U5	U5	1.0000	1-16569	1	1	unique	41615	9745	0	0.000000
AY339536	U5b1b2	U	U5	U5	1.0000	1-16569	1	1	unique	41616	9745	0	0.000000
AY495090	H7a	H	H7	H7	1.0000	1-16569	1	1	unique	41620	9745	0	0.000000
AY495095	H4a1a1	H	H4	H4	1.0000	1-16569	1	1	unique	41622	9745	0	0.000000
AY495102	H1c5	H	H1	H1	1.0000	1-16569	1	1	unique	41626	9745	0	0.000000
AY495103	H1u1	H	H1	H1	1.0000	1-16569	1	1	unique	41627	9745	0	0.000000
AY495104	H7b5	H	H7	H7	1.0000	1-16569	1	1	unique	41628	9745	0	0.000000
AY495107	H13a1a	H	H13	H13	1.0000	1-16569	1	1	unique	41629	9745	0	0.000000
AY495114	H43	H	H43	H43	1.0000	1-16569	1	1	unique	41632	9745	0	0.000000
AY495118	V+@16298	V	V	V	1.0000	1-16569	1	1	unique	41633	9745	0	0.000000
AY495119	H1j5	H	H1	H1	1.0000	1-16569	1	1	unique	41634	9745	0	0.000000
AY495120	H7	H	H7	H7	1.0000	1-16569	1	1	unique	41635	9745	0	0.000000
AY495130	H3k1a	H	H3	H3	1.0000	1-16569	1	1	unique	41639	9745	0	0.000000
AY495131	H3i1	H	H3	H3	1.0000	1-16569	1	1	unique	41640	9745	0	0.000000
AY495132	H3g	H	H3	H3	1.0000	1-16569	1	1	unique	41641	9745	0	0.000000
AY495133	H16a1	H	H16	H16	1.0000	1-16569	1	1	unique	41642	9745	0	0.000000
AY495140	H46	H	H46	H46	1.0000	1-16569	1	1	unique	41648	9745	0	0.000000
AY495141	H1c+152	H	H1	H1	1.0000	1-16569	1	1	unique	41649	9745	0	0.000000
AY495148	H3b+16129	H	H3	H3	1.0000	1-16569	1	1	unique	41654	9745	0	0.000000
AY495150	H17	H	H17	H17	1.0000	1-16569	1	1	unique	41655	9745	0	0.000000
AY495155	H3b2	H	H3	H3	1.0000	1-16569	1	1	unique	41658	9745	0	0.000000
AY495156	H3af	H	H3	H3	1.0000	1-16569	1	1	unique	41659	9745	0	0.000000
AY495157	H1c1	H	H1	H1	1.0000	1-16569	1	1	unique	41660	9745	0	0.000000
AY495160	H1c1a	H	H1	H1	1.0000	1-16569	1	1	unique	41661	9745	0	0.000000
AY495167	H5a1b	H	H5	H5	1.0000	1-16569	1	1	unique	41663	9745	0	0.000000
AY495173	H5k	H	H5	H5	1.0000	1-16569	1	1	unique	41667	9745	0	0.000000
AY495174	H5	H	H5	H5	1.0000	1-16569	1	1	unique	41668	9745	0	0.000000
AY495176	H5a1b	H	H5	H5	1.0000	1-16569	1	1	unique	41670	9745	0	0.000000
AY495178	H4a1a1a	H	H4	H4	1.0000	1-16569	1	1	unique	41671	9745	0	0.000000
AY495180	H3d	H	H3	H3	1.0000	1-16569	1	1	unique	41672	9745	0	0.000000
AY495186	H4a1a1a1a1	H	H4	H4	1.0000	1-16569	1	1	unique	41674	9745	0	0.000000
AY495188	H1a1	H	H1	H1	1.0000	1-16569	1	1	unique	41675	9745	0	0.000000
AY495189	H1a1a1	H	H1	H1	1.0000	1-16569	1	1	unique	41676	9745	0	0.000000
AY495190	H1a1b	H	H1	H1	1.0000	1-16569	1	1	unique	41677	9745	0	0.000000
AY495197	J1c4	J	J1	J1	1.0000	1-16569	1	1	unique	41678	9745	0	0.000000
AY495201	J1c3d	J	J1	J1	1.0000	1-16569	1	1	unique	41680	9745	0	0.000000
AY495218	J1c2	J	J1	J1	1.0000	1-16569	1	1	unique	41692	9745	0	0.000000
AY495223	J1c2l	J	J1	J1	1.0000	1-16569	1	1	unique	41694	9745	0	0.000000
AY495225	J1c2p	J	J1	J1	1.0000	1-16569	1	1	unique	41695	9745	0	0.000000
AY495229	J1c2a1a	J	J1	J1	1.0000	1-16569	1	1	unique	41698	9745	0	0.000000
AY495231	J1b1a1c	J	J1	J1	1.0000	1-16569	1	1	unique	41699	9745	0	0.000000
AY495233	J1b1a1b	J	J1	J1	1.0000	1-16569	1	1	unique	41700	9745	0	0.000000
AY495239	K2a6	K	K2	K2	1.0000	1-16569	1	1	unique	41702	9745	0	0.000000
AY495241	K2a	K	K2	K2	1.0000	1-16569	1	1	unique	41703	9745	0	0.000000
AY495242	K2a4	K	K2	K2	1.0000	1-16569	1	1	unique	41704	9745	0	0.000000
AY495250	K1c1b	K	K1	K1	1.0000	1-16569	1	1	unique	41708	9745	0	0.000000
AY495273	T2b	T	T2	T2	1.0000	1-16569	1	1	unique	41717	9745	0	0.000000
AY495275	T2b3b	T	T2	T2	1.0000	1-16569	1	1	unique	41718	9745	0	0.000000
AY495280	T2b17a	T	T2	T2	1.0000	1-16569	1	1	unique	41719	9745	0	0.000000
AY495284	T2b6	T	T2	T2	1.0000	1-16569	1	1	unique	41721	9745	0	0.000000
AY495287	T2b5	T	T2	T2	1.0000	1-16569	1	1	unique	41722	9745	0	0.000000
AY495291	T1a1j	T	T1	T1	1.0000	1-16569	1	1	unique	41723	9745	0	0.000000
AY495296	T1a3a	T	T1	T1	1.0000	1-16569	1	1	unique	41725	9745	0	0.000000
AY495298	T2a1a	T	T2	T2	1.0000	1-16569	1	1	unique	41726	9745	0	0.000000
AY495299	T2b2b	T	T2	T2	1.0000	1-16569	1	1	unique	41727	9745	0	0.000000
AY495311	V	V	V	V	1.0000	1-16569	1	1	unique	41730	9745	0	0.000000
AY495317	V2a1a	V	V2	V2	1.0000	1-16569	1	1	unique	41734	9745	0	0.000000
AY495319	V2b1	V	V2	V2	1.0000	1-16569	1	1	unique	41735	9745	0	0.000000
AY495321	V12	V	V12	V12	1.0000	1-16569	1	1	unique	41736	9745	0	0.000000
AY495323	V2a1a	V	V2	V2	1.0000	1-16569	1	1	unique	41738	9745	0	0.000000
AY495325	V1a1	V	V1	V1	1.0000	1-16569	1	1	unique	41739	9745	0	0.000000
AY519490	C4b8a	C	C4	C4	1.0000	1-16569	1	1	unique	41744	9745	0	0.000000
AY519496	C1a	C	C1	C1	1.0000	1-16569	1	1	unique	41749	9745	0	0.000000
AY615359	C5b1a1	C	C5	C5	1.0000	1-16569	1	1	unique	41753	9745	0	0.000000
AY713976	HV12b	HV	HV12	HV12	1.0000	1-16569	1	1	unique	41755	9745	0	0.000000
AY713980	H13a2a	H	H13	H13	1.0000	1-16569	1	1	unique	41759	9745	0	0.000000
AY713991	R5a2b1	R	R5	R5	1.0000	1-16569	1	1	unique	41770	9745	0	0.000000
AY713997	R5a2b1	R	R5	R5	1.0000	1-16569	1	1	unique	41776	9745	0	0.000000
AY714003	U5a1b1f	U	U5	U5	1.0000	1-16569	1	1	unique	41782	9745	0	0.000000
AY714008	N1a2	N	N1	N1	1.0000	1-16569	1	1	unique	41787	9745	0	0.000000
AY714035	J1b1a1	J	J1	J1	1.0000	1-16569	1	1	unique	41814	9745	0	0.000000
AY738957	H8a1	H	H8	H8	1.0000	1-16569	1	1	unique	41837	9745	0	0.000000
AY738966	H7b1	H	H7	H7	1.0000	1-16569	1	1	unique	41843	9745	0	0.000000
AY738982	H1ab1	H	H1	H1	1.0000	1-16569	1	1	unique	41852	9745	0	0.000000
AY738987	H3	H	H3	H3	1.0000	1-16569	1	1	unique	41855	9745	0	0.000000
AY738994	H12a	H	H12	H12	1.0000	1-16569	1	1	unique	41858	9745	0	0.000000
AY882382	U2e1a1	U	U2	U2	1.0000	1-16569	1	1	unique	41863	9745	0	0.000000
AY882388	U4b1a1a1	U	U4	U4	1.0000	1-16569	1	1	unique	41867	9745	0	0.000000
AY882395	K1a26	K	K1	K1	1.0000	1-16569	1	1	unique	41874	9745	0	0.000000
AY882403	U5b1b1a	U	U5	U5	1.0000	1-16569	1	1	unique	41881	9745	0	0.000000
AY882407	U5b1b1b	U	U5	U5	1.0000	1-16569	1	1	unique	41884	9745	0	0.000000
AY882415	U5b2a2a1	U	U5	U5	1.0000	1-16569	1	1	unique	41890	9745	0	0.000000
AY882416	U6a2a2a	U	U6	U6	1.0000	1-16569	1	1	unique	41891	9745	0	0.000000
AY922253	M44a	M	M44	M44	1.0000	1-16569	1	1	unique	41892	9745	0	0.000000
AY922259	M5a2	M	M5	M5	1.0000	1-16569	1	1	unique	41898	9745	0	0.000000
AY922260	M5a2	M	M5	M5	1.0000	1-16569	1	1	unique	41899	9745	0	0.000000
AY922284	M36b	M	M36	M36	1.0000	1-16569	1	1	unique	41923	9745	0	0.000000
AY950286	B5a1a1	B	B5	B5	1.0000	1-16569	1	1	unique	41948	9745	0	0.000000
AY950298	M31a1a	M	M31	M31	1.0000	1-16569	1	1	unique	41951	9745	0	0.000000
AY963574	B4a1a1aa	B	B4	B4	1.0000	1-16569	1	1	unique	41954	9745	0	0.000000
DQ137403	M27b1	M	M27	M27	1.0000	1-16569	1	1	unique	42071	9745	0	0.000000
DQ137408	M29a	M	M29	M29	1.0000	1-16569	1	1	unique	42073	9745	0	0.000000
DQ137411	M27a1a1	M	M27	M27	1.0000	1-16569	1	1	unique	42075	9745	0	0.000000
DQ149515	M31a1b	M	M31	M31	1.0000	1-16569	1	1	unique	42077	9745	0	0.000000
DQ272108	G3a1a	G	G3	G3	1.0000	1-16569	1	1	unique	42085	9745	0	0.000000
DQ272113	D4o2a	D	D4	D4	1.0000	1-16569	1	1	unique	42088	9745	0	0.000000
DQ272123	A5a1a1	A	A5	A5	1.0000	1-16569	1	1	unique	42093	9745	0	0.000000
DQ282390	A2k1a	A	A2	A2	1.0000	1-16569	1	1	unique	42098	9745	0	0.000000
DQ282409	A2l	A	A2	A2	1.0000	1-16569	1	1	unique	42107	9745	0	0.000000
DQ282411	A2+(64)+@16111	A	A2	A2	1.0000	1-16569	1	1	unique	42108	9745	0	0.000000
DQ282433	A2d1a	A	A2	A2	1.0000	1-16569	1	1	unique	42115	9745	0	0.000000
DQ282438	B2c1	B	B2	B2	1.0000	1-16569	1	1	unique	42120	9745	0	0.000000
DQ282447	C1b2	C	C1	C1	1.0000	1-16569	1	1	unique	42126	9745	0	0.000000
DQ282465	C1c5	C	C1	C1	1.0000	1-16569	1	1	unique	42129	9745	0	0.000000
DQ282479	D1b	D	D1	D1	1.0000	1-16569	1	1	unique	42135	9745	0	0.000000
DQ282491	J1b6a	J	J1	J1	1.0000	1-16569	1	1	unique	42142	9745	0	0.000000
DQ282493	K2a8	K	K2	K2	1.0000	1-16569	1	1	unique	42143	9745	0	0.000000
DQ282505	L1b1a7a	L	L1	L1	1.0000	1-16569	1	1	unique	42145	9745	0	0.000000
DQ282508	U5b1b1b	U	U5	U5	1.0000	1-16569	1	1	unique	42147	9745	0	0.000000
DQ301814	K1a3a1a	K	K1	K1	1.0000	1-16569	1	1	unique	42154	9745	0	0.000000
DQ301815	K2a1a	K	K2	K2	1.0000	1-16569	1	1	unique	42155	9745	0	0.000000
DQ304906	L1b1a3a1	L	L1	L1	1.0000	1-16569	1	1	unique	42162	9745	0	0.000000
DQ304908	L1b1a3	L	L1	L1	1.0000	1-16569	1	1	unique	42164	9745	0	0.000000
DQ304914	L1b1a3a	L	L1	L1	1.0000	1-16569	1	1	unique	42165	9745	0	0.000000
DQ304941	L2a1n	L	L2	L2	1.0000	1-16569	1	1	unique	42174	9745	0	0.000000
DQ304976	L2a1a2a1a	L	L2	L2	1.0000	1-16569	1	1	unique	42187	9745	0	0.000000
DQ304978	L2b1a3	L	L2	L2	1.0000	1-16569	1	1	unique	42188	9745	0	0.000000
DQ304988	L2c2a	L	L2	L2	1.0000	1-16569	1	1	unique	42189	9745	0	0.000000
DQ304991	L3b1a11	L	L3	L3	1.0000	1-16569	1	1	unique	42191	9745	0	0.000000
DQ304998	L3e2b+152	L	L3	L3	1.0000	1-16569	1	1	unique	42193	9745	0	0.000000
DQ305011	L3e3b	L	L3	L3	1.0000	1-16569	1	1	unique	42199	9745	0	0.000000
DQ305025	L3e2a1b3	L	L3	L3	1.0000	1-16569	1	1	unique	42205	9745	0	0.000000
DQ305026	L3e2a1a	L	L3	L3	1.0000	1-16569	1	1	unique	42206	9745	0	0.000000
DQ305036	L3f1b1a	L	L3	L3	1.0000	1-16569	1	1	unique	42210	9745	0	0.000000
DQ372871	B4a1a	B	B4	B4	1.0000	1-16569	1	1	unique	42237	9745	0	0.000000
DQ372885	Q1f1	Q	Q1	Q1	1.0000	1-16569	1	1	unique	42243	9745	0	0.000000
DQ404446	P8	P	P8	P8	1.0000	1-16569	1	1	unique	42248	9745	0	0.000000
DQ408679	M4b	M	M4	M4	1.0000	1-16569	1	1	unique	42253	9745	0	0.000000
DQ513521	M41b	M	M41	M41	1.0000	1-16569	1	1	unique	42257	9745	0	0.000000
DQ523621	U1a1c1c1	U	U1	U1	1.0000	1-16569	1	1	unique	42261	9745	0	0.000000
DQ523622	H3	H	H3	H3	1.0000	1-16569	1	1	unique	42262	9745	0	0.000000
DQ523630	K1a+195	K	K1	K1	1.0000	1-16569	1	1	unique	42270	9745	0	0.000000
DQ523631	X2c	X	X2	X2	1.0000	1-16569	1	1	unique	42271	9745	0	0.000000
DQ523634	U1a1c1c1	U	U1	U1	1.0000	1-16569	1	1	unique	42274	9745	0	0.000000
DQ523637	X2c2	X	X2	X2	1.0000	1-16569	1	1	unique	42277	9745	0	0.000000
DQ523646	H4a1d	H	H4	H4	1.0000	1-16569	1	1	unique	42286	9745	0	0.000000
DQ523652	H3	H	H3	H3	1.0000	1-16569	1	1	unique	42292	9745	0	0.000000
DQ523662	H3x1	H	H3	H3	1.0000	1-16569	1	1	unique	42302	9745	0	0.000000
DQ779928	M1a1b1b	M	M1	M1	1.0000	1-16569	1	1	unique	42325	9745	0	0.000000
DQ856316	HV1b2	HV	HV1	HV1	1.0000	1-16569	1	1	unique	42331	9745	0	0.000000
DQ902696	U5b1b1a1	U	U5	U5	1.0000	1-16569	1	1	unique	42333	9745	0	0.000000
DQ904330	U5a1a1a	U	U5	U5	1.0000	1-16569	1	1	unique	42340	9745	0	0.000000
DQ981469	R9b1a3	R	R9	R9	1.0000	1-16569	1	1	unique	42342	9745	0	0.000000
DQ981472	R9b1a1a	R	R9	R9	1.0000	1-16569	1	1	unique	42345	9745	0	0.000000
EF060322	M1a1c	M	M1	M1	1.0000	1-16569	1	1	unique	42374	9745	0	0.000000
EF060346	M1a4a	M	M1	M1	1.0000	1-16569	1	1	unique	42388	9745	0	0.000000
EF060351	M1a5	M	M1	M1	1.0000	1-16569	1	1	unique	42393	9745	0	0.000000
EF060358	M1b2b	M	M1	M1	1.0000	1-16569	1	1	unique	42399	9745	0	0.000000
EF061145	M28a2a	M	M28	M28	1.0000	1-16569	1	1	unique	42404	9745	0	0.000000
EF061146	Q3b	Q	Q3	Q3	1.0000	1-16569	1	1	unique	42405	9745	0	0.000000
EF064337	U6a7a1b	U	U6	U6	1.0000	1-16569	1	1	unique	42431	9745	0	0.000000
EF064342	U6d1b	U	U6	U6	1.0000	1-16569	1	1	unique	42436	9745	0	0.000000
EF093536	E1a1c	E	E1	E1	1.0000	1-16569	1	1	unique	42442	9745	0	0.000000
EF093539	E1a1a	E	E1	E1	1.0000	1-16569	1	1	unique	42445	9745	0	0.000000
EF093548	E1a1b3	E	E1	E1	1.0000	1-16569	1	1	unique	42449	9745	0	0.000000
EF153793	X2e2a1	X	X2	X2	1.0000	1-16569	1	1	unique	42481	9745	0	0.000000
EF153807	A2b1	A	A2	A2	1.0000	1-16569	1	1	unique	42495	9745	0	0.000000
EF153808	A2a	A	A2	A2	1.0000	1-16569	1	1	unique	42496	9745	0	0.000000
EF153809	A2b	A	A2	A2	1.0000	1-16569	1	1	unique	42497	9745	0	0.000000
EF153816	A5c	A	A5	A5	1.0000	1-16569	1	1	unique	42504	9745	0	0.000000
EF153820	M7b1a1+(16192)	M	M7	M7	1.0000	1-16569	1	1	unique	42508	9745	0	0.000000
EF177410	T2e	T	T2	T2	1.0000	1-16569	1	1	unique	42527	9745	0	0.000000
EF177415	K1b1a2	K	K1	K1	1.0000	1-16569	1	1	unique	42532	9745	0	0.000000
EF177416	K1a4f1	K	K1	K1	1.0000	1-16569	1	1	unique	42533	9745	0	0.000000
EF177421	H1as1a	H	H1	H1	1.0000	1-16569	1	1	unique	42538	9745	0	0.000000
EF177428	H1e1a	H	H1	H1	1.0000	1-16569	1	1	unique	42545	9745	0	0.000000
EF177444	T2b1	T	T2	T2	1.0000	1-16569	1	1	unique	42611	9745	0	0.000000
EF185795	E1a2+(16261)	E	E1	E1	1.0000	1-16569	1	1	unique	42618	9745	0	0.000000
EF185804	E1a1a1a	E	E1	E1	1.0000	1-16569	1	1	unique	42619	9745	0	0.000000
EF185810	E2b1	E	E2	E2	1.0000	1-16569	1	1	unique	42621	9745	0	0.000000
EF185816	E2b	E	E2	E2	1.0000	1-16569	1	1	unique	42625	9745	0	0.000000
EF222235	U4a2h	U	U4	U4	1.0000	1-16569	1	1	unique	42628	9745	0	0.000000
EF222236	U4a2a1	U	U4	U4	1.0000	1-16569	1	1	unique	42629	9745	0	0.000000
EF222244	R1a1a1a	R	R1	R1	1.0000	1-16569	1	1	unique	42634	9745	0	0.000000
EF222249	U4a2a	U	U4	U4	1.0000	1-16569	1	1	unique	42638	9745	0	0.000000
EF222252	U4a2c1	U	U4	U4	1.0000	1-16569	1	1	unique	42640	9745	0	0.000000
EF397559	A24	A	A24	A24	1.0000	1-16569	1	1	unique	42644	9745	0	0.000000
EF418606	H2a2b1a1	H	H2	H2	1.0000	1-16569	1	1	unique	42649	9745	0	0.000000
EF419890	HV5a	HV	HV5	HV5	1.0000	1-16569	1	1	unique	42650	9745	0	0.000000
EF429136	C7a2a	C	C7	C7	1.0000	1-16569	1	1	unique	42656	9745	0	0.000000
EF472971	H16b	H	H16	H16	1.0000	1-16569	1	1	unique	42662	9745	0	0.000000
EF495216	R14	R	R14	R14	1.0000	1-16569	1	1	unique	42669	9745	0	0.000000
EF495218	Q2b	Q	Q2	Q2	1.0000	1-16569	1	1	unique	42671	9745	0	0.000000
EF495220	S5	S	S5	S5	1.0000	1-16569	1	1	unique	42673	9745	0	0.000000
EF545566	H11a2a1	H	H11	H11	1.0000	1-16569	1	1	unique	42679	9745	0	0.000000
EF556154	W1d	W	W1	W1	1.0000	1-16569	1	1	unique	42684	9745	0	0.000000
EF556160	T2c1a1	T	T2	T2	1.0000	1-16569	1	1	unique	42688	9745	0	0.000000
EF556178	H6a1b1	H	H6	H6	1.0000	1-16569	1	1	unique	42702	9745	0	0.000000
EF556180	M1a1c	M	M1	M1	1.0000	1-16569	1	1	unique	42704	9745	0	0.000000
EF556181	H1e8	H	H1	H1	1.0000	1-16569	1	1	unique	42705	9745	0	0.000000
EF556184	H1p	H	H1	H1	1.0000	1-16569	1	1	unique	42707	9745	0	0.000000
EF556185	H6a1a1a	H	H6	H6	1.0000	1-16569	1	1	unique	42708	9745	0	0.000000
EF556187	H20a1a	H	H20	H20	1.0000	1-16569	1	1	unique	42710	9745	0	0.000000
EF556189	H25	H	H25	H25	1.0000	1-16569	1	1	unique	42712	9745	0	0.000000
EF556192	HV0b	HV	HV0	HV0	1.0000	1-16569	1	1	unique	42715	9745	0	0.000000
EF581833	H7b3	H	H7	H7	1.0000	1-16569	1	1	unique	42719	9745	0	0.000000
EF583177	J1b3a	J	J1	J1	1.0000	1-16569	1	1	unique	42721	9745	0	0.000000
EF649971	HV0a1a	HV	HV0	HV0	1.0000	1-16569	1	1	unique	42727	9745	0	0.000000
EF660914	H31	H	H31	H31	1.0000	1-16569	1	1	unique	42747	9745	0	0.000000
EF660923	H1ba1	H	H1	H1	1.0000	1-16569	1	1	unique	42752	9745	0	0.000000
EF660945	HV22	HV	HV22	HV22	1.0000	1-16569	1	1	unique	42763	9745	0	0.000000
EF661000	T1a1r	T	T1	T1	1.0000	1-16569	1	1	unique	42777	9745	0	0.000000
EU007837	A2b1	A	A2	A2	1.0000	1-16569	1	1	unique	42830	9745	0	0.000000
EU007840	A2b1	A	A2	A2	1.0000	1-16569	1	1	unique	42833	9745	0	0.000000
EU007844	A2a	A	A2	A2	1.0000	1-16569	1	1	unique	42837	9745	0	0.000000
EU007846	H34	H	H34	H34	1.0000	1-16569	1	1	unique	42839	9745	0	0.000000
EU007850	C5a2b1	C	C5	C5	1.0000	1-16569	1	1	unique	42843	9745	0	0.000000
EU007860	D5a2a2	D	D5	D5	1.0000	1-16569	1	1	unique	42848	9745	0	0.000000
EU007861	C4a2a1	C	C4	C4	1.0000	1-16569	1	1	unique	42849	9745	0	0.000000
EU007877	D4j2a	D	D4	D4	1.0000	1-16569	1	1	unique	42860	9745	0	0.000000
EU007878	H27a	H	H27	H27	1.0000	1-16569	1	1	unique	42861	9745	0	0.000000
EU007884	A2a1	A	A2	A2	1.0000	1-16569	1	1	unique	42864	9745	0	0.000000
EU007886	A2a3	A	A2	A2	1.0000	1-16569	1	1	unique	42865	9745	0	0.000000
EU073970	J1c6a	J	J1	J1	1.0000	1-16569	1	1	unique	42875	9745	0	0.000000
EU073971	H10a1a1	H	H10	H10	1.0000	1-16569	1	1	unique	42876	9745	0	0.000000
EU095218	B2i1	B	B2	B2	1.0000	1-16569	1	1	unique	43062	9745	0	0.000000
EU095226	C1b	C	C1	C1	1.0000	1-16569	1	1	unique	43064	9745	0	0.000000
EU095229	C1b6	C	C1	C1	1.0000	1-16569	1	1	unique	43065	9745	0	0.000000
EU095242	X2a1b1a	X	X2	X2	1.0000	1-16569	1	1	unique	43074	9745	0	0.000000
EU095526	A2a5	A	A2	A2	1.0000	1-16569	1	1	unique	43078	9745	0	0.000000
EU095547	A2a1	A	A2	A2	1.0000	1-16569	1	1	unique	43091	9745	0	0.000000
EU095550	B2d	B	B2	B2	1.0000	1-16569	1	1	unique	43093	9745	0	0.000000
EU140330	U5a1b1c	U	U5	U5	1.0000	1-16569	1	1	unique	43099	9745	0	0.000000
EU148452	H1e4a	H	H1	H1	1.0000	1-16569	1	1	unique	43101	9745	0	0.000000
EU151553	H7	H	H7	H7	1.0000	1-16569	1	1	unique	43103	9745	0	0.000000
EU170619	H16a	H	H16	H16	1.0000	1-16569	1	1	unique	43159	9745	0	0.000000
EU182656	U5b2a1b	U	U5	U5	1.0000	1-16569	1	1	unique	43160	9745	0	0.000000
EU200347	H4a1a1a1a	H	H4	H4	1.0000	1-16569	1	1	unique	43161	9745	0	0.000000
EU219920	H1b1+16362	H	H1	H1	1.0000	1-16569	1	1	unique	43170	9745	0	0.000000
EU244000	U5b2a1a1d	U	U5	U5	1.0000	1-16569	1	1	unique	43173	9745	0	0.000000
EU282416	H73a1	H	H73	H73	1.0000	1-16569	1	1	unique	43191	9745	0	0.000000
EU284668	J1c12	J	J1	J1	1.0000	1-16569	1	1	unique	43193	9745	0	0.000000
EU327891	C1c8	C	C1	C1	1.0000	1-16569	1	1	unique	43198	9745	0	0.000000
EU327986	K2a2a1	K	K2	K2	1.0000	1-16569	1	1	unique	43199	9745	0	0.000000
EU369376	H1a	H	H1	H1	1.0000	1-16569	1	1	unique	43203	9745	0	0.000000
EU372627	H5a1j	H	H5	H5	1.0000	1-16569	1	1	unique	43206	9745	0	0.000000
EU372659	K1b2a2	K	K1	K1	1.0000	1-16569	1	1	unique	43208	9745	0	0.000000
EU431085	C1b4	C	C1	C1	1.0000	1-16569	1	1	unique	43215	9745	0	0.000000
EU439939	X2a1	X	X2	X2	1.0000	1-16569	1	1	unique	43218	9745	0	0.000000
EU443449	M2b3a	M	M2	M2	1.0000	1-16569	1	1	unique	43223	9745	0	0.000000
EU443454	M2a1b	M	M2	M2	1.0000	1-16569	1	1	unique	43225	9745	0	0.000000
EU443467	M2a1a3a1	M	M2	M2	1.0000	1-16569	1	1	unique	43230	9745	0	0.000000
EU443472	M2a1a1	M	M2	M2	1.0000	1-16569	1	1	unique	43233	9745	0	0.000000
EU443473	M2a1a1a1	M	M2	M2	1.0000	1-16569	1	1	unique	43234	9745	0	0.000000
EU443477	M2a1a2a1	M	M2	M2	1.0000	1-16569	1	1	unique	43236	9745	0	0.000000
EU443483	M2b1a	M	M2	M2	1.0000	1-16569	1	1	unique	43239	9745	0	0.000000
EU443496	M2b1b	M	M2	M2	1.0000	1-16569	1	1	unique	43245	9745	0	0.000000
EU443507	M2a1a1b	M	M2	M2	1.0000	1-16569	1	1	unique	43253	9745	0	0.000000
EU443509	M2a1a1b1	M	M2	M2	1.0000	1-16569	1	1	unique	43255	9745	0	0.000000
EU482304	C4b1	C	C4	C4	1.0000	1-16569	1	1	unique	43262	9745	0	0.000000
EU482306	C5a2b	C	C5	C5	1.0000	1-16569	1	1	unique	43264	9745	0	0.000000
EU482308	D4i2	D	D4	D4	1.0000	1-16569	1	1	unique	43265	9745	0	0.000000
EU482309	D5a2a2	D	D5	D5	1.0000	1-16569	1	1	unique	43266	9745	0	0.000000
EU482310	C4b3a	C	C4	C4	1.0000	1-16569	1	1	unique	43267	9745	0	0.000000
EU482313	C4b7	C	C4	C4	1.0000	1-16569	1	1	unique	43268	9745	0	0.000000
EU482314	C4b	C	C4	C4	1.0000	1-16569	1	1	unique	43269	9745	0	0.000000
EU482316	D3	D	D3	D3	1.0000	1-16569	1	1	unique	43271	9745	0	0.000000
EU482318	D4l2a2	D	D4	D4	1.0000	1-16569	1	1	unique	43272	9745	0	0.000000
EU482323	C4a2a1a	C	C4	C4	1.0000	1-16569	1	1	unique	43273	9745	0	0.000000
EU482337	D4j8	D	D4	D4	1.0000	1-16569	1	1	unique	43280	9745	0	0.000000
EU482369	D4j4	D	D4	D4	1.0000	1-16569	1	1	unique	43288	9745	0	0.000000
EU482371	C4a1a3a1	C	C4	C4	1.0000	1-16569	1	1	unique	43290	9745	0	0.000000
EU482375	C4b6	C	C4	C4	1.0000	1-16569	1	1	unique	43291	9745	0	0.000000
EU482379	D4j10	D	D4	D4	1.0000	1-16569	1	1	unique	43293	9745	0	0.000000
EU523128	U5a1a1	U	U5	U5	1.0000	1-16569	1	1	unique	43301	9745	0	0.000000
EU545415	U4b1a2a	U	U4	U4	1.0000	1-16569	1	1	unique	43302	9745	0	0.000000
EU545421	U4a2d	U	U4	U4	1.0000	1-16569	1	1	unique	43306	9745	0	0.000000
EU545422	HV9a	HV	HV9	HV9	1.0000	1-16569	1	1	unique	43307	9745	0	0.000000
EU545423	U4a3a	U	U4	U4	1.0000	1-16569	1	1	unique	43308	9745	0	0.000000
EU545428	U4a1c	U	U4	U4	1.0000	1-16569	1	1	unique	43313	9745	0	0.000000
EU545430	U4a2	U	U4	U4	1.0000	1-16569	1	1	unique	43315	9745	0	0.000000
EU545437	R1a1a1	R	R1	R1	1.0000	1-16569	1	1	unique	43319	9745	0	0.000000
EU545438	U4d1b	U	U4	U4	1.0000	1-16569	1	1	unique	43320	9745	0	0.000000
EU545454	HV6a	HV	HV6	HV6	1.0000	1-16569	1	1	unique	43329	9745	0	0.000000
EU545457	HV8	HV	HV8	HV8	1.0000	1-16569	1	1	unique	43330	9745	0	0.000000
EU545459	U4a1b1	U	U4	U4	1.0000	1-16569	1	1	unique	43331	9745	0	0.000000
EU545461	U4a2a2	U	U4	U4	1.0000	1-16569	1	1	unique	43333	9745	0	0.000000
EU545465	U4c1	U	U4	U4	1.0000	1-16569	1	1	unique	43335	9745	0	0.000000
EU570217	I2	I	I2	I2	1.0000	1-16569	1	1	unique	43345	9745	0	0.000000
EU571946	U4b1a3a	U	U4	U4	1.0000	1-16569	1	1	unique	43346	9745	0	0.000000
EU600325	X2h	X	X2	X2	1.0000	1-16569	1	1	unique	43409	9745	0	0.000000
EU600331	H20b	H	H20	H20	1.0000	1-16569	1	1	unique	43415	9745	0	0.000000
EU600335	H29a	H	H29	H29	1.0000	1-16569	1	1	unique	43419	9745	0	0.000000
EU600336	H33	H	H33	H33	1.0000	1-16569	1	1	unique	43420	9745	0	0.000000
EU600349	H4b1	H	H4	H4	1.0000	1-16569	1	1	unique	43433	9745	0	0.000000
EU600352	H4b1	H	H4	H4	1.0000	1-16569	1	1	unique	43436	9745	0	0.000000
EU600368	K1a5a	K	K1	K1	1.0000	1-16569	1	1	unique	43451	9745	0	0.000000
EU660536	D2a	D	D2	D2	1.0000	1-16569	1	1	unique	43457	9745	0	0.000000
EU664586	H4a1a4b	H	H4	H4	1.0000	1-16569	1	1	unique	43461	9745	0	0.000000
EU670874	H28a	H	H28	H28	1.0000	1-16569	1	1	unique	43462	9745	0	0.000000
EU677750	H5e1a	H	H5	H5	1.0000	1-16569	1	1	unique	43467	9745	0	0.000000
EU682394	T2b15	T	T2	T2	1.0000	1-16569	1	1	unique	43468	9745	0	0.000000
EU684000	H26a1	H	H26	H26	1.0000	1-16569	1	1	unique	43470	9745	0	0.000000
EU725607	A2b1	A	A2	A2	1.0000	1-16569	1	1	unique	43478	9745	0	0.000000
EU725621	D2a1	D	D2	D2	1.0000	1-16569	1	1	unique	43480	9745	0	0.000000
EU744542	T2b19	T	T2	T2	1.0000	1-16569	1	1	unique	43488	9745	0	0.000000
EU747355	H1a3	H	H1	H1	1.0000	1-16569	1	1	unique	43491	9745	0	0.000000
EU747356	T2b+152	T	T2	T2	1.0000	1-16569	1	1	unique	43492	9745	0	0.000000
EU768844	H1k1	H	H1	H1	1.0000	1-16569	1	1	unique	43493	9745	0	0.000000
EU770202	H1k1a	H	H1	H1	1.0000	1-16569	1	1	unique	43494	9745	0	0.000000
EU779660	H1k1a	H	H1	H1	1.0000	1-16569	1	1	unique	43496	9745	0	0.000000
EU810403	K1f	K	K1	K1	1.0000	1-16569	1	1	unique	43502	9745	0	0.000000
EU828638	D4h2	D	D4	D4	1.0000	1-16569	1	1	unique	43503	9745	0	0.000000
EU862198	J2b1b1	J	J2	J2	1.0000	1-16569	1	1	unique	43505	9745	0	0.000000
EU935434	L0a1b1a	L	L0	L0	1.0000	1-16569	1	1	unique	43514	9745	0	0.000000
EU935442	T2g1a	T	T2	T2	1.0000	1-16569	1	1	unique	43517	9745	0	0.000000
EU935450	X2j	X	X2	X2	1.0000	1-16569	1	1	unique	43519	9745	0	0.000000
EU935451	L3f1b2a	L	L3	L3	1.0000	1-16569	1	1	unique	43520	9745	0	0.000000
FJ004804	R7a1b2	R	R7	R7	1.0000	1-16569	1	1	unique	43529	9745	0	0.000000
FJ004817	R7b1	R	R7	R7	1.0000	1-16569	1	1	unique	43539	9745	0	0.000000
FJ004821	R7b1a1	R	R7	R7	1.0000	1-16569	1	1	unique	43541	9745	0	0.000000
FJ004822	R5a1a	R	R5	R5	1.0000	1-16569	1	1	unique	43542	9745	0	0.000000
FJ004825	R31a1	R	R31	R31	1.0000	1-16569	1	1	unique	43545	9745	0	0.000000
FJ004831	R7a1b1	R	R7	R7	1.0000	1-16569	1	1	unique	43550	9745	0	0.000000
FJ004834	R5a2b4	R	R5	R5	1.0000	1-16569	1	1	unique	43552	9745	0	0.000000
FJ147306	X2e2a1	X	X2	X2	1.0000	1-16569	1	1	unique	43558	9745	0	0.000000
FJ147313	U4b1a4	U	U4	U4	1.0000	1-16569	1	1	unique	43564	9745	0	0.000000
FJ147319	D4p	D	D4	D4	1.0000	1-16569	1	1	unique	43568	9745	0	0.000000
FJ161702	H2a1d	H	H2	H2	1.0000	1-16569	1	1	unique	43573	9745	0	0.000000
FJ168712	D4h3b	D	D4	D4	1.0000	1-16569	1	1	unique	43574	9745	0	0.000000
FJ168717	D4h3a1a1	D	D4	D4	1.0000	1-16569	1	1	unique	43579	9745	0	0.000000
FJ168719	D4h3a1a2	D	D4	D4	1.0000	1-16569	1	1	unique	43581	9745	0	0.000000
FJ168720	D4h3a1a2	D	D4	D4	1.0000	1-16569	1	1	unique	43582	9745	0	0.000000
FJ168735	D4h3a4	D	D4	D4	1.0000	1-16569	1	1	unique	43597	9745	0	0.000000
FJ168736	D4h3a4	D	D4	D4	1.0000	1-16569	1	1	unique	43598	9745	0	0.000000
FJ168737	D4h3a4	D	D4	D4	1.0000	1-16569	1	1	unique	43599	9745	0	0.000000
FJ168756	X2g	X	X2	X2	1.0000	1-16569	1	1	unique	43618	9745	0	0.000000
FJ168759	X2a1a	X	X2	X2	1.0000	1-16569	1	1	unique	43621	9745	0	0.000000
FJ168761	X2a1b	X	X2	X2	1.0000	1-16569	1	1	unique	43623	9745	0	0.000000
FJ168763	X2a1b1a	X	X2	X2	1.0000	1-16569	1	1	unique	43625	9745	0	0.000000
FJ168765	X2a1	X	X2	X2	1.0000	1-16569	1	1	unique	43627	9745	0	0.000000
FJ190383	J1c2r	J	J1	J1	1.0000	1-16569	1	1	unique	43630	9745	0	0.000000
FJ213450	J1b1a1a	J	J1	J1	1.0000	1-16569	1	1	unique	43639	9745	0	0.000000
FJ230891	U4d2	U	U4	U4	1.0000	1-16569	1	1	unique	43642	9745	0	0.000000
FJ238053	H2a1	H	H2	H2	1.0000	1-16569	1	1	unique	43643	9745	0	0.000000
FJ348166	H36	H	H36	H36	1.0000	1-16569	1	1	unique	43649	9745	0	0.000000
FJ348173	V18	V	V18	V18	1.0000	1-16569	1	1	unique	43650	9745	0	0.000000
FJ348192	H27b	H	H27	H27	1.0000	1-16569	1	1	unique	43710	9745	0	0.000000
FJ348196	H1n+146	H	H1	H1	1.0000	1-16569	1	1	unique	43713	9745	0	0.000000
FJ384433	H5r1	H	H5	H5	1.0000	1-16569	1	1	unique	44426	9745	0	0.000000
FJ384434	H5r1	H	H5	H5	1.0000	1-16569	1	1	unique	44427	9745	0	0.000000
FJ384435	T2b	T	T2	T2	1.0000	1-16569	1	1	unique	44428	9745	0	0.000000
FJ384436	T2b	T	T2	T2	1.0000	1-16569	1	1	unique	44429	9745	0	0.000000
FJ428236	E1a2	E	E1	E1	1.0000	1-16569	1	1	unique	44436	9745	0	0.000000
FJ449571	J1c2c1	J	J1	J1	1.0000	1-16569	1	1	unique	44443	9745	0	0.000000
FJ460532	H1v	H	H1	H1	1.0000	1-16569	1	1	unique	44453	9745	0	0.000000
FJ460537	L1b1a12a	L	L1	L1	1.0000	1-16569	1	1	unique	44456	9745	0	0.000000
FJ460549	L2a1c4a	L	L2	L2	1.0000	1-16569	1	1	unique	44460	9745	0	0.000000
FJ460550	H3w	H	H3	H3	1.0000	1-16569	1	1	unique	44461	9745	0	0.000000
FJ460558	U5a2c1	U	U5	U5	1.0000	1-16569	1	1	unique	44463	9745	0	0.000000
FJ460562	I1a1	I	I1	I1	1.0000	1-16569	1	1	unique	44467	9745	0	0.000000
FJ467943	R8a1a1a2	R	R8	R8	1.0000	1-16569	1	1	unique	44472	9745	0	0.000000
FJ467968	R8a1b	R	R8	R8	1.0000	1-16569	1	1	unique	44482	9745	0	0.000000
FJ467974	R8a1a2a	R	R8	R8	1.0000	1-16569	1	1	unique	44486	9745	0	0.000000
FJ493504	U2e1h	U	U2	U2	1.0000	1-16569	1	1	unique	44495	9745	0	0.000000
FJ493506	U4a1d	U	U4	U4	1.0000	1-16569	1	1	unique	44496	9745	0	0.000000
FJ493512	Z1a1a	Z	Z1	Z1	1.0000	1-16569	1	1	unique	44499	9745	0	0.000000
FJ499471	J1c2s1	J	J1	J1	1.0000	1-16569	1	1	unique	44504	9745	0	0.000000
FJ499497	U5b1e1a	U	U5	U5	1.0000	1-16569	1	1	unique	44506	9745	0	0.000000
FJ527772	H2a5a1a	H	H2	H2	1.0000	1-16569	1	1	unique	44508	9745	0	0.000000
FJ543390	W1e1	W	W1	W1	1.0000	1-16569	1	1	unique	44512	9745	0	0.000000
FJ705809	A2f1a	A	A2	A2	1.0000	1-16569	1	1	unique	44538	9745	0	0.000000
FJ711758	U3b1b	U	U3	U3	1.0000	1-16569	1	1	unique	44539	9745	0	0.000000
FJ770947	M38d	M	M38	M38	1.0000	1-16569	1	1	unique	44608	9745	0	0.000000
FJ770954	M43a1	M	M43	M43	1.0000	1-16569	1	1	unique	44615	9745	0	0.000000
FJ770963	M38e	M	M38	M38	1.0000	1-16569	1	1	unique	44624	9745	0	0.000000
FJ794473	H5b1	H	H5	H5	1.0000	1-16569	1	1	unique	44637	9745	0	0.000000
FJ842614	H2a1e1a	H	H2	H2	1.0000	1-16569	1	1	unique	44641	9745	0	0.000000
FJ858877	U4b1b1+16311	U	U4	U4	1.0000	1-16569	1	1	unique	44644	9745	0	0.000000
FJ858880	D4e4a1	D	D4	D4	1.0000	1-16569	1	1	unique	44646	9745	0	0.000000
FJ858889	D4c2b	D	D4	D4	1.0000	1-16569	1	1	unique	44650	9745	0	0.000000
FJ865560	V9a1	V	V9	V9	1.0000	1-16569	1	1	unique	44652	9745	0	0.000000
FJ940865	H1i1	H	H1	H1	1.0000	1-16569	1	1	unique	44656	9745	0	0.000000
FJ951440	C5d1	C	C5	C5	1.0000	1-16569	1	1	unique	44659	9745	0	0.000000
FJ951442	C4a1a3	C	C4	C4	1.0000	1-16569	1	1	unique	44661	9745	0	0.000000
FJ951447	C4b3	C	C4	C4	1.0000	1-16569	1	1	unique	44666	9745	0	0.000000
FJ951448	D4p	D	D4	D4	1.0000	1-16569	1	1	unique	44667	9745	0	0.000000
FJ951451	C4b6	C	C4	C4	1.0000	1-16569	1	1	unique	44670	9745	0	0.000000
FJ951452	C5c1	C	C5	C5	1.0000	1-16569	1	1	unique	44671	9745	0	0.000000
FJ951457	C5a2a	C	C5	C5	1.0000	1-16569	1	1	unique	44676	9745	0	0.000000
FJ951463	C4a1a3a	C	C4	C4	1.0000	1-16569	1	1	unique	44682	9745	0	0.000000
FJ951465	D5a2a2	D	D5	D5	1.0000	1-16569	1	1	unique	44684	9745	0	0.000000
FJ951473	C5b1a1	C	C5	C5	1.0000	1-16569	1	1	unique	44692	9745	0	0.000000
FJ951476	C4b1	C	C4	C4	1.0000	1-16569	1	1	unique	44695	9745	0	0.000000
FJ951492	D4j7a	D	D4	D4	1.0000	1-16569	1	1	unique	44711	9745	0	0.000000
FJ951496	C5b1b	C	C5	C5	1.0000	1-16569	1	1	unique	44715	9745	0	0.000000
FJ951499	D4b2b1	D	D4	D4	1.0000	1-16569	1	1	unique	44718	9745	0	0.000000
FJ951514	D4b2d	D	D4	D4	1.0000	1-16569	1	1	unique	44733	9745	0	0.000000
FJ951515	C5a1	C	C5	C5	1.0000	1-16569	1	1	unique	44734	9745	0	0.000000
FJ951523	D4j9	D	D4	D4	1.0000	1-16569	1	1	unique	44742	9745	0	0.000000
FJ951534	D4h1d	D	D4	D4	1.0000	1-16569	1	1	unique	44753	9745	0	0.000000
FJ951549	D4f1	D	D4	D4	1.0000	1-16569	1	1	unique	44818	9745	0	0.000000
FJ951554	D4n2	D	D4	D4	1.0000	1-16569	1	1	unique	44823	9745	0	0.000000
FJ951558	D3	D	D3	D3	1.0000	1-16569	1	1	unique	44827	9745	0	0.000000
FJ951561	C4b	C	C4	C4	1.0000	1-16569	1	1	unique	44830	9745	0	0.000000
FJ951564	D4e4a1	D	D4	D4	1.0000	1-16569	1	1	unique	44833	9745	0	0.000000
FJ951567	D5a2a2	D	D5	D5	1.0000	1-16569	1	1	unique	44836	9745	0	0.000000
FJ951570	D4l2a2	D	D4	D4	1.0000	1-16569	1	1	unique	44839	9745	0	0.000000
FJ951580	C4b5	C	C4	C4	1.0000	1-16569	1	1	unique	44849	9745	0	0.000000
FJ951585	D4j9	D	D4	D4	1.0000	1-16569	1	1	unique	44854	9745	0	0.000000
FJ951586	C5b1a1	C	C5	C5	1.0000	1-16569	1	1	unique	44855	9745	0	0.000000
FJ951588	D2b1	D	D2	D2	1.0000	1-16569	1	1	unique	44857	9745	0	0.000000
FJ951590	D4b2b1+146	D	D4	D4	1.0000	1-16569	1	1	unique	44859	9745	0	0.000000
FJ951596	C5a2b	C	C5	C5	1.0000	1-16569	1	1	unique	44865	9745	0	0.000000
FJ951597	C5a2b	C	C5	C5	1.0000	1-16569	1	1	unique	44866	9745	0	0.000000
FJ951598	C4b2a	C	C4	C4	1.0000	1-16569	1	1	unique	44867	9745	0	0.000000
FJ951606	C5c1a	C	C5	C5	1.0000	1-16569	1	1	unique	44875	9745	0	0.000000
FJ951608	C4a2a1	C	C4	C4	1.0000	1-16569	1	1	unique	44877	9745	0	0.000000
FJ951609	C4a2a1	C	C4	C4	1.0000	1-16569	1	1	unique	44878	9745	0	0.000000
FJ951615	D5a3a1a	D	D5	D5	1.0000	1-16569	1	1	unique	44884	9745	0	0.000000
FJ951616	D4e4b	D	D4	D4	1.0000	1-16569	1	1	unique	44885	9745	0	0.000000
FJ966912	H5a1p	H	H5	H5	1.0000	1-16569	1	1	unique	44888	9745	0	0.000000
GQ119009	F3b1a+16093	F	F3	F3	1.0000	1-16569	1	1	unique	44899	9745	0	0.000000
GQ119013	Y2a1	Y	Y2	Y2	1.0000	1-16569	1	1	unique	44903	9745	0	0.000000
GQ119016	Y2a	Y	Y2	Y2	1.0000	1-16569	1	1	unique	44905	9745	0	0.000000
GQ119027	E1a1	E	E1	E1	1.0000	1-16569	1	1	unique	44912	9745	0	0.000000
GQ119028	F1a1d	F	F1	F1	1.0000	1-16569	1	1	unique	44913	9745	0	0.000000
GQ129167	U5b3b1	U	U5	U5	1.0000	1-16569	1	1	unique	44935	9745	0	0.000000
GQ129179	U5b3f	U	U5	U5	1.0000	1-16569	1	1	unique	44942	9745	0	0.000000
GQ129180	U5b3f	U	U5	U5	1.0000	1-16569	1	1	unique	44943	9745	0	0.000000
GQ165466	H3i1	H	H3	H3	1.0000	1-16569	1	1	unique	44947	9745	0	0.000000
GQ301864	R23	R	R23	R23	1.0000	1-16569	1	1	unique	45264	9745	0	0.000000
GQ301865	M77	M	M77	M77	1.0000	1-16569	1	1	unique	45265	9745	0	0.000000
GQ301870	M51a2	M	M51	M51	1.0000	1-16569	1	1	unique	45270	9745	0	0.000000
GQ334692	H5a1+152	H	H5	H5	1.0000	1-16569	1	1	unique	45291	9745	0	0.000000
GQ398480	A2y	A	A2	A2	1.0000	1-16569	1	1	unique	45301	9745	0	0.000000
GQ478575	H1s	H	H1	H1	1.0000	1-16569	1	1	unique	45404	9745	0	0.000000
GQ888707	H1af1a	H	H1	H1	1.0000	1-16569	1	1	unique	45406	9745	0	0.000000
GQ888725	H1t2	H	H1	H1	1.0000	1-16569	1	1	unique	45408	9745	0	0.000000
GQ888731	HV4a2a	HV	HV4	HV4	1.0000	1-16569	1	1	unique	45411	9745	0	0.000000
GQ891957	U4b2a1	U	U4	U4	1.0000	1-16569	1	1	unique	45412	9745	0	0.000000
GQ895153	D4j1a2	D	D4	D4	1.0000	1-16569	1	1	unique	45426	9745	0	0.000000
GQ983061	H5r2	H	H5	H5	1.0000	1-16569	1	1	unique	45448	9745	0	0.000000
GQ983069	H5a3a+152	H	H5	H5	1.0000	1-16569	1	1	unique	45452	9745	0	0.000000
GQ983074	H5f	H	H5	H5	1.0000	1-16569	1	1	unique	45454	9745	0	0.000000
GQ983075	H5a1+16093	H	H5	H5	1.0000	1-16569	1	1	unique	45455	9745	0	0.000000
GQ983083	H5r	H	H5	H5	1.0000	1-16569	1	1	unique	45460	9745	0	0.000000
GQ983099	H5f	H	H5	H5	1.0000	1-16569	1	1	unique	45466	9745	0	0.000000
GQ983107	H5r	H	H5	H5	1.0000	1-16569	1	1	unique	45470	9745	0	0.000000
GQ999958	F2h	F	F2	F2	1.0000	1-16569	1	1	unique	45472	9745	0	0.000000
GU014565	A11a	A	A11	A11	1.0000	1-16569	1	1	unique	47695	9745	0	0.000000
GU122976	H10g	H	H10	H10	1.0000	1-16569	1	1	unique	47703	9745	0	0.000000
GU122977	H23	H	H23	H23	1.0000	1-16569	1	1	unique	47704	9745	0	0.000000
GU122979	V13	V	V13	V13	1.0000	1-16569	1	1	unique	47706	9745	0	0.000000
GU122980	T1a1	T	T1	T1	1.0000	1-16569	1	1	unique	47707	9745	0	0.000000
GU122981	D4e4b	D	D4	D4	1.0000	1-16569	1	1	unique	47708	9745	0	0.000000
GU122982	U4d1b	U	U4	U4	1.0000	1-16569	1	1	unique	47709	9745	0	0.000000
GU122983	H1b1a	H	H1	H1	1.0000	1-16569	1	1	unique	47710	9745	0	0.000000
GU122986	U3a1a	U	U3	U3	1.0000	1-16569	1	1	unique	47713	9745	0	0.000000
GU122990	HV0a1	HV	HV0	HV0	1.0000	1-16569	1	1	unique	47717	9745	0	0.000000
GU122992	N1b1a5	N	N1	N1	1.0000	1-16569	1	1	unique	47719	9745	0	0.000000
GU122996	H1c4b1	H	H1	H1	1.0000	1-16569	1	1	unique	47723	9745	0	0.000000
GU123008	J1c4	J	J1	J1	1.0000	1-16569	1	1	unique	47735	9745	0	0.000000
GU123020	H6a1a4	H	H6	H6	1.0000	1-16569	1	1	unique	47746	9745	0	0.000000
GU123021	U4d1a	U	U4	U4	1.0000	1-16569	1	1	unique	47747	9745	0	0.000000
GU123033	U4a2b	U	U4	U4	1.0000	1-16569	1	1	unique	47759	9745	0	0.000000
GU123041	U4b1b1c	U	U4	U4	1.0000	1-16569	1	1	unique	47767	9745	0	0.000000
GU207871	H1au1b	H	H1	H1	1.0000	1-16569	1	1	unique	47782	9745	0	0.000000
GU289555	H1c3b	H	H1	H1	1.0000	1-16569	1	1	unique	47787	9745	0	0.000000
GU294854	I2f	I	I2	I2	1.0000	1-16569	1	1	unique	47794	9745	0	0.000000
GU295448	K1a9	K	K1	K1	1.0000	1-16569	1	1	unique	47795	9745	0	0.000000
GU296552	U5b2a2a1	U	U5	U5	1.0000	1-16569	1	1	unique	47800	9745	0	0.000000
GU296557	U5a1a2a	U	U5	U5	1.0000	1-16569	1	1	unique	47801	9745	0	0.000000
GU296558	U5a1a1a	U	U5	U5	1.0000	1-16569	1	1	unique	47802	9745	0	0.000000
GU296562	U5a1b2	U	U5	U5	1.0000	1-16569	1	1	unique	47806	9745	0	0.000000
GU296564	U5a1a1a	U	U5	U5	1.0000	1-16569	1	1	unique	47808	9745	0	0.000000
GU296570	U5a1	U	U5	U5	1.0000	1-16569	1	1	unique	47814	9745	0	0.000000
GU296580	U5a2a1	U	U5	U5	1.0000	1-16569	1	1	unique	47819	9745	0	0.000000
GU296581	U5a1a1a	U	U5	U5	1.0000	1-16569	1	1	unique	47820	9745	0	0.000000
GU296592	U5a1b3	U	U5	U5	1.0000	1-16569	1	1	unique	47827	9745	0	0.000000
GU296601	U5a1a1+152	U	U5	U5	1.0000	1-16569	1	1	unique	47832	9745	0	0.000000
GU296615	U5a2a1	U	U5	U5	1.0000	1-16569	1	1	unique	47839	9745	0	0.000000
GU296619	U5a1b1b1	U	U5	U5	1.0000	1-16569	1	1	unique	47841	9745	0	0.000000
GU296621	U5b2a1a2	U	U5	U5	1.0000	1-16569	1	1	unique	47842	9745	0	0.000000
GU296626	U5a2a1b	U	U5	U5	1.0000	1-16569	1	1	unique	47845	9745	0	0.000000
GU296655	U5a1d2a1	U	U5	U5	1.0000	1-16569	1	1	unique	47861	9745	0	0.000000
GU366066	U6d1a	U	U6	U6	1.0000	1-16569	1	1	unique	47870	9745	0	0.000000
GU392096	G3a3	G	G3	G3	1.0000	1-16569	1	1	unique	47886	9745	0	0.000000
GU392104	M13a1b	M	M13	M13	1.0000	1-16569	1	1	unique	47888	9745	0	0.000000
GU451313	R1a1a2	R	R1	R1	1.0000	1-16569	1	1	unique	47889	9745	0	0.000000
GU459066	U5a1a1d	U	U5	U5	1.0000	1-16569	1	1	unique	47895	9745	0	0.000000
GU562438	U4a1b1	U	U4	U4	1.0000	1-16569	1	1	unique	47907	9745	0	0.000000
GU592019	J1c2c2a	J	J1	J1	1.0000	1-16569	1	1	unique	47910	9745	0	0.000000
GU592025	H65a	H	H65	H65	1.0000	1-16569	1	1	unique	47912	9745	0	0.000000
GU592038	H11a5	H	H11	H11	1.0000	1-16569	1	1	unique	47916	9745	0	0.000000
GU592045	HV11a	HV	HV11	HV11	1.0000	1-16569	1	1	unique	47917	9745	0	0.000000
GU592216	B4c2c	B	B4	B4	1.0000	1-16569	1	1	unique	47919	9745	0	0.000000
GU592217	B4c2c	B	B4	B4	1.0000	1-16569	1	1	unique	47920	9745	0	0.000000
GU733723	E1a1a1a	E	E1	E1	1.0000	1-16569	1	1	unique	47934	9745	0	0.000000
GU733724	B4b1a2c	B	B4	B4	1.0000	1-16569	1	1	unique	47935	9745	0	0.000000
GU733736	M7c1c3	M	M7	M7	1.0000	1-16569	1	1	unique	47947	9745	0	0.000000
GU733789	E1a1a1	E	E1	E1	1.0000	1-16569	1	1	unique	48000	9745	0	0.000000
GU797137	U5a2a1	U	U5	U5	1.0000	1-16569	1	1	unique	48039	9745	0	0.000000
GU810005	F1a1c1	F	F1	F1	1.0000	1-16569	1	1	unique	48045	9745	0	0.000000
GU810018	M50a1	M	M50	M50	1.0000	1-16569	1	1	unique	48048	9745	0	0.000000
GU810023	M50a1	M	M50	M50	1.0000	1-16569	1	1	unique	48050	9745	0	0.000000
GU810038	M46a	M	M46	M46	1.0000	1-16569	1	1	unique	48051	9745	0	0.000000
GU810062	R9b2	R	R9	R9	1.0000	1-16569	1	1	unique	48058	9745	0	0.000000
GU906781	J1c8a2	J	J1	J1	1.0000	1-16569	1	1	unique	48070	9745	0	0.000000
GU932663	T2f1a1	T	T2	T2	1.0000	1-16569	1	1	unique	48071	9745	0	0.000000
GU936958	K1c1	K	K1	K1	1.0000	1-16569	1	1	unique	48072	9745	0	0.000000
GU967378	U6a7a1a	U	U6	U6	1.0000	1-16569	1	1	unique	48078	9745	0	0.000000
GU977214	U5b1d1c	U	U5	U5	1.0000	1-16569	1	1	unique	48079	9745	0	0.000000
GU997629	H3v+16093	H	H3	H3	1.0000	1-16569	1	1	unique	48084	9745	0	0.000000
GWHBEHF01000001	D4h1c	D	D4	D4	1.0000	1-16569	1	1	deduped_identical	48225	9745	0	0.000000
HG00108	X2b+226	X	X2	X2	1.0000	1-16569	1	1	unique	74859	9745	0	0.000000
HG00110	H1e1a	H	H1	H1	1.0000	1-16569	1	1	unique	75535	9745	0	0.000000
HG00111	H1e2	H	H1	H1	1.0000	1-16569	1	1	unique	76950	9745	0	0.000000
HG00112	H5b2	H	H5	H5	1.0000	1-16569	1	1	unique	68311	9745	0	0.000000
HG00120	J1c5	J	J1	J1	1.0000	1-16569	1	1	unique	71843	9745	0	0.000000
HG00129	H3k1a	H	H3	H3	1.0000	1-16569	1	1	unique	72667	9745	0	0.000000
HG00136	T2b	T	T2	T2	1.0000	1-16569	1	1	unique	76465	9745	0	0.000000
HG00139	H4a1a4b	H	H4	H4	1.0000	1-16569	1	1	unique	69543	9745	0	0.000000
HG00146	U5a2a1	U	U5	U5	1.0000	1-16569	1	1	unique	68670	9745	0	0.000000
HG00148	W5a2	W	W5	W5	1.0000	1-16569	1	1	unique	74857	9745	0	0.000000
HG00149	H24a	H	H24	H24	1.0000	1-16569	1	1	unique	77521	9745	0	0.000000
HG00150	H1c1	H	H1	H1	1.0000	1-16569	1	1	unique	70726	9745	0	0.000000
HG00157	H5	H	H5	H5	1.0000	1-16569	1	1	unique	73730	9745	0	0.000000
HG00158	H1e2c	H	H1	H1	1.0000	1-16569	1	1	unique	74511	9745	0	0.000000
HG00171	V1a1a	V	V1	V1	1.0000	1-16569	1	1	unique	70404	9745	0	0.000000
HG00176	U8a1a1b1	U	U8	U8	1.0000	1-16569	1	1	unique	69613	9745	0	0.000000
HG00189	H1f1	H	H1	H1	1.0000	1-16569	1	1	unique	72505	9745	0	0.000000
HG00232	H1+16189	H	H1	H1	1.0000	1-16569	1	1	unique	72441	9745	0	0.000000
HG00242	U5b2a1b	U	U5	U5	1.0000	1-16569	1	1	unique	72003	9745	0	0.000000
HG00243	K2b1a2	K	K2	K2	1.0000	1-16569	1	1	unique	68662	9745	0	0.000000
HG00245	H3g1b	H	H3	H3	1.0000	1-16569	1	1	unique	75411	9745	0	0.000000
HG00257	J1c8a	J	J1	J1	1.0000	1-16569	1	1	unique	71388	9745	0	0.000000
HG00262	T2b13	T	T2	T2	1.0000	1-16569	1	1	unique	74297	9745	0	0.000000
HG00265	T2b19	T	T2	T2	1.0000	1-16569	1	1	unique	75878	9745	0	0.000000
HG00266	H1f1	H	H1	H1	1.0000	1-16569	1	1	unique	70570	9745	0	0.000000
HG00268	U5a2a1a	U	U5	U5	1.0000	1-16569	1	1	unique	75790	9745	0	0.000000
HG00269	H1a2	H	H1	H1	1.0000	1-16569	1	1	unique	74296	9745	0	0.000000
HG00280	X2c1	X	X2	X2	1.0000	1-16569	1	1	unique	72995	9745	0	0.000000
HG00282	V1a1a	V	V1	V1	1.0000	1-16569	1	1	unique	69732	9745	0	0.000000
HG00288	U5a1b1h	U	U5	U5	1.0000	1-16569	1	1	unique	70227	9745	0	0.000000
HG00308	W1a	W	W1	W1	1.0000	1-16569	1	1	unique	71301	9745	0	0.000000
HG00313	H1f1	H	H1	H1	1.0000	1-16569	1	1	unique	76900	9745	0	0.000000
HG00315	J1b1a1	J	J1	J1	1.0000	1-16569	1	1	unique	67927	9745	0	0.000000
HG00320	U5b1b1a	U	U5	U5	1.0000	1-16569	1	1	unique	69196	9745	0	0.000000
HG00324	H13a1a1d1	H	H13	H13	1.0000	1-16569	1	1	unique	70345	9745	0	0.000000
HG00325	H4a1a1a	H	H4	H4	1.0000	1-16569	1	1	unique	68241	9745	0	0.000000
HG00342	H1a8	H	H1	H1	1.0000	1-16569	1	1	unique	77104	9745	0	0.000000
HG00345	V1a1a	V	V1	V1	1.0000	1-16569	1	1	unique	68696	9745	0	0.000000
HG00353	H1b1d	H	H1	H1	1.0000	1-16569	1	1	unique	77050	9745	0	0.000000
HG00358	U5b1b1a	U	U5	U5	1.0000	1-16569	1	1	unique	74261	9745	0	0.000000
HG00361	H1b1i	H	H1	H1	1.0000	1-16569	1	1	unique	75808	9745	0	0.000000
HG00365	H1c	H	H1	H1	1.0000	1-16569	1	1	unique	76915	9745	0	0.000000
HG00371	X2c1	X	X2	X2	1.0000	1-16569	1	1	unique	74954	9745	0	0.000000
HG00376	U5b1b1a	U	U5	U5	1.0000	1-16569	1	1	unique	71019	9745	0	0.000000
HG00378	H1a2	H	H1	H1	1.0000	1-16569	1	1	unique	69040	9745	0	0.000000
HG00379	U5b1b1a	U	U5	U5	1.0000	1-16569	1	1	unique	73731	9745	0	0.000000
HG00380	H1a8a	H	H1	H1	1.0000	1-16569	1	1	unique	69545	9745	0	0.000000
HG00384	U5b1b1a	U	U5	U5	1.0000	1-16569	1	1	unique	74863	9745	0	0.000000
HG00583	D4a8	D	D4	D4	1.0000	1-16569	1	1	unique	71018	9745	0	0.000000
HG00592	N9a1	N	N9	N9	1.0000	1-16569	1	1	unique	70051	9745	0	0.000000
HG00637	A2k1a	A	A2	A2	1.0000	1-16569	1	1	unique	71323	9745	0	0.000000
HG00731	A2z	A	A2	A2	1.0000	1-16569	1	1	unique	68822	9745	0	0.000000
HG00759	M7c2b	M	M7	M7	1.0000	1-16569	1	1	unique	75568	9745	0	0.000000
HG01047	A2am	A	A2	A2	1.0000	1-16569	1	1	unique	75571	9745	0	0.000000
HG01060	A2k1a	A	A2	A2	1.0000	1-16569	1	1	unique	69629	9745	0	0.000000
HG01061	A2z	A	A2	A2	1.0000	1-16569	1	1	unique	70683	9745	0	0.000000
HG01062	A2z	A	A2	A2	1.0000	1-16569	1	1	unique	70943	9745	0	0.000000
HG01064	A2k1a	A	A2	A2	1.0000	1-16569	1	1	unique	71460	9745	0	0.000000
HG01083	A2z	A	A2	A2	1.0000	1-16569	1	1	unique	69952	9745	0	0.000000
HG01107	A2k1a	A	A2	A2	1.0000	1-16569	1	1	unique	69032	9745	0	0.000000
HG01110	A2k1a	A	A2	A2	1.0000	1-16569	1	1	unique	69033	9745	0	0.000000
HG01113	A2w	A	A2	A2	1.0000	1-16569	1	1	unique	76493	9745	0	0.000000
HG01114	A2w	A	A2	A2	1.0000	1-16569	1	1	unique	75953	9745	0	0.000000
HG01119	A2w	A	A2	A2	1.0000	1-16569	1	1	unique	71700	9745	0	0.000000
HG01122	A2+(64)+@16111	A	A2	A2	1.0000	1-16569	1	1	unique	69348	9745	0	0.000000
HG01125	A2w	A	A2	A2	1.0000	1-16569	1	1	unique	72736	9745	0	0.000000
HG01126	A2w	A	A2	A2	1.0000	1-16569	1	1	unique	74480	9745	0	0.000000
HG01162	A2am	A	A2	A2	1.0000	1-16569	1	1	unique	76936	9745	0	0.000000
HG01182	A2am	A	A2	A2	1.0000	1-16569	1	1	unique	76326	9745	0	0.000000
HG01183	A2am	A	A2	A2	1.0000	1-16569	1	1	unique	72426	9745	0	0.000000
HG01184	A2am	A	A2	A2	1.0000	1-16569	1	1	unique	75506	9745	0	0.000000
HG01200	A2z	A	A2	A2	1.0000	1-16569	1	1	unique	70680	9745	0	0.000000
HG01272	M1a1i	M	M1	M1	1.0000	1-16569	1	1	unique	72802	9745	0	0.000000
HG01325	A2k1a	A	A2	A2	1.0000	1-16569	1	1	unique	71249	9745	0	0.000000
HG01347	A2w	A	A2	A2	1.0000	1-16569	1	1	unique	73532	9745	0	0.000000
HG01350	A2w	A	A2	A2	1.0000	1-16569	1	1	unique	69141	9745	0	0.000000
HG01351	A2w	A	A2	A2	1.0000	1-16569	1	1	unique	76590	9745	0	0.000000
HG01352	A2w	A	A2	A2	1.0000	1-16569	1	1	unique	69797	9745	0	0.000000
HG01357	A2w	A	A2	A2	1.0000	1-16569	1	1	unique	71185	9745	0	0.000000
HG01375	A2w	A	A2	A2	1.0000	1-16569	1	1	unique	71186	9745	0	0.000000
HG01376	A2w	A	A2	A2	1.0000	1-16569	1	1	unique	76018	9745	0	0.000000
HG01383	A2w	A	A2	A2	1.0000	1-16569	1	1	unique	72202	9745	0	0.000000
HG01384	A2w	A	A2	A2	1.0000	1-16569	1	1	unique	71187	9745	0	0.000000
HG01385	A2w	A	A2	A2	1.0000	1-16569	1	1	unique	76363	9745	0	0.000000
HG01393	A2z	A	A2	A2	1.0000	1-16569	1	1	unique	76592	9745	0	0.000000
HG01395	A2z	A	A2	A2	1.0000	1-16569	1	1	unique	70728	9745	0	0.000000
HG01440	A2ac1	A	A2	A2	1.0000	1-16569	1	1	unique	73395	9745	0	0.000000
HG01447	A2w	A	A2	A2	1.0000	1-16569	1	1	unique	70629	9745	0	0.000000
HG01459	A2w	A	A2	A2	1.0000	1-16569	1	1	unique	70574	9745	0	0.000000
HG01468	A2w	A	A2	A2	1.0000	1-16569	1	1	unique	73449	9745	0	0.000000
HG01490	H6a1a7	H	H6	H6	1.0000	1-16569	1	1	unique	73448	9745	0	0.000000
HG01501	H1bw	H	H1	H1	1.0000	1-16569	1	1	unique	76833	9745	0	0.000000
HG01502	H1bw	H	H1	H1	1.0000	1-16569	1	1	unique	73427	9745	0	0.000000
HG01512	J1c2e2	J	J1	J1	1.0000	1-16569	1	1	unique	73475	9745	0	0.000000
HG01521	H1cd	H	H1	H1	1.0000	1-16569	1	1	unique	75893	9745	0	0.000000
HG01603	U5a1h	U	U5	U5	1.0000	1-16569	1	1	unique	72406	9745	0	0.000000
HG01683	T2b5a	T	T2	T2	1.0000	1-16569	1	1	unique	71659	9745	0	0.000000
HG01684	T2b5a	T	T2	T2	1.0000	1-16569	1	1	unique	74478	9745	0	0.000000
HG01705	U2e1a1	U	U2	U2	1.0000	1-16569	1	1	unique	72986	9745	0	0.000000
HG01767	V25	V	V25	V25	1.0000	1-16569	1	1	unique	76160	9745	0	0.000000
HG01768	H6a1b2d	H	H6	H6	1.0000	1-16569	1	1	unique	72234	9745	0	0.000000
HG01773	H6a1a	H	H6	H6	1.0000	1-16569	1	1	unique	69504	9745	0	0.000000
HG01774	H6a1a	H	H6	H6	1.0000	1-16569	1	1	unique	73178	9745	0	0.000000
HG01817	M7b1a1d1	M	M7	M7	1.0000	1-16569	1	1	unique	74231	9745	0	0.000000
HG01912	L3e2a1b	L	L3	L3	1.0000	1-16569	1	1	unique	72785	9745	0	0.000000
HG02006	L3e3b1	L	L3	L3	1.0000	1-16569	1	1	unique	73636	9745	0	0.000000
HG02026	Y1b1a	Y	Y1	Y1	1.0000	1-16569	1	1	unique	74229	9745	0	0.000000
HG02074	M7b1a1e1	M	M7	M7	1.0000	1-16569	1	1	unique	72022	9745	0	0.000000
HG02075	M7b1a1e1	M	M7	M7	1.0000	1-16569	1	1	unique	73637	9745	0	0.000000
HG02166	M7b1a1d1	M	M7	M7	1.0000	1-16569	1	1	unique	68726	9745	0	0.000000
HG02224	H2a1	H	H2	H2	1.0000	1-16569	1	1	unique	77486	9745	0	0.000000
HG02307	L1b1a3a	L	L1	L1	1.0000	1-16569	1	1	unique	73974	9745	0	0.000000
HG02317	L2a1c5	L	L2	L2	1.0000	1-16569	1	1	unique	75778	9745	0	0.000000
HG02392	D4j1b	D	D4	D4	1.0000	1-16569	1	1	unique	70441	9745	0	0.000000
HG02455	L2a1c5	L	L2	L2	1.0000	1-16569	1	1	unique	68130	9745	0	0.000000
HG02521	N9a1	N	N9	N9	1.0000	1-16569	1	1	unique	68888	9745	0	0.000000
HG02736	G3b1	G	G3	G3	1.0000	1-16569	1	1	unique	74308	9745	0	0.000000
HG02737	G3b1	G	G3	G3	1.0000	1-16569	1	1	unique	74739	9745	0	0.000000
HG02738	G3b1	G	G3	G3	1.0000	1-16569	1	1	unique	70586	9745	0	0.000000
HG02885	L2a1f	L	L2	L2	1.0000	1-16569	1	1	unique	68023	9745	0	0.000000
HG02970	L2d1a	L	L2	L2	1.0000	1-16569	1	1	unique	71110	9745	0	0.000000
HG02972	L2d1a	L	L2	L2	1.0000	1-16569	1	1	unique	72774	9745	0	0.000000
HG02974	L1b1a3	L	L1	L1	1.0000	1-16569	1	1	unique	74548	9745	0	0.000000
HG03081	L3e4a	L	L3	L3	1.0000	1-16569	1	1	unique	68838	9745	0	0.000000
HG03109	L1b1a3	L	L1	L1	1.0000	1-16569	1	1	unique	72205	9745	0	0.000000
HG03195	L3e2b1	L	L3	L3	1.0000	1-16569	1	1	unique	75923	9745	0	0.000000
HG03197	L3e2b1	L	L3	L3	1.0000	1-16569	1	1	unique	70306	9745	0	0.000000
HG03437	L2d1	L	L2	L2	1.0000	1-16569	1	1	unique	69573	9745	0	0.000000
HG03518	L3d1c1	L	L3	L3	1.0000	1-16569	1	1	unique	74606	9745	0	0.000000
HG03720	M4a	M	M4	M4	1.0000	1-16569	1	1	unique	72222	9745	0	0.000000
HG03765	M18a	M	M18	M18	1.0000	1-16569	1	1	unique	67945	9745	0	0.000000
HG03907	M3a1+204	M	M3	M3	1.0000	1-16569	1	1	unique	72299	9745	0	0.000000
HG04015	M36b	M	M36	M36	1.0000	1-16569	1	1	unique	73235	9745	0	0.000000
HG04070	M35b1	M	M35	M35	1.0000	1-16569	1	1	unique	67872	9745	0	0.000000
HGDP00011	M5a2a4	M	M5	M5	1.0000	1-16569	1	1	unique	71132	9745	0	0.000000
HGDP00017	D5a2b	D	D5	D5	1.0000	1-16569	1	1	unique	68845	9745	0	0.000000
HGDP00021	M5a2a4	M	M5	M5	1.0000	1-16569	1	1	unique	71234	9745	0	0.000000
HGDP00029	T1a1m1	T	T1	T1	1.0000	1-16569	1	1	unique	73665	9745	0	0.000000
HGDP00031	T1a1m1	T	T1	T1	1.0000	1-16569	1	1	unique	76582	9745	0	0.000000
HGDP00094	R2d	R	R2	R2	1.0000	1-16569	1	1	unique	73088	9745	0	0.000000
HGDP00100	U5a1a1+152	U	U5	U5	1.0000	1-16569	1	1	unique	74008	9745	0	0.000000
HGDP00109	H7b	H	H7	H7	1.0000	1-16569	1	1	unique	72949	9745	0	0.000000
HGDP00135	M5a2a4	M	M5	M5	1.0000	1-16569	1	1	unique	68847	9745	0	0.000000
HGDP00144	M5a2a4	M	M5	M5	1.0000	1-16569	1	1	unique	74875	9745	0	0.000000
HGDP00183	M18a	M	M18	M18	1.0000	1-16569	1	1	unique	75212	9745	0	0.000000
HGDP00515	H1u1	H	H1	H1	1.0000	1-16569	1	1	unique	75165	9745	0	0.000000
HGDP00520	H5j	H	H5	H5	1.0000	1-16569	1	1	unique	72763	9745	0	0.000000
HGDP00534	H1a1	H	H1	H1	1.0000	1-16569	1	1	unique	74658	9745	0	0.000000
HGDP00558	K1a5a	K	K1	K1	1.0000	1-16569	1	1	unique	76678	9745	0	0.000000
HGDP00572	K1a5a	K	K1	K1	1.0000	1-16569	1	1	unique	75041	9745	0	0.000000
HGDP00582	H1b1f	H	H1	H1	1.0000	1-16569	1	1	unique	68503	9745	0	0.000000
HGDP00588	H33	H	H33	H33	1.0000	1-16569	1	1	unique	72220	9745	0	0.000000
HGDP00594	H1b1f	H	H1	H1	1.0000	1-16569	1	1	unique	69299	9745	0	0.000000
HGDP00602	H7b1	H	H7	H7	1.0000	1-16569	1	1	unique	69057	9745	0	0.000000
HGDP00629	H1+16189	H	H1	H1	1.0000	1-16569	1	1	unique	73146	9745	0	0.000000
HGDP00689	H6a1a	H	H6	H6	1.0000	1-16569	1	1	unique	71076	9745	0	0.000000
HGDP00690	R0a1a	R	R0	R0	1.0000	1-16569	1	1	unique	69829	9745	0	0.000000
HGDP00693	R0a1a	R	R0	R0	1.0000	1-16569	1	1	unique	69368	9745	0	0.000000
HGDP00714	M51a1b	M	M51	M51	1.0000	1-16569	1	1	unique	69666	9745	0	0.000000
HGDP00753	D4a4	D	D4	D4	1.0000	1-16569	1	1	unique	70245	9745	0	0.000000
HGDP00768	N9a2a1	N	N9	N9	1.0000	1-16569	1	1	unique	71079	9745	0	0.000000
HGDP00797	U5b2b2	U	U5	U5	1.0000	1-16569	1	1	unique	76331	9745	0	0.000000
HGDP00804	T2b24a	T	T2	T2	1.0000	1-16569	1	1	unique	67805	9745	0	0.000000
HGDP00807	X2b5	X	X2	X2	1.0000	1-16569	1	1	unique	69744	9745	0	0.000000
HGDP00808	H5b2	H	H5	H5	1.0000	1-16569	1	1	unique	71605	9745	0	0.000000
HGDP00810	H5b2	H	H5	H5	1.0000	1-16569	1	1	unique	77354	9745	0	0.000000
HGDP00879	H3h1	H	H3	H3	1.0000	1-16569	1	1	unique	70435	9745	0	0.000000
HGDP00894	H2b	H	H2	H2	1.0000	1-16569	1	1	unique	72845	9745	0	0.000000
HGDP00901	H1b2	H	H1	H1	1.0000	1-16569	1	1	unique	74016	9745	0	0.000000
HGDP00935	L1b1a18	L	L1	L1	1.0000	1-16569	1	1	unique	76460	9745	0	0.000000
HGDP00952	D5a2a2	D	D5	D5	1.0000	1-16569	1	1	unique	73236	9745	0	0.000000
HGDP00954	D4m2a	D	D4	D4	1.0000	1-16569	1	1	unique	69490	9745	0	0.000000
HGDP00955	J2a2b3	J	J2	J2	1.0000	1-16569	1	1	unique	76072	9745	0	0.000000
HGDP00963	D5a2a2	D	D5	D5	1.0000	1-16569	1	1	unique	74170	9745	0	0.000000
HGDP01031	L3d3a1a	L	L3	L3	1.0000	1-16569	1	1	unique	73757	9745	0	0.000000
HGDP01171	V	V	V	V	1.0000	1-16569	1	1	unique	70700	9745	0	0.000000
HGDP01358	H1t1a	H	H1	H1	1.0000	1-16569	1	1	unique	75380	9745	0	0.000000
HGDP01362	H1e1a7	H	H1	H1	1.0000	1-16569	1	1	unique	71308	9745	0	0.000000
HGDP01367	U5b1f1a	U	U5	U5	1.0000	1-16569	1	1	unique	68367	9745	0	0.000000
HGDP01369	U4a1a	U	U4	U4	1.0000	1-16569	1	1	unique	72462	9745	0	0.000000
HGDP01378	T1a1p	T	T1	T1	1.0000	1-16569	1	1	unique	76822	9745	0	0.000000
HGDP01380	J1c5c1	J	J1	J1	1.0000	1-16569	1	1	unique	76158	9745	0	0.000000
HM030500	N10b	N	N10	N10	1.0000	1-16569	1	1	unique	48297	9745	0	0.000000
HM030504	M79	M	M79	M79	1.0000	1-16569	1	1	unique	48300	9745	0	0.000000
HM030509	M7c2a	M	M7	M7	1.0000	1-16569	1	1	unique	48303	9745	0	0.000000
HM030518	M5a2a1a1	M	M5	M5	1.0000	1-16569	1	1	unique	48309	9745	0	0.000000
HM030534	M70	M	M70	M70	1.0000	1-16569	1	1	unique	48324	9745	0	0.000000
HM036530	C4a2c2a	C	C4	C4	1.0000	1-16569	1	1	unique	48341	9745	0	0.000000
HM036535	M35b3	M	M35	M35	1.0000	1-16569	1	1	unique	48344	9745	0	0.000000
HM036549	A+152+16362+200	A	A	A	1.0000	1-16569	1	1	unique	48348	9745	0	0.000000
HM036563	G2a1h	G	G2	G2	1.0000	1-16569	1	1	unique	48355	9745	0	0.000000
HM036568	M9a1a1c1b1a2	M	M9	M9	1.0000	1-16569	1	1	unique	48359	9745	0	0.000000
HM041972	U4b1a2	U	U4	U4	1.0000	1-16569	1	1	unique	48364	9745	0	0.000000
HM044856	D4j4a	D	D4	D4	1.0000	1-16569	1	1	unique	48370	9745	0	0.000000
HM057816	W5a1a1a	W	W5	W5	1.0000	1-16569	1	1	unique	48375	9745	0	0.000000
HM107306	C1d	C	C1	C1	1.0000	1-16569	1	1	unique	48383	9745	0	0.000000
HM107319	C1d1a1	C	C1	C1	1.0000	1-16569	1	1	unique	48389	9745	0	0.000000
HM107320	C1d1a1	C	C1	C1	1.0000	1-16569	1	1	unique	48390	9745	0	0.000000
HM107326	C1d1b1	C	C1	C1	1.0000	1-16569	1	1	unique	48393	9745	0	0.000000
HM107355	C1d1d	C	C1	C1	1.0000	1-16569	1	1	unique	48396	9745	0	0.000000
HM171271	H1v1a	H	H1	H1	1.0000	1-16569	1	1	unique	48409	9745	0	0.000000
HM171273	H1v1b	H	H1	H1	1.0000	1-16569	1	1	unique	48410	9745	0	0.000000
HM171275	H1w	H	H1	H1	1.0000	1-16569	1	1	unique	48411	9745	0	0.000000
HM171277	H1w	H	H1	H1	1.0000	1-16569	1	1	unique	48412	9745	0	0.000000
HM171279	H1x	H	H1	H1	1.0000	1-16569	1	1	unique	48414	9745	0	0.000000
HM173090	U5a1d2a	U	U5	U5	1.0000	1-16569	1	1	unique	48416	9745	0	0.000000
HM184912	T1a1b	T	T1	T1	1.0000	1-16569	1	1	unique	48417	9745	0	0.000000
HM185210	R0a1a1a	R	R0	R0	1.0000	1-16569	1	1	unique	48419	9745	0	0.000000
HM185227	R0a2f1a	R	R0	R0	1.0000	1-16569	1	1	unique	48429	9745	0	0.000000
HM185242	R0a2i	R	R0	R0	1.0000	1-16569	1	1	unique	48437	9745	0	0.000000
HM185254	R0a2k1	R	R0	R0	1.0000	1-16569	1	1	unique	48444	9745	0	0.000000
HM185257	R0a2a1	R	R0	R0	1.0000	1-16569	1	1	unique	48446	9745	0	0.000000
HM238199	F1a3a2	F	F1	F1	1.0000	1-16569	1	1	unique	48457	9745	0	0.000000
HM238200	B4c1b2a2b	B	B4	B4	1.0000	1-16569	1	1	unique	48458	9745	0	0.000000
HM238209	F1a1d1	F	F1	F1	1.0000	1-16569	1	1	unique	48465	9745	0	0.000000
HM346895	M9a1b+150	M	M9	M9	1.0000	1-16569	1	1	unique	48486	9745	0	0.000000
HM346910	M9a1a1d	M	M9	M9	1.0000	1-16569	1	1	unique	48501	9745	0	0.000000
HM346917	M9a1a1c1b1a	M	M9	M9	1.0000	1-16569	1	1	unique	48508	9745	0	0.000000
HM346919	M9a1a1c1b1a	M	M9	M9	1.0000	1-16569	1	1	unique	48510	9745	0	0.000000
HM346924	M9a1a1c1b1a	M	M9	M9	1.0000	1-16569	1	1	unique	48515	9745	0	0.000000
HM346930	M9a1a1c1b1a	M	M9	M9	1.0000	1-16569	1	1	unique	48521	9745	0	0.000000
HM346931	M9a1a1c1b1a	M	M9	M9	1.0000	1-16569	1	1	unique	48522	9745	0	0.000000
HM357816	M7b1a1c1	M	M7	M7	1.0000	1-16569	1	1	unique	48531	9745	0	0.000000
HM357822	D4g2a1b	D	D4	D4	1.0000	1-16569	1	1	unique	48535	9745	0	0.000000
HM370114	X2c1b	X	X2	X2	1.0000	1-16569	1	1	unique	48537	9745	0	0.000000
HM462218	H1c12	H	H1	H1	1.0000	1-16569	1	1	unique	48546	9745	0	0.000000
HM474856	K1c1b	K	K1	K1	1.0000	1-16569	1	1	unique	48548	9745	0	0.000000
HM488738	H1am1	H	H1	H1	1.0000	1-16569	1	1	unique	48549	9745	0	0.000000
HM535647	U4b1b1a	U	U4	U4	1.0000	1-16569	1	1	unique	48551	9745	0	0.000000
HM569228	A10	A	A10	A10	1.0000	1-16569	1	1	unique	48553	9745	0	0.000000
HM570048	V10b2	V	V10	V10	1.0000	1-16569	1	1	unique	48554	9745	0	0.000000
HM589042	H1a3a2	H	H1	H1	1.0000	1-16569	1	1	unique	48557	9745	0	0.000000
HM594676	J1b3a	J	J1	J1	1.0000	1-16569	1	1	unique	48561	9745	0	0.000000
HM765469	H33a	H	H33	H33	1.0000	1-16569	1	1	unique	48596	9745	0	0.000000
HM765474	U5a2a1b1	U	U5	U5	1.0000	1-16569	1	1	unique	48599	9745	0	0.000000
HM771114	L1c1a2c	L	L1	L1	1.0000	1-16569	1	1	unique	48602	9745	0	0.000000
HM771170	L3d2a	L	L3	L3	1.0000	1-16569	1	1	unique	48613	9745	0	0.000000
HM771172	L3e1f1a	L	L3	L3	1.0000	1-16569	1	1	unique	48615	9745	0	0.000000
HM771180	L1c1a2a2	L	L1	L1	1.0000	1-16569	1	1	unique	48619	9745	0	0.000000
HM771191	L2a2b2	L	L2	L2	1.0000	1-16569	1	1	unique	48622	9745	0	0.000000
HM771206	L2a3	L	L2	L2	1.0000	1-16569	1	1	unique	48628	9745	0	0.000000
HM771212	L2a4a	L	L2	L2	1.0000	1-16569	1	1	unique	48631	9745	0	0.000000
HM771217	L1c1a2a1	L	L1	L1	1.0000	1-16569	1	1	unique	48632	9745	0	0.000000
HM776716	D4c2a	D	D4	D4	1.0000	1-16569	1	1	unique	48645	9745	0	0.000000
HM852833	H19	H	H19	H19	1.0000	1-16569	1	1	unique	48776	9745	0	0.000000
HM856621	J1b1a1e	J	J1	J1	1.0000	1-16569	1	1	unique	48846	9745	0	0.000000
HM998901	HV1b3a	HV	HV1	HV1	1.0000	1-16569	1	1	unique	48849	9745	0	0.000000
HQ000094	K1b2a1	K	K1	K1	1.0000	1-16569	1	1	unique	49001	9745	0	0.000000
HQ012056	A2aj	A	A2	A2	1.0000	1-16569	1	1	unique	49009	9745	0	0.000000
HQ012063	A2r1	A	A2	A2	1.0000	1-16569	1	1	unique	49016	9745	0	0.000000
HQ012065	A2p	A	A2	A2	1.0000	1-16569	1	1	unique	49018	9745	0	0.000000
HQ012070	A2s	A	A2	A2	1.0000	1-16569	1	1	unique	49023	9745	0	0.000000
HQ012076	A2g1	A	A2	A2	1.0000	1-16569	1	1	unique	49029	9745	0	0.000000
HQ012077	A2g1	A	A2	A2	1.0000	1-16569	1	1	unique	49030	9745	0	0.000000
HQ012092	A2r	A	A2	A2	1.0000	1-16569	1	1	unique	49045	9745	0	0.000000
HQ012114	A2o	A	A2	A2	1.0000	1-16569	1	1	unique	49067	9745	0	0.000000
HQ012136	B2a3	B	B2	B2	1.0000	1-16569	1	1	unique	49089	9745	0	0.000000
HQ012140	B2c2a	B	B2	B2	1.0000	1-16569	1	1	unique	49093	9745	0	0.000000
HQ012147	B2x	B	B2	B2	1.0000	1-16569	1	1	unique	49100	9745	0	0.000000
HQ012151	B2c2b	B	B2	B2	1.0000	1-16569	1	1	unique	49104	9745	0	0.000000
HQ012154	B2c2a	B	B2	B2	1.0000	1-16569	1	1	unique	49107	9745	0	0.000000
HQ012158	B2c2a	B	B2	B2	1.0000	1-16569	1	1	unique	49111	9745	0	0.000000
HQ012160	B2c1b	B	B2	B2	1.0000	1-16569	1	1	unique	49113	9745	0	0.000000
HQ012183	B2u	B	B2	B2	1.0000	1-16569	1	1	unique	49136	9745	0	0.000000
HQ012198	C1b10	C	C1	C1	1.0000	1-16569	1	1	unique	49151	9745	0	0.000000
HQ012218	C1c2	C	C1	C1	1.0000	1-16569	1	1	unique	49171	9745	0	0.000000
HQ012221	C1c2	C	C1	C1	1.0000	1-16569	1	1	unique	49174	9745	0	0.000000
HQ012222	C1c2	C	C1	C1	1.0000	1-16569	1	1	unique	49175	9745	0	0.000000
HQ012231	C1c2	C	C1	C1	1.0000	1-16569	1	1	unique	49184	9745	0	0.000000
HQ012235	C1d1c1	C	C1	C1	1.0000	1-16569	1	1	unique	49188	9745	0	0.000000
HQ012239	C1d	C	C1	C1	1.0000	1-16569	1	1	unique	49192	9745	0	0.000000
HQ012249	D1c	D	D1	D1	1.0000	1-16569	1	1	unique	49202	9745	0	0.000000
HQ012258	D1h2	D	D1	D1	1.0000	1-16569	1	1	unique	49261	9745	0	0.000000
HQ022823	U8a1a1b1	U	U8	U8	1.0000	1-16569	1	1	unique	49267	9745	0	0.000000
HQ114262	H1a1	H	H1	H1	1.0000	1-16569	1	1	unique	49270	9745	0	0.000000
HQ153430	H2a5b2	H	H2	H2	1.0000	1-16569	1	1	unique	49271	9745	0	0.000000
HQ213857	K2a6	K	K2	K2	1.0000	1-16569	1	1	unique	49285	9745	0	0.000000
HQ257449	H11a3	H	H11	H11	1.0000	1-16569	1	1	unique	49288	9745	0	0.000000
HQ267514	H7e	H	H7	H7	1.0000	1-16569	1	1	unique	49293	9745	0	0.000000
HQ287874	J1c5a1	J	J1	J1	1.0000	1-16569	1	1	unique	49299	9745	0	0.000000
HQ287891	H1a4	H	H1	H1	1.0000	1-16569	1	1	unique	49301	9745	0	0.000000
HQ287892	H1a3a	H	H1	H1	1.0000	1-16569	1	1	unique	49302	9745	0	0.000000
HQ315686	H30b1	H	H30	H30	1.0000	1-16569	1	1	unique	49305	9745	0	0.000000
HQ336422	H2a1f	H	H2	H2	1.0000	1-16569	1	1	unique	49309	9745	0	0.000000
HQ384174	H1	H	H1	H1	1.0000	1-16569	1	1	unique	49312	9745	0	0.000000
HQ384206	U5b1g	U	U5	U5	1.0000	1-16569	1	1	unique	49320	9745	0	0.000000
HQ405756	H6a1a5	H	H6	H6	1.0000	1-16569	1	1	unique	49325	9745	0	0.000000
HQ541751	M37a1	M	M37	M37	1.0000	1-16569	1	1	unique	49344	9745	0	0.000000
HQ592783	U6a5a1	U	U6	U6	1.0000	1-16569	1	1	unique	49349	9745	0	0.000000
HQ610202	K1a3a4	K	K1	K1	1.0000	1-16569	1	1	unique	49355	9745	0	0.000000
HQ637410	K1a5b	K	K1	K1	1.0000	1-16569	1	1	unique	49358	9745	0	0.000000
HQ637485	J1b4a2	J	J1	J1	1.0000	1-16569	1	1	unique	49359	9745	0	0.000000
HQ651678	U6b1a	U	U6	U6	1.0000	1-16569	1	1	unique	49361	9745	0	0.000000
HQ651684	U6d1	U	U6	U6	1.0000	1-16569	1	1	unique	49363	9745	0	0.000000
HQ651685	U6a1b1a	U	U6	U6	1.0000	1-16569	1	1	unique	49364	9745	0	0.000000
HQ651697	U6a3b1	U	U6	U6	1.0000	1-16569	1	1	unique	49370	9745	0	0.000000
HQ658132	H27	H	H27	H27	1.0000	1-16569	1	1	unique	49380	9745	0	0.000000
HQ658464	H13a2b5	H	H13	H13	1.0000	1-16569	1	1	unique	49383	9745	0	0.000000
HQ658481	H6a1b2a	H	H6	H6	1.0000	1-16569	1	1	unique	49386	9745	0	0.000000
HQ658607	H1c16	H	H1	H1	1.0000	1-16569	1	1	unique	49389	9745	0	0.000000
HQ658738	HV6	HV	HV6	HV6	1.0000	1-16569	1	1	unique	49391	9745	0	0.000000
HQ659689	H4a1a4b	H	H4	H4	1.0000	1-16569	1	1	unique	49396	9745	0	0.000000
HQ659692	U4a1a	U	U4	U4	1.0000	1-16569	1	1	unique	49397	9745	0	0.000000
HQ659693	H5a1a	H	H5	H5	1.0000	1-16569	1	1	unique	49398	9745	0	0.000000
HQ659848	H1a3b	H	H1	H1	1.0000	1-16569	1	1	unique	49401	9745	0	0.000000
HQ661871	H5t	H	H5	H5	1.0000	1-16569	1	1	unique	49407	9745	0	0.000000
HQ663878	H5a1c1a	H	H5	H5	1.0000	1-16569	1	1	unique	49410	9745	0	0.000000
HQ670226	H2a2a1e	H	H2	H2	1.0000	1-16569	1	1	unique	49412	9745	0	0.000000
HQ675034	HV4a1a3	HV	HV4	HV4	1.0000	1-16569	1	1	unique	49415	9745	0	0.000000
HQ681884	H1c2	H	H1	H1	1.0000	1-16569	1	1	unique	49422	9745	0	0.000000
HQ695930	I2a	I	I2	I2	1.0000	1-16569	1	1	unique	49423	9745	0	0.000000
HQ700378	H5b2	H	H5	H5	1.0000	1-16569	1	1	unique	49428	9745	0	0.000000
HQ703482	H1cj	H	H1	H1	1.0000	1-16569	1	1	unique	49434	9745	0	0.000000
HQ709168	J1c3c1	J	J1	J1	1.0000	1-16569	1	1	unique	49436	9745	0	0.000000
HQ724528	I2a1	I	I2	I2	1.0000	1-16569	1	1	unique	49438	9745	0	0.000000
HQ730608	H6a1a3	H	H6	H6	1.0000	1-16569	1	1	unique	49441	9745	0	0.000000
HQ840646	T2b22	T	T2	T2	1.0000	1-16569	1	1	unique	49444	9745	0	0.000000
HQ843176	U6a7a1c	U	U6	U6	1.0000	1-16569	1	1	unique	49445	9745	0	0.000000
HQ860291	H4a1a	H	H4	H4	1.0000	1-16569	1	1	unique	49449	9745	0	0.000000
HQ873511	B4a1a1ae	B	B4	B4	1.0000	1-16569	1	1	unique	49456	9745	0	0.000000
HQ873525	B4a1a1a	B	B4	B4	1.0000	1-16569	1	1	unique	49460	9745	0	0.000000
HQ873527	B4a1a1	B	B4	B4	1.0000	1-16569	1	1	unique	49461	9745	0	0.000000
HQ873531	B4a1a1+152	B	B4	B4	1.0000	1-16569	1	1	unique	49462	9745	0	0.000000
HQ873532	B4a1a1q	B	B4	B4	1.0000	1-16569	1	1	unique	49463	9745	0	0.000000
HQ873538	B4a2a	B	B4	B4	1.0000	1-16569	1	1	unique	49464	9745	0	0.000000
HQ873558	B4a1a3	B	B4	B4	1.0000	1-16569	1	1	unique	49468	9745	0	0.000000
HQ873560	B4a1a3a	B	B4	B4	1.0000	1-16569	1	1	unique	49469	9745	0	0.000000
HQ875780	H1c17	H	H1	H1	1.0000	1-16569	1	1	unique	49476	9745	0	0.000000
HQ880578	H1e2	H	H1	H1	1.0000	1-16569	1	1	unique	49478	9745	0	0.000000
JF260935	HV1a3	HV	HV1	HV1	1.0000	1-16569	1	1	unique	49525	9745	0	0.000000
JF260942	HV1a2a	HV	HV1	HV1	1.0000	1-16569	1	1	unique	49529	9745	0	0.000000
JF260948	HV1b1b	HV	HV1	HV1	1.0000	1-16569	1	1	unique	49533	9745	0	0.000000
JF284817	H2a5a1b	H	H2	H2	1.0000	1-16569	1	1	unique	49542	9745	0	0.000000
JF298814	H28a2	H	H28	H28	1.0000	1-16569	1	1	unique	49545	9745	0	0.000000
JF431064	B2b1	B	B2	B2	1.0000	1-16569	1	1	unique	49553	9745	0	0.000000
JF431251	W5a1a1	W	W5	W5	1.0000	1-16569	1	1	unique	49554	9745	0	0.000000
JF502419	V26	V	V26	V26	1.0000	1-16569	1	1	unique	49559	9745	0	0.000000
JF717361	R0b	R	R0	R0	1.0000	1-16569	1	1	unique	49567	9745	0	0.000000
JF824826	F1a4b	F	F1	F1	1.0000	1-16569	1	1	unique	49607	9745	0	0.000000
JF824854	B4a2b1	B	B4	B4	1.0000	1-16569	1	1	unique	49614	9745	0	0.000000
JF824877	D2b1	D	D2	D2	1.0000	1-16569	1	1	unique	49620	9745	0	0.000000
JF824891	A22	A	A22	A22	1.0000	1-16569	1	1	unique	49624	9745	0	0.000000
JF824902	D4t	D	D4	D4	1.0000	1-16569	1	1	unique	49630	9745	0	0.000000
JF824913	D6a1a	D	D6	D6	1.0000	1-16569	1	1	unique	49639	9745	0	0.000000
JF824917	G2a2	G	G2	G2	1.0000	1-16569	1	1	unique	49643	9745	0	0.000000
JF824944	D4a3b2	D	D4	D4	1.0000	1-16569	1	1	unique	49670	9745	0	0.000000
JF824972	D4a1g	D	D4	D4	1.0000	1-16569	1	1	unique	49698	9745	0	0.000000
JF891418	T2b6b	T	T2	T2	1.0000	1-16569	1	1	unique	49731	9745	0	0.000000
JF903929	C7b	C	C7	C7	1.0000	1-16569	1	1	unique	49738	9745	0	0.000000
JF926125	T1a1k2	T	T1	T1	1.0000	1-16569	1	1	unique	49741	9745	0	0.000000
JF929200	T1a1+@152	T	T1	T1	1.0000	1-16569	1	1	unique	49743	9745	0	0.000000
JF946696	T2b24a	T	T2	T2	1.0000	1-16569	1	1	unique	49749	9745	0	0.000000
JF960209	T2f3	T	T2	T2	1.0000	1-16569	1	1	unique	49752	9745	0	0.000000
JF960238	H8a1	H	H8	H8	1.0000	1-16569	1	1	unique	49753	9745	0	0.000000
JF968593	T2b11	T	T2	T2	1.0000	1-16569	1	1	unique	49804	9745	0	0.000000
JF975728	T2b15	T	T2	T2	1.0000	1-16569	1	1	unique	49805	9745	0	0.000000
JF979131	T1a1l	T	T1	T1	1.0000	1-16569	1	1	unique	49806	9745	0	0.000000
JF979202	C4c1b	C	C4	C4	1.0000	1-16569	1	1	unique	49808	9745	0	0.000000
JF979210	C4c2	C	C4	C4	1.0000	1-16569	1	1	unique	49811	9745	0	0.000000
JN004272	T2b+16362	T	T2	T2	1.0000	1-16569	1	1	unique	49813	9745	0	0.000000
JN008723	H5a1g1	H	H5	H5	1.0000	1-16569	1	1	unique	49814	9745	0	0.000000
JN024625	T2b30	T	T2	T2	1.0000	1-16569	1	1	unique	49818	9745	0	0.000000
JN037470	H16d	H	H16	H16	1.0000	1-16569	1	1	unique	49825	9745	0	0.000000
JN038393	T2b13a	T	T2	T2	1.0000	1-16569	1	1	unique	49827	9745	0	0.000000
JN089342	T1a1h	T	T1	T1	1.0000	1-16569	1	1	unique	49833	9745	0	0.000000
JN106183	T2b+16362	T	T2	T2	1.0000	1-16569	1	1	unique	49836	9745	0	0.000000
JN112339	H3r	H	H3	H3	1.0000	1-16569	1	1	unique	49838	9745	0	0.000000
JN120787	T2a1a2	T	T2	T2	1.0000	1-16569	1	1	unique	49839	9745	0	0.000000
JN129423	H3h7	H	H3	H3	1.0000	1-16569	1	1	unique	49842	9745	0	0.000000
JN202491	H3i	H	H3	H3	1.0000	1-16569	1	1	unique	49844	9745	0	0.000000
JN202547	H73a	H	H73	H73	1.0000	1-16569	1	1	unique	49846	9745	0	0.000000
JN202723	K1a13a	K	K1	K1	1.0000	1-16569	1	1	unique	49847	9745	0	0.000000
JN202724	T2h1	T	T2	T2	1.0000	1-16569	1	1	unique	49848	9745	0	0.000000
JN214395	HV4a1a	HV	HV4	HV4	1.0000	1-16569	1	1	unique	49853	9745	0	0.000000
JN214436	L2a1c6	L	L2	L2	1.0000	1-16569	1	1	unique	49863	9745	0	0.000000
JN214449	L2a1a2	L	L2	L2	1.0000	1-16569	1	1	unique	49866	9745	0	0.000000
JN253395	D1g1a	D	D1	D1	1.0000	1-16569	1	1	unique	49886	9745	0	0.000000
JN253411	D1g4	D	D1	D1	1.0000	1-16569	1	1	unique	49895	9745	0	0.000000
JN253415	D1g5	D	D1	D1	1.0000	1-16569	1	1	unique	49897	9745	0	0.000000
JN253418	D1g6	D	D1	D1	1.0000	1-16569	1	1	unique	49899	9745	0	0.000000
JN253423	D1j1a	D	D1	D1	1.0000	1-16569	1	1	unique	49904	9745	0	0.000000
JN253431	D1j1a1	D	D1	D1	1.0000	1-16569	1	1	unique	49907	9745	0	0.000000
JN253434	D1j1a2	D	D1	D1	1.0000	1-16569	1	1	unique	49908	9745	0	0.000000
JN315676	C5c1a	C	C5	C5	1.0000	1-16569	1	1	unique	49911	9745	0	0.000000
JN409346	K2b1a1a	K	K2	K2	1.0000	1-16569	1	1	unique	49915	9745	0	0.000000
JN419195	T2b+16362	T	T2	T2	1.0000	1-16569	1	1	unique	49924	9745	0	0.000000
JN540042	M33a2a	M	M33	M33	1.0000	1-16569	1	1	unique	49926	9745	0	0.000000
JN561091	J1b4a1	J	J1	J1	1.0000	1-16569	1	1	unique	49930	9745	0	0.000000
JN603189	H1b	H	H1	H1	1.0000	1-16569	1	1	unique	49939	9745	0	0.000000
JN604831	U5a2d1a	U	U5	U5	1.0000	1-16569	1	1	unique	49941	9745	0	0.000000
JN620369	K1c2	K	K1	K1	1.0000	1-16569	1	1	unique	49943	9745	0	0.000000
JN655795	L3e2b6	L	L3	L3	1.0000	1-16569	1	1	unique	49964	9745	0	0.000000
JN655800	L3d1a1a	L	L3	L3	1.0000	1-16569	1	1	unique	49967	9745	0	0.000000
JN674560	H3aq	H	H3	H3	1.0000	1-16569	1	1	unique	49990	9745	0	0.000000
JN794568	HV0d	HV	HV0	HV0	1.0000	1-16569	1	1	unique	49993	9745	0	0.000000
JN807313	H15a1	H	H15	H15	1.0000	1-16569	1	1	unique	49994	9745	0	0.000000
JN857017	B4j	B	B4	B4	1.0000	1-16569	1	1	unique	50005	9745	0	0.000000
JN857019	B4c1a2	B	B4	B4	1.0000	1-16569	1	1	unique	50007	9745	0	0.000000
JN857021	B4c1a2	B	B4	B4	1.0000	1-16569	1	1	unique	50009	9745	0	0.000000
JN857025	B4c1a2	B	B4	B4	1.0000	1-16569	1	1	unique	50013	9745	0	0.000000
JN857028	M13a1b1	M	M13	M13	1.0000	1-16569	1	1	unique	50016	9745	0	0.000000
JN857031	B4c1a2a	B	B4	B4	1.0000	1-16569	1	1	unique	50019	9745	0	0.000000
JN857034	F2e1	F	F2	F2	1.0000	1-16569	1	1	unique	50022	9745	0	0.000000
JN857041	B4j	B	B4	B4	1.0000	1-16569	1	1	unique	50029	9745	0	0.000000
JN857044	B4b1a3a	B	B4	B4	1.0000	1-16569	1	1	unique	50032	9745	0	0.000000
JN857050	M9a4b	M	M9	M9	1.0000	1-16569	1	1	unique	50038	9745	0	0.000000
JN857061	N9a2a2	N	N9	N9	1.0000	1-16569	1	1	unique	50049	9745	0	0.000000
JN857063	M9a1a1c1a	M	M9	M9	1.0000	1-16569	1	1	unique	50051	9745	0	0.000000
JN897374	U5b1b1+@16192	U	U5	U5	1.0000	1-16569	1	1	unique	50057	9745	0	0.000000
JN975412	H27a	H	H27	H27	1.0000	1-16569	1	1	unique	50061	9745	0	0.000000
JQ086344	H3h1	H	H3	H3	1.0000	1-16569	1	1	unique	50149	9745	0	0.000000
JQ272477	HV4c	HV	HV4	HV4	1.0000	1-16569	1	1	unique	50205	9745	0	0.000000
JQ324525	H1j1	H	H1	H1	1.0000	1-16569	1	1	unique	50208	9745	0	0.000000
JQ324545	H5a+152	H	H5	H5	1.0000	1-16569	1	1	unique	50215	9745	0	0.000000
JQ324552	H1av1a	H	H1	H1	1.0000	1-16569	1	1	unique	50217	9745	0	0.000000
JQ324553	H24	H	H24	H24	1.0000	1-16569	1	1	unique	50218	9745	0	0.000000
JQ324555	H2a5a1	H	H2	H2	1.0000	1-16569	1	1	unique	50219	9745	0	0.000000
JQ324559	H3h6	H	H3	H3	1.0000	1-16569	1	1	unique	50221	9745	0	0.000000
JQ324566	H3av	H	H3	H3	1.0000	1-16569	1	1	unique	50223	9745	0	0.000000
JQ324567	H3ao	H	H3	H3	1.0000	1-16569	1	1	unique	50224	9745	0	0.000000
JQ324574	H3+16189	H	H3	H3	1.0000	1-16569	1	1	unique	50229	9745	0	0.000000
JQ324599	H1j1a1	H	H1	H1	1.0000	1-16569	1	1	unique	50236	9745	0	0.000000
JQ324601	H6a1a	H	H6	H6	1.0000	1-16569	1	1	unique	50237	9745	0	0.000000
JQ324604	H1j1b	H	H1	H1	1.0000	1-16569	1	1	unique	50239	9745	0	0.000000
JQ324605	H1av1a	H	H1	H1	1.0000	1-16569	1	1	unique	50240	9745	0	0.000000
JQ324608	H14b1	H	H14	H14	1.0000	1-16569	1	1	unique	50241	9745	0	0.000000
JQ324627	H1bx	H	H1	H1	1.0000	1-16569	1	1	unique	50244	9745	0	0.000000
JQ324666	H3ab	H	H3	H3	1.0000	1-16569	1	1	unique	50255	9745	0	0.000000
JQ324670	H1cd	H	H1	H1	1.0000	1-16569	1	1	unique	50256	9745	0	0.000000
JQ324676	H6a1b2d	H	H6	H6	1.0000	1-16569	1	1	unique	50257	9745	0	0.000000
JQ324687	H3av	H	H3	H3	1.0000	1-16569	1	1	unique	50260	9745	0	0.000000
JQ324688	H1t1a	H	H1	H1	1.0000	1-16569	1	1	unique	50261	9745	0	0.000000
JQ324699	H4a1a1a1a	H	H4	H4	1.0000	1-16569	1	1	unique	50264	9745	0	0.000000
JQ324705	H1j1	H	H1	H1	1.0000	1-16569	1	1	unique	50266	9745	0	0.000000
JQ324706	H5a3a1	H	H5	H5	1.0000	1-16569	1	1	unique	50267	9745	0	0.000000
JQ324713	H1aw1	H	H1	H1	1.0000	1-16569	1	1	unique	50269	9745	0	0.000000
JQ324719	H1av1	H	H1	H1	1.0000	1-16569	1	1	unique	50270	9745	0	0.000000
JQ324723	H1bv1	H	H1	H1	1.0000	1-16569	1	1	unique	50272	9745	0	0.000000
JQ324727	H81	H	H81	H81	1.0000	1-16569	1	1	unique	50273	9745	0	0.000000
JQ324734	H42a1	H	H42	H42	1.0000	1-16569	1	1	unique	50276	9745	0	0.000000
JQ324756	H1e1a4	H	H1	H1	1.0000	1-16569	1	1	unique	50279	9745	0	0.000000
JQ324760	H1j1c	H	H1	H1	1.0000	1-16569	1	1	unique	50280	9745	0	0.000000
JQ324778	H1bv1	H	H1	H1	1.0000	1-16569	1	1	unique	50284	9745	0	0.000000
JQ324817	H3x	H	H3	H3	1.0000	1-16569	1	1	unique	50291	9745	0	0.000000
JQ324820	H105a	H	H105	H105	1.0000	1-16569	1	1	unique	50292	9745	0	0.000000
JQ324828	H3c2a	H	H3	H3	1.0000	1-16569	1	1	unique	50293	9745	0	0.000000
JQ324829	H1b4	H	H1	H1	1.0000	1-16569	1	1	unique	50294	9745	0	0.000000
JQ324836	H1c4a1	H	H1	H1	1.0000	1-16569	1	1	unique	50296	9745	0	0.000000
JQ324837	H1t1	H	H1	H1	1.0000	1-16569	1	1	unique	50297	9745	0	0.000000
JQ324838	H1t1a1	H	H1	H1	1.0000	1-16569	1	1	unique	50298	9745	0	0.000000
JQ324843	H1q1a	H	H1	H1	1.0000	1-16569	1	1	unique	50300	9745	0	0.000000
JQ324851	H3at1	H	H3	H3	1.0000	1-16569	1	1	unique	50303	9745	0	0.000000
JQ324858	H3e	H	H3	H3	1.0000	1-16569	1	1	unique	50355	9745	0	0.000000
JQ324870	H1j1a2	H	H1	H1	1.0000	1-16569	1	1	unique	50358	9745	0	0.000000
JQ324873	H1e1a1	H	H1	H1	1.0000	1-16569	1	1	unique	50359	9745	0	0.000000
JQ324875	H24b	H	H24	H24	1.0000	1-16569	1	1	unique	50360	9745	0	0.000000
JQ324884	H1ak2	H	H1	H1	1.0000	1-16569	1	1	unique	50362	9745	0	0.000000
JQ324893	H1an1a	H	H1	H1	1.0000	1-16569	1	1	unique	50365	9745	0	0.000000
JQ324901	H1j1b	H	H1	H1	1.0000	1-16569	1	1	unique	50368	9745	0	0.000000
JQ324906	H3at1	H	H3	H3	1.0000	1-16569	1	1	unique	50369	9745	0	0.000000
JQ324929	H2a1	H	H2	H2	1.0000	1-16569	1	1	unique	50373	9745	0	0.000000
JQ406575	H1+16189	H	H1	H1	1.0000	1-16569	1	1	unique	50378	9745	0	0.000000
JQ629405	U6a8b	U	U6	U6	1.0000	1-16569	1	1	unique	50386	9745	0	0.000000
JQ701824	W3b1	W	W3	W3	1.0000	1-16569	1	1	unique	50402	9745	0	0.000000
JQ701826	H2a5b	H	H2	H2	1.0000	1-16569	1	1	unique	50404	9745	0	0.000000
JQ701848	H2a1a2	H	H2	H2	1.0000	1-16569	1	1	unique	50409	9745	0	0.000000
JQ701849	H10	H	H10	H10	1.0000	1-16569	1	1	unique	50410	9745	0	0.000000
JQ701858	K1a1b2a1a	K	K1	K1	1.0000	1-16569	1	1	unique	50416	9745	0	0.000000
JQ701860	H10b	H	H10	H10	1.0000	1-16569	1	1	unique	50417	9745	0	0.000000
JQ701866	U5a1a1d1	U	U5	U5	1.0000	1-16569	1	1	unique	50419	9745	0	0.000000
JQ701880	T2a1a7	T	T2	T2	1.0000	1-16569	1	1	unique	50422	9745	0	0.000000
JQ701900	I1a1e	I	I1	I1	1.0000	1-16569	1	1	unique	50430	9745	0	0.000000
JQ701914	L2a1m1a	L	L2	L2	1.0000	1-16569	1	1	unique	50437	9745	0	0.000000
JQ701915	U5b2a1a1a	U	U5	U5	1.0000	1-16569	1	1	unique	50438	9745	0	0.000000
JQ701944	H1a8	H	H1	H1	1.0000	1-16569	1	1	unique	50449	9745	0	0.000000
JQ701945	H1g1	H	H1	H1	1.0000	1-16569	1	1	unique	50450	9745	0	0.000000
JQ701946	X2b4	X	X2	X2	1.0000	1-16569	1	1	unique	50451	9745	0	0.000000
JQ701966	H1b1b	H	H1	H1	1.0000	1-16569	1	1	unique	50457	9745	0	0.000000
JQ701969	H1ai1	H	H1	H1	1.0000	1-16569	1	1	unique	50459	9745	0	0.000000
JQ701978	H1i2	H	H1	H1	1.0000	1-16569	1	1	unique	50462	9745	0	0.000000
JQ701982	T2b13	T	T2	T2	1.0000	1-16569	1	1	unique	50464	9745	0	0.000000
JQ701983	H3aj	H	H3	H3	1.0000	1-16569	1	1	unique	50465	9745	0	0.000000
JQ701984	H1c4b1	H	H1	H1	1.0000	1-16569	1	1	unique	50466	9745	0	0.000000
JQ701993	H1c+152	H	H1	H1	1.0000	1-16569	1	1	unique	50470	9745	0	0.000000
JQ701996	H77	H	H77	H77	1.0000	1-16569	1	1	unique	50471	9745	0	0.000000
JQ702022	H13a1a1e	H	H13	H13	1.0000	1-16569	1	1	unique	50482	9745	0	0.000000
JQ702041	I3a	I	I3	I3	1.0000	1-16569	1	1	unique	50489	9745	0	0.000000
JQ702049	J1c8a1	J	J1	J1	1.0000	1-16569	1	1	unique	50493	9745	0	0.000000
JQ702052	H47a	H	H47	H47	1.0000	1-16569	1	1	unique	50494	9745	0	0.000000
JQ702056	H7b2	H	H7	H7	1.0000	1-16569	1	1	unique	50495	9745	0	0.000000
JQ702057	H1aa1	H	H1	H1	1.0000	1-16569	1	1	unique	50496	9745	0	0.000000
JQ702071	H1ae1	H	H1	H1	1.0000	1-16569	1	1	unique	50499	9745	0	0.000000
JQ702073	H56	H	H56	H56	1.0000	1-16569	1	1	unique	50500	9745	0	0.000000
JQ702087	H3+152	H	H3	H3	1.0000	1-16569	1	1	unique	50505	9745	0	0.000000
JQ702092	H3m	H	H3	H3	1.0000	1-16569	1	1	unique	50507	9745	0	0.000000
JQ702096	X2b9	X	X2	X2	1.0000	1-16569	1	1	unique	50509	9745	0	0.000000
JQ702127	H3ac	H	H3	H3	1.0000	1-16569	1	1	unique	50518	9745	0	0.000000
JQ702129	K1c2	K	K1	K1	1.0000	1-16569	1	1	unique	50519	9745	0	0.000000
JQ702136	U5b2b3b	U	U5	U5	1.0000	1-16569	1	1	unique	50521	9745	0	0.000000
JQ702168	K1b1a1a	K	K1	K1	1.0000	1-16569	1	1	unique	50532	9745	0	0.000000
JQ702205	H2a5b1	H	H2	H2	1.0000	1-16569	1	1	unique	50541	9745	0	0.000000
JQ702206	V14	V	V14	V14	1.0000	1-16569	1	1	unique	50542	9745	0	0.000000
JQ702217	H26	H	H26	H26	1.0000	1-16569	1	1	unique	50549	9745	0	0.000000
JQ702249	W1g	W	W1	W1	1.0000	1-16569	1	1	unique	50559	9745	0	0.000000
JQ702256	H35a	H	H35	H35	1.0000	1-16569	1	1	unique	50562	9745	0	0.000000
JQ702267	U4d1a1	U	U4	U4	1.0000	1-16569	1	1	unique	50563	9745	0	0.000000
JQ702269	H1az	H	H1	H1	1.0000	1-16569	1	1	unique	50564	9745	0	0.000000
JQ702270	U4a1b	U	U4	U4	1.0000	1-16569	1	1	unique	50565	9745	0	0.000000
JQ702283	H14a2b	H	H14	H14	1.0000	1-16569	1	1	unique	50572	9745	0	0.000000
JQ702287	H2a2a1b	H	H2	H2	1.0000	1-16569	1	1	unique	50574	9745	0	0.000000
JQ702295	U5b3e	U	U5	U5	1.0000	1-16569	1	1	unique	50577	9745	0	0.000000
JQ702297	H33a	H	H33	H33	1.0000	1-16569	1	1	unique	50578	9745	0	0.000000
JQ702335	H1an2	H	H1	H1	1.0000	1-16569	1	1	unique	50594	9745	0	0.000000
JQ702337	H7d2a	H	H7	H7	1.0000	1-16569	1	1	unique	50595	9745	0	0.000000
JQ702360	H1o	H	H1	H1	1.0000	1-16569	1	1	unique	50602	9745	0	0.000000
JQ702368	H2a2b1a	H	H2	H2	1.0000	1-16569	1	1	unique	50605	9745	0	0.000000
JQ702369	I4a	I	I4	I4	1.0000	1-16569	1	1	unique	50606	9745	0	0.000000
JQ702380	K2a7	K	K2	K2	1.0000	1-16569	1	1	unique	50610	9745	0	0.000000
JQ702402	H5c	H	H5	H5	1.0000	1-16569	1	1	unique	50616	9745	0	0.000000
JQ702431	U5b2a2c	U	U5	U5	1.0000	1-16569	1	1	unique	50623	9745	0	0.000000
JQ702459	J2b1g	J	J2	J2	1.0000	1-16569	1	1	unique	50632	9745	0	0.000000
JQ702474	H1a6	H	H1	H1	1.0000	1-16569	1	1	unique	50634	9745	0	0.000000
JQ702482	X2b10	X	X2	X2	1.0000	1-16569	1	1	unique	50636	9745	0	0.000000
JQ702501	H1c13	H	H1	H1	1.0000	1-16569	1	1	unique	50646	9745	0	0.000000
JQ702502	H5a1h	H	H5	H5	1.0000	1-16569	1	1	unique	50647	9745	0	0.000000
JQ702535	H1a5	H	H1	H1	1.0000	1-16569	1	1	unique	50659	9745	0	0.000000
JQ702546	H4a1a4b2	H	H4	H4	1.0000	1-16569	1	1	unique	50662	9745	0	0.000000
JQ702549	U4a2h1	U	U4	U4	1.0000	1-16569	1	1	unique	50664	9745	0	0.000000
JQ702566	H1b2a	H	H1	H1	1.0000	1-16569	1	1	unique	50668	9745	0	0.000000
JQ702568	U5a1a2a1a	U	U5	U5	1.0000	1-16569	1	1	unique	50669	9745	0	0.000000
JQ702585	U5b2b4	U	U5	U5	1.0000	1-16569	1	1	unique	50676	9745	0	0.000000
JQ702623	H1ak	H	H1	H1	1.0000	1-16569	1	1	unique	50691	9745	0	0.000000
JQ702631	H4a1c1a	H	H4	H4	1.0000	1-16569	1	1	unique	50695	9745	0	0.000000
JQ702633	X2c1e	X	X2	X2	1.0000	1-16569	1	1	unique	50696	9745	0	0.000000
JQ702638	W1e1a	W	W1	W1	1.0000	1-16569	1	1	unique	50700	9745	0	0.000000
JQ702643	T1a1f	T	T1	T1	1.0000	1-16569	1	1	unique	50701	9745	0	0.000000
JQ702649	H1e1b1a	H	H1	H1	1.0000	1-16569	1	1	unique	50704	9745	0	0.000000
JQ702667	V3a1	V	V3	V3	1.0000	1-16569	1	1	unique	50711	9745	0	0.000000
JQ702668	B2a1a1	B	B2	B2	1.0000	1-16569	1	1	unique	50712	9745	0	0.000000
JQ702677	U3a1b	U	U3	U3	1.0000	1-16569	1	1	unique	50714	9745	0	0.000000
JQ702681	U3a1b	U	U3	U3	1.0000	1-16569	1	1	unique	50717	9745	0	0.000000
JQ702689	V21	V	V21	V21	1.0000	1-16569	1	1	unique	50719	9745	0	0.000000
JQ702691	J1c3	J	J1	J1	1.0000	1-16569	1	1	unique	50721	9745	0	0.000000
JQ702698	H1a3c	H	H1	H1	1.0000	1-16569	1	1	unique	50724	9745	0	0.000000
JQ702701	H1as	H	H1	H1	1.0000	1-16569	1	1	unique	50725	9745	0	0.000000
JQ702721	V19	V	V19	V19	1.0000	1-16569	1	1	unique	50731	9745	0	0.000000
JQ702728	T1a1k	T	T1	T1	1.0000	1-16569	1	1	unique	50736	9745	0	0.000000
JQ702735	U5a1f1a1	U	U5	U5	1.0000	1-16569	1	1	unique	50737	9745	0	0.000000
JQ702741	J1c2c2	J	J1	J1	1.0000	1-16569	1	1	unique	50742	9745	0	0.000000
JQ702742	J1c2a3	J	J1	J1	1.0000	1-16569	1	1	unique	50743	9745	0	0.000000
JQ702761	U8a1a2	U	U8	U8	1.0000	1-16569	1	1	unique	50750	9745	0	0.000000
JQ702793	W1	W	W1	W1	1.0000	1-16569	1	1	unique	50762	9745	0	0.000000
JQ702795	T2c1c2	T	T2	T2	1.0000	1-16569	1	1	unique	50763	9745	0	0.000000
JQ702796	K1a13	K	K1	K1	1.0000	1-16569	1	1	unique	50764	9745	0	0.000000
JQ702816	U6a1b2	U	U6	U6	1.0000	1-16569	1	1	unique	50771	9745	0	0.000000
JQ702817	X2c1a	X	X2	X2	1.0000	1-16569	1	1	unique	50772	9745	0	0.000000
JQ702818	H10h	H	H10	H10	1.0000	1-16569	1	1	unique	50773	9745	0	0.000000
JQ702830	H6a1b3a	H	H6	H6	1.0000	1-16569	1	1	unique	50775	9745	0	0.000000
JQ702834	H39a	H	H39	H39	1.0000	1-16569	1	1	unique	50777	9745	0	0.000000
JQ702850	H1c7	H	H1	H1	1.0000	1-16569	1	1	unique	50783	9745	0	0.000000
JQ702858	J2b1a3	J	J2	J2	1.0000	1-16569	1	1	unique	50784	9745	0	0.000000
JQ702863	J2b1a1a	J	J2	J2	1.0000	1-16569	1	1	unique	50786	9745	0	0.000000
JQ702864	U4b1b1b	U	U4	U4	1.0000	1-16569	1	1	unique	50787	9745	0	0.000000
JQ702886	H4a1a3a	H	H4	H4	1.0000	1-16569	1	1	unique	50792	9745	0	0.000000
JQ702891	T2e5	T	T2	T2	1.0000	1-16569	1	1	unique	50795	9745	0	0.000000
JQ702906	H55+153	H	H55	H55	1.0000	1-16569	1	1	unique	50804	9745	0	0.000000
JQ702933	H40b	H	H40	H40	1.0000	1-16569	1	1	unique	50818	9745	0	0.000000
JQ702940	R0a4	R	R0	R0	1.0000	1-16569	1	1	unique	50822	9745	0	0.000000
JQ702961	H27d	H	H27	H27	1.0000	1-16569	1	1	unique	50828	9745	0	0.000000
JQ702967	J1c11	J	J1	J1	1.0000	1-16569	1	1	unique	50831	9745	0	0.000000
JQ702978	T2b5	T	T2	T2	1.0000	1-16569	1	1	unique	50834	9745	0	0.000000
JQ702985	H49a1	H	H49	H49	1.0000	1-16569	1	1	unique	50837	9745	0	0.000000
JQ702988	T1a1+@152	T	T1	T1	1.0000	1-16569	1	1	unique	50839	9745	0	0.000000
JQ702992	H1e2b	H	H1	H1	1.0000	1-16569	1	1	unique	50840	9745	0	0.000000
JQ703009	T2b19b	T	T2	T2	1.0000	1-16569	1	1	unique	50845	9745	0	0.000000
JQ703021	K1b2a3	K	K1	K1	1.0000	1-16569	1	1	unique	50849	9745	0	0.000000
JQ703032	T1a1a1	T	T1	T1	1.0000	1-16569	1	1	unique	50853	9745	0	0.000000
JQ703036	L1b1a3b	L	L1	L1	1.0000	1-16569	1	1	unique	50954	9745	0	0.000000
JQ703042	T2b13b	T	T2	T2	1.0000	1-16569	1	1	unique	50955	9745	0	0.000000
JQ703058	W3a1c	W	W3	W3	1.0000	1-16569	1	1	unique	50956	9745	0	0.000000
JQ703070	H46a	H	H46	H46	1.0000	1-16569	1	1	unique	50958	9745	0	0.000000
JQ703071	H11a2a2	H	H11	H11	1.0000	1-16569	1	1	unique	50959	9745	0	0.000000
JQ703079	H15a1	H	H15	H15	1.0000	1-16569	1	1	unique	50961	9745	0	0.000000
JQ703092	H27c	H	H27	H27	1.0000	1-16569	1	1	unique	50965	9745	0	0.000000
JQ703094	H3y	H	H3	H3	1.0000	1-16569	1	1	unique	50966	9745	0	0.000000
JQ703113	HV0+195	HV	HV0	HV0	1.0000	1-16569	1	1	unique	50973	9745	0	0.000000
JQ703118	H3i	H	H3	H3	1.0000	1-16569	1	1	unique	50975	9745	0	0.000000
JQ703126	H1c19	H	H1	H1	1.0000	1-16569	1	1	unique	50977	9745	0	0.000000
JQ703132	H1bk	H	H1	H1	1.0000	1-16569	1	1	unique	50979	9745	0	0.000000
JQ703140	H3ap	H	H3	H3	1.0000	1-16569	1	1	unique	50983	9745	0	0.000000
JQ703145	H2a1e	H	H2	H2	1.0000	1-16569	1	1	unique	50985	9745	0	0.000000
JQ703147	H1j6	H	H1	H1	1.0000	1-16569	1	1	unique	50986	9745	0	0.000000
JQ703148	H1bg	H	H1	H1	1.0000	1-16569	1	1	unique	50987	9745	0	0.000000
JQ703153	H1c1+16093	H	H1	H1	1.0000	1-16569	1	1	unique	50989	9745	0	0.000000
JQ703157	H35	H	H35	H35	1.0000	1-16569	1	1	unique	50991	9745	0	0.000000
JQ703196	H1e4	H	H1	H1	1.0000	1-16569	1	1	unique	51007	9745	0	0.000000
JQ703204	H2a1b1	H	H2	H2	1.0000	1-16569	1	1	unique	51009	9745	0	0.000000
JQ703214	H2a1e1a1	H	H2	H2	1.0000	1-16569	1	1	unique	51014	9745	0	0.000000
JQ703217	H7a1b	H	H7	H7	1.0000	1-16569	1	1	unique	51016	9745	0	0.000000
JQ703223	H2a1b2	H	H2	H2	1.0000	1-16569	1	1	unique	51018	9745	0	0.000000
JQ703224	H1at1	H	H1	H1	1.0000	1-16569	1	1	unique	51019	9745	0	0.000000
JQ703235	H11a3	H	H11	H11	1.0000	1-16569	1	1	unique	51024	9745	0	0.000000
JQ703237	H10a1b	H	H10	H10	1.0000	1-16569	1	1	unique	51025	9745	0	0.000000
JQ703244	H1bt1	H	H1	H1	1.0000	1-16569	1	1	unique	51027	9745	0	0.000000
JQ703253	H11a+152	H	H11	H11	1.0000	1-16569	1	1	unique	51031	9745	0	0.000000
JQ703254	H1b1f	H	H1	H1	1.0000	1-16569	1	1	unique	51032	9745	0	0.000000
JQ703256	H1au1a	H	H1	H1	1.0000	1-16569	1	1	unique	51033	9745	0	0.000000
JQ703259	H11a1	H	H11	H11	1.0000	1-16569	1	1	unique	51035	9745	0	0.000000
JQ703263	T2b22	T	T2	T2	1.0000	1-16569	1	1	unique	51037	9745	0	0.000000
JQ703268	H1b2a1	H	H1	H1	1.0000	1-16569	1	1	unique	51041	9745	0	0.000000
JQ703272	H3ad	H	H3	H3	1.0000	1-16569	1	1	unique	51043	9745	0	0.000000
JQ703278	H5q	H	H5	H5	1.0000	1-16569	1	1	unique	51045	9745	0	0.000000
JQ703289	H3v1	H	H3	H3	1.0000	1-16569	1	1	unique	51050	9745	0	0.000000
JQ703290	H2a2	H	H2	H2	1.0000	1-16569	1	1	unique	51051	9745	0	0.000000
JQ703292	K1c1d	K	K1	K1	1.0000	1-16569	1	1	unique	51053	9745	0	0.000000
JQ703305	H1+152	H	H1	H1	1.0000	1-16569	1	1	unique	51057	9745	0	0.000000
JQ703312	H1n5	H	H1	H1	1.0000	1-16569	1	1	unique	51061	9745	0	0.000000
JQ703316	H1ag1	H	H1	H1	1.0000	1-16569	1	1	unique	51063	9745	0	0.000000
JQ703321	H6a1b4	H	H6	H6	1.0000	1-16569	1	1	unique	51066	9745	0	0.000000
JQ703322	H1f+16093	H	H1	H1	1.0000	1-16569	1	1	unique	51067	9745	0	0.000000
JQ703325	H39b	H	H39	H39	1.0000	1-16569	1	1	unique	51069	9745	0	0.000000
JQ703327	H50	H	H50	H50	1.0000	1-16569	1	1	unique	51070	9745	0	0.000000
JQ703331	U5a1b3	U	U5	U5	1.0000	1-16569	1	1	unique	51071	9745	0	0.000000
JQ703345	H6a1a2b1	H	H6	H6	1.0000	1-16569	1	1	unique	51074	9745	0	0.000000
JQ703349	H52	H	H52	H52	1.0000	1-16569	1	1	unique	51077	9745	0	0.000000
JQ703362	H2a1b1	H	H2	H2	1.0000	1-16569	1	1	unique	51083	9745	0	0.000000
JQ703367	HV9	HV	HV9	HV9	1.0000	1-16569	1	1	unique	51086	9745	0	0.000000
JQ703369	H51a	H	H51	H51	1.0000	1-16569	1	1	unique	51088	9745	0	0.000000
JQ703371	H1aq1	H	H1	H1	1.0000	1-16569	1	1	unique	51089	9745	0	0.000000
JQ703372	H7b	H	H7	H7	1.0000	1-16569	1	1	unique	51090	9745	0	0.000000
JQ703382	H3b1b1	H	H3	H3	1.0000	1-16569	1	1	unique	51093	9745	0	0.000000
JQ703391	H6a1b2b	H	H6	H6	1.0000	1-16569	1	1	unique	51098	9745	0	0.000000
JQ703397	H2a1a1	H	H2	H2	1.0000	1-16569	1	1	unique	51099	9745	0	0.000000
JQ703417	H26a1a1	H	H26	H26	1.0000	1-16569	1	1	unique	51106	9745	0	0.000000
JQ703424	H1a1b	H	H1	H1	1.0000	1-16569	1	1	unique	51109	9745	0	0.000000
JQ703438	H1e1a	H	H1	H1	1.0000	1-16569	1	1	unique	51111	9745	0	0.000000
JQ703455	H66a1	H	H66	H66	1.0000	1-16569	1	1	unique	51118	9745	0	0.000000
JQ703459	H1c9a	H	H1	H1	1.0000	1-16569	1	1	unique	51120	9745	0	0.000000
JQ703473	H1ad	H	H1	H1	1.0000	1-16569	1	1	unique	51124	9745	0	0.000000
JQ703479	H7g	H	H7	H7	1.0000	1-16569	1	1	unique	51126	9745	0	0.000000
JQ703500	H1b1h	H	H1	H1	1.0000	1-16569	1	1	unique	51133	9745	0	0.000000
JQ703513	H5a1g1a	H	H5	H5	1.0000	1-16569	1	1	unique	51138	9745	0	0.000000
JQ703542	H4a1a2a	H	H4	H4	1.0000	1-16569	1	1	unique	51150	9745	0	0.000000
JQ703547	H5s	H	H5	H5	1.0000	1-16569	1	1	unique	51152	9745	0	0.000000
JQ703551	H1c15	H	H1	H1	1.0000	1-16569	1	1	unique	51154	9745	0	0.000000
JQ703552	J2a1a1c	J	J2	J2	1.0000	1-16569	1	1	unique	51155	9745	0	0.000000
JQ703582	H2a1c	H	H2	H2	1.0000	1-16569	1	1	unique	51164	9745	0	0.000000
JQ703584	J1c13	J	J1	J1	1.0000	1-16569	1	1	unique	51165	9745	0	0.000000
JQ703590	U5a1a1c	U	U5	U5	1.0000	1-16569	1	1	unique	51166	9745	0	0.000000
JQ703600	U5b1b1a1b	U	U5	U5	1.0000	1-16569	1	1	unique	51170	9745	0	0.000000
JQ703613	J1c2b1	J	J1	J1	1.0000	1-16569	1	1	unique	51176	9745	0	0.000000
JQ703620	H5a1e	H	H5	H5	1.0000	1-16569	1	1	unique	51177	9745	0	0.000000
JQ703635	H1bu	H	H1	H1	1.0000	1-16569	1	1	unique	51184	9745	0	0.000000
JQ703637	H1c9a	H	H1	H1	1.0000	1-16569	1	1	unique	51185	9745	0	0.000000
JQ703645	H10e1a	H	H10	H10	1.0000	1-16569	1	1	unique	51187	9745	0	0.000000
JQ703648	K1a3a1	K	K1	K1	1.0000	1-16569	1	1	unique	51189	9745	0	0.000000
JQ703668	H1bh	H	H1	H1	1.0000	1-16569	1	1	unique	51195	9745	0	0.000000
JQ703681	H1be	H	H1	H1	1.0000	1-16569	1	1	unique	51198	9745	0	0.000000
JQ703687	H1ah2	H	H1	H1	1.0000	1-16569	1	1	unique	51202	9745	0	0.000000
JQ703701	H44a	H	H44	H44	1.0000	1-16569	1	1	unique	51206	9745	0	0.000000
JQ703703	X2c1c1	X	X2	X2	1.0000	1-16569	1	1	unique	51207	9745	0	0.000000
JQ703706	H1am	H	H1	H1	1.0000	1-16569	1	1	unique	51208	9745	0	0.000000
JQ703712	T2b5a1	T	T2	T2	1.0000	1-16569	1	1	unique	51211	9745	0	0.000000
JQ703716	T2b5a	T	T2	T2	1.0000	1-16569	1	1	unique	51213	9745	0	0.000000
JQ703756	H1ae3a	H	H1	H1	1.0000	1-16569	1	1	unique	51230	9745	0	0.000000
JQ703758	H1a8a	H	H1	H1	1.0000	1-16569	1	1	unique	51231	9745	0	0.000000
JQ703765	H1n4	H	H1	H1	1.0000	1-16569	1	1	unique	51233	9745	0	0.000000
JQ703775	K1a3a4	K	K1	K1	1.0000	1-16569	1	1	unique	51238	9745	0	0.000000
JQ703776	T2a1b1a2	T	T2	T2	1.0000	1-16569	1	1	unique	51239	9745	0	0.000000
JQ703783	J1c1b	J	J1	J1	1.0000	1-16569	1	1	unique	51243	9745	0	0.000000
JQ703784	J2b1b	J	J2	J2	1.0000	1-16569	1	1	unique	51244	9745	0	0.000000
JQ703788	H1aj1a	H	H1	H1	1.0000	1-16569	1	1	unique	51246	9745	0	0.000000
JQ703804	H61a	H	H61	H61	1.0000	1-16569	1	1	unique	51253	9745	0	0.000000
JQ703820	H5a1g2	H	H5	H5	1.0000	1-16569	1	1	unique	51257	9745	0	0.000000
JQ703821	H45b	H	H45	H45	1.0000	1-16569	1	1	unique	51258	9745	0	0.000000
JQ703824	H5a3b	H	H5	H5	1.0000	1-16569	1	1	unique	51260	9745	0	0.000000
JQ703827	C1c7	C	C1	C1	1.0000	1-16569	1	1	unique	51262	9745	0	0.000000
JQ703838	H1b1e	H	H1	H1	1.0000	1-16569	1	1	unique	51264	9745	0	0.000000
JQ703844	M7c1c3d	M	M7	M7	1.0000	1-16569	1	1	unique	51266	9745	0	0.000000
JQ703860	K1c1c	K	K1	K1	1.0000	1-16569	1	1	unique	51269	9745	0	0.000000
JQ703871	H14a2b	H	H14	H14	1.0000	1-16569	1	1	unique	51272	9745	0	0.000000
JQ703876	K1b2b	K	K1	K1	1.0000	1-16569	1	1	unique	51275	9745	0	0.000000
JQ703883	I3c	I	I3	I3	1.0000	1-16569	1	1	unique	51277	9745	0	0.000000
JQ703887	U4a1a2	U	U4	U4	1.0000	1-16569	1	1	unique	51278	9745	0	0.000000
JQ703898	H24a1	H	H24	H24	1.0000	1-16569	1	1	unique	51283	9745	0	0.000000
JQ703916	J1c4b	J	J1	J1	1.0000	1-16569	1	1	unique	51292	9745	0	0.000000
JQ703917	U2e1b1	U	U2	U2	1.0000	1-16569	1	1	unique	51293	9745	0	0.000000
JQ703932	J1c7a	J	J1	J1	1.0000	1-16569	1	1	unique	51298	9745	0	0.000000
JQ703937	U5a1a1b	U	U5	U5	1.0000	1-16569	1	1	unique	51300	9745	0	0.000000
JQ703938	H1ag1a	H	H1	H1	1.0000	1-16569	1	1	unique	51301	9745	0	0.000000
JQ703940	H31b	H	H31	H31	1.0000	1-16569	1	1	unique	51303	9745	0	0.000000
JQ703947	U4a1	U	U4	U4	1.0000	1-16569	1	1	unique	51307	9745	0	0.000000
JQ703963	U5a1b1a	U	U5	U5	1.0000	1-16569	1	1	unique	51311	9745	0	0.000000
JQ703968	U2e2a1a	U	U2	U2	1.0000	1-16569	1	1	unique	51313	9745	0	0.000000
JQ703977	U4a1a3	U	U4	U4	1.0000	1-16569	1	1	unique	51317	9745	0	0.000000
JQ703991	V15a	V	V15	V15	1.0000	1-16569	1	1	unique	51325	9745	0	0.000000
JQ703995	H1m1	H	H1	H1	1.0000	1-16569	1	1	unique	51326	9745	0	0.000000
JQ703997	T2f	T	T2	T2	1.0000	1-16569	1	1	unique	51327	9745	0	0.000000
JQ704003	H1b1	H	H1	H1	1.0000	1-16569	1	1	unique	51329	9745	0	0.000000
JQ704024	H44a	H	H44	H44	1.0000	1-16569	1	1	unique	51335	9745	0	0.000000
JQ704026	U5a1h	U	U5	U5	1.0000	1-16569	1	1	unique	51337	9745	0	0.000000
JQ704028	U5a1b1c2	U	U5	U5	1.0000	1-16569	1	1	unique	51339	9745	0	0.000000
JQ704036	V3b	V	V3	V3	1.0000	1-16569	1	1	unique	51342	9745	0	0.000000
JQ704043	U5b1c2b	U	U5	U5	1.0000	1-16569	1	1	unique	51346	9745	0	0.000000
JQ704045	U5a1b+16362	U	U5	U5	1.0000	1-16569	1	1	unique	51348	9745	0	0.000000
JQ704050	H1a3a	H	H1	H1	1.0000	1-16569	1	1	unique	51349	9745	0	0.000000
JQ704063	V2b2	V	V2	V2	1.0000	1-16569	1	1	unique	51355	9745	0	0.000000
JQ704066	H1at1a	H	H1	H1	1.0000	1-16569	1	1	unique	51357	9745	0	0.000000
JQ704074	U5a2a1+152	U	U5	U5	1.0000	1-16569	1	1	unique	51362	9745	0	0.000000
JQ704080	H1c6	H	H1	H1	1.0000	1-16569	1	1	unique	51364	9745	0	0.000000
JQ704100	U7b2	U	U7	U7	1.0000	1-16569	1	1	unique	51373	9745	0	0.000000
JQ704102	U2e3a	U	U2	U2	1.0000	1-16569	1	1	unique	51374	9745	0	0.000000
JQ704105	H3b1b1a	H	H3	H3	1.0000	1-16569	1	1	unique	51375	9745	0	0.000000
JQ704119	H1c3a	H	H1	H1	1.0000	1-16569	1	1	unique	51380	9745	0	0.000000
JQ704120	H3s	H	H3	H3	1.0000	1-16569	1	1	unique	51381	9745	0	0.000000
JQ704140	H2a2b2	H	H2	H2	1.0000	1-16569	1	1	unique	51391	9745	0	0.000000
JQ704142	HV0g	HV	HV0	HV0	1.0000	1-16569	1	1	unique	51392	9745	0	0.000000
JQ704143	HV0c	HV	HV0	HV0	1.0000	1-16569	1	1	unique	51393	9745	0	0.000000
JQ704149	H63	H	H63	H63	1.0000	1-16569	1	1	unique	51396	9745	0	0.000000
JQ704155	U4b1b1b	U	U4	U4	1.0000	1-16569	1	1	unique	51399	9745	0	0.000000
JQ704157	H1y	H	H1	H1	1.0000	1-16569	1	1	unique	51400	9745	0	0.000000
JQ704159	H1b1c	H	H1	H1	1.0000	1-16569	1	1	unique	51402	9745	0	0.000000
JQ704162	H1bc	H	H1	H1	1.0000	1-16569	1	1	unique	51405	9745	0	0.000000
JQ704176	H13a1a6	H	H13	H13	1.0000	1-16569	1	1	unique	51409	9745	0	0.000000
JQ704192	H3as	H	H3	H3	1.0000	1-16569	1	1	unique	51417	9745	0	0.000000
JQ704195	H6a1a6	H	H6	H6	1.0000	1-16569	1	1	unique	51419	9745	0	0.000000
JQ704197	H3b4	H	H3	H3	1.0000	1-16569	1	1	unique	51420	9745	0	0.000000
JQ704209	H10e	H	H10	H10	1.0000	1-16569	1	1	unique	51427	9745	0	0.000000
JQ704212	H1bi	H	H1	H1	1.0000	1-16569	1	1	unique	51428	9745	0	0.000000
JQ704223	H1a4	H	H1	H1	1.0000	1-16569	1	1	unique	51430	9745	0	0.000000
JQ704228	K1a9	K	K1	K1	1.0000	1-16569	1	1	unique	51434	9745	0	0.000000
JQ704230	H1+16239	H	H1	H1	1.0000	1-16569	1	1	unique	51436	9745	0	0.000000
JQ704242	H1c12	H	H1	H1	1.0000	1-16569	1	1	unique	51442	9745	0	0.000000
JQ704265	H1a1a1	H	H1	H1	1.0000	1-16569	1	1	unique	51450	9745	0	0.000000
JQ704286	H11b1	H	H11	H11	1.0000	1-16569	1	1	unique	51507	9745	0	0.000000
JQ704287	H10a1a	H	H10	H10	1.0000	1-16569	1	1	unique	51508	9745	0	0.000000
JQ704291	H1ar1	H	H1	H1	1.0000	1-16569	1	1	unique	51510	9745	0	0.000000
JQ704293	H1ah2	H	H1	H1	1.0000	1-16569	1	1	unique	51511	9745	0	0.000000
JQ704294	H1c8	H	H1	H1	1.0000	1-16569	1	1	unique	51512	9745	0	0.000000
JQ704298	H1f	H	H1	H1	1.0000	1-16569	1	1	unique	51514	9745	0	0.000000
JQ704303	H1af	H	H1	H1	1.0000	1-16569	1	1	unique	51516	9745	0	0.000000
JQ704313	H13b2	H	H13	H13	1.0000	1-16569	1	1	unique	51517	9745	0	0.000000
JQ704318	H3q	H	H3	H3	1.0000	1-16569	1	1	unique	51518	9745	0	0.000000
JQ704324	H5a1n	H	H5	H5	1.0000	1-16569	1	1	unique	51519	9745	0	0.000000
JQ704325	H39c	H	H39	H39	1.0000	1-16569	1	1	unique	51520	9745	0	0.000000
JQ704337	H2a2a+(16235)	H	H2	H2	1.0000	1-16569	1	1	unique	51524	9745	0	0.000000
JQ704345	U4a1a3	U	U4	U4	1.0000	1-16569	1	1	unique	51529	9745	0	0.000000
JQ704358	H1j3	H	H1	H1	1.0000	1-16569	1	1	unique	51533	9745	0	0.000000
JQ704364	H15a1a	H	H15	H15	1.0000	1-16569	1	1	unique	51538	9745	0	0.000000
JQ704370	H1as2	H	H1	H1	1.0000	1-16569	1	1	unique	51540	9745	0	0.000000
JQ704371	H56c	H	H56	H56	1.0000	1-16569	1	1	unique	51541	9745	0	0.000000
JQ704377	H7f	H	H7	H7	1.0000	1-16569	1	1	unique	51545	9745	0	0.000000
JQ704378	H1c4b	H	H1	H1	1.0000	1-16569	1	1	unique	51546	9745	0	0.000000
JQ704394	H93	H	H93	H93	1.0000	1-16569	1	1	unique	51553	9745	0	0.000000
JQ704396	H5a7	H	H5	H5	1.0000	1-16569	1	1	unique	51555	9745	0	0.000000
JQ704409	H16	H	H16	H16	1.0000	1-16569	1	1	unique	51559	9745	0	0.000000
JQ704415	H5a2	H	H5	H5	1.0000	1-16569	1	1	unique	51562	9745	0	0.000000
JQ704428	H7b6	H	H7	H7	1.0000	1-16569	1	1	unique	51567	9745	0	0.000000
JQ704432	J1c2f	J	J1	J1	1.0000	1-16569	1	1	unique	51568	9745	0	0.000000
JQ704434	H2a1+146	H	H2	H2	1.0000	1-16569	1	1	unique	51570	9745	0	0.000000
JQ704436	H3h3a	H	H3	H3	1.0000	1-16569	1	1	unique	51572	9745	0	0.000000
JQ704438	H1c2a	H	H1	H1	1.0000	1-16569	1	1	unique	51573	9745	0	0.000000
JQ704443	H18	H	H18	H18	1.0000	1-16569	1	1	unique	51575	9745	0	0.000000
JQ704455	H3g2	H	H3	H3	1.0000	1-16569	1	1	unique	51577	9745	0	0.000000
JQ704456	H3b1b	H	H3	H3	1.0000	1-16569	1	1	unique	51578	9745	0	0.000000
JQ704457	H17c	H	H17	H17	1.0000	1-16569	1	1	unique	51579	9745	0	0.000000
JQ704460	H55b	H	H55	H55	1.0000	1-16569	1	1	unique	51581	9745	0	0.000000
JQ704461	H39a1	H	H39	H39	1.0000	1-16569	1	1	unique	51582	9745	0	0.000000
JQ704464	H1e1a+16278	H	H1	H1	1.0000	1-16569	1	1	unique	51583	9745	0	0.000000
JQ704469	H6a1a8a	H	H6	H6	1.0000	1-16569	1	1	unique	51586	9745	0	0.000000
JQ704484	H3h4	H	H3	H3	1.0000	1-16569	1	1	unique	51590	9745	0	0.000000
JQ704490	H3p	H	H3	H3	1.0000	1-16569	1	1	unique	51592	9745	0	0.000000
JQ704517	U5b1b1e	U	U5	U5	1.0000	1-16569	1	1	unique	51605	9745	0	0.000000
JQ704520	H2a2a1f	H	H2	H2	1.0000	1-16569	1	1	unique	51607	9745	0	0.000000
JQ704524	H7a1c	H	H7	H7	1.0000	1-16569	1	1	unique	51610	9745	0	0.000000
JQ704525	H1a5	H	H1	H1	1.0000	1-16569	1	1	unique	51611	9745	0	0.000000
JQ704532	H2a2a1h	H	H2	H2	1.0000	1-16569	1	1	unique	51614	9745	0	0.000000
JQ704540	H29b	H	H29	H29	1.0000	1-16569	1	1	unique	51620	9745	0	0.000000
JQ704554	J1c2b	J	J1	J1	1.0000	1-16569	1	1	unique	51626	9745	0	0.000000
JQ704565	H2a2b5a	H	H2	H2	1.0000	1-16569	1	1	unique	51633	9745	0	0.000000
JQ704571	H1ad	H	H1	H1	1.0000	1-16569	1	1	unique	51635	9745	0	0.000000
JQ704602	V10a	V	V10	V10	1.0000	1-16569	1	1	unique	51645	9745	0	0.000000
JQ704605	H7c2	H	H7	H7	1.0000	1-16569	1	1	unique	51646	9745	0	0.000000
JQ704612	H1a3a1	H	H1	H1	1.0000	1-16569	1	1	unique	51648	9745	0	0.000000
JQ704638	H3aa	H	H3	H3	1.0000	1-16569	1	1	unique	51653	9745	0	0.000000
JQ704643	T2b7a2	T	T2	T2	1.0000	1-16569	1	1	unique	51654	9745	0	0.000000
JQ704644	H27f	H	H27	H27	1.0000	1-16569	1	1	unique	51655	9745	0	0.000000
JQ704656	H1e1b1b	H	H1	H1	1.0000	1-16569	1	1	unique	51660	9745	0	0.000000
JQ704657	H1ag1	H	H1	H1	1.0000	1-16569	1	1	unique	51661	9745	0	0.000000
JQ704669	H1ap1	H	H1	H1	1.0000	1-16569	1	1	unique	51663	9745	0	0.000000
JQ704682	H13a1a1	H	H13	H13	1.0000	1-16569	1	1	unique	51670	9745	0	0.000000
JQ704687	H2a5b1	H	H2	H2	1.0000	1-16569	1	1	unique	51672	9745	0	0.000000
JQ704690	I1a1b	I	I1	I1	1.0000	1-16569	1	1	unique	51673	9745	0	0.000000
JQ704707	K2a3	K	K2	K2	1.0000	1-16569	1	1	unique	51681	9745	0	0.000000
JQ704711	H7d2	H	H7	H7	1.0000	1-16569	1	1	unique	51683	9745	0	0.000000
JQ704713	I5a1b	I	I5	I5	1.0000	1-16569	1	1	unique	51685	9745	0	0.000000
JQ704715	H1ab	H	H1	H1	1.0000	1-16569	1	1	unique	51687	9745	0	0.000000
JQ704717	H1h2	H	H1	H1	1.0000	1-16569	1	1	unique	51689	9745	0	0.000000
JQ704724	K1d	K	K1	K1	1.0000	1-16569	1	1	unique	51691	9745	0	0.000000
JQ704726	U5b2a1a+16311	U	U5	U5	1.0000	1-16569	1	1	unique	51692	9745	0	0.000000
JQ704730	H5a1f	H	H5	H5	1.0000	1-16569	1	1	unique	51694	9745	0	0.000000
JQ704740	L2c2a1	L	L2	L2	1.0000	1-16569	1	1	unique	51698	9745	0	0.000000
JQ704741	U4d1a1a	U	U4	U4	1.0000	1-16569	1	1	unique	51699	9745	0	0.000000
JQ704754	X2b7	X	X2	X2	1.0000	1-16569	1	1	unique	51704	9745	0	0.000000
JQ704763	M1a1a1	M	M1	M1	1.0000	1-16569	1	1	unique	51708	9745	0	0.000000
JQ704766	H5a1q	H	H5	H5	1.0000	1-16569	1	1	unique	51710	9745	0	0.000000
JQ704801	T1a1c	T	T1	T1	1.0000	1-16569	1	1	unique	51724	9745	0	0.000000
JQ704807	T2f1a	T	T2	T2	1.0000	1-16569	1	1	unique	51727	9745	0	0.000000
JQ704816	J1c5c	J	J1	J1	1.0000	1-16569	1	1	unique	51731	9745	0	0.000000
JQ704831	H81a	H	H81	H81	1.0000	1-16569	1	1	unique	51737	9745	0	0.000000
JQ704834	H3a	H	H3	H3	1.0000	1-16569	1	1	unique	51738	9745	0	0.000000
JQ704835	H72	H	H72	H72	1.0000	1-16569	1	1	unique	51739	9745	0	0.000000
JQ704838	H1a3a2	H	H1	H1	1.0000	1-16569	1	1	unique	51741	9745	0	0.000000
JQ704841	H13a1a1d1	H	H13	H13	1.0000	1-16569	1	1	unique	51742	9745	0	0.000000
JQ704842	H2a2a1d	H	H2	H2	1.0000	1-16569	1	1	unique	51743	9745	0	0.000000
JQ704859	X2b12	X	X2	X2	1.0000	1-16569	1	1	unique	51749	9745	0	0.000000
JQ704866	X2k	X	X2	X2	1.0000	1-16569	1	1	unique	51750	9745	0	0.000000
JQ704886	H5a1g1a	H	H5	H5	1.0000	1-16569	1	1	unique	51755	9745	0	0.000000
JQ704894	H1b2a1	H	H1	H1	1.0000	1-16569	1	1	unique	51757	9745	0	0.000000
JQ704903	H3v	H	H3	H3	1.0000	1-16569	1	1	unique	51761	9745	0	0.000000
JQ704946	J1c2g	J	J1	J1	1.0000	1-16569	1	1	unique	51768	9745	0	0.000000
JQ704955	H10c	H	H10	H10	1.0000	1-16569	1	1	unique	51770	9745	0	0.000000
JQ704965	J1c2d	J	J1	J1	1.0000	1-16569	1	1	unique	51774	9745	0	0.000000
JQ704971	U5b3b	U	U5	U5	1.0000	1-16569	1	1	unique	51778	9745	0	0.000000
JQ704988	V23	V	V23	V23	1.0000	1-16569	1	1	unique	51788	9745	0	0.000000
JQ704994	H1ac	H	H1	H1	1.0000	1-16569	1	1	unique	51789	9745	0	0.000000
JQ704997	T2b7a2	T	T2	T2	1.0000	1-16569	1	1	unique	51790	9745	0	0.000000
JQ705005	H46a	H	H46	H46	1.0000	1-16569	1	1	unique	51791	9745	0	0.000000
JQ705028	H1+16311	H	H1	H1	1.0000	1-16569	1	1	unique	51795	9745	0	0.000000
JQ705035	H5a1d	H	H5	H5	1.0000	1-16569	1	1	unique	51796	9745	0	0.000000
JQ705037	T2b3d	T	T2	T2	1.0000	1-16569	1	1	unique	51798	9745	0	0.000000
JQ705039	H1i2a	H	H1	H1	1.0000	1-16569	1	1	unique	51800	9745	0	0.000000
JQ705041	H3h5	H	H3	H3	1.0000	1-16569	1	1	unique	51802	9745	0	0.000000
JQ705043	U3b1b	U	U3	U3	1.0000	1-16569	1	1	unique	51804	9745	0	0.000000
JQ705044	K1b2a2	K	K1	K1	1.0000	1-16569	1	1	unique	51805	9745	0	0.000000
JQ705083	J1c16	J	J1	J1	1.0000	1-16569	1	1	unique	51815	9745	0	0.000000
JQ705092	K2b1a1	K	K2	K2	1.0000	1-16569	1	1	unique	51817	9745	0	0.000000
JQ705093	J1b1a1	J	J1	J1	1.0000	1-16569	1	1	unique	51818	9745	0	0.000000
JQ705095	U5b1c1a1	U	U5	U5	1.0000	1-16569	1	1	unique	51819	9745	0	0.000000
JQ705101	U5a1b3a1	U	U5	U5	1.0000	1-16569	1	1	unique	51822	9745	0	0.000000
JQ705105	U5b1b2	U	U5	U5	1.0000	1-16569	1	1	unique	51824	9745	0	0.000000
JQ705124	H3ag1	H	H3	H3	1.0000	1-16569	1	1	unique	51831	9745	0	0.000000
JQ705126	H1b1d	H	H1	H1	1.0000	1-16569	1	1	unique	51832	9745	0	0.000000
JQ705143	H47a	H	H47	H47	1.0000	1-16569	1	1	unique	51841	9745	0	0.000000
JQ705153	C1b12	C	C1	C1	1.0000	1-16569	1	1	unique	51847	9745	0	0.000000
JQ705158	U5b2a2a	U	U5	U5	1.0000	1-16569	1	1	unique	51852	9745	0	0.000000
JQ705175	I2a3	I	I2	I2	1.0000	1-16569	1	1	unique	51857	9745	0	0.000000
JQ705176	H51	H	H51	H51	1.0000	1-16569	1	1	unique	51858	9745	0	0.000000
JQ705181	H3g1	H	H3	H3	1.0000	1-16569	1	1	unique	51860	9745	0	0.000000
JQ705183	U5b1h	U	U5	U5	1.0000	1-16569	1	1	unique	51861	9745	0	0.000000
JQ705185	L2a1l2a	L	L2	L2	1.0000	1-16569	1	1	unique	51862	9745	0	0.000000
JQ705189	I1a1d	I	I1	I1	1.0000	1-16569	1	1	unique	51864	9745	0	0.000000
JQ705230	H7d2a	H	H7	H7	1.0000	1-16569	1	1	unique	51876	9745	0	0.000000
JQ705232	H45a	H	H45	H45	1.0000	1-16569	1	1	unique	51877	9745	0	0.000000
JQ705238	H1c17	H	H1	H1	1.0000	1-16569	1	1	unique	51879	9745	0	0.000000
JQ705245	U5a1b1a1	U	U5	U5	1.0000	1-16569	1	1	unique	51883	9745	0	0.000000
JQ705254	V2c	V	V2	V2	1.0000	1-16569	1	1	unique	51884	9745	0	0.000000
JQ705255	U4b1a1a	U	U4	U4	1.0000	1-16569	1	1	unique	51885	9745	0	0.000000
JQ705258	H27	H	H27	H27	1.0000	1-16569	1	1	unique	51886	9745	0	0.000000
JQ705260	H24a	H	H24	H24	1.0000	1-16569	1	1	unique	51888	9745	0	0.000000
JQ705265	H2a2a1g	H	H2	H2	1.0000	1-16569	1	1	unique	51889	9745	0	0.000000
JQ705279	U5a1a2b1	U	U5	U5	1.0000	1-16569	1	1	unique	51892	9745	0	0.000000
JQ705294	H1j	H	H1	H1	1.0000	1-16569	1	1	unique	51897	9745	0	0.000000
JQ705305	R0a4	R	R0	R0	1.0000	1-16569	1	1	unique	51901	9745	0	0.000000
JQ705320	L3e4a1	L	L3	L3	1.0000	1-16569	1	1	unique	51908	9745	0	0.000000
JQ705329	H3a1a	H	H3	H3	1.0000	1-16569	1	1	unique	51911	9745	0	0.000000
JQ705342	U4b1b1	U	U4	U4	1.0000	1-16569	1	1	unique	51918	9745	0	0.000000
JQ705347	U8a1a1	U	U8	U8	1.0000	1-16569	1	1	unique	51919	9745	0	0.000000
JQ705357	T2b6+146	T	T2	T2	1.0000	1-16569	1	1	unique	51922	9745	0	0.000000
JQ705364	I1c1a	I	I1	I1	1.0000	1-16569	1	1	unique	51924	9745	0	0.000000
JQ705366	H27	H	H27	H27	1.0000	1-16569	1	1	unique	51926	9745	0	0.000000
JQ705381	C4c2	C	C4	C4	1.0000	1-16569	1	1	unique	51931	9745	0	0.000000
JQ705386	U2e2a1c	U	U2	U2	1.0000	1-16569	1	1	unique	51934	9745	0	0.000000
JQ705390	J2a1a1b	J	J2	J2	1.0000	1-16569	1	1	unique	51937	9745	0	0.000000
JQ705403	H83	H	H83	H83	1.0000	1-16569	1	1	unique	51941	9745	0	0.000000
JQ705407	H66a	H	H66	H66	1.0000	1-16569	1	1	unique	51943	9745	0	0.000000
JQ705415	H5a1g2	H	H5	H5	1.0000	1-16569	1	1	unique	51946	9745	0	0.000000
JQ705419	U5b2a4a	U	U5	U5	1.0000	1-16569	1	1	unique	51949	9745	0	0.000000
JQ705434	A2j	A	A2	A2	1.0000	1-16569	1	1	unique	51955	9745	0	0.000000
JQ705437	H3ai	H	H3	H3	1.0000	1-16569	1	1	unique	51958	9745	0	0.000000
JQ705439	J1c4c	J	J1	J1	1.0000	1-16569	1	1	unique	51959	9745	0	0.000000
JQ705441	T1a1i	T	T1	T1	1.0000	1-16569	1	1	unique	51960	9745	0	0.000000
JQ705449	J1c8b	J	J1	J1	1.0000	1-16569	1	1	unique	51963	9745	0	0.000000
JQ705450	H76	H	H76	H76	1.0000	1-16569	1	1	unique	51964	9745	0	0.000000
JQ705466	J2b1a4	J	J2	J2	1.0000	1-16569	1	1	unique	51969	9745	0	0.000000
JQ705480	X2c1d	X	X2	X2	1.0000	1-16569	1	1	unique	51974	9745	0	0.000000
JQ705494	T2b6a	T	T2	T2	1.0000	1-16569	1	1	unique	51984	9745	0	0.000000
JQ705495	H1c11	H	H1	H1	1.0000	1-16569	1	1	unique	51985	9745	0	0.000000
JQ705499	T2a1a5	T	T2	T2	1.0000	1-16569	1	1	unique	51987	9745	0	0.000000
JQ705506	V12	V	V12	V12	1.0000	1-16569	1	1	unique	51989	9745	0	0.000000
JQ705516	H1c4	H	H1	H1	1.0000	1-16569	1	1	unique	51992	9745	0	0.000000
JQ705519	K1b2a1a1	K	K1	K1	1.0000	1-16569	1	1	unique	51993	9745	0	0.000000
JQ705569	H5c1a	H	H5	H5	1.0000	1-16569	1	1	unique	52057	9745	0	0.000000
JQ705579	H1bm	H	H1	H1	1.0000	1-16569	1	1	unique	52061	9745	0	0.000000
JQ705580	H11a2a	H	H11	H11	1.0000	1-16569	1	1	unique	52062	9745	0	0.000000
JQ705607	H1f1a	H	H1	H1	1.0000	1-16569	1	1	unique	52073	9745	0	0.000000
JQ705643	H11a8	H	H11	H11	1.0000	1-16569	1	1	unique	52083	9745	0	0.000000
JQ705664	T2b19	T	T2	T2	1.0000	1-16569	1	1	unique	52091	9745	0	0.000000
JQ705676	C1c1b	C	C1	C1	1.0000	1-16569	1	1	unique	52094	9745	0	0.000000
JQ705678	H1cc	H	H1	H1	1.0000	1-16569	1	1	unique	52096	9745	0	0.000000
JQ705682	H80	H	H80	H80	1.0000	1-16569	1	1	unique	52098	9745	0	0.000000
JQ705693	U5a1b1d1	U	U5	U5	1.0000	1-16569	1	1	unique	52103	9745	0	0.000000
JQ705712	H1c	H	H1	H1	1.0000	1-16569	1	1	unique	52111	9745	0	0.000000
JQ705734	H2a2b4	H	H2	H2	1.0000	1-16569	1	1	unique	52115	9745	0	0.000000
JQ705739	U3a1c1	U	U3	U3	1.0000	1-16569	1	1	unique	52118	9745	0	0.000000
JQ705757	H1c18	H	H1	H1	1.0000	1-16569	1	1	unique	52128	9745	0	0.000000
JQ705760	J1c8a1a	J	J1	J1	1.0000	1-16569	1	1	unique	52130	9745	0	0.000000
JQ705779	U5a2c4	U	U5	U5	1.0000	1-16569	1	1	unique	52134	9745	0	0.000000
JQ705802	M1a1b1c	M	M1	M1	1.0000	1-16569	1	1	unique	52143	9745	0	0.000000
JQ705806	H2a1f1	H	H2	H2	1.0000	1-16569	1	1	unique	52144	9745	0	0.000000
JQ705811	J1c14	J	J1	J1	1.0000	1-16569	1	1	unique	52146	9745	0	0.000000
JQ705812	H5a6	H	H5	H5	1.0000	1-16569	1	1	unique	52147	9745	0	0.000000
JQ705814	C4c1a	C	C4	C4	1.0000	1-16569	1	1	unique	52149	9745	0	0.000000
JQ705820	G2a2a	G	G2	G2	1.0000	1-16569	1	1	unique	52152	9745	0	0.000000
JQ705839	W1e	W	W1	W1	1.0000	1-16569	1	1	unique	52157	9745	0	0.000000
JQ705877	U5b2b4a	U	U5	U5	1.0000	1-16569	1	1	unique	52166	9745	0	0.000000
JQ705916	R0a2m	R	R0	R0	1.0000	1-16569	1	1	unique	52180	9745	0	0.000000
JQ705930	H1n1b	H	H1	H1	1.0000	1-16569	1	1	unique	52182	9745	0	0.000000
JQ705933	U2e1c1	U	U2	U2	1.0000	1-16569	1	1	unique	52185	9745	0	0.000000
JQ705944	H1r	H	H1	H1	1.0000	1-16569	1	1	unique	52191	9745	0	0.000000
JQ705945	V7b	V	V7	V7	1.0000	1-16569	1	1	unique	52192	9745	0	0.000000
JQ705953	H	H	H	H	1.0000	1-16569	1	1	unique	52195	9745	0	0.000000
JQ705961	J1c2c1a	J	J1	J1	1.0000	1-16569	1	1	unique	52199	9745	0	0.000000
JQ705996	J1c2h	J	J1	J1	1.0000	1-16569	1	1	unique	52207	9745	0	0.000000
JQ706010	H1b2	H	H1	H1	1.0000	1-16569	1	1	unique	52211	9745	0	0.000000
JQ706022	J1c17a	J	J1	J1	1.0000	1-16569	1	1	unique	52214	9745	0	0.000000
JQ706046	U2d2a	U	U2	U2	1.0000	1-16569	1	1	unique	52225	9745	0	0.000000
JQ731601	B5a1c1a	B	B5	B5	1.0000	1-16569	1	1	unique	52237	9745	0	0.000000
JQ735909	H8c2	H	H8	H8	1.0000	1-16569	1	1	unique	52239	9745	0	0.000000
JQ764985	J2a1a2a1	J	J2	J2	1.0000	1-16569	1	1	unique	52240	9745	0	0.000000
JQ797804	J1c2k	J	J1	J1	1.0000	1-16569	1	1	unique	52268	9745	0	0.000000
JQ797812	J1c2e	J	J1	J1	1.0000	1-16569	1	1	unique	52269	9745	0	0.000000
JQ797868	J1c8a	J	J1	J1	1.0000	1-16569	1	1	unique	52285	9745	0	0.000000
JQ797994	T1a1b1	T	T1	T1	1.0000	1-16569	1	1	unique	52346	9745	0	0.000000
JQ798006	T1a1e	T	T1	T1	1.0000	1-16569	1	1	unique	52350	9745	0	0.000000
JQ798034	T1a8a	T	T1	T1	1.0000	1-16569	1	1	unique	52366	9745	0	0.000000
JQ798043	T1b3	T	T1	T1	1.0000	1-16569	1	1	unique	52372	9745	0	0.000000
JQ798046	T1b	T	T1	T1	1.0000	1-16569	1	1	unique	52373	9745	0	0.000000
JQ798081	T2b29	T	T2	T2	1.0000	1-16569	1	1	unique	52393	9745	0	0.000000
JQ798131	T2i2	T	T2	T2	1.0000	1-16569	1	1	unique	52423	9745	0	0.000000
JQ898578	H1bz	H	H1	H1	1.0000	1-16569	1	1	unique	52427	9745	0	0.000000
JQ965968	A2ad1	A	A2	A2	1.0000	1-16569	1	1	unique	52430	9745	0	0.000000
JQ965971	A2af2	A	A2	A2	1.0000	1-16569	1	1	unique	52433	9745	0	0.000000
JX021501	X2b+226	X	X2	X2	1.0000	1-16569	1	1	unique	52447	9745	0	0.000000
JX025553	HV1b2	HV	HV1	HV1	1.0000	1-16569	1	1	unique	52451	9745	0	0.000000
JX120710	U6a1a1	U	U6	U6	1.0000	1-16569	1	1	unique	52457	9745	0	0.000000
JX120735	U6b3a	U	U6	U6	1.0000	1-16569	1	1	unique	52472	9745	0	0.000000
JX120738	U6b	U	U6	U6	1.0000	1-16569	1	1	unique	52473	9745	0	0.000000
JX120754	U6a7a1a	U	U6	U6	1.0000	1-16569	1	1	unique	52476	9745	0	0.000000
JX120758	U6a7a1a	U	U6	U6	1.0000	1-16569	1	1	unique	52478	9745	0	0.000000
JX120759	U6a7a1a	U	U6	U6	1.0000	1-16569	1	1	unique	52479	9745	0	0.000000
JX120762	U6a7a2a	U	U6	U6	1.0000	1-16569	1	1	unique	52480	9745	0	0.000000
JX120766	U6a7a1a	U	U6	U6	1.0000	1-16569	1	1	unique	52482	9745	0	0.000000
JX120767	U6a7a1a	U	U6	U6	1.0000	1-16569	1	1	unique	52483	9745	0	0.000000
JX120769	U6a3c	U	U6	U6	1.0000	1-16569	1	1	unique	52484	9745	0	0.000000
JX120774	U6a7a1a	U	U6	U6	1.0000	1-16569	1	1	unique	52485	9745	0	0.000000
JX128043	H5a1i	H	H5	H5	1.0000	1-16569	1	1	unique	52487	9745	0	0.000000
JX128049	H5b5	H	H5	H5	1.0000	1-16569	1	1	unique	52489	9745	0	0.000000
JX128081	H5e1a1	H	H5	H5	1.0000	1-16569	1	1	unique	52492	9745	0	0.000000
JX141361	U5a1b	U	U5	U5	1.0000	1-16569	1	1	unique	52496	9745	0	0.000000
JX152784	H1a	H	H1	H1	1.0000	1-16569	1	1	unique	52497	9745	0	0.000000
JX152788	U5a1b1d+16093	U	U5	U5	1.0000	1-16569	1	1	unique	52500	9745	0	0.000000
JX152798	H1b5	H	H1	H1	1.0000	1-16569	1	1	unique	52501	9745	0	0.000000
JX152799	A26	A	A26	A26	1.0000	1-16569	1	1	unique	52502	9745	0	0.000000
JX152800	K1d1	K	K1	K1	1.0000	1-16569	1	1	unique	52503	9745	0	0.000000
JX152803	H1q2	H	H1	H1	1.0000	1-16569	1	1	unique	52504	9745	0	0.000000
JX152804	H1b1e1	H	H1	H1	1.0000	1-16569	1	1	unique	52505	9745	0	0.000000
JX152843	T1a1e	T	T1	T1	1.0000	1-16569	1	1	unique	52509	9745	0	0.000000
JX152851	T1a1k2	T	T1	T1	1.0000	1-16569	1	1	unique	52510	9745	0	0.000000
JX152877	J1c2o	J	J1	J1	1.0000	1-16569	1	1	unique	52515	9745	0	0.000000
JX152881	H1a3d	H	H1	H1	1.0000	1-16569	1	1	unique	52516	9745	0	0.000000
JX152890	J1c2	J	J1	J1	1.0000	1-16569	1	1	unique	52521	9745	0	0.000000
JX152892	H7h1	H	H7	H7	1.0000	1-16569	1	1	unique	52523	9745	0	0.000000
JX152894	H1bk	H	H1	H1	1.0000	1-16569	1	1	unique	52525	9745	0	0.000000
JX152895	J1c1d	J	J1	J1	1.0000	1-16569	1	1	unique	52526	9745	0	0.000000
JX152899	K2b1a1	K	K2	K2	1.0000	1-16569	1	1	unique	52530	9745	0	0.000000
JX152900	H2a1e1a	H	H2	H2	1.0000	1-16569	1	1	unique	52531	9745	0	0.000000
JX152906	H1c1a	H	H1	H1	1.0000	1-16569	1	1	unique	52537	9745	0	0.000000
JX152914	H1a1c	H	H1	H1	1.0000	1-16569	1	1	unique	52545	9745	0	0.000000
JX152916	J1c3d	J	J1	J1	1.0000	1-16569	1	1	unique	52547	9745	0	0.000000
JX152924	J1b1a1	J	J1	J1	1.0000	1-16569	1	1	unique	52605	9745	0	0.000000
JX152928	R1a1a2	R	R1	R1	1.0000	1-16569	1	1	unique	52609	9745	0	0.000000
JX152932	H1c11	H	H1	H1	1.0000	1-16569	1	1	unique	52613	9745	0	0.000000
JX152941	H26a1b	H	H26	H26	1.0000	1-16569	1	1	unique	52622	9745	0	0.000000
JX152943	J1c2b	J	J1	J1	1.0000	1-16569	1	1	unique	52624	9745	0	0.000000
JX152949	H5a1i	H	H5	H5	1.0000	1-16569	1	1	unique	52630	9745	0	0.000000
JX152950	H2a1b2	H	H2	H2	1.0000	1-16569	1	1	unique	52631	9745	0	0.000000
JX152956	H7b2	H	H7	H7	1.0000	1-16569	1	1	unique	52637	9745	0	0.000000
JX152973	X2c1e	X	X2	X2	1.0000	1-16569	1	1	unique	52645	9745	0	0.000000
JX152984	H1a	H	H1	H1	1.0000	1-16569	1	1	unique	52650	9745	0	0.000000
JX152992	H11a	H	H11	H11	1.0000	1-16569	1	1	unique	52658	9745	0	0.000000
JX152995	H3h1	H	H3	H3	1.0000	1-16569	1	1	unique	52661	9745	0	0.000000
JX153003	T1a1r	T	T1	T1	1.0000	1-16569	1	1	unique	52665	9745	0	0.000000
JX153036	N1b1a8b	N	N1	N1	1.0000	1-16569	1	1	unique	52678	9745	0	0.000000
JX153041	H1e5b	H	H1	H1	1.0000	1-16569	1	1	unique	52679	9745	0	0.000000
JX153071	H107	H	H107	H107	1.0000	1-16569	1	1	unique	52694	9745	0	0.000000
JX153087	HV18	HV	HV18	HV18	1.0000	1-16569	1	1	unique	52700	9745	0	0.000000
JX153093	H1ch	H	H1	H1	1.0000	1-16569	1	1	unique	52704	9745	0	0.000000
JX153119	H2a1n	H	H2	H2	1.0000	1-16569	1	1	unique	52712	9745	0	0.000000
JX153147	U5b2a3a	U	U5	U5	1.0000	1-16569	1	1	unique	52719	9745	0	0.000000
JX153148	K2a3	K	K2	K2	1.0000	1-16569	1	1	unique	52720	9745	0	0.000000
JX153149	J1b1a1	J	J1	J1	1.0000	1-16569	1	1	unique	52721	9745	0	0.000000
JX153152	U5b2b4a	U	U5	U5	1.0000	1-16569	1	1	unique	52724	9745	0	0.000000
JX153156	U4a1a	U	U4	U4	1.0000	1-16569	1	1	unique	52728	9745	0	0.000000
JX153158	H1c1	H	H1	H1	1.0000	1-16569	1	1	unique	52730	9745	0	0.000000
JX153163	H4a1a1	H	H4	H4	1.0000	1-16569	1	1	unique	52735	9745	0	0.000000
JX153170	U5b1b1a3	U	U5	U5	1.0000	1-16569	1	1	unique	52742	9745	0	0.000000
JX153191	U7b2	U	U7	U7	1.0000	1-16569	1	1	unique	52746	9745	0	0.000000
JX153193	J2b1a	J	J2	J2	1.0000	1-16569	1	1	unique	52748	9745	0	0.000000
JX153194	H1c22	H	H1	H1	1.0000	1-16569	1	1	unique	52749	9745	0	0.000000
JX153195	U5b1b1a	U	U5	U5	1.0000	1-16569	1	1	unique	52750	9745	0	0.000000
JX153200	H31	H	H31	H31	1.0000	1-16569	1	1	unique	52755	9745	0	0.000000
JX153201	K1c1c	K	K1	K1	1.0000	1-16569	1	1	unique	52756	9745	0	0.000000
JX153202	W1a	W	W1	W1	1.0000	1-16569	1	1	unique	52757	9745	0	0.000000
JX153208	H1f1	H	H1	H1	1.0000	1-16569	1	1	unique	52763	9745	0	0.000000
JX153210	H1n4	H	H1	H1	1.0000	1-16569	1	1	unique	52765	9745	0	0.000000
JX153214	U5a2a1a	U	U5	U5	1.0000	1-16569	1	1	unique	52769	9745	0	0.000000
JX153216	H1f1	H	H1	H1	1.0000	1-16569	1	1	unique	52771	9745	0	0.000000
JX153218	H1a2	H	H1	H1	1.0000	1-16569	1	1	unique	52773	9745	0	0.000000
JX153219	H3h1	H	H3	H3	1.0000	1-16569	1	1	unique	52774	9745	0	0.000000
JX153222	H1b1i	H	H1	H1	1.0000	1-16569	1	1	unique	52777	9745	0	0.000000
JX153223	H3h5	H	H3	H3	1.0000	1-16569	1	1	unique	52778	9745	0	0.000000
JX153225	U5a2a2a	U	U5	U5	1.0000	1-16569	1	1	unique	52780	9745	0	0.000000
JX153227	U5a1b1h	U	U5	U5	1.0000	1-16569	1	1	unique	52782	9745	0	0.000000
JX153228	H27a	H	H27	H27	1.0000	1-16569	1	1	unique	52783	9745	0	0.000000
JX153229	H3h1	H	H3	H3	1.0000	1-16569	1	1	unique	52784	9745	0	0.000000
JX153230	H28a	H	H28	H28	1.0000	1-16569	1	1	unique	52785	9745	0	0.000000
JX153256	H2a3a1	H	H2	H2	1.0000	1-16569	1	1	unique	52797	9745	0	0.000000
JX153259	H2a1m	H	H2	H2	1.0000	1-16569	1	1	unique	52800	9745	0	0.000000
JX153260	H4a1a1a	H	H4	H4	1.0000	1-16569	1	1	unique	52801	9745	0	0.000000
JX153261	K1c1c	K	K1	K1	1.0000	1-16569	1	1	unique	52802	9745	0	0.000000
JX153268	H2a3a1	H	H2	H2	1.0000	1-16569	1	1	unique	52804	9745	0	0.000000
JX153276	H5a3a3	H	H5	H5	1.0000	1-16569	1	1	unique	52808	9745	0	0.000000
JX153294	H1c1c	H	H1	H1	1.0000	1-16569	1	1	unique	52815	9745	0	0.000000
JX153312	X2b13	X	X2	X2	1.0000	1-16569	1	1	unique	52818	9745	0	0.000000
JX153318	H5a5	H	H5	H5	1.0000	1-16569	1	1	unique	52820	9745	0	0.000000
JX153336	J1c2b2	J	J1	J1	1.0000	1-16569	1	1	unique	52825	9745	0	0.000000
JX153342	H1a3c1	H	H1	H1	1.0000	1-16569	1	1	unique	52827	9745	0	0.000000
JX153364	H1a6	H	H1	H1	1.0000	1-16569	1	1	unique	52830	9745	0	0.000000
JX153376	U4b1a2b	U	U4	U4	1.0000	1-16569	1	1	unique	52832	9745	0	0.000000
JX153382	J1c2a2	J	J1	J1	1.0000	1-16569	1	1	unique	52835	9745	0	0.000000
JX153385	A26	A	A26	A26	1.0000	1-16569	1	1	unique	52836	9745	0	0.000000
JX153387	H7a1d	H	H7	H7	1.0000	1-16569	1	1	unique	52837	9745	0	0.000000
JX153395	T2f1a1	T	T2	T2	1.0000	1-16569	1	1	unique	52844	9745	0	0.000000
JX153396	H1c	H	H1	H1	1.0000	1-16569	1	1	unique	52845	9745	0	0.000000
JX153400	A26	A	A26	A26	1.0000	1-16569	1	1	unique	52849	9745	0	0.000000
JX153401	H1e1a8	H	H1	H1	1.0000	1-16569	1	1	unique	52850	9745	0	0.000000
JX153421	H1c1d	H	H1	H1	1.0000	1-16569	1	1	unique	52853	9745	0	0.000000
JX153423	H3h3b	H	H3	H3	1.0000	1-16569	1	1	unique	52854	9745	0	0.000000
JX153440	T2a1b1a2	T	T2	T2	1.0000	1-16569	1	1	unique	52857	9745	0	0.000000
JX153442	N1a3a1a	N	N1	N1	1.0000	1-16569	1	1	unique	52859	9745	0	0.000000
JX153446	H1c2	H	H1	H1	1.0000	1-16569	1	1	unique	52863	9745	0	0.000000
JX153448	U4a3a	U	U4	U4	1.0000	1-16569	1	1	unique	52865	9745	0	0.000000
JX153453	J2a1a2a1a	J	J2	J2	1.0000	1-16569	1	1	unique	52869	9745	0	0.000000
JX153460	H2a2a1b	H	H2	H2	1.0000	1-16569	1	1	unique	52876	9745	0	0.000000
JX153462	H1c	H	H1	H1	1.0000	1-16569	1	1	unique	52878	9745	0	0.000000
JX153465	V10b2	V	V10	V10	1.0000	1-16569	1	1	unique	52881	9745	0	0.000000
JX153468	H1q2	H	H1	H1	1.0000	1-16569	1	1	unique	52884	9745	0	0.000000
JX153469	H7h1	H	H7	H7	1.0000	1-16569	1	1	unique	52885	9745	0	0.000000
JX153470	H4a1a4b	H	H4	H4	1.0000	1-16569	1	1	unique	52886	9745	0	0.000000
JX153471	H1az	H	H1	H1	1.0000	1-16569	1	1	unique	52887	9745	0	0.000000
JX153472	H1az	H	H1	H1	1.0000	1-16569	1	1	unique	52888	9745	0	0.000000
JX153487	J1b1a1d	J	J1	J1	1.0000	1-16569	1	1	unique	52897	9745	0	0.000000
JX153501	H1a1c	H	H1	H1	1.0000	1-16569	1	1	unique	52899	9745	0	0.000000
JX153503	H5u1	H	H5	H5	1.0000	1-16569	1	1	unique	52900	9745	0	0.000000
JX153505	J1c2q1	J	J1	J1	1.0000	1-16569	1	1	unique	52901	9745	0	0.000000
JX153521	V27	V	V27	V27	1.0000	1-16569	1	1	unique	52904	9745	0	0.000000
JX153522	K1b2b1	K	K1	K1	1.0000	1-16569	1	1	unique	52905	9745	0	0.000000
JX153526	K1a1c	K	K1	K1	1.0000	1-16569	1	1	unique	52906	9745	0	0.000000
JX153543	H3b6a	H	H3	H3	1.0000	1-16569	1	1	unique	52909	9745	0	0.000000
JX153552	V1a1a1	V	V1	V1	1.0000	1-16569	1	1	unique	52910	9745	0	0.000000
JX153573	H13a1d	H	H13	H13	1.0000	1-16569	1	1	unique	52913	9745	0	0.000000
JX153584	W1a	W	W1	W1	1.0000	1-16569	1	1	unique	52915	9745	0	0.000000
JX153590	T1a1q	T	T1	T1	1.0000	1-16569	1	1	unique	52916	9745	0	0.000000
JX153622	U5a1b3a1	U	U5	U5	1.0000	1-16569	1	1	unique	52923	9745	0	0.000000
JX153623	X2c1	X	X2	X2	1.0000	1-16569	1	1	unique	52924	9745	0	0.000000
JX153624	H13a1a1d	H	H13	H13	1.0000	1-16569	1	1	unique	52925	9745	0	0.000000
JX153636	U5b3h	U	U5	U5	1.0000	1-16569	1	1	unique	52927	9745	0	0.000000
JX153672	J1c1	J	J1	J1	1.0000	1-16569	1	1	unique	52932	9745	0	0.000000
JX153697	U5b3b2	U	U5	U5	1.0000	1-16569	1	1	unique	52939	9745	0	0.000000
JX153700	J1c2b5	J	J1	J1	1.0000	1-16569	1	1	unique	52940	9745	0	0.000000
JX153702	H3b7	H	H3	H3	1.0000	1-16569	1	1	unique	52941	9745	0	0.000000
JX153703	H1cg	H	H1	H1	1.0000	1-16569	1	1	unique	52942	9745	0	0.000000
JX153725	U4a2h1	U	U4	U4	1.0000	1-16569	1	1	unique	52946	9745	0	0.000000
JX153741	J1c1g1	J	J1	J1	1.0000	1-16569	1	1	unique	52949	9745	0	0.000000
JX153816	H3h1	H	H3	H3	1.0000	1-16569	1	1	unique	52956	9745	0	0.000000
JX153841	V1a1a	V	V1	V1	1.0000	1-16569	1	1	unique	52963	9745	0	0.000000
JX153844	H5a8	H	H5	H5	1.0000	1-16569	1	1	unique	52965	9745	0	0.000000
JX153849	T2a1b1a1a2	T	T2	T2	1.0000	1-16569	1	1	unique	52966	9745	0	0.000000
JX153879	H3q1	H	H3	H3	1.0000	1-16569	1	1	unique	52975	9745	0	0.000000
JX153880	H17b	H	H17	H17	1.0000	1-16569	1	1	unique	52976	9745	0	0.000000
JX153894	H42a2	H	H42	H42	1.0000	1-16569	1	1	unique	52977	9745	0	0.000000
JX153939	U3a1	U	U3	U3	1.0000	1-16569	1	1	unique	52988	9745	0	0.000000
JX153946	H16e	H	H16	H16	1.0000	1-16569	1	1	unique	52991	9745	0	0.000000
JX153958	H1e1a7	H	H1	H1	1.0000	1-16569	1	1	unique	52993	9745	0	0.000000
JX153972	H4a1a4b1	H	H4	H4	1.0000	1-16569	1	1	unique	52996	9745	0	0.000000
JX154000	J1c1d	J	J1	J1	1.0000	1-16569	1	1	unique	53001	9745	0	0.000000
JX154009	U2e2a1a1	U	U2	U2	1.0000	1-16569	1	1	unique	53003	9745	0	0.000000
JX154012	K1b1a1d1	K	K1	K1	1.0000	1-16569	1	1	unique	53004	9745	0	0.000000
JX154019	H18b	H	H18	H18	1.0000	1-16569	1	1	unique	53005	9745	0	0.000000
JX154066	H1f1	H	H1	H1	1.0000	1-16569	1	1	unique	53011	9745	0	0.000000
JX155271	R2c	R	R2	R2	1.0000	1-16569	1	1	unique	53016	9745	0	0.000000
JX266264	L2a1l2a	L	L2	L2	1.0000	1-16569	1	1	unique	53024	9745	0	0.000000
JX266265	L2a1l2a1	L	L2	L2	1.0000	1-16569	1	1	unique	53025	9745	0	0.000000
JX289093	G2b1a1	G	G2	G2	1.0000	1-16569	1	1	unique	53426	9745	0	0.000000
JX289105	M12b1a2a	M	M12	M12	1.0000	1-16569	1	1	unique	53438	9745	0	0.000000
JX289111	M65a+@16311	M	M65	M65	1.0000	1-16569	1	1	unique	53444	9745	0	0.000000
JX297129	J1c5c1	J	J1	J1	1.0000	1-16569	1	1	unique	53472	9745	0	0.000000
JX297131	U5b1f1a	U	U5	U5	1.0000	1-16569	1	1	unique	53473	9745	0	0.000000
JX297133	V22	V	V22	V22	1.0000	1-16569	1	1	unique	53474	9745	0	0.000000
JX297139	H3c2c	H	H3	H3	1.0000	1-16569	1	1	unique	53476	9745	0	0.000000
JX297144	J2a1a1e	J	J2	J2	1.0000	1-16569	1	1	unique	53477	9745	0	0.000000
JX297157	H1c4a1	H	H1	H1	1.0000	1-16569	1	1	unique	53480	9745	0	0.000000
JX297158	H1t1a1	H	H1	H1	1.0000	1-16569	1	1	unique	53481	9745	0	0.000000
JX297162	H1bf1	H	H1	H1	1.0000	1-16569	1	1	unique	53483	9745	0	0.000000
JX297163	H1j1a	H	H1	H1	1.0000	1-16569	1	1	unique	53484	9745	0	0.000000
JX297164	H1r1	H	H1	H1	1.0000	1-16569	1	1	unique	53485	9745	0	0.000000
JX297199	H1e1a6	H	H1	H1	1.0000	1-16569	1	1	unique	53493	9745	0	0.000000
JX297480	U8a1a3	U	U8	U8	1.0000	1-16569	1	1	unique	53495	9745	0	0.000000
JX303774	L3f1b1a1	L	L3	L3	1.0000	1-16569	1	1	unique	53501	9745	0	0.000000
JX303789	L3e2b1a2	L	L3	L3	1.0000	1-16569	1	1	unique	53506	9745	0	0.000000
JX303803	L3d3a1b	L	L3	L3	1.0000	1-16569	1	1	unique	53509	9745	0	0.000000
JX303853	L2a1i1	L	L2	L2	1.0000	1-16569	1	1	unique	53519	9745	0	0.000000
JX303878	L3e1a2	L	L3	L3	1.0000	1-16569	1	1	unique	53526	9745	0	0.000000
JX303882	L2b1a3	L	L2	L2	1.0000	1-16569	1	1	unique	53527	9745	0	0.000000
JX306646	H11a2a3	H	H11	H11	1.0000	1-16569	1	1	unique	53535	9745	0	0.000000
JX307099	H6c1	H	H6	H6	1.0000	1-16569	1	1	unique	53536	9745	0	0.000000
JX307108	H6a1b3	H	H6	H6	1.0000	1-16569	1	1	unique	53537	9745	0	0.000000
JX413013	B2i2a	B	B2	B2	1.0000	1-16569	1	1	unique	53541	9745	0	0.000000
JX413014	B2i2a1a	B	B2	B2	1.0000	1-16569	1	1	unique	53542	9745	0	0.000000
JX413049	C1b13d	C	C1	C1	1.0000	1-16569	1	1	unique	53560	9745	0	0.000000
JX441882	U5a1a1d	U	U5	U5	1.0000	1-16569	1	1	unique	53567	9745	0	0.000000
JX887155	A2ab	A	A2	A2	1.0000	1-16569	1	1	unique	53597	9745	0	0.000000
JX900344	B4a1a1a11b	B	B4	B4	1.0000	1-16569	1	1	unique	53602	9745	0	0.000000
JX900348	B4a1a1h	B	B4	B4	1.0000	1-16569	1	1	unique	53603	9745	0	0.000000
JX900387	B4a1a1p	B	B4	B4	1.0000	1-16569	1	1	unique	53607	9745	0	0.000000
JX900408	B4a1a1a4	B	B4	B4	1.0000	1-16569	1	1	unique	53608	9745	0	0.000000
JX900410	B4a1a1f	B	B4	B4	1.0000	1-16569	1	1	unique	53609	9745	0	0.000000
JX900433	B4a1a1a2	B	B4	B4	1.0000	1-16569	1	1	unique	53612	9745	0	0.000000
JX900453	B4a1a1d	B	B4	B4	1.0000	1-16569	1	1	unique	53613	9745	0	0.000000
JX900455	B4a1a1a+195	B	B4	B4	1.0000	1-16569	1	1	unique	53614	9745	0	0.000000
JX900535	B4a1a1a2a	B	B4	B4	1.0000	1-16569	1	1	unique	53621	9745	0	0.000000
JX900555	B4a1a1e	B	B4	B4	1.0000	1-16569	1	1	unique	53624	9745	0	0.000000
JX900564	B4a1a1a6	B	B4	B4	1.0000	1-16569	1	1	unique	53626	9745	0	0.000000
JX900565	B4a1a1a1	B	B4	B4	1.0000	1-16569	1	1	unique	53627	9745	0	0.000000
JX900578	B4a1a1a5	B	B4	B4	1.0000	1-16569	1	1	unique	53629	9745	0	0.000000
JX900618	B4a1a1a1	B	B4	B4	1.0000	1-16569	1	1	unique	53632	9745	0	0.000000
JX900622	B4a1a1i	B	B4	B4	1.0000	1-16569	1	1	unique	53633	9745	0	0.000000
JX900644	B4a1a1a23	B	B4	B4	1.0000	1-16569	1	1	unique	53637	9745	0	0.000000
JX900722	B4a1a1g	B	B4	B4	1.0000	1-16569	1	1	unique	53639	9745	0	0.000000
JX900734	B4a1a1a16	B	B4	B4	1.0000	1-16569	1	1	unique	53640	9745	0	0.000000
JX900738	B4a1a1o	B	B4	B4	1.0000	1-16569	1	1	unique	53641	9745	0	0.000000
JX900752	B4a1a1a8	B	B4	B4	1.0000	1-16569	1	1	unique	53642	9745	0	0.000000
JX900766	B4a1a1a3	B	B4	B4	1.0000	1-16569	1	1	unique	53644	9745	0	0.000000
JX900828	B4a1a1o	B	B4	B4	1.0000	1-16569	1	1	unique	53653	9745	0	0.000000
JX987442	M7b1a1i1	M	M7	M7	1.0000	1-16569	1	1	unique	53711	9745	0	0.000000
KC121273	H1a9	H	H1	H1	1.0000	1-16569	1	1	unique	53740	9745	0	0.000000
KC152559	U6a6b1	U	U6	U6	1.0000	1-16569	1	1	unique	53755	9745	0	0.000000
KC152560	M1a3b1	M	M1	M1	1.0000	1-16569	1	1	unique	53756	9745	0	0.000000
KC152592	U6d2	U	U6	U6	1.0000	1-16569	1	1	unique	53777	9745	0	0.000000
KC251742	C7a2a	C	C7	C7	1.0000	1-16569	1	1	unique	53785	9745	0	0.000000
KC257350	HV1a2	HV	HV1	HV1	1.0000	1-16569	1	1	unique	53792	9745	0	0.000000
KC257357	H69	H	H69	H69	1.0000	1-16569	1	1	unique	53793	9745	0	0.000000
KC257358	H1b1	H	H1	H1	1.0000	1-16569	1	1	unique	53794	9745	0	0.000000
KC257359	X2a2	X	X2	X2	1.0000	1-16569	1	1	unique	53795	9745	0	0.000000
KC257361	HV9a1	HV	HV9	HV9	1.0000	1-16569	1	1	unique	53796	9745	0	0.000000
KC257368	HV24	HV	HV24	HV24	1.0000	1-16569	1	1	unique	53799	9745	0	0.000000
KC257380	U5b1e1	U	U5	U5	1.0000	1-16569	1	1	unique	53805	9745	0	0.000000
KC257385	V16	V	V16	V16	1.0000	1-16569	1	1	unique	53807	9745	0	0.000000
KC257391	H1cf	H	H1	H1	1.0000	1-16569	1	1	unique	53811	9745	0	0.000000
KC257394	H10a	H	H10	H10	1.0000	1-16569	1	1	unique	53812	9745	0	0.000000
KC257398	H7c5	H	H7	H7	1.0000	1-16569	1	1	unique	53815	9745	0	0.000000
KC345788	L0d1b1a1	L	L0	L0	1.0000	1-16569	1	1	unique	53825	9745	0	0.000000
KC345824	L0d1c1a2	L	L0	L0	1.0000	1-16569	1	1	unique	53828	9745	0	0.000000
KC345835	L0d1c1a1a1	L	L0	L0	1.0000	1-16569	1	1	unique	53830	9745	0	0.000000
KC345848	L0d2b1a1a	L	L0	L0	1.0000	1-16569	1	1	unique	53831	9745	0	0.000000
KC345860	L0d1c1a1a1	L	L0	L0	1.0000	1-16569	1	1	unique	53834	9745	0	0.000000
KC345865	L0d2a1a1a	L	L0	L0	1.0000	1-16569	1	1	unique	53835	9745	0	0.000000
KC345899	L0k1a1	L	L0	L0	1.0000	1-16569	1	1	unique	53839	9745	0	0.000000
KC345900	L0d1b2b1a	L	L0	L0	1.0000	1-16569	1	1	unique	53840	9745	0	0.000000
KC345901	L0d1b2b2c1	L	L0	L0	1.0000	1-16569	1	1	unique	53841	9745	0	0.000000
KC345934	L0d1c1a1a	L	L0	L0	1.0000	1-16569	1	1	unique	53851	9745	0	0.000000
KC345990	L0d2a1b	L	L0	L0	1.0000	1-16569	1	1	unique	53859	9745	0	0.000000
KC346053	L0d2c2a1a	L	L0	L0	1.0000	1-16569	1	1	unique	53867	9745	0	0.000000
KC346061	L0d2a1a1	L	L0	L0	1.0000	1-16569	1	1	unique	53868	9745	0	0.000000
KC346074	L0d1b1a	L	L0	L0	1.0000	1-16569	1	1	unique	53870	9745	0	0.000000
KC346108	L0k1a1c	L	L0	L0	1.0000	1-16569	1	1	unique	53879	9745	0	0.000000
KC346131	L0d2c1b	L	L0	L0	1.0000	1-16569	1	1	unique	53880	9745	0	0.000000
KC346152	L0d1b2a1	L	L0	L0	1.0000	1-16569	1	1	unique	53886	9745	0	0.000000
KC346197	L0d2a1c	L	L0	L0	1.0000	1-16569	1	1	unique	53890	9745	0	0.000000
KC346199	L0k1a2a	L	L0	L0	1.0000	1-16569	1	1	unique	53891	9745	0	0.000000
KC346211	L0d2a1a	L	L0	L0	1.0000	1-16569	1	1	unique	53894	9745	0	0.000000
KC346217	L0d2c2a	L	L0	L0	1.0000	1-16569	1	1	unique	53895	9745	0	0.000000
KC346231	L0d1c1a1a2	L	L0	L0	1.0000	1-16569	1	1	unique	53902	9745	0	0.000000
KC503927	B2b2a	B	B2	B2	1.0000	1-16569	1	1	unique	53920	9745	0	0.000000
KC505071	M12b1a2a	M	M12	M12	1.0000	1-16569	1	1	unique	54511	9745	0	0.000000
KC505081	M12b1a2a	M	M12	M12	1.0000	1-16569	1	1	unique	54520	9745	0	0.000000
KC505106	M68a2a	M	M68	M68	1.0000	1-16569	1	1	unique	54541	9745	0	0.000000
KC521454	B4c1a	B	B4	B4	1.0000	1-16569	1	1	unique	54555	9745	0	0.000000
KC521459	U8c	U	U8	U8	1.0000	1-16569	1	1	unique	54559	9745	0	0.000000
KC533458	L3d1a1a1	L	L3	L3	1.0000	1-16569	1	1	unique	54563	9745	0	0.000000
KC533482	H3b1a	H	H3	H3	1.0000	1-16569	1	1	unique	54571	9745	0	0.000000
KC533488	L3e1a3a	L	L3	L3	1.0000	1-16569	1	1	unique	54575	9745	0	0.000000
KC533501	H2a5	H	H2	H2	1.0000	1-16569	1	1	unique	54582	9745	0	0.000000
KC533513	L2b2a	L	L2	L2	1.0000	1-16569	1	1	unique	54584	9745	0	0.000000
KC711001	A2a4	A	A2	A2	1.0000	1-16569	1	1	unique	54606	9745	0	0.000000
KC711007	A2a4	A	A2	A2	1.0000	1-16569	1	1	unique	54607	9745	0	0.000000
KC851802	U5b2b3b	U	U5	U5	1.0000	1-16569	1	1	unique	54632	9745	0	0.000000
KC867116	N1a3a	N	N1	N1	1.0000	1-16569	1	1	unique	54646	9745	0	0.000000
KC867127	N3a	N	N3	N3	1.0000	1-16569	1	1	unique	54650	9745	0	0.000000
KC887480	M68a1a	M	M68	M68	1.0000	1-16569	1	1	unique	54674	9745	0	0.000000
KC887487	M91b	M	M91	M91	1.0000	1-16569	1	1	unique	54680	9745	0	0.000000
KC887489	M91b	M	M91	M91	1.0000	1-16569	1	1	unique	54682	9745	0	0.000000
KC887492	M69a	M	M69	M69	1.0000	1-16569	1	1	unique	54685	9745	0	0.000000
KC911275	A23	A	A23	A23	1.0000	1-16569	1	1	unique	54689	9745	0	0.000000
KC911290	H13a1a3	H	H13	H13	1.0000	1-16569	1	1	unique	54704	9745	0	0.000000
KC911312	M5a2a4	M	M5	M5	1.0000	1-16569	1	1	unique	54726	9745	0	0.000000
KC911314	U3a2a1a	U	U3	U3	1.0000	1-16569	1	1	unique	54728	9745	0	0.000000
KC911320	T1a1	T	T1	T1	1.0000	1-16569	1	1	unique	54734	9745	0	0.000000
KC911329	T1a1m1	T	T1	T1	1.0000	1-16569	1	1	unique	54743	9745	0	0.000000
KC911337	R2d	R	R2	R2	1.0000	1-16569	1	1	unique	54751	9745	0	0.000000
KC911350	T1a1m	T	T1	T1	1.0000	1-16569	1	1	unique	54814	9745	0	0.000000
KC911357	T2i2	T	T2	T2	1.0000	1-16569	1	1	unique	54821	9745	0	0.000000
KC911401	J1b6b	J	J1	J1	1.0000	1-16569	1	1	unique	54865	9745	0	0.000000
KC911402	U7a4a1	U	U7	U7	1.0000	1-16569	1	1	unique	54866	9745	0	0.000000
KC911412	HV18	HV	HV18	HV18	1.0000	1-16569	1	1	unique	54876	9745	0	0.000000
KC911428	T1a1m1	T	T1	T1	1.0000	1-16569	1	1	unique	54892	9745	0	0.000000
KC911467	H	H	H	H	1.0000	1-16569	1	1	unique	54931	9745	0	0.000000
KC911478	X2f	X	X2	X2	1.0000	1-16569	1	1	unique	54942	9745	0	0.000000
KC911480	X2e2c1	X	X2	X2	1.0000	1-16569	1	1	unique	54944	9745	0	0.000000
KC911481	T2i2	T	T2	T2	1.0000	1-16569	1	1	unique	54945	9745	0	0.000000
KC911484	W6d	W	W6	W6	1.0000	1-16569	1	1	unique	54948	9745	0	0.000000
KC911495	R2d	R	R2	R2	1.0000	1-16569	1	1	unique	54959	9745	0	0.000000
KC911500	H3t	H	H3	H3	1.0000	1-16569	1	1	unique	54964	9745	0	0.000000
KC911507	T2i2	T	T2	T2	1.0000	1-16569	1	1	unique	54971	9745	0	0.000000
KC911522	U3a2a1a	U	U3	U3	1.0000	1-16569	1	1	unique	54986	9745	0	0.000000
KC911527	U1a1c1d1	U	U1	U1	1.0000	1-16569	1	1	unique	54991	9745	0	0.000000
KC911564	U5b2a1a2	U	U5	U5	1.0000	1-16569	1	1	unique	55028	9745	0	0.000000
KC911568	U3a2a1a	U	U3	U3	1.0000	1-16569	1	1	unique	55032	9745	0	0.000000
KC911573	N2a1	N	N2	N2	1.0000	1-16569	1	1	unique	55037	9745	0	0.000000
KC911579	M5a2a4	M	M5	M5	1.0000	1-16569	1	1	unique	55043	9745	0	0.000000
KC911586	D4b2b1	D	D4	D4	1.0000	1-16569	1	1	unique	55050	9745	0	0.000000
KC911596	M5a2a4	M	M5	M5	1.0000	1-16569	1	1	unique	55060	9745	0	0.000000
KC985149	R1a	R	R1	R1	1.0000	1-16569	1	1	unique	55097	9745	0	0.000000
KC985155	Z1a3	Z	Z1	Z1	1.0000	1-16569	1	1	unique	55099	9745	0	0.000000
KC985156	Z1a1b	Z	Z1	Z1	1.0000	1-16569	1	1	unique	55100	9745	0	0.000000
KC985159	R1a1	R	R1	R1	1.0000	1-16569	1	1	unique	55101	9745	0	0.000000
KC993911	E1a1a1c	E	E1	E1	1.0000	1-16569	1	1	unique	55106	9745	0	0.000000
KC994022	F1a4a1	F	F1	F1	1.0000	1-16569	1	1	unique	55120	9745	0	0.000000
KC994047	B4a1a6	B	B4	B4	1.0000	1-16569	1	1	unique	55123	9745	0	0.000000
KC994051	M7c1c3i	M	M7	M7	1.0000	1-16569	1	1	unique	55124	9745	0	0.000000
KC994058	B5b1c1a	B	B5	B5	1.0000	1-16569	1	1	unique	55125	9745	0	0.000000
KC994062	F1a3a2	F	F1	F1	1.0000	1-16569	1	1	unique	55126	9745	0	0.000000
KC994064	B4a1a5a	B	B4	B4	1.0000	1-16569	1	1	unique	55128	9745	0	0.000000
KC994073	B4a1a4	B	B4	B4	1.0000	1-16569	1	1	unique	55132	9745	0	0.000000
KC994075	F1a3a3	F	F1	F1	1.0000	1-16569	1	1	unique	55133	9745	0	0.000000
KC994083	B4c1b2a2b	B	B4	B4	1.0000	1-16569	1	1	unique	55134	9745	0	0.000000
KC994085	B4c1b2a2a	B	B4	B4	1.0000	1-16569	1	1	unique	55135	9745	0	0.000000
KC994125	F3b1b1	F	F3	F3	1.0000	1-16569	1	1	unique	55145	9745	0	0.000000
KC994128	B5b1c1a	B	B5	B5	1.0000	1-16569	1	1	unique	55147	9745	0	0.000000
KC994154	F3b1a+16093	F	F3	F3	1.0000	1-16569	1	1	unique	55153	9745	0	0.000000
KC998701	D4h3a7	D	D4	D4	1.0000	1-16569	1	1	unique	55155	9745	0	0.000000
KC998702	A2ag	A	A2	A2	1.0000	1-16569	1	1	unique	55156	9745	0	0.000000
KC998705	A2aq	A	A2	A2	1.0000	1-16569	1	1	unique	55158	9745	0	0.000000
KF030560	K2a10	K	K2	K2	1.0000	1-16569	1	1	unique	55161	9745	0	0.000000
KF052033	H1a9	H	H1	H1	1.0000	1-16569	1	1	unique	55163	9745	0	0.000000
KF142470	W3a1d	W	W3	W3	1.0000	1-16569	1	1	unique	55242	9745	0	0.000000
KF146236	I1a1a	I	I1	I1	1.0000	1-16569	1	1	unique	55243	9745	0	0.000000
KF146246	I1d	I	I1	I1	1.0000	1-16569	1	1	unique	55246	9745	0	0.000000
KF146273	W3a1	W	W3	W3	1.0000	1-16569	1	1	unique	55261	9745	0	0.000000
KF146282	W4c	W	W4	W4	1.0000	1-16569	1	1	unique	55265	9745	0	0.000000
KF146288	W6d	W	W6	W6	1.0000	1-16569	1	1	unique	55270	9745	0	0.000000
KF148067	C4a2a1a	C	C4	C4	1.0000	1-16569	1	1	unique	55272	9745	0	0.000000
KF148069	Z1a1b	Z	Z1	Z1	1.0000	1-16569	1	1	unique	55274	9745	0	0.000000
KF148072	A24	A	A24	A24	1.0000	1-16569	1	1	unique	55277	9745	0	0.000000
KF148077	D4j4a	D	D4	D4	1.0000	1-16569	1	1	unique	55282	9745	0	0.000000
KF148087	F1b1e1	F	F1	F1	1.0000	1-16569	1	1	unique	55292	9745	0	0.000000
KF148121	C4a1a3d	C	C4	C4	1.0000	1-16569	1	1	unique	55376	9745	0	0.000000
KF148134	C5a2b1	C	C5	C5	1.0000	1-16569	1	1	unique	55389	9745	0	0.000000
KF148150	C5a2b1	C	C5	C5	1.0000	1-16569	1	1	unique	55405	9745	0	0.000000
KF148158	G1b+16129	G	G1	G1	1.0000	1-16569	1	1	unique	55413	9745	0	0.000000
KF148159	C4a1a3	C	C4	C4	1.0000	1-16569	1	1	unique	55414	9745	0	0.000000
KF148163	Z1a2a	Z	Z1	Z1	1.0000	1-16569	1	1	unique	55418	9745	0	0.000000
KF148164	A2b1	A	A2	A2	1.0000	1-16569	1	1	unique	55419	9745	0	0.000000
KF148170	D4l2	D	D4	D4	1.0000	1-16569	1	1	unique	55425	9745	0	0.000000
KF148171	A24	A	A24	A24	1.0000	1-16569	1	1	unique	55426	9745	0	0.000000
KF148172	C4b1	C	C4	C4	1.0000	1-16569	1	1	unique	55427	9745	0	0.000000
KF148173	Z1a1b	Z	Z1	Z1	1.0000	1-16569	1	1	unique	55428	9745	0	0.000000
KF148174	D4l2	D	D4	D4	1.0000	1-16569	1	1	unique	55429	9745	0	0.000000
KF148177	C4b1	C	C4	C4	1.0000	1-16569	1	1	unique	55432	9745	0	0.000000
KF148181	D5a2a2	D	D5	D5	1.0000	1-16569	1	1	unique	55436	9745	0	0.000000
KF148189	D4l2	D	D4	D4	1.0000	1-16569	1	1	unique	55444	9745	0	0.000000
KF148194	Z1a3	Z	Z1	Z1	1.0000	1-16569	1	1	unique	55449	9745	0	0.000000
KF148195	Z1a3	Z	Z1	Z1	1.0000	1-16569	1	1	unique	55450	9745	0	0.000000
KF148196	C4a2a1a	C	C4	C4	1.0000	1-16569	1	1	unique	55451	9745	0	0.000000
KF148197	D5a2a2	D	D5	D5	1.0000	1-16569	1	1	unique	55452	9745	0	0.000000
KF148198	A24	A	A24	A24	1.0000	1-16569	1	1	unique	55453	9745	0	0.000000
KF148199	Z1a1b	Z	Z1	Z1	1.0000	1-16569	1	1	unique	55454	9745	0	0.000000
KF148204	J2a2b3	J	J2	J2	1.0000	1-16569	1	1	unique	55459	9745	0	0.000000
KF148206	J2a2b3	J	J2	J2	1.0000	1-16569	1	1	unique	55461	9745	0	0.000000
KF148209	Z1a3	Z	Z1	Z1	1.0000	1-16569	1	1	unique	55464	9745	0	0.000000
KF148210	C4a1a3	C	C4	C4	1.0000	1-16569	1	1	unique	55465	9745	0	0.000000
KF148211	A24	A	A24	A24	1.0000	1-16569	1	1	unique	55466	9745	0	0.000000
KF148218	C4a2a1	C	C4	C4	1.0000	1-16569	1	1	unique	55473	9745	0	0.000000
KF148219	C4b1	C	C4	C4	1.0000	1-16569	1	1	unique	55474	9745	0	0.000000
KF148223	C5d1	C	C5	C5	1.0000	1-16569	1	1	unique	55478	9745	0	0.000000
KF148224	C5d1	C	C5	C5	1.0000	1-16569	1	1	unique	55479	9745	0	0.000000
KF148238	C5d1	C	C5	C5	1.0000	1-16569	1	1	unique	55493	9745	0	0.000000
KF148239	C4b1	C	C4	C4	1.0000	1-16569	1	1	unique	55494	9745	0	0.000000
KF148243	C4b1	C	C4	C4	1.0000	1-16569	1	1	unique	55498	9745	0	0.000000
KF148248	C5d1	C	C5	C5	1.0000	1-16569	1	1	unique	55503	9745	0	0.000000
KF148250	C4b1b	C	C4	C4	1.0000	1-16569	1	1	unique	55505	9745	0	0.000000
KF148254	D4m2a1a	D	D4	D4	1.0000	1-16569	1	1	unique	55509	9745	0	0.000000
KF148261	C4a1a3	C	C4	C4	1.0000	1-16569	1	1	unique	55516	9745	0	0.000000
KF148262	D3	D	D3	D3	1.0000	1-16569	1	1	unique	55517	9745	0	0.000000
KF148264	M7c1a1b1	M	M7	M7	1.0000	1-16569	1	1	unique	55519	9745	0	0.000000
KF148271	C4b	C	C4	C4	1.0000	1-16569	1	1	unique	55526	9745	0	0.000000
KF148273	C4a1a3	C	C4	C4	1.0000	1-16569	1	1	unique	55528	9745	0	0.000000
KF148274	C5d1	C	C5	C5	1.0000	1-16569	1	1	unique	55529	9745	0	0.000000
KF148277	C4a2a1a	C	C4	C4	1.0000	1-16569	1	1	unique	55532	9745	0	0.000000
KF148287	Z1a3	Z	Z1	Z1	1.0000	1-16569	1	1	unique	55542	9745	0	0.000000
KF148288	C4a1a3	C	C4	C4	1.0000	1-16569	1	1	unique	55543	9745	0	0.000000
KF148289	Z1a3	Z	Z1	Z1	1.0000	1-16569	1	1	unique	55544	9745	0	0.000000
KF148290	C4a2a1a	C	C4	C4	1.0000	1-16569	1	1	unique	55545	9745	0	0.000000
KF148295	C4a2a1a	C	C4	C4	1.0000	1-16569	1	1	unique	55550	9745	0	0.000000
KF148301	D3	D	D3	D3	1.0000	1-16569	1	1	unique	55556	9745	0	0.000000
KF148303	C4a1a3	C	C4	C4	1.0000	1-16569	1	1	unique	55558	9745	0	0.000000
KF148307	Z1a3	Z	Z1	Z1	1.0000	1-16569	1	1	unique	55562	9745	0	0.000000
KF148318	C5d1	C	C5	C5	1.0000	1-16569	1	1	unique	55573	9745	0	0.000000
KF148339	Y1a+16189	Y	Y1	Y1	1.0000	1-16569	1	1	unique	55594	9745	0	0.000000
KF148349	Y1a+16189	Y	Y1	Y1	1.0000	1-16569	1	1	unique	55604	9745	0	0.000000
KF148355	D4m2a	D	D4	D4	1.0000	1-16569	1	1	unique	55610	9745	0	0.000000
KF148357	D4m2a	D	D4	D4	1.0000	1-16569	1	1	unique	55612	9745	0	0.000000
KF148359	Y1a+16189	Y	Y1	Y1	1.0000	1-16569	1	1	unique	55614	9745	0	0.000000
KF148366	D4m2a	D	D4	D4	1.0000	1-16569	1	1	unique	55620	9745	0	0.000000
KF148374	D4m2a	D	D4	D4	1.0000	1-16569	1	1	unique	55628	9745	0	0.000000
KF148375	B4b1a3a	B	B4	B4	1.0000	1-16569	1	1	unique	55629	9745	0	0.000000
KF148377	G2a2	G	G2	G2	1.0000	1-16569	1	1	unique	55631	9745	0	0.000000
KF148378	D3	D	D3	D3	1.0000	1-16569	1	1	unique	55632	9745	0	0.000000
KF148389	D5a2a2	D	D5	D5	1.0000	1-16569	1	1	unique	55643	9745	0	0.000000
KF148390	C4a1a3	C	C4	C4	1.0000	1-16569	1	1	unique	55644	9745	0	0.000000
KF148391	C4a1a3a1	C	C4	C4	1.0000	1-16569	1	1	unique	55645	9745	0	0.000000
KF148401	H49	H	H49	H49	1.0000	1-16569	1	1	unique	55655	9745	0	0.000000
KF148405	H49	H	H49	H49	1.0000	1-16569	1	1	unique	55659	9745	0	0.000000
KF148415	D4l2a	D	D4	D4	1.0000	1-16569	1	1	unique	55669	9745	0	0.000000
KF148427	D4l2a	D	D4	D4	1.0000	1-16569	1	1	unique	55681	9745	0	0.000000
KF148430	D4c2b	D	D4	D4	1.0000	1-16569	1	1	unique	55684	9745	0	0.000000
KF148435	G2a2	G	G2	G2	1.0000	1-16569	1	1	unique	55689	9745	0	0.000000
KF148436	C4a2a1	C	C4	C4	1.0000	1-16569	1	1	unique	55690	9745	0	0.000000
KF148437	F1b1e1	F	F1	F1	1.0000	1-16569	1	1	unique	55691	9745	0	0.000000
KF148440	G2a2	G	G2	G2	1.0000	1-16569	1	1	unique	55694	9745	0	0.000000
KF148443	D4l2	D	D4	D4	1.0000	1-16569	1	1	unique	55697	9745	0	0.000000
KF148453	C4a1a3d	C	C4	C4	1.0000	1-16569	1	1	unique	55707	9745	0	0.000000
KF148470	C4a2a1a	C	C4	C4	1.0000	1-16569	1	1	unique	55724	9745	0	0.000000
KF148472	C4b8	C	C4	C4	1.0000	1-16569	1	1	unique	55726	9745	0	0.000000
KF148474	D4c2b	D	D4	D4	1.0000	1-16569	1	1	unique	55728	9745	0	0.000000
KF148475	C4a1a3a	C	C4	C4	1.0000	1-16569	1	1	unique	55729	9745	0	0.000000
KF148477	C4b1	C	C4	C4	1.0000	1-16569	1	1	unique	55731	9745	0	0.000000
KF148480	C5b1b1	C	C5	C5	1.0000	1-16569	1	1	unique	55734	9745	0	0.000000
KF148485	F1b1e1	F	F1	F1	1.0000	1-16569	1	1	unique	55739	9745	0	0.000000
KF148486	Y1a1	Y	Y1	Y1	1.0000	1-16569	1	1	unique	55740	9745	0	0.000000
KF148487	D5a2a2	D	D5	D5	1.0000	1-16569	1	1	unique	55741	9745	0	0.000000
KF148490	C4b1	C	C4	C4	1.0000	1-16569	1	1	unique	55744	9745	0	0.000000
KF148493	A2a1	A	A2	A2	1.0000	1-16569	1	1	unique	55747	9745	0	0.000000
KF148495	D4l2	D	D4	D4	1.0000	1-16569	1	1	unique	55749	9745	0	0.000000
KF148496	C4b1	C	C4	C4	1.0000	1-16569	1	1	unique	55750	9745	0	0.000000
KF148497	C4b1	C	C4	C4	1.0000	1-16569	1	1	unique	55751	9745	0	0.000000
KF148500	C4b1	C	C4	C4	1.0000	1-16569	1	1	unique	55754	9745	0	0.000000
KF148501	C4a2a1	C	C4	C4	1.0000	1-16569	1	1	unique	55755	9745	0	0.000000
KF148503	A2a1	A	A2	A2	1.0000	1-16569	1	1	unique	55757	9745	0	0.000000
KF148505	C4a1a3c	C	C4	C4	1.0000	1-16569	1	1	unique	55759	9745	0	0.000000
KF148507	Y1a1	Y	Y1	Y1	1.0000	1-16569	1	1	unique	55761	9745	0	0.000000
KF148508	Y1a1	Y	Y1	Y1	1.0000	1-16569	1	1	unique	55762	9745	0	0.000000
KF148516	M7a2a3a	M	M7	M7	1.0000	1-16569	1	1	unique	55770	9745	0	0.000000
KF148527	C4b1	C	C4	C4	1.0000	1-16569	1	1	unique	55781	9745	0	0.000000
KF148533	C4b1	C	C4	C4	1.0000	1-16569	1	1	unique	55787	9745	0	0.000000
KF148542	C4b1b	C	C4	C4	1.0000	1-16569	1	1	unique	55796	9745	0	0.000000
KF148544	C4a1a3d	C	C4	C4	1.0000	1-16569	1	1	unique	55798	9745	0	0.000000
KF148550	C4a1a3d	C	C4	C4	1.0000	1-16569	1	1	unique	55804	9745	0	0.000000
KF148555	C4a2a1a	C	C4	C4	1.0000	1-16569	1	1	unique	55809	9745	0	0.000000
KF148560	C4a1a3	C	C4	C4	1.0000	1-16569	1	1	unique	55814	9745	0	0.000000
KF148565	C4a1a3d	C	C4	C4	1.0000	1-16569	1	1	unique	55819	9745	0	0.000000
KF148566	C4a2a1	C	C4	C4	1.0000	1-16569	1	1	unique	55820	9745	0	0.000000
KF148569	D4m2a	D	D4	D4	1.0000	1-16569	1	1	unique	55823	9745	0	0.000000
KF148571	C4b1b	C	C4	C4	1.0000	1-16569	1	1	unique	55825	9745	0	0.000000
KF148574	C5d1	C	C5	C5	1.0000	1-16569	1	1	unique	55828	9745	0	0.000000
KF148581	D4l2a2	D	D4	D4	1.0000	1-16569	1	1	unique	55835	9745	0	0.000000
KF148584	C4a2a1a	C	C4	C4	1.0000	1-16569	1	1	unique	55838	9745	0	0.000000
KF148590	C5a2b	C	C5	C5	1.0000	1-16569	1	1	unique	55844	9745	0	0.000000
KF162886	U2e1b1	U	U2	U2	1.0000	1-16569	1	1	unique	55847	9745	0	0.000000
KF162899	H2a3a1	H	H2	H2	1.0000	1-16569	1	1	unique	55910	9745	0	0.000000
KF162909	H1c11	H	H1	H1	1.0000	1-16569	1	1	unique	55920	9745	0	0.000000
KF162910	H1c1d	H	H1	H1	1.0000	1-16569	1	1	unique	55921	9745	0	0.000000
KF162932	H6a1a	H	H6	H6	1.0000	1-16569	1	1	unique	55943	9745	0	0.000000
KF162941	H2a1g	H	H2	H2	1.0000	1-16569	1	1	unique	55952	9745	0	0.000000
KF162945	H1n1b	H	H1	H1	1.0000	1-16569	1	1	unique	55956	9745	0	0.000000
KF162953	H16d	H	H16	H16	1.0000	1-16569	1	1	unique	55964	9745	0	0.000000
KF162967	J1c8a	J	J1	J1	1.0000	1-16569	1	1	unique	55978	9745	0	0.000000
KF162976	H26a1	H	H26	H26	1.0000	1-16569	1	1	unique	55987	9745	0	0.000000
KF162977	T2b19	T	T2	T2	1.0000	1-16569	1	1	unique	55988	9745	0	0.000000
KF162978	K1c1	K	K1	K1	1.0000	1-16569	1	1	unique	55989	9745	0	0.000000
KF162979	H5a1	H	H5	H5	1.0000	1-16569	1	1	unique	55990	9745	0	0.000000
KF162981	H42a2	H	H42	H42	1.0000	1-16569	1	1	unique	55992	9745	0	0.000000
KF162988	K1a1c	K	K1	K1	1.0000	1-16569	1	1	unique	55999	9745	0	0.000000
KF162993	V15a	V	V15	V15	1.0000	1-16569	1	1	unique	56004	9745	0	0.000000
KF162995	H6a1b4	H	H6	H6	1.0000	1-16569	1	1	unique	56006	9745	0	0.000000
KF163003	H5b1	H	H5	H5	1.0000	1-16569	1	1	unique	56014	9745	0	0.000000
KF163011	H1a1b	H	H1	H1	1.0000	1-16569	1	1	unique	56022	9745	0	0.000000
KF163018	H1c1+16093	H	H1	H1	1.0000	1-16569	1	1	unique	56029	9745	0	0.000000
KF163019	K1a4d	K	K1	K1	1.0000	1-16569	1	1	unique	56030	9745	0	0.000000
KF163020	H1c3a	H	H1	H1	1.0000	1-16569	1	1	unique	56031	9745	0	0.000000
KF163037	H1a1	H	H1	H1	1.0000	1-16569	1	1	unique	56048	9745	0	0.000000
KF163041	U2e1b1	U	U2	U2	1.0000	1-16569	1	1	unique	56052	9745	0	0.000000
KF163043	H1c1	H	H1	H1	1.0000	1-16569	1	1	unique	56054	9745	0	0.000000
KF163048	H1a1c	H	H1	H1	1.0000	1-16569	1	1	unique	56059	9745	0	0.000000
KF163056	H1a3d	H	H1	H1	1.0000	1-16569	1	1	unique	56067	9745	0	0.000000
KF179063	H3h	H	H3	H3	1.0000	1-16569	1	1	unique	56071	9745	0	0.000000
KF358482	L3e5c	L	L3	L3	1.0000	1-16569	1	1	unique	56085	9745	0	0.000000
KF408388	K2a2	K	K2	K2	1.0000	1-16569	1	1	unique	56089	9745	0	0.000000
KF466256	U5b1b1a1a1	U	U5	U5	1.0000	1-16569	1	1	unique	56093	9745	0	0.000000
KF540505	E1	E	E1	E1	1.0000	1-16569	1	1	unique	56094	9745	0	0.000000
KF736454	K1c1h	K	K1	K1	1.0000	1-16569	1	1	unique	56759	9745	0	0.000000
KF849902	M8a3a1	M	M8	M8	1.0000	1-16569	1	1	unique	56767	9745	0	0.000000
KF849909	F2i	F	F2	F2	1.0000	1-16569	1	1	unique	56770	9745	0	0.000000
KF849910	G2a1g	G	G2	G2	1.0000	1-16569	1	1	unique	56771	9745	0	0.000000
KF849913	B4k	B	B4	B4	1.0000	1-16569	1	1	unique	56773	9745	0	0.000000
KF849919	M8a3a	M	M8	M8	1.0000	1-16569	1	1	unique	56776	9745	0	0.000000
KF849920	F1a2a	F	F1	F1	1.0000	1-16569	1	1	unique	56777	9745	0	0.000000
KF849929	D4a6	D	D4	D4	1.0000	1-16569	1	1	unique	56783	9745	0	0.000000
KF849949	B5a1c2	B	B5	B5	1.0000	1-16569	1	1	unique	56789	9745	0	0.000000
KF874328	A2a	A	A2	A2	1.0000	1-16569	1	1	unique	56813	9745	0	0.000000
KF874330	A2a	A	A2	A2	1.0000	1-16569	1	1	unique	56815	9745	0	0.000000
KF874337	A2a	A	A2	A2	1.0000	1-16569	1	1	unique	56822	9745	0	0.000000
KF874343	A2a	A	A2	A2	1.0000	1-16569	1	1	unique	56828	9745	0	0.000000
KF874347	A2b1	A	A2	A2	1.0000	1-16569	1	1	unique	56832	9745	0	0.000000
KF874348	A2b1	A	A2	A2	1.0000	1-16569	1	1	unique	56833	9745	0	0.000000
KF874352	A2b1	A	A2	A2	1.0000	1-16569	1	1	unique	56837	9745	0	0.000000
KF874354	A2b1	A	A2	A2	1.0000	1-16569	1	1	unique	56839	9745	0	0.000000
KF874379	D3	D	D3	D3	1.0000	1-16569	1	1	unique	56864	9745	0	0.000000
KJ021060	I3c	I	I3	I3	1.0000	1-16569	1	1	unique	56871	9745	0	0.000000
KJ154163	M28a4	M	M28	M28	1.0000	1-16569	1	1	unique	56874	9745	0	0.000000
KJ154208	B4a1a1ad	B	B4	B4	1.0000	1-16569	1	1	unique	56882	9745	0	0.000000
KJ154214	B4a1a1t	B	B4	B4	1.0000	1-16569	1	1	unique	56885	9745	0	0.000000
KJ154215	B4a1a1a22	B	B4	B4	1.0000	1-16569	1	1	unique	56886	9745	0	0.000000
KJ154221	B4a1a1k1	B	B4	B4	1.0000	1-16569	1	1	unique	56889	9745	0	0.000000
KJ154226	B4a1a1+16126	B	B4	B4	1.0000	1-16569	1	1	unique	56890	9745	0	0.000000
KJ154230	B4a1a1a11b	B	B4	B4	1.0000	1-16569	1	1	unique	56891	9745	0	0.000000
KJ154269	B4a1a1+151	B	B4	B4	1.0000	1-16569	1	1	unique	56899	9745	0	0.000000
KJ154275	B4a1a1c	B	B4	B4	1.0000	1-16569	1	1	unique	56900	9745	0	0.000000
KJ154397	B4a1a1m	B	B4	B4	1.0000	1-16569	1	1	unique	56916	9745	0	0.000000
KJ154410	B4a1a1+16126	B	B4	B4	1.0000	1-16569	1	1	unique	56918	9745	0	0.000000
KJ154415	B4a1a1a18	B	B4	B4	1.0000	1-16569	1	1	unique	56920	9745	0	0.000000
KJ154439	B4a1a1u	B	B4	B4	1.0000	1-16569	1	1	unique	56922	9745	0	0.000000
KJ154474	B4a1a1s	B	B4	B4	1.0000	1-16569	1	1	unique	56925	9745	0	0.000000
KJ154481	M28a6a	M	M28	M28	1.0000	1-16569	1	1	unique	56928	9745	0	0.000000
KJ154487	B4a1a1a1c	B	B4	B4	1.0000	1-16569	1	1	unique	56929	9745	0	0.000000
KJ154488	M27a3	M	M27	M27	1.0000	1-16569	1	1	unique	56930	9745	0	0.000000
KJ154494	M27a2b	M	M27	M27	1.0000	1-16569	1	1	unique	56931	9745	0	0.000000
KJ154498	M27a1a2	M	M27	M27	1.0000	1-16569	1	1	unique	56933	9745	0	0.000000
KJ154533	M27a2a	M	M27	M27	1.0000	1-16569	1	1	unique	56936	9745	0	0.000000
KJ154546	M27a1a2	M	M27	M27	1.0000	1-16569	1	1	unique	56938	9745	0	0.000000
KJ154557	Q1c1a	Q	Q1	Q1	1.0000	1-16569	1	1	unique	56939	9745	0	0.000000
KJ154580	B4a1a1a14	B	B4	B4	1.0000	1-16569	1	1	unique	56941	9745	0	0.000000
KJ154583	Q1e1b1	Q	Q1	Q1	1.0000	1-16569	1	1	unique	56942	9745	0	0.000000
KJ154601	M27a2b	M	M27	M27	1.0000	1-16569	1	1	unique	56946	9745	0	0.000000
KJ154654	M27b2b1	M	M27	M27	1.0000	1-16569	1	1	unique	56957	9745	0	0.000000
KJ154666	M28b1	M	M28	M28	1.0000	1-16569	1	1	unique	56959	9745	0	0.000000
KJ154668	M28a7a	M	M28	M28	1.0000	1-16569	1	1	unique	56961	9745	0	0.000000
KJ154674	B4b1a2i	B	B4	B4	1.0000	1-16569	1	1	unique	56962	9745	0	0.000000
KJ154697	E1a2a	E	E1	E1	1.0000	1-16569	1	1	unique	56967	9745	0	0.000000
KJ154715	M27a1b	M	M27	M27	1.0000	1-16569	1	1	unique	56972	9745	0	0.000000
KJ154721	M27b2c	M	M27	M27	1.0000	1-16569	1	1	unique	56975	9745	0	0.000000
KJ154728	M27b2	M	M27	M27	1.0000	1-16569	1	1	unique	56976	9745	0	0.000000
KJ154729	M27b2a1	M	M27	M27	1.0000	1-16569	1	1	unique	56977	9745	0	0.000000
KJ154770	M27c	M	M27	M27	1.0000	1-16569	1	1	unique	56981	9745	0	0.000000
KJ154787	Q1e1a	Q	Q1	Q1	1.0000	1-16569	1	1	unique	56984	9745	0	0.000000
KJ154806	M28a3	M	M28	M28	1.0000	1-16569	1	1	unique	56992	9745	0	0.000000
KJ154815	Q1e1a1	Q	Q1	Q1	1.0000	1-16569	1	1	unique	56994	9745	0	0.000000
KJ154832	M28a5b	M	M28	M28	1.0000	1-16569	1	1	unique	56998	9745	0	0.000000
KJ154845	E1a2a3	E	E1	E1	1.0000	1-16569	1	1	unique	57002	9745	0	0.000000
KJ154860	M28a7b	M	M28	M28	1.0000	1-16569	1	1	unique	57055	9745	0	0.000000
KJ154875	Q1c2a	Q	Q1	Q1	1.0000	1-16569	1	1	unique	57060	9745	0	0.000000
KJ154902	M28a5a	M	M28	M28	1.0000	1-16569	1	1	unique	57066	9745	0	0.000000
KJ154923	M29b1	M	M29	M29	1.0000	1-16569	1	1	unique	57070	9745	0	0.000000
KJ154929	B4a1a1z	B	B4	B4	1.0000	1-16569	1	1	unique	57072	9745	0	0.000000
KJ669137	L0d1d	L	L0	L0	1.0000	1-16569	1	1	unique	57086	9745	0	0.000000
KJ816752	I1a1a3a	I	I1	I1	1.0000	1-16569	1	1	unique	57104	9745	0	0.000000
KJ856676	K2a3	K	K2	K2	1.0000	1-16569	1	1	unique	57106	9745	0	0.000000
KJ856682	H1	H	H1	H1	1.0000	1-16569	1	1	unique	57112	9745	0	0.000000
KJ856686	U8a1a1b1	U	U8	U8	1.0000	1-16569	1	1	unique	57116	9745	0	0.000000
KJ856715	H1	H	H1	H1	1.0000	1-16569	1	1	unique	57145	9745	0	0.000000
KJ856725	U2e1b1	U	U2	U2	1.0000	1-16569	1	1	unique	57155	9745	0	0.000000
KJ856726	H2b	H	H2	H2	1.0000	1-16569	1	1	unique	57156	9745	0	0.000000
KJ856727	U4a2a	U	U4	U4	1.0000	1-16569	1	1	unique	57157	9745	0	0.000000
KJ856731	U2e1b1	U	U2	U2	1.0000	1-16569	1	1	unique	57161	9745	0	0.000000
KJ856738	U4b1b1+16311	U	U4	U4	1.0000	1-16569	1	1	unique	57168	9745	0	0.000000
KJ856746	I4a	I	I4	I4	1.0000	1-16569	1	1	unique	57176	9745	0	0.000000
KJ856755	H49	H	H49	H49	1.0000	1-16569	1	1	unique	57185	9745	0	0.000000
KJ856763	H1a3b	H	H1	H1	1.0000	1-16569	1	1	unique	57193	9745	0	0.000000
KJ856767	H11a1	H	H11	H11	1.0000	1-16569	1	1	unique	57197	9745	0	0.000000
KJ856770	H1	H	H1	H1	1.0000	1-16569	1	1	unique	57200	9745	0	0.000000
KJ856777	H1	H	H1	H1	1.0000	1-16569	1	1	unique	57207	9745	0	0.000000
KJ856780	H6a1b	H	H6	H6	1.0000	1-16569	1	1	unique	57210	9745	0	0.000000
KJ856786	H1	H	H1	H1	1.0000	1-16569	1	1	unique	57216	9745	0	0.000000
KJ856798	U2e1b1	U	U2	U2	1.0000	1-16569	1	1	unique	57228	9745	0	0.000000
KJ856803	K1a9	K	K1	K1	1.0000	1-16569	1	1	unique	57233	9745	0	0.000000
KJ856804	U8a1a1b	U	U8	U8	1.0000	1-16569	1	1	unique	57234	9745	0	0.000000
KJ856806	U3a1a	U	U3	U3	1.0000	1-16569	1	1	unique	57236	9745	0	0.000000
KJ856810	H11a1	H	H11	H11	1.0000	1-16569	1	1	unique	57240	9745	0	0.000000
KJ856815	K1b2b	K	K1	K1	1.0000	1-16569	1	1	unique	57245	9745	0	0.000000
KJ856816	H11a2a	H	H11	H11	1.0000	1-16569	1	1	unique	57246	9745	0	0.000000
KJ856835	U2e1b1	U	U2	U2	1.0000	1-16569	1	1	unique	57265	9745	0	0.000000
KJ856837	U3b1b	U	U3	U3	1.0000	1-16569	1	1	unique	57267	9745	0	0.000000
KM986521	L2a1a2	L	L2	L2	1.0000	1-16569	1	1	unique	57311	9745	0	0.000000
KM986546	L3d3a1a	L	L3	L3	1.0000	1-16569	1	1	unique	57336	9745	0	0.000000
KM986558	M1a1b1b1	M	M1	M1	1.0000	1-16569	1	1	unique	57348	9745	0	0.000000
KM986562	M1a1f	M	M1	M1	1.0000	1-16569	1	1	unique	57352	9745	0	0.000000
KM986581	L3b1a11	L	L3	L3	1.0000	1-16569	1	1	unique	57371	9745	0	0.000000
KM986591	L3e1a2	L	L3	L3	1.0000	1-16569	1	1	unique	57381	9745	0	0.000000
KM986593	L3d1a1a	L	L3	L3	1.0000	1-16569	1	1	unique	57383	9745	0	0.000000
KM986595	L3e3a	L	L3	L3	1.0000	1-16569	1	1	unique	57385	9745	0	0.000000
KM986600	L3d1a1a	L	L3	L3	1.0000	1-16569	1	1	unique	57390	9745	0	0.000000
KM986601	L3d1a1a	L	L3	L3	1.0000	1-16569	1	1	unique	57391	9745	0	0.000000
KM986622	M1a1b1b	M	M1	M1	1.0000	1-16569	1	1	unique	57412	9745	0	0.000000
KP742475	H1b1+16362	H	H1	H1	1.0000	1-16569	1	1	unique	58466	9745	0	0.000000
KP868616	H1bb	H	H1	H1	1.0000	1-16569	1	1	unique	58470	9745	0	0.000000
KT587439	B5a1a	B	B5	B5	1.0000	1-16569	1	1	unique	59192	9745	0	0.000000
KT587452	N9a6	N	N9	N9	1.0000	1-16569	1	1	unique	59255	9745	0	0.000000
KT587475	B5a1a	B	B5	B5	1.0000	1-16569	1	1	unique	59278	9745	0	0.000000
KT587508	M24b	M	M24	M24	1.0000	1-16569	1	1	unique	59311	9745	0	0.000000
KT587514	B4c2c	B	B4	B4	1.0000	1-16569	1	1	unique	59317	9745	0	0.000000
KT587524	B5a1a	B	B5	B5	1.0000	1-16569	1	1	unique	59327	9745	0	0.000000
KT587532	M51a1b	M	M51	M51	1.0000	1-16569	1	1	unique	59335	9745	0	0.000000
KT587541	B5a1a	B	B5	B5	1.0000	1-16569	1	1	unique	59344	9745	0	0.000000
KT587573	M12b1b	M	M12	M12	1.0000	1-16569	1	1	unique	59376	9745	0	0.000000
KT587586	B5a1a	B	B5	B5	1.0000	1-16569	1	1	unique	59389	9745	0	0.000000
KT587588	B5a1a	B	B5	B5	1.0000	1-16569	1	1	unique	59391	9745	0	0.000000
KT587596	M26	M	M26	M26	1.0000	1-16569	1	1	unique	59399	9745	0	0.000000
KT587607	B5a1a	B	B5	B5	1.0000	1-16569	1	1	unique	59410	9745	0	0.000000
KT587614	W3b	W	W3	W3	1.0000	1-16569	1	1	unique	59417	9745	0	0.000000
KT587622	M12b1b	M	M12	M12	1.0000	1-16569	1	1	unique	59425	9745	0	0.000000
KT697998	K1b1c	K	K1	K1	1.0000	1-16569	1	1	unique	59453	9745	0	0.000000
KT698000	K1a4d	K	K1	K1	1.0000	1-16569	1	1	unique	59455	9745	0	0.000000
KT698012	U4b1a1a1	U	U4	U4	1.0000	1-16569	1	1	unique	59467	9745	0	0.000000
KT698023	U4c1	U	U4	U4	1.0000	1-16569	1	1	unique	59478	9745	0	0.000000
KT698027	K1b1c	K	K1	K1	1.0000	1-16569	1	1	unique	59482	9745	0	0.000000
KT698029	K1b1c	K	K1	K1	1.0000	1-16569	1	1	unique	59484	9745	0	0.000000
KT698031	U2e1b1	U	U2	U2	1.0000	1-16569	1	1	unique	59486	9745	0	0.000000
KT725924	D4e1a	D	D4	D4	1.0000	1-16569	1	1	unique	59554	9745	0	0.000000
KT725960	M9a1a1c1b1a	M	M9	M9	1.0000	1-16569	1	1	unique	59590	9745	0	0.000000
KT725961	M9a1b1c	M	M9	M9	1.0000	1-16569	1	1	unique	59591	9745	0	0.000000
KT725962	M13a1b	M	M13	M13	1.0000	1-16569	1	1	unique	59592	9745	0	0.000000
KT725976	M9a1a1c1b1a	M	M9	M9	1.0000	1-16569	1	1	unique	59606	9745	0	0.000000
KT726011	M9a1a1c1b1a	M	M9	M9	1.0000	1-16569	1	1	unique	59641	9745	0	0.000000
KT726025	M9a1a1c1b1a	M	M9	M9	1.0000	1-16569	1	1	unique	59655	9745	0	0.000000
KT726051	M9a1a1c1b1a	M	M9	M9	1.0000	1-16569	1	1	unique	59681	9745	0	0.000000
KT726071	D4n2	D	D4	D4	1.0000	1-16569	1	1	unique	59701	9745	0	0.000000
KT726139	M9a1a1c1b1a	M	M9	M9	1.0000	1-16569	1	1	unique	59819	9745	0	0.000000
KT726145	M9a1a1c1b1a	M	M9	M9	1.0000	1-16569	1	1	unique	59825	9745	0	0.000000
KU131309	M7c1c3	M	M7	M7	1.0000	1-16569	1	1	unique	59838	9745	0	0.000000
KU131310	M7c1c3e	M	M7	M7	1.0000	1-16569	1	1	unique	59839	9745	0	0.000000
KU131326	M7b1a1d1	M	M7	M7	1.0000	1-16569	1	1	unique	59855	9745	0	0.000000
KU131328	M7b1a1a3	M	M7	M7	1.0000	1-16569	1	1	unique	59857	9745	0	0.000000
KU131331	M7c1c3	M	M7	M7	1.0000	1-16569	1	1	unique	59860	9745	0	0.000000
KU131367	M7c1c3	M	M7	M7	1.0000	1-16569	1	1	unique	59896	9745	0	0.000000
KU131368	M7c1c3	M	M7	M7	1.0000	1-16569	1	1	unique	59897	9745	0	0.000000
KU521396	B4b1a2h	B	B4	B4	1.0000	1-16569	1	1	unique	59923	9745	0	0.000000
KU521412	B4c1b2a2a	B	B4	B4	1.0000	1-16569	1	1	unique	59939	9745	0	0.000000
KU521449	F3b1a2	F	F3	F3	1.0000	1-16569	1	1	unique	59976	9745	0	0.000000
KU521451	F3b1a2	F	F3	F3	1.0000	1-16569	1	1	unique	59978	9745	0	0.000000
KU521453	F3b1a+16093	F	F3	F3	1.0000	1-16569	1	1	unique	59980	9745	0	0.000000
KU521454	F3b1a2	F	F3	F3	1.0000	1-16569	1	1	unique	59981	9745	0	0.000000
KU521460	N9a10a2	N	N9	N9	1.0000	1-16569	1	1	unique	59987	9745	0	0.000000
KU521461	N9a10a	N	N9	N9	1.0000	1-16569	1	1	unique	59988	9745	0	0.000000
KU521481	R9c1a	R	R9	R9	1.0000	1-16569	1	1	unique	60008	9745	0	0.000000
KU521494	Y2a1	Y	Y2	Y2	1.0000	1-16569	1	1	unique	60021	9745	0	0.000000
KU521498	F1a4a1	F	F1	F1	1.0000	1-16569	1	1	unique	60025	9745	0	0.000000
KU683013	H33b	H	H33	H33	1.0000	1-16569	1	1	unique	60174	9745	0	0.000000
KU683020	A16	A	A16	A16	1.0000	1-16569	1	1	unique	60181	9745	0	0.000000
KU683038	H33b	H	H33	H33	1.0000	1-16569	1	1	unique	60199	9745	0	0.000000
KU683048	D4l2	D	D4	D4	1.0000	1-16569	1	1	unique	60209	9745	0	0.000000
KU683051	H33b	H	H33	H33	1.0000	1-16569	1	1	unique	60212	9745	0	0.000000
KU683075	T2b	T	T2	T2	1.0000	1-16569	1	1	unique	60236	9745	0	0.000000
KU683121	A16	A	A16	A16	1.0000	1-16569	1	1	unique	60281	9745	0	0.000000
KU683194	H33b	H	H33	H33	1.0000	1-16569	1	1	unique	60402	9745	0	0.000000
KU683197	D4c2b	D	D4	D4	1.0000	1-16569	1	1	unique	60405	9745	0	0.000000
KU683215	H16+152	H	H16	H16	1.0000	1-16569	1	1	unique	60423	9745	0	0.000000
KU683225	D4c2b	D	D4	D4	1.0000	1-16569	1	1	unique	60433	9745	0	0.000000
KU683237	M9a1b1	M	M9	M9	1.0000	1-16569	1	1	unique	60445	9745	0	0.000000
KU683246	G2b1b	G	G2	G2	1.0000	1-16569	1	1	unique	60454	9745	0	0.000000
KU683247	C4b3a	C	C4	C4	1.0000	1-16569	1	1	unique	60455	9745	0	0.000000
KU683248	H2b	H	H2	H2	1.0000	1-16569	1	1	unique	60456	9745	0	0.000000
KU683252	G2b1b	G	G2	G2	1.0000	1-16569	1	1	unique	60460	9745	0	0.000000
KU683253	G2b1b	G	G2	G2	1.0000	1-16569	1	1	unique	60461	9745	0	0.000000
KU683287	M9a1b1	M	M9	M9	1.0000	1-16569	1	1	unique	60495	9745	0	0.000000
KU683311	H16+152	H	H16	H16	1.0000	1-16569	1	1	unique	60519	9745	0	0.000000
KU683319	C7a1c	C	C7	C7	1.0000	1-16569	1	1	unique	60527	9745	0	0.000000
KU683328	G2a2	G	G2	G2	1.0000	1-16569	1	1	unique	60536	9745	0	0.000000
KU683334	U4b2	U	U4	U4	1.0000	1-16569	1	1	unique	60542	9745	0	0.000000
KU683339	V+@16298	V	V	V	1.0000	1-16569	1	1	unique	60547	9745	0	0.000000
KU683354	C7a1c	C	C7	C7	1.0000	1-16569	1	1	unique	60562	9745	0	0.000000
KU683358	V+@16298	V	V	V	1.0000	1-16569	1	1	unique	60566	9745	0	0.000000
KU683369	G2a2	G	G2	G2	1.0000	1-16569	1	1	unique	60577	9745	0	0.000000
KU683372	U4b2	U	U4	U4	1.0000	1-16569	1	1	unique	60580	9745	0	0.000000
KU683381	G2a2	G	G2	G2	1.0000	1-16569	1	1	unique	60589	9745	0	0.000000
KU683388	H16+152	H	H16	H16	1.0000	1-16569	1	1	unique	60596	9745	0	0.000000
KU683391	Y1a1	Y	Y1	Y1	1.0000	1-16569	1	1	unique	60599	9745	0	0.000000
KU683413	A16	A	A16	A16	1.0000	1-16569	1	1	unique	60621	9745	0	0.000000
KU683430	D4c2b	D	D4	D4	1.0000	1-16569	1	1	unique	60638	9745	0	0.000000
KU683467	M9a1b1	M	M9	M9	1.0000	1-16569	1	1	unique	60675	9745	0	0.000000
KU683472	H33b	H	H33	H33	1.0000	1-16569	1	1	unique	60680	9745	0	0.000000
KU683484	M9a1b1	M	M9	M9	1.0000	1-16569	1	1	unique	60692	9745	0	0.000000
KU683500	D4l2	D	D4	D4	1.0000	1-16569	1	1	unique	60708	9745	0	0.000000
KU683506	T1a1b1	T	T1	T1	1.0000	1-16569	1	1	unique	60714	9745	0	0.000000
KU683562	V+@16298	V	V	V	1.0000	1-16569	1	1	unique	60770	9745	0	0.000000
KU683569	D4j	D	D4	D4	1.0000	1-16569	1	1	unique	60777	9745	0	0.000000
KX358500	D2b1	D	D2	D2	1.0000	1-16569	1	1	unique	60831	9745	0	0.000000
KX358501	D4j10	D	D4	D4	1.0000	1-16569	1	1	unique	60832	9745	0	0.000000
KX358502	G2a2	G	G2	G2	1.0000	1-16569	1	1	unique	60833	9745	0	0.000000
KX456435	F1a1a1	F	F1	F1	1.0000	1-16569	1	1	unique	60908	9745	0	0.000000
KX456436	F1a1a1	F	F1	F1	1.0000	1-16569	1	1	unique	60909	9745	0	0.000000
KX456482	G2b1a1	G	G2	G2	1.0000	1-16569	1	1	unique	60955	9745	0	0.000000
KX456535	F1a1a	F	F1	F1	1.0000	1-16569	1	1	unique	61008	9745	0	0.000000
KX456559	C4a2b2	C	C4	C4	1.0000	1-16569	1	1	unique	61032	9745	0	0.000000
KX456567	R9b1b	R	R9	R9	1.0000	1-16569	1	1	unique	61040	9745	0	0.000000
KX456613	M7b1a1b	M	M7	M7	1.0000	1-16569	1	1	unique	61086	9745	0	0.000000
KX456619	M7b1a1b	M	M7	M7	1.0000	1-16569	1	1	unique	61092	9745	0	0.000000
KX456648	B5a1d	B	B5	B5	1.0000	1-16569	1	1	unique	61121	9745	0	0.000000
KX456700	M12b1b	M	M12	M12	1.0000	1-16569	1	1	unique	61173	9745	0	0.000000
KX456706	M51a1b	M	M51	M51	1.0000	1-16569	1	1	unique	61179	9745	0	0.000000
KX456709	M51a1b	M	M51	M51	1.0000	1-16569	1	1	unique	61182	9745	0	0.000000
KX456712	M51a1b	M	M51	M51	1.0000	1-16569	1	1	unique	61185	9745	0	0.000000
KX456716	M51a1b	M	M51	M51	1.0000	1-16569	1	1	unique	61189	9745	0	0.000000
KX456726	M51a1b	M	M51	M51	1.0000	1-16569	1	1	unique	61199	9745	0	0.000000
KX456740	M24b	M	M24	M24	1.0000	1-16569	1	1	unique	61213	9745	0	0.000000
KX456755	B5a1c	B	B5	B5	1.0000	1-16569	1	1	unique	61228	9745	0	0.000000
KX456756	B5a1c	B	B5	B5	1.0000	1-16569	1	1	unique	61229	9745	0	0.000000
KX456769	B5a1c	B	B5	B5	1.0000	1-16569	1	1	unique	61242	9745	0	0.000000
KX456772	B5a1c	B	B5	B5	1.0000	1-16569	1	1	unique	61245	9745	0	0.000000
KX456773	B5a1c	B	B5	B5	1.0000	1-16569	1	1	unique	61246	9745	0	0.000000
KX456782	B5a1a	B	B5	B5	1.0000	1-16569	1	1	unique	61255	9745	0	0.000000
KX456788	B5a1a	B	B5	B5	1.0000	1-16569	1	1	unique	61261	9745	0	0.000000
KX456791	B5a1d	B	B5	B5	1.0000	1-16569	1	1	unique	61264	9745	0	0.000000
KX456806	M51a1b	M	M51	M51	1.0000	1-16569	1	1	unique	61279	9745	0	0.000000
KX456807	M12b1b	M	M12	M12	1.0000	1-16569	1	1	unique	61280	9745	0	0.000000
KX456810	M24b	M	M24	M24	1.0000	1-16569	1	1	unique	61283	9745	0	0.000000
KX456816	M24b	M	M24	M24	1.0000	1-16569	1	1	unique	61289	9745	0	0.000000
KX456825	B5a1d	B	B5	B5	1.0000	1-16569	1	1	unique	61298	9745	0	0.000000
KX456827	B5a1d	B	B5	B5	1.0000	1-16569	1	1	unique	61300	9745	0	0.000000
KX456830	B5a1d	B	B5	B5	1.0000	1-16569	1	1	unique	61303	9745	0	0.000000
KX456832	B5a1d	B	B5	B5	1.0000	1-16569	1	1	unique	61305	9745	0	0.000000
KX456837	B5a1d	B	B5	B5	1.0000	1-16569	1	1	unique	61310	9745	0	0.000000
KX456844	B5a1d	B	B5	B5	1.0000	1-16569	1	1	unique	61317	9745	0	0.000000
KX456845	B5a1d	B	B5	B5	1.0000	1-16569	1	1	unique	61318	9745	0	0.000000
KX456858	M12b1b	M	M12	M12	1.0000	1-16569	1	1	unique	61331	9745	0	0.000000
KX456881	M24a	M	M24	M24	1.0000	1-16569	1	1	unique	61354	9745	0	0.000000
KX456883	M7c2a	M	M7	M7	1.0000	1-16569	1	1	unique	61356	9745	0	0.000000
KX456887	M24a	M	M24	M24	1.0000	1-16569	1	1	unique	61360	9745	0	0.000000
KX456931	B5a1a	B	B5	B5	1.0000	1-16569	1	1	unique	61454	9745	0	0.000000
KX456935	B5a1a	B	B5	B5	1.0000	1-16569	1	1	unique	61458	9745	0	0.000000
KX456940	B5a1a	B	B5	B5	1.0000	1-16569	1	1	unique	61463	9745	0	0.000000
KX456948	M24b	M	M24	M24	1.0000	1-16569	1	1	unique	61471	9745	0	0.000000
KX456973	B5a1d	B	B5	B5	1.0000	1-16569	1	1	unique	61496	9745	0	0.000000
KX456989	M7b1a1b	M	M7	M7	1.0000	1-16569	1	1	unique	61512	9745	0	0.000000
KX457013	D4j1a1	D	D4	D4	1.0000	1-16569	1	1	unique	61536	9745	0	0.000000
KX457015	D4j1a1	D	D4	D4	1.0000	1-16569	1	1	unique	61538	9745	0	0.000000
KX457027	B5a1a	B	B5	B5	1.0000	1-16569	1	1	unique	61550	9745	0	0.000000
KX457030	B5a1a	B	B5	B5	1.0000	1-16569	1	1	unique	61553	9745	0	0.000000
KX457082	F1a1a1	F	F1	F1	1.0000	1-16569	1	1	unique	61605	9745	0	0.000000
KX457149	M74b2	M	M74	M74	1.0000	1-16569	1	1	unique	61672	9745	0	0.000000
KX457296	B5a1a	B	B5	B5	1.0000	1-16569	1	1	unique	61819	9745	0	0.000000
KX457336	M7b1a1a3	M	M7	M7	1.0000	1-16569	1	1	unique	61859	9745	0	0.000000
KX457339	D4g2a1c	D	D4	D4	1.0000	1-16569	1	1	unique	61862	9745	0	0.000000
KX457347	M7b1a1a3	M	M7	M7	1.0000	1-16569	1	1	unique	61870	9745	0	0.000000
KX457414	B5a1a	B	B5	B5	1.0000	1-16569	1	1	unique	61937	9745	0	0.000000
KX457417	B4c2	B	B4	B4	1.0000	1-16569	1	1	unique	61940	9745	0	0.000000
KX457491	M24b	M	M24	M24	1.0000	1-16569	1	1	unique	62111	9745	0	0.000000
KX457591	B5a1b1	B	B5	B5	1.0000	1-16569	1	1	unique	62211	9745	0	0.000000
KX457616	B5a1a	B	B5	B5	1.0000	1-16569	1	1	unique	62236	9745	0	0.000000
KX457667	M24b	M	M24	M24	1.0000	1-16569	1	1	unique	62286	9745	0	0.000000
KX690209	H7c2	H	H7	H7	1.0000	1-16569	1	1	unique	62288	9745	0	0.000000
KX833062	H7e	H	H7	H7	1.0000	1-16569	1	1	unique	62291	9745	0	0.000000
KY073882	I1b	I	I1	I1	1.0000	1-16569	1	1	unique	62295	9745	0	0.000000
KY348641	X2c1	X	X2	X2	1.0000	1-16569	1	1	unique	62297	9745	0	0.000000
KY411456	U3a1c1	U	U3	U3	1.0000	1-16569	1	1	unique	64593	9745	0	0.000000
KY622022	J1c2c2	J	J1	J1	1.0000	1-16569	1	1	unique	64598	9745	0	0.000000
KY824912	U7a	U	U7	U7	1.0000	1-16569	1	1	unique	64642	9745	0	0.000000
KY825055	U7a4a1	U	U7	U7	1.0000	1-16569	1	1	unique	64656	9745	0	0.000000
KY825082	U7b	U	U7	U7	1.0000	1-16569	1	1	unique	64672	9745	0	0.000000
MF055755	B4a1a1b	B	B4	B4	1.0000	1-16569	1	1	unique	64683	9745	0	0.000000
MF055763	B4a1a1b	B	B4	B4	1.0000	1-16569	1	1	unique	64691	9745	0	0.000000
MF055766	B4a1a1b	B	B4	B4	1.0000	1-16569	1	1	unique	64694	9745	0	0.000000
MF055771	B4a1a1b	B	B4	B4	1.0000	1-16569	1	1	unique	64699	9745	0	0.000000
MF055772	B4a1a1b	B	B4	B4	1.0000	1-16569	1	1	unique	64700	9745	0	0.000000
MF055778	B4a1a1b	B	B4	B4	1.0000	1-16569	1	1	unique	64706	9745	0	0.000000
MF055779	M7c1c3	M	M7	M7	1.0000	1-16569	1	1	unique	64707	9745	0	0.000000
MF055781	L3e3b1	L	L3	L3	1.0000	1-16569	1	1	unique	64709	9745	0	0.000000
MF055782	M7c1c3	M	M7	M7	1.0000	1-16569	1	1	unique	64710	9745	0	0.000000
MF055785	L2a1a2	L	L2	L2	1.0000	1-16569	1	1	unique	64713	9745	0	0.000000
MF055786	L0a1b1a1	L	L0	L0	1.0000	1-16569	1	1	unique	64714	9745	0	0.000000
MF055788	B4a1a1b	B	B4	B4	1.0000	1-16569	1	1	unique	64716	9745	0	0.000000
MF055789	L2a1a2	L	L2	L2	1.0000	1-16569	1	1	unique	64717	9745	0	0.000000
MF055796	B4a1a1b	B	B4	B4	1.0000	1-16569	1	1	unique	64724	9745	0	0.000000
MF055802	M7c1c3	M	M7	M7	1.0000	1-16569	1	1	unique	64730	9745	0	0.000000
MF055803	L3e3a	L	L3	L3	1.0000	1-16569	1	1	unique	64731	9745	0	0.000000
MF055805	L3d1a1a	L	L3	L3	1.0000	1-16569	1	1	unique	64733	9745	0	0.000000
MF055809	L3d1a1a1	L	L3	L3	1.0000	1-16569	1	1	unique	64737	9745	0	0.000000
MF055812	L3e3b1	L	L3	L3	1.0000	1-16569	1	1	unique	64740	9745	0	0.000000
MF055813	B4a1a1b	B	B4	B4	1.0000	1-16569	1	1	unique	64741	9745	0	0.000000
MF055820	M7c1c3	M	M7	M7	1.0000	1-16569	1	1	unique	64748	9745	0	0.000000
MF055824	B4a1a1b	B	B4	B4	1.0000	1-16569	1	1	unique	64752	9745	0	0.000000
MF055826	B4a1a1b	B	B4	B4	1.0000	1-16569	1	1	unique	64804	9745	0	0.000000
MF055834	M7c1c3	M	M7	M7	1.0000	1-16569	1	1	unique	64812	9745	0	0.000000
MF055845	L0a1b1a1	L	L0	L0	1.0000	1-16569	1	1	unique	64823	9745	0	0.000000
MF055848	B4a1a1b	B	B4	B4	1.0000	1-16569	1	1	unique	64826	9745	0	0.000000
MF055854	M7c1c3	M	M7	M7	1.0000	1-16569	1	1	unique	64832	9745	0	0.000000
MF055860	L0a1b1a1	L	L0	L0	1.0000	1-16569	1	1	unique	64838	9745	0	0.000000
MF055864	L3e3a	L	L3	L3	1.0000	1-16569	1	1	unique	64842	9745	0	0.000000
MF055868	B4a1a1b	B	B4	B4	1.0000	1-16569	1	1	unique	64846	9745	0	0.000000
MF055877	B4a1a1b	B	B4	B4	1.0000	1-16569	1	1	unique	64855	9745	0	0.000000
MF055881	M7c1c3	M	M7	M7	1.0000	1-16569	1	1	unique	64859	9745	0	0.000000
MF055885	B4a1a1b	B	B4	B4	1.0000	1-16569	1	1	unique	64863	9745	0	0.000000
MF055887	B4a1a1b	B	B4	B4	1.0000	1-16569	1	1	unique	64865	9745	0	0.000000
MF055888	B4a1a1b	B	B4	B4	1.0000	1-16569	1	1	unique	64866	9745	0	0.000000
MF055890	L3e1d1	L	L3	L3	1.0000	1-16569	1	1	unique	64868	9745	0	0.000000
MF055893	B4a1a1b	B	B4	B4	1.0000	1-16569	1	1	unique	64871	9745	0	0.000000
MF055908	B4a1a1b	B	B4	B4	1.0000	1-16569	1	1	unique	64886	9745	0	0.000000
MF055909	M7c1c3	M	M7	M7	1.0000	1-16569	1	1	unique	64887	9745	0	0.000000
MF055919	B4a1a1b	B	B4	B4	1.0000	1-16569	1	1	unique	64897	9745	0	0.000000
MF055920	M7c1c3	M	M7	M7	1.0000	1-16569	1	1	unique	64898	9745	0	0.000000
MF055926	M7c1c3	M	M7	M7	1.0000	1-16569	1	1	unique	64904	9745	0	0.000000
MF055927	B4a1a1b	B	B4	B4	1.0000	1-16569	1	1	unique	64905	9745	0	0.000000
MF055929	L3e3b1	L	L3	L3	1.0000	1-16569	1	1	unique	64907	9745	0	0.000000
MF055930	M7c1c3	M	M7	M7	1.0000	1-16569	1	1	unique	64908	9745	0	0.000000
MF055935	M7c1c3	M	M7	M7	1.0000	1-16569	1	1	unique	64913	9745	0	0.000000
MF055947	B4a1a1b	B	B4	B4	1.0000	1-16569	1	1	unique	64925	9745	0	0.000000
MF055948	B4a1a1b	B	B4	B4	1.0000	1-16569	1	1	unique	64926	9745	0	0.000000
MF055955	M7c1c3	M	M7	M7	1.0000	1-16569	1	1	unique	64933	9745	0	0.000000
MF055960	B4a1a1b	B	B4	B4	1.0000	1-16569	1	1	unique	64938	9745	0	0.000000
MF055968	M7c1c3	M	M7	M7	1.0000	1-16569	1	1	unique	64946	9745	0	0.000000
MF055974	L3d1a1a	L	L3	L3	1.0000	1-16569	1	1	unique	64952	9745	0	0.000000
MF055978	L3d1a1a	L	L3	L3	1.0000	1-16569	1	1	unique	64956	9745	0	0.000000
MF055987	M7c1c3	M	M7	M7	1.0000	1-16569	1	1	unique	64965	9745	0	0.000000
MF056000	M7c1c3	M	M7	M7	1.0000	1-16569	1	1	unique	64978	9745	0	0.000000
MF056001	B4a1a1b	B	B4	B4	1.0000	1-16569	1	1	unique	64979	9745	0	0.000000
MF056004	B4a1a1b	B	B4	B4	1.0000	1-16569	1	1	unique	64982	9745	0	0.000000
MF056013	B4a1a1b	B	B4	B4	1.0000	1-16569	1	1	unique	64991	9745	0	0.000000
MF056023	B4a1a1b	B	B4	B4	1.0000	1-16569	1	1	unique	65001	9745	0	0.000000
MF056025	B4a1a1b	B	B4	B4	1.0000	1-16569	1	1	unique	65003	9745	0	0.000000
MF056029	B4a1a1b	B	B4	B4	1.0000	1-16569	1	1	unique	65007	9745	0	0.000000
MF056030	B4a1a1b	B	B4	B4	1.0000	1-16569	1	1	unique	65008	9745	0	0.000000
MF056031	B4a1a1b	B	B4	B4	1.0000	1-16569	1	1	unique	65009	9745	0	0.000000
MF056032	B4a1a1b	B	B4	B4	1.0000	1-16569	1	1	unique	65010	9745	0	0.000000
MF056034	B4a1a1b	B	B4	B4	1.0000	1-16569	1	1	unique	65012	9745	0	0.000000
MF056038	B4a1a1b	B	B4	B4	1.0000	1-16569	1	1	unique	65016	9745	0	0.000000
MF056043	B4a1a1b	B	B4	B4	1.0000	1-16569	1	1	unique	65021	9745	0	0.000000
MF056056	B4a1a1b	B	B4	B4	1.0000	1-16569	1	1	unique	65034	9745	0	0.000000
MF056057	B4a1a1b	B	B4	B4	1.0000	1-16569	1	1	unique	65035	9745	0	0.000000
MF056058	B4a1a1b	B	B4	B4	1.0000	1-16569	1	1	unique	65036	9745	0	0.000000
MF056062	B4a1a1b	B	B4	B4	1.0000	1-16569	1	1	unique	65040	9745	0	0.000000
MF056063	B4a1a1b	B	B4	B4	1.0000	1-16569	1	1	unique	65041	9745	0	0.000000
MF056065	B4a1a1b	B	B4	B4	1.0000	1-16569	1	1	unique	65043	9745	0	0.000000
MF056079	B4a1a1b	B	B4	B4	1.0000	1-16569	1	1	unique	65057	9745	0	0.000000
MF056096	B4a1a1b	B	B4	B4	1.0000	1-16569	1	1	unique	65074	9745	0	0.000000
MF056103	B4a1a1b	B	B4	B4	1.0000	1-16569	1	1	unique	65081	9745	0	0.000000
MF056112	M7c1c3	M	M7	M7	1.0000	1-16569	1	1	unique	65090	9745	0	0.000000
MF056113	M7c1c3	M	M7	M7	1.0000	1-16569	1	1	unique	65091	9745	0	0.000000
MF056116	B4a1a1b	B	B4	B4	1.0000	1-16569	1	1	unique	65094	9745	0	0.000000
MF056118	L3e3b1	L	L3	L3	1.0000	1-16569	1	1	unique	65096	9745	0	0.000000
MF056119	B4a1a1b	B	B4	B4	1.0000	1-16569	1	1	unique	65097	9745	0	0.000000
MF056127	B4a1a1b	B	B4	B4	1.0000	1-16569	1	1	unique	65105	9745	0	0.000000
MF056139	B4a1a1b	B	B4	B4	1.0000	1-16569	1	1	unique	65117	9745	0	0.000000
MF056140	B4a1a1b	B	B4	B4	1.0000	1-16569	1	1	unique	65118	9745	0	0.000000
MF056143	B4a1a1b	B	B4	B4	1.0000	1-16569	1	1	unique	65121	9745	0	0.000000
MF056146	M7c1c3	M	M7	M7	1.0000	1-16569	1	1	unique	65124	9745	0	0.000000
MF056149	M7c1c3	M	M7	M7	1.0000	1-16569	1	1	unique	65127	9745	0	0.000000
MF056162	M7c1c3	M	M7	M7	1.0000	1-16569	1	1	unique	65140	9745	0	0.000000
MF056166	B4a1a1b	B	B4	B4	1.0000	1-16569	1	1	unique	65144	9745	0	0.000000
MF056172	L2a1a	L	L2	L2	1.0000	1-16569	1	1	unique	65150	9745	0	0.000000
MF056181	B4a1a1b	B	B4	B4	1.0000	1-16569	1	1	unique	65159	9745	0	0.000000
MF056196	B4a1a1b	B	B4	B4	1.0000	1-16569	1	1	unique	65174	9745	0	0.000000
MF056200	B4a1a1b	B	B4	B4	1.0000	1-16569	1	1	unique	65178	9745	0	0.000000
MF056201	B4a1a1b	B	B4	B4	1.0000	1-16569	1	1	unique	65179	9745	0	0.000000
MF056202	B4a1a1b	B	B4	B4	1.0000	1-16569	1	1	unique	65180	9745	0	0.000000
MF056203	B4a1a1b	B	B4	B4	1.0000	1-16569	1	1	unique	65181	9745	0	0.000000
MF056208	B4a1a1b	B	B4	B4	1.0000	1-16569	1	1	unique	65186	9745	0	0.000000
MF056209	B4a1a1b	B	B4	B4	1.0000	1-16569	1	1	unique	65187	9745	0	0.000000
MF056215	B4a1a1b	B	B4	B4	1.0000	1-16569	1	1	unique	65193	9745	0	0.000000
MF056218	M7c1c3	M	M7	M7	1.0000	1-16569	1	1	unique	65196	9745	0	0.000000
MF056224	L2a1a2	L	L2	L2	1.0000	1-16569	1	1	unique	65202	9745	0	0.000000
MF056229	M7c1c3	M	M7	M7	1.0000	1-16569	1	1	unique	65207	9745	0	0.000000
MF056231	B4a1a1b	B	B4	B4	1.0000	1-16569	1	1	unique	65209	9745	0	0.000000
MF056243	B4a1a1b	B	B4	B4	1.0000	1-16569	1	1	unique	65221	9745	0	0.000000
MF056244	B4a1a1b	B	B4	B4	1.0000	1-16569	1	1	unique	65222	9745	0	0.000000
MF056245	B4a1a1b	B	B4	B4	1.0000	1-16569	1	1	unique	65223	9745	0	0.000000
MF056247	B4a1a1b	B	B4	B4	1.0000	1-16569	1	1	unique	65225	9745	0	0.000000
MF056248	B4a1a1b	B	B4	B4	1.0000	1-16569	1	1	unique	65226	9745	0	0.000000
MF056254	B4a1a1b	B	B4	B4	1.0000	1-16569	1	1	unique	65232	9745	0	0.000000
MF056256	B4a1a1b	B	B4	B4	1.0000	1-16569	1	1	unique	65234	9745	0	0.000000
MF056257	B4a1a1b	B	B4	B4	1.0000	1-16569	1	1	unique	65235	9745	0	0.000000
MF056262	M7c1c3	M	M7	M7	1.0000	1-16569	1	1	unique	65240	9745	0	0.000000
MF056266	B4a1a1b	B	B4	B4	1.0000	1-16569	1	1	unique	65244	9745	0	0.000000
MF056268	B4a1a1b	B	B4	B4	1.0000	1-16569	1	1	unique	65246	9745	0	0.000000
MF056277	L2a1a2	L	L2	L2	1.0000	1-16569	1	1	unique	65255	9745	0	0.000000
MF056284	B4a1a1b	B	B4	B4	1.0000	1-16569	1	1	unique	65262	9745	0	0.000000
MF056291	B4a1a1b	B	B4	B4	1.0000	1-16569	1	1	unique	65269	9745	0	0.000000
MF056295	M7c1c3	M	M7	M7	1.0000	1-16569	1	1	unique	65273	9745	0	0.000000
MF056300	B4a1a1b	B	B4	B4	1.0000	1-16569	1	1	unique	65278	9745	0	0.000000
MF056301	B4a1a1b	B	B4	B4	1.0000	1-16569	1	1	unique	65279	9745	0	0.000000
MF056302	B4a1a1b	B	B4	B4	1.0000	1-16569	1	1	unique	65280	9745	0	0.000000
MF056306	B4a1a1b	B	B4	B4	1.0000	1-16569	1	1	unique	65284	9745	0	0.000000
MF056323	M7c1c3	M	M7	M7	1.0000	1-16569	1	1	unique	65301	9745	0	0.000000
MF056339	B4a1a1b	B	B4	B4	1.0000	1-16569	1	1	unique	65367	9745	0	0.000000
MF056340	B4a1a1b	B	B4	B4	1.0000	1-16569	1	1	unique	65368	9745	0	0.000000
MF056352	M7c1c3	M	M7	M7	1.0000	1-16569	1	1	unique	65380	9745	0	0.000000
MF056353	B4a1a1b	B	B4	B4	1.0000	1-16569	1	1	unique	65381	9745	0	0.000000
MF056355	L3d1a1a1	L	L3	L3	1.0000	1-16569	1	1	unique	65383	9745	0	0.000000
MF056356	B4a1a1b	B	B4	B4	1.0000	1-16569	1	1	unique	65384	9745	0	0.000000
MF056366	B4a1a1b	B	B4	B4	1.0000	1-16569	1	1	unique	65394	9745	0	0.000000
MF056367	B4a1a1b	B	B4	B4	1.0000	1-16569	1	1	unique	65395	9745	0	0.000000
MF056369	B4a1a1b	B	B4	B4	1.0000	1-16569	1	1	unique	65397	9745	0	0.000000
MF056374	M7c1c3	M	M7	M7	1.0000	1-16569	1	1	unique	65402	9745	0	0.000000
MF056384	L3d1a1a	L	L3	L3	1.0000	1-16569	1	1	unique	65412	9745	0	0.000000
MF056385	M7c1c3	M	M7	M7	1.0000	1-16569	1	1	unique	65413	9745	0	0.000000
MF056388	B4a1a1b	B	B4	B4	1.0000	1-16569	1	1	unique	65416	9745	0	0.000000
MF056390	B4a1a1b	B	B4	B4	1.0000	1-16569	1	1	unique	65418	9745	0	0.000000
MF056405	B4a1a1b	B	B4	B4	1.0000	1-16569	1	1	unique	65433	9745	0	0.000000
MF056415	L3b1a11	L	L3	L3	1.0000	1-16569	1	1	unique	65443	9745	0	0.000000
MF056416	L3e1b2	L	L3	L3	1.0000	1-16569	1	1	unique	65444	9745	0	0.000000
MF056419	L3d1a1a1	L	L3	L3	1.0000	1-16569	1	1	unique	65447	9745	0	0.000000
MF056425	B4a1a1b	B	B4	B4	1.0000	1-16569	1	1	unique	65453	9745	0	0.000000
MF056427	L3d1a1a1	L	L3	L3	1.0000	1-16569	1	1	unique	65455	9745	0	0.000000
MF056429	B4a1a1b	B	B4	B4	1.0000	1-16569	1	1	unique	65457	9745	0	0.000000
MF056436	L3b1a3	L	L3	L3	1.0000	1-16569	1	1	unique	65464	9745	0	0.000000
MF056437	L3d1a1a1	L	L3	L3	1.0000	1-16569	1	1	unique	65465	9745	0	0.000000
MF056441	L3e1e1	L	L3	L3	1.0000	1-16569	1	1	unique	65469	9745	0	0.000000
MF056457	B4a1a1b	B	B4	B4	1.0000	1-16569	1	1	unique	65485	9745	0	0.000000
MF056460	B4a1a1b	B	B4	B4	1.0000	1-16569	1	1	unique	65488	9745	0	0.000000
MF056475	M7c1c3	M	M7	M7	1.0000	1-16569	1	1	unique	65503	9745	0	0.000000
MF056477	M7c1c3	M	M7	M7	1.0000	1-16569	1	1	unique	65505	9745	0	0.000000
MF056479	M7c1c3	M	M7	M7	1.0000	1-16569	1	1	unique	65507	9745	0	0.000000
MF056482	M7c1c3	M	M7	M7	1.0000	1-16569	1	1	unique	65510	9745	0	0.000000
MF056485	B4a1a1b	B	B4	B4	1.0000	1-16569	1	1	unique	65513	9745	0	0.000000
MF056487	B4a1a1b	B	B4	B4	1.0000	1-16569	1	1	unique	65515	9745	0	0.000000
MF056490	B4a1a1b	B	B4	B4	1.0000	1-16569	1	1	unique	65518	9745	0	0.000000
MF056500	B4a1a1b	B	B4	B4	1.0000	1-16569	1	1	unique	65528	9745	0	0.000000
MF056502	B4a1a1b	B	B4	B4	1.0000	1-16569	1	1	unique	65530	9745	0	0.000000
MF056505	B4a1a1b	B	B4	B4	1.0000	1-16569	1	1	unique	65533	9745	0	0.000000
MF056507	B4a1a1b	B	B4	B4	1.0000	1-16569	1	1	unique	65535	9745	0	0.000000
MF056513	B4a1a1b	B	B4	B4	1.0000	1-16569	1	1	unique	65541	9745	0	0.000000
MF056514	L2a1a2	L	L2	L2	1.0000	1-16569	1	1	unique	65542	9745	0	0.000000
MF056515	B4a1a1b	B	B4	B4	1.0000	1-16569	1	1	unique	65543	9745	0	0.000000
MF056516	L3d1a1a	L	L3	L3	1.0000	1-16569	1	1	unique	65544	9745	0	0.000000
MF056519	B4a1a1b	B	B4	B4	1.0000	1-16569	1	1	unique	65547	9745	0	0.000000
MF056526	L3d1a1a	L	L3	L3	1.0000	1-16569	1	1	unique	65554	9745	0	0.000000
MF056534	L3d1a1a	L	L3	L3	1.0000	1-16569	1	1	unique	65562	9745	0	0.000000
MF056538	L3e1a1a	L	L3	L3	1.0000	1-16569	1	1	unique	65566	9745	0	0.000000
MF056540	B4a1a1b	B	B4	B4	1.0000	1-16569	1	1	unique	65568	9745	0	0.000000
MF056546	B4a1a1b	B	B4	B4	1.0000	1-16569	1	1	unique	65574	9745	0	0.000000
MF056547	M7c1c3	M	M7	M7	1.0000	1-16569	1	1	unique	65575	9745	0	0.000000
MF056548	L2a1a2	L	L2	L2	1.0000	1-16569	1	1	unique	65576	9745	0	0.000000
MF056550	M7c1c3	M	M7	M7	1.0000	1-16569	1	1	unique	65578	9745	0	0.000000
MF056554	L2a1a2	L	L2	L2	1.0000	1-16569	1	1	unique	65582	9745	0	0.000000
MF056556	L2a1a2	L	L2	L2	1.0000	1-16569	1	1	unique	65584	9745	0	0.000000
MF056558	L2a1a2	L	L2	L2	1.0000	1-16569	1	1	unique	65586	9745	0	0.000000
MF056569	B4a1a1b	B	B4	B4	1.0000	1-16569	1	1	unique	65597	9745	0	0.000000
MF056576	M7c1c3	M	M7	M7	1.0000	1-16569	1	1	unique	65604	9745	0	0.000000
MF056577	M7c1c3	M	M7	M7	1.0000	1-16569	1	1	unique	65605	9745	0	0.000000
MF056578	M7c1c3	M	M7	M7	1.0000	1-16569	1	1	unique	65606	9745	0	0.000000
MF056579	M7c1c3	M	M7	M7	1.0000	1-16569	1	1	unique	65607	9745	0	0.000000
MF056585	B4a1a1b	B	B4	B4	1.0000	1-16569	1	1	unique	65613	9745	0	0.000000
MF056591	L3d1a1a	L	L3	L3	1.0000	1-16569	1	1	unique	65619	9745	0	0.000000
MF056603	B4a1a1b	B	B4	B4	1.0000	1-16569	1	1	unique	65631	9745	0	0.000000
MF056614	B4a1a1b	B	B4	B4	1.0000	1-16569	1	1	unique	65642	9745	0	0.000000
MF056617	B4a1a1b	B	B4	B4	1.0000	1-16569	1	1	unique	65645	9745	0	0.000000
MF056621	B4a1a1b	B	B4	B4	1.0000	1-16569	1	1	unique	65649	9745	0	0.000000
MF056622	L2a1a	L	L2	L2	1.0000	1-16569	1	1	unique	65650	9745	0	0.000000
MF056623	M7c1c3	M	M7	M7	1.0000	1-16569	1	1	unique	65651	9745	0	0.000000
MF056628	M7c1c3	M	M7	M7	1.0000	1-16569	1	1	unique	65656	9745	0	0.000000
MF056629	B4a1a1b	B	B4	B4	1.0000	1-16569	1	1	unique	65657	9745	0	0.000000
MF056640	B4a1a1b	B	B4	B4	1.0000	1-16569	1	1	unique	65668	9745	0	0.000000
MF056645	B4a1a1b	B	B4	B4	1.0000	1-16569	1	1	unique	65673	9745	0	0.000000
MF056646	B4a1a1b	B	B4	B4	1.0000	1-16569	1	1	unique	65674	9745	0	0.000000
MF056652	B4a1a1b	B	B4	B4	1.0000	1-16569	1	1	unique	65680	9745	0	0.000000
MF056654	B4a1a1b	B	B4	B4	1.0000	1-16569	1	1	unique	65682	9745	0	0.000000
MF056655	B4a1a1b	B	B4	B4	1.0000	1-16569	1	1	unique	65683	9745	0	0.000000
MF056656	B4a1a1b	B	B4	B4	1.0000	1-16569	1	1	unique	65684	9745	0	0.000000
MF056658	B4a1a1b	B	B4	B4	1.0000	1-16569	1	1	unique	65686	9745	0	0.000000
MF056660	B4a1a1b	B	B4	B4	1.0000	1-16569	1	1	unique	65688	9745	0	0.000000
MF056661	B4a1a1b	B	B4	B4	1.0000	1-16569	1	1	unique	65689	9745	0	0.000000
MF056662	B4a1a1b	B	B4	B4	1.0000	1-16569	1	1	unique	65690	9745	0	0.000000
MF056663	B4a1a1b	B	B4	B4	1.0000	1-16569	1	1	unique	65691	9745	0	0.000000
MF056666	B4a1a1b	B	B4	B4	1.0000	1-16569	1	1	unique	65694	9745	0	0.000000
MF056674	B4a1a1b	B	B4	B4	1.0000	1-16569	1	1	unique	65702	9745	0	0.000000
MF056692	B4a1a1b	B	B4	B4	1.0000	1-16569	1	1	unique	65720	9745	0	0.000000
MF056693	B4a1a1b	B	B4	B4	1.0000	1-16569	1	1	unique	65721	9745	0	0.000000
MF056695	B4a1a1b	B	B4	B4	1.0000	1-16569	1	1	unique	65723	9745	0	0.000000
MF056697	B4a1a1b	B	B4	B4	1.0000	1-16569	1	1	unique	65725	9745	0	0.000000
MF056699	B4a1a1b	B	B4	B4	1.0000	1-16569	1	1	unique	65727	9745	0	0.000000
MF056705	M7c1c3	M	M7	M7	1.0000	1-16569	1	1	unique	65733	9745	0	0.000000
MF056709	L3d1a1a	L	L3	L3	1.0000	1-16569	1	1	unique	65737	9745	0	0.000000
MF056716	M7c1c3	M	M7	M7	1.0000	1-16569	1	1	unique	65744	9745	0	0.000000
MF056718	M7c1c3	M	M7	M7	1.0000	1-16569	1	1	unique	65746	9745	0	0.000000
MF056725	B4a1a1b	B	B4	B4	1.0000	1-16569	1	1	unique	65753	9745	0	0.000000
MF056726	M7c1c3	M	M7	M7	1.0000	1-16569	1	1	unique	65754	9745	0	0.000000
MF056730	B4a1a1b	B	B4	B4	1.0000	1-16569	1	1	unique	65758	9745	0	0.000000
MF056744	B4a1a1b	B	B4	B4	1.0000	1-16569	1	1	unique	65772	9745	0	0.000000
MF056752	M7c1c3	M	M7	M7	1.0000	1-16569	1	1	unique	65780	9745	0	0.000000
MF056757	B4a1a1b	B	B4	B4	1.0000	1-16569	1	1	unique	65785	9745	0	0.000000
MF056774	M7c1c3	M	M7	M7	1.0000	1-16569	1	1	unique	65802	9745	0	0.000000
MF056793	B4a1a1b	B	B4	B4	1.0000	1-16569	1	1	unique	65821	9745	0	0.000000
MF056800	B4a1a1b	B	B4	B4	1.0000	1-16569	1	1	unique	65828	9745	0	0.000000
MF056802	B4a1a1b	B	B4	B4	1.0000	1-16569	1	1	unique	65830	9745	0	0.000000
MF056804	B4a1a1b	B	B4	B4	1.0000	1-16569	1	1	unique	65832	9745	0	0.000000
MF056808	B4a1a1b	B	B4	B4	1.0000	1-16569	1	1	unique	65836	9745	0	0.000000
MF056813	M7c1c3	M	M7	M7	1.0000	1-16569	1	1	unique	65841	9745	0	0.000000
MF056815	B4a1a1b	B	B4	B4	1.0000	1-16569	1	1	unique	65843	9745	0	0.000000
MF056816	B4a1a1b	B	B4	B4	1.0000	1-16569	1	1	unique	65844	9745	0	0.000000
MF056827	B4a1a1b	B	B4	B4	1.0000	1-16569	1	1	unique	65905	9745	0	0.000000
MF056828	L3d1a1a	L	L3	L3	1.0000	1-16569	1	1	unique	65906	9745	0	0.000000
MF056851	M7c1c3	M	M7	M7	1.0000	1-16569	1	1	unique	65929	9745	0	0.000000
MF056852	B4a1a1b	B	B4	B4	1.0000	1-16569	1	1	unique	65930	9745	0	0.000000
MF056856	M7c1c3	M	M7	M7	1.0000	1-16569	1	1	unique	65934	9745	0	0.000000
MF056857	B4a1a1b	B	B4	B4	1.0000	1-16569	1	1	unique	65935	9745	0	0.000000
MF056866	B4a1a1b	B	B4	B4	1.0000	1-16569	1	1	unique	65944	9745	0	0.000000
MF056871	M7c1c3	M	M7	M7	1.0000	1-16569	1	1	unique	65949	9745	0	0.000000
MF056872	B4a1a1b	B	B4	B4	1.0000	1-16569	1	1	unique	65950	9745	0	0.000000
MF056885	B4a1a1b	B	B4	B4	1.0000	1-16569	1	1	unique	65963	9745	0	0.000000
MF056897	B4a1a1b	B	B4	B4	1.0000	1-16569	1	1	unique	65975	9745	0	0.000000
MF056898	M7c1c3	M	M7	M7	1.0000	1-16569	1	1	unique	65976	9745	0	0.000000
MF056907	B4a1a1b	B	B4	B4	1.0000	1-16569	1	1	unique	65985	9745	0	0.000000
MF056909	M7c1c3	M	M7	M7	1.0000	1-16569	1	1	unique	65987	9745	0	0.000000
MF056910	M7c1c3	M	M7	M7	1.0000	1-16569	1	1	unique	65988	9745	0	0.000000
MF056911	M7c1c3	M	M7	M7	1.0000	1-16569	1	1	unique	65989	9745	0	0.000000
MF056917	B4a1a1b	B	B4	B4	1.0000	1-16569	1	1	unique	65995	9745	0	0.000000
MF056918	B4a1a1b	B	B4	B4	1.0000	1-16569	1	1	unique	65996	9745	0	0.000000
MF056930	M7c1c3	M	M7	M7	1.0000	1-16569	1	1	unique	66008	9745	0	0.000000
MF056931	B4a1a1b	B	B4	B4	1.0000	1-16569	1	1	unique	66009	9745	0	0.000000
MF056934	M7c1c3	M	M7	M7	1.0000	1-16569	1	1	unique	66012	9745	0	0.000000
MF056938	B4a1a1b	B	B4	B4	1.0000	1-16569	1	1	unique	66016	9745	0	0.000000
MF056943	B4a1a1b	B	B4	B4	1.0000	1-16569	1	1	unique	66021	9745	0	0.000000
MF056952	M7c1c3	M	M7	M7	1.0000	1-16569	1	1	unique	66030	9745	0	0.000000
MF056953	B4a1a1b	B	B4	B4	1.0000	1-16569	1	1	unique	66031	9745	0	0.000000
MF056956	B4a1a1b	B	B4	B4	1.0000	1-16569	1	1	unique	66034	9745	0	0.000000
MF056957	M7c1c3	M	M7	M7	1.0000	1-16569	1	1	unique	66035	9745	0	0.000000
MF056961	B4a1a1b	B	B4	B4	1.0000	1-16569	1	1	unique	66039	9745	0	0.000000
MF056968	M7c1c3	M	M7	M7	1.0000	1-16569	1	1	unique	66046	9745	0	0.000000
MF056977	M7c1c3	M	M7	M7	1.0000	1-16569	1	1	unique	66055	9745	0	0.000000
MF056982	M7c1c3	M	M7	M7	1.0000	1-16569	1	1	unique	66060	9745	0	0.000000
MF056985	M7c1c3	M	M7	M7	1.0000	1-16569	1	1	unique	66063	9745	0	0.000000
MF056993	L3e3b1	L	L3	L3	1.0000	1-16569	1	1	unique	66071	9745	0	0.000000
MF056999	M7c1c3	M	M7	M7	1.0000	1-16569	1	1	unique	66077	9745	0	0.000000
MF057006	B4a1a1b	B	B4	B4	1.0000	1-16569	1	1	unique	66084	9745	0	0.000000
MF057012	B4a1a1b	B	B4	B4	1.0000	1-16569	1	1	unique	66090	9745	0	0.000000
MF057013	L2a1a2	L	L2	L2	1.0000	1-16569	1	1	unique	66091	9745	0	0.000000
MF057015	B4a1a1b	B	B4	B4	1.0000	1-16569	1	1	unique	66093	9745	0	0.000000
MF057032	B4a1a1b	B	B4	B4	1.0000	1-16569	1	1	unique	66110	9745	0	0.000000
MF057035	B4a1a1b	B	B4	B4	1.0000	1-16569	1	1	unique	66113	9745	0	0.000000
MF057036	B4a1a1b	B	B4	B4	1.0000	1-16569	1	1	unique	66114	9745	0	0.000000
MF057039	B4a1a1b	B	B4	B4	1.0000	1-16569	1	1	unique	66117	9745	0	0.000000
MF057041	B4a1a1b	B	B4	B4	1.0000	1-16569	1	1	unique	66119	9745	0	0.000000
MF057046	B4a1a1b	B	B4	B4	1.0000	1-16569	1	1	unique	66124	9745	0	0.000000
MF057047	M7c1c3	M	M7	M7	1.0000	1-16569	1	1	unique	66125	9745	0	0.000000
MF057048	L2a1a2	L	L2	L2	1.0000	1-16569	1	1	unique	66126	9745	0	0.000000
MF057049	B4a1a1b	B	B4	B4	1.0000	1-16569	1	1	unique	66127	9745	0	0.000000
MF057050	B4a1a1b	B	B4	B4	1.0000	1-16569	1	1	unique	66128	9745	0	0.000000
MF057055	L2a1a2	L	L2	L2	1.0000	1-16569	1	1	unique	66133	9745	0	0.000000
MF057057	B4a1a1b	B	B4	B4	1.0000	1-16569	1	1	unique	66135	9745	0	0.000000
MF057059	B4a1a1b	B	B4	B4	1.0000	1-16569	1	1	unique	66137	9745	0	0.000000
MF057060	B4a1a1b	B	B4	B4	1.0000	1-16569	1	1	unique	66138	9745	0	0.000000
MF057063	B4a1a1b	B	B4	B4	1.0000	1-16569	1	1	unique	66141	9745	0	0.000000
MF057064	B4a1a1b	B	B4	B4	1.0000	1-16569	1	1	unique	66142	9745	0	0.000000
MF057065	B4a1a1b	B	B4	B4	1.0000	1-16569	1	1	unique	66143	9745	0	0.000000
MF057066	B4a1a1b	B	B4	B4	1.0000	1-16569	1	1	unique	66144	9745	0	0.000000
MF057067	B4a1a1b	B	B4	B4	1.0000	1-16569	1	1	unique	66145	9745	0	0.000000
MF057071	B4a1a1b	B	B4	B4	1.0000	1-16569	1	1	unique	66149	9745	0	0.000000
MF057072	L2a1a2	L	L2	L2	1.0000	1-16569	1	1	unique	66150	9745	0	0.000000
MF057077	B4a1a1b	B	B4	B4	1.0000	1-16569	1	1	unique	66155	9745	0	0.000000
MF057081	M7c1c3	M	M7	M7	1.0000	1-16569	1	1	unique	66159	9745	0	0.000000
MF057083	B4a1a1b	B	B4	B4	1.0000	1-16569	1	1	unique	66161	9745	0	0.000000
MF057089	B4a1a1b	B	B4	B4	1.0000	1-16569	1	1	unique	66167	9745	0	0.000000
MF057091	M7c1c3	M	M7	M7	1.0000	1-16569	1	1	unique	66169	9745	0	0.000000
MF057104	B4a1a1b	B	B4	B4	1.0000	1-16569	1	1	unique	66182	9745	0	0.000000
MF057108	B4a1a1b	B	B4	B4	1.0000	1-16569	1	1	unique	66186	9745	0	0.000000
MF057112	M7c1c3	M	M7	M7	1.0000	1-16569	1	1	unique	66190	9745	0	0.000000
MF057116	M7c1c3	M	M7	M7	1.0000	1-16569	1	1	unique	66194	9745	0	0.000000
MF057139	B4a1a1b	B	B4	B4	1.0000	1-16569	1	1	unique	66217	9745	0	0.000000
MF057145	M7c1c3	M	M7	M7	1.0000	1-16569	1	1	unique	66223	9745	0	0.000000
MF057146	M7c1c3	M	M7	M7	1.0000	1-16569	1	1	unique	66224	9745	0	0.000000
MF057165	L3b1a1a	L	L3	L3	1.0000	1-16569	1	1	unique	66243	9745	0	0.000000
MF057167	B4a1a1b	B	B4	B4	1.0000	1-16569	1	1	unique	66245	9745	0	0.000000
MF057170	M7c1c3	M	M7	M7	1.0000	1-16569	1	1	unique	66248	9745	0	0.000000
MF057182	L3e1b2	L	L3	L3	1.0000	1-16569	1	1	unique	66260	9745	0	0.000000
MF057184	L2a1a2	L	L2	L2	1.0000	1-16569	1	1	unique	66262	9745	0	0.000000
MF057189	L3e3b2	L	L3	L3	1.0000	1-16569	1	1	unique	66267	9745	0	0.000000
MF057196	B4a1a1b	B	B4	B4	1.0000	1-16569	1	1	unique	66274	9745	0	0.000000
MF057202	B4a1a1b	B	B4	B4	1.0000	1-16569	1	1	unique	66280	9745	0	0.000000
MF057229	B4a1a1b	B	B4	B4	1.0000	1-16569	1	1	unique	66307	9745	0	0.000000
MF057236	M7c1c3	M	M7	M7	1.0000	1-16569	1	1	unique	66314	9745	0	0.000000
MF057244	B4a1a1b	B	B4	B4	1.0000	1-16569	1	1	unique	66322	9745	0	0.000000
MF057248	B4a1a1b	B	B4	B4	1.0000	1-16569	1	1	unique	66326	9745	0	0.000000
MF057259	M7c1c3	M	M7	M7	1.0000	1-16569	1	1	unique	66337	9745	0	0.000000
MF057266	L2a1a2	L	L2	L2	1.0000	1-16569	1	1	unique	66344	9745	0	0.000000
MF057271	M7c1c3	M	M7	M7	1.0000	1-16569	1	1	unique	66349	9745	0	0.000000
MF057275	B4a1a1b	B	B4	B4	1.0000	1-16569	1	1	unique	66353	9745	0	0.000000
MF057281	M7c1c3	M	M7	M7	1.0000	1-16569	1	1	unique	66359	9745	0	0.000000
MF057284	B4a1a1b	B	B4	B4	1.0000	1-16569	1	1	unique	66362	9745	0	0.000000
MF057287	B4a1a1b	B	B4	B4	1.0000	1-16569	1	1	unique	66365	9745	0	0.000000
MF057291	L3e3b1	L	L3	L3	1.0000	1-16569	1	1	unique	66369	9745	0	0.000000
MF057292	B4a1a1b	B	B4	B4	1.0000	1-16569	1	1	unique	66370	9745	0	0.000000
MF057294	L3e3b1	L	L3	L3	1.0000	1-16569	1	1	unique	66372	9745	0	0.000000
MF057298	B4a1a1b	B	B4	B4	1.0000	1-16569	1	1	unique	66376	9745	0	0.000000
MF057301	M7c1c3	M	M7	M7	1.0000	1-16569	1	1	unique	66379	9745	0	0.000000
MF057311	B4a1a1b	B	B4	B4	1.0000	1-16569	1	1	unique	66389	9745	0	0.000000
MF057321	M7c1c3	M	M7	M7	1.0000	1-16569	1	1	unique	66399	9745	0	0.000000
MF057323	B4a1a1b	B	B4	B4	1.0000	1-16569	1	1	unique	66401	9745	0	0.000000
MF057326	L3e3a	L	L3	L3	1.0000	1-16569	1	1	unique	66454	9745	0	0.000000
MF057337	B4a1a1b	B	B4	B4	1.0000	1-16569	1	1	unique	66465	9745	0	0.000000
MF057341	M7c1c3	M	M7	M7	1.0000	1-16569	1	1	unique	66469	9745	0	0.000000
MF057343	M7c1c3	M	M7	M7	1.0000	1-16569	1	1	unique	66471	9745	0	0.000000
MF057350	B4a1a1b	B	B4	B4	1.0000	1-16569	1	1	unique	66478	9745	0	0.000000
MF057351	L3d1a1a1	L	L3	L3	1.0000	1-16569	1	1	unique	66479	9745	0	0.000000
MF057356	L2a1a2	L	L2	L2	1.0000	1-16569	1	1	unique	66484	9745	0	0.000000
MF057364	B4a1a1b	B	B4	B4	1.0000	1-16569	1	1	unique	66492	9745	0	0.000000
MF057365	B4a1a1b	B	B4	B4	1.0000	1-16569	1	1	unique	66493	9745	0	0.000000
MF057367	L3e3a	L	L3	L3	1.0000	1-16569	1	1	unique	66495	9745	0	0.000000
MF057368	M7c1c3	M	M7	M7	1.0000	1-16569	1	1	unique	66496	9745	0	0.000000
MF057378	B4a1a1b	B	B4	B4	1.0000	1-16569	1	1	unique	66506	9745	0	0.000000
MF057382	B4a1a1b	B	B4	B4	1.0000	1-16569	1	1	unique	66510	9745	0	0.000000
MF057384	B4a1a1b	B	B4	B4	1.0000	1-16569	1	1	unique	66512	9745	0	0.000000
MF057388	B4a1a1b	B	B4	B4	1.0000	1-16569	1	1	unique	66516	9745	0	0.000000
MF057395	B4a1a1b	B	B4	B4	1.0000	1-16569	1	1	unique	66523	9745	0	0.000000
MF057415	B4a1a1b	B	B4	B4	1.0000	1-16569	1	1	unique	66543	9745	0	0.000000
MF057438	M7c1c3	M	M7	M7	1.0000	1-16569	1	1	unique	66566	9745	0	0.000000
MF057440	B4a1a1b	B	B4	B4	1.0000	1-16569	1	1	unique	66568	9745	0	0.000000
MF057441	B4a1a1b	B	B4	B4	1.0000	1-16569	1	1	unique	66569	9745	0	0.000000
MF057443	L3e1d1	L	L3	L3	1.0000	1-16569	1	1	unique	66571	9745	0	0.000000
MF057447	M7c1c3	M	M7	M7	1.0000	1-16569	1	1	unique	66575	9745	0	0.000000
MF057452	B4a1a1b	B	B4	B4	1.0000	1-16569	1	1	unique	66580	9745	0	0.000000
MF057453	B4a1a1b	B	B4	B4	1.0000	1-16569	1	1	unique	66581	9745	0	0.000000
MF057454	B4a1a1b	B	B4	B4	1.0000	1-16569	1	1	unique	66582	9745	0	0.000000
MF057457	B4a1a1b	B	B4	B4	1.0000	1-16569	1	1	unique	66585	9745	0	0.000000
MF057458	M7c1c3	M	M7	M7	1.0000	1-16569	1	1	unique	66586	9745	0	0.000000
MF057466	M7c1c3	M	M7	M7	1.0000	1-16569	1	1	unique	66594	9745	0	0.000000
MF057467	M7c1c3	M	M7	M7	1.0000	1-16569	1	1	unique	66595	9745	0	0.000000
MF057468	B4a1a1b	B	B4	B4	1.0000	1-16569	1	1	unique	66596	9745	0	0.000000
MF057471	M7c1c3	M	M7	M7	1.0000	1-16569	1	1	unique	66599	9745	0	0.000000
MF057473	L2a1a2	L	L2	L2	1.0000	1-16569	1	1	unique	66601	9745	0	0.000000
MF057479	M7c1c3	M	M7	M7	1.0000	1-16569	1	1	unique	66607	9745	0	0.000000
MF057483	B4a1a1b	B	B4	B4	1.0000	1-16569	1	1	unique	66611	9745	0	0.000000
MF057488	M7c1c3	M	M7	M7	1.0000	1-16569	1	1	unique	66616	9745	0	0.000000
MF057490	B4a1a1b	B	B4	B4	1.0000	1-16569	1	1	unique	66618	9745	0	0.000000
MF057492	B4a1a1b	B	B4	B4	1.0000	1-16569	1	1	unique	66620	9745	0	0.000000
MF057497	B4a1a1b	B	B4	B4	1.0000	1-16569	1	1	unique	66625	9745	0	0.000000
MF057502	L0a1b1a1	L	L0	L0	1.0000	1-16569	1	1	unique	66630	9745	0	0.000000
MF057505	M7c1c3	M	M7	M7	1.0000	1-16569	1	1	unique	66633	9745	0	0.000000
MF057507	L3d3a1	L	L3	L3	1.0000	1-16569	1	1	unique	66635	9745	0	0.000000
MF057510	M7c1c3	M	M7	M7	1.0000	1-16569	1	1	unique	66638	9745	0	0.000000
MF057511	L0a1b1a1	L	L0	L0	1.0000	1-16569	1	1	unique	66639	9745	0	0.000000
MF057514	B4a1a1b	B	B4	B4	1.0000	1-16569	1	1	unique	66642	9745	0	0.000000
MF057524	B4a1a1b	B	B4	B4	1.0000	1-16569	1	1	unique	66652	9745	0	0.000000
MF057526	L0a1b1a1	L	L0	L0	1.0000	1-16569	1	1	unique	66654	9745	0	0.000000
MF057533	B4a1a1b	B	B4	B4	1.0000	1-16569	1	1	unique	66661	9745	0	0.000000
MF057537	M7c1c3	M	M7	M7	1.0000	1-16569	1	1	unique	66665	9745	0	0.000000
MF057539	M7c1c3	M	M7	M7	1.0000	1-16569	1	1	unique	66667	9745	0	0.000000
MF057548	B4a1a1b	B	B4	B4	1.0000	1-16569	1	1	unique	66676	9745	0	0.000000
MF057549	B4a1a1b	B	B4	B4	1.0000	1-16569	1	1	unique	66677	9745	0	0.000000
MF057554	L0a1b1a1	L	L0	L0	1.0000	1-16569	1	1	unique	66682	9745	0	0.000000
MF057560	B4a1a1b	B	B4	B4	1.0000	1-16569	1	1	unique	66688	9745	0	0.000000
MF057565	M7c1c3	M	M7	M7	1.0000	1-16569	1	1	unique	66693	9745	0	0.000000
MF057567	B4a1a1b	B	B4	B4	1.0000	1-16569	1	1	unique	66695	9745	0	0.000000
MF057569	M7c1c3	M	M7	M7	1.0000	1-16569	1	1	unique	66697	9745	0	0.000000
MF057577	B4a1a1b	B	B4	B4	1.0000	1-16569	1	1	unique	66705	9745	0	0.000000
MF057583	L0a1b1a1	L	L0	L0	1.0000	1-16569	1	1	unique	66711	9745	0	0.000000
MF057592	L3e3b1	L	L3	L3	1.0000	1-16569	1	1	unique	66720	9745	0	0.000000
MF057594	B4a1a1b	B	B4	B4	1.0000	1-16569	1	1	unique	66722	9745	0	0.000000
MF057600	L3d1a1a	L	L3	L3	1.0000	1-16569	1	1	unique	66728	9745	0	0.000000
MF057601	B4a1a1b	B	B4	B4	1.0000	1-16569	1	1	unique	66729	9745	0	0.000000
MF057612	B4a1a1b	B	B4	B4	1.0000	1-16569	1	1	unique	66740	9745	0	0.000000
MF057617	L3d1a1a	L	L3	L3	1.0000	1-16569	1	1	unique	66745	9745	0	0.000000
MF057626	M7c1c3	M	M7	M7	1.0000	1-16569	1	1	unique	66754	9745	0	0.000000
MF057627	B4a1a1b	B	B4	B4	1.0000	1-16569	1	1	unique	66755	9745	0	0.000000
MF057628	B4a1a1b	B	B4	B4	1.0000	1-16569	1	1	unique	66756	9745	0	0.000000
MF057632	B4a1a1b	B	B4	B4	1.0000	1-16569	1	1	unique	66760	9745	0	0.000000
MF057640	B4a1a1b	B	B4	B4	1.0000	1-16569	1	1	unique	66768	9745	0	0.000000
MF057641	B4a1a1b	B	B4	B4	1.0000	1-16569	1	1	unique	66769	9745	0	0.000000
MF057644	L3d1a1a	L	L3	L3	1.0000	1-16569	1	1	unique	66772	9745	0	0.000000
MF057649	M7c1c3	M	M7	M7	1.0000	1-16569	1	1	unique	66777	9745	0	0.000000
MF057655	L3d1a1a	L	L3	L3	1.0000	1-16569	1	1	unique	66783	9745	0	0.000000
MF057657	B4a1a1b	B	B4	B4	1.0000	1-16569	1	1	unique	66785	9745	0	0.000000
MF057659	L3d1a1a	L	L3	L3	1.0000	1-16569	1	1	unique	66787	9745	0	0.000000
MF057661	B4a1a1b	B	B4	B4	1.0000	1-16569	1	1	unique	66789	9745	0	0.000000
MF057666	B4a1a1b	B	B4	B4	1.0000	1-16569	1	1	unique	66794	9745	0	0.000000
MF057667	L0a1b1a1	L	L0	L0	1.0000	1-16569	1	1	unique	66795	9745	0	0.000000
MF057668	B4a1a1b	B	B4	B4	1.0000	1-16569	1	1	unique	66796	9745	0	0.000000
MF057670	B4a1a1b	B	B4	B4	1.0000	1-16569	1	1	unique	66798	9745	0	0.000000
MF057672	B4a1a1b	B	B4	B4	1.0000	1-16569	1	1	unique	66800	9745	0	0.000000
MF057676	B4a1a1b	B	B4	B4	1.0000	1-16569	1	1	unique	66804	9745	0	0.000000
MF057677	M7c1c3	M	M7	M7	1.0000	1-16569	1	1	unique	66805	9745	0	0.000000
MF057689	M7c1c3	M	M7	M7	1.0000	1-16569	1	1	unique	66817	9745	0	0.000000
MF057691	B4a1a1b	B	B4	B4	1.0000	1-16569	1	1	unique	66819	9745	0	0.000000
MF057698	L2a1a2	L	L2	L2	1.0000	1-16569	1	1	unique	66826	9745	0	0.000000
MF057703	M7c1c3	M	M7	M7	1.0000	1-16569	1	1	unique	66831	9745	0	0.000000
MF057707	B4a1a1b	B	B4	B4	1.0000	1-16569	1	1	unique	66835	9745	0	0.000000
MF057710	M7c1c3	M	M7	M7	1.0000	1-16569	1	1	unique	66838	9745	0	0.000000
MF057715	L3e3a	L	L3	L3	1.0000	1-16569	1	1	unique	66843	9745	0	0.000000
MF057726	L3e3a	L	L3	L3	1.0000	1-16569	1	1	unique	66854	9745	0	0.000000
MF057735	B4a1a1b	B	B4	B4	1.0000	1-16569	1	1	unique	66863	9745	0	0.000000
MF057737	B4a1a1b	B	B4	B4	1.0000	1-16569	1	1	unique	66865	9745	0	0.000000
MF057739	M7c1c3	M	M7	M7	1.0000	1-16569	1	1	unique	66867	9745	0	0.000000
MF057742	B4a1a1b	B	B4	B4	1.0000	1-16569	1	1	unique	66870	9745	0	0.000000
MF057748	B4a1a1b	B	B4	B4	1.0000	1-16569	1	1	unique	66876	9745	0	0.000000
MF057752	M7c1c3	M	M7	M7	1.0000	1-16569	1	1	unique	66880	9745	0	0.000000
MF057760	B4a1a1b	B	B4	B4	1.0000	1-16569	1	1	unique	66888	9745	0	0.000000
MF057761	B4a1a1b	B	B4	B4	1.0000	1-16569	1	1	unique	66889	9745	0	0.000000
MF057770	B4a1a1b	B	B4	B4	1.0000	1-16569	1	1	unique	66898	9745	0	0.000000
MF057771	B4a1a1b	B	B4	B4	1.0000	1-16569	1	1	unique	66899	9745	0	0.000000
MF057775	B4a1a1b	B	B4	B4	1.0000	1-16569	1	1	unique	66903	9745	0	0.000000
MF057777	B4a1a1b	B	B4	B4	1.0000	1-16569	1	1	unique	66905	9745	0	0.000000
MF057778	B4a1a1b	B	B4	B4	1.0000	1-16569	1	1	unique	66906	9745	0	0.000000
MF057780	B4a1a1b	B	B4	B4	1.0000	1-16569	1	1	unique	66908	9745	0	0.000000
MF057781	B4a1a1b	B	B4	B4	1.0000	1-16569	1	1	unique	66909	9745	0	0.000000
MF057784	B4a1a1b	B	B4	B4	1.0000	1-16569	1	1	unique	66912	9745	0	0.000000
MF057805	B4a1a1b	B	B4	B4	1.0000	1-16569	1	1	unique	66933	9745	0	0.000000
MF057806	B4a1a1b	B	B4	B4	1.0000	1-16569	1	1	unique	66934	9745	0	0.000000
MF057809	L3d1a1a1	L	L3	L3	1.0000	1-16569	1	1	unique	66937	9745	0	0.000000
MF057822	L3e3a	L	L3	L3	1.0000	1-16569	1	1	unique	66950	9745	0	0.000000
MF057825	B4a1a1b	B	B4	B4	1.0000	1-16569	1	1	unique	66953	9745	0	0.000000
MF057827	B4a1a1b	B	B4	B4	1.0000	1-16569	1	1	unique	67005	9745	0	0.000000
MF057833	L3b1a3	L	L3	L3	1.0000	1-16569	1	1	unique	67011	9745	0	0.000000
MF057834	L3d1a1a	L	L3	L3	1.0000	1-16569	1	1	unique	67012	9745	0	0.000000
MF057837	B4a1a1b	B	B4	B4	1.0000	1-16569	1	1	unique	67015	9745	0	0.000000
MF057839	B4a1a1b	B	B4	B4	1.0000	1-16569	1	1	unique	67017	9745	0	0.000000
MF057846	M7c1c3	M	M7	M7	1.0000	1-16569	1	1	unique	67024	9745	0	0.000000
MF057853	L3d1a1a	L	L3	L3	1.0000	1-16569	1	1	unique	67031	9745	0	0.000000
MF057863	L3e1d1	L	L3	L3	1.0000	1-16569	1	1	unique	67041	9745	0	0.000000
MF057868	B4a1a1b	B	B4	B4	1.0000	1-16569	1	1	unique	67046	9745	0	0.000000
MF057880	B4a1a1b	B	B4	B4	1.0000	1-16569	1	1	unique	67058	9745	0	0.000000
MF057881	B4a1a1b	B	B4	B4	1.0000	1-16569	1	1	unique	67059	9745	0	0.000000
MF057883	B4a1a1b	B	B4	B4	1.0000	1-16569	1	1	unique	67061	9745	0	0.000000
MF057896	B4a1a1b	B	B4	B4	1.0000	1-16569	1	1	unique	67074	9745	0	0.000000
MF057919	M7c1c3	M	M7	M7	1.0000	1-16569	1	1	unique	67097	9745	0	0.000000
MF057925	B4a1a1b	B	B4	B4	1.0000	1-16569	1	1	unique	67103	9745	0	0.000000
MF057929	L3e1d1	L	L3	L3	1.0000	1-16569	1	1	unique	67107	9745	0	0.000000
MF057935	L3d1a1a	L	L3	L3	1.0000	1-16569	1	1	unique	67113	9745	0	0.000000
MF057939	M7c1c3	M	M7	M7	1.0000	1-16569	1	1	unique	67117	9745	0	0.000000
MF057941	M7c1c3	M	M7	M7	1.0000	1-16569	1	1	unique	67119	9745	0	0.000000
MF057945	B4a1a1b	B	B4	B4	1.0000	1-16569	1	1	unique	67123	9745	0	0.000000
MF057947	L2a1a2	L	L2	L2	1.0000	1-16569	1	1	unique	67125	9745	0	0.000000
MF057948	L2a1a2	L	L2	L2	1.0000	1-16569	1	1	unique	67126	9745	0	0.000000
MF057950	B4a1a1b	B	B4	B4	1.0000	1-16569	1	1	unique	67128	9745	0	0.000000
MF057982	M7c1c3	M	M7	M7	1.0000	1-16569	1	1	unique	67160	9745	0	0.000000
MF057983	B4a1a1b	B	B4	B4	1.0000	1-16569	1	1	unique	67161	9745	0	0.000000
MF057989	M7c1c3	M	M7	M7	1.0000	1-16569	1	1	unique	67167	9745	0	0.000000
MF057992	M7c1c3	M	M7	M7	1.0000	1-16569	1	1	unique	67170	9745	0	0.000000
MF057997	B4a1a1b	B	B4	B4	1.0000	1-16569	1	1	unique	67175	9745	0	0.000000
MF058001	B4a1a1b	B	B4	B4	1.0000	1-16569	1	1	unique	67179	9745	0	0.000000
MF058003	M7c1c3	M	M7	M7	1.0000	1-16569	1	1	unique	67181	9745	0	0.000000
MF058004	B4a1a1b	B	B4	B4	1.0000	1-16569	1	1	unique	67182	9745	0	0.000000
MF058005	M7c1c3	M	M7	M7	1.0000	1-16569	1	1	unique	67183	9745	0	0.000000
MF058006	M7c1c3	M	M7	M7	1.0000	1-16569	1	1	unique	67184	9745	0	0.000000
MF058008	B4a1a1b	B	B4	B4	1.0000	1-16569	1	1	unique	67186	9745	0	0.000000
MF058011	M7c1c3	M	M7	M7	1.0000	1-16569	1	1	unique	67189	9745	0	0.000000
MF058013	L3e3b1	L	L3	L3	1.0000	1-16569	1	1	unique	67191	9745	0	0.000000
MF058014	B4a1a1b	B	B4	B4	1.0000	1-16569	1	1	unique	67192	9745	0	0.000000
MF058020	M7c1c3	M	M7	M7	1.0000	1-16569	1	1	unique	67198	9745	0	0.000000
MF058034	B4a1a1b	B	B4	B4	1.0000	1-16569	1	1	unique	67212	9745	0	0.000000
MF058036	B4a1a1b	B	B4	B4	1.0000	1-16569	1	1	unique	67214	9745	0	0.000000
MF058038	L3e3b1	L	L3	L3	1.0000	1-16569	1	1	unique	67216	9745	0	0.000000
MF058039	L3e3b1	L	L3	L3	1.0000	1-16569	1	1	unique	67217	9745	0	0.000000
MF058041	B4a1a1b	B	B4	B4	1.0000	1-16569	1	1	unique	67219	9745	0	0.000000
MF058042	M7c1c3	M	M7	M7	1.0000	1-16569	1	1	unique	67220	9745	0	0.000000
MF058058	B4a1a1b	B	B4	B4	1.0000	1-16569	1	1	unique	67236	9745	0	0.000000
MF058061	L3d1a1a	L	L3	L3	1.0000	1-16569	1	1	unique	67239	9745	0	0.000000
MF058068	B4a1a1b	B	B4	B4	1.0000	1-16569	1	1	unique	67246	9745	0	0.000000
MF058070	L3e3b1	L	L3	L3	1.0000	1-16569	1	1	unique	67248	9745	0	0.000000
MF058073	B4a1a1b	B	B4	B4	1.0000	1-16569	1	1	unique	67251	9745	0	0.000000
MF058076	B4a1a1b	B	B4	B4	1.0000	1-16569	1	1	unique	67254	9745	0	0.000000
MF058083	B4a1a1b	B	B4	B4	1.0000	1-16569	1	1	unique	67261	9745	0	0.000000
MF058123	L3d3a1	L	L3	L3	1.0000	1-16569	1	1	unique	67301	9745	0	0.000000
MF058131	M7c1c3	M	M7	M7	1.0000	1-16569	1	1	unique	67309	9745	0	0.000000
MF058132	M7c1c3	M	M7	M7	1.0000	1-16569	1	1	unique	67310	9745	0	0.000000
MF058133	M7c1c3	M	M7	M7	1.0000	1-16569	1	1	unique	67311	9745	0	0.000000
MF058134	M7c1c3	M	M7	M7	1.0000	1-16569	1	1	unique	67312	9745	0	0.000000
MF058140	L3b1a1a	L	L3	L3	1.0000	1-16569	1	1	unique	67318	9745	0	0.000000
MF058143	B4a1a1b	B	B4	B4	1.0000	1-16569	1	1	unique	67321	9745	0	0.000000
MF058149	L3d1a1a1	L	L3	L3	1.0000	1-16569	1	1	unique	67327	9745	0	0.000000
MF058150	M7c1c3	M	M7	M7	1.0000	1-16569	1	1	unique	67328	9745	0	0.000000
MF058151	B4a1a1b	B	B4	B4	1.0000	1-16569	1	1	unique	67329	9745	0	0.000000
MF058155	L2a1b1a	L	L2	L2	1.0000	1-16569	1	1	unique	67333	9745	0	0.000000
MF058156	B4a1a1b	B	B4	B4	1.0000	1-16569	1	1	unique	67334	9745	0	0.000000
MF058160	B4a1a1b	B	B4	B4	1.0000	1-16569	1	1	unique	67338	9745	0	0.000000
MF058163	L0a1b1a1	L	L0	L0	1.0000	1-16569	1	1	unique	67341	9745	0	0.000000
MF058164	M7c1c3	M	M7	M7	1.0000	1-16569	1	1	unique	67342	9745	0	0.000000
MF058175	M7c1c3	M	M7	M7	1.0000	1-16569	1	1	unique	67353	9745	0	0.000000
MF058176	L3d1a1a	L	L3	L3	1.0000	1-16569	1	1	unique	67354	9745	0	0.000000
MF058181	B4a1a1b	B	B4	B4	1.0000	1-16569	1	1	unique	67359	9745	0	0.000000
MF058183	L2a1a	L	L2	L2	1.0000	1-16569	1	1	unique	67361	9745	0	0.000000
MF058187	L3d1a1a	L	L3	L3	1.0000	1-16569	1	1	unique	67365	9745	0	0.000000
MF058189	B4a1a1b	B	B4	B4	1.0000	1-16569	1	1	unique	67367	9745	0	0.000000
MF058190	L3d1a1a1	L	L3	L3	1.0000	1-16569	1	1	unique	67368	9745	0	0.000000
MF058192	M7c1c3	M	M7	M7	1.0000	1-16569	1	1	unique	67370	9745	0	0.000000
MF058195	B4a1a1b	B	B4	B4	1.0000	1-16569	1	1	unique	67373	9745	0	0.000000
MF058208	B4a1a1b	B	B4	B4	1.0000	1-16569	1	1	unique	67386	9745	0	0.000000
MF058211	B4a1a1b	B	B4	B4	1.0000	1-16569	1	1	unique	67389	9745	0	0.000000
MF058226	M7c1c3	M	M7	M7	1.0000	1-16569	1	1	unique	67404	9745	0	0.000000
MF058228	M7c1c3	M	M7	M7	1.0000	1-16569	1	1	unique	67406	9745	0	0.000000
MF058229	M7c1c3	M	M7	M7	1.0000	1-16569	1	1	unique	67407	9745	0	0.000000
MF058232	B4a1a1b	B	B4	B4	1.0000	1-16569	1	1	unique	67410	9745	0	0.000000
MF058244	B4a1a1b	B	B4	B4	1.0000	1-16569	1	1	unique	67422	9745	0	0.000000
MF058258	B4a1a1b	B	B4	B4	1.0000	1-16569	1	1	unique	67436	9745	0	0.000000
MF058275	B4a1a1b	B	B4	B4	1.0000	1-16569	1	1	unique	67453	9745	0	0.000000
MF058280	B4a1a1b	B	B4	B4	1.0000	1-16569	1	1	unique	67458	9745	0	0.000000
MF058282	B4a1a1b	B	B4	B4	1.0000	1-16569	1	1	unique	67460	9745	0	0.000000
MF058293	L3e3b1	L	L3	L3	1.0000	1-16569	1	1	unique	67471	9745	0	0.000000
MF058297	B4a1a1b	B	B4	B4	1.0000	1-16569	1	1	unique	67475	9745	0	0.000000
MF058312	B4a1a1b	B	B4	B4	1.0000	1-16569	1	1	unique	67490	9745	0	0.000000
MF058317	M7c1c3	M	M7	M7	1.0000	1-16569	1	1	unique	67495	9745	0	0.000000
MF058318	L3d1a1a	L	L3	L3	1.0000	1-16569	1	1	unique	67496	9745	0	0.000000
MF058338	B4a1a1b	B	B4	B4	1.0000	1-16569	1	1	unique	171	9745	0	0.000000
MF058344	B4a1a1b	B	B4	B4	1.0000	1-16569	1	1	unique	177	9745	0	0.000000
MF058351	B4a1a1b	B	B4	B4	1.0000	1-16569	1	1	unique	184	9745	0	0.000000
MF058357	B4a1a1b	B	B4	B4	1.0000	1-16569	1	1	unique	190	9745	0	0.000000
MF058358	B4a1a1b	B	B4	B4	1.0000	1-16569	1	1	unique	191	9745	0	0.000000
MF058360	B4a1a1b	B	B4	B4	1.0000	1-16569	1	1	unique	193	9745	0	0.000000
MF058361	B4a1a1b	B	B4	B4	1.0000	1-16569	1	1	unique	194	9745	0	0.000000
MF058364	B4a1a1b	B	B4	B4	1.0000	1-16569	1	1	unique	197	9745	0	0.000000
MF058366	L3d1a1a	L	L3	L3	1.0000	1-16569	1	1	unique	199	9745	0	0.000000
MF058367	L3d1a1a	L	L3	L3	1.0000	1-16569	1	1	unique	200	9745	0	0.000000
MF058372	M7c1c3	M	M7	M7	1.0000	1-16569	1	1	unique	205	9745	0	0.000000
MF058376	B4a1a1b	B	B4	B4	1.0000	1-16569	1	1	unique	209	9745	0	0.000000
MF058378	B4a1a1b	B	B4	B4	1.0000	1-16569	1	1	unique	211	9745	0	0.000000
MF058379	M7c1c3	M	M7	M7	1.0000	1-16569	1	1	unique	212	9745	0	0.000000
MF058380	B4a1a1b	B	B4	B4	1.0000	1-16569	1	1	unique	213	9745	0	0.000000
MF058387	L0a1b1a1	L	L0	L0	1.0000	1-16569	1	1	unique	220	9745	0	0.000000
MF058389	L2a1b1a	L	L2	L2	1.0000	1-16569	1	1	unique	222	9745	0	0.000000
MF058399	L3d1a1a	L	L3	L3	1.0000	1-16569	1	1	unique	232	9745	0	0.000000
MF058400	L3d1a1a	L	L3	L3	1.0000	1-16569	1	1	unique	233	9745	0	0.000000
MF058402	M7c1c3	M	M7	M7	1.0000	1-16569	1	1	unique	235	9745	0	0.000000
MF058410	B4a1a1b	B	B4	B4	1.0000	1-16569	1	1	unique	243	9745	0	0.000000
MF058411	L3f1b1a1	L	L3	L3	1.0000	1-16569	1	1	unique	244	9745	0	0.000000
MF058418	M7c1c3	M	M7	M7	1.0000	1-16569	1	1	unique	251	9745	0	0.000000
MF058428	B4a1a1b	B	B4	B4	1.0000	1-16569	1	1	unique	261	9745	0	0.000000
MF058437	B4a1a1b	B	B4	B4	1.0000	1-16569	1	1	unique	270	9745	0	0.000000
MF058443	M7c1c3	M	M7	M7	1.0000	1-16569	1	1	unique	276	9745	0	0.000000
MF058446	B4a1a1b	B	B4	B4	1.0000	1-16569	1	1	unique	279	9745	0	0.000000
MF058450	M7c1c3	M	M7	M7	1.0000	1-16569	1	1	unique	283	9745	0	0.000000
MF058454	L0a1b1a1a	L	L0	L0	1.0000	1-16569	1	1	unique	287	9745	0	0.000000
MF058455	B4a1a1b	B	B4	B4	1.0000	1-16569	1	1	unique	288	9745	0	0.000000
MF058456	B4a1a1b	B	B4	B4	1.0000	1-16569	1	1	unique	289	9745	0	0.000000
MF058457	B4a1a1b	B	B4	B4	1.0000	1-16569	1	1	unique	290	9745	0	0.000000
MF058464	M7c1c3	M	M7	M7	1.0000	1-16569	1	1	unique	297	9745	0	0.000000
MF058468	M7c1c3	M	M7	M7	1.0000	1-16569	1	1	unique	301	9745	0	0.000000
MF058482	B4a1a1b	B	B4	B4	1.0000	1-16569	1	1	unique	315	9745	0	0.000000
MF058487	B4a1a1b	B	B4	B4	1.0000	1-16569	1	1	unique	320	9745	0	0.000000
MF058488	B4a1a1b	B	B4	B4	1.0000	1-16569	1	1	unique	321	9745	0	0.000000
MF058489	B4a1a1b	B	B4	B4	1.0000	1-16569	1	1	unique	322	9745	0	0.000000
MF058492	B4a1a1b	B	B4	B4	1.0000	1-16569	1	1	unique	325	9745	0	0.000000
MF058493	M7c1c3	M	M7	M7	1.0000	1-16569	1	1	unique	326	9745	0	0.000000
MF058494	B4a1a1b	B	B4	B4	1.0000	1-16569	1	1	unique	327	9745	0	0.000000
MF058496	B4a1a1b	B	B4	B4	1.0000	1-16569	1	1	unique	329	9745	0	0.000000
MF058503	B4a1a1b	B	B4	B4	1.0000	1-16569	1	1	unique	336	9745	0	0.000000
MF058509	L2a1a2	L	L2	L2	1.0000	1-16569	1	1	unique	342	9745	0	0.000000
MF058512	B4a1a1b	B	B4	B4	1.0000	1-16569	1	1	unique	345	9745	0	0.000000
MF058515	L2a1a2	L	L2	L2	1.0000	1-16569	1	1	unique	348	9745	0	0.000000
MF058517	B4a1a1b	B	B4	B4	1.0000	1-16569	1	1	unique	350	9745	0	0.000000
MF058518	B4a1a1b	B	B4	B4	1.0000	1-16569	1	1	unique	351	9745	0	0.000000
MF058519	B4a1a1b	B	B4	B4	1.0000	1-16569	1	1	unique	352	9745	0	0.000000
MF058520	B4a1a1b	B	B4	B4	1.0000	1-16569	1	1	unique	353	9745	0	0.000000
MF058527	M7c1c3	M	M7	M7	1.0000	1-16569	1	1	unique	360	9745	0	0.000000
MF058532	B4a1a1b	B	B4	B4	1.0000	1-16569	1	1	unique	365	9745	0	0.000000
MF058549	L3d1a1a	L	L3	L3	1.0000	1-16569	1	1	unique	382	9745	0	0.000000
MF058551	B4a1a1b	B	B4	B4	1.0000	1-16569	1	1	unique	384	9745	0	0.000000
MF058559	L3e1a1a	L	L3	L3	1.0000	1-16569	1	1	unique	392	9745	0	0.000000
MF058563	M7c1c3	M	M7	M7	1.0000	1-16569	1	1	unique	396	9745	0	0.000000
MF058572	B4a1a1b	B	B4	B4	1.0000	1-16569	1	1	unique	405	9745	0	0.000000
MF058577	B4a1a1b	B	B4	B4	1.0000	1-16569	1	1	unique	410	9745	0	0.000000
MF058580	B4a1a1b	B	B4	B4	1.0000	1-16569	1	1	unique	413	9745	0	0.000000
MF058583	B4a1a1b	B	B4	B4	1.0000	1-16569	1	1	unique	416	9745	0	0.000000
MF058587	L3e3b1	L	L3	L3	1.0000	1-16569	1	1	unique	420	9745	0	0.000000
MF058595	B4a1a1b	B	B4	B4	1.0000	1-16569	1	1	unique	428	9745	0	0.000000
MF058596	B4a1a1b	B	B4	B4	1.0000	1-16569	1	1	unique	429	9745	0	0.000000
MF278749	H6a1a2b1	H	H6	H6	1.0000	1-16569	1	1	unique	434	9745	0	0.000000
MF441747	H13a1d	H	H13	H13	1.0000	1-16569	1	1	unique	435	9745	0	0.000000
MF929062	K1c2	K	K1	K1	1.0000	1-16569	1	1	unique	869	9745	0	0.000000
MG053504	J1c2r	J	J1	J1	1.0000	1-16569	1	1	unique	875	9745	0	0.000000
MG272579	M7c1c3	M	M7	M7	1.0000	1-16569	1	1	unique	879	9745	0	0.000000
MG272581	M7c1c3	M	M7	M7	1.0000	1-16569	1	1	unique	881	9745	0	0.000000
MG272612	R21	R	R21	R21	1.0000	1-16569	1	1	unique	912	9745	0	0.000000
MG272626	M7c2a	M	M7	M7	1.0000	1-16569	1	1	unique	926	9745	0	0.000000
MG273011	M7c2b	M	M7	M7	1.0000	1-16569	1	1	unique	1336	9745	0	0.000000
MG273047	M7b1a1b	M	M7	M7	1.0000	1-16569	1	1	unique	1372	9745	0	0.000000
MG646091	T1a1b	T	T1	T1	1.0000	1-16569	1	1	unique	1474	9745	0	0.000000
MG646111	U5b2a1a+16311	U	U5	U5	1.0000	1-16569	1	1	unique	1494	9745	0	0.000000
MG646114	J1b1a1b	J	J1	J1	1.0000	1-16569	1	1	unique	1497	9745	0	0.000000
MG646117	H1c	H	H1	H1	1.0000	1-16569	1	1	unique	1500	9745	0	0.000000
MG646118	T2b	T	T2	T2	1.0000	1-16569	1	1	unique	1501	9745	0	0.000000
MG646121	T1a1b	T	T1	T1	1.0000	1-16569	1	1	unique	1504	9745	0	0.000000
MG646133	U5a1a2a	U	U5	U5	1.0000	1-16569	1	1	unique	1516	9745	0	0.000000
MG646139	T1a1b	T	T1	T1	1.0000	1-16569	1	1	unique	1522	9745	0	0.000000
MG646140	J1c4b	J	J1	J1	1.0000	1-16569	1	1	unique	1523	9745	0	0.000000
MG646149	H1b1a	H	H1	H1	1.0000	1-16569	1	1	unique	1532	9745	0	0.000000
MG646150	H5e1a1	H	H5	H5	1.0000	1-16569	1	1	unique	1533	9745	0	0.000000
MG646160	T1a1b	T	T1	T1	1.0000	1-16569	1	1	unique	1543	9745	0	0.000000
MG646166	H10a1	H	H10	H10	1.0000	1-16569	1	1	unique	1549	9745	0	0.000000
MG646173	U5b1b1a	U	U5	U5	1.0000	1-16569	1	1	unique	1556	9745	0	0.000000
MG646177	HV8	HV	HV8	HV8	1.0000	1-16569	1	1	unique	1560	9745	0	0.000000
MG646179	H11a2a	H	H11	H11	1.0000	1-16569	1	1	unique	1562	9745	0	0.000000
MG646196	H5e1a1	H	H5	H5	1.0000	1-16569	1	1	unique	1579	9745	0	0.000000
MG646199	H1c1	H	H1	H1	1.0000	1-16569	1	1	unique	1582	9745	0	0.000000
MG646212	U5b2b4a	U	U5	U5	1.0000	1-16569	1	1	unique	1595	9745	0	0.000000
MG646215	J1c2c1	J	J1	J1	1.0000	1-16569	1	1	unique	1598	9745	0	0.000000
MG646244	T1a1b	T	T1	T1	1.0000	1-16569	1	1	unique	1627	9745	0	0.000000
MG646258	H5e1a1	H	H5	H5	1.0000	1-16569	1	1	unique	1641	9745	0	0.000000
MG646265	U5a2a1	U	U5	U5	1.0000	1-16569	1	1	unique	1648	9745	0	0.000000
MG646269	H18	H	H18	H18	1.0000	1-16569	1	1	unique	1652	9745	0	0.000000
MG660629	D4j8	D	D4	D4	1.0000	1-16569	1	1	unique	1684	9745	0	0.000000
MG660654	D3	D	D3	D3	1.0000	1-16569	1	1	unique	1709	9745	0	0.000000
MG660655	D3	D	D3	D3	1.0000	1-16569	1	1	unique	1710	9745	0	0.000000
MG660657	D3	D	D3	D3	1.0000	1-16569	1	1	unique	1712	9745	0	0.000000
MG660658	D3	D	D3	D3	1.0000	1-16569	1	1	unique	1713	9745	0	0.000000
MG660690	D4b1a2a2	D	D4	D4	1.0000	1-16569	1	1	unique	1745	9745	0	0.000000
MG660691	D4b1a2a2	D	D4	D4	1.0000	1-16569	1	1	unique	1746	9745	0	0.000000
MG660705	D4p	D	D4	D4	1.0000	1-16569	1	1	unique	1810	9745	0	0.000000
MG660710	D4p	D	D4	D4	1.0000	1-16569	1	1	unique	1815	9745	0	0.000000
MG660751	Y1a+16189	Y	Y1	Y1	1.0000	1-16569	1	1	unique	1856	9745	0	0.000000
MG660752	Y1a+16189	Y	Y1	Y1	1.0000	1-16569	1	1	unique	1857	9745	0	0.000000
MG660770	Y1a+16189	Y	Y1	Y1	1.0000	1-16569	1	1	unique	1875	9745	0	0.000000
MG660773	Y1a+16189	Y	Y1	Y1	1.0000	1-16569	1	1	unique	1878	9745	0	0.000000
MG660780	Y1a+16189	Y	Y1	Y1	1.0000	1-16569	1	1	unique	1885	9745	0	0.000000
MG660789	Y1a+16189	Y	Y1	Y1	1.0000	1-16569	1	1	unique	1894	9745	0	0.000000
MG660792	Y1a+16189	Y	Y1	Y1	1.0000	1-16569	1	1	unique	1897	9745	0	0.000000
MG660793	Y1a+16189	Y	Y1	Y1	1.0000	1-16569	1	1	unique	1898	9745	0	0.000000
MG660799	Y1a+16189	Y	Y1	Y1	1.0000	1-16569	1	1	unique	1904	9745	0	0.000000
MG660801	Y1a+16189	Y	Y1	Y1	1.0000	1-16569	1	1	unique	1906	9745	0	0.000000
MG952837	U4b1a4	U	U4	U4	1.0000	1-16569	1	1	unique	1943	9745	0	0.000000
MG952841	H7b2	H	H7	H7	1.0000	1-16569	1	1	unique	1947	9745	0	0.000000
MG952844	H5a2	H	H5	H5	1.0000	1-16569	1	1	unique	1950	9745	0	0.000000
MG952847	K1c2	K	K1	K1	1.0000	1-16569	1	1	unique	1953	9745	0	0.000000
MG952863	K1c2	K	K1	K1	1.0000	1-16569	1	1	unique	1969	9745	0	0.000000
MH351267	H1n4	H	H1	H1	1.0000	1-16569	1	1	unique	1987	9745	0	0.000000
MH448965	B5a1c1a	B	B5	B5	1.0000	1-16569	1	1	unique	2007	9745	0	0.000000
MH448978	B5a1c1a	B	B5	B5	1.0000	1-16569	1	1	unique	2020	9745	0	0.000000
MH449095	B4c2	B	B4	B4	1.0000	1-16569	1	1	unique	2137	9745	0	0.000000
MH449106	B5a1b1	B	B5	B5	1.0000	1-16569	1	1	unique	2148	9745	0	0.000000
MH449131	F1a1a1	F	F1	F1	1.0000	1-16569	1	1	unique	2173	9745	0	0.000000
MH449192	D4j1a1	D	D4	D4	1.0000	1-16569	1	1	unique	2234	9745	0	0.000000
MH449194	D4j1a1	D	D4	D4	1.0000	1-16569	1	1	unique	2236	9745	0	0.000000
MH449314	M7b1a1a3	M	M7	M7	1.0000	1-16569	1	1	unique	2406	9745	0	0.000000
MH449315	M7b1a1a3	M	M7	M7	1.0000	1-16569	1	1	unique	2407	9745	0	0.000000
MH449317	B5a1a	B	B5	B5	1.0000	1-16569	1	1	unique	2409	9745	0	0.000000
MH449319	M7b1a1a3	M	M7	M7	1.0000	1-16569	1	1	unique	2411	9745	0	0.000000
MH449321	M7b1a1a3	M	M7	M7	1.0000	1-16569	1	1	unique	2413	9745	0	0.000000
MH449375	D4e1a3	D	D4	D4	1.0000	1-16569	1	1	unique	2467	9745	0	0.000000
MH449518	M68a1a	M	M68	M68	1.0000	1-16569	1	1	unique	2610	9745	0	0.000000
MH807323	G1b2	G	G1	G1	1.0000	1-16569	1	1	unique	2649	9745	0	0.000000
MH807367	M7a2a3a	M	M7	M7	1.0000	1-16569	1	1	unique	2693	9745	0	0.000000
MH807369	M7a2a3a	M	M7	M7	1.0000	1-16569	1	1	unique	2695	9745	0	0.000000
MH807370	M7a2a3a	M	M7	M7	1.0000	1-16569	1	1	unique	2696	9745	0	0.000000
MK180574	D3	D	D3	D3	1.0000	1-16569	1	1	unique	2709	9745	0	0.000000
MN595705	T1a1	T	T1	T1	1.0000	1-16569	1	1	unique	2945	9745	0	0.000000
MN595788	T1a1	T	T1	T1	1.0000	1-16569	1	1	unique	3028	9745	0	0.000000
MN595790	T1a1	T	T1	T1	1.0000	1-16569	1	1	unique	3030	9745	0	0.000000
MN595816	T1a1	T	T1	T1	1.0000	1-16569	1	1	unique	3056	9745	0	0.000000
MN595829	T1a1	T	T1	T1	1.0000	1-16569	1	1	unique	3069	9745	0	0.000000
MN595895	H	H	H	H	1.0000	1-16569	1	1	unique	3135	9745	0	0.000000
MN687119	N1b1a	N	N1	N1	1.0000	1-16569	1	1	unique	3149	9745	0	0.000000
MN687125	V1a1	V	V1	V1	1.0000	1-16569	1	1	unique	3155	9745	0	0.000000
MN687133	U3b2a1	U	U3	U3	1.0000	1-16569	1	1	unique	3163	9745	0	0.000000
MN687145	J1c3d	J	J1	J1	1.0000	1-16569	1	1	unique	3175	9745	0	0.000000
MN687150	J1c3d	J	J1	J1	1.0000	1-16569	1	1	unique	3180	9745	0	0.000000
MN687156	J1c3d	J	J1	J1	1.0000	1-16569	1	1	unique	3186	9745	0	0.000000
MN687160	T1b4	T	T1	T1	1.0000	1-16569	1	1	unique	3190	9745	0	0.000000
MN687167	J1c3d	J	J1	J1	1.0000	1-16569	1	1	unique	3197	9745	0	0.000000
MN687168	J1c2	J	J1	J1	1.0000	1-16569	1	1	unique	3198	9745	0	0.000000
MN687170	H1ak	H	H1	H1	1.0000	1-16569	1	1	unique	3200	9745	0	0.000000
MN687184	H5b	H	H5	H5	1.0000	1-16569	1	1	unique	3214	9745	0	0.000000
MN687185	H24a	H	H24	H24	1.0000	1-16569	1	1	unique	3215	9745	0	0.000000
MN687217	H13	H	H13	H13	1.0000	1-16569	1	1	unique	3247	9745	0	0.000000
MN687240	U5b2a2a1	U	U5	U5	1.0000	1-16569	1	1	unique	3270	9745	0	0.000000
MN687269	H12a	H	H12	H12	1.0000	1-16569	1	1	unique	3299	9745	0	0.000000
MN687273	J2b1a1	J	J2	J2	1.0000	1-16569	1	1	unique	3303	9745	0	0.000000
MN687275	H13	H	H13	H13	1.0000	1-16569	1	1	unique	3305	9745	0	0.000000
MN687279	H18	H	H18	H18	1.0000	1-16569	1	1	unique	3309	9745	0	0.000000
MN687283	H1+152	H	H1	H1	1.0000	1-16569	1	1	unique	3313	9745	0	0.000000
MN849531	Q1a1a	Q	Q1	Q1	1.0000	1-16569	1	1	unique	3369	9745	0	0.000000
MN849692	P1d1	P	P1	P1	1.0000	1-16569	1	1	unique	3580	9745	0	0.000000
MN849757	M28b1	M	M28	M28	1.0000	1-16569	1	1	unique	3644	9745	0	0.000000
MN849768	M27b1	M	M27	M27	1.0000	1-16569	1	1	unique	3655	9745	0	0.000000
MN849769	M27b1	M	M27	M27	1.0000	1-16569	1	1	unique	3656	9745	0	0.000000
MN849780	M27b1	M	M27	M27	1.0000	1-16569	1	1	unique	3667	9745	0	0.000000
MN849785	M29a	M	M29	M29	1.0000	1-16569	1	1	unique	3672	9745	0	0.000000
MN849808	M29a	M	M29	M29	1.0000	1-16569	1	1	unique	3695	9745	0	0.000000
MN849863	E1a2a1	E	E1	E1	1.0000	1-16569	1	1	unique	3750	9745	0	0.000000
MT418988	D4e1a3	D	D4	D4	1.0000	1-16569	1	1	unique	4124	9745	0	0.000000
MT418992	D4e1a3	D	D4	D4	1.0000	1-16569	1	1	unique	4128	9745	0	0.000000
MT419014	D4e1a3	D	D4	D4	1.0000	1-16569	1	1	unique	4150	9745	0	0.000000
MT419016	D4e1a3	D	D4	D4	1.0000	1-16569	1	1	unique	4152	9745	0	0.000000
MT419038	D4e1a3	D	D4	D4	1.0000	1-16569	1	1	unique	4174	9745	0	0.000000
MT419301	M74b2	M	M74	M74	1.0000	1-16569	1	1	unique	4437	9745	0	0.000000
MT419352	D4e1a3	D	D4	D4	1.0000	1-16569	1	1	unique	4488	9745	0	0.000000
MT554233	H31b	H	H31	H31	1.0000	1-16569	1	1	unique	4582	9745	0	0.000000
MT554266	U4b2	U	U4	U4	1.0000	1-16569	1	1	unique	4615	9745	0	0.000000
NA06991	U4b1a1a1	U	U4	U4	1.0000	1-16569	1	1	unique	74774	9745	0	0.000000
NA06994	U5b2a1a1	U	U5	U5	1.0000	1-16569	1	1	unique	71340	9745	0	0.000000
NA07014	H11a2	H	H11	H11	1.0000	1-16569	1	1	unique	72588	9745	0	0.000000
NA07019	W1c1	W	W1	W1	1.0000	1-16569	1	1	unique	77003	9745	0	0.000000
NA07048	H2a1	H	H2	H2	1.0000	1-16569	1	1	unique	75254	9745	0	0.000000
NA07055	H2a1	H	H2	H2	1.0000	1-16569	1	1	unique	74913	9745	0	0.000000
NA07347	H1c6	H	H1	H1	1.0000	1-16569	1	1	unique	76427	9745	0	0.000000
NA10831	U4b1b1d	U	U4	U4	1.0000	1-16569	1	1	unique	72244	9745	0	0.000000
NA10847	H3v1	H	H3	H3	1.0000	1-16569	1	1	unique	69678	9745	0	0.000000
NA10855	H2a5b	H	H2	H2	1.0000	1-16569	1	1	unique	72309	9745	0	0.000000
NA10860	H5a1b	H	H5	H5	1.0000	1-16569	1	1	unique	72852	9745	0	0.000000
NA11832	H2a5b	H	H2	H2	1.0000	1-16569	1	1	unique	71031	9745	0	0.000000
NA11920	H1a1a1	H	H1	H1	1.0000	1-16569	1	1	unique	77174	9745	0	0.000000
NA11992	U5a2d1a	U	U5	U5	1.0000	1-16569	1	1	unique	73313	9745	0	0.000000
NA12156	U4b1b1d	U	U4	U4	1.0000	1-16569	1	1	unique	70428	9745	0	0.000000
NA12239	H3v1	H	H3	H3	1.0000	1-16569	1	1	unique	72958	9745	0	0.000000
NA12248	U5b2a2b	U	U5	U5	1.0000	1-16569	1	1	unique	69215	9745	0	0.000000
NA12340	H16a	H	H16	H16	1.0000	1-16569	1	1	unique	73697	9745	0	0.000000
NA12383	V16	V	V16	V16	1.0000	1-16569	1	1	unique	72231	9745	0	0.000000
NA12414	J2b1a3	J	J2	J2	1.0000	1-16569	1	1	unique	73002	9745	0	0.000000
NA12485	J2b1a3	J	J2	J2	1.0000	1-16569	1	1	unique	69509	9745	0	0.000000
NA12818	H47a	H	H47	H47	1.0000	1-16569	1	1	unique	72258	9745	0	0.000000
NA18507	L1b1a3	L	L1	L1	1.0000	1-16569	1	1	unique	71162	9745	0	0.000000
NA18515	L2c2b1a	L	L2	L2	1.0000	1-16569	1	1	unique	70375	9745	0	0.000000
NA18533	D5a2a1	D	D5	D5	1.0000	1-16569	1	1	unique	74776	9745	0	0.000000
NA18538	M8a2	M	M8	M8	1.0000	1-16569	1	1	unique	74554	9745	0	0.000000
NA18563	N9a9	N	N9	N9	1.0000	1-16569	1	1	unique	77177	9745	0	0.000000
NA18582	M7b1a1+(16192)	M	M7	M7	1.0000	1-16569	1	1	unique	67594	9745	0	0.000000
NA18748	N9a4b1	N	N9	N9	1.0000	1-16569	1	1	unique	69372	9745	0	0.000000
NA18943	M7b1a1a3	M	M7	M7	1.0000	1-16569	1	1	unique	71668	9745	0	0.000000
NA18956	M9a1a1a	M	M9	M9	1.0000	1-16569	1	1	unique	72741	9745	0	0.000000
NA18960	N9a4a	N	N9	N9	1.0000	1-16569	1	1	unique	74523	9745	0	0.000000
NA18972	D4b2b1+146	D	D4	D4	1.0000	1-16569	1	1	unique	75253	9745	0	0.000000
NA18976	N9a2c	N	N9	N9	1.0000	1-16569	1	1	unique	77490	9745	0	0.000000
NA18988	N9a4a	N	N9	N9	1.0000	1-16569	1	1	unique	70263	9745	0	0.000000
NA19058	G2a1+16189	G	G2	G2	1.0000	1-16569	1	1	unique	67725	9745	0	0.000000
NA19062	G2a1b	G	G2	G2	1.0000	1-16569	1	1	unique	77492	9745	0	0.000000
NA19075	M7b1a1a1	M	M7	M7	1.0000	1-16569	1	1	unique	70150	9745	0	0.000000
NA19076	D4c1b1	D	D4	D4	1.0000	1-16569	1	1	unique	69982	9745	0	0.000000
NA19082	N9a2a3	N	N9	N9	1.0000	1-16569	1	1	unique	74788	9745	0	0.000000
NA19101	L2a1c5	L	L2	L2	1.0000	1-16569	1	1	unique	68540	9745	0	0.000000
NA19114	L3e1a3b	L	L3	L3	1.0000	1-16569	1	1	unique	74792	9745	0	0.000000
NA19185	L2b1a3	L	L2	L2	1.0000	1-16569	1	1	unique	69413	9745	0	0.000000
NA19652	U6d3a	U	U6	U6	1.0000	1-16569	1	1	unique	74531	9745	0	0.000000
NA19679	U5b1f1a	U	U5	U5	1.0000	1-16569	1	1	unique	77540	9745	0	0.000000
NA19682	H2a5a1	H	H2	H2	1.0000	1-16569	1	1	unique	77061	9745	0	0.000000
NA19704	L3e2a1a	L	L3	L3	1.0000	1-16569	1	1	unique	70271	9745	0	0.000000
NA19705	L3e2a1a	L	L3	L3	1.0000	1-16569	1	1	unique	73029	9745	0	0.000000
NA19711	L3e3b	L	L3	L3	1.0000	1-16569	1	1	unique	75173	9745	0	0.000000
NA19750	H94	H	H94	H94	1.0000	1-16569	1	1	unique	76130	9745	0	0.000000
NA19755	D1k	D	D1	D1	1.0000	1-16569	1	1	unique	73559	9745	0	0.000000
NA19757	D1k	D	D1	D1	1.0000	1-16569	1	1	unique	73583	9745	0	0.000000
NA19777	A2aj	A	A2	A2	1.0000	1-16569	1	1	unique	72187	9745	0	0.000000
NA19818	L3e1a3a	L	L3	L3	1.0000	1-16569	1	1	unique	74797	9745	0	0.000000
NA20126	L2a1f1	L	L2	L2	1.0000	1-16569	1	1	unique	76685	9745	0	0.000000
NA20512	U4a2b	U	U4	U4	1.0000	1-16569	1	1	unique	72953	9745	0	0.000000
NA20524	D4j12	D	D4	D4	1.0000	1-16569	1	1	unique	68867	9745	0	0.000000
NA20531	H1e2	H	H1	H1	1.0000	1-16569	1	1	unique	72016	9745	0	0.000000
NA20535	H1a	H	H1	H1	1.0000	1-16569	1	1	unique	73593	9745	0	0.000000
NA20581	T1a2a	T	T1	T1	1.0000	1-16569	1	1	unique	68597	9745	0	0.000000
NA20587	HV+16311	HV	HV	HV	1.0000	1-16569	1	1	unique	70558	9745	0	0.000000
NA20752	J2a2b2	J	J2	J2	1.0000	1-16569	1	1	unique	76254	9745	0	0.000000
NA20753	L1b1a5	L	L1	L1	1.0000	1-16569	1	1	unique	68113	9745	0	0.000000
NA20798	H15b1	H	H15	H15	1.0000	1-16569	1	1	unique	73599	9745	0	0.000000
NA20804	W6a	W	W6	W6	1.0000	1-16569	1	1	unique	72017	9745	0	0.000000
NA20815	H44a	H	H44	H44	1.0000	1-16569	1	1	unique	76553	9745	0	0.000000
NA20832	H1n+146	H	H1	H1	1.0000	1-16569	1	1	unique	77310	9745	0	0.000000
OL619812	H2b	H	H2	H2	1.0000	1-16569	1	1	unique	4643	9745	0	0.000000
OL619814	H2b	H	H2	H2	1.0000	1-16569	1	1	unique	4645	9745	0	0.000000
OL619820	F1b1e	F	F1	F1	1.0000	1-16569	1	1	unique	4651	9745	0	0.000000
OL619825	U4b1a1a1	U	U4	U4	1.0000	1-16569	1	1	unique	4656	9745	0	0.000000
OL619828	T2b16	T	T2	T2	1.0000	1-16569	1	1	unique	4659	9745	0	0.000000
OL619844	H6a1a4	H	H6	H6	1.0000	1-16569	1	1	unique	4675	9745	0	0.000000
OL619852	T1a1	T	T1	T1	1.0000	1-16569	1	1	unique	4683	9745	0	0.000000
OL619853	T1a1	T	T1	T1	1.0000	1-16569	1	1	unique	4684	9745	0	0.000000
OL619866	M7b1b	M	M7	M7	1.0000	1-16569	1	1	unique	4697	9745	0	0.000000
OL619888	H5a2	H	H5	H5	1.0000	1-16569	1	1	unique	4719	9745	0	0.000000
OL619899	D3	D	D3	D3	1.0000	1-16569	1	1	unique	4730	9745	0	0.000000
OL619902	D3	D	D3	D3	1.0000	1-16569	1	1	unique	4733	9745	0	0.000000
OL619908	H13a1a1	H	H13	H13	1.0000	1-16569	1	1	unique	4739	9745	0	0.000000
OL619913	B4c1a2a	B	B4	B4	1.0000	1-16569	1	1	unique	4744	9745	0	0.000000
OL619914	B4c1a2a	B	B4	B4	1.0000	1-16569	1	1	unique	4745	9745	0	0.000000
OL619915	J1c5a	J	J1	J1	1.0000	1-16569	1	1	unique	4746	9745	0	0.000000
OL619921	H2a1	H	H2	H2	1.0000	1-16569	1	1	unique	4752	9745	0	0.000000
OL619923	U5a1b1b	U	U5	U5	1.0000	1-16569	1	1	unique	4754	9745	0	0.000000
OL619925	H5a1	H	H5	H5	1.0000	1-16569	1	1	unique	4756	9745	0	0.000000
OL619931	H1	H	H1	H1	1.0000	1-16569	1	1	unique	4762	9745	0	0.000000
OL619932	H1	H	H1	H1	1.0000	1-16569	1	1	unique	4763	9745	0	0.000000
OL619937	U4a2a	U	U4	U4	1.0000	1-16569	1	1	unique	4768	9745	0	0.000000
OL619940	H1c22	H	H1	H1	1.0000	1-16569	1	1	unique	4771	9745	0	0.000000
OM194233	U4b1a1a1	U	U4	U4	1.0000	1-16569	1	1	unique	7506	9745	0	0.000000
OM194242	H8+(114)+152	H	H8	H8	1.0000	1-16569	1	1	unique	7515	9745	0	0.000000
OM194327	V14	V	V14	V14	1.0000	1-16569	1	1	unique	7600	9745	0	0.000000
OM194335	D4c2b	D	D4	D4	1.0000	1-16569	1	1	unique	7608	9745	0	0.000000
PP654511	B4c2	B	B4	B4	1.0000	1-16569	1	1	unique	7643	9745	0	0.000000
PP654602	M68a1a	M	M68	M68	1.0000	1-16569	1	1	unique	7734	9745	0	0.000000
PP654619	R23	R	R23	R23	1.0000	1-16569	1	1	unique	7751	9745	0	0.000000
PP654624	M68a1a	M	M68	M68	1.0000	1-16569	1	1	unique	7756	9745	0	0.000000
PP654628	M68a1a	M	M68	M68	1.0000	1-16569	1	1	unique	7760	9745	0	0.000000
PP654633	M68a1a	M	M68	M68	1.0000	1-16569	1	1	unique	7765	9745	0	0.000000
PP654634	M68a1a	M	M68	M68	1.0000	1-16569	1	1	unique	7766	9745	0	0.000000
PP654638	M68a1a	M	M68	M68	1.0000	1-16569	1	1	unique	7770	9745	0	0.000000
PP654659	M68a1a	M	M68	M68	1.0000	1-16569	1	1	unique	7791	9745	0	0.000000
PP654672	M74b2	M	M74	M74	1.0000	1-16569	1	1	unique	7804	9745	0	0.000000
PP654675	M74b2	M	M74	M74	1.0000	1-16569	1	1	unique	7807	9745	0	0.000000
PP654679	F1a1d	F	F1	F1	1.0000	1-16569	1	1	unique	7811	9745	0	0.000000
PP654682	B5a1b1	B	B5	B5	1.0000	1-16569	1	1	unique	7814	9745	0	0.000000
PP654692	F1a1d	F	F1	F1	1.0000	1-16569	1	1	unique	7824	9745	0	0.000000
PP654694	B5a1b1	B	B5	B5	1.0000	1-16569	1	1	unique	7826	9745	0	0.000000
PP654700	F1a1d	F	F1	F1	1.0000	1-16569	1	1	unique	7832	9745	0	0.000000
PP654703	M74b2	M	M74	M74	1.0000	1-16569	1	1	unique	7835	9745	0	0.000000
PP654704	F1a1d	F	F1	F1	1.0000	1-16569	1	1	unique	7836	9745	0	0.000000
PP654757	M12b1a2	M	M12	M12	1.0000	1-16569	1	1	unique	7939	9745	0	0.000000
PP654788	M12b1a2	M	M12	M12	1.0000	1-16569	1	1	unique	7970	9745	0	0.000000
PP654791	M12b1a2	M	M12	M12	1.0000	1-16569	1	1	unique	7973	9745	0	0.000000
PP654793	M12b1a2	M	M12	M12	1.0000	1-16569	1	1	unique	7975	9745	0	0.000000
PP654795	M12b1a2	M	M12	M12	1.0000	1-16569	1	1	unique	7977	9745	0	0.000000
PV067327	M50a1	M	M50	M50	1.0000	1-16569	1	1	unique	8205	9745	0	0.000000
PV067332	M50a1	M	M50	M50	1.0000	1-16569	1	1	unique	8210	9745	0	0.000000
PV067337	M50a1	M	M50	M50	1.0000	1-16569	1	1	unique	8215	9745	0	0.000000
PV067347	E1a1a1a	E	E1	E1	1.0000	1-16569	1	1	unique	8225	9745	0	0.000000
PV067348	M50a1	M	M50	M50	1.0000	1-16569	1	1	unique	8226	9745	0	0.000000
PV067362	M46a	M	M46	M46	1.0000	1-16569	1	1	unique	8240	9745	0	0.000000
PV067377	M46a	M	M46	M46	1.0000	1-16569	1	1	unique	8255	9745	0	0.000000
PV067383	M46a	M	M46	M46	1.0000	1-16569	1	1	unique	8261	9745	0	0.000000
PV621474	H1v1	H	H1	H1	1.0000	1-16569	1	1	unique	8282	9745	0	0.000000
PV621573	L3d1c1	L	L3	L3	1.0000	1-16569	1	1	unique	8381	9745	0	0.000000
PV621583	L3e2a1b2	L	L3	L3	1.0000	1-16569	1	1	unique	8391	9745	0	0.000000
PV621618	L3e2a1b	L	L3	L3	1.0000	1-16569	1	1	unique	8476	9745	0	0.000000
PV621639	H2a1+146	H	H2	H2	1.0000	1-16569	1	1	unique	8497	9745	0	0.000000
PV621650	H30a	H	H30	H30	1.0000	1-16569	1	1	unique	8508	9745	0	0.000000
PV621653	H75	H	H75	H75	1.0000	1-16569	1	1	unique	8511	9745	0	0.000000
PV621672	T2g1a	T	T2	T2	1.0000	1-16569	1	1	unique	8530	9745	0	0.000000
PV621709	N1b1a	N	N1	N1	1.0000	1-16569	1	1	unique	8567	9745	0	0.000000
PV621725	H1e	H	H1	H1	1.0000	1-16569	1	1	unique	8583	9745	0	0.000000
PV621804	L1b1a6	L	L1	L1	1.0000	1-16569	1	1	unique	8662	9745	0	0.000000
PV621825	U5a2c1	U	U5	U5	1.0000	1-16569	1	1	unique	8683	9745	0	0.000000
PX272287	Q1e1b1	Q	Q1	Q1	1.0000	1-16569	1	1	unique	9178	9745	0	0.000000
PX272290	E1a2a	E	E1	E1	1.0000	1-16569	1	1	unique	9172	9745	0	0.000000
PX272291	M27a2b	M	M27	M27	1.0000	1-16569	1	1	unique	9167	9745	0	0.000000
PX272294	Q1c1a	Q	Q1	Q1	1.0000	1-16569	1	1	unique	9174	9745	0	0.000000
PX272295	M27c	M	M27	M27	1.0000	1-16569	1	1	unique	9169	9745	0	0.000000
PX272373	P1d2a	P	P1	P1	1.0000	1-16569	1	1	unique	9240	9745	0	0.000000
PX272412	E1a2+(16261)	E	E1	E1	1.0000	1-16569	1	1	unique	9275	9745	0	0.000000
PX272437	P1f	P	P1	P1	1.0000	1-16569	1	1	unique	18190	9745	0	0.000000
PX272443	P1f	P	P1	P1	1.0000	1-16569	1	1	unique	9299	9745	0	0.000000
PX272448	P1f	P	P1	P1	1.0000	1-16569	1	1	unique	18191	9745	0	0.000000
PX272449	P1f	P	P1	P1	1.0000	1-16569	1	1	unique	16335	9745	0	0.000000
PX272451	P1f	P	P1	P1	1.0000	1-16569	1	1	unique	9305	9745	0	0.000000
PX272477	M28a5	M	M28	M28	1.0000	1-16569	1	1	unique	9323	9745	0	0.000000
PX272486	M29b	M	M29	M29	1.0000	1-16569	1	1	unique	9330	9745	0	0.000000
PX272518	P1d2a	P	P1	P1	1.0000	1-16569	1	1	unique	9358	9745	0	0.000000
PX272549	R21	R	R21	R21	1.0000	1-16569	1	1	unique	16346	9745	0	0.000000
PX272726	Q1a1a	Q	Q1	Q1	1.0000	1-16569	1	1	unique	18225	9745	0	0.000000
PX272868	E1a2a	E	E1	E1	1.0000	1-16569	1	1	unique	9656	9745	0	0.000000
PX272905	Q3a+61 62	Q	Q3	Q3	1.0000	1-16569	1	1	unique	9675	9745	0	0.000000
PX272907	Q3a+61 62	Q	Q3	Q3	1.0000	1-16569	1	1	unique	9677	9745	0	0.000000
PX273007	Q3a+61 62	Q	Q3	Q3	1.0000	1-16569	1	1	unique	9742	9745	0	0.000000
PX273014	Q3a+61 62	Q	Q3	Q3	1.0000	1-16569	1	1	unique	16425	9745	0	0.000000
PX273104	Q1a1a	Q	Q1	Q1	1.0000	1-16569	1	1	unique	9798	9745	0	0.000000
PX273117	Q1a1a	Q	Q1	Q1	1.0000	1-16569	1	1	unique	9804	9745	0	0.000000
PX273119	Q1a1a	Q	Q1	Q1	1.0000	1-16569	1	1	unique	9807	9745	0	0.000000
PX273136	Q1a1a	Q	Q1	Q1	1.0000	1-16569	1	1	unique	9820	9745	0	0.000000
PX273141	Q1a1a	Q	Q1	Q1	1.0000	1-16569	1	1	unique	18277	9745	0	0.000000
PX273185	P1d1	P	P1	P1	1.0000	1-16569	1	1	unique	9860	9745	0	0.000000
PX273228	Q3a+61 62	Q	Q3	Q3	1.0000	1-16569	1	1	unique	16457	9745	0	0.000000
PX366773	D4m2a	D	D4	D4	1.0000	1-16569	1	1	unique	17789	9745	0	0.000000
PX366783	M8a2	M	M8	M8	1.0000	1-16569	1	1	unique	17797	9745	0	0.000000
PX366789	F2c	F	F2	F2	1.0000	1-16569	1	1	unique	17801	9745	0	0.000000
PX366963	D4e1a	D	D4	D4	1.0000	1-16569	1	1	unique	17997	9745	0	0.000000
SCsq0007	D4e2c	D	D4	D4	1.0000	1-16569	1	1	unique	8703	9745	0	0.000000
SCsq0016	D4a4	D	D4	D4	1.0000	1-16569	1	1	unique	8712	9745	0	0.000000
SCsq0017	D4g1	D	D4	D4	1.0000	1-16569	1	1	unique	8713	9745	0	0.000000
SCsq0018	D4b2b1	D	D4	D4	1.0000	1-16569	1	1	unique	8714	9745	0	0.000000
SCsq0022	D4b1b1a1	D	D4	D4	1.0000	1-16569	1	1	unique	8718	9745	0	0.000000
SCsq0027	M9a1a1a	M	M9	M9	1.0000	1-16569	1	1	unique	8723	9745	0	0.000000
SCsq0029	B5b2a1	B	B5	B5	1.0000	1-16569	1	1	unique	8725	9745	0	0.000000
SCsq0032	M7a1a1a	M	M7	M7	1.0000	1-16569	1	1	unique	8728	9745	0	0.000000
SCsq0033	D4b2b1	D	D4	D4	1.0000	1-16569	1	1	unique	8729	9745	0	0.000000
SCsq0038	M7b1a1a1	M	M7	M7	1.0000	1-16569	1	1	unique	8734	9745	0	0.000000
SCsq0041	A5a1a1a	A	A5	A5	1.0000	1-16569	1	1	unique	8737	9745	0	0.000000
SCsq0045	B4a1c3a	B	B4	B4	1.0000	1-16569	1	1	unique	8741	9745	0	0.000000
SCsq0046	F2a	F	F2	F2	1.0000	1-16569	1	1	unique	8742	9745	0	0.000000
SCsq0047	D4a1b	D	D4	D4	1.0000	1-16569	1	1	unique	8743	9745	0	0.000000
SCsq0049	A7	A	A7	A7	1.0000	1-16569	1	1	unique	8745	9745	0	0.000000
SCsq0059	M7b1a1a1	M	M7	M7	1.0000	1-16569	1	1	unique	8755	9745	0	0.000000
SCsq0062	N9b1	N	N9	N9	1.0000	1-16569	1	1	unique	8758	9745	0	0.000000
SCsq0063	D4a1a1	D	D4	D4	1.0000	1-16569	1	1	unique	8759	9745	0	0.000000
SCsq0069	D4e2	D	D4	D4	1.0000	1-16569	1	1	unique	8765	9745	0	0.000000
SCsq0075	B4b1a1	B	B4	B4	1.0000	1-16569	1	1	unique	8771	9745	0	0.000000
SCsq0076	N9a2a2	N	N9	N9	1.0000	1-16569	1	1	unique	8772	9745	0	0.000000
SCsq0080	B4b1a1a	B	B4	B4	1.0000	1-16569	1	1	unique	8776	9745	0	0.000000
SCsq0089	D4a1a1	D	D4	D4	1.0000	1-16569	1	1	unique	8785	9745	0	0.000000
SCsq0090	M7a1a7	M	M7	M7	1.0000	1-16569	1	1	unique	8786	9745	0	0.000000
SCsq0091	D4a1	D	D4	D4	1.0000	1-16569	1	1	unique	8787	9745	0	0.000000
SCsq0093	G1a1a	G	G1	G1	1.0000	1-16569	1	1	unique	8789	9745	0	0.000000
SCsq0094	F1b1a1a2	F	F1	F1	1.0000	1-16569	1	1	unique	8790	9745	0	0.000000
SCsq0097	D4a1a1	D	D4	D4	1.0000	1-16569	1	1	unique	8792	9745	0	0.000000
SCsq0100	D4b2b1	D	D4	D4	1.0000	1-16569	1	1	unique	8795	9745	0	0.000000
SCsq0102	B5b3b	B	B5	B5	1.0000	1-16569	1	1	unique	8797	9745	0	0.000000
SCsq0103	D4a1b1	D	D4	D4	1.0000	1-16569	1	1	unique	8798	9745	0	0.000000
SCsq0107	D4c2c	D	D4	D4	1.0000	1-16569	1	1	unique	8802	9745	0	0.000000
SRR36389141	J1c4b	J	J1	J1	1.0000	1-16569	1	1	unique	15901	9745	0	0.000000
SRR36389144	W3a1d	W	W3	W3	1.0000	1-16569	1	1	unique	15892	9745	0	0.000000
SRR36389175	U5b1e1	U	U5	U5	1.0000	1-16569	1	1	unique	15921	9745	0	0.000000
SRR36389176	H1b1	H	H1	H1	1.0000	1-16569	1	1	unique	15922	9745	0	0.000000
SRR36389183	H1ap1	H	H1	H1	1.0000	1-16569	1	1	unique	15929	9745	0	0.000000
SRR36389185	T2b	T	T2	T2	1.0000	1-16569	1	1	unique	15931	9745	0	0.000000
SRR36389187	H6a1a2b	H	H6	H6	1.0000	1-16569	1	1	unique	19219	9745	0	0.000000
SRR36389190	U4b3	U	U4	U4	1.0000	1-16569	1	1	unique	15934	9745	0	0.000000
SRR36389197	H10e	H	H10	H10	1.0000	1-16569	1	1	unique	15939	9745	0	0.000000
SRR36389199	T2b	T	T2	T2	1.0000	1-16569	1	1	unique	15943	9745	0	0.000000
SRR36389215	H1c	H	H1	H1	1.0000	1-16569	1	1	unique	15955	9745	0	0.000000
SRR36389218	U5a2e	U	U5	U5	1.0000	1-16569	1	1	unique	15956	9745	0	0.000000
SRR36389219	H1e1a	H	H1	H1	1.0000	1-16569	1	1	unique	15957	9745	0	0.000000
SRR36389241	U5b1e1a	U	U5	U5	1.0000	1-16569	1	1	unique	15971	9745	0	0.000000
SRR36389245	T2b	T	T2	T2	1.0000	1-16569	1	1	unique	15976	9745	0	0.000000
SRR36389248	H1n4	H	H1	H1	1.0000	1-16569	1	1	unique	15978	9745	0	0.000000
SRR36389249	J1b1a1b	J	J1	J1	1.0000	1-16569	1	1	unique	15981	9745	0	0.000000
SRR36389260	U5a2e	U	U5	U5	1.0000	1-16569	1	1	unique	15991	9745	0	0.000000
SRR36389265	T1a1b	T	T1	T1	1.0000	1-16569	1	1	unique	15995	9745	0	0.000000
SRR36389272	V13	V	V13	V13	1.0000	1-16569	1	1	unique	16001	9745	0	0.000000
SRR36389273	J1c2	J	J1	J1	1.0000	1-16569	1	1	unique	16003	9745	0	0.000000
SRR36389281	H2a1c	H	H2	H2	1.0000	1-16569	1	1	unique	16009	9745	0	0.000000
SRR36389285	H2a1c	H	H2	H2	1.0000	1-16569	1	1	unique	18135	9745	0	0.000000
SRR36389295	H5a2	H	H5	H5	1.0000	1-16569	1	1	unique	16019	9745	0	0.000000
SRR36389302	V1a1	V	V1	V1	1.0000	1-16569	1	1	unique	18137	9745	0	0.000000
SRR36389304	J1b1a1	J	J1	J1	1.0000	1-16569	1	1	unique	16025	9745	0	0.000000
SRR36389320	H1a	H	H1	H1	1.0000	1-16569	1	1	unique	16037	9745	0	0.000000
SRR36389324	H16c	H	H16	H16	1.0000	1-16569	1	1	unique	19231	9745	0	0.000000
SRR36389337	V7a	V	V7	V7	1.0000	1-16569	1	1	unique	16050	9745	0	0.000000
SRR36389343	V7a	V	V7	V7	1.0000	1-16569	1	1	unique	19235	9745	0	0.000000
SRR36389345	H17a	H	H17	H17	1.0000	1-16569	1	1	unique	16055	9745	0	0.000000
SRR36389347	H7a1	H	H7	H7	1.0000	1-16569	1	1	unique	16056	9745	0	0.000000
SRR36389349	H10a	H	H10	H10	1.0000	1-16569	1	1	unique	18144	9745	0	0.000000
SRR36389352	U5a2a1	U	U5	U5	1.0000	1-16569	1	1	unique	16061	9745	0	0.000000
SRR36389353	J1c2f	J	J1	J1	1.0000	1-16569	1	1	unique	16062	9745	0	0.000000
SRR36389354	W1	W	W1	W1	1.0000	1-16569	1	1	unique	16063	9745	0	0.000000
SRR36389360	H10e	H	H10	H10	1.0000	1-16569	1	1	unique	18145	9745	0	0.000000
SRR36389372	H1j3	H	H1	H1	1.0000	1-16569	1	1	unique	16076	9745	0	0.000000
SRR36389374	H11a	H	H11	H11	1.0000	1-16569	1	1	unique	16078	9745	0	0.000000
SRR36389376	V1a1	V	V1	V1	1.0000	1-16569	1	1	unique	16080	9745	0	0.000000
SRR36389377	T2b	T	T2	T2	1.0000	1-16569	1	1	unique	16082	9745	0	0.000000
SRR36389381	T1a1b	T	T1	T1	1.0000	1-16569	1	1	unique	18150	9745	0	0.000000
SRR36389387	H10a	H	H10	H10	1.0000	1-16569	1	1	unique	16088	9745	0	0.000000
SRR36389388	H1c	H	H1	H1	1.0000	1-16569	1	1	unique	16087	9745	0	0.000000
SRR36389399	W3a1d	W	W3	W3	1.0000	1-16569	1	1	unique	19472	9745	0	0.000000
SRR36389401	H10e	H	H10	H10	1.0000	1-16569	1	1	unique	16098	9745	0	0.000000
SRR36389410	T2b	T	T2	T2	1.0000	1-16569	1	1	unique	16103	9745	0	0.000000
