Sample	Population	Source Haplogroup	Global Haplogroup	Global Level	Global Resolution	Adaptive Haplogroup	Adaptive Depth	Adaptive Resolution
HG04155	Bengali Bangladesh	C1b1a1a2a1a	C1b1a	5	Resolved	C1b1a1	6	Resolved
HG04157	Bengali Bangladesh	C1b1a1a2a1a	C1b1a	5	Resolved	C1b1a1	6	Resolved
HG03593	Bengali Bangladesh	C1b1a1a2a1b	C1b1a	5	Resolved	C1b1a1	6	Resolved
HG03917	Bengali Bangladesh	C2b1a2a1b	C2b1a	5	Resolved	C2b1a2	6	Resolved
HG03824	Bengali Bangladesh	H1a1a1c	H1a1a	5	Resolved	H	1	Resolved
HG03929	Bengali Bangladesh	H1a1a4a	H1a1a	5	Resolved	H	1	Resolved
HG04164	Bengali Bangladesh	H1a1a4a1	H1a1a	5	Resolved	H	1	Resolved
HG04193	Bengali Bangladesh	H1a1a4b	H1a1a	5	Resolved	H	1	Resolved
HG04191	Bengali Bangladesh	H1a1a4b	H1a1a	5	Resolved	H	1	Resolved
HG04185	Bengali Bangladesh	H1a1a4b2a1	H1a1a	5	Resolved	H	1	Resolved
HG04187	Bengali Bangladesh	H1a1a4b2a1	H1a1a	5	Resolved	H	1	Resolved
HG03815	Bengali Bangladesh	H1a1a4b2a2	H1a1a	5	Resolved	H	1	Resolved
HG03009	Bengali Bangladesh	H1a1a4b2c1a1a2	H1a1a	5	Resolved	H	1	Resolved
HG03600	Bengali Bangladesh	H1a1a4b2c1a2	H1a1a	5	Resolved	H	1	Resolved
HG03941	Bengali Bangladesh	H1a1a4b2c2	H1a1a	5	Resolved	H	1	Resolved
HG03942	Bengali Bangladesh	H1a1a4b2c2	H1a1a	5	Resolved	H	1	Resolved
HG04161	Bengali Bangladesh	H1a1a4b3b1a1	H1a1a	5	Resolved	H	1	Resolved
HG03800	Bengali Bangladesh	H1a1a4b3b1a5	H1a1a	5	Resolved	H	1	Resolved
HG04176	Bengali Bangladesh	H1a1a4b3b1b	H1a1a	5	Resolved	H	1	Resolved
HG04146	Bengali Bangladesh	H1a1a4b3b1c	H1a1a	5	Resolved	H	1	Resolved
HG03812	Bengali Bangladesh	H1a1b1b1	H1a1b	5	Resolved	H	1	Resolved
HG04188	Bengali Bangladesh	H1a1b2	H1a1b	5	Resolved	H	1	Resolved
HG03594	Bengali Bangladesh	H1a2b1a2	H1a2b	5	Resolved	H	1	Resolved
HG03596	Bengali Bangladesh	H1a2b1a2	H1a2b	5	Resolved	H	1	Resolved
HG03809	Bengali Bangladesh	H1a2b1b1	H1a2b	5	Resolved	H	1	Resolved
HG04149	Bengali Bangladesh	H1a2b1b2	H1a2b	5	Resolved	H	1	Resolved
HG03615	Bengali Bangladesh	J2a1a1b1	J2a1a	5	Resolved	J2	2	Resolved
HG03905	Bengali Bangladesh	J2a1a1b1a1a	J2a1a	5	Resolved	J2	2	Resolved
HG03906	Bengali Bangladesh	J2a1a1b1a1a	J2a1a	5	Resolved	J2	2	Resolved
HG03012	Bengali Bangladesh	J2a1a1b1a1a	J2a1a	5	Resolved	J2	2	Resolved
HG03806	Bengali Bangladesh	J2a1a1b1a1a	J2a1a	5	Resolved	J2	2	Resolved
HG03909	Bengali Bangladesh	J2b2a2b2a	J2b2a	5	Resolved	J2	2	Resolved
HG03908	Bengali Bangladesh	J2b2a2b2a	J2b2a	5	Resolved	J2	2	Resolved
HG03920	Bengali Bangladesh	L1a1b3a2c	L1a1b	5	Resolved	L	1	Resolved
HG03821	Bengali Bangladesh	L1a2a2	L1a2a	5	Resolved	L	1	Resolved
HG04140	Bengali Bangladesh	O1b1a1a1b1a	O1b1a	5	Resolved	O1b1a1a1b1a	11	Resolved
HG04173	Bengali Bangladesh	O1b1a1a1b1a	O1b1a	5	Resolved	O1b1a1a1b1a	11	Resolved
HG04134	Bengali Bangladesh	O2a2b1a1a1a4a	O2a2b	5	Resolved	O2a2b1a1a1a4a*	13	Unresolved
HG03830	Bengali Bangladesh	O2a2b1a1a1a4a2a2	O2a2b	5	Resolved	O2a2b1a1a1a4a2a2	16	Resolved
HG03798	Bengali Bangladesh	Q1b2a1a1	Q1b2a	5	Resolved	Q1b2	4	Resolved
HG03797	Bengali Bangladesh	Q1b2a1a1	Q1b2a	5	Resolved	Q1b2	4	Resolved
HG03914	Bengali Bangladesh	Q2b3a	Q2b3a	5	Resolved	Q2	2	Resolved
HG03911	Bengali Bangladesh	R1a1a1b2a1a1	R1a1a	5	Resolved	R1a1a1b2	8	Resolved
HG03833	Bengali Bangladesh	R1a1a1b2a1a1a1	R1a1a	5	Resolved	R1a1a1b2	8	Resolved
HG03803	Bengali Bangladesh	R1a1a1b2a1a1a1	R1a1a	5	Resolved	R1a1a1b2	8	Resolved
HG03603	Bengali Bangladesh	R1a1a1b2a1a1a1b	R1a1a	5	Resolved	R1a1a1b2	8	Resolved
HG03585	Bengali Bangladesh	R1a1a1b2a1a1a1f	R1a1a	5	Resolved	R1a1a1b2	8	Resolved
HG03606	Bengali Bangladesh	R1a1a1b2a1a2c1	R1a1a	5	Resolved	R1a1a1b2	8	Resolved
HG03902	Bengali Bangladesh	R1a1a1b2a1a2c1d2	R1a1a	5	Resolved	R1a1a1b2	8	Resolved
HG04131	Bengali Bangladesh	R1a1a1b2a2a1b1	R1a1a	5	Resolved	R1a1a1b2	8	Resolved
HG04194	Bengali Bangladesh	R1a1a1b2a3	R1a1a	5	Resolved	R1a1a1b2	8	Resolved
HG03926	Bengali Bangladesh	R1a1a1b2a3b	R1a1a	5	Resolved	R1a1a1b2	8	Resolved
HG03795	Bengali Bangladesh	R2a2b1b1	R2a2b	5	Resolved	R2a	3	Resolved
HG03794	Bengali Bangladesh	R2a2b1b1	R2a2b	5	Resolved	R2a	3	Resolved
HG04152	Bengali Bangladesh	R2a2b1b2b2a1b	R2a2b	5	Resolved	R2a	3	Resolved
HG04182	Bengali Bangladesh	R2a2b1b2b3b2a	R2a2b	5	Resolved	R2a	3	Resolved
HG04160	Bengali Bangladesh	R2a2b1b2c	R2a2b	5	Resolved	R2a	3	Resolved
HG04158	Bengali Bangladesh	R2a2b1b2c	R2a2b	5	Resolved	R2a	3	Resolved
HG01890	African Caribbean Barbados	A0b	A0b*	5	Unresolved	A	1	Resolved
HG02449	African Caribbean Barbados	E1a2a1b1a	E1a2a	5	Resolved	E1a	3	Resolved
HG01882	African Caribbean Barbados	E1a2a1b1a	E1a2a	5	Resolved	E1a	3	Resolved
HG01888	African Caribbean Barbados	E1a2a1b1a	E1a2a	5	Resolved	E1a	3	Resolved
HG02496	African Caribbean Barbados	E1b1a1a1a1a1a	E1b1a	5	Resolved	E1b1a1a1a1a	11	Resolved
HG02107	African Caribbean Barbados	E1b1a1a1a1a1b	E1b1a	5	Resolved	E1b1a1a1a1a	11	Resolved
HG02323	African Caribbean Barbados	E1b1a1a1a1c1a1a3b2	E1b1a	5	Resolved	E1b1a1a1a1c1a	13	Resolved
HG02442	African Caribbean Barbados	E1b1a1a1a1c1a1a3c1b2b	E1b1a	5	Resolved	E1b1a1a1a1c1a	13	Resolved
HG02484	African Caribbean Barbados	E1b1a1a1a1c1a1a3c2b1c	E1b1a	5	Resolved	E1b1a1a1a1c1a	13	Resolved
HG01987	African Caribbean Barbados	E1b1a1a1a1c1a1a3c2b3	E1b1a	5	Resolved	E1b1a1a1a1c1a	13	Resolved
HG01990	African Caribbean Barbados	E1b1a1a1a1c1a1a3c2b3	E1b1a	5	Resolved	E1b1a1a1a1c1a	13	Resolved
HG02255	African Caribbean Barbados	E1b1a1a1a1c1a1a3c2b4	E1b1a	5	Resolved	E1b1a1a1a1c1a	13	Resolved
HG02307	African Caribbean Barbados	E1b1a1a1a1c1a1a3d4c	E1b1a	5	Resolved	E1b1a1a1a1c1a	13	Resolved
HG02284	African Caribbean Barbados	E1b1a1a1a1c1a1a3d5c	E1b1a	5	Resolved	E1b1a1a1a1c1a	13	Resolved
HG01986	African Caribbean Barbados	E1b1a1a1a1c1a1a3d5d	E1b1a	5	Resolved	E1b1a1a1a1c1a	13	Resolved
HG02489	African Caribbean Barbados	E1b1a1a1a1c1a1a3h	E1b1a	5	Resolved	E1b1a1a1a1c1a	13	Resolved
HG02481	African Caribbean Barbados	E1b1a1a1a1c1a1a3m2	E1b1a	5	Resolved	E1b1a1a1a1c1a	13	Resolved
HG02283	African Caribbean Barbados	E1b1a1a1a1c1a1a4b	E1b1a	5	Resolved	E1b1a1a1a1c1a	13	Resolved
HG02013	African Caribbean Barbados	E1b1a1a1a1c1a1b2	E1b1a	5	Resolved	E1b1a1a1a1c1a	13	Resolved
HG01897	African Caribbean Barbados	E1b1a1a1a1c1a1b2	E1b1a	5	Resolved	E1b1a1a1a1c1a	13	Resolved
HG02429	African Caribbean Barbados	E1b1a1a1a1c1b2a1b	E1b1a	5	Resolved	E1b1a1a1a1c1b	13	Resolved
HG02334	African Caribbean Barbados	E1b1a1a1a1c1b2a2	E1b1a	5	Resolved	E1b1a1a1a1c1b	13	Resolved
HG02009	African Caribbean Barbados	E1b1a1a1a1c1b2a2	E1b1a	5	Resolved	E1b1a1a1a1c1b	13	Resolved
HG02011	African Caribbean Barbados	E1b1a1a1a1c1b2a2	E1b1a	5	Resolved	E1b1a1a1a1c1b	13	Resolved
HG02145	African Caribbean Barbados	E1b1a1a1a2a1a2a	E1b1a	5	Resolved	E1b1a1a1a2	10	Resolved
HG02143	African Caribbean Barbados	E1b1a1a1a2a1a2a2	E1b1a	5	Resolved	E1b1a1a1a2	10	Resolved
HG02314	African Caribbean Barbados	E1b1a1a1a2a1a2a3	E1b1a	5	Resolved	E1b1a1a1a2	10	Resolved
HG02258	African Caribbean Barbados	E1b1a1a1a2a1a2a3	E1b1a	5	Resolved	E1b1a1a1a2	10	Resolved
HG02439	African Caribbean Barbados	E1b1a1a1a2a1a2b	E1b1a	5	Resolved	E1b1a1a1a2	10	Resolved
HG01885	African Caribbean Barbados	E1b1a1a1a2a1a3a1c	E1b1a	5	Resolved	E1b1a1a1a2	10	Resolved
HG02332	African Caribbean Barbados	E1b1a1a1a2a1a3b1a12a1	E1b1a	5	Resolved	E1b1a1a1a2	10	Resolved
HG01912	African Caribbean Barbados	E1b1a1a1a2a1a3b1a12a2	E1b1a	5	Resolved	E1b1a1a1a2	10	Resolved
HG01895	African Caribbean Barbados	E1b1a1a1a2a1a3b1a12a2	E1b1a	5	Resolved	E1b1a1a1a2	10	Resolved
HG02053	African Caribbean Barbados	E1b1a1a1a2a1a3b1a12b	E1b1a	5	Resolved	E1b1a1a1a2	10	Resolved
HG02055	African Caribbean Barbados	E1b1a1a1a2a1a3b1a12b	E1b1a	5	Resolved	E1b1a1a1a2	10	Resolved
HG02557	African Caribbean Barbados	E1b1a1a1a2a1a3b1a2b	E1b1a	5	Resolved	E1b1a1a1a2	10	Resolved
HG01914	African Caribbean Barbados	E1b1a1a1a2a1a3b1a8b	E1b1a	5	Resolved	E1b1a1a1a2	10	Resolved
HG02554	African Caribbean Barbados	E1b1a1a1a2a1a3b1d	E1b1a	5	Resolved	E1b1a1a1a2	10	Resolved
HG02541	African Caribbean Barbados	E1b1a1a1a2a1a3b1d1c2	E1b1a	5	Resolved	E1b1a1a1a2	10	Resolved
HG02455	African Caribbean Barbados	E1b1a1a1a2a1a3b2	E1b1a	5	Resolved	E1b1a1a1a2	10	Resolved
HG02330	African Caribbean Barbados	E1b1b1a1a1c1a1	E1b1b	5	Resolved	E1b1b	5	Resolved
HG02316	African Caribbean Barbados	E1b1b1b1b2	E1b1b	5	Resolved	E1b1b	5	Resolved
HG02317	African Caribbean Barbados	E1b1b1b1b2	E1b1b	5	Resolved	E1b1b	5	Resolved
HG02445	African Caribbean Barbados	I1a2a1a1a1a2a1a1	I1a2a	5	Resolved	I	1	Resolved
HG02420	African Caribbean Barbados	I1a2a1a1a1a2b1	I1a2a	5	Resolved	I	1	Resolved
HG02433	African Caribbean Barbados	I1a2a1a1a2a2a1	I1a2a	5	Resolved	I	1	Resolved
HG02536	African Caribbean Barbados	I2a1b1a1a1a1a1	I2a1b	5	Resolved	I	1	Resolved
HG02470	African Caribbean Barbados	I2a1b1a1b1a1a	I2a1b	5	Resolved	I	1	Resolved
HG01988	African Caribbean Barbados	I2a1b2a2c2a1	I2a1b	5	Resolved	I	1	Resolved
HG01879	African Caribbean Barbados	R1b1a1b1a1a	R1b1a	5	Resolved	R1b1a1b1a	9	Resolved
HG02545	African Caribbean Barbados	R1b1a1b1a1a1c2b1b3b	R1b1a	5	Resolved	R1b1a1b1a	9	Resolved
HG02281	African Caribbean Barbados	R1b1a1b1a1a1c2b2a1b1a4b2a2	R1b1a	5	Resolved	R1b1a1b1a	9	Resolved
HG02343	African Caribbean Barbados	R1b1a1b1a1a1c2b2b1a1a1e3	R1b1a	5	Resolved	R1b1a1b1a	9	Resolved
HG02051	African Caribbean Barbados	R1b1a1b1a1a2c1	R1b1a	5	Resolved	R1b1a1b1a	9	Resolved
HG02501	African Caribbean Barbados	R1b1a1b1a1a2c1a1a1a1a	R1b1a	5	Resolved	R1b1a1b1a	9	Resolved
HG02014	African Caribbean Barbados	R1b1a1b1a1a2c1b2a1a1a	R1b1a	5	Resolved	R1b1a1b1a	9	Resolved
HG01887	African Caribbean Barbados	R1b1a1b1a1a2c1b2a1a1a	R1b1a	5	Resolved	R1b1a1b1a	9	Resolved
NA18749	Han Beijing	C2b1a1a1b	C2b1a	5	Resolved	C2b1a1a	7	Resolved
NA18620	Han Beijing	C2b1a2a1a1	C2b1a	5	Resolved	C2b1a2	6	Resolved
NA18612	Han Beijing	C2b1a2b2a	C2b1a	5	Resolved	C2b1a2	6	Resolved
023-0000-2557	Han Beijing	F	F*	5	Unresolved	F*	1	Unresolved
NA18549	Han Beijing	G2a2b2a1a1c1b	G2a2b	5	Resolved	G	1	Resolved
NA18613	Han Beijing	N1a2a1a1	N1a2a	5	Resolved	N1a2	4	Resolved
NA18747	Han Beijing	N1b1a1a	N1b1a	5	Resolved	N1b1a	5	Resolved
NA18558	Han Beijing	N1b1a1b	N1b1a	5	Resolved	N1b1a	5	Resolved
NA18608	Han Beijing	N1b1a2a	N1b1a	5	Resolved	N1b1a	5	Resolved
NA18748	Han Beijing	N1b1b1	N1b1b	5	Resolved	N1b1b	5	Resolved
GSRD008417A00_BB1_01	Han Beijing	N1b2	N1b2*	5	Unresolved	N1b2*	4	Unresolved
GSRD008417A01_BB1_01	Han Beijing	N1b2	N1b2*	5	Unresolved	N1b2*	4	Unresolved
NA18639	Han Beijing	N1b2a1a	N1b2a	5	Resolved	N1b2a	5	Resolved
NA18536	Han Beijing	O1a1a1a1a1a1a	O1a1a	5	Resolved	O1a	3	Resolved
NA18606	Han Beijing	O1a1a1a1a1a2a2	O1a1a	5	Resolved	O1a	3	Resolved
NA18740	Han Beijing	O1a1a2a1a1a	O1a1a	5	Resolved	O1a	3	Resolved
NA18632	Han Beijing	O1a1a2a1b1a	O1a1a	5	Resolved	O1a	3	Resolved
NA18647	Han Beijing	O1a1b	O1a1b	5	Resolved	O1a	3	Resolved
NA18636	Han Beijing	O1b1a1a1a1b1b1	O1b1a	5	Resolved	O1b1a1a1a1b1	12	Resolved
NA18638	Han Beijing	O1b1a1b1a1a1	O1b1a	5	Resolved	O1b1a1b	7	Resolved
NA18603	Han Beijing	O1b1a2a1	O1b1a	5	Resolved	O1b1a2	6	Resolved
NA18637	Han Beijing	O1b1a2a1a	O1b1a	5	Resolved	O1b1a2	6	Resolved
NA18534	Han Beijing	O1b1a2b1a	O1b1a	5	Resolved	O1b1a2	6	Resolved
NA18561	Han Beijing	O1b2a1a2a1b1	O1b2a	5	Resolved	O1b2	4	Resolved
NA18563	Han Beijing	O1b2a1b	O1b2a	5	Resolved	O1b2	4	Resolved
NA18745	Han Beijing	O2a1a1a1b1a	O2a1a	5	Resolved	O2a1a	5	Resolved
NA18605	Han Beijing	O2a1a1b1a1b	O2a1a	5	Resolved	O2a1a	5	Resolved
NA18629	Han Beijing	O2a1b1a1a1a1a1b1a1	O2a1b	5	Resolved	O2a1b	5	Resolved
NA18611	Han Beijing	O2a1b1a1a1a1a1b2	O2a1b	5	Resolved	O2a1b	5	Resolved
NA18633	Han Beijing	O2a1b1a1a1a1a3	O2a1b	5	Resolved	O2a1b	5	Resolved
NA18559	Han Beijing	O2a1b1a1a1a1d1	O2a1b	5	Resolved	O2a1b	5	Resolved
NA18544	Han Beijing	O2a1b2	O2a1b	5	Resolved	O2a1b	5	Resolved
111-1838-5736	Han Beijing	O2a2a1a2a1a1a2a1b	O2a2a	5	Resolved	O2a2a1a2a1a1a2a1	16	Resolved
111-1817-3968	Han Beijing	O2a2a1a2a1b	O2a2a	5	Resolved	O2a2a1a2a1b	11	Resolved
NA18621	Han Beijing	O2a2a2a1	O2a2a	5	Resolved	O2a2a2	6	Resolved
NA18624	Han Beijing	O2a2b1a1a1	O2a2b	5	Resolved	O2a2b1a1a1*	10	Unresolved
NA18557	Han Beijing	O2a2b1a1a1a1a1a1a1a5	O2a2b	5	Resolved	O2a2b1a1a1a1	12	Resolved
NA18622	Han Beijing	O2a2b1a1a1a1a1b1	O2a2b	5	Resolved	O2a2b1a1a1a1	12	Resolved
NA18757	Han Beijing	O2a2b1a1a1a1a1c1	O2a2b	5	Resolved	O2a2b1a1a1a1	12	Resolved
NA18530	Han Beijing	O2a2b1a1a1a4a	O2a2b	5	Resolved	O2a2b1a1a1a4a*	13	Unresolved
NA18623	Han Beijing	O2a2b1a1a1b2	O2a2b	5	Resolved	O2a2b1a1a1b	11	Resolved
NA18548	Han Beijing	O2a2b1a1b	O2a2b	5	Resolved	O2a2b1a1b	9	Resolved
NA18635	Han Beijing	O2a2b1a2a1	O2a2b	5	Resolved	O2a2b1a2	8	Resolved
NA18562	Han Beijing	O2a2b1a2a1a1a1	O2a2b	5	Resolved	O2a2b1a2	8	Resolved
NA18609	Han Beijing	O2a2b1a2a1a1a1	O2a2b	5	Resolved	O2a2b1a2	8	Resolved
NA18572	Han Beijing	O2a2b1a2a1a1a2a1	O2a2b	5	Resolved	O2a2b1a2	8	Resolved
NA18546	Han Beijing	O2a2b1a2a1a1a2a1a1a	O2a2b	5	Resolved	O2a2b1a2	8	Resolved
NA18643	Han Beijing	O2a2b1a2a1a1b	O2a2b	5	Resolved	O2a2b1a2	8	Resolved
NA18543	Han Beijing	O2a2b1a2a1a1b1b2a	O2a2b	5	Resolved	O2a2b1a2	8	Resolved
NA18648	Han Beijing	O2a2b1a2a1a1b1b2b2	O2a2b	5	Resolved	O2a2b1a2	8	Resolved
NA18645	Han Beijing	R1b1a1b1b	R1b1a	5	Resolved	R1b1a1b1b	9	Resolved
111-1669-3598	Man Beijing	C2a1a1b1a	C2a1a	5	Resolved	C2a	3	Resolved
111-1703-6622	Man Beijing	C2a1a3	C2a1a	5	Resolved	C2a	3	Resolved
111-1774-8488	Man Beijing	C2a1a3a	C2a1a	5	Resolved	C2a	3	Resolved
111-1757-2281	Man Beijing	C2a1a3a1	C2a1a	5	Resolved	C2a	3	Resolved
111-1695-2787	Man Beijing	C2a1a3a1	C2a1a	5	Resolved	C2a	3	Resolved
111-1777-6924	Man Beijing	C2a1a3a2a	C2a1a	5	Resolved	C2a	3	Resolved
111-1370-5461	Man Beijing	C2a1a3a2a1	C2a1a	5	Resolved	C2a	3	Resolved
111-1797-8557	Man Beijing	C2b1a1a1	C2b1a	5	Resolved	C2b1a1a	7	Resolved
111-1846-6800	Man Beijing	C2b1a2a1a2	C2b1a	5	Resolved	C2b1a2	6	Resolved
111-1827-3538	Man Beijing	C2b1a2a2b2	C2b1a	5	Resolved	C2b1a2	6	Resolved
111-1657-0134	Man Beijing	N1a2a1a2	N1a2a	5	Resolved	N1a2	4	Resolved
111-1832-0553	Man Beijing	N1b2	N1b2*	5	Unresolved	N1b2*	4	Unresolved
111-1694-8544	Man Beijing	O1a1a1a1a1a1a1a	O1a1a	5	Resolved	O1a	3	Resolved
111-1253-2495	Man Beijing	O1a1a1a1a1a2a1a	O1a1a	5	Resolved	O1a	3	Resolved
111-1179-7130	Man Beijing	O1a1a2a2	O1a1a	5	Resolved	O1a	3	Resolved
111-1822-6084	Man Beijing	O1a1a2b2	O1a1a	5	Resolved	O1a	3	Resolved
111-1845-8461	Man Beijing	O1a1a2b2	O1a1a	5	Resolved	O1a	3	Resolved
111-1832-9549	Man Beijing	O1b1a1a1a1a1b1a1	O1b1a	5	Resolved	O1b1a1a1a1a1b	13	Resolved
111-1706-3420	Man Beijing	O1b1a2a1	O1b1a	5	Resolved	O1b1a2	6	Resolved
111-1786-1859	Man Beijing	O1b1a2a1	O1b1a	5	Resolved	O1b1a2	6	Resolved
111-1700-0807	Man Beijing	O2a1b1a1a1a1	O2a1b	5	Resolved	O2a1b	5	Resolved
111-1443-4476	Man Beijing	O2a1b1a1a1a1	O2a1b	5	Resolved	O2a1b	5	Resolved
111-1843-9071	Man Beijing	O2a1b1a1a1a1g	O2a1b	5	Resolved	O2a1b	5	Resolved
111-1328-4218	Man Beijing	O2a1b1a2a1a	O2a1b	5	Resolved	O2a1b	5	Resolved
Y5655	Man Beijing	O2a1b1a2a1a3a1b1a	O2a1b	5	Resolved	O2a1b	5	Resolved
111-1724-5727	Man Beijing	O2a2b1a1a1a1a1a1a1	O2a2b	5	Resolved	O2a2b1a1a1a1	12	Resolved
111-1822-8606	Man Beijing	O2a2b1a1a1a1a1a1a1a	O2a2b	5	Resolved	O2a2b1a1a1a1	12	Resolved
111-1660-3528	Man Beijing	O2a2b1a1a1a3a1a2	O2a2b	5	Resolved	O2a2b1a1a1a3	12	Resolved
111-1201-8135	Man Beijing	O2a2b1a1a1b1a1	O2a2b	5	Resolved	O2a2b1a1a1b	11	Resolved
111-1665-9990	Man Beijing	O2a2b1a1a1b2	O2a2b	5	Resolved	O2a2b1a1a1b	11	Resolved
111-1524-3558	Man Beijing	O2a2b1a1a1c1a1	O2a2b	5	Resolved	O2a2b1a1a1c	11	Resolved
111-1325-7168	Man Beijing	O2a2b1a1a1c1a1a1	O2a2b	5	Resolved	O2a2b1a1a1c	11	Resolved
111-1769-4167	Man Beijing	O2a2b1a1a1c1b1	O2a2b	5	Resolved	O2a2b1a1a1c	11	Resolved
111-1308-9530	Man Beijing	O2a2b1a2a1a1a2a1	O2a2b	5	Resolved	O2a2b1a2	8	Resolved
111-1279-6804	Man Beijing	O2a2b1a2a1a1b1b2b1	O2a2b	5	Resolved	O2a2b1a2	8	Resolved
111-1734-5199	Man Beijing	O2a2b2a1a2	O2a2b	5	Resolved	O2a2b2a1	8	Resolved
111-1314-9289	Man Beijing	O2a2b2a1b1	O2a2b	5	Resolved	O2a2b2a1	8	Resolved
111-1832-0812	Man Beijing	O2a2b2a2b1	O2a2b	5	Resolved	O2a2b2a2	8	Resolved
NA19727	Mexican Ancestry California	E1b1a1a1a1c2c1a1	E1b1a	5	Resolved	E1b1a1a1a1c2	12	Resolved
NA19726	Mexican Ancestry California	E1b1a1a1a1c2c1a1	E1b1a	5	Resolved	E1b1a1a1a1c2	12	Resolved
NA19780	Mexican Ancestry California	E1b1b1a1b2a3a	E1b1b	5	Resolved	E1b1b	5	Resolved
NA19759	Mexican Ancestry California	E1b1b1b1a1	E1b1b	5	Resolved	E1b1b	5	Resolved
NA19792	Mexican Ancestry California	E1b1b1b1a1b1	E1b1b	5	Resolved	E1b1b	5	Resolved
NA19676	Mexican Ancestry California	E1b1b1b1a1b2	E1b1b	5	Resolved	E1b1b	5	Resolved
NA19747	Mexican Ancestry California	G2a2b2a1a1a1a1a2a1b	G2a2b	5	Resolved	G	1	Resolved
NA19670	Mexican Ancestry California	G2a2b2a1a1b1a1a2a1b1a1b	G2a2b	5	Resolved	G	1	Resolved
NA19723	Mexican Ancestry California	I1a1b1a2a1	I1a1b	5	Resolved	I	1	Resolved
NA19724	Mexican Ancestry California	I1a1b1a2a1	I1a1b	5	Resolved	I	1	Resolved
NA19682	Mexican Ancestry California	Q1b1a1a1e1a1a	Q1b1a	5	Resolved	Q1b1	4	Resolved
NA19787	Mexican Ancestry California	Q1b1a1a1e1a1b	Q1b1a	5	Resolved	Q1b1	4	Resolved
NA19786	Mexican Ancestry California	Q1b1a1a1e1a1b	Q1b1a	5	Resolved	Q1b1	4	Resolved
NA19732	Mexican Ancestry California	Q1b1a1a1e1a2	Q1b1a	5	Resolved	Q1b1	4	Resolved
NA19783	Mexican Ancestry California	Q1b1a1a1e1b1a	Q1b1a	5	Resolved	Q1b1	4	Resolved
NA19784	Mexican Ancestry California	Q1b1a1a1e1b1a	Q1b1a	5	Resolved	Q1b1	4	Resolved
NA19735	Mexican Ancestry California	Q1b1a1a1e1c1	Q1b1a	5	Resolved	Q1b1	4	Resolved
NA19729	Mexican Ancestry California	Q1b1a1a1m1	Q1b1a	5	Resolved	Q1b1	4	Resolved
NA19774	Mexican Ancestry California	Q1b1a1a1m2a	Q1b1a	5	Resolved	Q1b1	4	Resolved
NA19664	Mexican Ancestry California	Q1b1a1a1n1	Q1b1a	5	Resolved	Q1b1	4	Resolved
NA19795	Mexican Ancestry California	Q1b1a2a1b1	Q1b1a	5	Resolved	Q1b1	4	Resolved
NA19796	Mexican Ancestry California	Q1b1a2a1b1	Q1b1a	5	Resolved	Q1b1	4	Resolved
NA19771	Mexican Ancestry California	Q1b1a2a1b2	Q1b1a	5	Resolved	Q1b1	4	Resolved
NA19772	Mexican Ancestry California	Q1b1a2a1b2	Q1b1a	5	Resolved	Q1b1	4	Resolved
NA19762	Mexican Ancestry California	R1b1a1b1a1a	R1b1a	5	Resolved	R1b1a1b1a	9	Resolved
NA19750	Mexican Ancestry California	R1b1a1b1a1a2a1a1a1	R1b1a	5	Resolved	R1b1a1b1a	9	Resolved
NA19751	Mexican Ancestry California	R1b1a1b1a1a2a1a1a1	R1b1a	5	Resolved	R1b1a1b1a	9	Resolved
NA19741	Mexican Ancestry California	R1b1a1b1a1a2a1b1a1	R1b1a	5	Resolved	R1b1a1b1a	9	Resolved
NA19777	Mexican Ancestry California	R1b1a1b1a1a2a1b1a1a	R1b1a	5	Resolved	R1b1a1b1a	9	Resolved
NA19778	Mexican Ancestry California	R1b1a1b1a1a2a1b1a1a	R1b1a	5	Resolved	R1b1a1b1a	9	Resolved
NA19757	Mexican Ancestry California	R1b1a1b1a1a2a1b3	R1b1a	5	Resolved	R1b1a1b1a	9	Resolved
NA19756	Mexican Ancestry California	R1b1a1b1a1a2a1b3	R1b1a	5	Resolved	R1b1a1b1a	9	Resolved
NA19679	Mexican Ancestry California	R1b1a1b1a1a2b	R1b1a	5	Resolved	R1b1a1b1a	9	Resolved
NA19720	Mexican Ancestry California	R1b1a1b1a1a2b	R1b1a	5	Resolved	R1b1a1b1a	9	Resolved
NA19685	Mexican Ancestry California	R1b1a1b1a1a2b	R1b1a	5	Resolved	R1b1a1b1a	9	Resolved
NA19661	Mexican Ancestry California	R1b1a1b1a1a2b	R1b1a	5	Resolved	R1b1a1b1a	9	Resolved
NA19650	Mexican Ancestry California	R1b1a1b1a1a2b1a1	R1b1a	5	Resolved	R1b1a1b1a	9	Resolved
NA19649	Mexican Ancestry California	R1b1a1b1a1a2b1a1	R1b1a	5	Resolved	R1b1a1b1a	9	Resolved
NA19652	Mexican Ancestry California	R1b1a1b1a1a2b4	R1b1a	5	Resolved	R1b1a1b1a	9	Resolved
NA19789	Mexican Ancestry California	R1b1a1b1a1a2c1	R1b1a	5	Resolved	R1b1a1b1a	9	Resolved
NA19717	Mexican Ancestry California	R1b1a1b1a1a2c1	R1b1a	5	Resolved	R1b1a1b1a	9	Resolved
NA19658	Mexican Ancestry California	R1b1a1b1a1a2c1a1l	R1b1a	5	Resolved	R1b1a1b1a	9	Resolved
NA19655	Mexican Ancestry California	T1a1a1b2b2b1a1a2	T1a1a	5	Resolved	T	1	Resolved
HGDP01092	Biaka Central African Republic	B2a1a1a1a2	B2a1a	5	Resolved	B	1	Resolved
HGDP00453	Biaka Central African Republic	B2b1	B2b1*	5	Unresolved	B	1	Resolved
HGDP00479	Biaka Central African Republic	B2b1	B2b1*	5	Unresolved	B	1	Resolved
HGDP00452	Biaka Central African Republic	B2b1a1c1	B2b1a	5	Resolved	B	1	Resolved
HGDP01090	Biaka Central African Republic	B2b1a1c1	B2b1a	5	Resolved	B	1	Resolved
HGDP01087	Biaka Central African Republic	B2b1a1c1	B2b1a	5	Resolved	B	1	Resolved
HGDP00475	Biaka Central African Republic	B2b1a1c1	B2b1a	5	Resolved	B	1	Resolved
HGDP00459	Biaka Central African Republic	E1b1a1a1a1c1a1a3a1a1	E1b1a	5	Resolved	E1b1a1a1a1c1a	13	Resolved
HGDP00470	Biaka Central African Republic	E1b1a1a1a1c1a1a3a1d	E1b1a	5	Resolved	E1b1a1a1a1c1a	13	Resolved
HGDP00458	Biaka Central African Republic	E1b1a1a1a1c1a1a3a1d	E1b1a	5	Resolved	E1b1a1a1a1c1a	13	Resolved
HGDP00464	Biaka Central African Republic	E1b1a1a1a1c1a1a3a1d	E1b1a	5	Resolved	E1b1a1a1a1c1a	13	Resolved
HGDP00981	Biaka Central African Republic	E1b1a1a1a1c1a1a3a1d	E1b1a	5	Resolved	E1b1a1a1a1c1a	13	Resolved
HGDP01086	Biaka Central African Republic	E1b1a1a1a1c1a1a3a1d	E1b1a	5	Resolved	E1b1a1a1a1c1a	13	Resolved
HGDP00472	Biaka Central African Republic	E1b1a1a1a1c1a1a3a1d	E1b1a	5	Resolved	E1b1a1a1a1c1a	13	Resolved
HGDP00454	Biaka Central African Republic	E1b1a1a1a1c1a1a3a1d	E1b1a	5	Resolved	E1b1a1a1a1c1a	13	Resolved
HGDP00465	Biaka Central African Republic	E1b1a1a1a1c1a1a3a1g	E1b1a	5	Resolved	E1b1a1a1a1c1a	13	Resolved
HGDP00466	Biaka Central African Republic	E1b1a1a1a1c1a1a3a1g	E1b1a	5	Resolved	E1b1a1a1a1c1a	13	Resolved
HGDP00460	Biaka Central African Republic	E1b1a1a1a1c1a1a3a1g	E1b1a	5	Resolved	E1b1a1a1a1c1a	13	Resolved
HGDP00473	Biaka Central African Republic	E1b1a1a1a2a1a3b	E1b1a	5	Resolved	E1b1a1a1a2	10	Resolved
HGDP00985	Biaka Central African Republic	E1b1a1a1a2a1a3b1a19a	E1b1a	5	Resolved	E1b1a1a1a2	10	Resolved
HGDP00469	Biaka Central African Republic	E1b1a1a1a2a1a3b1a19a	E1b1a	5	Resolved	E1b1a1a1a2	10	Resolved
HGDP00455	Biaka Central African Republic	E1b1a1a1a2a1a3b1a19a	E1b1a	5	Resolved	E1b1a1a1a2	10	Resolved
HGDP00986	Biaka Central African Republic	E1b1a1a1a2a1a3b1d	E1b1a	5	Resolved	E1b1a1a1a2	10	Resolved
HGDP01094	Biaka Central African Republic	E1b1a1a1a2a1a3b1d1c1a	E1b1a	5	Resolved	E1b1a1a1a2	10	Resolved
023-0000-2467	Han Chongqing	F2	F2*	5	Unresolved	F2	2	Resolved
023-0000-2536	Han Chongqing	F2	F2*	5	Unresolved	F2	2	Resolved
023-0000-2560	Han Chongqing	F2	F2*	5	Unresolved	F2	2	Resolved
111-1796-0132	Han Chongqing	F2	F2*	5	Unresolved	F2	2	Resolved
GSRD003571A00_BB0_01	Han Chongqing	N1a1a1a1a4a	N1a1a	5	Resolved	N1a1a1	6	Resolved
ChongQ-426_BB0_00	Han Chongqing	N1a2a1	N1a2a	5	Resolved	N1a2	4	Resolved
ChongQ-256_BB0_00	Han Chongqing	N1a2a1a2	N1a2a	5	Resolved	N1a2	4	Resolved
ChongQ-072_BB0_00	Han Chongqing	N1a3	N1a3*	5	Unresolved	N1a3	4	Resolved
GSRD003575A00_BB0_01	Han Chongqing	N1b1a2b	N1b1a	5	Resolved	N1b1a	5	Resolved
GSRD003575A01_BB0_01	Han Chongqing	N1b1a2b	N1b1a	5	Resolved	N1b1a	5	Resolved
GSRD009324A00_BB0_01	Han Chongqing	N1b2	N1b2*	5	Unresolved	N1b2*	4	Unresolved
YSW-0324_BB0_00	Han Chongqing	N1b2	N1b2*	5	Unresolved	N1b2*	4	Unresolved
YSW00797A00_BB0_00	Han Chongqing	N1b2	N1b2*	5	Unresolved	N1b2*	4	Unresolved
YSW-0222_BB0_00	Han Chongqing	N1b2	N1b2*	5	Unresolved	N1b2*	4	Unresolved
YSW00518A00_BB0_00	Han Chongqing	N1b2	N1b2*	5	Unresolved	N1b2*	4	Unresolved
YSW-0157-1_BB0_00-jiace2	Han Chongqing	N1b2	N1b2*	5	Unresolved	N1b2*	4	Unresolved
YSW00780A00_BB0_00	Han Chongqing	N1b2	N1b2*	5	Unresolved	N1b2*	4	Unresolved
YSW00768A00_BB0_00	Han Chongqing	N1b2	N1b2*	5	Unresolved	N1b2*	4	Unresolved
YSW-0128_BB0_00	Han Chongqing	N1b2	N1b2*	5	Unresolved	N1b2*	4	Unresolved
YSW00418A00_BB0_00	Han Chongqing	N1b2	N1b2*	5	Unresolved	N1b2*	4	Unresolved
ChongQ-373_BB0_00	Han Chongqing	N1b2a	N1b2a	5	Resolved	N1b2a	5	Resolved
111-1839-0358	Han Chongqing	O2a2a1a2a1a1a1a	O2a2a	5	Resolved	O2a2a1a2a1a1a1	14	Resolved
111-1826-3287	Han Chongqing	O2a2a1a2a1a1a2a1a1a	O2a2a	5	Resolved	O2a2a1a2a1a1a2a1	16	Resolved
111-1848-9557	Han Chongqing	O2a2a1a2a1a1a2a1a1a1a	O2a2a	5	Resolved	O2a2a1a2a1a1a2a1	16	Resolved
111-1810-1664	Han Chongqing	O2a2a1a2a1b	O2a2a	5	Resolved	O2a2a1a2a1b	11	Resolved
GSRD003563A00_BB0_01	Tujia Chongqing	C2a1a2a2b	C2a1a	5	Resolved	C2a	3	Resolved
GSRD003260A00_BB0_02	Tujia Chongqing	C2b1a2a2	C2b1a	5	Resolved	C2b1a2	6	Resolved
HGDP01104	Tujia Chongqing	C2b1b1b2	C2b1b	5	Resolved	C2b1b	5	Resolved
YSW00450A00_BB1_01	Tujia Chongqing	C2b1b1b2	C2b1b	5	Resolved	C2b1b	5	Resolved
YSW00610A00_BB0_00	Tujia Chongqing	C2b1b1b2	C2b1b	5	Resolved	C2b1b	5	Resolved
ChongQ-452_BB1_02	Tujia Chongqing	C2b1b1b2	C2b1b	5	Resolved	C2b1b	5	Resolved
111-1696-9334	Tujia Chongqing	C2b1b1b2	C2b1b	5	Resolved	C2b1b	5	Resolved
Y5659	Tujia Chongqing	C2b1b1b2	C2b1b	5	Resolved	C2b1b	5	Resolved
111-1306-5893	Tujia Chongqing	C2b1b1b2	C2b1b	5	Resolved	C2b1b	5	Resolved
QPKZ18134-18505E-T125V1-AD-20180514cap107-18R05973	Tujia Chongqing	C2b1b1b2	C2b1b	5	Resolved	C2b1b	5	Resolved
111-1295-1838	Tujia Chongqing	C2b1b1b2	C2b1b	5	Resolved	C2b1b	5	Resolved
111-1825-1253	Tujia Chongqing	C2b1b1b2	C2b1b	5	Resolved	C2b1b	5	Resolved
111-1300-0917	Tujia Chongqing	C2b1b1b2a1	C2b1b	5	Resolved	C2b1b	5	Resolved
111-1219-3009	Tujia Chongqing	C2b1b1b2a1	C2b1b	5	Resolved	C2b1b	5	Resolved
111-1728-6980	Tujia Chongqing	C2b1b1b2a1	C2b1b	5	Resolved	C2b1b	5	Resolved
YSW00402A00_BB1_01	Tujia Chongqing	D1a1a1a1a1b1	D1a1a	5	Resolved	D1a1a1a1a1b1	12	Resolved
111-1726-8788	Tujia Chongqing	D1a1a1a1a1b1	D1a1a	5	Resolved	D1a1a1a1a1b1	12	Resolved
111-1795-8535	Tujia Chongqing	D1a1a1a1a1b2	D1a1a	5	Resolved	D1a1a1a1a1b2	12	Resolved
GSRD010797A00_BB0_01	Tujia Chongqing	N1a2a	N1a2a	5	Resolved	N1a2	4	Resolved
GSRD010797A01_BB0_01	Tujia Chongqing	N1a2a	N1a2a	5	Resolved	N1a2	4	Resolved
HGDP01101	Tujia Chongqing	N1b2	N1b2*	5	Unresolved	N1b2*	4	Unresolved
990-0001-0690	Tujia Chongqing	N1b2	N1b2*	5	Unresolved	N1b2*	4	Unresolved
111-1537-9479	Tujia Chongqing	N1b2	N1b2*	5	Unresolved	N1b2*	4	Unresolved
111-1844-0664	Tujia Chongqing	N1b2	N1b2*	5	Unresolved	N1b2*	4	Unresolved
YSW00916A00_BB0_00	Tujia Chongqing	O1a1a1a1a1a	O1a1a	5	Resolved	O1a	3	Resolved
YSW-0332_BB0_00	Tujia Chongqing	O1a1a1a1a1a1a	O1a1a	5	Resolved	O1a	3	Resolved
YSW00433A00_BB1_01	Tujia Chongqing	O1a1a1a1a1a1b	O1a1a	5	Resolved	O1a	3	Resolved
111-1830-0586	Tujia Chongqing	O1a1a1a1a1a1d1a1	O1a1a	5	Resolved	O1a	3	Resolved
HGDP01100	Tujia Chongqing	O1a1a1b1b1a1a	O1a1a	5	Resolved	O1a	3	Resolved
YSW00710A00_BB1_01	Tujia Chongqing	O1a1a2a1a1b	O1a1a	5	Resolved	O1a	3	Resolved
2WJ1190618003T	Tujia Chongqing	O1b1a1a1a1a1a1a2	O1b1a	5	Resolved	O1b1a1a1a1a1a1a2	16	Resolved
QPKZ18134-18505E-T125V1-AD-20180514cap22-18R05957	Tujia Chongqing	O1b1a1a1a1b1a1a1a1c1a	O1b1a	5	Resolved	O1b1a1a1a1b1	12	Resolved
ChongQ-095_BB0_00	Tujia Chongqing	O1b1a1a1a1b2a1a1a	O1b1a	5	Resolved	O1b1a1a1a1b2a1a1a	17	Resolved
2WJ1190618019T	Tujia Chongqing	O1b1a1b1a1a1	O1b1a	5	Resolved	O1b1a1b	7	Resolved
HGDP01099	Tujia Chongqing	O2a1a1a1a1b1	O2a1a	5	Resolved	O2a1a	5	Resolved
YSW00414A00_BB1_01	Tujia Chongqing	O2a1b1a1a1a1a1a1a2b	O2a1b	5	Resolved	O2a1b	5	Resolved
YSW00531A00_BB1_01	Tujia Chongqing	O2a1b1a1a1a1a1a1b	O2a1b	5	Resolved	O2a1b	5	Resolved
111-1791-1608	Tujia Chongqing	O2a2a1a2a1a1a2a1a1a1a	O2a2a	5	Resolved	O2a2a1a2a1a1a2a1	16	Resolved
111-1340-1004	Tujia Chongqing	O2a2a1a2a1b	O2a2a	5	Resolved	O2a2a1a2a1b	11	Resolved
HGDP01097	Tujia Chongqing	O2a2b1a1a1a1a1a1a1	O2a2b	5	Resolved	O2a2b1a1a1a1	12	Resolved
ChongQ-075_BB0_00	Tujia Chongqing	O2a2b1a1a1a1a1a1a1	O2a2b	5	Resolved	O2a2b1a1a1a1	12	Resolved
HGDP01096	Tujia Chongqing	O2a2b1a1a1c1b	O2a2b	5	Resolved	O2a2b1a1a1c	11	Resolved
111-1803-2630	Tujia Chongqing	O2a2b1a2a1a1a2a1	O2a2b	5	Resolved	O2a2b1a2	8	Resolved
ChongQ-041_BB1_02	Tujia Chongqing	O2a2b1a2a1a1b1b2a	O2a2b	5	Resolved	O2a2b1a2	8	Resolved
111-1837-6307	Tujia Chongqing	O2a2b1a2a1a1b1b2b2	O2a2b	5	Resolved	O2a2b1a2	8	Resolved
HGDP01103	Tujia Chongqing	O2a2b1a2a1a2a1a	O2a2b	5	Resolved	O2a2b1a2	8	Resolved
2WJ1190618020T	Tujia Chongqing	O2a2b1a2a2b1a	O2a2b	5	Resolved	O2a2b1a2	8	Resolved
HGDP01102	Tujia Chongqing	O2a2b2a1b1	O2a2b	5	Resolved	O2a2b2a1	8	Resolved
GSRD010741A01_BB0_01	Tujia Chongqing	Q1a1a1a1	Q1a1a	5	Resolved	Q1a1a1a1	8	Resolved
YSW00459A00_BB0_00	Tujia Chongqing	Q1a1a1a1	Q1a1a	5	Resolved	Q1a1a1a1	8	Resolved
YSW00731A00_BB1_01	Tujia Chongqing	Q1a1a1a1	Q1a1a	5	Resolved	Q1a1a1a1	8	Resolved
ChongQ-102_BB0_00	Tujia Chongqing	R2b1a1	R2b1a	5	Resolved	R2b	3	Resolved
HG01556	Colombian Colombia	E1b1a1a1a1c1a1a3c2b2	E1b1a	5	Resolved	E1b1a1a1a1c1a	13	Resolved
HG01485	Colombian Colombia	E1b1a1a1a2a1a3b1a10c	E1b1a	5	Resolved	E1b1a1a1a2	10	Resolved
HG01362	Colombian Colombia	E1b1a1a1a2a1a3b1a9b	E1b1a	5	Resolved	E1b1a1a1a2	10	Resolved
HG01499	Colombian Colombia	E1b1b1a1a1c1b1a1a1	E1b1b	5	Resolved	E1b1b	5	Resolved
HG01497	Colombian Colombia	E1b1b1a1a1c1b1a1a1	E1b1b	5	Resolved	E1b1b	5	Resolved
HG01377	Colombian Colombia	E1b1b1a1a2a2	E1b1b	5	Resolved	E1b1b	5	Resolved
HG01252	Colombian Colombia	E1b1b1b2a1a1a1a1f1a1	E1b1b	5	Resolved	E1b1b	5	Resolved
HG01250	Colombian Colombia	E1b1b1b2a1a1a1a1f1a1	E1b1b	5	Resolved	E1b1b	5	Resolved
HG01112	Colombian Colombia	E1b1b1b2a1a5	E1b1b	5	Resolved	E1b1b	5	Resolved
HG01457	Colombian Colombia	E1b1b1b2a1a5	E1b1b	5	Resolved	E1b1b	5	Resolved
HG01455	Colombian Colombia	E1b1b1b2a1a5	E1b1b	5	Resolved	E1b1b	5	Resolved
HG01347	Colombian Colombia	I1a2a1a1a1b5	I1a2a	5	Resolved	I	1	Resolved
HG01344	Colombian Colombia	I2a1a1a1a1a6a	I2a1a	5	Resolved	I	1	Resolved
HG01431	Colombian Colombia	J1a2a1a2d2b2b2b	J1a2a	5	Resolved	J1	2	Resolved
HG01433	Colombian Colombia	J1a2a1a2d2b2b2b	J1a2a	5	Resolved	J1	2	Resolved
HG01130	Colombian Colombia	J1a2a1a2d2b2b2c4c4a2a1	J1a2a	5	Resolved	J1	2	Resolved
HG01437	Colombian Colombia	J1a2a1a2d2b2b2c4c4a2a1	J1a2a	5	Resolved	J1	2	Resolved
HG01494	Colombian Colombia	J1a2b1b2c	J1a2b	5	Resolved	J1	2	Resolved
HG01256	Colombian Colombia	J1b1a1a	J1b1a	5	Resolved	J1	2	Resolved
HG01258	Colombian Colombia	J1b1a1a	J1b1a	5	Resolved	J1	2	Resolved
HG01255	Colombian Colombia	J1b1a1b	J1b1a	5	Resolved	J1	2	Resolved
HG01253	Colombian Colombia	J1b1a1b	J1b1a	5	Resolved	J1	2	Resolved
HG01139	Colombian Colombia	Q1b1a1a1e2a	Q1b1a	5	Resolved	Q1b1	4	Resolved
HG01142	Colombian Colombia	Q1b1a1a1e2b	Q1b1a	5	Resolved	Q1b1	4	Resolved
HG01124	Colombian Colombia	Q1b1a1a1r	Q1b1a	5	Resolved	Q1b1	4	Resolved
HG01126	Colombian Colombia	Q1b1a1a1r	Q1b1a	5	Resolved	Q1b1	4	Resolved
HG01121	Colombian Colombia	R1b1a1b1a1a	R1b1a	5	Resolved	R1b1a1b1a	9	Resolved
HG01461	Colombian Colombia	R1b1a1b1a1a	R1b1a	5	Resolved	R1b1a1b1a	9	Resolved
HG01443	Colombian Colombia	R1b1a1b1a1a	R1b1a	5	Resolved	R1b1a1b1a	9	Resolved
HG01341	Colombian Colombia	R1b1a1b1a1a	R1b1a	5	Resolved	R1b1a1b1a	9	Resolved
HG01353	Colombian Colombia	R1b1a1b1a1a	R1b1a	5	Resolved	R1b1a1b1a	9	Resolved
HG01491	Colombian Colombia	R1b1a1b1a1a	R1b1a	5	Resolved	R1b1a1b1a	9	Resolved
HG01550	Colombian Colombia	R1b1a1b1a1a1c2b2b1a1a1b2b	R1b1a	5	Resolved	R1b1a1b1a	9	Resolved
HG01552	Colombian Colombia	R1b1a1b1a1a1c2b2b1a1a1b2b	R1b1a	5	Resolved	R1b1a1b1a	9	Resolved
HG01274	Colombian Colombia	R1b1a1b1a1a1c2b2b1a1a1b2b	R1b1a	5	Resolved	R1b1a1b1a	9	Resolved
HG01271	Colombian Colombia	R1b1a1b1a1a2a1a1	R1b1a	5	Resolved	R1b1a1b1a	9	Resolved
HG01273	Colombian Colombia	R1b1a1b1a1a2a1a1	R1b1a	5	Resolved	R1b1a1b1a	9	Resolved
HG01259	Colombian Colombia	R1b1a1b1a1a2a1a1a1	R1b1a	5	Resolved	R1b1a1b1a	9	Resolved
HG01479	Colombian Colombia	R1b1a1b1a1a2a1a1a1	R1b1a	5	Resolved	R1b1a1b1a	9	Resolved
HG01488	Colombian Colombia	R1b1a1b1a1a2a1a1a1	R1b1a	5	Resolved	R1b1a1b1a	9	Resolved
HG01440	Colombian Colombia	R1b1a1b1a1a2a1a1a1	R1b1a	5	Resolved	R1b1a1b1a	9	Resolved
HG01261	Colombian Colombia	R1b1a1b1a1a2a1a1a1	R1b1a	5	Resolved	R1b1a1b1a	9	Resolved
HG01280	Colombian Colombia	R1b1a1b1a1a2a1a1a1	R1b1a	5	Resolved	R1b1a1b1a	9	Resolved
HG01365	Colombian Colombia	R1b1a1b1a1a2a1b	R1b1a	5	Resolved	R1b1a1b1a	9	Resolved
HG01374	Colombian Colombia	R1b1a1b1a1a2a1b1a1	R1b1a	5	Resolved	R1b1a1b1a	9	Resolved
HG01359	Colombian Colombia	R1b1a1b1a1a2a1b1a1	R1b1a	5	Resolved	R1b1a1b1a	9	Resolved
HG01464	Colombian Colombia	R1b1a1b1a1a2a1b1a1a	R1b1a	5	Resolved	R1b1a1b1a	9	Resolved
HG01148	Colombian Colombia	R1b1a1b1a1a2a1b1a1a	R1b1a	5	Resolved	R1b1a1b1a	9	Resolved
HG01389	Colombian Colombia	R1b1a1b1a1a2a5	R1b1a	5	Resolved	R1b1a1b1a	9	Resolved
HG01350	Colombian Colombia	R1b1a1b1a1a2a5	R1b1a	5	Resolved	R1b1a1b1a	9	Resolved
HG01356	Colombian Colombia	R1b1a1b1a1a2b	R1b1a	5	Resolved	R1b1a1b1a	9	Resolved
HG01358	Colombian Colombia	R1b1a1b1a1a2b	R1b1a	5	Resolved	R1b1a1b1a	9	Resolved
HG01383	Colombian Colombia	R1b1a1b1a1a2b	R1b1a	5	Resolved	R1b1a1b1a	9	Resolved
HG01138	Colombian Colombia	R1b1a1b1a1a2c1a4b7	R1b1a	5	Resolved	R1b1a1b1a	9	Resolved
HG01136	Colombian Colombia	R1b1a1b1a1a2c1a4b7	R1b1a	5	Resolved	R1b1a1b1a	9	Resolved
HG01277	Colombian Colombia	R1b1a1b1b3a1	R1b1a	5	Resolved	R1b1a1b1b	9	Resolved
HG01135	Colombian Colombia	T1a1a1b2b2b1a1a1c	T1a1a	5	Resolved	T	1	Resolved
HG01133	Colombian Colombia	T1a1a1b2b2b1a1a1c	T1a1a	5	Resolved	T	1	Resolved
HG00234	British England Scotland	I1a2a1a1a1b1a	I1a2a	5	Resolved	I	1	Resolved
HG00101	British England Scotland	I1a2a1a1d1a1b1a	I1a2a	5	Resolved	I	1	Resolved
HG00159	British England Scotland	I1a2a1a1d2a1	I1a2a	5	Resolved	I	1	Resolved
HG00252	British England Scotland	I1a2a2a3a1	I1a2a	5	Resolved	I	1	Resolved
HG00117	British England Scotland	I1b2	I1b2*	5	Unresolved	I	1	Resolved
HG00140	British England Scotland	I1b3	I1b3*	5	Unresolved	I	1	Resolved
HG00136	British England Scotland	I2a1b1a2b1a2a1a1a1a1a3a	I2a1b	5	Resolved	I	1	Resolved
HG00160	British England Scotland	J2b2a1a1a1a1a1b1	J2b2a	5	Resolved	J2	2	Resolved
HG00151	British England Scotland	R1a1a1b1a2c	R1a1a	5	Resolved	R1a1a1b1	8	Resolved
HG00113	British England Scotland	R1a1a1b1a3a2a1	R1a1a	5	Resolved	R1a1a1b1	8	Resolved
HG00114	British England Scotland	R1a1a1b1a3a2a1	R1a1a	5	Resolved	R1a1a1b1	8	Resolved
HG00109	British England Scotland	R1a1a1b1a3a2b2b1b1	R1a1a	5	Resolved	R1a1a1b1	8	Resolved
HG00264	British England Scotland	R1b1a1b1a1a	R1b1a	5	Resolved	R1b1a1b1a	9	Resolved
HG01789	British England Scotland	R1b1a1b1a1a	R1b1a	5	Resolved	R1b1a1b1a	9	Resolved
HG00107	British England Scotland	R1b1a1b1a1a	R1b1a	5	Resolved	R1b1a1b1a	9	Resolved
HG00108	British England Scotland	R1b1a1b1a1a1b1a	R1b1a	5	Resolved	R1b1a1b1a	9	Resolved
HG00260	British England Scotland	R1b1a1b1a1a1b1a	R1b1a	5	Resolved	R1b1a1b1a	9	Resolved
HG00256	British England Scotland	R1b1a1b1a1a1c	R1b1a	5	Resolved	R1b1a1b1a	9	Resolved
HG00155	British England Scotland	R1b1a1b1a1a1c1a2a	R1b1a	5	Resolved	R1b1a1b1a	9	Resolved
HG00265	British England Scotland	R1b1a1b1a1a1c2b1a1a1	R1b1a	5	Resolved	R1b1a1b1a	9	Resolved
HG00131	British England Scotland	R1b1a1b1a1a1c2b1b4d	R1b1a	5	Resolved	R1b1a1b1a	9	Resolved
HG00149	British England Scotland	R1b1a1b1a1a1c2b2a1b1a4a1a1	R1b1a	5	Resolved	R1b1a1b1a	9	Resolved
HG00143	British England Scotland	R1b1a1b1a1a1c2b2a1b1a4a1b	R1b1a	5	Resolved	R1b1a1b1a	9	Resolved
HG00251	British England Scotland	R1b1a1b1a1a1c2b2a1b1a4b1b	R1b1a	5	Resolved	R1b1a1b1a	9	Resolved
HG00141	British England Scotland	R1b1a1b1a1a2a1a2	R1b1a	5	Resolved	R1b1a1b1a	9	Resolved
HG00112	British England Scotland	R1b1a1b1a1a2a1b	R1b1a	5	Resolved	R1b1a1b1a	9	Resolved
HG01791	British England Scotland	R1b1a1b1a1a2a1b1a1	R1b1a	5	Resolved	R1b1a1b1a	9	Resolved
HG00126	British England Scotland	R1b1a1b1a1a2a1b1a1a	R1b1a	5	Resolved	R1b1a1b1a	9	Resolved
HG00129	British England Scotland	R1b1a1b1a1a2b	R1b1a	5	Resolved	R1b1a1b1a	9	Resolved
HG00145	British England Scotland	R1b1a1b1a1a2b	R1b1a	5	Resolved	R1b1a1b1a	9	Resolved
HG00142	British England Scotland	R1b1a1b1a1a2b1c1a1a1a1	R1b1a	5	Resolved	R1b1a1b1a	9	Resolved
HG00244	British England Scotland	R1b1a1b1a1a2b1c1b1a2a	R1b1a	5	Resolved	R1b1a1b1a	9	Resolved
HG00115	British England Scotland	R1b1a1b1a1a2c1	R1b1a	5	Resolved	R1b1a1b1a	9	Resolved
HG00119	British England Scotland	R1b1a1b1a1a2c1	R1b1a	5	Resolved	R1b1a1b1a	9	Resolved
HG00096	British England Scotland	R1b1a1b1a1a2c1a1f1a2	R1b1a	5	Resolved	R1b1a1b1a	9	Resolved
HG00103	British England Scotland	R1b1a1b1a1a2c1a2b2a	R1b1a	5	Resolved	R1b1a1b1a	9	Resolved
HG00105	British England Scotland	R1b1a1b1a1a2c1a4b5a1a	R1b1a	5	Resolved	R1b1a1b1a	9	Resolved
HG00242	British England Scotland	R1b1a1b1a1a2c1a5b1a1a	R1b1a	5	Resolved	R1b1a1b1a	9	Resolved
HG00116	British England Scotland	R1b1a1b1a1a2c1a5b1a1a2b	R1b1a	5	Resolved	R1b1a1b1a	9	Resolved
HG00243	British England Scotland	R1b1a1b1a1a2c1b1	R1b1a	5	Resolved	R1b1a1b1a	9	Resolved
HG00157	British England Scotland	R1b1a1b1a1a2d1a	R1b1a	5	Resolved	R1b1a1b1a	9	Resolved
HG01334	British England Scotland	R1b1a1b1a1a2d1a	R1b1a	5	Resolved	R1b1a1b1a	9	Resolved
HG00139	British England Scotland	R1b1a1b1a1a2e1	R1b1a	5	Resolved	R1b1a1b1a	9	Resolved
HG00138	British England Scotland	R1b1a1b1a1a2e2	R1b1a	5	Resolved	R1b1a1b1a	9	Resolved
HG00148	British England Scotland	R1b1a1b1a1a3a	R1b1a	5	Resolved	R1b1a1b1a	9	Resolved
HG00345	Finnish Finland	I1a1b1a4a1a1b1a2a1	I1a1b	5	Resolved	I	1	Resolved
HG00321	Finnish Finland	I1a1b1a4a1a1b1a4b	I1a1b	5	Resolved	I	1	Resolved
HG00372	Finnish Finland	I1a1b1a4a1a1b2	I1a1b	5	Resolved	I	1	Resolved
HG00308	Finnish Finland	I1a1b1a4a1a1c1a	I1a1b	5	Resolved	I	1	Resolved
HG00325	Finnish Finland	I1a1b1a4a1a1e1a	I1a1b	5	Resolved	I	1	Resolved
HG00186	Finnish Finland	I1a1b1a4a1a1h1a	I1a1b	5	Resolved	I	1	Resolved
HG00190	Finnish Finland	I1a1b1a4a2a1a1b	I1a1b	5	Resolved	I	1	Resolved
HG00189	Finnish Finland	I1a1b1b1a1a	I1a1b	5	Resolved	I	1	Resolved
HG00310	Finnish Finland	I1a2b2	I1a2b	5	Resolved	I	1	Resolved
HG00360	Finnish Finland	I2a1a2b1a1a2a1a	I2a1a	5	Resolved	I	1	Resolved
HG00181	Finnish Finland	J1a2a1a2c1a1a1	J1a2a	5	Resolved	J1	2	Resolved
HG00341	Finnish Finland	N1a1a1a1a1a1a2a1	N1a1a	5	Resolved	N1a1a1	6	Resolved
HG00351	Finnish Finland	N1a1a1a1a1a1a3a	N1a1a	5	Resolved	N1a1a1	6	Resolved
HG00369	Finnish Finland	N1a1a1a1a1a2a1a1a	N1a1a	5	Resolved	N1a1a1	6	Resolved
HG00342	Finnish Finland	N1a1a1a1a1a2a1b1a	N1a1a	5	Resolved	N1a1a1	6	Resolved
HG00280	Finnish Finland	N1a1a1a1a1a2b1a	N1a1a	5	Resolved	N1a1a1	6	Resolved
HG00336	Finnish Finland	N1a1a1a1a2a1a1a1a1a1a	N1a1a	5	Resolved	N1a1a1	6	Resolved
HG00273	Finnish Finland	N1a1a1a1a2a1a1a1a1a1a	N1a1a	5	Resolved	N1a1a1	6	Resolved
HG00358	Finnish Finland	N1a1a1a1a2a1a1a1a1a1a1a1a	N1a1a	5	Resolved	N1a1a1	6	Resolved
HG00338	Finnish Finland	N1a1a1a1a2a1a1a1a1a1a1a1b	N1a1a	5	Resolved	N1a1a1	6	Resolved
HG00290	Finnish Finland	N1a1a1a1a2a1a1a1a1a1a1a2	N1a1a	5	Resolved	N1a1a1	6	Resolved
HG00271	Finnish Finland	N1a1a1a1a2a1a1a1a1a1a1d	N1a1a	5	Resolved	N1a1a1	6	Resolved
HG00185	Finnish Finland	N1a1a1a1a2a1a1a1a1a1a2	N1a1a	5	Resolved	N1a1a1	6	Resolved
HG00335	Finnish Finland	N1a1a1a1a2a1a1a1a1a1b	N1a1a	5	Resolved	N1a1a1	6	Resolved
HG00188	Finnish Finland	N1a1a1a1a2a1a1a1a1a2	N1a1a	5	Resolved	N1a1a1	6	Resolved
HG00311	Finnish Finland	N1a1a1a1a2a1a1a1a2	N1a1a	5	Resolved	N1a1a1	6	Resolved
HG00183	Finnish Finland	N1a1a1a1a2a1a1a1a2b	N1a1a	5	Resolved	N1a1a1	6	Resolved
HG00182	Finnish Finland	N1a1a1a1a2a1a1a1a2c	N1a1a	5	Resolved	N1a1a1	6	Resolved
HG00284	Finnish Finland	N1a1a1a1a2a1a1a1b1a1a	N1a1a	5	Resolved	N1a1a1	6	Resolved
HG00375	Finnish Finland	N1a1a1a1a2a1a1a1b1a2a	N1a1a	5	Resolved	N1a1a1	6	Resolved
HG00371	Finnish Finland	N1a1a1a1a2a1a1a1b1b1a1a1	N1a1a	5	Resolved	N1a1a1	6	Resolved
HG00278	Finnish Finland	N1a1a1a1a2a1a1a1b1b1a1b	N1a1a	5	Resolved	N1a1a1	6	Resolved
HG00187	Finnish Finland	N1a1a1a1a2a1a1a1b1b1b	N1a1a	5	Resolved	N1a1a1	6	Resolved
HG00329	Finnish Finland	N1a1a1a1a2a1a1a2a1	N1a1a	5	Resolved	N1a1a1	6	Resolved
HG00382	Finnish Finland	R1a1a1b1a2a2b1a	R1a1a	5	Resolved	R1a1a1b1	8	Resolved
HG00277	Finnish Finland	R1a1a1b1a2a3a1a1a	R1a1a	5	Resolved	R1a1a1b1	8	Resolved
HG00366	Finnish Finland	R1a1a1b1a2b3a3a2a	R1a1a	5	Resolved	R1a1a1b1	8	Resolved
HG00267	Finnish Finland	R1b1a1b1a1a1c2b2a1b1a4b1a1a2	R1b1a	5	Resolved	R1b1a1b1a	9	Resolved
2BD20220300080	She Fujian	O1a1a1a1a1a1c1a	O1a1a	5	Resolved	O1a	3	Resolved
HGDP01330	She Fujian	O1a1a1a1a1a1c1a1	O1a1a	5	Resolved	O1a	3	Resolved
HGDP01327	She Fujian	O1a1a1a1a1a1c1a1	O1a1a	5	Resolved	O1a	3	Resolved
2BD20220300085	She Fujian	O1a1a1a1a1a1c1a1	O1a1a	5	Resolved	O1a	3	Resolved
2BD20220300095	She Fujian	O1a1a1a1a1a1c1a1	O1a1a	5	Resolved	O1a	3	Resolved
2.32E+13	She Fujian	O1a1a1b1b1b	O1a1a	5	Resolved	O1a	3	Resolved
2BD20220300078	She Fujian	O1b1a1a1a1b1b	O1b1a	5	Resolved	O1b1a1a1a1b1	12	Resolved
2BD20220300084	She Fujian	O2a1a1a1a	O2a1a	5	Resolved	O2a1a	5	Resolved
HGDP01331	She Fujian	O2a1b1a1a1a1a1a1b1b1	O2a1b	5	Resolved	O2a1b	5	Resolved
111-1860-4028	She Fujian	O2a1b1a1a1a1a1a1b1b1	O2a1b	5	Resolved	O2a1b	5	Resolved
111-1836-2515	She Fujian	O2a1b1a1a1a1a1a1b1c	O2a1b	5	Resolved	O2a1b	5	Resolved
2BD20220300092	She Fujian	O2a1b1a1a1b1b1	O2a1b	5	Resolved	O2a1b	5	Resolved
111-1310-9955	She Fujian	O2a1b1a2a1a1a2b	O2a1b	5	Resolved	O2a1b	5	Resolved
111-1399-9655	She Fujian	O2a1b1a2a1a3b2	O2a1b	5	Resolved	O2a1b	5	Resolved
HGDP01332	She Fujian	O2a2a1a2a1a1a2a1a1a	O2a2a	5	Resolved	O2a2a1a2a1a1a2a1	16	Resolved
HGDP01329	She Fujian	O2a2a1a2a1a1a2a1a1a	O2a2a	5	Resolved	O2a2a1a2a1a1a2a1	16	Resolved
2BD20220300098	She Fujian	O2a2a1a2a1a1a2a1a1a	O2a2a	5	Resolved	O2a2a1a2a1a1a2a1	16	Resolved
2BD20220300079	She Fujian	O2a2a1a2a1a1a2a1a1a1a	O2a2a	5	Resolved	O2a2a1a2a1a1a2a1	16	Resolved
1.02E+13	She Fujian	O2a2b1a2a1a1a2	O2a2b	5	Resolved	O2a2b1a2	8	Resolved
HGDP01328	She Fujian	O2a2b1a2a1a1b1b1	O2a2b	5	Resolved	O2a2b1a2	8	Resolved
2.79E+13	She Fujian	O2a2b1a2a1a1b1b1	O2a2b	5	Resolved	O2a2b1a2	8	Resolved
HG02982	Gambian Gambia	A0a1	A0a1*	5	Unresolved	A	1	Resolved
HG02984	Gambian Gambia	A0a1	A0a1*	5	Unresolved	A	1	Resolved
HG02645	Gambian Gambia	A1a	A1a*	5	Unresolved	A	1	Resolved
HG02668	Gambian Gambia	A1a	A1a*	5	Unresolved	A	1	Resolved
HG02613	Gambian Gambia	A1a	A1a*	5	Unresolved	A	1	Resolved
HG02666	Gambian Gambia	A1a	A1a*	5	Unresolved	A	1	Resolved
HG02647	Gambian Gambia	A1a	A1a*	5	Unresolved	A	1	Resolved
HG02590	Gambian Gambia	B3b	B3b*	5	Unresolved	B	1	Resolved
HG02588	Gambian Gambia	B3b	B3b*	5	Unresolved	B	1	Resolved
HG03050	Gambian Gambia	E1a2a1a2a	E1a2a	5	Resolved	E1a	3	Resolved
HG03048	Gambian Gambia	E1a2a1a2a	E1a2a	5	Resolved	E1a	3	Resolved
HG03027	Gambian Gambia	E1a2a2a	E1a2a	5	Resolved	E1a	3	Resolved
HG03029	Gambian Gambia	E1a2a2a	E1a2a	5	Resolved	E1a	3	Resolved
HG03024	Gambian Gambia	E1a2a2b	E1a2a	5	Resolved	E1a	3	Resolved
HG02812	Gambian Gambia	E1a2b	E1a2b	5	Resolved	E1a	3	Resolved
HG02810	Gambian Gambia	E1a2b	E1a2b	5	Resolved	E1a	3	Resolved
HG02869	Gambian Gambia	E1a2b1	E1a2b	5	Resolved	E1a	3	Resolved
HG02461	Gambian Gambia	E1a2b1a1	E1a2b	5	Resolved	E1a	3	Resolved
HG02463	Gambian Gambia	E1a2b1a1	E1a2b	5	Resolved	E1a	3	Resolved
HG03246	Gambian Gambia	E1a2b1a1a1	E1a2b	5	Resolved	E1a	3	Resolved
HG03248	Gambian Gambia	E1a2b1a1a1	E1a2b	5	Resolved	E1a	3	Resolved
HG03260	Gambian Gambia	E1a2b1a1a1a	E1a2b	5	Resolved	E1a	3	Resolved
HG03258	Gambian Gambia	E1a2b1a1a1a	E1a2b	5	Resolved	E1a	3	Resolved
HG02623	Gambian Gambia	E1a2b1a1a1c	E1a2b	5	Resolved	E1a	3	Resolved
HG02625	Gambian Gambia	E1a2b1a1a1c	E1a2b	5	Resolved	E1a	3	Resolved
HG02634	Gambian Gambia	E1a2b1a2a	E1a2b	5	Resolved	E1a	3	Resolved
HG02636	Gambian Gambia	E1a2b1a2a	E1a2b	5	Resolved	E1a	3	Resolved
HG02570	Gambian Gambia	E1a2b1a2b	E1a2b	5	Resolved	E1a	3	Resolved
HG02572	Gambian Gambia	E1a2b1a2b	E1a2b	5	Resolved	E1a	3	Resolved
HG02819	Gambian Gambia	E1a2b1b	E1a2b	5	Resolved	E1a	3	Resolved
HG02821	Gambian Gambia	E1a2b1b	E1a2b	5	Resolved	E1a	3	Resolved
HG03035	Gambian Gambia	E1b1a1a1a1c1b2a	E1b1a	5	Resolved	E1b1a1a1a1c1b	13	Resolved
HG03033	Gambian Gambia	E1b1a1a1a1c1b2a	E1b1a	5	Resolved	E1b1a1a1a1c1b	13	Resolved
HG02856	Gambian Gambia	E1b1a1a1a1c1b2a3b	E1b1a	5	Resolved	E1b1a1a1a1c1b	13	Resolved
HG02854	Gambian Gambia	E1b1a1a1a1c1b2a3b	E1b1a	5	Resolved	E1b1a1a1a1c1b	13	Resolved
HG02853	Gambian Gambia	E1b1a1a1a1c2a1a	E1b1a	5	Resolved	E1b1a1a1a1c2	12	Resolved
HG02851	Gambian Gambia	E1b1a1a1a1c2a1a	E1b1a	5	Resolved	E1b1a1a1a1c2	12	Resolved
HG02892	Gambian Gambia	E1b1a1a1a1c2a3	E1b1a	5	Resolved	E1b1a1a1a1c2	12	Resolved
HG02890	Gambian Gambia	E1b1a1a1a1c2a3	E1b1a	5	Resolved	E1b1a1a1a1c2	12	Resolved
HG03538	Gambian Gambia	E1b1a1a1a1c2b1b	E1b1a	5	Resolved	E1b1a1a1a1c2	12	Resolved
HG02836	Gambian Gambia	E1b1a1a1a1c2b2a2	E1b1a	5	Resolved	E1b1a1a1a1c2	12	Resolved
HG02838	Gambian Gambia	E1b1a1a1a1c2b2a2	E1b1a	5	Resolved	E1b1a1a1a1c2	12	Resolved
HG02675	Gambian Gambia	E1b1a1a1a1c2b2b	E1b1a	5	Resolved	E1b1a1a1a1c2	12	Resolved
HG03249	Gambian Gambia	E1b1a1a1a1c2c	E1b1a	5	Resolved	E1b1a1a1a1c2	12	Resolved
HG02878	Gambian Gambia	E1b1a1a1a1c2c1a2	E1b1a	5	Resolved	E1b1a1a1a1c2	12	Resolved
HG02813	Gambian Gambia	E1b1a1a1a1c2c1b1	E1b1a	5	Resolved	E1b1a1a1a1c2	12	Resolved
HG02815	Gambian Gambia	E1b1a1a1a1c2c1b1	E1b1a	5	Resolved	E1b1a1a1a1c2	12	Resolved
HG02585	Gambian Gambia	E1b1a1a1a1c2c1b2	E1b1a	5	Resolved	E1b1a1a1a1c2	12	Resolved
HG02887	Gambian Gambia	E1b1a1a1a1c2c2a1	E1b1a	5	Resolved	E1b1a1a1a1c2	12	Resolved
HG02582	Gambian Gambia	E1b1a1a1a1c2c2a2	E1b1a	5	Resolved	E1b1a1a1a1c2	12	Resolved
HG02584	Gambian Gambia	E1b1a1a1a1c2c2a2	E1b1a	5	Resolved	E1b1a1a1a1c2	12	Resolved
HG02620	Gambian Gambia	E1b1a1a1a1c2c2b	E1b1a	5	Resolved	E1b1a1a1a1c2	12	Resolved
HG02768	Gambian Gambia	E1b1a1a1a1c2c3a1a2	E1b1a	5	Resolved	E1b1a1a1a1c2	12	Resolved
HG02816	Gambian Gambia	E1b1a1a1a1c2c3a1b1b	E1b1a	5	Resolved	E1b1a1a1a1c2	12	Resolved
HG03039	Gambian Gambia	E1b1a1a1a1c2c3a1b2	E1b1a	5	Resolved	E1b1a1a1a1c2	12	Resolved
HG02702	Gambian Gambia	E1b1a1a1a1c2c3a1b3	E1b1a	5	Resolved	E1b1a1a1a1c2	12	Resolved
HG02717	Gambian Gambia	E1b1a1a1a1c2c3a2a	E1b1a	5	Resolved	E1b1a1a1a1c2	12	Resolved
HG02715	Gambian Gambia	E1b1a1a1a1c2c3a2a	E1b1a	5	Resolved	E1b1a1a1a1c2	12	Resolved
HG03045	Gambian Gambia	E1b1a1a1a1c2c3a2a1	E1b1a	5	Resolved	E1b1a1a1a1c2	12	Resolved
HG02644	Gambian Gambia	E1b1a1a1a1c2c3a2b1	E1b1a	5	Resolved	E1b1a1a1a1c2	12	Resolved
HG02642	Gambian Gambia	E1b1a1a1a1c2c3a2b1	E1b1a	5	Resolved	E1b1a1a1a1c2	12	Resolved
HG02575	Gambian Gambia	E1b1a1a1a1c2c3a3	E1b1a	5	Resolved	E1b1a1a1a1c2	12	Resolved
HG02563	Gambian Gambia	E1b1a1a1a1c2c3a3	E1b1a	5	Resolved	E1b1a1a1a1c2	12	Resolved
HG02573	Gambian Gambia	E1b1a1a1a1c2c3a3a	E1b1a	5	Resolved	E1b1a1a1a1c2	12	Resolved
HG02561	Gambian Gambia	E1b1a1a1a1c2c3a3b	E1b1a	5	Resolved	E1b1a1a1a1c2	12	Resolved
HG02678	Gambian Gambia	E1b1a1a1a1c2c3b1	E1b1a	5	Resolved	E1b1a1a1a1c2	12	Resolved
HG02464	Gambian Gambia	E1b1a1a1a1c2c3b2	E1b1a	5	Resolved	E1b1a1a1a1c2	12	Resolved
HG02466	Gambian Gambia	E1b1a1a1a1c2c3b2	E1b1a	5	Resolved	E1b1a1a1a1c2	12	Resolved
HG02860	Gambian Gambia	E1b1a1a1a1c2c4	E1b1a	5	Resolved	E1b1a1a1a1c2	12	Resolved
HG02759	Gambian Gambia	E1b1a1a1a1c4	E1b1a	5	Resolved	E1b1a1a1a1c4	12	Resolved
HG02594	Gambian Gambia	E1b1a1a1a2a1a3b4	E1b1a	5	Resolved	E1b1a1a1a2	10	Resolved
HG02596	Gambian Gambia	E1b1a1a1a2a1a3b4	E1b1a	5	Resolved	E1b1a1a1a2	10	Resolved
HG02839	Gambian Gambia	E1b1a1a1a2a1a3b6	E1b1a	5	Resolved	E1b1a1a1a2	10	Resolved
HG02881	Gambian Gambia	E1b1a1a1a2a1b1	E1b1a	5	Resolved	E1b1a1a1a2	10	Resolved
HG02883	Gambian Gambia	E1b1a1a1a2a1b1	E1b1a	5	Resolved	E1b1a1a1a2	10	Resolved
HG03240	Gambian Gambia	E1b1a1a1a2a2a1a	E1b1a	5	Resolved	E1b1a1a1a2	10	Resolved
HG03242	Gambian Gambia	E1b1a1a1a2a2a1a	E1b1a	5	Resolved	E1b1a1a1a2	10	Resolved
HG02884	Gambian Gambia	E1b1a1a1a2a2a1b	E1b1a	5	Resolved	E1b1a1a1a2	10	Resolved
HG02895	Gambian Gambia	E1b1a1a1a2a2a3a	E1b1a	5	Resolved	E1b1a1a1a2	10	Resolved
HG02610	Gambian Gambia	E1b1a1a1a2a2a3b	E1b1a	5	Resolved	E1b1a1a1a2	10	Resolved
HG02612	Gambian Gambia	E1b1a1a1a2a2a3b	E1b1a	5	Resolved	E1b1a1a1a2	10	Resolved
HG02721	Gambian Gambia	E1b1a1a1a2a2b	E1b1a	5	Resolved	E1b1a1a1a2	10	Resolved
HG02804	Gambian Gambia	E1b1a1a1a3	E1b1a	5	Resolved	E1b1a1a1a3	10	Resolved
HG02756	Gambian Gambia	E1b1a1a1b	E1b1a	5	Resolved	E1b1a1a1b	9	Resolved
HG02628	Gambian Gambia	E1b1a1b1f	E1b1a	5	Resolved	E1b1a1b	7	Resolved
HG02764	Gambian Gambia	E1b1b1a1a1c1a	E1b1b	5	Resolved	E1b1b	5	Resolved
HG02762	Gambian Gambia	E1b1b1a1a1c1a	E1b1b	5	Resolved	E1b1b	5	Resolved
HG02807	Gambian Gambia	E1b1b1a2a	E1b1b	5	Resolved	E1b1b	5	Resolved
HG02569	Gambian Gambia	E1b1b1b1b	E1b1b	5	Resolved	E1b1b	5	Resolved
HG02800	Gambian Gambia	E1b1b1b1b1a1	E1b1b	5	Resolved	E1b1b	5	Resolved
HG02798	Gambian Gambia	E1b1b1b1b1a1	E1b1b	5	Resolved	E1b1b	5	Resolved
HG02771	Gambian Gambia	E2b1a2	E2b1a	5	Resolved	E2	2	Resolved
HG02773	Gambian Gambia	E2b1a2	E2b1a	5	Resolved	E2	2	Resolved
000-0500-2273	Han Gansu	C2a1a1b1a	C2a1a	5	Resolved	C2a	3	Resolved
000-0500-2191	Han Gansu	C2a1a1b1a2a1	C2a1a	5	Resolved	C2a	3	Resolved
111-1706-0405	Han Gansu	C2a1a3a	C2a1a	5	Resolved	C2a	3	Resolved
111-1726-1215	Han Gansu	C2a1a3a1	C2a1a	5	Resolved	C2a	3	Resolved
111-1375-1697	Han Gansu	C2b1a1a1a1	C2b1a	5	Resolved	C2b1a1a	7	Resolved
111-1853-7005	Han Gansu	C2b1a2a1a2	C2b1a	5	Resolved	C2b1a2	6	Resolved
111-1346-7925	Han Gansu	C2b1a2a1a2	C2b1a	5	Resolved	C2b1a2	6	Resolved
111-1917-7644	Han Gansu	C2b1a2a2	C2b1a	5	Resolved	C2b1a2	6	Resolved
111-1724-9008	Han Gansu	C2b1a2b	C2b1a	5	Resolved	C2b1a2	6	Resolved
111-1840-6301	Han Gansu	C2b1b1d	C2b1b	5	Resolved	C2b1b	5	Resolved
111-1918-9258	Han Gansu	C2b1b1d1	C2b1b	5	Resolved	C2b1b	5	Resolved
111-1824-1193	Han Gansu	C2b1b1d1a	C2b1b	5	Resolved	C2b1b	5	Resolved
111-1854-9107	Han Gansu	C2b1b1g	C2b1b	5	Resolved	C2b1b	5	Resolved
990-0012-3390	Han Gansu	C2b1b1g2	C2b1b	5	Resolved	C2b1b	5	Resolved
111-1538-4640	Han Gansu	D1a1a1a1a1b	D1a1a	5	Resolved	D1a1a1a1a1b*	11	Unresolved
111-1644-2011	Han Gansu	D1a1a1a1a1b	D1a1a	5	Resolved	D1a1a1a1a1b*	11	Unresolved
111-1851-7397	Han Gansu	D1a1a1a1b	D1a1a	5	Resolved	D1a1a1a1b*	9	Unresolved
111-1860-2789	Han Gansu	D1a1b1a	D1a1b	5	Resolved	D1a1b	5	Resolved
111-1636-5280	Han Gansu	D1a1b1a	D1a1b	5	Resolved	D1a1b	5	Resolved
111-1843-9675	Han Gansu	J1a2b1b2	J1a2b	5	Resolved	J1	2	Resolved
111-1719-8528	Han Gansu	J1a2b1b2	J1a2b	5	Resolved	J1	2	Resolved
111-1736-8761	Han Gansu	J1a2b1b2	J1a2b	5	Resolved	J1	2	Resolved
990-0012-6452	Han Gansu	J1a2b1b2a	J1a2b	5	Resolved	J1	2	Resolved
111-1891-5964	Han Gansu	J2a1a1b2a1a2	J2a1a	5	Resolved	J2	2	Resolved
000-0500-1894	Han Gansu	N1a	N1a*	5	Unresolved	N1a*	3	Unresolved
111-1882-1555	Han Gansu	N1a1a1a1a3a2	N1a1a	5	Resolved	N1a1a1	6	Resolved
111-1769-1951	Han Gansu	N1a1a1a1a4a	N1a1a	5	Resolved	N1a1a1	6	Resolved
111-1271-8820	Han Gansu	N1a1a3	N1a1a	5	Resolved	N1a1a3	6	Resolved
111-1228-5513	Han Gansu	N1a2a	N1a2a	5	Resolved	N1a2	4	Resolved
111-1304-1477	Han Gansu	N1a2a	N1a2a	5	Resolved	N1a2	4	Resolved
111-1793-8155	Han Gansu	N1a2a1	N1a2a	5	Resolved	N1a2	4	Resolved
111-1711-8205	Han Gansu	N1a2a1a2	N1a2a	5	Resolved	N1a2	4	Resolved
111-1821-1165	Han Gansu	N1a2a1a2	N1a2a	5	Resolved	N1a2	4	Resolved
111-1907-7692	Han Gansu	N1a2a1a2	N1a2a	5	Resolved	N1a2	4	Resolved
111-1654-3824	Han Gansu	N1a2a1a2	N1a2a	5	Resolved	N1a2	4	Resolved
111-1333-3442	Han Gansu	N1a3	N1a3*	5	Unresolved	N1a3	4	Resolved
111-1315-5280	Han Gansu	N1b1a1b	N1b1a	5	Resolved	N1b1a	5	Resolved
111-1577-2393	Han Gansu	N1b2	N1b2*	5	Unresolved	N1b2*	4	Unresolved
111-1883-0632	Han Gansu	N1b2	N1b2*	5	Unresolved	N1b2*	4	Unresolved
111-1341-2024	Han Gansu	N1b2	N1b2*	5	Unresolved	N1b2*	4	Unresolved
111-1418-5071	Han Gansu	O1	O1*	5	Unresolved	O1*	2	Unresolved
111-1542-8641	Han Gansu	O1	O1*	5	Unresolved	O1*	2	Unresolved
111-1839-4493	Han Gansu	O1a1a2a2a1a	O1a1a	5	Resolved	O1a	3	Resolved
111-1656-7165	Han Gansu	O1a1a2a3	O1a1a	5	Resolved	O1a	3	Resolved
111-1536-8015	Han Gansu	O1a1a2b1	O1a1a	5	Resolved	O1a	3	Resolved
111-1470-8881	Han Gansu	O1b1a1a1	O1b1a	5	Resolved	O1b1a1a1*	8	Unresolved
111-1915-4515	Han Gansu	O1b1a1a1a1a1a1a2a	O1b1a	5	Resolved	O1b1a1a1a1a1a1a2	16	Resolved
111-1858-4337	Han Gansu	O1b1a1a1a1a1b1a	O1b1a	5	Resolved	O1b1a1a1a1a1b	13	Resolved
111-1909-4408	Han Gansu	O1b1a1a1a2	O1b1a	5	Resolved	O1b1a1a1a2	10	Resolved
111-1859-3612	Han Gansu	O1b1a2a1	O1b1a	5	Resolved	O1b1a2	6	Resolved
111-1260-4383	Han Gansu	O1b1a2a1	O1b1a	5	Resolved	O1b1a2	6	Resolved
111-1225-5806	Han Gansu	O2a1a1a1b1	O2a1a	5	Resolved	O2a1a	5	Resolved
111-1827-2067	Han Gansu	O2a1a1a1b2a1	O2a1a	5	Resolved	O2a1a	5	Resolved
111-1456-2001	Han Gansu	O2a1a1a1b2a1	O2a1a	5	Resolved	O2a1a	5	Resolved
111-1857-7933	Han Gansu	O2a1b1a1a1a1	O2a1b	5	Resolved	O2a1b	5	Resolved
111-1916-9809	Han Gansu	O2a1b1a1a1a1	O2a1b	5	Resolved	O2a1b	5	Resolved
111-1878-3808	Han Gansu	O2a1b1a1a1a1	O2a1b	5	Resolved	O2a1b	5	Resolved
111-1525-7388	Han Gansu	O2a1b1a1a1a1a	O2a1b	5	Resolved	O2a1b	5	Resolved
111-1910-8709	Han Gansu	O2a1b1a1a1a1a1a1b1	O2a1b	5	Resolved	O2a1b	5	Resolved
111-1795-7934	Han Gansu	O2a1b1a1a1a1a1b1a1	O2a1b	5	Resolved	O2a1b	5	Resolved
111-1242-3090	Han Gansu	O2a1b1a1a1a1b1a1b1a2	O2a1b	5	Resolved	O2a1b	5	Resolved
111-1854-4256	Han Gansu	O2a1b1a1a1a1c1	O2a1b	5	Resolved	O2a1b	5	Resolved
111-1522-1990	Han Gansu	O2a1b1a1a1a1e1	O2a1b	5	Resolved	O2a1b	5	Resolved
Y5832	Han Gansu	O2a1b1a1a1a1e1a2a2	O2a1b	5	Resolved	O2a1b	5	Resolved
111-1930-2091	Han Gansu	O2a1b1a1a1a1e1a4	O2a1b	5	Resolved	O2a1b	5	Resolved
Y5763	Han Gansu	O2a1b1a1a1a1ia	O2a1b	5	Resolved	O2a1b	5	Resolved
111-1385-3544	Han Gansu	O2a1b1a1a1b1	O2a1b	5	Resolved	O2a1b	5	Resolved
111-1333-9260	Han Gansu	O2a1b1a2a1a1a	O2a1b	5	Resolved	O2a1b	5	Resolved
111-1320-6937	Han Gansu	O2a1b1a2a1a1a1	O2a1b	5	Resolved	O2a1b	5	Resolved
111-1259-1973	Han Gansu	O2a1b1a2a1a1a1c	O2a1b	5	Resolved	O2a1b	5	Resolved
111-1248-5821	Han Gansu	O2a1b1a2a1a1a1c	O2a1b	5	Resolved	O2a1b	5	Resolved
111-1833-7070	Han Gansu	O2a1b1a2a1a1a1d	O2a1b	5	Resolved	O2a1b	5	Resolved
111-1854-9954	Han Gansu	O2a1b1a2a2a1b1a	O2a1b	5	Resolved	O2a1b	5	Resolved
111-1415-7689	Han Gansu	O2a1b1a2b1	O2a1b	5	Resolved	O2a1b	5	Resolved
111-1887-6654	Han Gansu	O2a1b1a2b1	O2a1b	5	Resolved	O2a1b	5	Resolved
111-1838-1110	Han Gansu	O2a1b1a2b2b1a1	O2a1b	5	Resolved	O2a1b	5	Resolved
111-1882-5928	Han Gansu	O2a1b2a2	O2a1b	5	Resolved	O2a1b	5	Resolved
111-1858-7215	Han Gansu	O2a2a1a1a	O2a2a	5	Resolved	O2a2a1a1a*	9	Unresolved
111-1684-3139	Han Gansu	O2a2a1a1a	O2a2a	5	Resolved	O2a2a1a1a*	9	Unresolved
111-1653-8981	Han Gansu	O2a2a1a1a	O2a2a	5	Resolved	O2a2a1a1a*	9	Unresolved
111-1863-5879	Han Gansu	O2a2a1a2a1a1a1a	O2a2a	5	Resolved	O2a2a1a2a1a1a1	14	Resolved
111-1273-1669	Han Gansu	O2a2a1a2a1a1b1	O2a2a	5	Resolved	O2a2a1a2a1a1b	13	Resolved
111-1421-6904	Han Gansu	O2a2a1a2a1a1b2	O2a2a	5	Resolved	O2a2a1a2a1a1b	13	Resolved
111-1558-0912	Han Gansu	O2a2a2	O2a2a	5	Resolved	O2a2a2	6	Resolved
111-1698-9523	Han Gansu	O2a2a2	O2a2a	5	Resolved	O2a2a2	6	Resolved
111-1284-2525	Han Gansu	O2a2a2	O2a2a	5	Resolved	O2a2a2	6	Resolved
111-1919-6829	Han Gansu	O2a2a2a1a1	O2a2a	5	Resolved	O2a2a2	6	Resolved
111-1808-9351	Han Gansu	O2a2a2a1a1a1	O2a2a	5	Resolved	O2a2a2	6	Resolved
Y7269	Han Gansu	O2a2b1a1a1	O2a2b	5	Resolved	O2a2b1a1a1*	10	Unresolved
111-1800-9564	Han Gansu	O2a2b1a1a1	O2a2b	5	Resolved	O2a2b1a1a1*	10	Unresolved
111-1782-0016	Hui Gansu	O2a2b1a1a1	O2a2b	5	Resolved	O2a2b1a1a1*	10	Unresolved
111-1901-7339	Han Gansu	O2a2b1a1a1a1	O2a2b	5	Resolved	O2a2b1a1a1a1	12	Resolved
111-1870-6609	Han Gansu	O2a2b1a1a1a1a1a1a1	O2a2b	5	Resolved	O2a2b1a1a1a1	12	Resolved
111-1831-0547	Han Gansu	O2a2b1a1a1a1a1b1	O2a2b	5	Resolved	O2a2b1a1a1a1	12	Resolved
111-1915-8247	Han Gansu	O2a2b1a1a1a1a1b1a1a1a2	O2a2b	5	Resolved	O2a2b1a1a1a1	12	Resolved
111-1828-9584	Han Gansu	O2a2b1a1a1a1a1b1a1b1	O2a2b	5	Resolved	O2a2b1a1a1a1	12	Resolved
111-1198-8170	Han Gansu	O2a2b1a1a1a1a1b1a1b2a1	O2a2b	5	Resolved	O2a2b1a1a1a1	12	Resolved
111-1778-3946	Han Gansu	O2a2b1a1a1a1a1b1a2	O2a2b	5	Resolved	O2a2b1a1a1a1	12	Resolved
111-1864-5557	Han Gansu	O2a2b1a1a1a1a1b2	O2a2b	5	Resolved	O2a2b1a1a1a1	12	Resolved
111-1706-9958	Han Gansu	O2a2b1a1a1a2a1a	O2a2b	5	Resolved	O2a2b1a1a1a2	12	Resolved
111-1702-5213	Han Gansu	O2a2b1a1a1a2a1a	O2a2b	5	Resolved	O2a2b1a1a1a2	12	Resolved
111-1721-4358	Han Gansu	O2a2b1a1a1a3a1	O2a2b	5	Resolved	O2a2b1a1a1a3	12	Resolved
111-1910-5883	Han Gansu	O2a2b1a1a1a3a1a2	O2a2b	5	Resolved	O2a2b1a1a1a3	12	Resolved
111-1663-2993	Han Gansu	O2a2b1a1a1a4a	O2a2b	5	Resolved	O2a2b1a1a1a4a*	13	Unresolved
111-1592-1982	Han Gansu	O2a2b1a1a1a4a2	O2a2b	5	Resolved	O2a2b1a1a1a4a2*	14	Unresolved
111-1854-1774	Han Gansu	O2a2b1a1a1a4a2	O2a2b	5	Resolved	O2a2b1a1a1a4a2*	14	Unresolved
111-1782-8272	Han Gansu	O2a2b1a1a1a5a	O2a2b	5	Resolved	O2a2b1a1a1a5	12	Resolved
111-1893-5108	Han Gansu	O2a2b1a1a1b	O2a2b	5	Resolved	O2a2b1a1a1b	11	Resolved
111-1735-7895	Han Gansu	O2a2b1a1a1c1	O2a2b	5	Resolved	O2a2b1a1a1c	11	Resolved
QPKZ18134-18505E-T125V1-AB-20180514cap81-18R06039	Han Gansu	O2a2b1a1a1c1a1	O2a2b	5	Resolved	O2a2b1a1a1c	11	Resolved
111-1525-1171	Han Gansu	O2a2b1a1a1c1a1a1	O2a2b	5	Resolved	O2a2b1a1a1c	11	Resolved
111-1642-9753	Han Gansu	O2a2b1a1a1c1a1a1	O2a2b	5	Resolved	O2a2b1a1a1c	11	Resolved
111-1904-2973	Han Gansu	O2a2b1a1a1c1a1a1	O2a2b	5	Resolved	O2a2b1a1a1c	11	Resolved
111-1799-4687	Han Gansu	O2a2b1a1a1d2	O2a2b	5	Resolved	O2a2b1a1a1d	11	Resolved
111-1867-8739	Han Gansu	O2a2b1a1a1g	O2a2b	5	Resolved	O2a2b1a1a1g	11	Resolved
111-1521-9058	Hui Gansu	O2a2b1a2a1a1a1	O2a2b	5	Resolved	O2a2b1a2	8	Resolved
111-1597-9006	Han Gansu	O2a2b1a2a1a1a2	O2a2b	5	Resolved	O2a2b1a2	8	Resolved
111-1819-7605	Han Gansu	O2a2b1a2a1a1a2a1a1a	O2a2b	5	Resolved	O2a2b1a2	8	Resolved
111-1778-0051	Han Gansu	O2a2b1a2a1a1a2a1a1a	O2a2b	5	Resolved	O2a2b1a2	8	Resolved
111-1607-1181	Han Gansu	O2a2b1a2a1a1b	O2a2b	5	Resolved	O2a2b1a2	8	Resolved
Y5794	Han Gansu	O2a2b1a2a1a1b1b	O2a2b	5	Resolved	O2a2b1a2	8	Resolved
111-1911-0658	Han Gansu	O2a2b1a2a1a1b1b2b1	O2a2b	5	Resolved	O2a2b1a2	8	Resolved
111-1873-3285	Han Gansu	O2a2b1a2a1a1b1b2b1a	O2a2b	5	Resolved	O2a2b1a2	8	Resolved
111-1363-3351	Han Gansu	O2a2b1a2a1a1b1b2b1a	O2a2b	5	Resolved	O2a2b1a2	8	Resolved
111-1758-3423	Han Gansu	O2a2b1a2a1a1b1b2b2	O2a2b	5	Resolved	O2a2b1a2	8	Resolved
111-1727-7698	Han Gansu	O2a2b1a2a1a1b1b2b2	O2a2b	5	Resolved	O2a2b1a2	8	Resolved
111-1721-3962	Han Gansu	O2a2b1a2a1a1b1b2b2	O2a2b	5	Resolved	O2a2b1a2	8	Resolved
111-1692-2551	Han Gansu	O2a2b1a2a2a	O2a2b	5	Resolved	O2a2b1a2	8	Resolved
111-1700-1125	Han Gansu	O2a2b1a2a2a	O2a2b	5	Resolved	O2a2b1a2	8	Resolved
111-1692-0397	Han Gansu	O2a2b1a2a2a	O2a2b	5	Resolved	O2a2b1a2	8	Resolved
111-1698-8915	Han Gansu	O2a2b1a2a2a	O2a2b	5	Resolved	O2a2b1a2	8	Resolved
111-1840-8831	Han Gansu	O2a2b1a2a2b1	O2a2b	5	Resolved	O2a2b1a2	8	Resolved
111-1435-0844	Han Gansu	O2a2b1a2a2b1a	O2a2b	5	Resolved	O2a2b1a2	8	Resolved
111-1325-9896	Han Gansu	O2a2b1a2a2b1a	O2a2b	5	Resolved	O2a2b1a2	8	Resolved
111-1248-4022	Han Gansu	O2a2b2a1	O2a2b	5	Resolved	O2a2b2a1	8	Resolved
111-1242-0082	Han Gansu	O2a2b2a1	O2a2b	5	Resolved	O2a2b2a1	8	Resolved
111-1854-6885	Han Gansu	O2a2b2a1a1	O2a2b	5	Resolved	O2a2b2a1	8	Resolved
111-1812-8340	Han Gansu	O2a2b2a1b	O2a2b	5	Resolved	O2a2b2a1	8	Resolved
111-1918-6301	Han Gansu	O2a2b2a1b1	O2a2b	5	Resolved	O2a2b2a1	8	Resolved
111-1273-3212	Han Gansu	Q1a1a1	Q1a1a	5	Resolved	Q1a1a1*	6	Unresolved
990-0002-4987	Han Gansu	Q1a1a1a	Q1a1a	5	Resolved	Q1a1a1a*	7	Unresolved
111-1448-6628	Han Gansu	Q1a1a2	Q1a1a	5	Resolved	Q1a1a2	6	Resolved
111-1252-1802	Han Gansu	Q1b1a3a1	Q1b1a	5	Resolved	Q1b1	4	Resolved
111-1916-6600	Han Gansu	R1a1a1b2	R1a1a	5	Resolved	R1a1a1b2	8	Resolved
990-0012-7879	Han Gansu	R1a1a1b2a2a1	R1a1a	5	Resolved	R1a1a1b2	8	Resolved
111-1894-2540	Han Gansu	R1a1a1b2a2a1c3a	R1a1a	5	Resolved	R1a1a1b2	8	Resolved
111-1807-9697	Han Gansu	R1a1a1b2a2a1d4	R1a1a	5	Resolved	R1a1a1b2	8	Resolved
111-1822-1409	Han Gansu	R1a1a1b2a2b2	R1a1a	5	Resolved	R1a1a1b2	8	Resolved
111-1867-8913	Han Gansu	R1b	R1b*	5	Unresolved	R1b*	3	Unresolved
111-1844-0411	Han Gansu	R1b1a1a1b1	R1b1a	5	Resolved	R1b1a1a	7	Resolved
111-1833-4369	Han Gansu	R1b1a1a1b1	R1b1a	5	Resolved	R1b1a1a	7	Resolved
111-1796-0064	Han Gansu	R1b1a2a1c	R1b1a	5	Resolved	R1b1a2	6	Resolved
111-1843-7466	Han Gansu	R1b2b2	R1b2b	5	Resolved	R1b2	4	Resolved
GSRD008117A00_BB0_01	Zang Gansu	O2a2b1a1a1e	O2a2b	5	Resolved	O2a2b1a1a1e	11	Resolved
000-0500-2119	Han Gansu	C2a1a1b1a	C2a1a	5	Resolved	C2a	3	Resolved
000-0500-2163	Han Gansu	C2a1a1b1a	C2a1a	5	Resolved	C2a	3	Resolved
000-0500-1865	Han Gansu	C2a1a1b1a	C2a1a	5	Resolved	C2a	3	Resolved
111-1908-1392	Han Gansu	C2a1a1b1a	C2a1a	5	Resolved	C2a	3	Resolved
111-1318-5935	Han Gansu	C2a1a1b1a	C2a1a	5	Resolved	C2a	3	Resolved
Y5970	Han Gansu	C2a1a1b1b	C2a1a	5	Resolved	C2a	3	Resolved
111-1303-2598	Han Gansu	C2a1a1b1b	C2a1a	5	Resolved	C2a	3	Resolved
990-0002-7285	Hui Gansu	C2a1a2a2b	C2a1a	5	Resolved	C2a	3	Resolved
111-1972-1250	Han Gansu	C2a1a3a1	C2a1a	5	Resolved	C2a	3	Resolved
111-1980-0887	Han Gansu	C2a1a3a1	C2a1a	5	Resolved	C2a	3	Resolved
111-1973-2003	Hui Gansu	C2a1a3a1	C2a1a	5	Resolved	C2a	3	Resolved
111-1974-9162	Hui Gansu	C2a1a3a1	C2a1a	5	Resolved	C2a	3	Resolved
111-1975-5941	Hui Gansu	C2a1a3a1	C2a1a	5	Resolved	C2a	3	Resolved
111-1978-5689	Hui Gansu	C2a1a3a1	C2a1a	5	Resolved	C2a	3	Resolved
111-1654-3190	Han Gansu	C2a1a3a1	C2a1a	5	Resolved	C2a	3	Resolved
111-1886-4262	Han Gansu	C2a1a3a1	C2a1a	5	Resolved	C2a	3	Resolved
111-1760-5217	Han Gansu	C2a1a3a6	C2a1a	5	Resolved	C2a	3	Resolved
000-0500-1949	Han Gansu	C2b1a1a1a1	C2b1a	5	Resolved	C2b1a1a	7	Resolved
111-1798-7313	Han Gansu	C2b1a1a1a1	C2b1a	5	Resolved	C2b1a1a	7	Resolved
111-1855-5931	Han Gansu	C2b1a2a1a	C2b1a	5	Resolved	C2b1a2	6	Resolved
111-1822-2994	Han Gansu	C2b1a2a2	C2b1a	5	Resolved	C2b1a2	6	Resolved
111-1229-8773	Han Gansu	C2b1a2a2	C2b1a	5	Resolved	C2b1a2	6	Resolved
111-1883-5682	Han Gansu	C2b1a2a2	C2b1a	5	Resolved	C2b1a2	6	Resolved
111-1186-3880	Hui Gansu	C2b1a2a2	C2b1a	5	Resolved	C2b1a2	6	Resolved
111-1842-0260	Han Gansu	C2b1a2a2b1a	C2b1a	5	Resolved	C2b1a2	6	Resolved
111-1852-6122	Han Gansu	C2b1a2a2b1a2	C2b1a	5	Resolved	C2b1a2	6	Resolved
111-1857-3515	Han Gansu	C2b1a2b2	C2b1a	5	Resolved	C2b1a2	6	Resolved
111-1192-6806	Hui Gansu	C2b1b1b2	C2b1b	5	Resolved	C2b1b	5	Resolved
111-1972-0840	Han Gansu	D1a1a1a1a1b	D1a1a	5	Resolved	D1a1a1a1a1b*	11	Unresolved
111-1973-3567	Han Gansu	D1a1a1a1a1b	D1a1a	5	Resolved	D1a1a1a1a1b*	11	Unresolved
111-1974-8769	Han Gansu	D1a1a1a1a1b	D1a1a	5	Resolved	D1a1a1a1a1b*	11	Unresolved
111-1980-2119	Han Gansu	D1a1a1a1a1b	D1a1a	5	Resolved	D1a1a1a1a1b*	11	Unresolved
111-1822-8545	Han Gansu	D1a1a1a1a1b	D1a1a	5	Resolved	D1a1a1a1a1b*	11	Unresolved
111-1348-4410	Han Gansu	D1a1a1a1a1b	D1a1a	5	Resolved	D1a1a1a1a1b*	11	Unresolved
111-1770-0028	Hui Gansu	D1a1a1a1a1b	D1a1a	5	Resolved	D1a1a1a1a1b*	11	Unresolved
111-1839-1836	Han Gansu	D1a1a1a1b	D1a1a	5	Resolved	D1a1a1a1b*	9	Unresolved
111-1683-4717	Han Gansu	D1a1b1a	D1a1b	5	Resolved	D1a1b	5	Resolved
111-1904-1136	Han Gansu	D1a1b1a	D1a1b	5	Resolved	D1a1b	5	Resolved
111-1881-3895	Han Gansu	D1a1b1a	D1a1b	5	Resolved	D1a1b	5	Resolved
111-1973-2164	Han Gansu	E1b1a1a1a2a1a3b1a1	E1b1a	5	Resolved	E1b1a1a1a2	10	Resolved
111-1974-2125	Han Gansu	E1b1a1a1a2a1a3b1a1	E1b1a	5	Resolved	E1b1a1a1a2	10	Resolved
111-1863-0324	Han Gansu	G2a2a1a3	G2a2a	5	Resolved	G	1	Resolved
111-1891-3823	Hui Gansu	G2a2b2a1	G2a2b	5	Resolved	G	1	Resolved
111-1865-3651	Han Gansu	G2a2b2a4a	G2a2b	5	Resolved	G	1	Resolved
111-1764-1192	Hui Gansu	H1a1a4b2a	H1a1a	5	Resolved	H	1	Resolved
111-1825-2175	Hui Gansu	J2a1a1a2b2a3b1a1	J2a1a	5	Resolved	J2	2	Resolved
111-1746-5347	Han Gansu	J2a1a1b2a1a1	J2a1a	5	Resolved	J2	2	Resolved
111-1757-9907	Han Gansu	J2a2a1a1a	J2a2a	5	Resolved	J2	2	Resolved
000-0500-1899	Han Gansu	N1a	N1a*	5	Unresolved	N1a*	3	Unresolved
000-0500-1891	Han Gansu	N1a	N1a*	5	Unresolved	N1a*	3	Unresolved
Cntl-2110_BB1_02-jiace1	Hui Gansu	N1a	N1a*	5	Unresolved	N1a*	3	Unresolved
111-1897-0000	Han Gansu	N1a1a1a1a3a2	N1a1a	5	Resolved	N1a1a1	6	Resolved
GYF-0601981_BB0_00	Han Gansu	N1a1a1a1a4a2	N1a1a	5	Resolved	N1a1a1	6	Resolved
111-1589-7195	Han Gansu	N1a2a1a2	N1a2a	5	Resolved	N1a2	4	Resolved
111-1232-9354	Han Gansu	N1a2b3	N1a2b	5	Resolved	N1a2	4	Resolved
111-1596-6815	Han Gansu	N1a3	N1a3*	5	Unresolved	N1a3	4	Resolved
GYF-6211339_BB0_00	Han Gansu	N1a3	N1a3*	5	Unresolved	N1a3	4	Resolved
111-1348-4625	Han Gansu	N1b1a1a	N1b1a	5	Resolved	N1b1a	5	Resolved
GYF-0601989_BB0_00	Han Gansu	N1b1a2b1a	N1b1a	5	Resolved	N1b1a	5	Resolved
Y5565	Han Gansu	N1b2	N1b2*	5	Unresolved	N1b2*	4	Unresolved
111-1856-8504	Han Gansu	N1b2	N1b2*	5	Unresolved	N1b2*	4	Unresolved
111-1855-5283	Han Gansu	N1b2	N1b2*	5	Unresolved	N1b2*	4	Unresolved
111-1660-4600	Han Gansu	N1b2	N1b2*	5	Unresolved	N1b2*	4	Unresolved
111-1972-6606	Han Gansu	O1a1a1a1a1a	O1a1a	5	Resolved	O1a	3	Resolved
111-1235-2116	Han Gansu	O1a1a1a1a1a1b1a2	O1a1a	5	Resolved	O1a	3	Resolved
990-0002-3072	Han Gansu	O1a1a1a1a1a1f	O1a1a	5	Resolved	O1a	3	Resolved
111-1512-0552	Han Gansu	O1a1a1a1a2	O1a1a	5	Resolved	O1a	3	Resolved
111-1873-3971	Han Gansu	O1a1a2a2	O1a1a	5	Resolved	O1a	3	Resolved
111-1772-1962	Han Gansu	O1a1a2a3	O1a1a	5	Resolved	O1a	3	Resolved
111-1284-9739	Han Gansu	O1a1b1a2	O1a1b	5	Resolved	O1a	3	Resolved
111-1397-5130	Han Gansu	O1a3a	O1a3a	5	Resolved	O1a	3	Resolved
111-1346-0056	Han Gansu	O1a3a	O1a3a	5	Resolved	O1a	3	Resolved
111-1974-9674	Han Gansu	O1b1a1a1a1a1a1a1b	O1b1a	5	Resolved	O1b1a1a1a1a1a1a1	16	Resolved
111-1981-0824	Han Gansu	O1b1a1a1a1a1a1a1b	O1b1a	5	Resolved	O1b1a1a1a1a1a1a1	16	Resolved
111-1802-7285	Han Gansu	O1b1a1a1a1b1a1a	O1b1a	5	Resolved	O1b1a1a1a1b1	12	Resolved
111-1912-4808	Han Gansu	O1b1a1a1a1b1a1a1	O1b1a	5	Resolved	O1b1a1a1a1b1	12	Resolved
111-1684-2774	Han Gansu	O1b1a1a1a2	O1b1a	5	Resolved	O1b1a1a1a2	10	Resolved
111-1324-8784	Han Gansu	O1b1a1a1a2a	O1b1a	5	Resolved	O1b1a1a1a2	10	Resolved
111-1596-3555	Han Gansu	O1b1a1a1a2a	O1b1a	5	Resolved	O1b1a1a1a2	10	Resolved
111-1875-3634	Han Gansu	O1b1a1a1a2a1	O1b1a	5	Resolved	O1b1a1a1a2	10	Resolved
111-1910-4893	Han Gansu	O1b1a1a1b2	O1b1a	5	Resolved	O1b1a1a1b2	10	Resolved
111-1662-8477	Hui Gansu	O1b1a1b	O1b1a	5	Resolved	O1b1a1b	7	Resolved
111-1976-3175	Han Gansu	O1b1a2a1	O1b1a	5	Resolved	O1b1a2	6	Resolved
111-1980-2829	Han Gansu	O1b1a2a1	O1b1a	5	Resolved	O1b1a2	6	Resolved
111-1837-1081	Han Gansu	O1b1a2b1a	O1b1a	5	Resolved	O1b1a2	6	Resolved
111-1801-7521	Han Gansu	O2a1a1b1a2b2b	O2a1a	5	Resolved	O2a1a	5	Resolved
111-1895-6141	Han Gansu	O2a1a1b1a2b2b3	O2a1a	5	Resolved	O2a1a	5	Resolved
111-1723-8514	Hui Gansu	O2a1b1a1a1a1a1a1b1	O2a1b	5	Resolved	O2a1b	5	Resolved
111-1408-1496	Han Gansu	O2a1b1a1a1a1a1b1a1	O2a1b	5	Resolved	O2a1b	5	Resolved
111-1220-8321	Han Gansu	O2a1b1a1a1a1b1a1d1a	O2a1b	5	Resolved	O2a1b	5	Resolved
111-1670-1095	Han Gansu	O2a1b1a1a1a1c1	O2a1b	5	Resolved	O2a1b	5	Resolved
111-1820-8066	Hui Gansu	O2a1b1a1a1a1c1a1	O2a1b	5	Resolved	O2a1b	5	Resolved
111-1840-9586	Han Gansu	O2a1b1a1a1a1e1	O2a1b	5	Resolved	O2a1b	5	Resolved
111-1813-3771	Han Gansu	O2a1b1a1a1a1e1a1b	O2a1b	5	Resolved	O2a1b	5	Resolved
111-1498-8429	Han Gansu	O2a1b1a1a1a1e2	O2a1b	5	Resolved	O2a1b	5	Resolved
111-1863-0843	Han Gansu	O2a1b1a1a1a1e2a2	O2a1b	5	Resolved	O2a1b	5	Resolved
111-1316-5258	Han Gansu	O2a1b1a1a1a1f1	O2a1b	5	Resolved	O2a1b	5	Resolved
111-1386-2997	Han Gansu	O2a1b1a1a1a1f1a1	O2a1b	5	Resolved	O2a1b	5	Resolved
111-1858-2180	Han Gansu	O2a1b1a1a1a1f2a	O2a1b	5	Resolved	O2a1b	5	Resolved
111-1695-9120	Han Gansu	O2a1b1a1b	O2a1b	5	Resolved	O2a1b	5	Resolved
111-1326-6719	Han Gansu	O2a1b1a2a1a1a1	O2a1b	5	Resolved	O2a1b	5	Resolved
111-1904-3741	Han Gansu	O2a1b1a2a1a1a1	O2a1b	5	Resolved	O2a1b	5	Resolved
111-1390-1252	Han Gansu	O2a1b1a2a1a1a1	O2a1b	5	Resolved	O2a1b	5	Resolved
111-1229-8384	Han Gansu	O2a1b1a2a1a1a1	O2a1b	5	Resolved	O2a1b	5	Resolved
111-1971-2524	Han Gansu	O2a1b1a2a2a1b1	O2a1b	5	Resolved	O2a1b	5	Resolved
111-1972-6347	Han Gansu	O2a1b1a2a2a1b1	O2a1b	5	Resolved	O2a1b	5	Resolved
111-1972-7153	Han Gansu	O2a1b1a2a2a1b1	O2a1b	5	Resolved	O2a1b	5	Resolved
111-1977-5703	Han Gansu	O2a1b1a2a2a1b1	O2a1b	5	Resolved	O2a1b	5	Resolved
111-1978-0851	Han Gansu	O2a1b1a2a2a1b1	O2a1b	5	Resolved	O2a1b	5	Resolved
111-1978-0950	Han Gansu	O2a1b1a2a2a1b1	O2a1b	5	Resolved	O2a1b	5	Resolved
111-1976-1812	Hui Gansu	O2a1b1a2a2a1b1	O2a1b	5	Resolved	O2a1b	5	Resolved
111-1979-3059	Hui Gansu	O2a1b1a2a2a1b1	O2a1b	5	Resolved	O2a1b	5	Resolved
111-1243-9930	Han Gansu	O2a1b1a2a2a1b1	O2a1b	5	Resolved	O2a1b	5	Resolved
111-1812-4588	Han Gansu	O2a1b1a2a2a1b1	O2a1b	5	Resolved	O2a1b	5	Resolved
Y7250	Han Gansu	O2a1b1a2b2b	O2a1b	5	Resolved	O2a1b	5	Resolved
111-1843-2300	Han Gansu	O2a2a1a1b	O2a2a	5	Resolved	O2a2a1a1b	9	Resolved
111-1786-9664	Han Gansu	O2a2a1a1b2b2a1b1	O2a2a	5	Resolved	O2a2a1a1b	9	Resolved
990-0012-2287	Han Gansu	O2a2a1a2a1a1a1	O2a2a	5	Resolved	O2a2a1a2a1a1a1	14	Resolved
111-1303-8392	Han Gansu	O2a2a1a2a1a1a1a	O2a2a	5	Resolved	O2a2a1a2a1a1a1	14	Resolved
111-1867-6704	Han Gansu	O2a2a1a2a1a1a2a1a1a	O2a2a	5	Resolved	O2a2a1a2a1a1a2a1	16	Resolved
111-1870-9952	Han Gansu	O2a2a1a2a1a1a2b	O2a2a	5	Resolved	O2a2a1a2a1a1a2b	15	Resolved
111-1261-0421	Han Gansu	O2a2a1a2a1a1b2	O2a2a	5	Resolved	O2a2a1a2a1a1b	13	Resolved
QPKZ18134-18505E-T125V1-AD-20180514cap139-18R05994	Han Gansu	O2a2b1a1a1a1a1b1a1b	O2a2b	5	Resolved	O2a2b1a1a1a1	12	Resolved
111-1699-0246	Han Gansu	O2a2b1a1a1a1a1b1a1b2a2	O2a2b	5	Resolved	O2a2b1a1a1a1	12	Resolved
111-1870-0065	Han Gansu	O2a2b1a1a1a1a1b1a2a	O2a2b	5	Resolved	O2a2b1a1a1a1	12	Resolved
111-1911-6414	Han Gansu	O2a2b1a1a1a1a1b1a2a	O2a2b	5	Resolved	O2a2b1a1a1a1	12	Resolved
111-1620-7443	Han Gansu	O2a2b1a1a1a2a1a	O2a2b	5	Resolved	O2a2b1a1a1a2	12	Resolved
111-1417-9872	Han Gansu	O2a2b1a1a1a2a1a	O2a2b	5	Resolved	O2a2b1a1a1a2	12	Resolved
111-1859-7412	Han Gansu	O2a2b1a1a1a2a1a	O2a2b	5	Resolved	O2a2b1a1a1a2	12	Resolved
111-1831-9335	Han Gansu	O2a2b1a1a1a2a1a1	O2a2b	5	Resolved	O2a2b1a1a1a2	12	Resolved
111-1378-6439	Han Gansu	O2a2b1a1a1a2a1a1	O2a2b	5	Resolved	O2a2b1a1a1a2	12	Resolved
111-1352-9302	Han Gansu	O2a2b1a1a1a2a1a1	O2a2b	5	Resolved	O2a2b1a1a1a2	12	Resolved
Y3177	Han Gansu	O2a2b1a1a1a3a1a	O2a2b	5	Resolved	O2a2b1a1a1a3	12	Resolved
111-1910-1632	Han Gansu	O2a2b1a1a1a3a1a1	O2a2b	5	Resolved	O2a2b1a1a1a3	12	Resolved
111-1980-1426	Hui Gansu	O2a2b1a1a1a4a	O2a2b	5	Resolved	O2a2b1a1a1a4a*	13	Unresolved
111-1885-0005	Han Gansu	O2a2b1a1a1a4a	O2a2b	5	Resolved	O2a2b1a1a1a4a*	13	Unresolved
111-1902-5389	Han Gansu	O2a2b1a1a1a4a	O2a2b	5	Resolved	O2a2b1a1a1a4a*	13	Unresolved
111-1808-3915	Han Gansu	O2a2b1a1a1a4a	O2a2b	5	Resolved	O2a2b1a1a1a4a*	13	Unresolved
111-1750-1748	Han Gansu	O2a2b1a1a1b2	O2a2b	5	Resolved	O2a2b1a1a1b	11	Resolved
111-1828-0543	Han Gansu	O2a2b1a1a1b2	O2a2b	5	Resolved	O2a2b1a1a1b	11	Resolved
111-1923-1230	Han Gansu	O2a2b1a1a1b2	O2a2b	5	Resolved	O2a2b1a1a1b	11	Resolved
111-1864-1801	Han Gansu	O2a2b1a1a1c1a1a	O2a2b	5	Resolved	O2a2b1a1a1c	11	Resolved
111-1712-3483	Hui Gansu	O2a2b1a1a1c1a1a	O2a2b	5	Resolved	O2a2b1a1a1c	11	Resolved
111-1779-4980	Hui Gansu	O2a2b1a1a1c1a1a1	O2a2b	5	Resolved	O2a2b1a1a1c	11	Resolved
111-1736-2776	Hui Gansu	O2a2b1a1a1c1b	O2a2b	5	Resolved	O2a2b1a1a1c	11	Resolved
111-1397-6786	Han Gansu	O2a2b1a1a1e	O2a2b	5	Resolved	O2a2b1a1a1e	11	Resolved
111-1330-1533	Han Gansu	O2a2b1a2a1	O2a2b	5	Resolved	O2a2b1a2	8	Resolved
111-1599-8878	Han Gansu	O2a2b1a2a1a	O2a2b	5	Resolved	O2a2b1a2	8	Resolved
111-1250-2689	Hui Gansu	O2a2b1a2a1a1a1	O2a2b	5	Resolved	O2a2b1a2	8	Resolved
111-1403-3327	Han Gansu	O2a2b1a2a1a1a1a1a	O2a2b	5	Resolved	O2a2b1a2	8	Resolved
111-1590-7337	Han Gansu	O2a2b1a2a1a1a1a1a	O2a2b	5	Resolved	O2a2b1a2	8	Resolved
111-1652-8258	Han Gansu	O2a2b1a2a1a1a1a1a1a1a	O2a2b	5	Resolved	O2a2b1a2	8	Resolved
111-1210-2216	Han Gansu	O2a2b1a2a1a1a1a1a1a1a	O2a2b	5	Resolved	O2a2b1a2	8	Resolved
111-1787-2244	Han Gansu	O2a2b1a2a1a1a2a	O2a2b	5	Resolved	O2a2b1a2	8	Resolved
111-1901-4116	Han Gansu	O2a2b1a2a1a1a2a1a1	O2a2b	5	Resolved	O2a2b1a2	8	Resolved
Y5487	Han Gansu	O2a2b1a2a1a1b	O2a2b	5	Resolved	O2a2b1a2	8	Resolved
111-1914-3090	Han Gansu	O2a2b1a2a1a1b	O2a2b	5	Resolved	O2a2b1a2	8	Resolved
111-1182-1774	Han Gansu	O2a2b1a2a1a1b1b2b1	O2a2b	5	Resolved	O2a2b1a2	8	Resolved
111-1697-3287	Hui Gansu	O2a2b1a2a1a1b1b2b1	O2a2b	5	Resolved	O2a2b1a2	8	Resolved
111-1257-6444	Han Gansu	O2a2b1a2a1a1b1b2b1a	O2a2b	5	Resolved	O2a2b1a2	8	Resolved
111-1726-7958	Han Gansu	O2a2b1a2a1a1b1b2b2	O2a2b	5	Resolved	O2a2b1a2	8	Resolved
990-0000-3876	Han Gansu	O2a2b1a2a1a1b1b2b2	O2a2b	5	Resolved	O2a2b1a2	8	Resolved
111-1832-3028	Han Gansu	O2a2b1a2a1a4a1	O2a2b	5	Resolved	O2a2b1a2	8	Resolved
111-1691-4501	Han Gansu	O2a2b1a2a2a	O2a2b	5	Resolved	O2a2b1a2	8	Resolved
111-1753-3572	Han Gansu	O2a2b1a2a2a	O2a2b	5	Resolved	O2a2b1a2	8	Resolved
111-1670-0425	Han Gansu	O2a2b2a1a	O2a2b	5	Resolved	O2a2b2a1	8	Resolved
111-1698-8229	Han Gansu	O2a2b2a1a2	O2a2b	5	Resolved	O2a2b2a1	8	Resolved
111-1880-5340	Han Gansu	O2a2b2a1b	O2a2b	5	Resolved	O2a2b2a1	8	Resolved
Y5489	Han Gansu	O2a2b2a1b2	O2a2b	5	Resolved	O2a2b2a1	8	Resolved
111-1824-1087	Han Gansu	O2b1a	O2b1a	5	Resolved	O2b	3	Resolved
111-1864-4260	Han Gansu	O2b1a1	O2b1a	5	Resolved	O2b	3	Resolved
111-1837-2460	Han Gansu	O2b1a1	O2b1a	5	Resolved	O2b	3	Resolved
111-1236-9688	Han Gansu	O2b1a1a	O2b1a	5	Resolved	O2b	3	Resolved
111-1852-1301	Han Gansu	O2b1a1a1	O2b1a	5	Resolved	O2b	3	Resolved
111-1839-1485	Han Gansu	Q1a1a1a	Q1a1a	5	Resolved	Q1a1a1a*	7	Unresolved
111-1783-5324	Han Gansu	Q1a1a1a	Q1a1a	5	Resolved	Q1a1a1a*	7	Unresolved
111-1653-1883	Han Gansu	Q1a1a1a	Q1a1a	5	Resolved	Q1a1a1a*	7	Unresolved
111-1846-3847	Hui Gansu	Q1b1a3b3	Q1b1a	5	Resolved	Q1b1	4	Resolved
111-1744-5295	Hui Gansu	Q1b2a1a1	Q1b2a	5	Resolved	Q1b2	4	Resolved
111-1819-4024	Hui Gansu	Q2a2	Q2a2*	5	Unresolved	Q2	2	Resolved
111-1717-3655	Han Gansu	Q2b2a	Q2b2a	5	Resolved	Q2	2	Resolved
111-1735-8809	Hui Gansu	R1a1a1b1a1a1c1f1	R1a1a	5	Resolved	R1a1a1b1	8	Resolved
111-1740-7217	Hui Gansu	R1a1a1b1a1a1c1f1	R1a1a	5	Resolved	R1a1a1b1	8	Resolved
990-0012-7886	Han Gansu	R1a1a1b2a2a1	R1a1a	5	Resolved	R1a1a1b2	8	Resolved
111-1828-1304	Hui Gansu	R1a1a1b2a2a1	R1a1a	5	Resolved	R1a1a1b2	8	Resolved
111-1666-9616	Han Gansu	R1a1a1b2a2a1d5	R1a1a	5	Resolved	R1a1a1b2	8	Resolved
111-1801-0881	Hui Gansu	R1a1a1b2a2a1d5	R1a1a	5	Resolved	R1a1a1b2	8	Resolved
111-1978-4941	Han Gansu	R1a1a1b2a3	R1a1a	5	Resolved	R1a1a1b2	8	Resolved
111-1799-8821	Hui Gansu	R1a1a1b2g	R1a1a	5	Resolved	R1a1a1b2	8	Resolved
111-1703-1740	Hui Gansu	R1b1a1b1b3a1a1b	R1b1a	5	Resolved	R1b1a1b1b	9	Resolved
111-1739-5644	Hui Gansu	R1b1a2	R1b1a	5	Resolved	R1b1a2	6	Resolved
111-1801-5534	Hui Gansu	R1b1a2b1	R1b1a	5	Resolved	R1b1a2	6	Resolved
Cntl-2410_BB1_02-jiace1	Zang Gansu	D1a1a1a1a1b	D1a1a	5	Resolved	D1a1a1a1a1b*	11	Unresolved
Cntl-2102_BB1_02-jiace2	Zang Gansu	D1a1a1a1a1b	D1a1a	5	Resolved	D1a1a1a1a1b*	11	Unresolved
Cntl-2398_BB1_02	Zang Gansu	D1a1a1a1a1b	D1a1a	5	Resolved	D1a1a1a1a1b*	11	Unresolved
Cntl-2135_BB1_02	Zang Gansu	D1a1a1a1a1b	D1a1a	5	Resolved	D1a1a1a1a1b*	11	Unresolved
Cntl-1963_BB1_02	Zang Gansu	D1a1a1a1a1b	D1a1a	5	Resolved	D1a1a1a1a1b*	11	Unresolved
Cntl-2379_BB1_02	Zang Gansu	D1a1a1a1a1b	D1a1a	5	Resolved	D1a1a1a1a1b*	11	Unresolved
Cntl-2449_BB1_02	Zang Gansu	D1a1a1a1a1b	D1a1a	5	Resolved	D1a1a1a1a1b*	11	Unresolved
Cntl-2407_BB1_02-jiace1	Zang Gansu	D1a1a1a1a1b	D1a1a	5	Resolved	D1a1a1a1a1b*	11	Unresolved
Cntl-2402_BB1_02	Zang Gansu	D1a1b1a	D1a1b	5	Resolved	D1a1b	5	Resolved
Cntl-2412_BB1_02	Zang Gansu	D1a1b1a	D1a1b	5	Resolved	D1a1b	5	Resolved
Cntl-2116_BB1_02	Zang Gansu	D1a1b1a	D1a1b	5	Resolved	D1a1b	5	Resolved
Cntl-2137_BB1_02	Zang Gansu	D1a1b1a	D1a1b	5	Resolved	D1a1b	5	Resolved
Cntl-2140_BB1_02	Zang Gansu	D1a1b1a3	D1a1b	5	Resolved	D1a1b	5	Resolved
2BT20080100049	Zang Gansu	N1a2b3	N1a2b	5	Resolved	N1a2	4	Resolved
Cntl-2061_BB0_00	Zang Gansu	O2a1a	O2a1a	5	Resolved	O2a1a	5	Resolved
2BT20080100045	Zang Gansu	O2a1b1a1a1a1	O2a1b	5	Resolved	O2a1b	5	Resolved
2BT20080100044	Zang Gansu	O2a1b1a1a1a1e1a2a1	O2a1b	5	Resolved	O2a1b	5	Resolved
Cntl-2413_BB1_02	Zang Gansu	O2a1b1a1a1a1e2	O2a1b	5	Resolved	O2a1b	5	Resolved
Cntl-2109_BB1_02	Zang Gansu	O2a2b1a1a1a4a	O2a2b	5	Resolved	O2a2b1a1a1a4a*	13	Unresolved
2BT20080100068	Zang Gansu	O2a2b1a2a1a1a2a1	O2a2b	5	Resolved	O2a2b1a2	8	Resolved
2BT20080100084	Zang Gansu	O2a2b1a2a1a1a2a1	O2a2b	5	Resolved	O2a2b1a2	8	Resolved
2BT20080100050	Zang Gansu	O2a2b1a2a1a1b1b2b1	O2a2b	5	Resolved	O2a2b1a2	8	Resolved
Cntl-2176_BB1_02-jiace1	Zang Gansu	Q1a1a1b1	Q1a1a	5	Resolved	Q1a1a1b	7	Resolved
Cntl-2392_BB1_02	Zang Gansu	R1a1a1b2a2a1	R1a1a	5	Resolved	R1a1a1b2	8	Resolved
HG00630	Han Guangdong	C2b2	C2b2*	5	Unresolved	C2b2	4	Resolved
HG00628	Han Guangdong	C2b2	C2b2*	5	Unresolved	C2b2	4	Resolved
023-0000-2533	Han Guangdong	F	F*	5	Unresolved	F*	1	Unresolved
023-0000-2462	Han Guangdong	F	F*	5	Unresolved	F*	1	Unresolved
023-0000-2496	Han Guangdong	F	F*	5	Unresolved	F*	1	Unresolved
023-0000-2508	Han Guangdong	F	F*	5	Unresolved	F*	1	Unresolved
023-0000-2497	Han Guangdong	F	F*	5	Unresolved	F*	1	Unresolved
023-0000-2558	Han Guangdong	F	F*	5	Unresolved	F*	1	Unresolved
023-0000-2484	Han Guangdong	F	F*	5	Unresolved	F*	1	Unresolved
023-0000-2500	Han Guangdong	F	F*	5	Unresolved	F*	1	Unresolved
023-0000-2503	Han Guangdong	F	F*	5	Unresolved	F*	1	Unresolved
023-0000-2532	Han Guangdong	F	F*	5	Unresolved	F*	1	Unresolved
023-0000-2545	Han Guangdong	F	F*	5	Unresolved	F*	1	Unresolved
023-0000-2554	Han Guangdong	F	F*	5	Unresolved	F*	1	Unresolved
023-0000-2477	Han Guangdong	F	F*	5	Unresolved	F*	1	Unresolved
023-0000-2534	Han Guangdong	F	F*	5	Unresolved	F*	1	Unresolved
023-0000-2549	Han Guangdong	F2	F2*	5	Unresolved	F2	2	Resolved
GDong-105_BB0_00	Han Guangdong	N1a2a1a2	N1a2a	5	Resolved	N1a2	4	Resolved
GDong-260_BB0_00	Han Guangdong	N1a2a1a2	N1a2a	5	Resolved	N1a2	4	Resolved
GDSY-002_BB0_00	Han Guangdong	N1b1b	N1b1b	5	Resolved	N1b1b	5	Resolved
GDSY-006_BB0_00	Han Guangdong	N1b1b	N1b1b	5	Resolved	N1b1b	5	Resolved
HG00595	Han Guangdong	O1a1a1a1a1a1b	O1a1a	5	Resolved	O1a	3	Resolved
HG00577	Han Guangdong	O1a1a1a1a1a1b	O1a1a	5	Resolved	O1a	3	Resolved
HG00580	Han Guangdong	O1a1a2a1a2	O1a1a	5	Resolved	O1a	3	Resolved
HG00703	Han Guangdong	O1b1a1a1a1a1a1a1a1a1a	O1b1a	5	Resolved	O1b1a1a1a1a1a1a1	16	Resolved
HG00701	Han Guangdong	O1b1a1a1a1a1a1a1a1a1a	O1b1a	5	Resolved	O1b1a1a1a1a1a1a1	16	Resolved
HG00728	Han Guangdong	O1b1a1a1a1a1b1a1a1	O1b1a	5	Resolved	O1b1a1a1a1a1b	13	Resolved
HG00418	Han Guangdong	O1b1a1a2	O1b1a	5	Resolved	O1b1a1a2	8	Resolved
HG00442	Han Guangdong	O1b1a1a2	O1b1a	5	Resolved	O1b1a1a2	8	Resolved
HG00420	Han Guangdong	O1b1a1a2	O1b1a	5	Resolved	O1b1a1a2	8	Resolved
HG00444	Han Guangdong	O1b1a1a2	O1b1a	5	Resolved	O1b1a1a2	8	Resolved
HG00459	Han Guangdong	O1b1a1b1a1b2	O1b1a	5	Resolved	O1b1a1b	7	Resolved
HG00457	Han Guangdong	O1b1a1b1a1b2	O1b1a	5	Resolved	O1b1a1b	7	Resolved
HG00636	Han Guangdong	O1b1a2a1	O1b1a	5	Resolved	O1b1a2	6	Resolved
HG00634	Han Guangdong	O1b1a2a1	O1b1a	5	Resolved	O1b1a2	6	Resolved
HG00406	Han Guangdong	O1b1a2c	O1b1a	5	Resolved	O1b1a2	6	Resolved
HG00532	Han Guangdong	O1b2a1a2b	O1b2a	5	Resolved	O1b2	4	Resolved
HG00530	Han Guangdong	O1b2a1a2b	O1b2a	5	Resolved	O1b2	4	Resolved
HG00535	Han Guangdong	O1b2a1a2b	O1b2a	5	Resolved	O1b2	4	Resolved
HG00533	Han Guangdong	O1b2a1a2b	O1b2a	5	Resolved	O1b2	4	Resolved
HG00448	Han Guangdong	O2a1a1a1a	O2a1a	5	Resolved	O2a1a	5	Resolved
HG00480	Han Guangdong	O2a1a1a1a2	O2a1a	5	Resolved	O2a1a	5	Resolved
HG00478	Han Guangdong	O2a1a1a1a2	O2a1a	5	Resolved	O2a1a	5	Resolved
HG00463	Han Guangdong	O2a1a1a1b1	O2a1a	5	Resolved	O2a1a	5	Resolved
HG00500	Han Guangdong	O2a1a1a1b1	O2a1a	5	Resolved	O2a1a	5	Resolved
HG00542	Han Guangdong	O2a1a1a1b1	O2a1a	5	Resolved	O2a1a	5	Resolved
HG00538	Han Guangdong	O2a1a1a1b1	O2a1a	5	Resolved	O2a1a	5	Resolved
HG00477	Han Guangdong	O2a1a1a1b1	O2a1a	5	Resolved	O2a1a	5	Resolved
HG00536	Han Guangdong	O2a1a1a1b1	O2a1a	5	Resolved	O2a1a	5	Resolved
HG00465	Han Guangdong	O2a1a1a1b1	O2a1a	5	Resolved	O2a1a	5	Resolved
HG00475	Han Guangdong	O2a1a1a1b1	O2a1a	5	Resolved	O2a1a	5	Resolved
HG00502	Han Guangdong	O2a1a1a1b1	O2a1a	5	Resolved	O2a1a	5	Resolved
HG00613	Han Guangdong	O2a1b1a1a1a1a1a1a1a1	O2a1b	5	Resolved	O2a1b	5	Resolved
HG00451	Han Guangdong	O2a1b1a1a1a1a1a1a1a2a	O2a1b	5	Resolved	O2a1b	5	Resolved
HG00436	Han Guangdong	O2a1b1a1a1a1a1a1a1a2a1a	O2a1b	5	Resolved	O2a1b	5	Resolved
HG00421	Han Guangdong	O2a1b1a1a1a1a1a1a2a	O2a1b	5	Resolved	O2a1b	5	Resolved
HG00707	Han Guangdong	O2a1b1a1a1a1a1a1a2b	O2a1b	5	Resolved	O2a1b	5	Resolved
HG00709	Han Guangdong	O2a1b1a1a1a1a1a1a2b	O2a1b	5	Resolved	O2a1b	5	Resolved
HG00445	Han Guangdong	O2a1b1a1a1a1a1a1b1e	O2a1b	5	Resolved	O2a1b	5	Resolved
HG00403	Han Guangdong	O2a1b1a1a1a1f2b	O2a1b	5	Resolved	O2a1b	5	Resolved
HG00609	Han Guangdong	O2a1b1a1a1a1h1	O2a1b	5	Resolved	O2a1b	5	Resolved
HG00607	Han Guangdong	O2a1b1a1a1a1h1	O2a1b	5	Resolved	O2a1b	5	Resolved
HG00472	Han Guangdong	O2a1b1a2a1a1a1b1	O2a1b	5	Resolved	O2a1b	5	Resolved
HG00474	Han Guangdong	O2a1b1a2a1a1a1b1	O2a1b	5	Resolved	O2a1b	5	Resolved
HG00610	Han Guangdong	O2a1b1a2a2b	O2a1b	5	Resolved	O2a1b	5	Resolved
HG00664	Han Guangdong	O2a2a1a1a1a	O2a2a	5	Resolved	O2a2a1a1a1	10	Resolved
HG00673	Han Guangdong	O2a2a1a1a1a	O2a2a	5	Resolved	O2a2a1a1a1	10	Resolved
HG00674	Han Guangdong	O2a2a1a1a1a	O2a2a	5	Resolved	O2a2a1a1a1	10	Resolved
HG00694	Han Guangdong	O2a2a1a1a1a	O2a2a	5	Resolved	O2a2a1a1a1	10	Resolved
HG00671	Han Guangdong	O2a2a1a1a1a	O2a2a	5	Resolved	O2a2a1a1a1	10	Resolved
HG00658	Han Guangdong	O2a2a1a1a1a	O2a2a	5	Resolved	O2a2a1a1a1	10	Resolved
HG00704	Han Guangdong	O2a2a1a1a1a	O2a2a	5	Resolved	O2a2a1a1a1	10	Resolved
HG00650	Han Guangdong	O2a2a1a1a1a	O2a2a	5	Resolved	O2a2a1a1a1	10	Resolved
HG00692	Han Guangdong	O2a2a1a1a1a	O2a2a	5	Resolved	O2a2a1a1a1	10	Resolved
HG00698	Han Guangdong	O2a2a1a1a1a	O2a2a	5	Resolved	O2a2a1a1a1	10	Resolved
HG00706	Han Guangdong	O2a2a1a1a1a	O2a2a	5	Resolved	O2a2a1a1a1	10	Resolved
HG00691	Han Guangdong	O2a2a1a1a1a	O2a2a	5	Resolved	O2a2a1a1a1	10	Resolved
HG00656	Han Guangdong	O2a2a1a1a1a	O2a2a	5	Resolved	O2a2a1a1a1	10	Resolved
HG00689	Han Guangdong	O2a2a1a1a1a	O2a2a	5	Resolved	O2a2a1a1a1	10	Resolved
HG00662	Han Guangdong	O2a2a1a1a1a	O2a2a	5	Resolved	O2a2a1a1a1	10	Resolved
111-1832-2526	Han Guangdong	O2a2a1a2a1a	O2a2a	5	Resolved	O2a2a1a2a1a*	11	Unresolved
111-1254-7093	Han Guangdong	O2a2a1a2a1a	O2a2a	5	Resolved	O2a2a1a2a1a*	11	Unresolved
111-1667-3033	Han Guangdong	O2a2a1a2a1a1	O2a2a	5	Resolved	O2a2a1a2a1a1*	12	Unresolved
111-1749-8697	Han Guangdong	O2a2a1a2a1a1	O2a2a	5	Resolved	O2a2a1a2a1a1*	12	Unresolved
111-1778-5100	Han Guangdong	O2a2a1a2a1a1	O2a2a	5	Resolved	O2a2a1a2a1a1*	12	Unresolved
111-1825-7224	Han Guangdong	O2a2a1a2a1a1	O2a2a	5	Resolved	O2a2a1a2a1a1*	12	Unresolved
111-1800-9366	Han Guangdong	O2a2a1a2a1a1a1a	O2a2a	5	Resolved	O2a2a1a2a1a1a1	14	Resolved
111-1545-5241	Han Guangdong	O2a2a1a2a1a1a2a	O2a2a	5	Resolved	O2a2a1a2a1a1a2a*	15	Unresolved
111-1602-8314	Han Guangdong	O2a2a1a2a1a1a2a	O2a2a	5	Resolved	O2a2a1a2a1a1a2a*	15	Unresolved
111-1834-1725	Han Guangdong	O2a2a1a2a1a1a2a2	O2a2a	5	Resolved	O2a2a1a2a1a1a2a2	16	Resolved
111-1726-4872	Han Guangdong	O2a2a1a2a1a1a2b	O2a2a	5	Resolved	O2a2a1a2a1a1a2b	15	Resolved
111-1851-1296	Han Guangdong	O2a2a1a2a1a1a2b	O2a2a	5	Resolved	O2a2a1a2a1a1a2b	15	Resolved
111-1699-8617	Han Guangdong	O2a2a1a2a1a1b1	O2a2a	5	Resolved	O2a2a1a2a1a1b	13	Resolved
HG00653	Han Guangdong	O2a2a1a2a1a1b2	O2a2a	5	Resolved	O2a2a1a2a1a1b	13	Resolved
111-1842-2271	Han Guangdong	O2a2a1a2a1a1b2	O2a2a	5	Resolved	O2a2a1a2a1a1b	13	Resolved
111-1823-8513	Han Guangdong	O2a2a1a2a1b	O2a2a	5	Resolved	O2a2a1a2a1b	11	Resolved
111-1837-1609	Han Guangdong	O2a2a1a2a1b	O2a2a	5	Resolved	O2a2a1a2a1b	11	Resolved
111-1827-0162	Han Guangdong	O2a2a1a2a1b	O2a2a	5	Resolved	O2a2a1a2a1b	11	Resolved
111-1291-8466	Han Guangdong	O2a2a1a2a1b	O2a2a	5	Resolved	O2a2a1a2a1b	11	Resolved
111-1257-8028	Han Guangdong	O2a2a1a2a1b1	O2a2a	5	Resolved	O2a2a1a2a1b	11	Resolved
111-1227-7198	Han Guangdong	O2a2a1a2a1b1a	O2a2a	5	Resolved	O2a2a1a2a1b	11	Resolved
111-1243-7547	Han Guangdong	O2a2a1a2a1b1a	O2a2a	5	Resolved	O2a2a1a2a1b	11	Resolved
111-1849-7057	Han Guangdong	O2a2a1a2a1b1a	O2a2a	5	Resolved	O2a2a1a2a1b	11	Resolved
111-1806-0879	Han Guangdong	O2a2a1a2a1b1a1	O2a2a	5	Resolved	O2a2a1a2a1b	11	Resolved
111-1833-1160	Han Guangdong	O2a2a1a2a1b1a1	O2a2a	5	Resolved	O2a2a1a2a1b	11	Resolved
111-1701-1544	Han Guangdong	O2a2a1a2a3a	O2a2a	5	Resolved	O2a2a1a2a3	10	Resolved
HG00622	Han Guangdong	O2a2a2a2	O2a2a	5	Resolved	O2a2a2	6	Resolved
HG00627	Han Guangdong	O2a2a2a2	O2a2a	5	Resolved	O2a2a2	6	Resolved
HG00625	Han Guangdong	O2a2a2a2	O2a2a	5	Resolved	O2a2a2	6	Resolved
HG00409	Han Guangdong	O2a2b1a1a1a1	O2a2b	5	Resolved	O2a2b1a1a1a1	12	Resolved
HG00621	Han Guangdong	O2a2b1a1a1a3a1a1	O2a2b	5	Resolved	O2a2b1a1a1a3	12	Resolved
HG00619	Han Guangdong	O2a2b1a1a1a3a1a1	O2a2b	5	Resolved	O2a2b1a1a1a3	12	Resolved
HG00592	Han Guangdong	O2a2b1a1a1b	O2a2b	5	Resolved	O2a2b1a1a1b	11	Resolved
HG00594	Han Guangdong	O2a2b1a1a1b	O2a2b	5	Resolved	O2a2b1a1a1b	11	Resolved
HG00565	Han Guangdong	O2a2b1a1a1c1a1a1	O2a2b	5	Resolved	O2a2b1a1a1c	11	Resolved
HG00567	Han Guangdong	O2a2b1a1a1c1a1a1	O2a2b	5	Resolved	O2a2b1a1a1c	11	Resolved
HG00598	Han Guangdong	O2a2b1a1a1c1a1a2a	O2a2b	5	Resolved	O2a2b1a1a1c	11	Resolved
HG00683	Han Guangdong	O2a2b1a2a1a1a1a1a1a	O2a2b	5	Resolved	O2a2b1a2	8	Resolved
HG00685	Han Guangdong	O2a2b1a2a1a1a1a1a1a	O2a2b	5	Resolved	O2a2b1a2	8	Resolved
HG00583	Han Guangdong	O2a2b1a2a1a1b1	O2a2b	5	Resolved	O2a2b1a2	8	Resolved
HG00591	Han Guangdong	O2a2b1a2a1a1b1b1	O2a2b	5	Resolved	O2a2b1a2	8	Resolved
HG00589	Han Guangdong	O2a2b1a2a1a1b1b1	O2a2b	5	Resolved	O2a2b1a2	8	Resolved
HG00526	Han Guangdong	O2a2b1a2a1a1b1b2b2	O2a2b	5	Resolved	O2a2b1a2	8	Resolved
HG00524	Han Guangdong	O2a2b1a2a1a1b1b2b2	O2a2b	5	Resolved	O2a2b1a2	8	Resolved
HG00512	Han Guangdong	O2a2b1a2a1a1b1b2b2	O2a2b	5	Resolved	O2a2b1a2	8	Resolved
HG00429	Han Guangdong	O2a2b1a2a1a2a1a	O2a2b	5	Resolved	O2a2b1a2	8	Resolved
HG00427	Han Guangdong	O2a2b1a2a1a2a1a	O2a2b	5	Resolved	O2a2b1a2	8	Resolved
HG00556	Han Guangdong	O2a2b2a1a1	O2a2b	5	Resolved	O2a2b2a1	8	Resolved
HG00631	Han Guangdong	O2a2b2a1b1	O2a2b	5	Resolved	O2a2b2a1	8	Resolved
HG00559	Han Guangdong	O2b1a1a1a1	O2b1a	5	Resolved	O2b	3	Resolved
GSRD008418A01_BB0_01	Yao Guangxi	C1b1a2b	C1b1a	5	Resolved	C1b1a2	6	Resolved
GSRD009237A00_BB0_00	Yao Guangxi	C1b1a2b	C1b1a	5	Resolved	C1b1a2	6	Resolved
GX-1032_BB0_00	Yao Guangxi	D1a1a1b2	D1a1a	5	Resolved	D1a1a1b	7	Resolved
GX-0519_BB0_00	Yao Guangxi	N1b2a	N1b2a	5	Resolved	N1b2a	5	Resolved
GSRD009285A01_BB0_01	Yao Guangxi	O1a1a1a1a1a1b1a2	O1a1a	5	Resolved	O1a	3	Resolved
GX-0105_BB0_00	Yao Guangxi	O1a1a1a1a1a1c	O1a1a	5	Resolved	O1a	3	Resolved
GX-0644_BB0_00	Yao Guangxi	O1a1a1b1b	O1a1a	5	Resolved	O1a	3	Resolved
GX10151A03_BB0_01	Yao Guangxi	O1a1a1b1b1b1	O1a1a	5	Resolved	O1a	3	Resolved
GX-1090_BB1_02-jiace1	Yao Guangxi	O1b1a	O1b1a	5	Resolved	O1b1a*	5	Unresolved
111-1647-7808	Yao Guangxi	O1b1a	O1b1a	5	Resolved	O1b1a*	5	Unresolved
111-1324-2553	Yao Guangxi	O1b1a	O1b1a	5	Resolved	O1b1a*	5	Unresolved
GSRD009302A00_BB0_01	Yao Guangxi	O1b1a1a1a1a1a1a2b	O1b1a	5	Resolved	O1b1a1a1a1a1a1a2	16	Resolved
111-1751-0191	Yao Guangxi	O1b1a1a1a1b1a1a1a3	O1b1a	5	Resolved	O1b1a1a1a1b1	12	Resolved
GX-0449_BB0_00	Yao Guangxi	O1b1a1a1a1b2a1a1a	O1b1a	5	Resolved	O1b1a1a1a1b2a1a1a	17	Resolved
111-1706-6681	Yao Guangxi	O1b1a1b1b	O1b1a	5	Resolved	O1b1a1b	7	Resolved
GX-0453_BB0_00	Yao Guangxi	O2a1b1a1a1a1a1a1b1	O2a1b	5	Resolved	O2a1b	5	Resolved
GX-1049_BB0_00	Yao Guangxi	O2a1b1a1a1a1a1b1a1	O2a1b	5	Resolved	O2a1b	5	Resolved
111-1197-8195	Yao Guangxi	O2a2a1a1a1b1	O2a2a	5	Resolved	O2a2a1a1a1	10	Resolved
GX-0080_BB0_00	Yao Guangxi	O2a2a1a2a1a1	O2a2a	5	Resolved	O2a2a1a2a1a1*	12	Unresolved
GSRD009519A00_BB0_01	Yao Guangxi	O2a2b1a1a1c1a1a2a	O2a2b	5	Resolved	O2a2b1a1a1c	11	Resolved
GX-0211_BB0_00	Han Guangxi	C2b1a1	C2b1a	5	Resolved	C2b1a1*	6	Unresolved
GX10135A00_BB0_01	Han Guangxi	C2b1a2a1a2	C2b1a	5	Resolved	C2b1a2	6	Resolved
GSRD010297A01_BB0_01	Han Guangxi	C2b1a2b	C2b1a	5	Resolved	C2b1a2	6	Resolved
GX-0697_BB0_00	Han Guangxi	C2b1b1g	C2b1b	5	Resolved	C2b1b	5	Resolved
GX-0674_BB0_00	Han Guangxi	C2b2	C2b2*	5	Unresolved	C2b2	4	Resolved
GX-0539_BB0_00	Han Guangxi	C2b2	C2b2*	5	Unresolved	C2b2	4	Resolved
GX-0396_BB0_00	Han Guangxi	D1a1a1a1a1b2	D1a1a	5	Resolved	D1a1a1a1a1b2	12	Resolved
GSRD009276A03_BB0_01	Han Guangxi	D1a1a1a1a1b2	D1a1a	5	Resolved	D1a1a1a1a1b2	12	Resolved
GSRD009276A00_BB0_01	Han Guangxi	D1a1a1a1a1b2	D1a1a	5	Resolved	D1a1a1a1a1b2	12	Resolved
111-1704-3149	Han Guangxi	D1a1a1a1b	D1a1a	5	Resolved	D1a1a1a1b*	9	Unresolved
GSRD009242A00_BB0_00	Han Guangxi	D1a1a1a1b	D1a1a	5	Resolved	D1a1a1a1b*	9	Unresolved
GSRD010963A00_BB0_01	Han Guangxi	D1a1a1b1b	D1a1a	5	Resolved	D1a1a1b	7	Resolved
GSRD009541A00_BB0_01	Han Guangxi	D1a1a1b2	D1a1a	5	Resolved	D1a1a1b	7	Resolved
GSRD009501A00_BB0_01	Han Guangxi	D1a1a1b2	D1a1a	5	Resolved	D1a1a1b	7	Resolved
GX-0684_BB0_00	Han Guangxi	D1a1a1b2	D1a1a	5	Resolved	D1a1a1b	7	Resolved
GX10013A00_BB0_00	Han Guangxi	D1a1a1b2	D1a1a	5	Resolved	D1a1a1b	7	Resolved
GSRD010959A00_BB0_01	Han Guangxi	D1a1a1b2	D1a1a	5	Resolved	D1a1a1b	7	Resolved
GX-0585_BB0_00	Han Guangxi	D1a1a1b2	D1a1a	5	Resolved	D1a1a1b	7	Resolved
GX-0599_BB0_00	Han Guangxi	D1a1a1b2	D1a1a	5	Resolved	D1a1a1b	7	Resolved
GX-0624_BB0_00	Han Guangxi	D1a1a1b2	D1a1a	5	Resolved	D1a1a1b	7	Resolved
GX-0556_BB0_00	Han Guangxi	D1a1a1b2	D1a1a	5	Resolved	D1a1a1b	7	Resolved
023-0000-2543	Han Guangxi	F	F*	5	Unresolved	F*	1	Unresolved
023-0000-2499	Han Guangxi	F	F*	5	Unresolved	F*	1	Unresolved
111-1835-1038	Han Guangxi	F	F*	5	Unresolved	F*	1	Unresolved
GX-0127_BB0_00	Han Guangxi	N1a1a3	N1a1a	5	Resolved	N1a1a3	6	Resolved
GX-0641_BB0_00	Han Guangxi	N1a2a1a2	N1a2a	5	Resolved	N1a2	4	Resolved
GX-0160_BB0_00	Han Guangxi	N1b1a1b	N1b1a	5	Resolved	N1b1a	5	Resolved
GSRD009539A00_BB0_01	Han Guangxi	N1b1a1b	N1b1a	5	Resolved	N1b1a	5	Resolved
GX-0618_BB0_00	Han Guangxi	N1b1a2b1a	N1b1a	5	Resolved	N1b1a	5	Resolved
990-0001-0881	Han Guangxi	N1b1b	N1b1b	5	Resolved	N1b1b	5	Resolved
111-1660-1296	Han Guangxi	N1b1b	N1b1b	5	Resolved	N1b1b	5	Resolved
GSRD008886A00_BB0_01	Han Guangxi	N1b1b	N1b1b	5	Resolved	N1b1b	5	Resolved
111-1757-3523	Han Guangxi	N1b2	N1b2*	5	Unresolved	N1b2*	4	Unresolved
GX-1212_BB1_01	Han Guangxi	N1b2	N1b2*	5	Unresolved	N1b2*	4	Unresolved
GX-0351_BB0_00	Han Guangxi	N1b2	N1b2*	5	Unresolved	N1b2*	4	Unresolved
GX-0070_BB0_00	Han Guangxi	N1b2	N1b2*	5	Unresolved	N1b2*	4	Unresolved
GX-0036_BB0_00	Han Guangxi	N1b2	N1b2*	5	Unresolved	N1b2*	4	Unresolved
GSRD008915A00_BB0_01	Han Guangxi	N1b2	N1b2*	5	Unresolved	N1b2*	4	Unresolved
GSRD009196A00_BB0_00	Han Guangxi	N1b2	N1b2*	5	Unresolved	N1b2*	4	Unresolved
GSRD009211A00_BB0_00	Han Guangxi	N1b2	N1b2*	5	Unresolved	N1b2*	4	Unresolved
111-1656-6489	Han Guangxi	N1b2a	N1b2a	5	Resolved	N1b2a	5	Resolved
GX-0443_BB0_00	Han Guangxi	N1b2a	N1b2a	5	Resolved	N1b2a	5	Resolved
GX-0591_BB0_00	Han Guangxi	N1b2a	N1b2a	5	Resolved	N1b2a	5	Resolved
GSRD009279A00_BB0_01	Han Guangxi	O1a1a1a1a1a1a1	O1a1a	5	Resolved	O1a	3	Resolved
GX10071A00_BB0_01	Han Guangxi	O1a1a1a1a1a1a7a	O1a1a	5	Resolved	O1a	3	Resolved
111-1726-6685	Han Guangxi	O1a1a1a1a1a1b	O1a1a	5	Resolved	O1a	3	Resolved
GX-0451_BB0_00	Han Guangxi	O1a1a1a1a1a1b1c1	O1a1a	5	Resolved	O1a	3	Resolved
GX-0883_BB0_00	Han Guangxi	O1a1a1a1a1a1b1c1	O1a1a	5	Resolved	O1a	3	Resolved
990-0000-5696	Han Guangxi	O1a1a1a1a1a1b1c2	O1a1a	5	Resolved	O1a	3	Resolved
111-1658-8245	Han Guangxi	O1a1a1a1a1a1c1a1	O1a1a	5	Resolved	O1a	3	Resolved
111-1705-7573	Han Guangxi	O1a1a1a1a1a1c1a1	O1a1a	5	Resolved	O1a	3	Resolved
GSRD009542A00_BB0_01	Han Guangxi	O1a1a1a1a1a1d	O1a1a	5	Resolved	O1a	3	Resolved
111-1778-3809	Han Guangxi	O1a1a1a1a1a1d1a2	O1a1a	5	Resolved	O1a	3	Resolved
GX-0158_BB0_00	Han Guangxi	O1a1a1a1a1a1d1a2	O1a1a	5	Resolved	O1a	3	Resolved
GX-0150_BB0_00	Han Guangxi	O1a1a1a1a1a1d1a2	O1a1a	5	Resolved	O1a	3	Resolved
GSRD009244A00_BB0_00	Han Guangxi	O1a1a1a1a1a1d1a2	O1a1a	5	Resolved	O1a	3	Resolved
GSRD001780A00_BB0_01	Han Guangxi	O1a1a1a1a1a1e1	O1a1a	5	Resolved	O1a	3	Resolved
GX-0315_BB0_00	Han Guangxi	O1a1a1a1a1b	O1a1a	5	Resolved	O1a	3	Resolved
GSRD009300A00_BB0_01	Han Guangxi	O1a1a1a1a1b1a	O1a1a	5	Resolved	O1a	3	Resolved
111-1779-0395	Han Guangxi	O1a1a1a3a	O1a1a	5	Resolved	O1a	3	Resolved
GSRD012743A00_BB0_01	Han Guangxi	O1a1a1a3a	O1a1a	5	Resolved	O1a	3	Resolved
GX-0285_BB0_00	Han Guangxi	O1a1a1a3a	O1a1a	5	Resolved	O1a	3	Resolved
GX-0163_BB0_00	Han Guangxi	O1a1a1a3a	O1a1a	5	Resolved	O1a	3	Resolved
GSRD009187A01_BB0_00	Han Guangxi	O1a1a1b	O1a1a	5	Resolved	O1a	3	Resolved
GSRD009187A00_BB0_00	Han Guangxi	O1a1a1b	O1a1a	5	Resolved	O1a	3	Resolved
GX-0574_BB0_00	Han Guangxi	O1a1a1b1a1	O1a1a	5	Resolved	O1a	3	Resolved
GSRD009197A00_BB0_00	Han Guangxi	O1a1a1b1b	O1a1a	5	Resolved	O1a	3	Resolved
GX-0854_BB0_00	Han Guangxi	O1a1a1b1b	O1a1a	5	Resolved	O1a	3	Resolved
GX10036A00_BB0_00	Han Guangxi	O1a1a1b1b	O1a1a	5	Resolved	O1a	3	Resolved
GX-0526_BB0_00	Han Guangxi	O1a1a1b1b	O1a1a	5	Resolved	O1a	3	Resolved
111-1743-6460	Han Guangxi	O1a1a1b1b1b	O1a1a	5	Resolved	O1a	3	Resolved
GX10015A00_BB0_00	Han Guangxi	O1a1a1b1b1b	O1a1a	5	Resolved	O1a	3	Resolved
GX-0619_BB0_00	Han Guangxi	O1a1a1b1b1b1	O1a1a	5	Resolved	O1a	3	Resolved
GX10012A00_BB0_00	Han Guangxi	O1a1a1b1b1b1	O1a1a	5	Resolved	O1a	3	Resolved
GSRD009287A01_BB0_01	Han Guangxi	O1a1a2a1	O1a1a	5	Resolved	O1a	3	Resolved
GSRD009751A05_BB0_01	Han Guangxi	O1a1a2a1a	O1a1a	5	Resolved	O1a	3	Resolved
GX-0501_BB0_00	Han Guangxi	O1a1a2a1a1	O1a1a	5	Resolved	O1a	3	Resolved
GX-0503_BB0_00	Han Guangxi	O1a1a2a1a1	O1a1a	5	Resolved	O1a	3	Resolved
GX-0669_BB0_00	Han Guangxi	O1a1a2a1a1a	O1a1a	5	Resolved	O1a	3	Resolved
GX-0089_BB0_00	Han Guangxi	O1a1a2a1a1b	O1a1a	5	Resolved	O1a	3	Resolved
GX-0961_BB0_00	Han Guangxi	O1a1a2a1a1b	O1a1a	5	Resolved	O1a	3	Resolved
GX-0102_BB0_00	Han Guangxi	O1a1a2a1a2	O1a1a	5	Resolved	O1a	3	Resolved
GSRD009222A00_BB0_00	Han Guangxi	O1a1a2a1a2	O1a1a	5	Resolved	O1a	3	Resolved
GSRD010975A00_BB0_01	Han Guangxi	O1a1a2a1a2	O1a1a	5	Resolved	O1a	3	Resolved
GX-0266_BB0_00	Han Guangxi	O1a1a2a1a3	O1a1a	5	Resolved	O1a	3	Resolved
GX-0877_BB0_00	Han Guangxi	O1a1a2a1a3	O1a1a	5	Resolved	O1a	3	Resolved
GX-0852_BB0_00	Han Guangxi	O1a1a2a1a3	O1a1a	5	Resolved	O1a	3	Resolved
GX-0858_BB0_00	Han Guangxi	O1a1a2a1a3	O1a1a	5	Resolved	O1a	3	Resolved
GX-0149_BB0_00	Han Guangxi	O1a1a2a1a3a	O1a1a	5	Resolved	O1a	3	Resolved
GSRD010982A00_BB0_01	Han Guangxi	O1a1a2a1a3a	O1a1a	5	Resolved	O1a	3	Resolved
GX-0254_BB0_00	Han Guangxi	O1a1a2a1a3a	O1a1a	5	Resolved	O1a	3	Resolved
GDong-173_BB0_00	Han Guangxi	O1a1a2a1b1a	O1a1a	5	Resolved	O1a	3	Resolved
GX-0291_BB0_00	Han Guangxi	O1a2a2	O1a2a	5	Resolved	O1a	3	Resolved
GX-0633_BB0_00	Han Guangxi	O1a2a2	O1a2a	5	Resolved	O1a	3	Resolved
990-0000-5726	Han Guangxi	O1b1	O1b1*	5	Unresolved	O1b1*	4	Unresolved
111-1713-4052	Han Guangxi	O1b1a	O1b1a	5	Resolved	O1b1a*	5	Unresolved
990-0000-4514	Han Guangxi	O1b1a	O1b1a	5	Resolved	O1b1a*	5	Unresolved
GSRD009310A01_BB0_01	Han Guangxi	O1b1a	O1b1a	5	Resolved	O1b1a*	5	Unresolved
GSRD010948A00_BB0_01	Han Guangxi	O1b1a	O1b1a	5	Resolved	O1b1a*	5	Unresolved
GX-0112_BB0_00	Han Guangxi	O1b1a	O1b1a	5	Resolved	O1b1a*	5	Unresolved
GX-0860_BB0_00	Han Guangxi	O1b1a	O1b1a	5	Resolved	O1b1a*	5	Unresolved
GX10133A00_BB0_01	Han Guangxi	O1b1a	O1b1a	5	Resolved	O1b1a*	5	Unresolved
GX-0575_BB0_00	Han Guangxi	O1b1a1a1a1	O1b1a	5	Resolved	O1b1a1a1a1*	10	Unresolved
GX-0358_BB0_00	Han Guangxi	O1b1a1a1a1a1a	O1b1a	5	Resolved	O1b1a1a1a1a1a*	13	Unresolved
GX-0128_BB0_00	Han Guangxi	O1b1a1a1a1a1a1a1	O1b1a	5	Resolved	O1b1a1a1a1a1a1a1	16	Resolved
GX-0331_BB0_00	Han Guangxi	O1b1a1a1a1a1a1a1	O1b1a	5	Resolved	O1b1a1a1a1a1a1a1	16	Resolved
GX-0688_BB0_00	Han Guangxi	O1b1a1a1a1a1a1a1	O1b1a	5	Resolved	O1b1a1a1a1a1a1a1	16	Resolved
GX-0525_BB0_00	Han Guangxi	O1b1a1a1a1a1a1a1	O1b1a	5	Resolved	O1b1a1a1a1a1a1a1	16	Resolved
GSRD009327A01_BB0_01	Han Guangxi	O1b1a1a1a1a1a1a1a1a1	O1b1a	5	Resolved	O1b1a1a1a1a1a1a1	16	Resolved
GSRD010917A00_BB0_01	Han Guangxi	O1b1a1a1a1a1a1a1a1a1	O1b1a	5	Resolved	O1b1a1a1a1a1a1a1	16	Resolved
GX-0654_BB0_00	Han Guangxi	O1b1a1a1a1a1a1a1a1a1	O1b1a	5	Resolved	O1b1a1a1a1a1a1a1	16	Resolved
GX-0668_BB0_00	Han Guangxi	O1b1a1a1a1a1a1a1a1a1	O1b1a	5	Resolved	O1b1a1a1a1a1a1a1	16	Resolved
GSRD009216A00_BB0_00	Han Guangxi	O1b1a1a1a1a1a1a1a1a1	O1b1a	5	Resolved	O1b1a1a1a1a1a1a1	16	Resolved
GX-0868_BB0_00	Han Guangxi	O1b1a1a1a1a1a1a1a1a1	O1b1a	5	Resolved	O1b1a1a1a1a1a1a1	16	Resolved
GX-0593_BB0_00	Han Guangxi	O1b1a1a1a1a1a1a1a1a1	O1b1a	5	Resolved	O1b1a1a1a1a1a1a1	16	Resolved
GX-0621_BB0_00	Han Guangxi	O1b1a1a1a1a1a1a1a1a1	O1b1a	5	Resolved	O1b1a1a1a1a1a1a1	16	Resolved
GX-0631_BB0_00	Han Guangxi	O1b1a1a1a1a1a1a1a1a1	O1b1a	5	Resolved	O1b1a1a1a1a1a1a1	16	Resolved
GX-0359_BB0_00	Han Guangxi	O1b1a1a1a1a1a1a1a1a1a	O1b1a	5	Resolved	O1b1a1a1a1a1a1a1	16	Resolved
GX-0123_BB0_00	Han Guangxi	O1b1a1a1a1a1a1a1a1a1a	O1b1a	5	Resolved	O1b1a1a1a1a1a1a1	16	Resolved
GX-0579_BB0_00	Han Guangxi	O1b1a1a1a1a1a1a1a1a1a	O1b1a	5	Resolved	O1b1a1a1a1a1a1a1	16	Resolved
111-1656-3587	Han Guangxi	O1b1a1a1a1a1a1a2	O1b1a	5	Resolved	O1b1a1a1a1a1a1a2	16	Resolved
GSRD009289A00_BB0_01	Han Guangxi	O1b1a1a1a1a1a1a2	O1b1a	5	Resolved	O1b1a1a1a1a1a1a2	16	Resolved
GSRD011943A01_BB0_01	Han Guangxi	O1b1a1a1a1a1a1a2a	O1b1a	5	Resolved	O1b1a1a1a1a1a1a2	16	Resolved
111-1774-6026	Han Guangxi	O1b1a1a1a1a1a1b1	O1b1a	5	Resolved	O1b1a1a1a1a1a1b	15	Resolved
GX-0598_BB0_00	Han Guangxi	O1b1a1a1a1a1b	O1b1a	5	Resolved	O1b1a1a1a1a1b	13	Resolved
GSRD012744A00_BB0_01	Han Guangxi	O1b1a1a1a1a1b1b1	O1b1a	5	Resolved	O1b1a1a1a1a1b	13	Resolved
GX-0527_BB0_00	Han Guangxi	O1b1a1a1a1a1b1b1	O1b1a	5	Resolved	O1b1a1a1a1a1b	13	Resolved
GX-0043_BB0_00	Han Guangxi	O1b1a1a1a1a1b1b1	O1b1a	5	Resolved	O1b1a1a1a1a1b	13	Resolved
GX-0661_BB0_00	Han Guangxi	O1b1a1a1a1b1a1a1a3	O1b1a	5	Resolved	O1b1a1a1a1b1	12	Resolved
GX-0006_BB0_00	Han Guangxi	O1b1a1a1a1b1a1a1a3	O1b1a	5	Resolved	O1b1a1a1a1b1	12	Resolved
GX-0662_BB0_00	Han Guangxi	O1b1a1a1a1b1b	O1b1a	5	Resolved	O1b1a1a1a1b1	12	Resolved
GSRD009194A00_BB0_00	Han Guangxi	O1b1a1a1a1b1b	O1b1a	5	Resolved	O1b1a1a1a1b1	12	Resolved
111-1698-5723	Han Guangxi	O1b1a1a1a1b2a	O1b1a	5	Resolved	O1b1a1a1a1b2a*	13	Unresolved
GX-1031_BB0_00	Han Guangxi	O1b1a1a1a1b2a	O1b1a	5	Resolved	O1b1a1a1a1b2a*	13	Unresolved
GX-0609_BB0_00	Han Guangxi	O1b1a1a1a1b2a	O1b1a	5	Resolved	O1b1a1a1a1b2a*	13	Unresolved
GX-0865_BB0_00	Han Guangxi	O1b1a1a1a1b2a1	O1b1a	5	Resolved	O1b1a1a1a1b2a1*	14	Unresolved
111-1654-0328	Han Guangxi	O1b1a1a1a1b2a1a1a	O1b1a	5	Resolved	O1b1a1a1a1b2a1a1a	17	Resolved
111-1747-4806	Han Guangxi	O1b1a1a1a1b2a1a1a	O1b1a	5	Resolved	O1b1a1a1a1b2a1a1a	17	Resolved
111-1761-1478	Han Guangxi	O1b1a1a1a1b2a1a1a	O1b1a	5	Resolved	O1b1a1a1a1b2a1a1a	17	Resolved
111-1775-6094	Han Guangxi	O1b1a1a1a1b2a1a1a	O1b1a	5	Resolved	O1b1a1a1a1b2a1a1a	17	Resolved
111-1777-8065	Han Guangxi	O1b1a1a1a1b2a1a1a	O1b1a	5	Resolved	O1b1a1a1a1b2a1a1a	17	Resolved
GX-0871_BB0_00	Han Guangxi	O1b1a1a1a1b2a1a1a	O1b1a	5	Resolved	O1b1a1a1a1b2a1a1a	17	Resolved
GX-1028_BB0_00	Han Guangxi	O1b1a1a1a1b2a1a1a	O1b1a	5	Resolved	O1b1a1a1a1b2a1a1a	17	Resolved
GSRD009230A00_BB0_00	Han Guangxi	O1b1a1a1a1b2a1a1a	O1b1a	5	Resolved	O1b1a1a1a1b2a1a1a	17	Resolved
GX-0686_BB0_00	Han Guangxi	O1b1a1a1a1b2a1a1a	O1b1a	5	Resolved	O1b1a1a1a1b2a1a1a	17	Resolved
GX-0828_BB0_00	Han Guangxi	O1b1a1a1a1b2a1a1a	O1b1a	5	Resolved	O1b1a1a1a1b2a1a1a	17	Resolved
GX10031A00_BB0_00	Han Guangxi	O1b1a1a1a1b2a1a1a	O1b1a	5	Resolved	O1b1a1a1a1b2a1a1a	17	Resolved
GX-0571_BB0_00	Han Guangxi	O1b1a1a1a1b2a1a1a	O1b1a	5	Resolved	O1b1a1a1a1b2a1a1a	17	Resolved
GX-0582_BB0_00	Han Guangxi	O1b1a1a1a1b2a1a1a	O1b1a	5	Resolved	O1b1a1a1a1b2a1a1a	17	Resolved
GX-0584_BB0_00	Han Guangxi	O1b1a1a1a1b2a1a1a	O1b1a	5	Resolved	O1b1a1a1a1b2a1a1a	17	Resolved
GX-0005_BB0_00	Han Guangxi	O1b1a1a1a1b2a1a1a	O1b1a	5	Resolved	O1b1a1a1a1b2a1a1a	17	Resolved
GX-0542_BB0_00	Han Guangxi	O1b1a1a1a1b2a1a1a	O1b1a	5	Resolved	O1b1a1a1a1b2a1a1a	17	Resolved
GSRD009274A01_BB0_01	Han Guangxi	O1b1a1a1a1b2a1b	O1b1a	5	Resolved	O1b1a1a1a1b2a1b	15	Resolved
GSRD009274A00_BB0_01	Han Guangxi	O1b1a1a1a1b2a1b	O1b1a	5	Resolved	O1b1a1a1a1b2a1b	15	Resolved
GX-0751_BB0_00	Han Guangxi	O1b1a1a1a1b2a1b	O1b1a	5	Resolved	O1b1a1a1a1b2a1b	15	Resolved
GSRD009228A00_BB0_00	Han Guangxi	O1b1a1a1a2a	O1b1a	5	Resolved	O1b1a1a1a2	10	Resolved
GX-0237_BB0_00	Han Guangxi	O1b1a1a1b	O1b1a	5	Resolved	O1b1a1a1b*	9	Unresolved
GX-0578_BB0_00	Han Guangxi	O1b1a1a1b	O1b1a	5	Resolved	O1b1a1a1b*	9	Unresolved
GSRD011963A00_BB0_01	Han Guangxi	O1b1a1a1b1	O1b1a	5	Resolved	O1b1a1a1b1*	10	Unresolved
GX-0366-1_BB0_00	Han Guangxi	O1b1a1a1b1	O1b1a	5	Resolved	O1b1a1a1b1*	10	Unresolved
GX-0366_BB0_00	Han Guangxi	O1b1a1a1b1	O1b1a	5	Resolved	O1b1a1a1b1*	10	Unresolved
GX-0607_BB0_00	Han Guangxi	O1b1a1a1b1	O1b1a	5	Resolved	O1b1a1a1b1*	10	Unresolved
GX-0552_BB0_00	Han Guangxi	O1b1a1a1b1	O1b1a	5	Resolved	O1b1a1a1b1*	10	Unresolved
111-1642-5137	Han Guangxi	O1b1a1a1b1b1	O1b1a	5	Resolved	O1b1a1a1b1b	11	Resolved
GSRD009236A00_BB0_00	Han Guangxi	O1b1a1a1b1c	O1b1a	5	Resolved	O1b1a1a1b1c	11	Resolved
111-1743-4381	Han Guangxi	O1b1a1a1b2	O1b1a	5	Resolved	O1b1a1a1b2	10	Resolved
GX-0560_BB0_00	Han Guangxi	O1b1a1a1b2	O1b1a	5	Resolved	O1b1a1a1b2	10	Resolved
GSRD009522A00_BB0_01	Han Guangxi	O1b1a1a1b2	O1b1a	5	Resolved	O1b1a1a1b2	10	Resolved
GSRD010923A00_BB0_01	Han Guangxi	O1b1a1a1b2	O1b1a	5	Resolved	O1b1a1a1b2	10	Resolved
GSRD010930A00_BB0_01	Han Guangxi	O1b1a1a1b2	O1b1a	5	Resolved	O1b1a1a1b2	10	Resolved
GSRD009754A00_BB0_01	Han Guangxi	O1b1a1a1b2	O1b1a	5	Resolved	O1b1a1a1b2	10	Resolved
111-1770-5214	Han Guangxi	O1b1a1b1a	O1b1a	5	Resolved	O1b1a1b	7	Resolved
GX-0441_BB0_00	Han Guangxi	O1b1a1b1a	O1b1a	5	Resolved	O1b1a1b	7	Resolved
GX10148A00_BB0_01	Han Guangxi	O1b1a1b1a1a1	O1b1a	5	Resolved	O1b1a1b	7	Resolved
GX-0872_BB0_00	Han Guangxi	O1b1a1b1a1a1	O1b1a	5	Resolved	O1b1a1b	7	Resolved
GSRD009299A00_BB0_01	Han Guangxi	O1b1a1b1b	O1b1a	5	Resolved	O1b1a1b	7	Resolved
GSRD010935A00_BB0_01	Han Guangxi	O1b1a2a	O1b1a	5	Resolved	O1b1a2	6	Resolved
GX-1148_BB1_01-jiace1	Han Guangxi	O1b1a2a	O1b1a	5	Resolved	O1b1a2	6	Resolved
GX-1076_BB0_00	Han Guangxi	O1b1a2b2	O1b1a	5	Resolved	O1b1a2	6	Resolved
GSRD009513A00_BB0_01	Han Guangxi	O1b1a2c	O1b1a	5	Resolved	O1b1a2	6	Resolved
GX-0154-1_BB0_00	Han Guangxi	O2a1a1a1a	O2a1a	5	Resolved	O2a1a	5	Resolved
GX-0271_BB0_00	Han Guangxi	O2a1a1a1a	O2a1a	5	Resolved	O2a1a	5	Resolved
GSRD009480A00_BB0_01	Han Guangxi	O2a1a1a1a1a1	O2a1a	5	Resolved	O2a1a	5	Resolved
GX-1792_BB0_00	Han Guangxi	O2a1a1a1a1a2	O2a1a	5	Resolved	O2a1a	5	Resolved
GSRD009184A00_BB0_00	Han Guangxi	O2a1a1a1a1a3	O2a1a	5	Resolved	O2a1a	5	Resolved
GX-0589_BB0_00	Han Guangxi	O2a1a1a2a1	O2a1a	5	Resolved	O2a1a	5	Resolved
GSRD009212A00_BB0_00	Han Guangxi	O2a1a1a2a2	O2a1a	5	Resolved	O2a1a	5	Resolved
111-1696-8382	Han Guangxi	O2a1a1b1a1a	O2a1a	5	Resolved	O2a1a	5	Resolved
GX-0695_BB0_00	Han Guangxi	O2a1a1b1a2b2	O2a1a	5	Resolved	O2a1a	5	Resolved
111-1743-7078	Han Guangxi	O2a1b1a1a1a1	O2a1b	5	Resolved	O2a1b	5	Resolved
GX-0320_BB0_00	Han Guangxi	O2a1b1a1a1a1	O2a1b	5	Resolved	O2a1b	5	Resolved
GX-0861_BB0_00	Han Guangxi	O2a1b1a1a1a1	O2a1b	5	Resolved	O2a1b	5	Resolved
GX-0581_BB0_00	Han Guangxi	O2a1b1a1a1a1	O2a1b	5	Resolved	O2a1b	5	Resolved
111-1727-7490	Han Guangxi	O2a1b1a1a1a1a1a1b	O2a1b	5	Resolved	O2a1b	5	Resolved
111-1771-9273	Han Guangxi	O2a1b1a1a1a1a1a1b1	O2a1b	5	Resolved	O2a1b	5	Resolved
GSRD010920A00_BB0_01	Han Guangxi	O2a1b1a1a1a1a1a1b1	O2a1b	5	Resolved	O2a1b	5	Resolved
GSRD012749A01_BB0_01	Han Guangxi	O2a1b1a1a1a1a1a1b1	O2a1b	5	Resolved	O2a1b	5	Resolved
GSRD010913A00_BB0_01	Han Guangxi	O2a1b1a1a1a1a1a1b1b	O2a1b	5	Resolved	O2a1b	5	Resolved
111-1730-4851	Han Guangxi	O2a1b1a1a1a1a1a1b1c	O2a1b	5	Resolved	O2a1b	5	Resolved
GX-0594_BB0_00	Han Guangxi	O2a1b1a1a1a1a1a1b1c	O2a1b	5	Resolved	O2a1b	5	Resolved
GX-0639_BB0_00	Han Guangxi	O2a1b1a1a1a1a1b1a1	O2a1b	5	Resolved	O2a1b	5	Resolved
GX10021A00_BB0_00	Han Guangxi	O2a1b1a1a1a1a1b1a1	O2a1b	5	Resolved	O2a1b	5	Resolved
GSRD009490A00_BB0_01	Han Guangxi	O2a1b1a1a1a1a3	O2a1b	5	Resolved	O2a1b	5	Resolved
GX-0275_BB0_00	Han Guangxi	O2a1b1a1a1a1b1a1	O2a1b	5	Resolved	O2a1b	5	Resolved
GSRD009284A00_BB0_01	Han Guangxi	O2a1b1a1a1a1b1a1	O2a1b	5	Resolved	O2a1b	5	Resolved
GSRD010013A00_BB0_01	Han Guangxi	O2a1b1a1a1a1c1a	O2a1b	5	Resolved	O2a1b	5	Resolved
GX-0963_BB0_00	Han Guangxi	O2a1b1a1a1a1c1a1	O2a1b	5	Resolved	O2a1b	5	Resolved
GSRD010918A00_BB0_01	Han Guangxi	O2a1b1a1a1a1c1a1	O2a1b	5	Resolved	O2a1b	5	Resolved
GDong-383_BB0_00	Han Guangxi	O2a1b1a1a1a1c2	O2a1b	5	Resolved	O2a1b	5	Resolved
GX-0094_BB0_00	Han Guangxi	O2a1b1a1a1a1d	O2a1b	5	Resolved	O2a1b	5	Resolved
GX-0494_BB0_00	Han Guangxi	O2a1b1a1a1a1d	O2a1b	5	Resolved	O2a1b	5	Resolved
GX-0048_BB1_02-jiace1	Han Guangxi	O2a1b1a1a1a1e1	O2a1b	5	Resolved	O2a1b	5	Resolved
GX-0630_BB0_00	Han Guangxi	O2a1b1a1a1a1e2	O2a1b	5	Resolved	O2a1b	5	Resolved
111-1779-3686	Han Guangxi	O2a1b1a1a1a1h1	O2a1b	5	Resolved	O2a1b	5	Resolved
GSRD009182A00_BB0_00	Han Guangxi	O2a1b1a1a1a1h1a	O2a1b	5	Resolved	O2a1b	5	Resolved
GX-0159_BB0_00	Han Guangxi	O2a1b1a1a1a1h2	O2a1b	5	Resolved	O2a1b	5	Resolved
GX-0679_BB0_00	Han Guangxi	O2a1b1a1a1a1l1	O2a1b	5	Resolved	O2a1b	5	Resolved
GSRD009532A00_BB0_01	Han Guangxi	O2a1b1a2a1a1a2b	O2a1b	5	Resolved	O2a1b	5	Resolved
GSRD010954A00_BB0_01	Han Guangxi	O2a1b1a2a1a1b	O2a1b	5	Resolved	O2a1b	5	Resolved
GSRD010919A00_BB0_01	Han Guangxi	O2a1b1b	O2a1b	5	Resolved	O2a1b	5	Resolved
GSRD009514A00_BB0_01	Han Guangxi	O2a2a1a1a1b	O2a2a	5	Resolved	O2a2a1a1a1	10	Resolved
111-1751-9545	Han Guangxi	O2a2a1a1a1b1a	O2a2a	5	Resolved	O2a2a1a1a1	10	Resolved
GX-0133_BB0_00	Han Guangxi	O2a2a1a1a1b1a1	O2a2a	5	Resolved	O2a2a1a1a1	10	Resolved
GX-0549_BB0_00	Han Guangxi	O2a2a1a1a1c1	O2a2a	5	Resolved	O2a2a1a1a1	10	Resolved
111-1735-9769	Han Guangxi	O2a2a1a1b2	O2a2a	5	Resolved	O2a2a1a1b	9	Resolved
111-1818-9105	Han Guangxi	O2a2a1a2a1a	O2a2a	5	Resolved	O2a2a1a2a1a*	11	Unresolved
GX-0830_BB0_00	Han Guangxi	O2a2a1a2a1a1	O2a2a	5	Resolved	O2a2a1a2a1a1*	12	Unresolved
GX-0418_BB0_00	Han Guangxi	O2a2a1a2a1a1	O2a2a	5	Resolved	O2a2a1a2a1a1*	12	Unresolved
111-1714-5003	Han Guangxi	O2a2a1a2a1a1	O2a2a	5	Resolved	O2a2a1a2a1a1*	12	Unresolved
GSRD009192A00_BB0_00	Han Guangxi	O2a2a1a2a1a1	O2a2a	5	Resolved	O2a2a1a2a1a1*	12	Unresolved
GSRD009295A00_BB0_01	Han Guangxi	O2a2a1a2a1a1	O2a2a	5	Resolved	O2a2a1a2a1a1*	12	Unresolved
GSRD009478A00_BB0_01	Han Guangxi	O2a2a1a2a1a1	O2a2a	5	Resolved	O2a2a1a2a1a1*	12	Unresolved
GSRD009478A01_BB0_01	Han Guangxi	O2a2a1a2a1a1	O2a2a	5	Resolved	O2a2a1a2a1a1*	12	Unresolved
GSRD012704A00_BB0_01	Han Guangxi	O2a2a1a2a1a1a2a1a	O2a2a	5	Resolved	O2a2a1a2a1a1a2a1	16	Resolved
GX-0234_BB0_00	Han Guangxi	O2a2a1a2a1a1a2a1a	O2a2a	5	Resolved	O2a2a1a2a1a1a2a1	16	Resolved
GX-0576_BB0_00	Han Guangxi	O2a2a1a2a1a1a2a1a1	O2a2a	5	Resolved	O2a2a1a2a1a1a2a1	16	Resolved
GX-1078_BB0_00	Han Guangxi	O2a2a1a2a1a1a2a1a1a	O2a2a	5	Resolved	O2a2a1a2a1a1a2a1	16	Resolved
GX-0532_BB0_00	Han Guangxi	O2a2a1a2a1a1a2a2	O2a2a	5	Resolved	O2a2a1a2a1a1a2a2	16	Resolved
GX-0435_BB0_00	Han Guangxi	O2a2a1a2a1a1a2b	O2a2a	5	Resolved	O2a2a1a2a1a1a2b	15	Resolved
111-1832-7002	Han Guangxi	O2a2a1a2a1a1b2	O2a2a	5	Resolved	O2a2a1a2a1a1b	13	Resolved
GX-0544_BB0_00	Han Guangxi	O2a2a1a2a1b	O2a2a	5	Resolved	O2a2a1a2a1b	11	Resolved
GX-0050_BB0_00	Han Guangxi	O2a2a1b	O2a2a	5	Resolved	O2a2a1b	7	Resolved
GX-0082_BB0_00	Han Guangxi	O2a2a1b	O2a2a	5	Resolved	O2a2a1b	7	Resolved
GX-0570_BB0_00	Han Guangxi	O2a2a1b	O2a2a	5	Resolved	O2a2a1b	7	Resolved
GSRD009498A00_BB0_01	Han Guangxi	O2a2a2a2	O2a2a	5	Resolved	O2a2a2	6	Resolved
111-1743-5906	Han Guangxi	O2a2b1a1a1	O2a2b	5	Resolved	O2a2b1a1a1*	10	Unresolved
111-1750-9355	Han Guangxi	O2a2b1a1a1a1a1a1a1	O2a2b	5	Resolved	O2a2b1a1a1a1	12	Resolved
GSRD009208A00_BB0_00	Han Guangxi	O2a2b1a1a1a1a1a1a1a	O2a2b	5	Resolved	O2a2b1a1a1a1	12	Resolved
GX-0341_BB0_00	Han Guangxi	O2a2b1a1a1a1a1b1a1	O2a2b	5	Resolved	O2a2b1a1a1a1	12	Resolved
GX-0236_BB0_00	Han Guangxi	O2a2b1a1a1a1a1b1a1b1a	O2a2b	5	Resolved	O2a2b1a1a1a1	12	Resolved
GSRD010825A01_BB0_01	Han Guangxi	O2a2b1a1a1a1a1b1a1b1a	O2a2b	5	Resolved	O2a2b1a1a1a1	12	Resolved
GX-0746_BB0_00	Han Guangxi	O2a2b1a1a1a1a1b1a1b1a	O2a2b	5	Resolved	O2a2b1a1a1a1	12	Resolved
GX-0612_BB0_00	Han Guangxi	O2a2b1a1a1a1a1b1a1b1a	O2a2b	5	Resolved	O2a2b1a1a1a1	12	Resolved
GSRD009241A00_BB0_00	Han Guangxi	O2a2b1a1a1a1a1b1a1b2a1	O2a2b	5	Resolved	O2a2b1a1a1a1	12	Resolved
111-1633-7218	Han Guangxi	O2a2b1a1a1a2a1a	O2a2b	5	Resolved	O2a2b1a1a1a2	12	Resolved
990-0001-3356	Han Guangxi	O2a2b1a1a1a3a1a	O2a2b	5	Resolved	O2a2b1a1a1a3	12	Resolved
GSRD009502A00_BB0_01	Han Guangxi	O2a2b1a1a1a3a1a	O2a2b	5	Resolved	O2a2b1a1a1a3	12	Resolved
111-1744-9170	Han Guangxi	O2a2b1a1a1a3a1a1	O2a2b	5	Resolved	O2a2b1a1a1a3	12	Resolved
990-0000-2763	Han Guangxi	O2a2b1a1a1a3a1a1	O2a2b	5	Resolved	O2a2b1a1a1a3	12	Resolved
GX-0438_BB0_00	Han Guangxi	O2a2b1a1a1a3a1a1	O2a2b	5	Resolved	O2a2b1a1a1a3	12	Resolved
GX-1786_BB0_00	Han Guangxi	O2a2b1a1a1a3a1a1	O2a2b	5	Resolved	O2a2b1a1a1a3	12	Resolved
GX-0151_BB0_00	Han Guangxi	O2a2b1a1a1a3a1a1	O2a2b	5	Resolved	O2a2b1a1a1a3	12	Resolved
GX-0250_BB0_00	Han Guangxi	O2a2b1a1a1a4a	O2a2b	5	Resolved	O2a2b1a1a1a4a*	13	Unresolved
GX-0649_BB0_00	Han Guangxi	O2a2b1a1a1a4a2	O2a2b	5	Resolved	O2a2b1a1a1a4a2*	14	Unresolved
111-1769-1272	Han Guangxi	O2a2b1a1a1a4a2a1	O2a2b	5	Resolved	O2a2b1a1a1a4a2a1	16	Resolved
990-0000-3937	Han Guangxi	O2a2b1a1a1a4a2a1	O2a2b	5	Resolved	O2a2b1a1a1a4a2a1	16	Resolved
111-1751-1860	Han Guangxi	O2a2b1a1a1a4a2a1	O2a2b	5	Resolved	O2a2b1a1a1a4a2a1	16	Resolved
111-1759-1534	Han Guangxi	O2a2b1a1a1a4a2a1	O2a2b	5	Resolved	O2a2b1a1a1a4a2a1	16	Resolved
111-1759-4313	Han Guangxi	O2a2b1a1a1a4a2a1	O2a2b	5	Resolved	O2a2b1a1a1a4a2a1	16	Resolved
111-1767-5623	Han Guangxi	O2a2b1a1a1a4a2a1	O2a2b	5	Resolved	O2a2b1a1a1a4a2a1	16	Resolved
111-1767-7276	Han Guangxi	O2a2b1a1a1a4a2a1	O2a2b	5	Resolved	O2a2b1a1a1a4a2a1	16	Resolved
BY-BJ-242_BB0_00	Han Guangxi	O2a2b1a1a1a4a2a1	O2a2b	5	Resolved	O2a2b1a1a1a4a2a1	16	Resolved
GX-0040_BB0_00	Han Guangxi	O2a2b1a1a1a4a2a1	O2a2b	5	Resolved	O2a2b1a1a1a4a2a1	16	Resolved
GX-0257_BB0_00	Han Guangxi	O2a2b1a1a1a4a2a1	O2a2b	5	Resolved	O2a2b1a1a1a4a2a1	16	Resolved
GX-0557_BB0_00	Han Guangxi	O2a2b1a1a1a4a2a1	O2a2b	5	Resolved	O2a2b1a1a1a4a2a1	16	Resolved
GX-0325_BB0_00	Han Guangxi	O2a2b1a1a1a4a2a1	O2a2b	5	Resolved	O2a2b1a1a1a4a2a1	16	Resolved
GX-0666_BB0_00	Han Guangxi	O2a2b1a1a1a4a2a1	O2a2b	5	Resolved	O2a2b1a1a1a4a2a1	16	Resolved
GX-0689_BB0_00	Han Guangxi	O2a2b1a1a1a4a2a1	O2a2b	5	Resolved	O2a2b1a1a1a4a2a1	16	Resolved
GSRD009497A00_BB0_01	Han Guangxi	O2a2b1a1a1a4a2a1	O2a2b	5	Resolved	O2a2b1a1a1a4a2a1	16	Resolved
GX-0595_BB0_00	Han Guangxi	O2a2b1a1a1a4a2a1	O2a2b	5	Resolved	O2a2b1a1a1a4a2a1	16	Resolved
GX-0617_BB0_00	Han Guangxi	O2a2b1a1a1a4a2a1	O2a2b	5	Resolved	O2a2b1a1a1a4a2a1	16	Resolved
GX-0625_BB0_00	Han Guangxi	O2a2b1a1a1a4a2a1	O2a2b	5	Resolved	O2a2b1a1a1a4a2a1	16	Resolved
GX-0543_BB0_00	Han Guangxi	O2a2b1a1a1a4a2a1	O2a2b	5	Resolved	O2a2b1a1a1a4a2a1	16	Resolved
GX-0562_BB0_00	Han Guangxi	O2a2b1a1a1a4a2a1	O2a2b	5	Resolved	O2a2b1a1a1a4a2a1	16	Resolved
111-1728-6133	Han Guangxi	O2a2b1a1a1a4a2a1a1	O2a2b	5	Resolved	O2a2b1a1a1a4a2a1	16	Resolved
111-1652-9583	Han Guangxi	O2a2b1a1a1a4a2a1a1	O2a2b	5	Resolved	O2a2b1a1a1a4a2a1	16	Resolved
111-1774-5968	Han Guangxi	O2a2b1a1a1a4a2a1a1	O2a2b	5	Resolved	O2a2b1a1a1a4a2a1	16	Resolved
GX-0268_BB0_00	Han Guangxi	O2a2b1a1a1a4a2a1a1	O2a2b	5	Resolved	O2a2b1a1a1a4a2a1	16	Resolved
GX-0272_BB0_00	Han Guangxi	O2a2b1a1a1a4a2a1a1	O2a2b	5	Resolved	O2a2b1a1a1a4a2a1	16	Resolved
GX-0281_BB0_00	Han Guangxi	O2a2b1a1a1a4a2a1a1	O2a2b	5	Resolved	O2a2b1a1a1a4a2a1	16	Resolved
GX-0076_BB0_00	Han Guangxi	O2a2b1a1a1a4a2a1a1	O2a2b	5	Resolved	O2a2b1a1a1a4a2a1	16	Resolved
GX-0960_BB0_00	Han Guangxi	O2a2b1a1a1a4a2a1a1	O2a2b	5	Resolved	O2a2b1a1a1a4a2a1	16	Resolved
GX-0116_BB0_00	Han Guangxi	O2a2b1a1a1a4a2a1a1	O2a2b	5	Resolved	O2a2b1a1a1a4a2a1	16	Resolved
GSRD009061A01_BB0_00	Han Guangxi	O2a2b1a1a1a4a2a1a1	O2a2b	5	Resolved	O2a2b1a1a1a4a2a1	16	Resolved
GX-0145_BB0_00	Han Guangxi	O2a2b1a1a1a4a2a1a1	O2a2b	5	Resolved	O2a2b1a1a1a4a2a1	16	Resolved
GSRD009505A00_BB0_01	Han Guangxi	O2a2b1a1a1a4a2a1a1	O2a2b	5	Resolved	O2a2b1a1a1a4a2a1	16	Resolved
GX-0853_BB0_00	Han Guangxi	O2a2b1a1a1a4a2a1a1	O2a2b	5	Resolved	O2a2b1a1a1a4a2a1	16	Resolved
GX10017A00_BB0_00	Han Guangxi	O2a2b1a1a1a4a2a1a1	O2a2b	5	Resolved	O2a2b1a1a1a4a2a1	16	Resolved
GX-0601_BB0_00	Han Guangxi	O2a2b1a1a1a4a2a1a1	O2a2b	5	Resolved	O2a2b1a1a1a4a2a1	16	Resolved
GX-0640_BB0_00	Han Guangxi	O2a2b1a1a1a4a2a1a1	O2a2b	5	Resolved	O2a2b1a1a1a4a2a1	16	Resolved
GX-0642_BB0_00	Han Guangxi	O2a2b1a1a1a4a2a1a1	O2a2b	5	Resolved	O2a2b1a1a1a4a2a1	16	Resolved
GX-0119_BB0_00	Han Guangxi	O2a2b1a1a1a4a2a1b	O2a2b	5	Resolved	O2a2b1a1a1a4a2a1	16	Resolved
GX-0278_BB0_00	Han Guangxi	O2a2b1a1a1b1a1	O2a2b	5	Resolved	O2a2b1a1a1b	11	Resolved
GX-0227_BB0_00	Han Guangxi	O2a2b1a1a1b1a1a	O2a2b	5	Resolved	O2a2b1a1a1b	11	Resolved
111-1653-9643	Han Guangxi	O2a2b1a1a1c1a1a2a	O2a2b	5	Resolved	O2a2b1a1a1c	11	Resolved
GSRD012611A01_BB1_01	Han Guangxi	O2a2b1a1a1c1a1a2a	O2a2b	5	Resolved	O2a2b1a1a1c	11	Resolved
GX-0314_BB0_00	Han Guangxi	O2a2b1a1a1c1a1a2a	O2a2b	5	Resolved	O2a2b1a1a1c	11	Resolved
GX-0690_BB0_00	Han Guangxi	O2a2b1a1a1c1a1a2a	O2a2b	5	Resolved	O2a2b1a1a1c	11	Resolved
111-1654-2438	Han Guangxi	O2a2b1a1a1e1	O2a2b	5	Resolved	O2a2b1a1a1e	11	Resolved
GX-0481_BB0_00	Han Guangxi	O2a2b1a1a1e2	O2a2b	5	Resolved	O2a2b1a1a1e	11	Resolved
GX-0856_BB0_00	Han Guangxi	O2a2b1a1a1e2	O2a2b	5	Resolved	O2a2b1a1a1e	11	Resolved
GSRD010011A00_BB0_01	Han Guangxi	O2a2b1a1a1e2a	O2a2b	5	Resolved	O2a2b1a1a1e	11	Resolved
GX-0466_BB0_00	Han Guangxi	O2a2b1a2a1a1a1a1a1a1a	O2a2b	5	Resolved	O2a2b1a2	8	Resolved
GX-0474_BB0_00	Han Guangxi	O2a2b1a2a1a1a1a1a1a1a	O2a2b	5	Resolved	O2a2b1a2	8	Resolved
111-1776-4327	Han Guangxi	O2a2b1a2a1a1a2	O2a2b	5	Resolved	O2a2b1a2	8	Resolved
GX-0460_BB0_00	Han Guangxi	O2a2b1a2a1a1a2	O2a2b	5	Resolved	O2a2b1a2	8	Resolved
GSRD013033A01_BB0_01	Han Guangxi	O2a2b1a2a1a1a2	O2a2b	5	Resolved	O2a2b1a2	8	Resolved
GX-0875_BB0_00	Han Guangxi	O2a2b1a2a1a1a2a	O2a2b	5	Resolved	O2a2b1a2	8	Resolved
GSRD009506A00_BB0_01	Han Guangxi	O2a2b1a2a1a1a2a1a1a	O2a2b	5	Resolved	O2a2b1a2	8	Resolved
GX-0869_BB0_00	Han Guangxi	O2a2b1a2a1a1a2a1a1a	O2a2b	5	Resolved	O2a2b1a2	8	Resolved
111-1652-4915	Han Guangxi	O2a2b1a2a1a1b1b2a1	O2a2b	5	Resolved	O2a2b1a2	8	Resolved
GSRD009483A00_BB0_01	Han Guangxi	O2a2b1a2a1a1b1b2b2	O2a2b	5	Resolved	O2a2b1a2	8	Resolved
GX-0231_BB0_00	Han Guangxi	O2a2b1a2a1a1b1b2b2	O2a2b	5	Resolved	O2a2b1a2	8	Resolved
111-1771-2687	Han Guangxi	O2a2b1a2a1a3	O2a2b	5	Resolved	O2a2b1a2	8	Resolved
GX-0573_BB0_00	Han Guangxi	O2a2b1a2a1a4a1	O2a2b	5	Resolved	O2a2b1a2	8	Resolved
GX-0667_BB0_00	Han Guangxi	O2a2b2a1b1	O2a2b	5	Resolved	O2a2b2a1	8	Resolved
GX-0078_BB0_00	Han Guangxi	O2a2b2a1b2	O2a2b	5	Resolved	O2a2b2a1	8	Resolved
GX-0251_BB0_00	Han Guangxi	O2a2b2b	O2a2b	5	Resolved	O2a2b2b	7	Resolved
GX-0969_BB0_00	Han Guangxi	O2a2b2b	O2a2b	5	Resolved	O2a2b2b	7	Resolved
GX-0012_BB0_00	Han Guangxi	O2a2b2b	O2a2b	5	Resolved	O2a2b2b	7	Resolved
990-0000-3753	Han Guangxi	O2b1a	O2b1a	5	Resolved	O2b	3	Resolved
GX-0813_BB0_00	Han Guangxi	O2b1a	O2b1a	5	Resolved	O2b	3	Resolved
111-1658-4704	Han Guangxi	O2b2	O2b2*	5	Unresolved	O2b	3	Resolved
GSRD009223A00_BB0_00	Han Guangxi	O2b2	O2b2*	5	Unresolved	O2b	3	Resolved
GX-0597_BB0_00	Han Guangxi	Q1a1a1a	Q1a1a	5	Resolved	Q1a1a1a*	7	Unresolved
GX-0461_BB0_00-jiace2	Han Guangxi	Q1a1a1a1	Q1a1a	5	Resolved	Q1a1a1a1	8	Resolved
GX-0204_BB0_00	Han Guangxi	Q1a1a1a1	Q1a1a	5	Resolved	Q1a1a1a1	8	Resolved
GX-0230_BB0_00	Han Guangxi	Q1a2a2b	Q1a2a	5	Resolved	Q1a2	4	Resolved
GSRD009507A00_BB0_01	Zhuang Guangxi	C1b1a2b	C1b1a	5	Resolved	C1b1a2	6	Resolved
GX-0339_BB0_00	Zhuang Guangxi	C1b1a2b	C1b1a	5	Resolved	C1b1a2	6	Resolved
111-1781-6958	Zhuang Guangxi	C1b1a2b	C1b1a	5	Resolved	C1b1a2	6	Resolved
111-1670-1415	Zhuang Guangxi	C2b1a2a2	C2b1a	5	Resolved	C2b1a2	6	Resolved
GX10027A00_BB0_00	Zhuang Guangxi	C2b1a2a2	C2b1a	5	Resolved	C2b1a2	6	Resolved
GX-0347-di_BB0_00	Zhuang Guangxi	C2b1a2a2b1	C2b1a	5	Resolved	C2b1a2	6	Resolved
111-1785-2895	Zhuang Guangxi	C2b1a2b2	C2b1a	5	Resolved	C2b1a2	6	Resolved
111-1415-4374	Zhuang Guangxi	C2b1b1	C2b1b	5	Resolved	C2b1b	5	Resolved
GX-0337_BB0_00	Zhuang Guangxi	D1a1a1b2	D1a1a	5	Resolved	D1a1a1b	7	Resolved
GX-0360_BB0_00	Zhuang Guangxi	D1a1a1b2	D1a1a	5	Resolved	D1a1a1b	7	Resolved
GSRD010971A00_BB0_01	Zhuang Guangxi	D1a1a1b2	D1a1a	5	Resolved	D1a1a1b	7	Resolved
GSRD009526A00_BB0_01	Zhuang Guangxi	D1a1a1b2	D1a1a	5	Resolved	D1a1a1b	7	Resolved
GSRD010907A00_BB0_01	Zhuang Guangxi	D1a1a1b2	D1a1a	5	Resolved	D1a1a1b	7	Resolved
023-0000-2562	Zhuang Guangxi	F2	F2*	5	Unresolved	F2	2	Resolved
111-1314-9357	Zhuang Guangxi	N1a1a3	N1a1a	5	Resolved	N1a1a3	6	Resolved
GX-0095_BB0_00	Zhuang Guangxi	N1a3	N1a3*	5	Unresolved	N1a3	4	Resolved
GX-0003_BB0_00	Zhuang Guangxi	N1b2a	N1b2a	5	Resolved	N1b2a	5	Resolved
GX-0101_BB0_00	Zhuang Guangxi	N1b2a	N1b2a	5	Resolved	N1b2a	5	Resolved
111-1839-1300	Zhuang Guangxi	N1b2a	N1b2a	5	Resolved	N1b2a	5	Resolved
111-1842-3827	Zhuang Guangxi	N1b2a	N1b2a	5	Resolved	N1b2a	5	Resolved
GSRD009233A00_BB0_00	Zhuang Guangxi	N1b2a	N1b2a	5	Resolved	N1b2a	5	Resolved
111-1516-8684	Zhuang Guangxi	O1a1a1a1a1a1	O1a1a	5	Resolved	O1a	3	Resolved
GX-0902_BB1_02-jiace1	Zhuang Guangxi	O1a1a1a1a1a1	O1a1a	5	Resolved	O1a	3	Resolved
GX-0520_BB0_00	Zhuang Guangxi	O1a1a1a1a1a1a1a	O1a1a	5	Resolved	O1a	3	Resolved
111-1668-7177	Zhuang Guangxi	O1a1a1a1a1a1a1b	O1a1a	5	Resolved	O1a	3	Resolved
GSRD009247A00_BB0_00	Zhuang Guangxi	O1a1a1a1a1a1c	O1a1a	5	Resolved	O1a	3	Resolved
GX-1787_BB0_00	Zhuang Guangxi	O1a1a1a1a2	O1a1a	5	Resolved	O1a	3	Resolved
GX-1802_BB0_00	Zhuang Guangxi	O1a1a1b1	O1a1a	5	Resolved	O1a	3	Resolved
GSRD010925A00_BB0_01	Zhuang Guangxi	O1a1a1b1b	O1a1a	5	Resolved	O1a	3	Resolved
GX-0459_BB0_00	Zhuang Guangxi	O1a1a1b1b1a	O1a1a	5	Resolved	O1a	3	Resolved
GX-0100_BB0_00	Zhuang Guangxi	O1a1a2a1a	O1a1a	5	Resolved	O1a	3	Resolved
111-1771-5510	Zhuang Guangxi	O1a1a2a1a	O1a1a	5	Resolved	O1a	3	Resolved
111-1210-3770	Zhuang Guangxi	O1a1a2a1a1	O1a1a	5	Resolved	O1a	3	Resolved
GSRD009504A00_BB0_01	Zhuang Guangxi	O1a1a2a1a2	O1a1a	5	Resolved	O1a	3	Resolved
GX-0170_BB0_00	Zhuang Guangxi	O1a1a2a1a2	O1a1a	5	Resolved	O1a	3	Resolved
GX-0445_BB0_00	Zhuang Guangxi	O1a1a2a1a2	O1a1a	5	Resolved	O1a	3	Resolved
GSRD009511A00_BB0_01	Zhuang Guangxi	O1a1a2a1a3	O1a1a	5	Resolved	O1a	3	Resolved
GX-0886_BB0_00	Zhuang Guangxi	O1a1a2a1a3	O1a1a	5	Resolved	O1a	3	Resolved
GSRD009291A01_BB0_01	Zhuang Guangxi	O1a1a2a1a3	O1a1a	5	Resolved	O1a	3	Resolved
GX-0368_BB0_00	Zhuang Guangxi	O1a1a2a1a3a	O1a1a	5	Resolved	O1a	3	Resolved
111-1824-8673	Zhuang Guangxi	O1a1a2a1a3a	O1a1a	5	Resolved	O1a	3	Resolved
111-1274-9688	Zhuang Guangxi	O1a1a2a1b1a	O1a1a	5	Resolved	O1a	3	Resolved
111-1197-0984	Zhuang Guangxi	O1a1a2b1	O1a1a	5	Resolved	O1a	3	Resolved
GSRD009060A00_BB0_00	Zhuang Guangxi	O1a1a2c	O1a1a	5	Resolved	O1a	3	Resolved
GSRD009239A00_BB0_00	Zhuang Guangxi	O1b1a	O1b1a	5	Resolved	O1b1a*	5	Unresolved
GSRD009232A00_BB0_00	Zhuang Guangxi	O1b1a	O1b1a	5	Resolved	O1b1a*	5	Unresolved
GSRD009234A00_BB0_00	Zhuang Guangxi	O1b1a	O1b1a	5	Resolved	O1b1a*	5	Unresolved
111-1356-2071	Zhuang Guangxi	O1b1a	O1b1a	5	Resolved	O1b1a*	5	Unresolved
111-1516-2576	Zhuang Guangxi	O1b1a	O1b1a	5	Resolved	O1b1a*	5	Unresolved
111-1820-0503	Zhuang Guangxi	O1b1a	O1b1a	5	Resolved	O1b1a*	5	Unresolved
GX-1799_BB0_00	Zhuang Guangxi	O1b1a	O1b1a	5	Resolved	O1b1a*	5	Unresolved
GX-0637_BB0_00	Zhuang Guangxi	O1b1a1a1a1	O1b1a	5	Resolved	O1b1a1a1a1*	10	Unresolved
GSRD010924A00_BB0_01	Zhuang Guangxi	O1b1a1a1a1a1a	O1b1a	5	Resolved	O1b1a1a1a1a1a*	13	Unresolved
GX-0209_BB0_00	Zhuang Guangxi	O1b1a1a1a1a1a1a1	O1b1a	5	Resolved	O1b1a1a1a1a1a1a1	16	Resolved
GX-0693_BB0_00	Zhuang Guangxi	O1b1a1a1a1a1a1a1	O1b1a	5	Resolved	O1b1a1a1a1a1a1a1	16	Resolved
111-1572-3579	Zhuang Guangxi	O1b1a1a1a1a1a1a1	O1b1a	5	Resolved	O1b1a1a1a1a1a1a1	16	Resolved
111-1854-1330	Zhuang Guangxi	O1b1a1a1a1a1a1a1	O1b1a	5	Resolved	O1b1a1a1a1a1a1a1	16	Resolved
111-1370-0121	Zhuang Guangxi	O1b1a1a1a1a1a1a1	O1b1a	5	Resolved	O1b1a1a1a1a1a1a1	16	Resolved
GSRD009229A00_BB0_00	Zhuang Guangxi	O1b1a1a1a1a1a1a1	O1b1a	5	Resolved	O1b1a1a1a1a1a1a1	16	Resolved
GX-0879_BB0_00	Zhuang Guangxi	O1b1a1a1a1a1a1a1	O1b1a	5	Resolved	O1b1a1a1a1a1a1a1	16	Resolved
GX-0270_BB0_00	Zhuang Guangxi	O1b1a1a1a1a1a1a1	O1b1a	5	Resolved	O1b1a1a1a1a1a1a1	16	Resolved
Y5509	Zhuang Guangxi	O1b1a1a1a1a1a1a1a1a1	O1b1a	5	Resolved	O1b1a1a1a1a1a1a1	16	Resolved
GX-0225_BB0_00	Zhuang Guangxi	O1b1a1a1a1a1a1a1a1a1	O1b1a	5	Resolved	O1b1a1a1a1a1a1a1	16	Resolved
GSRD009298A00_BB0_01	Zhuang Guangxi	O1b1a1a1a1a1a1a1a1a1	O1b1a	5	Resolved	O1b1a1a1a1a1a1a1	16	Resolved
GX-0282_BB0_00	Zhuang Guangxi	O1b1a1a1a1a1a1a1a1a1a	O1b1a	5	Resolved	O1b1a1a1a1a1a1a1	16	Resolved
GSRD009509A00_BB0_01	Zhuang Guangxi	O1b1a1a1a1a1a1a1a1a1a	O1b1a	5	Resolved	O1b1a1a1a1a1a1a1	16	Resolved
111-1850-6032	Zhuang Guangxi	O1b1a1a1a1a1a1a1a1a1a	O1b1a	5	Resolved	O1b1a1a1a1a1a1a1	16	Resolved
111-1702-2939	Zhuang Guangxi	O1b1a1a1a1a1a1a1a1a1a	O1b1a	5	Resolved	O1b1a1a1a1a1a1a1	16	Resolved
111-1776-4556	Zhuang Guangxi	O1b1a1a1a1a1a1a1a1a1a	O1b1a	5	Resolved	O1b1a1a1a1a1a1a1	16	Resolved
111-1850-9798	Zhuang Guangxi	O1b1a1a1a1a1a1a1b	O1b1a	5	Resolved	O1b1a1a1a1a1a1a1	16	Resolved
111-1698-8762	Zhuang Guangxi	O1b1a1a1a1a1a1a1b	O1b1a	5	Resolved	O1b1a1a1a1a1a1a1	16	Resolved
GSRD010970A00_BB0_01	Zhuang Guangxi	O1b1a1a1a1a1a1a1b	O1b1a	5	Resolved	O1b1a1a1a1a1a1a1	16	Resolved
GX-0496_BB0_00	Zhuang Guangxi	O1b1a1a1a1a1a1a2b	O1b1a	5	Resolved	O1b1a1a1a1a1a1a2	16	Resolved
GSRD009218A00_BB0_00	Zhuang Guangxi	O1b1a1a1a1a1a1a2b	O1b1a	5	Resolved	O1b1a1a1a1a1a1a2	16	Resolved
GX-0444_BB0_00	Zhuang Guangxi	O1b1a1a1a1a1a1b1	O1b1a	5	Resolved	O1b1a1a1a1a1a1b	15	Resolved
GX-0009_BB0_00	Zhuang Guangxi	O1b1a1a1a1a1b1b	O1b1a	5	Resolved	O1b1a1a1a1a1b	13	Resolved
GX-0352_BB0_00	Zhuang Guangxi	O1b1a1a1a1b1a1a1a3	O1b1a	5	Resolved	O1b1a1a1a1b1	12	Resolved
GSRD010967A00_BB0_01	Zhuang Guangxi	O1b1a1a1a1b1a1a1a3	O1b1a	5	Resolved	O1b1a1a1a1b1	12	Resolved
990-0000-1469	Zhuang Guangxi	O1b1a1a1a1b1a1a1a3	O1b1a	5	Resolved	O1b1a1a1a1b1	12	Resolved
111-1539-3550	Zhuang Guangxi	O1b1a1a1a1b1a1a1a3	O1b1a	5	Resolved	O1b1a1a1a1b1	12	Resolved
111-1838-8423	Zhuang Guangxi	O1b1a1a1a1b1a1a1a3	O1b1a	5	Resolved	O1b1a1a1a1b1	12	Resolved
111-1789-8459	Zhuang Guangxi	O1b1a1a1a1b1a1a1a3	O1b1a	5	Resolved	O1b1a1a1a1b1	12	Resolved
111-1791-1677	Zhuang Guangxi	O1b1a1a1a1b1a1a1a3	O1b1a	5	Resolved	O1b1a1a1a1b1	12	Resolved
111-1770-8598	Zhuang Guangxi	O1b1a1a1a1b1a1a1a3	O1b1a	5	Resolved	O1b1a1a1a1b1	12	Resolved
111-1457-0112	Zhuang Guangxi	O1b1a1a1a1b1a1a1a3	O1b1a	5	Resolved	O1b1a1a1a1b1	12	Resolved
GX-0249_BB0_00	Zhuang Guangxi	O1b1a1a1a1b1b	O1b1a	5	Resolved	O1b1a1a1a1b1	12	Resolved
GX-0259_BB0_00	Zhuang Guangxi	O1b1a1a1a1b1b	O1b1a	5	Resolved	O1b1a1a1a1b1	12	Resolved
GSRD005912B01_BB0_00	Zhuang Guangxi	O1b1a1a1a1b1b	O1b1a	5	Resolved	O1b1a1a1a1b1	12	Resolved
GSRD010942A00_BB0_01	Zhuang Guangxi	O1b1a1a1a1b1b	O1b1a	5	Resolved	O1b1a1a1a1b1	12	Resolved
GX-0343_BB0_00	Zhuang Guangxi	O1b1a1a1a1b1b	O1b1a	5	Resolved	O1b1a1a1a1b1	12	Resolved
GX-0373_BB0_00	Zhuang Guangxi	O1b1a1a1a1b1b	O1b1a	5	Resolved	O1b1a1a1a1b1	12	Resolved
GX-0417_BB0_00	Zhuang Guangxi	O1b1a1a1a1b1b	O1b1a	5	Resolved	O1b1a1a1a1b1	12	Resolved
GSRD009240A00_BB0_00	Zhuang Guangxi	O1b1a1a1a1b1b	O1b1a	5	Resolved	O1b1a1a1a1b1	12	Resolved
111-1477-6668	Zhuang Guangxi	O1b1a1a1a1b1b	O1b1a	5	Resolved	O1b1a1a1a1b1	12	Resolved
111-1345-0729	Zhuang Guangxi	O1b1a1a1a1b1b	O1b1a	5	Resolved	O1b1a1a1a1b1	12	Resolved
111-1408-6316	Zhuang Guangxi	O1b1a1a1a1b1b	O1b1a	5	Resolved	O1b1a1a1a1b1	12	Resolved
990-0011-9232	Zhuang Guangxi	O1b1a1a1a1b1b	O1b1a	5	Resolved	O1b1a1a1a1b1	12	Resolved
111-1470-0809	Zhuang Guangxi	O1b1a1a1a1b1b	O1b1a	5	Resolved	O1b1a1a1a1b1	12	Resolved
990-0000-3357	Zhuang Guangxi	O1b1a1a1a1b1b	O1b1a	5	Resolved	O1b1a1a1a1b1	12	Resolved
111-1404-2954	Zhuang Guangxi	O1b1a1a1a1b1b	O1b1a	5	Resolved	O1b1a1a1a1b1	12	Resolved
111-1375-6104	Zhuang Guangxi	O1b1a1a1a1b1b	O1b1a	5	Resolved	O1b1a1a1a1b1	12	Resolved
GX10139A00_BB0_01	Zhuang Guangxi	O1b1a1a1a1b1b	O1b1a	5	Resolved	O1b1a1a1a1b1	12	Resolved
GX10139A03_BB0_01	Zhuang Guangxi	O1b1a1a1a1b1b	O1b1a	5	Resolved	O1b1a1a1a1b1	12	Resolved
GSRD009496A00_BB0_01	Zhuang Guangxi	O1b1a1a1a1b1b	O1b1a	5	Resolved	O1b1a1a1a1b1	12	Resolved
GX-0486_BB0_00	Zhuang Guangxi	O1b1a1a1a1b1b	O1b1a	5	Resolved	O1b1a1a1a1b1	12	Resolved
GX-0507_BB0_00	Zhuang Guangxi	O1b1a1a1a1b1b	O1b1a	5	Resolved	O1b1a1a1a1b1	12	Resolved
GX-0447_BB0_00	Zhuang Guangxi	O1b1a1a1a1b2a1a1a	O1b1a	5	Resolved	O1b1a1a1a1b2a1a1a	17	Resolved
GX-0047_BB0_00	Zhuang Guangxi	O1b1a1a1a1b2a1a1a	O1b1a	5	Resolved	O1b1a1a1a1b2a1a1a	17	Resolved
111-1651-6408	Zhuang Guangxi	O1b1a1a1a1b2a1a1a	O1b1a	5	Resolved	O1b1a1a1a1b2a1a1a	17	Resolved
111-1185-6967	Zhuang Guangxi	O1b1a1a1a1b2a1a1a	O1b1a	5	Resolved	O1b1a1a1a1b2a1a1a	17	Resolved
111-1724-5871	Zhuang Guangxi	O1b1a1a1a1b2a1a1a	O1b1a	5	Resolved	O1b1a1a1a1b2a1a1a	17	Resolved
111-1195-7770	Zhuang Guangxi	O1b1a1a1a1b2a1a1a	O1b1a	5	Resolved	O1b1a1a1a1b2a1a1a	17	Resolved
111-1266-1713	Zhuang Guangxi	O1b1a1a1a1b2a1a1a	O1b1a	5	Resolved	O1b1a1a1a1b2a1a1a	17	Resolved
111-1697-1146	Zhuang Guangxi	O1b1a1a1a1b2a1a1a	O1b1a	5	Resolved	O1b1a1a1a1b2a1a1a	17	Resolved
111-1800-6433	Zhuang Guangxi	O1b1a1a1a1b2a1a1a	O1b1a	5	Resolved	O1b1a1a1a1b2a1a1a	17	Resolved
111-1255-9751	Zhuang Guangxi	O1b1a1a1a1b2a1a1a	O1b1a	5	Resolved	O1b1a1a1a1b2a1a1a	17	Resolved
111-1631-8422	Zhuang Guangxi	O1b1a1a1a1b2a1a1a	O1b1a	5	Resolved	O1b1a1a1a1b2a1a1a	17	Resolved
111-1801-1567	Zhuang Guangxi	O1b1a1a1a1b2a1a1a	O1b1a	5	Resolved	O1b1a1a1a1b2a1a1a	17	Resolved
111-1850-0757	Zhuang Guangxi	O1b1a1a1a1b2a1a1a	O1b1a	5	Resolved	O1b1a1a1a1b2a1a1a	17	Resolved
111-1840-2594	Zhuang Guangxi	O1b1a1a1a1b2a1a1a	O1b1a	5	Resolved	O1b1a1a1a1b2a1a1a	17	Resolved
111-1225-9798	Zhuang Guangxi	O1b1a1a1a1b2a1a1a	O1b1a	5	Resolved	O1b1a1a1a1b2a1a1a	17	Resolved
111-1762-6793	Zhuang Guangxi	O1b1a1a1a1b2a1a1a	O1b1a	5	Resolved	O1b1a1a1a1b2a1a1a	17	Resolved
111-1733-8665	Zhuang Guangxi	O1b1a1a1a1b2a1a1a	O1b1a	5	Resolved	O1b1a1a1a1b2a1a1a	17	Resolved
111-1585-4198	Zhuang Guangxi	O1b1a1a1a1b2a1a1a	O1b1a	5	Resolved	O1b1a1a1a1b2a1a1a	17	Resolved
111-1763-1650	Zhuang Guangxi	O1b1a1a1a1b2a1a1a	O1b1a	5	Resolved	O1b1a1a1a1b2a1a1a	17	Resolved
111-1722-6443	Zhuang Guangxi	O1b1a1a1a1b2a1a1a	O1b1a	5	Resolved	O1b1a1a1a1b2a1a1a	17	Resolved
111-1788-3684	Zhuang Guangxi	O1b1a1a1a1b2a1a1a	O1b1a	5	Resolved	O1b1a1a1a1b2a1a1a	17	Resolved
111-1740-5688	Zhuang Guangxi	O1b1a1a1a1b2a1a1a	O1b1a	5	Resolved	O1b1a1a1a1b2a1a1a	17	Resolved
111-1831-6075	Zhuang Guangxi	O1b1a1a1a1b2a1a1a	O1b1a	5	Resolved	O1b1a1a1a1b2a1a1a	17	Resolved
111-1533-1033	Zhuang Guangxi	O1b1a1a1a1b2a1a1a	O1b1a	5	Resolved	O1b1a1a1a1b2a1a1a	17	Resolved
111-1722-2735	Zhuang Guangxi	O1b1a1a1a1b2a1a1a	O1b1a	5	Resolved	O1b1a1a1a1b2a1a1a	17	Resolved
111-1581-4574	Zhuang Guangxi	O1b1a1a1a1b2a1a1a	O1b1a	5	Resolved	O1b1a1a1a1b2a1a1a	17	Resolved
111-1270-2690	Zhuang Guangxi	O1b1a1a1a1b2a1a1a	O1b1a	5	Resolved	O1b1a1a1a1b2a1a1a	17	Resolved
111-1582-4801	Zhuang Guangxi	O1b1a1a1a1b2a1a1a	O1b1a	5	Resolved	O1b1a1a1a1b2a1a1a	17	Resolved
111-1444-6707	Zhuang Guangxi	O1b1a1a1a1b2a1a1a	O1b1a	5	Resolved	O1b1a1a1a1b2a1a1a	17	Resolved
111-1651-6217	Zhuang Guangxi	O1b1a1a1a1b2a1a1a	O1b1a	5	Resolved	O1b1a1a1a1b2a1a1a	17	Resolved
111-1198-8002	Zhuang Guangxi	O1b1a1a1a1b2a1a1a	O1b1a	5	Resolved	O1b1a1a1a1b2a1a1a	17	Resolved
111-1736-7481	Zhuang Guangxi	O1b1a1a1a1b2a1a1a	O1b1a	5	Resolved	O1b1a1a1a1b2a1a1a	17	Resolved
GSRD009243A00_BB0_00	Zhuang Guangxi	O1b1a1a1a1b2a1a1a	O1b1a	5	Resolved	O1b1a1a1a1b2a1a1a	17	Resolved
GSRD009205A00_BB0_00	Zhuang Guangxi	O1b1a1a1a1b2a1a1a	O1b1a	5	Resolved	O1b1a1a1a1b2a1a1a	17	Resolved
GX-0499_BB0_00	Zhuang Guangxi	O1b1a1a1a1b2a1a1a	O1b1a	5	Resolved	O1b1a1a1a1b2a1a1a	17	Resolved
GX-0518_BB0_00	Zhuang Guangxi	O1b1a1a1a1b2a1a1a	O1b1a	5	Resolved	O1b1a1a1a1b2a1a1a	17	Resolved
GSRD009272A00_BB0_01	Zhuang Guangxi	O1b1a1a1a1b2a1a1a	O1b1a	5	Resolved	O1b1a1a1a1b2a1a1a	17	Resolved
GSRD009286A00_BB0_01	Zhuang Guangxi	O1b1a1a1a1b2a1a1a	O1b1a	5	Resolved	O1b1a1a1a1b2a1a1a	17	Resolved
GSRD009286A01_BB0_01	Zhuang Guangxi	O1b1a1a1a1b2a1a1a	O1b1a	5	Resolved	O1b1a1a1a1b2a1a1a	17	Resolved
GSRD009492A00_BB0_01	Zhuang Guangxi	O1b1a1a1a1b2a1b	O1b1a	5	Resolved	O1b1a1a1a1b2a1b	15	Resolved
GSRD009538A00_BB0_01	Zhuang Guangxi	O1b1a1a1b1	O1b1a	5	Resolved	O1b1a1a1b1*	10	Unresolved
GX-0059_BB0_00	Zhuang Guangxi	O1b1a1a1b1	O1b1a	5	Resolved	O1b1a1a1b1*	10	Unresolved
111-1512-6332	Zhuang Guangxi	O1b1a1a1b1b1	O1b1a	5	Resolved	O1b1a1a1b1b	11	Resolved
GX-0522_BB1_02-jiace1	Zhuang Guangxi	O1b1a1a1b2	O1b1a	5	Resolved	O1b1a1a1b2	10	Resolved
GSRD009220A00_BB0_00	Zhuang Guangxi	O1b1a1a1b2	O1b1a	5	Resolved	O1b1a1a1b2	10	Resolved
GSRD010946A00_BB0_01	Zhuang Guangxi	O1b1a1a1b2	O1b1a	5	Resolved	O1b1a1a1b2	10	Resolved
GX-0329_BB0_00	Zhuang Guangxi	O1b1a1a1b2	O1b1a	5	Resolved	O1b1a1a1b2	10	Resolved
GX-0426_BB0_00	Zhuang Guangxi	O1b1a1a1b2	O1b1a	5	Resolved	O1b1a1a1b2	10	Resolved
GSRD010951A00_BB0_01	Zhuang Guangxi	O1b1a1a1b2	O1b1a	5	Resolved	O1b1a1a1b2	10	Resolved
111-1571-1101	Zhuang Guangxi	O1b1a1a1b2	O1b1a	5	Resolved	O1b1a1a1b2	10	Resolved
111-1816-9435	Zhuang Guangxi	O1b1a1a1b2	O1b1a	5	Resolved	O1b1a1a1b2	10	Resolved
GSRD009516A00_BB0_01	Zhuang Guangxi	O1b1a1a1b2	O1b1a	5	Resolved	O1b1a1a1b2	10	Resolved
GSRD010958A00_BB0_01	Zhuang Guangxi	O1b1a1a1b2	O1b1a	5	Resolved	O1b1a1a1b2	10	Resolved
GSRD010944A00_BB0_01	Zhuang Guangxi	O1b1a1a1b2	O1b1a	5	Resolved	O1b1a1a1b2	10	Resolved
GSRD010965A00_BB0_01	Zhuang Guangxi	O1b1a1a1b2	O1b1a	5	Resolved	O1b1a1a1b2	10	Resolved
GSRD010966A00_BB0_01	Zhuang Guangxi	O1b1a1a1b2	O1b1a	5	Resolved	O1b1a1a1b2	10	Resolved
111-1837-7076	Zhuang Guangxi	O1b1a1b	O1b1a	5	Resolved	O1b1a1b	7	Resolved
GX-0515_BB0_00	Zhuang Guangxi	O2a1a1a1a1a2	O2a1a	5	Resolved	O2a1a	5	Resolved
111-1198-1577	Zhuang Guangxi	O2a1a1a1a1b1	O2a1a	5	Resolved	O2a1a	5	Resolved
111-1244-3777	Zhuang Guangxi	O2a1b1a1a1a1a1a1a1a2a	O2a1b	5	Resolved	O2a1b	5	Resolved
111-1854-1361	Zhuang Guangxi	O2a1b1a1a1a1a1a1a1a2a	O2a1b	5	Resolved	O2a1b	5	Resolved
111-1312-5863	Zhuang Guangxi	O2a1b1a1a1a1a1c	O2a1b	5	Resolved	O2a1b	5	Resolved
GSRD009752A00_BB0_01	Zhuang Guangxi	O2a1b1a1a1a1h1a	O2a1b	5	Resolved	O2a1b	5	Resolved
GX10059A00_BB0_01	Zhuang Guangxi	O2a1b1a1a1a1l	O2a1b	5	Resolved	O2a1b	5	Resolved
990-0011-9294	Zhuang Guangxi	O2a1b1a2a1a1a1b	O2a1b	5	Resolved	O2a1b	5	Resolved
QPKZ18134-18505E-T125V1-AC-20180514cap102-18R06001	Zhuang Guangxi	O2a1b1a2a1a3b2b	O2a1b	5	Resolved	O2a1b	5	Resolved
QPKZ18134-18505E-T125V1-AD-20180514cap13-18R05955	Zhuang Guangxi	O2a1b1a2a1a4a	O2a1b	5	Resolved	O2a1b	5	Resolved
GSRD009191A00_BB0_00	Zhuang Guangxi	O2a1b1b	O2a1b	5	Resolved	O2a1b	5	Resolved
111-1256-8975	Zhuang Guangxi	O2a2a1a1a1	O2a2a	5	Resolved	O2a2a1a1a1	10	Resolved
GX-0487_BB0_00	Zhuang Guangxi	O2a2a1a1a1b	O2a2a	5	Resolved	O2a2a1a1a1	10	Resolved
GSRD009219A00_BB0_00	Zhuang Guangxi	O2a2a1a1b2b2a	O2a2a	5	Resolved	O2a2a1a1b	9	Resolved
GSRD009271A00_BB0_01	Zhuang Guangxi	O2a2a1a2a1a	O2a2a	5	Resolved	O2a2a1a2a1a*	11	Unresolved
GX-0090_BB0_00	Zhuang Guangxi	O2a2a1a2a1a1	O2a2a	5	Resolved	O2a2a1a2a1a1*	12	Unresolved
GX-0437_BB0_00	Zhuang Guangxi	O2a2a1a2a1a1	O2a2a	5	Resolved	O2a2a1a2a1a1*	12	Unresolved
111-1389-8248	Zhuang Guangxi	O2a2a1a2a1a1	O2a2a	5	Resolved	O2a2a1a2a1a1*	12	Unresolved
990-0000-5580	Zhuang Guangxi	O2a2a1a2a1a1	O2a2a	5	Resolved	O2a2a1a2a1a1*	12	Unresolved
111-1273-0648	Zhuang Guangxi	O2a2a1a2a1a1	O2a2a	5	Resolved	O2a2a1a2a1a1*	12	Unresolved
111-1833-9616	Zhuang Guangxi	O2a2a1a2a1a1a2a	O2a2a	5	Resolved	O2a2a1a2a1a1a2a*	15	Unresolved
111-1781-4688	Zhuang Guangxi	O2a2a1a2a1a1a2a	O2a2a	5	Resolved	O2a2a1a2a1a1a2a*	15	Unresolved
111-1780-2173	Zhuang Guangxi	O2a2a1a2a1a1a2a1a1a1a	O2a2a	5	Resolved	O2a2a1a2a1a1a2a1	16	Resolved
111-1658-1628	Zhuang Guangxi	O2a2a1a2a1a1a2a2	O2a2a	5	Resolved	O2a2a1a2a1a1a2a2	16	Resolved
GSRD012997A00_BB0_01	Zhuang Guangxi	O2a2a1a2a1a1a2b	O2a2a	5	Resolved	O2a2a1a2a1a1a2b	15	Resolved
Y5936	Zhuang Guangxi	O2a2a1a2a1a1a2b	O2a2a	5	Resolved	O2a2a1a2a1a1a2b	15	Resolved
111-1847-5512	Zhuang Guangxi	O2a2a1a2a1a1a2b	O2a2a	5	Resolved	O2a2a1a2a1a1a2b	15	Resolved
GX-0153_BB0_00	Zhuang Guangxi	O2a2a1a2a1a1a2b	O2a2a	5	Resolved	O2a2a1a2a1a1a2b	15	Resolved
111-1736-9768	Zhuang Guangxi	O2a2b1	O2a2b	5	Resolved	O2a2b1*	6	Unresolved
Y5544	Zhuang Guangxi	O2a2b1	O2a2b	5	Resolved	O2a2b1*	6	Unresolved
Y6069	Zhuang Guangxi	O2a2b1	O2a2b	5	Resolved	O2a2b1*	6	Unresolved
GX-0352-ge_BB0_00	Zhuang Guangxi	O2a2b1a1a1a1a1a1a1b1a	O2a2b	5	Resolved	O2a2b1a1a1a1	12	Resolved
GX-1797_BB0_00	Zhuang Guangxi	O2a2b1a1a1a1a1b1a1	O2a2b	5	Resolved	O2a2b1a1a1a1	12	Resolved
GX-0196_BB0_00	Zhuang Guangxi	O2a2b1a1a1a2a1a	O2a2b	5	Resolved	O2a2b1a1a1a2	12	Resolved
111-1831-6716	Zhuang Guangxi	O2a2b1a1a1a3a1a	O2a2b	5	Resolved	O2a2b1a1a1a3	12	Resolved
GSRD010945A00_BB0_01	Zhuang Guangxi	O2a2b1a1a1a3a1a1	O2a2b	5	Resolved	O2a2b1a1a1a3	12	Resolved
111-1835-8099	Zhuang Guangxi	O2a2b1a1a1a3a1a1	O2a2b	5	Resolved	O2a2b1a1a1a3	12	Resolved
GX-0197_BB0_00	Zhuang Guangxi	O2a2b1a1a1a4a2a1	O2a2b	5	Resolved	O2a2b1a1a1a4a2a1	16	Resolved
GX-0252_BB0_00	Zhuang Guangxi	O2a2b1a1a1a4a2a1	O2a2b	5	Resolved	O2a2b1a1a1a4a2a1	16	Resolved
GSRD010943A00_BB0_01	Zhuang Guangxi	O2a2b1a1a1a4a2a1	O2a2b	5	Resolved	O2a2b1a1a1a4a2a1	16	Resolved
GSRD010961A00_BB0_01	Zhuang Guangxi	O2a2b1a1a1a4a2a1	O2a2b	5	Resolved	O2a2b1a1a1a4a2a1	16	Resolved
GSRD012677A00_BB0_01	Zhuang Guangxi	O2a2b1a1a1a4a2a1	O2a2b	5	Resolved	O2a2b1a1a1a4a2a1	16	Resolved
990-0000-7744	Zhuang Guangxi	O2a2b1a1a1a4a2a1	O2a2b	5	Resolved	O2a2b1a1a1a4a2a1	16	Resolved
111-1836-2294	Zhuang Guangxi	O2a2b1a1a1a4a2a1	O2a2b	5	Resolved	O2a2b1a1a1a4a2a1	16	Resolved
111-1835-1441	Zhuang Guangxi	O2a2b1a1a1a4a2a1	O2a2b	5	Resolved	O2a2b1a1a1a4a2a1	16	Resolved
111-1695-5634	Zhuang Guangxi	O2a2b1a1a1a4a2a1	O2a2b	5	Resolved	O2a2b1a1a1a4a2a1	16	Resolved
990-0000-7737	Zhuang Guangxi	O2a2b1a1a1a4a2a1	O2a2b	5	Resolved	O2a2b1a1a1a4a2a1	16	Resolved
111-1229-2313	Zhuang Guangxi	O2a2b1a1a1a4a2a1	O2a2b	5	Resolved	O2a2b1a1a1a4a2a1	16	Resolved
990-0000-7706	Zhuang Guangxi	O2a2b1a1a1a4a2a1	O2a2b	5	Resolved	O2a2b1a1a1a4a2a1	16	Resolved
111-1261-5907	Zhuang Guangxi	O2a2b1a1a1a4a2a1	O2a2b	5	Resolved	O2a2b1a1a1a4a2a1	16	Resolved
111-1244-0462	Zhuang Guangxi	O2a2b1a1a1a4a2a1	O2a2b	5	Resolved	O2a2b1a1a1a4a2a1	16	Resolved
990-0000-5566	Zhuang Guangxi	O2a2b1a1a1a4a2a1	O2a2b	5	Resolved	O2a2b1a1a1a4a2a1	16	Resolved
GX-0172_BB1_01-jiace1	Zhuang Guangxi	O2a2b1a1a1a4a2a1	O2a2b	5	Resolved	O2a2b1a1a1a4a2a1	16	Resolved
GSRD009531A00_BB0_01	Zhuang Guangxi	O2a2b1a1a1a4a2a1	O2a2b	5	Resolved	O2a2b1a1a1a4a2a1	16	Resolved
GSRD009479A00_BB0_01	Zhuang Guangxi	O2a2b1a1a1a4a2a1	O2a2b	5	Resolved	O2a2b1a1a1a4a2a1	16	Resolved
GX-0511_BB0_00	Zhuang Guangxi	O2a2b1a1a1a4a2a1	O2a2b	5	Resolved	O2a2b1a1a1a4a2a1	16	Resolved
GSRD009280A00_BB0_01	Zhuang Guangxi	O2a2b1a1a1a4a2a1	O2a2b	5	Resolved	O2a2b1a1a1a4a2a1	16	Resolved
GX-1788_BB0_00	Zhuang Guangxi	O2a2b1a1a1a4a2a1	O2a2b	5	Resolved	O2a2b1a1a1a4a2a1	16	Resolved
GSRD009280A01_BB0_01	Zhuang Guangxi	O2a2b1a1a1a4a2a1	O2a2b	5	Resolved	O2a2b1a1a1a4a2a1	16	Resolved
GSRD009745A00_BB0_01	Zhuang Guangxi	O2a2b1a1a1a4a2a1	O2a2b	5	Resolved	O2a2b1a1a1a4a2a1	16	Resolved
GX-0032_BB0_00	Zhuang Guangxi	O2a2b1a1a1a4a2a1a1	O2a2b	5	Resolved	O2a2b1a1a1a4a2a1	16	Resolved
GSRD010931A00_BB0_01	Zhuang Guangxi	O2a2b1a1a1a4a2a1a1	O2a2b	5	Resolved	O2a2b1a1a1a4a2a1	16	Resolved
GX10142A00_BB0_01	Zhuang Guangxi	O2a2b1a1a1a4a2a1a1	O2a2b	5	Resolved	O2a2b1a1a1a4a2a1	16	Resolved
111-1769-1289	Zhuang Guangxi	O2a2b1a1a1a4a2a1a1	O2a2b	5	Resolved	O2a2b1a1a1a4a2a1	16	Resolved
111-1812-2553	Zhuang Guangxi	O2a2b1a1a1a4a2a1a1	O2a2b	5	Resolved	O2a2b1a1a1a4a2a1	16	Resolved
GSRD009204A00_BB0_00	Zhuang Guangxi	O2a2b1a1a1a4a2a1b	O2a2b	5	Resolved	O2a2b1a1a1a4a2a1	16	Resolved
GX-0276_BB0_00	Zhuang Guangxi	O2a2b1a1a1a4a2a1b	O2a2b	5	Resolved	O2a2b1a1a1a4a2a1	16	Resolved
GSRD010906A00_BB0_01	Zhuang Guangxi	O2a2b1a1a1a4a2a1b	O2a2b	5	Resolved	O2a2b1a1a1a4a2a1	16	Resolved
GSRD010908A00_BB0_01	Zhuang Guangxi	O2a2b1a1a1c1b	O2a2b	5	Resolved	O2a2b1a1a1c	11	Resolved
GSRD010936A00_BB0_01	Zhuang Guangxi	O2a2b1a2a1a1a2	O2a2b	5	Resolved	O2a2b1a2	8	Resolved
111-1296-1820	Zhuang Guangxi	O2a2b1a2a1a1a2	O2a2b	5	Resolved	O2a2b1a2	8	Resolved
111-1228-1652	Zhuang Guangxi	O2a2b1a2a1a1a2	O2a2b	5	Resolved	O2a2b1a2	8	Resolved
GX-0364_BB0_00	Zhuang Guangxi	O2a2b1a2a1a1a2a1a1	O2a2b	5	Resolved	O2a2b1a2	8	Resolved
111-1839-1034	Zhuang Guangxi	O2a2b1a2a1a1b1	O2a2b	5	Resolved	O2a2b1a2	8	Resolved
Y5499	Zhuang Guangxi	O2a2b1a2a1a1b1	O2a2b	5	Resolved	O2a2b1a2	8	Resolved
GX-0057_BB0_00	Zhuang Guangxi	O2a2b1a2a1a1b1b2b1	O2a2b	5	Resolved	O2a2b1a2	8	Resolved
990-0011-9393	Zhuang Guangxi	O2a2b1a2a1a1b1b2b2	O2a2b	5	Resolved	O2a2b1a2	8	Resolved
111-1696-7637	Zhuang Guangxi	O2a2b1a2a1a1b1b2b2	O2a2b	5	Resolved	O2a2b1a2	8	Resolved
111-1254-9516	Zhuang Guangxi	O2a2b1a2a1a3	O2a2b	5	Resolved	O2a2b1a2	8	Resolved
GX-0379_BB0_00	Zhuang Guangxi	O2a2b1a2a2a	O2a2b	5	Resolved	O2a2b1a2	8	Resolved
111-1608-1166	Miao Guizhou	C2b1b1b2	C2b1b	5	Resolved	C2b1b	5	Resolved
HGDP01192	Miao Guizhou	N1b2	N1b2*	5	Unresolved	N1b2*	4	Unresolved
111-1771-0928	Miao Guizhou	N1b2	N1b2*	5	Unresolved	N1b2*	4	Unresolved
GuiZ-272_BB0_00	Miao Guizhou	N1b2	N1b2*	5	Unresolved	N1b2*	4	Unresolved
111-1745-6208	Miao Guizhou	O1b1a1a1a1a1a	O1b1a	5	Resolved	O1b1a1a1a1a1a*	13	Unresolved
HGDP01193	Miao Guizhou	O1b1a1a1a1a1a1a2b	O1b1a	5	Resolved	O1b1a1a1a1a1a1a2	16	Resolved
111-1692-3428	Miao Guizhou	O1b1a1a1a1a1b1a1a1	O1b1a	5	Resolved	O1b1a1a1a1a1b	13	Resolved
111-1835-1717	Miao Guizhou	O1b1a1a1a1b1b	O1b1a	5	Resolved	O1b1a1a1a1b1	12	Resolved
2WC12001020MM6	Miao Guizhou	O1b1a1a1a1b2a1a1a	O1b1a	5	Resolved	O1b1a1a1a1b2a1a1a	17	Resolved
111-1822-0433	Miao Guizhou	O1b1a1a1a2	O1b1a	5	Resolved	O1b1a1a1a2	10	Resolved
HGDP01189	Miao Guizhou	O1b1a1a1a2a1	O1b1a	5	Resolved	O1b1a1a1a2	10	Resolved
HGDP01190	Miao Guizhou	O1b1a1a1a2a1	O1b1a	5	Resolved	O1b1a1a1a2	10	Resolved
111-1849-5565	Miao Guizhou	O1b1a1a1b1b1	O1b1a	5	Resolved	O1b1a1a1b1b	11	Resolved
WDC11804190044	Miao Guizhou	O2a1b1a1a1a1a1a1a2	O2a1b	5	Resolved	O2a1b	5	Resolved
111-1363-2248	Miao Guizhou	O2a1b1a1a1a1a1a1a2a	O2a1b	5	Resolved	O2a1b	5	Resolved
111-1756-2282	Miao Guizhou	O2a2a1a2a1a1a2a1a1	O2a2a	5	Resolved	O2a2a1a2a1a1a2a1	16	Resolved
HGDP01194	Miao Guizhou	O2a2a1a2a1a1a2a1a1a	O2a2a	5	Resolved	O2a2a1a2a1a1a2a1	16	Resolved
HGDP01195	Miao Guizhou	O2a2a1a2a1a1a2a1a1a	O2a2a	5	Resolved	O2a2a1a2a1a1a2a1	16	Resolved
111-1703-7711	Miao Guizhou	O2a2a1a2a1a1a2a1a1a	O2a2a	5	Resolved	O2a2a1a2a1a1a2a1	16	Resolved
111-1736-0215	Miao Guizhou	O2a2a1a2a1a1a2a1a1a	O2a2a	5	Resolved	O2a2a1a2a1a1a2a1	16	Resolved
WDC11804190026	Miao Guizhou	O2a2a1a2a1a1a2a1a1a	O2a2a	5	Resolved	O2a2a1a2a1a1a2a1	16	Resolved
111-1829-9576	Miao Guizhou	O2a2a1a2a1a1a2a1a1a1a	O2a2a	5	Resolved	O2a2a1a2a1a1a2a1	16	Resolved
111-1836-8715	Miao Guizhou	O2a2a1a2a1a1a2a1a1a1a	O2a2a	5	Resolved	O2a2a1a2a1a1a2a1	16	Resolved
2WC1200102MM13	Miao Guizhou	O2a2a1a2a1a1a2a1a1a1a	O2a2a	5	Resolved	O2a2a1a2a1a1a2a1	16	Resolved
111-1822-0259	Miao Guizhou	O2a2a1a2a1a1b1	O2a2a	5	Resolved	O2a2a1a2a1a1b	13	Resolved
WDC11804190042	Miao Guizhou	O2a2b1a1a1a2a1a	O2a2b	5	Resolved	O2a2b1a1a1a2	12	Resolved
111-1575-3101	Miao Guizhou	O2a2b1a1a1a3a1a	O2a2b	5	Resolved	O2a2b1a1a1a3	12	Resolved
990-0001-0775	Han Guizhou	C2b1a2a2	C2b1a	5	Resolved	C2b1a2	6	Resolved
111-1735-2937	Han Guizhou	C2b1a2b2	C2b1a	5	Resolved	C2b1a2	6	Resolved
111-1709-9023	Han Guizhou	C2b1b1b2	C2b1b	5	Resolved	C2b1b	5	Resolved
111-1691-2286	Han Guizhou	C2b1b1b2	C2b1b	5	Resolved	C2b1b	5	Resolved
990-0000-5436	Han Guizhou	C2b1b1b3	C2b1b	5	Resolved	C2b1b	5	Resolved
111-1724-4843	Han Guizhou	F2	F2*	5	Unresolved	F2	2	Resolved
GuiZ10001A00_BB0_00	Han Guizhou	F2	F2*	5	Unresolved	F2	2	Resolved
111-1757-1086	Han Guizhou	N1a	N1a*	5	Unresolved	N1a*	3	Unresolved
GSRD009639A00_BB0_01	Han Guizhou	N1b1b	N1b1b	5	Resolved	N1b1b	5	Resolved
GuiZ-248_BB0_00	Han Guizhou	N1b2	N1b2*	5	Unresolved	N1b2*	4	Unresolved
GuiZ-249_BB0_00	Han Guizhou	N1b2	N1b2*	5	Unresolved	N1b2*	4	Unresolved
111-1709-7517	Han Guizhou	O1a1a1a1a1a1a1a	O1a1a	5	Resolved	O1a	3	Resolved
111-1589-2596	Han Guizhou	O1a1a1a1a1a1d2	O1a1a	5	Resolved	O1a	3	Resolved
111-1651-1915	Han Guizhou	O1a1a1b1b1a	O1a1a	5	Resolved	O1a	3	Resolved
111-1776-6314	Han Guizhou	O1a1a2a1a1	O1a1a	5	Resolved	O1a	3	Resolved
111-1743-1298	Han Guizhou	O1a1a2a2	O1a1a	5	Resolved	O1a	3	Resolved
111-1650-7093	Han Guizhou	O1b1a1a1a1b1a1a1a1b	O1b1a	5	Resolved	O1b1a1a1a1b1	12	Resolved
111-1726-8634	Han Guizhou	O2a1b1a1a1a1	O2a1b	5	Resolved	O2a1b	5	Resolved
111-1739-9741	Han Guizhou	O2a1b1a1a1a1a1	O2a1b	5	Resolved	O2a1b	5	Resolved
990-0000-3661	Han Guizhou	O2a1b1a1a1a1a1a1b1	O2a1b	5	Resolved	O2a1b	5	Resolved
111-1726-4773	Han Guizhou	O2a1b1a1a1a1f1a2a1a	O2a1b	5	Resolved	O2a1b	5	Resolved
111-1749-2183	Han Guizhou	O2a1b1a1a1a1f1a2a1a	O2a1b	5	Resolved	O2a1b	5	Resolved
990-0000-4774	Han Guizhou	O2a1b1a2a2a1a	O2a1b	5	Resolved	O2a1b	5	Resolved
111-1768-0351	Han Guizhou	O2a2a1a1a1b1a1	O2a2a	5	Resolved	O2a2a1a1a1	10	Resolved
111-1783-4549	Han Guizhou	O2a2a1a1b1a	O2a2a	5	Resolved	O2a2a1a1b	9	Resolved
111-1774-7498	Han Guizhou	O2a2a1a2a1a1a2a1a1a	O2a2a	5	Resolved	O2a2a1a2a1a1a2a1	16	Resolved
111-1651-7139	Han Guizhou	O2a2a1a2a1a1a2a2	O2a2a	5	Resolved	O2a2a1a2a1a1a2a2	16	Resolved
111-1734-2525	Han Guizhou	O2a2b1a1a1a5a	O2a2b	5	Resolved	O2a2b1a1a1a5	12	Resolved
111-1728-0209	Han Guizhou	O2a2b1a1a1c1a1a	O2a2b	5	Resolved	O2a2b1a1a1c	11	Resolved
111-1695-8406	Han Guizhou	O2a2b1a2a1a1a1a1a1	O2a2b	5	Resolved	O2a2b1a2	8	Resolved
990-0000-1803	Han Guizhou	O2a2b1a2a1a1b1a1	O2a2b	5	Resolved	O2a2b1a2	8	Resolved
1.26E+13	Sui Guizhou	O1a1a1b1b1b1	O1a1a	5	Resolved	O1a	3	Resolved
111-1841-5587	Sui Guizhou	O1a1a2a1a3	O1a1a	5	Resolved	O1a	3	Resolved
1.09E+13	Sui Guizhou	O1a1a2a1a3	O1a1a	5	Resolved	O1a	3	Resolved
1.32E+13	Sui Guizhou	O1a1a2a1a3	O1a1a	5	Resolved	O1a	3	Resolved
2.13E+13	Sui Guizhou	O1a1a2a1a3	O1a1a	5	Resolved	O1a	3	Resolved
2.55E+13	Sui Guizhou	O1a1a2a1a3	O1a1a	5	Resolved	O1a	3	Resolved
3.59E+13	Sui Guizhou	O1a1a2a1a3	O1a1a	5	Resolved	O1a	3	Resolved
3.62E+13	Sui Guizhou	O1a1a2a1a3	O1a1a	5	Resolved	O1a	3	Resolved
4.03E+13	Sui Guizhou	O1a1a2a1a3	O1a1a	5	Resolved	O1a	3	Resolved
4.75E+13	Sui Guizhou	O1a1a2a1a3	O1a1a	5	Resolved	O1a	3	Resolved
7.03E+13	Sui Guizhou	O1a1a2a1a3	O1a1a	5	Resolved	O1a	3	Resolved
4.14E+13	Sui Guizhou	O1b1a1a1a1a1a1a1a1a	O1b1a	5	Resolved	O1b1a1a1a1a1a1a1	16	Resolved
2.13E+13	Sui Guizhou	O1b1a1a1a1a1a1a1a1a1	O1b1a	5	Resolved	O1b1a1a1a1a1a1a1	16	Resolved
2.48E+13	Sui Guizhou	O1b1a1a1a1a1a1a1a1a1	O1b1a	5	Resolved	O1b1a1a1a1a1a1a1	16	Resolved
3.34E+13	Sui Guizhou	O1b1a1a1a1a1a1a1a1a1	O1b1a	5	Resolved	O1b1a1a1a1a1a1a1	16	Resolved
6.55E+13	Sui Guizhou	O1b1a1a1a1a1a1a1a1a1	O1b1a	5	Resolved	O1b1a1a1a1a1a1a1	16	Resolved
6.85E+13	Sui Guizhou	O1b1a1a1a1a1a1a1a1a1	O1b1a	5	Resolved	O1b1a1a1a1a1a1a1	16	Resolved
7.26E+13	Sui Guizhou	O1b1a1a1a1a1a1a1a1a1	O1b1a	5	Resolved	O1b1a1a1a1a1a1a1	16	Resolved
2.71E+13	Sui Guizhou	O1b1a1a1a1a1a1a1a1a1	O1b1a	5	Resolved	O1b1a1a1a1a1a1a1	16	Resolved
1.98E+13	Sui Guizhou	O1b1a1a1a1a1a1a1a1a1	O1b1a	5	Resolved	O1b1a1a1a1a1a1a1	16	Resolved
2.56E+13	Sui Guizhou	O1b1a1a1a1a1a1a1a1a1	O1b1a	5	Resolved	O1b1a1a1a1a1a1a1	16	Resolved
2.88E+13	Sui Guizhou	O1b1a1a1a1a1a1a1a1a1	O1b1a	5	Resolved	O1b1a1a1a1a1a1a1	16	Resolved
2.91E+13	Sui Guizhou	O1b1a1a1a1a1a1a1a1a1	O1b1a	5	Resolved	O1b1a1a1a1a1a1a1	16	Resolved
3.34E+13	Sui Guizhou	O1b1a1a1a1a1a1a1a1a1	O1b1a	5	Resolved	O1b1a1a1a1a1a1a1	16	Resolved
4.31E+13	Sui Guizhou	O1b1a1a1a1a1a1a1a1a1	O1b1a	5	Resolved	O1b1a1a1a1a1a1a1	16	Resolved
6.58E+13	Sui Guizhou	O1b1a1a1a1a1a1a1a1a1	O1b1a	5	Resolved	O1b1a1a1a1a1a1a1	16	Resolved
7.27E+13	Sui Guizhou	O1b1a1a1a1a1a1a1a1a1	O1b1a	5	Resolved	O1b1a1a1a1a1a1a1	16	Resolved
111-1843-2447	Sui Guizhou	O2a2a1a2a1a1a2a1a1a	O2a2a	5	Resolved	O2a2a1a2a1a1a2a1	16	Resolved
111-1831-1650	Sui Guizhou	O2a2a1a2a1a1a2a1a1a	O2a2a	5	Resolved	O2a2a1a2a1a1a2a1	16	Resolved
111-1303-6084	Sui Guizhou	O2a2a1a2a1a1a2a1a1a	O2a2a	5	Resolved	O2a2a1a2a1a1a2a1	16	Resolved
1.15E+13	Sui Guizhou	O2a2a1a2a1a1a2a1a1a	O2a2a	5	Resolved	O2a2a1a2a1a1a2a1	16	Resolved
4.31E+13	Sui Guizhou	O2a2a1a2a1a1a2a1a1a	O2a2a	5	Resolved	O2a2a1a2a1a1a2a1	16	Resolved
4.83E+13	Sui Guizhou	O2a2a1a2a1a1a2a1a1a	O2a2a	5	Resolved	O2a2a1a2a1a1a2a1	16	Resolved
3.36E+13	Sui Guizhou	O2a2a1a2a1a1a2a1a1a	O2a2a	5	Resolved	O2a2a1a2a1a1a2a1	16	Resolved
1.31E+13	Sui Guizhou	O2a2b1a1a1a4a2a1	O2a2b	5	Resolved	O2a2b1a1a1a4a2a1	16	Resolved
GuiZ-292_BB0_00	Tujia Guizhou	C2b1a2a2b1a2	C2b1a	5	Resolved	C2b1a2	6	Resolved
GSRD500111A00_BB0_00	Tujia Guizhou	C2b1a2a2b1a2	C2b1a	5	Resolved	C2b1a2	6	Resolved
GSRD500130A00_BB0_00	Tujia Guizhou	C2b1a2a2b1a2	C2b1a	5	Resolved	C2b1a2	6	Resolved
GSRD009576A00_BB0_01	Tujia Guizhou	C2b1a2a2b1a2	C2b1a	5	Resolved	C2b1a2	6	Resolved
GSRD500086A00_BB0_00	Tujia Guizhou	N1b1b1	N1b1b	5	Resolved	N1b1b	5	Resolved
GuiZ-282_BB1_02	Tujia Guizhou	N1b2	N1b2*	5	Unresolved	N1b2*	4	Unresolved
GSRD500107A00_BB0_00	Tujia Guizhou	N1b2	N1b2*	5	Unresolved	N1b2*	4	Unresolved
GSRD500023A00_BB0_00	Tujia Guizhou	O1a1a1a1a1a1a1b	O1a1a	5	Resolved	O1a	3	Resolved
2WC12001YHT288	Tujia Guizhou	O1a1a1a1a1a1a3	O1a1a	5	Resolved	O1a	3	Resolved
GSRD500105A00_BB0_00	Tujia Guizhou	O1a1a1a1a1a1c	O1a1a	5	Resolved	O1a	3	Resolved
GSRD002382A00_BB0_00	Tujia Guizhou	O1a1a2a2a1	O1a1a	5	Resolved	O1a	3	Resolved
GSRD500371A00_BB0_00	Tujia Guizhou	O1a1a2b2a	O1a1a	5	Resolved	O1a	3	Resolved
GSRD500096A00_BB0_00	Tujia Guizhou	O1b1a1a1a1a1a1a1a1a1	O1b1a	5	Resolved	O1b1a1a1a1a1a1a1	16	Resolved
GSRD500098A00_BB0_00	Tujia Guizhou	O1b1a1a1a1a1a1a1a1a1	O1b1a	5	Resolved	O1b1a1a1a1a1a1a1	16	Resolved
GSRD005172A00_BB0_01	Tujia Guizhou	O1b1a1a1a1a1a1a2b	O1b1a	5	Resolved	O1b1a1a1a1a1a1a2	16	Resolved
GSRD500068A00_BB0_00	Tujia Guizhou	O1b1a1a1a1a1b1a1a	O1b1a	5	Resolved	O1b1a1a1a1a1b	13	Resolved
GSRD003263A00_BB0_01	Tujia Guizhou	O1b1a1a1a1b2a1a1a	O1b1a	5	Resolved	O1b1a1a1a1b2a1a1a	17	Resolved
GSRD500125A00_BB0_00	Tujia Guizhou	O1b1a1a1a2a1	O1b1a	5	Resolved	O1b1a1a1a2	10	Resolved
GSRD500134A00_BB0_00	Tujia Guizhou	O1b1a1a1a2a1	O1b1a	5	Resolved	O1b1a1a1a2	10	Resolved
GuiZ-279_BB1_02	Tujia Guizhou	O1b1a2c	O1b1a	5	Resolved	O1b1a2	6	Resolved
GSRD002401A00_BB0_01	Tujia Guizhou	O2a1a1b1a1a	O2a1a	5	Resolved	O2a1a	5	Resolved
GSRD500102A00_BB0_00	Tujia Guizhou	O2a1b1a1a1a1a1a1a	O2a1b	5	Resolved	O2a1b	5	Resolved
GSRD500058A00_BB0_00	Tujia Guizhou	O2a1b1a1a1a1a1a1a	O2a1b	5	Resolved	O2a1b	5	Resolved
GSRD500060A00_BB0_00	Tujia Guizhou	O2a1b1a1a1a1a1a1a	O2a1b	5	Resolved	O2a1b	5	Resolved
GSRD500106A00_BB0_00	Tujia Guizhou	O2a1b1a2a1a1a1	O2a1b	5	Resolved	O2a1b	5	Resolved
GSRD500082A00_BB0_00	Tujia Guizhou	O2a2a1a2a1a1a1	O2a2a	5	Resolved	O2a2a1a2a1a1a1	14	Resolved
GSRD500123A00_BB0_00	Tujia Guizhou	O2a2b1a1a1a4a2	O2a2b	5	Resolved	O2a2b1a1a1a4a2*	14	Unresolved
2WC12001YHT273	Tujia Guizhou	O2a2b1a1a1a4a2a1	O2a2b	5	Resolved	O2a2b1a1a1a4a2a1	16	Resolved
GSRD500146A00_BB0_00	Tujia Guizhou	O2a2b1a1a1a5a	O2a2b	5	Resolved	O2a2b1a1a1a5	12	Resolved
2WC12001YHT279	Tujia Guizhou	O2a2b1a1a1b	O2a2b	5	Resolved	O2a2b1a1a1b	11	Resolved
GSRD010703A01_BB0_01	Tujia Guizhou	O2a2b1a2a1a1a2	O2a2b	5	Resolved	O2a2b1a2	8	Resolved
GSRD010703A00_BB0_01	Tujia Guizhou	O2a2b1a2a1a1a2	O2a2b	5	Resolved	O2a2b1a2	8	Resolved
GSRD500087A00_BB0_00	Tujia Guizhou	O2a2b1a2a1a1a2a1	O2a2b	5	Resolved	O2a2b1a2	8	Resolved
GSRD500077A00_BB0_00	Tujia Guizhou	O2a2b1a2a1a1b	O2a2b	5	Resolved	O2a2b1a2	8	Resolved
GSRD500075A00_BB0_00	Tujia Guizhou	O2a2b1a2a1a1b	O2a2b	5	Resolved	O2a2b1a2	8	Resolved
GSRD500118A00_BB0_00	Tujia Guizhou	O2a2b1a2a1a1b	O2a2b	5	Resolved	O2a2b1a2	8	Resolved
GSRD500120A00_BB0_00	Tujia Guizhou	O2a2b1a2a1a1b	O2a2b	5	Resolved	O2a2b1a2	8	Resolved
GSRD500109A00_BB0_00	Tujia Guizhou	O2a2b1a2a1a1b	O2a2b	5	Resolved	O2a2b1a2	8	Resolved
GSRD500128A00_BB0_00	Tujia Guizhou	O2a2b1a2a1a1b	O2a2b	5	Resolved	O2a2b1a2	8	Resolved
GSRD500117A00_BB0_00	Tujia Guizhou	O2a2b1a2a1a1b	O2a2b	5	Resolved	O2a2b1a2	8	Resolved
GZSL-067-1_BB1_01	Tujia Guizhou	O2a2b1a2a1a1b1b2b2	O2a2b	5	Resolved	O2a2b1a2	8	Resolved
GSRD500057A00_BB0_00	Tujia Guizhou	O2a2b1a2a1a2	O2a2b	5	Resolved	O2a2b1a2	8	Resolved
2WC12001YHT293	Tujia Guizhou	O2a2b1a2a2a	O2a2b	5	Resolved	O2a2b1a2	8	Resolved
GSRD500083A00_BB0_00	Tujia Guizhou	O2a2b2a1a1	O2a2b	5	Resolved	O2a2b2a1	8	Resolved
111-1633-5504	Han Guizhou	C2b1a2a2b1a3	C2b1a	5	Resolved	C2b1a2	6	Resolved
111-1732-0240	Han Guizhou	N1a1a3	N1a1a	5	Resolved	N1a1a3	6	Resolved
111-1667-6911	Han Guizhou	N1a2a1a2	N1a2a	5	Resolved	N1a2	4	Resolved
111-1657-0219	Han Guizhou	O1a1a1a1a1a	O1a1a	5	Resolved	O1a	3	Resolved
111-1649-7462	Han Guizhou	O1a1a1a1a1a	O1a1a	5	Resolved	O1a	3	Resolved
990-0000-3746	Han Guizhou	O1a1a1a1a1a1a1a2	O1a1a	5	Resolved	O1a	3	Resolved
111-1743-9300	Han Guizhou	O1a1a1a1a1a1e1	O1a1a	5	Resolved	O1a	3	Resolved
111-1659-6295	Han Guizhou	O1a1a1a1a1b	O1a1a	5	Resolved	O1a	3	Resolved
111-1731-4973	Han Guizhou	O1a1a2a2a1a	O1a1a	5	Resolved	O1a	3	Resolved
111-1709-5230	Han Guizhou	O1b1a1a1a1a1a1a2b	O1b1a	5	Resolved	O1b1a1a1a1a1a1a2	16	Resolved
111-1728-2012	Han Guizhou	O1b1a1a1a1a1b1a1	O1b1a	5	Resolved	O1b1a1a1a1a1b	13	Resolved
111-1705-6545	Han Guizhou	O1b1a1a1a1b1b	O1b1a	5	Resolved	O1b1a1a1a1b1	12	Resolved
111-1743-4848	Han Guizhou	O1b1a1a1b2a	O1b1a	5	Resolved	O1b1a1a1b2	10	Resolved
111-1695-0479	Han Guizhou	O1b1a2b1a	O1b1a	5	Resolved	O1b1a2	6	Resolved
111-1713-5912	Han Guizhou	O2a1b1a2a1a3b1	O2a1b	5	Resolved	O2a1b	5	Resolved
990-0000-4644	Han Guizhou	O2a2b1a2a1a1b1b2a1	O2a2b	5	Resolved	O2a2b1a2	8	Resolved
111-1747-3168	Han Guizhou	O2a2b1a2a2a1	O2a2b	5	Resolved	O2a2b1a2	8	Resolved
111-1694-9794	Han Guizhou	Q1a1a1a1	Q1a1a	5	Resolved	Q1a1a1a1	8	Resolved
2BD20220300011	Li Hainan	N1b2a	N1b2a	5	Resolved	N1b2a	5	Resolved
2BD20220300034	Li Hainan	O1a1a1b	O1a1a	5	Resolved	O1a	3	Resolved
2BD20220300016	Li Hainan	O1a1a1b	O1a1a	5	Resolved	O1a	3	Resolved
WDC11806290214	Li Hainan	O1a1a1b	O1a1a	5	Resolved	O1a	3	Resolved
2BD20220300015	Li Hainan	O1a1a1b	O1a1a	5	Resolved	O1a	3	Resolved
2BD20220300019	Li Hainan	O1a1a2a1a	O1a1a	5	Resolved	O1a	3	Resolved
2BD20220300004	Li Hainan	O1a1a2a1a	O1a1a	5	Resolved	O1a	3	Resolved
2BD20220300022	Li Hainan	O1a1a2a1a	O1a1a	5	Resolved	O1a	3	Resolved
WDC11806290185	Li Hainan	O1a2a	O1a2a	5	Resolved	O1a	3	Resolved
2BD20220300075	Li Hainan	O1b1a1a1a1a1a1a1	O1b1a	5	Resolved	O1b1a1a1a1a1a1a1	16	Resolved
2BD20220300060	Li Hainan	O1b1a1a1a1a1a1a1	O1b1a	5	Resolved	O1b1a1a1a1a1a1a1	16	Resolved
WDC11806290186	Li Hainan	O1b1a1a1a1a1b1a	O1b1a	5	Resolved	O1b1a1a1a1a1b	13	Resolved
2BD20220300035	Li Hainan	O1b1a1a1a1b1b	O1b1a	5	Resolved	O1b1a1a1a1b1	12	Resolved
111-1729-2981	Li Hainan	O1b1a1a1a1b2a1a1	O1b1a	5	Resolved	O1b1a1a1a1b2a1a1*	16	Unresolved
2BD20220300062	Li Hainan	O1b1a1a1a1b2a1a1	O1b1a	5	Resolved	O1b1a1a1a1b2a1a1*	16	Unresolved
2BD20220300007	Li Hainan	O1b1a1a1a1b2a1a1	O1b1a	5	Resolved	O1b1a1a1a1b2a1a1*	16	Unresolved
2BD20220300030	Li Hainan	O1b1a1a1a1b2a1a1	O1b1a	5	Resolved	O1b1a1a1a1b2a1a1*	16	Unresolved
2BD20220300037	Li Hainan	O1b1a1a1a1b2a1a1	O1b1a	5	Resolved	O1b1a1a1a1b2a1a1*	16	Unresolved
2BD20220300065	Li Hainan	O1b1a1a1a1b2a1a1	O1b1a	5	Resolved	O1b1a1a1a1b2a1a1*	16	Unresolved
WDC11806290189	Li Hainan	O1b1a1a1a1b2a1a1	O1b1a	5	Resolved	O1b1a1a1a1b2a1a1*	16	Unresolved
WDC11806290190	Li Hainan	O1b1a1a1a1b2a1a1	O1b1a	5	Resolved	O1b1a1a1a1b2a1a1*	16	Unresolved
WDC11806290193	Li Hainan	O1b1a1a1a1b2a1a1	O1b1a	5	Resolved	O1b1a1a1a1b2a1a1*	16	Unresolved
WDC11806290201	Li Hainan	O1b1a1a1a1b2a1a1	O1b1a	5	Resolved	O1b1a1a1a1b2a1a1*	16	Unresolved
WDC11806290207	Li Hainan	O1b1a1a1a1b2a1a1	O1b1a	5	Resolved	O1b1a1a1a1b2a1a1*	16	Unresolved
2BD20220300006	Li Hainan	O1b1a1a1a1b2a1a1	O1b1a	5	Resolved	O1b1a1a1a1b2a1a1*	16	Unresolved
2BD20220300023	Li Hainan	O1b1a1a1a1b2a1a1	O1b1a	5	Resolved	O1b1a1a1a1b2a1a1*	16	Unresolved
2BD20220300005	Li Hainan	O1b1a1a1a1b2a1a1	O1b1a	5	Resolved	O1b1a1a1a1b2a1a1*	16	Unresolved
2BD20220300018	Li Hainan	O1b1a1a1a1b2a1a1	O1b1a	5	Resolved	O1b1a1a1a1b2a1a1*	16	Unresolved
2BD20220300046	Li Hainan	O1b1a1a1a1b2a1a1	O1b1a	5	Resolved	O1b1a1a1a1b2a1a1*	16	Unresolved
2BD20220300044	Li Hainan	O1b1a1a1a1b2a1a1	O1b1a	5	Resolved	O1b1a1a1a1b2a1a1*	16	Unresolved
2BD20220300045	Li Hainan	O1b1a1a1a1b2a1a1	O1b1a	5	Resolved	O1b1a1a1a1b2a1a1*	16	Unresolved
2BD20220300010	Li Hainan	O1b1a1a1a1b2a1a1	O1b1a	5	Resolved	O1b1a1a1a1b2a1a1*	16	Unresolved
2BD20220300028	Li Hainan	O1b1a1a1a1b2a1a1	O1b1a	5	Resolved	O1b1a1a1a1b2a1a1*	16	Unresolved
111-1709-0488	Li Hainan	O2a1b1a1a1a1h1a1	O2a1b	5	Resolved	O2a1b	5	Resolved
2BD20220300013	Li Hainan	O2a2a1a2a1b	O2a2a	5	Resolved	O2a2a1a2a1b	11	Resolved
2BD20220300031	Li Hainan	O2a2a1a2a1b	O2a2a	5	Resolved	O2a2a1a2a1b	11	Resolved
2BD20220300036	Li Hainan	O2a2a1a2a1b	O2a2a	5	Resolved	O2a2a1a2a1b	11	Resolved
2BD20220300051	Li Hainan	O2a2b1a1a1a3a1a1	O2a2b	5	Resolved	O2a2b1a1a1a3	12	Resolved
2BD20220300027	Li Hainan	O2a2b1a1a1a3a1a1	O2a2b	5	Resolved	O2a2b1a1a1a3	12	Resolved
2BD20220300003	Li Hainan	O2a2b1a1a1a4a2a1	O2a2b	5	Resolved	O2a2b1a1a1a4a2a1	16	Resolved
2BD20220300029	Li Hainan	O2a2b1a1a1d2a	O2a2b	5	Resolved	O2a2b1a1a1d	11	Resolved
111-1592-9995	Li Hainan	O2a2b1a2a1a1a2a1a1	O2a2b	5	Resolved	O2a2b1a2	8	Resolved
111-1261-2081	Man Hebei	C2a1a1b1a	C2a1a	5	Resolved	C2a	3	Resolved
111-1424-0831	Man Hebei	C2a1a1b1a	C2a1a	5	Resolved	C2a	3	Resolved
111-1788-2007	Man Hebei	J2a1a1a2b2a2b3a	J2a1a	5	Resolved	J2	2	Resolved
111-1223-6164	Man Hebei	N1a2a1a2	N1a2a	5	Resolved	N1a2	4	Resolved
111-1291-2419	Man Hebei	O1a3a	O1a3a	5	Resolved	O1a	3	Resolved
111-1812-1549	Man Hebei	O1b1a1a1b	O1b1a	5	Resolved	O1b1a1a1b*	9	Unresolved
111-1790-6314	Man Hebei	O1b2a1a2a1	O1b2a	5	Resolved	O1b2	4	Resolved
111-1743-7474	Man Hebei	O2a1b1a1a1a1e1b	O2a1b	5	Resolved	O2a1b	5	Resolved
111-1379-5370	Man Hebei	O2a1b1a2a1a1a1	O2a1b	5	Resolved	O2a1b	5	Resolved
111-1357-5484	Man Hebei	O2a1b1a2b1	O2a1b	5	Resolved	O2a1b	5	Resolved
111-1322-2623	Man Hebei	O2a2b1a1a1a1a1b1a2b	O2a2b	5	Resolved	O2a2b1a1a1a1	12	Resolved
111-1265-7624	Man Hebei	O2a2b1a1a1a3a1a	O2a2b	5	Resolved	O2a2b1a1a1a3	12	Resolved
Y5541	Man Hebei	O2a2b1a2a1a1a1a1	O2a2b	5	Resolved	O2a2b1a2	8	Resolved
Y5745	Man Hebei	O2a2b1a2a1a1a1a1	O2a2b	5	Resolved	O2a2b1a2	8	Resolved
111-1772-8251	Man Hebei	O2a2b1a2a1a1a2a1	O2a2b	5	Resolved	O2a2b1a2	8	Resolved
111-1366-4423	Man Hebei	O2a2b1a2a1a1a2a1a1	O2a2b	5	Resolved	O2a2b1a2	8	Resolved
111-1813-0237	Man Hebei	O2a2b1a2a1a1b1b2b	O2a2b	5	Resolved	O2a2b1a2	8	Resolved
111-1699-1977	Man Hebei	O2a2b1a2a1a1b1b2b2	O2a2b	5	Resolved	O2a2b1a2	8	Resolved
111-1771-5107	Man Hebei	O2a2b2b	O2a2b	5	Resolved	O2a2b2b	7	Resolved
111-1776-7045	Man Hebei	Q1a1a1	Q1a1a	5	Resolved	Q1a1a1*	6	Unresolved
111-1704-1251	Man Hebei	Q1a1a1a	Q1a1a	5	Resolved	Q1a1a1a*	7	Unresolved
111-1848-2510	Man Hebei	R1a1a1b2a2a1d2	R1a1a	5	Resolved	R1a1a1b2	8	Resolved
111-1650-1930	Man Heilongjiang	C2a1a1b1a	C2a1a	5	Resolved	C2a	3	Resolved
111-1282-8086	Man Heilongjiang	C2a1a1b1a4	C2a1a	5	Resolved	C2a	3	Resolved
111-1844-9674	Man Heilongjiang	C2a1a3	C2a1a	5	Resolved	C2a	3	Resolved
111-1413-6578	Man Heilongjiang	C2a1a3a1	C2a1a	5	Resolved	C2a	3	Resolved
111-1722-6979	Man Heilongjiang	C2a1a3a1	C2a1a	5	Resolved	C2a	3	Resolved
111-1731-0111	Man Heilongjiang	C2a1a3a2a	C2a1a	5	Resolved	C2a	3	Resolved
990-0000-1254	Man Heilongjiang	C2b1a1	C2b1a	5	Resolved	C2b1a1*	6	Unresolved
111-1261-2791	Man Heilongjiang	C2b1a1	C2b1a	5	Resolved	C2b1a1*	6	Unresolved
111-1287-2485	Man Heilongjiang	D1a1b1a1	D1a1b	5	Resolved	D1a1b	5	Resolved
111-1813-9605	Man Heilongjiang	O1b1a1a1a1b1a1a1a2b1	O1b1a	5	Resolved	O1b1a1a1a1b1	12	Resolved
111-1814-5682	Man Heilongjiang	O1b1a1a1a1b1a1a1a2b1	O1b1a	5	Resolved	O1b1a1a1a1b1	12	Resolved
111-1509-6680	Man Heilongjiang	O2a1a1a1b1	O2a1a	5	Resolved	O2a1a	5	Resolved
111-1735-1404	Man Heilongjiang	O2a2b1a1a1	O2a2b	5	Resolved	O2a2b1a1a1*	10	Unresolved
111-1809-7110	Man Heilongjiang	O2a2b1a1a1a1a1a1a1a	O2a2b	5	Resolved	O2a2b1a1a1a1	12	Resolved
111-1776-9766	Man Heilongjiang	O2a2b1a1a1a2a1a1	O2a2b	5	Resolved	O2a2b1a1a1a2	12	Resolved
111-1755-4607	Man Heilongjiang	O2a2b1a1a1c1a1a1	O2a2b	5	Resolved	O2a2b1a1a1c	11	Resolved
111-1837-0961	Man Heilongjiang	O2a2b1a1a1e1	O2a2b	5	Resolved	O2a2b1a1a1e	11	Resolved
111-1306-4551	Man Heilongjiang	O2a2b1a2a1	O2a2b	5	Resolved	O2a2b1a2	8	Resolved
111-1649-0104	Man Heilongjiang	O2a2b1a2a1a1b1b2b1a	O2a2b	5	Resolved	O2a2b1a2	8	Resolved
111-1208-6400	Man Heilongjiang	O2a2b1a2a1a1b1b2b2	O2a2b	5	Resolved	O2a2b1a2	8	Resolved
111-1826-0088	Man Heilongjiang	Q1a1a1a	Q1a1a	5	Resolved	Q1a1a1a*	7	Unresolved
HGDP01296	Han Henan	C2a1a1b1a	C2a1a	5	Resolved	C2a	3	Resolved
HGDP01288	Han Henan	C2b1a1a1a1	C2b1a	5	Resolved	C2b1a1a	7	Resolved
GSRD009144A00_BB0_01	Han Henan	N1a2a	N1a2a	5	Resolved	N1a2	4	Resolved
HGDP01293	Han Henan	N1a2a1	N1a2a	5	Resolved	N1a2	4	Resolved
GSRD009488A00_BB0_01	Han Henan	N1a2a1	N1a2a	5	Resolved	N1a2	4	Resolved
GSRD009128A00_BB0_01	Han Henan	N1a2a1a2	N1a2a	5	Resolved	N1a2	4	Resolved
GSRD009560A00_BB0_01	Han Henan	N1a2a1a2	N1a2a	5	Resolved	N1a2	4	Resolved
HGDP01295	Han Henan	N1b2	N1b2*	5	Unresolved	N1b2*	4	Unresolved
HGDP01292	Han Henan	N1b2	N1b2*	5	Unresolved	N1b2*	4	Unresolved
HGDP00780	Han Henan	O1a1a1a3a	O1a1a	5	Resolved	O1a	3	Resolved
HGDP00977	Han Henan	O1a1a1b1a1	O1a1a	5	Resolved	O1a	3	Resolved
HGDP00774	Han Henan	O1a1a2c	O1a1a	5	Resolved	O1a	3	Resolved
HGDP00782	Han Henan	O1b1a1a1a1a1a1b1	O1b1a	5	Resolved	O1b1a1a1a1a1a1b	15	Resolved
HGDP01289	Han Henan	O1b1a1a1a1b2a1a2	O1b1a	5	Resolved	O1b1a1a1a1b2a1a2	16	Resolved
HGDP00786	Han Henan	O1b1a2a	O1b1a	5	Resolved	O1b1a2	6	Resolved
HGDP01294	Han Henan	O2a1b1a1a1a1a1a1b1	O2a1b	5	Resolved	O2a1b	5	Resolved
HGDP00971	Han Henan	O2a1b1a2a1a2b	O2a1b	5	Resolved	O2a1b	5	Resolved
HGDP00819	Han Henan	O2a2a1a1a1b	O2a2a	5	Resolved	O2a2a1a1a1	10	Resolved
111-1250-5710	Han Henan	O2a2a1a2a1a	O2a2a	5	Resolved	O2a2a1a2a1a*	11	Unresolved
111-1814-3510	Han Henan	O2a2a1a2a1a1a1a	O2a2a	5	Resolved	O2a2a1a2a1a1a1	14	Resolved
111-1830-0227	Han Henan	O2a2a1a2a1a1a1a	O2a2a	5	Resolved	O2a2a1a2a1a1a1	14	Resolved
111-1831-2800	Han Henan	O2a2a1a2a1a1a1a	O2a2a	5	Resolved	O2a2a1a2a1a1a1	14	Resolved
111-1845-6122	Han Henan	O2a2a1a2a1a1a1a	O2a2a	5	Resolved	O2a2a1a2a1a1a1	14	Resolved
111-1857-0408	Han Henan	O2a2a1a2a1a1a1a	O2a2a	5	Resolved	O2a2a1a2a1a1a1	14	Resolved
111-1848-7621	Han Henan	O2a2a1a2a1a1a2a1a1a	O2a2a	5	Resolved	O2a2a1a2a1a1a2a1	16	Resolved
111-1857-4406	Han Henan	O2a2a1a2a1a1b1	O2a2a	5	Resolved	O2a2a1a2a1a1b	13	Resolved
111-1655-0020	Han Henan	O2a2a1a2a1a1b1a	O2a2a	5	Resolved	O2a2a1a2a1a1b	13	Resolved
111-1206-2787	Han Henan	O2a2a1a2a1a1b2	O2a2a	5	Resolved	O2a2a1a2a1a1b	13	Resolved
HGDP00815	Han Henan	O2a2b1a1a1a1a1a1b1	O2a2b	5	Resolved	O2a2b1a1a1a1	12	Resolved
HGDP00779	Han Henan	O2a2b1a1a1a1b	O2a2b	5	Resolved	O2a2b1a1a1a1	12	Resolved
HGDP00822	Han Henan	O2a2b1a1a1b1a1b	O2a2b	5	Resolved	O2a2b1a1a1b	11	Resolved
HGDP00821	Han Henan	O2a2b1a1a1b2	O2a2b	5	Resolved	O2a2b1a1a1b	11	Resolved
HGDP01290	Han Henan	O2a2b1a1b	O2a2b	5	Resolved	O2a2b1a1b	9	Resolved
HGDP00973	Han Henan	O2a2b2b1a1	O2a2b	5	Resolved	O2a2b2b	7	Resolved
HGDP00777	Han Henan	Q1a1a1a	Q1a1a	5	Resolved	Q1a1a1a*	7	Unresolved
111-1233-3184	Tujia Hubei	C2b1b1b	C2b1b	5	Resolved	C2b1b	5	Resolved
QPKZ18134-18505E-T125V1-AC-20180514cap101-18R05975	Tujia Hubei	C2b1b1b2	C2b1b	5	Resolved	C2b1b	5	Resolved
111-1833-5625	Tujia Hubei	C2b1b1b2	C2b1b	5	Resolved	C2b1b	5	Resolved
111-1321-1009	Tujia Hubei	C2b1b1b2	C2b1b	5	Resolved	C2b1b	5	Resolved
111-1248-5142	Tujia Hubei	C2b1b1b2	C2b1b	5	Resolved	C2b1b	5	Resolved
HuB-082_BB0_00	Tujia Hubei	C2b1b1b2a1	C2b1b	5	Resolved	C2b1b	5	Resolved
111-1300-0511	Tujia Hubei	C2b1b1b2a1	C2b1b	5	Resolved	C2b1b	5	Resolved
111-1717-6496	Tujia Hubei	N1b2	N1b2*	5	Unresolved	N1b2*	4	Unresolved
111-1187-4312	Tujia Hubei	O1a1a1a1	O1a1a	5	Resolved	O1a	3	Resolved
7.13E+13	Tujia Hubei	O1a1a1a1a1a	O1a1a	5	Resolved	O1a	3	Resolved
111-1843-8807	Tujia Hubei	O1a1a1a1a1a1c	O1a1a	5	Resolved	O1a	3	Resolved
YSW00593A00_BB1_01	Tujia Hubei	O1a1a1b1	O1a1a	5	Resolved	O1a	3	Resolved
HuB-049_BB0_00	Tujia Hubei	O1a1a2a1a1a	O1a1a	5	Resolved	O1a	3	Resolved
HuB-242-di_BB0_00	Tujia Hubei	O1a1b1a1a	O1a1b	5	Resolved	O1a	3	Resolved
111-1523-2507	Tujia Hubei	O1b1a1a1a1a1a1a2b	O1b1a	5	Resolved	O1b1a1a1a1a1a1a2	16	Resolved
111-1794-5047	Tujia Hubei	O1b1a1a1a1b1a1a1a1c1	O1b1a	5	Resolved	O1b1a1a1a1b1	12	Resolved
2.80E+13	Tujia Hubei	O1b1a1b1b	O1b1a	5	Resolved	O1b1a1b	7	Resolved
3.03E+13	Tujia Hubei	O1b1a1b1b	O1b1a	5	Resolved	O1b1a1b	7	Resolved
YSW00904A00_BB1_01	Tujia Hubei	O2a1b1a1a1a1a1a1b1	O2a1b	5	Resolved	O2a1b	5	Resolved
HuB-050_BB0_00	Tujia Hubei	O2a1b1a1a1a1a1c	O2a1b	5	Resolved	O2a1b	5	Resolved
111-1543-5243	Tujia Hubei	O2a1b1a1a1a1a2	O2a1b	5	Resolved	O2a1b	5	Resolved
YSW00533A00_BB1_01	Tujia Hubei	O2a1b1a1a1a1c1b1a	O2a1b	5	Resolved	O2a1b	5	Resolved
6.18E+13	Tujia Hubei	O2a1b1a2a1a	O2a1b	5	Resolved	O2a1b	5	Resolved
111-1339-8618	Tujia Hubei	O2a2a1a2a1a1b2	O2a2a	5	Resolved	O2a2a1a2a1a1b	13	Resolved
YSW-0262_BB1_01	Tujia Hubei	O2a2b1a1a1a1a1b1a1b2b	O2a2b	5	Resolved	O2a2b1a1a1a1	12	Resolved
111-1845-7457	Tujia Hubei	O2a2b1a1a1a3a1a	O2a2b	5	Resolved	O2a2b1a1a1a3	12	Resolved
HuB-098_BB1_02-jiace1	Tujia Hubei	O2a2b1a1a1a5a	O2a2b	5	Resolved	O2a2b1a1a1a5	12	Resolved
1.30E+13	Tujia Hubei	O2a2b1a1a1c1b	O2a2b	5	Resolved	O2a2b1a1a1c	11	Resolved
HuB-058_BB0_00	Tujia Hubei	O2a2b1a1a1c1b1	O2a2b	5	Resolved	O2a2b1a1a1c	11	Resolved
111-1822-3151	Tujia Hubei	O2a2b1a1a1d	O2a2b	5	Resolved	O2a2b1a1a1d	11	Resolved
HuB-040_BB0_00	Tujia Hubei	O2a2b1a2a1a1a1a1a1a1a	O2a2b	5	Resolved	O2a2b1a2	8	Resolved
111-1200-9522	Tujia Hubei	O2a2b1a2a1a1b1b2b1a	O2a2b	5	Resolved	O2a2b1a2	8	Resolved
HuB-084_BB0_00	Tujia Hubei	O2a2b1a2a1a1b1b2b2	O2a2b	5	Resolved	O2a2b1a2	8	Resolved
111-1232-5714	Tujia Hubei	O2a2b1a2a1a1b1b2b2	O2a2b	5	Resolved	O2a2b1a2	8	Resolved
111-1324-3079	Tujia Hunan	C2b1a2a2b1a2	C2b1a	5	Resolved	C2b1a2	6	Resolved
990-0000-5504	Tujia Hunan	C2b1b1b2	C2b1b	5	Resolved	C2b1b	5	Resolved
111-1208-8565	Tujia Hunan	C2b1b1b2a1b	C2b1b	5	Resolved	C2b1b	5	Resolved
111-1372-3892	Tujia Hunan	O1a1a1a1a1b	O1a1a	5	Resolved	O1a	3	Resolved
111-1293-5012	Tujia Hunan	O1a1a1a1a1b	O1a1a	5	Resolved	O1a	3	Resolved
HuN-258_BB0_00	Tujia Hunan	O1a1a2a1b1a	O1a1a	5	Resolved	O1a	3	Resolved
HuN-254_BB0_00	Tujia Hunan	O1b1a1a1a2a	O1b1a	5	Resolved	O1b1a1a1a2	10	Resolved
111-1345-0996	Tujia Hunan	O1b1a1a1a2a	O1b1a	5	Resolved	O1b1a1a1a2	10	Resolved
111-1802-9616	Tujia Hunan	O1b1a1a1a2a	O1b1a	5	Resolved	O1b1a1a1a2	10	Resolved
111-1405-8344	Tujia Hunan	O1b1a2a	O1b1a	5	Resolved	O1b1a2	6	Resolved
111-1808-5773	Tujia Hunan	O2a1b1a2b2b1	O2a1b	5	Resolved	O2a1b	5	Resolved
HuN-060_BB1_02	Tujia Hunan	O2a1b2	O2a1b	5	Resolved	O2a1b	5	Resolved
HuN-312_BB1_02	Tujia Hunan	O2a2a1a2a1a1a2a1a1a1a	O2a2a	5	Resolved	O2a2a1a2a1a1a2a1	16	Resolved
111-1792-0907	Tujia Hunan	O2a2a1a2a1a1a2a1a1a1a	O2a2a	5	Resolved	O2a2a1a2a1a1a2a1	16	Resolved
111-1733-2960	Tujia Hunan	O2a2b1a1a1a1	O2a2b	5	Resolved	O2a2b1a1a1a1	12	Resolved
111-1646-6765	Tujia Hunan	O2a2b1a1a1a1a1a1a1	O2a2b	5	Resolved	O2a2b1a1a1a1	12	Resolved
111-1253-9289	Tujia Hunan	O2a2b1a1a1a3a1a	O2a2b	5	Resolved	O2a2b1a1a1a3	12	Resolved
111-1436-6821	Tujia Hunan	O2a2b1a1a1c1a	O2a2b	5	Resolved	O2a2b1a1a1c	11	Resolved
111-1202-9742	Tujia Hunan	O2a2b1a2a1a1a1a1a1	O2a2b	5	Resolved	O2a2b1a2	8	Resolved
HuN-311_BB1_02	Tujia Hunan	O2a2b1a2a1a1b	O2a2b	5	Resolved	O2a2b1a2	8	Resolved
111-1836-4434	Tujia Hunan	O2a2b1a2a1a1b1b2b1a	O2a2b	5	Resolved	O2a2b1a2	8	Resolved
111-1854-9992	Tujia Hunan	O2a2b1a2a1a1b1b2b1a	O2a2b	5	Resolved	O2a2b1a2	8	Resolved
111-1807-8461	Tujia Hunan	Q1a1a1a	Q1a1a	5	Resolved	Q1a1a1a*	7	Unresolved
111-1839-1805	Tujia Hunan	Q1a1a1a	Q1a1a	5	Resolved	Q1a1a1a*	7	Unresolved
990-0001-2090	Mongol Inner Mongolia	C2a1a1b1a	C2a1a	5	Resolved	C2a	3	Resolved
111-1836-3925	Mongol Inner Mongolia	C2a1a1b1b	C2a1a	5	Resolved	C2a	3	Resolved
111-1823-0593	Mongol Inner Mongolia	C2a1a1b1b	C2a1a	5	Resolved	C2a	3	Resolved
111-1756-0714	Mongol Inner Mongolia	C2a1a3a1	C2a1a	5	Resolved	C2a	3	Resolved
111-1844-9568	Mongol Inner Mongolia	C2a1a3a1	C2a1a	5	Resolved	C2a	3	Resolved
111-1703-6776	Mongol Inner Mongolia	C2a1a3a1	C2a1a	5	Resolved	C2a	3	Resolved
111-1787-0288	Mongol Inner Mongolia	C2a1a3a1	C2a1a	5	Resolved	C2a	3	Resolved
111-1854-3815	Mongol Inner Mongolia	C2a1a3a1	C2a1a	5	Resolved	C2a	3	Resolved
111-1775-3536	Mongol Inner Mongolia	C2a1a3a1	C2a1a	5	Resolved	C2a	3	Resolved
111-1656-3266	Mongol Inner Mongolia	C2a1a3a1	C2a1a	5	Resolved	C2a	3	Resolved
HGDP01230	Mongol Inner Mongolia	C2a1a3a1e1	C2a1a	5	Resolved	C2a	3	Resolved
111-1715-7013	Mongol Inner Mongolia	C2a1a3a1e1	C2a1a	5	Resolved	C2a	3	Resolved
111-1829-1372	Mongol Inner Mongolia	C2a1a3a6	C2a1a	5	Resolved	C2a	3	Resolved
111-1657-7607	Mongol Inner Mongolia	C2b1a1	C2b1a	5	Resolved	C2b1a1*	6	Unresolved
111-1828-9072	Mongol Inner Mongolia	C2b1a1a1a1	C2b1a	5	Resolved	C2b1a1a	7	Resolved
111-1851-7823	Mongol Inner Mongolia	C2b1a1a1a1	C2b1a	5	Resolved	C2b1a1a	7	Resolved
111-1736-8969	Mongol Inner Mongolia	C2b1a1a1a1	C2b1a	5	Resolved	C2b1a1a	7	Resolved
111-1730-7999	Mongol Inner Mongolia	C2b1a2a2b1a	C2b1a	5	Resolved	C2b1a2	6	Resolved
111-1380-1156	Mongol Inner Mongolia	C2b1a2a2b1a2	C2b1a	5	Resolved	C2b1a2	6	Resolved
111-1784-3855	Mongol Inner Mongolia	C2b1a2b	C2b1a	5	Resolved	C2b1a2	6	Resolved
111-1795-3455	Mongol Inner Mongolia	D1a1a1a1b	D1a1a	5	Resolved	D1a1a1a1b*	9	Unresolved
HGDP01226	Mongol Inner Mongolia	D1a1b1a	D1a1b	5	Resolved	D1a1b	5	Resolved
111-1738-4990	Mongol Inner Mongolia	E1b1b1a1b2a	E1b1b	5	Resolved	E1b1b	5	Resolved
111-1751-1785	Mongol Inner Mongolia	E1b1b1a1b2a	E1b1b	5	Resolved	E1b1b	5	Resolved
111-1733-4278	Mongol Inner Mongolia	E1b1b1a1b2a	E1b1b	5	Resolved	E1b1b	5	Resolved
990-0002-0699	Mongol Inner Mongolia	E1b1b1b2a1a1a1a1	E1b1b	5	Resolved	E1b1b	5	Resolved
111-1818-7668	Mongol Inner Mongolia	J2a1a2b2a2	J2a1a	5	Resolved	J2	2	Resolved
111-1819-2785	Mongol Inner Mongolia	J2a2a1a1a	J2a2a	5	Resolved	J2	2	Resolved
111-1749-9465	Mongol Inner Mongolia	N1a1a1a1a1a1	N1a1a	5	Resolved	N1a1a1	6	Resolved
HGDP01224	Mongol Inner Mongolia	N1a1a1a1a3a2b2	N1a1a	5	Resolved	N1a1a1	6	Resolved
111-1227-3039	Mongol Inner Mongolia	N1a2a	N1a2a	5	Resolved	N1a2	4	Resolved
111-1838-5224	Mongol Inner Mongolia	N1a2a	N1a2a	5	Resolved	N1a2	4	Resolved
111-1731-0661	Mongol Inner Mongolia	N1a2a1	N1a2a	5	Resolved	N1a2	4	Resolved
111-1814-2568	Mongol Inner Mongolia	N1a2a1a2	N1a2a	5	Resolved	N1a2	4	Resolved
111-1250-5239	Mongol Inner Mongolia	N1a2b1b1	N1a2b	5	Resolved	N1a2	4	Resolved
111-1201-2881	Mongol Inner Mongolia	N1a2b1b1	N1a2b	5	Resolved	N1a2	4	Resolved
111-1835-1748	Mongol Inner Mongolia	N1a3	N1a3*	5	Unresolved	N1a3	4	Resolved
111-1816-9978	Mongol Inner Mongolia	N1b2	N1b2*	5	Unresolved	N1b2*	4	Unresolved
111-1694-4195	Mongol Inner Mongolia	O1a1a2a2a1a	O1a1a	5	Resolved	O1a	3	Resolved
111-1806-5645	Mongol Inner Mongolia	O1a1a2a3	O1a1a	5	Resolved	O1a	3	Resolved
111-1181-1782	Mongol Inner Mongolia	O1a2a2	O1a2a	5	Resolved	O1a	3	Resolved
111-1738-8127	Mongol Inner Mongolia	O1b1a2a1	O1b1a	5	Resolved	O1b1a2	6	Resolved
111-1540-1057	Mongol Inner Mongolia	O2a1b1a1a1a1	O2a1b	5	Resolved	O2a1b	5	Resolved
111-1302-3312	Mongol Inner Mongolia	O2a1b1a1a1a1a1a1b1a	O2a1b	5	Resolved	O2a1b	5	Resolved
111-1172-3986	Mongol Inner Mongolia	O2a1b1a1a1a1a1b1a2	O2a1b	5	Resolved	O2a1b	5	Resolved
111-1826-1320	Mongol Inner Mongolia	O2a1b1a1a1a1a1c	O2a1b	5	Resolved	O2a1b	5	Resolved
111-1847-1842	Mongol Inner Mongolia	O2a1b1a1a1a1b1a1b1a2	O2a1b	5	Resolved	O2a1b	5	Resolved
111-1419-1782	Mongol Inner Mongolia	O2a1b1a1a1a1e1	O2a1b	5	Resolved	O2a1b	5	Resolved
Y5649	Mongol Inner Mongolia	O2a1b1a1a1a1e1a2a1	O2a1b	5	Resolved	O2a1b	5	Resolved
111-1341-9610	Mongol Inner Mongolia	O2a1b1a1a1a1e1a2a1	O2a1b	5	Resolved	O2a1b	5	Resolved
Y5621	Mongol Inner Mongolia	O2a1b1a1a1a1e1a2a1	O2a1b	5	Resolved	O2a1b	5	Resolved
111-1300-6933	Mongol Inner Mongolia	O2a1b1a1a1a1e1a2a1	O2a1b	5	Resolved	O2a1b	5	Resolved
111-1345-2983	Mongol Inner Mongolia	O2a1b1a1a1a1e1a2a1	O2a1b	5	Resolved	O2a1b	5	Resolved
111-1260-5380	Mongol Inner Mongolia	O2a1b1a1a1a1e1a2a1	O2a1b	5	Resolved	O2a1b	5	Resolved
111-1300-7114	Mongol Inner Mongolia	O2a1b1a1a1a1e1a2a1	O2a1b	5	Resolved	O2a1b	5	Resolved
111-1257-5874	Mongol Inner Mongolia	O2a1b1a1a1a1e1a2a1	O2a1b	5	Resolved	O2a1b	5	Resolved
111-1307-7360	Mongol Inner Mongolia	O2a1b1a1a1a1e1a2a1	O2a1b	5	Resolved	O2a1b	5	Resolved
990-0002-6837	Mongol Inner Mongolia	O2a1b1a1a1a1ib	O2a1b	5	Resolved	O2a1b	5	Resolved
111-1816-1750	Mongol Inner Mongolia	O2a1b1a1a1b1	O2a1b	5	Resolved	O2a1b	5	Resolved
111-1547-5720	Mongol Inner Mongolia	O2a1b1a1b	O2a1b	5	Resolved	O2a1b	5	Resolved
111-1753-9208	Mongol Inner Mongolia	O2a1b1a2a1a1a2	O2a1b	5	Resolved	O2a1b	5	Resolved
111-1748-6625	Mongol Inner Mongolia	O2a2a1a1a	O2a2a	5	Resolved	O2a2a1a1a*	9	Unresolved
111-1794-6396	Mongol Inner Mongolia	O2a2a1a2a1a1a1a	O2a2a	5	Resolved	O2a2a1a2a1a1a1	14	Resolved
HGDP01225	Mongol Inner Mongolia	O2a2b1a1a1	O2a2b	5	Resolved	O2a2b1a1a1*	10	Unresolved
111-1656-5833	Mongol Inner Mongolia	O2a2b1a1a1	O2a2b	5	Resolved	O2a2b1a1a1*	10	Unresolved
Y5844	Mongol Inner Mongolia	O2a2b1a1a1	O2a2b	5	Resolved	O2a2b1a1a1*	10	Unresolved
111-1188-8067	Mongol Inner Mongolia	O2a2b1a1a1a1a1a1	O2a2b	5	Resolved	O2a2b1a1a1a1	12	Resolved
HGDP01229	Mongol Inner Mongolia	O2a2b1a1a1a1a1b1a1a2	O2a2b	5	Resolved	O2a2b1a1a1a1	12	Resolved
111-1721-6208	Mongol Inner Mongolia	O2a2b1a1a1c1	O2a2b	5	Resolved	O2a2b1a1a1c	11	Resolved
111-1340-5262	Mongol Inner Mongolia	O2a2b1a2a1	O2a2b	5	Resolved	O2a2b1a2	8	Resolved
Y5653	Mongol Inner Mongolia	O2a2b1a2a1a1a1a1	O2a2b	5	Resolved	O2a2b1a2	8	Resolved
111-1286-5210	Mongol Inner Mongolia	O2a2b1a2a1a1a1a1	O2a2b	5	Resolved	O2a2b1a2	8	Resolved
111-1195-5691	Mongol Inner Mongolia	O2a2b1a2a1a1a1a1a1a1	O2a2b	5	Resolved	O2a2b1a2	8	Resolved
111-1787-5870	Mongol Inner Mongolia	O2a2b1a2a1a1a1a1a1a1a	O2a2b	5	Resolved	O2a2b1a2	8	Resolved
111-1623-0694	Mongol Inner Mongolia	O2a2b1a2a1a1a2a1	O2a2b	5	Resolved	O2a2b1a2	8	Resolved
111-1285-5730	Mongol Inner Mongolia	O2a2b1a2a1a1a2a1	O2a2b	5	Resolved	O2a2b1a2	8	Resolved
111-1791-2148	Mongol Inner Mongolia	O2a2b1a2a1a1b1b2b2	O2a2b	5	Resolved	O2a2b1a2	8	Resolved
111-1695-8895	Mongol Inner Mongolia	O2a2b1a2a1a4a1	O2a2b	5	Resolved	O2a2b1a2	8	Resolved
Y5643	Mongol Inner Mongolia	O2a2b1a2a1a4a1a	O2a2b	5	Resolved	O2a2b1a2	8	Resolved
111-1356-5898	Mongol Inner Mongolia	O2a2b2a1	O2a2b	5	Resolved	O2a2b2a1	8	Resolved
111-1822-6381	Mongol Inner Mongolia	O2a2b2a1a	O2a2b	5	Resolved	O2a2b2a1	8	Resolved
111-1715-4685	Mongol Inner Mongolia	O2a2b2a1a2	O2a2b	5	Resolved	O2a2b2a1	8	Resolved
111-1304-3969	Mongol Inner Mongolia	O2a2b2a1b2	O2a2b	5	Resolved	O2a2b2a1	8	Resolved
111-1769-4815	Mongol Inner Mongolia	O2a2b2a1b2	O2a2b	5	Resolved	O2a2b2a1	8	Resolved
111-1758-1306	Mongol Inner Mongolia	Q1a1a1	Q1a1a	5	Resolved	Q1a1a1*	6	Unresolved
111-1841-8021	Mongol Inner Mongolia	Q1a1a1a	Q1a1a	5	Resolved	Q1a1a1a*	7	Unresolved
HGDP01227	Mongol Inner Mongolia	Q1b1a3b	Q1b1a	5	Resolved	Q1b1	4	Resolved
111-1355-4786	Mongol Inner Mongolia	Q1b1a3b2	Q1b1a	5	Resolved	Q1b1	4	Resolved
111-1732-2145	Mongol Inner Mongolia	R1a1a1b2a2a1d9	R1a1a	5	Resolved	R1a1a1b2	8	Resolved
111-1837-4983	Mongol Inner Mongolia	R1a1a1b2e1	R1a1a	5	Resolved	R1a1a1b2	8	Resolved
111-1694-1231	Mongol Inner Mongolia	R1b1a1a1a	R1b1a	5	Resolved	R1b1a1a	7	Resolved
111-1708-7150	Mongol Inner Mongolia	R1b1a1a1a	R1b1a	5	Resolved	R1b1a1a	7	Resolved
111-1643-0414	Mongol Inner Mongolia	R1b1a1a1a	R1b1a	5	Resolved	R1b1a1a	7	Resolved
HGDP00621	Bedouin Israel	B2a1a1a1a	B2a1a	5	Resolved	B	1	Resolved
HGDP00640	Bedouin Israel	E1b1b1a1b2a4b	E1b1b	5	Resolved	E1b1b	5	Resolved
HGDP00642	Bedouin Israel	E1b1b1b2a1a	E1b1b	5	Resolved	E1b1b	5	Resolved
HGDP00628	Bedouin Israel	E1b1b1b2a1a	E1b1b	5	Resolved	E1b1b	5	Resolved
HGDP00626	Bedouin Israel	G2a2b1a1a1a2	G2a2b	5	Resolved	G	1	Resolved
HGDP00608	Bedouin Israel	J1a2a1a2d2b2b2c4b1c1c1a	J1a2a	5	Resolved	J1	2	Resolved
HGDP00618	Bedouin Israel	J1a2a1a2d2b2b2c4b1c1c1a	J1a2a	5	Resolved	J1	2	Resolved
HGDP00609	Bedouin Israel	J1a2a1a2d2b2b2c4b1c1c1a1	J1a2a	5	Resolved	J1	2	Resolved
HGDP00610	Bedouin Israel	J1a2a1a2d2b2b2c4b1c1c1a1a	J1a2a	5	Resolved	J1	2	Resolved
HGDP00648	Bedouin Israel	J1a2a1a2d2b2b2c4b1c1c1a1a	J1a2a	5	Resolved	J1	2	Resolved
HGDP00639	Bedouin Israel	J1a2a1a2d2b2b2c4b1c1c1a1a	J1a2a	5	Resolved	J1	2	Resolved
HGDP00641	Bedouin Israel	J1a2a1a2d2b2b2c4b1c1c1a1a	J1a2a	5	Resolved	J1	2	Resolved
HGDP00624	Bedouin Israel	J1a2a1a2d2b2b2c4b1c1c1a1a	J1a2a	5	Resolved	J1	2	Resolved
HGDP00627	Bedouin Israel	J1a2a1a2d2b2b2c4b1c1c1a1a	J1a2a	5	Resolved	J1	2	Resolved
HGDP00631	Bedouin Israel	J1a2a1a2d2b2b2c4b1c1c1a1a	J1a2a	5	Resolved	J1	2	Resolved
HGDP00623	Bedouin Israel	J1a2a1a2d2b2b2c4b1c1c1a1a	J1a2a	5	Resolved	J1	2	Resolved
HGDP00630	Bedouin Israel	J1a2a1a2d2b2b2c4b1c1c1a1a	J1a2a	5	Resolved	J1	2	Resolved
HGDP00611	Bedouin Israel	J1a2a1a2d2b2b2c4b1c1c1a2	J1a2a	5	Resolved	J1	2	Resolved
HGDP00654	Bedouin Israel	J1a2a1a2d2b2b2c4d2a2a2	J1a2a	5	Resolved	J1	2	Resolved
HGDP00619	Bedouin Israel	J1a2a1a2d2b2b2c4d2a2a4a	J1a2a	5	Resolved	J1	2	Resolved
HGDP00644	Bedouin Israel	J1a2a1a2d2b2b2c4d2a2a4a	J1a2a	5	Resolved	J1	2	Resolved
HGDP00645	Bedouin Israel	J1a2b1b2	J1a2b	5	Resolved	J1	2	Resolved
HGDP00622	Bedouin Israel	R1a1a1b1a4b	R1a1a	5	Resolved	R1a1a1b1	8	Resolved
HGDP00625	Bedouin Israel	R1a1a1b1a4b	R1a1a	5	Resolved	R1a1a1b1	8	Resolved
NA20544	Toscani Italy	E1b1b1a1a2a1b	E1b1b	5	Resolved	E1b1b	5	Resolved
NA20510	Toscani Italy	E1b1b1a1b1a12	E1b1b	5	Resolved	E1b1b	5	Resolved
HGDP01167	Toscani Italy	E1b1b1a1b1a23	E1b1b	5	Resolved	E1b1b	5	Resolved
NA20516	Toscani Italy	E1b1b1a1b1a6b	E1b1b	5	Resolved	E1b1b	5	Resolved
NA20528	Toscani Italy	E1b1b1a1b1a9a	E1b1b	5	Resolved	E1b1b	5	Resolved
NA20767	Toscani Italy	G2a2b1a1b1a1	G2a2b	5	Resolved	G	1	Resolved
NA20536	Toscani Italy	G2a2b2a1a1b1a1a2a1a4	G2a2b	5	Resolved	G	1	Resolved
HGDP01162	Toscani Italy	G2a2b2a1a1b2a2	G2a2b	5	Resolved	G	1	Resolved
NA20511	Toscani Italy	I1a2a1a1a2b1a	I1a2a	5	Resolved	I	1	Resolved
NA20762	Toscani Italy	I1a2a1a1a5a1a1	I1a2a	5	Resolved	I	1	Resolved
HGDP01164	Toscani Italy	I2a2b1c2	I2a2b	5	Resolved	I	1	Resolved
NA20543	Toscani Italy	J1a2a1a2d2b2b2c4b2b2	J1a2a	5	Resolved	J1	2	Resolved
NA20765	Toscani Italy	J2a1a1a2b2a1a1a2a1a	J2a1a	5	Resolved	J2	2	Resolved
NA20815	Toscani Italy	J2a1a1a2b2a1a1c2a	J2a1a	5	Resolved	J2	2	Resolved
NA20513	Toscani Italy	J2a1a1a2b2a1a1c2b1a	J2a1a	5	Resolved	J2	2	Resolved
NA20827	Toscani Italy	J2a1a1a2b2a1a1c2b1a	J2a1a	5	Resolved	J2	2	Resolved
NA20521	Toscani Italy	J2a1a1a2b2a2b3a	J2a1a	5	Resolved	J2	2	Resolved
NA20801	Toscani Italy	J2a1a1a2b2a2b3a2a1a	J2a1a	5	Resolved	J2	2	Resolved
NA20787	Toscani Italy	J2a1a1a2b2a2b3a2a1a	J2a1a	5	Resolved	J2	2	Resolved
NA20534	Toscani Italy	J2a1a1a2b2a3b1b1	J2a1a	5	Resolved	J2	2	Resolved
NA20805	Toscani Italy	J2a1a1b2a1b1b2	J2a1a	5	Resolved	J2	2	Resolved
NA20778	Toscani Italy	J2a1a1b2a1b1b3a	J2a1a	5	Resolved	J2	2	Resolved
NA20809	Toscani Italy	J2a1a1b2a1b1b3a2b	J2a1a	5	Resolved	J2	2	Resolved
NA20763	Toscani Italy	J2b2a1a	J2b2a	5	Resolved	J2	2	Resolved
NA20811	Toscani Italy	J2b2a1a1a1a1a1a	J2b2a	5	Resolved	J2	2	Resolved
NA20525	Toscani Italy	J2b2a1a1a1a1a1a1c	J2b2a	5	Resolved	J2	2	Resolved
NA20588	Toscani Italy	J2b2b1	J2b2b	5	Resolved	J2	2	Resolved
NA20539	Toscani Italy	R1a1a1b2a4b1	R1a1a	5	Resolved	R1a1a1b2	8	Resolved
NA20796	Toscani Italy	R1a1a1b2a4b1	R1a1a	5	Resolved	R1a1a1b2	8	Resolved
NA20770	Toscani Italy	R1b1a1b1a1a	R1b1a	5	Resolved	R1b1a1b1a	9	Resolved
NA20586	Toscani Italy	R1b1a1b1a1a1c2b2a1b1b1a	R1b1a	5	Resolved	R1b1a1b1a	9	Resolved
NA20524	Toscani Italy	R1b1a1b1a1a1c2b2b1a	R1b1a	5	Resolved	R1b1a1b1a	9	Resolved
NA20518	Toscani Italy	R1b1a1b1a1a2a1a1a2	R1b1a	5	Resolved	R1b1a1b1a	9	Resolved
NA20752	Toscani Italy	R1b1a1b1a1a2a1a2	R1b1a	5	Resolved	R1b1a1b1a	9	Resolved
NA20519	Toscani Italy	R1b1a1b1a1a2a1a2	R1b1a	5	Resolved	R1b1a1b1a	9	Resolved
NA20754	Toscani Italy	R1b1a1b1a1a2b	R1b1a	5	Resolved	R1b1a1b1a	9	Resolved
NA20512	Toscani Italy	R1b1a1b1a1a2b	R1b1a	5	Resolved	R1b1a1b1a	9	Resolved
NA20755	Toscani Italy	R1b1a1b1a1a2b	R1b1a	5	Resolved	R1b1a1b1a	9	Resolved
NA20792	Toscani Italy	R1b1a1b1a1a2b	R1b1a	5	Resolved	R1b1a1b1a	9	Resolved
HGDP01161	Toscani Italy	R1b1a1b1a1a2b	R1b1a	5	Resolved	R1b1a1b1a	9	Resolved
NA20759	Toscani Italy	R1b1a1b1a1a2b1a	R1b1a	5	Resolved	R1b1a1b1a	9	Resolved
NA20515	Toscani Italy	R1b1a1b1a1a2b1a1	R1b1a	5	Resolved	R1b1a1b1a	9	Resolved
NA20812	Toscani Italy	R1b1a1b1a1a2b1c1b	R1b1a	5	Resolved	R1b1a1b1a	9	Resolved
NA20798	Toscani Italy	R1b1a1b1a1a2b2b1	R1b1a	5	Resolved	R1b1a1b1a	9	Resolved
NA20538	Toscani Italy	R1b1a1b1a1a2b2b1	R1b1a	5	Resolved	R1b1a1b1a	9	Resolved
NA20803	Toscani Italy	R1b1a1b1a1a2b2b1	R1b1a	5	Resolved	R1b1a1b1a	9	Resolved
NA20806	Toscani Italy	R1b1a1b1a1a2b2b1	R1b1a	5	Resolved	R1b1a1b1a	9	Resolved
NA20581	Toscani Italy	R1b1a1b1a1a2b3c	R1b1a	5	Resolved	R1b1a1b1a	9	Resolved
NA20814	Toscani Italy	R1b1a1b1a1a2b3c	R1b1a	5	Resolved	R1b1a1b1a	9	Resolved
NA20509	Toscani Italy	R1b1a1b1a1a2b3c	R1b1a	5	Resolved	R1b1a1b1a	9	Resolved
HGDP01166	Toscani Italy	R1b1a1b1a1a2b3c	R1b1a	5	Resolved	R1b1a1b1a	9	Resolved
NA20810	Toscani Italy	R1b1a1b1a1a2b4	R1b1a	5	Resolved	R1b1a1b1a	9	Resolved
NA20783	Toscani Italy	R1b1a1b1a1a2f	R1b1a	5	Resolved	R1b1a1b1a	9	Resolved
NA20785	Toscani Italy	R1b1a1b1a2	R1b1a	5	Resolved	R1b1a1b1a	9	Resolved
NA20532	Toscani Italy	R1b1a1b1b	R1b1a	5	Resolved	R1b1a1b1b	9	Resolved
NA20520	Toscani Italy	T1a1a	T1a1a	5	Resolved	T	1	Resolved
NA20527	Toscani Italy	T1a1a1b2b2b1a1a1	T1a1a	5	Resolved	T	1	Resolved
NA20758	Toscani Italy	T1a2b1a	T1a2b	5	Resolved	T	1	Resolved
NA18989	Japanese Japan	C1a1a1a1a	C1a1a	5	Resolved	C1a	3	Resolved
NA19006	Japanese Japan	C1a1a1a1b	C1a1a	5	Resolved	C1a	3	Resolved
HGDP00758	Japanese Japan	C1a1a1b	C1a1a	5	Resolved	C1a	3	Resolved
NA18974	Japanese Japan	C1a1a1b1	C1a1a	5	Resolved	C1a	3	Resolved
NA18971	Japanese Japan	C1a1a1b2	C1a1a	5	Resolved	C1a	3	Resolved
HGDP00768	Japanese Japan	C2a1a	C2a1a	5	Resolved	C2a	3	Resolved
NA19091	Japanese Japan	C2b1a1a1a1d	C2b1a	5	Resolved	C2b1a1a	7	Resolved
NA19079	Japanese Japan	C2b1b1b1	C2b1b	5	Resolved	C2b1b	5	Resolved
HGDP00767	Japanese Japan	C2b1b1b4	C2b1b	5	Resolved	C2b1b	5	Resolved
HGDP00828	Japanese Japan	D1a2a1b	D1a2a	5	Resolved	D1a2	4	Resolved
NA18983	Japanese Japan	D1a2a1b2	D1a2a	5	Resolved	D1a2	4	Resolved
NA18967	Japanese Japan	D1a2a1b2a1a	D1a2a	5	Resolved	D1a2	4	Resolved
NA19068	Japanese Japan	D1a2a1b2a1a1	D1a2a	5	Resolved	D1a2	4	Resolved
HGDP00752	Japanese Japan	D1a2a1b2a1a1a	D1a2a	5	Resolved	D1a2	4	Resolved
HGDP00790	Japanese Japan	D1a2a1b2a1a1a	D1a2a	5	Resolved	D1a2	4	Resolved
NA18988	Japanese Japan	D1a2a1b2a1a1a1b	D1a2a	5	Resolved	D1a2	4	Resolved
NA19082	Japanese Japan	D1a2a1b2a1a1a3	D1a2a	5	Resolved	D1a2	4	Resolved
HGDP00769	Japanese Japan	D1a2a1b2a1a1a5	D1a2a	5	Resolved	D1a2	4	Resolved
NA18944	Japanese Japan	D1a2a1b2a1a1g	D1a2a	5	Resolved	D1a2	4	Resolved
NA18948	Japanese Japan	D1a2a1b2a1a1h1	D1a2a	5	Resolved	D1a2	4	Resolved
NA19058	Japanese Japan	D1a2a1b2a1b	D1a2a	5	Resolved	D1a2	4	Resolved
NA19012	Japanese Japan	D1a2a1b2a2	D1a2a	5	Resolved	D1a2	4	Resolved
NA19089	Japanese Japan	D1a2a1c1a	D1a2a	5	Resolved	D1a2	4	Resolved
NA18966	Japanese Japan	D1a2a1c1b	D1a2a	5	Resolved	D1a2	4	Resolved
HGDP00747	Japanese Japan	D1a2a3a1a	D1a2a	5	Resolved	D1a2	4	Resolved
NA18940	Japanese Japan	D1a2a3a1a1a	D1a2a	5	Resolved	D1a2	4	Resolved
NA19056	Japanese Japan	D1a2a3a1a2a	D1a2a	5	Resolved	D1a2	4	Resolved
NA18961	Japanese Japan	D1a2a3a2a	D1a2a	5	Resolved	D1a2	4	Resolved
NA18970	Japanese Japan	D1a2a3a2b	D1a2a	5	Resolved	D1a2	4	Resolved
NA18952	Japanese Japan	D1a2a3a3a2	D1a2a	5	Resolved	D1a2	4	Resolved
NA18960	Japanese Japan	D1a2a3b	D1a2a	5	Resolved	D1a2	4	Resolved
NA18995	Japanese Japan	D1a2b1a2	D1a2b	5	Resolved	D1a2	4	Resolved
HGDP00757	Japanese Japan	D1a2b1b1a1	D1a2b	5	Resolved	D1a2	4	Resolved
NA19063	Japanese Japan	D1a2b1b2a	D1a2b	5	Resolved	D1a2	4	Resolved
NA19004	Japanese Japan	D1a2b2	D1a2b	5	Resolved	D1a2	4	Resolved
NA19009	Japanese Japan	O1b1a1a1a1b1a	O1b1a	5	Resolved	O1b1a1a1a1b1	12	Resolved
NA19055	Japanese Japan	O1b1a2b2	O1b1a	5	Resolved	O1b1a2	6	Resolved
NA18977	Japanese Japan	O1b2a1a1	O1b2a	5	Resolved	O1b2	4	Resolved
NA19060	Japanese Japan	O1b2a1a1	O1b2a	5	Resolved	O1b2	4	Resolved
NA18943	Japanese Japan	O1b2a1a1	O1b2a	5	Resolved	O1b2	4	Resolved
NA18985	Japanese Japan	O1b2a1a1	O1b2a	5	Resolved	O1b2	4	Resolved
NA19000	Japanese Japan	O1b2a1a1	O1b2a	5	Resolved	O1b2	4	Resolved
NA19066	Japanese Japan	O1b2a1a1	O1b2a	5	Resolved	O1b2	4	Resolved
NA18986	Japanese Japan	O1b2a1a1	O1b2a	5	Resolved	O1b2	4	Resolved
NA18962	Japanese Japan	O1b2a1a1	O1b2a	5	Resolved	O1b2	4	Resolved
NA18990	Japanese Japan	O1b2a1a1	O1b2a	5	Resolved	O1b2	4	Resolved
HGDP00750	Japanese Japan	O1b2a1a1	O1b2a	5	Resolved	O1b2	4	Resolved
HGDP00748	Japanese Japan	O1b2a1a1	O1b2a	5	Resolved	O1b2	4	Resolved
HGDP00762	Japanese Japan	O1b2a1a1	O1b2a	5	Resolved	O1b2	4	Resolved
HGDP00755	Japanese Japan	O1b2a1a1a	O1b2a	5	Resolved	O1b2	4	Resolved
NA18953	Japanese Japan	O1b2a1a1a	O1b2a	5	Resolved	O1b2	4	Resolved
NA19088	Japanese Japan	O1b2a1a1a	O1b2a	5	Resolved	O1b2	4	Resolved
NA18965	Japanese Japan	O1b2a1a1a1	O1b2a	5	Resolved	O1b2	4	Resolved
NA19005	Japanese Japan	O1b2a1a1a1	O1b2a	5	Resolved	O1b2	4	Resolved
NA19067	Japanese Japan	O1b2a1a1a1	O1b2a	5	Resolved	O1b2	4	Resolved
HGDP00763	Japanese Japan	O1b2a1a1a1	O1b2a	5	Resolved	O1b2	4	Resolved
NA18994	Japanese Japan	O1b2a1a1c	O1b2a	5	Resolved	O1b2	4	Resolved
NA19075	Japanese Japan	O1b2a1a2a	O1b2a	5	Resolved	O1b2	4	Resolved
HGDP00791	Japanese Japan	O1b2a1a2a1	O1b2a	5	Resolved	O1b2	4	Resolved
HGDP00766	Japanese Japan	O1b2a1a2a1	O1b2a	5	Resolved	O1b2	4	Resolved
NA19007	Japanese Japan	O1b2a1a2a1a	O1b2a	5	Resolved	O1b2	4	Resolved
NA19070	Japanese Japan	O1b2a1a3a	O1b2a	5	Resolved	O1b2	4	Resolved
NA18982	Japanese Japan	O2a1b1a1a1a1f1a1b	O2a1b	5	Resolved	O2a1b	5	Resolved
HGDP00764	Japanese Japan	O2a1b1a1a1a1k	O2a1b	5	Resolved	O2a1b	5	Resolved
HGDP00751	Japanese Japan	O2a1b1a2a1a1a1d1a	O2a1b	5	Resolved	O2a1b	5	Resolved
NA18984	Japanese Japan	O2a1b1b2	O2a1b	5	Resolved	O2a1b	5	Resolved
HGDP00759	Japanese Japan	O2a2a1a1b2b2b4	O2a2a	5	Resolved	O2a2a1a1b	9	Resolved
NA19072	Japanese Japan	O2a2b1a1a1	O2a2b	5	Resolved	O2a2b1a1a1*	10	Unresolved
NA19062	Japanese Japan	O2a2b1a1a1a1a1c1	O2a2b	5	Resolved	O2a2b1a1a1a1	12	Resolved
NA19085	Japanese Japan	O2a2b1a1a1a2a1a1	O2a2b	5	Resolved	O2a2b1a1a1a2	12	Resolved
NA19086	Japanese Japan	O2a2b1a1a1c1b1	O2a2b	5	Resolved	O2a2b1a1a1c	11	Resolved
NA18945	Japanese Japan	O2a2b1a1a1e1	O2a2b	5	Resolved	O2a2b1a1a1e	11	Resolved
NA19076	Japanese Japan	O2a2b1a2a1a1a1a1a1	O2a2b	5	Resolved	O2a2b1a2	8	Resolved
HGDP00753	Japanese Japan	O2a2b1a2a1a1a2a1a1	O2a2b	5	Resolved	O2a2b1a2	8	Resolved
NA18959	Japanese Japan	O2a2b1a2a1a1b1b2b2	O2a2b	5	Resolved	O2a2b1a2	8	Resolved
NA19083	Japanese Japan	O2a2b1a2a2a1b	O2a2b	5	Resolved	O2a2b1a2	8	Resolved
111-1795-1154	Man Jilin	C2a1a1b1a	C2a1a	5	Resolved	C2a	3	Resolved
111-1702-3462	Man Jilin	C2a1a1b1a	C2a1a	5	Resolved	C2a	3	Resolved
111-1823-7875	Man Jilin	C2a1a2a1a1	C2a1a	5	Resolved	C2a	3	Resolved
111-1858-5099	Man Jilin	C2a1a3	C2a1a	5	Resolved	C2a	3	Resolved
111-1745-8769	Man Jilin	C2b1a1	C2b1a	5	Resolved	C2b1a1*	6	Unresolved
111-1219-5157	Man Jilin	C2b1a1a1	C2b1a	5	Resolved	C2b1a1a	7	Resolved
111-1785-5063	Man Jilin	C2b1a2b2b	C2b1a	5	Resolved	C2b1a2	6	Resolved
111-1803-3118	Man Jilin	C2b1b1b5	C2b1b	5	Resolved	C2b1b	5	Resolved
111-1828-6606	Man Jilin	N1a2a1a2	N1a2a	5	Resolved	N1a2	4	Resolved
111-1333-7877	Man Jilin	N1a2a1a2	N1a2a	5	Resolved	N1a2	4	Resolved
111-1290-2304	Man Jilin	N1a2b1b1	N1a2b	5	Resolved	N1a2	4	Resolved
111-1636-4122	Man Jilin	N1b1a1	N1b1a	5	Resolved	N1b1a	5	Resolved
111-1834-7758	Man Jilin	O1a1a1a1a1a1a1	O1a1a	5	Resolved	O1a	3	Resolved
111-1841-3781	Man Jilin	O1a1a1a1a1a1a1a	O1a1a	5	Resolved	O1a	3	Resolved
111-1832-5329	Man Jilin	O1a1a1a1a1a1d	O1a1a	5	Resolved	O1a	3	Resolved
111-1796-1382	Man Jilin	O1a1a2a1a	O1a1a	5	Resolved	O1a	3	Resolved
111-1721-2910	Man Jilin	O1b1a1a1a2	O1b1a	5	Resolved	O1b1a1a1a2	10	Resolved
111-1506-3217	Man Jilin	O1b2a1a1	O1b2a	5	Resolved	O1b2	4	Resolved
111-1687-3648	Man Jilin	O1b2a1a1	O1b2a	5	Resolved	O1b2	4	Resolved
111-1790-9452	Man Jilin	O2a1a1a1a	O2a1a	5	Resolved	O2a1a	5	Resolved
111-1722-6962	Man Jilin	O2a1a1b1a2b2b	O2a1a	5	Resolved	O2a1a	5	Resolved
111-1171-9125	Man Jilin	O2a1b1a1a1a1b1b	O2a1b	5	Resolved	O2a1b	5	Resolved
111-1437-3645	Man Jilin	O2a1b1a2a2b	O2a1b	5	Resolved	O2a1b	5	Resolved
111-1308-0148	Man Jilin	O2a2a2a1a1a	O2a2a	5	Resolved	O2a2a2	6	Resolved
Y6089	Man Jilin	O2a2b1a2a1	O2a2b	5	Resolved	O2a2b1a2	8	Resolved
111-1351-3356	Man Jilin	O2a2b1a2a1a1a2a1a1a	O2a2b	5	Resolved	O2a2b1a2	8	Resolved
111-1240-0244	Man Jilin	O2a2b1a2a1a1b1b2a1	O2a2b	5	Resolved	O2a2b1a2	8	Resolved
111-1431-9445	Man Jilin	O2a2b1a2a1a1b1b2b1	O2a2b	5	Resolved	O2a2b1a2	8	Resolved
111-1622-8080	Man Jilin	O2a2b1a2a1a1b1b2b2	O2a2b	5	Resolved	O2a2b1a2	8	Resolved
111-1517-2537	Man Jilin	O2a2b1a2a1a3	O2a2b	5	Resolved	O2a2b1a2	8	Resolved
111-1845-2124	Man Jilin	O2a2b2b1a1	O2a2b	5	Resolved	O2a2b2b	7	Resolved
111-1844-7922	Man Jilin	O2b1a1	O2b1a	5	Resolved	O2b	3	Resolved
111-1291-6738	Man Jilin	O2b1a1	O2b1a	5	Resolved	O2b	3	Resolved
NA19454	Luhya Kenya	B2a1a1a1a1	B2a1a	5	Resolved	B	1	Resolved
NA19043	Luhya Kenya	B2a1a1a1a2	B2a1a	5	Resolved	B	1	Resolved
NA19384	Luhya Kenya	B2b1	B2b1*	5	Unresolved	B	1	Resolved
NA19429	Luhya Kenya	E1b1a1a1a1a3a	E1b1a	5	Resolved	E1b1a1a1a1a	11	Resolved
NA19031	Luhya Kenya	E1b1a1a1a1c1a1a3a1a1a2a	E1b1a	5	Resolved	E1b1a1a1a1c1a	13	Resolved
NA19041	Luhya Kenya	E1b1a1a1a1c1a1a3a1a2	E1b1a	5	Resolved	E1b1a1a1a1c1a	13	Resolved
NA19443	Luhya Kenya	E1b1a1a1a1c1a1a3a1c1a1a	E1b1a	5	Resolved	E1b1a1a1a1c1a	13	Resolved
NA19372	Luhya Kenya	E1b1a1a1a1c1a1a3a1c1a1b	E1b1a	5	Resolved	E1b1a1a1a1c1a	13	Resolved
NA19027	Luhya Kenya	E1b1a1a1a1c1a1a3a1c1a2	E1b1a	5	Resolved	E1b1a1a1a1c1a	13	Resolved
NA19317	Luhya Kenya	E1b1a1a1a1c1a1a3a1c1b	E1b1a	5	Resolved	E1b1a1a1a1c1a	13	Resolved
NA19376	Luhya Kenya	E1b1a1a1a1c1a1a3a1c1b	E1b1a	5	Resolved	E1b1a1a1a1c1a	13	Resolved
NA19347	Luhya Kenya	E1b1a1a1a1c1a1a3a1c1b	E1b1a	5	Resolved	E1b1a1a1a1c1a	13	Resolved
NA19026	Luhya Kenya	E1b1a1a1a1c1a1a3a1c1b2e	E1b1a	5	Resolved	E1b1a1a1a1c1a	13	Resolved
NA19383	Luhya Kenya	E1b1a1a1a1c1a1a3a1d	E1b1a	5	Resolved	E1b1a1a1a1c1a	13	Resolved
NA19452	Luhya Kenya	E1b1a1a1a1c1a1a3a1d	E1b1a	5	Resolved	E1b1a1a1a1c1a	13	Resolved
NA19461	Luhya Kenya	E1b1a1a1a1c1a1a3a1d	E1b1a	5	Resolved	E1b1a1a1a1c1a	13	Resolved
NA19428	Luhya Kenya	E1b1a1a1a1c1a1a3a1d	E1b1a	5	Resolved	E1b1a1a1a1c1a	13	Resolved
NA19451	Luhya Kenya	E1b1a1a1a1c1a1a3a1d	E1b1a	5	Resolved	E1b1a1a1a1c1a	13	Resolved
NA19430	Luhya Kenya	E1b1a1a1a1c1a1a3a1d	E1b1a	5	Resolved	E1b1a1a1a1c1a	13	Resolved
NA19307	Luhya Kenya	E1b1a1a1a1c1a1a3a1d1b1b1a	E1b1a	5	Resolved	E1b1a1a1a1c1a	13	Resolved
NA19385	Luhya Kenya	E1b1a1a1a1c1a1a3a1d1b1b1a	E1b1a	5	Resolved	E1b1a1a1a1c1a	13	Resolved
NA19393	Luhya Kenya	E1b1a1a1a1c1a1a3a1d1b1b1a	E1b1a	5	Resolved	E1b1a1a1a1c1a	13	Resolved
NA19028	Luhya Kenya	E1b1a1a1a1c1a1a3a1d1b1b1a	E1b1a	5	Resolved	E1b1a1a1a1c1a	13	Resolved
NA19466	Luhya Kenya	E1b1a1a1a1c1a1a3a1d1b1b1a	E1b1a	5	Resolved	E1b1a1a1a1c1a	13	Resolved
NA19360	Luhya Kenya	E1b1a1a1a1c1a1a3a1d1b1b1a1	E1b1a	5	Resolved	E1b1a1a1a1c1a	13	Resolved
NA19312	Luhya Kenya	E1b1a1a1a1c1a1a3a1d1b1b1a2	E1b1a	5	Resolved	E1b1a1a1a1c1a	13	Resolved
NA19308	Luhya Kenya	E1b1a1a1a1c1a1a3a1d1b1b1a7	E1b1a	5	Resolved	E1b1a1a1a1c1a	13	Resolved
NA19394	Luhya Kenya	E1b1a1a1a1c1a1a3a1d1b1b1b	E1b1a	5	Resolved	E1b1a1a1a1c1a	13	Resolved
NA19319	Luhya Kenya	E1b1a1a1a1c1a1a3a1d1b1b2	E1b1a	5	Resolved	E1b1a1a1a1c1a	13	Resolved
NA19318	Luhya Kenya	E1b1a1a1a1c1a1a3a1d1b2b	E1b1a	5	Resolved	E1b1a1a1a1c1a	13	Resolved
NA19455	Luhya Kenya	E1b1a1a1a1c1a1a3e1	E1b1a	5	Resolved	E1b1a1a1a1c1a	13	Resolved
NA19350	Luhya Kenya	E1b1a1a1a1c1a1b1a	E1b1a	5	Resolved	E1b1a1a1a1c1a	13	Resolved
NA19397	Luhya Kenya	E1b1a1a1a2a1a3b1a2a2a1	E1b1a	5	Resolved	E1b1a1a1a2	10	Resolved
NA19375	Luhya Kenya	E1b1a1a1a2a1a3b1a2a2a1	E1b1a	5	Resolved	E1b1a1a1a2	10	Resolved
NA19448	Luhya Kenya	E1b1a1a1a2a1a3b1a2a2a2	E1b1a	5	Resolved	E1b1a1a1a2	10	Resolved
NA19346	Luhya Kenya	E1b1a1a1a2a1a3b1a2a2b	E1b1a	5	Resolved	E1b1a1a1a2	10	Resolved
NA19374	Luhya Kenya	E1b1a1a1a2a1a3b1d1c1a1a	E1b1a	5	Resolved	E1b1a1a1a2	10	Resolved
NA19020	Luhya Kenya	E1b1a1a1a2a1a3b1d1c1a1c	E1b1a	5	Resolved	E1b1a1a1a2	10	Resolved
NA19025	Luhya Kenya	E1b1a1a1a2a1a3b1d1c1a2	E1b1a	5	Resolved	E1b1a1a1a2	10	Resolved
NA19309	Luhya Kenya	E1b1b1a1a1b1a3	E1b1b	5	Resolved	E1b1b	5	Resolved
NA19334	Luhya Kenya	E1b1b1b2b2a1a1a	E1b1b	5	Resolved	E1b1b	5	Resolved
NA19331	Luhya Kenya	E1b1b1b2b2a1a1a2	E1b1b	5	Resolved	E1b1b	5	Resolved
NA19380	Luhya Kenya	E2b1a1c	E2b1a	5	Resolved	E2	2	Resolved
NA19035	Luhya Kenya	E2b1a1d	E2b1a	5	Resolved	E2	2	Resolved
111-1736-7436	Mongol Liaoning	C2a1a2a1a1	C2a1a	5	Resolved	C2a	3	Resolved
111-1825-6111	Mongol Liaoning	C2a1a2a2a2	C2a1a	5	Resolved	C2a	3	Resolved
111-1727-4543	Mongol Liaoning	C2a1a3a1	C2a1a	5	Resolved	C2a	3	Resolved
111-1698-9530	Mongol Liaoning	C2a1a3a1	C2a1a	5	Resolved	C2a	3	Resolved
111-1730-7869	Mongol Liaoning	C2a1a3a6	C2a1a	5	Resolved	C2a	3	Resolved
111-1775-5905	Mongol Liaoning	C2b1a1	C2b1a	5	Resolved	C2b1a1*	6	Unresolved
Y5997	Mongol Liaoning	C2b1a1a1	C2b1a	5	Resolved	C2b1a1a	7	Resolved
111-1792-8873	Mongol Liaoning	C2b1a1a1a1	C2b1a	5	Resolved	C2b1a1a	7	Resolved
111-1722-6924	Mongol Liaoning	C2b1a1a1a1	C2b1a	5	Resolved	C2b1a1a	7	Resolved
111-1718-3814	Mongol Liaoning	C2b1a1a1a1	C2b1a	5	Resolved	C2b1a1a	7	Resolved
111-1361-7153	Mongol Liaoning	C2b1a2a2b1	C2b1a	5	Resolved	C2b1a2	6	Resolved
111-1825-2625	Mongol Liaoning	E1b1b1a1b2a	E1b1b	5	Resolved	E1b1b	5	Resolved
111-1731-1637	Mongol Liaoning	E1b1b1a1b2a4b1	E1b1b	5	Resolved	E1b1b	5	Resolved
111-1803-2579	Mongol Liaoning	N1a2b1b1	N1a2b	5	Resolved	N1a2	4	Resolved
111-1647-2933	Mongol Liaoning	N1a2b1b1	N1a2b	5	Resolved	N1a2	4	Resolved
111-1314-2488	Mongol Liaoning	N1b1a2b1	N1b1a	5	Resolved	N1b1a	5	Resolved
111-1722-4807	Mongol Liaoning	N1b1a2b1a	N1b1a	5	Resolved	N1b1a	5	Resolved
111-1778-1270	Mongol Liaoning	O1b1a1a1a1b2a1a2	O1b1a	5	Resolved	O1b1a1a1a1b2a1a2	16	Resolved
111-1820-7229	Mongol Liaoning	O1b2a1a1c	O1b2a	5	Resolved	O1b2	4	Resolved
111-1226-8530	Mongol Liaoning	O2a1a1b1a2a1	O2a1a	5	Resolved	O2a1a	5	Resolved
111-1766-7499	Mongol Liaoning	O2a1b1a1a1a1a1a1a	O2a1b	5	Resolved	O2a1b	5	Resolved
Y5912	Mongol Liaoning	O2a1b1a1a1a1e1a1b	O2a1b	5	Resolved	O2a1b	5	Resolved
111-1813-1395	Mongol Liaoning	O2a1b1a1a1a1e1a2a1	O2a1b	5	Resolved	O2a1b	5	Resolved
111-1222-9104	Mongol Liaoning	O2a1b1a2a1a1a1d	O2a1b	5	Resolved	O2a1b	5	Resolved
111-1776-1029	Mongol Liaoning	O2a2a1a1b2b2a1a	O2a2a	5	Resolved	O2a2a1a1b	9	Resolved
111-1418-6207	Mongol Liaoning	O2a2a1a2a1a1b2	O2a2a	5	Resolved	O2a2a1a2a1a1b	13	Resolved
111-1772-2402	Mongol Liaoning	O2a2b1a1a1c1b1	O2a2b	5	Resolved	O2a2b1a1a1c	11	Resolved
111-1250-0678	Mongol Liaoning	O2a2b1a2a1a4a2	O2a2b	5	Resolved	O2a2b1a2	8	Resolved
111-1717-1323	Mongol Liaoning	R1a1a1b2a2a3c2	R1a1a	5	Resolved	R1a1a1b2	8	Resolved
111-1280-1843	Man Liaoning	C2a1	C2a1*	5	Unresolved	C2a	3	Resolved
Y2384	Man Liaoning	C2a1a	C2a1a	5	Resolved	C2a	3	Resolved
111-1801-6135	Man Liaoning	C2a1a1b1a3a	C2a1a	5	Resolved	C2a	3	Resolved
111-1307-6691	Man Liaoning	C2a1a1b1a4	C2a1a	5	Resolved	C2a	3	Resolved
111-1798-7818	Man Liaoning	C2a1a2a1a1	C2a1a	5	Resolved	C2a	3	Resolved
111-1841-7741	Man Liaoning	C2a1a2a1a1	C2a1a	5	Resolved	C2a	3	Resolved
111-1838-4272	Man Liaoning	C2a1a3	C2a1a	5	Resolved	C2a	3	Resolved
111-1857-3362	Man Liaoning	C2a1a3a	C2a1a	5	Resolved	C2a	3	Resolved
111-1332-1005	Man Liaoning	C2a1a3a1	C2a1a	5	Resolved	C2a	3	Resolved
111-1618-5437	Man Liaoning	C2a1a3a1	C2a1a	5	Resolved	C2a	3	Resolved
111-1644-8686	Man Liaoning	C2a1a3a1	C2a1a	5	Resolved	C2a	3	Resolved
111-1324-1877	Man Liaoning	C2a1a3a1	C2a1a	5	Resolved	C2a	3	Resolved
111-1810-6041	Man Liaoning	C2a1a3a2a	C2a1a	5	Resolved	C2a	3	Resolved
111-1726-9617	Man Liaoning	C2a1a3a2a	C2a1a	5	Resolved	C2a	3	Resolved
111-1717-3501	Man Liaoning	C2a1a3a6	C2a1a	5	Resolved	C2a	3	Resolved
990-0002-7094	Man Liaoning	C2a1b	C2a1b	5	Resolved	C2a	3	Resolved
990-0002-6929	Man Liaoning	C2a1b	C2a1b	5	Resolved	C2a	3	Resolved
111-1805-2478	Man Liaoning	C2a1b	C2a1b	5	Resolved	C2a	3	Resolved
990-0000-8949	Man Liaoning	C2b1a1a1a1	C2b1a	5	Resolved	C2b1a1a	7	Resolved
111-1848-8796	Man Liaoning	C2b1a2a1	C2b1a	5	Resolved	C2b1a2	6	Resolved
111-1650-7918	Man Liaoning	C2b1a2a2	C2b1a	5	Resolved	C2b1a2	6	Resolved
111-1725-9236	Man Liaoning	C2b1a2a2	C2b1a	5	Resolved	C2b1a2	6	Resolved
111-1794-6792	Man Liaoning	C2b1b1b	C2b1b	5	Resolved	C2b1b	5	Resolved
111-1803-5846	Man Liaoning	C2b1b1b	C2b1b	5	Resolved	C2b1b	5	Resolved
111-1849-6197	Man Liaoning	D1a1a1a1a1b	D1a1a	5	Resolved	D1a1a1a1a1b*	11	Unresolved
111-1782-8401	Man Liaoning	E1b1b1a1b2a	E1b1b	5	Resolved	E1b1b	5	Resolved
111-1354-5029	Man Liaoning	N1a1a3	N1a1a	5	Resolved	N1a1a3	6	Resolved
111-1778-0068	Man Liaoning	N1a1a3	N1a1a	5	Resolved	N1a1a3	6	Resolved
111-1840-7155	Man Liaoning	N1a2a1a2	N1a2a	5	Resolved	N1a2	4	Resolved
111-1743-7689	Man Liaoning	N1a3	N1a3*	5	Unresolved	N1a3	4	Resolved
111-1242-4929	Man Liaoning	N1b1	N1b1*	5	Unresolved	N1b1*	4	Unresolved
111-1461-6575	Man Liaoning	N1b1a1	N1b1a	5	Resolved	N1b1a	5	Resolved
111-1847-8483	Man Liaoning	N1b1a2b1a	N1b1a	5	Resolved	N1b1a	5	Resolved
111-1655-6428	Man Liaoning	N1b2	N1b2*	5	Unresolved	N1b2*	4	Unresolved
111-1377-2029	Man Liaoning	O1a1a2a2	O1a1a	5	Resolved	O1a	3	Resolved
111-1338-3898	Man Liaoning	O1a3a	O1a3a	5	Resolved	O1a	3	Resolved
111-1837-0459	Man Liaoning	O1b1a2a1	O1b1a	5	Resolved	O1b1a2	6	Resolved
111-1852-8317	Man Liaoning	O1b1a2a1	O1b1a	5	Resolved	O1b1a2	6	Resolved
111-1721-9360	Man Liaoning	O1b1a2a1	O1b1a	5	Resolved	O1b1a2	6	Resolved
111-1711-7680	Man Liaoning	O1b2a1a1c	O1b2a	5	Resolved	O1b2	4	Resolved
111-1836-4854	Man Liaoning	O1b2a1a2a1	O1b2a	5	Resolved	O1b2	4	Resolved
111-1394-2736	Man Liaoning	O1b2a1a2a1	O1b2a	5	Resolved	O1b2	4	Resolved
111-1645-4533	Man Liaoning	O2a1a1b1a1a	O2a1a	5	Resolved	O2a1a	5	Resolved
111-1853-4059	Man Liaoning	O2a1b1a1a1a1a1b1a1	O2a1b	5	Resolved	O2a1b	5	Resolved
111-1730-4462	Man Liaoning	O2a1b1a1a1a1a1c	O2a1b	5	Resolved	O2a1b	5	Resolved
111-1821-8164	Man Liaoning	O2a1b1a1a1a1a1c	O2a1b	5	Resolved	O2a1b	5	Resolved
111-1526-9541	Man Liaoning	O2a1b1a1a1a1c2	O2a1b	5	Resolved	O2a1b	5	Resolved
111-1846-8767	Man Liaoning	O2a1b1a1a1a1e1	O2a1b	5	Resolved	O2a1b	5	Resolved
111-1843-7138	Man Liaoning	O2a1b1a1a1a1e1b	O2a1b	5	Resolved	O2a1b	5	Resolved
111-1265-4111	Man Liaoning	O2a1b1a1a1a1f1	O2a1b	5	Resolved	O2a1b	5	Resolved
111-1200-0734	Man Liaoning	O2a1b1a1a1a2	O2a1b	5	Resolved	O2a1b	5	Resolved
111-1274-2931	Man Liaoning	O2a2a1a1a	O2a2a	5	Resolved	O2a2a1a1a*	9	Unresolved
111-1802-8985	Man Liaoning	O2a2a1a2a1a1b1a	O2a2a	5	Resolved	O2a2a1a2a1a1b	13	Resolved
111-1842-3360	Man Liaoning	O2a2a1a2a1a1b1a	O2a2a	5	Resolved	O2a2a1a2a1a1b	13	Resolved
111-1847-2283	Man Liaoning	O2a2b1a1a1	O2a2b	5	Resolved	O2a2b1a1a1*	10	Unresolved
111-1820-3429	Man Liaoning	O2a2b1a1a1a1a1a1a1	O2a2b	5	Resolved	O2a2b1a1a1a1	12	Resolved
111-1794-4552	Man Liaoning	O2a2b1a1a1a4a	O2a2b	5	Resolved	O2a2b1a1a1a4a*	13	Unresolved
111-1825-4032	Man Liaoning	O2a2b1a1a1a4a	O2a2b	5	Resolved	O2a2b1a1a1a4a*	13	Unresolved
111-1728-0919	Man Liaoning	O2a2b1a1a1c1a1a1	O2a2b	5	Resolved	O2a2b1a1a1c	11	Resolved
111-1714-6932	Man Liaoning	O2a2b1a1a1e2a1	O2a2b	5	Resolved	O2a2b1a1a1e	11	Resolved
111-1176-9137	Man Liaoning	O2a2b1a2a	O2a2b	5	Resolved	O2a2b1a2	8	Resolved
111-1798-1243	Man Liaoning	O2a2b1a2a1	O2a2b	5	Resolved	O2a2b1a2	8	Resolved
111-1534-6556	Man Liaoning	O2a2b1a2a1	O2a2b	5	Resolved	O2a2b1a2	8	Resolved
111-1303-7555	Man Liaoning	O2a2b1a2a1a	O2a2b	5	Resolved	O2a2b1a2	8	Resolved
111-1601-7097	Man Liaoning	O2a2b1a2a1a1a2	O2a2b	5	Resolved	O2a2b1a2	8	Resolved
111-1746-6542	Man Liaoning	O2a2b1a2a1a1a2	O2a2b	5	Resolved	O2a2b1a2	8	Resolved
111-1794-7041	Man Liaoning	O2a2b1a2a1a1a2	O2a2b	5	Resolved	O2a2b1a2	8	Resolved
111-1533-8599	Man Liaoning	O2a2b1a2a1a1a2a1	O2a2b	5	Resolved	O2a2b1a2	8	Resolved
111-1850-2119	Man Liaoning	O2a2b1a2a1a1a2a1a1	O2a2b	5	Resolved	O2a2b1a2	8	Resolved
111-1197-2315	Man Liaoning	O2a2b1a2a1a1b1a1	O2a2b	5	Resolved	O2a2b1a2	8	Resolved
111-1656-3105	Man Liaoning	O2a2b1a2a1a1b1b2b2	O2a2b	5	Resolved	O2a2b1a2	8	Resolved
111-1724-6823	Man Liaoning	O2a2b1a2a1a1b1b2b2	O2a2b	5	Resolved	O2a2b1a2	8	Resolved
111-1809-6182	Man Liaoning	O2a2b1a2a1a1b1b2b2	O2a2b	5	Resolved	O2a2b1a2	8	Resolved
111-1287-1044	Man Liaoning	O2a2b1a2a1a3	O2a2b	5	Resolved	O2a2b1a2	8	Resolved
111-1451-5557	Man Liaoning	O2a2b1a2a1a3	O2a2b	5	Resolved	O2a2b1a2	8	Resolved
Y5538	Man Liaoning	O2a2b1a2a1a4	O2a2b	5	Resolved	O2a2b1a2	8	Resolved
Y5727	Man Liaoning	O2a2b1a2a1a4a1	O2a2b	5	Resolved	O2a2b1a2	8	Resolved
111-1748-7820	Man Liaoning	O2a2b1a2a2b1a	O2a2b	5	Resolved	O2a2b1a2	8	Resolved
111-1835-2806	Man Liaoning	O2a2b2a1a1	O2a2b	5	Resolved	O2a2b2a1	8	Resolved
111-1844-9599	Man Liaoning	O2a2b2a1b	O2a2b	5	Resolved	O2a2b2a1	8	Resolved
111-1794-2916	Man Liaoning	O2a2b2a2b1	O2a2b	5	Resolved	O2a2b2a2	8	Resolved
111-1320-6623	Man Liaoning	Q1b1a3b	Q1b1a	5	Resolved	Q1b1	4	Resolved
111-1833-1344	Man Liaoning	R1a1a1b1a4	R1a1a	5	Resolved	R1a1a1b1	8	Resolved
HGDP00931	Yoruba Nigeria	B	B*	5	Unresolved	B	1	Resolved
NA19239	Yoruba Nigeria	E1a2a1a1a1	E1a2a	5	Resolved	E1a	3	Resolved
NA19189	Yoruba Nigeria	E1a2a1a1a2	E1a2a	5	Resolved	E1a	3	Resolved
NA19191	Yoruba Nigeria	E1a2a1a1a2	E1a2a	5	Resolved	E1a	3	Resolved
NA19150	Yoruba Nigeria	E1a2a1a1b	E1a2a	5	Resolved	E1a	3	Resolved
NA18856	Yoruba Nigeria	E1a2a1b1b	E1a2a	5	Resolved	E1a	3	Resolved
NA18857	Yoruba Nigeria	E1a2a1b1b	E1a2a	5	Resolved	E1a	3	Resolved
NA18911	Yoruba Nigeria	E1a2a1b2	E1a2a	5	Resolved	E1a	3	Resolved
NA18910	Yoruba Nigeria	E1a2a1b2	E1a2a	5	Resolved	E1a	3	Resolved
HG03296	Esan Nigeria	E1b1a1a1a1c1a1a3	E1b1a	5	Resolved	E1b1a1a1a1c1a	13	Resolved
HG03295	Esan Nigeria	E1b1a1a1a1c1a1a3	E1b1a	5	Resolved	E1b1a1a1a1c1a	13	Resolved
NA18862	Yoruba Nigeria	E1b1a1a1a1c1a1a3	E1b1a	5	Resolved	E1b1a1a1a1c1a	13	Resolved
NA18863	Yoruba Nigeria	E1b1a1a1a1c1a1a3	E1b1a	5	Resolved	E1b1a1a1a1c1a	13	Resolved
NA19205	Yoruba Nigeria	E1b1a1a1a1c1a1a3	E1b1a	5	Resolved	E1b1a1a1a1c1a	13	Resolved
NA19203	Yoruba Nigeria	E1b1a1a1a1c1a1a3	E1b1a	5	Resolved	E1b1a1a1a1c1a	13	Resolved
NA19224	Yoruba Nigeria	E1b1a1a1a1c1a1a3	E1b1a	5	Resolved	E1b1a1a1a1c1a	13	Resolved
HGDP00940	Yoruba Nigeria	E1b1a1a1a1c1a1a3a	E1b1a	5	Resolved	E1b1a1a1a1c1a	13	Resolved
HG02971	Esan Nigeria	E1b1a1a1a1c1a1a3a1	E1b1a	5	Resolved	E1b1a1a1a1c1a	13	Resolved
HG02972	Esan Nigeria	E1b1a1a1a1c1a1a3a1	E1b1a	5	Resolved	E1b1a1a1a1c1a	13	Resolved
NA19117	Yoruba Nigeria	E1b1a1a1a1c1a1a3a1	E1b1a	5	Resolved	E1b1a1a1a1c1a	13	Resolved
NA19174	Yoruba Nigeria	E1b1a1a1a1c1a1a3a1	E1b1a	5	Resolved	E1b1a1a1a1c1a	13	Resolved
HGDP00943	Yoruba Nigeria	E1b1a1a1a1c1a1a3a1	E1b1a	5	Resolved	E1b1a1a1a1c1a	13	Resolved
HG02977	Esan Nigeria	E1b1a1a1a1c1a1a3a1b1	E1b1a	5	Resolved	E1b1a1a1a1c1a	13	Resolved
HG03139	Esan Nigeria	E1b1a1a1a1c1a1a3a1b1	E1b1a	5	Resolved	E1b1a1a1a1c1a	13	Resolved
HG03368	Esan Nigeria	E1b1a1a1a1c1a1a3a1b2a1	E1b1a	5	Resolved	E1b1a1a1a1c1a	13	Resolved
HG03367	Esan Nigeria	E1b1a1a1a1c1a1a3a1b2a1a	E1b1a	5	Resolved	E1b1a1a1a1c1a	13	Resolved
HG03109	Esan Nigeria	E1b1a1a1a1c1a1a3a1b2a1b	E1b1a	5	Resolved	E1b1a1a1a1c1a	13	Resolved
HG03175	Esan Nigeria	E1b1a1a1a1c1a1a3a1b2a2	E1b1a	5	Resolved	E1b1a1a1a1c1a	13	Resolved
NA19223	Yoruba Nigeria	E1b1a1a1a1c1a1a3a1b2b	E1b1a	5	Resolved	E1b1a1a1a1c1a	13	Resolved
NA18917	Yoruba Nigeria	E1b1a1a1a1c1a1a3a1d1a	E1b1a	5	Resolved	E1b1a1a1a1c1a	13	Resolved
HGDP00942	Yoruba Nigeria	E1b1a1a1a1c1a1a3a1d1a	E1b1a	5	Resolved	E1b1a1a1a1c1a	13	Resolved
NA19171	Yoruba Nigeria	E1b1a1a1a1c1a1a3a1d1a1	E1b1a	5	Resolved	E1b1a1a1a1c1a	13	Resolved
NA19173	Yoruba Nigeria	E1b1a1a1a1c1a1a3a1d1a1	E1b1a	5	Resolved	E1b1a1a1a1c1a	13	Resolved
NA19101	Yoruba Nigeria	E1b1a1a1a1c1a1a3a1d1a2	E1b1a	5	Resolved	E1b1a1a1a1c1a	13	Resolved
NA19103	Yoruba Nigeria	E1b1a1a1a1c1a1a3a1d1a2	E1b1a	5	Resolved	E1b1a1a1a1c1a	13	Resolved
NA19092	Yoruba Nigeria	E1b1a1a1a1c1a1a3a1d1a2	E1b1a	5	Resolved	E1b1a1a1a1c1a	13	Resolved
NA19213	Yoruba Nigeria	E1b1a1a1a1c1a1a3a1d1d	E1b1a	5	Resolved	E1b1a1a1a1c1a	13	Resolved
HG03160	Esan Nigeria	E1b1a1a1a1c1a1a3a1d2	E1b1a	5	Resolved	E1b1a1a1a1c1a	13	Resolved
HG03161	Esan Nigeria	E1b1a1a1a1c1a1a3a1d2	E1b1a	5	Resolved	E1b1a1a1a1c1a	13	Resolved
NA19107	Yoruba Nigeria	E1b1a1a1a1c1a1a3a1e	E1b1a	5	Resolved	E1b1a1a1a1c1a	13	Resolved
HG02947	Esan Nigeria	E1b1a1a1a1c1a1a3a1f	E1b1a	5	Resolved	E1b1a1a1a1c1a	13	Resolved
HG02948	Esan Nigeria	E1b1a1a1a1c1a1a3a1f	E1b1a	5	Resolved	E1b1a1a1a1c1a	13	Resolved
HG03103	Esan Nigeria	E1b1a1a1a1c1a1a3a2	E1b1a	5	Resolved	E1b1a1a1a1c1a	13	Resolved
NA18908	Yoruba Nigeria	E1b1a1a1a1c1a1a3b3	E1b1a	5	Resolved	E1b1a1a1a1c1a	13	Resolved
HG03190	Esan Nigeria	E1b1a1a1a1c1a1a3c1a1	E1b1a	5	Resolved	E1b1a1a1a1c1a	13	Resolved
HG03191	Esan Nigeria	E1b1a1a1a1c1a1a3c1a1	E1b1a	5	Resolved	E1b1a1a1a1c1a	13	Resolved
NA18503	Yoruba Nigeria	E1b1a1a1a1c1a1a3c1b1a	E1b1a	5	Resolved	E1b1a1a1a1c1a	13	Resolved
NA18504	Yoruba Nigeria	E1b1a1a1a1c1a1a3c1b1a1	E1b1a	5	Resolved	E1b1a1a1a1c1a	13	Resolved
HG03196	Esan Nigeria	E1b1a1a1a1c1a1a3c1b1a2	E1b1a	5	Resolved	E1b1a1a1a1c1a	13	Resolved
HG03197	Esan Nigeria	E1b1a1a1a1c1a1a3c1b1a2	E1b1a	5	Resolved	E1b1a1a1a1c1a	13	Resolved
HG03370	Esan Nigeria	E1b1a1a1a1c1a1a3c1b1b	E1b1a	5	Resolved	E1b1a1a1a1c1a	13	Resolved
HG03371	Esan Nigeria	E1b1a1a1a1c1a1a3c1b1b	E1b1a	5	Resolved	E1b1a1a1a1c1a	13	Resolved
HG02944	Esan Nigeria	E1b1a1a1a1c1a1a3c1b2a	E1b1a	5	Resolved	E1b1a1a1a1c1a	13	Resolved
HGDP00929	Yoruba Nigeria	E1b1a1a1a1c1a1a3c1b3	E1b1a	5	Resolved	E1b1a1a1a1c1a	13	Resolved
NA19146	Yoruba Nigeria	E1b1a1a1a1c1a1a3c1b4	E1b1a	5	Resolved	E1b1a1a1a1c1a	13	Resolved
NA18915	Yoruba Nigeria	E1b1a1a1a1c1a1a3c2a1	E1b1a	5	Resolved	E1b1a1a1a1c1a	13	Resolved
HG03199	Esan Nigeria	E1b1a1a1a1c1a1a3c2a2	E1b1a	5	Resolved	E1b1a1a1a1c1a	13	Resolved
HG02965	Esan Nigeria	E1b1a1a1a1c1a1a3c2b	E1b1a	5	Resolved	E1b1a1a1a1c1a	13	Resolved
HG03128	Esan Nigeria	E1b1a1a1a1c1a1a3c2b1a1	E1b1a	5	Resolved	E1b1a1a1a1c1a	13	Resolved
HG03268	Esan Nigeria	E1b1a1a1a1c1a1a3c2b1a1a	E1b1a	5	Resolved	E1b1a1a1a1c1a	13	Resolved
HG03269	Esan Nigeria	E1b1a1a1a1c1a1a3c2b1a1a	E1b1a	5	Resolved	E1b1a1a1a1c1a	13	Resolved
HG03271	Esan Nigeria	E1b1a1a1a1c1a1a3c2b1a1a1	E1b1a	5	Resolved	E1b1a1a1a1c1a	13	Resolved
HG03127	Esan Nigeria	E1b1a1a1a1c1a1a3c2b1a1b	E1b1a	5	Resolved	E1b1a1a1a1c1a	13	Resolved
HG02981	Esan Nigeria	E1b1a1a1a1c1a1a3c2b1a1c	E1b1a	5	Resolved	E1b1a1a1a1c1a	13	Resolved
HG02980	Esan Nigeria	E1b1a1a1a1c1a1a3c2b1a1c	E1b1a	5	Resolved	E1b1a1a1a1c1a	13	Resolved
HG03352	Esan Nigeria	E1b1a1a1a1c1a1a3c2b1a2	E1b1a	5	Resolved	E1b1a1a1a1c1a	13	Resolved
HG03350	Esan Nigeria	E1b1a1a1a1c1a1a3c2b1a2	E1b1a	5	Resolved	E1b1a1a1a1c1a	13	Resolved
HG03515	Esan Nigeria	E1b1a1a1a1c1a1a3c2b1b	E1b1a	5	Resolved	E1b1a1a1a1c1a	13	Resolved
NA19198	Yoruba Nigeria	E1b1a1a1a1c1a1a3c3	E1b1a	5	Resolved	E1b1a1a1a1c1a	13	Resolved
HG03307	Esan Nigeria	E1b1a1a1a1c1a1a3d	E1b1a	5	Resolved	E1b1a1a1a1c1a	13	Resolved
HG03308	Esan Nigeria	E1b1a1a1a1c1a1a3d	E1b1a	5	Resolved	E1b1a1a1a1c1a	13	Resolved
NA18516	Yoruba Nigeria	E1b1a1a1a1c1a1a3d	E1b1a	5	Resolved	E1b1a1a1a1c1a	13	Resolved
NA18515	Yoruba Nigeria	E1b1a1a1a1c1a1a3d	E1b1a	5	Resolved	E1b1a1a1a1c1a	13	Resolved
NA19207	Yoruba Nigeria	E1b1a1a1a1c1a1a3d1	E1b1a	5	Resolved	E1b1a1a1a1c1a	13	Resolved
NA19208	Yoruba Nigeria	E1b1a1a1a1c1a1a3d1	E1b1a	5	Resolved	E1b1a1a1a1c1a	13	Resolved
NA18506	Yoruba Nigeria	E1b1a1a1a1c1a1a3d3	E1b1a	5	Resolved	E1b1a1a1a1c1a	13	Resolved
NA18507	Yoruba Nigeria	E1b1a1a1a1c1a1a3d3	E1b1a	5	Resolved	E1b1a1a1a1c1a	13	Resolved
HGDP00944	Yoruba Nigeria	E1b1a1a1a1c1a1a3d4	E1b1a	5	Resolved	E1b1a1a1a1c1a	13	Resolved
NA19249	Yoruba Nigeria	E1b1a1a1a1c1a1a3d4a	E1b1a	5	Resolved	E1b1a1a1a1c1a	13	Resolved
NA19248	Yoruba Nigeria	E1b1a1a1a1c1a1a3d4a	E1b1a	5	Resolved	E1b1a1a1a1c1a	13	Resolved
NA19113	Yoruba Nigeria	E1b1a1a1a1c1a1a3d4b	E1b1a	5	Resolved	E1b1a1a1a1c1a	13	Resolved
NA18874	Yoruba Nigeria	E1b1a1a1a1c1a1a3d4d	E1b1a	5	Resolved	E1b1a1a1a1c1a	13	Resolved
HG03280	Esan Nigeria	E1b1a1a1a1c1a1a3d5a	E1b1a	5	Resolved	E1b1a1a1a1c1a	13	Resolved
HG03172	Esan Nigeria	E1b1a1a1a1c1a1a3d5b	E1b1a	5	Resolved	E1b1a1a1a1c1a	13	Resolved
HG03518	Esan Nigeria	E1b1a1a1a1c1a1a3d7	E1b1a	5	Resolved	E1b1a1a1a1c1a	13	Resolved
HG03519	Esan Nigeria	E1b1a1a1a1c1a1a3d7	E1b1a	5	Resolved	E1b1a1a1a1c1a	13	Resolved
NA18519	Yoruba Nigeria	E1b1a1a1a1c1a1a3e2	E1b1a	5	Resolved	E1b1a1a1a1c1a	13	Resolved
NA19200	Yoruba Nigeria	E1b1a1a1a1c1a1a3j	E1b1a	5	Resolved	E1b1a1a1a1c1a	13	Resolved
NA19210	Yoruba Nigeria	E1b1a1a1a1c1a1a3k	E1b1a	5	Resolved	E1b1a1a1a1c1a	13	Resolved
NA19211	Yoruba Nigeria	E1b1a1a1a1c1a1a3k	E1b1a	5	Resolved	E1b1a1a1a1c1a	13	Resolved
NA19121	Yoruba Nigeria	E1b1a1a1a1c1a1a3l2	E1b1a	5	Resolved	E1b1a1a1a1c1a	13	Resolved
NA19123	Yoruba Nigeria	E1b1a1a1a1c1a1a3l2	E1b1a	5	Resolved	E1b1a1a1a1c1a	13	Resolved
NA18877	Yoruba Nigeria	E1b1a1a1a1c1a1a3l3	E1b1a	5	Resolved	E1b1a1a1a1c1a	13	Resolved
NA18510	Yoruba Nigeria	E1b1a1a1a1c1a1a3m3	E1b1a	5	Resolved	E1b1a1a1a1c1a	13	Resolved
HG03193	Esan Nigeria	E1b1a1a1a1c1a1b1b	E1b1a	5	Resolved	E1b1a1a1a1c1a	13	Resolved
HG03301	Esan Nigeria	E1b1a1a1a1c1a1b3	E1b1a	5	Resolved	E1b1a1a1a1c1a	13	Resolved
HG03302	Esan Nigeria	E1b1a1a1a1c1a1b3	E1b1a	5	Resolved	E1b1a1a1a1c1a	13	Resolved
NA18868	Yoruba Nigeria	E1b1a1a1a1c1a1b4	E1b1a	5	Resolved	E1b1a1a1a1c1a	13	Resolved
NA18869	Yoruba Nigeria	E1b1a1a1a1c1a1b4	E1b1a	5	Resolved	E1b1a1a1a1c1a	13	Resolved
HGDP00941	Yoruba Nigeria	E1b1a1a1a1c1b2a	E1b1a	5	Resolved	E1b1a1a1a1c1b	13	Resolved
NA19098	Yoruba Nigeria	E1b1a1a1a1c1b2b	E1b1a	5	Resolved	E1b1a1a1a1c1b	13	Resolved
NA19141	Yoruba Nigeria	E1b1a1a1a2a1a1a	E1b1a	5	Resolved	E1b1a1a1a2	10	Resolved
NA19142	Yoruba Nigeria	E1b1a1a1a2a1a1a	E1b1a	5	Resolved	E1b1a1a1a2	10	Resolved
NA18500	Yoruba Nigeria	E1b1a1a1a2a1a1b	E1b1a	5	Resolved	E1b1a1a1a2	10	Resolved
NA18501	Yoruba Nigeria	E1b1a1a1a2a1a1b	E1b1a	5	Resolved	E1b1a1a1a2	10	Resolved
NA18860	Yoruba Nigeria	E1b1a1a1a2a1a2a1	E1b1a	5	Resolved	E1b1a1a1a2	10	Resolved
NA18859	Yoruba Nigeria	E1b1a1a1a2a1a2a1	E1b1a	5	Resolved	E1b1a1a1a2	10	Resolved
NA18498	Yoruba Nigeria	E1b1a1a1a2a1a2a1	E1b1a	5	Resolved	E1b1a1a1a2	10	Resolved
NA18497	Yoruba Nigeria	E1b1a1a1a2a1a2a1	E1b1a	5	Resolved	E1b1a1a1a2	10	Resolved
HG02953	Esan Nigeria	E1b1a1a1a2a1a3a1a1	E1b1a	5	Resolved	E1b1a1a1a2	10	Resolved
HG02954	Esan Nigeria	E1b1a1a1a2a1a3a1a1	E1b1a	5	Resolved	E1b1a1a1a2	10	Resolved
HG03298	Esan Nigeria	E1b1a1a1a2a1a3a1a1a	E1b1a	5	Resolved	E1b1a1a1a2	10	Resolved
HG03311	Esan Nigeria	E1b1a1a1a2a1a3a1a1a	E1b1a	5	Resolved	E1b1a1a1a2	10	Resolved
HG03299	Esan Nigeria	E1b1a1a1a2a1a3a1a1a	E1b1a	5	Resolved	E1b1a1a1a2	10	Resolved
HG03166	Esan Nigeria	E1b1a1a1a2a1a3a1a2	E1b1a	5	Resolved	E1b1a1a1a2	10	Resolved
NA18923	Yoruba Nigeria	E1b1a1a1a2a1a3a1b	E1b1a	5	Resolved	E1b1a1a1a2	10	Resolved
NA18925	Yoruba Nigeria	E1b1a1a1a2a1a3a1b	E1b1a	5	Resolved	E1b1a1a1a2	10	Resolved
HG03115	Esan Nigeria	E1b1a1a1a2a1a3a2a1	E1b1a	5	Resolved	E1b1a1a1a2	10	Resolved
HG03313	Esan Nigeria	E1b1a1a1a2a1a3a2a1	E1b1a	5	Resolved	E1b1a1a1a2	10	Resolved
HG03314	Esan Nigeria	E1b1a1a1a2a1a3a2a1	E1b1a	5	Resolved	E1b1a1a1a2	10	Resolved
HG03122	Esan Nigeria	E1b1a1a1a2a1a3a2a1	E1b1a	5	Resolved	E1b1a1a1a2	10	Resolved
HG02941	Esan Nigeria	E1b1a1a1a2a1a3a2a1	E1b1a	5	Resolved	E1b1a1a1a2	10	Resolved
HG02923	Esan Nigeria	E1b1a1a1a2a1a3a2a1	E1b1a	5	Resolved	E1b1a1a1a2	10	Resolved
HG02924	Esan Nigeria	E1b1a1a1a2a1a3a2a1	E1b1a	5	Resolved	E1b1a1a1a2	10	Resolved
HG03131	Esan Nigeria	E1b1a1a1a2a1a3a2a1	E1b1a	5	Resolved	E1b1a1a1a2	10	Resolved
HG03118	Esan Nigeria	E1b1a1a1a2a1a3a2a1	E1b1a	5	Resolved	E1b1a1a1a2	10	Resolved
HG03120	Esan Nigeria	E1b1a1a1a2a1a3a2a1	E1b1a	5	Resolved	E1b1a1a1a2	10	Resolved
HG03130	Esan Nigeria	E1b1a1a1a2a1a3a2a1	E1b1a	5	Resolved	E1b1a1a1a2	10	Resolved
HG03265	Esan Nigeria	E1b1a1a1a2a1a3a2a1a1	E1b1a	5	Resolved	E1b1a1a1a2	10	Resolved
HG03124	Esan Nigeria	E1b1a1a1a2a1a3a2a1a1b	E1b1a	5	Resolved	E1b1a1a1a2	10	Resolved
HG03521	Esan Nigeria	E1b1a1a1a2a1a3a2a1a2	E1b1a	5	Resolved	E1b1a1a1a2	10	Resolved
HG03169	Esan Nigeria	E1b1a1a1a2a1a3a2a1a2b	E1b1a	5	Resolved	E1b1a1a1a2	10	Resolved
HG03170	Esan Nigeria	E1b1a1a1a2a1a3a2a1a2b	E1b1a	5	Resolved	E1b1a1a1a2	10	Resolved
HG02973	Esan Nigeria	E1b1a1a1a2a1a3a2a1a4a	E1b1a	5	Resolved	E1b1a1a1a2	10	Resolved
HG02975	Esan Nigeria	E1b1a1a1a2a1a3a2a1a4a	E1b1a	5	Resolved	E1b1a1a1a2	10	Resolved
HG03202	Esan Nigeria	E1b1a1a1a2a1a3a2a1a4b	E1b1a	5	Resolved	E1b1a1a1a2	10	Resolved
HG03157	Esan Nigeria	E1b1a1a1a2a1a3a2a1a5	E1b1a	5	Resolved	E1b1a1a1a2	10	Resolved
HG03134	Esan Nigeria	E1b1a1a1a2a1a3a2a1a7	E1b1a	5	Resolved	E1b1a1a1a2	10	Resolved
HG03133	Esan Nigeria	E1b1a1a1a2a1a3a2a1a7	E1b1a	5	Resolved	E1b1a1a1a2	10	Resolved
HG03100	Esan Nigeria	E1b1a1a1a2a1a3a2a2	E1b1a	5	Resolved	E1b1a1a1a2	10	Resolved
HG03101	Esan Nigeria	E1b1a1a1a2a1a3a2a2	E1b1a	5	Resolved	E1b1a1a1a2	10	Resolved
HG03137	Esan Nigeria	E1b1a1a1a2a1a3a2a3	E1b1a	5	Resolved	E1b1a1a1a2	10	Resolved
HG03136	Esan Nigeria	E1b1a1a1a2a1a3a2a3	E1b1a	5	Resolved	E1b1a1a1a2	10	Resolved
NA19160	Yoruba Nigeria	E1b1a1a1a2a1a3b1a	E1b1a	5	Resolved	E1b1a1a1a2	10	Resolved
NA19161	Yoruba Nigeria	E1b1a1a1a2a1a3b1a	E1b1a	5	Resolved	E1b1a1a1a2	10	Resolved
HGDP00930	Yoruba Nigeria	E1b1a1a1a2a1a3b1a	E1b1a	5	Resolved	E1b1a1a1a2	10	Resolved
HG03373	Esan Nigeria	E1b1a1a1a2a1a3b1a1	E1b1a	5	Resolved	E1b1a1a1a2	10	Resolved
NA18871	Yoruba Nigeria	E1b1a1a1a2a1a3b1a10	E1b1a	5	Resolved	E1b1a1a1a2	10	Resolved
NA18872	Yoruba Nigeria	E1b1a1a1a2a1a3b1a10	E1b1a	5	Resolved	E1b1a1a1a2	10	Resolved
HG03112	Esan Nigeria	E1b1a1a1a2a1a3b1a10b1	E1b1a	5	Resolved	E1b1a1a1a2	10	Resolved
NA18521	Yoruba Nigeria	E1b1a1a1a2a1a3b1a15	E1b1a	5	Resolved	E1b1a1a1a2	10	Resolved
NA18522	Yoruba Nigeria	E1b1a1a1a2a1a3b1a15	E1b1a	5	Resolved	E1b1a1a1a2	10	Resolved
HG03163	Esan Nigeria	E1b1a1a1a2a1a3b1a16	E1b1a	5	Resolved	E1b1a1a1a2	10	Resolved
NA19128	Yoruba Nigeria	E1b1a1a1a2a1a3b1a2a	E1b1a	5	Resolved	E1b1a1a1a2	10	Resolved
NA19096	Yoruba Nigeria	E1b1a1a1a2a1a3b1a2a1a	E1b1a	5	Resolved	E1b1a1a1a2	10	Resolved
NA18486	Yoruba Nigeria	E1b1a1a1a2a1a3b1a2a1b	E1b1a	5	Resolved	E1b1a1a1a2	10	Resolved
NA19258	Yoruba Nigeria	E1b1a1a1a2a1a3b1a2a3	E1b1a	5	Resolved	E1b1a1a1a2	10	Resolved
NA19256	Yoruba Nigeria	E1b1a1a1a2a1a3b1a2a3	E1b1a	5	Resolved	E1b1a1a1a2	10	Resolved
NA19138	Yoruba Nigeria	E1b1a1a1a2a1a3b1a3	E1b1a	5	Resolved	E1b1a1a1a2	10	Resolved
NA19139	Yoruba Nigeria	E1b1a1a1a2a1a3b1a3	E1b1a	5	Resolved	E1b1a1a1a2	10	Resolved
HGDP00937	Yoruba Nigeria	E1b1a1a1a2a1a3b1a4	E1b1a	5	Resolved	E1b1a1a1a2	10	Resolved
NA19184	Yoruba Nigeria	E1b1a1a1a2a1a3b1a4a	E1b1a	5	Resolved	E1b1a1a1a2	10	Resolved
NA19186	Yoruba Nigeria	E1b1a1a1a2a1a3b1a4a	E1b1a	5	Resolved	E1b1a1a1a2	10	Resolved
NA18865	Yoruba Nigeria	E1b1a1a1a2a1a3b1a4b	E1b1a	5	Resolved	E1b1a1a1a2	10	Resolved
NA19153	Yoruba Nigeria	E1b1a1a1a2a1a3b1a6	E1b1a	5	Resolved	E1b1a1a1a2	10	Resolved
NA19154	Yoruba Nigeria	E1b1a1a1a2a1a3b1a6	E1b1a	5	Resolved	E1b1a1a1a2	10	Resolved
NA18853	Yoruba Nigeria	E1b1a1a1a2a1a3b1a7	E1b1a	5	Resolved	E1b1a1a1a2	10	Resolved
NA18854	Yoruba Nigeria	E1b1a1a1a2a1a3b1a7	E1b1a	5	Resolved	E1b1a1a1a2	10	Resolved
NA19130	Yoruba Nigeria	E1b1a1a1a2a1a3b1a8a1	E1b1a	5	Resolved	E1b1a1a1a2	10	Resolved
NA19119	Yoruba Nigeria	E1b1a1a1a2a1a3b1a8a2	E1b1a	5	Resolved	E1b1a1a1a2	10	Resolved
NA19120	Yoruba Nigeria	E1b1a1a1a2a1a3b1a8a2	E1b1a	5	Resolved	E1b1a1a1a2	10	Resolved
HG03344	Esan Nigeria	E1b1a1a1a2a1a3b1d	E1b1a	5	Resolved	E1b1a1a1a2	10	Resolved
NA18913	Yoruba Nigeria	E1b1a1a1a2a1a3b1d	E1b1a	5	Resolved	E1b1a1a1a2	10	Resolved
NA18934	Yoruba Nigeria	E1b1a1a1a2a1a3b1d	E1b1a	5	Resolved	E1b1a1a1a2	10	Resolved
NA18935	Yoruba Nigeria	E1b1a1a1a2a1a3b1d	E1b1a	5	Resolved	E1b1a1a1a2	10	Resolved
NA18914	Yoruba Nigeria	E1b1a1a1a2a1a3b1d	E1b1a	5	Resolved	E1b1a1a1a2	10	Resolved
NA18879	Yoruba Nigeria	E1b1a1a1a2a1a3b1d1	E1b1a	5	Resolved	E1b1a1a1a2	10	Resolved
HG03343	Esan Nigeria	E1b1a1a1a2a1a3b1d1a1	E1b1a	5	Resolved	E1b1a1a1a2	10	Resolved
HG03304	Esan Nigeria	E1b1a1a1a2a1a3b1d1a2	E1b1a	5	Resolved	E1b1a1a1a2	10	Resolved
HG02968	Esan Nigeria	E1b1a1a1a2a1a3b1d1b	E1b1a	5	Resolved	E1b1a1a1a2	10	Resolved
HG02938	Esan Nigeria	E1b1a1a1a2a1a3b1d1b2	E1b1a	5	Resolved	E1b1a1a1a2	10	Resolved
NA19144	Yoruba Nigeria	E1b1a1a1a2a1a3b3a	E1b1a	5	Resolved	E1b1a1a1a2	10	Resolved
NA19145	Yoruba Nigeria	E1b1a1a1a2a1a3b3a	E1b1a	5	Resolved	E1b1a1a1a2	10	Resolved
NA18487	Yoruba Nigeria	E1b1a1a1a2a1a3b3b	E1b1a	5	Resolved	E1b1a1a1a2	10	Resolved
NA18485	Yoruba Nigeria	E1b1a1a1a2a1a3b3b	E1b1a	5	Resolved	E1b1a1a1a2	10	Resolved
NA19236	Yoruba Nigeria	E1b1a1a1a2a1a3b5	E1b1a	5	Resolved	E1b1a1a1a2	10	Resolved
NA19177	Yoruba Nigeria	E2b2a	E2b2a	5	Resolved	E2	2	Resolved
NA19175	Yoruba Nigeria	E2b2a	E2b2a	5	Resolved	E2	2	Resolved
HGDP00029	Brahui Pakistan	C1b1a1a2a2	C1b1a	5	Resolved	C1b1a1	6	Resolved
HGDP00049	Brahui Pakistan	G1a1	G1a1*	5	Unresolved	G	1	Resolved
HGDP00037	Brahui Pakistan	G2a2a1b1	G2a2a	5	Resolved	G	1	Resolved
HGDP00017	Brahui Pakistan	G2a2a1b1	G2a2a	5	Resolved	G	1	Resolved
HGDP00039	Brahui Pakistan	G2a2b2a1a1c3a1	G2a2b	5	Resolved	G	1	Resolved
HGDP00041	Brahui Pakistan	H1a1b1a	H1a1b	5	Resolved	H	1	Resolved
HGDP00043	Brahui Pakistan	J1a2a1a2d2b2b2c4b2a1	J1a2a	5	Resolved	J1	2	Resolved
HGDP00045	Brahui Pakistan	J1a2a1a2d2b2b2c4b2a1	J1a2a	5	Resolved	J1	2	Resolved
HGDP00015	Brahui Pakistan	J1a2a1a2d2b2b2c4b2a1	J1a2a	5	Resolved	J1	2	Resolved
HGDP00025	Brahui Pakistan	J2a1a1a2b2a1a1a	J2a1a	5	Resolved	J2	2	Resolved
HGDP00007	Brahui Pakistan	J2a1a1a2b2a1a1a	J2a1a	5	Resolved	J2	2	Resolved
HGDP00021	Brahui Pakistan	J2a1a1b2a1a2	J2a1a	5	Resolved	J2	2	Resolved
HGDP00009	Brahui Pakistan	J2a1a2b2a2a	J2a1a	5	Resolved	J2	2	Resolved
HGDP00013	Brahui Pakistan	L1a1	L1a1*	5	Unresolved	L	1	Resolved
HGDP00003	Brahui Pakistan	L1a2a1b2	L1a2a	5	Resolved	L	1	Resolved
HGDP00001	Brahui Pakistan	R1a1a1b2a1a1a1f	R1a1a	5	Resolved	R1a1a1b2	8	Resolved
HGDP00035	Brahui Pakistan	R1a1a1b2a1a1a1f	R1a1a	5	Resolved	R1a1a1b2	8	Resolved
HGDP00033	Brahui Pakistan	R1a1a1b2a1a1a1f	R1a1a	5	Resolved	R1a1a1b2	8	Resolved
HGDP00031	Brahui Pakistan	R1a1a1b2a1a1a1f	R1a1a	5	Resolved	R1a1a1b2	8	Resolved
HGDP00011	Brahui Pakistan	R1a1a1b2a1a1a1f	R1a1a	5	Resolved	R1a1a1b2	8	Resolved
HGDP00005	Brahui Pakistan	R2a2b1b2b3	R2a2b	5	Resolved	R2a	3	Resolved
HGDP00047	Brahui Pakistan	R2a2b1b2b3	R2a2b	5	Resolved	R2a	3	Resolved
HGDP00023	Brahui Pakistan	R2a2b1b2b3	R2a2b	5	Resolved	R2a	3	Resolved
HG03228	Punjabi Pakistan	C1b1a1a2b	C1b1a	5	Resolved	C1b1a1	6	Resolved
HGDP00098	Balochi Pakistan	E1b1b1a1b2a4b	E1b1b	5	Resolved	E1b1b	5	Resolved
HG03487	Punjabi Pakistan	G1a1a2	G1a1a	5	Resolved	G	1	Resolved
HG03489	Punjabi Pakistan	G1a1a2	G1a1a	5	Resolved	G	1	Resolved
HG03708	Punjabi Pakistan	G2a1a2a1a	G2a1a	5	Resolved	G	1	Resolved
HG03710	Punjabi Pakistan	G2a1a2a1a	G2a1a	5	Resolved	G	1	Resolved
HG02681	Punjabi Pakistan	G2a2a1a2a1a1b1a	G2a2a	5	Resolved	G	1	Resolved
HG02687	Punjabi Pakistan	G2a2b2a4a2	G2a2b	5	Resolved	G	1	Resolved
HG02689	Punjabi Pakistan	G2a2b2a4a2	G2a2b	5	Resolved	G	1	Resolved
HG02789	Punjabi Pakistan	G2b1a	G2b1a	5	Resolved	G	1	Resolved
HG02791	Punjabi Pakistan	G2b1a	G2b1a	5	Resolved	G	1	Resolved
HG02786	Punjabi Pakistan	H1a1a4a2	H1a1a	5	Resolved	H	1	Resolved
HG03633	Punjabi Pakistan	H1a1a4b1b	H1a1a	5	Resolved	H	1	Resolved
HGDP00062	Balochi Pakistan	H1a1a4b2	H1a1a	5	Resolved	H	1	Resolved
HG01583	Punjabi Pakistan	H1a1a4b6	H1a1a	5	Resolved	H	1	Resolved
HG03618	Punjabi Pakistan	H1a1b1a	H1a1b	5	Resolved	H	1	Resolved
HG02684	Punjabi Pakistan	H3b2a	H3b2a	5	Resolved	H	1	Resolved
HG02686	Punjabi Pakistan	H3b2a	H3b2a	5	Resolved	H	1	Resolved
HGDP00074	Balochi Pakistan	J1	J1*	5	Unresolved	J1	2	Resolved
HGDP00057	Balochi Pakistan	J1a2a1a2d2b2b2c4c2a1a	J1a2a	5	Resolved	J1	2	Resolved
HG03767	Punjabi Pakistan	J1a3	J1a3*	5	Unresolved	J1	2	Resolved
HG02774	Punjabi Pakistan	J2a1	J2a1*	5	Unresolved	J2	2	Resolved
HG02724	Punjabi Pakistan	J2a1a1a2a1a1a	J2a1a	5	Resolved	J2	2	Resolved
HG03018	Punjabi Pakistan	J2a1a1a2a1a1a	J2a1a	5	Resolved	J2	2	Resolved
HG02490	Punjabi Pakistan	J2a1a1a2a2b2d1a	J2a1a	5	Resolved	J2	2	Resolved
HG02492	Punjabi Pakistan	J2a1a1a2a2b2d1a	J2a1a	5	Resolved	J2	2	Resolved
HGDP00094	Balochi Pakistan	J2a1a1b1	J2a1a	5	Resolved	J2	2	Resolved
HG03021	Punjabi Pakistan	J2a1a1b1	J2a1a	5	Resolved	J2	2	Resolved
HG03660	Punjabi Pakistan	J2a1a1b1	J2a1a	5	Resolved	J2	2	Resolved
HGDP00056	Balochi Pakistan	J2a1a1b1a1a	J2a1a	5	Resolved	J2	2	Resolved
HG02493	Punjabi Pakistan	J2a1a1b1a1a	J2a1a	5	Resolved	J2	2	Resolved
HG02733	Punjabi Pakistan	J2a1a1b1a1a	J2a1a	5	Resolved	J2	2	Resolved
HG02735	Punjabi Pakistan	J2a1a1b1a1a	J2a1a	5	Resolved	J2	2	Resolved
HG03237	Punjabi Pakistan	J2a1a1b2a1a2	J2a1a	5	Resolved	J2	2	Resolved
HG02651	Punjabi Pakistan	J2a1a2b2a2a2	J2a1a	5	Resolved	J2	2	Resolved
HG01589	Punjabi Pakistan	J2a2	J2a2*	5	Unresolved	J2	2	Resolved
HG02690	Punjabi Pakistan	J2b2a2b2b1a	J2b2a	5	Resolved	J2	2	Resolved
HGDP00082	Balochi Pakistan	L1a1	L1a1*	5	Unresolved	L	1	Resolved
HG02792	Punjabi Pakistan	L1a1a2b	L1a1a	5	Resolved	L	1	Resolved
HG02794	Punjabi Pakistan	L1a1a2b	L1a1a	5	Resolved	L	1	Resolved
HGDP00078	Balochi Pakistan	L1a1b3a1	L1a1b	5	Resolved	L	1	Resolved
HGDP00054	Balochi Pakistan	L1a1b3a1	L1a1b	5	Resolved	L	1	Resolved
HGDP00068	Balochi Pakistan	L1a1b3a1	L1a1b	5	Resolved	L	1	Resolved
HG02654	Punjabi Pakistan	L1a1b3c1	L1a1b	5	Resolved	L	1	Resolved
HG02656	Punjabi Pakistan	L1a1b3c1	L1a1b	5	Resolved	L	1	Resolved
HG02698	Punjabi Pakistan	Q1a2a2a1	Q1a2a	5	Resolved	Q1a2	4	Resolved
HG02696	Punjabi Pakistan	Q1a2a2a1	Q1a2a	5	Resolved	Q1a2	4	Resolved
HG03654	Punjabi Pakistan	Q2b1a1	Q2b1a	5	Resolved	Q2	2	Resolved
HG03652	Punjabi Pakistan	Q2b1a1	Q2b1a	5	Resolved	Q2	2	Resolved
HG03707	Punjabi Pakistan	R1a1a1b2	R1a1a	5	Resolved	R1a1a1b2	8	Resolved
HG03705	Punjabi Pakistan	R1a1a1b2	R1a1a	5	Resolved	R1a1a1b2	8	Resolved
HGDP00096	Balochi Pakistan	R1a1a1b2a1a1a1	R1a1a	5	Resolved	R1a1a1b2	8	Resolved
HGDP00076	Balochi Pakistan	R1a1a1b2a1a1a1	R1a1a	5	Resolved	R1a1a1b2	8	Resolved
HG02780	Punjabi Pakistan	R1a1a1b2a1a1a1b	R1a1a	5	Resolved	R1a1a1b2	8	Resolved
HGDP00092	Balochi Pakistan	R1a1a1b2a1a1a1f1b	R1a1a	5	Resolved	R1a1a1b2	8	Resolved
HG02597	Punjabi Pakistan	R1a1a1b2a1a1a1f1b	R1a1a	5	Resolved	R1a1a1b2	8	Resolved
HG03492	Punjabi Pakistan	R1a1a1b2a1a2c1	R1a1a	5	Resolved	R1a1a1b2	8	Resolved
HG02738	Punjabi Pakistan	R1a1a1b2a1a2c1	R1a1a	5	Resolved	R1a1a1b2	8	Resolved
HG02736	Punjabi Pakistan	R1a1a1b2a1a2c1	R1a1a	5	Resolved	R1a1a1b2	8	Resolved
HG03490	Punjabi Pakistan	R1a1a1b2a1a2c1	R1a1a	5	Resolved	R1a1a1b2	8	Resolved
HG02729	Punjabi Pakistan	R1a1a1b2a1a2c1d	R1a1a	5	Resolved	R1a1a1b2	8	Resolved
HG02727	Punjabi Pakistan	R1a1a1b2a1a2c1d	R1a1a	5	Resolved	R1a1a1b2	8	Resolved
HG03624	Punjabi Pakistan	R1a1a1b2a1a2c1d1	R1a1a	5	Resolved	R1a1a1b2	8	Resolved
HG02648	Punjabi Pakistan	R1a1a1b2a1a2c1d2	R1a1a	5	Resolved	R1a1a1b2	8	Resolved
HG02600	Punjabi Pakistan	R1a1a1b2a1a2c1d2	R1a1a	5	Resolved	R1a1a1b2	8	Resolved
HG02602	Punjabi Pakistan	R1a1a1b2a1a2c1d2	R1a1a	5	Resolved	R1a1a1b2	8	Resolved
HG02650	Punjabi Pakistan	R1a1a1b2a1a2c1d2	R1a1a	5	Resolved	R1a1a1b2	8	Resolved
HG03663	Punjabi Pakistan	R1a1a1b2a1a2c2b2a	R1a1a	5	Resolved	R1a1a1b2	8	Resolved
HG03234	Punjabi Pakistan	R1a1a1b2a1a2c2d	R1a1a	5	Resolved	R1a1a1b2	8	Resolved
HG03667	Punjabi Pakistan	R1a1a1b2a1a2c2d	R1a1a	5	Resolved	R1a1a1b2	8	Resolved
HG03651	Punjabi Pakistan	R1a1a1b2a1a2c2d5a	R1a1a	5	Resolved	R1a1a1b2	8	Resolved
HG03649	Punjabi Pakistan	R1a1a1b2a1a2c2d5a	R1a1a	5	Resolved	R1a1a1b2	8	Resolved
HG03763	Punjabi Pakistan	R1a1a1b2a2a1c3a	R1a1a	5	Resolved	R1a1a1b2	8	Resolved
HG03761	Punjabi Pakistan	R1a1a1b2a2a1c3a	R1a1a	5	Resolved	R1a1a1b2	8	Resolved
HG03636	Punjabi Pakistan	R1a1a1b2a2a1c3a1	R1a1a	5	Resolved	R1a1a1b2	8	Resolved
HG03629	Punjabi Pakistan	R1a1a1b2a2a2	R1a1a	5	Resolved	R1a1a1b2	8	Resolved
HGDP00088	Balochi Pakistan	R1a1a1b2a2a2a	R1a1a	5	Resolved	R1a1a1b2	8	Resolved
HGDP00064	Balochi Pakistan	R1a1a1b2a2a2a	R1a1a	5	Resolved	R1a1a1b2	8	Resolved
HGDP00080	Balochi Pakistan	R1a1a1b2a2a2a	R1a1a	5	Resolved	R1a1a1b2	8	Resolved
HGDP00066	Balochi Pakistan	R1a1a1b2a2a2a	R1a1a	5	Resolved	R1a1a1b2	8	Resolved
HG02701	Punjabi Pakistan	R1a1a1b2a3b	R1a1a	5	Resolved	R1a1a1b2	8	Resolved
HG02699	Punjabi Pakistan	R1a1a1b2a3b	R1a1a	5	Resolved	R1a1a1b2	8	Resolved
HG02603	Punjabi Pakistan	R1a1a1b2a3b	R1a1a	5	Resolved	R1a1a1b2	8	Resolved
HGDP00060	Balochi Pakistan	R1b1a1b1b	R1b1a	5	Resolved	R1b1a1b1b	9	Resolved
HGDP00052	Balochi Pakistan	R1b1a1b1b	R1b1a	5	Resolved	R1b1a1b1b	9	Resolved
HG03701	Punjabi Pakistan	R2a2b1	R2a2b	5	Resolved	R2a	3	Resolved
HG03699	Punjabi Pakistan	R2a2b1	R2a2b	5	Resolved	R2a	3	Resolved
HG02657	Punjabi Pakistan	R2a2b1b1	R2a2b	5	Resolved	R2a	3	Resolved
HG01586	Punjabi Pakistan	R2a2b1b2a1a1	R2a2b	5	Resolved	R2a	3	Resolved
HGDP00070	Balochi Pakistan	R2a2b1b2b2a2	R2a2b	5	Resolved	R2a	3	Resolved
HGDP00086	Balochi Pakistan	R2a2b1b2b3	R2a2b	5	Resolved	R2a	3	Resolved
HG02783	Punjabi Pakistan	R2a2b1b2b3	R2a2b	5	Resolved	R2a	3	Resolved
HG02660	Punjabi Pakistan	R2a2b1b2b3b	R2a2b	5	Resolved	R2a	3	Resolved
HG03702	Punjabi Pakistan	R2a2b1b2b3b	R2a2b	5	Resolved	R2a	3	Resolved
HG03015	Punjabi Pakistan	R2a2b1b2b3b2a1a	R2a2b	5	Resolved	R2a	3	Resolved
HG03639	Punjabi Pakistan	R2a2b1b2b3b2a1a	R2a2b	5	Resolved	R2a	3	Resolved
HG03641	Punjabi Pakistan	R2a2b1b2b3b2a1a	R2a2b	5	Resolved	R2a	3	Resolved
HG03017	Punjabi Pakistan	R2a2b1b2b3b2a1a	R2a2b	5	Resolved	R2a	3	Resolved
HGDP00072	Balochi Pakistan	R2a2b1b2c	R2a2b	5	Resolved	R2a	3	Resolved
HG01970	Peruvian Peru	E1b1b1a1a1c1a1b	E1b1b	5	Resolved	E1b1b	5	Resolved
HG02150	Peruvian Peru	E1b1b1b1a1c1a	E1b1b	5	Resolved	E1b1b	5	Resolved
HG02274	Peruvian Peru	I1a2a1a1a4a1	I1a2a	5	Resolved	I	1	Resolved
HG02253	Peruvian Peru	J1a2a1a2d2b2b2a	J1a2a	5	Resolved	J1	2	Resolved
HG01571	Peruvian Peru	J1a2a1a2d2b2b2c2a1a	J1a2a	5	Resolved	J1	2	Resolved
HG01937	Peruvian Peru	J1a2a1a2d2b2b2c4c4a1a1b	J1a2a	5	Resolved	J1	2	Resolved
HG01935	Peruvian Peru	J1a2a1a2d2b2b2c4c4a1a1b	J1a2a	5	Resolved	J1	2	Resolved
HG01991	Peruvian Peru	J2a1a1a2b1b3a	J2a1a	5	Resolved	J2	2	Resolved
HG01944	Peruvian Peru	Q1a1a2	Q1a1a	5	Resolved	Q1a1a2	6	Resolved
HG01946	Peruvian Peru	Q1a1a2	Q1a1a	5	Resolved	Q1a1a2	6	Resolved
HG01974	Peruvian Peru	Q1b1a1a1f2	Q1b1a	5	Resolved	Q1b1	4	Resolved
HG02104	Peruvian Peru	Q1b1a1a1g	Q1b1a	5	Resolved	Q1b1	4	Resolved
HG02291	Peruvian Peru	Q1b1a1a1h1a1	Q1b1a	5	Resolved	Q1b1	4	Resolved
HG01923	Peruvian Peru	Q1b1a1a1h1a2	Q1b1a	5	Resolved	Q1b1	4	Resolved
HG02146	Peruvian Peru	Q1b1a1a1h1b	Q1b1a	5	Resolved	Q1b1	4	Resolved
HG02304	Peruvian Peru	Q1b1a1a1h2	Q1b1a	5	Resolved	Q1b1	4	Resolved
HG02299	Peruvian Peru	Q1b1a1a1i1a1a1	Q1b1a	5	Resolved	Q1b1	4	Resolved
HG02285	Peruvian Peru	Q1b1a1a1i1a1a2	Q1b1a	5	Resolved	Q1b1	4	Resolved
HG02277	Peruvian Peru	Q1b1a1a1i1a1b	Q1b1a	5	Resolved	Q1b1	4	Resolved
HG02279	Peruvian Peru	Q1b1a1a1i1a1b	Q1b1a	5	Resolved	Q1b1	4	Resolved
HG01979	Peruvian Peru	Q1b1a1a1i1a2b	Q1b1a	5	Resolved	Q1b1	4	Resolved
HG02302	Peruvian Peru	Q1b1a1a1i1b	Q1b1a	5	Resolved	Q1b1	4	Resolved
HG02090	Peruvian Peru	Q1b1a1a1i3	Q1b1a	5	Resolved	Q1b1	4	Resolved
HG01977	Peruvian Peru	Q1b1a1a1j1a1	Q1b1a	5	Resolved	Q1b1	4	Resolved
HG01938	Peruvian Peru	Q1b1a1a1j1a2	Q1b1a	5	Resolved	Q1b1	4	Resolved
HG01952	Peruvian Peru	Q1b1a1a1j2	Q1b1a	5	Resolved	Q1b1	4	Resolved
HG01950	Peruvian Peru	Q1b1a1a1j2	Q1b1a	5	Resolved	Q1b1	4	Resolved
HG01967	Peruvian Peru	Q1b1a1a1k1a1	Q1b1a	5	Resolved	Q1b1	4	Resolved
HG02265	Peruvian Peru	Q1b1a1a1k1a2	Q1b1a	5	Resolved	Q1b1	4	Resolved
HG01926	Peruvian Peru	Q1b1a1a1k1b	Q1b1a	5	Resolved	Q1b1	4	Resolved
HG01928	Peruvian Peru	Q1b1a1a1k1b	Q1b1a	5	Resolved	Q1b1	4	Resolved
HG02271	Peruvian Peru	Q1b1a1a1l1	Q1b1a	5	Resolved	Q1b1	4	Resolved
HG01565	Peruvian Peru	Q1b1a1a1l2	Q1b1a	5	Resolved	Q1b1	4	Resolved
HG02259	Peruvian Peru	Q1b1a1a1q	Q1b1a	5	Resolved	Q1b1	4	Resolved
HG02261	Peruvian Peru	Q1b1a1a1q	Q1b1a	5	Resolved	Q1b1	4	Resolved
HG01961	Peruvian Peru	Q1b1a1a1s	Q1b1a	5	Resolved	Q1b1	4	Resolved
HG01892	Peruvian Peru	Q1b1a1a1t	Q1b1a	5	Resolved	Q1b1	4	Resolved
HG01920	Peruvian Peru	Q1b1a1a1u	Q1b1a	5	Resolved	Q1b1	4	Resolved
HG01917	Peruvian Peru	R1b1a1b1a1a	R1b1a	5	Resolved	R1b1a1b1a	9	Resolved
HG02002	Peruvian Peru	R1b1a1b1a1a	R1b1a	5	Resolved	R1b1a1b1a	9	Resolved
HG01579	Peruvian Peru	R1b1a1b1a1a	R1b1a	5	Resolved	R1b1a1b1a	9	Resolved
HG01577	Peruvian Peru	R1b1a1b1a1a	R1b1a	5	Resolved	R1b1a1b1a	9	Resolved
HG01932	Peruvian Peru	R1b1a1b1a1a2a1a1a1	R1b1a	5	Resolved	R1b1a1b1a	9	Resolved
HG01934	Peruvian Peru	R1b1a1b1a1a2a1a1a1	R1b1a	5	Resolved	R1b1a1b1a	9	Resolved
HG01941	Peruvian Peru	R1b1a1b1a1a2b	R1b1a	5	Resolved	R1b1a1b1a	9	Resolved
HG01943	Peruvian Peru	R1b1a1b1a1a2b	R1b1a	5	Resolved	R1b1a1b1a	9	Resolved
HG02262	Peruvian Peru	R1b1a1b1a1a2b1a	R1b1a	5	Resolved	R1b1a1b1a	9	Resolved
HG01953	Peruvian Peru	R1b1a1b1a1a2c1a1i	R1b1a	5	Resolved	R1b1a1b1a	9	Resolved
HG02008	Peruvian Peru	R1b1a1b1a1a2f	R1b1a	5	Resolved	R1b1a1b1a	9	Resolved
HG01998	Peruvian Peru	R1b1a1b1a1a2f	R1b1a	5	Resolved	R1b1a1b1a	9	Resolved
HG01947	Peruvian Peru	R1b1b2a2b1	R1b1b	5	Resolved	R1b1b	5	Resolved
HG00553	Puerto Ricans Puerto Rico	B2a1a1a1a2a	B2a1a	5	Resolved	B	1	Resolved
HG01094	Puerto Ricans Puerto Rico	E1a2a1a2b	E1a2a	5	Resolved	E1a	3	Resolved
HG01096	Puerto Ricans Puerto Rico	E1a2a1a2b	E1a2a	5	Resolved	E1a	3	Resolved
HG01187	Puerto Ricans Puerto Rico	E1b1a1a1a1a2b	E1b1a	5	Resolved	E1b1a1a1a1a	11	Resolved
HG01189	Puerto Ricans Puerto Rico	E1b1a1a1a1a2b	E1b1a	5	Resolved	E1b1a1a1a1a	11	Resolved
HG01305	Puerto Ricans Puerto Rico	E1b1a1a1a1c1a1a3d6	E1b1a	5	Resolved	E1b1a1a1a1c1a	13	Resolved
HG01302	Puerto Ricans Puerto Rico	E1b1a1a1a1c1b2a1a2	E1b1a	5	Resolved	E1b1a1a1a1c1b	13	Resolved
HG01204	Puerto Ricans Puerto Rico	E1b1a1a1a2a1a3b1d1c1a3	E1b1a	5	Resolved	E1b1a1a1a2	10	Resolved
HG01206	Puerto Ricans Puerto Rico	E1b1a1a1a2a1a3b1d1c1a3	E1b1a	5	Resolved	E1b1a1a1a2	10	Resolved
HG01054	Puerto Ricans Puerto Rico	E1b1b1a1b1a	E1b1b	5	Resolved	E1b1b	5	Resolved
HG01056	Puerto Ricans Puerto Rico	E1b1b1a1b1a	E1b1b	5	Resolved	E1b1b	5	Resolved
HG01308	Puerto Ricans Puerto Rico	E1b1b1a1b1a10a1a1a	E1b1b	5	Resolved	E1b1b	5	Resolved
HG01107	Puerto Ricans Puerto Rico	E1b1b1a1b1a11a	E1b1b	5	Resolved	E1b1b	5	Resolved
HG01109	Puerto Ricans Puerto Rico	E1b1b1a1b1a11a	E1b1b	5	Resolved	E1b1b	5	Resolved
HG01074	Puerto Ricans Puerto Rico	E1b1b1a1b1a6a1a1	E1b1b	5	Resolved	E1b1b	5	Resolved
HG01072	Puerto Ricans Puerto Rico	E1b1b1a1b1a6a1a1	E1b1b	5	Resolved	E1b1b	5	Resolved
HG01200	Puerto Ricans Puerto Rico	E1b1b1a1b2a4a	E1b1b	5	Resolved	E1b1b	5	Resolved
HG01161	Puerto Ricans Puerto Rico	E1b1b1b1a1c3	E1b1b	5	Resolved	E1b1b	5	Resolved
HG01088	Puerto Ricans Puerto Rico	E1b1b1b1a1c3b	E1b1b	5	Resolved	E1b1b	5	Resolved
HG01106	Puerto Ricans Puerto Rico	E1b1b1b1a1h1	E1b1b	5	Resolved	E1b1b	5	Resolved
HG01104	Puerto Ricans Puerto Rico	E1b1b1b1a1h1	E1b1b	5	Resolved	E1b1b	5	Resolved
HG01325	Puerto Ricans Puerto Rico	E1b1b1b2a1a1a1a1f1b1a1	E1b1b	5	Resolved	E1b1b	5	Resolved
HG01110	Puerto Ricans Puerto Rico	E1b1b1b2a1a1a1a1f1b1a1b	E1b1b	5	Resolved	E1b1b	5	Resolved
HG01311	Puerto Ricans Puerto Rico	G2a2a1a2a1b1a2a	G2a2a	5	Resolved	G	1	Resolved
HG01097	Puerto Ricans Puerto Rico	G2a2b2a1a1b1a1b4	G2a2b	5	Resolved	G	1	Resolved
HG01099	Puerto Ricans Puerto Rico	G2a2b2a1a1b1a1b4	G2a2b	5	Resolved	G	1	Resolved
HG01197	Puerto Ricans Puerto Rico	I2a1a1a1a1a1a2a1a	I2a1a	5	Resolved	I	1	Resolved
HG01101	Puerto Ricans Puerto Rico	I2a1a1a1a1a1a2a1a	I2a1a	5	Resolved	I	1	Resolved
HG01199	Puerto Ricans Puerto Rico	I2a1a1a1a1a1a2a1a	I2a1a	5	Resolved	I	1	Resolved
HG01167	Puerto Ricans Puerto Rico	I2a1a1a1a2c1	I2a1a	5	Resolved	I	1	Resolved
HG01069	Puerto Ricans Puerto Rico	J1a2a1a2d2b2b2c4c4a1a1a	J1a2a	5	Resolved	J1	2	Resolved
HG01402	Puerto Ricans Puerto Rico	J2a1a1a2b2a3b1a1b1a1	J2a1a	5	Resolved	J2	2	Resolved
HG01164	Puerto Ricans Puerto Rico	J2a1a1b2	J2a1a	5	Resolved	J2	2	Resolved
HG01412	Puerto Ricans Puerto Rico	J2a1a1b2a1b1b2	J2a1a	5	Resolved	J2	2	Resolved
HG01241	Puerto Ricans Puerto Rico	R1b1a1b1a1a	R1b1a	5	Resolved	R1b1a1b1a	9	Resolved
HG00739	Puerto Ricans Puerto Rico	R1b1a1b1a1a	R1b1a	5	Resolved	R1b1a1b1a	9	Resolved
HG01243	Puerto Ricans Puerto Rico	R1b1a1b1a1a	R1b1a	5	Resolved	R1b1a1b1a	9	Resolved
HG01247	Puerto Ricans Puerto Rico	R1b1a1b1a1a	R1b1a	5	Resolved	R1b1a1b1a	9	Resolved
HG01085	Puerto Ricans Puerto Rico	R1b1a1b1a1a	R1b1a	5	Resolved	R1b1a1b1a	9	Resolved
HG01413	Puerto Ricans Puerto Rico	R1b1a1b1a1a	R1b1a	5	Resolved	R1b1a1b1a	9	Resolved
HG01182	Puerto Ricans Puerto Rico	R1b1a1b1a1a	R1b1a	5	Resolved	R1b1a1b1a	9	Resolved
HG01395	Puerto Ricans Puerto Rico	R1b1a1b1a1a	R1b1a	5	Resolved	R1b1a1b1a	9	Resolved
HG01063	Puerto Ricans Puerto Rico	R1b1a1b1a1a	R1b1a	5	Resolved	R1b1a1b1a	9	Resolved
HG01398	Puerto Ricans Puerto Rico	R1b1a1b1a1a	R1b1a	5	Resolved	R1b1a1b1a	9	Resolved
HG01082	Puerto Ricans Puerto Rico	R1b1a1b1a1a	R1b1a	5	Resolved	R1b1a1b1a	9	Resolved
HG00637	Puerto Ricans Puerto Rico	R1b1a1b1a1a2a1a1a1	R1b1a	5	Resolved	R1b1a1b1a	9	Resolved
HG01173	Puerto Ricans Puerto Rico	R1b1a1b1a1a2a1a1a1	R1b1a	5	Resolved	R1b1a1b1a	9	Resolved
HG01047	Puerto Ricans Puerto Rico	R1b1a1b1a1a2a1a1a1	R1b1a	5	Resolved	R1b1a1b1a	9	Resolved
HG01286	Puerto Ricans Puerto Rico	R1b1a1b1a1a2a1a1a1	R1b1a	5	Resolved	R1b1a1b1a	9	Resolved
HG01392	Puerto Ricans Puerto Rico	R1b1a1b1a1a2a1a2	R1b1a	5	Resolved	R1b1a1b1a	9	Resolved
HG00552	Puerto Ricans Puerto Rico	R1b1a1b1a1a2a1b3	R1b1a	5	Resolved	R1b1a1b1a	9	Resolved
HG01075	Puerto Ricans Puerto Rico	R1b1a1b1a1a2a1b3	R1b1a	5	Resolved	R1b1a1b1a	9	Resolved
HG00731	Puerto Ricans Puerto Rico	R1b1a1b1a1a2a5	R1b1a	5	Resolved	R1b1a1b1a	9	Resolved
HG01170	Puerto Ricans Puerto Rico	R1b1a1b1a1a2a5	R1b1a	5	Resolved	R1b1a1b1a	9	Resolved
HG01178	Puerto Ricans Puerto Rico	R1b1a1b1a1a2a5	R1b1a	5	Resolved	R1b1a1b1a	9	Resolved
HG00742	Puerto Ricans Puerto Rico	R1b1a1b1a1a2a5	R1b1a	5	Resolved	R1b1a1b1a	9	Resolved
HG01172	Puerto Ricans Puerto Rico	R1b1a1b1a1a2a5	R1b1a	5	Resolved	R1b1a1b1a	9	Resolved
HG01048	Puerto Ricans Puerto Rico	R1b1a1b1a1a2a5	R1b1a	5	Resolved	R1b1a1b1a	9	Resolved
HG01176	Puerto Ricans Puerto Rico	R1b1a1b1a1a2a5	R1b1a	5	Resolved	R1b1a1b1a	9	Resolved
HG00736	Puerto Ricans Puerto Rico	R1b1a1b1a1a2b1c2b1a2	R1b1a	5	Resolved	R1b1a1b1a	9	Resolved
HG00738	Puerto Ricans Puerto Rico	R1b1a1b1a1a2b1c2b1a2	R1b1a	5	Resolved	R1b1a1b1a	9	Resolved
HG01060	Puerto Ricans Puerto Rico	R1b1a1b1a1a2b2a	R1b1a	5	Resolved	R1b1a1b1a	9	Resolved
HG01079	Puerto Ricans Puerto Rico	R1b1a1b1a1a2c1	R1b1a	5	Resolved	R1b1a1b1a	9	Resolved
HG01405	Puerto Ricans Puerto Rico	R1b1a1b1a1a2c1a4b2d1a	R1b1a	5	Resolved	R1b1a1b1a	9	Resolved
HG01066	Puerto Ricans Puerto Rico	R1b1a1b1a2a1	R1b1a	5	Resolved	R1b1a1b1a	9	Resolved
HG00640	Puerto Ricans Puerto Rico	R1b1a2a1a	R1b1a	5	Resolved	R1b1a2	6	Resolved
HG00642	Puerto Ricans Puerto Rico	R1b1a2a1a	R1b1a	5	Resolved	R1b1a2	6	Resolved
HG01192	Puerto Ricans Puerto Rico	T1a1a1b2b2b1a1a2	T1a1a	5	Resolved	T	1	Resolved
HG01190	Puerto Ricans Puerto Rico	T1a1a1b2b2b1a1a2	T1a1a	5	Resolved	T	1	Resolved
HG01051	Puerto Ricans Puerto Rico	T1a2b1a1	T1a2b	5	Resolved	T	1	Resolved
111-1876-1691	Han Shaanxi	C1b1a2b	C1b1a	5	Resolved	C1b1a2	6	Resolved
111-1923-5061	Han Shaanxi	C1b1a2b	C1b1a	5	Resolved	C1b1a2	6	Resolved
000-0500-2209	Han Shaanxi	C2a1a1b1a	C2a1a	5	Resolved	C2a	3	Resolved
000-0500-2211	Han Shaanxi	C2a1a1b1a	C2a1a	5	Resolved	C2a	3	Resolved
000-0500-2200	Han Shaanxi	C2a1a1b1a	C2a1a	5	Resolved	C2a	3	Resolved
000-0500-2093	Han Shaanxi	C2a1a1b1a	C2a1a	5	Resolved	C2a	3	Resolved
000-0500-2135	Han Shaanxi	C2a1a1b1a	C2a1a	5	Resolved	C2a	3	Resolved
000-0500-2271	Han Shaanxi	C2a1a1b1a	C2a1a	5	Resolved	C2a	3	Resolved
000-0500-2150	Han Shaanxi	C2a1a1b1a	C2a1a	5	Resolved	C2a	3	Resolved
000-0500-2079	Han Shaanxi	C2a1a1b1a	C2a1a	5	Resolved	C2a	3	Resolved
000-0500-2238	Han Shaanxi	C2a1a1b1a	C2a1a	5	Resolved	C2a	3	Resolved
000-0500-2269	Han Shaanxi	C2a1a1b1a	C2a1a	5	Resolved	C2a	3	Resolved
000-0500-2141	Han Shaanxi	C2a1a1b1a	C2a1a	5	Resolved	C2a	3	Resolved
000-0500-2120	Han Shaanxi	C2a1a1b1a	C2a1a	5	Resolved	C2a	3	Resolved
000-0500-2199	Han Shaanxi	C2a1a1b1a	C2a1a	5	Resolved	C2a	3	Resolved
000-0500-2228	Han Shaanxi	C2a1a1b1a2a1	C2a1a	5	Resolved	C2a	3	Resolved
000-0500-2115	Han Shaanxi	C2a1a1b1a2a1	C2a1a	5	Resolved	C2a	3	Resolved
000-0500-2259	Han Shaanxi	C2a1a1b1a2a1	C2a1a	5	Resolved	C2a	3	Resolved
000-0500-2189	Han Shaanxi	C2a1a1b1a2a1	C2a1a	5	Resolved	C2a	3	Resolved
000-0500-2206	Han Shaanxi	C2a1a1b1a2a1	C2a1a	5	Resolved	C2a	3	Resolved
000-0500-2202	Han Shaanxi	C2a1a1b1a2a1	C2a1a	5	Resolved	C2a	3	Resolved
000-0500-2063	Han Shaanxi	C2a1a1b1a2a1	C2a1a	5	Resolved	C2a	3	Resolved
111-1880-3711	Han Shaanxi	C2a1a1b1a2a1	C2a1a	5	Resolved	C2a	3	Resolved
111-1806-4341	Han Shaanxi	C2a1a1b1b	C2a1a	5	Resolved	C2a	3	Resolved
111-1666-0989	Han Shaanxi	C2a1a1b1b	C2a1a	5	Resolved	C2a	3	Resolved
111-1824-6419	Han Shaanxi	C2a1a1b1b	C2a1a	5	Resolved	C2a	3	Resolved
111-1719-6500	Han Shaanxi	C2a1a1b1b	C2a1a	5	Resolved	C2a	3	Resolved
111-1921-8934	Han Shaanxi	C2a1a2a2b	C2a1a	5	Resolved	C2a	3	Resolved
111-1736-5401	Han Shaanxi	C2a1a2a2b	C2a1a	5	Resolved	C2a	3	Resolved
111-1695-7423	Han Shaanxi	C2a1a2a2b	C2a1a	5	Resolved	C2a	3	Resolved
990-0000-5450	Han Shaanxi	C2a1a2a2b	C2a1a	5	Resolved	C2a	3	Resolved
990-0001-8122	Han Shaanxi	C2a1a2a2b	C2a1a	5	Resolved	C2a	3	Resolved
111-1917-5237	Han Shaanxi	C2a1a2a2b	C2a1a	5	Resolved	C2a	3	Resolved
111-1268-6990	Han Shaanxi	C2a1a2a2b	C2a1a	5	Resolved	C2a	3	Resolved
111-1665-1956	Han Shaanxi	C2a1a2a2b	C2a1a	5	Resolved	C2a	3	Resolved
111-1808-0778	Han Shaanxi	C2a1a2a2b	C2a1a	5	Resolved	C2a	3	Resolved
111-1163-5074	Han Shaanxi	C2a1a2a2b	C2a1a	5	Resolved	C2a	3	Resolved
111-1223-0377	Han Shaanxi	C2a1a2a2b	C2a1a	5	Resolved	C2a	3	Resolved
990-0000-9045	Han Shaanxi	C2a1a2a2b	C2a1a	5	Resolved	C2a	3	Resolved
111-1889-1558	Han Shaanxi	C2a1a2a2b	C2a1a	5	Resolved	C2a	3	Resolved
111-1702-0928	Han Shaanxi	C2a1a2a2b	C2a1a	5	Resolved	C2a	3	Resolved
990-0000-9038	Han Shaanxi	C2a1a2a2b	C2a1a	5	Resolved	C2a	3	Resolved
990-0000-3678	Han Shaanxi	C2a1a2a2b	C2a1a	5	Resolved	C2a	3	Resolved
990-0000-7904	Han Shaanxi	C2a1a2a2b	C2a1a	5	Resolved	C2a	3	Resolved
111-1238-2465	Han Shaanxi	C2a1a2a2b	C2a1a	5	Resolved	C2a	3	Resolved
000-0500-1810	Han Shaanxi	C2a1a3	C2a1a	5	Resolved	C2a	3	Resolved
000-0500-1811	Han Shaanxi	C2a1a3	C2a1a	5	Resolved	C2a	3	Resolved
990-0012-1037	Han Shaanxi	C2a1a3	C2a1a	5	Resolved	C2a	3	Resolved
111-1181-0945	Han Shaanxi	C2b1	C2b1*	5	Unresolved	C2b1*	4	Unresolved
111-1926-6577	Han Shaanxi	C2b1a1	C2b1a	5	Resolved	C2b1a1*	6	Unresolved
111-1649-3686	Han Shaanxi	C2b1a1	C2b1a	5	Resolved	C2b1a1*	6	Unresolved
111-1792-0808	Han Shaanxi	C2b1a1a1	C2b1a	5	Resolved	C2b1a1a	7	Resolved
111-1908-8339	Han Shaanxi	C2b1a1a1	C2b1a	5	Resolved	C2b1a1a	7	Resolved
111-1862-6853	Han Shaanxi	C2b1a1a1	C2b1a	5	Resolved	C2b1a1a	7	Resolved
111-1869-0854	Han Shaanxi	C2b1a1a1a1	C2b1a	5	Resolved	C2b1a1a	7	Resolved
111-1205-9794	Han Shaanxi	C2b1a1a1a1	C2b1a	5	Resolved	C2b1a1a	7	Resolved
111-1825-6852	Han Shaanxi	C2b1a1a1a1	C2b1a	5	Resolved	C2b1a1a	7	Resolved
111-1823-7226	Han Shaanxi	C2b1a1a1a1	C2b1a	5	Resolved	C2b1a1a	7	Resolved
111-1919-7949	Han Shaanxi	C2b1a1a1a1	C2b1a	5	Resolved	C2b1a1a	7	Resolved
000-0500-1952	Han Shaanxi	C2b1a1a1a1	C2b1a	5	Resolved	C2b1a1a	7	Resolved
990-0000-7980	Han Shaanxi	C2b1a1a1a1	C2b1a	5	Resolved	C2b1a1a	7	Resolved
111-1247-0773	Han Shaanxi	C2b1a1a1a1	C2b1a	5	Resolved	C2b1a1a	7	Resolved
000-0500-1963	Han Shaanxi	C2b1a1a1a1	C2b1a	5	Resolved	C2b1a1a	7	Resolved
111-1166-5750	Han Shaanxi	C2b1a1a1a1	C2b1a	5	Resolved	C2b1a1a	7	Resolved
111-1922-6281	Han Shaanxi	C2b1a1a1b	C2b1a	5	Resolved	C2b1a1a	7	Resolved
111-1881-9897	Han Shaanxi	C2b1a2a1a2	C2b1a	5	Resolved	C2b1a2	6	Resolved
111-1848-8260	Han Shaanxi	C2b1a2a2b1a	C2b1a	5	Resolved	C2b1a2	6	Resolved
111-1758-3782	Han Shaanxi	C2b1a2a2b1a	C2b1a	5	Resolved	C2b1a2	6	Resolved
111-1825-7804	Han Shaanxi	C2b1a2a2b1a2	C2b1a	5	Resolved	C2b1a2	6	Resolved
111-1601-2832	Han Shaanxi	C2b1a2a2b1a2	C2b1a	5	Resolved	C2b1a2	6	Resolved
111-1169-4002	Han Shaanxi	C2b1a2a2b1a2	C2b1a	5	Resolved	C2b1a2	6	Resolved
111-1825-4230	Han Shaanxi	C2b1a2a2b1a2a1	C2b1a	5	Resolved	C2b1a2	6	Resolved
111-1905-0497	Han Shaanxi	C2b1a2a2b1b	C2b1a	5	Resolved	C2b1a2	6	Resolved
111-1652-0740	Han Shaanxi	C2b1a2b	C2b1a	5	Resolved	C2b1a2	6	Resolved
111-1798-1083	Han Shaanxi	C2b1a2b2	C2b1a	5	Resolved	C2b1a2	6	Resolved
111-1722-9345	Han Shaanxi	C2b1b1b	C2b1b	5	Resolved	C2b1b	5	Resolved
111-1835-2899	Han Shaanxi	C2b1b1b4	C2b1b	5	Resolved	C2b1b	5	Resolved
111-1872-5761	Han Shaanxi	C2b1b1d	C2b1b	5	Resolved	C2b1b	5	Resolved
111-1913-6993	Han Shaanxi	C2b1b1d1	C2b1b	5	Resolved	C2b1b	5	Resolved
111-1912-1586	Han Shaanxi	C2b1b1g	C2b1b	5	Resolved	C2b1b	5	Resolved
111-1797-0810	Han Shaanxi	C2b1b1g2	C2b1b	5	Resolved	C2b1b	5	Resolved
111-1831-2527	Han Shaanxi	C2b1b1g2	C2b1b	5	Resolved	C2b1b	5	Resolved
111-1598-2990	Han Shaanxi	C2b1b1i	C2b1b	5	Resolved	C2b1b	5	Resolved
111-1800-0394	Han Shaanxi	C2b1b1i	C2b1b	5	Resolved	C2b1b	5	Resolved
111-1847-8223	Han Shaanxi	C2b1b1i	C2b1b	5	Resolved	C2b1b	5	Resolved
Y5475	Han Shaanxi	D1a1a1a1a1b	D1a1a	5	Resolved	D1a1a1a1a1b*	11	Unresolved
111-1872-2838	Han Shaanxi	D1a1a1a1a1b	D1a1a	5	Resolved	D1a1a1a1a1b*	11	Unresolved
111-1924-0850	Han Shaanxi	D1a1a1a1a1b	D1a1a	5	Resolved	D1a1a1a1a1b*	11	Unresolved
111-1315-8571	Han Shaanxi	D1a1a1a1a1b	D1a1a	5	Resolved	D1a1a1a1a1b*	11	Unresolved
111-1634-0256	Han Shaanxi	D1a1a1a1a1b	D1a1a	5	Resolved	D1a1a1a1a1b*	11	Unresolved
Y5990	Han Shaanxi	D1a1a1a1a1b	D1a1a	5	Resolved	D1a1a1a1a1b*	11	Unresolved
990-0011-7894	Han Shaanxi	D1a1a1a1a1b1	D1a1a	5	Resolved	D1a1a1a1a1b1	12	Resolved
111-1850-4854	Han Shaanxi	D1a1a1a1a1b1	D1a1a	5	Resolved	D1a1a1a1a1b1	12	Resolved
Y5737	Han Shaanxi	D1a1a1a1a1b2	D1a1a	5	Resolved	D1a1a1a1a1b2	12	Resolved
111-1855-9281	Han Shaanxi	D1a1a1a1a1b2	D1a1a	5	Resolved	D1a1a1a1a1b2	12	Resolved
111-1907-3045	Han Shaanxi	D1a1a1a1b	D1a1a	5	Resolved	D1a1a1a1b*	9	Unresolved
990-0011-6521	Han Shaanxi	D1a1a1a1b	D1a1a	5	Resolved	D1a1a1a1b*	9	Unresolved
111-1850-8180	Han Shaanxi	D1a1a1a1b	D1a1a	5	Resolved	D1a1a1a1b*	9	Unresolved
111-1857-6288	Han Shaanxi	D1a1b1a	D1a1b	5	Resolved	D1a1b	5	Resolved
Y6026	Han Shaanxi	D1a1b1a	D1a1b	5	Resolved	D1a1b	5	Resolved
111-1319-1660	Han Shaanxi	D1a1b1a	D1a1b	5	Resolved	D1a1b	5	Resolved
111-1700-7967	Han Shaanxi	D1a1b1a	D1a1b	5	Resolved	D1a1b	5	Resolved
111-1837-8677	Han Shaanxi	D1a1b1a1	D1a1b	5	Resolved	D1a1b	5	Resolved
111-1879-5931	Han Shaanxi	D1a1b1a1	D1a1b	5	Resolved	D1a1b	5	Resolved
111-1860-2802	Han Shaanxi	D1a1b1a1	D1a1b	5	Resolved	D1a1b	5	Resolved
111-1755-6595	Han Shaanxi	E1b1b1a1	E1b1b	5	Resolved	E1b1b	5	Resolved
111-1803-0438	Han Shaanxi	E1b1b1a1b1a	E1b1b	5	Resolved	E1b1b	5	Resolved
111-1910-1489	Han Shaanxi	E1b1b1a1b1a	E1b1b	5	Resolved	E1b1b	5	Resolved
990-0012-6230	Han Shaanxi	E1b1b1a1b2a	E1b1b	5	Resolved	E1b1b	5	Resolved
111-1910-4251	Han Shaanxi	E1b1b1b2a1a1a1a1b1	E1b1b	5	Resolved	E1b1b	5	Resolved
111-1832-3356	Han Shaanxi	E1b1b1b2a1a1a1a1f1b1	E1b1b	5	Resolved	E1b1b	5	Resolved
111-1324-2980	Han Shaanxi	F2	F2*	5	Unresolved	F2	2	Resolved
111-1905-0961	Han Shaanxi	G1a1a2	G1a1a	5	Resolved	G	1	Resolved
111-1901-2808	Han Shaanxi	G2a2b2a1a1a1b1a2b1	G2a2b	5	Resolved	G	1	Resolved
111-1667-7857	Han Shaanxi	J2a1a1a2b2a1a1c2b1b	J2a1a	5	Resolved	J2	2	Resolved
111-1737-5790	Han Shaanxi	J2a1a1b1a	J2a1a	5	Resolved	J2	2	Resolved
111-1864-7254	Han Shaanxi	J2a1a1b2a1a2	J2a1a	5	Resolved	J2	2	Resolved
111-1730-9511	Han Shaanxi	J2a1a1b2a1a2a1	J2a1a	5	Resolved	J2	2	Resolved
111-1845-0878	Han Shaanxi	J2a2a1a1a	J2a2a	5	Resolved	J2	2	Resolved
111-1910-4053	Han Shaanxi	N1a	N1a*	5	Unresolved	N1a*	3	Unresolved
111-1830-7219	Han Shaanxi	N1a	N1a*	5	Unresolved	N1a*	3	Unresolved
000-0500-1892	Han Shaanxi	N1a	N1a*	5	Unresolved	N1a*	3	Unresolved
111-1772-4901	Han Shaanxi	N1a	N1a*	5	Unresolved	N1a*	3	Unresolved
111-1802-4642	Han Shaanxi	N1a	N1a*	5	Unresolved	N1a*	3	Unresolved
111-1694-3082	Han Shaanxi	N1a	N1a*	5	Unresolved	N1a*	3	Unresolved
000-0500-1932	Han Shaanxi	N1a	N1a*	5	Unresolved	N1a*	3	Unresolved
990-0000-3203	Han Shaanxi	N1a	N1a*	5	Unresolved	N1a*	3	Unresolved
111-1698-3439	Han Shaanxi	N1a1a1a1a4a2	N1a1a	5	Resolved	N1a1a1	6	Resolved
111-1540-1668	Han Shaanxi	N1a1a1a1a4a2	N1a1a	5	Resolved	N1a1a1	6	Resolved
111-1728-5518	Han Shaanxi	N1a1a1a1a4a2	N1a1a	5	Resolved	N1a1a1	6	Resolved
111-1822-4493	Han Shaanxi	N1a1a3	N1a1a	5	Resolved	N1a1a3	6	Resolved
111-1586-9307	Han Shaanxi	N1a1a3	N1a1a	5	Resolved	N1a1a3	6	Resolved
111-1764-7682	Han Shaanxi	N1a1a3	N1a1a	5	Resolved	N1a1a3	6	Resolved
111-1240-2170	Han Shaanxi	N1a1a3	N1a1a	5	Resolved	N1a1a3	6	Resolved
111-1696-9310	Han Shaanxi	N1a1a3	N1a1a	5	Resolved	N1a1a3	6	Resolved
111-1230-1237	Han Shaanxi	N1a2a	N1a2a	5	Resolved	N1a2	4	Resolved
111-1856-1628	Han Shaanxi	N1a2a	N1a2a	5	Resolved	N1a2	4	Resolved
111-1912-0190	Han Shaanxi	N1a2a	N1a2a	5	Resolved	N1a2	4	Resolved
111-1917-4711	Han Shaanxi	N1a2a	N1a2a	5	Resolved	N1a2	4	Resolved
111-1868-3351	Han Shaanxi	N1a2a	N1a2a	5	Resolved	N1a2	4	Resolved
111-1852-1967	Han Shaanxi	N1a2a1	N1a2a	5	Resolved	N1a2	4	Resolved
111-1925-1610	Han Shaanxi	N1a2a1	N1a2a	5	Resolved	N1a2	4	Resolved
111-1873-5562	Han Shaanxi	N1a2a1	N1a2a	5	Resolved	N1a2	4	Resolved
111-1239-3393	Han Shaanxi	N1a2a1	N1a2a	5	Resolved	N1a2	4	Resolved
case-0866_BB0_00	Han Shaanxi	N1a2a1	N1a2a	5	Resolved	N1a2	4	Resolved
111-1757-9952	Han Shaanxi	N1a2a1a2	N1a2a	5	Resolved	N1a2	4	Resolved
111-1769-0725	Han Shaanxi	N1a2a1a2	N1a2a	5	Resolved	N1a2	4	Resolved
111-1761-6237	Han Shaanxi	N1a2a1a2	N1a2a	5	Resolved	N1a2	4	Resolved
111-1588-7141	Han Shaanxi	N1a2a1a2	N1a2a	5	Resolved	N1a2	4	Resolved
990-0000-5627	Han Shaanxi	N1a2a1a2	N1a2a	5	Resolved	N1a2	4	Resolved
111-1214-0478	Han Shaanxi	N1a2a1a2	N1a2a	5	Resolved	N1a2	4	Resolved
111-1803-9035	Han Shaanxi	N1a2a1a2	N1a2a	5	Resolved	N1a2	4	Resolved
111-1876-8898	Han Shaanxi	N1a2a1a2	N1a2a	5	Resolved	N1a2	4	Resolved
111-1916-4859	Han Shaanxi	N1a2a1a2	N1a2a	5	Resolved	N1a2	4	Resolved
111-1803-7123	Han Shaanxi	N1a2a1a2	N1a2a	5	Resolved	N1a2	4	Resolved
111-1889-1633	Han Shaanxi	N1a3	N1a3*	5	Unresolved	N1a3	4	Resolved
111-1505-9241	Han Shaanxi	N1a3	N1a3*	5	Unresolved	N1a3	4	Resolved
111-1350-2534	Han Shaanxi	N1a3	N1a3*	5	Unresolved	N1a3	4	Resolved
111-1509-2286	Han Shaanxi	N1a3	N1a3*	5	Unresolved	N1a3	4	Resolved
111-1860-2369	Han Shaanxi	N1b1	N1b1*	5	Unresolved	N1b1*	4	Unresolved
111-1860-5681	Han Shaanxi	N1b1	N1b1*	5	Unresolved	N1b1*	4	Unresolved
111-1526-9084	Han Shaanxi	N1b1a1a	N1b1a	5	Resolved	N1b1a	5	Resolved
Y5563	Han Shaanxi	N1b1a2	N1b1a	5	Resolved	N1b1a	5	Resolved
111-1849-6173	Han Shaanxi	N1b1a2b1a	N1b1a	5	Resolved	N1b1a	5	Resolved
990-0001-0980	Han Shaanxi	N1b1a2b1a	N1b1a	5	Resolved	N1b1a	5	Resolved
111-1852-5934	Han Shaanxi	N1b1b	N1b1b	5	Resolved	N1b1b	5	Resolved
111-1880-2516	Han Shaanxi	N1b1b	N1b1b	5	Resolved	N1b1b	5	Resolved
111-1843-7886	Han Shaanxi	N1b1b	N1b1b	5	Resolved	N1b1b	5	Resolved
Y5579	Han Shaanxi	N1b2	N1b2*	5	Unresolved	N1b2*	4	Unresolved
Y5822	Han Shaanxi	N1b2	N1b2*	5	Unresolved	N1b2*	4	Unresolved
Y6082	Han Shaanxi	N1b2	N1b2*	5	Unresolved	N1b2*	4	Unresolved
Y5770	Han Shaanxi	N1b2	N1b2*	5	Unresolved	N1b2*	4	Unresolved
111-1300-3192	Han Shaanxi	N1b2	N1b2*	5	Unresolved	N1b2*	4	Unresolved
111-1778-1980	Han Shaanxi	N1b2	N1b2*	5	Unresolved	N1b2*	4	Unresolved
111-1833-6813	Han Shaanxi	N1b2	N1b2*	5	Unresolved	N1b2*	4	Unresolved
111-1728-9141	Han Shaanxi	N1b2	N1b2*	5	Unresolved	N1b2*	4	Unresolved
111-1285-7727	Han Shaanxi	N1b2	N1b2*	5	Unresolved	N1b2*	4	Unresolved
111-1182-1378	Han Shaanxi	N1b2	N1b2*	5	Unresolved	N1b2*	4	Unresolved
111-1781-1557	Han Shaanxi	N1b2	N1b2*	5	Unresolved	N1b2*	4	Unresolved
111-1860-3274	Han Shaanxi	N1b2	N1b2*	5	Unresolved	N1b2*	4	Unresolved
111-1912-3573	Han Shaanxi	N1b2	N1b2*	5	Unresolved	N1b2*	4	Unresolved
111-1408-5357	Han Shaanxi	N1b2	N1b2*	5	Unresolved	N1b2*	4	Unresolved
111-1325-5089	Han Shaanxi	N1b2	N1b2*	5	Unresolved	N1b2*	4	Unresolved
111-1663-5253	Han Shaanxi	N1b2	N1b2*	5	Unresolved	N1b2*	4	Unresolved
111-1303-7500	Han Shaanxi	N1b2	N1b2*	5	Unresolved	N1b2*	4	Unresolved
111-1916-2343	Han Shaanxi	N1b2	N1b2*	5	Unresolved	N1b2*	4	Unresolved
111-1894-7699	Han Shaanxi	N1b2	N1b2*	5	Unresolved	N1b2*	4	Unresolved
111-1539-0238	Han Shaanxi	N1b2	N1b2*	5	Unresolved	N1b2*	4	Unresolved
111-1818-8849	Han Shaanxi	N1b2	N1b2*	5	Unresolved	N1b2*	4	Unresolved
LiaoN-013_BB0_00	Han Shaanxi	N1b2	N1b2*	5	Unresolved	N1b2*	4	Unresolved
GYF-0905203_BB0_00	Han Shaanxi	N1b2	N1b2*	5	Unresolved	N1b2*	4	Unresolved
GYF-0905290_BB0_00	Han Shaanxi	N1b2	N1b2*	5	Unresolved	N1b2*	4	Unresolved
GYF-0905360_BB0_00	Han Shaanxi	N1b2	N1b2*	5	Unresolved	N1b2*	4	Unresolved
GYF-0905385_BB0_00	Han Shaanxi	N1b2	N1b2*	5	Unresolved	N1b2*	4	Unresolved
GYF-0905456_BB0_00	Han Shaanxi	N1b2	N1b2*	5	Unresolved	N1b2*	4	Unresolved
111-1899-2699	Han Shaanxi	O1a1a1a1a	O1a1a	5	Resolved	O1a	3	Resolved
111-1859-7375	Han Shaanxi	O1a1a1a1a1a1a	O1a1a	5	Resolved	O1a	3	Resolved
111-1526-5802	Han Shaanxi	O1a1a1a1a1a1a	O1a1a	5	Resolved	O1a	3	Resolved
111-1807-9789	Han Shaanxi	O1a1a1a1a1a1a11	O1a1a	5	Resolved	O1a	3	Resolved
111-1907-7739	Han Shaanxi	O1a1a1a1a1a1a12	O1a1a	5	Resolved	O1a	3	Resolved
111-1851-2095	Han Shaanxi	O1a1a1a1a1a1a6	O1a1a	5	Resolved	O1a	3	Resolved
111-1889-8090	Han Shaanxi	O1a1a1a1a1a1b	O1a1a	5	Resolved	O1a	3	Resolved
111-1842-0147	Han Shaanxi	O1a1a1a1a1a1b1a1	O1a1a	5	Resolved	O1a	3	Resolved
111-1847-5819	Han Shaanxi	O1a1a1a1a1a1b1a1	O1a1a	5	Resolved	O1a	3	Resolved
111-1783-1067	Han Shaanxi	O1a1a1a1a1a1e2a	O1a1a	5	Resolved	O1a	3	Resolved
111-1804-0307	Han Shaanxi	O1a1a1a1a1a1e2a	O1a1a	5	Resolved	O1a	3	Resolved
QPKZ18134-18505E-T125V1-AD-20180514cap111-18R05989	Han Shaanxi	O1a1a1a1a1a2a2	O1a1a	5	Resolved	O1a	3	Resolved
111-1784-3893	Han Shaanxi	O1a1a1b1	O1a1a	5	Resolved	O1a	3	Resolved
111-1733-3899	Han Shaanxi	O1a1a1b1	O1a1a	5	Resolved	O1a	3	Resolved
111-1324-2089	Han Shaanxi	O1a1a1b1	O1a1a	5	Resolved	O1a	3	Resolved
111-1839-9719	Han Shaanxi	O1a1a2a1a	O1a1a	5	Resolved	O1a	3	Resolved
111-1268-2473	Han Shaanxi	O1a1a2a2a1a	O1a1a	5	Resolved	O1a	3	Resolved
Y5720	Han Shaanxi	O1a1a2a3	O1a1a	5	Resolved	O1a	3	Resolved
111-1571-7707	Han Shaanxi	O1a1a2a3	O1a1a	5	Resolved	O1a	3	Resolved
111-1837-6888	Han Shaanxi	O1a1a2b1	O1a1a	5	Resolved	O1a	3	Resolved
111-1913-8690	Han Shaanxi	O1a1b1a2	O1a1b	5	Resolved	O1a	3	Resolved
111-1869-0168	Han Shaanxi	O1a3	O1a3*	5	Unresolved	O1a	3	Resolved
111-1909-6433	Han Shaanxi	O1a3a	O1a3a	5	Resolved	O1a	3	Resolved
111-1884-8606	Han Shaanxi	O1a3a	O1a3a	5	Resolved	O1a	3	Resolved
111-1449-6368	Han Shaanxi	O1b1a1a1a1	O1b1a	5	Resolved	O1b1a1a1a1*	10	Unresolved
111-1433-8705	Han Shaanxi	O1b1a1a1a1a1a1a1	O1b1a	5	Resolved	O1b1a1a1a1a1a1a1	16	Resolved
111-1861-7271	Han Shaanxi	O1b1a1a1a1a1a1a2	O1b1a	5	Resolved	O1b1a1a1a1a1a1a2	16	Resolved
111-1929-0114	Han Shaanxi	O1b1a1a1a1a1b	O1b1a	5	Resolved	O1b1a1a1a1a1b	13	Resolved
111-1867-1679	Han Shaanxi	O1b1a1a1a1a1b1a	O1b1a	5	Resolved	O1b1a1a1a1a1b	13	Resolved
111-1864-9753	Han Shaanxi	O1b1a1a1a1a1b1a1a1	O1b1a	5	Resolved	O1b1a1a1a1a1b	13	Resolved
111-1199-6595	Han Shaanxi	O1b1a1a1a1a1b1b1	O1b1a	5	Resolved	O1b1a1a1a1a1b	13	Resolved
111-1854-4034	Han Shaanxi	O1b1a1a1a1a1b1b1	O1b1a	5	Resolved	O1b1a1a1a1a1b	13	Resolved
111-1900-4377	Han Shaanxi	O1b1a1a1a1b1a1a1a1c1a	O1b1a	5	Resolved	O1b1a1a1a1b1	12	Resolved
111-1928-0917	Han Shaanxi	O1b1a1a1a1b2a1a1b	O1b1a	5	Resolved	O1b1a1a1a1b2a1a1b	17	Resolved
111-1653-5911	Han Shaanxi	O1b1a1a1a1b2a1a2	O1b1a	5	Resolved	O1b1a1a1a1b2a1a2	16	Resolved
111-1843-5943	Han Shaanxi	O1b1a1a1a1b2a1a2a	O1b1a	5	Resolved	O1b1a1a1a1b2a1a2	16	Resolved
111-1559-9594	Han Shaanxi	O1b1a1a1a2	O1b1a	5	Resolved	O1b1a1a1a2	10	Resolved
111-1850-6469	Han Shaanxi	O1b1a1a1a2a	O1b1a	5	Resolved	O1b1a1a1a2	10	Resolved
111-1834-9691	Han Shaanxi	O1b1a1a1a2a	O1b1a	5	Resolved	O1b1a1a1a2	10	Resolved
111-1797-1985	Han Shaanxi	O1b1a1a1a2a	O1b1a	5	Resolved	O1b1a1a1a2	10	Resolved
111-1870-9303	Han Shaanxi	O1b1a1a1a2a	O1b1a	5	Resolved	O1b1a1a1a2	10	Resolved
111-1863-4056	Han Shaanxi	O1b1a1a1a2a	O1b1a	5	Resolved	O1b1a1a1a2	10	Resolved
990-0000-1520	Han Shaanxi	O1b1a1a1a2a	O1b1a	5	Resolved	O1b1a1a1a2	10	Resolved
111-1540-9008	Han Shaanxi	O1b1a1a2	O1b1a	5	Resolved	O1b1a1a2	8	Resolved
111-1697-5076	Han Shaanxi	O1b1a1b1a	O1b1a	5	Resolved	O1b1a1b	7	Resolved
111-1904-8036	Han Shaanxi	O1b1a1b1a	O1b1a	5	Resolved	O1b1a1b	7	Resolved
111-1856-9242	Han Shaanxi	O1b1a2a1	O1b1a	5	Resolved	O1b1a2	6	Resolved
111-1879-6396	Han Shaanxi	O1b1a2a1	O1b1a	5	Resolved	O1b1a2	6	Resolved
111-1283-7149	Han Shaanxi	O1b1a2a1	O1b1a	5	Resolved	O1b1a2	6	Resolved
111-1858-6126	Han Shaanxi	O1b1a2a1	O1b1a	5	Resolved	O1b1a2	6	Resolved
111-1228-2321	Han Shaanxi	O1b1a2a1	O1b1a	5	Resolved	O1b1a2	6	Resolved
111-1897-3803	Han Shaanxi	O1b1a2a1	O1b1a	5	Resolved	O1b1a2	6	Resolved
111-1859-5807	Han Shaanxi	O1b1a2a1	O1b1a	5	Resolved	O1b1a2	6	Resolved
111-1487-8959	Han Shaanxi	O1b1a2a1	O1b1a	5	Resolved	O1b1a2	6	Resolved
111-1908-2092	Han Shaanxi	O1b1a2a1	O1b1a	5	Resolved	O1b1a2	6	Resolved
111-1835-0123	Han Shaanxi	O1b1a2b1a	O1b1a	5	Resolved	O1b1a2	6	Resolved
111-1177-3400	Han Shaanxi	O1b1a2b1a	O1b1a	5	Resolved	O1b1a2	6	Resolved
111-1885-1941	Han Shaanxi	O1b1a2b1a	O1b1a	5	Resolved	O1b1a2	6	Resolved
111-1375-9679	Han Shaanxi	O1b1a2b1a	O1b1a	5	Resolved	O1b1a2	6	Resolved
111-1640-8123	Han Shaanxi	O1b1a2c	O1b1a	5	Resolved	O1b1a2	6	Resolved
111-1549-6541	Han Shaanxi	O1b1a2c	O1b1a	5	Resolved	O1b1a2	6	Resolved
111-1774-2158	Han Shaanxi	O1b1a2c	O1b1a	5	Resolved	O1b1a2	6	Resolved
111-1417-2927	Han Shaanxi	O1b1a2c	O1b1a	5	Resolved	O1b1a2	6	Resolved
111-1726-4094	Han Shaanxi	O1b1a2c	O1b1a	5	Resolved	O1b1a2	6	Resolved
111-1857-9784	Han Shaanxi	O1b2a1a1c	O1b2a	5	Resolved	O1b2	4	Resolved
111-1832-8764	Han Shaanxi	O1b2a1a2a1	O1b2a	5	Resolved	O1b2	4	Resolved
111-1861-2528	Han Shaanxi	O1b2a1a2a1b	O1b2a	5	Resolved	O1b2	4	Resolved
111-1814-3459	Han Shaanxi	O1b2a1a2b	O1b2a	5	Resolved	O1b2	4	Resolved
111-1258-2681	Han Shaanxi	O2a1a	O2a1a	5	Resolved	O2a1a	5	Resolved
111-1884-3205	Han Shaanxi	O2a1a1a1a	O2a1a	5	Resolved	O2a1a	5	Resolved
111-1910-5012	Han Shaanxi	O2a1a1a1b1	O2a1a	5	Resolved	O2a1a	5	Resolved
111-1537-6652	Han Shaanxi	O2a1a1a1b1	O2a1a	5	Resolved	O2a1a	5	Resolved
111-1537-5594	Han Shaanxi	O2a1a1a1b1	O2a1a	5	Resolved	O2a1a	5	Resolved
111-1916-8246	Han Shaanxi	O2a1a1b1a2b2b2	O2a1a	5	Resolved	O2a1a	5	Resolved
111-1316-4367	Han Shaanxi	O2a1a1b1a3	O2a1a	5	Resolved	O2a1a	5	Resolved
111-1920-8942	Han Shaanxi	O2a1a1b1a3	O2a1a	5	Resolved	O2a1a	5	Resolved
111-1904-1372	Han Shaanxi	O2a1a1b1b	O2a1a	5	Resolved	O2a1a	5	Resolved
111-1851-9421	Han Shaanxi	O2a1b1a1a1a1	O2a1b	5	Resolved	O2a1b	5	Resolved
111-1900-5466	Han Shaanxi	O2a1b1a1a1a1	O2a1b	5	Resolved	O2a1b	5	Resolved
111-1447-7947	Han Shaanxi	O2a1b1a1a1a1	O2a1b	5	Resolved	O2a1b	5	Resolved
111-1548-8324	Han Shaanxi	O2a1b1a1a1a1a	O2a1b	5	Resolved	O2a1b	5	Resolved
111-1799-0368	Han Shaanxi	O2a1b1a1a1a1a	O2a1b	5	Resolved	O2a1b	5	Resolved
111-1442-8314	Han Shaanxi	O2a1b1a1a1a1a1a	O2a1b	5	Resolved	O2a1b	5	Resolved
111-1532-0334	Han Shaanxi	O2a1b1a1a1a1a1a	O2a1b	5	Resolved	O2a1b	5	Resolved
111-1877-0587	Han Shaanxi	O2a1b1a1a1a1a1a1a1	O2a1b	5	Resolved	O2a1b	5	Resolved
111-1893-2923	Han Shaanxi	O2a1b1a1a1a1a1a1a1b1	O2a1b	5	Resolved	O2a1b	5	Resolved
111-1880-5845	Han Shaanxi	O2a1b1a1a1a1a1a1b1	O2a1b	5	Resolved	O2a1b	5	Resolved
111-1282-8932	Han Shaanxi	O2a1b1a1a1a1a1a1b1	O2a1b	5	Resolved	O2a1b	5	Resolved
111-1837-9902	Han Shaanxi	O2a1b1a1a1a1a1a1b1b	O2a1b	5	Resolved	O2a1b	5	Resolved
111-1784-0601	Han Shaanxi	O2a1b1a1a1a1a1b1	O2a1b	5	Resolved	O2a1b	5	Resolved
111-1805-9538	Han Shaanxi	O2a1b1a1a1a1a1b1a1	O2a1b	5	Resolved	O2a1b	5	Resolved
111-1213-3609	Han Shaanxi	O2a1b1a1a1a1a1b1a1	O2a1b	5	Resolved	O2a1b	5	Resolved
111-1831-4675	Han Shaanxi	O2a1b1a1a1a1a1b1a1a	O2a1b	5	Resolved	O2a1b	5	Resolved
111-1837-2767	Han Shaanxi	O2a1b1a1a1a1a1b1a1a	O2a1b	5	Resolved	O2a1b	5	Resolved
111-1835-6408	Han Shaanxi	O2a1b1a1a1a1a1b1a1a	O2a1b	5	Resolved	O2a1b	5	Resolved
111-1798-2677	Han Shaanxi	O2a1b1a1a1a1a1b1b	O2a1b	5	Resolved	O2a1b	5	Resolved
111-1747-9276	Han Shaanxi	O2a1b1a1a1a1a1c	O2a1b	5	Resolved	O2a1b	5	Resolved
111-1323-0987	Han Shaanxi	O2a1b1a1a1a1a1c	O2a1b	5	Resolved	O2a1b	5	Resolved
111-1400-4228	Han Shaanxi	O2a1b1a1a1a1a2	O2a1b	5	Resolved	O2a1b	5	Resolved
111-1849-6395	Han Shaanxi	O2a1b1a1a1a1a2	O2a1b	5	Resolved	O2a1b	5	Resolved
111-1797-5273	Han Shaanxi	O2a1b1a1a1a1a2	O2a1b	5	Resolved	O2a1b	5	Resolved
111-1919-3279	Han Shaanxi	O2a1b1a1a1a1a2	O2a1b	5	Resolved	O2a1b	5	Resolved
111-1864-0033	Han Shaanxi	O2a1b1a1a1a1a2	O2a1b	5	Resolved	O2a1b	5	Resolved
111-1808-7333	Han Shaanxi	O2a1b1a1a1a1a2	O2a1b	5	Resolved	O2a1b	5	Resolved
111-1356-7908	Han Shaanxi	O2a1b1a1a1a1a3	O2a1b	5	Resolved	O2a1b	5	Resolved
111-1200-8570	Han Shaanxi	O2a1b1a1a1a1b1a1	O2a1b	5	Resolved	O2a1b	5	Resolved
111-1655-6800	Han Shaanxi	O2a1b1a1a1a1b1a1c1a	O2a1b	5	Resolved	O2a1b	5	Resolved
111-1163-6798	Han Shaanxi	O2a1b1a1a1a1b1a1c1a	O2a1b	5	Resolved	O2a1b	5	Resolved
111-1196-5362	Han Shaanxi	O2a1b1a1a1a1b1a1c1a1	O2a1b	5	Resolved	O2a1b	5	Resolved
111-1224-2745	Han Shaanxi	O2a1b1a1a1a1b1a2	O2a1b	5	Resolved	O2a1b	5	Resolved
111-1900-8399	Han Shaanxi	O2a1b1a1a1a1c1a1	O2a1b	5	Resolved	O2a1b	5	Resolved
111-1794-2497	Han Shaanxi	O2a1b1a1a1a1c1a1	O2a1b	5	Resolved	O2a1b	5	Resolved
111-1826-1559	Han Shaanxi	O2a1b1a1a1a1c1a1	O2a1b	5	Resolved	O2a1b	5	Resolved
111-1516-3771	Han Shaanxi	O2a1b1a1a1a1c2	O2a1b	5	Resolved	O2a1b	5	Resolved
111-1363-5294	Han Shaanxi	O2a1b1a1a1a1d	O2a1b	5	Resolved	O2a1b	5	Resolved
111-1892-8926	Han Shaanxi	O2a1b1a1a1a1d	O2a1b	5	Resolved	O2a1b	5	Resolved
111-1517-8836	Han Shaanxi	O2a1b1a1a1a1e1	O2a1b	5	Resolved	O2a1b	5	Resolved
111-1410-2191	Han Shaanxi	O2a1b1a1a1a1e1a1	O2a1b	5	Resolved	O2a1b	5	Resolved
111-1803-8021	Han Shaanxi	O2a1b1a1a1a1e1a1	O2a1b	5	Resolved	O2a1b	5	Resolved
111-1810-5709	Han Shaanxi	O2a1b1a1a1a1e1a1	O2a1b	5	Resolved	O2a1b	5	Resolved
111-1282-5122	Han Shaanxi	O2a1b1a1a1a1e1a1	O2a1b	5	Resolved	O2a1b	5	Resolved
111-1319-3572	Han Shaanxi	O2a1b1a1a1a1e1a1	O2a1b	5	Resolved	O2a1b	5	Resolved
111-1460-8235	Han Shaanxi	O2a1b1a1a1a1e1a1	O2a1b	5	Resolved	O2a1b	5	Resolved
111-1855-2978	Han Shaanxi	O2a1b1a1a1a1e1a1	O2a1b	5	Resolved	O2a1b	5	Resolved
111-1927-2493	Han Shaanxi	O2a1b1a1a1a1e1a1b	O2a1b	5	Resolved	O2a1b	5	Resolved
111-1278-5396	Han Shaanxi	O2a1b1a1a1a1e1a2a1	O2a1b	5	Resolved	O2a1b	5	Resolved
111-1344-6746	Han Shaanxi	O2a1b1a1a1a1e1a2a1	O2a1b	5	Resolved	O2a1b	5	Resolved
111-1436-4971	Han Shaanxi	O2a1b1a1a1a1e1b	O2a1b	5	Resolved	O2a1b	5	Resolved
111-1924-8757	Han Shaanxi	O2a1b1a1a1a1e1b	O2a1b	5	Resolved	O2a1b	5	Resolved
111-1517-9482	Han Shaanxi	O2a1b1a1a1a1e2	O2a1b	5	Resolved	O2a1b	5	Resolved
111-1862-3722	Han Shaanxi	O2a1b1a1a1a1e2	O2a1b	5	Resolved	O2a1b	5	Resolved
111-1865-6058	Han Shaanxi	O2a1b1a1a1a1e2	O2a1b	5	Resolved	O2a1b	5	Resolved
111-1271-4273	Han Shaanxi	O2a1b1a1a1a1e2a2	O2a1b	5	Resolved	O2a1b	5	Resolved
111-1747-5285	Han Shaanxi	O2a1b1a1a1a1e2d	O2a1b	5	Resolved	O2a1b	5	Resolved
111-1315-1374	Han Shaanxi	O2a1b1a1a1a1f1	O2a1b	5	Resolved	O2a1b	5	Resolved
111-1367-7041	Han Shaanxi	O2a1b1a1a1a1f1a1	O2a1b	5	Resolved	O2a1b	5	Resolved
111-1732-4484	Han Shaanxi	O2a1b1a1a1a1f1a1	O2a1b	5	Resolved	O2a1b	5	Resolved
111-1886-4170	Han Shaanxi	O2a1b1a1a1a1f1a1	O2a1b	5	Resolved	O2a1b	5	Resolved
111-1352-7032	Han Shaanxi	O2a1b1a1a1a1f1a1	O2a1b	5	Resolved	O2a1b	5	Resolved
111-1314-7131	Han Shaanxi	O2a1b1a1a1a1f1b1	O2a1b	5	Resolved	O2a1b	5	Resolved
111-1403-7028	Han Shaanxi	O2a1b1a1a1a1f2a	O2a1b	5	Resolved	O2a1b	5	Resolved
111-1367-7836	Han Shaanxi	O2a1b1a1a1a1ib	O2a1b	5	Resolved	O2a1b	5	Resolved
111-1316-1908	Han Shaanxi	O2a1b1a1a1a2	O2a1b	5	Resolved	O2a1b	5	Resolved
111-1542-7477	Han Shaanxi	O2a1b1a1a1b1	O2a1b	5	Resolved	O2a1b	5	Resolved
111-1463-7044	Han Shaanxi	O2a1b1a1b	O2a1b	5	Resolved	O2a1b	5	Resolved
111-1427-1729	Han Shaanxi	O2a1b1a2a1a	O2a1b	5	Resolved	O2a1b	5	Resolved
111-1396-8538	Han Shaanxi	O2a1b1a2a1a1a	O2a1b	5	Resolved	O2a1b	5	Resolved
111-1828-6194	Han Shaanxi	O2a1b1a2a1a1a1	O2a1b	5	Resolved	O2a1b	5	Resolved
111-1310-1553	Han Shaanxi	O2a1b1a2a1a1a1	O2a1b	5	Resolved	O2a1b	5	Resolved
111-1370-2996	Han Shaanxi	O2a1b1a2a1a1a1	O2a1b	5	Resolved	O2a1b	5	Resolved
111-1420-8862	Han Shaanxi	O2a1b1a2a1a1a1	O2a1b	5	Resolved	O2a1b	5	Resolved
111-1514-7894	Han Shaanxi	O2a1b1a2a1a1a1	O2a1b	5	Resolved	O2a1b	5	Resolved
111-1840-0248	Han Shaanxi	O2a1b1a2a1a1a1	O2a1b	5	Resolved	O2a1b	5	Resolved
111-1809-5239	Han Shaanxi	O2a1b1a2a1a1a1	O2a1b	5	Resolved	O2a1b	5	Resolved
111-1856-9341	Han Shaanxi	O2a1b1a2a1a1a1a	O2a1b	5	Resolved	O2a1b	5	Resolved
111-1884-2673	Han Shaanxi	O2a1b1a2a1a1a1b	O2a1b	5	Resolved	O2a1b	5	Resolved
111-1220-0325	Han Shaanxi	O2a1b1a2a1a1a1b	O2a1b	5	Resolved	O2a1b	5	Resolved
111-1817-1384	Han Shaanxi	O2a1b1a2a1a1a2	O2a1b	5	Resolved	O2a1b	5	Resolved
111-1387-1883	Han Shaanxi	O2a1b1a2a1a1a2	O2a1b	5	Resolved	O2a1b	5	Resolved
111-1483-1640	Han Shaanxi	O2a1b1a2a1a1a2	O2a1b	5	Resolved	O2a1b	5	Resolved
111-1344-8894	Han Shaanxi	O2a1b1a2a1a1a2	O2a1b	5	Resolved	O2a1b	5	Resolved
111-1825-1697	Han Shaanxi	O2a1b1a2a1a1a2a	O2a1b	5	Resolved	O2a1b	5	Resolved
111-1824-2763	Han Shaanxi	O2a1b1a2a1a1a2a	O2a1b	5	Resolved	O2a1b	5	Resolved
111-1813-9780	Han Shaanxi	O2a1b1a2a1a1a2a	O2a1b	5	Resolved	O2a1b	5	Resolved
Y2392	Han Shaanxi	O2a1b1a2a1a1a2b	O2a1b	5	Resolved	O2a1b	5	Resolved
111-1345-8114	Han Shaanxi	O2a1b1a2a1a1a2b	O2a1b	5	Resolved	O2a1b	5	Resolved
111-1223-4894	Han Shaanxi	O2a1b1a2a1a1b1	O2a1b	5	Resolved	O2a1b	5	Resolved
111-1545-4640	Han Shaanxi	O2a1b1a2a1a1b1	O2a1b	5	Resolved	O2a1b	5	Resolved
111-1454-3116	Han Shaanxi	O2a1b1a2a1a2	O2a1b	5	Resolved	O2a1b	5	Resolved
Y5510	Han Shaanxi	O2a1b1a2a1a2a	O2a1b	5	Resolved	O2a1b	5	Resolved
111-1530-0459	Han Shaanxi	O2a1b1a2a1a3a	O2a1b	5	Resolved	O2a1b	5	Resolved
QPKZ18134-18505E-T125V1-AD-20180514cap126-18R05986	Han Shaanxi	O2a1b1a2a1a3a1b1a1	O2a1b	5	Resolved	O2a1b	5	Resolved
111-1433-3892	Han Shaanxi	O2a1b1a2a2a1a	O2a1b	5	Resolved	O2a1b	5	Resolved
111-1484-1205	Han Shaanxi	O2a1b1a2a2a1b1	O2a1b	5	Resolved	O2a1b	5	Resolved
111-1530-9186	Han Shaanxi	O2a1b1a2a2a1b1	O2a1b	5	Resolved	O2a1b	5	Resolved
111-1355-6094	Han Shaanxi	O2a1b1a2a2a1b1	O2a1b	5	Resolved	O2a1b	5	Resolved
111-1849-7187	Han Shaanxi	O2a1b1a2a2b	O2a1b	5	Resolved	O2a1b	5	Resolved
Y7234	Han Shaanxi	O2a1b1a2b1	O2a1b	5	Resolved	O2a1b	5	Resolved
111-1460-3179	Han Shaanxi	O2a1b1a2b1	O2a1b	5	Resolved	O2a1b	5	Resolved
111-1450-4896	Han Shaanxi	O2a1b1a2b1	O2a1b	5	Resolved	O2a1b	5	Resolved
111-1801-9341	Han Shaanxi	O2a1b1a2b1	O2a1b	5	Resolved	O2a1b	5	Resolved
111-1804-6408	Han Shaanxi	O2a1b1a2b1	O2a1b	5	Resolved	O2a1b	5	Resolved
111-1809-5000	Han Shaanxi	O2a1b1a2b1	O2a1b	5	Resolved	O2a1b	5	Resolved
111-1847-4034	Han Shaanxi	O2a1b1a2b1	O2a1b	5	Resolved	O2a1b	5	Resolved
111-1871-3751	Han Shaanxi	O2a1b1a2b2a1	O2a1b	5	Resolved	O2a1b	5	Resolved
111-1929-4204	Han Shaanxi	O2a1b1b	O2a1b	5	Resolved	O2a1b	5	Resolved
111-1345-7827	Han Shaanxi	O2a1b1b1	O2a1b	5	Resolved	O2a1b	5	Resolved
111-1341-3557	Han Shaanxi	O2a1b1b1	O2a1b	5	Resolved	O2a1b	5	Resolved
111-1527-3135	Han Shaanxi	O2a1b2	O2a1b	5	Resolved	O2a1b	5	Resolved
111-1243-7738	Han Shaanxi	O2a1b2	O2a1b	5	Resolved	O2a1b	5	Resolved
111-1818-7217	Han Shaanxi	O2a1b2	O2a1b	5	Resolved	O2a1b	5	Resolved
990-0012-0092	Han Shaanxi	O2a1b2	O2a1b	5	Resolved	O2a1b	5	Resolved
111-1234-5040	Han Shaanxi	O2a1b2	O2a1b	5	Resolved	O2a1b	5	Resolved
111-1836-4021	Han Shaanxi	O2a1b2a1b	O2a1b	5	Resolved	O2a1b	5	Resolved
111-1210-1066	Han Shaanxi	O2a1b2a2	O2a1b	5	Resolved	O2a1b	5	Resolved
111-1208-2365	Han Shaanxi	O2a1b2a2a	O2a1b	5	Resolved	O2a1b	5	Resolved
111-1372-2437	Han Shaanxi	O2a1b2a2a	O2a1b	5	Resolved	O2a1b	5	Resolved
111-1194-3353	Han Shaanxi	O2a2a1a1a1b	O2a2a	5	Resolved	O2a2a1a1a1	10	Resolved
111-1330-3452	Han Shaanxi	O2a2a1a1b	O2a2a	5	Resolved	O2a2a1a1b	9	Resolved
111-1914-3304	Han Shaanxi	O2a2a1a1b2b2a	O2a2a	5	Resolved	O2a2a1a1b	9	Resolved
111-1851-9704	Han Shaanxi	O2a2a1a1b2b2a	O2a2a	5	Resolved	O2a2a1a1b	9	Resolved
111-1851-4402	Han Shaanxi	O2a2a1a1b2b2a1a	O2a2a	5	Resolved	O2a2a1a1b	9	Resolved
111-1456-9178	Han Shaanxi	O2a2a1a1b2b2a1b	O2a2a	5	Resolved	O2a2a1a1b	9	Resolved
111-1451-6615	Han Shaanxi	O2a2a1a1b2b2a1b	O2a2a	5	Resolved	O2a2a1a1b	9	Resolved
111-1764-7262	Han Shaanxi	O2a2a1a1b2b2a1b1	O2a2a	5	Resolved	O2a2a1a1b	9	Resolved
111-1758-5175	Han Shaanxi	O2a2a1a1b2b2a1b1	O2a2a	5	Resolved	O2a2a1a1b	9	Resolved
111-1420-6769	Han Shaanxi	O2a2a1a2a1a1a1a	O2a2a	5	Resolved	O2a2a1a2a1a1a1	14	Resolved
111-1455-1265	Han Shaanxi	O2a2a1a2a1a1a1a	O2a2a	5	Resolved	O2a2a1a2a1a1a1	14	Resolved
111-1307-9722	Han Shaanxi	O2a2a1a2a1a1a2a1a1a	O2a2a	5	Resolved	O2a2a1a2a1a1a2a1	16	Resolved
111-1889-3699	Han Shaanxi	O2a2a1a2a1a1a2a1a1a1a	O2a2a	5	Resolved	O2a2a1a2a1a1a2a1	16	Resolved
111-1860-0167	Han Shaanxi	O2a2a1a2a1a1a2a1b	O2a2a	5	Resolved	O2a2a1a2a1a1a2a1	16	Resolved
111-1925-2242	Han Shaanxi	O2a2a1a2a1a1a2a1b	O2a2a	5	Resolved	O2a2a1a2a1a1a2a1	16	Resolved
111-1881-5547	Han Shaanxi	O2a2a2	O2a2a	5	Resolved	O2a2a2	6	Resolved
111-1451-1214	Han Shaanxi	O2a2a2a1a1	O2a2a	5	Resolved	O2a2a2	6	Resolved
Y6065	Han Shaanxi	O2a2b1	O2a2b	5	Resolved	O2a2b1*	6	Unresolved
Y5757	Han Shaanxi	O2a2b1a1a	O2a2b	5	Resolved	O2a2b1a1a*	9	Unresolved
111-1321-3317	Han Shaanxi	O2a2b1a1a	O2a2b	5	Resolved	O2a2b1a1a*	9	Unresolved
111-1865-0025	Han Shaanxi	O2a2b1a1a1	O2a2b	5	Resolved	O2a2b1a1a1*	10	Unresolved
111-1519-5185	Han Shaanxi	O2a2b1a1a1	O2a2b	5	Resolved	O2a2b1a1a1*	10	Unresolved
111-1513-3934	Han Shaanxi	O2a2b1a1a1	O2a2b	5	Resolved	O2a2b1a1a1*	10	Unresolved
111-1848-5023	Han Shaanxi	O2a2b1a1a1	O2a2b	5	Resolved	O2a2b1a1a1*	10	Unresolved
111-1382-7330	Han Shaanxi	O2a2b1a1a1	O2a2b	5	Resolved	O2a2b1a1a1*	10	Unresolved
111-1335-1774	Han Shaanxi	O2a2b1a1a1	O2a2b	5	Resolved	O2a2b1a1a1*	10	Unresolved
111-1897-0222	Han Shaanxi	O2a2b1a1a1	O2a2b	5	Resolved	O2a2b1a1a1*	10	Unresolved
111-1892-8490	Han Shaanxi	O2a2b1a1a1	O2a2b	5	Resolved	O2a2b1a1a1*	10	Unresolved
111-1829-2850	Han Shaanxi	O2a2b1a1a1	O2a2b	5	Resolved	O2a2b1a1a1*	10	Unresolved
111-1858-2098	Han Shaanxi	O2a2b1a1a1	O2a2b	5	Resolved	O2a2b1a1a1*	10	Unresolved
111-1777-4647	Han Shaanxi	O2a2b1a1a1a1	O2a2b	5	Resolved	O2a2b1a1a1a1	12	Resolved
990-0000-4392	Han Shaanxi	O2a2b1a1a1a1	O2a2b	5	Resolved	O2a2b1a1a1a1	12	Resolved
111-1175-1972	Han Shaanxi	O2a2b1a1a1a1a1a1	O2a2b	5	Resolved	O2a2b1a1a1a1	12	Resolved
111-1837-5027	Han Shaanxi	O2a2b1a1a1a1a1a1a1	O2a2b	5	Resolved	O2a2b1a1a1a1	12	Resolved
111-1173-4906	Han Shaanxi	O2a2b1a1a1a1a1a1a1	O2a2b	5	Resolved	O2a2b1a1a1a1	12	Resolved
111-1855-0011	Han Shaanxi	O2a2b1a1a1a1a1a1a1a	O2a2b	5	Resolved	O2a2b1a1a1a1	12	Resolved
111-1838-0830	Han Shaanxi	O2a2b1a1a1a1a1b1	O2a2b	5	Resolved	O2a2b1a1a1a1	12	Resolved
990-0000-4569	Han Shaanxi	O2a2b1a1a1a1a1b1	O2a2b	5	Resolved	O2a2b1a1a1a1	12	Resolved
111-1738-3504	Han Shaanxi	O2a2b1a1a1a1a1b1a	O2a2b	5	Resolved	O2a2b1a1a1a1	12	Resolved
111-1926-9202	Han Shaanxi	O2a2b1a1a1a1a1b1a1	O2a2b	5	Resolved	O2a2b1a1a1a1	12	Resolved
QPKZ18134-18505E-T125V1-AD-20180514cap136-18R06026	Han Shaanxi	O2a2b1a1a1a1a1b1a1a1	O2a2b	5	Resolved	O2a2b1a1a1a1	12	Resolved
111-1876-5552	Han Shaanxi	O2a2b1a1a1a1a1b1a1a1a2	O2a2b	5	Resolved	O2a2b1a1a1a1	12	Resolved
111-1870-8412	Han Shaanxi	O2a2b1a1a1a1a1b1a1b	O2a2b	5	Resolved	O2a2b1a1a1a1	12	Resolved
111-1670-6038	Han Shaanxi	O2a2b1a1a1a1a1b1a1b1	O2a2b	5	Resolved	O2a2b1a1a1a1	12	Resolved
111-1791-6108	Han Shaanxi	O2a2b1a1a1a1a1b1a1b1	O2a2b	5	Resolved	O2a2b1a1a1a1	12	Resolved
111-1173-4036	Han Shaanxi	O2a2b1a1a1a1a1b1a1b2a1	O2a2b	5	Resolved	O2a2b1a1a1a1	12	Resolved
111-1824-2541	Han Shaanxi	O2a2b1a1a1a1a1b1a1b2a2	O2a2b	5	Resolved	O2a2b1a1a1a1	12	Resolved
111-1565-2657	Han Shaanxi	O2a2b1a1a1a1a1b1a1b2b	O2a2b	5	Resolved	O2a2b1a1a1a1	12	Resolved
111-1883-0519	Han Shaanxi	O2a2b1a1a1a1a1b1a1b2b	O2a2b	5	Resolved	O2a2b1a1a1a1	12	Resolved
111-1628-6929	Han Shaanxi	O2a2b1a1a1a1a1b1a1b2b	O2a2b	5	Resolved	O2a2b1a1a1a1	12	Resolved
111-1895-1207	Han Shaanxi	O2a2b1a1a1a1a1b1a2	O2a2b	5	Resolved	O2a2b1a1a1a1	12	Resolved
111-1852-6757	Han Shaanxi	O2a2b1a1a1a1a1c	O2a2b	5	Resolved	O2a2b1a1a1a1	12	Resolved
990-0000-4446	Han Shaanxi	O2a2b1a1a1a1a1c1	O2a2b	5	Resolved	O2a2b1a1a1a1	12	Resolved
990-0000-4590	Han Shaanxi	O2a2b1a1a1a1a1c1	O2a2b	5	Resolved	O2a2b1a1a1a1	12	Resolved
111-1192-7582	Han Shaanxi	O2a2b1a1a1a1a1c2	O2a2b	5	Resolved	O2a2b1a1a1a1	12	Resolved
111-1917-7064	Han Shaanxi	O2a2b1a1a1a1a2	O2a2b	5	Resolved	O2a2b1a1a1a1	12	Resolved
111-1825-8160	Han Shaanxi	O2a2b1a1a1a2a1a	O2a2b	5	Resolved	O2a2b1a1a1a2	12	Resolved
111-1392-6897	Han Shaanxi	O2a2b1a1a1a2a1a1	O2a2b	5	Resolved	O2a2b1a1a1a2	12	Resolved
111-1575-6249	Han Shaanxi	O2a2b1a1a1a2a1a1	O2a2b	5	Resolved	O2a2b1a1a1a2	12	Resolved
111-1453-4800	Han Shaanxi	O2a2b1a1a1a2a1a1	O2a2b	5	Resolved	O2a2b1a1a1a2	12	Resolved
111-1834-6942	Han Shaanxi	O2a2b1a1a1a2a1a1	O2a2b	5	Resolved	O2a2b1a1a1a2	12	Resolved
111-1716-6602	Han Shaanxi	O2a2b1a1a1a4a2	O2a2b	5	Resolved	O2a2b1a1a1a4a2*	14	Unresolved
111-1568-6690	Han Shaanxi	O2a2b1a1a1a4a2	O2a2b	5	Resolved	O2a2b1a1a1a4a2*	14	Unresolved
111-1913-3886	Han Shaanxi	O2a2b1a1a1a4a2	O2a2b	5	Resolved	O2a2b1a1a1a4a2*	14	Unresolved
111-1374-6082	Han Shaanxi	O2a2b1a1a1b	O2a2b	5	Resolved	O2a2b1a1a1b	11	Resolved
990-0000-9755	Han Shaanxi	O2a2b1a1a1c	O2a2b	5	Resolved	O2a2b1a1a1c	11	Resolved
111-1896-7499	Han Shaanxi	O2a2b1a1a1c1a	O2a2b	5	Resolved	O2a2b1a1a1c	11	Resolved
111-1746-1264	Han Shaanxi	O2a2b1a1a1c1a1	O2a2b	5	Resolved	O2a2b1a1a1c	11	Resolved
111-1871-3102	Han Shaanxi	O2a2b1a1a1c1a1a	O2a2b	5	Resolved	O2a2b1a1a1c	11	Resolved
111-1665-9617	Han Shaanxi	O2a2b1a1a1c1a1a	O2a2b	5	Resolved	O2a2b1a1a1c	11	Resolved
111-1616-0106	Han Shaanxi	O2a2b1a1a1c1a1a	O2a2b	5	Resolved	O2a2b1a1a1c	11	Resolved
111-1329-1124	Han Shaanxi	O2a2b1a1a1c1a1a1	O2a2b	5	Resolved	O2a2b1a1a1c	11	Resolved
111-1795-7927	Han Shaanxi	O2a2b1a1a1c1a1a1	O2a2b	5	Resolved	O2a2b1a1a1c	11	Resolved
111-1484-3025	Han Shaanxi	O2a2b1a1a1c1a1a1	O2a2b	5	Resolved	O2a2b1a1a1c	11	Resolved
111-1244-4934	Han Shaanxi	O2a2b1a1a1c1a1a1	O2a2b	5	Resolved	O2a2b1a1a1c	11	Resolved
111-1234-4302	Han Shaanxi	O2a2b1a1a1c1a1a2a	O2a2b	5	Resolved	O2a2b1a1a1c	11	Resolved
QPKZ18134-18505E-T125V1-AD-20180514cap50-18R05913	Han Shaanxi	O2a2b1a1a1c1b	O2a2b	5	Resolved	O2a2b1a1a1c	11	Resolved
111-1822-1904	Han Shaanxi	O2a2b1a1a1c1b	O2a2b	5	Resolved	O2a2b1a1a1c	11	Resolved
111-1158-9995	Han Shaanxi	O2a2b1a1a1c1b1	O2a2b	5	Resolved	O2a2b1a1a1c	11	Resolved
QPKZ18134-18505E-T125V1-AD-20180514cap44-18R05949	Han Shaanxi	O2a2b1a1a1c1b1	O2a2b	5	Resolved	O2a2b1a1a1c	11	Resolved
111-1842-9843	Han Shaanxi	O2a2b1a1a1c1b1	O2a2b	5	Resolved	O2a2b1a1a1c	11	Resolved
111-1724-6335	Han Shaanxi	O2a2b1a1a1c1b1	O2a2b	5	Resolved	O2a2b1a1a1c	11	Resolved
111-1849-7828	Han Shaanxi	O2a2b1a1a1d1	O2a2b	5	Resolved	O2a2b1a1a1d	11	Resolved
111-1863-5084	Han Shaanxi	O2a2b1a1a1d1a	O2a2b	5	Resolved	O2a2b1a1a1d	11	Resolved
111-1930-2381	Han Shaanxi	O2a2b1a1a1e1	O2a2b	5	Resolved	O2a2b1a1a1e	11	Resolved
111-1855-0684	Han Shaanxi	O2a2b1a1a1e2	O2a2b	5	Resolved	O2a2b1a1a1e	11	Resolved
111-1858-5006	Han Shaanxi	O2a2b1a1a1e2a	O2a2b	5	Resolved	O2a2b1a1a1e	11	Resolved
111-1528-3813	Han Shaanxi	O2a2b1a1a1e2a	O2a2b	5	Resolved	O2a2b1a1a1e	11	Resolved
111-1761-6640	Han Shaanxi	O2a2b1a1a1e2a	O2a2b	5	Resolved	O2a2b1a1a1e	11	Resolved
111-1903-7726	Han Shaanxi	O2a2b1a1b	O2a2b	5	Resolved	O2a2b1a1b	9	Resolved
111-1715-4814	Han Shaanxi	O2a2b1a1b	O2a2b	5	Resolved	O2a2b1a1b	9	Resolved
111-1908-0470	Han Shaanxi	O2a2b1a1b	O2a2b	5	Resolved	O2a2b1a1b	9	Resolved
111-1333-5606	Han Shaanxi	O2a2b1a2	O2a2b	5	Resolved	O2a2b1a2	8	Resolved
111-1829-6704	Han Shaanxi	O2a2b1a2a1a	O2a2b	5	Resolved	O2a2b1a2	8	Resolved
111-1905-7588	Han Shaanxi	O2a2b1a2a1a1a1	O2a2b	5	Resolved	O2a2b1a2	8	Resolved
111-1848-5955	Han Shaanxi	O2a2b1a2a1a1a1	O2a2b	5	Resolved	O2a2b1a2	8	Resolved
111-1864-5441	Han Shaanxi	O2a2b1a2a1a1a1	O2a2b	5	Resolved	O2a2b1a2	8	Resolved
111-1669-6094	Han Shaanxi	O2a2b1a2a1a1a1	O2a2b	5	Resolved	O2a2b1a2	8	Resolved
111-1376-5267	Han Shaanxi	O2a2b1a2a1a1a1	O2a2b	5	Resolved	O2a2b1a2	8	Resolved
111-1261-5198	Han Shaanxi	O2a2b1a2a1a1a1	O2a2b	5	Resolved	O2a2b1a2	8	Resolved
111-1858-1763	Han Shaanxi	O2a2b1a2a1a1a1	O2a2b	5	Resolved	O2a2b1a2	8	Resolved
QPKZ18134-18505E-T125V1-AD-20180514cap135-18R06027	Han Shaanxi	O2a2b1a2a1a1a1a1a1a1a	O2a2b	5	Resolved	O2a2b1a2	8	Resolved
111-1865-8335	Han Shaanxi	O2a2b1a2a1a1a1a1a1a1a	O2a2b	5	Resolved	O2a2b1a2	8	Resolved
111-1856-7200	Han Shaanxi	O2a2b1a2a1a1a1a1a1a1a	O2a2b	5	Resolved	O2a2b1a2	8	Resolved
111-1188-0511	Han Shaanxi	O2a2b1a2a1a1a1a1a1a1a	O2a2b	5	Resolved	O2a2b1a2	8	Resolved
111-1172-4327	Han Shaanxi	O2a2b1a2a1a1a1a1a1a1a	O2a2b	5	Resolved	O2a2b1a2	8	Resolved
111-1711-9943	Han Shaanxi	O2a2b1a2a1a1a1a1a1a1a	O2a2b	5	Resolved	O2a2b1a2	8	Resolved
111-1208-9814	Han Shaanxi	O2a2b1a2a1a1a1a1a1a1a	O2a2b	5	Resolved	O2a2b1a2	8	Resolved
111-1301-7694	Han Shaanxi	O2a2b1a2a1a1a1a1a1a1a	O2a2b	5	Resolved	O2a2b1a2	8	Resolved
111-1696-5800	Han Shaanxi	O2a2b1a2a1a1a1a1a1a1a	O2a2b	5	Resolved	O2a2b1a2	8	Resolved
111-1809-1538	Han Shaanxi	O2a2b1a2a1a1a1a1a1a1a	O2a2b	5	Resolved	O2a2b1a2	8	Resolved
111-1835-9652	Han Shaanxi	O2a2b1a2a1a1a1a1a1a1a	O2a2b	5	Resolved	O2a2b1a2	8	Resolved
111-1807-6023	Han Shaanxi	O2a2b1a2a1a1a1a1a1a1a	O2a2b	5	Resolved	O2a2b1a2	8	Resolved
111-1839-3588	Han Shaanxi	O2a2b1a2a1a1a2	O2a2b	5	Resolved	O2a2b1a2	8	Resolved
111-1799-7145	Han Shaanxi	O2a2b1a2a1a1a2	O2a2b	5	Resolved	O2a2b1a2	8	Resolved
111-1447-4861	Han Shaanxi	O2a2b1a2a1a1a2	O2a2b	5	Resolved	O2a2b1a2	8	Resolved
111-1814-0212	Han Shaanxi	O2a2b1a2a1a1a2	O2a2b	5	Resolved	O2a2b1a2	8	Resolved
Y5613	Han Shaanxi	O2a2b1a2a1a1a2a1	O2a2b	5	Resolved	O2a2b1a2	8	Resolved
111-1349-9582	Han Shaanxi	O2a2b1a2a1a1a2a1	O2a2b	5	Resolved	O2a2b1a2	8	Resolved
111-1714-2538	Han Shaanxi	O2a2b1a2a1a1a2a1	O2a2b	5	Resolved	O2a2b1a2	8	Resolved
111-1594-9214	Han Shaanxi	O2a2b1a2a1a1a2a1	O2a2b	5	Resolved	O2a2b1a2	8	Resolved
111-1924-6531	Han Shaanxi	O2a2b1a2a1a1a2a1	O2a2b	5	Resolved	O2a2b1a2	8	Resolved
111-1334-4387	Han Shaanxi	O2a2b1a2a1a1a2a1a1	O2a2b	5	Resolved	O2a2b1a2	8	Resolved
111-1517-7846	Han Shaanxi	O2a2b1a2a1a1a2a1a1	O2a2b	5	Resolved	O2a2b1a2	8	Resolved
111-1904-5592	Han Shaanxi	O2a2b1a2a1a1a2a1a1a	O2a2b	5	Resolved	O2a2b1a2	8	Resolved
111-1328-3617	Han Shaanxi	O2a2b1a2a1a1a2a1a1a	O2a2b	5	Resolved	O2a2b1a2	8	Resolved
111-1898-0412	Han Shaanxi	O2a2b1a2a1a1a2a1a1a1a1	O2a2b	5	Resolved	O2a2b1a2	8	Resolved
111-1223-5938	Han Shaanxi	O2a2b1a2a1a1b	O2a2b	5	Resolved	O2a2b1a2	8	Resolved
111-1217-6057	Han Shaanxi	O2a2b1a2a1a1b	O2a2b	5	Resolved	O2a2b1a2	8	Resolved
111-1865-9912	Han Shaanxi	O2a2b1a2a1a1b	O2a2b	5	Resolved	O2a2b1a2	8	Resolved
111-1868-8394	Han Shaanxi	O2a2b1a2a1a1b	O2a2b	5	Resolved	O2a2b1a2	8	Resolved
111-1597-9952	Han Shaanxi	O2a2b1a2a1a1b	O2a2b	5	Resolved	O2a2b1a2	8	Resolved
111-1861-8803	Han Shaanxi	O2a2b1a2a1a1b	O2a2b	5	Resolved	O2a2b1a2	8	Resolved
990-0012-4786	Han Shaanxi	O2a2b1a2a1a1b	O2a2b	5	Resolved	O2a2b1a2	8	Resolved
111-1686-2925	Han Shaanxi	O2a2b1a2a1a1b	O2a2b	5	Resolved	O2a2b1a2	8	Resolved
111-1284-7704	Han Shaanxi	O2a2b1a2a1a1b1b2a1	O2a2b	5	Resolved	O2a2b1a2	8	Resolved
111-1211-5698	Han Shaanxi	O2a2b1a2a1a1b1b2b1	O2a2b	5	Resolved	O2a2b1a2	8	Resolved
111-1213-6112	Han Shaanxi	O2a2b1a2a1a1b1b2b1	O2a2b	5	Resolved	O2a2b1a2	8	Resolved
111-1615-5195	Han Shaanxi	O2a2b1a2a1a1b1b2b1	O2a2b	5	Resolved	O2a2b1a2	8	Resolved
111-1233-0879	Han Shaanxi	O2a2b1a2a1a1b1b2b1	O2a2b	5	Resolved	O2a2b1a2	8	Resolved
111-1233-9773	Han Shaanxi	O2a2b1a2a1a1b1b2b1	O2a2b	5	Resolved	O2a2b1a2	8	Resolved
111-1248-0901	Han Shaanxi	O2a2b1a2a1a1b1b2b1	O2a2b	5	Resolved	O2a2b1a2	8	Resolved
111-1717-0661	Han Shaanxi	O2a2b1a2a1a1b1b2b1	O2a2b	5	Resolved	O2a2b1a2	8	Resolved
111-1227-4326	Han Shaanxi	O2a2b1a2a1a1b1b2b1	O2a2b	5	Resolved	O2a2b1a2	8	Resolved
111-1170-7306	Han Shaanxi	O2a2b1a2a1a1b1b2b1	O2a2b	5	Resolved	O2a2b1a2	8	Resolved
111-1824-6402	Han Shaanxi	O2a2b1a2a1a1b1b2b1	O2a2b	5	Resolved	O2a2b1a2	8	Resolved
111-1187-4091	Han Shaanxi	O2a2b1a2a1a1b1b2b1a	O2a2b	5	Resolved	O2a2b1a2	8	Resolved
111-1240-3672	Han Shaanxi	O2a2b1a2a1a1b1b2b1a	O2a2b	5	Resolved	O2a2b1a2	8	Resolved
111-1240-3535	Han Shaanxi	O2a2b1a2a1a1b1b2b1a	O2a2b	5	Resolved	O2a2b1a2	8	Resolved
111-1350-4972	Han Shaanxi	O2a2b1a2a1a1b1b2b1a	O2a2b	5	Resolved	O2a2b1a2	8	Resolved
111-1236-8469	Han Shaanxi	O2a2b1a2a1a1b1b2b1a	O2a2b	5	Resolved	O2a2b1a2	8	Resolved
111-1237-2336	Han Shaanxi	O2a2b1a2a1a1b1b2b1a	O2a2b	5	Resolved	O2a2b1a2	8	Resolved
111-1237-0714	Han Shaanxi	O2a2b1a2a1a1b1b2b1a	O2a2b	5	Resolved	O2a2b1a2	8	Resolved
111-1237-4255	Han Shaanxi	O2a2b1a2a1a1b1b2b1a	O2a2b	5	Resolved	O2a2b1a2	8	Resolved
111-1235-9689	Han Shaanxi	O2a2b1a2a1a1b1b2b1a	O2a2b	5	Resolved	O2a2b1a2	8	Resolved
111-1248-7146	Han Shaanxi	O2a2b1a2a1a1b1b2b1a	O2a2b	5	Resolved	O2a2b1a2	8	Resolved
111-1868-7175	Han Shaanxi	O2a2b1a2a1a1b1b2b1a	O2a2b	5	Resolved	O2a2b1a2	8	Resolved
111-1764-2724	Han Shaanxi	O2a2b1a2a1a1b1b2b1a	O2a2b	5	Resolved	O2a2b1a2	8	Resolved
111-1227-4722	Han Shaanxi	O2a2b1a2a1a1b1b2b1a	O2a2b	5	Resolved	O2a2b1a2	8	Resolved
111-1227-7686	Han Shaanxi	O2a2b1a2a1a1b1b2b1a	O2a2b	5	Resolved	O2a2b1a2	8	Resolved
111-1235-9337	Han Shaanxi	O2a2b1a2a1a1b1b2b1a	O2a2b	5	Resolved	O2a2b1a2	8	Resolved
111-1236-8414	Han Shaanxi	O2a2b1a2a1a1b1b2b1a	O2a2b	5	Resolved	O2a2b1a2	8	Resolved
111-1783-5065	Han Shaanxi	O2a2b1a2a1a1b1b2b2	O2a2b	5	Resolved	O2a2b1a2	8	Resolved
111-1644-2578	Han Shaanxi	O2a2b1a2a1a1b1b2b2	O2a2b	5	Resolved	O2a2b1a2	8	Resolved
111-1803-8595	Han Shaanxi	O2a2b1a2a1a1b1b2b2	O2a2b	5	Resolved	O2a2b1a2	8	Resolved
111-1730-3250	Han Shaanxi	O2a2b1a2a1a1b1b2b2	O2a2b	5	Resolved	O2a2b1a2	8	Resolved
111-1701-0707	Han Shaanxi	O2a2b1a2a1a1b1b2b2	O2a2b	5	Resolved	O2a2b1a2	8	Resolved
111-1820-0428	Han Shaanxi	O2a2b1a2a1a1b1b2b2	O2a2b	5	Resolved	O2a2b1a2	8	Resolved
111-1793-4133	Han Shaanxi	O2a2b1a2a1a1b1b2b2	O2a2b	5	Resolved	O2a2b1a2	8	Resolved
111-1928-4458	Han Shaanxi	O2a2b1a2a1a1b1b2b2	O2a2b	5	Resolved	O2a2b1a2	8	Resolved
111-1910-6361	Han Shaanxi	O2a2b1a2a1a1b1b2b2	O2a2b	5	Resolved	O2a2b1a2	8	Resolved
111-1924-7880	Han Shaanxi	O2a2b1a2a1a1b1b2b2	O2a2b	5	Resolved	O2a2b1a2	8	Resolved
111-1927-9614	Han Shaanxi	O2a2b1a2a1a1b1b2b2	O2a2b	5	Resolved	O2a2b1a2	8	Resolved
111-1925-2426	Han Shaanxi	O2a2b1a2a1a1b1b2b2	O2a2b	5	Resolved	O2a2b1a2	8	Resolved
111-1928-6711	Han Shaanxi	O2a2b1a2a1a1b1b2b2	O2a2b	5	Resolved	O2a2b1a2	8	Resolved
111-1806-8943	Han Shaanxi	O2a2b1a2a1a1b1b2b2	O2a2b	5	Resolved	O2a2b1a2	8	Resolved
111-1839-5841	Han Shaanxi	O2a2b1a2a1a3	O2a2b	5	Resolved	O2a2b1a2	8	Resolved
111-1778-2406	Han Shaanxi	O2a2b1a2a1a3	O2a2b	5	Resolved	O2a2b1a2	8	Resolved
990-0000-1650	Han Shaanxi	O2a2b1a2a1a4a1	O2a2b	5	Resolved	O2a2b1a2	8	Resolved
111-1884-1102	Han Shaanxi	O2a2b1a2a1a4a1	O2a2b	5	Resolved	O2a2b1a2	8	Resolved
111-1195-1044	Han Shaanxi	O2a2b1a2a1a4a1	O2a2b	5	Resolved	O2a2b1a2	8	Resolved
111-1899-7373	Han Shaanxi	O2a2b1a2a1a4a1	O2a2b	5	Resolved	O2a2b1a2	8	Resolved
111-1827-9707	Han Shaanxi	O2a2b1a2a1a4a1	O2a2b	5	Resolved	O2a2b1a2	8	Resolved
111-1922-3037	Han Shaanxi	O2a2b1a2a1a4a1	O2a2b	5	Resolved	O2a2b1a2	8	Resolved
111-1684-1166	Han Shaanxi	O2a2b1a2a1a4a1	O2a2b	5	Resolved	O2a2b1a2	8	Resolved
111-1197-8058	Han Shaanxi	O2a2b1a2a1a4a1	O2a2b	5	Resolved	O2a2b1a2	8	Resolved
111-1858-0100	Han Shaanxi	O2a2b1a2a1a4a1	O2a2b	5	Resolved	O2a2b1a2	8	Resolved
111-1650-0070	Han Shaanxi	O2a2b1a2a1a4a1	O2a2b	5	Resolved	O2a2b1a2	8	Resolved
111-1723-2437	Han Shaanxi	O2a2b1a2a2a	O2a2b	5	Resolved	O2a2b1a2	8	Resolved
111-1697-9050	Han Shaanxi	O2a2b1a2a2a	O2a2b	5	Resolved	O2a2b1a2	8	Resolved
111-1809-8032	Han Shaanxi	O2a2b1a2a2a	O2a2b	5	Resolved	O2a2b1a2	8	Resolved
111-1728-7956	Han Shaanxi	O2a2b1a2a2a	O2a2b	5	Resolved	O2a2b1a2	8	Resolved
111-1890-0694	Han Shaanxi	O2a2b1a2a2b	O2a2b	5	Resolved	O2a2b1a2	8	Resolved
111-1854-5918	Han Shaanxi	O2a2b1a2a2b1a	O2a2b	5	Resolved	O2a2b1a2	8	Resolved
111-1919-7246	Han Shaanxi	O2a2b1a2a2b1a	O2a2b	5	Resolved	O2a2b1a2	8	Resolved
111-1860-8118	Han Shaanxi	O2a2b2a1a	O2a2b	5	Resolved	O2a2b2a1	8	Resolved
111-1902-6188	Han Shaanxi	O2a2b2a1a	O2a2b	5	Resolved	O2a2b2a1	8	Resolved
Y5854	Han Shaanxi	O2a2b2a1a1	O2a2b	5	Resolved	O2a2b2a1	8	Resolved
111-1171-6643	Han Shaanxi	O2a2b2a1a2	O2a2b	5	Resolved	O2a2b2a1	8	Resolved
111-1670-1156	Han Shaanxi	O2a2b2a1a2	O2a2b	5	Resolved	O2a2b2a1	8	Resolved
111-1725-4873	Han Shaanxi	O2a2b2a1b1	O2a2b	5	Resolved	O2a2b2a1	8	Resolved
111-1747-1072	Han Shaanxi	O2a2b2a2a1	O2a2b	5	Resolved	O2a2b2a2	8	Resolved
111-1834-1527	Han Shaanxi	O2a2b2a2b	O2a2b	5	Resolved	O2a2b2a2	8	Resolved
111-1653-6918	Han Shaanxi	O2a2b2a2b1	O2a2b	5	Resolved	O2a2b2a2	8	Resolved
111-1821-6429	Han Shaanxi	O2a2b2b1	O2a2b	5	Resolved	O2a2b2b	7	Resolved
111-1833-2891	Han Shaanxi	O2a2b2b1a	O2a2b	5	Resolved	O2a2b2b	7	Resolved
Y6007	Han Shaanxi	O2a2b2b1a1	O2a2b	5	Resolved	O2a2b2b	7	Resolved
111-1314-4444	Han Shaanxi	O2a2b2b1a1	O2a2b	5	Resolved	O2a2b2b	7	Resolved
Y5881	Han Shaanxi	O2b1a1	O2b1a	5	Resolved	O2b	3	Resolved
Y5545	Han Shaanxi	O2b1a1a1	O2b1a	5	Resolved	O2b	3	Resolved
Y6062	Han Shaanxi	O2b1a1a1a1	O2b1a	5	Resolved	O2b	3	Resolved
111-1651-6361	Han Shaanxi	O2b1b	O2b1b	5	Resolved	O2b	3	Resolved
111-1316-2424	Han Shaanxi	Q1a1a1	Q1a1a	5	Resolved	Q1a1a1*	6	Unresolved
111-1842-7146	Han Shaanxi	Q1a1a1	Q1a1a	5	Resolved	Q1a1a1*	6	Unresolved
111-1335-7066	Han Shaanxi	Q1a1a1	Q1a1a	5	Resolved	Q1a1a1*	6	Unresolved
111-1320-7316	Han Shaanxi	Q1a1a1	Q1a1a	5	Resolved	Q1a1a1*	6	Unresolved
111-1775-7992	Han Shaanxi	Q1a1a1	Q1a1a	5	Resolved	Q1a1a1*	6	Unresolved
990-0000-6068	Han Shaanxi	Q1a1a1	Q1a1a	5	Resolved	Q1a1a1*	6	Unresolved
111-1899-0770	Han Shaanxi	Q1a1a1	Q1a1a	5	Resolved	Q1a1a1*	6	Unresolved
990-0000-2671	Han Shaanxi	Q1a1a1	Q1a1a	5	Resolved	Q1a1a1*	6	Unresolved
111-1802-4659	Han Shaanxi	Q1a1a1	Q1a1a	5	Resolved	Q1a1a1*	6	Unresolved
111-1847-3815	Han Shaanxi	Q1a1a1	Q1a1a	5	Resolved	Q1a1a1*	6	Unresolved
111-1256-6803	Han Shaanxi	Q1a1a1a	Q1a1a	5	Resolved	Q1a1a1a*	7	Unresolved
111-1302-2759	Han Shaanxi	Q1a1a1a	Q1a1a	5	Resolved	Q1a1a1a*	7	Unresolved
111-1322-9172	Han Shaanxi	Q1a1a1a	Q1a1a	5	Resolved	Q1a1a1a*	7	Unresolved
111-1278-3217	Han Shaanxi	Q1a1a1a	Q1a1a	5	Resolved	Q1a1a1a*	7	Unresolved
990-0000-3494	Han Shaanxi	Q1a1a1a	Q1a1a	5	Resolved	Q1a1a1a*	7	Unresolved
111-1845-3220	Han Shaanxi	Q1a1a1a	Q1a1a	5	Resolved	Q1a1a1a*	7	Unresolved
111-1777-9956	Han Shaanxi	Q1a1a1a	Q1a1a	5	Resolved	Q1a1a1a*	7	Unresolved
111-1320-1581	Han Shaanxi	Q1a1a1a	Q1a1a	5	Resolved	Q1a1a1a*	7	Unresolved
111-1265-5446	Han Shaanxi	Q1a1a1a	Q1a1a	5	Resolved	Q1a1a1a*	7	Unresolved
111-1296-6221	Han Shaanxi	Q1a1a1a	Q1a1a	5	Resolved	Q1a1a1a*	7	Unresolved
111-1376-0750	Han Shaanxi	Q1a1a1a	Q1a1a	5	Resolved	Q1a1a1a*	7	Unresolved
111-1335-5826	Han Shaanxi	Q1a1a1a	Q1a1a	5	Resolved	Q1a1a1a*	7	Unresolved
111-1861-7714	Han Shaanxi	Q1a1a1a	Q1a1a	5	Resolved	Q1a1a1a*	7	Unresolved
990-0000-3326	Han Shaanxi	Q1a1a1a	Q1a1a	5	Resolved	Q1a1a1a*	7	Unresolved
111-1839-5254	Han Shaanxi	Q1a1a1a	Q1a1a	5	Resolved	Q1a1a1a*	7	Unresolved
111-1890-9390	Han Shaanxi	Q1a1a1a	Q1a1a	5	Resolved	Q1a1a1a*	7	Unresolved
111-1297-1195	Han Shaanxi	Q1a1a1a	Q1a1a	5	Resolved	Q1a1a1a*	7	Unresolved
111-1284-9005	Han Shaanxi	Q1a1a1a	Q1a1a	5	Resolved	Q1a1a1a*	7	Unresolved
111-1855-0691	Han Shaanxi	Q1a1a1a1	Q1a1a	5	Resolved	Q1a1a1a1	8	Resolved
111-1815-9634	Han Shaanxi	Q1a1a1a1	Q1a1a	5	Resolved	Q1a1a1a1	8	Resolved
111-1924-9396	Han Shaanxi	Q1a1a1a1	Q1a1a	5	Resolved	Q1a1a1a1	8	Resolved
111-1895-9838	Han Shaanxi	Q1a1a1a1	Q1a1a	5	Resolved	Q1a1a1a1	8	Resolved
111-1264-3726	Han Shaanxi	Q1a1a1a1	Q1a1a	5	Resolved	Q1a1a1a1	8	Resolved
111-1330-3049	Han Shaanxi	Q1a1a1a1	Q1a1a	5	Resolved	Q1a1a1a1	8	Resolved
111-1528-9907	Han Shaanxi	Q1a1a2	Q1a1a	5	Resolved	Q1a1a2	6	Resolved
111-1862-4958	Han Shaanxi	Q1a1a2	Q1a1a	5	Resolved	Q1a1a2	6	Resolved
111-1866-6972	Han Shaanxi	Q1a1a2	Q1a1a	5	Resolved	Q1a1a2	6	Resolved
111-1813-4624	Han Shaanxi	Q1a1a2	Q1a1a	5	Resolved	Q1a1a2	6	Resolved
111-1851-9964	Han Shaanxi	Q1a1a2	Q1a1a	5	Resolved	Q1a1a2	6	Resolved
111-1804-4107	Han Shaanxi	Q1a1a2	Q1a1a	5	Resolved	Q1a1a2	6	Resolved
111-1868-9216	Han Shaanxi	Q1a1a2	Q1a1a	5	Resolved	Q1a1a2	6	Resolved
111-1799-6971	Han Shaanxi	Q1a1a2	Q1a1a	5	Resolved	Q1a1a2	6	Resolved
111-1821-4821	Han Shaanxi	Q1a1a2	Q1a1a	5	Resolved	Q1a1a2	6	Resolved
111-1893-4545	Han Shaanxi	Q1a1a2	Q1a1a	5	Resolved	Q1a1a2	6	Resolved
111-1900-8993	Han Shaanxi	Q1a1a2	Q1a1a	5	Resolved	Q1a1a2	6	Resolved
111-1903-4251	Han Shaanxi	Q1a2a2b1a	Q1a2a	5	Resolved	Q1a2	4	Resolved
111-1896-9271	Han Shaanxi	Q1b1a3a	Q1b1a	5	Resolved	Q1b1	4	Resolved
111-1282-0301	Han Shaanxi	Q1b1a3b	Q1b1a	5	Resolved	Q1b1	4	Resolved
111-1902-9455	Han Shaanxi	R1a1a1b2	R1a1a	5	Resolved	R1a1a1b2	8	Resolved
111-1782-1822	Han Shaanxi	R1a1a1b2a2a1	R1a1a	5	Resolved	R1a1a1b2	8	Resolved
111-1790-3238	Han Shaanxi	R1a1a1b2a2a1	R1a1a	5	Resolved	R1a1a1b2	8	Resolved
990-0002-5359	Han Shaanxi	R1a1a1b2a2a1	R1a1a	5	Resolved	R1a1a1b2	8	Resolved
111-1854-3495	Han Shaanxi	R1a1a1b2a2a1d6a	R1a1a	5	Resolved	R1a1a1b2	8	Resolved
111-1904-5868	Han Shaanxi	R1a1a1b2a2a1d9	R1a1a	5	Resolved	R1a1a1b2	8	Resolved
111-1807-8362	Han Shaanxi	R1a1a1b2a2a3a	R1a1a	5	Resolved	R1a1a1b2	8	Resolved
111-1801-4216	Han Shaanxi	R1a1a1b2a2a3a	R1a1a	5	Resolved	R1a1a1b2	8	Resolved
111-1838-5071	Han Shaanxi	R1a1a1b2a2a3a	R1a1a	5	Resolved	R1a1a1b2	8	Resolved
111-1804-2370	Han Shaanxi	R1a1a1b2a2a3a	R1a1a	5	Resolved	R1a1a1b2	8	Resolved
111-1804-1113	Han Shaanxi	R1a1a1b2a2a3a	R1a1a	5	Resolved	R1a1a1b2	8	Resolved
111-1832-0928	Han Shaanxi	R1a1a1b2a2a3a	R1a1a	5	Resolved	R1a1a1b2	8	Resolved
111-1805-4717	Han Shaanxi	R1a1a1b2a2a3a	R1a1a	5	Resolved	R1a1a1b2	8	Resolved
111-1838-6139	Han Shaanxi	R1a1a1b2a2a3a	R1a1a	5	Resolved	R1a1a1b2	8	Resolved
111-1799-3611	Han Shaanxi	R1a1a1b2a2a3a	R1a1a	5	Resolved	R1a1a1b2	8	Resolved
111-1835-7696	Han Shaanxi	R1a1a1b2a2a3b	R1a1a	5	Resolved	R1a1a1b2	8	Resolved
990-0012-9446	Han Shaanxi	R1b	R1b*	5	Unresolved	R1b*	3	Unresolved
111-1818-9280	Han Shaanxi	R1b1a1a1b	R1b1a	5	Resolved	R1b1a1a	7	Resolved
111-1857-5922	Han Shaanxi	R2a2b1b2b2a1	R2a2b	5	Resolved	R2a	3	Resolved
111-1840-7056	Hui Shandong	C2a1a3a1	C2a1a	5	Resolved	C2a	3	Resolved
111-1641-4001	Hui Shandong	C2b1a2a2b1a2	C2b1a	5	Resolved	C2b1a2	6	Resolved
111-1842-3780	Hui Shandong	C2b1b1b2	C2b1b	5	Resolved	C2b1b	5	Resolved
111-1713-9330	Hui Shandong	D1a1a1a1a1b	D1a1a	5	Resolved	D1a1a1a1a1b*	11	Unresolved
111-1755-0791	Hui Shandong	J2a1a1b1a	J2a1a	5	Resolved	J2	2	Resolved
SD-JN-053_BB0_00	Han Shandong	N1a1a3	N1a1a	5	Resolved	N1a1a3	6	Resolved
111-1763-0899	Hui Shandong	N1a2a1a2	N1a2a	5	Resolved	N1a2	4	Resolved
SD-JN-324_BB0_00	Han Shandong	N1a2a1a2	N1a2a	5	Resolved	N1a2	4	Resolved
SD-JN-310_BB0_00	Han Shandong	N1a2a1a2	N1a2a	5	Resolved	N1a2	4	Resolved
111-1828-7986	Hui Shandong	N1a2b3	N1a2b	5	Resolved	N1a2	4	Resolved
SD-JN-243_BB0_00	Han Shandong	N1a3	N1a3*	5	Unresolved	N1a3	4	Resolved
SD-JN-222_BB0_00	Han Shandong	N1b2	N1b2*	5	Unresolved	N1b2*	4	Unresolved
SD-JN-128_BB0_00	Han Shandong	N1b2	N1b2*	5	Unresolved	N1b2*	4	Unresolved
SD-JN-143_BB0_00	Han Shandong	N1b2	N1b2*	5	Unresolved	N1b2*	4	Unresolved
SD-JN-205_BB0_00	Han Shandong	N1b2	N1b2*	5	Unresolved	N1b2*	4	Unresolved
Y6052	Hui Shandong	O1a1a1a1a1a1b	O1a1a	5	Resolved	O1a	3	Resolved
111-1221-5992	Hui Shandong	O1a1a1a1a1a1e2a	O1a1a	5	Resolved	O1a	3	Resolved
111-1471-2635	Hui Shandong	O1a1b1a2	O1a1b	5	Resolved	O1a	3	Resolved
111-1760-0472	Hui Shandong	O1b1a2c	O1b1a	5	Resolved	O1b1a2	6	Resolved
111-1234-4425	Hui Shandong	O2a1b1a1a1a1a1a1b1a	O2a1b	5	Resolved	O2a1b	5	Resolved
111-1520-2098	Hui Shandong	O2a1b1a1a1a1e2b	O2a1b	5	Resolved	O2a1b	5	Resolved
111-1232-6308	Hui Shandong	O2a1b1a2a1a1b1	O2a1b	5	Resolved	O2a1b	5	Resolved
111-1697-9418	Hui Shandong	O2a2a1a1b2b2a1a	O2a2a	5	Resolved	O2a2a1a1b	9	Resolved
111-1586-1233	Han Shandong	O2a2a1a2a1a1a1	O2a2a	5	Resolved	O2a2a1a2a1a1a1	14	Resolved
111-1819-6875	Han Shandong	O2a2a1a2a1a1a1	O2a2a	5	Resolved	O2a2a1a2a1a1a1	14	Resolved
111-1834-9011	Han Shandong	O2a2a1a2a1a1a1	O2a2a	5	Resolved	O2a2a1a2a1a1a1	14	Resolved
111-1516-9735	Han Shandong	O2a2a1a2a1a1a1a	O2a2a	5	Resolved	O2a2a1a2a1a1a1	14	Resolved
111-1731-0357	Han Shandong	O2a2a1a2a1a1a1a	O2a2a	5	Resolved	O2a2a1a2a1a1a1	14	Resolved
111-1795-5466	Han Shandong	O2a2a1a2a1a1a1a	O2a2a	5	Resolved	O2a2a1a2a1a1a1	14	Resolved
111-1799-5554	Han Shandong	O2a2a1a2a1a1a1a	O2a2a	5	Resolved	O2a2a1a2a1a1a1	14	Resolved
111-1804-3193	Han Shandong	O2a2a1a2a1a1a1a	O2a2a	5	Resolved	O2a2a1a2a1a1a1	14	Resolved
111-1836-4588	Han Shandong	O2a2a1a2a1a1a1a	O2a2a	5	Resolved	O2a2a1a2a1a1a1	14	Resolved
111-1761-2116	Han Shandong	O2a2a1a2a1a1a2a1a	O2a2a	5	Resolved	O2a2a1a2a1a1a2a1	16	Resolved
111-1814-6535	Han Shandong	O2a2a1a2a1a1a2a1a	O2a2a	5	Resolved	O2a2a1a2a1a1a2a1	16	Resolved
111-1640-9533	Han Shandong	O2a2a1a2a1a1b1	O2a2a	5	Resolved	O2a2a1a2a1a1b	13	Resolved
111-1764-6708	Han Shandong	O2a2a1a2a1a1b1	O2a2a	5	Resolved	O2a2a1a2a1a1b	13	Resolved
111-1703-2150	Han Shandong	O2a2a1a2a1a1b1a	O2a2a	5	Resolved	O2a2a1a2a1a1b	13	Resolved
111-1762-9879	Han Shandong	O2a2a1a2a1a1b1a	O2a2a	5	Resolved	O2a2a1a2a1a1b	13	Resolved
111-1782-6285	Han Shandong	O2a2a1a2a1a1b1a	O2a2a	5	Resolved	O2a2a1a2a1a1b	13	Resolved
111-1816-6311	Han Shandong	O2a2a1a2a1a1b1a	O2a2a	5	Resolved	O2a2a1a2a1a1b	13	Resolved
111-1183-7492	Hui Shandong	O2a2b1a1a1a1a1a1a1a4	O2a2b	5	Resolved	O2a2b1a1a1a1	12	Resolved
111-1236-3433	Hui Shandong	O2a2b1a2a1a1a2a1a1	O2a2b	5	Resolved	O2a2b1a2	8	Resolved
111-1824-9830	Hui Shandong	Q1a1a1a	Q1a1a	5	Resolved	Q1a1a1a*	7	Unresolved
111-1810-6010	Hui Shandong	Q1a1a1a	Q1a1a	5	Resolved	Q1a1a1a*	7	Unresolved
111-1756-3777	Hui Shandong	R1a1a1b2a2a2a1	R1a1a	5	Resolved	R1a1a1b2	8	Resolved
990-0000-3265	Hui Shandong	R1a1a1b2a2b2b	R1a1a	5	Resolved	R1a1a1b2	8	Resolved
111-1804-2912	Hui Shandong	R1a1a1b2a2b2b	R1a1a	5	Resolved	R1a1a1b2	8	Resolved
111-1768-1440	Hui Shandong	R2b1	R2b1*	5	Unresolved	R2b	3	Resolved
990-0000-1155	Hui Shandong	T1a3b2a1	T1a3b	5	Resolved	T	1	Resolved
990-0001-8948	Man Shandong	C2a1a2a2b	C2a1a	5	Resolved	C2a	3	Resolved
111-1401-3374	Man Shandong	C2a1a3a1	C2a1a	5	Resolved	C2a	3	Resolved
111-1824-6204	Man Shandong	C2a1b	C2a1b	5	Resolved	C2a	3	Resolved
111-1316-2844	Man Shandong	C2b1a2a2b1a	C2b1a	5	Resolved	C2b1a2	6	Resolved
111-1787-8895	Man Shandong	C2b1b1g1	C2b1b	5	Resolved	C2b1b	5	Resolved
111-1778-4844	Man Shandong	N1a2a1a2	N1a2a	5	Resolved	N1a2	4	Resolved
111-1307-4147	Man Shandong	O1a1a2b2	O1a1a	5	Resolved	O1a	3	Resolved
111-1722-6887	Man Shandong	O1b1a1b1a	O1b1a	5	Resolved	O1b1a1b	7	Resolved
111-1161-3775	Man Shandong	O1b1a1b1a1a	O1b1a	5	Resolved	O1b1a1b	7	Resolved
111-1725-7751	Man Shandong	O2a1b1a1a1a1e1	O2a1b	5	Resolved	O2a1b	5	Resolved
111-1725-8017	Man Shandong	O2a1b1a1a1a1e1	O2a1b	5	Resolved	O2a1b	5	Resolved
111-1831-6402	Man Shandong	O2a1b1a2a1a1a1	O2a1b	5	Resolved	O2a1b	5	Resolved
111-1657-7874	Man Shandong	O2a2b1a1a1c1a1a1	O2a2b	5	Resolved	O2a2b1a1a1c	11	Resolved
111-1727-1962	Man Shandong	O2a2b1a1a1c1a1a1	O2a2b	5	Resolved	O2a2b1a1a1c	11	Resolved
111-1724-2580	Man Shandong	O2a2b1a2a1a1a1a1a1a1a	O2a2b	5	Resolved	O2a2b1a2	8	Resolved
111-1757-7491	Man Shandong	O2a2b1a2a1a1a2a1a1	O2a2b	5	Resolved	O2a2b1a2	8	Resolved
111-1315-2319	Man Shandong	O2a2b1a2a1a1a2a1a1a	O2a2b	5	Resolved	O2a2b1a2	8	Resolved
111-1225-2416	Man Shandong	O2a2b1a2a1a1b1b2b1	O2a2b	5	Resolved	O2a2b1a2	8	Resolved
111-1278-4726	Man Shandong	Q1a1a1	Q1a1a	5	Resolved	Q1a1a1*	6	Unresolved
111-1738-5850	Man Shandong	R1b2b	R1b2b	5	Resolved	R1b2	4	Resolved
JS-399_BB0_00	Zang Sichuan	D1a1a1a1b	D1a1a	5	Resolved	D1a1a1a1b*	9	Unresolved
GSRD008134A00_BB0_02	Zang Sichuan	D1a1b1a	D1a1b	5	Resolved	D1a1b	5	Resolved
GSRD008033A01_BB1_01	Zang Sichuan	D1a1b1a3	D1a1b	5	Resolved	D1a1b	5	Resolved
GSRD008133A00_BB0_01-jiace1	Zang Sichuan	D1a1b1a3	D1a1b	5	Resolved	D1a1b	5	Resolved
GSRD008116A00_BB0_01	Zang Sichuan	D1a1b1a3	D1a1b	5	Resolved	D1a1b	5	Resolved
GSRD005801A00_BB0_01-jiace1	Zang Sichuan	O2a2b1a1a1a4a	O2a2b	5	Resolved	O2a2b1a1a1a4a*	13	Unresolved
GSRD010492A00_BB1_01	Zang Sichuan	O2a2b1a1a1e2a	O2a2b	5	Resolved	O2a2b1a1a1e	11	Resolved
990-0013-1227	Han Sichuan	C1b1a2b	C1b1a	5	Resolved	C1b1a2	6	Resolved
990-0013-1210	Han Sichuan	C1b1a2b	C1b1a	5	Resolved	C1b1a2	6	Resolved
111-1866-1274	Han Sichuan	C1b1a2b	C1b1a	5	Resolved	C1b1a2	6	Resolved
990-0013-1302	Han Sichuan	C1b1a2b	C1b1a	5	Resolved	C1b1a2	6	Resolved
111-1867-4854	Han Sichuan	C1b1a2b	C1b1a	5	Resolved	C1b1a2	6	Resolved
111-1901-2501	Han Sichuan	C1b1a2b	C1b1a	5	Resolved	C1b1a2	6	Resolved
111-1908-9992	Han Sichuan	C1b1a2b	C1b1a	5	Resolved	C1b1a2	6	Resolved
111-1724-9619	Han Sichuan	C1b1a2b	C1b1a	5	Resolved	C1b1a2	6	Resolved
111-1839-5759	Han Sichuan	C2a1a	C2a1a	5	Resolved	C2a	3	Resolved
Y5614	Han Sichuan	C2a1a1b1a	C2a1a	5	Resolved	C2a	3	Resolved
Y6035	Han Sichuan	C2a1a1b1a	C2a1a	5	Resolved	C2a	3	Resolved
000-0500-2193	Han Sichuan	C2a1a1b1a	C2a1a	5	Resolved	C2a	3	Resolved
000-0500-2096	Han Sichuan	C2a1a1b1a	C2a1a	5	Resolved	C2a	3	Resolved
111-1910-4909	Han Sichuan	C2a1a1b1a	C2a1a	5	Resolved	C2a	3	Resolved
111-1919-3330	Han Sichuan	C2a1a1b1a	C2a1a	5	Resolved	C2a	3	Resolved
000-0500-2263	Han Sichuan	C2a1a1b1a	C2a1a	5	Resolved	C2a	3	Resolved
000-0500-2246	Han Sichuan	C2a1a1b1a	C2a1a	5	Resolved	C2a	3	Resolved
000-0500-2275	Han Sichuan	C2a1a1b1a	C2a1a	5	Resolved	C2a	3	Resolved
000-0500-1812	Han Sichuan	C2a1a3	C2a1a	5	Resolved	C2a	3	Resolved
111-1860-4011	Han Sichuan	C2a1a3a6	C2a1a	5	Resolved	C2a	3	Resolved
111-1855-8048	Han Sichuan	C2a1a3a6a	C2a1a	5	Resolved	C2a	3	Resolved
111-1857-3546	Han Sichuan	C2a1a3a6a	C2a1a	5	Resolved	C2a	3	Resolved
111-1809-3815	Han Sichuan	C2b1	C2b1*	5	Unresolved	C2b1*	4	Unresolved
111-1582-1695	Han Sichuan	C2b1a1	C2b1a	5	Resolved	C2b1a1*	6	Unresolved
111-1892-3587	Han Sichuan	C2b1a1a1a1	C2b1a	5	Resolved	C2b1a1a	7	Resolved
111-1769-9780	Han Sichuan	C2b1a1a1a1	C2b1a	5	Resolved	C2b1a1a	7	Resolved
111-1870-5336	Han Sichuan	C2b1a1a1a1	C2b1a	5	Resolved	C2b1a1a	7	Resolved
111-1897-9171	Han Sichuan	C2b1a1a2	C2b1a	5	Resolved	C2b1a1a	7	Resolved
111-1173-7082	Han Sichuan	C2b1a2a1a1	C2b1a	5	Resolved	C2b1a2	6	Resolved
111-1841-6478	Han Sichuan	C2b1a2a1a2	C2b1a	5	Resolved	C2b1a2	6	Resolved
111-1771-7637	Han Sichuan	C2b1a2a2	C2b1a	5	Resolved	C2b1a2	6	Resolved
111-1902-4689	Han Sichuan	C2b1a2a2	C2b1a	5	Resolved	C2b1a2	6	Resolved
111-1736-2080	Han Sichuan	C2b1a2a2	C2b1a	5	Resolved	C2b1a2	6	Resolved
111-1906-7020	Han Sichuan	C2b1a2a2	C2b1a	5	Resolved	C2b1a2	6	Resolved
111-1302-6054	Han Sichuan	C2b1a2a2	C2b1a	5	Resolved	C2b1a2	6	Resolved
111-1883-6580	Han Sichuan	C2b1a2a2	C2b1a	5	Resolved	C2b1a2	6	Resolved
111-1907-3304	Han Sichuan	C2b1a2a2	C2b1a	5	Resolved	C2b1a2	6	Resolved
111-1793-6359	Han Sichuan	C2b1a2a2	C2b1a	5	Resolved	C2b1a2	6	Resolved
111-1870-0676	Han Sichuan	C2b1a2a2	C2b1a	5	Resolved	C2b1a2	6	Resolved
111-1894-1536	Han Sichuan	C2b1a2a2	C2b1a	5	Resolved	C2b1a2	6	Resolved
111-1323-6019	Han Sichuan	C2b1a2a2	C2b1a	5	Resolved	C2b1a2	6	Resolved
111-1866-5241	Han Sichuan	C2b1a2a2a	C2b1a	5	Resolved	C2b1a2	6	Resolved
111-1842-1021	Han Sichuan	C2b1a2a2b1a	C2b1a	5	Resolved	C2b1a2	6	Resolved
111-1914-8002	Han Sichuan	C2b1a2a2b1a	C2b1a	5	Resolved	C2b1a2	6	Resolved
111-1791-9697	Han Sichuan	C2b1a2a2b1a2	C2b1a	5	Resolved	C2b1a2	6	Resolved
990-0001-4810	Han Sichuan	C2b1a2a2b1a2	C2b1a	5	Resolved	C2b1a2	6	Resolved
111-1292-2265	Han Sichuan	C2b1a2a2b1a2	C2b1a	5	Resolved	C2b1a2	6	Resolved
111-1889-0087	Han Sichuan	C2b1a2a2b1a2	C2b1a	5	Resolved	C2b1a2	6	Resolved
990-0012-7954	Han Sichuan	C2b1a2a2b1a2a	C2b1a	5	Resolved	C2b1a2	6	Resolved
111-1372-1478	Han Sichuan	C2b1a2a2b1a2a	C2b1a	5	Resolved	C2b1a2	6	Resolved
111-1725-5924	Han Sichuan	C2b1a2a2b1a2a	C2b1a	5	Resolved	C2b1a2	6	Resolved
111-1845-6337	Han Sichuan	C2b1a2a2b1a2a	C2b1a	5	Resolved	C2b1a2	6	Resolved
111-1858-6447	Han Sichuan	C2b1a2a2b1a2a	C2b1a	5	Resolved	C2b1a2	6	Resolved
111-1740-8979	Han Sichuan	C2b1a2a2b1a2a	C2b1a	5	Resolved	C2b1a2	6	Resolved
111-1360-1107	Han Sichuan	C2b1a2b	C2b1a	5	Resolved	C2b1a2	6	Resolved
111-1797-3408	Han Sichuan	C2b1a2b	C2b1a	5	Resolved	C2b1a2	6	Resolved
990-0000-4347	Han Sichuan	C2b1a2b1	C2b1a	5	Resolved	C2b1a2	6	Resolved
111-1163-0277	Han Sichuan	C2b1a2b2	C2b1a	5	Resolved	C2b1a2	6	Resolved
111-1738-4693	Han Sichuan	C2b1b1	C2b1b	5	Resolved	C2b1b	5	Resolved
111-1753-3848	Han Sichuan	C2b1b1	C2b1b	5	Resolved	C2b1b	5	Resolved
111-1839-6114	Han Sichuan	C2b1b1	C2b1b	5	Resolved	C2b1b	5	Resolved
111-1926-1848	Han Sichuan	C2b1b1	C2b1b	5	Resolved	C2b1b	5	Resolved
111-1852-4029	Han Sichuan	C2b1b1	C2b1b	5	Resolved	C2b1b	5	Resolved
Y5723	Han Sichuan	C2b1b1b2	C2b1b	5	Resolved	C2b1b	5	Resolved
111-1741-9586	Han Sichuan	C2b1b1b2	C2b1b	5	Resolved	C2b1b	5	Resolved
111-1533-3266	Han Sichuan	C2b1b1b2	C2b1b	5	Resolved	C2b1b	5	Resolved
111-1927-5852	Han Sichuan	C2b1b1b2	C2b1b	5	Resolved	C2b1b	5	Resolved
111-1854-9657	Han Sichuan	C2b1b1b2	C2b1b	5	Resolved	C2b1b	5	Resolved
111-1916-8963	Han Sichuan	C2b1b1b2	C2b1b	5	Resolved	C2b1b	5	Resolved
111-1883-5118	Han Sichuan	C2b1b1b2	C2b1b	5	Resolved	C2b1b	5	Resolved
111-1223-5006	Han Sichuan	C2b1b1b2	C2b1b	5	Resolved	C2b1b	5	Resolved
111-1897-5173	Han Sichuan	C2b1b1b2	C2b1b	5	Resolved	C2b1b	5	Resolved
111-1791-2773	Han Sichuan	C2b1b1b2	C2b1b	5	Resolved	C2b1b	5	Resolved
111-1743-7115	Han Sichuan	C2b1b1b2	C2b1b	5	Resolved	C2b1b	5	Resolved
111-1261-7550	Han Sichuan	C2b1b1b2	C2b1b	5	Resolved	C2b1b	5	Resolved
111-1846-9160	Han Sichuan	C2b1b1b2	C2b1b	5	Resolved	C2b1b	5	Resolved
111-1866-2554	Han Sichuan	C2b1b1b2	C2b1b	5	Resolved	C2b1b	5	Resolved
111-1853-2444	Han Sichuan	C2b1b1b2	C2b1b	5	Resolved	C2b1b	5	Resolved
111-1356-9551	Han Sichuan	C2b1b1b2a1	C2b1b	5	Resolved	C2b1b	5	Resolved
111-1798-5630	Han Sichuan	C2b1b1b2a1	C2b1b	5	Resolved	C2b1b	5	Resolved
111-1329-4477	Han Sichuan	C2b1b1b2a1	C2b1b	5	Resolved	C2b1b	5	Resolved
111-1256-5165	Han Sichuan	C2b1b1b2a2	C2b1b	5	Resolved	C2b1b	5	Resolved
111-1852-0526	Han Sichuan	C2b1b1b2a2	C2b1b	5	Resolved	C2b1b	5	Resolved
111-1812-6117	Han Sichuan	C2b1b1b2a2	C2b1b	5	Resolved	C2b1b	5	Resolved
111-1880-9119	Han Sichuan	C2b1b1b2a2	C2b1b	5	Resolved	C2b1b	5	Resolved
111-1810-9684	Han Sichuan	C2b1b1b2a2	C2b1b	5	Resolved	C2b1b	5	Resolved
111-1773-6430	Han Sichuan	C2b1b1b3	C2b1b	5	Resolved	C2b1b	5	Resolved
111-1786-0289	Han Sichuan	C2b1b1b3	C2b1b	5	Resolved	C2b1b	5	Resolved
111-1802-3997	Han Sichuan	C2b1b1d	C2b1b	5	Resolved	C2b1b	5	Resolved
111-1859-4602	Han Sichuan	C2b1b1d	C2b1b	5	Resolved	C2b1b	5	Resolved
111-1336-7591	Han Sichuan	C2b1b1d1a	C2b1b	5	Resolved	C2b1b	5	Resolved
111-1872-2395	Han Sichuan	C2b1b1d1a	C2b1b	5	Resolved	C2b1b	5	Resolved
990-0000-5443	Han Sichuan	C2b1b1d1a	C2b1b	5	Resolved	C2b1b	5	Resolved
111-1888-4789	Han Sichuan	C2b1b1d1a	C2b1b	5	Resolved	C2b1b	5	Resolved
990-0000-3784	Han Sichuan	C2b1b1d1a	C2b1b	5	Resolved	C2b1b	5	Resolved
111-1824-4255	Han Sichuan	C2b1b1g1	C2b1b	5	Resolved	C2b1b	5	Resolved
111-1859-4749	Han Sichuan	C2b1b1i	C2b1b	5	Resolved	C2b1b	5	Resolved
111-1866-3834	Han Sichuan	C2b1b1i	C2b1b	5	Resolved	C2b1b	5	Resolved
111-1788-0157	Han Sichuan	C2b1b1i	C2b1b	5	Resolved	C2b1b	5	Resolved
111-1714-0558	Han Sichuan	C2b1b1i	C2b1b	5	Resolved	C2b1b	5	Resolved
111-1796-0347	Han Sichuan	C2b1b1i	C2b1b	5	Resolved	C2b1b	5	Resolved
111-1809-5550	Han Sichuan	C2b1b1i	C2b1b	5	Resolved	C2b1b	5	Resolved
111-1837-5867	Han Sichuan	C2b1b1i	C2b1b	5	Resolved	C2b1b	5	Resolved
111-1850-7824	Han Sichuan	C2b1b1i	C2b1b	5	Resolved	C2b1b	5	Resolved
111-1494-9598	Han Sichuan	C2b1b1i	C2b1b	5	Resolved	C2b1b	5	Resolved
111-1571-0111	Han Sichuan	C2b1b1i	C2b1b	5	Resolved	C2b1b	5	Resolved
111-1925-4987	Han Sichuan	C2b1b1i	C2b1b	5	Resolved	C2b1b	5	Resolved
111-1774-1212	Han Sichuan	C2b1b1i	C2b1b	5	Resolved	C2b1b	5	Resolved
111-1698-2340	Han Sichuan	C2b1b1i	C2b1b	5	Resolved	C2b1b	5	Resolved
990-0012-1068	Han Sichuan	C2b1b1i	C2b1b	5	Resolved	C2b1b	5	Resolved
990-0012-6902	Han Sichuan	C2b1b1i	C2b1b	5	Resolved	C2b1b	5	Resolved
990-0012-4489	Han Sichuan	C2b1b1i	C2b1b	5	Resolved	C2b1b	5	Resolved
111-1406-4123	Han Sichuan	C2b1b1i	C2b1b	5	Resolved	C2b1b	5	Resolved
111-1902-0629	Han Sichuan	C2b1b1i	C2b1b	5	Resolved	C2b1b	5	Resolved
111-1851-8004	Han Sichuan	C2b1b1i	C2b1b	5	Resolved	C2b1b	5	Resolved
111-1809-2993	Han Sichuan	C2b1b1j	C2b1b	5	Resolved	C2b1b	5	Resolved
111-1699-9591	Han Sichuan	C2b2	C2b2*	5	Unresolved	C2b2	4	Resolved
111-1660-0190	Han Sichuan	C2b2	C2b2*	5	Unresolved	C2b2	4	Resolved
111-1645-4472	Han Sichuan	C2b2	C2b2*	5	Unresolved	C2b2	4	Resolved
111-1928-9118	Han Sichuan	D1a1a1a1a1b	D1a1a	5	Resolved	D1a1a1a1a1b*	11	Unresolved
111-1844-4488	Han Sichuan	D1a1a1a1a1b	D1a1a	5	Resolved	D1a1a1a1a1b*	11	Unresolved
990-0000-6167	Han Sichuan	D1a1a1a1a1b	D1a1a	5	Resolved	D1a1a1a1a1b*	11	Unresolved
990-0000-1636	Han Sichuan	D1a1a1a1a1b	D1a1a	5	Resolved	D1a1a1a1a1b*	11	Unresolved
111-1796-8084	Han Sichuan	D1a1a1a1a1b	D1a1a	5	Resolved	D1a1a1a1a1b*	11	Unresolved
111-1820-9476	Han Sichuan	D1a1a1a1a1b	D1a1a	5	Resolved	D1a1a1a1a1b*	11	Unresolved
990-0011-6460	Han Sichuan	D1a1a1a1a1b	D1a1a	5	Resolved	D1a1a1a1a1b*	11	Unresolved
990-0012-4311	Han Sichuan	D1a1a1a1a1b	D1a1a	5	Resolved	D1a1a1a1a1b*	11	Unresolved
111-1906-8539	Han Sichuan	D1a1a1a1a1b	D1a1a	5	Resolved	D1a1a1a1a1b*	11	Unresolved
111-1820-2804	Han Sichuan	D1a1a1a1a1b	D1a1a	5	Resolved	D1a1a1a1a1b*	11	Unresolved
111-1911-0337	Han Sichuan	D1a1a1a1a1b	D1a1a	5	Resolved	D1a1a1a1a1b*	11	Unresolved
111-1217-2431	Han Sichuan	D1a1a1a1a1b	D1a1a	5	Resolved	D1a1a1a1a1b*	11	Unresolved
111-1873-8167	Han Sichuan	D1a1a1a1a1b	D1a1a	5	Resolved	D1a1a1a1a1b*	11	Unresolved
111-1912-4976	Han Sichuan	D1a1a1a1a1b	D1a1a	5	Resolved	D1a1a1a1a1b*	11	Unresolved
111-1843-5769	Han Sichuan	D1a1a1a1a1b	D1a1a	5	Resolved	D1a1a1a1a1b*	11	Unresolved
111-1825-7866	Han Sichuan	D1a1a1a1a1b	D1a1a	5	Resolved	D1a1a1a1a1b*	11	Unresolved
990-0002-6066	Han Sichuan	D1a1a1a1a1b	D1a1a	5	Resolved	D1a1a1a1a1b*	11	Unresolved
111-1893-7072	Han Sichuan	D1a1a1a1a1b	D1a1a	5	Resolved	D1a1a1a1a1b*	11	Unresolved
111-1917-9501	Han Sichuan	D1a1a1a1a1b	D1a1a	5	Resolved	D1a1a1a1a1b*	11	Unresolved
111-1839-5469	Han Sichuan	D1a1a1a1a1b	D1a1a	5	Resolved	D1a1a1a1a1b*	11	Unresolved
111-1860-5063	Han Sichuan	D1a1a1a1a1b	D1a1a	5	Resolved	D1a1a1a1a1b*	11	Unresolved
111-1280-4950	Han Sichuan	D1a1a1a1a1b1	D1a1a	5	Resolved	D1a1a1a1a1b1	12	Resolved
111-1825-0768	Han Sichuan	D1a1a1a1a1b1	D1a1a	5	Resolved	D1a1a1a1a1b1	12	Resolved
111-1898-8531	Han Sichuan	D1a1a1a1a1b1	D1a1a	5	Resolved	D1a1a1a1a1b1	12	Resolved
111-1644-3384	Han Sichuan	D1a1a1a1b	D1a1a	5	Resolved	D1a1a1a1b*	9	Unresolved
111-1629-7840	Han Sichuan	D1a1a1a1b	D1a1a	5	Resolved	D1a1a1a1b*	9	Unresolved
111-1820-1401	Han Sichuan	D1a1a1a1b	D1a1a	5	Resolved	D1a1a1a1b*	9	Unresolved
111-1301-4501	Han Sichuan	D1a1a1a1b	D1a1a	5	Resolved	D1a1a1a1b*	9	Unresolved
111-1770-0790	Han Sichuan	D1a1a1a1b	D1a1a	5	Resolved	D1a1a1a1b*	9	Unresolved
111-1667-5662	Han Sichuan	D1a1a1a1b	D1a1a	5	Resolved	D1a1a1a1b*	9	Unresolved
111-1842-9263	Han Sichuan	D1a1a1a1b	D1a1a	5	Resolved	D1a1a1a1b*	9	Unresolved
111-1628-4475	Han Sichuan	D1a1a1a1b	D1a1a	5	Resolved	D1a1a1a1b*	9	Unresolved
000-0500-1874	Han Sichuan	D1a1a1b1b	D1a1a	5	Resolved	D1a1a1b	7	Resolved
111-1212-9404	Han Sichuan	D1a1a1b2	D1a1a	5	Resolved	D1a1a1b	7	Resolved
111-1529-6509	Han Sichuan	D1a1a1b2	D1a1a	5	Resolved	D1a1a1b	7	Resolved
023-0000-2548	Han Sichuan	F2	F2*	5	Unresolved	F2	2	Resolved
023-0000-2466	Han Sichuan	F2	F2*	5	Unresolved	F2	2	Resolved
111-1826-3294	Han Sichuan	G1a1a2	G1a1a	5	Resolved	G	1	Resolved
111-1813-4662	Han Sichuan	G1a1a2	G1a1a	5	Resolved	G	1	Resolved
111-1871-7872	Han Sichuan	J1a2b1b2	J1a2b	5	Resolved	J1	2	Resolved
111-1846-7708	Han Sichuan	J2a1a1b2a1a2	J2a1a	5	Resolved	J2	2	Resolved
111-1665-6470	Han Sichuan	J2a1a1b2a1a2	J2a1a	5	Resolved	J2	2	Resolved
111-1737-4892	Han Sichuan	J2b2a2a	J2b2a	5	Resolved	J2	2	Resolved
111-1192-1436	Han Sichuan	N	N*	5	Unresolved	N*	1	Unresolved
111-1785-8613	Han Sichuan	N1a	N1a*	5	Unresolved	N1a*	3	Unresolved
GSRD009051A00_BB0_01	Han Sichuan	N1a	N1a*	5	Unresolved	N1a*	3	Unresolved
111-1830-6205	Han Sichuan	N1a1a1a1a2a1c1a	N1a1a	5	Resolved	N1a1a1	6	Resolved
111-1831-2954	Han Sichuan	N1a1a3	N1a1a	5	Resolved	N1a1a3	6	Resolved
111-1857-3058	Han Sichuan	N1a1a3	N1a1a	5	Resolved	N1a1a3	6	Resolved
111-1635-6417	Han Sichuan	N1a1a3	N1a1a	5	Resolved	N1a1a3	6	Resolved
111-1826-9371	Han Sichuan	N1a1a3	N1a1a	5	Resolved	N1a1a3	6	Resolved
990-0011-7559	Han Sichuan	N1a1a3	N1a1a	5	Resolved	N1a1a3	6	Resolved
111-1815-7678	Han Sichuan	N1a1a3	N1a1a	5	Resolved	N1a1a3	6	Resolved
111-1825-0096	Han Sichuan	N1a1a3	N1a1a	5	Resolved	N1a1a3	6	Resolved
GSRD003227A00_BB0_01	Han Sichuan	N1a1a3	N1a1a	5	Resolved	N1a1a3	6	Resolved
GSRD007563A00_BW0_01	Han Sichuan	N1a1a3	N1a1a	5	Resolved	N1a1a3	6	Resolved
GSRD007591A00_BW0_01	Han Sichuan	N1a1a3	N1a1a	5	Resolved	N1a1a3	6	Resolved
GSRD007696A00_BW0_01	Han Sichuan	N1a1a3	N1a1a	5	Resolved	N1a1a3	6	Resolved
GSRD008668A00_BB0_01	Han Sichuan	N1a1a3	N1a1a	5	Resolved	N1a1a3	6	Resolved
GSRD009339A00_BB0_01	Han Sichuan	N1a1a3	N1a1a	5	Resolved	N1a1a3	6	Resolved
Chuan10085A00_BB0_00	Han Sichuan	N1a1a3	N1a1a	5	Resolved	N1a1a3	6	Resolved
GSRD009325A00_BB0_01	Han Sichuan	N1a1a3	N1a1a	5	Resolved	N1a1a3	6	Resolved
111-1891-7333	Han Sichuan	N1a2a	N1a2a	5	Resolved	N1a2	4	Resolved
GSRD002231A01_BB1_01-jiace1	Han Sichuan	N1a2a	N1a2a	5	Resolved	N1a2	4	Resolved
GSRD007785A00_BW0_01	Han Sichuan	N1a2a	N1a2a	5	Resolved	N1a2	4	Resolved
111-1243-4744	Han Sichuan	N1a2a1	N1a2a	5	Resolved	N1a2	4	Resolved
Chuan-177_BB0_00	Han Sichuan	N1a2a1	N1a2a	5	Resolved	N1a2	4	Resolved
Y6060	Han Sichuan	N1a2a1a2	N1a2a	5	Resolved	N1a2	4	Resolved
111-1273-0761	Han Sichuan	N1a2a1a2	N1a2a	5	Resolved	N1a2	4	Resolved
111-1743-8433	Han Sichuan	N1a2a1a2	N1a2a	5	Resolved	N1a2	4	Resolved
GSRD003156A00_BB0_01	Han Sichuan	N1a2a1a2	N1a2a	5	Resolved	N1a2	4	Resolved
GSRD007898A00_BW0_01	Han Sichuan	N1a2a1a2	N1a2a	5	Resolved	N1a2	4	Resolved
GSRD008760A00_BB0_01	Han Sichuan	N1a2a1a2	N1a2a	5	Resolved	N1a2	4	Resolved
GSRD008779A00_TS1_01-jiace1	Han Sichuan	N1a2a1a2	N1a2a	5	Resolved	N1a2	4	Resolved
111-1661-9147	Han Sichuan	N1a3	N1a3*	5	Unresolved	N1a3	4	Resolved
111-1729-1427	Han Sichuan	N1a3	N1a3*	5	Unresolved	N1a3	4	Resolved
111-1220-0837	Han Sichuan	N1a3	N1a3*	5	Unresolved	N1a3	4	Resolved
111-1342-7967	Han Sichuan	N1a3	N1a3*	5	Unresolved	N1a3	4	Resolved
GSRD500629A00_BB0_01-jiace1	Han Sichuan	N1a3	N1a3*	5	Unresolved	N1a3	4	Resolved
111-1863-8382	Han Sichuan	N1b1	N1b1*	5	Unresolved	N1b1*	4	Unresolved
111-1843-6896	Han Sichuan	N1b1a2b	N1b1a	5	Resolved	N1b1a	5	Resolved
GSRD003291A00_BB1_01-jiace1	Han Sichuan	N1b1a2b	N1b1a	5	Resolved	N1b1a	5	Resolved
111-1837-7342	Han Sichuan	N1b1a2b1	N1b1a	5	Resolved	N1b1a	5	Resolved
111-1856-7460	Han Sichuan	N1b1b	N1b1b	5	Resolved	N1b1b	5	Resolved
111-1909-1308	Han Sichuan	N1b1b	N1b1b	5	Resolved	N1b1b	5	Resolved
111-1895-5090	Han Sichuan	N1b1b	N1b1b	5	Resolved	N1b1b	5	Resolved
GSRD003230A00_BB0_01	Han Sichuan	N1b1b	N1b1b	5	Resolved	N1b1b	5	Resolved
GSRD006262A00_BW0_01	Han Sichuan	N1b1b1	N1b1b	5	Resolved	N1b1b	5	Resolved
Y5556	Han Sichuan	N1b2	N1b2*	5	Unresolved	N1b2*	4	Unresolved
Y5567	Han Sichuan	N1b2	N1b2*	5	Unresolved	N1b2*	4	Unresolved
Y5718	Han Sichuan	N1b2	N1b2*	5	Unresolved	N1b2*	4	Unresolved
Y5907	Han Sichuan	N1b2	N1b2*	5	Unresolved	N1b2*	4	Unresolved
Y5933	Han Sichuan	N1b2	N1b2*	5	Unresolved	N1b2*	4	Unresolved
990-0000-1575	Han Sichuan	N1b2	N1b2*	5	Unresolved	N1b2*	4	Unresolved
111-1857-1146	Han Sichuan	N1b2	N1b2*	5	Unresolved	N1b2*	4	Unresolved
111-1857-9319	Han Sichuan	N1b2	N1b2*	5	Unresolved	N1b2*	4	Unresolved
111-1803-6003	Han Sichuan	N1b2	N1b2*	5	Unresolved	N1b2*	4	Unresolved
111-1332-8967	Han Sichuan	N1b2	N1b2*	5	Unresolved	N1b2*	4	Unresolved
111-1853-4066	Han Sichuan	N1b2	N1b2*	5	Unresolved	N1b2*	4	Unresolved
111-1849-0485	Han Sichuan	N1b2	N1b2*	5	Unresolved	N1b2*	4	Unresolved
111-1853-2536	Han Sichuan	N1b2	N1b2*	5	Unresolved	N1b2*	4	Unresolved
111-1851-8028	Han Sichuan	N1b2	N1b2*	5	Unresolved	N1b2*	4	Unresolved
111-1914-2604	Han Sichuan	N1b2	N1b2*	5	Unresolved	N1b2*	4	Unresolved
111-1771-1987	Han Sichuan	N1b2	N1b2*	5	Unresolved	N1b2*	4	Unresolved
111-1690-3949	Han Sichuan	N1b2	N1b2*	5	Unresolved	N1b2*	4	Unresolved
111-1866-7894	Han Sichuan	N1b2	N1b2*	5	Unresolved	N1b2*	4	Unresolved
111-1537-0230	Han Sichuan	N1b2	N1b2*	5	Unresolved	N1b2*	4	Unresolved
111-1670-4522	Han Sichuan	N1b2	N1b2*	5	Unresolved	N1b2*	4	Unresolved
111-1836-0061	Han Sichuan	N1b2	N1b2*	5	Unresolved	N1b2*	4	Unresolved
111-1906-5095	Han Sichuan	N1b2	N1b2*	5	Unresolved	N1b2*	4	Unresolved
111-1869-3268	Han Sichuan	N1b2	N1b2*	5	Unresolved	N1b2*	4	Unresolved
111-1776-7786	Han Sichuan	N1b2	N1b2*	5	Unresolved	N1b2*	4	Unresolved
111-1903-5906	Han Sichuan	N1b2	N1b2*	5	Unresolved	N1b2*	4	Unresolved
111-1902-7055	Han Sichuan	N1b2	N1b2*	5	Unresolved	N1b2*	4	Unresolved
111-1889-3170	Han Sichuan	N1b2	N1b2*	5	Unresolved	N1b2*	4	Unresolved
111-1916-2299	Han Sichuan	N1b2	N1b2*	5	Unresolved	N1b2*	4	Unresolved
990-0001-1550	Han Sichuan	N1b2	N1b2*	5	Unresolved	N1b2*	4	Unresolved
111-1658-2496	Han Sichuan	N1b2	N1b2*	5	Unresolved	N1b2*	4	Unresolved
111-1909-9816	Han Sichuan	N1b2	N1b2*	5	Unresolved	N1b2*	4	Unresolved
111-1740-2113	Han Sichuan	N1b2	N1b2*	5	Unresolved	N1b2*	4	Unresolved
111-1816-3563	Han Sichuan	N1b2	N1b2*	5	Unresolved	N1b2*	4	Unresolved
111-1888-6714	Han Sichuan	N1b2	N1b2*	5	Unresolved	N1b2*	4	Unresolved
111-1911-5165	Han Sichuan	N1b2	N1b2*	5	Unresolved	N1b2*	4	Unresolved
111-1652-6759	Han Sichuan	N1b2	N1b2*	5	Unresolved	N1b2*	4	Unresolved
111-1715-3329	Han Sichuan	N1b2	N1b2*	5	Unresolved	N1b2*	4	Unresolved
111-1502-1538	Han Sichuan	N1b2	N1b2*	5	Unresolved	N1b2*	4	Unresolved
111-1256-1617	Han Sichuan	N1b2	N1b2*	5	Unresolved	N1b2*	4	Unresolved
111-1757-5206	Han Sichuan	N1b2	N1b2*	5	Unresolved	N1b2*	4	Unresolved
111-1642-7513	Han Sichuan	N1b2	N1b2*	5	Unresolved	N1b2*	4	Unresolved
111-1660-8172	Han Sichuan	N1b2	N1b2*	5	Unresolved	N1b2*	4	Unresolved
111-1892-9497	Han Sichuan	N1b2	N1b2*	5	Unresolved	N1b2*	4	Unresolved
111-1677-4341	Han Sichuan	N1b2	N1b2*	5	Unresolved	N1b2*	4	Unresolved
111-1660-8530	Han Sichuan	N1b2	N1b2*	5	Unresolved	N1b2*	4	Unresolved
111-1652-6551	Han Sichuan	N1b2	N1b2*	5	Unresolved	N1b2*	4	Unresolved
111-1630-8416	Han Sichuan	N1b2	N1b2*	5	Unresolved	N1b2*	4	Unresolved
111-1710-8572	Han Sichuan	N1b2	N1b2*	5	Unresolved	N1b2*	4	Unresolved
Chuan10373A00_BB0_00	Han Sichuan	N1b2	N1b2*	5	Unresolved	N1b2*	4	Unresolved
Chuan10394A00_BB0_00	Han Sichuan	N1b2	N1b2*	5	Unresolved	N1b2*	4	Unresolved
GSRD005854A00_BB0_01	Han Sichuan	N1b2	N1b2*	5	Unresolved	N1b2*	4	Unresolved
GSRD009054A01_BB0_01	Han Sichuan	N1b2	N1b2*	5	Unresolved	N1b2*	4	Unresolved
Chuan-150_BB0_00	Han Sichuan	N1b2	N1b2*	5	Unresolved	N1b2*	4	Unresolved
Chuan10345A00_BB0_00	Han Sichuan	N1b2	N1b2*	5	Unresolved	N1b2*	4	Unresolved
GSRD002183A00_BB0_01	Han Sichuan	N1b2	N1b2*	5	Unresolved	N1b2*	4	Unresolved
GSRD007057A00_BW0_01-jiace1	Han Sichuan	N1b2	N1b2*	5	Unresolved	N1b2*	4	Unresolved
GSRD007456A00_BW0_01	Han Sichuan	N1b2	N1b2*	5	Unresolved	N1b2*	4	Unresolved
GSRD007482A00_BW0_01	Han Sichuan	N1b2	N1b2*	5	Unresolved	N1b2*	4	Unresolved
GSRD007780A00_BW0_01	Han Sichuan	N1b2	N1b2*	5	Unresolved	N1b2*	4	Unresolved
GSRD007825A00_BW0_01	Han Sichuan	N1b2	N1b2*	5	Unresolved	N1b2*	4	Unresolved
GSRD008605A00_BB0_01	Han Sichuan	N1b2	N1b2*	5	Unresolved	N1b2*	4	Unresolved
GSRD008617A00_BB0_02	Han Sichuan	N1b2	N1b2*	5	Unresolved	N1b2*	4	Unresolved
GSRD008866A00_TS1_02	Han Sichuan	N1b2	N1b2*	5	Unresolved	N1b2*	4	Unresolved
GSRD008986A00_BB0_01	Han Sichuan	N1b2	N1b2*	5	Unresolved	N1b2*	4	Unresolved
GSRD009164A00_BB0_01	Han Sichuan	N1b2	N1b2*	5	Unresolved	N1b2*	4	Unresolved
GSRD002183A01_BB1_01	Han Sichuan	N1b2	N1b2*	5	Unresolved	N1b2*	4	Unresolved
Chuan10035A00_BB0_00	Han Sichuan	N1b2	N1b2*	5	Unresolved	N1b2*	4	Unresolved
Chuan10008A00_BB0_00	Han Sichuan	N1b2	N1b2*	5	Unresolved	N1b2*	4	Unresolved
GSRD001545A00_BB0_00	Han Sichuan	N1b2	N1b2*	5	Unresolved	N1b2*	4	Unresolved
GSRD009688A00_BB0_00	Han Sichuan	N1b2	N1b2*	5	Unresolved	N1b2*	4	Unresolved
GSRD009711A00_BB0_00	Han Sichuan	N1b2	N1b2*	5	Unresolved	N1b2*	4	Unresolved
YSW00564A00_BB0_00	Han Sichuan	N1b2	N1b2*	5	Unresolved	N1b2*	4	Unresolved
GSRD008414A00_BB0_01	Han Sichuan	N1b2	N1b2*	5	Unresolved	N1b2*	4	Unresolved
Chuan-866_BB1_03-jiace1	Han Sichuan	N1b2	N1b2*	5	Unresolved	N1b2*	4	Unresolved
Chuan-668_BB0_00	Han Sichuan	N1b2	N1b2*	5	Unresolved	N1b2*	4	Unresolved
Chuan-684_BB0_00	Han Sichuan	N1b2	N1b2*	5	Unresolved	N1b2*	4	Unresolved
Chuan-720_BB0_00	Han Sichuan	N1b2	N1b2*	5	Unresolved	N1b2*	4	Unresolved
YSW00798A00_BB0_00	Han Sichuan	N1b2	N1b2*	5	Unresolved	N1b2*	4	Unresolved
Chuan-575_BB0_00	Han Sichuan	N1b2	N1b2*	5	Unresolved	N1b2*	4	Unresolved
GSRD000286A00_BB0_01	Han Sichuan	N1b2	N1b2*	5	Unresolved	N1b2*	4	Unresolved
GSRD000414A00_BB0_01	Han Sichuan	N1b2	N1b2*	5	Unresolved	N1b2*	4	Unresolved
GSRD000664A00_BB0_01	Han Sichuan	N1b2	N1b2*	5	Unresolved	N1b2*	4	Unresolved
GSRD000678A00_BB0_01	Han Sichuan	N1b2	N1b2*	5	Unresolved	N1b2*	4	Unresolved
GSRD000766A00_BB0_01	Han Sichuan	N1b2	N1b2*	5	Unresolved	N1b2*	4	Unresolved
GSRD001052A00_BB0_01	Han Sichuan	N1b2	N1b2*	5	Unresolved	N1b2*	4	Unresolved
GSRD001612A00_BB0_01	Han Sichuan	N1b2	N1b2*	5	Unresolved	N1b2*	4	Unresolved
GSRD002174A01_BB1_01	Han Sichuan	N1b2	N1b2*	5	Unresolved	N1b2*	4	Unresolved
GSRD007618A00_BW0_01	Han Sichuan	N1b2	N1b2*	5	Unresolved	N1b2*	4	Unresolved
GSRD008592A00_BB0_01	Han Sichuan	N1b2	N1b2*	5	Unresolved	N1b2*	4	Unresolved
GSRD009174A00_BB0_01	Han Sichuan	N1b2	N1b2*	5	Unresolved	N1b2*	4	Unresolved
GSRD007310A00_BW0_01	Han Sichuan	N1b2a	N1b2a	5	Resolved	N1b2a	5	Resolved
Chuan-844_BB0_00	Han Sichuan	N1b2a	N1b2a	5	Resolved	N1b2a	5	Resolved
111-1857-9340	Han Sichuan	N1b2a1a	N1b2a	5	Resolved	N1b2a	5	Resolved
111-1819-2570	Han Sichuan	N1b2a1a	N1b2a	5	Resolved	N1b2a	5	Resolved
111-1774-3759	Han Sichuan	N1b2a1a	N1b2a	5	Resolved	N1b2a	5	Resolved
GSRD005211A00_TS0_01	Han Sichuan	N1b2a1a	N1b2a	5	Resolved	N1b2a	5	Resolved
111-1492-8807	Han Sichuan	NO	NO*	5	Unresolved	NO	1	Resolved
111-1328-8216	Han Sichuan	O1a	O1a*	5	Unresolved	O1a	3	Resolved
111-1782-1709	Han Sichuan	O1a1a1a1	O1a1a	5	Resolved	O1a	3	Resolved
111-1642-1870	Han Sichuan	O1a1a1a1	O1a1a	5	Resolved	O1a	3	Resolved
111-1912-6239	Han Sichuan	O1a1a1a1	O1a1a	5	Resolved	O1a	3	Resolved
111-1899-7472	Han Sichuan	O1a1a1a1	O1a1a	5	Resolved	O1a	3	Resolved
111-1772-6868	Han Sichuan	O1a1a1a1a1a	O1a1a	5	Resolved	O1a	3	Resolved
111-1783-8813	Han Sichuan	O1a1a1a1a1a	O1a1a	5	Resolved	O1a	3	Resolved
111-1780-0995	Han Sichuan	O1a1a1a1a1a	O1a1a	5	Resolved	O1a	3	Resolved
111-1788-4612	Han Sichuan	O1a1a1a1a1a	O1a1a	5	Resolved	O1a	3	Resolved
111-1895-9166	Han Sichuan	O1a1a1a1a1a	O1a1a	5	Resolved	O1a	3	Resolved
111-1783-8103	Han Sichuan	O1a1a1a1a1a1	O1a1a	5	Resolved	O1a	3	Resolved
111-1840-0439	Han Sichuan	O1a1a1a1a1a1	O1a1a	5	Resolved	O1a	3	Resolved
111-1844-3320	Han Sichuan	O1a1a1a1a1a1	O1a1a	5	Resolved	O1a	3	Resolved
111-1707-4938	Han Sichuan	O1a1a1a1a1a1	O1a1a	5	Resolved	O1a	3	Resolved
Y5589	Han Sichuan	O1a1a1a1a1a1a	O1a1a	5	Resolved	O1a	3	Resolved
990-0000-3968	Han Sichuan	O1a1a1a1a1a1a	O1a1a	5	Resolved	O1a	3	Resolved
111-1761-3243	Han Sichuan	O1a1a1a1a1a1a	O1a1a	5	Resolved	O1a	3	Resolved
111-1896-1800	Han Sichuan	O1a1a1a1a1a1a	O1a1a	5	Resolved	O1a	3	Resolved
111-1877-1553	Han Sichuan	O1a1a1a1a1a1a	O1a1a	5	Resolved	O1a	3	Resolved
111-1837-8431	Han Sichuan	O1a1a1a1a1a1a11	O1a1a	5	Resolved	O1a	3	Resolved
111-1736-1953	Han Sichuan	O1a1a1a1a1a1a1a2	O1a1a	5	Resolved	O1a	3	Resolved
111-1777-8188	Han Sichuan	O1a1a1a1a1a1a1a2	O1a1a	5	Resolved	O1a	3	Resolved
111-1846-5353	Han Sichuan	O1a1a1a1a1a1a1a2	O1a1a	5	Resolved	O1a	3	Resolved
111-1844-6840	Han Sichuan	O1a1a1a1a1a1a1a2	O1a1a	5	Resolved	O1a	3	Resolved
111-1815-6893	Han Sichuan	O1a1a1a1a1a1a3	O1a1a	5	Resolved	O1a	3	Resolved
111-1806-4884	Han Sichuan	O1a1a1a1a1a1a7a	O1a1a	5	Resolved	O1a	3	Resolved
111-1208-2204	Han Sichuan	O1a1a1a1a1a1a8	O1a1a	5	Resolved	O1a	3	Resolved
111-1833-7636	Han Sichuan	O1a1a1a1a1a1a8	O1a1a	5	Resolved	O1a	3	Resolved
111-1780-4863	Han Sichuan	O1a1a1a1a1a1a9	O1a1a	5	Resolved	O1a	3	Resolved
111-1859-4930	Han Sichuan	O1a1a1a1a1a1b1c1	O1a1a	5	Resolved	O1a	3	Resolved
111-1857-4444	Han Sichuan	O1a1a1a1a1a1b1c1	O1a1a	5	Resolved	O1a	3	Resolved
111-1903-5333	Han Sichuan	O1a1a1a1a1a1c	O1a1a	5	Resolved	O1a	3	Resolved
111-1833-2150	Han Sichuan	O1a1a1a1a1a1c	O1a1a	5	Resolved	O1a	3	Resolved
111-1869-5903	Han Sichuan	O1a1a1a1a1a1c	O1a1a	5	Resolved	O1a	3	Resolved
111-1858-8120	Han Sichuan	O1a1a1a1a1a1c1	O1a1a	5	Resolved	O1a	3	Resolved
111-1784-8607	Han Sichuan	O1a1a1a1a1a1c1	O1a1a	5	Resolved	O1a	3	Resolved
111-1857-3713	Han Sichuan	O1a1a1a1a1a1c1a	O1a1a	5	Resolved	O1a	3	Resolved
111-1858-6089	Han Sichuan	O1a1a1a1a1a1c1a	O1a1a	5	Resolved	O1a	3	Resolved
111-1819-2433	Han Sichuan	O1a1a1a1a1a1c1a	O1a1a	5	Resolved	O1a	3	Resolved
111-1255-3537	Han Sichuan	O1a1a1a1a1a1c1a	O1a1a	5	Resolved	O1a	3	Resolved
111-1789-0309	Han Sichuan	O1a1a1a1a1a1c1a	O1a1a	5	Resolved	O1a	3	Resolved
111-1869-0618	Han Sichuan	O1a1a1a1a1a1c1a	O1a1a	5	Resolved	O1a	3	Resolved
111-1784-7693	Han Sichuan	O1a1a1a1a1a1c1a1	O1a1a	5	Resolved	O1a	3	Resolved
111-1659-1436	Han Sichuan	O1a1a1a1a1a1d	O1a1a	5	Resolved	O1a	3	Resolved
990-0000-5191	Han Sichuan	O1a1a1a1a1a1d	O1a1a	5	Resolved	O1a	3	Resolved
990-0013-3412	Han Sichuan	O1a1a1a1a1a1d1	O1a1a	5	Resolved	O1a	3	Resolved
990-0012-8432	Han Sichuan	O1a1a1a1a1a1d1a1	O1a1a	5	Resolved	O1a	3	Resolved
111-1888-5427	Han Sichuan	O1a1a1a1a1a1d1a2	O1a1a	5	Resolved	O1a	3	Resolved
000-0800-0108	Han Sichuan	O1a1a1a1a1a1d1a2	O1a1a	5	Resolved	O1a	3	Resolved
111-1854-9220	Han Sichuan	O1a1a1a1a1a1d2	O1a1a	5	Resolved	O1a	3	Resolved
111-1869-7853	Han Sichuan	O1a1a1a1a1a1e1	O1a1a	5	Resolved	O1a	3	Resolved
111-1258-7440	Han Sichuan	O1a1a1a1a1a1e2	O1a1a	5	Resolved	O1a	3	Resolved
111-1402-3465	Han Sichuan	O1a1a1a1a1b	O1a1a	5	Resolved	O1a	3	Resolved
111-1836-3604	Han Sichuan	O1a1a1a1a2	O1a1a	5	Resolved	O1a	3	Resolved
111-1320-0249	Han Sichuan	O1a1a1a1a2	O1a1a	5	Resolved	O1a	3	Resolved
111-1478-6117	Han Sichuan	O1a1a1a3	O1a1a	5	Resolved	O1a	3	Resolved
111-1826-9784	Han Sichuan	O1a1a1a3a	O1a1a	5	Resolved	O1a	3	Resolved
111-1824-7386	Han Sichuan	O1a1a1a3a	O1a1a	5	Resolved	O1a	3	Resolved
111-1822-0532	Han Sichuan	O1a1a1a3a	O1a1a	5	Resolved	O1a	3	Resolved
111-1796-0880	Han Sichuan	O1a1a1a3a	O1a1a	5	Resolved	O1a	3	Resolved
111-1835-0345	Han Sichuan	O1a1a1a3a	O1a1a	5	Resolved	O1a	3	Resolved
990-0012-0993	Han Sichuan	O1a1a1a3a	O1a1a	5	Resolved	O1a	3	Resolved
111-1276-3448	Han Sichuan	O1a1a1a3a	O1a1a	5	Resolved	O1a	3	Resolved
990-0011-8549	Han Sichuan	O1a1a1a3a	O1a1a	5	Resolved	O1a	3	Resolved
111-1643-6799	Han Sichuan	O1a1a1b	O1a1a	5	Resolved	O1a	3	Resolved
111-1733-6012	Han Sichuan	O1a1a1b	O1a1a	5	Resolved	O1a	3	Resolved
111-1694-8810	Han Sichuan	O1a1a1b	O1a1a	5	Resolved	O1a	3	Resolved
111-1825-2212	Han Sichuan	O1a1a1b1	O1a1a	5	Resolved	O1a	3	Resolved
111-1732-7867	Han Sichuan	O1a1a1b1	O1a1a	5	Resolved	O1a	3	Resolved
111-1362-6070	Han Sichuan	O1a1a1b1a1	O1a1a	5	Resolved	O1a	3	Resolved
111-1694-2450	Han Sichuan	O1a1a1b1a1	O1a1a	5	Resolved	O1a	3	Resolved
111-1832-9587	Han Sichuan	O1a1a1b1a1	O1a1a	5	Resolved	O1a	3	Resolved
111-1324-1006	Han Sichuan	O1a1a1b1b	O1a1a	5	Resolved	O1a	3	Resolved
111-1855-5719	Han Sichuan	O1a1a1b1b	O1a1a	5	Resolved	O1a	3	Resolved
111-1874-2768	Han Sichuan	O1a1a1b1b	O1a1a	5	Resolved	O1a	3	Resolved
111-1825-6210	Han Sichuan	O1a1a1b1b	O1a1a	5	Resolved	O1a	3	Resolved
111-1307-0842	Han Sichuan	O1a1a1b1b	O1a1a	5	Resolved	O1a	3	Resolved
111-1380-4010	Han Sichuan	O1a1a1b1b	O1a1a	5	Resolved	O1a	3	Resolved
111-1280-7265	Han Sichuan	O1a1a1b1b	O1a1a	5	Resolved	O1a	3	Resolved
111-1851-2064	Han Sichuan	O1a1a1b1b	O1a1a	5	Resolved	O1a	3	Resolved
111-1686-4455	Han Sichuan	O1a1a1b1b	O1a1a	5	Resolved	O1a	3	Resolved
111-1211-7845	Han Sichuan	O1a1a1b1b	O1a1a	5	Resolved	O1a	3	Resolved
111-1376-2709	Han Sichuan	O1a1a1b1b1a	O1a1a	5	Resolved	O1a	3	Resolved
111-1334-7609	Han Sichuan	O1a1a1b1b1a	O1a1a	5	Resolved	O1a	3	Resolved
111-1848-5740	Han Sichuan	O1a1a1b1b1a	O1a1a	5	Resolved	O1a	3	Resolved
111-1867-1778	Han Sichuan	O1a1a1b1b1a	O1a1a	5	Resolved	O1a	3	Resolved
111-1856-8559	Han Sichuan	O1a1a1b1b1a	O1a1a	5	Resolved	O1a	3	Resolved
111-1772-3065	Han Sichuan	O1a1a1b1b1a	O1a1a	5	Resolved	O1a	3	Resolved
111-1320-9778	Han Sichuan	O1a1a1b1b1a	O1a1a	5	Resolved	O1a	3	Resolved
111-1707-4303	Han Sichuan	O1a1a1b1b1a	O1a1a	5	Resolved	O1a	3	Resolved
111-1739-0380	Han Sichuan	O1a1a1b1b1a	O1a1a	5	Resolved	O1a	3	Resolved
111-1360-4146	Han Sichuan	O1a1a1b1b1a	O1a1a	5	Resolved	O1a	3	Resolved
111-1359-7820	Han Sichuan	O1a1a1b1b1a	O1a1a	5	Resolved	O1a	3	Resolved
111-1298-6830	Han Sichuan	O1a1a1b1b1a1a	O1a1a	5	Resolved	O1a	3	Resolved
111-1737-1822	Han Sichuan	O1a1a1b1b1a1a	O1a1a	5	Resolved	O1a	3	Resolved
111-1905-8738	Han Sichuan	O1a1a1b1b1b	O1a1a	5	Resolved	O1a	3	Resolved
111-1533-5697	Han Sichuan	O1a1a1b1b1b	O1a1a	5	Resolved	O1a	3	Resolved
111-1882-2446	Han Sichuan	O1a1a1b1b1b	O1a1a	5	Resolved	O1a	3	Resolved
111-1362-6988	Han Sichuan	O1a1a1b1b1b1	O1a1a	5	Resolved	O1a	3	Resolved
Y2389	Han Sichuan	O1a1a2a1	O1a1a	5	Resolved	O1a	3	Resolved
111-1485-6698	Han Sichuan	O1a1a2a1a	O1a1a	5	Resolved	O1a	3	Resolved
990-0012-3901	Han Sichuan	O1a1a2a1a	O1a1a	5	Resolved	O1a	3	Resolved
111-1300-0085	Han Sichuan	O1a1a2a1a1	O1a1a	5	Resolved	O1a	3	Resolved
111-1830-2375	Han Sichuan	O1a1a2a1a1a	O1a1a	5	Resolved	O1a	3	Resolved
111-1915-7400	Han Sichuan	O1a1a2a1a1a	O1a1a	5	Resolved	O1a	3	Resolved
111-1861-1699	Han Sichuan	O1a1a2a1a1a	O1a1a	5	Resolved	O1a	3	Resolved
111-1275-0745	Han Sichuan	O1a1a2a1a1a	O1a1a	5	Resolved	O1a	3	Resolved
111-1869-6771	Han Sichuan	O1a1a2a1a1a	O1a1a	5	Resolved	O1a	3	Resolved
111-1257-3207	Han Sichuan	O1a1a2a1a1a	O1a1a	5	Resolved	O1a	3	Resolved
111-1217-8709	Han Sichuan	O1a1a2a1a1b	O1a1a	5	Resolved	O1a	3	Resolved
990-0000-4583	Han Sichuan	O1a1a2a1a1b	O1a1a	5	Resolved	O1a	3	Resolved
111-1838-7679	Han Sichuan	O1a1a2a1a2	O1a1a	5	Resolved	O1a	3	Resolved
111-1824-7508	Han Sichuan	O1a1a2a1a2	O1a1a	5	Resolved	O1a	3	Resolved
111-1892-2986	Han Sichuan	O1a1a2a1a2	O1a1a	5	Resolved	O1a	3	Resolved
111-1891-3816	Han Sichuan	O1a1a2a1a2	O1a1a	5	Resolved	O1a	3	Resolved
111-1447-3710	Han Sichuan	O1a1a2a1a3	O1a1a	5	Resolved	O1a	3	Resolved
111-1892-6182	Han Sichuan	O1a1a2a1a3	O1a1a	5	Resolved	O1a	3	Resolved
111-1897-6200	Han Sichuan	O1a1a2a1a3	O1a1a	5	Resolved	O1a	3	Resolved
111-1914-0242	Han Sichuan	O1a1a2a1a3	O1a1a	5	Resolved	O1a	3	Resolved
111-1930-4613	Han Sichuan	O1a1a2a1b1a	O1a1a	5	Resolved	O1a	3	Resolved
111-1810-5105	Han Sichuan	O1a1a2a2	O1a1a	5	Resolved	O1a	3	Resolved
111-1735-7192	Han Sichuan	O1a1a2a2	O1a1a	5	Resolved	O1a	3	Resolved
111-1804-8242	Han Sichuan	O1a1a2b1	O1a1a	5	Resolved	O1a	3	Resolved
111-1569-9683	Han Sichuan	O1a1a2b1	O1a1a	5	Resolved	O1a	3	Resolved
111-1755-8698	Han Sichuan	O1a1a2b2	O1a1a	5	Resolved	O1a	3	Resolved
111-1226-5430	Han Sichuan	O1a1b	O1a1b	5	Resolved	O1a	3	Resolved
990-0000-2626	Han Sichuan	O1a1b	O1a1b	5	Resolved	O1a	3	Resolved
111-1696-1444	Han Sichuan	O1a2a	O1a2a	5	Resolved	O1a	3	Resolved
111-1878-4003	Han Sichuan	O1a2a2	O1a2a	5	Resolved	O1a	3	Resolved
111-1820-5676	Han Sichuan	O1a2a2	O1a2a	5	Resolved	O1a	3	Resolved
111-1283-3479	Han Sichuan	O1a2a2	O1a2a	5	Resolved	O1a	3	Resolved
111-1909-4224	Han Sichuan	O1a2a2	O1a2a	5	Resolved	O1a	3	Resolved
111-1929-5874	Han Sichuan	O1a3	O1a3*	5	Unresolved	O1a	3	Resolved
111-1864-7315	Han Sichuan	O1a3a	O1a3a	5	Resolved	O1a	3	Resolved
111-1896-0872	Han Sichuan	O1b1a	O1b1a	5	Resolved	O1b1a*	5	Unresolved
111-1765-5359	Han Sichuan	O1b1a	O1b1a	5	Resolved	O1b1a*	5	Unresolved
111-1839-5933	Han Sichuan	O1b1a1a1	O1b1a	5	Resolved	O1b1a1a1*	8	Unresolved
111-1441-9794	Han Sichuan	O1b1a1a1	O1b1a	5	Resolved	O1b1a1a1*	8	Unresolved
111-1729-0093	Han Sichuan	O1b1a1a1a1	O1b1a	5	Resolved	O1b1a1a1a1*	10	Unresolved
111-1736-3049	Han Sichuan	O1b1a1a1a1a	O1b1a	5	Resolved	O1b1a1a1a1a*	11	Unresolved
111-1909-4569	Han Sichuan	O1b1a1a1a1a1a	O1b1a	5	Resolved	O1b1a1a1a1a1a*	13	Unresolved
111-1905-0367	Han Sichuan	O1b1a1a1a1a1a1a1	O1b1a	5	Resolved	O1b1a1a1a1a1a1a1	16	Resolved
111-1448-1647	Han Sichuan	O1b1a1a1a1a1a1a2	O1b1a	5	Resolved	O1b1a1a1a1a1a1a2	16	Resolved
111-1694-8490	Han Sichuan	O1b1a1a1a1a1a1a2	O1b1a	5	Resolved	O1b1a1a1a1a1a1a2	16	Resolved
111-1709-0747	Han Sichuan	O1b1a1a1a1a1a1a2	O1b1a	5	Resolved	O1b1a1a1a1a1a1a2	16	Resolved
111-1836-8371	Han Sichuan	O1b1a1a1a1a1a1a2b	O1b1a	5	Resolved	O1b1a1a1a1a1a1a2	16	Resolved
111-1868-9230	Han Sichuan	O1b1a1a1a1a1a1b	O1b1a	5	Resolved	O1b1a1a1a1a1a1b	15	Resolved
111-1728-9127	Han Sichuan	O1b1a1a1a1a1b	O1b1a	5	Resolved	O1b1a1a1a1a1b	13	Resolved
111-1854-9626	Han Sichuan	O1b1a1a1a1a1b	O1b1a	5	Resolved	O1b1a1a1a1a1b	13	Resolved
111-1911-4342	Han Sichuan	O1b1a1a1a1a1b1a	O1b1a	5	Resolved	O1b1a1a1a1a1b	13	Resolved
111-1916-4064	Han Sichuan	O1b1a1a1a1a1b1a	O1b1a	5	Resolved	O1b1a1a1a1a1b	13	Resolved
111-1912-2798	Han Sichuan	O1b1a1a1a1a1b1a	O1b1a	5	Resolved	O1b1a1a1a1a1b	13	Resolved
111-1915-0630	Han Sichuan	O1b1a1a1a1a1b1a	O1b1a	5	Resolved	O1b1a1a1a1a1b	13	Resolved
111-1863-0300	Han Sichuan	O1b1a1a1a1a1b1a	O1b1a	5	Resolved	O1b1a1a1a1a1b	13	Resolved
111-1917-8023	Han Sichuan	O1b1a1a1a1a1b1a	O1b1a	5	Resolved	O1b1a1a1a1a1b	13	Resolved
111-1854-8988	Han Sichuan	O1b1a1a1a1a1b1a1	O1b1a	5	Resolved	O1b1a1a1a1a1b	13	Resolved
111-1803-3316	Han Sichuan	O1b1a1a1a1a1b1a1	O1b1a	5	Resolved	O1b1a1a1a1a1b	13	Resolved
111-1915-0364	Han Sichuan	O1b1a1a1a1a1b1a1	O1b1a	5	Resolved	O1b1a1a1a1a1b	13	Resolved
990-0012-6155	Han Sichuan	O1b1a1a1a1a1b1a1	O1b1a	5	Resolved	O1b1a1a1a1a1b	13	Resolved
990-0012-3123	Han Sichuan	O1b1a1a1a1a1b1a1	O1b1a	5	Resolved	O1b1a1a1a1a1b	13	Resolved
111-1912-4686	Han Sichuan	O1b1a1a1a1a1b1a1	O1b1a	5	Resolved	O1b1a1a1a1a1b	13	Resolved
990-0002-5618	Han Sichuan	O1b1a1a1a1a1b1a1a	O1b1a	5	Resolved	O1b1a1a1a1a1b	13	Resolved
111-1728-5822	Han Sichuan	O1b1a1a1a1a1b1a1a	O1b1a	5	Resolved	O1b1a1a1a1a1b	13	Resolved
111-1869-9819	Han Sichuan	O1b1a1a1a1a1b1a1a	O1b1a	5	Resolved	O1b1a1a1a1a1b	13	Resolved
111-1790-7779	Han Sichuan	O1b1a1a1a1a1b1a1a	O1b1a	5	Resolved	O1b1a1a1a1a1b	13	Resolved
111-1847-3488	Han Sichuan	O1b1a1a1a1a1b1a1a1	O1b1a	5	Resolved	O1b1a1a1a1a1b	13	Resolved
111-1921-0655	Han Sichuan	O1b1a1a1a1a1b1a1a1	O1b1a	5	Resolved	O1b1a1a1a1a1b	13	Resolved
990-0012-1532	Han Sichuan	O1b1a1a1a1a1b1a1a1	O1b1a	5	Resolved	O1b1a1a1a1a1b	13	Resolved
111-1868-1364	Han Sichuan	O1b1a1a1a1a1b1a1a1	O1b1a	5	Resolved	O1b1a1a1a1a1b	13	Resolved
111-1918-3607	Han Sichuan	O1b1a1a1a1a1b1a1b	O1b1a	5	Resolved	O1b1a1a1a1a1b	13	Resolved
111-1911-2775	Han Sichuan	O1b1a1a1a1a1b1a1b	O1b1a	5	Resolved	O1b1a1a1a1a1b	13	Resolved
111-1916-4170	Han Sichuan	O1b1a1a1a1a1b1a1b	O1b1a	5	Resolved	O1b1a1a1a1a1b	13	Resolved
111-1829-9712	Han Sichuan	O1b1a1a1a1a1b1a1b	O1b1a	5	Resolved	O1b1a1a1a1a1b	13	Resolved
111-1449-3275	Han Sichuan	O1b1a1a1a1a1b1b	O1b1a	5	Resolved	O1b1a1a1a1a1b	13	Resolved
111-1845-7266	Han Sichuan	O1b1a1a1a1b1a1a1a1a	O1b1a	5	Resolved	O1b1a1a1a1b1	12	Resolved
111-1298-0289	Han Sichuan	O1b1a1a1a1b1a1a1a1a	O1b1a	5	Resolved	O1b1a1a1a1b1	12	Resolved
111-1785-3939	Han Sichuan	O1b1a1a1a1b1a1a1a1b	O1b1a	5	Resolved	O1b1a1a1a1b1	12	Resolved
111-1840-1443	Han Sichuan	O1b1a1a1a1b1a1a1a1c	O1b1a	5	Resolved	O1b1a1a1a1b1	12	Resolved
111-1728-5112	Han Sichuan	O1b1a1a1a1b1a1a1a1c1	O1b1a	5	Resolved	O1b1a1a1a1b1	12	Resolved
QPKZ18134-18505E-T125V1-AD-20180514cap33-18R05960	Han Sichuan	O1b1a1a1a1b1a1a1a1c1a	O1b1a	5	Resolved	O1b1a1a1a1b1	12	Resolved
111-1860-0969	Han Sichuan	O1b1a1a1a1b1a1a1a1c1a	O1b1a	5	Resolved	O1b1a1a1a1b1	12	Resolved
111-1888-3942	Han Sichuan	O1b1a1a1a1b1a1a2b	O1b1a	5	Resolved	O1b1a1a1a1b1	12	Resolved
111-1849-0492	Han Sichuan	O1b1a1a1a1b1b	O1b1a	5	Resolved	O1b1a1a1a1b1	12	Resolved
111-1839-8378	Han Sichuan	O1b1a1a1a1b1b	O1b1a	5	Resolved	O1b1a1a1a1b1	12	Resolved
111-1809-5840	Han Sichuan	O1b1a1a1a1b1b	O1b1a	5	Resolved	O1b1a1a1a1b1	12	Resolved
111-1895-3683	Han Sichuan	O1b1a1a1a1b1b	O1b1a	5	Resolved	O1b1a1a1a1b1	12	Resolved
111-1910-9973	Han Sichuan	O1b1a1a1a1b1b	O1b1a	5	Resolved	O1b1a1a1a1b1	12	Resolved
111-1645-1075	Han Sichuan	O1b1a1a1a1b1b1	O1b1a	5	Resolved	O1b1a1a1a1b1	12	Resolved
111-1796-2082	Han Sichuan	O1b1a1a1a1b1b1	O1b1a	5	Resolved	O1b1a1a1a1b1	12	Resolved
111-1911-4373	Han Sichuan	O1b1a1a1a1b1b1	O1b1a	5	Resolved	O1b1a1a1a1b1	12	Resolved
111-1830-7516	Han Sichuan	O1b1a1a1a1b2	O1b1a	5	Resolved	O1b1a1a1a1b2*	12	Unresolved
111-1852-0472	Han Sichuan	O1b1a1a1a1b2a	O1b1a	5	Resolved	O1b1a1a1a1b2a*	13	Unresolved
111-1838-6986	Han Sichuan	O1b1a1a1a1b2a	O1b1a	5	Resolved	O1b1a1a1a1b2a*	13	Unresolved
111-1865-7833	Han Sichuan	O1b1a1a1a1b2a1	O1b1a	5	Resolved	O1b1a1a1a1b2a1*	14	Unresolved
111-1782-1686	Han Sichuan	O1b1a1a1a1b2a1	O1b1a	5	Resolved	O1b1a1a1a1b2a1*	14	Unresolved
111-1860-9306	Han Sichuan	O1b1a1a1a1b2a1a1a	O1b1a	5	Resolved	O1b1a1a1a1b2a1a1a	17	Resolved
990-0012-9088	Han Sichuan	O1b1a1a1a1b2a1a1a	O1b1a	5	Resolved	O1b1a1a1a1b2a1a1a	17	Resolved
111-1725-1971	Han Sichuan	O1b1a1a1a1b2a1a1a	O1b1a	5	Resolved	O1b1a1a1a1b2a1a1a	17	Resolved
111-1532-6855	Han Sichuan	O1b1a1a1a1b2a1b	O1b1a	5	Resolved	O1b1a1a1a1b2a1b	15	Resolved
Y7273	Han Sichuan	O1b1a1a1a2	O1b1a	5	Resolved	O1b1a1a1a2	10	Resolved
111-1361-5425	Han Sichuan	O1b1a1a1a2	O1b1a	5	Resolved	O1b1a1a1a2	10	Resolved
111-1929-7793	Han Sichuan	O1b1a1a1a2	O1b1a	5	Resolved	O1b1a1a1a2	10	Resolved
111-1320-5794	Han Sichuan	O1b1a1a1a2	O1b1a	5	Resolved	O1b1a1a1a2	10	Resolved
111-1829-6483	Han Sichuan	O1b1a1a1a2	O1b1a	5	Resolved	O1b1a1a1a2	10	Resolved
111-1308-9554	Han Sichuan	O1b1a1a1a2a	O1b1a	5	Resolved	O1b1a1a1a2	10	Resolved
111-1528-4063	Han Sichuan	O1b1a1a1a2a	O1b1a	5	Resolved	O1b1a1a1a2	10	Resolved
111-1397-3853	Han Sichuan	O1b1a1a1a2a	O1b1a	5	Resolved	O1b1a1a1a2	10	Resolved
111-1575-4238	Han Sichuan	O1b1a1a1a2a	O1b1a	5	Resolved	O1b1a1a1a2	10	Resolved
111-1835-0642	Han Sichuan	O1b1a1a1a2a	O1b1a	5	Resolved	O1b1a1a1a2	10	Resolved
111-1695-6495	Han Sichuan	O1b1a1a1a2a	O1b1a	5	Resolved	O1b1a1a1a2	10	Resolved
111-1302-9741	Han Sichuan	O1b1a1a1a2a	O1b1a	5	Resolved	O1b1a1a1a2	10	Resolved
111-1697-7995	Han Sichuan	O1b1a1a1b	O1b1a	5	Resolved	O1b1a1a1b*	9	Unresolved
111-1831-3036	Han Sichuan	O1b1a1a1b1	O1b1a	5	Resolved	O1b1a1a1b1*	10	Unresolved
111-1918-2006	Han Sichuan	O1b1a1a1b1	O1b1a	5	Resolved	O1b1a1a1b1*	10	Unresolved
111-1810-9134	Han Sichuan	O1b1a1a1b1a	O1b1a	5	Resolved	O1b1a1a1b1a	11	Resolved
111-1869-3602	Han Sichuan	O1b1a1a1b1a3	O1b1a	5	Resolved	O1b1a1a1b1a	11	Resolved
111-1527-2978	Han Sichuan	O1b1a1a1b1b1	O1b1a	5	Resolved	O1b1a1a1b1b	11	Resolved
111-1842-8143	Han Sichuan	O1b1a1a1b1b1	O1b1a	5	Resolved	O1b1a1a1b1b	11	Resolved
111-1828-8419	Han Sichuan	O1b1a1a1b1c	O1b1a	5	Resolved	O1b1a1a1b1c	11	Resolved
990-0000-4750	Han Sichuan	O1b1a1a1b1c	O1b1a	5	Resolved	O1b1a1a1b1c	11	Resolved
111-1320-9747	Han Sichuan	O1b1a1a1b2	O1b1a	5	Resolved	O1b1a1a1b2	10	Resolved
111-1435-2824	Han Sichuan	O1b1a1a2	O1b1a	5	Resolved	O1b1a1a2	8	Resolved
111-1829-0931	Han Sichuan	O1b1a1b	O1b1a	5	Resolved	O1b1a1b	7	Resolved
111-1843-1860	Han Sichuan	O1b1a1b	O1b1a	5	Resolved	O1b1a1b	7	Resolved
111-1860-2307	Han Sichuan	O1b1a1b	O1b1a	5	Resolved	O1b1a1b	7	Resolved
111-1811-5944	Han Sichuan	O1b1a1b	O1b1a	5	Resolved	O1b1a1b	7	Resolved
111-1917-5275	Han Sichuan	O1b1a1b1a	O1b1a	5	Resolved	O1b1a1b	7	Resolved
111-1856-2281	Han Sichuan	O1b1a1b1a	O1b1a	5	Resolved	O1b1a1b	7	Resolved
111-1880-3247	Han Sichuan	O1b1a1b1a	O1b1a	5	Resolved	O1b1a1b	7	Resolved
111-1840-3249	Han Sichuan	O1b1a1b1a	O1b1a	5	Resolved	O1b1a1b	7	Resolved
990-0012-8951	Han Sichuan	O1b1a1b1a1a1	O1b1a	5	Resolved	O1b1a1b	7	Resolved
990-0000-7423	Han Sichuan	O1b1a1b1a1a1	O1b1a	5	Resolved	O1b1a1b	7	Resolved
111-1814-1585	Han Sichuan	O1b1a1b1a1a1	O1b1a	5	Resolved	O1b1a1b	7	Resolved
111-1725-8352	Han Sichuan	O1b1a1b1a1a1	O1b1a	5	Resolved	O1b1a1b	7	Resolved
111-1844-0831	Han Sichuan	O1b1a1b1a1a1	O1b1a	5	Resolved	O1b1a1b	7	Resolved
111-1659-8534	Han Sichuan	O1b1a1b1a1a1	O1b1a	5	Resolved	O1b1a1b	7	Resolved
990-0011-6439	Han Sichuan	O1b1a1b1a1b2	O1b1a	5	Resolved	O1b1a1b	7	Resolved
111-1429-1376	Han Sichuan	O1b1a1b1a1b2	O1b1a	5	Resolved	O1b1a1b	7	Resolved
111-1851-5911	Han Sichuan	O1b1a1b1b	O1b1a	5	Resolved	O1b1a1b	7	Resolved
111-1856-2946	Han Sichuan	O1b1a1b1b	O1b1a	5	Resolved	O1b1a1b	7	Resolved
111-1857-9258	Han Sichuan	O1b1a1b1b	O1b1a	5	Resolved	O1b1a1b	7	Resolved
111-1858-1664	Han Sichuan	O1b1a1b1b	O1b1a	5	Resolved	O1b1a1b	7	Resolved
111-1919-4788	Han Sichuan	O1b1a1b1b	O1b1a	5	Resolved	O1b1a1b	7	Resolved
111-1442-0158	Han Sichuan	O1b1a1b1b	O1b1a	5	Resolved	O1b1a1b	7	Resolved
111-1863-0560	Han Sichuan	O1b1a1b1b1a	O1b1a	5	Resolved	O1b1a1b	7	Resolved
Y5694	Han Sichuan	O1b1a2a	O1b1a	5	Resolved	O1b1a2	6	Resolved
111-1724-7288	Han Sichuan	O1b1a2a	O1b1a	5	Resolved	O1b1a2	6	Resolved
111-1308-7789	Han Sichuan	O1b1a2a	O1b1a	5	Resolved	O1b1a2	6	Resolved
111-1646-2538	Han Sichuan	O1b1a2a	O1b1a	5	Resolved	O1b1a2	6	Resolved
111-1893-0011	Han Sichuan	O1b1a2a1	O1b1a	5	Resolved	O1b1a2	6	Resolved
111-1862-7218	Han Sichuan	O1b1a2a1	O1b1a	5	Resolved	O1b1a2	6	Resolved
111-1838-2575	Han Sichuan	O1b1a2a1	O1b1a	5	Resolved	O1b1a2	6	Resolved
111-1850-9644	Han Sichuan	O1b1a2a1	O1b1a	5	Resolved	O1b1a2	6	Resolved
111-1889-7925	Han Sichuan	O1b1a2a1	O1b1a	5	Resolved	O1b1a2	6	Resolved
111-1916-4408	Han Sichuan	O1b1a2a1	O1b1a	5	Resolved	O1b1a2	6	Resolved
990-0013-1852	Han Sichuan	O1b1a2a1	O1b1a	5	Resolved	O1b1a2	6	Resolved
111-1738-8998	Han Sichuan	O1b1a2a1	O1b1a	5	Resolved	O1b1a2	6	Resolved
111-1850-4489	Han Sichuan	O1b1a2a1	O1b1a	5	Resolved	O1b1a2	6	Resolved
111-1654-0922	Han Sichuan	O1b1a2a1	O1b1a	5	Resolved	O1b1a2	6	Resolved
111-1846-2253	Han Sichuan	O1b1a2a1	O1b1a	5	Resolved	O1b1a2	6	Resolved
111-1852-4999	Han Sichuan	O1b1a2a1	O1b1a	5	Resolved	O1b1a2	6	Resolved
111-1824-9281	Han Sichuan	O1b1a2a1	O1b1a	5	Resolved	O1b1a2	6	Resolved
111-1875-0213	Han Sichuan	O1b1a2a1	O1b1a	5	Resolved	O1b1a2	6	Resolved
111-1227-2506	Han Sichuan	O1b1a2a1	O1b1a	5	Resolved	O1b1a2	6	Resolved
111-1822-0426	Han Sichuan	O1b1a2a1	O1b1a	5	Resolved	O1b1a2	6	Resolved
111-1855-0486	Han Sichuan	O1b1a2a1	O1b1a	5	Resolved	O1b1a2	6	Resolved
111-1200-9126	Han Sichuan	O1b1a2b1	O1b1a	5	Resolved	O1b1a2	6	Resolved
111-1773-8830	Han Sichuan	O1b1a2b1a	O1b1a	5	Resolved	O1b1a2	6	Resolved
111-1534-3241	Han Sichuan	O1b1a2b2	O1b1a	5	Resolved	O1b1a2	6	Resolved
111-1647-9932	Han Sichuan	O1b1a2b2	O1b1a	5	Resolved	O1b1a2	6	Resolved
111-1865-1121	Han Sichuan	O1b1a2c	O1b1a	5	Resolved	O1b1a2	6	Resolved
111-1765-5533	Han Sichuan	O1b1a2c	O1b1a	5	Resolved	O1b1a2	6	Resolved
111-1343-0851	Han Sichuan	O1b1a2c	O1b1a	5	Resolved	O1b1a2	6	Resolved
111-1268-2831	Han Sichuan	O1b1a2c	O1b1a	5	Resolved	O1b1a2	6	Resolved
111-1726-9983	Han Sichuan	O1b2a1a	O1b2a	5	Resolved	O1b2	4	Resolved
111-1340-5002	Han Sichuan	O1b2a1a2b	O1b2a	5	Resolved	O1b2	4	Resolved
111-1892-5451	Han Sichuan	O2a1a	O2a1a	5	Resolved	O2a1a	5	Resolved
111-1279-9621	Han Sichuan	O2a1a	O2a1a	5	Resolved	O2a1a	5	Resolved
111-1297-1249	Han Sichuan	O2a1a	O2a1a	5	Resolved	O2a1a	5	Resolved
111-1589-8956	Han Sichuan	O2a1a	O2a1a	5	Resolved	O2a1a	5	Resolved
111-1313-7811	Han Sichuan	O2a1a	O2a1a	5	Resolved	O2a1a	5	Resolved
111-1757-3530	Han Sichuan	O2a1a	O2a1a	5	Resolved	O2a1a	5	Resolved
111-1930-9151	Han Sichuan	O2a1a1a1a	O2a1a	5	Resolved	O2a1a	5	Resolved
111-1908-4089	Han Sichuan	O2a1a1a1a	O2a1a	5	Resolved	O2a1a	5	Resolved
111-1869-6887	Han Sichuan	O2a1a1a1a	O2a1a	5	Resolved	O2a1a	5	Resolved
111-1862-2015	Han Sichuan	O2a1a1a1a	O2a1a	5	Resolved	O2a1a	5	Resolved
111-1728-2241	Han Sichuan	O2a1a1a1a	O2a1a	5	Resolved	O2a1a	5	Resolved
111-1819-3225	Han Sichuan	O2a1a1a1a	O2a1a	5	Resolved	O2a1a	5	Resolved
111-1353-7376	Han Sichuan	O2a1a1a1a1a1	O2a1a	5	Resolved	O2a1a	5	Resolved
111-1898-8715	Han Sichuan	O2a1a1a1a1a1a	O2a1a	5	Resolved	O2a1a	5	Resolved
111-1886-6853	Han Sichuan	O2a1a1a1a1a1a	O2a1a	5	Resolved	O2a1a	5	Resolved
111-1894-2502	Han Sichuan	O2a1a1a1a1a2a	O2a1a	5	Resolved	O2a1a	5	Resolved
111-1358-3588	Han Sichuan	O2a1a1a1a1a2a	O2a1a	5	Resolved	O2a1a	5	Resolved
111-1729-9669	Han Sichuan	O2a1a1a1a1a2a	O2a1a	5	Resolved	O2a1a	5	Resolved
111-1708-4296	Han Sichuan	O2a1a1a1a1a2a	O2a1a	5	Resolved	O2a1a	5	Resolved
111-1899-4969	Han Sichuan	O2a1a1a1a1a2a	O2a1a	5	Resolved	O2a1a	5	Resolved
000-0800-0210	Han Sichuan	O2a1a1a1a1a2a	O2a1a	5	Resolved	O2a1a	5	Resolved
111-1837-8295	Han Sichuan	O2a1a1a1a1b	O2a1a	5	Resolved	O2a1a	5	Resolved
111-1821-4388	Han Sichuan	O2a1a1a1b1a	O2a1a	5	Resolved	O2a1a	5	Resolved
111-1839-7760	Han Sichuan	O2a1a1a1b1a	O2a1a	5	Resolved	O2a1a	5	Resolved
111-1739-0571	Han Sichuan	O2a1a1a1b1a	O2a1a	5	Resolved	O2a1a	5	Resolved
111-1417-8226	Han Sichuan	O2a1a1a1b2	O2a1a	5	Resolved	O2a1a	5	Resolved
111-1894-9051	Han Sichuan	O2a1a1a1b2a	O2a1a	5	Resolved	O2a1a	5	Resolved
111-1801-2496	Han Sichuan	O2a1a1a1b2a	O2a1a	5	Resolved	O2a1a	5	Resolved
111-1350-5269	Han Sichuan	O2a1a1a1b2a	O2a1a	5	Resolved	O2a1a	5	Resolved
111-1838-7235	Han Sichuan	O2a1a1a1b2a	O2a1a	5	Resolved	O2a1a	5	Resolved
111-1700-3884	Han Sichuan	O2a1a1a1b2a	O2a1a	5	Resolved	O2a1a	5	Resolved
111-1738-8264	Han Sichuan	O2a1a1a2	O2a1a	5	Resolved	O2a1a	5	Resolved
111-1308-2326	Han Sichuan	O2a1a1a2a1	O2a1a	5	Resolved	O2a1a	5	Resolved
111-1256-3802	Han Sichuan	O2a1a1a2a1	O2a1a	5	Resolved	O2a1a	5	Resolved
111-1860-0853	Han Sichuan	O2a1a1a2a2	O2a1a	5	Resolved	O2a1a	5	Resolved
111-1882-4266	Han Sichuan	O2a1a1a2a2	O2a1a	5	Resolved	O2a1a	5	Resolved
111-1913-5590	Han Sichuan	O2a1a1a2a2	O2a1a	5	Resolved	O2a1a	5	Resolved
111-1805-7381	Han Sichuan	O2a1a1b1a	O2a1a	5	Resolved	O2a1a	5	Resolved
111-1429-7590	Han Sichuan	O2a1a1b1a1	O2a1a	5	Resolved	O2a1a	5	Resolved
111-1532-9047	Han Sichuan	O2a1a1b1a1a	O2a1a	5	Resolved	O2a1a	5	Resolved
111-1382-1055	Han Sichuan	O2a1a1b1a1a	O2a1a	5	Resolved	O2a1a	5	Resolved
111-1825-5688	Han Sichuan	O2a1a1b1a2b1	O2a1a	5	Resolved	O2a1a	5	Resolved
111-1256-8371	Han Sichuan	O2a1a1b1a2b2b	O2a1a	5	Resolved	O2a1a	5	Resolved
111-1243-3488	Han Sichuan	O2a1a1b1a2b2b4a	O2a1a	5	Resolved	O2a1a	5	Resolved
990-0001-7866	Han Sichuan	O2a1a1b1a3	O2a1a	5	Resolved	O2a1a	5	Resolved
111-1307-4796	Han Sichuan	O2a1a1b1a3	O2a1a	5	Resolved	O2a1a	5	Resolved
111-1214-2717	Han Sichuan	O2a1a1b2	O2a1a	5	Resolved	O2a1a	5	Resolved
111-1814-5705	Han Sichuan	O2a1b1a1a1a1	O2a1b	5	Resolved	O2a1b	5	Resolved
111-1701-7782	Han Sichuan	O2a1b1a1a1a1	O2a1b	5	Resolved	O2a1b	5	Resolved
111-1866-1410	Han Sichuan	O2a1b1a1a1a1	O2a1b	5	Resolved	O2a1b	5	Resolved
111-1814-1219	Han Sichuan	O2a1b1a1a1a1	O2a1b	5	Resolved	O2a1b	5	Resolved
111-1782-7701	Han Sichuan	O2a1b1a1a1a1	O2a1b	5	Resolved	O2a1b	5	Resolved
111-1752-1081	Han Sichuan	O2a1b1a1a1a1	O2a1b	5	Resolved	O2a1b	5	Resolved
111-1924-2038	Han Sichuan	O2a1b1a1a1a1a1	O2a1b	5	Resolved	O2a1b	5	Resolved
111-1227-2131	Han Sichuan	O2a1b1a1a1a1a1	O2a1b	5	Resolved	O2a1b	5	Resolved
111-1866-1403	Han Sichuan	O2a1b1a1a1a1a1a1a	O2a1b	5	Resolved	O2a1b	5	Resolved
111-1901-5618	Han Sichuan	O2a1b1a1a1a1a1a1a1a2a	O2a1b	5	Resolved	O2a1b	5	Resolved
111-1750-8235	Han Sichuan	O2a1b1a1a1a1a1a1a1a2a	O2a1b	5	Resolved	O2a1b	5	Resolved
111-1722-0298	Han Sichuan	O2a1b1a1a1a1a1a1a1a2a	O2a1b	5	Resolved	O2a1b	5	Resolved
111-1736-0703	Han Sichuan	O2a1b1a1a1a1a1a1a1a2a	O2a1b	5	Resolved	O2a1b	5	Resolved
111-1366-6632	Han Sichuan	O2a1b1a1a1a1a1a1a1a2a	O2a1b	5	Resolved	O2a1b	5	Resolved
111-1229-6199	Han Sichuan	O2a1b1a1a1a1a1a1a1a2a	O2a1b	5	Resolved	O2a1b	5	Resolved
111-1881-8180	Han Sichuan	O2a1b1a1a1a1a1a1a1a2a	O2a1b	5	Resolved	O2a1b	5	Resolved
111-1883-4951	Han Sichuan	O2a1b1a1a1a1a1a1a1a2a	O2a1b	5	Resolved	O2a1b	5	Resolved
111-1855-9274	Han Sichuan	O2a1b1a1a1a1a1a1a1a2a	O2a1b	5	Resolved	O2a1b	5	Resolved
111-1388-6740	Han Sichuan	O2a1b1a1a1a1a1a1a1b1	O2a1b	5	Resolved	O2a1b	5	Resolved
111-1770-4026	Han Sichuan	O2a1b1a1a1a1a1a1a1b1	O2a1b	5	Resolved	O2a1b	5	Resolved
111-1547-8097	Han Sichuan	O2a1b1a1a1a1a1a1a2a	O2a1b	5	Resolved	O2a1b	5	Resolved
111-1897-6286	Han Sichuan	O2a1b1a1a1a1a1a1a2a	O2a1b	5	Resolved	O2a1b	5	Resolved
000-0800-0119	Han Sichuan	O2a1b1a1a1a1a1a1a2a	O2a1b	5	Resolved	O2a1b	5	Resolved
111-1836-3116	Han Sichuan	O2a1b1a1a1a1a1a1a2a	O2a1b	5	Resolved	O2a1b	5	Resolved
111-1910-5401	Han Sichuan	O2a1b1a1a1a1a1a1b1	O2a1b	5	Resolved	O2a1b	5	Resolved
111-1349-0374	Han Sichuan	O2a1b1a1a1a1a1a1b1	O2a1b	5	Resolved	O2a1b	5	Resolved
111-1214-9419	Han Sichuan	O2a1b1a1a1a1a1a1b1	O2a1b	5	Resolved	O2a1b	5	Resolved
111-1763-2831	Han Sichuan	O2a1b1a1a1a1a1a1b1	O2a1b	5	Resolved	O2a1b	5	Resolved
111-1809-4171	Han Sichuan	O2a1b1a1a1a1a1a1b1	O2a1b	5	Resolved	O2a1b	5	Resolved
111-1540-0678	Han Sichuan	O2a1b1a1a1a1a1a1b1	O2a1b	5	Resolved	O2a1b	5	Resolved
111-1892-4638	Han Sichuan	O2a1b1a1a1a1a1a1b1	O2a1b	5	Resolved	O2a1b	5	Resolved
111-1895-4666	Han Sichuan	O2a1b1a1a1a1a1a1b1	O2a1b	5	Resolved	O2a1b	5	Resolved
111-1353-9271	Han Sichuan	O2a1b1a1a1a1a1a1b1	O2a1b	5	Resolved	O2a1b	5	Resolved
111-1723-1393	Han Sichuan	O2a1b1a1a1a1a1a1b1	O2a1b	5	Resolved	O2a1b	5	Resolved
111-1848-9656	Han Sichuan	O2a1b1a1a1a1a1a1b1	O2a1b	5	Resolved	O2a1b	5	Resolved
111-1835-2462	Han Sichuan	O2a1b1a1a1a1a1a1b1	O2a1b	5	Resolved	O2a1b	5	Resolved
111-1511-9266	Han Sichuan	O2a1b1a1a1a1a1a1b1	O2a1b	5	Resolved	O2a1b	5	Resolved
111-1892-9206	Han Sichuan	O2a1b1a1a1a1a1a1b1a	O2a1b	5	Resolved	O2a1b	5	Resolved
111-1891-9757	Han Sichuan	O2a1b1a1a1a1a1a1b1a	O2a1b	5	Resolved	O2a1b	5	Resolved
111-1814-0472	Han Sichuan	O2a1b1a1a1a1a1a1b1c	O2a1b	5	Resolved	O2a1b	5	Resolved
111-1721-3115	Han Sichuan	O2a1b1a1a1a1a1a1b1c	O2a1b	5	Resolved	O2a1b	5	Resolved
990-0012-3635	Han Sichuan	O2a1b1a1a1a1a1a1b1d	O2a1b	5	Resolved	O2a1b	5	Resolved
111-1854-6861	Han Sichuan	O2a1b1a1a1a1a1a1b1d	O2a1b	5	Resolved	O2a1b	5	Resolved
111-1868-1357	Han Sichuan	O2a1b1a1a1a1a1a1b1d	O2a1b	5	Resolved	O2a1b	5	Resolved
111-1723-7302	Han Sichuan	O2a1b1a1a1a1a1a1b1d	O2a1b	5	Resolved	O2a1b	5	Resolved
111-1831-7690	Han Sichuan	O2a1b1a1a1a1a1a1b1d	O2a1b	5	Resolved	O2a1b	5	Resolved
111-1806-5195	Han Sichuan	O2a1b1a1a1a1a1a1b1d	O2a1b	5	Resolved	O2a1b	5	Resolved
990-0000-1346	Han Sichuan	O2a1b1a1a1a1a1a1b1f	O2a1b	5	Resolved	O2a1b	5	Resolved
111-1519-0715	Han Sichuan	O2a1b1a1a1a1a1b1	O2a1b	5	Resolved	O2a1b	5	Resolved
111-1546-7954	Han Sichuan	O2a1b1a1a1a1a1b1a1	O2a1b	5	Resolved	O2a1b	5	Resolved
111-1405-5367	Han Sichuan	O2a1b1a1a1a1a1b1a2	O2a1b	5	Resolved	O2a1b	5	Resolved
111-1168-8001	Han Sichuan	O2a1b1a1a1a1a1b1a2	O2a1b	5	Resolved	O2a1b	5	Resolved
111-1791-1813	Han Sichuan	O2a1b1a1a1a1a1b1a2	O2a1b	5	Resolved	O2a1b	5	Resolved
111-1825-1284	Han Sichuan	O2a1b1a1a1a1a1c	O2a1b	5	Resolved	O2a1b	5	Resolved
111-1900-7828	Han Sichuan	O2a1b1a1a1a1a2a	O2a1b	5	Resolved	O2a1b	5	Resolved
111-1775-5332	Han Sichuan	O2a1b1a1a1a1b1a1b2a	O2a1b	5	Resolved	O2a1b	5	Resolved
990-0000-3821	Han Sichuan	O2a1b1a1a1a1b1a1c2a	O2a1b	5	Resolved	O2a1b	5	Resolved
111-1215-8527	Han Sichuan	O2a1b1a1a1a1b1a1c2a	O2a1b	5	Resolved	O2a1b	5	Resolved
111-1174-7722	Han Sichuan	O2a1b1a1a1a1b1a2a1	O2a1b	5	Resolved	O2a1b	5	Resolved
111-1653-4679	Han Sichuan	O2a1b1a1a1a1c	O2a1b	5	Resolved	O2a1b	5	Resolved
111-1891-2154	Han Sichuan	O2a1b1a1a1a1c2	O2a1b	5	Resolved	O2a1b	5	Resolved
111-1499-4666	Han Sichuan	O2a1b1a1a1a1c2	O2a1b	5	Resolved	O2a1b	5	Resolved
111-1738-3283	Han Sichuan	O2a1b1a1a1a1d	O2a1b	5	Resolved	O2a1b	5	Resolved
111-1916-0080	Han Sichuan	O2a1b1a1a1a1d	O2a1b	5	Resolved	O2a1b	5	Resolved
111-1404-1940	Han Sichuan	O2a1b1a1a1a1e1	O2a1b	5	Resolved	O2a1b	5	Resolved
111-1861-8551	Han Sichuan	O2a1b1a1a1a1e1a2a2	O2a1b	5	Resolved	O2a1b	5	Resolved
111-1222-7926	Han Sichuan	O2a1b1a1a1a1e1a3	O2a1b	5	Resolved	O2a1b	5	Resolved
111-1811-1410	Han Sichuan	O2a1b1a1a1a1e1a3	O2a1b	5	Resolved	O2a1b	5	Resolved
111-1817-9724	Han Sichuan	O2a1b1a1a1a1e1b	O2a1b	5	Resolved	O2a1b	5	Resolved
111-1885-9640	Han Sichuan	O2a1b1a1a1a1e2	O2a1b	5	Resolved	O2a1b	5	Resolved
111-1913-2094	Han Sichuan	O2a1b1a1a1a1e2a2	O2a1b	5	Resolved	O2a1b	5	Resolved
990-0013-0435	Han Sichuan	O2a1b1a1a1a1e2a2	O2a1b	5	Resolved	O2a1b	5	Resolved
111-1834-2395	Han Sichuan	O2a1b1a1a1a1e2a2	O2a1b	5	Resolved	O2a1b	5	Resolved
111-1675-3162	Han Sichuan	O2a1b1a1a1a1e2b	O2a1b	5	Resolved	O2a1b	5	Resolved
111-1834-1480	Han Sichuan	O2a1b1a1a1a1f1a1	O2a1b	5	Resolved	O2a1b	5	Resolved
111-1153-4032	Han Sichuan	O2a1b1a1a1a1f1a1	O2a1b	5	Resolved	O2a1b	5	Resolved
111-1860-1317	Han Sichuan	O2a1b1a1a1a1f1a2a	O2a1b	5	Resolved	O2a1b	5	Resolved
111-1410-2634	Han Sichuan	O2a1b1a1a1a1f1a2a	O2a1b	5	Resolved	O2a1b	5	Resolved
111-1899-2200	Han Sichuan	O2a1b1a1a1a1f1a2a1a	O2a1b	5	Resolved	O2a1b	5	Resolved
111-1318-8387	Han Sichuan	O2a1b1a1a1a1f1a2a1a	O2a1b	5	Resolved	O2a1b	5	Resolved
111-1284-4109	Han Sichuan	O2a1b1a1a1a1f1a2a1a	O2a1b	5	Resolved	O2a1b	5	Resolved
111-1923-1667	Han Sichuan	O2a1b1a1a1a1f1b	O2a1b	5	Resolved	O2a1b	5	Resolved
111-1325-2613	Han Sichuan	O2a1b1a1a1a1g	O2a1b	5	Resolved	O2a1b	5	Resolved
111-1408-2622	Han Sichuan	O2a1b1a1a1a1g	O2a1b	5	Resolved	O2a1b	5	Resolved
111-1842-7597	Han Sichuan	O2a1b1a1a1a1g1	O2a1b	5	Resolved	O2a1b	5	Resolved
111-1469-3880	Han Sichuan	O2a1b1a1a1a1g1	O2a1b	5	Resolved	O2a1b	5	Resolved
111-1223-1848	Han Sichuan	O2a1b1a1a1a1g1	O2a1b	5	Resolved	O2a1b	5	Resolved
111-1817-5764	Han Sichuan	O2a1b1a1a1a1g1	O2a1b	5	Resolved	O2a1b	5	Resolved
111-1869-9796	Han Sichuan	O2a1b1a1a1a1g1	O2a1b	5	Resolved	O2a1b	5	Resolved
111-1840-8664	Han Sichuan	O2a1b1a1a1a1g1	O2a1b	5	Resolved	O2a1b	5	Resolved
111-1807-0373	Han Sichuan	O2a1b1a1a1a1g1	O2a1b	5	Resolved	O2a1b	5	Resolved
111-1869-5552	Han Sichuan	O2a1b1a1a1a1g1	O2a1b	5	Resolved	O2a1b	5	Resolved
990-0000-4033	Han Sichuan	O2a1b1a1a1a1g1	O2a1b	5	Resolved	O2a1b	5	Resolved
111-1818-9037	Han Sichuan	O2a1b1a1a1a1h1	O2a1b	5	Resolved	O2a1b	5	Resolved
111-1866-7443	Han Sichuan	O2a1b1a1a1a1h1a	O2a1b	5	Resolved	O2a1b	5	Resolved
111-1288-5713	Han Sichuan	O2a1b1a1a1a1ia	O2a1b	5	Resolved	O2a1b	5	Resolved
111-1648-0860	Han Sichuan	O2a1b1a1a1a1j	O2a1b	5	Resolved	O2a1b	5	Resolved
111-1376-1245	Han Sichuan	O2a1b1a1a1a1j	O2a1b	5	Resolved	O2a1b	5	Resolved
111-1275-5610	Han Sichuan	O2a1b1a1a1a1k	O2a1b	5	Resolved	O2a1b	5	Resolved
111-1322-2432	Han Sichuan	O2a1b1a1a1a1k	O2a1b	5	Resolved	O2a1b	5	Resolved
111-1284-6356	Han Sichuan	O2a1b1a1a1a1l	O2a1b	5	Resolved	O2a1b	5	Resolved
111-1531-7815	Han Sichuan	O2a1b1a1b	O2a1b	5	Resolved	O2a1b	5	Resolved
111-1533-7400	Han Sichuan	O2a1b1a1b	O2a1b	5	Resolved	O2a1b	5	Resolved
111-1468-8220	Han Sichuan	O2a1b1a1b	O2a1b	5	Resolved	O2a1b	5	Resolved
111-1823-5680	Han Sichuan	O2a1b1a1b	O2a1b	5	Resolved	O2a1b	5	Resolved
111-1553-9217	Han Sichuan	O2a1b1a1b	O2a1b	5	Resolved	O2a1b	5	Resolved
111-1524-4166	Han Sichuan	O2a1b1a1b	O2a1b	5	Resolved	O2a1b	5	Resolved
111-1535-0829	Han Sichuan	O2a1b1a1b	O2a1b	5	Resolved	O2a1b	5	Resolved
Y7265	Han Sichuan	O2a1b1a2a1a1a1	O2a1b	5	Resolved	O2a1b	5	Resolved
111-1812-6407	Han Sichuan	O2a1b1a2a1a1a1	O2a1b	5	Resolved	O2a1b	5	Resolved
111-1548-4029	Han Sichuan	O2a1b1a2a1a1a1	O2a1b	5	Resolved	O2a1b	5	Resolved
111-1896-9103	Han Sichuan	O2a1b1a2a1a1a1a	O2a1b	5	Resolved	O2a1b	5	Resolved
111-1261-2104	Han Sichuan	O2a1b1a2a1a1a2	O2a1b	5	Resolved	O2a1b	5	Resolved
Y5900	Han Sichuan	O2a1b1a2a1a1a2a	O2a1b	5	Resolved	O2a1b	5	Resolved
111-1202-3924	Han Sichuan	O2a1b1a2a1a3a1b1a1	O2a1b	5	Resolved	O2a1b	5	Resolved
111-1417-7564	Han Sichuan	O2a1b1a2a1a3a1b1a2	O2a1b	5	Resolved	O2a1b	5	Resolved
111-1384-6713	Han Sichuan	O2a1b1a2a1a3b	O2a1b	5	Resolved	O2a1b	5	Resolved
111-1200-4510	Han Sichuan	O2a1b1a2a1a3b1	O2a1b	5	Resolved	O2a1b	5	Resolved
990-0013-3184	Han Sichuan	O2a1b1a2a1a3b2	O2a1b	5	Resolved	O2a1b	5	Resolved
111-1845-9253	Han Sichuan	O2a1b1a2a1a3b2	O2a1b	5	Resolved	O2a1b	5	Resolved
111-1790-8455	Han Sichuan	O2a1b1a2a1a3b2	O2a1b	5	Resolved	O2a1b	5	Resolved
111-1924-6524	Han Sichuan	O2a1b1a2a1a3b2	O2a1b	5	Resolved	O2a1b	5	Resolved
111-1774-6484	Han Sichuan	O2a1b1a2a1a3b2	O2a1b	5	Resolved	O2a1b	5	Resolved
111-1392-8556	Han Sichuan	O2a1b1a2a1a3c	O2a1b	5	Resolved	O2a1b	5	Resolved
111-1328-2115	Han Sichuan	O2a1b1a2a1a4	O2a1b	5	Resolved	O2a1b	5	Resolved
111-1172-5287	Han Sichuan	O2a1b1a2a1a4a	O2a1b	5	Resolved	O2a1b	5	Resolved
111-1311-9091	Han Sichuan	O2a1b1a2a1a4a	O2a1b	5	Resolved	O2a1b	5	Resolved
111-1191-7569	Han Sichuan	O2a1b1a2a1a4a	O2a1b	5	Resolved	O2a1b	5	Resolved
111-1889-9738	Han Sichuan	O2a1b1a2a2a1b	O2a1b	5	Resolved	O2a1b	5	Resolved
111-1817-8727	Han Sichuan	O2a1b1a2a2b	O2a1b	5	Resolved	O2a1b	5	Resolved
111-1832-7859	Han Sichuan	O2a1b1a2a2b	O2a1b	5	Resolved	O2a1b	5	Resolved
111-1389-3786	Han Sichuan	O2a1b1a2b2b1	O2a1b	5	Resolved	O2a1b	5	Resolved
990-0001-0904	Han Sichuan	O2a1b1a2b2b1a1	O2a1b	5	Resolved	O2a1b	5	Resolved
111-1218-9552	Han Sichuan	O2a1b1a2b2b1a1	O2a1b	5	Resolved	O2a1b	5	Resolved
111-1850-5097	Han Sichuan	O2a1b1a2b2b1b1	O2a1b	5	Resolved	O2a1b	5	Resolved
111-1829-2980	Han Sichuan	O2a1b1b	O2a1b	5	Resolved	O2a1b	5	Resolved
111-1297-2888	Han Sichuan	O2a1b2	O2a1b	5	Resolved	O2a1b	5	Resolved
111-1762-0272	Han Sichuan	O2a1b2	O2a1b	5	Resolved	O2a1b	5	Resolved
990-0012-5646	Han Sichuan	O2a1b2	O2a1b	5	Resolved	O2a1b	5	Resolved
111-1838-8904	Han Sichuan	O2a1b2	O2a1b	5	Resolved	O2a1b	5	Resolved
111-1928-9712	Han Sichuan	O2a1b2	O2a1b	5	Resolved	O2a1b	5	Resolved
111-1656-5314	Han Sichuan	O2a1b2	O2a1b	5	Resolved	O2a1b	5	Resolved
111-1657-5429	Han Sichuan	O2a1b2a1	O2a1b	5	Resolved	O2a1b	5	Resolved
111-1497-8604	Han Sichuan	O2a1b2a1a	O2a1b	5	Resolved	O2a1b	5	Resolved
111-1740-8184	Han Sichuan	O2a1b2a1a	O2a1b	5	Resolved	O2a1b	5	Resolved
111-1376-2839	Han Sichuan	O2a1b2a1b	O2a1b	5	Resolved	O2a1b	5	Resolved
111-1833-4871	Han Sichuan	O2a1b2a2	O2a1b	5	Resolved	O2a1b	5	Resolved
111-1914-5568	Han Sichuan	O2a1b2a2	O2a1b	5	Resolved	O2a1b	5	Resolved
111-1838-3343	Han Sichuan	O2a1b2a2	O2a1b	5	Resolved	O2a1b	5	Resolved
111-1377-7314	Han Sichuan	O2a1b2a2a	O2a1b	5	Resolved	O2a1b	5	Resolved
111-1739-7112	Han Sichuan	O2a1b2a2a	O2a1b	5	Resolved	O2a1b	5	Resolved
111-1414-4689	Han Sichuan	O2a2a1a1a1b	O2a2a	5	Resolved	O2a2a1a1a1	10	Resolved
111-1868-8967	Han Sichuan	O2a2a1a1a1b	O2a2a	5	Resolved	O2a2a1a1a1	10	Resolved
111-1716-1188	Han Sichuan	O2a2a1a1a1b	O2a2a	5	Resolved	O2a2a1a1a1	10	Resolved
111-1855-0882	Han Sichuan	O2a2a1a1a1b1a	O2a2a	5	Resolved	O2a2a1a1a1	10	Resolved
111-1276-9341	Han Sichuan	O2a2a1a1b2	O2a2a	5	Resolved	O2a2a1a1b	9	Resolved
111-1802-7346	Han Sichuan	O2a2a1a1b2	O2a2a	5	Resolved	O2a2a1a1b	9	Resolved
111-1842-2332	Han Sichuan	O2a2a1a1b2b2a1a	O2a2a	5	Resolved	O2a2a1a1b	9	Resolved
111-1247-5020	Han Sichuan	O2a2a1a1b2b2a1a	O2a2a	5	Resolved	O2a2a1a1b	9	Resolved
111-1847-8612	Han Sichuan	O2a2a1a1b2b2a1a	O2a2a	5	Resolved	O2a2a1a1b	9	Resolved
111-1494-0151	Han Sichuan	O2a2a1a2a1a	O2a2a	5	Resolved	O2a2a1a2a1a*	11	Unresolved
111-1692-8997	Han Sichuan	O2a2a1a2a1a	O2a2a	5	Resolved	O2a2a1a2a1a*	11	Unresolved
Y5531	Han Sichuan	O2a2a1a2a1a1	O2a2a	5	Resolved	O2a2a1a2a1a1*	12	Unresolved
111-1744-1648	Han Sichuan	O2a2a1a2a1a1	O2a2a	5	Resolved	O2a2a1a2a1a1*	12	Unresolved
111-1829-4281	Han Sichuan	O2a2a1a2a1a1a1a	O2a2a	5	Resolved	O2a2a1a2a1a1a1	14	Resolved
111-1482-6516	Han Sichuan	O2a2a1a2a1a1a2a1a	O2a2a	5	Resolved	O2a2a1a2a1a1a2a1	16	Resolved
111-1631-9894	Han Sichuan	O2a2a1a2a1a1a2a1a	O2a2a	5	Resolved	O2a2a1a2a1a1a2a1	16	Resolved
111-1275-6143	Han Sichuan	O2a2a1a2a1a1a2a1a1a	O2a2a	5	Resolved	O2a2a1a2a1a1a2a1	16	Resolved
111-1342-3709	Han Sichuan	O2a2a1a2a1a1a2a1a1a	O2a2a	5	Resolved	O2a2a1a2a1a1a2a1	16	Resolved
111-1842-9133	Han Sichuan	O2a2a1a2a1a1a2a1a1a	O2a2a	5	Resolved	O2a2a1a2a1a1a2a1	16	Resolved
111-1908-9053	Han Sichuan	O2a2a1a2a1a1a2a1a1a1a	O2a2a	5	Resolved	O2a2a1a2a1a1a2a1	16	Resolved
111-1384-6126	Han Sichuan	O2a2a1a2a1a1a2a1a1a1a	O2a2a	5	Resolved	O2a2a1a2a1a1a2a1	16	Resolved
111-1930-0219	Han Sichuan	O2a2a1a2a1a1a2a1a1a1a	O2a2a	5	Resolved	O2a2a1a2a1a1a2a1	16	Resolved
111-1842-4718	Han Sichuan	O2a2a1a2a1a1a2a1a1a1a	O2a2a	5	Resolved	O2a2a1a2a1a1a2a1	16	Resolved
111-1859-1809	Han Sichuan	O2a2a1a2a1a1a2a1a1a1a	O2a2a	5	Resolved	O2a2a1a2a1a1a2a1	16	Resolved
111-1914-1522	Han Sichuan	O2a2a1a2a1a1a2a1b	O2a2a	5	Resolved	O2a2a1a2a1a1a2a1	16	Resolved
111-1289-4142	Han Sichuan	O2a2a1a2a1a1a2a1b	O2a2a	5	Resolved	O2a2a1a2a1a1a2a1	16	Resolved
111-1864-0712	Han Sichuan	O2a2a1a2a1a1a2a1b	O2a2a	5	Resolved	O2a2a1a2a1a1a2a1	16	Resolved
111-1899-6017	Han Sichuan	O2a2a1a2a1a1a2a1b	O2a2a	5	Resolved	O2a2a1a2a1a1a2a1	16	Resolved
111-1924-1420	Han Sichuan	O2a2a1a2a1a1a2a1b	O2a2a	5	Resolved	O2a2a1a2a1a1a2a1	16	Resolved
111-1831-1018	Han Sichuan	O2a2a1a2a1a1a2a1b	O2a2a	5	Resolved	O2a2a1a2a1a1a2a1	16	Resolved
111-1765-7476	Han Sichuan	O2a2a1a2a1a1a2a2	O2a2a	5	Resolved	O2a2a1a2a1a1a2a2	16	Resolved
111-1376-1733	Han Sichuan	O2a2a1a2a1a1a2b	O2a2a	5	Resolved	O2a2a1a2a1a1a2b	15	Resolved
111-1725-0042	Han Sichuan	O2a2a1a2a1a1b1	O2a2a	5	Resolved	O2a2a1a2a1a1b	13	Resolved
111-1899-8325	Han Sichuan	O2a2a1a2a1a1b1	O2a2a	5	Resolved	O2a2a1a2a1a1b	13	Resolved
111-1897-2202	Han Sichuan	O2a2a1a2a1a1b1	O2a2a	5	Resolved	O2a2a1a2a1a1b	13	Resolved
111-1857-6660	Han Sichuan	O2a2a1a2a1a1b1	O2a2a	5	Resolved	O2a2a1a2a1a1b	13	Resolved
111-1824-5634	Han Sichuan	O2a2a1a2a1a1b1	O2a2a	5	Resolved	O2a2a1a2a1a1b	13	Resolved
111-1304-8964	Han Sichuan	O2a2a1a2a1a1b2	O2a2a	5	Resolved	O2a2a1a2a1a1b	13	Resolved
111-1858-0759	Han Sichuan	O2a2a1a2a1a1b2	O2a2a	5	Resolved	O2a2a1a2a1a1b	13	Resolved
111-1831-8383	Han Sichuan	O2a2a1a2a1b	O2a2a	5	Resolved	O2a2a1a2a1b	11	Resolved
111-1456-9871	Han Sichuan	O2a2a1a2a1b	O2a2a	5	Resolved	O2a2a1a2a1b	11	Resolved
111-1725-5337	Han Sichuan	O2a2a1a2a1b	O2a2a	5	Resolved	O2a2a1a2a1b	11	Resolved
111-1891-8330	Han Sichuan	O2a2a1a2a1b1a	O2a2a	5	Resolved	O2a2a1a2a1b	11	Resolved
111-1308-4467	Han Sichuan	O2a2a1a2a1b1a	O2a2a	5	Resolved	O2a2a1a2a1b	11	Resolved
990-0001-1048	Han Sichuan	O2a2a1a2a3	O2a2a	5	Resolved	O2a2a1a2a3	10	Resolved
Y7238	Han Sichuan	O2a2a1b	O2a2a	5	Resolved	O2a2a1b	7	Resolved
111-1381-6396	Han Sichuan	O2a2a2	O2a2a	5	Resolved	O2a2a2	6	Resolved
111-1827-9523	Han Sichuan	O2a2a2a1	O2a2a	5	Resolved	O2a2a2	6	Resolved
111-1510-2794	Han Sichuan	O2a2a2a1	O2a2a	5	Resolved	O2a2a2	6	Resolved
111-1430-8821	Han Sichuan	O2a2a2a1a1	O2a2a	5	Resolved	O2a2a2	6	Resolved
111-1271-2507	Han Sichuan	O2a2a2a1a1a	O2a2a	5	Resolved	O2a2a2	6	Resolved
111-1911-9439	Han Sichuan	O2a2a2a1a1a	O2a2a	5	Resolved	O2a2a2	6	Resolved
111-1336-9731	Han Sichuan	O2a2a2a2	O2a2a	5	Resolved	O2a2a2	6	Resolved
111-1311-4270	Han Sichuan	O2a2a2a2	O2a2a	5	Resolved	O2a2a2	6	Resolved
111-1261-2562	Han Sichuan	O2a2a2a2	O2a2a	5	Resolved	O2a2a2	6	Resolved
111-1725-3616	Han Sichuan	O2a2a2a2	O2a2a	5	Resolved	O2a2a2	6	Resolved
111-1384-1329	Han Sichuan	O2a2a2a2	O2a2a	5	Resolved	O2a2a2	6	Resolved
111-1345-8626	Han Sichuan	O2a2a2a2	O2a2a	5	Resolved	O2a2a2	6	Resolved
111-1870-4629	Han Sichuan	O2a2a2a2	O2a2a	5	Resolved	O2a2a2	6	Resolved
Y5738	Han Sichuan	O2a2b1	O2a2b	5	Resolved	O2a2b1*	6	Unresolved
111-1337-4568	Han Sichuan	O2a2b1	O2a2b	5	Resolved	O2a2b1*	6	Unresolved
111-1913-7112	Han Sichuan	O2a2b1a1a	O2a2b	5	Resolved	O2a2b1a1a*	9	Unresolved
111-1889-5877	Han Sichuan	O2a2b1a1a1	O2a2b	5	Resolved	O2a2b1a1a1*	10	Unresolved
111-1897-3407	Han Sichuan	O2a2b1a1a1	O2a2b	5	Resolved	O2a2b1a1a1*	10	Unresolved
111-1836-3512	Han Sichuan	O2a2b1a1a1	O2a2b	5	Resolved	O2a2b1a1a1*	10	Unresolved
990-0000-3296	Han Sichuan	O2a2b1a1a1	O2a2b	5	Resolved	O2a2b1a1a1*	10	Unresolved
111-1822-9764	Han Sichuan	O2a2b1a1a1	O2a2b	5	Resolved	O2a2b1a1a1*	10	Unresolved
111-1906-9352	Han Sichuan	O2a2b1a1a1	O2a2b	5	Resolved	O2a2b1a1a1*	10	Unresolved
111-1765-9395	Han Sichuan	O2a2b1a1a1	O2a2b	5	Resolved	O2a2b1a1a1*	10	Unresolved
111-1820-3818	Han Sichuan	O2a2b1a1a1	O2a2b	5	Resolved	O2a2b1a1a1*	10	Unresolved
111-1769-4907	Han Sichuan	O2a2b1a1a1	O2a2b	5	Resolved	O2a2b1a1a1*	10	Unresolved
111-1838-5675	Han Sichuan	O2a2b1a1a1a1	O2a2b	5	Resolved	O2a2b1a1a1a1	12	Resolved
111-1846-7166	Han Sichuan	O2a2b1a1a1a1	O2a2b	5	Resolved	O2a2b1a1a1a1	12	Resolved
111-1912-5089	Han Sichuan	O2a2b1a1a1a1	O2a2b	5	Resolved	O2a2b1a1a1a1	12	Resolved
111-1783-1098	Han Sichuan	O2a2b1a1a1a1	O2a2b	5	Resolved	O2a2b1a1a1a1	12	Resolved
111-1767-1595	Han Sichuan	O2a2b1a1a1a1a1	O2a2b	5	Resolved	O2a2b1a1a1a1	12	Resolved
111-1897-0932	Han Sichuan	O2a2b1a1a1a1a1	O2a2b	5	Resolved	O2a2b1a1a1a1	12	Resolved
111-1891-2147	Han Sichuan	O2a2b1a1a1a1a1a1	O2a2b	5	Resolved	O2a2b1a1a1a1	12	Resolved
111-1786-2191	Han Sichuan	O2a2b1a1a1a1a1a1a1	O2a2b	5	Resolved	O2a2b1a1a1a1	12	Resolved
111-1858-7574	Han Sichuan	O2a2b1a1a1a1a1a1a1	O2a2b	5	Resolved	O2a2b1a1a1a1	12	Resolved
111-1825-8801	Han Sichuan	O2a2b1a1a1a1a1a1a1	O2a2b	5	Resolved	O2a2b1a1a1a1	12	Resolved
111-1915-4034	Han Sichuan	O2a2b1a1a1a1a1a1a1	O2a2b	5	Resolved	O2a2b1a1a1a1	12	Resolved
111-1220-0738	Han Sichuan	O2a2b1a1a1a1a1a1a1	O2a2b	5	Resolved	O2a2b1a1a1a1	12	Resolved
111-1849-3103	Han Sichuan	O2a2b1a1a1a1a1a1a1	O2a2b	5	Resolved	O2a2b1a1a1a1	12	Resolved
111-1844-1814	Han Sichuan	O2a2b1a1a1a1a1a1a1	O2a2b	5	Resolved	O2a2b1a1a1a1	12	Resolved
111-1198-8347	Han Sichuan	O2a2b1a1a1a1a1a1a1	O2a2b	5	Resolved	O2a2b1a1a1a1	12	Resolved
111-1788-7637	Han Sichuan	O2a2b1a1a1a1a1a1a1	O2a2b	5	Resolved	O2a2b1a1a1a1	12	Resolved
111-1790-7595	Han Sichuan	O2a2b1a1a1a1a1a1a1	O2a2b	5	Resolved	O2a2b1a1a1a1	12	Resolved
111-1659-5908	Han Sichuan	O2a2b1a1a1a1a1a1a1	O2a2b	5	Resolved	O2a2b1a1a1a1	12	Resolved
111-1909-4347	Han Sichuan	O2a2b1a1a1a1a1a1a1	O2a2b	5	Resolved	O2a2b1a1a1a1	12	Resolved
111-1880-7382	Han Sichuan	O2a2b1a1a1a1a1a1a1	O2a2b	5	Resolved	O2a2b1a1a1a1	12	Resolved
111-1737-1327	Han Sichuan	O2a2b1a1a1a1a1a1a1	O2a2b	5	Resolved	O2a2b1a1a1a1	12	Resolved
111-1927-7115	Han Sichuan	O2a2b1a1a1a1a1a1a1	O2a2b	5	Resolved	O2a2b1a1a1a1	12	Resolved
111-1177-9976	Han Sichuan	O2a2b1a1a1a1a1a1a1a	O2a2b	5	Resolved	O2a2b1a1a1a1	12	Resolved
111-1887-7675	Han Sichuan	O2a2b1a1a1a1a1a1a1b1a	O2a2b	5	Resolved	O2a2b1a1a1a1	12	Resolved
111-1822-9009	Han Sichuan	O2a2b1a1a1a1a1a1a1c	O2a2b	5	Resolved	O2a2b1a1a1a1	12	Resolved
111-1197-9321	Han Sichuan	O2a2b1a1a1a1a1a1a1c	O2a2b	5	Resolved	O2a2b1a1a1a1	12	Resolved
111-1180-3503	Han Sichuan	O2a2b1a1a1a1a1a1d	O2a2b	5	Resolved	O2a2b1a1a1a1	12	Resolved
111-1833-2334	Han Sichuan	O2a2b1a1a1a1a1b1	O2a2b	5	Resolved	O2a2b1a1a1a1	12	Resolved
990-0002-5755	Han Sichuan	O2a2b1a1a1a1a1b1a1a1a2	O2a2b	5	Resolved	O2a2b1a1a1a1	12	Resolved
111-1248-3209	Han Sichuan	O2a2b1a1a1a1a1b1a1a1a2	O2a2b	5	Resolved	O2a2b1a1a1a1	12	Resolved
111-1666-4789	Han Sichuan	O2a2b1a1a1a1a1b1a1a1a2	O2a2b	5	Resolved	O2a2b1a1a1a1	12	Resolved
111-1667-8274	Han Sichuan	O2a2b1a1a1a1a1b1a1b1a	O2a2b	5	Resolved	O2a2b1a1a1a1	12	Resolved
111-1877-8873	Han Sichuan	O2a2b1a1a1a1a1b1a1b1a	O2a2b	5	Resolved	O2a2b1a1a1a1	12	Resolved
990-0000-4422	Han Sichuan	O2a2b1a1a1a1a1b1a1b1a	O2a2b	5	Resolved	O2a2b1a1a1a1	12	Resolved
111-1185-2334	Han Sichuan	O2a2b1a1a1a1a1b1a1b1a	O2a2b	5	Resolved	O2a2b1a1a1a1	12	Resolved
111-1658-2380	Han Sichuan	O2a2b1a1a1a1a1b1a1b1a	O2a2b	5	Resolved	O2a2b1a1a1a1	12	Resolved
111-1826-4710	Han Sichuan	O2a2b1a1a1a1a1b1a1b1a	O2a2b	5	Resolved	O2a2b1a1a1a1	12	Resolved
111-1779-9107	Han Sichuan	O2a2b1a1a1a1a1b1a1b1a	O2a2b	5	Resolved	O2a2b1a1a1a1	12	Resolved
Y2390	Han Sichuan	O2a2b1a1a1a1a1b1a1b2a2	O2a2b	5	Resolved	O2a2b1a1a1a1	12	Resolved
111-1920-2940	Han Sichuan	O2a2b1a1a1a1a1b1a1b2a2	O2a2b	5	Resolved	O2a2b1a1a1a1	12	Resolved
111-1738-1746	Han Sichuan	O2a2b1a1a1a1a1b1a2b	O2a2b	5	Resolved	O2a2b1a1a1a1	12	Resolved
111-1857-0903	Han Sichuan	O2a2b1a1a1a1a1b2	O2a2b	5	Resolved	O2a2b1a1a1a1	12	Resolved
111-1918-6479	Han Sichuan	O2a2b1a1a1a1a1b2	O2a2b	5	Resolved	O2a2b1a1a1a1	12	Resolved
111-1842-0055	Han Sichuan	O2a2b1a1a1a1a1c	O2a2b	5	Resolved	O2a2b1a1a1a1	12	Resolved
Y2644	Han Sichuan	O2a2b1a1a1a2a1a	O2a2b	5	Resolved	O2a2b1a1a1a2	12	Resolved
111-1825-6951	Han Sichuan	O2a2b1a1a1a2a1a	O2a2b	5	Resolved	O2a2b1a1a1a2	12	Resolved
111-1916-4903	Han Sichuan	O2a2b1a1a1a2a1a	O2a2b	5	Resolved	O2a2b1a1a1a2	12	Resolved
111-1815-2833	Han Sichuan	O2a2b1a1a1a2a1a	O2a2b	5	Resolved	O2a2b1a1a1a2	12	Resolved
111-1927-3315	Han Sichuan	O2a2b1a1a1a2a1a1	O2a2b	5	Resolved	O2a2b1a1a1a2	12	Resolved
111-1852-7631	Han Sichuan	O2a2b1a1a1a2a1a1	O2a2b	5	Resolved	O2a2b1a1a1a2	12	Resolved
111-1669-2430	Han Sichuan	O2a2b1a1a1a3a1	O2a2b	5	Resolved	O2a2b1a1a1a3	12	Resolved
111-1913-2391	Han Sichuan	O2a2b1a1a1a3a1a	O2a2b	5	Resolved	O2a2b1a1a1a3	12	Resolved
111-1239-8756	Han Sichuan	O2a2b1a1a1a3a1a	O2a2b	5	Resolved	O2a2b1a1a1a3	12	Resolved
111-1916-4934	Han Sichuan	O2a2b1a1a1a3a1a	O2a2b	5	Resolved	O2a2b1a1a1a3	12	Resolved
990-0000-1360	Han Sichuan	O2a2b1a1a1a3a1a	O2a2b	5	Resolved	O2a2b1a1a1a3	12	Resolved
990-0001-7101	Han Sichuan	O2a2b1a1a1a3a1a	O2a2b	5	Resolved	O2a2b1a1a1a3	12	Resolved
111-1694-2252	Han Sichuan	O2a2b1a1a1a3a1a	O2a2b	5	Resolved	O2a2b1a1a1a3	12	Resolved
111-1907-1300	Han Sichuan	O2a2b1a1a1a3a1a	O2a2b	5	Resolved	O2a2b1a1a1a3	12	Resolved
000-0800-0195	Han Sichuan	O2a2b1a1a1a3a1a	O2a2b	5	Resolved	O2a2b1a1a1a3	12	Resolved
990-0013-2965	Han Sichuan	O2a2b1a1a1a3a1a	O2a2b	5	Resolved	O2a2b1a1a1a3	12	Resolved
111-1662-6916	Han Sichuan	O2a2b1a1a1a3a1a	O2a2b	5	Resolved	O2a2b1a1a1a3	12	Resolved
111-1863-0959	Han Sichuan	O2a2b1a1a1a3a1a	O2a2b	5	Resolved	O2a2b1a1a1a3	12	Resolved
990-0013-0299	Han Sichuan	O2a2b1a1a1a3a1a	O2a2b	5	Resolved	O2a2b1a1a1a3	12	Resolved
990-0013-2972	Han Sichuan	O2a2b1a1a1a3a1a	O2a2b	5	Resolved	O2a2b1a1a1a3	12	Resolved
111-1863-2762	Han Sichuan	O2a2b1a1a1a3a1a	O2a2b	5	Resolved	O2a2b1a1a1a3	12	Resolved
111-1194-2271	Han Sichuan	O2a2b1a1a1a3a1a	O2a2b	5	Resolved	O2a2b1a1a1a3	12	Resolved
111-1854-1767	Han Sichuan	O2a2b1a1a1a3a1a1	O2a2b	5	Resolved	O2a2b1a1a1a3	12	Resolved
111-1903-4459	Han Sichuan	O2a2b1a1a1a3a1a1	O2a2b	5	Resolved	O2a2b1a1a1a3	12	Resolved
111-1865-4085	Han Sichuan	O2a2b1a1a1a3a1a1	O2a2b	5	Resolved	O2a2b1a1a1a3	12	Resolved
990-0000-7089	Han Sichuan	O2a2b1a1a1a3a1a1a1	O2a2b	5	Resolved	O2a2b1a1a1a3	12	Resolved
111-1230-1251	Han Sichuan	O2a2b1a1a1a3a1a1a1	O2a2b	5	Resolved	O2a2b1a1a1a3	12	Resolved
111-1837-6369	Han Sichuan	O2a2b1a1a1a3a1a2	O2a2b	5	Resolved	O2a2b1a1a1a3	12	Resolved
111-1861-3464	Han Sichuan	O2a2b1a1a1a3a1a2	O2a2b	5	Resolved	O2a2b1a1a1a3	12	Resolved
111-1287-5110	Han Sichuan	O2a2b1a1a1a3a1a2	O2a2b	5	Resolved	O2a2b1a1a1a3	12	Resolved
111-1826-7957	Han Sichuan	O2a2b1a1a1a3a1a2	O2a2b	5	Resolved	O2a2b1a1a1a3	12	Resolved
111-1770-8093	Han Sichuan	O2a2b1a1a1a4a	O2a2b	5	Resolved	O2a2b1a1a1a4a*	13	Unresolved
111-1767-8549	Han Sichuan	O2a2b1a1a1a4a	O2a2b	5	Resolved	O2a2b1a1a1a4a*	13	Unresolved
111-1537-5785	Han Sichuan	O2a2b1a1a1a4a	O2a2b	5	Resolved	O2a2b1a1a1a4a*	13	Unresolved
111-1790-4372	Han Sichuan	O2a2b1a1a1a4a2	O2a2b	5	Resolved	O2a2b1a1a1a4a2*	14	Unresolved
111-1801-8573	Han Sichuan	O2a2b1a1a1a4a2	O2a2b	5	Resolved	O2a2b1a1a1a4a2*	14	Unresolved
111-1841-5198	Han Sichuan	O2a2b1a1a1a4a2	O2a2b	5	Resolved	O2a2b1a1a1a4a2*	14	Unresolved
111-1700-9756	Han Sichuan	O2a2b1a1a1a4a2	O2a2b	5	Resolved	O2a2b1a1a1a4a2*	14	Unresolved
111-1906-1691	Han Sichuan	O2a2b1a1a1a4a2	O2a2b	5	Resolved	O2a2b1a1a1a4a2*	14	Unresolved
111-1569-0772	Han Sichuan	O2a2b1a1a1a4a2	O2a2b	5	Resolved	O2a2b1a1a1a4a2*	14	Unresolved
111-1851-4136	Han Sichuan	O2a2b1a1a1a4a2a1	O2a2b	5	Resolved	O2a2b1a1a1a4a2a1	16	Resolved
111-1929-7014	Han Sichuan	O2a2b1a1a1a4a2a1	O2a2b	5	Resolved	O2a2b1a1a1a4a2a1	16	Resolved
111-1867-8517	Han Sichuan	O2a2b1a1a1a4a2a1	O2a2b	5	Resolved	O2a2b1a1a1a4a2a1	16	Resolved
990-0011-9096	Han Sichuan	O2a2b1a1a1a4a2a1a1	O2a2b	5	Resolved	O2a2b1a1a1a4a2a1	16	Resolved
111-1813-5294	Han Sichuan	O2a2b1a1a1a4a2a1a1	O2a2b	5	Resolved	O2a2b1a1a1a4a2a1	16	Resolved
111-1664-4798	Han Sichuan	O2a2b1a1a1a4a2a1a1	O2a2b	5	Resolved	O2a2b1a1a1a4a2a1	16	Resolved
111-1850-6537	Han Sichuan	O2a2b1a1a1a5a	O2a2b	5	Resolved	O2a2b1a1a1a5	12	Resolved
111-1896-7833	Han Sichuan	O2a2b1a1a1a5a	O2a2b	5	Resolved	O2a2b1a1a1a5	12	Resolved
111-1484-1601	Han Sichuan	O2a2b1a1a1a5a	O2a2b	5	Resolved	O2a2b1a1a1a5	12	Resolved
111-1826-6882	Han Sichuan	O2a2b1a1a1a5a	O2a2b	5	Resolved	O2a2b1a1a1a5	12	Resolved
111-1790-3733	Han Sichuan	O2a2b1a1a1a5a	O2a2b	5	Resolved	O2a2b1a1a1a5	12	Resolved
111-1627-0379	Han Sichuan	O2a2b1a1a1b	O2a2b	5	Resolved	O2a2b1a1a1b	11	Resolved
111-1841-9837	Han Sichuan	O2a2b1a1a1b	O2a2b	5	Resolved	O2a2b1a1a1b	11	Resolved
111-1695-0011	Han Sichuan	O2a2b1a1a1b1a1	O2a2b	5	Resolved	O2a2b1a1a1b	11	Resolved
111-1782-9323	Han Sichuan	O2a2b1a1a1b1a1	O2a2b	5	Resolved	O2a2b1a1a1b	11	Resolved
111-1259-5155	Han Sichuan	O2a2b1a1a1b1a1	O2a2b	5	Resolved	O2a2b1a1a1b	11	Resolved
111-1583-4176	Han Sichuan	O2a2b1a1a1b1a1	O2a2b	5	Resolved	O2a2b1a1a1b	11	Resolved
111-1893-4903	Han Sichuan	O2a2b1a1a1b1a1	O2a2b	5	Resolved	O2a2b1a1a1b	11	Resolved
111-1657-1230	Han Sichuan	O2a2b1a1a1b1a1	O2a2b	5	Resolved	O2a2b1a1a1b	11	Resolved
111-1833-4048	Han Sichuan	O2a2b1a1a1b1a1a	O2a2b	5	Resolved	O2a2b1a1a1b	11	Resolved
111-1815-5599	Han Sichuan	O2a2b1a1a1b1a1a	O2a2b	5	Resolved	O2a2b1a1a1b	11	Resolved
111-1892-4652	Han Sichuan	O2a2b1a1a1b1a1a	O2a2b	5	Resolved	O2a2b1a1a1b	11	Resolved
111-1883-7631	Han Sichuan	O2a2b1a1a1b1a1a	O2a2b	5	Resolved	O2a2b1a1a1b	11	Resolved
111-1886-0349	Han Sichuan	O2a2b1a1a1b1a1a	O2a2b	5	Resolved	O2a2b1a1a1b	11	Resolved
111-1797-4122	Han Sichuan	O2a2b1a1a1b1a1b	O2a2b	5	Resolved	O2a2b1a1a1b	11	Resolved
111-1825-5374	Han Sichuan	O2a2b1a1a1b2	O2a2b	5	Resolved	O2a2b1a1a1b	11	Resolved
111-1911-0665	Han Sichuan	O2a2b1a1a1b2	O2a2b	5	Resolved	O2a2b1a1a1b	11	Resolved
990-0013-1999	Han Sichuan	O2a2b1a1a1b2	O2a2b	5	Resolved	O2a2b1a1a1b	11	Resolved
111-1857-3508	Han Sichuan	O2a2b1a1a1c1a	O2a2b	5	Resolved	O2a2b1a1a1c	11	Resolved
111-1808-9443	Han Sichuan	O2a2b1a1a1c1a1a1	O2a2b	5	Resolved	O2a2b1a1a1c	11	Resolved
111-1850-7176	Han Sichuan	O2a2b1a1a1c1a1a1	O2a2b	5	Resolved	O2a2b1a1a1c	11	Resolved
111-1561-4051	Han Sichuan	O2a2b1a1a1c1a1a1	O2a2b	5	Resolved	O2a2b1a1a1c	11	Resolved
111-1846-4639	Han Sichuan	O2a2b1a1a1c1a1a1	O2a2b	5	Resolved	O2a2b1a1a1c	11	Resolved
111-1741-2426	Han Sichuan	O2a2b1a1a1c1a1a2	O2a2b	5	Resolved	O2a2b1a1a1c	11	Resolved
111-1865-3293	Han Sichuan	O2a2b1a1a1c1a1a2a	O2a2b	5	Resolved	O2a2b1a1a1c	11	Resolved
111-1655-4653	Han Sichuan	O2a2b1a1a1c1a1a2a	O2a2b	5	Resolved	O2a2b1a1a1c	11	Resolved
111-1202-3313	Han Sichuan	O2a2b1a1a1c1b	O2a2b	5	Resolved	O2a2b1a1a1c	11	Resolved
111-1870-1024	Han Sichuan	O2a2b1a1a1c1b	O2a2b	5	Resolved	O2a2b1a1a1c	11	Resolved
111-1198-6718	Han Sichuan	O2a2b1a1a1c1b1	O2a2b	5	Resolved	O2a2b1a1a1c	11	Resolved
111-1912-4266	Han Sichuan	O2a2b1a1a1c1b1	O2a2b	5	Resolved	O2a2b1a1a1c	11	Resolved
111-1743-7818	Han Sichuan	O2a2b1a1a1c1b1	O2a2b	5	Resolved	O2a2b1a1a1c	11	Resolved
111-1759-9967	Han Sichuan	O2a2b1a1a1d1	O2a2b	5	Resolved	O2a2b1a1a1d	11	Resolved
111-1806-6673	Han Sichuan	O2a2b1a1a1d2	O2a2b	5	Resolved	O2a2b1a1a1d	11	Resolved
111-1856-3707	Han Sichuan	O2a2b1a1a1e1	O2a2b	5	Resolved	O2a2b1a1a1e	11	Resolved
111-1274-4362	Han Sichuan	O2a2b1a1a1e2	O2a2b	5	Resolved	O2a2b1a1a1e	11	Resolved
111-1853-5957	Han Sichuan	O2a2b1a1a1e2	O2a2b	5	Resolved	O2a2b1a1a1e	11	Resolved
111-1835-0598	Han Sichuan	O2a2b1a1a1e2a	O2a2b	5	Resolved	O2a2b1a1a1e	11	Resolved
111-1862-3180	Han Sichuan	O2a2b1a1a1e2a	O2a2b	5	Resolved	O2a2b1a1a1e	11	Resolved
111-1801-3318	Han Sichuan	O2a2b1a1a1e2a	O2a2b	5	Resolved	O2a2b1a1a1e	11	Resolved
111-1802-9975	Han Sichuan	O2a2b1a1a1e2a	O2a2b	5	Resolved	O2a2b1a1a1e	11	Resolved
111-1823-8414	Han Sichuan	O2a2b1a1b	O2a2b	5	Resolved	O2a2b1a1b	9	Resolved
111-1853-6114	Han Sichuan	O2a2b1a1b	O2a2b	5	Resolved	O2a2b1a1b	9	Resolved
111-1337-7903	Han Sichuan	O2a2b1a2a	O2a2b	5	Resolved	O2a2b1a2	8	Resolved
111-1859-8792	Han Sichuan	O2a2b1a2a1a1a1	O2a2b	5	Resolved	O2a2b1a2	8	Resolved
111-1870-4827	Han Sichuan	O2a2b1a2a1a1a1	O2a2b	5	Resolved	O2a2b1a2	8	Resolved
111-1852-1912	Han Sichuan	O2a2b1a2a1a1a1	O2a2b	5	Resolved	O2a2b1a2	8	Resolved
111-1869-0250	Han Sichuan	O2a2b1a2a1a1a1	O2a2b	5	Resolved	O2a2b1a2	8	Resolved
111-1669-1631	Han Sichuan	O2a2b1a2a1a1a1a1a1	O2a2b	5	Resolved	O2a2b1a2	8	Resolved
111-1831-2558	Han Sichuan	O2a2b1a2a1a1a1a1a1	O2a2b	5	Resolved	O2a2b1a2	8	Resolved
111-1699-5579	Han Sichuan	O2a2b1a2a1a1a1a1a1	O2a2b	5	Resolved	O2a2b1a2	8	Resolved
111-1781-8976	Han Sichuan	O2a2b1a2a1a1a1a1a1a	O2a2b	5	Resolved	O2a2b1a2	8	Resolved
111-1921-7968	Han Sichuan	O2a2b1a2a1a1a1a1a1a	O2a2b	5	Resolved	O2a2b1a2	8	Resolved
Y2397	Han Sichuan	O2a2b1a2a1a1a1a1a1a1a	O2a2b	5	Resolved	O2a2b1a2	8	Resolved
111-1786-7080	Han Sichuan	O2a2b1a2a1a1a1a1a1a1a	O2a2b	5	Resolved	O2a2b1a2	8	Resolved
111-1648-8804	Han Sichuan	O2a2b1a2a1a1a1a1a1a1a	O2a2b	5	Resolved	O2a2b1a2	8	Resolved
111-1664-4637	Han Sichuan	O2a2b1a2a1a1a2	O2a2b	5	Resolved	O2a2b1a2	8	Resolved
111-1775-1686	Han Sichuan	O2a2b1a2a1a1a2	O2a2b	5	Resolved	O2a2b1a2	8	Resolved
111-1796-1818	Han Sichuan	O2a2b1a2a1a1a2	O2a2b	5	Resolved	O2a2b1a2	8	Resolved
111-1758-2266	Han Sichuan	O2a2b1a2a1a1a2	O2a2b	5	Resolved	O2a2b1a2	8	Resolved
111-1664-0684	Han Sichuan	O2a2b1a2a1a1a2	O2a2b	5	Resolved	O2a2b1a2	8	Resolved
111-1898-0665	Han Sichuan	O2a2b1a2a1a1a2	O2a2b	5	Resolved	O2a2b1a2	8	Resolved
111-1625-1583	Han Sichuan	O2a2b1a2a1a1a2	O2a2b	5	Resolved	O2a2b1a2	8	Resolved
111-1624-6053	Han Sichuan	O2a2b1a2a1a1a2	O2a2b	5	Resolved	O2a2b1a2	8	Resolved
111-1213-4163	Han Sichuan	O2a2b1a2a1a1a2	O2a2b	5	Resolved	O2a2b1a2	8	Resolved
111-1844-8516	Han Sichuan	O2a2b1a2a1a1a2a	O2a2b	5	Resolved	O2a2b1a2	8	Resolved
111-1624-9450	Han Sichuan	O2a2b1a2a1a1a2a	O2a2b	5	Resolved	O2a2b1a2	8	Resolved
111-1830-2917	Han Sichuan	O2a2b1a2a1a1a2a	O2a2b	5	Resolved	O2a2b1a2	8	Resolved
111-1754-4950	Han Sichuan	O2a2b1a2a1a1a2a	O2a2b	5	Resolved	O2a2b1a2	8	Resolved
111-1657-9366	Han Sichuan	O2a2b1a2a1a1a2a	O2a2b	5	Resolved	O2a2b1a2	8	Resolved
111-1197-0649	Han Sichuan	O2a2b1a2a1a1a2a	O2a2b	5	Resolved	O2a2b1a2	8	Resolved
111-1654-3435	Han Sichuan	O2a2b1a2a1a1a2a1	O2a2b	5	Resolved	O2a2b1a2	8	Resolved
111-1831-3272	Han Sichuan	O2a2b1a2a1a1a2a1	O2a2b	5	Resolved	O2a2b1a2	8	Resolved
111-1605-0575	Han Sichuan	O2a2b1a2a1a1a2a1	O2a2b	5	Resolved	O2a2b1a2	8	Resolved
111-1555-3718	Han Sichuan	O2a2b1a2a1a1a2a1	O2a2b	5	Resolved	O2a2b1a2	8	Resolved
111-1813-6529	Han Sichuan	O2a2b1a2a1a1a2a1	O2a2b	5	Resolved	O2a2b1a2	8	Resolved
111-1930-1193	Han Sichuan	O2a2b1a2a1a1a2a1	O2a2b	5	Resolved	O2a2b1a2	8	Resolved
111-1901-9166	Han Sichuan	O2a2b1a2a1a1a2a1	O2a2b	5	Resolved	O2a2b1a2	8	Resolved
111-1664-1223	Han Sichuan	O2a2b1a2a1a1a2a1	O2a2b	5	Resolved	O2a2b1a2	8	Resolved
111-1778-4929	Han Sichuan	O2a2b1a2a1a1a2a1	O2a2b	5	Resolved	O2a2b1a2	8	Resolved
111-1848-0691	Han Sichuan	O2a2b1a2a1a1a2a1	O2a2b	5	Resolved	O2a2b1a2	8	Resolved
111-1659-5878	Han Sichuan	O2a2b1a2a1a1a2a1	O2a2b	5	Resolved	O2a2b1a2	8	Resolved
111-1908-6991	Han Sichuan	O2a2b1a2a1a1a2a1	O2a2b	5	Resolved	O2a2b1a2	8	Resolved
111-1896-4573	Han Sichuan	O2a2b1a2a1a1a2a1	O2a2b	5	Resolved	O2a2b1a2	8	Resolved
111-1914-8200	Han Sichuan	O2a2b1a2a1a1a2a1	O2a2b	5	Resolved	O2a2b1a2	8	Resolved
111-1419-6244	Han Sichuan	O2a2b1a2a1a1a2a1	O2a2b	5	Resolved	O2a2b1a2	8	Resolved
111-1728-9615	Han Sichuan	O2a2b1a2a1a1a2a1	O2a2b	5	Resolved	O2a2b1a2	8	Resolved
111-1860-1737	Han Sichuan	O2a2b1a2a1a1a2a1	O2a2b	5	Resolved	O2a2b1a2	8	Resolved
111-1748-9114	Han Sichuan	O2a2b1a2a1a1a2a1	O2a2b	5	Resolved	O2a2b1a2	8	Resolved
111-1828-4749	Han Sichuan	O2a2b1a2a1a1a2a1	O2a2b	5	Resolved	O2a2b1a2	8	Resolved
111-1864-6493	Han Sichuan	O2a2b1a2a1a1a2a1	O2a2b	5	Resolved	O2a2b1a2	8	Resolved
111-1647-0434	Han Sichuan	O2a2b1a2a1a1a2a1	O2a2b	5	Resolved	O2a2b1a2	8	Resolved
111-1503-2978	Han Sichuan	O2a2b1a2a1a1a2a1a1	O2a2b	5	Resolved	O2a2b1a2	8	Resolved
111-1865-3484	Han Sichuan	O2a2b1a2a1a1a2a1a1	O2a2b	5	Resolved	O2a2b1a2	8	Resolved
111-1917-9938	Han Sichuan	O2a2b1a2a1a1a2a1a1	O2a2b	5	Resolved	O2a2b1a2	8	Resolved
111-1182-5116	Han Sichuan	O2a2b1a2a1a1a2a1a1	O2a2b	5	Resolved	O2a2b1a2	8	Resolved
111-1378-3902	Han Sichuan	O2a2b1a2a1a1a2a1a1a	O2a2b	5	Resolved	O2a2b1a2	8	Resolved
111-1920-5835	Han Sichuan	O2a2b1a2a1a1a2a1a1a	O2a2b	5	Resolved	O2a2b1a2	8	Resolved
111-1638-5844	Han Sichuan	O2a2b1a2a1a1a2a1a1a1a	O2a2b	5	Resolved	O2a2b1a2	8	Resolved
111-1896-9318	Han Sichuan	O2a2b1a2a1a1a2a1a1a1a	O2a2b	5	Resolved	O2a2b1a2	8	Resolved
Y5552	Han Sichuan	O2a2b1a2a1a1b	O2a2b	5	Resolved	O2a2b1a2	8	Resolved
111-1814-3244	Han Sichuan	O2a2b1a2a1a1b	O2a2b	5	Resolved	O2a2b1a2	8	Resolved
111-1670-3266	Han Sichuan	O2a2b1a2a1a1b	O2a2b	5	Resolved	O2a2b1a2	8	Resolved
111-1916-1438	Han Sichuan	O2a2b1a2a1a1b	O2a2b	5	Resolved	O2a2b1a2	8	Resolved
111-1856-2830	Han Sichuan	O2a2b1a2a1a1b	O2a2b	5	Resolved	O2a2b1a2	8	Resolved
111-1485-7138	Han Sichuan	O2a2b1a2a1a1b	O2a2b	5	Resolved	O2a2b1a2	8	Resolved
111-1407-7123	Han Sichuan	O2a2b1a2a1a1b	O2a2b	5	Resolved	O2a2b1a2	8	Resolved
111-1702-8580	Han Sichuan	O2a2b1a2a1a1b	O2a2b	5	Resolved	O2a2b1a2	8	Resolved
111-1892-2870	Han Sichuan	O2a2b1a2a1a1b	O2a2b	5	Resolved	O2a2b1a2	8	Resolved
111-1550-0101	Han Sichuan	O2a2b1a2a1a1b	O2a2b	5	Resolved	O2a2b1a2	8	Resolved
111-1876-3664	Han Sichuan	O2a2b1a2a1a1b	O2a2b	5	Resolved	O2a2b1a2	8	Resolved
111-1556-2963	Han Sichuan	O2a2b1a2a1a1b	O2a2b	5	Resolved	O2a2b1a2	8	Resolved
111-1862-0837	Han Sichuan	O2a2b1a2a1a1b	O2a2b	5	Resolved	O2a2b1a2	8	Resolved
111-1846-1201	Han Sichuan	O2a2b1a2a1a1b	O2a2b	5	Resolved	O2a2b1a2	8	Resolved
111-1902-3002	Han Sichuan	O2a2b1a2a1a1b	O2a2b	5	Resolved	O2a2b1a2	8	Resolved
111-1505-7261	Han Sichuan	O2a2b1a2a1a1b	O2a2b	5	Resolved	O2a2b1a2	8	Resolved
111-1832-0287	Han Sichuan	O2a2b1a2a1a1b1	O2a2b	5	Resolved	O2a2b1a2	8	Resolved
111-1832-8573	Han Sichuan	O2a2b1a2a1a1b1a1	O2a2b	5	Resolved	O2a2b1a2	8	Resolved
111-1866-0246	Han Sichuan	O2a2b1a2a1a1b1b	O2a2b	5	Resolved	O2a2b1a2	8	Resolved
111-1857-8121	Han Sichuan	O2a2b1a2a1a1b1b2a	O2a2b	5	Resolved	O2a2b1a2	8	Resolved
111-1826-9975	Han Sichuan	O2a2b1a2a1a1b1b2a	O2a2b	5	Resolved	O2a2b1a2	8	Resolved
111-1819-9685	Han Sichuan	O2a2b1a2a1a1b1b2a	O2a2b	5	Resolved	O2a2b1a2	8	Resolved
111-1287-1075	Han Sichuan	O2a2b1a2a1a1b1b2a	O2a2b	5	Resolved	O2a2b1a2	8	Resolved
111-1498-9273	Han Sichuan	O2a2b1a2a1a1b1b2a	O2a2b	5	Resolved	O2a2b1a2	8	Resolved
111-1588-5970	Han Sichuan	O2a2b1a2a1a1b1b2a	O2a2b	5	Resolved	O2a2b1a2	8	Resolved
Y5918	Han Sichuan	O2a2b1a2a1a1b1b2a1	O2a2b	5	Resolved	O2a2b1a2	8	Resolved
Y6055	Han Sichuan	O2a2b1a2a1a1b1b2a1	O2a2b	5	Resolved	O2a2b1a2	8	Resolved
111-1808-6855	Han Sichuan	O2a2b1a2a1a1b1b2a1	O2a2b	5	Resolved	O2a2b1a2	8	Resolved
111-1283-0102	Han Sichuan	O2a2b1a2a1a1b1b2a1	O2a2b	5	Resolved	O2a2b1a2	8	Resolved
000-0500-1858	Han Sichuan	O2a2b1a2a1a1b1b2a1	O2a2b	5	Resolved	O2a2b1a2	8	Resolved
111-1898-7374	Han Sichuan	O2a2b1a2a1a1b1b2a1	O2a2b	5	Resolved	O2a2b1a2	8	Resolved
111-1356-0350	Han Sichuan	O2a2b1a2a1a1b1b2b1	O2a2b	5	Resolved	O2a2b1a2	8	Resolved
111-1599-4436	Han Sichuan	O2a2b1a2a1a1b1b2b1	O2a2b	5	Resolved	O2a2b1a2	8	Resolved
990-0001-9365	Han Sichuan	O2a2b1a2a1a1b1b2b1	O2a2b	5	Resolved	O2a2b1a2	8	Resolved
111-1703-2594	Han Sichuan	O2a2b1a2a1a1b1b2b1	O2a2b	5	Resolved	O2a2b1a2	8	Resolved
111-1177-5053	Han Sichuan	O2a2b1a2a1a1b1b2b1a	O2a2b	5	Resolved	O2a2b1a2	8	Resolved
111-1924-2021	Han Sichuan	O2a2b1a2a1a1b1b2b1a	O2a2b	5	Resolved	O2a2b1a2	8	Resolved
111-1214-5305	Han Sichuan	O2a2b1a2a1a1b1b2b1a	O2a2b	5	Resolved	O2a2b1a2	8	Resolved
111-1182-8100	Han Sichuan	O2a2b1a2a1a1b1b2b1a	O2a2b	5	Resolved	O2a2b1a2	8	Resolved
111-1188-1211	Han Sichuan	O2a2b1a2a1a1b1b2b1a	O2a2b	5	Resolved	O2a2b1a2	8	Resolved
111-1812-3086	Han Sichuan	O2a2b1a2a1a1b1b2b2	O2a2b	5	Resolved	O2a2b1a2	8	Resolved
111-1778-6886	Han Sichuan	O2a2b1a2a1a1b1b2b2	O2a2b	5	Resolved	O2a2b1a2	8	Resolved
111-1891-8262	Han Sichuan	O2a2b1a2a1a1b1b2b2	O2a2b	5	Resolved	O2a2b1a2	8	Resolved
111-1869-3053	Han Sichuan	O2a2b1a2a1a1b1b2b2	O2a2b	5	Resolved	O2a2b1a2	8	Resolved
111-1888-0705	Han Sichuan	O2a2b1a2a1a1b1b2b2	O2a2b	5	Resolved	O2a2b1a2	8	Resolved
111-1866-8921	Han Sichuan	O2a2b1a2a1a1b1b2b2	O2a2b	5	Resolved	O2a2b1a2	8	Resolved
111-1885-7486	Han Sichuan	O2a2b1a2a1a1b1b2b2	O2a2b	5	Resolved	O2a2b1a2	8	Resolved
111-1912-9094	Han Sichuan	O2a2b1a2a1a1b1b2b2	O2a2b	5	Resolved	O2a2b1a2	8	Resolved
111-1842-9959	Han Sichuan	O2a2b1a2a1a1b1b2b2	O2a2b	5	Resolved	O2a2b1a2	8	Resolved
111-1697-9043	Han Sichuan	O2a2b1a2a1a1b1b2b2	O2a2b	5	Resolved	O2a2b1a2	8	Resolved
111-1930-1773	Han Sichuan	O2a2b1a2a1a1b1b2b2	O2a2b	5	Resolved	O2a2b1a2	8	Resolved
111-1550-0170	Han Sichuan	O2a2b1a2a1a1b1b2b2	O2a2b	5	Resolved	O2a2b1a2	8	Resolved
111-1903-6958	Han Sichuan	O2a2b1a2a1a1b1b2b2	O2a2b	5	Resolved	O2a2b1a2	8	Resolved
111-1902-2920	Han Sichuan	O2a2b1a2a1a1b1b2b2	O2a2b	5	Resolved	O2a2b1a2	8	Resolved
111-1658-4056	Han Sichuan	O2a2b1a2a1a1b1b2b2	O2a2b	5	Resolved	O2a2b1a2	8	Resolved
111-1841-0810	Han Sichuan	O2a2b1a2a1a1b1b2b2	O2a2b	5	Resolved	O2a2b1a2	8	Resolved
111-1863-0218	Han Sichuan	O2a2b1a2a1a1b1b2b2	O2a2b	5	Resolved	O2a2b1a2	8	Resolved
111-1843-2577	Han Sichuan	O2a2b1a2a1a1b1b2b2	O2a2b	5	Resolved	O2a2b1a2	8	Resolved
Y5506	Han Sichuan	O2a2b1a2a1a2	O2a2b	5	Resolved	O2a2b1a2	8	Resolved
Y7259	Han Sichuan	O2a2b1a2a1a2	O2a2b	5	Resolved	O2a2b1a2	8	Resolved
Y5923	Han Sichuan	O2a2b1a2a1a2	O2a2b	5	Resolved	O2a2b1a2	8	Resolved
Y6027	Han Sichuan	O2a2b1a2a1a2	O2a2b	5	Resolved	O2a2b1a2	8	Resolved
111-1866-1359	Han Sichuan	O2a2b1a2a1a2	O2a2b	5	Resolved	O2a2b1a2	8	Resolved
111-1468-1092	Han Sichuan	O2a2b1a2a1a2	O2a2b	5	Resolved	O2a2b1a2	8	Resolved
111-1520-2845	Han Sichuan	O2a2b1a2a1a2	O2a2b	5	Resolved	O2a2b1a2	8	Resolved
111-1660-7434	Han Sichuan	O2a2b1a2a1a2a	O2a2b	5	Resolved	O2a2b1a2	8	Resolved
Y5618	Han Sichuan	O2a2b1a2a1a2a1	O2a2b	5	Resolved	O2a2b1a2	8	Resolved
111-1916-7706	Han Sichuan	O2a2b1a2a1a2a1	O2a2b	5	Resolved	O2a2b1a2	8	Resolved
111-1287-7787	Han Sichuan	O2a2b1a2a1a2a1	O2a2b	5	Resolved	O2a2b1a2	8	Resolved
Y6078	Han Sichuan	O2a2b1a2a1a2a1a	O2a2b	5	Resolved	O2a2b1a2	8	Resolved
111-1842-9225	Han Sichuan	O2a2b1a2a1a4	O2a2b	5	Resolved	O2a2b1a2	8	Resolved
111-1287-5554	Han Sichuan	O2a2b1a2a1a4	O2a2b	5	Resolved	O2a2b1a2	8	Resolved
111-1867-6384	Han Sichuan	O2a2b1a2a1a4a	O2a2b	5	Resolved	O2a2b1a2	8	Resolved
111-1811-4282	Han Sichuan	O2a2b1a2a1a4a	O2a2b	5	Resolved	O2a2b1a2	8	Resolved
111-1804-5623	Han Sichuan	O2a2b1a2a1a4a1	O2a2b	5	Resolved	O2a2b1a2	8	Resolved
111-1857-0828	Han Sichuan	O2a2b1a2a1a4a1	O2a2b	5	Resolved	O2a2b1a2	8	Resolved
Y5842	Han Sichuan	O2a2b1a2a1a4a1	O2a2b	5	Resolved	O2a2b1a2	8	Resolved
111-1655-1263	Han Sichuan	O2a2b1a2a1a4a1	O2a2b	5	Resolved	O2a2b1a2	8	Resolved
111-1455-3092	Han Sichuan	O2a2b1a2a1a4a1	O2a2b	5	Resolved	O2a2b1a2	8	Resolved
111-1828-1144	Han Sichuan	O2a2b1a2a1a4a1	O2a2b	5	Resolved	O2a2b1a2	8	Resolved
111-1773-3118	Han Sichuan	O2a2b1a2a1a4a1	O2a2b	5	Resolved	O2a2b1a2	8	Resolved
111-1926-5587	Han Sichuan	O2a2b1a2a1a4a1	O2a2b	5	Resolved	O2a2b1a2	8	Resolved
111-1831-7737	Han Sichuan	O2a2b1a2a1a4a1	O2a2b	5	Resolved	O2a2b1a2	8	Resolved
111-1909-8161	Han Sichuan	O2a2b1a2a1a4a1	O2a2b	5	Resolved	O2a2b1a2	8	Resolved
111-1928-5684	Han Sichuan	O2a2b1a2a1a4a1	O2a2b	5	Resolved	O2a2b1a2	8	Resolved
111-1234-0632	Han Sichuan	O2a2b1a2a1a4a2	O2a2b	5	Resolved	O2a2b1a2	8	Resolved
111-1354-2028	Han Sichuan	O2a2b1a2a2	O2a2b	5	Resolved	O2a2b1a2	8	Resolved
111-1698-7628	Han Sichuan	O2a2b1a2a2a	O2a2b	5	Resolved	O2a2b1a2	8	Resolved
111-1855-0240	Han Sichuan	O2a2b1a2a2a	O2a2b	5	Resolved	O2a2b1a2	8	Resolved
111-1697-9937	Han Sichuan	O2a2b1a2a2a	O2a2b	5	Resolved	O2a2b1a2	8	Resolved
111-1700-5222	Han Sichuan	O2a2b1a2a2a	O2a2b	5	Resolved	O2a2b1a2	8	Resolved
111-1723-5957	Han Sichuan	O2a2b1a2a2a	O2a2b	5	Resolved	O2a2b1a2	8	Resolved
111-1696-1291	Han Sichuan	O2a2b1a2a2a	O2a2b	5	Resolved	O2a2b1a2	8	Resolved
111-1644-7153	Han Sichuan	O2a2b1a2a2a	O2a2b	5	Resolved	O2a2b1a2	8	Resolved
990-0002-2136	Han Sichuan	O2a2b1a2a2a	O2a2b	5	Resolved	O2a2b1a2	8	Resolved
111-1726-3011	Han Sichuan	O2a2b1a2a2a	O2a2b	5	Resolved	O2a2b1a2	8	Resolved
111-1665-5374	Han Sichuan	O2a2b1a2a2a1	O2a2b	5	Resolved	O2a2b1a2	8	Resolved
111-1803-6461	Han Sichuan	O2a2b1a2a2a1	O2a2b	5	Resolved	O2a2b1a2	8	Resolved
111-1905-6963	Han Sichuan	O2a2b1a2a2b	O2a2b	5	Resolved	O2a2b1a2	8	Resolved
000-0800-0192	Han Sichuan	O2a2b1a2a2b	O2a2b	5	Resolved	O2a2b1a2	8	Resolved
111-1200-6309	Han Sichuan	O2a2b1a2a2b1	O2a2b	5	Resolved	O2a2b1a2	8	Resolved
111-1904-6902	Han Sichuan	O2a2b1a2a2b1a	O2a2b	5	Resolved	O2a2b1a2	8	Resolved
111-1863-3325	Han Sichuan	O2a2b2a1	O2a2b	5	Resolved	O2a2b2a1	8	Resolved
111-1904-1778	Han Sichuan	O2a2b2a1	O2a2b	5	Resolved	O2a2b2a1	8	Resolved
990-0001-0188	Han Sichuan	O2a2b2a1a	O2a2b	5	Resolved	O2a2b2a1	8	Resolved
111-1922-0739	Han Sichuan	O2a2b2a2a1	O2a2b	5	Resolved	O2a2b2a2	8	Resolved
111-1805-1501	Han Sichuan	O2a2b2a2b	O2a2b	5	Resolved	O2a2b2a2	8	Resolved
111-1920-2162	Han Sichuan	O2a2b2b	O2a2b	5	Resolved	O2a2b2b	7	Resolved
111-1395-5590	Han Sichuan	O2a2b2b1	O2a2b	5	Resolved	O2a2b2b	7	Resolved
Y5758	Han Sichuan	O2a2b2b1	O2a2b	5	Resolved	O2a2b2b	7	Resolved
Y5564	Han Sichuan	O2a2b2b1	O2a2b	5	Resolved	O2a2b2b	7	Resolved
Y5999	Han Sichuan	O2a2b2b1	O2a2b	5	Resolved	O2a2b2b	7	Resolved
111-1869-0519	Han Sichuan	O2a2b2b1	O2a2b	5	Resolved	O2a2b2b	7	Resolved
111-1858-5587	Han Sichuan	O2a2b2b1	O2a2b	5	Resolved	O2a2b2b	7	Resolved
111-1885-6151	Han Sichuan	O2a2b2b1	O2a2b	5	Resolved	O2a2b2b	7	Resolved
990-0013-1630	Han Sichuan	O2a2b2b1a	O2a2b	5	Resolved	O2a2b2b	7	Resolved
111-1890-7549	Han Sichuan	O2a2b2b1a	O2a2b	5	Resolved	O2a2b2b	7	Resolved
111-1847-2009	Han Sichuan	O2a2b2b1a1	O2a2b	5	Resolved	O2a2b2b	7	Resolved
Y5735	Han Sichuan	O2b1a	O2b1a	5	Resolved	O2b	3	Resolved
Y5958	Han Sichuan	O2b1a	O2b1a	5	Resolved	O2b	3	Resolved
111-1231-3117	Han Sichuan	O2b1a	O2b1a	5	Resolved	O2b	3	Resolved
111-1854-4119	Han Sichuan	O2b1a1	O2b1a	5	Resolved	O2b	3	Resolved
111-1832-2540	Han Sichuan	O2b1a1a	O2b1a	5	Resolved	O2b	3	Resolved
111-1831-1377	Han Sichuan	O2b1a1a	O2b1a	5	Resolved	O2b	3	Resolved
111-1865-5501	Han Sichuan	O2b1a1a	O2b1a	5	Resolved	O2b	3	Resolved
111-1869-3688	Han Sichuan	O2b1b	O2b1b	5	Resolved	O2b	3	Resolved
Y5955	Han Sichuan	O2b2	O2b2*	5	Unresolved	O2b	3	Resolved
111-1726-5770	Han Sichuan	Q1a1a1	Q1a1a	5	Resolved	Q1a1a1*	6	Unresolved
111-1907-4233	Han Sichuan	Q1a1a1	Q1a1a	5	Resolved	Q1a1a1*	6	Unresolved
111-1832-1567	Han Sichuan	Q1a1a1	Q1a1a	5	Resolved	Q1a1a1*	6	Unresolved
111-1891-9436	Han Sichuan	Q1a1a1	Q1a1a	5	Resolved	Q1a1a1*	6	Unresolved
111-1837-4587	Han Sichuan	Q1a1a1	Q1a1a	5	Resolved	Q1a1a1*	6	Unresolved
990-0012-7787	Han Sichuan	Q1a1a1	Q1a1a	5	Resolved	Q1a1a1*	6	Unresolved
111-1806-0206	Han Sichuan	Q1a1a1	Q1a1a	5	Resolved	Q1a1a1*	6	Unresolved
111-1867-1730	Han Sichuan	Q1a1a1	Q1a1a	5	Resolved	Q1a1a1*	6	Unresolved
111-1666-7636	Han Sichuan	Q1a1a1	Q1a1a	5	Resolved	Q1a1a1*	6	Unresolved
111-1273-9184	Han Sichuan	Q1a1a1	Q1a1a	5	Resolved	Q1a1a1*	6	Unresolved
111-1827-4153	Han Sichuan	Q1a1a1	Q1a1a	5	Resolved	Q1a1a1*	6	Unresolved
111-1257-6734	Han Sichuan	Q1a1a1a	Q1a1a	5	Resolved	Q1a1a1a*	7	Unresolved
111-1895-2983	Han Sichuan	Q1a1a1a	Q1a1a	5	Resolved	Q1a1a1a*	7	Unresolved
111-1915-8490	Han Sichuan	Q1a1a1a	Q1a1a	5	Resolved	Q1a1a1a*	7	Unresolved
111-1650-3194	Han Sichuan	Q1a1a1a	Q1a1a	5	Resolved	Q1a1a1a*	7	Unresolved
111-1865-9714	Han Sichuan	Q1a1a1a	Q1a1a	5	Resolved	Q1a1a1a*	7	Unresolved
990-0012-7992	Han Sichuan	Q1a1a1a1	Q1a1a	5	Resolved	Q1a1a1a1	8	Resolved
111-1312-1254	Han Sichuan	Q1a1a1a1	Q1a1a	5	Resolved	Q1a1a1a1	8	Resolved
111-1728-6249	Han Sichuan	Q1a1a1a1	Q1a1a	5	Resolved	Q1a1a1a1	8	Resolved
111-1810-8496	Han Sichuan	Q1a1a1a1	Q1a1a	5	Resolved	Q1a1a1a1	8	Resolved
111-1814-7648	Han Sichuan	Q1a1a1a1	Q1a1a	5	Resolved	Q1a1a1a1	8	Resolved
111-1774-8273	Han Sichuan	Q1a1a1a1	Q1a1a	5	Resolved	Q1a1a1a1	8	Resolved
111-1763-1896	Han Sichuan	Q1a1a1a1	Q1a1a	5	Resolved	Q1a1a1a1	8	Resolved
111-1841-2982	Han Sichuan	Q1a1a1a1	Q1a1a	5	Resolved	Q1a1a1a1	8	Resolved
111-1777-5279	Han Sichuan	Q1a1a1a1	Q1a1a	5	Resolved	Q1a1a1a1	8	Resolved
111-1765-3485	Han Sichuan	Q1a1a1a1	Q1a1a	5	Resolved	Q1a1a1a1	8	Resolved
111-1703-0989	Han Sichuan	Q1a1a1a1	Q1a1a	5	Resolved	Q1a1a1a1	8	Resolved
111-1735-4566	Han Sichuan	Q1a1a1a1	Q1a1a	5	Resolved	Q1a1a1a1	8	Resolved
111-1778-8859	Han Sichuan	Q1a1a1a1	Q1a1a	5	Resolved	Q1a1a1a1	8	Resolved
111-1341-9870	Han Sichuan	Q1a1a1a1	Q1a1a	5	Resolved	Q1a1a1a1	8	Resolved
111-1730-8750	Han Sichuan	Q1a1a1a1	Q1a1a	5	Resolved	Q1a1a1a1	8	Resolved
111-1774-5692	Han Sichuan	Q1a1a1a1	Q1a1a	5	Resolved	Q1a1a1a1	8	Resolved
111-1855-7706	Han Sichuan	Q1a1a1a1	Q1a1a	5	Resolved	Q1a1a1a1	8	Resolved
111-1790-6727	Han Sichuan	Q1a1a1a1	Q1a1a	5	Resolved	Q1a1a1a1	8	Resolved
111-1703-6707	Han Sichuan	Q1a1a2	Q1a1a	5	Resolved	Q1a1a2	6	Resolved
111-1823-9237	Han Sichuan	Q1a1a2	Q1a1a	5	Resolved	Q1a1a2	6	Resolved
111-1786-2498	Han Sichuan	Q2a1a4	Q2a1a	5	Resolved	Q2	2	Resolved
000-0500-0818	Han Sichuan	R1a1a1b2	R1a1a	5	Resolved	R1a1a1b2	8	Resolved
111-1869-6733	Han Sichuan	R1a1a1b2a1	R1a1a	5	Resolved	R1a1a1b2	8	Resolved
111-1347-2929	Han Sichuan	R1a1a1b2a2a1c3a1a	R1a1a	5	Resolved	R1a1a1b2	8	Resolved
111-1852-9420	Han Sichuan	R1a1a1b2a2a1d5	R1a1a	5	Resolved	R1a1a1b2	8	Resolved
111-1864-6332	Han Sichuan	R1a1a1b2a2a1d9	R1a1a	5	Resolved	R1a1a1b2	8	Resolved
111-1844-4518	Han Sichuan	R1a1a1b2a2a3b	R1a1a	5	Resolved	R1a1a1b2	8	Resolved
111-1916-2664	Han Sichuan	R1a1a1b2a2b	R1a1a	5	Resolved	R1a1a1b2	8	Resolved
111-1380-6854	Han Sichuan	R1a1a1b2a2b1d1	R1a1a	5	Resolved	R1a1a1b2	8	Resolved
GSRD009842A00_BB0_00	Yi Sichuan	C1b1a2b	C1b1a	5	Resolved	C1b1a2	6	Resolved
Chuan10232A00_BB0_00	Yi Sichuan	C1b1a2b	C1b1a	5	Resolved	C1b1a2	6	Resolved
GSRD005437A00_BB0_01	Yi Sichuan	C1b1a2b	C1b1a	5	Resolved	C1b1a2	6	Resolved
GSRD008319A01_BB1_01	Zang Sichuan	C1b1a2b	C1b1a	5	Resolved	C1b1a2	6	Resolved
GSRD007995A00_BB1_01	Zang Sichuan	C2a1a1b1a	C2a1a	5	Resolved	C2a	3	Resolved
GSRD007995A01_BB1_01	Zang Sichuan	C2a1a1b1a	C2a1a	5	Resolved	C2a	3	Resolved
GSRD008052A01_BB1_01	Zang Sichuan	C2a1a1b1a1	C2a1a	5	Resolved	C2a	3	Resolved
GSRD008215A01_BB1_01-jiace1	Zang Sichuan	C2a1a1b1b	C2a1a	5	Resolved	C2a	3	Resolved
GSRD008333A01_BB1_01	Zang Sichuan	C2a1a2a2a2	C2a1a	5	Resolved	C2a	3	Resolved
GSRD002342A00_BB1_01	Qiang Sichuan	C2b1a1a1	C2b1a	5	Resolved	C2b1a1a	7	Resolved
GSRD008261A01_BB1_01	Yi Sichuan	C2b1a1a1	C2b1a	5	Resolved	C2b1a1a	7	Resolved
GSRD009862A00_BB0_00	Yi Sichuan	C2b1a1a1a1	C2b1a	5	Resolved	C2b1a1a	7	Resolved
GSRD008238A00_BB1_01	Tujia Sichuan	C2b1a2a2b1a2	C2b1a	5	Resolved	C2b1a2	6	Resolved
GSRD008238A01_BB1_01	Tujia Sichuan	C2b1a2a2b1a2	C2b1a	5	Resolved	C2b1a2	6	Resolved
111-1162-8694	Qiang Sichuan	C2b1a2a2b1c	C2b1a	5	Resolved	C2b1a2	6	Resolved
GSRD007964A00_BB1_01	Yi Sichuan	C2b1b1	C2b1b	5	Resolved	C2b1b	5	Resolved
GSRD007964A01_BB1_01-jiace1	Yi Sichuan	C2b1b1	C2b1b	5	Resolved	C2b1b	5	Resolved
GSRD008067A01_BB1_01	Zang Sichuan	C2b1b1	C2b1b	5	Resolved	C2b1b	5	Resolved
GSRD008067A00_BB1_01	Zang Sichuan	C2b1b1	C2b1b	5	Resolved	C2b1b	5	Resolved
GSRD008016A01_BB1_01-jiace1	Yi Sichuan	C2b1b1b	C2b1b	5	Resolved	C2b1b	5	Resolved
GSRD008043A01_BB1_01	Yi Sichuan	C2b1b1b2	C2b1b	5	Resolved	C2b1b	5	Resolved
GSRD008043A00_BB1_01	Yi Sichuan	C2b1b1b2	C2b1b	5	Resolved	C2b1b	5	Resolved
GSRD008352A01_BB1_01	Tujia Sichuan	C2b1b1b2a1b	C2b1b	5	Resolved	C2b1b	5	Resolved
GSRD008352A00_BB1_01	Tujia Sichuan	C2b1b1b2a1b	C2b1b	5	Resolved	C2b1b	5	Resolved
GSRD008169A01_BB1_01	Yi Sichuan	C2b1b1b2a2	C2b1b	5	Resolved	C2b1b	5	Resolved
GSRD008169A00_BB1_01	Yi Sichuan	C2b1b1b2a2	C2b1b	5	Resolved	C2b1b	5	Resolved
GSRD008105A00_BB0_01	Yi Sichuan	C2b1b2	C2b1b	5	Resolved	C2b1b	5	Resolved
2.42E+13	Qiang Sichuan	D1a1a1a1a1b	D1a1a	5	Resolved	D1a1a1a1a1b*	11	Unresolved
GSRD008144A01_BB1_01	Qiang Sichuan	D1a1a1a1a1b	D1a1a	5	Resolved	D1a1a1a1a1b*	11	Unresolved
GSRD008144A00_BB1_01	Qiang Sichuan	D1a1a1a1a1b	D1a1a	5	Resolved	D1a1a1a1a1b*	11	Unresolved
GSRD008312A01_BB1_01	Qiang Sichuan	D1a1a1a1a1b	D1a1a	5	Resolved	D1a1a1a1a1b*	11	Unresolved
GSRD009780A00_BB0_00	Yi Sichuan	D1a1a1a1a1b	D1a1a	5	Resolved	D1a1a1a1a1b*	11	Unresolved
GSRD005430A00_BB0_01	Yi Sichuan	D1a1a1a1a1b	D1a1a	5	Resolved	D1a1a1a1a1b*	11	Unresolved
GSRD008131A01_BB0_01-jiace1	Yi Sichuan	D1a1a1a1a1b	D1a1a	5	Resolved	D1a1a1a1a1b*	11	Unresolved
GSRD008140A01_BB1_01	Zang Sichuan	D1a1a1a1a1b	D1a1a	5	Resolved	D1a1a1a1a1b*	11	Unresolved
GSRD007997A01_BB1_01	Zang Sichuan	D1a1a1a1a1b	D1a1a	5	Resolved	D1a1a1a1a1b*	11	Unresolved
GSRD007997A00_BB1_01	Zang Sichuan	D1a1a1a1a1b	D1a1a	5	Resolved	D1a1a1a1a1b*	11	Unresolved
GSRD008088A01_BB1_01	Zang Sichuan	D1a1a1a1a1b	D1a1a	5	Resolved	D1a1a1a1a1b*	11	Unresolved
GSRD008303A00_BB1_01	Zang Sichuan	D1a1a1a1a1b	D1a1a	5	Resolved	D1a1a1a1a1b*	11	Unresolved
GSRD008303A01_BB1_01	Zang Sichuan	D1a1a1a1a1b	D1a1a	5	Resolved	D1a1a1a1a1b*	11	Unresolved
GSRD008106A00_BB0_01	Zang Sichuan	D1a1a1a1a1b	D1a1a	5	Resolved	D1a1a1a1a1b*	11	Unresolved
GSRD008084A00_BB1_01	Zang Sichuan	D1a1a1a1a1b	D1a1a	5	Resolved	D1a1a1a1a1b*	11	Unresolved
GSRD008317A00_BB1_01	Zang Sichuan	D1a1a1a1a1b	D1a1a	5	Resolved	D1a1a1a1a1b*	11	Unresolved
GSRD008317A01_BB1_01	Zang Sichuan	D1a1a1a1a1b	D1a1a	5	Resolved	D1a1a1a1a1b*	11	Unresolved
GSRD008084A01_BB1_01-jiace1	Zang Sichuan	D1a1a1a1a1b	D1a1a	5	Resolved	D1a1a1a1a1b*	11	Unresolved
GSRD007975A00_BB1_01	Zang Sichuan	D1a1a1a1a1b	D1a1a	5	Resolved	D1a1a1a1a1b*	11	Unresolved
GSRD008247A00_BB1_01	Zang Sichuan	D1a1a1a1a1b	D1a1a	5	Resolved	D1a1a1a1a1b*	11	Unresolved
GSRD008106A01_BB0_01	Zang Sichuan	D1a1a1a1a1b	D1a1a	5	Resolved	D1a1a1a1a1b*	11	Unresolved
GSRD008184A01_BB1_01	Zang Sichuan	D1a1a1a1a1b	D1a1a	5	Resolved	D1a1a1a1a1b*	11	Unresolved
GSRD007975A01_BB1_02	Zang Sichuan	D1a1a1a1a1b	D1a1a	5	Resolved	D1a1a1a1a1b*	11	Unresolved
GSRD008184A00_BB1_01	Zang Sichuan	D1a1a1a1a1b	D1a1a	5	Resolved	D1a1a1a1a1b*	11	Unresolved
GSRD008247A01_BB1_01	Zang Sichuan	D1a1a1a1a1b	D1a1a	5	Resolved	D1a1a1a1a1b*	11	Unresolved
GSRD008314A01_BB1_01	Zang Sichuan	D1a1a1a1a1b	D1a1a	5	Resolved	D1a1a1a1a1b*	11	Unresolved
GSRD008140A00_BB1_02	Zang Sichuan	D1a1a1a1a1b	D1a1a	5	Resolved	D1a1a1a1a1b*	11	Unresolved
GSRD008129A01_BB0_02	Zang Sichuan	D1a1a1a1a1b	D1a1a	5	Resolved	D1a1a1a1a1b*	11	Unresolved
GSRD008162A00_BB1_01	Qiang Sichuan	D1a1a1a1b	D1a1a	5	Resolved	D1a1a1a1b*	9	Unresolved
GSRD008162A01_BB1_01-jiace1	Qiang Sichuan	D1a1a1a1b	D1a1a	5	Resolved	D1a1a1a1b*	9	Unresolved
GSRD008320A01_BB1_01	Tujia Sichuan	D1a1a1a1b	D1a1a	5	Resolved	D1a1a1a1b*	9	Unresolved
GSRD009811A00_BB0_00	Yi Sichuan	D1a1a1a1b	D1a1a	5	Resolved	D1a1a1a1b*	9	Unresolved
Chuan10231A03_BB0_01	Yi Sichuan	D1a1a1a1b	D1a1a	5	Resolved	D1a1a1a1b*	9	Unresolved
GSRD009848A00_BB0_00	Yi Sichuan	D1a1a1a1b	D1a1a	5	Resolved	D1a1a1a1b*	9	Unresolved
GSRD005407A00_BB0_01	Yi Sichuan	D1a1a1a1b	D1a1a	5	Resolved	D1a1a1a1b*	9	Unresolved
GSRD011107A00_BB0_01	Yi Sichuan	D1a1a1a1b	D1a1a	5	Resolved	D1a1a1a1b*	9	Unresolved
GSRD008109A01_BB0_01	Yi Sichuan	D1a1a1a1b	D1a1a	5	Resolved	D1a1a1a1b*	9	Unresolved
GSRD008103A01_BB0_01	Yi Sichuan	D1a1a1a1b	D1a1a	5	Resolved	D1a1a1a1b*	9	Unresolved
GSRD008210A00_BB1_01	Yi Sichuan	D1a1a1a1b	D1a1a	5	Resolved	D1a1a1a1b*	9	Unresolved
GSRD008210A01_BB1_01	Yi Sichuan	D1a1a1a1b	D1a1a	5	Resolved	D1a1a1a1b*	9	Unresolved
GSRD008072A00_BB1_01	Yi Sichuan	D1a1a1a1b	D1a1a	5	Resolved	D1a1a1a1b*	9	Unresolved
GSRD008103A00_BB0_01	Yi Sichuan	D1a1a1a1b	D1a1a	5	Resolved	D1a1a1a1b*	9	Unresolved
GSRD008120A00_BB0_01	Yi Sichuan	D1a1a1a1b	D1a1a	5	Resolved	D1a1a1a1b*	9	Unresolved
GSRD008205A01_BB1_01	Yi Sichuan	D1a1a1a1b	D1a1a	5	Resolved	D1a1a1a1b*	9	Unresolved
GSRD008393A01_BB1_01	Yi Sichuan	D1a1a1a1b	D1a1a	5	Resolved	D1a1a1a1b*	9	Unresolved
GSRD008072A01_BB1_01	Yi Sichuan	D1a1a1a1b	D1a1a	5	Resolved	D1a1a1a1b*	9	Unresolved
GSRD005692A00_BB1_01	Yi Sichuan	D1a1a1a1b	D1a1a	5	Resolved	D1a1a1a1b*	9	Unresolved
GSRD008120A01_BB0_01	Yi Sichuan	D1a1a1a1b	D1a1a	5	Resolved	D1a1a1a1b*	9	Unresolved
GSRD008393A00_BB1_01	Yi Sichuan	D1a1a1a1b	D1a1a	5	Resolved	D1a1a1a1b*	9	Unresolved
GSRD005859A01_BB0_01	Yi Sichuan	D1a1a1a1b	D1a1a	5	Resolved	D1a1a1a1b*	9	Unresolved
GSRD008157A01_BB1_01	Zang Sichuan	D1a1a1a1b	D1a1a	5	Resolved	D1a1a1a1b*	9	Unresolved
GSRD008212A00_BB1_01	Zang Sichuan	D1a1a1a1b	D1a1a	5	Resolved	D1a1a1a1b*	9	Unresolved
GSRD008063A00_BB1_01-jiace1	Zang Sichuan	D1a1a1a1b	D1a1a	5	Resolved	D1a1a1a1b*	9	Unresolved
GSRD008063A01_BB1_01	Zang Sichuan	D1a1a1a1b	D1a1a	5	Resolved	D1a1a1a1b*	9	Unresolved
GSRD008111A01_BB0_01	Zang Sichuan	D1a1a1a1b	D1a1a	5	Resolved	D1a1a1a1b*	9	Unresolved
GSRD008171A00_BB1_01	Zang Sichuan	D1a1a1a1b	D1a1a	5	Resolved	D1a1a1a1b*	9	Unresolved
GSRD008212A01_BB1_01-jiace1	Zang Sichuan	D1a1a1a1b	D1a1a	5	Resolved	D1a1a1a1b*	9	Unresolved
GSRD008093A00_BB1_01-jiace1	Zang Sichuan	D1a1a1a1b	D1a1a	5	Resolved	D1a1a1a1b*	9	Unresolved
GSRD008057A00_BB1_01	Zang Sichuan	D1a1a1a1b	D1a1a	5	Resolved	D1a1a1a1b*	9	Unresolved
GSRD008047A01_BB1_01	Zang Sichuan	D1a1a1a1b	D1a1a	5	Resolved	D1a1a1a1b*	9	Unresolved
GSRD007969A01_BB1_01	Zang Sichuan	D1a1a1a1b	D1a1a	5	Resolved	D1a1a1a1b*	9	Unresolved
GSRD008057A01_BB1_01	Zang Sichuan	D1a1a1a1b	D1a1a	5	Resolved	D1a1a1a1b*	9	Unresolved
GSRD008171A01_BB1_01	Zang Sichuan	D1a1a1a1b	D1a1a	5	Resolved	D1a1a1a1b*	9	Unresolved
GSRD007969A00_BB1_01	Zang Sichuan	D1a1a1a1b	D1a1a	5	Resolved	D1a1a1a1b*	9	Unresolved
GSRD002335A00_BB1_01	Zang Sichuan	D1a1a1a1b	D1a1a	5	Resolved	D1a1a1a1b*	9	Unresolved
GSRD008110A01_BB0_01	Zang Sichuan	D1a1a1a1b2	D1a1a	5	Resolved	D1a1a1a1b2	10	Resolved
GSRD011102A00_BB0_01	Zang Sichuan	D1a1b1a	D1a1b	5	Resolved	D1a1b	5	Resolved
GSRD008150A01_BB1_01	Zang Sichuan	D1a1b1a	D1a1b	5	Resolved	D1a1b	5	Resolved
GSRD008118A01_BB0_01	Zang Sichuan	D1a1b1a	D1a1b	5	Resolved	D1a1b	5	Resolved
GSRD007998A01_BB1_01-jiace1	Zang Sichuan	D1a1b1a	D1a1b	5	Resolved	D1a1b	5	Resolved
GSRD007954A00_BB1_01	Zang Sichuan	D1a1b1a	D1a1b	5	Resolved	D1a1b	5	Resolved
GSRD008038A00_BB1_01	Zang Sichuan	D1a1b1a	D1a1b	5	Resolved	D1a1b	5	Resolved
GSRD007954A01_BB1_01	Zang Sichuan	D1a1b1a	D1a1b	5	Resolved	D1a1b	5	Resolved
GSRD007952A01_BB1_02	Zang Sichuan	D1a1b1a	D1a1b	5	Resolved	D1a1b	5	Resolved
GSRD008013A00_BB1_01	Zang Sichuan	D1a1b1a	D1a1b	5	Resolved	D1a1b	5	Resolved
GSRD008004A01_BB1_01	Zang Sichuan	D1a1b1a	D1a1b	5	Resolved	D1a1b	5	Resolved
GSRD008026A01_BB1_01	Zang Sichuan	D1a1b1a	D1a1b	5	Resolved	D1a1b	5	Resolved
GSRD007991A01_BB1_01	Zang Sichuan	D1a1b1a	D1a1b	5	Resolved	D1a1b	5	Resolved
GSRD008148A00_BB1_01	Zang Sichuan	D1a1b1a	D1a1b	5	Resolved	D1a1b	5	Resolved
GSRD008173A01_BB1_01	Zang Sichuan	D1a1b1a	D1a1b	5	Resolved	D1a1b	5	Resolved
GSRD008209A01_BB1_01-jiace1	Zang Sichuan	D1a1b1a	D1a1b	5	Resolved	D1a1b	5	Resolved
GSRD008036A01_BB1_01	Zang Sichuan	D1a1b1a	D1a1b	5	Resolved	D1a1b	5	Resolved
GSRD008036A00_BB1_01	Zang Sichuan	D1a1b1a	D1a1b	5	Resolved	D1a1b	5	Resolved
GSRD008004A00_BB1_01-jiace1	Zang Sichuan	D1a1b1a	D1a1b	5	Resolved	D1a1b	5	Resolved
GSRD007993A00_BB1_01	Zang Sichuan	D1a1b1a	D1a1b	5	Resolved	D1a1b	5	Resolved
GSRD008029A01_BB1_01-jiace1	Zang Sichuan	D1a1b1a	D1a1b	5	Resolved	D1a1b	5	Resolved
GSRD008076A01_BB1_01-jiace1	Zang Sichuan	D1a1b1a	D1a1b	5	Resolved	D1a1b	5	Resolved
GSRD008022A01_BB1_01-jiace1	Zang Sichuan	D1a1b1a	D1a1b	5	Resolved	D1a1b	5	Resolved
GSRD008038A01_BB1_01	Zang Sichuan	D1a1b1a	D1a1b	5	Resolved	D1a1b	5	Resolved
GSRD007992A01_BB1_01-jiace1	Zang Sichuan	D1a1b1a	D1a1b	5	Resolved	D1a1b	5	Resolved
GSRD008301A01_BB1_01	Zang Sichuan	D1a1b1a	D1a1b	5	Resolved	D1a1b	5	Resolved
GSRD008041A01_BB1_01	Zang Sichuan	D1a1b1a	D1a1b	5	Resolved	D1a1b	5	Resolved
GSRD008107A01_BB0_01	Zang Sichuan	D1a1b1a	D1a1b	5	Resolved	D1a1b	5	Resolved
GSRD008040A01_BB1_01	Zang Sichuan	D1a1b1a	D1a1b	5	Resolved	D1a1b	5	Resolved
GSRD007996A00_BB1_01	Zang Sichuan	D1a1b1a	D1a1b	5	Resolved	D1a1b	5	Resolved
GSRD008025A01_BB1_01	Zang Sichuan	D1a1b1a	D1a1b	5	Resolved	D1a1b	5	Resolved
GSRD008024A01_BB1_01	Zang Sichuan	D1a1b1a	D1a1b	5	Resolved	D1a1b	5	Resolved
GSRD008006A01_BB1_01	Zang Sichuan	D1a1b1a	D1a1b	5	Resolved	D1a1b	5	Resolved
GSRD008064A00_BB1_01	Zang Sichuan	D1a1b1a	D1a1b	5	Resolved	D1a1b	5	Resolved
GSRD008075A00_BB1_01	Zang Sichuan	D1a1b1a	D1a1b	5	Resolved	D1a1b	5	Resolved
GSRD008204A01_BB1_01	Zang Sichuan	D1a1b1a	D1a1b	5	Resolved	D1a1b	5	Resolved
GSRD008295A01_BB1_01	Zang Sichuan	D1a1b1a	D1a1b	5	Resolved	D1a1b	5	Resolved
GSRD008096A01_BB1_01	Zang Sichuan	D1a1b1a	D1a1b	5	Resolved	D1a1b	5	Resolved
GSRD008197A01_BB1_01	Zang Sichuan	D1a1b1a	D1a1b	5	Resolved	D1a1b	5	Resolved
GSRD008013A01_BB1_01	Zang Sichuan	D1a1b1a	D1a1b	5	Resolved	D1a1b	5	Resolved
GSRD008024A00_BB1_01	Zang Sichuan	D1a1b1a	D1a1b	5	Resolved	D1a1b	5	Resolved
GSRD008163A01_BB1_01	Zang Sichuan	D1a1b1a	D1a1b	5	Resolved	D1a1b	5	Resolved
GSRD008168A00_BB1_01	Zang Sichuan	D1a1b1a	D1a1b	5	Resolved	D1a1b	5	Resolved
GSRD008018A00_BB1_01	Zang Sichuan	D1a1b1a	D1a1b	5	Resolved	D1a1b	5	Resolved
GSRD008028A01_BB1_01	Zang Sichuan	D1a1b1a	D1a1b	5	Resolved	D1a1b	5	Resolved
GSRD008211A01_BB1_01-jiace1	Zang Sichuan	D1a1b1a	D1a1b	5	Resolved	D1a1b	5	Resolved
GSRD007967A01_BB1_01	Zang Sichuan	D1a1b1a	D1a1b	5	Resolved	D1a1b	5	Resolved
GSRD008022A00_BB1_01-jiace1	Zang Sichuan	D1a1b1a	D1a1b	5	Resolved	D1a1b	5	Resolved
GSRD008064A01_BB1_01	Zang Sichuan	D1a1b1a	D1a1b	5	Resolved	D1a1b	5	Resolved
GSRD007993A01_BB1_01	Zang Sichuan	D1a1b1a	D1a1b	5	Resolved	D1a1b	5	Resolved
GSRD008399A01_BB1_01	Zang Sichuan	D1a1b1a	D1a1b	5	Resolved	D1a1b	5	Resolved
GSRD007962A01_BB1_01-jiace1	Zang Sichuan	D1a1b1a	D1a1b	5	Resolved	D1a1b	5	Resolved
GSRD008087A00_BB1_01	Zang Sichuan	D1a1b1a	D1a1b	5	Resolved	D1a1b	5	Resolved
GSRD008148A01_BB1_01	Zang Sichuan	D1a1b1a	D1a1b	5	Resolved	D1a1b	5	Resolved
GSRD008168A01_BB1_01-jiace1	Zang Sichuan	D1a1b1a	D1a1b	5	Resolved	D1a1b	5	Resolved
GSRD008053A01_BB1_01	Zang Sichuan	D1a1b1a	D1a1b	5	Resolved	D1a1b	5	Resolved
GSRD008176A00_BB1_01	Zang Sichuan	D1a1b1a	D1a1b	5	Resolved	D1a1b	5	Resolved
GSRD008053A00_BB1_01	Zang Sichuan	D1a1b1a	D1a1b	5	Resolved	D1a1b	5	Resolved
GSRD008009A01_BB1_01	Zang Sichuan	D1a1b1a	D1a1b	5	Resolved	D1a1b	5	Resolved
GSRD008018A01_BB1_01	Zang Sichuan	D1a1b1a	D1a1b	5	Resolved	D1a1b	5	Resolved
GSRD008044A01_BB1_01	Zang Sichuan	D1a1b1a	D1a1b	5	Resolved	D1a1b	5	Resolved
GSRD008087A01_BB1_01	Zang Sichuan	D1a1b1a	D1a1b	5	Resolved	D1a1b	5	Resolved
GSRD008075A01_BB1_01	Zang Sichuan	D1a1b1a	D1a1b	5	Resolved	D1a1b	5	Resolved
GSRD008076A00_BB1_01	Zang Sichuan	D1a1b1a	D1a1b	5	Resolved	D1a1b	5	Resolved
GSRD008041A00_BB1_01	Zang Sichuan	D1a1b1a	D1a1b	5	Resolved	D1a1b	5	Resolved
GSRD008164A01_BB1_01	Zang Sichuan	D1a1b1a	D1a1b	5	Resolved	D1a1b	5	Resolved
GSRD008160A01_BB1_01	Zang Sichuan	D1a1b1a	D1a1b	5	Resolved	D1a1b	5	Resolved
GSRD008176A01_BB1_01	Zang Sichuan	D1a1b1a	D1a1b	5	Resolved	D1a1b	5	Resolved
GSRD008060A00_BB1_01	Zang Sichuan	D1a1b1a	D1a1b	5	Resolved	D1a1b	5	Resolved
GSRD008188A01_BB1_01	Zang Sichuan	D1a1b1a	D1a1b	5	Resolved	D1a1b	5	Resolved
GSRD008060A01_BB1_01	Zang Sichuan	D1a1b1a	D1a1b	5	Resolved	D1a1b	5	Resolved
GSRD008134A01_BB0_01	Zang Sichuan	D1a1b1a	D1a1b	5	Resolved	D1a1b	5	Resolved
GSRD008191A01_BB1_01	Zang Sichuan	D1a1b1a	D1a1b	5	Resolved	D1a1b	5	Resolved
GSRD008065A01_BB1_01	Zang Sichuan	D1a1b1a	D1a1b	5	Resolved	D1a1b	5	Resolved
GSRD007967A00_BB1_01	Zang Sichuan	D1a1b1a	D1a1b	5	Resolved	D1a1b	5	Resolved
GSRD007977A01_BB1_01	Zang Sichuan	D1a1b1a	D1a1b	5	Resolved	D1a1b	5	Resolved
GSRD008166A01_BB1_01	Zang Sichuan	D1a1b1a	D1a1b	5	Resolved	D1a1b	5	Resolved
GSRD008190A01_BB1_01	Zang Sichuan	D1a1b1a	D1a1b	5	Resolved	D1a1b	5	Resolved
GSRD008143A01_BB1_01	Zang Sichuan	D1a1b1a	D1a1b	5	Resolved	D1a1b	5	Resolved
GSRD008093A01_BB1_01	Zang Sichuan	D1a1b1a	D1a1b	5	Resolved	D1a1b	5	Resolved
GSRD007961A01_BB0_01	Zang Sichuan	D1a1b1a	D1a1b	5	Resolved	D1a1b	5	Resolved
GSRD008183A01_BB1_01	Zang Sichuan	D1a1b1a	D1a1b	5	Resolved	D1a1b	5	Resolved
GSRD008198A01_BB1_01	Zang Sichuan	D1a1b1a	D1a1b	5	Resolved	D1a1b	5	Resolved
GSRD008204A00_BB1_01	Zang Sichuan	D1a1b1a	D1a1b	5	Resolved	D1a1b	5	Resolved
GSRD008183A00_BB1_01	Zang Sichuan	D1a1b1a	D1a1b	5	Resolved	D1a1b	5	Resolved
GSRD008096A00_BB1_01	Zang Sichuan	D1a1b1a	D1a1b	5	Resolved	D1a1b	5	Resolved
GSRD007996A01_BB1_02	Zang Sichuan	D1a1b1a	D1a1b	5	Resolved	D1a1b	5	Resolved
GSRD008211A00_BB1_01	Zang Sichuan	D1a1b1a	D1a1b	5	Resolved	D1a1b	5	Resolved
GSRD002228A00_BB1_01	Zang Sichuan	D1a1b1a	D1a1b	5	Resolved	D1a1b	5	Resolved
GSRD007994A00_BB1_01	Zang Sichuan	D1a1b1a3	D1a1b	5	Resolved	D1a1b	5	Resolved
GSRD008128A01_BB0_01-jiace1	Zang Sichuan	D1a1b1a3	D1a1b	5	Resolved	D1a1b	5	Resolved
GSRD007952A00_BB1_02	Zang Sichuan	D1a1b1a3	D1a1b	5	Resolved	D1a1b	5	Resolved
GSRD008149A01_BB1_01	Zang Sichuan	D1a1b1a3	D1a1b	5	Resolved	D1a1b	5	Resolved
GSRD008116A01_BB0_01	Zang Sichuan	D1a1b1a3	D1a1b	5	Resolved	D1a1b	5	Resolved
GSRD008032A00_BB1_01	Zang Sichuan	D1a1b1a3	D1a1b	5	Resolved	D1a1b	5	Resolved
GSRD008011A01_BB1_01	Zang Sichuan	D1a1b1a3	D1a1b	5	Resolved	D1a1b	5	Resolved
GSRD007953A00_BB1_01	Zang Sichuan	D1a1b1a3	D1a1b	5	Resolved	D1a1b	5	Resolved
GSRD007987A01_BB1_01	Zang Sichuan	D1a1b1a3	D1a1b	5	Resolved	D1a1b	5	Resolved
GSRD008080A01_BB1_01	Zang Sichuan	D1a1b1a3	D1a1b	5	Resolved	D1a1b	5	Resolved
GSRD008012A00_BB1_01	Zang Sichuan	D1a1b1a3	D1a1b	5	Resolved	D1a1b	5	Resolved
GSRD008010A01_BB1_01	Zang Sichuan	D1a1b1a3	D1a1b	5	Resolved	D1a1b	5	Resolved
GSRD008062A01_BB1_01-jiace1	Zang Sichuan	D1a1b1a3	D1a1b	5	Resolved	D1a1b	5	Resolved
GSRD008074A01_BB1_01	Zang Sichuan	D1a1b1a3	D1a1b	5	Resolved	D1a1b	5	Resolved
GSRD008032A01_BB1_01	Zang Sichuan	D1a1b1a3	D1a1b	5	Resolved	D1a1b	5	Resolved
GSRD008112A01_BB0_01	Zang Sichuan	D1a1b1a3	D1a1b	5	Resolved	D1a1b	5	Resolved
GSRD008195A01_BB1_01	Zang Sichuan	D1a1b1a3	D1a1b	5	Resolved	D1a1b	5	Resolved
GSRD008012A01_BB1_01	Zang Sichuan	D1a1b1a3	D1a1b	5	Resolved	D1a1b	5	Resolved
GSRD008054A01_BB1_01	Zang Sichuan	D1a1b1a3	D1a1b	5	Resolved	D1a1b	5	Resolved
GSRD008062A00_BB1_01-jiace1	Zang Sichuan	D1a1b1a3	D1a1b	5	Resolved	D1a1b	5	Resolved
GSRD008149A00_BB1_01	Zang Sichuan	D1a1b1a3	D1a1b	5	Resolved	D1a1b	5	Resolved
GSRD007976A00_BB1_01	Zang Sichuan	D1a1b1a3	D1a1b	5	Resolved	D1a1b	5	Resolved
GSRD008202A01_BB1_01	Zang Sichuan	D1a1b1a3	D1a1b	5	Resolved	D1a1b	5	Resolved
GSRD008316A01_BB1_01	Zang Sichuan	D1a1b1a3	D1a1b	5	Resolved	D1a1b	5	Resolved
GSRD008019A01_BB1_01	Zang Sichuan	D1a1b1a3	D1a1b	5	Resolved	D1a1b	5	Resolved
GSRD008080A00_BB1_01	Zang Sichuan	D1a1b1a3	D1a1b	5	Resolved	D1a1b	5	Resolved
GSRD008316A00_BB1_01	Zang Sichuan	D1a1b1a3	D1a1b	5	Resolved	D1a1b	5	Resolved
GSRD008195A00_BB1_01	Zang Sichuan	D1a1b1a3	D1a1b	5	Resolved	D1a1b	5	Resolved
GSRD005691A00_BB1_01	Zang Sichuan	D1a1b1a3	D1a1b	5	Resolved	D1a1b	5	Resolved
GSRD008133A01_BB0_01	Zang Sichuan	D1a1b1a3	D1a1b	5	Resolved	D1a1b	5	Resolved
GSRD008033A00_BB1_01	Zang Sichuan	D1a1b1a3	D1a1b	5	Resolved	D1a1b	5	Resolved
GSRD009775A00_BB0_00	Yi Sichuan	F2	F2*	5	Unresolved	F2	2	Resolved
GSRD009793A00_BB0_00	Yi Sichuan	F2	F2*	5	Unresolved	F2	2	Resolved
GSRD008132A01_BB0_01-jiace1	Yi Sichuan	F2	F2*	5	Unresolved	F2	2	Resolved
GSRD008113A01_BB0_01	Yi Sichuan	F2	F2*	5	Unresolved	F2	2	Resolved
GSRD008141A01_BB1_01	Yi Sichuan	F2	F2*	5	Unresolved	F2	2	Resolved
GSRD008201A00_BB1_01	Yi Sichuan	F2	F2*	5	Unresolved	F2	2	Resolved
GSRD008201A01_BB1_01	Yi Sichuan	F2	F2*	5	Unresolved	F2	2	Resolved
GSRD008141A00_BB1_01	Yi Sichuan	F2	F2*	5	Unresolved	F2	2	Resolved
GSRD008132A01_BB0_01	Yi Sichuan	F2	F2*	5	Unresolved	F2	2	Resolved
GSRD008127A01_BB0_01	Zang Sichuan	J2a2a1a1a	J2a2a	5	Resolved	J2	2	Resolved
GSRD008288A01_BB1_01	Qiang Sichuan	N1a1a3	N1a1a	5	Resolved	N1a1a3	6	Resolved
GSRD008343A01_BB1_01	Zang Sichuan	N1a1a3	N1a1a	5	Resolved	N1a1a3	6	Resolved
2.02E+13	Qiang Sichuan	N1b1a1b	N1b1a	5	Resolved	N1b1a	5	Resolved
Y5768	Qiang Sichuan	N1b2	N1b2*	5	Unresolved	N1b2*	4	Unresolved
GSRD008276A00_BB1_01	Yi Sichuan	N1b2	N1b2*	5	Unresolved	N1b2*	4	Unresolved
GSRD008213A01_BB1_01	Yi Sichuan	N1b2	N1b2*	5	Unresolved	N1b2*	4	Unresolved
WDC11806290135	Yi Sichuan	N1b2	N1b2*	5	Unresolved	N1b2*	4	Unresolved
1.98E+13	Yi Sichuan	N1b2	N1b2*	5	Unresolved	N1b2*	4	Unresolved
GSRD008161A01_BB1_01-jiace1	Zang Sichuan	N1b2	N1b2*	5	Unresolved	N1b2*	4	Unresolved
GSRD008100A01_BB0_01	Zang Sichuan	N1b2	N1b2*	5	Unresolved	N1b2*	4	Unresolved
GSRD007956A01_BB1_01	Zang Sichuan	N1b2	N1b2*	5	Unresolved	N1b2*	4	Unresolved
GSRD008000A01_BB1_01	Zang Sichuan	N1b2	N1b2*	5	Unresolved	N1b2*	4	Unresolved
GSRD008017A01_BB1_01	Zang Sichuan	N1b2	N1b2*	5	Unresolved	N1b2*	4	Unresolved
GSRD008000A00_BB1_01	Zang Sichuan	N1b2	N1b2*	5	Unresolved	N1b2*	4	Unresolved
GSRD008139A00_BB1_01	Zang Sichuan	N1b2	N1b2*	5	Unresolved	N1b2*	4	Unresolved
GSRD008161A00_BB1_02	Zang Sichuan	N1b2	N1b2*	5	Unresolved	N1b2*	4	Unresolved
GSRD008017A00_BB1_01	Zang Sichuan	N1b2	N1b2*	5	Unresolved	N1b2*	4	Unresolved
GSRD008161A01_BB1_01	Zang Sichuan	N1b2	N1b2*	5	Unresolved	N1b2*	4	Unresolved
111-1857-6646	Zang Sichuan	O1a1a1a1a1a1	O1a1a	5	Resolved	O1a	3	Resolved
WDC11806290095	Zang Sichuan	O1a1a1a1a1a1	O1a1a	5	Resolved	O1a	3	Resolved
GSRD003332A00_BB1_01	Tujia Sichuan	O1a1a1a1a1a1a1d	O1a1a	5	Resolved	O1a	3	Resolved
GSRD008152A00_BB1_01	Zang Sichuan	O1a1a1a1a1a1c	O1a1a	5	Resolved	O1a	3	Resolved
GSRD010689A01_BB0_00	Yi Sichuan	O1a1a1a1a1a1c3	O1a1a	5	Resolved	O1a	3	Resolved
1.64E+13	Qiang Sichuan	O1a1a1a1a1a1e1	O1a1a	5	Resolved	O1a	3	Resolved
7.32E+13	Qiang Sichuan	O1a1a2a1a1a	O1a1a	5	Resolved	O1a	3	Resolved
GSRD008251A01_BB1_01	Tujia Sichuan	O1a1a2a1a1a	O1a1a	5	Resolved	O1a	3	Resolved
GSRD009847A00_BB0_00	Yi Sichuan	O1a1a2a1a3	O1a1a	5	Resolved	O1a	3	Resolved
Chuan10262A00_BB0_00	Yi Sichuan	O1a1a2a1a3	O1a1a	5	Resolved	O1a	3	Resolved
GSRD005467A00_BB0_01	Yi Sichuan	O1a1a2a1a3	O1a1a	5	Resolved	O1a	3	Resolved
GSRD008356A00_BB1_01	Yi Sichuan	O1a1a2a1a3	O1a1a	5	Resolved	O1a	3	Resolved
GSRD008167A00_BB1_01	Yi Sichuan	O1a1a2a1a3	O1a1a	5	Resolved	O1a	3	Resolved
GSRD008091A00_BB1_01	Yi Sichuan	O1a1a2a1a3	O1a1a	5	Resolved	O1a	3	Resolved
GSRD008091A01_BB1_01	Yi Sichuan	O1a1a2a1a3	O1a1a	5	Resolved	O1a	3	Resolved
GSRD008081A01_BB1_01	Yi Sichuan	O1a1a2a1a3	O1a1a	5	Resolved	O1a	3	Resolved
GSRD008356A01_BB1_01	Yi Sichuan	O1a1a2a1a3	O1a1a	5	Resolved	O1a	3	Resolved
GSRD008031A01_BB1_01	Yi Sichuan	O1b1a1a1	O1b1a	5	Resolved	O1b1a1a1*	8	Unresolved
GSRD008031A00_BB1_01	Yi Sichuan	O1b1a1a1	O1b1a	5	Resolved	O1b1a1a1*	8	Unresolved
GSRD008311A01_BB1_01	Yi Sichuan	O1b1a1a1a1a1a1a1	O1b1a	5	Resolved	O1b1a1a1a1a1a1a1	16	Resolved
GSRD008311A00_BB1_01	Yi Sichuan	O1b1a1a1a1a1a1a1	O1b1a	5	Resolved	O1b1a1a1a1a1a1a1	16	Resolved
GSRD005439A03_BB0_01	Yi Sichuan	O1b1a1a1a1a1b1a	O1b1a	5	Resolved	O1b1a1a1a1a1b	13	Resolved
111-1919-5532	Tujia Sichuan	O1b1a1a1a1a1b1a1a1	O1b1a	5	Resolved	O1b1a1a1a1a1b	13	Resolved
6.79E+13	Qiang Sichuan	O1b1a1a1a1a1b1a1a1	O1b1a	5	Resolved	O1b1a1a1a1a1b	13	Resolved
GSRD008300A01_BB1_01	Tujia Sichuan	O1b1a1a1a1a1b1b1	O1b1a	5	Resolved	O1b1a1a1a1a1b	13	Resolved
6.29E+13	Qiang Sichuan	O1b1a1a1a1b1a1a1a1c1a	O1b1a	5	Resolved	O1b1a1a1a1b1	12	Resolved
GSRD008142A00_BB1_01	Yi Sichuan	O1b1a1a1a1b1a1a2	O1b1a	5	Resolved	O1b1a1a1a1b1	12	Resolved
GSRD008142A01_BB1_01	Yi Sichuan	O1b1a1a1a1b1a1a2	O1b1a	5	Resolved	O1b1a1a1a1b1	12	Resolved
GSRD008268A01_BB1_01	Yi Sichuan	O1b1a1a1a1b2	O1b1a	5	Resolved	O1b1a1a1a1b2*	12	Unresolved
GSRD008061A00_BB1_01	Yi Sichuan	O1b1a1a1a2	O1b1a	5	Resolved	O1b1a1a1a2	10	Resolved
GSRD008061A01_BB1_01	Yi Sichuan	O1b1a1a1a2	O1b1a	5	Resolved	O1b1a1a1a2	10	Resolved
1.34E+13	Qiang Sichuan	O1b1a1a1a2a	O1b1a	5	Resolved	O1b1a1a1a2	10	Resolved
GSRD008326A04_BB1_01	Yi Sichuan	O1b1a1a1a2a	O1b1a	5	Resolved	O1b1a1a1a2	10	Resolved
GSRD008069A00_BB1_01	Yi Sichuan	O1b1a1a1a2a	O1b1a	5	Resolved	O1b1a1a1a2	10	Resolved
GSRD008069A01_BB1_01	Yi Sichuan	O1b1a1a1a2a	O1b1a	5	Resolved	O1b1a1a1a2	10	Resolved
GSRD008326A01_BB1_01	Yi Sichuan	O1b1a1a1a2a	O1b1a	5	Resolved	O1b1a1a1a2	10	Resolved
GSRD008326A03_BB1_01	Yi Sichuan	O1b1a1a1a2a	O1b1a	5	Resolved	O1b1a1a1a2	10	Resolved
4.56E+13	Qiang Sichuan	O1b1a1a1a2a1	O1b1a	5	Resolved	O1b1a1a1a2	10	Resolved
GSRD005446A00_BB0_01	Yi Sichuan	O1b1a1a1b1b	O1b1a	5	Resolved	O1b1a1a1b1b	11	Resolved
WDC11806290161	Yi Sichuan	O1b1a1a1b1b	O1b1a	5	Resolved	O1b1a1a1b1b	11	Resolved
3.79E+13	Yi Sichuan	O1b1a1a1b1b	O1b1a	5	Resolved	O1b1a1a1b1b	11	Resolved
GSRD008172A01_BB1_01	Yi Sichuan	O1b1a1a1b1b1	O1b1a	5	Resolved	O1b1a1a1b1b	11	Resolved
GSRD008145A01_BB1_02	Yi Sichuan	O1b1a1a1b1b1	O1b1a	5	Resolved	O1b1a1a1b1b	11	Resolved
GSRD008172A00_BB1_01-jiace1	Yi Sichuan	O1b1a1a1b1b1	O1b1a	5	Resolved	O1b1a1a1b1b	11	Resolved
WDC11806290107	Zang Sichuan	O1b1a1a1b1b1	O1b1a	5	Resolved	O1b1a1a1b1b	11	Resolved
GSRD008386A01_BB1_01	Tujia Sichuan	O1b1a2a1	O1b1a	5	Resolved	O1b1a2	6	Resolved
GSRD008386A00_BB1_01	Tujia Sichuan	O1b1a2a1	O1b1a	5	Resolved	O1b1a2	6	Resolved
GSRD010745A01_BB0_01	Zang Sichuan	O1b1a2a1	O1b1a	5	Resolved	O1b1a2	6	Resolved
9.19E+13	Qiang Sichuan	O1b1a2a1a	O1b1a	5	Resolved	O1b1a2	6	Resolved
GSRD011181A00_BB0_01	Zang Sichuan	O1b2a1a2a1	O1b2a	5	Resolved	O1b2	4	Resolved
GSRD008138A01_BB0_01	Zang Sichuan	O1b2a1a2b	O1b2a	5	Resolved	O1b2	4	Resolved
6.67E+13	Qiang Sichuan	O2a1a	O2a1a	5	Resolved	O2a1a	5	Resolved
GSRD008307A01_BB1_01	Zang Sichuan	O2a1b1a1a1a1a1	O2a1b	5	Resolved	O2a1b	5	Resolved
GSRD007988A00_BB1_01	Zang Sichuan	O2a1b1a1a1a1a1a1a1a2	O2a1b	5	Resolved	O2a1b	5	Resolved
GSRD003456A01_BB0_01-jiace1	Zang Sichuan	O2a1b1a1a1a1a1a1a2a	O2a1b	5	Resolved	O2a1b	5	Resolved
GSRD008306A01_BB1_01	Zang Sichuan	O2a1b1a1a1a1a1a1a2b	O2a1b	5	Resolved	O2a1b	5	Resolved
GSRD008306A00_BB1_01	Zang Sichuan	O2a1b1a1a1a1a1a1a2b	O2a1b	5	Resolved	O2a1b	5	Resolved
GSRD008030A01_BB1_01	Tujia Sichuan	O2a1b1a1a1a1a1a1b1	O2a1b	5	Resolved	O2a1b	5	Resolved
GSRD008030A00_BB1_01	Tujia Sichuan	O2a1b1a1a1a1a1a1b1	O2a1b	5	Resolved	O2a1b	5	Resolved
GSRD005203A00_BB0_00	Tujia Sichuan	O2a1b1a1a1a1a1a1b1	O2a1b	5	Resolved	O2a1b	5	Resolved
GSRD008194A01_BB1_01	Zang Sichuan	O2a1b1a1a1a1a1a1b1	O2a1b	5	Resolved	O2a1b	5	Resolved
GSRD008194A00_BB1_01	Zang Sichuan	O2a1b1a1a1a1a1a1b1	O2a1b	5	Resolved	O2a1b	5	Resolved
GSRD009829A00_BB0_00	Yi Sichuan	O2a1b1a1a1a1a1a1b1d	O2a1b	5	Resolved	O2a1b	5	Resolved
GSRD009850A00_BB0_00	Yi Sichuan	O2a1b1a1a1a1a1b1a1	O2a1b	5	Resolved	O2a1b	5	Resolved
GSRD008039A00_BB1_01	Yi Sichuan	O2a1b1a1a1a1a1c1	O2a1b	5	Resolved	O2a1b	5	Resolved
GSRD009912A00_BB0_00	Yi Sichuan	O2a1b1a1a1a1a2	O2a1b	5	Resolved	O2a1b	5	Resolved
GSRD008079A01_BB1_01	Yi Sichuan	O2a1b1a1a1a1c1	O2a1b	5	Resolved	O2a1b	5	Resolved
GSRD008079A00_BB1_01	Yi Sichuan	O2a1b1a1a1a1c1	O2a1b	5	Resolved	O2a1b	5	Resolved
GSRD007982A01_BB1_01	Yi Sichuan	O2a1b1a1a1a1e1a1b	O2a1b	5	Resolved	O2a1b	5	Resolved
111-1804-9560	Yi Sichuan	O2a1b1a1a1a1e1a1b	O2a1b	5	Resolved	O2a1b	5	Resolved
Chuan10243A00_BB0_00	Yi Sichuan	O2a1b1a1a1a1e1a3	O2a1b	5	Resolved	O2a1b	5	Resolved
GSRD005483A00_BB0_01	Yi Sichuan	O2a1b1a1a1a1e1a3	O2a1b	5	Resolved	O2a1b	5	Resolved
Chuan10261A00_BB0_00	Yi Sichuan	O2a1b1a1a1a1e2	O2a1b	5	Resolved	O2a1b	5	Resolved
GSRD005449A00_BB0_01	Yi Sichuan	O2a1b1a1a1a1e2	O2a1b	5	Resolved	O2a1b	5	Resolved
GSRD008056A01_BB1_01	Zang Sichuan	O2a1b1a1a1a1ib1	O2a1b	5	Resolved	O2a1b	5	Resolved
2.82E+13	Qiang Sichuan	O2a1b1a1a1b1a	O2a1b	5	Resolved	O2a1b	5	Resolved
GSRD008155A00_BB1_01	Zang Sichuan	O2a1b1a1b	O2a1b	5	Resolved	O2a1b	5	Resolved
GSRD008155A01_BB1_01-jiace1	Zang Sichuan	O2a1b1a1b	O2a1b	5	Resolved	O2a1b	5	Resolved
GSRD008270A01_BB1_01	Tujia Sichuan	O2a1b1a2b2b1	O2a1b	5	Resolved	O2a1b	5	Resolved
GSRD008345A01_BB1_01	Zang Sichuan	O2a1b1b	O2a1b	5	Resolved	O2a1b	5	Resolved
GSRD008374A00_BB1_01	Zang Sichuan	O2a2a1a1b2b2b	O2a2a	5	Resolved	O2a2a1a1b	9	Resolved
GSRD008275A00_BB1_01	Zang Sichuan	O2a2a1a2a1a1a1a	O2a2a	5	Resolved	O2a2a1a2a1a1a1	14	Resolved
GSRD008275A01_BB1_01	Zang Sichuan	O2a2a1a2a1a1a1a	O2a2a	5	Resolved	O2a2a1a2a1a1a1	14	Resolved
GSRD005810A00_BB0_01	Tujia Sichuan	O2a2a1a2a1a1a2a1a1a	O2a2a	5	Resolved	O2a2a1a2a1a1a2a1	16	Resolved
GSRD009879A00_BB0_00	Yi Sichuan	O2a2a1a2a1a1a2a1a1a1a	O2a2a	5	Resolved	O2a2a1a2a1a1a2a1	16	Resolved
GSRD003360A00_BB1_01	Qiang Sichuan	O2a2a1a2a1a1a2b	O2a2a	5	Resolved	O2a2a1a2a1a1a2b	15	Resolved
GSRD007957A01_BB1_01	Yi Sichuan	O2a2a1a2a1a1a2b	O2a2a	5	Resolved	O2a2a1a2a1a1a2b	15	Resolved
GSRD007957A00_BB1_01	Yi Sichuan	O2a2a1a2a1a1a2b	O2a2a	5	Resolved	O2a2a1a2a1a1a2b	15	Resolved
GSRD008023A00_BB1_01	Yi Sichuan	O2a2a1a2a1a1b1	O2a2a	5	Resolved	O2a2a1a2a1a1b	13	Resolved
GSRD008023A01_BB1_01	Yi Sichuan	O2a2a1a2a1a1b1	O2a2a	5	Resolved	O2a2a1a2a1a1b	13	Resolved
GSRD007972A01_BB1_01	Yi Sichuan	O2a2a1a2a1a1c	O2a2a	5	Resolved	O2a2a1a2a1a1c	13	Resolved
GSRD008051A01_BB1_01-jiace1	Tujia Sichuan	O2a2a2a1	O2a2a	5	Resolved	O2a2a2	6	Resolved
GSRD008051A00_BB1_01	Tujia Sichuan	O2a2a2a1	O2a2a	5	Resolved	O2a2a2	6	Resolved
2.51E+13	Qiang Sichuan	O2a2b1a1a1	O2a2b	5	Resolved	O2a2b1a1a1*	10	Unresolved
GSRD008170A00_BB1_01	Tujia Sichuan	O2a2b1a1a1	O2a2b	5	Resolved	O2a2b1a1a1*	10	Unresolved
GSRD008170A01_BB1_01	Tujia Sichuan	O2a2b1a1a1	O2a2b	5	Resolved	O2a2b1a1a1*	10	Unresolved
WDC11806290119	Zang Sichuan	O2a2b1a1a1a1a1a1	O2a2b	5	Resolved	O2a2b1a1a1a1	12	Resolved
GSRD008136A00_BB1_01	Yi Sichuan	O2a2b1a1a1a1a1a1a1	O2a2b	5	Resolved	O2a2b1a1a1a1	12	Resolved
GSRD008136A01_BB1_01-jiace1	Yi Sichuan	O2a2b1a1a1a1a1a1a1	O2a2b	5	Resolved	O2a2b1a1a1a1	12	Resolved
GSRD008308A01_BB1_01	Tujia Sichuan	O2a2b1a1a1a1a1a1a1c	O2a2b	5	Resolved	O2a2b1a1a1a1	12	Resolved
GSRD007971A00_BB1_01	Zang Sichuan	O2a2b1a1a1a1a1a1a1c	O2a2b	5	Resolved	O2a2b1a1a1a1	12	Resolved
GSRD007971A01_BB1_01	Zang Sichuan	O2a2b1a1a1a1a1a1a1c	O2a2b	5	Resolved	O2a2b1a1a1a1	12	Resolved
GSRD008123A01_BB0_01	Yi Sichuan	O2a2b1a1a1a1a1a2	O2a2b	5	Resolved	O2a2b1a1a1a1	12	Resolved
GSRD009794A00_BB0_00	Yi Sichuan	O2a2b1a1a1a1a1b1a1a1a2	O2a2b	5	Resolved	O2a2b1a1a1a1	12	Resolved
GSRD009964A00_BB0_00	Yi Sichuan	O2a2b1a1a1a1a1c	O2a2b	5	Resolved	O2a2b1a1a1a1	12	Resolved
111-1844-2606	Zang Sichuan	O2a2b1a1a1a3a1a	O2a2b	5	Resolved	O2a2b1a1a1a3	12	Resolved
Chuan10226A00_BB1_02	Yi Sichuan	O2a2b1a1a1a3a1a1a1	O2a2b	5	Resolved	O2a2b1a1a1a3	12	Resolved
XiZ-091_BB0_00	Qiang Sichuan	O2a2b1a1a1a4a	O2a2b	5	Resolved	O2a2b1a1a1a4a*	13	Unresolved
GSRD009846A00_BB0_00	Yi Sichuan	O2a2b1a1a1a4a	O2a2b	5	Resolved	O2a2b1a1a1a4a*	13	Unresolved
GSRD007984A00_BB1_02	Zang Sichuan	O2a2b1a1a1a4a	O2a2b	5	Resolved	O2a2b1a1a1a4a*	13	Unresolved
GSRD008266A01_BB1_01	Zang Sichuan	O2a2b1a1a1a4a	O2a2b	5	Resolved	O2a2b1a1a1a4a*	13	Unresolved
GSRD008153A01_BB1_01	Zang Sichuan	O2a2b1a1a1a4a	O2a2b	5	Resolved	O2a2b1a1a1a4a*	13	Unresolved
GSRD007990A01_BB1_01-jiace1	Zang Sichuan	O2a2b1a1a1a4a	O2a2b	5	Resolved	O2a2b1a1a1a4a*	13	Unresolved
GSRD007955A00_BB1_01	Zang Sichuan	O2a2b1a1a1a4a	O2a2b	5	Resolved	O2a2b1a1a1a4a*	13	Unresolved
GSRD008042A01_BB1_01	Zang Sichuan	O2a2b1a1a1a4a	O2a2b	5	Resolved	O2a2b1a1a1a4a*	13	Unresolved
GSRD007961A00_BB1_01	Zang Sichuan	O2a2b1a1a1a4a	O2a2b	5	Resolved	O2a2b1a1a1a4a*	13	Unresolved
GSRD007985A00_BB1_01-jiace1	Zang Sichuan	O2a2b1a1a1a4a	O2a2b	5	Resolved	O2a2b1a1a1a4a*	13	Unresolved
GSRD008324A01_BB1_01-jiace1	Zang Sichuan	O2a2b1a1a1a4a	O2a2b	5	Resolved	O2a2b1a1a1a4a*	13	Unresolved
GSRD008104A01_BB0_01	Zang Sichuan	O2a2b1a1a1a4a	O2a2b	5	Resolved	O2a2b1a1a1a4a*	13	Unresolved
GSRD008130A01_BB0_01	Zang Sichuan	O2a2b1a1a1a4a	O2a2b	5	Resolved	O2a2b1a1a1a4a*	13	Unresolved
GSRD008121A01_BB0_01	Zang Sichuan	O2a2b1a1a1a4a	O2a2b	5	Resolved	O2a2b1a1a1a4a*	13	Unresolved
GSRD008020A01_BB1_01	Zang Sichuan	O2a2b1a1a1a4a	O2a2b	5	Resolved	O2a2b1a1a1a4a*	13	Unresolved
GSRD008115A01_BB0_01	Zang Sichuan	O2a2b1a1a1a4a	O2a2b	5	Resolved	O2a2b1a1a1a4a*	13	Unresolved
GSRD007985A01_BB1_01	Zang Sichuan	O2a2b1a1a1a4a	O2a2b	5	Resolved	O2a2b1a1a1a4a*	13	Unresolved
GSRD008125A01_BB0_01	Zang Sichuan	O2a2b1a1a1a4a	O2a2b	5	Resolved	O2a2b1a1a1a4a*	13	Unresolved
GSRD007955A01_BB1_01	Zang Sichuan	O2a2b1a1a1a4a	O2a2b	5	Resolved	O2a2b1a1a1a4a*	13	Unresolved
GSRD008094A00_BB1_01-jiace2	Zang Sichuan	O2a2b1a1a1a4a	O2a2b	5	Resolved	O2a2b1a1a1a4a*	13	Unresolved
GSRD007984A01_BB1_02	Zang Sichuan	O2a2b1a1a1a4a	O2a2b	5	Resolved	O2a2b1a1a1a4a*	13	Unresolved
GSRD008291A01_BB1_01	Zang Sichuan	O2a2b1a1a1a4a	O2a2b	5	Resolved	O2a2b1a1a1a4a*	13	Unresolved
GSRD008034A00_BB1_01	Zang Sichuan	O2a2b1a1a1a4a	O2a2b	5	Resolved	O2a2b1a1a1a4a*	13	Unresolved
GSRD008058A01_BB1_01	Zang Sichuan	O2a2b1a1a1a4a	O2a2b	5	Resolved	O2a2b1a1a1a4a*	13	Unresolved
GSRD007980A01_BB1_01	Zang Sichuan	O2a2b1a1a1a4a	O2a2b	5	Resolved	O2a2b1a1a1a4a*	13	Unresolved
GSRD008181A00_BB1_01	Zang Sichuan	O2a2b1a1a1a4a	O2a2b	5	Resolved	O2a2b1a1a1a4a*	13	Unresolved
GSRD008175A00_BB1_01-jiace1	Zang Sichuan	O2a2b1a1a1a4a	O2a2b	5	Resolved	O2a2b1a1a1a4a*	13	Unresolved
GSRD008290A01_BB1_01	Zang Sichuan	O2a2b1a1a1a4a	O2a2b	5	Resolved	O2a2b1a1a1a4a*	13	Unresolved
GSRD008034A01_BB1_01	Zang Sichuan	O2a2b1a1a1a4a	O2a2b	5	Resolved	O2a2b1a1a1a4a*	13	Unresolved
GSRD008181A01_BB1_01	Zang Sichuan	O2a2b1a1a1a4a	O2a2b	5	Resolved	O2a2b1a1a1a4a*	13	Unresolved
GSRD008286A01_BB1_01	Zang Sichuan	O2a2b1a1a1a4a	O2a2b	5	Resolved	O2a2b1a1a1a4a*	13	Unresolved
GSRD008291A00_BB1_01	Zang Sichuan	O2a2b1a1a1a4a	O2a2b	5	Resolved	O2a2b1a1a1a4a*	13	Unresolved
GSRD008119A01_BB0_01	Zang Sichuan	O2a2b1a1a1a4a	O2a2b	5	Resolved	O2a2b1a1a1a4a*	13	Unresolved
GSRD008175A01_BB1_01	Zang Sichuan	O2a2b1a1a1a4a	O2a2b	5	Resolved	O2a2b1a1a1a4a*	13	Unresolved
GSRD008193A01_BB1_01	Zang Sichuan	O2a2b1a1a1a4a	O2a2b	5	Resolved	O2a2b1a1a1a4a*	13	Unresolved
GSRD008179A00_BB1_01	Zang Sichuan	O2a2b1a1a1a4a	O2a2b	5	Resolved	O2a2b1a1a1a4a*	13	Unresolved
GSRD008035A01_BB1_01	Zang Sichuan	O2a2b1a1a1a4a	O2a2b	5	Resolved	O2a2b1a1a1a4a*	13	Unresolved
GSRD008193A00_BB1_01	Zang Sichuan	O2a2b1a1a1a4a	O2a2b	5	Resolved	O2a2b1a1a1a4a*	13	Unresolved
GSRD008068A01_BB1_01	Zang Sichuan	O2a2b1a1a1a4a	O2a2b	5	Resolved	O2a2b1a1a1a4a*	13	Unresolved
GSRD008135A01_BB0_01	Zang Sichuan	O2a2b1a1a1a4a	O2a2b	5	Resolved	O2a2b1a1a1a4a*	13	Unresolved
GSRD008094A01_BB1_01	Zang Sichuan	O2a2b1a1a1a4a	O2a2b	5	Resolved	O2a2b1a1a1a4a*	13	Unresolved
GSRD008290A00_BB1_01	Zang Sichuan	O2a2b1a1a1a4a	O2a2b	5	Resolved	O2a2b1a1a1a4a*	13	Unresolved
GSRD008179A01_BB1_01	Zang Sichuan	O2a2b1a1a1a4a	O2a2b	5	Resolved	O2a2b1a1a1a4a*	13	Unresolved
GSRD008177A01_BB1_01	Zang Sichuan	O2a2b1a1a1a4a	O2a2b	5	Resolved	O2a2b1a1a1a4a*	13	Unresolved
GSRD007978A01_BB0_01	Zang Sichuan	O2a2b1a1a1a4a	O2a2b	5	Resolved	O2a2b1a1a1a4a*	13	Unresolved
GSRD003324A00_BB1_01	Zang Sichuan	O2a2b1a1a1a4a	O2a2b	5	Resolved	O2a2b1a1a1a4a*	13	Unresolved
WDC11806290120	Zang Sichuan	O2a2b1a1a1a4a	O2a2b	5	Resolved	O2a2b1a1a1a4a*	13	Unresolved
8.68E+13	Zang Sichuan	O2a2b1a1a1a4a	O2a2b	5	Resolved	O2a2b1a1a1a4a*	13	Unresolved
4.15E+13	Qiang Sichuan	O2a2b1a1a1a4a2	O2a2b	5	Resolved	O2a2b1a1a1a4a2*	14	Unresolved
GSRD008039A01_BB1_01	Yi Sichuan	O2a2b1a1a1a4a2	O2a2b	5	Resolved	O2a2b1a1a1a4a2*	14	Unresolved
GSRD008206A00_BB1_01	Yi Sichuan	O2a2b1a1a1a4a2	O2a2b	5	Resolved	O2a2b1a1a1a4a2*	14	Unresolved
GSRD008206A01_BB1_01	Yi Sichuan	O2a2b1a1a1a4a2	O2a2b	5	Resolved	O2a2b1a1a1a4a2*	14	Unresolved
GSRD007999A01_BB1_01-jiace1	Zang Sichuan	O2a2b1a1a1a4a2	O2a2b	5	Resolved	O2a2b1a1a1a4a2*	14	Unresolved
GSRD007999A00_BB1_01	Zang Sichuan	O2a2b1a1a1a4a2	O2a2b	5	Resolved	O2a2b1a1a1a4a2*	14	Unresolved
WDC11806290091	Zang Sichuan	O2a2b1a1a1a4a2	O2a2b	5	Resolved	O2a2b1a1a1a4a2*	14	Unresolved
Chuan10265A00_BB0_00	Yi Sichuan	O2a2b1a1a1a4a2a3	O2a2b	5	Resolved	O2a2b1a1a1a4a2a3	16	Resolved
Chuan10258A00_BB0_00	Yi Sichuan	O2a2b1a1a1a4a2a3	O2a2b	5	Resolved	O2a2b1a1a1a4a2a3	16	Resolved
GSRD009808A00_BB0_00	Yi Sichuan	O2a2b1a1a1a4a2a3	O2a2b	5	Resolved	O2a2b1a1a1a4a2a3	16	Resolved
GSRD005469A00_BB0_01	Yi Sichuan	O2a2b1a1a1a4a2a3	O2a2b	5	Resolved	O2a2b1a1a1a4a2a3	16	Resolved
GSRD005450A00_BB0_01	Yi Sichuan	O2a2b1a1a1a4a2a3	O2a2b	5	Resolved	O2a2b1a1a1a4a2a3	16	Resolved
GSRD008156A01_BB1_01	Yi Sichuan	O2a2b1a1a1a4a2a3	O2a2b	5	Resolved	O2a2b1a1a1a4a2a3	16	Resolved
GSRD007981A00_BB1_02	Yi Sichuan	O2a2b1a1a1a4a2a3	O2a2b	5	Resolved	O2a2b1a1a1a4a2a3	16	Resolved
GSRD008278A01_BB1_01	Yi Sichuan	O2a2b1a1a1a4a2a3	O2a2b	5	Resolved	O2a2b1a1a1a4a2a3	16	Resolved
GSRD008077A00_BB1_01	Yi Sichuan	O2a2b1a1a1a4a2a3	O2a2b	5	Resolved	O2a2b1a1a1a4a2a3	16	Resolved
GSRD007981A01_BB1_02	Yi Sichuan	O2a2b1a1a1a4a2a3	O2a2b	5	Resolved	O2a2b1a1a1a4a2a3	16	Resolved
GSRD008066A00_BB1_01	Yi Sichuan	O2a2b1a1a1a4a2a3	O2a2b	5	Resolved	O2a2b1a1a1a4a2a3	16	Resolved
GSRD008077A01_BB1_01	Yi Sichuan	O2a2b1a1a1a4a2a3	O2a2b	5	Resolved	O2a2b1a1a1a4a2a3	16	Resolved
GSRD007989A01_BB1_01	Yi Sichuan	O2a2b1a1a1a4a2a3	O2a2b	5	Resolved	O2a2b1a1a1a4a2a3	16	Resolved
GSRD007968A01_BB1_01	Yi Sichuan	O2a2b1a1a1a4a2a3	O2a2b	5	Resolved	O2a2b1a1a1a4a2a3	16	Resolved
GSRD008269A01_BB1_01-jiace1	Yi Sichuan	O2a2b1a1a1a4a2a3	O2a2b	5	Resolved	O2a2b1a1a1a4a2a3	16	Resolved
GSRD008156A00_BB1_01-jiace1	Yi Sichuan	O2a2b1a1a1a4a2a3	O2a2b	5	Resolved	O2a2b1a1a1a4a2a3	16	Resolved
GSRD007989A00_BB1_01-jiace1	Yi Sichuan	O2a2b1a1a1a4a2a3	O2a2b	5	Resolved	O2a2b1a1a1a4a2a3	16	Resolved
GSRD008137A01_BB1_01	Yi Sichuan	O2a2b1a1a1a4a2a3	O2a2b	5	Resolved	O2a2b1a1a1a4a2a3	16	Resolved
GSRD008050A00_BB1_01	Yi Sichuan	O2a2b1a1a1a4a2a3	O2a2b	5	Resolved	O2a2b1a1a1a4a2a3	16	Resolved
GSRD007968A00_BB1_01	Yi Sichuan	O2a2b1a1a1a4a2a3	O2a2b	5	Resolved	O2a2b1a1a1a4a2a3	16	Resolved
GSRD008066A01_BB1_01	Yi Sichuan	O2a2b1a1a1a4a2a3	O2a2b	5	Resolved	O2a2b1a1a1a4a2a3	16	Resolved
GSRD003387A00_BB1_01	Yi Sichuan	O2a2b1a1a1a4a2a3	O2a2b	5	Resolved	O2a2b1a1a1a4a2a3	16	Resolved
GSRD008050A01_BB1_01	Yi Sichuan	O2a2b1a1a1a4a2a3	O2a2b	5	Resolved	O2a2b1a1a1a4a2a3	16	Resolved
GSRD008185A01_BB1_01	Yi Sichuan	O2a2b1a1a1a4a2a3	O2a2b	5	Resolved	O2a2b1a1a1a4a2a3	16	Resolved
GSRD008269A00_BB1_01	Yi Sichuan	O2a2b1a1a1a4a2a3	O2a2b	5	Resolved	O2a2b1a1a1a4a2a3	16	Resolved
GSRD008187A01_BB1_01	Yi Sichuan	O2a2b1a1a1a4a2a3	O2a2b	5	Resolved	O2a2b1a1a1a4a2a3	16	Resolved
WDC11806290157	Yi Sichuan	O2a2b1a1a1a4a2a3	O2a2b	5	Resolved	O2a2b1a1a1a4a2a3	16	Resolved
WDC11806290116	Zang Sichuan	O2a2b1a1a1a4a2a3	O2a2b	5	Resolved	O2a2b1a1a1a4a2a3	16	Resolved
GSRD008182A01_BB1_01	Yi Sichuan	O2a2b1a1a1a5a	O2a2b	5	Resolved	O2a2b1a1a1a5	12	Resolved
GSRD008158A00_BB1_01	Yi Sichuan	O2a2b1a1a1c1a1a1	O2a2b	5	Resolved	O2a2b1a1a1c	11	Resolved
GSRD008002A01_BB1_01	Tujia Sichuan	O2a2b1a1a1c1a1a2	O2a2b	5	Resolved	O2a2b1a1a1c	11	Resolved
111-1792-8934	Qiang Sichuan	O2a2b1a1a1c1b1	O2a2b	5	Resolved	O2a2b1a1a1c	11	Resolved
GSRD005720A00_BB1_01	Zang Sichuan	O2a2b1a1a1c1b1	O2a2b	5	Resolved	O2a2b1a1a1c	11	Resolved
GSRD008117A01_BB0_01	Zang Sichuan	O2a2b1a1a1e	O2a2b	5	Resolved	O2a2b1a1a1e	11	Resolved
GSRD008327A01_BB1_01	Tujia Sichuan	O2a2b1a1a1h	O2a2b	5	Resolved	O2a2b1a1a1h	11	Resolved
GSRD008007A01_BB1_01	Zang Sichuan	O2a2b1a1b	O2a2b	5	Resolved	O2a2b1a1b	9	Resolved
GSRD008007A00_BB1_01	Zang Sichuan	O2a2b1a1b	O2a2b	5	Resolved	O2a2b1a1b	9	Resolved
GSRD003381A00_BB1_01	Tujia Sichuan	O2a2b1a2a1a1a1a1a1a	O2a2b	5	Resolved	O2a2b1a2	8	Resolved
GSRD009650A00_BB0_01	Yi Sichuan	O2a2b1a2a1a1a2	O2a2b	5	Resolved	O2a2b1a2	8	Resolved
GSRD008207A01_BB1_01	Zang Sichuan	O2a2b1a2a1a1a2	O2a2b	5	Resolved	O2a2b1a2	8	Resolved
GSRD008207A00_BB1_01	Zang Sichuan	O2a2b1a2a1a1a2	O2a2b	5	Resolved	O2a2b1a2	8	Resolved
8.92E+13	Qiang Sichuan	O2a2b1a2a1a1a2a1	O2a2b	5	Resolved	O2a2b1a2	8	Resolved
GSRD008049A00_BB1_01	Tujia Sichuan	O2a2b1a2a1a1a2a1	O2a2b	5	Resolved	O2a2b1a2	8	Resolved
GSRD008049A01_BB1_01-jiace1	Tujia Sichuan	O2a2b1a2a1a1a2a1	O2a2b	5	Resolved	O2a2b1a2	8	Resolved
GSRD008085A01_BB1_01	Yi Sichuan	O2a2b1a2a1a1a2a1	O2a2b	5	Resolved	O2a2b1a2	8	Resolved
GSRD008055A00_BB1_01	Yi Sichuan	O2a2b1a2a1a1a2a1	O2a2b	5	Resolved	O2a2b1a2	8	Resolved
GSRD008055A01_BB1_01	Yi Sichuan	O2a2b1a2a1a1a2a1	O2a2b	5	Resolved	O2a2b1a2	8	Resolved
GSRD005709A00_BB1_01	Yi Sichuan	O2a2b1a2a1a1a2a1	O2a2b	5	Resolved	O2a2b1a2	8	Resolved
GSRD008085A00_BB1_01	Yi Sichuan	O2a2b1a2a1a1a2a1	O2a2b	5	Resolved	O2a2b1a2	8	Resolved
GSRD008071A01_BB1_01	Yi Sichuan	O2a2b1a2a1a1a2a1	O2a2b	5	Resolved	O2a2b1a2	8	Resolved
Chuan10236A00_BB0_00	Yi Sichuan	O2a2b1a2a1a1a2a1a1a	O2a2b	5	Resolved	O2a2b1a2	8	Resolved
GSRD005473A00_BB0_01	Yi Sichuan	O2a2b1a2a1a1a2a1a1a	O2a2b	5	Resolved	O2a2b1a2	8	Resolved
WDC11806290114	Zang Sichuan	O2a2b1a2a1a1a2a1a1a	O2a2b	5	Resolved	O2a2b1a2	8	Resolved
GSRD008322A00_BB1_01	Yi Sichuan	O2a2b1a2a1a1b	O2a2b	5	Resolved	O2a2b1a2	8	Resolved
GSRD008322A01_BB1_01	Yi Sichuan	O2a2b1a2a1a1b	O2a2b	5	Resolved	O2a2b1a2	8	Resolved
GSRD008189A01_BB1_01	Yi Sichuan	O2a2b1a2a1a1b	O2a2b	5	Resolved	O2a2b1a2	8	Resolved
GSRD008008A01_BB1_01-jiace1	Zang Sichuan	O2a2b1a2a1a1b	O2a2b	5	Resolved	O2a2b1a2	8	Resolved
GSRD007966A00_BB1_01-jiace1	Zang Sichuan	O2a2b1a2a1a1b	O2a2b	5	Resolved	O2a2b1a2	8	Resolved
GSRD007966A01_BB1_01-jiace1	Zang Sichuan	O2a2b1a2a1a1b	O2a2b	5	Resolved	O2a2b1a2	8	Resolved
2.76E+13	Qiang Sichuan	O2a2b1a2a1a1b1b2b1a	O2a2b	5	Resolved	O2a2b1a2	8	Resolved
GSRD002403A00_BB1_01	Zang Sichuan	O2a2b1a2a1a1b1b2b2	O2a2b	5	Resolved	O2a2b1a2	8	Resolved
GSRD008174A01_BB1_01	Qiang Sichuan	O2a2b1a2a1a3	O2a2b	5	Resolved	O2a2b1a2	8	Resolved
8.80E+13	Qiang Sichuan	O2a2b1a2a1a4a1	O2a2b	5	Resolved	O2a2b1a2	8	Resolved
GSRD008285A01_BB1_01	Zang Sichuan	O2a2b1a2a2a	O2a2b	5	Resolved	O2a2b1a2	8	Resolved
4.41E+13	Qiang Sichuan	O2a2b2a2a	O2a2b	5	Resolved	O2a2b2a2	8	Resolved
GSRD008313A01_BB1_01	Qiang Sichuan	O2a2b2a2a1	O2a2b	5	Resolved	O2a2b2a2	8	Resolved
GSRD008126A01_BB0_01	Zang Sichuan	Q1a1a1	Q1a1a	5	Resolved	Q1a1a1*	6	Unresolved
GSRD008355A00_BB1_01	Tujia Sichuan	Q1a1a1a	Q1a1a	5	Resolved	Q1a1a1a*	7	Unresolved
GSRD007970A01_BB1_01	Qiang Sichuan	Q1a1a1a1	Q1a1a	5	Resolved	Q1a1a1a1	8	Resolved
GSRD007970A00_BB1_01	Qiang Sichuan	Q1a1a1a1	Q1a1a	5	Resolved	Q1a1a1a1	8	Resolved
GSRD005486A00_BB0_01	Yi Sichuan	Q1a1a1a1	Q1a1a	5	Resolved	Q1a1a1a1	8	Resolved
GSRD008264A01_BB1_01	Qiang Sichuan	Q1a1a2	Q1a1a	5	Resolved	Q1a1a2	6	Resolved
GSRD008114A01_BB0_01	Zang Sichuan	Q1b1a3b	Q1b1a	5	Resolved	Q1b1	4	Resolved
GSRD008015A00_BB1_01	Zang Sichuan	R1a1a1b2	R1a1a	5	Resolved	R1a1a1b2	8	Resolved
GSRD008015A01_BB1_01	Zang Sichuan	R1a1a1b2	R1a1a	5	Resolved	R1a1a1b2	8	Resolved
GSRD008014A01_BB1_01-jiace1	Zang Sichuan	R1a1a1b2	R1a1a	5	Resolved	R1a1a1b2	8	Resolved
GSRD008363A00_BB1_01	Zang Sichuan	R1a1a1b2	R1a1a	5	Resolved	R1a1a1b2	8	Resolved
GSRD008363A01_BB1_01	Zang Sichuan	R1a1a1b2	R1a1a	5	Resolved	R1a1a1b2	8	Resolved
GSRD008014A00_BB1_01	Zang Sichuan	R1a1a1b2	R1a1a	5	Resolved	R1a1a1b2	8	Resolved
GSRD008095A01_BB1_01-jiace1	Zang Sichuan	R1a1a1b2a1a2c2d5	R1a1a	5	Resolved	R1a1a1b2	8	Resolved
GSRD008095A00_BB1_01	Zang Sichuan	R1a1a1b2a1a2c2d5	R1a1a	5	Resolved	R1a1a1b2	8	Resolved
GSRD008083A00_BB1_01	Zang Sichuan	R1a1a1b2a3b	R1a1a	5	Resolved	R1a1a1b2	8	Resolved
GSRD008203A01_BB1_01	Zang Sichuan	R1a1a1b2g	R1a1a	5	Resolved	R1a1a1b2	8	Resolved
GSRD008203A00_BB1_01	Zang Sichuan	R1a1a1b2g	R1a1a	5	Resolved	R1a1a1b2	8	Resolved
GSRD008192A01_BB1_01	Zang Sichuan	R1b2b2	R1b2b	5	Resolved	R1b2	4	Resolved
GSRD008262A00_BB1_01	Zang Sichuan	R2a2b1b2b3b	R2a2b	5	Resolved	R2a	3	Resolved
111-1841-9813	Han Sichuan	C2b1b1b	C2b1b	5	Resolved	C2b1b	5	Resolved
111-1892-9787	Han Sichuan	C2b1b1b2a1	C2b1b	5	Resolved	C2b1b	5	Resolved
023-0000-2509	Han Sichuan	F2	F2*	5	Unresolved	F2	2	Resolved
GSRD009587A01_BB0_01	Han Sichuan	N1a1a3	N1a1a	5	Resolved	N1a1a3	6	Resolved
Chuan-146_BB0_00	Han Sichuan	N1b1	N1b1*	5	Unresolved	N1b1*	4	Unresolved
111-1459-4071	Han Sichuan	N1b2	N1b2*	5	Unresolved	N1b2*	4	Unresolved
111-1895-8169	Han Sichuan	O1a1a1a1a1a1a3	O1a1a	5	Resolved	O1a	3	Resolved
111-1888-8664	Han Sichuan	O1a1a1a1a1a1d1a1	O1a1a	5	Resolved	O1a	3	Resolved
111-1747-6732	Han Sichuan	O1a1a1b1a1	O1a1a	5	Resolved	O1a	3	Resolved
111-1872-1695	Han Sichuan	O1a1a1b1b1a1a	O1a1a	5	Resolved	O1a	3	Resolved
111-1828-2585	Han Sichuan	O2a1b1a1a1a1a1a1b1	O2a1b	5	Resolved	O2a1b	5	Resolved
111-1852-8942	Han Sichuan	O2a2b1a1a1	O2a2b	5	Resolved	O2a2b1a1a1*	10	Unresolved
111-1723-9016	Han Sichuan	O2a2b1a1a1a1a1b1a1b2a1	O2a2b	5	Resolved	O2a2b1a1a1a1	12	Resolved
111-1183-8147	Han Sichuan	O2a2b1a1a1a3a1a	O2a2b	5	Resolved	O2a2b1a1a1a3	12	Resolved
990-0012-2980	Han Sichuan	O2a2b1a2a1a1a2	O2a2b	5	Resolved	O2a2b1a2	8	Resolved
111-1360-7765	Han Sichuan	O2a2b1a2a1a1b	O2a2b	5	Resolved	O2a2b1a2	8	Resolved
111-1780-6263	Han Sichuan	O2a2b1a2a1a1b1b2b2	O2a2b	5	Resolved	O2a2b1a2	8	Resolved
CQ10011A00_BB1_02	Yi Sichuan	C1b1a2b	C1b1a	5	Resolved	C1b1a2	6	Resolved
GSRD009835A00_BB0_00	Yi Sichuan	C1b1a2b	C1b1a	5	Resolved	C1b1a2	6	Resolved
GSRD009985A00_BB0_00	Yi Sichuan	C2b1a1a1	C2b1a	5	Resolved	C2b1a1a	7	Resolved
GSRD009877A00_BB0_00	Yi Sichuan	C2b1b1	C2b1b	5	Resolved	C2b1b	5	Resolved
111-1869-2971	Zang Sichuan	C2b1b1i	C2b1b	5	Resolved	C2b1b	5	Resolved
111-1896-8847	Zang Sichuan	D1a1a1a1a1b	D1a1a	5	Resolved	D1a1a1a1a1b*	11	Unresolved
Chuan10292A00_BB0_00	Yi Sichuan	D1a1a1a1a1b	D1a1a	5	Resolved	D1a1a1a1a1b*	11	Unresolved
GSRD009778A00_BB0_00	Yi Sichuan	D1a1a1a1a1b	D1a1a	5	Resolved	D1a1a1a1a1b*	11	Unresolved
GSRD009863A00_BB0_00	Yi Sichuan	D1a1a1a1a1b	D1a1a	5	Resolved	D1a1a1a1a1b*	11	Unresolved
111-1837-3009	Zang Sichuan	D1a1a1a1a1b	D1a1a	5	Resolved	D1a1a1a1a1b*	11	Unresolved
GSRD009825A00_BB0_00	Yi Sichuan	D1a1a1a1a1b2	D1a1a	5	Resolved	D1a1a1a1a1b2	12	Resolved
HGDP01183	Yi Sichuan	D1a1a1a1b	D1a1a	5	Resolved	D1a1a1a1b*	9	Unresolved
HGDP01185	Yi Sichuan	D1a1a1a1b	D1a1a	5	Resolved	D1a1a1a1b*	9	Unresolved
GSRD009816A00_BB0_00	Yi Sichuan	D1a1a1a1b	D1a1a	5	Resolved	D1a1a1a1b*	9	Unresolved
GSRD008109A00_BB0_01	Yi Sichuan	D1a1a1a1b	D1a1a	5	Resolved	D1a1a1a1b*	9	Unresolved
GSRD010426A00_BB1_01	Yi Sichuan	D1a1a1a1b	D1a1a	5	Resolved	D1a1a1a1b*	9	Unresolved
GSRD009831A00_BB0_00	Yi Sichuan	D1a1a1a1b	D1a1a	5	Resolved	D1a1a1a1b*	9	Unresolved
GSRD009881A00_BB0_00	Yi Sichuan	D1a1a1a1b	D1a1a	5	Resolved	D1a1a1a1b*	9	Unresolved
GSRD009892A00_BB0_00	Yi Sichuan	D1a1a1a1b	D1a1a	5	Resolved	D1a1a1a1b*	9	Unresolved
GSRD009843A00_BB0_00	Yi Sichuan	D1a1a1a1b	D1a1a	5	Resolved	D1a1a1a1b*	9	Unresolved
GSRD009781A00_BB0_00	Yi Sichuan	D1a1a1a1b	D1a1a	5	Resolved	D1a1a1a1b*	9	Unresolved
GSRD009806A00_BB0_00	Yi Sichuan	D1a1a1a1b	D1a1a	5	Resolved	D1a1a1a1b*	9	Unresolved
GSRD009785A00_BB0_00	Yi Sichuan	D1a1a1a1b	D1a1a	5	Resolved	D1a1a1a1b*	9	Unresolved
GSRD009852A00_BB0_00	Yi Sichuan	D1a1a1a1b	D1a1a	5	Resolved	D1a1a1a1b*	9	Unresolved
GSRD009788A00_BB0_00	Zang Sichuan	D1a1a1a1b	D1a1a	5	Resolved	D1a1a1a1b*	9	Unresolved
GSRD009860A00_BB0_00	Zang Sichuan	D1a1a1a1b	D1a1a	5	Resolved	D1a1a1a1b*	9	Unresolved
GSRD008111A00_BB0_01	Zang Sichuan	D1a1a1a1b	D1a1a	5	Resolved	D1a1a1a1b*	9	Unresolved
GSRD009801A00_BB0_00	Yi Sichuan	D1a1a1b1b	D1a1a	5	Resolved	D1a1a1b	7	Resolved
111-1843-4168	Qiang Sichuan	D1a1b1a	D1a1b	5	Resolved	D1a1b	5	Resolved
111-1832-1970	Qiang Sichuan	D1a1b1a	D1a1b	5	Resolved	D1a1b	5	Resolved
GSRD003839A00_BB0_01	Zang Sichuan	D1a1b1a	D1a1b	5	Resolved	D1a1b	5	Resolved
GSRD008874A03_BB0_01	Zang Sichuan	D1a1b1a	D1a1b	5	Resolved	D1a1b	5	Resolved
GSRD005682A00_BB0_01-jiace1	Zang Sichuan	D1a1b1a	D1a1b	5	Resolved	D1a1b	5	Resolved
GSRD008874A01_BB0_01	Zang Sichuan	D1a1b1a	D1a1b	5	Resolved	D1a1b	5	Resolved
GSRD008874A00_BB0_01	Zang Sichuan	D1a1b1a	D1a1b	5	Resolved	D1a1b	5	Resolved
111-1897-7054	Zang Sichuan	D1a1b1a	D1a1b	5	Resolved	D1a1b	5	Resolved
111-1707-8820	Zang Sichuan	D1a1b1a	D1a1b	5	Resolved	D1a1b	5	Resolved
023-0000-2442	Yi Sichuan	F2	F2*	5	Unresolved	F2	2	Resolved
023-0000-2485	Yi Sichuan	F2	F2*	5	Unresolved	F2	2	Resolved
GSRD009810A00_BB0_00	Yi Sichuan	F2	F2*	5	Unresolved	F2	2	Resolved
GSRD009896A01_BB0_00	Yi Sichuan	F2	F2*	5	Unresolved	F2	2	Resolved
GSRD009896A00_BB0_00	Yi Sichuan	F2	F2*	5	Unresolved	F2	2	Resolved
111-1856-8634	Zang Sichuan	I1a10	I1a10*	5	Unresolved	I	1	Resolved
111-1912-0046	Qiang Sichuan	N1a2a1a2	N1a2a	5	Resolved	N1a2	4	Resolved
111-1912-8172	Qiang Sichuan	N1a2a1a2	N1a2a	5	Resolved	N1a2	4	Resolved
111-1851-9988	Qiang Sichuan	N1a2a1a2	N1a2a	5	Resolved	N1a2	4	Resolved
HGDP01182	Yi Sichuan	N1b2	N1b2*	5	Unresolved	N1b2*	4	Unresolved
GSRD009804A00_BB0_00	Yi Sichuan	N1b2	N1b2*	5	Unresolved	N1b2*	4	Unresolved
GSRD009929A00_BB0_00	Yi Sichuan	N1b2	N1b2*	5	Unresolved	N1b2*	4	Unresolved
GSRD009796A00_BB0_00	Yi Sichuan	N1b2	N1b2*	5	Unresolved	N1b2*	4	Unresolved
GSRD009890A00_BB0_00	Yi Sichuan	N1b2	N1b2*	5	Unresolved	N1b2*	4	Unresolved
GSRD009817A00_BB0_00	Yi Sichuan	N1b2	N1b2*	5	Unresolved	N1b2*	4	Unresolved
GSRD009861A00_BB0_00	Yi Sichuan	N1b2	N1b2*	5	Unresolved	N1b2*	4	Unresolved
GSRD009844A01_BB0_00	Yi Sichuan	N1b2	N1b2*	5	Unresolved	N1b2*	4	Unresolved
GSRD009844A00_BB0_00	Yi Sichuan	N1b2	N1b2*	5	Unresolved	N1b2*	4	Unresolved
111-1716-1591	Yi Sichuan	N1b2	N1b2*	5	Unresolved	N1b2*	4	Unresolved
111-1576-8419	Yi Sichuan	N1b2	N1b2*	5	Unresolved	N1b2*	4	Unresolved
GSRD009957A00_BB0_00	Yi Sichuan	O1a1a2a1	O1a1a	5	Resolved	O1a	3	Resolved
111-1892-7042	Yi Sichuan	O1a1a2a1a	O1a1a	5	Resolved	O1a	3	Resolved
Chuan-450-1_BB0_00	Qiang Sichuan	O1b1a1a1a1a1a1a1	O1b1a	5	Resolved	O1b1a1a1a1a1a1a1	16	Resolved
HGDP01181	Yi Sichuan	O1b1a1a1a1a1a1a2a	O1b1a	5	Resolved	O1b1a1a1a1a1a1a2	16	Resolved
GSRD009783A00_BB0_00	Yi Sichuan	O1b1a1a1a1b1a1a1a3	O1b1a	5	Resolved	O1b1a1a1a1b1	12	Resolved
GSRD010502A00_BB1_01	Yi Sichuan	O1b1a1a1a1b1b	O1b1a	5	Resolved	O1b1a1a1a1b1	12	Resolved
Chuan-421_BB1_01	Qiang Sichuan	O1b1a1a1a2a1	O1b1a	5	Resolved	O1b1a1a1a2	10	Resolved
HGDP01184	Yi Sichuan	O1b1a1a1b1a	O1b1a	5	Resolved	O1b1a1a1b1a	11	Resolved
111-1831-8598	Yi Sichuan	O1b1a1a1b1a1	O1b1a	5	Resolved	O1b1a1a1b1a	11	Resolved
GSRD005870A00_BB0_01	Qiang Sichuan	O1b1a1a1b1b1	O1b1a	5	Resolved	O1b1a1a1b1b	11	Resolved
GSRD009803A00_BB0_00	Yi Sichuan	O1b1a1a1b1b1	O1b1a	5	Resolved	O1b1a1a1b1b	11	Resolved
HGDP01180	Yi Sichuan	O1b1a1a1b1b1	O1b1a	5	Resolved	O1b1a1a1b1b	11	Resolved
GSRD009798A00_BB0_00	Yi Sichuan	O1b1a1a1b2a	O1b1a	5	Resolved	O1b1a1a1b2	10	Resolved
GSRD009880A00_BB0_00	Yi Sichuan	O1b1a1a1b2a	O1b1a	5	Resolved	O1b1a1a1b2	10	Resolved
111-1207-5558	Yi Sichuan	O1b1a1b	O1b1a	5	Resolved	O1b1a1b	7	Resolved
111-1916-8017	Zang Sichuan	O1b1a2a1	O1b1a	5	Resolved	O1b1a2	6	Resolved
GSRD009837A03_BB0_00	Yi Sichuan	O2a1a1a1a	O2a1a	5	Resolved	O2a1a	5	Resolved
GSRD009864A00_BB0_00	Yi Sichuan	O2a1b1a1a1a1a1b1a1	O2a1b	5	Resolved	O2a1b	5	Resolved
GSRD009923A00_BB0_00	Yi Sichuan	O2a1b1a1a1a1e1	O2a1b	5	Resolved	O2a1b	5	Resolved
Y2388	Yi Sichuan	O2a1b1a1a1a1e2a2a1	O2a1b	5	Resolved	O2a1b	5	Resolved
HGDP01187	Yi Sichuan	O2a1b1a1a1a1f1a2a1a	O2a1b	5	Resolved	O2a1b	5	Resolved
GSRD009795A00_BB0_00	Yi Sichuan	O2a1b2a1b	O2a1b	5	Resolved	O2a1b	5	Resolved
111-1398-0769	Zang Sichuan	O2a2a1a2a1a1a1a	O2a2a	5	Resolved	O2a2a1a2a1a1a1	14	Resolved
111-1854-4720	Yi Sichuan	O2a2a1a2a1a1a2a	O2a2a	5	Resolved	O2a2a1a2a1a1a2a*	15	Unresolved
111-1823-6427	Yi Sichuan	O2a2a1a2a1a1a2a1a1	O2a2a	5	Resolved	O2a2a1a2a1a1a2a1	16	Resolved
111-1399-9471	Zang Sichuan	O2a2a1a2a1a1a2a2	O2a2a	5	Resolved	O2a2a1a2a1a1a2a2	16	Resolved
GSRD010497A00_BB1_01	Qiang Sichuan	O2a2a1a2a1b	O2a2a	5	Resolved	O2a2a1a2a1b	11	Resolved
GSRD009807A03_BB0_00	Yi Sichuan	O2a2a2	O2a2a	5	Resolved	O2a2a2	6	Resolved
GSRD009807A00_BB0_00	Yi Sichuan	O2a2a2	O2a2a	5	Resolved	O2a2a2	6	Resolved
CQ10052A00_BB0_00	Yi Sichuan	O2a2b1a1a1	O2a2b	5	Resolved	O2a2b1a1a1*	10	Unresolved
GSRD003483A00_BB0_01	Qiang Sichuan	O2a2b1a1a1a2a1a1	O2a2b	5	Resolved	O2a2b1a1a1a2	12	Resolved
990-0000-5429	Zang Sichuan	O2a2b1a1a1a4a	O2a2b	5	Resolved	O2a2b1a1a1a4a*	13	Unresolved
111-1356-5447	Zang Sichuan	O2a2b1a1a1a4a	O2a2b	5	Resolved	O2a2b1a1a1a4a*	13	Unresolved
GSRD009147A00_BB0_01-jiace1	Yi Sichuan	O2a2b1a1a1a4a2	O2a2b	5	Resolved	O2a2b1a1a1a4a2*	14	Unresolved
GSRD009779A00_BB0_00	Yi Sichuan	O2a2b1a1a1a4a2	O2a2b	5	Resolved	O2a2b1a1a1a4a2*	14	Unresolved
GSRD009787A00_BB0_00	Yi Sichuan	O2a2b1a1a1a4a2a3	O2a2b	5	Resolved	O2a2b1a1a1a4a2a3	16	Resolved
GSRD501161A00_BB0_01	Yi Sichuan	O2a2b1a1a1a4a2a3	O2a2b	5	Resolved	O2a2b1a1a1a4a2a3	16	Resolved
GSRD009859A00_BB0_00	Yi Sichuan	O2a2b1a1a1a4a2a3	O2a2b	5	Resolved	O2a2b1a1a1a4a2a3	16	Resolved
111-1688-0882	Yi Sichuan	O2a2b1a1a1a4a2a3	O2a2b	5	Resolved	O2a2b1a1a1a4a2a3	16	Resolved
HGDP01186	Yi Sichuan	O2a2b1a1a1a4a2a3	O2a2b	5	Resolved	O2a2b1a1a1a4a2a3	16	Resolved
GSRD009856A00_BB0_00	Zang Sichuan	O2a2b1a1a1a4a2a3	O2a2b	5	Resolved	O2a2b1a1a1a4a2a3	16	Resolved
111-1785-4929	Yi Sichuan	O2a2b1a1a1b	O2a2b	5	Resolved	O2a2b1a1a1b	11	Resolved
111-1823-7707	Yi Sichuan	O2a2b1a1a1b	O2a2b	5	Resolved	O2a2b1a1a1b	11	Resolved
111-1855-6235	Yi Sichuan	O2a2b1a1a1c1a1a1	O2a2b	5	Resolved	O2a2b1a1a1c	11	Resolved
111-1664-2473	Yi Sichuan	O2a2b1a1a1c1a1a1	O2a2b	5	Resolved	O2a2b1a1a1c	11	Resolved
111-1691-4204	Yi Sichuan	O2a2b1a1a1e2	O2a2b	5	Resolved	O2a2b1a1a1e	11	Resolved
111-1243-0050	Zang Sichuan	O2a2b1a2a1a1a1a1a1a	O2a2b	5	Resolved	O2a2b1a2	8	Resolved
111-1776-6871	Zang Sichuan	O2a2b1a2a1a1a2	O2a2b	5	Resolved	O2a2b1a2	8	Resolved
GSRD009900A00_BB0_00	Yi Sichuan	O2a2b1a2a1a1a2a1	O2a2b	5	Resolved	O2a2b1a2	8	Resolved
GSRD009802A00_BB0_00	Yi Sichuan	O2a2b1a2a1a1a2a1	O2a2b	5	Resolved	O2a2b1a2	8	Resolved
111-1827-0322	Yi Sichuan	O2a2b1a2a1a1a2a1	O2a2b	5	Resolved	O2a2b1a2	8	Resolved
111-1796-2822	Yi Sichuan	O2a2b1a2a1a1a2a1a1	O2a2b	5	Resolved	O2a2b1a2	8	Resolved
Chuan10348A00_BB0_00	Yi Sichuan	O2a2b1a2a1a1a2a1a1a	O2a2b	5	Resolved	O2a2b1a2	8	Resolved
111-1528-2687	Yi Sichuan	O2a2b1a2a1a1b1b2b1	O2a2b	5	Resolved	O2a2b1a2	8	Resolved
111-1200-0956	Zang Sichuan	O2a2b1a2a1a1b1b2b1	O2a2b	5	Resolved	O2a2b1a2	8	Resolved
111-1837-9889	Yi Sichuan	O2a2b1a2a1a1b1b2b1a	O2a2b	5	Resolved	O2a2b1a2	8	Resolved
GSRD009857A00_BB0_00	Yi Sichuan	O2a2b1a2a1a1b1b2b2	O2a2b	5	Resolved	O2a2b1a2	8	Resolved
111-1613-7986	Zang Sichuan	O2a2b1a2a1a1b1b2b2	O2a2b	5	Resolved	O2a2b1a2	8	Resolved
Y5517	Yi Sichuan	O2a2b2a1a2	O2a2b	5	Resolved	O2a2b2a1	8	Resolved
GSRD009821A00_BB0_00	Yi Sichuan	Q1a1a1	Q1a1a	5	Resolved	Q1a1a1*	6	Unresolved
111-1300-0016	Zang Sichuan	Q1a1a1a	Q1a1a	5	Resolved	Q1a1a1a*	7	Unresolved
GSRD009822A00_BB0_00	Yi Sichuan	Q1a1a1a1	Q1a1a	5	Resolved	Q1a1a1a1	8	Resolved
111-1859-7993	Zang Sichuan	R1a1a1b2a2a1d9c2	R1a1a	5	Resolved	R1a1a1b2	8	Resolved
HG03225	Mende Sierra Leone	B3a2	B3a2*	5	Unresolved	B	1	Resolved
HG03376	Mende Sierra Leone	B3a2	B3a2*	5	Unresolved	B	1	Resolved
HG03096	Mende Sierra Leone	E1a2a1c	E1a2a	5	Resolved	E1a	3	Resolved
HG03098	Mende Sierra Leone	E1a2a1c	E1a2a	5	Resolved	E1a	3	Resolved
HG03439	Mende Sierra Leone	E1a2b1a1a2	E1a2b	5	Resolved	E1a	3	Resolved
HG03472	Mende Sierra Leone	E1b1a1a1a1c1a1a3b1	E1b1a	5	Resolved	E1b1a1a1a1c1a	13	Resolved
HG03224	Mende Sierra Leone	E1b1a1a1a1c1a1a3f	E1b1a	5	Resolved	E1b1a1a1a1c1a	13	Resolved
HG03074	Mende Sierra Leone	E1b1a1a1a1c1a1a3g	E1b1a	5	Resolved	E1b1a1a1a1c1a	13	Resolved
HG03060	Mende Sierra Leone	E1b1a1a1a1c1a1a4a	E1b1a	5	Resolved	E1b1a1a1a1c1a	13	Resolved
HG03565	Mende Sierra Leone	E1b1a1a1a1c1a2	E1b1a	5	Resolved	E1b1a1a1a1c1a	13	Resolved
HG03582	Mende Sierra Leone	E1b1a1a1a1c1b1	E1b1a	5	Resolved	E1b1a1a1a1c1b	13	Resolved
HG03574	Mende Sierra Leone	E1b1a1a1a1c1b1	E1b1a	5	Resolved	E1b1a1a1a1c1b	13	Resolved
HG03556	Mende Sierra Leone	E1b1a1a1a1c1b1b	E1b1a	5	Resolved	E1b1a1a1a1c1b	13	Resolved
HG03454	Mende Sierra Leone	E1b1a1a1a1c1b2a	E1b1a	5	Resolved	E1b1a1a1a1c1b	13	Resolved
HG03456	Mende Sierra Leone	E1b1a1a1a1c1b2a	E1b1a	5	Resolved	E1b1a1a1a1c1b	13	Resolved
HG03388	Mende Sierra Leone	E1b1a1a1a1c1b2a3a1	E1b1a	5	Resolved	E1b1a1a1a1c1b	13	Resolved
HG03382	Mende Sierra Leone	E1b1a1a1a1c1b2a3a2	E1b1a	5	Resolved	E1b1a1a1a1c1b	13	Resolved
HG03077	Mende Sierra Leone	E1b1a1a1a1c1b2a4	E1b1a	5	Resolved	E1b1a1a1a1c1b	13	Resolved
HG03433	Mende Sierra Leone	E1b1a1a1a1c2a1b	E1b1a	5	Resolved	E1b1a1a1a1c2	12	Resolved
HG03445	Mende Sierra Leone	E1b1a1a1a1c2a2	E1b1a	5	Resolved	E1b1a1a1a1c2	12	Resolved
HG03547	Mende Sierra Leone	E1b1a1a1a1c2b1a	E1b1a	5	Resolved	E1b1a1a1a1c2	12	Resolved
HG03084	Mende Sierra Leone	E1b1a1a1a1c2b2a1	E1b1a	5	Resolved	E1b1a1a1a1c2	12	Resolved
HG03559	Mende Sierra Leone	E1b1a1a1a1c2c3a1a1	E1b1a	5	Resolved	E1b1a1a1a1c2	12	Resolved
HG03432	Mende Sierra Leone	E1b1a1a1a1c2c3a1b1a	E1b1a	5	Resolved	E1b1a1a1a1c2	12	Resolved
HG03078	Mende Sierra Leone	E1b1a1a1a1c2c3a4	E1b1a	5	Resolved	E1b1a1a1a1c2	12	Resolved
HG03469	Mende Sierra Leone	E1b1a1a1a1c3	E1b1a	5	Resolved	E1b1a1a1a1c3	12	Resolved
HG03451	Mende Sierra Leone	E1b1a1a1a2a1a3b1a11a	E1b1a	5	Resolved	E1b1a1a1a2	10	Resolved
HG03072	Mende Sierra Leone	E1b1a1a1a2a1a3b1a11b	E1b1a	5	Resolved	E1b1a1a1a2	10	Resolved
HG03081	Mende Sierra Leone	E1b1a1a1a2a1a3b1a13	E1b1a	5	Resolved	E1b1a1a1a2	10	Resolved
HG03209	Mende Sierra Leone	E1b1a1a1a2a1a3b1a14	E1b1a	5	Resolved	E1b1a1a1a2	10	Resolved
HG03571	Mende Sierra Leone	E1b1a1a1a2a1a3b1a18	E1b1a	5	Resolved	E1b1a1a1a2	10	Resolved
HG03478	Mende Sierra Leone	E1b1a1a1a2a1a3b1a9a	E1b1a	5	Resolved	E1b1a1a1a2	10	Resolved
HG03484	Mende Sierra Leone	E1b1a1a1a2a1a3b1a9a1	E1b1a	5	Resolved	E1b1a1a1a2	10	Resolved
HG03394	Mende Sierra Leone	E1b1a1a1a2a2a2	E1b1a	5	Resolved	E1b1a1a1a2	10	Resolved
HG03056	Mende Sierra Leone	E1b1a1b1a1	E1b1a	5	Resolved	E1b1a1b	7	Resolved
HG03054	Mende Sierra Leone	E1b1a1b1a1	E1b1a	5	Resolved	E1b1a1b	7	Resolved
HG03442	Mende Sierra Leone	E1b1a1b1a1a	E1b1a	5	Resolved	E1b1a1b	7	Resolved
HG03066	Mende Sierra Leone	E1b1a1b1a1b	E1b1a	5	Resolved	E1b1a1b	7	Resolved
HG03460	Mende Sierra Leone	E1b1a1b1a2	E1b1a	5	Resolved	E1b1a1b	7	Resolved
HG03069	Mende Sierra Leone	E1b1a1b1a3	E1b1a	5	Resolved	E1b1a1b	7	Resolved
HG03391	Mende Sierra Leone	E1b1a1b1b1	E1b1a	5	Resolved	E1b1a1b	7	Resolved
HG03385	Mende Sierra Leone	E1b1a1b1b2	E1b1a	5	Resolved	E1b1a1b	7	Resolved
HG03457	Mende Sierra Leone	E1b1a1b1c1	E1b1a	5	Resolved	E1b1a1b	7	Resolved
HG03436	Mende Sierra Leone	E1b1a1b1c2	E1b1a	5	Resolved	E1b1a1b	7	Resolved
HG03057	Mende Sierra Leone	E1b1a1b1d	E1b1a	5	Resolved	E1b1a1b	7	Resolved
HG03065	Mende Sierra Leone	E1b1a1b1e	E1b1a	5	Resolved	E1b1a1b	7	Resolved
HG03063	Mende Sierra Leone	E1b1a1b1e	E1b1a	5	Resolved	E1b1a1b	7	Resolved
HG03397	Mende Sierra Leone	E1b1a1b2a	E1b1a	5	Resolved	E1b1a1b	7	Resolved
HG03577	Mende Sierra Leone	G2a2b2a1a1c1a1a2a1a1d	G2a2b	5	Resolved	G	1	Resolved
HG03579	Mende Sierra Leone	G2a2b2a1a1c1a1a2a1a1d	G2a2b	5	Resolved	G	1	Resolved
HG01680	Iberian Spain	E1b1b1b1a1c2	E1b1b	5	Resolved	E1b1b	5	Resolved
HG01699	Iberian Spain	E1b1b1b1b1b2	E1b1b	5	Resolved	E1b1b	5	Resolved
HG01698	Iberian Spain	E1b1b1b1b1b2	E1b1b	5	Resolved	E1b1b	5	Resolved
HG01512	Iberian Spain	G2a2b2a1a1c1a1a2	G2a2b	5	Resolved	G	1	Resolved
HG02224	Iberian Spain	G2a2b2a1a1d	G2a2b	5	Resolved	G	1	Resolved
HG01610	Iberian Spain	I2a1a1a1	I2a1a	5	Resolved	I	1	Resolved
HG01611	Iberian Spain	I2a1a1a1	I2a1a	5	Resolved	I	1	Resolved
HG01529	Iberian Spain	I2a1b1a1b1a1	I2a1b	5	Resolved	I	1	Resolved
HG01527	Iberian Spain	I2a1b1a1b1a1	I2a1b	5	Resolved	I	1	Resolved
HG01686	Iberian Spain	J1a2a1a2d2b2b2c4	J1a2a	5	Resolved	J1	2	Resolved
HG01781	Iberian Spain	J2a1a1a2b1b4a1	J2a1a	5	Resolved	J2	2	Resolved
HG01780	Iberian Spain	J2a1a1a2b1b4a1	J2a1a	5	Resolved	J2	2	Resolved
HG02236	Iberian Spain	J2a1a1a2b2a3b1b2a1a	J2a1a	5	Resolved	J2	2	Resolved
HG01672	Iberian Spain	J2a1a1b2a1	J2a1a	5	Resolved	J2	2	Resolved
HG01671	Iberian Spain	J2a1a1b2a1	J2a1a	5	Resolved	J2	2	Resolved
HG01756	Iberian Spain	J2a1a1b2a1b1b2	J2a1a	5	Resolved	J2	2	Resolved
HG01621	Iberian Spain	J2b1b1	J2b1b	5	Resolved	J2	2	Resolved
HG01619	Iberian Spain	J2b1b1	J2b1b	5	Resolved	J2	2	Resolved
HG01509	Iberian Spain	J2b2a1a1a1a1a1a	J2b2a	5	Resolved	J2	2	Resolved
HG01617	Iberian Spain	R1a1a1b2a2b1a2a1	R1a1a	5	Resolved	R1a1a1b2	8	Resolved
HG01705	Iberian Spain	R1b1a1b1a1a	R1b1a	5	Resolved	R1b1a1b1a	9	Resolved
HG01708	Iberian Spain	R1b1a1b1a1a	R1b1a	5	Resolved	R1b1a1b1a	9	Resolved
HG01682	Iberian Spain	R1b1a1b1a1a	R1b1a	5	Resolved	R1b1a1b1a	9	Resolved
HG01783	Iberian Spain	R1b1a1b1a1a	R1b1a	5	Resolved	R1b1a1b1a	9	Resolved
HG01683	Iberian Spain	R1b1a1b1a1a	R1b1a	5	Resolved	R1b1a1b1a	9	Resolved
HG01508	Iberian Spain	R1b1a1b1a1a	R1b1a	5	Resolved	R1b1a1b1a	9	Resolved
HG01775	Iberian Spain	R1b1a1b1a1a	R1b1a	5	Resolved	R1b1a1b1a	9	Resolved
HG01506	Iberian Spain	R1b1a1b1a1a	R1b1a	5	Resolved	R1b1a1b1a	9	Resolved
HG01771	Iberian Spain	R1b1a1b1a1a	R1b1a	5	Resolved	R1b1a1b1a	9	Resolved
HG01518	Iberian Spain	R1b1a1b1a1a	R1b1a	5	Resolved	R1b1a1b1a	9	Resolved
HG01785	Iberian Spain	R1b1a1b1a1a	R1b1a	5	Resolved	R1b1a1b1a	9	Resolved
HG01703	Iberian Spain	R1b1a1b1a1a	R1b1a	5	Resolved	R1b1a1b1a	9	Resolved
HG01774	Iberian Spain	R1b1a1b1a1a	R1b1a	5	Resolved	R1b1a1b1a	9	Resolved
HG01678	Iberian Spain	R1b1a1b1a1a1a	R1b1a	5	Resolved	R1b1a1b1a	9	Resolved
HG02233	Iberian Spain	R1b1a1b1a1a1c	R1b1a	5	Resolved	R1b1a1b1a	9	Resolved
HG02238	Iberian Spain	R1b1a1b1a1a1c	R1b1a	5	Resolved	R1b1a1b1a	9	Resolved
HG02234	Iberian Spain	R1b1a1b1a1a1c	R1b1a	5	Resolved	R1b1a1b1a	9	Resolved
HG01700	Iberian Spain	R1b1a1b1a1a2a1a1	R1b1a	5	Resolved	R1b1a1b1a	9	Resolved
HG01524	Iberian Spain	R1b1a1b1a1a2a1a1	R1b1a	5	Resolved	R1b1a1b1a	9	Resolved
HG01765	Iberian Spain	R1b1a1b1a1a2a1a1	R1b1a	5	Resolved	R1b1a1b1a	9	Resolved
HG01701	Iberian Spain	R1b1a1b1a1a2a1a1	R1b1a	5	Resolved	R1b1a1b1a	9	Resolved
HG01526	Iberian Spain	R1b1a1b1a1a2a1a1	R1b1a	5	Resolved	R1b1a1b1a	9	Resolved
HG02221	Iberian Spain	R1b1a1b1a1a2a1a1a1	R1b1a	5	Resolved	R1b1a1b1a	9	Resolved
HG01523	Iberian Spain	R1b1a1b1a1a2a1a1a1	R1b1a	5	Resolved	R1b1a1b1a	9	Resolved
HG01521	Iberian Spain	R1b1a1b1a1a2a1a1a1	R1b1a	5	Resolved	R1b1a1b1a	9	Resolved
HG01629	Iberian Spain	R1b1a1b1a1a2a1a1a1	R1b1a	5	Resolved	R1b1a1b1a	9	Resolved
HG01667	Iberian Spain	R1b1a1b1a1a2a1a1a1	R1b1a	5	Resolved	R1b1a1b1a	9	Resolved
HG01608	Iberian Spain	R1b1a1b1a1a2a1a1a1	R1b1a	5	Resolved	R1b1a1b1a	9	Resolved
HG01601	Iberian Spain	R1b1a1b1a1a2a1a1a1	R1b1a	5	Resolved	R1b1a1b1a	9	Resolved
HG01609	Iberian Spain	R1b1a1b1a1a2a1a1a1	R1b1a	5	Resolved	R1b1a1b1a	9	Resolved
HG01624	Iberian Spain	R1b1a1b1a1a2a1a1a1	R1b1a	5	Resolved	R1b1a1b1a	9	Resolved
HG01630	Iberian Spain	R1b1a1b1a1a2a1a1a1	R1b1a	5	Resolved	R1b1a1b1a	9	Resolved
HG01603	Iberian Spain	R1b1a1b1a1a2a1a1a1	R1b1a	5	Resolved	R1b1a1b1a	9	Resolved
HG01669	Iberian Spain	R1b1a1b1a1a2a1a1a1	R1b1a	5	Resolved	R1b1a1b1a	9	Resolved
HG01631	Iberian Spain	R1b1a1b1a1a2a1a2	R1b1a	5	Resolved	R1b1a1b1a	9	Resolved
HG01633	Iberian Spain	R1b1a1b1a1a2a1a2	R1b1a	5	Resolved	R1b1a1b1a	9	Resolved
HG01761	Iberian Spain	R1b1a1b1a1a2a1b3	R1b1a	5	Resolved	R1b1a1b1a	9	Resolved
HG01748	Iberian Spain	R1b1a1b1a1a2a1b3	R1b1a	5	Resolved	R1b1a1b1a	9	Resolved
HG01747	Iberian Spain	R1b1a1b1a1a2a1b3	R1b1a	5	Resolved	R1b1a1b1a	9	Resolved
HG01606	Iberian Spain	R1b1a1b1a1a2a2a	R1b1a	5	Resolved	R1b1a1b1a	9	Resolved
HG01615	Iberian Spain	R1b1a1b1a1a2a4	R1b1a	5	Resolved	R1b1a1b1a	9	Resolved
HG01694	Iberian Spain	R1b1a1b1a1a2a5	R1b1a	5	Resolved	R1b1a1b1a	9	Resolved
HG01696	Iberian Spain	R1b1a1b1a1a2a5	R1b1a	5	Resolved	R1b1a1b1a	9	Resolved
HG01709	Iberian Spain	R1b1a1b1a1a2a5	R1b1a	5	Resolved	R1b1a1b1a	9	Resolved
HG02231	Iberian Spain	R1b1a1b1a1a2b	R1b1a	5	Resolved	R1b1a1b1a	9	Resolved
HG02219	Iberian Spain	R1b1a1b1a1a2b	R1b1a	5	Resolved	R1b1a1b1a	9	Resolved
HG01767	Iberian Spain	R1b1a1b1a1a2b	R1b1a	5	Resolved	R1b1a1b1a	9	Resolved
HG01625	Iberian Spain	R1b1a1b1a1a2b1c1a	R1b1a	5	Resolved	R1b1a1b1a	9	Resolved
HG01536	Iberian Spain	R1b1a1b1a1a2b1c1a	R1b1a	5	Resolved	R1b1a1b1a	9	Resolved
HG01627	Iberian Spain	R1b1a1b1a1a2b1c1a	R1b1a	5	Resolved	R1b1a1b1a	9	Resolved
HG01778	Iberian Spain	R1b1a1b1a1a2b1c1b3a	R1b1a	5	Resolved	R1b1a1b1a	9	Resolved
HG01777	Iberian Spain	R1b1a1b1a1a2b1c1b3a	R1b1a	5	Resolved	R1b1a1b1a	9	Resolved
HG01500	Iberian Spain	R1b1a1b1a1a2c1a4b2c1a	R1b1a	5	Resolved	R1b1a1b1a	9	Resolved
HG01502	Iberian Spain	R1b1a1b1a1a2c1a4b2c1a	R1b1a	5	Resolved	R1b1a1b1a	9	Resolved
HG01675	Iberian Spain	R1b1a1b1a1a2c1a4b2d1a	R1b1a	5	Resolved	R1b1a1b1a	9	Resolved
HG01503	Iberian Spain	R1b1a1b1a1a2c1a4b2d1a	R1b1a	5	Resolved	R1b1a1b1a	9	Resolved
HG01505	Iberian Spain	R1b1a1b1a1a2c1a4b2d1a	R1b1a	5	Resolved	R1b1a1b1a	9	Resolved
HG01674	Iberian Spain	R1b1a1b1a1a2c1a4b2d1a	R1b1a	5	Resolved	R1b1a1b1a	9	Resolved
HG01515	Iberian Spain	R1b1a1b1b3a1a1a	R1b1a	5	Resolved	R1b1a1b1b	9	Resolved
HG01532	Iberian Spain	T1a2b1a1	T1a2b	5	Resolved	T	1	Resolved
HG01530	Iberian Spain	T1a2b1a1	T1a2b	5	Resolved	T	1	Resolved
HG03867	Telugu United Kingdom	C1b1a1a1a1a2	C1b1a	5	Resolved	C1b1a1	6	Resolved
HG03850	Tamil United Kingdom	C1b1a1a1a1b	C1b1a	5	Resolved	C1b1a1	6	Resolved
HG03846	Tamil United Kingdom	H1a1a1b	H1a1a	5	Resolved	H	1	Resolved
HG03778	Telugu United Kingdom	H1a1a4b	H1a1a	5	Resolved	H	1	Resolved
HG04002	Telugu United Kingdom	H1a1a4b1a	H1a1a	5	Resolved	H	1	Resolved
HG03755	Tamil United Kingdom	H1a1a4b2b1b	H1a1a	5	Resolved	H	1	Resolved
HG03738	Tamil United Kingdom	H1a1a4b2b1b	H1a1a	5	Resolved	H	1	Resolved
HG04235	Telugu United Kingdom	H1a1a4b2b2	H1a1a	5	Resolved	H	1	Resolved
HG03777	Telugu United Kingdom	H1a1a4b2c1a1b	H1a1a	5	Resolved	H	1	Resolved
HG04006	Tamil United Kingdom	H1a1a4b2c1b	H1a1a	5	Resolved	H	1	Resolved
HG03716	Telugu United Kingdom	H1a1a4b2c3	H1a1a	5	Resolved	H	1	Resolved
HG04211	Telugu United Kingdom	H1a1a4b2d	H1a1a	5	Resolved	H	1	Resolved
HG03985	Tamil United Kingdom	H1a1a4b3b1a	H1a1a	5	Resolved	H	1	Resolved
HG04061	Telugu United Kingdom	H1a1a4b3b1a	H1a1a	5	Resolved	H	1	Resolved
HG03644	Tamil United Kingdom	H1a1a4b3b1a10	H1a1a	5	Resolved	H	1	Resolved
HG03950	Tamil United Kingdom	H1a1a4b3b1a4	H1a1a	5	Resolved	H	1	Resolved
HG04206	Telugu United Kingdom	H1a1a4b3b1a6	H1a1a	5	Resolved	H	1	Resolved
HG03745	Tamil United Kingdom	H1a1a4b3b1a8	H1a1a	5	Resolved	H	1	Resolved
HG03646	Tamil United Kingdom	H1a1a4b3b1a9	H1a1a	5	Resolved	H	1	Resolved
HG04060	Telugu United Kingdom	H1a1a4b7	H1a1a	5	Resolved	H	1	Resolved
HG04222	Telugu United Kingdom	H1a2a2	H1a2a	5	Resolved	H	1	Resolved
HG04198	Telugu United Kingdom	H1a2a3	H1a2a	5	Resolved	H	1	Resolved
HG03991	Tamil United Kingdom	H1a2b1a1	H1a2b	5	Resolved	H	1	Resolved
HG04238	Telugu United Kingdom	H3a1a	H3a1a	5	Resolved	H	1	Resolved
HG03872	Telugu United Kingdom	H3a1b	H3a1b	5	Resolved	H	1	Resolved
HG03870	Telugu United Kingdom	H3a1c	H3a1c	5	Resolved	H	1	Resolved
HG03965	Telugu United Kingdom	H3a2a1a1a	H3a2a	5	Resolved	H	1	Resolved
HG03848	Tamil United Kingdom	H3a2a1b	H3a2a	5	Resolved	H	1	Resolved
HG04033	Tamil United Kingdom	H3a2a2a	H3a2a	5	Resolved	H	1	Resolved
HG03792	Telugu United Kingdom	H3a2a2b	H3a2a	5	Resolved	H	1	Resolved
HG03837	Tamil United Kingdom	H3a2b1	H3a2b	5	Resolved	H	1	Resolved
HG03680	Tamil United Kingdom	H3a2b2	H3a2b	5	Resolved	H	1	Resolved
HG03890	Tamil United Kingdom	H3b1a	H3b1a	5	Resolved	H	1	Resolved
HG03697	Tamil United Kingdom	H3b1b	H3b1b	5	Resolved	H	1	Resolved
HG04107	Tamil United Kingdom	J2a1a1b1a1a	J2a1a	5	Resolved	J2	2	Resolved
HG04003	Tamil United Kingdom	J2a1a1b1a1a	J2a1a	5	Resolved	J2	2	Resolved
HG03851	Tamil United Kingdom	J2a1a1b2a1a2a1	J2a1a	5	Resolved	J2	2	Resolved
HG03854	Tamil United Kingdom	J2a1a2b2a2a2	J2a1a	5	Resolved	J2	2	Resolved
HG03693	Tamil United Kingdom	J2a1a2b2a2a2	J2a1a	5	Resolved	J2	2	Resolved
HG04210	Tamil United Kingdom	J2b2a2a1	J2b2a	5	Resolved	J2	2	Resolved
HG03696	Tamil United Kingdom	J2b2a2b1a1c	J2b2a	5	Resolved	J2	2	Resolved
HG04239	Telugu United Kingdom	J2b2a2b1a1c	J2b2a	5	Resolved	J2	2	Resolved
HG03785	Telugu United Kingdom	J2b2a2b1a1c	J2b2a	5	Resolved	J2	2	Resolved
HG03969	Telugu United Kingdom	J2b2a2b2b	J2b2a	5	Resolved	J2	2	Resolved
HG03688	Tamil United Kingdom	L1a1a1	L1a1a	5	Resolved	L	1	Resolved
HG03885	Tamil United Kingdom	L1a1a1	L1a1a	5	Resolved	L	1	Resolved
HG03786	Telugu United Kingdom	L1a1a2a	L1a1a	5	Resolved	L	1	Resolved
HG04199	Tamil United Kingdom	L1a1b1a	L1a1b	5	Resolved	L	1	Resolved
HG04100	Tamil United Kingdom	L1a1b1a	L1a1b	5	Resolved	L	1	Resolved
HG04080	Telugu United Kingdom	L1a1b1b	L1a1b	5	Resolved	L	1	Resolved
HG03788	Telugu United Kingdom	L1a1b2a1	L1a1b	5	Resolved	L	1	Resolved
HG03746	Tamil United Kingdom	L1a1b2a2	L1a1b	5	Resolved	L	1	Resolved
HG03686	Tamil United Kingdom	L1a1b2b	L1a1b	5	Resolved	L	1	Resolved
HG03990	Tamil United Kingdom	L1a1b3a1a1	L1a1b	5	Resolved	L	1	Resolved
HG03971	Telugu United Kingdom	L1a1b3a1a1b	L1a1b	5	Resolved	L	1	Resolved
HG03875	Telugu United Kingdom	L1a1b3a1a2b	L1a1b	5	Resolved	L	1	Resolved
HG04093	Telugu United Kingdom	L1a1b3a2a	L1a1b	5	Resolved	L	1	Resolved
HG03953	Tamil United Kingdom	L1a1b3a2b	L1a1b	5	Resolved	L	1	Resolved
HG03790	Telugu United Kingdom	L1a2	L1a2*	5	Unresolved	L	1	Resolved
HG04094	Telugu United Kingdom	L1a2a1a	L1a2a	5	Resolved	L	1	Resolved
HG03900	Tamil United Kingdom	L1a2a1a1a1	L1a2a	5	Resolved	L	1	Resolved
HG03753	Tamil United Kingdom	L1a2a1a1a2	L1a2a	5	Resolved	L	1	Resolved
HG03672	Tamil United Kingdom	L1a2a1a1b	L1a2a	5	Resolved	L	1	Resolved
HG03695	Tamil United Kingdom	L1a2a1b1	L1a2a	5	Resolved	L	1	Resolved
HG04015	Telugu United Kingdom	N1b2b	N1b2b	5	Resolved	N1b2b	5	Resolved
HG03742	Telugu United Kingdom	NO	NO*	5	Unresolved	NO	1	Resolved
HG03943	Tamil United Kingdom	Q1b2a1a1a	Q1b2a	5	Resolved	Q1b2	4	Resolved
HG03992	Tamil United Kingdom	Q1b2a1a1a	Q1b2a	5	Resolved	Q1b2	4	Resolved
HG03681	Tamil United Kingdom	Q1b2a2	Q1b2a	5	Resolved	Q1b2	4	Resolved
HG03864	Telugu United Kingdom	Q2b2a1a	Q2b2a	5	Resolved	Q2	2	Resolved
HG04122	Tamil United Kingdom	R1a1a1b2a1a1a	R1a1a	5	Resolved	R1a1a1b2	8	Resolved
HG04127	Tamil United Kingdom	R1a1a1b2a1a1a	R1a1a	5	Resolved	R1a1a1b2	8	Resolved
HG03685	Tamil United Kingdom	R1a1a1b2a1a1a1	R1a1a	5	Resolved	R1a1a1b2	8	Resolved
HG03711	Tamil United Kingdom	R1a1a1b2a1a1a1	R1a1a	5	Resolved	R1a1a1b2	8	Resolved
HG03866	Telugu United Kingdom	R1a1a1b2a1a1a1a	R1a1a	5	Resolved	R1a1a1b2	8	Resolved
HG04017	Telugu United Kingdom	R1a1a1b2a1a1a1b	R1a1a	5	Resolved	R1a1a1b2	8	Resolved
HG04039	Tamil United Kingdom	R1a1a1b2a1a1a1c	R1a1a	5	Resolved	R1a1a1b2	8	Resolved
HG03775	Telugu United Kingdom	R1a1a1b2a1a1a1e1	R1a1a	5	Resolved	R1a1a1b2	8	Resolved
HG03713	Telugu United Kingdom	R1a1a1b2a1a1a1e2	R1a1a	5	Resolved	R1a1a1b2	8	Resolved
HG03744	Tamil United Kingdom	R1a1a1b2a1a1a1f	R1a1a	5	Resolved	R1a1a1b2	8	Resolved
HG04229	Tamil United Kingdom	R1a1a1b2a1a1a1f1	R1a1a	5	Resolved	R1a1a1b2	8	Resolved
HG04228	Tamil United Kingdom	R1a1a1b2a1a1a1f1	R1a1a	5	Resolved	R1a1a1b2	8	Resolved
HG03871	Telugu United Kingdom	R1a1a1b2a1a1a1f1b	R1a1a	5	Resolved	R1a1a1b2	8	Resolved
HG03899	Tamil United Kingdom	R1a1a1b2a1a2b	R1a1a	5	Resolved	R1a1a1b2	8	Resolved
HG04098	Telugu United Kingdom	R1a1a1b2a1a2b	R1a1a	5	Resolved	R1a1a1b2	8	Resolved
HG03679	Tamil United Kingdom	R1a1a1b2a1a2c1d2a	R1a1a	5	Resolved	R1a1a1b2	8	Resolved
HG04215	Tamil United Kingdom	R1a1a1b2a1a2c1d2a	R1a1a	5	Resolved	R1a1a1b2	8	Resolved
HG04204	Tamil United Kingdom	R1a1a1b2a1a2c1d2a	R1a1a	5	Resolved	R1a1a1b2	8	Resolved
HG03694	Tamil United Kingdom	R1a1a1b2a1a2c2a	R1a1a	5	Resolved	R1a1a1b2	8	Resolved
HG03720	Telugu United Kingdom	R1a1a1b2a1a2c2a	R1a1a	5	Resolved	R1a1a1b2	8	Resolved
HG03896	Tamil United Kingdom	R1a1a1b2a1a2c2d	R1a1a	5	Resolved	R1a1a1b2	8	Resolved
HG04115	Tamil United Kingdom	R1a1a1b2a1a2c2d	R1a1a	5	Resolved	R1a1a1b2	8	Resolved
HG03779	Telugu United Kingdom	R1a1a1b2a1a2c2d	R1a1a	5	Resolved	R1a1a1b2	8	Resolved
HG04219	Telugu United Kingdom	R1a1a1b2a1a2c2d1	R1a1a	5	Resolved	R1a1a1b2	8	Resolved
HG03960	Telugu United Kingdom	R1a1a1b2a2a1	R1a1a	5	Resolved	R1a1a1b2	8	Resolved
HG04019	Telugu United Kingdom	R1a1a1b2a2a1	R1a1a	5	Resolved	R1a1a1b2	8	Resolved
HG03687	Tamil United Kingdom	R1a1a1b2a2a1b1	R1a1a	5	Resolved	R1a1a1b2	8	Resolved
HG04020	Telugu United Kingdom	R1a1a1b2a2a1b1	R1a1a	5	Resolved	R1a1a1b2	8	Resolved
HG04096	Telugu United Kingdom	R1a1a1b2a2a1b1a1	R1a1a	5	Resolved	R1a1a1b2	8	Resolved
HG04023	Telugu United Kingdom	R1a1a1b2a2a1b1a1	R1a1a	5	Resolved	R1a1a1b2	8	Resolved
HG03999	Tamil United Kingdom	R1a1a1b2a2a1d5	R1a1a	5	Resolved	R1a1a1b2	8	Resolved
HG03963	Telugu United Kingdom	R1a1a1b2a2a1d5	R1a1a	5	Resolved	R1a1a1b2	8	Resolved
HG03743	Tamil United Kingdom	R1a1a1b2a2a1d8a1	R1a1a	5	Resolved	R1a1a1b2	8	Resolved
HG03750	Tamil United Kingdom	R1a1a1b2a2a1d8a2	R1a1a	5	Resolved	R1a1a1b2	8	Resolved
HG03887	Tamil United Kingdom	R1a1a1b2a2a1d9	R1a1a	5	Resolved	R1a1a1b2	8	Resolved
HG03740	Tamil United Kingdom	R1a1a1b2a2a1d9b1	R1a1a	5	Resolved	R1a1a1b2	8	Resolved
HG04056	Telugu United Kingdom	R2a2b1b2b2a1a	R2a2b	5	Resolved	R2a	3	Resolved
HG03978	Telugu United Kingdom	R2a2b1b2b2a2	R2a2b	5	Resolved	R2a	3	Resolved
HG03856	Tamil United Kingdom	R2a2b1b2b2b1b	R2a2b	5	Resolved	R2a	3	Resolved
HG03771	Telugu United Kingdom	R2a2b1b2b2b2	R2a2b	5	Resolved	R2a	3	Resolved
HG03869	Telugu United Kingdom	R2a2b1b2b2b2a	R2a2b	5	Resolved	R2a	3	Resolved
HG03844	Tamil United Kingdom	R2a2b1b2b2b2a1	R2a2b	5	Resolved	R2a	3	Resolved
HG03974	Telugu United Kingdom	R2a2b1b2b2b2a1	R2a2b	5	Resolved	R2a	3	Resolved
HG03725	Telugu United Kingdom	R2a2b1b2b2b2a1	R2a2b	5	Resolved	R2a	3	Resolved
HG03967	Telugu United Kingdom	R2a2b1b2b2b2a1a	R2a2b	5	Resolved	R2a	3	Resolved
HG03729	Telugu United Kingdom	R2a2b1b2b2b2a1a1	R2a2b	5	Resolved	R2a	3	Resolved
HG04225	Telugu United Kingdom	R2a2b1b2b2b2a1a1	R2a2b	5	Resolved	R2a	3	Resolved
HG03682	Tamil United Kingdom	R2a2b1b2b3b	R2a2b	5	Resolved	R2a	3	Resolved
HG03718	Telugu United Kingdom	R2a2b1b2b3b	R2a2b	5	Resolved	R2a	3	Resolved
HG03691	Tamil United Kingdom	R2a2b1b2b3b1	R2a2b	5	Resolved	R2a	3	Resolved
HG04022	Telugu United Kingdom	R2a2b1b2b3b2a	R2a2b	5	Resolved	R2a	3	Resolved
HG03773	Telugu United Kingdom	R2a2b1b2b3b2a	R2a2b	5	Resolved	R2a	3	Resolved
HG03727	Telugu United Kingdom	R2a2b1b2c1	R2a2b	5	Resolved	R2a	3	Resolved
HG03732	Telugu United Kingdom	R2a2b1b2c1	R2a2b	5	Resolved	R2a	3	Resolved
NA20126	African Ancestry United States	E1b1a1a1a1a2a	E1b1a	5	Resolved	E1b1a1a1a1a	11	Resolved
NA20281	African Ancestry United States	E1b1a1a1a1c1a1a3a1c2	E1b1a	5	Resolved	E1b1a1a1a1c1a	13	Resolved
NA19919	African Ancestry United States	E1b1a1a1a1c1a1a3a1d1c	E1b1a	5	Resolved	E1b1a1a1a1c1a	13	Resolved
NA19908	African Ancestry United States	E1b1a1a1a1c1a1a3a1d1c	E1b1a	5	Resolved	E1b1a1a1a1c1a	13	Resolved
NA20291	African Ancestry United States	E1b1a1a1a1c1a1a3c1a2	E1b1a	5	Resolved	E1b1a1a1a1c1a	13	Resolved
NA19904	African Ancestry United States	E1b1a1a1a1c1a1a3c1b3	E1b1a	5	Resolved	E1b1a1a1a1c1a	13	Resolved
NA19920	African Ancestry United States	E1b1a1a1a1c1a1a3d6a	E1b1a	5	Resolved	E1b1a1a1a1c1a	13	Resolved
NA19834	African Ancestry United States	E1b1a1a1a1c1a1a3d6a	E1b1a	5	Resolved	E1b1a1a1a1c1a	13	Resolved
NA20298	African Ancestry United States	E1b1a1a1a1c1a1a3i	E1b1a	5	Resolved	E1b1a1a1a1c1a	13	Resolved
NA19918	African Ancestry United States	E1b1a1a1a1c1b1a	E1b1a	5	Resolved	E1b1a1a1a1c1b	13	Resolved
NA19916	African Ancestry United States	E1b1a1a1a1c1b1a	E1b1a	5	Resolved	E1b1a1a1a1c1b	13	Resolved
NA20362	African Ancestry United States	E1b1a1a1a1c1b2a1a1	E1b1a	5	Resolved	E1b1a1a1a1c1b	13	Resolved
NA19711	African Ancestry United States	E1b1a1a1a2a1a3a2b1	E1b1a	5	Resolved	E1b1a1a1a2	10	Resolved
NA19705	African Ancestry United States	E1b1a1a1a2a1a3b1a1b	E1b1a	5	Resolved	E1b1a1a1a2	10	Resolved
NA19703	African Ancestry United States	E1b1a1a1a2a1a3b1a1b	E1b1a	5	Resolved	E1b1a1a1a2	10	Resolved
NA20340	African Ancestry United States	E1b1a1a1a2a1a3b1a1c	E1b1a	5	Resolved	E1b1a1a1a2	10	Resolved
NA19702	African Ancestry United States	E1b1a1a1a2a1a3b1a5	E1b1a	5	Resolved	E1b1a1a1a2	10	Resolved
NA19700	African Ancestry United States	E1b1a1a1a2a1a3b1a5	E1b1a	5	Resolved	E1b1a1a1a2	10	Resolved
NA20346	African Ancestry United States	E1b1a1a1a2a2a2a	E1b1a	5	Resolved	E1b1a1a1a2	10	Resolved
NA19900	African Ancestry United States	E1b1a1a1a2b	E1b1a	5	Resolved	E1b1a1a1a2	10	Resolved
NA19818	African Ancestry United States	E1b1b1a1a1c2	E1b1b	5	Resolved	E1b1b	5	Resolved
NA19828	African Ancestry United States	E1b1b1a1a1c2	E1b1b	5	Resolved	E1b1b	5	Resolved
NA20348	African Ancestry United States	E2b2b	E2b2b	5	Resolved	E2	2	Resolved
NA19982	African Ancestry United States	I1a2a1a1a2a1a1	I1a2a	5	Resolved	I	1	Resolved
NA20351	African Ancestry United States	I2a1b1a2b1a1a2a	I2a1b	5	Resolved	I	1	Resolved
NA19984	African Ancestry United States	I2a1b1a2b1a2a1a1a1a1a1c	I2a1b	5	Resolved	I	1	Resolved
NA20356	African Ancestry United States	R1b1a1b1a1a1c2b	R1b1a	5	Resolved	R1b1a1b1a	9	Resolved
NA20358	African Ancestry United States	R1b1a1b1a1a1c2b	R1b1a	5	Resolved	R1b1a1b1a	9	Resolved
NA19922	African Ancestry United States	R1b1a1b1a1a1c2b2a1b1a1a	R1b1a	5	Resolved	R1b1a1b1a	9	Resolved
NA20342	African Ancestry United States	R1b1a1b1a1a2a1b1a1a	R1b1a	5	Resolved	R1b1a1b1a	9	Resolved
NA20318	African Ancestry United States	R1b1a1b1a1a2c1a1a1a1a1a1a1a	R1b1a	5	Resolved	R1b1a1b1a	9	Resolved
NA20278	African Ancestry United States	R1b1a1b1a1a2c1a3a2a1a2c1c	R1b1a	5	Resolved	R1b1a1b1a	9	Resolved
NA20279	African Ancestry United States	R1b1a1b1a1a2c1a3a2a1a2c1c	R1b1a	5	Resolved	R1b1a1b1a	9	Resolved
NA21127	Gujarati United States	C1b1a1a1a1a1	C1b1a	5	Resolved	C1b1a1	6	Resolved
NA21100	Gujarati United States	C1b1a1a1a1a1a1	C1b1a	5	Resolved	C1b1a1	6	Resolved
NA20889	Gujarati United States	C1b1a1a1a1a1a1	C1b1a	5	Resolved	C1b1a1	6	Resolved
NA21123	Gujarati United States	C1b1a1a1a1a1a1	C1b1a	5	Resolved	C1b1a1	6	Resolved
NA21117	Gujarati United States	C1b1a1a1a1a1a1	C1b1a	5	Resolved	C1b1a1	6	Resolved
NA21094	Gujarati United States	C1b1a1a1a1a1a1	C1b1a	5	Resolved	C1b1a1	6	Resolved
NA21119	Gujarati United States	C1b1a1a1a1a1a1a1a1a	C1b1a	5	Resolved	C1b1a1	6	Resolved
NA21091	Gujarati United States	C1b1a1a1a1a1a1a1a1b	C1b1a	5	Resolved	C1b1a1	6	Resolved
NA21124	Gujarati United States	C1b1a1a1a1a1a1a2	C1b1a	5	Resolved	C1b1a1	6	Resolved
NA20911	Gujarati United States	C1b1a1a1a1a1a1a4	C1b1a	5	Resolved	C1b1a1	6	Resolved
NA21118	Gujarati United States	C1b1a1a1a1a1a2	C1b1a	5	Resolved	C1b1a1	6	Resolved
NA21133	Gujarati United States	C1b1a1a1b	C1b1a	5	Resolved	C1b1a1	6	Resolved
NA20870	Gujarati United States	G1a1a2a1	G1a1a	5	Resolved	G	1	Resolved
NA20858	Gujarati United States	G1a1a2b	G1a1a	5	Resolved	G	1	Resolved
NA20901	Gujarati United States	H1a1a4b2c1a1a1	H1a1a	5	Resolved	H	1	Resolved
NA21126	Gujarati United States	H1a1a4b3a1a	H1a1a	5	Resolved	H	1	Resolved
NA21107	Gujarati United States	H1a1a4b3a2	H1a1a	5	Resolved	H	1	Resolved
NA21116	Gujarati United States	H1a1a4b3b	H1a1a	5	Resolved	H	1	Resolved
NA20863	Gujarati United States	H1a1a4b3b1a2	H1a1a	5	Resolved	H	1	Resolved
NA21113	Gujarati United States	H1a1a4b4a	H1a1a	5	Resolved	H	1	Resolved
NA21099	Gujarati United States	H1a1a4b4a	H1a1a	5	Resolved	H	1	Resolved
NA21087	Gujarati United States	H1a1a4b4b	H1a1a	5	Resolved	H	1	Resolved
NA21093	Gujarati United States	H1a1b1a	H1a1b	5	Resolved	H	1	Resolved
NA21112	Gujarati United States	H1a1b1a1a	H1a1b	5	Resolved	H	1	Resolved
NA21111	Gujarati United States	H1a1b1a1b	H1a1b	5	Resolved	H	1	Resolved
NA20884	Gujarati United States	J2a1a1b1	J2a1a	5	Resolved	J2	2	Resolved
NA21090	Gujarati United States	J2a1a1b1a1a	J2a1a	5	Resolved	J2	2	Resolved
NA21130	Gujarati United States	J2a1a1b2a1a1	J2a1a	5	Resolved	J2	2	Resolved
NA20885	Gujarati United States	J2b2a2b2b1a	J2b2a	5	Resolved	J2	2	Resolved
NA20905	Gujarati United States	J2b2a2b2b1b1	J2b2a	5	Resolved	J2	2	Resolved
NA21135	Gujarati United States	L1a1b3a1a2a1	L1a1b	5	Resolved	L	1	Resolved
NA21109	Gujarati United States	L1a1b3a1a2a1	L1a1b	5	Resolved	L	1	Resolved
NA21128	Gujarati United States	L1a1b3a1a2a2	L1a1b	5	Resolved	L	1	Resolved
NA20861	Gujarati United States	L1a1b3a1b	L1a1b	5	Resolved	L	1	Resolved
NA20867	Gujarati United States	L1a1b3b	L1a1b	5	Resolved	L	1	Resolved
NA20852	Gujarati United States	R1a1a1b2a1a1a1	R1a1a	5	Resolved	R1a1a1b2	8	Resolved
NA21104	Gujarati United States	R1a1a1b2a1a1a1f	R1a1a	5	Resolved	R1a1a1b2	8	Resolved
NA20890	Gujarati United States	R1a1a1b2a1a1a1f1a	R1a1a	5	Resolved	R1a1a1b2	8	Resolved
NA21098	Gujarati United States	R1a1a1b2a1a1a1f2a1	R1a1a	5	Resolved	R1a1a1b2	8	Resolved
NA20904	Gujarati United States	R1a1a1b2a1a2a	R1a1a	5	Resolved	R1a1a1b2	8	Resolved
NA20891	Gujarati United States	R1a1a1b2a1a2c1	R1a1a	5	Resolved	R1a1a1b2	8	Resolved
NA20850	Gujarati United States	R1a1a1b2a1a2c1	R1a1a	5	Resolved	R1a1a1b2	8	Resolved
NA20846	Gujarati United States	R1a1a1b2a1a2c2d	R1a1a	5	Resolved	R1a1a1b2	8	Resolved
NA21114	Gujarati United States	R1a1a1b2a1a2c2d2a	R1a1a	5	Resolved	R1a1a1b2	8	Resolved
NA21129	Gujarati United States	R1a1a1b2a1a2c2d2a	R1a1a	5	Resolved	R1a1a1b2	8	Resolved
NA21115	Gujarati United States	R1a1a1b2a1a2c2d2a	R1a1a	5	Resolved	R1a1a1b2	8	Resolved
NA21095	Gujarati United States	R1a1a1b2a1a2c2d5	R1a1a	5	Resolved	R1a1a1b2	8	Resolved
NA20864	Gujarati United States	R1a1a1b2a2a1b1	R1a1a	5	Resolved	R1a1a1b2	8	Resolved
NA21092	Gujarati United States	R1a1a1b2a2a1d5a	R1a1a	5	Resolved	R1a1a1b2	8	Resolved
NA20897	Gujarati United States	R1a1a1b2a3	R1a1a	5	Resolved	R1a1a1b2	8	Resolved
NA20866	Gujarati United States	R1b1a1b1b3a	R1b1a	5	Resolved	R1b1a1b1b	9	Resolved
NA20887	Gujarati United States	R2a2b1b2a1a	R2a2b	5	Resolved	R2a	3	Resolved
NA20903	Gujarati United States	R2a2b1b2a1a1	R2a2b	5	Resolved	R2a	3	Resolved
NA21105	Gujarati United States	R2a2b1b2b3	R2a2b	5	Resolved	R2a	3	Resolved
NA20895	Gujarati United States	R2a2b1b2b3b1	R2a2b	5	Resolved	R2a	3	Resolved
NA20845	Gujarati United States	R2a2b1b2b3b2a	R2a2b	5	Resolved	R2a	3	Resolved
NA10842	CEPH United States	E1b1b1a1b2a4b	E1b1b	5	Resolved	E1b1b	5	Resolved
NA11917	CEPH United States	E1b1b1a1b2a4b	E1b1b	5	Resolved	E1b1b	5	Resolved
NA12546	CEPH United States	G2a2b2a1a1b1a1a1a1a2a2	G2a2b	5	Resolved	G	1	Resolved
NA06995	CEPH United States	G2a2b2a1a1b1a1a2b1b1b	G2a2b	5	Resolved	G	1	Resolved
NA07435	CEPH United States	G2a2b2a1a1b1a1a2b1b1b	G2a2b	5	Resolved	G	1	Resolved
NA12777	CEPH United States	G2a2b2a1a1c1a1a1a1b	G2a2b	5	Resolved	G	1	Resolved
NA12286	CEPH United States	G2a2b2b2a	G2a2b	5	Resolved	G	1	Resolved
NA10856	CEPH United States	I1a1b1a4a2b1	I1a1b	5	Resolved	I	1	Resolved
NA11829	CEPH United States	I1a1b1a4a2b1	I1a1b	5	Resolved	I	1	Resolved
NA06994	CEPH United States	I1a2a1a1d1a1b2a1a	I1a2a	5	Resolved	I	1	Resolved
NA07029	CEPH United States	I1a2a1a1d1a1b2a1b1	I1a2a	5	Resolved	I	1	Resolved
NA11881	CEPH United States	I1a2a2a2	I1a2a	5	Resolved	I	1	Resolved
NA12750	CEPH United States	I1a2a2a3a2	I1a2a	5	Resolved	I	1	Resolved
NA11919	CEPH United States	I1a2b1a	I1a2b	5	Resolved	I	1	Resolved
NA12891	CEPH United States	I1a3a1e	I1a3a	5	Resolved	I	1	Resolved
NA11893	CEPH United States	I1a3b2a2	I1a3b	5	Resolved	I	1	Resolved
NA07051	CEPH United States	I1a3b3a	I1a3b	5	Resolved	I	1	Resolved
NA10860	CEPH United States	I1b1a1	I1b1a	5	Resolved	I	1	Resolved
NA11992	CEPH United States	I1b1a1	I1b1a	5	Resolved	I	1	Resolved
NA07022	CEPH United States	I1c1a1a1a	I1c1a	5	Resolved	I	1	Resolved
NA12146	CEPH United States	I2a1a1b1a1a	I2a1a	5	Resolved	I	1	Resolved
NA12413	CEPH United States	I2a1b1a1a1a1a1b5	I2a1b	5	Resolved	I	1	Resolved
NA12485	CEPH United States	I2a1b1a1a1a1a1b5	I2a1b	5	Resolved	I	1	Resolved
NA11932	CEPH United States	I2a1b1a1b1a1a4	I2a1b	5	Resolved	I	1	Resolved
NA12003	CEPH United States	I2a1b1a2b1a2a1a1a1a1a1b	I2a1b	5	Resolved	I	1	Resolved
NA10838	CEPH United States	I2a1b1a2b1a2a1a1a1a1a1b	I2a1b	5	Resolved	I	1	Resolved
NA12739	CEPH United States	I2a1b1a2b1a2a2a	I2a1b	5	Resolved	I	1	Resolved
NA12748	CEPH United States	I2a1b1a2b1a2a2a	I2a1b	5	Resolved	I	1	Resolved
NA12282	CEPH United States	J1a2a1a2d2b2b2c4	J1a2a	5	Resolved	J1	2	Resolved
NA11930	CEPH United States	J2b2a1a1a1a1a1a	J2b2a	5	Resolved	J2	2	Resolved
NA10845	CEPH United States	J2b2a1a1a1a1a1a	J2b2a	5	Resolved	J2	2	Resolved
NA12155	CEPH United States	R1a1a1a1b1a1a	R1a1a	5	Resolved	R1a1a1a	7	Resolved
NA11843	CEPH United States	R1a1a1b1a3a1a3	R1a1a	5	Resolved	R1a1a1b1	8	Resolved
NA12344	CEPH United States	R1b1a1b1a1a	R1b1a	5	Resolved	R1b1a1b1a	9	Resolved
NA10835	CEPH United States	R1b1a1b1a1a	R1b1a	5	Resolved	R1b1a1b1a	9	Resolved
NA10865	CEPH United States	R1b1a1b1a1a	R1b1a	5	Resolved	R1b1a1b1a	9	Resolved
NA11891	CEPH United States	R1b1a1b1a1a	R1b1a	5	Resolved	R1b1a1b1a	9	Resolved
NA12814	CEPH United States	R1b1a1b1a1a	R1b1a	5	Resolved	R1b1a1b1a	9	Resolved
NA12274	CEPH United States	R1b1a1b1a1a	R1b1a	5	Resolved	R1b1a1b1a	9	Resolved
NA12801	CEPH United States	R1b1a1b1a1a	R1b1a	5	Resolved	R1b1a1b1a	9	Resolved
NA12347	CEPH United States	R1b1a1b1a1a	R1b1a	5	Resolved	R1b1a1b1a	9	Resolved
NA12812	CEPH United States	R1b1a1b1a1a	R1b1a	5	Resolved	R1b1a1b1a	9	Resolved
NA12248	CEPH United States	R1b1a1b1a1a	R1b1a	5	Resolved	R1b1a1b1a	9	Resolved
NA12864	CEPH United States	R1b1a1b1a1a1b1a1a	R1b1a	5	Resolved	R1b1a1b1a	9	Resolved
NA12842	CEPH United States	R1b1a1b1a1a1b1a1a	R1b1a	5	Resolved	R1b1a1b1a	9	Resolved
NA12872	CEPH United States	R1b1a1b1a1a1b1a1a	R1b1a	5	Resolved	R1b1a1b1a	9	Resolved
NA12817	CEPH United States	R1b1a1b1a1a1b1b	R1b1a	5	Resolved	R1b1a1b1a	9	Resolved
NA12827	CEPH United States	R1b1a1b1a1a1b1b	R1b1a	5	Resolved	R1b1a1b1a	9	Resolved
NA06993	CEPH United States	R1b1a1b1a1a1c1a2b	R1b1a	5	Resolved	R1b1a1b1a	9	Resolved
NA06986	CEPH United States	R1b1a1b1a1a1c2b1b3b	R1b1a	5	Resolved	R1b1a1b1a	9	Resolved
NA07034	CEPH United States	R1b1a1b1a1a1c2b2a1b1a1a2a	R1b1a	5	Resolved	R1b1a1b1a	9	Resolved
NA07048	CEPH United States	R1b1a1b1a1a1c2b2a1b1a1a2a	R1b1a	5	Resolved	R1b1a1b1a	9	Resolved
NA12766	CEPH United States	R1b1a1b1a1a1c2b2a1b1a2	R1b1a	5	Resolved	R1b1a1b1a	9	Resolved
NA12775	CEPH United States	R1b1a1b1a1a1c2b2a1b1a2	R1b1a	5	Resolved	R1b1a1b1a	9	Resolved
NA12760	CEPH United States	R1b1a1b1a1a1c2b2a1b2	R1b1a	5	Resolved	R1b1a1b1a	9	Resolved
NA12752	CEPH United States	R1b1a1b1a1a1c2b2a1b2	R1b1a	5	Resolved	R1b1a1b1a	9	Resolved
NA12264	CEPH United States	R1b1a1b1a1a1c2b2b1a	R1b1a	5	Resolved	R1b1a1b1a	9	Resolved
NA12272	CEPH United States	R1b1a1b1a1a1c2f	R1b1a	5	Resolved	R1b1a1b1a	9	Resolved
NA10837	CEPH United States	R1b1a1b1a1a1c2f	R1b1a	5	Resolved	R1b1a1b1a	9	Resolved
NA12874	CEPH United States	R1b1a1b1a1a2a1a1a	R1b1a	5	Resolved	R1b1a1b1a	9	Resolved
NA12716	CEPH United States	R1b1a1b1a1a2a1b1a1	R1b1a	5	Resolved	R1b1a1b1a	9	Resolved
NA12707	CEPH United States	R1b1a1b1a1a2a1b1a1	R1b1a	5	Resolved	R1b1a1b1a	9	Resolved
NA12005	CEPH United States	R1b1a1b1a1a2b	R1b1a	5	Resolved	R1b1a1b1a	9	Resolved
NA12144	CEPH United States	R1b1a1b1a1a2b	R1b1a	5	Resolved	R1b1a1b1a	9	Resolved
NA11839	CEPH United States	R1b1a1b1a1a2b	R1b1a	5	Resolved	R1b1a1b1a	9	Resolved
NA10846	CEPH United States	R1b1a1b1a1a2b	R1b1a	5	Resolved	R1b1a1b1a	9	Resolved
NA07357	CEPH United States	R1b1a1b1a1a2b	R1b1a	5	Resolved	R1b1a1b1a	9	Resolved
NA07347	CEPH United States	R1b1a1b1a1a2b1a2a1	R1b1a	5	Resolved	R1b1a1b1a	9	Resolved
NA07349	CEPH United States	R1b1a1b1a1a2b1a2a1	R1b1a	5	Resolved	R1b1a1b1a	9	Resolved
NA11994	CEPH United States	R1b1a1b1a1a2b1a2a1	R1b1a	5	Resolved	R1b1a1b1a	9	Resolved
NA12829	CEPH United States	R1b1a1b1a1a2b1c1a1a1a2a	R1b1a	5	Resolved	R1b1a1b1a	9	Resolved
NA12342	CEPH United States	R1b1a1b1a1a2b4	R1b1a	5	Resolved	R1b1a1b1a	9	Resolved
NA12762	CEPH United States	R1b1a1b1a1a2c1	R1b1a	5	Resolved	R1b1a1b1a	9	Resolved
NA11831	CEPH United States	R1b1a1b1a1a2c1	R1b1a	5	Resolved	R1b1a1b1a	9	Resolved
NA10830	CEPH United States	R1b1a1b1a1a2c1a1a1a1	R1b1a	5	Resolved	R1b1a1b1a	9	Resolved
NA12154	CEPH United States	R1b1a1b1a1a2c1a1a1a1	R1b1a	5	Resolved	R1b1a1b1a	9	Resolved
NA12335	CEPH United States	R1b1a1b1a1a2c1a1b	R1b1a	5	Resolved	R1b1a1b1a	9	Resolved
NA12340	CEPH United States	R1b1a1b1a1a2c1a1b	R1b1a	5	Resolved	R1b1a1b1a	9	Resolved
NA12056	CEPH United States	R1b1a1b1a1a2c1a1d4	R1b1a	5	Resolved	R1b1a1b1a	9	Resolved
NA10851	CEPH United States	R1b1a1b1a1a2c1a1d4	R1b1a	5	Resolved	R1b1a1b1a	9	Resolved
NA12399	CEPH United States	R1b1a1b1a1a2c1a2b1a	R1b1a	5	Resolved	R1b1a1b1a	9	Resolved
NA06984	CEPH United States	R1b1a1b1a1a2c1a4b2c1a1b1b1	R1b1a	5	Resolved	R1b1a1b1a	9	Resolved
NA12045	CEPH United States	R1b1a1b1a1a2c1a4c1a	R1b1a	5	Resolved	R1b1a1b1a	9	Resolved
NA12043	CEPH United States	R1b1a1b1a1a2c1a5a2a1a1	R1b1a	5	Resolved	R1b1a1b1a	9	Resolved
NA10857	CEPH United States	R1b1a1b1a1a2c1a5a2a1a1	R1b1a	5	Resolved	R1b1a1b1a	9	Resolved
NA12877	CEPH United States	R1b1a1b1a1a2e2	R1b1a	5	Resolved	R1b1a1b1a	9	Resolved
NA12889	CEPH United States	R1b1a1b1a1a2e2	R1b1a	5	Resolved	R1b1a1b1a	9	Resolved
HG02141	Kinh Vietnam	C2b1b1c	C2b1b	5	Resolved	C2b1b	5	Resolved
HG02040	Kinh Vietnam	F4	F4*	5	Unresolved	F4	2	Resolved
HG02026	Kinh Vietnam	N1a2a1b	N1a2a	5	Resolved	N1a2	4	Resolved
HG02138	Kinh Vietnam	N1b2a1b	N1b2a	5	Resolved	N1b2a	5	Resolved
HG02017	Kinh Vietnam	O1a1a1b1b	O1a1a	5	Resolved	O1a	3	Resolved
HG02015	Kinh Vietnam	O1a1a1b1b	O1a1a	5	Resolved	O1a	3	Resolved
HG02079	Kinh Vietnam	O1a1a1b1b1b1	O1a1a	5	Resolved	O1a	3	Resolved
HG02077	Kinh Vietnam	O1a1a1b1b1b1	O1a1a	5	Resolved	O1a	3	Resolved
HG01846	Kinh Vietnam	O1b1a1a1a1a1a1a1	O1b1a	5	Resolved	O1b1a1a1a1a1a1a1	16	Resolved
HG01840	Kinh Vietnam	O1b1a1a1a1a1a1a1	O1b1a	5	Resolved	O1b1a1a1a1a1a1a1	16	Resolved
HG01849	Kinh Vietnam	O1b1a1a1a1a1a1a1	O1b1a	5	Resolved	O1b1a1a1a1a1a1a1	16	Resolved
HG01867	Kinh Vietnam	O1b1a1a1a1a1a1a1	O1b1a	5	Resolved	O1b1a1a1a1a1a1a1	16	Resolved
HG02512	Kinh Vietnam	O1b1a1a1a1a1a1a1a1a1	O1b1a	5	Resolved	O1b1a1a1a1a1a1a1	16	Resolved
HG02514	Kinh Vietnam	O1b1a1a1a1a1a1a1a1a1	O1b1a	5	Resolved	O1b1a1a1a1a1a1a1	16	Resolved
HG02521	Kinh Vietnam	O1b1a1a1a1a1a1a2	O1b1a	5	Resolved	O1b1a1a1a1a1a1a2	16	Resolved
HG02020	Kinh Vietnam	O1b1a1a1a1a1a1a2b	O1b1a	5	Resolved	O1b1a1a1a1a1a1a2	16	Resolved
HG02032	Kinh Vietnam	O1b1a1a1a1a1a1b	O1b1a	5	Resolved	O1b1a1a1a1a1a1b	15	Resolved
HG02030	Kinh Vietnam	O1b1a1a1a1a1a1b	O1b1a	5	Resolved	O1b1a1a1a1a1a1b	15	Resolved
HG01842	Kinh Vietnam	O1b1a1a1a1a1a1b1a	O1b1a	5	Resolved	O1b1a1a1a1a1a1b	15	Resolved
HG02064	Kinh Vietnam	O1b1a1a1a1a1b2	O1b1a	5	Resolved	O1b1a1a1a1a1b	13	Resolved
HG01873	Kinh Vietnam	O1b1a1a1a1a1b2	O1b1a	5	Resolved	O1b1a1a1a1a1b	13	Resolved
HG02085	Kinh Vietnam	O1b1a1a1a1a1b2	O1b1a	5	Resolved	O1b1a1a1a1a1b	13	Resolved
HG02083	Kinh Vietnam	O1b1a1a1a1a1b2	O1b1a	5	Resolved	O1b1a1a1a1a1b	13	Resolved
HG02061	Kinh Vietnam	O1b1a1a1b1a2	O1b1a	5	Resolved	O1b1a1a1b1a	11	Resolved
HG01865	Kinh Vietnam	O1b1a1a1b1a2	O1b1a	5	Resolved	O1b1a1a1b1a	11	Resolved
HG01844	Kinh Vietnam	O1b1a1a1b2a	O1b1a	5	Resolved	O1b1a1a1b2	10	Resolved
HG02076	Kinh Vietnam	O1b1a2c	O1b1a	5	Resolved	O1b1a2	6	Resolved
HG02074	Kinh Vietnam	O1b1a2c	O1b1a	5	Resolved	O1b1a2	6	Resolved
HG02029	Kinh Vietnam	O2a1a1a1a1a1a	O2a1a	5	Resolved	O2a1a	5	Resolved
HG02027	Kinh Vietnam	O2a1a1a1a1a1a	O2a1a	5	Resolved	O2a1a	5	Resolved
HG02067	Kinh Vietnam	O2a1a1b1a1a	O2a1a	5	Resolved	O2a1a	5	Resolved
HG01596	Kinh Vietnam	O2a1b1a1a1a1c1a1	O2a1b	5	Resolved	O2a1b	5	Resolved
HG02128	Kinh Vietnam	O2a1b1a1a1a1c1a1	O2a1b	5	Resolved	O2a1b	5	Resolved
HG02047	Kinh Vietnam	O2a1b1a1a1a1e1a2a1	O2a1b	5	Resolved	O2a1b	5	Resolved
HG02070	Kinh Vietnam	O2a1b1a1a1a1f1a2a	O2a1b	5	Resolved	O2a1b	5	Resolved
HG02035	Kinh Vietnam	O2a2a1a2a1a1a2b	O2a2a	5	Resolved	O2a2a1a2a1a1a2b	15	Resolved
HG02073	Kinh Vietnam	O2a2a1a2a1a1a2b	O2a2a	5	Resolved	O2a2a1a2a1a1a2b	15	Resolved
HG02071	Kinh Vietnam	O2a2a1a2a1a1a2b	O2a2a	5	Resolved	O2a2a1a2a1a1a2b	15	Resolved
HG02023	Kinh Vietnam	O2a2a1a2a1b	O2a2a	5	Resolved	O2a2a1a2a1b	11	Resolved
HG02137	Kinh Vietnam	O2a2a1a2a1b	O2a2a	5	Resolved	O2a2a1a2a1b	11	Resolved
HG02131	Kinh Vietnam	O2a2a1a2a1b	O2a2a	5	Resolved	O2a2a1a2a1b	11	Resolved
HG02129	Kinh Vietnam	O2a2a1a2a1b	O2a2a	5	Resolved	O2a2a1a2a1b	11	Resolved
HG02135	Kinh Vietnam	O2a2a1a2a1b	O2a2a	5	Resolved	O2a2a1a2a1b	11	Resolved
HG01861	Kinh Vietnam	O2a2a1a2a1b	O2a2a	5	Resolved	O2a2a1a2a1b	11	Resolved
HG02082	Kinh Vietnam	O2a2b1a1a1a3a1a1a1	O2a2b	5	Resolved	O2a2b1a1a1a3	12	Resolved
HG01866	Kinh Vietnam	O2a2b1a1a1a4a2a1a1	O2a2b	5	Resolved	O2a2b1a1a1a4a2a1	16	Resolved
HG01852	Kinh Vietnam	O2a2b1a1a1b1a1a	O2a2b	5	Resolved	O2a2b1a1a1b	11	Resolved
HG02120	Kinh Vietnam	O2a2b1a1a1b1a1b	O2a2b	5	Resolved	O2a2b1a1a1b	11	Resolved
HG02122	Kinh Vietnam	O2a2b1a1a1b1a1b	O2a2b	5	Resolved	O2a2b1a1a1b	11	Resolved
HG01860	Kinh Vietnam	O2a2b1a2a1a1a1a1a1a1a	O2a2b	5	Resolved	O2a2b1a2	8	Resolved
HG01864	Kinh Vietnam	O2a2b1a2a1a1a2a1a1a	O2a2b	5	Resolved	O2a2b1a2	8	Resolved
HG02056	Kinh Vietnam	O2a2b1a2a1a1a2a1a1a	O2a2b	5	Resolved	O2a2b1a2	8	Resolved
HG02058	Kinh Vietnam	O2a2b1a2a1a1a2a1a1a	O2a2b	5	Resolved	O2a2b1a2	8	Resolved
HG02050	Kinh Vietnam	O2a2b1a2a2b1	O2a2b	5	Resolved	O2a2b1a2	8	Resolved
HG01872	Kinh Vietnam	O2a2b2a1b2a	O2a2b	5	Resolved	O2a2b2a1	8	Resolved
HG02088	Kinh Vietnam	O2b1b	O2b1b	5	Resolved	O2b	3	Resolved
HG02524	Kinh Vietnam	Q1a1a1	Q1a1a	5	Resolved	Q1a1a1*	6	Unresolved
HG02116	Kinh Vietnam	Q1a1a1a1a	Q1a1a	5	Resolved	Q1a1a1a1	8	Resolved
HG02132	Kinh Vietnam	Q1a1a1a1a1	Q1a1a	5	Resolved	Q1a1a1a1	8	Resolved
HG02134	Kinh Vietnam	Q1a1a1a1a1	Q1a1a	5	Resolved	Q1a1a1a1	8	Resolved
111-1653-9674	Uygur Xinjiang	C1b1a1b2	C1b1a	5	Resolved	C1b1a1	6	Resolved
HGDP01302	Uygur Xinjiang	C2a1a2a2a2	C2a1a	5	Resolved	C2a	3	Resolved
023-0000-2515	Uygur Xinjiang	F2	F2*	5	Unresolved	F2	2	Resolved
111-1837-4112	Uygur Xinjiang	F2	F2*	5	Unresolved	F2	2	Resolved
111-1643-2029	Uygur Xinjiang	G2a1a2a	G2a1a	5	Resolved	G	1	Resolved
111-1783-3771	Uygur Xinjiang	H1a2b	H1a2b	5	Resolved	H	1	Resolved
111-1854-0067	Uygur Xinjiang	J1a2a1b1a1	J1a2a	5	Resolved	J1	2	Resolved
111-1846-4394	Uygur Xinjiang	J2a1a1b2a1a2	J2a1a	5	Resolved	J2	2	Resolved
HGDP01304	Uygur Xinjiang	J2a2a1a1a	J2a2a	5	Resolved	J2	2	Resolved
111-1746-4678	Uygur Xinjiang	J2a2a1a1a	J2a2a	5	Resolved	J2	2	Resolved
HGDP01298	Uygur Xinjiang	L1a2a1b	L1a2a	5	Resolved	L	1	Resolved
GYF-0804464_BB0_00	Uygur Xinjiang	N1b2	N1b2*	5	Unresolved	N1b2*	4	Unresolved
Y3162	Uygur Xinjiang	O1a1a1a1a1a1c1a	O1a1a	5	Resolved	O1a	3	Resolved
111-1817-4507	Uygur Xinjiang	O1b1a2a1	O1b1a	5	Resolved	O1b1a2	6	Resolved
111-1856-3660	Uygur Xinjiang	O2a2b1a2a1a1a2a1	O2a2b	5	Resolved	O2a2b1a2	8	Resolved
HGDP01303	Uygur Xinjiang	O2a2b1a2a1a1b1b2b2	O2a2b	5	Resolved	O2a2b1a2	8	Resolved
HGDP01300	Uygur Xinjiang	R1a1a1b2a1	R1a1a	5	Resolved	R1a1a1b2	8	Resolved
111-1714-3733	Uygur Xinjiang	R1a1a1b2a1	R1a1a	5	Resolved	R1a1a1b2	8	Resolved
111-1814-5743	Uygur Xinjiang	R1a1a1b2a1	R1a1a	5	Resolved	R1a1a1b2	8	Resolved
111-1776-2262	Uygur Xinjiang	R1a1a1b2a2a1	R1a1a	5	Resolved	R1a1a1b2	8	Resolved
HGDP01301	Uygur Xinjiang	R1b1a1b1b	R1b1a	5	Resolved	R1b1a1b1b	9	Resolved
111-1740-6470	Uygur Xinjiang	R1b1a1b1b3a2	R1b1a	5	Resolved	R1b1a1b1b	9	Resolved
HGDP01299	Uygur Xinjiang	R1b2b1	R1b2b	5	Resolved	R1b2	4	Resolved
111-1826-5960	Uygur Xinjiang	R1b2b2	R1b2b	5	Resolved	R1b2	4	Resolved
111-1804-4930	Uygur Xinjiang	R1b2b2	R1b2b	5	Resolved	R1b2	4	Resolved
111-1815-3700	Uygur Xinjiang	R1b2b2	R1b2b	5	Resolved	R1b2	4	Resolved
GSRD020901A00_BB1_01	Zang Xizang	C2a1a1b1a	C2a1a	5	Resolved	C2a	3	Resolved
GSRD020895A00_BB1_01	Zang Xizang	C2a1a1b1a	C2a1a	5	Resolved	C2a	3	Resolved
GSRD021034A00_BB1_01	Zang Xizang	C2a1a1b1a	C2a1a	5	Resolved	C2a	3	Resolved
GSRD020571A00_BB1_01	Zang Xizang	C2a1a1b1a	C2a1a	5	Resolved	C2a	3	Resolved
GSRD020525A00_BB1_01	Zang Xizang	C2b1a1a1a2	C2b1a	5	Resolved	C2b1a1a	7	Resolved
GSRD020260A00_BB1_01	Zang Xizang	C2b1b1	C2b1b	5	Resolved	C2b1b	5	Resolved
Cntl-1791_BB0_00	Zang Xizang	C2b1b1	C2b1b	5	Resolved	C2b1b	5	Resolved
GSRD003496A00_BB0_01	Zang Xizang	C2b1b1	C2b1b	5	Resolved	C2b1b	5	Resolved
GSRD020529A00_BB1_01	Zang Xizang	C2b1b1	C2b1b	5	Resolved	C2b1b	5	Resolved
Cntl-1779_BB0_00	Zang Xizang	C2b1b1b	C2b1b	5	Resolved	C2b1b	5	Resolved
GSRD020657A00_BB1_01	Zang Xizang	D1a1	D1a1*	5	Unresolved	D1a1*	4	Unresolved
GSRD020641A00_BB1_01	Zang Xizang	D1a1	D1a1*	5	Unresolved	D1a1*	4	Unresolved
GSRD020609A00_BB1_01	Zang Xizang	D1a1	D1a1*	5	Unresolved	D1a1*	4	Unresolved
CRR007148	Zang Xizang	D1a1a1a1a1b	D1a1a	5	Resolved	D1a1a1a1a1b*	11	Unresolved
CRR007152	Zang Xizang	D1a1a1a1a1b	D1a1a	5	Resolved	D1a1a1a1a1b*	11	Unresolved
CRR007146	Zang Xizang	D1a1a1a1a1b	D1a1a	5	Resolved	D1a1a1a1a1b*	11	Unresolved
CRR007140	Zang Xizang	D1a1a1a1a1b	D1a1a	5	Resolved	D1a1a1a1a1b*	11	Unresolved
CRR007141	Zang Xizang	D1a1a1a1a1b	D1a1a	5	Resolved	D1a1a1a1a1b*	11	Unresolved
CRR007144	Zang Xizang	D1a1a1a1a1b	D1a1a	5	Resolved	D1a1a1a1a1b*	11	Unresolved
GSRD019993A00_BB1_01	Zang Xizang	D1a1a1a1a1b	D1a1a	5	Resolved	D1a1a1a1a1b*	11	Unresolved
GSRD020252A00_BB1_01	Zang Xizang	D1a1a1a1a1b	D1a1a	5	Resolved	D1a1a1a1a1b*	11	Unresolved
GSRD020019A00_BB1_01	Zang Xizang	D1a1a1a1a1b	D1a1a	5	Resolved	D1a1a1a1a1b*	11	Unresolved
GSRD020065A00_BB1_01	Zang Xizang	D1a1a1a1a1b	D1a1a	5	Resolved	D1a1a1a1a1b*	11	Unresolved
GSRD020207A00_BB1_01	Zang Xizang	D1a1a1a1a1b	D1a1a	5	Resolved	D1a1a1a1a1b*	11	Unresolved
Cntl-1781_BB0_00	Zang Xizang	D1a1a1a1a1b	D1a1a	5	Resolved	D1a1a1a1a1b*	11	Unresolved
Cntl-1811_BB0_00	Zang Xizang	D1a1a1a1a1b	D1a1a	5	Resolved	D1a1a1a1a1b*	11	Unresolved
GSRD020546A00_BB1_01	Zang Xizang	D1a1a1a1a1b	D1a1a	5	Resolved	D1a1a1a1a1b*	11	Unresolved
GSRD020544A00_BB1_01	Zang Xizang	D1a1a1a1a1b	D1a1a	5	Resolved	D1a1a1a1a1b*	11	Unresolved
GSRD020488A00_BB1_01	Zang Xizang	D1a1a1a1a1b	D1a1a	5	Resolved	D1a1a1a1a1b*	11	Unresolved
GSRD020543A00_BB1_01	Zang Xizang	D1a1a1a1a1b	D1a1a	5	Resolved	D1a1a1a1a1b*	11	Unresolved
GSRD020428A00_BB1_01	Zang Xizang	D1a1a1a1a1b	D1a1a	5	Resolved	D1a1a1a1a1b*	11	Unresolved
GSRD020557A00_BB1_01	Zang Xizang	D1a1a1a1a1b	D1a1a	5	Resolved	D1a1a1a1a1b*	11	Unresolved
GSRD020533A00_BB1_01	Zang Xizang	D1a1a1a1a1b	D1a1a	5	Resolved	D1a1a1a1a1b*	11	Unresolved
GSRD020572A00_BB1_01	Zang Xizang	D1a1a1a1a1b	D1a1a	5	Resolved	D1a1a1a1a1b*	11	Unresolved
GSRD020526A00_BB1_01	Zang Xizang	D1a1a1a1a1b	D1a1a	5	Resolved	D1a1a1a1a1b*	11	Unresolved
GSRD020909A00_BB1_01	Zang Xizang	D1a1a1a1a1b	D1a1a	5	Resolved	D1a1a1a1a1b*	11	Unresolved
GSRD020920A00_BB1_01	Zang Xizang	D1a1a1a1a1b	D1a1a	5	Resolved	D1a1a1a1a1b*	11	Unresolved
GSRD020521A00_BB1_01	Zang Xizang	D1a1a1a1a1b	D1a1a	5	Resolved	D1a1a1a1a1b*	11	Unresolved
GSRD020552A00_BB1_01	Zang Xizang	D1a1a1a1a1b	D1a1a	5	Resolved	D1a1a1a1a1b*	11	Unresolved
GSRD020965A00_BB1_01	Zang Xizang	D1a1a1a1a1b	D1a1a	5	Resolved	D1a1a1a1a1b*	11	Unresolved
GSRD020391A00_BB1_01	Zang Xizang	D1a1a1a1a1b	D1a1a	5	Resolved	D1a1a1a1a1b*	11	Unresolved
GSRD020619A00_BB1_01	Zang Xizang	D1a1a1a1a1b	D1a1a	5	Resolved	D1a1a1a1a1b*	11	Unresolved
GSRD020524A00_BB1_01	Zang Xizang	D1a1a1a1a1b	D1a1a	5	Resolved	D1a1a1a1a1b*	11	Unresolved
GSRD020840A00_BB1_01	Zang Xizang	D1a1a1a1a1b	D1a1a	5	Resolved	D1a1a1a1a1b*	11	Unresolved
GSRD020532A00_BB1_01	Zang Xizang	D1a1a1a1a1b	D1a1a	5	Resolved	D1a1a1a1a1b*	11	Unresolved
GSRD020931A00_BB1_01	Zang Xizang	D1a1a1a1a1b	D1a1a	5	Resolved	D1a1a1a1a1b*	11	Unresolved
GSRD020523A00_BB1_01	Zang Xizang	D1a1a1a1a1b	D1a1a	5	Resolved	D1a1a1a1a1b*	11	Unresolved
GSRD020850A00_BB1_01	Zang Xizang	D1a1a1a1a1b	D1a1a	5	Resolved	D1a1a1a1a1b*	11	Unresolved
GSRD020530A00_BB1_01	Zang Xizang	D1a1a1a1a1b	D1a1a	5	Resolved	D1a1a1a1a1b*	11	Unresolved
GSRD020981A00_BB1_01	Zang Xizang	D1a1a1a1a1b	D1a1a	5	Resolved	D1a1a1a1a1b*	11	Unresolved
GSRD020361A00_BB1_01	Zang Xizang	D1a1a1a1a1b	D1a1a	5	Resolved	D1a1a1a1a1b*	11	Unresolved
GSRD020852A00_BB1_01	Zang Xizang	D1a1a1a1a1b	D1a1a	5	Resolved	D1a1a1a1a1b*	11	Unresolved
GSRD020928A00_BB1_01	Zang Xizang	D1a1a1a1a1b	D1a1a	5	Resolved	D1a1a1a1a1b*	11	Unresolved
GSRD020697A00_BB1_01	Zang Xizang	D1a1a1a1a1b	D1a1a	5	Resolved	D1a1a1a1a1b*	11	Unresolved
GSRD020837A00_BB1_01	Zang Xizang	D1a1a1a1a1b	D1a1a	5	Resolved	D1a1a1a1a1b*	11	Unresolved
GSRD020991A00_BB1_01	Zang Xizang	D1a1a1a1a1b	D1a1a	5	Resolved	D1a1a1a1a1b*	11	Unresolved
GSRD020352A00_BB1_01	Zang Xizang	D1a1a1a1a1b	D1a1a	5	Resolved	D1a1a1a1a1b*	11	Unresolved
GSRD020935A00_BB1_01	Zang Xizang	D1a1a1a1a1b	D1a1a	5	Resolved	D1a1a1a1a1b*	11	Unresolved
GSRD020733A00_BB1_01	Zang Xizang	D1a1a1a1a1b	D1a1a	5	Resolved	D1a1a1a1a1b*	11	Unresolved
GSRD020455A00_BB1_01	Zang Xizang	D1a1a1a1a1b	D1a1a	5	Resolved	D1a1a1a1a1b*	11	Unresolved
GSRD020926A00_BB1_01	Zang Xizang	D1a1a1a1a1b	D1a1a	5	Resolved	D1a1a1a1a1b*	11	Unresolved
Cntl-1846_BB0_00	Zang Xizang	D1a1a1a1a1b	D1a1a	5	Resolved	D1a1a1a1a1b*	11	Unresolved
XiZ-144_BB0_00	Zang Xizang	D1a1a1a1a1b	D1a1a	5	Resolved	D1a1a1a1a1b*	11	Unresolved
GSRD008129A00_BB0_01-jiace1	Zang Xizang	D1a1a1a1a1b	D1a1a	5	Resolved	D1a1a1a1a1b*	11	Unresolved
CRR007162	Zang Xizang	D1a1a1a1b	D1a1a	5	Resolved	D1a1a1a1b*	9	Unresolved
CRR007145	Zang Xizang	D1a1a1a1b	D1a1a	5	Resolved	D1a1a1a1b*	9	Unresolved
GSRD019919A00_BB1_01	Zang Xizang	D1a1a1a1b	D1a1a	5	Resolved	D1a1a1a1b*	9	Unresolved
Cntl-1765_BB0_00	Zang Xizang	D1a1a1a1b	D1a1a	5	Resolved	D1a1a1a1b*	9	Unresolved
Cntl-1806_BB0_00	Zang Xizang	D1a1a1a1b	D1a1a	5	Resolved	D1a1a1a1b*	9	Unresolved
GSRD020659A00_BB1_01	Zang Xizang	D1a1a1a1b	D1a1a	5	Resolved	D1a1a1a1b*	9	Unresolved
GSRD020655A00_BB1_01	Zang Xizang	D1a1a1a1b	D1a1a	5	Resolved	D1a1a1a1b*	9	Unresolved
GSRD021043A00_BB1_01	Zang Xizang	D1a1a1a1b	D1a1a	5	Resolved	D1a1a1a1b*	9	Unresolved
GSRD020949A00_BB1_01	Zang Xizang	D1a1a1a1b	D1a1a	5	Resolved	D1a1a1a1b*	9	Unresolved
GSRD020328A00_BB1_01	Zang Xizang	D1a1a1a1b	D1a1a	5	Resolved	D1a1a1a1b*	9	Unresolved
GSRD020372A00_BB1_01	Zang Xizang	D1a1a1a1b	D1a1a	5	Resolved	D1a1a1a1b*	9	Unresolved
GSRD020589A00_BB1_01	Zang Xizang	D1a1a1a1b	D1a1a	5	Resolved	D1a1a1a1b*	9	Unresolved
GSRD020389A00_BB1_01	Zang Xizang	D1a1a1a1b	D1a1a	5	Resolved	D1a1a1a1b*	9	Unresolved
GSRD020986A00_BB1_01	Zang Xizang	D1a1a1a1b	D1a1a	5	Resolved	D1a1a1a1b*	9	Unresolved
GSRD020327A00_BB1_01	Zang Xizang	D1a1a1a1b	D1a1a	5	Resolved	D1a1a1a1b*	9	Unresolved
Cntl-1869_BB0_00	Zang Xizang	D1a1a1a1b	D1a1a	5	Resolved	D1a1a1a1b*	9	Unresolved
Cntl-1931_BB0_00	Zang Xizang	D1a1a1a1b	D1a1a	5	Resolved	D1a1a1a1b*	9	Unresolved
GSRD019966A00_BB1_01	Zang Xizang	D1a1a1a1b2	D1a1a	5	Resolved	D1a1a1a1b2	10	Resolved
GSRD020293A00_BB1_01	Zang Xizang	D1a1a1a1b2	D1a1a	5	Resolved	D1a1a1a1b2	10	Resolved
GSRD019989A00_BB1_01	Zang Xizang	D1a1a1a1b2	D1a1a	5	Resolved	D1a1a1a1b2	10	Resolved
GSRD020251A00_BB1_01	Zang Xizang	D1a1a1a1b2	D1a1a	5	Resolved	D1a1a1a1b2	10	Resolved
GSRD020136A00_BB1_01	Zang Xizang	D1a1a1a1b2	D1a1a	5	Resolved	D1a1a1a1b2	10	Resolved
Cntl-1759_BB0_00	Zang Xizang	D1a1a1a1b2	D1a1a	5	Resolved	D1a1a1a1b2	10	Resolved
Cntl-1766_BB0_00	Zang Xizang	D1a1a1a1b2	D1a1a	5	Resolved	D1a1a1a1b2	10	Resolved
XiZ-250_BB1_02	Zang Xizang	D1a1a1a1b2	D1a1a	5	Resolved	D1a1a1a1b2	10	Resolved
GSRD020534A00_BB1_01	Zang Xizang	D1a1a1a1b2	D1a1a	5	Resolved	D1a1a1a1b2	10	Resolved
GSRD020434A00_BB1_01	Zang Xizang	D1a1a1a1b2	D1a1a	5	Resolved	D1a1a1a1b2	10	Resolved
GSRD020313A00_BB1_01	Zang Xizang	D1a1a1a1b2	D1a1a	5	Resolved	D1a1a1a1b2	10	Resolved
GSRD020644A00_BB1_01	Zang Xizang	D1a1a1a1b2	D1a1a	5	Resolved	D1a1a1a1b2	10	Resolved
GSRD020653A00_BB1_01	Zang Xizang	D1a1a1a1b2	D1a1a	5	Resolved	D1a1a1a1b2	10	Resolved
GSRD020673A00_BB1_01	Zang Xizang	D1a1a1a1b2	D1a1a	5	Resolved	D1a1a1a1b2	10	Resolved
GSRD020595A00_BB1_01	Zang Xizang	D1a1a1a1b2	D1a1a	5	Resolved	D1a1a1a1b2	10	Resolved
GSRD020601A00_BB1_01	Zang Xizang	D1a1a1a1b2	D1a1a	5	Resolved	D1a1a1a1b2	10	Resolved
GSRD020323A00_BB1_01	Zang Xizang	D1a1a1a1b2	D1a1a	5	Resolved	D1a1a1a1b2	10	Resolved
GSRD020598A00_BB1_01	Zang Xizang	D1a1a1a1b2	D1a1a	5	Resolved	D1a1a1a1b2	10	Resolved
GSRD020453A00_BB1_01	Zang Xizang	D1a1a1a1b2	D1a1a	5	Resolved	D1a1a1a1b2	10	Resolved
GSRD020806A00_BB1_01	Zang Xizang	D1a1a1a1b2	D1a1a	5	Resolved	D1a1a1a1b2	10	Resolved
Cntl-1885_BB0_00	Zang Xizang	D1a1a1a1b2	D1a1a	5	Resolved	D1a1a1a1b2	10	Resolved
Cntl-1844_BB0_00	Zang Xizang	D1a1a1a1b2	D1a1a	5	Resolved	D1a1a1a1b2	10	Resolved
CRR007149	Zang Xizang	D1a1b1a	D1a1b	5	Resolved	D1a1b	5	Resolved
CRR007142	Zang Xizang	D1a1b1a	D1a1b	5	Resolved	D1a1b	5	Resolved
CRR007143	Zang Xizang	D1a1b1a	D1a1b	5	Resolved	D1a1b	5	Resolved
GSRD020208A00_BB1_01	Zang Xizang	D1a1b1a	D1a1b	5	Resolved	D1a1b	5	Resolved
GSRD020012A00_BB1_01	Zang Xizang	D1a1b1a	D1a1b	5	Resolved	D1a1b	5	Resolved
GSRD020077A00_BB1_01	Zang Xizang	D1a1b1a	D1a1b	5	Resolved	D1a1b	5	Resolved
GSRD020032A00_BB1_01	Zang Xizang	D1a1b1a	D1a1b	5	Resolved	D1a1b	5	Resolved
GSRD020181A00_BB1_01	Zang Xizang	D1a1b1a	D1a1b	5	Resolved	D1a1b	5	Resolved
GSRD020108A00_BB1_01	Zang Xizang	D1a1b1a	D1a1b	5	Resolved	D1a1b	5	Resolved
GSRD020109A00_BB1_01	Zang Xizang	D1a1b1a	D1a1b	5	Resolved	D1a1b	5	Resolved
GSRD020153A00_BB1_01	Zang Xizang	D1a1b1a	D1a1b	5	Resolved	D1a1b	5	Resolved
Cntl-1785_BB0_00	Zang Xizang	D1a1b1a	D1a1b	5	Resolved	D1a1b	5	Resolved
Cntl-1767_BB0_00	Zang Xizang	D1a1b1a	D1a1b	5	Resolved	D1a1b	5	Resolved
Cntl-1780_BB0_00	Zang Xizang	D1a1b1a	D1a1b	5	Resolved	D1a1b	5	Resolved
Cntl-1783_BB0_00	Zang Xizang	D1a1b1a	D1a1b	5	Resolved	D1a1b	5	Resolved
GSRD020509A00_BB1_01	Zang Xizang	D1a1b1a	D1a1b	5	Resolved	D1a1b	5	Resolved
GSRD021103A00_BB1_01	Zang Xizang	D1a1b1a	D1a1b	5	Resolved	D1a1b	5	Resolved
GSRD020827A00_BB1_01	Zang Xizang	D1a1b1a	D1a1b	5	Resolved	D1a1b	5	Resolved
GSRD021045A00_BB1_01	Zang Xizang	D1a1b1a	D1a1b	5	Resolved	D1a1b	5	Resolved
GSRD020497A00_BB1_01	Zang Xizang	D1a1b1a	D1a1b	5	Resolved	D1a1b	5	Resolved
GSRD020507A00_BB1_01	Zang Xizang	D1a1b1a	D1a1b	5	Resolved	D1a1b	5	Resolved
GSRD020650A00_BB1_01	Zang Xizang	D1a1b1a	D1a1b	5	Resolved	D1a1b	5	Resolved
GSRD020433A00_BB1_01	Zang Xizang	D1a1b1a	D1a1b	5	Resolved	D1a1b	5	Resolved
GSRD020626A00_BB1_01	Zang Xizang	D1a1b1a	D1a1b	5	Resolved	D1a1b	5	Resolved
GSRD020638A00_BB1_01	Zang Xizang	D1a1b1a	D1a1b	5	Resolved	D1a1b	5	Resolved
GSRD020658A00_BB1_01	Zang Xizang	D1a1b1a	D1a1b	5	Resolved	D1a1b	5	Resolved
GSRD020539A00_BB1_01	Zang Xizang	D1a1b1a	D1a1b	5	Resolved	D1a1b	5	Resolved
GSRD020583A00_BB1_01	Zang Xizang	D1a1b1a	D1a1b	5	Resolved	D1a1b	5	Resolved
GSRD020382A00_BB1_01	Zang Xizang	D1a1b1a	D1a1b	5	Resolved	D1a1b	5	Resolved
GSRD020996A00_BB1_01	Zang Xizang	D1a1b1a	D1a1b	5	Resolved	D1a1b	5	Resolved
GSRD020677A00_BB1_01	Zang Xizang	D1a1b1a	D1a1b	5	Resolved	D1a1b	5	Resolved
GSRD020726A00_BB1_01	Zang Xizang	D1a1b1a	D1a1b	5	Resolved	D1a1b	5	Resolved
GSRD020911A00_BB1_01	Zang Xizang	D1a1b1a	D1a1b	5	Resolved	D1a1b	5	Resolved
GSRD020656A00_BB1_01	Zang Xizang	D1a1b1a	D1a1b	5	Resolved	D1a1b	5	Resolved
GSRD020304A00_BB1_01	Zang Xizang	D1a1b1a	D1a1b	5	Resolved	D1a1b	5	Resolved
GSRD020700A00_BB1_01	Zang Xizang	D1a1b1a	D1a1b	5	Resolved	D1a1b	5	Resolved
GSRD020305A00_BB1_01	Zang Xizang	D1a1b1a	D1a1b	5	Resolved	D1a1b	5	Resolved
GSRD020893A00_BB1_01	Zang Xizang	D1a1b1a	D1a1b	5	Resolved	D1a1b	5	Resolved
GSRD020491A00_BB1_01	Zang Xizang	D1a1b1a	D1a1b	5	Resolved	D1a1b	5	Resolved
GSRD020535A00_BB1_01	Zang Xizang	D1a1b1a	D1a1b	5	Resolved	D1a1b	5	Resolved
GSRD020775A00_BB1_01	Zang Xizang	D1a1b1a	D1a1b	5	Resolved	D1a1b	5	Resolved
GSRD020958A00_BB1_01	Zang Xizang	D1a1b1a	D1a1b	5	Resolved	D1a1b	5	Resolved
GSRD020340A00_BB1_01	Zang Xizang	D1a1b1a	D1a1b	5	Resolved	D1a1b	5	Resolved
GSRD020576A00_BB1_01	Zang Xizang	D1a1b1a	D1a1b	5	Resolved	D1a1b	5	Resolved
GSRD020848A00_BB1_01	Zang Xizang	D1a1b1a	D1a1b	5	Resolved	D1a1b	5	Resolved
GSRD020636A00_BB1_01	Zang Xizang	D1a1b1a	D1a1b	5	Resolved	D1a1b	5	Resolved
GSRD020756A00_BB1_01	Zang Xizang	D1a1b1a	D1a1b	5	Resolved	D1a1b	5	Resolved
GSRD020872A00_BB1_01	Zang Xizang	D1a1b1a	D1a1b	5	Resolved	D1a1b	5	Resolved
GSRD020597A00_BB1_01	Zang Xizang	D1a1b1a	D1a1b	5	Resolved	D1a1b	5	Resolved
GSRD020834A00_BB1_01	Zang Xizang	D1a1b1a	D1a1b	5	Resolved	D1a1b	5	Resolved
GSRD020741A00_BB1_01	Zang Xizang	D1a1b1a	D1a1b	5	Resolved	D1a1b	5	Resolved
GSRD020337A00_BB1_01	Zang Xizang	D1a1b1a	D1a1b	5	Resolved	D1a1b	5	Resolved
GSRD020494A00_BB1_01	Zang Xizang	D1a1b1a	D1a1b	5	Resolved	D1a1b	5	Resolved
GSRD020858A00_BB1_01	Zang Xizang	D1a1b1a	D1a1b	5	Resolved	D1a1b	5	Resolved
GSRD020952A00_BB1_01	Zang Xizang	D1a1b1a	D1a1b	5	Resolved	D1a1b	5	Resolved
GSRD020755A00_BB1_01	Zang Xizang	D1a1b1a	D1a1b	5	Resolved	D1a1b	5	Resolved
GSRD020867A00_BB1_01	Zang Xizang	D1a1b1a	D1a1b	5	Resolved	D1a1b	5	Resolved
GSRD020353A00_BB1_01	Zang Xizang	D1a1b1a	D1a1b	5	Resolved	D1a1b	5	Resolved
GSRD020312A00_BB1_01	Zang Xizang	D1a1b1a	D1a1b	5	Resolved	D1a1b	5	Resolved
GSRD020888A00_BB1_01	Zang Xizang	D1a1b1a	D1a1b	5	Resolved	D1a1b	5	Resolved
GSRD020992A00_BB1_01	Zang Xizang	D1a1b1a	D1a1b	5	Resolved	D1a1b	5	Resolved
GSRD020458A00_BB1_01	Zang Xizang	D1a1b1a	D1a1b	5	Resolved	D1a1b	5	Resolved
GSRD020789A00_BB1_01	Zang Xizang	D1a1b1a	D1a1b	5	Resolved	D1a1b	5	Resolved
Cntl-2120_BB1_02	Zang Xizang	D1a1b1a	D1a1b	5	Resolved	D1a1b	5	Resolved
XiZ-086_BB0_00-jiace2	Zang Xizang	D1a1b1a	D1a1b	5	Resolved	D1a1b	5	Resolved
Cntl-1829_BB0_00	Zang Xizang	D1a1b1a	D1a1b	5	Resolved	D1a1b	5	Resolved
Cntl-1818_BB0_00	Zang Xizang	D1a1b1a	D1a1b	5	Resolved	D1a1b	5	Resolved
Cntl-1753_BB0_00	Zang Xizang	D1a1b1a	D1a1b	5	Resolved	D1a1b	5	Resolved
Cntl-1825_BB0_00	Zang Xizang	D1a1b1a	D1a1b	5	Resolved	D1a1b	5	Resolved
Cntl-1939_BB0_00	Zang Xizang	D1a1b1a	D1a1b	5	Resolved	D1a1b	5	Resolved
Cntl-1866_BB0_00	Zang Xizang	D1a1b1a	D1a1b	5	Resolved	D1a1b	5	Resolved
Cntl-1756_BB0_00	Zang Xizang	D1a1b1a	D1a1b	5	Resolved	D1a1b	5	Resolved
GSRD011141A00_BB0_01	Zang Xizang	D1a1b1a	D1a1b	5	Resolved	D1a1b	5	Resolved
XiZ-041_BB0_00	Zang Xizang	D1a1b1a	D1a1b	5	Resolved	D1a1b	5	Resolved
Cntl-1855_BB0_00	Zang Xizang	D1a1b1a	D1a1b	5	Resolved	D1a1b	5	Resolved
Cntl-1857_BB0_00	Zang Xizang	D1a1b1a	D1a1b	5	Resolved	D1a1b	5	Resolved
Cntl-1838_BB0_00	Zang Xizang	D1a1b1a	D1a1b	5	Resolved	D1a1b	5	Resolved
XiZ-081_BB0_00	Zang Xizang	D1a1b1a	D1a1b	5	Resolved	D1a1b	5	Resolved
111-1782-5226	Zang Xizang	D1a1b1a	D1a1b	5	Resolved	D1a1b	5	Resolved
111-1783-3276	Zang Xizang	D1a1b1a	D1a1b	5	Resolved	D1a1b	5	Resolved
GSRD020645A00_BB1_01	Zang Xizang	D1a1b1a3	D1a1b	5	Resolved	D1a1b	5	Resolved
GSRD020547A00_BB1_01	Zang Xizang	D1a1b1a3	D1a1b	5	Resolved	D1a1b	5	Resolved
GSRD020703A00_BB1_01	Zang Xizang	D1a1b1a3	D1a1b	5	Resolved	D1a1b	5	Resolved
GSRD020538A00_BB1_01	Zang Xizang	D1a1b1a3	D1a1b	5	Resolved	D1a1b	5	Resolved
GSRD005752A00_BB0_01	Zang Xizang	D1a1b1a3	D1a1b	5	Resolved	D1a1b	5	Resolved
XiZ-042_BB0_00	Zang Xizang	D1a1b1a3	D1a1b	5	Resolved	D1a1b	5	Resolved
111-1809-7448	Zang Xizang	D1a1b1a3	D1a1b	5	Resolved	D1a1b	5	Resolved
GSRD005799A00_BB0_01	Zang Xizang	E1b1b1b2a1a1a1a1	E1b1b	5	Resolved	E1b1b	5	Resolved
GSRD019916A00_BB1_01	Zang Xizang	H1a2b	H1a2b	5	Resolved	H	1	Resolved
GSRD020132A00_BB1_01	Zang Xizang	H1a2b	H1a2b	5	Resolved	H	1	Resolved
GSRD020480A00_BB1_01	Zang Xizang	J2a1a1b2a1a2	J2a1a	5	Resolved	J2	2	Resolved
GSRD021046A00_BB1_01	Zang Xizang	J2a1a1b2a1a2	J2a1a	5	Resolved	J2	2	Resolved
GSRD020900A00_BB1_01	Zang Xizang	J2a1a1b2a1a2	J2a1a	5	Resolved	J2	2	Resolved
Cntl-1828_BB0_00	Zang Xizang	J2b2a2b2	J2b2a	5	Resolved	J2	2	Resolved
GSRD020873A00_BB1_01	Zang Xizang	J2b2a2b2	J2b2a	5	Resolved	J2	2	Resolved
GSRD020485A00_BB1_01	Zang Xizang	N1a1a1a1a3a2	N1a1a	5	Resolved	N1a1a1	6	Resolved
GSRD020440A00_BB1_01	Zang Xizang	N1a1a1a1a4	N1a1a	5	Resolved	N1a1a1	6	Resolved
GSRD020454A00_BB1_01	Zang Xizang	N1a1a1a1a4	N1a1a	5	Resolved	N1a1a1	6	Resolved
GSRD020513A00_BB1_01	Zang Xizang	N1a1a1a1a4	N1a1a	5	Resolved	N1a1a1	6	Resolved
GSRD021004A00_BB1_01	Zang Xizang	N1a1a1a1a4	N1a1a	5	Resolved	N1a1a1	6	Resolved
CRR007150	Zang Xizang	N1a1a3	N1a1a	5	Resolved	N1a1a3	6	Resolved
GSRD020654A00_BB1_01	Zang Xizang	N1b1	N1b1*	5	Unresolved	N1b1*	4	Unresolved
111-1252-6951	Zang Xizang	N1b1	N1b1*	5	Unresolved	N1b1*	4	Unresolved
CRR007161	Zang Xizang	N1b2	N1b2*	5	Unresolved	N1b2*	4	Unresolved
GSRD020148A00_BB1_01	Zang Xizang	N1b2	N1b2*	5	Unresolved	N1b2*	4	Unresolved
GSRD020039A00_BB1_01	Zang Xizang	N1b2	N1b2*	5	Unresolved	N1b2*	4	Unresolved
GSRD020082A00_BB1_01	Zang Xizang	N1b2	N1b2*	5	Unresolved	N1b2*	4	Unresolved
GSRD020086A00_BB1_01	Zang Xizang	N1b2	N1b2*	5	Unresolved	N1b2*	4	Unresolved
GSRD021079A00_BB1_01	Zang Xizang	N1b2	N1b2*	5	Unresolved	N1b2*	4	Unresolved
GSRD020818A00_BB1_01	Zang Xizang	N1b2	N1b2*	5	Unresolved	N1b2*	4	Unresolved
GSRD020580A00_BB1_01	Zang Xizang	N1b2	N1b2*	5	Unresolved	N1b2*	4	Unresolved
GSRD020549A00_BB1_01	Zang Xizang	N1b2	N1b2*	5	Unresolved	N1b2*	4	Unresolved
GSRD020579A00_BB1_01	Zang Xizang	N1b2	N1b2*	5	Unresolved	N1b2*	4	Unresolved
GSRD020536A00_BB1_01	Zang Xizang	N1b2	N1b2*	5	Unresolved	N1b2*	4	Unresolved
GSRD020877A00_BB1_01	Zang Xizang	N1b2	N1b2*	5	Unresolved	N1b2*	4	Unresolved
GSRD020621A00_BB1_01	Zang Xizang	N1b2	N1b2*	5	Unresolved	N1b2*	4	Unresolved
GSRD020649A00_BB1_01	Zang Xizang	N1b2	N1b2*	5	Unresolved	N1b2*	4	Unresolved
GSRD020647A00_BB1_01	Zang Xizang	N1b2	N1b2*	5	Unresolved	N1b2*	4	Unresolved
GSRD020684A00_BB1_01	Zang Xizang	N1b2	N1b2*	5	Unresolved	N1b2*	4	Unresolved
GSRD020876A00_BB1_01	Zang Xizang	N1b2	N1b2*	5	Unresolved	N1b2*	4	Unresolved
GSRD020646A00_BB1_01	Zang Xizang	N1b2	N1b2*	5	Unresolved	N1b2*	4	Unresolved
GSRD020798A00_BB1_01	Zang Xizang	N1b2	N1b2*	5	Unresolved	N1b2*	4	Unresolved
GSRD020899A00_BB1_01	Zang Xizang	N1b2	N1b2*	5	Unresolved	N1b2*	4	Unresolved
GSRD021029A00_BB1_01	Zang Xizang	N1b2	N1b2*	5	Unresolved	N1b2*	4	Unresolved
GSRD020959A00_BB1_01	Zang Xizang	N1b2	N1b2*	5	Unresolved	N1b2*	4	Unresolved
GSRD020970A00_BB1_01	Zang Xizang	N1b2	N1b2*	5	Unresolved	N1b2*	4	Unresolved
GSRD021050A00_BB1_01	Zang Xizang	N1b2	N1b2*	5	Unresolved	N1b2*	4	Unresolved
GSRD020964A00_BB1_01	Zang Xizang	N1b2	N1b2*	5	Unresolved	N1b2*	4	Unresolved
GSRD020347A00_BB1_01	Zang Xizang	N1b2	N1b2*	5	Unresolved	N1b2*	4	Unresolved
GSRD020568A00_BB1_01	Zang Xizang	N1b2	N1b2*	5	Unresolved	N1b2*	4	Unresolved
GSRD020600A00_BB1_01	Zang Xizang	N1b2	N1b2*	5	Unresolved	N1b2*	4	Unresolved
GSRD020593A00_BB1_01	Zang Xizang	N1b2	N1b2*	5	Unresolved	N1b2*	4	Unresolved
GSRD020728A00_BB1_01	Zang Xizang	N1b2	N1b2*	5	Unresolved	N1b2*	4	Unresolved
GSRD020457A00_BB1_01	Zang Xizang	N1b2	N1b2*	5	Unresolved	N1b2*	4	Unresolved
Cntl-1803_BB0_00	Zang Xizang	N1b2	N1b2*	5	Unresolved	N1b2*	4	Unresolved
Cntl-1881_BB0_00	Zang Xizang	N1b2	N1b2*	5	Unresolved	N1b2*	4	Unresolved
Cntl-1820_BB0_00	Zang Xizang	N1b2	N1b2*	5	Unresolved	N1b2*	4	Unresolved
Cntl-1848_BB0_00	Zang Xizang	N1b2	N1b2*	5	Unresolved	N1b2*	4	Unresolved
XiZ-010_BB0_00	Zang Xizang	N1b2	N1b2*	5	Unresolved	N1b2*	4	Unresolved
GSRD020616A00_BB1_01	Zang Xizang	O2a1b1a1a1a1	O2a1b	5	Resolved	O2a1b	5	Resolved
GSRD020743A00_BB1_01	Zang Xizang	O2a1b1a1a1a1	O2a1b	5	Resolved	O2a1b	5	Resolved
GSRD020334A00_BB1_01	Zang Xizang	O2a1b1a1a1a1a1a1b1d	O2a1b	5	Resolved	O2a1b	5	Resolved
GSRD020339A00_BB1_01	Zang Xizang	O2a1b1a1a1a1a1a1b1d	O2a1b	5	Resolved	O2a1b	5	Resolved
GSRD019933A00_BB1_01	Zang Xizang	O2a1b1a1a1a1a1c	O2a1b	5	Resolved	O2a1b	5	Resolved
GSRD020154A00_BB1_01	Zang Xizang	O2a1b1a1a1a1e1b	O2a1b	5	Resolved	O2a1b	5	Resolved
GSRD020281A00_BB1_01	Zang Xizang	O2a1b1a2a1a1a1	O2a1b	5	Resolved	O2a1b	5	Resolved
GSRD020026A00_BB1_01	Zang Xizang	O2a2a1a1b2b2a1	O2a2a	5	Resolved	O2a2a1a1b	9	Resolved
GSRD020629A00_BB1_01	Zang Xizang	O2a2b1a1a1	O2a2b	5	Resolved	O2a2b1a1a1*	10	Unresolved
GSRD020660A00_BB1_01	Zang Xizang	O2a2b1a1a1	O2a2b	5	Resolved	O2a2b1a1a1*	10	Unresolved
GSRD020672A00_BB1_01	Zang Xizang	O2a2b1a1a1	O2a2b	5	Resolved	O2a2b1a1a1*	10	Unresolved
GSRD020317A00_BB1_01	Zang Xizang	O2a2b1a1a1	O2a2b	5	Resolved	O2a2b1a1a1*	10	Unresolved
XiZ-044_BB1_02	Zang Xizang	O2a2b1a1a1a2a1a	O2a2b	5	Resolved	O2a2b1a1a1a2	12	Resolved
CRR007147	Zang Xizang	O2a2b1a1a1a4a	O2a2b	5	Resolved	O2a2b1a1a1a4a*	13	Unresolved
CRR007151	Zang Xizang	O2a2b1a1a1a4a	O2a2b	5	Resolved	O2a2b1a1a1a4a*	13	Unresolved
GSRD019928A00_BB1_01	Zang Xizang	O2a2b1a1a1a4a	O2a2b	5	Resolved	O2a2b1a1a1a4a*	13	Unresolved
GSRD019937A00_BB1_01	Zang Xizang	O2a2b1a1a1a4a	O2a2b	5	Resolved	O2a2b1a1a1a4a*	13	Unresolved
GSRD020294A00_BB1_01	Zang Xizang	O2a2b1a1a1a4a	O2a2b	5	Resolved	O2a2b1a1a1a4a*	13	Unresolved
GSRD019870A00_BB1_01	Zang Xizang	O2a2b1a1a1a4a	O2a2b	5	Resolved	O2a2b1a1a1a4a*	13	Unresolved
GSRD019977A00_BB1_01	Zang Xizang	O2a2b1a1a1a4a	O2a2b	5	Resolved	O2a2b1a1a1a4a*	13	Unresolved
GSRD020073A00_BB1_01	Zang Xizang	O2a2b1a1a1a4a	O2a2b	5	Resolved	O2a2b1a1a1a4a*	13	Unresolved
GSRD020214A00_BB1_01	Zang Xizang	O2a2b1a1a1a4a	O2a2b	5	Resolved	O2a2b1a1a1a4a*	13	Unresolved
GSRD019906A00_BB1_01	Zang Xizang	O2a2b1a1a1a4a	O2a2b	5	Resolved	O2a2b1a1a1a4a*	13	Unresolved
GSRD020225A00_BB1_01	Zang Xizang	O2a2b1a1a1a4a	O2a2b	5	Resolved	O2a2b1a1a1a4a*	13	Unresolved
GSRD020140A00_BB1_01	Zang Xizang	O2a2b1a1a1a4a	O2a2b	5	Resolved	O2a2b1a1a1a4a*	13	Unresolved
GSRD020250A00_BB1_01	Zang Xizang	O2a2b1a1a1a4a	O2a2b	5	Resolved	O2a2b1a1a1a4a*	13	Unresolved
GSRD019886A00_BB1_01	Zang Xizang	O2a2b1a1a1a4a	O2a2b	5	Resolved	O2a2b1a1a1a4a*	13	Unresolved
GSRD020066A00_BB1_01	Zang Xizang	O2a2b1a1a1a4a	O2a2b	5	Resolved	O2a2b1a1a1a4a*	13	Unresolved
Cntl-1763_BB0_00	Zang Xizang	O2a2b1a1a1a4a	O2a2b	5	Resolved	O2a2b1a1a1a4a*	13	Unresolved
Cntl-1782_BB0_00	Zang Xizang	O2a2b1a1a1a4a	O2a2b	5	Resolved	O2a2b1a1a1a4a*	13	Unresolved
Cntl-1784_BB0_00	Zang Xizang	O2a2b1a1a1a4a	O2a2b	5	Resolved	O2a2b1a1a1a4a*	13	Unresolved
Cntl-1768_BB0_00	Zang Xizang	O2a2b1a1a1a4a	O2a2b	5	Resolved	O2a2b1a1a1a4a*	13	Unresolved
Cntl-1807_BB0_00	Zang Xizang	O2a2b1a1a1a4a	O2a2b	5	Resolved	O2a2b1a1a1a4a*	13	Unresolved
XiZ-085_BB0_00	Zang Xizang	O2a2b1a1a1a4a	O2a2b	5	Resolved	O2a2b1a1a1a4a*	13	Unresolved
Cntl-1808_BB0_00	Zang Xizang	O2a2b1a1a1a4a	O2a2b	5	Resolved	O2a2b1a1a1a4a*	13	Unresolved
GSRD009322A00_BB0_01	Zang Xizang	O2a2b1a1a1a4a	O2a2b	5	Resolved	O2a2b1a1a1a4a*	13	Unresolved
XiZ-043_BB0_00	Zang Xizang	O2a2b1a1a1a4a	O2a2b	5	Resolved	O2a2b1a1a1a4a*	13	Unresolved
XiZ-095_BB0_00	Zang Xizang	O2a2b1a1a1a4a	O2a2b	5	Resolved	O2a2b1a1a1a4a*	13	Unresolved
XiZ-255_BB0_00	Zang Xizang	O2a2b1a1a1a4a	O2a2b	5	Resolved	O2a2b1a1a1a4a*	13	Unresolved
GSRD020403A00_BB1_01	Zang Xizang	O2a2b1a1a1a4a	O2a2b	5	Resolved	O2a2b1a1a1a4a*	13	Unresolved
GSRD020581A00_BB1_01	Zang Xizang	O2a2b1a1a1a4a	O2a2b	5	Resolved	O2a2b1a1a1a4a*	13	Unresolved
GSRD021049A00_BB1_01	Zang Xizang	O2a2b1a1a1a4a	O2a2b	5	Resolved	O2a2b1a1a1a4a*	13	Unresolved
GSRD020540A00_BB1_01	Zang Xizang	O2a2b1a1a1a4a	O2a2b	5	Resolved	O2a2b1a1a1a4a*	13	Unresolved
GSRD021044A00_BB1_01	Zang Xizang	O2a2b1a1a1a4a	O2a2b	5	Resolved	O2a2b1a1a1a4a*	13	Unresolved
GSRD020427A00_BB1_01	Zang Xizang	O2a2b1a1a1a4a	O2a2b	5	Resolved	O2a2b1a1a1a4a*	13	Unresolved
GSRD020463A00_BB1_01	Zang Xizang	O2a2b1a1a1a4a	O2a2b	5	Resolved	O2a2b1a1a1a4a*	13	Unresolved
GSRD020618A00_BB1_01	Zang Xizang	O2a2b1a1a1a4a	O2a2b	5	Resolved	O2a2b1a1a1a4a*	13	Unresolved
GSRD020542A00_BB1_01	Zang Xizang	O2a2b1a1a1a4a	O2a2b	5	Resolved	O2a2b1a1a1a4a*	13	Unresolved
GSRD020648A00_BB1_01	Zang Xizang	O2a2b1a1a1a4a	O2a2b	5	Resolved	O2a2b1a1a1a4a*	13	Unresolved
GSRD020617A00_BB1_01	Zang Xizang	O2a2b1a1a1a4a	O2a2b	5	Resolved	O2a2b1a1a1a4a*	13	Unresolved
GSRD021035A00_BB1_01	Zang Xizang	O2a2b1a1a1a4a	O2a2b	5	Resolved	O2a2b1a1a1a4a*	13	Unresolved
GSRD020471A00_BB1_01	Zang Xizang	O2a2b1a1a1a4a	O2a2b	5	Resolved	O2a2b1a1a1a4a*	13	Unresolved
GSRD020613A00_BB1_01	Zang Xizang	O2a2b1a1a1a4a	O2a2b	5	Resolved	O2a2b1a1a1a4a*	13	Unresolved
GSRD020906A00_BB1_01	Zang Xizang	O2a2b1a1a1a4a	O2a2b	5	Resolved	O2a2b1a1a1a4a*	13	Unresolved
GSRD020642A00_BB1_01	Zang Xizang	O2a2b1a1a1a4a	O2a2b	5	Resolved	O2a2b1a1a1a4a*	13	Unresolved
GSRD020670A00_BB1_01	Zang Xizang	O2a2b1a1a1a4a	O2a2b	5	Resolved	O2a2b1a1a1a4a*	13	Unresolved
GSRD020855A00_BB1_01	Zang Xizang	O2a2b1a1a1a4a	O2a2b	5	Resolved	O2a2b1a1a1a4a*	13	Unresolved
GSRD020343A00_BB1_01	Zang Xizang	O2a2b1a1a1a4a	O2a2b	5	Resolved	O2a2b1a1a1a4a*	13	Unresolved
GSRD020373A00_BB1_01	Zang Xizang	O2a2b1a1a1a4a	O2a2b	5	Resolved	O2a2b1a1a1a4a*	13	Unresolved
GSRD020582A00_BB1_01	Zang Xizang	O2a2b1a1a1a4a	O2a2b	5	Resolved	O2a2b1a1a1a4a*	13	Unresolved
GSRD020586A00_BB1_01	Zang Xizang	O2a2b1a1a1a4a	O2a2b	5	Resolved	O2a2b1a1a1a4a*	13	Unresolved
GSRD020980A00_BB1_01	Zang Xizang	O2a2b1a1a1a4a	O2a2b	5	Resolved	O2a2b1a1a1a4a*	13	Unresolved
GSRD020527A00_BB1_01	Zang Xizang	O2a2b1a1a1a4a	O2a2b	5	Resolved	O2a2b1a1a1a4a*	13	Unresolved
GSRD020753A00_BB1_01	Zang Xizang	O2a2b1a1a1a4a	O2a2b	5	Resolved	O2a2b1a1a1a4a*	13	Unresolved
GSRD021021A00_BB1_01	Zang Xizang	O2a2b1a1a1a4a	O2a2b	5	Resolved	O2a2b1a1a1a4a*	13	Unresolved
GSRD020378A00_BB1_01	Zang Xizang	O2a2b1a1a1a4a	O2a2b	5	Resolved	O2a2b1a1a1a4a*	13	Unresolved
GSRD020870A00_BB1_01	Zang Xizang	O2a2b1a1a1a4a	O2a2b	5	Resolved	O2a2b1a1a1a4a*	13	Unresolved
GSRD021047A00_BB1_01	Zang Xizang	O2a2b1a1a1a4a	O2a2b	5	Resolved	O2a2b1a1a1a4a*	13	Unresolved
GSRD020501A00_BB1_01	Zang Xizang	O2a2b1a1a1a4a	O2a2b	5	Resolved	O2a2b1a1a1a4a*	13	Unresolved
GSRD020763A00_BB1_01	Zang Xizang	O2a2b1a1a1a4a	O2a2b	5	Resolved	O2a2b1a1a1a4a*	13	Unresolved
GSRD020831A00_BB1_01	Zang Xizang	O2a2b1a1a1a4a	O2a2b	5	Resolved	O2a2b1a1a1a4a*	13	Unresolved
GSRD021085A00_BB1_01	Zang Xizang	O2a2b1a1a1a4a	O2a2b	5	Resolved	O2a2b1a1a1a4a*	13	Unresolved
GSRD020399A00_BB1_01	Zang Xizang	O2a2b1a1a1a4a	O2a2b	5	Resolved	O2a2b1a1a1a4a*	13	Unresolved
GSRD020418A00_BB1_01	Zang Xizang	O2a2b1a1a1a4a	O2a2b	5	Resolved	O2a2b1a1a1a4a*	13	Unresolved
GSRD021012A00_BB1_01	Zang Xizang	O2a2b1a1a1a4a	O2a2b	5	Resolved	O2a2b1a1a1a4a*	13	Unresolved
GSRD020961A00_BB1_01	Zang Xizang	O2a2b1a1a1a4a	O2a2b	5	Resolved	O2a2b1a1a1a4a*	13	Unresolved
GSRD020371A00_BB1_01	Zang Xizang	O2a2b1a1a1a4a	O2a2b	5	Resolved	O2a2b1a1a1a4a*	13	Unresolved
GSRD020969A00_BB1_01	Zang Xizang	O2a2b1a1a1a4a	O2a2b	5	Resolved	O2a2b1a1a1a4a*	13	Unresolved
GSRD020429A00_BB1_01	Zang Xizang	O2a2b1a1a1a4a	O2a2b	5	Resolved	O2a2b1a1a1a4a*	13	Unresolved
GSRD020880A00_BB1_01	Zang Xizang	O2a2b1a1a1a4a	O2a2b	5	Resolved	O2a2b1a1a1a4a*	13	Unresolved
GSRD020398A00_BB1_01	Zang Xizang	O2a2b1a1a1a4a	O2a2b	5	Resolved	O2a2b1a1a1a4a*	13	Unresolved
GSRD020558A00_BB1_01	Zang Xizang	O2a2b1a1a1a4a	O2a2b	5	Resolved	O2a2b1a1a1a4a*	13	Unresolved
GSRD020303A00_BB1_01	Zang Xizang	O2a2b1a1a1a4a	O2a2b	5	Resolved	O2a2b1a1a1a4a*	13	Unresolved
GSRD020326A00_BB1_01	Zang Xizang	O2a2b1a1a1a4a	O2a2b	5	Resolved	O2a2b1a1a1a4a*	13	Unresolved
GSRD020766A00_BB1_01	Zang Xizang	O2a2b1a1a1a4a	O2a2b	5	Resolved	O2a2b1a1a1a4a*	13	Unresolved
GSRD020875A00_BB1_01	Zang Xizang	O2a2b1a1a1a4a	O2a2b	5	Resolved	O2a2b1a1a1a4a*	13	Unresolved
GSRD020960A00_BB1_01	Zang Xizang	O2a2b1a1a1a4a	O2a2b	5	Resolved	O2a2b1a1a1a4a*	13	Unresolved
GSRD021005A00_BB1_01	Zang Xizang	O2a2b1a1a1a4a	O2a2b	5	Resolved	O2a2b1a1a1a4a*	13	Unresolved
GSRD020369A00_BB1_01	Zang Xizang	O2a2b1a1a1a4a	O2a2b	5	Resolved	O2a2b1a1a1a4a*	13	Unresolved
GSRD020765A00_BB1_01	Zang Xizang	O2a2b1a1a1a4a	O2a2b	5	Resolved	O2a2b1a1a1a4a*	13	Unresolved
GSRD020816A00_BB1_01	Zang Xizang	O2a2b1a1a1a4a	O2a2b	5	Resolved	O2a2b1a1a1a4a*	13	Unresolved
GSRD020511A00_BB1_01	Zang Xizang	O2a2b1a1a1a4a	O2a2b	5	Resolved	O2a2b1a1a1a4a*	13	Unresolved
GSRD020732A00_BB1_01	Zang Xizang	O2a2b1a1a1a4a	O2a2b	5	Resolved	O2a2b1a1a1a4a*	13	Unresolved
GSRD020502A00_BB1_01	Zang Xizang	O2a2b1a1a1a4a	O2a2b	5	Resolved	O2a2b1a1a1a4a*	13	Unresolved
GSRD020482A00_BB1_01	Zang Xizang	O2a2b1a1a1a4a	O2a2b	5	Resolved	O2a2b1a1a1a4a*	13	Unresolved
GSRD020320A00_BB1_01	Zang Xizang	O2a2b1a1a1a4a	O2a2b	5	Resolved	O2a2b1a1a1a4a*	13	Unresolved
GSRD020354A00_BB1_01	Zang Xizang	O2a2b1a1a1a4a	O2a2b	5	Resolved	O2a2b1a1a1a4a*	13	Unresolved
GSRD020414A00_BB1_01	Zang Xizang	O2a2b1a1a1a4a	O2a2b	5	Resolved	O2a2b1a1a1a4a*	13	Unresolved
GSRD020669A00_BB1_01	Zang Xizang	O2a2b1a1a1a4a	O2a2b	5	Resolved	O2a2b1a1a1a4a*	13	Unresolved
GSRD020943A00_BB1_01	Zang Xizang	O2a2b1a1a1a4a	O2a2b	5	Resolved	O2a2b1a1a1a4a*	13	Unresolved
GSRD020333A00_BB1_01	Zang Xizang	O2a2b1a1a1a4a	O2a2b	5	Resolved	O2a2b1a1a1a4a*	13	Unresolved
GSRD020329A00_BB1_01	Zang Xizang	O2a2b1a1a1a4a	O2a2b	5	Resolved	O2a2b1a1a1a4a*	13	Unresolved
GSRD020341A00_BB1_01	Zang Xizang	O2a2b1a1a1a4a	O2a2b	5	Resolved	O2a2b1a1a1a4a*	13	Unresolved
GSRD020355A00_BB1_01	Zang Xizang	O2a2b1a1a1a4a	O2a2b	5	Resolved	O2a2b1a1a1a4a*	13	Unresolved
GSRD020932A00_BB1_01	Zang Xizang	O2a2b1a1a1a4a	O2a2b	5	Resolved	O2a2b1a1a1a4a*	13	Unresolved
GSRD020731A00_BB1_01	Zang Xizang	O2a2b1a1a1a4a	O2a2b	5	Resolved	O2a2b1a1a1a4a*	13	Unresolved
GSRD020447A00_BB1_01	Zang Xizang	O2a2b1a1a1a4a	O2a2b	5	Resolved	O2a2b1a1a1a4a*	13	Unresolved
GSRD020971A00_BB1_01	Zang Xizang	O2a2b1a1a1a4a	O2a2b	5	Resolved	O2a2b1a1a1a4a*	13	Unresolved
GSRD020357A00_BB1_01	Zang Xizang	O2a2b1a1a1a4a	O2a2b	5	Resolved	O2a2b1a1a1a4a*	13	Unresolved
GSRD020362A00_BB1_01	Zang Xizang	O2a2b1a1a1a4a	O2a2b	5	Resolved	O2a2b1a1a1a4a*	13	Unresolved
GSRD020503A00_BB1_01	Zang Xizang	O2a2b1a1a1a4a	O2a2b	5	Resolved	O2a2b1a1a1a4a*	13	Unresolved
GSRD020823A00_BB1_01	Zang Xizang	O2a2b1a1a1a4a	O2a2b	5	Resolved	O2a2b1a1a1a4a*	13	Unresolved
GSRD020754A00_BB1_01	Zang Xizang	O2a2b1a1a1a4a	O2a2b	5	Resolved	O2a2b1a1a1a4a*	13	Unresolved
GSRD020976A00_BB1_01	Zang Xizang	O2a2b1a1a1a4a	O2a2b	5	Resolved	O2a2b1a1a1a4a*	13	Unresolved
GSRD021048A00_BB1_01	Zang Xizang	O2a2b1a1a1a4a	O2a2b	5	Resolved	O2a2b1a1a1a4a*	13	Unresolved
GSRD020475A00_BB1_01	Zang Xizang	O2a2b1a1a1a4a	O2a2b	5	Resolved	O2a2b1a1a1a4a*	13	Unresolved
GSRD021098A00_BB1_01	Zang Xizang	O2a2b1a1a1a4a	O2a2b	5	Resolved	O2a2b1a1a1a4a*	13	Unresolved
GSRD020446A00_BB1_01	Zang Xizang	O2a2b1a1a1a4a	O2a2b	5	Resolved	O2a2b1a1a1a4a*	13	Unresolved
GSRD020797A00_BB1_01	Zang Xizang	O2a2b1a1a1a4a	O2a2b	5	Resolved	O2a2b1a1a1a4a*	13	Unresolved
GSRD021002A00_BB1_01	Zang Xizang	O2a2b1a1a1a4a	O2a2b	5	Resolved	O2a2b1a1a1a4a*	13	Unresolved
GSRD020923A00_BB1_01	Zang Xizang	O2a2b1a1a1a4a	O2a2b	5	Resolved	O2a2b1a1a1a4a*	13	Unresolved
GSRD020788A00_BB1_01	Zang Xizang	O2a2b1a1a1a4a	O2a2b	5	Resolved	O2a2b1a1a1a4a*	13	Unresolved
GSRD020783A00_BB1_01	Zang Xizang	O2a2b1a1a1a4a	O2a2b	5	Resolved	O2a2b1a1a1a4a*	13	Unresolved
Cntl-2070_BB0_00	Zang Xizang	O2a2b1a1a1a4a	O2a2b	5	Resolved	O2a2b1a1a1a4a*	13	Unresolved
GSRD003505A00_BB0_01	Zang Xizang	O2a2b1a1a1a4a	O2a2b	5	Resolved	O2a2b1a1a1a4a*	13	Unresolved
GSRD009322A01_BB0_01	Zang Xizang	O2a2b1a1a1a4a	O2a2b	5	Resolved	O2a2b1a1a1a4a*	13	Unresolved
Cntl-1935_BB0_00	Zang Xizang	O2a2b1a1a1a4a	O2a2b	5	Resolved	O2a2b1a1a1a4a*	13	Unresolved
Cntl-1879_BB0_00	Zang Xizang	O2a2b1a1a1a4a	O2a2b	5	Resolved	O2a2b1a1a1a4a*	13	Unresolved
Cntl-1823_BB0_00	Zang Xizang	O2a2b1a1a1a4a	O2a2b	5	Resolved	O2a2b1a1a1a4a*	13	Unresolved
Cntl-1816_BB0_00	Zang Xizang	O2a2b1a1a1a4a	O2a2b	5	Resolved	O2a2b1a1a1a4a*	13	Unresolved
Cntl-1882_BB0_00	Zang Xizang	O2a2b1a1a1a4a	O2a2b	5	Resolved	O2a2b1a1a1a4a*	13	Unresolved
Cntl-1834_BB0_00	Zang Xizang	O2a2b1a1a1a4a	O2a2b	5	Resolved	O2a2b1a1a1a4a*	13	Unresolved
Cntl-1842_BB0_00	Zang Xizang	O2a2b1a1a1a4a	O2a2b	5	Resolved	O2a2b1a1a1a4a*	13	Unresolved
Cntl-1873_BB0_00	Zang Xizang	O2a2b1a1a1a4a	O2a2b	5	Resolved	O2a2b1a1a1a4a*	13	Unresolved
Cntl-1863_BB0_00	Zang Xizang	O2a2b1a1a1a4a	O2a2b	5	Resolved	O2a2b1a1a1a4a*	13	Unresolved
Cntl-1845_BB0_00	Zang Xizang	O2a2b1a1a1a4a	O2a2b	5	Resolved	O2a2b1a1a1a4a*	13	Unresolved
Cntl-1835_BB0_00	Zang Xizang	O2a2b1a1a1a4a	O2a2b	5	Resolved	O2a2b1a1a1a4a*	13	Unresolved
Cntl-1854_BB0_00	Zang Xizang	O2a2b1a1a1a4a	O2a2b	5	Resolved	O2a2b1a1a1a4a*	13	Unresolved
Cntl-1856_BB0_00	Zang Xizang	O2a2b1a1a1a4a	O2a2b	5	Resolved	O2a2b1a1a1a4a*	13	Unresolved
Cntl-1875_BB0_00	Zang Xizang	O2a2b1a1a1a4a	O2a2b	5	Resolved	O2a2b1a1a1a4a*	13	Unresolved
Cntl-1851_BB0_00	Zang Xizang	O2a2b1a1a1a4a	O2a2b	5	Resolved	O2a2b1a1a1a4a*	13	Unresolved
Cntl-1859_BB0_00	Zang Xizang	O2a2b1a1a1a4a	O2a2b	5	Resolved	O2a2b1a1a1a4a*	13	Unresolved
Cntl-1850_BB0_00	Zang Xizang	O2a2b1a1a1a4a	O2a2b	5	Resolved	O2a2b1a1a1a4a*	13	Unresolved
Cntl-1832_BB0_00	Zang Xizang	O2a2b1a1a1a4a	O2a2b	5	Resolved	O2a2b1a1a1a4a*	13	Unresolved
GSRD008135A00_BB0_02	Zang Xizang	O2a2b1a1a1a4a	O2a2b	5	Resolved	O2a2b1a1a1a4a*	13	Unresolved
XiZ-046_BB0_00	Zang Xizang	O2a2b1a1a1a4a	O2a2b	5	Resolved	O2a2b1a1a1a4a*	13	Unresolved
GSRD008115A00_BB0_01	Zang Xizang	O2a2b1a1a1a4a	O2a2b	5	Resolved	O2a2b1a1a1a4a*	13	Unresolved
GSRD008130A00_BB0_01	Zang Xizang	O2a2b1a1a1a4a	O2a2b	5	Resolved	O2a2b1a1a1a4a*	13	Unresolved
111-1258-6009	Zang Xizang	O2a2b1a1a1a4a	O2a2b	5	Resolved	O2a2b1a1a1a4a*	13	Unresolved
111-1252-6340	Zang Xizang	O2a2b1a1a1a4a	O2a2b	5	Resolved	O2a2b1a1a1a4a*	13	Unresolved
111-1268-5504	Zang Xizang	O2a2b1a1a1a4a	O2a2b	5	Resolved	O2a2b1a1a1a4a*	13	Unresolved
CRR007153	Zang Xizang	O2a2b1a1a1a4a2	O2a2b	5	Resolved	O2a2b1a1a1a4a2*	14	Unresolved
XiZ-219_BB0_00	Zang Xizang	O2a2b1a1a1a4a2	O2a2b	5	Resolved	O2a2b1a1a1a4a2*	14	Unresolved
GSRD020345A00_BB1_01	Zang Xizang	O2a2b1a1a1a4a2	O2a2b	5	Resolved	O2a2b1a1a1a4a2*	14	Unresolved
Cntl-1872_BB0_00	Zang Xizang	O2a2b1a1a1a4a2	O2a2b	5	Resolved	O2a2b1a1a1a4a2*	14	Unresolved
Cntl-1841_BB0_00	Zang Xizang	O2a2b1a1a1a4a2	O2a2b	5	Resolved	O2a2b1a1a1a4a2*	14	Unresolved
Cntl-1874_BB0_00	Zang Xizang	O2a2b1a1a1a4a2	O2a2b	5	Resolved	O2a2b1a1a1a4a2*	14	Unresolved
Cntl-1830_BB0_00	Zang Xizang	O2a2b1a1a1a4a2a	O2a2b	5	Resolved	O2a2b1a1a1a4a2a*	15	Unresolved
GSRD020498A00_BB1_01	Zang Xizang	O2a2b1a1a1b2	O2a2b	5	Resolved	O2a2b1a1a1b	11	Resolved
GSRD020493A00_BB1_01	Zang Xizang	O2a2b1a1a1b2	O2a2b	5	Resolved	O2a2b1a1a1b	11	Resolved
GSRD021015A00_BB1_01	Zang Xizang	O2a2b1a1b	O2a2b	5	Resolved	O2a2b1a1b	9	Resolved
GSRD020679A00_BB1_01	Zang Xizang	O2a2b1a2a1a1a1	O2a2b	5	Resolved	O2a2b1a2	8	Resolved
GSRD020628A00_BB1_01	Zang Xizang	O2a2b1a2a1a1a1	O2a2b	5	Resolved	O2a2b1a2	8	Resolved
GSRD021023A00_BB1_01	Zang Xizang	O2a2b1a2a1a1a1	O2a2b	5	Resolved	O2a2b1a2	8	Resolved
111-1379-4861	Zang Xizang	O2a2b1a2a1a1a1a1a	O2a2b	5	Resolved	O2a2b1a2	8	Resolved
GSRD021051A00_BB1_01	Zang Xizang	O2a2b1a2a1a1a1a1a1a1a	O2a2b	5	Resolved	O2a2b1a2	8	Resolved
GSRD020592A00_BB1_01	Zang Xizang	O2a2b1a2a1a1a1a1a1a1a	O2a2b	5	Resolved	O2a2b1a2	8	Resolved
Cntl-1880_BB0_00	Zang Xizang	O2a2b1a2a1a1a2a1	O2a2b	5	Resolved	O2a2b1a2	8	Resolved
Cntl-1790_BB0_00	Zang Xizang	O2a2b1a2a1a1b	O2a2b	5	Resolved	O2a2b1a2	8	Resolved
Cntl-1942_BB0_00	Zang Xizang	O2a2b1a2a1a1b	O2a2b	5	Resolved	O2a2b1a2	8	Resolved
Cntl-1887_BB0_00	Zang Xizang	O2a2b1a2a1a1b	O2a2b	5	Resolved	O2a2b1a2	8	Resolved
GSRD020322A00_BB1_01	Zang Xizang	O2a2b1a2a1a1b	O2a2b	5	Resolved	O2a2b1a2	8	Resolved
GSRD020687A00_BB1_01	Zang Xizang	O2a2b1a2a1a1b	O2a2b	5	Resolved	O2a2b1a2	8	Resolved
GSRD020348A00_BB1_01	Zang Xizang	O2a2b1a2a1a1b	O2a2b	5	Resolved	O2a2b1a2	8	Resolved
GSRD021008A00_BB1_01	Zang Xizang	O2a2b1a2a1a1b	O2a2b	5	Resolved	O2a2b1a2	8	Resolved
GSRD021083A00_BB1_01	Zang Xizang	O2a2b1a2a1a1b	O2a2b	5	Resolved	O2a2b1a2	8	Resolved
GSRD020376A00_BB1_01	Zang Xizang	O2a2b1a2a1a1b	O2a2b	5	Resolved	O2a2b1a2	8	Resolved
111-1291-4543	Zang Xizang	O2a2b1a2a1a1b	O2a2b	5	Resolved	O2a2b1a2	8	Resolved
Y7284	Zang Xizang	O2a2b1a2a1a1b	O2a2b	5	Resolved	O2a2b1a2	8	Resolved
111-1486-0343	Zang Xizang	O2a2b1a2a1a3	O2a2b	5	Resolved	O2a2b1a2	8	Resolved
GSRD020370A00_BB1_01	Zang Xizang	Q1a1a1a	Q1a1a	5	Resolved	Q1a1a1a*	7	Unresolved
111-1828-6118	Zang Xizang	Q1a1a1b1	Q1a1a	5	Resolved	Q1a1a1b	7	Resolved
GSRD020603A00_BB1_01	Zang Xizang	Q1b1b1	Q1b1b	5	Resolved	Q1b1	4	Resolved
GSRD020249A00_BB1_01	Zang Xizang	Q2a1c1b1	Q2a1c	5	Resolved	Q2	2	Resolved
Cntl-1937_BB0_00	Zang Xizang	R1a1a1b2	R1a1a	5	Resolved	R1a1a1b2	8	Resolved
Cntl-1925_BB0_00	Zang Xizang	R1a1a1b2	R1a1a	5	Resolved	R1a1a1b2	8	Resolved
GSRD020381A00_BB1_01	Zang Xizang	R1a1a1b2a1a2c2d	R1a1a	5	Resolved	R1a1a1b2	8	Resolved
GSRD020380A00_BB1_01	Zang Xizang	R1a1a1b2a1a2c2d	R1a1a	5	Resolved	R1a1a1b2	8	Resolved
GSRD020375A00_BB1_01	Zang Xizang	R1a1a1b2a2a1d5	R1a1a	5	Resolved	R1a1a1b2	8	Resolved
GSRD020652A00_BB1_01	Zang Xizang	R1a1a1b2a2b	R1a1a	5	Resolved	R1a1a1b2	8	Resolved
GSRD020386A00_BB1_01	Zang Xizang	R1b1a2b1	R1b1a	5	Resolved	R1b1a2	6	Resolved
GSRD020255A00_BB1_01	Zang Xizang	R1b2b2	R1b2b	5	Resolved	R1b2	4	Resolved
GSRD020847A00_BB1_01	Zang Xizang	R2b1	R2b1*	5	Unresolved	R2b	3	Resolved
GSRD020882A00_BB1_01	Zang Xizang	R2b1	R2b1*	5	Unresolved	R2b	3	Resolved
9.87E+13	Zang Xizang	O1a1a1a1a1a1a1b	O1a1a	5	Resolved	O1a	3	Resolved
4.09E+13	Zang Xizang	O2a2a1a1b2	O2a2a	5	Resolved	O2a2a1a1b	9	Resolved
2.70E+13	Zang Xizang	O2a2b1a2a1a1a2a1	O2a2b	5	Resolved	O2a2b1a2	8	Resolved
CRR007154	Zang Xizang	D1a1b1a	D1a1b	5	Resolved	D1a1b	5	Resolved
CRR007155	Zang Xizang	O2a2b1a1a1a4a	O2a2b	5	Resolved	O2a2b1a1a1a4a*	13	Unresolved
111-1179-1244	Zang Xizang	O2a2b1a2a1a1b1b2b2	O2a2b	5	Resolved	O2a2b1a2	8	Resolved
111-1884-2963	Han Yunnan	O1a1a1a1a1a1a	O1a1a	5	Resolved	O1a	3	Resolved
023-0001-8904	Zang Yunnan	C1b1a2b	C1b1a	5	Resolved	C1b1a2	6	Resolved
023-0001-8882	Zang Yunnan	D1a1a1a1a1b	D1a1a	5	Resolved	D1a1a1a1a1b*	11	Unresolved
023-0001-8890	Zang Yunnan	D1a1a1a1a1b	D1a1a	5	Resolved	D1a1a1a1a1b*	11	Unresolved
023-0001-8891	Zang Yunnan	D1a1a1a1a1b	D1a1a	5	Resolved	D1a1a1a1a1b*	11	Unresolved
023-0001-8899	Zang Yunnan	D1a1a1a1a1b	D1a1a	5	Resolved	D1a1a1a1a1b*	11	Unresolved
023-0001-8901	Zang Yunnan	D1a1a1a1a1b	D1a1a	5	Resolved	D1a1a1a1a1b*	11	Unresolved
111-1890-5767	Zang Yunnan	D1a1b1a	D1a1b	5	Resolved	D1a1b	5	Resolved
023-0001-8892	Zang Yunnan	D1a1b1a	D1a1b	5	Resolved	D1a1b	5	Resolved
023-0001-8895	Zang Yunnan	D1a1b1a	D1a1b	5	Resolved	D1a1b	5	Resolved
023-0001-8896	Zang Yunnan	D1a1b1a	D1a1b	5	Resolved	D1a1b	5	Resolved
023-0001-8897	Zang Yunnan	D1a1b1a	D1a1b	5	Resolved	D1a1b	5	Resolved
023-0001-8900	Zang Yunnan	D1a1b1a	D1a1b	5	Resolved	D1a1b	5	Resolved
023-0001-8885	Zang Yunnan	N1a1a3	N1a1a	5	Resolved	N1a1a3	6	Resolved
111-1906-7242	Naxi Yunnan	N1b1b	N1b1b	5	Resolved	N1b1b	5	Resolved
023-0001-8887	Zang Yunnan	N1b2	N1b2*	5	Unresolved	N1b2*	4	Unresolved
023-0001-8884	Zang Yunnan	O1b1a1a1a1a1a1b	O1b1a	5	Resolved	O1b1a1a1a1a1a1b	15	Resolved
023-0001-8902	Zang Yunnan	O2a1a1a1a1a3	O2a1a	5	Resolved	O2a1a	5	Resolved
023-0001-8903	Zang Yunnan	O2a2a1a2a1a1a2a1b	O2a2a	5	Resolved	O2a2a1a2a1a1a2a1	16	Resolved
023-0001-8881	Zang Yunnan	O2a2b1a1a1a4a	O2a2b	5	Resolved	O2a2b1a1a1a4a*	13	Unresolved
023-0001-8883	Zang Yunnan	O2a2b1a1a1a4a	O2a2b	5	Resolved	O2a2b1a1a1a4a*	13	Unresolved
023-0001-8886	Zang Yunnan	O2a2b1a1a1a4a	O2a2b	5	Resolved	O2a2b1a1a1a4a*	13	Unresolved
023-0001-8888	Zang Yunnan	O2a2b1a1a1a4a	O2a2b	5	Resolved	O2a2b1a1a1a4a*	13	Unresolved
023-0001-8894	Zang Yunnan	O2a2b1a1a1a4a	O2a2b	5	Resolved	O2a2b1a1a1a4a*	13	Unresolved
023-0001-8898	Zang Yunnan	O2a2b1a1a1a4a	O2a2b	5	Resolved	O2a2b1a1a1a4a*	13	Unresolved
111-1738-8325	Zang Yunnan	O2a2b1a2a2a	O2a2b	5	Resolved	O2a2b1a2	8	Resolved
023-0001-8889	Zang Yunnan	O2b1a1a1a1	O2b1a	5	Resolved	O2b	3	Resolved
023-0001-8880	Zang Yunnan	Q1a1a1a	Q1a1a	5	Resolved	Q1a1a1a*	7	Unresolved
111-1851-9902	Zang Yunnan	Q1a1a1a1	Q1a1a	5	Resolved	Q1a1a1a1	8	Resolved
023-0001-8893	Zang Yunnan	R1b1a2b1	R1b1a	5	Resolved	R1b1a2	6	Resolved
E250104291_L01_8099	Va Yunnan	C2b1a2a2	C2b1a	5	Resolved	C2b1a2	6	Resolved
E250104291_L01_8100	Va Yunnan	C2b1a2a2	C2b1a	5	Resolved	C2b1a2	6	Resolved
E250104291_L01_8101	Va Yunnan	C2b1a2a2	C2b1a	5	Resolved	C2b1a2	6	Resolved
E250102304_L01_8068	Blang Yunnan	C2b1b1	C2b1b	5	Resolved	C2b1b	5	Resolved
E250102344_L01_8077	Blang Yunnan	C2b1b1	C2b1b	5	Resolved	C2b1b	5	Resolved
E250102344_L01_8078	Blang Yunnan	C2b1b1	C2b1b	5	Resolved	C2b1b	5	Resolved
E250102344_L01_8080	Blang Yunnan	C2b1b1	C2b1b	5	Resolved	C2b1b	5	Resolved
E250102280_L01_8084	Blang Yunnan	C2b1b1	C2b1b	5	Resolved	C2b1b	5	Resolved
E250102280_L01_8086	Blang Yunnan	C2b1b1	C2b1b	5	Resolved	C2b1b	5	Resolved
E250102280_L01_8265	Blang Yunnan	C2b1b1	C2b1b	5	Resolved	C2b1b	5	Resolved
E250102339_L01_8098	Blang Yunnan	C2b1b1	C2b1b	5	Resolved	C2b1b	5	Resolved
E250102339_L01_8099	Blang Yunnan	C2b1b1	C2b1b	5	Resolved	C2b1b	5	Resolved
E250102339_L01_8102	Blang Yunnan	C2b1b1	C2b1b	5	Resolved	C2b1b	5	Resolved
E250102339_L01_8104	Blang Yunnan	C2b1b1	C2b1b	5	Resolved	C2b1b	5	Resolved
E250102339_L01_8114	Blang Yunnan	C2b1b1	C2b1b	5	Resolved	C2b1b	5	Resolved
E250104291_L01_8094	Va Yunnan	C2b1b1a1b	C2b1b	5	Resolved	C2b1b	5	Resolved
E250104291_L01_8097	Va Yunnan	C2b1b1a1b	C2b1b	5	Resolved	C2b1b	5	Resolved
023-0001-8934	De'ang Yunnan	D1a1a1a1a1b	D1a1a	5	Resolved	D1a1a1a1a1b*	11	Unresolved
023-0001-8935	De'ang Yunnan	D1a1a1a1a1b	D1a1a	5	Resolved	D1a1a1a1a1b*	11	Unresolved
023-0001-8943	De'ang Yunnan	D1a1a1a1a1b	D1a1a	5	Resolved	D1a1a1a1a1b*	11	Unresolved
E250102344_L01_8081	Blang Yunnan	F2	F2*	5	Unresolved	F2	2	Resolved
E250102344_L01_8072	Blang Yunnan	N1a2a1a2	N1a2a	5	Resolved	N1a2	4	Resolved
023-0001-8961	De'ang Yunnan	N1b1	N1b1*	5	Unresolved	N1b1*	4	Unresolved
E250102280_L01_8089	Blang Yunnan	N1b2	N1b2*	5	Unresolved	N1b2*	4	Unresolved
E250102307_L01_8081	Va Yunnan	N1b2	N1b2*	5	Unresolved	N1b2*	4	Unresolved
E250102307_L01_8082	Va Yunnan	N1b2	N1b2*	5	Unresolved	N1b2*	4	Unresolved
E250104291_L01_8265	Va Yunnan	N1b2	N1b2*	5	Unresolved	N1b2*	4	Unresolved
E250102344_L01_8069	Blang Yunnan	O1a1a1a1a	O1a1a	5	Resolved	O1a	3	Resolved
E250102344_L01_8076	Blang Yunnan	O1a1a1a1a1a1a	O1a1a	5	Resolved	O1a	3	Resolved
E250104291_L01_8091	Va Yunnan	O1a1a1a1a1b	O1a1a	5	Resolved	O1a	3	Resolved
E250104291_L01_8096	Va Yunnan	O1b1a1a1b1	O1b1a	5	Resolved	O1b1a1a1b1*	10	Unresolved
023-0001-8974	De'ang Yunnan	O1b1a1a1b1	O1b1a	5	Resolved	O1b1a1a1b1*	10	Unresolved
023-0001-8975	De'ang Yunnan	O1b1a1a1b1	O1b1a	5	Resolved	O1b1a1a1b1*	10	Unresolved
E250102339_L01_8115	Blang Yunnan	O1b1a1a1b1a	O1b1a	5	Resolved	O1b1a1a1b1a	11	Resolved
023-0001-8959	De'ang Yunnan	O1b1a1a1b1a	O1b1a	5	Resolved	O1b1a1a1b1a	11	Resolved
023-0001-8960	De'ang Yunnan	O1b1a1a1b1a	O1b1a	5	Resolved	O1b1a1a1b1a	11	Resolved
023-0001-8962	De'ang Yunnan	O1b1a1a1b1a	O1b1a	5	Resolved	O1b1a1a1b1a	11	Resolved
023-0001-8964	De'ang Yunnan	O1b1a1a1b1a	O1b1a	5	Resolved	O1b1a1a1b1a	11	Resolved
023-0001-8965	De'ang Yunnan	O1b1a1a1b1a	O1b1a	5	Resolved	O1b1a1a1b1a	11	Resolved
023-0001-8966	De'ang Yunnan	O1b1a1a1b1a	O1b1a	5	Resolved	O1b1a1a1b1a	11	Resolved
023-0001-8968	De'ang Yunnan	O1b1a1a1b1a	O1b1a	5	Resolved	O1b1a1a1b1a	11	Resolved
023-0001-8970	De'ang Yunnan	O1b1a1a1b1a	O1b1a	5	Resolved	O1b1a1a1b1a	11	Resolved
023-0001-8972	De'ang Yunnan	O1b1a1a1b1a	O1b1a	5	Resolved	O1b1a1a1b1a	11	Resolved
023-0001-8977	De'ang Yunnan	O1b1a1a1b1a	O1b1a	5	Resolved	O1b1a1a1b1a	11	Resolved
023-0001-8948	De'ang Yunnan	O1b1a1a1b1a	O1b1a	5	Resolved	O1b1a1a1b1a	11	Resolved
E250102280_L01_8094	Blang Yunnan	O1b1a1a1b1b1	O1b1a	5	Resolved	O1b1a1a1b1b	11	Resolved
E250102344_L01_8070	Blang Yunnan	O1b1a1a1b1c	O1b1a	5	Resolved	O1b1a1a1b1c	11	Resolved
E250102344_L01_8079	Blang Yunnan	O1b1a1a1b1c	O1b1a	5	Resolved	O1b1a1a1b1c	11	Resolved
E250102280_L01_8085	Blang Yunnan	O1b1a1a1b1c	O1b1a	5	Resolved	O1b1a1a1b1c	11	Resolved
E250102339_L01_8097	Blang Yunnan	O1b1a1a1b1c	O1b1a	5	Resolved	O1b1a1a1b1c	11	Resolved
E250102339_L01_8100	Blang Yunnan	O1b1a1a1b1c	O1b1a	5	Resolved	O1b1a1a1b1c	11	Resolved
E250102339_L01_8103	Blang Yunnan	O1b1a1a1b1c	O1b1a	5	Resolved	O1b1a1a1b1c	11	Resolved
E250102307_L01_8080	Va Yunnan	O1b1a1a1b1c	O1b1a	5	Resolved	O1b1a1a1b1c	11	Resolved
E250102307_L01_8085	Va Yunnan	O1b1a1a1b1c	O1b1a	5	Resolved	O1b1a1a1b1c	11	Resolved
E250102307_L01_8086	Va Yunnan	O1b1a1a1b1c	O1b1a	5	Resolved	O1b1a1a1b1c	11	Resolved
E250104291_L01_8092	Va Yunnan	O1b1a1a1b1c	O1b1a	5	Resolved	O1b1a1a1b1c	11	Resolved
E250104291_L01_8093	Va Yunnan	O1b1a1a1b1c	O1b1a	5	Resolved	O1b1a1a1b1c	11	Resolved
E250102330_L01_8102	Va Yunnan	O1b1a1a1b1c	O1b1a	5	Resolved	O1b1a1a1b1c	11	Resolved
E250102344_L01_8073	Blang Yunnan	O1b1a1b1a1b1	O1b1a	5	Resolved	O1b1a1b	7	Resolved
E250102280_L01_8082	Blang Yunnan	O1b1a1b1a1b1	O1b1a	5	Resolved	O1b1a1b	7	Resolved
E250102280_L01_8087	Blang Yunnan	O1b1a1b1a1b1	O1b1a	5	Resolved	O1b1a1b	7	Resolved
E250102280_L01_8088	Blang Yunnan	O1b1a1b1a1b1	O1b1a	5	Resolved	O1b1a1b	7	Resolved
E250102280_L01_8091	Blang Yunnan	O1b1a1b1a1b1	O1b1a	5	Resolved	O1b1a1b	7	Resolved
E250102280_L01_8092	Blang Yunnan	O1b1a1b1a1b1	O1b1a	5	Resolved	O1b1a1b	7	Resolved
E250102280_L01_8096	Blang Yunnan	O1b1a1b1a1b1	O1b1a	5	Resolved	O1b1a1b	7	Resolved
E250102344_L01_8075	Blang Yunnan	O2a1b1a1a1a1a1	O2a1b	5	Resolved	O2a1b	5	Resolved
E250102344_L01_8074	Blang Yunnan	O2a2a1a1b2b2a1	O2a2a	5	Resolved	O2a2a1a1b	9	Resolved
023-0001-8947	De'ang Yunnan	O2a2a1a2a1b	O2a2a	5	Resolved	O2a2a1a2a1b	11	Resolved
E250102344_L01_8071	Blang Yunnan	O2a2b1a1a1a1a1a1a1c	O2a2b	5	Resolved	O2a2b1a1a1a1	12	Resolved
023-0001-8963	De'ang Yunnan	O2a2b1a1a1a4a	O2a2b	5	Resolved	O2a2b1a1a1a4a*	13	Unresolved
023-0001-8971	De'ang Yunnan	O2a2b1a1a1a4a	O2a2b	5	Resolved	O2a2b1a1a1a4a*	13	Unresolved
023-0001-8933	De'ang Yunnan	O2a2b1a1a1a4a	O2a2b	5	Resolved	O2a2b1a1a1a4a*	13	Unresolved
023-0001-8939	De'ang Yunnan	O2a2b1a1a1a4a	O2a2b	5	Resolved	O2a2b1a1a1a4a*	13	Unresolved
023-0001-8941	De'ang Yunnan	O2a2b1a1a1a4a	O2a2b	5	Resolved	O2a2b1a1a1a4a*	13	Unresolved
023-0001-8946	De'ang Yunnan	O2a2b1a1a1a4a	O2a2b	5	Resolved	O2a2b1a1a1a4a*	13	Unresolved
E250104291_L01_8088	Va Yunnan	O2a2b1a1a1a4a2a	O2a2b	5	Resolved	O2a2b1a1a1a4a2a*	15	Unresolved
023-0001-8967	De'ang Yunnan	O2a2b1a1a1a4a2a	O2a2b	5	Resolved	O2a2b1a1a1a4a2a*	15	Unresolved
023-0001-8969	De'ang Yunnan	O2a2b1a1a1a4a2a	O2a2b	5	Resolved	O2a2b1a1a1a4a2a*	15	Unresolved
023-0001-8973	De'ang Yunnan	O2a2b1a1a1a4a2a	O2a2b	5	Resolved	O2a2b1a1a1a4a2a*	15	Unresolved
023-0001-8976	De'ang Yunnan	O2a2b1a1a1a4a2a	O2a2b	5	Resolved	O2a2b1a1a1a4a2a*	15	Unresolved
023-0001-8932	De'ang Yunnan	O2a2b1a1a1a4a2a	O2a2b	5	Resolved	O2a2b1a1a1a4a2a*	15	Unresolved
023-0001-8936	De'ang Yunnan	O2a2b1a1a1a4a2a	O2a2b	5	Resolved	O2a2b1a1a1a4a2a*	15	Unresolved
023-0001-8937	De'ang Yunnan	O2a2b1a1a1a4a2a	O2a2b	5	Resolved	O2a2b1a1a1a4a2a*	15	Unresolved
023-0001-8938	De'ang Yunnan	O2a2b1a1a1a4a2a	O2a2b	5	Resolved	O2a2b1a1a1a4a2a*	15	Unresolved
023-0001-8944	De'ang Yunnan	O2a2b1a1a1a4a2a	O2a2b	5	Resolved	O2a2b1a1a1a4a2a*	15	Unresolved
023-0001-8945	De'ang Yunnan	O2a2b1a1a1a4a2a	O2a2b	5	Resolved	O2a2b1a1a1a4a2a*	15	Unresolved
023-0001-8949	De'ang Yunnan	O2a2b1a1a1a4a2a	O2a2b	5	Resolved	O2a2b1a1a1a4a2a*	15	Unresolved
023-0001-8950	De'ang Yunnan	O2a2b1a1a1a4a2a	O2a2b	5	Resolved	O2a2b1a1a1a4a2a*	15	Unresolved
023-0001-8951	De'ang Yunnan	O2a2b1a1a1a4a2a	O2a2b	5	Resolved	O2a2b1a1a1a4a2a*	15	Unresolved
023-0001-8940	De'ang Yunnan	O2a2b1a1a1a4a2a1b	O2a2b	5	Resolved	O2a2b1a1a1a4a2a1	16	Resolved
023-0001-8942	De'ang Yunnan	O2a2b1a1a1a4a2a3	O2a2b	5	Resolved	O2a2b1a1a1a4a2a3	16	Resolved
Y5920	Va Yunnan	O2a2b2a1a1	O2a2b	5	Resolved	O2a2b2a1	8	Resolved
E250102307_L01_8084	Va Yunnan	O2a2b2a2a	O2a2b	5	Resolved	O2a2b2a2	8	Resolved
E250102307_L01_8087	Va Yunnan	O2a2b2a2a	O2a2b	5	Resolved	O2a2b2a2	8	Resolved
E250104291_L01_8089	Va Yunnan	O2a2b2a2a	O2a2b	5	Resolved	O2a2b2a2	8	Resolved
E250104291_L01_8098	Va Yunnan	O2a2b2a2a	O2a2b	5	Resolved	O2a2b2a2	8	Resolved
E250102280_L01_8093	Blang Yunnan	Q1a1a1a	Q1a1a	5	Resolved	Q1a1a1a*	7	Unresolved
E250102339_L01_8101	Blang Yunnan	Q1a1a1a	Q1a1a	5	Resolved	Q1a1a1a*	7	Unresolved
023-0001-8673	Miao Yunnan	C1b1a2b	C1b1a	5	Resolved	C1b1a2	6	Resolved
023-0001-8702	Miao Yunnan	C2a1a4b	C2a1a	5	Resolved	C2a	3	Resolved
023-0001-8718	Miao Yunnan	C2a1a4b	C2a1a	5	Resolved	C2a	3	Resolved
023-0001-8721	Miao Yunnan	C2a1a4b	C2a1a	5	Resolved	C2a	3	Resolved
023-0001-8720	Miao Yunnan	C2b1a1a1	C2b1a	5	Resolved	C2b1a1a	7	Resolved
023-0001-8703	Miao Yunnan	C2b1b1b	C2b1b	5	Resolved	C2b1b	5	Resolved
023-0001-8712	Miao Yunnan	C2b1b1b	C2b1b	5	Resolved	C2b1b	5	Resolved
023-0001-8715	Miao Yunnan	C2b1b1b	C2b1b	5	Resolved	C2b1b	5	Resolved
023-0001-8722	Miao Yunnan	C2b1b1b	C2b1b	5	Resolved	C2b1b	5	Resolved
023-0001-8675	Miao Yunnan	C2b1b1b	C2b1b	5	Resolved	C2b1b	5	Resolved
023-0001-8681	Miao Yunnan	C2b1b1b	C2b1b	5	Resolved	C2b1b	5	Resolved
023-0001-8867	Yao Yunnan	C2b1b1b	C2b1b	5	Resolved	C2b1b	5	Resolved
023-0001-8704	Miao Yunnan	D1a1a1b2	D1a1a	5	Resolved	D1a1a1b	7	Resolved
023-0001-8707	Miao Yunnan	D1a1a1b2	D1a1a	5	Resolved	D1a1a1b	7	Resolved
023-0001-8719	Miao Yunnan	D1a1a1b2	D1a1a	5	Resolved	D1a1a1b	7	Resolved
023-0001-8674	Miao Yunnan	D1a1a1b2	D1a1a	5	Resolved	D1a1a1b	7	Resolved
023-0001-8686	Miao Yunnan	D1a1a1b2	D1a1a	5	Resolved	D1a1a1b	7	Resolved
023-0001-8690	Miao Yunnan	D1a1a1b2	D1a1a	5	Resolved	D1a1a1b	7	Resolved
023-0001-8677	Miao Yunnan	N1b2	N1b2*	5	Unresolved	N1b2*	4	Unresolved
023-0001-8683	Miao Yunnan	N1b2	N1b2*	5	Unresolved	N1b2*	4	Unresolved
023-0001-8689	Miao Yunnan	N1b2	N1b2*	5	Unresolved	N1b2*	4	Unresolved
023-0001-8877	Yao Yunnan	O1a1a1b1b1b1	O1a1a	5	Resolved	O1a	3	Resolved
023-0001-8863	Yao Yunnan	O1b1a1a1a1a1a1a1a1a1	O1b1a	5	Resolved	O1b1a1a1a1a1a1a1	16	Resolved
023-0001-8865	Yao Yunnan	O1b1a1a1a1a1a1a1a1a1	O1b1a	5	Resolved	O1b1a1a1a1a1a1a1	16	Resolved
023-0001-8866	Yao Yunnan	O1b1a1a1a1a1a1a1a1a1	O1b1a	5	Resolved	O1b1a1a1a1a1a1a1	16	Resolved
023-0001-8870	Yao Yunnan	O1b1a1a1a1a1a1a1a1a1	O1b1a	5	Resolved	O1b1a1a1a1a1a1a1	16	Resolved
023-0001-8871	Yao Yunnan	O1b1a1a1a1a1a1a1a1a1	O1b1a	5	Resolved	O1b1a1a1a1a1a1a1	16	Resolved
023-0001-8872	Yao Yunnan	O1b1a1a1a1a1a1a1a1a1	O1b1a	5	Resolved	O1b1a1a1a1a1a1a1	16	Resolved
023-0001-8873	Yao Yunnan	O1b1a1a1a1a1a1a1a1a1	O1b1a	5	Resolved	O1b1a1a1a1a1a1a1	16	Resolved
023-0001-8874	Yao Yunnan	O1b1a1a1a1a1a1a1a1a1	O1b1a	5	Resolved	O1b1a1a1a1a1a1a1	16	Resolved
023-0001-8875	Yao Yunnan	O1b1a1a1a1a1a1a1a1a1	O1b1a	5	Resolved	O1b1a1a1a1a1a1a1	16	Resolved
023-0001-8876	Yao Yunnan	O1b1a1a1a1a1a1a1a1a1	O1b1a	5	Resolved	O1b1a1a1a1a1a1a1	16	Resolved
023-0001-8879	Yao Yunnan	O1b1a1a1a1a1a1a1a1a1	O1b1a	5	Resolved	O1b1a1a1a1a1a1a1	16	Resolved
023-0001-8678	Miao Yunnan	O1b1a1a1a1a1a1a2b	O1b1a	5	Resolved	O1b1a1a1a1a1a1a2	16	Resolved
023-0001-8716	Miao Yunnan	O1b1a1a1a1a1b1a1a1	O1b1a	5	Resolved	O1b1a1a1a1a1b	13	Resolved
023-0001-8878	Yao Yunnan	O1b1a1a1a1b1b	O1b1a	5	Resolved	O1b1a1a1a1b1	12	Resolved
023-0001-8862	Yao Yunnan	O1b1a1a1b2	O1b1a	5	Resolved	O1b1a1a1b2	10	Resolved
023-0001-8869	Yao Yunnan	O1b1a2a1	O1b1a	5	Resolved	O1b1a2	6	Resolved
YN-579_BB0_00	Yao Yunnan	O2a1a1b1a1a	O2a1a	5	Resolved	O2a1a	5	Resolved
023-0001-8861	Yao Yunnan	O2a2a1a2a1a1a1a	O2a2a	5	Resolved	O2a2a1a2a1a1a1	14	Resolved
023-0001-8708	Miao Yunnan	O2a2a1a2a1a1a2a1a1	O2a2a	5	Resolved	O2a2a1a2a1a1a2a1	16	Resolved
023-0001-8709	Miao Yunnan	O2a2a1a2a1a1a2a1a1	O2a2a	5	Resolved	O2a2a1a2a1a1a2a1	16	Resolved
023-0001-8711	Miao Yunnan	O2a2a1a2a1a1a2a1a1	O2a2a	5	Resolved	O2a2a1a2a1a1a2a1	16	Resolved
023-0001-8713	Miao Yunnan	O2a2a1a2a1a1a2a1a1	O2a2a	5	Resolved	O2a2a1a2a1a1a2a1	16	Resolved
023-0001-8714	Miao Yunnan	O2a2a1a2a1a1a2a1a1	O2a2a	5	Resolved	O2a2a1a2a1a1a2a1	16	Resolved
023-0001-8676	Miao Yunnan	O2a2a1a2a1a1a2a1a1	O2a2a	5	Resolved	O2a2a1a2a1a1a2a1	16	Resolved
023-0001-8705	Miao Yunnan	O2a2a1a2a1a1a2a1a1a1a	O2a2a	5	Resolved	O2a2a1a2a1a1a2a1	16	Resolved
023-0001-8706	Miao Yunnan	O2a2a1a2a1a1a2a1a1a1a	O2a2a	5	Resolved	O2a2a1a2a1a1a2a1	16	Resolved
023-0001-8710	Miao Yunnan	O2a2a1a2a1a1a2a1a1a1a	O2a2a	5	Resolved	O2a2a1a2a1a1a2a1	16	Resolved
023-0001-8717	Miao Yunnan	O2a2a1a2a1a1a2a1a1a1a	O2a2a	5	Resolved	O2a2a1a2a1a1a2a1	16	Resolved
023-0001-8679	Miao Yunnan	O2a2a1a2a1a1a2a1a1a1a	O2a2a	5	Resolved	O2a2a1a2a1a1a2a1	16	Resolved
023-0001-8680	Miao Yunnan	O2a2a1a2a1a1a2a1a1a1a	O2a2a	5	Resolved	O2a2a1a2a1a1a2a1	16	Resolved
023-0001-8682	Miao Yunnan	O2a2a1a2a1a1a2a1a1a1a	O2a2a	5	Resolved	O2a2a1a2a1a1a2a1	16	Resolved
023-0001-8684	Miao Yunnan	O2a2a1a2a1a1a2a1a1a1a	O2a2a	5	Resolved	O2a2a1a2a1a1a2a1	16	Resolved
023-0001-8685	Miao Yunnan	O2a2a1a2a1a1a2a1a1a1a	O2a2a	5	Resolved	O2a2a1a2a1a1a2a1	16	Resolved
023-0001-8687	Miao Yunnan	O2a2a1a2a1a1a2a1a1a1a	O2a2a	5	Resolved	O2a2a1a2a1a1a2a1	16	Resolved
023-0001-8688	Miao Yunnan	O2a2a1a2a1a1a2a1a1a1a	O2a2a	5	Resolved	O2a2a1a2a1a1a2a1	16	Resolved
023-0001-8864	Yao Yunnan	O2a2b1a1a1e2a	O2a2b	5	Resolved	O2a2b1a1a1e	11	Resolved
023-0001-8868	Yao Yunnan	O2a2b1a1a1e2a	O2a2b	5	Resolved	O2a2b1a1a1e	11	Resolved
111-1694-3112	Han Yunnan	C2b1a1a1	C2b1a	5	Resolved	C2b1a1a	7	Resolved
GSRD009643A00_BB0_01	Han Yunnan	C2b1a1a1	C2b1a	5	Resolved	C2b1a1a	7	Resolved
GSRD009643A01_BB0_01	Han Yunnan	C2b1a1a1	C2b1a	5	Resolved	C2b1a1a	7	Resolved
000-0500-1964	Han Yunnan	C2b1a1a1a1	C2b1a	5	Resolved	C2b1a1a	7	Resolved
GSRD010715A00_BB0_00	Han Yunnan	C2b1a1a1a1	C2b1a	5	Resolved	C2b1a1a	7	Resolved
111-1820-0657	Han Yunnan	C2b1a2a1a2	C2b1a	5	Resolved	C2b1a2	6	Resolved
case-0903_BB0_00	Han Yunnan	C2b1a2b2	C2b1a	5	Resolved	C2b1a2	6	Resolved
111-1211-7586	Han Yunnan	C2b1b1	C2b1b	5	Resolved	C2b1b	5	Resolved
GSRD009738A00_BB0_01	Han Yunnan	D1a1a1a1a1b	D1a1a	5	Resolved	D1a1a1a1a1b*	11	Unresolved
GSRD009738A01_BB0_01	Han Yunnan	D1a1a1a1a1b	D1a1a	5	Resolved	D1a1a1a1a1b*	11	Unresolved
023-0000-2493	Han Yunnan	F2	F2*	5	Unresolved	F2	2	Resolved
023-0000-2454	Han Yunnan	F2	F2*	5	Unresolved	F2	2	Resolved
023-0000-2451	Han Yunnan	F2	F2*	5	Unresolved	F2	2	Resolved
023-0000-2492	Han Yunnan	F2	F2*	5	Unresolved	F2	2	Resolved
023-0000-2546	Han Yunnan	F2	F2*	5	Unresolved	F2	2	Resolved
023-0000-2757	Han Yunnan	N1b1a2	N1b1a	5	Resolved	N1b1a	5	Resolved
023-0000-2463	Han Yunnan	N1b2	N1b2*	5	Unresolved	N1b2*	4	Unresolved
023-0000-2756	Han Yunnan	N1b2	N1b2*	5	Unresolved	N1b2*	4	Unresolved
111-1894-6845	Han Yunnan	O1a1a1a1a1a1	O1a1a	5	Resolved	O1a	3	Resolved
111-1828-8976	Han Yunnan	O1a1a1a1a1a1e1	O1a1a	5	Resolved	O1a	3	Resolved
111-1925-5120	Han Yunnan	O1b1a1a1a1a1b	O1b1a	5	Resolved	O1b1a1a1a1a1b	13	Resolved
111-1848-6099	Han Yunnan	O1b1a1a1a1a1b1a1	O1b1a	5	Resolved	O1b1a1a1a1a1b	13	Resolved
111-1790-5508	Han Yunnan	O1b1a1a1a1a1b1a1a	O1b1a	5	Resolved	O1b1a1a1a1a1b	13	Resolved
111-1831-9342	Han Yunnan	O1b1a1a1a1a1b1a1a1	O1b1a	5	Resolved	O1b1a1a1a1a1b	13	Resolved
GSRD009169A01_BB0_01	Han Yunnan	O1b1a1a1b1b	O1b1a	5	Resolved	O1b1a1a1b1b	11	Resolved
111-1930-8789	Han Yunnan	O2a1b1a1a1a1a1c	O2a1b	5	Resolved	O2a1b	5	Resolved
GSRD009169B01_BB0_01	Han Yunnan	O2a1b1a1a1a1c1	O2a1b	5	Resolved	O2a1b	5	Resolved
YN-164_BB0_00	Han Yunnan	O2a1b1a1a1a1e1	O2a1b	5	Resolved	O2a1b	5	Resolved
111-1401-7754	Han Yunnan	O2a1b1a2a1a1a2	O2a1b	5	Resolved	O2a1b	5	Resolved
YN-374_BB0_00	Han Yunnan	O2a1b1a2a1a3b2	O2a1b	5	Resolved	O2a1b	5	Resolved
111-1883-6597	Han Yunnan	O2a1b1a2a2b	O2a1b	5	Resolved	O2a1b	5	Resolved
111-1252-6906	Han Yunnan	O2a2a1a1a	O2a2a	5	Resolved	O2a2a1a1a*	9	Unresolved
111-1841-1190	Han Yunnan	O2a2b1a1a1a1a1a1a1	O2a2b	5	Resolved	O2a2b1a1a1a1	12	Resolved
GSRD010696A00_BB0_01	Han Yunnan	O2a2b1a1a1a1a1a1a1	O2a2b	5	Resolved	O2a2b1a1a1a1	12	Resolved
GSRD009476A00_BB0_01	Han Yunnan	O2a2b1a1a1a4a	O2a2b	5	Resolved	O2a2b1a1a1a4a*	13	Unresolved
111-1306-6296	Han Yunnan	O2a2b1a1a1c1a1a	O2a2b	5	Resolved	O2a2b1a1a1c	11	Resolved
111-1808-0945	Han Yunnan	O2a2b1a1a1c1a1a1	O2a2b	5	Resolved	O2a2b1a1a1c	11	Resolved
111-1434-4867	Han Yunnan	O2a2b1a1a1c1a1a1	O2a2b	5	Resolved	O2a2b1a1a1c	11	Resolved
111-1379-9705	Han Yunnan	O2a2b1a2a1	O2a2b	5	Resolved	O2a2b1a2	8	Resolved
GSRD009741A00_BB1_01	Han Yunnan	O2a2b1a2a1	O2a2b	5	Resolved	O2a2b1a2	8	Resolved
111-1373-1859	Han Yunnan	O2a2b1a2a1a1a2	O2a2b	5	Resolved	O2a2b1a2	8	Resolved
GSRD010027A01_BB0_01	Han Yunnan	O2a2b1a2a1a1a2a1	O2a2b	5	Resolved	O2a2b1a2	8	Resolved
023-0000-2744	Han Yunnan	O2a2b1a2a1a1b	O2a2b	5	Resolved	O2a2b1a2	8	Resolved
111-1770-5894	Han Yunnan	O2a2b2a1a	O2a2b	5	Resolved	O2a2b2a1	8	Resolved
111-1895-6882	Han Yunnan	Q1a1a1a	Q1a1a	5	Resolved	Q1a1a1a*	7	Unresolved
111-1285-8618	Han Yunnan	Q1a1a1a	Q1a1a	5	Resolved	Q1a1a1a*	7	Unresolved
GSRD010713A00_BB0_01	Han Yunnan	Q1a1a1a1	Q1a1a	5	Resolved	Q1a1a1a1	8	Resolved
111-1693-5070	Han Yunnan	R1a1a1b2	R1a1a	5	Resolved	R1a1a1b2	8	Resolved
111-1856-4919	Han Yunnan	R1a1a1b2a2a1d9c2	R1a1a	5	Resolved	R1a1a1b2	8	Resolved
HGDP01310	Dai Yunnan	C1b1a2b	C1b1a	5	Resolved	C1b1a2	6	Resolved
HG02373	Dai Yunnan	C2b1b1a1b	C2b1b	5	Resolved	C2b1b	5	Resolved
111-1343-8574	Dai Yunnan	F2	F2*	5	Unresolved	F2	2	Resolved
HG02396	Dai Yunnan	O1a1a1a1a1a1a5	O1a1a	5	Resolved	O1a	3	Resolved
HG02384	Dai Yunnan	O1a1a1a1a1a1a5	O1a1a	5	Resolved	O1a	3	Resolved
HG02360	Dai Yunnan	O1a1a1b1b1a1a	O1a1a	5	Resolved	O1a	3	Resolved
HG02399	Dai Yunnan	O1a1a2a1a3	O1a1a	5	Resolved	O1a	3	Resolved
HG01811	Dai Yunnan	O1a1a2a1a3	O1a1a	5	Resolved	O1a	3	Resolved
HG02353	Dai Yunnan	O1a1a2a1a3	O1a1a	5	Resolved	O1a	3	Resolved
E250102369_L01_8039	Dai Yunnan	O1a1a2a1a3a	O1a1a	5	Resolved	O1a	3	Resolved
HG02250	Dai Yunnan	O1a1a2a1a3a	O1a1a	5	Resolved	O1a	3	Resolved
HG02385	Dai Yunnan	O1a1a2a1a3a	O1a1a	5	Resolved	O1a	3	Resolved
E250105348_L01_8026	Dai Yunnan	O1b1a1a1a1a1a1a1	O1b1a	5	Resolved	O1b1a1a1a1a1a1a1	16	Resolved
HG02386	Dai Yunnan	O1b1a1a1a1a1a1a1	O1b1a	5	Resolved	O1b1a1a1a1a1a1a1	16	Resolved
HG02398	Dai Yunnan	O1b1a1a1a1a1a1a1a1a1a	O1b1a	5	Resolved	O1b1a1a1a1a1a1a1	16	Resolved
HG02382	Dai Yunnan	O1b1a1a1a1a1a1a1a1a1a	O1b1a	5	Resolved	O1b1a1a1a1a1a1a1	16	Resolved
HG02351	Dai Yunnan	O1b1a1a1a1a1a1a1a1a1a	O1b1a	5	Resolved	O1b1a1a1a1a1a1a1	16	Resolved
E250105348_L01_8025	Dai Yunnan	O1b1a1a1a1a1a1a1b	O1b1a	5	Resolved	O1b1a1a1a1a1a1a1	16	Resolved
023-0001-8952	Dai Yunnan	O1b1a1a1a1a1a1a1b	O1b1a	5	Resolved	O1b1a1a1a1a1a1a1	16	Resolved
023-0001-8953	Dai Yunnan	O1b1a1a1a1a1a1a1b	O1b1a	5	Resolved	O1b1a1a1a1a1a1a1	16	Resolved
HG02408	Dai Yunnan	O1b1a1a1a1a1a1a1b	O1b1a	5	Resolved	O1b1a1a1a1a1a1a1	16	Resolved
HG02410	Dai Yunnan	O1b1a1a1a1a1a1a1b	O1b1a	5	Resolved	O1b1a1a1a1a1a1a1	16	Resolved
HG02364	Dai Yunnan	O1b1a1a1a1a1a1a1b	O1b1a	5	Resolved	O1b1a1a1a1a1a1a1	16	Resolved
HG02394	Dai Yunnan	O1b1a1a1a1a1a1a1b	O1b1a	5	Resolved	O1b1a1a1a1a1a1a1	16	Resolved
HG02356	Dai Yunnan	O1b1a1a1a1a1a1a2a	O1b1a	5	Resolved	O1b1a1a1a1a1a1a2	16	Resolved
YN-516_BB0_00	Dai Yunnan	O1b1a1a1a1a1a1b1	O1b1a	5	Resolved	O1b1a1a1a1a1a1b	15	Resolved
023-0001-8956	Dai Yunnan	O1b1a1a1a1a1b1a	O1b1a	5	Resolved	O1b1a1a1a1a1b	13	Resolved
HG02395	Dai Yunnan	O1b1a1a1a1a1b1a	O1b1a	5	Resolved	O1b1a1a1a1a1b	13	Resolved
HG02397	Dai Yunnan	O1b1a1a1a1a1b1a	O1b1a	5	Resolved	O1b1a1a1a1a1b	13	Resolved
HG00844	Dai Yunnan	O1b1a1a1a1a1b1b	O1b1a	5	Resolved	O1b1a1a1a1a1b	13	Resolved
HG02402	Dai Yunnan	O1b1a1a1a1b1a1a1a2b	O1b1a	5	Resolved	O1b1a1a1a1b1	12	Resolved
HG01028	Dai Yunnan	O1b1a1a1a1b1a1a1a3	O1b1a	5	Resolved	O1b1a1a1a1b1	12	Resolved
HG02390	Dai Yunnan	O1b1a1a1a1b1b	O1b1a	5	Resolved	O1b1a1a1a1b1	12	Resolved
HG02401	Dai Yunnan	O1b1a1a1a1b1b	O1b1a	5	Resolved	O1b1a1a1a1b1	12	Resolved
HG01031	Dai Yunnan	O1b1a1a1a1b1b	O1b1a	5	Resolved	O1b1a1a1a1b1	12	Resolved
HG00982	Dai Yunnan	O1b1a1a1a1b1b	O1b1a	5	Resolved	O1b1a1a1a1b1	12	Resolved
HG02409	Dai Yunnan	O1b1a1a1a1b2a1a1a	O1b1a	5	Resolved	O1b1a1a1a1b2a1a1a	17	Resolved
HG02374	Dai Yunnan	O1b1a1a1a1b2a1a1a	O1b1a	5	Resolved	O1b1a1a1a1b2a1a1a	17	Resolved
111-1430-7190	Dai Yunnan	O1b1a1a1a2a	O1b1a	5	Resolved	O1b1a1a1a2	10	Resolved
HG02407	Dai Yunnan	O1b1a1a1b1	O1b1a	5	Resolved	O1b1a1a1b1*	10	Unresolved
HG02389	Dai Yunnan	O1b1a1a1b1b1	O1b1a	5	Resolved	O1b1a1a1b1b	11	Resolved
023-0001-8954	Dai Yunnan	O1b1a1a1b1c	O1b1a	5	Resolved	O1b1a1a1b1c	11	Resolved
HGDP01313	Dai Yunnan	O1b1a1a1b2	O1b1a	5	Resolved	O1b1a1a1b2	10	Resolved
HGDP01311	Dai Yunnan	O1b1a1a1b2a	O1b1a	5	Resolved	O1b1a1a1b2	10	Resolved
023-0001-8691	Dai Yunnan	O1b1a2b1a	O1b1a	5	Resolved	O1b1a2	6	Resolved
HGDP01309	Dai Yunnan	O2a1b2a1a	O2a1b	5	Resolved	O2a1b	5	Resolved
HG02392	Dai Yunnan	O2a1b2a2a	O2a1b	5	Resolved	O2a1b	5	Resolved
E250102369_L01_8032	Dai Yunnan	O2a2a1a2a1a1	O2a2a	5	Resolved	O2a2a1a2a1a1*	12	Unresolved
E250105348_L01_8023	Dai Yunnan	O2a2a1a2a1a1a2a2	O2a2a	5	Resolved	O2a2a1a2a1a1a2a2	16	Resolved
HG01816	Dai Yunnan	O2a2a1a2a1b	O2a2a	5	Resolved	O2a2a1a2a1b	11	Resolved
HG02375	Dai Yunnan	O2a2b1a1a1a3a1a2	O2a2b	5	Resolved	O2a2b1a1a1a3	12	Resolved
E250105348_L01_8021	Dai Yunnan	O2a2b1a1a1a4a	O2a2b	5	Resolved	O2a2b1a1a1a4a*	13	Unresolved
E250102369_L01_8035	Dai Yunnan	O2a2b1a1a1a4a	O2a2b	5	Resolved	O2a2b1a1a1a4a*	13	Unresolved
E250102369_L01_8036	Dai Yunnan	O2a2b1a1a1a4a	O2a2b	5	Resolved	O2a2b1a1a1a4a*	13	Unresolved
E250102369_L01_8038	Dai Yunnan	O2a2b1a1a1a4a	O2a2b	5	Resolved	O2a2b1a1a1a4a*	13	Unresolved
HG00881	Dai Yunnan	O2a2b1a1a1a4a	O2a2b	5	Resolved	O2a2b1a1a1a4a*	13	Unresolved
E250105348_L01_8029	Dai Yunnan	O2a2b1a1a1a4a2a	O2a2b	5	Resolved	O2a2b1a1a1a4a2a*	15	Unresolved
HG02371	Dai Yunnan	O2a2b1a1a1a4a2a	O2a2b	5	Resolved	O2a2b1a1a1a4a2a*	15	Unresolved
E250105348_L01_8028	Dai Yunnan	O2a2b1a1a1a4a2a1	O2a2b	5	Resolved	O2a2b1a1a1a4a2a1	16	Resolved
E250105348_L01_8030	Dai Yunnan	O2a2b1a1a1a4a2a1	O2a2b	5	Resolved	O2a2b1a1a1a4a2a1	16	Resolved
E250102369_L01_8034	Dai Yunnan	O2a2b1a1a1a4a2a1	O2a2b	5	Resolved	O2a2b1a1a1a4a2a1	16	Resolved
023-0001-8957	Dai Yunnan	O2a2b1a1a1a4a2a1a1	O2a2b	5	Resolved	O2a2b1a1a1a4a2a1	16	Resolved
HG02391	Dai Yunnan	O2a2b1a1a1a4a2a1a1	O2a2b	5	Resolved	O2a2b1a1a1a4a2a1	16	Resolved
HG01810	Dai Yunnan	O2a2b1a1a1a4a2a1a1	O2a2b	5	Resolved	O2a2b1a1a1a4a2a1	16	Resolved
HG02379	Dai Yunnan	O2a2b1a1a1a4a2a1a1	O2a2b	5	Resolved	O2a2b1a1a1a4a2a1	16	Resolved
HG02355	Dai Yunnan	O2a2b1a1a1a4a2a1a1	O2a2b	5	Resolved	O2a2b1a1a1a4a2a1	16	Resolved
HG02406	Dai Yunnan	O2a2b1a1a1a4a2a1b	O2a2b	5	Resolved	O2a2b1a1a1a4a2a1	16	Resolved
HG02383	Dai Yunnan	O2a2b1a1a1a4a2a1b	O2a2b	5	Resolved	O2a2b1a1a1a4a2a1	16	Resolved
HG02380	Dai Yunnan	O2a2b1a1a1a4a2a1b	O2a2b	5	Resolved	O2a2b1a1a1a4a2a1	16	Resolved
111-1596-9069	Dai Yunnan	O2a2b1a1a1a4a2a3	O2a2b	5	Resolved	O2a2b1a1a1a4a2a3	16	Resolved
111-1303-8866	Dai Yunnan	O2a2b1a1a1c1a1a1	O2a2b	5	Resolved	O2a2b1a1a1c	11	Resolved
E250102369_L01_8033	Dai Yunnan	O2a2b1a1a1e2	O2a2b	5	Resolved	O2a2b1a1a1e	11	Resolved
HG02367	Dai Yunnan	O2a2b1a2a1a2a1	O2a2b	5	Resolved	O2a2b1a2	8	Resolved
023-0001-8958	Dai Yunnan	O2a2b2a2a	O2a2b	5	Resolved	O2a2b2a2	8	Resolved
E250105348_L01_8022	Dai Yunnan	Q1a1a1a1	Q1a1a	5	Resolved	Q1a1a1a1	8	Resolved
E250105378_L01_8058	Hani Yunnan	C2b1a1	C2b1a	5	Resolved	C2b1a1*	6	Unresolved
E250100842_L01_8257	Hani Yunnan	C2b1a1	C2b1a	5	Resolved	C2b1a1*	6	Unresolved
023-0001-8724	Hani Yunnan	C2b1a1	C2b1a	5	Resolved	C2b1a1*	6	Unresolved
023-0001-8729	Hani Yunnan	C2b1a1	C2b1a	5	Resolved	C2b1a1*	6	Unresolved
MPG-HNZ-012A	Hani Yunnan	C2b1a1	C2b1a	5	Resolved	C2b1a1*	6	Unresolved
YN-563_BB0_00	Hani Yunnan	C2b1a1	C2b1a	5	Resolved	C2b1a1*	6	Unresolved
E250104246_L01_8117	Pumi Yunnan	C2b1b1	C2b1b	5	Resolved	C2b1b	5	Resolved
MPG-HNZ-147A	Hani Yunnan	C2b1b1	C2b1b	5	Resolved	C2b1b	5	Resolved
MPG-HNZ-144A	Hani Yunnan	C2b1b1	C2b1b	5	Resolved	C2b1b	5	Resolved
E250105378_L01_8061	Hani Yunnan	C2b1b1b	C2b1b	5	Resolved	C2b1b	5	Resolved
111-1920-3183	Jingpo Yunnan	C2b1b1g2	C2b1b	5	Resolved	C2b1b	5	Resolved
023-0001-8909	Jingpo Yunnan	D1a1a1a1b	D1a1a	5	Resolved	D1a1a1a1b*	9	Unresolved
E250104257_L01_8100	Pumi Yunnan	D1a1a1a1b	D1a1a	5	Resolved	D1a1a1a1b*	9	Unresolved
YN-290_BB0_00	Yi Yunnan	D1a1a1a1b	D1a1a	5	Resolved	D1a1a1a1b*	9	Unresolved
MPG-HNZ-135A	Hani Yunnan	D1a1a1b2	D1a1a	5	Resolved	D1a1a1b	7	Resolved
MPG-HNZ-133A	Hani Yunnan	D1a1a1b2	D1a1a	5	Resolved	D1a1a1b	7	Resolved
E250105359_L01_8049	Pumi Yunnan	D1a1b1a3	D1a1b	5	Resolved	D1a1b	5	Resolved
023-0001-8905	Jingpo Yunnan	F2	F2*	5	Unresolved	F2	2	Resolved
023-0001-8917	Jingpo Yunnan	F2	F2*	5	Unresolved	F2	2	Resolved
023-0001-8925	Jingpo Yunnan	F2	F2*	5	Unresolved	F2	2	Resolved
E250106965_L01_8094	Lahu Yunnan	F2	F2*	5	Unresolved	F2	2	Resolved
E250106965_L01_8096	Lahu Yunnan	F2	F2*	5	Unresolved	F2	2	Resolved
E250106965_L01_8097	Lahu Yunnan	F2	F2*	5	Unresolved	F2	2	Resolved
E250106965_L01_8099	Lahu Yunnan	F2	F2*	5	Unresolved	F2	2	Resolved
E250106965_L01_8100	Lahu Yunnan	F2	F2*	5	Unresolved	F2	2	Resolved
E250100914_L01_8104	Lahu Yunnan	F2	F2*	5	Unresolved	F2	2	Resolved
E250100914_L01_8114	Lahu Yunnan	F2	F2*	5	Unresolved	F2	2	Resolved
E250100914_L01_8115	Lahu Yunnan	F2	F2*	5	Unresolved	F2	2	Resolved
E250100914_L01_8116	Lahu Yunnan	F2	F2*	5	Unresolved	F2	2	Resolved
E250100914_L01_8117	Lahu Yunnan	F2	F2*	5	Unresolved	F2	2	Resolved
E250100914_L01_8122	Lahu Yunnan	F2	F2*	5	Unresolved	F2	2	Resolved
023-0001-8692	Yi Yunnan	F2	F2*	5	Unresolved	F2	2	Resolved
023-0001-8693	Yi Yunnan	F2	F2*	5	Unresolved	F2	2	Resolved
023-0001-8694	Yi Yunnan	F2	F2*	5	Unresolved	F2	2	Resolved
023-0001-8695	Yi Yunnan	F2	F2*	5	Unresolved	F2	2	Resolved
023-0001-8696	Yi Yunnan	F2	F2*	5	Unresolved	F2	2	Resolved
023-0001-8697	Yi Yunnan	F2	F2*	5	Unresolved	F2	2	Resolved
023-0001-8698	Yi Yunnan	F2	F2*	5	Unresolved	F2	2	Resolved
023-0001-8699	Yi Yunnan	F2	F2*	5	Unresolved	F2	2	Resolved
023-0001-8700	Yi Yunnan	F2	F2*	5	Unresolved	F2	2	Resolved
023-0001-8701	Yi Yunnan	F2	F2*	5	Unresolved	F2	2	Resolved
023-0000-2444	Hani Yunnan	F2	F2*	5	Unresolved	F2	2	Resolved
023-0000-2445	Hani Yunnan	F2	F2*	5	Unresolved	F2	2	Resolved
023-0000-2448	Hani Yunnan	F2	F2*	5	Unresolved	F2	2	Resolved
MPG-HNZ-089A	Hani Yunnan	F2	F2*	5	Unresolved	F2	2	Resolved
MPG-HNZ-088A	Hani Yunnan	F2	F2*	5	Unresolved	F2	2	Resolved
MPG-HNZ-087A	Hani Yunnan	F2	F2*	5	Unresolved	F2	2	Resolved
MPG-HNZ-086A	Hani Yunnan	F2	F2*	5	Unresolved	F2	2	Resolved
MPG-HNZ-085A	Hani Yunnan	F2	F2*	5	Unresolved	F2	2	Resolved
MPG-HNZ-084A	Hani Yunnan	F2	F2*	5	Unresolved	F2	2	Resolved
MPG-HNZ-083A	Hani Yunnan	F2	F2*	5	Unresolved	F2	2	Resolved
MPG-HNZ-082A	Hani Yunnan	F2	F2*	5	Unresolved	F2	2	Resolved
MPG-HNZ-081A	Hani Yunnan	F2	F2*	5	Unresolved	F2	2	Resolved
MPG-HNZ-080A	Hani Yunnan	F2	F2*	5	Unresolved	F2	2	Resolved
MPG-HNZ-079A	Hani Yunnan	F2	F2*	5	Unresolved	F2	2	Resolved
MPG-HNZ-078A	Hani Yunnan	F2	F2*	5	Unresolved	F2	2	Resolved
MPG-HNZ-077A	Hani Yunnan	F2	F2*	5	Unresolved	F2	2	Resolved
MPG-HNZ-076A	Hani Yunnan	F2	F2*	5	Unresolved	F2	2	Resolved
MPG-HNZ-074A	Hani Yunnan	F2	F2*	5	Unresolved	F2	2	Resolved
MPG-HNZ-073A	Hani Yunnan	F2	F2*	5	Unresolved	F2	2	Resolved
MPG-HNZ-072A	Hani Yunnan	F2	F2*	5	Unresolved	F2	2	Resolved
MPG-HNZ-071A	Hani Yunnan	F2	F2*	5	Unresolved	F2	2	Resolved
MPG-HNZ-070A	Hani Yunnan	F2	F2*	5	Unresolved	F2	2	Resolved
MPG-HNZ-069A	Hani Yunnan	F2	F2*	5	Unresolved	F2	2	Resolved
MPG-HNZ-068A	Hani Yunnan	F2	F2*	5	Unresolved	F2	2	Resolved
MPG-HNZ-067A	Hani Yunnan	F2	F2*	5	Unresolved	F2	2	Resolved
MPG-HNZ-065A	Hani Yunnan	F2	F2*	5	Unresolved	F2	2	Resolved
HGDP01321	Lahu Yunnan	F2	F2*	5	Unresolved	F2	2	Resolved
HGDP01317	Lahu Yunnan	F2	F2*	5	Unresolved	F2	2	Resolved
HGDP01322	Lahu Yunnan	F2	F2*	5	Unresolved	F2	2	Resolved
HGDP01318	Lahu Yunnan	F2	F2*	5	Unresolved	F2	2	Resolved
111-1332-5225	Lahu Yunnan	F2	F2*	5	Unresolved	F2	2	Resolved
023-0000-2522	Yi Yunnan	F2	F2*	5	Unresolved	F2	2	Resolved
023-0000-2446	Yi Yunnan	F2	F2*	5	Unresolved	F2	2	Resolved
023-0000-2459	Yi Yunnan	F2	F2*	5	Unresolved	F2	2	Resolved
023-0000-2461	Yi Yunnan	F2	F2*	5	Unresolved	F2	2	Resolved
023-0000-2464	Yi Yunnan	F2	F2*	5	Unresolved	F2	2	Resolved
023-0000-2465	Yi Yunnan	F2	F2*	5	Unresolved	F2	2	Resolved
023-0000-2488	Yi Yunnan	F2	F2*	5	Unresolved	F2	2	Resolved
023-0000-2526	Yi Yunnan	F2	F2*	5	Unresolved	F2	2	Resolved
023-0000-2528	Yi Yunnan	F2	F2*	5	Unresolved	F2	2	Resolved
023-0000-2550	Yi Yunnan	F2	F2*	5	Unresolved	F2	2	Resolved
023-0000-2551	Yi Yunnan	F2	F2*	5	Unresolved	F2	2	Resolved
023-0000-2473	Yi Yunnan	F2	F2*	5	Unresolved	F2	2	Resolved
023-0000-2519	Yi Yunnan	F2	F2*	5	Unresolved	F2	2	Resolved
YN-540_BB0_00	Yi Yunnan	F2	F2*	5	Unresolved	F2	2	Resolved
YN-552_BB0_00	Yi Yunnan	F2	F2*	5	Unresolved	F2	2	Resolved
YN-555_BB1_01	Yi Yunnan	F2	F2*	5	Unresolved	F2	2	Resolved
GSRD010693A01_BB0_01	Yi Yunnan	F2	F2*	5	Unresolved	F2	2	Resolved
GSRD010693A00_BB0_01	Yi Yunnan	F2	F2*	5	Unresolved	F2	2	Resolved
YN-501_BB0_00	Yi Yunnan	F2	F2*	5	Unresolved	F2	2	Resolved
111-1310-1805	Yi Yunnan	F2	F2*	5	Unresolved	F2	2	Resolved
023-0001-8726	Hani Yunnan	N1b1	N1b1*	5	Unresolved	N1b1*	4	Unresolved
023-0001-8728	Hani Yunnan	N1b1	N1b1*	5	Unresolved	N1b1*	4	Unresolved
MPG-HNZ-210A	Hani Yunnan	N1b1	N1b1*	5	Unresolved	N1b1*	4	Unresolved
MPG-HNZ-139A	Hani Yunnan	N1b1	N1b1*	5	Unresolved	N1b1*	4	Unresolved
MPG-HNZ-137A	Hani Yunnan	N1b1	N1b1*	5	Unresolved	N1b1*	4	Unresolved
MPG-HNZ-128A	Hani Yunnan	N1b1	N1b1*	5	Unresolved	N1b1*	4	Unresolved
MPG-HNZ-121A	Hani Yunnan	N1b1	N1b1*	5	Unresolved	N1b1*	4	Unresolved
MPG-HNZ-116A	Hani Yunnan	N1b1	N1b1*	5	Unresolved	N1b1*	4	Unresolved
MPG-HNZ-223A	Hani Yunnan	N1b1	N1b1*	5	Unresolved	N1b1*	4	Unresolved
YN-426_BB0_00	Hani Yunnan	N1b1	N1b1*	5	Unresolved	N1b1*	4	Unresolved
023-0000-2755	Hani Yunnan	N1b1	N1b1*	5	Unresolved	N1b1*	4	Unresolved
E250100842_L01_8064	Hani Yunnan	N1b2	N1b2*	5	Unresolved	N1b2*	4	Unresolved
E250100842_L01_8065	Hani Yunnan	N1b2	N1b2*	5	Unresolved	N1b2*	4	Unresolved
E250100842_L01_8066	Hani Yunnan	N1b2	N1b2*	5	Unresolved	N1b2*	4	Unresolved
E250100842_L01_8067	Hani Yunnan	N1b2	N1b2*	5	Unresolved	N1b2*	4	Unresolved
E250100842_L01_8068	Hani Yunnan	N1b2	N1b2*	5	Unresolved	N1b2*	4	Unresolved
E250100842_L01_8069	Hani Yunnan	N1b2	N1b2*	5	Unresolved	N1b2*	4	Unresolved
E250100842_L01_8071	Hani Yunnan	N1b2	N1b2*	5	Unresolved	N1b2*	4	Unresolved
E250100842_L01_8072	Hani Yunnan	N1b2	N1b2*	5	Unresolved	N1b2*	4	Unresolved
E250104250_L01_8073	Hani Yunnan	N1b2	N1b2*	5	Unresolved	N1b2*	4	Unresolved
E250104250_L01_8076	Hani Yunnan	N1b2	N1b2*	5	Unresolved	N1b2*	4	Unresolved
E250104250_L01_8078	Hani Yunnan	N1b2	N1b2*	5	Unresolved	N1b2*	4	Unresolved
E250104250_L01_8079	Hani Yunnan	N1b2	N1b2*	5	Unresolved	N1b2*	4	Unresolved
E250104250_L01_8080	Hani Yunnan	N1b2	N1b2*	5	Unresolved	N1b2*	4	Unresolved
E250104250_L01_8081	Hani Yunnan	N1b2	N1b2*	5	Unresolved	N1b2*	4	Unresolved
E250104250_L01_8084	Hani Yunnan	N1b2	N1b2*	5	Unresolved	N1b2*	4	Unresolved
E250104250_L01_8086	Hani Yunnan	N1b2	N1b2*	5	Unresolved	N1b2*	4	Unresolved
E250106965_L01_8088	Hani Yunnan	N1b2	N1b2*	5	Unresolved	N1b2*	4	Unresolved
E250106965_L01_8089	Hani Yunnan	N1b2	N1b2*	5	Unresolved	N1b2*	4	Unresolved
E250100842_L01_8063	Hani Yunnan	N1b2	N1b2*	5	Unresolved	N1b2*	4	Unresolved
023-0001-8725	Hani Yunnan	N1b2	N1b2*	5	Unresolved	N1b2*	4	Unresolved
023-0001-8727	Hani Yunnan	N1b2	N1b2*	5	Unresolved	N1b2*	4	Unresolved
023-0001-8730	Hani Yunnan	N1b2	N1b2*	5	Unresolved	N1b2*	4	Unresolved
023-0001-8732	Hani Yunnan	N1b2	N1b2*	5	Unresolved	N1b2*	4	Unresolved
023-0000-2768	Bai Yunnan	N1b2	N1b2*	5	Unresolved	N1b2*	4	Unresolved
023-0000-2765	Bai Yunnan	N1b2	N1b2*	5	Unresolved	N1b2*	4	Unresolved
111-1828-7146	Bai Yunnan	N1b2	N1b2*	5	Unresolved	N1b2*	4	Unresolved
111-1807-7280	Bai Yunnan	N1b2	N1b2*	5	Unresolved	N1b2*	4	Unresolved
MPG-HNZ-204A	Hani Yunnan	N1b2	N1b2*	5	Unresolved	N1b2*	4	Unresolved
MPG-HNZ-198A	Hani Yunnan	N1b2	N1b2*	5	Unresolved	N1b2*	4	Unresolved
MPG-HNZ-028A	Hani Yunnan	N1b2	N1b2*	5	Unresolved	N1b2*	4	Unresolved
MPG-HNZ-025A	Hani Yunnan	N1b2	N1b2*	5	Unresolved	N1b2*	4	Unresolved
MPG-HNZ-024A	Hani Yunnan	N1b2	N1b2*	5	Unresolved	N1b2*	4	Unresolved
MPG-HNZ-022A	Hani Yunnan	N1b2	N1b2*	5	Unresolved	N1b2*	4	Unresolved
MPG-HNZ-021A	Hani Yunnan	N1b2	N1b2*	5	Unresolved	N1b2*	4	Unresolved
MPG-HNZ-020A	Hani Yunnan	N1b2	N1b2*	5	Unresolved	N1b2*	4	Unresolved
MPG-HNZ-014A	Hani Yunnan	N1b2	N1b2*	5	Unresolved	N1b2*	4	Unresolved
E150016882_L01_751	Hani Yunnan	N1b2	N1b2*	5	Unresolved	N1b2*	4	Unresolved
E150016882_L01_750	Hani Yunnan	N1b2	N1b2*	5	Unresolved	N1b2*	4	Unresolved
E150016882_L01_743	Hani Yunnan	N1b2	N1b2*	5	Unresolved	N1b2*	4	Unresolved
E150016882_L01_740	Hani Yunnan	N1b2	N1b2*	5	Unresolved	N1b2*	4	Unresolved
E150012709_L01_750	Hani Yunnan	N1b2	N1b2*	5	Unresolved	N1b2*	4	Unresolved
E100076992_L01_751	Hani Yunnan	N1b2	N1b2*	5	Unresolved	N1b2*	4	Unresolved
E100076992_L01_743	Hani Yunnan	N1b2	N1b2*	5	Unresolved	N1b2*	4	Unresolved
E100076992_L01_740	Hani Yunnan	N1b2	N1b2*	5	Unresolved	N1b2*	4	Unresolved
MPG-HNZ-050A	Hani Yunnan	N1b2	N1b2*	5	Unresolved	N1b2*	4	Unresolved
MPG-HNZ-049A	Hani Yunnan	N1b2	N1b2*	5	Unresolved	N1b2*	4	Unresolved
MPG-HNZ-048A	Hani Yunnan	N1b2	N1b2*	5	Unresolved	N1b2*	4	Unresolved
MPG-HNZ-045A	Hani Yunnan	N1b2	N1b2*	5	Unresolved	N1b2*	4	Unresolved
MPG-HNZ-043A	Hani Yunnan	N1b2	N1b2*	5	Unresolved	N1b2*	4	Unresolved
MPG-HNZ-042A	Hani Yunnan	N1b2	N1b2*	5	Unresolved	N1b2*	4	Unresolved
E150018045_L01_753	Hani Yunnan	N1b2	N1b2*	5	Unresolved	N1b2*	4	Unresolved
E150012709_L01_756	Hani Yunnan	N1b2	N1b2*	5	Unresolved	N1b2*	4	Unresolved
E150012709_L01_753	Hani Yunnan	N1b2	N1b2*	5	Unresolved	N1b2*	4	Unresolved
MPG-HNZ-188A	Hani Yunnan	N1b2	N1b2*	5	Unresolved	N1b2*	4	Unresolved
MPG-HNZ-187A	Hani Yunnan	N1b2	N1b2*	5	Unresolved	N1b2*	4	Unresolved
MPG-HNZ-186A	Hani Yunnan	N1b2	N1b2*	5	Unresolved	N1b2*	4	Unresolved
MPG-HNZ-184A	Hani Yunnan	N1b2	N1b2*	5	Unresolved	N1b2*	4	Unresolved
MPG-HNZ-183A	Hani Yunnan	N1b2	N1b2*	5	Unresolved	N1b2*	4	Unresolved
MPG-HNZ-178A	Hani Yunnan	N1b2	N1b2*	5	Unresolved	N1b2*	4	Unresolved
MPG-HNZ-196A	Hani Yunnan	N1b2	N1b2*	5	Unresolved	N1b2*	4	Unresolved
MPG-HNZ-218A	Hani Yunnan	N1b2	N1b2*	5	Unresolved	N1b2*	4	Unresolved
MPG-HNZ-217A	Hani Yunnan	N1b2	N1b2*	5	Unresolved	N1b2*	4	Unresolved
MPG-HNZ-212A	Hani Yunnan	N1b2	N1b2*	5	Unresolved	N1b2*	4	Unresolved
MPG-HNZ-209A	Hani Yunnan	N1b2	N1b2*	5	Unresolved	N1b2*	4	Unresolved
MPG-HNZ-207A	Hani Yunnan	N1b2	N1b2*	5	Unresolved	N1b2*	4	Unresolved
MPG-HNZ-156A	Hani Yunnan	N1b2	N1b2*	5	Unresolved	N1b2*	4	Unresolved
MPG-HNZ-152A	Hani Yunnan	N1b2	N1b2*	5	Unresolved	N1b2*	4	Unresolved
MPG-HNZ-148A	Hani Yunnan	N1b2	N1b2*	5	Unresolved	N1b2*	4	Unresolved
MPG-HNZ-146A	Hani Yunnan	N1b2	N1b2*	5	Unresolved	N1b2*	4	Unresolved
MPG-HNZ-143A	Hani Yunnan	N1b2	N1b2*	5	Unresolved	N1b2*	4	Unresolved
MPG-HNZ-140A	Hani Yunnan	N1b2	N1b2*	5	Unresolved	N1b2*	4	Unresolved
MPG-HNZ-136A	Hani Yunnan	N1b2	N1b2*	5	Unresolved	N1b2*	4	Unresolved
MPG-HNZ-134A	Hani Yunnan	N1b2	N1b2*	5	Unresolved	N1b2*	4	Unresolved
MPG-HNZ-119A	Hani Yunnan	N1b2	N1b2*	5	Unresolved	N1b2*	4	Unresolved
MPG-HNZ-115A	Hani Yunnan	N1b2	N1b2*	5	Unresolved	N1b2*	4	Unresolved
MPG-HNZ-110A	Hani Yunnan	N1b2	N1b2*	5	Unresolved	N1b2*	4	Unresolved
MPG-HNZ-107A	Hani Yunnan	N1b2	N1b2*	5	Unresolved	N1b2*	4	Unresolved
MPG-HNZ-105A	Hani Yunnan	N1b2	N1b2*	5	Unresolved	N1b2*	4	Unresolved
MPG-HNZ-103A	Hani Yunnan	N1b2	N1b2*	5	Unresolved	N1b2*	4	Unresolved
MPG-HNZ-102A	Hani Yunnan	N1b2	N1b2*	5	Unresolved	N1b2*	4	Unresolved
MPG-HNZ-096A	Hani Yunnan	N1b2	N1b2*	5	Unresolved	N1b2*	4	Unresolved
MPG-HNZ-092A	Hani Yunnan	N1b2	N1b2*	5	Unresolved	N1b2*	4	Unresolved
MPG-HNZ-091A	Hani Yunnan	N1b2	N1b2*	5	Unresolved	N1b2*	4	Unresolved
MPG-HNZ-090A	Hani Yunnan	N1b2	N1b2*	5	Unresolved	N1b2*	4	Unresolved
MPG-HNZ-112A	Hani Yunnan	N1b2	N1b2*	5	Unresolved	N1b2*	4	Unresolved
MPG-HNZ-111A	Hani Yunnan	N1b2	N1b2*	5	Unresolved	N1b2*	4	Unresolved
MPG-HNZ-141A	Hani Yunnan	N1b2	N1b2*	5	Unresolved	N1b2*	4	Unresolved
MPG-HNZ-222A	Hani Yunnan	N1b2	N1b2*	5	Unresolved	N1b2*	4	Unresolved
YN-417_BB0_00	Hani Yunnan	N1b2	N1b2*	5	Unresolved	N1b2*	4	Unresolved
GSRD009261A01_BB0_01	Hani Yunnan	N1b2	N1b2*	5	Unresolved	N1b2*	4	Unresolved
GSRD009261A00_BB0_01	Hani Yunnan	N1b2	N1b2*	5	Unresolved	N1b2*	4	Unresolved
YN-529_BB0_00	Hani Yunnan	N1b2	N1b2*	5	Unresolved	N1b2*	4	Unresolved
023-0000-2736	Hani Yunnan	N1b2	N1b2*	5	Unresolved	N1b2*	4	Unresolved
023-0000-2737	Yi Yunnan	N1b2	N1b2*	5	Unresolved	N1b2*	4	Unresolved
023-0000-2720	Yi Yunnan	N1b2	N1b2*	5	Unresolved	N1b2*	4	Unresolved
023-0000-2759	Yi Yunnan	N1b2	N1b2*	5	Unresolved	N1b2*	4	Unresolved
111-1321-7254	Yi Yunnan	N1b2	N1b2*	5	Unresolved	N1b2*	4	Unresolved
GSRD009055A00_BB0_00	Yi Yunnan	O1a1a1a1	O1a1a	5	Resolved	O1a	3	Resolved
E250102278_L01_8025	Achang Yunnan	O1a1a1a1a1a1a	O1a1a	5	Resolved	O1a	3	Resolved
GSRD010689A00_BB0_01	Yi Yunnan	O1a1a1a1a1a1c3	O1a1a	5	Resolved	O1a	3	Resolved
YN-564_BB0_00	Yi Yunnan	O1a3a	O1a3a	5	Resolved	O1a	3	Resolved
E250106965_L01_8091	Lahu Yunnan	O1b1a1a1a1a1a	O1b1a	5	Resolved	O1b1a1a1a1a1a*	13	Unresolved
E250106965_L01_8093	Lahu Yunnan	O1b1a1a1a1a1a	O1b1a	5	Resolved	O1b1a1a1a1a1a*	13	Unresolved
E250106965_L01_8098	Lahu Yunnan	O1b1a1a1a1a1a	O1b1a	5	Resolved	O1b1a1a1a1a1a*	13	Unresolved
E250100914_L01_8101	Lahu Yunnan	O1b1a1a1a1a1a	O1b1a	5	Resolved	O1b1a1a1a1a1a*	13	Unresolved
MPG-HNZ-244A	Hani Yunnan	O1b1a1a1a1a1a1b1	O1b1a	5	Resolved	O1b1a1a1a1a1a1b	15	Resolved
E250105378_L01_8057	Hani Yunnan	O1b1a1a1a1a1b1b	O1b1a	5	Resolved	O1b1a1a1a1a1b	13	Resolved
023-0001-8731	Hani Yunnan	O1b1a1a1a1a1b1b	O1b1a	5	Resolved	O1b1a1a1a1a1b	13	Resolved
111-1824-9250	Bai Yunnan	O1b1a1a1a1b2a1	O1b1a	5	Resolved	O1b1a1a1a1b2a1*	14	Unresolved
111-1863-8290	Yi Yunnan	O1b1a1a1a1b2a1a1a	O1b1a	5	Resolved	O1b1a1a1a1b2a1a1a	17	Resolved
MPG-HNZ-011A	Hani Yunnan	O1b1a1a1b2	O1b1a	5	Resolved	O1b1a1a1b2	10	Resolved
111-1837-4945	Naxi Yunnan	O1b1a1b1a	O1b1a	5	Resolved	O1b1a1b	7	Resolved
E250104250_L01_8075	Hani Yunnan	O1b1a2a1	O1b1a	5	Resolved	O1b1a2	6	Resolved
YN-586_BB0_00	Bai Yunnan	O2a1b1a1a1a1a1c	O2a1b	5	Resolved	O2a1b	5	Resolved
111-1832-7804	Yi Yunnan	O2a1b1a1a1a1c1a1	O2a1b	5	Resolved	O2a1b	5	Resolved
HGDP01319	Lahu Yunnan	O2a1b1a1a1a1f1a2a	O2a1b	5	Resolved	O2a1b	5	Resolved
111-1281-0401	Yi Yunnan	O2a1b1a2a1a2b	O2a1b	5	Resolved	O2a1b	5	Resolved
E250100842_L01_8060	Hani Yunnan	O2a2a1a2a3	O2a2a	5	Resolved	O2a2a1a2a3	10	Resolved
E250105359_L01_8048	Achang Yunnan	O2a2b1a1a1	O2a2b	5	Resolved	O2a2b1a1a1*	10	Unresolved
E250102338_L01_8002	Achang Yunnan	O2a2b1a1a1	O2a2b	5	Resolved	O2a2b1a1a1*	10	Unresolved
990-0000-8505	Bai Yunnan	O2a2b1a1a1a1a1a1	O2a2b	5	Resolved	O2a2b1a1a1a1	12	Resolved
GSRD008123A00_BB0_01	Yi Yunnan	O2a2b1a1a1a1a1a2	O2a2b	5	Resolved	O2a2b1a1a1a1	12	Resolved
MPG-HNZ-202A	Hani Yunnan	O2a2b1a1a1a1a1b1a	O2a2b	5	Resolved	O2a2b1a1a1a1	12	Resolved
MPG-HNZ-200A	Hani Yunnan	O2a2b1a1a1a1a1b1a	O2a2b	5	Resolved	O2a2b1a1a1a1	12	Resolved
MPG-HNZ-199A	Hani Yunnan	O2a2b1a1a1a1a1b1a	O2a2b	5	Resolved	O2a2b1a1a1a1	12	Resolved
MPG-HNZ-213A	Hani Yunnan	O2a2b1a1a1a1a1b1a	O2a2b	5	Resolved	O2a2b1a1a1a1	12	Resolved
MPG-HNZ-118A	Hani Yunnan	O2a2b1a1a1a1a1b1a	O2a2b	5	Resolved	O2a2b1a1a1a1	12	Resolved
E250102338_L01_8003	Achang Yunnan	O2a2b1a1a1a4a	O2a2b	5	Resolved	O2a2b1a1a1a4a*	13	Unresolved
E250102338_L01_8004	Achang Yunnan	O2a2b1a1a1a4a	O2a2b	5	Resolved	O2a2b1a1a1a4a*	13	Unresolved
E250102338_L01_8013	Achang Yunnan	O2a2b1a1a1a4a	O2a2b	5	Resolved	O2a2b1a1a1a4a*	13	Unresolved
E250102338_L01_8016	Achang Yunnan	O2a2b1a1a1a4a	O2a2b	5	Resolved	O2a2b1a1a1a4a*	13	Unresolved
E250102338_L01_8018	Achang Yunnan	O2a2b1a1a1a4a	O2a2b	5	Resolved	O2a2b1a1a1a4a*	13	Unresolved
E250102338_L01_8021	Achang Yunnan	O2a2b1a1a1a4a	O2a2b	5	Resolved	O2a2b1a1a1a4a*	13	Unresolved
E250102338_L01_8023	Achang Yunnan	O2a2b1a1a1a4a	O2a2b	5	Resolved	O2a2b1a1a1a4a*	13	Unresolved
E250102278_L01_8030	Achang Yunnan	O2a2b1a1a1a4a	O2a2b	5	Resolved	O2a2b1a1a1a4a*	13	Unresolved
E250102278_L01_8035	Achang Yunnan	O2a2b1a1a1a4a	O2a2b	5	Resolved	O2a2b1a1a1a4a*	13	Unresolved
E250102278_L01_8038	Achang Yunnan	O2a2b1a1a1a4a	O2a2b	5	Resolved	O2a2b1a1a1a4a*	13	Unresolved
E250102278_L01_8041	Achang Yunnan	O2a2b1a1a1a4a	O2a2b	5	Resolved	O2a2b1a1a1a4a*	13	Unresolved
023-0001-8906	Jingpo Yunnan	O2a2b1a1a1a4a	O2a2b	5	Resolved	O2a2b1a1a1a4a*	13	Unresolved
023-0001-8907	Jingpo Yunnan	O2a2b1a1a1a4a	O2a2b	5	Resolved	O2a2b1a1a1a4a*	13	Unresolved
023-0001-8908	Jingpo Yunnan	O2a2b1a1a1a4a	O2a2b	5	Resolved	O2a2b1a1a1a4a*	13	Unresolved
023-0001-8910	Jingpo Yunnan	O2a2b1a1a1a4a	O2a2b	5	Resolved	O2a2b1a1a1a4a*	13	Unresolved
023-0001-8911	Jingpo Yunnan	O2a2b1a1a1a4a	O2a2b	5	Resolved	O2a2b1a1a1a4a*	13	Unresolved
023-0001-8912	Jingpo Yunnan	O2a2b1a1a1a4a	O2a2b	5	Resolved	O2a2b1a1a1a4a*	13	Unresolved
023-0001-8913	Jingpo Yunnan	O2a2b1a1a1a4a	O2a2b	5	Resolved	O2a2b1a1a1a4a*	13	Unresolved
023-0001-8915	Jingpo Yunnan	O2a2b1a1a1a4a	O2a2b	5	Resolved	O2a2b1a1a1a4a*	13	Unresolved
023-0001-8916	Jingpo Yunnan	O2a2b1a1a1a4a	O2a2b	5	Resolved	O2a2b1a1a1a4a*	13	Unresolved
023-0001-8918	Jingpo Yunnan	O2a2b1a1a1a4a	O2a2b	5	Resolved	O2a2b1a1a1a4a*	13	Unresolved
023-0001-8919	Jingpo Yunnan	O2a2b1a1a1a4a	O2a2b	5	Resolved	O2a2b1a1a1a4a*	13	Unresolved
023-0001-8920	Jingpo Yunnan	O2a2b1a1a1a4a	O2a2b	5	Resolved	O2a2b1a1a1a4a*	13	Unresolved
023-0001-8921	Jingpo Yunnan	O2a2b1a1a1a4a	O2a2b	5	Resolved	O2a2b1a1a1a4a*	13	Unresolved
023-0001-8922	Jingpo Yunnan	O2a2b1a1a1a4a	O2a2b	5	Resolved	O2a2b1a1a1a4a*	13	Unresolved
023-0001-8923	Jingpo Yunnan	O2a2b1a1a1a4a	O2a2b	5	Resolved	O2a2b1a1a1a4a*	13	Unresolved
023-0001-8924	Jingpo Yunnan	O2a2b1a1a1a4a	O2a2b	5	Resolved	O2a2b1a1a1a4a*	13	Unresolved
023-0001-8926	Jingpo Yunnan	O2a2b1a1a1a4a	O2a2b	5	Resolved	O2a2b1a1a1a4a*	13	Unresolved
023-0001-8927	Jingpo Yunnan	O2a2b1a1a1a4a	O2a2b	5	Resolved	O2a2b1a1a1a4a*	13	Unresolved
023-0001-8928	Jingpo Yunnan	O2a2b1a1a1a4a	O2a2b	5	Resolved	O2a2b1a1a1a4a*	13	Unresolved
023-0001-8929	Jingpo Yunnan	O2a2b1a1a1a4a	O2a2b	5	Resolved	O2a2b1a1a1a4a*	13	Unresolved
023-0001-8930	Jingpo Yunnan	O2a2b1a1a1a4a	O2a2b	5	Resolved	O2a2b1a1a1a4a*	13	Unresolved
023-0001-8931	Jingpo Yunnan	O2a2b1a1a1a4a	O2a2b	5	Resolved	O2a2b1a1a1a4a*	13	Unresolved
E250104257_L01_8114	Pumi Yunnan	O2a2b1a1a1a4a	O2a2b	5	Resolved	O2a2b1a1a1a4a*	13	Unresolved
E250104246_L01_8116	Pumi Yunnan	O2a2b1a1a1a4a	O2a2b	5	Resolved	O2a2b1a1a1a4a*	13	Unresolved
E250104246_L01_8125	Pumi Yunnan	O2a2b1a1a1a4a	O2a2b	5	Resolved	O2a2b1a1a1a4a*	13	Unresolved
E250104246_L01_8126	Pumi Yunnan	O2a2b1a1a1a4a	O2a2b	5	Resolved	O2a2b1a1a1a4a*	13	Unresolved
MPG-HNZ-203A	Hani Yunnan	O2a2b1a1a1a4a	O2a2b	5	Resolved	O2a2b1a1a1a4a*	13	Unresolved
MPG-HNZ-176A	Hani Yunnan	O2a2b1a1a1a4a	O2a2b	5	Resolved	O2a2b1a1a1a4a*	13	Unresolved
GSRD009476A01_BB0_01	Yi Yunnan	O2a2b1a1a1a4a	O2a2b	5	Resolved	O2a2b1a1a1a4a*	13	Unresolved
023-0001-8723	Hani Yunnan	O2a2b1a1a1a4a2	O2a2b	5	Resolved	O2a2b1a1a1a4a2*	14	Unresolved
E250106965_L01_8092	Lahu Yunnan	O2a2b1a1a1a4a2	O2a2b	5	Resolved	O2a2b1a1a1a4a2*	14	Unresolved
E250106965_L01_8265	Lahu Yunnan	O2a2b1a1a1a4a2	O2a2b	5	Resolved	O2a2b1a1a1a4a2*	14	Unresolved
E250100914_L01_8103	Lahu Yunnan	O2a2b1a1a1a4a2	O2a2b	5	Resolved	O2a2b1a1a1a4a2*	14	Unresolved
E250100914_L01_8121	Lahu Yunnan	O2a2b1a1a1a4a2	O2a2b	5	Resolved	O2a2b1a1a1a4a2*	14	Unresolved
023-0001-8914	Jingpo Yunnan	O2a2b1a1a1a4a2a	O2a2b	5	Resolved	O2a2b1a1a1a4a2a*	15	Unresolved
YN-577_BB1_01	Bai Yunnan	O2a2b1a1a1a4a2a	O2a2b	5	Resolved	O2a2b1a1a1a4a2a*	15	Unresolved
E250102338_L01_8001	Achang Yunnan	O2a2b1a1a1a4a2a3	O2a2b	5	Resolved	O2a2b1a1a1a4a2a3	16	Resolved
E250102338_L01_8014	Achang Yunnan	O2a2b1a1a1a4a2a3	O2a2b	5	Resolved	O2a2b1a1a1a4a2a3	16	Resolved
E250102338_L01_8015	Achang Yunnan	O2a2b1a1a1a4a2a3	O2a2b	5	Resolved	O2a2b1a1a1a4a2a3	16	Resolved
E250102338_L01_8022	Achang Yunnan	O2a2b1a1a1a4a2a3	O2a2b	5	Resolved	O2a2b1a1a1a4a2a3	16	Resolved
E250102278_L01_8026	Achang Yunnan	O2a2b1a1a1a4a2a3	O2a2b	5	Resolved	O2a2b1a1a1a4a2a3	16	Resolved
E250102278_L01_8028	Achang Yunnan	O2a2b1a1a1a4a2a3	O2a2b	5	Resolved	O2a2b1a1a1a4a2a3	16	Resolved
E250102278_L01_8029	Achang Yunnan	O2a2b1a1a1a4a2a3	O2a2b	5	Resolved	O2a2b1a1a1a4a2a3	16	Resolved
E250102278_L01_8032	Achang Yunnan	O2a2b1a1a1a4a2a3	O2a2b	5	Resolved	O2a2b1a1a1a4a2a3	16	Resolved
E250102278_L01_8033	Achang Yunnan	O2a2b1a1a1a4a2a3	O2a2b	5	Resolved	O2a2b1a1a1a4a2a3	16	Resolved
E250102278_L01_8034	Achang Yunnan	O2a2b1a1a1a4a2a3	O2a2b	5	Resolved	O2a2b1a1a1a4a2a3	16	Resolved
E250102278_L01_8036	Achang Yunnan	O2a2b1a1a1a4a2a3	O2a2b	5	Resolved	O2a2b1a1a1a4a2a3	16	Resolved
E250104257_L01_8101	Pumi Yunnan	O2a2b1a1a1a4a2a3	O2a2b	5	Resolved	O2a2b1a1a1a4a2a3	16	Resolved
E250104257_L01_8102	Pumi Yunnan	O2a2b1a1a1a4a2a3	O2a2b	5	Resolved	O2a2b1a1a1a4a2a3	16	Resolved
E250104257_L01_8104	Pumi Yunnan	O2a2b1a1a1a4a2a3	O2a2b	5	Resolved	O2a2b1a1a1a4a2a3	16	Resolved
E250104246_L01_8115	Pumi Yunnan	O2a2b1a1a1a4a2a3	O2a2b	5	Resolved	O2a2b1a1a1a4a2a3	16	Resolved
E250104246_L01_8123	Pumi Yunnan	O2a2b1a1a1a4a2a3	O2a2b	5	Resolved	O2a2b1a1a1a4a2a3	16	Resolved
E250105359_L01_8050	Pumi Yunnan	O2a2b1a1a1a4a2a3	O2a2b	5	Resolved	O2a2b1a1a1a4a2a3	16	Resolved
E250105359_L01_8051	Pumi Yunnan	O2a2b1a1a1a4a2a3	O2a2b	5	Resolved	O2a2b1a1a1a4a2a3	16	Resolved
111-1722-9123	Bai Yunnan	O2a2b1a1a1c1a1a	O2a2b	5	Resolved	O2a2b1a1a1c	11	Resolved
E250104257_L01_8103	Pumi Yunnan	O2a2b1a1a1c1a1a1	O2a2b	5	Resolved	O2a2b1a1a1c	11	Resolved
E250104246_L01_8121	Pumi Yunnan	O2a2b1a1a1c1a1a1	O2a2b	5	Resolved	O2a2b1a1a1c	11	Resolved
E250104246_L01_8122	Pumi Yunnan	O2a2b1a1a1c1a1a1	O2a2b	5	Resolved	O2a2b1a1a1c	11	Resolved
111-1200-0949	Yi Yunnan	O2a2b1a1a1c1a1a1	O2a2b	5	Resolved	O2a2b1a1a1c	11	Resolved
111-1216-6508	Pumi Yunnan	O2a2b1a2a1a1a1a1a1a	O2a2b	5	Resolved	O2a2b1a2	8	Resolved
111-1272-2537	Yi Yunnan	O2a2b1a2a1a1a1a1a1a1a	O2a2b	5	Resolved	O2a2b1a2	8	Resolved
E250105359_L01_8052	Pumi Yunnan	O2a2b1a2a1a1a2	O2a2b	5	Resolved	O2a2b1a2	8	Resolved
111-1273-7746	Bai Yunnan	O2a2b1a2a1a1a2	O2a2b	5	Resolved	O2a2b1a2	8	Resolved
HGDP01326	Lahu Yunnan	O2a2b1a2a1a1a2a1a1a	O2a2b	5	Resolved	O2a2b1a2	8	Resolved
GSRD003522A00_BB0_01	Yi Yunnan	O2a2b1a2a1a1a2a1a1a	O2a2b	5	Resolved	O2a2b1a2	8	Resolved
MPG-HNZ-142A	Hani Yunnan	O2a2b1a2a1a1b	O2a2b	5	Resolved	O2a2b1a2	8	Resolved
111-1508-9712	Bai Yunnan	O2a2b1a2a1a1b1b2b1a	O2a2b	5	Resolved	O2a2b1a2	8	Resolved
E250102278_L01_8039	Achang Yunnan	O2a2b1a2a1a4a1	O2a2b	5	Resolved	O2a2b1a2	8	Resolved
GSRD009645A01_BB0_01	Yi Yunnan	O2a2b2b1a	O2a2b	5	Resolved	O2a2b2b	7	Resolved
E250100842_L01_8070	Hani Yunnan	Q1a1a1	Q1a1a	5	Resolved	Q1a1a1*	6	Unresolved
E250104250_L01_8074	Hani Yunnan	Q1a1a1	Q1a1a	5	Resolved	Q1a1a1*	6	Unresolved
E250104250_L01_8077	Hani Yunnan	Q1a1a1	Q1a1a	5	Resolved	Q1a1a1*	6	Unresolved
E250104250_L01_8082	Hani Yunnan	Q1a1a1	Q1a1a	5	Resolved	Q1a1a1*	6	Unresolved
E250104250_L01_8085	Hani Yunnan	Q1a1a1	Q1a1a	5	Resolved	Q1a1a1*	6	Unresolved
E250106965_L01_8087	Hani Yunnan	Q1a1a1	Q1a1a	5	Resolved	Q1a1a1*	6	Unresolved
MPG-HNZ-205A	Hani Yunnan	Q1a1a1	Q1a1a	5	Resolved	Q1a1a1*	6	Unresolved
MPG-HNZ-150A	Hani Yunnan	Q1a1a1	Q1a1a	5	Resolved	Q1a1a1*	6	Unresolved
MPG-HNZ-271A	Hani Yunnan	Q1a1a1	Q1a1a	5	Resolved	Q1a1a1*	6	Unresolved
MPG-HNZ-189A	Hani Yunnan	Q1a1a1	Q1a1a	5	Resolved	Q1a1a1*	6	Unresolved
MPG-HNZ-185A	Hani Yunnan	Q1a1a1	Q1a1a	5	Resolved	Q1a1a1*	6	Unresolved
MPG-HNZ-175A	Hani Yunnan	Q1a1a1	Q1a1a	5	Resolved	Q1a1a1*	6	Unresolved
MPG-HNZ-169A	Hani Yunnan	Q1a1a1	Q1a1a	5	Resolved	Q1a1a1*	6	Unresolved
MPG-HNZ-168A	Hani Yunnan	Q1a1a1	Q1a1a	5	Resolved	Q1a1a1*	6	Unresolved
MPG-HNZ-166A	Hani Yunnan	Q1a1a1	Q1a1a	5	Resolved	Q1a1a1*	6	Unresolved
MPG-HNZ-165A	Hani Yunnan	Q1a1a1	Q1a1a	5	Resolved	Q1a1a1*	6	Unresolved
MPG-HNZ-164A	Hani Yunnan	Q1a1a1	Q1a1a	5	Resolved	Q1a1a1*	6	Unresolved
MPG-HNZ-162A	Hani Yunnan	Q1a1a1	Q1a1a	5	Resolved	Q1a1a1*	6	Unresolved
MPG-HNZ-160A	Hani Yunnan	Q1a1a1	Q1a1a	5	Resolved	Q1a1a1*	6	Unresolved
MPG-HNZ-195A	Hani Yunnan	Q1a1a1	Q1a1a	5	Resolved	Q1a1a1*	6	Unresolved
MPG-HNZ-192A	Hani Yunnan	Q1a1a1	Q1a1a	5	Resolved	Q1a1a1*	6	Unresolved
MPG-HNZ-191A	Hani Yunnan	Q1a1a1	Q1a1a	5	Resolved	Q1a1a1*	6	Unresolved
MPG-HNZ-190A	Hani Yunnan	Q1a1a1	Q1a1a	5	Resolved	Q1a1a1*	6	Unresolved
MPG-HNZ-155A	Hani Yunnan	Q1a1a1	Q1a1a	5	Resolved	Q1a1a1*	6	Unresolved
MPG-HNZ-109A	Hani Yunnan	Q1a1a1	Q1a1a	5	Resolved	Q1a1a1*	6	Unresolved
MPG-HNZ-227A	Hani Yunnan	Q1a1a1	Q1a1a	5	Resolved	Q1a1a1*	6	Unresolved
MPG-HNZ-231A	Hani Yunnan	Q1a1a1	Q1a1a	5	Resolved	Q1a1a1*	6	Unresolved
MPG-HNZ-224A	Hani Yunnan	Q1a1a1	Q1a1a	5	Resolved	Q1a1a1*	6	Unresolved
MPG-HNZ-221A	Hani Yunnan	Q1a1a1	Q1a1a	5	Resolved	Q1a1a1*	6	Unresolved
MPG-HNZ-233A	Hani Yunnan	Q1a1a1	Q1a1a	5	Resolved	Q1a1a1*	6	Unresolved
MPG-HNZ-232A	Hani Yunnan	Q1a1a1	Q1a1a	5	Resolved	Q1a1a1*	6	Unresolved
MPG-HNZ-234A	Hani Yunnan	Q1a1a1	Q1a1a	5	Resolved	Q1a1a1*	6	Unresolved
MPG-HNZ-225A	Hani Yunnan	Q1a1a1	Q1a1a	5	Resolved	Q1a1a1*	6	Unresolved
MPG-HNZ-263A	Hani Yunnan	Q1a1a1	Q1a1a	5	Resolved	Q1a1a1*	6	Unresolved
MPG-HNZ-242A	Hani Yunnan	Q1a1a1	Q1a1a	5	Resolved	Q1a1a1*	6	Unresolved
MPG-HNZ-239A	Hani Yunnan	Q1a1a1	Q1a1a	5	Resolved	Q1a1a1*	6	Unresolved
MPG-HNZ-238A	Hani Yunnan	Q1a1a1	Q1a1a	5	Resolved	Q1a1a1*	6	Unresolved
MPG-HNZ-237A	Hani Yunnan	Q1a1a1	Q1a1a	5	Resolved	Q1a1a1*	6	Unresolved
YN-474_BB0_00	Hani Yunnan	Q1a1a1	Q1a1a	5	Resolved	Q1a1a1*	6	Unresolved
GSRD009315A00_BB0_01	Yi Yunnan	R1a1a1b2a2b2	R1a1a	5	Resolved	R1a1a1b2	8	Resolved
2W081709222177	Va Yunnan	N1b2	N1b2*	5	Unresolved	N1b2*	4	Unresolved
2W261709241932	Va Yunnan	N1b2	N1b2*	5	Unresolved	N1b2*	4	Unresolved
2W401709222976	Blang Yunnan	O1b1a1a1b1a	O1b1a	5	Resolved	O1b1a1a1b1a	11	Resolved
2W791709241491	Blang Yunnan	O1b1a1a1b1a	O1b1a	5	Resolved	O1b1a1a1b1a	11	Resolved
2W051709229263	Blang Yunnan	O1b1a1a1b1c	O1b1a	5	Resolved	O1b1a1a1b1c	11	Resolved
2W441709229267	Blang Yunnan	O1b1a1a1b1c	O1b1a	5	Resolved	O1b1a1a1b1c	11	Resolved
111-1857-8503	Miao Yunnan	O1b1a1a1a1b1a1a1a3	O1b1a	5	Resolved	O1b1a1a1a1b1	12	Resolved
111-1589-8581	Han Yunnan	C1b1a2b	C1b1a	5	Resolved	C1b1a2	6	Resolved
111-1584-0337	Han Yunnan	C1b1a2b	C1b1a	5	Resolved	C1b1a2	6	Resolved
000-0500-2133	Han Yunnan	C2a1a1b1a	C2a1a	5	Resolved	C2a	3	Resolved
GSRD011864A01_BB0_01	Han Yunnan	C2a1a1b1a4	C2a1a	5	Resolved	C2a	3	Resolved
111-1692-5330	Han Yunnan	C2a1a1b1a4	C2a1a	5	Resolved	C2a	3	Resolved
YN-430_BB0_00	Han Yunnan	C2b1a1a1	C2b1a	5	Resolved	C2b1a1a	7	Resolved
GSRD012575A00_BB0_01	Han Yunnan	C2b1a1a1	C2b1a	5	Resolved	C2b1a1a	7	Resolved
GSRD012575A01_BB0_01	Han Yunnan	C2b1a1a1	C2b1a	5	Resolved	C2b1a1a	7	Resolved
GSRD009063A00_BB0_00	Han Yunnan	C2b1a1a1	C2b1a	5	Resolved	C2b1a1a	7	Resolved
111-1917-7408	Han Yunnan	C2b1a1a1a1	C2b1a	5	Resolved	C2b1a1a	7	Resolved
111-1723-2543	Han Yunnan	C2b1a1a1b	C2b1a	5	Resolved	C2b1a1a	7	Resolved
111-1823-2580	Han Yunnan	C2b1a2a1a1	C2b1a	5	Resolved	C2b1a2	6	Resolved
111-1886-7218	Han Yunnan	C2b1b1	C2b1b	5	Resolved	C2b1b	5	Resolved
023-0000-2455	Han Yunnan	C2b1b1	C2b1b	5	Resolved	C2b1b	5	Resolved
111-1793-3327	Han Yunnan	C2b1b1b	C2b1b	5	Resolved	C2b1b	5	Resolved
GSRD009170A00_BB0_01	Han Yunnan	C2b1b1b	C2b1b	5	Resolved	C2b1b	5	Resolved
GSRD009170A01_BB0_01	Han Yunnan	C2b1b1b	C2b1b	5	Resolved	C2b1b	5	Resolved
111-1852-4982	Han Yunnan	C2b1b1b2	C2b1b	5	Resolved	C2b1b	5	Resolved
111-1746-7242	Han Yunnan	C2b1b1g2	C2b1b	5	Resolved	C2b1b	5	Resolved
111-1801-6968	Han Yunnan	C2b2	C2b2*	5	Unresolved	C2b2	4	Resolved
111-1891-1256	Han Yunnan	D1a1a1a1b	D1a1a	5	Resolved	D1a1a1a1b*	9	Unresolved
YN-305_BB0_00	Han Yunnan	D1a1a1a1b	D1a1a	5	Resolved	D1a1a1a1b*	9	Unresolved
GSRD010695A01_BB0_01	Han Yunnan	D1a1b1a	D1a1b	5	Resolved	D1a1b	5	Resolved
111-1303-9023	Han Yunnan	F2	F2*	5	Unresolved	F2	2	Resolved
111-1925-2761	Han Yunnan	F2	F2*	5	Unresolved	F2	2	Resolved
023-0000-2479	Han Yunnan	F2	F2*	5	Unresolved	F2	2	Resolved
023-0000-2481	Han Yunnan	F2	F2*	5	Unresolved	F2	2	Resolved
023-0000-2513	Han Yunnan	F2	F2*	5	Unresolved	F2	2	Resolved
023-0000-2537	Han Yunnan	F2	F2*	5	Unresolved	F2	2	Resolved
023-0000-2556	Han Yunnan	F2	F2*	5	Unresolved	F2	2	Resolved
023-0000-2452	Han Yunnan	F2	F2*	5	Unresolved	F2	2	Resolved
023-0000-2458	Han Yunnan	F2	F2*	5	Unresolved	F2	2	Resolved
023-0000-2469	Han Yunnan	F2	F2*	5	Unresolved	F2	2	Resolved
023-0000-2491	Han Yunnan	F2	F2*	5	Unresolved	F2	2	Resolved
023-0000-2502	Han Yunnan	F2	F2*	5	Unresolved	F2	2	Resolved
023-0000-2517	Han Yunnan	F2	F2*	5	Unresolved	F2	2	Resolved
023-0000-2518	Han Yunnan	F2	F2*	5	Unresolved	F2	2	Resolved
023-0000-2525	Han Yunnan	F2	F2*	5	Unresolved	F2	2	Resolved
023-0000-2527	Han Yunnan	F2	F2*	5	Unresolved	F2	2	Resolved
023-0000-2535	Han Yunnan	F2	F2*	5	Unresolved	F2	2	Resolved
023-0000-2552	Han Yunnan	F2	F2*	5	Unresolved	F2	2	Resolved
023-0000-2555	Han Yunnan	F2	F2*	5	Unresolved	F2	2	Resolved
023-0000-2559	Han Yunnan	F2	F2*	5	Unresolved	F2	2	Resolved
023-0000-2504	Han Yunnan	F2	F2*	5	Unresolved	F2	2	Resolved
023-0000-2449	Han Yunnan	F2	F2*	5	Unresolved	F2	2	Resolved
023-0000-2510	Han Yunnan	F2	F2*	5	Unresolved	F2	2	Resolved
023-0000-2529	Han Yunnan	F2	F2*	5	Unresolved	F2	2	Resolved
023-0000-2482	Han Yunnan	F2	F2*	5	Unresolved	F2	2	Resolved
023-0000-2520	Han Yunnan	F2	F2*	5	Unresolved	F2	2	Resolved
023-0000-2561	Han Yunnan	F2	F2*	5	Unresolved	F2	2	Resolved
023-0000-2514	Han Yunnan	F2	F2*	5	Unresolved	F2	2	Resolved
111-1856-1574	Han Yunnan	F2	F2*	5	Unresolved	F2	2	Resolved
111-1765-4826	Han Yunnan	F2	F2*	5	Unresolved	F2	2	Resolved
YN-421_BB0_00	Han Yunnan	N1a1a1a1a1a1a1a	N1a1a	5	Resolved	N1a1a1	6	Resolved
GSRD010026A01_BB1_01	Han Yunnan	N1a1a3	N1a1a	5	Resolved	N1a1a3	6	Resolved
111-1913-6627	Han Yunnan	N1a2a1	N1a2a	5	Resolved	N1a2	4	Resolved
111-1816-1507	Han Yunnan	N1a2a1a2	N1a2a	5	Resolved	N1a2	4	Resolved
111-1823-5390	Han Yunnan	N1a2a1a2	N1a2a	5	Resolved	N1a2	4	Resolved
111-1766-0308	Han Yunnan	N1a3	N1a3*	5	Unresolved	N1a3	4	Resolved
111-1859-3728	Han Yunnan	N1b1	N1b1*	5	Unresolved	N1b1*	4	Unresolved
023-0000-2524	Han Yunnan	N1b1	N1b1*	5	Unresolved	N1b1*	4	Unresolved
023-0000-2750	Han Yunnan	N1b1	N1b1*	5	Unresolved	N1b1*	4	Unresolved
023-0000-2733	Han Yunnan	N1b1a1	N1b1a	5	Resolved	N1b1a	5	Resolved
111-1845-2131	Han Yunnan	N1b1a1b	N1b1a	5	Resolved	N1b1a	5	Resolved
023-0000-2726	Han Yunnan	N1b1a2b	N1b1a	5	Resolved	N1b1a	5	Resolved
023-0000-2766	Han Yunnan	N1b1a2b	N1b1a	5	Resolved	N1b1a	5	Resolved
023-0000-2721	Han Yunnan	N1b1b	N1b1b	5	Resolved	N1b1b	5	Resolved
023-0000-2716	Han Yunnan	N1b1b1	N1b1b	5	Resolved	N1b1b	5	Resolved
111-1842-0512	Han Yunnan	N1b2	N1b2*	5	Unresolved	N1b2*	4	Unresolved
111-1867-9972	Han Yunnan	N1b2	N1b2*	5	Unresolved	N1b2*	4	Unresolved
023-0000-2718	Han Yunnan	N1b2	N1b2*	5	Unresolved	N1b2*	4	Unresolved
023-0000-2731	Han Yunnan	N1b2	N1b2*	5	Unresolved	N1b2*	4	Unresolved
023-0000-2752	Han Yunnan	N1b2	N1b2*	5	Unresolved	N1b2*	4	Unresolved
023-0000-2719	Han Yunnan	N1b2	N1b2*	5	Unresolved	N1b2*	4	Unresolved
023-0000-2739	Han Yunnan	N1b2	N1b2*	5	Unresolved	N1b2*	4	Unresolved
023-0000-2727	Han Yunnan	N1b2	N1b2*	5	Unresolved	N1b2*	4	Unresolved
111-1691-1425	Han Yunnan	N1b2	N1b2*	5	Unresolved	N1b2*	4	Unresolved
111-1642-7667	Han Yunnan	N1b2	N1b2*	5	Unresolved	N1b2*	4	Unresolved
YN-016_BB0_00	Han Yunnan	N1b2	N1b2*	5	Unresolved	N1b2*	4	Unresolved
GSRD009644A00_BB0_01	Han Yunnan	N1b2	N1b2*	5	Unresolved	N1b2*	4	Unresolved
GSRD009644A01_BB0_01	Han Yunnan	N1b2	N1b2*	5	Unresolved	N1b2*	4	Unresolved
GSRD012809A01_BB0_00	Han Yunnan	N1b2	N1b2*	5	Unresolved	N1b2*	4	Unresolved
111-1837-7731	Han Yunnan	N1b2a	N1b2a	5	Resolved	N1b2a	5	Resolved
111-1823-3754	Han Yunnan	N1b2a1a	N1b2a	5	Resolved	N1b2a	5	Resolved
111-1642-0958	Han Yunnan	O1a1a1a1	O1a1a	5	Resolved	O1a	3	Resolved
YN-126_BB0_00	Han Yunnan	O1a1a1a1a1a1	O1a1a	5	Resolved	O1a	3	Resolved
GSRD009642A00_BB0_01	Han Yunnan	O1a1a1a1a1a1	O1a1a	5	Resolved	O1a	3	Resolved
GSRD009642A01_BB0_01	Han Yunnan	O1a1a1a1a1a1	O1a1a	5	Resolved	O1a	3	Resolved
GSRD010691A01_BB0_01	Han Yunnan	O1a1a1a1a1a1a1c	O1a1a	5	Resolved	O1a	3	Resolved
111-1830-3310	Han Yunnan	O1a1a1a1a1a1a4a	O1a1a	5	Resolved	O1a	3	Resolved
GSRD012573A00_BB0_01	Han Yunnan	O1a1a1a1a1a1a4a	O1a1a	5	Resolved	O1a	3	Resolved
GSRD012573A01_BB0_01	Han Yunnan	O1a1a1a1a1a1a4a	O1a1a	5	Resolved	O1a	3	Resolved
111-1654-0342	Han Yunnan	O1a1a1a1a1a1a6	O1a1a	5	Resolved	O1a	3	Resolved
111-1663-8650	Han Yunnan	O1a1a1a1a1a1a8	O1a1a	5	Resolved	O1a	3	Resolved
GSRD011608A00_BB0_01	Han Yunnan	O1a1a1a1a1a1b	O1a1a	5	Resolved	O1a	3	Resolved
111-1909-5139	Han Yunnan	O1a1a1a1a1a1d2	O1a1a	5	Resolved	O1a	3	Resolved
111-1831-9618	Han Yunnan	O1a1a1a1a1a1e2a	O1a1a	5	Resolved	O1a	3	Resolved
GSRD009171A00_BB0_01	Han Yunnan	O1a1a1a3	O1a1a	5	Resolved	O1a	3	Resolved
111-1875-2323	Han Yunnan	O1a1a1b1	O1a1a	5	Resolved	O1a	3	Resolved
GSRD010025A00_BB0_01	Han Yunnan	O1a1a1b1	O1a1a	5	Resolved	O1a	3	Resolved
GSRD010025A01_BB0_01	Han Yunnan	O1a1a1b1	O1a1a	5	Resolved	O1a	3	Resolved
111-1727-4079	Han Yunnan	O1a1a1b1b	O1a1a	5	Resolved	O1a	3	Resolved
111-1821-7167	Han Yunnan	O1a1a1b1b1a	O1a1a	5	Resolved	O1a	3	Resolved
GSRD012083A01_BB0_01	Han Yunnan	O1a1a2a1a1a	O1a1a	5	Resolved	O1a	3	Resolved
111-1767-7092	Han Yunnan	O1a1a2a2	O1a1a	5	Resolved	O1a	3	Resolved
111-1767-1373	Han Yunnan	O1a1a2a2	O1a1a	5	Resolved	O1a	3	Resolved
111-1724-9312	Han Yunnan	O1a1a2a2	O1a1a	5	Resolved	O1a	3	Resolved
111-1697-7094	Han Yunnan	O1a1b1a2	O1a1b	5	Resolved	O1a	3	Resolved
111-1850-4663	Han Yunnan	O1a3	O1a3*	5	Unresolved	O1a	3	Resolved
111-1368-6951	Han Yunnan	O1a3a	O1a3a	5	Resolved	O1a	3	Resolved
111-1219-1777	Han Yunnan	O1b1	O1b1*	5	Unresolved	O1b1*	4	Unresolved
111-1411-0158	Han Yunnan	O1b1a1a1a1a1a	O1b1a	5	Resolved	O1b1a1a1a1a1a*	13	Unresolved
GSRD010312A00_BB0_01	Han Yunnan	O1b1a1a1a1a1a1a1a1a1	O1b1a	5	Resolved	O1b1a1a1a1a1a1a1	16	Resolved
GSRD010312A01_BB0_01	Han Yunnan	O1b1a1a1a1a1a1a1a1a1	O1b1a	5	Resolved	O1b1a1a1a1a1a1a1	16	Resolved
111-1912-3139	Han Yunnan	O1b1a1a1a1a1b1a1a1	O1b1a	5	Resolved	O1b1a1a1a1a1b	13	Resolved
111-1550-7278	Han Yunnan	O1b1a1a1a1b1a1a1a1	O1b1a	5	Resolved	O1b1a1a1a1b1	12	Resolved
111-1898-7213	Han Yunnan	O1b1a1a1a1b1a1a1a1c1a	O1b1a	5	Resolved	O1b1a1a1a1b1	12	Resolved
990-0012-0924	Han Yunnan	O1b1a1a1a1b1a1a1a2	O1b1a	5	Resolved	O1b1a1a1a1b1	12	Resolved
111-1490-6782	Han Yunnan	O1b1a1a1a1b1a1a1a2a	O1b1a	5	Resolved	O1b1a1a1a1b1	12	Resolved
111-1822-7111	Han Yunnan	O1b1a1a1a1b1a1a2	O1b1a	5	Resolved	O1b1a1a1a1b1	12	Resolved
GSRD010712A00_BB0_01	Han Yunnan	O1b1a1a1a1b2a1	O1b1a	5	Resolved	O1b1a1a1a1b2a1*	14	Unresolved
111-1862-7881	Han Yunnan	O1b1a1a1a1b2a1a1a	O1b1a	5	Resolved	O1b1a1a1a1b2a1a1a	17	Resolved
GSRD012099A00_BB0_01	Han Yunnan	O1b1a1a1b2	O1b1a	5	Resolved	O1b1a1a1b2	10	Resolved
111-1786-8292	Han Yunnan	O1b1a1b	O1b1a	5	Resolved	O1b1a1b	7	Resolved
111-1894-7569	Han Yunnan	O1b1a1b1a1a1	O1b1a	5	Resolved	O1b1a1b	7	Resolved
111-1899-7052	Han Yunnan	O1b1a1b1a1a1	O1b1a	5	Resolved	O1b1a1b	7	Resolved
111-1255-6200	Han Yunnan	O1b1a2a1	O1b1a	5	Resolved	O1b1a2	6	Resolved
111-1843-8890	Han Yunnan	O1b1a2a1	O1b1a	5	Resolved	O1b1a2	6	Resolved
111-1854-9961	Han Yunnan	O1b1a2a1	O1b1a	5	Resolved	O1b1a2	6	Resolved
GSRD008883A00_BB0_01	Han Yunnan	O2a1a1a1a1a2a	O2a1a	5	Resolved	O2a1a	5	Resolved
YN-268_BB0_00	Han Yunnan	O2a1a1a1a1a2a	O2a1a	5	Resolved	O2a1a	5	Resolved
GSRD008883A01_BB0_01	Han Yunnan	O2a1a1a1a1a2a	O2a1a	5	Resolved	O2a1a	5	Resolved
111-1675-5890	Han Yunnan	O2a1a1a1a2	O2a1a	5	Resolved	O2a1a	5	Resolved
111-1427-8544	Han Yunnan	O2a1a1b1a1	O2a1a	5	Resolved	O2a1a	5	Resolved
GSRD009477A01_BB0_01	Han Yunnan	O2a1a1b1a1a	O2a1a	5	Resolved	O2a1a	5	Resolved
111-1242-9191	Han Yunnan	O2a1a1b2	O2a1a	5	Resolved	O2a1a	5	Resolved
111-1805-9934	Han Yunnan	O2a1b1a1a1a1	O2a1b	5	Resolved	O2a1b	5	Resolved
GSRD010686A00_BB0_01	Han Yunnan	O2a1b1a1a1a1a1a1a1a2a	O2a1b	5	Resolved	O2a1b	5	Resolved
111-1851-1272	Han Yunnan	O2a1b1a1a1a1a1b1a1	O2a1b	5	Resolved	O2a1b	5	Resolved
111-1839-2697	Han Yunnan	O2a1b1a1a1a1a1b1a1	O2a1b	5	Resolved	O2a1b	5	Resolved
GSRD009314A00_BB0_01	Han Yunnan	O2a1b1a1a1a1a1b1a1	O2a1b	5	Resolved	O2a1b	5	Resolved
111-1765-6325	Han Yunnan	O2a1b1a1a1a1a1b1a2	O2a1b	5	Resolved	O2a1b	5	Resolved
111-1696-1581	Han Yunnan	O2a1b1a1a1a1a2	O2a1b	5	Resolved	O2a1b	5	Resolved
111-1841-8939	Han Yunnan	O2a1b1a1a1a1b1a1d1a	O2a1b	5	Resolved	O2a1b	5	Resolved
111-1543-1979	Han Yunnan	O2a1b1a1a1a1d	O2a1b	5	Resolved	O2a1b	5	Resolved
111-1813-8653	Han Yunnan	O2a1b1a1a1a1d	O2a1b	5	Resolved	O2a1b	5	Resolved
111-1840-7889	Han Yunnan	O2a1b1a1a1a1e1a1	O2a1b	5	Resolved	O2a1b	5	Resolved
111-1894-3264	Han Yunnan	O2a1b1a1a1a1e1a1	O2a1b	5	Resolved	O2a1b	5	Resolved
111-1899-1371	Han Yunnan	O2a1b1a1a1a1e1a1b	O2a1b	5	Resolved	O2a1b	5	Resolved
111-1895-7421	Han Yunnan	O2a1b1a1a1a1e1a1b	O2a1b	5	Resolved	O2a1b	5	Resolved
111-1899-0800	Han Yunnan	O2a1b1a1a1a1e1a1b	O2a1b	5	Resolved	O2a1b	5	Resolved
111-1416-9965	Han Yunnan	O2a1b1a1a1a1f1a1	O2a1b	5	Resolved	O2a1b	5	Resolved
111-1859-2936	Han Yunnan	O2a1b1a1a1a1h1a1	O2a1b	5	Resolved	O2a1b	5	Resolved
111-1730-0792	Han Yunnan	O2a1b1a1a1a1h1a1	O2a1b	5	Resolved	O2a1b	5	Resolved
111-1707-9810	Han Yunnan	O2a1b1a1a1a1ia	O2a1b	5	Resolved	O2a1b	5	Resolved
111-1272-9307	Han Yunnan	O2a1b1a1a1a1k	O2a1b	5	Resolved	O2a1b	5	Resolved
111-1423-5714	Han Yunnan	O2a1b1a1a1b1	O2a1b	5	Resolved	O2a1b	5	Resolved
GSRD013030A00_BB0_01	Han Yunnan	O2a1b1a2a1a	O2a1b	5	Resolved	O2a1b	5	Resolved
111-1559-6319	Han Yunnan	O2a1b1a2a1a3a	O2a1b	5	Resolved	O2a1b	5	Resolved
990-0013-1555	Han Yunnan	O2a1b1a2a1a3b2	O2a1b	5	Resolved	O2a1b	5	Resolved
111-1809-1026	Han Yunnan	O2a1b1a2a2a1a	O2a1b	5	Resolved	O2a1b	5	Resolved
111-1857-6028	Han Yunnan	O2a1b1a2a2b	O2a1b	5	Resolved	O2a1b	5	Resolved
GSRD011863A00_BB0_01	Han Yunnan	O2a1b1a2b	O2a1b	5	Resolved	O2a1b	5	Resolved
GSRD011863A01_BB0_01	Han Yunnan	O2a1b1a2b	O2a1b	5	Resolved	O2a1b	5	Resolved
111-1842-0680	Han Yunnan	O2a1b1a2b2a1	O2a1b	5	Resolved	O2a1b	5	Resolved
111-1649-3792	Han Yunnan	O2a2a1a2a1a1a2a2	O2a2a	5	Resolved	O2a2a1a2a1a1a2a2	16	Resolved
GSRD009316A00_BB0_01	Han Yunnan	O2a2a2	O2a2a	5	Resolved	O2a2a2	6	Resolved
GSRD009316A01_BB0_01	Han Yunnan	O2a2a2	O2a2a	5	Resolved	O2a2a2	6	Resolved
GSRD009742A01_BB0_01	Han Yunnan	O2a2a2a1	O2a2a	5	Resolved	O2a2a2	6	Resolved
111-1830-3662	Han Yunnan	O2a2b1a1a1	O2a2b	5	Resolved	O2a2b1a1a1*	10	Unresolved
111-1180-0311	Han Yunnan	O2a2b1a1a1a1a1a1a1	O2a2b	5	Resolved	O2a2b1a1a1a1	12	Resolved
111-1790-2255	Han Yunnan	O2a2b1a1a1a1a1a1a1	O2a2b	5	Resolved	O2a2b1a1a1a1	12	Resolved
111-1724-4737	Han Yunnan	O2a2b1a1a1a1a1a1a1b1a	O2a2b	5	Resolved	O2a2b1a1a1a1	12	Resolved
GSRD010023A00_BB0_01	Han Yunnan	O2a2b1a1a1a1a1a1a1b1a	O2a2b	5	Resolved	O2a2b1a1a1a1	12	Resolved
GSRD009313A01_BB0_01	Han Yunnan	O2a2b1a1a1a1a1a1a1c	O2a2b	5	Resolved	O2a2b1a1a1a1	12	Resolved
111-1770-3821	Han Yunnan	O2a2b1a1a1a1a1a1a1d	O2a2b	5	Resolved	O2a2b1a1a1a1	12	Resolved
111-1802-9135	Han Yunnan	O2a2b1a1a1a1a1b1a	O2a2b	5	Resolved	O2a2b1a1a1a1	12	Resolved
111-1818-5664	Han Yunnan	O2a2b1a1a1a1a1b1a1b	O2a2b	5	Resolved	O2a2b1a1a1a1	12	Resolved
GSRD011839A00_BB0_01	Han Yunnan	O2a2b1a1a1a1a1b1a1b	O2a2b	5	Resolved	O2a2b1a1a1a1	12	Resolved
111-1738-3962	Han Yunnan	O2a2b1a1a1a1a1b1a1b2a2	O2a2b	5	Resolved	O2a2b1a1a1a1	12	Resolved
111-1400-8059	Han Yunnan	O2a2b1a1a1a1a2	O2a2b	5	Resolved	O2a2b1a1a1a1	12	Resolved
111-1802-8701	Han Yunnan	O2a2b1a1a1a2a1a1	O2a2b	5	Resolved	O2a2b1a1a1a2	12	Resolved
111-1813-1104	Han Yunnan	O2a2b1a1a1a3a1a	O2a2b	5	Resolved	O2a2b1a1a1a3	12	Resolved
YN-432_BB0_00	Han Yunnan	O2a2b1a1a1a3a1a	O2a2b	5	Resolved	O2a2b1a1a1a3	12	Resolved
GSRD009647A00_BB0_01	Han Yunnan	O2a2b1a1a1a4a2a	O2a2b	5	Resolved	O2a2b1a1a1a4a2a*	15	Unresolved
GSRD009647A01_BB0_01	Han Yunnan	O2a2b1a1a1a4a2a	O2a2b	5	Resolved	O2a2b1a1a1a4a2a*	15	Unresolved
111-1901-6165	Han Yunnan	O2a2b1a1a1a4a2a1	O2a2b	5	Resolved	O2a2b1a1a1a4a2a1	16	Resolved
GSRD012808A00_BB0_00	Han Yunnan	O2a2b1a1a1a4a2a1	O2a2b	5	Resolved	O2a2b1a1a1a4a2a1	16	Resolved
GSRD012808A01_BB0_00	Han Yunnan	O2a2b1a1a1a4a2a1	O2a2b	5	Resolved	O2a2b1a1a1a4a2a1	16	Resolved
111-1850-2584	Han Yunnan	O2a2b1a1a1a4a2a1a1	O2a2b	5	Resolved	O2a2b1a1a1a4a2a1	16	Resolved
111-1833-6424	Han Yunnan	O2a2b1a1a1a5a	O2a2b	5	Resolved	O2a2b1a1a1a5	12	Resolved
111-1801-4117	Han Yunnan	O2a2b1a1a1b2	O2a2b	5	Resolved	O2a2b1a1a1b	11	Resolved
111-1788-8597	Han Yunnan	O2a2b1a1a1c	O2a2b	5	Resolved	O2a2b1a1a1c	11	Resolved
111-1295-8257	Han Yunnan	O2a2b1a1a1c1a1a	O2a2b	5	Resolved	O2a2b1a1a1c	11	Resolved
111-1730-3397	Han Yunnan	O2a2b1a1a1c1a1a	O2a2b	5	Resolved	O2a2b1a1a1c	11	Resolved
GSRD009739A00_BB0_01	Han Yunnan	O2a2b1a1a1c1a1a	O2a2b	5	Resolved	O2a2b1a1a1c	11	Resolved
GSRD009739A01_BB0_01	Han Yunnan	O2a2b1a1a1c1a1a	O2a2b	5	Resolved	O2a2b1a1a1c	11	Resolved
111-1855-8833	Han Yunnan	O2a2b1a1a1c1a1a1	O2a2b	5	Resolved	O2a2b1a1a1c	11	Resolved
111-1318-1487	Han Yunnan	O2a2b1a1a1c1a1a1	O2a2b	5	Resolved	O2a2b1a1a1c	11	Resolved
111-1174-0822	Han Yunnan	O2a2b1a1a1c1a1a1	O2a2b	5	Resolved	O2a2b1a1a1c	11	Resolved
111-1164-5202	Han Yunnan	O2a2b1a1a1c1a1a1	O2a2b	5	Resolved	O2a2b1a1a1c	11	Resolved
111-1325-8271	Han Yunnan	O2a2b1a1a1c1a1a1	O2a2b	5	Resolved	O2a2b1a1a1c	11	Resolved
111-1170-1502	Han Yunnan	O2a2b1a1a1c1a1a1	O2a2b	5	Resolved	O2a2b1a1a1c	11	Resolved
111-1186-3606	Han Yunnan	O2a2b1a1a1c1a1a1	O2a2b	5	Resolved	O2a2b1a1a1c	11	Resolved
111-1928-4939	Han Yunnan	O2a2b1a1a1c1a1a2	O2a2b	5	Resolved	O2a2b1a1a1c	11	Resolved
111-1668-2011	Han Yunnan	O2a2b1a1a1c1b	O2a2b	5	Resolved	O2a2b1a1a1c	11	Resolved
111-1831-9496	Han Yunnan	O2a2b1a1a1c1b	O2a2b	5	Resolved	O2a2b1a1a1c	11	Resolved
990-0012-9507	Han Yunnan	O2a2b1a1a1e1	O2a2b	5	Resolved	O2a2b1a1a1e	11	Resolved
111-1896-1893	Han Yunnan	O2a2b1a1a1e2	O2a2b	5	Resolved	O2a2b1a1a1e	11	Resolved
111-1899-5478	Han Yunnan	O2a2b1a1a1e2	O2a2b	5	Resolved	O2a2b1a1a1e	11	Resolved
GSRD009741A01_BB1_01	Han Yunnan	O2a2b1a2a1	O2a2b	5	Resolved	O2a2b1a2	8	Resolved
111-1699-1533	Han Yunnan	O2a2b1a2a1a1a1	O2a2b	5	Resolved	O2a2b1a2	8	Resolved
111-1662-4387	Han Yunnan	O2a2b1a2a1a1a2	O2a2b	5	Resolved	O2a2b1a2	8	Resolved
111-1603-8863	Han Yunnan	O2a2b1a2a1a1a2	O2a2b	5	Resolved	O2a2b1a2	8	Resolved
111-1587-1386	Han Yunnan	O2a2b1a2a1a1a2	O2a2b	5	Resolved	O2a2b1a2	8	Resolved
990-0012-2997	Han Yunnan	O2a2b1a2a1a1a2	O2a2b	5	Resolved	O2a2b1a2	8	Resolved
111-1889-3361	Han Yunnan	O2a2b1a2a1a1a2a	O2a2b	5	Resolved	O2a2b1a2	8	Resolved
GSRD010694A01_BB0_01	Han Yunnan	O2a2b1a2a1a1a2a1	O2a2b	5	Resolved	O2a2b1a2	8	Resolved
YN-420_BB0_00	Han Yunnan	O2a2b1a2a1a1a2a1a1a	O2a2b	5	Resolved	O2a2b1a2	8	Resolved
111-1821-2001	Han Yunnan	O2a2b1a2a1a1b1	O2a2b	5	Resolved	O2a2b1a2	8	Resolved
Y5985	Han Yunnan	O2a2b1a2a1a1b1b2a1	O2a2b	5	Resolved	O2a2b1a2	8	Resolved
023-0000-2523	Han Yunnan	O2a2b1a2a1a1b1b2b	O2a2b	5	Resolved	O2a2b1a2	8	Resolved
111-1195-6605	Han Yunnan	O2a2b1a2a1a1b1b2b1	O2a2b	5	Resolved	O2a2b1a2	8	Resolved
111-1822-9368	Han Yunnan	O2a2b1a2a1a1b1b2b1	O2a2b	5	Resolved	O2a2b1a2	8	Resolved
111-1642-3621	Han Yunnan	O2a2b1a2a1a1b1b2b1a	O2a2b	5	Resolved	O2a2b1a2	8	Resolved
111-1870-2458	Han Yunnan	O2a2b1a2a1a1b1b2b2	O2a2b	5	Resolved	O2a2b1a2	8	Resolved
111-1379-9583	Han Yunnan	O2a2b1a2a1a1b1b2b2	O2a2b	5	Resolved	O2a2b1a2	8	Resolved
111-1699-4152	Han Yunnan	O2a2b1a2a1a1b1b2b2	O2a2b	5	Resolved	O2a2b1a2	8	Resolved
YN-027_BB0_00	Han Yunnan	O2a2b1a2a1a1b1b2b2	O2a2b	5	Resolved	O2a2b1a2	8	Resolved
GSRD012654A00_BB0_01	Han Yunnan	O2a2b1a2a1a1b1b2b2	O2a2b	5	Resolved	O2a2b1a2	8	Resolved
GSRD012654A01_BB0_01	Han Yunnan	O2a2b1a2a1a1b1b2b2	O2a2b	5	Resolved	O2a2b1a2	8	Resolved
GSRD009166A01_BB0_01	Han Yunnan	O2a2b1a2a1a1b1b2b2	O2a2b	5	Resolved	O2a2b1a2	8	Resolved
111-1844-8899	Han Yunnan	O2a2b1a2a1a2a1	O2a2b	5	Resolved	O2a2b1a2	8	Resolved
111-1868-8158	Han Yunnan	O2a2b1a2a1a2a1	O2a2b	5	Resolved	O2a2b1a2	8	Resolved
Y5778	Han Yunnan	O2a2b1a2a1a4a1	O2a2b	5	Resolved	O2a2b1a2	8	Resolved
023-0000-2540	Han Yunnan	O2a2b1a2a1a4a1	O2a2b	5	Resolved	O2a2b1a2	8	Resolved
111-1692-2186	Han Yunnan	O2a2b1a2a2a	O2a2b	5	Resolved	O2a2b1a2	8	Resolved
YN-065_BB0_00	Han Yunnan	O2a2b2a1b1	O2a2b	5	Resolved	O2a2b2a1	8	Resolved
111-1868-3405	Han Yunnan	O2a2b2a2b	O2a2b	5	Resolved	O2a2b2a2	8	Resolved
YN-145_BB0_00	Han Yunnan	O2a2b2a2b1	O2a2b	5	Resolved	O2a2b2a2	8	Resolved
111-1917-7378	Han Yunnan	O2b1b	O2b1b	5	Resolved	O2b	3	Resolved
111-1911-1891	Han Yunnan	Q1a1a1	Q1a1a	5	Resolved	Q1a1a1*	6	Unresolved
111-1863-1086	Han Yunnan	Q1a1a1	Q1a1a	5	Resolved	Q1a1a1*	6	Unresolved
GSRD010723A00_BB0_01	Han Yunnan	Q1a1a1	Q1a1a	5	Resolved	Q1a1a1*	6	Unresolved
111-1815-4370	Han Yunnan	Q1a1a1a	Q1a1a	5	Resolved	Q1a1a1a*	7	Unresolved
111-1856-4841	Han Yunnan	Q1a1a1a	Q1a1a	5	Resolved	Q1a1a1a*	7	Unresolved
111-1385-9539	Han Yunnan	Q1a1a1a	Q1a1a	5	Resolved	Q1a1a1a*	7	Unresolved
111-1696-3783	Han Yunnan	Q1a1a1a	Q1a1a	5	Resolved	Q1a1a1a*	7	Unresolved
111-1897-4480	Han Yunnan	Q1a1a1a1	Q1a1a	5	Resolved	Q1a1a1a1	8	Resolved
111-1899-6383	Han Yunnan	Q1a1a1a1	Q1a1a	5	Resolved	Q1a1a1a1	8	Resolved
111-1904-8616	Han Yunnan	R1a1a1b2a1a1a1	R1a1a	5	Resolved	R1a1a1b2	8	Resolved
111-1907-6794	Han Yunnan	R1a1a1b2a1a2c1d	R1a1a	5	Resolved	R1a1a1b2	8	Resolved
111-1698-1466	Han Yunnan	R1b1a1a1a	R1b1a	5	Resolved	R1b1a1a	7	Resolved
023-0000-2441	Dai Yunnan	F2	F2*	5	Unresolved	F2	2	Resolved
111-1902-4481	Dai Yunnan	O2a2a1a2a1a1a2a2	O2a2a	5	Resolved	O2a2a1a2a1a1a2a2	16	Resolved
023-0001-8773	Yi Yunnan	C1b1a2b	C1b1a	5	Resolved	C1b1a2	6	Resolved
023-0001-8774	Yi Yunnan	C1b1a2b	C1b1a	5	Resolved	C1b1a2	6	Resolved
023-0001-8757	Bai Yunnan	C2a1a1b1a2a1	C2a1a	5	Resolved	C2a	3	Resolved
YN-344_BB0_00	Yi Yunnan	C2a1b	C2a1b	5	Resolved	C2a	3	Resolved
E250104243_L01_8021	Naxi Yunnan	C2b1a1a1	C2b1a	5	Resolved	C2b1a1a	7	Resolved
023-0001-8738	Yi Yunnan	C2b1a1a1	C2b1a	5	Resolved	C2b1a1a	7	Resolved
023-0001-8741	Yi Yunnan	C2b1a1a1	C2b1a	5	Resolved	C2b1a1a	7	Resolved
023-0001-8747	Yi Yunnan	C2b1a1a1	C2b1a	5	Resolved	C2b1a1a	7	Resolved
023-0001-8753	Yi Yunnan	C2b1a1a1	C2b1a	5	Resolved	C2b1a1a	7	Resolved
111-1785-8828	Bai Yunnan	C2b1a2b2	C2b1a	5	Resolved	C2b1a2	6	Resolved
023-0001-8855	Lisu Yunnan	C2b1b1	C2b1b	5	Resolved	C2b1b	5	Resolved
023-0001-8859	Lisu Yunnan	C2b1b1	C2b1b	5	Resolved	C2b1b	5	Resolved
023-0001-8860	Lisu Yunnan	C2b1b1	C2b1b	5	Resolved	C2b1b	5	Resolved
023-0001-8756	Bai Yunnan	D1a1a1a1a1b	D1a1a	5	Resolved	D1a1a1a1a1b*	11	Unresolved
023-0001-8770	Bai Yunnan	D1a1a1a1a1b2	D1a1a	5	Resolved	D1a1a1a1a1b2	12	Resolved
111-1901-2839	Pumi Yunnan	D1a1a1a1b	D1a1a	5	Resolved	D1a1a1a1b*	9	Unresolved
023-0001-8777	Yi Yunnan	D1a1a1a1b	D1a1a	5	Resolved	D1a1a1a1b*	9	Unresolved
023-0001-8778	Yi Yunnan	D1a1a1a1b	D1a1a	5	Resolved	D1a1a1a1b*	9	Unresolved
023-0001-8783	Yi Yunnan	D1a1a1a1b	D1a1a	5	Resolved	D1a1a1a1b*	9	Unresolved
023-0001-8784	Yi Yunnan	D1a1a1a1b	D1a1a	5	Resolved	D1a1a1a1b*	9	Unresolved
023-0001-8785	Yi Yunnan	D1a1a1a1b	D1a1a	5	Resolved	D1a1a1a1b*	9	Unresolved
023-0001-8786	Yi Yunnan	D1a1a1a1b	D1a1a	5	Resolved	D1a1a1a1b*	9	Unresolved
YN-444_BB0_00	Yi Yunnan	D1a1a1a1b	D1a1a	5	Resolved	D1a1a1a1b*	9	Unresolved
E250104243_L01_8025	Naxi Yunnan	D1a1b1a	D1a1b	5	Resolved	D1a1b	5	Resolved
E250104243_L01_8028	Naxi Yunnan	D1a1b1a	D1a1b	5	Resolved	D1a1b	5	Resolved
111-1858-9899	Pumi Yunnan	D1a1b1a3	D1a1b	5	Resolved	D1a1b	5	Resolved
990-0001-1246	Pumi Yunnan	D1a1b1a3	D1a1b	5	Resolved	D1a1b	5	Resolved
111-1852-9888	Bai Yunnan	F2	F2*	5	Unresolved	F2	2	Resolved
023-0001-8763	Bai Yunnan	F2	F2*	5	Unresolved	F2	2	Resolved
023-0001-8837	Lisu Yunnan	F2	F2*	5	Unresolved	F2	2	Resolved
023-0001-8840	Lisu Yunnan	F2	F2*	5	Unresolved	F2	2	Resolved
023-0001-8845	Lisu Yunnan	F2	F2*	5	Unresolved	F2	2	Resolved
023-0001-8853	Lisu Yunnan	F2	F2*	5	Unresolved	F2	2	Resolved
023-0001-8737	Yi Yunnan	F2	F2*	5	Unresolved	F2	2	Resolved
023-0001-8739	Yi Yunnan	F2	F2*	5	Unresolved	F2	2	Resolved
023-0001-8743	Yi Yunnan	F2	F2*	5	Unresolved	F2	2	Resolved
023-0001-8750	Yi Yunnan	F2	F2*	5	Unresolved	F2	2	Resolved
023-0001-8752	Yi Yunnan	F2	F2*	5	Unresolved	F2	2	Resolved
023-0001-8816	Yi Yunnan	F2	F2*	5	Unresolved	F2	2	Resolved
023-0001-8820	Yi Yunnan	F2	F2*	5	Unresolved	F2	2	Resolved
023-0001-8822	Yi Yunnan	F2	F2*	5	Unresolved	F2	2	Resolved
023-0001-8823	Yi Yunnan	F2	F2*	5	Unresolved	F2	2	Resolved
023-0001-8824	Yi Yunnan	F2	F2*	5	Unresolved	F2	2	Resolved
023-0001-8827	Yi Yunnan	F2	F2*	5	Unresolved	F2	2	Resolved
023-0001-8828	Yi Yunnan	F2	F2*	5	Unresolved	F2	2	Resolved
023-0001-8798	Yi Yunnan	F2	F2*	5	Unresolved	F2	2	Resolved
023-0000-2475	Bai Yunnan	F2	F2*	5	Unresolved	F2	2	Resolved
023-0000-2480	Bai Yunnan	F2	F2*	5	Unresolved	F2	2	Resolved
023-0000-2547	Bai Yunnan	F2	F2*	5	Unresolved	F2	2	Resolved
023-0000-2450	Lahu Yunnan	F2	F2*	5	Unresolved	F2	2	Resolved
023-0000-2460	Lisu Yunnan	F2	F2*	5	Unresolved	F2	2	Resolved
GSRD009312A01_BB0_01	Lisu Yunnan	F2	F2*	5	Unresolved	F2	2	Resolved
023-0000-2495	Yi Yunnan	F2	F2*	5	Unresolved	F2	2	Resolved
023-0000-2516	Yi Yunnan	F2	F2*	5	Unresolved	F2	2	Resolved
023-0000-2539	Yi Yunnan	F2	F2*	5	Unresolved	F2	2	Resolved
023-0000-2542	Yi Yunnan	F2	F2*	5	Unresolved	F2	2	Resolved
023-0000-2457	Yi Yunnan	F2	F2*	5	Unresolved	F2	2	Resolved
023-0000-2471	Yi Yunnan	F2	F2*	5	Unresolved	F2	2	Resolved
023-0000-2476	Yi Yunnan	F2	F2*	5	Unresolved	F2	2	Resolved
023-0000-2487	Yi Yunnan	F2	F2*	5	Unresolved	F2	2	Resolved
023-0000-2494	Yi Yunnan	F2	F2*	5	Unresolved	F2	2	Resolved
023-0000-2544	Yi Yunnan	F2	F2*	5	Unresolved	F2	2	Resolved
023-0000-2443	Yi Yunnan	F2	F2*	5	Unresolved	F2	2	Resolved
023-0000-2447	Yi Yunnan	F2	F2*	5	Unresolved	F2	2	Resolved
023-0000-2468	Yi Yunnan	F2	F2*	5	Unresolved	F2	2	Resolved
023-0000-2530	Yi Yunnan	F2	F2*	5	Unresolved	F2	2	Resolved
023-0000-2486	Yi Yunnan	F2	F2*	5	Unresolved	F2	2	Resolved
023-0000-2507	Yi Yunnan	F2	F2*	5	Unresolved	F2	2	Resolved
YN-493_BB0_00	Yi Yunnan	F2	F2*	5	Unresolved	F2	2	Resolved
YN-072_BB0_00	Yi Yunnan	F2	F2*	5	Unresolved	F2	2	Resolved
GSRD009312A00_BB0_01	Lisu Yunnan	F2	F2*	5	Unresolved	F2	2	Resolved
023-0001-8769	Bai Yunnan	N1a1a3	N1a1a	5	Resolved	N1a1a3	6	Resolved
YN-610_BB0_00	Naxi Yunnan	N1a1a3	N1a1a	5	Resolved	N1a1a3	6	Resolved
YN-576_BB0_00	Yi Yunnan	N1a1a3	N1a1a	5	Resolved	N1a1a3	6	Resolved
111-1912-1005	Bai Yunnan	N1a2a1a2	N1a2a	5	Resolved	N1a2	4	Resolved
E250104293_L01_8041	Naxi Yunnan	N1b1	N1b1*	5	Unresolved	N1b1*	4	Unresolved
023-0000-2715	Bai Yunnan	N1b1	N1b1*	5	Unresolved	N1b1*	4	Unresolved
023-0000-2760	Bai Yunnan	N1b1	N1b1*	5	Unresolved	N1b1*	4	Unresolved
MPG-HNZ-006A	Hani Yunnan	N1b1	N1b1*	5	Unresolved	N1b1*	4	Unresolved
MPG-HNZ-002A	Hani Yunnan	N1b1	N1b1*	5	Unresolved	N1b1*	4	Unresolved
MPG-HNZ-269A	Hani Yunnan	N1b1	N1b1*	5	Unresolved	N1b1*	4	Unresolved
MPG-HNZ-010A	Hani Yunnan	N1b1	N1b1*	5	Unresolved	N1b1*	4	Unresolved
MPG-HNZ-008A	Hani Yunnan	N1b1	N1b1*	5	Unresolved	N1b1*	4	Unresolved
MPG-HNZ-007A	Hani Yunnan	N1b1	N1b1*	5	Unresolved	N1b1*	4	Unresolved
MPG-HNZ-005A	Hani Yunnan	N1b1	N1b1*	5	Unresolved	N1b1*	4	Unresolved
MPG-HNZ-004A	Hani Yunnan	N1b1	N1b1*	5	Unresolved	N1b1*	4	Unresolved
MPG-HNZ-003A	Hani Yunnan	N1b1	N1b1*	5	Unresolved	N1b1*	4	Unresolved
MPG-HNZ-001A	Hani Yunnan	N1b1	N1b1*	5	Unresolved	N1b1*	4	Unresolved
MPG-HNZ-064A	Hani Yunnan	N1b1	N1b1*	5	Unresolved	N1b1*	4	Unresolved
MPG-HNZ-063A	Hani Yunnan	N1b1	N1b1*	5	Unresolved	N1b1*	4	Unresolved
MPG-HNZ-060A	Hani Yunnan	N1b1	N1b1*	5	Unresolved	N1b1*	4	Unresolved
MPG-HNZ-059A	Hani Yunnan	N1b1	N1b1*	5	Unresolved	N1b1*	4	Unresolved
MPG-HNZ-058A	Hani Yunnan	N1b1	N1b1*	5	Unresolved	N1b1*	4	Unresolved
MPG-HNZ-057A	Hani Yunnan	N1b1	N1b1*	5	Unresolved	N1b1*	4	Unresolved
MPG-HNZ-056A	Hani Yunnan	N1b1	N1b1*	5	Unresolved	N1b1*	4	Unresolved
MPG-HNZ-055A	Hani Yunnan	N1b1	N1b1*	5	Unresolved	N1b1*	4	Unresolved
MPG-HNZ-054A	Hani Yunnan	N1b1	N1b1*	5	Unresolved	N1b1*	4	Unresolved
MPG-HNZ-053A	Hani Yunnan	N1b1	N1b1*	5	Unresolved	N1b1*	4	Unresolved
023-0000-2732	Naxi Yunnan	N1b1	N1b1*	5	Unresolved	N1b1*	4	Unresolved
023-0000-2758	Naxi Yunnan	N1b1	N1b1*	5	Unresolved	N1b1*	4	Unresolved
023-0001-8852	Lisu Yunnan	N1b2	N1b2*	5	Unresolved	N1b2*	4	Unresolved
E250102276_L01_8058	Naxi Yunnan	N1b2	N1b2*	5	Unresolved	N1b2*	4	Unresolved
023-0000-2738	Bai Yunnan	N1b2	N1b2*	5	Unresolved	N1b2*	4	Unresolved
023-0000-2722	Bai Yunnan	N1b2	N1b2*	5	Unresolved	N1b2*	4	Unresolved
023-0000-2735	Bai Yunnan	N1b2	N1b2*	5	Unresolved	N1b2*	4	Unresolved
023-0000-2740	Bai Yunnan	N1b2	N1b2*	5	Unresolved	N1b2*	4	Unresolved
023-0000-2748	Bai Yunnan	N1b2	N1b2*	5	Unresolved	N1b2*	4	Unresolved
023-0000-2754	Bai Yunnan	N1b2	N1b2*	5	Unresolved	N1b2*	4	Unresolved
MPG-HNZ-268A	Hani Yunnan	N1b2	N1b2*	5	Unresolved	N1b2*	4	Unresolved
023-0000-2751	Hani Yunnan	N1b2	N1b2*	5	Unresolved	N1b2*	4	Unresolved
023-0000-2724	Lisu Yunnan	N1b2	N1b2*	5	Unresolved	N1b2*	4	Unresolved
HGDP01339	Naxi Yunnan	N1b2	N1b2*	5	Unresolved	N1b2*	4	Unresolved
023-0000-2745	Naxi Yunnan	N1b2	N1b2*	5	Unresolved	N1b2*	4	Unresolved
023-0000-2749	Naxi Yunnan	N1b2	N1b2*	5	Unresolved	N1b2*	4	Unresolved
023-0000-2723	Yi Yunnan	N1b2	N1b2*	5	Unresolved	N1b2*	4	Unresolved
023-0000-2742	Yi Yunnan	N1b2	N1b2*	5	Unresolved	N1b2*	4	Unresolved
023-0000-2767	Yi Yunnan	N1b2	N1b2*	5	Unresolved	N1b2*	4	Unresolved
023-0000-2763	Yi Yunnan	N1b2	N1b2*	5	Unresolved	N1b2*	4	Unresolved
111-1692-0014	Yi Yunnan	N1b2	N1b2*	5	Unresolved	N1b2*	4	Unresolved
111-1724-2740	Yi Yunnan	N1b2	N1b2*	5	Unresolved	N1b2*	4	Unresolved
111-1901-9807	Pumi Yunnan	O1a1a1a1a1a1	O1a1a	5	Resolved	O1a	3	Resolved
111-1816-9114	Yi Yunnan	O1a1a1a1a1a1c1	O1a1a	5	Resolved	O1a	3	Resolved
111-1729-4145	Naxi Yunnan	O1a1a1a1a1a1e2a	O1a1a	5	Resolved	O1a	3	Resolved
023-0001-8762	Bai Yunnan	O1a1a1a1a2a1	O1a1a	5	Resolved	O1a	3	Resolved
023-0001-8742	Yi Yunnan	O1a1a1b1b1b1	O1a1a	5	Resolved	O1a	3	Resolved
2W621808190049	Bai Yunnan	O1a1a1b1b1b1	O1a1a	5	Resolved	O1a	3	Resolved
023-0001-8766	Bai Yunnan	O1a1a2a1a3	O1a1a	5	Resolved	O1a	3	Resolved
023-0001-8771	Bai Yunnan	O1a1a2a1a3	O1a1a	5	Resolved	O1a	3	Resolved
023-0001-8740	Yi Yunnan	O1a1a2a1a3	O1a1a	5	Resolved	O1a	3	Resolved
023-0001-8817	Yi Yunnan	O1a1a2a1a3	O1a1a	5	Resolved	O1a	3	Resolved
023-0001-8818	Yi Yunnan	O1a1a2a1a3	O1a1a	5	Resolved	O1a	3	Resolved
023-0001-8821	Yi Yunnan	O1a1a2a1a3	O1a1a	5	Resolved	O1a	3	Resolved
023-0001-8825	Yi Yunnan	O1a1a2a1a3	O1a1a	5	Resolved	O1a	3	Resolved
111-1482-1535	Yi Yunnan	O1a1a2a1a3	O1a1a	5	Resolved	O1a	3	Resolved
GSRD012574A00_BB0_01	Bai Yunnan	O1a1a2a1a3	O1a1a	5	Resolved	O1a	3	Resolved
GSRD012574A01_BB1_01	Bai Yunnan	O1a1a2a1a3	O1a1a	5	Resolved	O1a	3	Resolved
HGDP01342	Naxi Yunnan	O1b1	O1b1*	5	Unresolved	O1b1*	4	Unresolved
023-0001-8829	Lisu Yunnan	O1b1a1a1a1a1a	O1b1a	5	Resolved	O1b1a1a1a1a1a*	13	Unresolved
023-0001-8854	Lisu Yunnan	O1b1a1a1a1a1a	O1b1a	5	Resolved	O1b1a1a1a1a1a*	13	Unresolved
023-0001-8856	Lisu Yunnan	O1b1a1a1a1a1a	O1b1a	5	Resolved	O1b1a1a1a1a1a*	13	Unresolved
023-0001-8819	Yi Yunnan	O1b1a1a1a1a1a	O1b1a	5	Resolved	O1b1a1a1a1a1a*	13	Unresolved
023-0001-8826	Yi Yunnan	O1b1a1a1a1a1a	O1b1a	5	Resolved	O1b1a1a1a1a1a*	13	Unresolved
111-1859-4329	Bai Yunnan	O1b1a1a1a1a1a	O1b1a	5	Resolved	O1b1a1a1a1a1a*	13	Unresolved
111-1746-3824	Lisu Yunnan	O1b1a1a1a1a1a	O1b1a	5	Resolved	O1b1a1a1a1a1a*	13	Unresolved
111-1475-7032	Yi Yunnan	O1b1a1a1a1a1a	O1b1a	5	Resolved	O1b1a1a1a1a1a*	13	Unresolved
111-1421-2616	Yi Yunnan	O1b1a1a1a1a1a	O1b1a	5	Resolved	O1b1a1a1a1a1a*	13	Unresolved
023-0001-8841	Lisu Yunnan	O1b1a1a1a1a1a1a2	O1b1a	5	Resolved	O1b1a1a1a1a1a1a2	16	Resolved
MPG-HNZ-252A	Hani Yunnan	O1b1a1a1a1a1a1b1	O1b1a	5	Resolved	O1b1a1a1a1a1a1b	15	Resolved
MPG-HNZ-250A	Hani Yunnan	O1b1a1a1a1a1a1b1	O1b1a	5	Resolved	O1b1a1a1a1a1a1b	15	Resolved
MPG-HNZ-249A	Hani Yunnan	O1b1a1a1a1a1a1b1	O1b1a	5	Resolved	O1b1a1a1a1a1a1b	15	Resolved
MPG-HNZ-248A	Hani Yunnan	O1b1a1a1a1a1a1b1	O1b1a	5	Resolved	O1b1a1a1a1a1a1b	15	Resolved
MPG-HNZ-247A	Hani Yunnan	O1b1a1a1a1a1a1b1	O1b1a	5	Resolved	O1b1a1a1a1a1a1b	15	Resolved
MPG-HNZ-246A	Hani Yunnan	O1b1a1a1a1a1a1b1	O1b1a	5	Resolved	O1b1a1a1a1a1a1b	15	Resolved
MPG-HNZ-245A	Hani Yunnan	O1b1a1a1a1a1a1b1	O1b1a	5	Resolved	O1b1a1a1a1a1a1b	15	Resolved
MPG-HNZ-241A	Hani Yunnan	O1b1a1a1a1a1a1b1	O1b1a	5	Resolved	O1b1a1a1a1a1a1b	15	Resolved
MPG-HNZ-240A	Hani Yunnan	O1b1a1a1a1a1a1b1	O1b1a	5	Resolved	O1b1a1a1a1a1a1b	15	Resolved
E250104243_L01_8032	Naxi Yunnan	O1b1a1a1a1b1b	O1b1a	5	Resolved	O1b1a1a1a1b1	12	Resolved
YN-510_BB0_00	Yi Yunnan	O1b1a1a1a1b1b	O1b1a	5	Resolved	O1b1a1a1a1b1	12	Resolved
023-0001-8733	Yi Yunnan	O1b1a1a1a1b2a1a2a	O1b1a	5	Resolved	O1b1a1a1a1b2a1a2	16	Resolved
023-0001-8744	Yi Yunnan	O1b1a1a1a1b2a1a2a	O1b1a	5	Resolved	O1b1a1a1a1b2a1a2	16	Resolved
023-0001-8749	Yi Yunnan	O1b1a1a1a1b2a1a2a	O1b1a	5	Resolved	O1b1a1a1a1b2a1a2	16	Resolved
023-0001-8751	Yi Yunnan	O1b1a1a1a1b2a1a2a	O1b1a	5	Resolved	O1b1a1a1a1b2a1a2	16	Resolved
023-0001-8755	Yi Yunnan	O1b1a1a1a1b2a1a2a	O1b1a	5	Resolved	O1b1a1a1a1b2a1a2	16	Resolved
023-0001-8764	Bai Yunnan	O1b1a1a1b1	O1b1a	5	Resolved	O1b1a1a1b1*	10	Unresolved
YN-419_BB0_00	Yi Yunnan	O1b1a1a1b1	O1b1a	5	Resolved	O1b1a1a1b1*	10	Unresolved
023-0001-8772	Bai Yunnan	O1b1a1a1b1a	O1b1a	5	Resolved	O1b1a1a1b1a	11	Resolved
111-1908-1279	Yi Yunnan	O1b1a1a1b1b1	O1b1a	5	Resolved	O1b1a1a1b1b	11	Resolved
023-0001-8787	Yi Yunnan	O1b1a1a1b1b1	O1b1a	5	Resolved	O1b1a1a1b1b	11	Resolved
023-0001-8788	Yi Yunnan	O1b1a1a1b1b1	O1b1a	5	Resolved	O1b1a1a1b1b	11	Resolved
023-0001-8789	Yi Yunnan	O1b1a1a1b1b1	O1b1a	5	Resolved	O1b1a1a1b1b	11	Resolved
023-0001-8790	Yi Yunnan	O1b1a1a1b1b1	O1b1a	5	Resolved	O1b1a1a1b1b	11	Resolved
023-0001-8791	Yi Yunnan	O1b1a1a1b1b1	O1b1a	5	Resolved	O1b1a1a1b1b	11	Resolved
023-0001-8792	Yi Yunnan	O1b1a1a1b1b1	O1b1a	5	Resolved	O1b1a1a1b1b	11	Resolved
023-0001-8793	Yi Yunnan	O1b1a1a1b1b1	O1b1a	5	Resolved	O1b1a1a1b1b	11	Resolved
023-0001-8794	Yi Yunnan	O1b1a1a1b1b1	O1b1a	5	Resolved	O1b1a1a1b1b	11	Resolved
023-0001-8795	Yi Yunnan	O1b1a1a1b1b1	O1b1a	5	Resolved	O1b1a1a1b1b	11	Resolved
023-0001-8796	Yi Yunnan	O1b1a1a1b1b1	O1b1a	5	Resolved	O1b1a1a1b1b	11	Resolved
023-0001-8797	Yi Yunnan	O1b1a1a1b1b1	O1b1a	5	Resolved	O1b1a1a1b1b	11	Resolved
023-0001-8800	Yi Yunnan	O1b1a1a1b1b1	O1b1a	5	Resolved	O1b1a1a1b1b	11	Resolved
023-0001-8801	Yi Yunnan	O1b1a1a1b1b1	O1b1a	5	Resolved	O1b1a1a1b1b	11	Resolved
023-0001-8802	Yi Yunnan	O1b1a1a1b1b1	O1b1a	5	Resolved	O1b1a1a1b1b	11	Resolved
023-0001-8803	Yi Yunnan	O1b1a1a1b1b1	O1b1a	5	Resolved	O1b1a1a1b1b	11	Resolved
023-0001-8804	Yi Yunnan	O1b1a1a1b1b1	O1b1a	5	Resolved	O1b1a1a1b1b	11	Resolved
023-0001-8805	Yi Yunnan	O1b1a1a1b1b1	O1b1a	5	Resolved	O1b1a1a1b1b	11	Resolved
023-0001-8806	Yi Yunnan	O1b1a1a1b1b1	O1b1a	5	Resolved	O1b1a1a1b1b	11	Resolved
023-0001-8807	Yi Yunnan	O1b1a1a1b1b1	O1b1a	5	Resolved	O1b1a1a1b1b	11	Resolved
023-0001-8809	Yi Yunnan	O1b1a1a1b1b1	O1b1a	5	Resolved	O1b1a1a1b1b	11	Resolved
023-0001-8810	Yi Yunnan	O1b1a1a1b1b1	O1b1a	5	Resolved	O1b1a1a1b1b	11	Resolved
023-0001-8811	Yi Yunnan	O1b1a1a1b1b1	O1b1a	5	Resolved	O1b1a1a1b1b	11	Resolved
023-0001-8813	Yi Yunnan	O1b1a1a1b1b1	O1b1a	5	Resolved	O1b1a1a1b1b	11	Resolved
023-0001-8815	Yi Yunnan	O1b1a1a1b1b1	O1b1a	5	Resolved	O1b1a1a1b1b	11	Resolved
YN-048_BB0_00	Lisu Yunnan	O1b1a1a1b1c	O1b1a	5	Resolved	O1b1a1a1b1c	11	Resolved
GSRD011866A00_BB1_01	Bai Yunnan	O2a1b1a1a1a1	O2a1b	5	Resolved	O2a1b	5	Resolved
023-0001-8761	Bai Yunnan	O2a1b1a1a1a1a	O2a1b	5	Resolved	O2a1b	5	Resolved
GSRD009475A01_BB0_01	Yi Yunnan	O2a1b1a1a1a1a1c	O2a1b	5	Resolved	O2a1b	5	Resolved
GSRD009475A03_BB0_01	Yi Yunnan	O2a1b1a1a1a1a1c	O2a1b	5	Resolved	O2a1b	5	Resolved
111-1851-6604	Bai Yunnan	O2a1b1a1a1a1e1	O2a1b	5	Resolved	O2a1b	5	Resolved
023-0001-8758	Bai Yunnan	O2a1b1a1a1a1e2	O2a1b	5	Resolved	O2a1b	5	Resolved
023-0001-8765	Bai Yunnan	O2a1b1a1a1a1ib	O2a1b	5	Resolved	O2a1b	5	Resolved
GSRD009168B02_BB0_01	Bai Yunnan	O2a1b1a2a1a3a1a	O2a1b	5	Resolved	O2a1b	5	Resolved
YN-403_BB1_01	Yi Yunnan	O2a1b1a2a1a4	O2a1b	5	Resolved	O2a1b	5	Resolved
111-1905-4860	Bai Yunnan	O2a1b1a2a2a1a	O2a1b	5	Resolved	O2a1b	5	Resolved
GSRD010024A00_BB0_01	Yi Yunnan	O2a1b1a2a2b	O2a1b	5	Resolved	O2a1b	5	Resolved
023-0001-8842	Lisu Yunnan	O2a2a1a2a1a1a1a	O2a2a	5	Resolved	O2a2a1a2a1a1a1	14	Resolved
023-0001-8736	Yi Yunnan	O2a2a1a2a1a1a2a1a1	O2a2a	5	Resolved	O2a2a1a2a1a1a2a1	16	Resolved
023-0001-8799	Yi Yunnan	O2a2a1a2a1b	O2a2a	5	Resolved	O2a2a1a2a1b	11	Resolved
023-0001-8812	Yi Yunnan	O2a2a1a2a1b	O2a2a	5	Resolved	O2a2a1a2a1b	11	Resolved
111-1319-3152	Yi Yunnan	O2a2a1a2a1b	O2a2a	5	Resolved	O2a2a1a2a1b	11	Resolved
GSRD012662A00_BB0_01	Yi Yunnan	O2a2b1a1a1a1a1a1a1b1a1	O2a2b	5	Resolved	O2a2b1a1a1a1	12	Resolved
GSRD012662A01_BB0_01	Yi Yunnan	O2a2b1a1a1a1a1a1a1b1a1	O2a2b	5	Resolved	O2a2b1a1a1a1	12	Resolved
YN-119_BB1_01	Yi Yunnan	O2a2b1a1a1a2a1a1	O2a2b	5	Resolved	O2a2b1a1a1a2	12	Resolved
111-1900-5053	Bai Yunnan	O2a2b1a1a1a4a	O2a2b	5	Resolved	O2a2b1a1a1a4a*	13	Unresolved
023-0001-8849	Lisu Yunnan	O2a2b1a1a1a4a	O2a2b	5	Resolved	O2a2b1a1a1a4a*	13	Unresolved
023-0001-8850	Lisu Yunnan	O2a2b1a1a1a4a	O2a2b	5	Resolved	O2a2b1a1a1a4a*	13	Unresolved
023-0001-8851	Lisu Yunnan	O2a2b1a1a1a4a	O2a2b	5	Resolved	O2a2b1a1a1a4a*	13	Unresolved
E250104249_L01_8015	Naxi Yunnan	O2a2b1a1a1a4a	O2a2b	5	Resolved	O2a2b1a1a1a4a*	13	Unresolved
E250104249_L01_8016	Naxi Yunnan	O2a2b1a1a1a4a	O2a2b	5	Resolved	O2a2b1a1a1a4a*	13	Unresolved
E250104249_L01_8018	Naxi Yunnan	O2a2b1a1a1a4a	O2a2b	5	Resolved	O2a2b1a1a1a4a*	13	Unresolved
E250104243_L01_8022	Naxi Yunnan	O2a2b1a1a1a4a	O2a2b	5	Resolved	O2a2b1a1a1a4a*	13	Unresolved
E250104243_L01_8023	Naxi Yunnan	O2a2b1a1a1a4a	O2a2b	5	Resolved	O2a2b1a1a1a4a*	13	Unresolved
E250104243_L01_8026	Naxi Yunnan	O2a2b1a1a1a4a	O2a2b	5	Resolved	O2a2b1a1a1a4a*	13	Unresolved
E250104243_L01_8029	Naxi Yunnan	O2a2b1a1a1a4a	O2a2b	5	Resolved	O2a2b1a1a1a4a*	13	Unresolved
E250104243_L01_8033	Naxi Yunnan	O2a2b1a1a1a4a	O2a2b	5	Resolved	O2a2b1a1a1a4a*	13	Unresolved
E250104243_L01_8034	Naxi Yunnan	O2a2b1a1a1a4a	O2a2b	5	Resolved	O2a2b1a1a1a4a*	13	Unresolved
E250104243_L01_8035	Naxi Yunnan	O2a2b1a1a1a4a	O2a2b	5	Resolved	O2a2b1a1a1a4a*	13	Unresolved
E250104293_L01_8039	Naxi Yunnan	O2a2b1a1a1a4a	O2a2b	5	Resolved	O2a2b1a1a1a4a*	13	Unresolved
023-0001-8808	Yi Yunnan	O2a2b1a1a1a4a	O2a2b	5	Resolved	O2a2b1a1a1a4a*	13	Unresolved
023-0001-8814	Yi Yunnan	O2a2b1a1a1a4a	O2a2b	5	Resolved	O2a2b1a1a1a4a*	13	Unresolved
111-1724-8698	Bai Yunnan	O2a2b1a1a1a4a	O2a2b	5	Resolved	O2a2b1a1a1a4a*	13	Unresolved
111-1754-2574	Bai Yunnan	O2a2b1a1a1a4a	O2a2b	5	Resolved	O2a2b1a1a1a4a*	13	Unresolved
2W951808198103	Pumi Yunnan	O2a2b1a1a1a4a	O2a2b	5	Resolved	O2a2b1a1a1a4a*	13	Unresolved
023-0001-8760	Bai Yunnan	O2a2b1a1a1a4a2	O2a2b	5	Resolved	O2a2b1a1a1a4a2*	14	Unresolved
023-0001-8830	Lisu Yunnan	O2a2b1a1a1a4a2	O2a2b	5	Resolved	O2a2b1a1a1a4a2*	14	Unresolved
023-0001-8832	Lisu Yunnan	O2a2b1a1a1a4a2	O2a2b	5	Resolved	O2a2b1a1a1a4a2*	14	Unresolved
023-0001-8838	Lisu Yunnan	O2a2b1a1a1a4a2	O2a2b	5	Resolved	O2a2b1a1a1a4a2*	14	Unresolved
023-0001-8839	Lisu Yunnan	O2a2b1a1a1a4a2	O2a2b	5	Resolved	O2a2b1a1a1a4a2*	14	Unresolved
023-0001-8843	Lisu Yunnan	O2a2b1a1a1a4a2	O2a2b	5	Resolved	O2a2b1a1a1a4a2*	14	Unresolved
023-0001-8847	Lisu Yunnan	O2a2b1a1a1a4a2	O2a2b	5	Resolved	O2a2b1a1a1a4a2*	14	Unresolved
023-0001-8734	Yi Yunnan	O2a2b1a1a1a4a2	O2a2b	5	Resolved	O2a2b1a1a1a4a2*	14	Unresolved
023-0001-8735	Yi Yunnan	O2a2b1a1a1a4a2	O2a2b	5	Resolved	O2a2b1a1a1a4a2*	14	Unresolved
023-0001-8746	Yi Yunnan	O2a2b1a1a1a4a2	O2a2b	5	Resolved	O2a2b1a1a1a4a2*	14	Unresolved
023-0001-8748	Yi Yunnan	O2a2b1a1a1a4a2	O2a2b	5	Resolved	O2a2b1a1a1a4a2*	14	Unresolved
2W211709229083	Lahu Yunnan	O2a2b1a1a1a4a2	O2a2b	5	Resolved	O2a2b1a1a1a4a2*	14	Unresolved
2W341709229143	Lahu Yunnan	O2a2b1a1a1a4a2a	O2a2b	5	Resolved	O2a2b1a1a1a4a2a*	15	Unresolved
2W521709229257	Lahu Yunnan	O2a2b1a1a1a4a2a	O2a2b	5	Resolved	O2a2b1a1a1a4a2a*	15	Unresolved
023-0001-8833	Lisu Yunnan	O2a2b1a1a1a4a2a1a1	O2a2b	5	Resolved	O2a2b1a1a1a4a2a1	16	Resolved
111-1893-8321	Pumi Yunnan	O2a2b1a1a1a4a2a3	O2a2b	5	Resolved	O2a2b1a1a1a4a2a3	16	Resolved
023-0001-8754	Yi Yunnan	O2a2b1a1a1a4a2a3	O2a2b	5	Resolved	O2a2b1a1a1a4a2a3	16	Resolved
023-0001-8775	Yi Yunnan	O2a2b1a1a1a4a2a3	O2a2b	5	Resolved	O2a2b1a1a1a4a2a3	16	Resolved
023-0001-8776	Yi Yunnan	O2a2b1a1a1a4a2a3	O2a2b	5	Resolved	O2a2b1a1a1a4a2a3	16	Resolved
023-0001-8779	Yi Yunnan	O2a2b1a1a1a4a2a3	O2a2b	5	Resolved	O2a2b1a1a1a4a2a3	16	Resolved
023-0001-8780	Yi Yunnan	O2a2b1a1a1a4a2a3	O2a2b	5	Resolved	O2a2b1a1a1a4a2a3	16	Resolved
023-0001-8781	Yi Yunnan	O2a2b1a1a1a4a2a3	O2a2b	5	Resolved	O2a2b1a1a1a4a2a3	16	Resolved
023-0001-8782	Yi Yunnan	O2a2b1a1a1a4a2a3	O2a2b	5	Resolved	O2a2b1a1a1a4a2a3	16	Resolved
2W111808212730	Pumi Yunnan	O2a2b1a1a1a4a2a3	O2a2b	5	Resolved	O2a2b1a1a1a4a2a3	16	Resolved
2W601808160154	Pumi Yunnan	O2a2b1a1a1a4a2a3	O2a2b	5	Resolved	O2a2b1a1a1a4a2a3	16	Resolved
2W601808195980	Pumi Yunnan	O2a2b1a1a1a4a2a3	O2a2b	5	Resolved	O2a2b1a1a1a4a2a3	16	Resolved
2W821808198142	Pumi Yunnan	O2a2b1a1a1a4a2a3	O2a2b	5	Resolved	O2a2b1a1a1a4a2a3	16	Resolved
023-0001-8768	Bai Yunnan	O2a2b1a1a1c1	O2a2b	5	Resolved	O2a2b1a1a1c	11	Resolved
2W391808190054	Bai Yunnan	O2a2b1a1a1c1a1a	O2a2b	5	Resolved	O2a2b1a1a1c	11	Resolved
111-1870-4919	Bai Yunnan	O2a2b1a1a1c1a1a1	O2a2b	5	Resolved	O2a2b1a1a1c	11	Resolved
023-0001-8836	Lisu Yunnan	O2a2b1a1a1c1a1a1	O2a2b	5	Resolved	O2a2b1a1a1c	11	Resolved
2W661808190064	Bai Yunnan	O2a2b1a1a1c1a1a1	O2a2b	5	Resolved	O2a2b1a1a1c	11	Resolved
111-1202-5362	Yi Yunnan	O2a2b1a2a1a1a1a1a1	O2a2b	5	Resolved	O2a2b1a2	8	Resolved
111-1869-5323	Lisu Yunnan	O2a2b1a2a1a1a1a1a1a1a	O2a2b	5	Resolved	O2a2b1a2	8	Resolved
111-1281-0975	Naxi Yunnan	O2a2b1a2a1a1a2	O2a2b	5	Resolved	O2a2b1a2	8	Resolved
YN-518_BB0_00	Bai Yunnan	O2a2b1a2a1a1a2a1	O2a2b	5	Resolved	O2a2b1a2	8	Resolved
YN-107_BB1_01	Yi Yunnan	O2a2b1a2a1a1a2a1	O2a2b	5	Resolved	O2a2b1a2	8	Resolved
YN-395_BB1_01	Yi Yunnan	O2a2b1a2a1a1a2a1a1a	O2a2b	5	Resolved	O2a2b1a2	8	Resolved
E250104243_L01_8020	Naxi Yunnan	O2a2b1a2a1a1b	O2a2b	5	Resolved	O2a2b1a2	8	Resolved
E250104293_L01_8036	Naxi Yunnan	O2a2b1a2a1a1b	O2a2b	5	Resolved	O2a2b1a2	8	Resolved
YN-115_BB1_01	Yi Yunnan	O2a2b1a2a1a1b	O2a2b	5	Resolved	O2a2b1a2	8	Resolved
111-1695-5528	Yi Yunnan	O2a2b1a2a1a1b	O2a2b	5	Resolved	O2a2b1a2	8	Resolved
023-0001-8846	Lisu Yunnan	O2a2b1a2a1a1b1b2a1	O2a2b	5	Resolved	O2a2b1a2	8	Resolved
023-0001-8848	Lisu Yunnan	O2a2b1a2a1a1b1b2a1	O2a2b	5	Resolved	O2a2b1a2	8	Resolved
023-0001-8857	Lisu Yunnan	O2a2b1a2a1a1b1b2b2	O2a2b	5	Resolved	O2a2b1a2	8	Resolved
023-0001-8834	Lisu Yunnan	O2a2b2a1a	O2a2b	5	Resolved	O2a2b2a1	8	Resolved
E250104243_L01_8030	Naxi Yunnan	O2a2b2a1a	O2a2b	5	Resolved	O2a2b2a1	8	Resolved
E250104293_L01_8042	Naxi Yunnan	O2a2b2a1a	O2a2b	5	Resolved	O2a2b2a1	8	Resolved
E250104213_L01_8089	Pumi Yunnan	O2a2b2a1a	O2a2b	5	Resolved	O2a2b2a1	8	Resolved
E250104213_L01_8091	Pumi Yunnan	O2a2b2a1a	O2a2b	5	Resolved	O2a2b2a1	8	Resolved
E250104213_L01_8092	Pumi Yunnan	O2a2b2a1a	O2a2b	5	Resolved	O2a2b2a1	8	Resolved
E250104257_L01_8093	Pumi Yunnan	O2a2b2a1a	O2a2b	5	Resolved	O2a2b2a1	8	Resolved
E250104257_L01_8094	Pumi Yunnan	O2a2b2a1a	O2a2b	5	Resolved	O2a2b2a1	8	Resolved
E250104257_L01_8265	Pumi Yunnan	O2a2b2a1a	O2a2b	5	Resolved	O2a2b2a1	8	Resolved
E250104257_L01_8096	Pumi Yunnan	O2a2b2a1a	O2a2b	5	Resolved	O2a2b2a1	8	Resolved
E250104257_L01_8097	Pumi Yunnan	O2a2b2a1a	O2a2b	5	Resolved	O2a2b2a1	8	Resolved
E250104257_L01_8098	Pumi Yunnan	O2a2b2a1a	O2a2b	5	Resolved	O2a2b2a1	8	Resolved
E250104257_L01_8099	Pumi Yunnan	O2a2b2a1a	O2a2b	5	Resolved	O2a2b2a1	8	Resolved
023-0001-8759	Bai Yunnan	O2a2b2a2a	O2a2b	5	Resolved	O2a2b2a2	8	Resolved
023-0001-8767	Bai Yunnan	O2a2b2a2a	O2a2b	5	Resolved	O2a2b2a2	8	Resolved
111-1761-3304	Lahu Yunnan	O2a2b2a2a	O2a2b	5	Resolved	O2a2b2a2	8	Resolved
023-0001-8831	Lisu Yunnan	O2a2b2b1a	O2a2b	5	Resolved	O2a2b2b	7	Resolved
023-0001-8844	Lisu Yunnan	O2a2b2b1a	O2a2b	5	Resolved	O2a2b2b	7	Resolved
023-0001-8745	Yi Yunnan	O2b1b	O2b1b	5	Resolved	O2b	3	Resolved
E250104293_L01_8038	Naxi Yunnan	Q1a1a	Q1a1a	5	Resolved	Q1a1a*	5	Unresolved
GSRD009167A01_BB0_01	Bai Yunnan	Q1a1a1	Q1a1a	5	Resolved	Q1a1a1*	6	Unresolved
GSRD009167A00_BB0_01	Bai Yunnan	Q1a1a1	Q1a1a	5	Resolved	Q1a1a1*	6	Unresolved
MPG-HNZ-062A	Hani Yunnan	Q1a1a1	Q1a1a	5	Resolved	Q1a1a1*	6	Unresolved
MPG-HNZ-052A	Hani Yunnan	Q1a1a1	Q1a1a	5	Resolved	Q1a1a1*	6	Unresolved
MPG-HNZ-257A	Hani Yunnan	Q1a1a1	Q1a1a	5	Resolved	Q1a1a1*	6	Unresolved
MPG-HNZ-254A	Hani Yunnan	Q1a1a1	Q1a1a	5	Resolved	Q1a1a1*	6	Unresolved
MPG-HNZ-256A	Hani Yunnan	Q1a1a1	Q1a1a	5	Resolved	Q1a1a1*	6	Unresolved
MPG-HNZ-255A	Hani Yunnan	Q1a1a1	Q1a1a	5	Resolved	Q1a1a1*	6	Unresolved
MPG-HNZ-253A	Hani Yunnan	Q1a1a1	Q1a1a	5	Resolved	Q1a1a1*	6	Unresolved
MPG-HNZ-259A	Hani Yunnan	Q1a1a1	Q1a1a	5	Resolved	Q1a1a1*	6	Unresolved
MPG-HNZ-258A	Hani Yunnan	Q1a1a1	Q1a1a	5	Resolved	Q1a1a1*	6	Unresolved
MPG-HNZ-229A	Hani Yunnan	Q1a1a1	Q1a1a	5	Resolved	Q1a1a1*	6	Unresolved
MPG-HNZ-260A	Hani Yunnan	Q1a1a1	Q1a1a	5	Resolved	Q1a1a1*	6	Unresolved
MPG-HNZ-267A	Hani Yunnan	Q1a1a1	Q1a1a	5	Resolved	Q1a1a1*	6	Unresolved
MPG-HNZ-266A	Hani Yunnan	Q1a1a1	Q1a1a	5	Resolved	Q1a1a1*	6	Unresolved
MPG-HNZ-265A	Hani Yunnan	Q1a1a1	Q1a1a	5	Resolved	Q1a1a1*	6	Unresolved
MPG-HNZ-264A	Hani Yunnan	Q1a1a1	Q1a1a	5	Resolved	Q1a1a1*	6	Unresolved
MPG-HNZ-262A	Hani Yunnan	Q1a1a1	Q1a1a	5	Resolved	Q1a1a1*	6	Unresolved
MPG-HNZ-243A	Hani Yunnan	Q1a1a1	Q1a1a	5	Resolved	Q1a1a1*	6	Unresolved
MPG-HNZ-236A	Hani Yunnan	Q1a1a1	Q1a1a	5	Resolved	Q1a1a1*	6	Unresolved
MPG-HNZ-235A	Hani Yunnan	Q1a1a1	Q1a1a	5	Resolved	Q1a1a1*	6	Unresolved
HGDP01337	Naxi Yunnan	Q1a1a1	Q1a1a	5	Resolved	Q1a1a1*	6	Unresolved
HGDP01340	Naxi Yunnan	Q1a1a1a	Q1a1a	5	Resolved	Q1a1a1a*	7	Unresolved
HGDP01341	Naxi Yunnan	Q1a1a1a	Q1a1a	5	Resolved	Q1a1a1a*	7	Unresolved
023-0001-8835	Lisu Yunnan	R1b1a1b1b3a1a1b	R1b1a	5	Resolved	R1b1a1b1b	9	Resolved
023-0001-8858	Lisu Yunnan	R1b1a2b1	R1b1a	5	Resolved	R1b1a2	6	Resolved
