draw	time	log_ne
1	0.00000	11.37676
1	200.00000	11.37676
1	400.00000	11.37676
1	600.00000	11.37676
1	800.00000	11.37676
1	1000.00000	11.75244
1	1200.00000	11.75244
1	1400.00000	11.75244
1	1600.00000	11.75244
1	1800.00000	11.75244
1	2000.00000	11.22123
1	2200.00000	11.22123
1	2400.00000	11.22123
1	2600.00000	11.22123
1	2800.00000	11.22123
1	3000.00000	10.63980
1	3200.00000	10.63980
1	3400.00000	10.63980
1	3600.00000	10.63980
1	3800.00000	10.63980
1	4000.00000	9.97076
1	4200.00000	9.97076
1	4400.00000	9.97076
1	4600.00000	9.97076
1	4800.00000	9.97076
1	5000.00000	10.07485
1	5200.00000	10.07485
1	5400.00000	10.07485
1	5600.00000	10.07485
1	5800.00000	11.05813
1	6000.00000	11.05813
1	6200.00000	11.05813
1	6400.00000	11.05813
1	6600.00000	11.05813
1	6800.00000	10.17489
1	7000.00000	10.17489
1	7200.00000	10.17489
1	7400.00000	10.17489
1	7600.00000	10.17489
1	7800.00000	9.68577
1	8000.00000	9.68577
1	8200.00000	9.68577
1	8400.00000	9.68577
1	8600.00000	9.68577
1	8800.00000	9.31793
1	9000.00000	9.31793
1	9200.00000	9.31793
1	9400.00000	9.31793
1	9600.00000	9.31793
1	9800.00000	10.46545
1	10000.00000	10.46545
1	10200.00000	10.46545
1	10400.00000	10.46545
1	10600.00000	9.15400
1	10800.00000	9.15400
1	11000.00000	9.15400
1	11200.00000	9.15400
1	11400.00000	9.15400
1	11600.00000	9.77439
1	11800.00000	9.77439
1	12000.00000	9.77439
1	12200.00000	9.77439
1	12400.00000	9.77439
1	12600.00000	9.48446
1	12800.00000	9.48446
1	13000.00000	9.48446
1	13200.00000	9.48446
1	13400.00000	9.48446
1	13600.00000	10.14189
1	13800.00000	10.14189
1	14000.00000	10.14189
1	14200.00000	10.14189
1	14400.00000	10.14189
1	14600.00000	10.21393
1	14800.00000	10.21393
1	15000.00000	10.21393
1	15200.00000	10.21393
1	15400.00000	10.39050
1	15600.00000	10.39050
1	15800.00000	10.39050
1	16000.00000	10.39050
1	16200.00000	10.39050
1	16400.00000	8.77416
1	16600.00000	8.77416
1	16800.00000	8.77416
1	17000.00000	8.77416
1	17200.00000	8.77416
1	17400.00000	7.51432
1	17600.00000	7.51432
1	17800.00000	7.51432
1	18000.00000	7.51432
1	18200.00000	7.51432
1	18400.00000	8.63715
1	18600.00000	8.63715
1	18800.00000	8.63715
1	19000.00000	8.63715
1	19200.00000	8.63715
1	19400.00000	9.83797
1	19600.00000	9.83797
1	19800.00000	9.83797
1	20000.00000	9.83797
2	0.00000	11.68854
2	200.00000	11.68854
2	400.00000	11.68854
2	600.00000	11.68854
2	800.00000	11.68854
2	1000.00000	11.60558
2	1200.00000	11.60558
2	1400.00000	11.60558
2	1600.00000	11.60558
2	1800.00000	11.60558
2	2000.00000	11.08375
2	2200.00000	11.08375
2	2400.00000	11.08375
2	2600.00000	11.08375
2	2800.00000	11.08375
2	3000.00000	10.79958
2	3200.00000	10.79958
2	3400.00000	10.79958
2	3600.00000	10.79958
2	3800.00000	10.79958
2	4000.00000	10.05620
2	4200.00000	10.05620
2	4400.00000	10.05620
2	4600.00000	10.05620
2	4800.00000	10.05620
2	5000.00000	10.07282
2	5200.00000	10.07282
2	5400.00000	10.07282
2	5600.00000	10.07282
2	5800.00000	10.27050
2	6000.00000	10.27050
2	6200.00000	10.27050
2	6400.00000	10.27050
2	6600.00000	10.27050
2	6800.00000	10.06493
2	7000.00000	10.06493
2	7200.00000	10.06493
2	7400.00000	10.06493
2	7600.00000	10.06493
2	7800.00000	9.65383
2	8000.00000	9.65383
2	8200.00000	9.65383
2	8400.00000	9.65383
2	8600.00000	9.65383
2	8800.00000	9.85514
2	9000.00000	9.85514
2	9200.00000	9.85514
2	9400.00000	9.85514
2	9600.00000	9.85514
2	9800.00000	10.15697
2	10000.00000	10.15697
2	10200.00000	10.15697
2	10400.00000	10.15697
2	10600.00000	9.03448
2	10800.00000	9.03448
2	11000.00000	9.03448
2	11200.00000	9.03448
2	11400.00000	9.03448
2	11600.00000	9.85382
2	11800.00000	9.85382
2	12000.00000	9.85382
2	12200.00000	9.85382
2	12400.00000	9.85382
2	12600.00000	10.33042
2	12800.00000	10.33042
2	13000.00000	10.33042
2	13200.00000	10.33042
2	13400.00000	10.33042
2	13600.00000	10.22188
2	13800.00000	10.22188
2	14000.00000	10.22188
2	14200.00000	10.22188
2	14400.00000	10.22188
2	14600.00000	9.53086
2	14800.00000	9.53086
2	15000.00000	9.53086
2	15200.00000	9.53086
2	15400.00000	9.10777
2	15600.00000	9.10777
2	15800.00000	9.10777
2	16000.00000	9.10777
2	16200.00000	9.10777
2	16400.00000	9.11403
2	16600.00000	9.11403
2	16800.00000	9.11403
2	17000.00000	9.11403
2	17200.00000	9.11403
2	17400.00000	8.56433
2	17600.00000	8.56433
2	17800.00000	8.56433
2	18000.00000	8.56433
2	18200.00000	8.56433
2	18400.00000	7.84337
2	18600.00000	7.84337
2	18800.00000	7.84337
2	19000.00000	7.84337
2	19200.00000	7.84337
2	19400.00000	8.04925
2	19600.00000	8.04925
2	19800.00000	8.04925
2	20000.00000	8.04925
3	0.00000	11.57162
3	200.00000	11.57162
3	400.00000	11.57162
3	600.00000	11.57162
3	800.00000	11.57162
3	1000.00000	11.62962
3	1200.00000	11.62962
3	1400.00000	11.62962
3	1600.00000	11.62962
3	1800.00000	11.62962
3	2000.00000	11.56944
3	2200.00000	11.56944
3	2400.00000	11.56944
3	2600.00000	11.56944
3	2800.00000	11.56944
3	3000.00000	10.59942
3	3200.00000	10.59942
3	3400.00000	10.59942
3	3600.00000	10.59942
3	3800.00000	10.59942
3	4000.00000	9.61677
3	4200.00000	9.61677
3	4400.00000	9.61677
3	4600.00000	9.61677
3	4800.00000	9.61677
3	5000.00000	10.60503
3	5200.00000	10.60503
3	5400.00000	10.60503
3	5600.00000	10.60503
3	5800.00000	11.24108
3	6000.00000	11.24108
3	6200.00000	11.24108
3	6400.00000	11.24108
3	6600.00000	11.24108
3	6800.00000	9.78491
3	7000.00000	9.78491
3	7200.00000	9.78491
3	7400.00000	9.78491
3	7600.00000	9.78491
3	7800.00000	9.41908
3	8000.00000	9.41908
3	8200.00000	9.41908
3	8400.00000	9.41908
3	8600.00000	9.41908
3	8800.00000	9.65447
3	9000.00000	9.65447
3	9200.00000	9.65447
3	9400.00000	9.65447
3	9600.00000	9.65447
3	9800.00000	9.43509
3	10000.00000	9.43509
3	10200.00000	9.43509
3	10400.00000	9.43509
3	10600.00000	9.39754
3	10800.00000	9.39754
3	11000.00000	9.39754
3	11200.00000	9.39754
3	11400.00000	9.39754
3	11600.00000	10.22930
3	11800.00000	10.22930
3	12000.00000	10.22930
3	12200.00000	10.22930
3	12400.00000	10.22930
3	12600.00000	9.61535
3	12800.00000	9.61535
3	13000.00000	9.61535
3	13200.00000	9.61535
3	13400.00000	9.61535
3	13600.00000	9.66228
3	13800.00000	9.66228
3	14000.00000	9.66228
3	14200.00000	9.66228
3	14400.00000	9.66228
3	14600.00000	9.84365
3	14800.00000	9.84365
3	15000.00000	9.84365
3	15200.00000	9.84365
3	15400.00000	9.22043
3	15600.00000	9.22043
3	15800.00000	9.22043
3	16000.00000	9.22043
3	16200.00000	9.22043
3	16400.00000	9.02049
3	16600.00000	9.02049
3	16800.00000	9.02049
3	17000.00000	9.02049
3	17200.00000	9.02049
3	17400.00000	8.51449
3	17600.00000	8.51449
3	17800.00000	8.51449
3	18000.00000	8.51449
3	18200.00000	8.51449
3	18400.00000	8.99762
3	18600.00000	8.99762
3	18800.00000	8.99762
3	19000.00000	8.99762
3	19200.00000	8.99762
3	19400.00000	8.58132
3	19600.00000	8.58132
3	19800.00000	8.58132
3	20000.00000	8.58132
4	0.00000	11.91799
4	200.00000	11.91799
4	400.00000	11.91799
4	600.00000	11.91799
4	800.00000	11.91799
4	1000.00000	11.60440
4	1200.00000	11.60440
4	1400.00000	11.60440
4	1600.00000	11.60440
4	1800.00000	11.60440
4	2000.00000	11.40561
4	2200.00000	11.40561
4	2400.00000	11.40561
4	2600.00000	11.40561
4	2800.00000	11.40561
4	3000.00000	10.76263
4	3200.00000	10.76263
4	3400.00000	10.76263
4	3600.00000	10.76263
4	3800.00000	10.76263
4	4000.00000	10.14719
4	4200.00000	10.14719
4	4400.00000	10.14719
4	4600.00000	10.14719
4	4800.00000	10.14719
4	5000.00000	10.29371
4	5200.00000	10.29371
4	5400.00000	10.29371
4	5600.00000	10.29371
4	5800.00000	10.57405
4	6000.00000	10.57405
4	6200.00000	10.57405
4	6400.00000	10.57405
4	6600.00000	10.57405
4	6800.00000	9.97866
4	7000.00000	9.97866
4	7200.00000	9.97866
4	7400.00000	9.97866
4	7600.00000	9.97866
4	7800.00000	9.09502
4	8000.00000	9.09502
4	8200.00000	9.09502
4	8400.00000	9.09502
4	8600.00000	9.09502
4	8800.00000	9.90255
4	9000.00000	9.90255
4	9200.00000	9.90255
4	9400.00000	9.90255
4	9600.00000	9.90255
4	9800.00000	9.72239
4	10000.00000	9.72239
4	10200.00000	9.72239
4	10400.00000	9.72239
4	10600.00000	9.07329
4	10800.00000	9.07329
4	11000.00000	9.07329
4	11200.00000	9.07329
4	11400.00000	9.07329
4	11600.00000	10.11093
4	11800.00000	10.11093
4	12000.00000	10.11093
4	12200.00000	10.11093
4	12400.00000	10.11093
4	12600.00000	9.89430
4	12800.00000	9.89430
4	13000.00000	9.89430
4	13200.00000	9.89430
4	13400.00000	9.89430
4	13600.00000	9.74405
4	13800.00000	9.74405
4	14000.00000	9.74405
4	14200.00000	9.74405
4	14400.00000	9.74405
4	14600.00000	10.12628
4	14800.00000	10.12628
4	15000.00000	10.12628
4	15200.00000	10.12628
4	15400.00000	9.71326
4	15600.00000	9.71326
4	15800.00000	9.71326
4	16000.00000	9.71326
4	16200.00000	9.71326
4	16400.00000	9.76182
4	16600.00000	9.76182
4	16800.00000	9.76182
4	17000.00000	9.76182
4	17200.00000	9.76182
4	17400.00000	8.10410
4	17600.00000	8.10410
4	17800.00000	8.10410
4	18000.00000	8.10410
4	18200.00000	8.10410
4	18400.00000	8.08303
4	18600.00000	8.08303
4	18800.00000	8.08303
4	19000.00000	8.08303
4	19200.00000	8.08303
4	19400.00000	9.13806
4	19600.00000	9.13806
4	19800.00000	9.13806
4	20000.00000	9.13806
5	0.00000	11.68565
5	200.00000	11.68565
5	400.00000	11.68565
5	600.00000	11.68565
5	800.00000	11.68565
5	1000.00000	11.88747
5	1200.00000	11.88747
5	1400.00000	11.88747
5	1600.00000	11.88747
5	1800.00000	11.88747
5	2000.00000	11.27731
5	2200.00000	11.27731
5	2400.00000	11.27731
5	2600.00000	11.27731
5	2800.00000	11.27731
5	3000.00000	10.62306
5	3200.00000	10.62306
5	3400.00000	10.62306
5	3600.00000	10.62306
5	3800.00000	10.62306
5	4000.00000	9.95792
5	4200.00000	9.95792
5	4400.00000	9.95792
5	4600.00000	9.95792
5	4800.00000	9.95792
5	5000.00000	10.31300
5	5200.00000	10.31300
5	5400.00000	10.31300
5	5600.00000	10.31300
5	5800.00000	10.51972
5	6000.00000	10.51972
5	6200.00000	10.51972
5	6400.00000	10.51972
5	6600.00000	10.51972
5	6800.00000	10.05278
5	7000.00000	10.05278
5	7200.00000	10.05278
5	7400.00000	10.05278
5	7600.00000	10.05278
5	7800.00000	9.71639
5	8000.00000	9.71639
5	8200.00000	9.71639
5	8400.00000	9.71639
5	8600.00000	9.71639
5	8800.00000	9.45249
5	9000.00000	9.45249
5	9200.00000	9.45249
5	9400.00000	9.45249
5	9600.00000	9.45249
5	9800.00000	9.62771
5	10000.00000	9.62771
5	10200.00000	9.62771
5	10400.00000	9.62771
5	10600.00000	8.98205
5	10800.00000	8.98205
5	11000.00000	8.98205
5	11200.00000	8.98205
5	11400.00000	8.98205
5	11600.00000	9.15981
5	11800.00000	9.15981
5	12000.00000	9.15981
5	12200.00000	9.15981
5	12400.00000	9.15981
5	12600.00000	9.59214
5	12800.00000	9.59214
5	13000.00000	9.59214
5	13200.00000	9.59214
5	13400.00000	9.59214
5	13600.00000	9.74288
5	13800.00000	9.74288
5	14000.00000	9.74288
5	14200.00000	9.74288
5	14400.00000	9.74288
5	14600.00000	9.11822
5	14800.00000	9.11822
5	15000.00000	9.11822
5	15200.00000	9.11822
5	15400.00000	8.94773
5	15600.00000	8.94773
5	15800.00000	8.94773
5	16000.00000	8.94773
5	16200.00000	8.94773
5	16400.00000	8.75862
5	16600.00000	8.75862
5	16800.00000	8.75862
5	17000.00000	8.75862
5	17200.00000	8.75862
5	17400.00000	8.91978
5	17600.00000	8.91978
5	17800.00000	8.91978
5	18000.00000	8.91978
5	18200.00000	8.91978
5	18400.00000	8.18737
5	18600.00000	8.18737
5	18800.00000	8.18737
5	19000.00000	8.18737
5	19200.00000	8.18737
5	19400.00000	8.50121
5	19600.00000	8.50121
5	19800.00000	8.50121
5	20000.00000	8.50121
6	0.00000	11.81714
6	200.00000	11.81714
6	400.00000	11.81714
6	600.00000	11.81714
6	800.00000	11.81714
6	1000.00000	11.44234
6	1200.00000	11.44234
6	1400.00000	11.44234
6	1600.00000	11.44234
6	1800.00000	11.44234
6	2000.00000	11.52332
6	2200.00000	11.52332
6	2400.00000	11.52332
6	2600.00000	11.52332
6	2800.00000	11.52332
6	3000.00000	11.01300
6	3200.00000	11.01300
6	3400.00000	11.01300
6	3600.00000	11.01300
6	3800.00000	11.01300
6	4000.00000	9.68542
6	4200.00000	9.68542
6	4400.00000	9.68542
6	4600.00000	9.68542
6	4800.00000	9.68542
6	5000.00000	10.43803
6	5200.00000	10.43803
6	5400.00000	10.43803
6	5600.00000	10.43803
6	5800.00000	10.65235
6	6000.00000	10.65235
6	6200.00000	10.65235
6	6400.00000	10.65235
6	6600.00000	10.65235
6	6800.00000	9.97419
6	7000.00000	9.97419
6	7200.00000	9.97419
6	7400.00000	9.97419
6	7600.00000	9.97419
6	7800.00000	9.71950
6	8000.00000	9.71950
6	8200.00000	9.71950
6	8400.00000	9.71950
6	8600.00000	9.71950
6	8800.00000	9.73392
6	9000.00000	9.73392
6	9200.00000	9.73392
6	9400.00000	9.73392
6	9600.00000	9.73392
6	9800.00000	9.64700
6	10000.00000	9.64700
6	10200.00000	9.64700
6	10400.00000	9.64700
6	10600.00000	10.00461
6	10800.00000	10.00461
6	11000.00000	10.00461
6	11200.00000	10.00461
6	11400.00000	10.00461
6	11600.00000	10.45629
6	11800.00000	10.45629
6	12000.00000	10.45629
6	12200.00000	10.45629
6	12400.00000	10.45629
6	12600.00000	9.96264
6	12800.00000	9.96264
6	13000.00000	9.96264
6	13200.00000	9.96264
6	13400.00000	9.96264
6	13600.00000	9.62109
6	13800.00000	9.62109
6	14000.00000	9.62109
6	14200.00000	9.62109
6	14400.00000	9.62109
6	14600.00000	10.01059
6	14800.00000	10.01059
6	15000.00000	10.01059
6	15200.00000	10.01059
6	15400.00000	10.21950
6	15600.00000	10.21950
6	15800.00000	10.21950
6	16000.00000	10.21950
6	16200.00000	10.21950
6	16400.00000	9.11247
6	16600.00000	9.11247
6	16800.00000	9.11247
6	17000.00000	9.11247
6	17200.00000	9.11247
6	17400.00000	8.83440
6	17600.00000	8.83440
6	17800.00000	8.83440
6	18000.00000	8.83440
6	18200.00000	8.83440
6	18400.00000	8.04956
6	18600.00000	8.04956
6	18800.00000	8.04956
6	19000.00000	8.04956
6	19200.00000	8.04956
6	19400.00000	8.70123
6	19600.00000	8.70123
6	19800.00000	8.70123
6	20000.00000	8.70123
7	0.00000	11.95033
7	200.00000	11.95033
7	400.00000	11.95033
7	600.00000	11.95033
7	800.00000	11.95033
7	1000.00000	11.35368
7	1200.00000	11.35368
7	1400.00000	11.35368
7	1600.00000	11.35368
7	1800.00000	11.35368
7	2000.00000	11.45740
7	2200.00000	11.45740
7	2400.00000	11.45740
7	2600.00000	11.45740
7	2800.00000	11.45740
7	3000.00000	11.07274
7	3200.00000	11.07274
7	3400.00000	11.07274
7	3600.00000	11.07274
7	3800.00000	11.07274
7	4000.00000	9.64422
7	4200.00000	9.64422
7	4400.00000	9.64422
7	4600.00000	9.64422
7	4800.00000	9.64422
7	5000.00000	10.51565
7	5200.00000	10.51565
7	5400.00000	10.51565
7	5600.00000	10.51565
7	5800.00000	10.45758
7	6000.00000	10.45758
7	6200.00000	10.45758
7	6400.00000	10.45758
7	6600.00000	10.45758
7	6800.00000	10.78061
7	7000.00000	10.78061
7	7200.00000	10.78061
7	7400.00000	10.78061
7	7600.00000	10.78061
7	7800.00000	9.63926
7	8000.00000	9.63926
7	8200.00000	9.63926
7	8400.00000	9.63926
7	8600.00000	9.63926
7	8800.00000	9.61159
7	9000.00000	9.61159
7	9200.00000	9.61159
7	9400.00000	9.61159
7	9600.00000	9.61159
7	9800.00000	9.56230
7	10000.00000	9.56230
7	10200.00000	9.56230
7	10400.00000	9.56230
7	10600.00000	9.62581
7	10800.00000	9.62581
7	11000.00000	9.62581
7	11200.00000	9.62581
7	11400.00000	9.62581
7	11600.00000	10.11091
7	11800.00000	10.11091
7	12000.00000	10.11091
7	12200.00000	10.11091
7	12400.00000	10.11091
7	12600.00000	10.39940
7	12800.00000	10.39940
7	13000.00000	10.39940
7	13200.00000	10.39940
7	13400.00000	10.39940
7	13600.00000	10.96481
7	13800.00000	10.96481
7	14000.00000	10.96481
7	14200.00000	10.96481
7	14400.00000	10.96481
7	14600.00000	9.50272
7	14800.00000	9.50272
7	15000.00000	9.50272
7	15200.00000	9.50272
7	15400.00000	9.16132
7	15600.00000	9.16132
7	15800.00000	9.16132
7	16000.00000	9.16132
7	16200.00000	9.16132
7	16400.00000	9.56969
7	16600.00000	9.56969
7	16800.00000	9.56969
7	17000.00000	9.56969
7	17200.00000	9.56969
7	17400.00000	9.59944
7	17600.00000	9.59944
7	17800.00000	9.59944
7	18000.00000	9.59944
7	18200.00000	9.59944
7	18400.00000	7.56520
7	18600.00000	7.56520
7	18800.00000	7.56520
7	19000.00000	7.56520
7	19200.00000	7.56520
7	19400.00000	9.05206
7	19600.00000	9.05206
7	19800.00000	9.05206
7	20000.00000	9.05206
8	0.00000	11.77054
8	200.00000	11.77054
8	400.00000	11.77054
8	600.00000	11.77054
8	800.00000	11.77054
8	1000.00000	11.61918
8	1200.00000	11.61918
8	1400.00000	11.61918
8	1600.00000	11.61918
8	1800.00000	11.61918
8	2000.00000	11.74597
8	2200.00000	11.74597
8	2400.00000	11.74597
8	2600.00000	11.74597
8	2800.00000	11.74597
8	3000.00000	10.65756
8	3200.00000	10.65756
8	3400.00000	10.65756
8	3600.00000	10.65756
8	3800.00000	10.65756
8	4000.00000	9.85860
8	4200.00000	9.85860
8	4400.00000	9.85860
8	4600.00000	9.85860
8	4800.00000	9.85860
8	5000.00000	10.45195
8	5200.00000	10.45195
8	5400.00000	10.45195
8	5600.00000	10.45195
8	5800.00000	10.82955
8	6000.00000	10.82955
8	6200.00000	10.82955
8	6400.00000	10.82955
8	6600.00000	10.82955
8	6800.00000	10.60919
8	7000.00000	10.60919
8	7200.00000	10.60919
8	7400.00000	10.60919
8	7600.00000	10.60919
8	7800.00000	9.47896
8	8000.00000	9.47896
8	8200.00000	9.47896
8	8400.00000	9.47896
8	8600.00000	9.47896
8	8800.00000	9.66127
8	9000.00000	9.66127
8	9200.00000	9.66127
8	9400.00000	9.66127
8	9600.00000	9.66127
8	9800.00000	9.52915
8	10000.00000	9.52915
8	10200.00000	9.52915
8	10400.00000	9.52915
8	10600.00000	9.04677
8	10800.00000	9.04677
8	11000.00000	9.04677
8	11200.00000	9.04677
8	11400.00000	9.04677
8	11600.00000	10.24381
8	11800.00000	10.24381
8	12000.00000	10.24381
8	12200.00000	10.24381
8	12400.00000	10.24381
8	12600.00000	10.28019
8	12800.00000	10.28019
8	13000.00000	10.28019
8	13200.00000	10.28019
8	13400.00000	10.28019
8	13600.00000	9.58372
8	13800.00000	9.58372
8	14000.00000	9.58372
8	14200.00000	9.58372
8	14400.00000	9.58372
8	14600.00000	9.21132
8	14800.00000	9.21132
8	15000.00000	9.21132
8	15200.00000	9.21132
8	15400.00000	9.06252
8	15600.00000	9.06252
8	15800.00000	9.06252
8	16000.00000	9.06252
8	16200.00000	9.06252
8	16400.00000	10.06263
8	16600.00000	10.06263
8	16800.00000	10.06263
8	17000.00000	10.06263
8	17200.00000	10.06263
8	17400.00000	9.49116
8	17600.00000	9.49116
8	17800.00000	9.49116
8	18000.00000	9.49116
8	18200.00000	9.49116
8	18400.00000	9.13781
8	18600.00000	9.13781
8	18800.00000	9.13781
8	19000.00000	9.13781
8	19200.00000	9.13781
8	19400.00000	7.99228
8	19600.00000	7.99228
8	19800.00000	7.99228
8	20000.00000	7.99228
9	0.00000	11.59118
9	200.00000	11.59118
9	400.00000	11.59118
9	600.00000	11.59118
9	800.00000	11.59118
9	1000.00000	11.55283
9	1200.00000	11.55283
9	1400.00000	11.55283
9	1600.00000	11.55283
9	1800.00000	11.55283
9	2000.00000	11.59019
9	2200.00000	11.59019
9	2400.00000	11.59019
9	2600.00000	11.59019
9	2800.00000	11.59019
9	3000.00000	10.32032
9	3200.00000	10.32032
9	3400.00000	10.32032
9	3600.00000	10.32032
9	3800.00000	10.32032
9	4000.00000	10.38027
9	4200.00000	10.38027
9	4400.00000	10.38027
9	4600.00000	10.38027
9	4800.00000	10.38027
9	5000.00000	9.94028
9	5200.00000	9.94028
9	5400.00000	9.94028
9	5600.00000	9.94028
9	5800.00000	10.62548
9	6000.00000	10.62548
9	6200.00000	10.62548
9	6400.00000	10.62548
9	6600.00000	10.62548
9	6800.00000	10.04438
9	7000.00000	10.04438
9	7200.00000	10.04438
9	7400.00000	10.04438
9	7600.00000	10.04438
9	7800.00000	9.40776
9	8000.00000	9.40776
9	8200.00000	9.40776
9	8400.00000	9.40776
9	8600.00000	9.40776
9	8800.00000	9.52473
9	9000.00000	9.52473
9	9200.00000	9.52473
9	9400.00000	9.52473
9	9600.00000	9.52473
9	9800.00000	9.28201
9	10000.00000	9.28201
9	10200.00000	9.28201
9	10400.00000	9.28201
9	10600.00000	9.71263
9	10800.00000	9.71263
9	11000.00000	9.71263
9	11200.00000	9.71263
9	11400.00000	9.71263
9	11600.00000	9.73512
9	11800.00000	9.73512
9	12000.00000	9.73512
9	12200.00000	9.73512
9	12400.00000	9.73512
9	12600.00000	9.51342
9	12800.00000	9.51342
9	13000.00000	9.51342
9	13200.00000	9.51342
9	13400.00000	9.51342
9	13600.00000	10.37709
9	13800.00000	10.37709
9	14000.00000	10.37709
9	14200.00000	10.37709
9	14400.00000	10.37709
9	14600.00000	8.66470
9	14800.00000	8.66470
9	15000.00000	8.66470
9	15200.00000	8.66470
9	15400.00000	9.00838
9	15600.00000	9.00838
9	15800.00000	9.00838
9	16000.00000	9.00838
9	16200.00000	9.00838
9	16400.00000	8.56542
9	16600.00000	8.56542
9	16800.00000	8.56542
9	17000.00000	8.56542
9	17200.00000	8.56542
9	17400.00000	8.55445
9	17600.00000	8.55445
9	17800.00000	8.55445
9	18000.00000	8.55445
9	18200.00000	8.55445
9	18400.00000	8.63852
9	18600.00000	8.63852
9	18800.00000	8.63852
9	19000.00000	8.63852
9	19200.00000	8.63852
9	19400.00000	8.06066
9	19600.00000	8.06066
9	19800.00000	8.06066
9	20000.00000	8.06066
10	0.00000	11.50613
10	200.00000	11.50613
10	400.00000	11.50613
10	600.00000	11.50613
10	800.00000	11.50613
10	1000.00000	11.48573
10	1200.00000	11.48573
10	1400.00000	11.48573
10	1600.00000	11.48573
10	1800.00000	11.48573
10	2000.00000	11.22789
10	2200.00000	11.22789
10	2400.00000	11.22789
10	2600.00000	11.22789
10	2800.00000	11.22789
10	3000.00000	10.53214
10	3200.00000	10.53214
10	3400.00000	10.53214
10	3600.00000	10.53214
10	3800.00000	10.53214
10	4000.00000	9.97628
10	4200.00000	9.97628
10	4400.00000	9.97628
10	4600.00000	9.97628
10	4800.00000	9.97628
10	5000.00000	10.35515
10	5200.00000	10.35515
10	5400.00000	10.35515
10	5600.00000	10.35515
10	5800.00000	10.22943
10	6000.00000	10.22943
10	6200.00000	10.22943
10	6400.00000	10.22943
10	6600.00000	10.22943
10	6800.00000	9.99283
10	7000.00000	9.99283
10	7200.00000	9.99283
10	7400.00000	9.99283
10	7600.00000	9.99283
10	7800.00000	9.48233
10	8000.00000	9.48233
10	8200.00000	9.48233
10	8400.00000	9.48233
10	8600.00000	9.48233
10	8800.00000	9.77024
10	9000.00000	9.77024
10	9200.00000	9.77024
10	9400.00000	9.77024
10	9600.00000	9.77024
10	9800.00000	9.94054
10	10000.00000	9.94054
10	10200.00000	9.94054
10	10400.00000	9.94054
10	10600.00000	9.55091
10	10800.00000	9.55091
10	11000.00000	9.55091
10	11200.00000	9.55091
10	11400.00000	9.55091
10	11600.00000	9.48643
10	11800.00000	9.48643
10	12000.00000	9.48643
10	12200.00000	9.48643
10	12400.00000	9.48643
10	12600.00000	9.47420
10	12800.00000	9.47420
10	13000.00000	9.47420
10	13200.00000	9.47420
10	13400.00000	9.47420
10	13600.00000	9.79673
10	13800.00000	9.79673
10	14000.00000	9.79673
10	14200.00000	9.79673
10	14400.00000	9.79673
10	14600.00000	9.25056
10	14800.00000	9.25056
10	15000.00000	9.25056
10	15200.00000	9.25056
10	15400.00000	9.17441
10	15600.00000	9.17441
10	15800.00000	9.17441
10	16000.00000	9.17441
10	16200.00000	9.17441
10	16400.00000	8.68789
10	16600.00000	8.68789
10	16800.00000	8.68789
10	17000.00000	8.68789
10	17200.00000	8.68789
10	17400.00000	8.45065
10	17600.00000	8.45065
10	17800.00000	8.45065
10	18000.00000	8.45065
10	18200.00000	8.45065
10	18400.00000	9.09515
10	18600.00000	9.09515
10	18800.00000	9.09515
10	19000.00000	9.09515
10	19200.00000	9.09515
10	19400.00000	8.93360
10	19600.00000	8.93360
10	19800.00000	8.93360
10	20000.00000	8.93360
11	0.00000	11.80577
11	200.00000	11.80577
11	400.00000	11.80577
11	600.00000	11.80577
11	800.00000	11.80577
11	1000.00000	11.55930
11	1200.00000	11.55930
11	1400.00000	11.55930
11	1600.00000	11.55930
11	1800.00000	11.55930
11	2000.00000	11.13582
11	2200.00000	11.13582
11	2400.00000	11.13582
11	2600.00000	11.13582
11	2800.00000	11.13582
11	3000.00000	10.65755
11	3200.00000	10.65755
11	3400.00000	10.65755
11	3600.00000	10.65755
11	3800.00000	10.65755
11	4000.00000	9.81121
11	4200.00000	9.81121
11	4400.00000	9.81121
11	4600.00000	9.81121
11	4800.00000	9.81121
11	5000.00000	10.20246
11	5200.00000	10.20246
11	5400.00000	10.20246
11	5600.00000	10.20246
11	5800.00000	10.91280
11	6000.00000	10.91280
11	6200.00000	10.91280
11	6400.00000	10.91280
11	6600.00000	10.91280
11	6800.00000	9.97267
11	7000.00000	9.97267
11	7200.00000	9.97267
11	7400.00000	9.97267
11	7600.00000	9.97267
11	7800.00000	9.55282
11	8000.00000	9.55282
11	8200.00000	9.55282
11	8400.00000	9.55282
11	8600.00000	9.55282
11	8800.00000	10.13562
11	9000.00000	10.13562
11	9200.00000	10.13562
11	9400.00000	10.13562
11	9600.00000	10.13562
11	9800.00000	9.60799
11	10000.00000	9.60799
11	10200.00000	9.60799
11	10400.00000	9.60799
11	10600.00000	9.38793
11	10800.00000	9.38793
11	11000.00000	9.38793
11	11200.00000	9.38793
11	11400.00000	9.38793
11	11600.00000	10.08467
11	11800.00000	10.08467
11	12000.00000	10.08467
11	12200.00000	10.08467
11	12400.00000	10.08467
11	12600.00000	9.85453
11	12800.00000	9.85453
11	13000.00000	9.85453
11	13200.00000	9.85453
11	13400.00000	9.85453
11	13600.00000	10.40126
11	13800.00000	10.40126
11	14000.00000	10.40126
11	14200.00000	10.40126
11	14400.00000	10.40126
11	14600.00000	9.05647
11	14800.00000	9.05647
11	15000.00000	9.05647
11	15200.00000	9.05647
11	15400.00000	9.57173
11	15600.00000	9.57173
11	15800.00000	9.57173
11	16000.00000	9.57173
11	16200.00000	9.57173
11	16400.00000	9.23870
11	16600.00000	9.23870
11	16800.00000	9.23870
11	17000.00000	9.23870
11	17200.00000	9.23870
11	17400.00000	8.67168
11	17600.00000	8.67168
11	17800.00000	8.67168
11	18000.00000	8.67168
11	18200.00000	8.67168
11	18400.00000	7.52736
11	18600.00000	7.52736
11	18800.00000	7.52736
11	19000.00000	7.52736
11	19200.00000	7.52736
11	19400.00000	10.37831
11	19600.00000	10.37831
11	19800.00000	10.37831
11	20000.00000	10.37831
12	0.00000	11.54355
12	200.00000	11.54355
12	400.00000	11.54355
12	600.00000	11.54355
12	800.00000	11.54355
12	1000.00000	11.83037
12	1200.00000	11.83037
12	1400.00000	11.83037
12	1600.00000	11.83037
12	1800.00000	11.83037
12	2000.00000	11.23415
12	2200.00000	11.23415
12	2400.00000	11.23415
12	2600.00000	11.23415
12	2800.00000	11.23415
12	3000.00000	10.40021
12	3200.00000	10.40021
12	3400.00000	10.40021
12	3600.00000	10.40021
12	3800.00000	10.40021
12	4000.00000	9.96536
12	4200.00000	9.96536
12	4400.00000	9.96536
12	4600.00000	9.96536
12	4800.00000	9.96536
12	5000.00000	10.63467
12	5200.00000	10.63467
12	5400.00000	10.63467
12	5600.00000	10.63467
12	5800.00000	10.76448
12	6000.00000	10.76448
12	6200.00000	10.76448
12	6400.00000	10.76448
12	6600.00000	10.76448
12	6800.00000	9.94345
12	7000.00000	9.94345
12	7200.00000	9.94345
12	7400.00000	9.94345
12	7600.00000	9.94345
12	7800.00000	9.70317
12	8000.00000	9.70317
12	8200.00000	9.70317
12	8400.00000	9.70317
12	8600.00000	9.70317
12	8800.00000	9.02369
12	9000.00000	9.02369
12	9200.00000	9.02369
12	9400.00000	9.02369
12	9600.00000	9.02369
12	9800.00000	9.22127
12	10000.00000	9.22127
12	10200.00000	9.22127
12	10400.00000	9.22127
12	10600.00000	9.32056
12	10800.00000	9.32056
12	11000.00000	9.32056
12	11200.00000	9.32056
12	11400.00000	9.32056
12	11600.00000	9.48063
12	11800.00000	9.48063
12	12000.00000	9.48063
12	12200.00000	9.48063
12	12400.00000	9.48063
12	12600.00000	9.66563
12	12800.00000	9.66563
12	13000.00000	9.66563
12	13200.00000	9.66563
12	13400.00000	9.66563
12	13600.00000	9.91153
12	13800.00000	9.91153
12	14000.00000	9.91153
12	14200.00000	9.91153
12	14400.00000	9.91153
12	14600.00000	9.32462
12	14800.00000	9.32462
12	15000.00000	9.32462
12	15200.00000	9.32462
12	15400.00000	8.37988
12	15600.00000	8.37988
12	15800.00000	8.37988
12	16000.00000	8.37988
12	16200.00000	8.37988
12	16400.00000	9.42849
12	16600.00000	9.42849
12	16800.00000	9.42849
12	17000.00000	9.42849
12	17200.00000	9.42849
12	17400.00000	9.33755
12	17600.00000	9.33755
12	17800.00000	9.33755
12	18000.00000	9.33755
12	18200.00000	9.33755
12	18400.00000	7.76800
12	18600.00000	7.76800
12	18800.00000	7.76800
12	19000.00000	7.76800
12	19200.00000	7.76800
12	19400.00000	8.30146
12	19600.00000	8.30146
12	19800.00000	8.30146
12	20000.00000	8.30146
13	0.00000	11.75917
13	200.00000	11.75917
13	400.00000	11.75917
13	600.00000	11.75917
13	800.00000	11.75917
13	1000.00000	11.58456
13	1200.00000	11.58456
13	1400.00000	11.58456
13	1600.00000	11.58456
13	1800.00000	11.58456
13	2000.00000	11.68217
13	2200.00000	11.68217
13	2400.00000	11.68217
13	2600.00000	11.68217
13	2800.00000	11.68217
13	3000.00000	10.68623
13	3200.00000	10.68623
13	3400.00000	10.68623
13	3600.00000	10.68623
13	3800.00000	10.68623
13	4000.00000	9.80195
13	4200.00000	9.80195
13	4400.00000	9.80195
13	4600.00000	9.80195
13	4800.00000	9.80195
13	5000.00000	10.22682
13	5200.00000	10.22682
13	5400.00000	10.22682
13	5600.00000	10.22682
13	5800.00000	10.60128
13	6000.00000	10.60128
13	6200.00000	10.60128
13	6400.00000	10.60128
13	6600.00000	10.60128
13	6800.00000	10.03536
13	7000.00000	10.03536
13	7200.00000	10.03536
13	7400.00000	10.03536
13	7600.00000	10.03536
13	7800.00000	9.41069
13	8000.00000	9.41069
13	8200.00000	9.41069
13	8400.00000	9.41069
13	8600.00000	9.41069
13	8800.00000	9.76128
13	9000.00000	9.76128
13	9200.00000	9.76128
13	9400.00000	9.76128
13	9600.00000	9.76128
13	9800.00000	9.29178
13	10000.00000	9.29178
13	10200.00000	9.29178
13	10400.00000	9.29178
13	10600.00000	9.97189
13	10800.00000	9.97189
13	11000.00000	9.97189
13	11200.00000	9.97189
13	11400.00000	9.97189
13	11600.00000	10.02963
13	11800.00000	10.02963
13	12000.00000	10.02963
13	12200.00000	10.02963
13	12400.00000	10.02963
13	12600.00000	10.05730
13	12800.00000	10.05730
13	13000.00000	10.05730
13	13200.00000	10.05730
13	13400.00000	10.05730
13	13600.00000	9.95908
13	13800.00000	9.95908
13	14000.00000	9.95908
13	14200.00000	9.95908
13	14400.00000	9.95908
13	14600.00000	9.35225
13	14800.00000	9.35225
13	15000.00000	9.35225
13	15200.00000	9.35225
13	15400.00000	9.22618
13	15600.00000	9.22618
13	15800.00000	9.22618
13	16000.00000	9.22618
13	16200.00000	9.22618
13	16400.00000	9.28449
13	16600.00000	9.28449
13	16800.00000	9.28449
13	17000.00000	9.28449
13	17200.00000	9.28449
13	17400.00000	8.68718
13	17600.00000	8.68718
13	17800.00000	8.68718
13	18000.00000	8.68718
13	18200.00000	8.68718
13	18400.00000	8.53185
13	18600.00000	8.53185
13	18800.00000	8.53185
13	19000.00000	8.53185
13	19200.00000	8.53185
13	19400.00000	8.75834
13	19600.00000	8.75834
13	19800.00000	8.75834
13	20000.00000	8.75834
14	0.00000	11.67925
14	200.00000	11.67925
14	400.00000	11.67925
14	600.00000	11.67925
14	800.00000	11.67925
14	1000.00000	11.89581
14	1200.00000	11.89581
14	1400.00000	11.89581
14	1600.00000	11.89581
14	1800.00000	11.89581
14	2000.00000	11.18058
14	2200.00000	11.18058
14	2400.00000	11.18058
14	2600.00000	11.18058
14	2800.00000	11.18058
14	3000.00000	10.71837
14	3200.00000	10.71837
14	3400.00000	10.71837
14	3600.00000	10.71837
14	3800.00000	10.71837
14	4000.00000	9.95960
14	4200.00000	9.95960
14	4400.00000	9.95960
14	4600.00000	9.95960
14	4800.00000	9.95960
14	5000.00000	10.09242
14	5200.00000	10.09242
14	5400.00000	10.09242
14	5600.00000	10.09242
14	5800.00000	10.63072
14	6000.00000	10.63072
14	6200.00000	10.63072
14	6400.00000	10.63072
14	6600.00000	10.63072
14	6800.00000	10.04851
14	7000.00000	10.04851
14	7200.00000	10.04851
14	7400.00000	10.04851
14	7600.00000	10.04851
14	7800.00000	9.48397
14	8000.00000	9.48397
14	8200.00000	9.48397
14	8400.00000	9.48397
14	8600.00000	9.48397
14	8800.00000	9.82128
14	9000.00000	9.82128
14	9200.00000	9.82128
14	9400.00000	9.82128
14	9600.00000	9.82128
14	9800.00000	9.20125
14	10000.00000	9.20125
14	10200.00000	9.20125
14	10400.00000	9.20125
14	10600.00000	9.47503
14	10800.00000	9.47503
14	11000.00000	9.47503
14	11200.00000	9.47503
14	11400.00000	9.47503
14	11600.00000	9.62711
14	11800.00000	9.62711
14	12000.00000	9.62711
14	12200.00000	9.62711
14	12400.00000	9.62711
14	12600.00000	9.95484
14	12800.00000	9.95484
14	13000.00000	9.95484
14	13200.00000	9.95484
14	13400.00000	9.95484
14	13600.00000	10.49507
14	13800.00000	10.49507
14	14000.00000	10.49507
14	14200.00000	10.49507
14	14400.00000	10.49507
14	14600.00000	9.56684
14	14800.00000	9.56684
14	15000.00000	9.56684
14	15200.00000	9.56684
14	15400.00000	9.22435
14	15600.00000	9.22435
14	15800.00000	9.22435
14	16000.00000	9.22435
14	16200.00000	9.22435
14	16400.00000	8.37673
14	16600.00000	8.37673
14	16800.00000	8.37673
14	17000.00000	8.37673
14	17200.00000	8.37673
14	17400.00000	7.95322
14	17600.00000	7.95322
14	17800.00000	7.95322
14	18000.00000	7.95322
14	18200.00000	7.95322
14	18400.00000	8.93394
14	18600.00000	8.93394
14	18800.00000	8.93394
14	19000.00000	8.93394
14	19200.00000	8.93394
14	19400.00000	8.93126
14	19600.00000	8.93126
14	19800.00000	8.93126
14	20000.00000	8.93126
15	0.00000	11.74471
15	200.00000	11.74471
15	400.00000	11.74471
15	600.00000	11.74471
15	800.00000	11.74471
15	1000.00000	11.49181
15	1200.00000	11.49181
15	1400.00000	11.49181
15	1600.00000	11.49181
15	1800.00000	11.49181
15	2000.00000	11.44746
15	2200.00000	11.44746
15	2400.00000	11.44746
15	2600.00000	11.44746
15	2800.00000	11.44746
15	3000.00000	10.97399
15	3200.00000	10.97399
15	3400.00000	10.97399
15	3600.00000	10.97399
15	3800.00000	10.97399
15	4000.00000	9.83200
15	4200.00000	9.83200
15	4400.00000	9.83200
15	4600.00000	9.83200
15	4800.00000	9.83200
15	5000.00000	10.60742
15	5200.00000	10.60742
15	5400.00000	10.60742
15	5600.00000	10.60742
15	5800.00000	10.89929
15	6000.00000	10.89929
15	6200.00000	10.89929
15	6400.00000	10.89929
15	6600.00000	10.89929
15	6800.00000	10.27819
15	7000.00000	10.27819
15	7200.00000	10.27819
15	7400.00000	10.27819
15	7600.00000	10.27819
15	7800.00000	9.50469
15	8000.00000	9.50469
15	8200.00000	9.50469
15	8400.00000	9.50469
15	8600.00000	9.50469
15	8800.00000	9.13978
15	9000.00000	9.13978
15	9200.00000	9.13978
15	9400.00000	9.13978
15	9600.00000	9.13978
15	9800.00000	9.52696
15	10000.00000	9.52696
15	10200.00000	9.52696
15	10400.00000	9.52696
15	10600.00000	9.06742
15	10800.00000	9.06742
15	11000.00000	9.06742
15	11200.00000	9.06742
15	11400.00000	9.06742
15	11600.00000	10.39844
15	11800.00000	10.39844
15	12000.00000	10.39844
15	12200.00000	10.39844
15	12400.00000	10.39844
15	12600.00000	10.29872
15	12800.00000	10.29872
15	13000.00000	10.29872
15	13200.00000	10.29872
15	13400.00000	10.29872
15	13600.00000	10.20299
15	13800.00000	10.20299
15	14000.00000	10.20299
15	14200.00000	10.20299
15	14400.00000	10.20299
15	14600.00000	9.46243
15	14800.00000	9.46243
15	15000.00000	9.46243
15	15200.00000	9.46243
15	15400.00000	9.41219
15	15600.00000	9.41219
15	15800.00000	9.41219
15	16000.00000	9.41219
15	16200.00000	9.41219
15	16400.00000	9.21377
15	16600.00000	9.21377
15	16800.00000	9.21377
15	17000.00000	9.21377
15	17200.00000	9.21377
15	17400.00000	8.40458
15	17600.00000	8.40458
15	17800.00000	8.40458
15	18000.00000	8.40458
15	18200.00000	8.40458
15	18400.00000	7.33936
15	18600.00000	7.33936
15	18800.00000	7.33936
15	19000.00000	7.33936
15	19200.00000	7.33936
15	19400.00000	8.45116
15	19600.00000	8.45116
15	19800.00000	8.45116
15	20000.00000	8.45116
16	0.00000	11.74651
16	200.00000	11.74651
16	400.00000	11.74651
16	600.00000	11.74651
16	800.00000	11.74651
16	1000.00000	11.50220
16	1200.00000	11.50220
16	1400.00000	11.50220
16	1600.00000	11.50220
16	1800.00000	11.50220
16	2000.00000	11.28119
16	2200.00000	11.28119
16	2400.00000	11.28119
16	2600.00000	11.28119
16	2800.00000	11.28119
16	3000.00000	10.61498
16	3200.00000	10.61498
16	3400.00000	10.61498
16	3600.00000	10.61498
16	3800.00000	10.61498
16	4000.00000	10.23478
16	4200.00000	10.23478
16	4400.00000	10.23478
16	4600.00000	10.23478
16	4800.00000	10.23478
16	5000.00000	10.25588
16	5200.00000	10.25588
16	5400.00000	10.25588
16	5600.00000	10.25588
16	5800.00000	10.29274
16	6000.00000	10.29274
16	6200.00000	10.29274
16	6400.00000	10.29274
16	6600.00000	10.29274
16	6800.00000	10.37028
16	7000.00000	10.37028
16	7200.00000	10.37028
16	7400.00000	10.37028
16	7600.00000	10.37028
16	7800.00000	9.75512
16	8000.00000	9.75512
16	8200.00000	9.75512
16	8400.00000	9.75512
16	8600.00000	9.75512
16	8800.00000	9.72277
16	9000.00000	9.72277
16	9200.00000	9.72277
16	9400.00000	9.72277
16	9600.00000	9.72277
16	9800.00000	9.81618
16	10000.00000	9.81618
16	10200.00000	9.81618
16	10400.00000	9.81618
16	10600.00000	9.12174
16	10800.00000	9.12174
16	11000.00000	9.12174
16	11200.00000	9.12174
16	11400.00000	9.12174
16	11600.00000	9.77826
16	11800.00000	9.77826
16	12000.00000	9.77826
16	12200.00000	9.77826
16	12400.00000	9.77826
16	12600.00000	9.85841
16	12800.00000	9.85841
16	13000.00000	9.85841
16	13200.00000	9.85841
16	13400.00000	9.85841
16	13600.00000	9.75343
16	13800.00000	9.75343
16	14000.00000	9.75343
16	14200.00000	9.75343
16	14400.00000	9.75343
16	14600.00000	9.62359
16	14800.00000	9.62359
16	15000.00000	9.62359
16	15200.00000	9.62359
16	15400.00000	9.55553
16	15600.00000	9.55553
16	15800.00000	9.55553
16	16000.00000	9.55553
16	16200.00000	9.55553
16	16400.00000	8.92083
16	16600.00000	8.92083
16	16800.00000	8.92083
16	17000.00000	8.92083
16	17200.00000	8.92083
16	17400.00000	8.15164
16	17600.00000	8.15164
16	17800.00000	8.15164
16	18000.00000	8.15164
16	18200.00000	8.15164
16	18400.00000	8.65824
16	18600.00000	8.65824
16	18800.00000	8.65824
16	19000.00000	8.65824
16	19200.00000	8.65824
16	19400.00000	8.70206
16	19600.00000	8.70206
16	19800.00000	8.70206
16	20000.00000	8.70206
17	0.00000	11.76531
17	200.00000	11.76531
17	400.00000	11.76531
17	600.00000	11.76531
17	800.00000	11.76531
17	1000.00000	11.51248
17	1200.00000	11.51248
17	1400.00000	11.51248
17	1600.00000	11.51248
17	1800.00000	11.51248
17	2000.00000	11.45693
17	2200.00000	11.45693
17	2400.00000	11.45693
17	2600.00000	11.45693
17	2800.00000	11.45693
17	3000.00000	10.83079
17	3200.00000	10.83079
17	3400.00000	10.83079
17	3600.00000	10.83079
17	3800.00000	10.83079
17	4000.00000	10.05621
17	4200.00000	10.05621
17	4400.00000	10.05621
17	4600.00000	10.05621
17	4800.00000	10.05621
17	5000.00000	10.36804
17	5200.00000	10.36804
17	5400.00000	10.36804
17	5600.00000	10.36804
17	5800.00000	10.51738
17	6000.00000	10.51738
17	6200.00000	10.51738
17	6400.00000	10.51738
17	6600.00000	10.51738
17	6800.00000	10.49484
17	7000.00000	10.49484
17	7200.00000	10.49484
17	7400.00000	10.49484
17	7600.00000	10.49484
17	7800.00000	9.58323
17	8000.00000	9.58323
17	8200.00000	9.58323
17	8400.00000	9.58323
17	8600.00000	9.58323
17	8800.00000	9.50580
17	9000.00000	9.50580
17	9200.00000	9.50580
17	9400.00000	9.50580
17	9600.00000	9.50580
17	9800.00000	9.69067
17	10000.00000	9.69067
17	10200.00000	9.69067
17	10400.00000	9.69067
17	10600.00000	9.55245
17	10800.00000	9.55245
17	11000.00000	9.55245
17	11200.00000	9.55245
17	11400.00000	9.55245
17	11600.00000	10.05126
17	11800.00000	10.05126
17	12000.00000	10.05126
17	12200.00000	10.05126
17	12400.00000	10.05126
17	12600.00000	10.38741
17	12800.00000	10.38741
17	13000.00000	10.38741
17	13200.00000	10.38741
17	13400.00000	10.38741
17	13600.00000	10.12389
17	13800.00000	10.12389
17	14000.00000	10.12389
17	14200.00000	10.12389
17	14400.00000	10.12389
17	14600.00000	10.01159
17	14800.00000	10.01159
17	15000.00000	10.01159
17	15200.00000	10.01159
17	15400.00000	8.96451
17	15600.00000	8.96451
17	15800.00000	8.96451
17	16000.00000	8.96451
17	16200.00000	8.96451
17	16400.00000	8.63566
17	16600.00000	8.63566
17	16800.00000	8.63566
17	17000.00000	8.63566
17	17200.00000	8.63566
17	17400.00000	8.42138
17	17600.00000	8.42138
17	17800.00000	8.42138
17	18000.00000	8.42138
17	18200.00000	8.42138
17	18400.00000	8.58064
17	18600.00000	8.58064
17	18800.00000	8.58064
17	19000.00000	8.58064
17	19200.00000	8.58064
17	19400.00000	8.83218
17	19600.00000	8.83218
17	19800.00000	8.83218
17	20000.00000	8.83218
18	0.00000	11.91043
18	200.00000	11.91043
18	400.00000	11.91043
18	600.00000	11.91043
18	800.00000	11.91043
18	1000.00000	11.34703
18	1200.00000	11.34703
18	1400.00000	11.34703
18	1600.00000	11.34703
18	1800.00000	11.34703
18	2000.00000	11.13920
18	2200.00000	11.13920
18	2400.00000	11.13920
18	2600.00000	11.13920
18	2800.00000	11.13920
18	3000.00000	10.78207
18	3200.00000	10.78207
18	3400.00000	10.78207
18	3600.00000	10.78207
18	3800.00000	10.78207
18	4000.00000	9.79089
18	4200.00000	9.79089
18	4400.00000	9.79089
18	4600.00000	9.79089
18	4800.00000	9.79089
18	5000.00000	10.43911
18	5200.00000	10.43911
18	5400.00000	10.43911
18	5600.00000	10.43911
18	5800.00000	10.67055
18	6000.00000	10.67055
18	6200.00000	10.67055
18	6400.00000	10.67055
18	6600.00000	10.67055
18	6800.00000	10.09911
18	7000.00000	10.09911
18	7200.00000	10.09911
18	7400.00000	10.09911
18	7600.00000	10.09911
18	7800.00000	9.30097
18	8000.00000	9.30097
18	8200.00000	9.30097
18	8400.00000	9.30097
18	8600.00000	9.30097
18	8800.00000	9.78064
18	9000.00000	9.78064
18	9200.00000	9.78064
18	9400.00000	9.78064
18	9600.00000	9.78064
18	9800.00000	9.78179
18	10000.00000	9.78179
18	10200.00000	9.78179
18	10400.00000	9.78179
18	10600.00000	9.24056
18	10800.00000	9.24056
18	11000.00000	9.24056
18	11200.00000	9.24056
18	11400.00000	9.24056
18	11600.00000	9.79938
18	11800.00000	9.79938
18	12000.00000	9.79938
18	12200.00000	9.79938
18	12400.00000	9.79938
18	12600.00000	10.03896
18	12800.00000	10.03896
18	13000.00000	10.03896
18	13200.00000	10.03896
18	13400.00000	10.03896
18	13600.00000	10.02966
18	13800.00000	10.02966
18	14000.00000	10.02966
18	14200.00000	10.02966
18	14400.00000	10.02966
18	14600.00000	10.23235
18	14800.00000	10.23235
18	15000.00000	10.23235
18	15200.00000	10.23235
18	15400.00000	9.43262
18	15600.00000	9.43262
18	15800.00000	9.43262
18	16000.00000	9.43262
18	16200.00000	9.43262
18	16400.00000	8.58088
18	16600.00000	8.58088
18	16800.00000	8.58088
18	17000.00000	8.58088
18	17200.00000	8.58088
18	17400.00000	7.95286
18	17600.00000	7.95286
18	17800.00000	7.95286
18	18000.00000	7.95286
18	18200.00000	7.95286
18	18400.00000	9.04278
18	18600.00000	9.04278
18	18800.00000	9.04278
18	19000.00000	9.04278
18	19200.00000	9.04278
18	19400.00000	9.22981
18	19600.00000	9.22981
18	19800.00000	9.22981
18	20000.00000	9.22981
19	0.00000	11.65022
19	200.00000	11.65022
19	400.00000	11.65022
19	600.00000	11.65022
19	800.00000	11.65022
19	1000.00000	11.66296
19	1200.00000	11.66296
19	1400.00000	11.66296
19	1600.00000	11.66296
19	1800.00000	11.66296
19	2000.00000	11.40923
19	2200.00000	11.40923
19	2400.00000	11.40923
19	2600.00000	11.40923
19	2800.00000	11.40923
19	3000.00000	10.85193
19	3200.00000	10.85193
19	3400.00000	10.85193
19	3600.00000	10.85193
19	3800.00000	10.85193
19	4000.00000	10.09843
19	4200.00000	10.09843
19	4400.00000	10.09843
19	4600.00000	10.09843
19	4800.00000	10.09843
19	5000.00000	10.19298
19	5200.00000	10.19298
19	5400.00000	10.19298
19	5600.00000	10.19298
19	5800.00000	10.47157
19	6000.00000	10.47157
19	6200.00000	10.47157
19	6400.00000	10.47157
19	6600.00000	10.47157
19	6800.00000	10.03501
19	7000.00000	10.03501
19	7200.00000	10.03501
19	7400.00000	10.03501
19	7600.00000	10.03501
19	7800.00000	9.45146
19	8000.00000	9.45146
19	8200.00000	9.45146
19	8400.00000	9.45146
19	8600.00000	9.45146
19	8800.00000	9.57946
19	9000.00000	9.57946
19	9200.00000	9.57946
19	9400.00000	9.57946
19	9600.00000	9.57946
19	9800.00000	9.57501
19	10000.00000	9.57501
19	10200.00000	9.57501
19	10400.00000	9.57501
19	10600.00000	10.09106
19	10800.00000	10.09106
19	11000.00000	10.09106
19	11200.00000	10.09106
19	11400.00000	10.09106
19	11600.00000	10.29572
19	11800.00000	10.29572
19	12000.00000	10.29572
19	12200.00000	10.29572
19	12400.00000	10.29572
19	12600.00000	10.78060
19	12800.00000	10.78060
19	13000.00000	10.78060
19	13200.00000	10.78060
19	13400.00000	10.78060
19	13600.00000	9.72973
19	13800.00000	9.72973
19	14000.00000	9.72973
19	14200.00000	9.72973
19	14400.00000	9.72973
19	14600.00000	8.91531
19	14800.00000	8.91531
19	15000.00000	8.91531
19	15200.00000	8.91531
19	15400.00000	8.80419
19	15600.00000	8.80419
19	15800.00000	8.80419
19	16000.00000	8.80419
19	16200.00000	8.80419
19	16400.00000	8.82358
19	16600.00000	8.82358
19	16800.00000	8.82358
19	17000.00000	8.82358
19	17200.00000	8.82358
19	17400.00000	8.42124
19	17600.00000	8.42124
19	17800.00000	8.42124
19	18000.00000	8.42124
19	18200.00000	8.42124
19	18400.00000	9.20952
19	18600.00000	9.20952
19	18800.00000	9.20952
19	19000.00000	9.20952
19	19200.00000	9.20952
19	19400.00000	8.36288
19	19600.00000	8.36288
19	19800.00000	8.36288
19	20000.00000	8.36288
20	0.00000	11.68515
20	200.00000	11.68515
20	400.00000	11.68515
20	600.00000	11.68515
20	800.00000	11.68515
20	1000.00000	11.26914
20	1200.00000	11.26914
20	1400.00000	11.26914
20	1600.00000	11.26914
20	1800.00000	11.26914
20	2000.00000	11.33775
20	2200.00000	11.33775
20	2400.00000	11.33775
20	2600.00000	11.33775
20	2800.00000	11.33775
20	3000.00000	10.92010
20	3200.00000	10.92010
20	3400.00000	10.92010
20	3600.00000	10.92010
20	3800.00000	10.92010
20	4000.00000	9.90008
20	4200.00000	9.90008
20	4400.00000	9.90008
20	4600.00000	9.90008
20	4800.00000	9.90008
20	5000.00000	10.68405
20	5200.00000	10.68405
20	5400.00000	10.68405
20	5600.00000	10.68405
20	5800.00000	10.46523
20	6000.00000	10.46523
20	6200.00000	10.46523
20	6400.00000	10.46523
20	6600.00000	10.46523
20	6800.00000	9.94383
20	7000.00000	9.94383
20	7200.00000	9.94383
20	7400.00000	9.94383
20	7600.00000	9.94383
20	7800.00000	9.46271
20	8000.00000	9.46271
20	8200.00000	9.46271
20	8400.00000	9.46271
20	8600.00000	9.46271
20	8800.00000	9.23256
20	9000.00000	9.23256
20	9200.00000	9.23256
20	9400.00000	9.23256
20	9600.00000	9.23256
20	9800.00000	9.71565
20	10000.00000	9.71565
20	10200.00000	9.71565
20	10400.00000	9.71565
20	10600.00000	9.64478
20	10800.00000	9.64478
20	11000.00000	9.64478
20	11200.00000	9.64478
20	11400.00000	9.64478
20	11600.00000	10.45908
20	11800.00000	10.45908
20	12000.00000	10.45908
20	12200.00000	10.45908
20	12400.00000	10.45908
20	12600.00000	9.82083
20	12800.00000	9.82083
20	13000.00000	9.82083
20	13200.00000	9.82083
20	13400.00000	9.82083
20	13600.00000	10.06800
20	13800.00000	10.06800
20	14000.00000	10.06800
20	14200.00000	10.06800
20	14400.00000	10.06800
20	14600.00000	9.36694
20	14800.00000	9.36694
20	15000.00000	9.36694
20	15200.00000	9.36694
20	15400.00000	8.99175
20	15600.00000	8.99175
20	15800.00000	8.99175
20	16000.00000	8.99175
20	16200.00000	8.99175
20	16400.00000	9.05763
20	16600.00000	9.05763
20	16800.00000	9.05763
20	17000.00000	9.05763
20	17200.00000	9.05763
20	17400.00000	8.75990
20	17600.00000	8.75990
20	17800.00000	8.75990
20	18000.00000	8.75990
20	18200.00000	8.75990
20	18400.00000	9.24194
20	18600.00000	9.24194
20	18800.00000	9.24194
20	19000.00000	9.24194
20	19200.00000	9.24194
20	19400.00000	9.05982
20	19600.00000	9.05982
20	19800.00000	9.05982
20	20000.00000	9.05982
21	0.00000	11.63937
21	200.00000	11.63937
21	400.00000	11.63937
21	600.00000	11.63937
21	800.00000	11.63937
21	1000.00000	11.58770
21	1200.00000	11.58770
21	1400.00000	11.58770
21	1600.00000	11.58770
21	1800.00000	11.58770
21	2000.00000	11.27370
21	2200.00000	11.27370
21	2400.00000	11.27370
21	2600.00000	11.27370
21	2800.00000	11.27370
21	3000.00000	10.69185
21	3200.00000	10.69185
21	3400.00000	10.69185
21	3600.00000	10.69185
21	3800.00000	10.69185
21	4000.00000	9.99153
21	4200.00000	9.99153
21	4400.00000	9.99153
21	4600.00000	9.99153
21	4800.00000	9.99153
21	5000.00000	10.40789
21	5200.00000	10.40789
21	5400.00000	10.40789
21	5600.00000	10.40789
21	5800.00000	10.85289
21	6000.00000	10.85289
21	6200.00000	10.85289
21	6400.00000	10.85289
21	6600.00000	10.85289
21	6800.00000	10.15342
21	7000.00000	10.15342
21	7200.00000	10.15342
21	7400.00000	10.15342
21	7600.00000	10.15342
21	7800.00000	9.67269
21	8000.00000	9.67269
21	8200.00000	9.67269
21	8400.00000	9.67269
21	8600.00000	9.67269
21	8800.00000	9.23016
21	9000.00000	9.23016
21	9200.00000	9.23016
21	9400.00000	9.23016
21	9600.00000	9.23016
21	9800.00000	10.17996
21	10000.00000	10.17996
21	10200.00000	10.17996
21	10400.00000	10.17996
21	10600.00000	9.25705
21	10800.00000	9.25705
21	11000.00000	9.25705
21	11200.00000	9.25705
21	11400.00000	9.25705
21	11600.00000	9.53935
21	11800.00000	9.53935
21	12000.00000	9.53935
21	12200.00000	9.53935
21	12400.00000	9.53935
21	12600.00000	9.75735
21	12800.00000	9.75735
21	13000.00000	9.75735
21	13200.00000	9.75735
21	13400.00000	9.75735
21	13600.00000	10.07436
21	13800.00000	10.07436
21	14000.00000	10.07436
21	14200.00000	10.07436
21	14400.00000	10.07436
21	14600.00000	10.11379
21	14800.00000	10.11379
21	15000.00000	10.11379
21	15200.00000	10.11379
21	15400.00000	9.39983
21	15600.00000	9.39983
21	15800.00000	9.39983
21	16000.00000	9.39983
21	16200.00000	9.39983
21	16400.00000	8.98753
21	16600.00000	8.98753
21	16800.00000	8.98753
21	17000.00000	8.98753
21	17200.00000	8.98753
21	17400.00000	8.27956
21	17600.00000	8.27956
21	17800.00000	8.27956
21	18000.00000	8.27956
21	18200.00000	8.27956
21	18400.00000	8.24232
21	18600.00000	8.24232
21	18800.00000	8.24232
21	19000.00000	8.24232
21	19200.00000	8.24232
21	19400.00000	8.35575
21	19600.00000	8.35575
21	19800.00000	8.35575
21	20000.00000	8.35575
22	0.00000	11.62183
22	200.00000	11.62183
22	400.00000	11.62183
22	600.00000	11.62183
22	800.00000	11.62183
22	1000.00000	11.61152
22	1200.00000	11.61152
22	1400.00000	11.61152
22	1600.00000	11.61152
22	1800.00000	11.61152
22	2000.00000	11.55291
22	2200.00000	11.55291
22	2400.00000	11.55291
22	2600.00000	11.55291
22	2800.00000	11.55291
22	3000.00000	10.47723
22	3200.00000	10.47723
22	3400.00000	10.47723
22	3600.00000	10.47723
22	3800.00000	10.47723
22	4000.00000	10.13406
22	4200.00000	10.13406
22	4400.00000	10.13406
22	4600.00000	10.13406
22	4800.00000	10.13406
22	5000.00000	10.41341
22	5200.00000	10.41341
22	5400.00000	10.41341
22	5600.00000	10.41341
22	5800.00000	10.49613
22	6000.00000	10.49613
22	6200.00000	10.49613
22	6400.00000	10.49613
22	6600.00000	10.49613
22	6800.00000	9.76335
22	7000.00000	9.76335
22	7200.00000	9.76335
22	7400.00000	9.76335
22	7600.00000	9.76335
22	7800.00000	9.51029
22	8000.00000	9.51029
22	8200.00000	9.51029
22	8400.00000	9.51029
22	8600.00000	9.51029
22	8800.00000	9.98719
22	9000.00000	9.98719
22	9200.00000	9.98719
22	9400.00000	9.98719
22	9600.00000	9.98719
22	9800.00000	9.41814
22	10000.00000	9.41814
22	10200.00000	9.41814
22	10400.00000	9.41814
22	10600.00000	10.00738
22	10800.00000	10.00738
22	11000.00000	10.00738
22	11200.00000	10.00738
22	11400.00000	10.00738
22	11600.00000	9.65281
22	11800.00000	9.65281
22	12000.00000	9.65281
22	12200.00000	9.65281
22	12400.00000	9.65281
22	12600.00000	9.87406
22	12800.00000	9.87406
22	13000.00000	9.87406
22	13200.00000	9.87406
22	13400.00000	9.87406
22	13600.00000	9.55482
22	13800.00000	9.55482
22	14000.00000	9.55482
22	14200.00000	9.55482
22	14400.00000	9.55482
22	14600.00000	9.38250
22	14800.00000	9.38250
22	15000.00000	9.38250
22	15200.00000	9.38250
22	15400.00000	9.22674
22	15600.00000	9.22674
22	15800.00000	9.22674
22	16000.00000	9.22674
22	16200.00000	9.22674
22	16400.00000	8.61231
22	16600.00000	8.61231
22	16800.00000	8.61231
22	17000.00000	8.61231
22	17200.00000	8.61231
22	17400.00000	8.82369
22	17600.00000	8.82369
22	17800.00000	8.82369
22	18000.00000	8.82369
22	18200.00000	8.82369
22	18400.00000	8.83255
22	18600.00000	8.83255
22	18800.00000	8.83255
22	19000.00000	8.83255
22	19200.00000	8.83255
22	19400.00000	8.45683
22	19600.00000	8.45683
22	19800.00000	8.45683
22	20000.00000	8.45683
23	0.00000	11.73679
23	200.00000	11.73679
23	400.00000	11.73679
23	600.00000	11.73679
23	800.00000	11.73679
23	1000.00000	11.41154
23	1200.00000	11.41154
23	1400.00000	11.41154
23	1600.00000	11.41154
23	1800.00000	11.41154
23	2000.00000	11.06191
23	2200.00000	11.06191
23	2400.00000	11.06191
23	2600.00000	11.06191
23	2800.00000	11.06191
23	3000.00000	10.50156
23	3200.00000	10.50156
23	3400.00000	10.50156
23	3600.00000	10.50156
23	3800.00000	10.50156
23	4000.00000	10.05429
23	4200.00000	10.05429
23	4400.00000	10.05429
23	4600.00000	10.05429
23	4800.00000	10.05429
23	5000.00000	10.56274
23	5200.00000	10.56274
23	5400.00000	10.56274
23	5600.00000	10.56274
23	5800.00000	10.44630
23	6000.00000	10.44630
23	6200.00000	10.44630
23	6400.00000	10.44630
23	6600.00000	10.44630
23	6800.00000	10.04991
23	7000.00000	10.04991
23	7200.00000	10.04991
23	7400.00000	10.04991
23	7600.00000	10.04991
23	7800.00000	9.56293
23	8000.00000	9.56293
23	8200.00000	9.56293
23	8400.00000	9.56293
23	8600.00000	9.56293
23	8800.00000	9.25653
23	9000.00000	9.25653
23	9200.00000	9.25653
23	9400.00000	9.25653
23	9600.00000	9.25653
23	9800.00000	9.29810
23	10000.00000	9.29810
23	10200.00000	9.29810
23	10400.00000	9.29810
23	10600.00000	9.94075
23	10800.00000	9.94075
23	11000.00000	9.94075
23	11200.00000	9.94075
23	11400.00000	9.94075
23	11600.00000	9.78767
23	11800.00000	9.78767
23	12000.00000	9.78767
23	12200.00000	9.78767
23	12400.00000	9.78767
23	12600.00000	10.09302
23	12800.00000	10.09302
23	13000.00000	10.09302
23	13200.00000	10.09302
23	13400.00000	10.09302
23	13600.00000	9.63554
23	13800.00000	9.63554
23	14000.00000	9.63554
23	14200.00000	9.63554
23	14400.00000	9.63554
23	14600.00000	9.64806
23	14800.00000	9.64806
23	15000.00000	9.64806
23	15200.00000	9.64806
23	15400.00000	9.12978
23	15600.00000	9.12978
23	15800.00000	9.12978
23	16000.00000	9.12978
23	16200.00000	9.12978
23	16400.00000	8.85981
23	16600.00000	8.85981
23	16800.00000	8.85981
23	17000.00000	8.85981
23	17200.00000	8.85981
23	17400.00000	8.53437
23	17600.00000	8.53437
23	17800.00000	8.53437
23	18000.00000	8.53437
23	18200.00000	8.53437
23	18400.00000	8.38620
23	18600.00000	8.38620
23	18800.00000	8.38620
23	19000.00000	8.38620
23	19200.00000	8.38620
23	19400.00000	8.46673
23	19600.00000	8.46673
23	19800.00000	8.46673
23	20000.00000	8.46673
24	0.00000	11.51337
24	200.00000	11.51337
24	400.00000	11.51337
24	600.00000	11.51337
24	800.00000	11.51337
24	1000.00000	11.30955
24	1200.00000	11.30955
24	1400.00000	11.30955
24	1600.00000	11.30955
24	1800.00000	11.30955
24	2000.00000	11.41877
24	2200.00000	11.41877
24	2400.00000	11.41877
24	2600.00000	11.41877
24	2800.00000	11.41877
24	3000.00000	10.73342
24	3200.00000	10.73342
24	3400.00000	10.73342
24	3600.00000	10.73342
24	3800.00000	10.73342
24	4000.00000	9.87446
24	4200.00000	9.87446
24	4400.00000	9.87446
24	4600.00000	9.87446
24	4800.00000	9.87446
24	5000.00000	10.38977
24	5200.00000	10.38977
24	5400.00000	10.38977
24	5600.00000	10.38977
24	5800.00000	10.46706
24	6000.00000	10.46706
24	6200.00000	10.46706
24	6400.00000	10.46706
24	6600.00000	10.46706
24	6800.00000	10.11477
24	7000.00000	10.11477
24	7200.00000	10.11477
24	7400.00000	10.11477
24	7600.00000	10.11477
24	7800.00000	9.50270
24	8000.00000	9.50270
24	8200.00000	9.50270
24	8400.00000	9.50270
24	8600.00000	9.50270
24	8800.00000	9.62806
24	9000.00000	9.62806
24	9200.00000	9.62806
24	9400.00000	9.62806
24	9600.00000	9.62806
24	9800.00000	9.50635
24	10000.00000	9.50635
24	10200.00000	9.50635
24	10400.00000	9.50635
24	10600.00000	9.43535
24	10800.00000	9.43535
24	11000.00000	9.43535
24	11200.00000	9.43535
24	11400.00000	9.43535
24	11600.00000	10.58085
24	11800.00000	10.58085
24	12000.00000	10.58085
24	12200.00000	10.58085
24	12400.00000	10.58085
24	12600.00000	10.23995
24	12800.00000	10.23995
24	13000.00000	10.23995
24	13200.00000	10.23995
24	13400.00000	10.23995
24	13600.00000	9.67232
24	13800.00000	9.67232
24	14000.00000	9.67232
24	14200.00000	9.67232
24	14400.00000	9.67232
24	14600.00000	9.49273
24	14800.00000	9.49273
24	15000.00000	9.49273
24	15200.00000	9.49273
24	15400.00000	9.22871
24	15600.00000	9.22871
24	15800.00000	9.22871
24	16000.00000	9.22871
24	16200.00000	9.22871
24	16400.00000	8.55191
24	16600.00000	8.55191
24	16800.00000	8.55191
24	17000.00000	8.55191
24	17200.00000	8.55191
24	17400.00000	8.60730
24	17600.00000	8.60730
24	17800.00000	8.60730
24	18000.00000	8.60730
24	18200.00000	8.60730
24	18400.00000	8.81695
24	18600.00000	8.81695
24	18800.00000	8.81695
24	19000.00000	8.81695
24	19200.00000	8.81695
24	19400.00000	8.64446
24	19600.00000	8.64446
24	19800.00000	8.64446
24	20000.00000	8.64446
25	0.00000	11.92112
25	200.00000	11.92112
25	400.00000	11.92112
25	600.00000	11.92112
25	800.00000	11.92112
25	1000.00000	11.64545
25	1200.00000	11.64545
25	1400.00000	11.64545
25	1600.00000	11.64545
25	1800.00000	11.64545
25	2000.00000	11.27008
25	2200.00000	11.27008
25	2400.00000	11.27008
25	2600.00000	11.27008
25	2800.00000	11.27008
25	3000.00000	10.65206
25	3200.00000	10.65206
25	3400.00000	10.65206
25	3600.00000	10.65206
25	3800.00000	10.65206
25	4000.00000	10.05730
25	4200.00000	10.05730
25	4400.00000	10.05730
25	4600.00000	10.05730
25	4800.00000	10.05730
25	5000.00000	10.42644
25	5200.00000	10.42644
25	5400.00000	10.42644
25	5600.00000	10.42644
25	5800.00000	10.42142
25	6000.00000	10.42142
25	6200.00000	10.42142
25	6400.00000	10.42142
25	6600.00000	10.42142
25	6800.00000	10.26417
25	7000.00000	10.26417
25	7200.00000	10.26417
25	7400.00000	10.26417
25	7600.00000	10.26417
25	7800.00000	9.67340
25	8000.00000	9.67340
25	8200.00000	9.67340
25	8400.00000	9.67340
25	8600.00000	9.67340
25	8800.00000	9.62163
25	9000.00000	9.62163
25	9200.00000	9.62163
25	9400.00000	9.62163
25	9600.00000	9.62163
25	9800.00000	9.10645
25	10000.00000	9.10645
25	10200.00000	9.10645
25	10400.00000	9.10645
25	10600.00000	9.23564
25	10800.00000	9.23564
25	11000.00000	9.23564
25	11200.00000	9.23564
25	11400.00000	9.23564
25	11600.00000	9.64784
25	11800.00000	9.64784
25	12000.00000	9.64784
25	12200.00000	9.64784
25	12400.00000	9.64784
25	12600.00000	9.68382
25	12800.00000	9.68382
25	13000.00000	9.68382
25	13200.00000	9.68382
25	13400.00000	9.68382
25	13600.00000	9.45848
25	13800.00000	9.45848
25	14000.00000	9.45848
25	14200.00000	9.45848
25	14400.00000	9.45848
25	14600.00000	9.88292
25	14800.00000	9.88292
25	15000.00000	9.88292
25	15200.00000	9.88292
25	15400.00000	9.98743
25	15600.00000	9.98743
25	15800.00000	9.98743
25	16000.00000	9.98743
25	16200.00000	9.98743
25	16400.00000	9.23570
25	16600.00000	9.23570
25	16800.00000	9.23570
25	17000.00000	9.23570
25	17200.00000	9.23570
25	17400.00000	8.26870
25	17600.00000	8.26870
25	17800.00000	8.26870
25	18000.00000	8.26870
25	18200.00000	8.26870
25	18400.00000	8.39273
25	18600.00000	8.39273
25	18800.00000	8.39273
25	19000.00000	8.39273
25	19200.00000	8.39273
25	19400.00000	8.36772
25	19600.00000	8.36772
25	19800.00000	8.36772
25	20000.00000	8.36772
26	0.00000	11.64046
26	200.00000	11.64046
26	400.00000	11.64046
26	600.00000	11.64046
26	800.00000	11.64046
26	1000.00000	11.48445
26	1200.00000	11.48445
26	1400.00000	11.48445
26	1600.00000	11.48445
26	1800.00000	11.48445
26	2000.00000	11.31063
26	2200.00000	11.31063
26	2400.00000	11.31063
26	2600.00000	11.31063
26	2800.00000	11.31063
26	3000.00000	10.67381
26	3200.00000	10.67381
26	3400.00000	10.67381
26	3600.00000	10.67381
26	3800.00000	10.67381
26	4000.00000	9.94060
26	4200.00000	9.94060
26	4400.00000	9.94060
26	4600.00000	9.94060
26	4800.00000	9.94060
26	5000.00000	10.27220
26	5200.00000	10.27220
26	5400.00000	10.27220
26	5600.00000	10.27220
26	5800.00000	10.58723
26	6000.00000	10.58723
26	6200.00000	10.58723
26	6400.00000	10.58723
26	6600.00000	10.58723
26	6800.00000	10.24356
26	7000.00000	10.24356
26	7200.00000	10.24356
26	7400.00000	10.24356
26	7600.00000	10.24356
26	7800.00000	9.64176
26	8000.00000	9.64176
26	8200.00000	9.64176
26	8400.00000	9.64176
26	8600.00000	9.64176
26	8800.00000	9.25360
26	9000.00000	9.25360
26	9200.00000	9.25360
26	9400.00000	9.25360
26	9600.00000	9.25360
26	9800.00000	9.13858
26	10000.00000	9.13858
26	10200.00000	9.13858
26	10400.00000	9.13858
26	10600.00000	9.31425
26	10800.00000	9.31425
26	11000.00000	9.31425
26	11200.00000	9.31425
26	11400.00000	9.31425
26	11600.00000	10.10365
26	11800.00000	10.10365
26	12000.00000	10.10365
26	12200.00000	10.10365
26	12400.00000	10.10365
26	12600.00000	9.92814
26	12800.00000	9.92814
26	13000.00000	9.92814
26	13200.00000	9.92814
26	13400.00000	9.92814
26	13600.00000	9.83489
26	13800.00000	9.83489
26	14000.00000	9.83489
26	14200.00000	9.83489
26	14400.00000	9.83489
26	14600.00000	9.57616
26	14800.00000	9.57616
26	15000.00000	9.57616
26	15200.00000	9.57616
26	15400.00000	9.41518
26	15600.00000	9.41518
26	15800.00000	9.41518
26	16000.00000	9.41518
26	16200.00000	9.41518
26	16400.00000	8.88906
26	16600.00000	8.88906
26	16800.00000	8.88906
26	17000.00000	8.88906
26	17200.00000	8.88906
26	17400.00000	9.13126
26	17600.00000	9.13126
26	17800.00000	9.13126
26	18000.00000	9.13126
26	18200.00000	9.13126
26	18400.00000	8.83308
26	18600.00000	8.83308
26	18800.00000	8.83308
26	19000.00000	8.83308
26	19200.00000	8.83308
26	19400.00000	8.96804
26	19600.00000	8.96804
26	19800.00000	8.96804
26	20000.00000	8.96804
27	0.00000	11.40144
27	200.00000	11.40144
27	400.00000	11.40144
27	600.00000	11.40144
27	800.00000	11.40144
27	1000.00000	11.56965
27	1200.00000	11.56965
27	1400.00000	11.56965
27	1600.00000	11.56965
27	1800.00000	11.56965
27	2000.00000	11.71647
27	2200.00000	11.71647
27	2400.00000	11.71647
27	2600.00000	11.71647
27	2800.00000	11.71647
27	3000.00000	10.30646
27	3200.00000	10.30646
27	3400.00000	10.30646
27	3600.00000	10.30646
27	3800.00000	10.30646
27	4000.00000	10.16072
27	4200.00000	10.16072
27	4400.00000	10.16072
27	4600.00000	10.16072
27	4800.00000	10.16072
27	5000.00000	10.35148
27	5200.00000	10.35148
27	5400.00000	10.35148
27	5600.00000	10.35148
27	5800.00000	10.36458
27	6000.00000	10.36458
27	6200.00000	10.36458
27	6400.00000	10.36458
27	6600.00000	10.36458
27	6800.00000	9.98736
27	7000.00000	9.98736
27	7200.00000	9.98736
27	7400.00000	9.98736
27	7600.00000	9.98736
27	7800.00000	9.54401
27	8000.00000	9.54401
27	8200.00000	9.54401
27	8400.00000	9.54401
27	8600.00000	9.54401
27	8800.00000	9.72717
27	9000.00000	9.72717
27	9200.00000	9.72717
27	9400.00000	9.72717
27	9600.00000	9.72717
27	9800.00000	8.96324
27	10000.00000	8.96324
27	10200.00000	8.96324
27	10400.00000	8.96324
27	10600.00000	9.83814
27	10800.00000	9.83814
27	11000.00000	9.83814
27	11200.00000	9.83814
27	11400.00000	9.83814
27	11600.00000	10.10238
27	11800.00000	10.10238
27	12000.00000	10.10238
27	12200.00000	10.10238
27	12400.00000	10.10238
27	12600.00000	10.69528
27	12800.00000	10.69528
27	13000.00000	10.69528
27	13200.00000	10.69528
27	13400.00000	10.69528
27	13600.00000	10.23534
27	13800.00000	10.23534
27	14000.00000	10.23534
27	14200.00000	10.23534
27	14400.00000	10.23534
27	14600.00000	9.83163
27	14800.00000	9.83163
27	15000.00000	9.83163
27	15200.00000	9.83163
27	15400.00000	9.28143
27	15600.00000	9.28143
27	15800.00000	9.28143
27	16000.00000	9.28143
27	16200.00000	9.28143
27	16400.00000	9.16245
27	16600.00000	9.16245
27	16800.00000	9.16245
27	17000.00000	9.16245
27	17200.00000	9.16245
27	17400.00000	9.04267
27	17600.00000	9.04267
27	17800.00000	9.04267
27	18000.00000	9.04267
27	18200.00000	9.04267
27	18400.00000	8.65132
27	18600.00000	8.65132
27	18800.00000	8.65132
27	19000.00000	8.65132
27	19200.00000	8.65132
27	19400.00000	8.87353
27	19600.00000	8.87353
27	19800.00000	8.87353
27	20000.00000	8.87353
28	0.00000	11.75921
28	200.00000	11.75921
28	400.00000	11.75921
28	600.00000	11.75921
28	800.00000	11.75921
28	1000.00000	11.62961
28	1200.00000	11.62961
28	1400.00000	11.62961
28	1600.00000	11.62961
28	1800.00000	11.62961
28	2000.00000	11.12738
28	2200.00000	11.12738
28	2400.00000	11.12738
28	2600.00000	11.12738
28	2800.00000	11.12738
28	3000.00000	10.08966
28	3200.00000	10.08966
28	3400.00000	10.08966
28	3600.00000	10.08966
28	3800.00000	10.08966
28	4000.00000	10.19773
28	4200.00000	10.19773
28	4400.00000	10.19773
28	4600.00000	10.19773
28	4800.00000	10.19773
28	5000.00000	10.49025
28	5200.00000	10.49025
28	5400.00000	10.49025
28	5600.00000	10.49025
28	5800.00000	10.49112
28	6000.00000	10.49112
28	6200.00000	10.49112
28	6400.00000	10.49112
28	6600.00000	10.49112
28	6800.00000	9.95428
28	7000.00000	9.95428
28	7200.00000	9.95428
28	7400.00000	9.95428
28	7600.00000	9.95428
28	7800.00000	9.40410
28	8000.00000	9.40410
28	8200.00000	9.40410
28	8400.00000	9.40410
28	8600.00000	9.40410
28	8800.00000	9.72591
28	9000.00000	9.72591
28	9200.00000	9.72591
28	9400.00000	9.72591
28	9600.00000	9.72591
28	9800.00000	8.86796
28	10000.00000	8.86796
28	10200.00000	8.86796
28	10400.00000	8.86796
28	10600.00000	9.87686
28	10800.00000	9.87686
28	11000.00000	9.87686
28	11200.00000	9.87686
28	11400.00000	9.87686
28	11600.00000	9.50859
28	11800.00000	9.50859
28	12000.00000	9.50859
28	12200.00000	9.50859
28	12400.00000	9.50859
28	12600.00000	9.83846
28	12800.00000	9.83846
28	13000.00000	9.83846
28	13200.00000	9.83846
28	13400.00000	9.83846
28	13600.00000	10.05151
28	13800.00000	10.05151
28	14000.00000	10.05151
28	14200.00000	10.05151
28	14400.00000	10.05151
28	14600.00000	9.26081
28	14800.00000	9.26081
28	15000.00000	9.26081
28	15200.00000	9.26081
28	15400.00000	9.15038
28	15600.00000	9.15038
28	15800.00000	9.15038
28	16000.00000	9.15038
28	16200.00000	9.15038
28	16400.00000	8.70122
28	16600.00000	8.70122
28	16800.00000	8.70122
28	17000.00000	8.70122
28	17200.00000	8.70122
28	17400.00000	8.50507
28	17600.00000	8.50507
28	17800.00000	8.50507
28	18000.00000	8.50507
28	18200.00000	8.50507
28	18400.00000	8.74239
28	18600.00000	8.74239
28	18800.00000	8.74239
28	19000.00000	8.74239
28	19200.00000	8.74239
28	19400.00000	8.50758
28	19600.00000	8.50758
28	19800.00000	8.50758
28	20000.00000	8.50758
29	0.00000	11.57240
29	200.00000	11.57240
29	400.00000	11.57240
29	600.00000	11.57240
29	800.00000	11.57240
29	1000.00000	11.48400
29	1200.00000	11.48400
29	1400.00000	11.48400
29	1600.00000	11.48400
29	1800.00000	11.48400
29	2000.00000	11.51675
29	2200.00000	11.51675
29	2400.00000	11.51675
29	2600.00000	11.51675
29	2800.00000	11.51675
29	3000.00000	10.71978
29	3200.00000	10.71978
29	3400.00000	10.71978
29	3600.00000	10.71978
29	3800.00000	10.71978
29	4000.00000	9.67281
29	4200.00000	9.67281
29	4400.00000	9.67281
29	4600.00000	9.67281
29	4800.00000	9.67281
29	5000.00000	10.29153
29	5200.00000	10.29153
29	5400.00000	10.29153
29	5600.00000	10.29153
29	5800.00000	10.33287
29	6000.00000	10.33287
29	6200.00000	10.33287
29	6400.00000	10.33287
29	6600.00000	10.33287
29	6800.00000	9.68495
29	7000.00000	9.68495
29	7200.00000	9.68495
29	7400.00000	9.68495
29	7600.00000	9.68495
29	7800.00000	9.65241
29	8000.00000	9.65241
29	8200.00000	9.65241
29	8400.00000	9.65241
29	8600.00000	9.65241
29	8800.00000	9.92241
29	9000.00000	9.92241
29	9200.00000	9.92241
29	9400.00000	9.92241
29	9600.00000	9.92241
29	9800.00000	9.50556
29	10000.00000	9.50556
29	10200.00000	9.50556
29	10400.00000	9.50556
29	10600.00000	9.44989
29	10800.00000	9.44989
29	11000.00000	9.44989
29	11200.00000	9.44989
29	11400.00000	9.44989
29	11600.00000	10.35224
29	11800.00000	10.35224
29	12000.00000	10.35224
29	12200.00000	10.35224
29	12400.00000	10.35224
29	12600.00000	9.95758
29	12800.00000	9.95758
29	13000.00000	9.95758
29	13200.00000	9.95758
29	13400.00000	9.95758
29	13600.00000	9.56448
29	13800.00000	9.56448
29	14000.00000	9.56448
29	14200.00000	9.56448
29	14400.00000	9.56448
29	14600.00000	9.11738
29	14800.00000	9.11738
29	15000.00000	9.11738
29	15200.00000	9.11738
29	15400.00000	9.47773
29	15600.00000	9.47773
29	15800.00000	9.47773
29	16000.00000	9.47773
29	16200.00000	9.47773
29	16400.00000	9.04928
29	16600.00000	9.04928
29	16800.00000	9.04928
29	17000.00000	9.04928
29	17200.00000	9.04928
29	17400.00000	8.50693
29	17600.00000	8.50693
29	17800.00000	8.50693
29	18000.00000	8.50693
29	18200.00000	8.50693
29	18400.00000	8.90461
29	18600.00000	8.90461
29	18800.00000	8.90461
29	19000.00000	8.90461
29	19200.00000	8.90461
29	19400.00000	8.96088
29	19600.00000	8.96088
29	19800.00000	8.96088
29	20000.00000	8.96088
30	0.00000	11.63818
30	200.00000	11.63818
30	400.00000	11.63818
30	600.00000	11.63818
30	800.00000	11.63818
30	1000.00000	11.65286
30	1200.00000	11.65286
30	1400.00000	11.65286
30	1600.00000	11.65286
30	1800.00000	11.65286
30	2000.00000	11.42415
30	2200.00000	11.42415
30	2400.00000	11.42415
30	2600.00000	11.42415
30	2800.00000	11.42415
30	3000.00000	10.60283
30	3200.00000	10.60283
30	3400.00000	10.60283
30	3600.00000	10.60283
30	3800.00000	10.60283
30	4000.00000	9.80350
30	4200.00000	9.80350
30	4400.00000	9.80350
30	4600.00000	9.80350
30	4800.00000	9.80350
30	5000.00000	10.30741
30	5200.00000	10.30741
30	5400.00000	10.30741
30	5600.00000	10.30741
30	5800.00000	10.46298
30	6000.00000	10.46298
30	6200.00000	10.46298
30	6400.00000	10.46298
30	6600.00000	10.46298
30	6800.00000	10.20497
30	7000.00000	10.20497
30	7200.00000	10.20497
30	7400.00000	10.20497
30	7600.00000	10.20497
30	7800.00000	9.38200
30	8000.00000	9.38200
30	8200.00000	9.38200
30	8400.00000	9.38200
30	8600.00000	9.38200
30	8800.00000	9.24653
30	9000.00000	9.24653
30	9200.00000	9.24653
30	9400.00000	9.24653
30	9600.00000	9.24653
30	9800.00000	9.90799
30	10000.00000	9.90799
30	10200.00000	9.90799
30	10400.00000	9.90799
30	10600.00000	9.76676
30	10800.00000	9.76676
30	11000.00000	9.76676
30	11200.00000	9.76676
30	11400.00000	9.76676
30	11600.00000	9.75833
30	11800.00000	9.75833
30	12000.00000	9.75833
30	12200.00000	9.75833
30	12400.00000	9.75833
30	12600.00000	9.99411
30	12800.00000	9.99411
30	13000.00000	9.99411
30	13200.00000	9.99411
30	13400.00000	9.99411
30	13600.00000	9.97910
30	13800.00000	9.97910
30	14000.00000	9.97910
30	14200.00000	9.97910
30	14400.00000	9.97910
30	14600.00000	9.37730
30	14800.00000	9.37730
30	15000.00000	9.37730
30	15200.00000	9.37730
30	15400.00000	9.75550
30	15600.00000	9.75550
30	15800.00000	9.75550
30	16000.00000	9.75550
30	16200.00000	9.75550
30	16400.00000	9.20914
30	16600.00000	9.20914
30	16800.00000	9.20914
30	17000.00000	9.20914
30	17200.00000	9.20914
30	17400.00000	8.87032
30	17600.00000	8.87032
30	17800.00000	8.87032
30	18000.00000	8.87032
30	18200.00000	8.87032
30	18400.00000	8.70520
30	18600.00000	8.70520
30	18800.00000	8.70520
30	19000.00000	8.70520
30	19200.00000	8.70520
30	19400.00000	8.99264
30	19600.00000	8.99264
30	19800.00000	8.99264
30	20000.00000	8.99264
31	0.00000	11.68685
31	200.00000	11.68685
31	400.00000	11.68685
31	600.00000	11.68685
31	800.00000	11.68685
31	1000.00000	11.46169
31	1200.00000	11.46169
31	1400.00000	11.46169
31	1600.00000	11.46169
31	1800.00000	11.46169
31	2000.00000	11.50488
31	2200.00000	11.50488
31	2400.00000	11.50488
31	2600.00000	11.50488
31	2800.00000	11.50488
31	3000.00000	10.66334
31	3200.00000	10.66334
31	3400.00000	10.66334
31	3600.00000	10.66334
31	3800.00000	10.66334
31	4000.00000	9.87960
31	4200.00000	9.87960
31	4400.00000	9.87960
31	4600.00000	9.87960
31	4800.00000	9.87960
31	5000.00000	10.57923
31	5200.00000	10.57923
31	5400.00000	10.57923
31	5600.00000	10.57923
31	5800.00000	10.38692
31	6000.00000	10.38692
31	6200.00000	10.38692
31	6400.00000	10.38692
31	6600.00000	10.38692
31	6800.00000	9.97195
31	7000.00000	9.97195
31	7200.00000	9.97195
31	7400.00000	9.97195
31	7600.00000	9.97195
31	7800.00000	9.79660
31	8000.00000	9.79660
31	8200.00000	9.79660
31	8400.00000	9.79660
31	8600.00000	9.79660
31	8800.00000	9.46180
31	9000.00000	9.46180
31	9200.00000	9.46180
31	9400.00000	9.46180
31	9600.00000	9.46180
31	9800.00000	9.86420
31	10000.00000	9.86420
31	10200.00000	9.86420
31	10400.00000	9.86420
31	10600.00000	9.45142
31	10800.00000	9.45142
31	11000.00000	9.45142
31	11200.00000	9.45142
31	11400.00000	9.45142
31	11600.00000	9.93793
31	11800.00000	9.93793
31	12000.00000	9.93793
31	12200.00000	9.93793
31	12400.00000	9.93793
31	12600.00000	10.07770
31	12800.00000	10.07770
31	13000.00000	10.07770
31	13200.00000	10.07770
31	13400.00000	10.07770
31	13600.00000	9.56332
31	13800.00000	9.56332
31	14000.00000	9.56332
31	14200.00000	9.56332
31	14400.00000	9.56332
31	14600.00000	9.37677
31	14800.00000	9.37677
31	15000.00000	9.37677
31	15200.00000	9.37677
31	15400.00000	8.83452
31	15600.00000	8.83452
31	15800.00000	8.83452
31	16000.00000	8.83452
31	16200.00000	8.83452
31	16400.00000	9.15499
31	16600.00000	9.15499
31	16800.00000	9.15499
31	17000.00000	9.15499
31	17200.00000	9.15499
31	17400.00000	8.50999
31	17600.00000	8.50999
31	17800.00000	8.50999
31	18000.00000	8.50999
31	18200.00000	8.50999
31	18400.00000	8.48013
31	18600.00000	8.48013
31	18800.00000	8.48013
31	19000.00000	8.48013
31	19200.00000	8.48013
31	19400.00000	8.62578
31	19600.00000	8.62578
31	19800.00000	8.62578
31	20000.00000	8.62578
32	0.00000	11.50317
32	200.00000	11.50317
32	400.00000	11.50317
32	600.00000	11.50317
32	800.00000	11.50317
32	1000.00000	11.53199
32	1200.00000	11.53199
32	1400.00000	11.53199
32	1600.00000	11.53199
32	1800.00000	11.53199
32	2000.00000	10.97285
32	2200.00000	10.97285
32	2400.00000	10.97285
32	2600.00000	10.97285
32	2800.00000	10.97285
32	3000.00000	10.81225
32	3200.00000	10.81225
32	3400.00000	10.81225
32	3600.00000	10.81225
32	3800.00000	10.81225
32	4000.00000	9.91605
32	4200.00000	9.91605
32	4400.00000	9.91605
32	4600.00000	9.91605
32	4800.00000	9.91605
32	5000.00000	10.46270
32	5200.00000	10.46270
32	5400.00000	10.46270
32	5600.00000	10.46270
32	5800.00000	9.98693
32	6000.00000	9.98693
32	6200.00000	9.98693
32	6400.00000	9.98693
32	6600.00000	9.98693
32	6800.00000	10.21205
32	7000.00000	10.21205
32	7200.00000	10.21205
32	7400.00000	10.21205
32	7600.00000	10.21205
32	7800.00000	9.79300
32	8000.00000	9.79300
32	8200.00000	9.79300
32	8400.00000	9.79300
32	8600.00000	9.79300
32	8800.00000	9.27695
32	9000.00000	9.27695
32	9200.00000	9.27695
32	9400.00000	9.27695
32	9600.00000	9.27695
32	9800.00000	9.12207
32	10000.00000	9.12207
32	10200.00000	9.12207
32	10400.00000	9.12207
32	10600.00000	10.23260
32	10800.00000	10.23260
32	11000.00000	10.23260
32	11200.00000	10.23260
32	11400.00000	10.23260
32	11600.00000	10.20282
32	11800.00000	10.20282
32	12000.00000	10.20282
32	12200.00000	10.20282
32	12400.00000	10.20282
32	12600.00000	9.54143
32	12800.00000	9.54143
32	13000.00000	9.54143
32	13200.00000	9.54143
32	13400.00000	9.54143
32	13600.00000	10.05736
32	13800.00000	10.05736
32	14000.00000	10.05736
32	14200.00000	10.05736
32	14400.00000	10.05736
32	14600.00000	9.94120
32	14800.00000	9.94120
32	15000.00000	9.94120
32	15200.00000	9.94120
32	15400.00000	8.69015
32	15600.00000	8.69015
32	15800.00000	8.69015
32	16000.00000	8.69015
32	16200.00000	8.69015
32	16400.00000	9.24251
32	16600.00000	9.24251
32	16800.00000	9.24251
32	17000.00000	9.24251
32	17200.00000	9.24251
32	17400.00000	8.22597
32	17600.00000	8.22597
32	17800.00000	8.22597
32	18000.00000	8.22597
32	18200.00000	8.22597
32	18400.00000	8.09964
32	18600.00000	8.09964
32	18800.00000	8.09964
32	19000.00000	8.09964
32	19200.00000	8.09964
32	19400.00000	8.32639
32	19600.00000	8.32639
32	19800.00000	8.32639
32	20000.00000	8.32639
33	0.00000	11.77184
33	200.00000	11.77184
33	400.00000	11.77184
33	600.00000	11.77184
33	800.00000	11.77184
33	1000.00000	11.36218
33	1200.00000	11.36218
33	1400.00000	11.36218
33	1600.00000	11.36218
33	1800.00000	11.36218
33	2000.00000	11.43623
33	2200.00000	11.43623
33	2400.00000	11.43623
33	2600.00000	11.43623
33	2800.00000	11.43623
33	3000.00000	10.83893
33	3200.00000	10.83893
33	3400.00000	10.83893
33	3600.00000	10.83893
33	3800.00000	10.83893
33	4000.00000	10.04849
33	4200.00000	10.04849
33	4400.00000	10.04849
33	4600.00000	10.04849
33	4800.00000	10.04849
33	5000.00000	10.16672
33	5200.00000	10.16672
33	5400.00000	10.16672
33	5600.00000	10.16672
33	5800.00000	10.38398
33	6000.00000	10.38398
33	6200.00000	10.38398
33	6400.00000	10.38398
33	6600.00000	10.38398
33	6800.00000	10.25683
33	7000.00000	10.25683
33	7200.00000	10.25683
33	7400.00000	10.25683
33	7600.00000	10.25683
33	7800.00000	9.48709
33	8000.00000	9.48709
33	8200.00000	9.48709
33	8400.00000	9.48709
33	8600.00000	9.48709
33	8800.00000	9.66307
33	9000.00000	9.66307
33	9200.00000	9.66307
33	9400.00000	9.66307
33	9600.00000	9.66307
33	9800.00000	9.52511
33	10000.00000	9.52511
33	10200.00000	9.52511
33	10400.00000	9.52511
33	10600.00000	9.86448
33	10800.00000	9.86448
33	11000.00000	9.86448
33	11200.00000	9.86448
33	11400.00000	9.86448
33	11600.00000	10.35219
33	11800.00000	10.35219
33	12000.00000	10.35219
33	12200.00000	10.35219
33	12400.00000	10.35219
33	12600.00000	9.95307
33	12800.00000	9.95307
33	13000.00000	9.95307
33	13200.00000	9.95307
33	13400.00000	9.95307
33	13600.00000	9.48310
33	13800.00000	9.48310
33	14000.00000	9.48310
33	14200.00000	9.48310
33	14400.00000	9.48310
33	14600.00000	9.22276
33	14800.00000	9.22276
33	15000.00000	9.22276
33	15200.00000	9.22276
33	15400.00000	9.02779
33	15600.00000	9.02779
33	15800.00000	9.02779
33	16000.00000	9.02779
33	16200.00000	9.02779
33	16400.00000	8.84493
33	16600.00000	8.84493
33	16800.00000	8.84493
33	17000.00000	8.84493
33	17200.00000	8.84493
33	17400.00000	8.45370
33	17600.00000	8.45370
33	17800.00000	8.45370
33	18000.00000	8.45370
33	18200.00000	8.45370
33	18400.00000	8.85592
33	18600.00000	8.85592
33	18800.00000	8.85592
33	19000.00000	8.85592
33	19200.00000	8.85592
33	19400.00000	9.19115
33	19600.00000	9.19115
33	19800.00000	9.19115
33	20000.00000	9.19115
34	0.00000	11.66735
34	200.00000	11.66735
34	400.00000	11.66735
34	600.00000	11.66735
34	800.00000	11.66735
34	1000.00000	11.48689
34	1200.00000	11.48689
34	1400.00000	11.48689
34	1600.00000	11.48689
34	1800.00000	11.48689
34	2000.00000	11.09357
34	2200.00000	11.09357
34	2400.00000	11.09357
34	2600.00000	11.09357
34	2800.00000	11.09357
34	3000.00000	10.89098
34	3200.00000	10.89098
34	3400.00000	10.89098
34	3600.00000	10.89098
34	3800.00000	10.89098
34	4000.00000	9.81936
34	4200.00000	9.81936
34	4400.00000	9.81936
34	4600.00000	9.81936
34	4800.00000	9.81936
34	5000.00000	10.38915
34	5200.00000	10.38915
34	5400.00000	10.38915
34	5600.00000	10.38915
34	5800.00000	10.70924
34	6000.00000	10.70924
34	6200.00000	10.70924
34	6400.00000	10.70924
34	6600.00000	10.70924
34	6800.00000	9.88219
34	7000.00000	9.88219
34	7200.00000	9.88219
34	7400.00000	9.88219
34	7600.00000	9.88219
34	7800.00000	9.49993
34	8000.00000	9.49993
34	8200.00000	9.49993
34	8400.00000	9.49993
34	8600.00000	9.49993
34	8800.00000	9.22128
34	9000.00000	9.22128
34	9200.00000	9.22128
34	9400.00000	9.22128
34	9600.00000	9.22128
34	9800.00000	9.19767
34	10000.00000	9.19767
34	10200.00000	9.19767
34	10400.00000	9.19767
34	10600.00000	9.58407
34	10800.00000	9.58407
34	11000.00000	9.58407
34	11200.00000	9.58407
34	11400.00000	9.58407
34	11600.00000	10.33296
34	11800.00000	10.33296
34	12000.00000	10.33296
34	12200.00000	10.33296
34	12400.00000	10.33296
34	12600.00000	9.91645
34	12800.00000	9.91645
34	13000.00000	9.91645
34	13200.00000	9.91645
34	13400.00000	9.91645
34	13600.00000	9.57999
34	13800.00000	9.57999
34	14000.00000	9.57999
34	14200.00000	9.57999
34	14400.00000	9.57999
34	14600.00000	9.21560
34	14800.00000	9.21560
34	15000.00000	9.21560
34	15200.00000	9.21560
34	15400.00000	8.46397
34	15600.00000	8.46397
34	15800.00000	8.46397
34	16000.00000	8.46397
34	16200.00000	8.46397
34	16400.00000	8.98613
34	16600.00000	8.98613
34	16800.00000	8.98613
34	17000.00000	8.98613
34	17200.00000	8.98613
34	17400.00000	8.70328
34	17600.00000	8.70328
34	17800.00000	8.70328
34	18000.00000	8.70328
34	18200.00000	8.70328
34	18400.00000	8.23548
34	18600.00000	8.23548
34	18800.00000	8.23548
34	19000.00000	8.23548
34	19200.00000	8.23548
34	19400.00000	8.48002
34	19600.00000	8.48002
34	19800.00000	8.48002
34	20000.00000	8.48002
35	0.00000	11.70562
35	200.00000	11.70562
35	400.00000	11.70562
35	600.00000	11.70562
35	800.00000	11.70562
35	1000.00000	11.51898
35	1200.00000	11.51898
35	1400.00000	11.51898
35	1600.00000	11.51898
35	1800.00000	11.51898
35	2000.00000	11.18514
35	2200.00000	11.18514
35	2400.00000	11.18514
35	2600.00000	11.18514
35	2800.00000	11.18514
35	3000.00000	11.15577
35	3200.00000	11.15577
35	3400.00000	11.15577
35	3600.00000	11.15577
35	3800.00000	11.15577
35	4000.00000	9.54826
35	4200.00000	9.54826
35	4400.00000	9.54826
35	4600.00000	9.54826
35	4800.00000	9.54826
35	5000.00000	10.26646
35	5200.00000	10.26646
35	5400.00000	10.26646
35	5600.00000	10.26646
35	5800.00000	11.19127
35	6000.00000	11.19127
35	6200.00000	11.19127
35	6400.00000	11.19127
35	6600.00000	11.19127
35	6800.00000	10.43353
35	7000.00000	10.43353
35	7200.00000	10.43353
35	7400.00000	10.43353
35	7600.00000	10.43353
35	7800.00000	9.36469
35	8000.00000	9.36469
35	8200.00000	9.36469
35	8400.00000	9.36469
35	8600.00000	9.36469
35	8800.00000	10.89440
35	9000.00000	10.89440
35	9200.00000	10.89440
35	9400.00000	10.89440
35	9600.00000	10.89440
35	9800.00000	9.43636
35	10000.00000	9.43636
35	10200.00000	9.43636
35	10400.00000	9.43636
35	10600.00000	9.22274
35	10800.00000	9.22274
35	11000.00000	9.22274
35	11200.00000	9.22274
35	11400.00000	9.22274
35	11600.00000	10.92526
35	11800.00000	10.92526
35	12000.00000	10.92526
35	12200.00000	10.92526
35	12400.00000	10.92526
35	12600.00000	10.65279
35	12800.00000	10.65279
35	13000.00000	10.65279
35	13200.00000	10.65279
35	13400.00000	10.65279
35	13600.00000	10.59764
35	13800.00000	10.59764
35	14000.00000	10.59764
35	14200.00000	10.59764
35	14400.00000	10.59764
35	14600.00000	10.27674
35	14800.00000	10.27674
35	15000.00000	10.27674
35	15200.00000	10.27674
35	15400.00000	8.88486
35	15600.00000	8.88486
35	15800.00000	8.88486
35	16000.00000	8.88486
35	16200.00000	8.88486
35	16400.00000	8.95044
35	16600.00000	8.95044
35	16800.00000	8.95044
35	17000.00000	8.95044
35	17200.00000	8.95044
35	17400.00000	8.09222
35	17600.00000	8.09222
35	17800.00000	8.09222
35	18000.00000	8.09222
35	18200.00000	8.09222
35	18400.00000	8.79860
35	18600.00000	8.79860
35	18800.00000	8.79860
35	19000.00000	8.79860
35	19200.00000	8.79860
35	19400.00000	8.92088
35	19600.00000	8.92088
35	19800.00000	8.92088
35	20000.00000	8.92088
36	0.00000	11.67993
36	200.00000	11.67993
36	400.00000	11.67993
36	600.00000	11.67993
36	800.00000	11.67993
36	1000.00000	11.38534
36	1200.00000	11.38534
36	1400.00000	11.38534
36	1600.00000	11.38534
36	1800.00000	11.38534
36	2000.00000	11.44145
36	2200.00000	11.44145
36	2400.00000	11.44145
36	2600.00000	11.44145
36	2800.00000	11.44145
36	3000.00000	10.68792
36	3200.00000	10.68792
36	3400.00000	10.68792
36	3600.00000	10.68792
36	3800.00000	10.68792
36	4000.00000	9.94630
36	4200.00000	9.94630
36	4400.00000	9.94630
36	4600.00000	9.94630
36	4800.00000	9.94630
36	5000.00000	10.26515
36	5200.00000	10.26515
36	5400.00000	10.26515
36	5600.00000	10.26515
36	5800.00000	10.70195
36	6000.00000	10.70195
36	6200.00000	10.70195
36	6400.00000	10.70195
36	6600.00000	10.70195
36	6800.00000	9.84731
36	7000.00000	9.84731
36	7200.00000	9.84731
36	7400.00000	9.84731
36	7600.00000	9.84731
36	7800.00000	9.84225
36	8000.00000	9.84225
36	8200.00000	9.84225
36	8400.00000	9.84225
36	8600.00000	9.84225
36	8800.00000	9.50341
36	9000.00000	9.50341
36	9200.00000	9.50341
36	9400.00000	9.50341
36	9600.00000	9.50341
36	9800.00000	9.49925
36	10000.00000	9.49925
36	10200.00000	9.49925
36	10400.00000	9.49925
36	10600.00000	10.05608
36	10800.00000	10.05608
36	11000.00000	10.05608
36	11200.00000	10.05608
36	11400.00000	10.05608
36	11600.00000	9.84331
36	11800.00000	9.84331
36	12000.00000	9.84331
36	12200.00000	9.84331
36	12400.00000	9.84331
36	12600.00000	10.74635
36	12800.00000	10.74635
36	13000.00000	10.74635
36	13200.00000	10.74635
36	13400.00000	10.74635
36	13600.00000	9.41429
36	13800.00000	9.41429
36	14000.00000	9.41429
36	14200.00000	9.41429
36	14400.00000	9.41429
36	14600.00000	9.14392
36	14800.00000	9.14392
36	15000.00000	9.14392
36	15200.00000	9.14392
36	15400.00000	9.15004
36	15600.00000	9.15004
36	15800.00000	9.15004
36	16000.00000	9.15004
36	16200.00000	9.15004
36	16400.00000	8.41049
36	16600.00000	8.41049
36	16800.00000	8.41049
36	17000.00000	8.41049
36	17200.00000	8.41049
36	17400.00000	9.03408
36	17600.00000	9.03408
36	17800.00000	9.03408
36	18000.00000	9.03408
36	18200.00000	9.03408
36	18400.00000	9.13444
36	18600.00000	9.13444
36	18800.00000	9.13444
36	19000.00000	9.13444
36	19200.00000	9.13444
36	19400.00000	9.40639
36	19600.00000	9.40639
36	19800.00000	9.40639
36	20000.00000	9.40639
37	0.00000	11.57341
37	200.00000	11.57341
37	400.00000	11.57341
37	600.00000	11.57341
37	800.00000	11.57341
37	1000.00000	11.78032
37	1200.00000	11.78032
37	1400.00000	11.78032
37	1600.00000	11.78032
37	1800.00000	11.78032
37	2000.00000	11.31132
37	2200.00000	11.31132
37	2400.00000	11.31132
37	2600.00000	11.31132
37	2800.00000	11.31132
37	3000.00000	10.70851
37	3200.00000	10.70851
37	3400.00000	10.70851
37	3600.00000	10.70851
37	3800.00000	10.70851
37	4000.00000	9.73801
37	4200.00000	9.73801
37	4400.00000	9.73801
37	4600.00000	9.73801
37	4800.00000	9.73801
37	5000.00000	10.12375
37	5200.00000	10.12375
37	5400.00000	10.12375
37	5600.00000	10.12375
37	5800.00000	10.51505
37	6000.00000	10.51505
37	6200.00000	10.51505
37	6400.00000	10.51505
37	6600.00000	10.51505
37	6800.00000	9.99129
37	7000.00000	9.99129
37	7200.00000	9.99129
37	7400.00000	9.99129
37	7600.00000	9.99129
37	7800.00000	9.59123
37	8000.00000	9.59123
37	8200.00000	9.59123
37	8400.00000	9.59123
37	8600.00000	9.59123
37	8800.00000	9.76415
37	9000.00000	9.76415
37	9200.00000	9.76415
37	9400.00000	9.76415
37	9600.00000	9.76415
37	9800.00000	9.22190
37	10000.00000	9.22190
37	10200.00000	9.22190
37	10400.00000	9.22190
37	10600.00000	9.64975
37	10800.00000	9.64975
37	11000.00000	9.64975
37	11200.00000	9.64975
37	11400.00000	9.64975
37	11600.00000	10.05085
37	11800.00000	10.05085
37	12000.00000	10.05085
37	12200.00000	10.05085
37	12400.00000	10.05085
37	12600.00000	9.85113
37	12800.00000	9.85113
37	13000.00000	9.85113
37	13200.00000	9.85113
37	13400.00000	9.85113
37	13600.00000	9.86890
37	13800.00000	9.86890
37	14000.00000	9.86890
37	14200.00000	9.86890
37	14400.00000	9.86890
37	14600.00000	9.26546
37	14800.00000	9.26546
37	15000.00000	9.26546
37	15200.00000	9.26546
37	15400.00000	9.39949
37	15600.00000	9.39949
37	15800.00000	9.39949
37	16000.00000	9.39949
37	16200.00000	9.39949
37	16400.00000	8.50233
37	16600.00000	8.50233
37	16800.00000	8.50233
37	17000.00000	8.50233
37	17200.00000	8.50233
37	17400.00000	9.46311
37	17600.00000	9.46311
37	17800.00000	9.46311
37	18000.00000	9.46311
37	18200.00000	9.46311
37	18400.00000	8.83859
37	18600.00000	8.83859
37	18800.00000	8.83859
37	19000.00000	8.83859
37	19200.00000	8.83859
37	19400.00000	8.58760
37	19600.00000	8.58760
37	19800.00000	8.58760
37	20000.00000	8.58760
38	0.00000	11.54450
38	200.00000	11.54450
38	400.00000	11.54450
38	600.00000	11.54450
38	800.00000	11.54450
38	1000.00000	11.21514
38	1200.00000	11.21514
38	1400.00000	11.21514
38	1600.00000	11.21514
38	1800.00000	11.21514
38	2000.00000	11.65329
38	2200.00000	11.65329
38	2400.00000	11.65329
38	2600.00000	11.65329
38	2800.00000	11.65329
38	3000.00000	10.66754
38	3200.00000	10.66754
38	3400.00000	10.66754
38	3600.00000	10.66754
38	3800.00000	10.66754
38	4000.00000	10.01124
38	4200.00000	10.01124
38	4400.00000	10.01124
38	4600.00000	10.01124
38	4800.00000	10.01124
38	5000.00000	10.28777
38	5200.00000	10.28777
38	5400.00000	10.28777
38	5600.00000	10.28777
38	5800.00000	10.52603
38	6000.00000	10.52603
38	6200.00000	10.52603
38	6400.00000	10.52603
38	6600.00000	10.52603
38	6800.00000	10.71199
38	7000.00000	10.71199
38	7200.00000	10.71199
38	7400.00000	10.71199
38	7600.00000	10.71199
38	7800.00000	9.35521
38	8000.00000	9.35521
38	8200.00000	9.35521
38	8400.00000	9.35521
38	8600.00000	9.35521
38	8800.00000	9.34142
38	9000.00000	9.34142
38	9200.00000	9.34142
38	9400.00000	9.34142
38	9600.00000	9.34142
38	9800.00000	9.19277
38	10000.00000	9.19277
38	10200.00000	9.19277
38	10400.00000	9.19277
38	10600.00000	9.86443
38	10800.00000	9.86443
38	11000.00000	9.86443
38	11200.00000	9.86443
38	11400.00000	9.86443
38	11600.00000	9.55733
38	11800.00000	9.55733
38	12000.00000	9.55733
38	12200.00000	9.55733
38	12400.00000	9.55733
38	12600.00000	10.05444
38	12800.00000	10.05444
38	13000.00000	10.05444
38	13200.00000	10.05444
38	13400.00000	10.05444
38	13600.00000	10.36702
38	13800.00000	10.36702
38	14000.00000	10.36702
38	14200.00000	10.36702
38	14400.00000	10.36702
38	14600.00000	9.67714
38	14800.00000	9.67714
38	15000.00000	9.67714
38	15200.00000	9.67714
38	15400.00000	9.61039
38	15600.00000	9.61039
38	15800.00000	9.61039
38	16000.00000	9.61039
38	16200.00000	9.61039
38	16400.00000	8.95765
38	16600.00000	8.95765
38	16800.00000	8.95765
38	17000.00000	8.95765
38	17200.00000	8.95765
38	17400.00000	9.08458
38	17600.00000	9.08458
38	17800.00000	9.08458
38	18000.00000	9.08458
38	18200.00000	9.08458
38	18400.00000	7.72957
38	18600.00000	7.72957
38	18800.00000	7.72957
38	19000.00000	7.72957
38	19200.00000	7.72957
38	19400.00000	8.72953
38	19600.00000	8.72953
38	19800.00000	8.72953
38	20000.00000	8.72953
39	0.00000	11.72861
39	200.00000	11.72861
39	400.00000	11.72861
39	600.00000	11.72861
39	800.00000	11.72861
39	1000.00000	11.46399
39	1200.00000	11.46399
39	1400.00000	11.46399
39	1600.00000	11.46399
39	1800.00000	11.46399
39	2000.00000	11.09526
39	2200.00000	11.09526
39	2400.00000	11.09526
39	2600.00000	11.09526
39	2800.00000	11.09526
39	3000.00000	10.67556
39	3200.00000	10.67556
39	3400.00000	10.67556
39	3600.00000	10.67556
39	3800.00000	10.67556
39	4000.00000	10.08303
39	4200.00000	10.08303
39	4400.00000	10.08303
39	4600.00000	10.08303
39	4800.00000	10.08303
39	5000.00000	10.19523
39	5200.00000	10.19523
39	5400.00000	10.19523
39	5600.00000	10.19523
39	5800.00000	10.81883
39	6000.00000	10.81883
39	6200.00000	10.81883
39	6400.00000	10.81883
39	6600.00000	10.81883
39	6800.00000	10.24477
39	7000.00000	10.24477
39	7200.00000	10.24477
39	7400.00000	10.24477
39	7600.00000	10.24477
39	7800.00000	9.56339
39	8000.00000	9.56339
39	8200.00000	9.56339
39	8400.00000	9.56339
39	8600.00000	9.56339
39	8800.00000	9.56513
39	9000.00000	9.56513
39	9200.00000	9.56513
39	9400.00000	9.56513
39	9600.00000	9.56513
39	9800.00000	9.22112
39	10000.00000	9.22112
39	10200.00000	9.22112
39	10400.00000	9.22112
39	10600.00000	9.53225
39	10800.00000	9.53225
39	11000.00000	9.53225
39	11200.00000	9.53225
39	11400.00000	9.53225
39	11600.00000	9.85078
39	11800.00000	9.85078
39	12000.00000	9.85078
39	12200.00000	9.85078
39	12400.00000	9.85078
39	12600.00000	9.52226
39	12800.00000	9.52226
39	13000.00000	9.52226
39	13200.00000	9.52226
39	13400.00000	9.52226
39	13600.00000	9.91434
39	13800.00000	9.91434
39	14000.00000	9.91434
39	14200.00000	9.91434
39	14400.00000	9.91434
39	14600.00000	9.51556
39	14800.00000	9.51556
39	15000.00000	9.51556
39	15200.00000	9.51556
39	15400.00000	9.42080
39	15600.00000	9.42080
39	15800.00000	9.42080
39	16000.00000	9.42080
39	16200.00000	9.42080
39	16400.00000	8.66008
39	16600.00000	8.66008
39	16800.00000	8.66008
39	17000.00000	8.66008
39	17200.00000	8.66008
39	17400.00000	8.82208
39	17600.00000	8.82208
39	17800.00000	8.82208
39	18000.00000	8.82208
39	18200.00000	8.82208
39	18400.00000	8.63946
39	18600.00000	8.63946
39	18800.00000	8.63946
39	19000.00000	8.63946
39	19200.00000	8.63946
39	19400.00000	8.79581
39	19600.00000	8.79581
39	19800.00000	8.79581
39	20000.00000	8.79581
40	0.00000	11.59542
40	200.00000	11.59542
40	400.00000	11.59542
40	600.00000	11.59542
40	800.00000	11.59542
40	1000.00000	11.48262
40	1200.00000	11.48262
40	1400.00000	11.48262
40	1600.00000	11.48262
40	1800.00000	11.48262
40	2000.00000	10.99680
40	2200.00000	10.99680
40	2400.00000	10.99680
40	2600.00000	10.99680
40	2800.00000	10.99680
40	3000.00000	10.63207
40	3200.00000	10.63207
40	3400.00000	10.63207
40	3600.00000	10.63207
40	3800.00000	10.63207
40	4000.00000	10.06885
40	4200.00000	10.06885
40	4400.00000	10.06885
40	4600.00000	10.06885
40	4800.00000	10.06885
40	5000.00000	10.14535
40	5200.00000	10.14535
40	5400.00000	10.14535
40	5600.00000	10.14535
40	5800.00000	10.07856
40	6000.00000	10.07856
40	6200.00000	10.07856
40	6400.00000	10.07856
40	6600.00000	10.07856
40	6800.00000	9.89352
40	7000.00000	9.89352
40	7200.00000	9.89352
40	7400.00000	9.89352
40	7600.00000	9.89352
40	7800.00000	9.56782
40	8000.00000	9.56782
40	8200.00000	9.56782
40	8400.00000	9.56782
40	8600.00000	9.56782
40	8800.00000	10.04950
40	9000.00000	10.04950
40	9200.00000	10.04950
40	9400.00000	10.04950
40	9600.00000	10.04950
40	9800.00000	9.91292
40	10000.00000	9.91292
40	10200.00000	9.91292
40	10400.00000	9.91292
40	10600.00000	9.28322
40	10800.00000	9.28322
40	11000.00000	9.28322
40	11200.00000	9.28322
40	11400.00000	9.28322
40	11600.00000	9.91398
40	11800.00000	9.91398
40	12000.00000	9.91398
40	12200.00000	9.91398
40	12400.00000	9.91398
40	12600.00000	9.23308
40	12800.00000	9.23308
40	13000.00000	9.23308
40	13200.00000	9.23308
40	13400.00000	9.23308
40	13600.00000	9.66057
40	13800.00000	9.66057
40	14000.00000	9.66057
40	14200.00000	9.66057
40	14400.00000	9.66057
40	14600.00000	10.05091
40	14800.00000	10.05091
40	15000.00000	10.05091
40	15200.00000	10.05091
40	15400.00000	9.48895
40	15600.00000	9.48895
40	15800.00000	9.48895
40	16000.00000	9.48895
40	16200.00000	9.48895
40	16400.00000	9.21737
40	16600.00000	9.21737
40	16800.00000	9.21737
40	17000.00000	9.21737
40	17200.00000	9.21737
40	17400.00000	8.53495
40	17600.00000	8.53495
40	17800.00000	8.53495
40	18000.00000	8.53495
40	18200.00000	8.53495
40	18400.00000	9.11290
40	18600.00000	9.11290
40	18800.00000	9.11290
40	19000.00000	9.11290
40	19200.00000	9.11290
40	19400.00000	8.50382
40	19600.00000	8.50382
40	19800.00000	8.50382
40	20000.00000	8.50382
41	0.00000	11.78231
41	200.00000	11.78231
41	400.00000	11.78231
41	600.00000	11.78231
41	800.00000	11.78231
41	1000.00000	11.78327
41	1200.00000	11.78327
41	1400.00000	11.78327
41	1600.00000	11.78327
41	1800.00000	11.78327
41	2000.00000	11.32476
41	2200.00000	11.32476
41	2400.00000	11.32476
41	2600.00000	11.32476
41	2800.00000	11.32476
41	3000.00000	11.22804
41	3200.00000	11.22804
41	3400.00000	11.22804
41	3600.00000	11.22804
41	3800.00000	11.22804
41	4000.00000	9.95648
41	4200.00000	9.95648
41	4400.00000	9.95648
41	4600.00000	9.95648
41	4800.00000	9.95648
41	5000.00000	10.41292
41	5200.00000	10.41292
41	5400.00000	10.41292
41	5600.00000	10.41292
41	5800.00000	10.74257
41	6000.00000	10.74257
41	6200.00000	10.74257
41	6400.00000	10.74257
41	6600.00000	10.74257
41	6800.00000	10.10772
41	7000.00000	10.10772
41	7200.00000	10.10772
41	7400.00000	10.10772
41	7600.00000	10.10772
41	7800.00000	9.44753
41	8000.00000	9.44753
41	8200.00000	9.44753
41	8400.00000	9.44753
41	8600.00000	9.44753
41	8800.00000	9.74296
41	9000.00000	9.74296
41	9200.00000	9.74296
41	9400.00000	9.74296
41	9600.00000	9.74296
41	9800.00000	9.46548
41	10000.00000	9.46548
41	10200.00000	9.46548
41	10400.00000	9.46548
41	10600.00000	9.47329
41	10800.00000	9.47329
41	11000.00000	9.47329
41	11200.00000	9.47329
41	11400.00000	9.47329
41	11600.00000	9.86233
41	11800.00000	9.86233
41	12000.00000	9.86233
41	12200.00000	9.86233
41	12400.00000	9.86233
41	12600.00000	9.97787
41	12800.00000	9.97787
41	13000.00000	9.97787
41	13200.00000	9.97787
41	13400.00000	9.97787
41	13600.00000	9.94476
41	13800.00000	9.94476
41	14000.00000	9.94476
41	14200.00000	9.94476
41	14400.00000	9.94476
41	14600.00000	9.00051
41	14800.00000	9.00051
41	15000.00000	9.00051
41	15200.00000	9.00051
41	15400.00000	9.77127
41	15600.00000	9.77127
41	15800.00000	9.77127
41	16000.00000	9.77127
41	16200.00000	9.77127
41	16400.00000	9.49629
41	16600.00000	9.49629
41	16800.00000	9.49629
41	17000.00000	9.49629
41	17200.00000	9.49629
41	17400.00000	8.35996
41	17600.00000	8.35996
41	17800.00000	8.35996
41	18000.00000	8.35996
41	18200.00000	8.35996
41	18400.00000	8.80826
41	18600.00000	8.80826
41	18800.00000	8.80826
41	19000.00000	8.80826
41	19200.00000	8.80826
41	19400.00000	8.45438
41	19600.00000	8.45438
41	19800.00000	8.45438
41	20000.00000	8.45438
42	0.00000	11.56737
42	200.00000	11.56737
42	400.00000	11.56737
42	600.00000	11.56737
42	800.00000	11.56737
42	1000.00000	11.46446
42	1200.00000	11.46446
42	1400.00000	11.46446
42	1600.00000	11.46446
42	1800.00000	11.46446
42	2000.00000	11.57011
42	2200.00000	11.57011
42	2400.00000	11.57011
42	2600.00000	11.57011
42	2800.00000	11.57011
42	3000.00000	10.80255
42	3200.00000	10.80255
42	3400.00000	10.80255
42	3600.00000	10.80255
42	3800.00000	10.80255
42	4000.00000	10.01304
42	4200.00000	10.01304
42	4400.00000	10.01304
42	4600.00000	10.01304
42	4800.00000	10.01304
42	5000.00000	10.23282
42	5200.00000	10.23282
42	5400.00000	10.23282
42	5600.00000	10.23282
42	5800.00000	10.88155
42	6000.00000	10.88155
42	6200.00000	10.88155
42	6400.00000	10.88155
42	6600.00000	10.88155
42	6800.00000	9.93213
42	7000.00000	9.93213
42	7200.00000	9.93213
42	7400.00000	9.93213
42	7600.00000	9.93213
42	7800.00000	9.79961
42	8000.00000	9.79961
42	8200.00000	9.79961
42	8400.00000	9.79961
42	8600.00000	9.79961
42	8800.00000	9.71175
42	9000.00000	9.71175
42	9200.00000	9.71175
42	9400.00000	9.71175
42	9600.00000	9.71175
42	9800.00000	8.92427
42	10000.00000	8.92427
42	10200.00000	8.92427
42	10400.00000	8.92427
42	10600.00000	9.43110
42	10800.00000	9.43110
42	11000.00000	9.43110
42	11200.00000	9.43110
42	11400.00000	9.43110
42	11600.00000	9.46110
42	11800.00000	9.46110
42	12000.00000	9.46110
42	12200.00000	9.46110
42	12400.00000	9.46110
42	12600.00000	10.18365
42	12800.00000	10.18365
42	13000.00000	10.18365
42	13200.00000	10.18365
42	13400.00000	10.18365
42	13600.00000	10.11988
42	13800.00000	10.11988
42	14000.00000	10.11988
42	14200.00000	10.11988
42	14400.00000	10.11988
42	14600.00000	9.18040
42	14800.00000	9.18040
42	15000.00000	9.18040
42	15200.00000	9.18040
42	15400.00000	9.66873
42	15600.00000	9.66873
42	15800.00000	9.66873
42	16000.00000	9.66873
42	16200.00000	9.66873
42	16400.00000	8.79633
42	16600.00000	8.79633
42	16800.00000	8.79633
42	17000.00000	8.79633
42	17200.00000	8.79633
42	17400.00000	8.40372
42	17600.00000	8.40372
42	17800.00000	8.40372
42	18000.00000	8.40372
42	18200.00000	8.40372
42	18400.00000	8.10004
42	18600.00000	8.10004
42	18800.00000	8.10004
42	19000.00000	8.10004
42	19200.00000	8.10004
42	19400.00000	8.11500
42	19600.00000	8.11500
42	19800.00000	8.11500
42	20000.00000	8.11500
43	0.00000	12.26292
43	200.00000	12.26292
43	400.00000	12.26292
43	600.00000	12.26292
43	800.00000	12.26292
43	1000.00000	11.06993
43	1200.00000	11.06993
43	1400.00000	11.06993
43	1600.00000	11.06993
43	1800.00000	11.06993
43	2000.00000	11.78700
43	2200.00000	11.78700
43	2400.00000	11.78700
43	2600.00000	11.78700
43	2800.00000	11.78700
43	3000.00000	10.71795
43	3200.00000	10.71795
43	3400.00000	10.71795
43	3600.00000	10.71795
43	3800.00000	10.71795
43	4000.00000	9.92270
43	4200.00000	9.92270
43	4400.00000	9.92270
43	4600.00000	9.92270
43	4800.00000	9.92270
43	5000.00000	9.86146
43	5200.00000	9.86146
43	5400.00000	9.86146
43	5600.00000	9.86146
43	5800.00000	11.12472
43	6000.00000	11.12472
43	6200.00000	11.12472
43	6400.00000	11.12472
43	6600.00000	11.12472
43	6800.00000	9.87837
43	7000.00000	9.87837
43	7200.00000	9.87837
43	7400.00000	9.87837
43	7600.00000	9.87837
43	7800.00000	8.76565
43	8000.00000	8.76565
43	8200.00000	8.76565
43	8400.00000	8.76565
43	8600.00000	8.76565
43	8800.00000	10.22469
43	9000.00000	10.22469
43	9200.00000	10.22469
43	9400.00000	10.22469
43	9600.00000	10.22469
43	9800.00000	9.46140
43	10000.00000	9.46140
43	10200.00000	9.46140
43	10400.00000	9.46140
43	10600.00000	9.29510
43	10800.00000	9.29510
43	11000.00000	9.29510
43	11200.00000	9.29510
43	11400.00000	9.29510
43	11600.00000	9.94540
43	11800.00000	9.94540
43	12000.00000	9.94540
43	12200.00000	9.94540
43	12400.00000	9.94540
43	12600.00000	9.58493
43	12800.00000	9.58493
43	13000.00000	9.58493
43	13200.00000	9.58493
43	13400.00000	9.58493
43	13600.00000	10.52404
43	13800.00000	10.52404
43	14000.00000	10.52404
43	14200.00000	10.52404
43	14400.00000	10.52404
43	14600.00000	10.20274
43	14800.00000	10.20274
43	15000.00000	10.20274
43	15200.00000	10.20274
43	15400.00000	9.31255
43	15600.00000	9.31255
43	15800.00000	9.31255
43	16000.00000	9.31255
43	16200.00000	9.31255
43	16400.00000	8.89367
43	16600.00000	8.89367
43	16800.00000	8.89367
43	17000.00000	8.89367
43	17200.00000	8.89367
43	17400.00000	8.73553
43	17600.00000	8.73553
43	17800.00000	8.73553
43	18000.00000	8.73553
43	18200.00000	8.73553
43	18400.00000	8.39916
43	18600.00000	8.39916
43	18800.00000	8.39916
43	19000.00000	8.39916
43	19200.00000	8.39916
43	19400.00000	8.48050
43	19600.00000	8.48050
43	19800.00000	8.48050
43	20000.00000	8.48050
44	0.00000	11.45937
44	200.00000	11.45937
44	400.00000	11.45937
44	600.00000	11.45937
44	800.00000	11.45937
44	1000.00000	11.54960
44	1200.00000	11.54960
44	1400.00000	11.54960
44	1600.00000	11.54960
44	1800.00000	11.54960
44	2000.00000	11.10450
44	2200.00000	11.10450
44	2400.00000	11.10450
44	2600.00000	11.10450
44	2800.00000	11.10450
44	3000.00000	10.51427
44	3200.00000	10.51427
44	3400.00000	10.51427
44	3600.00000	10.51427
44	3800.00000	10.51427
44	4000.00000	10.13241
44	4200.00000	10.13241
44	4400.00000	10.13241
44	4600.00000	10.13241
44	4800.00000	10.13241
44	5000.00000	10.40992
44	5200.00000	10.40992
44	5400.00000	10.40992
44	5600.00000	10.40992
44	5800.00000	10.62829
44	6000.00000	10.62829
44	6200.00000	10.62829
44	6400.00000	10.62829
44	6600.00000	10.62829
44	6800.00000	9.96004
44	7000.00000	9.96004
44	7200.00000	9.96004
44	7400.00000	9.96004
44	7600.00000	9.96004
44	7800.00000	9.40118
44	8000.00000	9.40118
44	8200.00000	9.40118
44	8400.00000	9.40118
44	8600.00000	9.40118
44	8800.00000	9.44415
44	9000.00000	9.44415
44	9200.00000	9.44415
44	9400.00000	9.44415
44	9600.00000	9.44415
44	9800.00000	9.82574
44	10000.00000	9.82574
44	10200.00000	9.82574
44	10400.00000	9.82574
44	10600.00000	9.71220
44	10800.00000	9.71220
44	11000.00000	9.71220
44	11200.00000	9.71220
44	11400.00000	9.71220
44	11600.00000	9.55643
44	11800.00000	9.55643
44	12000.00000	9.55643
44	12200.00000	9.55643
44	12400.00000	9.55643
44	12600.00000	9.68043
44	12800.00000	9.68043
44	13000.00000	9.68043
44	13200.00000	9.68043
44	13400.00000	9.68043
44	13600.00000	9.41984
44	13800.00000	9.41984
44	14000.00000	9.41984
44	14200.00000	9.41984
44	14400.00000	9.41984
44	14600.00000	9.39866
44	14800.00000	9.39866
44	15000.00000	9.39866
44	15200.00000	9.39866
44	15400.00000	8.91185
44	15600.00000	8.91185
44	15800.00000	8.91185
44	16000.00000	8.91185
44	16200.00000	8.91185
44	16400.00000	8.55687
44	16600.00000	8.55687
44	16800.00000	8.55687
44	17000.00000	8.55687
44	17200.00000	8.55687
44	17400.00000	8.89845
44	17600.00000	8.89845
44	17800.00000	8.89845
44	18000.00000	8.89845
44	18200.00000	8.89845
44	18400.00000	8.28140
44	18600.00000	8.28140
44	18800.00000	8.28140
44	19000.00000	8.28140
44	19200.00000	8.28140
44	19400.00000	8.07660
44	19600.00000	8.07660
44	19800.00000	8.07660
44	20000.00000	8.07660
45	0.00000	11.57368
45	200.00000	11.57368
45	400.00000	11.57368
45	600.00000	11.57368
45	800.00000	11.57368
45	1000.00000	11.95612
45	1200.00000	11.95612
45	1400.00000	11.95612
45	1600.00000	11.95612
45	1800.00000	11.95612
45	2000.00000	11.40170
45	2200.00000	11.40170
45	2400.00000	11.40170
45	2600.00000	11.40170
45	2800.00000	11.40170
45	3000.00000	10.46465
45	3200.00000	10.46465
45	3400.00000	10.46465
45	3600.00000	10.46465
45	3800.00000	10.46465
45	4000.00000	10.25866
45	4200.00000	10.25866
45	4400.00000	10.25866
45	4600.00000	10.25866
45	4800.00000	10.25866
45	5000.00000	9.93842
45	5200.00000	9.93842
45	5400.00000	9.93842
45	5600.00000	9.93842
45	5800.00000	10.47890
45	6000.00000	10.47890
45	6200.00000	10.47890
45	6400.00000	10.47890
45	6600.00000	10.47890
45	6800.00000	10.10297
45	7000.00000	10.10297
45	7200.00000	10.10297
45	7400.00000	10.10297
45	7600.00000	10.10297
45	7800.00000	9.92340
45	8000.00000	9.92340
45	8200.00000	9.92340
45	8400.00000	9.92340
45	8600.00000	9.92340
45	8800.00000	9.67790
45	9000.00000	9.67790
45	9200.00000	9.67790
45	9400.00000	9.67790
45	9600.00000	9.67790
45	9800.00000	10.18901
45	10000.00000	10.18901
45	10200.00000	10.18901
45	10400.00000	10.18901
45	10600.00000	9.14271
45	10800.00000	9.14271
45	11000.00000	9.14271
45	11200.00000	9.14271
45	11400.00000	9.14271
45	11600.00000	9.73841
45	11800.00000	9.73841
45	12000.00000	9.73841
45	12200.00000	9.73841
45	12400.00000	9.73841
45	12600.00000	9.87593
45	12800.00000	9.87593
45	13000.00000	9.87593
45	13200.00000	9.87593
45	13400.00000	9.87593
45	13600.00000	9.79737
45	13800.00000	9.79737
45	14000.00000	9.79737
45	14200.00000	9.79737
45	14400.00000	9.79737
45	14600.00000	9.45344
45	14800.00000	9.45344
45	15000.00000	9.45344
45	15200.00000	9.45344
45	15400.00000	9.53835
45	15600.00000	9.53835
45	15800.00000	9.53835
45	16000.00000	9.53835
45	16200.00000	9.53835
45	16400.00000	9.39999
45	16600.00000	9.39999
45	16800.00000	9.39999
45	17000.00000	9.39999
45	17200.00000	9.39999
45	17400.00000	8.82902
45	17600.00000	8.82902
45	17800.00000	8.82902
45	18000.00000	8.82902
45	18200.00000	8.82902
45	18400.00000	8.77920
45	18600.00000	8.77920
45	18800.00000	8.77920
45	19000.00000	8.77920
45	19200.00000	8.77920
45	19400.00000	8.82142
45	19600.00000	8.82142
45	19800.00000	8.82142
45	20000.00000	8.82142
46	0.00000	11.66431
46	200.00000	11.66431
46	400.00000	11.66431
46	600.00000	11.66431
46	800.00000	11.66431
46	1000.00000	11.54258
46	1200.00000	11.54258
46	1400.00000	11.54258
46	1600.00000	11.54258
46	1800.00000	11.54258
46	2000.00000	11.62485
46	2200.00000	11.62485
46	2400.00000	11.62485
46	2600.00000	11.62485
46	2800.00000	11.62485
46	3000.00000	10.65157
46	3200.00000	10.65157
46	3400.00000	10.65157
46	3600.00000	10.65157
46	3800.00000	10.65157
46	4000.00000	9.96361
46	4200.00000	9.96361
46	4400.00000	9.96361
46	4600.00000	9.96361
46	4800.00000	9.96361
46	5000.00000	10.32142
46	5200.00000	10.32142
46	5400.00000	10.32142
46	5600.00000	10.32142
46	5800.00000	10.89162
46	6000.00000	10.89162
46	6200.00000	10.89162
46	6400.00000	10.89162
46	6600.00000	10.89162
46	6800.00000	10.25576
46	7000.00000	10.25576
46	7200.00000	10.25576
46	7400.00000	10.25576
46	7600.00000	10.25576
46	7800.00000	9.41632
46	8000.00000	9.41632
46	8200.00000	9.41632
46	8400.00000	9.41632
46	8600.00000	9.41632
46	8800.00000	10.13307
46	9000.00000	10.13307
46	9200.00000	10.13307
46	9400.00000	10.13307
46	9600.00000	10.13307
46	9800.00000	10.46950
46	10000.00000	10.46950
46	10200.00000	10.46950
46	10400.00000	10.46950
46	10600.00000	9.47147
46	10800.00000	9.47147
46	11000.00000	9.47147
46	11200.00000	9.47147
46	11400.00000	9.47147
46	11600.00000	9.31172
46	11800.00000	9.31172
46	12000.00000	9.31172
46	12200.00000	9.31172
46	12400.00000	9.31172
46	12600.00000	9.79502
46	12800.00000	9.79502
46	13000.00000	9.79502
46	13200.00000	9.79502
46	13400.00000	9.79502
46	13600.00000	9.85371
46	13800.00000	9.85371
46	14000.00000	9.85371
46	14200.00000	9.85371
46	14400.00000	9.85371
46	14600.00000	9.54228
46	14800.00000	9.54228
46	15000.00000	9.54228
46	15200.00000	9.54228
46	15400.00000	9.31267
46	15600.00000	9.31267
46	15800.00000	9.31267
46	16000.00000	9.31267
46	16200.00000	9.31267
46	16400.00000	8.39867
46	16600.00000	8.39867
46	16800.00000	8.39867
46	17000.00000	8.39867
46	17200.00000	8.39867
46	17400.00000	8.71401
46	17600.00000	8.71401
46	17800.00000	8.71401
46	18000.00000	8.71401
46	18200.00000	8.71401
46	18400.00000	8.20547
46	18600.00000	8.20547
46	18800.00000	8.20547
46	19000.00000	8.20547
46	19200.00000	8.20547
46	19400.00000	8.88320
46	19600.00000	8.88320
46	19800.00000	8.88320
46	20000.00000	8.88320
47	0.00000	11.60527
47	200.00000	11.60527
47	400.00000	11.60527
47	600.00000	11.60527
47	800.00000	11.60527
47	1000.00000	11.36543
47	1200.00000	11.36543
47	1400.00000	11.36543
47	1600.00000	11.36543
47	1800.00000	11.36543
47	2000.00000	11.40095
47	2200.00000	11.40095
47	2400.00000	11.40095
47	2600.00000	11.40095
47	2800.00000	11.40095
47	3000.00000	10.56629
47	3200.00000	10.56629
47	3400.00000	10.56629
47	3600.00000	10.56629
47	3800.00000	10.56629
47	4000.00000	9.96666
47	4200.00000	9.96666
47	4400.00000	9.96666
47	4600.00000	9.96666
47	4800.00000	9.96666
47	5000.00000	10.45018
47	5200.00000	10.45018
47	5400.00000	10.45018
47	5600.00000	10.45018
47	5800.00000	10.35879
47	6000.00000	10.35879
47	6200.00000	10.35879
47	6400.00000	10.35879
47	6600.00000	10.35879
47	6800.00000	9.79141
47	7000.00000	9.79141
47	7200.00000	9.79141
47	7400.00000	9.79141
47	7600.00000	9.79141
47	7800.00000	9.58349
47	8000.00000	9.58349
47	8200.00000	9.58349
47	8400.00000	9.58349
47	8600.00000	9.58349
47	8800.00000	10.47658
47	9000.00000	10.47658
47	9200.00000	10.47658
47	9400.00000	10.47658
47	9600.00000	10.47658
47	9800.00000	9.72133
47	10000.00000	9.72133
47	10200.00000	9.72133
47	10400.00000	9.72133
47	10600.00000	9.17918
47	10800.00000	9.17918
47	11000.00000	9.17918
47	11200.00000	9.17918
47	11400.00000	9.17918
47	11600.00000	9.78731
47	11800.00000	9.78731
47	12000.00000	9.78731
47	12200.00000	9.78731
47	12400.00000	9.78731
47	12600.00000	9.77891
47	12800.00000	9.77891
47	13000.00000	9.77891
47	13200.00000	9.77891
47	13400.00000	9.77891
47	13600.00000	9.54564
47	13800.00000	9.54564
47	14000.00000	9.54564
47	14200.00000	9.54564
47	14400.00000	9.54564
47	14600.00000	9.63591
47	14800.00000	9.63591
47	15000.00000	9.63591
47	15200.00000	9.63591
47	15400.00000	9.20136
47	15600.00000	9.20136
47	15800.00000	9.20136
47	16000.00000	9.20136
47	16200.00000	9.20136
47	16400.00000	9.26756
47	16600.00000	9.26756
47	16800.00000	9.26756
47	17000.00000	9.26756
47	17200.00000	9.26756
47	17400.00000	8.68881
47	17600.00000	8.68881
47	17800.00000	8.68881
47	18000.00000	8.68881
47	18200.00000	8.68881
47	18400.00000	8.51589
47	18600.00000	8.51589
47	18800.00000	8.51589
47	19000.00000	8.51589
47	19200.00000	8.51589
47	19400.00000	8.13829
47	19600.00000	8.13829
47	19800.00000	8.13829
47	20000.00000	8.13829
48	0.00000	11.48430
48	200.00000	11.48430
48	400.00000	11.48430
48	600.00000	11.48430
48	800.00000	11.48430
48	1000.00000	11.37908
48	1200.00000	11.37908
48	1400.00000	11.37908
48	1600.00000	11.37908
48	1800.00000	11.37908
48	2000.00000	11.31020
48	2200.00000	11.31020
48	2400.00000	11.31020
48	2600.00000	11.31020
48	2800.00000	11.31020
48	3000.00000	10.61542
48	3200.00000	10.61542
48	3400.00000	10.61542
48	3600.00000	10.61542
48	3800.00000	10.61542
48	4000.00000	9.96621
48	4200.00000	9.96621
48	4400.00000	9.96621
48	4600.00000	9.96621
48	4800.00000	9.96621
48	5000.00000	10.27734
48	5200.00000	10.27734
48	5400.00000	10.27734
48	5600.00000	10.27734
48	5800.00000	11.60746
48	6000.00000	11.60746
48	6200.00000	11.60746
48	6400.00000	11.60746
48	6600.00000	11.60746
48	6800.00000	9.82034
48	7000.00000	9.82034
48	7200.00000	9.82034
48	7400.00000	9.82034
48	7600.00000	9.82034
48	7800.00000	9.19324
48	8000.00000	9.19324
48	8200.00000	9.19324
48	8400.00000	9.19324
48	8600.00000	9.19324
48	8800.00000	10.00440
48	9000.00000	10.00440
48	9200.00000	10.00440
48	9400.00000	10.00440
48	9600.00000	10.00440
48	9800.00000	10.20381
48	10000.00000	10.20381
48	10200.00000	10.20381
48	10400.00000	10.20381
48	10600.00000	8.77838
48	10800.00000	8.77838
48	11000.00000	8.77838
48	11200.00000	8.77838
48	11400.00000	8.77838
48	11600.00000	10.06688
48	11800.00000	10.06688
48	12000.00000	10.06688
48	12200.00000	10.06688
48	12400.00000	10.06688
48	12600.00000	9.92391
48	12800.00000	9.92391
48	13000.00000	9.92391
48	13200.00000	9.92391
48	13400.00000	9.92391
48	13600.00000	9.98166
48	13800.00000	9.98166
48	14000.00000	9.98166
48	14200.00000	9.98166
48	14400.00000	9.98166
48	14600.00000	8.53936
48	14800.00000	8.53936
48	15000.00000	8.53936
48	15200.00000	8.53936
48	15400.00000	10.55091
48	15600.00000	10.55091
48	15800.00000	10.55091
48	16000.00000	10.55091
48	16200.00000	10.55091
48	16400.00000	9.99421
48	16600.00000	9.99421
48	16800.00000	9.99421
48	17000.00000	9.99421
48	17200.00000	9.99421
48	17400.00000	8.73198
48	17600.00000	8.73198
48	17800.00000	8.73198
48	18000.00000	8.73198
48	18200.00000	8.73198
48	18400.00000	8.03250
48	18600.00000	8.03250
48	18800.00000	8.03250
48	19000.00000	8.03250
48	19200.00000	8.03250
48	19400.00000	8.83271
48	19600.00000	8.83271
48	19800.00000	8.83271
48	20000.00000	8.83271
49	0.00000	11.86496
49	200.00000	11.86496
49	400.00000	11.86496
49	600.00000	11.86496
49	800.00000	11.86496
49	1000.00000	11.45371
49	1200.00000	11.45371
49	1400.00000	11.45371
49	1600.00000	11.45371
49	1800.00000	11.45371
49	2000.00000	11.43616
49	2200.00000	11.43616
49	2400.00000	11.43616
49	2600.00000	11.43616
49	2800.00000	11.43616
49	3000.00000	10.32845
49	3200.00000	10.32845
49	3400.00000	10.32845
49	3600.00000	10.32845
49	3800.00000	10.32845
49	4000.00000	10.01482
49	4200.00000	10.01482
49	4400.00000	10.01482
49	4600.00000	10.01482
49	4800.00000	10.01482
49	5000.00000	10.30398
49	5200.00000	10.30398
49	5400.00000	10.30398
49	5600.00000	10.30398
49	5800.00000	10.83220
49	6000.00000	10.83220
49	6200.00000	10.83220
49	6400.00000	10.83220
49	6600.00000	10.83220
49	6800.00000	10.04224
49	7000.00000	10.04224
49	7200.00000	10.04224
49	7400.00000	10.04224
49	7600.00000	10.04224
49	7800.00000	9.46203
49	8000.00000	9.46203
49	8200.00000	9.46203
49	8400.00000	9.46203
49	8600.00000	9.46203
49	8800.00000	9.99728
49	9000.00000	9.99728
49	9200.00000	9.99728
49	9400.00000	9.99728
49	9600.00000	9.99728
49	9800.00000	9.71127
49	10000.00000	9.71127
49	10200.00000	9.71127
49	10400.00000	9.71127
49	10600.00000	9.58177
49	10800.00000	9.58177
49	11000.00000	9.58177
49	11200.00000	9.58177
49	11400.00000	9.58177
49	11600.00000	10.10141
49	11800.00000	10.10141
49	12000.00000	10.10141
49	12200.00000	10.10141
49	12400.00000	10.10141
49	12600.00000	9.65296
49	12800.00000	9.65296
49	13000.00000	9.65296
49	13200.00000	9.65296
49	13400.00000	9.65296
49	13600.00000	9.95794
49	13800.00000	9.95794
49	14000.00000	9.95794
49	14200.00000	9.95794
49	14400.00000	9.95794
49	14600.00000	9.42749
49	14800.00000	9.42749
49	15000.00000	9.42749
49	15200.00000	9.42749
49	15400.00000	8.94658
49	15600.00000	8.94658
49	15800.00000	8.94658
49	16000.00000	8.94658
49	16200.00000	8.94658
49	16400.00000	8.93203
49	16600.00000	8.93203
49	16800.00000	8.93203
49	17000.00000	8.93203
49	17200.00000	8.93203
49	17400.00000	8.64833
49	17600.00000	8.64833
49	17800.00000	8.64833
49	18000.00000	8.64833
49	18200.00000	8.64833
49	18400.00000	8.85721
49	18600.00000	8.85721
49	18800.00000	8.85721
49	19000.00000	8.85721
49	19200.00000	8.85721
49	19400.00000	9.18453
49	19600.00000	9.18453
49	19800.00000	9.18453
49	20000.00000	9.18453
50	0.00000	11.78430
50	200.00000	11.78430
50	400.00000	11.78430
50	600.00000	11.78430
50	800.00000	11.78430
50	1000.00000	11.28098
50	1200.00000	11.28098
50	1400.00000	11.28098
50	1600.00000	11.28098
50	1800.00000	11.28098
50	2000.00000	12.43676
50	2200.00000	12.43676
50	2400.00000	12.43676
50	2600.00000	12.43676
50	2800.00000	12.43676
50	3000.00000	10.33350
50	3200.00000	10.33350
50	3400.00000	10.33350
50	3600.00000	10.33350
50	3800.00000	10.33350
50	4000.00000	10.04044
50	4200.00000	10.04044
50	4400.00000	10.04044
50	4600.00000	10.04044
50	4800.00000	10.04044
50	5000.00000	10.27794
50	5200.00000	10.27794
50	5400.00000	10.27794
50	5600.00000	10.27794
50	5800.00000	10.26080
50	6000.00000	10.26080
50	6200.00000	10.26080
50	6400.00000	10.26080
50	6600.00000	10.26080
50	6800.00000	10.59140
50	7000.00000	10.59140
50	7200.00000	10.59140
50	7400.00000	10.59140
50	7600.00000	10.59140
50	7800.00000	9.10755
50	8000.00000	9.10755
50	8200.00000	9.10755
50	8400.00000	9.10755
50	8600.00000	9.10755
50	8800.00000	10.23243
50	9000.00000	10.23243
50	9200.00000	10.23243
50	9400.00000	10.23243
50	9600.00000	10.23243
50	9800.00000	9.21264
50	10000.00000	9.21264
50	10200.00000	9.21264
50	10400.00000	9.21264
50	10600.00000	10.31931
50	10800.00000	10.31931
50	11000.00000	10.31931
50	11200.00000	10.31931
50	11400.00000	10.31931
50	11600.00000	9.64944
50	11800.00000	9.64944
50	12000.00000	9.64944
50	12200.00000	9.64944
50	12400.00000	9.64944
50	12600.00000	9.64839
50	12800.00000	9.64839
50	13000.00000	9.64839
50	13200.00000	9.64839
50	13400.00000	9.64839
50	13600.00000	9.52785
50	13800.00000	9.52785
50	14000.00000	9.52785
50	14200.00000	9.52785
50	14400.00000	9.52785
50	14600.00000	8.69199
50	14800.00000	8.69199
50	15000.00000	8.69199
50	15200.00000	8.69199
50	15400.00000	9.71623
50	15600.00000	9.71623
50	15800.00000	9.71623
50	16000.00000	9.71623
50	16200.00000	9.71623
50	16400.00000	9.18766
50	16600.00000	9.18766
50	16800.00000	9.18766
50	17000.00000	9.18766
50	17200.00000	9.18766
50	17400.00000	8.87509
50	17600.00000	8.87509
50	17800.00000	8.87509
50	18000.00000	8.87509
50	18200.00000	8.87509
50	18400.00000	8.42544
50	18600.00000	8.42544
50	18800.00000	8.42544
50	19000.00000	8.42544
50	19200.00000	8.42544
50	19400.00000	8.62096
50	19600.00000	8.62096
50	19800.00000	8.62096
50	20000.00000	8.62096
51	0.00000	11.87913
51	200.00000	11.87913
51	400.00000	11.87913
51	600.00000	11.87913
51	800.00000	11.87913
51	1000.00000	11.61906
51	1200.00000	11.61906
51	1400.00000	11.61906
51	1600.00000	11.61906
51	1800.00000	11.61906
51	2000.00000	11.43654
51	2200.00000	11.43654
51	2400.00000	11.43654
51	2600.00000	11.43654
51	2800.00000	11.43654
51	3000.00000	11.05188
51	3200.00000	11.05188
51	3400.00000	11.05188
51	3600.00000	11.05188
51	3800.00000	11.05188
51	4000.00000	9.72826
51	4200.00000	9.72826
51	4400.00000	9.72826
51	4600.00000	9.72826
51	4800.00000	9.72826
51	5000.00000	10.56264
51	5200.00000	10.56264
51	5400.00000	10.56264
51	5600.00000	10.56264
51	5800.00000	11.23681
51	6000.00000	11.23681
51	6200.00000	11.23681
51	6400.00000	11.23681
51	6600.00000	11.23681
51	6800.00000	9.63988
51	7000.00000	9.63988
51	7200.00000	9.63988
51	7400.00000	9.63988
51	7600.00000	9.63988
51	7800.00000	9.65369
51	8000.00000	9.65369
51	8200.00000	9.65369
51	8400.00000	9.65369
51	8600.00000	9.65369
51	8800.00000	10.06486
51	9000.00000	10.06486
51	9200.00000	10.06486
51	9400.00000	10.06486
51	9600.00000	10.06486
51	9800.00000	10.04333
51	10000.00000	10.04333
51	10200.00000	10.04333
51	10400.00000	10.04333
51	10600.00000	9.36108
51	10800.00000	9.36108
51	11000.00000	9.36108
51	11200.00000	9.36108
51	11400.00000	9.36108
51	11600.00000	9.25123
51	11800.00000	9.25123
51	12000.00000	9.25123
51	12200.00000	9.25123
51	12400.00000	9.25123
51	12600.00000	10.23929
51	12800.00000	10.23929
51	13000.00000	10.23929
51	13200.00000	10.23929
51	13400.00000	10.23929
51	13600.00000	10.15209
51	13800.00000	10.15209
51	14000.00000	10.15209
51	14200.00000	10.15209
51	14400.00000	10.15209
51	14600.00000	9.15399
51	14800.00000	9.15399
51	15000.00000	9.15399
51	15200.00000	9.15399
51	15400.00000	9.02919
51	15600.00000	9.02919
51	15800.00000	9.02919
51	16000.00000	9.02919
51	16200.00000	9.02919
51	16400.00000	9.62537
51	16600.00000	9.62537
51	16800.00000	9.62537
51	17000.00000	9.62537
51	17200.00000	9.62537
51	17400.00000	8.42734
51	17600.00000	8.42734
51	17800.00000	8.42734
51	18000.00000	8.42734
51	18200.00000	8.42734
51	18400.00000	7.96123
51	18600.00000	7.96123
51	18800.00000	7.96123
51	19000.00000	7.96123
51	19200.00000	7.96123
51	19400.00000	9.89042
51	19600.00000	9.89042
51	19800.00000	9.89042
51	20000.00000	9.89042
52	0.00000	11.60664
52	200.00000	11.60664
52	400.00000	11.60664
52	600.00000	11.60664
52	800.00000	11.60664
52	1000.00000	11.83104
52	1200.00000	11.83104
52	1400.00000	11.83104
52	1600.00000	11.83104
52	1800.00000	11.83104
52	2000.00000	11.58252
52	2200.00000	11.58252
52	2400.00000	11.58252
52	2600.00000	11.58252
52	2800.00000	11.58252
52	3000.00000	10.52474
52	3200.00000	10.52474
52	3400.00000	10.52474
52	3600.00000	10.52474
52	3800.00000	10.52474
52	4000.00000	9.69881
52	4200.00000	9.69881
52	4400.00000	9.69881
52	4600.00000	9.69881
52	4800.00000	9.69881
52	5000.00000	10.78660
52	5200.00000	10.78660
52	5400.00000	10.78660
52	5600.00000	10.78660
52	5800.00000	10.58486
52	6000.00000	10.58486
52	6200.00000	10.58486
52	6400.00000	10.58486
52	6600.00000	10.58486
52	6800.00000	10.21002
52	7000.00000	10.21002
52	7200.00000	10.21002
52	7400.00000	10.21002
52	7600.00000	10.21002
52	7800.00000	9.18088
52	8000.00000	9.18088
52	8200.00000	9.18088
52	8400.00000	9.18088
52	8600.00000	9.18088
52	8800.00000	9.51467
52	9000.00000	9.51467
52	9200.00000	9.51467
52	9400.00000	9.51467
52	9600.00000	9.51467
52	9800.00000	9.54610
52	10000.00000	9.54610
52	10200.00000	9.54610
52	10400.00000	9.54610
52	10600.00000	9.71679
52	10800.00000	9.71679
52	11000.00000	9.71679
52	11200.00000	9.71679
52	11400.00000	9.71679
52	11600.00000	11.29535
52	11800.00000	11.29535
52	12000.00000	11.29535
52	12200.00000	11.29535
52	12400.00000	11.29535
52	12600.00000	10.60576
52	12800.00000	10.60576
52	13000.00000	10.60576
52	13200.00000	10.60576
52	13400.00000	10.60576
52	13600.00000	10.20536
52	13800.00000	10.20536
52	14000.00000	10.20536
52	14200.00000	10.20536
52	14400.00000	10.20536
52	14600.00000	9.33836
52	14800.00000	9.33836
52	15000.00000	9.33836
52	15200.00000	9.33836
52	15400.00000	8.60263
52	15600.00000	8.60263
52	15800.00000	8.60263
52	16000.00000	8.60263
52	16200.00000	8.60263
52	16400.00000	9.63697
52	16600.00000	9.63697
52	16800.00000	9.63697
52	17000.00000	9.63697
52	17200.00000	9.63697
52	17400.00000	8.75932
52	17600.00000	8.75932
52	17800.00000	8.75932
52	18000.00000	8.75932
52	18200.00000	8.75932
52	18400.00000	8.27252
52	18600.00000	8.27252
52	18800.00000	8.27252
52	19000.00000	8.27252
52	19200.00000	8.27252
52	19400.00000	8.26180
52	19600.00000	8.26180
52	19800.00000	8.26180
52	20000.00000	8.26180
53	0.00000	12.16875
53	200.00000	12.16875
53	400.00000	12.16875
53	600.00000	12.16875
53	800.00000	12.16875
53	1000.00000	11.67773
53	1200.00000	11.67773
53	1400.00000	11.67773
53	1600.00000	11.67773
53	1800.00000	11.67773
53	2000.00000	11.07619
53	2200.00000	11.07619
53	2400.00000	11.07619
53	2600.00000	11.07619
53	2800.00000	11.07619
53	3000.00000	11.00225
53	3200.00000	11.00225
53	3400.00000	11.00225
53	3600.00000	11.00225
53	3800.00000	11.00225
53	4000.00000	9.65643
53	4200.00000	9.65643
53	4400.00000	9.65643
53	4600.00000	9.65643
53	4800.00000	9.65643
53	5000.00000	10.36604
53	5200.00000	10.36604
53	5400.00000	10.36604
53	5600.00000	10.36604
53	5800.00000	10.52071
53	6000.00000	10.52071
53	6200.00000	10.52071
53	6400.00000	10.52071
53	6600.00000	10.52071
53	6800.00000	9.89825
53	7000.00000	9.89825
53	7200.00000	9.89825
53	7400.00000	9.89825
53	7600.00000	9.89825
53	7800.00000	9.46165
53	8000.00000	9.46165
53	8200.00000	9.46165
53	8400.00000	9.46165
53	8600.00000	9.46165
53	8800.00000	9.61894
53	9000.00000	9.61894
53	9200.00000	9.61894
53	9400.00000	9.61894
53	9600.00000	9.61894
53	9800.00000	8.89870
53	10000.00000	8.89870
53	10200.00000	8.89870
53	10400.00000	8.89870
53	10600.00000	9.53903
53	10800.00000	9.53903
53	11000.00000	9.53903
53	11200.00000	9.53903
53	11400.00000	9.53903
53	11600.00000	9.54933
53	11800.00000	9.54933
53	12000.00000	9.54933
53	12200.00000	9.54933
53	12400.00000	9.54933
53	12600.00000	10.33435
53	12800.00000	10.33435
53	13000.00000	10.33435
53	13200.00000	10.33435
53	13400.00000	10.33435
53	13600.00000	10.03551
53	13800.00000	10.03551
53	14000.00000	10.03551
53	14200.00000	10.03551
53	14400.00000	10.03551
53	14600.00000	10.04732
53	14800.00000	10.04732
53	15000.00000	10.04732
53	15200.00000	10.04732
53	15400.00000	8.84857
53	15600.00000	8.84857
53	15800.00000	8.84857
53	16000.00000	8.84857
53	16200.00000	8.84857
53	16400.00000	8.38943
53	16600.00000	8.38943
53	16800.00000	8.38943
53	17000.00000	8.38943
53	17200.00000	8.38943
53	17400.00000	9.03836
53	17600.00000	9.03836
53	17800.00000	9.03836
53	18000.00000	9.03836
53	18200.00000	9.03836
53	18400.00000	8.32874
53	18600.00000	8.32874
53	18800.00000	8.32874
53	19000.00000	8.32874
53	19200.00000	8.32874
53	19400.00000	8.53673
53	19600.00000	8.53673
53	19800.00000	8.53673
53	20000.00000	8.53673
54	0.00000	11.53387
54	200.00000	11.53387
54	400.00000	11.53387
54	600.00000	11.53387
54	800.00000	11.53387
54	1000.00000	11.82023
54	1200.00000	11.82023
54	1400.00000	11.82023
54	1600.00000	11.82023
54	1800.00000	11.82023
54	2000.00000	11.40518
54	2200.00000	11.40518
54	2400.00000	11.40518
54	2600.00000	11.40518
54	2800.00000	11.40518
54	3000.00000	10.62584
54	3200.00000	10.62584
54	3400.00000	10.62584
54	3600.00000	10.62584
54	3800.00000	10.62584
54	4000.00000	9.91877
54	4200.00000	9.91877
54	4400.00000	9.91877
54	4600.00000	9.91877
54	4800.00000	9.91877
54	5000.00000	10.34241
54	5200.00000	10.34241
54	5400.00000	10.34241
54	5600.00000	10.34241
54	5800.00000	10.70422
54	6000.00000	10.70422
54	6200.00000	10.70422
54	6400.00000	10.70422
54	6600.00000	10.70422
54	6800.00000	10.48561
54	7000.00000	10.48561
54	7200.00000	10.48561
54	7400.00000	10.48561
54	7600.00000	10.48561
54	7800.00000	9.41169
54	8000.00000	9.41169
54	8200.00000	9.41169
54	8400.00000	9.41169
54	8600.00000	9.41169
54	8800.00000	9.80523
54	9000.00000	9.80523
54	9200.00000	9.80523
54	9400.00000	9.80523
54	9600.00000	9.80523
54	9800.00000	9.21604
54	10000.00000	9.21604
54	10200.00000	9.21604
54	10400.00000	9.21604
54	10600.00000	9.67930
54	10800.00000	9.67930
54	11000.00000	9.67930
54	11200.00000	9.67930
54	11400.00000	9.67930
54	11600.00000	9.84565
54	11800.00000	9.84565
54	12000.00000	9.84565
54	12200.00000	9.84565
54	12400.00000	9.84565
54	12600.00000	10.27901
54	12800.00000	10.27901
54	13000.00000	10.27901
54	13200.00000	10.27901
54	13400.00000	10.27901
54	13600.00000	10.17415
54	13800.00000	10.17415
54	14000.00000	10.17415
54	14200.00000	10.17415
54	14400.00000	10.17415
54	14600.00000	10.06022
54	14800.00000	10.06022
54	15000.00000	10.06022
54	15200.00000	10.06022
54	15400.00000	9.34947
54	15600.00000	9.34947
54	15800.00000	9.34947
54	16000.00000	9.34947
54	16200.00000	9.34947
54	16400.00000	8.31132
54	16600.00000	8.31132
54	16800.00000	8.31132
54	17000.00000	8.31132
54	17200.00000	8.31132
54	17400.00000	9.51528
54	17600.00000	9.51528
54	17800.00000	9.51528
54	18000.00000	9.51528
54	18200.00000	9.51528
54	18400.00000	8.44397
54	18600.00000	8.44397
54	18800.00000	8.44397
54	19000.00000	8.44397
54	19200.00000	8.44397
54	19400.00000	8.79279
54	19600.00000	8.79279
54	19800.00000	8.79279
54	20000.00000	8.79279
55	0.00000	11.55134
55	200.00000	11.55134
55	400.00000	11.55134
55	600.00000	11.55134
55	800.00000	11.55134
55	1000.00000	11.70678
55	1200.00000	11.70678
55	1400.00000	11.70678
55	1600.00000	11.70678
55	1800.00000	11.70678
55	2000.00000	11.37002
55	2200.00000	11.37002
55	2400.00000	11.37002
55	2600.00000	11.37002
55	2800.00000	11.37002
55	3000.00000	10.67503
55	3200.00000	10.67503
55	3400.00000	10.67503
55	3600.00000	10.67503
55	3800.00000	10.67503
55	4000.00000	9.93792
55	4200.00000	9.93792
55	4400.00000	9.93792
55	4600.00000	9.93792
55	4800.00000	9.93792
55	5000.00000	10.43315
55	5200.00000	10.43315
55	5400.00000	10.43315
55	5600.00000	10.43315
55	5800.00000	10.15519
55	6000.00000	10.15519
55	6200.00000	10.15519
55	6400.00000	10.15519
55	6600.00000	10.15519
55	6800.00000	10.33253
55	7000.00000	10.33253
55	7200.00000	10.33253
55	7400.00000	10.33253
55	7600.00000	10.33253
55	7800.00000	9.94624
55	8000.00000	9.94624
55	8200.00000	9.94624
55	8400.00000	9.94624
55	8600.00000	9.94624
55	8800.00000	9.69107
55	9000.00000	9.69107
55	9200.00000	9.69107
55	9400.00000	9.69107
55	9600.00000	9.69107
55	9800.00000	9.08810
55	10000.00000	9.08810
55	10200.00000	9.08810
55	10400.00000	9.08810
55	10600.00000	9.58384
55	10800.00000	9.58384
55	11000.00000	9.58384
55	11200.00000	9.58384
55	11400.00000	9.58384
55	11600.00000	9.98965
55	11800.00000	9.98965
55	12000.00000	9.98965
55	12200.00000	9.98965
55	12400.00000	9.98965
55	12600.00000	9.38622
55	12800.00000	9.38622
55	13000.00000	9.38622
55	13200.00000	9.38622
55	13400.00000	9.38622
55	13600.00000	9.83328
55	13800.00000	9.83328
55	14000.00000	9.83328
55	14200.00000	9.83328
55	14400.00000	9.83328
55	14600.00000	9.95367
55	14800.00000	9.95367
55	15000.00000	9.95367
55	15200.00000	9.95367
55	15400.00000	9.27915
55	15600.00000	9.27915
55	15800.00000	9.27915
55	16000.00000	9.27915
55	16200.00000	9.27915
55	16400.00000	8.53240
55	16600.00000	8.53240
55	16800.00000	8.53240
55	17000.00000	8.53240
55	17200.00000	8.53240
55	17400.00000	9.13210
55	17600.00000	9.13210
55	17800.00000	9.13210
55	18000.00000	9.13210
55	18200.00000	9.13210
55	18400.00000	8.65625
55	18600.00000	8.65625
55	18800.00000	8.65625
55	19000.00000	8.65625
55	19200.00000	8.65625
55	19400.00000	9.04107
55	19600.00000	9.04107
55	19800.00000	9.04107
55	20000.00000	9.04107
56	0.00000	11.65169
56	200.00000	11.65169
56	400.00000	11.65169
56	600.00000	11.65169
56	800.00000	11.65169
56	1000.00000	11.69979
56	1200.00000	11.69979
56	1400.00000	11.69979
56	1600.00000	11.69979
56	1800.00000	11.69979
56	2000.00000	11.26221
56	2200.00000	11.26221
56	2400.00000	11.26221
56	2600.00000	11.26221
56	2800.00000	11.26221
56	3000.00000	10.62469
56	3200.00000	10.62469
56	3400.00000	10.62469
56	3600.00000	10.62469
56	3800.00000	10.62469
56	4000.00000	9.88522
56	4200.00000	9.88522
56	4400.00000	9.88522
56	4600.00000	9.88522
56	4800.00000	9.88522
56	5000.00000	10.26698
56	5200.00000	10.26698
56	5400.00000	10.26698
56	5600.00000	10.26698
56	5800.00000	10.71125
56	6000.00000	10.71125
56	6200.00000	10.71125
56	6400.00000	10.71125
56	6600.00000	10.71125
56	6800.00000	10.29726
56	7000.00000	10.29726
56	7200.00000	10.29726
56	7400.00000	10.29726
56	7600.00000	10.29726
56	7800.00000	9.33978
56	8000.00000	9.33978
56	8200.00000	9.33978
56	8400.00000	9.33978
56	8600.00000	9.33978
56	8800.00000	9.69295
56	9000.00000	9.69295
56	9200.00000	9.69295
56	9400.00000	9.69295
56	9600.00000	9.69295
56	9800.00000	8.74985
56	10000.00000	8.74985
56	10200.00000	8.74985
56	10400.00000	8.74985
56	10600.00000	9.24894
56	10800.00000	9.24894
56	11000.00000	9.24894
56	11200.00000	9.24894
56	11400.00000	9.24894
56	11600.00000	10.26443
56	11800.00000	10.26443
56	12000.00000	10.26443
56	12200.00000	10.26443
56	12400.00000	10.26443
56	12600.00000	9.57472
56	12800.00000	9.57472
56	13000.00000	9.57472
56	13200.00000	9.57472
56	13400.00000	9.57472
56	13600.00000	10.12771
56	13800.00000	10.12771
56	14000.00000	10.12771
56	14200.00000	10.12771
56	14400.00000	10.12771
56	14600.00000	9.45919
56	14800.00000	9.45919
56	15000.00000	9.45919
56	15200.00000	9.45919
56	15400.00000	9.74020
56	15600.00000	9.74020
56	15800.00000	9.74020
56	16000.00000	9.74020
56	16200.00000	9.74020
56	16400.00000	9.12311
56	16600.00000	9.12311
56	16800.00000	9.12311
56	17000.00000	9.12311
56	17200.00000	9.12311
56	17400.00000	8.18672
56	17600.00000	8.18672
56	17800.00000	8.18672
56	18000.00000	8.18672
56	18200.00000	8.18672
56	18400.00000	8.32431
56	18600.00000	8.32431
56	18800.00000	8.32431
56	19000.00000	8.32431
56	19200.00000	8.32431
56	19400.00000	8.91255
56	19600.00000	8.91255
56	19800.00000	8.91255
56	20000.00000	8.91255
57	0.00000	11.60060
57	200.00000	11.60060
57	400.00000	11.60060
57	600.00000	11.60060
57	800.00000	11.60060
57	1000.00000	11.78402
57	1200.00000	11.78402
57	1400.00000	11.78402
57	1600.00000	11.78402
57	1800.00000	11.78402
57	2000.00000	11.08303
57	2200.00000	11.08303
57	2400.00000	11.08303
57	2600.00000	11.08303
57	2800.00000	11.08303
57	3000.00000	10.30790
57	3200.00000	10.30790
57	3400.00000	10.30790
57	3600.00000	10.30790
57	3800.00000	10.30790
57	4000.00000	10.46933
57	4200.00000	10.46933
57	4400.00000	10.46933
57	4600.00000	10.46933
57	4800.00000	10.46933
57	5000.00000	10.14528
57	5200.00000	10.14528
57	5400.00000	10.14528
57	5600.00000	10.14528
57	5800.00000	10.50903
57	6000.00000	10.50903
57	6200.00000	10.50903
57	6400.00000	10.50903
57	6600.00000	10.50903
57	6800.00000	10.26384
57	7000.00000	10.26384
57	7200.00000	10.26384
57	7400.00000	10.26384
57	7600.00000	10.26384
57	7800.00000	9.61470
57	8000.00000	9.61470
57	8200.00000	9.61470
57	8400.00000	9.61470
57	8600.00000	9.61470
57	8800.00000	9.39673
57	9000.00000	9.39673
57	9200.00000	9.39673
57	9400.00000	9.39673
57	9600.00000	9.39673
57	9800.00000	9.49682
57	10000.00000	9.49682
57	10200.00000	9.49682
57	10400.00000	9.49682
57	10600.00000	9.30896
57	10800.00000	9.30896
57	11000.00000	9.30896
57	11200.00000	9.30896
57	11400.00000	9.30896
57	11600.00000	10.00619
57	11800.00000	10.00619
57	12000.00000	10.00619
57	12200.00000	10.00619
57	12400.00000	10.00619
57	12600.00000	10.41627
57	12800.00000	10.41627
57	13000.00000	10.41627
57	13200.00000	10.41627
57	13400.00000	10.41627
57	13600.00000	9.95943
57	13800.00000	9.95943
57	14000.00000	9.95943
57	14200.00000	9.95943
57	14400.00000	9.95943
57	14600.00000	9.60126
57	14800.00000	9.60126
57	15000.00000	9.60126
57	15200.00000	9.60126
57	15400.00000	9.30571
57	15600.00000	9.30571
57	15800.00000	9.30571
57	16000.00000	9.30571
57	16200.00000	9.30571
57	16400.00000	8.70604
57	16600.00000	8.70604
57	16800.00000	8.70604
57	17000.00000	8.70604
57	17200.00000	8.70604
57	17400.00000	8.87348
57	17600.00000	8.87348
57	17800.00000	8.87348
57	18000.00000	8.87348
57	18200.00000	8.87348
57	18400.00000	9.19215
57	18600.00000	9.19215
57	18800.00000	9.19215
57	19000.00000	9.19215
57	19200.00000	9.19215
57	19400.00000	9.06338
57	19600.00000	9.06338
57	19800.00000	9.06338
57	20000.00000	9.06338
58	0.00000	11.58159
58	200.00000	11.58159
58	400.00000	11.58159
58	600.00000	11.58159
58	800.00000	11.58159
58	1000.00000	11.73356
58	1200.00000	11.73356
58	1400.00000	11.73356
58	1600.00000	11.73356
58	1800.00000	11.73356
58	2000.00000	11.08179
58	2200.00000	11.08179
58	2400.00000	11.08179
58	2600.00000	11.08179
58	2800.00000	11.08179
58	3000.00000	10.44854
58	3200.00000	10.44854
58	3400.00000	10.44854
58	3600.00000	10.44854
58	3800.00000	10.44854
58	4000.00000	9.88517
58	4200.00000	9.88517
58	4400.00000	9.88517
58	4600.00000	9.88517
58	4800.00000	9.88517
58	5000.00000	10.27950
58	5200.00000	10.27950
58	5400.00000	10.27950
58	5600.00000	10.27950
58	5800.00000	10.37907
58	6000.00000	10.37907
58	6200.00000	10.37907
58	6400.00000	10.37907
58	6600.00000	10.37907
58	6800.00000	10.37462
58	7000.00000	10.37462
58	7200.00000	10.37462
58	7400.00000	10.37462
58	7600.00000	10.37462
58	7800.00000	9.87906
58	8000.00000	9.87906
58	8200.00000	9.87906
58	8400.00000	9.87906
58	8600.00000	9.87906
58	8800.00000	9.26212
58	9000.00000	9.26212
58	9200.00000	9.26212
58	9400.00000	9.26212
58	9600.00000	9.26212
58	9800.00000	9.09969
58	10000.00000	9.09969
58	10200.00000	9.09969
58	10400.00000	9.09969
58	10600.00000	9.52388
58	10800.00000	9.52388
58	11000.00000	9.52388
58	11200.00000	9.52388
58	11400.00000	9.52388
58	11600.00000	9.55964
58	11800.00000	9.55964
58	12000.00000	9.55964
58	12200.00000	9.55964
58	12400.00000	9.55964
58	12600.00000	9.40697
58	12800.00000	9.40697
58	13000.00000	9.40697
58	13200.00000	9.40697
58	13400.00000	9.40697
58	13600.00000	9.17383
58	13800.00000	9.17383
58	14000.00000	9.17383
58	14200.00000	9.17383
58	14400.00000	9.17383
58	14600.00000	9.38485
58	14800.00000	9.38485
58	15000.00000	9.38485
58	15200.00000	9.38485
58	15400.00000	8.97952
58	15600.00000	8.97952
58	15800.00000	8.97952
58	16000.00000	8.97952
58	16200.00000	8.97952
58	16400.00000	9.78713
58	16600.00000	9.78713
58	16800.00000	9.78713
58	17000.00000	9.78713
58	17200.00000	9.78713
58	17400.00000	9.37773
58	17600.00000	9.37773
58	17800.00000	9.37773
58	18000.00000	9.37773
58	18200.00000	9.37773
58	18400.00000	8.94911
58	18600.00000	8.94911
58	18800.00000	8.94911
58	19000.00000	8.94911
58	19200.00000	8.94911
58	19400.00000	8.94214
58	19600.00000	8.94214
58	19800.00000	8.94214
58	20000.00000	8.94214
59	0.00000	11.77508
59	200.00000	11.77508
59	400.00000	11.77508
59	600.00000	11.77508
59	800.00000	11.77508
59	1000.00000	11.34724
59	1200.00000	11.34724
59	1400.00000	11.34724
59	1600.00000	11.34724
59	1800.00000	11.34724
59	2000.00000	11.33108
59	2200.00000	11.33108
59	2400.00000	11.33108
59	2600.00000	11.33108
59	2800.00000	11.33108
59	3000.00000	10.63220
59	3200.00000	10.63220
59	3400.00000	10.63220
59	3600.00000	10.63220
59	3800.00000	10.63220
59	4000.00000	10.10468
59	4200.00000	10.10468
59	4400.00000	10.10468
59	4600.00000	10.10468
59	4800.00000	10.10468
59	5000.00000	10.13139
59	5200.00000	10.13139
59	5400.00000	10.13139
59	5600.00000	10.13139
59	5800.00000	10.83227
59	6000.00000	10.83227
59	6200.00000	10.83227
59	6400.00000	10.83227
59	6600.00000	10.83227
59	6800.00000	10.16504
59	7000.00000	10.16504
59	7200.00000	10.16504
59	7400.00000	10.16504
59	7600.00000	10.16504
59	7800.00000	9.54914
59	8000.00000	9.54914
59	8200.00000	9.54914
59	8400.00000	9.54914
59	8600.00000	9.54914
59	8800.00000	9.52539
59	9000.00000	9.52539
59	9200.00000	9.52539
59	9400.00000	9.52539
59	9600.00000	9.52539
59	9800.00000	9.11947
59	10000.00000	9.11947
59	10200.00000	9.11947
59	10400.00000	9.11947
59	10600.00000	9.47191
59	10800.00000	9.47191
59	11000.00000	9.47191
59	11200.00000	9.47191
59	11400.00000	9.47191
59	11600.00000	10.35347
59	11800.00000	10.35347
59	12000.00000	10.35347
59	12200.00000	10.35347
59	12400.00000	10.35347
59	12600.00000	9.79165
59	12800.00000	9.79165
59	13000.00000	9.79165
59	13200.00000	9.79165
59	13400.00000	9.79165
59	13600.00000	9.58037
59	13800.00000	9.58037
59	14000.00000	9.58037
59	14200.00000	9.58037
59	14400.00000	9.58037
59	14600.00000	9.72101
59	14800.00000	9.72101
59	15000.00000	9.72101
59	15200.00000	9.72101
59	15400.00000	9.82759
59	15600.00000	9.82759
59	15800.00000	9.82759
59	16000.00000	9.82759
59	16200.00000	9.82759
59	16400.00000	9.38539
59	16600.00000	9.38539
59	16800.00000	9.38539
59	17000.00000	9.38539
59	17200.00000	9.38539
59	17400.00000	8.86155
59	17600.00000	8.86155
59	17800.00000	8.86155
59	18000.00000	8.86155
59	18200.00000	8.86155
59	18400.00000	8.69201
59	18600.00000	8.69201
59	18800.00000	8.69201
59	19000.00000	8.69201
59	19200.00000	8.69201
59	19400.00000	8.88735
59	19600.00000	8.88735
59	19800.00000	8.88735
59	20000.00000	8.88735
60	0.00000	12.07478
60	200.00000	12.07478
60	400.00000	12.07478
60	600.00000	12.07478
60	800.00000	12.07478
60	1000.00000	11.43437
60	1200.00000	11.43437
60	1400.00000	11.43437
60	1600.00000	11.43437
60	1800.00000	11.43437
60	2000.00000	11.31984
60	2200.00000	11.31984
60	2400.00000	11.31984
60	2600.00000	11.31984
60	2800.00000	11.31984
60	3000.00000	10.86557
60	3200.00000	10.86557
60	3400.00000	10.86557
60	3600.00000	10.86557
60	3800.00000	10.86557
60	4000.00000	9.95095
60	4200.00000	9.95095
60	4400.00000	9.95095
60	4600.00000	9.95095
60	4800.00000	9.95095
60	5000.00000	10.25446
60	5200.00000	10.25446
60	5400.00000	10.25446
60	5600.00000	10.25446
60	5800.00000	10.42196
60	6000.00000	10.42196
60	6200.00000	10.42196
60	6400.00000	10.42196
60	6600.00000	10.42196
60	6800.00000	10.34394
60	7000.00000	10.34394
60	7200.00000	10.34394
60	7400.00000	10.34394
60	7600.00000	10.34394
60	7800.00000	9.74744
60	8000.00000	9.74744
60	8200.00000	9.74744
60	8400.00000	9.74744
60	8600.00000	9.74744
60	8800.00000	9.57968
60	9000.00000	9.57968
60	9200.00000	9.57968
60	9400.00000	9.57968
60	9600.00000	9.57968
60	9800.00000	8.75691
60	10000.00000	8.75691
60	10200.00000	8.75691
60	10400.00000	8.75691
60	10600.00000	9.21966
60	10800.00000	9.21966
60	11000.00000	9.21966
60	11200.00000	9.21966
60	11400.00000	9.21966
60	11600.00000	9.82799
60	11800.00000	9.82799
60	12000.00000	9.82799
60	12200.00000	9.82799
60	12400.00000	9.82799
60	12600.00000	9.83900
60	12800.00000	9.83900
60	13000.00000	9.83900
60	13200.00000	9.83900
60	13400.00000	9.83900
60	13600.00000	9.59629
60	13800.00000	9.59629
60	14000.00000	9.59629
60	14200.00000	9.59629
60	14400.00000	9.59629
60	14600.00000	9.50298
60	14800.00000	9.50298
60	15000.00000	9.50298
60	15200.00000	9.50298
60	15400.00000	9.40217
60	15600.00000	9.40217
60	15800.00000	9.40217
60	16000.00000	9.40217
60	16200.00000	9.40217
60	16400.00000	8.82946
60	16600.00000	8.82946
60	16800.00000	8.82946
60	17000.00000	8.82946
60	17200.00000	8.82946
60	17400.00000	8.47837
60	17600.00000	8.47837
60	17800.00000	8.47837
60	18000.00000	8.47837
60	18200.00000	8.47837
60	18400.00000	8.67292
60	18600.00000	8.67292
60	18800.00000	8.67292
60	19000.00000	8.67292
60	19200.00000	8.67292
60	19400.00000	8.45984
60	19600.00000	8.45984
60	19800.00000	8.45984
60	20000.00000	8.45984
61	0.00000	11.67896
61	200.00000	11.67896
61	400.00000	11.67896
61	600.00000	11.67896
61	800.00000	11.67896
61	1000.00000	11.37042
61	1200.00000	11.37042
61	1400.00000	11.37042
61	1600.00000	11.37042
61	1800.00000	11.37042
61	2000.00000	11.24436
61	2200.00000	11.24436
61	2400.00000	11.24436
61	2600.00000	11.24436
61	2800.00000	11.24436
61	3000.00000	10.83337
61	3200.00000	10.83337
61	3400.00000	10.83337
61	3600.00000	10.83337
61	3800.00000	10.83337
61	4000.00000	9.85201
61	4200.00000	9.85201
61	4400.00000	9.85201
61	4600.00000	9.85201
61	4800.00000	9.85201
61	5000.00000	10.15944
61	5200.00000	10.15944
61	5400.00000	10.15944
61	5600.00000	10.15944
61	5800.00000	10.42483
61	6000.00000	10.42483
61	6200.00000	10.42483
61	6400.00000	10.42483
61	6600.00000	10.42483
61	6800.00000	10.55668
61	7000.00000	10.55668
61	7200.00000	10.55668
61	7400.00000	10.55668
61	7600.00000	10.55668
61	7800.00000	9.90164
61	8000.00000	9.90164
61	8200.00000	9.90164
61	8400.00000	9.90164
61	8600.00000	9.90164
61	8800.00000	9.30465
61	9000.00000	9.30465
61	9200.00000	9.30465
61	9400.00000	9.30465
61	9600.00000	9.30465
61	9800.00000	9.53902
61	10000.00000	9.53902
61	10200.00000	9.53902
61	10400.00000	9.53902
61	10600.00000	10.03408
61	10800.00000	10.03408
61	11000.00000	10.03408
61	11200.00000	10.03408
61	11400.00000	10.03408
61	11600.00000	9.99203
61	11800.00000	9.99203
61	12000.00000	9.99203
61	12200.00000	9.99203
61	12400.00000	9.99203
61	12600.00000	10.18172
61	12800.00000	10.18172
61	13000.00000	10.18172
61	13200.00000	10.18172
61	13400.00000	10.18172
61	13600.00000	10.14328
61	13800.00000	10.14328
61	14000.00000	10.14328
61	14200.00000	10.14328
61	14400.00000	10.14328
61	14600.00000	9.44256
61	14800.00000	9.44256
61	15000.00000	9.44256
61	15200.00000	9.44256
61	15400.00000	9.23897
61	15600.00000	9.23897
61	15800.00000	9.23897
61	16000.00000	9.23897
61	16200.00000	9.23897
61	16400.00000	9.40159
61	16600.00000	9.40159
61	16800.00000	9.40159
61	17000.00000	9.40159
61	17200.00000	9.40159
61	17400.00000	8.25541
61	17600.00000	8.25541
61	17800.00000	8.25541
61	18000.00000	8.25541
61	18200.00000	8.25541
61	18400.00000	8.73952
61	18600.00000	8.73952
61	18800.00000	8.73952
61	19000.00000	8.73952
61	19200.00000	8.73952
61	19400.00000	8.94200
61	19600.00000	8.94200
61	19800.00000	8.94200
61	20000.00000	8.94200
62	0.00000	11.58265
62	200.00000	11.58265
62	400.00000	11.58265
62	600.00000	11.58265
62	800.00000	11.58265
62	1000.00000	11.38218
62	1200.00000	11.38218
62	1400.00000	11.38218
62	1600.00000	11.38218
62	1800.00000	11.38218
62	2000.00000	11.72482
62	2200.00000	11.72482
62	2400.00000	11.72482
62	2600.00000	11.72482
62	2800.00000	11.72482
62	3000.00000	10.44035
62	3200.00000	10.44035
62	3400.00000	10.44035
62	3600.00000	10.44035
62	3800.00000	10.44035
62	4000.00000	10.08716
62	4200.00000	10.08716
62	4400.00000	10.08716
62	4600.00000	10.08716
62	4800.00000	10.08716
62	5000.00000	10.33996
62	5200.00000	10.33996
62	5400.00000	10.33996
62	5600.00000	10.33996
62	5800.00000	10.81916
62	6000.00000	10.81916
62	6200.00000	10.81916
62	6400.00000	10.81916
62	6600.00000	10.81916
62	6800.00000	10.28617
62	7000.00000	10.28617
62	7200.00000	10.28617
62	7400.00000	10.28617
62	7600.00000	10.28617
62	7800.00000	9.51641
62	8000.00000	9.51641
62	8200.00000	9.51641
62	8400.00000	9.51641
62	8600.00000	9.51641
62	8800.00000	9.78145
62	9000.00000	9.78145
62	9200.00000	9.78145
62	9400.00000	9.78145
62	9600.00000	9.78145
62	9800.00000	9.34607
62	10000.00000	9.34607
62	10200.00000	9.34607
62	10400.00000	9.34607
62	10600.00000	9.97501
62	10800.00000	9.97501
62	11000.00000	9.97501
62	11200.00000	9.97501
62	11400.00000	9.97501
62	11600.00000	10.94599
62	11800.00000	10.94599
62	12000.00000	10.94599
62	12200.00000	10.94599
62	12400.00000	10.94599
62	12600.00000	10.24688
62	12800.00000	10.24688
62	13000.00000	10.24688
62	13200.00000	10.24688
62	13400.00000	10.24688
62	13600.00000	10.72857
62	13800.00000	10.72857
62	14000.00000	10.72857
62	14200.00000	10.72857
62	14400.00000	10.72857
62	14600.00000	9.60513
62	14800.00000	9.60513
62	15000.00000	9.60513
62	15200.00000	9.60513
62	15400.00000	8.69533
62	15600.00000	8.69533
62	15800.00000	8.69533
62	16000.00000	8.69533
62	16200.00000	8.69533
62	16400.00000	9.69569
62	16600.00000	9.69569
62	16800.00000	9.69569
62	17000.00000	9.69569
62	17200.00000	9.69569
62	17400.00000	8.79039
62	17600.00000	8.79039
62	17800.00000	8.79039
62	18000.00000	8.79039
62	18200.00000	8.79039
62	18400.00000	8.45385
62	18600.00000	8.45385
62	18800.00000	8.45385
62	19000.00000	8.45385
62	19200.00000	8.45385
62	19400.00000	8.29116
62	19600.00000	8.29116
62	19800.00000	8.29116
62	20000.00000	8.29116
63	0.00000	11.80482
63	200.00000	11.80482
63	400.00000	11.80482
63	600.00000	11.80482
63	800.00000	11.80482
63	1000.00000	11.45829
63	1200.00000	11.45829
63	1400.00000	11.45829
63	1600.00000	11.45829
63	1800.00000	11.45829
63	2000.00000	11.38996
63	2200.00000	11.38996
63	2400.00000	11.38996
63	2600.00000	11.38996
63	2800.00000	11.38996
63	3000.00000	10.83849
63	3200.00000	10.83849
63	3400.00000	10.83849
63	3600.00000	10.83849
63	3800.00000	10.83849
63	4000.00000	10.03688
63	4200.00000	10.03688
63	4400.00000	10.03688
63	4600.00000	10.03688
63	4800.00000	10.03688
63	5000.00000	10.31133
63	5200.00000	10.31133
63	5400.00000	10.31133
63	5600.00000	10.31133
63	5800.00000	10.96305
63	6000.00000	10.96305
63	6200.00000	10.96305
63	6400.00000	10.96305
63	6600.00000	10.96305
63	6800.00000	10.10188
63	7000.00000	10.10188
63	7200.00000	10.10188
63	7400.00000	10.10188
63	7600.00000	10.10188
63	7800.00000	9.57702
63	8000.00000	9.57702
63	8200.00000	9.57702
63	8400.00000	9.57702
63	8600.00000	9.57702
63	8800.00000	9.71222
63	9000.00000	9.71222
63	9200.00000	9.71222
63	9400.00000	9.71222
63	9600.00000	9.71222
63	9800.00000	9.30974
63	10000.00000	9.30974
63	10200.00000	9.30974
63	10400.00000	9.30974
63	10600.00000	9.37738
63	10800.00000	9.37738
63	11000.00000	9.37738
63	11200.00000	9.37738
63	11400.00000	9.37738
63	11600.00000	9.85702
63	11800.00000	9.85702
63	12000.00000	9.85702
63	12200.00000	9.85702
63	12400.00000	9.85702
63	12600.00000	10.61236
63	12800.00000	10.61236
63	13000.00000	10.61236
63	13200.00000	10.61236
63	13400.00000	10.61236
63	13600.00000	9.96406
63	13800.00000	9.96406
63	14000.00000	9.96406
63	14200.00000	9.96406
63	14400.00000	9.96406
63	14600.00000	10.12305
63	14800.00000	10.12305
63	15000.00000	10.12305
63	15200.00000	10.12305
63	15400.00000	9.76320
63	15600.00000	9.76320
63	15800.00000	9.76320
63	16000.00000	9.76320
63	16200.00000	9.76320
63	16400.00000	9.11999
63	16600.00000	9.11999
63	16800.00000	9.11999
63	17000.00000	9.11999
63	17200.00000	9.11999
63	17400.00000	8.44311
63	17600.00000	8.44311
63	17800.00000	8.44311
63	18000.00000	8.44311
63	18200.00000	8.44311
63	18400.00000	8.46566
63	18600.00000	8.46566
63	18800.00000	8.46566
63	19000.00000	8.46566
63	19200.00000	8.46566
63	19400.00000	9.05015
63	19600.00000	9.05015
63	19800.00000	9.05015
63	20000.00000	9.05015
64	0.00000	11.57766
64	200.00000	11.57766
64	400.00000	11.57766
64	600.00000	11.57766
64	800.00000	11.57766
64	1000.00000	11.20467
64	1200.00000	11.20467
64	1400.00000	11.20467
64	1600.00000	11.20467
64	1800.00000	11.20467
64	2000.00000	11.53667
64	2200.00000	11.53667
64	2400.00000	11.53667
64	2600.00000	11.53667
64	2800.00000	11.53667
64	3000.00000	10.94092
64	3200.00000	10.94092
64	3400.00000	10.94092
64	3600.00000	10.94092
64	3800.00000	10.94092
64	4000.00000	9.86420
64	4200.00000	9.86420
64	4400.00000	9.86420
64	4600.00000	9.86420
64	4800.00000	9.86420
64	5000.00000	10.20800
64	5200.00000	10.20800
64	5400.00000	10.20800
64	5600.00000	10.20800
64	5800.00000	10.67470
64	6000.00000	10.67470
64	6200.00000	10.67470
64	6400.00000	10.67470
64	6600.00000	10.67470
64	6800.00000	10.27547
64	7000.00000	10.27547
64	7200.00000	10.27547
64	7400.00000	10.27547
64	7600.00000	10.27547
64	7800.00000	9.48558
64	8000.00000	9.48558
64	8200.00000	9.48558
64	8400.00000	9.48558
64	8600.00000	9.48558
64	8800.00000	9.32732
64	9000.00000	9.32732
64	9200.00000	9.32732
64	9400.00000	9.32732
64	9600.00000	9.32732
64	9800.00000	9.12617
64	10000.00000	9.12617
64	10200.00000	9.12617
64	10400.00000	9.12617
64	10600.00000	9.66042
64	10800.00000	9.66042
64	11000.00000	9.66042
64	11200.00000	9.66042
64	11400.00000	9.66042
64	11600.00000	10.10433
64	11800.00000	10.10433
64	12000.00000	10.10433
64	12200.00000	10.10433
64	12400.00000	10.10433
64	12600.00000	9.72718
64	12800.00000	9.72718
64	13000.00000	9.72718
64	13200.00000	9.72718
64	13400.00000	9.72718
64	13600.00000	10.50750
64	13800.00000	10.50750
64	14000.00000	10.50750
64	14200.00000	10.50750
64	14400.00000	10.50750
64	14600.00000	9.33455
64	14800.00000	9.33455
64	15000.00000	9.33455
64	15200.00000	9.33455
64	15400.00000	8.69608
64	15600.00000	8.69608
64	15800.00000	8.69608
64	16000.00000	8.69608
64	16200.00000	8.69608
64	16400.00000	8.98194
64	16600.00000	8.98194
64	16800.00000	8.98194
64	17000.00000	8.98194
64	17200.00000	8.98194
64	17400.00000	9.16220
64	17600.00000	9.16220
64	17800.00000	9.16220
64	18000.00000	9.16220
64	18200.00000	9.16220
64	18400.00000	8.23554
64	18600.00000	8.23554
64	18800.00000	8.23554
64	19000.00000	8.23554
64	19200.00000	8.23554
64	19400.00000	8.29040
64	19600.00000	8.29040
64	19800.00000	8.29040
64	20000.00000	8.29040
65	0.00000	11.88780
65	200.00000	11.88780
65	400.00000	11.88780
65	600.00000	11.88780
65	800.00000	11.88780
65	1000.00000	11.38155
65	1200.00000	11.38155
65	1400.00000	11.38155
65	1600.00000	11.38155
65	1800.00000	11.38155
65	2000.00000	11.44835
65	2200.00000	11.44835
65	2400.00000	11.44835
65	2600.00000	11.44835
65	2800.00000	11.44835
65	3000.00000	10.94864
65	3200.00000	10.94864
65	3400.00000	10.94864
65	3600.00000	10.94864
65	3800.00000	10.94864
65	4000.00000	10.04161
65	4200.00000	10.04161
65	4400.00000	10.04161
65	4600.00000	10.04161
65	4800.00000	10.04161
65	5000.00000	10.28539
65	5200.00000	10.28539
65	5400.00000	10.28539
65	5600.00000	10.28539
65	5800.00000	9.97144
65	6000.00000	9.97144
65	6200.00000	9.97144
65	6400.00000	9.97144
65	6600.00000	9.97144
65	6800.00000	10.22536
65	7000.00000	10.22536
65	7200.00000	10.22536
65	7400.00000	10.22536
65	7600.00000	10.22536
65	7800.00000	9.33640
65	8000.00000	9.33640
65	8200.00000	9.33640
65	8400.00000	9.33640
65	8600.00000	9.33640
65	8800.00000	10.49029
65	9000.00000	10.49029
65	9200.00000	10.49029
65	9400.00000	10.49029
65	9600.00000	10.49029
65	9800.00000	9.81415
65	10000.00000	9.81415
65	10200.00000	9.81415
65	10400.00000	9.81415
65	10600.00000	9.06667
65	10800.00000	9.06667
65	11000.00000	9.06667
65	11200.00000	9.06667
65	11400.00000	9.06667
65	11600.00000	9.89917
65	11800.00000	9.89917
65	12000.00000	9.89917
65	12200.00000	9.89917
65	12400.00000	9.89917
65	12600.00000	9.92238
65	12800.00000	9.92238
65	13000.00000	9.92238
65	13200.00000	9.92238
65	13400.00000	9.92238
65	13600.00000	9.43406
65	13800.00000	9.43406
65	14000.00000	9.43406
65	14200.00000	9.43406
65	14400.00000	9.43406
65	14600.00000	9.99608
65	14800.00000	9.99608
65	15000.00000	9.99608
65	15200.00000	9.99608
65	15400.00000	9.47325
65	15600.00000	9.47325
65	15800.00000	9.47325
65	16000.00000	9.47325
65	16200.00000	9.47325
65	16400.00000	8.50658
65	16600.00000	8.50658
65	16800.00000	8.50658
65	17000.00000	8.50658
65	17200.00000	8.50658
65	17400.00000	9.48692
65	17600.00000	9.48692
65	17800.00000	9.48692
65	18000.00000	9.48692
65	18200.00000	9.48692
65	18400.00000	8.34293
65	18600.00000	8.34293
65	18800.00000	8.34293
65	19000.00000	8.34293
65	19200.00000	8.34293
65	19400.00000	9.29540
65	19600.00000	9.29540
65	19800.00000	9.29540
65	20000.00000	9.29540
66	0.00000	11.75286
66	200.00000	11.75286
66	400.00000	11.75286
66	600.00000	11.75286
66	800.00000	11.75286
66	1000.00000	11.32498
66	1200.00000	11.32498
66	1400.00000	11.32498
66	1600.00000	11.32498
66	1800.00000	11.32498
66	2000.00000	12.00032
66	2200.00000	12.00032
66	2400.00000	12.00032
66	2600.00000	12.00032
66	2800.00000	12.00032
66	3000.00000	10.60069
66	3200.00000	10.60069
66	3400.00000	10.60069
66	3600.00000	10.60069
66	3800.00000	10.60069
66	4000.00000	9.79381
66	4200.00000	9.79381
66	4400.00000	9.79381
66	4600.00000	9.79381
66	4800.00000	9.79381
66	5000.00000	10.24648
66	5200.00000	10.24648
66	5400.00000	10.24648
66	5600.00000	10.24648
66	5800.00000	10.75998
66	6000.00000	10.75998
66	6200.00000	10.75998
66	6400.00000	10.75998
66	6600.00000	10.75998
66	6800.00000	10.02827
66	7000.00000	10.02827
66	7200.00000	10.02827
66	7400.00000	10.02827
66	7600.00000	10.02827
66	7800.00000	9.29983
66	8000.00000	9.29983
66	8200.00000	9.29983
66	8400.00000	9.29983
66	8600.00000	9.29983
66	8800.00000	9.73329
66	9000.00000	9.73329
66	9200.00000	9.73329
66	9400.00000	9.73329
66	9600.00000	9.73329
66	9800.00000	8.91721
66	10000.00000	8.91721
66	10200.00000	8.91721
66	10400.00000	8.91721
66	10600.00000	9.34065
66	10800.00000	9.34065
66	11000.00000	9.34065
66	11200.00000	9.34065
66	11400.00000	9.34065
66	11600.00000	10.12796
66	11800.00000	10.12796
66	12000.00000	10.12796
66	12200.00000	10.12796
66	12400.00000	10.12796
66	12600.00000	11.14742
66	12800.00000	11.14742
66	13000.00000	11.14742
66	13200.00000	11.14742
66	13400.00000	11.14742
66	13600.00000	9.86370
66	13800.00000	9.86370
66	14000.00000	9.86370
66	14200.00000	9.86370
66	14400.00000	9.86370
66	14600.00000	9.55903
66	14800.00000	9.55903
66	15000.00000	9.55903
66	15200.00000	9.55903
66	15400.00000	8.87072
66	15600.00000	8.87072
66	15800.00000	8.87072
66	16000.00000	8.87072
66	16200.00000	8.87072
66	16400.00000	8.34769
66	16600.00000	8.34769
66	16800.00000	8.34769
66	17000.00000	8.34769
66	17200.00000	8.34769
66	17400.00000	8.86305
66	17600.00000	8.86305
66	17800.00000	8.86305
66	18000.00000	8.86305
66	18200.00000	8.86305
66	18400.00000	9.38504
66	18600.00000	9.38504
66	18800.00000	9.38504
66	19000.00000	9.38504
66	19200.00000	9.38504
66	19400.00000	8.71879
66	19600.00000	8.71879
66	19800.00000	8.71879
66	20000.00000	8.71879
67	0.00000	11.85106
67	200.00000	11.85106
67	400.00000	11.85106
67	600.00000	11.85106
67	800.00000	11.85106
67	1000.00000	11.33179
67	1200.00000	11.33179
67	1400.00000	11.33179
67	1600.00000	11.33179
67	1800.00000	11.33179
67	2000.00000	11.62838
67	2200.00000	11.62838
67	2400.00000	11.62838
67	2600.00000	11.62838
67	2800.00000	11.62838
67	3000.00000	10.72067
67	3200.00000	10.72067
67	3400.00000	10.72067
67	3600.00000	10.72067
67	3800.00000	10.72067
67	4000.00000	9.84379
67	4200.00000	9.84379
67	4400.00000	9.84379
67	4600.00000	9.84379
67	4800.00000	9.84379
67	5000.00000	10.43301
67	5200.00000	10.43301
67	5400.00000	10.43301
67	5600.00000	10.43301
67	5800.00000	10.52601
67	6000.00000	10.52601
67	6200.00000	10.52601
67	6400.00000	10.52601
67	6600.00000	10.52601
67	6800.00000	10.22098
67	7000.00000	10.22098
67	7200.00000	10.22098
67	7400.00000	10.22098
67	7600.00000	10.22098
67	7800.00000	9.39586
67	8000.00000	9.39586
67	8200.00000	9.39586
67	8400.00000	9.39586
67	8600.00000	9.39586
67	8800.00000	9.36481
67	9000.00000	9.36481
67	9200.00000	9.36481
67	9400.00000	9.36481
67	9600.00000	9.36481
67	9800.00000	9.01564
67	10000.00000	9.01564
67	10200.00000	9.01564
67	10400.00000	9.01564
67	10600.00000	9.45161
67	10800.00000	9.45161
67	11000.00000	9.45161
67	11200.00000	9.45161
67	11400.00000	9.45161
67	11600.00000	10.19540
67	11800.00000	10.19540
67	12000.00000	10.19540
67	12200.00000	10.19540
67	12400.00000	10.19540
67	12600.00000	9.39431
67	12800.00000	9.39431
67	13000.00000	9.39431
67	13200.00000	9.39431
67	13400.00000	9.39431
67	13600.00000	11.42449
67	13800.00000	11.42449
67	14000.00000	11.42449
67	14200.00000	11.42449
67	14400.00000	11.42449
67	14600.00000	9.94557
67	14800.00000	9.94557
67	15000.00000	9.94557
67	15200.00000	9.94557
67	15400.00000	10.17431
67	15600.00000	10.17431
67	15800.00000	10.17431
67	16000.00000	10.17431
67	16200.00000	10.17431
67	16400.00000	8.86336
67	16600.00000	8.86336
67	16800.00000	8.86336
67	17000.00000	8.86336
67	17200.00000	8.86336
67	17400.00000	8.20347
67	17600.00000	8.20347
67	17800.00000	8.20347
67	18000.00000	8.20347
67	18200.00000	8.20347
67	18400.00000	9.91115
67	18600.00000	9.91115
67	18800.00000	9.91115
67	19000.00000	9.91115
67	19200.00000	9.91115
67	19400.00000	9.16638
67	19600.00000	9.16638
67	19800.00000	9.16638
67	20000.00000	9.16638
68	0.00000	11.61885
68	200.00000	11.61885
68	400.00000	11.61885
68	600.00000	11.61885
68	800.00000	11.61885
68	1000.00000	11.35700
68	1200.00000	11.35700
68	1400.00000	11.35700
68	1600.00000	11.35700
68	1800.00000	11.35700
68	2000.00000	11.23307
68	2200.00000	11.23307
68	2400.00000	11.23307
68	2600.00000	11.23307
68	2800.00000	11.23307
68	3000.00000	10.58534
68	3200.00000	10.58534
68	3400.00000	10.58534
68	3600.00000	10.58534
68	3800.00000	10.58534
68	4000.00000	9.96773
68	4200.00000	9.96773
68	4400.00000	9.96773
68	4600.00000	9.96773
68	4800.00000	9.96773
68	5000.00000	10.31766
68	5200.00000	10.31766
68	5400.00000	10.31766
68	5600.00000	10.31766
68	5800.00000	10.37998
68	6000.00000	10.37998
68	6200.00000	10.37998
68	6400.00000	10.37998
68	6600.00000	10.37998
68	6800.00000	10.63610
68	7000.00000	10.63610
68	7200.00000	10.63610
68	7400.00000	10.63610
68	7600.00000	10.63610
68	7800.00000	9.19662
68	8000.00000	9.19662
68	8200.00000	9.19662
68	8400.00000	9.19662
68	8600.00000	9.19662
68	8800.00000	9.75847
68	9000.00000	9.75847
68	9200.00000	9.75847
68	9400.00000	9.75847
68	9600.00000	9.75847
68	9800.00000	8.97984
68	10000.00000	8.97984
68	10200.00000	8.97984
68	10400.00000	8.97984
68	10600.00000	9.72208
68	10800.00000	9.72208
68	11000.00000	9.72208
68	11200.00000	9.72208
68	11400.00000	9.72208
68	11600.00000	9.63422
68	11800.00000	9.63422
68	12000.00000	9.63422
68	12200.00000	9.63422
68	12400.00000	9.63422
68	12600.00000	10.78241
68	12800.00000	10.78241
68	13000.00000	10.78241
68	13200.00000	10.78241
68	13400.00000	10.78241
68	13600.00000	10.73524
68	13800.00000	10.73524
68	14000.00000	10.73524
68	14200.00000	10.73524
68	14400.00000	10.73524
68	14600.00000	9.36941
68	14800.00000	9.36941
68	15000.00000	9.36941
68	15200.00000	9.36941
68	15400.00000	8.93328
68	15600.00000	8.93328
68	15800.00000	8.93328
68	16000.00000	8.93328
68	16200.00000	8.93328
68	16400.00000	10.21268
68	16600.00000	10.21268
68	16800.00000	10.21268
68	17000.00000	10.21268
68	17200.00000	10.21268
68	17400.00000	8.93663
68	17600.00000	8.93663
68	17800.00000	8.93663
68	18000.00000	8.93663
68	18200.00000	8.93663
68	18400.00000	8.42552
68	18600.00000	8.42552
68	18800.00000	8.42552
68	19000.00000	8.42552
68	19200.00000	8.42552
68	19400.00000	8.69798
68	19600.00000	8.69798
68	19800.00000	8.69798
68	20000.00000	8.69798
69	0.00000	11.37504
69	200.00000	11.37504
69	400.00000	11.37504
69	600.00000	11.37504
69	800.00000	11.37504
69	1000.00000	11.43724
69	1200.00000	11.43724
69	1400.00000	11.43724
69	1600.00000	11.43724
69	1800.00000	11.43724
69	2000.00000	11.25283
69	2200.00000	11.25283
69	2400.00000	11.25283
69	2600.00000	11.25283
69	2800.00000	11.25283
69	3000.00000	10.69621
69	3200.00000	10.69621
69	3400.00000	10.69621
69	3600.00000	10.69621
69	3800.00000	10.69621
69	4000.00000	9.90675
69	4200.00000	9.90675
69	4400.00000	9.90675
69	4600.00000	9.90675
69	4800.00000	9.90675
69	5000.00000	10.56979
69	5200.00000	10.56979
69	5400.00000	10.56979
69	5600.00000	10.56979
69	5800.00000	11.00003
69	6000.00000	11.00003
69	6200.00000	11.00003
69	6400.00000	11.00003
69	6600.00000	11.00003
69	6800.00000	10.22906
69	7000.00000	10.22906
69	7200.00000	10.22906
69	7400.00000	10.22906
69	7600.00000	10.22906
69	7800.00000	9.78473
69	8000.00000	9.78473
69	8200.00000	9.78473
69	8400.00000	9.78473
69	8600.00000	9.78473
69	8800.00000	9.56985
69	9000.00000	9.56985
69	9200.00000	9.56985
69	9400.00000	9.56985
69	9600.00000	9.56985
69	9800.00000	8.93551
69	10000.00000	8.93551
69	10200.00000	8.93551
69	10400.00000	8.93551
69	10600.00000	10.29451
69	10800.00000	10.29451
69	11000.00000	10.29451
69	11200.00000	10.29451
69	11400.00000	10.29451
69	11600.00000	10.19558
69	11800.00000	10.19558
69	12000.00000	10.19558
69	12200.00000	10.19558
69	12400.00000	10.19558
69	12600.00000	9.52912
69	12800.00000	9.52912
69	13000.00000	9.52912
69	13200.00000	9.52912
69	13400.00000	9.52912
69	13600.00000	10.14479
69	13800.00000	10.14479
69	14000.00000	10.14479
69	14200.00000	10.14479
69	14400.00000	10.14479
69	14600.00000	10.16045
69	14800.00000	10.16045
69	15000.00000	10.16045
69	15200.00000	10.16045
69	15400.00000	10.79486
69	15600.00000	10.79486
69	15800.00000	10.79486
69	16000.00000	10.79486
69	16200.00000	10.79486
69	16400.00000	9.06916
69	16600.00000	9.06916
69	16800.00000	9.06916
69	17000.00000	9.06916
69	17200.00000	9.06916
69	17400.00000	7.59522
69	17600.00000	7.59522
69	17800.00000	7.59522
69	18000.00000	7.59522
69	18200.00000	7.59522
69	18400.00000	8.33101
69	18600.00000	8.33101
69	18800.00000	8.33101
69	19000.00000	8.33101
69	19200.00000	8.33101
69	19400.00000	9.47179
69	19600.00000	9.47179
69	19800.00000	9.47179
69	20000.00000	9.47179
70	0.00000	11.52872
70	200.00000	11.52872
70	400.00000	11.52872
70	600.00000	11.52872
70	800.00000	11.52872
70	1000.00000	11.66033
70	1200.00000	11.66033
70	1400.00000	11.66033
70	1600.00000	11.66033
70	1800.00000	11.66033
70	2000.00000	11.44417
70	2200.00000	11.44417
70	2400.00000	11.44417
70	2600.00000	11.44417
70	2800.00000	11.44417
70	3000.00000	11.16174
70	3200.00000	11.16174
70	3400.00000	11.16174
70	3600.00000	11.16174
70	3800.00000	11.16174
70	4000.00000	9.62980
70	4200.00000	9.62980
70	4400.00000	9.62980
70	4600.00000	9.62980
70	4800.00000	9.62980
70	5000.00000	10.28901
70	5200.00000	10.28901
70	5400.00000	10.28901
70	5600.00000	10.28901
70	5800.00000	10.06197
70	6000.00000	10.06197
70	6200.00000	10.06197
70	6400.00000	10.06197
70	6600.00000	10.06197
70	6800.00000	10.52722
70	7000.00000	10.52722
70	7200.00000	10.52722
70	7400.00000	10.52722
70	7600.00000	10.52722
70	7800.00000	9.80033
70	8000.00000	9.80033
70	8200.00000	9.80033
70	8400.00000	9.80033
70	8600.00000	9.80033
70	8800.00000	9.72916
70	9000.00000	9.72916
70	9200.00000	9.72916
70	9400.00000	9.72916
70	9600.00000	9.72916
70	9800.00000	9.36661
70	10000.00000	9.36661
70	10200.00000	9.36661
70	10400.00000	9.36661
70	10600.00000	9.27795
70	10800.00000	9.27795
70	11000.00000	9.27795
70	11200.00000	9.27795
70	11400.00000	9.27795
70	11600.00000	9.50740
70	11800.00000	9.50740
70	12000.00000	9.50740
70	12200.00000	9.50740
70	12400.00000	9.50740
70	12600.00000	9.86586
70	12800.00000	9.86586
70	13000.00000	9.86586
70	13200.00000	9.86586
70	13400.00000	9.86586
70	13600.00000	10.36994
70	13800.00000	10.36994
70	14000.00000	10.36994
70	14200.00000	10.36994
70	14400.00000	10.36994
70	14600.00000	9.37052
70	14800.00000	9.37052
70	15000.00000	9.37052
70	15200.00000	9.37052
70	15400.00000	9.70362
70	15600.00000	9.70362
70	15800.00000	9.70362
70	16000.00000	9.70362
70	16200.00000	9.70362
70	16400.00000	9.73163
70	16600.00000	9.73163
70	16800.00000	9.73163
70	17000.00000	9.73163
70	17200.00000	9.73163
70	17400.00000	8.20318
70	17600.00000	8.20318
70	17800.00000	8.20318
70	18000.00000	8.20318
70	18200.00000	8.20318
70	18400.00000	9.10915
70	18600.00000	9.10915
70	18800.00000	9.10915
70	19000.00000	9.10915
70	19200.00000	9.10915
70	19400.00000	9.02731
70	19600.00000	9.02731
70	19800.00000	9.02731
70	20000.00000	9.02731
71	0.00000	11.76280
71	200.00000	11.76280
71	400.00000	11.76280
71	600.00000	11.76280
71	800.00000	11.76280
71	1000.00000	11.30551
71	1200.00000	11.30551
71	1400.00000	11.30551
71	1600.00000	11.30551
71	1800.00000	11.30551
71	2000.00000	11.34421
71	2200.00000	11.34421
71	2400.00000	11.34421
71	2600.00000	11.34421
71	2800.00000	11.34421
71	3000.00000	10.51061
71	3200.00000	10.51061
71	3400.00000	10.51061
71	3600.00000	10.51061
71	3800.00000	10.51061
71	4000.00000	10.00656
71	4200.00000	10.00656
71	4400.00000	10.00656
71	4600.00000	10.00656
71	4800.00000	10.00656
71	5000.00000	10.29227
71	5200.00000	10.29227
71	5400.00000	10.29227
71	5600.00000	10.29227
71	5800.00000	10.50918
71	6000.00000	10.50918
71	6200.00000	10.50918
71	6400.00000	10.50918
71	6600.00000	10.50918
71	6800.00000	9.94699
71	7000.00000	9.94699
71	7200.00000	9.94699
71	7400.00000	9.94699
71	7600.00000	9.94699
71	7800.00000	10.11379
71	8000.00000	10.11379
71	8200.00000	10.11379
71	8400.00000	10.11379
71	8600.00000	10.11379
71	8800.00000	9.41975
71	9000.00000	9.41975
71	9200.00000	9.41975
71	9400.00000	9.41975
71	9600.00000	9.41975
71	9800.00000	8.96009
71	10000.00000	8.96009
71	10200.00000	8.96009
71	10400.00000	8.96009
71	10600.00000	9.52237
71	10800.00000	9.52237
71	11000.00000	9.52237
71	11200.00000	9.52237
71	11400.00000	9.52237
71	11600.00000	9.46497
71	11800.00000	9.46497
71	12000.00000	9.46497
71	12200.00000	9.46497
71	12400.00000	9.46497
71	12600.00000	10.15058
71	12800.00000	10.15058
71	13000.00000	10.15058
71	13200.00000	10.15058
71	13400.00000	10.15058
71	13600.00000	10.01003
71	13800.00000	10.01003
71	14000.00000	10.01003
71	14200.00000	10.01003
71	14400.00000	10.01003
71	14600.00000	9.36232
71	14800.00000	9.36232
71	15000.00000	9.36232
71	15200.00000	9.36232
71	15400.00000	9.48559
71	15600.00000	9.48559
71	15800.00000	9.48559
71	16000.00000	9.48559
71	16200.00000	9.48559
71	16400.00000	9.04941
71	16600.00000	9.04941
71	16800.00000	9.04941
71	17000.00000	9.04941
71	17200.00000	9.04941
71	17400.00000	8.28084
71	17600.00000	8.28084
71	17800.00000	8.28084
71	18000.00000	8.28084
71	18200.00000	8.28084
71	18400.00000	8.25291
71	18600.00000	8.25291
71	18800.00000	8.25291
71	19000.00000	8.25291
71	19200.00000	8.25291
71	19400.00000	8.95169
71	19600.00000	8.95169
71	19800.00000	8.95169
71	20000.00000	8.95169
72	0.00000	11.84133
72	200.00000	11.84133
72	400.00000	11.84133
72	600.00000	11.84133
72	800.00000	11.84133
72	1000.00000	11.40790
72	1200.00000	11.40790
72	1400.00000	11.40790
72	1600.00000	11.40790
72	1800.00000	11.40790
72	2000.00000	11.70186
72	2200.00000	11.70186
72	2400.00000	11.70186
72	2600.00000	11.70186
72	2800.00000	11.70186
72	3000.00000	10.49434
72	3200.00000	10.49434
72	3400.00000	10.49434
72	3600.00000	10.49434
72	3800.00000	10.49434
72	4000.00000	9.99581
72	4200.00000	9.99581
72	4400.00000	9.99581
72	4600.00000	9.99581
72	4800.00000	9.99581
72	5000.00000	10.96133
72	5200.00000	10.96133
72	5400.00000	10.96133
72	5600.00000	10.96133
72	5800.00000	10.62935
72	6000.00000	10.62935
72	6200.00000	10.62935
72	6400.00000	10.62935
72	6600.00000	10.62935
72	6800.00000	10.12261
72	7000.00000	10.12261
72	7200.00000	10.12261
72	7400.00000	10.12261
72	7600.00000	10.12261
72	7800.00000	9.80252
72	8000.00000	9.80252
72	8200.00000	9.80252
72	8400.00000	9.80252
72	8600.00000	9.80252
72	8800.00000	9.36038
72	9000.00000	9.36038
72	9200.00000	9.36038
72	9400.00000	9.36038
72	9600.00000	9.36038
72	9800.00000	9.34154
72	10000.00000	9.34154
72	10200.00000	9.34154
72	10400.00000	9.34154
72	10600.00000	9.25637
72	10800.00000	9.25637
72	11000.00000	9.25637
72	11200.00000	9.25637
72	11400.00000	9.25637
72	11600.00000	9.85748
72	11800.00000	9.85748
72	12000.00000	9.85748
72	12200.00000	9.85748
72	12400.00000	9.85748
72	12600.00000	10.81001
72	12800.00000	10.81001
72	13000.00000	10.81001
72	13200.00000	10.81001
72	13400.00000	10.81001
72	13600.00000	10.72722
72	13800.00000	10.72722
72	14000.00000	10.72722
72	14200.00000	10.72722
72	14400.00000	10.72722
72	14600.00000	10.22172
72	14800.00000	10.22172
72	15000.00000	10.22172
72	15200.00000	10.22172
72	15400.00000	9.12703
72	15600.00000	9.12703
72	15800.00000	9.12703
72	16000.00000	9.12703
72	16200.00000	9.12703
72	16400.00000	9.00400
72	16600.00000	9.00400
72	16800.00000	9.00400
72	17000.00000	9.00400
72	17200.00000	9.00400
72	17400.00000	8.46139
72	17600.00000	8.46139
72	17800.00000	8.46139
72	18000.00000	8.46139
72	18200.00000	8.46139
72	18400.00000	8.54997
72	18600.00000	8.54997
72	18800.00000	8.54997
72	19000.00000	8.54997
72	19200.00000	8.54997
72	19400.00000	8.73884
72	19600.00000	8.73884
72	19800.00000	8.73884
72	20000.00000	8.73884
73	0.00000	11.93100
73	200.00000	11.93100
73	400.00000	11.93100
73	600.00000	11.93100
73	800.00000	11.93100
73	1000.00000	11.43204
73	1200.00000	11.43204
73	1400.00000	11.43204
73	1600.00000	11.43204
73	1800.00000	11.43204
73	2000.00000	11.36148
73	2200.00000	11.36148
73	2400.00000	11.36148
73	2600.00000	11.36148
73	2800.00000	11.36148
73	3000.00000	10.57964
73	3200.00000	10.57964
73	3400.00000	10.57964
73	3600.00000	10.57964
73	3800.00000	10.57964
73	4000.00000	9.95348
73	4200.00000	9.95348
73	4400.00000	9.95348
73	4600.00000	9.95348
73	4800.00000	9.95348
73	5000.00000	10.50599
73	5200.00000	10.50599
73	5400.00000	10.50599
73	5600.00000	10.50599
73	5800.00000	10.30611
73	6000.00000	10.30611
73	6200.00000	10.30611
73	6400.00000	10.30611
73	6600.00000	10.30611
73	6800.00000	10.12427
73	7000.00000	10.12427
73	7200.00000	10.12427
73	7400.00000	10.12427
73	7600.00000	10.12427
73	7800.00000	9.37588
73	8000.00000	9.37588
73	8200.00000	9.37588
73	8400.00000	9.37588
73	8600.00000	9.37588
73	8800.00000	9.42539
73	9000.00000	9.42539
73	9200.00000	9.42539
73	9400.00000	9.42539
73	9600.00000	9.42539
73	9800.00000	9.20667
73	10000.00000	9.20667
73	10200.00000	9.20667
73	10400.00000	9.20667
73	10600.00000	9.10243
73	10800.00000	9.10243
73	11000.00000	9.10243
73	11200.00000	9.10243
73	11400.00000	9.10243
73	11600.00000	9.55177
73	11800.00000	9.55177
73	12000.00000	9.55177
73	12200.00000	9.55177
73	12400.00000	9.55177
73	12600.00000	9.55897
73	12800.00000	9.55897
73	13000.00000	9.55897
73	13200.00000	9.55897
73	13400.00000	9.55897
73	13600.00000	9.63356
73	13800.00000	9.63356
73	14000.00000	9.63356
73	14200.00000	9.63356
73	14400.00000	9.63356
73	14600.00000	9.78941
73	14800.00000	9.78941
73	15000.00000	9.78941
73	15200.00000	9.78941
73	15400.00000	9.71077
73	15600.00000	9.71077
73	15800.00000	9.71077
73	16000.00000	9.71077
73	16200.00000	9.71077
73	16400.00000	8.70141
73	16600.00000	8.70141
73	16800.00000	8.70141
73	17000.00000	8.70141
73	17200.00000	8.70141
73	17400.00000	8.65694
73	17600.00000	8.65694
73	17800.00000	8.65694
73	18000.00000	8.65694
73	18200.00000	8.65694
73	18400.00000	8.97494
73	18600.00000	8.97494
73	18800.00000	8.97494
73	19000.00000	8.97494
73	19200.00000	8.97494
73	19400.00000	8.80764
73	19600.00000	8.80764
73	19800.00000	8.80764
73	20000.00000	8.80764
74	0.00000	11.67230
74	200.00000	11.67230
74	400.00000	11.67230
74	600.00000	11.67230
74	800.00000	11.67230
74	1000.00000	11.29411
74	1200.00000	11.29411
74	1400.00000	11.29411
74	1600.00000	11.29411
74	1800.00000	11.29411
74	2000.00000	11.55934
74	2200.00000	11.55934
74	2400.00000	11.55934
74	2600.00000	11.55934
74	2800.00000	11.55934
74	3000.00000	10.80634
74	3200.00000	10.80634
74	3400.00000	10.80634
74	3600.00000	10.80634
74	3800.00000	10.80634
74	4000.00000	9.96509
74	4200.00000	9.96509
74	4400.00000	9.96509
74	4600.00000	9.96509
74	4800.00000	9.96509
74	5000.00000	10.39395
74	5200.00000	10.39395
74	5400.00000	10.39395
74	5600.00000	10.39395
74	5800.00000	10.50121
74	6000.00000	10.50121
74	6200.00000	10.50121
74	6400.00000	10.50121
74	6600.00000	10.50121
74	6800.00000	10.17801
74	7000.00000	10.17801
74	7200.00000	10.17801
74	7400.00000	10.17801
74	7600.00000	10.17801
74	7800.00000	9.57301
74	8000.00000	9.57301
74	8200.00000	9.57301
74	8400.00000	9.57301
74	8600.00000	9.57301
74	8800.00000	9.83055
74	9000.00000	9.83055
74	9200.00000	9.83055
74	9400.00000	9.83055
74	9600.00000	9.83055
74	9800.00000	9.14677
74	10000.00000	9.14677
74	10200.00000	9.14677
74	10400.00000	9.14677
74	10600.00000	9.58130
74	10800.00000	9.58130
74	11000.00000	9.58130
74	11200.00000	9.58130
74	11400.00000	9.58130
74	11600.00000	10.48311
74	11800.00000	10.48311
74	12000.00000	10.48311
74	12200.00000	10.48311
74	12400.00000	10.48311
74	12600.00000	9.47906
74	12800.00000	9.47906
74	13000.00000	9.47906
74	13200.00000	9.47906
74	13400.00000	9.47906
74	13600.00000	9.34207
74	13800.00000	9.34207
74	14000.00000	9.34207
74	14200.00000	9.34207
74	14400.00000	9.34207
74	14600.00000	9.38567
74	14800.00000	9.38567
74	15000.00000	9.38567
74	15200.00000	9.38567
74	15400.00000	9.19956
74	15600.00000	9.19956
74	15800.00000	9.19956
74	16000.00000	9.19956
74	16200.00000	9.19956
74	16400.00000	9.33174
74	16600.00000	9.33174
74	16800.00000	9.33174
74	17000.00000	9.33174
74	17200.00000	9.33174
74	17400.00000	8.44142
74	17600.00000	8.44142
74	17800.00000	8.44142
74	18000.00000	8.44142
74	18200.00000	8.44142
74	18400.00000	8.78209
74	18600.00000	8.78209
74	18800.00000	8.78209
74	19000.00000	8.78209
74	19200.00000	8.78209
74	19400.00000	9.06926
74	19600.00000	9.06926
74	19800.00000	9.06926
74	20000.00000	9.06926
75	0.00000	11.84311
75	200.00000	11.84311
75	400.00000	11.84311
75	600.00000	11.84311
75	800.00000	11.84311
75	1000.00000	11.50191
75	1200.00000	11.50191
75	1400.00000	11.50191
75	1600.00000	11.50191
75	1800.00000	11.50191
75	2000.00000	11.19271
75	2200.00000	11.19271
75	2400.00000	11.19271
75	2600.00000	11.19271
75	2800.00000	11.19271
75	3000.00000	10.76954
75	3200.00000	10.76954
75	3400.00000	10.76954
75	3600.00000	10.76954
75	3800.00000	10.76954
75	4000.00000	9.99094
75	4200.00000	9.99094
75	4400.00000	9.99094
75	4600.00000	9.99094
75	4800.00000	9.99094
75	5000.00000	9.97288
75	5200.00000	9.97288
75	5400.00000	9.97288
75	5600.00000	9.97288
75	5800.00000	10.61475
75	6000.00000	10.61475
75	6200.00000	10.61475
75	6400.00000	10.61475
75	6600.00000	10.61475
75	6800.00000	10.23100
75	7000.00000	10.23100
75	7200.00000	10.23100
75	7400.00000	10.23100
75	7600.00000	10.23100
75	7800.00000	9.48260
75	8000.00000	9.48260
75	8200.00000	9.48260
75	8400.00000	9.48260
75	8600.00000	9.48260
75	8800.00000	9.87695
75	9000.00000	9.87695
75	9200.00000	9.87695
75	9400.00000	9.87695
75	9600.00000	9.87695
75	9800.00000	9.34333
75	10000.00000	9.34333
75	10200.00000	9.34333
75	10400.00000	9.34333
75	10600.00000	9.59148
75	10800.00000	9.59148
75	11000.00000	9.59148
75	11200.00000	9.59148
75	11400.00000	9.59148
75	11600.00000	10.36570
75	11800.00000	10.36570
75	12000.00000	10.36570
75	12200.00000	10.36570
75	12400.00000	10.36570
75	12600.00000	10.47721
75	12800.00000	10.47721
75	13000.00000	10.47721
75	13200.00000	10.47721
75	13400.00000	10.47721
75	13600.00000	9.86425
75	13800.00000	9.86425
75	14000.00000	9.86425
75	14200.00000	9.86425
75	14400.00000	9.86425
75	14600.00000	9.59272
75	14800.00000	9.59272
75	15000.00000	9.59272
75	15200.00000	9.59272
75	15400.00000	9.57876
75	15600.00000	9.57876
75	15800.00000	9.57876
75	16000.00000	9.57876
75	16200.00000	9.57876
75	16400.00000	9.21280
75	16600.00000	9.21280
75	16800.00000	9.21280
75	17000.00000	9.21280
75	17200.00000	9.21280
75	17400.00000	9.12709
75	17600.00000	9.12709
75	17800.00000	9.12709
75	18000.00000	9.12709
75	18200.00000	9.12709
75	18400.00000	8.71464
75	18600.00000	8.71464
75	18800.00000	8.71464
75	19000.00000	8.71464
75	19200.00000	8.71464
75	19400.00000	8.13115
75	19600.00000	8.13115
75	19800.00000	8.13115
75	20000.00000	8.13115
76	0.00000	11.80833
76	200.00000	11.80833
76	400.00000	11.80833
76	600.00000	11.80833
76	800.00000	11.80833
76	1000.00000	11.58691
76	1200.00000	11.58691
76	1400.00000	11.58691
76	1600.00000	11.58691
76	1800.00000	11.58691
76	2000.00000	11.30430
76	2200.00000	11.30430
76	2400.00000	11.30430
76	2600.00000	11.30430
76	2800.00000	11.30430
76	3000.00000	10.67054
76	3200.00000	10.67054
76	3400.00000	10.67054
76	3600.00000	10.67054
76	3800.00000	10.67054
76	4000.00000	9.97441
76	4200.00000	9.97441
76	4400.00000	9.97441
76	4600.00000	9.97441
76	4800.00000	9.97441
76	5000.00000	10.62754
76	5200.00000	10.62754
76	5400.00000	10.62754
76	5600.00000	10.62754
76	5800.00000	10.76958
76	6000.00000	10.76958
76	6200.00000	10.76958
76	6400.00000	10.76958
76	6600.00000	10.76958
76	6800.00000	9.85700
76	7000.00000	9.85700
76	7200.00000	9.85700
76	7400.00000	9.85700
76	7600.00000	9.85700
76	7800.00000	9.52673
76	8000.00000	9.52673
76	8200.00000	9.52673
76	8400.00000	9.52673
76	8600.00000	9.52673
76	8800.00000	10.17943
76	9000.00000	10.17943
76	9200.00000	10.17943
76	9400.00000	10.17943
76	9600.00000	10.17943
76	9800.00000	9.35126
76	10000.00000	9.35126
76	10200.00000	9.35126
76	10400.00000	9.35126
76	10600.00000	9.66337
76	10800.00000	9.66337
76	11000.00000	9.66337
76	11200.00000	9.66337
76	11400.00000	9.66337
76	11600.00000	9.53081
76	11800.00000	9.53081
76	12000.00000	9.53081
76	12200.00000	9.53081
76	12400.00000	9.53081
76	12600.00000	9.69517
76	12800.00000	9.69517
76	13000.00000	9.69517
76	13200.00000	9.69517
76	13400.00000	9.69517
76	13600.00000	10.39583
76	13800.00000	10.39583
76	14000.00000	10.39583
76	14200.00000	10.39583
76	14400.00000	10.39583
76	14600.00000	10.15195
76	14800.00000	10.15195
76	15000.00000	10.15195
76	15200.00000	10.15195
76	15400.00000	9.83544
76	15600.00000	9.83544
76	15800.00000	9.83544
76	16000.00000	9.83544
76	16200.00000	9.83544
76	16400.00000	8.78119
76	16600.00000	8.78119
76	16800.00000	8.78119
76	17000.00000	8.78119
76	17200.00000	8.78119
76	17400.00000	9.06908
76	17600.00000	9.06908
76	17800.00000	9.06908
76	18000.00000	9.06908
76	18200.00000	9.06908
76	18400.00000	8.84851
76	18600.00000	8.84851
76	18800.00000	8.84851
76	19000.00000	8.84851
76	19200.00000	8.84851
76	19400.00000	8.76123
76	19600.00000	8.76123
76	19800.00000	8.76123
76	20000.00000	8.76123
77	0.00000	11.52715
77	200.00000	11.52715
77	400.00000	11.52715
77	600.00000	11.52715
77	800.00000	11.52715
77	1000.00000	11.42586
77	1200.00000	11.42586
77	1400.00000	11.42586
77	1600.00000	11.42586
77	1800.00000	11.42586
77	2000.00000	11.06459
77	2200.00000	11.06459
77	2400.00000	11.06459
77	2600.00000	11.06459
77	2800.00000	11.06459
77	3000.00000	10.86599
77	3200.00000	10.86599
77	3400.00000	10.86599
77	3600.00000	10.86599
77	3800.00000	10.86599
77	4000.00000	9.92278
77	4200.00000	9.92278
77	4400.00000	9.92278
77	4600.00000	9.92278
77	4800.00000	9.92278
77	5000.00000	10.08764
77	5200.00000	10.08764
77	5400.00000	10.08764
77	5600.00000	10.08764
77	5800.00000	10.57821
77	6000.00000	10.57821
77	6200.00000	10.57821
77	6400.00000	10.57821
77	6600.00000	10.57821
77	6800.00000	10.32335
77	7000.00000	10.32335
77	7200.00000	10.32335
77	7400.00000	10.32335
77	7600.00000	10.32335
77	7800.00000	9.77807
77	8000.00000	9.77807
77	8200.00000	9.77807
77	8400.00000	9.77807
77	8600.00000	9.77807
77	8800.00000	9.65234
77	9000.00000	9.65234
77	9200.00000	9.65234
77	9400.00000	9.65234
77	9600.00000	9.65234
77	9800.00000	9.56388
77	10000.00000	9.56388
77	10200.00000	9.56388
77	10400.00000	9.56388
77	10600.00000	9.67662
77	10800.00000	9.67662
77	11000.00000	9.67662
77	11200.00000	9.67662
77	11400.00000	9.67662
77	11600.00000	9.83666
77	11800.00000	9.83666
77	12000.00000	9.83666
77	12200.00000	9.83666
77	12400.00000	9.83666
77	12600.00000	10.00240
77	12800.00000	10.00240
77	13000.00000	10.00240
77	13200.00000	10.00240
77	13400.00000	10.00240
77	13600.00000	9.73964
77	13800.00000	9.73964
77	14000.00000	9.73964
77	14200.00000	9.73964
77	14400.00000	9.73964
77	14600.00000	9.86811
77	14800.00000	9.86811
77	15000.00000	9.86811
77	15200.00000	9.86811
77	15400.00000	9.32466
77	15600.00000	9.32466
77	15800.00000	9.32466
77	16000.00000	9.32466
77	16200.00000	9.32466
77	16400.00000	9.11389
77	16600.00000	9.11389
77	16800.00000	9.11389
77	17000.00000	9.11389
77	17200.00000	9.11389
77	17400.00000	8.82055
77	17600.00000	8.82055
77	17800.00000	8.82055
77	18000.00000	8.82055
77	18200.00000	8.82055
77	18400.00000	9.15318
77	18600.00000	9.15318
77	18800.00000	9.15318
77	19000.00000	9.15318
77	19200.00000	9.15318
77	19400.00000	8.59777
77	19600.00000	8.59777
77	19800.00000	8.59777
77	20000.00000	8.59777
78	0.00000	11.46058
78	200.00000	11.46058
78	400.00000	11.46058
78	600.00000	11.46058
78	800.00000	11.46058
78	1000.00000	11.37558
78	1200.00000	11.37558
78	1400.00000	11.37558
78	1600.00000	11.37558
78	1800.00000	11.37558
78	2000.00000	11.03910
78	2200.00000	11.03910
78	2400.00000	11.03910
78	2600.00000	11.03910
78	2800.00000	11.03910
78	3000.00000	10.26766
78	3200.00000	10.26766
78	3400.00000	10.26766
78	3600.00000	10.26766
78	3800.00000	10.26766
78	4000.00000	10.01537
78	4200.00000	10.01537
78	4400.00000	10.01537
78	4600.00000	10.01537
78	4800.00000	10.01537
78	5000.00000	10.26195
78	5200.00000	10.26195
78	5400.00000	10.26195
78	5600.00000	10.26195
78	5800.00000	10.48472
78	6000.00000	10.48472
78	6200.00000	10.48472
78	6400.00000	10.48472
78	6600.00000	10.48472
78	6800.00000	10.16204
78	7000.00000	10.16204
78	7200.00000	10.16204
78	7400.00000	10.16204
78	7600.00000	10.16204
78	7800.00000	9.32336
78	8000.00000	9.32336
78	8200.00000	9.32336
78	8400.00000	9.32336
78	8600.00000	9.32336
78	8800.00000	9.65823
78	9000.00000	9.65823
78	9200.00000	9.65823
78	9400.00000	9.65823
78	9600.00000	9.65823
78	9800.00000	9.43008
78	10000.00000	9.43008
78	10200.00000	9.43008
78	10400.00000	9.43008
78	10600.00000	10.00552
78	10800.00000	10.00552
78	11000.00000	10.00552
78	11200.00000	10.00552
78	11400.00000	10.00552
78	11600.00000	9.48507
78	11800.00000	9.48507
78	12000.00000	9.48507
78	12200.00000	9.48507
78	12400.00000	9.48507
78	12600.00000	9.40540
78	12800.00000	9.40540
78	13000.00000	9.40540
78	13200.00000	9.40540
78	13400.00000	9.40540
78	13600.00000	9.58272
78	13800.00000	9.58272
78	14000.00000	9.58272
78	14200.00000	9.58272
78	14400.00000	9.58272
78	14600.00000	9.52690
78	14800.00000	9.52690
78	15000.00000	9.52690
78	15200.00000	9.52690
78	15400.00000	9.35894
78	15600.00000	9.35894
78	15800.00000	9.35894
78	16000.00000	9.35894
78	16200.00000	9.35894
78	16400.00000	8.83016
78	16600.00000	8.83016
78	16800.00000	8.83016
78	17000.00000	8.83016
78	17200.00000	8.83016
78	17400.00000	8.55473
78	17600.00000	8.55473
78	17800.00000	8.55473
78	18000.00000	8.55473
78	18200.00000	8.55473
78	18400.00000	8.97644
78	18600.00000	8.97644
78	18800.00000	8.97644
78	19000.00000	8.97644
78	19200.00000	8.97644
78	19400.00000	9.13784
78	19600.00000	9.13784
78	19800.00000	9.13784
78	20000.00000	9.13784
79	0.00000	11.72608
79	200.00000	11.72608
79	400.00000	11.72608
79	600.00000	11.72608
79	800.00000	11.72608
79	1000.00000	11.35685
79	1200.00000	11.35685
79	1400.00000	11.35685
79	1600.00000	11.35685
79	1800.00000	11.35685
79	2000.00000	11.15918
79	2200.00000	11.15918
79	2400.00000	11.15918
79	2600.00000	11.15918
79	2800.00000	11.15918
79	3000.00000	10.41308
79	3200.00000	10.41308
79	3400.00000	10.41308
79	3600.00000	10.41308
79	3800.00000	10.41308
79	4000.00000	10.14373
79	4200.00000	10.14373
79	4400.00000	10.14373
79	4600.00000	10.14373
79	4800.00000	10.14373
79	5000.00000	10.26565
79	5200.00000	10.26565
79	5400.00000	10.26565
79	5600.00000	10.26565
79	5800.00000	10.60177
79	6000.00000	10.60177
79	6200.00000	10.60177
79	6400.00000	10.60177
79	6600.00000	10.60177
79	6800.00000	10.17945
79	7000.00000	10.17945
79	7200.00000	10.17945
79	7400.00000	10.17945
79	7600.00000	10.17945
79	7800.00000	9.82613
79	8000.00000	9.82613
79	8200.00000	9.82613
79	8400.00000	9.82613
79	8600.00000	9.82613
79	8800.00000	9.33273
79	9000.00000	9.33273
79	9200.00000	9.33273
79	9400.00000	9.33273
79	9600.00000	9.33273
79	9800.00000	9.55115
79	10000.00000	9.55115
79	10200.00000	9.55115
79	10400.00000	9.55115
79	10600.00000	9.47042
79	10800.00000	9.47042
79	11000.00000	9.47042
79	11200.00000	9.47042
79	11400.00000	9.47042
79	11600.00000	9.83425
79	11800.00000	9.83425
79	12000.00000	9.83425
79	12200.00000	9.83425
79	12400.00000	9.83425
79	12600.00000	9.92515
79	12800.00000	9.92515
79	13000.00000	9.92515
79	13200.00000	9.92515
79	13400.00000	9.92515
79	13600.00000	9.57021
79	13800.00000	9.57021
79	14000.00000	9.57021
79	14200.00000	9.57021
79	14400.00000	9.57021
79	14600.00000	9.48166
79	14800.00000	9.48166
79	15000.00000	9.48166
79	15200.00000	9.48166
79	15400.00000	8.91069
79	15600.00000	8.91069
79	15800.00000	8.91069
79	16000.00000	8.91069
79	16200.00000	8.91069
79	16400.00000	8.89680
79	16600.00000	8.89680
79	16800.00000	8.89680
79	17000.00000	8.89680
79	17200.00000	8.89680
79	17400.00000	8.52231
79	17600.00000	8.52231
79	17800.00000	8.52231
79	18000.00000	8.52231
79	18200.00000	8.52231
79	18400.00000	8.35143
79	18600.00000	8.35143
79	18800.00000	8.35143
79	19000.00000	8.35143
79	19200.00000	8.35143
79	19400.00000	8.57344
79	19600.00000	8.57344
79	19800.00000	8.57344
79	20000.00000	8.57344
80	0.00000	11.69894
80	200.00000	11.69894
80	400.00000	11.69894
80	600.00000	11.69894
80	800.00000	11.69894
80	1000.00000	11.61744
80	1200.00000	11.61744
80	1400.00000	11.61744
80	1600.00000	11.61744
80	1800.00000	11.61744
80	2000.00000	11.20556
80	2200.00000	11.20556
80	2400.00000	11.20556
80	2600.00000	11.20556
80	2800.00000	11.20556
80	3000.00000	10.53665
80	3200.00000	10.53665
80	3400.00000	10.53665
80	3600.00000	10.53665
80	3800.00000	10.53665
80	4000.00000	10.34546
80	4200.00000	10.34546
80	4400.00000	10.34546
80	4600.00000	10.34546
80	4800.00000	10.34546
80	5000.00000	10.32431
80	5200.00000	10.32431
80	5400.00000	10.32431
80	5600.00000	10.32431
80	5800.00000	10.23488
80	6000.00000	10.23488
80	6200.00000	10.23488
80	6400.00000	10.23488
80	6600.00000	10.23488
80	6800.00000	10.08204
80	7000.00000	10.08204
80	7200.00000	10.08204
80	7400.00000	10.08204
80	7600.00000	10.08204
80	7800.00000	9.77910
80	8000.00000	9.77910
80	8200.00000	9.77910
80	8400.00000	9.77910
80	8600.00000	9.77910
80	8800.00000	9.45484
80	9000.00000	9.45484
80	9200.00000	9.45484
80	9400.00000	9.45484
80	9600.00000	9.45484
80	9800.00000	9.22441
80	10000.00000	9.22441
80	10200.00000	9.22441
80	10400.00000	9.22441
80	10600.00000	9.46818
80	10800.00000	9.46818
80	11000.00000	9.46818
80	11200.00000	9.46818
80	11400.00000	9.46818
80	11600.00000	10.31637
80	11800.00000	10.31637
80	12000.00000	10.31637
80	12200.00000	10.31637
80	12400.00000	10.31637
80	12600.00000	10.00328
80	12800.00000	10.00328
80	13000.00000	10.00328
80	13200.00000	10.00328
80	13400.00000	10.00328
80	13600.00000	9.59706
80	13800.00000	9.59706
80	14000.00000	9.59706
80	14200.00000	9.59706
80	14400.00000	9.59706
80	14600.00000	9.70549
80	14800.00000	9.70549
80	15000.00000	9.70549
80	15200.00000	9.70549
80	15400.00000	9.08627
80	15600.00000	9.08627
80	15800.00000	9.08627
80	16000.00000	9.08627
80	16200.00000	9.08627
80	16400.00000	8.88487
80	16600.00000	8.88487
80	16800.00000	8.88487
80	17000.00000	8.88487
80	17200.00000	8.88487
80	17400.00000	8.90455
80	17600.00000	8.90455
80	17800.00000	8.90455
80	18000.00000	8.90455
80	18200.00000	8.90455
80	18400.00000	8.92113
80	18600.00000	8.92113
80	18800.00000	8.92113
80	19000.00000	8.92113
80	19200.00000	8.92113
80	19400.00000	8.69220
80	19600.00000	8.69220
80	19800.00000	8.69220
80	20000.00000	8.69220
81	0.00000	11.58675
81	200.00000	11.58675
81	400.00000	11.58675
81	600.00000	11.58675
81	800.00000	11.58675
81	1000.00000	11.79746
81	1200.00000	11.79746
81	1400.00000	11.79746
81	1600.00000	11.79746
81	1800.00000	11.79746
81	2000.00000	11.42482
81	2200.00000	11.42482
81	2400.00000	11.42482
81	2600.00000	11.42482
81	2800.00000	11.42482
81	3000.00000	10.57010
81	3200.00000	10.57010
81	3400.00000	10.57010
81	3600.00000	10.57010
81	3800.00000	10.57010
81	4000.00000	10.01284
81	4200.00000	10.01284
81	4400.00000	10.01284
81	4600.00000	10.01284
81	4800.00000	10.01284
81	5000.00000	10.53709
81	5200.00000	10.53709
81	5400.00000	10.53709
81	5600.00000	10.53709
81	5800.00000	10.08529
81	6000.00000	10.08529
81	6200.00000	10.08529
81	6400.00000	10.08529
81	6600.00000	10.08529
81	6800.00000	10.84985
81	7000.00000	10.84985
81	7200.00000	10.84985
81	7400.00000	10.84985
81	7600.00000	10.84985
81	7800.00000	9.65029
81	8000.00000	9.65029
81	8200.00000	9.65029
81	8400.00000	9.65029
81	8600.00000	9.65029
81	8800.00000	9.37256
81	9000.00000	9.37256
81	9200.00000	9.37256
81	9400.00000	9.37256
81	9600.00000	9.37256
81	9800.00000	9.14393
81	10000.00000	9.14393
81	10200.00000	9.14393
81	10400.00000	9.14393
81	10600.00000	9.90363
81	10800.00000	9.90363
81	11000.00000	9.90363
81	11200.00000	9.90363
81	11400.00000	9.90363
81	11600.00000	10.24035
81	11800.00000	10.24035
81	12000.00000	10.24035
81	12200.00000	10.24035
81	12400.00000	10.24035
81	12600.00000	10.39831
81	12800.00000	10.39831
81	13000.00000	10.39831
81	13200.00000	10.39831
81	13400.00000	10.39831
81	13600.00000	10.57841
81	13800.00000	10.57841
81	14000.00000	10.57841
81	14200.00000	10.57841
81	14400.00000	10.57841
81	14600.00000	9.79304
81	14800.00000	9.79304
81	15000.00000	9.79304
81	15200.00000	9.79304
81	15400.00000	9.29640
81	15600.00000	9.29640
81	15800.00000	9.29640
81	16000.00000	9.29640
81	16200.00000	9.29640
81	16400.00000	9.24897
81	16600.00000	9.24897
81	16800.00000	9.24897
81	17000.00000	9.24897
81	17200.00000	9.24897
81	17400.00000	8.98043
81	17600.00000	8.98043
81	17800.00000	8.98043
81	18000.00000	8.98043
81	18200.00000	8.98043
81	18400.00000	7.76618
81	18600.00000	7.76618
81	18800.00000	7.76618
81	19000.00000	7.76618
81	19200.00000	7.76618
81	19400.00000	9.51916
81	19600.00000	9.51916
81	19800.00000	9.51916
81	20000.00000	9.51916
82	0.00000	11.59028
82	200.00000	11.59028
82	400.00000	11.59028
82	600.00000	11.59028
82	800.00000	11.59028
82	1000.00000	11.65832
82	1200.00000	11.65832
82	1400.00000	11.65832
82	1600.00000	11.65832
82	1800.00000	11.65832
82	2000.00000	11.39520
82	2200.00000	11.39520
82	2400.00000	11.39520
82	2600.00000	11.39520
82	2800.00000	11.39520
82	3000.00000	10.57832
82	3200.00000	10.57832
82	3400.00000	10.57832
82	3600.00000	10.57832
82	3800.00000	10.57832
82	4000.00000	9.96026
82	4200.00000	9.96026
82	4400.00000	9.96026
82	4600.00000	9.96026
82	4800.00000	9.96026
82	5000.00000	10.40737
82	5200.00000	10.40737
82	5400.00000	10.40737
82	5600.00000	10.40737
82	5800.00000	10.13475
82	6000.00000	10.13475
82	6200.00000	10.13475
82	6400.00000	10.13475
82	6600.00000	10.13475
82	6800.00000	10.33986
82	7000.00000	10.33986
82	7200.00000	10.33986
82	7400.00000	10.33986
82	7600.00000	10.33986
82	7800.00000	9.58939
82	8000.00000	9.58939
82	8200.00000	9.58939
82	8400.00000	9.58939
82	8600.00000	9.58939
82	8800.00000	9.48705
82	9000.00000	9.48705
82	9200.00000	9.48705
82	9400.00000	9.48705
82	9600.00000	9.48705
82	9800.00000	9.14384
82	10000.00000	9.14384
82	10200.00000	9.14384
82	10400.00000	9.14384
82	10600.00000	9.46779
82	10800.00000	9.46779
82	11000.00000	9.46779
82	11200.00000	9.46779
82	11400.00000	9.46779
82	11600.00000	9.91428
82	11800.00000	9.91428
82	12000.00000	9.91428
82	12200.00000	9.91428
82	12400.00000	9.91428
82	12600.00000	9.96314
82	12800.00000	9.96314
82	13000.00000	9.96314
82	13200.00000	9.96314
82	13400.00000	9.96314
82	13600.00000	9.86554
82	13800.00000	9.86554
82	14000.00000	9.86554
82	14200.00000	9.86554
82	14400.00000	9.86554
82	14600.00000	9.60876
82	14800.00000	9.60876
82	15000.00000	9.60876
82	15200.00000	9.60876
82	15400.00000	9.32884
82	15600.00000	9.32884
82	15800.00000	9.32884
82	16000.00000	9.32884
82	16200.00000	9.32884
82	16400.00000	8.66366
82	16600.00000	8.66366
82	16800.00000	8.66366
82	17000.00000	8.66366
82	17200.00000	8.66366
82	17400.00000	8.50910
82	17600.00000	8.50910
82	17800.00000	8.50910
82	18000.00000	8.50910
82	18200.00000	8.50910
82	18400.00000	8.41323
82	18600.00000	8.41323
82	18800.00000	8.41323
82	19000.00000	8.41323
82	19200.00000	8.41323
82	19400.00000	8.96786
82	19600.00000	8.96786
82	19800.00000	8.96786
82	20000.00000	8.96786
83	0.00000	11.75410
83	200.00000	11.75410
83	400.00000	11.75410
83	600.00000	11.75410
83	800.00000	11.75410
83	1000.00000	11.49714
83	1200.00000	11.49714
83	1400.00000	11.49714
83	1600.00000	11.49714
83	1800.00000	11.49714
83	2000.00000	11.44511
83	2200.00000	11.44511
83	2400.00000	11.44511
83	2600.00000	11.44511
83	2800.00000	11.44511
83	3000.00000	10.80281
83	3200.00000	10.80281
83	3400.00000	10.80281
83	3600.00000	10.80281
83	3800.00000	10.80281
83	4000.00000	9.64507
83	4200.00000	9.64507
83	4400.00000	9.64507
83	4600.00000	9.64507
83	4800.00000	9.64507
83	5000.00000	10.42404
83	5200.00000	10.42404
83	5400.00000	10.42404
83	5600.00000	10.42404
83	5800.00000	10.48850
83	6000.00000	10.48850
83	6200.00000	10.48850
83	6400.00000	10.48850
83	6600.00000	10.48850
83	6800.00000	10.47612
83	7000.00000	10.47612
83	7200.00000	10.47612
83	7400.00000	10.47612
83	7600.00000	10.47612
83	7800.00000	9.53195
83	8000.00000	9.53195
83	8200.00000	9.53195
83	8400.00000	9.53195
83	8600.00000	9.53195
83	8800.00000	9.65707
83	9000.00000	9.65707
83	9200.00000	9.65707
83	9400.00000	9.65707
83	9600.00000	9.65707
83	9800.00000	10.39164
83	10000.00000	10.39164
83	10200.00000	10.39164
83	10400.00000	10.39164
83	10600.00000	9.25572
83	10800.00000	9.25572
83	11000.00000	9.25572
83	11200.00000	9.25572
83	11400.00000	9.25572
83	11600.00000	9.66632
83	11800.00000	9.66632
83	12000.00000	9.66632
83	12200.00000	9.66632
83	12400.00000	9.66632
83	12600.00000	9.90119
83	12800.00000	9.90119
83	13000.00000	9.90119
83	13200.00000	9.90119
83	13400.00000	9.90119
83	13600.00000	9.58956
83	13800.00000	9.58956
83	14000.00000	9.58956
83	14200.00000	9.58956
83	14400.00000	9.58956
83	14600.00000	9.30437
83	14800.00000	9.30437
83	15000.00000	9.30437
83	15200.00000	9.30437
83	15400.00000	9.15523
83	15600.00000	9.15523
83	15800.00000	9.15523
83	16000.00000	9.15523
83	16200.00000	9.15523
83	16400.00000	9.39821
83	16600.00000	9.39821
83	16800.00000	9.39821
83	17000.00000	9.39821
83	17200.00000	9.39821
83	17400.00000	8.20305
83	17600.00000	8.20305
83	17800.00000	8.20305
83	18000.00000	8.20305
83	18200.00000	8.20305
83	18400.00000	8.79873
83	18600.00000	8.79873
83	18800.00000	8.79873
83	19000.00000	8.79873
83	19200.00000	8.79873
83	19400.00000	8.91206
83	19600.00000	8.91206
83	19800.00000	8.91206
83	20000.00000	8.91206
84	0.00000	11.68845
84	200.00000	11.68845
84	400.00000	11.68845
84	600.00000	11.68845
84	800.00000	11.68845
84	1000.00000	11.31502
84	1200.00000	11.31502
84	1400.00000	11.31502
84	1600.00000	11.31502
84	1800.00000	11.31502
84	2000.00000	11.23112
84	2200.00000	11.23112
84	2400.00000	11.23112
84	2600.00000	11.23112
84	2800.00000	11.23112
84	3000.00000	10.68167
84	3200.00000	10.68167
84	3400.00000	10.68167
84	3600.00000	10.68167
84	3800.00000	10.68167
84	4000.00000	9.93177
84	4200.00000	9.93177
84	4400.00000	9.93177
84	4600.00000	9.93177
84	4800.00000	9.93177
84	5000.00000	10.73936
84	5200.00000	10.73936
84	5400.00000	10.73936
84	5600.00000	10.73936
84	5800.00000	10.32024
84	6000.00000	10.32024
84	6200.00000	10.32024
84	6400.00000	10.32024
84	6600.00000	10.32024
84	6800.00000	10.93398
84	7000.00000	10.93398
84	7200.00000	10.93398
84	7400.00000	10.93398
84	7600.00000	10.93398
84	7800.00000	9.03614
84	8000.00000	9.03614
84	8200.00000	9.03614
84	8400.00000	9.03614
84	8600.00000	9.03614
84	8800.00000	10.20264
84	9000.00000	10.20264
84	9200.00000	10.20264
84	9400.00000	10.20264
84	9600.00000	10.20264
84	9800.00000	9.74512
84	10000.00000	9.74512
84	10200.00000	9.74512
84	10400.00000	9.74512
84	10600.00000	9.68047
84	10800.00000	9.68047
84	11000.00000	9.68047
84	11200.00000	9.68047
84	11400.00000	9.68047
84	11600.00000	9.78273
84	11800.00000	9.78273
84	12000.00000	9.78273
84	12200.00000	9.78273
84	12400.00000	9.78273
84	12600.00000	9.79069
84	12800.00000	9.79069
84	13000.00000	9.79069
84	13200.00000	9.79069
84	13400.00000	9.79069
84	13600.00000	10.05056
84	13800.00000	10.05056
84	14000.00000	10.05056
84	14200.00000	10.05056
84	14400.00000	10.05056
84	14600.00000	10.42140
84	14800.00000	10.42140
84	15000.00000	10.42140
84	15200.00000	10.42140
84	15400.00000	9.68370
84	15600.00000	9.68370
84	15800.00000	9.68370
84	16000.00000	9.68370
84	16200.00000	9.68370
84	16400.00000	8.93172
84	16600.00000	8.93172
84	16800.00000	8.93172
84	17000.00000	8.93172
84	17200.00000	8.93172
84	17400.00000	8.23441
84	17600.00000	8.23441
84	17800.00000	8.23441
84	18000.00000	8.23441
84	18200.00000	8.23441
84	18400.00000	8.14172
84	18600.00000	8.14172
84	18800.00000	8.14172
84	19000.00000	8.14172
84	19200.00000	8.14172
84	19400.00000	9.31096
84	19600.00000	9.31096
84	19800.00000	9.31096
84	20000.00000	9.31096
85	0.00000	12.04733
85	200.00000	12.04733
85	400.00000	12.04733
85	600.00000	12.04733
85	800.00000	12.04733
85	1000.00000	11.35420
85	1200.00000	11.35420
85	1400.00000	11.35420
85	1600.00000	11.35420
85	1800.00000	11.35420
85	2000.00000	11.33994
85	2200.00000	11.33994
85	2400.00000	11.33994
85	2600.00000	11.33994
85	2800.00000	11.33994
85	3000.00000	10.45845
85	3200.00000	10.45845
85	3400.00000	10.45845
85	3600.00000	10.45845
85	3800.00000	10.45845
85	4000.00000	10.04060
85	4200.00000	10.04060
85	4400.00000	10.04060
85	4600.00000	10.04060
85	4800.00000	10.04060
85	5000.00000	9.79756
85	5200.00000	9.79756
85	5400.00000	9.79756
85	5600.00000	9.79756
85	5800.00000	10.62361
85	6000.00000	10.62361
85	6200.00000	10.62361
85	6400.00000	10.62361
85	6600.00000	10.62361
85	6800.00000	10.66702
85	7000.00000	10.66702
85	7200.00000	10.66702
85	7400.00000	10.66702
85	7600.00000	10.66702
85	7800.00000	9.15943
85	8000.00000	9.15943
85	8200.00000	9.15943
85	8400.00000	9.15943
85	8600.00000	9.15943
85	8800.00000	9.90763
85	9000.00000	9.90763
85	9200.00000	9.90763
85	9400.00000	9.90763
85	9600.00000	9.90763
85	9800.00000	9.46677
85	10000.00000	9.46677
85	10200.00000	9.46677
85	10400.00000	9.46677
85	10600.00000	9.35333
85	10800.00000	9.35333
85	11000.00000	9.35333
85	11200.00000	9.35333
85	11400.00000	9.35333
85	11600.00000	9.67145
85	11800.00000	9.67145
85	12000.00000	9.67145
85	12200.00000	9.67145
85	12400.00000	9.67145
85	12600.00000	10.04825
85	12800.00000	10.04825
85	13000.00000	10.04825
85	13200.00000	10.04825
85	13400.00000	10.04825
85	13600.00000	10.92338
85	13800.00000	10.92338
85	14000.00000	10.92338
85	14200.00000	10.92338
85	14400.00000	10.92338
85	14600.00000	9.55628
85	14800.00000	9.55628
85	15000.00000	9.55628
85	15200.00000	9.55628
85	15400.00000	9.43967
85	15600.00000	9.43967
85	15800.00000	9.43967
85	16000.00000	9.43967
85	16200.00000	9.43967
85	16400.00000	9.62796
85	16600.00000	9.62796
85	16800.00000	9.62796
85	17000.00000	9.62796
85	17200.00000	9.62796
85	17400.00000	8.54566
85	17600.00000	8.54566
85	17800.00000	8.54566
85	18000.00000	8.54566
85	18200.00000	8.54566
85	18400.00000	8.02593
85	18600.00000	8.02593
85	18800.00000	8.02593
85	19000.00000	8.02593
85	19200.00000	8.02593
85	19400.00000	8.54775
85	19600.00000	8.54775
85	19800.00000	8.54775
85	20000.00000	8.54775
86	0.00000	11.70192
86	200.00000	11.70192
86	400.00000	11.70192
86	600.00000	11.70192
86	800.00000	11.70192
86	1000.00000	11.57268
86	1200.00000	11.57268
86	1400.00000	11.57268
86	1600.00000	11.57268
86	1800.00000	11.57268
86	2000.00000	10.90806
86	2200.00000	10.90806
86	2400.00000	10.90806
86	2600.00000	10.90806
86	2800.00000	10.90806
86	3000.00000	10.80317
86	3200.00000	10.80317
86	3400.00000	10.80317
86	3600.00000	10.80317
86	3800.00000	10.80317
86	4000.00000	10.13610
86	4200.00000	10.13610
86	4400.00000	10.13610
86	4600.00000	10.13610
86	4800.00000	10.13610
86	5000.00000	10.08876
86	5200.00000	10.08876
86	5400.00000	10.08876
86	5600.00000	10.08876
86	5800.00000	10.67083
86	6000.00000	10.67083
86	6200.00000	10.67083
86	6400.00000	10.67083
86	6600.00000	10.67083
86	6800.00000	9.96791
86	7000.00000	9.96791
86	7200.00000	9.96791
86	7400.00000	9.96791
86	7600.00000	9.96791
86	7800.00000	9.53592
86	8000.00000	9.53592
86	8200.00000	9.53592
86	8400.00000	9.53592
86	8600.00000	9.53592
86	8800.00000	9.54737
86	9000.00000	9.54737
86	9200.00000	9.54737
86	9400.00000	9.54737
86	9600.00000	9.54737
86	9800.00000	9.44337
86	10000.00000	9.44337
86	10200.00000	9.44337
86	10400.00000	9.44337
86	10600.00000	9.57019
86	10800.00000	9.57019
86	11000.00000	9.57019
86	11200.00000	9.57019
86	11400.00000	9.57019
86	11600.00000	9.97588
86	11800.00000	9.97588
86	12000.00000	9.97588
86	12200.00000	9.97588
86	12400.00000	9.97588
86	12600.00000	9.97065
86	12800.00000	9.97065
86	13000.00000	9.97065
86	13200.00000	9.97065
86	13400.00000	9.97065
86	13600.00000	9.63905
86	13800.00000	9.63905
86	14000.00000	9.63905
86	14200.00000	9.63905
86	14400.00000	9.63905
86	14600.00000	9.70214
86	14800.00000	9.70214
86	15000.00000	9.70214
86	15200.00000	9.70214
86	15400.00000	8.99050
86	15600.00000	8.99050
86	15800.00000	8.99050
86	16000.00000	8.99050
86	16200.00000	8.99050
86	16400.00000	9.00953
86	16600.00000	9.00953
86	16800.00000	9.00953
86	17000.00000	9.00953
86	17200.00000	9.00953
86	17400.00000	8.37538
86	17600.00000	8.37538
86	17800.00000	8.37538
86	18000.00000	8.37538
86	18200.00000	8.37538
86	18400.00000	9.05788
86	18600.00000	9.05788
86	18800.00000	9.05788
86	19000.00000	9.05788
86	19200.00000	9.05788
86	19400.00000	8.67133
86	19600.00000	8.67133
86	19800.00000	8.67133
86	20000.00000	8.67133
87	0.00000	11.96598
87	200.00000	11.96598
87	400.00000	11.96598
87	600.00000	11.96598
87	800.00000	11.96598
87	1000.00000	11.50377
87	1200.00000	11.50377
87	1400.00000	11.50377
87	1600.00000	11.50377
87	1800.00000	11.50377
87	2000.00000	11.39990
87	2200.00000	11.39990
87	2400.00000	11.39990
87	2600.00000	11.39990
87	2800.00000	11.39990
87	3000.00000	10.56961
87	3200.00000	10.56961
87	3400.00000	10.56961
87	3600.00000	10.56961
87	3800.00000	10.56961
87	4000.00000	10.08472
87	4200.00000	10.08472
87	4400.00000	10.08472
87	4600.00000	10.08472
87	4800.00000	10.08472
87	5000.00000	10.32804
87	5200.00000	10.32804
87	5400.00000	10.32804
87	5600.00000	10.32804
87	5800.00000	10.63181
87	6000.00000	10.63181
87	6200.00000	10.63181
87	6400.00000	10.63181
87	6600.00000	10.63181
87	6800.00000	10.19493
87	7000.00000	10.19493
87	7200.00000	10.19493
87	7400.00000	10.19493
87	7600.00000	10.19493
87	7800.00000	9.57507
87	8000.00000	9.57507
87	8200.00000	9.57507
87	8400.00000	9.57507
87	8600.00000	9.57507
87	8800.00000	9.54317
87	9000.00000	9.54317
87	9200.00000	9.54317
87	9400.00000	9.54317
87	9600.00000	9.54317
87	9800.00000	10.07853
87	10000.00000	10.07853
87	10200.00000	10.07853
87	10400.00000	10.07853
87	10600.00000	9.18764
87	10800.00000	9.18764
87	11000.00000	9.18764
87	11200.00000	9.18764
87	11400.00000	9.18764
87	11600.00000	9.77364
87	11800.00000	9.77364
87	12000.00000	9.77364
87	12200.00000	9.77364
87	12400.00000	9.77364
87	12600.00000	9.86240
87	12800.00000	9.86240
87	13000.00000	9.86240
87	13200.00000	9.86240
87	13400.00000	9.86240
87	13600.00000	9.82049
87	13800.00000	9.82049
87	14000.00000	9.82049
87	14200.00000	9.82049
87	14400.00000	9.82049
87	14600.00000	9.86309
87	14800.00000	9.86309
87	15000.00000	9.86309
87	15200.00000	9.86309
87	15400.00000	9.71439
87	15600.00000	9.71439
87	15800.00000	9.71439
87	16000.00000	9.71439
87	16200.00000	9.71439
87	16400.00000	9.25216
87	16600.00000	9.25216
87	16800.00000	9.25216
87	17000.00000	9.25216
87	17200.00000	9.25216
87	17400.00000	7.89270
87	17600.00000	7.89270
87	17800.00000	7.89270
87	18000.00000	7.89270
87	18200.00000	7.89270
87	18400.00000	8.56335
87	18600.00000	8.56335
87	18800.00000	8.56335
87	19000.00000	8.56335
87	19200.00000	8.56335
87	19400.00000	9.01685
87	19600.00000	9.01685
87	19800.00000	9.01685
87	20000.00000	9.01685
88	0.00000	11.83244
88	200.00000	11.83244
88	400.00000	11.83244
88	600.00000	11.83244
88	800.00000	11.83244
88	1000.00000	11.26550
88	1200.00000	11.26550
88	1400.00000	11.26550
88	1600.00000	11.26550
88	1800.00000	11.26550
88	2000.00000	11.55515
88	2200.00000	11.55515
88	2400.00000	11.55515
88	2600.00000	11.55515
88	2800.00000	11.55515
88	3000.00000	10.50627
88	3200.00000	10.50627
88	3400.00000	10.50627
88	3600.00000	10.50627
88	3800.00000	10.50627
88	4000.00000	10.20493
88	4200.00000	10.20493
88	4400.00000	10.20493
88	4600.00000	10.20493
88	4800.00000	10.20493
88	5000.00000	10.40107
88	5200.00000	10.40107
88	5400.00000	10.40107
88	5600.00000	10.40107
88	5800.00000	10.57819
88	6000.00000	10.57819
88	6200.00000	10.57819
88	6400.00000	10.57819
88	6600.00000	10.57819
88	6800.00000	10.37313
88	7000.00000	10.37313
88	7200.00000	10.37313
88	7400.00000	10.37313
88	7600.00000	10.37313
88	7800.00000	9.86015
88	8000.00000	9.86015
88	8200.00000	9.86015
88	8400.00000	9.86015
88	8600.00000	9.86015
88	8800.00000	9.42884
88	9000.00000	9.42884
88	9200.00000	9.42884
88	9400.00000	9.42884
88	9600.00000	9.42884
88	9800.00000	9.52812
88	10000.00000	9.52812
88	10200.00000	9.52812
88	10400.00000	9.52812
88	10600.00000	9.39858
88	10800.00000	9.39858
88	11000.00000	9.39858
88	11200.00000	9.39858
88	11400.00000	9.39858
88	11600.00000	9.87937
88	11800.00000	9.87937
88	12000.00000	9.87937
88	12200.00000	9.87937
88	12400.00000	9.87937
88	12600.00000	9.90379
88	12800.00000	9.90379
88	13000.00000	9.90379
88	13200.00000	9.90379
88	13400.00000	9.90379
88	13600.00000	9.53255
88	13800.00000	9.53255
88	14000.00000	9.53255
88	14200.00000	9.53255
88	14400.00000	9.53255
88	14600.00000	9.48374
88	14800.00000	9.48374
88	15000.00000	9.48374
88	15200.00000	9.48374
88	15400.00000	9.85362
88	15600.00000	9.85362
88	15800.00000	9.85362
88	16000.00000	9.85362
88	16200.00000	9.85362
88	16400.00000	9.92139
88	16600.00000	9.92139
88	16800.00000	9.92139
88	17000.00000	9.92139
88	17200.00000	9.92139
88	17400.00000	9.05390
88	17600.00000	9.05390
88	17800.00000	9.05390
88	18000.00000	9.05390
88	18200.00000	9.05390
88	18400.00000	9.10556
88	18600.00000	9.10556
88	18800.00000	9.10556
88	19000.00000	9.10556
88	19200.00000	9.10556
88	19400.00000	8.68521
88	19600.00000	8.68521
88	19800.00000	8.68521
88	20000.00000	8.68521
89	0.00000	11.68347
89	200.00000	11.68347
89	400.00000	11.68347
89	600.00000	11.68347
89	800.00000	11.68347
89	1000.00000	11.95928
89	1200.00000	11.95928
89	1400.00000	11.95928
89	1600.00000	11.95928
89	1800.00000	11.95928
89	2000.00000	11.29620
89	2200.00000	11.29620
89	2400.00000	11.29620
89	2600.00000	11.29620
89	2800.00000	11.29620
89	3000.00000	10.61264
89	3200.00000	10.61264
89	3400.00000	10.61264
89	3600.00000	10.61264
89	3800.00000	10.61264
89	4000.00000	9.93248
89	4200.00000	9.93248
89	4400.00000	9.93248
89	4600.00000	9.93248
89	4800.00000	9.93248
89	5000.00000	10.57275
89	5200.00000	10.57275
89	5400.00000	10.57275
89	5600.00000	10.57275
89	5800.00000	10.55687
89	6000.00000	10.55687
89	6200.00000	10.55687
89	6400.00000	10.55687
89	6600.00000	10.55687
89	6800.00000	10.23228
89	7000.00000	10.23228
89	7200.00000	10.23228
89	7400.00000	10.23228
89	7600.00000	10.23228
89	7800.00000	9.36332
89	8000.00000	9.36332
89	8200.00000	9.36332
89	8400.00000	9.36332
89	8600.00000	9.36332
89	8800.00000	10.24354
89	9000.00000	10.24354
89	9200.00000	10.24354
89	9400.00000	10.24354
89	9600.00000	10.24354
89	9800.00000	9.85635
89	10000.00000	9.85635
89	10200.00000	9.85635
89	10400.00000	9.85635
89	10600.00000	9.14355
89	10800.00000	9.14355
89	11000.00000	9.14355
89	11200.00000	9.14355
89	11400.00000	9.14355
89	11600.00000	9.40016
89	11800.00000	9.40016
89	12000.00000	9.40016
89	12200.00000	9.40016
89	12400.00000	9.40016
89	12600.00000	9.59423
89	12800.00000	9.59423
89	13000.00000	9.59423
89	13200.00000	9.59423
89	13400.00000	9.59423
89	13600.00000	10.45293
89	13800.00000	10.45293
89	14000.00000	10.45293
89	14200.00000	10.45293
89	14400.00000	10.45293
89	14600.00000	10.54678
89	14800.00000	10.54678
89	15000.00000	10.54678
89	15200.00000	10.54678
89	15400.00000	9.34971
89	15600.00000	9.34971
89	15800.00000	9.34971
89	16000.00000	9.34971
89	16200.00000	9.34971
89	16400.00000	8.70798
89	16600.00000	8.70798
89	16800.00000	8.70798
89	17000.00000	8.70798
89	17200.00000	8.70798
89	17400.00000	8.54954
89	17600.00000	8.54954
89	17800.00000	8.54954
89	18000.00000	8.54954
89	18200.00000	8.54954
89	18400.00000	8.39793
89	18600.00000	8.39793
89	18800.00000	8.39793
89	19000.00000	8.39793
89	19200.00000	8.39793
89	19400.00000	8.46539
89	19600.00000	8.46539
89	19800.00000	8.46539
89	20000.00000	8.46539
90	0.00000	11.73035
90	200.00000	11.73035
90	400.00000	11.73035
90	600.00000	11.73035
90	800.00000	11.73035
90	1000.00000	11.40954
90	1200.00000	11.40954
90	1400.00000	11.40954
90	1600.00000	11.40954
90	1800.00000	11.40954
90	2000.00000	11.15075
90	2200.00000	11.15075
90	2400.00000	11.15075
90	2600.00000	11.15075
90	2800.00000	11.15075
90	3000.00000	10.91576
90	3200.00000	10.91576
90	3400.00000	10.91576
90	3600.00000	10.91576
90	3800.00000	10.91576
90	4000.00000	9.80222
90	4200.00000	9.80222
90	4400.00000	9.80222
90	4600.00000	9.80222
90	4800.00000	9.80222
90	5000.00000	10.36621
90	5200.00000	10.36621
90	5400.00000	10.36621
90	5600.00000	10.36621
90	5800.00000	10.41831
90	6000.00000	10.41831
90	6200.00000	10.41831
90	6400.00000	10.41831
90	6600.00000	10.41831
90	6800.00000	10.85733
90	7000.00000	10.85733
90	7200.00000	10.85733
90	7400.00000	10.85733
90	7600.00000	10.85733
90	7800.00000	9.43345
90	8000.00000	9.43345
90	8200.00000	9.43345
90	8400.00000	9.43345
90	8600.00000	9.43345
90	8800.00000	10.24233
90	9000.00000	10.24233
90	9200.00000	10.24233
90	9400.00000	10.24233
90	9600.00000	10.24233
90	9800.00000	10.03848
90	10000.00000	10.03848
90	10200.00000	10.03848
90	10400.00000	10.03848
90	10600.00000	9.30732
90	10800.00000	9.30732
90	11000.00000	9.30732
90	11200.00000	9.30732
90	11400.00000	9.30732
90	11600.00000	9.74850
90	11800.00000	9.74850
90	12000.00000	9.74850
90	12200.00000	9.74850
90	12400.00000	9.74850
90	12600.00000	9.91741
90	12800.00000	9.91741
90	13000.00000	9.91741
90	13200.00000	9.91741
90	13400.00000	9.91741
90	13600.00000	9.44348
90	13800.00000	9.44348
90	14000.00000	9.44348
90	14200.00000	9.44348
90	14400.00000	9.44348
90	14600.00000	9.78188
90	14800.00000	9.78188
90	15000.00000	9.78188
90	15200.00000	9.78188
90	15400.00000	9.42709
90	15600.00000	9.42709
90	15800.00000	9.42709
90	16000.00000	9.42709
90	16200.00000	9.42709
90	16400.00000	8.65724
90	16600.00000	8.65724
90	16800.00000	8.65724
90	17000.00000	8.65724
90	17200.00000	8.65724
90	17400.00000	8.09367
90	17600.00000	8.09367
90	17800.00000	8.09367
90	18000.00000	8.09367
90	18200.00000	8.09367
90	18400.00000	8.80704
90	18600.00000	8.80704
90	18800.00000	8.80704
90	19000.00000	8.80704
90	19200.00000	8.80704
90	19400.00000	9.03479
90	19600.00000	9.03479
90	19800.00000	9.03479
90	20000.00000	9.03479
91	0.00000	11.69086
91	200.00000	11.69086
91	400.00000	11.69086
91	600.00000	11.69086
91	800.00000	11.69086
91	1000.00000	11.61576
91	1200.00000	11.61576
91	1400.00000	11.61576
91	1600.00000	11.61576
91	1800.00000	11.61576
91	2000.00000	11.72875
91	2200.00000	11.72875
91	2400.00000	11.72875
91	2600.00000	11.72875
91	2800.00000	11.72875
91	3000.00000	10.63082
91	3200.00000	10.63082
91	3400.00000	10.63082
91	3600.00000	10.63082
91	3800.00000	10.63082
91	4000.00000	9.87200
91	4200.00000	9.87200
91	4400.00000	9.87200
91	4600.00000	9.87200
91	4800.00000	9.87200
91	5000.00000	10.43754
91	5200.00000	10.43754
91	5400.00000	10.43754
91	5600.00000	10.43754
91	5800.00000	10.71892
91	6000.00000	10.71892
91	6200.00000	10.71892
91	6400.00000	10.71892
91	6600.00000	10.71892
91	6800.00000	10.28619
91	7000.00000	10.28619
91	7200.00000	10.28619
91	7400.00000	10.28619
91	7600.00000	10.28619
91	7800.00000	9.07315
91	8000.00000	9.07315
91	8200.00000	9.07315
91	8400.00000	9.07315
91	8600.00000	9.07315
91	8800.00000	10.41248
91	9000.00000	10.41248
91	9200.00000	10.41248
91	9400.00000	10.41248
91	9600.00000	10.41248
91	9800.00000	10.37566
91	10000.00000	10.37566
91	10200.00000	10.37566
91	10400.00000	10.37566
91	10600.00000	8.73156
91	10800.00000	8.73156
91	11000.00000	8.73156
91	11200.00000	8.73156
91	11400.00000	8.73156
91	11600.00000	9.92916
91	11800.00000	9.92916
91	12000.00000	9.92916
91	12200.00000	9.92916
91	12400.00000	9.92916
91	12600.00000	10.61827
91	12800.00000	10.61827
91	13000.00000	10.61827
91	13200.00000	10.61827
91	13400.00000	10.61827
91	13600.00000	10.20782
91	13800.00000	10.20782
91	14000.00000	10.20782
91	14200.00000	10.20782
91	14400.00000	10.20782
91	14600.00000	9.59755
91	14800.00000	9.59755
91	15000.00000	9.59755
91	15200.00000	9.59755
91	15400.00000	8.56638
91	15600.00000	8.56638
91	15800.00000	8.56638
91	16000.00000	8.56638
91	16200.00000	8.56638
91	16400.00000	9.11243
91	16600.00000	9.11243
91	16800.00000	9.11243
91	17000.00000	9.11243
91	17200.00000	9.11243
91	17400.00000	9.02312
91	17600.00000	9.02312
91	17800.00000	9.02312
91	18000.00000	9.02312
91	18200.00000	9.02312
91	18400.00000	8.12220
91	18600.00000	8.12220
91	18800.00000	8.12220
91	19000.00000	8.12220
91	19200.00000	8.12220
91	19400.00000	8.67375
91	19600.00000	8.67375
91	19800.00000	8.67375
91	20000.00000	8.67375
92	0.00000	11.56501
92	200.00000	11.56501
92	400.00000	11.56501
92	600.00000	11.56501
92	800.00000	11.56501
92	1000.00000	11.61373
92	1200.00000	11.61373
92	1400.00000	11.61373
92	1600.00000	11.61373
92	1800.00000	11.61373
92	2000.00000	11.69938
92	2200.00000	11.69938
92	2400.00000	11.69938
92	2600.00000	11.69938
92	2800.00000	11.69938
92	3000.00000	10.65417
92	3200.00000	10.65417
92	3400.00000	10.65417
92	3600.00000	10.65417
92	3800.00000	10.65417
92	4000.00000	10.03280
92	4200.00000	10.03280
92	4400.00000	10.03280
92	4600.00000	10.03280
92	4800.00000	10.03280
92	5000.00000	10.39259
92	5200.00000	10.39259
92	5400.00000	10.39259
92	5600.00000	10.39259
92	5800.00000	10.57145
92	6000.00000	10.57145
92	6200.00000	10.57145
92	6400.00000	10.57145
92	6600.00000	10.57145
92	6800.00000	10.50036
92	7000.00000	10.50036
92	7200.00000	10.50036
92	7400.00000	10.50036
92	7600.00000	10.50036
92	7800.00000	9.16609
92	8000.00000	9.16609
92	8200.00000	9.16609
92	8400.00000	9.16609
92	8600.00000	9.16609
92	8800.00000	10.31089
92	9000.00000	10.31089
92	9200.00000	10.31089
92	9400.00000	10.31089
92	9600.00000	10.31089
92	9800.00000	10.07804
92	10000.00000	10.07804
92	10200.00000	10.07804
92	10400.00000	10.07804
92	10600.00000	8.85763
92	10800.00000	8.85763
92	11000.00000	8.85763
92	11200.00000	8.85763
92	11400.00000	8.85763
92	11600.00000	9.73690
92	11800.00000	9.73690
92	12000.00000	9.73690
92	12200.00000	9.73690
92	12400.00000	9.73690
92	12600.00000	9.67271
92	12800.00000	9.67271
92	13000.00000	9.67271
92	13200.00000	9.67271
92	13400.00000	9.67271
92	13600.00000	9.70299
92	13800.00000	9.70299
92	14000.00000	9.70299
92	14200.00000	9.70299
92	14400.00000	9.70299
92	14600.00000	9.18891
92	14800.00000	9.18891
92	15000.00000	9.18891
92	15200.00000	9.18891
92	15400.00000	8.83277
92	15600.00000	8.83277
92	15800.00000	8.83277
92	16000.00000	8.83277
92	16200.00000	8.83277
92	16400.00000	9.35823
92	16600.00000	9.35823
92	16800.00000	9.35823
92	17000.00000	9.35823
92	17200.00000	9.35823
92	17400.00000	8.05052
92	17600.00000	8.05052
92	17800.00000	8.05052
92	18000.00000	8.05052
92	18200.00000	8.05052
92	18400.00000	8.32079
92	18600.00000	8.32079
92	18800.00000	8.32079
92	19000.00000	8.32079
92	19200.00000	8.32079
92	19400.00000	9.33968
92	19600.00000	9.33968
92	19800.00000	9.33968
92	20000.00000	9.33968
93	0.00000	11.62109
93	200.00000	11.62109
93	400.00000	11.62109
93	600.00000	11.62109
93	800.00000	11.62109
93	1000.00000	11.74109
93	1200.00000	11.74109
93	1400.00000	11.74109
93	1600.00000	11.74109
93	1800.00000	11.74109
93	2000.00000	11.03662
93	2200.00000	11.03662
93	2400.00000	11.03662
93	2600.00000	11.03662
93	2800.00000	11.03662
93	3000.00000	10.73640
93	3200.00000	10.73640
93	3400.00000	10.73640
93	3600.00000	10.73640
93	3800.00000	10.73640
93	4000.00000	9.87299
93	4200.00000	9.87299
93	4400.00000	9.87299
93	4600.00000	9.87299
93	4800.00000	9.87299
93	5000.00000	10.38763
93	5200.00000	10.38763
93	5400.00000	10.38763
93	5600.00000	10.38763
93	5800.00000	10.97895
93	6000.00000	10.97895
93	6200.00000	10.97895
93	6400.00000	10.97895
93	6600.00000	10.97895
93	6800.00000	9.94033
93	7000.00000	9.94033
93	7200.00000	9.94033
93	7400.00000	9.94033
93	7600.00000	9.94033
93	7800.00000	9.26573
93	8000.00000	9.26573
93	8200.00000	9.26573
93	8400.00000	9.26573
93	8600.00000	9.26573
93	8800.00000	9.73914
93	9000.00000	9.73914
93	9200.00000	9.73914
93	9400.00000	9.73914
93	9600.00000	9.73914
93	9800.00000	9.80793
93	10000.00000	9.80793
93	10200.00000	9.80793
93	10400.00000	9.80793
93	10600.00000	9.19453
93	10800.00000	9.19453
93	11000.00000	9.19453
93	11200.00000	9.19453
93	11400.00000	9.19453
93	11600.00000	10.07750
93	11800.00000	10.07750
93	12000.00000	10.07750
93	12200.00000	10.07750
93	12400.00000	10.07750
93	12600.00000	10.06593
93	12800.00000	10.06593
93	13000.00000	10.06593
93	13200.00000	10.06593
93	13400.00000	10.06593
93	13600.00000	9.66093
93	13800.00000	9.66093
93	14000.00000	9.66093
93	14200.00000	9.66093
93	14400.00000	9.66093
93	14600.00000	10.53708
93	14800.00000	10.53708
93	15000.00000	10.53708
93	15200.00000	10.53708
93	15400.00000	8.82524
93	15600.00000	8.82524
93	15800.00000	8.82524
93	16000.00000	8.82524
93	16200.00000	8.82524
93	16400.00000	8.93774
93	16600.00000	8.93774
93	16800.00000	8.93774
93	17000.00000	8.93774
93	17200.00000	8.93774
93	17400.00000	8.44189
93	17600.00000	8.44189
93	17800.00000	8.44189
93	18000.00000	8.44189
93	18200.00000	8.44189
93	18400.00000	9.14669
93	18600.00000	9.14669
93	18800.00000	9.14669
93	19000.00000	9.14669
93	19200.00000	9.14669
93	19400.00000	9.48084
93	19600.00000	9.48084
93	19800.00000	9.48084
93	20000.00000	9.48084
94	0.00000	11.97756
94	200.00000	11.97756
94	400.00000	11.97756
94	600.00000	11.97756
94	800.00000	11.97756
94	1000.00000	11.55969
94	1200.00000	11.55969
94	1400.00000	11.55969
94	1600.00000	11.55969
94	1800.00000	11.55969
94	2000.00000	10.99097
94	2200.00000	10.99097
94	2400.00000	10.99097
94	2600.00000	10.99097
94	2800.00000	10.99097
94	3000.00000	10.59854
94	3200.00000	10.59854
94	3400.00000	10.59854
94	3600.00000	10.59854
94	3800.00000	10.59854
94	4000.00000	10.00334
94	4200.00000	10.00334
94	4400.00000	10.00334
94	4600.00000	10.00334
94	4800.00000	10.00334
94	5000.00000	10.31816
94	5200.00000	10.31816
94	5400.00000	10.31816
94	5600.00000	10.31816
94	5800.00000	11.01364
94	6000.00000	11.01364
94	6200.00000	11.01364
94	6400.00000	11.01364
94	6600.00000	11.01364
94	6800.00000	9.98458
94	7000.00000	9.98458
94	7200.00000	9.98458
94	7400.00000	9.98458
94	7600.00000	9.98458
94	7800.00000	9.54608
94	8000.00000	9.54608
94	8200.00000	9.54608
94	8400.00000	9.54608
94	8600.00000	9.54608
94	8800.00000	9.60584
94	9000.00000	9.60584
94	9200.00000	9.60584
94	9400.00000	9.60584
94	9600.00000	9.60584
94	9800.00000	9.40444
94	10000.00000	9.40444
94	10200.00000	9.40444
94	10400.00000	9.40444
94	10600.00000	9.57259
94	10800.00000	9.57259
94	11000.00000	9.57259
94	11200.00000	9.57259
94	11400.00000	9.57259
94	11600.00000	10.01630
94	11800.00000	10.01630
94	12000.00000	10.01630
94	12200.00000	10.01630
94	12400.00000	10.01630
94	12600.00000	10.13665
94	12800.00000	10.13665
94	13000.00000	10.13665
94	13200.00000	10.13665
94	13400.00000	10.13665
94	13600.00000	9.74068
94	13800.00000	9.74068
94	14000.00000	9.74068
94	14200.00000	9.74068
94	14400.00000	9.74068
94	14600.00000	9.60838
94	14800.00000	9.60838
94	15000.00000	9.60838
94	15200.00000	9.60838
94	15400.00000	8.99973
94	15600.00000	8.99973
94	15800.00000	8.99973
94	16000.00000	8.99973
94	16200.00000	8.99973
94	16400.00000	8.85305
94	16600.00000	8.85305
94	16800.00000	8.85305
94	17000.00000	8.85305
94	17200.00000	8.85305
94	17400.00000	8.78034
94	17600.00000	8.78034
94	17800.00000	8.78034
94	18000.00000	8.78034
94	18200.00000	8.78034
94	18400.00000	7.84455
94	18600.00000	7.84455
94	18800.00000	7.84455
94	19000.00000	7.84455
94	19200.00000	7.84455
94	19400.00000	8.42223
94	19600.00000	8.42223
94	19800.00000	8.42223
94	20000.00000	8.42223
95	0.00000	11.51999
95	200.00000	11.51999
95	400.00000	11.51999
95	600.00000	11.51999
95	800.00000	11.51999
95	1000.00000	12.43113
95	1200.00000	12.43113
95	1400.00000	12.43113
95	1600.00000	12.43113
95	1800.00000	12.43113
95	2000.00000	10.99298
95	2200.00000	10.99298
95	2400.00000	10.99298
95	2600.00000	10.99298
95	2800.00000	10.99298
95	3000.00000	11.23785
95	3200.00000	11.23785
95	3400.00000	11.23785
95	3600.00000	11.23785
95	3800.00000	11.23785
95	4000.00000	9.78637
95	4200.00000	9.78637
95	4400.00000	9.78637
95	4600.00000	9.78637
95	4800.00000	9.78637
95	5000.00000	10.28605
95	5200.00000	10.28605
95	5400.00000	10.28605
95	5600.00000	10.28605
95	5800.00000	10.58183
95	6000.00000	10.58183
95	6200.00000	10.58183
95	6400.00000	10.58183
95	6600.00000	10.58183
95	6800.00000	10.35324
95	7000.00000	10.35324
95	7200.00000	10.35324
95	7400.00000	10.35324
95	7600.00000	10.35324
95	7800.00000	9.40075
95	8000.00000	9.40075
95	8200.00000	9.40075
95	8400.00000	9.40075
95	8600.00000	9.40075
95	8800.00000	10.20627
95	9000.00000	10.20627
95	9200.00000	10.20627
95	9400.00000	10.20627
95	9600.00000	10.20627
95	9800.00000	9.32273
95	10000.00000	9.32273
95	10200.00000	9.32273
95	10400.00000	9.32273
95	10600.00000	9.39743
95	10800.00000	9.39743
95	11000.00000	9.39743
95	11200.00000	9.39743
95	11400.00000	9.39743
95	11600.00000	9.66492
95	11800.00000	9.66492
95	12000.00000	9.66492
95	12200.00000	9.66492
95	12400.00000	9.66492
95	12600.00000	10.05578
95	12800.00000	10.05578
95	13000.00000	10.05578
95	13200.00000	10.05578
95	13400.00000	10.05578
95	13600.00000	9.71541
95	13800.00000	9.71541
95	14000.00000	9.71541
95	14200.00000	9.71541
95	14400.00000	9.71541
95	14600.00000	10.07075
95	14800.00000	10.07075
95	15000.00000	10.07075
95	15200.00000	10.07075
95	15400.00000	8.70528
95	15600.00000	8.70528
95	15800.00000	8.70528
95	16000.00000	8.70528
95	16200.00000	8.70528
95	16400.00000	8.29923
95	16600.00000	8.29923
95	16800.00000	8.29923
95	17000.00000	8.29923
95	17200.00000	8.29923
95	17400.00000	8.34444
95	17600.00000	8.34444
95	17800.00000	8.34444
95	18000.00000	8.34444
95	18200.00000	8.34444
95	18400.00000	9.21355
95	18600.00000	9.21355
95	18800.00000	9.21355
95	19000.00000	9.21355
95	19200.00000	9.21355
95	19400.00000	8.18579
95	19600.00000	8.18579
95	19800.00000	8.18579
95	20000.00000	8.18579
96	0.00000	11.82411
96	200.00000	11.82411
96	400.00000	11.82411
96	600.00000	11.82411
96	800.00000	11.82411
96	1000.00000	11.32750
96	1200.00000	11.32750
96	1400.00000	11.32750
96	1600.00000	11.32750
96	1800.00000	11.32750
96	2000.00000	11.58825
96	2200.00000	11.58825
96	2400.00000	11.58825
96	2600.00000	11.58825
96	2800.00000	11.58825
96	3000.00000	10.76105
96	3200.00000	10.76105
96	3400.00000	10.76105
96	3600.00000	10.76105
96	3800.00000	10.76105
96	4000.00000	9.90299
96	4200.00000	9.90299
96	4400.00000	9.90299
96	4600.00000	9.90299
96	4800.00000	9.90299
96	5000.00000	10.26326
96	5200.00000	10.26326
96	5400.00000	10.26326
96	5600.00000	10.26326
96	5800.00000	10.51623
96	6000.00000	10.51623
96	6200.00000	10.51623
96	6400.00000	10.51623
96	6600.00000	10.51623
96	6800.00000	9.98787
96	7000.00000	9.98787
96	7200.00000	9.98787
96	7400.00000	9.98787
96	7600.00000	9.98787
96	7800.00000	9.59392
96	8000.00000	9.59392
96	8200.00000	9.59392
96	8400.00000	9.59392
96	8600.00000	9.59392
96	8800.00000	9.78858
96	9000.00000	9.78858
96	9200.00000	9.78858
96	9400.00000	9.78858
96	9600.00000	9.78858
96	9800.00000	9.64162
96	10000.00000	9.64162
96	10200.00000	9.64162
96	10400.00000	9.64162
96	10600.00000	9.29931
96	10800.00000	9.29931
96	11000.00000	9.29931
96	11200.00000	9.29931
96	11400.00000	9.29931
96	11600.00000	9.86166
96	11800.00000	9.86166
96	12000.00000	9.86166
96	12200.00000	9.86166
96	12400.00000	9.86166
96	12600.00000	9.67020
96	12800.00000	9.67020
96	13000.00000	9.67020
96	13200.00000	9.67020
96	13400.00000	9.67020
96	13600.00000	9.25072
96	13800.00000	9.25072
96	14000.00000	9.25072
96	14200.00000	9.25072
96	14400.00000	9.25072
96	14600.00000	9.37726
96	14800.00000	9.37726
96	15000.00000	9.37726
96	15200.00000	9.37726
96	15400.00000	9.28718
96	15600.00000	9.28718
96	15800.00000	9.28718
96	16000.00000	9.28718
96	16200.00000	9.28718
96	16400.00000	9.40786
96	16600.00000	9.40786
96	16800.00000	9.40786
96	17000.00000	9.40786
96	17200.00000	9.40786
96	17400.00000	9.03087
96	17600.00000	9.03087
96	17800.00000	9.03087
96	18000.00000	9.03087
96	18200.00000	9.03087
96	18400.00000	8.69251
96	18600.00000	8.69251
96	18800.00000	8.69251
96	19000.00000	8.69251
96	19200.00000	8.69251
96	19400.00000	8.87538
96	19600.00000	8.87538
96	19800.00000	8.87538
96	20000.00000	8.87538
97	0.00000	11.79775
97	200.00000	11.79775
97	400.00000	11.79775
97	600.00000	11.79775
97	800.00000	11.79775
97	1000.00000	11.74294
97	1200.00000	11.74294
97	1400.00000	11.74294
97	1600.00000	11.74294
97	1800.00000	11.74294
97	2000.00000	11.21087
97	2200.00000	11.21087
97	2400.00000	11.21087
97	2600.00000	11.21087
97	2800.00000	11.21087
97	3000.00000	10.73788
97	3200.00000	10.73788
97	3400.00000	10.73788
97	3600.00000	10.73788
97	3800.00000	10.73788
97	4000.00000	9.73454
97	4200.00000	9.73454
97	4400.00000	9.73454
97	4600.00000	9.73454
97	4800.00000	9.73454
97	5000.00000	9.98289
97	5200.00000	9.98289
97	5400.00000	9.98289
97	5600.00000	9.98289
97	5800.00000	10.71242
97	6000.00000	10.71242
97	6200.00000	10.71242
97	6400.00000	10.71242
97	6600.00000	10.71242
97	6800.00000	9.85427
97	7000.00000	9.85427
97	7200.00000	9.85427
97	7400.00000	9.85427
97	7600.00000	9.85427
97	7800.00000	9.46264
97	8000.00000	9.46264
97	8200.00000	9.46264
97	8400.00000	9.46264
97	8600.00000	9.46264
97	8800.00000	9.97272
97	9000.00000	9.97272
97	9200.00000	9.97272
97	9400.00000	9.97272
97	9600.00000	9.97272
97	9800.00000	9.12771
97	10000.00000	9.12771
97	10200.00000	9.12771
97	10400.00000	9.12771
97	10600.00000	9.33907
97	10800.00000	9.33907
97	11000.00000	9.33907
97	11200.00000	9.33907
97	11400.00000	9.33907
97	11600.00000	9.90632
97	11800.00000	9.90632
97	12000.00000	9.90632
97	12200.00000	9.90632
97	12400.00000	9.90632
97	12600.00000	9.46426
97	12800.00000	9.46426
97	13000.00000	9.46426
97	13200.00000	9.46426
97	13400.00000	9.46426
97	13600.00000	9.63905
97	13800.00000	9.63905
97	14000.00000	9.63905
97	14200.00000	9.63905
97	14400.00000	9.63905
97	14600.00000	9.51161
97	14800.00000	9.51161
97	15000.00000	9.51161
97	15200.00000	9.51161
97	15400.00000	9.28967
97	15600.00000	9.28967
97	15800.00000	9.28967
97	16000.00000	9.28967
97	16200.00000	9.28967
97	16400.00000	9.36405
97	16600.00000	9.36405
97	16800.00000	9.36405
97	17000.00000	9.36405
97	17200.00000	9.36405
97	17400.00000	8.70539
97	17600.00000	8.70539
97	17800.00000	8.70539
97	18000.00000	8.70539
97	18200.00000	8.70539
97	18400.00000	8.56800
97	18600.00000	8.56800
97	18800.00000	8.56800
97	19000.00000	8.56800
97	19200.00000	8.56800
97	19400.00000	8.59478
97	19600.00000	8.59478
97	19800.00000	8.59478
97	20000.00000	8.59478
98	0.00000	11.67898
98	200.00000	11.67898
98	400.00000	11.67898
98	600.00000	11.67898
98	800.00000	11.67898
98	1000.00000	11.48905
98	1200.00000	11.48905
98	1400.00000	11.48905
98	1600.00000	11.48905
98	1800.00000	11.48905
98	2000.00000	11.23599
98	2200.00000	11.23599
98	2400.00000	11.23599
98	2600.00000	11.23599
98	2800.00000	11.23599
98	3000.00000	10.66949
98	3200.00000	10.66949
98	3400.00000	10.66949
98	3600.00000	10.66949
98	3800.00000	10.66949
98	4000.00000	9.77019
98	4200.00000	9.77019
98	4400.00000	9.77019
98	4600.00000	9.77019
98	4800.00000	9.77019
98	5000.00000	10.69382
98	5200.00000	10.69382
98	5400.00000	10.69382
98	5600.00000	10.69382
98	5800.00000	11.41355
98	6000.00000	11.41355
98	6200.00000	11.41355
98	6400.00000	11.41355
98	6600.00000	11.41355
98	6800.00000	10.19064
98	7000.00000	10.19064
98	7200.00000	10.19064
98	7400.00000	10.19064
98	7600.00000	10.19064
98	7800.00000	9.78803
98	8000.00000	9.78803
98	8200.00000	9.78803
98	8400.00000	9.78803
98	8600.00000	9.78803
98	8800.00000	9.41836
98	9000.00000	9.41836
98	9200.00000	9.41836
98	9400.00000	9.41836
98	9600.00000	9.41836
98	9800.00000	9.32067
98	10000.00000	9.32067
98	10200.00000	9.32067
98	10400.00000	9.32067
98	10600.00000	9.45761
98	10800.00000	9.45761
98	11000.00000	9.45761
98	11200.00000	9.45761
98	11400.00000	9.45761
98	11600.00000	9.62910
98	11800.00000	9.62910
98	12000.00000	9.62910
98	12200.00000	9.62910
98	12400.00000	9.62910
98	12600.00000	10.01906
98	12800.00000	10.01906
98	13000.00000	10.01906
98	13200.00000	10.01906
98	13400.00000	10.01906
98	13600.00000	10.40499
98	13800.00000	10.40499
98	14000.00000	10.40499
98	14200.00000	10.40499
98	14400.00000	10.40499
98	14600.00000	10.33135
98	14800.00000	10.33135
98	15000.00000	10.33135
98	15200.00000	10.33135
98	15400.00000	10.11659
98	15600.00000	10.11659
98	15800.00000	10.11659
98	16000.00000	10.11659
98	16200.00000	10.11659
98	16400.00000	8.83745
98	16600.00000	8.83745
98	16800.00000	8.83745
98	17000.00000	8.83745
98	17200.00000	8.83745
98	17400.00000	8.74629
98	17600.00000	8.74629
98	17800.00000	8.74629
98	18000.00000	8.74629
98	18200.00000	8.74629
98	18400.00000	8.36443
98	18600.00000	8.36443
98	18800.00000	8.36443
98	19000.00000	8.36443
98	19200.00000	8.36443
98	19400.00000	8.82849
98	19600.00000	8.82849
98	19800.00000	8.82849
98	20000.00000	8.82849
99	0.00000	11.57696
99	200.00000	11.57696
99	400.00000	11.57696
99	600.00000	11.57696
99	800.00000	11.57696
99	1000.00000	11.37691
99	1200.00000	11.37691
99	1400.00000	11.37691
99	1600.00000	11.37691
99	1800.00000	11.37691
99	2000.00000	11.42461
99	2200.00000	11.42461
99	2400.00000	11.42461
99	2600.00000	11.42461
99	2800.00000	11.42461
99	3000.00000	10.53284
99	3200.00000	10.53284
99	3400.00000	10.53284
99	3600.00000	10.53284
99	3800.00000	10.53284
99	4000.00000	9.98633
99	4200.00000	9.98633
99	4400.00000	9.98633
99	4600.00000	9.98633
99	4800.00000	9.98633
99	5000.00000	10.10727
99	5200.00000	10.10727
99	5400.00000	10.10727
99	5600.00000	10.10727
99	5800.00000	10.38660
99	6000.00000	10.38660
99	6200.00000	10.38660
99	6400.00000	10.38660
99	6600.00000	10.38660
99	6800.00000	10.13692
99	7000.00000	10.13692
99	7200.00000	10.13692
99	7400.00000	10.13692
99	7600.00000	10.13692
99	7800.00000	10.06219
99	8000.00000	10.06219
99	8200.00000	10.06219
99	8400.00000	10.06219
99	8600.00000	10.06219
99	8800.00000	9.14208
99	9000.00000	9.14208
99	9200.00000	9.14208
99	9400.00000	9.14208
99	9600.00000	9.14208
99	9800.00000	9.53146
99	10000.00000	9.53146
99	10200.00000	9.53146
99	10400.00000	9.53146
99	10600.00000	9.67066
99	10800.00000	9.67066
99	11000.00000	9.67066
99	11200.00000	9.67066
99	11400.00000	9.67066
99	11600.00000	9.77720
99	11800.00000	9.77720
99	12000.00000	9.77720
99	12200.00000	9.77720
99	12400.00000	9.77720
99	12600.00000	10.12392
99	12800.00000	10.12392
99	13000.00000	10.12392
99	13200.00000	10.12392
99	13400.00000	10.12392
99	13600.00000	10.52570
99	13800.00000	10.52570
99	14000.00000	10.52570
99	14200.00000	10.52570
99	14400.00000	10.52570
99	14600.00000	10.01111
99	14800.00000	10.01111
99	15000.00000	10.01111
99	15200.00000	10.01111
99	15400.00000	9.27839
99	15600.00000	9.27839
99	15800.00000	9.27839
99	16000.00000	9.27839
99	16200.00000	9.27839
99	16400.00000	8.65965
99	16600.00000	8.65965
99	16800.00000	8.65965
99	17000.00000	8.65965
99	17200.00000	8.65965
99	17400.00000	9.18832
99	17600.00000	9.18832
99	17800.00000	9.18832
99	18000.00000	9.18832
99	18200.00000	9.18832
99	18400.00000	8.27142
99	18600.00000	8.27142
99	18800.00000	8.27142
99	19000.00000	8.27142
99	19200.00000	8.27142
99	19400.00000	8.83686
99	19600.00000	8.83686
99	19800.00000	8.83686
99	20000.00000	8.83686
100	0.00000	11.78925
100	200.00000	11.78925
100	400.00000	11.78925
100	600.00000	11.78925
100	800.00000	11.78925
100	1000.00000	11.69359
100	1200.00000	11.69359
100	1400.00000	11.69359
100	1600.00000	11.69359
100	1800.00000	11.69359
100	2000.00000	11.34093
100	2200.00000	11.34093
100	2400.00000	11.34093
100	2600.00000	11.34093
100	2800.00000	11.34093
100	3000.00000	10.30762
100	3200.00000	10.30762
100	3400.00000	10.30762
100	3600.00000	10.30762
100	3800.00000	10.30762
100	4000.00000	9.93809
100	4200.00000	9.93809
100	4400.00000	9.93809
100	4600.00000	9.93809
100	4800.00000	9.93809
100	5000.00000	10.24794
100	5200.00000	10.24794
100	5400.00000	10.24794
100	5600.00000	10.24794
100	5800.00000	10.88955
100	6000.00000	10.88955
100	6200.00000	10.88955
100	6400.00000	10.88955
100	6600.00000	10.88955
100	6800.00000	10.24037
100	7000.00000	10.24037
100	7200.00000	10.24037
100	7400.00000	10.24037
100	7600.00000	10.24037
100	7800.00000	9.42053
100	8000.00000	9.42053
100	8200.00000	9.42053
100	8400.00000	9.42053
100	8600.00000	9.42053
100	8800.00000	10.41746
100	9000.00000	10.41746
100	9200.00000	10.41746
100	9400.00000	10.41746
100	9600.00000	10.41746
100	9800.00000	9.38247
100	10000.00000	9.38247
100	10200.00000	9.38247
100	10400.00000	9.38247
100	10600.00000	8.97615
100	10800.00000	8.97615
100	11000.00000	8.97615
100	11200.00000	8.97615
100	11400.00000	8.97615
100	11600.00000	9.59095
100	11800.00000	9.59095
100	12000.00000	9.59095
100	12200.00000	9.59095
100	12400.00000	9.59095
100	12600.00000	9.15550
100	12800.00000	9.15550
100	13000.00000	9.15550
100	13200.00000	9.15550
100	13400.00000	9.15550
100	13600.00000	11.01479
100	13800.00000	11.01479
100	14000.00000	11.01479
100	14200.00000	11.01479
100	14400.00000	11.01479
100	14600.00000	9.25228
100	14800.00000	9.25228
100	15000.00000	9.25228
100	15200.00000	9.25228
100	15400.00000	9.13759
100	15600.00000	9.13759
100	15800.00000	9.13759
100	16000.00000	9.13759
100	16200.00000	9.13759
100	16400.00000	8.69734
100	16600.00000	8.69734
100	16800.00000	8.69734
100	17000.00000	8.69734
100	17200.00000	8.69734
100	17400.00000	8.44431
100	17600.00000	8.44431
100	17800.00000	8.44431
100	18000.00000	8.44431
100	18200.00000	8.44431
100	18400.00000	9.34653
100	18600.00000	9.34653
100	18800.00000	9.34653
100	19000.00000	9.34653
100	19200.00000	9.34653
100	19400.00000	9.32045
100	19600.00000	9.32045
100	19800.00000	9.32045
100	20000.00000	9.32045
101	0.00000	11.48880
101	200.00000	11.48880
101	400.00000	11.48880
101	600.00000	11.48880
101	800.00000	11.48880
101	1000.00000	11.69270
101	1200.00000	11.69270
101	1400.00000	11.69270
101	1600.00000	11.69270
101	1800.00000	11.69270
101	2000.00000	11.29129
101	2200.00000	11.29129
101	2400.00000	11.29129
101	2600.00000	11.29129
101	2800.00000	11.29129
101	3000.00000	11.16479
101	3200.00000	11.16479
101	3400.00000	11.16479
101	3600.00000	11.16479
101	3800.00000	11.16479
101	4000.00000	9.88631
101	4200.00000	9.88631
101	4400.00000	9.88631
101	4600.00000	9.88631
101	4800.00000	9.88631
101	5000.00000	10.32962
101	5200.00000	10.32962
101	5400.00000	10.32962
101	5600.00000	10.32962
101	5800.00000	10.71705
101	6000.00000	10.71705
101	6200.00000	10.71705
101	6400.00000	10.71705
101	6600.00000	10.71705
101	6800.00000	10.28741
101	7000.00000	10.28741
101	7200.00000	10.28741
101	7400.00000	10.28741
101	7600.00000	10.28741
101	7800.00000	9.96147
101	8000.00000	9.96147
101	8200.00000	9.96147
101	8400.00000	9.96147
101	8600.00000	9.96147
101	8800.00000	9.12689
101	9000.00000	9.12689
101	9200.00000	9.12689
101	9400.00000	9.12689
101	9600.00000	9.12689
101	9800.00000	10.34871
101	10000.00000	10.34871
101	10200.00000	10.34871
101	10400.00000	10.34871
101	10600.00000	8.79759
101	10800.00000	8.79759
101	11000.00000	8.79759
101	11200.00000	8.79759
101	11400.00000	8.79759
101	11600.00000	9.51722
101	11800.00000	9.51722
101	12000.00000	9.51722
101	12200.00000	9.51722
101	12400.00000	9.51722
101	12600.00000	9.87929
101	12800.00000	9.87929
101	13000.00000	9.87929
101	13200.00000	9.87929
101	13400.00000	9.87929
101	13600.00000	9.37420
101	13800.00000	9.37420
101	14000.00000	9.37420
101	14200.00000	9.37420
101	14400.00000	9.37420
101	14600.00000	9.99666
101	14800.00000	9.99666
101	15000.00000	9.99666
101	15200.00000	9.99666
101	15400.00000	8.95721
101	15600.00000	8.95721
101	15800.00000	8.95721
101	16000.00000	8.95721
101	16200.00000	8.95721
101	16400.00000	8.58718
101	16600.00000	8.58718
101	16800.00000	8.58718
101	17000.00000	8.58718
101	17200.00000	8.58718
101	17400.00000	8.74061
101	17600.00000	8.74061
101	17800.00000	8.74061
101	18000.00000	8.74061
101	18200.00000	8.74061
101	18400.00000	8.77429
101	18600.00000	8.77429
101	18800.00000	8.77429
101	19000.00000	8.77429
101	19200.00000	8.77429
101	19400.00000	9.01952
101	19600.00000	9.01952
101	19800.00000	9.01952
101	20000.00000	9.01952
102	0.00000	11.51189
102	200.00000	11.51189
102	400.00000	11.51189
102	600.00000	11.51189
102	800.00000	11.51189
102	1000.00000	11.44626
102	1200.00000	11.44626
102	1400.00000	11.44626
102	1600.00000	11.44626
102	1800.00000	11.44626
102	2000.00000	11.08387
102	2200.00000	11.08387
102	2400.00000	11.08387
102	2600.00000	11.08387
102	2800.00000	11.08387
102	3000.00000	10.78777
102	3200.00000	10.78777
102	3400.00000	10.78777
102	3600.00000	10.78777
102	3800.00000	10.78777
102	4000.00000	10.12191
102	4200.00000	10.12191
102	4400.00000	10.12191
102	4600.00000	10.12191
102	4800.00000	10.12191
102	5000.00000	10.43400
102	5200.00000	10.43400
102	5400.00000	10.43400
102	5600.00000	10.43400
102	5800.00000	10.59480
102	6000.00000	10.59480
102	6200.00000	10.59480
102	6400.00000	10.59480
102	6600.00000	10.59480
102	6800.00000	10.11645
102	7000.00000	10.11645
102	7200.00000	10.11645
102	7400.00000	10.11645
102	7600.00000	10.11645
102	7800.00000	9.81095
102	8000.00000	9.81095
102	8200.00000	9.81095
102	8400.00000	9.81095
102	8600.00000	9.81095
102	8800.00000	9.48542
102	9000.00000	9.48542
102	9200.00000	9.48542
102	9400.00000	9.48542
102	9600.00000	9.48542
102	9800.00000	9.48630
102	10000.00000	9.48630
102	10200.00000	9.48630
102	10400.00000	9.48630
102	10600.00000	9.38933
102	10800.00000	9.38933
102	11000.00000	9.38933
102	11200.00000	9.38933
102	11400.00000	9.38933
102	11600.00000	9.78440
102	11800.00000	9.78440
102	12000.00000	9.78440
102	12200.00000	9.78440
102	12400.00000	9.78440
102	12600.00000	10.22694
102	12800.00000	10.22694
102	13000.00000	10.22694
102	13200.00000	10.22694
102	13400.00000	10.22694
102	13600.00000	10.12336
102	13800.00000	10.12336
102	14000.00000	10.12336
102	14200.00000	10.12336
102	14400.00000	10.12336
102	14600.00000	9.55776
102	14800.00000	9.55776
102	15000.00000	9.55776
102	15200.00000	9.55776
102	15400.00000	8.95920
102	15600.00000	8.95920
102	15800.00000	8.95920
102	16000.00000	8.95920
102	16200.00000	8.95920
102	16400.00000	8.63430
102	16600.00000	8.63430
102	16800.00000	8.63430
102	17000.00000	8.63430
102	17200.00000	8.63430
102	17400.00000	8.86392
102	17600.00000	8.86392
102	17800.00000	8.86392
102	18000.00000	8.86392
102	18200.00000	8.86392
102	18400.00000	8.46882
102	18600.00000	8.46882
102	18800.00000	8.46882
102	19000.00000	8.46882
102	19200.00000	8.46882
102	19400.00000	8.31324
102	19600.00000	8.31324
102	19800.00000	8.31324
102	20000.00000	8.31324
103	0.00000	11.56774
103	200.00000	11.56774
103	400.00000	11.56774
103	600.00000	11.56774
103	800.00000	11.56774
103	1000.00000	11.85480
103	1200.00000	11.85480
103	1400.00000	11.85480
103	1600.00000	11.85480
103	1800.00000	11.85480
103	2000.00000	11.33490
103	2200.00000	11.33490
103	2400.00000	11.33490
103	2600.00000	11.33490
103	2800.00000	11.33490
103	3000.00000	10.76948
103	3200.00000	10.76948
103	3400.00000	10.76948
103	3600.00000	10.76948
103	3800.00000	10.76948
103	4000.00000	9.91619
103	4200.00000	9.91619
103	4400.00000	9.91619
103	4600.00000	9.91619
103	4800.00000	9.91619
103	5000.00000	10.19698
103	5200.00000	10.19698
103	5400.00000	10.19698
103	5600.00000	10.19698
103	5800.00000	10.85268
103	6000.00000	10.85268
103	6200.00000	10.85268
103	6400.00000	10.85268
103	6600.00000	10.85268
103	6800.00000	10.40276
103	7000.00000	10.40276
103	7200.00000	10.40276
103	7400.00000	10.40276
103	7600.00000	10.40276
103	7800.00000	9.77306
103	8000.00000	9.77306
103	8200.00000	9.77306
103	8400.00000	9.77306
103	8600.00000	9.77306
103	8800.00000	9.57080
103	9000.00000	9.57080
103	9200.00000	9.57080
103	9400.00000	9.57080
103	9600.00000	9.57080
103	9800.00000	9.51756
103	10000.00000	9.51756
103	10200.00000	9.51756
103	10400.00000	9.51756
103	10600.00000	9.00096
103	10800.00000	9.00096
103	11000.00000	9.00096
103	11200.00000	9.00096
103	11400.00000	9.00096
103	11600.00000	9.47371
103	11800.00000	9.47371
103	12000.00000	9.47371
103	12200.00000	9.47371
103	12400.00000	9.47371
103	12600.00000	10.27546
103	12800.00000	10.27546
103	13000.00000	10.27546
103	13200.00000	10.27546
103	13400.00000	10.27546
103	13600.00000	9.99453
103	13800.00000	9.99453
103	14000.00000	9.99453
103	14200.00000	9.99453
103	14400.00000	9.99453
103	14600.00000	9.35032
103	14800.00000	9.35032
103	15000.00000	9.35032
103	15200.00000	9.35032
103	15400.00000	9.50983
103	15600.00000	9.50983
103	15800.00000	9.50983
103	16000.00000	9.50983
103	16200.00000	9.50983
103	16400.00000	9.12549
103	16600.00000	9.12549
103	16800.00000	9.12549
103	17000.00000	9.12549
103	17200.00000	9.12549
103	17400.00000	8.57529
103	17600.00000	8.57529
103	17800.00000	8.57529
103	18000.00000	8.57529
103	18200.00000	8.57529
103	18400.00000	8.48292
103	18600.00000	8.48292
103	18800.00000	8.48292
103	19000.00000	8.48292
103	19200.00000	8.48292
103	19400.00000	8.87860
103	19600.00000	8.87860
103	19800.00000	8.87860
103	20000.00000	8.87860
104	0.00000	11.66670
104	200.00000	11.66670
104	400.00000	11.66670
104	600.00000	11.66670
104	800.00000	11.66670
104	1000.00000	11.39110
104	1200.00000	11.39110
104	1400.00000	11.39110
104	1600.00000	11.39110
104	1800.00000	11.39110
104	2000.00000	11.27676
104	2200.00000	11.27676
104	2400.00000	11.27676
104	2600.00000	11.27676
104	2800.00000	11.27676
104	3000.00000	10.89370
104	3200.00000	10.89370
104	3400.00000	10.89370
104	3600.00000	10.89370
104	3800.00000	10.89370
104	4000.00000	9.99661
104	4200.00000	9.99661
104	4400.00000	9.99661
104	4600.00000	9.99661
104	4800.00000	9.99661
104	5000.00000	10.21174
104	5200.00000	10.21174
104	5400.00000	10.21174
104	5600.00000	10.21174
104	5800.00000	10.39752
104	6000.00000	10.39752
104	6200.00000	10.39752
104	6400.00000	10.39752
104	6600.00000	10.39752
104	6800.00000	9.90779
104	7000.00000	9.90779
104	7200.00000	9.90779
104	7400.00000	9.90779
104	7600.00000	9.90779
104	7800.00000	9.94164
104	8000.00000	9.94164
104	8200.00000	9.94164
104	8400.00000	9.94164
104	8600.00000	9.94164
104	8800.00000	9.38197
104	9000.00000	9.38197
104	9200.00000	9.38197
104	9400.00000	9.38197
104	9600.00000	9.38197
104	9800.00000	9.49421
104	10000.00000	9.49421
104	10200.00000	9.49421
104	10400.00000	9.49421
104	10600.00000	9.42350
104	10800.00000	9.42350
104	11000.00000	9.42350
104	11200.00000	9.42350
104	11400.00000	9.42350
104	11600.00000	10.31054
104	11800.00000	10.31054
104	12000.00000	10.31054
104	12200.00000	10.31054
104	12400.00000	10.31054
104	12600.00000	10.14495
104	12800.00000	10.14495
104	13000.00000	10.14495
104	13200.00000	10.14495
104	13400.00000	10.14495
104	13600.00000	9.61126
104	13800.00000	9.61126
104	14000.00000	9.61126
104	14200.00000	9.61126
104	14400.00000	9.61126
104	14600.00000	9.23355
104	14800.00000	9.23355
104	15000.00000	9.23355
104	15200.00000	9.23355
104	15400.00000	9.15620
104	15600.00000	9.15620
104	15800.00000	9.15620
104	16000.00000	9.15620
104	16200.00000	9.15620
104	16400.00000	9.05362
104	16600.00000	9.05362
104	16800.00000	9.05362
104	17000.00000	9.05362
104	17200.00000	9.05362
104	17400.00000	8.80950
104	17600.00000	8.80950
104	17800.00000	8.80950
104	18000.00000	8.80950
104	18200.00000	8.80950
104	18400.00000	8.72616
104	18600.00000	8.72616
104	18800.00000	8.72616
104	19000.00000	8.72616
104	19200.00000	8.72616
104	19400.00000	8.02199
104	19600.00000	8.02199
104	19800.00000	8.02199
104	20000.00000	8.02199
105	0.00000	11.89629
105	200.00000	11.89629
105	400.00000	11.89629
105	600.00000	11.89629
105	800.00000	11.89629
105	1000.00000	11.58595
105	1200.00000	11.58595
105	1400.00000	11.58595
105	1600.00000	11.58595
105	1800.00000	11.58595
105	2000.00000	11.46778
105	2200.00000	11.46778
105	2400.00000	11.46778
105	2600.00000	11.46778
105	2800.00000	11.46778
105	3000.00000	10.42426
105	3200.00000	10.42426
105	3400.00000	10.42426
105	3600.00000	10.42426
105	3800.00000	10.42426
105	4000.00000	10.31878
105	4200.00000	10.31878
105	4400.00000	10.31878
105	4600.00000	10.31878
105	4800.00000	10.31878
105	5000.00000	10.29552
105	5200.00000	10.29552
105	5400.00000	10.29552
105	5600.00000	10.29552
105	5800.00000	10.41801
105	6000.00000	10.41801
105	6200.00000	10.41801
105	6400.00000	10.41801
105	6600.00000	10.41801
105	6800.00000	10.06148
105	7000.00000	10.06148
105	7200.00000	10.06148
105	7400.00000	10.06148
105	7600.00000	10.06148
105	7800.00000	9.32574
105	8000.00000	9.32574
105	8200.00000	9.32574
105	8400.00000	9.32574
105	8600.00000	9.32574
105	8800.00000	9.75413
105	9000.00000	9.75413
105	9200.00000	9.75413
105	9400.00000	9.75413
105	9600.00000	9.75413
105	9800.00000	9.01220
105	10000.00000	9.01220
105	10200.00000	9.01220
105	10400.00000	9.01220
105	10600.00000	9.83819
105	10800.00000	9.83819
105	11000.00000	9.83819
105	11200.00000	9.83819
105	11400.00000	9.83819
105	11600.00000	9.88153
105	11800.00000	9.88153
105	12000.00000	9.88153
105	12200.00000	9.88153
105	12400.00000	9.88153
105	12600.00000	9.90523
105	12800.00000	9.90523
105	13000.00000	9.90523
105	13200.00000	9.90523
105	13400.00000	9.90523
105	13600.00000	10.12866
105	13800.00000	10.12866
105	14000.00000	10.12866
105	14200.00000	10.12866
105	14400.00000	10.12866
105	14600.00000	9.84077
105	14800.00000	9.84077
105	15000.00000	9.84077
105	15200.00000	9.84077
105	15400.00000	9.12877
105	15600.00000	9.12877
105	15800.00000	9.12877
105	16000.00000	9.12877
105	16200.00000	9.12877
105	16400.00000	8.88449
105	16600.00000	8.88449
105	16800.00000	8.88449
105	17000.00000	8.88449
105	17200.00000	8.88449
105	17400.00000	8.76099
105	17600.00000	8.76099
105	17800.00000	8.76099
105	18000.00000	8.76099
105	18200.00000	8.76099
105	18400.00000	8.68398
105	18600.00000	8.68398
105	18800.00000	8.68398
105	19000.00000	8.68398
105	19200.00000	8.68398
105	19400.00000	8.66211
105	19600.00000	8.66211
105	19800.00000	8.66211
105	20000.00000	8.66211
106	0.00000	11.68264
106	200.00000	11.68264
106	400.00000	11.68264
106	600.00000	11.68264
106	800.00000	11.68264
106	1000.00000	11.60540
106	1200.00000	11.60540
106	1400.00000	11.60540
106	1600.00000	11.60540
106	1800.00000	11.60540
106	2000.00000	11.38666
106	2200.00000	11.38666
106	2400.00000	11.38666
106	2600.00000	11.38666
106	2800.00000	11.38666
106	3000.00000	10.62482
106	3200.00000	10.62482
106	3400.00000	10.62482
106	3600.00000	10.62482
106	3800.00000	10.62482
106	4000.00000	9.97353
106	4200.00000	9.97353
106	4400.00000	9.97353
106	4600.00000	9.97353
106	4800.00000	9.97353
106	5000.00000	9.91392
106	5200.00000	9.91392
106	5400.00000	9.91392
106	5600.00000	9.91392
106	5800.00000	10.25881
106	6000.00000	10.25881
106	6200.00000	10.25881
106	6400.00000	10.25881
106	6600.00000	10.25881
106	6800.00000	10.10816
106	7000.00000	10.10816
106	7200.00000	10.10816
106	7400.00000	10.10816
106	7600.00000	10.10816
106	7800.00000	9.12948
106	8000.00000	9.12948
106	8200.00000	9.12948
106	8400.00000	9.12948
106	8600.00000	9.12948
106	8800.00000	10.05287
106	9000.00000	10.05287
106	9200.00000	10.05287
106	9400.00000	10.05287
106	9600.00000	10.05287
106	9800.00000	9.36063
106	10000.00000	9.36063
106	10200.00000	9.36063
106	10400.00000	9.36063
106	10600.00000	9.39140
106	10800.00000	9.39140
106	11000.00000	9.39140
106	11200.00000	9.39140
106	11400.00000	9.39140
106	11600.00000	10.07209
106	11800.00000	10.07209
106	12000.00000	10.07209
106	12200.00000	10.07209
106	12400.00000	10.07209
106	12600.00000	9.49137
106	12800.00000	9.49137
106	13000.00000	9.49137
106	13200.00000	9.49137
106	13400.00000	9.49137
106	13600.00000	9.72551
106	13800.00000	9.72551
106	14000.00000	9.72551
106	14200.00000	9.72551
106	14400.00000	9.72551
106	14600.00000	9.32109
106	14800.00000	9.32109
106	15000.00000	9.32109
106	15200.00000	9.32109
106	15400.00000	9.06688
106	15600.00000	9.06688
106	15800.00000	9.06688
106	16000.00000	9.06688
106	16200.00000	9.06688
106	16400.00000	8.85515
106	16600.00000	8.85515
106	16800.00000	8.85515
106	17000.00000	8.85515
106	17200.00000	8.85515
106	17400.00000	8.75777
106	17600.00000	8.75777
106	17800.00000	8.75777
106	18000.00000	8.75777
106	18200.00000	8.75777
106	18400.00000	8.67186
106	18600.00000	8.67186
106	18800.00000	8.67186
106	19000.00000	8.67186
106	19200.00000	8.67186
106	19400.00000	8.81064
106	19600.00000	8.81064
106	19800.00000	8.81064
106	20000.00000	8.81064
107	0.00000	11.69943
107	200.00000	11.69943
107	400.00000	11.69943
107	600.00000	11.69943
107	800.00000	11.69943
107	1000.00000	11.70004
107	1200.00000	11.70004
107	1400.00000	11.70004
107	1600.00000	11.70004
107	1800.00000	11.70004
107	2000.00000	11.22169
107	2200.00000	11.22169
107	2400.00000	11.22169
107	2600.00000	11.22169
107	2800.00000	11.22169
107	3000.00000	10.58554
107	3200.00000	10.58554
107	3400.00000	10.58554
107	3600.00000	10.58554
107	3800.00000	10.58554
107	4000.00000	10.34232
107	4200.00000	10.34232
107	4400.00000	10.34232
107	4600.00000	10.34232
107	4800.00000	10.34232
107	5000.00000	10.20591
107	5200.00000	10.20591
107	5400.00000	10.20591
107	5600.00000	10.20591
107	5800.00000	10.57634
107	6000.00000	10.57634
107	6200.00000	10.57634
107	6400.00000	10.57634
107	6600.00000	10.57634
107	6800.00000	10.24944
107	7000.00000	10.24944
107	7200.00000	10.24944
107	7400.00000	10.24944
107	7600.00000	10.24944
107	7800.00000	9.50983
107	8000.00000	9.50983
107	8200.00000	9.50983
107	8400.00000	9.50983
107	8600.00000	9.50983
107	8800.00000	9.72967
107	9000.00000	9.72967
107	9200.00000	9.72967
107	9400.00000	9.72967
107	9600.00000	9.72967
107	9800.00000	9.79066
107	10000.00000	9.79066
107	10200.00000	9.79066
107	10400.00000	9.79066
107	10600.00000	9.80913
107	10800.00000	9.80913
107	11000.00000	9.80913
107	11200.00000	9.80913
107	11400.00000	9.80913
107	11600.00000	9.59768
107	11800.00000	9.59768
107	12000.00000	9.59768
107	12200.00000	9.59768
107	12400.00000	9.59768
107	12600.00000	9.90639
107	12800.00000	9.90639
107	13000.00000	9.90639
107	13200.00000	9.90639
107	13400.00000	9.90639
107	13600.00000	10.06507
107	13800.00000	10.06507
107	14000.00000	10.06507
107	14200.00000	10.06507
107	14400.00000	10.06507
107	14600.00000	9.54692
107	14800.00000	9.54692
107	15000.00000	9.54692
107	15200.00000	9.54692
107	15400.00000	9.13093
107	15600.00000	9.13093
107	15800.00000	9.13093
107	16000.00000	9.13093
107	16200.00000	9.13093
107	16400.00000	9.31470
107	16600.00000	9.31470
107	16800.00000	9.31470
107	17000.00000	9.31470
107	17200.00000	9.31470
107	17400.00000	9.06036
107	17600.00000	9.06036
107	17800.00000	9.06036
107	18000.00000	9.06036
107	18200.00000	9.06036
107	18400.00000	9.01402
107	18600.00000	9.01402
107	18800.00000	9.01402
107	19000.00000	9.01402
107	19200.00000	9.01402
107	19400.00000	8.95912
107	19600.00000	8.95912
107	19800.00000	8.95912
107	20000.00000	8.95912
108	0.00000	11.53355
108	200.00000	11.53355
108	400.00000	11.53355
108	600.00000	11.53355
108	800.00000	11.53355
108	1000.00000	11.74891
108	1200.00000	11.74891
108	1400.00000	11.74891
108	1600.00000	11.74891
108	1800.00000	11.74891
108	2000.00000	11.34299
108	2200.00000	11.34299
108	2400.00000	11.34299
108	2600.00000	11.34299
108	2800.00000	11.34299
108	3000.00000	10.60404
108	3200.00000	10.60404
108	3400.00000	10.60404
108	3600.00000	10.60404
108	3800.00000	10.60404
108	4000.00000	9.89074
108	4200.00000	9.89074
108	4400.00000	9.89074
108	4600.00000	9.89074
108	4800.00000	9.89074
108	5000.00000	10.38332
108	5200.00000	10.38332
108	5400.00000	10.38332
108	5600.00000	10.38332
108	5800.00000	10.26761
108	6000.00000	10.26761
108	6200.00000	10.26761
108	6400.00000	10.26761
108	6600.00000	10.26761
108	6800.00000	10.35609
108	7000.00000	10.35609
108	7200.00000	10.35609
108	7400.00000	10.35609
108	7600.00000	10.35609
108	7800.00000	9.20093
108	8000.00000	9.20093
108	8200.00000	9.20093
108	8400.00000	9.20093
108	8600.00000	9.20093
108	8800.00000	10.51110
108	9000.00000	10.51110
108	9200.00000	10.51110
108	9400.00000	10.51110
108	9600.00000	10.51110
108	9800.00000	9.48106
108	10000.00000	9.48106
108	10200.00000	9.48106
108	10400.00000	9.48106
108	10600.00000	8.79858
108	10800.00000	8.79858
108	11000.00000	8.79858
108	11200.00000	8.79858
108	11400.00000	8.79858
108	11600.00000	9.31203
108	11800.00000	9.31203
108	12000.00000	9.31203
108	12200.00000	9.31203
108	12400.00000	9.31203
108	12600.00000	9.52181
108	12800.00000	9.52181
108	13000.00000	9.52181
108	13200.00000	9.52181
108	13400.00000	9.52181
108	13600.00000	9.24049
108	13800.00000	9.24049
108	14000.00000	9.24049
108	14200.00000	9.24049
108	14400.00000	9.24049
108	14600.00000	9.76339
108	14800.00000	9.76339
108	15000.00000	9.76339
108	15200.00000	9.76339
108	15400.00000	9.67910
108	15600.00000	9.67910
108	15800.00000	9.67910
108	16000.00000	9.67910
108	16200.00000	9.67910
108	16400.00000	8.40794
108	16600.00000	8.40794
108	16800.00000	8.40794
108	17000.00000	8.40794
108	17200.00000	8.40794
108	17400.00000	8.40770
108	17600.00000	8.40770
108	17800.00000	8.40770
108	18000.00000	8.40770
108	18200.00000	8.40770
108	18400.00000	10.99429
108	18600.00000	10.99429
108	18800.00000	10.99429
108	19000.00000	10.99429
108	19200.00000	10.99429
108	19400.00000	9.49070
108	19600.00000	9.49070
108	19800.00000	9.49070
108	20000.00000	9.49070
109	0.00000	11.96260
109	200.00000	11.96260
109	400.00000	11.96260
109	600.00000	11.96260
109	800.00000	11.96260
109	1000.00000	11.23670
109	1200.00000	11.23670
109	1400.00000	11.23670
109	1600.00000	11.23670
109	1800.00000	11.23670
109	2000.00000	11.45366
109	2200.00000	11.45366
109	2400.00000	11.45366
109	2600.00000	11.45366
109	2800.00000	11.45366
109	3000.00000	10.74906
109	3200.00000	10.74906
109	3400.00000	10.74906
109	3600.00000	10.74906
109	3800.00000	10.74906
109	4000.00000	9.81294
109	4200.00000	9.81294
109	4400.00000	9.81294
109	4600.00000	9.81294
109	4800.00000	9.81294
109	5000.00000	10.28670
109	5200.00000	10.28670
109	5400.00000	10.28670
109	5600.00000	10.28670
109	5800.00000	10.89191
109	6000.00000	10.89191
109	6200.00000	10.89191
109	6400.00000	10.89191
109	6600.00000	10.89191
109	6800.00000	10.29421
109	7000.00000	10.29421
109	7200.00000	10.29421
109	7400.00000	10.29421
109	7600.00000	10.29421
109	7800.00000	9.22965
109	8000.00000	9.22965
109	8200.00000	9.22965
109	8400.00000	9.22965
109	8600.00000	9.22965
109	8800.00000	10.53585
109	9000.00000	10.53585
109	9200.00000	10.53585
109	9400.00000	10.53585
109	9600.00000	10.53585
109	9800.00000	9.61810
109	10000.00000	9.61810
109	10200.00000	9.61810
109	10400.00000	9.61810
109	10600.00000	9.09950
109	10800.00000	9.09950
109	11000.00000	9.09950
109	11200.00000	9.09950
109	11400.00000	9.09950
109	11600.00000	10.22159
109	11800.00000	10.22159
109	12000.00000	10.22159
109	12200.00000	10.22159
109	12400.00000	10.22159
109	12600.00000	9.74093
109	12800.00000	9.74093
109	13000.00000	9.74093
109	13200.00000	9.74093
109	13400.00000	9.74093
109	13600.00000	10.24627
109	13800.00000	10.24627
109	14000.00000	10.24627
109	14200.00000	10.24627
109	14400.00000	10.24627
109	14600.00000	9.18074
109	14800.00000	9.18074
109	15000.00000	9.18074
109	15200.00000	9.18074
109	15400.00000	9.57342
109	15600.00000	9.57342
109	15800.00000	9.57342
109	16000.00000	9.57342
109	16200.00000	9.57342
109	16400.00000	9.69166
109	16600.00000	9.69166
109	16800.00000	9.69166
109	17000.00000	9.69166
109	17200.00000	9.69166
109	17400.00000	8.51010
109	17600.00000	8.51010
109	17800.00000	8.51010
109	18000.00000	8.51010
109	18200.00000	8.51010
109	18400.00000	8.92403
109	18600.00000	8.92403
109	18800.00000	8.92403
109	19000.00000	8.92403
109	19200.00000	8.92403
109	19400.00000	8.37944
109	19600.00000	8.37944
109	19800.00000	8.37944
109	20000.00000	8.37944
110	0.00000	11.61377
110	200.00000	11.61377
110	400.00000	11.61377
110	600.00000	11.61377
110	800.00000	11.61377
110	1000.00000	11.53597
110	1200.00000	11.53597
110	1400.00000	11.53597
110	1600.00000	11.53597
110	1800.00000	11.53597
110	2000.00000	11.16070
110	2200.00000	11.16070
110	2400.00000	11.16070
110	2600.00000	11.16070
110	2800.00000	11.16070
110	3000.00000	10.75628
110	3200.00000	10.75628
110	3400.00000	10.75628
110	3600.00000	10.75628
110	3800.00000	10.75628
110	4000.00000	10.02570
110	4200.00000	10.02570
110	4400.00000	10.02570
110	4600.00000	10.02570
110	4800.00000	10.02570
110	5000.00000	10.59920
110	5200.00000	10.59920
110	5400.00000	10.59920
110	5600.00000	10.59920
110	5800.00000	10.44965
110	6000.00000	10.44965
110	6200.00000	10.44965
110	6400.00000	10.44965
110	6600.00000	10.44965
110	6800.00000	10.07797
110	7000.00000	10.07797
110	7200.00000	10.07797
110	7400.00000	10.07797
110	7600.00000	10.07797
110	7800.00000	9.29341
110	8000.00000	9.29341
110	8200.00000	9.29341
110	8400.00000	9.29341
110	8600.00000	9.29341
110	8800.00000	9.79827
110	9000.00000	9.79827
110	9200.00000	9.79827
110	9400.00000	9.79827
110	9600.00000	9.79827
110	9800.00000	8.81229
110	10000.00000	8.81229
110	10200.00000	8.81229
110	10400.00000	8.81229
110	10600.00000	9.84656
110	10800.00000	9.84656
110	11000.00000	9.84656
110	11200.00000	9.84656
110	11400.00000	9.84656
110	11600.00000	10.01177
110	11800.00000	10.01177
110	12000.00000	10.01177
110	12200.00000	10.01177
110	12400.00000	10.01177
110	12600.00000	9.48787
110	12800.00000	9.48787
110	13000.00000	9.48787
110	13200.00000	9.48787
110	13400.00000	9.48787
110	13600.00000	10.36338
110	13800.00000	10.36338
110	14000.00000	10.36338
110	14200.00000	10.36338
110	14400.00000	10.36338
110	14600.00000	10.30368
110	14800.00000	10.30368
110	15000.00000	10.30368
110	15200.00000	10.30368
110	15400.00000	9.14525
110	15600.00000	9.14525
110	15800.00000	9.14525
110	16000.00000	9.14525
110	16200.00000	9.14525
110	16400.00000	8.74997
110	16600.00000	8.74997
110	16800.00000	8.74997
110	17000.00000	8.74997
110	17200.00000	8.74997
110	17400.00000	8.73464
110	17600.00000	8.73464
110	17800.00000	8.73464
110	18000.00000	8.73464
110	18200.00000	8.73464
110	18400.00000	8.80102
110	18600.00000	8.80102
110	18800.00000	8.80102
110	19000.00000	8.80102
110	19200.00000	8.80102
110	19400.00000	7.60432
110	19600.00000	7.60432
110	19800.00000	7.60432
110	20000.00000	7.60432
111	0.00000	11.86229
111	200.00000	11.86229
111	400.00000	11.86229
111	600.00000	11.86229
111	800.00000	11.86229
111	1000.00000	11.70981
111	1200.00000	11.70981
111	1400.00000	11.70981
111	1600.00000	11.70981
111	1800.00000	11.70981
111	2000.00000	11.09126
111	2200.00000	11.09126
111	2400.00000	11.09126
111	2600.00000	11.09126
111	2800.00000	11.09126
111	3000.00000	10.73330
111	3200.00000	10.73330
111	3400.00000	10.73330
111	3600.00000	10.73330
111	3800.00000	10.73330
111	4000.00000	9.88773
111	4200.00000	9.88773
111	4400.00000	9.88773
111	4600.00000	9.88773
111	4800.00000	9.88773
111	5000.00000	10.28411
111	5200.00000	10.28411
111	5400.00000	10.28411
111	5600.00000	10.28411
111	5800.00000	10.58911
111	6000.00000	10.58911
111	6200.00000	10.58911
111	6400.00000	10.58911
111	6600.00000	10.58911
111	6800.00000	10.28164
111	7000.00000	10.28164
111	7200.00000	10.28164
111	7400.00000	10.28164
111	7600.00000	10.28164
111	7800.00000	9.23400
111	8000.00000	9.23400
111	8200.00000	9.23400
111	8400.00000	9.23400
111	8600.00000	9.23400
111	8800.00000	10.13825
111	9000.00000	10.13825
111	9200.00000	10.13825
111	9400.00000	10.13825
111	9600.00000	10.13825
111	9800.00000	9.20081
111	10000.00000	9.20081
111	10200.00000	9.20081
111	10400.00000	9.20081
111	10600.00000	8.85572
111	10800.00000	8.85572
111	11000.00000	8.85572
111	11200.00000	8.85572
111	11400.00000	8.85572
111	11600.00000	9.77922
111	11800.00000	9.77922
111	12000.00000	9.77922
111	12200.00000	9.77922
111	12400.00000	9.77922
111	12600.00000	10.56228
111	12800.00000	10.56228
111	13000.00000	10.56228
111	13200.00000	10.56228
111	13400.00000	10.56228
111	13600.00000	9.67460
111	13800.00000	9.67460
111	14000.00000	9.67460
111	14200.00000	9.67460
111	14400.00000	9.67460
111	14600.00000	9.79034
111	14800.00000	9.79034
111	15000.00000	9.79034
111	15200.00000	9.79034
111	15400.00000	9.31203
111	15600.00000	9.31203
111	15800.00000	9.31203
111	16000.00000	9.31203
111	16200.00000	9.31203
111	16400.00000	9.63006
111	16600.00000	9.63006
111	16800.00000	9.63006
111	17000.00000	9.63006
111	17200.00000	9.63006
111	17400.00000	8.47274
111	17600.00000	8.47274
111	17800.00000	8.47274
111	18000.00000	8.47274
111	18200.00000	8.47274
111	18400.00000	9.02444
111	18600.00000	9.02444
111	18800.00000	9.02444
111	19000.00000	9.02444
111	19200.00000	9.02444
111	19400.00000	9.44412
111	19600.00000	9.44412
111	19800.00000	9.44412
111	20000.00000	9.44412
112	0.00000	11.64703
112	200.00000	11.64703
112	400.00000	11.64703
112	600.00000	11.64703
112	800.00000	11.64703
112	1000.00000	11.56684
112	1200.00000	11.56684
112	1400.00000	11.56684
112	1600.00000	11.56684
112	1800.00000	11.56684
112	2000.00000	10.94022
112	2200.00000	10.94022
112	2400.00000	10.94022
112	2600.00000	10.94022
112	2800.00000	10.94022
112	3000.00000	10.84657
112	3200.00000	10.84657
112	3400.00000	10.84657
112	3600.00000	10.84657
112	3800.00000	10.84657
112	4000.00000	9.73677
112	4200.00000	9.73677
112	4400.00000	9.73677
112	4600.00000	9.73677
112	4800.00000	9.73677
112	5000.00000	10.85293
112	5200.00000	10.85293
112	5400.00000	10.85293
112	5600.00000	10.85293
112	5800.00000	10.42474
112	6000.00000	10.42474
112	6200.00000	10.42474
112	6400.00000	10.42474
112	6600.00000	10.42474
112	6800.00000	9.56100
112	7000.00000	9.56100
112	7200.00000	9.56100
112	7400.00000	9.56100
112	7600.00000	9.56100
112	7800.00000	9.59793
112	8000.00000	9.59793
112	8200.00000	9.59793
112	8400.00000	9.59793
112	8600.00000	9.59793
112	8800.00000	9.62520
112	9000.00000	9.62520
112	9200.00000	9.62520
112	9400.00000	9.62520
112	9600.00000	9.62520
112	9800.00000	8.93221
112	10000.00000	8.93221
112	10200.00000	8.93221
112	10400.00000	8.93221
112	10600.00000	9.72218
112	10800.00000	9.72218
112	11000.00000	9.72218
112	11200.00000	9.72218
112	11400.00000	9.72218
112	11600.00000	9.41429
112	11800.00000	9.41429
112	12000.00000	9.41429
112	12200.00000	9.41429
112	12400.00000	9.41429
112	12600.00000	9.28926
112	12800.00000	9.28926
112	13000.00000	9.28926
112	13200.00000	9.28926
112	13400.00000	9.28926
112	13600.00000	10.60594
112	13800.00000	10.60594
112	14000.00000	10.60594
112	14200.00000	10.60594
112	14400.00000	10.60594
112	14600.00000	9.49701
112	14800.00000	9.49701
112	15000.00000	9.49701
112	15200.00000	9.49701
112	15400.00000	8.73665
112	15600.00000	8.73665
112	15800.00000	8.73665
112	16000.00000	8.73665
112	16200.00000	8.73665
112	16400.00000	9.33887
112	16600.00000	9.33887
112	16800.00000	9.33887
112	17000.00000	9.33887
112	17200.00000	9.33887
112	17400.00000	8.89147
112	17600.00000	8.89147
112	17800.00000	8.89147
112	18000.00000	8.89147
112	18200.00000	8.89147
112	18400.00000	8.47435
112	18600.00000	8.47435
112	18800.00000	8.47435
112	19000.00000	8.47435
112	19200.00000	8.47435
112	19400.00000	8.61156
112	19600.00000	8.61156
112	19800.00000	8.61156
112	20000.00000	8.61156
113	0.00000	11.38044
113	200.00000	11.38044
113	400.00000	11.38044
113	600.00000	11.38044
113	800.00000	11.38044
113	1000.00000	11.50907
113	1200.00000	11.50907
113	1400.00000	11.50907
113	1600.00000	11.50907
113	1800.00000	11.50907
113	2000.00000	11.59936
113	2200.00000	11.59936
113	2400.00000	11.59936
113	2600.00000	11.59936
113	2800.00000	11.59936
113	3000.00000	10.60303
113	3200.00000	10.60303
113	3400.00000	10.60303
113	3600.00000	10.60303
113	3800.00000	10.60303
113	4000.00000	10.13358
113	4200.00000	10.13358
113	4400.00000	10.13358
113	4600.00000	10.13358
113	4800.00000	10.13358
113	5000.00000	10.39183
113	5200.00000	10.39183
113	5400.00000	10.39183
113	5600.00000	10.39183
113	5800.00000	10.38643
113	6000.00000	10.38643
113	6200.00000	10.38643
113	6400.00000	10.38643
113	6600.00000	10.38643
113	6800.00000	9.98674
113	7000.00000	9.98674
113	7200.00000	9.98674
113	7400.00000	9.98674
113	7600.00000	9.98674
113	7800.00000	9.52281
113	8000.00000	9.52281
113	8200.00000	9.52281
113	8400.00000	9.52281
113	8600.00000	9.52281
113	8800.00000	9.69315
113	9000.00000	9.69315
113	9200.00000	9.69315
113	9400.00000	9.69315
113	9600.00000	9.69315
113	9800.00000	9.29489
113	10000.00000	9.29489
113	10200.00000	9.29489
113	10400.00000	9.29489
113	10600.00000	10.16160
113	10800.00000	10.16160
113	11000.00000	10.16160
113	11200.00000	10.16160
113	11400.00000	10.16160
113	11600.00000	9.79183
113	11800.00000	9.79183
113	12000.00000	9.79183
113	12200.00000	9.79183
113	12400.00000	9.79183
113	12600.00000	9.93581
113	12800.00000	9.93581
113	13000.00000	9.93581
113	13200.00000	9.93581
113	13400.00000	9.93581
113	13600.00000	10.38810
113	13800.00000	10.38810
113	14000.00000	10.38810
113	14200.00000	10.38810
113	14400.00000	10.38810
113	14600.00000	9.73978
113	14800.00000	9.73978
113	15000.00000	9.73978
113	15200.00000	9.73978
113	15400.00000	10.10475
113	15600.00000	10.10475
113	15800.00000	10.10475
113	16000.00000	10.10475
113	16200.00000	10.10475
113	16400.00000	9.66665
113	16600.00000	9.66665
113	16800.00000	9.66665
113	17000.00000	9.66665
113	17200.00000	9.66665
113	17400.00000	8.29568
113	17600.00000	8.29568
113	17800.00000	8.29568
113	18000.00000	8.29568
113	18200.00000	8.29568
113	18400.00000	8.36268
113	18600.00000	8.36268
113	18800.00000	8.36268
113	19000.00000	8.36268
113	19200.00000	8.36268
113	19400.00000	8.66806
113	19600.00000	8.66806
113	19800.00000	8.66806
113	20000.00000	8.66806
114	0.00000	11.54139
114	200.00000	11.54139
114	400.00000	11.54139
114	600.00000	11.54139
114	800.00000	11.54139
114	1000.00000	11.51064
114	1200.00000	11.51064
114	1400.00000	11.51064
114	1600.00000	11.51064
114	1800.00000	11.51064
114	2000.00000	11.49472
114	2200.00000	11.49472
114	2400.00000	11.49472
114	2600.00000	11.49472
114	2800.00000	11.49472
114	3000.00000	10.79580
114	3200.00000	10.79580
114	3400.00000	10.79580
114	3600.00000	10.79580
114	3800.00000	10.79580
114	4000.00000	9.80535
114	4200.00000	9.80535
114	4400.00000	9.80535
114	4600.00000	9.80535
114	4800.00000	9.80535
114	5000.00000	10.38370
114	5200.00000	10.38370
114	5400.00000	10.38370
114	5600.00000	10.38370
114	5800.00000	10.81742
114	6000.00000	10.81742
114	6200.00000	10.81742
114	6400.00000	10.81742
114	6600.00000	10.81742
114	6800.00000	10.12917
114	7000.00000	10.12917
114	7200.00000	10.12917
114	7400.00000	10.12917
114	7600.00000	10.12917
114	7800.00000	9.62333
114	8000.00000	9.62333
114	8200.00000	9.62333
114	8400.00000	9.62333
114	8600.00000	9.62333
114	8800.00000	9.22521
114	9000.00000	9.22521
114	9200.00000	9.22521
114	9400.00000	9.22521
114	9600.00000	9.22521
114	9800.00000	9.83470
114	10000.00000	9.83470
114	10200.00000	9.83470
114	10400.00000	9.83470
114	10600.00000	9.00538
114	10800.00000	9.00538
114	11000.00000	9.00538
114	11200.00000	9.00538
114	11400.00000	9.00538
114	11600.00000	9.64763
114	11800.00000	9.64763
114	12000.00000	9.64763
114	12200.00000	9.64763
114	12400.00000	9.64763
114	12600.00000	9.55864
114	12800.00000	9.55864
114	13000.00000	9.55864
114	13200.00000	9.55864
114	13400.00000	9.55864
114	13600.00000	10.74990
114	13800.00000	10.74990
114	14000.00000	10.74990
114	14200.00000	10.74990
114	14400.00000	10.74990
114	14600.00000	9.16032
114	14800.00000	9.16032
114	15000.00000	9.16032
114	15200.00000	9.16032
114	15400.00000	9.22706
114	15600.00000	9.22706
114	15800.00000	9.22706
114	16000.00000	9.22706
114	16200.00000	9.22706
114	16400.00000	9.07530
114	16600.00000	9.07530
114	16800.00000	9.07530
114	17000.00000	9.07530
114	17200.00000	9.07530
114	17400.00000	8.30747
114	17600.00000	8.30747
114	17800.00000	8.30747
114	18000.00000	8.30747
114	18200.00000	8.30747
114	18400.00000	8.02827
114	18600.00000	8.02827
114	18800.00000	8.02827
114	19000.00000	8.02827
114	19200.00000	8.02827
114	19400.00000	8.54583
114	19600.00000	8.54583
114	19800.00000	8.54583
114	20000.00000	8.54583
115	0.00000	11.75658
115	200.00000	11.75658
115	400.00000	11.75658
115	600.00000	11.75658
115	800.00000	11.75658
115	1000.00000	11.48115
115	1200.00000	11.48115
115	1400.00000	11.48115
115	1600.00000	11.48115
115	1800.00000	11.48115
115	2000.00000	11.41452
115	2200.00000	11.41452
115	2400.00000	11.41452
115	2600.00000	11.41452
115	2800.00000	11.41452
115	3000.00000	10.73025
115	3200.00000	10.73025
115	3400.00000	10.73025
115	3600.00000	10.73025
115	3800.00000	10.73025
115	4000.00000	9.95212
115	4200.00000	9.95212
115	4400.00000	9.95212
115	4600.00000	9.95212
115	4800.00000	9.95212
115	5000.00000	10.60183
115	5200.00000	10.60183
115	5400.00000	10.60183
115	5600.00000	10.60183
115	5800.00000	10.39150
115	6000.00000	10.39150
115	6200.00000	10.39150
115	6400.00000	10.39150
115	6600.00000	10.39150
115	6800.00000	10.27987
115	7000.00000	10.27987
115	7200.00000	10.27987
115	7400.00000	10.27987
115	7600.00000	10.27987
115	7800.00000	9.78319
115	8000.00000	9.78319
115	8200.00000	9.78319
115	8400.00000	9.78319
115	8600.00000	9.78319
115	8800.00000	9.23910
115	9000.00000	9.23910
115	9200.00000	9.23910
115	9400.00000	9.23910
115	9600.00000	9.23910
115	9800.00000	9.30793
115	10000.00000	9.30793
115	10200.00000	9.30793
115	10400.00000	9.30793
115	10600.00000	9.75827
115	10800.00000	9.75827
115	11000.00000	9.75827
115	11200.00000	9.75827
115	11400.00000	9.75827
115	11600.00000	9.33876
115	11800.00000	9.33876
115	12000.00000	9.33876
115	12200.00000	9.33876
115	12400.00000	9.33876
115	12600.00000	9.59569
115	12800.00000	9.59569
115	13000.00000	9.59569
115	13200.00000	9.59569
115	13400.00000	9.59569
115	13600.00000	9.60654
115	13800.00000	9.60654
115	14000.00000	9.60654
115	14200.00000	9.60654
115	14400.00000	9.60654
115	14600.00000	9.64293
115	14800.00000	9.64293
115	15000.00000	9.64293
115	15200.00000	9.64293
115	15400.00000	8.90881
115	15600.00000	8.90881
115	15800.00000	8.90881
115	16000.00000	8.90881
115	16200.00000	8.90881
115	16400.00000	9.14143
115	16600.00000	9.14143
115	16800.00000	9.14143
115	17000.00000	9.14143
115	17200.00000	9.14143
115	17400.00000	8.74598
115	17600.00000	8.74598
115	17800.00000	8.74598
115	18000.00000	8.74598
115	18200.00000	8.74598
115	18400.00000	8.69247
115	18600.00000	8.69247
115	18800.00000	8.69247
115	19000.00000	8.69247
115	19200.00000	8.69247
115	19400.00000	8.59943
115	19600.00000	8.59943
115	19800.00000	8.59943
115	20000.00000	8.59943
116	0.00000	11.66633
116	200.00000	11.66633
116	400.00000	11.66633
116	600.00000	11.66633
116	800.00000	11.66633
116	1000.00000	11.56450
116	1200.00000	11.56450
116	1400.00000	11.56450
116	1600.00000	11.56450
116	1800.00000	11.56450
116	2000.00000	11.53561
116	2200.00000	11.53561
116	2400.00000	11.53561
116	2600.00000	11.53561
116	2800.00000	11.53561
116	3000.00000	10.42511
116	3200.00000	10.42511
116	3400.00000	10.42511
116	3600.00000	10.42511
116	3800.00000	10.42511
116	4000.00000	10.14956
116	4200.00000	10.14956
116	4400.00000	10.14956
116	4600.00000	10.14956
116	4800.00000	10.14956
116	5000.00000	10.14476
116	5200.00000	10.14476
116	5400.00000	10.14476
116	5600.00000	10.14476
116	5800.00000	10.57683
116	6000.00000	10.57683
116	6200.00000	10.57683
116	6400.00000	10.57683
116	6600.00000	10.57683
116	6800.00000	10.38568
116	7000.00000	10.38568
116	7200.00000	10.38568
116	7400.00000	10.38568
116	7600.00000	10.38568
116	7800.00000	9.25343
116	8000.00000	9.25343
116	8200.00000	9.25343
116	8400.00000	9.25343
116	8600.00000	9.25343
116	8800.00000	10.57059
116	9000.00000	10.57059
116	9200.00000	10.57059
116	9400.00000	10.57059
116	9600.00000	10.57059
116	9800.00000	10.14965
116	10000.00000	10.14965
116	10200.00000	10.14965
116	10400.00000	10.14965
116	10600.00000	8.87439
116	10800.00000	8.87439
116	11000.00000	8.87439
116	11200.00000	8.87439
116	11400.00000	8.87439
116	11600.00000	9.44047
116	11800.00000	9.44047
116	12000.00000	9.44047
116	12200.00000	9.44047
116	12400.00000	9.44047
116	12600.00000	10.12566
116	12800.00000	10.12566
116	13000.00000	10.12566
116	13200.00000	10.12566
116	13400.00000	10.12566
116	13600.00000	9.56057
116	13800.00000	9.56057
116	14000.00000	9.56057
116	14200.00000	9.56057
116	14400.00000	9.56057
116	14600.00000	9.26121
116	14800.00000	9.26121
116	15000.00000	9.26121
116	15200.00000	9.26121
116	15400.00000	9.42987
116	15600.00000	9.42987
116	15800.00000	9.42987
116	16000.00000	9.42987
116	16200.00000	9.42987
116	16400.00000	8.76645
116	16600.00000	8.76645
116	16800.00000	8.76645
116	17000.00000	8.76645
116	17200.00000	8.76645
116	17400.00000	8.53903
116	17600.00000	8.53903
116	17800.00000	8.53903
116	18000.00000	8.53903
116	18200.00000	8.53903
116	18400.00000	8.57397
116	18600.00000	8.57397
116	18800.00000	8.57397
116	19000.00000	8.57397
116	19200.00000	8.57397
116	19400.00000	9.55935
116	19600.00000	9.55935
116	19800.00000	9.55935
116	20000.00000	9.55935
117	0.00000	11.57112
117	200.00000	11.57112
117	400.00000	11.57112
117	600.00000	11.57112
117	800.00000	11.57112
117	1000.00000	11.74032
117	1200.00000	11.74032
117	1400.00000	11.74032
117	1600.00000	11.74032
117	1800.00000	11.74032
117	2000.00000	11.56960
117	2200.00000	11.56960
117	2400.00000	11.56960
117	2600.00000	11.56960
117	2800.00000	11.56960
117	3000.00000	10.83175
117	3200.00000	10.83175
117	3400.00000	10.83175
117	3600.00000	10.83175
117	3800.00000	10.83175
117	4000.00000	9.83405
117	4200.00000	9.83405
117	4400.00000	9.83405
117	4600.00000	9.83405
117	4800.00000	9.83405
117	5000.00000	10.18756
117	5200.00000	10.18756
117	5400.00000	10.18756
117	5600.00000	10.18756
117	5800.00000	10.55187
117	6000.00000	10.55187
117	6200.00000	10.55187
117	6400.00000	10.55187
117	6600.00000	10.55187
117	6800.00000	10.38149
117	7000.00000	10.38149
117	7200.00000	10.38149
117	7400.00000	10.38149
117	7600.00000	10.38149
117	7800.00000	9.38449
117	8000.00000	9.38449
117	8200.00000	9.38449
117	8400.00000	9.38449
117	8600.00000	9.38449
117	8800.00000	9.33284
117	9000.00000	9.33284
117	9200.00000	9.33284
117	9400.00000	9.33284
117	9600.00000	9.33284
117	9800.00000	9.67322
117	10000.00000	9.67322
117	10200.00000	9.67322
117	10400.00000	9.67322
117	10600.00000	8.86946
117	10800.00000	8.86946
117	11000.00000	8.86946
117	11200.00000	8.86946
117	11400.00000	8.86946
117	11600.00000	9.56428
117	11800.00000	9.56428
117	12000.00000	9.56428
117	12200.00000	9.56428
117	12400.00000	9.56428
117	12600.00000	9.53312
117	12800.00000	9.53312
117	13000.00000	9.53312
117	13200.00000	9.53312
117	13400.00000	9.53312
117	13600.00000	10.00166
117	13800.00000	10.00166
117	14000.00000	10.00166
117	14200.00000	10.00166
117	14400.00000	10.00166
117	14600.00000	9.74241
117	14800.00000	9.74241
117	15000.00000	9.74241
117	15200.00000	9.74241
117	15400.00000	10.30982
117	15600.00000	10.30982
117	15800.00000	10.30982
117	16000.00000	10.30982
117	16200.00000	10.30982
117	16400.00000	8.65097
117	16600.00000	8.65097
117	16800.00000	8.65097
117	17000.00000	8.65097
117	17200.00000	8.65097
117	17400.00000	8.06224
117	17600.00000	8.06224
117	17800.00000	8.06224
117	18000.00000	8.06224
117	18200.00000	8.06224
117	18400.00000	8.52168
117	18600.00000	8.52168
117	18800.00000	8.52168
117	19000.00000	8.52168
117	19200.00000	8.52168
117	19400.00000	8.71366
117	19600.00000	8.71366
117	19800.00000	8.71366
117	20000.00000	8.71366
118	0.00000	11.57558
118	200.00000	11.57558
118	400.00000	11.57558
118	600.00000	11.57558
118	800.00000	11.57558
118	1000.00000	11.55358
118	1200.00000	11.55358
118	1400.00000	11.55358
118	1600.00000	11.55358
118	1800.00000	11.55358
118	2000.00000	11.54241
118	2200.00000	11.54241
118	2400.00000	11.54241
118	2600.00000	11.54241
118	2800.00000	11.54241
118	3000.00000	10.44007
118	3200.00000	10.44007
118	3400.00000	10.44007
118	3600.00000	10.44007
118	3800.00000	10.44007
118	4000.00000	10.12665
118	4200.00000	10.12665
118	4400.00000	10.12665
118	4600.00000	10.12665
118	4800.00000	10.12665
118	5000.00000	10.50533
118	5200.00000	10.50533
118	5400.00000	10.50533
118	5600.00000	10.50533
118	5800.00000	10.36715
118	6000.00000	10.36715
118	6200.00000	10.36715
118	6400.00000	10.36715
118	6600.00000	10.36715
118	6800.00000	10.37562
118	7000.00000	10.37562
118	7200.00000	10.37562
118	7400.00000	10.37562
118	7600.00000	10.37562
118	7800.00000	9.25395
118	8000.00000	9.25395
118	8200.00000	9.25395
118	8400.00000	9.25395
118	8600.00000	9.25395
118	8800.00000	9.76347
118	9000.00000	9.76347
118	9200.00000	9.76347
118	9400.00000	9.76347
118	9600.00000	9.76347
118	9800.00000	9.17437
118	10000.00000	9.17437
118	10200.00000	9.17437
118	10400.00000	9.17437
118	10600.00000	10.03417
118	10800.00000	10.03417
118	11000.00000	10.03417
118	11200.00000	10.03417
118	11400.00000	10.03417
118	11600.00000	9.78441
118	11800.00000	9.78441
118	12000.00000	9.78441
118	12200.00000	9.78441
118	12400.00000	9.78441
118	12600.00000	9.95971
118	12800.00000	9.95971
118	13000.00000	9.95971
118	13200.00000	9.95971
118	13400.00000	9.95971
118	13600.00000	10.51468
118	13800.00000	10.51468
118	14000.00000	10.51468
118	14200.00000	10.51468
118	14400.00000	10.51468
118	14600.00000	9.80240
118	14800.00000	9.80240
118	15000.00000	9.80240
118	15200.00000	9.80240
118	15400.00000	9.57546
118	15600.00000	9.57546
118	15800.00000	9.57546
118	16000.00000	9.57546
118	16200.00000	9.57546
118	16400.00000	9.19856
118	16600.00000	9.19856
118	16800.00000	9.19856
118	17000.00000	9.19856
118	17200.00000	9.19856
118	17400.00000	8.28874
118	17600.00000	8.28874
118	17800.00000	8.28874
118	18000.00000	8.28874
118	18200.00000	8.28874
118	18400.00000	8.49510
118	18600.00000	8.49510
118	18800.00000	8.49510
118	19000.00000	8.49510
118	19200.00000	8.49510
118	19400.00000	8.84514
118	19600.00000	8.84514
118	19800.00000	8.84514
118	20000.00000	8.84514
119	0.00000	11.50733
119	200.00000	11.50733
119	400.00000	11.50733
119	600.00000	11.50733
119	800.00000	11.50733
119	1000.00000	11.87788
119	1200.00000	11.87788
119	1400.00000	11.87788
119	1600.00000	11.87788
119	1800.00000	11.87788
119	2000.00000	11.49077
119	2200.00000	11.49077
119	2400.00000	11.49077
119	2600.00000	11.49077
119	2800.00000	11.49077
119	3000.00000	10.69332
119	3200.00000	10.69332
119	3400.00000	10.69332
119	3600.00000	10.69332
119	3800.00000	10.69332
119	4000.00000	10.03360
119	4200.00000	10.03360
119	4400.00000	10.03360
119	4600.00000	10.03360
119	4800.00000	10.03360
119	5000.00000	9.96372
119	5200.00000	9.96372
119	5400.00000	9.96372
119	5600.00000	9.96372
119	5800.00000	10.47004
119	6000.00000	10.47004
119	6200.00000	10.47004
119	6400.00000	10.47004
119	6600.00000	10.47004
119	6800.00000	10.69611
119	7000.00000	10.69611
119	7200.00000	10.69611
119	7400.00000	10.69611
119	7600.00000	10.69611
119	7800.00000	9.39200
119	8000.00000	9.39200
119	8200.00000	9.39200
119	8400.00000	9.39200
119	8600.00000	9.39200
119	8800.00000	10.02784
119	9000.00000	10.02784
119	9200.00000	10.02784
119	9400.00000	10.02784
119	9600.00000	10.02784
119	9800.00000	9.63453
119	10000.00000	9.63453
119	10200.00000	9.63453
119	10400.00000	9.63453
119	10600.00000	9.22897
119	10800.00000	9.22897
119	11000.00000	9.22897
119	11200.00000	9.22897
119	11400.00000	9.22897
119	11600.00000	9.58016
119	11800.00000	9.58016
119	12000.00000	9.58016
119	12200.00000	9.58016
119	12400.00000	9.58016
119	12600.00000	9.89579
119	12800.00000	9.89579
119	13000.00000	9.89579
119	13200.00000	9.89579
119	13400.00000	9.89579
119	13600.00000	9.82442
119	13800.00000	9.82442
119	14000.00000	9.82442
119	14200.00000	9.82442
119	14400.00000	9.82442
119	14600.00000	9.91123
119	14800.00000	9.91123
119	15000.00000	9.91123
119	15200.00000	9.91123
119	15400.00000	9.70836
119	15600.00000	9.70836
119	15800.00000	9.70836
119	16000.00000	9.70836
119	16200.00000	9.70836
119	16400.00000	8.89800
119	16600.00000	8.89800
119	16800.00000	8.89800
119	17000.00000	8.89800
119	17200.00000	8.89800
119	17400.00000	8.30078
119	17600.00000	8.30078
119	17800.00000	8.30078
119	18000.00000	8.30078
119	18200.00000	8.30078
119	18400.00000	7.94548
119	18600.00000	7.94548
119	18800.00000	7.94548
119	19000.00000	7.94548
119	19200.00000	7.94548
119	19400.00000	8.95562
119	19600.00000	8.95562
119	19800.00000	8.95562
119	20000.00000	8.95562
120	0.00000	11.98614
120	200.00000	11.98614
120	400.00000	11.98614
120	600.00000	11.98614
120	800.00000	11.98614
120	1000.00000	11.45480
120	1200.00000	11.45480
120	1400.00000	11.45480
120	1600.00000	11.45480
120	1800.00000	11.45480
120	2000.00000	11.22675
120	2200.00000	11.22675
120	2400.00000	11.22675
120	2600.00000	11.22675
120	2800.00000	11.22675
120	3000.00000	10.58975
120	3200.00000	10.58975
120	3400.00000	10.58975
120	3600.00000	10.58975
120	3800.00000	10.58975
120	4000.00000	9.97097
120	4200.00000	9.97097
120	4400.00000	9.97097
120	4600.00000	9.97097
120	4800.00000	9.97097
120	5000.00000	10.36763
120	5200.00000	10.36763
120	5400.00000	10.36763
120	5600.00000	10.36763
120	5800.00000	10.40278
120	6000.00000	10.40278
120	6200.00000	10.40278
120	6400.00000	10.40278
120	6600.00000	10.40278
120	6800.00000	10.39574
120	7000.00000	10.39574
120	7200.00000	10.39574
120	7400.00000	10.39574
120	7600.00000	10.39574
120	7800.00000	9.32909
120	8000.00000	9.32909
120	8200.00000	9.32909
120	8400.00000	9.32909
120	8600.00000	9.32909
120	8800.00000	9.43746
120	9000.00000	9.43746
120	9200.00000	9.43746
120	9400.00000	9.43746
120	9600.00000	9.43746
120	9800.00000	9.45505
120	10000.00000	9.45505
120	10200.00000	9.45505
120	10400.00000	9.45505
120	10600.00000	9.56723
120	10800.00000	9.56723
120	11000.00000	9.56723
120	11200.00000	9.56723
120	11400.00000	9.56723
120	11600.00000	9.56258
120	11800.00000	9.56258
120	12000.00000	9.56258
120	12200.00000	9.56258
120	12400.00000	9.56258
120	12600.00000	9.94746
120	12800.00000	9.94746
120	13000.00000	9.94746
120	13200.00000	9.94746
120	13400.00000	9.94746
120	13600.00000	9.75977
120	13800.00000	9.75977
120	14000.00000	9.75977
120	14200.00000	9.75977
120	14400.00000	9.75977
120	14600.00000	9.58592
120	14800.00000	9.58592
120	15000.00000	9.58592
120	15200.00000	9.58592
120	15400.00000	9.22336
120	15600.00000	9.22336
120	15800.00000	9.22336
120	16000.00000	9.22336
120	16200.00000	9.22336
120	16400.00000	8.66583
120	16600.00000	8.66583
120	16800.00000	8.66583
120	17000.00000	8.66583
120	17200.00000	8.66583
120	17400.00000	8.59679
120	17600.00000	8.59679
120	17800.00000	8.59679
120	18000.00000	8.59679
120	18200.00000	8.59679
120	18400.00000	8.65518
120	18600.00000	8.65518
120	18800.00000	8.65518
120	19000.00000	8.65518
120	19200.00000	8.65518
120	19400.00000	8.80345
120	19600.00000	8.80345
120	19800.00000	8.80345
120	20000.00000	8.80345
121	0.00000	11.93235
121	200.00000	11.93235
121	400.00000	11.93235
121	600.00000	11.93235
121	800.00000	11.93235
121	1000.00000	11.71808
121	1200.00000	11.71808
121	1400.00000	11.71808
121	1600.00000	11.71808
121	1800.00000	11.71808
121	2000.00000	11.14847
121	2200.00000	11.14847
121	2400.00000	11.14847
121	2600.00000	11.14847
121	2800.00000	11.14847
121	3000.00000	11.41810
121	3200.00000	11.41810
121	3400.00000	11.41810
121	3600.00000	11.41810
121	3800.00000	11.41810
121	4000.00000	9.66207
121	4200.00000	9.66207
121	4400.00000	9.66207
121	4600.00000	9.66207
121	4800.00000	9.66207
121	5000.00000	10.61221
121	5200.00000	10.61221
121	5400.00000	10.61221
121	5600.00000	10.61221
121	5800.00000	10.32660
121	6000.00000	10.32660
121	6200.00000	10.32660
121	6400.00000	10.32660
121	6600.00000	10.32660
121	6800.00000	10.44253
121	7000.00000	10.44253
121	7200.00000	10.44253
121	7400.00000	10.44253
121	7600.00000	10.44253
121	7800.00000	9.59183
121	8000.00000	9.59183
121	8200.00000	9.59183
121	8400.00000	9.59183
121	8600.00000	9.59183
121	8800.00000	9.95785
121	9000.00000	9.95785
121	9200.00000	9.95785
121	9400.00000	9.95785
121	9600.00000	9.95785
121	9800.00000	8.80652
121	10000.00000	8.80652
121	10200.00000	8.80652
121	10400.00000	8.80652
121	10600.00000	9.98806
121	10800.00000	9.98806
121	11000.00000	9.98806
121	11200.00000	9.98806
121	11400.00000	9.98806
121	11600.00000	9.54221
121	11800.00000	9.54221
121	12000.00000	9.54221
121	12200.00000	9.54221
121	12400.00000	9.54221
121	12600.00000	10.52637
121	12800.00000	10.52637
121	13000.00000	10.52637
121	13200.00000	10.52637
121	13400.00000	10.52637
121	13600.00000	10.27066
121	13800.00000	10.27066
121	14000.00000	10.27066
121	14200.00000	10.27066
121	14400.00000	10.27066
121	14600.00000	9.83448
121	14800.00000	9.83448
121	15000.00000	9.83448
121	15200.00000	9.83448
121	15400.00000	9.61707
121	15600.00000	9.61707
121	15800.00000	9.61707
121	16000.00000	9.61707
121	16200.00000	9.61707
121	16400.00000	8.64782
121	16600.00000	8.64782
121	16800.00000	8.64782
121	17000.00000	8.64782
121	17200.00000	8.64782
121	17400.00000	8.06423
121	17600.00000	8.06423
121	17800.00000	8.06423
121	18000.00000	8.06423
121	18200.00000	8.06423
121	18400.00000	7.88013
121	18600.00000	7.88013
121	18800.00000	7.88013
121	19000.00000	7.88013
121	19200.00000	7.88013
121	19400.00000	9.46102
121	19600.00000	9.46102
121	19800.00000	9.46102
121	20000.00000	9.46102
122	0.00000	11.74315
122	200.00000	11.74315
122	400.00000	11.74315
122	600.00000	11.74315
122	800.00000	11.74315
122	1000.00000	11.48034
122	1200.00000	11.48034
122	1400.00000	11.48034
122	1600.00000	11.48034
122	1800.00000	11.48034
122	2000.00000	11.10510
122	2200.00000	11.10510
122	2400.00000	11.10510
122	2600.00000	11.10510
122	2800.00000	11.10510
122	3000.00000	10.93029
122	3200.00000	10.93029
122	3400.00000	10.93029
122	3600.00000	10.93029
122	3800.00000	10.93029
122	4000.00000	9.98656
122	4200.00000	9.98656
122	4400.00000	9.98656
122	4600.00000	9.98656
122	4800.00000	9.98656
122	5000.00000	10.35685
122	5200.00000	10.35685
122	5400.00000	10.35685
122	5600.00000	10.35685
122	5800.00000	10.90301
122	6000.00000	10.90301
122	6200.00000	10.90301
122	6400.00000	10.90301
122	6600.00000	10.90301
122	6800.00000	9.97999
122	7000.00000	9.97999
122	7200.00000	9.97999
122	7400.00000	9.97999
122	7600.00000	9.97999
122	7800.00000	9.66481
122	8000.00000	9.66481
122	8200.00000	9.66481
122	8400.00000	9.66481
122	8600.00000	9.66481
122	8800.00000	9.95442
122	9000.00000	9.95442
122	9200.00000	9.95442
122	9400.00000	9.95442
122	9600.00000	9.95442
122	9800.00000	8.55977
122	10000.00000	8.55977
122	10200.00000	8.55977
122	10400.00000	8.55977
122	10600.00000	10.17045
122	10800.00000	10.17045
122	11000.00000	10.17045
122	11200.00000	10.17045
122	11400.00000	10.17045
122	11600.00000	9.73849
122	11800.00000	9.73849
122	12000.00000	9.73849
122	12200.00000	9.73849
122	12400.00000	9.73849
122	12600.00000	10.85077
122	12800.00000	10.85077
122	13000.00000	10.85077
122	13200.00000	10.85077
122	13400.00000	10.85077
122	13600.00000	9.67325
122	13800.00000	9.67325
122	14000.00000	9.67325
122	14200.00000	9.67325
122	14400.00000	9.67325
122	14600.00000	10.62339
122	14800.00000	10.62339
122	15000.00000	10.62339
122	15200.00000	10.62339
122	15400.00000	8.67545
122	15600.00000	8.67545
122	15800.00000	8.67545
122	16000.00000	8.67545
122	16200.00000	8.67545
122	16400.00000	9.50663
122	16600.00000	9.50663
122	16800.00000	9.50663
122	17000.00000	9.50663
122	17200.00000	9.50663
122	17400.00000	8.75762
122	17600.00000	8.75762
122	17800.00000	8.75762
122	18000.00000	8.75762
122	18200.00000	8.75762
122	18400.00000	7.82984
122	18600.00000	7.82984
122	18800.00000	7.82984
122	19000.00000	7.82984
122	19200.00000	7.82984
122	19400.00000	8.48004
122	19600.00000	8.48004
122	19800.00000	8.48004
122	20000.00000	8.48004
123	0.00000	11.92230
123	200.00000	11.92230
123	400.00000	11.92230
123	600.00000	11.92230
123	800.00000	11.92230
123	1000.00000	11.35105
123	1200.00000	11.35105
123	1400.00000	11.35105
123	1600.00000	11.35105
123	1800.00000	11.35105
123	2000.00000	11.35784
123	2200.00000	11.35784
123	2400.00000	11.35784
123	2600.00000	11.35784
123	2800.00000	11.35784
123	3000.00000	10.75821
123	3200.00000	10.75821
123	3400.00000	10.75821
123	3600.00000	10.75821
123	3800.00000	10.75821
123	4000.00000	9.77377
123	4200.00000	9.77377
123	4400.00000	9.77377
123	4600.00000	9.77377
123	4800.00000	9.77377
123	5000.00000	10.13958
123	5200.00000	10.13958
123	5400.00000	10.13958
123	5600.00000	10.13958
123	5800.00000	10.62964
123	6000.00000	10.62964
123	6200.00000	10.62964
123	6400.00000	10.62964
123	6600.00000	10.62964
123	6800.00000	9.84466
123	7000.00000	9.84466
123	7200.00000	9.84466
123	7400.00000	9.84466
123	7600.00000	9.84466
123	7800.00000	9.51200
123	8000.00000	9.51200
123	8200.00000	9.51200
123	8400.00000	9.51200
123	8600.00000	9.51200
123	8800.00000	10.14807
123	9000.00000	10.14807
123	9200.00000	10.14807
123	9400.00000	10.14807
123	9600.00000	10.14807
123	9800.00000	9.06041
123	10000.00000	9.06041
123	10200.00000	9.06041
123	10400.00000	9.06041
123	10600.00000	9.83079
123	10800.00000	9.83079
123	11000.00000	9.83079
123	11200.00000	9.83079
123	11400.00000	9.83079
123	11600.00000	9.76422
123	11800.00000	9.76422
123	12000.00000	9.76422
123	12200.00000	9.76422
123	12400.00000	9.76422
123	12600.00000	10.15100
123	12800.00000	10.15100
123	13000.00000	10.15100
123	13200.00000	10.15100
123	13400.00000	10.15100
123	13600.00000	9.57661
123	13800.00000	9.57661
123	14000.00000	9.57661
123	14200.00000	9.57661
123	14400.00000	9.57661
123	14600.00000	9.11755
123	14800.00000	9.11755
123	15000.00000	9.11755
123	15200.00000	9.11755
123	15400.00000	9.09364
123	15600.00000	9.09364
123	15800.00000	9.09364
123	16000.00000	9.09364
123	16200.00000	9.09364
123	16400.00000	8.69117
123	16600.00000	8.69117
123	16800.00000	8.69117
123	17000.00000	8.69117
123	17200.00000	8.69117
123	17400.00000	8.33146
123	17600.00000	8.33146
123	17800.00000	8.33146
123	18000.00000	8.33146
123	18200.00000	8.33146
123	18400.00000	8.90848
123	18600.00000	8.90848
123	18800.00000	8.90848
123	19000.00000	8.90848
123	19200.00000	8.90848
123	19400.00000	8.56482
123	19600.00000	8.56482
123	19800.00000	8.56482
123	20000.00000	8.56482
124	0.00000	11.73702
124	200.00000	11.73702
124	400.00000	11.73702
124	600.00000	11.73702
124	800.00000	11.73702
124	1000.00000	11.54331
124	1200.00000	11.54331
124	1400.00000	11.54331
124	1600.00000	11.54331
124	1800.00000	11.54331
124	2000.00000	11.69410
124	2200.00000	11.69410
124	2400.00000	11.69410
124	2600.00000	11.69410
124	2800.00000	11.69410
124	3000.00000	10.73377
124	3200.00000	10.73377
124	3400.00000	10.73377
124	3600.00000	10.73377
124	3800.00000	10.73377
124	4000.00000	10.13588
124	4200.00000	10.13588
124	4400.00000	10.13588
124	4600.00000	10.13588
124	4800.00000	10.13588
124	5000.00000	10.09918
124	5200.00000	10.09918
124	5400.00000	10.09918
124	5600.00000	10.09918
124	5800.00000	10.38945
124	6000.00000	10.38945
124	6200.00000	10.38945
124	6400.00000	10.38945
124	6600.00000	10.38945
124	6800.00000	10.10588
124	7000.00000	10.10588
124	7200.00000	10.10588
124	7400.00000	10.10588
124	7600.00000	10.10588
124	7800.00000	9.84823
124	8000.00000	9.84823
124	8200.00000	9.84823
124	8400.00000	9.84823
124	8600.00000	9.84823
124	8800.00000	10.10796
124	9000.00000	10.10796
124	9200.00000	10.10796
124	9400.00000	10.10796
124	9600.00000	10.10796
124	9800.00000	9.16250
124	10000.00000	9.16250
124	10200.00000	9.16250
124	10400.00000	9.16250
124	10600.00000	10.03803
124	10800.00000	10.03803
124	11000.00000	10.03803
124	11200.00000	10.03803
124	11400.00000	10.03803
124	11600.00000	10.11792
124	11800.00000	10.11792
124	12000.00000	10.11792
124	12200.00000	10.11792
124	12400.00000	10.11792
124	12600.00000	9.80585
124	12800.00000	9.80585
124	13000.00000	9.80585
124	13200.00000	9.80585
124	13400.00000	9.80585
124	13600.00000	9.99815
124	13800.00000	9.99815
124	14000.00000	9.99815
124	14200.00000	9.99815
124	14400.00000	9.99815
124	14600.00000	9.35367
124	14800.00000	9.35367
124	15000.00000	9.35367
124	15200.00000	9.35367
124	15400.00000	9.47234
124	15600.00000	9.47234
124	15800.00000	9.47234
124	16000.00000	9.47234
124	16200.00000	9.47234
124	16400.00000	9.23046
124	16600.00000	9.23046
124	16800.00000	9.23046
124	17000.00000	9.23046
124	17200.00000	9.23046
124	17400.00000	8.72890
124	17600.00000	8.72890
124	17800.00000	8.72890
124	18000.00000	8.72890
124	18200.00000	8.72890
124	18400.00000	7.92531
124	18600.00000	7.92531
124	18800.00000	7.92531
124	19000.00000	7.92531
124	19200.00000	7.92531
124	19400.00000	8.28840
124	19600.00000	8.28840
124	19800.00000	8.28840
124	20000.00000	8.28840
125	0.00000	11.60587
125	200.00000	11.60587
125	400.00000	11.60587
125	600.00000	11.60587
125	800.00000	11.60587
125	1000.00000	11.61578
125	1200.00000	11.61578
125	1400.00000	11.61578
125	1600.00000	11.61578
125	1800.00000	11.61578
125	2000.00000	11.41239
125	2200.00000	11.41239
125	2400.00000	11.41239
125	2600.00000	11.41239
125	2800.00000	11.41239
125	3000.00000	10.69249
125	3200.00000	10.69249
125	3400.00000	10.69249
125	3600.00000	10.69249
125	3800.00000	10.69249
125	4000.00000	9.98113
125	4200.00000	9.98113
125	4400.00000	9.98113
125	4600.00000	9.98113
125	4800.00000	9.98113
125	5000.00000	10.49936
125	5200.00000	10.49936
125	5400.00000	10.49936
125	5600.00000	10.49936
125	5800.00000	10.52689
125	6000.00000	10.52689
125	6200.00000	10.52689
125	6400.00000	10.52689
125	6600.00000	10.52689
125	6800.00000	10.04740
125	7000.00000	10.04740
125	7200.00000	10.04740
125	7400.00000	10.04740
125	7600.00000	10.04740
125	7800.00000	9.64330
125	8000.00000	9.64330
125	8200.00000	9.64330
125	8400.00000	9.64330
125	8600.00000	9.64330
125	8800.00000	9.78760
125	9000.00000	9.78760
125	9200.00000	9.78760
125	9400.00000	9.78760
125	9600.00000	9.78760
125	9800.00000	9.49914
125	10000.00000	9.49914
125	10200.00000	9.49914
125	10400.00000	9.49914
125	10600.00000	9.81214
125	10800.00000	9.81214
125	11000.00000	9.81214
125	11200.00000	9.81214
125	11400.00000	9.81214
125	11600.00000	9.75342
125	11800.00000	9.75342
125	12000.00000	9.75342
125	12200.00000	9.75342
125	12400.00000	9.75342
125	12600.00000	10.23420
125	12800.00000	10.23420
125	13000.00000	10.23420
125	13200.00000	10.23420
125	13400.00000	10.23420
125	13600.00000	9.61766
125	13800.00000	9.61766
125	14000.00000	9.61766
125	14200.00000	9.61766
125	14400.00000	9.61766
125	14600.00000	9.57394
125	14800.00000	9.57394
125	15000.00000	9.57394
125	15200.00000	9.57394
125	15400.00000	8.91833
125	15600.00000	8.91833
125	15800.00000	8.91833
125	16000.00000	8.91833
125	16200.00000	8.91833
125	16400.00000	8.98798
125	16600.00000	8.98798
125	16800.00000	8.98798
125	17000.00000	8.98798
125	17200.00000	8.98798
125	17400.00000	8.38176
125	17600.00000	8.38176
125	17800.00000	8.38176
125	18000.00000	8.38176
125	18200.00000	8.38176
125	18400.00000	8.50717
125	18600.00000	8.50717
125	18800.00000	8.50717
125	19000.00000	8.50717
125	19200.00000	8.50717
125	19400.00000	8.58496
125	19600.00000	8.58496
125	19800.00000	8.58496
125	20000.00000	8.58496
126	0.00000	11.60131
126	200.00000	11.60131
126	400.00000	11.60131
126	600.00000	11.60131
126	800.00000	11.60131
126	1000.00000	11.22733
126	1200.00000	11.22733
126	1400.00000	11.22733
126	1600.00000	11.22733
126	1800.00000	11.22733
126	2000.00000	11.46522
126	2200.00000	11.46522
126	2400.00000	11.46522
126	2600.00000	11.46522
126	2800.00000	11.46522
126	3000.00000	10.96489
126	3200.00000	10.96489
126	3400.00000	10.96489
126	3600.00000	10.96489
126	3800.00000	10.96489
126	4000.00000	9.69582
126	4200.00000	9.69582
126	4400.00000	9.69582
126	4600.00000	9.69582
126	4800.00000	9.69582
126	5000.00000	10.33746
126	5200.00000	10.33746
126	5400.00000	10.33746
126	5600.00000	10.33746
126	5800.00000	10.73429
126	6000.00000	10.73429
126	6200.00000	10.73429
126	6400.00000	10.73429
126	6600.00000	10.73429
126	6800.00000	10.63951
126	7000.00000	10.63951
126	7200.00000	10.63951
126	7400.00000	10.63951
126	7600.00000	10.63951
126	7800.00000	9.49530
126	8000.00000	9.49530
126	8200.00000	9.49530
126	8400.00000	9.49530
126	8600.00000	9.49530
126	8800.00000	9.76743
126	9000.00000	9.76743
126	9200.00000	9.76743
126	9400.00000	9.76743
126	9600.00000	9.76743
126	9800.00000	9.25456
126	10000.00000	9.25456
126	10200.00000	9.25456
126	10400.00000	9.25456
126	10600.00000	9.21849
126	10800.00000	9.21849
126	11000.00000	9.21849
126	11200.00000	9.21849
126	11400.00000	9.21849
126	11600.00000	10.05785
126	11800.00000	10.05785
126	12000.00000	10.05785
126	12200.00000	10.05785
126	12400.00000	10.05785
126	12600.00000	10.86643
126	12800.00000	10.86643
126	13000.00000	10.86643
126	13200.00000	10.86643
126	13400.00000	10.86643
126	13600.00000	9.91364
126	13800.00000	9.91364
126	14000.00000	9.91364
126	14200.00000	9.91364
126	14400.00000	9.91364
126	14600.00000	9.62706
126	14800.00000	9.62706
126	15000.00000	9.62706
126	15200.00000	9.62706
126	15400.00000	9.40818
126	15600.00000	9.40818
126	15800.00000	9.40818
126	16000.00000	9.40818
126	16200.00000	9.40818
126	16400.00000	9.19485
126	16600.00000	9.19485
126	16800.00000	9.19485
126	17000.00000	9.19485
126	17200.00000	9.19485
126	17400.00000	8.88436
126	17600.00000	8.88436
126	17800.00000	8.88436
126	18000.00000	8.88436
126	18200.00000	8.88436
126	18400.00000	9.21231
126	18600.00000	9.21231
126	18800.00000	9.21231
126	19000.00000	9.21231
126	19200.00000	9.21231
126	19400.00000	9.26969
126	19600.00000	9.26969
126	19800.00000	9.26969
126	20000.00000	9.26969
127	0.00000	11.63360
127	200.00000	11.63360
127	400.00000	11.63360
127	600.00000	11.63360
127	800.00000	11.63360
127	1000.00000	11.58564
127	1200.00000	11.58564
127	1400.00000	11.58564
127	1600.00000	11.58564
127	1800.00000	11.58564
127	2000.00000	11.25332
127	2200.00000	11.25332
127	2400.00000	11.25332
127	2600.00000	11.25332
127	2800.00000	11.25332
127	3000.00000	10.78177
127	3200.00000	10.78177
127	3400.00000	10.78177
127	3600.00000	10.78177
127	3800.00000	10.78177
127	4000.00000	9.75208
127	4200.00000	9.75208
127	4400.00000	9.75208
127	4600.00000	9.75208
127	4800.00000	9.75208
127	5000.00000	10.27064
127	5200.00000	10.27064
127	5400.00000	10.27064
127	5600.00000	10.27064
127	5800.00000	10.40531
127	6000.00000	10.40531
127	6200.00000	10.40531
127	6400.00000	10.40531
127	6600.00000	10.40531
127	6800.00000	9.91573
127	7000.00000	9.91573
127	7200.00000	9.91573
127	7400.00000	9.91573
127	7600.00000	9.91573
127	7800.00000	9.30093
127	8000.00000	9.30093
127	8200.00000	9.30093
127	8400.00000	9.30093
127	8600.00000	9.30093
127	8800.00000	9.56858
127	9000.00000	9.56858
127	9200.00000	9.56858
127	9400.00000	9.56858
127	9600.00000	9.56858
127	9800.00000	9.41016
127	10000.00000	9.41016
127	10200.00000	9.41016
127	10400.00000	9.41016
127	10600.00000	10.08129
127	10800.00000	10.08129
127	11000.00000	10.08129
127	11200.00000	10.08129
127	11400.00000	10.08129
127	11600.00000	10.04845
127	11800.00000	10.04845
127	12000.00000	10.04845
127	12200.00000	10.04845
127	12400.00000	10.04845
127	12600.00000	10.60240
127	12800.00000	10.60240
127	13000.00000	10.60240
127	13200.00000	10.60240
127	13400.00000	10.60240
127	13600.00000	9.53576
127	13800.00000	9.53576
127	14000.00000	9.53576
127	14200.00000	9.53576
127	14400.00000	9.53576
127	14600.00000	9.39473
127	14800.00000	9.39473
127	15000.00000	9.39473
127	15200.00000	9.39473
127	15400.00000	8.89374
127	15600.00000	8.89374
127	15800.00000	8.89374
127	16000.00000	8.89374
127	16200.00000	8.89374
127	16400.00000	9.39241
127	16600.00000	9.39241
127	16800.00000	9.39241
127	17000.00000	9.39241
127	17200.00000	9.39241
127	17400.00000	8.90932
127	17600.00000	8.90932
127	17800.00000	8.90932
127	18000.00000	8.90932
127	18200.00000	8.90932
127	18400.00000	8.33071
127	18600.00000	8.33071
127	18800.00000	8.33071
127	19000.00000	8.33071
127	19200.00000	8.33071
127	19400.00000	8.37847
127	19600.00000	8.37847
127	19800.00000	8.37847
127	20000.00000	8.37847
128	0.00000	11.58409
128	200.00000	11.58409
128	400.00000	11.58409
128	600.00000	11.58409
128	800.00000	11.58409
128	1000.00000	11.68032
128	1200.00000	11.68032
128	1400.00000	11.68032
128	1600.00000	11.68032
128	1800.00000	11.68032
128	2000.00000	11.42615
128	2200.00000	11.42615
128	2400.00000	11.42615
128	2600.00000	11.42615
128	2800.00000	11.42615
128	3000.00000	10.69708
128	3200.00000	10.69708
128	3400.00000	10.69708
128	3600.00000	10.69708
128	3800.00000	10.69708
128	4000.00000	10.06817
128	4200.00000	10.06817
128	4400.00000	10.06817
128	4600.00000	10.06817
128	4800.00000	10.06817
128	5000.00000	10.02210
128	5200.00000	10.02210
128	5400.00000	10.02210
128	5600.00000	10.02210
128	5800.00000	11.51731
128	6000.00000	11.51731
128	6200.00000	11.51731
128	6400.00000	11.51731
128	6600.00000	11.51731
128	6800.00000	10.30703
128	7000.00000	10.30703
128	7200.00000	10.30703
128	7400.00000	10.30703
128	7600.00000	10.30703
128	7800.00000	9.39529
128	8000.00000	9.39529
128	8200.00000	9.39529
128	8400.00000	9.39529
128	8600.00000	9.39529
128	8800.00000	9.65439
128	9000.00000	9.65439
128	9200.00000	9.65439
128	9400.00000	9.65439
128	9600.00000	9.65439
128	9800.00000	9.55627
128	10000.00000	9.55627
128	10200.00000	9.55627
128	10400.00000	9.55627
128	10600.00000	9.20821
128	10800.00000	9.20821
128	11000.00000	9.20821
128	11200.00000	9.20821
128	11400.00000	9.20821
128	11600.00000	9.51574
128	11800.00000	9.51574
128	12000.00000	9.51574
128	12200.00000	9.51574
128	12400.00000	9.51574
128	12600.00000	9.93984
128	12800.00000	9.93984
128	13000.00000	9.93984
128	13200.00000	9.93984
128	13400.00000	9.93984
128	13600.00000	9.69324
128	13800.00000	9.69324
128	14000.00000	9.69324
128	14200.00000	9.69324
128	14400.00000	9.69324
128	14600.00000	9.08225
128	14800.00000	9.08225
128	15000.00000	9.08225
128	15200.00000	9.08225
128	15400.00000	10.25422
128	15600.00000	10.25422
128	15800.00000	10.25422
128	16000.00000	10.25422
128	16200.00000	10.25422
128	16400.00000	9.63218
128	16600.00000	9.63218
128	16800.00000	9.63218
128	17000.00000	9.63218
128	17200.00000	9.63218
128	17400.00000	8.62040
128	17600.00000	8.62040
128	17800.00000	8.62040
128	18000.00000	8.62040
128	18200.00000	8.62040
128	18400.00000	8.29590
128	18600.00000	8.29590
128	18800.00000	8.29590
128	19000.00000	8.29590
128	19200.00000	8.29590
128	19400.00000	8.39979
128	19600.00000	8.39979
128	19800.00000	8.39979
128	20000.00000	8.39979
129	0.00000	11.60844
129	200.00000	11.60844
129	400.00000	11.60844
129	600.00000	11.60844
129	800.00000	11.60844
129	1000.00000	11.45122
129	1200.00000	11.45122
129	1400.00000	11.45122
129	1600.00000	11.45122
129	1800.00000	11.45122
129	2000.00000	11.88687
129	2200.00000	11.88687
129	2400.00000	11.88687
129	2600.00000	11.88687
129	2800.00000	11.88687
129	3000.00000	10.92712
129	3200.00000	10.92712
129	3400.00000	10.92712
129	3600.00000	10.92712
129	3800.00000	10.92712
129	4000.00000	9.68640
129	4200.00000	9.68640
129	4400.00000	9.68640
129	4600.00000	9.68640
129	4800.00000	9.68640
129	5000.00000	10.29204
129	5200.00000	10.29204
129	5400.00000	10.29204
129	5600.00000	10.29204
129	5800.00000	10.81619
129	6000.00000	10.81619
129	6200.00000	10.81619
129	6400.00000	10.81619
129	6600.00000	10.81619
129	6800.00000	10.22921
129	7000.00000	10.22921
129	7200.00000	10.22921
129	7400.00000	10.22921
129	7600.00000	10.22921
129	7800.00000	9.16777
129	8000.00000	9.16777
129	8200.00000	9.16777
129	8400.00000	9.16777
129	8600.00000	9.16777
129	8800.00000	10.26894
129	9000.00000	10.26894
129	9200.00000	10.26894
129	9400.00000	10.26894
129	9600.00000	10.26894
129	9800.00000	10.42323
129	10000.00000	10.42323
129	10200.00000	10.42323
129	10400.00000	10.42323
129	10600.00000	9.00378
129	10800.00000	9.00378
129	11000.00000	9.00378
129	11200.00000	9.00378
129	11400.00000	9.00378
129	11600.00000	10.08451
129	11800.00000	10.08451
129	12000.00000	10.08451
129	12200.00000	10.08451
129	12400.00000	10.08451
129	12600.00000	10.16746
129	12800.00000	10.16746
129	13000.00000	10.16746
129	13200.00000	10.16746
129	13400.00000	10.16746
129	13600.00000	10.54210
129	13800.00000	10.54210
129	14000.00000	10.54210
129	14200.00000	10.54210
129	14400.00000	10.54210
129	14600.00000	9.39790
129	14800.00000	9.39790
129	15000.00000	9.39790
129	15200.00000	9.39790
129	15400.00000	9.04993
129	15600.00000	9.04993
129	15800.00000	9.04993
129	16000.00000	9.04993
129	16200.00000	9.04993
129	16400.00000	8.88596
129	16600.00000	8.88596
129	16800.00000	8.88596
129	17000.00000	8.88596
129	17200.00000	8.88596
129	17400.00000	8.50016
129	17600.00000	8.50016
129	17800.00000	8.50016
129	18000.00000	8.50016
129	18200.00000	8.50016
129	18400.00000	7.72000
129	18600.00000	7.72000
129	18800.00000	7.72000
129	19000.00000	7.72000
129	19200.00000	7.72000
129	19400.00000	8.71184
129	19600.00000	8.71184
129	19800.00000	8.71184
129	20000.00000	8.71184
130	0.00000	11.65552
130	200.00000	11.65552
130	400.00000	11.65552
130	600.00000	11.65552
130	800.00000	11.65552
130	1000.00000	11.76210
130	1200.00000	11.76210
130	1400.00000	11.76210
130	1600.00000	11.76210
130	1800.00000	11.76210
130	2000.00000	11.08981
130	2200.00000	11.08981
130	2400.00000	11.08981
130	2600.00000	11.08981
130	2800.00000	11.08981
130	3000.00000	10.67799
130	3200.00000	10.67799
130	3400.00000	10.67799
130	3600.00000	10.67799
130	3800.00000	10.67799
130	4000.00000	9.86088
130	4200.00000	9.86088
130	4400.00000	9.86088
130	4600.00000	9.86088
130	4800.00000	9.86088
130	5000.00000	10.10976
130	5200.00000	10.10976
130	5400.00000	10.10976
130	5600.00000	10.10976
130	5800.00000	11.58841
130	6000.00000	11.58841
130	6200.00000	11.58841
130	6400.00000	11.58841
130	6600.00000	11.58841
130	6800.00000	9.80280
130	7000.00000	9.80280
130	7200.00000	9.80280
130	7400.00000	9.80280
130	7600.00000	9.80280
130	7800.00000	8.95145
130	8000.00000	8.95145
130	8200.00000	8.95145
130	8400.00000	8.95145
130	8600.00000	8.95145
130	8800.00000	10.76392
130	9000.00000	10.76392
130	9200.00000	10.76392
130	9400.00000	10.76392
130	9600.00000	10.76392
130	9800.00000	10.37502
130	10000.00000	10.37502
130	10200.00000	10.37502
130	10400.00000	10.37502
130	10600.00000	8.68173
130	10800.00000	8.68173
130	11000.00000	8.68173
130	11200.00000	8.68173
130	11400.00000	8.68173
130	11600.00000	9.78730
130	11800.00000	9.78730
130	12000.00000	9.78730
130	12200.00000	9.78730
130	12400.00000	9.78730
130	12600.00000	10.13893
130	12800.00000	10.13893
130	13000.00000	10.13893
130	13200.00000	10.13893
130	13400.00000	10.13893
130	13600.00000	11.14024
130	13800.00000	11.14024
130	14000.00000	11.14024
130	14200.00000	11.14024
130	14400.00000	11.14024
130	14600.00000	8.86667
130	14800.00000	8.86667
130	15000.00000	8.86667
130	15200.00000	8.86667
130	15400.00000	9.18673
130	15600.00000	9.18673
130	15800.00000	9.18673
130	16000.00000	9.18673
130	16200.00000	9.18673
130	16400.00000	9.43828
130	16600.00000	9.43828
130	16800.00000	9.43828
130	17000.00000	9.43828
130	17200.00000	9.43828
130	17400.00000	8.91227
130	17600.00000	8.91227
130	17800.00000	8.91227
130	18000.00000	8.91227
130	18200.00000	8.91227
130	18400.00000	7.49204
130	18600.00000	7.49204
130	18800.00000	7.49204
130	19000.00000	7.49204
130	19200.00000	7.49204
130	19400.00000	8.72729
130	19600.00000	8.72729
130	19800.00000	8.72729
130	20000.00000	8.72729
131	0.00000	11.70801
131	200.00000	11.70801
131	400.00000	11.70801
131	600.00000	11.70801
131	800.00000	11.70801
131	1000.00000	11.51445
131	1200.00000	11.51445
131	1400.00000	11.51445
131	1600.00000	11.51445
131	1800.00000	11.51445
131	2000.00000	11.34632
131	2200.00000	11.34632
131	2400.00000	11.34632
131	2600.00000	11.34632
131	2800.00000	11.34632
131	3000.00000	10.66523
131	3200.00000	10.66523
131	3400.00000	10.66523
131	3600.00000	10.66523
131	3800.00000	10.66523
131	4000.00000	10.06226
131	4200.00000	10.06226
131	4400.00000	10.06226
131	4600.00000	10.06226
131	4800.00000	10.06226
131	5000.00000	10.48313
131	5200.00000	10.48313
131	5400.00000	10.48313
131	5600.00000	10.48313
131	5800.00000	11.22405
131	6000.00000	11.22405
131	6200.00000	11.22405
131	6400.00000	11.22405
131	6600.00000	11.22405
131	6800.00000	10.02351
131	7000.00000	10.02351
131	7200.00000	10.02351
131	7400.00000	10.02351
131	7600.00000	10.02351
131	7800.00000	9.25651
131	8000.00000	9.25651
131	8200.00000	9.25651
131	8400.00000	9.25651
131	8600.00000	9.25651
131	8800.00000	10.48921
131	9000.00000	10.48921
131	9200.00000	10.48921
131	9400.00000	10.48921
131	9600.00000	10.48921
131	9800.00000	10.52160
131	10000.00000	10.52160
131	10200.00000	10.52160
131	10400.00000	10.52160
131	10600.00000	9.02919
131	10800.00000	9.02919
131	11000.00000	9.02919
131	11200.00000	9.02919
131	11400.00000	9.02919
131	11600.00000	9.74278
131	11800.00000	9.74278
131	12000.00000	9.74278
131	12200.00000	9.74278
131	12400.00000	9.74278
131	12600.00000	10.38683
131	12800.00000	10.38683
131	13000.00000	10.38683
131	13200.00000	10.38683
131	13400.00000	10.38683
131	13600.00000	9.83520
131	13800.00000	9.83520
131	14000.00000	9.83520
131	14200.00000	9.83520
131	14400.00000	9.83520
131	14600.00000	8.93357
131	14800.00000	8.93357
131	15000.00000	8.93357
131	15200.00000	8.93357
131	15400.00000	9.55877
131	15600.00000	9.55877
131	15800.00000	9.55877
131	16000.00000	9.55877
131	16200.00000	9.55877
131	16400.00000	9.58278
131	16600.00000	9.58278
131	16800.00000	9.58278
131	17000.00000	9.58278
131	17200.00000	9.58278
131	17400.00000	8.67541
131	17600.00000	8.67541
131	17800.00000	8.67541
131	18000.00000	8.67541
131	18200.00000	8.67541
131	18400.00000	8.27236
131	18600.00000	8.27236
131	18800.00000	8.27236
131	19000.00000	8.27236
131	19200.00000	8.27236
131	19400.00000	9.33131
131	19600.00000	9.33131
131	19800.00000	9.33131
131	20000.00000	9.33131
132	0.00000	12.18472
132	200.00000	12.18472
132	400.00000	12.18472
132	600.00000	12.18472
132	800.00000	12.18472
132	1000.00000	11.49878
132	1200.00000	11.49878
132	1400.00000	11.49878
132	1600.00000	11.49878
132	1800.00000	11.49878
132	2000.00000	11.89821
132	2200.00000	11.89821
132	2400.00000	11.89821
132	2600.00000	11.89821
132	2800.00000	11.89821
132	3000.00000	10.52965
132	3200.00000	10.52965
132	3400.00000	10.52965
132	3600.00000	10.52965
132	3800.00000	10.52965
132	4000.00000	9.98943
132	4200.00000	9.98943
132	4400.00000	9.98943
132	4600.00000	9.98943
132	4800.00000	9.98943
132	5000.00000	10.36385
132	5200.00000	10.36385
132	5400.00000	10.36385
132	5600.00000	10.36385
132	5800.00000	10.99133
132	6000.00000	10.99133
132	6200.00000	10.99133
132	6400.00000	10.99133
132	6600.00000	10.99133
132	6800.00000	9.95990
132	7000.00000	9.95990
132	7200.00000	9.95990
132	7400.00000	9.95990
132	7600.00000	9.95990
132	7800.00000	8.96814
132	8000.00000	8.96814
132	8200.00000	8.96814
132	8400.00000	8.96814
132	8600.00000	8.96814
132	8800.00000	10.44678
132	9000.00000	10.44678
132	9200.00000	10.44678
132	9400.00000	10.44678
132	9600.00000	10.44678
132	9800.00000	11.22030
132	10000.00000	11.22030
132	10200.00000	11.22030
132	10400.00000	11.22030
132	10600.00000	8.92783
132	10800.00000	8.92783
132	11000.00000	8.92783
132	11200.00000	8.92783
132	11400.00000	8.92783
132	11600.00000	9.17022
132	11800.00000	9.17022
132	12000.00000	9.17022
132	12200.00000	9.17022
132	12400.00000	9.17022
132	12600.00000	10.15844
132	12800.00000	10.15844
132	13000.00000	10.15844
132	13200.00000	10.15844
132	13400.00000	10.15844
132	13600.00000	11.79187
132	13800.00000	11.79187
132	14000.00000	11.79187
132	14200.00000	11.79187
132	14400.00000	11.79187
132	14600.00000	8.70924
132	14800.00000	8.70924
132	15000.00000	8.70924
132	15200.00000	8.70924
132	15400.00000	9.29064
132	15600.00000	9.29064
132	15800.00000	9.29064
132	16000.00000	9.29064
132	16200.00000	9.29064
132	16400.00000	10.38637
132	16600.00000	10.38637
132	16800.00000	10.38637
132	17000.00000	10.38637
132	17200.00000	10.38637
132	17400.00000	10.51411
132	17600.00000	10.51411
132	17800.00000	10.51411
132	18000.00000	10.51411
132	18200.00000	10.51411
132	18400.00000	7.78364
132	18600.00000	7.78364
132	18800.00000	7.78364
132	19000.00000	7.78364
132	19200.00000	7.78364
132	19400.00000	9.49783
132	19600.00000	9.49783
132	19800.00000	9.49783
132	20000.00000	9.49783
133	0.00000	11.63459
133	200.00000	11.63459
133	400.00000	11.63459
133	600.00000	11.63459
133	800.00000	11.63459
133	1000.00000	11.44099
133	1200.00000	11.44099
133	1400.00000	11.44099
133	1600.00000	11.44099
133	1800.00000	11.44099
133	2000.00000	11.60403
133	2200.00000	11.60403
133	2400.00000	11.60403
133	2600.00000	11.60403
133	2800.00000	11.60403
133	3000.00000	10.85674
133	3200.00000	10.85674
133	3400.00000	10.85674
133	3600.00000	10.85674
133	3800.00000	10.85674
133	4000.00000	9.58200
133	4200.00000	9.58200
133	4400.00000	9.58200
133	4600.00000	9.58200
133	4800.00000	9.58200
133	5000.00000	10.46424
133	5200.00000	10.46424
133	5400.00000	10.46424
133	5600.00000	10.46424
133	5800.00000	10.76126
133	6000.00000	10.76126
133	6200.00000	10.76126
133	6400.00000	10.76126
133	6600.00000	10.76126
133	6800.00000	9.97478
133	7000.00000	9.97478
133	7200.00000	9.97478
133	7400.00000	9.97478
133	7600.00000	9.97478
133	7800.00000	9.04268
133	8000.00000	9.04268
133	8200.00000	9.04268
133	8400.00000	9.04268
133	8600.00000	9.04268
133	8800.00000	10.33989
133	9000.00000	10.33989
133	9200.00000	10.33989
133	9400.00000	10.33989
133	9600.00000	10.33989
133	9800.00000	10.12433
133	10000.00000	10.12433
133	10200.00000	10.12433
133	10400.00000	10.12433
133	10600.00000	9.11811
133	10800.00000	9.11811
133	11000.00000	9.11811
133	11200.00000	9.11811
133	11400.00000	9.11811
133	11600.00000	9.88161
133	11800.00000	9.88161
133	12000.00000	9.88161
133	12200.00000	9.88161
133	12400.00000	9.88161
133	12600.00000	9.80352
133	12800.00000	9.80352
133	13000.00000	9.80352
133	13200.00000	9.80352
133	13400.00000	9.80352
133	13600.00000	10.59417
133	13800.00000	10.59417
133	14000.00000	10.59417
133	14200.00000	10.59417
133	14400.00000	10.59417
133	14600.00000	10.28630
133	14800.00000	10.28630
133	15000.00000	10.28630
133	15200.00000	10.28630
133	15400.00000	9.26625
133	15600.00000	9.26625
133	15800.00000	9.26625
133	16000.00000	9.26625
133	16200.00000	9.26625
133	16400.00000	9.70972
133	16600.00000	9.70972
133	16800.00000	9.70972
133	17000.00000	9.70972
133	17200.00000	9.70972
133	17400.00000	8.49201
133	17600.00000	8.49201
133	17800.00000	8.49201
133	18000.00000	8.49201
133	18200.00000	8.49201
133	18400.00000	8.22926
133	18600.00000	8.22926
133	18800.00000	8.22926
133	19000.00000	8.22926
133	19200.00000	8.22926
133	19400.00000	7.82989
133	19600.00000	7.82989
133	19800.00000	7.82989
133	20000.00000	7.82989
134	0.00000	11.47420
134	200.00000	11.47420
134	400.00000	11.47420
134	600.00000	11.47420
134	800.00000	11.47420
134	1000.00000	12.09289
134	1200.00000	12.09289
134	1400.00000	12.09289
134	1600.00000	12.09289
134	1800.00000	12.09289
134	2000.00000	11.05909
134	2200.00000	11.05909
134	2400.00000	11.05909
134	2600.00000	11.05909
134	2800.00000	11.05909
134	3000.00000	10.93317
134	3200.00000	10.93317
134	3400.00000	10.93317
134	3600.00000	10.93317
134	3800.00000	10.93317
134	4000.00000	10.03019
134	4200.00000	10.03019
134	4400.00000	10.03019
134	4600.00000	10.03019
134	4800.00000	10.03019
134	5000.00000	10.16446
134	5200.00000	10.16446
134	5400.00000	10.16446
134	5600.00000	10.16446
134	5800.00000	10.29847
134	6000.00000	10.29847
134	6200.00000	10.29847
134	6400.00000	10.29847
134	6600.00000	10.29847
134	6800.00000	10.18057
134	7000.00000	10.18057
134	7200.00000	10.18057
134	7400.00000	10.18057
134	7600.00000	10.18057
134	7800.00000	9.52035
134	8000.00000	9.52035
134	8200.00000	9.52035
134	8400.00000	9.52035
134	8600.00000	9.52035
134	8800.00000	10.05551
134	9000.00000	10.05551
134	9200.00000	10.05551
134	9400.00000	10.05551
134	9600.00000	10.05551
134	9800.00000	9.42408
134	10000.00000	9.42408
134	10200.00000	9.42408
134	10400.00000	9.42408
134	10600.00000	8.95797
134	10800.00000	8.95797
134	11000.00000	8.95797
134	11200.00000	8.95797
134	11400.00000	8.95797
134	11600.00000	9.10413
134	11800.00000	9.10413
134	12000.00000	9.10413
134	12200.00000	9.10413
134	12400.00000	9.10413
134	12600.00000	10.27191
134	12800.00000	10.27191
134	13000.00000	10.27191
134	13200.00000	10.27191
134	13400.00000	10.27191
134	13600.00000	11.03295
134	13800.00000	11.03295
134	14000.00000	11.03295
134	14200.00000	11.03295
134	14400.00000	11.03295
134	14600.00000	9.78332
134	14800.00000	9.78332
134	15000.00000	9.78332
134	15200.00000	9.78332
134	15400.00000	9.23409
134	15600.00000	9.23409
134	15800.00000	9.23409
134	16000.00000	9.23409
134	16200.00000	9.23409
134	16400.00000	8.72256
134	16600.00000	8.72256
134	16800.00000	8.72256
134	17000.00000	8.72256
134	17200.00000	8.72256
134	17400.00000	8.64964
134	17600.00000	8.64964
134	17800.00000	8.64964
134	18000.00000	8.64964
134	18200.00000	8.64964
134	18400.00000	9.24196
134	18600.00000	9.24196
134	18800.00000	9.24196
134	19000.00000	9.24196
134	19200.00000	9.24196
134	19400.00000	8.91759
134	19600.00000	8.91759
134	19800.00000	8.91759
134	20000.00000	8.91759
135	0.00000	11.57899
135	200.00000	11.57899
135	400.00000	11.57899
135	600.00000	11.57899
135	800.00000	11.57899
135	1000.00000	11.21756
135	1200.00000	11.21756
135	1400.00000	11.21756
135	1600.00000	11.21756
135	1800.00000	11.21756
135	2000.00000	11.15634
135	2200.00000	11.15634
135	2400.00000	11.15634
135	2600.00000	11.15634
135	2800.00000	11.15634
135	3000.00000	11.47477
135	3200.00000	11.47477
135	3400.00000	11.47477
135	3600.00000	11.47477
135	3800.00000	11.47477
135	4000.00000	9.70100
135	4200.00000	9.70100
135	4400.00000	9.70100
135	4600.00000	9.70100
135	4800.00000	9.70100
135	5000.00000	10.26032
135	5200.00000	10.26032
135	5400.00000	10.26032
135	5600.00000	10.26032
135	5800.00000	10.71714
135	6000.00000	10.71714
135	6200.00000	10.71714
135	6400.00000	10.71714
135	6600.00000	10.71714
135	6800.00000	10.00363
135	7000.00000	10.00363
135	7200.00000	10.00363
135	7400.00000	10.00363
135	7600.00000	10.00363
135	7800.00000	10.73987
135	8000.00000	10.73987
135	8200.00000	10.73987
135	8400.00000	10.73987
135	8600.00000	10.73987
135	8800.00000	9.20404
135	9000.00000	9.20404
135	9200.00000	9.20404
135	9400.00000	9.20404
135	9600.00000	9.20404
135	9800.00000	9.64791
135	10000.00000	9.64791
135	10200.00000	9.64791
135	10400.00000	9.64791
135	10600.00000	9.38719
135	10800.00000	9.38719
135	11000.00000	9.38719
135	11200.00000	9.38719
135	11400.00000	9.38719
135	11600.00000	10.16801
135	11800.00000	10.16801
135	12000.00000	10.16801
135	12200.00000	10.16801
135	12400.00000	10.16801
135	12600.00000	9.51311
135	12800.00000	9.51311
135	13000.00000	9.51311
135	13200.00000	9.51311
135	13400.00000	9.51311
135	13600.00000	10.69848
135	13800.00000	10.69848
135	14000.00000	10.69848
135	14200.00000	10.69848
135	14400.00000	10.69848
135	14600.00000	9.15069
135	14800.00000	9.15069
135	15000.00000	9.15069
135	15200.00000	9.15069
135	15400.00000	8.80216
135	15600.00000	8.80216
135	15800.00000	8.80216
135	16000.00000	8.80216
135	16200.00000	8.80216
135	16400.00000	9.92093
135	16600.00000	9.92093
135	16800.00000	9.92093
135	17000.00000	9.92093
135	17200.00000	9.92093
135	17400.00000	8.83079
135	17600.00000	8.83079
135	17800.00000	8.83079
135	18000.00000	8.83079
135	18200.00000	8.83079
135	18400.00000	8.05604
135	18600.00000	8.05604
135	18800.00000	8.05604
135	19000.00000	8.05604
135	19200.00000	8.05604
135	19400.00000	8.46097
135	19600.00000	8.46097
135	19800.00000	8.46097
135	20000.00000	8.46097
136	0.00000	11.57761
136	200.00000	11.57761
136	400.00000	11.57761
136	600.00000	11.57761
136	800.00000	11.57761
136	1000.00000	11.27283
136	1200.00000	11.27283
136	1400.00000	11.27283
136	1600.00000	11.27283
136	1800.00000	11.27283
136	2000.00000	11.42027
136	2200.00000	11.42027
136	2400.00000	11.42027
136	2600.00000	11.42027
136	2800.00000	11.42027
136	3000.00000	10.79871
136	3200.00000	10.79871
136	3400.00000	10.79871
136	3600.00000	10.79871
136	3800.00000	10.79871
136	4000.00000	9.80746
136	4200.00000	9.80746
136	4400.00000	9.80746
136	4600.00000	9.80746
136	4800.00000	9.80746
136	5000.00000	10.70622
136	5200.00000	10.70622
136	5400.00000	10.70622
136	5600.00000	10.70622
136	5800.00000	10.59243
136	6000.00000	10.59243
136	6200.00000	10.59243
136	6400.00000	10.59243
136	6600.00000	10.59243
136	6800.00000	10.05517
136	7000.00000	10.05517
136	7200.00000	10.05517
136	7400.00000	10.05517
136	7600.00000	10.05517
136	7800.00000	9.50389
136	8000.00000	9.50389
136	8200.00000	9.50389
136	8400.00000	9.50389
136	8600.00000	9.50389
136	8800.00000	9.53247
136	9000.00000	9.53247
136	9200.00000	9.53247
136	9400.00000	9.53247
136	9600.00000	9.53247
136	9800.00000	9.44003
136	10000.00000	9.44003
136	10200.00000	9.44003
136	10400.00000	9.44003
136	10600.00000	9.68065
136	10800.00000	9.68065
136	11000.00000	9.68065
136	11200.00000	9.68065
136	11400.00000	9.68065
136	11600.00000	9.41760
136	11800.00000	9.41760
136	12000.00000	9.41760
136	12200.00000	9.41760
136	12400.00000	9.41760
136	12600.00000	9.86959
136	12800.00000	9.86959
136	13000.00000	9.86959
136	13200.00000	9.86959
136	13400.00000	9.86959
136	13600.00000	9.94485
136	13800.00000	9.94485
136	14000.00000	9.94485
136	14200.00000	9.94485
136	14400.00000	9.94485
136	14600.00000	9.58560
136	14800.00000	9.58560
136	15000.00000	9.58560
136	15200.00000	9.58560
136	15400.00000	8.74081
136	15600.00000	8.74081
136	15800.00000	8.74081
136	16000.00000	8.74081
136	16200.00000	8.74081
136	16400.00000	8.40473
136	16600.00000	8.40473
136	16800.00000	8.40473
136	17000.00000	8.40473
136	17200.00000	8.40473
136	17400.00000	8.28797
136	17600.00000	8.28797
136	17800.00000	8.28797
136	18000.00000	8.28797
136	18200.00000	8.28797
136	18400.00000	8.56266
136	18600.00000	8.56266
136	18800.00000	8.56266
136	19000.00000	8.56266
136	19200.00000	8.56266
136	19400.00000	8.22690
136	19600.00000	8.22690
136	19800.00000	8.22690
136	20000.00000	8.22690
137	0.00000	11.55682
137	200.00000	11.55682
137	400.00000	11.55682
137	600.00000	11.55682
137	800.00000	11.55682
137	1000.00000	11.53026
137	1200.00000	11.53026
137	1400.00000	11.53026
137	1600.00000	11.53026
137	1800.00000	11.53026
137	2000.00000	11.15755
137	2200.00000	11.15755
137	2400.00000	11.15755
137	2600.00000	11.15755
137	2800.00000	11.15755
137	3000.00000	10.88320
137	3200.00000	10.88320
137	3400.00000	10.88320
137	3600.00000	10.88320
137	3800.00000	10.88320
137	4000.00000	9.96723
137	4200.00000	9.96723
137	4400.00000	9.96723
137	4600.00000	9.96723
137	4800.00000	9.96723
137	5000.00000	10.13629
137	5200.00000	10.13629
137	5400.00000	10.13629
137	5600.00000	10.13629
137	5800.00000	11.13935
137	6000.00000	11.13935
137	6200.00000	11.13935
137	6400.00000	11.13935
137	6600.00000	11.13935
137	6800.00000	10.28028
137	7000.00000	10.28028
137	7200.00000	10.28028
137	7400.00000	10.28028
137	7600.00000	10.28028
137	7800.00000	9.09859
137	8000.00000	9.09859
137	8200.00000	9.09859
137	8400.00000	9.09859
137	8600.00000	9.09859
137	8800.00000	9.76527
137	9000.00000	9.76527
137	9200.00000	9.76527
137	9400.00000	9.76527
137	9600.00000	9.76527
137	9800.00000	9.39220
137	10000.00000	9.39220
137	10200.00000	9.39220
137	10400.00000	9.39220
137	10600.00000	10.01906
137	10800.00000	10.01906
137	11000.00000	10.01906
137	11200.00000	10.01906
137	11400.00000	10.01906
137	11600.00000	9.41203
137	11800.00000	9.41203
137	12000.00000	9.41203
137	12200.00000	9.41203
137	12400.00000	9.41203
137	12600.00000	10.20489
137	12800.00000	10.20489
137	13000.00000	10.20489
137	13200.00000	10.20489
137	13400.00000	10.20489
137	13600.00000	10.06522
137	13800.00000	10.06522
137	14000.00000	10.06522
137	14200.00000	10.06522
137	14400.00000	10.06522
137	14600.00000	10.21951
137	14800.00000	10.21951
137	15000.00000	10.21951
137	15200.00000	10.21951
137	15400.00000	9.29760
137	15600.00000	9.29760
137	15800.00000	9.29760
137	16000.00000	9.29760
137	16200.00000	9.29760
137	16400.00000	8.80882
137	16600.00000	8.80882
137	16800.00000	8.80882
137	17000.00000	8.80882
137	17200.00000	8.80882
137	17400.00000	8.42944
137	17600.00000	8.42944
137	17800.00000	8.42944
137	18000.00000	8.42944
137	18200.00000	8.42944
137	18400.00000	8.36929
137	18600.00000	8.36929
137	18800.00000	8.36929
137	19000.00000	8.36929
137	19200.00000	8.36929
137	19400.00000	8.85362
137	19600.00000	8.85362
137	19800.00000	8.85362
137	20000.00000	8.85362
138	0.00000	11.65425
138	200.00000	11.65425
138	400.00000	11.65425
138	600.00000	11.65425
138	800.00000	11.65425
138	1000.00000	11.39502
138	1200.00000	11.39502
138	1400.00000	11.39502
138	1600.00000	11.39502
138	1800.00000	11.39502
138	2000.00000	11.53500
138	2200.00000	11.53500
138	2400.00000	11.53500
138	2600.00000	11.53500
138	2800.00000	11.53500
138	3000.00000	10.98139
138	3200.00000	10.98139
138	3400.00000	10.98139
138	3600.00000	10.98139
138	3800.00000	10.98139
138	4000.00000	9.97982
138	4200.00000	9.97982
138	4400.00000	9.97982
138	4600.00000	9.97982
138	4800.00000	9.97982
138	5000.00000	10.20786
138	5200.00000	10.20786
138	5400.00000	10.20786
138	5600.00000	10.20786
138	5800.00000	10.39876
138	6000.00000	10.39876
138	6200.00000	10.39876
138	6400.00000	10.39876
138	6600.00000	10.39876
138	6800.00000	10.47173
138	7000.00000	10.47173
138	7200.00000	10.47173
138	7400.00000	10.47173
138	7600.00000	10.47173
138	7800.00000	9.75363
138	8000.00000	9.75363
138	8200.00000	9.75363
138	8400.00000	9.75363
138	8600.00000	9.75363
138	8800.00000	9.36519
138	9000.00000	9.36519
138	9200.00000	9.36519
138	9400.00000	9.36519
138	9600.00000	9.36519
138	9800.00000	9.07145
138	10000.00000	9.07145
138	10200.00000	9.07145
138	10400.00000	9.07145
138	10600.00000	9.69836
138	10800.00000	9.69836
138	11000.00000	9.69836
138	11200.00000	9.69836
138	11400.00000	9.69836
138	11600.00000	9.85151
138	11800.00000	9.85151
138	12000.00000	9.85151
138	12200.00000	9.85151
138	12400.00000	9.85151
138	12600.00000	10.07885
138	12800.00000	10.07885
138	13000.00000	10.07885
138	13200.00000	10.07885
138	13400.00000	10.07885
138	13600.00000	9.96803
138	13800.00000	9.96803
138	14000.00000	9.96803
138	14200.00000	9.96803
138	14400.00000	9.96803
138	14600.00000	9.79816
138	14800.00000	9.79816
138	15000.00000	9.79816
138	15200.00000	9.79816
138	15400.00000	9.26875
138	15600.00000	9.26875
138	15800.00000	9.26875
138	16000.00000	9.26875
138	16200.00000	9.26875
138	16400.00000	8.38977
138	16600.00000	8.38977
138	16800.00000	8.38977
138	17000.00000	8.38977
138	17200.00000	8.38977
138	17400.00000	8.80614
138	17600.00000	8.80614
138	17800.00000	8.80614
138	18000.00000	8.80614
138	18200.00000	8.80614
138	18400.00000	8.82328
138	18600.00000	8.82328
138	18800.00000	8.82328
138	19000.00000	8.82328
138	19200.00000	8.82328
138	19400.00000	8.94025
138	19600.00000	8.94025
138	19800.00000	8.94025
138	20000.00000	8.94025
139	0.00000	11.51076
139	200.00000	11.51076
139	400.00000	11.51076
139	600.00000	11.51076
139	800.00000	11.51076
139	1000.00000	11.35813
139	1200.00000	11.35813
139	1400.00000	11.35813
139	1600.00000	11.35813
139	1800.00000	11.35813
139	2000.00000	11.53376
139	2200.00000	11.53376
139	2400.00000	11.53376
139	2600.00000	11.53376
139	2800.00000	11.53376
139	3000.00000	10.96483
139	3200.00000	10.96483
139	3400.00000	10.96483
139	3600.00000	10.96483
139	3800.00000	10.96483
139	4000.00000	9.75412
139	4200.00000	9.75412
139	4400.00000	9.75412
139	4600.00000	9.75412
139	4800.00000	9.75412
139	5000.00000	10.19374
139	5200.00000	10.19374
139	5400.00000	10.19374
139	5600.00000	10.19374
139	5800.00000	10.63752
139	6000.00000	10.63752
139	6200.00000	10.63752
139	6400.00000	10.63752
139	6600.00000	10.63752
139	6800.00000	10.21948
139	7000.00000	10.21948
139	7200.00000	10.21948
139	7400.00000	10.21948
139	7600.00000	10.21948
139	7800.00000	9.35957
139	8000.00000	9.35957
139	8200.00000	9.35957
139	8400.00000	9.35957
139	8600.00000	9.35957
139	8800.00000	9.63004
139	9000.00000	9.63004
139	9200.00000	9.63004
139	9400.00000	9.63004
139	9600.00000	9.63004
139	9800.00000	9.16798
139	10000.00000	9.16798
139	10200.00000	9.16798
139	10400.00000	9.16798
139	10600.00000	10.38167
139	10800.00000	10.38167
139	11000.00000	10.38167
139	11200.00000	10.38167
139	11400.00000	10.38167
139	11600.00000	9.77443
139	11800.00000	9.77443
139	12000.00000	9.77443
139	12200.00000	9.77443
139	12400.00000	9.77443
139	12600.00000	9.95057
139	12800.00000	9.95057
139	13000.00000	9.95057
139	13200.00000	9.95057
139	13400.00000	9.95057
139	13600.00000	10.03155
139	13800.00000	10.03155
139	14000.00000	10.03155
139	14200.00000	10.03155
139	14400.00000	10.03155
139	14600.00000	9.91688
139	14800.00000	9.91688
139	15000.00000	9.91688
139	15200.00000	9.91688
139	15400.00000	8.77928
139	15600.00000	8.77928
139	15800.00000	8.77928
139	16000.00000	8.77928
139	16200.00000	8.77928
139	16400.00000	8.82669
139	16600.00000	8.82669
139	16800.00000	8.82669
139	17000.00000	8.82669
139	17200.00000	8.82669
139	17400.00000	8.39753
139	17600.00000	8.39753
139	17800.00000	8.39753
139	18000.00000	8.39753
139	18200.00000	8.39753
139	18400.00000	7.96829
139	18600.00000	7.96829
139	18800.00000	7.96829
139	19000.00000	7.96829
139	19200.00000	7.96829
139	19400.00000	8.69666
139	19600.00000	8.69666
139	19800.00000	8.69666
139	20000.00000	8.69666
140	0.00000	11.79996
140	200.00000	11.79996
140	400.00000	11.79996
140	600.00000	11.79996
140	800.00000	11.79996
140	1000.00000	11.75506
140	1200.00000	11.75506
140	1400.00000	11.75506
140	1600.00000	11.75506
140	1800.00000	11.75506
140	2000.00000	11.17498
140	2200.00000	11.17498
140	2400.00000	11.17498
140	2600.00000	11.17498
140	2800.00000	11.17498
140	3000.00000	11.12688
140	3200.00000	11.12688
140	3400.00000	11.12688
140	3600.00000	11.12688
140	3800.00000	11.12688
140	4000.00000	9.84063
140	4200.00000	9.84063
140	4400.00000	9.84063
140	4600.00000	9.84063
140	4800.00000	9.84063
140	5000.00000	10.68959
140	5200.00000	10.68959
140	5400.00000	10.68959
140	5600.00000	10.68959
140	5800.00000	10.39009
140	6000.00000	10.39009
140	6200.00000	10.39009
140	6400.00000	10.39009
140	6600.00000	10.39009
140	6800.00000	9.97152
140	7000.00000	9.97152
140	7200.00000	9.97152
140	7400.00000	9.97152
140	7600.00000	9.97152
140	7800.00000	9.82609
140	8000.00000	9.82609
140	8200.00000	9.82609
140	8400.00000	9.82609
140	8600.00000	9.82609
140	8800.00000	9.31636
140	9000.00000	9.31636
140	9200.00000	9.31636
140	9400.00000	9.31636
140	9600.00000	9.31636
140	9800.00000	9.14950
140	10000.00000	9.14950
140	10200.00000	9.14950
140	10400.00000	9.14950
140	10600.00000	9.79691
140	10800.00000	9.79691
140	11000.00000	9.79691
140	11200.00000	9.79691
140	11400.00000	9.79691
140	11600.00000	10.16860
140	11800.00000	10.16860
140	12000.00000	10.16860
140	12200.00000	10.16860
140	12400.00000	10.16860
140	12600.00000	9.58052
140	12800.00000	9.58052
140	13000.00000	9.58052
140	13200.00000	9.58052
140	13400.00000	9.58052
140	13600.00000	9.56828
140	13800.00000	9.56828
140	14000.00000	9.56828
140	14200.00000	9.56828
140	14400.00000	9.56828
140	14600.00000	9.52343
140	14800.00000	9.52343
140	15000.00000	9.52343
140	15200.00000	9.52343
140	15400.00000	9.37579
140	15600.00000	9.37579
140	15800.00000	9.37579
140	16000.00000	9.37579
140	16200.00000	9.37579
140	16400.00000	9.09007
140	16600.00000	9.09007
140	16800.00000	9.09007
140	17000.00000	9.09007
140	17200.00000	9.09007
140	17400.00000	8.44984
140	17600.00000	8.44984
140	17800.00000	8.44984
140	18000.00000	8.44984
140	18200.00000	8.44984
140	18400.00000	8.60995
140	18600.00000	8.60995
140	18800.00000	8.60995
140	19000.00000	8.60995
140	19200.00000	8.60995
140	19400.00000	8.52161
140	19600.00000	8.52161
140	19800.00000	8.52161
140	20000.00000	8.52161
141	0.00000	11.50774
141	200.00000	11.50774
141	400.00000	11.50774
141	600.00000	11.50774
141	800.00000	11.50774
141	1000.00000	11.48648
141	1200.00000	11.48648
141	1400.00000	11.48648
141	1600.00000	11.48648
141	1800.00000	11.48648
141	2000.00000	11.53984
141	2200.00000	11.53984
141	2400.00000	11.53984
141	2600.00000	11.53984
141	2800.00000	11.53984
141	3000.00000	10.74577
141	3200.00000	10.74577
141	3400.00000	10.74577
141	3600.00000	10.74577
141	3800.00000	10.74577
141	4000.00000	9.82073
141	4200.00000	9.82073
141	4400.00000	9.82073
141	4600.00000	9.82073
141	4800.00000	9.82073
141	5000.00000	10.22244
141	5200.00000	10.22244
141	5400.00000	10.22244
141	5600.00000	10.22244
141	5800.00000	10.99502
141	6000.00000	10.99502
141	6200.00000	10.99502
141	6400.00000	10.99502
141	6600.00000	10.99502
141	6800.00000	9.98046
141	7000.00000	9.98046
141	7200.00000	9.98046
141	7400.00000	9.98046
141	7600.00000	9.98046
141	7800.00000	9.43508
141	8000.00000	9.43508
141	8200.00000	9.43508
141	8400.00000	9.43508
141	8600.00000	9.43508
141	8800.00000	9.53671
141	9000.00000	9.53671
141	9200.00000	9.53671
141	9400.00000	9.53671
141	9600.00000	9.53671
141	9800.00000	9.66101
141	10000.00000	9.66101
141	10200.00000	9.66101
141	10400.00000	9.66101
141	10600.00000	9.15134
141	10800.00000	9.15134
141	11000.00000	9.15134
141	11200.00000	9.15134
141	11400.00000	9.15134
141	11600.00000	10.03786
141	11800.00000	10.03786
141	12000.00000	10.03786
141	12200.00000	10.03786
141	12400.00000	10.03786
141	12600.00000	9.76370
141	12800.00000	9.76370
141	13000.00000	9.76370
141	13200.00000	9.76370
141	13400.00000	9.76370
141	13600.00000	9.94051
141	13800.00000	9.94051
141	14000.00000	9.94051
141	14200.00000	9.94051
141	14400.00000	9.94051
141	14600.00000	9.54702
141	14800.00000	9.54702
141	15000.00000	9.54702
141	15200.00000	9.54702
141	15400.00000	9.71453
141	15600.00000	9.71453
141	15800.00000	9.71453
141	16000.00000	9.71453
141	16200.00000	9.71453
141	16400.00000	9.07294
141	16600.00000	9.07294
141	16800.00000	9.07294
141	17000.00000	9.07294
141	17200.00000	9.07294
141	17400.00000	9.07491
141	17600.00000	9.07491
141	17800.00000	9.07491
141	18000.00000	9.07491
141	18200.00000	9.07491
141	18400.00000	8.17716
141	18600.00000	8.17716
141	18800.00000	8.17716
141	19000.00000	8.17716
141	19200.00000	8.17716
141	19400.00000	9.51206
141	19600.00000	9.51206
141	19800.00000	9.51206
141	20000.00000	9.51206
142	0.00000	11.54838
142	200.00000	11.54838
142	400.00000	11.54838
142	600.00000	11.54838
142	800.00000	11.54838
142	1000.00000	11.84255
142	1200.00000	11.84255
142	1400.00000	11.84255
142	1600.00000	11.84255
142	1800.00000	11.84255
142	2000.00000	11.09758
142	2200.00000	11.09758
142	2400.00000	11.09758
142	2600.00000	11.09758
142	2800.00000	11.09758
142	3000.00000	10.46786
142	3200.00000	10.46786
142	3400.00000	10.46786
142	3600.00000	10.46786
142	3800.00000	10.46786
142	4000.00000	10.00851
142	4200.00000	10.00851
142	4400.00000	10.00851
142	4600.00000	10.00851
142	4800.00000	10.00851
142	5000.00000	10.48115
142	5200.00000	10.48115
142	5400.00000	10.48115
142	5600.00000	10.48115
142	5800.00000	10.31991
142	6000.00000	10.31991
142	6200.00000	10.31991
142	6400.00000	10.31991
142	6600.00000	10.31991
142	6800.00000	10.00513
142	7000.00000	10.00513
142	7200.00000	10.00513
142	7400.00000	10.00513
142	7600.00000	10.00513
142	7800.00000	9.73370
142	8000.00000	9.73370
142	8200.00000	9.73370
142	8400.00000	9.73370
142	8600.00000	9.73370
142	8800.00000	9.83013
142	9000.00000	9.83013
142	9200.00000	9.83013
142	9400.00000	9.83013
142	9600.00000	9.83013
142	9800.00000	9.36238
142	10000.00000	9.36238
142	10200.00000	9.36238
142	10400.00000	9.36238
142	10600.00000	9.65153
142	10800.00000	9.65153
142	11000.00000	9.65153
142	11200.00000	9.65153
142	11400.00000	9.65153
142	11600.00000	9.56167
142	11800.00000	9.56167
142	12000.00000	9.56167
142	12200.00000	9.56167
142	12400.00000	9.56167
142	12600.00000	9.81571
142	12800.00000	9.81571
142	13000.00000	9.81571
142	13200.00000	9.81571
142	13400.00000	9.81571
142	13600.00000	10.15708
142	13800.00000	10.15708
142	14000.00000	10.15708
142	14200.00000	10.15708
142	14400.00000	10.15708
142	14600.00000	9.83209
142	14800.00000	9.83209
142	15000.00000	9.83209
142	15200.00000	9.83209
142	15400.00000	9.94288
142	15600.00000	9.94288
142	15800.00000	9.94288
142	16000.00000	9.94288
142	16200.00000	9.94288
142	16400.00000	8.96982
142	16600.00000	8.96982
142	16800.00000	8.96982
142	17000.00000	8.96982
142	17200.00000	8.96982
142	17400.00000	8.53044
142	17600.00000	8.53044
142	17800.00000	8.53044
142	18000.00000	8.53044
142	18200.00000	8.53044
142	18400.00000	8.30936
142	18600.00000	8.30936
142	18800.00000	8.30936
142	19000.00000	8.30936
142	19200.00000	8.30936
142	19400.00000	8.45035
142	19600.00000	8.45035
142	19800.00000	8.45035
142	20000.00000	8.45035
143	0.00000	11.67857
143	200.00000	11.67857
143	400.00000	11.67857
143	600.00000	11.67857
143	800.00000	11.67857
143	1000.00000	11.70969
143	1200.00000	11.70969
143	1400.00000	11.70969
143	1600.00000	11.70969
143	1800.00000	11.70969
143	2000.00000	11.53603
143	2200.00000	11.53603
143	2400.00000	11.53603
143	2600.00000	11.53603
143	2800.00000	11.53603
143	3000.00000	10.43687
143	3200.00000	10.43687
143	3400.00000	10.43687
143	3600.00000	10.43687
143	3800.00000	10.43687
143	4000.00000	9.93525
143	4200.00000	9.93525
143	4400.00000	9.93525
143	4600.00000	9.93525
143	4800.00000	9.93525
143	5000.00000	10.36944
143	5200.00000	10.36944
143	5400.00000	10.36944
143	5600.00000	10.36944
143	5800.00000	10.54943
143	6000.00000	10.54943
143	6200.00000	10.54943
143	6400.00000	10.54943
143	6600.00000	10.54943
143	6800.00000	10.16226
143	7000.00000	10.16226
143	7200.00000	10.16226
143	7400.00000	10.16226
143	7600.00000	10.16226
143	7800.00000	9.47106
143	8000.00000	9.47106
143	8200.00000	9.47106
143	8400.00000	9.47106
143	8600.00000	9.47106
143	8800.00000	9.34931
143	9000.00000	9.34931
143	9200.00000	9.34931
143	9400.00000	9.34931
143	9600.00000	9.34931
143	9800.00000	9.43281
143	10000.00000	9.43281
143	10200.00000	9.43281
143	10400.00000	9.43281
143	10600.00000	9.43213
143	10800.00000	9.43213
143	11000.00000	9.43213
143	11200.00000	9.43213
143	11400.00000	9.43213
143	11600.00000	10.03181
143	11800.00000	10.03181
143	12000.00000	10.03181
143	12200.00000	10.03181
143	12400.00000	10.03181
143	12600.00000	9.84804
143	12800.00000	9.84804
143	13000.00000	9.84804
143	13200.00000	9.84804
143	13400.00000	9.84804
143	13600.00000	10.16043
143	13800.00000	10.16043
143	14000.00000	10.16043
143	14200.00000	10.16043
143	14400.00000	10.16043
143	14600.00000	10.19093
143	14800.00000	10.19093
143	15000.00000	10.19093
143	15200.00000	10.19093
143	15400.00000	9.52471
143	15600.00000	9.52471
143	15800.00000	9.52471
143	16000.00000	9.52471
143	16200.00000	9.52471
143	16400.00000	8.86171
143	16600.00000	8.86171
143	16800.00000	8.86171
143	17000.00000	8.86171
143	17200.00000	8.86171
143	17400.00000	8.63345
143	17600.00000	8.63345
143	17800.00000	8.63345
143	18000.00000	8.63345
143	18200.00000	8.63345
143	18400.00000	8.13462
143	18600.00000	8.13462
143	18800.00000	8.13462
143	19000.00000	8.13462
143	19200.00000	8.13462
143	19400.00000	8.05803
143	19600.00000	8.05803
143	19800.00000	8.05803
143	20000.00000	8.05803
144	0.00000	11.82647
144	200.00000	11.82647
144	400.00000	11.82647
144	600.00000	11.82647
144	800.00000	11.82647
144	1000.00000	11.54119
144	1200.00000	11.54119
144	1400.00000	11.54119
144	1600.00000	11.54119
144	1800.00000	11.54119
144	2000.00000	11.53173
144	2200.00000	11.53173
144	2400.00000	11.53173
144	2600.00000	11.53173
144	2800.00000	11.53173
144	3000.00000	10.51560
144	3200.00000	10.51560
144	3400.00000	10.51560
144	3600.00000	10.51560
144	3800.00000	10.51560
144	4000.00000	10.06030
144	4200.00000	10.06030
144	4400.00000	10.06030
144	4600.00000	10.06030
144	4800.00000	10.06030
144	5000.00000	10.26330
144	5200.00000	10.26330
144	5400.00000	10.26330
144	5600.00000	10.26330
144	5800.00000	10.49922
144	6000.00000	10.49922
144	6200.00000	10.49922
144	6400.00000	10.49922
144	6600.00000	10.49922
144	6800.00000	10.36046
144	7000.00000	10.36046
144	7200.00000	10.36046
144	7400.00000	10.36046
144	7600.00000	10.36046
144	7800.00000	9.56333
144	8000.00000	9.56333
144	8200.00000	9.56333
144	8400.00000	9.56333
144	8600.00000	9.56333
144	8800.00000	9.51441
144	9000.00000	9.51441
144	9200.00000	9.51441
144	9400.00000	9.51441
144	9600.00000	9.51441
144	9800.00000	9.21584
144	10000.00000	9.21584
144	10200.00000	9.21584
144	10400.00000	9.21584
144	10600.00000	9.99232
144	10800.00000	9.99232
144	11000.00000	9.99232
144	11200.00000	9.99232
144	11400.00000	9.99232
144	11600.00000	9.96690
144	11800.00000	9.96690
144	12000.00000	9.96690
144	12200.00000	9.96690
144	12400.00000	9.96690
144	12600.00000	9.32784
144	12800.00000	9.32784
144	13000.00000	9.32784
144	13200.00000	9.32784
144	13400.00000	9.32784
144	13600.00000	10.62244
144	13800.00000	10.62244
144	14000.00000	10.62244
144	14200.00000	10.62244
144	14400.00000	10.62244
144	14600.00000	9.73229
144	14800.00000	9.73229
144	15000.00000	9.73229
144	15200.00000	9.73229
144	15400.00000	9.35225
144	15600.00000	9.35225
144	15800.00000	9.35225
144	16000.00000	9.35225
144	16200.00000	9.35225
144	16400.00000	9.60553
144	16600.00000	9.60553
144	16800.00000	9.60553
144	17000.00000	9.60553
144	17200.00000	9.60553
144	17400.00000	8.48452
144	17600.00000	8.48452
144	17800.00000	8.48452
144	18000.00000	8.48452
144	18200.00000	8.48452
144	18400.00000	8.76186
144	18600.00000	8.76186
144	18800.00000	8.76186
144	19000.00000	8.76186
144	19200.00000	8.76186
144	19400.00000	9.31697
144	19600.00000	9.31697
144	19800.00000	9.31697
144	20000.00000	9.31697
145	0.00000	11.77787
145	200.00000	11.77787
145	400.00000	11.77787
145	600.00000	11.77787
145	800.00000	11.77787
145	1000.00000	11.52922
145	1200.00000	11.52922
145	1400.00000	11.52922
145	1600.00000	11.52922
145	1800.00000	11.52922
145	2000.00000	11.22974
145	2200.00000	11.22974
145	2400.00000	11.22974
145	2600.00000	11.22974
145	2800.00000	11.22974
145	3000.00000	10.58848
145	3200.00000	10.58848
145	3400.00000	10.58848
145	3600.00000	10.58848
145	3800.00000	10.58848
145	4000.00000	9.82708
145	4200.00000	9.82708
145	4400.00000	9.82708
145	4600.00000	9.82708
145	4800.00000	9.82708
145	5000.00000	10.50775
145	5200.00000	10.50775
145	5400.00000	10.50775
145	5600.00000	10.50775
145	5800.00000	10.54522
145	6000.00000	10.54522
145	6200.00000	10.54522
145	6400.00000	10.54522
145	6600.00000	10.54522
145	6800.00000	10.29424
145	7000.00000	10.29424
145	7200.00000	10.29424
145	7400.00000	10.29424
145	7600.00000	10.29424
145	7800.00000	9.83682
145	8000.00000	9.83682
145	8200.00000	9.83682
145	8400.00000	9.83682
145	8600.00000	9.83682
145	8800.00000	9.54460
145	9000.00000	9.54460
145	9200.00000	9.54460
145	9400.00000	9.54460
145	9600.00000	9.54460
145	9800.00000	9.65103
145	10000.00000	9.65103
145	10200.00000	9.65103
145	10400.00000	9.65103
145	10600.00000	9.63069
145	10800.00000	9.63069
145	11000.00000	9.63069
145	11200.00000	9.63069
145	11400.00000	9.63069
145	11600.00000	9.46973
145	11800.00000	9.46973
145	12000.00000	9.46973
145	12200.00000	9.46973
145	12400.00000	9.46973
145	12600.00000	9.74337
145	12800.00000	9.74337
145	13000.00000	9.74337
145	13200.00000	9.74337
145	13400.00000	9.74337
145	13600.00000	9.96318
145	13800.00000	9.96318
145	14000.00000	9.96318
145	14200.00000	9.96318
145	14400.00000	9.96318
145	14600.00000	9.38377
145	14800.00000	9.38377
145	15000.00000	9.38377
145	15200.00000	9.38377
145	15400.00000	9.25709
145	15600.00000	9.25709
145	15800.00000	9.25709
145	16000.00000	9.25709
145	16200.00000	9.25709
145	16400.00000	8.89700
145	16600.00000	8.89700
145	16800.00000	8.89700
145	17000.00000	8.89700
145	17200.00000	8.89700
145	17400.00000	8.72544
145	17600.00000	8.72544
145	17800.00000	8.72544
145	18000.00000	8.72544
145	18200.00000	8.72544
145	18400.00000	8.88975
145	18600.00000	8.88975
145	18800.00000	8.88975
145	19000.00000	8.88975
145	19200.00000	8.88975
145	19400.00000	9.01939
145	19600.00000	9.01939
145	19800.00000	9.01939
145	20000.00000	9.01939
146	0.00000	11.65195
146	200.00000	11.65195
146	400.00000	11.65195
146	600.00000	11.65195
146	800.00000	11.65195
146	1000.00000	11.36819
146	1200.00000	11.36819
146	1400.00000	11.36819
146	1600.00000	11.36819
146	1800.00000	11.36819
146	2000.00000	11.25108
146	2200.00000	11.25108
146	2400.00000	11.25108
146	2600.00000	11.25108
146	2800.00000	11.25108
146	3000.00000	10.71189
146	3200.00000	10.71189
146	3400.00000	10.71189
146	3600.00000	10.71189
146	3800.00000	10.71189
146	4000.00000	10.08910
146	4200.00000	10.08910
146	4400.00000	10.08910
146	4600.00000	10.08910
146	4800.00000	10.08910
146	5000.00000	10.11187
146	5200.00000	10.11187
146	5400.00000	10.11187
146	5600.00000	10.11187
146	5800.00000	10.55928
146	6000.00000	10.55928
146	6200.00000	10.55928
146	6400.00000	10.55928
146	6600.00000	10.55928
146	6800.00000	9.81292
146	7000.00000	9.81292
146	7200.00000	9.81292
146	7400.00000	9.81292
146	7600.00000	9.81292
146	7800.00000	9.66518
146	8000.00000	9.66518
146	8200.00000	9.66518
146	8400.00000	9.66518
146	8600.00000	9.66518
146	8800.00000	10.06061
146	9000.00000	10.06061
146	9200.00000	10.06061
146	9400.00000	10.06061
146	9600.00000	10.06061
146	9800.00000	9.14667
146	10000.00000	9.14667
146	10200.00000	9.14667
146	10400.00000	9.14667
146	10600.00000	10.03158
146	10800.00000	10.03158
146	11000.00000	10.03158
146	11200.00000	10.03158
146	11400.00000	10.03158
146	11600.00000	10.05024
146	11800.00000	10.05024
146	12000.00000	10.05024
146	12200.00000	10.05024
146	12400.00000	10.05024
146	12600.00000	10.27428
146	12800.00000	10.27428
146	13000.00000	10.27428
146	13200.00000	10.27428
146	13400.00000	10.27428
146	13600.00000	10.34276
146	13800.00000	10.34276
146	14000.00000	10.34276
146	14200.00000	10.34276
146	14400.00000	10.34276
146	14600.00000	9.50394
146	14800.00000	9.50394
146	15000.00000	9.50394
146	15200.00000	9.50394
146	15400.00000	9.37635
146	15600.00000	9.37635
146	15800.00000	9.37635
146	16000.00000	9.37635
146	16200.00000	9.37635
146	16400.00000	9.16901
146	16600.00000	9.16901
146	16800.00000	9.16901
146	17000.00000	9.16901
146	17200.00000	9.16901
146	17400.00000	8.72411
146	17600.00000	8.72411
146	17800.00000	8.72411
146	18000.00000	8.72411
146	18200.00000	8.72411
146	18400.00000	9.11097
146	18600.00000	9.11097
146	18800.00000	9.11097
146	19000.00000	9.11097
146	19200.00000	9.11097
146	19400.00000	8.38738
146	19600.00000	8.38738
146	19800.00000	8.38738
146	20000.00000	8.38738
147	0.00000	11.51359
147	200.00000	11.51359
147	400.00000	11.51359
147	600.00000	11.51359
147	800.00000	11.51359
147	1000.00000	11.42328
147	1200.00000	11.42328
147	1400.00000	11.42328
147	1600.00000	11.42328
147	1800.00000	11.42328
147	2000.00000	11.41457
147	2200.00000	11.41457
147	2400.00000	11.41457
147	2600.00000	11.41457
147	2800.00000	11.41457
147	3000.00000	10.59772
147	3200.00000	10.59772
147	3400.00000	10.59772
147	3600.00000	10.59772
147	3800.00000	10.59772
147	4000.00000	10.14009
147	4200.00000	10.14009
147	4400.00000	10.14009
147	4600.00000	10.14009
147	4800.00000	10.14009
147	5000.00000	10.00202
147	5200.00000	10.00202
147	5400.00000	10.00202
147	5600.00000	10.00202
147	5800.00000	10.32582
147	6000.00000	10.32582
147	6200.00000	10.32582
147	6400.00000	10.32582
147	6600.00000	10.32582
147	6800.00000	10.00535
147	7000.00000	10.00535
147	7200.00000	10.00535
147	7400.00000	10.00535
147	7600.00000	10.00535
147	7800.00000	9.30302
147	8000.00000	9.30302
147	8200.00000	9.30302
147	8400.00000	9.30302
147	8600.00000	9.30302
147	8800.00000	9.97766
147	9000.00000	9.97766
147	9200.00000	9.97766
147	9400.00000	9.97766
147	9600.00000	9.97766
147	9800.00000	9.36906
147	10000.00000	9.36906
147	10200.00000	9.36906
147	10400.00000	9.36906
147	10600.00000	9.45947
147	10800.00000	9.45947
147	11000.00000	9.45947
147	11200.00000	9.45947
147	11400.00000	9.45947
147	11600.00000	9.64507
147	11800.00000	9.64507
147	12000.00000	9.64507
147	12200.00000	9.64507
147	12400.00000	9.64507
147	12600.00000	10.17168
147	12800.00000	10.17168
147	13000.00000	10.17168
147	13200.00000	10.17168
147	13400.00000	10.17168
147	13600.00000	10.32770
147	13800.00000	10.32770
147	14000.00000	10.32770
147	14200.00000	10.32770
147	14400.00000	10.32770
147	14600.00000	10.49846
147	14800.00000	10.49846
147	15000.00000	10.49846
147	15200.00000	10.49846
147	15400.00000	9.11968
147	15600.00000	9.11968
147	15800.00000	9.11968
147	16000.00000	9.11968
147	16200.00000	9.11968
147	16400.00000	8.30225
147	16600.00000	8.30225
147	16800.00000	8.30225
147	17000.00000	8.30225
147	17200.00000	8.30225
147	17400.00000	8.15786
147	17600.00000	8.15786
147	17800.00000	8.15786
147	18000.00000	8.15786
147	18200.00000	8.15786
147	18400.00000	8.42116
147	18600.00000	8.42116
147	18800.00000	8.42116
147	19000.00000	8.42116
147	19200.00000	8.42116
147	19400.00000	8.54844
147	19600.00000	8.54844
147	19800.00000	8.54844
147	20000.00000	8.54844
148	0.00000	11.67482
148	200.00000	11.67482
148	400.00000	11.67482
148	600.00000	11.67482
148	800.00000	11.67482
148	1000.00000	11.43830
148	1200.00000	11.43830
148	1400.00000	11.43830
148	1600.00000	11.43830
148	1800.00000	11.43830
148	2000.00000	11.40320
148	2200.00000	11.40320
148	2400.00000	11.40320
148	2600.00000	11.40320
148	2800.00000	11.40320
148	3000.00000	10.72903
148	3200.00000	10.72903
148	3400.00000	10.72903
148	3600.00000	10.72903
148	3800.00000	10.72903
148	4000.00000	9.93074
148	4200.00000	9.93074
148	4400.00000	9.93074
148	4600.00000	9.93074
148	4800.00000	9.93074
148	5000.00000	10.36763
148	5200.00000	10.36763
148	5400.00000	10.36763
148	5600.00000	10.36763
148	5800.00000	10.17884
148	6000.00000	10.17884
148	6200.00000	10.17884
148	6400.00000	10.17884
148	6600.00000	10.17884
148	6800.00000	10.15500
148	7000.00000	10.15500
148	7200.00000	10.15500
148	7400.00000	10.15500
148	7600.00000	10.15500
148	7800.00000	9.53471
148	8000.00000	9.53471
148	8200.00000	9.53471
148	8400.00000	9.53471
148	8600.00000	9.53471
148	8800.00000	9.83884
148	9000.00000	9.83884
148	9200.00000	9.83884
148	9400.00000	9.83884
148	9600.00000	9.83884
148	9800.00000	9.40879
148	10000.00000	9.40879
148	10200.00000	9.40879
148	10400.00000	9.40879
148	10600.00000	9.83241
148	10800.00000	9.83241
148	11000.00000	9.83241
148	11200.00000	9.83241
148	11400.00000	9.83241
148	11600.00000	9.58941
148	11800.00000	9.58941
148	12000.00000	9.58941
148	12200.00000	9.58941
148	12400.00000	9.58941
148	12600.00000	9.63810
148	12800.00000	9.63810
148	13000.00000	9.63810
148	13200.00000	9.63810
148	13400.00000	9.63810
148	13600.00000	9.66234
148	13800.00000	9.66234
148	14000.00000	9.66234
148	14200.00000	9.66234
148	14400.00000	9.66234
148	14600.00000	9.77899
148	14800.00000	9.77899
148	15000.00000	9.77899
148	15200.00000	9.77899
148	15400.00000	9.02252
148	15600.00000	9.02252
148	15800.00000	9.02252
148	16000.00000	9.02252
148	16200.00000	9.02252
148	16400.00000	8.61771
148	16600.00000	8.61771
148	16800.00000	8.61771
148	17000.00000	8.61771
148	17200.00000	8.61771
148	17400.00000	8.05622
148	17600.00000	8.05622
148	17800.00000	8.05622
148	18000.00000	8.05622
148	18200.00000	8.05622
148	18400.00000	8.91257
148	18600.00000	8.91257
148	18800.00000	8.91257
148	19000.00000	8.91257
148	19200.00000	8.91257
148	19400.00000	8.67957
148	19600.00000	8.67957
148	19800.00000	8.67957
148	20000.00000	8.67957
149	0.00000	11.66625
149	200.00000	11.66625
149	400.00000	11.66625
149	600.00000	11.66625
149	800.00000	11.66625
149	1000.00000	11.51266
149	1200.00000	11.51266
149	1400.00000	11.51266
149	1600.00000	11.51266
149	1800.00000	11.51266
149	2000.00000	11.51071
149	2200.00000	11.51071
149	2400.00000	11.51071
149	2600.00000	11.51071
149	2800.00000	11.51071
149	3000.00000	10.36978
149	3200.00000	10.36978
149	3400.00000	10.36978
149	3600.00000	10.36978
149	3800.00000	10.36978
149	4000.00000	9.83909
149	4200.00000	9.83909
149	4400.00000	9.83909
149	4600.00000	9.83909
149	4800.00000	9.83909
149	5000.00000	10.17019
149	5200.00000	10.17019
149	5400.00000	10.17019
149	5600.00000	10.17019
149	5800.00000	10.35029
149	6000.00000	10.35029
149	6200.00000	10.35029
149	6400.00000	10.35029
149	6600.00000	10.35029
149	6800.00000	10.42502
149	7000.00000	10.42502
149	7200.00000	10.42502
149	7400.00000	10.42502
149	7600.00000	10.42502
149	7800.00000	9.54407
149	8000.00000	9.54407
149	8200.00000	9.54407
149	8400.00000	9.54407
149	8600.00000	9.54407
149	8800.00000	9.89121
149	9000.00000	9.89121
149	9200.00000	9.89121
149	9400.00000	9.89121
149	9600.00000	9.89121
149	9800.00000	9.51002
149	10000.00000	9.51002
149	10200.00000	9.51002
149	10400.00000	9.51002
149	10600.00000	8.96774
149	10800.00000	8.96774
149	11000.00000	8.96774
149	11200.00000	8.96774
149	11400.00000	8.96774
149	11600.00000	9.56321
149	11800.00000	9.56321
149	12000.00000	9.56321
149	12200.00000	9.56321
149	12400.00000	9.56321
149	12600.00000	10.07209
149	12800.00000	10.07209
149	13000.00000	10.07209
149	13200.00000	10.07209
149	13400.00000	10.07209
149	13600.00000	9.99287
149	13800.00000	9.99287
149	14000.00000	9.99287
149	14200.00000	9.99287
149	14400.00000	9.99287
149	14600.00000	9.74837
149	14800.00000	9.74837
149	15000.00000	9.74837
149	15200.00000	9.74837
149	15400.00000	9.64583
149	15600.00000	9.64583
149	15800.00000	9.64583
149	16000.00000	9.64583
149	16200.00000	9.64583
149	16400.00000	9.04365
149	16600.00000	9.04365
149	16800.00000	9.04365
149	17000.00000	9.04365
149	17200.00000	9.04365
149	17400.00000	8.74034
149	17600.00000	8.74034
149	17800.00000	8.74034
149	18000.00000	8.74034
149	18200.00000	8.74034
149	18400.00000	9.18010
149	18600.00000	9.18010
149	18800.00000	9.18010
149	19000.00000	9.18010
149	19200.00000	9.18010
149	19400.00000	9.31027
149	19600.00000	9.31027
149	19800.00000	9.31027
149	20000.00000	9.31027
150	0.00000	11.54893
150	200.00000	11.54893
150	400.00000	11.54893
150	600.00000	11.54893
150	800.00000	11.54893
150	1000.00000	11.57545
150	1200.00000	11.57545
150	1400.00000	11.57545
150	1600.00000	11.57545
150	1800.00000	11.57545
150	2000.00000	11.37811
150	2200.00000	11.37811
150	2400.00000	11.37811
150	2600.00000	11.37811
150	2800.00000	11.37811
150	3000.00000	10.45192
150	3200.00000	10.45192
150	3400.00000	10.45192
150	3600.00000	10.45192
150	3800.00000	10.45192
150	4000.00000	9.98730
150	4200.00000	9.98730
150	4400.00000	9.98730
150	4600.00000	9.98730
150	4800.00000	9.98730
150	5000.00000	10.07288
150	5200.00000	10.07288
150	5400.00000	10.07288
150	5600.00000	10.07288
150	5800.00000	10.62875
150	6000.00000	10.62875
150	6200.00000	10.62875
150	6400.00000	10.62875
150	6600.00000	10.62875
150	6800.00000	9.82059
150	7000.00000	9.82059
150	7200.00000	9.82059
150	7400.00000	9.82059
150	7600.00000	9.82059
150	7800.00000	9.60865
150	8000.00000	9.60865
150	8200.00000	9.60865
150	8400.00000	9.60865
150	8600.00000	9.60865
150	8800.00000	9.90196
150	9000.00000	9.90196
150	9200.00000	9.90196
150	9400.00000	9.90196
150	9600.00000	9.90196
150	9800.00000	10.50325
150	10000.00000	10.50325
150	10200.00000	10.50325
150	10400.00000	10.50325
150	10600.00000	9.05568
150	10800.00000	9.05568
150	11000.00000	9.05568
150	11200.00000	9.05568
150	11400.00000	9.05568
150	11600.00000	9.82541
150	11800.00000	9.82541
150	12000.00000	9.82541
150	12200.00000	9.82541
150	12400.00000	9.82541
150	12600.00000	10.61525
150	12800.00000	10.61525
150	13000.00000	10.61525
150	13200.00000	10.61525
150	13400.00000	10.61525
150	13600.00000	10.08363
150	13800.00000	10.08363
150	14000.00000	10.08363
150	14200.00000	10.08363
150	14400.00000	10.08363
150	14600.00000	9.76434
150	14800.00000	9.76434
150	15000.00000	9.76434
150	15200.00000	9.76434
150	15400.00000	9.40189
150	15600.00000	9.40189
150	15800.00000	9.40189
150	16000.00000	9.40189
150	16200.00000	9.40189
150	16400.00000	8.63097
150	16600.00000	8.63097
150	16800.00000	8.63097
150	17000.00000	8.63097
150	17200.00000	8.63097
150	17400.00000	8.36466
150	17600.00000	8.36466
150	17800.00000	8.36466
150	18000.00000	8.36466
150	18200.00000	8.36466
150	18400.00000	7.93040
150	18600.00000	7.93040
150	18800.00000	7.93040
150	19000.00000	7.93040
150	19200.00000	7.93040
150	19400.00000	8.54370
150	19600.00000	8.54370
150	19800.00000	8.54370
150	20000.00000	8.54370
151	0.00000	11.78162
151	200.00000	11.78162
151	400.00000	11.78162
151	600.00000	11.78162
151	800.00000	11.78162
151	1000.00000	11.72301
151	1200.00000	11.72301
151	1400.00000	11.72301
151	1600.00000	11.72301
151	1800.00000	11.72301
151	2000.00000	11.17606
151	2200.00000	11.17606
151	2400.00000	11.17606
151	2600.00000	11.17606
151	2800.00000	11.17606
151	3000.00000	11.20890
151	3200.00000	11.20890
151	3400.00000	11.20890
151	3600.00000	11.20890
151	3800.00000	11.20890
151	4000.00000	9.53121
151	4200.00000	9.53121
151	4400.00000	9.53121
151	4600.00000	9.53121
151	4800.00000	9.53121
151	5000.00000	10.45101
151	5200.00000	10.45101
151	5400.00000	10.45101
151	5600.00000	10.45101
151	5800.00000	10.83631
151	6000.00000	10.83631
151	6200.00000	10.83631
151	6400.00000	10.83631
151	6600.00000	10.83631
151	6800.00000	10.19055
151	7000.00000	10.19055
151	7200.00000	10.19055
151	7400.00000	10.19055
151	7600.00000	10.19055
151	7800.00000	9.31086
151	8000.00000	9.31086
151	8200.00000	9.31086
151	8400.00000	9.31086
151	8600.00000	9.31086
151	8800.00000	9.92498
151	9000.00000	9.92498
151	9200.00000	9.92498
151	9400.00000	9.92498
151	9600.00000	9.92498
151	9800.00000	10.66012
151	10000.00000	10.66012
151	10200.00000	10.66012
151	10400.00000	10.66012
151	10600.00000	8.90985
151	10800.00000	8.90985
151	11000.00000	8.90985
151	11200.00000	8.90985
151	11400.00000	8.90985
151	11600.00000	9.83405
151	11800.00000	9.83405
151	12000.00000	9.83405
151	12200.00000	9.83405
151	12400.00000	9.83405
151	12600.00000	10.30730
151	12800.00000	10.30730
151	13000.00000	10.30730
151	13200.00000	10.30730
151	13400.00000	10.30730
151	13600.00000	10.23261
151	13800.00000	10.23261
151	14000.00000	10.23261
151	14200.00000	10.23261
151	14400.00000	10.23261
151	14600.00000	9.39294
151	14800.00000	9.39294
151	15000.00000	9.39294
151	15200.00000	9.39294
151	15400.00000	8.76049
151	15600.00000	8.76049
151	15800.00000	8.76049
151	16000.00000	8.76049
151	16200.00000	8.76049
151	16400.00000	9.06747
151	16600.00000	9.06747
151	16800.00000	9.06747
151	17000.00000	9.06747
151	17200.00000	9.06747
151	17400.00000	9.16091
151	17600.00000	9.16091
151	17800.00000	9.16091
151	18000.00000	9.16091
151	18200.00000	9.16091
151	18400.00000	8.27201
151	18600.00000	8.27201
151	18800.00000	8.27201
151	19000.00000	8.27201
151	19200.00000	8.27201
151	19400.00000	9.50095
151	19600.00000	9.50095
151	19800.00000	9.50095
151	20000.00000	9.50095
152	0.00000	11.41477
152	200.00000	11.41477
152	400.00000	11.41477
152	600.00000	11.41477
152	800.00000	11.41477
152	1000.00000	11.80776
152	1200.00000	11.80776
152	1400.00000	11.80776
152	1600.00000	11.80776
152	1800.00000	11.80776
152	2000.00000	11.51968
152	2200.00000	11.51968
152	2400.00000	11.51968
152	2600.00000	11.51968
152	2800.00000	11.51968
152	3000.00000	10.71371
152	3200.00000	10.71371
152	3400.00000	10.71371
152	3600.00000	10.71371
152	3800.00000	10.71371
152	4000.00000	9.98872
152	4200.00000	9.98872
152	4400.00000	9.98872
152	4600.00000	9.98872
152	4800.00000	9.98872
152	5000.00000	10.14585
152	5200.00000	10.14585
152	5400.00000	10.14585
152	5600.00000	10.14585
152	5800.00000	10.81722
152	6000.00000	10.81722
152	6200.00000	10.81722
152	6400.00000	10.81722
152	6600.00000	10.81722
152	6800.00000	9.96807
152	7000.00000	9.96807
152	7200.00000	9.96807
152	7400.00000	9.96807
152	7600.00000	9.96807
152	7800.00000	9.48378
152	8000.00000	9.48378
152	8200.00000	9.48378
152	8400.00000	9.48378
152	8600.00000	9.48378
152	8800.00000	9.93444
152	9000.00000	9.93444
152	9200.00000	9.93444
152	9400.00000	9.93444
152	9600.00000	9.93444
152	9800.00000	9.73262
152	10000.00000	9.73262
152	10200.00000	9.73262
152	10400.00000	9.73262
152	10600.00000	9.38267
152	10800.00000	9.38267
152	11000.00000	9.38267
152	11200.00000	9.38267
152	11400.00000	9.38267
152	11600.00000	9.81460
152	11800.00000	9.81460
152	12000.00000	9.81460
152	12200.00000	9.81460
152	12400.00000	9.81460
152	12600.00000	9.33996
152	12800.00000	9.33996
152	13000.00000	9.33996
152	13200.00000	9.33996
152	13400.00000	9.33996
152	13600.00000	9.71038
152	13800.00000	9.71038
152	14000.00000	9.71038
152	14200.00000	9.71038
152	14400.00000	9.71038
152	14600.00000	9.95722
152	14800.00000	9.95722
152	15000.00000	9.95722
152	15200.00000	9.95722
152	15400.00000	9.58449
152	15600.00000	9.58449
152	15800.00000	9.58449
152	16000.00000	9.58449
152	16200.00000	9.58449
152	16400.00000	9.25517
152	16600.00000	9.25517
152	16800.00000	9.25517
152	17000.00000	9.25517
152	17200.00000	9.25517
152	17400.00000	8.42572
152	17600.00000	8.42572
152	17800.00000	8.42572
152	18000.00000	8.42572
152	18200.00000	8.42572
152	18400.00000	9.32619
152	18600.00000	9.32619
152	18800.00000	9.32619
152	19000.00000	9.32619
152	19200.00000	9.32619
152	19400.00000	9.11503
152	19600.00000	9.11503
152	19800.00000	9.11503
152	20000.00000	9.11503
153	0.00000	11.74890
153	200.00000	11.74890
153	400.00000	11.74890
153	600.00000	11.74890
153	800.00000	11.74890
153	1000.00000	11.65225
153	1200.00000	11.65225
153	1400.00000	11.65225
153	1600.00000	11.65225
153	1800.00000	11.65225
153	2000.00000	11.20245
153	2200.00000	11.20245
153	2400.00000	11.20245
153	2600.00000	11.20245
153	2800.00000	11.20245
153	3000.00000	10.87578
153	3200.00000	10.87578
153	3400.00000	10.87578
153	3600.00000	10.87578
153	3800.00000	10.87578
153	4000.00000	10.03525
153	4200.00000	10.03525
153	4400.00000	10.03525
153	4600.00000	10.03525
153	4800.00000	10.03525
153	5000.00000	10.25248
153	5200.00000	10.25248
153	5400.00000	10.25248
153	5600.00000	10.25248
153	5800.00000	10.15373
153	6000.00000	10.15373
153	6200.00000	10.15373
153	6400.00000	10.15373
153	6600.00000	10.15373
153	6800.00000	10.39862
153	7000.00000	10.39862
153	7200.00000	10.39862
153	7400.00000	10.39862
153	7600.00000	10.39862
153	7800.00000	9.98998
153	8000.00000	9.98998
153	8200.00000	9.98998
153	8400.00000	9.98998
153	8600.00000	9.98998
153	8800.00000	9.41055
153	9000.00000	9.41055
153	9200.00000	9.41055
153	9400.00000	9.41055
153	9600.00000	9.41055
153	9800.00000	9.37298
153	10000.00000	9.37298
153	10200.00000	9.37298
153	10400.00000	9.37298
153	10600.00000	9.57307
153	10800.00000	9.57307
153	11000.00000	9.57307
153	11200.00000	9.57307
153	11400.00000	9.57307
153	11600.00000	9.74612
153	11800.00000	9.74612
153	12000.00000	9.74612
153	12200.00000	9.74612
153	12400.00000	9.74612
153	12600.00000	10.59145
153	12800.00000	10.59145
153	13000.00000	10.59145
153	13200.00000	10.59145
153	13400.00000	10.59145
153	13600.00000	10.14505
153	13800.00000	10.14505
153	14000.00000	10.14505
153	14200.00000	10.14505
153	14400.00000	10.14505
153	14600.00000	9.80384
153	14800.00000	9.80384
153	15000.00000	9.80384
153	15200.00000	9.80384
153	15400.00000	9.44637
153	15600.00000	9.44637
153	15800.00000	9.44637
153	16000.00000	9.44637
153	16200.00000	9.44637
153	16400.00000	8.71429
153	16600.00000	8.71429
153	16800.00000	8.71429
153	17000.00000	8.71429
153	17200.00000	8.71429
153	17400.00000	8.56543
153	17600.00000	8.56543
153	17800.00000	8.56543
153	18000.00000	8.56543
153	18200.00000	8.56543
153	18400.00000	8.32040
153	18600.00000	8.32040
153	18800.00000	8.32040
153	19000.00000	8.32040
153	19200.00000	8.32040
153	19400.00000	8.82243
153	19600.00000	8.82243
153	19800.00000	8.82243
153	20000.00000	8.82243
154	0.00000	11.78913
154	200.00000	11.78913
154	400.00000	11.78913
154	600.00000	11.78913
154	800.00000	11.78913
154	1000.00000	11.45469
154	1200.00000	11.45469
154	1400.00000	11.45469
154	1600.00000	11.45469
154	1800.00000	11.45469
154	2000.00000	11.35940
154	2200.00000	11.35940
154	2400.00000	11.35940
154	2600.00000	11.35940
154	2800.00000	11.35940
154	3000.00000	10.85237
154	3200.00000	10.85237
154	3400.00000	10.85237
154	3600.00000	10.85237
154	3800.00000	10.85237
154	4000.00000	9.97064
154	4200.00000	9.97064
154	4400.00000	9.97064
154	4600.00000	9.97064
154	4800.00000	9.97064
154	5000.00000	10.04616
154	5200.00000	10.04616
154	5400.00000	10.04616
154	5600.00000	10.04616
154	5800.00000	10.17436
154	6000.00000	10.17436
154	6200.00000	10.17436
154	6400.00000	10.17436
154	6600.00000	10.17436
154	6800.00000	10.29339
154	7000.00000	10.29339
154	7200.00000	10.29339
154	7400.00000	10.29339
154	7600.00000	10.29339
154	7800.00000	9.73263
154	8000.00000	9.73263
154	8200.00000	9.73263
154	8400.00000	9.73263
154	8600.00000	9.73263
154	8800.00000	8.96081
154	9000.00000	8.96081
154	9200.00000	8.96081
154	9400.00000	8.96081
154	9600.00000	8.96081
154	9800.00000	9.35499
154	10000.00000	9.35499
154	10200.00000	9.35499
154	10400.00000	9.35499
154	10600.00000	9.45959
154	10800.00000	9.45959
154	11000.00000	9.45959
154	11200.00000	9.45959
154	11400.00000	9.45959
154	11600.00000	9.93049
154	11800.00000	9.93049
154	12000.00000	9.93049
154	12200.00000	9.93049
154	12400.00000	9.93049
154	12600.00000	9.71648
154	12800.00000	9.71648
154	13000.00000	9.71648
154	13200.00000	9.71648
154	13400.00000	9.71648
154	13600.00000	9.84775
154	13800.00000	9.84775
154	14000.00000	9.84775
154	14200.00000	9.84775
154	14400.00000	9.84775
154	14600.00000	9.98975
154	14800.00000	9.98975
154	15000.00000	9.98975
154	15200.00000	9.98975
154	15400.00000	9.40204
154	15600.00000	9.40204
154	15800.00000	9.40204
154	16000.00000	9.40204
154	16200.00000	9.40204
154	16400.00000	8.59176
154	16600.00000	8.59176
154	16800.00000	8.59176
154	17000.00000	8.59176
154	17200.00000	8.59176
154	17400.00000	8.39673
154	17600.00000	8.39673
154	17800.00000	8.39673
154	18000.00000	8.39673
154	18200.00000	8.39673
154	18400.00000	8.30648
154	18600.00000	8.30648
154	18800.00000	8.30648
154	19000.00000	8.30648
154	19200.00000	8.30648
154	19400.00000	8.87639
154	19600.00000	8.87639
154	19800.00000	8.87639
154	20000.00000	8.87639
155	0.00000	11.75505
155	200.00000	11.75505
155	400.00000	11.75505
155	600.00000	11.75505
155	800.00000	11.75505
155	1000.00000	11.93100
155	1200.00000	11.93100
155	1400.00000	11.93100
155	1600.00000	11.93100
155	1800.00000	11.93100
155	2000.00000	11.36256
155	2200.00000	11.36256
155	2400.00000	11.36256
155	2600.00000	11.36256
155	2800.00000	11.36256
155	3000.00000	10.60542
155	3200.00000	10.60542
155	3400.00000	10.60542
155	3600.00000	10.60542
155	3800.00000	10.60542
155	4000.00000	10.37870
155	4200.00000	10.37870
155	4400.00000	10.37870
155	4600.00000	10.37870
155	4800.00000	10.37870
155	5000.00000	9.98526
155	5200.00000	9.98526
155	5400.00000	9.98526
155	5600.00000	9.98526
155	5800.00000	11.02515
155	6000.00000	11.02515
155	6200.00000	11.02515
155	6400.00000	11.02515
155	6600.00000	11.02515
155	6800.00000	10.33003
155	7000.00000	10.33003
155	7200.00000	10.33003
155	7400.00000	10.33003
155	7600.00000	10.33003
155	7800.00000	9.35216
155	8000.00000	9.35216
155	8200.00000	9.35216
155	8400.00000	9.35216
155	8600.00000	9.35216
155	8800.00000	9.61690
155	9000.00000	9.61690
155	9200.00000	9.61690
155	9400.00000	9.61690
155	9600.00000	9.61690
155	9800.00000	9.07660
155	10000.00000	9.07660
155	10200.00000	9.07660
155	10400.00000	9.07660
155	10600.00000	9.91739
155	10800.00000	9.91739
155	11000.00000	9.91739
155	11200.00000	9.91739
155	11400.00000	9.91739
155	11600.00000	10.01941
155	11800.00000	10.01941
155	12000.00000	10.01941
155	12200.00000	10.01941
155	12400.00000	10.01941
155	12600.00000	9.74392
155	12800.00000	9.74392
155	13000.00000	9.74392
155	13200.00000	9.74392
155	13400.00000	9.74392
155	13600.00000	9.79861
155	13800.00000	9.79861
155	14000.00000	9.79861
155	14200.00000	9.79861
155	14400.00000	9.79861
155	14600.00000	9.91549
155	14800.00000	9.91549
155	15000.00000	9.91549
155	15200.00000	9.91549
155	15400.00000	9.19685
155	15600.00000	9.19685
155	15800.00000	9.19685
155	16000.00000	9.19685
155	16200.00000	9.19685
155	16400.00000	8.49453
155	16600.00000	8.49453
155	16800.00000	8.49453
155	17000.00000	8.49453
155	17200.00000	8.49453
155	17400.00000	8.32236
155	17600.00000	8.32236
155	17800.00000	8.32236
155	18000.00000	8.32236
155	18200.00000	8.32236
155	18400.00000	9.52102
155	18600.00000	9.52102
155	18800.00000	9.52102
155	19000.00000	9.52102
155	19200.00000	9.52102
155	19400.00000	8.45478
155	19600.00000	8.45478
155	19800.00000	8.45478
155	20000.00000	8.45478
156	0.00000	11.71946
156	200.00000	11.71946
156	400.00000	11.71946
156	600.00000	11.71946
156	800.00000	11.71946
156	1000.00000	11.89644
156	1200.00000	11.89644
156	1400.00000	11.89644
156	1600.00000	11.89644
156	1800.00000	11.89644
156	2000.00000	11.36125
156	2200.00000	11.36125
156	2400.00000	11.36125
156	2600.00000	11.36125
156	2800.00000	11.36125
156	3000.00000	10.87975
156	3200.00000	10.87975
156	3400.00000	10.87975
156	3600.00000	10.87975
156	3800.00000	10.87975
156	4000.00000	9.95192
156	4200.00000	9.95192
156	4400.00000	9.95192
156	4600.00000	9.95192
156	4800.00000	9.95192
156	5000.00000	10.25544
156	5200.00000	10.25544
156	5400.00000	10.25544
156	5600.00000	10.25544
156	5800.00000	11.07620
156	6000.00000	11.07620
156	6200.00000	11.07620
156	6400.00000	11.07620
156	6600.00000	11.07620
156	6800.00000	9.67091
156	7000.00000	9.67091
156	7200.00000	9.67091
156	7400.00000	9.67091
156	7600.00000	9.67091
156	7800.00000	9.19100
156	8000.00000	9.19100
156	8200.00000	9.19100
156	8400.00000	9.19100
156	8600.00000	9.19100
156	8800.00000	11.01737
156	9000.00000	11.01737
156	9200.00000	11.01737
156	9400.00000	11.01737
156	9600.00000	11.01737
156	9800.00000	9.43961
156	10000.00000	9.43961
156	10200.00000	9.43961
156	10400.00000	9.43961
156	10600.00000	8.79665
156	10800.00000	8.79665
156	11000.00000	8.79665
156	11200.00000	8.79665
156	11400.00000	8.79665
156	11600.00000	10.15758
156	11800.00000	10.15758
156	12000.00000	10.15758
156	12200.00000	10.15758
156	12400.00000	10.15758
156	12600.00000	10.84094
156	12800.00000	10.84094
156	13000.00000	10.84094
156	13200.00000	10.84094
156	13400.00000	10.84094
156	13600.00000	9.87392
156	13800.00000	9.87392
156	14000.00000	9.87392
156	14200.00000	9.87392
156	14400.00000	9.87392
156	14600.00000	10.25307
156	14800.00000	10.25307
156	15000.00000	10.25307
156	15200.00000	10.25307
156	15400.00000	9.09606
156	15600.00000	9.09606
156	15800.00000	9.09606
156	16000.00000	9.09606
156	16200.00000	9.09606
156	16400.00000	9.28369
156	16600.00000	9.28369
156	16800.00000	9.28369
156	17000.00000	9.28369
156	17200.00000	9.28369
156	17400.00000	9.03082
156	17600.00000	9.03082
156	17800.00000	9.03082
156	18000.00000	9.03082
156	18200.00000	9.03082
156	18400.00000	7.48711
156	18600.00000	7.48711
156	18800.00000	7.48711
156	19000.00000	7.48711
156	19200.00000	7.48711
156	19400.00000	9.41181
156	19600.00000	9.41181
156	19800.00000	9.41181
156	20000.00000	9.41181
157	0.00000	11.95191
157	200.00000	11.95191
157	400.00000	11.95191
157	600.00000	11.95191
157	800.00000	11.95191
157	1000.00000	11.53914
157	1200.00000	11.53914
157	1400.00000	11.53914
157	1600.00000	11.53914
157	1800.00000	11.53914
157	2000.00000	11.56034
157	2200.00000	11.56034
157	2400.00000	11.56034
157	2600.00000	11.56034
157	2800.00000	11.56034
157	3000.00000	11.01343
157	3200.00000	11.01343
157	3400.00000	11.01343
157	3600.00000	11.01343
157	3800.00000	11.01343
157	4000.00000	9.64619
157	4200.00000	9.64619
157	4400.00000	9.64619
157	4600.00000	9.64619
157	4800.00000	9.64619
157	5000.00000	10.55527
157	5200.00000	10.55527
157	5400.00000	10.55527
157	5600.00000	10.55527
157	5800.00000	10.38454
157	6000.00000	10.38454
157	6200.00000	10.38454
157	6400.00000	10.38454
157	6600.00000	10.38454
157	6800.00000	10.83070
157	7000.00000	10.83070
157	7200.00000	10.83070
157	7400.00000	10.83070
157	7600.00000	10.83070
157	7800.00000	8.98646
157	8000.00000	8.98646
157	8200.00000	8.98646
157	8400.00000	8.98646
157	8600.00000	8.98646
157	8800.00000	10.15332
157	9000.00000	10.15332
157	9200.00000	10.15332
157	9400.00000	10.15332
157	9600.00000	10.15332
157	9800.00000	9.10017
157	10000.00000	9.10017
157	10200.00000	9.10017
157	10400.00000	9.10017
157	10600.00000	10.06479
157	10800.00000	10.06479
157	11000.00000	10.06479
157	11200.00000	10.06479
157	11400.00000	10.06479
157	11600.00000	9.65080
157	11800.00000	9.65080
157	12000.00000	9.65080
157	12200.00000	9.65080
157	12400.00000	9.65080
157	12600.00000	10.17239
157	12800.00000	10.17239
157	13000.00000	10.17239
157	13200.00000	10.17239
157	13400.00000	10.17239
157	13600.00000	9.65395
157	13800.00000	9.65395
157	14000.00000	9.65395
157	14200.00000	9.65395
157	14400.00000	9.65395
157	14600.00000	9.96867
157	14800.00000	9.96867
157	15000.00000	9.96867
157	15200.00000	9.96867
157	15400.00000	8.59466
157	15600.00000	8.59466
157	15800.00000	8.59466
157	16000.00000	8.59466
157	16200.00000	8.59466
157	16400.00000	8.81213
157	16600.00000	8.81213
157	16800.00000	8.81213
157	17000.00000	8.81213
157	17200.00000	8.81213
157	17400.00000	8.45192
157	17600.00000	8.45192
157	17800.00000	8.45192
157	18000.00000	8.45192
157	18200.00000	8.45192
157	18400.00000	8.11705
157	18600.00000	8.11705
157	18800.00000	8.11705
157	19000.00000	8.11705
157	19200.00000	8.11705
157	19400.00000	8.73135
157	19600.00000	8.73135
157	19800.00000	8.73135
157	20000.00000	8.73135
158	0.00000	11.62110
158	200.00000	11.62110
158	400.00000	11.62110
158	600.00000	11.62110
158	800.00000	11.62110
158	1000.00000	11.80238
158	1200.00000	11.80238
158	1400.00000	11.80238
158	1600.00000	11.80238
158	1800.00000	11.80238
158	2000.00000	11.34931
158	2200.00000	11.34931
158	2400.00000	11.34931
158	2600.00000	11.34931
158	2800.00000	11.34931
158	3000.00000	10.51707
158	3200.00000	10.51707
158	3400.00000	10.51707
158	3600.00000	10.51707
158	3800.00000	10.51707
158	4000.00000	10.05561
158	4200.00000	10.05561
158	4400.00000	10.05561
158	4600.00000	10.05561
158	4800.00000	10.05561
158	5000.00000	10.01953
158	5200.00000	10.01953
158	5400.00000	10.01953
158	5600.00000	10.01953
158	5800.00000	10.17835
158	6000.00000	10.17835
158	6200.00000	10.17835
158	6400.00000	10.17835
158	6600.00000	10.17835
158	6800.00000	9.87094
158	7000.00000	9.87094
158	7200.00000	9.87094
158	7400.00000	9.87094
158	7600.00000	9.87094
158	7800.00000	9.57369
158	8000.00000	9.57369
158	8200.00000	9.57369
158	8400.00000	9.57369
158	8600.00000	9.57369
158	8800.00000	9.84046
158	9000.00000	9.84046
158	9200.00000	9.84046
158	9400.00000	9.84046
158	9600.00000	9.84046
158	9800.00000	9.36001
158	10000.00000	9.36001
158	10200.00000	9.36001
158	10400.00000	9.36001
158	10600.00000	9.68106
158	10800.00000	9.68106
158	11000.00000	9.68106
158	11200.00000	9.68106
158	11400.00000	9.68106
158	11600.00000	9.65757
158	11800.00000	9.65757
158	12000.00000	9.65757
158	12200.00000	9.65757
158	12400.00000	9.65757
158	12600.00000	9.53261
158	12800.00000	9.53261
158	13000.00000	9.53261
158	13200.00000	9.53261
158	13400.00000	9.53261
158	13600.00000	9.73637
158	13800.00000	9.73637
158	14000.00000	9.73637
158	14200.00000	9.73637
158	14400.00000	9.73637
158	14600.00000	9.56841
158	14800.00000	9.56841
158	15000.00000	9.56841
158	15200.00000	9.56841
158	15400.00000	9.17371
158	15600.00000	9.17371
158	15800.00000	9.17371
158	16000.00000	9.17371
158	16200.00000	9.17371
158	16400.00000	8.91819
158	16600.00000	8.91819
158	16800.00000	8.91819
158	17000.00000	8.91819
158	17200.00000	8.91819
158	17400.00000	9.31937
158	17600.00000	9.31937
158	17800.00000	9.31937
158	18000.00000	9.31937
158	18200.00000	9.31937
158	18400.00000	8.83597
158	18600.00000	8.83597
158	18800.00000	8.83597
158	19000.00000	8.83597
158	19200.00000	8.83597
158	19400.00000	8.99912
158	19600.00000	8.99912
158	19800.00000	8.99912
158	20000.00000	8.99912
159	0.00000	11.92849
159	200.00000	11.92849
159	400.00000	11.92849
159	600.00000	11.92849
159	800.00000	11.92849
159	1000.00000	11.48766
159	1200.00000	11.48766
159	1400.00000	11.48766
159	1600.00000	11.48766
159	1800.00000	11.48766
159	2000.00000	11.66211
159	2200.00000	11.66211
159	2400.00000	11.66211
159	2600.00000	11.66211
159	2800.00000	11.66211
159	3000.00000	10.35243
159	3200.00000	10.35243
159	3400.00000	10.35243
159	3600.00000	10.35243
159	3800.00000	10.35243
159	4000.00000	10.37055
159	4200.00000	10.37055
159	4400.00000	10.37055
159	4600.00000	10.37055
159	4800.00000	10.37055
159	5000.00000	10.30480
159	5200.00000	10.30480
159	5400.00000	10.30480
159	5600.00000	10.30480
159	5800.00000	10.80266
159	6000.00000	10.80266
159	6200.00000	10.80266
159	6400.00000	10.80266
159	6600.00000	10.80266
159	6800.00000	9.93341
159	7000.00000	9.93341
159	7200.00000	9.93341
159	7400.00000	9.93341
159	7600.00000	9.93341
159	7800.00000	9.34529
159	8000.00000	9.34529
159	8200.00000	9.34529
159	8400.00000	9.34529
159	8600.00000	9.34529
159	8800.00000	9.83817
159	9000.00000	9.83817
159	9200.00000	9.83817
159	9400.00000	9.83817
159	9600.00000	9.83817
159	9800.00000	9.48409
159	10000.00000	9.48409
159	10200.00000	9.48409
159	10400.00000	9.48409
159	10600.00000	9.08045
159	10800.00000	9.08045
159	11000.00000	9.08045
159	11200.00000	9.08045
159	11400.00000	9.08045
159	11600.00000	9.62752
159	11800.00000	9.62752
159	12000.00000	9.62752
159	12200.00000	9.62752
159	12400.00000	9.62752
159	12600.00000	9.96101
159	12800.00000	9.96101
159	13000.00000	9.96101
159	13200.00000	9.96101
159	13400.00000	9.96101
159	13600.00000	9.82379
159	13800.00000	9.82379
159	14000.00000	9.82379
159	14200.00000	9.82379
159	14400.00000	9.82379
159	14600.00000	9.25815
159	14800.00000	9.25815
159	15000.00000	9.25815
159	15200.00000	9.25815
159	15400.00000	9.52455
159	15600.00000	9.52455
159	15800.00000	9.52455
159	16000.00000	9.52455
159	16200.00000	9.52455
159	16400.00000	9.28018
159	16600.00000	9.28018
159	16800.00000	9.28018
159	17000.00000	9.28018
159	17200.00000	9.28018
159	17400.00000	7.94393
159	17600.00000	7.94393
159	17800.00000	7.94393
159	18000.00000	7.94393
159	18200.00000	7.94393
159	18400.00000	8.62759
159	18600.00000	8.62759
159	18800.00000	8.62759
159	19000.00000	8.62759
159	19200.00000	8.62759
159	19400.00000	7.80091
159	19600.00000	7.80091
159	19800.00000	7.80091
159	20000.00000	7.80091
160	0.00000	12.05489
160	200.00000	12.05489
160	400.00000	12.05489
160	600.00000	12.05489
160	800.00000	12.05489
160	1000.00000	11.36975
160	1200.00000	11.36975
160	1400.00000	11.36975
160	1600.00000	11.36975
160	1800.00000	11.36975
160	2000.00000	11.81305
160	2200.00000	11.81305
160	2400.00000	11.81305
160	2600.00000	11.81305
160	2800.00000	11.81305
160	3000.00000	10.48138
160	3200.00000	10.48138
160	3400.00000	10.48138
160	3600.00000	10.48138
160	3800.00000	10.48138
160	4000.00000	10.16762
160	4200.00000	10.16762
160	4400.00000	10.16762
160	4600.00000	10.16762
160	4800.00000	10.16762
160	5000.00000	10.34695
160	5200.00000	10.34695
160	5400.00000	10.34695
160	5600.00000	10.34695
160	5800.00000	10.84927
160	6000.00000	10.84927
160	6200.00000	10.84927
160	6400.00000	10.84927
160	6600.00000	10.84927
160	6800.00000	10.22767
160	7000.00000	10.22767
160	7200.00000	10.22767
160	7400.00000	10.22767
160	7600.00000	10.22767
160	7800.00000	9.64979
160	8000.00000	9.64979
160	8200.00000	9.64979
160	8400.00000	9.64979
160	8600.00000	9.64979
160	8800.00000	8.94756
160	9000.00000	8.94756
160	9200.00000	8.94756
160	9400.00000	8.94756
160	9600.00000	8.94756
160	9800.00000	9.73873
160	10000.00000	9.73873
160	10200.00000	9.73873
160	10400.00000	9.73873
160	10600.00000	8.97983
160	10800.00000	8.97983
160	11000.00000	8.97983
160	11200.00000	8.97983
160	11400.00000	8.97983
160	11600.00000	9.24723
160	11800.00000	9.24723
160	12000.00000	9.24723
160	12200.00000	9.24723
160	12400.00000	9.24723
160	12600.00000	9.94286
160	12800.00000	9.94286
160	13000.00000	9.94286
160	13200.00000	9.94286
160	13400.00000	9.94286
160	13600.00000	10.41392
160	13800.00000	10.41392
160	14000.00000	10.41392
160	14200.00000	10.41392
160	14400.00000	10.41392
160	14600.00000	10.34508
160	14800.00000	10.34508
160	15000.00000	10.34508
160	15200.00000	10.34508
160	15400.00000	9.34041
160	15600.00000	9.34041
160	15800.00000	9.34041
160	16000.00000	9.34041
160	16200.00000	9.34041
160	16400.00000	9.62565
160	16600.00000	9.62565
160	16800.00000	9.62565
160	17000.00000	9.62565
160	17200.00000	9.62565
160	17400.00000	8.03782
160	17600.00000	8.03782
160	17800.00000	8.03782
160	18000.00000	8.03782
160	18200.00000	8.03782
160	18400.00000	8.63121
160	18600.00000	8.63121
160	18800.00000	8.63121
160	19000.00000	8.63121
160	19200.00000	8.63121
160	19400.00000	8.79398
160	19600.00000	8.79398
160	19800.00000	8.79398
160	20000.00000	8.79398
161	0.00000	11.80353
161	200.00000	11.80353
161	400.00000	11.80353
161	600.00000	11.80353
161	800.00000	11.80353
161	1000.00000	11.19820
161	1200.00000	11.19820
161	1400.00000	11.19820
161	1600.00000	11.19820
161	1800.00000	11.19820
161	2000.00000	11.14723
161	2200.00000	11.14723
161	2400.00000	11.14723
161	2600.00000	11.14723
161	2800.00000	11.14723
161	3000.00000	10.77083
161	3200.00000	10.77083
161	3400.00000	10.77083
161	3600.00000	10.77083
161	3800.00000	10.77083
161	4000.00000	10.25189
161	4200.00000	10.25189
161	4400.00000	10.25189
161	4600.00000	10.25189
161	4800.00000	10.25189
161	5000.00000	10.56397
161	5200.00000	10.56397
161	5400.00000	10.56397
161	5600.00000	10.56397
161	5800.00000	10.63994
161	6000.00000	10.63994
161	6200.00000	10.63994
161	6400.00000	10.63994
161	6600.00000	10.63994
161	6800.00000	10.34718
161	7000.00000	10.34718
161	7200.00000	10.34718
161	7400.00000	10.34718
161	7600.00000	10.34718
161	7800.00000	9.84601
161	8000.00000	9.84601
161	8200.00000	9.84601
161	8400.00000	9.84601
161	8600.00000	9.84601
161	8800.00000	9.76513
161	9000.00000	9.76513
161	9200.00000	9.76513
161	9400.00000	9.76513
161	9600.00000	9.76513
161	9800.00000	9.79967
161	10000.00000	9.79967
161	10200.00000	9.79967
161	10400.00000	9.79967
161	10600.00000	9.57863
161	10800.00000	9.57863
161	11000.00000	9.57863
161	11200.00000	9.57863
161	11400.00000	9.57863
161	11600.00000	9.82596
161	11800.00000	9.82596
161	12000.00000	9.82596
161	12200.00000	9.82596
161	12400.00000	9.82596
161	12600.00000	9.44090
161	12800.00000	9.44090
161	13000.00000	9.44090
161	13200.00000	9.44090
161	13400.00000	9.44090
161	13600.00000	9.60108
161	13800.00000	9.60108
161	14000.00000	9.60108
161	14200.00000	9.60108
161	14400.00000	9.60108
161	14600.00000	9.68913
161	14800.00000	9.68913
161	15000.00000	9.68913
161	15200.00000	9.68913
161	15400.00000	9.17819
161	15600.00000	9.17819
161	15800.00000	9.17819
161	16000.00000	9.17819
161	16200.00000	9.17819
161	16400.00000	9.06105
161	16600.00000	9.06105
161	16800.00000	9.06105
161	17000.00000	9.06105
161	17200.00000	9.06105
161	17400.00000	8.98110
161	17600.00000	8.98110
161	17800.00000	8.98110
161	18000.00000	8.98110
161	18200.00000	8.98110
161	18400.00000	8.65848
161	18600.00000	8.65848
161	18800.00000	8.65848
161	19000.00000	8.65848
161	19200.00000	8.65848
161	19400.00000	8.68544
161	19600.00000	8.68544
161	19800.00000	8.68544
161	20000.00000	8.68544
162	0.00000	11.80637
162	200.00000	11.80637
162	400.00000	11.80637
162	600.00000	11.80637
162	800.00000	11.80637
162	1000.00000	11.61402
162	1200.00000	11.61402
162	1400.00000	11.61402
162	1600.00000	11.61402
162	1800.00000	11.61402
162	2000.00000	11.33374
162	2200.00000	11.33374
162	2400.00000	11.33374
162	2600.00000	11.33374
162	2800.00000	11.33374
162	3000.00000	10.76096
162	3200.00000	10.76096
162	3400.00000	10.76096
162	3600.00000	10.76096
162	3800.00000	10.76096
162	4000.00000	9.92758
162	4200.00000	9.92758
162	4400.00000	9.92758
162	4600.00000	9.92758
162	4800.00000	9.92758
162	5000.00000	10.35800
162	5200.00000	10.35800
162	5400.00000	10.35800
162	5600.00000	10.35800
162	5800.00000	10.17411
162	6000.00000	10.17411
162	6200.00000	10.17411
162	6400.00000	10.17411
162	6600.00000	10.17411
162	6800.00000	10.19735
162	7000.00000	10.19735
162	7200.00000	10.19735
162	7400.00000	10.19735
162	7600.00000	10.19735
162	7800.00000	9.78549
162	8000.00000	9.78549
162	8200.00000	9.78549
162	8400.00000	9.78549
162	8600.00000	9.78549
162	8800.00000	9.31322
162	9000.00000	9.31322
162	9200.00000	9.31322
162	9400.00000	9.31322
162	9600.00000	9.31322
162	9800.00000	9.66905
162	10000.00000	9.66905
162	10200.00000	9.66905
162	10400.00000	9.66905
162	10600.00000	9.77567
162	10800.00000	9.77567
162	11000.00000	9.77567
162	11200.00000	9.77567
162	11400.00000	9.77567
162	11600.00000	10.03506
162	11800.00000	10.03506
162	12000.00000	10.03506
162	12200.00000	10.03506
162	12400.00000	10.03506
162	12600.00000	9.73771
162	12800.00000	9.73771
162	13000.00000	9.73771
162	13200.00000	9.73771
162	13400.00000	9.73771
162	13600.00000	9.58830
162	13800.00000	9.58830
162	14000.00000	9.58830
162	14200.00000	9.58830
162	14400.00000	9.58830
162	14600.00000	9.44177
162	14800.00000	9.44177
162	15000.00000	9.44177
162	15200.00000	9.44177
162	15400.00000	9.12416
162	15600.00000	9.12416
162	15800.00000	9.12416
162	16000.00000	9.12416
162	16200.00000	9.12416
162	16400.00000	8.58548
162	16600.00000	8.58548
162	16800.00000	8.58548
162	17000.00000	8.58548
162	17200.00000	8.58548
162	17400.00000	8.21138
162	17600.00000	8.21138
162	17800.00000	8.21138
162	18000.00000	8.21138
162	18200.00000	8.21138
162	18400.00000	8.64023
162	18600.00000	8.64023
162	18800.00000	8.64023
162	19000.00000	8.64023
162	19200.00000	8.64023
162	19400.00000	8.45762
162	19600.00000	8.45762
162	19800.00000	8.45762
162	20000.00000	8.45762
163	0.00000	11.56363
163	200.00000	11.56363
163	400.00000	11.56363
163	600.00000	11.56363
163	800.00000	11.56363
163	1000.00000	11.57786
163	1200.00000	11.57786
163	1400.00000	11.57786
163	1600.00000	11.57786
163	1800.00000	11.57786
163	2000.00000	11.23693
163	2200.00000	11.23693
163	2400.00000	11.23693
163	2600.00000	11.23693
163	2800.00000	11.23693
163	3000.00000	10.47611
163	3200.00000	10.47611
163	3400.00000	10.47611
163	3600.00000	10.47611
163	3800.00000	10.47611
163	4000.00000	9.90807
163	4200.00000	9.90807
163	4400.00000	9.90807
163	4600.00000	9.90807
163	4800.00000	9.90807
163	5000.00000	10.40420
163	5200.00000	10.40420
163	5400.00000	10.40420
163	5600.00000	10.40420
163	5800.00000	10.09738
163	6000.00000	10.09738
163	6200.00000	10.09738
163	6400.00000	10.09738
163	6600.00000	10.09738
163	6800.00000	10.46612
163	7000.00000	10.46612
163	7200.00000	10.46612
163	7400.00000	10.46612
163	7600.00000	10.46612
163	7800.00000	9.22071
163	8000.00000	9.22071
163	8200.00000	9.22071
163	8400.00000	9.22071
163	8600.00000	9.22071
163	8800.00000	10.78459
163	9000.00000	10.78459
163	9200.00000	10.78459
163	9400.00000	10.78459
163	9600.00000	10.78459
163	9800.00000	9.21575
163	10000.00000	9.21575
163	10200.00000	9.21575
163	10400.00000	9.21575
163	10600.00000	9.37179
163	10800.00000	9.37179
163	11000.00000	9.37179
163	11200.00000	9.37179
163	11400.00000	9.37179
163	11600.00000	10.35562
163	11800.00000	10.35562
163	12000.00000	10.35562
163	12200.00000	10.35562
163	12400.00000	10.35562
163	12600.00000	9.97592
163	12800.00000	9.97592
163	13000.00000	9.97592
163	13200.00000	9.97592
163	13400.00000	9.97592
163	13600.00000	9.95641
163	13800.00000	9.95641
163	14000.00000	9.95641
163	14200.00000	9.95641
163	14400.00000	9.95641
163	14600.00000	10.82737
163	14800.00000	10.82737
163	15000.00000	10.82737
163	15200.00000	10.82737
163	15400.00000	8.82946
163	15600.00000	8.82946
163	15800.00000	8.82946
163	16000.00000	8.82946
163	16200.00000	8.82946
163	16400.00000	9.07803
163	16600.00000	9.07803
163	16800.00000	9.07803
163	17000.00000	9.07803
163	17200.00000	9.07803
163	17400.00000	9.38447
163	17600.00000	9.38447
163	17800.00000	9.38447
163	18000.00000	9.38447
163	18200.00000	9.38447
163	18400.00000	8.58530
163	18600.00000	8.58530
163	18800.00000	8.58530
163	19000.00000	8.58530
163	19200.00000	8.58530
163	19400.00000	8.64232
163	19600.00000	8.64232
163	19800.00000	8.64232
163	20000.00000	8.64232
164	0.00000	11.50038
164	200.00000	11.50038
164	400.00000	11.50038
164	600.00000	11.50038
164	800.00000	11.50038
164	1000.00000	11.44136
164	1200.00000	11.44136
164	1400.00000	11.44136
164	1600.00000	11.44136
164	1800.00000	11.44136
164	2000.00000	11.52628
164	2200.00000	11.52628
164	2400.00000	11.52628
164	2600.00000	11.52628
164	2800.00000	11.52628
164	3000.00000	10.72553
164	3200.00000	10.72553
164	3400.00000	10.72553
164	3600.00000	10.72553
164	3800.00000	10.72553
164	4000.00000	10.09904
164	4200.00000	10.09904
164	4400.00000	10.09904
164	4600.00000	10.09904
164	4800.00000	10.09904
164	5000.00000	10.34919
164	5200.00000	10.34919
164	5400.00000	10.34919
164	5600.00000	10.34919
164	5800.00000	10.47636
164	6000.00000	10.47636
164	6200.00000	10.47636
164	6400.00000	10.47636
164	6600.00000	10.47636
164	6800.00000	10.24040
164	7000.00000	10.24040
164	7200.00000	10.24040
164	7400.00000	10.24040
164	7600.00000	10.24040
164	7800.00000	9.37300
164	8000.00000	9.37300
164	8200.00000	9.37300
164	8400.00000	9.37300
164	8600.00000	9.37300
164	8800.00000	9.85261
164	9000.00000	9.85261
164	9200.00000	9.85261
164	9400.00000	9.85261
164	9600.00000	9.85261
164	9800.00000	9.40616
164	10000.00000	9.40616
164	10200.00000	9.40616
164	10400.00000	9.40616
164	10600.00000	9.85848
164	10800.00000	9.85848
164	11000.00000	9.85848
164	11200.00000	9.85848
164	11400.00000	9.85848
164	11600.00000	9.67331
164	11800.00000	9.67331
164	12000.00000	9.67331
164	12200.00000	9.67331
164	12400.00000	9.67331
164	12600.00000	9.63629
164	12800.00000	9.63629
164	13000.00000	9.63629
164	13200.00000	9.63629
164	13400.00000	9.63629
164	13600.00000	9.96334
164	13800.00000	9.96334
164	14000.00000	9.96334
164	14200.00000	9.96334
164	14400.00000	9.96334
164	14600.00000	9.96393
164	14800.00000	9.96393
164	15000.00000	9.96393
164	15200.00000	9.96393
164	15400.00000	9.84395
164	15600.00000	9.84395
164	15800.00000	9.84395
164	16000.00000	9.84395
164	16200.00000	9.84395
164	16400.00000	8.51999
164	16600.00000	8.51999
164	16800.00000	8.51999
164	17000.00000	8.51999
164	17200.00000	8.51999
164	17400.00000	8.42751
164	17600.00000	8.42751
164	17800.00000	8.42751
164	18000.00000	8.42751
164	18200.00000	8.42751
164	18400.00000	8.83603
164	18600.00000	8.83603
164	18800.00000	8.83603
164	19000.00000	8.83603
164	19200.00000	8.83603
164	19400.00000	8.61503
164	19600.00000	8.61503
164	19800.00000	8.61503
164	20000.00000	8.61503
165	0.00000	11.74349
165	200.00000	11.74349
165	400.00000	11.74349
165	600.00000	11.74349
165	800.00000	11.74349
165	1000.00000	11.45827
165	1200.00000	11.45827
165	1400.00000	11.45827
165	1600.00000	11.45827
165	1800.00000	11.45827
165	2000.00000	11.39141
165	2200.00000	11.39141
165	2400.00000	11.39141
165	2600.00000	11.39141
165	2800.00000	11.39141
165	3000.00000	10.51044
165	3200.00000	10.51044
165	3400.00000	10.51044
165	3600.00000	10.51044
165	3800.00000	10.51044
165	4000.00000	9.92460
165	4200.00000	9.92460
165	4400.00000	9.92460
165	4600.00000	9.92460
165	4800.00000	9.92460
165	5000.00000	10.55457
165	5200.00000	10.55457
165	5400.00000	10.55457
165	5600.00000	10.55457
165	5800.00000	10.70379
165	6000.00000	10.70379
165	6200.00000	10.70379
165	6400.00000	10.70379
165	6600.00000	10.70379
165	6800.00000	10.17388
165	7000.00000	10.17388
165	7200.00000	10.17388
165	7400.00000	10.17388
165	7600.00000	10.17388
165	7800.00000	9.18413
165	8000.00000	9.18413
165	8200.00000	9.18413
165	8400.00000	9.18413
165	8600.00000	9.18413
165	8800.00000	9.56836
165	9000.00000	9.56836
165	9200.00000	9.56836
165	9400.00000	9.56836
165	9600.00000	9.56836
165	9800.00000	8.98022
165	10000.00000	8.98022
165	10200.00000	8.98022
165	10400.00000	8.98022
165	10600.00000	9.65113
165	10800.00000	9.65113
165	11000.00000	9.65113
165	11200.00000	9.65113
165	11400.00000	9.65113
165	11600.00000	10.31522
165	11800.00000	10.31522
165	12000.00000	10.31522
165	12200.00000	10.31522
165	12400.00000	10.31522
165	12600.00000	9.82170
165	12800.00000	9.82170
165	13000.00000	9.82170
165	13200.00000	9.82170
165	13400.00000	9.82170
165	13600.00000	10.52763
165	13800.00000	10.52763
165	14000.00000	10.52763
165	14200.00000	10.52763
165	14400.00000	10.52763
165	14600.00000	9.51392
165	14800.00000	9.51392
165	15000.00000	9.51392
165	15200.00000	9.51392
165	15400.00000	9.09514
165	15600.00000	9.09514
165	15800.00000	9.09514
165	16000.00000	9.09514
165	16200.00000	9.09514
165	16400.00000	8.82578
165	16600.00000	8.82578
165	16800.00000	8.82578
165	17000.00000	8.82578
165	17200.00000	8.82578
165	17400.00000	7.72809
165	17600.00000	7.72809
165	17800.00000	7.72809
165	18000.00000	7.72809
165	18200.00000	7.72809
165	18400.00000	8.83254
165	18600.00000	8.83254
165	18800.00000	8.83254
165	19000.00000	8.83254
165	19200.00000	8.83254
165	19400.00000	8.43880
165	19600.00000	8.43880
165	19800.00000	8.43880
165	20000.00000	8.43880
166	0.00000	11.99893
166	200.00000	11.99893
166	400.00000	11.99893
166	600.00000	11.99893
166	800.00000	11.99893
166	1000.00000	11.14289
166	1200.00000	11.14289
166	1400.00000	11.14289
166	1600.00000	11.14289
166	1800.00000	11.14289
166	2000.00000	11.98428
166	2200.00000	11.98428
166	2400.00000	11.98428
166	2600.00000	11.98428
166	2800.00000	11.98428
166	3000.00000	10.61235
166	3200.00000	10.61235
166	3400.00000	10.61235
166	3600.00000	10.61235
166	3800.00000	10.61235
166	4000.00000	9.96556
166	4200.00000	9.96556
166	4400.00000	9.96556
166	4600.00000	9.96556
166	4800.00000	9.96556
166	5000.00000	10.39622
166	5200.00000	10.39622
166	5400.00000	10.39622
166	5600.00000	10.39622
166	5800.00000	11.32737
166	6000.00000	11.32737
166	6200.00000	11.32737
166	6400.00000	11.32737
166	6600.00000	11.32737
166	6800.00000	9.56568
166	7000.00000	9.56568
166	7200.00000	9.56568
166	7400.00000	9.56568
166	7600.00000	9.56568
166	7800.00000	9.60954
166	8000.00000	9.60954
166	8200.00000	9.60954
166	8400.00000	9.60954
166	8600.00000	9.60954
166	8800.00000	11.09309
166	9000.00000	11.09309
166	9200.00000	11.09309
166	9400.00000	11.09309
166	9600.00000	11.09309
166	9800.00000	8.72613
166	10000.00000	8.72613
166	10200.00000	8.72613
166	10400.00000	8.72613
166	10600.00000	9.45183
166	10800.00000	9.45183
166	11000.00000	9.45183
166	11200.00000	9.45183
166	11400.00000	9.45183
166	11600.00000	10.96229
166	11800.00000	10.96229
166	12000.00000	10.96229
166	12200.00000	10.96229
166	12400.00000	10.96229
166	12600.00000	9.18261
166	12800.00000	9.18261
166	13000.00000	9.18261
166	13200.00000	9.18261
166	13400.00000	9.18261
166	13600.00000	9.48216
166	13800.00000	9.48216
166	14000.00000	9.48216
166	14200.00000	9.48216
166	14400.00000	9.48216
166	14600.00000	10.71576
166	14800.00000	10.71576
166	15000.00000	10.71576
166	15200.00000	10.71576
166	15400.00000	9.39192
166	15600.00000	9.39192
166	15800.00000	9.39192
166	16000.00000	9.39192
166	16200.00000	9.39192
166	16400.00000	8.68293
166	16600.00000	8.68293
166	16800.00000	8.68293
166	17000.00000	8.68293
166	17200.00000	8.68293
166	17400.00000	8.90779
166	17600.00000	8.90779
166	17800.00000	8.90779
166	18000.00000	8.90779
166	18200.00000	8.90779
166	18400.00000	8.46844
166	18600.00000	8.46844
166	18800.00000	8.46844
166	19000.00000	8.46844
166	19200.00000	8.46844
166	19400.00000	9.02993
166	19600.00000	9.02993
166	19800.00000	9.02993
166	20000.00000	9.02993
167	0.00000	11.61230
167	200.00000	11.61230
167	400.00000	11.61230
167	600.00000	11.61230
167	800.00000	11.61230
167	1000.00000	11.37441
167	1200.00000	11.37441
167	1400.00000	11.37441
167	1600.00000	11.37441
167	1800.00000	11.37441
167	2000.00000	11.11718
167	2200.00000	11.11718
167	2400.00000	11.11718
167	2600.00000	11.11718
167	2800.00000	11.11718
167	3000.00000	10.85266
167	3200.00000	10.85266
167	3400.00000	10.85266
167	3600.00000	10.85266
167	3800.00000	10.85266
167	4000.00000	9.83302
167	4200.00000	9.83302
167	4400.00000	9.83302
167	4600.00000	9.83302
167	4800.00000	9.83302
167	5000.00000	10.44234
167	5200.00000	10.44234
167	5400.00000	10.44234
167	5600.00000	10.44234
167	5800.00000	11.12259
167	6000.00000	11.12259
167	6200.00000	11.12259
167	6400.00000	11.12259
167	6600.00000	11.12259
167	6800.00000	10.25482
167	7000.00000	10.25482
167	7200.00000	10.25482
167	7400.00000	10.25482
167	7600.00000	10.25482
167	7800.00000	9.20399
167	8000.00000	9.20399
167	8200.00000	9.20399
167	8400.00000	9.20399
167	8600.00000	9.20399
167	8800.00000	11.52365
167	9000.00000	11.52365
167	9200.00000	11.52365
167	9400.00000	11.52365
167	9600.00000	11.52365
167	9800.00000	8.87706
167	10000.00000	8.87706
167	10200.00000	8.87706
167	10400.00000	8.87706
167	10600.00000	9.40115
167	10800.00000	9.40115
167	11000.00000	9.40115
167	11200.00000	9.40115
167	11400.00000	9.40115
167	11600.00000	9.97040
167	11800.00000	9.97040
167	12000.00000	9.97040
167	12200.00000	9.97040
167	12400.00000	9.97040
167	12600.00000	9.65034
167	12800.00000	9.65034
167	13000.00000	9.65034
167	13200.00000	9.65034
167	13400.00000	9.65034
167	13600.00000	10.35712
167	13800.00000	10.35712
167	14000.00000	10.35712
167	14200.00000	10.35712
167	14400.00000	10.35712
167	14600.00000	10.05435
167	14800.00000	10.05435
167	15000.00000	10.05435
167	15200.00000	10.05435
167	15400.00000	9.43951
167	15600.00000	9.43951
167	15800.00000	9.43951
167	16000.00000	9.43951
167	16200.00000	9.43951
167	16400.00000	7.96736
167	16600.00000	7.96736
167	16800.00000	7.96736
167	17000.00000	7.96736
167	17200.00000	7.96736
167	17400.00000	8.11436
167	17600.00000	8.11436
167	17800.00000	8.11436
167	18000.00000	8.11436
167	18200.00000	8.11436
167	18400.00000	9.12271
167	18600.00000	9.12271
167	18800.00000	9.12271
167	19000.00000	9.12271
167	19200.00000	9.12271
167	19400.00000	8.30189
167	19600.00000	8.30189
167	19800.00000	8.30189
167	20000.00000	8.30189
168	0.00000	11.73345
168	200.00000	11.73345
168	400.00000	11.73345
168	600.00000	11.73345
168	800.00000	11.73345
168	1000.00000	11.50044
168	1200.00000	11.50044
168	1400.00000	11.50044
168	1600.00000	11.50044
168	1800.00000	11.50044
168	2000.00000	11.22999
168	2200.00000	11.22999
168	2400.00000	11.22999
168	2600.00000	11.22999
168	2800.00000	11.22999
168	3000.00000	10.68391
168	3200.00000	10.68391
168	3400.00000	10.68391
168	3600.00000	10.68391
168	3800.00000	10.68391
168	4000.00000	9.99072
168	4200.00000	9.99072
168	4400.00000	9.99072
168	4600.00000	9.99072
168	4800.00000	9.99072
168	5000.00000	10.07918
168	5200.00000	10.07918
168	5400.00000	10.07918
168	5600.00000	10.07918
168	5800.00000	11.01464
168	6000.00000	11.01464
168	6200.00000	11.01464
168	6400.00000	11.01464
168	6600.00000	11.01464
168	6800.00000	10.11530
168	7000.00000	10.11530
168	7200.00000	10.11530
168	7400.00000	10.11530
168	7600.00000	10.11530
168	7800.00000	9.23837
168	8000.00000	9.23837
168	8200.00000	9.23837
168	8400.00000	9.23837
168	8600.00000	9.23837
168	8800.00000	11.19324
168	9000.00000	11.19324
168	9200.00000	11.19324
168	9400.00000	11.19324
168	9600.00000	11.19324
168	9800.00000	8.92884
168	10000.00000	8.92884
168	10200.00000	8.92884
168	10400.00000	8.92884
168	10600.00000	10.63780
168	10800.00000	10.63780
168	11000.00000	10.63780
168	11200.00000	10.63780
168	11400.00000	10.63780
168	11600.00000	9.71135
168	11800.00000	9.71135
168	12000.00000	9.71135
168	12200.00000	9.71135
168	12400.00000	9.71135
168	12600.00000	9.84311
168	12800.00000	9.84311
168	13000.00000	9.84311
168	13200.00000	9.84311
168	13400.00000	9.84311
168	13600.00000	11.13378
168	13800.00000	11.13378
168	14000.00000	11.13378
168	14200.00000	11.13378
168	14400.00000	11.13378
168	14600.00000	10.49514
168	14800.00000	10.49514
168	15000.00000	10.49514
168	15200.00000	10.49514
168	15400.00000	8.79673
168	15600.00000	8.79673
168	15800.00000	8.79673
168	16000.00000	8.79673
168	16200.00000	8.79673
168	16400.00000	9.73213
168	16600.00000	9.73213
168	16800.00000	9.73213
168	17000.00000	9.73213
168	17200.00000	9.73213
168	17400.00000	10.01546
168	17600.00000	10.01546
168	17800.00000	10.01546
168	18000.00000	10.01546
168	18200.00000	10.01546
168	18400.00000	8.06349
168	18600.00000	8.06349
168	18800.00000	8.06349
168	19000.00000	8.06349
168	19200.00000	8.06349
168	19400.00000	9.09223
168	19600.00000	9.09223
168	19800.00000	9.09223
168	20000.00000	9.09223
169	0.00000	11.99107
169	200.00000	11.99107
169	400.00000	11.99107
169	600.00000	11.99107
169	800.00000	11.99107
169	1000.00000	11.30335
169	1200.00000	11.30335
169	1400.00000	11.30335
169	1600.00000	11.30335
169	1800.00000	11.30335
169	2000.00000	12.14290
169	2200.00000	12.14290
169	2400.00000	12.14290
169	2600.00000	12.14290
169	2800.00000	12.14290
169	3000.00000	10.35824
169	3200.00000	10.35824
169	3400.00000	10.35824
169	3600.00000	10.35824
169	3800.00000	10.35824
169	4000.00000	9.95992
169	4200.00000	9.95992
169	4400.00000	9.95992
169	4600.00000	9.95992
169	4800.00000	9.95992
169	5000.00000	10.54268
169	5200.00000	10.54268
169	5400.00000	10.54268
169	5600.00000	10.54268
169	5800.00000	10.34978
169	6000.00000	10.34978
169	6200.00000	10.34978
169	6400.00000	10.34978
169	6600.00000	10.34978
169	6800.00000	9.96713
169	7000.00000	9.96713
169	7200.00000	9.96713
169	7400.00000	9.96713
169	7600.00000	9.96713
169	7800.00000	9.41172
169	8000.00000	9.41172
169	8200.00000	9.41172
169	8400.00000	9.41172
169	8600.00000	9.41172
169	8800.00000	10.56330
169	9000.00000	10.56330
169	9200.00000	10.56330
169	9400.00000	10.56330
169	9600.00000	10.56330
169	9800.00000	8.80978
169	10000.00000	8.80978
169	10200.00000	8.80978
169	10400.00000	8.80978
169	10600.00000	10.12683
169	10800.00000	10.12683
169	11000.00000	10.12683
169	11200.00000	10.12683
169	11400.00000	10.12683
169	11600.00000	9.40668
169	11800.00000	9.40668
169	12000.00000	9.40668
169	12200.00000	9.40668
169	12400.00000	9.40668
169	12600.00000	10.83749
169	12800.00000	10.83749
169	13000.00000	10.83749
169	13200.00000	10.83749
169	13400.00000	10.83749
169	13600.00000	10.71640
169	13800.00000	10.71640
169	14000.00000	10.71640
169	14200.00000	10.71640
169	14400.00000	10.71640
169	14600.00000	9.60828
169	14800.00000	9.60828
169	15000.00000	9.60828
169	15200.00000	9.60828
169	15400.00000	8.81750
169	15600.00000	8.81750
169	15800.00000	8.81750
169	16000.00000	8.81750
169	16200.00000	8.81750
169	16400.00000	9.50510
169	16600.00000	9.50510
169	16800.00000	9.50510
169	17000.00000	9.50510
169	17200.00000	9.50510
169	17400.00000	9.11206
169	17600.00000	9.11206
169	17800.00000	9.11206
169	18000.00000	9.11206
169	18200.00000	9.11206
169	18400.00000	7.96566
169	18600.00000	7.96566
169	18800.00000	7.96566
169	19000.00000	7.96566
169	19200.00000	7.96566
169	19400.00000	8.38740
169	19600.00000	8.38740
169	19800.00000	8.38740
169	20000.00000	8.38740
170	0.00000	11.44385
170	200.00000	11.44385
170	400.00000	11.44385
170	600.00000	11.44385
170	800.00000	11.44385
170	1000.00000	11.42558
170	1200.00000	11.42558
170	1400.00000	11.42558
170	1600.00000	11.42558
170	1800.00000	11.42558
170	2000.00000	11.62409
170	2200.00000	11.62409
170	2400.00000	11.62409
170	2600.00000	11.62409
170	2800.00000	11.62409
170	3000.00000	10.78328
170	3200.00000	10.78328
170	3400.00000	10.78328
170	3600.00000	10.78328
170	3800.00000	10.78328
170	4000.00000	9.94967
170	4200.00000	9.94967
170	4400.00000	9.94967
170	4600.00000	9.94967
170	4800.00000	9.94967
170	5000.00000	10.36747
170	5200.00000	10.36747
170	5400.00000	10.36747
170	5600.00000	10.36747
170	5800.00000	10.66522
170	6000.00000	10.66522
170	6200.00000	10.66522
170	6400.00000	10.66522
170	6600.00000	10.66522
170	6800.00000	10.13891
170	7000.00000	10.13891
170	7200.00000	10.13891
170	7400.00000	10.13891
170	7600.00000	10.13891
170	7800.00000	9.21143
170	8000.00000	9.21143
170	8200.00000	9.21143
170	8400.00000	9.21143
170	8600.00000	9.21143
170	8800.00000	9.95707
170	9000.00000	9.95707
170	9200.00000	9.95707
170	9400.00000	9.95707
170	9600.00000	9.95707
170	9800.00000	9.57490
170	10000.00000	9.57490
170	10200.00000	9.57490
170	10400.00000	9.57490
170	10600.00000	9.25422
170	10800.00000	9.25422
170	11000.00000	9.25422
170	11200.00000	9.25422
170	11400.00000	9.25422
170	11600.00000	9.81014
170	11800.00000	9.81014
170	12000.00000	9.81014
170	12200.00000	9.81014
170	12400.00000	9.81014
170	12600.00000	9.87904
170	12800.00000	9.87904
170	13000.00000	9.87904
170	13200.00000	9.87904
170	13400.00000	9.87904
170	13600.00000	9.17624
170	13800.00000	9.17624
170	14000.00000	9.17624
170	14200.00000	9.17624
170	14400.00000	9.17624
170	14600.00000	9.34399
170	14800.00000	9.34399
170	15000.00000	9.34399
170	15200.00000	9.34399
170	15400.00000	9.79956
170	15600.00000	9.79956
170	15800.00000	9.79956
170	16000.00000	9.79956
170	16200.00000	9.79956
170	16400.00000	8.82388
170	16600.00000	8.82388
170	16800.00000	8.82388
170	17000.00000	8.82388
170	17200.00000	8.82388
170	17400.00000	8.86214
170	17600.00000	8.86214
170	17800.00000	8.86214
170	18000.00000	8.86214
170	18200.00000	8.86214
170	18400.00000	8.33764
170	18600.00000	8.33764
170	18800.00000	8.33764
170	19000.00000	8.33764
170	19200.00000	8.33764
170	19400.00000	8.38016
170	19600.00000	8.38016
170	19800.00000	8.38016
170	20000.00000	8.38016
171	0.00000	11.71771
171	200.00000	11.71771
171	400.00000	11.71771
171	600.00000	11.71771
171	800.00000	11.71771
171	1000.00000	11.68425
171	1200.00000	11.68425
171	1400.00000	11.68425
171	1600.00000	11.68425
171	1800.00000	11.68425
171	2000.00000	11.38910
171	2200.00000	11.38910
171	2400.00000	11.38910
171	2600.00000	11.38910
171	2800.00000	11.38910
171	3000.00000	10.58781
171	3200.00000	10.58781
171	3400.00000	10.58781
171	3600.00000	10.58781
171	3800.00000	10.58781
171	4000.00000	9.87385
171	4200.00000	9.87385
171	4400.00000	9.87385
171	4600.00000	9.87385
171	4800.00000	9.87385
171	5000.00000	10.62753
171	5200.00000	10.62753
171	5400.00000	10.62753
171	5600.00000	10.62753
171	5800.00000	10.35783
171	6000.00000	10.35783
171	6200.00000	10.35783
171	6400.00000	10.35783
171	6600.00000	10.35783
171	6800.00000	10.84538
171	7000.00000	10.84538
171	7200.00000	10.84538
171	7400.00000	10.84538
171	7600.00000	10.84538
171	7800.00000	9.27183
171	8000.00000	9.27183
171	8200.00000	9.27183
171	8400.00000	9.27183
171	8600.00000	9.27183
171	8800.00000	10.57213
171	9000.00000	10.57213
171	9200.00000	10.57213
171	9400.00000	10.57213
171	9600.00000	10.57213
171	9800.00000	9.14534
171	10000.00000	9.14534
171	10200.00000	9.14534
171	10400.00000	9.14534
171	10600.00000	8.84747
171	10800.00000	8.84747
171	11000.00000	8.84747
171	11200.00000	8.84747
171	11400.00000	8.84747
171	11600.00000	9.31096
171	11800.00000	9.31096
171	12000.00000	9.31096
171	12200.00000	9.31096
171	12400.00000	9.31096
171	12600.00000	10.52039
171	12800.00000	10.52039
171	13000.00000	10.52039
171	13200.00000	10.52039
171	13400.00000	10.52039
171	13600.00000	10.36238
171	13800.00000	10.36238
171	14000.00000	10.36238
171	14200.00000	10.36238
171	14400.00000	10.36238
171	14600.00000	9.25562
171	14800.00000	9.25562
171	15000.00000	9.25562
171	15200.00000	9.25562
171	15400.00000	8.28036
171	15600.00000	8.28036
171	15800.00000	8.28036
171	16000.00000	8.28036
171	16200.00000	8.28036
171	16400.00000	10.19864
171	16600.00000	10.19864
171	16800.00000	10.19864
171	17000.00000	10.19864
171	17200.00000	10.19864
171	17400.00000	9.81597
171	17600.00000	9.81597
171	17800.00000	9.81597
171	18000.00000	9.81597
171	18200.00000	9.81597
171	18400.00000	7.86622
171	18600.00000	7.86622
171	18800.00000	7.86622
171	19000.00000	7.86622
171	19200.00000	7.86622
171	19400.00000	7.75259
171	19600.00000	7.75259
171	19800.00000	7.75259
171	20000.00000	7.75259
172	0.00000	11.51342
172	200.00000	11.51342
172	400.00000	11.51342
172	600.00000	11.51342
172	800.00000	11.51342
172	1000.00000	11.66839
172	1200.00000	11.66839
172	1400.00000	11.66839
172	1600.00000	11.66839
172	1800.00000	11.66839
172	2000.00000	11.35338
172	2200.00000	11.35338
172	2400.00000	11.35338
172	2600.00000	11.35338
172	2800.00000	11.35338
172	3000.00000	10.84957
172	3200.00000	10.84957
172	3400.00000	10.84957
172	3600.00000	10.84957
172	3800.00000	10.84957
172	4000.00000	9.89962
172	4200.00000	9.89962
172	4400.00000	9.89962
172	4600.00000	9.89962
172	4800.00000	9.89962
172	5000.00000	10.19983
172	5200.00000	10.19983
172	5400.00000	10.19983
172	5600.00000	10.19983
172	5800.00000	10.36454
172	6000.00000	10.36454
172	6200.00000	10.36454
172	6400.00000	10.36454
172	6600.00000	10.36454
172	6800.00000	10.80276
172	7000.00000	10.80276
172	7200.00000	10.80276
172	7400.00000	10.80276
172	7600.00000	10.80276
172	7800.00000	9.87279
172	8000.00000	9.87279
172	8200.00000	9.87279
172	8400.00000	9.87279
172	8600.00000	9.87279
172	8800.00000	9.15648
172	9000.00000	9.15648
172	9200.00000	9.15648
172	9400.00000	9.15648
172	9600.00000	9.15648
172	9800.00000	9.13690
172	10000.00000	9.13690
172	10200.00000	9.13690
172	10400.00000	9.13690
172	10600.00000	9.11153
172	10800.00000	9.11153
172	11000.00000	9.11153
172	11200.00000	9.11153
172	11400.00000	9.11153
172	11600.00000	10.53007
172	11800.00000	10.53007
172	12000.00000	10.53007
172	12200.00000	10.53007
172	12400.00000	10.53007
172	12600.00000	9.92280
172	12800.00000	9.92280
172	13000.00000	9.92280
172	13200.00000	9.92280
172	13400.00000	9.92280
172	13600.00000	9.79654
172	13800.00000	9.79654
172	14000.00000	9.79654
172	14200.00000	9.79654
172	14400.00000	9.79654
172	14600.00000	9.25435
172	14800.00000	9.25435
172	15000.00000	9.25435
172	15200.00000	9.25435
172	15400.00000	9.19251
172	15600.00000	9.19251
172	15800.00000	9.19251
172	16000.00000	9.19251
172	16200.00000	9.19251
172	16400.00000	9.27387
172	16600.00000	9.27387
172	16800.00000	9.27387
172	17000.00000	9.27387
172	17200.00000	9.27387
172	17400.00000	9.57144
172	17600.00000	9.57144
172	17800.00000	9.57144
172	18000.00000	9.57144
172	18200.00000	9.57144
172	18400.00000	8.68501
172	18600.00000	8.68501
172	18800.00000	8.68501
172	19000.00000	8.68501
172	19200.00000	8.68501
172	19400.00000	8.29502
172	19600.00000	8.29502
172	19800.00000	8.29502
172	20000.00000	8.29502
173	0.00000	11.91776
173	200.00000	11.91776
173	400.00000	11.91776
173	600.00000	11.91776
173	800.00000	11.91776
173	1000.00000	11.13489
173	1200.00000	11.13489
173	1400.00000	11.13489
173	1600.00000	11.13489
173	1800.00000	11.13489
173	2000.00000	11.52552
173	2200.00000	11.52552
173	2400.00000	11.52552
173	2600.00000	11.52552
173	2800.00000	11.52552
173	3000.00000	10.84712
173	3200.00000	10.84712
173	3400.00000	10.84712
173	3600.00000	10.84712
173	3800.00000	10.84712
173	4000.00000	10.03587
173	4200.00000	10.03587
173	4400.00000	10.03587
173	4600.00000	10.03587
173	4800.00000	10.03587
173	5000.00000	10.28472
173	5200.00000	10.28472
173	5400.00000	10.28472
173	5600.00000	10.28472
173	5800.00000	10.47672
173	6000.00000	10.47672
173	6200.00000	10.47672
173	6400.00000	10.47672
173	6600.00000	10.47672
173	6800.00000	10.28359
173	7000.00000	10.28359
173	7200.00000	10.28359
173	7400.00000	10.28359
173	7600.00000	10.28359
173	7800.00000	9.27135
173	8000.00000	9.27135
173	8200.00000	9.27135
173	8400.00000	9.27135
173	8600.00000	9.27135
173	8800.00000	9.51565
173	9000.00000	9.51565
173	9200.00000	9.51565
173	9400.00000	9.51565
173	9600.00000	9.51565
173	9800.00000	9.38624
173	10000.00000	9.38624
173	10200.00000	9.38624
173	10400.00000	9.38624
173	10600.00000	9.35408
173	10800.00000	9.35408
173	11000.00000	9.35408
173	11200.00000	9.35408
173	11400.00000	9.35408
173	11600.00000	10.53374
173	11800.00000	10.53374
173	12000.00000	10.53374
173	12200.00000	10.53374
173	12400.00000	10.53374
173	12600.00000	10.06365
173	12800.00000	10.06365
173	13000.00000	10.06365
173	13200.00000	10.06365
173	13400.00000	10.06365
173	13600.00000	9.81701
173	13800.00000	9.81701
173	14000.00000	9.81701
173	14200.00000	9.81701
173	14400.00000	9.81701
173	14600.00000	9.26783
173	14800.00000	9.26783
173	15000.00000	9.26783
173	15200.00000	9.26783
173	15400.00000	8.51255
173	15600.00000	8.51255
173	15800.00000	8.51255
173	16000.00000	8.51255
173	16200.00000	8.51255
173	16400.00000	9.08464
173	16600.00000	9.08464
173	16800.00000	9.08464
173	17000.00000	9.08464
173	17200.00000	9.08464
173	17400.00000	8.96187
173	17600.00000	8.96187
173	17800.00000	8.96187
173	18000.00000	8.96187
173	18200.00000	8.96187
173	18400.00000	8.19190
173	18600.00000	8.19190
173	18800.00000	8.19190
173	19000.00000	8.19190
173	19200.00000	8.19190
173	19400.00000	8.61648
173	19600.00000	8.61648
173	19800.00000	8.61648
173	20000.00000	8.61648
174	0.00000	11.59968
174	200.00000	11.59968
174	400.00000	11.59968
174	600.00000	11.59968
174	800.00000	11.59968
174	1000.00000	11.44450
174	1200.00000	11.44450
174	1400.00000	11.44450
174	1600.00000	11.44450
174	1800.00000	11.44450
174	2000.00000	11.08771
174	2200.00000	11.08771
174	2400.00000	11.08771
174	2600.00000	11.08771
174	2800.00000	11.08771
174	3000.00000	11.04599
174	3200.00000	11.04599
174	3400.00000	11.04599
174	3600.00000	11.04599
174	3800.00000	11.04599
174	4000.00000	9.77585
174	4200.00000	9.77585
174	4400.00000	9.77585
174	4600.00000	9.77585
174	4800.00000	9.77585
174	5000.00000	10.25900
174	5200.00000	10.25900
174	5400.00000	10.25900
174	5600.00000	10.25900
174	5800.00000	10.69775
174	6000.00000	10.69775
174	6200.00000	10.69775
174	6400.00000	10.69775
174	6600.00000	10.69775
174	6800.00000	10.03772
174	7000.00000	10.03772
174	7200.00000	10.03772
174	7400.00000	10.03772
174	7600.00000	10.03772
174	7800.00000	9.40252
174	8000.00000	9.40252
174	8200.00000	9.40252
174	8400.00000	9.40252
174	8600.00000	9.40252
174	8800.00000	9.76518
174	9000.00000	9.76518
174	9200.00000	9.76518
174	9400.00000	9.76518
174	9600.00000	9.76518
174	9800.00000	9.12415
174	10000.00000	9.12415
174	10200.00000	9.12415
174	10400.00000	9.12415
174	10600.00000	9.66713
174	10800.00000	9.66713
174	11000.00000	9.66713
174	11200.00000	9.66713
174	11400.00000	9.66713
174	11600.00000	9.83367
174	11800.00000	9.83367
174	12000.00000	9.83367
174	12200.00000	9.83367
174	12400.00000	9.83367
174	12600.00000	9.98176
174	12800.00000	9.98176
174	13000.00000	9.98176
174	13200.00000	9.98176
174	13400.00000	9.98176
174	13600.00000	10.02066
174	13800.00000	10.02066
174	14000.00000	10.02066
174	14200.00000	10.02066
174	14400.00000	10.02066
174	14600.00000	8.33636
174	14800.00000	8.33636
174	15000.00000	8.33636
174	15200.00000	8.33636
174	15400.00000	9.34116
174	15600.00000	9.34116
174	15800.00000	9.34116
174	16000.00000	9.34116
174	16200.00000	9.34116
174	16400.00000	9.84572
174	16600.00000	9.84572
174	16800.00000	9.84572
174	17000.00000	9.84572
174	17200.00000	9.84572
174	17400.00000	8.66870
174	17600.00000	8.66870
174	17800.00000	8.66870
174	18000.00000	8.66870
174	18200.00000	8.66870
174	18400.00000	8.08885
174	18600.00000	8.08885
174	18800.00000	8.08885
174	19000.00000	8.08885
174	19200.00000	8.08885
174	19400.00000	8.76697
174	19600.00000	8.76697
174	19800.00000	8.76697
174	20000.00000	8.76697
175	0.00000	11.60397
175	200.00000	11.60397
175	400.00000	11.60397
175	600.00000	11.60397
175	800.00000	11.60397
175	1000.00000	11.55680
175	1200.00000	11.55680
175	1400.00000	11.55680
175	1600.00000	11.55680
175	1800.00000	11.55680
175	2000.00000	11.52619
175	2200.00000	11.52619
175	2400.00000	11.52619
175	2600.00000	11.52619
175	2800.00000	11.52619
175	3000.00000	10.65111
175	3200.00000	10.65111
175	3400.00000	10.65111
175	3600.00000	10.65111
175	3800.00000	10.65111
175	4000.00000	10.10026
175	4200.00000	10.10026
175	4400.00000	10.10026
175	4600.00000	10.10026
175	4800.00000	10.10026
175	5000.00000	10.13316
175	5200.00000	10.13316
175	5400.00000	10.13316
175	5600.00000	10.13316
175	5800.00000	10.32012
175	6000.00000	10.32012
175	6200.00000	10.32012
175	6400.00000	10.32012
175	6600.00000	10.32012
175	6800.00000	10.09652
175	7000.00000	10.09652
175	7200.00000	10.09652
175	7400.00000	10.09652
175	7600.00000	10.09652
175	7800.00000	9.85841
175	8000.00000	9.85841
175	8200.00000	9.85841
175	8400.00000	9.85841
175	8600.00000	9.85841
175	8800.00000	9.73437
175	9000.00000	9.73437
175	9200.00000	9.73437
175	9400.00000	9.73437
175	9600.00000	9.73437
175	9800.00000	9.17500
175	10000.00000	9.17500
175	10200.00000	9.17500
175	10400.00000	9.17500
175	10600.00000	9.34438
175	10800.00000	9.34438
175	11000.00000	9.34438
175	11200.00000	9.34438
175	11400.00000	9.34438
175	11600.00000	9.35150
175	11800.00000	9.35150
175	12000.00000	9.35150
175	12200.00000	9.35150
175	12400.00000	9.35150
175	12600.00000	10.12055
175	12800.00000	10.12055
175	13000.00000	10.12055
175	13200.00000	10.12055
175	13400.00000	10.12055
175	13600.00000	9.94461
175	13800.00000	9.94461
175	14000.00000	9.94461
175	14200.00000	9.94461
175	14400.00000	9.94461
175	14600.00000	8.96589
175	14800.00000	8.96589
175	15000.00000	8.96589
175	15200.00000	8.96589
175	15400.00000	8.95071
175	15600.00000	8.95071
175	15800.00000	8.95071
175	16000.00000	8.95071
175	16200.00000	8.95071
175	16400.00000	9.23516
175	16600.00000	9.23516
175	16800.00000	9.23516
175	17000.00000	9.23516
175	17200.00000	9.23516
175	17400.00000	9.53623
175	17600.00000	9.53623
175	17800.00000	9.53623
175	18000.00000	9.53623
175	18200.00000	9.53623
175	18400.00000	8.86857
175	18600.00000	8.86857
175	18800.00000	8.86857
175	19000.00000	8.86857
175	19200.00000	8.86857
175	19400.00000	8.86383
175	19600.00000	8.86383
175	19800.00000	8.86383
175	20000.00000	8.86383
176	0.00000	11.44347
176	200.00000	11.44347
176	400.00000	11.44347
176	600.00000	11.44347
176	800.00000	11.44347
176	1000.00000	11.42569
176	1200.00000	11.42569
176	1400.00000	11.42569
176	1600.00000	11.42569
176	1800.00000	11.42569
176	2000.00000	11.24594
176	2200.00000	11.24594
176	2400.00000	11.24594
176	2600.00000	11.24594
176	2800.00000	11.24594
176	3000.00000	10.26936
176	3200.00000	10.26936
176	3400.00000	10.26936
176	3600.00000	10.26936
176	3800.00000	10.26936
176	4000.00000	9.95431
176	4200.00000	9.95431
176	4400.00000	9.95431
176	4600.00000	9.95431
176	4800.00000	9.95431
176	5000.00000	10.38234
176	5200.00000	10.38234
176	5400.00000	10.38234
176	5600.00000	10.38234
176	5800.00000	10.38127
176	6000.00000	10.38127
176	6200.00000	10.38127
176	6400.00000	10.38127
176	6600.00000	10.38127
176	6800.00000	9.61227
176	7000.00000	9.61227
176	7200.00000	9.61227
176	7400.00000	9.61227
176	7600.00000	9.61227
176	7800.00000	9.80289
176	8000.00000	9.80289
176	8200.00000	9.80289
176	8400.00000	9.80289
176	8600.00000	9.80289
176	8800.00000	10.00196
176	9000.00000	10.00196
176	9200.00000	10.00196
176	9400.00000	10.00196
176	9600.00000	10.00196
176	9800.00000	9.41551
176	10000.00000	9.41551
176	10200.00000	9.41551
176	10400.00000	9.41551
176	10600.00000	9.26179
176	10800.00000	9.26179
176	11000.00000	9.26179
176	11200.00000	9.26179
176	11400.00000	9.26179
176	11600.00000	10.18548
176	11800.00000	10.18548
176	12000.00000	10.18548
176	12200.00000	10.18548
176	12400.00000	10.18548
176	12600.00000	10.42347
176	12800.00000	10.42347
176	13000.00000	10.42347
176	13200.00000	10.42347
176	13400.00000	10.42347
176	13600.00000	10.06210
176	13800.00000	10.06210
176	14000.00000	10.06210
176	14200.00000	10.06210
176	14400.00000	10.06210
176	14600.00000	9.35211
176	14800.00000	9.35211
176	15000.00000	9.35211
176	15200.00000	9.35211
176	15400.00000	9.00315
176	15600.00000	9.00315
176	15800.00000	9.00315
176	16000.00000	9.00315
176	16200.00000	9.00315
176	16400.00000	9.22004
176	16600.00000	9.22004
176	16800.00000	9.22004
176	17000.00000	9.22004
176	17200.00000	9.22004
176	17400.00000	9.09294
176	17600.00000	9.09294
176	17800.00000	9.09294
176	18000.00000	9.09294
176	18200.00000	9.09294
176	18400.00000	8.19888
176	18600.00000	8.19888
176	18800.00000	8.19888
176	19000.00000	8.19888
176	19200.00000	8.19888
176	19400.00000	8.43387
176	19600.00000	8.43387
176	19800.00000	8.43387
176	20000.00000	8.43387
177	0.00000	11.78997
177	200.00000	11.78997
177	400.00000	11.78997
177	600.00000	11.78997
177	800.00000	11.78997
177	1000.00000	11.57881
177	1200.00000	11.57881
177	1400.00000	11.57881
177	1600.00000	11.57881
177	1800.00000	11.57881
177	2000.00000	11.34784
177	2200.00000	11.34784
177	2400.00000	11.34784
177	2600.00000	11.34784
177	2800.00000	11.34784
177	3000.00000	11.02377
177	3200.00000	11.02377
177	3400.00000	11.02377
177	3600.00000	11.02377
177	3800.00000	11.02377
177	4000.00000	10.04982
177	4200.00000	10.04982
177	4400.00000	10.04982
177	4600.00000	10.04982
177	4800.00000	10.04982
177	5000.00000	10.42992
177	5200.00000	10.42992
177	5400.00000	10.42992
177	5600.00000	10.42992
177	5800.00000	10.47693
177	6000.00000	10.47693
177	6200.00000	10.47693
177	6400.00000	10.47693
177	6600.00000	10.47693
177	6800.00000	10.38346
177	7000.00000	10.38346
177	7200.00000	10.38346
177	7400.00000	10.38346
177	7600.00000	10.38346
177	7800.00000	9.69925
177	8000.00000	9.69925
177	8200.00000	9.69925
177	8400.00000	9.69925
177	8600.00000	9.69925
177	8800.00000	9.47717
177	9000.00000	9.47717
177	9200.00000	9.47717
177	9400.00000	9.47717
177	9600.00000	9.47717
177	9800.00000	9.00121
177	10000.00000	9.00121
177	10200.00000	9.00121
177	10400.00000	9.00121
177	10600.00000	9.29372
177	10800.00000	9.29372
177	11000.00000	9.29372
177	11200.00000	9.29372
177	11400.00000	9.29372
177	11600.00000	9.60775
177	11800.00000	9.60775
177	12000.00000	9.60775
177	12200.00000	9.60775
177	12400.00000	9.60775
177	12600.00000	9.63869
177	12800.00000	9.63869
177	13000.00000	9.63869
177	13200.00000	9.63869
177	13400.00000	9.63869
177	13600.00000	9.57390
177	13800.00000	9.57390
177	14000.00000	9.57390
177	14200.00000	9.57390
177	14400.00000	9.57390
177	14600.00000	9.32267
177	14800.00000	9.32267
177	15000.00000	9.32267
177	15200.00000	9.32267
177	15400.00000	8.92492
177	15600.00000	8.92492
177	15800.00000	8.92492
177	16000.00000	8.92492
177	16200.00000	8.92492
177	16400.00000	8.81233
177	16600.00000	8.81233
177	16800.00000	8.81233
177	17000.00000	8.81233
177	17200.00000	8.81233
177	17400.00000	8.61917
177	17600.00000	8.61917
177	17800.00000	8.61917
177	18000.00000	8.61917
177	18200.00000	8.61917
177	18400.00000	8.04455
177	18600.00000	8.04455
177	18800.00000	8.04455
177	19000.00000	8.04455
177	19200.00000	8.04455
177	19400.00000	8.25355
177	19600.00000	8.25355
177	19800.00000	8.25355
177	20000.00000	8.25355
178	0.00000	11.69632
178	200.00000	11.69632
178	400.00000	11.69632
178	600.00000	11.69632
178	800.00000	11.69632
178	1000.00000	11.26422
178	1200.00000	11.26422
178	1400.00000	11.26422
178	1600.00000	11.26422
178	1800.00000	11.26422
178	2000.00000	11.34601
178	2200.00000	11.34601
178	2400.00000	11.34601
178	2600.00000	11.34601
178	2800.00000	11.34601
178	3000.00000	10.70890
178	3200.00000	10.70890
178	3400.00000	10.70890
178	3600.00000	10.70890
178	3800.00000	10.70890
178	4000.00000	10.13648
178	4200.00000	10.13648
178	4400.00000	10.13648
178	4600.00000	10.13648
178	4800.00000	10.13648
178	5000.00000	10.54853
178	5200.00000	10.54853
178	5400.00000	10.54853
178	5600.00000	10.54853
178	5800.00000	10.12834
178	6000.00000	10.12834
178	6200.00000	10.12834
178	6400.00000	10.12834
178	6600.00000	10.12834
178	6800.00000	10.50211
178	7000.00000	10.50211
178	7200.00000	10.50211
178	7400.00000	10.50211
178	7600.00000	10.50211
178	7800.00000	9.82579
178	8000.00000	9.82579
178	8200.00000	9.82579
178	8400.00000	9.82579
178	8600.00000	9.82579
178	8800.00000	8.82941
178	9000.00000	8.82941
178	9200.00000	8.82941
178	9400.00000	8.82941
178	9600.00000	8.82941
178	9800.00000	8.91670
178	10000.00000	8.91670
178	10200.00000	8.91670
178	10400.00000	8.91670
178	10600.00000	9.62404
178	10800.00000	9.62404
178	11000.00000	9.62404
178	11200.00000	9.62404
178	11400.00000	9.62404
178	11600.00000	10.05679
178	11800.00000	10.05679
178	12000.00000	10.05679
178	12200.00000	10.05679
178	12400.00000	10.05679
178	12600.00000	10.25994
178	12800.00000	10.25994
178	13000.00000	10.25994
178	13200.00000	10.25994
178	13400.00000	10.25994
178	13600.00000	10.05862
178	13800.00000	10.05862
178	14000.00000	10.05862
178	14200.00000	10.05862
178	14400.00000	10.05862
178	14600.00000	9.59536
178	14800.00000	9.59536
178	15000.00000	9.59536
178	15200.00000	9.59536
178	15400.00000	9.29201
178	15600.00000	9.29201
178	15800.00000	9.29201
178	16000.00000	9.29201
178	16200.00000	9.29201
178	16400.00000	9.23985
178	16600.00000	9.23985
178	16800.00000	9.23985
178	17000.00000	9.23985
178	17200.00000	9.23985
178	17400.00000	8.87501
178	17600.00000	8.87501
178	17800.00000	8.87501
178	18000.00000	8.87501
178	18200.00000	8.87501
178	18400.00000	9.34790
178	18600.00000	9.34790
178	18800.00000	9.34790
178	19000.00000	9.34790
178	19200.00000	9.34790
178	19400.00000	9.17170
178	19600.00000	9.17170
178	19800.00000	9.17170
178	20000.00000	9.17170
179	0.00000	11.79851
179	200.00000	11.79851
179	400.00000	11.79851
179	600.00000	11.79851
179	800.00000	11.79851
179	1000.00000	11.30833
179	1200.00000	11.30833
179	1400.00000	11.30833
179	1600.00000	11.30833
179	1800.00000	11.30833
179	2000.00000	11.13604
179	2200.00000	11.13604
179	2400.00000	11.13604
179	2600.00000	11.13604
179	2800.00000	11.13604
179	3000.00000	11.22980
179	3200.00000	11.22980
179	3400.00000	11.22980
179	3600.00000	11.22980
179	3800.00000	11.22980
179	4000.00000	10.36437
179	4200.00000	10.36437
179	4400.00000	10.36437
179	4600.00000	10.36437
179	4800.00000	10.36437
179	5000.00000	10.19517
179	5200.00000	10.19517
179	5400.00000	10.19517
179	5600.00000	10.19517
179	5800.00000	10.38120
179	6000.00000	10.38120
179	6200.00000	10.38120
179	6400.00000	10.38120
179	6600.00000	10.38120
179	6800.00000	9.82654
179	7000.00000	9.82654
179	7200.00000	9.82654
179	7400.00000	9.82654
179	7600.00000	9.82654
179	7800.00000	10.12983
179	8000.00000	10.12983
179	8200.00000	10.12983
179	8400.00000	10.12983
179	8600.00000	10.12983
179	8800.00000	9.40516
179	9000.00000	9.40516
179	9200.00000	9.40516
179	9400.00000	9.40516
179	9600.00000	9.40516
179	9800.00000	8.89336
179	10000.00000	8.89336
179	10200.00000	8.89336
179	10400.00000	8.89336
179	10600.00000	9.75965
179	10800.00000	9.75965
179	11000.00000	9.75965
179	11200.00000	9.75965
179	11400.00000	9.75965
179	11600.00000	9.78675
179	11800.00000	9.78675
179	12000.00000	9.78675
179	12200.00000	9.78675
179	12400.00000	9.78675
179	12600.00000	9.83103
179	12800.00000	9.83103
179	13000.00000	9.83103
179	13200.00000	9.83103
179	13400.00000	9.83103
179	13600.00000	9.98848
179	13800.00000	9.98848
179	14000.00000	9.98848
179	14200.00000	9.98848
179	14400.00000	9.98848
179	14600.00000	9.99908
179	14800.00000	9.99908
179	15000.00000	9.99908
179	15200.00000	9.99908
179	15400.00000	8.74827
179	15600.00000	8.74827
179	15800.00000	8.74827
179	16000.00000	8.74827
179	16200.00000	8.74827
179	16400.00000	8.62552
179	16600.00000	8.62552
179	16800.00000	8.62552
179	17000.00000	8.62552
179	17200.00000	8.62552
179	17400.00000	8.88465
179	17600.00000	8.88465
179	17800.00000	8.88465
179	18000.00000	8.88465
179	18200.00000	8.88465
179	18400.00000	8.74756
179	18600.00000	8.74756
179	18800.00000	8.74756
179	19000.00000	8.74756
179	19200.00000	8.74756
179	19400.00000	9.24435
179	19600.00000	9.24435
179	19800.00000	9.24435
179	20000.00000	9.24435
180	0.00000	11.82321
180	200.00000	11.82321
180	400.00000	11.82321
180	600.00000	11.82321
180	800.00000	11.82321
180	1000.00000	11.57896
180	1200.00000	11.57896
180	1400.00000	11.57896
180	1600.00000	11.57896
180	1800.00000	11.57896
180	2000.00000	11.23180
180	2200.00000	11.23180
180	2400.00000	11.23180
180	2600.00000	11.23180
180	2800.00000	11.23180
180	3000.00000	10.88495
180	3200.00000	10.88495
180	3400.00000	10.88495
180	3600.00000	10.88495
180	3800.00000	10.88495
180	4000.00000	9.80153
180	4200.00000	9.80153
180	4400.00000	9.80153
180	4600.00000	9.80153
180	4800.00000	9.80153
180	5000.00000	10.43970
180	5200.00000	10.43970
180	5400.00000	10.43970
180	5600.00000	10.43970
180	5800.00000	10.83618
180	6000.00000	10.83618
180	6200.00000	10.83618
180	6400.00000	10.83618
180	6600.00000	10.83618
180	6800.00000	10.31379
180	7000.00000	10.31379
180	7200.00000	10.31379
180	7400.00000	10.31379
180	7600.00000	10.31379
180	7800.00000	9.62140
180	8000.00000	9.62140
180	8200.00000	9.62140
180	8400.00000	9.62140
180	8600.00000	9.62140
180	8800.00000	9.50142
180	9000.00000	9.50142
180	9200.00000	9.50142
180	9400.00000	9.50142
180	9600.00000	9.50142
180	9800.00000	9.66181
180	10000.00000	9.66181
180	10200.00000	9.66181
180	10400.00000	9.66181
180	10600.00000	9.11123
180	10800.00000	9.11123
180	11000.00000	9.11123
180	11200.00000	9.11123
180	11400.00000	9.11123
180	11600.00000	10.02652
180	11800.00000	10.02652
180	12000.00000	10.02652
180	12200.00000	10.02652
180	12400.00000	10.02652
180	12600.00000	9.65417
180	12800.00000	9.65417
180	13000.00000	9.65417
180	13200.00000	9.65417
180	13400.00000	9.65417
180	13600.00000	9.40441
180	13800.00000	9.40441
180	14000.00000	9.40441
180	14200.00000	9.40441
180	14400.00000	9.40441
180	14600.00000	9.23104
180	14800.00000	9.23104
180	15000.00000	9.23104
180	15200.00000	9.23104
180	15400.00000	8.98499
180	15600.00000	8.98499
180	15800.00000	8.98499
180	16000.00000	8.98499
180	16200.00000	8.98499
180	16400.00000	8.94778
180	16600.00000	8.94778
180	16800.00000	8.94778
180	17000.00000	8.94778
180	17200.00000	8.94778
180	17400.00000	9.03762
180	17600.00000	9.03762
180	17800.00000	9.03762
180	18000.00000	9.03762
180	18200.00000	9.03762
180	18400.00000	8.46558
180	18600.00000	8.46558
180	18800.00000	8.46558
180	19000.00000	8.46558
180	19200.00000	8.46558
180	19400.00000	8.22395
180	19600.00000	8.22395
180	19800.00000	8.22395
180	20000.00000	8.22395
181	0.00000	11.84452
181	200.00000	11.84452
181	400.00000	11.84452
181	600.00000	11.84452
181	800.00000	11.84452
181	1000.00000	11.62513
181	1200.00000	11.62513
181	1400.00000	11.62513
181	1600.00000	11.62513
181	1800.00000	11.62513
181	2000.00000	11.30787
181	2200.00000	11.30787
181	2400.00000	11.30787
181	2600.00000	11.30787
181	2800.00000	11.30787
181	3000.00000	10.67322
181	3200.00000	10.67322
181	3400.00000	10.67322
181	3600.00000	10.67322
181	3800.00000	10.67322
181	4000.00000	9.89364
181	4200.00000	9.89364
181	4400.00000	9.89364
181	4600.00000	9.89364
181	4800.00000	9.89364
181	5000.00000	10.37217
181	5200.00000	10.37217
181	5400.00000	10.37217
181	5600.00000	10.37217
181	5800.00000	10.36261
181	6000.00000	10.36261
181	6200.00000	10.36261
181	6400.00000	10.36261
181	6600.00000	10.36261
181	6800.00000	10.25133
181	7000.00000	10.25133
181	7200.00000	10.25133
181	7400.00000	10.25133
181	7600.00000	10.25133
181	7800.00000	9.21236
181	8000.00000	9.21236
181	8200.00000	9.21236
181	8400.00000	9.21236
181	8600.00000	9.21236
181	8800.00000	9.53866
181	9000.00000	9.53866
181	9200.00000	9.53866
181	9400.00000	9.53866
181	9600.00000	9.53866
181	9800.00000	9.17445
181	10000.00000	9.17445
181	10200.00000	9.17445
181	10400.00000	9.17445
181	10600.00000	9.21485
181	10800.00000	9.21485
181	11000.00000	9.21485
181	11200.00000	9.21485
181	11400.00000	9.21485
181	11600.00000	10.19495
181	11800.00000	10.19495
181	12000.00000	10.19495
181	12200.00000	10.19495
181	12400.00000	10.19495
181	12600.00000	10.37652
181	12800.00000	10.37652
181	13000.00000	10.37652
181	13200.00000	10.37652
181	13400.00000	10.37652
181	13600.00000	9.38184
181	13800.00000	9.38184
181	14000.00000	9.38184
181	14200.00000	9.38184
181	14400.00000	9.38184
181	14600.00000	8.70955
181	14800.00000	8.70955
181	15000.00000	8.70955
181	15200.00000	8.70955
181	15400.00000	8.94180
181	15600.00000	8.94180
181	15800.00000	8.94180
181	16000.00000	8.94180
181	16200.00000	8.94180
181	16400.00000	9.54587
181	16600.00000	9.54587
181	16800.00000	9.54587
181	17000.00000	9.54587
181	17200.00000	9.54587
181	17400.00000	8.86021
181	17600.00000	8.86021
181	17800.00000	8.86021
181	18000.00000	8.86021
181	18200.00000	8.86021
181	18400.00000	7.87715
181	18600.00000	7.87715
181	18800.00000	7.87715
181	19000.00000	7.87715
181	19200.00000	7.87715
181	19400.00000	8.33146
181	19600.00000	8.33146
181	19800.00000	8.33146
181	20000.00000	8.33146
182	0.00000	11.66827
182	200.00000	11.66827
182	400.00000	11.66827
182	600.00000	11.66827
182	800.00000	11.66827
182	1000.00000	11.56328
182	1200.00000	11.56328
182	1400.00000	11.56328
182	1600.00000	11.56328
182	1800.00000	11.56328
182	2000.00000	11.08138
182	2200.00000	11.08138
182	2400.00000	11.08138
182	2600.00000	11.08138
182	2800.00000	11.08138
182	3000.00000	10.96996
182	3200.00000	10.96996
182	3400.00000	10.96996
182	3600.00000	10.96996
182	3800.00000	10.96996
182	4000.00000	9.90640
182	4200.00000	9.90640
182	4400.00000	9.90640
182	4600.00000	9.90640
182	4800.00000	9.90640
182	5000.00000	10.53601
182	5200.00000	10.53601
182	5400.00000	10.53601
182	5600.00000	10.53601
182	5800.00000	10.52541
182	6000.00000	10.52541
182	6200.00000	10.52541
182	6400.00000	10.52541
182	6600.00000	10.52541
182	6800.00000	10.24757
182	7000.00000	10.24757
182	7200.00000	10.24757
182	7400.00000	10.24757
182	7600.00000	10.24757
182	7800.00000	9.44427
182	8000.00000	9.44427
182	8200.00000	9.44427
182	8400.00000	9.44427
182	8600.00000	9.44427
182	8800.00000	9.35427
182	9000.00000	9.35427
182	9200.00000	9.35427
182	9400.00000	9.35427
182	9600.00000	9.35427
182	9800.00000	9.40861
182	10000.00000	9.40861
182	10200.00000	9.40861
182	10400.00000	9.40861
182	10600.00000	9.34111
182	10800.00000	9.34111
182	11000.00000	9.34111
182	11200.00000	9.34111
182	11400.00000	9.34111
182	11600.00000	10.03575
182	11800.00000	10.03575
182	12000.00000	10.03575
182	12200.00000	10.03575
182	12400.00000	10.03575
182	12600.00000	9.68937
182	12800.00000	9.68937
182	13000.00000	9.68937
182	13200.00000	9.68937
182	13400.00000	9.68937
182	13600.00000	9.46295
182	13800.00000	9.46295
182	14000.00000	9.46295
182	14200.00000	9.46295
182	14400.00000	9.46295
182	14600.00000	9.38244
182	14800.00000	9.38244
182	15000.00000	9.38244
182	15200.00000	9.38244
182	15400.00000	9.42290
182	15600.00000	9.42290
182	15800.00000	9.42290
182	16000.00000	9.42290
182	16200.00000	9.42290
182	16400.00000	9.53844
182	16600.00000	9.53844
182	16800.00000	9.53844
182	17000.00000	9.53844
182	17200.00000	9.53844
182	17400.00000	8.88241
182	17600.00000	8.88241
182	17800.00000	8.88241
182	18000.00000	8.88241
182	18200.00000	8.88241
182	18400.00000	8.57629
182	18600.00000	8.57629
182	18800.00000	8.57629
182	19000.00000	8.57629
182	19200.00000	8.57629
182	19400.00000	8.77267
182	19600.00000	8.77267
182	19800.00000	8.77267
182	20000.00000	8.77267
183	0.00000	11.88130
183	200.00000	11.88130
183	400.00000	11.88130
183	600.00000	11.88130
183	800.00000	11.88130
183	1000.00000	11.49663
183	1200.00000	11.49663
183	1400.00000	11.49663
183	1600.00000	11.49663
183	1800.00000	11.49663
183	2000.00000	11.18896
183	2200.00000	11.18896
183	2400.00000	11.18896
183	2600.00000	11.18896
183	2800.00000	11.18896
183	3000.00000	10.78372
183	3200.00000	10.78372
183	3400.00000	10.78372
183	3600.00000	10.78372
183	3800.00000	10.78372
183	4000.00000	9.96115
183	4200.00000	9.96115
183	4400.00000	9.96115
183	4600.00000	9.96115
183	4800.00000	9.96115
183	5000.00000	10.24422
183	5200.00000	10.24422
183	5400.00000	10.24422
183	5600.00000	10.24422
183	5800.00000	10.37229
183	6000.00000	10.37229
183	6200.00000	10.37229
183	6400.00000	10.37229
183	6600.00000	10.37229
183	6800.00000	10.18916
183	7000.00000	10.18916
183	7200.00000	10.18916
183	7400.00000	10.18916
183	7600.00000	10.18916
183	7800.00000	10.05249
183	8000.00000	10.05249
183	8200.00000	10.05249
183	8400.00000	10.05249
183	8600.00000	10.05249
183	8800.00000	9.62686
183	9000.00000	9.62686
183	9200.00000	9.62686
183	9400.00000	9.62686
183	9600.00000	9.62686
183	9800.00000	9.42605
183	10000.00000	9.42605
183	10200.00000	9.42605
183	10400.00000	9.42605
183	10600.00000	9.30076
183	10800.00000	9.30076
183	11000.00000	9.30076
183	11200.00000	9.30076
183	11400.00000	9.30076
183	11600.00000	10.16023
183	11800.00000	10.16023
183	12000.00000	10.16023
183	12200.00000	10.16023
183	12400.00000	10.16023
183	12600.00000	10.05772
183	12800.00000	10.05772
183	13000.00000	10.05772
183	13200.00000	10.05772
183	13400.00000	10.05772
183	13600.00000	9.64197
183	13800.00000	9.64197
183	14000.00000	9.64197
183	14200.00000	9.64197
183	14400.00000	9.64197
183	14600.00000	8.96022
183	14800.00000	8.96022
183	15000.00000	8.96022
183	15200.00000	8.96022
183	15400.00000	9.68124
183	15600.00000	9.68124
183	15800.00000	9.68124
183	16000.00000	9.68124
183	16200.00000	9.68124
183	16400.00000	9.38020
183	16600.00000	9.38020
183	16800.00000	9.38020
183	17000.00000	9.38020
183	17200.00000	9.38020
183	17400.00000	8.78775
183	17600.00000	8.78775
183	17800.00000	8.78775
183	18000.00000	8.78775
183	18200.00000	8.78775
183	18400.00000	8.90137
183	18600.00000	8.90137
183	18800.00000	8.90137
183	19000.00000	8.90137
183	19200.00000	8.90137
183	19400.00000	9.18943
183	19600.00000	9.18943
183	19800.00000	9.18943
183	20000.00000	9.18943
184	0.00000	11.44272
184	200.00000	11.44272
184	400.00000	11.44272
184	600.00000	11.44272
184	800.00000	11.44272
184	1000.00000	11.96724
184	1200.00000	11.96724
184	1400.00000	11.96724
184	1600.00000	11.96724
184	1800.00000	11.96724
184	2000.00000	11.31831
184	2200.00000	11.31831
184	2400.00000	11.31831
184	2600.00000	11.31831
184	2800.00000	11.31831
184	3000.00000	10.77233
184	3200.00000	10.77233
184	3400.00000	10.77233
184	3600.00000	10.77233
184	3800.00000	10.77233
184	4000.00000	9.83715
184	4200.00000	9.83715
184	4400.00000	9.83715
184	4600.00000	9.83715
184	4800.00000	9.83715
184	5000.00000	10.35472
184	5200.00000	10.35472
184	5400.00000	10.35472
184	5600.00000	10.35472
184	5800.00000	10.59651
184	6000.00000	10.59651
184	6200.00000	10.59651
184	6400.00000	10.59651
184	6600.00000	10.59651
184	6800.00000	10.22826
184	7000.00000	10.22826
184	7200.00000	10.22826
184	7400.00000	10.22826
184	7600.00000	10.22826
184	7800.00000	10.13462
184	8000.00000	10.13462
184	8200.00000	10.13462
184	8400.00000	10.13462
184	8600.00000	10.13462
184	8800.00000	9.66059
184	9000.00000	9.66059
184	9200.00000	9.66059
184	9400.00000	9.66059
184	9600.00000	9.66059
184	9800.00000	9.53305
184	10000.00000	9.53305
184	10200.00000	9.53305
184	10400.00000	9.53305
184	10600.00000	9.18777
184	10800.00000	9.18777
184	11000.00000	9.18777
184	11200.00000	9.18777
184	11400.00000	9.18777
184	11600.00000	9.40170
184	11800.00000	9.40170
184	12000.00000	9.40170
184	12200.00000	9.40170
184	12400.00000	9.40170
184	12600.00000	9.73464
184	12800.00000	9.73464
184	13000.00000	9.73464
184	13200.00000	9.73464
184	13400.00000	9.73464
184	13600.00000	9.72842
184	13800.00000	9.72842
184	14000.00000	9.72842
184	14200.00000	9.72842
184	14400.00000	9.72842
184	14600.00000	9.87113
184	14800.00000	9.87113
184	15000.00000	9.87113
184	15200.00000	9.87113
184	15400.00000	9.40453
184	15600.00000	9.40453
184	15800.00000	9.40453
184	16000.00000	9.40453
184	16200.00000	9.40453
184	16400.00000	8.80865
184	16600.00000	8.80865
184	16800.00000	8.80865
184	17000.00000	8.80865
184	17200.00000	8.80865
184	17400.00000	8.11836
184	17600.00000	8.11836
184	17800.00000	8.11836
184	18000.00000	8.11836
184	18200.00000	8.11836
184	18400.00000	9.32056
184	18600.00000	9.32056
184	18800.00000	9.32056
184	19000.00000	9.32056
184	19200.00000	9.32056
184	19400.00000	9.22238
184	19600.00000	9.22238
184	19800.00000	9.22238
184	20000.00000	9.22238
185	0.00000	11.78703
185	200.00000	11.78703
185	400.00000	11.78703
185	600.00000	11.78703
185	800.00000	11.78703
185	1000.00000	11.65194
185	1200.00000	11.65194
185	1400.00000	11.65194
185	1600.00000	11.65194
185	1800.00000	11.65194
185	2000.00000	11.58652
185	2200.00000	11.58652
185	2400.00000	11.58652
185	2600.00000	11.58652
185	2800.00000	11.58652
185	3000.00000	10.39722
185	3200.00000	10.39722
185	3400.00000	10.39722
185	3600.00000	10.39722
185	3800.00000	10.39722
185	4000.00000	10.14426
185	4200.00000	10.14426
185	4400.00000	10.14426
185	4600.00000	10.14426
185	4800.00000	10.14426
185	5000.00000	10.26867
185	5200.00000	10.26867
185	5400.00000	10.26867
185	5600.00000	10.26867
185	5800.00000	10.29933
185	6000.00000	10.29933
185	6200.00000	10.29933
185	6400.00000	10.29933
185	6600.00000	10.29933
185	6800.00000	9.55382
185	7000.00000	9.55382
185	7200.00000	9.55382
185	7400.00000	9.55382
185	7600.00000	9.55382
185	7800.00000	9.52060
185	8000.00000	9.52060
185	8200.00000	9.52060
185	8400.00000	9.52060
185	8600.00000	9.52060
185	8800.00000	9.83046
185	9000.00000	9.83046
185	9200.00000	9.83046
185	9400.00000	9.83046
185	9600.00000	9.83046
185	9800.00000	9.29300
185	10000.00000	9.29300
185	10200.00000	9.29300
185	10400.00000	9.29300
185	10600.00000	9.59484
185	10800.00000	9.59484
185	11000.00000	9.59484
185	11200.00000	9.59484
185	11400.00000	9.59484
185	11600.00000	9.73572
185	11800.00000	9.73572
185	12000.00000	9.73572
185	12200.00000	9.73572
185	12400.00000	9.73572
185	12600.00000	9.60622
185	12800.00000	9.60622
185	13000.00000	9.60622
185	13200.00000	9.60622
185	13400.00000	9.60622
185	13600.00000	10.07689
185	13800.00000	10.07689
185	14000.00000	10.07689
185	14200.00000	10.07689
185	14400.00000	10.07689
185	14600.00000	9.82348
185	14800.00000	9.82348
185	15000.00000	9.82348
185	15200.00000	9.82348
185	15400.00000	8.91342
185	15600.00000	8.91342
185	15800.00000	8.91342
185	16000.00000	8.91342
185	16200.00000	8.91342
185	16400.00000	9.02364
185	16600.00000	9.02364
185	16800.00000	9.02364
185	17000.00000	9.02364
185	17200.00000	9.02364
185	17400.00000	8.25976
185	17600.00000	8.25976
185	17800.00000	8.25976
185	18000.00000	8.25976
185	18200.00000	8.25976
185	18400.00000	9.12332
185	18600.00000	9.12332
185	18800.00000	9.12332
185	19000.00000	9.12332
185	19200.00000	9.12332
185	19400.00000	8.91641
185	19600.00000	8.91641
185	19800.00000	8.91641
185	20000.00000	8.91641
186	0.00000	11.49656
186	200.00000	11.49656
186	400.00000	11.49656
186	600.00000	11.49656
186	800.00000	11.49656
186	1000.00000	12.12970
186	1200.00000	12.12970
186	1400.00000	12.12970
186	1600.00000	12.12970
186	1800.00000	12.12970
186	2000.00000	11.07899
186	2200.00000	11.07899
186	2400.00000	11.07899
186	2600.00000	11.07899
186	2800.00000	11.07899
186	3000.00000	11.09454
186	3200.00000	11.09454
186	3400.00000	11.09454
186	3600.00000	11.09454
186	3800.00000	11.09454
186	4000.00000	9.78700
186	4200.00000	9.78700
186	4400.00000	9.78700
186	4600.00000	9.78700
186	4800.00000	9.78700
186	5000.00000	10.18898
186	5200.00000	10.18898
186	5400.00000	10.18898
186	5600.00000	10.18898
186	5800.00000	10.53741
186	6000.00000	10.53741
186	6200.00000	10.53741
186	6400.00000	10.53741
186	6600.00000	10.53741
186	6800.00000	10.15496
186	7000.00000	10.15496
186	7200.00000	10.15496
186	7400.00000	10.15496
186	7600.00000	10.15496
186	7800.00000	9.79014
186	8000.00000	9.79014
186	8200.00000	9.79014
186	8400.00000	9.79014
186	8600.00000	9.79014
186	8800.00000	9.31188
186	9000.00000	9.31188
186	9200.00000	9.31188
186	9400.00000	9.31188
186	9600.00000	9.31188
186	9800.00000	9.42124
186	10000.00000	9.42124
186	10200.00000	9.42124
186	10400.00000	9.42124
186	10600.00000	9.97174
186	10800.00000	9.97174
186	11000.00000	9.97174
186	11200.00000	9.97174
186	11400.00000	9.97174
186	11600.00000	9.69893
186	11800.00000	9.69893
186	12000.00000	9.69893
186	12200.00000	9.69893
186	12400.00000	9.69893
186	12600.00000	10.03569
186	12800.00000	10.03569
186	13000.00000	10.03569
186	13200.00000	10.03569
186	13400.00000	10.03569
186	13600.00000	9.80113
186	13800.00000	9.80113
186	14000.00000	9.80113
186	14200.00000	9.80113
186	14400.00000	9.80113
186	14600.00000	9.71959
186	14800.00000	9.71959
186	15000.00000	9.71959
186	15200.00000	9.71959
186	15400.00000	9.44634
186	15600.00000	9.44634
186	15800.00000	9.44634
186	16000.00000	9.44634
186	16200.00000	9.44634
186	16400.00000	9.07291
186	16600.00000	9.07291
186	16800.00000	9.07291
186	17000.00000	9.07291
186	17200.00000	9.07291
186	17400.00000	8.13048
186	17600.00000	8.13048
186	17800.00000	8.13048
186	18000.00000	8.13048
186	18200.00000	8.13048
186	18400.00000	8.49981
186	18600.00000	8.49981
186	18800.00000	8.49981
186	19000.00000	8.49981
186	19200.00000	8.49981
186	19400.00000	8.31289
186	19600.00000	8.31289
186	19800.00000	8.31289
186	20000.00000	8.31289
187	0.00000	11.77417
187	200.00000	11.77417
187	400.00000	11.77417
187	600.00000	11.77417
187	800.00000	11.77417
187	1000.00000	11.48099
187	1200.00000	11.48099
187	1400.00000	11.48099
187	1600.00000	11.48099
187	1800.00000	11.48099
187	2000.00000	11.25134
187	2200.00000	11.25134
187	2400.00000	11.25134
187	2600.00000	11.25134
187	2800.00000	11.25134
187	3000.00000	10.92454
187	3200.00000	10.92454
187	3400.00000	10.92454
187	3600.00000	10.92454
187	3800.00000	10.92454
187	4000.00000	10.06095
187	4200.00000	10.06095
187	4400.00000	10.06095
187	4600.00000	10.06095
187	4800.00000	10.06095
187	5000.00000	10.27858
187	5200.00000	10.27858
187	5400.00000	10.27858
187	5600.00000	10.27858
187	5800.00000	10.44443
187	6000.00000	10.44443
187	6200.00000	10.44443
187	6400.00000	10.44443
187	6600.00000	10.44443
187	6800.00000	9.90057
187	7000.00000	9.90057
187	7200.00000	9.90057
187	7400.00000	9.90057
187	7600.00000	9.90057
187	7800.00000	9.23430
187	8000.00000	9.23430
187	8200.00000	9.23430
187	8400.00000	9.23430
187	8600.00000	9.23430
187	8800.00000	9.51795
187	9000.00000	9.51795
187	9200.00000	9.51795
187	9400.00000	9.51795
187	9600.00000	9.51795
187	9800.00000	9.67887
187	10000.00000	9.67887
187	10200.00000	9.67887
187	10400.00000	9.67887
187	10600.00000	9.43412
187	10800.00000	9.43412
187	11000.00000	9.43412
187	11200.00000	9.43412
187	11400.00000	9.43412
187	11600.00000	9.87616
187	11800.00000	9.87616
187	12000.00000	9.87616
187	12200.00000	9.87616
187	12400.00000	9.87616
187	12600.00000	9.59761
187	12800.00000	9.59761
187	13000.00000	9.59761
187	13200.00000	9.59761
187	13400.00000	9.59761
187	13600.00000	9.48924
187	13800.00000	9.48924
187	14000.00000	9.48924
187	14200.00000	9.48924
187	14400.00000	9.48924
187	14600.00000	9.47013
187	14800.00000	9.47013
187	15000.00000	9.47013
187	15200.00000	9.47013
187	15400.00000	9.72735
187	15600.00000	9.72735
187	15800.00000	9.72735
187	16000.00000	9.72735
187	16200.00000	9.72735
187	16400.00000	9.35169
187	16600.00000	9.35169
187	16800.00000	9.35169
187	17000.00000	9.35169
187	17200.00000	9.35169
187	17400.00000	8.03737
187	17600.00000	8.03737
187	17800.00000	8.03737
187	18000.00000	8.03737
187	18200.00000	8.03737
187	18400.00000	8.47191
187	18600.00000	8.47191
187	18800.00000	8.47191
187	19000.00000	8.47191
187	19200.00000	8.47191
187	19400.00000	8.57721
187	19600.00000	8.57721
187	19800.00000	8.57721
187	20000.00000	8.57721
188	0.00000	11.53813
188	200.00000	11.53813
188	400.00000	11.53813
188	600.00000	11.53813
188	800.00000	11.53813
188	1000.00000	11.66526
188	1200.00000	11.66526
188	1400.00000	11.66526
188	1600.00000	11.66526
188	1800.00000	11.66526
188	2000.00000	11.28105
188	2200.00000	11.28105
188	2400.00000	11.28105
188	2600.00000	11.28105
188	2800.00000	11.28105
188	3000.00000	10.29996
188	3200.00000	10.29996
188	3400.00000	10.29996
188	3600.00000	10.29996
188	3800.00000	10.29996
188	4000.00000	10.23842
188	4200.00000	10.23842
188	4400.00000	10.23842
188	4600.00000	10.23842
188	4800.00000	10.23842
188	5000.00000	10.27366
188	5200.00000	10.27366
188	5400.00000	10.27366
188	5600.00000	10.27366
188	5800.00000	10.38909
188	6000.00000	10.38909
188	6200.00000	10.38909
188	6400.00000	10.38909
188	6600.00000	10.38909
188	6800.00000	10.00992
188	7000.00000	10.00992
188	7200.00000	10.00992
188	7400.00000	10.00992
188	7600.00000	10.00992
188	7800.00000	9.62669
188	8000.00000	9.62669
188	8200.00000	9.62669
188	8400.00000	9.62669
188	8600.00000	9.62669
188	8800.00000	9.59158
188	9000.00000	9.59158
188	9200.00000	9.59158
188	9400.00000	9.59158
188	9600.00000	9.59158
188	9800.00000	9.32898
188	10000.00000	9.32898
188	10200.00000	9.32898
188	10400.00000	9.32898
188	10600.00000	9.41212
188	10800.00000	9.41212
188	11000.00000	9.41212
188	11200.00000	9.41212
188	11400.00000	9.41212
188	11600.00000	9.92622
188	11800.00000	9.92622
188	12000.00000	9.92622
188	12200.00000	9.92622
188	12400.00000	9.92622
188	12600.00000	9.87008
188	12800.00000	9.87008
188	13000.00000	9.87008
188	13200.00000	9.87008
188	13400.00000	9.87008
188	13600.00000	9.88222
188	13800.00000	9.88222
188	14000.00000	9.88222
188	14200.00000	9.88222
188	14400.00000	9.88222
188	14600.00000	9.50065
188	14800.00000	9.50065
188	15000.00000	9.50065
188	15200.00000	9.50065
188	15400.00000	9.32090
188	15600.00000	9.32090
188	15800.00000	9.32090
188	16000.00000	9.32090
188	16200.00000	9.32090
188	16400.00000	9.32491
188	16600.00000	9.32491
188	16800.00000	9.32491
188	17000.00000	9.32491
188	17200.00000	9.32491
188	17400.00000	9.45427
188	17600.00000	9.45427
188	17800.00000	9.45427
188	18000.00000	9.45427
188	18200.00000	9.45427
188	18400.00000	9.33720
188	18600.00000	9.33720
188	18800.00000	9.33720
188	19000.00000	9.33720
188	19200.00000	9.33720
188	19400.00000	8.84984
188	19600.00000	8.84984
188	19800.00000	8.84984
188	20000.00000	8.84984
189	0.00000	11.46143
189	200.00000	11.46143
189	400.00000	11.46143
189	600.00000	11.46143
189	800.00000	11.46143
189	1000.00000	11.56318
189	1200.00000	11.56318
189	1400.00000	11.56318
189	1600.00000	11.56318
189	1800.00000	11.56318
189	2000.00000	11.46806
189	2200.00000	11.46806
189	2400.00000	11.46806
189	2600.00000	11.46806
189	2800.00000	11.46806
189	3000.00000	10.78037
189	3200.00000	10.78037
189	3400.00000	10.78037
189	3600.00000	10.78037
189	3800.00000	10.78037
189	4000.00000	9.83396
189	4200.00000	9.83396
189	4400.00000	9.83396
189	4600.00000	9.83396
189	4800.00000	9.83396
189	5000.00000	10.01350
189	5200.00000	10.01350
189	5400.00000	10.01350
189	5600.00000	10.01350
189	5800.00000	10.23255
189	6000.00000	10.23255
189	6200.00000	10.23255
189	6400.00000	10.23255
189	6600.00000	10.23255
189	6800.00000	10.36201
189	7000.00000	10.36201
189	7200.00000	10.36201
189	7400.00000	10.36201
189	7600.00000	10.36201
189	7800.00000	10.01478
189	8000.00000	10.01478
189	8200.00000	10.01478
189	8400.00000	10.01478
189	8600.00000	10.01478
189	8800.00000	8.82651
189	9000.00000	8.82651
189	9200.00000	8.82651
189	9400.00000	8.82651
189	9600.00000	8.82651
189	9800.00000	9.62905
189	10000.00000	9.62905
189	10200.00000	9.62905
189	10400.00000	9.62905
189	10600.00000	9.41422
189	10800.00000	9.41422
189	11000.00000	9.41422
189	11200.00000	9.41422
189	11400.00000	9.41422
189	11600.00000	9.99740
189	11800.00000	9.99740
189	12000.00000	9.99740
189	12200.00000	9.99740
189	12400.00000	9.99740
189	12600.00000	9.41183
189	12800.00000	9.41183
189	13000.00000	9.41183
189	13200.00000	9.41183
189	13400.00000	9.41183
189	13600.00000	10.38446
189	13800.00000	10.38446
189	14000.00000	10.38446
189	14200.00000	10.38446
189	14400.00000	10.38446
189	14600.00000	10.22037
189	14800.00000	10.22037
189	15000.00000	10.22037
189	15200.00000	10.22037
189	15400.00000	8.62451
189	15600.00000	8.62451
189	15800.00000	8.62451
189	16000.00000	8.62451
189	16200.00000	8.62451
189	16400.00000	8.69111
189	16600.00000	8.69111
189	16800.00000	8.69111
189	17000.00000	8.69111
189	17200.00000	8.69111
189	17400.00000	8.85855
189	17600.00000	8.85855
189	17800.00000	8.85855
189	18000.00000	8.85855
189	18200.00000	8.85855
189	18400.00000	9.07128
189	18600.00000	9.07128
189	18800.00000	9.07128
189	19000.00000	9.07128
189	19200.00000	9.07128
189	19400.00000	9.01108
189	19600.00000	9.01108
189	19800.00000	9.01108
189	20000.00000	9.01108
190	0.00000	11.63439
190	200.00000	11.63439
190	400.00000	11.63439
190	600.00000	11.63439
190	800.00000	11.63439
190	1000.00000	11.23667
190	1200.00000	11.23667
190	1400.00000	11.23667
190	1600.00000	11.23667
190	1800.00000	11.23667
190	2000.00000	11.12393
190	2200.00000	11.12393
190	2400.00000	11.12393
190	2600.00000	11.12393
190	2800.00000	11.12393
190	3000.00000	10.73925
190	3200.00000	10.73925
190	3400.00000	10.73925
190	3600.00000	10.73925
190	3800.00000	10.73925
190	4000.00000	9.91219
190	4200.00000	9.91219
190	4400.00000	9.91219
190	4600.00000	9.91219
190	4800.00000	9.91219
190	5000.00000	10.06150
190	5200.00000	10.06150
190	5400.00000	10.06150
190	5600.00000	10.06150
190	5800.00000	10.44282
190	6000.00000	10.44282
190	6200.00000	10.44282
190	6400.00000	10.44282
190	6600.00000	10.44282
190	6800.00000	10.10720
190	7000.00000	10.10720
190	7200.00000	10.10720
190	7400.00000	10.10720
190	7600.00000	10.10720
190	7800.00000	9.34785
190	8000.00000	9.34785
190	8200.00000	9.34785
190	8400.00000	9.34785
190	8600.00000	9.34785
190	8800.00000	9.35997
190	9000.00000	9.35997
190	9200.00000	9.35997
190	9400.00000	9.35997
190	9600.00000	9.35997
190	9800.00000	9.22347
190	10000.00000	9.22347
190	10200.00000	9.22347
190	10400.00000	9.22347
190	10600.00000	9.39851
190	10800.00000	9.39851
190	11000.00000	9.39851
190	11200.00000	9.39851
190	11400.00000	9.39851
190	11600.00000	9.27794
190	11800.00000	9.27794
190	12000.00000	9.27794
190	12200.00000	9.27794
190	12400.00000	9.27794
190	12600.00000	9.71960
190	12800.00000	9.71960
190	13000.00000	9.71960
190	13200.00000	9.71960
190	13400.00000	9.71960
190	13600.00000	10.39196
190	13800.00000	10.39196
190	14000.00000	10.39196
190	14200.00000	10.39196
190	14400.00000	10.39196
190	14600.00000	9.85645
190	14800.00000	9.85645
190	15000.00000	9.85645
190	15200.00000	9.85645
190	15400.00000	9.46251
190	15600.00000	9.46251
190	15800.00000	9.46251
190	16000.00000	9.46251
190	16200.00000	9.46251
190	16400.00000	9.04330
190	16600.00000	9.04330
190	16800.00000	9.04330
190	17000.00000	9.04330
190	17200.00000	9.04330
190	17400.00000	8.85428
190	17600.00000	8.85428
190	17800.00000	8.85428
190	18000.00000	8.85428
190	18200.00000	8.85428
190	18400.00000	8.61488
190	18600.00000	8.61488
190	18800.00000	8.61488
190	19000.00000	8.61488
190	19200.00000	8.61488
190	19400.00000	8.66640
190	19600.00000	8.66640
190	19800.00000	8.66640
190	20000.00000	8.66640
191	0.00000	11.71631
191	200.00000	11.71631
191	400.00000	11.71631
191	600.00000	11.71631
191	800.00000	11.71631
191	1000.00000	11.31242
191	1200.00000	11.31242
191	1400.00000	11.31242
191	1600.00000	11.31242
191	1800.00000	11.31242
191	2000.00000	11.44704
191	2200.00000	11.44704
191	2400.00000	11.44704
191	2600.00000	11.44704
191	2800.00000	11.44704
191	3000.00000	10.89276
191	3200.00000	10.89276
191	3400.00000	10.89276
191	3600.00000	10.89276
191	3800.00000	10.89276
191	4000.00000	9.93251
191	4200.00000	9.93251
191	4400.00000	9.93251
191	4600.00000	9.93251
191	4800.00000	9.93251
191	5000.00000	10.09412
191	5200.00000	10.09412
191	5400.00000	10.09412
191	5600.00000	10.09412
191	5800.00000	10.76155
191	6000.00000	10.76155
191	6200.00000	10.76155
191	6400.00000	10.76155
191	6600.00000	10.76155
191	6800.00000	10.18472
191	7000.00000	10.18472
191	7200.00000	10.18472
191	7400.00000	10.18472
191	7600.00000	10.18472
191	7800.00000	9.50113
191	8000.00000	9.50113
191	8200.00000	9.50113
191	8400.00000	9.50113
191	8600.00000	9.50113
191	8800.00000	9.86088
191	9000.00000	9.86088
191	9200.00000	9.86088
191	9400.00000	9.86088
191	9600.00000	9.86088
191	9800.00000	10.16565
191	10000.00000	10.16565
191	10200.00000	10.16565
191	10400.00000	10.16565
191	10600.00000	8.93039
191	10800.00000	8.93039
191	11000.00000	8.93039
191	11200.00000	8.93039
191	11400.00000	8.93039
191	11600.00000	9.73436
191	11800.00000	9.73436
191	12000.00000	9.73436
191	12200.00000	9.73436
191	12400.00000	9.73436
191	12600.00000	9.86215
191	12800.00000	9.86215
191	13000.00000	9.86215
191	13200.00000	9.86215
191	13400.00000	9.86215
191	13600.00000	10.05769
191	13800.00000	10.05769
191	14000.00000	10.05769
191	14200.00000	10.05769
191	14400.00000	10.05769
191	14600.00000	9.98112
191	14800.00000	9.98112
191	15000.00000	9.98112
191	15200.00000	9.98112
191	15400.00000	9.55658
191	15600.00000	9.55658
191	15800.00000	9.55658
191	16000.00000	9.55658
191	16200.00000	9.55658
191	16400.00000	8.52728
191	16600.00000	8.52728
191	16800.00000	8.52728
191	17000.00000	8.52728
191	17200.00000	8.52728
191	17400.00000	8.89748
191	17600.00000	8.89748
191	17800.00000	8.89748
191	18000.00000	8.89748
191	18200.00000	8.89748
191	18400.00000	8.40471
191	18600.00000	8.40471
191	18800.00000	8.40471
191	19000.00000	8.40471
191	19200.00000	8.40471
191	19400.00000	9.37394
191	19600.00000	9.37394
191	19800.00000	9.37394
191	20000.00000	9.37394
192	0.00000	11.72731
192	200.00000	11.72731
192	400.00000	11.72731
192	600.00000	11.72731
192	800.00000	11.72731
192	1000.00000	11.42302
192	1200.00000	11.42302
192	1400.00000	11.42302
192	1600.00000	11.42302
192	1800.00000	11.42302
192	2000.00000	11.08945
192	2200.00000	11.08945
192	2400.00000	11.08945
192	2600.00000	11.08945
192	2800.00000	11.08945
192	3000.00000	11.03976
192	3200.00000	11.03976
192	3400.00000	11.03976
192	3600.00000	11.03976
192	3800.00000	11.03976
192	4000.00000	9.89931
192	4200.00000	9.89931
192	4400.00000	9.89931
192	4600.00000	9.89931
192	4800.00000	9.89931
192	5000.00000	10.67736
192	5200.00000	10.67736
192	5400.00000	10.67736
192	5600.00000	10.67736
192	5800.00000	10.81984
192	6000.00000	10.81984
192	6200.00000	10.81984
192	6400.00000	10.81984
192	6600.00000	10.81984
192	6800.00000	10.02838
192	7000.00000	10.02838
192	7200.00000	10.02838
192	7400.00000	10.02838
192	7600.00000	10.02838
192	7800.00000	9.25280
192	8000.00000	9.25280
192	8200.00000	9.25280
192	8400.00000	9.25280
192	8600.00000	9.25280
192	8800.00000	10.27201
192	9000.00000	10.27201
192	9200.00000	10.27201
192	9400.00000	10.27201
192	9600.00000	10.27201
192	9800.00000	9.97510
192	10000.00000	9.97510
192	10200.00000	9.97510
192	10400.00000	9.97510
192	10600.00000	9.27328
192	10800.00000	9.27328
192	11000.00000	9.27328
192	11200.00000	9.27328
192	11400.00000	9.27328
192	11600.00000	9.63004
192	11800.00000	9.63004
192	12000.00000	9.63004
192	12200.00000	9.63004
192	12400.00000	9.63004
192	12600.00000	10.11233
192	12800.00000	10.11233
192	13000.00000	10.11233
192	13200.00000	10.11233
192	13400.00000	10.11233
192	13600.00000	10.34263
192	13800.00000	10.34263
192	14000.00000	10.34263
192	14200.00000	10.34263
192	14400.00000	10.34263
192	14600.00000	9.42243
192	14800.00000	9.42243
192	15000.00000	9.42243
192	15200.00000	9.42243
192	15400.00000	9.63767
192	15600.00000	9.63767
192	15800.00000	9.63767
192	16000.00000	9.63767
192	16200.00000	9.63767
192	16400.00000	8.63958
192	16600.00000	8.63958
192	16800.00000	8.63958
192	17000.00000	8.63958
192	17200.00000	8.63958
192	17400.00000	8.47534
192	17600.00000	8.47534
192	17800.00000	8.47534
192	18000.00000	8.47534
192	18200.00000	8.47534
192	18400.00000	9.15910
192	18600.00000	9.15910
192	18800.00000	9.15910
192	19000.00000	9.15910
192	19200.00000	9.15910
192	19400.00000	9.06850
192	19600.00000	9.06850
192	19800.00000	9.06850
192	20000.00000	9.06850
193	0.00000	11.88033
193	200.00000	11.88033
193	400.00000	11.88033
193	600.00000	11.88033
193	800.00000	11.88033
193	1000.00000	11.37752
193	1200.00000	11.37752
193	1400.00000	11.37752
193	1600.00000	11.37752
193	1800.00000	11.37752
193	2000.00000	11.14257
193	2200.00000	11.14257
193	2400.00000	11.14257
193	2600.00000	11.14257
193	2800.00000	11.14257
193	3000.00000	11.10473
193	3200.00000	11.10473
193	3400.00000	11.10473
193	3600.00000	11.10473
193	3800.00000	11.10473
193	4000.00000	9.94852
193	4200.00000	9.94852
193	4400.00000	9.94852
193	4600.00000	9.94852
193	4800.00000	9.94852
193	5000.00000	10.26975
193	5200.00000	10.26975
193	5400.00000	10.26975
193	5600.00000	10.26975
193	5800.00000	10.58333
193	6000.00000	10.58333
193	6200.00000	10.58333
193	6400.00000	10.58333
193	6600.00000	10.58333
193	6800.00000	10.35361
193	7000.00000	10.35361
193	7200.00000	10.35361
193	7400.00000	10.35361
193	7600.00000	10.35361
193	7800.00000	9.35128
193	8000.00000	9.35128
193	8200.00000	9.35128
193	8400.00000	9.35128
193	8600.00000	9.35128
193	8800.00000	9.38946
193	9000.00000	9.38946
193	9200.00000	9.38946
193	9400.00000	9.38946
193	9600.00000	9.38946
193	9800.00000	9.36130
193	10000.00000	9.36130
193	10200.00000	9.36130
193	10400.00000	9.36130
193	10600.00000	9.48044
193	10800.00000	9.48044
193	11000.00000	9.48044
193	11200.00000	9.48044
193	11400.00000	9.48044
193	11600.00000	9.58572
193	11800.00000	9.58572
193	12000.00000	9.58572
193	12200.00000	9.58572
193	12400.00000	9.58572
193	12600.00000	10.22542
193	12800.00000	10.22542
193	13000.00000	10.22542
193	13200.00000	10.22542
193	13400.00000	10.22542
193	13600.00000	9.73764
193	13800.00000	9.73764
193	14000.00000	9.73764
193	14200.00000	9.73764
193	14400.00000	9.73764
193	14600.00000	9.61184
193	14800.00000	9.61184
193	15000.00000	9.61184
193	15200.00000	9.61184
193	15400.00000	9.05168
193	15600.00000	9.05168
193	15800.00000	9.05168
193	16000.00000	9.05168
193	16200.00000	9.05168
193	16400.00000	9.30376
193	16600.00000	9.30376
193	16800.00000	9.30376
193	17000.00000	9.30376
193	17200.00000	9.30376
193	17400.00000	8.50573
193	17600.00000	8.50573
193	17800.00000	8.50573
193	18000.00000	8.50573
193	18200.00000	8.50573
193	18400.00000	8.83900
193	18600.00000	8.83900
193	18800.00000	8.83900
193	19000.00000	8.83900
193	19200.00000	8.83900
193	19400.00000	8.87775
193	19600.00000	8.87775
193	19800.00000	8.87775
193	20000.00000	8.87775
194	0.00000	12.04474
194	200.00000	12.04474
194	400.00000	12.04474
194	600.00000	12.04474
194	800.00000	12.04474
194	1000.00000	11.38410
194	1200.00000	11.38410
194	1400.00000	11.38410
194	1600.00000	11.38410
194	1800.00000	11.38410
194	2000.00000	11.65124
194	2200.00000	11.65124
194	2400.00000	11.65124
194	2600.00000	11.65124
194	2800.00000	11.65124
194	3000.00000	10.82907
194	3200.00000	10.82907
194	3400.00000	10.82907
194	3600.00000	10.82907
194	3800.00000	10.82907
194	4000.00000	9.78855
194	4200.00000	9.78855
194	4400.00000	9.78855
194	4600.00000	9.78855
194	4800.00000	9.78855
194	5000.00000	10.44454
194	5200.00000	10.44454
194	5400.00000	10.44454
194	5600.00000	10.44454
194	5800.00000	10.43748
194	6000.00000	10.43748
194	6200.00000	10.43748
194	6400.00000	10.43748
194	6600.00000	10.43748
194	6800.00000	9.97205
194	7000.00000	9.97205
194	7200.00000	9.97205
194	7400.00000	9.97205
194	7600.00000	9.97205
194	7800.00000	9.53463
194	8000.00000	9.53463
194	8200.00000	9.53463
194	8400.00000	9.53463
194	8600.00000	9.53463
194	8800.00000	9.85972
194	9000.00000	9.85972
194	9200.00000	9.85972
194	9400.00000	9.85972
194	9600.00000	9.85972
194	9800.00000	9.01469
194	10000.00000	9.01469
194	10200.00000	9.01469
194	10400.00000	9.01469
194	10600.00000	9.58243
194	10800.00000	9.58243
194	11000.00000	9.58243
194	11200.00000	9.58243
194	11400.00000	9.58243
194	11600.00000	9.47804
194	11800.00000	9.47804
194	12000.00000	9.47804
194	12200.00000	9.47804
194	12400.00000	9.47804
194	12600.00000	10.52562
194	12800.00000	10.52562
194	13000.00000	10.52562
194	13200.00000	10.52562
194	13400.00000	10.52562
194	13600.00000	10.03198
194	13800.00000	10.03198
194	14000.00000	10.03198
194	14200.00000	10.03198
194	14400.00000	10.03198
194	14600.00000	9.39276
194	14800.00000	9.39276
194	15000.00000	9.39276
194	15200.00000	9.39276
194	15400.00000	9.25996
194	15600.00000	9.25996
194	15800.00000	9.25996
194	16000.00000	9.25996
194	16200.00000	9.25996
194	16400.00000	8.71447
194	16600.00000	8.71447
194	16800.00000	8.71447
194	17000.00000	8.71447
194	17200.00000	8.71447
194	17400.00000	7.74067
194	17600.00000	7.74067
194	17800.00000	7.74067
194	18000.00000	7.74067
194	18200.00000	7.74067
194	18400.00000	9.25320
194	18600.00000	9.25320
194	18800.00000	9.25320
194	19000.00000	9.25320
194	19200.00000	9.25320
194	19400.00000	10.07186
194	19600.00000	10.07186
194	19800.00000	10.07186
194	20000.00000	10.07186
195	0.00000	11.78067
195	200.00000	11.78067
195	400.00000	11.78067
195	600.00000	11.78067
195	800.00000	11.78067
195	1000.00000	11.62955
195	1200.00000	11.62955
195	1400.00000	11.62955
195	1600.00000	11.62955
195	1800.00000	11.62955
195	2000.00000	11.73037
195	2200.00000	11.73037
195	2400.00000	11.73037
195	2600.00000	11.73037
195	2800.00000	11.73037
195	3000.00000	10.60456
195	3200.00000	10.60456
195	3400.00000	10.60456
195	3600.00000	10.60456
195	3800.00000	10.60456
195	4000.00000	9.94174
195	4200.00000	9.94174
195	4400.00000	9.94174
195	4600.00000	9.94174
195	4800.00000	9.94174
195	5000.00000	10.33090
195	5200.00000	10.33090
195	5400.00000	10.33090
195	5600.00000	10.33090
195	5800.00000	10.52213
195	6000.00000	10.52213
195	6200.00000	10.52213
195	6400.00000	10.52213
195	6600.00000	10.52213
195	6800.00000	10.87591
195	7000.00000	10.87591
195	7200.00000	10.87591
195	7400.00000	10.87591
195	7600.00000	10.87591
195	7800.00000	9.70009
195	8000.00000	9.70009
195	8200.00000	9.70009
195	8400.00000	9.70009
195	8600.00000	9.70009
195	8800.00000	9.64172
195	9000.00000	9.64172
195	9200.00000	9.64172
195	9400.00000	9.64172
195	9600.00000	9.64172
195	9800.00000	9.11807
195	10000.00000	9.11807
195	10200.00000	9.11807
195	10400.00000	9.11807
195	10600.00000	9.82715
195	10800.00000	9.82715
195	11000.00000	9.82715
195	11200.00000	9.82715
195	11400.00000	9.82715
195	11600.00000	9.91626
195	11800.00000	9.91626
195	12000.00000	9.91626
195	12200.00000	9.91626
195	12400.00000	9.91626
195	12600.00000	9.96703
195	12800.00000	9.96703
195	13000.00000	9.96703
195	13200.00000	9.96703
195	13400.00000	9.96703
195	13600.00000	10.29900
195	13800.00000	10.29900
195	14000.00000	10.29900
195	14200.00000	10.29900
195	14400.00000	10.29900
195	14600.00000	9.71593
195	14800.00000	9.71593
195	15000.00000	9.71593
195	15200.00000	9.71593
195	15400.00000	9.75079
195	15600.00000	9.75079
195	15800.00000	9.75079
195	16000.00000	9.75079
195	16200.00000	9.75079
195	16400.00000	8.10483
195	16600.00000	8.10483
195	16800.00000	8.10483
195	17000.00000	8.10483
195	17200.00000	8.10483
195	17400.00000	8.20564
195	17600.00000	8.20564
195	17800.00000	8.20564
195	18000.00000	8.20564
195	18200.00000	8.20564
195	18400.00000	8.49545
195	18600.00000	8.49545
195	18800.00000	8.49545
195	19000.00000	8.49545
195	19200.00000	8.49545
195	19400.00000	8.52225
195	19600.00000	8.52225
195	19800.00000	8.52225
195	20000.00000	8.52225
196	0.00000	11.66001
196	200.00000	11.66001
196	400.00000	11.66001
196	600.00000	11.66001
196	800.00000	11.66001
196	1000.00000	11.85890
196	1200.00000	11.85890
196	1400.00000	11.85890
196	1600.00000	11.85890
196	1800.00000	11.85890
196	2000.00000	11.55504
196	2200.00000	11.55504
196	2400.00000	11.55504
196	2600.00000	11.55504
196	2800.00000	11.55504
196	3000.00000	10.53897
196	3200.00000	10.53897
196	3400.00000	10.53897
196	3600.00000	10.53897
196	3800.00000	10.53897
196	4000.00000	10.14160
196	4200.00000	10.14160
196	4400.00000	10.14160
196	4600.00000	10.14160
196	4800.00000	10.14160
196	5000.00000	9.99715
196	5200.00000	9.99715
196	5400.00000	9.99715
196	5600.00000	9.99715
196	5800.00000	10.33258
196	6000.00000	10.33258
196	6200.00000	10.33258
196	6400.00000	10.33258
196	6600.00000	10.33258
196	6800.00000	10.12611
196	7000.00000	10.12611
196	7200.00000	10.12611
196	7400.00000	10.12611
196	7600.00000	10.12611
196	7800.00000	9.77883
196	8000.00000	9.77883
196	8200.00000	9.77883
196	8400.00000	9.77883
196	8600.00000	9.77883
196	8800.00000	9.63484
196	9000.00000	9.63484
196	9200.00000	9.63484
196	9400.00000	9.63484
196	9600.00000	9.63484
196	9800.00000	9.83811
196	10000.00000	9.83811
196	10200.00000	9.83811
196	10400.00000	9.83811
196	10600.00000	9.18424
196	10800.00000	9.18424
196	11000.00000	9.18424
196	11200.00000	9.18424
196	11400.00000	9.18424
196	11600.00000	9.45671
196	11800.00000	9.45671
196	12000.00000	9.45671
196	12200.00000	9.45671
196	12400.00000	9.45671
196	12600.00000	9.61783
196	12800.00000	9.61783
196	13000.00000	9.61783
196	13200.00000	9.61783
196	13400.00000	9.61783
196	13600.00000	10.04604
196	13800.00000	10.04604
196	14000.00000	10.04604
196	14200.00000	10.04604
196	14400.00000	10.04604
196	14600.00000	9.68105
196	14800.00000	9.68105
196	15000.00000	9.68105
196	15200.00000	9.68105
196	15400.00000	9.77962
196	15600.00000	9.77962
196	15800.00000	9.77962
196	16000.00000	9.77962
196	16200.00000	9.77962
196	16400.00000	8.32403
196	16600.00000	8.32403
196	16800.00000	8.32403
196	17000.00000	8.32403
196	17200.00000	8.32403
196	17400.00000	7.62098
196	17600.00000	7.62098
196	17800.00000	7.62098
196	18000.00000	7.62098
196	18200.00000	7.62098
196	18400.00000	9.24584
196	18600.00000	9.24584
196	18800.00000	9.24584
196	19000.00000	9.24584
196	19200.00000	9.24584
196	19400.00000	9.48569
196	19600.00000	9.48569
196	19800.00000	9.48569
196	20000.00000	9.48569
197	0.00000	11.45603
197	200.00000	11.45603
197	400.00000	11.45603
197	600.00000	11.45603
197	800.00000	11.45603
197	1000.00000	11.28084
197	1200.00000	11.28084
197	1400.00000	11.28084
197	1600.00000	11.28084
197	1800.00000	11.28084
197	2000.00000	11.21890
197	2200.00000	11.21890
197	2400.00000	11.21890
197	2600.00000	11.21890
197	2800.00000	11.21890
197	3000.00000	10.52091
197	3200.00000	10.52091
197	3400.00000	10.52091
197	3600.00000	10.52091
197	3800.00000	10.52091
197	4000.00000	10.15963
197	4200.00000	10.15963
197	4400.00000	10.15963
197	4600.00000	10.15963
197	4800.00000	10.15963
197	5000.00000	10.62517
197	5200.00000	10.62517
197	5400.00000	10.62517
197	5600.00000	10.62517
197	5800.00000	10.24680
197	6000.00000	10.24680
197	6200.00000	10.24680
197	6400.00000	10.24680
197	6600.00000	10.24680
197	6800.00000	9.77077
197	7000.00000	9.77077
197	7200.00000	9.77077
197	7400.00000	9.77077
197	7600.00000	9.77077
197	7800.00000	9.53798
197	8000.00000	9.53798
197	8200.00000	9.53798
197	8400.00000	9.53798
197	8600.00000	9.53798
197	8800.00000	9.96228
197	9000.00000	9.96228
197	9200.00000	9.96228
197	9400.00000	9.96228
197	9600.00000	9.96228
197	9800.00000	9.26669
197	10000.00000	9.26669
197	10200.00000	9.26669
197	10400.00000	9.26669
197	10600.00000	9.90542
197	10800.00000	9.90542
197	11000.00000	9.90542
197	11200.00000	9.90542
197	11400.00000	9.90542
197	11600.00000	9.74468
197	11800.00000	9.74468
197	12000.00000	9.74468
197	12200.00000	9.74468
197	12400.00000	9.74468
197	12600.00000	9.92344
197	12800.00000	9.92344
197	13000.00000	9.92344
197	13200.00000	9.92344
197	13400.00000	9.92344
197	13600.00000	9.93309
197	13800.00000	9.93309
197	14000.00000	9.93309
197	14200.00000	9.93309
197	14400.00000	9.93309
197	14600.00000	9.73411
197	14800.00000	9.73411
197	15000.00000	9.73411
197	15200.00000	9.73411
197	15400.00000	9.37575
197	15600.00000	9.37575
197	15800.00000	9.37575
197	16000.00000	9.37575
197	16200.00000	9.37575
197	16400.00000	9.02937
197	16600.00000	9.02937
197	16800.00000	9.02937
197	17000.00000	9.02937
197	17200.00000	9.02937
197	17400.00000	8.93732
197	17600.00000	8.93732
197	17800.00000	8.93732
197	18000.00000	8.93732
197	18200.00000	8.93732
197	18400.00000	9.36956
197	18600.00000	9.36956
197	18800.00000	9.36956
197	19000.00000	9.36956
197	19200.00000	9.36956
197	19400.00000	8.97504
197	19600.00000	8.97504
197	19800.00000	8.97504
197	20000.00000	8.97504
198	0.00000	11.43305
198	200.00000	11.43305
198	400.00000	11.43305
198	600.00000	11.43305
198	800.00000	11.43305
198	1000.00000	11.58332
198	1200.00000	11.58332
198	1400.00000	11.58332
198	1600.00000	11.58332
198	1800.00000	11.58332
198	2000.00000	11.27936
198	2200.00000	11.27936
198	2400.00000	11.27936
198	2600.00000	11.27936
198	2800.00000	11.27936
198	3000.00000	10.93701
198	3200.00000	10.93701
198	3400.00000	10.93701
198	3600.00000	10.93701
198	3800.00000	10.93701
198	4000.00000	9.67251
198	4200.00000	9.67251
198	4400.00000	9.67251
198	4600.00000	9.67251
198	4800.00000	9.67251
198	5000.00000	10.61778
198	5200.00000	10.61778
198	5400.00000	10.61778
198	5600.00000	10.61778
198	5800.00000	10.49767
198	6000.00000	10.49767
198	6200.00000	10.49767
198	6400.00000	10.49767
198	6600.00000	10.49767
198	6800.00000	10.23959
198	7000.00000	10.23959
198	7200.00000	10.23959
198	7400.00000	10.23959
198	7600.00000	10.23959
198	7800.00000	9.00608
198	8000.00000	9.00608
198	8200.00000	9.00608
198	8400.00000	9.00608
198	8600.00000	9.00608
198	8800.00000	9.81489
198	9000.00000	9.81489
198	9200.00000	9.81489
198	9400.00000	9.81489
198	9600.00000	9.81489
198	9800.00000	9.69927
198	10000.00000	9.69927
198	10200.00000	9.69927
198	10400.00000	9.69927
198	10600.00000	9.48439
198	10800.00000	9.48439
198	11000.00000	9.48439
198	11200.00000	9.48439
198	11400.00000	9.48439
198	11600.00000	10.64163
198	11800.00000	10.64163
198	12000.00000	10.64163
198	12200.00000	10.64163
198	12400.00000	10.64163
198	12600.00000	10.31791
198	12800.00000	10.31791
198	13000.00000	10.31791
198	13200.00000	10.31791
198	13400.00000	10.31791
198	13600.00000	10.13109
198	13800.00000	10.13109
198	14000.00000	10.13109
198	14200.00000	10.13109
198	14400.00000	10.13109
198	14600.00000	10.06083
198	14800.00000	10.06083
198	15000.00000	10.06083
198	15200.00000	10.06083
198	15400.00000	10.22158
198	15600.00000	10.22158
198	15800.00000	10.22158
198	16000.00000	10.22158
198	16200.00000	10.22158
198	16400.00000	8.68411
198	16600.00000	8.68411
198	16800.00000	8.68411
198	17000.00000	8.68411
198	17200.00000	8.68411
198	17400.00000	8.07526
198	17600.00000	8.07526
198	17800.00000	8.07526
198	18000.00000	8.07526
198	18200.00000	8.07526
198	18400.00000	9.07459
198	18600.00000	9.07459
198	18800.00000	9.07459
198	19000.00000	9.07459
198	19200.00000	9.07459
198	19400.00000	9.89913
198	19600.00000	9.89913
198	19800.00000	9.89913
198	20000.00000	9.89913
199	0.00000	11.37097
199	200.00000	11.37097
199	400.00000	11.37097
199	600.00000	11.37097
199	800.00000	11.37097
199	1000.00000	11.37828
199	1200.00000	11.37828
199	1400.00000	11.37828
199	1600.00000	11.37828
199	1800.00000	11.37828
199	2000.00000	11.21686
199	2200.00000	11.21686
199	2400.00000	11.21686
199	2600.00000	11.21686
199	2800.00000	11.21686
199	3000.00000	10.94633
199	3200.00000	10.94633
199	3400.00000	10.94633
199	3600.00000	10.94633
199	3800.00000	10.94633
199	4000.00000	9.62963
199	4200.00000	9.62963
199	4400.00000	9.62963
199	4600.00000	9.62963
199	4800.00000	9.62963
199	5000.00000	10.20281
199	5200.00000	10.20281
199	5400.00000	10.20281
199	5600.00000	10.20281
199	5800.00000	10.59968
199	6000.00000	10.59968
199	6200.00000	10.59968
199	6400.00000	10.59968
199	6600.00000	10.59968
199	6800.00000	10.25064
199	7000.00000	10.25064
199	7200.00000	10.25064
199	7400.00000	10.25064
199	7600.00000	10.25064
199	7800.00000	9.49984
199	8000.00000	9.49984
199	8200.00000	9.49984
199	8400.00000	9.49984
199	8600.00000	9.49984
199	8800.00000	9.22922
199	9000.00000	9.22922
199	9200.00000	9.22922
199	9400.00000	9.22922
199	9600.00000	9.22922
199	9800.00000	9.54672
199	10000.00000	9.54672
199	10200.00000	9.54672
199	10400.00000	9.54672
199	10600.00000	9.30258
199	10800.00000	9.30258
199	11000.00000	9.30258
199	11200.00000	9.30258
199	11400.00000	9.30258
199	11600.00000	10.55196
199	11800.00000	10.55196
199	12000.00000	10.55196
199	12200.00000	10.55196
199	12400.00000	10.55196
199	12600.00000	10.36922
199	12800.00000	10.36922
199	13000.00000	10.36922
199	13200.00000	10.36922
199	13400.00000	10.36922
199	13600.00000	10.68585
199	13800.00000	10.68585
199	14000.00000	10.68585
199	14200.00000	10.68585
199	14400.00000	10.68585
199	14600.00000	9.77098
199	14800.00000	9.77098
199	15000.00000	9.77098
199	15200.00000	9.77098
199	15400.00000	8.93000
199	15600.00000	8.93000
199	15800.00000	8.93000
199	16000.00000	8.93000
199	16200.00000	8.93000
199	16400.00000	8.87309
199	16600.00000	8.87309
199	16800.00000	8.87309
199	17000.00000	8.87309
199	17200.00000	8.87309
199	17400.00000	8.83313
199	17600.00000	8.83313
199	17800.00000	8.83313
199	18000.00000	8.83313
199	18200.00000	8.83313
199	18400.00000	8.38660
199	18600.00000	8.38660
199	18800.00000	8.38660
199	19000.00000	8.38660
199	19200.00000	8.38660
199	19400.00000	9.02063
199	19600.00000	9.02063
199	19800.00000	9.02063
199	20000.00000	9.02063
200	0.00000	11.38738
200	200.00000	11.38738
200	400.00000	11.38738
200	600.00000	11.38738
200	800.00000	11.38738
200	1000.00000	11.67820
200	1200.00000	11.67820
200	1400.00000	11.67820
200	1600.00000	11.67820
200	1800.00000	11.67820
200	2000.00000	10.99306
200	2200.00000	10.99306
200	2400.00000	10.99306
200	2600.00000	10.99306
200	2800.00000	10.99306
200	3000.00000	10.58390
200	3200.00000	10.58390
200	3400.00000	10.58390
200	3600.00000	10.58390
200	3800.00000	10.58390
200	4000.00000	10.30344
200	4200.00000	10.30344
200	4400.00000	10.30344
200	4600.00000	10.30344
200	4800.00000	10.30344
200	5000.00000	10.54789
200	5200.00000	10.54789
200	5400.00000	10.54789
200	5600.00000	10.54789
200	5800.00000	10.27297
200	6000.00000	10.27297
200	6200.00000	10.27297
200	6400.00000	10.27297
200	6600.00000	10.27297
200	6800.00000	10.07734
200	7000.00000	10.07734
200	7200.00000	10.07734
200	7400.00000	10.07734
200	7600.00000	10.07734
200	7800.00000	9.81067
200	8000.00000	9.81067
200	8200.00000	9.81067
200	8400.00000	9.81067
200	8600.00000	9.81067
200	8800.00000	9.04034
200	9000.00000	9.04034
200	9200.00000	9.04034
200	9400.00000	9.04034
200	9600.00000	9.04034
200	9800.00000	9.53913
200	10000.00000	9.53913
200	10200.00000	9.53913
200	10400.00000	9.53913
200	10600.00000	9.15663
200	10800.00000	9.15663
200	11000.00000	9.15663
200	11200.00000	9.15663
200	11400.00000	9.15663
200	11600.00000	9.91276
200	11800.00000	9.91276
200	12000.00000	9.91276
200	12200.00000	9.91276
200	12400.00000	9.91276
200	12600.00000	10.14012
200	12800.00000	10.14012
200	13000.00000	10.14012
200	13200.00000	10.14012
200	13400.00000	10.14012
200	13600.00000	9.97972
200	13800.00000	9.97972
200	14000.00000	9.97972
200	14200.00000	9.97972
200	14400.00000	9.97972
200	14600.00000	9.91510
200	14800.00000	9.91510
200	15000.00000	9.91510
200	15200.00000	9.91510
200	15400.00000	9.40462
200	15600.00000	9.40462
200	15800.00000	9.40462
200	16000.00000	9.40462
200	16200.00000	9.40462
200	16400.00000	9.20701
200	16600.00000	9.20701
200	16800.00000	9.20701
200	17000.00000	9.20701
200	17200.00000	9.20701
200	17400.00000	8.59600
200	17600.00000	8.59600
200	17800.00000	8.59600
200	18000.00000	8.59600
200	18200.00000	8.59600
200	18400.00000	8.56632
200	18600.00000	8.56632
200	18800.00000	8.56632
200	19000.00000	8.56632
200	19200.00000	8.56632
200	19400.00000	8.46040
200	19600.00000	8.46040
200	19800.00000	8.46040
200	20000.00000	8.46040
