draw	time	log_ne
1	0.00000	9.90483
1	200.00000	9.90483
1	400.00000	9.90483
1	600.00000	9.90483
1	800.00000	9.90483
1	1000.00000	10.09768
1	1200.00000	10.09768
1	1400.00000	10.09768
1	1600.00000	10.09768
1	1800.00000	10.09768
1	2000.00000	9.42017
1	2200.00000	9.42017
1	2400.00000	9.42017
1	2600.00000	9.42017
1	2800.00000	9.42017
1	3000.00000	8.85856
1	3200.00000	8.85856
1	3400.00000	8.85856
1	3600.00000	8.85856
1	3800.00000	8.85856
1	4000.00000	9.10549
1	4200.00000	9.10549
1	4400.00000	9.10549
1	4600.00000	9.10549
1	4800.00000	9.10549
1	5000.00000	8.96577
1	5200.00000	8.96577
1	5400.00000	8.96577
1	5600.00000	8.96577
1	5800.00000	8.96577
1	6000.00000	8.86836
1	6200.00000	8.86836
1	6400.00000	8.86836
1	6600.00000	8.86836
1	6800.00000	8.86836
1	7000.00000	8.78487
1	7200.00000	8.78487
1	7400.00000	8.78487
1	7600.00000	8.78487
1	7800.00000	8.78487
1	8000.00000	8.67630
1	8200.00000	8.67630
1	8400.00000	8.67630
1	8600.00000	8.67630
1	8800.00000	8.67630
1	9000.00000	8.77969
1	9200.00000	8.77969
1	9400.00000	8.77969
1	9600.00000	8.77969
1	9800.00000	8.77969
1	10000.00000	8.97121
1	10200.00000	8.97121
1	10400.00000	8.97121
1	10600.00000	8.97121
1	10800.00000	8.97121
1	11000.00000	9.22834
1	11200.00000	9.22834
1	11400.00000	9.22834
1	11600.00000	9.22834
1	11800.00000	9.22834
1	12000.00000	9.55899
1	12200.00000	9.55899
1	12400.00000	9.55899
1	12600.00000	9.55899
1	12800.00000	9.55899
1	13000.00000	9.45235
1	13200.00000	9.45235
1	13400.00000	9.45235
1	13600.00000	9.45235
1	13800.00000	9.45235
1	14000.00000	9.29334
1	14200.00000	9.29334
1	14400.00000	9.29334
1	14600.00000	9.29334
1	14800.00000	9.29334
1	15000.00000	9.07319
1	15200.00000	9.07319
1	15400.00000	9.07319
1	15600.00000	9.07319
1	15800.00000	9.25043
1	16000.00000	9.25043
1	16200.00000	9.25043
1	16400.00000	9.25043
1	16600.00000	9.25043
1	16800.00000	9.17971
1	17000.00000	9.17971
1	17200.00000	9.17971
1	17400.00000	9.17971
1	17600.00000	9.17971
1	17800.00000	9.33430
1	18000.00000	9.33430
1	18200.00000	9.33430
1	18400.00000	9.33430
1	18600.00000	9.33430
1	18800.00000	9.25809
1	19000.00000	9.25809
1	19200.00000	9.25809
1	19400.00000	9.25809
1	19600.00000	9.25809
1	19800.00000	9.37657
1	20000.00000	9.37657
2	0.00000	10.02559
2	200.00000	10.02559
2	400.00000	10.02559
2	600.00000	10.02559
2	800.00000	10.02559
2	1000.00000	9.95908
2	1200.00000	9.95908
2	1400.00000	9.95908
2	1600.00000	9.95908
2	1800.00000	9.95908
2	2000.00000	9.45145
2	2200.00000	9.45145
2	2400.00000	9.45145
2	2600.00000	9.45145
2	2800.00000	9.45145
2	3000.00000	9.13560
2	3200.00000	9.13560
2	3400.00000	9.13560
2	3600.00000	9.13560
2	3800.00000	9.13560
2	4000.00000	9.16882
2	4200.00000	9.16882
2	4400.00000	9.16882
2	4600.00000	9.16882
2	4800.00000	9.16882
2	5000.00000	8.87479
2	5200.00000	8.87479
2	5400.00000	8.87479
2	5600.00000	8.87479
2	5800.00000	8.87479
2	6000.00000	8.98641
2	6200.00000	8.98641
2	6400.00000	8.98641
2	6600.00000	8.98641
2	6800.00000	8.98641
2	7000.00000	8.81555
2	7200.00000	8.81555
2	7400.00000	8.81555
2	7600.00000	8.81555
2	7800.00000	8.81555
2	8000.00000	8.96651
2	8200.00000	8.96651
2	8400.00000	8.96651
2	8600.00000	8.96651
2	8800.00000	8.96651
2	9000.00000	9.04544
2	9200.00000	9.04544
2	9400.00000	9.04544
2	9600.00000	9.04544
2	9800.00000	9.04544
2	10000.00000	9.10171
2	10200.00000	9.10171
2	10400.00000	9.10171
2	10600.00000	9.10171
2	10800.00000	9.10171
2	11000.00000	9.59065
2	11200.00000	9.59065
2	11400.00000	9.59065
2	11600.00000	9.59065
2	11800.00000	9.59065
2	12000.00000	9.88987
2	12200.00000	9.88987
2	12400.00000	9.88987
2	12600.00000	9.88987
2	12800.00000	9.88987
2	13000.00000	9.41297
2	13200.00000	9.41297
2	13400.00000	9.41297
2	13600.00000	9.41297
2	13800.00000	9.41297
2	14000.00000	9.85785
2	14200.00000	9.85785
2	14400.00000	9.85785
2	14600.00000	9.85785
2	14800.00000	9.85785
2	15000.00000	9.75915
2	15200.00000	9.75915
2	15400.00000	9.75915
2	15600.00000	9.75915
2	15800.00000	9.57117
2	16000.00000	9.57117
2	16200.00000	9.57117
2	16400.00000	9.57117
2	16600.00000	9.57117
2	16800.00000	9.41673
2	17000.00000	9.41673
2	17200.00000	9.41673
2	17400.00000	9.41673
2	17600.00000	9.41673
2	17800.00000	9.37137
2	18000.00000	9.37137
2	18200.00000	9.37137
2	18400.00000	9.37137
2	18600.00000	9.37137
2	18800.00000	9.39072
2	19000.00000	9.39072
2	19200.00000	9.39072
2	19400.00000	9.39072
2	19600.00000	9.39072
2	19800.00000	8.79712
2	20000.00000	8.79712
3	0.00000	9.91298
3	200.00000	9.91298
3	400.00000	9.91298
3	600.00000	9.91298
3	800.00000	9.91298
3	1000.00000	10.34868
3	1200.00000	10.34868
3	1400.00000	10.34868
3	1600.00000	10.34868
3	1800.00000	10.34868
3	2000.00000	9.66314
3	2200.00000	9.66314
3	2400.00000	9.66314
3	2600.00000	9.66314
3	2800.00000	9.66314
3	3000.00000	9.12061
3	3200.00000	9.12061
3	3400.00000	9.12061
3	3600.00000	9.12061
3	3800.00000	9.12061
3	4000.00000	8.76538
3	4200.00000	8.76538
3	4400.00000	8.76538
3	4600.00000	8.76538
3	4800.00000	8.76538
3	5000.00000	8.83036
3	5200.00000	8.83036
3	5400.00000	8.83036
3	5600.00000	8.83036
3	5800.00000	8.83036
3	6000.00000	8.70285
3	6200.00000	8.70285
3	6400.00000	8.70285
3	6600.00000	8.70285
3	6800.00000	8.70285
3	7000.00000	8.97244
3	7200.00000	8.97244
3	7400.00000	8.97244
3	7600.00000	8.97244
3	7800.00000	8.97244
3	8000.00000	8.88886
3	8200.00000	8.88886
3	8400.00000	8.88886
3	8600.00000	8.88886
3	8800.00000	8.88886
3	9000.00000	8.82635
3	9200.00000	8.82635
3	9400.00000	8.82635
3	9600.00000	8.82635
3	9800.00000	8.82635
3	10000.00000	8.86323
3	10200.00000	8.86323
3	10400.00000	8.86323
3	10600.00000	8.86323
3	10800.00000	8.86323
3	11000.00000	9.22332
3	11200.00000	9.22332
3	11400.00000	9.22332
3	11600.00000	9.22332
3	11800.00000	9.22332
3	12000.00000	9.22908
3	12200.00000	9.22908
3	12400.00000	9.22908
3	12600.00000	9.22908
3	12800.00000	9.22908
3	13000.00000	9.32424
3	13200.00000	9.32424
3	13400.00000	9.32424
3	13600.00000	9.32424
3	13800.00000	9.32424
3	14000.00000	9.76086
3	14200.00000	9.76086
3	14400.00000	9.76086
3	14600.00000	9.76086
3	14800.00000	9.76086
3	15000.00000	9.83229
3	15200.00000	9.83229
3	15400.00000	9.83229
3	15600.00000	9.83229
3	15800.00000	9.69205
3	16000.00000	9.69205
3	16200.00000	9.69205
3	16400.00000	9.69205
3	16600.00000	9.69205
3	16800.00000	9.84645
3	17000.00000	9.84645
3	17200.00000	9.84645
3	17400.00000	9.84645
3	17600.00000	9.84645
3	17800.00000	9.25582
3	18000.00000	9.25582
3	18200.00000	9.25582
3	18400.00000	9.25582
3	18600.00000	9.25582
3	18800.00000	8.98093
3	19000.00000	8.98093
3	19200.00000	8.98093
3	19400.00000	8.98093
3	19600.00000	8.98093
3	19800.00000	9.08297
3	20000.00000	9.08297
4	0.00000	10.02269
4	200.00000	10.02269
4	400.00000	10.02269
4	600.00000	10.02269
4	800.00000	10.02269
4	1000.00000	10.09481
4	1200.00000	10.09481
4	1400.00000	10.09481
4	1600.00000	10.09481
4	1800.00000	10.09481
4	2000.00000	9.18148
4	2200.00000	9.18148
4	2400.00000	9.18148
4	2600.00000	9.18148
4	2800.00000	9.18148
4	3000.00000	8.95625
4	3200.00000	8.95625
4	3400.00000	8.95625
4	3600.00000	8.95625
4	3800.00000	8.95625
4	4000.00000	9.11313
4	4200.00000	9.11313
4	4400.00000	9.11313
4	4600.00000	9.11313
4	4800.00000	9.11313
4	5000.00000	9.13459
4	5200.00000	9.13459
4	5400.00000	9.13459
4	5600.00000	9.13459
4	5800.00000	9.13459
4	6000.00000	9.20603
4	6200.00000	9.20603
4	6400.00000	9.20603
4	6600.00000	9.20603
4	6800.00000	9.20603
4	7000.00000	8.62734
4	7200.00000	8.62734
4	7400.00000	8.62734
4	7600.00000	8.62734
4	7800.00000	8.62734
4	8000.00000	8.96212
4	8200.00000	8.96212
4	8400.00000	8.96212
4	8600.00000	8.96212
4	8800.00000	8.96212
4	9000.00000	8.83689
4	9200.00000	8.83689
4	9400.00000	8.83689
4	9600.00000	8.83689
4	9800.00000	8.83689
4	10000.00000	8.69274
4	10200.00000	8.69274
4	10400.00000	8.69274
4	10600.00000	8.69274
4	10800.00000	8.69274
4	11000.00000	8.91503
4	11200.00000	8.91503
4	11400.00000	8.91503
4	11600.00000	8.91503
4	11800.00000	8.91503
4	12000.00000	9.35290
4	12200.00000	9.35290
4	12400.00000	9.35290
4	12600.00000	9.35290
4	12800.00000	9.35290
4	13000.00000	8.88356
4	13200.00000	8.88356
4	13400.00000	8.88356
4	13600.00000	8.88356
4	13800.00000	8.88356
4	14000.00000	9.42352
4	14200.00000	9.42352
4	14400.00000	9.42352
4	14600.00000	9.42352
4	14800.00000	9.42352
4	15000.00000	9.12594
4	15200.00000	9.12594
4	15400.00000	9.12594
4	15600.00000	9.12594
4	15800.00000	9.29135
4	16000.00000	9.29135
4	16200.00000	9.29135
4	16400.00000	9.29135
4	16600.00000	9.29135
4	16800.00000	9.04504
4	17000.00000	9.04504
4	17200.00000	9.04504
4	17400.00000	9.04504
4	17600.00000	9.04504
4	17800.00000	9.35325
4	18000.00000	9.35325
4	18200.00000	9.35325
4	18400.00000	9.35325
4	18600.00000	9.35325
4	18800.00000	9.77123
4	19000.00000	9.77123
4	19200.00000	9.77123
4	19400.00000	9.77123
4	19600.00000	9.77123
4	19800.00000	9.68153
4	20000.00000	9.68153
5	0.00000	10.00567
5	200.00000	10.00567
5	400.00000	10.00567
5	600.00000	10.00567
5	800.00000	10.00567
5	1000.00000	9.98203
5	1200.00000	9.98203
5	1400.00000	9.98203
5	1600.00000	9.98203
5	1800.00000	9.98203
5	2000.00000	9.53050
5	2200.00000	9.53050
5	2400.00000	9.53050
5	2600.00000	9.53050
5	2800.00000	9.53050
5	3000.00000	9.01609
5	3200.00000	9.01609
5	3400.00000	9.01609
5	3600.00000	9.01609
5	3800.00000	9.01609
5	4000.00000	8.97366
5	4200.00000	8.97366
5	4400.00000	8.97366
5	4600.00000	8.97366
5	4800.00000	8.97366
5	5000.00000	8.75983
5	5200.00000	8.75983
5	5400.00000	8.75983
5	5600.00000	8.75983
5	5800.00000	8.75983
5	6000.00000	8.92403
5	6200.00000	8.92403
5	6400.00000	8.92403
5	6600.00000	8.92403
5	6800.00000	8.92403
5	7000.00000	8.90178
5	7200.00000	8.90178
5	7400.00000	8.90178
5	7600.00000	8.90178
5	7800.00000	8.90178
5	8000.00000	9.21382
5	8200.00000	9.21382
5	8400.00000	9.21382
5	8600.00000	9.21382
5	8800.00000	9.21382
5	9000.00000	9.00963
5	9200.00000	9.00963
5	9400.00000	9.00963
5	9600.00000	9.00963
5	9800.00000	9.00963
5	10000.00000	9.17687
5	10200.00000	9.17687
5	10400.00000	9.17687
5	10600.00000	9.17687
5	10800.00000	9.17687
5	11000.00000	9.61280
5	11200.00000	9.61280
5	11400.00000	9.61280
5	11600.00000	9.61280
5	11800.00000	9.61280
5	12000.00000	9.92268
5	12200.00000	9.92268
5	12400.00000	9.92268
5	12600.00000	9.92268
5	12800.00000	9.92268
5	13000.00000	10.15804
5	13200.00000	10.15804
5	13400.00000	10.15804
5	13600.00000	10.15804
5	13800.00000	10.15804
5	14000.00000	9.88330
5	14200.00000	9.88330
5	14400.00000	9.88330
5	14600.00000	9.88330
5	14800.00000	9.88330
5	15000.00000	9.55119
5	15200.00000	9.55119
5	15400.00000	9.55119
5	15600.00000	9.55119
5	15800.00000	9.65631
5	16000.00000	9.65631
5	16200.00000	9.65631
5	16400.00000	9.65631
5	16600.00000	9.65631
5	16800.00000	9.95053
5	17000.00000	9.95053
5	17200.00000	9.95053
5	17400.00000	9.95053
5	17600.00000	9.95053
5	17800.00000	9.72432
5	18000.00000	9.72432
5	18200.00000	9.72432
5	18400.00000	9.72432
5	18600.00000	9.72432
5	18800.00000	9.65069
5	19000.00000	9.65069
5	19200.00000	9.65069
5	19400.00000	9.65069
5	19600.00000	9.65069
5	19800.00000	9.38349
5	20000.00000	9.38349
6	0.00000	9.97172
6	200.00000	9.97172
6	400.00000	9.97172
6	600.00000	9.97172
6	800.00000	9.97172
6	1000.00000	9.97785
6	1200.00000	9.97785
6	1400.00000	9.97785
6	1600.00000	9.97785
6	1800.00000	9.97785
6	2000.00000	9.43489
6	2200.00000	9.43489
6	2400.00000	9.43489
6	2600.00000	9.43489
6	2800.00000	9.43489
6	3000.00000	8.60052
6	3200.00000	8.60052
6	3400.00000	8.60052
6	3600.00000	8.60052
6	3800.00000	8.60052
6	4000.00000	9.33283
6	4200.00000	9.33283
6	4400.00000	9.33283
6	4600.00000	9.33283
6	4800.00000	9.33283
6	5000.00000	8.84961
6	5200.00000	8.84961
6	5400.00000	8.84961
6	5600.00000	8.84961
6	5800.00000	8.84961
6	6000.00000	9.21107
6	6200.00000	9.21107
6	6400.00000	9.21107
6	6600.00000	9.21107
6	6800.00000	9.21107
6	7000.00000	9.04295
6	7200.00000	9.04295
6	7400.00000	9.04295
6	7600.00000	9.04295
6	7800.00000	9.04295
6	8000.00000	9.10226
6	8200.00000	9.10226
6	8400.00000	9.10226
6	8600.00000	9.10226
6	8800.00000	9.10226
6	9000.00000	9.17087
6	9200.00000	9.17087
6	9400.00000	9.17087
6	9600.00000	9.17087
6	9800.00000	9.17087
6	10000.00000	9.78657
6	10200.00000	9.78657
6	10400.00000	9.78657
6	10600.00000	9.78657
6	10800.00000	9.78657
6	11000.00000	9.44539
6	11200.00000	9.44539
6	11400.00000	9.44539
6	11600.00000	9.44539
6	11800.00000	9.44539
6	12000.00000	9.78395
6	12200.00000	9.78395
6	12400.00000	9.78395
6	12600.00000	9.78395
6	12800.00000	9.78395
6	13000.00000	9.85256
6	13200.00000	9.85256
6	13400.00000	9.85256
6	13600.00000	9.85256
6	13800.00000	9.85256
6	14000.00000	9.86511
6	14200.00000	9.86511
6	14400.00000	9.86511
6	14600.00000	9.86511
6	14800.00000	9.86511
6	15000.00000	9.09089
6	15200.00000	9.09089
6	15400.00000	9.09089
6	15600.00000	9.09089
6	15800.00000	8.81837
6	16000.00000	8.81837
6	16200.00000	8.81837
6	16400.00000	8.81837
6	16600.00000	8.81837
6	16800.00000	8.82794
6	17000.00000	8.82794
6	17200.00000	8.82794
6	17400.00000	8.82794
6	17600.00000	8.82794
6	17800.00000	9.29389
6	18000.00000	9.29389
6	18200.00000	9.29389
6	18400.00000	9.29389
6	18600.00000	9.29389
6	18800.00000	8.84413
6	19000.00000	8.84413
6	19200.00000	8.84413
6	19400.00000	8.84413
6	19600.00000	8.84413
6	19800.00000	8.93517
6	20000.00000	8.93517
7	0.00000	9.89981
7	200.00000	9.89981
7	400.00000	9.89981
7	600.00000	9.89981
7	800.00000	9.89981
7	1000.00000	10.35036
7	1200.00000	10.35036
7	1400.00000	10.35036
7	1600.00000	10.35036
7	1800.00000	10.35036
7	2000.00000	9.32996
7	2200.00000	9.32996
7	2400.00000	9.32996
7	2600.00000	9.32996
7	2800.00000	9.32996
7	3000.00000	8.80319
7	3200.00000	8.80319
7	3400.00000	8.80319
7	3600.00000	8.80319
7	3800.00000	8.80319
7	4000.00000	9.66652
7	4200.00000	9.66652
7	4400.00000	9.66652
7	4600.00000	9.66652
7	4800.00000	9.66652
7	5000.00000	8.97012
7	5200.00000	8.97012
7	5400.00000	8.97012
7	5600.00000	8.97012
7	5800.00000	8.97012
7	6000.00000	8.54585
7	6200.00000	8.54585
7	6400.00000	8.54585
7	6600.00000	8.54585
7	6800.00000	8.54585
7	7000.00000	8.81188
7	7200.00000	8.81188
7	7400.00000	8.81188
7	7600.00000	8.81188
7	7800.00000	8.81188
7	8000.00000	9.27500
7	8200.00000	9.27500
7	8400.00000	9.27500
7	8600.00000	9.27500
7	8800.00000	9.27500
7	9000.00000	9.09147
7	9200.00000	9.09147
7	9400.00000	9.09147
7	9600.00000	9.09147
7	9800.00000	9.09147
7	10000.00000	8.75844
7	10200.00000	8.75844
7	10400.00000	8.75844
7	10600.00000	8.75844
7	10800.00000	8.75844
7	11000.00000	9.42189
7	11200.00000	9.42189
7	11400.00000	9.42189
7	11600.00000	9.42189
7	11800.00000	9.42189
7	12000.00000	9.32806
7	12200.00000	9.32806
7	12400.00000	9.32806
7	12600.00000	9.32806
7	12800.00000	9.32806
7	13000.00000	9.29418
7	13200.00000	9.29418
7	13400.00000	9.29418
7	13600.00000	9.29418
7	13800.00000	9.29418
7	14000.00000	9.61701
7	14200.00000	9.61701
7	14400.00000	9.61701
7	14600.00000	9.61701
7	14800.00000	9.61701
7	15000.00000	9.46113
7	15200.00000	9.46113
7	15400.00000	9.46113
7	15600.00000	9.46113
7	15800.00000	8.73556
7	16000.00000	8.73556
7	16200.00000	8.73556
7	16400.00000	8.73556
7	16600.00000	8.73556
7	16800.00000	8.78566
7	17000.00000	8.78566
7	17200.00000	8.78566
7	17400.00000	8.78566
7	17600.00000	8.78566
7	17800.00000	9.61313
7	18000.00000	9.61313
7	18200.00000	9.61313
7	18400.00000	9.61313
7	18600.00000	9.61313
7	18800.00000	9.48792
7	19000.00000	9.48792
7	19200.00000	9.48792
7	19400.00000	9.48792
7	19600.00000	9.48792
7	19800.00000	8.66599
7	20000.00000	8.66599
8	0.00000	9.93845
8	200.00000	9.93845
8	400.00000	9.93845
8	600.00000	9.93845
8	800.00000	9.93845
8	1000.00000	10.22891
8	1200.00000	10.22891
8	1400.00000	10.22891
8	1600.00000	10.22891
8	1800.00000	10.22891
8	2000.00000	9.67286
8	2200.00000	9.67286
8	2400.00000	9.67286
8	2600.00000	9.67286
8	2800.00000	9.67286
8	3000.00000	8.95952
8	3200.00000	8.95952
8	3400.00000	8.95952
8	3600.00000	8.95952
8	3800.00000	8.95952
8	4000.00000	8.93971
8	4200.00000	8.93971
8	4400.00000	8.93971
8	4600.00000	8.93971
8	4800.00000	8.93971
8	5000.00000	8.82107
8	5200.00000	8.82107
8	5400.00000	8.82107
8	5600.00000	8.82107
8	5800.00000	8.82107
8	6000.00000	9.18129
8	6200.00000	9.18129
8	6400.00000	9.18129
8	6600.00000	9.18129
8	6800.00000	9.18129
8	7000.00000	9.11204
8	7200.00000	9.11204
8	7400.00000	9.11204
8	7600.00000	9.11204
8	7800.00000	9.11204
8	8000.00000	8.83660
8	8200.00000	8.83660
8	8400.00000	8.83660
8	8600.00000	8.83660
8	8800.00000	8.83660
8	9000.00000	8.88102
8	9200.00000	8.88102
8	9400.00000	8.88102
8	9600.00000	8.88102
8	9800.00000	8.88102
8	10000.00000	9.03889
8	10200.00000	9.03889
8	10400.00000	9.03889
8	10600.00000	9.03889
8	10800.00000	9.03889
8	11000.00000	10.12808
8	11200.00000	10.12808
8	11400.00000	10.12808
8	11600.00000	10.12808
8	11800.00000	10.12808
8	12000.00000	9.64346
8	12200.00000	9.64346
8	12400.00000	9.64346
8	12600.00000	9.64346
8	12800.00000	9.64346
8	13000.00000	9.32443
8	13200.00000	9.32443
8	13400.00000	9.32443
8	13600.00000	9.32443
8	13800.00000	9.32443
8	14000.00000	9.52641
8	14200.00000	9.52641
8	14400.00000	9.52641
8	14600.00000	9.52641
8	14800.00000	9.52641
8	15000.00000	9.19205
8	15200.00000	9.19205
8	15400.00000	9.19205
8	15600.00000	9.19205
8	15800.00000	9.04354
8	16000.00000	9.04354
8	16200.00000	9.04354
8	16400.00000	9.04354
8	16600.00000	9.04354
8	16800.00000	9.44694
8	17000.00000	9.44694
8	17200.00000	9.44694
8	17400.00000	9.44694
8	17600.00000	9.44694
8	17800.00000	9.42151
8	18000.00000	9.42151
8	18200.00000	9.42151
8	18400.00000	9.42151
8	18600.00000	9.42151
8	18800.00000	8.95909
8	19000.00000	8.95909
8	19200.00000	8.95909
8	19400.00000	8.95909
8	19600.00000	8.95909
8	19800.00000	9.01249
8	20000.00000	9.01249
9	0.00000	9.91964
9	200.00000	9.91964
9	400.00000	9.91964
9	600.00000	9.91964
9	800.00000	9.91964
9	1000.00000	10.01245
9	1200.00000	10.01245
9	1400.00000	10.01245
9	1600.00000	10.01245
9	1800.00000	10.01245
9	2000.00000	9.43483
9	2200.00000	9.43483
9	2400.00000	9.43483
9	2600.00000	9.43483
9	2800.00000	9.43483
9	3000.00000	8.86046
9	3200.00000	8.86046
9	3400.00000	8.86046
9	3600.00000	8.86046
9	3800.00000	8.86046
9	4000.00000	9.02568
9	4200.00000	9.02568
9	4400.00000	9.02568
9	4600.00000	9.02568
9	4800.00000	9.02568
9	5000.00000	9.15638
9	5200.00000	9.15638
9	5400.00000	9.15638
9	5600.00000	9.15638
9	5800.00000	9.15638
9	6000.00000	8.72591
9	6200.00000	8.72591
9	6400.00000	8.72591
9	6600.00000	8.72591
9	6800.00000	8.72591
9	7000.00000	9.59737
9	7200.00000	9.59737
9	7400.00000	9.59737
9	7600.00000	9.59737
9	7800.00000	9.59737
9	8000.00000	9.12214
9	8200.00000	9.12214
9	8400.00000	9.12214
9	8600.00000	9.12214
9	8800.00000	9.12214
9	9000.00000	8.92357
9	9200.00000	8.92357
9	9400.00000	8.92357
9	9600.00000	8.92357
9	9800.00000	8.92357
9	10000.00000	9.26311
9	10200.00000	9.26311
9	10400.00000	9.26311
9	10600.00000	9.26311
9	10800.00000	9.26311
9	11000.00000	9.52763
9	11200.00000	9.52763
9	11400.00000	9.52763
9	11600.00000	9.52763
9	11800.00000	9.52763
9	12000.00000	9.41997
9	12200.00000	9.41997
9	12400.00000	9.41997
9	12600.00000	9.41997
9	12800.00000	9.41997
9	13000.00000	9.37516
9	13200.00000	9.37516
9	13400.00000	9.37516
9	13600.00000	9.37516
9	13800.00000	9.37516
9	14000.00000	9.28928
9	14200.00000	9.28928
9	14400.00000	9.28928
9	14600.00000	9.28928
9	14800.00000	9.28928
9	15000.00000	9.45562
9	15200.00000	9.45562
9	15400.00000	9.45562
9	15600.00000	9.45562
9	15800.00000	9.57435
9	16000.00000	9.57435
9	16200.00000	9.57435
9	16400.00000	9.57435
9	16600.00000	9.57435
9	16800.00000	9.81236
9	17000.00000	9.81236
9	17200.00000	9.81236
9	17400.00000	9.81236
9	17600.00000	9.81236
9	17800.00000	9.33829
9	18000.00000	9.33829
9	18200.00000	9.33829
9	18400.00000	9.33829
9	18600.00000	9.33829
9	18800.00000	8.68496
9	19000.00000	8.68496
9	19200.00000	8.68496
9	19400.00000	8.68496
9	19600.00000	8.68496
9	19800.00000	8.89326
9	20000.00000	8.89326
10	0.00000	9.96253
10	200.00000	9.96253
10	400.00000	9.96253
10	600.00000	9.96253
10	800.00000	9.96253
10	1000.00000	10.02270
10	1200.00000	10.02270
10	1400.00000	10.02270
10	1600.00000	10.02270
10	1800.00000	10.02270
10	2000.00000	9.70855
10	2200.00000	9.70855
10	2400.00000	9.70855
10	2600.00000	9.70855
10	2800.00000	9.70855
10	3000.00000	9.12278
10	3200.00000	9.12278
10	3400.00000	9.12278
10	3600.00000	9.12278
10	3800.00000	9.12278
10	4000.00000	8.99413
10	4200.00000	8.99413
10	4400.00000	8.99413
10	4600.00000	8.99413
10	4800.00000	8.99413
10	5000.00000	9.12857
10	5200.00000	9.12857
10	5400.00000	9.12857
10	5600.00000	9.12857
10	5800.00000	9.12857
10	6000.00000	9.10455
10	6200.00000	9.10455
10	6400.00000	9.10455
10	6600.00000	9.10455
10	6800.00000	9.10455
10	7000.00000	8.86492
10	7200.00000	8.86492
10	7400.00000	8.86492
10	7600.00000	8.86492
10	7800.00000	8.86492
10	8000.00000	8.81930
10	8200.00000	8.81930
10	8400.00000	8.81930
10	8600.00000	8.81930
10	8800.00000	8.81930
10	9000.00000	8.93732
10	9200.00000	8.93732
10	9400.00000	8.93732
10	9600.00000	8.93732
10	9800.00000	8.93732
10	10000.00000	9.21698
10	10200.00000	9.21698
10	10400.00000	9.21698
10	10600.00000	9.21698
10	10800.00000	9.21698
10	11000.00000	9.85774
10	11200.00000	9.85774
10	11400.00000	9.85774
10	11600.00000	9.85774
10	11800.00000	9.85774
10	12000.00000	9.57244
10	12200.00000	9.57244
10	12400.00000	9.57244
10	12600.00000	9.57244
10	12800.00000	9.57244
10	13000.00000	9.25668
10	13200.00000	9.25668
10	13400.00000	9.25668
10	13600.00000	9.25668
10	13800.00000	9.25668
10	14000.00000	9.30493
10	14200.00000	9.30493
10	14400.00000	9.30493
10	14600.00000	9.30493
10	14800.00000	9.30493
10	15000.00000	9.08684
10	15200.00000	9.08684
10	15400.00000	9.08684
10	15600.00000	9.08684
10	15800.00000	8.87699
10	16000.00000	8.87699
10	16200.00000	8.87699
10	16400.00000	8.87699
10	16600.00000	8.87699
10	16800.00000	8.99347
10	17000.00000	8.99347
10	17200.00000	8.99347
10	17400.00000	8.99347
10	17600.00000	8.99347
10	17800.00000	9.02849
10	18000.00000	9.02849
10	18200.00000	9.02849
10	18400.00000	9.02849
10	18600.00000	9.02849
10	18800.00000	8.77685
10	19000.00000	8.77685
10	19200.00000	8.77685
10	19400.00000	8.77685
10	19600.00000	8.77685
10	19800.00000	9.11962
10	20000.00000	9.11962
11	0.00000	10.09692
11	200.00000	10.09692
11	400.00000	10.09692
11	600.00000	10.09692
11	800.00000	10.09692
11	1000.00000	10.19359
11	1200.00000	10.19359
11	1400.00000	10.19359
11	1600.00000	10.19359
11	1800.00000	10.19359
11	2000.00000	9.46041
11	2200.00000	9.46041
11	2400.00000	9.46041
11	2600.00000	9.46041
11	2800.00000	9.46041
11	3000.00000	8.98184
11	3200.00000	8.98184
11	3400.00000	8.98184
11	3600.00000	8.98184
11	3800.00000	8.98184
11	4000.00000	9.48780
11	4200.00000	9.48780
11	4400.00000	9.48780
11	4600.00000	9.48780
11	4800.00000	9.48780
11	5000.00000	9.14189
11	5200.00000	9.14189
11	5400.00000	9.14189
11	5600.00000	9.14189
11	5800.00000	9.14189
11	6000.00000	8.74601
11	6200.00000	8.74601
11	6400.00000	8.74601
11	6600.00000	8.74601
11	6800.00000	8.74601
11	7000.00000	9.26475
11	7200.00000	9.26475
11	7400.00000	9.26475
11	7600.00000	9.26475
11	7800.00000	9.26475
11	8000.00000	9.18166
11	8200.00000	9.18166
11	8400.00000	9.18166
11	8600.00000	9.18166
11	8800.00000	9.18166
11	9000.00000	9.06695
11	9200.00000	9.06695
11	9400.00000	9.06695
11	9600.00000	9.06695
11	9800.00000	9.06695
11	10000.00000	9.17108
11	10200.00000	9.17108
11	10400.00000	9.17108
11	10600.00000	9.17108
11	10800.00000	9.17108
11	11000.00000	9.04067
11	11200.00000	9.04067
11	11400.00000	9.04067
11	11600.00000	9.04067
11	11800.00000	9.04067
11	12000.00000	10.20903
11	12200.00000	10.20903
11	12400.00000	10.20903
11	12600.00000	10.20903
11	12800.00000	10.20903
11	13000.00000	10.45282
11	13200.00000	10.45282
11	13400.00000	10.45282
11	13600.00000	10.45282
11	13800.00000	10.45282
11	14000.00000	9.92920
11	14200.00000	9.92920
11	14400.00000	9.92920
11	14600.00000	9.92920
11	14800.00000	9.92920
11	15000.00000	9.86015
11	15200.00000	9.86015
11	15400.00000	9.86015
11	15600.00000	9.86015
11	15800.00000	9.57419
11	16000.00000	9.57419
11	16200.00000	9.57419
11	16400.00000	9.57419
11	16600.00000	9.57419
11	16800.00000	9.05740
11	17000.00000	9.05740
11	17200.00000	9.05740
11	17400.00000	9.05740
11	17600.00000	9.05740
11	17800.00000	9.08308
11	18000.00000	9.08308
11	18200.00000	9.08308
11	18400.00000	9.08308
11	18600.00000	9.08308
11	18800.00000	9.29205
11	19000.00000	9.29205
11	19200.00000	9.29205
11	19400.00000	9.29205
11	19600.00000	9.29205
11	19800.00000	9.56576
11	20000.00000	9.56576
12	0.00000	9.78752
12	200.00000	9.78752
12	400.00000	9.78752
12	600.00000	9.78752
12	800.00000	9.78752
12	1000.00000	10.36804
12	1200.00000	10.36804
12	1400.00000	10.36804
12	1600.00000	10.36804
12	1800.00000	10.36804
12	2000.00000	9.55672
12	2200.00000	9.55672
12	2400.00000	9.55672
12	2600.00000	9.55672
12	2800.00000	9.55672
12	3000.00000	8.68635
12	3200.00000	8.68635
12	3400.00000	8.68635
12	3600.00000	8.68635
12	3800.00000	8.68635
12	4000.00000	9.40733
12	4200.00000	9.40733
12	4400.00000	9.40733
12	4600.00000	9.40733
12	4800.00000	9.40733
12	5000.00000	9.50755
12	5200.00000	9.50755
12	5400.00000	9.50755
12	5600.00000	9.50755
12	5800.00000	9.50755
12	6000.00000	9.16992
12	6200.00000	9.16992
12	6400.00000	9.16992
12	6600.00000	9.16992
12	6800.00000	9.16992
12	7000.00000	9.26804
12	7200.00000	9.26804
12	7400.00000	9.26804
12	7600.00000	9.26804
12	7800.00000	9.26804
12	8000.00000	9.15786
12	8200.00000	9.15786
12	8400.00000	9.15786
12	8600.00000	9.15786
12	8800.00000	9.15786
12	9000.00000	9.09906
12	9200.00000	9.09906
12	9400.00000	9.09906
12	9600.00000	9.09906
12	9800.00000	9.09906
12	10000.00000	9.44106
12	10200.00000	9.44106
12	10400.00000	9.44106
12	10600.00000	9.44106
12	10800.00000	9.44106
12	11000.00000	9.00299
12	11200.00000	9.00299
12	11400.00000	9.00299
12	11600.00000	9.00299
12	11800.00000	9.00299
12	12000.00000	9.32115
12	12200.00000	9.32115
12	12400.00000	9.32115
12	12600.00000	9.32115
12	12800.00000	9.32115
12	13000.00000	9.74881
12	13200.00000	9.74881
12	13400.00000	9.74881
12	13600.00000	9.74881
12	13800.00000	9.74881
12	14000.00000	8.88538
12	14200.00000	8.88538
12	14400.00000	8.88538
12	14600.00000	8.88538
12	14800.00000	8.88538
12	15000.00000	8.67366
12	15200.00000	8.67366
12	15400.00000	8.67366
12	15600.00000	8.67366
12	15800.00000	9.15627
12	16000.00000	9.15627
12	16200.00000	9.15627
12	16400.00000	9.15627
12	16600.00000	9.15627
12	16800.00000	9.34030
12	17000.00000	9.34030
12	17200.00000	9.34030
12	17400.00000	9.34030
12	17600.00000	9.34030
12	17800.00000	9.28067
12	18000.00000	9.28067
12	18200.00000	9.28067
12	18400.00000	9.28067
12	18600.00000	9.28067
12	18800.00000	9.57909
12	19000.00000	9.57909
12	19200.00000	9.57909
12	19400.00000	9.57909
12	19600.00000	9.57909
12	19800.00000	9.39642
12	20000.00000	9.39642
13	0.00000	9.80646
13	200.00000	9.80646
13	400.00000	9.80646
13	600.00000	9.80646
13	800.00000	9.80646
13	1000.00000	10.23208
13	1200.00000	10.23208
13	1400.00000	10.23208
13	1600.00000	10.23208
13	1800.00000	10.23208
13	2000.00000	9.68481
13	2200.00000	9.68481
13	2400.00000	9.68481
13	2600.00000	9.68481
13	2800.00000	9.68481
13	3000.00000	9.13940
13	3200.00000	9.13940
13	3400.00000	9.13940
13	3600.00000	9.13940
13	3800.00000	9.13940
13	4000.00000	9.07134
13	4200.00000	9.07134
13	4400.00000	9.07134
13	4600.00000	9.07134
13	4800.00000	9.07134
13	5000.00000	9.06831
13	5200.00000	9.06831
13	5400.00000	9.06831
13	5600.00000	9.06831
13	5800.00000	9.06831
13	6000.00000	9.07863
13	6200.00000	9.07863
13	6400.00000	9.07863
13	6600.00000	9.07863
13	6800.00000	9.07863
13	7000.00000	9.05125
13	7200.00000	9.05125
13	7400.00000	9.05125
13	7600.00000	9.05125
13	7800.00000	9.05125
13	8000.00000	8.83453
13	8200.00000	8.83453
13	8400.00000	8.83453
13	8600.00000	8.83453
13	8800.00000	8.83453
13	9000.00000	8.96712
13	9200.00000	8.96712
13	9400.00000	8.96712
13	9600.00000	8.96712
13	9800.00000	8.96712
13	10000.00000	9.46425
13	10200.00000	9.46425
13	10400.00000	9.46425
13	10600.00000	9.46425
13	10800.00000	9.46425
13	11000.00000	9.74897
13	11200.00000	9.74897
13	11400.00000	9.74897
13	11600.00000	9.74897
13	11800.00000	9.74897
13	12000.00000	9.67839
13	12200.00000	9.67839
13	12400.00000	9.67839
13	12600.00000	9.67839
13	12800.00000	9.67839
13	13000.00000	9.65560
13	13200.00000	9.65560
13	13400.00000	9.65560
13	13600.00000	9.65560
13	13800.00000	9.65560
13	14000.00000	9.64637
13	14200.00000	9.64637
13	14400.00000	9.64637
13	14600.00000	9.64637
13	14800.00000	9.64637
13	15000.00000	9.08615
13	15200.00000	9.08615
13	15400.00000	9.08615
13	15600.00000	9.08615
13	15800.00000	9.25217
13	16000.00000	9.25217
13	16200.00000	9.25217
13	16400.00000	9.25217
13	16600.00000	9.25217
13	16800.00000	9.13820
13	17000.00000	9.13820
13	17200.00000	9.13820
13	17400.00000	9.13820
13	17600.00000	9.13820
13	17800.00000	9.04765
13	18000.00000	9.04765
13	18200.00000	9.04765
13	18400.00000	9.04765
13	18600.00000	9.04765
13	18800.00000	9.20243
13	19000.00000	9.20243
13	19200.00000	9.20243
13	19400.00000	9.20243
13	19600.00000	9.20243
13	19800.00000	9.47364
13	20000.00000	9.47364
14	0.00000	9.91592
14	200.00000	9.91592
14	400.00000	9.91592
14	600.00000	9.91592
14	800.00000	9.91592
14	1000.00000	10.13056
14	1200.00000	10.13056
14	1400.00000	10.13056
14	1600.00000	10.13056
14	1800.00000	10.13056
14	2000.00000	9.68965
14	2200.00000	9.68965
14	2400.00000	9.68965
14	2600.00000	9.68965
14	2800.00000	9.68965
14	3000.00000	8.79429
14	3200.00000	8.79429
14	3400.00000	8.79429
14	3600.00000	8.79429
14	3800.00000	8.79429
14	4000.00000	9.38993
14	4200.00000	9.38993
14	4400.00000	9.38993
14	4600.00000	9.38993
14	4800.00000	9.38993
14	5000.00000	9.19361
14	5200.00000	9.19361
14	5400.00000	9.19361
14	5600.00000	9.19361
14	5800.00000	9.19361
14	6000.00000	8.67979
14	6200.00000	8.67979
14	6400.00000	8.67979
14	6600.00000	8.67979
14	6800.00000	8.67979
14	7000.00000	9.05927
14	7200.00000	9.05927
14	7400.00000	9.05927
14	7600.00000	9.05927
14	7800.00000	9.05927
14	8000.00000	8.75533
14	8200.00000	8.75533
14	8400.00000	8.75533
14	8600.00000	8.75533
14	8800.00000	8.75533
14	9000.00000	9.21031
14	9200.00000	9.21031
14	9400.00000	9.21031
14	9600.00000	9.21031
14	9800.00000	9.21031
14	10000.00000	8.75181
14	10200.00000	8.75181
14	10400.00000	8.75181
14	10600.00000	8.75181
14	10800.00000	8.75181
14	11000.00000	10.13209
14	11200.00000	10.13209
14	11400.00000	10.13209
14	11600.00000	10.13209
14	11800.00000	10.13209
14	12000.00000	9.76670
14	12200.00000	9.76670
14	12400.00000	9.76670
14	12600.00000	9.76670
14	12800.00000	9.76670
14	13000.00000	9.25459
14	13200.00000	9.25459
14	13400.00000	9.25459
14	13600.00000	9.25459
14	13800.00000	9.25459
14	14000.00000	9.02904
14	14200.00000	9.02904
14	14400.00000	9.02904
14	14600.00000	9.02904
14	14800.00000	9.02904
14	15000.00000	9.57419
14	15200.00000	9.57419
14	15400.00000	9.57419
14	15600.00000	9.57419
14	15800.00000	8.95184
14	16000.00000	8.95184
14	16200.00000	8.95184
14	16400.00000	8.95184
14	16600.00000	8.95184
14	16800.00000	9.63947
14	17000.00000	9.63947
14	17200.00000	9.63947
14	17400.00000	9.63947
14	17600.00000	9.63947
14	17800.00000	9.72038
14	18000.00000	9.72038
14	18200.00000	9.72038
14	18400.00000	9.72038
14	18600.00000	9.72038
14	18800.00000	10.11298
14	19000.00000	10.11298
14	19200.00000	10.11298
14	19400.00000	10.11298
14	19600.00000	10.11298
14	19800.00000	9.77160
14	20000.00000	9.77160
15	0.00000	9.82745
15	200.00000	9.82745
15	400.00000	9.82745
15	600.00000	9.82745
15	800.00000	9.82745
15	1000.00000	10.35238
15	1200.00000	10.35238
15	1400.00000	10.35238
15	1600.00000	10.35238
15	1800.00000	10.35238
15	2000.00000	9.50437
15	2200.00000	9.50437
15	2400.00000	9.50437
15	2600.00000	9.50437
15	2800.00000	9.50437
15	3000.00000	8.89379
15	3200.00000	8.89379
15	3400.00000	8.89379
15	3600.00000	8.89379
15	3800.00000	8.89379
15	4000.00000	9.32952
15	4200.00000	9.32952
15	4400.00000	9.32952
15	4600.00000	9.32952
15	4800.00000	9.32952
15	5000.00000	9.49823
15	5200.00000	9.49823
15	5400.00000	9.49823
15	5600.00000	9.49823
15	5800.00000	9.49823
15	6000.00000	9.74116
15	6200.00000	9.74116
15	6400.00000	9.74116
15	6600.00000	9.74116
15	6800.00000	9.74116
15	7000.00000	8.14725
15	7200.00000	8.14725
15	7400.00000	8.14725
15	7600.00000	8.14725
15	7800.00000	8.14725
15	8000.00000	9.08476
15	8200.00000	9.08476
15	8400.00000	9.08476
15	8600.00000	9.08476
15	8800.00000	9.08476
15	9000.00000	8.58691
15	9200.00000	8.58691
15	9400.00000	8.58691
15	9600.00000	8.58691
15	9800.00000	8.58691
15	10000.00000	9.64656
15	10200.00000	9.64656
15	10400.00000	9.64656
15	10600.00000	9.64656
15	10800.00000	9.64656
15	11000.00000	10.21605
15	11200.00000	10.21605
15	11400.00000	10.21605
15	11600.00000	10.21605
15	11800.00000	10.21605
15	12000.00000	10.19921
15	12200.00000	10.19921
15	12400.00000	10.19921
15	12600.00000	10.19921
15	12800.00000	10.19921
15	13000.00000	9.75415
15	13200.00000	9.75415
15	13400.00000	9.75415
15	13600.00000	9.75415
15	13800.00000	9.75415
15	14000.00000	9.16129
15	14200.00000	9.16129
15	14400.00000	9.16129
15	14600.00000	9.16129
15	14800.00000	9.16129
15	15000.00000	9.24473
15	15200.00000	9.24473
15	15400.00000	9.24473
15	15600.00000	9.24473
15	15800.00000	9.36005
15	16000.00000	9.36005
15	16200.00000	9.36005
15	16400.00000	9.36005
15	16600.00000	9.36005
15	16800.00000	9.24500
15	17000.00000	9.24500
15	17200.00000	9.24500
15	17400.00000	9.24500
15	17600.00000	9.24500
15	17800.00000	8.84750
15	18000.00000	8.84750
15	18200.00000	8.84750
15	18400.00000	8.84750
15	18600.00000	8.84750
15	18800.00000	8.33093
15	19000.00000	8.33093
15	19200.00000	8.33093
15	19400.00000	8.33093
15	19600.00000	8.33093
15	19800.00000	9.00291
15	20000.00000	9.00291
16	0.00000	9.83561
16	200.00000	9.83561
16	400.00000	9.83561
16	600.00000	9.83561
16	800.00000	9.83561
16	1000.00000	9.94313
16	1200.00000	9.94313
16	1400.00000	9.94313
16	1600.00000	9.94313
16	1800.00000	9.94313
16	2000.00000	9.54338
16	2200.00000	9.54338
16	2400.00000	9.54338
16	2600.00000	9.54338
16	2800.00000	9.54338
16	3000.00000	8.84307
16	3200.00000	8.84307
16	3400.00000	8.84307
16	3600.00000	8.84307
16	3800.00000	8.84307
16	4000.00000	9.00398
16	4200.00000	9.00398
16	4400.00000	9.00398
16	4600.00000	9.00398
16	4800.00000	9.00398
16	5000.00000	9.00916
16	5200.00000	9.00916
16	5400.00000	9.00916
16	5600.00000	9.00916
16	5800.00000	9.00916
16	6000.00000	9.36619
16	6200.00000	9.36619
16	6400.00000	9.36619
16	6600.00000	9.36619
16	6800.00000	9.36619
16	7000.00000	9.24367
16	7200.00000	9.24367
16	7400.00000	9.24367
16	7600.00000	9.24367
16	7800.00000	9.24367
16	8000.00000	9.04358
16	8200.00000	9.04358
16	8400.00000	9.04358
16	8600.00000	9.04358
16	8800.00000	9.04358
16	9000.00000	8.90592
16	9200.00000	8.90592
16	9400.00000	8.90592
16	9600.00000	8.90592
16	9800.00000	8.90592
16	10000.00000	9.32891
16	10200.00000	9.32891
16	10400.00000	9.32891
16	10600.00000	9.32891
16	10800.00000	9.32891
16	11000.00000	9.49833
16	11200.00000	9.49833
16	11400.00000	9.49833
16	11600.00000	9.49833
16	11800.00000	9.49833
16	12000.00000	9.14143
16	12200.00000	9.14143
16	12400.00000	9.14143
16	12600.00000	9.14143
16	12800.00000	9.14143
16	13000.00000	9.33938
16	13200.00000	9.33938
16	13400.00000	9.33938
16	13600.00000	9.33938
16	13800.00000	9.33938
16	14000.00000	9.42596
16	14200.00000	9.42596
16	14400.00000	9.42596
16	14600.00000	9.42596
16	14800.00000	9.42596
16	15000.00000	9.17017
16	15200.00000	9.17017
16	15400.00000	9.17017
16	15600.00000	9.17017
16	15800.00000	9.20010
16	16000.00000	9.20010
16	16200.00000	9.20010
16	16400.00000	9.20010
16	16600.00000	9.20010
16	16800.00000	9.14363
16	17000.00000	9.14363
16	17200.00000	9.14363
16	17400.00000	9.14363
16	17600.00000	9.14363
16	17800.00000	9.00865
16	18000.00000	9.00865
16	18200.00000	9.00865
16	18400.00000	9.00865
16	18600.00000	9.00865
16	18800.00000	9.08905
16	19000.00000	9.08905
16	19200.00000	9.08905
16	19400.00000	9.08905
16	19600.00000	9.08905
16	19800.00000	8.99621
16	20000.00000	8.99621
17	0.00000	9.84442
17	200.00000	9.84442
17	400.00000	9.84442
17	600.00000	9.84442
17	800.00000	9.84442
17	1000.00000	10.28551
17	1200.00000	10.28551
17	1400.00000	10.28551
17	1600.00000	10.28551
17	1800.00000	10.28551
17	2000.00000	9.37501
17	2200.00000	9.37501
17	2400.00000	9.37501
17	2600.00000	9.37501
17	2800.00000	9.37501
17	3000.00000	9.07615
17	3200.00000	9.07615
17	3400.00000	9.07615
17	3600.00000	9.07615
17	3800.00000	9.07615
17	4000.00000	9.27474
17	4200.00000	9.27474
17	4400.00000	9.27474
17	4600.00000	9.27474
17	4800.00000	9.27474
17	5000.00000	9.22315
17	5200.00000	9.22315
17	5400.00000	9.22315
17	5600.00000	9.22315
17	5800.00000	9.22315
17	6000.00000	9.27706
17	6200.00000	9.27706
17	6400.00000	9.27706
17	6600.00000	9.27706
17	6800.00000	9.27706
17	7000.00000	9.34225
17	7200.00000	9.34225
17	7400.00000	9.34225
17	7600.00000	9.34225
17	7800.00000	9.34225
17	8000.00000	8.97390
17	8200.00000	8.97390
17	8400.00000	8.97390
17	8600.00000	8.97390
17	8800.00000	8.97390
17	9000.00000	9.12020
17	9200.00000	9.12020
17	9400.00000	9.12020
17	9600.00000	9.12020
17	9800.00000	9.12020
17	10000.00000	9.58556
17	10200.00000	9.58556
17	10400.00000	9.58556
17	10600.00000	9.58556
17	10800.00000	9.58556
17	11000.00000	9.76693
17	11200.00000	9.76693
17	11400.00000	9.76693
17	11600.00000	9.76693
17	11800.00000	9.76693
17	12000.00000	9.46003
17	12200.00000	9.46003
17	12400.00000	9.46003
17	12600.00000	9.46003
17	12800.00000	9.46003
17	13000.00000	9.30380
17	13200.00000	9.30380
17	13400.00000	9.30380
17	13600.00000	9.30380
17	13800.00000	9.30380
17	14000.00000	9.08734
17	14200.00000	9.08734
17	14400.00000	9.08734
17	14600.00000	9.08734
17	14800.00000	9.08734
17	15000.00000	9.15781
17	15200.00000	9.15781
17	15400.00000	9.15781
17	15600.00000	9.15781
17	15800.00000	9.44055
17	16000.00000	9.44055
17	16200.00000	9.44055
17	16400.00000	9.44055
17	16600.00000	9.44055
17	16800.00000	9.39602
17	17000.00000	9.39602
17	17200.00000	9.39602
17	17400.00000	9.39602
17	17600.00000	9.39602
17	17800.00000	9.58668
17	18000.00000	9.58668
17	18200.00000	9.58668
17	18400.00000	9.58668
17	18600.00000	9.58668
17	18800.00000	9.51458
17	19000.00000	9.51458
17	19200.00000	9.51458
17	19400.00000	9.51458
17	19600.00000	9.51458
17	19800.00000	9.43793
17	20000.00000	9.43793
18	0.00000	9.91884
18	200.00000	9.91884
18	400.00000	9.91884
18	600.00000	9.91884
18	800.00000	9.91884
18	1000.00000	10.47449
18	1200.00000	10.47449
18	1400.00000	10.47449
18	1600.00000	10.47449
18	1800.00000	10.47449
18	2000.00000	9.68635
18	2200.00000	9.68635
18	2400.00000	9.68635
18	2600.00000	9.68635
18	2800.00000	9.68635
18	3000.00000	8.86415
18	3200.00000	8.86415
18	3400.00000	8.86415
18	3600.00000	8.86415
18	3800.00000	8.86415
18	4000.00000	8.91519
18	4200.00000	8.91519
18	4400.00000	8.91519
18	4600.00000	8.91519
18	4800.00000	8.91519
18	5000.00000	9.03319
18	5200.00000	9.03319
18	5400.00000	9.03319
18	5600.00000	9.03319
18	5800.00000	9.03319
18	6000.00000	8.98909
18	6200.00000	8.98909
18	6400.00000	8.98909
18	6600.00000	8.98909
18	6800.00000	8.98909
18	7000.00000	9.29661
18	7200.00000	9.29661
18	7400.00000	9.29661
18	7600.00000	9.29661
18	7800.00000	9.29661
18	8000.00000	9.37013
18	8200.00000	9.37013
18	8400.00000	9.37013
18	8600.00000	9.37013
18	8800.00000	9.37013
18	9000.00000	8.59088
18	9200.00000	8.59088
18	9400.00000	8.59088
18	9600.00000	8.59088
18	9800.00000	8.59088
18	10000.00000	8.89065
18	10200.00000	8.89065
18	10400.00000	8.89065
18	10600.00000	8.89065
18	10800.00000	8.89065
18	11000.00000	9.12343
18	11200.00000	9.12343
18	11400.00000	9.12343
18	11600.00000	9.12343
18	11800.00000	9.12343
18	12000.00000	9.70221
18	12200.00000	9.70221
18	12400.00000	9.70221
18	12600.00000	9.70221
18	12800.00000	9.70221
18	13000.00000	9.61297
18	13200.00000	9.61297
18	13400.00000	9.61297
18	13600.00000	9.61297
18	13800.00000	9.61297
18	14000.00000	9.61772
18	14200.00000	9.61772
18	14400.00000	9.61772
18	14600.00000	9.61772
18	14800.00000	9.61772
18	15000.00000	9.78901
18	15200.00000	9.78901
18	15400.00000	9.78901
18	15600.00000	9.78901
18	15800.00000	10.24998
18	16000.00000	10.24998
18	16200.00000	10.24998
18	16400.00000	10.24998
18	16600.00000	10.24998
18	16800.00000	9.87019
18	17000.00000	9.87019
18	17200.00000	9.87019
18	17400.00000	9.87019
18	17600.00000	9.87019
18	17800.00000	10.05116
18	18000.00000	10.05116
18	18200.00000	10.05116
18	18400.00000	10.05116
18	18600.00000	10.05116
18	18800.00000	10.00517
18	19000.00000	10.00517
18	19200.00000	10.00517
18	19400.00000	10.00517
18	19600.00000	10.00517
18	19800.00000	9.64818
18	20000.00000	9.64818
19	0.00000	9.95862
19	200.00000	9.95862
19	400.00000	9.95862
19	600.00000	9.95862
19	800.00000	9.95862
19	1000.00000	10.38808
19	1200.00000	10.38808
19	1400.00000	10.38808
19	1600.00000	10.38808
19	1800.00000	10.38808
19	2000.00000	9.50964
19	2200.00000	9.50964
19	2400.00000	9.50964
19	2600.00000	9.50964
19	2800.00000	9.50964
19	3000.00000	8.79434
19	3200.00000	8.79434
19	3400.00000	8.79434
19	3600.00000	8.79434
19	3800.00000	8.79434
19	4000.00000	8.96201
19	4200.00000	8.96201
19	4400.00000	8.96201
19	4600.00000	8.96201
19	4800.00000	8.96201
19	5000.00000	9.28316
19	5200.00000	9.28316
19	5400.00000	9.28316
19	5600.00000	9.28316
19	5800.00000	9.28316
19	6000.00000	9.20783
19	6200.00000	9.20783
19	6400.00000	9.20783
19	6600.00000	9.20783
19	6800.00000	9.20783
19	7000.00000	8.60552
19	7200.00000	8.60552
19	7400.00000	8.60552
19	7600.00000	8.60552
19	7800.00000	8.60552
19	8000.00000	8.94589
19	8200.00000	8.94589
19	8400.00000	8.94589
19	8600.00000	8.94589
19	8800.00000	8.94589
19	9000.00000	8.73738
19	9200.00000	8.73738
19	9400.00000	8.73738
19	9600.00000	8.73738
19	9800.00000	8.73738
19	10000.00000	9.90063
19	10200.00000	9.90063
19	10400.00000	9.90063
19	10600.00000	9.90063
19	10800.00000	9.90063
19	11000.00000	9.80631
19	11200.00000	9.80631
19	11400.00000	9.80631
19	11600.00000	9.80631
19	11800.00000	9.80631
19	12000.00000	9.53278
19	12200.00000	9.53278
19	12400.00000	9.53278
19	12600.00000	9.53278
19	12800.00000	9.53278
19	13000.00000	9.76781
19	13200.00000	9.76781
19	13400.00000	9.76781
19	13600.00000	9.76781
19	13800.00000	9.76781
19	14000.00000	9.51950
19	14200.00000	9.51950
19	14400.00000	9.51950
19	14600.00000	9.51950
19	14800.00000	9.51950
19	15000.00000	9.33482
19	15200.00000	9.33482
19	15400.00000	9.33482
19	15600.00000	9.33482
19	15800.00000	8.72035
19	16000.00000	8.72035
19	16200.00000	8.72035
19	16400.00000	8.72035
19	16600.00000	8.72035
19	16800.00000	9.28710
19	17000.00000	9.28710
19	17200.00000	9.28710
19	17400.00000	9.28710
19	17600.00000	9.28710
19	17800.00000	9.00443
19	18000.00000	9.00443
19	18200.00000	9.00443
19	18400.00000	9.00443
19	18600.00000	9.00443
19	18800.00000	8.90155
19	19000.00000	8.90155
19	19200.00000	8.90155
19	19400.00000	8.90155
19	19600.00000	8.90155
19	19800.00000	9.11417
19	20000.00000	9.11417
20	0.00000	9.88208
20	200.00000	9.88208
20	400.00000	9.88208
20	600.00000	9.88208
20	800.00000	9.88208
20	1000.00000	10.21208
20	1200.00000	10.21208
20	1400.00000	10.21208
20	1600.00000	10.21208
20	1800.00000	10.21208
20	2000.00000	9.32152
20	2200.00000	9.32152
20	2400.00000	9.32152
20	2600.00000	9.32152
20	2800.00000	9.32152
20	3000.00000	9.03520
20	3200.00000	9.03520
20	3400.00000	9.03520
20	3600.00000	9.03520
20	3800.00000	9.03520
20	4000.00000	9.14192
20	4200.00000	9.14192
20	4400.00000	9.14192
20	4600.00000	9.14192
20	4800.00000	9.14192
20	5000.00000	9.02300
20	5200.00000	9.02300
20	5400.00000	9.02300
20	5600.00000	9.02300
20	5800.00000	9.02300
20	6000.00000	8.85472
20	6200.00000	8.85472
20	6400.00000	8.85472
20	6600.00000	8.85472
20	6800.00000	8.85472
20	7000.00000	9.04593
20	7200.00000	9.04593
20	7400.00000	9.04593
20	7600.00000	9.04593
20	7800.00000	9.04593
20	8000.00000	9.07714
20	8200.00000	9.07714
20	8400.00000	9.07714
20	8600.00000	9.07714
20	8800.00000	9.07714
20	9000.00000	8.83722
20	9200.00000	8.83722
20	9400.00000	8.83722
20	9600.00000	8.83722
20	9800.00000	8.83722
20	10000.00000	9.32092
20	10200.00000	9.32092
20	10400.00000	9.32092
20	10600.00000	9.32092
20	10800.00000	9.32092
20	11000.00000	9.36304
20	11200.00000	9.36304
20	11400.00000	9.36304
20	11600.00000	9.36304
20	11800.00000	9.36304
20	12000.00000	9.72684
20	12200.00000	9.72684
20	12400.00000	9.72684
20	12600.00000	9.72684
20	12800.00000	9.72684
20	13000.00000	9.82745
20	13200.00000	9.82745
20	13400.00000	9.82745
20	13600.00000	9.82745
20	13800.00000	9.82745
20	14000.00000	10.21532
20	14200.00000	10.21532
20	14400.00000	10.21532
20	14600.00000	10.21532
20	14800.00000	10.21532
20	15000.00000	9.88059
20	15200.00000	9.88059
20	15400.00000	9.88059
20	15600.00000	9.88059
20	15800.00000	9.68293
20	16000.00000	9.68293
20	16200.00000	9.68293
20	16400.00000	9.68293
20	16600.00000	9.68293
20	16800.00000	9.39394
20	17000.00000	9.39394
20	17200.00000	9.39394
20	17400.00000	9.39394
20	17600.00000	9.39394
20	17800.00000	9.42767
20	18000.00000	9.42767
20	18200.00000	9.42767
20	18400.00000	9.42767
20	18600.00000	9.42767
20	18800.00000	9.76349
20	19000.00000	9.76349
20	19200.00000	9.76349
20	19400.00000	9.76349
20	19600.00000	9.76349
20	19800.00000	9.37367
20	20000.00000	9.37367
21	0.00000	10.09063
21	200.00000	10.09063
21	400.00000	10.09063
21	600.00000	10.09063
21	800.00000	10.09063
21	1000.00000	10.30531
21	1200.00000	10.30531
21	1400.00000	10.30531
21	1600.00000	10.30531
21	1800.00000	10.30531
21	2000.00000	9.30613
21	2200.00000	9.30613
21	2400.00000	9.30613
21	2600.00000	9.30613
21	2800.00000	9.30613
21	3000.00000	9.29202
21	3200.00000	9.29202
21	3400.00000	9.29202
21	3600.00000	9.29202
21	3800.00000	9.29202
21	4000.00000	9.03111
21	4200.00000	9.03111
21	4400.00000	9.03111
21	4600.00000	9.03111
21	4800.00000	9.03111
21	5000.00000	8.79712
21	5200.00000	8.79712
21	5400.00000	8.79712
21	5600.00000	8.79712
21	5800.00000	8.79712
21	6000.00000	9.07605
21	6200.00000	9.07605
21	6400.00000	9.07605
21	6600.00000	9.07605
21	6800.00000	9.07605
21	7000.00000	8.71238
21	7200.00000	8.71238
21	7400.00000	8.71238
21	7600.00000	8.71238
21	7800.00000	8.71238
21	8000.00000	8.99642
21	8200.00000	8.99642
21	8400.00000	8.99642
21	8600.00000	8.99642
21	8800.00000	8.99642
21	9000.00000	9.11961
21	9200.00000	9.11961
21	9400.00000	9.11961
21	9600.00000	9.11961
21	9800.00000	9.11961
21	10000.00000	8.79562
21	10200.00000	8.79562
21	10400.00000	8.79562
21	10600.00000	8.79562
21	10800.00000	8.79562
21	11000.00000	9.65205
21	11200.00000	9.65205
21	11400.00000	9.65205
21	11600.00000	9.65205
21	11800.00000	9.65205
21	12000.00000	9.66422
21	12200.00000	9.66422
21	12400.00000	9.66422
21	12600.00000	9.66422
21	12800.00000	9.66422
21	13000.00000	9.64929
21	13200.00000	9.64929
21	13400.00000	9.64929
21	13600.00000	9.64929
21	13800.00000	9.64929
21	14000.00000	9.31110
21	14200.00000	9.31110
21	14400.00000	9.31110
21	14600.00000	9.31110
21	14800.00000	9.31110
21	15000.00000	9.45290
21	15200.00000	9.45290
21	15400.00000	9.45290
21	15600.00000	9.45290
21	15800.00000	9.14344
21	16000.00000	9.14344
21	16200.00000	9.14344
21	16400.00000	9.14344
21	16600.00000	9.14344
21	16800.00000	9.62391
21	17000.00000	9.62391
21	17200.00000	9.62391
21	17400.00000	9.62391
21	17600.00000	9.62391
21	17800.00000	9.31562
21	18000.00000	9.31562
21	18200.00000	9.31562
21	18400.00000	9.31562
21	18600.00000	9.31562
21	18800.00000	9.03296
21	19000.00000	9.03296
21	19200.00000	9.03296
21	19400.00000	9.03296
21	19600.00000	9.03296
21	19800.00000	9.22022
21	20000.00000	9.22022
22	0.00000	9.84381
22	200.00000	9.84381
22	400.00000	9.84381
22	600.00000	9.84381
22	800.00000	9.84381
22	1000.00000	10.06561
22	1200.00000	10.06561
22	1400.00000	10.06561
22	1600.00000	10.06561
22	1800.00000	10.06561
22	2000.00000	9.29325
22	2200.00000	9.29325
22	2400.00000	9.29325
22	2600.00000	9.29325
22	2800.00000	9.29325
22	3000.00000	8.92975
22	3200.00000	8.92975
22	3400.00000	8.92975
22	3600.00000	8.92975
22	3800.00000	8.92975
22	4000.00000	8.90784
22	4200.00000	8.90784
22	4400.00000	8.90784
22	4600.00000	8.90784
22	4800.00000	8.90784
22	5000.00000	8.90942
22	5200.00000	8.90942
22	5400.00000	8.90942
22	5600.00000	8.90942
22	5800.00000	8.90942
22	6000.00000	8.85022
22	6200.00000	8.85022
22	6400.00000	8.85022
22	6600.00000	8.85022
22	6800.00000	8.85022
22	7000.00000	8.88232
22	7200.00000	8.88232
22	7400.00000	8.88232
22	7600.00000	8.88232
22	7800.00000	8.88232
22	8000.00000	8.95172
22	8200.00000	8.95172
22	8400.00000	8.95172
22	8600.00000	8.95172
22	8800.00000	8.95172
22	9000.00000	8.65846
22	9200.00000	8.65846
22	9400.00000	8.65846
22	9600.00000	8.65846
22	9800.00000	8.65846
22	10000.00000	9.02931
22	10200.00000	9.02931
22	10400.00000	9.02931
22	10600.00000	9.02931
22	10800.00000	9.02931
22	11000.00000	9.40240
22	11200.00000	9.40240
22	11400.00000	9.40240
22	11600.00000	9.40240
22	11800.00000	9.40240
22	12000.00000	9.44905
22	12200.00000	9.44905
22	12400.00000	9.44905
22	12600.00000	9.44905
22	12800.00000	9.44905
22	13000.00000	9.11514
22	13200.00000	9.11514
22	13400.00000	9.11514
22	13600.00000	9.11514
22	13800.00000	9.11514
22	14000.00000	9.36944
22	14200.00000	9.36944
22	14400.00000	9.36944
22	14600.00000	9.36944
22	14800.00000	9.36944
22	15000.00000	9.29450
22	15200.00000	9.29450
22	15400.00000	9.29450
22	15600.00000	9.29450
22	15800.00000	9.19189
22	16000.00000	9.19189
22	16200.00000	9.19189
22	16400.00000	9.19189
22	16600.00000	9.19189
22	16800.00000	9.16503
22	17000.00000	9.16503
22	17200.00000	9.16503
22	17400.00000	9.16503
22	17600.00000	9.16503
22	17800.00000	9.32385
22	18000.00000	9.32385
22	18200.00000	9.32385
22	18400.00000	9.32385
22	18600.00000	9.32385
22	18800.00000	9.39979
22	19000.00000	9.39979
22	19200.00000	9.39979
22	19400.00000	9.39979
22	19600.00000	9.39979
22	19800.00000	9.52965
22	20000.00000	9.52965
23	0.00000	9.96151
23	200.00000	9.96151
23	400.00000	9.96151
23	600.00000	9.96151
23	800.00000	9.96151
23	1000.00000	10.21342
23	1200.00000	10.21342
23	1400.00000	10.21342
23	1600.00000	10.21342
23	1800.00000	10.21342
23	2000.00000	9.48804
23	2200.00000	9.48804
23	2400.00000	9.48804
23	2600.00000	9.48804
23	2800.00000	9.48804
23	3000.00000	9.05652
23	3200.00000	9.05652
23	3400.00000	9.05652
23	3600.00000	9.05652
23	3800.00000	9.05652
23	4000.00000	9.30958
23	4200.00000	9.30958
23	4400.00000	9.30958
23	4600.00000	9.30958
23	4800.00000	9.30958
23	5000.00000	9.25039
23	5200.00000	9.25039
23	5400.00000	9.25039
23	5600.00000	9.25039
23	5800.00000	9.25039
23	6000.00000	9.07804
23	6200.00000	9.07804
23	6400.00000	9.07804
23	6600.00000	9.07804
23	6800.00000	9.07804
23	7000.00000	8.75522
23	7200.00000	8.75522
23	7400.00000	8.75522
23	7600.00000	8.75522
23	7800.00000	8.75522
23	8000.00000	8.52151
23	8200.00000	8.52151
23	8400.00000	8.52151
23	8600.00000	8.52151
23	8800.00000	8.52151
23	9000.00000	8.92818
23	9200.00000	8.92818
23	9400.00000	8.92818
23	9600.00000	8.92818
23	9800.00000	8.92818
23	10000.00000	8.74463
23	10200.00000	8.74463
23	10400.00000	8.74463
23	10600.00000	8.74463
23	10800.00000	8.74463
23	11000.00000	8.97727
23	11200.00000	8.97727
23	11400.00000	8.97727
23	11600.00000	8.97727
23	11800.00000	8.97727
23	12000.00000	9.31527
23	12200.00000	9.31527
23	12400.00000	9.31527
23	12600.00000	9.31527
23	12800.00000	9.31527
23	13000.00000	9.61654
23	13200.00000	9.61654
23	13400.00000	9.61654
23	13600.00000	9.61654
23	13800.00000	9.61654
23	14000.00000	9.66953
23	14200.00000	9.66953
23	14400.00000	9.66953
23	14600.00000	9.66953
23	14800.00000	9.66953
23	15000.00000	9.73763
23	15200.00000	9.73763
23	15400.00000	9.73763
23	15600.00000	9.73763
23	15800.00000	9.68629
23	16000.00000	9.68629
23	16200.00000	9.68629
23	16400.00000	9.68629
23	16600.00000	9.68629
23	16800.00000	9.63300
23	17000.00000	9.63300
23	17200.00000	9.63300
23	17400.00000	9.63300
23	17600.00000	9.63300
23	17800.00000	9.58163
23	18000.00000	9.58163
23	18200.00000	9.58163
23	18400.00000	9.58163
23	18600.00000	9.58163
23	18800.00000	9.37814
23	19000.00000	9.37814
23	19200.00000	9.37814
23	19400.00000	9.37814
23	19600.00000	9.37814
23	19800.00000	9.57394
23	20000.00000	9.57394
24	0.00000	9.88453
24	200.00000	9.88453
24	400.00000	9.88453
24	600.00000	9.88453
24	800.00000	9.88453
24	1000.00000	10.13420
24	1200.00000	10.13420
24	1400.00000	10.13420
24	1600.00000	10.13420
24	1800.00000	10.13420
24	2000.00000	9.53128
24	2200.00000	9.53128
24	2400.00000	9.53128
24	2600.00000	9.53128
24	2800.00000	9.53128
24	3000.00000	8.84779
24	3200.00000	8.84779
24	3400.00000	8.84779
24	3600.00000	8.84779
24	3800.00000	8.84779
24	4000.00000	9.16166
24	4200.00000	9.16166
24	4400.00000	9.16166
24	4600.00000	9.16166
24	4800.00000	9.16166
24	5000.00000	8.91042
24	5200.00000	8.91042
24	5400.00000	8.91042
24	5600.00000	8.91042
24	5800.00000	8.91042
24	6000.00000	8.81068
24	6200.00000	8.81068
24	6400.00000	8.81068
24	6600.00000	8.81068
24	6800.00000	8.81068
24	7000.00000	8.81712
24	7200.00000	8.81712
24	7400.00000	8.81712
24	7600.00000	8.81712
24	7800.00000	8.81712
24	8000.00000	8.84247
24	8200.00000	8.84247
24	8400.00000	8.84247
24	8600.00000	8.84247
24	8800.00000	8.84247
24	9000.00000	9.01822
24	9200.00000	9.01822
24	9400.00000	9.01822
24	9600.00000	9.01822
24	9800.00000	9.01822
24	10000.00000	9.40216
24	10200.00000	9.40216
24	10400.00000	9.40216
24	10600.00000	9.40216
24	10800.00000	9.40216
24	11000.00000	9.58587
24	11200.00000	9.58587
24	11400.00000	9.58587
24	11600.00000	9.58587
24	11800.00000	9.58587
24	12000.00000	9.65695
24	12200.00000	9.65695
24	12400.00000	9.65695
24	12600.00000	9.65695
24	12800.00000	9.65695
24	13000.00000	9.53857
24	13200.00000	9.53857
24	13400.00000	9.53857
24	13600.00000	9.53857
24	13800.00000	9.53857
24	14000.00000	8.97441
24	14200.00000	8.97441
24	14400.00000	8.97441
24	14600.00000	8.97441
24	14800.00000	8.97441
24	15000.00000	9.54366
24	15200.00000	9.54366
24	15400.00000	9.54366
24	15600.00000	9.54366
24	15800.00000	9.85106
24	16000.00000	9.85106
24	16200.00000	9.85106
24	16400.00000	9.85106
24	16600.00000	9.85106
24	16800.00000	9.52070
24	17000.00000	9.52070
24	17200.00000	9.52070
24	17400.00000	9.52070
24	17600.00000	9.52070
24	17800.00000	9.00450
24	18000.00000	9.00450
24	18200.00000	9.00450
24	18400.00000	9.00450
24	18600.00000	9.00450
24	18800.00000	9.11916
24	19000.00000	9.11916
24	19200.00000	9.11916
24	19400.00000	9.11916
24	19600.00000	9.11916
24	19800.00000	9.04948
24	20000.00000	9.04948
25	0.00000	10.00393
25	200.00000	10.00393
25	400.00000	10.00393
25	600.00000	10.00393
25	800.00000	10.00393
25	1000.00000	10.20145
25	1200.00000	10.20145
25	1400.00000	10.20145
25	1600.00000	10.20145
25	1800.00000	10.20145
25	2000.00000	9.50814
25	2200.00000	9.50814
25	2400.00000	9.50814
25	2600.00000	9.50814
25	2800.00000	9.50814
25	3000.00000	9.11982
25	3200.00000	9.11982
25	3400.00000	9.11982
25	3600.00000	9.11982
25	3800.00000	9.11982
25	4000.00000	9.16895
25	4200.00000	9.16895
25	4400.00000	9.16895
25	4600.00000	9.16895
25	4800.00000	9.16895
25	5000.00000	9.19988
25	5200.00000	9.19988
25	5400.00000	9.19988
25	5600.00000	9.19988
25	5800.00000	9.19988
25	6000.00000	9.31377
25	6200.00000	9.31377
25	6400.00000	9.31377
25	6600.00000	9.31377
25	6800.00000	9.31377
25	7000.00000	8.72035
25	7200.00000	8.72035
25	7400.00000	8.72035
25	7600.00000	8.72035
25	7800.00000	8.72035
25	8000.00000	9.07248
25	8200.00000	9.07248
25	8400.00000	9.07248
25	8600.00000	9.07248
25	8800.00000	9.07248
25	9000.00000	8.44537
25	9200.00000	8.44537
25	9400.00000	8.44537
25	9600.00000	8.44537
25	9800.00000	8.44537
25	10000.00000	9.50040
25	10200.00000	9.50040
25	10400.00000	9.50040
25	10600.00000	9.50040
25	10800.00000	9.50040
25	11000.00000	9.53064
25	11200.00000	9.53064
25	11400.00000	9.53064
25	11600.00000	9.53064
25	11800.00000	9.53064
25	12000.00000	9.51126
25	12200.00000	9.51126
25	12400.00000	9.51126
25	12600.00000	9.51126
25	12800.00000	9.51126
25	13000.00000	9.44315
25	13200.00000	9.44315
25	13400.00000	9.44315
25	13600.00000	9.44315
25	13800.00000	9.44315
25	14000.00000	9.50670
25	14200.00000	9.50670
25	14400.00000	9.50670
25	14600.00000	9.50670
25	14800.00000	9.50670
25	15000.00000	9.30005
25	15200.00000	9.30005
25	15400.00000	9.30005
25	15600.00000	9.30005
25	15800.00000	9.10524
25	16000.00000	9.10524
25	16200.00000	9.10524
25	16400.00000	9.10524
25	16600.00000	9.10524
25	16800.00000	9.01483
25	17000.00000	9.01483
25	17200.00000	9.01483
25	17400.00000	9.01483
25	17600.00000	9.01483
25	17800.00000	9.27557
25	18000.00000	9.27557
25	18200.00000	9.27557
25	18400.00000	9.27557
25	18600.00000	9.27557
25	18800.00000	8.90922
25	19000.00000	8.90922
25	19200.00000	8.90922
25	19400.00000	8.90922
25	19600.00000	8.90922
25	19800.00000	8.99941
25	20000.00000	8.99941
26	0.00000	10.00312
26	200.00000	10.00312
26	400.00000	10.00312
26	600.00000	10.00312
26	800.00000	10.00312
26	1000.00000	10.20414
26	1200.00000	10.20414
26	1400.00000	10.20414
26	1600.00000	10.20414
26	1800.00000	10.20414
26	2000.00000	9.29683
26	2200.00000	9.29683
26	2400.00000	9.29683
26	2600.00000	9.29683
26	2800.00000	9.29683
26	3000.00000	8.96238
26	3200.00000	8.96238
26	3400.00000	8.96238
26	3600.00000	8.96238
26	3800.00000	8.96238
26	4000.00000	9.26450
26	4200.00000	9.26450
26	4400.00000	9.26450
26	4600.00000	9.26450
26	4800.00000	9.26450
26	5000.00000	9.17957
26	5200.00000	9.17957
26	5400.00000	9.17957
26	5600.00000	9.17957
26	5800.00000	9.17957
26	6000.00000	8.95385
26	6200.00000	8.95385
26	6400.00000	8.95385
26	6600.00000	8.95385
26	6800.00000	8.95385
26	7000.00000	8.94755
26	7200.00000	8.94755
26	7400.00000	8.94755
26	7600.00000	8.94755
26	7800.00000	8.94755
26	8000.00000	8.95209
26	8200.00000	8.95209
26	8400.00000	8.95209
26	8600.00000	8.95209
26	8800.00000	8.95209
26	9000.00000	9.27729
26	9200.00000	9.27729
26	9400.00000	9.27729
26	9600.00000	9.27729
26	9800.00000	9.27729
26	10000.00000	9.50747
26	10200.00000	9.50747
26	10400.00000	9.50747
26	10600.00000	9.50747
26	10800.00000	9.50747
26	11000.00000	9.55550
26	11200.00000	9.55550
26	11400.00000	9.55550
26	11600.00000	9.55550
26	11800.00000	9.55550
26	12000.00000	9.82333
26	12200.00000	9.82333
26	12400.00000	9.82333
26	12600.00000	9.82333
26	12800.00000	9.82333
26	13000.00000	9.88615
26	13200.00000	9.88615
26	13400.00000	9.88615
26	13600.00000	9.88615
26	13800.00000	9.88615
26	14000.00000	9.88416
26	14200.00000	9.88416
26	14400.00000	9.88416
26	14600.00000	9.88416
26	14800.00000	9.88416
26	15000.00000	9.25986
26	15200.00000	9.25986
26	15400.00000	9.25986
26	15600.00000	9.25986
26	15800.00000	9.15353
26	16000.00000	9.15353
26	16200.00000	9.15353
26	16400.00000	9.15353
26	16600.00000	9.15353
26	16800.00000	9.50043
26	17000.00000	9.50043
26	17200.00000	9.50043
26	17400.00000	9.50043
26	17600.00000	9.50043
26	17800.00000	9.41001
26	18000.00000	9.41001
26	18200.00000	9.41001
26	18400.00000	9.41001
26	18600.00000	9.41001
26	18800.00000	9.09893
26	19000.00000	9.09893
26	19200.00000	9.09893
26	19400.00000	9.09893
26	19600.00000	9.09893
26	19800.00000	9.04392
26	20000.00000	9.04392
27	0.00000	9.92313
27	200.00000	9.92313
27	400.00000	9.92313
27	600.00000	9.92313
27	800.00000	9.92313
27	1000.00000	9.91450
27	1200.00000	9.91450
27	1400.00000	9.91450
27	1600.00000	9.91450
27	1800.00000	9.91450
27	2000.00000	9.54049
27	2200.00000	9.54049
27	2400.00000	9.54049
27	2600.00000	9.54049
27	2800.00000	9.54049
27	3000.00000	9.16572
27	3200.00000	9.16572
27	3400.00000	9.16572
27	3600.00000	9.16572
27	3800.00000	9.16572
27	4000.00000	9.25405
27	4200.00000	9.25405
27	4400.00000	9.25405
27	4600.00000	9.25405
27	4800.00000	9.25405
27	5000.00000	9.01661
27	5200.00000	9.01661
27	5400.00000	9.01661
27	5600.00000	9.01661
27	5800.00000	9.01661
27	6000.00000	9.08270
27	6200.00000	9.08270
27	6400.00000	9.08270
27	6600.00000	9.08270
27	6800.00000	9.08270
27	7000.00000	8.95503
27	7200.00000	8.95503
27	7400.00000	8.95503
27	7600.00000	8.95503
27	7800.00000	8.95503
27	8000.00000	8.88864
27	8200.00000	8.88864
27	8400.00000	8.88864
27	8600.00000	8.88864
27	8800.00000	8.88864
27	9000.00000	9.04667
27	9200.00000	9.04667
27	9400.00000	9.04667
27	9600.00000	9.04667
27	9800.00000	9.04667
27	10000.00000	8.89295
27	10200.00000	8.89295
27	10400.00000	8.89295
27	10600.00000	8.89295
27	10800.00000	8.89295
27	11000.00000	9.35071
27	11200.00000	9.35071
27	11400.00000	9.35071
27	11600.00000	9.35071
27	11800.00000	9.35071
27	12000.00000	9.56969
27	12200.00000	9.56969
27	12400.00000	9.56969
27	12600.00000	9.56969
27	12800.00000	9.56969
27	13000.00000	9.93901
27	13200.00000	9.93901
27	13400.00000	9.93901
27	13600.00000	9.93901
27	13800.00000	9.93901
27	14000.00000	10.00990
27	14200.00000	10.00990
27	14400.00000	10.00990
27	14600.00000	10.00990
27	14800.00000	10.00990
27	15000.00000	9.76938
27	15200.00000	9.76938
27	15400.00000	9.76938
27	15600.00000	9.76938
27	15800.00000	9.45162
27	16000.00000	9.45162
27	16200.00000	9.45162
27	16400.00000	9.45162
27	16600.00000	9.45162
27	16800.00000	9.30152
27	17000.00000	9.30152
27	17200.00000	9.30152
27	17400.00000	9.30152
27	17600.00000	9.30152
27	17800.00000	9.41083
27	18000.00000	9.41083
27	18200.00000	9.41083
27	18400.00000	9.41083
27	18600.00000	9.41083
27	18800.00000	9.40460
27	19000.00000	9.40460
27	19200.00000	9.40460
27	19400.00000	9.40460
27	19600.00000	9.40460
27	19800.00000	9.25134
27	20000.00000	9.25134
28	0.00000	9.98285
28	200.00000	9.98285
28	400.00000	9.98285
28	600.00000	9.98285
28	800.00000	9.98285
28	1000.00000	10.08154
28	1200.00000	10.08154
28	1400.00000	10.08154
28	1600.00000	10.08154
28	1800.00000	10.08154
28	2000.00000	9.52723
28	2200.00000	9.52723
28	2400.00000	9.52723
28	2600.00000	9.52723
28	2800.00000	9.52723
28	3000.00000	9.10131
28	3200.00000	9.10131
28	3400.00000	9.10131
28	3600.00000	9.10131
28	3800.00000	9.10131
28	4000.00000	9.16013
28	4200.00000	9.16013
28	4400.00000	9.16013
28	4600.00000	9.16013
28	4800.00000	9.16013
28	5000.00000	9.02327
28	5200.00000	9.02327
28	5400.00000	9.02327
28	5600.00000	9.02327
28	5800.00000	9.02327
28	6000.00000	8.92798
28	6200.00000	8.92798
28	6400.00000	8.92798
28	6600.00000	8.92798
28	6800.00000	8.92798
28	7000.00000	8.82944
28	7200.00000	8.82944
28	7400.00000	8.82944
28	7600.00000	8.82944
28	7800.00000	8.82944
28	8000.00000	9.12444
28	8200.00000	9.12444
28	8400.00000	9.12444
28	8600.00000	9.12444
28	8800.00000	9.12444
28	9000.00000	8.72751
28	9200.00000	8.72751
28	9400.00000	8.72751
28	9600.00000	8.72751
28	9800.00000	8.72751
28	10000.00000	8.78714
28	10200.00000	8.78714
28	10400.00000	8.78714
28	10600.00000	8.78714
28	10800.00000	8.78714
28	11000.00000	9.00196
28	11200.00000	9.00196
28	11400.00000	9.00196
28	11600.00000	9.00196
28	11800.00000	9.00196
28	12000.00000	8.72801
28	12200.00000	8.72801
28	12400.00000	8.72801
28	12600.00000	8.72801
28	12800.00000	8.72801
28	13000.00000	8.94049
28	13200.00000	8.94049
28	13400.00000	8.94049
28	13600.00000	8.94049
28	13800.00000	8.94049
28	14000.00000	8.90149
28	14200.00000	8.90149
28	14400.00000	8.90149
28	14600.00000	8.90149
28	14800.00000	8.90149
28	15000.00000	9.14788
28	15200.00000	9.14788
28	15400.00000	9.14788
28	15600.00000	9.14788
28	15800.00000	9.34128
28	16000.00000	9.34128
28	16200.00000	9.34128
28	16400.00000	9.34128
28	16600.00000	9.34128
28	16800.00000	9.03107
28	17000.00000	9.03107
28	17200.00000	9.03107
28	17400.00000	9.03107
28	17600.00000	9.03107
28	17800.00000	8.98944
28	18000.00000	8.98944
28	18200.00000	8.98944
28	18400.00000	8.98944
28	18600.00000	8.98944
28	18800.00000	9.20392
28	19000.00000	9.20392
28	19200.00000	9.20392
28	19400.00000	9.20392
28	19600.00000	9.20392
28	19800.00000	9.44576
28	20000.00000	9.44576
29	0.00000	9.99792
29	200.00000	9.99792
29	400.00000	9.99792
29	600.00000	9.99792
29	800.00000	9.99792
29	1000.00000	10.15796
29	1200.00000	10.15796
29	1400.00000	10.15796
29	1600.00000	10.15796
29	1800.00000	10.15796
29	2000.00000	9.39080
29	2200.00000	9.39080
29	2400.00000	9.39080
29	2600.00000	9.39080
29	2800.00000	9.39080
29	3000.00000	9.17260
29	3200.00000	9.17260
29	3400.00000	9.17260
29	3600.00000	9.17260
29	3800.00000	9.17260
29	4000.00000	9.11293
29	4200.00000	9.11293
29	4400.00000	9.11293
29	4600.00000	9.11293
29	4800.00000	9.11293
29	5000.00000	8.84865
29	5200.00000	8.84865
29	5400.00000	8.84865
29	5600.00000	8.84865
29	5800.00000	8.84865
29	6000.00000	8.98545
29	6200.00000	8.98545
29	6400.00000	8.98545
29	6600.00000	8.98545
29	6800.00000	8.98545
29	7000.00000	8.69464
29	7200.00000	8.69464
29	7400.00000	8.69464
29	7600.00000	8.69464
29	7800.00000	8.69464
29	8000.00000	8.75128
29	8200.00000	8.75128
29	8400.00000	8.75128
29	8600.00000	8.75128
29	8800.00000	8.75128
29	9000.00000	9.10546
29	9200.00000	9.10546
29	9400.00000	9.10546
29	9600.00000	9.10546
29	9800.00000	9.10546
29	10000.00000	9.26635
29	10200.00000	9.26635
29	10400.00000	9.26635
29	10600.00000	9.26635
29	10800.00000	9.26635
29	11000.00000	9.26927
29	11200.00000	9.26927
29	11400.00000	9.26927
29	11600.00000	9.26927
29	11800.00000	9.26927
29	12000.00000	9.71788
29	12200.00000	9.71788
29	12400.00000	9.71788
29	12600.00000	9.71788
29	12800.00000	9.71788
29	13000.00000	9.85188
29	13200.00000	9.85188
29	13400.00000	9.85188
29	13600.00000	9.85188
29	13800.00000	9.85188
29	14000.00000	9.40946
29	14200.00000	9.40946
29	14400.00000	9.40946
29	14600.00000	9.40946
29	14800.00000	9.40946
29	15000.00000	9.42618
29	15200.00000	9.42618
29	15400.00000	9.42618
29	15600.00000	9.42618
29	15800.00000	9.49198
29	16000.00000	9.49198
29	16200.00000	9.49198
29	16400.00000	9.49198
29	16600.00000	9.49198
29	16800.00000	9.78791
29	17000.00000	9.78791
29	17200.00000	9.78791
29	17400.00000	9.78791
29	17600.00000	9.78791
29	17800.00000	9.78679
29	18000.00000	9.78679
29	18200.00000	9.78679
29	18400.00000	9.78679
29	18600.00000	9.78679
29	18800.00000	9.03202
29	19000.00000	9.03202
29	19200.00000	9.03202
29	19400.00000	9.03202
29	19600.00000	9.03202
29	19800.00000	8.47174
29	20000.00000	8.47174
30	0.00000	9.95593
30	200.00000	9.95593
30	400.00000	9.95593
30	600.00000	9.95593
30	800.00000	9.95593
30	1000.00000	9.93172
30	1200.00000	9.93172
30	1400.00000	9.93172
30	1600.00000	9.93172
30	1800.00000	9.93172
30	2000.00000	9.62617
30	2200.00000	9.62617
30	2400.00000	9.62617
30	2600.00000	9.62617
30	2800.00000	9.62617
30	3000.00000	9.11331
30	3200.00000	9.11331
30	3400.00000	9.11331
30	3600.00000	9.11331
30	3800.00000	9.11331
30	4000.00000	9.34976
30	4200.00000	9.34976
30	4400.00000	9.34976
30	4600.00000	9.34976
30	4800.00000	9.34976
30	5000.00000	9.00551
30	5200.00000	9.00551
30	5400.00000	9.00551
30	5600.00000	9.00551
30	5800.00000	9.00551
30	6000.00000	8.87845
30	6200.00000	8.87845
30	6400.00000	8.87845
30	6600.00000	8.87845
30	6800.00000	8.87845
30	7000.00000	8.88742
30	7200.00000	8.88742
30	7400.00000	8.88742
30	7600.00000	8.88742
30	7800.00000	8.88742
30	8000.00000	9.08494
30	8200.00000	9.08494
30	8400.00000	9.08494
30	8600.00000	9.08494
30	8800.00000	9.08494
30	9000.00000	8.86495
30	9200.00000	8.86495
30	9400.00000	8.86495
30	9600.00000	8.86495
30	9800.00000	8.86495
30	10000.00000	8.85118
30	10200.00000	8.85118
30	10400.00000	8.85118
30	10600.00000	8.85118
30	10800.00000	8.85118
30	11000.00000	8.73540
30	11200.00000	8.73540
30	11400.00000	8.73540
30	11600.00000	8.73540
30	11800.00000	8.73540
30	12000.00000	9.20727
30	12200.00000	9.20727
30	12400.00000	9.20727
30	12600.00000	9.20727
30	12800.00000	9.20727
30	13000.00000	9.48180
30	13200.00000	9.48180
30	13400.00000	9.48180
30	13600.00000	9.48180
30	13800.00000	9.48180
30	14000.00000	9.31036
30	14200.00000	9.31036
30	14400.00000	9.31036
30	14600.00000	9.31036
30	14800.00000	9.31036
30	15000.00000	9.43219
30	15200.00000	9.43219
30	15400.00000	9.43219
30	15600.00000	9.43219
30	15800.00000	9.32885
30	16000.00000	9.32885
30	16200.00000	9.32885
30	16400.00000	9.32885
30	16600.00000	9.32885
30	16800.00000	9.42857
30	17000.00000	9.42857
30	17200.00000	9.42857
30	17400.00000	9.42857
30	17600.00000	9.42857
30	17800.00000	9.52500
30	18000.00000	9.52500
30	18200.00000	9.52500
30	18400.00000	9.52500
30	18600.00000	9.52500
30	18800.00000	9.24088
30	19000.00000	9.24088
30	19200.00000	9.24088
30	19400.00000	9.24088
30	19600.00000	9.24088
30	19800.00000	8.97963
30	20000.00000	8.97963
31	0.00000	9.87192
31	200.00000	9.87192
31	400.00000	9.87192
31	600.00000	9.87192
31	800.00000	9.87192
31	1000.00000	10.03841
31	1200.00000	10.03841
31	1400.00000	10.03841
31	1600.00000	10.03841
31	1800.00000	10.03841
31	2000.00000	9.45597
31	2200.00000	9.45597
31	2400.00000	9.45597
31	2600.00000	9.45597
31	2800.00000	9.45597
31	3000.00000	8.78388
31	3200.00000	8.78388
31	3400.00000	8.78388
31	3600.00000	8.78388
31	3800.00000	8.78388
31	4000.00000	9.17678
31	4200.00000	9.17678
31	4400.00000	9.17678
31	4600.00000	9.17678
31	4800.00000	9.17678
31	5000.00000	9.28578
31	5200.00000	9.28578
31	5400.00000	9.28578
31	5600.00000	9.28578
31	5800.00000	9.28578
31	6000.00000	9.40877
31	6200.00000	9.40877
31	6400.00000	9.40877
31	6600.00000	9.40877
31	6800.00000	9.40877
31	7000.00000	9.01326
31	7200.00000	9.01326
31	7400.00000	9.01326
31	7600.00000	9.01326
31	7800.00000	9.01326
31	8000.00000	8.82645
31	8200.00000	8.82645
31	8400.00000	8.82645
31	8600.00000	8.82645
31	8800.00000	8.82645
31	9000.00000	8.67637
31	9200.00000	8.67637
31	9400.00000	8.67637
31	9600.00000	8.67637
31	9800.00000	8.67637
31	10000.00000	8.62165
31	10200.00000	8.62165
31	10400.00000	8.62165
31	10600.00000	8.62165
31	10800.00000	8.62165
31	11000.00000	9.33459
31	11200.00000	9.33459
31	11400.00000	9.33459
31	11600.00000	9.33459
31	11800.00000	9.33459
31	12000.00000	9.44251
31	12200.00000	9.44251
31	12400.00000	9.44251
31	12600.00000	9.44251
31	12800.00000	9.44251
31	13000.00000	9.90581
31	13200.00000	9.90581
31	13400.00000	9.90581
31	13600.00000	9.90581
31	13800.00000	9.90581
31	14000.00000	9.91540
31	14200.00000	9.91540
31	14400.00000	9.91540
31	14600.00000	9.91540
31	14800.00000	9.91540
31	15000.00000	9.88599
31	15200.00000	9.88599
31	15400.00000	9.88599
31	15600.00000	9.88599
31	15800.00000	10.58494
31	16000.00000	10.58494
31	16200.00000	10.58494
31	16400.00000	10.58494
31	16600.00000	10.58494
31	16800.00000	10.22299
31	17000.00000	10.22299
31	17200.00000	10.22299
31	17400.00000	10.22299
31	17600.00000	10.22299
31	17800.00000	10.02113
31	18000.00000	10.02113
31	18200.00000	10.02113
31	18400.00000	10.02113
31	18600.00000	10.02113
31	18800.00000	9.44372
31	19000.00000	9.44372
31	19200.00000	9.44372
31	19400.00000	9.44372
31	19600.00000	9.44372
31	19800.00000	9.44931
31	20000.00000	9.44931
32	0.00000	9.81070
32	200.00000	9.81070
32	400.00000	9.81070
32	600.00000	9.81070
32	800.00000	9.81070
32	1000.00000	10.10705
32	1200.00000	10.10705
32	1400.00000	10.10705
32	1600.00000	10.10705
32	1800.00000	10.10705
32	2000.00000	9.47944
32	2200.00000	9.47944
32	2400.00000	9.47944
32	2600.00000	9.47944
32	2800.00000	9.47944
32	3000.00000	8.86458
32	3200.00000	8.86458
32	3400.00000	8.86458
32	3600.00000	8.86458
32	3800.00000	8.86458
32	4000.00000	8.84868
32	4200.00000	8.84868
32	4400.00000	8.84868
32	4600.00000	8.84868
32	4800.00000	8.84868
32	5000.00000	9.14941
32	5200.00000	9.14941
32	5400.00000	9.14941
32	5600.00000	9.14941
32	5800.00000	9.14941
32	6000.00000	8.87987
32	6200.00000	8.87987
32	6400.00000	8.87987
32	6600.00000	8.87987
32	6800.00000	8.87987
32	7000.00000	8.98084
32	7200.00000	8.98084
32	7400.00000	8.98084
32	7600.00000	8.98084
32	7800.00000	8.98084
32	8000.00000	9.08426
32	8200.00000	9.08426
32	8400.00000	9.08426
32	8600.00000	9.08426
32	8800.00000	9.08426
32	9000.00000	8.98553
32	9200.00000	8.98553
32	9400.00000	8.98553
32	9600.00000	8.98553
32	9800.00000	8.98553
32	10000.00000	9.22417
32	10200.00000	9.22417
32	10400.00000	9.22417
32	10600.00000	9.22417
32	10800.00000	9.22417
32	11000.00000	9.32505
32	11200.00000	9.32505
32	11400.00000	9.32505
32	11600.00000	9.32505
32	11800.00000	9.32505
32	12000.00000	9.23641
32	12200.00000	9.23641
32	12400.00000	9.23641
32	12600.00000	9.23641
32	12800.00000	9.23641
32	13000.00000	8.99631
32	13200.00000	8.99631
32	13400.00000	8.99631
32	13600.00000	8.99631
32	13800.00000	8.99631
32	14000.00000	8.98634
32	14200.00000	8.98634
32	14400.00000	8.98634
32	14600.00000	8.98634
32	14800.00000	8.98634
32	15000.00000	9.28172
32	15200.00000	9.28172
32	15400.00000	9.28172
32	15600.00000	9.28172
32	15800.00000	9.10429
32	16000.00000	9.10429
32	16200.00000	9.10429
32	16400.00000	9.10429
32	16600.00000	9.10429
32	16800.00000	8.90186
32	17000.00000	8.90186
32	17200.00000	8.90186
32	17400.00000	8.90186
32	17600.00000	8.90186
32	17800.00000	8.86691
32	18000.00000	8.86691
32	18200.00000	8.86691
32	18400.00000	8.86691
32	18600.00000	8.86691
32	18800.00000	9.16614
32	19000.00000	9.16614
32	19200.00000	9.16614
32	19400.00000	9.16614
32	19600.00000	9.16614
32	19800.00000	8.88238
32	20000.00000	8.88238
33	0.00000	9.79572
33	200.00000	9.79572
33	400.00000	9.79572
33	600.00000	9.79572
33	800.00000	9.79572
33	1000.00000	9.77007
33	1200.00000	9.77007
33	1400.00000	9.77007
33	1600.00000	9.77007
33	1800.00000	9.77007
33	2000.00000	9.48418
33	2200.00000	9.48418
33	2400.00000	9.48418
33	2600.00000	9.48418
33	2800.00000	9.48418
33	3000.00000	8.97805
33	3200.00000	8.97805
33	3400.00000	8.97805
33	3600.00000	8.97805
33	3800.00000	8.97805
33	4000.00000	9.13078
33	4200.00000	9.13078
33	4400.00000	9.13078
33	4600.00000	9.13078
33	4800.00000	9.13078
33	5000.00000	9.17959
33	5200.00000	9.17959
33	5400.00000	9.17959
33	5600.00000	9.17959
33	5800.00000	9.17959
33	6000.00000	9.07711
33	6200.00000	9.07711
33	6400.00000	9.07711
33	6600.00000	9.07711
33	6800.00000	9.07711
33	7000.00000	8.89787
33	7200.00000	8.89787
33	7400.00000	8.89787
33	7600.00000	8.89787
33	7800.00000	8.89787
33	8000.00000	9.55139
33	8200.00000	9.55139
33	8400.00000	9.55139
33	8600.00000	9.55139
33	8800.00000	9.55139
33	9000.00000	9.48119
33	9200.00000	9.48119
33	9400.00000	9.48119
33	9600.00000	9.48119
33	9800.00000	9.48119
33	10000.00000	9.15883
33	10200.00000	9.15883
33	10400.00000	9.15883
33	10600.00000	9.15883
33	10800.00000	9.15883
33	11000.00000	9.34418
33	11200.00000	9.34418
33	11400.00000	9.34418
33	11600.00000	9.34418
33	11800.00000	9.34418
33	12000.00000	9.10487
33	12200.00000	9.10487
33	12400.00000	9.10487
33	12600.00000	9.10487
33	12800.00000	9.10487
33	13000.00000	9.24053
33	13200.00000	9.24053
33	13400.00000	9.24053
33	13600.00000	9.24053
33	13800.00000	9.24053
33	14000.00000	8.99292
33	14200.00000	8.99292
33	14400.00000	8.99292
33	14600.00000	8.99292
33	14800.00000	8.99292
33	15000.00000	9.08725
33	15200.00000	9.08725
33	15400.00000	9.08725
33	15600.00000	9.08725
33	15800.00000	9.25833
33	16000.00000	9.25833
33	16200.00000	9.25833
33	16400.00000	9.25833
33	16600.00000	9.25833
33	16800.00000	8.99791
33	17000.00000	8.99791
33	17200.00000	8.99791
33	17400.00000	8.99791
33	17600.00000	8.99791
33	17800.00000	9.46015
33	18000.00000	9.46015
33	18200.00000	9.46015
33	18400.00000	9.46015
33	18600.00000	9.46015
33	18800.00000	9.43266
33	19000.00000	9.43266
33	19200.00000	9.43266
33	19400.00000	9.43266
33	19600.00000	9.43266
33	19800.00000	9.56688
33	20000.00000	9.56688
34	0.00000	9.89267
34	200.00000	9.89267
34	400.00000	9.89267
34	600.00000	9.89267
34	800.00000	9.89267
34	1000.00000	10.21205
34	1200.00000	10.21205
34	1400.00000	10.21205
34	1600.00000	10.21205
34	1800.00000	10.21205
34	2000.00000	9.28313
34	2200.00000	9.28313
34	2400.00000	9.28313
34	2600.00000	9.28313
34	2800.00000	9.28313
34	3000.00000	8.98822
34	3200.00000	8.98822
34	3400.00000	8.98822
34	3600.00000	8.98822
34	3800.00000	8.98822
34	4000.00000	9.26018
34	4200.00000	9.26018
34	4400.00000	9.26018
34	4600.00000	9.26018
34	4800.00000	9.26018
34	5000.00000	8.82759
34	5200.00000	8.82759
34	5400.00000	8.82759
34	5600.00000	8.82759
34	5800.00000	8.82759
34	6000.00000	8.98961
34	6200.00000	8.98961
34	6400.00000	8.98961
34	6600.00000	8.98961
34	6800.00000	8.98961
34	7000.00000	8.57187
34	7200.00000	8.57187
34	7400.00000	8.57187
34	7600.00000	8.57187
34	7800.00000	8.57187
34	8000.00000	9.43361
34	8200.00000	9.43361
34	8400.00000	9.43361
34	8600.00000	9.43361
34	8800.00000	9.43361
34	9000.00000	9.34775
34	9200.00000	9.34775
34	9400.00000	9.34775
34	9600.00000	9.34775
34	9800.00000	9.34775
34	10000.00000	8.88597
34	10200.00000	8.88597
34	10400.00000	8.88597
34	10600.00000	8.88597
34	10800.00000	8.88597
34	11000.00000	9.43504
34	11200.00000	9.43504
34	11400.00000	9.43504
34	11600.00000	9.43504
34	11800.00000	9.43504
34	12000.00000	9.06669
34	12200.00000	9.06669
34	12400.00000	9.06669
34	12600.00000	9.06669
34	12800.00000	9.06669
34	13000.00000	9.25920
34	13200.00000	9.25920
34	13400.00000	9.25920
34	13600.00000	9.25920
34	13800.00000	9.25920
34	14000.00000	9.63133
34	14200.00000	9.63133
34	14400.00000	9.63133
34	14600.00000	9.63133
34	14800.00000	9.63133
34	15000.00000	9.62852
34	15200.00000	9.62852
34	15400.00000	9.62852
34	15600.00000	9.62852
34	15800.00000	9.26682
34	16000.00000	9.26682
34	16200.00000	9.26682
34	16400.00000	9.26682
34	16600.00000	9.26682
34	16800.00000	8.96389
34	17000.00000	8.96389
34	17200.00000	8.96389
34	17400.00000	8.96389
34	17600.00000	8.96389
34	17800.00000	8.92254
34	18000.00000	8.92254
34	18200.00000	8.92254
34	18400.00000	8.92254
34	18600.00000	8.92254
34	18800.00000	8.77094
34	19000.00000	8.77094
34	19200.00000	8.77094
34	19400.00000	8.77094
34	19600.00000	8.77094
34	19800.00000	8.60413
34	20000.00000	8.60413
35	0.00000	9.97959
35	200.00000	9.97959
35	400.00000	9.97959
35	600.00000	9.97959
35	800.00000	9.97959
35	1000.00000	10.02000
35	1200.00000	10.02000
35	1400.00000	10.02000
35	1600.00000	10.02000
35	1800.00000	10.02000
35	2000.00000	9.69110
35	2200.00000	9.69110
35	2400.00000	9.69110
35	2600.00000	9.69110
35	2800.00000	9.69110
35	3000.00000	8.79915
35	3200.00000	8.79915
35	3400.00000	8.79915
35	3600.00000	8.79915
35	3800.00000	8.79915
35	4000.00000	9.65454
35	4200.00000	9.65454
35	4400.00000	9.65454
35	4600.00000	9.65454
35	4800.00000	9.65454
35	5000.00000	9.31131
35	5200.00000	9.31131
35	5400.00000	9.31131
35	5600.00000	9.31131
35	5800.00000	9.31131
35	6000.00000	8.71254
35	6200.00000	8.71254
35	6400.00000	8.71254
35	6600.00000	8.71254
35	6800.00000	8.71254
35	7000.00000	8.77190
35	7200.00000	8.77190
35	7400.00000	8.77190
35	7600.00000	8.77190
35	7800.00000	8.77190
35	8000.00000	9.03870
35	8200.00000	9.03870
35	8400.00000	9.03870
35	8600.00000	9.03870
35	8800.00000	9.03870
35	9000.00000	9.14977
35	9200.00000	9.14977
35	9400.00000	9.14977
35	9600.00000	9.14977
35	9800.00000	9.14977
35	10000.00000	8.75526
35	10200.00000	8.75526
35	10400.00000	8.75526
35	10600.00000	8.75526
35	10800.00000	8.75526
35	11000.00000	9.23534
35	11200.00000	9.23534
35	11400.00000	9.23534
35	11600.00000	9.23534
35	11800.00000	9.23534
35	12000.00000	9.24735
35	12200.00000	9.24735
35	12400.00000	9.24735
35	12600.00000	9.24735
35	12800.00000	9.24735
35	13000.00000	9.42582
35	13200.00000	9.42582
35	13400.00000	9.42582
35	13600.00000	9.42582
35	13800.00000	9.42582
35	14000.00000	9.26204
35	14200.00000	9.26204
35	14400.00000	9.26204
35	14600.00000	9.26204
35	14800.00000	9.26204
35	15000.00000	9.71833
35	15200.00000	9.71833
35	15400.00000	9.71833
35	15600.00000	9.71833
35	15800.00000	9.59944
35	16000.00000	9.59944
35	16200.00000	9.59944
35	16400.00000	9.59944
35	16600.00000	9.59944
35	16800.00000	9.28572
35	17000.00000	9.28572
35	17200.00000	9.28572
35	17400.00000	9.28572
35	17600.00000	9.28572
35	17800.00000	9.87735
35	18000.00000	9.87735
35	18200.00000	9.87735
35	18400.00000	9.87735
35	18600.00000	9.87735
35	18800.00000	8.96436
35	19000.00000	8.96436
35	19200.00000	8.96436
35	19400.00000	8.96436
35	19600.00000	8.96436
35	19800.00000	8.91993
35	20000.00000	8.91993
36	0.00000	9.89137
36	200.00000	9.89137
36	400.00000	9.89137
36	600.00000	9.89137
36	800.00000	9.89137
36	1000.00000	10.00220
36	1200.00000	10.00220
36	1400.00000	10.00220
36	1600.00000	10.00220
36	1800.00000	10.00220
36	2000.00000	9.47040
36	2200.00000	9.47040
36	2400.00000	9.47040
36	2600.00000	9.47040
36	2800.00000	9.47040
36	3000.00000	8.75853
36	3200.00000	8.75853
36	3400.00000	8.75853
36	3600.00000	8.75853
36	3800.00000	8.75853
36	4000.00000	9.46879
36	4200.00000	9.46879
36	4400.00000	9.46879
36	4600.00000	9.46879
36	4800.00000	9.46879
36	5000.00000	8.99924
36	5200.00000	8.99924
36	5400.00000	8.99924
36	5600.00000	8.99924
36	5800.00000	8.99924
36	6000.00000	8.76621
36	6200.00000	8.76621
36	6400.00000	8.76621
36	6600.00000	8.76621
36	6800.00000	8.76621
36	7000.00000	8.78738
36	7200.00000	8.78738
36	7400.00000	8.78738
36	7600.00000	8.78738
36	7800.00000	8.78738
36	8000.00000	8.92042
36	8200.00000	8.92042
36	8400.00000	8.92042
36	8600.00000	8.92042
36	8800.00000	8.92042
36	9000.00000	8.65065
36	9200.00000	8.65065
36	9400.00000	8.65065
36	9600.00000	8.65065
36	9800.00000	8.65065
36	10000.00000	8.96913
36	10200.00000	8.96913
36	10400.00000	8.96913
36	10600.00000	8.96913
36	10800.00000	8.96913
36	11000.00000	9.27670
36	11200.00000	9.27670
36	11400.00000	9.27670
36	11600.00000	9.27670
36	11800.00000	9.27670
36	12000.00000	9.51297
36	12200.00000	9.51297
36	12400.00000	9.51297
36	12600.00000	9.51297
36	12800.00000	9.51297
36	13000.00000	9.75341
36	13200.00000	9.75341
36	13400.00000	9.75341
36	13600.00000	9.75341
36	13800.00000	9.75341
36	14000.00000	9.76313
36	14200.00000	9.76313
36	14400.00000	9.76313
36	14600.00000	9.76313
36	14800.00000	9.76313
36	15000.00000	10.01435
36	15200.00000	10.01435
36	15400.00000	10.01435
36	15600.00000	10.01435
36	15800.00000	9.87492
36	16000.00000	9.87492
36	16200.00000	9.87492
36	16400.00000	9.87492
36	16600.00000	9.87492
36	16800.00000	9.24239
36	17000.00000	9.24239
36	17200.00000	9.24239
36	17400.00000	9.24239
36	17600.00000	9.24239
36	17800.00000	9.63072
36	18000.00000	9.63072
36	18200.00000	9.63072
36	18400.00000	9.63072
36	18600.00000	9.63072
36	18800.00000	9.93097
36	19000.00000	9.93097
36	19200.00000	9.93097
36	19400.00000	9.93097
36	19600.00000	9.93097
36	19800.00000	9.65522
36	20000.00000	9.65522
37	0.00000	9.94151
37	200.00000	9.94151
37	400.00000	9.94151
37	600.00000	9.94151
37	800.00000	9.94151
37	1000.00000	10.67381
37	1200.00000	10.67381
37	1400.00000	10.67381
37	1600.00000	10.67381
37	1800.00000	10.67381
37	2000.00000	9.26000
37	2200.00000	9.26000
37	2400.00000	9.26000
37	2600.00000	9.26000
37	2800.00000	9.26000
37	3000.00000	8.85608
37	3200.00000	8.85608
37	3400.00000	8.85608
37	3600.00000	8.85608
37	3800.00000	8.85608
37	4000.00000	9.33088
37	4200.00000	9.33088
37	4400.00000	9.33088
37	4600.00000	9.33088
37	4800.00000	9.33088
37	5000.00000	9.00505
37	5200.00000	9.00505
37	5400.00000	9.00505
37	5600.00000	9.00505
37	5800.00000	9.00505
37	6000.00000	8.98734
37	6200.00000	8.98734
37	6400.00000	8.98734
37	6600.00000	8.98734
37	6800.00000	8.98734
37	7000.00000	8.26008
37	7200.00000	8.26008
37	7400.00000	8.26008
37	7600.00000	8.26008
37	7800.00000	8.26008
37	8000.00000	8.52526
37	8200.00000	8.52526
37	8400.00000	8.52526
37	8600.00000	8.52526
37	8800.00000	8.52526
37	9000.00000	8.93793
37	9200.00000	8.93793
37	9400.00000	8.93793
37	9600.00000	8.93793
37	9800.00000	8.93793
37	10000.00000	8.67273
37	10200.00000	8.67273
37	10400.00000	8.67273
37	10600.00000	8.67273
37	10800.00000	8.67273
37	11000.00000	8.66063
37	11200.00000	8.66063
37	11400.00000	8.66063
37	11600.00000	8.66063
37	11800.00000	8.66063
37	12000.00000	9.38765
37	12200.00000	9.38765
37	12400.00000	9.38765
37	12600.00000	9.38765
37	12800.00000	9.38765
37	13000.00000	9.86080
37	13200.00000	9.86080
37	13400.00000	9.86080
37	13600.00000	9.86080
37	13800.00000	9.86080
37	14000.00000	9.48489
37	14200.00000	9.48489
37	14400.00000	9.48489
37	14600.00000	9.48489
37	14800.00000	9.48489
37	15000.00000	9.61312
37	15200.00000	9.61312
37	15400.00000	9.61312
37	15600.00000	9.61312
37	15800.00000	9.40665
37	16000.00000	9.40665
37	16200.00000	9.40665
37	16400.00000	9.40665
37	16600.00000	9.40665
37	16800.00000	9.91571
37	17000.00000	9.91571
37	17200.00000	9.91571
37	17400.00000	9.91571
37	17600.00000	9.91571
37	17800.00000	10.11757
37	18000.00000	10.11757
37	18200.00000	10.11757
37	18400.00000	10.11757
37	18600.00000	10.11757
37	18800.00000	9.69032
37	19000.00000	9.69032
37	19200.00000	9.69032
37	19400.00000	9.69032
37	19600.00000	9.69032
37	19800.00000	9.73133
37	20000.00000	9.73133
38	0.00000	9.84038
38	200.00000	9.84038
38	400.00000	9.84038
38	600.00000	9.84038
38	800.00000	9.84038
38	1000.00000	10.25550
38	1200.00000	10.25550
38	1400.00000	10.25550
38	1600.00000	10.25550
38	1800.00000	10.25550
38	2000.00000	9.43957
38	2200.00000	9.43957
38	2400.00000	9.43957
38	2600.00000	9.43957
38	2800.00000	9.43957
38	3000.00000	9.03173
38	3200.00000	9.03173
38	3400.00000	9.03173
38	3600.00000	9.03173
38	3800.00000	9.03173
38	4000.00000	9.21551
38	4200.00000	9.21551
38	4400.00000	9.21551
38	4600.00000	9.21551
38	4800.00000	9.21551
38	5000.00000	9.00809
38	5200.00000	9.00809
38	5400.00000	9.00809
38	5600.00000	9.00809
38	5800.00000	9.00809
38	6000.00000	9.51586
38	6200.00000	9.51586
38	6400.00000	9.51586
38	6600.00000	9.51586
38	6800.00000	9.51586
38	7000.00000	8.59163
38	7200.00000	8.59163
38	7400.00000	8.59163
38	7600.00000	8.59163
38	7800.00000	8.59163
38	8000.00000	8.83322
38	8200.00000	8.83322
38	8400.00000	8.83322
38	8600.00000	8.83322
38	8800.00000	8.83322
38	9000.00000	9.09007
38	9200.00000	9.09007
38	9400.00000	9.09007
38	9600.00000	9.09007
38	9800.00000	9.09007
38	10000.00000	8.08778
38	10200.00000	8.08778
38	10400.00000	8.08778
38	10600.00000	8.08778
38	10800.00000	8.08778
38	11000.00000	8.92329
38	11200.00000	8.92329
38	11400.00000	8.92329
38	11600.00000	8.92329
38	11800.00000	8.92329
38	12000.00000	9.21084
38	12200.00000	9.21084
38	12400.00000	9.21084
38	12600.00000	9.21084
38	12800.00000	9.21084
38	13000.00000	9.02892
38	13200.00000	9.02892
38	13400.00000	9.02892
38	13600.00000	9.02892
38	13800.00000	9.02892
38	14000.00000	9.44297
38	14200.00000	9.44297
38	14400.00000	9.44297
38	14600.00000	9.44297
38	14800.00000	9.44297
38	15000.00000	9.64883
38	15200.00000	9.64883
38	15400.00000	9.64883
38	15600.00000	9.64883
38	15800.00000	9.32686
38	16000.00000	9.32686
38	16200.00000	9.32686
38	16400.00000	9.32686
38	16600.00000	9.32686
38	16800.00000	8.88857
38	17000.00000	8.88857
38	17200.00000	8.88857
38	17400.00000	8.88857
38	17600.00000	8.88857
38	17800.00000	9.42859
38	18000.00000	9.42859
38	18200.00000	9.42859
38	18400.00000	9.42859
38	18600.00000	9.42859
38	18800.00000	9.37158
38	19000.00000	9.37158
38	19200.00000	9.37158
38	19400.00000	9.37158
38	19600.00000	9.37158
38	19800.00000	9.39311
38	20000.00000	9.39311
39	0.00000	9.89410
39	200.00000	9.89410
39	400.00000	9.89410
39	600.00000	9.89410
39	800.00000	9.89410
39	1000.00000	10.44891
39	1200.00000	10.44891
39	1400.00000	10.44891
39	1600.00000	10.44891
39	1800.00000	10.44891
39	2000.00000	9.63889
39	2200.00000	9.63889
39	2400.00000	9.63889
39	2600.00000	9.63889
39	2800.00000	9.63889
39	3000.00000	9.01283
39	3200.00000	9.01283
39	3400.00000	9.01283
39	3600.00000	9.01283
39	3800.00000	9.01283
39	4000.00000	9.45485
39	4200.00000	9.45485
39	4400.00000	9.45485
39	4600.00000	9.45485
39	4800.00000	9.45485
39	5000.00000	9.07579
39	5200.00000	9.07579
39	5400.00000	9.07579
39	5600.00000	9.07579
39	5800.00000	9.07579
39	6000.00000	8.85455
39	6200.00000	8.85455
39	6400.00000	8.85455
39	6600.00000	8.85455
39	6800.00000	8.85455
39	7000.00000	8.50785
39	7200.00000	8.50785
39	7400.00000	8.50785
39	7600.00000	8.50785
39	7800.00000	8.50785
39	8000.00000	9.07255
39	8200.00000	9.07255
39	8400.00000	9.07255
39	8600.00000	9.07255
39	8800.00000	9.07255
39	9000.00000	8.85011
39	9200.00000	8.85011
39	9400.00000	8.85011
39	9600.00000	8.85011
39	9800.00000	8.85011
39	10000.00000	9.36773
39	10200.00000	9.36773
39	10400.00000	9.36773
39	10600.00000	9.36773
39	10800.00000	9.36773
39	11000.00000	9.64280
39	11200.00000	9.64280
39	11400.00000	9.64280
39	11600.00000	9.64280
39	11800.00000	9.64280
39	12000.00000	9.74364
39	12200.00000	9.74364
39	12400.00000	9.74364
39	12600.00000	9.74364
39	12800.00000	9.74364
39	13000.00000	9.64598
39	13200.00000	9.64598
39	13400.00000	9.64598
39	13600.00000	9.64598
39	13800.00000	9.64598
39	14000.00000	9.28170
39	14200.00000	9.28170
39	14400.00000	9.28170
39	14600.00000	9.28170
39	14800.00000	9.28170
39	15000.00000	9.64865
39	15200.00000	9.64865
39	15400.00000	9.64865
39	15600.00000	9.64865
39	15800.00000	9.55436
39	16000.00000	9.55436
39	16200.00000	9.55436
39	16400.00000	9.55436
39	16600.00000	9.55436
39	16800.00000	9.17543
39	17000.00000	9.17543
39	17200.00000	9.17543
39	17400.00000	9.17543
39	17600.00000	9.17543
39	17800.00000	9.56874
39	18000.00000	9.56874
39	18200.00000	9.56874
39	18400.00000	9.56874
39	18600.00000	9.56874
39	18800.00000	9.56511
39	19000.00000	9.56511
39	19200.00000	9.56511
39	19400.00000	9.56511
39	19600.00000	9.56511
39	19800.00000	9.41774
39	20000.00000	9.41774
40	0.00000	10.03676
40	200.00000	10.03676
40	400.00000	10.03676
40	600.00000	10.03676
40	800.00000	10.03676
40	1000.00000	10.20668
40	1200.00000	10.20668
40	1400.00000	10.20668
40	1600.00000	10.20668
40	1800.00000	10.20668
40	2000.00000	9.28097
40	2200.00000	9.28097
40	2400.00000	9.28097
40	2600.00000	9.28097
40	2800.00000	9.28097
40	3000.00000	8.81075
40	3200.00000	8.81075
40	3400.00000	8.81075
40	3600.00000	8.81075
40	3800.00000	8.81075
40	4000.00000	9.17865
40	4200.00000	9.17865
40	4400.00000	9.17865
40	4600.00000	9.17865
40	4800.00000	9.17865
40	5000.00000	8.79212
40	5200.00000	8.79212
40	5400.00000	8.79212
40	5600.00000	8.79212
40	5800.00000	8.79212
40	6000.00000	8.94457
40	6200.00000	8.94457
40	6400.00000	8.94457
40	6600.00000	8.94457
40	6800.00000	8.94457
40	7000.00000	9.34144
40	7200.00000	9.34144
40	7400.00000	9.34144
40	7600.00000	9.34144
40	7800.00000	9.34144
40	8000.00000	9.74636
40	8200.00000	9.74636
40	8400.00000	9.74636
40	8600.00000	9.74636
40	8800.00000	9.74636
40	9000.00000	9.03661
40	9200.00000	9.03661
40	9400.00000	9.03661
40	9600.00000	9.03661
40	9800.00000	9.03661
40	10000.00000	9.05172
40	10200.00000	9.05172
40	10400.00000	9.05172
40	10600.00000	9.05172
40	10800.00000	9.05172
40	11000.00000	9.25106
40	11200.00000	9.25106
40	11400.00000	9.25106
40	11600.00000	9.25106
40	11800.00000	9.25106
40	12000.00000	9.71907
40	12200.00000	9.71907
40	12400.00000	9.71907
40	12600.00000	9.71907
40	12800.00000	9.71907
40	13000.00000	9.36391
40	13200.00000	9.36391
40	13400.00000	9.36391
40	13600.00000	9.36391
40	13800.00000	9.36391
40	14000.00000	9.11667
40	14200.00000	9.11667
40	14400.00000	9.11667
40	14600.00000	9.11667
40	14800.00000	9.11667
40	15000.00000	9.13789
40	15200.00000	9.13789
40	15400.00000	9.13789
40	15600.00000	9.13789
40	15800.00000	9.15292
40	16000.00000	9.15292
40	16200.00000	9.15292
40	16400.00000	9.15292
40	16600.00000	9.15292
40	16800.00000	8.78476
40	17000.00000	8.78476
40	17200.00000	8.78476
40	17400.00000	8.78476
40	17600.00000	8.78476
40	17800.00000	8.97597
40	18000.00000	8.97597
40	18200.00000	8.97597
40	18400.00000	8.97597
40	18600.00000	8.97597
40	18800.00000	9.14858
40	19000.00000	9.14858
40	19200.00000	9.14858
40	19400.00000	9.14858
40	19600.00000	9.14858
40	19800.00000	9.06671
40	20000.00000	9.06671
41	0.00000	9.97498
41	200.00000	9.97498
41	400.00000	9.97498
41	600.00000	9.97498
41	800.00000	9.97498
41	1000.00000	10.00274
41	1200.00000	10.00274
41	1400.00000	10.00274
41	1600.00000	10.00274
41	1800.00000	10.00274
41	2000.00000	9.56762
41	2200.00000	9.56762
41	2400.00000	9.56762
41	2600.00000	9.56762
41	2800.00000	9.56762
41	3000.00000	9.10137
41	3200.00000	9.10137
41	3400.00000	9.10137
41	3600.00000	9.10137
41	3800.00000	9.10137
41	4000.00000	9.21880
41	4200.00000	9.21880
41	4400.00000	9.21880
41	4600.00000	9.21880
41	4800.00000	9.21880
41	5000.00000	8.79845
41	5200.00000	8.79845
41	5400.00000	8.79845
41	5600.00000	8.79845
41	5800.00000	8.79845
41	6000.00000	8.89045
41	6200.00000	8.89045
41	6400.00000	8.89045
41	6600.00000	8.89045
41	6800.00000	8.89045
41	7000.00000	8.94822
41	7200.00000	8.94822
41	7400.00000	8.94822
41	7600.00000	8.94822
41	7800.00000	8.94822
41	8000.00000	9.20351
41	8200.00000	9.20351
41	8400.00000	9.20351
41	8600.00000	9.20351
41	8800.00000	9.20351
41	9000.00000	9.19613
41	9200.00000	9.19613
41	9400.00000	9.19613
41	9600.00000	9.19613
41	9800.00000	9.19613
41	10000.00000	9.11646
41	10200.00000	9.11646
41	10400.00000	9.11646
41	10600.00000	9.11646
41	10800.00000	9.11646
41	11000.00000	9.26056
41	11200.00000	9.26056
41	11400.00000	9.26056
41	11600.00000	9.26056
41	11800.00000	9.26056
41	12000.00000	9.46630
41	12200.00000	9.46630
41	12400.00000	9.46630
41	12600.00000	9.46630
41	12800.00000	9.46630
41	13000.00000	9.37671
41	13200.00000	9.37671
41	13400.00000	9.37671
41	13600.00000	9.37671
41	13800.00000	9.37671
41	14000.00000	9.63483
41	14200.00000	9.63483
41	14400.00000	9.63483
41	14600.00000	9.63483
41	14800.00000	9.63483
41	15000.00000	9.76563
41	15200.00000	9.76563
41	15400.00000	9.76563
41	15600.00000	9.76563
41	15800.00000	9.33403
41	16000.00000	9.33403
41	16200.00000	9.33403
41	16400.00000	9.33403
41	16600.00000	9.33403
41	16800.00000	9.34270
41	17000.00000	9.34270
41	17200.00000	9.34270
41	17400.00000	9.34270
41	17600.00000	9.34270
41	17800.00000	9.14947
41	18000.00000	9.14947
41	18200.00000	9.14947
41	18400.00000	9.14947
41	18600.00000	9.14947
41	18800.00000	9.07616
41	19000.00000	9.07616
41	19200.00000	9.07616
41	19400.00000	9.07616
41	19600.00000	9.07616
41	19800.00000	8.93196
41	20000.00000	8.93196
42	0.00000	9.96136
42	200.00000	9.96136
42	400.00000	9.96136
42	600.00000	9.96136
42	800.00000	9.96136
42	1000.00000	10.32004
42	1200.00000	10.32004
42	1400.00000	10.32004
42	1600.00000	10.32004
42	1800.00000	10.32004
42	2000.00000	9.46491
42	2200.00000	9.46491
42	2400.00000	9.46491
42	2600.00000	9.46491
42	2800.00000	9.46491
42	3000.00000	8.79177
42	3200.00000	8.79177
42	3400.00000	8.79177
42	3600.00000	8.79177
42	3800.00000	8.79177
42	4000.00000	8.85638
42	4200.00000	8.85638
42	4400.00000	8.85638
42	4600.00000	8.85638
42	4800.00000	8.85638
42	5000.00000	9.48989
42	5200.00000	9.48989
42	5400.00000	9.48989
42	5600.00000	9.48989
42	5800.00000	9.48989
42	6000.00000	9.10108
42	6200.00000	9.10108
42	6400.00000	9.10108
42	6600.00000	9.10108
42	6800.00000	9.10108
42	7000.00000	8.78371
42	7200.00000	8.78371
42	7400.00000	8.78371
42	7600.00000	8.78371
42	7800.00000	8.78371
42	8000.00000	8.68093
42	8200.00000	8.68093
42	8400.00000	8.68093
42	8600.00000	8.68093
42	8800.00000	8.68093
42	9000.00000	8.89806
42	9200.00000	8.89806
42	9400.00000	8.89806
42	9600.00000	8.89806
42	9800.00000	8.89806
42	10000.00000	9.33979
42	10200.00000	9.33979
42	10400.00000	9.33979
42	10600.00000	9.33979
42	10800.00000	9.33979
42	11000.00000	9.83915
42	11200.00000	9.83915
42	11400.00000	9.83915
42	11600.00000	9.83915
42	11800.00000	9.83915
42	12000.00000	10.17948
42	12200.00000	10.17948
42	12400.00000	10.17948
42	12600.00000	10.17948
42	12800.00000	10.17948
42	13000.00000	9.87233
42	13200.00000	9.87233
42	13400.00000	9.87233
42	13600.00000	9.87233
42	13800.00000	9.87233
42	14000.00000	9.98388
42	14200.00000	9.98388
42	14400.00000	9.98388
42	14600.00000	9.98388
42	14800.00000	9.98388
42	15000.00000	9.32912
42	15200.00000	9.32912
42	15400.00000	9.32912
42	15600.00000	9.32912
42	15800.00000	9.63716
42	16000.00000	9.63716
42	16200.00000	9.63716
42	16400.00000	9.63716
42	16600.00000	9.63716
42	16800.00000	9.54639
42	17000.00000	9.54639
42	17200.00000	9.54639
42	17400.00000	9.54639
42	17600.00000	9.54639
42	17800.00000	9.57698
42	18000.00000	9.57698
42	18200.00000	9.57698
42	18400.00000	9.57698
42	18600.00000	9.57698
42	18800.00000	9.46453
42	19000.00000	9.46453
42	19200.00000	9.46453
42	19400.00000	9.46453
42	19600.00000	9.46453
42	19800.00000	9.71678
42	20000.00000	9.71678
43	0.00000	9.79092
43	200.00000	9.79092
43	400.00000	9.79092
43	600.00000	9.79092
43	800.00000	9.79092
43	1000.00000	10.33561
43	1200.00000	10.33561
43	1400.00000	10.33561
43	1600.00000	10.33561
43	1800.00000	10.33561
43	2000.00000	9.71165
43	2200.00000	9.71165
43	2400.00000	9.71165
43	2600.00000	9.71165
43	2800.00000	9.71165
43	3000.00000	8.78423
43	3200.00000	8.78423
43	3400.00000	8.78423
43	3600.00000	8.78423
43	3800.00000	8.78423
43	4000.00000	9.06804
43	4200.00000	9.06804
43	4400.00000	9.06804
43	4600.00000	9.06804
43	4800.00000	9.06804
43	5000.00000	9.40903
43	5200.00000	9.40903
43	5400.00000	9.40903
43	5600.00000	9.40903
43	5800.00000	9.40903
43	6000.00000	9.16283
43	6200.00000	9.16283
43	6400.00000	9.16283
43	6600.00000	9.16283
43	6800.00000	9.16283
43	7000.00000	8.35420
43	7200.00000	8.35420
43	7400.00000	8.35420
43	7600.00000	8.35420
43	7800.00000	8.35420
43	8000.00000	9.15145
43	8200.00000	9.15145
43	8400.00000	9.15145
43	8600.00000	9.15145
43	8800.00000	9.15145
43	9000.00000	8.84834
43	9200.00000	8.84834
43	9400.00000	8.84834
43	9600.00000	8.84834
43	9800.00000	8.84834
43	10000.00000	8.52235
43	10200.00000	8.52235
43	10400.00000	8.52235
43	10600.00000	8.52235
43	10800.00000	8.52235
43	11000.00000	9.95852
43	11200.00000	9.95852
43	11400.00000	9.95852
43	11600.00000	9.95852
43	11800.00000	9.95852
43	12000.00000	9.89595
43	12200.00000	9.89595
43	12400.00000	9.89595
43	12600.00000	9.89595
43	12800.00000	9.89595
43	13000.00000	10.00230
43	13200.00000	10.00230
43	13400.00000	10.00230
43	13600.00000	10.00230
43	13800.00000	10.00230
43	14000.00000	10.57751
43	14200.00000	10.57751
43	14400.00000	10.57751
43	14600.00000	10.57751
43	14800.00000	10.57751
43	15000.00000	10.84081
43	15200.00000	10.84081
43	15400.00000	10.84081
43	15600.00000	10.84081
43	15800.00000	9.10219
43	16000.00000	9.10219
43	16200.00000	9.10219
43	16400.00000	9.10219
43	16600.00000	9.10219
43	16800.00000	9.56804
43	17000.00000	9.56804
43	17200.00000	9.56804
43	17400.00000	9.56804
43	17600.00000	9.56804
43	17800.00000	10.39537
43	18000.00000	10.39537
43	18200.00000	10.39537
43	18400.00000	10.39537
43	18600.00000	10.39537
43	18800.00000	10.74691
43	19000.00000	10.74691
43	19200.00000	10.74691
43	19400.00000	10.74691
43	19600.00000	10.74691
43	19800.00000	10.65174
43	20000.00000	10.65174
44	0.00000	9.89452
44	200.00000	9.89452
44	400.00000	9.89452
44	600.00000	9.89452
44	800.00000	9.89452
44	1000.00000	9.96722
44	1200.00000	9.96722
44	1400.00000	9.96722
44	1600.00000	9.96722
44	1800.00000	9.96722
44	2000.00000	9.36935
44	2200.00000	9.36935
44	2400.00000	9.36935
44	2600.00000	9.36935
44	2800.00000	9.36935
44	3000.00000	9.08182
44	3200.00000	9.08182
44	3400.00000	9.08182
44	3600.00000	9.08182
44	3800.00000	9.08182
44	4000.00000	9.45687
44	4200.00000	9.45687
44	4400.00000	9.45687
44	4600.00000	9.45687
44	4800.00000	9.45687
44	5000.00000	9.43895
44	5200.00000	9.43895
44	5400.00000	9.43895
44	5600.00000	9.43895
44	5800.00000	9.43895
44	6000.00000	8.86642
44	6200.00000	8.86642
44	6400.00000	8.86642
44	6600.00000	8.86642
44	6800.00000	8.86642
44	7000.00000	9.05007
44	7200.00000	9.05007
44	7400.00000	9.05007
44	7600.00000	9.05007
44	7800.00000	9.05007
44	8000.00000	8.80100
44	8200.00000	8.80100
44	8400.00000	8.80100
44	8600.00000	8.80100
44	8800.00000	8.80100
44	9000.00000	8.67612
44	9200.00000	8.67612
44	9400.00000	8.67612
44	9600.00000	8.67612
44	9800.00000	8.67612
44	10000.00000	9.23083
44	10200.00000	9.23083
44	10400.00000	9.23083
44	10600.00000	9.23083
44	10800.00000	9.23083
44	11000.00000	9.91201
44	11200.00000	9.91201
44	11400.00000	9.91201
44	11600.00000	9.91201
44	11800.00000	9.91201
44	12000.00000	9.93697
44	12200.00000	9.93697
44	12400.00000	9.93697
44	12600.00000	9.93697
44	12800.00000	9.93697
44	13000.00000	9.69908
44	13200.00000	9.69908
44	13400.00000	9.69908
44	13600.00000	9.69908
44	13800.00000	9.69908
44	14000.00000	8.75997
44	14200.00000	8.75997
44	14400.00000	8.75997
44	14600.00000	8.75997
44	14800.00000	8.75997
44	15000.00000	9.35035
44	15200.00000	9.35035
44	15400.00000	9.35035
44	15600.00000	9.35035
44	15800.00000	9.26253
44	16000.00000	9.26253
44	16200.00000	9.26253
44	16400.00000	9.26253
44	16600.00000	9.26253
44	16800.00000	9.78000
44	17000.00000	9.78000
44	17200.00000	9.78000
44	17400.00000	9.78000
44	17600.00000	9.78000
44	17800.00000	9.27090
44	18000.00000	9.27090
44	18200.00000	9.27090
44	18400.00000	9.27090
44	18600.00000	9.27090
44	18800.00000	9.03943
44	19000.00000	9.03943
44	19200.00000	9.03943
44	19400.00000	9.03943
44	19600.00000	9.03943
44	19800.00000	9.10921
44	20000.00000	9.10921
45	0.00000	9.82598
45	200.00000	9.82598
45	400.00000	9.82598
45	600.00000	9.82598
45	800.00000	9.82598
45	1000.00000	10.28332
45	1200.00000	10.28332
45	1400.00000	10.28332
45	1600.00000	10.28332
45	1800.00000	10.28332
45	2000.00000	9.79513
45	2200.00000	9.79513
45	2400.00000	9.79513
45	2600.00000	9.79513
45	2800.00000	9.79513
45	3000.00000	9.02779
45	3200.00000	9.02779
45	3400.00000	9.02779
45	3600.00000	9.02779
45	3800.00000	9.02779
45	4000.00000	9.25495
45	4200.00000	9.25495
45	4400.00000	9.25495
45	4600.00000	9.25495
45	4800.00000	9.25495
45	5000.00000	9.05420
45	5200.00000	9.05420
45	5400.00000	9.05420
45	5600.00000	9.05420
45	5800.00000	9.05420
45	6000.00000	9.07570
45	6200.00000	9.07570
45	6400.00000	9.07570
45	6600.00000	9.07570
45	6800.00000	9.07570
45	7000.00000	9.48534
45	7200.00000	9.48534
45	7400.00000	9.48534
45	7600.00000	9.48534
45	7800.00000	9.48534
45	8000.00000	9.95174
45	8200.00000	9.95174
45	8400.00000	9.95174
45	8600.00000	9.95174
45	8800.00000	9.95174
45	9000.00000	9.91630
45	9200.00000	9.91630
45	9400.00000	9.91630
45	9600.00000	9.91630
45	9800.00000	9.91630
45	10000.00000	9.11503
45	10200.00000	9.11503
45	10400.00000	9.11503
45	10600.00000	9.11503
45	10800.00000	9.11503
45	11000.00000	9.94432
45	11200.00000	9.94432
45	11400.00000	9.94432
45	11600.00000	9.94432
45	11800.00000	9.94432
45	12000.00000	9.46487
45	12200.00000	9.46487
45	12400.00000	9.46487
45	12600.00000	9.46487
45	12800.00000	9.46487
45	13000.00000	9.36772
45	13200.00000	9.36772
45	13400.00000	9.36772
45	13600.00000	9.36772
45	13800.00000	9.36772
45	14000.00000	9.68003
45	14200.00000	9.68003
45	14400.00000	9.68003
45	14600.00000	9.68003
45	14800.00000	9.68003
45	15000.00000	9.16870
45	15200.00000	9.16870
45	15400.00000	9.16870
45	15600.00000	9.16870
45	15800.00000	9.15114
45	16000.00000	9.15114
45	16200.00000	9.15114
45	16400.00000	9.15114
45	16600.00000	9.15114
45	16800.00000	8.96184
45	17000.00000	8.96184
45	17200.00000	8.96184
45	17400.00000	8.96184
45	17600.00000	8.96184
45	17800.00000	9.05010
45	18000.00000	9.05010
45	18200.00000	9.05010
45	18400.00000	9.05010
45	18600.00000	9.05010
45	18800.00000	9.82541
45	19000.00000	9.82541
45	19200.00000	9.82541
45	19400.00000	9.82541
45	19600.00000	9.82541
45	19800.00000	9.56081
45	20000.00000	9.56081
46	0.00000	9.90266
46	200.00000	9.90266
46	400.00000	9.90266
46	600.00000	9.90266
46	800.00000	9.90266
46	1000.00000	10.23405
46	1200.00000	10.23405
46	1400.00000	10.23405
46	1600.00000	10.23405
46	1800.00000	10.23405
46	2000.00000	9.23237
46	2200.00000	9.23237
46	2400.00000	9.23237
46	2600.00000	9.23237
46	2800.00000	9.23237
46	3000.00000	8.83046
46	3200.00000	8.83046
46	3400.00000	8.83046
46	3600.00000	8.83046
46	3800.00000	8.83046
46	4000.00000	8.95305
46	4200.00000	8.95305
46	4400.00000	8.95305
46	4600.00000	8.95305
46	4800.00000	8.95305
46	5000.00000	8.90436
46	5200.00000	8.90436
46	5400.00000	8.90436
46	5600.00000	8.90436
46	5800.00000	8.90436
46	6000.00000	9.25739
46	6200.00000	9.25739
46	6400.00000	9.25739
46	6600.00000	9.25739
46	6800.00000	9.25739
46	7000.00000	9.25822
46	7200.00000	9.25822
46	7400.00000	9.25822
46	7600.00000	9.25822
46	7800.00000	9.25822
46	8000.00000	9.62548
46	8200.00000	9.62548
46	8400.00000	9.62548
46	8600.00000	9.62548
46	8800.00000	9.62548
46	9000.00000	8.72325
46	9200.00000	8.72325
46	9400.00000	8.72325
46	9600.00000	8.72325
46	9800.00000	8.72325
46	10000.00000	8.47445
46	10200.00000	8.47445
46	10400.00000	8.47445
46	10600.00000	8.47445
46	10800.00000	8.47445
46	11000.00000	9.19625
46	11200.00000	9.19625
46	11400.00000	9.19625
46	11600.00000	9.19625
46	11800.00000	9.19625
46	12000.00000	9.50178
46	12200.00000	9.50178
46	12400.00000	9.50178
46	12600.00000	9.50178
46	12800.00000	9.50178
46	13000.00000	8.87736
46	13200.00000	8.87736
46	13400.00000	8.87736
46	13600.00000	8.87736
46	13800.00000	8.87736
46	14000.00000	9.13803
46	14200.00000	9.13803
46	14400.00000	9.13803
46	14600.00000	9.13803
46	14800.00000	9.13803
46	15000.00000	9.27143
46	15200.00000	9.27143
46	15400.00000	9.27143
46	15600.00000	9.27143
46	15800.00000	9.49550
46	16000.00000	9.49550
46	16200.00000	9.49550
46	16400.00000	9.49550
46	16600.00000	9.49550
46	16800.00000	9.18086
46	17000.00000	9.18086
46	17200.00000	9.18086
46	17400.00000	9.18086
46	17600.00000	9.18086
46	17800.00000	8.81548
46	18000.00000	8.81548
46	18200.00000	8.81548
46	18400.00000	8.81548
46	18600.00000	8.81548
46	18800.00000	9.03819
46	19000.00000	9.03819
46	19200.00000	9.03819
46	19400.00000	9.03819
46	19600.00000	9.03819
46	19800.00000	8.67401
46	20000.00000	8.67401
47	0.00000	9.83567
47	200.00000	9.83567
47	400.00000	9.83567
47	600.00000	9.83567
47	800.00000	9.83567
47	1000.00000	10.36962
47	1200.00000	10.36962
47	1400.00000	10.36962
47	1600.00000	10.36962
47	1800.00000	10.36962
47	2000.00000	9.46870
47	2200.00000	9.46870
47	2400.00000	9.46870
47	2600.00000	9.46870
47	2800.00000	9.46870
47	3000.00000	8.79266
47	3200.00000	8.79266
47	3400.00000	8.79266
47	3600.00000	8.79266
47	3800.00000	8.79266
47	4000.00000	9.37135
47	4200.00000	9.37135
47	4400.00000	9.37135
47	4600.00000	9.37135
47	4800.00000	9.37135
47	5000.00000	9.08051
47	5200.00000	9.08051
47	5400.00000	9.08051
47	5600.00000	9.08051
47	5800.00000	9.08051
47	6000.00000	9.14815
47	6200.00000	9.14815
47	6400.00000	9.14815
47	6600.00000	9.14815
47	6800.00000	9.14815
47	7000.00000	8.79439
47	7200.00000	8.79439
47	7400.00000	8.79439
47	7600.00000	8.79439
47	7800.00000	8.79439
47	8000.00000	9.39438
47	8200.00000	9.39438
47	8400.00000	9.39438
47	8600.00000	9.39438
47	8800.00000	9.39438
47	9000.00000	8.59434
47	9200.00000	8.59434
47	9400.00000	8.59434
47	9600.00000	8.59434
47	9800.00000	8.59434
47	10000.00000	8.97751
47	10200.00000	8.97751
47	10400.00000	8.97751
47	10600.00000	8.97751
47	10800.00000	8.97751
47	11000.00000	9.20446
47	11200.00000	9.20446
47	11400.00000	9.20446
47	11600.00000	9.20446
47	11800.00000	9.20446
47	12000.00000	9.05297
47	12200.00000	9.05297
47	12400.00000	9.05297
47	12600.00000	9.05297
47	12800.00000	9.05297
47	13000.00000	9.30111
47	13200.00000	9.30111
47	13400.00000	9.30111
47	13600.00000	9.30111
47	13800.00000	9.30111
47	14000.00000	9.66687
47	14200.00000	9.66687
47	14400.00000	9.66687
47	14600.00000	9.66687
47	14800.00000	9.66687
47	15000.00000	9.58738
47	15200.00000	9.58738
47	15400.00000	9.58738
47	15600.00000	9.58738
47	15800.00000	9.39345
47	16000.00000	9.39345
47	16200.00000	9.39345
47	16400.00000	9.39345
47	16600.00000	9.39345
47	16800.00000	9.57855
47	17000.00000	9.57855
47	17200.00000	9.57855
47	17400.00000	9.57855
47	17600.00000	9.57855
47	17800.00000	9.46937
47	18000.00000	9.46937
47	18200.00000	9.46937
47	18400.00000	9.46937
47	18600.00000	9.46937
47	18800.00000	9.43409
47	19000.00000	9.43409
47	19200.00000	9.43409
47	19400.00000	9.43409
47	19600.00000	9.43409
47	19800.00000	8.97235
47	20000.00000	8.97235
48	0.00000	9.82252
48	200.00000	9.82252
48	400.00000	9.82252
48	600.00000	9.82252
48	800.00000	9.82252
48	1000.00000	9.96184
48	1200.00000	9.96184
48	1400.00000	9.96184
48	1600.00000	9.96184
48	1800.00000	9.96184
48	2000.00000	9.63944
48	2200.00000	9.63944
48	2400.00000	9.63944
48	2600.00000	9.63944
48	2800.00000	9.63944
48	3000.00000	9.00079
48	3200.00000	9.00079
48	3400.00000	9.00079
48	3600.00000	9.00079
48	3800.00000	9.00079
48	4000.00000	9.06155
48	4200.00000	9.06155
48	4400.00000	9.06155
48	4600.00000	9.06155
48	4800.00000	9.06155
48	5000.00000	8.87876
48	5200.00000	8.87876
48	5400.00000	8.87876
48	5600.00000	8.87876
48	5800.00000	8.87876
48	6000.00000	8.75622
48	6200.00000	8.75622
48	6400.00000	8.75622
48	6600.00000	8.75622
48	6800.00000	8.75622
48	7000.00000	8.75144
48	7200.00000	8.75144
48	7400.00000	8.75144
48	7600.00000	8.75144
48	7800.00000	8.75144
48	8000.00000	8.46944
48	8200.00000	8.46944
48	8400.00000	8.46944
48	8600.00000	8.46944
48	8800.00000	8.46944
48	9000.00000	8.75935
48	9200.00000	8.75935
48	9400.00000	8.75935
48	9600.00000	8.75935
48	9800.00000	8.75935
48	10000.00000	9.11838
48	10200.00000	9.11838
48	10400.00000	9.11838
48	10600.00000	9.11838
48	10800.00000	9.11838
48	11000.00000	9.18526
48	11200.00000	9.18526
48	11400.00000	9.18526
48	11600.00000	9.18526
48	11800.00000	9.18526
48	12000.00000	9.02197
48	12200.00000	9.02197
48	12400.00000	9.02197
48	12600.00000	9.02197
48	12800.00000	9.02197
48	13000.00000	8.89405
48	13200.00000	8.89405
48	13400.00000	8.89405
48	13600.00000	8.89405
48	13800.00000	8.89405
48	14000.00000	9.03389
48	14200.00000	9.03389
48	14400.00000	9.03389
48	14600.00000	9.03389
48	14800.00000	9.03389
48	15000.00000	8.96747
48	15200.00000	8.96747
48	15400.00000	8.96747
48	15600.00000	8.96747
48	15800.00000	9.58278
48	16000.00000	9.58278
48	16200.00000	9.58278
48	16400.00000	9.58278
48	16600.00000	9.58278
48	16800.00000	9.87572
48	17000.00000	9.87572
48	17200.00000	9.87572
48	17400.00000	9.87572
48	17600.00000	9.87572
48	17800.00000	10.10205
48	18000.00000	10.10205
48	18200.00000	10.10205
48	18400.00000	10.10205
48	18600.00000	10.10205
48	18800.00000	10.60766
48	19000.00000	10.60766
48	19200.00000	10.60766
48	19400.00000	10.60766
48	19600.00000	10.60766
48	19800.00000	10.26551
48	20000.00000	10.26551
49	0.00000	9.93669
49	200.00000	9.93669
49	400.00000	9.93669
49	600.00000	9.93669
49	800.00000	9.93669
49	1000.00000	10.17887
49	1200.00000	10.17887
49	1400.00000	10.17887
49	1600.00000	10.17887
49	1800.00000	10.17887
49	2000.00000	9.55643
49	2200.00000	9.55643
49	2400.00000	9.55643
49	2600.00000	9.55643
49	2800.00000	9.55643
49	3000.00000	8.76133
49	3200.00000	8.76133
49	3400.00000	8.76133
49	3600.00000	8.76133
49	3800.00000	8.76133
49	4000.00000	9.10514
49	4200.00000	9.10514
49	4400.00000	9.10514
49	4600.00000	9.10514
49	4800.00000	9.10514
49	5000.00000	9.14402
49	5200.00000	9.14402
49	5400.00000	9.14402
49	5600.00000	9.14402
49	5800.00000	9.14402
49	6000.00000	8.85057
49	6200.00000	8.85057
49	6400.00000	8.85057
49	6600.00000	8.85057
49	6800.00000	8.85057
49	7000.00000	9.00318
49	7200.00000	9.00318
49	7400.00000	9.00318
49	7600.00000	9.00318
49	7800.00000	9.00318
49	8000.00000	8.62630
49	8200.00000	8.62630
49	8400.00000	8.62630
49	8600.00000	8.62630
49	8800.00000	8.62630
49	9000.00000	8.24394
49	9200.00000	8.24394
49	9400.00000	8.24394
49	9600.00000	8.24394
49	9800.00000	8.24394
49	10000.00000	9.37170
49	10200.00000	9.37170
49	10400.00000	9.37170
49	10600.00000	9.37170
49	10800.00000	9.37170
49	11000.00000	9.12180
49	11200.00000	9.12180
49	11400.00000	9.12180
49	11600.00000	9.12180
49	11800.00000	9.12180
49	12000.00000	9.56008
49	12200.00000	9.56008
49	12400.00000	9.56008
49	12600.00000	9.56008
49	12800.00000	9.56008
49	13000.00000	9.52388
49	13200.00000	9.52388
49	13400.00000	9.52388
49	13600.00000	9.52388
49	13800.00000	9.52388
49	14000.00000	9.20335
49	14200.00000	9.20335
49	14400.00000	9.20335
49	14600.00000	9.20335
49	14800.00000	9.20335
49	15000.00000	9.31741
49	15200.00000	9.31741
49	15400.00000	9.31741
49	15600.00000	9.31741
49	15800.00000	9.15334
49	16000.00000	9.15334
49	16200.00000	9.15334
49	16400.00000	9.15334
49	16600.00000	9.15334
49	16800.00000	9.38092
49	17000.00000	9.38092
49	17200.00000	9.38092
49	17400.00000	9.38092
49	17600.00000	9.38092
49	17800.00000	9.34854
49	18000.00000	9.34854
49	18200.00000	9.34854
49	18400.00000	9.34854
49	18600.00000	9.34854
49	18800.00000	9.18440
49	19000.00000	9.18440
49	19200.00000	9.18440
49	19400.00000	9.18440
49	19600.00000	9.18440
49	19800.00000	8.94623
49	20000.00000	8.94623
50	0.00000	10.05305
50	200.00000	10.05305
50	400.00000	10.05305
50	600.00000	10.05305
50	800.00000	10.05305
50	1000.00000	10.00607
50	1200.00000	10.00607
50	1400.00000	10.00607
50	1600.00000	10.00607
50	1800.00000	10.00607
50	2000.00000	9.47622
50	2200.00000	9.47622
50	2400.00000	9.47622
50	2600.00000	9.47622
50	2800.00000	9.47622
50	3000.00000	8.74722
50	3200.00000	8.74722
50	3400.00000	8.74722
50	3600.00000	8.74722
50	3800.00000	8.74722
50	4000.00000	9.35203
50	4200.00000	9.35203
50	4400.00000	9.35203
50	4600.00000	9.35203
50	4800.00000	9.35203
50	5000.00000	9.14916
50	5200.00000	9.14916
50	5400.00000	9.14916
50	5600.00000	9.14916
50	5800.00000	9.14916
50	6000.00000	9.24142
50	6200.00000	9.24142
50	6400.00000	9.24142
50	6600.00000	9.24142
50	6800.00000	9.24142
50	7000.00000	9.31631
50	7200.00000	9.31631
50	7400.00000	9.31631
50	7600.00000	9.31631
50	7800.00000	9.31631
50	8000.00000	9.18293
50	8200.00000	9.18293
50	8400.00000	9.18293
50	8600.00000	9.18293
50	8800.00000	9.18293
50	9000.00000	9.47860
50	9200.00000	9.47860
50	9400.00000	9.47860
50	9600.00000	9.47860
50	9800.00000	9.47860
50	10000.00000	8.77637
50	10200.00000	8.77637
50	10400.00000	8.77637
50	10600.00000	8.77637
50	10800.00000	8.77637
50	11000.00000	8.73709
50	11200.00000	8.73709
50	11400.00000	8.73709
50	11600.00000	8.73709
50	11800.00000	8.73709
50	12000.00000	8.91170
50	12200.00000	8.91170
50	12400.00000	8.91170
50	12600.00000	8.91170
50	12800.00000	8.91170
50	13000.00000	9.59636
50	13200.00000	9.59636
50	13400.00000	9.59636
50	13600.00000	9.59636
50	13800.00000	9.59636
50	14000.00000	9.59486
50	14200.00000	9.59486
50	14400.00000	9.59486
50	14600.00000	9.59486
50	14800.00000	9.59486
50	15000.00000	9.29182
50	15200.00000	9.29182
50	15400.00000	9.29182
50	15600.00000	9.29182
50	15800.00000	9.62724
50	16000.00000	9.62724
50	16200.00000	9.62724
50	16400.00000	9.62724
50	16600.00000	9.62724
50	16800.00000	9.36184
50	17000.00000	9.36184
50	17200.00000	9.36184
50	17400.00000	9.36184
50	17600.00000	9.36184
50	17800.00000	9.46474
50	18000.00000	9.46474
50	18200.00000	9.46474
50	18400.00000	9.46474
50	18600.00000	9.46474
50	18800.00000	9.83190
50	19000.00000	9.83190
50	19200.00000	9.83190
50	19400.00000	9.83190
50	19600.00000	9.83190
50	19800.00000	9.24975
50	20000.00000	9.24975
51	0.00000	10.10932
51	200.00000	10.10932
51	400.00000	10.10932
51	600.00000	10.10932
51	800.00000	10.10932
51	1000.00000	10.21487
51	1200.00000	10.21487
51	1400.00000	10.21487
51	1600.00000	10.21487
51	1800.00000	10.21487
51	2000.00000	9.49178
51	2200.00000	9.49178
51	2400.00000	9.49178
51	2600.00000	9.49178
51	2800.00000	9.49178
51	3000.00000	8.80642
51	3200.00000	8.80642
51	3400.00000	8.80642
51	3600.00000	8.80642
51	3800.00000	8.80642
51	4000.00000	8.82632
51	4200.00000	8.82632
51	4400.00000	8.82632
51	4600.00000	8.82632
51	4800.00000	8.82632
51	5000.00000	8.62035
51	5200.00000	8.62035
51	5400.00000	8.62035
51	5600.00000	8.62035
51	5800.00000	8.62035
51	6000.00000	9.00101
51	6200.00000	9.00101
51	6400.00000	9.00101
51	6600.00000	9.00101
51	6800.00000	9.00101
51	7000.00000	9.38458
51	7200.00000	9.38458
51	7400.00000	9.38458
51	7600.00000	9.38458
51	7800.00000	9.38458
51	8000.00000	9.19222
51	8200.00000	9.19222
51	8400.00000	9.19222
51	8600.00000	9.19222
51	8800.00000	9.19222
51	9000.00000	9.91765
51	9200.00000	9.91765
51	9400.00000	9.91765
51	9600.00000	9.91765
51	9800.00000	9.91765
51	10000.00000	9.86112
51	10200.00000	9.86112
51	10400.00000	9.86112
51	10600.00000	9.86112
51	10800.00000	9.86112
51	11000.00000	9.18307
51	11200.00000	9.18307
51	11400.00000	9.18307
51	11600.00000	9.18307
51	11800.00000	9.18307
51	12000.00000	9.28036
51	12200.00000	9.28036
51	12400.00000	9.28036
51	12600.00000	9.28036
51	12800.00000	9.28036
51	13000.00000	9.19966
51	13200.00000	9.19966
51	13400.00000	9.19966
51	13600.00000	9.19966
51	13800.00000	9.19966
51	14000.00000	9.47449
51	14200.00000	9.47449
51	14400.00000	9.47449
51	14600.00000	9.47449
51	14800.00000	9.47449
51	15000.00000	9.50105
51	15200.00000	9.50105
51	15400.00000	9.50105
51	15600.00000	9.50105
51	15800.00000	9.09277
51	16000.00000	9.09277
51	16200.00000	9.09277
51	16400.00000	9.09277
51	16600.00000	9.09277
51	16800.00000	9.44865
51	17000.00000	9.44865
51	17200.00000	9.44865
51	17400.00000	9.44865
51	17600.00000	9.44865
51	17800.00000	8.97912
51	18000.00000	8.97912
51	18200.00000	8.97912
51	18400.00000	8.97912
51	18600.00000	8.97912
51	18800.00000	9.68236
51	19000.00000	9.68236
51	19200.00000	9.68236
51	19400.00000	9.68236
51	19600.00000	9.68236
51	19800.00000	9.60473
51	20000.00000	9.60473
52	0.00000	9.85927
52	200.00000	9.85927
52	400.00000	9.85927
52	600.00000	9.85927
52	800.00000	9.85927
52	1000.00000	10.14072
52	1200.00000	10.14072
52	1400.00000	10.14072
52	1600.00000	10.14072
52	1800.00000	10.14072
52	2000.00000	9.45634
52	2200.00000	9.45634
52	2400.00000	9.45634
52	2600.00000	9.45634
52	2800.00000	9.45634
52	3000.00000	9.21159
52	3200.00000	9.21159
52	3400.00000	9.21159
52	3600.00000	9.21159
52	3800.00000	9.21159
52	4000.00000	9.09175
52	4200.00000	9.09175
52	4400.00000	9.09175
52	4600.00000	9.09175
52	4800.00000	9.09175
52	5000.00000	9.03309
52	5200.00000	9.03309
52	5400.00000	9.03309
52	5600.00000	9.03309
52	5800.00000	9.03309
52	6000.00000	9.02315
52	6200.00000	9.02315
52	6400.00000	9.02315
52	6600.00000	9.02315
52	6800.00000	9.02315
52	7000.00000	8.92247
52	7200.00000	8.92247
52	7400.00000	8.92247
52	7600.00000	8.92247
52	7800.00000	8.92247
52	8000.00000	9.54761
52	8200.00000	9.54761
52	8400.00000	9.54761
52	8600.00000	9.54761
52	8800.00000	9.54761
52	9000.00000	9.44397
52	9200.00000	9.44397
52	9400.00000	9.44397
52	9600.00000	9.44397
52	9800.00000	9.44397
52	10000.00000	9.39838
52	10200.00000	9.39838
52	10400.00000	9.39838
52	10600.00000	9.39838
52	10800.00000	9.39838
52	11000.00000	9.25469
52	11200.00000	9.25469
52	11400.00000	9.25469
52	11600.00000	9.25469
52	11800.00000	9.25469
52	12000.00000	9.31051
52	12200.00000	9.31051
52	12400.00000	9.31051
52	12600.00000	9.31051
52	12800.00000	9.31051
52	13000.00000	9.20426
52	13200.00000	9.20426
52	13400.00000	9.20426
52	13600.00000	9.20426
52	13800.00000	9.20426
52	14000.00000	9.10380
52	14200.00000	9.10380
52	14400.00000	9.10380
52	14600.00000	9.10380
52	14800.00000	9.10380
52	15000.00000	9.82165
52	15200.00000	9.82165
52	15400.00000	9.82165
52	15600.00000	9.82165
52	15800.00000	9.75245
52	16000.00000	9.75245
52	16200.00000	9.75245
52	16400.00000	9.75245
52	16600.00000	9.75245
52	16800.00000	9.58564
52	17000.00000	9.58564
52	17200.00000	9.58564
52	17400.00000	9.58564
52	17600.00000	9.58564
52	17800.00000	9.62723
52	18000.00000	9.62723
52	18200.00000	9.62723
52	18400.00000	9.62723
52	18600.00000	9.62723
52	18800.00000	9.19696
52	19000.00000	9.19696
52	19200.00000	9.19696
52	19400.00000	9.19696
52	19600.00000	9.19696
52	19800.00000	9.03547
52	20000.00000	9.03547
53	0.00000	9.85406
53	200.00000	9.85406
53	400.00000	9.85406
53	600.00000	9.85406
53	800.00000	9.85406
53	1000.00000	10.17378
53	1200.00000	10.17378
53	1400.00000	10.17378
53	1600.00000	10.17378
53	1800.00000	10.17378
53	2000.00000	9.24601
53	2200.00000	9.24601
53	2400.00000	9.24601
53	2600.00000	9.24601
53	2800.00000	9.24601
53	3000.00000	9.14930
53	3200.00000	9.14930
53	3400.00000	9.14930
53	3600.00000	9.14930
53	3800.00000	9.14930
53	4000.00000	9.31934
53	4200.00000	9.31934
53	4400.00000	9.31934
53	4600.00000	9.31934
53	4800.00000	9.31934
53	5000.00000	9.34082
53	5200.00000	9.34082
53	5400.00000	9.34082
53	5600.00000	9.34082
53	5800.00000	9.34082
53	6000.00000	9.15612
53	6200.00000	9.15612
53	6400.00000	9.15612
53	6600.00000	9.15612
53	6800.00000	9.15612
53	7000.00000	9.08472
53	7200.00000	9.08472
53	7400.00000	9.08472
53	7600.00000	9.08472
53	7800.00000	9.08472
53	8000.00000	8.28583
53	8200.00000	8.28583
53	8400.00000	8.28583
53	8600.00000	8.28583
53	8800.00000	8.28583
53	9000.00000	8.33071
53	9200.00000	8.33071
53	9400.00000	8.33071
53	9600.00000	8.33071
53	9800.00000	8.33071
53	10000.00000	8.63888
53	10200.00000	8.63888
53	10400.00000	8.63888
53	10600.00000	8.63888
53	10800.00000	8.63888
53	11000.00000	8.52618
53	11200.00000	8.52618
53	11400.00000	8.52618
53	11600.00000	8.52618
53	11800.00000	8.52618
53	12000.00000	9.21209
53	12200.00000	9.21209
53	12400.00000	9.21209
53	12600.00000	9.21209
53	12800.00000	9.21209
53	13000.00000	9.24437
53	13200.00000	9.24437
53	13400.00000	9.24437
53	13600.00000	9.24437
53	13800.00000	9.24437
53	14000.00000	9.91560
53	14200.00000	9.91560
53	14400.00000	9.91560
53	14600.00000	9.91560
53	14800.00000	9.91560
53	15000.00000	10.24518
53	15200.00000	10.24518
53	15400.00000	10.24518
53	15600.00000	10.24518
53	15800.00000	10.13919
53	16000.00000	10.13919
53	16200.00000	10.13919
53	16400.00000	10.13919
53	16600.00000	10.13919
53	16800.00000	9.77029
53	17000.00000	9.77029
53	17200.00000	9.77029
53	17400.00000	9.77029
53	17600.00000	9.77029
53	17800.00000	10.10364
53	18000.00000	10.10364
53	18200.00000	10.10364
53	18400.00000	10.10364
53	18600.00000	10.10364
53	18800.00000	9.40010
53	19000.00000	9.40010
53	19200.00000	9.40010
53	19400.00000	9.40010
53	19600.00000	9.40010
53	19800.00000	9.79566
53	20000.00000	9.79566
54	0.00000	9.93187
54	200.00000	9.93187
54	400.00000	9.93187
54	600.00000	9.93187
54	800.00000	9.93187
54	1000.00000	10.14389
54	1200.00000	10.14389
54	1400.00000	10.14389
54	1600.00000	10.14389
54	1800.00000	10.14389
54	2000.00000	9.32694
54	2200.00000	9.32694
54	2400.00000	9.32694
54	2600.00000	9.32694
54	2800.00000	9.32694
54	3000.00000	9.28122
54	3200.00000	9.28122
54	3400.00000	9.28122
54	3600.00000	9.28122
54	3800.00000	9.28122
54	4000.00000	9.21236
54	4200.00000	9.21236
54	4400.00000	9.21236
54	4600.00000	9.21236
54	4800.00000	9.21236
54	5000.00000	8.98577
54	5200.00000	8.98577
54	5400.00000	8.98577
54	5600.00000	8.98577
54	5800.00000	8.98577
54	6000.00000	9.27612
54	6200.00000	9.27612
54	6400.00000	9.27612
54	6600.00000	9.27612
54	6800.00000	9.27612
54	7000.00000	8.92189
54	7200.00000	8.92189
54	7400.00000	8.92189
54	7600.00000	8.92189
54	7800.00000	8.92189
54	8000.00000	9.10792
54	8200.00000	9.10792
54	8400.00000	9.10792
54	8600.00000	9.10792
54	8800.00000	9.10792
54	9000.00000	9.33454
54	9200.00000	9.33454
54	9400.00000	9.33454
54	9600.00000	9.33454
54	9800.00000	9.33454
54	10000.00000	9.30172
54	10200.00000	9.30172
54	10400.00000	9.30172
54	10600.00000	9.30172
54	10800.00000	9.30172
54	11000.00000	9.56446
54	11200.00000	9.56446
54	11400.00000	9.56446
54	11600.00000	9.56446
54	11800.00000	9.56446
54	12000.00000	9.42485
54	12200.00000	9.42485
54	12400.00000	9.42485
54	12600.00000	9.42485
54	12800.00000	9.42485
54	13000.00000	9.38834
54	13200.00000	9.38834
54	13400.00000	9.38834
54	13600.00000	9.38834
54	13800.00000	9.38834
54	14000.00000	9.17921
54	14200.00000	9.17921
54	14400.00000	9.17921
54	14600.00000	9.17921
54	14800.00000	9.17921
54	15000.00000	9.42999
54	15200.00000	9.42999
54	15400.00000	9.42999
54	15600.00000	9.42999
54	15800.00000	9.64970
54	16000.00000	9.64970
54	16200.00000	9.64970
54	16400.00000	9.64970
54	16600.00000	9.64970
54	16800.00000	10.12906
54	17000.00000	10.12906
54	17200.00000	10.12906
54	17400.00000	10.12906
54	17600.00000	10.12906
54	17800.00000	10.11893
54	18000.00000	10.11893
54	18200.00000	10.11893
54	18400.00000	10.11893
54	18600.00000	10.11893
54	18800.00000	9.66083
54	19000.00000	9.66083
54	19200.00000	9.66083
54	19400.00000	9.66083
54	19600.00000	9.66083
54	19800.00000	9.82772
54	20000.00000	9.82772
55	0.00000	9.86575
55	200.00000	9.86575
55	400.00000	9.86575
55	600.00000	9.86575
55	800.00000	9.86575
55	1000.00000	10.07021
55	1200.00000	10.07021
55	1400.00000	10.07021
55	1600.00000	10.07021
55	1800.00000	10.07021
55	2000.00000	9.69019
55	2200.00000	9.69019
55	2400.00000	9.69019
55	2600.00000	9.69019
55	2800.00000	9.69019
55	3000.00000	8.99522
55	3200.00000	8.99522
55	3400.00000	8.99522
55	3600.00000	8.99522
55	3800.00000	8.99522
55	4000.00000	9.10828
55	4200.00000	9.10828
55	4400.00000	9.10828
55	4600.00000	9.10828
55	4800.00000	9.10828
55	5000.00000	9.26763
55	5200.00000	9.26763
55	5400.00000	9.26763
55	5600.00000	9.26763
55	5800.00000	9.26763
55	6000.00000	9.11619
55	6200.00000	9.11619
55	6400.00000	9.11619
55	6600.00000	9.11619
55	6800.00000	9.11619
55	7000.00000	8.95034
55	7200.00000	8.95034
55	7400.00000	8.95034
55	7600.00000	8.95034
55	7800.00000	8.95034
55	8000.00000	8.84505
55	8200.00000	8.84505
55	8400.00000	8.84505
55	8600.00000	8.84505
55	8800.00000	8.84505
55	9000.00000	8.64972
55	9200.00000	8.64972
55	9400.00000	8.64972
55	9600.00000	8.64972
55	9800.00000	8.64972
55	10000.00000	8.46338
55	10200.00000	8.46338
55	10400.00000	8.46338
55	10600.00000	8.46338
55	10800.00000	8.46338
55	11000.00000	8.56868
55	11200.00000	8.56868
55	11400.00000	8.56868
55	11600.00000	8.56868
55	11800.00000	8.56868
55	12000.00000	9.02406
55	12200.00000	9.02406
55	12400.00000	9.02406
55	12600.00000	9.02406
55	12800.00000	9.02406
55	13000.00000	9.64648
55	13200.00000	9.64648
55	13400.00000	9.64648
55	13600.00000	9.64648
55	13800.00000	9.64648
55	14000.00000	9.32765
55	14200.00000	9.32765
55	14400.00000	9.32765
55	14600.00000	9.32765
55	14800.00000	9.32765
55	15000.00000	9.43181
55	15200.00000	9.43181
55	15400.00000	9.43181
55	15600.00000	9.43181
55	15800.00000	9.60702
55	16000.00000	9.60702
55	16200.00000	9.60702
55	16400.00000	9.60702
55	16600.00000	9.60702
55	16800.00000	9.67746
55	17000.00000	9.67746
55	17200.00000	9.67746
55	17400.00000	9.67746
55	17600.00000	9.67746
55	17800.00000	9.42550
55	18000.00000	9.42550
55	18200.00000	9.42550
55	18400.00000	9.42550
55	18600.00000	9.42550
55	18800.00000	9.52627
55	19000.00000	9.52627
55	19200.00000	9.52627
55	19400.00000	9.52627
55	19600.00000	9.52627
55	19800.00000	9.70866
55	20000.00000	9.70866
56	0.00000	10.08131
56	200.00000	10.08131
56	400.00000	10.08131
56	600.00000	10.08131
56	800.00000	10.08131
56	1000.00000	10.42067
56	1200.00000	10.42067
56	1400.00000	10.42067
56	1600.00000	10.42067
56	1800.00000	10.42067
56	2000.00000	9.46196
56	2200.00000	9.46196
56	2400.00000	9.46196
56	2600.00000	9.46196
56	2800.00000	9.46196
56	3000.00000	9.02849
56	3200.00000	9.02849
56	3400.00000	9.02849
56	3600.00000	9.02849
56	3800.00000	9.02849
56	4000.00000	9.10837
56	4200.00000	9.10837
56	4400.00000	9.10837
56	4600.00000	9.10837
56	4800.00000	9.10837
56	5000.00000	8.77170
56	5200.00000	8.77170
56	5400.00000	8.77170
56	5600.00000	8.77170
56	5800.00000	8.77170
56	6000.00000	8.67339
56	6200.00000	8.67339
56	6400.00000	8.67339
56	6600.00000	8.67339
56	6800.00000	8.67339
56	7000.00000	9.03385
56	7200.00000	9.03385
56	7400.00000	9.03385
56	7600.00000	9.03385
56	7800.00000	9.03385
56	8000.00000	8.73234
56	8200.00000	8.73234
56	8400.00000	8.73234
56	8600.00000	8.73234
56	8800.00000	8.73234
56	9000.00000	9.18122
56	9200.00000	9.18122
56	9400.00000	9.18122
56	9600.00000	9.18122
56	9800.00000	9.18122
56	10000.00000	9.35398
56	10200.00000	9.35398
56	10400.00000	9.35398
56	10600.00000	9.35398
56	10800.00000	9.35398
56	11000.00000	9.89208
56	11200.00000	9.89208
56	11400.00000	9.89208
56	11600.00000	9.89208
56	11800.00000	9.89208
56	12000.00000	10.12683
56	12200.00000	10.12683
56	12400.00000	10.12683
56	12600.00000	10.12683
56	12800.00000	10.12683
56	13000.00000	9.81051
56	13200.00000	9.81051
56	13400.00000	9.81051
56	13600.00000	9.81051
56	13800.00000	9.81051
56	14000.00000	9.66978
56	14200.00000	9.66978
56	14400.00000	9.66978
56	14600.00000	9.66978
56	14800.00000	9.66978
56	15000.00000	9.52763
56	15200.00000	9.52763
56	15400.00000	9.52763
56	15600.00000	9.52763
56	15800.00000	9.56530
56	16000.00000	9.56530
56	16200.00000	9.56530
56	16400.00000	9.56530
56	16600.00000	9.56530
56	16800.00000	9.86651
56	17000.00000	9.86651
56	17200.00000	9.86651
56	17400.00000	9.86651
56	17600.00000	9.86651
56	17800.00000	9.78238
56	18000.00000	9.78238
56	18200.00000	9.78238
56	18400.00000	9.78238
56	18600.00000	9.78238
56	18800.00000	9.40729
56	19000.00000	9.40729
56	19200.00000	9.40729
56	19400.00000	9.40729
56	19600.00000	9.40729
56	19800.00000	9.54558
56	20000.00000	9.54558
57	0.00000	9.82637
57	200.00000	9.82637
57	400.00000	9.82637
57	600.00000	9.82637
57	800.00000	9.82637
57	1000.00000	10.27714
57	1200.00000	10.27714
57	1400.00000	10.27714
57	1600.00000	10.27714
57	1800.00000	10.27714
57	2000.00000	9.19061
57	2200.00000	9.19061
57	2400.00000	9.19061
57	2600.00000	9.19061
57	2800.00000	9.19061
57	3000.00000	9.13801
57	3200.00000	9.13801
57	3400.00000	9.13801
57	3600.00000	9.13801
57	3800.00000	9.13801
57	4000.00000	8.97726
57	4200.00000	8.97726
57	4400.00000	8.97726
57	4600.00000	8.97726
57	4800.00000	8.97726
57	5000.00000	9.11197
57	5200.00000	9.11197
57	5400.00000	9.11197
57	5600.00000	9.11197
57	5800.00000	9.11197
57	6000.00000	9.10596
57	6200.00000	9.10596
57	6400.00000	9.10596
57	6600.00000	9.10596
57	6800.00000	9.10596
57	7000.00000	8.92300
57	7200.00000	8.92300
57	7400.00000	8.92300
57	7600.00000	8.92300
57	7800.00000	8.92300
57	8000.00000	8.67255
57	8200.00000	8.67255
57	8400.00000	8.67255
57	8600.00000	8.67255
57	8800.00000	8.67255
57	9000.00000	8.71645
57	9200.00000	8.71645
57	9400.00000	8.71645
57	9600.00000	8.71645
57	9800.00000	8.71645
57	10000.00000	9.01731
57	10200.00000	9.01731
57	10400.00000	9.01731
57	10600.00000	9.01731
57	10800.00000	9.01731
57	11000.00000	9.73535
57	11200.00000	9.73535
57	11400.00000	9.73535
57	11600.00000	9.73535
57	11800.00000	9.73535
57	12000.00000	10.06084
57	12200.00000	10.06084
57	12400.00000	10.06084
57	12600.00000	10.06084
57	12800.00000	10.06084
57	13000.00000	9.34751
57	13200.00000	9.34751
57	13400.00000	9.34751
57	13600.00000	9.34751
57	13800.00000	9.34751
57	14000.00000	9.01177
57	14200.00000	9.01177
57	14400.00000	9.01177
57	14600.00000	9.01177
57	14800.00000	9.01177
57	15000.00000	8.86001
57	15200.00000	8.86001
57	15400.00000	8.86001
57	15600.00000	8.86001
57	15800.00000	8.52385
57	16000.00000	8.52385
57	16200.00000	8.52385
57	16400.00000	8.52385
57	16600.00000	8.52385
57	16800.00000	8.68911
57	17000.00000	8.68911
57	17200.00000	8.68911
57	17400.00000	8.68911
57	17600.00000	8.68911
57	17800.00000	8.88963
57	18000.00000	8.88963
57	18200.00000	8.88963
57	18400.00000	8.88963
57	18600.00000	8.88963
57	18800.00000	9.02936
57	19000.00000	9.02936
57	19200.00000	9.02936
57	19400.00000	9.02936
57	19600.00000	9.02936
57	19800.00000	9.12597
57	20000.00000	9.12597
58	0.00000	9.88680
58	200.00000	9.88680
58	400.00000	9.88680
58	600.00000	9.88680
58	800.00000	9.88680
58	1000.00000	10.37944
58	1200.00000	10.37944
58	1400.00000	10.37944
58	1600.00000	10.37944
58	1800.00000	10.37944
58	2000.00000	9.35616
58	2200.00000	9.35616
58	2400.00000	9.35616
58	2600.00000	9.35616
58	2800.00000	9.35616
58	3000.00000	9.32081
58	3200.00000	9.32081
58	3400.00000	9.32081
58	3600.00000	9.32081
58	3800.00000	9.32081
58	4000.00000	8.96580
58	4200.00000	8.96580
58	4400.00000	8.96580
58	4600.00000	8.96580
58	4800.00000	8.96580
58	5000.00000	9.07435
58	5200.00000	9.07435
58	5400.00000	9.07435
58	5600.00000	9.07435
58	5800.00000	9.07435
58	6000.00000	9.45025
58	6200.00000	9.45025
58	6400.00000	9.45025
58	6600.00000	9.45025
58	6800.00000	9.45025
58	7000.00000	8.54351
58	7200.00000	8.54351
58	7400.00000	8.54351
58	7600.00000	8.54351
58	7800.00000	8.54351
58	8000.00000	8.53886
58	8200.00000	8.53886
58	8400.00000	8.53886
58	8600.00000	8.53886
58	8800.00000	8.53886
58	9000.00000	8.56779
58	9200.00000	8.56779
58	9400.00000	8.56779
58	9600.00000	8.56779
58	9800.00000	8.56779
58	10000.00000	9.26441
58	10200.00000	9.26441
58	10400.00000	9.26441
58	10600.00000	9.26441
58	10800.00000	9.26441
58	11000.00000	9.44928
58	11200.00000	9.44928
58	11400.00000	9.44928
58	11600.00000	9.44928
58	11800.00000	9.44928
58	12000.00000	9.80211
58	12200.00000	9.80211
58	12400.00000	9.80211
58	12600.00000	9.80211
58	12800.00000	9.80211
58	13000.00000	9.76766
58	13200.00000	9.76766
58	13400.00000	9.76766
58	13600.00000	9.76766
58	13800.00000	9.76766
58	14000.00000	9.68267
58	14200.00000	9.68267
58	14400.00000	9.68267
58	14600.00000	9.68267
58	14800.00000	9.68267
58	15000.00000	9.49698
58	15200.00000	9.49698
58	15400.00000	9.49698
58	15600.00000	9.49698
58	15800.00000	9.48084
58	16000.00000	9.48084
58	16200.00000	9.48084
58	16400.00000	9.48084
58	16600.00000	9.48084
58	16800.00000	9.20410
58	17000.00000	9.20410
58	17200.00000	9.20410
58	17400.00000	9.20410
58	17600.00000	9.20410
58	17800.00000	9.39512
58	18000.00000	9.39512
58	18200.00000	9.39512
58	18400.00000	9.39512
58	18600.00000	9.39512
58	18800.00000	9.08587
58	19000.00000	9.08587
58	19200.00000	9.08587
58	19400.00000	9.08587
58	19600.00000	9.08587
58	19800.00000	8.87936
58	20000.00000	8.87936
59	0.00000	9.86130
59	200.00000	9.86130
59	400.00000	9.86130
59	600.00000	9.86130
59	800.00000	9.86130
59	1000.00000	10.28850
59	1200.00000	10.28850
59	1400.00000	10.28850
59	1600.00000	10.28850
59	1800.00000	10.28850
59	2000.00000	9.63820
59	2200.00000	9.63820
59	2400.00000	9.63820
59	2600.00000	9.63820
59	2800.00000	9.63820
59	3000.00000	9.37358
59	3200.00000	9.37358
59	3400.00000	9.37358
59	3600.00000	9.37358
59	3800.00000	9.37358
59	4000.00000	9.44063
59	4200.00000	9.44063
59	4400.00000	9.44063
59	4600.00000	9.44063
59	4800.00000	9.44063
59	5000.00000	9.20574
59	5200.00000	9.20574
59	5400.00000	9.20574
59	5600.00000	9.20574
59	5800.00000	9.20574
59	6000.00000	8.60877
59	6200.00000	8.60877
59	6400.00000	8.60877
59	6600.00000	8.60877
59	6800.00000	8.60877
59	7000.00000	9.02838
59	7200.00000	9.02838
59	7400.00000	9.02838
59	7600.00000	9.02838
59	7800.00000	9.02838
59	8000.00000	8.45265
59	8200.00000	8.45265
59	8400.00000	8.45265
59	8600.00000	8.45265
59	8800.00000	8.45265
59	9000.00000	9.13654
59	9200.00000	9.13654
59	9400.00000	9.13654
59	9600.00000	9.13654
59	9800.00000	9.13654
59	10000.00000	9.71462
59	10200.00000	9.71462
59	10400.00000	9.71462
59	10600.00000	9.71462
59	10800.00000	9.71462
59	11000.00000	9.76007
59	11200.00000	9.76007
59	11400.00000	9.76007
59	11600.00000	9.76007
59	11800.00000	9.76007
59	12000.00000	9.23001
59	12200.00000	9.23001
59	12400.00000	9.23001
59	12600.00000	9.23001
59	12800.00000	9.23001
59	13000.00000	9.17364
59	13200.00000	9.17364
59	13400.00000	9.17364
59	13600.00000	9.17364
59	13800.00000	9.17364
59	14000.00000	9.23226
59	14200.00000	9.23226
59	14400.00000	9.23226
59	14600.00000	9.23226
59	14800.00000	9.23226
59	15000.00000	9.78264
59	15200.00000	9.78264
59	15400.00000	9.78264
59	15600.00000	9.78264
59	15800.00000	9.72625
59	16000.00000	9.72625
59	16200.00000	9.72625
59	16400.00000	9.72625
59	16600.00000	9.72625
59	16800.00000	9.76874
59	17000.00000	9.76874
59	17200.00000	9.76874
59	17400.00000	9.76874
59	17600.00000	9.76874
59	17800.00000	9.58559
59	18000.00000	9.58559
59	18200.00000	9.58559
59	18400.00000	9.58559
59	18600.00000	9.58559
59	18800.00000	9.62267
59	19000.00000	9.62267
59	19200.00000	9.62267
59	19400.00000	9.62267
59	19600.00000	9.62267
59	19800.00000	10.24385
59	20000.00000	10.24385
60	0.00000	9.95180
60	200.00000	9.95180
60	400.00000	9.95180
60	600.00000	9.95180
60	800.00000	9.95180
60	1000.00000	10.03783
60	1200.00000	10.03783
60	1400.00000	10.03783
60	1600.00000	10.03783
60	1800.00000	10.03783
60	2000.00000	9.56736
60	2200.00000	9.56736
60	2400.00000	9.56736
60	2600.00000	9.56736
60	2800.00000	9.56736
60	3000.00000	9.15230
60	3200.00000	9.15230
60	3400.00000	9.15230
60	3600.00000	9.15230
60	3800.00000	9.15230
60	4000.00000	9.16164
60	4200.00000	9.16164
60	4400.00000	9.16164
60	4600.00000	9.16164
60	4800.00000	9.16164
60	5000.00000	9.60177
60	5200.00000	9.60177
60	5400.00000	9.60177
60	5600.00000	9.60177
60	5800.00000	9.60177
60	6000.00000	9.23736
60	6200.00000	9.23736
60	6400.00000	9.23736
60	6600.00000	9.23736
60	6800.00000	9.23736
60	7000.00000	8.93570
60	7200.00000	8.93570
60	7400.00000	8.93570
60	7600.00000	8.93570
60	7800.00000	8.93570
60	8000.00000	8.68492
60	8200.00000	8.68492
60	8400.00000	8.68492
60	8600.00000	8.68492
60	8800.00000	8.68492
60	9000.00000	9.02406
60	9200.00000	9.02406
60	9400.00000	9.02406
60	9600.00000	9.02406
60	9800.00000	9.02406
60	10000.00000	9.12498
60	10200.00000	9.12498
60	10400.00000	9.12498
60	10600.00000	9.12498
60	10800.00000	9.12498
60	11000.00000	9.25563
60	11200.00000	9.25563
60	11400.00000	9.25563
60	11600.00000	9.25563
60	11800.00000	9.25563
60	12000.00000	9.32290
60	12200.00000	9.32290
60	12400.00000	9.32290
60	12600.00000	9.32290
60	12800.00000	9.32290
60	13000.00000	9.36639
60	13200.00000	9.36639
60	13400.00000	9.36639
60	13600.00000	9.36639
60	13800.00000	9.36639
60	14000.00000	9.54621
60	14200.00000	9.54621
60	14400.00000	9.54621
60	14600.00000	9.54621
60	14800.00000	9.54621
60	15000.00000	9.19479
60	15200.00000	9.19479
60	15400.00000	9.19479
60	15600.00000	9.19479
60	15800.00000	9.00127
60	16000.00000	9.00127
60	16200.00000	9.00127
60	16400.00000	9.00127
60	16600.00000	9.00127
60	16800.00000	9.21767
60	17000.00000	9.21767
60	17200.00000	9.21767
60	17400.00000	9.21767
60	17600.00000	9.21767
60	17800.00000	9.30489
60	18000.00000	9.30489
60	18200.00000	9.30489
60	18400.00000	9.30489
60	18600.00000	9.30489
60	18800.00000	9.35747
60	19000.00000	9.35747
60	19200.00000	9.35747
60	19400.00000	9.35747
60	19600.00000	9.35747
60	19800.00000	9.84980
60	20000.00000	9.84980
61	0.00000	9.86727
61	200.00000	9.86727
61	400.00000	9.86727
61	600.00000	9.86727
61	800.00000	9.86727
61	1000.00000	10.16847
61	1200.00000	10.16847
61	1400.00000	10.16847
61	1600.00000	10.16847
61	1800.00000	10.16847
61	2000.00000	9.61589
61	2200.00000	9.61589
61	2400.00000	9.61589
61	2600.00000	9.61589
61	2800.00000	9.61589
61	3000.00000	9.03830
61	3200.00000	9.03830
61	3400.00000	9.03830
61	3600.00000	9.03830
61	3800.00000	9.03830
61	4000.00000	8.86769
61	4200.00000	8.86769
61	4400.00000	8.86769
61	4600.00000	8.86769
61	4800.00000	8.86769
61	5000.00000	8.72259
61	5200.00000	8.72259
61	5400.00000	8.72259
61	5600.00000	8.72259
61	5800.00000	8.72259
61	6000.00000	8.62308
61	6200.00000	8.62308
61	6400.00000	8.62308
61	6600.00000	8.62308
61	6800.00000	8.62308
61	7000.00000	8.61815
61	7200.00000	8.61815
61	7400.00000	8.61815
61	7600.00000	8.61815
61	7800.00000	8.61815
61	8000.00000	8.70145
61	8200.00000	8.70145
61	8400.00000	8.70145
61	8600.00000	8.70145
61	8800.00000	8.70145
61	9000.00000	9.01367
61	9200.00000	9.01367
61	9400.00000	9.01367
61	9600.00000	9.01367
61	9800.00000	9.01367
61	10000.00000	9.37085
61	10200.00000	9.37085
61	10400.00000	9.37085
61	10600.00000	9.37085
61	10800.00000	9.37085
61	11000.00000	9.45095
61	11200.00000	9.45095
61	11400.00000	9.45095
61	11600.00000	9.45095
61	11800.00000	9.45095
61	12000.00000	9.30300
61	12200.00000	9.30300
61	12400.00000	9.30300
61	12600.00000	9.30300
61	12800.00000	9.30300
61	13000.00000	9.63414
61	13200.00000	9.63414
61	13400.00000	9.63414
61	13600.00000	9.63414
61	13800.00000	9.63414
61	14000.00000	9.38890
61	14200.00000	9.38890
61	14400.00000	9.38890
61	14600.00000	9.38890
61	14800.00000	9.38890
61	15000.00000	8.99870
61	15200.00000	8.99870
61	15400.00000	8.99870
61	15600.00000	8.99870
61	15800.00000	8.80342
61	16000.00000	8.80342
61	16200.00000	8.80342
61	16400.00000	8.80342
61	16600.00000	8.80342
61	16800.00000	8.58579
61	17000.00000	8.58579
61	17200.00000	8.58579
61	17400.00000	8.58579
61	17600.00000	8.58579
61	17800.00000	8.79104
61	18000.00000	8.79104
61	18200.00000	8.79104
61	18400.00000	8.79104
61	18600.00000	8.79104
61	18800.00000	8.76160
61	19000.00000	8.76160
61	19200.00000	8.76160
61	19400.00000	8.76160
61	19600.00000	8.76160
61	19800.00000	8.69802
61	20000.00000	8.69802
62	0.00000	10.17193
62	200.00000	10.17193
62	400.00000	10.17193
62	600.00000	10.17193
62	800.00000	10.17193
62	1000.00000	10.02470
62	1200.00000	10.02470
62	1400.00000	10.02470
62	1600.00000	10.02470
62	1800.00000	10.02470
62	2000.00000	9.65599
62	2200.00000	9.65599
62	2400.00000	9.65599
62	2600.00000	9.65599
62	2800.00000	9.65599
62	3000.00000	8.97988
62	3200.00000	8.97988
62	3400.00000	8.97988
62	3600.00000	8.97988
62	3800.00000	8.97988
62	4000.00000	9.33107
62	4200.00000	9.33107
62	4400.00000	9.33107
62	4600.00000	9.33107
62	4800.00000	9.33107
62	5000.00000	9.21886
62	5200.00000	9.21886
62	5400.00000	9.21886
62	5600.00000	9.21886
62	5800.00000	9.21886
62	6000.00000	8.75041
62	6200.00000	8.75041
62	6400.00000	8.75041
62	6600.00000	8.75041
62	6800.00000	8.75041
62	7000.00000	8.51697
62	7200.00000	8.51697
62	7400.00000	8.51697
62	7600.00000	8.51697
62	7800.00000	8.51697
62	8000.00000	8.79584
62	8200.00000	8.79584
62	8400.00000	8.79584
62	8600.00000	8.79584
62	8800.00000	8.79584
62	9000.00000	8.19175
62	9200.00000	8.19175
62	9400.00000	8.19175
62	9600.00000	8.19175
62	9800.00000	8.19175
62	10000.00000	9.03304
62	10200.00000	9.03304
62	10400.00000	9.03304
62	10600.00000	9.03304
62	10800.00000	9.03304
62	11000.00000	9.25176
62	11200.00000	9.25176
62	11400.00000	9.25176
62	11600.00000	9.25176
62	11800.00000	9.25176
62	12000.00000	9.13536
62	12200.00000	9.13536
62	12400.00000	9.13536
62	12600.00000	9.13536
62	12800.00000	9.13536
62	13000.00000	9.68696
62	13200.00000	9.68696
62	13400.00000	9.68696
62	13600.00000	9.68696
62	13800.00000	9.68696
62	14000.00000	10.00834
62	14200.00000	10.00834
62	14400.00000	10.00834
62	14600.00000	10.00834
62	14800.00000	10.00834
62	15000.00000	9.76569
62	15200.00000	9.76569
62	15400.00000	9.76569
62	15600.00000	9.76569
62	15800.00000	9.68034
62	16000.00000	9.68034
62	16200.00000	9.68034
62	16400.00000	9.68034
62	16600.00000	9.68034
62	16800.00000	9.57599
62	17000.00000	9.57599
62	17200.00000	9.57599
62	17400.00000	9.57599
62	17600.00000	9.57599
62	17800.00000	9.86274
62	18000.00000	9.86274
62	18200.00000	9.86274
62	18400.00000	9.86274
62	18600.00000	9.86274
62	18800.00000	10.03051
62	19000.00000	10.03051
62	19200.00000	10.03051
62	19400.00000	10.03051
62	19600.00000	10.03051
62	19800.00000	9.43525
62	20000.00000	9.43525
63	0.00000	9.93435
63	200.00000	9.93435
63	400.00000	9.93435
63	600.00000	9.93435
63	800.00000	9.93435
63	1000.00000	10.28105
63	1200.00000	10.28105
63	1400.00000	10.28105
63	1600.00000	10.28105
63	1800.00000	10.28105
63	2000.00000	9.44190
63	2200.00000	9.44190
63	2400.00000	9.44190
63	2600.00000	9.44190
63	2800.00000	9.44190
63	3000.00000	8.75884
63	3200.00000	8.75884
63	3400.00000	8.75884
63	3600.00000	8.75884
63	3800.00000	8.75884
63	4000.00000	9.28701
63	4200.00000	9.28701
63	4400.00000	9.28701
63	4600.00000	9.28701
63	4800.00000	9.28701
63	5000.00000	9.13716
63	5200.00000	9.13716
63	5400.00000	9.13716
63	5600.00000	9.13716
63	5800.00000	9.13716
63	6000.00000	9.22754
63	6200.00000	9.22754
63	6400.00000	9.22754
63	6600.00000	9.22754
63	6800.00000	9.22754
63	7000.00000	9.05992
63	7200.00000	9.05992
63	7400.00000	9.05992
63	7600.00000	9.05992
63	7800.00000	9.05992
63	8000.00000	9.01574
63	8200.00000	9.01574
63	8400.00000	9.01574
63	8600.00000	9.01574
63	8800.00000	9.01574
63	9000.00000	8.65676
63	9200.00000	8.65676
63	9400.00000	8.65676
63	9600.00000	8.65676
63	9800.00000	8.65676
63	10000.00000	9.35855
63	10200.00000	9.35855
63	10400.00000	9.35855
63	10600.00000	9.35855
63	10800.00000	9.35855
63	11000.00000	9.56823
63	11200.00000	9.56823
63	11400.00000	9.56823
63	11600.00000	9.56823
63	11800.00000	9.56823
63	12000.00000	9.84652
63	12200.00000	9.84652
63	12400.00000	9.84652
63	12600.00000	9.84652
63	12800.00000	9.84652
63	13000.00000	9.70189
63	13200.00000	9.70189
63	13400.00000	9.70189
63	13600.00000	9.70189
63	13800.00000	9.70189
63	14000.00000	9.44912
63	14200.00000	9.44912
63	14400.00000	9.44912
63	14600.00000	9.44912
63	14800.00000	9.44912
63	15000.00000	9.06635
63	15200.00000	9.06635
63	15400.00000	9.06635
63	15600.00000	9.06635
63	15800.00000	8.73723
63	16000.00000	8.73723
63	16200.00000	8.73723
63	16400.00000	8.73723
63	16600.00000	8.73723
63	16800.00000	8.73106
63	17000.00000	8.73106
63	17200.00000	8.73106
63	17400.00000	8.73106
63	17600.00000	8.73106
63	17800.00000	8.78668
63	18000.00000	8.78668
63	18200.00000	8.78668
63	18400.00000	8.78668
63	18600.00000	8.78668
63	18800.00000	9.21193
63	19000.00000	9.21193
63	19200.00000	9.21193
63	19400.00000	9.21193
63	19600.00000	9.21193
63	19800.00000	9.22095
63	20000.00000	9.22095
64	0.00000	9.97707
64	200.00000	9.97707
64	400.00000	9.97707
64	600.00000	9.97707
64	800.00000	9.97707
64	1000.00000	10.31502
64	1200.00000	10.31502
64	1400.00000	10.31502
64	1600.00000	10.31502
64	1800.00000	10.31502
64	2000.00000	9.66618
64	2200.00000	9.66618
64	2400.00000	9.66618
64	2600.00000	9.66618
64	2800.00000	9.66618
64	3000.00000	9.16348
64	3200.00000	9.16348
64	3400.00000	9.16348
64	3600.00000	9.16348
64	3800.00000	9.16348
64	4000.00000	8.94659
64	4200.00000	8.94659
64	4400.00000	8.94659
64	4600.00000	8.94659
64	4800.00000	8.94659
64	5000.00000	8.94029
64	5200.00000	8.94029
64	5400.00000	8.94029
64	5600.00000	8.94029
64	5800.00000	8.94029
64	6000.00000	9.21739
64	6200.00000	9.21739
64	6400.00000	9.21739
64	6600.00000	9.21739
64	6800.00000	9.21739
64	7000.00000	8.59275
64	7200.00000	8.59275
64	7400.00000	8.59275
64	7600.00000	8.59275
64	7800.00000	8.59275
64	8000.00000	8.43100
64	8200.00000	8.43100
64	8400.00000	8.43100
64	8600.00000	8.43100
64	8800.00000	8.43100
64	9000.00000	8.86045
64	9200.00000	8.86045
64	9400.00000	8.86045
64	9600.00000	8.86045
64	9800.00000	8.86045
64	10000.00000	9.41478
64	10200.00000	9.41478
64	10400.00000	9.41478
64	10600.00000	9.41478
64	10800.00000	9.41478
64	11000.00000	8.91206
64	11200.00000	8.91206
64	11400.00000	8.91206
64	11600.00000	8.91206
64	11800.00000	8.91206
64	12000.00000	8.94788
64	12200.00000	8.94788
64	12400.00000	8.94788
64	12600.00000	8.94788
64	12800.00000	8.94788
64	13000.00000	9.34225
64	13200.00000	9.34225
64	13400.00000	9.34225
64	13600.00000	9.34225
64	13800.00000	9.34225
64	14000.00000	9.31217
64	14200.00000	9.31217
64	14400.00000	9.31217
64	14600.00000	9.31217
64	14800.00000	9.31217
64	15000.00000	9.50100
64	15200.00000	9.50100
64	15400.00000	9.50100
64	15600.00000	9.50100
64	15800.00000	9.81148
64	16000.00000	9.81148
64	16200.00000	9.81148
64	16400.00000	9.81148
64	16600.00000	9.81148
64	16800.00000	9.10095
64	17000.00000	9.10095
64	17200.00000	9.10095
64	17400.00000	9.10095
64	17600.00000	9.10095
64	17800.00000	9.70430
64	18000.00000	9.70430
64	18200.00000	9.70430
64	18400.00000	9.70430
64	18600.00000	9.70430
64	18800.00000	9.46153
64	19000.00000	9.46153
64	19200.00000	9.46153
64	19400.00000	9.46153
64	19600.00000	9.46153
64	19800.00000	9.24700
64	20000.00000	9.24700
65	0.00000	9.80959
65	200.00000	9.80959
65	400.00000	9.80959
65	600.00000	9.80959
65	800.00000	9.80959
65	1000.00000	10.34311
65	1200.00000	10.34311
65	1400.00000	10.34311
65	1600.00000	10.34311
65	1800.00000	10.34311
65	2000.00000	9.34707
65	2200.00000	9.34707
65	2400.00000	9.34707
65	2600.00000	9.34707
65	2800.00000	9.34707
65	3000.00000	9.04184
65	3200.00000	9.04184
65	3400.00000	9.04184
65	3600.00000	9.04184
65	3800.00000	9.04184
65	4000.00000	8.89946
65	4200.00000	8.89946
65	4400.00000	8.89946
65	4600.00000	8.89946
65	4800.00000	8.89946
65	5000.00000	8.93947
65	5200.00000	8.93947
65	5400.00000	8.93947
65	5600.00000	8.93947
65	5800.00000	8.93947
65	6000.00000	9.08135
65	6200.00000	9.08135
65	6400.00000	9.08135
65	6600.00000	9.08135
65	6800.00000	9.08135
65	7000.00000	8.54571
65	7200.00000	8.54571
65	7400.00000	8.54571
65	7600.00000	8.54571
65	7800.00000	8.54571
65	8000.00000	8.88945
65	8200.00000	8.88945
65	8400.00000	8.88945
65	8600.00000	8.88945
65	8800.00000	8.88945
65	9000.00000	8.74327
65	9200.00000	8.74327
65	9400.00000	8.74327
65	9600.00000	8.74327
65	9800.00000	8.74327
65	10000.00000	8.50040
65	10200.00000	8.50040
65	10400.00000	8.50040
65	10600.00000	8.50040
65	10800.00000	8.50040
65	11000.00000	9.17257
65	11200.00000	9.17257
65	11400.00000	9.17257
65	11600.00000	9.17257
65	11800.00000	9.17257
65	12000.00000	9.03828
65	12200.00000	9.03828
65	12400.00000	9.03828
65	12600.00000	9.03828
65	12800.00000	9.03828
65	13000.00000	9.01436
65	13200.00000	9.01436
65	13400.00000	9.01436
65	13600.00000	9.01436
65	13800.00000	9.01436
65	14000.00000	10.00672
65	14200.00000	10.00672
65	14400.00000	10.00672
65	14600.00000	10.00672
65	14800.00000	10.00672
65	15000.00000	9.44189
65	15200.00000	9.44189
65	15400.00000	9.44189
65	15600.00000	9.44189
65	15800.00000	9.18918
65	16000.00000	9.18918
65	16200.00000	9.18918
65	16400.00000	9.18918
65	16600.00000	9.18918
65	16800.00000	8.89375
65	17000.00000	8.89375
65	17200.00000	8.89375
65	17400.00000	8.89375
65	17600.00000	8.89375
65	17800.00000	8.95829
65	18000.00000	8.95829
65	18200.00000	8.95829
65	18400.00000	8.95829
65	18600.00000	8.95829
65	18800.00000	8.76171
65	19000.00000	8.76171
65	19200.00000	8.76171
65	19400.00000	8.76171
65	19600.00000	8.76171
65	19800.00000	8.77851
65	20000.00000	8.77851
66	0.00000	9.89460
66	200.00000	9.89460
66	400.00000	9.89460
66	600.00000	9.89460
66	800.00000	9.89460
66	1000.00000	10.09676
66	1200.00000	10.09676
66	1400.00000	10.09676
66	1600.00000	10.09676
66	1800.00000	10.09676
66	2000.00000	9.30980
66	2200.00000	9.30980
66	2400.00000	9.30980
66	2600.00000	9.30980
66	2800.00000	9.30980
66	3000.00000	9.05938
66	3200.00000	9.05938
66	3400.00000	9.05938
66	3600.00000	9.05938
66	3800.00000	9.05938
66	4000.00000	9.28552
66	4200.00000	9.28552
66	4400.00000	9.28552
66	4600.00000	9.28552
66	4800.00000	9.28552
66	5000.00000	8.84141
66	5200.00000	8.84141
66	5400.00000	8.84141
66	5600.00000	8.84141
66	5800.00000	8.84141
66	6000.00000	8.85086
66	6200.00000	8.85086
66	6400.00000	8.85086
66	6600.00000	8.85086
66	6800.00000	8.85086
66	7000.00000	9.05594
66	7200.00000	9.05594
66	7400.00000	9.05594
66	7600.00000	9.05594
66	7800.00000	9.05594
66	8000.00000	8.90924
66	8200.00000	8.90924
66	8400.00000	8.90924
66	8600.00000	8.90924
66	8800.00000	8.90924
66	9000.00000	9.01605
66	9200.00000	9.01605
66	9400.00000	9.01605
66	9600.00000	9.01605
66	9800.00000	9.01605
66	10000.00000	9.32968
66	10200.00000	9.32968
66	10400.00000	9.32968
66	10600.00000	9.32968
66	10800.00000	9.32968
66	11000.00000	9.37566
66	11200.00000	9.37566
66	11400.00000	9.37566
66	11600.00000	9.37566
66	11800.00000	9.37566
66	12000.00000	9.04157
66	12200.00000	9.04157
66	12400.00000	9.04157
66	12600.00000	9.04157
66	12800.00000	9.04157
66	13000.00000	9.10616
66	13200.00000	9.10616
66	13400.00000	9.10616
66	13600.00000	9.10616
66	13800.00000	9.10616
66	14000.00000	9.38777
66	14200.00000	9.38777
66	14400.00000	9.38777
66	14600.00000	9.38777
66	14800.00000	9.38777
66	15000.00000	9.74311
66	15200.00000	9.74311
66	15400.00000	9.74311
66	15600.00000	9.74311
66	15800.00000	9.19421
66	16000.00000	9.19421
66	16200.00000	9.19421
66	16400.00000	9.19421
66	16600.00000	9.19421
66	16800.00000	8.74053
66	17000.00000	8.74053
66	17200.00000	8.74053
66	17400.00000	8.74053
66	17600.00000	8.74053
66	17800.00000	9.36782
66	18000.00000	9.36782
66	18200.00000	9.36782
66	18400.00000	9.36782
66	18600.00000	9.36782
66	18800.00000	9.64859
66	19000.00000	9.64859
66	19200.00000	9.64859
66	19400.00000	9.64859
66	19600.00000	9.64859
66	19800.00000	9.63218
66	20000.00000	9.63218
67	0.00000	10.05212
67	200.00000	10.05212
67	400.00000	10.05212
67	600.00000	10.05212
67	800.00000	10.05212
67	1000.00000	9.98058
67	1200.00000	9.98058
67	1400.00000	9.98058
67	1600.00000	9.98058
67	1800.00000	9.98058
67	2000.00000	9.40557
67	2200.00000	9.40557
67	2400.00000	9.40557
67	2600.00000	9.40557
67	2800.00000	9.40557
67	3000.00000	9.04465
67	3200.00000	9.04465
67	3400.00000	9.04465
67	3600.00000	9.04465
67	3800.00000	9.04465
67	4000.00000	9.20598
67	4200.00000	9.20598
67	4400.00000	9.20598
67	4600.00000	9.20598
67	4800.00000	9.20598
67	5000.00000	8.82864
67	5200.00000	8.82864
67	5400.00000	8.82864
67	5600.00000	8.82864
67	5800.00000	8.82864
67	6000.00000	8.47877
67	6200.00000	8.47877
67	6400.00000	8.47877
67	6600.00000	8.47877
67	6800.00000	8.47877
67	7000.00000	8.61837
67	7200.00000	8.61837
67	7400.00000	8.61837
67	7600.00000	8.61837
67	7800.00000	8.61837
67	8000.00000	8.91531
67	8200.00000	8.91531
67	8400.00000	8.91531
67	8600.00000	8.91531
67	8800.00000	8.91531
67	9000.00000	8.99612
67	9200.00000	8.99612
67	9400.00000	8.99612
67	9600.00000	8.99612
67	9800.00000	8.99612
67	10000.00000	9.77078
67	10200.00000	9.77078
67	10400.00000	9.77078
67	10600.00000	9.77078
67	10800.00000	9.77078
67	11000.00000	10.22508
67	11200.00000	10.22508
67	11400.00000	10.22508
67	11600.00000	10.22508
67	11800.00000	10.22508
67	12000.00000	9.94360
67	12200.00000	9.94360
67	12400.00000	9.94360
67	12600.00000	9.94360
67	12800.00000	9.94360
67	13000.00000	9.45840
67	13200.00000	9.45840
67	13400.00000	9.45840
67	13600.00000	9.45840
67	13800.00000	9.45840
67	14000.00000	9.26884
67	14200.00000	9.26884
67	14400.00000	9.26884
67	14600.00000	9.26884
67	14800.00000	9.26884
67	15000.00000	8.64292
67	15200.00000	8.64292
67	15400.00000	8.64292
67	15600.00000	8.64292
67	15800.00000	9.14430
67	16000.00000	9.14430
67	16200.00000	9.14430
67	16400.00000	9.14430
67	16600.00000	9.14430
67	16800.00000	9.18869
67	17000.00000	9.18869
67	17200.00000	9.18869
67	17400.00000	9.18869
67	17600.00000	9.18869
67	17800.00000	9.28392
67	18000.00000	9.28392
67	18200.00000	9.28392
67	18400.00000	9.28392
67	18600.00000	9.28392
67	18800.00000	9.03804
67	19000.00000	9.03804
67	19200.00000	9.03804
67	19400.00000	9.03804
67	19600.00000	9.03804
67	19800.00000	9.48772
67	20000.00000	9.48772
68	0.00000	9.96426
68	200.00000	9.96426
68	400.00000	9.96426
68	600.00000	9.96426
68	800.00000	9.96426
68	1000.00000	10.31077
68	1200.00000	10.31077
68	1400.00000	10.31077
68	1600.00000	10.31077
68	1800.00000	10.31077
68	2000.00000	9.37434
68	2200.00000	9.37434
68	2400.00000	9.37434
68	2600.00000	9.37434
68	2800.00000	9.37434
68	3000.00000	9.10841
68	3200.00000	9.10841
68	3400.00000	9.10841
68	3600.00000	9.10841
68	3800.00000	9.10841
68	4000.00000	8.79910
68	4200.00000	8.79910
68	4400.00000	8.79910
68	4600.00000	8.79910
68	4800.00000	8.79910
68	5000.00000	9.06797
68	5200.00000	9.06797
68	5400.00000	9.06797
68	5600.00000	9.06797
68	5800.00000	9.06797
68	6000.00000	9.38344
68	6200.00000	9.38344
68	6400.00000	9.38344
68	6600.00000	9.38344
68	6800.00000	9.38344
68	7000.00000	9.10554
68	7200.00000	9.10554
68	7400.00000	9.10554
68	7600.00000	9.10554
68	7800.00000	9.10554
68	8000.00000	9.01332
68	8200.00000	9.01332
68	8400.00000	9.01332
68	8600.00000	9.01332
68	8800.00000	9.01332
68	9000.00000	8.63436
68	9200.00000	8.63436
68	9400.00000	8.63436
68	9600.00000	8.63436
68	9800.00000	8.63436
68	10000.00000	9.59030
68	10200.00000	9.59030
68	10400.00000	9.59030
68	10600.00000	9.59030
68	10800.00000	9.59030
68	11000.00000	9.98457
68	11200.00000	9.98457
68	11400.00000	9.98457
68	11600.00000	9.98457
68	11800.00000	9.98457
68	12000.00000	9.72161
68	12200.00000	9.72161
68	12400.00000	9.72161
68	12600.00000	9.72161
68	12800.00000	9.72161
68	13000.00000	9.69205
68	13200.00000	9.69205
68	13400.00000	9.69205
68	13600.00000	9.69205
68	13800.00000	9.69205
68	14000.00000	9.50669
68	14200.00000	9.50669
68	14400.00000	9.50669
68	14600.00000	9.50669
68	14800.00000	9.50669
68	15000.00000	9.14891
68	15200.00000	9.14891
68	15400.00000	9.14891
68	15600.00000	9.14891
68	15800.00000	8.96724
68	16000.00000	8.96724
68	16200.00000	8.96724
68	16400.00000	8.96724
68	16600.00000	8.96724
68	16800.00000	9.41114
68	17000.00000	9.41114
68	17200.00000	9.41114
68	17400.00000	9.41114
68	17600.00000	9.41114
68	17800.00000	8.97772
68	18000.00000	8.97772
68	18200.00000	8.97772
68	18400.00000	8.97772
68	18600.00000	8.97772
68	18800.00000	9.20816
68	19000.00000	9.20816
68	19200.00000	9.20816
68	19400.00000	9.20816
68	19600.00000	9.20816
68	19800.00000	9.25697
68	20000.00000	9.25697
69	0.00000	9.75355
69	200.00000	9.75355
69	400.00000	9.75355
69	600.00000	9.75355
69	800.00000	9.75355
69	1000.00000	10.29168
69	1200.00000	10.29168
69	1400.00000	10.29168
69	1600.00000	10.29168
69	1800.00000	10.29168
69	2000.00000	9.40776
69	2200.00000	9.40776
69	2400.00000	9.40776
69	2600.00000	9.40776
69	2800.00000	9.40776
69	3000.00000	8.78872
69	3200.00000	8.78872
69	3400.00000	8.78872
69	3600.00000	8.78872
69	3800.00000	8.78872
69	4000.00000	9.96811
69	4200.00000	9.96811
69	4400.00000	9.96811
69	4600.00000	9.96811
69	4800.00000	9.96811
69	5000.00000	9.08449
69	5200.00000	9.08449
69	5400.00000	9.08449
69	5600.00000	9.08449
69	5800.00000	9.08449
69	6000.00000	8.84362
69	6200.00000	8.84362
69	6400.00000	8.84362
69	6600.00000	8.84362
69	6800.00000	8.84362
69	7000.00000	8.83640
69	7200.00000	8.83640
69	7400.00000	8.83640
69	7600.00000	8.83640
69	7800.00000	8.83640
69	8000.00000	8.32182
69	8200.00000	8.32182
69	8400.00000	8.32182
69	8600.00000	8.32182
69	8800.00000	8.32182
69	9000.00000	8.46656
69	9200.00000	8.46656
69	9400.00000	8.46656
69	9600.00000	8.46656
69	9800.00000	8.46656
69	10000.00000	9.26744
69	10200.00000	9.26744
69	10400.00000	9.26744
69	10600.00000	9.26744
69	10800.00000	9.26744
69	11000.00000	9.92098
69	11200.00000	9.92098
69	11400.00000	9.92098
69	11600.00000	9.92098
69	11800.00000	9.92098
69	12000.00000	8.91072
69	12200.00000	8.91072
69	12400.00000	8.91072
69	12600.00000	8.91072
69	12800.00000	8.91072
69	13000.00000	9.60802
69	13200.00000	9.60802
69	13400.00000	9.60802
69	13600.00000	9.60802
69	13800.00000	9.60802
69	14000.00000	9.25004
69	14200.00000	9.25004
69	14400.00000	9.25004
69	14600.00000	9.25004
69	14800.00000	9.25004
69	15000.00000	8.90561
69	15200.00000	8.90561
69	15400.00000	8.90561
69	15600.00000	8.90561
69	15800.00000	8.81021
69	16000.00000	8.81021
69	16200.00000	8.81021
69	16400.00000	8.81021
69	16600.00000	8.81021
69	16800.00000	7.96313
69	17000.00000	7.96313
69	17200.00000	7.96313
69	17400.00000	7.96313
69	17600.00000	7.96313
69	17800.00000	8.56777
69	18000.00000	8.56777
69	18200.00000	8.56777
69	18400.00000	8.56777
69	18600.00000	8.56777
69	18800.00000	8.39658
69	19000.00000	8.39658
69	19200.00000	8.39658
69	19400.00000	8.39658
69	19600.00000	8.39658
69	19800.00000	9.25339
69	20000.00000	9.25339
70	0.00000	9.71777
70	200.00000	9.71777
70	400.00000	9.71777
70	600.00000	9.71777
70	800.00000	9.71777
70	1000.00000	10.26121
70	1200.00000	10.26121
70	1400.00000	10.26121
70	1600.00000	10.26121
70	1800.00000	10.26121
70	2000.00000	9.81719
70	2200.00000	9.81719
70	2400.00000	9.81719
70	2600.00000	9.81719
70	2800.00000	9.81719
70	3000.00000	8.96353
70	3200.00000	8.96353
70	3400.00000	8.96353
70	3600.00000	8.96353
70	3800.00000	8.96353
70	4000.00000	9.09451
70	4200.00000	9.09451
70	4400.00000	9.09451
70	4600.00000	9.09451
70	4800.00000	9.09451
70	5000.00000	9.18044
70	5200.00000	9.18044
70	5400.00000	9.18044
70	5600.00000	9.18044
70	5800.00000	9.18044
70	6000.00000	8.50061
70	6200.00000	8.50061
70	6400.00000	8.50061
70	6600.00000	8.50061
70	6800.00000	8.50061
70	7000.00000	8.82880
70	7200.00000	8.82880
70	7400.00000	8.82880
70	7600.00000	8.82880
70	7800.00000	8.82880
70	8000.00000	8.52502
70	8200.00000	8.52502
70	8400.00000	8.52502
70	8600.00000	8.52502
70	8800.00000	8.52502
70	9000.00000	8.59720
70	9200.00000	8.59720
70	9400.00000	8.59720
70	9600.00000	8.59720
70	9800.00000	8.59720
70	10000.00000	8.94691
70	10200.00000	8.94691
70	10400.00000	8.94691
70	10600.00000	8.94691
70	10800.00000	8.94691
70	11000.00000	8.95315
70	11200.00000	8.95315
70	11400.00000	8.95315
70	11600.00000	8.95315
70	11800.00000	8.95315
70	12000.00000	9.14041
70	12200.00000	9.14041
70	12400.00000	9.14041
70	12600.00000	9.14041
70	12800.00000	9.14041
70	13000.00000	8.76842
70	13200.00000	8.76842
70	13400.00000	8.76842
70	13600.00000	8.76842
70	13800.00000	8.76842
70	14000.00000	9.15839
70	14200.00000	9.15839
70	14400.00000	9.15839
70	14600.00000	9.15839
70	14800.00000	9.15839
70	15000.00000	9.49302
70	15200.00000	9.49302
70	15400.00000	9.49302
70	15600.00000	9.49302
70	15800.00000	9.41347
70	16000.00000	9.41347
70	16200.00000	9.41347
70	16400.00000	9.41347
70	16600.00000	9.41347
70	16800.00000	9.17623
70	17000.00000	9.17623
70	17200.00000	9.17623
70	17400.00000	9.17623
70	17600.00000	9.17623
70	17800.00000	9.27743
70	18000.00000	9.27743
70	18200.00000	9.27743
70	18400.00000	9.27743
70	18600.00000	9.27743
70	18800.00000	9.05402
70	19000.00000	9.05402
70	19200.00000	9.05402
70	19400.00000	9.05402
70	19600.00000	9.05402
70	19800.00000	8.69010
70	20000.00000	8.69010
71	0.00000	9.80996
71	200.00000	9.80996
71	400.00000	9.80996
71	600.00000	9.80996
71	800.00000	9.80996
71	1000.00000	10.29594
71	1200.00000	10.29594
71	1400.00000	10.29594
71	1600.00000	10.29594
71	1800.00000	10.29594
71	2000.00000	9.31865
71	2200.00000	9.31865
71	2400.00000	9.31865
71	2600.00000	9.31865
71	2800.00000	9.31865
71	3000.00000	9.14851
71	3200.00000	9.14851
71	3400.00000	9.14851
71	3600.00000	9.14851
71	3800.00000	9.14851
71	4000.00000	8.93774
71	4200.00000	8.93774
71	4400.00000	8.93774
71	4600.00000	8.93774
71	4800.00000	8.93774
71	5000.00000	9.12161
71	5200.00000	9.12161
71	5400.00000	9.12161
71	5600.00000	9.12161
71	5800.00000	9.12161
71	6000.00000	8.96142
71	6200.00000	8.96142
71	6400.00000	8.96142
71	6600.00000	8.96142
71	6800.00000	8.96142
71	7000.00000	8.89877
71	7200.00000	8.89877
71	7400.00000	8.89877
71	7600.00000	8.89877
71	7800.00000	8.89877
71	8000.00000	8.65783
71	8200.00000	8.65783
71	8400.00000	8.65783
71	8600.00000	8.65783
71	8800.00000	8.65783
71	9000.00000	9.11314
71	9200.00000	9.11314
71	9400.00000	9.11314
71	9600.00000	9.11314
71	9800.00000	9.11314
71	10000.00000	9.13381
71	10200.00000	9.13381
71	10400.00000	9.13381
71	10600.00000	9.13381
71	10800.00000	9.13381
71	11000.00000	9.41372
71	11200.00000	9.41372
71	11400.00000	9.41372
71	11600.00000	9.41372
71	11800.00000	9.41372
71	12000.00000	9.38214
71	12200.00000	9.38214
71	12400.00000	9.38214
71	12600.00000	9.38214
71	12800.00000	9.38214
71	13000.00000	9.21223
71	13200.00000	9.21223
71	13400.00000	9.21223
71	13600.00000	9.21223
71	13800.00000	9.21223
71	14000.00000	9.18476
71	14200.00000	9.18476
71	14400.00000	9.18476
71	14600.00000	9.18476
71	14800.00000	9.18476
71	15000.00000	8.89117
71	15200.00000	8.89117
71	15400.00000	8.89117
71	15600.00000	8.89117
71	15800.00000	9.02888
71	16000.00000	9.02888
71	16200.00000	9.02888
71	16400.00000	9.02888
71	16600.00000	9.02888
71	16800.00000	9.46250
71	17000.00000	9.46250
71	17200.00000	9.46250
71	17400.00000	9.46250
71	17600.00000	9.46250
71	17800.00000	9.14336
71	18000.00000	9.14336
71	18200.00000	9.14336
71	18400.00000	9.14336
71	18600.00000	9.14336
71	18800.00000	8.97039
71	19000.00000	8.97039
71	19200.00000	8.97039
71	19400.00000	8.97039
71	19600.00000	8.97039
71	19800.00000	9.30070
71	20000.00000	9.30070
72	0.00000	9.80467
72	200.00000	9.80467
72	400.00000	9.80467
72	600.00000	9.80467
72	800.00000	9.80467
72	1000.00000	10.43223
72	1200.00000	10.43223
72	1400.00000	10.43223
72	1600.00000	10.43223
72	1800.00000	10.43223
72	2000.00000	9.28331
72	2200.00000	9.28331
72	2400.00000	9.28331
72	2600.00000	9.28331
72	2800.00000	9.28331
72	3000.00000	8.85539
72	3200.00000	8.85539
72	3400.00000	8.85539
72	3600.00000	8.85539
72	3800.00000	8.85539
72	4000.00000	9.87734
72	4200.00000	9.87734
72	4400.00000	9.87734
72	4600.00000	9.87734
72	4800.00000	9.87734
72	5000.00000	9.04077
72	5200.00000	9.04077
72	5400.00000	9.04077
72	5600.00000	9.04077
72	5800.00000	9.04077
72	6000.00000	8.88979
72	6200.00000	8.88979
72	6400.00000	8.88979
72	6600.00000	8.88979
72	6800.00000	8.88979
72	7000.00000	8.76244
72	7200.00000	8.76244
72	7400.00000	8.76244
72	7600.00000	8.76244
72	7800.00000	8.76244
72	8000.00000	8.50537
72	8200.00000	8.50537
72	8400.00000	8.50537
72	8600.00000	8.50537
72	8800.00000	8.50537
72	9000.00000	8.77240
72	9200.00000	8.77240
72	9400.00000	8.77240
72	9600.00000	8.77240
72	9800.00000	8.77240
72	10000.00000	8.91233
72	10200.00000	8.91233
72	10400.00000	8.91233
72	10600.00000	8.91233
72	10800.00000	8.91233
72	11000.00000	9.48255
72	11200.00000	9.48255
72	11400.00000	9.48255
72	11600.00000	9.48255
72	11800.00000	9.48255
72	12000.00000	9.50267
72	12200.00000	9.50267
72	12400.00000	9.50267
72	12600.00000	9.50267
72	12800.00000	9.50267
72	13000.00000	10.63151
72	13200.00000	10.63151
72	13400.00000	10.63151
72	13600.00000	10.63151
72	13800.00000	10.63151
72	14000.00000	10.86712
72	14200.00000	10.86712
72	14400.00000	10.86712
72	14600.00000	10.86712
72	14800.00000	10.86712
72	15000.00000	10.26842
72	15200.00000	10.26842
72	15400.00000	10.26842
72	15600.00000	10.26842
72	15800.00000	9.92994
72	16000.00000	9.92994
72	16200.00000	9.92994
72	16400.00000	9.92994
72	16600.00000	9.92994
72	16800.00000	9.40115
72	17000.00000	9.40115
72	17200.00000	9.40115
72	17400.00000	9.40115
72	17600.00000	9.40115
72	17800.00000	9.21947
72	18000.00000	9.21947
72	18200.00000	9.21947
72	18400.00000	9.21947
72	18600.00000	9.21947
72	18800.00000	9.74344
72	19000.00000	9.74344
72	19200.00000	9.74344
72	19400.00000	9.74344
72	19600.00000	9.74344
72	19800.00000	9.90260
72	20000.00000	9.90260
73	0.00000	10.00401
73	200.00000	10.00401
73	400.00000	10.00401
73	600.00000	10.00401
73	800.00000	10.00401
73	1000.00000	10.18071
73	1200.00000	10.18071
73	1400.00000	10.18071
73	1600.00000	10.18071
73	1800.00000	10.18071
73	2000.00000	9.33134
73	2200.00000	9.33134
73	2400.00000	9.33134
73	2600.00000	9.33134
73	2800.00000	9.33134
73	3000.00000	8.69736
73	3200.00000	8.69736
73	3400.00000	8.69736
73	3600.00000	8.69736
73	3800.00000	8.69736
73	4000.00000	9.23868
73	4200.00000	9.23868
73	4400.00000	9.23868
73	4600.00000	9.23868
73	4800.00000	9.23868
73	5000.00000	8.96254
73	5200.00000	8.96254
73	5400.00000	8.96254
73	5600.00000	8.96254
73	5800.00000	8.96254
73	6000.00000	9.09195
73	6200.00000	9.09195
73	6400.00000	9.09195
73	6600.00000	9.09195
73	6800.00000	9.09195
73	7000.00000	8.53966
73	7200.00000	8.53966
73	7400.00000	8.53966
73	7600.00000	8.53966
73	7800.00000	8.53966
73	8000.00000	9.25774
73	8200.00000	9.25774
73	8400.00000	9.25774
73	8600.00000	9.25774
73	8800.00000	9.25774
73	9000.00000	8.99218
73	9200.00000	8.99218
73	9400.00000	8.99218
73	9600.00000	8.99218
73	9800.00000	8.99218
73	10000.00000	9.55998
73	10200.00000	9.55998
73	10400.00000	9.55998
73	10600.00000	9.55998
73	10800.00000	9.55998
73	11000.00000	9.27289
73	11200.00000	9.27289
73	11400.00000	9.27289
73	11600.00000	9.27289
73	11800.00000	9.27289
73	12000.00000	9.66934
73	12200.00000	9.66934
73	12400.00000	9.66934
73	12600.00000	9.66934
73	12800.00000	9.66934
73	13000.00000	9.51115
73	13200.00000	9.51115
73	13400.00000	9.51115
73	13600.00000	9.51115
73	13800.00000	9.51115
73	14000.00000	9.21360
73	14200.00000	9.21360
73	14400.00000	9.21360
73	14600.00000	9.21360
73	14800.00000	9.21360
73	15000.00000	9.18991
73	15200.00000	9.18991
73	15400.00000	9.18991
73	15600.00000	9.18991
73	15800.00000	8.74287
73	16000.00000	8.74287
73	16200.00000	8.74287
73	16400.00000	8.74287
73	16600.00000	8.74287
73	16800.00000	9.97979
73	17000.00000	9.97979
73	17200.00000	9.97979
73	17400.00000	9.97979
73	17600.00000	9.97979
73	17800.00000	9.68597
73	18000.00000	9.68597
73	18200.00000	9.68597
73	18400.00000	9.68597
73	18600.00000	9.68597
73	18800.00000	9.51313
73	19000.00000	9.51313
73	19200.00000	9.51313
73	19400.00000	9.51313
73	19600.00000	9.51313
73	19800.00000	8.56090
73	20000.00000	8.56090
74	0.00000	9.86936
74	200.00000	9.86936
74	400.00000	9.86936
74	600.00000	9.86936
74	800.00000	9.86936
74	1000.00000	10.25206
74	1200.00000	10.25206
74	1400.00000	10.25206
74	1600.00000	10.25206
74	1800.00000	10.25206
74	2000.00000	9.30562
74	2200.00000	9.30562
74	2400.00000	9.30562
74	2600.00000	9.30562
74	2800.00000	9.30562
74	3000.00000	9.09083
74	3200.00000	9.09083
74	3400.00000	9.09083
74	3600.00000	9.09083
74	3800.00000	9.09083
74	4000.00000	9.17719
74	4200.00000	9.17719
74	4400.00000	9.17719
74	4600.00000	9.17719
74	4800.00000	9.17719
74	5000.00000	9.09219
74	5200.00000	9.09219
74	5400.00000	9.09219
74	5600.00000	9.09219
74	5800.00000	9.09219
74	6000.00000	9.08952
74	6200.00000	9.08952
74	6400.00000	9.08952
74	6600.00000	9.08952
74	6800.00000	9.08952
74	7000.00000	9.14220
74	7200.00000	9.14220
74	7400.00000	9.14220
74	7600.00000	9.14220
74	7800.00000	9.14220
74	8000.00000	9.18643
74	8200.00000	9.18643
74	8400.00000	9.18643
74	8600.00000	9.18643
74	8800.00000	9.18643
74	9000.00000	9.16919
74	9200.00000	9.16919
74	9400.00000	9.16919
74	9600.00000	9.16919
74	9800.00000	9.16919
74	10000.00000	9.21790
74	10200.00000	9.21790
74	10400.00000	9.21790
74	10600.00000	9.21790
74	10800.00000	9.21790
74	11000.00000	9.09331
74	11200.00000	9.09331
74	11400.00000	9.09331
74	11600.00000	9.09331
74	11800.00000	9.09331
74	12000.00000	9.48464
74	12200.00000	9.48464
74	12400.00000	9.48464
74	12600.00000	9.48464
74	12800.00000	9.48464
74	13000.00000	9.21652
74	13200.00000	9.21652
74	13400.00000	9.21652
74	13600.00000	9.21652
74	13800.00000	9.21652
74	14000.00000	9.65844
74	14200.00000	9.65844
74	14400.00000	9.65844
74	14600.00000	9.65844
74	14800.00000	9.65844
74	15000.00000	9.13259
74	15200.00000	9.13259
74	15400.00000	9.13259
74	15600.00000	9.13259
74	15800.00000	9.17652
74	16000.00000	9.17652
74	16200.00000	9.17652
74	16400.00000	9.17652
74	16600.00000	9.17652
74	16800.00000	9.44522
74	17000.00000	9.44522
74	17200.00000	9.44522
74	17400.00000	9.44522
74	17600.00000	9.44522
74	17800.00000	9.71964
74	18000.00000	9.71964
74	18200.00000	9.71964
74	18400.00000	9.71964
74	18600.00000	9.71964
74	18800.00000	9.97884
74	19000.00000	9.97884
74	19200.00000	9.97884
74	19400.00000	9.97884
74	19600.00000	9.97884
74	19800.00000	9.75593
74	20000.00000	9.75593
75	0.00000	9.93229
75	200.00000	9.93229
75	400.00000	9.93229
75	600.00000	9.93229
75	800.00000	9.93229
75	1000.00000	10.45574
75	1200.00000	10.45574
75	1400.00000	10.45574
75	1600.00000	10.45574
75	1800.00000	10.45574
75	2000.00000	9.56597
75	2200.00000	9.56597
75	2400.00000	9.56597
75	2600.00000	9.56597
75	2800.00000	9.56597
75	3000.00000	8.78901
75	3200.00000	8.78901
75	3400.00000	8.78901
75	3600.00000	8.78901
75	3800.00000	8.78901
75	4000.00000	9.36672
75	4200.00000	9.36672
75	4400.00000	9.36672
75	4600.00000	9.36672
75	4800.00000	9.36672
75	5000.00000	9.32381
75	5200.00000	9.32381
75	5400.00000	9.32381
75	5600.00000	9.32381
75	5800.00000	9.32381
75	6000.00000	9.50633
75	6200.00000	9.50633
75	6400.00000	9.50633
75	6600.00000	9.50633
75	6800.00000	9.50633
75	7000.00000	8.73950
75	7200.00000	8.73950
75	7400.00000	8.73950
75	7600.00000	8.73950
75	7800.00000	8.73950
75	8000.00000	8.81217
75	8200.00000	8.81217
75	8400.00000	8.81217
75	8600.00000	8.81217
75	8800.00000	8.81217
75	9000.00000	8.54574
75	9200.00000	8.54574
75	9400.00000	8.54574
75	9600.00000	8.54574
75	9800.00000	8.54574
75	10000.00000	9.21441
75	10200.00000	9.21441
75	10400.00000	9.21441
75	10600.00000	9.21441
75	10800.00000	9.21441
75	11000.00000	10.25737
75	11200.00000	10.25737
75	11400.00000	10.25737
75	11600.00000	10.25737
75	11800.00000	10.25737
75	12000.00000	9.95429
75	12200.00000	9.95429
75	12400.00000	9.95429
75	12600.00000	9.95429
75	12800.00000	9.95429
75	13000.00000	9.31371
75	13200.00000	9.31371
75	13400.00000	9.31371
75	13600.00000	9.31371
75	13800.00000	9.31371
75	14000.00000	9.64503
75	14200.00000	9.64503
75	14400.00000	9.64503
75	14600.00000	9.64503
75	14800.00000	9.64503
75	15000.00000	9.18656
75	15200.00000	9.18656
75	15400.00000	9.18656
75	15600.00000	9.18656
75	15800.00000	9.54698
75	16000.00000	9.54698
75	16200.00000	9.54698
75	16400.00000	9.54698
75	16600.00000	9.54698
75	16800.00000	9.27185
75	17000.00000	9.27185
75	17200.00000	9.27185
75	17400.00000	9.27185
75	17600.00000	9.27185
75	17800.00000	8.54196
75	18000.00000	8.54196
75	18200.00000	8.54196
75	18400.00000	8.54196
75	18600.00000	8.54196
75	18800.00000	8.39460
75	19000.00000	8.39460
75	19200.00000	8.39460
75	19400.00000	8.39460
75	19600.00000	8.39460
75	19800.00000	8.64470
75	20000.00000	8.64470
76	0.00000	9.98863
76	200.00000	9.98863
76	400.00000	9.98863
76	600.00000	9.98863
76	800.00000	9.98863
76	1000.00000	9.89973
76	1200.00000	9.89973
76	1400.00000	9.89973
76	1600.00000	9.89973
76	1800.00000	9.89973
76	2000.00000	9.46414
76	2200.00000	9.46414
76	2400.00000	9.46414
76	2600.00000	9.46414
76	2800.00000	9.46414
76	3000.00000	9.12141
76	3200.00000	9.12141
76	3400.00000	9.12141
76	3600.00000	9.12141
76	3800.00000	9.12141
76	4000.00000	9.03401
76	4200.00000	9.03401
76	4400.00000	9.03401
76	4600.00000	9.03401
76	4800.00000	9.03401
76	5000.00000	8.90495
76	5200.00000	8.90495
76	5400.00000	8.90495
76	5600.00000	8.90495
76	5800.00000	8.90495
76	6000.00000	9.05357
76	6200.00000	9.05357
76	6400.00000	9.05357
76	6600.00000	9.05357
76	6800.00000	9.05357
76	7000.00000	9.10334
76	7200.00000	9.10334
76	7400.00000	9.10334
76	7600.00000	9.10334
76	7800.00000	9.10334
76	8000.00000	9.12259
76	8200.00000	9.12259
76	8400.00000	9.12259
76	8600.00000	9.12259
76	8800.00000	9.12259
76	9000.00000	9.07515
76	9200.00000	9.07515
76	9400.00000	9.07515
76	9600.00000	9.07515
76	9800.00000	9.07515
76	10000.00000	9.22585
76	10200.00000	9.22585
76	10400.00000	9.22585
76	10600.00000	9.22585
76	10800.00000	9.22585
76	11000.00000	9.02614
76	11200.00000	9.02614
76	11400.00000	9.02614
76	11600.00000	9.02614
76	11800.00000	9.02614
76	12000.00000	9.34612
76	12200.00000	9.34612
76	12400.00000	9.34612
76	12600.00000	9.34612
76	12800.00000	9.34612
76	13000.00000	9.32191
76	13200.00000	9.32191
76	13400.00000	9.32191
76	13600.00000	9.32191
76	13800.00000	9.32191
76	14000.00000	9.62056
76	14200.00000	9.62056
76	14400.00000	9.62056
76	14600.00000	9.62056
76	14800.00000	9.62056
76	15000.00000	9.64823
76	15200.00000	9.64823
76	15400.00000	9.64823
76	15600.00000	9.64823
76	15800.00000	9.60569
76	16000.00000	9.60569
76	16200.00000	9.60569
76	16400.00000	9.60569
76	16600.00000	9.60569
76	16800.00000	9.78903
76	17000.00000	9.78903
76	17200.00000	9.78903
76	17400.00000	9.78903
76	17600.00000	9.78903
76	17800.00000	9.79517
76	18000.00000	9.79517
76	18200.00000	9.79517
76	18400.00000	9.79517
76	18600.00000	9.79517
76	18800.00000	9.78389
76	19000.00000	9.78389
76	19200.00000	9.78389
76	19400.00000	9.78389
76	19600.00000	9.78389
76	19800.00000	9.41556
76	20000.00000	9.41556
77	0.00000	10.01253
77	200.00000	10.01253
77	400.00000	10.01253
77	600.00000	10.01253
77	800.00000	10.01253
77	1000.00000	10.25653
77	1200.00000	10.25653
77	1400.00000	10.25653
77	1600.00000	10.25653
77	1800.00000	10.25653
77	2000.00000	9.39714
77	2200.00000	9.39714
77	2400.00000	9.39714
77	2600.00000	9.39714
77	2800.00000	9.39714
77	3000.00000	8.96304
77	3200.00000	8.96304
77	3400.00000	8.96304
77	3600.00000	8.96304
77	3800.00000	8.96304
77	4000.00000	9.33028
77	4200.00000	9.33028
77	4400.00000	9.33028
77	4600.00000	9.33028
77	4800.00000	9.33028
77	5000.00000	8.86624
77	5200.00000	8.86624
77	5400.00000	8.86624
77	5600.00000	8.86624
77	5800.00000	8.86624
77	6000.00000	8.96769
77	6200.00000	8.96769
77	6400.00000	8.96769
77	6600.00000	8.96769
77	6800.00000	8.96769
77	7000.00000	8.52847
77	7200.00000	8.52847
77	7400.00000	8.52847
77	7600.00000	8.52847
77	7800.00000	8.52847
77	8000.00000	8.34988
77	8200.00000	8.34988
77	8400.00000	8.34988
77	8600.00000	8.34988
77	8800.00000	8.34988
77	9000.00000	8.73711
77	9200.00000	8.73711
77	9400.00000	8.73711
77	9600.00000	8.73711
77	9800.00000	8.73711
77	10000.00000	8.62722
77	10200.00000	8.62722
77	10400.00000	8.62722
77	10600.00000	8.62722
77	10800.00000	8.62722
77	11000.00000	9.13844
77	11200.00000	9.13844
77	11400.00000	9.13844
77	11600.00000	9.13844
77	11800.00000	9.13844
77	12000.00000	9.05147
77	12200.00000	9.05147
77	12400.00000	9.05147
77	12600.00000	9.05147
77	12800.00000	9.05147
77	13000.00000	9.69821
77	13200.00000	9.69821
77	13400.00000	9.69821
77	13600.00000	9.69821
77	13800.00000	9.69821
77	14000.00000	9.93774
77	14200.00000	9.93774
77	14400.00000	9.93774
77	14600.00000	9.93774
77	14800.00000	9.93774
77	15000.00000	9.57128
77	15200.00000	9.57128
77	15400.00000	9.57128
77	15600.00000	9.57128
77	15800.00000	9.59656
77	16000.00000	9.59656
77	16200.00000	9.59656
77	16400.00000	9.59656
77	16600.00000	9.59656
77	16800.00000	9.98336
77	17000.00000	9.98336
77	17200.00000	9.98336
77	17400.00000	9.98336
77	17600.00000	9.98336
77	17800.00000	9.79391
77	18000.00000	9.79391
77	18200.00000	9.79391
77	18400.00000	9.79391
77	18600.00000	9.79391
77	18800.00000	9.52487
77	19000.00000	9.52487
77	19200.00000	9.52487
77	19400.00000	9.52487
77	19600.00000	9.52487
77	19800.00000	9.18233
77	20000.00000	9.18233
78	0.00000	9.86744
78	200.00000	9.86744
78	400.00000	9.86744
78	600.00000	9.86744
78	800.00000	9.86744
78	1000.00000	10.13824
78	1200.00000	10.13824
78	1400.00000	10.13824
78	1600.00000	10.13824
78	1800.00000	10.13824
78	2000.00000	9.48425
78	2200.00000	9.48425
78	2400.00000	9.48425
78	2600.00000	9.48425
78	2800.00000	9.48425
78	3000.00000	8.97081
78	3200.00000	8.97081
78	3400.00000	8.97081
78	3600.00000	8.97081
78	3800.00000	8.97081
78	4000.00000	8.86887
78	4200.00000	8.86887
78	4400.00000	8.86887
78	4600.00000	8.86887
78	4800.00000	8.86887
78	5000.00000	9.11069
78	5200.00000	9.11069
78	5400.00000	9.11069
78	5600.00000	9.11069
78	5800.00000	9.11069
78	6000.00000	8.93301
78	6200.00000	8.93301
78	6400.00000	8.93301
78	6600.00000	8.93301
78	6800.00000	8.93301
78	7000.00000	8.74154
78	7200.00000	8.74154
78	7400.00000	8.74154
78	7600.00000	8.74154
78	7800.00000	8.74154
78	8000.00000	8.50619
78	8200.00000	8.50619
78	8400.00000	8.50619
78	8600.00000	8.50619
78	8800.00000	8.50619
78	9000.00000	8.29029
78	9200.00000	8.29029
78	9400.00000	8.29029
78	9600.00000	8.29029
78	9800.00000	8.29029
78	10000.00000	8.78174
78	10200.00000	8.78174
78	10400.00000	8.78174
78	10600.00000	8.78174
78	10800.00000	8.78174
78	11000.00000	9.27762
78	11200.00000	9.27762
78	11400.00000	9.27762
78	11600.00000	9.27762
78	11800.00000	9.27762
78	12000.00000	9.89195
78	12200.00000	9.89195
78	12400.00000	9.89195
78	12600.00000	9.89195
78	12800.00000	9.89195
78	13000.00000	9.71072
78	13200.00000	9.71072
78	13400.00000	9.71072
78	13600.00000	9.71072
78	13800.00000	9.71072
78	14000.00000	9.54137
78	14200.00000	9.54137
78	14400.00000	9.54137
78	14600.00000	9.54137
78	14800.00000	9.54137
78	15000.00000	9.40443
78	15200.00000	9.40443
78	15400.00000	9.40443
78	15600.00000	9.40443
78	15800.00000	9.39290
78	16000.00000	9.39290
78	16200.00000	9.39290
78	16400.00000	9.39290
78	16600.00000	9.39290
78	16800.00000	9.47727
78	17000.00000	9.47727
78	17200.00000	9.47727
78	17400.00000	9.47727
78	17600.00000	9.47727
78	17800.00000	9.05438
78	18000.00000	9.05438
78	18200.00000	9.05438
78	18400.00000	9.05438
78	18600.00000	9.05438
78	18800.00000	8.78947
78	19000.00000	8.78947
78	19200.00000	8.78947
78	19400.00000	8.78947
78	19600.00000	8.78947
78	19800.00000	8.62718
78	20000.00000	8.62718
79	0.00000	9.92649
79	200.00000	9.92649
79	400.00000	9.92649
79	600.00000	9.92649
79	800.00000	9.92649
79	1000.00000	10.22570
79	1200.00000	10.22570
79	1400.00000	10.22570
79	1600.00000	10.22570
79	1800.00000	10.22570
79	2000.00000	9.50541
79	2200.00000	9.50541
79	2400.00000	9.50541
79	2600.00000	9.50541
79	2800.00000	9.50541
79	3000.00000	8.84194
79	3200.00000	8.84194
79	3400.00000	8.84194
79	3600.00000	8.84194
79	3800.00000	8.84194
79	4000.00000	9.17903
79	4200.00000	9.17903
79	4400.00000	9.17903
79	4600.00000	9.17903
79	4800.00000	9.17903
79	5000.00000	8.97774
79	5200.00000	8.97774
79	5400.00000	8.97774
79	5600.00000	8.97774
79	5800.00000	8.97774
79	6000.00000	9.32378
79	6200.00000	9.32378
79	6400.00000	9.32378
79	6600.00000	9.32378
79	6800.00000	9.32378
79	7000.00000	8.87884
79	7200.00000	8.87884
79	7400.00000	8.87884
79	7600.00000	8.87884
79	7800.00000	8.87884
79	8000.00000	8.89538
79	8200.00000	8.89538
79	8400.00000	8.89538
79	8600.00000	8.89538
79	8800.00000	8.89538
79	9000.00000	8.90594
79	9200.00000	8.90594
79	9400.00000	8.90594
79	9600.00000	8.90594
79	9800.00000	8.90594
79	10000.00000	8.92116
79	10200.00000	8.92116
79	10400.00000	8.92116
79	10600.00000	8.92116
79	10800.00000	8.92116
79	11000.00000	9.25883
79	11200.00000	9.25883
79	11400.00000	9.25883
79	11600.00000	9.25883
79	11800.00000	9.25883
79	12000.00000	9.57212
79	12200.00000	9.57212
79	12400.00000	9.57212
79	12600.00000	9.57212
79	12800.00000	9.57212
79	13000.00000	9.89968
79	13200.00000	9.89968
79	13400.00000	9.89968
79	13600.00000	9.89968
79	13800.00000	9.89968
79	14000.00000	9.70662
79	14200.00000	9.70662
79	14400.00000	9.70662
79	14600.00000	9.70662
79	14800.00000	9.70662
79	15000.00000	9.80655
79	15200.00000	9.80655
79	15400.00000	9.80655
79	15600.00000	9.80655
79	15800.00000	9.20402
79	16000.00000	9.20402
79	16200.00000	9.20402
79	16400.00000	9.20402
79	16600.00000	9.20402
79	16800.00000	8.84212
79	17000.00000	8.84212
79	17200.00000	8.84212
79	17400.00000	8.84212
79	17600.00000	8.84212
79	17800.00000	8.93446
79	18000.00000	8.93446
79	18200.00000	8.93446
79	18400.00000	8.93446
79	18600.00000	8.93446
79	18800.00000	8.95876
79	19000.00000	8.95876
79	19200.00000	8.95876
79	19400.00000	8.95876
79	19600.00000	8.95876
79	19800.00000	8.72050
79	20000.00000	8.72050
80	0.00000	9.88171
80	200.00000	9.88171
80	400.00000	9.88171
80	600.00000	9.88171
80	800.00000	9.88171
80	1000.00000	10.20824
80	1200.00000	10.20824
80	1400.00000	10.20824
80	1600.00000	10.20824
80	1800.00000	10.20824
80	2000.00000	9.55340
80	2200.00000	9.55340
80	2400.00000	9.55340
80	2600.00000	9.55340
80	2800.00000	9.55340
80	3000.00000	8.92916
80	3200.00000	8.92916
80	3400.00000	8.92916
80	3600.00000	8.92916
80	3800.00000	8.92916
80	4000.00000	8.86331
80	4200.00000	8.86331
80	4400.00000	8.86331
80	4600.00000	8.86331
80	4800.00000	8.86331
80	5000.00000	9.25478
80	5200.00000	9.25478
80	5400.00000	9.25478
80	5600.00000	9.25478
80	5800.00000	9.25478
80	6000.00000	9.00068
80	6200.00000	9.00068
80	6400.00000	9.00068
80	6600.00000	9.00068
80	6800.00000	9.00068
80	7000.00000	8.93868
80	7200.00000	8.93868
80	7400.00000	8.93868
80	7600.00000	8.93868
80	7800.00000	8.93868
80	8000.00000	9.02806
80	8200.00000	9.02806
80	8400.00000	9.02806
80	8600.00000	9.02806
80	8800.00000	9.02806
80	9000.00000	9.34582
80	9200.00000	9.34582
80	9400.00000	9.34582
80	9600.00000	9.34582
80	9800.00000	9.34582
80	10000.00000	9.76244
80	10200.00000	9.76244
80	10400.00000	9.76244
80	10600.00000	9.76244
80	10800.00000	9.76244
80	11000.00000	9.79186
80	11200.00000	9.79186
80	11400.00000	9.79186
80	11600.00000	9.79186
80	11800.00000	9.79186
80	12000.00000	9.24043
80	12200.00000	9.24043
80	12400.00000	9.24043
80	12600.00000	9.24043
80	12800.00000	9.24043
80	13000.00000	9.13989
80	13200.00000	9.13989
80	13400.00000	9.13989
80	13600.00000	9.13989
80	13800.00000	9.13989
80	14000.00000	9.26624
80	14200.00000	9.26624
80	14400.00000	9.26624
80	14600.00000	9.26624
80	14800.00000	9.26624
80	15000.00000	9.46164
80	15200.00000	9.46164
80	15400.00000	9.46164
80	15600.00000	9.46164
80	15800.00000	9.50201
80	16000.00000	9.50201
80	16200.00000	9.50201
80	16400.00000	9.50201
80	16600.00000	9.50201
80	16800.00000	9.63362
80	17000.00000	9.63362
80	17200.00000	9.63362
80	17400.00000	9.63362
80	17600.00000	9.63362
80	17800.00000	9.45229
80	18000.00000	9.45229
80	18200.00000	9.45229
80	18400.00000	9.45229
80	18600.00000	9.45229
80	18800.00000	9.57897
80	19000.00000	9.57897
80	19200.00000	9.57897
80	19400.00000	9.57897
80	19600.00000	9.57897
80	19800.00000	9.66118
80	20000.00000	9.66118
81	0.00000	9.86582
81	200.00000	9.86582
81	400.00000	9.86582
81	600.00000	9.86582
81	800.00000	9.86582
81	1000.00000	9.93873
81	1200.00000	9.93873
81	1400.00000	9.93873
81	1600.00000	9.93873
81	1800.00000	9.93873
81	2000.00000	9.73837
81	2200.00000	9.73837
81	2400.00000	9.73837
81	2600.00000	9.73837
81	2800.00000	9.73837
81	3000.00000	9.04709
81	3200.00000	9.04709
81	3400.00000	9.04709
81	3600.00000	9.04709
81	3800.00000	9.04709
81	4000.00000	9.08728
81	4200.00000	9.08728
81	4400.00000	9.08728
81	4600.00000	9.08728
81	4800.00000	9.08728
81	5000.00000	8.96510
81	5200.00000	8.96510
81	5400.00000	8.96510
81	5600.00000	8.96510
81	5800.00000	8.96510
81	6000.00000	8.81863
81	6200.00000	8.81863
81	6400.00000	8.81863
81	6600.00000	8.81863
81	6800.00000	8.81863
81	7000.00000	8.84107
81	7200.00000	8.84107
81	7400.00000	8.84107
81	7600.00000	8.84107
81	7800.00000	8.84107
81	8000.00000	9.10718
81	8200.00000	9.10718
81	8400.00000	9.10718
81	8600.00000	9.10718
81	8800.00000	9.10718
81	9000.00000	8.90083
81	9200.00000	8.90083
81	9400.00000	8.90083
81	9600.00000	8.90083
81	9800.00000	8.90083
81	10000.00000	9.14497
81	10200.00000	9.14497
81	10400.00000	9.14497
81	10600.00000	9.14497
81	10800.00000	9.14497
81	11000.00000	9.18814
81	11200.00000	9.18814
81	11400.00000	9.18814
81	11600.00000	9.18814
81	11800.00000	9.18814
81	12000.00000	9.23674
81	12200.00000	9.23674
81	12400.00000	9.23674
81	12600.00000	9.23674
81	12800.00000	9.23674
81	13000.00000	9.28350
81	13200.00000	9.28350
81	13400.00000	9.28350
81	13600.00000	9.28350
81	13800.00000	9.28350
81	14000.00000	9.31271
81	14200.00000	9.31271
81	14400.00000	9.31271
81	14600.00000	9.31271
81	14800.00000	9.31271
81	15000.00000	9.21347
81	15200.00000	9.21347
81	15400.00000	9.21347
81	15600.00000	9.21347
81	15800.00000	9.18517
81	16000.00000	9.18517
81	16200.00000	9.18517
81	16400.00000	9.18517
81	16600.00000	9.18517
81	16800.00000	9.12317
81	17000.00000	9.12317
81	17200.00000	9.12317
81	17400.00000	9.12317
81	17600.00000	9.12317
81	17800.00000	8.97973
81	18000.00000	8.97973
81	18200.00000	8.97973
81	18400.00000	8.97973
81	18600.00000	8.97973
81	18800.00000	9.14878
81	19000.00000	9.14878
81	19200.00000	9.14878
81	19400.00000	9.14878
81	19600.00000	9.14878
81	19800.00000	9.33312
81	20000.00000	9.33312
82	0.00000	10.04033
82	200.00000	10.04033
82	400.00000	10.04033
82	600.00000	10.04033
82	800.00000	10.04033
82	1000.00000	10.24681
82	1200.00000	10.24681
82	1400.00000	10.24681
82	1600.00000	10.24681
82	1800.00000	10.24681
82	2000.00000	9.44545
82	2200.00000	9.44545
82	2400.00000	9.44545
82	2600.00000	9.44545
82	2800.00000	9.44545
82	3000.00000	9.05705
82	3200.00000	9.05705
82	3400.00000	9.05705
82	3600.00000	9.05705
82	3800.00000	9.05705
82	4000.00000	9.09673
82	4200.00000	9.09673
82	4400.00000	9.09673
82	4600.00000	9.09673
82	4800.00000	9.09673
82	5000.00000	8.69429
82	5200.00000	8.69429
82	5400.00000	8.69429
82	5600.00000	8.69429
82	5800.00000	8.69429
82	6000.00000	9.15246
82	6200.00000	9.15246
82	6400.00000	9.15246
82	6600.00000	9.15246
82	6800.00000	9.15246
82	7000.00000	8.97815
82	7200.00000	8.97815
82	7400.00000	8.97815
82	7600.00000	8.97815
82	7800.00000	8.97815
82	8000.00000	8.55217
82	8200.00000	8.55217
82	8400.00000	8.55217
82	8600.00000	8.55217
82	8800.00000	8.55217
82	9000.00000	9.04887
82	9200.00000	9.04887
82	9400.00000	9.04887
82	9600.00000	9.04887
82	9800.00000	9.04887
82	10000.00000	9.38016
82	10200.00000	9.38016
82	10400.00000	9.38016
82	10600.00000	9.38016
82	10800.00000	9.38016
82	11000.00000	9.75352
82	11200.00000	9.75352
82	11400.00000	9.75352
82	11600.00000	9.75352
82	11800.00000	9.75352
82	12000.00000	9.71656
82	12200.00000	9.71656
82	12400.00000	9.71656
82	12600.00000	9.71656
82	12800.00000	9.71656
82	13000.00000	9.71621
82	13200.00000	9.71621
82	13400.00000	9.71621
82	13600.00000	9.71621
82	13800.00000	9.71621
82	14000.00000	9.38205
82	14200.00000	9.38205
82	14400.00000	9.38205
82	14600.00000	9.38205
82	14800.00000	9.38205
82	15000.00000	9.73898
82	15200.00000	9.73898
82	15400.00000	9.73898
82	15600.00000	9.73898
82	15800.00000	9.26328
82	16000.00000	9.26328
82	16200.00000	9.26328
82	16400.00000	9.26328
82	16600.00000	9.26328
82	16800.00000	9.17295
82	17000.00000	9.17295
82	17200.00000	9.17295
82	17400.00000	9.17295
82	17600.00000	9.17295
82	17800.00000	9.20670
82	18000.00000	9.20670
82	18200.00000	9.20670
82	18400.00000	9.20670
82	18600.00000	9.20670
82	18800.00000	9.91492
82	19000.00000	9.91492
82	19200.00000	9.91492
82	19400.00000	9.91492
82	19600.00000	9.91492
82	19800.00000	9.41506
82	20000.00000	9.41506
83	0.00000	9.90364
83	200.00000	9.90364
83	400.00000	9.90364
83	600.00000	9.90364
83	800.00000	9.90364
83	1000.00000	10.02346
83	1200.00000	10.02346
83	1400.00000	10.02346
83	1600.00000	10.02346
83	1800.00000	10.02346
83	2000.00000	9.54791
83	2200.00000	9.54791
83	2400.00000	9.54791
83	2600.00000	9.54791
83	2800.00000	9.54791
83	3000.00000	9.13195
83	3200.00000	9.13195
83	3400.00000	9.13195
83	3600.00000	9.13195
83	3800.00000	9.13195
83	4000.00000	8.96908
83	4200.00000	8.96908
83	4400.00000	8.96908
83	4600.00000	8.96908
83	4800.00000	8.96908
83	5000.00000	8.73186
83	5200.00000	8.73186
83	5400.00000	8.73186
83	5600.00000	8.73186
83	5800.00000	8.73186
83	6000.00000	8.77953
83	6200.00000	8.77953
83	6400.00000	8.77953
83	6600.00000	8.77953
83	6800.00000	8.77953
83	7000.00000	8.84930
83	7200.00000	8.84930
83	7400.00000	8.84930
83	7600.00000	8.84930
83	7800.00000	8.84930
83	8000.00000	9.05877
83	8200.00000	9.05877
83	8400.00000	9.05877
83	8600.00000	9.05877
83	8800.00000	9.05877
83	9000.00000	8.97656
83	9200.00000	8.97656
83	9400.00000	8.97656
83	9600.00000	8.97656
83	9800.00000	8.97656
83	10000.00000	9.04540
83	10200.00000	9.04540
83	10400.00000	9.04540
83	10600.00000	9.04540
83	10800.00000	9.04540
83	11000.00000	8.98972
83	11200.00000	8.98972
83	11400.00000	8.98972
83	11600.00000	8.98972
83	11800.00000	8.98972
83	12000.00000	9.09081
83	12200.00000	9.09081
83	12400.00000	9.09081
83	12600.00000	9.09081
83	12800.00000	9.09081
83	13000.00000	9.11373
83	13200.00000	9.11373
83	13400.00000	9.11373
83	13600.00000	9.11373
83	13800.00000	9.11373
83	14000.00000	9.15102
83	14200.00000	9.15102
83	14400.00000	9.15102
83	14600.00000	9.15102
83	14800.00000	9.15102
83	15000.00000	9.16296
83	15200.00000	9.16296
83	15400.00000	9.16296
83	15600.00000	9.16296
83	15800.00000	8.94767
83	16000.00000	8.94767
83	16200.00000	8.94767
83	16400.00000	8.94767
83	16600.00000	8.94767
83	16800.00000	8.84306
83	17000.00000	8.84306
83	17200.00000	8.84306
83	17400.00000	8.84306
83	17600.00000	8.84306
83	17800.00000	9.14508
83	18000.00000	9.14508
83	18200.00000	9.14508
83	18400.00000	9.14508
83	18600.00000	9.14508
83	18800.00000	9.43792
83	19000.00000	9.43792
83	19200.00000	9.43792
83	19400.00000	9.43792
83	19600.00000	9.43792
83	19800.00000	9.51596
83	20000.00000	9.51596
84	0.00000	9.99983
84	200.00000	9.99983
84	400.00000	9.99983
84	600.00000	9.99983
84	800.00000	9.99983
84	1000.00000	10.21581
84	1200.00000	10.21581
84	1400.00000	10.21581
84	1600.00000	10.21581
84	1800.00000	10.21581
84	2000.00000	9.62872
84	2200.00000	9.62872
84	2400.00000	9.62872
84	2600.00000	9.62872
84	2800.00000	9.62872
84	3000.00000	9.07583
84	3200.00000	9.07583
84	3400.00000	9.07583
84	3600.00000	9.07583
84	3800.00000	9.07583
84	4000.00000	9.04227
84	4200.00000	9.04227
84	4400.00000	9.04227
84	4600.00000	9.04227
84	4800.00000	9.04227
84	5000.00000	9.32553
84	5200.00000	9.32553
84	5400.00000	9.32553
84	5600.00000	9.32553
84	5800.00000	9.32553
84	6000.00000	8.94699
84	6200.00000	8.94699
84	6400.00000	8.94699
84	6600.00000	8.94699
84	6800.00000	8.94699
84	7000.00000	8.94950
84	7200.00000	8.94950
84	7400.00000	8.94950
84	7600.00000	8.94950
84	7800.00000	8.94950
84	8000.00000	9.06000
84	8200.00000	9.06000
84	8400.00000	9.06000
84	8600.00000	9.06000
84	8800.00000	9.06000
84	9000.00000	8.69355
84	9200.00000	8.69355
84	9400.00000	8.69355
84	9600.00000	8.69355
84	9800.00000	8.69355
84	10000.00000	9.35996
84	10200.00000	9.35996
84	10400.00000	9.35996
84	10600.00000	9.35996
84	10800.00000	9.35996
84	11000.00000	9.48593
84	11200.00000	9.48593
84	11400.00000	9.48593
84	11600.00000	9.48593
84	11800.00000	9.48593
84	12000.00000	8.79239
84	12200.00000	8.79239
84	12400.00000	8.79239
84	12600.00000	8.79239
84	12800.00000	8.79239
84	13000.00000	9.48500
84	13200.00000	9.48500
84	13400.00000	9.48500
84	13600.00000	9.48500
84	13800.00000	9.48500
84	14000.00000	9.72980
84	14200.00000	9.72980
84	14400.00000	9.72980
84	14600.00000	9.72980
84	14800.00000	9.72980
84	15000.00000	9.46411
84	15200.00000	9.46411
84	15400.00000	9.46411
84	15600.00000	9.46411
84	15800.00000	9.04515
84	16000.00000	9.04515
84	16200.00000	9.04515
84	16400.00000	9.04515
84	16600.00000	9.04515
84	16800.00000	9.44259
84	17000.00000	9.44259
84	17200.00000	9.44259
84	17400.00000	9.44259
84	17600.00000	9.44259
84	17800.00000	10.09752
84	18000.00000	10.09752
84	18200.00000	10.09752
84	18400.00000	10.09752
84	18600.00000	10.09752
84	18800.00000	9.76022
84	19000.00000	9.76022
84	19200.00000	9.76022
84	19400.00000	9.76022
84	19600.00000	9.76022
84	19800.00000	9.57052
84	20000.00000	9.57052
85	0.00000	9.97525
85	200.00000	9.97525
85	400.00000	9.97525
85	600.00000	9.97525
85	800.00000	9.97525
85	1000.00000	10.08562
85	1200.00000	10.08562
85	1400.00000	10.08562
85	1600.00000	10.08562
85	1800.00000	10.08562
85	2000.00000	9.56004
85	2200.00000	9.56004
85	2400.00000	9.56004
85	2600.00000	9.56004
85	2800.00000	9.56004
85	3000.00000	9.29595
85	3200.00000	9.29595
85	3400.00000	9.29595
85	3600.00000	9.29595
85	3800.00000	9.29595
85	4000.00000	9.27053
85	4200.00000	9.27053
85	4400.00000	9.27053
85	4600.00000	9.27053
85	4800.00000	9.27053
85	5000.00000	9.02314
85	5200.00000	9.02314
85	5400.00000	9.02314
85	5600.00000	9.02314
85	5800.00000	9.02314
85	6000.00000	8.95295
85	6200.00000	8.95295
85	6400.00000	8.95295
85	6600.00000	8.95295
85	6800.00000	8.95295
85	7000.00000	8.79137
85	7200.00000	8.79137
85	7400.00000	8.79137
85	7600.00000	8.79137
85	7800.00000	8.79137
85	8000.00000	8.58090
85	8200.00000	8.58090
85	8400.00000	8.58090
85	8600.00000	8.58090
85	8800.00000	8.58090
85	9000.00000	8.85626
85	9200.00000	8.85626
85	9400.00000	8.85626
85	9600.00000	8.85626
85	9800.00000	8.85626
85	10000.00000	9.18509
85	10200.00000	9.18509
85	10400.00000	9.18509
85	10600.00000	9.18509
85	10800.00000	9.18509
85	11000.00000	9.24971
85	11200.00000	9.24971
85	11400.00000	9.24971
85	11600.00000	9.24971
85	11800.00000	9.24971
85	12000.00000	9.46778
85	12200.00000	9.46778
85	12400.00000	9.46778
85	12600.00000	9.46778
85	12800.00000	9.46778
85	13000.00000	9.68160
85	13200.00000	9.68160
85	13400.00000	9.68160
85	13600.00000	9.68160
85	13800.00000	9.68160
85	14000.00000	9.40350
85	14200.00000	9.40350
85	14400.00000	9.40350
85	14600.00000	9.40350
85	14800.00000	9.40350
85	15000.00000	9.38655
85	15200.00000	9.38655
85	15400.00000	9.38655
85	15600.00000	9.38655
85	15800.00000	9.27599
85	16000.00000	9.27599
85	16200.00000	9.27599
85	16400.00000	9.27599
85	16600.00000	9.27599
85	16800.00000	9.05916
85	17000.00000	9.05916
85	17200.00000	9.05916
85	17400.00000	9.05916
85	17600.00000	9.05916
85	17800.00000	9.60637
85	18000.00000	9.60637
85	18200.00000	9.60637
85	18400.00000	9.60637
85	18600.00000	9.60637
85	18800.00000	9.38132
85	19000.00000	9.38132
85	19200.00000	9.38132
85	19400.00000	9.38132
85	19600.00000	9.38132
85	19800.00000	9.89027
85	20000.00000	9.89027
86	0.00000	9.90689
86	200.00000	9.90689
86	400.00000	9.90689
86	600.00000	9.90689
86	800.00000	9.90689
86	1000.00000	10.33071
86	1200.00000	10.33071
86	1400.00000	10.33071
86	1600.00000	10.33071
86	1800.00000	10.33071
86	2000.00000	9.49771
86	2200.00000	9.49771
86	2400.00000	9.49771
86	2600.00000	9.49771
86	2800.00000	9.49771
86	3000.00000	9.01653
86	3200.00000	9.01653
86	3400.00000	9.01653
86	3600.00000	9.01653
86	3800.00000	9.01653
86	4000.00000	8.89082
86	4200.00000	8.89082
86	4400.00000	8.89082
86	4600.00000	8.89082
86	4800.00000	8.89082
86	5000.00000	9.26401
86	5200.00000	9.26401
86	5400.00000	9.26401
86	5600.00000	9.26401
86	5800.00000	9.26401
86	6000.00000	9.26856
86	6200.00000	9.26856
86	6400.00000	9.26856
86	6600.00000	9.26856
86	6800.00000	9.26856
86	7000.00000	8.44573
86	7200.00000	8.44573
86	7400.00000	8.44573
86	7600.00000	8.44573
86	7800.00000	8.44573
86	8000.00000	8.86388
86	8200.00000	8.86388
86	8400.00000	8.86388
86	8600.00000	8.86388
86	8800.00000	8.86388
86	9000.00000	9.07684
86	9200.00000	9.07684
86	9400.00000	9.07684
86	9600.00000	9.07684
86	9800.00000	9.07684
86	10000.00000	9.31972
86	10200.00000	9.31972
86	10400.00000	9.31972
86	10600.00000	9.31972
86	10800.00000	9.31972
86	11000.00000	9.75836
86	11200.00000	9.75836
86	11400.00000	9.75836
86	11600.00000	9.75836
86	11800.00000	9.75836
86	12000.00000	9.56536
86	12200.00000	9.56536
86	12400.00000	9.56536
86	12600.00000	9.56536
86	12800.00000	9.56536
86	13000.00000	9.84946
86	13200.00000	9.84946
86	13400.00000	9.84946
86	13600.00000	9.84946
86	13800.00000	9.84946
86	14000.00000	9.37374
86	14200.00000	9.37374
86	14400.00000	9.37374
86	14600.00000	9.37374
86	14800.00000	9.37374
86	15000.00000	9.26900
86	15200.00000	9.26900
86	15400.00000	9.26900
86	15600.00000	9.26900
86	15800.00000	9.62972
86	16000.00000	9.62972
86	16200.00000	9.62972
86	16400.00000	9.62972
86	16600.00000	9.62972
86	16800.00000	9.22348
86	17000.00000	9.22348
86	17200.00000	9.22348
86	17400.00000	9.22348
86	17600.00000	9.22348
86	17800.00000	9.09163
86	18000.00000	9.09163
86	18200.00000	9.09163
86	18400.00000	9.09163
86	18600.00000	9.09163
86	18800.00000	9.18270
86	19000.00000	9.18270
86	19200.00000	9.18270
86	19400.00000	9.18270
86	19600.00000	9.18270
86	19800.00000	8.61239
86	20000.00000	8.61239
87	0.00000	9.63508
87	200.00000	9.63508
87	400.00000	9.63508
87	600.00000	9.63508
87	800.00000	9.63508
87	1000.00000	10.41823
87	1200.00000	10.41823
87	1400.00000	10.41823
87	1600.00000	10.41823
87	1800.00000	10.41823
87	2000.00000	9.65359
87	2200.00000	9.65359
87	2400.00000	9.65359
87	2600.00000	9.65359
87	2800.00000	9.65359
87	3000.00000	8.66758
87	3200.00000	8.66758
87	3400.00000	8.66758
87	3600.00000	8.66758
87	3800.00000	8.66758
87	4000.00000	9.56019
87	4200.00000	9.56019
87	4400.00000	9.56019
87	4600.00000	9.56019
87	4800.00000	9.56019
87	5000.00000	8.86549
87	5200.00000	8.86549
87	5400.00000	8.86549
87	5600.00000	8.86549
87	5800.00000	8.86549
87	6000.00000	9.26143
87	6200.00000	9.26143
87	6400.00000	9.26143
87	6600.00000	9.26143
87	6800.00000	9.26143
87	7000.00000	8.85799
87	7200.00000	8.85799
87	7400.00000	8.85799
87	7600.00000	8.85799
87	7800.00000	8.85799
87	8000.00000	9.28537
87	8200.00000	9.28537
87	8400.00000	9.28537
87	8600.00000	9.28537
87	8800.00000	9.28537
87	9000.00000	8.90543
87	9200.00000	8.90543
87	9400.00000	8.90543
87	9600.00000	8.90543
87	9800.00000	8.90543
87	10000.00000	9.33102
87	10200.00000	9.33102
87	10400.00000	9.33102
87	10600.00000	9.33102
87	10800.00000	9.33102
87	11000.00000	9.75802
87	11200.00000	9.75802
87	11400.00000	9.75802
87	11600.00000	9.75802
87	11800.00000	9.75802
87	12000.00000	8.68080
87	12200.00000	8.68080
87	12400.00000	8.68080
87	12600.00000	8.68080
87	12800.00000	8.68080
87	13000.00000	9.42148
87	13200.00000	9.42148
87	13400.00000	9.42148
87	13600.00000	9.42148
87	13800.00000	9.42148
87	14000.00000	8.80686
87	14200.00000	8.80686
87	14400.00000	8.80686
87	14600.00000	8.80686
87	14800.00000	8.80686
87	15000.00000	9.72792
87	15200.00000	9.72792
87	15400.00000	9.72792
87	15600.00000	9.72792
87	15800.00000	9.63698
87	16000.00000	9.63698
87	16200.00000	9.63698
87	16400.00000	9.63698
87	16600.00000	9.63698
87	16800.00000	10.37738
87	17000.00000	10.37738
87	17200.00000	10.37738
87	17400.00000	10.37738
87	17600.00000	10.37738
87	17800.00000	9.98835
87	18000.00000	9.98835
87	18200.00000	9.98835
87	18400.00000	9.98835
87	18600.00000	9.98835
87	18800.00000	9.49428
87	19000.00000	9.49428
87	19200.00000	9.49428
87	19400.00000	9.49428
87	19600.00000	9.49428
87	19800.00000	9.53123
87	20000.00000	9.53123
88	0.00000	9.86014
88	200.00000	9.86014
88	400.00000	9.86014
88	600.00000	9.86014
88	800.00000	9.86014
88	1000.00000	10.21785
88	1200.00000	10.21785
88	1400.00000	10.21785
88	1600.00000	10.21785
88	1800.00000	10.21785
88	2000.00000	9.46927
88	2200.00000	9.46927
88	2400.00000	9.46927
88	2600.00000	9.46927
88	2800.00000	9.46927
88	3000.00000	9.00206
88	3200.00000	9.00206
88	3400.00000	9.00206
88	3600.00000	9.00206
88	3800.00000	9.00206
88	4000.00000	9.24802
88	4200.00000	9.24802
88	4400.00000	9.24802
88	4600.00000	9.24802
88	4800.00000	9.24802
88	5000.00000	8.75878
88	5200.00000	8.75878
88	5400.00000	8.75878
88	5600.00000	8.75878
88	5800.00000	8.75878
88	6000.00000	8.99761
88	6200.00000	8.99761
88	6400.00000	8.99761
88	6600.00000	8.99761
88	6800.00000	8.99761
88	7000.00000	8.98897
88	7200.00000	8.98897
88	7400.00000	8.98897
88	7600.00000	8.98897
88	7800.00000	8.98897
88	8000.00000	8.98867
88	8200.00000	8.98867
88	8400.00000	8.98867
88	8600.00000	8.98867
88	8800.00000	8.98867
88	9000.00000	8.91266
88	9200.00000	8.91266
88	9400.00000	8.91266
88	9600.00000	8.91266
88	9800.00000	8.91266
88	10000.00000	9.37968
88	10200.00000	9.37968
88	10400.00000	9.37968
88	10600.00000	9.37968
88	10800.00000	9.37968
88	11000.00000	9.68059
88	11200.00000	9.68059
88	11400.00000	9.68059
88	11600.00000	9.68059
88	11800.00000	9.68059
88	12000.00000	9.81668
88	12200.00000	9.81668
88	12400.00000	9.81668
88	12600.00000	9.81668
88	12800.00000	9.81668
88	13000.00000	9.99305
88	13200.00000	9.99305
88	13400.00000	9.99305
88	13600.00000	9.99305
88	13800.00000	9.99305
88	14000.00000	9.64804
88	14200.00000	9.64804
88	14400.00000	9.64804
88	14600.00000	9.64804
88	14800.00000	9.64804
88	15000.00000	9.32351
88	15200.00000	9.32351
88	15400.00000	9.32351
88	15600.00000	9.32351
88	15800.00000	8.97569
88	16000.00000	8.97569
88	16200.00000	8.97569
88	16400.00000	8.97569
88	16600.00000	8.97569
88	16800.00000	9.41152
88	17000.00000	9.41152
88	17200.00000	9.41152
88	17400.00000	9.41152
88	17600.00000	9.41152
88	17800.00000	9.74719
88	18000.00000	9.74719
88	18200.00000	9.74719
88	18400.00000	9.74719
88	18600.00000	9.74719
88	18800.00000	9.23725
88	19000.00000	9.23725
88	19200.00000	9.23725
88	19400.00000	9.23725
88	19600.00000	9.23725
88	19800.00000	9.45181
88	20000.00000	9.45181
89	0.00000	10.01403
89	200.00000	10.01403
89	400.00000	10.01403
89	600.00000	10.01403
89	800.00000	10.01403
89	1000.00000	10.03870
89	1200.00000	10.03870
89	1400.00000	10.03870
89	1600.00000	10.03870
89	1800.00000	10.03870
89	2000.00000	9.40290
89	2200.00000	9.40290
89	2400.00000	9.40290
89	2600.00000	9.40290
89	2800.00000	9.40290
89	3000.00000	9.12823
89	3200.00000	9.12823
89	3400.00000	9.12823
89	3600.00000	9.12823
89	3800.00000	9.12823
89	4000.00000	9.11364
89	4200.00000	9.11364
89	4400.00000	9.11364
89	4600.00000	9.11364
89	4800.00000	9.11364
89	5000.00000	8.76471
89	5200.00000	8.76471
89	5400.00000	8.76471
89	5600.00000	8.76471
89	5800.00000	8.76471
89	6000.00000	8.75182
89	6200.00000	8.75182
89	6400.00000	8.75182
89	6600.00000	8.75182
89	6800.00000	8.75182
89	7000.00000	8.92746
89	7200.00000	8.92746
89	7400.00000	8.92746
89	7600.00000	8.92746
89	7800.00000	8.92746
89	8000.00000	8.97054
89	8200.00000	8.97054
89	8400.00000	8.97054
89	8600.00000	8.97054
89	8800.00000	8.97054
89	9000.00000	9.08162
89	9200.00000	9.08162
89	9400.00000	9.08162
89	9600.00000	9.08162
89	9800.00000	9.08162
89	10000.00000	9.67341
89	10200.00000	9.67341
89	10400.00000	9.67341
89	10600.00000	9.67341
89	10800.00000	9.67341
89	11000.00000	9.61794
89	11200.00000	9.61794
89	11400.00000	9.61794
89	11600.00000	9.61794
89	11800.00000	9.61794
89	12000.00000	9.84762
89	12200.00000	9.84762
89	12400.00000	9.84762
89	12600.00000	9.84762
89	12800.00000	9.84762
89	13000.00000	9.90670
89	13200.00000	9.90670
89	13400.00000	9.90670
89	13600.00000	9.90670
89	13800.00000	9.90670
89	14000.00000	9.46954
89	14200.00000	9.46954
89	14400.00000	9.46954
89	14600.00000	9.46954
89	14800.00000	9.46954
89	15000.00000	9.67625
89	15200.00000	9.67625
89	15400.00000	9.67625
89	15600.00000	9.67625
89	15800.00000	9.72933
89	16000.00000	9.72933
89	16200.00000	9.72933
89	16400.00000	9.72933
89	16600.00000	9.72933
89	16800.00000	9.15572
89	17000.00000	9.15572
89	17200.00000	9.15572
89	17400.00000	9.15572
89	17600.00000	9.15572
89	17800.00000	8.48720
89	18000.00000	8.48720
89	18200.00000	8.48720
89	18400.00000	8.48720
89	18600.00000	8.48720
89	18800.00000	8.93458
89	19000.00000	8.93458
89	19200.00000	8.93458
89	19400.00000	8.93458
89	19600.00000	8.93458
89	19800.00000	9.35069
89	20000.00000	9.35069
90	0.00000	9.88248
90	200.00000	9.88248
90	400.00000	9.88248
90	600.00000	9.88248
90	800.00000	9.88248
90	1000.00000	10.28460
90	1200.00000	10.28460
90	1400.00000	10.28460
90	1600.00000	10.28460
90	1800.00000	10.28460
90	2000.00000	9.78983
90	2200.00000	9.78983
90	2400.00000	9.78983
90	2600.00000	9.78983
90	2800.00000	9.78983
90	3000.00000	8.92048
90	3200.00000	8.92048
90	3400.00000	8.92048
90	3600.00000	8.92048
90	3800.00000	8.92048
90	4000.00000	8.82728
90	4200.00000	8.82728
90	4400.00000	8.82728
90	4600.00000	8.82728
90	4800.00000	8.82728
90	5000.00000	9.27709
90	5200.00000	9.27709
90	5400.00000	9.27709
90	5600.00000	9.27709
90	5800.00000	9.27709
90	6000.00000	8.95659
90	6200.00000	8.95659
90	6400.00000	8.95659
90	6600.00000	8.95659
90	6800.00000	8.95659
90	7000.00000	8.97810
90	7200.00000	8.97810
90	7400.00000	8.97810
90	7600.00000	8.97810
90	7800.00000	8.97810
90	8000.00000	9.05786
90	8200.00000	9.05786
90	8400.00000	9.05786
90	8600.00000	9.05786
90	8800.00000	9.05786
90	9000.00000	8.61468
90	9200.00000	8.61468
90	9400.00000	8.61468
90	9600.00000	8.61468
90	9800.00000	8.61468
90	10000.00000	8.94427
90	10200.00000	8.94427
90	10400.00000	8.94427
90	10600.00000	8.94427
90	10800.00000	8.94427
90	11000.00000	9.42734
90	11200.00000	9.42734
90	11400.00000	9.42734
90	11600.00000	9.42734
90	11800.00000	9.42734
90	12000.00000	9.68765
90	12200.00000	9.68765
90	12400.00000	9.68765
90	12600.00000	9.68765
90	12800.00000	9.68765
90	13000.00000	9.62453
90	13200.00000	9.62453
90	13400.00000	9.62453
90	13600.00000	9.62453
90	13800.00000	9.62453
90	14000.00000	9.85444
90	14200.00000	9.85444
90	14400.00000	9.85444
90	14600.00000	9.85444
90	14800.00000	9.85444
90	15000.00000	9.53558
90	15200.00000	9.53558
90	15400.00000	9.53558
90	15600.00000	9.53558
90	15800.00000	9.35805
90	16000.00000	9.35805
90	16200.00000	9.35805
90	16400.00000	9.35805
90	16600.00000	9.35805
90	16800.00000	8.45772
90	17000.00000	8.45772
90	17200.00000	8.45772
90	17400.00000	8.45772
90	17600.00000	8.45772
90	17800.00000	8.29643
90	18000.00000	8.29643
90	18200.00000	8.29643
90	18400.00000	8.29643
90	18600.00000	8.29643
90	18800.00000	8.86244
90	19000.00000	8.86244
90	19200.00000	8.86244
90	19400.00000	8.86244
90	19600.00000	8.86244
90	19800.00000	9.46686
90	20000.00000	9.46686
91	0.00000	9.99293
91	200.00000	9.99293
91	400.00000	9.99293
91	600.00000	9.99293
91	800.00000	9.99293
91	1000.00000	10.01475
91	1200.00000	10.01475
91	1400.00000	10.01475
91	1600.00000	10.01475
91	1800.00000	10.01475
91	2000.00000	9.50979
91	2200.00000	9.50979
91	2400.00000	9.50979
91	2600.00000	9.50979
91	2800.00000	9.50979
91	3000.00000	8.98791
91	3200.00000	8.98791
91	3400.00000	8.98791
91	3600.00000	8.98791
91	3800.00000	8.98791
91	4000.00000	9.23772
91	4200.00000	9.23772
91	4400.00000	9.23772
91	4600.00000	9.23772
91	4800.00000	9.23772
91	5000.00000	9.25189
91	5200.00000	9.25189
91	5400.00000	9.25189
91	5600.00000	9.25189
91	5800.00000	9.25189
91	6000.00000	9.07159
91	6200.00000	9.07159
91	6400.00000	9.07159
91	6600.00000	9.07159
91	6800.00000	9.07159
91	7000.00000	8.89884
91	7200.00000	8.89884
91	7400.00000	8.89884
91	7600.00000	8.89884
91	7800.00000	8.89884
91	8000.00000	8.61601
91	8200.00000	8.61601
91	8400.00000	8.61601
91	8600.00000	8.61601
91	8800.00000	8.61601
91	9000.00000	8.90309
91	9200.00000	8.90309
91	9400.00000	8.90309
91	9600.00000	8.90309
91	9800.00000	8.90309
91	10000.00000	9.06345
91	10200.00000	9.06345
91	10400.00000	9.06345
91	10600.00000	9.06345
91	10800.00000	9.06345
91	11000.00000	9.25059
91	11200.00000	9.25059
91	11400.00000	9.25059
91	11600.00000	9.25059
91	11800.00000	9.25059
91	12000.00000	9.18950
91	12200.00000	9.18950
91	12400.00000	9.18950
91	12600.00000	9.18950
91	12800.00000	9.18950
91	13000.00000	9.65226
91	13200.00000	9.65226
91	13400.00000	9.65226
91	13600.00000	9.65226
91	13800.00000	9.65226
91	14000.00000	9.52950
91	14200.00000	9.52950
91	14400.00000	9.52950
91	14600.00000	9.52950
91	14800.00000	9.52950
91	15000.00000	9.33487
91	15200.00000	9.33487
91	15400.00000	9.33487
91	15600.00000	9.33487
91	15800.00000	8.93296
91	16000.00000	8.93296
91	16200.00000	8.93296
91	16400.00000	8.93296
91	16600.00000	8.93296
91	16800.00000	9.25689
91	17000.00000	9.25689
91	17200.00000	9.25689
91	17400.00000	9.25689
91	17600.00000	9.25689
91	17800.00000	9.48631
91	18000.00000	9.48631
91	18200.00000	9.48631
91	18400.00000	9.48631
91	18600.00000	9.48631
91	18800.00000	9.37493
91	19000.00000	9.37493
91	19200.00000	9.37493
91	19400.00000	9.37493
91	19600.00000	9.37493
91	19800.00000	9.42353
91	20000.00000	9.42353
92	0.00000	9.93975
92	200.00000	9.93975
92	400.00000	9.93975
92	600.00000	9.93975
92	800.00000	9.93975
92	1000.00000	10.03267
92	1200.00000	10.03267
92	1400.00000	10.03267
92	1600.00000	10.03267
92	1800.00000	10.03267
92	2000.00000	9.52591
92	2200.00000	9.52591
92	2400.00000	9.52591
92	2600.00000	9.52591
92	2800.00000	9.52591
92	3000.00000	9.09618
92	3200.00000	9.09618
92	3400.00000	9.09618
92	3600.00000	9.09618
92	3800.00000	9.09618
92	4000.00000	9.33733
92	4200.00000	9.33733
92	4400.00000	9.33733
92	4600.00000	9.33733
92	4800.00000	9.33733
92	5000.00000	8.99244
92	5200.00000	8.99244
92	5400.00000	8.99244
92	5600.00000	8.99244
92	5800.00000	8.99244
92	6000.00000	8.73164
92	6200.00000	8.73164
92	6400.00000	8.73164
92	6600.00000	8.73164
92	6800.00000	8.73164
92	7000.00000	8.45087
92	7200.00000	8.45087
92	7400.00000	8.45087
92	7600.00000	8.45087
92	7800.00000	8.45087
92	8000.00000	8.92680
92	8200.00000	8.92680
92	8400.00000	8.92680
92	8600.00000	8.92680
92	8800.00000	8.92680
92	9000.00000	8.83117
92	9200.00000	8.83117
92	9400.00000	8.83117
92	9600.00000	8.83117
92	9800.00000	8.83117
92	10000.00000	9.09000
92	10200.00000	9.09000
92	10400.00000	9.09000
92	10600.00000	9.09000
92	10800.00000	9.09000
92	11000.00000	9.89150
92	11200.00000	9.89150
92	11400.00000	9.89150
92	11600.00000	9.89150
92	11800.00000	9.89150
92	12000.00000	9.60410
92	12200.00000	9.60410
92	12400.00000	9.60410
92	12600.00000	9.60410
92	12800.00000	9.60410
92	13000.00000	9.38056
92	13200.00000	9.38056
92	13400.00000	9.38056
92	13600.00000	9.38056
92	13800.00000	9.38056
92	14000.00000	9.63358
92	14200.00000	9.63358
92	14400.00000	9.63358
92	14600.00000	9.63358
92	14800.00000	9.63358
92	15000.00000	9.18499
92	15200.00000	9.18499
92	15400.00000	9.18499
92	15600.00000	9.18499
92	15800.00000	8.78132
92	16000.00000	8.78132
92	16200.00000	8.78132
92	16400.00000	8.78132
92	16600.00000	8.78132
92	16800.00000	9.28362
92	17000.00000	9.28362
92	17200.00000	9.28362
92	17400.00000	9.28362
92	17600.00000	9.28362
92	17800.00000	8.91730
92	18000.00000	8.91730
92	18200.00000	8.91730
92	18400.00000	8.91730
92	18600.00000	8.91730
92	18800.00000	9.46070
92	19000.00000	9.46070
92	19200.00000	9.46070
92	19400.00000	9.46070
92	19600.00000	9.46070
92	19800.00000	9.92988
92	20000.00000	9.92988
93	0.00000	9.91159
93	200.00000	9.91159
93	400.00000	9.91159
93	600.00000	9.91159
93	800.00000	9.91159
93	1000.00000	9.90999
93	1200.00000	9.90999
93	1400.00000	9.90999
93	1600.00000	9.90999
93	1800.00000	9.90999
93	2000.00000	9.52842
93	2200.00000	9.52842
93	2400.00000	9.52842
93	2600.00000	9.52842
93	2800.00000	9.52842
93	3000.00000	9.12426
93	3200.00000	9.12426
93	3400.00000	9.12426
93	3600.00000	9.12426
93	3800.00000	9.12426
93	4000.00000	9.30190
93	4200.00000	9.30190
93	4400.00000	9.30190
93	4600.00000	9.30190
93	4800.00000	9.30190
93	5000.00000	9.07172
93	5200.00000	9.07172
93	5400.00000	9.07172
93	5600.00000	9.07172
93	5800.00000	9.07172
93	6000.00000	9.09265
93	6200.00000	9.09265
93	6400.00000	9.09265
93	6600.00000	9.09265
93	6800.00000	9.09265
93	7000.00000	8.97197
93	7200.00000	8.97197
93	7400.00000	8.97197
93	7600.00000	8.97197
93	7800.00000	8.97197
93	8000.00000	9.19399
93	8200.00000	9.19399
93	8400.00000	9.19399
93	8600.00000	9.19399
93	8800.00000	9.19399
93	9000.00000	9.73372
93	9200.00000	9.73372
93	9400.00000	9.73372
93	9600.00000	9.73372
93	9800.00000	9.73372
93	10000.00000	9.60423
93	10200.00000	9.60423
93	10400.00000	9.60423
93	10600.00000	9.60423
93	10800.00000	9.60423
93	11000.00000	9.73010
93	11200.00000	9.73010
93	11400.00000	9.73010
93	11600.00000	9.73010
93	11800.00000	9.73010
93	12000.00000	9.78082
93	12200.00000	9.78082
93	12400.00000	9.78082
93	12600.00000	9.78082
93	12800.00000	9.78082
93	13000.00000	9.40622
93	13200.00000	9.40622
93	13400.00000	9.40622
93	13600.00000	9.40622
93	13800.00000	9.40622
93	14000.00000	9.40807
93	14200.00000	9.40807
93	14400.00000	9.40807
93	14600.00000	9.40807
93	14800.00000	9.40807
93	15000.00000	9.08145
93	15200.00000	9.08145
93	15400.00000	9.08145
93	15600.00000	9.08145
93	15800.00000	9.00141
93	16000.00000	9.00141
93	16200.00000	9.00141
93	16400.00000	9.00141
93	16600.00000	9.00141
93	16800.00000	8.61762
93	17000.00000	8.61762
93	17200.00000	8.61762
93	17400.00000	8.61762
93	17600.00000	8.61762
93	17800.00000	8.52501
93	18000.00000	8.52501
93	18200.00000	8.52501
93	18400.00000	8.52501
93	18600.00000	8.52501
93	18800.00000	8.62614
93	19000.00000	8.62614
93	19200.00000	8.62614
93	19400.00000	8.62614
93	19600.00000	8.62614
93	19800.00000	8.74808
93	20000.00000	8.74808
94	0.00000	9.89084
94	200.00000	9.89084
94	400.00000	9.89084
94	600.00000	9.89084
94	800.00000	9.89084
94	1000.00000	10.42829
94	1200.00000	10.42829
94	1400.00000	10.42829
94	1600.00000	10.42829
94	1800.00000	10.42829
94	2000.00000	9.25350
94	2200.00000	9.25350
94	2400.00000	9.25350
94	2600.00000	9.25350
94	2800.00000	9.25350
94	3000.00000	8.84332
94	3200.00000	8.84332
94	3400.00000	8.84332
94	3600.00000	8.84332
94	3800.00000	8.84332
94	4000.00000	9.20961
94	4200.00000	9.20961
94	4400.00000	9.20961
94	4600.00000	9.20961
94	4800.00000	9.20961
94	5000.00000	8.70589
94	5200.00000	8.70589
94	5400.00000	8.70589
94	5600.00000	8.70589
94	5800.00000	8.70589
94	6000.00000	9.04207
94	6200.00000	9.04207
94	6400.00000	9.04207
94	6600.00000	9.04207
94	6800.00000	9.04207
94	7000.00000	9.53791
94	7200.00000	9.53791
94	7400.00000	9.53791
94	7600.00000	9.53791
94	7800.00000	9.53791
94	8000.00000	9.84081
94	8200.00000	9.84081
94	8400.00000	9.84081
94	8600.00000	9.84081
94	8800.00000	9.84081
94	9000.00000	9.52815
94	9200.00000	9.52815
94	9400.00000	9.52815
94	9600.00000	9.52815
94	9800.00000	9.52815
94	10000.00000	9.30859
94	10200.00000	9.30859
94	10400.00000	9.30859
94	10600.00000	9.30859
94	10800.00000	9.30859
94	11000.00000	9.69579
94	11200.00000	9.69579
94	11400.00000	9.69579
94	11600.00000	9.69579
94	11800.00000	9.69579
94	12000.00000	9.77011
94	12200.00000	9.77011
94	12400.00000	9.77011
94	12600.00000	9.77011
94	12800.00000	9.77011
94	13000.00000	9.28478
94	13200.00000	9.28478
94	13400.00000	9.28478
94	13600.00000	9.28478
94	13800.00000	9.28478
94	14000.00000	9.28096
94	14200.00000	9.28096
94	14400.00000	9.28096
94	14600.00000	9.28096
94	14800.00000	9.28096
94	15000.00000	9.58777
94	15200.00000	9.58777
94	15400.00000	9.58777
94	15600.00000	9.58777
94	15800.00000	9.85555
94	16000.00000	9.85555
94	16200.00000	9.85555
94	16400.00000	9.85555
94	16600.00000	9.85555
94	16800.00000	9.52810
94	17000.00000	9.52810
94	17200.00000	9.52810
94	17400.00000	9.52810
94	17600.00000	9.52810
94	17800.00000	9.42239
94	18000.00000	9.42239
94	18200.00000	9.42239
94	18400.00000	9.42239
94	18600.00000	9.42239
94	18800.00000	9.45113
94	19000.00000	9.45113
94	19200.00000	9.45113
94	19400.00000	9.45113
94	19600.00000	9.45113
94	19800.00000	8.98306
94	20000.00000	8.98306
95	0.00000	10.21708
95	200.00000	10.21708
95	400.00000	10.21708
95	600.00000	10.21708
95	800.00000	10.21708
95	1000.00000	10.09734
95	1200.00000	10.09734
95	1400.00000	10.09734
95	1600.00000	10.09734
95	1800.00000	10.09734
95	2000.00000	9.66747
95	2200.00000	9.66747
95	2400.00000	9.66747
95	2600.00000	9.66747
95	2800.00000	9.66747
95	3000.00000	9.32691
95	3200.00000	9.32691
95	3400.00000	9.32691
95	3600.00000	9.32691
95	3800.00000	9.32691
95	4000.00000	9.09920
95	4200.00000	9.09920
95	4400.00000	9.09920
95	4600.00000	9.09920
95	4800.00000	9.09920
95	5000.00000	8.95959
95	5200.00000	8.95959
95	5400.00000	8.95959
95	5600.00000	8.95959
95	5800.00000	8.95959
95	6000.00000	8.90589
95	6200.00000	8.90589
95	6400.00000	8.90589
95	6600.00000	8.90589
95	6800.00000	8.90589
95	7000.00000	8.96839
95	7200.00000	8.96839
95	7400.00000	8.96839
95	7600.00000	8.96839
95	7800.00000	8.96839
95	8000.00000	8.91617
95	8200.00000	8.91617
95	8400.00000	8.91617
95	8600.00000	8.91617
95	8800.00000	8.91617
95	9000.00000	8.75737
95	9200.00000	8.75737
95	9400.00000	8.75737
95	9600.00000	8.75737
95	9800.00000	8.75737
95	10000.00000	8.90457
95	10200.00000	8.90457
95	10400.00000	8.90457
95	10600.00000	8.90457
95	10800.00000	8.90457
95	11000.00000	8.95256
95	11200.00000	8.95256
95	11400.00000	8.95256
95	11600.00000	8.95256
95	11800.00000	8.95256
95	12000.00000	9.12625
95	12200.00000	9.12625
95	12400.00000	9.12625
95	12600.00000	9.12625
95	12800.00000	9.12625
95	13000.00000	9.15538
95	13200.00000	9.15538
95	13400.00000	9.15538
95	13600.00000	9.15538
95	13800.00000	9.15538
95	14000.00000	9.30301
95	14200.00000	9.30301
95	14400.00000	9.30301
95	14600.00000	9.30301
95	14800.00000	9.30301
95	15000.00000	9.30174
95	15200.00000	9.30174
95	15400.00000	9.30174
95	15600.00000	9.30174
95	15800.00000	9.73125
95	16000.00000	9.73125
95	16200.00000	9.73125
95	16400.00000	9.73125
95	16600.00000	9.73125
95	16800.00000	9.76553
95	17000.00000	9.76553
95	17200.00000	9.76553
95	17400.00000	9.76553
95	17600.00000	9.76553
95	17800.00000	9.67788
95	18000.00000	9.67788
95	18200.00000	9.67788
95	18400.00000	9.67788
95	18600.00000	9.67788
95	18800.00000	9.61066
95	19000.00000	9.61066
95	19200.00000	9.61066
95	19400.00000	9.61066
95	19600.00000	9.61066
95	19800.00000	9.47317
95	20000.00000	9.47317
96	0.00000	9.82155
96	200.00000	9.82155
96	400.00000	9.82155
96	600.00000	9.82155
96	800.00000	9.82155
96	1000.00000	10.40063
96	1200.00000	10.40063
96	1400.00000	10.40063
96	1600.00000	10.40063
96	1800.00000	10.40063
96	2000.00000	9.41840
96	2200.00000	9.41840
96	2400.00000	9.41840
96	2600.00000	9.41840
96	2800.00000	9.41840
96	3000.00000	8.86471
96	3200.00000	8.86471
96	3400.00000	8.86471
96	3600.00000	8.86471
96	3800.00000	8.86471
96	4000.00000	9.40144
96	4200.00000	9.40144
96	4400.00000	9.40144
96	4600.00000	9.40144
96	4800.00000	9.40144
96	5000.00000	9.05573
96	5200.00000	9.05573
96	5400.00000	9.05573
96	5600.00000	9.05573
96	5800.00000	9.05573
96	6000.00000	8.82845
96	6200.00000	8.82845
96	6400.00000	8.82845
96	6600.00000	8.82845
96	6800.00000	8.82845
96	7000.00000	9.27570
96	7200.00000	9.27570
96	7400.00000	9.27570
96	7600.00000	9.27570
96	7800.00000	9.27570
96	8000.00000	8.60464
96	8200.00000	8.60464
96	8400.00000	8.60464
96	8600.00000	8.60464
96	8800.00000	8.60464
96	9000.00000	8.85844
96	9200.00000	8.85844
96	9400.00000	8.85844
96	9600.00000	8.85844
96	9800.00000	8.85844
96	10000.00000	9.63499
96	10200.00000	9.63499
96	10400.00000	9.63499
96	10600.00000	9.63499
96	10800.00000	9.63499
96	11000.00000	9.05662
96	11200.00000	9.05662
96	11400.00000	9.05662
96	11600.00000	9.05662
96	11800.00000	9.05662
96	12000.00000	8.97716
96	12200.00000	8.97716
96	12400.00000	8.97716
96	12600.00000	8.97716
96	12800.00000	8.97716
96	13000.00000	9.68160
96	13200.00000	9.68160
96	13400.00000	9.68160
96	13600.00000	9.68160
96	13800.00000	9.68160
96	14000.00000	9.79103
96	14200.00000	9.79103
96	14400.00000	9.79103
96	14600.00000	9.79103
96	14800.00000	9.79103
96	15000.00000	9.59422
96	15200.00000	9.59422
96	15400.00000	9.59422
96	15600.00000	9.59422
96	15800.00000	9.10603
96	16000.00000	9.10603
96	16200.00000	9.10603
96	16400.00000	9.10603
96	16600.00000	9.10603
96	16800.00000	10.01817
96	17000.00000	10.01817
96	17200.00000	10.01817
96	17400.00000	10.01817
96	17600.00000	10.01817
96	17800.00000	10.12124
96	18000.00000	10.12124
96	18200.00000	10.12124
96	18400.00000	10.12124
96	18600.00000	10.12124
96	18800.00000	9.65472
96	19000.00000	9.65472
96	19200.00000	9.65472
96	19400.00000	9.65472
96	19600.00000	9.65472
96	19800.00000	10.05350
96	20000.00000	10.05350
97	0.00000	10.03395
97	200.00000	10.03395
97	400.00000	10.03395
97	600.00000	10.03395
97	800.00000	10.03395
97	1000.00000	10.17611
97	1200.00000	10.17611
97	1400.00000	10.17611
97	1600.00000	10.17611
97	1800.00000	10.17611
97	2000.00000	9.50726
97	2200.00000	9.50726
97	2400.00000	9.50726
97	2600.00000	9.50726
97	2800.00000	9.50726
97	3000.00000	9.18570
97	3200.00000	9.18570
97	3400.00000	9.18570
97	3600.00000	9.18570
97	3800.00000	9.18570
97	4000.00000	9.20576
97	4200.00000	9.20576
97	4400.00000	9.20576
97	4600.00000	9.20576
97	4800.00000	9.20576
97	5000.00000	9.09440
97	5200.00000	9.09440
97	5400.00000	9.09440
97	5600.00000	9.09440
97	5800.00000	9.09440
97	6000.00000	8.77816
97	6200.00000	8.77816
97	6400.00000	8.77816
97	6600.00000	8.77816
97	6800.00000	8.77816
97	7000.00000	8.85123
97	7200.00000	8.85123
97	7400.00000	8.85123
97	7600.00000	8.85123
97	7800.00000	8.85123
97	8000.00000	8.60589
97	8200.00000	8.60589
97	8400.00000	8.60589
97	8600.00000	8.60589
97	8800.00000	8.60589
97	9000.00000	8.68004
97	9200.00000	8.68004
97	9400.00000	8.68004
97	9600.00000	8.68004
97	9800.00000	8.68004
97	10000.00000	9.13635
97	10200.00000	9.13635
97	10400.00000	9.13635
97	10600.00000	9.13635
97	10800.00000	9.13635
97	11000.00000	9.27895
97	11200.00000	9.27895
97	11400.00000	9.27895
97	11600.00000	9.27895
97	11800.00000	9.27895
97	12000.00000	9.01267
97	12200.00000	9.01267
97	12400.00000	9.01267
97	12600.00000	9.01267
97	12800.00000	9.01267
97	13000.00000	9.23081
97	13200.00000	9.23081
97	13400.00000	9.23081
97	13600.00000	9.23081
97	13800.00000	9.23081
97	14000.00000	9.51009
97	14200.00000	9.51009
97	14400.00000	9.51009
97	14600.00000	9.51009
97	14800.00000	9.51009
97	15000.00000	9.64723
97	15200.00000	9.64723
97	15400.00000	9.64723
97	15600.00000	9.64723
97	15800.00000	9.77834
97	16000.00000	9.77834
97	16200.00000	9.77834
97	16400.00000	9.77834
97	16600.00000	9.77834
97	16800.00000	9.39905
97	17000.00000	9.39905
97	17200.00000	9.39905
97	17400.00000	9.39905
97	17600.00000	9.39905
97	17800.00000	9.16153
97	18000.00000	9.16153
97	18200.00000	9.16153
97	18400.00000	9.16153
97	18600.00000	9.16153
97	18800.00000	9.09420
97	19000.00000	9.09420
97	19200.00000	9.09420
97	19400.00000	9.09420
97	19600.00000	9.09420
97	19800.00000	9.14168
97	20000.00000	9.14168
98	0.00000	9.84483
98	200.00000	9.84483
98	400.00000	9.84483
98	600.00000	9.84483
98	800.00000	9.84483
98	1000.00000	9.93704
98	1200.00000	9.93704
98	1400.00000	9.93704
98	1600.00000	9.93704
98	1800.00000	9.93704
98	2000.00000	9.35170
98	2200.00000	9.35170
98	2400.00000	9.35170
98	2600.00000	9.35170
98	2800.00000	9.35170
98	3000.00000	9.03087
98	3200.00000	9.03087
98	3400.00000	9.03087
98	3600.00000	9.03087
98	3800.00000	9.03087
98	4000.00000	9.00285
98	4200.00000	9.00285
98	4400.00000	9.00285
98	4600.00000	9.00285
98	4800.00000	9.00285
98	5000.00000	8.73573
98	5200.00000	8.73573
98	5400.00000	8.73573
98	5600.00000	8.73573
98	5800.00000	8.73573
98	6000.00000	8.69610
98	6200.00000	8.69610
98	6400.00000	8.69610
98	6600.00000	8.69610
98	6800.00000	8.69610
98	7000.00000	8.95138
98	7200.00000	8.95138
98	7400.00000	8.95138
98	7600.00000	8.95138
98	7800.00000	8.95138
98	8000.00000	8.81100
98	8200.00000	8.81100
98	8400.00000	8.81100
98	8600.00000	8.81100
98	8800.00000	8.81100
98	9000.00000	8.76686
98	9200.00000	8.76686
98	9400.00000	8.76686
98	9600.00000	8.76686
98	9800.00000	8.76686
98	10000.00000	9.32793
98	10200.00000	9.32793
98	10400.00000	9.32793
98	10600.00000	9.32793
98	10800.00000	9.32793
98	11000.00000	9.48064
98	11200.00000	9.48064
98	11400.00000	9.48064
98	11600.00000	9.48064
98	11800.00000	9.48064
98	12000.00000	9.41134
98	12200.00000	9.41134
98	12400.00000	9.41134
98	12600.00000	9.41134
98	12800.00000	9.41134
98	13000.00000	9.73748
98	13200.00000	9.73748
98	13400.00000	9.73748
98	13600.00000	9.73748
98	13800.00000	9.73748
98	14000.00000	9.56343
98	14200.00000	9.56343
98	14400.00000	9.56343
98	14600.00000	9.56343
98	14800.00000	9.56343
98	15000.00000	9.67008
98	15200.00000	9.67008
98	15400.00000	9.67008
98	15600.00000	9.67008
98	15800.00000	9.55056
98	16000.00000	9.55056
98	16200.00000	9.55056
98	16400.00000	9.55056
98	16600.00000	9.55056
98	16800.00000	9.35293
98	17000.00000	9.35293
98	17200.00000	9.35293
98	17400.00000	9.35293
98	17600.00000	9.35293
98	17800.00000	9.55335
98	18000.00000	9.55335
98	18200.00000	9.55335
98	18400.00000	9.55335
98	18600.00000	9.55335
98	18800.00000	9.41651
98	19000.00000	9.41651
98	19200.00000	9.41651
98	19400.00000	9.41651
98	19600.00000	9.41651
98	19800.00000	9.82139
98	20000.00000	9.82139
99	0.00000	10.03608
99	200.00000	10.03608
99	400.00000	10.03608
99	600.00000	10.03608
99	800.00000	10.03608
99	1000.00000	9.97394
99	1200.00000	9.97394
99	1400.00000	9.97394
99	1600.00000	9.97394
99	1800.00000	9.97394
99	2000.00000	9.56299
99	2200.00000	9.56299
99	2400.00000	9.56299
99	2600.00000	9.56299
99	2800.00000	9.56299
99	3000.00000	9.24351
99	3200.00000	9.24351
99	3400.00000	9.24351
99	3600.00000	9.24351
99	3800.00000	9.24351
99	4000.00000	9.20562
99	4200.00000	9.20562
99	4400.00000	9.20562
99	4600.00000	9.20562
99	4800.00000	9.20562
99	5000.00000	9.13599
99	5200.00000	9.13599
99	5400.00000	9.13599
99	5600.00000	9.13599
99	5800.00000	9.13599
99	6000.00000	8.68462
99	6200.00000	8.68462
99	6400.00000	8.68462
99	6600.00000	8.68462
99	6800.00000	8.68462
99	7000.00000	9.44713
99	7200.00000	9.44713
99	7400.00000	9.44713
99	7600.00000	9.44713
99	7800.00000	9.44713
99	8000.00000	9.14014
99	8200.00000	9.14014
99	8400.00000	9.14014
99	8600.00000	9.14014
99	8800.00000	9.14014
99	9000.00000	8.60248
99	9200.00000	8.60248
99	9400.00000	8.60248
99	9600.00000	8.60248
99	9800.00000	8.60248
99	10000.00000	8.80581
99	10200.00000	8.80581
99	10400.00000	8.80581
99	10600.00000	8.80581
99	10800.00000	8.80581
99	11000.00000	9.61199
99	11200.00000	9.61199
99	11400.00000	9.61199
99	11600.00000	9.61199
99	11800.00000	9.61199
99	12000.00000	9.66343
99	12200.00000	9.66343
99	12400.00000	9.66343
99	12600.00000	9.66343
99	12800.00000	9.66343
99	13000.00000	9.79846
99	13200.00000	9.79846
99	13400.00000	9.79846
99	13600.00000	9.79846
99	13800.00000	9.79846
99	14000.00000	8.94738
99	14200.00000	8.94738
99	14400.00000	8.94738
99	14600.00000	8.94738
99	14800.00000	8.94738
99	15000.00000	9.12040
99	15200.00000	9.12040
99	15400.00000	9.12040
99	15600.00000	9.12040
99	15800.00000	9.34036
99	16000.00000	9.34036
99	16200.00000	9.34036
99	16400.00000	9.34036
99	16600.00000	9.34036
99	16800.00000	10.28936
99	17000.00000	10.28936
99	17200.00000	10.28936
99	17400.00000	10.28936
99	17600.00000	10.28936
99	17800.00000	9.78489
99	18000.00000	9.78489
99	18200.00000	9.78489
99	18400.00000	9.78489
99	18600.00000	9.78489
99	18800.00000	9.36004
99	19000.00000	9.36004
99	19200.00000	9.36004
99	19400.00000	9.36004
99	19600.00000	9.36004
99	19800.00000	10.01053
99	20000.00000	10.01053
100	0.00000	10.15057
100	200.00000	10.15057
100	400.00000	10.15057
100	600.00000	10.15057
100	800.00000	10.15057
100	1000.00000	10.21750
100	1200.00000	10.21750
100	1400.00000	10.21750
100	1600.00000	10.21750
100	1800.00000	10.21750
100	2000.00000	9.47608
100	2200.00000	9.47608
100	2400.00000	9.47608
100	2600.00000	9.47608
100	2800.00000	9.47608
100	3000.00000	9.05365
100	3200.00000	9.05365
100	3400.00000	9.05365
100	3600.00000	9.05365
100	3800.00000	9.05365
100	4000.00000	9.09618
100	4200.00000	9.09618
100	4400.00000	9.09618
100	4600.00000	9.09618
100	4800.00000	9.09618
100	5000.00000	9.38030
100	5200.00000	9.38030
100	5400.00000	9.38030
100	5600.00000	9.38030
100	5800.00000	9.38030
100	6000.00000	8.72563
100	6200.00000	8.72563
100	6400.00000	8.72563
100	6600.00000	8.72563
100	6800.00000	8.72563
100	7000.00000	8.89722
100	7200.00000	8.89722
100	7400.00000	8.89722
100	7600.00000	8.89722
100	7800.00000	8.89722
100	8000.00000	8.69947
100	8200.00000	8.69947
100	8400.00000	8.69947
100	8600.00000	8.69947
100	8800.00000	8.69947
100	9000.00000	8.72488
100	9200.00000	8.72488
100	9400.00000	8.72488
100	9600.00000	8.72488
100	9800.00000	8.72488
100	10000.00000	9.08050
100	10200.00000	9.08050
100	10400.00000	9.08050
100	10600.00000	9.08050
100	10800.00000	9.08050
100	11000.00000	9.40551
100	11200.00000	9.40551
100	11400.00000	9.40551
100	11600.00000	9.40551
100	11800.00000	9.40551
100	12000.00000	9.78900
100	12200.00000	9.78900
100	12400.00000	9.78900
100	12600.00000	9.78900
100	12800.00000	9.78900
100	13000.00000	9.80073
100	13200.00000	9.80073
100	13400.00000	9.80073
100	13600.00000	9.80073
100	13800.00000	9.80073
100	14000.00000	9.95828
100	14200.00000	9.95828
100	14400.00000	9.95828
100	14600.00000	9.95828
100	14800.00000	9.95828
100	15000.00000	9.31487
100	15200.00000	9.31487
100	15400.00000	9.31487
100	15600.00000	9.31487
100	15800.00000	9.87369
100	16000.00000	9.87369
100	16200.00000	9.87369
100	16400.00000	9.87369
100	16600.00000	9.87369
100	16800.00000	9.73780
100	17000.00000	9.73780
100	17200.00000	9.73780
100	17400.00000	9.73780
100	17600.00000	9.73780
100	17800.00000	9.05237
100	18000.00000	9.05237
100	18200.00000	9.05237
100	18400.00000	9.05237
100	18600.00000	9.05237
100	18800.00000	8.88930
100	19000.00000	8.88930
100	19200.00000	8.88930
100	19400.00000	8.88930
100	19600.00000	8.88930
100	19800.00000	9.63258
100	20000.00000	9.63258
101	0.00000	9.92927
101	200.00000	9.92927
101	400.00000	9.92927
101	600.00000	9.92927
101	800.00000	9.92927
101	1000.00000	10.17864
101	1200.00000	10.17864
101	1400.00000	10.17864
101	1600.00000	10.17864
101	1800.00000	10.17864
101	2000.00000	9.54488
101	2200.00000	9.54488
101	2400.00000	9.54488
101	2600.00000	9.54488
101	2800.00000	9.54488
101	3000.00000	8.97566
101	3200.00000	8.97566
101	3400.00000	8.97566
101	3600.00000	8.97566
101	3800.00000	8.97566
101	4000.00000	9.37548
101	4200.00000	9.37548
101	4400.00000	9.37548
101	4600.00000	9.37548
101	4800.00000	9.37548
101	5000.00000	8.76344
101	5200.00000	8.76344
101	5400.00000	8.76344
101	5600.00000	8.76344
101	5800.00000	8.76344
101	6000.00000	8.87798
101	6200.00000	8.87798
101	6400.00000	8.87798
101	6600.00000	8.87798
101	6800.00000	8.87798
101	7000.00000	8.97352
101	7200.00000	8.97352
101	7400.00000	8.97352
101	7600.00000	8.97352
101	7800.00000	8.97352
101	8000.00000	8.87886
101	8200.00000	8.87886
101	8400.00000	8.87886
101	8600.00000	8.87886
101	8800.00000	8.87886
101	9000.00000	8.35669
101	9200.00000	8.35669
101	9400.00000	8.35669
101	9600.00000	8.35669
101	9800.00000	8.35669
101	10000.00000	9.36739
101	10200.00000	9.36739
101	10400.00000	9.36739
101	10600.00000	9.36739
101	10800.00000	9.36739
101	11000.00000	9.06133
101	11200.00000	9.06133
101	11400.00000	9.06133
101	11600.00000	9.06133
101	11800.00000	9.06133
101	12000.00000	9.33717
101	12200.00000	9.33717
101	12400.00000	9.33717
101	12600.00000	9.33717
101	12800.00000	9.33717
101	13000.00000	9.13705
101	13200.00000	9.13705
101	13400.00000	9.13705
101	13600.00000	9.13705
101	13800.00000	9.13705
101	14000.00000	9.37706
101	14200.00000	9.37706
101	14400.00000	9.37706
101	14600.00000	9.37706
101	14800.00000	9.37706
101	15000.00000	10.13518
101	15200.00000	10.13518
101	15400.00000	10.13518
101	15600.00000	10.13518
101	15800.00000	10.25005
101	16000.00000	10.25005
101	16200.00000	10.25005
101	16400.00000	10.25005
101	16600.00000	10.25005
101	16800.00000	9.09254
101	17000.00000	9.09254
101	17200.00000	9.09254
101	17400.00000	9.09254
101	17600.00000	9.09254
101	17800.00000	9.01742
101	18000.00000	9.01742
101	18200.00000	9.01742
101	18400.00000	9.01742
101	18600.00000	9.01742
101	18800.00000	8.16193
101	19000.00000	8.16193
101	19200.00000	8.16193
101	19400.00000	8.16193
101	19600.00000	8.16193
101	19800.00000	8.84674
101	20000.00000	8.84674
102	0.00000	9.94952
102	200.00000	9.94952
102	400.00000	9.94952
102	600.00000	9.94952
102	800.00000	9.94952
102	1000.00000	10.01529
102	1200.00000	10.01529
102	1400.00000	10.01529
102	1600.00000	10.01529
102	1800.00000	10.01529
102	2000.00000	9.45226
102	2200.00000	9.45226
102	2400.00000	9.45226
102	2600.00000	9.45226
102	2800.00000	9.45226
102	3000.00000	9.01647
102	3200.00000	9.01647
102	3400.00000	9.01647
102	3600.00000	9.01647
102	3800.00000	9.01647
102	4000.00000	9.17154
102	4200.00000	9.17154
102	4400.00000	9.17154
102	4600.00000	9.17154
102	4800.00000	9.17154
102	5000.00000	8.97529
102	5200.00000	8.97529
102	5400.00000	8.97529
102	5600.00000	8.97529
102	5800.00000	8.97529
102	6000.00000	8.81837
102	6200.00000	8.81837
102	6400.00000	8.81837
102	6600.00000	8.81837
102	6800.00000	8.81837
102	7000.00000	8.87422
102	7200.00000	8.87422
102	7400.00000	8.87422
102	7600.00000	8.87422
102	7800.00000	8.87422
102	8000.00000	8.98131
102	8200.00000	8.98131
102	8400.00000	8.98131
102	8600.00000	8.98131
102	8800.00000	8.98131
102	9000.00000	9.16959
102	9200.00000	9.16959
102	9400.00000	9.16959
102	9600.00000	9.16959
102	9800.00000	9.16959
102	10000.00000	9.25230
102	10200.00000	9.25230
102	10400.00000	9.25230
102	10600.00000	9.25230
102	10800.00000	9.25230
102	11000.00000	9.28467
102	11200.00000	9.28467
102	11400.00000	9.28467
102	11600.00000	9.28467
102	11800.00000	9.28467
102	12000.00000	9.41006
102	12200.00000	9.41006
102	12400.00000	9.41006
102	12600.00000	9.41006
102	12800.00000	9.41006
102	13000.00000	9.45715
102	13200.00000	9.45715
102	13400.00000	9.45715
102	13600.00000	9.45715
102	13800.00000	9.45715
102	14000.00000	9.17399
102	14200.00000	9.17399
102	14400.00000	9.17399
102	14600.00000	9.17399
102	14800.00000	9.17399
102	15000.00000	9.31928
102	15200.00000	9.31928
102	15400.00000	9.31928
102	15600.00000	9.31928
102	15800.00000	9.10528
102	16000.00000	9.10528
102	16200.00000	9.10528
102	16400.00000	9.10528
102	16600.00000	9.10528
102	16800.00000	9.15348
102	17000.00000	9.15348
102	17200.00000	9.15348
102	17400.00000	9.15348
102	17600.00000	9.15348
102	17800.00000	9.22312
102	18000.00000	9.22312
102	18200.00000	9.22312
102	18400.00000	9.22312
102	18600.00000	9.22312
102	18800.00000	9.25992
102	19000.00000	9.25992
102	19200.00000	9.25992
102	19400.00000	9.25992
102	19600.00000	9.25992
102	19800.00000	8.95680
102	20000.00000	8.95680
103	0.00000	9.89353
103	200.00000	9.89353
103	400.00000	9.89353
103	600.00000	9.89353
103	800.00000	9.89353
103	1000.00000	10.09247
103	1200.00000	10.09247
103	1400.00000	10.09247
103	1600.00000	10.09247
103	1800.00000	10.09247
103	2000.00000	9.46588
103	2200.00000	9.46588
103	2400.00000	9.46588
103	2600.00000	9.46588
103	2800.00000	9.46588
103	3000.00000	8.80970
103	3200.00000	8.80970
103	3400.00000	8.80970
103	3600.00000	8.80970
103	3800.00000	8.80970
103	4000.00000	9.19312
103	4200.00000	9.19312
103	4400.00000	9.19312
103	4600.00000	9.19312
103	4800.00000	9.19312
103	5000.00000	8.85864
103	5200.00000	8.85864
103	5400.00000	8.85864
103	5600.00000	8.85864
103	5800.00000	8.85864
103	6000.00000	8.79664
103	6200.00000	8.79664
103	6400.00000	8.79664
103	6600.00000	8.79664
103	6800.00000	8.79664
103	7000.00000	8.69214
103	7200.00000	8.69214
103	7400.00000	8.69214
103	7600.00000	8.69214
103	7800.00000	8.69214
103	8000.00000	8.58297
103	8200.00000	8.58297
103	8400.00000	8.58297
103	8600.00000	8.58297
103	8800.00000	8.58297
103	9000.00000	8.92536
103	9200.00000	8.92536
103	9400.00000	8.92536
103	9600.00000	8.92536
103	9800.00000	8.92536
103	10000.00000	9.16016
103	10200.00000	9.16016
103	10400.00000	9.16016
103	10600.00000	9.16016
103	10800.00000	9.16016
103	11000.00000	9.47776
103	11200.00000	9.47776
103	11400.00000	9.47776
103	11600.00000	9.47776
103	11800.00000	9.47776
103	12000.00000	9.65688
103	12200.00000	9.65688
103	12400.00000	9.65688
103	12600.00000	9.65688
103	12800.00000	9.65688
103	13000.00000	9.36814
103	13200.00000	9.36814
103	13400.00000	9.36814
103	13600.00000	9.36814
103	13800.00000	9.36814
103	14000.00000	9.50428
103	14200.00000	9.50428
103	14400.00000	9.50428
103	14600.00000	9.50428
103	14800.00000	9.50428
103	15000.00000	9.61183
103	15200.00000	9.61183
103	15400.00000	9.61183
103	15600.00000	9.61183
103	15800.00000	9.43730
103	16000.00000	9.43730
103	16200.00000	9.43730
103	16400.00000	9.43730
103	16600.00000	9.43730
103	16800.00000	9.29302
103	17000.00000	9.29302
103	17200.00000	9.29302
103	17400.00000	9.29302
103	17600.00000	9.29302
103	17800.00000	9.18279
103	18000.00000	9.18279
103	18200.00000	9.18279
103	18400.00000	9.18279
103	18600.00000	9.18279
103	18800.00000	9.43880
103	19000.00000	9.43880
103	19200.00000	9.43880
103	19400.00000	9.43880
103	19600.00000	9.43880
103	19800.00000	9.63240
103	20000.00000	9.63240
104	0.00000	10.01055
104	200.00000	10.01055
104	400.00000	10.01055
104	600.00000	10.01055
104	800.00000	10.01055
104	1000.00000	10.51261
104	1200.00000	10.51261
104	1400.00000	10.51261
104	1600.00000	10.51261
104	1800.00000	10.51261
104	2000.00000	9.47746
104	2200.00000	9.47746
104	2400.00000	9.47746
104	2600.00000	9.47746
104	2800.00000	9.47746
104	3000.00000	8.80293
104	3200.00000	8.80293
104	3400.00000	8.80293
104	3600.00000	8.80293
104	3800.00000	8.80293
104	4000.00000	9.33071
104	4200.00000	9.33071
104	4400.00000	9.33071
104	4600.00000	9.33071
104	4800.00000	9.33071
104	5000.00000	9.17486
104	5200.00000	9.17486
104	5400.00000	9.17486
104	5600.00000	9.17486
104	5800.00000	9.17486
104	6000.00000	8.95539
104	6200.00000	8.95539
104	6400.00000	8.95539
104	6600.00000	8.95539
104	6800.00000	8.95539
104	7000.00000	8.79709
104	7200.00000	8.79709
104	7400.00000	8.79709
104	7600.00000	8.79709
104	7800.00000	8.79709
104	8000.00000	8.87011
104	8200.00000	8.87011
104	8400.00000	8.87011
104	8600.00000	8.87011
104	8800.00000	8.87011
104	9000.00000	8.87976
104	9200.00000	8.87976
104	9400.00000	8.87976
104	9600.00000	8.87976
104	9800.00000	8.87976
104	10000.00000	9.52869
104	10200.00000	9.52869
104	10400.00000	9.52869
104	10600.00000	9.52869
104	10800.00000	9.52869
104	11000.00000	9.22515
104	11200.00000	9.22515
104	11400.00000	9.22515
104	11600.00000	9.22515
104	11800.00000	9.22515
104	12000.00000	9.44812
104	12200.00000	9.44812
104	12400.00000	9.44812
104	12600.00000	9.44812
104	12800.00000	9.44812
104	13000.00000	9.41981
104	13200.00000	9.41981
104	13400.00000	9.41981
104	13600.00000	9.41981
104	13800.00000	9.41981
104	14000.00000	9.94044
104	14200.00000	9.94044
104	14400.00000	9.94044
104	14600.00000	9.94044
104	14800.00000	9.94044
104	15000.00000	9.36782
104	15200.00000	9.36782
104	15400.00000	9.36782
104	15600.00000	9.36782
104	15800.00000	8.87245
104	16000.00000	8.87245
104	16200.00000	8.87245
104	16400.00000	8.87245
104	16600.00000	8.87245
104	16800.00000	9.44567
104	17000.00000	9.44567
104	17200.00000	9.44567
104	17400.00000	9.44567
104	17600.00000	9.44567
104	17800.00000	9.81260
104	18000.00000	9.81260
104	18200.00000	9.81260
104	18400.00000	9.81260
104	18600.00000	9.81260
104	18800.00000	9.55177
104	19000.00000	9.55177
104	19200.00000	9.55177
104	19400.00000	9.55177
104	19600.00000	9.55177
104	19800.00000	9.89389
104	20000.00000	9.89389
105	0.00000	9.88019
105	200.00000	9.88019
105	400.00000	9.88019
105	600.00000	9.88019
105	800.00000	9.88019
105	1000.00000	10.16628
105	1200.00000	10.16628
105	1400.00000	10.16628
105	1600.00000	10.16628
105	1800.00000	10.16628
105	2000.00000	9.45737
105	2200.00000	9.45737
105	2400.00000	9.45737
105	2600.00000	9.45737
105	2800.00000	9.45737
105	3000.00000	9.18092
105	3200.00000	9.18092
105	3400.00000	9.18092
105	3600.00000	9.18092
105	3800.00000	9.18092
105	4000.00000	8.75574
105	4200.00000	8.75574
105	4400.00000	8.75574
105	4600.00000	8.75574
105	4800.00000	8.75574
105	5000.00000	8.94856
105	5200.00000	8.94856
105	5400.00000	8.94856
105	5600.00000	8.94856
105	5800.00000	8.94856
105	6000.00000	9.09438
105	6200.00000	9.09438
105	6400.00000	9.09438
105	6600.00000	9.09438
105	6800.00000	9.09438
105	7000.00000	8.73929
105	7200.00000	8.73929
105	7400.00000	8.73929
105	7600.00000	8.73929
105	7800.00000	8.73929
105	8000.00000	8.86055
105	8200.00000	8.86055
105	8400.00000	8.86055
105	8600.00000	8.86055
105	8800.00000	8.86055
105	9000.00000	8.65389
105	9200.00000	8.65389
105	9400.00000	8.65389
105	9600.00000	8.65389
105	9800.00000	8.65389
105	10000.00000	8.42787
105	10200.00000	8.42787
105	10400.00000	8.42787
105	10600.00000	8.42787
105	10800.00000	8.42787
105	11000.00000	8.76841
105	11200.00000	8.76841
105	11400.00000	8.76841
105	11600.00000	8.76841
105	11800.00000	8.76841
105	12000.00000	8.93907
105	12200.00000	8.93907
105	12400.00000	8.93907
105	12600.00000	8.93907
105	12800.00000	8.93907
105	13000.00000	8.97803
105	13200.00000	8.97803
105	13400.00000	8.97803
105	13600.00000	8.97803
105	13800.00000	8.97803
105	14000.00000	8.99873
105	14200.00000	8.99873
105	14400.00000	8.99873
105	14600.00000	8.99873
105	14800.00000	8.99873
105	15000.00000	9.26643
105	15200.00000	9.26643
105	15400.00000	9.26643
105	15600.00000	9.26643
105	15800.00000	8.51381
105	16000.00000	8.51381
105	16200.00000	8.51381
105	16400.00000	8.51381
105	16600.00000	8.51381
105	16800.00000	8.91919
105	17000.00000	8.91919
105	17200.00000	8.91919
105	17400.00000	8.91919
105	17600.00000	8.91919
105	17800.00000	8.91687
105	18000.00000	8.91687
105	18200.00000	8.91687
105	18400.00000	8.91687
105	18600.00000	8.91687
105	18800.00000	9.35946
105	19000.00000	9.35946
105	19200.00000	9.35946
105	19400.00000	9.35946
105	19600.00000	9.35946
105	19800.00000	9.39191
105	20000.00000	9.39191
106	0.00000	9.83964
106	200.00000	9.83964
106	400.00000	9.83964
106	600.00000	9.83964
106	800.00000	9.83964
106	1000.00000	10.33831
106	1200.00000	10.33831
106	1400.00000	10.33831
106	1600.00000	10.33831
106	1800.00000	10.33831
106	2000.00000	9.21688
106	2200.00000	9.21688
106	2400.00000	9.21688
106	2600.00000	9.21688
106	2800.00000	9.21688
106	3000.00000	8.92015
106	3200.00000	8.92015
106	3400.00000	8.92015
106	3600.00000	8.92015
106	3800.00000	8.92015
106	4000.00000	9.67036
106	4200.00000	9.67036
106	4400.00000	9.67036
106	4600.00000	9.67036
106	4800.00000	9.67036
106	5000.00000	9.25395
106	5200.00000	9.25395
106	5400.00000	9.25395
106	5600.00000	9.25395
106	5800.00000	9.25395
106	6000.00000	9.32276
106	6200.00000	9.32276
106	6400.00000	9.32276
106	6600.00000	9.32276
106	6800.00000	9.32276
106	7000.00000	8.79896
106	7200.00000	8.79896
106	7400.00000	8.79896
106	7600.00000	8.79896
106	7800.00000	8.79896
106	8000.00000	9.16837
106	8200.00000	9.16837
106	8400.00000	9.16837
106	8600.00000	9.16837
106	8800.00000	9.16837
106	9000.00000	9.15083
106	9200.00000	9.15083
106	9400.00000	9.15083
106	9600.00000	9.15083
106	9800.00000	9.15083
106	10000.00000	8.81858
106	10200.00000	8.81858
106	10400.00000	8.81858
106	10600.00000	8.81858
106	10800.00000	8.81858
106	11000.00000	9.69646
106	11200.00000	9.69646
106	11400.00000	9.69646
106	11600.00000	9.69646
106	11800.00000	9.69646
106	12000.00000	9.50075
106	12200.00000	9.50075
106	12400.00000	9.50075
106	12600.00000	9.50075
106	12800.00000	9.50075
106	13000.00000	8.97136
106	13200.00000	8.97136
106	13400.00000	8.97136
106	13600.00000	8.97136
106	13800.00000	8.97136
106	14000.00000	8.69517
106	14200.00000	8.69517
106	14400.00000	8.69517
106	14600.00000	8.69517
106	14800.00000	8.69517
106	15000.00000	8.79156
106	15200.00000	8.79156
106	15400.00000	8.79156
106	15600.00000	8.79156
106	15800.00000	10.11530
106	16000.00000	10.11530
106	16200.00000	10.11530
106	16400.00000	10.11530
106	16600.00000	10.11530
106	16800.00000	10.50123
106	17000.00000	10.50123
106	17200.00000	10.50123
106	17400.00000	10.50123
106	17600.00000	10.50123
106	17800.00000	10.01569
106	18000.00000	10.01569
106	18200.00000	10.01569
106	18400.00000	10.01569
106	18600.00000	10.01569
106	18800.00000	9.68581
106	19000.00000	9.68581
106	19200.00000	9.68581
106	19400.00000	9.68581
106	19600.00000	9.68581
106	19800.00000	9.89188
106	20000.00000	9.89188
107	0.00000	9.97023
107	200.00000	9.97023
107	400.00000	9.97023
107	600.00000	9.97023
107	800.00000	9.97023
107	1000.00000	10.08407
107	1200.00000	10.08407
107	1400.00000	10.08407
107	1600.00000	10.08407
107	1800.00000	10.08407
107	2000.00000	9.63411
107	2200.00000	9.63411
107	2400.00000	9.63411
107	2600.00000	9.63411
107	2800.00000	9.63411
107	3000.00000	9.34272
107	3200.00000	9.34272
107	3400.00000	9.34272
107	3600.00000	9.34272
107	3800.00000	9.34272
107	4000.00000	9.06924
107	4200.00000	9.06924
107	4400.00000	9.06924
107	4600.00000	9.06924
107	4800.00000	9.06924
107	5000.00000	9.03578
107	5200.00000	9.03578
107	5400.00000	9.03578
107	5600.00000	9.03578
107	5800.00000	9.03578
107	6000.00000	9.04807
107	6200.00000	9.04807
107	6400.00000	9.04807
107	6600.00000	9.04807
107	6800.00000	9.04807
107	7000.00000	9.41068
107	7200.00000	9.41068
107	7400.00000	9.41068
107	7600.00000	9.41068
107	7800.00000	9.41068
107	8000.00000	9.11720
107	8200.00000	9.11720
107	8400.00000	9.11720
107	8600.00000	9.11720
107	8800.00000	9.11720
107	9000.00000	9.00426
107	9200.00000	9.00426
107	9400.00000	9.00426
107	9600.00000	9.00426
107	9800.00000	9.00426
107	10000.00000	8.57369
107	10200.00000	8.57369
107	10400.00000	8.57369
107	10600.00000	8.57369
107	10800.00000	8.57369
107	11000.00000	8.81114
107	11200.00000	8.81114
107	11400.00000	8.81114
107	11600.00000	8.81114
107	11800.00000	8.81114
107	12000.00000	9.14536
107	12200.00000	9.14536
107	12400.00000	9.14536
107	12600.00000	9.14536
107	12800.00000	9.14536
107	13000.00000	8.79035
107	13200.00000	8.79035
107	13400.00000	8.79035
107	13600.00000	8.79035
107	13800.00000	8.79035
107	14000.00000	9.02779
107	14200.00000	9.02779
107	14400.00000	9.02779
107	14600.00000	9.02779
107	14800.00000	9.02779
107	15000.00000	9.39680
107	15200.00000	9.39680
107	15400.00000	9.39680
107	15600.00000	9.39680
107	15800.00000	9.23768
107	16000.00000	9.23768
107	16200.00000	9.23768
107	16400.00000	9.23768
107	16600.00000	9.23768
107	16800.00000	9.19899
107	17000.00000	9.19899
107	17200.00000	9.19899
107	17400.00000	9.19899
107	17600.00000	9.19899
107	17800.00000	9.34167
107	18000.00000	9.34167
107	18200.00000	9.34167
107	18400.00000	9.34167
107	18600.00000	9.34167
107	18800.00000	9.32993
107	19000.00000	9.32993
107	19200.00000	9.32993
107	19400.00000	9.32993
107	19600.00000	9.32993
107	19800.00000	9.69036
107	20000.00000	9.69036
108	0.00000	9.90627
108	200.00000	9.90627
108	400.00000	9.90627
108	600.00000	9.90627
108	800.00000	9.90627
108	1000.00000	10.45135
108	1200.00000	10.45135
108	1400.00000	10.45135
108	1600.00000	10.45135
108	1800.00000	10.45135
108	2000.00000	9.18945
108	2200.00000	9.18945
108	2400.00000	9.18945
108	2600.00000	9.18945
108	2800.00000	9.18945
108	3000.00000	8.77779
108	3200.00000	8.77779
108	3400.00000	8.77779
108	3600.00000	8.77779
108	3800.00000	8.77779
108	4000.00000	9.33008
108	4200.00000	9.33008
108	4400.00000	9.33008
108	4600.00000	9.33008
108	4800.00000	9.33008
108	5000.00000	8.97583
108	5200.00000	8.97583
108	5400.00000	8.97583
108	5600.00000	8.97583
108	5800.00000	8.97583
108	6000.00000	8.92137
108	6200.00000	8.92137
108	6400.00000	8.92137
108	6600.00000	8.92137
108	6800.00000	8.92137
108	7000.00000	9.28940
108	7200.00000	9.28940
108	7400.00000	9.28940
108	7600.00000	9.28940
108	7800.00000	9.28940
108	8000.00000	8.71164
108	8200.00000	8.71164
108	8400.00000	8.71164
108	8600.00000	8.71164
108	8800.00000	8.71164
108	9000.00000	8.78259
108	9200.00000	8.78259
108	9400.00000	8.78259
108	9600.00000	8.78259
108	9800.00000	8.78259
108	10000.00000	8.83878
108	10200.00000	8.83878
108	10400.00000	8.83878
108	10600.00000	8.83878
108	10800.00000	8.83878
108	11000.00000	10.09646
108	11200.00000	10.09646
108	11400.00000	10.09646
108	11600.00000	10.09646
108	11800.00000	10.09646
108	12000.00000	9.91307
108	12200.00000	9.91307
108	12400.00000	9.91307
108	12600.00000	9.91307
108	12800.00000	9.91307
108	13000.00000	10.20681
108	13200.00000	10.20681
108	13400.00000	10.20681
108	13600.00000	10.20681
108	13800.00000	10.20681
108	14000.00000	9.89276
108	14200.00000	9.89276
108	14400.00000	9.89276
108	14600.00000	9.89276
108	14800.00000	9.89276
108	15000.00000	9.10960
108	15200.00000	9.10960
108	15400.00000	9.10960
108	15600.00000	9.10960
108	15800.00000	8.94979
108	16000.00000	8.94979
108	16200.00000	8.94979
108	16400.00000	8.94979
108	16600.00000	8.94979
108	16800.00000	9.45991
108	17000.00000	9.45991
108	17200.00000	9.45991
108	17400.00000	9.45991
108	17600.00000	9.45991
108	17800.00000	9.81590
108	18000.00000	9.81590
108	18200.00000	9.81590
108	18400.00000	9.81590
108	18600.00000	9.81590
108	18800.00000	9.14543
108	19000.00000	9.14543
108	19200.00000	9.14543
108	19400.00000	9.14543
108	19600.00000	9.14543
108	19800.00000	9.22344
108	20000.00000	9.22344
109	0.00000	9.89850
109	200.00000	9.89850
109	400.00000	9.89850
109	600.00000	9.89850
109	800.00000	9.89850
109	1000.00000	9.91732
109	1200.00000	9.91732
109	1400.00000	9.91732
109	1600.00000	9.91732
109	1800.00000	9.91732
109	2000.00000	9.18764
109	2200.00000	9.18764
109	2400.00000	9.18764
109	2600.00000	9.18764
109	2800.00000	9.18764
109	3000.00000	9.13081
109	3200.00000	9.13081
109	3400.00000	9.13081
109	3600.00000	9.13081
109	3800.00000	9.13081
109	4000.00000	9.17416
109	4200.00000	9.17416
109	4400.00000	9.17416
109	4600.00000	9.17416
109	4800.00000	9.17416
109	5000.00000	9.10385
109	5200.00000	9.10385
109	5400.00000	9.10385
109	5600.00000	9.10385
109	5800.00000	9.10385
109	6000.00000	8.85173
109	6200.00000	8.85173
109	6400.00000	8.85173
109	6600.00000	8.85173
109	6800.00000	8.85173
109	7000.00000	8.88311
109	7200.00000	8.88311
109	7400.00000	8.88311
109	7600.00000	8.88311
109	7800.00000	8.88311
109	8000.00000	8.88026
109	8200.00000	8.88026
109	8400.00000	8.88026
109	8600.00000	8.88026
109	8800.00000	8.88026
109	9000.00000	8.54916
109	9200.00000	8.54916
109	9400.00000	8.54916
109	9600.00000	8.54916
109	9800.00000	8.54916
109	10000.00000	8.52113
109	10200.00000	8.52113
109	10400.00000	8.52113
109	10600.00000	8.52113
109	10800.00000	8.52113
109	11000.00000	8.83537
109	11200.00000	8.83537
109	11400.00000	8.83537
109	11600.00000	8.83537
109	11800.00000	8.83537
109	12000.00000	9.00644
109	12200.00000	9.00644
109	12400.00000	9.00644
109	12600.00000	9.00644
109	12800.00000	9.00644
109	13000.00000	9.22203
109	13200.00000	9.22203
109	13400.00000	9.22203
109	13600.00000	9.22203
109	13800.00000	9.22203
109	14000.00000	8.81528
109	14200.00000	8.81528
109	14400.00000	8.81528
109	14600.00000	8.81528
109	14800.00000	8.81528
109	15000.00000	8.69731
109	15200.00000	8.69731
109	15400.00000	8.69731
109	15600.00000	8.69731
109	15800.00000	8.87107
109	16000.00000	8.87107
109	16200.00000	8.87107
109	16400.00000	8.87107
109	16600.00000	8.87107
109	16800.00000	8.73562
109	17000.00000	8.73562
109	17200.00000	8.73562
109	17400.00000	8.73562
109	17600.00000	8.73562
109	17800.00000	8.93490
109	18000.00000	8.93490
109	18200.00000	8.93490
109	18400.00000	8.93490
109	18600.00000	8.93490
109	18800.00000	9.36557
109	19000.00000	9.36557
109	19200.00000	9.36557
109	19400.00000	9.36557
109	19600.00000	9.36557
109	19800.00000	9.35589
109	20000.00000	9.35589
110	0.00000	9.82788
110	200.00000	9.82788
110	400.00000	9.82788
110	600.00000	9.82788
110	800.00000	9.82788
110	1000.00000	10.42731
110	1200.00000	10.42731
110	1400.00000	10.42731
110	1600.00000	10.42731
110	1800.00000	10.42731
110	2000.00000	9.33296
110	2200.00000	9.33296
110	2400.00000	9.33296
110	2600.00000	9.33296
110	2800.00000	9.33296
110	3000.00000	8.79782
110	3200.00000	8.79782
110	3400.00000	8.79782
110	3600.00000	8.79782
110	3800.00000	8.79782
110	4000.00000	9.09436
110	4200.00000	9.09436
110	4400.00000	9.09436
110	4600.00000	9.09436
110	4800.00000	9.09436
110	5000.00000	9.16207
110	5200.00000	9.16207
110	5400.00000	9.16207
110	5600.00000	9.16207
110	5800.00000	9.16207
110	6000.00000	8.55870
110	6200.00000	8.55870
110	6400.00000	8.55870
110	6600.00000	8.55870
110	6800.00000	8.55870
110	7000.00000	9.53081
110	7200.00000	9.53081
110	7400.00000	9.53081
110	7600.00000	9.53081
110	7800.00000	9.53081
110	8000.00000	9.48037
110	8200.00000	9.48037
110	8400.00000	9.48037
110	8600.00000	9.48037
110	8800.00000	9.48037
110	9000.00000	9.64007
110	9200.00000	9.64007
110	9400.00000	9.64007
110	9600.00000	9.64007
110	9800.00000	9.64007
110	10000.00000	8.83103
110	10200.00000	8.83103
110	10400.00000	8.83103
110	10600.00000	8.83103
110	10800.00000	8.83103
110	11000.00000	9.46105
110	11200.00000	9.46105
110	11400.00000	9.46105
110	11600.00000	9.46105
110	11800.00000	9.46105
110	12000.00000	9.78976
110	12200.00000	9.78976
110	12400.00000	9.78976
110	12600.00000	9.78976
110	12800.00000	9.78976
110	13000.00000	9.72045
110	13200.00000	9.72045
110	13400.00000	9.72045
110	13600.00000	9.72045
110	13800.00000	9.72045
110	14000.00000	9.21314
110	14200.00000	9.21314
110	14400.00000	9.21314
110	14600.00000	9.21314
110	14800.00000	9.21314
110	15000.00000	9.77545
110	15200.00000	9.77545
110	15400.00000	9.77545
110	15600.00000	9.77545
110	15800.00000	9.40948
110	16000.00000	9.40948
110	16200.00000	9.40948
110	16400.00000	9.40948
110	16600.00000	9.40948
110	16800.00000	9.41975
110	17000.00000	9.41975
110	17200.00000	9.41975
110	17400.00000	9.41975
110	17600.00000	9.41975
110	17800.00000	9.52588
110	18000.00000	9.52588
110	18200.00000	9.52588
110	18400.00000	9.52588
110	18600.00000	9.52588
110	18800.00000	9.59767
110	19000.00000	9.59767
110	19200.00000	9.59767
110	19400.00000	9.59767
110	19600.00000	9.59767
110	19800.00000	8.97414
110	20000.00000	8.97414
111	0.00000	9.92361
111	200.00000	9.92361
111	400.00000	9.92361
111	600.00000	9.92361
111	800.00000	9.92361
111	1000.00000	10.30256
111	1200.00000	10.30256
111	1400.00000	10.30256
111	1600.00000	10.30256
111	1800.00000	10.30256
111	2000.00000	9.28138
111	2200.00000	9.28138
111	2400.00000	9.28138
111	2600.00000	9.28138
111	2800.00000	9.28138
111	3000.00000	8.89659
111	3200.00000	8.89659
111	3400.00000	8.89659
111	3600.00000	8.89659
111	3800.00000	8.89659
111	4000.00000	9.15917
111	4200.00000	9.15917
111	4400.00000	9.15917
111	4600.00000	9.15917
111	4800.00000	9.15917
111	5000.00000	9.06390
111	5200.00000	9.06390
111	5400.00000	9.06390
111	5600.00000	9.06390
111	5800.00000	9.06390
111	6000.00000	8.81936
111	6200.00000	8.81936
111	6400.00000	8.81936
111	6600.00000	8.81936
111	6800.00000	8.81936
111	7000.00000	8.88600
111	7200.00000	8.88600
111	7400.00000	8.88600
111	7600.00000	8.88600
111	7800.00000	8.88600
111	8000.00000	9.54153
111	8200.00000	9.54153
111	8400.00000	9.54153
111	8600.00000	9.54153
111	8800.00000	9.54153
111	9000.00000	9.05792
111	9200.00000	9.05792
111	9400.00000	9.05792
111	9600.00000	9.05792
111	9800.00000	9.05792
111	10000.00000	8.91585
111	10200.00000	8.91585
111	10400.00000	8.91585
111	10600.00000	8.91585
111	10800.00000	8.91585
111	11000.00000	9.40360
111	11200.00000	9.40360
111	11400.00000	9.40360
111	11600.00000	9.40360
111	11800.00000	9.40360
111	12000.00000	9.46564
111	12200.00000	9.46564
111	12400.00000	9.46564
111	12600.00000	9.46564
111	12800.00000	9.46564
111	13000.00000	9.38460
111	13200.00000	9.38460
111	13400.00000	9.38460
111	13600.00000	9.38460
111	13800.00000	9.38460
111	14000.00000	9.39581
111	14200.00000	9.39581
111	14400.00000	9.39581
111	14600.00000	9.39581
111	14800.00000	9.39581
111	15000.00000	10.05725
111	15200.00000	10.05725
111	15400.00000	10.05725
111	15600.00000	10.05725
111	15800.00000	9.98698
111	16000.00000	9.98698
111	16200.00000	9.98698
111	16400.00000	9.98698
111	16600.00000	9.98698
111	16800.00000	9.33656
111	17000.00000	9.33656
111	17200.00000	9.33656
111	17400.00000	9.33656
111	17600.00000	9.33656
111	17800.00000	9.18556
111	18000.00000	9.18556
111	18200.00000	9.18556
111	18400.00000	9.18556
111	18600.00000	9.18556
111	18800.00000	8.50672
111	19000.00000	8.50672
111	19200.00000	8.50672
111	19400.00000	8.50672
111	19600.00000	8.50672
111	19800.00000	8.76569
111	20000.00000	8.76569
112	0.00000	9.88237
112	200.00000	9.88237
112	400.00000	9.88237
112	600.00000	9.88237
112	800.00000	9.88237
112	1000.00000	10.20783
112	1200.00000	10.20783
112	1400.00000	10.20783
112	1600.00000	10.20783
112	1800.00000	10.20783
112	2000.00000	9.60112
112	2200.00000	9.60112
112	2400.00000	9.60112
112	2600.00000	9.60112
112	2800.00000	9.60112
112	3000.00000	8.87148
112	3200.00000	8.87148
112	3400.00000	8.87148
112	3600.00000	8.87148
112	3800.00000	8.87148
112	4000.00000	8.86118
112	4200.00000	8.86118
112	4400.00000	8.86118
112	4600.00000	8.86118
112	4800.00000	8.86118
112	5000.00000	8.97498
112	5200.00000	8.97498
112	5400.00000	8.97498
112	5600.00000	8.97498
112	5800.00000	8.97498
112	6000.00000	9.32170
112	6200.00000	9.32170
112	6400.00000	9.32170
112	6600.00000	9.32170
112	6800.00000	9.32170
112	7000.00000	9.57773
112	7200.00000	9.57773
112	7400.00000	9.57773
112	7600.00000	9.57773
112	7800.00000	9.57773
112	8000.00000	8.73562
112	8200.00000	8.73562
112	8400.00000	8.73562
112	8600.00000	8.73562
112	8800.00000	8.73562
112	9000.00000	8.94006
112	9200.00000	8.94006
112	9400.00000	8.94006
112	9600.00000	8.94006
112	9800.00000	8.94006
112	10000.00000	9.21397
112	10200.00000	9.21397
112	10400.00000	9.21397
112	10600.00000	9.21397
112	10800.00000	9.21397
112	11000.00000	9.19442
112	11200.00000	9.19442
112	11400.00000	9.19442
112	11600.00000	9.19442
112	11800.00000	9.19442
112	12000.00000	9.42680
112	12200.00000	9.42680
112	12400.00000	9.42680
112	12600.00000	9.42680
112	12800.00000	9.42680
112	13000.00000	9.59723
112	13200.00000	9.59723
112	13400.00000	9.59723
112	13600.00000	9.59723
112	13800.00000	9.59723
112	14000.00000	9.59323
112	14200.00000	9.59323
112	14400.00000	9.59323
112	14600.00000	9.59323
112	14800.00000	9.59323
112	15000.00000	9.40473
112	15200.00000	9.40473
112	15400.00000	9.40473
112	15600.00000	9.40473
112	15800.00000	9.26065
112	16000.00000	9.26065
112	16200.00000	9.26065
112	16400.00000	9.26065
112	16600.00000	9.26065
112	16800.00000	9.34618
112	17000.00000	9.34618
112	17200.00000	9.34618
112	17400.00000	9.34618
112	17600.00000	9.34618
112	17800.00000	8.99203
112	18000.00000	8.99203
112	18200.00000	8.99203
112	18400.00000	8.99203
112	18600.00000	8.99203
112	18800.00000	9.27197
112	19000.00000	9.27197
112	19200.00000	9.27197
112	19400.00000	9.27197
112	19600.00000	9.27197
112	19800.00000	8.73617
112	20000.00000	8.73617
113	0.00000	9.90266
113	200.00000	9.90266
113	400.00000	9.90266
113	600.00000	9.90266
113	800.00000	9.90266
113	1000.00000	10.36483
113	1200.00000	10.36483
113	1400.00000	10.36483
113	1600.00000	10.36483
113	1800.00000	10.36483
113	2000.00000	9.56275
113	2200.00000	9.56275
113	2400.00000	9.56275
113	2600.00000	9.56275
113	2800.00000	9.56275
113	3000.00000	8.88989
113	3200.00000	8.88989
113	3400.00000	8.88989
113	3600.00000	8.88989
113	3800.00000	8.88989
113	4000.00000	9.10545
113	4200.00000	9.10545
113	4400.00000	9.10545
113	4600.00000	9.10545
113	4800.00000	9.10545
113	5000.00000	9.16244
113	5200.00000	9.16244
113	5400.00000	9.16244
113	5600.00000	9.16244
113	5800.00000	9.16244
113	6000.00000	8.80805
113	6200.00000	8.80805
113	6400.00000	8.80805
113	6600.00000	8.80805
113	6800.00000	8.80805
113	7000.00000	8.68013
113	7200.00000	8.68013
113	7400.00000	8.68013
113	7600.00000	8.68013
113	7800.00000	8.68013
113	8000.00000	8.90360
113	8200.00000	8.90360
113	8400.00000	8.90360
113	8600.00000	8.90360
113	8800.00000	8.90360
113	9000.00000	8.48499
113	9200.00000	8.48499
113	9400.00000	8.48499
113	9600.00000	8.48499
113	9800.00000	8.48499
113	10000.00000	8.65166
113	10200.00000	8.65166
113	10400.00000	8.65166
113	10600.00000	8.65166
113	10800.00000	8.65166
113	11000.00000	9.09473
113	11200.00000	9.09473
113	11400.00000	9.09473
113	11600.00000	9.09473
113	11800.00000	9.09473
113	12000.00000	9.39616
113	12200.00000	9.39616
113	12400.00000	9.39616
113	12600.00000	9.39616
113	12800.00000	9.39616
113	13000.00000	8.84576
113	13200.00000	8.84576
113	13400.00000	8.84576
113	13600.00000	8.84576
113	13800.00000	8.84576
113	14000.00000	8.89370
113	14200.00000	8.89370
113	14400.00000	8.89370
113	14600.00000	8.89370
113	14800.00000	8.89370
113	15000.00000	9.72144
113	15200.00000	9.72144
113	15400.00000	9.72144
113	15600.00000	9.72144
113	15800.00000	9.21667
113	16000.00000	9.21667
113	16200.00000	9.21667
113	16400.00000	9.21667
113	16600.00000	9.21667
113	16800.00000	9.34628
113	17000.00000	9.34628
113	17200.00000	9.34628
113	17400.00000	9.34628
113	17600.00000	9.34628
113	17800.00000	9.47477
113	18000.00000	9.47477
113	18200.00000	9.47477
113	18400.00000	9.47477
113	18600.00000	9.47477
113	18800.00000	9.91847
113	19000.00000	9.91847
113	19200.00000	9.91847
113	19400.00000	9.91847
113	19600.00000	9.91847
113	19800.00000	10.23394
113	20000.00000	10.23394
114	0.00000	9.93517
114	200.00000	9.93517
114	400.00000	9.93517
114	600.00000	9.93517
114	800.00000	9.93517
114	1000.00000	10.08045
114	1200.00000	10.08045
114	1400.00000	10.08045
114	1600.00000	10.08045
114	1800.00000	10.08045
114	2000.00000	9.71894
114	2200.00000	9.71894
114	2400.00000	9.71894
114	2600.00000	9.71894
114	2800.00000	9.71894
114	3000.00000	8.78924
114	3200.00000	8.78924
114	3400.00000	8.78924
114	3600.00000	8.78924
114	3800.00000	8.78924
114	4000.00000	8.99653
114	4200.00000	8.99653
114	4400.00000	8.99653
114	4600.00000	8.99653
114	4800.00000	8.99653
114	5000.00000	9.04340
114	5200.00000	9.04340
114	5400.00000	9.04340
114	5600.00000	9.04340
114	5800.00000	9.04340
114	6000.00000	9.23536
114	6200.00000	9.23536
114	6400.00000	9.23536
114	6600.00000	9.23536
114	6800.00000	9.23536
114	7000.00000	9.06281
114	7200.00000	9.06281
114	7400.00000	9.06281
114	7600.00000	9.06281
114	7800.00000	9.06281
114	8000.00000	9.16553
114	8200.00000	9.16553
114	8400.00000	9.16553
114	8600.00000	9.16553
114	8800.00000	9.16553
114	9000.00000	8.81215
114	9200.00000	8.81215
114	9400.00000	8.81215
114	9600.00000	8.81215
114	9800.00000	8.81215
114	10000.00000	8.59272
114	10200.00000	8.59272
114	10400.00000	8.59272
114	10600.00000	8.59272
114	10800.00000	8.59272
114	11000.00000	8.93361
114	11200.00000	8.93361
114	11400.00000	8.93361
114	11600.00000	8.93361
114	11800.00000	8.93361
114	12000.00000	9.16539
114	12200.00000	9.16539
114	12400.00000	9.16539
114	12600.00000	9.16539
114	12800.00000	9.16539
114	13000.00000	8.74604
114	13200.00000	8.74604
114	13400.00000	8.74604
114	13600.00000	8.74604
114	13800.00000	8.74604
114	14000.00000	9.23009
114	14200.00000	9.23009
114	14400.00000	9.23009
114	14600.00000	9.23009
114	14800.00000	9.23009
114	15000.00000	9.50634
114	15200.00000	9.50634
114	15400.00000	9.50634
114	15600.00000	9.50634
114	15800.00000	9.67294
114	16000.00000	9.67294
114	16200.00000	9.67294
114	16400.00000	9.67294
114	16600.00000	9.67294
114	16800.00000	9.77026
114	17000.00000	9.77026
114	17200.00000	9.77026
114	17400.00000	9.77026
114	17600.00000	9.77026
114	17800.00000	9.57174
114	18000.00000	9.57174
114	18200.00000	9.57174
114	18400.00000	9.57174
114	18600.00000	9.57174
114	18800.00000	9.79345
114	19000.00000	9.79345
114	19200.00000	9.79345
114	19400.00000	9.79345
114	19600.00000	9.79345
114	19800.00000	9.17321
114	20000.00000	9.17321
115	0.00000	9.92166
115	200.00000	9.92166
115	400.00000	9.92166
115	600.00000	9.92166
115	800.00000	9.92166
115	1000.00000	10.22426
115	1200.00000	10.22426
115	1400.00000	10.22426
115	1600.00000	10.22426
115	1800.00000	10.22426
115	2000.00000	9.65408
115	2200.00000	9.65408
115	2400.00000	9.65408
115	2600.00000	9.65408
115	2800.00000	9.65408
115	3000.00000	9.08550
115	3200.00000	9.08550
115	3400.00000	9.08550
115	3600.00000	9.08550
115	3800.00000	9.08550
115	4000.00000	9.14387
115	4200.00000	9.14387
115	4400.00000	9.14387
115	4600.00000	9.14387
115	4800.00000	9.14387
115	5000.00000	9.19656
115	5200.00000	9.19656
115	5400.00000	9.19656
115	5600.00000	9.19656
115	5800.00000	9.19656
115	6000.00000	8.69851
115	6200.00000	8.69851
115	6400.00000	8.69851
115	6600.00000	8.69851
115	6800.00000	8.69851
115	7000.00000	8.74232
115	7200.00000	8.74232
115	7400.00000	8.74232
115	7600.00000	8.74232
115	7800.00000	8.74232
115	8000.00000	8.74799
115	8200.00000	8.74799
115	8400.00000	8.74799
115	8600.00000	8.74799
115	8800.00000	8.74799
115	9000.00000	8.63011
115	9200.00000	8.63011
115	9400.00000	8.63011
115	9600.00000	8.63011
115	9800.00000	8.63011
115	10000.00000	8.55552
115	10200.00000	8.55552
115	10400.00000	8.55552
115	10600.00000	8.55552
115	10800.00000	8.55552
115	11000.00000	8.94992
115	11200.00000	8.94992
115	11400.00000	8.94992
115	11600.00000	8.94992
115	11800.00000	8.94992
115	12000.00000	9.66187
115	12200.00000	9.66187
115	12400.00000	9.66187
115	12600.00000	9.66187
115	12800.00000	9.66187
115	13000.00000	9.44277
115	13200.00000	9.44277
115	13400.00000	9.44277
115	13600.00000	9.44277
115	13800.00000	9.44277
115	14000.00000	9.55075
115	14200.00000	9.55075
115	14400.00000	9.55075
115	14600.00000	9.55075
115	14800.00000	9.55075
115	15000.00000	9.49660
115	15200.00000	9.49660
115	15400.00000	9.49660
115	15600.00000	9.49660
115	15800.00000	9.35273
115	16000.00000	9.35273
115	16200.00000	9.35273
115	16400.00000	9.35273
115	16600.00000	9.35273
115	16800.00000	9.59262
115	17000.00000	9.59262
115	17200.00000	9.59262
115	17400.00000	9.59262
115	17600.00000	9.59262
115	17800.00000	9.46047
115	18000.00000	9.46047
115	18200.00000	9.46047
115	18400.00000	9.46047
115	18600.00000	9.46047
115	18800.00000	9.87424
115	19000.00000	9.87424
115	19200.00000	9.87424
115	19400.00000	9.87424
115	19600.00000	9.87424
115	19800.00000	10.06207
115	20000.00000	10.06207
116	0.00000	9.93153
116	200.00000	9.93153
116	400.00000	9.93153
116	600.00000	9.93153
116	800.00000	9.93153
116	1000.00000	10.37641
116	1200.00000	10.37641
116	1400.00000	10.37641
116	1600.00000	10.37641
116	1800.00000	10.37641
116	2000.00000	9.27145
116	2200.00000	9.27145
116	2400.00000	9.27145
116	2600.00000	9.27145
116	2800.00000	9.27145
116	3000.00000	9.09432
116	3200.00000	9.09432
116	3400.00000	9.09432
116	3600.00000	9.09432
116	3800.00000	9.09432
116	4000.00000	9.09531
116	4200.00000	9.09531
116	4400.00000	9.09531
116	4600.00000	9.09531
116	4800.00000	9.09531
116	5000.00000	8.94382
116	5200.00000	8.94382
116	5400.00000	8.94382
116	5600.00000	8.94382
116	5800.00000	8.94382
116	6000.00000	9.16258
116	6200.00000	9.16258
116	6400.00000	9.16258
116	6600.00000	9.16258
116	6800.00000	9.16258
116	7000.00000	8.74300
116	7200.00000	8.74300
116	7400.00000	8.74300
116	7600.00000	8.74300
116	7800.00000	8.74300
116	8000.00000	8.60935
116	8200.00000	8.60935
116	8400.00000	8.60935
116	8600.00000	8.60935
116	8800.00000	8.60935
116	9000.00000	8.85973
116	9200.00000	8.85973
116	9400.00000	8.85973
116	9600.00000	8.85973
116	9800.00000	8.85973
116	10000.00000	8.88107
116	10200.00000	8.88107
116	10400.00000	8.88107
116	10600.00000	8.88107
116	10800.00000	8.88107
116	11000.00000	9.08659
116	11200.00000	9.08659
116	11400.00000	9.08659
116	11600.00000	9.08659
116	11800.00000	9.08659
116	12000.00000	8.87824
116	12200.00000	8.87824
116	12400.00000	8.87824
116	12600.00000	8.87824
116	12800.00000	8.87824
116	13000.00000	8.81559
116	13200.00000	8.81559
116	13400.00000	8.81559
116	13600.00000	8.81559
116	13800.00000	8.81559
116	14000.00000	8.58396
116	14200.00000	8.58396
116	14400.00000	8.58396
116	14600.00000	8.58396
116	14800.00000	8.58396
116	15000.00000	8.57726
116	15200.00000	8.57726
116	15400.00000	8.57726
116	15600.00000	8.57726
116	15800.00000	8.42500
116	16000.00000	8.42500
116	16200.00000	8.42500
116	16400.00000	8.42500
116	16600.00000	8.42500
116	16800.00000	8.83358
116	17000.00000	8.83358
116	17200.00000	8.83358
116	17400.00000	8.83358
116	17600.00000	8.83358
116	17800.00000	9.30314
116	18000.00000	9.30314
116	18200.00000	9.30314
116	18400.00000	9.30314
116	18600.00000	9.30314
116	18800.00000	9.37270
116	19000.00000	9.37270
116	19200.00000	9.37270
116	19400.00000	9.37270
116	19600.00000	9.37270
116	19800.00000	8.97472
116	20000.00000	8.97472
117	0.00000	9.97538
117	200.00000	9.97538
117	400.00000	9.97538
117	600.00000	9.97538
117	800.00000	9.97538
117	1000.00000	10.01422
117	1200.00000	10.01422
117	1400.00000	10.01422
117	1600.00000	10.01422
117	1800.00000	10.01422
117	2000.00000	9.43462
117	2200.00000	9.43462
117	2400.00000	9.43462
117	2600.00000	9.43462
117	2800.00000	9.43462
117	3000.00000	8.97961
117	3200.00000	8.97961
117	3400.00000	8.97961
117	3600.00000	8.97961
117	3800.00000	8.97961
117	4000.00000	9.14686
117	4200.00000	9.14686
117	4400.00000	9.14686
117	4600.00000	9.14686
117	4800.00000	9.14686
117	5000.00000	8.98034
117	5200.00000	8.98034
117	5400.00000	8.98034
117	5600.00000	8.98034
117	5800.00000	8.98034
117	6000.00000	9.08400
117	6200.00000	9.08400
117	6400.00000	9.08400
117	6600.00000	9.08400
117	6800.00000	9.08400
117	7000.00000	8.89445
117	7200.00000	8.89445
117	7400.00000	8.89445
117	7600.00000	8.89445
117	7800.00000	8.89445
117	8000.00000	8.84406
117	8200.00000	8.84406
117	8400.00000	8.84406
117	8600.00000	8.84406
117	8800.00000	8.84406
117	9000.00000	8.90622
117	9200.00000	8.90622
117	9400.00000	8.90622
117	9600.00000	8.90622
117	9800.00000	8.90622
117	10000.00000	8.83434
117	10200.00000	8.83434
117	10400.00000	8.83434
117	10600.00000	8.83434
117	10800.00000	8.83434
117	11000.00000	9.11878
117	11200.00000	9.11878
117	11400.00000	9.11878
117	11600.00000	9.11878
117	11800.00000	9.11878
117	12000.00000	9.00723
117	12200.00000	9.00723
117	12400.00000	9.00723
117	12600.00000	9.00723
117	12800.00000	9.00723
117	13000.00000	9.34515
117	13200.00000	9.34515
117	13400.00000	9.34515
117	13600.00000	9.34515
117	13800.00000	9.34515
117	14000.00000	9.66052
117	14200.00000	9.66052
117	14400.00000	9.66052
117	14600.00000	9.66052
117	14800.00000	9.66052
117	15000.00000	9.54219
117	15200.00000	9.54219
117	15400.00000	9.54219
117	15600.00000	9.54219
117	15800.00000	9.09477
117	16000.00000	9.09477
117	16200.00000	9.09477
117	16400.00000	9.09477
117	16600.00000	9.09477
117	16800.00000	9.10788
117	17000.00000	9.10788
117	17200.00000	9.10788
117	17400.00000	9.10788
117	17600.00000	9.10788
117	17800.00000	9.46920
117	18000.00000	9.46920
117	18200.00000	9.46920
117	18400.00000	9.46920
117	18600.00000	9.46920
117	18800.00000	8.88956
117	19000.00000	8.88956
117	19200.00000	8.88956
117	19400.00000	8.88956
117	19600.00000	8.88956
117	19800.00000	8.69798
117	20000.00000	8.69798
118	0.00000	9.92128
118	200.00000	9.92128
118	400.00000	9.92128
118	600.00000	9.92128
118	800.00000	9.92128
118	1000.00000	10.01193
118	1200.00000	10.01193
118	1400.00000	10.01193
118	1600.00000	10.01193
118	1800.00000	10.01193
118	2000.00000	9.08704
118	2200.00000	9.08704
118	2400.00000	9.08704
118	2600.00000	9.08704
118	2800.00000	9.08704
118	3000.00000	8.91666
118	3200.00000	8.91666
118	3400.00000	8.91666
118	3600.00000	8.91666
118	3800.00000	8.91666
118	4000.00000	9.21823
118	4200.00000	9.21823
118	4400.00000	9.21823
118	4600.00000	9.21823
118	4800.00000	9.21823
118	5000.00000	9.03728
118	5200.00000	9.03728
118	5400.00000	9.03728
118	5600.00000	9.03728
118	5800.00000	9.03728
118	6000.00000	8.83122
118	6200.00000	8.83122
118	6400.00000	8.83122
118	6600.00000	8.83122
118	6800.00000	8.83122
118	7000.00000	8.71953
118	7200.00000	8.71953
118	7400.00000	8.71953
118	7600.00000	8.71953
118	7800.00000	8.71953
118	8000.00000	9.02020
118	8200.00000	9.02020
118	8400.00000	9.02020
118	8600.00000	9.02020
118	8800.00000	9.02020
118	9000.00000	8.71023
118	9200.00000	8.71023
118	9400.00000	8.71023
118	9600.00000	8.71023
118	9800.00000	8.71023
118	10000.00000	9.01958
118	10200.00000	9.01958
118	10400.00000	9.01958
118	10600.00000	9.01958
118	10800.00000	9.01958
118	11000.00000	9.02131
118	11200.00000	9.02131
118	11400.00000	9.02131
118	11600.00000	9.02131
118	11800.00000	9.02131
118	12000.00000	9.45318
118	12200.00000	9.45318
118	12400.00000	9.45318
118	12600.00000	9.45318
118	12800.00000	9.45318
118	13000.00000	9.29441
118	13200.00000	9.29441
118	13400.00000	9.29441
118	13600.00000	9.29441
118	13800.00000	9.29441
118	14000.00000	9.51861
118	14200.00000	9.51861
118	14400.00000	9.51861
118	14600.00000	9.51861
118	14800.00000	9.51861
118	15000.00000	9.45453
118	15200.00000	9.45453
118	15400.00000	9.45453
118	15600.00000	9.45453
118	15800.00000	8.82027
118	16000.00000	8.82027
118	16200.00000	8.82027
118	16400.00000	8.82027
118	16600.00000	8.82027
118	16800.00000	9.36737
118	17000.00000	9.36737
118	17200.00000	9.36737
118	17400.00000	9.36737
118	17600.00000	9.36737
118	17800.00000	10.00891
118	18000.00000	10.00891
118	18200.00000	10.00891
118	18400.00000	10.00891
118	18600.00000	10.00891
118	18800.00000	9.69502
118	19000.00000	9.69502
118	19200.00000	9.69502
118	19400.00000	9.69502
118	19600.00000	9.69502
118	19800.00000	9.16418
118	20000.00000	9.16418
119	0.00000	9.81412
119	200.00000	9.81412
119	400.00000	9.81412
119	600.00000	9.81412
119	800.00000	9.81412
119	1000.00000	10.05640
119	1200.00000	10.05640
119	1400.00000	10.05640
119	1600.00000	10.05640
119	1800.00000	10.05640
119	2000.00000	9.55617
119	2200.00000	9.55617
119	2400.00000	9.55617
119	2600.00000	9.55617
119	2800.00000	9.55617
119	3000.00000	9.04355
119	3200.00000	9.04355
119	3400.00000	9.04355
119	3600.00000	9.04355
119	3800.00000	9.04355
119	4000.00000	9.15800
119	4200.00000	9.15800
119	4400.00000	9.15800
119	4600.00000	9.15800
119	4800.00000	9.15800
119	5000.00000	9.18199
119	5200.00000	9.18199
119	5400.00000	9.18199
119	5600.00000	9.18199
119	5800.00000	9.18199
119	6000.00000	8.89218
119	6200.00000	8.89218
119	6400.00000	8.89218
119	6600.00000	8.89218
119	6800.00000	8.89218
119	7000.00000	8.94813
119	7200.00000	8.94813
119	7400.00000	8.94813
119	7600.00000	8.94813
119	7800.00000	8.94813
119	8000.00000	9.07113
119	8200.00000	9.07113
119	8400.00000	9.07113
119	8600.00000	9.07113
119	8800.00000	9.07113
119	9000.00000	8.92396
119	9200.00000	8.92396
119	9400.00000	8.92396
119	9600.00000	8.92396
119	9800.00000	8.92396
119	10000.00000	8.90755
119	10200.00000	8.90755
119	10400.00000	8.90755
119	10600.00000	8.90755
119	10800.00000	8.90755
119	11000.00000	9.38134
119	11200.00000	9.38134
119	11400.00000	9.38134
119	11600.00000	9.38134
119	11800.00000	9.38134
119	12000.00000	9.58724
119	12200.00000	9.58724
119	12400.00000	9.58724
119	12600.00000	9.58724
119	12800.00000	9.58724
119	13000.00000	9.48232
119	13200.00000	9.48232
119	13400.00000	9.48232
119	13600.00000	9.48232
119	13800.00000	9.48232
119	14000.00000	9.07206
119	14200.00000	9.07206
119	14400.00000	9.07206
119	14600.00000	9.07206
119	14800.00000	9.07206
119	15000.00000	9.04631
119	15200.00000	9.04631
119	15400.00000	9.04631
119	15600.00000	9.04631
119	15800.00000	9.13852
119	16000.00000	9.13852
119	16200.00000	9.13852
119	16400.00000	9.13852
119	16600.00000	9.13852
119	16800.00000	9.30644
119	17000.00000	9.30644
119	17200.00000	9.30644
119	17400.00000	9.30644
119	17600.00000	9.30644
119	17800.00000	9.28062
119	18000.00000	9.28062
119	18200.00000	9.28062
119	18400.00000	9.28062
119	18600.00000	9.28062
119	18800.00000	9.74593
119	19000.00000	9.74593
119	19200.00000	9.74593
119	19400.00000	9.74593
119	19600.00000	9.74593
119	19800.00000	9.76402
119	20000.00000	9.76402
120	0.00000	9.83708
120	200.00000	9.83708
120	400.00000	9.83708
120	600.00000	9.83708
120	800.00000	9.83708
120	1000.00000	10.05285
120	1200.00000	10.05285
120	1400.00000	10.05285
120	1600.00000	10.05285
120	1800.00000	10.05285
120	2000.00000	9.45839
120	2200.00000	9.45839
120	2400.00000	9.45839
120	2600.00000	9.45839
120	2800.00000	9.45839
120	3000.00000	8.97131
120	3200.00000	8.97131
120	3400.00000	8.97131
120	3600.00000	8.97131
120	3800.00000	8.97131
120	4000.00000	9.14261
120	4200.00000	9.14261
120	4400.00000	9.14261
120	4600.00000	9.14261
120	4800.00000	9.14261
120	5000.00000	9.00265
120	5200.00000	9.00265
120	5400.00000	9.00265
120	5600.00000	9.00265
120	5800.00000	9.00265
120	6000.00000	8.76487
120	6200.00000	8.76487
120	6400.00000	8.76487
120	6600.00000	8.76487
120	6800.00000	8.76487
120	7000.00000	9.19364
120	7200.00000	9.19364
120	7400.00000	9.19364
120	7600.00000	9.19364
120	7800.00000	9.19364
120	8000.00000	9.01069
120	8200.00000	9.01069
120	8400.00000	9.01069
120	8600.00000	9.01069
120	8800.00000	9.01069
120	9000.00000	9.41615
120	9200.00000	9.41615
120	9400.00000	9.41615
120	9600.00000	9.41615
120	9800.00000	9.41615
120	10000.00000	9.48473
120	10200.00000	9.48473
120	10400.00000	9.48473
120	10600.00000	9.48473
120	10800.00000	9.48473
120	11000.00000	9.66187
120	11200.00000	9.66187
120	11400.00000	9.66187
120	11600.00000	9.66187
120	11800.00000	9.66187
120	12000.00000	9.92231
120	12200.00000	9.92231
120	12400.00000	9.92231
120	12600.00000	9.92231
120	12800.00000	9.92231
120	13000.00000	9.41919
120	13200.00000	9.41919
120	13400.00000	9.41919
120	13600.00000	9.41919
120	13800.00000	9.41919
120	14000.00000	9.39035
120	14200.00000	9.39035
120	14400.00000	9.39035
120	14600.00000	9.39035
120	14800.00000	9.39035
120	15000.00000	9.24311
120	15200.00000	9.24311
120	15400.00000	9.24311
120	15600.00000	9.24311
120	15800.00000	9.57770
120	16000.00000	9.57770
120	16200.00000	9.57770
120	16400.00000	9.57770
120	16600.00000	9.57770
120	16800.00000	9.20432
120	17000.00000	9.20432
120	17200.00000	9.20432
120	17400.00000	9.20432
120	17600.00000	9.20432
120	17800.00000	9.41356
120	18000.00000	9.41356
120	18200.00000	9.41356
120	18400.00000	9.41356
120	18600.00000	9.41356
120	18800.00000	9.66467
120	19000.00000	9.66467
120	19200.00000	9.66467
120	19400.00000	9.66467
120	19600.00000	9.66467
120	19800.00000	9.53179
120	20000.00000	9.53179
121	0.00000	9.92841
121	200.00000	9.92841
121	400.00000	9.92841
121	600.00000	9.92841
121	800.00000	9.92841
121	1000.00000	10.27374
121	1200.00000	10.27374
121	1400.00000	10.27374
121	1600.00000	10.27374
121	1800.00000	10.27374
121	2000.00000	9.47082
121	2200.00000	9.47082
121	2400.00000	9.47082
121	2600.00000	9.47082
121	2800.00000	9.47082
121	3000.00000	9.14233
121	3200.00000	9.14233
121	3400.00000	9.14233
121	3600.00000	9.14233
121	3800.00000	9.14233
121	4000.00000	9.13938
121	4200.00000	9.13938
121	4400.00000	9.13938
121	4600.00000	9.13938
121	4800.00000	9.13938
121	5000.00000	8.91067
121	5200.00000	8.91067
121	5400.00000	8.91067
121	5600.00000	8.91067
121	5800.00000	8.91067
121	6000.00000	9.19432
121	6200.00000	9.19432
121	6400.00000	9.19432
121	6600.00000	9.19432
121	6800.00000	9.19432
121	7000.00000	8.56654
121	7200.00000	8.56654
121	7400.00000	8.56654
121	7600.00000	8.56654
121	7800.00000	8.56654
121	8000.00000	8.57252
121	8200.00000	8.57252
121	8400.00000	8.57252
121	8600.00000	8.57252
121	8800.00000	8.57252
121	9000.00000	8.56606
121	9200.00000	8.56606
121	9400.00000	8.56606
121	9600.00000	8.56606
121	9800.00000	8.56606
121	10000.00000	8.46526
121	10200.00000	8.46526
121	10400.00000	8.46526
121	10600.00000	8.46526
121	10800.00000	8.46526
121	11000.00000	9.03631
121	11200.00000	9.03631
121	11400.00000	9.03631
121	11600.00000	9.03631
121	11800.00000	9.03631
121	12000.00000	9.29540
121	12200.00000	9.29540
121	12400.00000	9.29540
121	12600.00000	9.29540
121	12800.00000	9.29540
121	13000.00000	9.24060
121	13200.00000	9.24060
121	13400.00000	9.24060
121	13600.00000	9.24060
121	13800.00000	9.24060
121	14000.00000	9.20109
121	14200.00000	9.20109
121	14400.00000	9.20109
121	14600.00000	9.20109
121	14800.00000	9.20109
121	15000.00000	9.51481
121	15200.00000	9.51481
121	15400.00000	9.51481
121	15600.00000	9.51481
121	15800.00000	9.36886
121	16000.00000	9.36886
121	16200.00000	9.36886
121	16400.00000	9.36886
121	16600.00000	9.36886
121	16800.00000	9.37457
121	17000.00000	9.37457
121	17200.00000	9.37457
121	17400.00000	9.37457
121	17600.00000	9.37457
121	17800.00000	9.25841
121	18000.00000	9.25841
121	18200.00000	9.25841
121	18400.00000	9.25841
121	18600.00000	9.25841
121	18800.00000	8.87832
121	19000.00000	8.87832
121	19200.00000	8.87832
121	19400.00000	8.87832
121	19600.00000	8.87832
121	19800.00000	8.59672
121	20000.00000	8.59672
122	0.00000	9.96452
122	200.00000	9.96452
122	400.00000	9.96452
122	600.00000	9.96452
122	800.00000	9.96452
122	1000.00000	10.11644
122	1200.00000	10.11644
122	1400.00000	10.11644
122	1600.00000	10.11644
122	1800.00000	10.11644
122	2000.00000	9.51062
122	2200.00000	9.51062
122	2400.00000	9.51062
122	2600.00000	9.51062
122	2800.00000	9.51062
122	3000.00000	8.88360
122	3200.00000	8.88360
122	3400.00000	8.88360
122	3600.00000	8.88360
122	3800.00000	8.88360
122	4000.00000	9.09521
122	4200.00000	9.09521
122	4400.00000	9.09521
122	4600.00000	9.09521
122	4800.00000	9.09521
122	5000.00000	8.77346
122	5200.00000	8.77346
122	5400.00000	8.77346
122	5600.00000	8.77346
122	5800.00000	8.77346
122	6000.00000	8.73761
122	6200.00000	8.73761
122	6400.00000	8.73761
122	6600.00000	8.73761
122	6800.00000	8.73761
122	7000.00000	8.81692
122	7200.00000	8.81692
122	7400.00000	8.81692
122	7600.00000	8.81692
122	7800.00000	8.81692
122	8000.00000	9.04943
122	8200.00000	9.04943
122	8400.00000	9.04943
122	8600.00000	9.04943
122	8800.00000	9.04943
122	9000.00000	9.52276
122	9200.00000	9.52276
122	9400.00000	9.52276
122	9600.00000	9.52276
122	9800.00000	9.52276
122	10000.00000	9.07917
122	10200.00000	9.07917
122	10400.00000	9.07917
122	10600.00000	9.07917
122	10800.00000	9.07917
122	11000.00000	9.56530
122	11200.00000	9.56530
122	11400.00000	9.56530
122	11600.00000	9.56530
122	11800.00000	9.56530
122	12000.00000	9.44456
122	12200.00000	9.44456
122	12400.00000	9.44456
122	12600.00000	9.44456
122	12800.00000	9.44456
122	13000.00000	9.73233
122	13200.00000	9.73233
122	13400.00000	9.73233
122	13600.00000	9.73233
122	13800.00000	9.73233
122	14000.00000	9.62225
122	14200.00000	9.62225
122	14400.00000	9.62225
122	14600.00000	9.62225
122	14800.00000	9.62225
122	15000.00000	8.93065
122	15200.00000	8.93065
122	15400.00000	8.93065
122	15600.00000	8.93065
122	15800.00000	8.59058
122	16000.00000	8.59058
122	16200.00000	8.59058
122	16400.00000	8.59058
122	16600.00000	8.59058
122	16800.00000	8.42905
122	17000.00000	8.42905
122	17200.00000	8.42905
122	17400.00000	8.42905
122	17600.00000	8.42905
122	17800.00000	8.63026
122	18000.00000	8.63026
122	18200.00000	8.63026
122	18400.00000	8.63026
122	18600.00000	8.63026
122	18800.00000	8.93965
122	19000.00000	8.93965
122	19200.00000	8.93965
122	19400.00000	8.93965
122	19600.00000	8.93965
122	19800.00000	8.82264
122	20000.00000	8.82264
123	0.00000	9.95769
123	200.00000	9.95769
123	400.00000	9.95769
123	600.00000	9.95769
123	800.00000	9.95769
123	1000.00000	10.10479
123	1200.00000	10.10479
123	1400.00000	10.10479
123	1600.00000	10.10479
123	1800.00000	10.10479
123	2000.00000	9.53443
123	2200.00000	9.53443
123	2400.00000	9.53443
123	2600.00000	9.53443
123	2800.00000	9.53443
123	3000.00000	9.17664
123	3200.00000	9.17664
123	3400.00000	9.17664
123	3600.00000	9.17664
123	3800.00000	9.17664
123	4000.00000	9.03667
123	4200.00000	9.03667
123	4400.00000	9.03667
123	4600.00000	9.03667
123	4800.00000	9.03667
123	5000.00000	9.13537
123	5200.00000	9.13537
123	5400.00000	9.13537
123	5600.00000	9.13537
123	5800.00000	9.13537
123	6000.00000	8.94522
123	6200.00000	8.94522
123	6400.00000	8.94522
123	6600.00000	8.94522
123	6800.00000	8.94522
123	7000.00000	8.67885
123	7200.00000	8.67885
123	7400.00000	8.67885
123	7600.00000	8.67885
123	7800.00000	8.67885
123	8000.00000	9.14055
123	8200.00000	9.14055
123	8400.00000	9.14055
123	8600.00000	9.14055
123	8800.00000	9.14055
123	9000.00000	9.02826
123	9200.00000	9.02826
123	9400.00000	9.02826
123	9600.00000	9.02826
123	9800.00000	9.02826
123	10000.00000	9.15104
123	10200.00000	9.15104
123	10400.00000	9.15104
123	10600.00000	9.15104
123	10800.00000	9.15104
123	11000.00000	9.41743
123	11200.00000	9.41743
123	11400.00000	9.41743
123	11600.00000	9.41743
123	11800.00000	9.41743
123	12000.00000	9.46589
123	12200.00000	9.46589
123	12400.00000	9.46589
123	12600.00000	9.46589
123	12800.00000	9.46589
123	13000.00000	9.75305
123	13200.00000	9.75305
123	13400.00000	9.75305
123	13600.00000	9.75305
123	13800.00000	9.75305
123	14000.00000	9.68261
123	14200.00000	9.68261
123	14400.00000	9.68261
123	14600.00000	9.68261
123	14800.00000	9.68261
123	15000.00000	9.07853
123	15200.00000	9.07853
123	15400.00000	9.07853
123	15600.00000	9.07853
123	15800.00000	9.55903
123	16000.00000	9.55903
123	16200.00000	9.55903
123	16400.00000	9.55903
123	16600.00000	9.55903
123	16800.00000	9.37329
123	17000.00000	9.37329
123	17200.00000	9.37329
123	17400.00000	9.37329
123	17600.00000	9.37329
123	17800.00000	9.08561
123	18000.00000	9.08561
123	18200.00000	9.08561
123	18400.00000	9.08561
123	18600.00000	9.08561
123	18800.00000	8.92958
123	19000.00000	8.92958
123	19200.00000	8.92958
123	19400.00000	8.92958
123	19600.00000	8.92958
123	19800.00000	9.01085
123	20000.00000	9.01085
124	0.00000	9.79453
124	200.00000	9.79453
124	400.00000	9.79453
124	600.00000	9.79453
124	800.00000	9.79453
124	1000.00000	10.13461
124	1200.00000	10.13461
124	1400.00000	10.13461
124	1600.00000	10.13461
124	1800.00000	10.13461
124	2000.00000	9.32789
124	2200.00000	9.32789
124	2400.00000	9.32789
124	2600.00000	9.32789
124	2800.00000	9.32789
124	3000.00000	8.89659
124	3200.00000	8.89659
124	3400.00000	8.89659
124	3600.00000	8.89659
124	3800.00000	8.89659
124	4000.00000	8.87443
124	4200.00000	8.87443
124	4400.00000	8.87443
124	4600.00000	8.87443
124	4800.00000	8.87443
124	5000.00000	9.00287
124	5200.00000	9.00287
124	5400.00000	9.00287
124	5600.00000	9.00287
124	5800.00000	9.00287
124	6000.00000	8.97909
124	6200.00000	8.97909
124	6400.00000	8.97909
124	6600.00000	8.97909
124	6800.00000	8.97909
124	7000.00000	8.75163
124	7200.00000	8.75163
124	7400.00000	8.75163
124	7600.00000	8.75163
124	7800.00000	8.75163
124	8000.00000	8.69818
124	8200.00000	8.69818
124	8400.00000	8.69818
124	8600.00000	8.69818
124	8800.00000	8.69818
124	9000.00000	8.86400
124	9200.00000	8.86400
124	9400.00000	8.86400
124	9600.00000	8.86400
124	9800.00000	8.86400
124	10000.00000	8.87099
124	10200.00000	8.87099
124	10400.00000	8.87099
124	10600.00000	8.87099
124	10800.00000	8.87099
124	11000.00000	9.16390
124	11200.00000	9.16390
124	11400.00000	9.16390
124	11600.00000	9.16390
124	11800.00000	9.16390
124	12000.00000	9.33059
124	12200.00000	9.33059
124	12400.00000	9.33059
124	12600.00000	9.33059
124	12800.00000	9.33059
124	13000.00000	9.28679
124	13200.00000	9.28679
124	13400.00000	9.28679
124	13600.00000	9.28679
124	13800.00000	9.28679
124	14000.00000	9.05669
124	14200.00000	9.05669
124	14400.00000	9.05669
124	14600.00000	9.05669
124	14800.00000	9.05669
124	15000.00000	8.97467
124	15200.00000	8.97467
124	15400.00000	8.97467
124	15600.00000	8.97467
124	15800.00000	9.37595
124	16000.00000	9.37595
124	16200.00000	9.37595
124	16400.00000	9.37595
124	16600.00000	9.37595
124	16800.00000	9.21158
124	17000.00000	9.21158
124	17200.00000	9.21158
124	17400.00000	9.21158
124	17600.00000	9.21158
124	17800.00000	8.89747
124	18000.00000	8.89747
124	18200.00000	8.89747
124	18400.00000	8.89747
124	18600.00000	8.89747
124	18800.00000	9.21859
124	19000.00000	9.21859
124	19200.00000	9.21859
124	19400.00000	9.21859
124	19600.00000	9.21859
124	19800.00000	9.80597
124	20000.00000	9.80597
125	0.00000	10.01248
125	200.00000	10.01248
125	400.00000	10.01248
125	600.00000	10.01248
125	800.00000	10.01248
125	1000.00000	10.41481
125	1200.00000	10.41481
125	1400.00000	10.41481
125	1600.00000	10.41481
125	1800.00000	10.41481
125	2000.00000	9.44207
125	2200.00000	9.44207
125	2400.00000	9.44207
125	2600.00000	9.44207
125	2800.00000	9.44207
125	3000.00000	8.95108
125	3200.00000	8.95108
125	3400.00000	8.95108
125	3600.00000	8.95108
125	3800.00000	8.95108
125	4000.00000	9.21527
125	4200.00000	9.21527
125	4400.00000	9.21527
125	4600.00000	9.21527
125	4800.00000	9.21527
125	5000.00000	8.93953
125	5200.00000	8.93953
125	5400.00000	8.93953
125	5600.00000	8.93953
125	5800.00000	8.93953
125	6000.00000	8.91261
125	6200.00000	8.91261
125	6400.00000	8.91261
125	6600.00000	8.91261
125	6800.00000	8.91261
125	7000.00000	8.98489
125	7200.00000	8.98489
125	7400.00000	8.98489
125	7600.00000	8.98489
125	7800.00000	8.98489
125	8000.00000	9.08754
125	8200.00000	9.08754
125	8400.00000	9.08754
125	8600.00000	9.08754
125	8800.00000	9.08754
125	9000.00000	9.23234
125	9200.00000	9.23234
125	9400.00000	9.23234
125	9600.00000	9.23234
125	9800.00000	9.23234
125	10000.00000	9.05330
125	10200.00000	9.05330
125	10400.00000	9.05330
125	10600.00000	9.05330
125	10800.00000	9.05330
125	11000.00000	9.22878
125	11200.00000	9.22878
125	11400.00000	9.22878
125	11600.00000	9.22878
125	11800.00000	9.22878
125	12000.00000	9.62828
125	12200.00000	9.62828
125	12400.00000	9.62828
125	12600.00000	9.62828
125	12800.00000	9.62828
125	13000.00000	10.09806
125	13200.00000	10.09806
125	13400.00000	10.09806
125	13600.00000	10.09806
125	13800.00000	10.09806
125	14000.00000	9.86192
125	14200.00000	9.86192
125	14400.00000	9.86192
125	14600.00000	9.86192
125	14800.00000	9.86192
125	15000.00000	9.60790
125	15200.00000	9.60790
125	15400.00000	9.60790
125	15600.00000	9.60790
125	15800.00000	9.39612
125	16000.00000	9.39612
125	16200.00000	9.39612
125	16400.00000	9.39612
125	16600.00000	9.39612
125	16800.00000	9.35412
125	17000.00000	9.35412
125	17200.00000	9.35412
125	17400.00000	9.35412
125	17600.00000	9.35412
125	17800.00000	9.53495
125	18000.00000	9.53495
125	18200.00000	9.53495
125	18400.00000	9.53495
125	18600.00000	9.53495
125	18800.00000	9.40263
125	19000.00000	9.40263
125	19200.00000	9.40263
125	19400.00000	9.40263
125	19600.00000	9.40263
125	19800.00000	9.78575
125	20000.00000	9.78575
126	0.00000	9.73610
126	200.00000	9.73610
126	400.00000	9.73610
126	600.00000	9.73610
126	800.00000	9.73610
126	1000.00000	10.22876
126	1200.00000	10.22876
126	1400.00000	10.22876
126	1600.00000	10.22876
126	1800.00000	10.22876
126	2000.00000	9.42694
126	2200.00000	9.42694
126	2400.00000	9.42694
126	2600.00000	9.42694
126	2800.00000	9.42694
126	3000.00000	9.14560
126	3200.00000	9.14560
126	3400.00000	9.14560
126	3600.00000	9.14560
126	3800.00000	9.14560
126	4000.00000	9.09682
126	4200.00000	9.09682
126	4400.00000	9.09682
126	4600.00000	9.09682
126	4800.00000	9.09682
126	5000.00000	8.82510
126	5200.00000	8.82510
126	5400.00000	8.82510
126	5600.00000	8.82510
126	5800.00000	8.82510
126	6000.00000	8.53456
126	6200.00000	8.53456
126	6400.00000	8.53456
126	6600.00000	8.53456
126	6800.00000	8.53456
126	7000.00000	8.85591
126	7200.00000	8.85591
126	7400.00000	8.85591
126	7600.00000	8.85591
126	7800.00000	8.85591
126	8000.00000	8.93147
126	8200.00000	8.93147
126	8400.00000	8.93147
126	8600.00000	8.93147
126	8800.00000	8.93147
126	9000.00000	8.83263
126	9200.00000	8.83263
126	9400.00000	8.83263
126	9600.00000	8.83263
126	9800.00000	8.83263
126	10000.00000	8.74926
126	10200.00000	8.74926
126	10400.00000	8.74926
126	10600.00000	8.74926
126	10800.00000	8.74926
126	11000.00000	8.92861
126	11200.00000	8.92861
126	11400.00000	8.92861
126	11600.00000	8.92861
126	11800.00000	8.92861
126	12000.00000	9.08635
126	12200.00000	9.08635
126	12400.00000	9.08635
126	12600.00000	9.08635
126	12800.00000	9.08635
126	13000.00000	8.76382
126	13200.00000	8.76382
126	13400.00000	8.76382
126	13600.00000	8.76382
126	13800.00000	8.76382
126	14000.00000	9.28638
126	14200.00000	9.28638
126	14400.00000	9.28638
126	14600.00000	9.28638
126	14800.00000	9.28638
126	15000.00000	9.47413
126	15200.00000	9.47413
126	15400.00000	9.47413
126	15600.00000	9.47413
126	15800.00000	9.90777
126	16000.00000	9.90777
126	16200.00000	9.90777
126	16400.00000	9.90777
126	16600.00000	9.90777
126	16800.00000	9.13765
126	17000.00000	9.13765
126	17200.00000	9.13765
126	17400.00000	9.13765
126	17600.00000	9.13765
126	17800.00000	9.06375
126	18000.00000	9.06375
126	18200.00000	9.06375
126	18400.00000	9.06375
126	18600.00000	9.06375
126	18800.00000	9.25253
126	19000.00000	9.25253
126	19200.00000	9.25253
126	19400.00000	9.25253
126	19600.00000	9.25253
126	19800.00000	9.56035
126	20000.00000	9.56035
127	0.00000	9.94524
127	200.00000	9.94524
127	400.00000	9.94524
127	600.00000	9.94524
127	800.00000	9.94524
127	1000.00000	10.27917
127	1200.00000	10.27917
127	1400.00000	10.27917
127	1600.00000	10.27917
127	1800.00000	10.27917
127	2000.00000	9.30054
127	2200.00000	9.30054
127	2400.00000	9.30054
127	2600.00000	9.30054
127	2800.00000	9.30054
127	3000.00000	8.86600
127	3200.00000	8.86600
127	3400.00000	8.86600
127	3600.00000	8.86600
127	3800.00000	8.86600
127	4000.00000	9.22330
127	4200.00000	9.22330
127	4400.00000	9.22330
127	4600.00000	9.22330
127	4800.00000	9.22330
127	5000.00000	9.13892
127	5200.00000	9.13892
127	5400.00000	9.13892
127	5600.00000	9.13892
127	5800.00000	9.13892
127	6000.00000	8.64510
127	6200.00000	8.64510
127	6400.00000	8.64510
127	6600.00000	8.64510
127	6800.00000	8.64510
127	7000.00000	8.88269
127	7200.00000	8.88269
127	7400.00000	8.88269
127	7600.00000	8.88269
127	7800.00000	8.88269
127	8000.00000	8.99153
127	8200.00000	8.99153
127	8400.00000	8.99153
127	8600.00000	8.99153
127	8800.00000	8.99153
127	9000.00000	8.73358
127	9200.00000	8.73358
127	9400.00000	8.73358
127	9600.00000	8.73358
127	9800.00000	8.73358
127	10000.00000	9.24795
127	10200.00000	9.24795
127	10400.00000	9.24795
127	10600.00000	9.24795
127	10800.00000	9.24795
127	11000.00000	8.92547
127	11200.00000	8.92547
127	11400.00000	8.92547
127	11600.00000	8.92547
127	11800.00000	8.92547
127	12000.00000	8.79538
127	12200.00000	8.79538
127	12400.00000	8.79538
127	12600.00000	8.79538
127	12800.00000	8.79538
127	13000.00000	9.44619
127	13200.00000	9.44619
127	13400.00000	9.44619
127	13600.00000	9.44619
127	13800.00000	9.44619
127	14000.00000	9.35170
127	14200.00000	9.35170
127	14400.00000	9.35170
127	14600.00000	9.35170
127	14800.00000	9.35170
127	15000.00000	9.94294
127	15200.00000	9.94294
127	15400.00000	9.94294
127	15600.00000	9.94294
127	15800.00000	9.87022
127	16000.00000	9.87022
127	16200.00000	9.87022
127	16400.00000	9.87022
127	16600.00000	9.87022
127	16800.00000	9.57660
127	17000.00000	9.57660
127	17200.00000	9.57660
127	17400.00000	9.57660
127	17600.00000	9.57660
127	17800.00000	10.11089
127	18000.00000	10.11089
127	18200.00000	10.11089
127	18400.00000	10.11089
127	18600.00000	10.11089
127	18800.00000	9.82782
127	19000.00000	9.82782
127	19200.00000	9.82782
127	19400.00000	9.82782
127	19600.00000	9.82782
127	19800.00000	9.50058
127	20000.00000	9.50058
128	0.00000	9.97851
128	200.00000	9.97851
128	400.00000	9.97851
128	600.00000	9.97851
128	800.00000	9.97851
128	1000.00000	10.55190
128	1200.00000	10.55190
128	1400.00000	10.55190
128	1600.00000	10.55190
128	1800.00000	10.55190
128	2000.00000	9.48813
128	2200.00000	9.48813
128	2400.00000	9.48813
128	2600.00000	9.48813
128	2800.00000	9.48813
128	3000.00000	8.92966
128	3200.00000	8.92966
128	3400.00000	8.92966
128	3600.00000	8.92966
128	3800.00000	8.92966
128	4000.00000	9.63112
128	4200.00000	9.63112
128	4400.00000	9.63112
128	4600.00000	9.63112
128	4800.00000	9.63112
128	5000.00000	8.92510
128	5200.00000	8.92510
128	5400.00000	8.92510
128	5600.00000	8.92510
128	5800.00000	8.92510
128	6000.00000	9.17655
128	6200.00000	9.17655
128	6400.00000	9.17655
128	6600.00000	9.17655
128	6800.00000	9.17655
128	7000.00000	8.50078
128	7200.00000	8.50078
128	7400.00000	8.50078
128	7600.00000	8.50078
128	7800.00000	8.50078
128	8000.00000	9.28835
128	8200.00000	9.28835
128	8400.00000	9.28835
128	8600.00000	9.28835
128	8800.00000	9.28835
128	9000.00000	8.80273
128	9200.00000	8.80273
128	9400.00000	8.80273
128	9600.00000	8.80273
128	9800.00000	8.80273
128	10000.00000	8.70887
128	10200.00000	8.70887
128	10400.00000	8.70887
128	10600.00000	8.70887
128	10800.00000	8.70887
128	11000.00000	9.59055
128	11200.00000	9.59055
128	11400.00000	9.59055
128	11600.00000	9.59055
128	11800.00000	9.59055
128	12000.00000	10.56935
128	12200.00000	10.56935
128	12400.00000	10.56935
128	12600.00000	10.56935
128	12800.00000	10.56935
128	13000.00000	10.14702
128	13200.00000	10.14702
128	13400.00000	10.14702
128	13600.00000	10.14702
128	13800.00000	10.14702
128	14000.00000	10.10180
128	14200.00000	10.10180
128	14400.00000	10.10180
128	14600.00000	10.10180
128	14800.00000	10.10180
128	15000.00000	9.52282
128	15200.00000	9.52282
128	15400.00000	9.52282
128	15600.00000	9.52282
128	15800.00000	9.15835
128	16000.00000	9.15835
128	16200.00000	9.15835
128	16400.00000	9.15835
128	16600.00000	9.15835
128	16800.00000	8.96949
128	17000.00000	8.96949
128	17200.00000	8.96949
128	17400.00000	8.96949
128	17600.00000	8.96949
128	17800.00000	9.38374
128	18000.00000	9.38374
128	18200.00000	9.38374
128	18400.00000	9.38374
128	18600.00000	9.38374
128	18800.00000	8.53177
128	19000.00000	8.53177
128	19200.00000	8.53177
128	19400.00000	8.53177
128	19600.00000	8.53177
128	19800.00000	8.64557
128	20000.00000	8.64557
129	0.00000	9.92247
129	200.00000	9.92247
129	400.00000	9.92247
129	600.00000	9.92247
129	800.00000	9.92247
129	1000.00000	10.12576
129	1200.00000	10.12576
129	1400.00000	10.12576
129	1600.00000	10.12576
129	1800.00000	10.12576
129	2000.00000	9.31464
129	2200.00000	9.31464
129	2400.00000	9.31464
129	2600.00000	9.31464
129	2800.00000	9.31464
129	3000.00000	8.94191
129	3200.00000	8.94191
129	3400.00000	8.94191
129	3600.00000	8.94191
129	3800.00000	8.94191
129	4000.00000	9.58239
129	4200.00000	9.58239
129	4400.00000	9.58239
129	4600.00000	9.58239
129	4800.00000	9.58239
129	5000.00000	9.22211
129	5200.00000	9.22211
129	5400.00000	9.22211
129	5600.00000	9.22211
129	5800.00000	9.22211
129	6000.00000	8.94352
129	6200.00000	8.94352
129	6400.00000	8.94352
129	6600.00000	8.94352
129	6800.00000	8.94352
129	7000.00000	8.83227
129	7200.00000	8.83227
129	7400.00000	8.83227
129	7600.00000	8.83227
129	7800.00000	8.83227
129	8000.00000	9.16798
129	8200.00000	9.16798
129	8400.00000	9.16798
129	8600.00000	9.16798
129	8800.00000	9.16798
129	9000.00000	9.47664
129	9200.00000	9.47664
129	9400.00000	9.47664
129	9600.00000	9.47664
129	9800.00000	9.47664
129	10000.00000	9.55853
129	10200.00000	9.55853
129	10400.00000	9.55853
129	10600.00000	9.55853
129	10800.00000	9.55853
129	11000.00000	9.26376
129	11200.00000	9.26376
129	11400.00000	9.26376
129	11600.00000	9.26376
129	11800.00000	9.26376
129	12000.00000	9.54548
129	12200.00000	9.54548
129	12400.00000	9.54548
129	12600.00000	9.54548
129	12800.00000	9.54548
129	13000.00000	9.72938
129	13200.00000	9.72938
129	13400.00000	9.72938
129	13600.00000	9.72938
129	13800.00000	9.72938
129	14000.00000	9.54021
129	14200.00000	9.54021
129	14400.00000	9.54021
129	14600.00000	9.54021
129	14800.00000	9.54021
129	15000.00000	9.74596
129	15200.00000	9.74596
129	15400.00000	9.74596
129	15600.00000	9.74596
129	15800.00000	10.40985
129	16000.00000	10.40985
129	16200.00000	10.40985
129	16400.00000	10.40985
129	16600.00000	10.40985
129	16800.00000	10.29011
129	17000.00000	10.29011
129	17200.00000	10.29011
129	17400.00000	10.29011
129	17600.00000	10.29011
129	17800.00000	10.13454
129	18000.00000	10.13454
129	18200.00000	10.13454
129	18400.00000	10.13454
129	18600.00000	10.13454
129	18800.00000	9.46042
129	19000.00000	9.46042
129	19200.00000	9.46042
129	19400.00000	9.46042
129	19600.00000	9.46042
129	19800.00000	9.53302
129	20000.00000	9.53302
130	0.00000	9.81236
130	200.00000	9.81236
130	400.00000	9.81236
130	600.00000	9.81236
130	800.00000	9.81236
130	1000.00000	10.03724
130	1200.00000	10.03724
130	1400.00000	10.03724
130	1600.00000	10.03724
130	1800.00000	10.03724
130	2000.00000	9.52081
130	2200.00000	9.52081
130	2400.00000	9.52081
130	2600.00000	9.52081
130	2800.00000	9.52081
130	3000.00000	9.20469
130	3200.00000	9.20469
130	3400.00000	9.20469
130	3600.00000	9.20469
130	3800.00000	9.20469
130	4000.00000	9.01528
130	4200.00000	9.01528
130	4400.00000	9.01528
130	4600.00000	9.01528
130	4800.00000	9.01528
130	5000.00000	9.14870
130	5200.00000	9.14870
130	5400.00000	9.14870
130	5600.00000	9.14870
130	5800.00000	9.14870
130	6000.00000	8.79623
130	6200.00000	8.79623
130	6400.00000	8.79623
130	6600.00000	8.79623
130	6800.00000	8.79623
130	7000.00000	8.84801
130	7200.00000	8.84801
130	7400.00000	8.84801
130	7600.00000	8.84801
130	7800.00000	8.84801
130	8000.00000	9.44305
130	8200.00000	9.44305
130	8400.00000	9.44305
130	8600.00000	9.44305
130	8800.00000	9.44305
130	9000.00000	9.23238
130	9200.00000	9.23238
130	9400.00000	9.23238
130	9600.00000	9.23238
130	9800.00000	9.23238
130	10000.00000	9.05922
130	10200.00000	9.05922
130	10400.00000	9.05922
130	10600.00000	9.05922
130	10800.00000	9.05922
130	11000.00000	9.12033
130	11200.00000	9.12033
130	11400.00000	9.12033
130	11600.00000	9.12033
130	11800.00000	9.12033
130	12000.00000	9.49014
130	12200.00000	9.49014
130	12400.00000	9.49014
130	12600.00000	9.49014
130	12800.00000	9.49014
130	13000.00000	9.36462
130	13200.00000	9.36462
130	13400.00000	9.36462
130	13600.00000	9.36462
130	13800.00000	9.36462
130	14000.00000	9.03962
130	14200.00000	9.03962
130	14400.00000	9.03962
130	14600.00000	9.03962
130	14800.00000	9.03962
130	15000.00000	9.32182
130	15200.00000	9.32182
130	15400.00000	9.32182
130	15600.00000	9.32182
130	15800.00000	9.46815
130	16000.00000	9.46815
130	16200.00000	9.46815
130	16400.00000	9.46815
130	16600.00000	9.46815
130	16800.00000	9.37216
130	17000.00000	9.37216
130	17200.00000	9.37216
130	17400.00000	9.37216
130	17600.00000	9.37216
130	17800.00000	8.86906
130	18000.00000	8.86906
130	18200.00000	8.86906
130	18400.00000	8.86906
130	18600.00000	8.86906
130	18800.00000	9.07273
130	19000.00000	9.07273
130	19200.00000	9.07273
130	19400.00000	9.07273
130	19600.00000	9.07273
130	19800.00000	9.22366
130	20000.00000	9.22366
131	0.00000	9.94669
131	200.00000	9.94669
131	400.00000	9.94669
131	600.00000	9.94669
131	800.00000	9.94669
131	1000.00000	10.00014
131	1200.00000	10.00014
131	1400.00000	10.00014
131	1600.00000	10.00014
131	1800.00000	10.00014
131	2000.00000	9.51927
131	2200.00000	9.51927
131	2400.00000	9.51927
131	2600.00000	9.51927
131	2800.00000	9.51927
131	3000.00000	8.90377
131	3200.00000	8.90377
131	3400.00000	8.90377
131	3600.00000	8.90377
131	3800.00000	8.90377
131	4000.00000	8.93186
131	4200.00000	8.93186
131	4400.00000	8.93186
131	4600.00000	8.93186
131	4800.00000	8.93186
131	5000.00000	9.31542
131	5200.00000	9.31542
131	5400.00000	9.31542
131	5600.00000	9.31542
131	5800.00000	9.31542
131	6000.00000	9.24042
131	6200.00000	9.24042
131	6400.00000	9.24042
131	6600.00000	9.24042
131	6800.00000	9.24042
131	7000.00000	8.94808
131	7200.00000	8.94808
131	7400.00000	8.94808
131	7600.00000	8.94808
131	7800.00000	8.94808
131	8000.00000	9.47452
131	8200.00000	9.47452
131	8400.00000	9.47452
131	8600.00000	9.47452
131	8800.00000	9.47452
131	9000.00000	8.85385
131	9200.00000	8.85385
131	9400.00000	8.85385
131	9600.00000	8.85385
131	9800.00000	8.85385
131	10000.00000	8.85763
131	10200.00000	8.85763
131	10400.00000	8.85763
131	10600.00000	8.85763
131	10800.00000	8.85763
131	11000.00000	9.23123
131	11200.00000	9.23123
131	11400.00000	9.23123
131	11600.00000	9.23123
131	11800.00000	9.23123
131	12000.00000	9.53237
131	12200.00000	9.53237
131	12400.00000	9.53237
131	12600.00000	9.53237
131	12800.00000	9.53237
131	13000.00000	9.24619
131	13200.00000	9.24619
131	13400.00000	9.24619
131	13600.00000	9.24619
131	13800.00000	9.24619
131	14000.00000	8.61024
131	14200.00000	8.61024
131	14400.00000	8.61024
131	14600.00000	8.61024
131	14800.00000	8.61024
131	15000.00000	9.22376
131	15200.00000	9.22376
131	15400.00000	9.22376
131	15600.00000	9.22376
131	15800.00000	8.98962
131	16000.00000	8.98962
131	16200.00000	8.98962
131	16400.00000	8.98962
131	16600.00000	8.98962
131	16800.00000	9.25343
131	17000.00000	9.25343
131	17200.00000	9.25343
131	17400.00000	9.25343
131	17600.00000	9.25343
131	17800.00000	9.27075
131	18000.00000	9.27075
131	18200.00000	9.27075
131	18400.00000	9.27075
131	18600.00000	9.27075
131	18800.00000	8.63859
131	19000.00000	8.63859
131	19200.00000	8.63859
131	19400.00000	8.63859
131	19600.00000	8.63859
131	19800.00000	8.77625
131	20000.00000	8.77625
132	0.00000	10.01594
132	200.00000	10.01594
132	400.00000	10.01594
132	600.00000	10.01594
132	800.00000	10.01594
132	1000.00000	10.36721
132	1200.00000	10.36721
132	1400.00000	10.36721
132	1600.00000	10.36721
132	1800.00000	10.36721
132	2000.00000	9.41817
132	2200.00000	9.41817
132	2400.00000	9.41817
132	2600.00000	9.41817
132	2800.00000	9.41817
132	3000.00000	8.99393
132	3200.00000	8.99393
132	3400.00000	8.99393
132	3600.00000	8.99393
132	3800.00000	8.99393
132	4000.00000	8.94516
132	4200.00000	8.94516
132	4400.00000	8.94516
132	4600.00000	8.94516
132	4800.00000	8.94516
132	5000.00000	9.38577
132	5200.00000	9.38577
132	5400.00000	9.38577
132	5600.00000	9.38577
132	5800.00000	9.38577
132	6000.00000	8.78378
132	6200.00000	8.78378
132	6400.00000	8.78378
132	6600.00000	8.78378
132	6800.00000	8.78378
132	7000.00000	8.92725
132	7200.00000	8.92725
132	7400.00000	8.92725
132	7600.00000	8.92725
132	7800.00000	8.92725
132	8000.00000	9.23682
132	8200.00000	9.23682
132	8400.00000	9.23682
132	8600.00000	9.23682
132	8800.00000	9.23682
132	9000.00000	8.61453
132	9200.00000	8.61453
132	9400.00000	8.61453
132	9600.00000	8.61453
132	9800.00000	8.61453
132	10000.00000	8.48212
132	10200.00000	8.48212
132	10400.00000	8.48212
132	10600.00000	8.48212
132	10800.00000	8.48212
132	11000.00000	8.86970
132	11200.00000	8.86970
132	11400.00000	8.86970
132	11600.00000	8.86970
132	11800.00000	8.86970
132	12000.00000	9.11936
132	12200.00000	9.11936
132	12400.00000	9.11936
132	12600.00000	9.11936
132	12800.00000	9.11936
132	13000.00000	9.17114
132	13200.00000	9.17114
132	13400.00000	9.17114
132	13600.00000	9.17114
132	13800.00000	9.17114
132	14000.00000	10.05624
132	14200.00000	10.05624
132	14400.00000	10.05624
132	14600.00000	10.05624
132	14800.00000	10.05624
132	15000.00000	9.86065
132	15200.00000	9.86065
132	15400.00000	9.86065
132	15600.00000	9.86065
132	15800.00000	9.05478
132	16000.00000	9.05478
132	16200.00000	9.05478
132	16400.00000	9.05478
132	16600.00000	9.05478
132	16800.00000	8.45614
132	17000.00000	8.45614
132	17200.00000	8.45614
132	17400.00000	8.45614
132	17600.00000	8.45614
132	17800.00000	8.76895
132	18000.00000	8.76895
132	18200.00000	8.76895
132	18400.00000	8.76895
132	18600.00000	8.76895
132	18800.00000	9.64611
132	19000.00000	9.64611
132	19200.00000	9.64611
132	19400.00000	9.64611
132	19600.00000	9.64611
132	19800.00000	9.83977
132	20000.00000	9.83977
133	0.00000	9.97737
133	200.00000	9.97737
133	400.00000	9.97737
133	600.00000	9.97737
133	800.00000	9.97737
133	1000.00000	10.59937
133	1200.00000	10.59937
133	1400.00000	10.59937
133	1600.00000	10.59937
133	1800.00000	10.59937
133	2000.00000	9.23496
133	2200.00000	9.23496
133	2400.00000	9.23496
133	2600.00000	9.23496
133	2800.00000	9.23496
133	3000.00000	9.10974
133	3200.00000	9.10974
133	3400.00000	9.10974
133	3600.00000	9.10974
133	3800.00000	9.10974
133	4000.00000	9.04275
133	4200.00000	9.04275
133	4400.00000	9.04275
133	4600.00000	9.04275
133	4800.00000	9.04275
133	5000.00000	9.25499
133	5200.00000	9.25499
133	5400.00000	9.25499
133	5600.00000	9.25499
133	5800.00000	9.25499
133	6000.00000	9.15956
133	6200.00000	9.15956
133	6400.00000	9.15956
133	6600.00000	9.15956
133	6800.00000	9.15956
133	7000.00000	8.56550
133	7200.00000	8.56550
133	7400.00000	8.56550
133	7600.00000	8.56550
133	7800.00000	8.56550
133	8000.00000	8.83710
133	8200.00000	8.83710
133	8400.00000	8.83710
133	8600.00000	8.83710
133	8800.00000	8.83710
133	9000.00000	8.12589
133	9200.00000	8.12589
133	9400.00000	8.12589
133	9600.00000	8.12589
133	9800.00000	8.12589
133	10000.00000	8.79275
133	10200.00000	8.79275
133	10400.00000	8.79275
133	10600.00000	8.79275
133	10800.00000	8.79275
133	11000.00000	9.38494
133	11200.00000	9.38494
133	11400.00000	9.38494
133	11600.00000	9.38494
133	11800.00000	9.38494
133	12000.00000	9.15741
133	12200.00000	9.15741
133	12400.00000	9.15741
133	12600.00000	9.15741
133	12800.00000	9.15741
133	13000.00000	9.88302
133	13200.00000	9.88302
133	13400.00000	9.88302
133	13600.00000	9.88302
133	13800.00000	9.88302
133	14000.00000	9.66407
133	14200.00000	9.66407
133	14400.00000	9.66407
133	14600.00000	9.66407
133	14800.00000	9.66407
133	15000.00000	9.34741
133	15200.00000	9.34741
133	15400.00000	9.34741
133	15600.00000	9.34741
133	15800.00000	8.92171
133	16000.00000	8.92171
133	16200.00000	8.92171
133	16400.00000	8.92171
133	16600.00000	8.92171
133	16800.00000	8.97385
133	17000.00000	8.97385
133	17200.00000	8.97385
133	17400.00000	8.97385
133	17600.00000	8.97385
133	17800.00000	9.53163
133	18000.00000	9.53163
133	18200.00000	9.53163
133	18400.00000	9.53163
133	18600.00000	9.53163
133	18800.00000	9.30873
133	19000.00000	9.30873
133	19200.00000	9.30873
133	19400.00000	9.30873
133	19600.00000	9.30873
133	19800.00000	8.74466
133	20000.00000	8.74466
134	0.00000	9.98724
134	200.00000	9.98724
134	400.00000	9.98724
134	600.00000	9.98724
134	800.00000	9.98724
134	1000.00000	10.10817
134	1200.00000	10.10817
134	1400.00000	10.10817
134	1600.00000	10.10817
134	1800.00000	10.10817
134	2000.00000	9.44100
134	2200.00000	9.44100
134	2400.00000	9.44100
134	2600.00000	9.44100
134	2800.00000	9.44100
134	3000.00000	8.77104
134	3200.00000	8.77104
134	3400.00000	8.77104
134	3600.00000	8.77104
134	3800.00000	8.77104
134	4000.00000	9.66717
134	4200.00000	9.66717
134	4400.00000	9.66717
134	4600.00000	9.66717
134	4800.00000	9.66717
134	5000.00000	8.90474
134	5200.00000	8.90474
134	5400.00000	8.90474
134	5600.00000	8.90474
134	5800.00000	8.90474
134	6000.00000	9.54560
134	6200.00000	9.54560
134	6400.00000	9.54560
134	6600.00000	9.54560
134	6800.00000	9.54560
134	7000.00000	8.86240
134	7200.00000	8.86240
134	7400.00000	8.86240
134	7600.00000	8.86240
134	7800.00000	8.86240
134	8000.00000	9.12489
134	8200.00000	9.12489
134	8400.00000	9.12489
134	8600.00000	9.12489
134	8800.00000	9.12489
134	9000.00000	8.49878
134	9200.00000	8.49878
134	9400.00000	8.49878
134	9600.00000	8.49878
134	9800.00000	8.49878
134	10000.00000	8.98435
134	10200.00000	8.98435
134	10400.00000	8.98435
134	10600.00000	8.98435
134	10800.00000	8.98435
134	11000.00000	9.14436
134	11200.00000	9.14436
134	11400.00000	9.14436
134	11600.00000	9.14436
134	11800.00000	9.14436
134	12000.00000	9.22548
134	12200.00000	9.22548
134	12400.00000	9.22548
134	12600.00000	9.22548
134	12800.00000	9.22548
134	13000.00000	9.95106
134	13200.00000	9.95106
134	13400.00000	9.95106
134	13600.00000	9.95106
134	13800.00000	9.95106
134	14000.00000	9.44317
134	14200.00000	9.44317
134	14400.00000	9.44317
134	14600.00000	9.44317
134	14800.00000	9.44317
134	15000.00000	9.62957
134	15200.00000	9.62957
134	15400.00000	9.62957
134	15600.00000	9.62957
134	15800.00000	9.27485
134	16000.00000	9.27485
134	16200.00000	9.27485
134	16400.00000	9.27485
134	16600.00000	9.27485
134	16800.00000	9.79477
134	17000.00000	9.79477
134	17200.00000	9.79477
134	17400.00000	9.79477
134	17600.00000	9.79477
134	17800.00000	9.72457
134	18000.00000	9.72457
134	18200.00000	9.72457
134	18400.00000	9.72457
134	18600.00000	9.72457
134	18800.00000	9.14479
134	19000.00000	9.14479
134	19200.00000	9.14479
134	19400.00000	9.14479
134	19600.00000	9.14479
134	19800.00000	9.40227
134	20000.00000	9.40227
135	0.00000	9.85926
135	200.00000	9.85926
135	400.00000	9.85926
135	600.00000	9.85926
135	800.00000	9.85926
135	1000.00000	10.03315
135	1200.00000	10.03315
135	1400.00000	10.03315
135	1600.00000	10.03315
135	1800.00000	10.03315
135	2000.00000	9.28070
135	2200.00000	9.28070
135	2400.00000	9.28070
135	2600.00000	9.28070
135	2800.00000	9.28070
135	3000.00000	8.99731
135	3200.00000	8.99731
135	3400.00000	8.99731
135	3600.00000	8.99731
135	3800.00000	8.99731
135	4000.00000	8.96499
135	4200.00000	8.96499
135	4400.00000	8.96499
135	4600.00000	8.96499
135	4800.00000	8.96499
135	5000.00000	9.31576
135	5200.00000	9.31576
135	5400.00000	9.31576
135	5600.00000	9.31576
135	5800.00000	9.31576
135	6000.00000	8.71476
135	6200.00000	8.71476
135	6400.00000	8.71476
135	6600.00000	8.71476
135	6800.00000	8.71476
135	7000.00000	8.80839
135	7200.00000	8.80839
135	7400.00000	8.80839
135	7600.00000	8.80839
135	7800.00000	8.80839
135	8000.00000	8.97246
135	8200.00000	8.97246
135	8400.00000	8.97246
135	8600.00000	8.97246
135	8800.00000	8.97246
135	9000.00000	8.81184
135	9200.00000	8.81184
135	9400.00000	8.81184
135	9600.00000	8.81184
135	9800.00000	8.81184
135	10000.00000	8.92619
135	10200.00000	8.92619
135	10400.00000	8.92619
135	10600.00000	8.92619
135	10800.00000	8.92619
135	11000.00000	8.59507
135	11200.00000	8.59507
135	11400.00000	8.59507
135	11600.00000	8.59507
135	11800.00000	8.59507
135	12000.00000	9.10315
135	12200.00000	9.10315
135	12400.00000	9.10315
135	12600.00000	9.10315
135	12800.00000	9.10315
135	13000.00000	9.16891
135	13200.00000	9.16891
135	13400.00000	9.16891
135	13600.00000	9.16891
135	13800.00000	9.16891
135	14000.00000	9.91998
135	14200.00000	9.91998
135	14400.00000	9.91998
135	14600.00000	9.91998
135	14800.00000	9.91998
135	15000.00000	9.75926
135	15200.00000	9.75926
135	15400.00000	9.75926
135	15600.00000	9.75926
135	15800.00000	9.39243
135	16000.00000	9.39243
135	16200.00000	9.39243
135	16400.00000	9.39243
135	16600.00000	9.39243
135	16800.00000	9.36599
135	17000.00000	9.36599
135	17200.00000	9.36599
135	17400.00000	9.36599
135	17600.00000	9.36599
135	17800.00000	9.50992
135	18000.00000	9.50992
135	18200.00000	9.50992
135	18400.00000	9.50992
135	18600.00000	9.50992
135	18800.00000	10.00181
135	19000.00000	10.00181
135	19200.00000	10.00181
135	19400.00000	10.00181
135	19600.00000	10.00181
135	19800.00000	10.07501
135	20000.00000	10.07501
136	0.00000	9.96876
136	200.00000	9.96876
136	400.00000	9.96876
136	600.00000	9.96876
136	800.00000	9.96876
136	1000.00000	10.08464
136	1200.00000	10.08464
136	1400.00000	10.08464
136	1600.00000	10.08464
136	1800.00000	10.08464
136	2000.00000	9.49230
136	2200.00000	9.49230
136	2400.00000	9.49230
136	2600.00000	9.49230
136	2800.00000	9.49230
136	3000.00000	8.95421
136	3200.00000	8.95421
136	3400.00000	8.95421
136	3600.00000	8.95421
136	3800.00000	8.95421
136	4000.00000	9.05289
136	4200.00000	9.05289
136	4400.00000	9.05289
136	4600.00000	9.05289
136	4800.00000	9.05289
136	5000.00000	9.01830
136	5200.00000	9.01830
136	5400.00000	9.01830
136	5600.00000	9.01830
136	5800.00000	9.01830
136	6000.00000	8.91897
136	6200.00000	8.91897
136	6400.00000	8.91897
136	6600.00000	8.91897
136	6800.00000	8.91897
136	7000.00000	9.01245
136	7200.00000	9.01245
136	7400.00000	9.01245
136	7600.00000	9.01245
136	7800.00000	9.01245
136	8000.00000	9.41074
136	8200.00000	9.41074
136	8400.00000	9.41074
136	8600.00000	9.41074
136	8800.00000	9.41074
136	9000.00000	9.57067
136	9200.00000	9.57067
136	9400.00000	9.57067
136	9600.00000	9.57067
136	9800.00000	9.57067
136	10000.00000	9.54937
136	10200.00000	9.54937
136	10400.00000	9.54937
136	10600.00000	9.54937
136	10800.00000	9.54937
136	11000.00000	9.75634
136	11200.00000	9.75634
136	11400.00000	9.75634
136	11600.00000	9.75634
136	11800.00000	9.75634
136	12000.00000	9.40139
136	12200.00000	9.40139
136	12400.00000	9.40139
136	12600.00000	9.40139
136	12800.00000	9.40139
136	13000.00000	9.07710
136	13200.00000	9.07710
136	13400.00000	9.07710
136	13600.00000	9.07710
136	13800.00000	9.07710
136	14000.00000	9.09334
136	14200.00000	9.09334
136	14400.00000	9.09334
136	14600.00000	9.09334
136	14800.00000	9.09334
136	15000.00000	9.04313
136	15200.00000	9.04313
136	15400.00000	9.04313
136	15600.00000	9.04313
136	15800.00000	8.71183
136	16000.00000	8.71183
136	16200.00000	8.71183
136	16400.00000	8.71183
136	16600.00000	8.71183
136	16800.00000	9.10489
136	17000.00000	9.10489
136	17200.00000	9.10489
136	17400.00000	9.10489
136	17600.00000	9.10489
136	17800.00000	9.01126
136	18000.00000	9.01126
136	18200.00000	9.01126
136	18400.00000	9.01126
136	18600.00000	9.01126
136	18800.00000	9.04978
136	19000.00000	9.04978
136	19200.00000	9.04978
136	19400.00000	9.04978
136	19600.00000	9.04978
136	19800.00000	8.80425
136	20000.00000	8.80425
137	0.00000	9.88614
137	200.00000	9.88614
137	400.00000	9.88614
137	600.00000	9.88614
137	800.00000	9.88614
137	1000.00000	10.70932
137	1200.00000	10.70932
137	1400.00000	10.70932
137	1600.00000	10.70932
137	1800.00000	10.70932
137	2000.00000	9.54849
137	2200.00000	9.54849
137	2400.00000	9.54849
137	2600.00000	9.54849
137	2800.00000	9.54849
137	3000.00000	9.09530
137	3200.00000	9.09530
137	3400.00000	9.09530
137	3600.00000	9.09530
137	3800.00000	9.09530
137	4000.00000	9.28001
137	4200.00000	9.28001
137	4400.00000	9.28001
137	4600.00000	9.28001
137	4800.00000	9.28001
137	5000.00000	9.50247
137	5200.00000	9.50247
137	5400.00000	9.50247
137	5600.00000	9.50247
137	5800.00000	9.50247
137	6000.00000	8.93504
137	6200.00000	8.93504
137	6400.00000	8.93504
137	6600.00000	8.93504
137	6800.00000	8.93504
137	7000.00000	9.01912
137	7200.00000	9.01912
137	7400.00000	9.01912
137	7600.00000	9.01912
137	7800.00000	9.01912
137	8000.00000	9.49971
137	8200.00000	9.49971
137	8400.00000	9.49971
137	8600.00000	9.49971
137	8800.00000	9.49971
137	9000.00000	10.10018
137	9200.00000	10.10018
137	9400.00000	10.10018
137	9600.00000	10.10018
137	9800.00000	10.10018
137	10000.00000	9.11139
137	10200.00000	9.11139
137	10400.00000	9.11139
137	10600.00000	9.11139
137	10800.00000	9.11139
137	11000.00000	9.31127
137	11200.00000	9.31127
137	11400.00000	9.31127
137	11600.00000	9.31127
137	11800.00000	9.31127
137	12000.00000	8.65567
137	12200.00000	8.65567
137	12400.00000	8.65567
137	12600.00000	8.65567
137	12800.00000	8.65567
137	13000.00000	9.00255
137	13200.00000	9.00255
137	13400.00000	9.00255
137	13600.00000	9.00255
137	13800.00000	9.00255
137	14000.00000	9.40656
137	14200.00000	9.40656
137	14400.00000	9.40656
137	14600.00000	9.40656
137	14800.00000	9.40656
137	15000.00000	8.84499
137	15200.00000	8.84499
137	15400.00000	8.84499
137	15600.00000	8.84499
137	15800.00000	8.86727
137	16000.00000	8.86727
137	16200.00000	8.86727
137	16400.00000	8.86727
137	16600.00000	8.86727
137	16800.00000	8.67590
137	17000.00000	8.67590
137	17200.00000	8.67590
137	17400.00000	8.67590
137	17600.00000	8.67590
137	17800.00000	8.71387
137	18000.00000	8.71387
137	18200.00000	8.71387
137	18400.00000	8.71387
137	18600.00000	8.71387
137	18800.00000	9.12679
137	19000.00000	9.12679
137	19200.00000	9.12679
137	19400.00000	9.12679
137	19600.00000	9.12679
137	19800.00000	9.25280
137	20000.00000	9.25280
138	0.00000	9.86638
138	200.00000	9.86638
138	400.00000	9.86638
138	600.00000	9.86638
138	800.00000	9.86638
138	1000.00000	10.29225
138	1200.00000	10.29225
138	1400.00000	10.29225
138	1600.00000	10.29225
138	1800.00000	10.29225
138	2000.00000	9.38518
138	2200.00000	9.38518
138	2400.00000	9.38518
138	2600.00000	9.38518
138	2800.00000	9.38518
138	3000.00000	9.26879
138	3200.00000	9.26879
138	3400.00000	9.26879
138	3600.00000	9.26879
138	3800.00000	9.26879
138	4000.00000	9.03921
138	4200.00000	9.03921
138	4400.00000	9.03921
138	4600.00000	9.03921
138	4800.00000	9.03921
138	5000.00000	9.52799
138	5200.00000	9.52799
138	5400.00000	9.52799
138	5600.00000	9.52799
138	5800.00000	9.52799
138	6000.00000	9.21449
138	6200.00000	9.21449
138	6400.00000	9.21449
138	6600.00000	9.21449
138	6800.00000	9.21449
138	7000.00000	8.96683
138	7200.00000	8.96683
138	7400.00000	8.96683
138	7600.00000	8.96683
138	7800.00000	8.96683
138	8000.00000	9.07241
138	8200.00000	9.07241
138	8400.00000	9.07241
138	8600.00000	9.07241
138	8800.00000	9.07241
138	9000.00000	9.00180
138	9200.00000	9.00180
138	9400.00000	9.00180
138	9600.00000	9.00180
138	9800.00000	9.00180
138	10000.00000	9.15115
138	10200.00000	9.15115
138	10400.00000	9.15115
138	10600.00000	9.15115
138	10800.00000	9.15115
138	11000.00000	9.71991
138	11200.00000	9.71991
138	11400.00000	9.71991
138	11600.00000	9.71991
138	11800.00000	9.71991
138	12000.00000	9.94882
138	12200.00000	9.94882
138	12400.00000	9.94882
138	12600.00000	9.94882
138	12800.00000	9.94882
138	13000.00000	10.06190
138	13200.00000	10.06190
138	13400.00000	10.06190
138	13600.00000	10.06190
138	13800.00000	10.06190
138	14000.00000	10.60660
138	14200.00000	10.60660
138	14400.00000	10.60660
138	14600.00000	10.60660
138	14800.00000	10.60660
138	15000.00000	10.52102
138	15200.00000	10.52102
138	15400.00000	10.52102
138	15600.00000	10.52102
138	15800.00000	10.35317
138	16000.00000	10.35317
138	16200.00000	10.35317
138	16400.00000	10.35317
138	16600.00000	10.35317
138	16800.00000	10.12740
138	17000.00000	10.12740
138	17200.00000	10.12740
138	17400.00000	10.12740
138	17600.00000	10.12740
138	17800.00000	9.83347
138	18000.00000	9.83347
138	18200.00000	9.83347
138	18400.00000	9.83347
138	18600.00000	9.83347
138	18800.00000	9.20626
138	19000.00000	9.20626
138	19200.00000	9.20626
138	19400.00000	9.20626
138	19600.00000	9.20626
138	19800.00000	8.88999
138	20000.00000	8.88999
139	0.00000	9.93336
139	200.00000	9.93336
139	400.00000	9.93336
139	600.00000	9.93336
139	800.00000	9.93336
139	1000.00000	9.92166
139	1200.00000	9.92166
139	1400.00000	9.92166
139	1600.00000	9.92166
139	1800.00000	9.92166
139	2000.00000	9.36848
139	2200.00000	9.36848
139	2400.00000	9.36848
139	2600.00000	9.36848
139	2800.00000	9.36848
139	3000.00000	9.20930
139	3200.00000	9.20930
139	3400.00000	9.20930
139	3600.00000	9.20930
139	3800.00000	9.20930
139	4000.00000	9.28962
139	4200.00000	9.28962
139	4400.00000	9.28962
139	4600.00000	9.28962
139	4800.00000	9.28962
139	5000.00000	9.13598
139	5200.00000	9.13598
139	5400.00000	9.13598
139	5600.00000	9.13598
139	5800.00000	9.13598
139	6000.00000	9.11676
139	6200.00000	9.11676
139	6400.00000	9.11676
139	6600.00000	9.11676
139	6800.00000	9.11676
139	7000.00000	8.95927
139	7200.00000	8.95927
139	7400.00000	8.95927
139	7600.00000	8.95927
139	7800.00000	8.95927
139	8000.00000	8.84599
139	8200.00000	8.84599
139	8400.00000	8.84599
139	8600.00000	8.84599
139	8800.00000	8.84599
139	9000.00000	8.67827
139	9200.00000	8.67827
139	9400.00000	8.67827
139	9600.00000	8.67827
139	9800.00000	8.67827
139	10000.00000	8.74577
139	10200.00000	8.74577
139	10400.00000	8.74577
139	10600.00000	8.74577
139	10800.00000	8.74577
139	11000.00000	8.95440
139	11200.00000	8.95440
139	11400.00000	8.95440
139	11600.00000	8.95440
139	11800.00000	8.95440
139	12000.00000	9.44382
139	12200.00000	9.44382
139	12400.00000	9.44382
139	12600.00000	9.44382
139	12800.00000	9.44382
139	13000.00000	9.95252
139	13200.00000	9.95252
139	13400.00000	9.95252
139	13600.00000	9.95252
139	13800.00000	9.95252
139	14000.00000	9.45428
139	14200.00000	9.45428
139	14400.00000	9.45428
139	14600.00000	9.45428
139	14800.00000	9.45428
139	15000.00000	9.40546
139	15200.00000	9.40546
139	15400.00000	9.40546
139	15600.00000	9.40546
139	15800.00000	9.28415
139	16000.00000	9.28415
139	16200.00000	9.28415
139	16400.00000	9.28415
139	16600.00000	9.28415
139	16800.00000	9.19968
139	17000.00000	9.19968
139	17200.00000	9.19968
139	17400.00000	9.19968
139	17600.00000	9.19968
139	17800.00000	9.38851
139	18000.00000	9.38851
139	18200.00000	9.38851
139	18400.00000	9.38851
139	18600.00000	9.38851
139	18800.00000	9.10991
139	19000.00000	9.10991
139	19200.00000	9.10991
139	19400.00000	9.10991
139	19600.00000	9.10991
139	19800.00000	9.48446
139	20000.00000	9.48446
140	0.00000	9.94954
140	200.00000	9.94954
140	400.00000	9.94954
140	600.00000	9.94954
140	800.00000	9.94954
140	1000.00000	10.43954
140	1200.00000	10.43954
140	1400.00000	10.43954
140	1600.00000	10.43954
140	1800.00000	10.43954
140	2000.00000	9.45993
140	2200.00000	9.45993
140	2400.00000	9.45993
140	2600.00000	9.45993
140	2800.00000	9.45993
140	3000.00000	9.21881
140	3200.00000	9.21881
140	3400.00000	9.21881
140	3600.00000	9.21881
140	3800.00000	9.21881
140	4000.00000	9.50271
140	4200.00000	9.50271
140	4400.00000	9.50271
140	4600.00000	9.50271
140	4800.00000	9.50271
140	5000.00000	8.59329
140	5200.00000	8.59329
140	5400.00000	8.59329
140	5600.00000	8.59329
140	5800.00000	8.59329
140	6000.00000	8.82015
140	6200.00000	8.82015
140	6400.00000	8.82015
140	6600.00000	8.82015
140	6800.00000	8.82015
140	7000.00000	8.96820
140	7200.00000	8.96820
140	7400.00000	8.96820
140	7600.00000	8.96820
140	7800.00000	8.96820
140	8000.00000	9.38748
140	8200.00000	9.38748
140	8400.00000	9.38748
140	8600.00000	9.38748
140	8800.00000	9.38748
140	9000.00000	9.12473
140	9200.00000	9.12473
140	9400.00000	9.12473
140	9600.00000	9.12473
140	9800.00000	9.12473
140	10000.00000	9.10043
140	10200.00000	9.10043
140	10400.00000	9.10043
140	10600.00000	9.10043
140	10800.00000	9.10043
140	11000.00000	8.81881
140	11200.00000	8.81881
140	11400.00000	8.81881
140	11600.00000	8.81881
140	11800.00000	8.81881
140	12000.00000	8.92915
140	12200.00000	8.92915
140	12400.00000	8.92915
140	12600.00000	8.92915
140	12800.00000	8.92915
140	13000.00000	8.72091
140	13200.00000	8.72091
140	13400.00000	8.72091
140	13600.00000	8.72091
140	13800.00000	8.72091
140	14000.00000	8.72438
140	14200.00000	8.72438
140	14400.00000	8.72438
140	14600.00000	8.72438
140	14800.00000	8.72438
140	15000.00000	8.89405
140	15200.00000	8.89405
140	15400.00000	8.89405
140	15600.00000	8.89405
140	15800.00000	9.41423
140	16000.00000	9.41423
140	16200.00000	9.41423
140	16400.00000	9.41423
140	16600.00000	9.41423
140	16800.00000	9.25378
140	17000.00000	9.25378
140	17200.00000	9.25378
140	17400.00000	9.25378
140	17600.00000	9.25378
140	17800.00000	9.29228
140	18000.00000	9.29228
140	18200.00000	9.29228
140	18400.00000	9.29228
140	18600.00000	9.29228
140	18800.00000	9.22952
140	19000.00000	9.22952
140	19200.00000	9.22952
140	19400.00000	9.22952
140	19600.00000	9.22952
140	19800.00000	9.60677
140	20000.00000	9.60677
141	0.00000	9.87317
141	200.00000	9.87317
141	400.00000	9.87317
141	600.00000	9.87317
141	800.00000	9.87317
141	1000.00000	10.31534
141	1200.00000	10.31534
141	1400.00000	10.31534
141	1600.00000	10.31534
141	1800.00000	10.31534
141	2000.00000	9.52669
141	2200.00000	9.52669
141	2400.00000	9.52669
141	2600.00000	9.52669
141	2800.00000	9.52669
141	3000.00000	8.87792
141	3200.00000	8.87792
141	3400.00000	8.87792
141	3600.00000	8.87792
141	3800.00000	8.87792
141	4000.00000	9.30058
141	4200.00000	9.30058
141	4400.00000	9.30058
141	4600.00000	9.30058
141	4800.00000	9.30058
141	5000.00000	9.60305
141	5200.00000	9.60305
141	5400.00000	9.60305
141	5600.00000	9.60305
141	5800.00000	9.60305
141	6000.00000	9.14980
141	6200.00000	9.14980
141	6400.00000	9.14980
141	6600.00000	9.14980
141	6800.00000	9.14980
141	7000.00000	8.80942
141	7200.00000	8.80942
141	7400.00000	8.80942
141	7600.00000	8.80942
141	7800.00000	8.80942
141	8000.00000	9.21542
141	8200.00000	9.21542
141	8400.00000	9.21542
141	8600.00000	9.21542
141	8800.00000	9.21542
141	9000.00000	8.87556
141	9200.00000	8.87556
141	9400.00000	8.87556
141	9600.00000	8.87556
141	9800.00000	8.87556
141	10000.00000	8.97470
141	10200.00000	8.97470
141	10400.00000	8.97470
141	10600.00000	8.97470
141	10800.00000	8.97470
141	11000.00000	9.29846
141	11200.00000	9.29846
141	11400.00000	9.29846
141	11600.00000	9.29846
141	11800.00000	9.29846
141	12000.00000	9.70022
141	12200.00000	9.70022
141	12400.00000	9.70022
141	12600.00000	9.70022
141	12800.00000	9.70022
141	13000.00000	9.38019
141	13200.00000	9.38019
141	13400.00000	9.38019
141	13600.00000	9.38019
141	13800.00000	9.38019
141	14000.00000	9.49909
141	14200.00000	9.49909
141	14400.00000	9.49909
141	14600.00000	9.49909
141	14800.00000	9.49909
141	15000.00000	9.16637
141	15200.00000	9.16637
141	15400.00000	9.16637
141	15600.00000	9.16637
141	15800.00000	9.18879
141	16000.00000	9.18879
141	16200.00000	9.18879
141	16400.00000	9.18879
141	16600.00000	9.18879
141	16800.00000	9.12951
141	17000.00000	9.12951
141	17200.00000	9.12951
141	17400.00000	9.12951
141	17600.00000	9.12951
141	17800.00000	9.17271
141	18000.00000	9.17271
141	18200.00000	9.17271
141	18400.00000	9.17271
141	18600.00000	9.17271
141	18800.00000	9.02458
141	19000.00000	9.02458
141	19200.00000	9.02458
141	19400.00000	9.02458
141	19600.00000	9.02458
141	19800.00000	8.80458
141	20000.00000	8.80458
142	0.00000	9.90217
142	200.00000	9.90217
142	400.00000	9.90217
142	600.00000	9.90217
142	800.00000	9.90217
142	1000.00000	10.11757
142	1200.00000	10.11757
142	1400.00000	10.11757
142	1600.00000	10.11757
142	1800.00000	10.11757
142	2000.00000	9.43473
142	2200.00000	9.43473
142	2400.00000	9.43473
142	2600.00000	9.43473
142	2800.00000	9.43473
142	3000.00000	8.92115
142	3200.00000	8.92115
142	3400.00000	8.92115
142	3600.00000	8.92115
142	3800.00000	8.92115
142	4000.00000	9.44792
142	4200.00000	9.44792
142	4400.00000	9.44792
142	4600.00000	9.44792
142	4800.00000	9.44792
142	5000.00000	8.94937
142	5200.00000	8.94937
142	5400.00000	8.94937
142	5600.00000	8.94937
142	5800.00000	8.94937
142	6000.00000	8.51718
142	6200.00000	8.51718
142	6400.00000	8.51718
142	6600.00000	8.51718
142	6800.00000	8.51718
142	7000.00000	8.61588
142	7200.00000	8.61588
142	7400.00000	8.61588
142	7600.00000	8.61588
142	7800.00000	8.61588
142	8000.00000	9.92026
142	8200.00000	9.92026
142	8400.00000	9.92026
142	8600.00000	9.92026
142	8800.00000	9.92026
142	9000.00000	9.20541
142	9200.00000	9.20541
142	9400.00000	9.20541
142	9600.00000	9.20541
142	9800.00000	9.20541
142	10000.00000	9.31375
142	10200.00000	9.31375
142	10400.00000	9.31375
142	10600.00000	9.31375
142	10800.00000	9.31375
142	11000.00000	9.06919
142	11200.00000	9.06919
142	11400.00000	9.06919
142	11600.00000	9.06919
142	11800.00000	9.06919
142	12000.00000	9.25108
142	12200.00000	9.25108
142	12400.00000	9.25108
142	12600.00000	9.25108
142	12800.00000	9.25108
142	13000.00000	9.72893
142	13200.00000	9.72893
142	13400.00000	9.72893
142	13600.00000	9.72893
142	13800.00000	9.72893
142	14000.00000	9.84265
142	14200.00000	9.84265
142	14400.00000	9.84265
142	14600.00000	9.84265
142	14800.00000	9.84265
142	15000.00000	9.37722
142	15200.00000	9.37722
142	15400.00000	9.37722
142	15600.00000	9.37722
142	15800.00000	9.11903
142	16000.00000	9.11903
142	16200.00000	9.11903
142	16400.00000	9.11903
142	16600.00000	9.11903
142	16800.00000	9.58262
142	17000.00000	9.58262
142	17200.00000	9.58262
142	17400.00000	9.58262
142	17600.00000	9.58262
142	17800.00000	9.29276
142	18000.00000	9.29276
142	18200.00000	9.29276
142	18400.00000	9.29276
142	18600.00000	9.29276
142	18800.00000	8.66162
142	19000.00000	8.66162
142	19200.00000	8.66162
142	19400.00000	8.66162
142	19600.00000	8.66162
142	19800.00000	8.41291
142	20000.00000	8.41291
143	0.00000	9.82875
143	200.00000	9.82875
143	400.00000	9.82875
143	600.00000	9.82875
143	800.00000	9.82875
143	1000.00000	10.26016
143	1200.00000	10.26016
143	1400.00000	10.26016
143	1600.00000	10.26016
143	1800.00000	10.26016
143	2000.00000	9.42545
143	2200.00000	9.42545
143	2400.00000	9.42545
143	2600.00000	9.42545
143	2800.00000	9.42545
143	3000.00000	8.99942
143	3200.00000	8.99942
143	3400.00000	8.99942
143	3600.00000	8.99942
143	3800.00000	8.99942
143	4000.00000	9.23365
143	4200.00000	9.23365
143	4400.00000	9.23365
143	4600.00000	9.23365
143	4800.00000	9.23365
143	5000.00000	8.98138
143	5200.00000	8.98138
143	5400.00000	8.98138
143	5600.00000	8.98138
143	5800.00000	8.98138
143	6000.00000	8.95527
143	6200.00000	8.95527
143	6400.00000	8.95527
143	6600.00000	8.95527
143	6800.00000	8.95527
143	7000.00000	9.18374
143	7200.00000	9.18374
143	7400.00000	9.18374
143	7600.00000	9.18374
143	7800.00000	9.18374
143	8000.00000	8.78769
143	8200.00000	8.78769
143	8400.00000	8.78769
143	8600.00000	8.78769
143	8800.00000	8.78769
143	9000.00000	8.61728
143	9200.00000	8.61728
143	9400.00000	8.61728
143	9600.00000	8.61728
143	9800.00000	8.61728
143	10000.00000	9.01763
143	10200.00000	9.01763
143	10400.00000	9.01763
143	10600.00000	9.01763
143	10800.00000	9.01763
143	11000.00000	8.79106
143	11200.00000	8.79106
143	11400.00000	8.79106
143	11600.00000	8.79106
143	11800.00000	8.79106
143	12000.00000	8.72664
143	12200.00000	8.72664
143	12400.00000	8.72664
143	12600.00000	8.72664
143	12800.00000	8.72664
143	13000.00000	8.93523
143	13200.00000	8.93523
143	13400.00000	8.93523
143	13600.00000	8.93523
143	13800.00000	8.93523
143	14000.00000	8.89533
143	14200.00000	8.89533
143	14400.00000	8.89533
143	14600.00000	8.89533
143	14800.00000	8.89533
143	15000.00000	9.18245
143	15200.00000	9.18245
143	15400.00000	9.18245
143	15600.00000	9.18245
143	15800.00000	9.53322
143	16000.00000	9.53322
143	16200.00000	9.53322
143	16400.00000	9.53322
143	16600.00000	9.53322
143	16800.00000	9.28980
143	17000.00000	9.28980
143	17200.00000	9.28980
143	17400.00000	9.28980
143	17600.00000	9.28980
143	17800.00000	9.44372
143	18000.00000	9.44372
143	18200.00000	9.44372
143	18400.00000	9.44372
143	18600.00000	9.44372
143	18800.00000	9.52131
143	19000.00000	9.52131
143	19200.00000	9.52131
143	19400.00000	9.52131
143	19600.00000	9.52131
143	19800.00000	9.95927
143	20000.00000	9.95927
144	0.00000	9.92599
144	200.00000	9.92599
144	400.00000	9.92599
144	600.00000	9.92599
144	800.00000	9.92599
144	1000.00000	10.28104
144	1200.00000	10.28104
144	1400.00000	10.28104
144	1600.00000	10.28104
144	1800.00000	10.28104
144	2000.00000	9.31185
144	2200.00000	9.31185
144	2400.00000	9.31185
144	2600.00000	9.31185
144	2800.00000	9.31185
144	3000.00000	9.00409
144	3200.00000	9.00409
144	3400.00000	9.00409
144	3600.00000	9.00409
144	3800.00000	9.00409
144	4000.00000	8.80932
144	4200.00000	8.80932
144	4400.00000	8.80932
144	4600.00000	8.80932
144	4800.00000	8.80932
144	5000.00000	9.31950
144	5200.00000	9.31950
144	5400.00000	9.31950
144	5600.00000	9.31950
144	5800.00000	9.31950
144	6000.00000	8.81702
144	6200.00000	8.81702
144	6400.00000	8.81702
144	6600.00000	8.81702
144	6800.00000	8.81702
144	7000.00000	8.74944
144	7200.00000	8.74944
144	7400.00000	8.74944
144	7600.00000	8.74944
144	7800.00000	8.74944
144	8000.00000	9.32204
144	8200.00000	9.32204
144	8400.00000	9.32204
144	8600.00000	9.32204
144	8800.00000	9.32204
144	9000.00000	8.98338
144	9200.00000	8.98338
144	9400.00000	8.98338
144	9600.00000	8.98338
144	9800.00000	8.98338
144	10000.00000	8.40885
144	10200.00000	8.40885
144	10400.00000	8.40885
144	10600.00000	8.40885
144	10800.00000	8.40885
144	11000.00000	8.95234
144	11200.00000	8.95234
144	11400.00000	8.95234
144	11600.00000	8.95234
144	11800.00000	8.95234
144	12000.00000	9.55917
144	12200.00000	9.55917
144	12400.00000	9.55917
144	12600.00000	9.55917
144	12800.00000	9.55917
144	13000.00000	9.31038
144	13200.00000	9.31038
144	13400.00000	9.31038
144	13600.00000	9.31038
144	13800.00000	9.31038
144	14000.00000	8.81944
144	14200.00000	8.81944
144	14400.00000	8.81944
144	14600.00000	8.81944
144	14800.00000	8.81944
144	15000.00000	8.65253
144	15200.00000	8.65253
144	15400.00000	8.65253
144	15600.00000	8.65253
144	15800.00000	9.44295
144	16000.00000	9.44295
144	16200.00000	9.44295
144	16400.00000	9.44295
144	16600.00000	9.44295
144	16800.00000	9.33872
144	17000.00000	9.33872
144	17200.00000	9.33872
144	17400.00000	9.33872
144	17600.00000	9.33872
144	17800.00000	9.44814
144	18000.00000	9.44814
144	18200.00000	9.44814
144	18400.00000	9.44814
144	18600.00000	9.44814
144	18800.00000	9.95637
144	19000.00000	9.95637
144	19200.00000	9.95637
144	19400.00000	9.95637
144	19600.00000	9.95637
144	19800.00000	10.39501
144	20000.00000	10.39501
145	0.00000	9.79512
145	200.00000	9.79512
145	400.00000	9.79512
145	600.00000	9.79512
145	800.00000	9.79512
145	1000.00000	10.24172
145	1200.00000	10.24172
145	1400.00000	10.24172
145	1600.00000	10.24172
145	1800.00000	10.24172
145	2000.00000	9.44690
145	2200.00000	9.44690
145	2400.00000	9.44690
145	2600.00000	9.44690
145	2800.00000	9.44690
145	3000.00000	8.77758
145	3200.00000	8.77758
145	3400.00000	8.77758
145	3600.00000	8.77758
145	3800.00000	8.77758
145	4000.00000	9.36029
145	4200.00000	9.36029
145	4400.00000	9.36029
145	4600.00000	9.36029
145	4800.00000	9.36029
145	5000.00000	9.36523
145	5200.00000	9.36523
145	5400.00000	9.36523
145	5600.00000	9.36523
145	5800.00000	9.36523
145	6000.00000	8.82985
145	6200.00000	8.82985
145	6400.00000	8.82985
145	6600.00000	8.82985
145	6800.00000	8.82985
145	7000.00000	9.05035
145	7200.00000	9.05035
145	7400.00000	9.05035
145	7600.00000	9.05035
145	7800.00000	9.05035
145	8000.00000	9.57079
145	8200.00000	9.57079
145	8400.00000	9.57079
145	8600.00000	9.57079
145	8800.00000	9.57079
145	9000.00000	9.56010
145	9200.00000	9.56010
145	9400.00000	9.56010
145	9600.00000	9.56010
145	9800.00000	9.56010
145	10000.00000	9.70406
145	10200.00000	9.70406
145	10400.00000	9.70406
145	10600.00000	9.70406
145	10800.00000	9.70406
145	11000.00000	9.84350
145	11200.00000	9.84350
145	11400.00000	9.84350
145	11600.00000	9.84350
145	11800.00000	9.84350
145	12000.00000	9.75310
145	12200.00000	9.75310
145	12400.00000	9.75310
145	12600.00000	9.75310
145	12800.00000	9.75310
145	13000.00000	9.69682
145	13200.00000	9.69682
145	13400.00000	9.69682
145	13600.00000	9.69682
145	13800.00000	9.69682
145	14000.00000	9.12299
145	14200.00000	9.12299
145	14400.00000	9.12299
145	14600.00000	9.12299
145	14800.00000	9.12299
145	15000.00000	9.32974
145	15200.00000	9.32974
145	15400.00000	9.32974
145	15600.00000	9.32974
145	15800.00000	9.28788
145	16000.00000	9.28788
145	16200.00000	9.28788
145	16400.00000	9.28788
145	16600.00000	9.28788
145	16800.00000	9.53198
145	17000.00000	9.53198
145	17200.00000	9.53198
145	17400.00000	9.53198
145	17600.00000	9.53198
145	17800.00000	9.44693
145	18000.00000	9.44693
145	18200.00000	9.44693
145	18400.00000	9.44693
145	18600.00000	9.44693
145	18800.00000	8.96679
145	19000.00000	8.96679
145	19200.00000	8.96679
145	19400.00000	8.96679
145	19600.00000	8.96679
145	19800.00000	8.69422
145	20000.00000	8.69422
146	0.00000	9.95574
146	200.00000	9.95574
146	400.00000	9.95574
146	600.00000	9.95574
146	800.00000	9.95574
146	1000.00000	10.22860
146	1200.00000	10.22860
146	1400.00000	10.22860
146	1600.00000	10.22860
146	1800.00000	10.22860
146	2000.00000	9.36866
146	2200.00000	9.36866
146	2400.00000	9.36866
146	2600.00000	9.36866
146	2800.00000	9.36866
146	3000.00000	9.59476
146	3200.00000	9.59476
146	3400.00000	9.59476
146	3600.00000	9.59476
146	3800.00000	9.59476
146	4000.00000	9.42903
146	4200.00000	9.42903
146	4400.00000	9.42903
146	4600.00000	9.42903
146	4800.00000	9.42903
146	5000.00000	9.32185
146	5200.00000	9.32185
146	5400.00000	9.32185
146	5600.00000	9.32185
146	5800.00000	9.32185
146	6000.00000	8.99487
146	6200.00000	8.99487
146	6400.00000	8.99487
146	6600.00000	8.99487
146	6800.00000	8.99487
146	7000.00000	8.86524
146	7200.00000	8.86524
146	7400.00000	8.86524
146	7600.00000	8.86524
146	7800.00000	8.86524
146	8000.00000	9.07297
146	8200.00000	9.07297
146	8400.00000	9.07297
146	8600.00000	9.07297
146	8800.00000	9.07297
146	9000.00000	8.81071
146	9200.00000	8.81071
146	9400.00000	8.81071
146	9600.00000	8.81071
146	9800.00000	8.81071
146	10000.00000	8.84546
146	10200.00000	8.84546
146	10400.00000	8.84546
146	10600.00000	8.84546
146	10800.00000	8.84546
146	11000.00000	8.70654
146	11200.00000	8.70654
146	11400.00000	8.70654
146	11600.00000	8.70654
146	11800.00000	8.70654
146	12000.00000	9.05050
146	12200.00000	9.05050
146	12400.00000	9.05050
146	12600.00000	9.05050
146	12800.00000	9.05050
146	13000.00000	8.94414
146	13200.00000	8.94414
146	13400.00000	8.94414
146	13600.00000	8.94414
146	13800.00000	8.94414
146	14000.00000	9.18395
146	14200.00000	9.18395
146	14400.00000	9.18395
146	14600.00000	9.18395
146	14800.00000	9.18395
146	15000.00000	8.82024
146	15200.00000	8.82024
146	15400.00000	8.82024
146	15600.00000	8.82024
146	15800.00000	8.57676
146	16000.00000	8.57676
146	16200.00000	8.57676
146	16400.00000	8.57676
146	16600.00000	8.57676
146	16800.00000	8.54197
146	17000.00000	8.54197
146	17200.00000	8.54197
146	17400.00000	8.54197
146	17600.00000	8.54197
146	17800.00000	9.02725
146	18000.00000	9.02725
146	18200.00000	9.02725
146	18400.00000	9.02725
146	18600.00000	9.02725
146	18800.00000	8.79274
146	19000.00000	8.79274
146	19200.00000	8.79274
146	19400.00000	8.79274
146	19600.00000	8.79274
146	19800.00000	8.50161
146	20000.00000	8.50161
147	0.00000	9.82024
147	200.00000	9.82024
147	400.00000	9.82024
147	600.00000	9.82024
147	800.00000	9.82024
147	1000.00000	10.05749
147	1200.00000	10.05749
147	1400.00000	10.05749
147	1600.00000	10.05749
147	1800.00000	10.05749
147	2000.00000	9.49168
147	2200.00000	9.49168
147	2400.00000	9.49168
147	2600.00000	9.49168
147	2800.00000	9.49168
147	3000.00000	9.02749
147	3200.00000	9.02749
147	3400.00000	9.02749
147	3600.00000	9.02749
147	3800.00000	9.02749
147	4000.00000	9.39097
147	4200.00000	9.39097
147	4400.00000	9.39097
147	4600.00000	9.39097
147	4800.00000	9.39097
147	5000.00000	9.14556
147	5200.00000	9.14556
147	5400.00000	9.14556
147	5600.00000	9.14556
147	5800.00000	9.14556
147	6000.00000	9.02163
147	6200.00000	9.02163
147	6400.00000	9.02163
147	6600.00000	9.02163
147	6800.00000	9.02163
147	7000.00000	9.29586
147	7200.00000	9.29586
147	7400.00000	9.29586
147	7600.00000	9.29586
147	7800.00000	9.29586
147	8000.00000	9.31253
147	8200.00000	9.31253
147	8400.00000	9.31253
147	8600.00000	9.31253
147	8800.00000	9.31253
147	9000.00000	8.97979
147	9200.00000	8.97979
147	9400.00000	8.97979
147	9600.00000	8.97979
147	9800.00000	8.97979
147	10000.00000	9.05286
147	10200.00000	9.05286
147	10400.00000	9.05286
147	10600.00000	9.05286
147	10800.00000	9.05286
147	11000.00000	9.16585
147	11200.00000	9.16585
147	11400.00000	9.16585
147	11600.00000	9.16585
147	11800.00000	9.16585
147	12000.00000	9.25354
147	12200.00000	9.25354
147	12400.00000	9.25354
147	12600.00000	9.25354
147	12800.00000	9.25354
147	13000.00000	9.63570
147	13200.00000	9.63570
147	13400.00000	9.63570
147	13600.00000	9.63570
147	13800.00000	9.63570
147	14000.00000	9.28182
147	14200.00000	9.28182
147	14400.00000	9.28182
147	14600.00000	9.28182
147	14800.00000	9.28182
147	15000.00000	9.10401
147	15200.00000	9.10401
147	15400.00000	9.10401
147	15600.00000	9.10401
147	15800.00000	9.03997
147	16000.00000	9.03997
147	16200.00000	9.03997
147	16400.00000	9.03997
147	16600.00000	9.03997
147	16800.00000	9.09753
147	17000.00000	9.09753
147	17200.00000	9.09753
147	17400.00000	9.09753
147	17600.00000	9.09753
147	17800.00000	9.35289
147	18000.00000	9.35289
147	18200.00000	9.35289
147	18400.00000	9.35289
147	18600.00000	9.35289
147	18800.00000	9.26976
147	19000.00000	9.26976
147	19200.00000	9.26976
147	19400.00000	9.26976
147	19600.00000	9.26976
147	19800.00000	9.32641
147	20000.00000	9.32641
148	0.00000	10.00296
148	200.00000	10.00296
148	400.00000	10.00296
148	600.00000	10.00296
148	800.00000	10.00296
148	1000.00000	10.08362
148	1200.00000	10.08362
148	1400.00000	10.08362
148	1600.00000	10.08362
148	1800.00000	10.08362
148	2000.00000	9.38325
148	2200.00000	9.38325
148	2400.00000	9.38325
148	2600.00000	9.38325
148	2800.00000	9.38325
148	3000.00000	8.88965
148	3200.00000	8.88965
148	3400.00000	8.88965
148	3600.00000	8.88965
148	3800.00000	8.88965
148	4000.00000	9.16955
148	4200.00000	9.16955
148	4400.00000	9.16955
148	4600.00000	9.16955
148	4800.00000	9.16955
148	5000.00000	9.26847
148	5200.00000	9.26847
148	5400.00000	9.26847
148	5600.00000	9.26847
148	5800.00000	9.26847
148	6000.00000	8.97200
148	6200.00000	8.97200
148	6400.00000	8.97200
148	6600.00000	8.97200
148	6800.00000	8.97200
148	7000.00000	8.64567
148	7200.00000	8.64567
148	7400.00000	8.64567
148	7600.00000	8.64567
148	7800.00000	8.64567
148	8000.00000	8.66419
148	8200.00000	8.66419
148	8400.00000	8.66419
148	8600.00000	8.66419
148	8800.00000	8.66419
148	9000.00000	8.86628
148	9200.00000	8.86628
148	9400.00000	8.86628
148	9600.00000	8.86628
148	9800.00000	8.86628
148	10000.00000	8.87047
148	10200.00000	8.87047
148	10400.00000	8.87047
148	10600.00000	8.87047
148	10800.00000	8.87047
148	11000.00000	9.27294
148	11200.00000	9.27294
148	11400.00000	9.27294
148	11600.00000	9.27294
148	11800.00000	9.27294
148	12000.00000	9.52607
148	12200.00000	9.52607
148	12400.00000	9.52607
148	12600.00000	9.52607
148	12800.00000	9.52607
148	13000.00000	9.72030
148	13200.00000	9.72030
148	13400.00000	9.72030
148	13600.00000	9.72030
148	13800.00000	9.72030
148	14000.00000	9.79581
148	14200.00000	9.79581
148	14400.00000	9.79581
148	14600.00000	9.79581
148	14800.00000	9.79581
148	15000.00000	9.65902
148	15200.00000	9.65902
148	15400.00000	9.65902
148	15600.00000	9.65902
148	15800.00000	9.78580
148	16000.00000	9.78580
148	16200.00000	9.78580
148	16400.00000	9.78580
148	16600.00000	9.78580
148	16800.00000	9.04079
148	17000.00000	9.04079
148	17200.00000	9.04079
148	17400.00000	9.04079
148	17600.00000	9.04079
148	17800.00000	9.20799
148	18000.00000	9.20799
148	18200.00000	9.20799
148	18400.00000	9.20799
148	18600.00000	9.20799
148	18800.00000	9.43437
148	19000.00000	9.43437
148	19200.00000	9.43437
148	19400.00000	9.43437
148	19600.00000	9.43437
148	19800.00000	9.44804
148	20000.00000	9.44804
149	0.00000	9.86449
149	200.00000	9.86449
149	400.00000	9.86449
149	600.00000	9.86449
149	800.00000	9.86449
149	1000.00000	10.10578
149	1200.00000	10.10578
149	1400.00000	10.10578
149	1600.00000	10.10578
149	1800.00000	10.10578
149	2000.00000	9.33218
149	2200.00000	9.33218
149	2400.00000	9.33218
149	2600.00000	9.33218
149	2800.00000	9.33218
149	3000.00000	9.04628
149	3200.00000	9.04628
149	3400.00000	9.04628
149	3600.00000	9.04628
149	3800.00000	9.04628
149	4000.00000	9.17226
149	4200.00000	9.17226
149	4400.00000	9.17226
149	4600.00000	9.17226
149	4800.00000	9.17226
149	5000.00000	9.15469
149	5200.00000	9.15469
149	5400.00000	9.15469
149	5600.00000	9.15469
149	5800.00000	9.15469
149	6000.00000	9.07904
149	6200.00000	9.07904
149	6400.00000	9.07904
149	6600.00000	9.07904
149	6800.00000	9.07904
149	7000.00000	9.28821
149	7200.00000	9.28821
149	7400.00000	9.28821
149	7600.00000	9.28821
149	7800.00000	9.28821
149	8000.00000	9.05863
149	8200.00000	9.05863
149	8400.00000	9.05863
149	8600.00000	9.05863
149	8800.00000	9.05863
149	9000.00000	8.95740
149	9200.00000	8.95740
149	9400.00000	8.95740
149	9600.00000	8.95740
149	9800.00000	8.95740
149	10000.00000	9.07753
149	10200.00000	9.07753
149	10400.00000	9.07753
149	10600.00000	9.07753
149	10800.00000	9.07753
149	11000.00000	9.21882
149	11200.00000	9.21882
149	11400.00000	9.21882
149	11600.00000	9.21882
149	11800.00000	9.21882
149	12000.00000	9.38823
149	12200.00000	9.38823
149	12400.00000	9.38823
149	12600.00000	9.38823
149	12800.00000	9.38823
149	13000.00000	8.88945
149	13200.00000	8.88945
149	13400.00000	8.88945
149	13600.00000	8.88945
149	13800.00000	8.88945
149	14000.00000	8.93268
149	14200.00000	8.93268
149	14400.00000	8.93268
149	14600.00000	8.93268
149	14800.00000	8.93268
149	15000.00000	8.88539
149	15200.00000	8.88539
149	15400.00000	8.88539
149	15600.00000	8.88539
149	15800.00000	8.79985
149	16000.00000	8.79985
149	16200.00000	8.79985
149	16400.00000	8.79985
149	16600.00000	8.79985
149	16800.00000	8.90060
149	17000.00000	8.90060
149	17200.00000	8.90060
149	17400.00000	8.90060
149	17600.00000	8.90060
149	17800.00000	8.93254
149	18000.00000	8.93254
149	18200.00000	8.93254
149	18400.00000	8.93254
149	18600.00000	8.93254
149	18800.00000	8.93127
149	19000.00000	8.93127
149	19200.00000	8.93127
149	19400.00000	8.93127
149	19600.00000	8.93127
149	19800.00000	9.28509
149	20000.00000	9.28509
150	0.00000	9.91516
150	200.00000	9.91516
150	400.00000	9.91516
150	600.00000	9.91516
150	800.00000	9.91516
150	1000.00000	10.31682
150	1200.00000	10.31682
150	1400.00000	10.31682
150	1600.00000	10.31682
150	1800.00000	10.31682
150	2000.00000	9.25329
150	2200.00000	9.25329
150	2400.00000	9.25329
150	2600.00000	9.25329
150	2800.00000	9.25329
150	3000.00000	8.82576
150	3200.00000	8.82576
150	3400.00000	8.82576
150	3600.00000	8.82576
150	3800.00000	8.82576
150	4000.00000	9.24328
150	4200.00000	9.24328
150	4400.00000	9.24328
150	4600.00000	9.24328
150	4800.00000	9.24328
150	5000.00000	8.79596
150	5200.00000	8.79596
150	5400.00000	8.79596
150	5600.00000	8.79596
150	5800.00000	8.79596
150	6000.00000	9.15369
150	6200.00000	9.15369
150	6400.00000	9.15369
150	6600.00000	9.15369
150	6800.00000	9.15369
150	7000.00000	8.92878
150	7200.00000	8.92878
150	7400.00000	8.92878
150	7600.00000	8.92878
150	7800.00000	8.92878
150	8000.00000	9.14064
150	8200.00000	9.14064
150	8400.00000	9.14064
150	8600.00000	9.14064
150	8800.00000	9.14064
150	9000.00000	9.07145
150	9200.00000	9.07145
150	9400.00000	9.07145
150	9600.00000	9.07145
150	9800.00000	9.07145
150	10000.00000	8.72378
150	10200.00000	8.72378
150	10400.00000	8.72378
150	10600.00000	8.72378
150	10800.00000	8.72378
150	11000.00000	9.77249
150	11200.00000	9.77249
150	11400.00000	9.77249
150	11600.00000	9.77249
150	11800.00000	9.77249
150	12000.00000	10.33513
150	12200.00000	10.33513
150	12400.00000	10.33513
150	12600.00000	10.33513
150	12800.00000	10.33513
150	13000.00000	10.92157
150	13200.00000	10.92157
150	13400.00000	10.92157
150	13600.00000	10.92157
150	13800.00000	10.92157
150	14000.00000	11.08231
150	14200.00000	11.08231
150	14400.00000	11.08231
150	14600.00000	11.08231
150	14800.00000	11.08231
150	15000.00000	9.74207
150	15200.00000	9.74207
150	15400.00000	9.74207
150	15600.00000	9.74207
150	15800.00000	9.51619
150	16000.00000	9.51619
150	16200.00000	9.51619
150	16400.00000	9.51619
150	16600.00000	9.51619
150	16800.00000	10.02418
150	17000.00000	10.02418
150	17200.00000	10.02418
150	17400.00000	10.02418
150	17600.00000	10.02418
150	17800.00000	9.87532
150	18000.00000	9.87532
150	18200.00000	9.87532
150	18400.00000	9.87532
150	18600.00000	9.87532
150	18800.00000	10.80507
150	19000.00000	10.80507
150	19200.00000	10.80507
150	19400.00000	10.80507
150	19600.00000	10.80507
150	19800.00000	10.63674
150	20000.00000	10.63674
151	0.00000	10.01680
151	200.00000	10.01680
151	400.00000	10.01680
151	600.00000	10.01680
151	800.00000	10.01680
151	1000.00000	10.25286
151	1200.00000	10.25286
151	1400.00000	10.25286
151	1600.00000	10.25286
151	1800.00000	10.25286
151	2000.00000	9.43067
151	2200.00000	9.43067
151	2400.00000	9.43067
151	2600.00000	9.43067
151	2800.00000	9.43067
151	3000.00000	9.08014
151	3200.00000	9.08014
151	3400.00000	9.08014
151	3600.00000	9.08014
151	3800.00000	9.08014
151	4000.00000	8.78584
151	4200.00000	8.78584
151	4400.00000	8.78584
151	4600.00000	8.78584
151	4800.00000	8.78584
151	5000.00000	9.15843
151	5200.00000	9.15843
151	5400.00000	9.15843
151	5600.00000	9.15843
151	5800.00000	9.15843
151	6000.00000	8.78082
151	6200.00000	8.78082
151	6400.00000	8.78082
151	6600.00000	8.78082
151	6800.00000	8.78082
151	7000.00000	8.83166
151	7200.00000	8.83166
151	7400.00000	8.83166
151	7600.00000	8.83166
151	7800.00000	8.83166
151	8000.00000	8.59247
151	8200.00000	8.59247
151	8400.00000	8.59247
151	8600.00000	8.59247
151	8800.00000	8.59247
151	9000.00000	8.70801
151	9200.00000	8.70801
151	9400.00000	8.70801
151	9600.00000	8.70801
151	9800.00000	8.70801
151	10000.00000	9.25474
151	10200.00000	9.25474
151	10400.00000	9.25474
151	10600.00000	9.25474
151	10800.00000	9.25474
151	11000.00000	9.46306
151	11200.00000	9.46306
151	11400.00000	9.46306
151	11600.00000	9.46306
151	11800.00000	9.46306
151	12000.00000	9.27169
151	12200.00000	9.27169
151	12400.00000	9.27169
151	12600.00000	9.27169
151	12800.00000	9.27169
151	13000.00000	9.17765
151	13200.00000	9.17765
151	13400.00000	9.17765
151	13600.00000	9.17765
151	13800.00000	9.17765
151	14000.00000	10.26502
151	14200.00000	10.26502
151	14400.00000	10.26502
151	14600.00000	10.26502
151	14800.00000	10.26502
151	15000.00000	9.34501
151	15200.00000	9.34501
151	15400.00000	9.34501
151	15600.00000	9.34501
151	15800.00000	9.10366
151	16000.00000	9.10366
151	16200.00000	9.10366
151	16400.00000	9.10366
151	16600.00000	9.10366
151	16800.00000	9.42145
151	17000.00000	9.42145
151	17200.00000	9.42145
151	17400.00000	9.42145
151	17600.00000	9.42145
151	17800.00000	9.38838
151	18000.00000	9.38838
151	18200.00000	9.38838
151	18400.00000	9.38838
151	18600.00000	9.38838
151	18800.00000	9.36194
151	19000.00000	9.36194
151	19200.00000	9.36194
151	19400.00000	9.36194
151	19600.00000	9.36194
151	19800.00000	9.34771
151	20000.00000	9.34771
152	0.00000	9.83660
152	200.00000	9.83660
152	400.00000	9.83660
152	600.00000	9.83660
152	800.00000	9.83660
152	1000.00000	10.28183
152	1200.00000	10.28183
152	1400.00000	10.28183
152	1600.00000	10.28183
152	1800.00000	10.28183
152	2000.00000	9.40264
152	2200.00000	9.40264
152	2400.00000	9.40264
152	2600.00000	9.40264
152	2800.00000	9.40264
152	3000.00000	8.86200
152	3200.00000	8.86200
152	3400.00000	8.86200
152	3600.00000	8.86200
152	3800.00000	8.86200
152	4000.00000	9.18285
152	4200.00000	9.18285
152	4400.00000	9.18285
152	4600.00000	9.18285
152	4800.00000	9.18285
152	5000.00000	9.07060
152	5200.00000	9.07060
152	5400.00000	9.07060
152	5600.00000	9.07060
152	5800.00000	9.07060
152	6000.00000	9.06616
152	6200.00000	9.06616
152	6400.00000	9.06616
152	6600.00000	9.06616
152	6800.00000	9.06616
152	7000.00000	8.55012
152	7200.00000	8.55012
152	7400.00000	8.55012
152	7600.00000	8.55012
152	7800.00000	8.55012
152	8000.00000	8.37974
152	8200.00000	8.37974
152	8400.00000	8.37974
152	8600.00000	8.37974
152	8800.00000	8.37974
152	9000.00000	9.08767
152	9200.00000	9.08767
152	9400.00000	9.08767
152	9600.00000	9.08767
152	9800.00000	9.08767
152	10000.00000	9.19287
152	10200.00000	9.19287
152	10400.00000	9.19287
152	10600.00000	9.19287
152	10800.00000	9.19287
152	11000.00000	8.95463
152	11200.00000	8.95463
152	11400.00000	8.95463
152	11600.00000	8.95463
152	11800.00000	8.95463
152	12000.00000	9.97207
152	12200.00000	9.97207
152	12400.00000	9.97207
152	12600.00000	9.97207
152	12800.00000	9.97207
152	13000.00000	9.77934
152	13200.00000	9.77934
152	13400.00000	9.77934
152	13600.00000	9.77934
152	13800.00000	9.77934
152	14000.00000	9.34367
152	14200.00000	9.34367
152	14400.00000	9.34367
152	14600.00000	9.34367
152	14800.00000	9.34367
152	15000.00000	8.92372
152	15200.00000	8.92372
152	15400.00000	8.92372
152	15600.00000	8.92372
152	15800.00000	9.61826
152	16000.00000	9.61826
152	16200.00000	9.61826
152	16400.00000	9.61826
152	16600.00000	9.61826
152	16800.00000	9.44778
152	17000.00000	9.44778
152	17200.00000	9.44778
152	17400.00000	9.44778
152	17600.00000	9.44778
152	17800.00000	9.61734
152	18000.00000	9.61734
152	18200.00000	9.61734
152	18400.00000	9.61734
152	18600.00000	9.61734
152	18800.00000	8.98319
152	19000.00000	8.98319
152	19200.00000	8.98319
152	19400.00000	8.98319
152	19600.00000	8.98319
152	19800.00000	8.99046
152	20000.00000	8.99046
153	0.00000	9.84656
153	200.00000	9.84656
153	400.00000	9.84656
153	600.00000	9.84656
153	800.00000	9.84656
153	1000.00000	10.07663
153	1200.00000	10.07663
153	1400.00000	10.07663
153	1600.00000	10.07663
153	1800.00000	10.07663
153	2000.00000	9.54865
153	2200.00000	9.54865
153	2400.00000	9.54865
153	2600.00000	9.54865
153	2800.00000	9.54865
153	3000.00000	8.87961
153	3200.00000	8.87961
153	3400.00000	8.87961
153	3600.00000	8.87961
153	3800.00000	8.87961
153	4000.00000	9.45265
153	4200.00000	9.45265
153	4400.00000	9.45265
153	4600.00000	9.45265
153	4800.00000	9.45265
153	5000.00000	9.10388
153	5200.00000	9.10388
153	5400.00000	9.10388
153	5600.00000	9.10388
153	5800.00000	9.10388
153	6000.00000	8.75970
153	6200.00000	8.75970
153	6400.00000	8.75970
153	6600.00000	8.75970
153	6800.00000	8.75970
153	7000.00000	8.68893
153	7200.00000	8.68893
153	7400.00000	8.68893
153	7600.00000	8.68893
153	7800.00000	8.68893
153	8000.00000	9.16016
153	8200.00000	9.16016
153	8400.00000	9.16016
153	8600.00000	9.16016
153	8800.00000	9.16016
153	9000.00000	9.10251
153	9200.00000	9.10251
153	9400.00000	9.10251
153	9600.00000	9.10251
153	9800.00000	9.10251
153	10000.00000	8.74105
153	10200.00000	8.74105
153	10400.00000	8.74105
153	10600.00000	8.74105
153	10800.00000	8.74105
153	11000.00000	9.45463
153	11200.00000	9.45463
153	11400.00000	9.45463
153	11600.00000	9.45463
153	11800.00000	9.45463
153	12000.00000	9.90431
153	12200.00000	9.90431
153	12400.00000	9.90431
153	12600.00000	9.90431
153	12800.00000	9.90431
153	13000.00000	9.45127
153	13200.00000	9.45127
153	13400.00000	9.45127
153	13600.00000	9.45127
153	13800.00000	9.45127
153	14000.00000	9.77788
153	14200.00000	9.77788
153	14400.00000	9.77788
153	14600.00000	9.77788
153	14800.00000	9.77788
153	15000.00000	9.72964
153	15200.00000	9.72964
153	15400.00000	9.72964
153	15600.00000	9.72964
153	15800.00000	9.54883
153	16000.00000	9.54883
153	16200.00000	9.54883
153	16400.00000	9.54883
153	16600.00000	9.54883
153	16800.00000	9.54104
153	17000.00000	9.54104
153	17200.00000	9.54104
153	17400.00000	9.54104
153	17600.00000	9.54104
153	17800.00000	9.63939
153	18000.00000	9.63939
153	18200.00000	9.63939
153	18400.00000	9.63939
153	18600.00000	9.63939
153	18800.00000	9.62171
153	19000.00000	9.62171
153	19200.00000	9.62171
153	19400.00000	9.62171
153	19600.00000	9.62171
153	19800.00000	9.62586
153	20000.00000	9.62586
154	0.00000	9.91003
154	200.00000	9.91003
154	400.00000	9.91003
154	600.00000	9.91003
154	800.00000	9.91003
154	1000.00000	10.02503
154	1200.00000	10.02503
154	1400.00000	10.02503
154	1600.00000	10.02503
154	1800.00000	10.02503
154	2000.00000	9.33040
154	2200.00000	9.33040
154	2400.00000	9.33040
154	2600.00000	9.33040
154	2800.00000	9.33040
154	3000.00000	9.05725
154	3200.00000	9.05725
154	3400.00000	9.05725
154	3600.00000	9.05725
154	3800.00000	9.05725
154	4000.00000	9.06720
154	4200.00000	9.06720
154	4400.00000	9.06720
154	4600.00000	9.06720
154	4800.00000	9.06720
154	5000.00000	8.98206
154	5200.00000	8.98206
154	5400.00000	8.98206
154	5600.00000	8.98206
154	5800.00000	8.98206
154	6000.00000	9.22753
154	6200.00000	9.22753
154	6400.00000	9.22753
154	6600.00000	9.22753
154	6800.00000	9.22753
154	7000.00000	9.24466
154	7200.00000	9.24466
154	7400.00000	9.24466
154	7600.00000	9.24466
154	7800.00000	9.24466
154	8000.00000	8.80180
154	8200.00000	8.80180
154	8400.00000	8.80180
154	8600.00000	8.80180
154	8800.00000	8.80180
154	9000.00000	8.82054
154	9200.00000	8.82054
154	9400.00000	8.82054
154	9600.00000	8.82054
154	9800.00000	8.82054
154	10000.00000	9.17884
154	10200.00000	9.17884
154	10400.00000	9.17884
154	10600.00000	9.17884
154	10800.00000	9.17884
154	11000.00000	9.05192
154	11200.00000	9.05192
154	11400.00000	9.05192
154	11600.00000	9.05192
154	11800.00000	9.05192
154	12000.00000	9.17800
154	12200.00000	9.17800
154	12400.00000	9.17800
154	12600.00000	9.17800
154	12800.00000	9.17800
154	13000.00000	9.09632
154	13200.00000	9.09632
154	13400.00000	9.09632
154	13600.00000	9.09632
154	13800.00000	9.09632
154	14000.00000	9.01014
154	14200.00000	9.01014
154	14400.00000	9.01014
154	14600.00000	9.01014
154	14800.00000	9.01014
154	15000.00000	8.77767
154	15200.00000	8.77767
154	15400.00000	8.77767
154	15600.00000	8.77767
154	15800.00000	8.87982
154	16000.00000	8.87982
154	16200.00000	8.87982
154	16400.00000	8.87982
154	16600.00000	8.87982
154	16800.00000	8.78048
154	17000.00000	8.78048
154	17200.00000	8.78048
154	17400.00000	8.78048
154	17600.00000	8.78048
154	17800.00000	8.72333
154	18000.00000	8.72333
154	18200.00000	8.72333
154	18400.00000	8.72333
154	18600.00000	8.72333
154	18800.00000	8.84031
154	19000.00000	8.84031
154	19200.00000	8.84031
154	19400.00000	8.84031
154	19600.00000	8.84031
154	19800.00000	8.86570
154	20000.00000	8.86570
155	0.00000	9.92828
155	200.00000	9.92828
155	400.00000	9.92828
155	600.00000	9.92828
155	800.00000	9.92828
155	1000.00000	10.19660
155	1200.00000	10.19660
155	1400.00000	10.19660
155	1600.00000	10.19660
155	1800.00000	10.19660
155	2000.00000	9.29718
155	2200.00000	9.29718
155	2400.00000	9.29718
155	2600.00000	9.29718
155	2800.00000	9.29718
155	3000.00000	9.18533
155	3200.00000	9.18533
155	3400.00000	9.18533
155	3600.00000	9.18533
155	3800.00000	9.18533
155	4000.00000	8.91638
155	4200.00000	8.91638
155	4400.00000	8.91638
155	4600.00000	8.91638
155	4800.00000	8.91638
155	5000.00000	8.92354
155	5200.00000	8.92354
155	5400.00000	8.92354
155	5600.00000	8.92354
155	5800.00000	8.92354
155	6000.00000	8.91838
155	6200.00000	8.91838
155	6400.00000	8.91838
155	6600.00000	8.91838
155	6800.00000	8.91838
155	7000.00000	8.20290
155	7200.00000	8.20290
155	7400.00000	8.20290
155	7600.00000	8.20290
155	7800.00000	8.20290
155	8000.00000	8.78580
155	8200.00000	8.78580
155	8400.00000	8.78580
155	8600.00000	8.78580
155	8800.00000	8.78580
155	9000.00000	8.58862
155	9200.00000	8.58862
155	9400.00000	8.58862
155	9600.00000	8.58862
155	9800.00000	8.58862
155	10000.00000	9.13513
155	10200.00000	9.13513
155	10400.00000	9.13513
155	10600.00000	9.13513
155	10800.00000	9.13513
155	11000.00000	9.89633
155	11200.00000	9.89633
155	11400.00000	9.89633
155	11600.00000	9.89633
155	11800.00000	9.89633
155	12000.00000	10.42413
155	12200.00000	10.42413
155	12400.00000	10.42413
155	12600.00000	10.42413
155	12800.00000	10.42413
155	13000.00000	9.89840
155	13200.00000	9.89840
155	13400.00000	9.89840
155	13600.00000	9.89840
155	13800.00000	9.89840
155	14000.00000	10.15230
155	14200.00000	10.15230
155	14400.00000	10.15230
155	14600.00000	10.15230
155	14800.00000	10.15230
155	15000.00000	9.56672
155	15200.00000	9.56672
155	15400.00000	9.56672
155	15600.00000	9.56672
155	15800.00000	9.05058
155	16000.00000	9.05058
155	16200.00000	9.05058
155	16400.00000	9.05058
155	16600.00000	9.05058
155	16800.00000	9.60544
155	17000.00000	9.60544
155	17200.00000	9.60544
155	17400.00000	9.60544
155	17600.00000	9.60544
155	17800.00000	9.55550
155	18000.00000	9.55550
155	18200.00000	9.55550
155	18400.00000	9.55550
155	18600.00000	9.55550
155	18800.00000	8.54140
155	19000.00000	8.54140
155	19200.00000	8.54140
155	19400.00000	8.54140
155	19600.00000	8.54140
155	19800.00000	8.96651
155	20000.00000	8.96651
156	0.00000	9.78892
156	200.00000	9.78892
156	400.00000	9.78892
156	600.00000	9.78892
156	800.00000	9.78892
156	1000.00000	10.21748
156	1200.00000	10.21748
156	1400.00000	10.21748
156	1600.00000	10.21748
156	1800.00000	10.21748
156	2000.00000	9.53034
156	2200.00000	9.53034
156	2400.00000	9.53034
156	2600.00000	9.53034
156	2800.00000	9.53034
156	3000.00000	8.93322
156	3200.00000	8.93322
156	3400.00000	8.93322
156	3600.00000	8.93322
156	3800.00000	8.93322
156	4000.00000	9.00682
156	4200.00000	9.00682
156	4400.00000	9.00682
156	4600.00000	9.00682
156	4800.00000	9.00682
156	5000.00000	8.97147
156	5200.00000	8.97147
156	5400.00000	8.97147
156	5600.00000	8.97147
156	5800.00000	8.97147
156	6000.00000	8.65057
156	6200.00000	8.65057
156	6400.00000	8.65057
156	6600.00000	8.65057
156	6800.00000	8.65057
156	7000.00000	9.18010
156	7200.00000	9.18010
156	7400.00000	9.18010
156	7600.00000	9.18010
156	7800.00000	9.18010
156	8000.00000	9.11309
156	8200.00000	9.11309
156	8400.00000	9.11309
156	8600.00000	9.11309
156	8800.00000	9.11309
156	9000.00000	9.26312
156	9200.00000	9.26312
156	9400.00000	9.26312
156	9600.00000	9.26312
156	9800.00000	9.26312
156	10000.00000	9.61279
156	10200.00000	9.61279
156	10400.00000	9.61279
156	10600.00000	9.61279
156	10800.00000	9.61279
156	11000.00000	9.72574
156	11200.00000	9.72574
156	11400.00000	9.72574
156	11600.00000	9.72574
156	11800.00000	9.72574
156	12000.00000	9.72233
156	12200.00000	9.72233
156	12400.00000	9.72233
156	12600.00000	9.72233
156	12800.00000	9.72233
156	13000.00000	9.21701
156	13200.00000	9.21701
156	13400.00000	9.21701
156	13600.00000	9.21701
156	13800.00000	9.21701
156	14000.00000	9.46514
156	14200.00000	9.46514
156	14400.00000	9.46514
156	14600.00000	9.46514
156	14800.00000	9.46514
156	15000.00000	9.28407
156	15200.00000	9.28407
156	15400.00000	9.28407
156	15600.00000	9.28407
156	15800.00000	9.47858
156	16000.00000	9.47858
156	16200.00000	9.47858
156	16400.00000	9.47858
156	16600.00000	9.47858
156	16800.00000	9.15468
156	17000.00000	9.15468
156	17200.00000	9.15468
156	17400.00000	9.15468
156	17600.00000	9.15468
156	17800.00000	9.02626
156	18000.00000	9.02626
156	18200.00000	9.02626
156	18400.00000	9.02626
156	18600.00000	9.02626
156	18800.00000	9.52042
156	19000.00000	9.52042
156	19200.00000	9.52042
156	19400.00000	9.52042
156	19600.00000	9.52042
156	19800.00000	9.29628
156	20000.00000	9.29628
157	0.00000	9.94885
157	200.00000	9.94885
157	400.00000	9.94885
157	600.00000	9.94885
157	800.00000	9.94885
157	1000.00000	10.34512
157	1200.00000	10.34512
157	1400.00000	10.34512
157	1600.00000	10.34512
157	1800.00000	10.34512
157	2000.00000	9.30219
157	2200.00000	9.30219
157	2400.00000	9.30219
157	2600.00000	9.30219
157	2800.00000	9.30219
157	3000.00000	8.84309
157	3200.00000	8.84309
157	3400.00000	8.84309
157	3600.00000	8.84309
157	3800.00000	8.84309
157	4000.00000	9.88715
157	4200.00000	9.88715
157	4400.00000	9.88715
157	4600.00000	9.88715
157	4800.00000	9.88715
157	5000.00000	9.27488
157	5200.00000	9.27488
157	5400.00000	9.27488
157	5600.00000	9.27488
157	5800.00000	9.27488
157	6000.00000	9.08503
157	6200.00000	9.08503
157	6400.00000	9.08503
157	6600.00000	9.08503
157	6800.00000	9.08503
157	7000.00000	8.76783
157	7200.00000	8.76783
157	7400.00000	8.76783
157	7600.00000	8.76783
157	7800.00000	8.76783
157	8000.00000	8.83927
157	8200.00000	8.83927
157	8400.00000	8.83927
157	8600.00000	8.83927
157	8800.00000	8.83927
157	9000.00000	9.01648
157	9200.00000	9.01648
157	9400.00000	9.01648
157	9600.00000	9.01648
157	9800.00000	9.01648
157	10000.00000	9.99357
157	10200.00000	9.99357
157	10400.00000	9.99357
157	10600.00000	9.99357
157	10800.00000	9.99357
157	11000.00000	9.39355
157	11200.00000	9.39355
157	11400.00000	9.39355
157	11600.00000	9.39355
157	11800.00000	9.39355
157	12000.00000	9.46389
157	12200.00000	9.46389
157	12400.00000	9.46389
157	12600.00000	9.46389
157	12800.00000	9.46389
157	13000.00000	9.41175
157	13200.00000	9.41175
157	13400.00000	9.41175
157	13600.00000	9.41175
157	13800.00000	9.41175
157	14000.00000	9.00760
157	14200.00000	9.00760
157	14400.00000	9.00760
157	14600.00000	9.00760
157	14800.00000	9.00760
157	15000.00000	8.90906
157	15200.00000	8.90906
157	15400.00000	8.90906
157	15600.00000	8.90906
157	15800.00000	8.71196
157	16000.00000	8.71196
157	16200.00000	8.71196
157	16400.00000	8.71196
157	16600.00000	8.71196
157	16800.00000	8.68437
157	17000.00000	8.68437
157	17200.00000	8.68437
157	17400.00000	8.68437
157	17600.00000	8.68437
157	17800.00000	9.61634
157	18000.00000	9.61634
157	18200.00000	9.61634
157	18400.00000	9.61634
157	18600.00000	9.61634
157	18800.00000	9.74566
157	19000.00000	9.74566
157	19200.00000	9.74566
157	19400.00000	9.74566
157	19600.00000	9.74566
157	19800.00000	9.70299
157	20000.00000	9.70299
158	0.00000	9.92533
158	200.00000	9.92533
158	400.00000	9.92533
158	600.00000	9.92533
158	800.00000	9.92533
158	1000.00000	10.54864
158	1200.00000	10.54864
158	1400.00000	10.54864
158	1600.00000	10.54864
158	1800.00000	10.54864
158	2000.00000	9.39123
158	2200.00000	9.39123
158	2400.00000	9.39123
158	2600.00000	9.39123
158	2800.00000	9.39123
158	3000.00000	8.94528
158	3200.00000	8.94528
158	3400.00000	8.94528
158	3600.00000	8.94528
158	3800.00000	8.94528
158	4000.00000	9.11246
158	4200.00000	9.11246
158	4400.00000	9.11246
158	4600.00000	9.11246
158	4800.00000	9.11246
158	5000.00000	9.17754
158	5200.00000	9.17754
158	5400.00000	9.17754
158	5600.00000	9.17754
158	5800.00000	9.17754
158	6000.00000	9.38579
158	6200.00000	9.38579
158	6400.00000	9.38579
158	6600.00000	9.38579
158	6800.00000	9.38579
158	7000.00000	8.76886
158	7200.00000	8.76886
158	7400.00000	8.76886
158	7600.00000	8.76886
158	7800.00000	8.76886
158	8000.00000	8.69826
158	8200.00000	8.69826
158	8400.00000	8.69826
158	8600.00000	8.69826
158	8800.00000	8.69826
158	9000.00000	8.70562
158	9200.00000	8.70562
158	9400.00000	8.70562
158	9600.00000	8.70562
158	9800.00000	8.70562
158	10000.00000	9.32028
158	10200.00000	9.32028
158	10400.00000	9.32028
158	10600.00000	9.32028
158	10800.00000	9.32028
158	11000.00000	9.47865
158	11200.00000	9.47865
158	11400.00000	9.47865
158	11600.00000	9.47865
158	11800.00000	9.47865
158	12000.00000	9.16541
158	12200.00000	9.16541
158	12400.00000	9.16541
158	12600.00000	9.16541
158	12800.00000	9.16541
158	13000.00000	8.89746
158	13200.00000	8.89746
158	13400.00000	8.89746
158	13600.00000	8.89746
158	13800.00000	8.89746
158	14000.00000	9.47587
158	14200.00000	9.47587
158	14400.00000	9.47587
158	14600.00000	9.47587
158	14800.00000	9.47587
158	15000.00000	9.51095
158	15200.00000	9.51095
158	15400.00000	9.51095
158	15600.00000	9.51095
158	15800.00000	9.36420
158	16000.00000	9.36420
158	16200.00000	9.36420
158	16400.00000	9.36420
158	16600.00000	9.36420
158	16800.00000	8.76987
158	17000.00000	8.76987
158	17200.00000	8.76987
158	17400.00000	8.76987
158	17600.00000	8.76987
158	17800.00000	8.54837
158	18000.00000	8.54837
158	18200.00000	8.54837
158	18400.00000	8.54837
158	18600.00000	8.54837
158	18800.00000	8.94017
158	19000.00000	8.94017
158	19200.00000	8.94017
158	19400.00000	8.94017
158	19600.00000	8.94017
158	19800.00000	8.87529
158	20000.00000	8.87529
159	0.00000	9.94842
159	200.00000	9.94842
159	400.00000	9.94842
159	600.00000	9.94842
159	800.00000	9.94842
159	1000.00000	10.34935
159	1200.00000	10.34935
159	1400.00000	10.34935
159	1600.00000	10.34935
159	1800.00000	10.34935
159	2000.00000	9.37899
159	2200.00000	9.37899
159	2400.00000	9.37899
159	2600.00000	9.37899
159	2800.00000	9.37899
159	3000.00000	8.98355
159	3200.00000	8.98355
159	3400.00000	8.98355
159	3600.00000	8.98355
159	3800.00000	8.98355
159	4000.00000	9.13023
159	4200.00000	9.13023
159	4400.00000	9.13023
159	4600.00000	9.13023
159	4800.00000	9.13023
159	5000.00000	9.23430
159	5200.00000	9.23430
159	5400.00000	9.23430
159	5600.00000	9.23430
159	5800.00000	9.23430
159	6000.00000	9.01061
159	6200.00000	9.01061
159	6400.00000	9.01061
159	6600.00000	9.01061
159	6800.00000	9.01061
159	7000.00000	8.45351
159	7200.00000	8.45351
159	7400.00000	8.45351
159	7600.00000	8.45351
159	7800.00000	8.45351
159	8000.00000	8.37176
159	8200.00000	8.37176
159	8400.00000	8.37176
159	8600.00000	8.37176
159	8800.00000	8.37176
159	9000.00000	9.67829
159	9200.00000	9.67829
159	9400.00000	9.67829
159	9600.00000	9.67829
159	9800.00000	9.67829
159	10000.00000	9.29448
159	10200.00000	9.29448
159	10400.00000	9.29448
159	10600.00000	9.29448
159	10800.00000	9.29448
159	11000.00000	9.63661
159	11200.00000	9.63661
159	11400.00000	9.63661
159	11600.00000	9.63661
159	11800.00000	9.63661
159	12000.00000	9.44987
159	12200.00000	9.44987
159	12400.00000	9.44987
159	12600.00000	9.44987
159	12800.00000	9.44987
159	13000.00000	9.42746
159	13200.00000	9.42746
159	13400.00000	9.42746
159	13600.00000	9.42746
159	13800.00000	9.42746
159	14000.00000	10.88421
159	14200.00000	10.88421
159	14400.00000	10.88421
159	14600.00000	10.88421
159	14800.00000	10.88421
159	15000.00000	10.11143
159	15200.00000	10.11143
159	15400.00000	10.11143
159	15600.00000	10.11143
159	15800.00000	10.65179
159	16000.00000	10.65179
159	16200.00000	10.65179
159	16400.00000	10.65179
159	16600.00000	10.65179
159	16800.00000	9.57409
159	17000.00000	9.57409
159	17200.00000	9.57409
159	17400.00000	9.57409
159	17600.00000	9.57409
159	17800.00000	10.75054
159	18000.00000	10.75054
159	18200.00000	10.75054
159	18400.00000	10.75054
159	18600.00000	10.75054
159	18800.00000	10.21065
159	19000.00000	10.21065
159	19200.00000	10.21065
159	19400.00000	10.21065
159	19600.00000	10.21065
159	19800.00000	9.86468
159	20000.00000	9.86468
160	0.00000	9.92875
160	200.00000	9.92875
160	400.00000	9.92875
160	600.00000	9.92875
160	800.00000	9.92875
160	1000.00000	10.38974
160	1200.00000	10.38974
160	1400.00000	10.38974
160	1600.00000	10.38974
160	1800.00000	10.38974
160	2000.00000	9.44169
160	2200.00000	9.44169
160	2400.00000	9.44169
160	2600.00000	9.44169
160	2800.00000	9.44169
160	3000.00000	8.74937
160	3200.00000	8.74937
160	3400.00000	8.74937
160	3600.00000	8.74937
160	3800.00000	8.74937
160	4000.00000	9.23173
160	4200.00000	9.23173
160	4400.00000	9.23173
160	4600.00000	9.23173
160	4800.00000	9.23173
160	5000.00000	9.31107
160	5200.00000	9.31107
160	5400.00000	9.31107
160	5600.00000	9.31107
160	5800.00000	9.31107
160	6000.00000	8.91649
160	6200.00000	8.91649
160	6400.00000	8.91649
160	6600.00000	8.91649
160	6800.00000	8.91649
160	7000.00000	8.63720
160	7200.00000	8.63720
160	7400.00000	8.63720
160	7600.00000	8.63720
160	7800.00000	8.63720
160	8000.00000	8.42838
160	8200.00000	8.42838
160	8400.00000	8.42838
160	8600.00000	8.42838
160	8800.00000	8.42838
160	9000.00000	9.08682
160	9200.00000	9.08682
160	9400.00000	9.08682
160	9600.00000	9.08682
160	9800.00000	9.08682
160	10000.00000	9.60005
160	10200.00000	9.60005
160	10400.00000	9.60005
160	10600.00000	9.60005
160	10800.00000	9.60005
160	11000.00000	9.50151
160	11200.00000	9.50151
160	11400.00000	9.50151
160	11600.00000	9.50151
160	11800.00000	9.50151
160	12000.00000	10.10549
160	12200.00000	10.10549
160	12400.00000	10.10549
160	12600.00000	10.10549
160	12800.00000	10.10549
160	13000.00000	10.59770
160	13200.00000	10.59770
160	13400.00000	10.59770
160	13600.00000	10.59770
160	13800.00000	10.59770
160	14000.00000	10.48326
160	14200.00000	10.48326
160	14400.00000	10.48326
160	14600.00000	10.48326
160	14800.00000	10.48326
160	15000.00000	10.44248
160	15200.00000	10.44248
160	15400.00000	10.44248
160	15600.00000	10.44248
160	15800.00000	9.31048
160	16000.00000	9.31048
160	16200.00000	9.31048
160	16400.00000	9.31048
160	16600.00000	9.31048
160	16800.00000	9.70048
160	17000.00000	9.70048
160	17200.00000	9.70048
160	17400.00000	9.70048
160	17600.00000	9.70048
160	17800.00000	9.52061
160	18000.00000	9.52061
160	18200.00000	9.52061
160	18400.00000	9.52061
160	18600.00000	9.52061
160	18800.00000	9.88661
160	19000.00000	9.88661
160	19200.00000	9.88661
160	19400.00000	9.88661
160	19600.00000	9.88661
160	19800.00000	10.23736
160	20000.00000	10.23736
161	0.00000	9.99149
161	200.00000	9.99149
161	400.00000	9.99149
161	600.00000	9.99149
161	800.00000	9.99149
161	1000.00000	10.39926
161	1200.00000	10.39926
161	1400.00000	10.39926
161	1600.00000	10.39926
161	1800.00000	10.39926
161	2000.00000	9.40785
161	2200.00000	9.40785
161	2400.00000	9.40785
161	2600.00000	9.40785
161	2800.00000	9.40785
161	3000.00000	8.96730
161	3200.00000	8.96730
161	3400.00000	8.96730
161	3600.00000	8.96730
161	3800.00000	8.96730
161	4000.00000	9.25313
161	4200.00000	9.25313
161	4400.00000	9.25313
161	4600.00000	9.25313
161	4800.00000	9.25313
161	5000.00000	8.99205
161	5200.00000	8.99205
161	5400.00000	8.99205
161	5600.00000	8.99205
161	5800.00000	8.99205
161	6000.00000	8.69734
161	6200.00000	8.69734
161	6400.00000	8.69734
161	6600.00000	8.69734
161	6800.00000	8.69734
161	7000.00000	9.14766
161	7200.00000	9.14766
161	7400.00000	9.14766
161	7600.00000	9.14766
161	7800.00000	9.14766
161	8000.00000	8.77051
161	8200.00000	8.77051
161	8400.00000	8.77051
161	8600.00000	8.77051
161	8800.00000	8.77051
161	9000.00000	9.11146
161	9200.00000	9.11146
161	9400.00000	9.11146
161	9600.00000	9.11146
161	9800.00000	9.11146
161	10000.00000	9.01998
161	10200.00000	9.01998
161	10400.00000	9.01998
161	10600.00000	9.01998
161	10800.00000	9.01998
161	11000.00000	9.18179
161	11200.00000	9.18179
161	11400.00000	9.18179
161	11600.00000	9.18179
161	11800.00000	9.18179
161	12000.00000	9.58548
161	12200.00000	9.58548
161	12400.00000	9.58548
161	12600.00000	9.58548
161	12800.00000	9.58548
161	13000.00000	10.08134
161	13200.00000	10.08134
161	13400.00000	10.08134
161	13600.00000	10.08134
161	13800.00000	10.08134
161	14000.00000	10.52500
161	14200.00000	10.52500
161	14400.00000	10.52500
161	14600.00000	10.52500
161	14800.00000	10.52500
161	15000.00000	10.13941
161	15200.00000	10.13941
161	15400.00000	10.13941
161	15600.00000	10.13941
161	15800.00000	9.65713
161	16000.00000	9.65713
161	16200.00000	9.65713
161	16400.00000	9.65713
161	16600.00000	9.65713
161	16800.00000	9.45098
161	17000.00000	9.45098
161	17200.00000	9.45098
161	17400.00000	9.45098
161	17600.00000	9.45098
161	17800.00000	10.02436
161	18000.00000	10.02436
161	18200.00000	10.02436
161	18400.00000	10.02436
161	18600.00000	10.02436
161	18800.00000	9.73758
161	19000.00000	9.73758
161	19200.00000	9.73758
161	19400.00000	9.73758
161	19600.00000	9.73758
161	19800.00000	8.74253
161	20000.00000	8.74253
162	0.00000	9.94278
162	200.00000	9.94278
162	400.00000	9.94278
162	600.00000	9.94278
162	800.00000	9.94278
162	1000.00000	9.93953
162	1200.00000	9.93953
162	1400.00000	9.93953
162	1600.00000	9.93953
162	1800.00000	9.93953
162	2000.00000	9.49475
162	2200.00000	9.49475
162	2400.00000	9.49475
162	2600.00000	9.49475
162	2800.00000	9.49475
162	3000.00000	8.93558
162	3200.00000	8.93558
162	3400.00000	8.93558
162	3600.00000	8.93558
162	3800.00000	8.93558
162	4000.00000	9.02092
162	4200.00000	9.02092
162	4400.00000	9.02092
162	4600.00000	9.02092
162	4800.00000	9.02092
162	5000.00000	9.32319
162	5200.00000	9.32319
162	5400.00000	9.32319
162	5600.00000	9.32319
162	5800.00000	9.32319
162	6000.00000	8.80716
162	6200.00000	8.80716
162	6400.00000	8.80716
162	6600.00000	8.80716
162	6800.00000	8.80716
162	7000.00000	8.66719
162	7200.00000	8.66719
162	7400.00000	8.66719
162	7600.00000	8.66719
162	7800.00000	8.66719
162	8000.00000	8.69025
162	8200.00000	8.69025
162	8400.00000	8.69025
162	8600.00000	8.69025
162	8800.00000	8.69025
162	9000.00000	8.79903
162	9200.00000	8.79903
162	9400.00000	8.79903
162	9600.00000	8.79903
162	9800.00000	8.79903
162	10000.00000	8.83163
162	10200.00000	8.83163
162	10400.00000	8.83163
162	10600.00000	8.83163
162	10800.00000	8.83163
162	11000.00000	9.24180
162	11200.00000	9.24180
162	11400.00000	9.24180
162	11600.00000	9.24180
162	11800.00000	9.24180
162	12000.00000	9.21460
162	12200.00000	9.21460
162	12400.00000	9.21460
162	12600.00000	9.21460
162	12800.00000	9.21460
162	13000.00000	9.46442
162	13200.00000	9.46442
162	13400.00000	9.46442
162	13600.00000	9.46442
162	13800.00000	9.46442
162	14000.00000	9.65350
162	14200.00000	9.65350
162	14400.00000	9.65350
162	14600.00000	9.65350
162	14800.00000	9.65350
162	15000.00000	9.66993
162	15200.00000	9.66993
162	15400.00000	9.66993
162	15600.00000	9.66993
162	15800.00000	9.29281
162	16000.00000	9.29281
162	16200.00000	9.29281
162	16400.00000	9.29281
162	16600.00000	9.29281
162	16800.00000	9.13418
162	17000.00000	9.13418
162	17200.00000	9.13418
162	17400.00000	9.13418
162	17600.00000	9.13418
162	17800.00000	9.03772
162	18000.00000	9.03772
162	18200.00000	9.03772
162	18400.00000	9.03772
162	18600.00000	9.03772
162	18800.00000	9.17079
162	19000.00000	9.17079
162	19200.00000	9.17079
162	19400.00000	9.17079
162	19600.00000	9.17079
162	19800.00000	9.49887
162	20000.00000	9.49887
163	0.00000	9.91389
163	200.00000	9.91389
163	400.00000	9.91389
163	600.00000	9.91389
163	800.00000	9.91389
163	1000.00000	10.26991
163	1200.00000	10.26991
163	1400.00000	10.26991
163	1600.00000	10.26991
163	1800.00000	10.26991
163	2000.00000	9.34771
163	2200.00000	9.34771
163	2400.00000	9.34771
163	2600.00000	9.34771
163	2800.00000	9.34771
163	3000.00000	9.13597
163	3200.00000	9.13597
163	3400.00000	9.13597
163	3600.00000	9.13597
163	3800.00000	9.13597
163	4000.00000	9.40336
163	4200.00000	9.40336
163	4400.00000	9.40336
163	4600.00000	9.40336
163	4800.00000	9.40336
163	5000.00000	8.95961
163	5200.00000	8.95961
163	5400.00000	8.95961
163	5600.00000	8.95961
163	5800.00000	8.95961
163	6000.00000	9.01623
163	6200.00000	9.01623
163	6400.00000	9.01623
163	6600.00000	9.01623
163	6800.00000	9.01623
163	7000.00000	9.09704
163	7200.00000	9.09704
163	7400.00000	9.09704
163	7600.00000	9.09704
163	7800.00000	9.09704
163	8000.00000	9.36430
163	8200.00000	9.36430
163	8400.00000	9.36430
163	8600.00000	9.36430
163	8800.00000	9.36430
163	9000.00000	9.30245
163	9200.00000	9.30245
163	9400.00000	9.30245
163	9600.00000	9.30245
163	9800.00000	9.30245
163	10000.00000	9.64885
163	10200.00000	9.64885
163	10400.00000	9.64885
163	10600.00000	9.64885
163	10800.00000	9.64885
163	11000.00000	9.66722
163	11200.00000	9.66722
163	11400.00000	9.66722
163	11600.00000	9.66722
163	11800.00000	9.66722
163	12000.00000	9.15175
163	12200.00000	9.15175
163	12400.00000	9.15175
163	12600.00000	9.15175
163	12800.00000	9.15175
163	13000.00000	9.79528
163	13200.00000	9.79528
163	13400.00000	9.79528
163	13600.00000	9.79528
163	13800.00000	9.79528
163	14000.00000	9.59239
163	14200.00000	9.59239
163	14400.00000	9.59239
163	14600.00000	9.59239
163	14800.00000	9.59239
163	15000.00000	9.72549
163	15200.00000	9.72549
163	15400.00000	9.72549
163	15600.00000	9.72549
163	15800.00000	9.12529
163	16000.00000	9.12529
163	16200.00000	9.12529
163	16400.00000	9.12529
163	16600.00000	9.12529
163	16800.00000	9.26094
163	17000.00000	9.26094
163	17200.00000	9.26094
163	17400.00000	9.26094
163	17600.00000	9.26094
163	17800.00000	9.36049
163	18000.00000	9.36049
163	18200.00000	9.36049
163	18400.00000	9.36049
163	18600.00000	9.36049
163	18800.00000	9.47506
163	19000.00000	9.47506
163	19200.00000	9.47506
163	19400.00000	9.47506
163	19600.00000	9.47506
163	19800.00000	9.41359
163	20000.00000	9.41359
164	0.00000	9.95634
164	200.00000	9.95634
164	400.00000	9.95634
164	600.00000	9.95634
164	800.00000	9.95634
164	1000.00000	10.11462
164	1200.00000	10.11462
164	1400.00000	10.11462
164	1600.00000	10.11462
164	1800.00000	10.11462
164	2000.00000	9.37864
164	2200.00000	9.37864
164	2400.00000	9.37864
164	2600.00000	9.37864
164	2800.00000	9.37864
164	3000.00000	9.07320
164	3200.00000	9.07320
164	3400.00000	9.07320
164	3600.00000	9.07320
164	3800.00000	9.07320
164	4000.00000	9.29365
164	4200.00000	9.29365
164	4400.00000	9.29365
164	4600.00000	9.29365
164	4800.00000	9.29365
164	5000.00000	9.05149
164	5200.00000	9.05149
164	5400.00000	9.05149
164	5600.00000	9.05149
164	5800.00000	9.05149
164	6000.00000	8.87387
164	6200.00000	8.87387
164	6400.00000	8.87387
164	6600.00000	8.87387
164	6800.00000	8.87387
164	7000.00000	8.89774
164	7200.00000	8.89774
164	7400.00000	8.89774
164	7600.00000	8.89774
164	7800.00000	8.89774
164	8000.00000	9.08268
164	8200.00000	9.08268
164	8400.00000	9.08268
164	8600.00000	9.08268
164	8800.00000	9.08268
164	9000.00000	8.23573
164	9200.00000	8.23573
164	9400.00000	8.23573
164	9600.00000	8.23573
164	9800.00000	8.23573
164	10000.00000	9.19982
164	10200.00000	9.19982
164	10400.00000	9.19982
164	10600.00000	9.19982
164	10800.00000	9.19982
164	11000.00000	9.60118
164	11200.00000	9.60118
164	11400.00000	9.60118
164	11600.00000	9.60118
164	11800.00000	9.60118
164	12000.00000	9.95167
164	12200.00000	9.95167
164	12400.00000	9.95167
164	12600.00000	9.95167
164	12800.00000	9.95167
164	13000.00000	9.80631
164	13200.00000	9.80631
164	13400.00000	9.80631
164	13600.00000	9.80631
164	13800.00000	9.80631
164	14000.00000	8.96321
164	14200.00000	8.96321
164	14400.00000	8.96321
164	14600.00000	8.96321
164	14800.00000	8.96321
164	15000.00000	9.06356
164	15200.00000	9.06356
164	15400.00000	9.06356
164	15600.00000	9.06356
164	15800.00000	9.89382
164	16000.00000	9.89382
164	16200.00000	9.89382
164	16400.00000	9.89382
164	16600.00000	9.89382
164	16800.00000	10.17457
164	17000.00000	10.17457
164	17200.00000	10.17457
164	17400.00000	10.17457
164	17600.00000	10.17457
164	17800.00000	10.10022
164	18000.00000	10.10022
164	18200.00000	10.10022
164	18400.00000	10.10022
164	18600.00000	10.10022
164	18800.00000	9.29326
164	19000.00000	9.29326
164	19200.00000	9.29326
164	19400.00000	9.29326
164	19600.00000	9.29326
164	19800.00000	9.64512
164	20000.00000	9.64512
165	0.00000	9.96849
165	200.00000	9.96849
165	400.00000	9.96849
165	600.00000	9.96849
165	800.00000	9.96849
165	1000.00000	10.48107
165	1200.00000	10.48107
165	1400.00000	10.48107
165	1600.00000	10.48107
165	1800.00000	10.48107
165	2000.00000	9.22364
165	2200.00000	9.22364
165	2400.00000	9.22364
165	2600.00000	9.22364
165	2800.00000	9.22364
165	3000.00000	8.69861
165	3200.00000	8.69861
165	3400.00000	8.69861
165	3600.00000	8.69861
165	3800.00000	8.69861
165	4000.00000	9.18897
165	4200.00000	9.18897
165	4400.00000	9.18897
165	4600.00000	9.18897
165	4800.00000	9.18897
165	5000.00000	9.37253
165	5200.00000	9.37253
165	5400.00000	9.37253
165	5600.00000	9.37253
165	5800.00000	9.37253
165	6000.00000	9.17518
165	6200.00000	9.17518
165	6400.00000	9.17518
165	6600.00000	9.17518
165	6800.00000	9.17518
165	7000.00000	8.82768
165	7200.00000	8.82768
165	7400.00000	8.82768
165	7600.00000	8.82768
165	7800.00000	8.82768
165	8000.00000	8.93763
165	8200.00000	8.93763
165	8400.00000	8.93763
165	8600.00000	8.93763
165	8800.00000	8.93763
165	9000.00000	8.86360
165	9200.00000	8.86360
165	9400.00000	8.86360
165	9600.00000	8.86360
165	9800.00000	8.86360
165	10000.00000	8.69504
165	10200.00000	8.69504
165	10400.00000	8.69504
165	10600.00000	8.69504
165	10800.00000	8.69504
165	11000.00000	9.26607
165	11200.00000	9.26607
165	11400.00000	9.26607
165	11600.00000	9.26607
165	11800.00000	9.26607
165	12000.00000	9.17992
165	12200.00000	9.17992
165	12400.00000	9.17992
165	12600.00000	9.17992
165	12800.00000	9.17992
165	13000.00000	9.49541
165	13200.00000	9.49541
165	13400.00000	9.49541
165	13600.00000	9.49541
165	13800.00000	9.49541
165	14000.00000	9.52856
165	14200.00000	9.52856
165	14400.00000	9.52856
165	14600.00000	9.52856
165	14800.00000	9.52856
165	15000.00000	9.32238
165	15200.00000	9.32238
165	15400.00000	9.32238
165	15600.00000	9.32238
165	15800.00000	9.18934
165	16000.00000	9.18934
165	16200.00000	9.18934
165	16400.00000	9.18934
165	16600.00000	9.18934
165	16800.00000	9.81181
165	17000.00000	9.81181
165	17200.00000	9.81181
165	17400.00000	9.81181
165	17600.00000	9.81181
165	17800.00000	9.41231
165	18000.00000	9.41231
165	18200.00000	9.41231
165	18400.00000	9.41231
165	18600.00000	9.41231
165	18800.00000	9.23611
165	19000.00000	9.23611
165	19200.00000	9.23611
165	19400.00000	9.23611
165	19600.00000	9.23611
165	19800.00000	9.23950
165	20000.00000	9.23950
166	0.00000	9.82627
166	200.00000	9.82627
166	400.00000	9.82627
166	600.00000	9.82627
166	800.00000	9.82627
166	1000.00000	10.06656
166	1200.00000	10.06656
166	1400.00000	10.06656
166	1600.00000	10.06656
166	1800.00000	10.06656
166	2000.00000	9.16332
166	2200.00000	9.16332
166	2400.00000	9.16332
166	2600.00000	9.16332
166	2800.00000	9.16332
166	3000.00000	8.98719
166	3200.00000	8.98719
166	3400.00000	8.98719
166	3600.00000	8.98719
166	3800.00000	8.98719
166	4000.00000	9.37721
166	4200.00000	9.37721
166	4400.00000	9.37721
166	4600.00000	9.37721
166	4800.00000	9.37721
166	5000.00000	8.87857
166	5200.00000	8.87857
166	5400.00000	8.87857
166	5600.00000	8.87857
166	5800.00000	8.87857
166	6000.00000	9.03621
166	6200.00000	9.03621
166	6400.00000	9.03621
166	6600.00000	9.03621
166	6800.00000	9.03621
166	7000.00000	8.98220
166	7200.00000	8.98220
166	7400.00000	8.98220
166	7600.00000	8.98220
166	7800.00000	8.98220
166	8000.00000	8.82981
166	8200.00000	8.82981
166	8400.00000	8.82981
166	8600.00000	8.82981
166	8800.00000	8.82981
166	9000.00000	8.94043
166	9200.00000	8.94043
166	9400.00000	8.94043
166	9600.00000	8.94043
166	9800.00000	8.94043
166	10000.00000	9.68062
166	10200.00000	9.68062
166	10400.00000	9.68062
166	10600.00000	9.68062
166	10800.00000	9.68062
166	11000.00000	9.52642
166	11200.00000	9.52642
166	11400.00000	9.52642
166	11600.00000	9.52642
166	11800.00000	9.52642
166	12000.00000	9.36673
166	12200.00000	9.36673
166	12400.00000	9.36673
166	12600.00000	9.36673
166	12800.00000	9.36673
166	13000.00000	9.71517
166	13200.00000	9.71517
166	13400.00000	9.71517
166	13600.00000	9.71517
166	13800.00000	9.71517
166	14000.00000	9.54002
166	14200.00000	9.54002
166	14400.00000	9.54002
166	14600.00000	9.54002
166	14800.00000	9.54002
166	15000.00000	9.37505
166	15200.00000	9.37505
166	15400.00000	9.37505
166	15600.00000	9.37505
166	15800.00000	9.01499
166	16000.00000	9.01499
166	16200.00000	9.01499
166	16400.00000	9.01499
166	16600.00000	9.01499
166	16800.00000	9.24552
166	17000.00000	9.24552
166	17200.00000	9.24552
166	17400.00000	9.24552
166	17600.00000	9.24552
166	17800.00000	9.29244
166	18000.00000	9.29244
166	18200.00000	9.29244
166	18400.00000	9.29244
166	18600.00000	9.29244
166	18800.00000	9.30241
166	19000.00000	9.30241
166	19200.00000	9.30241
166	19400.00000	9.30241
166	19600.00000	9.30241
166	19800.00000	9.38863
166	20000.00000	9.38863
167	0.00000	9.99532
167	200.00000	9.99532
167	400.00000	9.99532
167	600.00000	9.99532
167	800.00000	9.99532
167	1000.00000	10.14611
167	1200.00000	10.14611
167	1400.00000	10.14611
167	1600.00000	10.14611
167	1800.00000	10.14611
167	2000.00000	9.46756
167	2200.00000	9.46756
167	2400.00000	9.46756
167	2600.00000	9.46756
167	2800.00000	9.46756
167	3000.00000	8.92671
167	3200.00000	8.92671
167	3400.00000	8.92671
167	3600.00000	8.92671
167	3800.00000	8.92671
167	4000.00000	8.91778
167	4200.00000	8.91778
167	4400.00000	8.91778
167	4600.00000	8.91778
167	4800.00000	8.91778
167	5000.00000	9.02186
167	5200.00000	9.02186
167	5400.00000	9.02186
167	5600.00000	9.02186
167	5800.00000	9.02186
167	6000.00000	8.70716
167	6200.00000	8.70716
167	6400.00000	8.70716
167	6600.00000	8.70716
167	6800.00000	8.70716
167	7000.00000	9.61452
167	7200.00000	9.61452
167	7400.00000	9.61452
167	7600.00000	9.61452
167	7800.00000	9.61452
167	8000.00000	8.93595
167	8200.00000	8.93595
167	8400.00000	8.93595
167	8600.00000	8.93595
167	8800.00000	8.93595
167	9000.00000	8.84149
167	9200.00000	8.84149
167	9400.00000	8.84149
167	9600.00000	8.84149
167	9800.00000	8.84149
167	10000.00000	9.36771
167	10200.00000	9.36771
167	10400.00000	9.36771
167	10600.00000	9.36771
167	10800.00000	9.36771
167	11000.00000	9.98879
167	11200.00000	9.98879
167	11400.00000	9.98879
167	11600.00000	9.98879
167	11800.00000	9.98879
167	12000.00000	9.39271
167	12200.00000	9.39271
167	12400.00000	9.39271
167	12600.00000	9.39271
167	12800.00000	9.39271
167	13000.00000	9.35422
167	13200.00000	9.35422
167	13400.00000	9.35422
167	13600.00000	9.35422
167	13800.00000	9.35422
167	14000.00000	9.49958
167	14200.00000	9.49958
167	14400.00000	9.49958
167	14600.00000	9.49958
167	14800.00000	9.49958
167	15000.00000	9.26526
167	15200.00000	9.26526
167	15400.00000	9.26526
167	15600.00000	9.26526
167	15800.00000	9.04418
167	16000.00000	9.04418
167	16200.00000	9.04418
167	16400.00000	9.04418
167	16600.00000	9.04418
167	16800.00000	9.24267
167	17000.00000	9.24267
167	17200.00000	9.24267
167	17400.00000	9.24267
167	17600.00000	9.24267
167	17800.00000	9.03531
167	18000.00000	9.03531
167	18200.00000	9.03531
167	18400.00000	9.03531
167	18600.00000	9.03531
167	18800.00000	9.05007
167	19000.00000	9.05007
167	19200.00000	9.05007
167	19400.00000	9.05007
167	19600.00000	9.05007
167	19800.00000	9.07593
167	20000.00000	9.07593
168	0.00000	9.96545
168	200.00000	9.96545
168	400.00000	9.96545
168	600.00000	9.96545
168	800.00000	9.96545
168	1000.00000	10.32977
168	1200.00000	10.32977
168	1400.00000	10.32977
168	1600.00000	10.32977
168	1800.00000	10.32977
168	2000.00000	9.35369
168	2200.00000	9.35369
168	2400.00000	9.35369
168	2600.00000	9.35369
168	2800.00000	9.35369
168	3000.00000	8.82661
168	3200.00000	8.82661
168	3400.00000	8.82661
168	3600.00000	8.82661
168	3800.00000	8.82661
168	4000.00000	9.44663
168	4200.00000	9.44663
168	4400.00000	9.44663
168	4600.00000	9.44663
168	4800.00000	9.44663
168	5000.00000	9.29342
168	5200.00000	9.29342
168	5400.00000	9.29342
168	5600.00000	9.29342
168	5800.00000	9.29342
168	6000.00000	8.73200
168	6200.00000	8.73200
168	6400.00000	8.73200
168	6600.00000	8.73200
168	6800.00000	8.73200
168	7000.00000	9.30513
168	7200.00000	9.30513
168	7400.00000	9.30513
168	7600.00000	9.30513
168	7800.00000	9.30513
168	8000.00000	8.81297
168	8200.00000	8.81297
168	8400.00000	8.81297
168	8600.00000	8.81297
168	8800.00000	8.81297
168	9000.00000	8.43056
168	9200.00000	8.43056
168	9400.00000	8.43056
168	9600.00000	8.43056
168	9800.00000	8.43056
168	10000.00000	9.10338
168	10200.00000	9.10338
168	10400.00000	9.10338
168	10600.00000	9.10338
168	10800.00000	9.10338
168	11000.00000	9.35235
168	11200.00000	9.35235
168	11400.00000	9.35235
168	11600.00000	9.35235
168	11800.00000	9.35235
168	12000.00000	9.01142
168	12200.00000	9.01142
168	12400.00000	9.01142
168	12600.00000	9.01142
168	12800.00000	9.01142
168	13000.00000	9.63051
168	13200.00000	9.63051
168	13400.00000	9.63051
168	13600.00000	9.63051
168	13800.00000	9.63051
168	14000.00000	8.89670
168	14200.00000	8.89670
168	14400.00000	8.89670
168	14600.00000	8.89670
168	14800.00000	8.89670
168	15000.00000	8.81983
168	15200.00000	8.81983
168	15400.00000	8.81983
168	15600.00000	8.81983
168	15800.00000	8.99151
168	16000.00000	8.99151
168	16200.00000	8.99151
168	16400.00000	8.99151
168	16600.00000	8.99151
168	16800.00000	9.18705
168	17000.00000	9.18705
168	17200.00000	9.18705
168	17400.00000	9.18705
168	17600.00000	9.18705
168	17800.00000	9.98088
168	18000.00000	9.98088
168	18200.00000	9.98088
168	18400.00000	9.98088
168	18600.00000	9.98088
168	18800.00000	8.95404
168	19000.00000	8.95404
168	19200.00000	8.95404
168	19400.00000	8.95404
168	19600.00000	8.95404
168	19800.00000	8.66032
168	20000.00000	8.66032
169	0.00000	9.77512
169	200.00000	9.77512
169	400.00000	9.77512
169	600.00000	9.77512
169	800.00000	9.77512
169	1000.00000	10.01438
169	1200.00000	10.01438
169	1400.00000	10.01438
169	1600.00000	10.01438
169	1800.00000	10.01438
169	2000.00000	9.66961
169	2200.00000	9.66961
169	2400.00000	9.66961
169	2600.00000	9.66961
169	2800.00000	9.66961
169	3000.00000	9.07640
169	3200.00000	9.07640
169	3400.00000	9.07640
169	3600.00000	9.07640
169	3800.00000	9.07640
169	4000.00000	9.10157
169	4200.00000	9.10157
169	4400.00000	9.10157
169	4600.00000	9.10157
169	4800.00000	9.10157
169	5000.00000	9.14697
169	5200.00000	9.14697
169	5400.00000	9.14697
169	5600.00000	9.14697
169	5800.00000	9.14697
169	6000.00000	8.54835
169	6200.00000	8.54835
169	6400.00000	8.54835
169	6600.00000	8.54835
169	6800.00000	8.54835
169	7000.00000	8.77456
169	7200.00000	8.77456
169	7400.00000	8.77456
169	7600.00000	8.77456
169	7800.00000	8.77456
169	8000.00000	8.68819
169	8200.00000	8.68819
169	8400.00000	8.68819
169	8600.00000	8.68819
169	8800.00000	8.68819
169	9000.00000	8.76967
169	9200.00000	8.76967
169	9400.00000	8.76967
169	9600.00000	8.76967
169	9800.00000	8.76967
169	10000.00000	8.31797
169	10200.00000	8.31797
169	10400.00000	8.31797
169	10600.00000	8.31797
169	10800.00000	8.31797
169	11000.00000	8.66182
169	11200.00000	8.66182
169	11400.00000	8.66182
169	11600.00000	8.66182
169	11800.00000	8.66182
169	12000.00000	8.95012
169	12200.00000	8.95012
169	12400.00000	8.95012
169	12600.00000	8.95012
169	12800.00000	8.95012
169	13000.00000	9.37722
169	13200.00000	9.37722
169	13400.00000	9.37722
169	13600.00000	9.37722
169	13800.00000	9.37722
169	14000.00000	9.18703
169	14200.00000	9.18703
169	14400.00000	9.18703
169	14600.00000	9.18703
169	14800.00000	9.18703
169	15000.00000	8.59098
169	15200.00000	8.59098
169	15400.00000	8.59098
169	15600.00000	8.59098
169	15800.00000	8.85077
169	16000.00000	8.85077
169	16200.00000	8.85077
169	16400.00000	8.85077
169	16600.00000	8.85077
169	16800.00000	9.03522
169	17000.00000	9.03522
169	17200.00000	9.03522
169	17400.00000	9.03522
169	17600.00000	9.03522
169	17800.00000	8.93294
169	18000.00000	8.93294
169	18200.00000	8.93294
169	18400.00000	8.93294
169	18600.00000	8.93294
169	18800.00000	9.25290
169	19000.00000	9.25290
169	19200.00000	9.25290
169	19400.00000	9.25290
169	19600.00000	9.25290
169	19800.00000	9.45711
169	20000.00000	9.45711
170	0.00000	9.90122
170	200.00000	9.90122
170	400.00000	9.90122
170	600.00000	9.90122
170	800.00000	9.90122
170	1000.00000	10.06754
170	1200.00000	10.06754
170	1400.00000	10.06754
170	1600.00000	10.06754
170	1800.00000	10.06754
170	2000.00000	9.20890
170	2200.00000	9.20890
170	2400.00000	9.20890
170	2600.00000	9.20890
170	2800.00000	9.20890
170	3000.00000	9.09060
170	3200.00000	9.09060
170	3400.00000	9.09060
170	3600.00000	9.09060
170	3800.00000	9.09060
170	4000.00000	9.10515
170	4200.00000	9.10515
170	4400.00000	9.10515
170	4600.00000	9.10515
170	4800.00000	9.10515
170	5000.00000	8.97448
170	5200.00000	8.97448
170	5400.00000	8.97448
170	5600.00000	8.97448
170	5800.00000	8.97448
170	6000.00000	8.92846
170	6200.00000	8.92846
170	6400.00000	8.92846
170	6600.00000	8.92846
170	6800.00000	8.92846
170	7000.00000	8.77005
170	7200.00000	8.77005
170	7400.00000	8.77005
170	7600.00000	8.77005
170	7800.00000	8.77005
170	8000.00000	9.00527
170	8200.00000	9.00527
170	8400.00000	9.00527
170	8600.00000	9.00527
170	8800.00000	9.00527
170	9000.00000	9.16501
170	9200.00000	9.16501
170	9400.00000	9.16501
170	9600.00000	9.16501
170	9800.00000	9.16501
170	10000.00000	9.34257
170	10200.00000	9.34257
170	10400.00000	9.34257
170	10600.00000	9.34257
170	10800.00000	9.34257
170	11000.00000	9.58890
170	11200.00000	9.58890
170	11400.00000	9.58890
170	11600.00000	9.58890
170	11800.00000	9.58890
170	12000.00000	9.99717
170	12200.00000	9.99717
170	12400.00000	9.99717
170	12600.00000	9.99717
170	12800.00000	9.99717
170	13000.00000	10.14471
170	13200.00000	10.14471
170	13400.00000	10.14471
170	13600.00000	10.14471
170	13800.00000	10.14471
170	14000.00000	9.66053
170	14200.00000	9.66053
170	14400.00000	9.66053
170	14600.00000	9.66053
170	14800.00000	9.66053
170	15000.00000	9.82787
170	15200.00000	9.82787
170	15400.00000	9.82787
170	15600.00000	9.82787
170	15800.00000	9.51515
170	16000.00000	9.51515
170	16200.00000	9.51515
170	16400.00000	9.51515
170	16600.00000	9.51515
170	16800.00000	9.45232
170	17000.00000	9.45232
170	17200.00000	9.45232
170	17400.00000	9.45232
170	17600.00000	9.45232
170	17800.00000	9.04187
170	18000.00000	9.04187
170	18200.00000	9.04187
170	18400.00000	9.04187
170	18600.00000	9.04187
170	18800.00000	9.34187
170	19000.00000	9.34187
170	19200.00000	9.34187
170	19400.00000	9.34187
170	19600.00000	9.34187
170	19800.00000	9.82360
170	20000.00000	9.82360
171	0.00000	10.02175
171	200.00000	10.02175
171	400.00000	10.02175
171	600.00000	10.02175
171	800.00000	10.02175
171	1000.00000	10.07428
171	1200.00000	10.07428
171	1400.00000	10.07428
171	1600.00000	10.07428
171	1800.00000	10.07428
171	2000.00000	9.55225
171	2200.00000	9.55225
171	2400.00000	9.55225
171	2600.00000	9.55225
171	2800.00000	9.55225
171	3000.00000	9.22721
171	3200.00000	9.22721
171	3400.00000	9.22721
171	3600.00000	9.22721
171	3800.00000	9.22721
171	4000.00000	8.98564
171	4200.00000	8.98564
171	4400.00000	8.98564
171	4600.00000	8.98564
171	4800.00000	8.98564
171	5000.00000	8.86587
171	5200.00000	8.86587
171	5400.00000	8.86587
171	5600.00000	8.86587
171	5800.00000	8.86587
171	6000.00000	9.01931
171	6200.00000	9.01931
171	6400.00000	9.01931
171	6600.00000	9.01931
171	6800.00000	9.01931
171	7000.00000	9.48937
171	7200.00000	9.48937
171	7400.00000	9.48937
171	7600.00000	9.48937
171	7800.00000	9.48937
171	8000.00000	9.21682
171	8200.00000	9.21682
171	8400.00000	9.21682
171	8600.00000	9.21682
171	8800.00000	9.21682
171	9000.00000	9.13553
171	9200.00000	9.13553
171	9400.00000	9.13553
171	9600.00000	9.13553
171	9800.00000	9.13553
171	10000.00000	9.64405
171	10200.00000	9.64405
171	10400.00000	9.64405
171	10600.00000	9.64405
171	10800.00000	9.64405
171	11000.00000	9.72182
171	11200.00000	9.72182
171	11400.00000	9.72182
171	11600.00000	9.72182
171	11800.00000	9.72182
171	12000.00000	9.57155
171	12200.00000	9.57155
171	12400.00000	9.57155
171	12600.00000	9.57155
171	12800.00000	9.57155
171	13000.00000	9.37182
171	13200.00000	9.37182
171	13400.00000	9.37182
171	13600.00000	9.37182
171	13800.00000	9.37182
171	14000.00000	9.85725
171	14200.00000	9.85725
171	14400.00000	9.85725
171	14600.00000	9.85725
171	14800.00000	9.85725
171	15000.00000	9.42235
171	15200.00000	9.42235
171	15400.00000	9.42235
171	15600.00000	9.42235
171	15800.00000	9.14016
171	16000.00000	9.14016
171	16200.00000	9.14016
171	16400.00000	9.14016
171	16600.00000	9.14016
171	16800.00000	9.68428
171	17000.00000	9.68428
171	17200.00000	9.68428
171	17400.00000	9.68428
171	17600.00000	9.68428
171	17800.00000	9.39638
171	18000.00000	9.39638
171	18200.00000	9.39638
171	18400.00000	9.39638
171	18600.00000	9.39638
171	18800.00000	9.16736
171	19000.00000	9.16736
171	19200.00000	9.16736
171	19400.00000	9.16736
171	19600.00000	9.16736
171	19800.00000	9.28074
171	20000.00000	9.28074
172	0.00000	9.93244
172	200.00000	9.93244
172	400.00000	9.93244
172	600.00000	9.93244
172	800.00000	9.93244
172	1000.00000	10.36494
172	1200.00000	10.36494
172	1400.00000	10.36494
172	1600.00000	10.36494
172	1800.00000	10.36494
172	2000.00000	9.48580
172	2200.00000	9.48580
172	2400.00000	9.48580
172	2600.00000	9.48580
172	2800.00000	9.48580
172	3000.00000	9.05060
172	3200.00000	9.05060
172	3400.00000	9.05060
172	3600.00000	9.05060
172	3800.00000	9.05060
172	4000.00000	9.16391
172	4200.00000	9.16391
172	4400.00000	9.16391
172	4600.00000	9.16391
172	4800.00000	9.16391
172	5000.00000	9.42015
172	5200.00000	9.42015
172	5400.00000	9.42015
172	5600.00000	9.42015
172	5800.00000	9.42015
172	6000.00000	9.99326
172	6200.00000	9.99326
172	6400.00000	9.99326
172	6600.00000	9.99326
172	6800.00000	9.99326
172	7000.00000	9.05381
172	7200.00000	9.05381
172	7400.00000	9.05381
172	7600.00000	9.05381
172	7800.00000	9.05381
172	8000.00000	8.63479
172	8200.00000	8.63479
172	8400.00000	8.63479
172	8600.00000	8.63479
172	8800.00000	8.63479
172	9000.00000	9.04768
172	9200.00000	9.04768
172	9400.00000	9.04768
172	9600.00000	9.04768
172	9800.00000	9.04768
172	10000.00000	8.74528
172	10200.00000	8.74528
172	10400.00000	8.74528
172	10600.00000	8.74528
172	10800.00000	8.74528
172	11000.00000	8.60754
172	11200.00000	8.60754
172	11400.00000	8.60754
172	11600.00000	8.60754
172	11800.00000	8.60754
172	12000.00000	8.94439
172	12200.00000	8.94439
172	12400.00000	8.94439
172	12600.00000	8.94439
172	12800.00000	8.94439
172	13000.00000	9.24105
172	13200.00000	9.24105
172	13400.00000	9.24105
172	13600.00000	9.24105
172	13800.00000	9.24105
172	14000.00000	9.60873
172	14200.00000	9.60873
172	14400.00000	9.60873
172	14600.00000	9.60873
172	14800.00000	9.60873
172	15000.00000	9.64236
172	15200.00000	9.64236
172	15400.00000	9.64236
172	15600.00000	9.64236
172	15800.00000	9.63433
172	16000.00000	9.63433
172	16200.00000	9.63433
172	16400.00000	9.63433
172	16600.00000	9.63433
172	16800.00000	9.75804
172	17000.00000	9.75804
172	17200.00000	9.75804
172	17400.00000	9.75804
172	17600.00000	9.75804
172	17800.00000	9.71722
172	18000.00000	9.71722
172	18200.00000	9.71722
172	18400.00000	9.71722
172	18600.00000	9.71722
172	18800.00000	9.70139
172	19000.00000	9.70139
172	19200.00000	9.70139
172	19400.00000	9.70139
172	19600.00000	9.70139
172	19800.00000	9.46877
172	20000.00000	9.46877
173	0.00000	9.93429
173	200.00000	9.93429
173	400.00000	9.93429
173	600.00000	9.93429
173	800.00000	9.93429
173	1000.00000	10.16736
173	1200.00000	10.16736
173	1400.00000	10.16736
173	1600.00000	10.16736
173	1800.00000	10.16736
173	2000.00000	9.74906
173	2200.00000	9.74906
173	2400.00000	9.74906
173	2600.00000	9.74906
173	2800.00000	9.74906
173	3000.00000	8.80735
173	3200.00000	8.80735
173	3400.00000	8.80735
173	3600.00000	8.80735
173	3800.00000	8.80735
173	4000.00000	8.81625
173	4200.00000	8.81625
173	4400.00000	8.81625
173	4600.00000	8.81625
173	4800.00000	8.81625
173	5000.00000	8.80201
173	5200.00000	8.80201
173	5400.00000	8.80201
173	5600.00000	8.80201
173	5800.00000	8.80201
173	6000.00000	8.80376
173	6200.00000	8.80376
173	6400.00000	8.80376
173	6600.00000	8.80376
173	6800.00000	8.80376
173	7000.00000	8.48787
173	7200.00000	8.48787
173	7400.00000	8.48787
173	7600.00000	8.48787
173	7800.00000	8.48787
173	8000.00000	8.94823
173	8200.00000	8.94823
173	8400.00000	8.94823
173	8600.00000	8.94823
173	8800.00000	8.94823
173	9000.00000	8.81195
173	9200.00000	8.81195
173	9400.00000	8.81195
173	9600.00000	8.81195
173	9800.00000	8.81195
173	10000.00000	9.18743
173	10200.00000	9.18743
173	10400.00000	9.18743
173	10600.00000	9.18743
173	10800.00000	9.18743
173	11000.00000	9.42336
173	11200.00000	9.42336
173	11400.00000	9.42336
173	11600.00000	9.42336
173	11800.00000	9.42336
173	12000.00000	9.01686
173	12200.00000	9.01686
173	12400.00000	9.01686
173	12600.00000	9.01686
173	12800.00000	9.01686
173	13000.00000	9.80393
173	13200.00000	9.80393
173	13400.00000	9.80393
173	13600.00000	9.80393
173	13800.00000	9.80393
173	14000.00000	9.71118
173	14200.00000	9.71118
173	14400.00000	9.71118
173	14600.00000	9.71118
173	14800.00000	9.71118
173	15000.00000	9.43072
173	15200.00000	9.43072
173	15400.00000	9.43072
173	15600.00000	9.43072
173	15800.00000	8.57473
173	16000.00000	8.57473
173	16200.00000	8.57473
173	16400.00000	8.57473
173	16600.00000	8.57473
173	16800.00000	8.78406
173	17000.00000	8.78406
173	17200.00000	8.78406
173	17400.00000	8.78406
173	17600.00000	8.78406
173	17800.00000	9.01433
173	18000.00000	9.01433
173	18200.00000	9.01433
173	18400.00000	9.01433
173	18600.00000	9.01433
173	18800.00000	8.53737
173	19000.00000	8.53737
173	19200.00000	8.53737
173	19400.00000	8.53737
173	19600.00000	8.53737
173	19800.00000	8.39046
173	20000.00000	8.39046
174	0.00000	9.85033
174	200.00000	9.85033
174	400.00000	9.85033
174	600.00000	9.85033
174	800.00000	9.85033
174	1000.00000	10.42846
174	1200.00000	10.42846
174	1400.00000	10.42846
174	1600.00000	10.42846
174	1800.00000	10.42846
174	2000.00000	9.24042
174	2200.00000	9.24042
174	2400.00000	9.24042
174	2600.00000	9.24042
174	2800.00000	9.24042
174	3000.00000	8.60674
174	3200.00000	8.60674
174	3400.00000	8.60674
174	3600.00000	8.60674
174	3800.00000	8.60674
174	4000.00000	9.41145
174	4200.00000	9.41145
174	4400.00000	9.41145
174	4600.00000	9.41145
174	4800.00000	9.41145
174	5000.00000	9.28374
174	5200.00000	9.28374
174	5400.00000	9.28374
174	5600.00000	9.28374
174	5800.00000	9.28374
174	6000.00000	8.56573
174	6200.00000	8.56573
174	6400.00000	8.56573
174	6600.00000	8.56573
174	6800.00000	8.56573
174	7000.00000	8.97114
174	7200.00000	8.97114
174	7400.00000	8.97114
174	7600.00000	8.97114
174	7800.00000	8.97114
174	8000.00000	8.55521
174	8200.00000	8.55521
174	8400.00000	8.55521
174	8600.00000	8.55521
174	8800.00000	8.55521
174	9000.00000	8.65720
174	9200.00000	8.65720
174	9400.00000	8.65720
174	9600.00000	8.65720
174	9800.00000	8.65720
174	10000.00000	8.53687
174	10200.00000	8.53687
174	10400.00000	8.53687
174	10600.00000	8.53687
174	10800.00000	8.53687
174	11000.00000	8.99744
174	11200.00000	8.99744
174	11400.00000	8.99744
174	11600.00000	8.99744
174	11800.00000	8.99744
174	12000.00000	9.27236
174	12200.00000	9.27236
174	12400.00000	9.27236
174	12600.00000	9.27236
174	12800.00000	9.27236
174	13000.00000	9.16389
174	13200.00000	9.16389
174	13400.00000	9.16389
174	13600.00000	9.16389
174	13800.00000	9.16389
174	14000.00000	9.45445
174	14200.00000	9.45445
174	14400.00000	9.45445
174	14600.00000	9.45445
174	14800.00000	9.45445
174	15000.00000	9.20374
174	15200.00000	9.20374
174	15400.00000	9.20374
174	15600.00000	9.20374
174	15800.00000	9.04417
174	16000.00000	9.04417
174	16200.00000	9.04417
174	16400.00000	9.04417
174	16600.00000	9.04417
174	16800.00000	9.55258
174	17000.00000	9.55258
174	17200.00000	9.55258
174	17400.00000	9.55258
174	17600.00000	9.55258
174	17800.00000	9.53555
174	18000.00000	9.53555
174	18200.00000	9.53555
174	18400.00000	9.53555
174	18600.00000	9.53555
174	18800.00000	9.47980
174	19000.00000	9.47980
174	19200.00000	9.47980
174	19400.00000	9.47980
174	19600.00000	9.47980
174	19800.00000	9.64921
174	20000.00000	9.64921
175	0.00000	9.67319
175	200.00000	9.67319
175	400.00000	9.67319
175	600.00000	9.67319
175	800.00000	9.67319
175	1000.00000	10.18554
175	1200.00000	10.18554
175	1400.00000	10.18554
175	1600.00000	10.18554
175	1800.00000	10.18554
175	2000.00000	9.24003
175	2200.00000	9.24003
175	2400.00000	9.24003
175	2600.00000	9.24003
175	2800.00000	9.24003
175	3000.00000	8.91508
175	3200.00000	8.91508
175	3400.00000	8.91508
175	3600.00000	8.91508
175	3800.00000	8.91508
175	4000.00000	9.14069
175	4200.00000	9.14069
175	4400.00000	9.14069
175	4600.00000	9.14069
175	4800.00000	9.14069
175	5000.00000	9.09097
175	5200.00000	9.09097
175	5400.00000	9.09097
175	5600.00000	9.09097
175	5800.00000	9.09097
175	6000.00000	9.14525
175	6200.00000	9.14525
175	6400.00000	9.14525
175	6600.00000	9.14525
175	6800.00000	9.14525
175	7000.00000	8.05097
175	7200.00000	8.05097
175	7400.00000	8.05097
175	7600.00000	8.05097
175	7800.00000	8.05097
175	8000.00000	8.46042
175	8200.00000	8.46042
175	8400.00000	8.46042
175	8600.00000	8.46042
175	8800.00000	8.46042
175	9000.00000	8.52683
175	9200.00000	8.52683
175	9400.00000	8.52683
175	9600.00000	8.52683
175	9800.00000	8.52683
175	10000.00000	9.81918
175	10200.00000	9.81918
175	10400.00000	9.81918
175	10600.00000	9.81918
175	10800.00000	9.81918
175	11000.00000	10.42588
175	11200.00000	10.42588
175	11400.00000	10.42588
175	11600.00000	10.42588
175	11800.00000	10.42588
175	12000.00000	10.04447
175	12200.00000	10.04447
175	12400.00000	10.04447
175	12600.00000	10.04447
175	12800.00000	10.04447
175	13000.00000	9.20677
175	13200.00000	9.20677
175	13400.00000	9.20677
175	13600.00000	9.20677
175	13800.00000	9.20677
175	14000.00000	8.98627
175	14200.00000	8.98627
175	14400.00000	8.98627
175	14600.00000	8.98627
175	14800.00000	8.98627
175	15000.00000	9.94125
175	15200.00000	9.94125
175	15400.00000	9.94125
175	15600.00000	9.94125
175	15800.00000	10.11273
175	16000.00000	10.11273
175	16200.00000	10.11273
175	16400.00000	10.11273
175	16600.00000	10.11273
175	16800.00000	9.38847
175	17000.00000	9.38847
175	17200.00000	9.38847
175	17400.00000	9.38847
175	17600.00000	9.38847
175	17800.00000	9.33813
175	18000.00000	9.33813
175	18200.00000	9.33813
175	18400.00000	9.33813
175	18600.00000	9.33813
175	18800.00000	8.64087
175	19000.00000	8.64087
175	19200.00000	8.64087
175	19400.00000	8.64087
175	19600.00000	8.64087
175	19800.00000	8.32200
175	20000.00000	8.32200
176	0.00000	9.92486
176	200.00000	9.92486
176	400.00000	9.92486
176	600.00000	9.92486
176	800.00000	9.92486
176	1000.00000	10.49572
176	1200.00000	10.49572
176	1400.00000	10.49572
176	1600.00000	10.49572
176	1800.00000	10.49572
176	2000.00000	9.39606
176	2200.00000	9.39606
176	2400.00000	9.39606
176	2600.00000	9.39606
176	2800.00000	9.39606
176	3000.00000	9.08191
176	3200.00000	9.08191
176	3400.00000	9.08191
176	3600.00000	9.08191
176	3800.00000	9.08191
176	4000.00000	9.79684
176	4200.00000	9.79684
176	4400.00000	9.79684
176	4600.00000	9.79684
176	4800.00000	9.79684
176	5000.00000	8.91305
176	5200.00000	8.91305
176	5400.00000	8.91305
176	5600.00000	8.91305
176	5800.00000	8.91305
176	6000.00000	8.98070
176	6200.00000	8.98070
176	6400.00000	8.98070
176	6600.00000	8.98070
176	6800.00000	8.98070
176	7000.00000	8.60406
176	7200.00000	8.60406
176	7400.00000	8.60406
176	7600.00000	8.60406
176	7800.00000	8.60406
176	8000.00000	9.34239
176	8200.00000	9.34239
176	8400.00000	9.34239
176	8600.00000	9.34239
176	8800.00000	9.34239
176	9000.00000	8.32284
176	9200.00000	8.32284
176	9400.00000	8.32284
176	9600.00000	8.32284
176	9800.00000	8.32284
176	10000.00000	9.00594
176	10200.00000	9.00594
176	10400.00000	9.00594
176	10600.00000	9.00594
176	10800.00000	9.00594
176	11000.00000	9.56759
176	11200.00000	9.56759
176	11400.00000	9.56759
176	11600.00000	9.56759
176	11800.00000	9.56759
176	12000.00000	9.92565
176	12200.00000	9.92565
176	12400.00000	9.92565
176	12600.00000	9.92565
176	12800.00000	9.92565
176	13000.00000	10.01915
176	13200.00000	10.01915
176	13400.00000	10.01915
176	13600.00000	10.01915
176	13800.00000	10.01915
176	14000.00000	9.92654
176	14200.00000	9.92654
176	14400.00000	9.92654
176	14600.00000	9.92654
176	14800.00000	9.92654
176	15000.00000	9.29668
176	15200.00000	9.29668
176	15400.00000	9.29668
176	15600.00000	9.29668
176	15800.00000	9.46705
176	16000.00000	9.46705
176	16200.00000	9.46705
176	16400.00000	9.46705
176	16600.00000	9.46705
176	16800.00000	9.07513
176	17000.00000	9.07513
176	17200.00000	9.07513
176	17400.00000	9.07513
176	17600.00000	9.07513
176	17800.00000	9.30945
176	18000.00000	9.30945
176	18200.00000	9.30945
176	18400.00000	9.30945
176	18600.00000	9.30945
176	18800.00000	9.69769
176	19000.00000	9.69769
176	19200.00000	9.69769
176	19400.00000	9.69769
176	19600.00000	9.69769
176	19800.00000	9.11840
176	20000.00000	9.11840
177	0.00000	9.92784
177	200.00000	9.92784
177	400.00000	9.92784
177	600.00000	9.92784
177	800.00000	9.92784
177	1000.00000	10.03520
177	1200.00000	10.03520
177	1400.00000	10.03520
177	1600.00000	10.03520
177	1800.00000	10.03520
177	2000.00000	9.62313
177	2200.00000	9.62313
177	2400.00000	9.62313
177	2600.00000	9.62313
177	2800.00000	9.62313
177	3000.00000	8.92341
177	3200.00000	8.92341
177	3400.00000	8.92341
177	3600.00000	8.92341
177	3800.00000	8.92341
177	4000.00000	9.41089
177	4200.00000	9.41089
177	4400.00000	9.41089
177	4600.00000	9.41089
177	4800.00000	9.41089
177	5000.00000	9.14973
177	5200.00000	9.14973
177	5400.00000	9.14973
177	5600.00000	9.14973
177	5800.00000	9.14973
177	6000.00000	9.14827
177	6200.00000	9.14827
177	6400.00000	9.14827
177	6600.00000	9.14827
177	6800.00000	9.14827
177	7000.00000	8.79192
177	7200.00000	8.79192
177	7400.00000	8.79192
177	7600.00000	8.79192
177	7800.00000	8.79192
177	8000.00000	8.68329
177	8200.00000	8.68329
177	8400.00000	8.68329
177	8600.00000	8.68329
177	8800.00000	8.68329
177	9000.00000	8.86807
177	9200.00000	8.86807
177	9400.00000	8.86807
177	9600.00000	8.86807
177	9800.00000	8.86807
177	10000.00000	8.86694
177	10200.00000	8.86694
177	10400.00000	8.86694
177	10600.00000	8.86694
177	10800.00000	8.86694
177	11000.00000	9.21407
177	11200.00000	9.21407
177	11400.00000	9.21407
177	11600.00000	9.21407
177	11800.00000	9.21407
177	12000.00000	9.31335
177	12200.00000	9.31335
177	12400.00000	9.31335
177	12600.00000	9.31335
177	12800.00000	9.31335
177	13000.00000	9.37955
177	13200.00000	9.37955
177	13400.00000	9.37955
177	13600.00000	9.37955
177	13800.00000	9.37955
177	14000.00000	8.97145
177	14200.00000	8.97145
177	14400.00000	8.97145
177	14600.00000	8.97145
177	14800.00000	8.97145
177	15000.00000	8.95593
177	15200.00000	8.95593
177	15400.00000	8.95593
177	15600.00000	8.95593
177	15800.00000	8.51904
177	16000.00000	8.51904
177	16200.00000	8.51904
177	16400.00000	8.51904
177	16600.00000	8.51904
177	16800.00000	9.28577
177	17000.00000	9.28577
177	17200.00000	9.28577
177	17400.00000	9.28577
177	17600.00000	9.28577
177	17800.00000	8.99339
177	18000.00000	8.99339
177	18200.00000	8.99339
177	18400.00000	8.99339
177	18600.00000	8.99339
177	18800.00000	9.43923
177	19000.00000	9.43923
177	19200.00000	9.43923
177	19400.00000	9.43923
177	19600.00000	9.43923
177	19800.00000	9.58724
177	20000.00000	9.58724
178	0.00000	10.03290
178	200.00000	10.03290
178	400.00000	10.03290
178	600.00000	10.03290
178	800.00000	10.03290
178	1000.00000	10.05179
178	1200.00000	10.05179
178	1400.00000	10.05179
178	1600.00000	10.05179
178	1800.00000	10.05179
178	2000.00000	9.62690
178	2200.00000	9.62690
178	2400.00000	9.62690
178	2600.00000	9.62690
178	2800.00000	9.62690
178	3000.00000	8.95792
178	3200.00000	8.95792
178	3400.00000	8.95792
178	3600.00000	8.95792
178	3800.00000	8.95792
178	4000.00000	9.30075
178	4200.00000	9.30075
178	4400.00000	9.30075
178	4600.00000	9.30075
178	4800.00000	9.30075
178	5000.00000	8.95276
178	5200.00000	8.95276
178	5400.00000	8.95276
178	5600.00000	8.95276
178	5800.00000	8.95276
178	6000.00000	8.91739
178	6200.00000	8.91739
178	6400.00000	8.91739
178	6600.00000	8.91739
178	6800.00000	8.91739
178	7000.00000	9.21479
178	7200.00000	9.21479
178	7400.00000	9.21479
178	7600.00000	9.21479
178	7800.00000	9.21479
178	8000.00000	9.08266
178	8200.00000	9.08266
178	8400.00000	9.08266
178	8600.00000	9.08266
178	8800.00000	9.08266
178	9000.00000	9.02866
178	9200.00000	9.02866
178	9400.00000	9.02866
178	9600.00000	9.02866
178	9800.00000	9.02866
178	10000.00000	9.44050
178	10200.00000	9.44050
178	10400.00000	9.44050
178	10600.00000	9.44050
178	10800.00000	9.44050
178	11000.00000	9.51443
178	11200.00000	9.51443
178	11400.00000	9.51443
178	11600.00000	9.51443
178	11800.00000	9.51443
178	12000.00000	9.86960
178	12200.00000	9.86960
178	12400.00000	9.86960
178	12600.00000	9.86960
178	12800.00000	9.86960
178	13000.00000	9.65630
178	13200.00000	9.65630
178	13400.00000	9.65630
178	13600.00000	9.65630
178	13800.00000	9.65630
178	14000.00000	9.46860
178	14200.00000	9.46860
178	14400.00000	9.46860
178	14600.00000	9.46860
178	14800.00000	9.46860
178	15000.00000	9.39131
178	15200.00000	9.39131
178	15400.00000	9.39131
178	15600.00000	9.39131
178	15800.00000	9.24979
178	16000.00000	9.24979
178	16200.00000	9.24979
178	16400.00000	9.24979
178	16600.00000	9.24979
178	16800.00000	9.53752
178	17000.00000	9.53752
178	17200.00000	9.53752
178	17400.00000	9.53752
178	17600.00000	9.53752
178	17800.00000	9.45454
178	18000.00000	9.45454
178	18200.00000	9.45454
178	18400.00000	9.45454
178	18600.00000	9.45454
178	18800.00000	9.56239
178	19000.00000	9.56239
178	19200.00000	9.56239
178	19400.00000	9.56239
178	19600.00000	9.56239
178	19800.00000	9.75805
178	20000.00000	9.75805
179	0.00000	9.79612
179	200.00000	9.79612
179	400.00000	9.79612
179	600.00000	9.79612
179	800.00000	9.79612
179	1000.00000	10.28722
179	1200.00000	10.28722
179	1400.00000	10.28722
179	1600.00000	10.28722
179	1800.00000	10.28722
179	2000.00000	9.69985
179	2200.00000	9.69985
179	2400.00000	9.69985
179	2600.00000	9.69985
179	2800.00000	9.69985
179	3000.00000	9.11530
179	3200.00000	9.11530
179	3400.00000	9.11530
179	3600.00000	9.11530
179	3800.00000	9.11530
179	4000.00000	9.12261
179	4200.00000	9.12261
179	4400.00000	9.12261
179	4600.00000	9.12261
179	4800.00000	9.12261
179	5000.00000	9.17888
179	5200.00000	9.17888
179	5400.00000	9.17888
179	5600.00000	9.17888
179	5800.00000	9.17888
179	6000.00000	9.22268
179	6200.00000	9.22268
179	6400.00000	9.22268
179	6600.00000	9.22268
179	6800.00000	9.22268
179	7000.00000	9.00840
179	7200.00000	9.00840
179	7400.00000	9.00840
179	7600.00000	9.00840
179	7800.00000	9.00840
179	8000.00000	8.79069
179	8200.00000	8.79069
179	8400.00000	8.79069
179	8600.00000	8.79069
179	8800.00000	8.79069
179	9000.00000	8.57271
179	9200.00000	8.57271
179	9400.00000	8.57271
179	9600.00000	8.57271
179	9800.00000	8.57271
179	10000.00000	9.09873
179	10200.00000	9.09873
179	10400.00000	9.09873
179	10600.00000	9.09873
179	10800.00000	9.09873
179	11000.00000	9.12543
179	11200.00000	9.12543
179	11400.00000	9.12543
179	11600.00000	9.12543
179	11800.00000	9.12543
179	12000.00000	9.04696
179	12200.00000	9.04696
179	12400.00000	9.04696
179	12600.00000	9.04696
179	12800.00000	9.04696
179	13000.00000	9.30288
179	13200.00000	9.30288
179	13400.00000	9.30288
179	13600.00000	9.30288
179	13800.00000	9.30288
179	14000.00000	9.10163
179	14200.00000	9.10163
179	14400.00000	9.10163
179	14600.00000	9.10163
179	14800.00000	9.10163
179	15000.00000	8.91743
179	15200.00000	8.91743
179	15400.00000	8.91743
179	15600.00000	8.91743
179	15800.00000	9.02023
179	16000.00000	9.02023
179	16200.00000	9.02023
179	16400.00000	9.02023
179	16600.00000	9.02023
179	16800.00000	9.09843
179	17000.00000	9.09843
179	17200.00000	9.09843
179	17400.00000	9.09843
179	17600.00000	9.09843
179	17800.00000	9.12790
179	18000.00000	9.12790
179	18200.00000	9.12790
179	18400.00000	9.12790
179	18600.00000	9.12790
179	18800.00000	9.48863
179	19000.00000	9.48863
179	19200.00000	9.48863
179	19400.00000	9.48863
179	19600.00000	9.48863
179	19800.00000	9.82087
179	20000.00000	9.82087
180	0.00000	10.07226
180	200.00000	10.07226
180	400.00000	10.07226
180	600.00000	10.07226
180	800.00000	10.07226
180	1000.00000	10.18468
180	1200.00000	10.18468
180	1400.00000	10.18468
180	1600.00000	10.18468
180	1800.00000	10.18468
180	2000.00000	9.34837
180	2200.00000	9.34837
180	2400.00000	9.34837
180	2600.00000	9.34837
180	2800.00000	9.34837
180	3000.00000	9.25768
180	3200.00000	9.25768
180	3400.00000	9.25768
180	3600.00000	9.25768
180	3800.00000	9.25768
180	4000.00000	9.41430
180	4200.00000	9.41430
180	4400.00000	9.41430
180	4600.00000	9.41430
180	4800.00000	9.41430
180	5000.00000	9.16218
180	5200.00000	9.16218
180	5400.00000	9.16218
180	5600.00000	9.16218
180	5800.00000	9.16218
180	6000.00000	9.02592
180	6200.00000	9.02592
180	6400.00000	9.02592
180	6600.00000	9.02592
180	6800.00000	9.02592
180	7000.00000	9.36497
180	7200.00000	9.36497
180	7400.00000	9.36497
180	7600.00000	9.36497
180	7800.00000	9.36497
180	8000.00000	9.01192
180	8200.00000	9.01192
180	8400.00000	9.01192
180	8600.00000	9.01192
180	8800.00000	9.01192
180	9000.00000	8.95147
180	9200.00000	8.95147
180	9400.00000	8.95147
180	9600.00000	8.95147
180	9800.00000	8.95147
180	10000.00000	9.53198
180	10200.00000	9.53198
180	10400.00000	9.53198
180	10600.00000	9.53198
180	10800.00000	9.53198
180	11000.00000	9.56822
180	11200.00000	9.56822
180	11400.00000	9.56822
180	11600.00000	9.56822
180	11800.00000	9.56822
180	12000.00000	10.16997
180	12200.00000	10.16997
180	12400.00000	10.16997
180	12600.00000	10.16997
180	12800.00000	10.16997
180	13000.00000	10.12763
180	13200.00000	10.12763
180	13400.00000	10.12763
180	13600.00000	10.12763
180	13800.00000	10.12763
180	14000.00000	9.76499
180	14200.00000	9.76499
180	14400.00000	9.76499
180	14600.00000	9.76499
180	14800.00000	9.76499
180	15000.00000	9.53224
180	15200.00000	9.53224
180	15400.00000	9.53224
180	15600.00000	9.53224
180	15800.00000	9.90075
180	16000.00000	9.90075
180	16200.00000	9.90075
180	16400.00000	9.90075
180	16600.00000	9.90075
180	16800.00000	9.71016
180	17000.00000	9.71016
180	17200.00000	9.71016
180	17400.00000	9.71016
180	17600.00000	9.71016
180	17800.00000	9.66560
180	18000.00000	9.66560
180	18200.00000	9.66560
180	18400.00000	9.66560
180	18600.00000	9.66560
180	18800.00000	9.65387
180	19000.00000	9.65387
180	19200.00000	9.65387
180	19400.00000	9.65387
180	19600.00000	9.65387
180	19800.00000	9.75680
180	20000.00000	9.75680
181	0.00000	9.85805
181	200.00000	9.85805
181	400.00000	9.85805
181	600.00000	9.85805
181	800.00000	9.85805
181	1000.00000	10.13074
181	1200.00000	10.13074
181	1400.00000	10.13074
181	1600.00000	10.13074
181	1800.00000	10.13074
181	2000.00000	9.64046
181	2200.00000	9.64046
181	2400.00000	9.64046
181	2600.00000	9.64046
181	2800.00000	9.64046
181	3000.00000	9.07654
181	3200.00000	9.07654
181	3400.00000	9.07654
181	3600.00000	9.07654
181	3800.00000	9.07654
181	4000.00000	9.17067
181	4200.00000	9.17067
181	4400.00000	9.17067
181	4600.00000	9.17067
181	4800.00000	9.17067
181	5000.00000	9.01361
181	5200.00000	9.01361
181	5400.00000	9.01361
181	5600.00000	9.01361
181	5800.00000	9.01361
181	6000.00000	8.87887
181	6200.00000	8.87887
181	6400.00000	8.87887
181	6600.00000	8.87887
181	6800.00000	8.87887
181	7000.00000	8.86165
181	7200.00000	8.86165
181	7400.00000	8.86165
181	7600.00000	8.86165
181	7800.00000	8.86165
181	8000.00000	8.99982
181	8200.00000	8.99982
181	8400.00000	8.99982
181	8600.00000	8.99982
181	8800.00000	8.99982
181	9000.00000	9.01992
181	9200.00000	9.01992
181	9400.00000	9.01992
181	9600.00000	9.01992
181	9800.00000	9.01992
181	10000.00000	9.13558
181	10200.00000	9.13558
181	10400.00000	9.13558
181	10600.00000	9.13558
181	10800.00000	9.13558
181	11000.00000	9.14801
181	11200.00000	9.14801
181	11400.00000	9.14801
181	11600.00000	9.14801
181	11800.00000	9.14801
181	12000.00000	9.08512
181	12200.00000	9.08512
181	12400.00000	9.08512
181	12600.00000	9.08512
181	12800.00000	9.08512
181	13000.00000	9.37497
181	13200.00000	9.37497
181	13400.00000	9.37497
181	13600.00000	9.37497
181	13800.00000	9.37497
181	14000.00000	9.65926
181	14200.00000	9.65926
181	14400.00000	9.65926
181	14600.00000	9.65926
181	14800.00000	9.65926
181	15000.00000	9.39918
181	15200.00000	9.39918
181	15400.00000	9.39918
181	15600.00000	9.39918
181	15800.00000	9.06707
181	16000.00000	9.06707
181	16200.00000	9.06707
181	16400.00000	9.06707
181	16600.00000	9.06707
181	16800.00000	9.28674
181	17000.00000	9.28674
181	17200.00000	9.28674
181	17400.00000	9.28674
181	17600.00000	9.28674
181	17800.00000	9.22977
181	18000.00000	9.22977
181	18200.00000	9.22977
181	18400.00000	9.22977
181	18600.00000	9.22977
181	18800.00000	9.35260
181	19000.00000	9.35260
181	19200.00000	9.35260
181	19400.00000	9.35260
181	19600.00000	9.35260
181	19800.00000	9.15794
181	20000.00000	9.15794
182	0.00000	9.95627
182	200.00000	9.95627
182	400.00000	9.95627
182	600.00000	9.95627
182	800.00000	9.95627
182	1000.00000	10.33252
182	1200.00000	10.33252
182	1400.00000	10.33252
182	1600.00000	10.33252
182	1800.00000	10.33252
182	2000.00000	9.51974
182	2200.00000	9.51974
182	2400.00000	9.51974
182	2600.00000	9.51974
182	2800.00000	9.51974
182	3000.00000	8.95424
182	3200.00000	8.95424
182	3400.00000	8.95424
182	3600.00000	8.95424
182	3800.00000	8.95424
182	4000.00000	8.97253
182	4200.00000	8.97253
182	4400.00000	8.97253
182	4600.00000	8.97253
182	4800.00000	8.97253
182	5000.00000	9.04223
182	5200.00000	9.04223
182	5400.00000	9.04223
182	5600.00000	9.04223
182	5800.00000	9.04223
182	6000.00000	8.95265
182	6200.00000	8.95265
182	6400.00000	8.95265
182	6600.00000	8.95265
182	6800.00000	8.95265
182	7000.00000	8.98089
182	7200.00000	8.98089
182	7400.00000	8.98089
182	7600.00000	8.98089
182	7800.00000	8.98089
182	8000.00000	8.55527
182	8200.00000	8.55527
182	8400.00000	8.55527
182	8600.00000	8.55527
182	8800.00000	8.55527
182	9000.00000	8.87715
182	9200.00000	8.87715
182	9400.00000	8.87715
182	9600.00000	8.87715
182	9800.00000	8.87715
182	10000.00000	9.07776
182	10200.00000	9.07776
182	10400.00000	9.07776
182	10600.00000	9.07776
182	10800.00000	9.07776
182	11000.00000	9.05015
182	11200.00000	9.05015
182	11400.00000	9.05015
182	11600.00000	9.05015
182	11800.00000	9.05015
182	12000.00000	9.09548
182	12200.00000	9.09548
182	12400.00000	9.09548
182	12600.00000	9.09548
182	12800.00000	9.09548
182	13000.00000	8.95241
182	13200.00000	8.95241
182	13400.00000	8.95241
182	13600.00000	8.95241
182	13800.00000	8.95241
182	14000.00000	9.30725
182	14200.00000	9.30725
182	14400.00000	9.30725
182	14600.00000	9.30725
182	14800.00000	9.30725
182	15000.00000	9.55933
182	15200.00000	9.55933
182	15400.00000	9.55933
182	15600.00000	9.55933
182	15800.00000	9.31954
182	16000.00000	9.31954
182	16200.00000	9.31954
182	16400.00000	9.31954
182	16600.00000	9.31954
182	16800.00000	9.41299
182	17000.00000	9.41299
182	17200.00000	9.41299
182	17400.00000	9.41299
182	17600.00000	9.41299
182	17800.00000	9.61184
182	18000.00000	9.61184
182	18200.00000	9.61184
182	18400.00000	9.61184
182	18600.00000	9.61184
182	18800.00000	9.57497
182	19000.00000	9.57497
182	19200.00000	9.57497
182	19400.00000	9.57497
182	19600.00000	9.57497
182	19800.00000	9.59416
182	20000.00000	9.59416
183	0.00000	9.95508
183	200.00000	9.95508
183	400.00000	9.95508
183	600.00000	9.95508
183	800.00000	9.95508
183	1000.00000	10.28974
183	1200.00000	10.28974
183	1400.00000	10.28974
183	1600.00000	10.28974
183	1800.00000	10.28974
183	2000.00000	9.50140
183	2200.00000	9.50140
183	2400.00000	9.50140
183	2600.00000	9.50140
183	2800.00000	9.50140
183	3000.00000	9.02634
183	3200.00000	9.02634
183	3400.00000	9.02634
183	3600.00000	9.02634
183	3800.00000	9.02634
183	4000.00000	9.59776
183	4200.00000	9.59776
183	4400.00000	9.59776
183	4600.00000	9.59776
183	4800.00000	9.59776
183	5000.00000	9.16298
183	5200.00000	9.16298
183	5400.00000	9.16298
183	5600.00000	9.16298
183	5800.00000	9.16298
183	6000.00000	8.44296
183	6200.00000	8.44296
183	6400.00000	8.44296
183	6600.00000	8.44296
183	6800.00000	8.44296
183	7000.00000	8.81639
183	7200.00000	8.81639
183	7400.00000	8.81639
183	7600.00000	8.81639
183	7800.00000	8.81639
183	8000.00000	8.20465
183	8200.00000	8.20465
183	8400.00000	8.20465
183	8600.00000	8.20465
183	8800.00000	8.20465
183	9000.00000	9.07401
183	9200.00000	9.07401
183	9400.00000	9.07401
183	9600.00000	9.07401
183	9800.00000	9.07401
183	10000.00000	9.31942
183	10200.00000	9.31942
183	10400.00000	9.31942
183	10600.00000	9.31942
183	10800.00000	9.31942
183	11000.00000	9.71672
183	11200.00000	9.71672
183	11400.00000	9.71672
183	11600.00000	9.71672
183	11800.00000	9.71672
183	12000.00000	9.22193
183	12200.00000	9.22193
183	12400.00000	9.22193
183	12600.00000	9.22193
183	12800.00000	9.22193
183	13000.00000	9.25681
183	13200.00000	9.25681
183	13400.00000	9.25681
183	13600.00000	9.25681
183	13800.00000	9.25681
183	14000.00000	9.71399
183	14200.00000	9.71399
183	14400.00000	9.71399
183	14600.00000	9.71399
183	14800.00000	9.71399
183	15000.00000	9.55752
183	15200.00000	9.55752
183	15400.00000	9.55752
183	15600.00000	9.55752
183	15800.00000	10.23918
183	16000.00000	10.23918
183	16200.00000	10.23918
183	16400.00000	10.23918
183	16600.00000	10.23918
183	16800.00000	9.94688
183	17000.00000	9.94688
183	17200.00000	9.94688
183	17400.00000	9.94688
183	17600.00000	9.94688
183	17800.00000	9.84337
183	18000.00000	9.84337
183	18200.00000	9.84337
183	18400.00000	9.84337
183	18600.00000	9.84337
183	18800.00000	8.92559
183	19000.00000	8.92559
183	19200.00000	8.92559
183	19400.00000	8.92559
183	19600.00000	8.92559
183	19800.00000	8.81365
183	20000.00000	8.81365
184	0.00000	9.82137
184	200.00000	9.82137
184	400.00000	9.82137
184	600.00000	9.82137
184	800.00000	9.82137
184	1000.00000	10.18807
184	1200.00000	10.18807
184	1400.00000	10.18807
184	1600.00000	10.18807
184	1800.00000	10.18807
184	2000.00000	9.40694
184	2200.00000	9.40694
184	2400.00000	9.40694
184	2600.00000	9.40694
184	2800.00000	9.40694
184	3000.00000	8.94975
184	3200.00000	8.94975
184	3400.00000	8.94975
184	3600.00000	8.94975
184	3800.00000	8.94975
184	4000.00000	9.19365
184	4200.00000	9.19365
184	4400.00000	9.19365
184	4600.00000	9.19365
184	4800.00000	9.19365
184	5000.00000	8.96635
184	5200.00000	8.96635
184	5400.00000	8.96635
184	5600.00000	8.96635
184	5800.00000	8.96635
184	6000.00000	8.89771
184	6200.00000	8.89771
184	6400.00000	8.89771
184	6600.00000	8.89771
184	6800.00000	8.89771
184	7000.00000	8.62478
184	7200.00000	8.62478
184	7400.00000	8.62478
184	7600.00000	8.62478
184	7800.00000	8.62478
184	8000.00000	8.85846
184	8200.00000	8.85846
184	8400.00000	8.85846
184	8600.00000	8.85846
184	8800.00000	8.85846
184	9000.00000	9.38869
184	9200.00000	9.38869
184	9400.00000	9.38869
184	9600.00000	9.38869
184	9800.00000	9.38869
184	10000.00000	9.40109
184	10200.00000	9.40109
184	10400.00000	9.40109
184	10600.00000	9.40109
184	10800.00000	9.40109
184	11000.00000	9.48304
184	11200.00000	9.48304
184	11400.00000	9.48304
184	11600.00000	9.48304
184	11800.00000	9.48304
184	12000.00000	9.47936
184	12200.00000	9.47936
184	12400.00000	9.47936
184	12600.00000	9.47936
184	12800.00000	9.47936
184	13000.00000	9.41243
184	13200.00000	9.41243
184	13400.00000	9.41243
184	13600.00000	9.41243
184	13800.00000	9.41243
184	14000.00000	9.18102
184	14200.00000	9.18102
184	14400.00000	9.18102
184	14600.00000	9.18102
184	14800.00000	9.18102
184	15000.00000	9.42351
184	15200.00000	9.42351
184	15400.00000	9.42351
184	15600.00000	9.42351
184	15800.00000	9.30921
184	16000.00000	9.30921
184	16200.00000	9.30921
184	16400.00000	9.30921
184	16600.00000	9.30921
184	16800.00000	9.45968
184	17000.00000	9.45968
184	17200.00000	9.45968
184	17400.00000	9.45968
184	17600.00000	9.45968
184	17800.00000	9.10739
184	18000.00000	9.10739
184	18200.00000	9.10739
184	18400.00000	9.10739
184	18600.00000	9.10739
184	18800.00000	9.01338
184	19000.00000	9.01338
184	19200.00000	9.01338
184	19400.00000	9.01338
184	19600.00000	9.01338
184	19800.00000	9.03821
184	20000.00000	9.03821
185	0.00000	9.91191
185	200.00000	9.91191
185	400.00000	9.91191
185	600.00000	9.91191
185	800.00000	9.91191
185	1000.00000	10.02270
185	1200.00000	10.02270
185	1400.00000	10.02270
185	1600.00000	10.02270
185	1800.00000	10.02270
185	2000.00000	9.65848
185	2200.00000	9.65848
185	2400.00000	9.65848
185	2600.00000	9.65848
185	2800.00000	9.65848
185	3000.00000	9.15040
185	3200.00000	9.15040
185	3400.00000	9.15040
185	3600.00000	9.15040
185	3800.00000	9.15040
185	4000.00000	9.05729
185	4200.00000	9.05729
185	4400.00000	9.05729
185	4600.00000	9.05729
185	4800.00000	9.05729
185	5000.00000	9.19716
185	5200.00000	9.19716
185	5400.00000	9.19716
185	5600.00000	9.19716
185	5800.00000	9.19716
185	6000.00000	8.77485
185	6200.00000	8.77485
185	6400.00000	8.77485
185	6600.00000	8.77485
185	6800.00000	8.77485
185	7000.00000	8.67884
185	7200.00000	8.67884
185	7400.00000	8.67884
185	7600.00000	8.67884
185	7800.00000	8.67884
185	8000.00000	8.71388
185	8200.00000	8.71388
185	8400.00000	8.71388
185	8600.00000	8.71388
185	8800.00000	8.71388
185	9000.00000	9.02294
185	9200.00000	9.02294
185	9400.00000	9.02294
185	9600.00000	9.02294
185	9800.00000	9.02294
185	10000.00000	9.67828
185	10200.00000	9.67828
185	10400.00000	9.67828
185	10600.00000	9.67828
185	10800.00000	9.67828
185	11000.00000	9.83073
185	11200.00000	9.83073
185	11400.00000	9.83073
185	11600.00000	9.83073
185	11800.00000	9.83073
185	12000.00000	9.68357
185	12200.00000	9.68357
185	12400.00000	9.68357
185	12600.00000	9.68357
185	12800.00000	9.68357
185	13000.00000	9.49930
185	13200.00000	9.49930
185	13400.00000	9.49930
185	13600.00000	9.49930
185	13800.00000	9.49930
185	14000.00000	9.30620
185	14200.00000	9.30620
185	14400.00000	9.30620
185	14600.00000	9.30620
185	14800.00000	9.30620
185	15000.00000	9.43914
185	15200.00000	9.43914
185	15400.00000	9.43914
185	15600.00000	9.43914
185	15800.00000	9.21295
185	16000.00000	9.21295
185	16200.00000	9.21295
185	16400.00000	9.21295
185	16600.00000	9.21295
185	16800.00000	9.56457
185	17000.00000	9.56457
185	17200.00000	9.56457
185	17400.00000	9.56457
185	17600.00000	9.56457
185	17800.00000	9.38062
185	18000.00000	9.38062
185	18200.00000	9.38062
185	18400.00000	9.38062
185	18600.00000	9.38062
185	18800.00000	9.61683
185	19000.00000	9.61683
185	19200.00000	9.61683
185	19400.00000	9.61683
185	19600.00000	9.61683
185	19800.00000	9.71123
185	20000.00000	9.71123
186	0.00000	9.79472
186	200.00000	9.79472
186	400.00000	9.79472
186	600.00000	9.79472
186	800.00000	9.79472
186	1000.00000	10.18344
186	1200.00000	10.18344
186	1400.00000	10.18344
186	1600.00000	10.18344
186	1800.00000	10.18344
186	2000.00000	9.36275
186	2200.00000	9.36275
186	2400.00000	9.36275
186	2600.00000	9.36275
186	2800.00000	9.36275
186	3000.00000	9.27841
186	3200.00000	9.27841
186	3400.00000	9.27841
186	3600.00000	9.27841
186	3800.00000	9.27841
186	4000.00000	9.30220
186	4200.00000	9.30220
186	4400.00000	9.30220
186	4600.00000	9.30220
186	4800.00000	9.30220
186	5000.00000	9.07920
186	5200.00000	9.07920
186	5400.00000	9.07920
186	5600.00000	9.07920
186	5800.00000	9.07920
186	6000.00000	8.77122
186	6200.00000	8.77122
186	6400.00000	8.77122
186	6600.00000	8.77122
186	6800.00000	8.77122
186	7000.00000	8.68069
186	7200.00000	8.68069
186	7400.00000	8.68069
186	7600.00000	8.68069
186	7800.00000	8.68069
186	8000.00000	8.92083
186	8200.00000	8.92083
186	8400.00000	8.92083
186	8600.00000	8.92083
186	8800.00000	8.92083
186	9000.00000	8.90706
186	9200.00000	8.90706
186	9400.00000	8.90706
186	9600.00000	8.90706
186	9800.00000	8.90706
186	10000.00000	9.01684
186	10200.00000	9.01684
186	10400.00000	9.01684
186	10600.00000	9.01684
186	10800.00000	9.01684
186	11000.00000	9.21218
186	11200.00000	9.21218
186	11400.00000	9.21218
186	11600.00000	9.21218
186	11800.00000	9.21218
186	12000.00000	9.84553
186	12200.00000	9.84553
186	12400.00000	9.84553
186	12600.00000	9.84553
186	12800.00000	9.84553
186	13000.00000	9.81725
186	13200.00000	9.81725
186	13400.00000	9.81725
186	13600.00000	9.81725
186	13800.00000	9.81725
186	14000.00000	10.18242
186	14200.00000	10.18242
186	14400.00000	10.18242
186	14600.00000	10.18242
186	14800.00000	10.18242
186	15000.00000	10.05002
186	15200.00000	10.05002
186	15400.00000	10.05002
186	15600.00000	10.05002
186	15800.00000	10.13371
186	16000.00000	10.13371
186	16200.00000	10.13371
186	16400.00000	10.13371
186	16600.00000	10.13371
186	16800.00000	9.66298
186	17000.00000	9.66298
186	17200.00000	9.66298
186	17400.00000	9.66298
186	17600.00000	9.66298
186	17800.00000	9.58758
186	18000.00000	9.58758
186	18200.00000	9.58758
186	18400.00000	9.58758
186	18600.00000	9.58758
186	18800.00000	9.75475
186	19000.00000	9.75475
186	19200.00000	9.75475
186	19400.00000	9.75475
186	19600.00000	9.75475
186	19800.00000	9.21928
186	20000.00000	9.21928
187	0.00000	9.73329
187	200.00000	9.73329
187	400.00000	9.73329
187	600.00000	9.73329
187	800.00000	9.73329
187	1000.00000	10.30301
187	1200.00000	10.30301
187	1400.00000	10.30301
187	1600.00000	10.30301
187	1800.00000	10.30301
187	2000.00000	9.73749
187	2200.00000	9.73749
187	2400.00000	9.73749
187	2600.00000	9.73749
187	2800.00000	9.73749
187	3000.00000	8.70795
187	3200.00000	8.70795
187	3400.00000	8.70795
187	3600.00000	8.70795
187	3800.00000	8.70795
187	4000.00000	9.57287
187	4200.00000	9.57287
187	4400.00000	9.57287
187	4600.00000	9.57287
187	4800.00000	9.57287
187	5000.00000	9.00935
187	5200.00000	9.00935
187	5400.00000	9.00935
187	5600.00000	9.00935
187	5800.00000	9.00935
187	6000.00000	9.00830
187	6200.00000	9.00830
187	6400.00000	9.00830
187	6600.00000	9.00830
187	6800.00000	9.00830
187	7000.00000	9.15469
187	7200.00000	9.15469
187	7400.00000	9.15469
187	7600.00000	9.15469
187	7800.00000	9.15469
187	8000.00000	8.77840
187	8200.00000	8.77840
187	8400.00000	8.77840
187	8600.00000	8.77840
187	8800.00000	8.77840
187	9000.00000	8.38626
187	9200.00000	8.38626
187	9400.00000	8.38626
187	9600.00000	8.38626
187	9800.00000	8.38626
187	10000.00000	9.31028
187	10200.00000	9.31028
187	10400.00000	9.31028
187	10600.00000	9.31028
187	10800.00000	9.31028
187	11000.00000	9.59807
187	11200.00000	9.59807
187	11400.00000	9.59807
187	11600.00000	9.59807
187	11800.00000	9.59807
187	12000.00000	9.49989
187	12200.00000	9.49989
187	12400.00000	9.49989
187	12600.00000	9.49989
187	12800.00000	9.49989
187	13000.00000	9.89927
187	13200.00000	9.89927
187	13400.00000	9.89927
187	13600.00000	9.89927
187	13800.00000	9.89927
187	14000.00000	9.57719
187	14200.00000	9.57719
187	14400.00000	9.57719
187	14600.00000	9.57719
187	14800.00000	9.57719
187	15000.00000	9.88967
187	15200.00000	9.88967
187	15400.00000	9.88967
187	15600.00000	9.88967
187	15800.00000	9.99020
187	16000.00000	9.99020
187	16200.00000	9.99020
187	16400.00000	9.99020
187	16600.00000	9.99020
187	16800.00000	10.03509
187	17000.00000	10.03509
187	17200.00000	10.03509
187	17400.00000	10.03509
187	17600.00000	10.03509
187	17800.00000	9.80064
187	18000.00000	9.80064
187	18200.00000	9.80064
187	18400.00000	9.80064
187	18600.00000	9.80064
187	18800.00000	10.27923
187	19000.00000	10.27923
187	19200.00000	10.27923
187	19400.00000	10.27923
187	19600.00000	10.27923
187	19800.00000	9.64395
187	20000.00000	9.64395
188	0.00000	9.87735
188	200.00000	9.87735
188	400.00000	9.87735
188	600.00000	9.87735
188	800.00000	9.87735
188	1000.00000	10.12484
188	1200.00000	10.12484
188	1400.00000	10.12484
188	1600.00000	10.12484
188	1800.00000	10.12484
188	2000.00000	9.76112
188	2200.00000	9.76112
188	2400.00000	9.76112
188	2600.00000	9.76112
188	2800.00000	9.76112
188	3000.00000	9.01012
188	3200.00000	9.01012
188	3400.00000	9.01012
188	3600.00000	9.01012
188	3800.00000	9.01012
188	4000.00000	9.14085
188	4200.00000	9.14085
188	4400.00000	9.14085
188	4600.00000	9.14085
188	4800.00000	9.14085
188	5000.00000	8.84513
188	5200.00000	8.84513
188	5400.00000	8.84513
188	5600.00000	8.84513
188	5800.00000	8.84513
188	6000.00000	8.90752
188	6200.00000	8.90752
188	6400.00000	8.90752
188	6600.00000	8.90752
188	6800.00000	8.90752
188	7000.00000	8.93686
188	7200.00000	8.93686
188	7400.00000	8.93686
188	7600.00000	8.93686
188	7800.00000	8.93686
188	8000.00000	8.46629
188	8200.00000	8.46629
188	8400.00000	8.46629
188	8600.00000	8.46629
188	8800.00000	8.46629
188	9000.00000	8.93518
188	9200.00000	8.93518
188	9400.00000	8.93518
188	9600.00000	8.93518
188	9800.00000	8.93518
188	10000.00000	9.20163
188	10200.00000	9.20163
188	10400.00000	9.20163
188	10600.00000	9.20163
188	10800.00000	9.20163
188	11000.00000	9.46489
188	11200.00000	9.46489
188	11400.00000	9.46489
188	11600.00000	9.46489
188	11800.00000	9.46489
188	12000.00000	9.46457
188	12200.00000	9.46457
188	12400.00000	9.46457
188	12600.00000	9.46457
188	12800.00000	9.46457
188	13000.00000	9.23975
188	13200.00000	9.23975
188	13400.00000	9.23975
188	13600.00000	9.23975
188	13800.00000	9.23975
188	14000.00000	9.33438
188	14200.00000	9.33438
188	14400.00000	9.33438
188	14600.00000	9.33438
188	14800.00000	9.33438
188	15000.00000	9.41569
188	15200.00000	9.41569
188	15400.00000	9.41569
188	15600.00000	9.41569
188	15800.00000	9.04575
188	16000.00000	9.04575
188	16200.00000	9.04575
188	16400.00000	9.04575
188	16600.00000	9.04575
188	16800.00000	8.99580
188	17000.00000	8.99580
188	17200.00000	8.99580
188	17400.00000	8.99580
188	17600.00000	8.99580
188	17800.00000	8.98391
188	18000.00000	8.98391
188	18200.00000	8.98391
188	18400.00000	8.98391
188	18600.00000	8.98391
188	18800.00000	9.25414
188	19000.00000	9.25414
188	19200.00000	9.25414
188	19400.00000	9.25414
188	19600.00000	9.25414
188	19800.00000	9.48081
188	20000.00000	9.48081
189	0.00000	9.84317
189	200.00000	9.84317
189	400.00000	9.84317
189	600.00000	9.84317
189	800.00000	9.84317
189	1000.00000	9.98094
189	1200.00000	9.98094
189	1400.00000	9.98094
189	1600.00000	9.98094
189	1800.00000	9.98094
189	2000.00000	9.77402
189	2200.00000	9.77402
189	2400.00000	9.77402
189	2600.00000	9.77402
189	2800.00000	9.77402
189	3000.00000	9.15613
189	3200.00000	9.15613
189	3400.00000	9.15613
189	3600.00000	9.15613
189	3800.00000	9.15613
189	4000.00000	9.19053
189	4200.00000	9.19053
189	4400.00000	9.19053
189	4600.00000	9.19053
189	4800.00000	9.19053
189	5000.00000	8.95676
189	5200.00000	8.95676
189	5400.00000	8.95676
189	5600.00000	8.95676
189	5800.00000	8.95676
189	6000.00000	8.97449
189	6200.00000	8.97449
189	6400.00000	8.97449
189	6600.00000	8.97449
189	6800.00000	8.97449
189	7000.00000	9.01221
189	7200.00000	9.01221
189	7400.00000	9.01221
189	7600.00000	9.01221
189	7800.00000	9.01221
189	8000.00000	8.68705
189	8200.00000	8.68705
189	8400.00000	8.68705
189	8600.00000	8.68705
189	8800.00000	8.68705
189	9000.00000	8.71430
189	9200.00000	8.71430
189	9400.00000	8.71430
189	9600.00000	8.71430
189	9800.00000	8.71430
189	10000.00000	9.23930
189	10200.00000	9.23930
189	10400.00000	9.23930
189	10600.00000	9.23930
189	10800.00000	9.23930
189	11000.00000	9.16189
189	11200.00000	9.16189
189	11400.00000	9.16189
189	11600.00000	9.16189
189	11800.00000	9.16189
189	12000.00000	9.38728
189	12200.00000	9.38728
189	12400.00000	9.38728
189	12600.00000	9.38728
189	12800.00000	9.38728
189	13000.00000	9.28793
189	13200.00000	9.28793
189	13400.00000	9.28793
189	13600.00000	9.28793
189	13800.00000	9.28793
189	14000.00000	9.44952
189	14200.00000	9.44952
189	14400.00000	9.44952
189	14600.00000	9.44952
189	14800.00000	9.44952
189	15000.00000	9.09477
189	15200.00000	9.09477
189	15400.00000	9.09477
189	15600.00000	9.09477
189	15800.00000	9.28685
189	16000.00000	9.28685
189	16200.00000	9.28685
189	16400.00000	9.28685
189	16600.00000	9.28685
189	16800.00000	9.31780
189	17000.00000	9.31780
189	17200.00000	9.31780
189	17400.00000	9.31780
189	17600.00000	9.31780
189	17800.00000	9.10014
189	18000.00000	9.10014
189	18200.00000	9.10014
189	18400.00000	9.10014
189	18600.00000	9.10014
189	18800.00000	9.37311
189	19000.00000	9.37311
189	19200.00000	9.37311
189	19400.00000	9.37311
189	19600.00000	9.37311
189	19800.00000	9.38790
189	20000.00000	9.38790
190	0.00000	9.70801
190	200.00000	9.70801
190	400.00000	9.70801
190	600.00000	9.70801
190	800.00000	9.70801
190	1000.00000	10.28726
190	1200.00000	10.28726
190	1400.00000	10.28726
190	1600.00000	10.28726
190	1800.00000	10.28726
190	2000.00000	9.28681
190	2200.00000	9.28681
190	2400.00000	9.28681
190	2600.00000	9.28681
190	2800.00000	9.28681
190	3000.00000	8.78989
190	3200.00000	8.78989
190	3400.00000	8.78989
190	3600.00000	8.78989
190	3800.00000	8.78989
190	4000.00000	9.39969
190	4200.00000	9.39969
190	4400.00000	9.39969
190	4600.00000	9.39969
190	4800.00000	9.39969
190	5000.00000	9.31538
190	5200.00000	9.31538
190	5400.00000	9.31538
190	5600.00000	9.31538
190	5800.00000	9.31538
190	6000.00000	10.08415
190	6200.00000	10.08415
190	6400.00000	10.08415
190	6600.00000	10.08415
190	6800.00000	10.08415
190	7000.00000	8.21463
190	7200.00000	8.21463
190	7400.00000	8.21463
190	7600.00000	8.21463
190	7800.00000	8.21463
190	8000.00000	8.61288
190	8200.00000	8.61288
190	8400.00000	8.61288
190	8600.00000	8.61288
190	8800.00000	8.61288
190	9000.00000	8.47643
190	9200.00000	8.47643
190	9400.00000	8.47643
190	9600.00000	8.47643
190	9800.00000	8.47643
190	10000.00000	8.56586
190	10200.00000	8.56586
190	10400.00000	8.56586
190	10600.00000	8.56586
190	10800.00000	8.56586
190	11000.00000	9.37487
190	11200.00000	9.37487
190	11400.00000	9.37487
190	11600.00000	9.37487
190	11800.00000	9.37487
190	12000.00000	9.88556
190	12200.00000	9.88556
190	12400.00000	9.88556
190	12600.00000	9.88556
190	12800.00000	9.88556
190	13000.00000	10.70845
190	13200.00000	10.70845
190	13400.00000	10.70845
190	13600.00000	10.70845
190	13800.00000	10.70845
190	14000.00000	9.43694
190	14200.00000	9.43694
190	14400.00000	9.43694
190	14600.00000	9.43694
190	14800.00000	9.43694
190	15000.00000	8.94235
190	15200.00000	8.94235
190	15400.00000	8.94235
190	15600.00000	8.94235
190	15800.00000	9.43770
190	16000.00000	9.43770
190	16200.00000	9.43770
190	16400.00000	9.43770
190	16600.00000	9.43770
190	16800.00000	9.74440
190	17000.00000	9.74440
190	17200.00000	9.74440
190	17400.00000	9.74440
190	17600.00000	9.74440
190	17800.00000	9.55775
190	18000.00000	9.55775
190	18200.00000	9.55775
190	18400.00000	9.55775
190	18600.00000	9.55775
190	18800.00000	8.31313
190	19000.00000	8.31313
190	19200.00000	8.31313
190	19400.00000	8.31313
190	19600.00000	8.31313
190	19800.00000	8.83090
190	20000.00000	8.83090
191	0.00000	9.87853
191	200.00000	9.87853
191	400.00000	9.87853
191	600.00000	9.87853
191	800.00000	9.87853
191	1000.00000	10.15352
191	1200.00000	10.15352
191	1400.00000	10.15352
191	1600.00000	10.15352
191	1800.00000	10.15352
191	2000.00000	9.64589
191	2200.00000	9.64589
191	2400.00000	9.64589
191	2600.00000	9.64589
191	2800.00000	9.64589
191	3000.00000	9.01734
191	3200.00000	9.01734
191	3400.00000	9.01734
191	3600.00000	9.01734
191	3800.00000	9.01734
191	4000.00000	9.31337
191	4200.00000	9.31337
191	4400.00000	9.31337
191	4600.00000	9.31337
191	4800.00000	9.31337
191	5000.00000	9.01927
191	5200.00000	9.01927
191	5400.00000	9.01927
191	5600.00000	9.01927
191	5800.00000	9.01927
191	6000.00000	9.21301
191	6200.00000	9.21301
191	6400.00000	9.21301
191	6600.00000	9.21301
191	6800.00000	9.21301
191	7000.00000	8.85441
191	7200.00000	8.85441
191	7400.00000	8.85441
191	7600.00000	8.85441
191	7800.00000	8.85441
191	8000.00000	8.73063
191	8200.00000	8.73063
191	8400.00000	8.73063
191	8600.00000	8.73063
191	8800.00000	8.73063
191	9000.00000	9.20986
191	9200.00000	9.20986
191	9400.00000	9.20986
191	9600.00000	9.20986
191	9800.00000	9.20986
191	10000.00000	9.31187
191	10200.00000	9.31187
191	10400.00000	9.31187
191	10600.00000	9.31187
191	10800.00000	9.31187
191	11000.00000	8.99852
191	11200.00000	8.99852
191	11400.00000	8.99852
191	11600.00000	8.99852
191	11800.00000	8.99852
191	12000.00000	9.57625
191	12200.00000	9.57625
191	12400.00000	9.57625
191	12600.00000	9.57625
191	12800.00000	9.57625
191	13000.00000	9.52881
191	13200.00000	9.52881
191	13400.00000	9.52881
191	13600.00000	9.52881
191	13800.00000	9.52881
191	14000.00000	9.16574
191	14200.00000	9.16574
191	14400.00000	9.16574
191	14600.00000	9.16574
191	14800.00000	9.16574
191	15000.00000	9.09459
191	15200.00000	9.09459
191	15400.00000	9.09459
191	15600.00000	9.09459
191	15800.00000	8.91575
191	16000.00000	8.91575
191	16200.00000	8.91575
191	16400.00000	8.91575
191	16600.00000	8.91575
191	16800.00000	8.91908
191	17000.00000	8.91908
191	17200.00000	8.91908
191	17400.00000	8.91908
191	17600.00000	8.91908
191	17800.00000	8.94568
191	18000.00000	8.94568
191	18200.00000	8.94568
191	18400.00000	8.94568
191	18600.00000	8.94568
191	18800.00000	8.62521
191	19000.00000	8.62521
191	19200.00000	8.62521
191	19400.00000	8.62521
191	19600.00000	8.62521
191	19800.00000	8.34406
191	20000.00000	8.34406
192	0.00000	9.93581
192	200.00000	9.93581
192	400.00000	9.93581
192	600.00000	9.93581
192	800.00000	9.93581
192	1000.00000	10.23982
192	1200.00000	10.23982
192	1400.00000	10.23982
192	1600.00000	10.23982
192	1800.00000	10.23982
192	2000.00000	9.64637
192	2200.00000	9.64637
192	2400.00000	9.64637
192	2600.00000	9.64637
192	2800.00000	9.64637
192	3000.00000	8.88317
192	3200.00000	8.88317
192	3400.00000	8.88317
192	3600.00000	8.88317
192	3800.00000	8.88317
192	4000.00000	9.32267
192	4200.00000	9.32267
192	4400.00000	9.32267
192	4600.00000	9.32267
192	4800.00000	9.32267
192	5000.00000	9.19465
192	5200.00000	9.19465
192	5400.00000	9.19465
192	5600.00000	9.19465
192	5800.00000	9.19465
192	6000.00000	8.83208
192	6200.00000	8.83208
192	6400.00000	8.83208
192	6600.00000	8.83208
192	6800.00000	8.83208
192	7000.00000	9.10795
192	7200.00000	9.10795
192	7400.00000	9.10795
192	7600.00000	9.10795
192	7800.00000	9.10795
192	8000.00000	9.13738
192	8200.00000	9.13738
192	8400.00000	9.13738
192	8600.00000	9.13738
192	8800.00000	9.13738
192	9000.00000	8.95903
192	9200.00000	8.95903
192	9400.00000	8.95903
192	9600.00000	8.95903
192	9800.00000	8.95903
192	10000.00000	9.19046
192	10200.00000	9.19046
192	10400.00000	9.19046
192	10600.00000	9.19046
192	10800.00000	9.19046
192	11000.00000	9.52182
192	11200.00000	9.52182
192	11400.00000	9.52182
192	11600.00000	9.52182
192	11800.00000	9.52182
192	12000.00000	9.44782
192	12200.00000	9.44782
192	12400.00000	9.44782
192	12600.00000	9.44782
192	12800.00000	9.44782
192	13000.00000	9.43367
192	13200.00000	9.43367
192	13400.00000	9.43367
192	13600.00000	9.43367
192	13800.00000	9.43367
192	14000.00000	9.08537
192	14200.00000	9.08537
192	14400.00000	9.08537
192	14600.00000	9.08537
192	14800.00000	9.08537
192	15000.00000	9.47616
192	15200.00000	9.47616
192	15400.00000	9.47616
192	15600.00000	9.47616
192	15800.00000	9.55306
192	16000.00000	9.55306
192	16200.00000	9.55306
192	16400.00000	9.55306
192	16600.00000	9.55306
192	16800.00000	9.64645
192	17000.00000	9.64645
192	17200.00000	9.64645
192	17400.00000	9.64645
192	17600.00000	9.64645
192	17800.00000	9.48561
192	18000.00000	9.48561
192	18200.00000	9.48561
192	18400.00000	9.48561
192	18600.00000	9.48561
192	18800.00000	9.35897
192	19000.00000	9.35897
192	19200.00000	9.35897
192	19400.00000	9.35897
192	19600.00000	9.35897
192	19800.00000	8.92813
192	20000.00000	8.92813
193	0.00000	9.87158
193	200.00000	9.87158
193	400.00000	9.87158
193	600.00000	9.87158
193	800.00000	9.87158
193	1000.00000	9.92763
193	1200.00000	9.92763
193	1400.00000	9.92763
193	1600.00000	9.92763
193	1800.00000	9.92763
193	2000.00000	9.25363
193	2200.00000	9.25363
193	2400.00000	9.25363
193	2600.00000	9.25363
193	2800.00000	9.25363
193	3000.00000	8.94526
193	3200.00000	8.94526
193	3400.00000	8.94526
193	3600.00000	8.94526
193	3800.00000	8.94526
193	4000.00000	9.02306
193	4200.00000	9.02306
193	4400.00000	9.02306
193	4600.00000	9.02306
193	4800.00000	9.02306
193	5000.00000	9.28667
193	5200.00000	9.28667
193	5400.00000	9.28667
193	5600.00000	9.28667
193	5800.00000	9.28667
193	6000.00000	9.31188
193	6200.00000	9.31188
193	6400.00000	9.31188
193	6600.00000	9.31188
193	6800.00000	9.31188
193	7000.00000	8.72618
193	7200.00000	8.72618
193	7400.00000	8.72618
193	7600.00000	8.72618
193	7800.00000	8.72618
193	8000.00000	8.61190
193	8200.00000	8.61190
193	8400.00000	8.61190
193	8600.00000	8.61190
193	8800.00000	8.61190
193	9000.00000	9.13553
193	9200.00000	9.13553
193	9400.00000	9.13553
193	9600.00000	9.13553
193	9800.00000	9.13553
193	10000.00000	9.42364
193	10200.00000	9.42364
193	10400.00000	9.42364
193	10600.00000	9.42364
193	10800.00000	9.42364
193	11000.00000	9.30306
193	11200.00000	9.30306
193	11400.00000	9.30306
193	11600.00000	9.30306
193	11800.00000	9.30306
193	12000.00000	9.82756
193	12200.00000	9.82756
193	12400.00000	9.82756
193	12600.00000	9.82756
193	12800.00000	9.82756
193	13000.00000	9.61273
193	13200.00000	9.61273
193	13400.00000	9.61273
193	13600.00000	9.61273
193	13800.00000	9.61273
193	14000.00000	9.68353
193	14200.00000	9.68353
193	14400.00000	9.68353
193	14600.00000	9.68353
193	14800.00000	9.68353
193	15000.00000	9.45454
193	15200.00000	9.45454
193	15400.00000	9.45454
193	15600.00000	9.45454
193	15800.00000	9.26525
193	16000.00000	9.26525
193	16200.00000	9.26525
193	16400.00000	9.26525
193	16600.00000	9.26525
193	16800.00000	9.14436
193	17000.00000	9.14436
193	17200.00000	9.14436
193	17400.00000	9.14436
193	17600.00000	9.14436
193	17800.00000	9.41741
193	18000.00000	9.41741
193	18200.00000	9.41741
193	18400.00000	9.41741
193	18600.00000	9.41741
193	18800.00000	9.21421
193	19000.00000	9.21421
193	19200.00000	9.21421
193	19400.00000	9.21421
193	19600.00000	9.21421
193	19800.00000	8.63477
193	20000.00000	8.63477
194	0.00000	9.84031
194	200.00000	9.84031
194	400.00000	9.84031
194	600.00000	9.84031
194	800.00000	9.84031
194	1000.00000	10.50196
194	1200.00000	10.50196
194	1400.00000	10.50196
194	1600.00000	10.50196
194	1800.00000	10.50196
194	2000.00000	9.56248
194	2200.00000	9.56248
194	2400.00000	9.56248
194	2600.00000	9.56248
194	2800.00000	9.56248
194	3000.00000	8.91509
194	3200.00000	8.91509
194	3400.00000	8.91509
194	3600.00000	8.91509
194	3800.00000	8.91509
194	4000.00000	9.10760
194	4200.00000	9.10760
194	4400.00000	9.10760
194	4600.00000	9.10760
194	4800.00000	9.10760
194	5000.00000	9.82481
194	5200.00000	9.82481
194	5400.00000	9.82481
194	5600.00000	9.82481
194	5800.00000	9.82481
194	6000.00000	9.89658
194	6200.00000	9.89658
194	6400.00000	9.89658
194	6600.00000	9.89658
194	6800.00000	9.89658
194	7000.00000	8.79973
194	7200.00000	8.79973
194	7400.00000	8.79973
194	7600.00000	8.79973
194	7800.00000	8.79973
194	8000.00000	8.42246
194	8200.00000	8.42246
194	8400.00000	8.42246
194	8600.00000	8.42246
194	8800.00000	8.42246
194	9000.00000	8.85589
194	9200.00000	8.85589
194	9400.00000	8.85589
194	9600.00000	8.85589
194	9800.00000	8.85589
194	10000.00000	10.47688
194	10200.00000	10.47688
194	10400.00000	10.47688
194	10600.00000	10.47688
194	10800.00000	10.47688
194	11000.00000	10.73207
194	11200.00000	10.73207
194	11400.00000	10.73207
194	11600.00000	10.73207
194	11800.00000	10.73207
194	12000.00000	10.61075
194	12200.00000	10.61075
194	12400.00000	10.61075
194	12600.00000	10.61075
194	12800.00000	10.61075
194	13000.00000	10.31264
194	13200.00000	10.31264
194	13400.00000	10.31264
194	13600.00000	10.31264
194	13800.00000	10.31264
194	14000.00000	9.64630
194	14200.00000	9.64630
194	14400.00000	9.64630
194	14600.00000	9.64630
194	14800.00000	9.64630
194	15000.00000	9.50856
194	15200.00000	9.50856
194	15400.00000	9.50856
194	15600.00000	9.50856
194	15800.00000	9.61324
194	16000.00000	9.61324
194	16200.00000	9.61324
194	16400.00000	9.61324
194	16600.00000	9.61324
194	16800.00000	9.90526
194	17000.00000	9.90526
194	17200.00000	9.90526
194	17400.00000	9.90526
194	17600.00000	9.90526
194	17800.00000	9.55010
194	18000.00000	9.55010
194	18200.00000	9.55010
194	18400.00000	9.55010
194	18600.00000	9.55010
194	18800.00000	9.59273
194	19000.00000	9.59273
194	19200.00000	9.59273
194	19400.00000	9.59273
194	19600.00000	9.59273
194	19800.00000	9.81217
194	20000.00000	9.81217
195	0.00000	9.97932
195	200.00000	9.97932
195	400.00000	9.97932
195	600.00000	9.97932
195	800.00000	9.97932
195	1000.00000	10.42954
195	1200.00000	10.42954
195	1400.00000	10.42954
195	1600.00000	10.42954
195	1800.00000	10.42954
195	2000.00000	9.20052
195	2200.00000	9.20052
195	2400.00000	9.20052
195	2600.00000	9.20052
195	2800.00000	9.20052
195	3000.00000	9.04345
195	3200.00000	9.04345
195	3400.00000	9.04345
195	3600.00000	9.04345
195	3800.00000	9.04345
195	4000.00000	9.40165
195	4200.00000	9.40165
195	4400.00000	9.40165
195	4600.00000	9.40165
195	4800.00000	9.40165
195	5000.00000	8.99177
195	5200.00000	8.99177
195	5400.00000	8.99177
195	5600.00000	8.99177
195	5800.00000	8.99177
195	6000.00000	9.11571
195	6200.00000	9.11571
195	6400.00000	9.11571
195	6600.00000	9.11571
195	6800.00000	9.11571
195	7000.00000	8.55960
195	7200.00000	8.55960
195	7400.00000	8.55960
195	7600.00000	8.55960
195	7800.00000	8.55960
195	8000.00000	8.64837
195	8200.00000	8.64837
195	8400.00000	8.64837
195	8600.00000	8.64837
195	8800.00000	8.64837
195	9000.00000	8.83430
195	9200.00000	8.83430
195	9400.00000	8.83430
195	9600.00000	8.83430
195	9800.00000	8.83430
195	10000.00000	9.53712
195	10200.00000	9.53712
195	10400.00000	9.53712
195	10600.00000	9.53712
195	10800.00000	9.53712
195	11000.00000	9.86335
195	11200.00000	9.86335
195	11400.00000	9.86335
195	11600.00000	9.86335
195	11800.00000	9.86335
195	12000.00000	9.89417
195	12200.00000	9.89417
195	12400.00000	9.89417
195	12600.00000	9.89417
195	12800.00000	9.89417
195	13000.00000	9.60103
195	13200.00000	9.60103
195	13400.00000	9.60103
195	13600.00000	9.60103
195	13800.00000	9.60103
195	14000.00000	9.58675
195	14200.00000	9.58675
195	14400.00000	9.58675
195	14600.00000	9.58675
195	14800.00000	9.58675
195	15000.00000	9.67844
195	15200.00000	9.67844
195	15400.00000	9.67844
195	15600.00000	9.67844
195	15800.00000	9.59442
195	16000.00000	9.59442
195	16200.00000	9.59442
195	16400.00000	9.59442
195	16600.00000	9.59442
195	16800.00000	9.44900
195	17000.00000	9.44900
195	17200.00000	9.44900
195	17400.00000	9.44900
195	17600.00000	9.44900
195	17800.00000	9.90424
195	18000.00000	9.90424
195	18200.00000	9.90424
195	18400.00000	9.90424
195	18600.00000	9.90424
195	18800.00000	9.92287
195	19000.00000	9.92287
195	19200.00000	9.92287
195	19400.00000	9.92287
195	19600.00000	9.92287
195	19800.00000	10.07515
195	20000.00000	10.07515
196	0.00000	9.97725
196	200.00000	9.97725
196	400.00000	9.97725
196	600.00000	9.97725
196	800.00000	9.97725
196	1000.00000	10.20007
196	1200.00000	10.20007
196	1400.00000	10.20007
196	1600.00000	10.20007
196	1800.00000	10.20007
196	2000.00000	9.66057
196	2200.00000	9.66057
196	2400.00000	9.66057
196	2600.00000	9.66057
196	2800.00000	9.66057
196	3000.00000	9.07285
196	3200.00000	9.07285
196	3400.00000	9.07285
196	3600.00000	9.07285
196	3800.00000	9.07285
196	4000.00000	9.06667
196	4200.00000	9.06667
196	4400.00000	9.06667
196	4600.00000	9.06667
196	4800.00000	9.06667
196	5000.00000	9.04544
196	5200.00000	9.04544
196	5400.00000	9.04544
196	5600.00000	9.04544
196	5800.00000	9.04544
196	6000.00000	8.81539
196	6200.00000	8.81539
196	6400.00000	8.81539
196	6600.00000	8.81539
196	6800.00000	8.81539
196	7000.00000	8.79685
196	7200.00000	8.79685
196	7400.00000	8.79685
196	7600.00000	8.79685
196	7800.00000	8.79685
196	8000.00000	8.66769
196	8200.00000	8.66769
196	8400.00000	8.66769
196	8600.00000	8.66769
196	8800.00000	8.66769
196	9000.00000	8.85968
196	9200.00000	8.85968
196	9400.00000	8.85968
196	9600.00000	8.85968
196	9800.00000	8.85968
196	10000.00000	9.26954
196	10200.00000	9.26954
196	10400.00000	9.26954
196	10600.00000	9.26954
196	10800.00000	9.26954
196	11000.00000	9.91766
196	11200.00000	9.91766
196	11400.00000	9.91766
196	11600.00000	9.91766
196	11800.00000	9.91766
196	12000.00000	10.27716
196	12200.00000	10.27716
196	12400.00000	10.27716
196	12600.00000	10.27716
196	12800.00000	10.27716
196	13000.00000	9.87597
196	13200.00000	9.87597
196	13400.00000	9.87597
196	13600.00000	9.87597
196	13800.00000	9.87597
196	14000.00000	9.11743
196	14200.00000	9.11743
196	14400.00000	9.11743
196	14600.00000	9.11743
196	14800.00000	9.11743
196	15000.00000	8.84870
196	15200.00000	8.84870
196	15400.00000	8.84870
196	15600.00000	8.84870
196	15800.00000	9.07673
196	16000.00000	9.07673
196	16200.00000	9.07673
196	16400.00000	9.07673
196	16600.00000	9.07673
196	16800.00000	9.36156
196	17000.00000	9.36156
196	17200.00000	9.36156
196	17400.00000	9.36156
196	17600.00000	9.36156
196	17800.00000	8.77713
196	18000.00000	8.77713
196	18200.00000	8.77713
196	18400.00000	8.77713
196	18600.00000	8.77713
196	18800.00000	8.86186
196	19000.00000	8.86186
196	19200.00000	8.86186
196	19400.00000	8.86186
196	19600.00000	8.86186
196	19800.00000	9.51570
196	20000.00000	9.51570
197	0.00000	10.02266
197	200.00000	10.02266
197	400.00000	10.02266
197	600.00000	10.02266
197	800.00000	10.02266
197	1000.00000	9.90870
197	1200.00000	9.90870
197	1400.00000	9.90870
197	1600.00000	9.90870
197	1800.00000	9.90870
197	2000.00000	9.52213
197	2200.00000	9.52213
197	2400.00000	9.52213
197	2600.00000	9.52213
197	2800.00000	9.52213
197	3000.00000	9.24828
197	3200.00000	9.24828
197	3400.00000	9.24828
197	3600.00000	9.24828
197	3800.00000	9.24828
197	4000.00000	9.03287
197	4200.00000	9.03287
197	4400.00000	9.03287
197	4600.00000	9.03287
197	4800.00000	9.03287
197	5000.00000	9.17183
197	5200.00000	9.17183
197	5400.00000	9.17183
197	5600.00000	9.17183
197	5800.00000	9.17183
197	6000.00000	9.00243
197	6200.00000	9.00243
197	6400.00000	9.00243
197	6600.00000	9.00243
197	6800.00000	9.00243
197	7000.00000	8.87896
197	7200.00000	8.87896
197	7400.00000	8.87896
197	7600.00000	8.87896
197	7800.00000	8.87896
197	8000.00000	8.91786
197	8200.00000	8.91786
197	8400.00000	8.91786
197	8600.00000	8.91786
197	8800.00000	8.91786
197	9000.00000	9.33713
197	9200.00000	9.33713
197	9400.00000	9.33713
197	9600.00000	9.33713
197	9800.00000	9.33713
197	10000.00000	9.26586
197	10200.00000	9.26586
197	10400.00000	9.26586
197	10600.00000	9.26586
197	10800.00000	9.26586
197	11000.00000	9.17913
197	11200.00000	9.17913
197	11400.00000	9.17913
197	11600.00000	9.17913
197	11800.00000	9.17913
197	12000.00000	9.21864
197	12200.00000	9.21864
197	12400.00000	9.21864
197	12600.00000	9.21864
197	12800.00000	9.21864
197	13000.00000	9.22904
197	13200.00000	9.22904
197	13400.00000	9.22904
197	13600.00000	9.22904
197	13800.00000	9.22904
197	14000.00000	9.05376
197	14200.00000	9.05376
197	14400.00000	9.05376
197	14600.00000	9.05376
197	14800.00000	9.05376
197	15000.00000	9.10780
197	15200.00000	9.10780
197	15400.00000	9.10780
197	15600.00000	9.10780
197	15800.00000	9.14939
197	16000.00000	9.14939
197	16200.00000	9.14939
197	16400.00000	9.14939
197	16600.00000	9.14939
197	16800.00000	9.10234
197	17000.00000	9.10234
197	17200.00000	9.10234
197	17400.00000	9.10234
197	17600.00000	9.10234
197	17800.00000	9.10512
197	18000.00000	9.10512
197	18200.00000	9.10512
197	18400.00000	9.10512
197	18600.00000	9.10512
197	18800.00000	9.24465
197	19000.00000	9.24465
197	19200.00000	9.24465
197	19400.00000	9.24465
197	19600.00000	9.24465
197	19800.00000	9.03078
197	20000.00000	9.03078
198	0.00000	10.16994
198	200.00000	10.16994
198	400.00000	10.16994
198	600.00000	10.16994
198	800.00000	10.16994
198	1000.00000	10.00744
198	1200.00000	10.00744
198	1400.00000	10.00744
198	1600.00000	10.00744
198	1800.00000	10.00744
198	2000.00000	9.45757
198	2200.00000	9.45757
198	2400.00000	9.45757
198	2600.00000	9.45757
198	2800.00000	9.45757
198	3000.00000	9.21106
198	3200.00000	9.21106
198	3400.00000	9.21106
198	3600.00000	9.21106
198	3800.00000	9.21106
198	4000.00000	9.15451
198	4200.00000	9.15451
198	4400.00000	9.15451
198	4600.00000	9.15451
198	4800.00000	9.15451
198	5000.00000	8.86308
198	5200.00000	8.86308
198	5400.00000	8.86308
198	5600.00000	8.86308
198	5800.00000	8.86308
198	6000.00000	8.79837
198	6200.00000	8.79837
198	6400.00000	8.79837
198	6600.00000	8.79837
198	6800.00000	8.79837
198	7000.00000	9.00393
198	7200.00000	9.00393
198	7400.00000	9.00393
198	7600.00000	9.00393
198	7800.00000	9.00393
198	8000.00000	9.31174
198	8200.00000	9.31174
198	8400.00000	9.31174
198	8600.00000	9.31174
198	8800.00000	9.31174
198	9000.00000	9.55882
198	9200.00000	9.55882
198	9400.00000	9.55882
198	9600.00000	9.55882
198	9800.00000	9.55882
198	10000.00000	9.47374
198	10200.00000	9.47374
198	10400.00000	9.47374
198	10600.00000	9.47374
198	10800.00000	9.47374
198	11000.00000	9.74342
198	11200.00000	9.74342
198	11400.00000	9.74342
198	11600.00000	9.74342
198	11800.00000	9.74342
198	12000.00000	9.94228
198	12200.00000	9.94228
198	12400.00000	9.94228
198	12600.00000	9.94228
198	12800.00000	9.94228
198	13000.00000	9.93509
198	13200.00000	9.93509
198	13400.00000	9.93509
198	13600.00000	9.93509
198	13800.00000	9.93509
198	14000.00000	10.47987
198	14200.00000	10.47987
198	14400.00000	10.47987
198	14600.00000	10.47987
198	14800.00000	10.47987
198	15000.00000	9.83333
198	15200.00000	9.83333
198	15400.00000	9.83333
198	15600.00000	9.83333
198	15800.00000	9.25428
198	16000.00000	9.25428
198	16200.00000	9.25428
198	16400.00000	9.25428
198	16600.00000	9.25428
198	16800.00000	8.91832
198	17000.00000	8.91832
198	17200.00000	8.91832
198	17400.00000	8.91832
198	17600.00000	8.91832
198	17800.00000	9.12774
198	18000.00000	9.12774
198	18200.00000	9.12774
198	18400.00000	9.12774
198	18600.00000	9.12774
198	18800.00000	9.22494
198	19000.00000	9.22494
198	19200.00000	9.22494
198	19400.00000	9.22494
198	19600.00000	9.22494
198	19800.00000	9.08927
198	20000.00000	9.08927
199	0.00000	10.05016
199	200.00000	10.05016
199	400.00000	10.05016
199	600.00000	10.05016
199	800.00000	10.05016
199	1000.00000	10.27421
199	1200.00000	10.27421
199	1400.00000	10.27421
199	1600.00000	10.27421
199	1800.00000	10.27421
199	2000.00000	9.41932
199	2200.00000	9.41932
199	2400.00000	9.41932
199	2600.00000	9.41932
199	2800.00000	9.41932
199	3000.00000	8.97245
199	3200.00000	8.97245
199	3400.00000	8.97245
199	3600.00000	8.97245
199	3800.00000	8.97245
199	4000.00000	9.32395
199	4200.00000	9.32395
199	4400.00000	9.32395
199	4600.00000	9.32395
199	4800.00000	9.32395
199	5000.00000	9.12927
199	5200.00000	9.12927
199	5400.00000	9.12927
199	5600.00000	9.12927
199	5800.00000	9.12927
199	6000.00000	8.76762
199	6200.00000	8.76762
199	6400.00000	8.76762
199	6600.00000	8.76762
199	6800.00000	8.76762
199	7000.00000	8.97827
199	7200.00000	8.97827
199	7400.00000	8.97827
199	7600.00000	8.97827
199	7800.00000	8.97827
199	8000.00000	8.48485
199	8200.00000	8.48485
199	8400.00000	8.48485
199	8600.00000	8.48485
199	8800.00000	8.48485
199	9000.00000	8.51932
199	9200.00000	8.51932
199	9400.00000	8.51932
199	9600.00000	8.51932
199	9800.00000	8.51932
199	10000.00000	8.68629
199	10200.00000	8.68629
199	10400.00000	8.68629
199	10600.00000	8.68629
199	10800.00000	8.68629
199	11000.00000	8.71246
199	11200.00000	8.71246
199	11400.00000	8.71246
199	11600.00000	8.71246
199	11800.00000	8.71246
199	12000.00000	9.63415
199	12200.00000	9.63415
199	12400.00000	9.63415
199	12600.00000	9.63415
199	12800.00000	9.63415
199	13000.00000	9.17620
199	13200.00000	9.17620
199	13400.00000	9.17620
199	13600.00000	9.17620
199	13800.00000	9.17620
199	14000.00000	9.36072
199	14200.00000	9.36072
199	14400.00000	9.36072
199	14600.00000	9.36072
199	14800.00000	9.36072
199	15000.00000	9.68701
199	15200.00000	9.68701
199	15400.00000	9.68701
199	15600.00000	9.68701
199	15800.00000	9.52117
199	16000.00000	9.52117
199	16200.00000	9.52117
199	16400.00000	9.52117
199	16600.00000	9.52117
199	16800.00000	9.31450
199	17000.00000	9.31450
199	17200.00000	9.31450
199	17400.00000	9.31450
199	17600.00000	9.31450
199	17800.00000	8.57594
199	18000.00000	8.57594
199	18200.00000	8.57594
199	18400.00000	8.57594
199	18600.00000	8.57594
199	18800.00000	9.68079
199	19000.00000	9.68079
199	19200.00000	9.68079
199	19400.00000	9.68079
199	19600.00000	9.68079
199	19800.00000	10.43131
199	20000.00000	10.43131
200	0.00000	10.02784
200	200.00000	10.02784
200	400.00000	10.02784
200	600.00000	10.02784
200	800.00000	10.02784
200	1000.00000	9.95683
200	1200.00000	9.95683
200	1400.00000	9.95683
200	1600.00000	9.95683
200	1800.00000	9.95683
200	2000.00000	9.48458
200	2200.00000	9.48458
200	2400.00000	9.48458
200	2600.00000	9.48458
200	2800.00000	9.48458
200	3000.00000	9.24367
200	3200.00000	9.24367
200	3400.00000	9.24367
200	3600.00000	9.24367
200	3800.00000	9.24367
200	4000.00000	9.55610
200	4200.00000	9.55610
200	4400.00000	9.55610
200	4600.00000	9.55610
200	4800.00000	9.55610
200	5000.00000	9.15898
200	5200.00000	9.15898
200	5400.00000	9.15898
200	5600.00000	9.15898
200	5800.00000	9.15898
200	6000.00000	9.10172
200	6200.00000	9.10172
200	6400.00000	9.10172
200	6600.00000	9.10172
200	6800.00000	9.10172
200	7000.00000	9.37861
200	7200.00000	9.37861
200	7400.00000	9.37861
200	7600.00000	9.37861
200	7800.00000	9.37861
200	8000.00000	9.28456
200	8200.00000	9.28456
200	8400.00000	9.28456
200	8600.00000	9.28456
200	8800.00000	9.28456
200	9000.00000	9.11245
200	9200.00000	9.11245
200	9400.00000	9.11245
200	9600.00000	9.11245
200	9800.00000	9.11245
200	10000.00000	9.23352
200	10200.00000	9.23352
200	10400.00000	9.23352
200	10600.00000	9.23352
200	10800.00000	9.23352
200	11000.00000	9.40512
200	11200.00000	9.40512
200	11400.00000	9.40512
200	11600.00000	9.40512
200	11800.00000	9.40512
200	12000.00000	9.38869
200	12200.00000	9.38869
200	12400.00000	9.38869
200	12600.00000	9.38869
200	12800.00000	9.38869
200	13000.00000	9.76146
200	13200.00000	9.76146
200	13400.00000	9.76146
200	13600.00000	9.76146
200	13800.00000	9.76146
200	14000.00000	9.36171
200	14200.00000	9.36171
200	14400.00000	9.36171
200	14600.00000	9.36171
200	14800.00000	9.36171
200	15000.00000	8.82751
200	15200.00000	8.82751
200	15400.00000	8.82751
200	15600.00000	8.82751
200	15800.00000	9.20508
200	16000.00000	9.20508
200	16200.00000	9.20508
200	16400.00000	9.20508
200	16600.00000	9.20508
200	16800.00000	9.53256
200	17000.00000	9.53256
200	17200.00000	9.53256
200	17400.00000	9.53256
200	17600.00000	9.53256
200	17800.00000	9.45192
200	18000.00000	9.45192
200	18200.00000	9.45192
200	18400.00000	9.45192
200	18600.00000	9.45192
200	18800.00000	8.97394
200	19000.00000	8.97394
200	19200.00000	8.97394
200	19400.00000	8.97394
200	19600.00000	8.97394
200	19800.00000	8.83899
200	20000.00000	8.83899
