draw	time	log_ne
1	0.00000	11.49394
1	200.00000	11.49394
1	400.00000	11.49394
1	600.00000	11.49394
1	800.00000	13.64313
1	1000.00000	13.64313
1	1200.00000	13.64313
1	1400.00000	13.64313
1	1600.00000	11.03850
1	1800.00000	11.03850
1	2000.00000	11.03850
1	2200.00000	11.03850
1	2400.00000	10.90039
1	2600.00000	10.90039
1	2800.00000	10.90039
1	3000.00000	10.90039
1	3200.00000	10.27522
1	3400.00000	10.27522
1	3600.00000	10.27522
1	3800.00000	10.27522
1	4000.00000	11.01528
1	4200.00000	11.01528
1	4400.00000	11.01528
1	4600.00000	11.01528
1	4800.00000	10.80816
1	5000.00000	10.80816
1	5200.00000	10.80816
1	5400.00000	9.98517
1	5600.00000	9.98517
1	5800.00000	9.98517
1	6000.00000	9.98517
1	6200.00000	10.70291
1	6400.00000	10.70291
1	6600.00000	10.70291
1	6800.00000	10.70291
1	7000.00000	9.29140
1	7200.00000	9.29140
1	7400.00000	9.29140
1	7600.00000	9.29140
1	7800.00000	10.58268
1	8000.00000	10.58268
1	8200.00000	10.58268
1	8400.00000	10.58268
1	8600.00000	9.17532
1	8800.00000	9.17532
1	9000.00000	9.17532
1	9200.00000	9.17532
1	9400.00000	11.52383
1	9600.00000	11.52383
1	9800.00000	11.52383
1	10000.00000	10.38556
1	10200.00000	10.38556
1	10400.00000	10.38556
1	10600.00000	10.38556
1	10800.00000	8.84449
1	11000.00000	8.84449
1	11200.00000	8.84449
1	11400.00000	8.84449
1	11600.00000	11.41255
1	11800.00000	11.41255
1	12000.00000	11.41255
1	12200.00000	11.41255
1	12400.00000	11.01604
1	12600.00000	11.01604
1	12800.00000	11.01604
1	13000.00000	11.01604
1	13200.00000	10.30404
1	13400.00000	10.30404
1	13600.00000	10.30404
1	13800.00000	10.30404
1	14000.00000	8.43650
1	14200.00000	8.43650
1	14400.00000	8.43650
1	14600.00000	8.92029
1	14800.00000	8.92029
1	15000.00000	8.92029
1	15200.00000	8.92029
1	15400.00000	7.91425
1	15600.00000	7.91425
1	15800.00000	7.91425
1	16000.00000	7.91425
1	16200.00000	10.02117
1	16400.00000	10.02117
1	16600.00000	10.02117
1	16800.00000	10.02117
1	17000.00000	9.55249
1	17200.00000	9.55249
1	17400.00000	9.55249
1	17600.00000	9.55249
1	17800.00000	8.37303
1	18000.00000	8.37303
1	18200.00000	8.37303
1	18400.00000	8.37303
1	18600.00000	9.00982
1	18800.00000	9.00982
1	19000.00000	9.00982
1	19200.00000	8.36411
1	19400.00000	8.36411
1	19600.00000	8.36411
1	19800.00000	8.36411
1	20000.00000	9.25132
2	0.00000	11.59671
2	200.00000	11.59671
2	400.00000	11.59671
2	600.00000	11.59671
2	800.00000	13.28121
2	1000.00000	13.28121
2	1200.00000	13.28121
2	1400.00000	13.28121
2	1600.00000	10.93953
2	1800.00000	10.93953
2	2000.00000	10.93953
2	2200.00000	10.93953
2	2400.00000	11.12163
2	2600.00000	11.12163
2	2800.00000	11.12163
2	3000.00000	11.12163
2	3200.00000	10.53540
2	3400.00000	10.53540
2	3600.00000	10.53540
2	3800.00000	10.53540
2	4000.00000	11.39759
2	4200.00000	11.39759
2	4400.00000	11.39759
2	4600.00000	11.39759
2	4800.00000	10.77288
2	5000.00000	10.77288
2	5200.00000	10.77288
2	5400.00000	9.89365
2	5600.00000	9.89365
2	5800.00000	9.89365
2	6000.00000	9.89365
2	6200.00000	10.62748
2	6400.00000	10.62748
2	6600.00000	10.62748
2	6800.00000	10.62748
2	7000.00000	9.23352
2	7200.00000	9.23352
2	7400.00000	9.23352
2	7600.00000	9.23352
2	7800.00000	11.33018
2	8000.00000	11.33018
2	8200.00000	11.33018
2	8400.00000	11.33018
2	8600.00000	8.88103
2	8800.00000	8.88103
2	9000.00000	8.88103
2	9200.00000	8.88103
2	9400.00000	10.40406
2	9600.00000	10.40406
2	9800.00000	10.40406
2	10000.00000	10.39670
2	10200.00000	10.39670
2	10400.00000	10.39670
2	10600.00000	10.39670
2	10800.00000	9.08402
2	11000.00000	9.08402
2	11200.00000	9.08402
2	11400.00000	9.08402
2	11600.00000	10.70664
2	11800.00000	10.70664
2	12000.00000	10.70664
2	12200.00000	10.70664
2	12400.00000	10.49720
2	12600.00000	10.49720
2	12800.00000	10.49720
2	13000.00000	10.49720
2	13200.00000	10.22103
2	13400.00000	10.22103
2	13600.00000	10.22103
2	13800.00000	10.22103
2	14000.00000	8.26453
2	14200.00000	8.26453
2	14400.00000	8.26453
2	14600.00000	9.61493
2	14800.00000	9.61493
2	15000.00000	9.61493
2	15200.00000	9.61493
2	15400.00000	8.22820
2	15600.00000	8.22820
2	15800.00000	8.22820
2	16000.00000	8.22820
2	16200.00000	9.20382
2	16400.00000	9.20382
2	16600.00000	9.20382
2	16800.00000	9.20382
2	17000.00000	10.39185
2	17200.00000	10.39185
2	17400.00000	10.39185
2	17600.00000	10.39185
2	17800.00000	8.32375
2	18000.00000	8.32375
2	18200.00000	8.32375
2	18400.00000	8.32375
2	18600.00000	8.98434
2	18800.00000	8.98434
2	19000.00000	8.98434
2	19200.00000	9.78830
2	19400.00000	9.78830
2	19600.00000	9.78830
2	19800.00000	9.78830
2	20000.00000	9.78886
3	0.00000	11.39016
3	200.00000	11.39016
3	400.00000	11.39016
3	600.00000	11.39016
3	800.00000	13.65767
3	1000.00000	13.65767
3	1200.00000	13.65767
3	1400.00000	13.65767
3	1600.00000	10.85826
3	1800.00000	10.85826
3	2000.00000	10.85826
3	2200.00000	10.85826
3	2400.00000	11.40235
3	2600.00000	11.40235
3	2800.00000	11.40235
3	3000.00000	11.40235
3	3200.00000	10.26729
3	3400.00000	10.26729
3	3600.00000	10.26729
3	3800.00000	10.26729
3	4000.00000	11.16576
3	4200.00000	11.16576
3	4400.00000	11.16576
3	4600.00000	11.16576
3	4800.00000	10.92234
3	5000.00000	10.92234
3	5200.00000	10.92234
3	5400.00000	9.88483
3	5600.00000	9.88483
3	5800.00000	9.88483
3	6000.00000	9.88483
3	6200.00000	10.58176
3	6400.00000	10.58176
3	6600.00000	10.58176
3	6800.00000	10.58176
3	7000.00000	9.27364
3	7200.00000	9.27364
3	7400.00000	9.27364
3	7600.00000	9.27364
3	7800.00000	10.23171
3	8000.00000	10.23171
3	8200.00000	10.23171
3	8400.00000	10.23171
3	8600.00000	9.01789
3	8800.00000	9.01789
3	9000.00000	9.01789
3	9200.00000	9.01789
3	9400.00000	10.92227
3	9600.00000	10.92227
3	9800.00000	10.92227
3	10000.00000	9.92639
3	10200.00000	9.92639
3	10400.00000	9.92639
3	10600.00000	9.92639
3	10800.00000	8.52617
3	11000.00000	8.52617
3	11200.00000	8.52617
3	11400.00000	8.52617
3	11600.00000	11.88447
3	11800.00000	11.88447
3	12000.00000	11.88447
3	12200.00000	11.88447
3	12400.00000	11.10299
3	12600.00000	11.10299
3	12800.00000	11.10299
3	13000.00000	11.10299
3	13200.00000	9.90259
3	13400.00000	9.90259
3	13600.00000	9.90259
3	13800.00000	9.90259
3	14000.00000	9.07162
3	14200.00000	9.07162
3	14400.00000	9.07162
3	14600.00000	9.59713
3	14800.00000	9.59713
3	15000.00000	9.59713
3	15200.00000	9.59713
3	15400.00000	8.86649
3	15600.00000	8.86649
3	15800.00000	8.86649
3	16000.00000	8.86649
3	16200.00000	9.47683
3	16400.00000	9.47683
3	16600.00000	9.47683
3	16800.00000	9.47683
3	17000.00000	9.13739
3	17200.00000	9.13739
3	17400.00000	9.13739
3	17600.00000	9.13739
3	17800.00000	9.75411
3	18000.00000	9.75411
3	18200.00000	9.75411
3	18400.00000	9.75411
3	18600.00000	8.73223
3	18800.00000	8.73223
3	19000.00000	8.73223
3	19200.00000	8.81806
3	19400.00000	8.81806
3	19600.00000	8.81806
3	19800.00000	8.81806
3	20000.00000	7.76874
4	0.00000	11.42876
4	200.00000	11.42876
4	400.00000	11.42876
4	600.00000	11.42876
4	800.00000	13.66469
4	1000.00000	13.66469
4	1200.00000	13.66469
4	1400.00000	13.66469
4	1600.00000	10.83312
4	1800.00000	10.83312
4	2000.00000	10.83312
4	2200.00000	10.83312
4	2400.00000	11.24926
4	2600.00000	11.24926
4	2800.00000	11.24926
4	3000.00000	11.24926
4	3200.00000	10.30292
4	3400.00000	10.30292
4	3600.00000	10.30292
4	3800.00000	10.30292
4	4000.00000	11.71363
4	4200.00000	11.71363
4	4400.00000	11.71363
4	4600.00000	11.71363
4	4800.00000	10.60280
4	5000.00000	10.60280
4	5200.00000	10.60280
4	5400.00000	10.03303
4	5600.00000	10.03303
4	5800.00000	10.03303
4	6000.00000	10.03303
4	6200.00000	10.75555
4	6400.00000	10.75555
4	6600.00000	10.75555
4	6800.00000	10.75555
4	7000.00000	9.50956
4	7200.00000	9.50956
4	7400.00000	9.50956
4	7600.00000	9.50956
4	7800.00000	9.92162
4	8000.00000	9.92162
4	8200.00000	9.92162
4	8400.00000	9.92162
4	8600.00000	9.02337
4	8800.00000	9.02337
4	9000.00000	9.02337
4	9200.00000	9.02337
4	9400.00000	10.65661
4	9600.00000	10.65661
4	9800.00000	10.65661
4	10000.00000	10.54120
4	10200.00000	10.54120
4	10400.00000	10.54120
4	10600.00000	10.54120
4	10800.00000	8.95914
4	11000.00000	8.95914
4	11200.00000	8.95914
4	11400.00000	8.95914
4	11600.00000	10.97548
4	11800.00000	10.97548
4	12000.00000	10.97548
4	12200.00000	10.97548
4	12400.00000	10.25014
4	12600.00000	10.25014
4	12800.00000	10.25014
4	13000.00000	10.25014
4	13200.00000	9.36595
4	13400.00000	9.36595
4	13600.00000	9.36595
4	13800.00000	9.36595
4	14000.00000	9.01677
4	14200.00000	9.01677
4	14400.00000	9.01677
4	14600.00000	9.39644
4	14800.00000	9.39644
4	15000.00000	9.39644
4	15200.00000	9.39644
4	15400.00000	8.26891
4	15600.00000	8.26891
4	15800.00000	8.26891
4	16000.00000	8.26891
4	16200.00000	9.24415
4	16400.00000	9.24415
4	16600.00000	9.24415
4	16800.00000	9.24415
4	17000.00000	9.58143
4	17200.00000	9.58143
4	17400.00000	9.58143
4	17600.00000	9.58143
4	17800.00000	8.76245
4	18000.00000	8.76245
4	18200.00000	8.76245
4	18400.00000	8.76245
4	18600.00000	9.22495
4	18800.00000	9.22495
4	19000.00000	9.22495
4	19200.00000	8.76178
4	19400.00000	8.76178
4	19600.00000	8.76178
4	19800.00000	8.76178
4	20000.00000	9.48478
5	0.00000	11.47501
5	200.00000	11.47501
5	400.00000	11.47501
5	600.00000	11.47501
5	800.00000	13.63945
5	1000.00000	13.63945
5	1200.00000	13.63945
5	1400.00000	13.63945
5	1600.00000	10.75212
5	1800.00000	10.75212
5	2000.00000	10.75212
5	2200.00000	10.75212
5	2400.00000	11.82150
5	2600.00000	11.82150
5	2800.00000	11.82150
5	3000.00000	11.82150
5	3200.00000	10.15284
5	3400.00000	10.15284
5	3600.00000	10.15284
5	3800.00000	10.15284
5	4000.00000	11.55139
5	4200.00000	11.55139
5	4400.00000	11.55139
5	4600.00000	11.55139
5	4800.00000	10.55018
5	5000.00000	10.55018
5	5200.00000	10.55018
5	5400.00000	9.99401
5	5600.00000	9.99401
5	5800.00000	9.99401
5	6000.00000	9.99401
5	6200.00000	10.42056
5	6400.00000	10.42056
5	6600.00000	10.42056
5	6800.00000	10.42056
5	7000.00000	9.40090
5	7200.00000	9.40090
5	7400.00000	9.40090
5	7600.00000	9.40090
5	7800.00000	10.48193
5	8000.00000	10.48193
5	8200.00000	10.48193
5	8400.00000	10.48193
5	8600.00000	8.85059
5	8800.00000	8.85059
5	9000.00000	8.85059
5	9200.00000	8.85059
5	9400.00000	11.73660
5	9600.00000	11.73660
5	9800.00000	11.73660
5	10000.00000	9.95248
5	10200.00000	9.95248
5	10400.00000	9.95248
5	10600.00000	9.95248
5	10800.00000	8.84708
5	11000.00000	8.84708
5	11200.00000	8.84708
5	11400.00000	8.84708
5	11600.00000	12.09456
5	11800.00000	12.09456
5	12000.00000	12.09456
5	12200.00000	12.09456
5	12400.00000	10.31381
5	12600.00000	10.31381
5	12800.00000	10.31381
5	13000.00000	10.31381
5	13200.00000	8.60765
5	13400.00000	8.60765
5	13600.00000	8.60765
5	13800.00000	8.60765
5	14000.00000	12.19746
5	14200.00000	12.19746
5	14400.00000	12.19746
5	14600.00000	9.85854
5	14800.00000	9.85854
5	15000.00000	9.85854
5	15200.00000	9.85854
5	15400.00000	7.80023
5	15600.00000	7.80023
5	15800.00000	7.80023
5	16000.00000	7.80023
5	16200.00000	9.40014
5	16400.00000	9.40014
5	16600.00000	9.40014
5	16800.00000	9.40014
5	17000.00000	10.09369
5	17200.00000	10.09369
5	17400.00000	10.09369
5	17600.00000	10.09369
5	17800.00000	10.49168
5	18000.00000	10.49168
5	18200.00000	10.49168
5	18400.00000	10.49168
5	18600.00000	8.72191
5	18800.00000	8.72191
5	19000.00000	8.72191
5	19200.00000	8.91276
5	19400.00000	8.91276
5	19600.00000	8.91276
5	19800.00000	8.91276
5	20000.00000	9.84991
6	0.00000	11.40660
6	200.00000	11.40660
6	400.00000	11.40660
6	600.00000	11.40660
6	800.00000	14.17786
6	1000.00000	14.17786
6	1200.00000	14.17786
6	1400.00000	14.17786
6	1600.00000	11.00783
6	1800.00000	11.00783
6	2000.00000	11.00783
6	2200.00000	11.00783
6	2400.00000	11.11931
6	2600.00000	11.11931
6	2800.00000	11.11931
6	3000.00000	11.11931
6	3200.00000	10.08594
6	3400.00000	10.08594
6	3600.00000	10.08594
6	3800.00000	10.08594
6	4000.00000	11.98256
6	4200.00000	11.98256
6	4400.00000	11.98256
6	4600.00000	11.98256
6	4800.00000	10.61093
6	5000.00000	10.61093
6	5200.00000	10.61093
6	5400.00000	9.93616
6	5600.00000	9.93616
6	5800.00000	9.93616
6	6000.00000	9.93616
6	6200.00000	10.27648
6	6400.00000	10.27648
6	6600.00000	10.27648
6	6800.00000	10.27648
6	7000.00000	9.54054
6	7200.00000	9.54054
6	7400.00000	9.54054
6	7600.00000	9.54054
6	7800.00000	10.35921
6	8000.00000	10.35921
6	8200.00000	10.35921
6	8400.00000	10.35921
6	8600.00000	9.00382
6	8800.00000	9.00382
6	9000.00000	9.00382
6	9200.00000	9.00382
6	9400.00000	10.79980
6	9600.00000	10.79980
6	9800.00000	10.79980
6	10000.00000	10.53275
6	10200.00000	10.53275
6	10400.00000	10.53275
6	10600.00000	10.53275
6	10800.00000	8.70115
6	11000.00000	8.70115
6	11200.00000	8.70115
6	11400.00000	8.70115
6	11600.00000	9.81725
6	11800.00000	9.81725
6	12000.00000	9.81725
6	12200.00000	9.81725
6	12400.00000	10.06106
6	12600.00000	10.06106
6	12800.00000	10.06106
6	13000.00000	10.06106
6	13200.00000	8.85150
6	13400.00000	8.85150
6	13600.00000	8.85150
6	13800.00000	8.85150
6	14000.00000	9.49576
6	14200.00000	9.49576
6	14400.00000	9.49576
6	14600.00000	9.18915
6	14800.00000	9.18915
6	15000.00000	9.18915
6	15200.00000	9.18915
6	15400.00000	9.33159
6	15600.00000	9.33159
6	15800.00000	9.33159
6	16000.00000	9.33159
6	16200.00000	8.64829
6	16400.00000	8.64829
6	16600.00000	8.64829
6	16800.00000	8.64829
6	17000.00000	9.62981
6	17200.00000	9.62981
6	17400.00000	9.62981
6	17600.00000	9.62981
6	17800.00000	11.06786
6	18000.00000	11.06786
6	18200.00000	11.06786
6	18400.00000	11.06786
6	18600.00000	10.29748
6	18800.00000	10.29748
6	19000.00000	10.29748
6	19200.00000	9.46418
6	19400.00000	9.46418
6	19600.00000	9.46418
6	19800.00000	9.46418
6	20000.00000	9.45402
7	0.00000	11.42736
7	200.00000	11.42736
7	400.00000	11.42736
7	600.00000	11.42736
7	800.00000	13.72675
7	1000.00000	13.72675
7	1200.00000	13.72675
7	1400.00000	13.72675
7	1600.00000	10.89853
7	1800.00000	10.89853
7	2000.00000	10.89853
7	2200.00000	10.89853
7	2400.00000	11.53659
7	2600.00000	11.53659
7	2800.00000	11.53659
7	3000.00000	11.53659
7	3200.00000	10.20521
7	3400.00000	10.20521
7	3600.00000	10.20521
7	3800.00000	10.20521
7	4000.00000	11.17009
7	4200.00000	11.17009
7	4400.00000	11.17009
7	4600.00000	11.17009
7	4800.00000	10.57209
7	5000.00000	10.57209
7	5200.00000	10.57209
7	5400.00000	10.04768
7	5600.00000	10.04768
7	5800.00000	10.04768
7	6000.00000	10.04768
7	6200.00000	10.37197
7	6400.00000	10.37197
7	6600.00000	10.37197
7	6800.00000	10.37197
7	7000.00000	9.52548
7	7200.00000	9.52548
7	7400.00000	9.52548
7	7600.00000	9.52548
7	7800.00000	10.40898
7	8000.00000	10.40898
7	8200.00000	10.40898
7	8400.00000	10.40898
7	8600.00000	8.73432
7	8800.00000	8.73432
7	9000.00000	8.73432
7	9200.00000	8.73432
7	9400.00000	11.95846
7	9600.00000	11.95846
7	9800.00000	11.95846
7	10000.00000	10.38375
7	10200.00000	10.38375
7	10400.00000	10.38375
7	10600.00000	10.38375
7	10800.00000	8.63973
7	11000.00000	8.63973
7	11200.00000	8.63973
7	11400.00000	8.63973
7	11600.00000	10.50870
7	11800.00000	10.50870
7	12000.00000	10.50870
7	12200.00000	10.50870
7	12400.00000	10.31822
7	12600.00000	10.31822
7	12800.00000	10.31822
7	13000.00000	10.31822
7	13200.00000	9.08447
7	13400.00000	9.08447
7	13600.00000	9.08447
7	13800.00000	9.08447
7	14000.00000	9.77896
7	14200.00000	9.77896
7	14400.00000	9.77896
7	14600.00000	10.30174
7	14800.00000	10.30174
7	15000.00000	10.30174
7	15200.00000	10.30174
7	15400.00000	9.35130
7	15600.00000	9.35130
7	15800.00000	9.35130
7	16000.00000	9.35130
7	16200.00000	8.47319
7	16400.00000	8.47319
7	16600.00000	8.47319
7	16800.00000	8.47319
7	17000.00000	10.22704
7	17200.00000	10.22704
7	17400.00000	10.22704
7	17600.00000	10.22704
7	17800.00000	11.58733
7	18000.00000	11.58733
7	18200.00000	11.58733
7	18400.00000	11.58733
7	18600.00000	9.21875
7	18800.00000	9.21875
7	19000.00000	9.21875
7	19200.00000	9.84031
7	19400.00000	9.84031
7	19600.00000	9.84031
7	19800.00000	9.84031
7	20000.00000	8.50730
8	0.00000	11.52929
8	200.00000	11.52929
8	400.00000	11.52929
8	600.00000	11.52929
8	800.00000	13.72549
8	1000.00000	13.72549
8	1200.00000	13.72549
8	1400.00000	13.72549
8	1600.00000	10.82177
8	1800.00000	10.82177
8	2000.00000	10.82177
8	2200.00000	10.82177
8	2400.00000	11.51724
8	2600.00000	11.51724
8	2800.00000	11.51724
8	3000.00000	11.51724
8	3200.00000	10.19273
8	3400.00000	10.19273
8	3600.00000	10.19273
8	3800.00000	10.19273
8	4000.00000	11.10254
8	4200.00000	11.10254
8	4400.00000	11.10254
8	4600.00000	11.10254
8	4800.00000	11.05369
8	5000.00000	11.05369
8	5200.00000	11.05369
8	5400.00000	10.06953
8	5600.00000	10.06953
8	5800.00000	10.06953
8	6000.00000	10.06953
8	6200.00000	9.96204
8	6400.00000	9.96204
8	6600.00000	9.96204
8	6800.00000	9.96204
8	7000.00000	9.33348
8	7200.00000	9.33348
8	7400.00000	9.33348
8	7600.00000	9.33348
8	7800.00000	10.05977
8	8000.00000	10.05977
8	8200.00000	10.05977
8	8400.00000	10.05977
8	8600.00000	8.52873
8	8800.00000	8.52873
8	9000.00000	8.52873
8	9200.00000	8.52873
8	9400.00000	11.19837
8	9600.00000	11.19837
8	9800.00000	11.19837
8	10000.00000	10.23820
8	10200.00000	10.23820
8	10400.00000	10.23820
8	10600.00000	10.23820
8	10800.00000	9.07064
8	11000.00000	9.07064
8	11200.00000	9.07064
8	11400.00000	9.07064
8	11600.00000	11.27332
8	11800.00000	11.27332
8	12000.00000	11.27332
8	12200.00000	11.27332
8	12400.00000	9.91764
8	12600.00000	9.91764
8	12800.00000	9.91764
8	13000.00000	9.91764
8	13200.00000	10.21720
8	13400.00000	10.21720
8	13600.00000	10.21720
8	13800.00000	10.21720
8	14000.00000	8.89747
8	14200.00000	8.89747
8	14400.00000	8.89747
8	14600.00000	10.32628
8	14800.00000	10.32628
8	15000.00000	10.32628
8	15200.00000	10.32628
8	15400.00000	8.43607
8	15600.00000	8.43607
8	15800.00000	8.43607
8	16000.00000	8.43607
8	16200.00000	9.03157
8	16400.00000	9.03157
8	16600.00000	9.03157
8	16800.00000	9.03157
8	17000.00000	10.04899
8	17200.00000	10.04899
8	17400.00000	10.04899
8	17600.00000	10.04899
8	17800.00000	9.56623
8	18000.00000	9.56623
8	18200.00000	9.56623
8	18400.00000	9.56623
8	18600.00000	10.10375
8	18800.00000	10.10375
8	19000.00000	10.10375
8	19200.00000	9.17167
8	19400.00000	9.17167
8	19600.00000	9.17167
8	19800.00000	9.17167
8	20000.00000	7.91977
9	0.00000	11.49506
9	200.00000	11.49506
9	400.00000	11.49506
9	600.00000	11.49506
9	800.00000	13.36978
9	1000.00000	13.36978
9	1200.00000	13.36978
9	1400.00000	13.36978
9	1600.00000	10.85789
9	1800.00000	10.85789
9	2000.00000	10.85789
9	2200.00000	10.85789
9	2400.00000	11.54764
9	2600.00000	11.54764
9	2800.00000	11.54764
9	3000.00000	11.54764
9	3200.00000	10.15360
9	3400.00000	10.15360
9	3600.00000	10.15360
9	3800.00000	10.15360
9	4000.00000	11.50058
9	4200.00000	11.50058
9	4400.00000	11.50058
9	4600.00000	11.50058
9	4800.00000	10.84184
9	5000.00000	10.84184
9	5200.00000	10.84184
9	5400.00000	10.09606
9	5600.00000	10.09606
9	5800.00000	10.09606
9	6000.00000	10.09606
9	6200.00000	10.72316
9	6400.00000	10.72316
9	6600.00000	10.72316
9	6800.00000	10.72316
9	7000.00000	9.31790
9	7200.00000	9.31790
9	7400.00000	9.31790
9	7600.00000	9.31790
9	7800.00000	10.15592
9	8000.00000	10.15592
9	8200.00000	10.15592
9	8400.00000	10.15592
9	8600.00000	8.80010
9	8800.00000	8.80010
9	9000.00000	8.80010
9	9200.00000	8.80010
9	9400.00000	10.69988
9	9600.00000	10.69988
9	9800.00000	10.69988
9	10000.00000	10.42531
9	10200.00000	10.42531
9	10400.00000	10.42531
9	10600.00000	10.42531
9	10800.00000	8.91207
9	11000.00000	8.91207
9	11200.00000	8.91207
9	11400.00000	8.91207
9	11600.00000	11.70734
9	11800.00000	11.70734
9	12000.00000	11.70734
9	12200.00000	11.70734
9	12400.00000	11.77287
9	12600.00000	11.77287
9	12800.00000	11.77287
9	13000.00000	11.77287
9	13200.00000	9.83482
9	13400.00000	9.83482
9	13600.00000	9.83482
9	13800.00000	9.83482
9	14000.00000	8.51968
9	14200.00000	8.51968
9	14400.00000	8.51968
9	14600.00000	9.61446
9	14800.00000	9.61446
9	15000.00000	9.61446
9	15200.00000	9.61446
9	15400.00000	8.55861
9	15600.00000	8.55861
9	15800.00000	8.55861
9	16000.00000	8.55861
9	16200.00000	8.30371
9	16400.00000	8.30371
9	16600.00000	8.30371
9	16800.00000	8.30371
9	17000.00000	10.80360
9	17200.00000	10.80360
9	17400.00000	10.80360
9	17600.00000	10.80360
9	17800.00000	9.24013
9	18000.00000	9.24013
9	18200.00000	9.24013
9	18400.00000	9.24013
9	18600.00000	8.41215
9	18800.00000	8.41215
9	19000.00000	8.41215
9	19200.00000	8.37623
9	19400.00000	8.37623
9	19600.00000	8.37623
9	19800.00000	8.37623
9	20000.00000	8.97232
10	0.00000	11.44052
10	200.00000	11.44052
10	400.00000	11.44052
10	600.00000	11.44052
10	800.00000	14.81246
10	1000.00000	14.81246
10	1200.00000	14.81246
10	1400.00000	14.81246
10	1600.00000	10.77224
10	1800.00000	10.77224
10	2000.00000	10.77224
10	2200.00000	10.77224
10	2400.00000	11.43228
10	2600.00000	11.43228
10	2800.00000	11.43228
10	3000.00000	11.43228
10	3200.00000	10.15118
10	3400.00000	10.15118
10	3600.00000	10.15118
10	3800.00000	10.15118
10	4000.00000	12.24745
10	4200.00000	12.24745
10	4400.00000	12.24745
10	4600.00000	12.24745
10	4800.00000	10.55691
10	5000.00000	10.55691
10	5200.00000	10.55691
10	5400.00000	10.09327
10	5600.00000	10.09327
10	5800.00000	10.09327
10	6000.00000	10.09327
10	6200.00000	10.53885
10	6400.00000	10.53885
10	6600.00000	10.53885
10	6800.00000	10.53885
10	7000.00000	9.22684
10	7200.00000	9.22684
10	7400.00000	9.22684
10	7600.00000	9.22684
10	7800.00000	10.37274
10	8000.00000	10.37274
10	8200.00000	10.37274
10	8400.00000	10.37274
10	8600.00000	9.12852
10	8800.00000	9.12852
10	9000.00000	9.12852
10	9200.00000	9.12852
10	9400.00000	11.73842
10	9600.00000	11.73842
10	9800.00000	11.73842
10	10000.00000	10.28125
10	10200.00000	10.28125
10	10400.00000	10.28125
10	10600.00000	10.28125
10	10800.00000	8.83832
10	11000.00000	8.83832
10	11200.00000	8.83832
10	11400.00000	8.83832
10	11600.00000	10.67847
10	11800.00000	10.67847
10	12000.00000	10.67847
10	12200.00000	10.67847
10	12400.00000	11.41282
10	12600.00000	11.41282
10	12800.00000	11.41282
10	13000.00000	11.41282
10	13200.00000	11.05553
10	13400.00000	11.05553
10	13600.00000	11.05553
10	13800.00000	11.05553
10	14000.00000	8.73888
10	14200.00000	8.73888
10	14400.00000	8.73888
10	14600.00000	9.74949
10	14800.00000	9.74949
10	15000.00000	9.74949
10	15200.00000	9.74949
10	15400.00000	8.08111
10	15600.00000	8.08111
10	15800.00000	8.08111
10	16000.00000	8.08111
10	16200.00000	8.45667
10	16400.00000	8.45667
10	16600.00000	8.45667
10	16800.00000	8.45667
10	17000.00000	9.94502
10	17200.00000	9.94502
10	17400.00000	9.94502
10	17600.00000	9.94502
10	17800.00000	9.09986
10	18000.00000	9.09986
10	18200.00000	9.09986
10	18400.00000	9.09986
10	18600.00000	8.76278
10	18800.00000	8.76278
10	19000.00000	8.76278
10	19200.00000	9.72286
10	19400.00000	9.72286
10	19600.00000	9.72286
10	19800.00000	9.72286
10	20000.00000	8.38237
11	0.00000	11.47766
11	200.00000	11.47766
11	400.00000	11.47766
11	600.00000	11.47766
11	800.00000	13.55908
11	1000.00000	13.55908
11	1200.00000	13.55908
11	1400.00000	13.55908
11	1600.00000	10.97821
11	1800.00000	10.97821
11	2000.00000	10.97821
11	2200.00000	10.97821
11	2400.00000	11.16171
11	2600.00000	11.16171
11	2800.00000	11.16171
11	3000.00000	11.16171
11	3200.00000	10.14915
11	3400.00000	10.14915
11	3600.00000	10.14915
11	3800.00000	10.14915
11	4000.00000	12.19242
11	4200.00000	12.19242
11	4400.00000	12.19242
11	4600.00000	12.19242
11	4800.00000	10.30657
11	5000.00000	10.30657
11	5200.00000	10.30657
11	5400.00000	10.12677
11	5600.00000	10.12677
11	5800.00000	10.12677
11	6000.00000	10.12677
11	6200.00000	11.08896
11	6400.00000	11.08896
11	6600.00000	11.08896
11	6800.00000	11.08896
11	7000.00000	9.21937
11	7200.00000	9.21937
11	7400.00000	9.21937
11	7600.00000	9.21937
11	7800.00000	10.56399
11	8000.00000	10.56399
11	8200.00000	10.56399
11	8400.00000	10.56399
11	8600.00000	8.76289
11	8800.00000	8.76289
11	9000.00000	8.76289
11	9200.00000	8.76289
11	9400.00000	11.65256
11	9600.00000	11.65256
11	9800.00000	11.65256
11	10000.00000	11.59166
11	10200.00000	11.59166
11	10400.00000	11.59166
11	10600.00000	11.59166
11	10800.00000	8.89782
11	11000.00000	8.89782
11	11200.00000	8.89782
11	11400.00000	8.89782
11	11600.00000	10.11960
11	11800.00000	10.11960
11	12000.00000	10.11960
11	12200.00000	10.11960
11	12400.00000	10.57349
11	12600.00000	10.57349
11	12800.00000	10.57349
11	13000.00000	10.57349
11	13200.00000	9.70481
11	13400.00000	9.70481
11	13600.00000	9.70481
11	13800.00000	9.70481
11	14000.00000	8.86058
11	14200.00000	8.86058
11	14400.00000	8.86058
11	14600.00000	10.14510
11	14800.00000	10.14510
11	15000.00000	10.14510
11	15200.00000	10.14510
11	15400.00000	8.60662
11	15600.00000	8.60662
11	15800.00000	8.60662
11	16000.00000	8.60662
11	16200.00000	8.35414
11	16400.00000	8.35414
11	16600.00000	8.35414
11	16800.00000	8.35414
11	17000.00000	9.54541
11	17200.00000	9.54541
11	17400.00000	9.54541
11	17600.00000	9.54541
11	17800.00000	9.04466
11	18000.00000	9.04466
11	18200.00000	9.04466
11	18400.00000	9.04466
11	18600.00000	9.81498
11	18800.00000	9.81498
11	19000.00000	9.81498
11	19200.00000	9.46682
11	19400.00000	9.46682
11	19600.00000	9.46682
11	19800.00000	9.46682
11	20000.00000	9.19750
12	0.00000	11.50095
12	200.00000	11.50095
12	400.00000	11.50095
12	600.00000	11.50095
12	800.00000	13.58715
12	1000.00000	13.58715
12	1200.00000	13.58715
12	1400.00000	13.58715
12	1600.00000	10.84041
12	1800.00000	10.84041
12	2000.00000	10.84041
12	2200.00000	10.84041
12	2400.00000	11.48587
12	2600.00000	11.48587
12	2800.00000	11.48587
12	3000.00000	11.48587
12	3200.00000	10.14493
12	3400.00000	10.14493
12	3600.00000	10.14493
12	3800.00000	10.14493
12	4000.00000	11.57047
12	4200.00000	11.57047
12	4400.00000	11.57047
12	4600.00000	11.57047
12	4800.00000	10.58444
12	5000.00000	10.58444
12	5200.00000	10.58444
12	5400.00000	10.04529
12	5600.00000	10.04529
12	5800.00000	10.04529
12	6000.00000	10.04529
12	6200.00000	11.77805
12	6400.00000	11.77805
12	6600.00000	11.77805
12	6800.00000	11.77805
12	7000.00000	9.17603
12	7200.00000	9.17603
12	7400.00000	9.17603
12	7600.00000	9.17603
12	7800.00000	10.10876
12	8000.00000	10.10876
12	8200.00000	10.10876
12	8400.00000	10.10876
12	8600.00000	8.98534
12	8800.00000	8.98534
12	9000.00000	8.98534
12	9200.00000	8.98534
12	9400.00000	11.56370
12	9600.00000	11.56370
12	9800.00000	11.56370
12	10000.00000	9.35158
12	10200.00000	9.35158
12	10400.00000	9.35158
12	10600.00000	9.35158
12	10800.00000	9.37576
12	11000.00000	9.37576
12	11200.00000	9.37576
12	11400.00000	9.37576
12	11600.00000	11.06032
12	11800.00000	11.06032
12	12000.00000	11.06032
12	12200.00000	11.06032
12	12400.00000	11.22514
12	12600.00000	11.22514
12	12800.00000	11.22514
12	13000.00000	11.22514
12	13200.00000	11.86740
12	13400.00000	11.86740
12	13600.00000	11.86740
12	13800.00000	11.86740
12	14000.00000	9.23901
12	14200.00000	9.23901
12	14400.00000	9.23901
12	14600.00000	8.73180
12	14800.00000	8.73180
12	15000.00000	8.73180
12	15200.00000	8.73180
12	15400.00000	9.07174
12	15600.00000	9.07174
12	15800.00000	9.07174
12	16000.00000	9.07174
12	16200.00000	8.98713
12	16400.00000	8.98713
12	16600.00000	8.98713
12	16800.00000	8.98713
12	17000.00000	9.41032
12	17200.00000	9.41032
12	17400.00000	9.41032
12	17600.00000	9.41032
12	17800.00000	8.45340
12	18000.00000	8.45340
12	18200.00000	8.45340
12	18400.00000	8.45340
12	18600.00000	9.84365
12	18800.00000	9.84365
12	19000.00000	9.84365
12	19200.00000	8.45820
12	19400.00000	8.45820
12	19600.00000	8.45820
12	19800.00000	8.45820
12	20000.00000	10.03290
13	0.00000	11.67848
13	200.00000	11.67848
13	400.00000	11.67848
13	600.00000	11.67848
13	800.00000	13.58747
13	1000.00000	13.58747
13	1200.00000	13.58747
13	1400.00000	13.58747
13	1600.00000	10.78917
13	1800.00000	10.78917
13	2000.00000	10.78917
13	2200.00000	10.78917
13	2400.00000	11.58539
13	2600.00000	11.58539
13	2800.00000	11.58539
13	3000.00000	11.58539
13	3200.00000	10.19571
13	3400.00000	10.19571
13	3600.00000	10.19571
13	3800.00000	10.19571
13	4000.00000	11.80065
13	4200.00000	11.80065
13	4400.00000	11.80065
13	4600.00000	11.80065
13	4800.00000	10.52050
13	5000.00000	10.52050
13	5200.00000	10.52050
13	5400.00000	9.78831
13	5600.00000	9.78831
13	5800.00000	9.78831
13	6000.00000	9.78831
13	6200.00000	11.28558
13	6400.00000	11.28558
13	6600.00000	11.28558
13	6800.00000	11.28558
13	7000.00000	9.22808
13	7200.00000	9.22808
13	7400.00000	9.22808
13	7600.00000	9.22808
13	7800.00000	10.64068
13	8000.00000	10.64068
13	8200.00000	10.64068
13	8400.00000	10.64068
13	8600.00000	8.99384
13	8800.00000	8.99384
13	9000.00000	8.99384
13	9200.00000	8.99384
13	9400.00000	10.57971
13	9600.00000	10.57971
13	9800.00000	10.57971
13	10000.00000	9.64352
13	10200.00000	9.64352
13	10400.00000	9.64352
13	10600.00000	9.64352
13	10800.00000	8.96212
13	11000.00000	8.96212
13	11200.00000	8.96212
13	11400.00000	8.96212
13	11600.00000	12.01569
13	11800.00000	12.01569
13	12000.00000	12.01569
13	12200.00000	12.01569
13	12400.00000	10.64091
13	12600.00000	10.64091
13	12800.00000	10.64091
13	13000.00000	10.64091
13	13200.00000	10.93678
13	13400.00000	10.93678
13	13600.00000	10.93678
13	13800.00000	10.93678
13	14000.00000	8.96207
13	14200.00000	8.96207
13	14400.00000	8.96207
13	14600.00000	9.52010
13	14800.00000	9.52010
13	15000.00000	9.52010
13	15200.00000	9.52010
13	15400.00000	7.65217
13	15600.00000	7.65217
13	15800.00000	7.65217
13	16000.00000	7.65217
13	16200.00000	9.24957
13	16400.00000	9.24957
13	16600.00000	9.24957
13	16800.00000	9.24957
13	17000.00000	9.30852
13	17200.00000	9.30852
13	17400.00000	9.30852
13	17600.00000	9.30852
13	17800.00000	9.19263
13	18000.00000	9.19263
13	18200.00000	9.19263
13	18400.00000	9.19263
13	18600.00000	8.42900
13	18800.00000	8.42900
13	19000.00000	8.42900
13	19200.00000	8.41807
13	19400.00000	8.41807
13	19600.00000	8.41807
13	19800.00000	8.41807
13	20000.00000	10.13032
14	0.00000	11.49338
14	200.00000	11.49338
14	400.00000	11.49338
14	600.00000	11.49338
14	800.00000	14.29648
14	1000.00000	14.29648
14	1200.00000	14.29648
14	1400.00000	14.29648
14	1600.00000	10.86979
14	1800.00000	10.86979
14	2000.00000	10.86979
14	2200.00000	10.86979
14	2400.00000	11.55322
14	2600.00000	11.55322
14	2800.00000	11.55322
14	3000.00000	11.55322
14	3200.00000	10.22340
14	3400.00000	10.22340
14	3600.00000	10.22340
14	3800.00000	10.22340
14	4000.00000	12.09230
14	4200.00000	12.09230
14	4400.00000	12.09230
14	4600.00000	12.09230
14	4800.00000	10.04039
14	5000.00000	10.04039
14	5200.00000	10.04039
14	5400.00000	10.26182
14	5600.00000	10.26182
14	5800.00000	10.26182
14	6000.00000	10.26182
14	6200.00000	11.34162
14	6400.00000	11.34162
14	6600.00000	11.34162
14	6800.00000	11.34162
14	7000.00000	9.20900
14	7200.00000	9.20900
14	7400.00000	9.20900
14	7600.00000	9.20900
14	7800.00000	9.77584
14	8000.00000	9.77584
14	8200.00000	9.77584
14	8400.00000	9.77584
14	8600.00000	9.34303
14	8800.00000	9.34303
14	9000.00000	9.34303
14	9200.00000	9.34303
14	9400.00000	10.38017
14	9600.00000	10.38017
14	9800.00000	10.38017
14	10000.00000	9.96653
14	10200.00000	9.96653
14	10400.00000	9.96653
14	10600.00000	9.96653
14	10800.00000	8.86128
14	11000.00000	8.86128
14	11200.00000	8.86128
14	11400.00000	8.86128
14	11600.00000	10.48331
14	11800.00000	10.48331
14	12000.00000	10.48331
14	12200.00000	10.48331
14	12400.00000	12.29904
14	12600.00000	12.29904
14	12800.00000	12.29904
14	13000.00000	12.29904
14	13200.00000	11.35590
14	13400.00000	11.35590
14	13600.00000	11.35590
14	13800.00000	11.35590
14	14000.00000	8.71804
14	14200.00000	8.71804
14	14400.00000	8.71804
14	14600.00000	10.00958
14	14800.00000	10.00958
14	15000.00000	10.00958
14	15200.00000	10.00958
14	15400.00000	7.84024
14	15600.00000	7.84024
14	15800.00000	7.84024
14	16000.00000	7.84024
14	16200.00000	9.49789
14	16400.00000	9.49789
14	16600.00000	9.49789
14	16800.00000	9.49789
14	17000.00000	10.93095
14	17200.00000	10.93095
14	17400.00000	10.93095
14	17600.00000	10.93095
14	17800.00000	9.37324
14	18000.00000	9.37324
14	18200.00000	9.37324
14	18400.00000	9.37324
14	18600.00000	7.88861
14	18800.00000	7.88861
14	19000.00000	7.88861
14	19200.00000	10.64165
14	19400.00000	10.64165
14	19600.00000	10.64165
14	19800.00000	10.64165
14	20000.00000	9.98278
15	0.00000	11.51848
15	200.00000	11.51848
15	400.00000	11.51848
15	600.00000	11.51848
15	800.00000	14.01818
15	1000.00000	14.01818
15	1200.00000	14.01818
15	1400.00000	14.01818
15	1600.00000	10.75359
15	1800.00000	10.75359
15	2000.00000	10.75359
15	2200.00000	10.75359
15	2400.00000	11.73644
15	2600.00000	11.73644
15	2800.00000	11.73644
15	3000.00000	11.73644
15	3200.00000	10.11328
15	3400.00000	10.11328
15	3600.00000	10.11328
15	3800.00000	10.11328
15	4000.00000	12.02163
15	4200.00000	12.02163
15	4400.00000	12.02163
15	4600.00000	12.02163
15	4800.00000	10.15710
15	5000.00000	10.15710
15	5200.00000	10.15710
15	5400.00000	10.28463
15	5600.00000	10.28463
15	5800.00000	10.28463
15	6000.00000	10.28463
15	6200.00000	11.88059
15	6400.00000	11.88059
15	6600.00000	11.88059
15	6800.00000	11.88059
15	7000.00000	9.16688
15	7200.00000	9.16688
15	7400.00000	9.16688
15	7600.00000	9.16688
15	7800.00000	10.61222
15	8000.00000	10.61222
15	8200.00000	10.61222
15	8400.00000	10.61222
15	8600.00000	9.04401
15	8800.00000	9.04401
15	9000.00000	9.04401
15	9200.00000	9.04401
15	9400.00000	9.98324
15	9600.00000	9.98324
15	9800.00000	9.98324
15	10000.00000	9.90784
15	10200.00000	9.90784
15	10400.00000	9.90784
15	10600.00000	9.90784
15	10800.00000	8.87384
15	11000.00000	8.87384
15	11200.00000	8.87384
15	11400.00000	8.87384
15	11600.00000	11.26975
15	11800.00000	11.26975
15	12000.00000	11.26975
15	12200.00000	11.26975
15	12400.00000	11.03448
15	12600.00000	11.03448
15	12800.00000	11.03448
15	13000.00000	11.03448
15	13200.00000	11.44143
15	13400.00000	11.44143
15	13600.00000	11.44143
15	13800.00000	11.44143
15	14000.00000	8.74826
15	14200.00000	8.74826
15	14400.00000	8.74826
15	14600.00000	9.85439
15	14800.00000	9.85439
15	15000.00000	9.85439
15	15200.00000	9.85439
15	15400.00000	7.91384
15	15600.00000	7.91384
15	15800.00000	7.91384
15	16000.00000	7.91384
15	16200.00000	9.44133
15	16400.00000	9.44133
15	16600.00000	9.44133
15	16800.00000	9.44133
15	17000.00000	9.64433
15	17200.00000	9.64433
15	17400.00000	9.64433
15	17600.00000	9.64433
15	17800.00000	10.28546
15	18000.00000	10.28546
15	18200.00000	10.28546
15	18400.00000	10.28546
15	18600.00000	8.72204
15	18800.00000	8.72204
15	19000.00000	8.72204
15	19200.00000	9.77887
15	19400.00000	9.77887
15	19600.00000	9.77887
15	19800.00000	9.77887
15	20000.00000	11.16874
16	0.00000	11.55125
16	200.00000	11.55125
16	400.00000	11.55125
16	600.00000	11.55125
16	800.00000	14.09495
16	1000.00000	14.09495
16	1200.00000	14.09495
16	1400.00000	14.09495
16	1600.00000	10.76202
16	1800.00000	10.76202
16	2000.00000	10.76202
16	2200.00000	10.76202
16	2400.00000	11.77264
16	2600.00000	11.77264
16	2800.00000	11.77264
16	3000.00000	11.77264
16	3200.00000	9.99896
16	3400.00000	9.99896
16	3600.00000	9.99896
16	3800.00000	9.99896
16	4000.00000	11.60260
16	4200.00000	11.60260
16	4400.00000	11.60260
16	4600.00000	11.60260
16	4800.00000	10.03494
16	5000.00000	10.03494
16	5200.00000	10.03494
16	5400.00000	10.51523
16	5600.00000	10.51523
16	5800.00000	10.51523
16	6000.00000	10.51523
16	6200.00000	11.47035
16	6400.00000	11.47035
16	6600.00000	11.47035
16	6800.00000	11.47035
16	7000.00000	9.27321
16	7200.00000	9.27321
16	7400.00000	9.27321
16	7600.00000	9.27321
16	7800.00000	10.31038
16	8000.00000	10.31038
16	8200.00000	10.31038
16	8400.00000	10.31038
16	8600.00000	8.77057
16	8800.00000	8.77057
16	9000.00000	8.77057
16	9200.00000	8.77057
16	9400.00000	10.87276
16	9600.00000	10.87276
16	9800.00000	10.87276
16	10000.00000	10.20260
16	10200.00000	10.20260
16	10400.00000	10.20260
16	10600.00000	10.20260
16	10800.00000	9.38140
16	11000.00000	9.38140
16	11200.00000	9.38140
16	11400.00000	9.38140
16	11600.00000	11.35777
16	11800.00000	11.35777
16	12000.00000	11.35777
16	12200.00000	11.35777
16	12400.00000	10.88041
16	12600.00000	10.88041
16	12800.00000	10.88041
16	13000.00000	10.88041
16	13200.00000	10.23122
16	13400.00000	10.23122
16	13600.00000	10.23122
16	13800.00000	10.23122
16	14000.00000	8.40342
16	14200.00000	8.40342
16	14400.00000	8.40342
16	14600.00000	11.10984
16	14800.00000	11.10984
16	15000.00000	11.10984
16	15200.00000	11.10984
16	15400.00000	8.30485
16	15600.00000	8.30485
16	15800.00000	8.30485
16	16000.00000	8.30485
16	16200.00000	9.49689
16	16400.00000	9.49689
16	16600.00000	9.49689
16	16800.00000	9.49689
16	17000.00000	8.10065
16	17200.00000	8.10065
16	17400.00000	8.10065
16	17600.00000	8.10065
16	17800.00000	9.59488
16	18000.00000	9.59488
16	18200.00000	9.59488
16	18400.00000	9.59488
16	18600.00000	9.19063
16	18800.00000	9.19063
16	19000.00000	9.19063
16	19200.00000	8.56694
16	19400.00000	8.56694
16	19600.00000	8.56694
16	19800.00000	8.56694
16	20000.00000	10.54602
17	0.00000	11.50101
17	200.00000	11.50101
17	400.00000	11.50101
17	600.00000	11.50101
17	800.00000	13.80569
17	1000.00000	13.80569
17	1200.00000	13.80569
17	1400.00000	13.80569
17	1600.00000	10.88224
17	1800.00000	10.88224
17	2000.00000	10.88224
17	2200.00000	10.88224
17	2400.00000	11.48356
17	2600.00000	11.48356
17	2800.00000	11.48356
17	3000.00000	11.48356
17	3200.00000	10.25832
17	3400.00000	10.25832
17	3600.00000	10.25832
17	3800.00000	10.25832
17	4000.00000	12.02977
17	4200.00000	12.02977
17	4400.00000	12.02977
17	4600.00000	12.02977
17	4800.00000	10.45288
17	5000.00000	10.45288
17	5200.00000	10.45288
17	5400.00000	9.86728
17	5600.00000	9.86728
17	5800.00000	9.86728
17	6000.00000	9.86728
17	6200.00000	11.17162
17	6400.00000	11.17162
17	6600.00000	11.17162
17	6800.00000	11.17162
17	7000.00000	9.38089
17	7200.00000	9.38089
17	7400.00000	9.38089
17	7600.00000	9.38089
17	7800.00000	9.71116
17	8000.00000	9.71116
17	8200.00000	9.71116
17	8400.00000	9.71116
17	8600.00000	8.87096
17	8800.00000	8.87096
17	9000.00000	8.87096
17	9200.00000	8.87096
17	9400.00000	11.24090
17	9600.00000	11.24090
17	9800.00000	11.24090
17	10000.00000	10.00892
17	10200.00000	10.00892
17	10400.00000	10.00892
17	10600.00000	10.00892
17	10800.00000	9.04079
17	11000.00000	9.04079
17	11200.00000	9.04079
17	11400.00000	9.04079
17	11600.00000	10.88635
17	11800.00000	10.88635
17	12000.00000	10.88635
17	12200.00000	10.88635
17	12400.00000	10.77978
17	12600.00000	10.77978
17	12800.00000	10.77978
17	13000.00000	10.77978
17	13200.00000	9.60834
17	13400.00000	9.60834
17	13600.00000	9.60834
17	13800.00000	9.60834
17	14000.00000	9.05028
17	14200.00000	9.05028
17	14400.00000	9.05028
17	14600.00000	8.83494
17	14800.00000	8.83494
17	15000.00000	8.83494
17	15200.00000	8.83494
17	15400.00000	8.27000
17	15600.00000	8.27000
17	15800.00000	8.27000
17	16000.00000	8.27000
17	16200.00000	10.55368
17	16400.00000	10.55368
17	16600.00000	10.55368
17	16800.00000	10.55368
17	17000.00000	9.71727
17	17200.00000	9.71727
17	17400.00000	9.71727
17	17600.00000	9.71727
17	17800.00000	8.61417
17	18000.00000	8.61417
17	18200.00000	8.61417
17	18400.00000	8.61417
17	18600.00000	9.39795
17	18800.00000	9.39795
17	19000.00000	9.39795
17	19200.00000	8.43668
17	19400.00000	8.43668
17	19600.00000	8.43668
17	19800.00000	8.43668
17	20000.00000	9.71457
18	0.00000	11.48726
18	200.00000	11.48726
18	400.00000	11.48726
18	600.00000	11.48726
18	800.00000	13.90373
18	1000.00000	13.90373
18	1200.00000	13.90373
18	1400.00000	13.90373
18	1600.00000	10.76943
18	1800.00000	10.76943
18	2000.00000	10.76943
18	2200.00000	10.76943
18	2400.00000	11.17554
18	2600.00000	11.17554
18	2800.00000	11.17554
18	3000.00000	11.17554
18	3200.00000	10.02764
18	3400.00000	10.02764
18	3600.00000	10.02764
18	3800.00000	10.02764
18	4000.00000	11.81874
18	4200.00000	11.81874
18	4400.00000	11.81874
18	4600.00000	11.81874
18	4800.00000	10.54170
18	5000.00000	10.54170
18	5200.00000	10.54170
18	5400.00000	10.10631
18	5600.00000	10.10631
18	5800.00000	10.10631
18	6000.00000	10.10631
18	6200.00000	10.95282
18	6400.00000	10.95282
18	6600.00000	10.95282
18	6800.00000	10.95282
18	7000.00000	9.14529
18	7200.00000	9.14529
18	7400.00000	9.14529
18	7600.00000	9.14529
18	7800.00000	10.24466
18	8000.00000	10.24466
18	8200.00000	10.24466
18	8400.00000	10.24466
18	8600.00000	9.06662
18	8800.00000	9.06662
18	9000.00000	9.06662
18	9200.00000	9.06662
18	9400.00000	11.07983
18	9600.00000	11.07983
18	9800.00000	11.07983
18	10000.00000	10.20967
18	10200.00000	10.20967
18	10400.00000	10.20967
18	10600.00000	10.20967
18	10800.00000	8.60667
18	11000.00000	8.60667
18	11200.00000	8.60667
18	11400.00000	8.60667
18	11600.00000	12.82020
18	11800.00000	12.82020
18	12000.00000	12.82020
18	12200.00000	12.82020
18	12400.00000	12.63748
18	12600.00000	12.63748
18	12800.00000	12.63748
18	13000.00000	12.63748
18	13200.00000	11.84863
18	13400.00000	11.84863
18	13600.00000	11.84863
18	13800.00000	11.84863
18	14000.00000	8.48950
18	14200.00000	8.48950
18	14400.00000	8.48950
18	14600.00000	10.09805
18	14800.00000	10.09805
18	15000.00000	10.09805
18	15200.00000	10.09805
18	15400.00000	8.13680
18	15600.00000	8.13680
18	15800.00000	8.13680
18	16000.00000	8.13680
18	16200.00000	10.42599
18	16400.00000	10.42599
18	16600.00000	10.42599
18	16800.00000	10.42599
18	17000.00000	9.42910
18	17200.00000	9.42910
18	17400.00000	9.42910
18	17600.00000	9.42910
18	17800.00000	9.12316
18	18000.00000	9.12316
18	18200.00000	9.12316
18	18400.00000	9.12316
18	18600.00000	9.65211
18	18800.00000	9.65211
18	19000.00000	9.65211
18	19200.00000	7.41261
18	19400.00000	7.41261
18	19600.00000	7.41261
18	19800.00000	7.41261
18	20000.00000	8.69240
19	0.00000	11.40510
19	200.00000	11.40510
19	400.00000	11.40510
19	600.00000	11.40510
19	800.00000	14.44245
19	1000.00000	14.44245
19	1200.00000	14.44245
19	1400.00000	14.44245
19	1600.00000	10.79775
19	1800.00000	10.79775
19	2000.00000	10.79775
19	2200.00000	10.79775
19	2400.00000	11.86460
19	2600.00000	11.86460
19	2800.00000	11.86460
19	3000.00000	11.86460
19	3200.00000	10.04283
19	3400.00000	10.04283
19	3600.00000	10.04283
19	3800.00000	10.04283
19	4000.00000	12.26955
19	4200.00000	12.26955
19	4400.00000	12.26955
19	4600.00000	12.26955
19	4800.00000	10.89901
19	5000.00000	10.89901
19	5200.00000	10.89901
19	5400.00000	9.98503
19	5600.00000	9.98503
19	5800.00000	9.98503
19	6000.00000	9.98503
19	6200.00000	10.86780
19	6400.00000	10.86780
19	6600.00000	10.86780
19	6800.00000	10.86780
19	7000.00000	9.16000
19	7200.00000	9.16000
19	7400.00000	9.16000
19	7600.00000	9.16000
19	7800.00000	10.11116
19	8000.00000	10.11116
19	8200.00000	10.11116
19	8400.00000	10.11116
19	8600.00000	9.07330
19	8800.00000	9.07330
19	9000.00000	9.07330
19	9200.00000	9.07330
19	9400.00000	11.28156
19	9600.00000	11.28156
19	9800.00000	11.28156
19	10000.00000	10.45000
19	10200.00000	10.45000
19	10400.00000	10.45000
19	10600.00000	10.45000
19	10800.00000	8.80070
19	11000.00000	8.80070
19	11200.00000	8.80070
19	11400.00000	8.80070
19	11600.00000	10.72538
19	11800.00000	10.72538
19	12000.00000	10.72538
19	12200.00000	10.72538
19	12400.00000	11.17257
19	12600.00000	11.17257
19	12800.00000	11.17257
19	13000.00000	11.17257
19	13200.00000	9.99496
19	13400.00000	9.99496
19	13600.00000	9.99496
19	13800.00000	9.99496
19	14000.00000	8.72706
19	14200.00000	8.72706
19	14400.00000	8.72706
19	14600.00000	9.41243
19	14800.00000	9.41243
19	15000.00000	9.41243
19	15200.00000	9.41243
19	15400.00000	8.08611
19	15600.00000	8.08611
19	15800.00000	8.08611
19	16000.00000	8.08611
19	16200.00000	10.94550
19	16400.00000	10.94550
19	16600.00000	10.94550
19	16800.00000	10.94550
19	17000.00000	10.71515
19	17200.00000	10.71515
19	17400.00000	10.71515
19	17600.00000	10.71515
19	17800.00000	8.85895
19	18000.00000	8.85895
19	18200.00000	8.85895
19	18400.00000	8.85895
19	18600.00000	9.14978
19	18800.00000	9.14978
19	19000.00000	9.14978
19	19200.00000	8.93237
19	19400.00000	8.93237
19	19600.00000	8.93237
19	19800.00000	8.93237
19	20000.00000	8.68776
20	0.00000	11.32698
20	200.00000	11.32698
20	400.00000	11.32698
20	600.00000	11.32698
20	800.00000	16.71688
20	1000.00000	16.71688
20	1200.00000	16.71688
20	1400.00000	16.71688
20	1600.00000	10.71996
20	1800.00000	10.71996
20	2000.00000	10.71996
20	2200.00000	10.71996
20	2400.00000	12.12030
20	2600.00000	12.12030
20	2800.00000	12.12030
20	3000.00000	12.12030
20	3200.00000	10.17469
20	3400.00000	10.17469
20	3600.00000	10.17469
20	3800.00000	10.17469
20	4000.00000	11.51850
20	4200.00000	11.51850
20	4400.00000	11.51850
20	4600.00000	11.51850
20	4800.00000	10.99074
20	5000.00000	10.99074
20	5200.00000	10.99074
20	5400.00000	9.82690
20	5600.00000	9.82690
20	5800.00000	9.82690
20	6000.00000	9.82690
20	6200.00000	10.76860
20	6400.00000	10.76860
20	6600.00000	10.76860
20	6800.00000	10.76860
20	7000.00000	9.26502
20	7200.00000	9.26502
20	7400.00000	9.26502
20	7600.00000	9.26502
20	7800.00000	10.77347
20	8000.00000	10.77347
20	8200.00000	10.77347
20	8400.00000	10.77347
20	8600.00000	8.99894
20	8800.00000	8.99894
20	9000.00000	8.99894
20	9200.00000	8.99894
20	9400.00000	11.30947
20	9600.00000	11.30947
20	9800.00000	11.30947
20	10000.00000	10.23091
20	10200.00000	10.23091
20	10400.00000	10.23091
20	10600.00000	10.23091
20	10800.00000	8.90783
20	11000.00000	8.90783
20	11200.00000	8.90783
20	11400.00000	8.90783
20	11600.00000	13.09527
20	11800.00000	13.09527
20	12000.00000	13.09527
20	12200.00000	13.09527
20	12400.00000	11.91087
20	12600.00000	11.91087
20	12800.00000	11.91087
20	13000.00000	11.91087
20	13200.00000	11.07305
20	13400.00000	11.07305
20	13600.00000	11.07305
20	13800.00000	11.07305
20	14000.00000	8.52520
20	14200.00000	8.52520
20	14400.00000	8.52520
20	14600.00000	10.24327
20	14800.00000	10.24327
20	15000.00000	10.24327
20	15200.00000	10.24327
20	15400.00000	8.11363
20	15600.00000	8.11363
20	15800.00000	8.11363
20	16000.00000	8.11363
20	16200.00000	9.25966
20	16400.00000	9.25966
20	16600.00000	9.25966
20	16800.00000	9.25966
20	17000.00000	10.28640
20	17200.00000	10.28640
20	17400.00000	10.28640
20	17600.00000	10.28640
20	17800.00000	9.77873
20	18000.00000	9.77873
20	18200.00000	9.77873
20	18400.00000	9.77873
20	18600.00000	9.15471
20	18800.00000	9.15471
20	19000.00000	9.15471
20	19200.00000	8.42507
20	19400.00000	8.42507
20	19600.00000	8.42507
20	19800.00000	8.42507
20	20000.00000	9.55371
21	0.00000	11.36969
21	200.00000	11.36969
21	400.00000	11.36969
21	600.00000	11.36969
21	800.00000	14.23614
21	1000.00000	14.23614
21	1200.00000	14.23614
21	1400.00000	14.23614
21	1600.00000	10.85948
21	1800.00000	10.85948
21	2000.00000	10.85948
21	2200.00000	10.85948
21	2400.00000	11.73132
21	2600.00000	11.73132
21	2800.00000	11.73132
21	3000.00000	11.73132
21	3200.00000	10.21595
21	3400.00000	10.21595
21	3600.00000	10.21595
21	3800.00000	10.21595
21	4000.00000	11.47501
21	4200.00000	11.47501
21	4400.00000	11.47501
21	4600.00000	11.47501
21	4800.00000	11.03186
21	5000.00000	11.03186
21	5200.00000	11.03186
21	5400.00000	9.88846
21	5600.00000	9.88846
21	5800.00000	9.88846
21	6000.00000	9.88846
21	6200.00000	10.73376
21	6400.00000	10.73376
21	6600.00000	10.73376
21	6800.00000	10.73376
21	7000.00000	9.19791
21	7200.00000	9.19791
21	7400.00000	9.19791
21	7600.00000	9.19791
21	7800.00000	10.15808
21	8000.00000	10.15808
21	8200.00000	10.15808
21	8400.00000	10.15808
21	8600.00000	8.87824
21	8800.00000	8.87824
21	9000.00000	8.87824
21	9200.00000	8.87824
21	9400.00000	12.08800
21	9600.00000	12.08800
21	9800.00000	12.08800
21	10000.00000	9.75867
21	10200.00000	9.75867
21	10400.00000	9.75867
21	10600.00000	9.75867
21	10800.00000	8.99635
21	11000.00000	8.99635
21	11200.00000	8.99635
21	11400.00000	8.99635
21	11600.00000	12.65920
21	11800.00000	12.65920
21	12000.00000	12.65920
21	12200.00000	12.65920
21	12400.00000	11.86335
21	12600.00000	11.86335
21	12800.00000	11.86335
21	13000.00000	11.86335
21	13200.00000	12.22977
21	13400.00000	12.22977
21	13600.00000	12.22977
21	13800.00000	12.22977
21	14000.00000	8.53852
21	14200.00000	8.53852
21	14400.00000	8.53852
21	14600.00000	9.10884
21	14800.00000	9.10884
21	15000.00000	9.10884
21	15200.00000	9.10884
21	15400.00000	8.54616
21	15600.00000	8.54616
21	15800.00000	8.54616
21	16000.00000	8.54616
21	16200.00000	12.40141
21	16400.00000	12.40141
21	16600.00000	12.40141
21	16800.00000	12.40141
21	17000.00000	12.01852
21	17200.00000	12.01852
21	17400.00000	12.01852
21	17600.00000	12.01852
21	17800.00000	11.18434
21	18000.00000	11.18434
21	18200.00000	11.18434
21	18400.00000	11.18434
21	18600.00000	8.50589
21	18800.00000	8.50589
21	19000.00000	8.50589
21	19200.00000	9.85506
21	19400.00000	9.85506
21	19600.00000	9.85506
21	19800.00000	9.85506
21	20000.00000	8.38629
22	0.00000	11.49048
22	200.00000	11.49048
22	400.00000	11.49048
22	600.00000	11.49048
22	800.00000	13.76774
22	1000.00000	13.76774
22	1200.00000	13.76774
22	1400.00000	13.76774
22	1600.00000	10.87460
22	1800.00000	10.87460
22	2000.00000	10.87460
22	2200.00000	10.87460
22	2400.00000	11.58435
22	2600.00000	11.58435
22	2800.00000	11.58435
22	3000.00000	11.58435
22	3200.00000	10.24778
22	3400.00000	10.24778
22	3600.00000	10.24778
22	3800.00000	10.24778
22	4000.00000	11.16287
22	4200.00000	11.16287
22	4400.00000	11.16287
22	4600.00000	11.16287
22	4800.00000	10.78682
22	5000.00000	10.78682
22	5200.00000	10.78682
22	5400.00000	10.07152
22	5600.00000	10.07152
22	5800.00000	10.07152
22	6000.00000	10.07152
22	6200.00000	10.23665
22	6400.00000	10.23665
22	6600.00000	10.23665
22	6800.00000	10.23665
22	7000.00000	9.67252
22	7200.00000	9.67252
22	7400.00000	9.67252
22	7600.00000	9.67252
22	7800.00000	10.39390
22	8000.00000	10.39390
22	8200.00000	10.39390
22	8400.00000	10.39390
22	8600.00000	9.06190
22	8800.00000	9.06190
22	9000.00000	9.06190
22	9200.00000	9.06190
22	9400.00000	11.24573
22	9600.00000	11.24573
22	9800.00000	11.24573
22	10000.00000	10.25326
22	10200.00000	10.25326
22	10400.00000	10.25326
22	10600.00000	10.25326
22	10800.00000	9.11896
22	11000.00000	9.11896
22	11200.00000	9.11896
22	11400.00000	9.11896
22	11600.00000	10.68473
22	11800.00000	10.68473
22	12000.00000	10.68473
22	12200.00000	10.68473
22	12400.00000	11.89444
22	12600.00000	11.89444
22	12800.00000	11.89444
22	13000.00000	11.89444
22	13200.00000	11.08907
22	13400.00000	11.08907
22	13600.00000	11.08907
22	13800.00000	11.08907
22	14000.00000	8.58204
22	14200.00000	8.58204
22	14400.00000	8.58204
22	14600.00000	9.11007
22	14800.00000	9.11007
22	15000.00000	9.11007
22	15200.00000	9.11007
22	15400.00000	8.34054
22	15600.00000	8.34054
22	15800.00000	8.34054
22	16000.00000	8.34054
22	16200.00000	10.05986
22	16400.00000	10.05986
22	16600.00000	10.05986
22	16800.00000	10.05986
22	17000.00000	10.03720
22	17200.00000	10.03720
22	17400.00000	10.03720
22	17600.00000	10.03720
22	17800.00000	8.51712
22	18000.00000	8.51712
22	18200.00000	8.51712
22	18400.00000	8.51712
22	18600.00000	8.40887
22	18800.00000	8.40887
22	19000.00000	8.40887
22	19200.00000	9.46778
22	19400.00000	9.46778
22	19600.00000	9.46778
22	19800.00000	9.46778
22	20000.00000	8.57206
23	0.00000	11.44289
23	200.00000	11.44289
23	400.00000	11.44289
23	600.00000	11.44289
23	800.00000	13.52088
23	1000.00000	13.52088
23	1200.00000	13.52088
23	1400.00000	13.52088
23	1600.00000	10.93820
23	1800.00000	10.93820
23	2000.00000	10.93820
23	2200.00000	10.93820
23	2400.00000	11.52040
23	2600.00000	11.52040
23	2800.00000	11.52040
23	3000.00000	11.52040
23	3200.00000	10.15799
23	3400.00000	10.15799
23	3600.00000	10.15799
23	3800.00000	10.15799
23	4000.00000	12.69426
23	4200.00000	12.69426
23	4400.00000	12.69426
23	4600.00000	12.69426
23	4800.00000	10.41822
23	5000.00000	10.41822
23	5200.00000	10.41822
23	5400.00000	10.18234
23	5600.00000	10.18234
23	5800.00000	10.18234
23	6000.00000	10.18234
23	6200.00000	10.43324
23	6400.00000	10.43324
23	6600.00000	10.43324
23	6800.00000	10.43324
23	7000.00000	9.47573
23	7200.00000	9.47573
23	7400.00000	9.47573
23	7600.00000	9.47573
23	7800.00000	9.28931
23	8000.00000	9.28931
23	8200.00000	9.28931
23	8400.00000	9.28931
23	8600.00000	9.20973
23	8800.00000	9.20973
23	9000.00000	9.20973
23	9200.00000	9.20973
23	9400.00000	10.72788
23	9600.00000	10.72788
23	9800.00000	10.72788
23	10000.00000	9.99931
23	10200.00000	9.99931
23	10400.00000	9.99931
23	10600.00000	9.99931
23	10800.00000	8.80572
23	11000.00000	8.80572
23	11200.00000	8.80572
23	11400.00000	8.80572
23	11600.00000	10.89983
23	11800.00000	10.89983
23	12000.00000	10.89983
23	12200.00000	10.89983
23	12400.00000	11.94261
23	12600.00000	11.94261
23	12800.00000	11.94261
23	13000.00000	11.94261
23	13200.00000	10.14288
23	13400.00000	10.14288
23	13600.00000	10.14288
23	13800.00000	10.14288
23	14000.00000	8.51909
23	14200.00000	8.51909
23	14400.00000	8.51909
23	14600.00000	9.39313
23	14800.00000	9.39313
23	15000.00000	9.39313
23	15200.00000	9.39313
23	15400.00000	8.08790
23	15600.00000	8.08790
23	15800.00000	8.08790
23	16000.00000	8.08790
23	16200.00000	10.51799
23	16400.00000	10.51799
23	16600.00000	10.51799
23	16800.00000	10.51799
23	17000.00000	9.21969
23	17200.00000	9.21969
23	17400.00000	9.21969
23	17600.00000	9.21969
23	17800.00000	8.40567
23	18000.00000	8.40567
23	18200.00000	8.40567
23	18400.00000	8.40567
23	18600.00000	10.42792
23	18800.00000	10.42792
23	19000.00000	10.42792
23	19200.00000	8.54590
23	19400.00000	8.54590
23	19600.00000	8.54590
23	19800.00000	8.54590
23	20000.00000	8.18082
24	0.00000	11.47826
24	200.00000	11.47826
24	400.00000	11.47826
24	600.00000	11.47826
24	800.00000	14.64522
24	1000.00000	14.64522
24	1200.00000	14.64522
24	1400.00000	14.64522
24	1600.00000	10.92188
24	1800.00000	10.92188
24	2000.00000	10.92188
24	2200.00000	10.92188
24	2400.00000	11.59936
24	2600.00000	11.59936
24	2800.00000	11.59936
24	3000.00000	11.59936
24	3200.00000	10.11917
24	3400.00000	10.11917
24	3600.00000	10.11917
24	3800.00000	10.11917
24	4000.00000	12.69824
24	4200.00000	12.69824
24	4400.00000	12.69824
24	4600.00000	12.69824
24	4800.00000	10.67243
24	5000.00000	10.67243
24	5200.00000	10.67243
24	5400.00000	9.95733
24	5600.00000	9.95733
24	5800.00000	9.95733
24	6000.00000	9.95733
24	6200.00000	10.50651
24	6400.00000	10.50651
24	6600.00000	10.50651
24	6800.00000	10.50651
24	7000.00000	9.61431
24	7200.00000	9.61431
24	7400.00000	9.61431
24	7600.00000	9.61431
24	7800.00000	9.40546
24	8000.00000	9.40546
24	8200.00000	9.40546
24	8400.00000	9.40546
24	8600.00000	9.02888
24	8800.00000	9.02888
24	9000.00000	9.02888
24	9200.00000	9.02888
24	9400.00000	11.90894
24	9600.00000	11.90894
24	9800.00000	11.90894
24	10000.00000	10.48734
24	10200.00000	10.48734
24	10400.00000	10.48734
24	10600.00000	10.48734
24	10800.00000	8.59412
24	11000.00000	8.59412
24	11200.00000	8.59412
24	11400.00000	8.59412
24	11600.00000	11.87261
24	11800.00000	11.87261
24	12000.00000	11.87261
24	12200.00000	11.87261
24	12400.00000	12.71301
24	12600.00000	12.71301
24	12800.00000	12.71301
24	13000.00000	12.71301
24	13200.00000	11.23808
24	13400.00000	11.23808
24	13600.00000	11.23808
24	13800.00000	11.23808
24	14000.00000	8.84002
24	14200.00000	8.84002
24	14400.00000	8.84002
24	14600.00000	9.09603
24	14800.00000	9.09603
24	15000.00000	9.09603
24	15200.00000	9.09603
24	15400.00000	8.33514
24	15600.00000	8.33514
24	15800.00000	8.33514
24	16000.00000	8.33514
24	16200.00000	9.16371
24	16400.00000	9.16371
24	16600.00000	9.16371
24	16800.00000	9.16371
24	17000.00000	8.94997
24	17200.00000	8.94997
24	17400.00000	8.94997
24	17600.00000	8.94997
24	17800.00000	9.10507
24	18000.00000	9.10507
24	18200.00000	9.10507
24	18400.00000	9.10507
24	18600.00000	10.50013
24	18800.00000	10.50013
24	19000.00000	10.50013
24	19200.00000	10.30259
24	19400.00000	10.30259
24	19600.00000	10.30259
24	19800.00000	10.30259
24	20000.00000	8.16028
25	0.00000	11.65119
25	200.00000	11.65119
25	400.00000	11.65119
25	600.00000	11.65119
25	800.00000	14.70363
25	1000.00000	14.70363
25	1200.00000	14.70363
25	1400.00000	14.70363
25	1600.00000	10.89024
25	1800.00000	10.89024
25	2000.00000	10.89024
25	2200.00000	10.89024
25	2400.00000	11.49496
25	2600.00000	11.49496
25	2800.00000	11.49496
25	3000.00000	11.49496
25	3200.00000	10.17886
25	3400.00000	10.17886
25	3600.00000	10.17886
25	3800.00000	10.17886
25	4000.00000	12.47457
25	4200.00000	12.47457
25	4400.00000	12.47457
25	4600.00000	12.47457
25	4800.00000	10.67128
25	5000.00000	10.67128
25	5200.00000	10.67128
25	5400.00000	10.20409
25	5600.00000	10.20409
25	5800.00000	10.20409
25	6000.00000	10.20409
25	6200.00000	10.53819
25	6400.00000	10.53819
25	6600.00000	10.53819
25	6800.00000	10.53819
25	7000.00000	9.50449
25	7200.00000	9.50449
25	7400.00000	9.50449
25	7600.00000	9.50449
25	7800.00000	9.47288
25	8000.00000	9.47288
25	8200.00000	9.47288
25	8400.00000	9.47288
25	8600.00000	8.86761
25	8800.00000	8.86761
25	9000.00000	8.86761
25	9200.00000	8.86761
25	9400.00000	11.95956
25	9600.00000	11.95956
25	9800.00000	11.95956
25	10000.00000	10.10159
25	10200.00000	10.10159
25	10400.00000	10.10159
25	10600.00000	10.10159
25	10800.00000	8.60609
25	11000.00000	8.60609
25	11200.00000	8.60609
25	11400.00000	8.60609
25	11600.00000	11.98038
25	11800.00000	11.98038
25	12000.00000	11.98038
25	12200.00000	11.98038
25	12400.00000	12.75202
25	12600.00000	12.75202
25	12800.00000	12.75202
25	13000.00000	12.75202
25	13200.00000	10.45799
25	13400.00000	10.45799
25	13600.00000	10.45799
25	13800.00000	10.45799
25	14000.00000	9.17004
25	14200.00000	9.17004
25	14400.00000	9.17004
25	14600.00000	8.94843
25	14800.00000	8.94843
25	15000.00000	8.94843
25	15200.00000	8.94843
25	15400.00000	8.40738
25	15600.00000	8.40738
25	15800.00000	8.40738
25	16000.00000	8.40738
25	16200.00000	10.06518
25	16400.00000	10.06518
25	16600.00000	10.06518
25	16800.00000	10.06518
25	17000.00000	9.62161
25	17200.00000	9.62161
25	17400.00000	9.62161
25	17600.00000	9.62161
25	17800.00000	8.09468
25	18000.00000	8.09468
25	18200.00000	8.09468
25	18400.00000	8.09468
25	18600.00000	10.65858
25	18800.00000	10.65858
25	19000.00000	10.65858
25	19200.00000	12.18991
25	19400.00000	12.18991
25	19600.00000	12.18991
25	19800.00000	12.18991
25	20000.00000	7.88933
26	0.00000	11.58463
26	200.00000	11.58463
26	400.00000	11.58463
26	600.00000	11.58463
26	800.00000	13.63117
26	1000.00000	13.63117
26	1200.00000	13.63117
26	1400.00000	13.63117
26	1600.00000	10.86131
26	1800.00000	10.86131
26	2000.00000	10.86131
26	2200.00000	10.86131
26	2400.00000	11.68106
26	2600.00000	11.68106
26	2800.00000	11.68106
26	3000.00000	11.68106
26	3200.00000	10.07241
26	3400.00000	10.07241
26	3600.00000	10.07241
26	3800.00000	10.07241
26	4000.00000	11.82487
26	4200.00000	11.82487
26	4400.00000	11.82487
26	4600.00000	11.82487
26	4800.00000	10.63223
26	5000.00000	10.63223
26	5200.00000	10.63223
26	5400.00000	9.76980
26	5600.00000	9.76980
26	5800.00000	9.76980
26	6000.00000	9.76980
26	6200.00000	10.59871
26	6400.00000	10.59871
26	6600.00000	10.59871
26	6800.00000	10.59871
26	7000.00000	9.44281
26	7200.00000	9.44281
26	7400.00000	9.44281
26	7600.00000	9.44281
26	7800.00000	9.37769
26	8000.00000	9.37769
26	8200.00000	9.37769
26	8400.00000	9.37769
26	8600.00000	8.88640
26	8800.00000	8.88640
26	9000.00000	8.88640
26	9200.00000	8.88640
26	9400.00000	11.70136
26	9600.00000	11.70136
26	9800.00000	11.70136
26	10000.00000	10.49435
26	10200.00000	10.49435
26	10400.00000	10.49435
26	10600.00000	10.49435
26	10800.00000	8.85685
26	11000.00000	8.85685
26	11200.00000	8.85685
26	11400.00000	8.85685
26	11600.00000	12.13210
26	11800.00000	12.13210
26	12000.00000	12.13210
26	12200.00000	12.13210
26	12400.00000	11.87419
26	12600.00000	11.87419
26	12800.00000	11.87419
26	13000.00000	11.87419
26	13200.00000	9.86921
26	13400.00000	9.86921
26	13600.00000	9.86921
26	13800.00000	9.86921
26	14000.00000	9.12214
26	14200.00000	9.12214
26	14400.00000	9.12214
26	14600.00000	9.12073
26	14800.00000	9.12073
26	15000.00000	9.12073
26	15200.00000	9.12073
26	15400.00000	8.24601
26	15600.00000	8.24601
26	15800.00000	8.24601
26	16000.00000	8.24601
26	16200.00000	10.53097
26	16400.00000	10.53097
26	16600.00000	10.53097
26	16800.00000	10.53097
26	17000.00000	9.60270
26	17200.00000	9.60270
26	17400.00000	9.60270
26	17600.00000	9.60270
26	17800.00000	8.35170
26	18000.00000	8.35170
26	18200.00000	8.35170
26	18400.00000	8.35170
26	18600.00000	9.24868
26	18800.00000	9.24868
26	19000.00000	9.24868
26	19200.00000	9.42138
26	19400.00000	9.42138
26	19600.00000	9.42138
26	19800.00000	9.42138
26	20000.00000	8.78582
27	0.00000	11.48772
27	200.00000	11.48772
27	400.00000	11.48772
27	600.00000	11.48772
27	800.00000	12.86808
27	1000.00000	12.86808
27	1200.00000	12.86808
27	1400.00000	12.86808
27	1600.00000	10.95970
27	1800.00000	10.95970
27	2000.00000	10.95970
27	2200.00000	10.95970
27	2400.00000	11.35956
27	2600.00000	11.35956
27	2800.00000	11.35956
27	3000.00000	11.35956
27	3200.00000	10.05035
27	3400.00000	10.05035
27	3600.00000	10.05035
27	3800.00000	10.05035
27	4000.00000	11.62050
27	4200.00000	11.62050
27	4400.00000	11.62050
27	4600.00000	11.62050
27	4800.00000	10.52833
27	5000.00000	10.52833
27	5200.00000	10.52833
27	5400.00000	10.06276
27	5600.00000	10.06276
27	5800.00000	10.06276
27	6000.00000	10.06276
27	6200.00000	10.59354
27	6400.00000	10.59354
27	6600.00000	10.59354
27	6800.00000	10.59354
27	7000.00000	9.13170
27	7200.00000	9.13170
27	7400.00000	9.13170
27	7600.00000	9.13170
27	7800.00000	10.77930
27	8000.00000	10.77930
27	8200.00000	10.77930
27	8400.00000	10.77930
27	8600.00000	9.23384
27	8800.00000	9.23384
27	9000.00000	9.23384
27	9200.00000	9.23384
27	9400.00000	10.74253
27	9600.00000	10.74253
27	9800.00000	10.74253
27	10000.00000	9.86575
27	10200.00000	9.86575
27	10400.00000	9.86575
27	10600.00000	9.86575
27	10800.00000	9.10425
27	11000.00000	9.10425
27	11200.00000	9.10425
27	11400.00000	9.10425
27	11600.00000	12.05639
27	11800.00000	12.05639
27	12000.00000	12.05639
27	12200.00000	12.05639
27	12400.00000	11.91602
27	12600.00000	11.91602
27	12800.00000	11.91602
27	13000.00000	11.91602
27	13200.00000	10.77093
27	13400.00000	10.77093
27	13600.00000	10.77093
27	13800.00000	10.77093
27	14000.00000	8.52440
27	14200.00000	8.52440
27	14400.00000	8.52440
27	14600.00000	8.91593
27	14800.00000	8.91593
27	15000.00000	8.91593
27	15200.00000	8.91593
27	15400.00000	8.62389
27	15600.00000	8.62389
27	15800.00000	8.62389
27	16000.00000	8.62389
27	16200.00000	8.87805
27	16400.00000	8.87805
27	16600.00000	8.87805
27	16800.00000	8.87805
27	17000.00000	9.00702
27	17200.00000	9.00702
27	17400.00000	9.00702
27	17600.00000	9.00702
27	17800.00000	8.73108
27	18000.00000	8.73108
27	18200.00000	8.73108
27	18400.00000	8.73108
27	18600.00000	9.62496
27	18800.00000	9.62496
27	19000.00000	9.62496
27	19200.00000	9.58103
27	19400.00000	9.58103
27	19600.00000	9.58103
27	19800.00000	9.58103
27	20000.00000	10.12984
28	0.00000	11.39907
28	200.00000	11.39907
28	400.00000	11.39907
28	600.00000	11.39907
28	800.00000	13.48283
28	1000.00000	13.48283
28	1200.00000	13.48283
28	1400.00000	13.48283
28	1600.00000	10.86476
28	1800.00000	10.86476
28	2000.00000	10.86476
28	2200.00000	10.86476
28	2400.00000	11.35197
28	2600.00000	11.35197
28	2800.00000	11.35197
28	3000.00000	11.35197
28	3200.00000	10.18300
28	3400.00000	10.18300
28	3600.00000	10.18300
28	3800.00000	10.18300
28	4000.00000	11.94035
28	4200.00000	11.94035
28	4400.00000	11.94035
28	4600.00000	11.94035
28	4800.00000	10.54042
28	5000.00000	10.54042
28	5200.00000	10.54042
28	5400.00000	10.02041
28	5600.00000	10.02041
28	5800.00000	10.02041
28	6000.00000	10.02041
28	6200.00000	12.06960
28	6400.00000	12.06960
28	6600.00000	12.06960
28	6800.00000	12.06960
28	7000.00000	9.37755
28	7200.00000	9.37755
28	7400.00000	9.37755
28	7600.00000	9.37755
28	7800.00000	9.42987
28	8000.00000	9.42987
28	8200.00000	9.42987
28	8400.00000	9.42987
28	8600.00000	9.10635
28	8800.00000	9.10635
28	9000.00000	9.10635
28	9200.00000	9.10635
28	9400.00000	11.55705
28	9600.00000	11.55705
28	9800.00000	11.55705
28	10000.00000	9.22611
28	10200.00000	9.22611
28	10400.00000	9.22611
28	10600.00000	9.22611
28	10800.00000	9.35894
28	11000.00000	9.35894
28	11200.00000	9.35894
28	11400.00000	9.35894
28	11600.00000	10.62095
28	11800.00000	10.62095
28	12000.00000	10.62095
28	12200.00000	10.62095
28	12400.00000	11.56423
28	12600.00000	11.56423
28	12800.00000	11.56423
28	13000.00000	11.56423
28	13200.00000	9.93879
28	13400.00000	9.93879
28	13600.00000	9.93879
28	13800.00000	9.93879
28	14000.00000	9.00421
28	14200.00000	9.00421
28	14400.00000	9.00421
28	14600.00000	8.86067
28	14800.00000	8.86067
28	15000.00000	8.86067
28	15200.00000	8.86067
28	15400.00000	7.95557
28	15600.00000	7.95557
28	15800.00000	7.95557
28	16000.00000	7.95557
28	16200.00000	9.73343
28	16400.00000	9.73343
28	16600.00000	9.73343
28	16800.00000	9.73343
28	17000.00000	10.17847
28	17200.00000	10.17847
28	17400.00000	10.17847
28	17600.00000	10.17847
28	17800.00000	8.98933
28	18000.00000	8.98933
28	18200.00000	8.98933
28	18400.00000	8.98933
28	18600.00000	8.73342
28	18800.00000	8.73342
28	19000.00000	8.73342
28	19200.00000	9.14977
28	19400.00000	9.14977
28	19600.00000	9.14977
28	19800.00000	9.14977
28	20000.00000	8.80498
29	0.00000	11.57389
29	200.00000	11.57389
29	400.00000	11.57389
29	600.00000	11.57389
29	800.00000	13.28444
29	1000.00000	13.28444
29	1200.00000	13.28444
29	1400.00000	13.28444
29	1600.00000	11.02789
29	1800.00000	11.02789
29	2000.00000	11.02789
29	2200.00000	11.02789
29	2400.00000	11.00682
29	2600.00000	11.00682
29	2800.00000	11.00682
29	3000.00000	11.00682
29	3200.00000	10.44470
29	3400.00000	10.44470
29	3600.00000	10.44470
29	3800.00000	10.44470
29	4000.00000	11.26493
29	4200.00000	11.26493
29	4400.00000	11.26493
29	4600.00000	11.26493
29	4800.00000	10.91302
29	5000.00000	10.91302
29	5200.00000	10.91302
29	5400.00000	10.02544
29	5600.00000	10.02544
29	5800.00000	10.02544
29	6000.00000	10.02544
29	6200.00000	10.27077
29	6400.00000	10.27077
29	6600.00000	10.27077
29	6800.00000	10.27077
29	7000.00000	9.38873
29	7200.00000	9.38873
29	7400.00000	9.38873
29	7600.00000	9.38873
29	7800.00000	9.79996
29	8000.00000	9.79996
29	8200.00000	9.79996
29	8400.00000	9.79996
29	8600.00000	9.50679
29	8800.00000	9.50679
29	9000.00000	9.50679
29	9200.00000	9.50679
29	9400.00000	9.92038
29	9600.00000	9.92038
29	9800.00000	9.92038
29	10000.00000	9.57826
29	10200.00000	9.57826
29	10400.00000	9.57826
29	10600.00000	9.57826
29	10800.00000	9.44940
29	11000.00000	9.44940
29	11200.00000	9.44940
29	11400.00000	9.44940
29	11600.00000	10.25233
29	11800.00000	10.25233
29	12000.00000	10.25233
29	12200.00000	10.25233
29	12400.00000	10.47941
29	12600.00000	10.47941
29	12800.00000	10.47941
29	13000.00000	10.47941
29	13200.00000	10.47714
29	13400.00000	10.47714
29	13600.00000	10.47714
29	13800.00000	10.47714
29	14000.00000	8.82787
29	14200.00000	8.82787
29	14400.00000	8.82787
29	14600.00000	8.76356
29	14800.00000	8.76356
29	15000.00000	8.76356
29	15200.00000	8.76356
29	15400.00000	8.37313
29	15600.00000	8.37313
29	15800.00000	8.37313
29	16000.00000	8.37313
29	16200.00000	9.59717
29	16400.00000	9.59717
29	16600.00000	9.59717
29	16800.00000	9.59717
29	17000.00000	8.72971
29	17200.00000	8.72971
29	17400.00000	8.72971
29	17600.00000	8.72971
29	17800.00000	9.75255
29	18000.00000	9.75255
29	18200.00000	9.75255
29	18400.00000	9.75255
29	18600.00000	9.19363
29	18800.00000	9.19363
29	19000.00000	9.19363
29	19200.00000	9.32983
29	19400.00000	9.32983
29	19600.00000	9.32983
29	19800.00000	9.32983
29	20000.00000	9.53996
30	0.00000	11.48804
30	200.00000	11.48804
30	400.00000	11.48804
30	600.00000	11.48804
30	800.00000	13.62773
30	1000.00000	13.62773
30	1200.00000	13.62773
30	1400.00000	13.62773
30	1600.00000	10.84562
30	1800.00000	10.84562
30	2000.00000	10.84562
30	2200.00000	10.84562
30	2400.00000	11.30166
30	2600.00000	11.30166
30	2800.00000	11.30166
30	3000.00000	11.30166
30	3200.00000	10.17766
30	3400.00000	10.17766
30	3600.00000	10.17766
30	3800.00000	10.17766
30	4000.00000	10.93993
30	4200.00000	10.93993
30	4400.00000	10.93993
30	4600.00000	10.93993
30	4800.00000	11.06866
30	5000.00000	11.06866
30	5200.00000	11.06866
30	5400.00000	9.82481
30	5600.00000	9.82481
30	5800.00000	9.82481
30	6000.00000	9.82481
30	6200.00000	10.62552
30	6400.00000	10.62552
30	6600.00000	10.62552
30	6800.00000	10.62552
30	7000.00000	9.54375
30	7200.00000	9.54375
30	7400.00000	9.54375
30	7600.00000	9.54375
30	7800.00000	9.84585
30	8000.00000	9.84585
30	8200.00000	9.84585
30	8400.00000	9.84585
30	8600.00000	9.79235
30	8800.00000	9.79235
30	9000.00000	9.79235
30	9200.00000	9.79235
30	9400.00000	10.16495
30	9600.00000	10.16495
30	9800.00000	10.16495
30	10000.00000	9.62558
30	10200.00000	9.62558
30	10400.00000	9.62558
30	10600.00000	9.62558
30	10800.00000	9.18363
30	11000.00000	9.18363
30	11200.00000	9.18363
30	11400.00000	9.18363
30	11600.00000	10.90463
30	11800.00000	10.90463
30	12000.00000	10.90463
30	12200.00000	10.90463
30	12400.00000	10.53933
30	12600.00000	10.53933
30	12800.00000	10.53933
30	13000.00000	10.53933
30	13200.00000	9.77502
30	13400.00000	9.77502
30	13600.00000	9.77502
30	13800.00000	9.77502
30	14000.00000	8.74201
30	14200.00000	8.74201
30	14400.00000	8.74201
30	14600.00000	9.03099
30	14800.00000	9.03099
30	15000.00000	9.03099
30	15200.00000	9.03099
30	15400.00000	8.55813
30	15600.00000	8.55813
30	15800.00000	8.55813
30	16000.00000	8.55813
30	16200.00000	8.53953
30	16400.00000	8.53953
30	16600.00000	8.53953
30	16800.00000	8.53953
30	17000.00000	9.42763
30	17200.00000	9.42763
30	17400.00000	9.42763
30	17600.00000	9.42763
30	17800.00000	8.42342
30	18000.00000	8.42342
30	18200.00000	8.42342
30	18400.00000	8.42342
30	18600.00000	9.44636
30	18800.00000	9.44636
30	19000.00000	9.44636
30	19200.00000	10.35698
30	19400.00000	10.35698
30	19600.00000	10.35698
30	19800.00000	10.35698
30	20000.00000	8.95339
31	0.00000	11.41020
31	200.00000	11.41020
31	400.00000	11.41020
31	600.00000	11.41020
31	800.00000	13.27442
31	1000.00000	13.27442
31	1200.00000	13.27442
31	1400.00000	13.27442
31	1600.00000	10.89983
31	1800.00000	10.89983
31	2000.00000	10.89983
31	2200.00000	10.89983
31	2400.00000	11.10921
31	2600.00000	11.10921
31	2800.00000	11.10921
31	3000.00000	11.10921
31	3200.00000	10.43619
31	3400.00000	10.43619
31	3600.00000	10.43619
31	3800.00000	10.43619
31	4000.00000	10.78084
31	4200.00000	10.78084
31	4400.00000	10.78084
31	4600.00000	10.78084
31	4800.00000	11.36116
31	5000.00000	11.36116
31	5200.00000	11.36116
31	5400.00000	10.07681
31	5600.00000	10.07681
31	5800.00000	10.07681
31	6000.00000	10.07681
31	6200.00000	10.58848
31	6400.00000	10.58848
31	6600.00000	10.58848
31	6800.00000	10.58848
31	7000.00000	9.58849
31	7200.00000	9.58849
31	7400.00000	9.58849
31	7600.00000	9.58849
31	7800.00000	10.24896
31	8000.00000	10.24896
31	8200.00000	10.24896
31	8400.00000	10.24896
31	8600.00000	8.85918
31	8800.00000	8.85918
31	9000.00000	8.85918
31	9200.00000	8.85918
31	9400.00000	10.73888
31	9600.00000	10.73888
31	9800.00000	10.73888
31	10000.00000	9.62734
31	10200.00000	9.62734
31	10400.00000	9.62734
31	10600.00000	9.62734
31	10800.00000	8.89136
31	11000.00000	8.89136
31	11200.00000	8.89136
31	11400.00000	8.89136
31	11600.00000	10.12508
31	11800.00000	10.12508
31	12000.00000	10.12508
31	12200.00000	10.12508
31	12400.00000	10.10598
31	12600.00000	10.10598
31	12800.00000	10.10598
31	13000.00000	10.10598
31	13200.00000	10.36235
31	13400.00000	10.36235
31	13600.00000	10.36235
31	13800.00000	10.36235
31	14000.00000	8.92075
31	14200.00000	8.92075
31	14400.00000	8.92075
31	14600.00000	9.45968
31	14800.00000	9.45968
31	15000.00000	9.45968
31	15200.00000	9.45968
31	15400.00000	8.60585
31	15600.00000	8.60585
31	15800.00000	8.60585
31	16000.00000	8.60585
31	16200.00000	8.34779
31	16400.00000	8.34779
31	16600.00000	8.34779
31	16800.00000	8.34779
31	17000.00000	10.06578
31	17200.00000	10.06578
31	17400.00000	10.06578
31	17600.00000	10.06578
31	17800.00000	9.07746
31	18000.00000	9.07746
31	18200.00000	9.07746
31	18400.00000	9.07746
31	18600.00000	8.85598
31	18800.00000	8.85598
31	19000.00000	8.85598
31	19200.00000	9.09458
31	19400.00000	9.09458
31	19600.00000	9.09458
31	19800.00000	9.09458
31	20000.00000	9.56506
32	0.00000	11.44178
32	200.00000	11.44178
32	400.00000	11.44178
32	600.00000	11.44178
32	800.00000	14.13084
32	1000.00000	14.13084
32	1200.00000	14.13084
32	1400.00000	14.13084
32	1600.00000	10.77081
32	1800.00000	10.77081
32	2000.00000	10.77081
32	2200.00000	10.77081
32	2400.00000	11.62257
32	2600.00000	11.62257
32	2800.00000	11.62257
32	3000.00000	11.62257
32	3200.00000	10.17818
32	3400.00000	10.17818
32	3600.00000	10.17818
32	3800.00000	10.17818
32	4000.00000	11.44055
32	4200.00000	11.44055
32	4400.00000	11.44055
32	4600.00000	11.44055
32	4800.00000	10.98156
32	5000.00000	10.98156
32	5200.00000	10.98156
32	5400.00000	9.73561
32	5600.00000	9.73561
32	5800.00000	9.73561
32	6000.00000	9.73561
32	6200.00000	10.76689
32	6400.00000	10.76689
32	6600.00000	10.76689
32	6800.00000	10.76689
32	7000.00000	9.51950
32	7200.00000	9.51950
32	7400.00000	9.51950
32	7600.00000	9.51950
32	7800.00000	10.38039
32	8000.00000	10.38039
32	8200.00000	10.38039
32	8400.00000	10.38039
32	8600.00000	9.22255
32	8800.00000	9.22255
32	9000.00000	9.22255
32	9200.00000	9.22255
32	9400.00000	10.56747
32	9600.00000	10.56747
32	9800.00000	10.56747
32	10000.00000	9.65638
32	10200.00000	9.65638
32	10400.00000	9.65638
32	10600.00000	9.65638
32	10800.00000	8.93540
32	11000.00000	8.93540
32	11200.00000	8.93540
32	11400.00000	8.93540
32	11600.00000	13.02164
32	11800.00000	13.02164
32	12000.00000	13.02164
32	12200.00000	13.02164
32	12400.00000	12.49570
32	12600.00000	12.49570
32	12800.00000	12.49570
32	13000.00000	12.49570
32	13200.00000	10.84400
32	13400.00000	10.84400
32	13600.00000	10.84400
32	13800.00000	10.84400
32	14000.00000	8.59491
32	14200.00000	8.59491
32	14400.00000	8.59491
32	14600.00000	8.85838
32	14800.00000	8.85838
32	15000.00000	8.85838
32	15200.00000	8.85838
32	15400.00000	9.04303
32	15600.00000	9.04303
32	15800.00000	9.04303
32	16000.00000	9.04303
32	16200.00000	9.09837
32	16400.00000	9.09837
32	16600.00000	9.09837
32	16800.00000	9.09837
32	17000.00000	8.96420
32	17200.00000	8.96420
32	17400.00000	8.96420
32	17600.00000	8.96420
32	17800.00000	9.46659
32	18000.00000	9.46659
32	18200.00000	9.46659
32	18400.00000	9.46659
32	18600.00000	8.96332
32	18800.00000	8.96332
32	19000.00000	8.96332
32	19200.00000	9.61249
32	19400.00000	9.61249
32	19600.00000	9.61249
32	19800.00000	9.61249
32	20000.00000	10.10274
33	0.00000	11.48840
33	200.00000	11.48840
33	400.00000	11.48840
33	600.00000	11.48840
33	800.00000	14.73246
33	1000.00000	14.73246
33	1200.00000	14.73246
33	1400.00000	14.73246
33	1600.00000	10.84875
33	1800.00000	10.84875
33	2000.00000	10.84875
33	2200.00000	10.84875
33	2400.00000	11.21203
33	2600.00000	11.21203
33	2800.00000	11.21203
33	3000.00000	11.21203
33	3200.00000	10.19554
33	3400.00000	10.19554
33	3600.00000	10.19554
33	3800.00000	10.19554
33	4000.00000	11.55851
33	4200.00000	11.55851
33	4400.00000	11.55851
33	4600.00000	11.55851
33	4800.00000	10.73600
33	5000.00000	10.73600
33	5200.00000	10.73600
33	5400.00000	9.97064
33	5600.00000	9.97064
33	5800.00000	9.97064
33	6000.00000	9.97064
33	6200.00000	10.95525
33	6400.00000	10.95525
33	6600.00000	10.95525
33	6800.00000	10.95525
33	7000.00000	9.39665
33	7200.00000	9.39665
33	7400.00000	9.39665
33	7600.00000	9.39665
33	7800.00000	10.50559
33	8000.00000	10.50559
33	8200.00000	10.50559
33	8400.00000	10.50559
33	8600.00000	8.88608
33	8800.00000	8.88608
33	9000.00000	8.88608
33	9200.00000	8.88608
33	9400.00000	10.84733
33	9600.00000	10.84733
33	9800.00000	10.84733
33	10000.00000	10.21269
33	10200.00000	10.21269
33	10400.00000	10.21269
33	10600.00000	10.21269
33	10800.00000	8.26945
33	11000.00000	8.26945
33	11200.00000	8.26945
33	11400.00000	8.26945
33	11600.00000	12.10678
33	11800.00000	12.10678
33	12000.00000	12.10678
33	12200.00000	12.10678
33	12400.00000	10.97452
33	12600.00000	10.97452
33	12800.00000	10.97452
33	13000.00000	10.97452
33	13200.00000	10.11446
33	13400.00000	10.11446
33	13600.00000	10.11446
33	13800.00000	10.11446
33	14000.00000	8.49775
33	14200.00000	8.49775
33	14400.00000	8.49775
33	14600.00000	11.66571
33	14800.00000	11.66571
33	15000.00000	11.66571
33	15200.00000	11.66571
33	15400.00000	8.17100
33	15600.00000	8.17100
33	15800.00000	8.17100
33	16000.00000	8.17100
33	16200.00000	9.54629
33	16400.00000	9.54629
33	16600.00000	9.54629
33	16800.00000	9.54629
33	17000.00000	11.60821
33	17200.00000	11.60821
33	17400.00000	11.60821
33	17600.00000	11.60821
33	17800.00000	9.45870
33	18000.00000	9.45870
33	18200.00000	9.45870
33	18400.00000	9.45870
33	18600.00000	9.27679
33	18800.00000	9.27679
33	19000.00000	9.27679
33	19200.00000	10.08967
33	19400.00000	10.08967
33	19600.00000	10.08967
33	19800.00000	10.08967
33	20000.00000	9.47020
34	0.00000	11.50163
34	200.00000	11.50163
34	400.00000	11.50163
34	600.00000	11.50163
34	800.00000	14.55799
34	1000.00000	14.55799
34	1200.00000	14.55799
34	1400.00000	14.55799
34	1600.00000	10.92436
34	1800.00000	10.92436
34	2000.00000	10.92436
34	2200.00000	10.92436
34	2400.00000	11.06862
34	2600.00000	11.06862
34	2800.00000	11.06862
34	3000.00000	11.06862
34	3200.00000	10.28338
34	3400.00000	10.28338
34	3600.00000	10.28338
34	3800.00000	10.28338
34	4000.00000	11.53706
34	4200.00000	11.53706
34	4400.00000	11.53706
34	4600.00000	11.53706
34	4800.00000	10.98858
34	5000.00000	10.98858
34	5200.00000	10.98858
34	5400.00000	9.93692
34	5600.00000	9.93692
34	5800.00000	9.93692
34	6000.00000	9.93692
34	6200.00000	10.78328
34	6400.00000	10.78328
34	6600.00000	10.78328
34	6800.00000	10.78328
34	7000.00000	9.31669
34	7200.00000	9.31669
34	7400.00000	9.31669
34	7600.00000	9.31669
34	7800.00000	10.31857
34	8000.00000	10.31857
34	8200.00000	10.31857
34	8400.00000	10.31857
34	8600.00000	9.15019
34	8800.00000	9.15019
34	9000.00000	9.15019
34	9200.00000	9.15019
34	9400.00000	10.92380
34	9600.00000	10.92380
34	9800.00000	10.92380
34	10000.00000	11.12959
34	10200.00000	11.12959
34	10400.00000	11.12959
34	10600.00000	11.12959
34	10800.00000	8.72036
34	11000.00000	8.72036
34	11200.00000	8.72036
34	11400.00000	8.72036
34	11600.00000	10.70034
34	11800.00000	10.70034
34	12000.00000	10.70034
34	12200.00000	10.70034
34	12400.00000	11.82071
34	12600.00000	11.82071
34	12800.00000	11.82071
34	13000.00000	11.82071
34	13200.00000	12.25164
34	13400.00000	12.25164
34	13600.00000	12.25164
34	13800.00000	12.25164
34	14000.00000	8.47835
34	14200.00000	8.47835
34	14400.00000	8.47835
34	14600.00000	9.23992
34	14800.00000	9.23992
34	15000.00000	9.23992
34	15200.00000	9.23992
34	15400.00000	8.73328
34	15600.00000	8.73328
34	15800.00000	8.73328
34	16000.00000	8.73328
34	16200.00000	8.66330
34	16400.00000	8.66330
34	16600.00000	8.66330
34	16800.00000	8.66330
34	17000.00000	8.83662
34	17200.00000	8.83662
34	17400.00000	8.83662
34	17600.00000	8.83662
34	17800.00000	9.09620
34	18000.00000	9.09620
34	18200.00000	9.09620
34	18400.00000	9.09620
34	18600.00000	10.92672
34	18800.00000	10.92672
34	19000.00000	10.92672
34	19200.00000	9.28796
34	19400.00000	9.28796
34	19600.00000	9.28796
34	19800.00000	9.28796
34	20000.00000	9.10366
35	0.00000	11.47617
35	200.00000	11.47617
35	400.00000	11.47617
35	600.00000	11.47617
35	800.00000	13.15836
35	1000.00000	13.15836
35	1200.00000	13.15836
35	1400.00000	13.15836
35	1600.00000	11.03015
35	1800.00000	11.03015
35	2000.00000	11.03015
35	2200.00000	11.03015
35	2400.00000	10.86874
35	2600.00000	10.86874
35	2800.00000	10.86874
35	3000.00000	10.86874
35	3200.00000	10.39268
35	3400.00000	10.39268
35	3600.00000	10.39268
35	3800.00000	10.39268
35	4000.00000	11.58174
35	4200.00000	11.58174
35	4400.00000	11.58174
35	4600.00000	11.58174
35	4800.00000	10.38527
35	5000.00000	10.38527
35	5200.00000	10.38527
35	5400.00000	9.88565
35	5600.00000	9.88565
35	5800.00000	9.88565
35	6000.00000	9.88565
35	6200.00000	11.08788
35	6400.00000	11.08788
35	6600.00000	11.08788
35	6800.00000	11.08788
35	7000.00000	9.40525
35	7200.00000	9.40525
35	7400.00000	9.40525
35	7600.00000	9.40525
35	7800.00000	10.25424
35	8000.00000	10.25424
35	8200.00000	10.25424
35	8400.00000	10.25424
35	8600.00000	9.19330
35	8800.00000	9.19330
35	9000.00000	9.19330
35	9200.00000	9.19330
35	9400.00000	11.55968
35	9600.00000	11.55968
35	9800.00000	11.55968
35	10000.00000	10.58106
35	10200.00000	10.58106
35	10400.00000	10.58106
35	10600.00000	10.58106
35	10800.00000	9.05777
35	11000.00000	9.05777
35	11200.00000	9.05777
35	11400.00000	9.05777
35	11600.00000	10.16376
35	11800.00000	10.16376
35	12000.00000	10.16376
35	12200.00000	10.16376
35	12400.00000	11.95912
35	12600.00000	11.95912
35	12800.00000	11.95912
35	13000.00000	11.95912
35	13200.00000	11.75723
35	13400.00000	11.75723
35	13600.00000	11.75723
35	13800.00000	11.75723
35	14000.00000	8.42017
35	14200.00000	8.42017
35	14400.00000	8.42017
35	14600.00000	8.47596
35	14800.00000	8.47596
35	15000.00000	8.47596
35	15200.00000	8.47596
35	15400.00000	8.35407
35	15600.00000	8.35407
35	15800.00000	8.35407
35	16000.00000	8.35407
35	16200.00000	8.75418
35	16400.00000	8.75418
35	16600.00000	8.75418
35	16800.00000	8.75418
35	17000.00000	8.41662
35	17200.00000	8.41662
35	17400.00000	8.41662
35	17600.00000	8.41662
35	17800.00000	9.82371
35	18000.00000	9.82371
35	18200.00000	9.82371
35	18400.00000	9.82371
35	18600.00000	9.43225
35	18800.00000	9.43225
35	19000.00000	9.43225
35	19200.00000	8.69881
35	19400.00000	8.69881
35	19600.00000	8.69881
35	19800.00000	8.69881
35	20000.00000	8.49690
36	0.00000	11.43968
36	200.00000	11.43968
36	400.00000	11.43968
36	600.00000	11.43968
36	800.00000	14.42791
36	1000.00000	14.42791
36	1200.00000	14.42791
36	1400.00000	14.42791
36	1600.00000	11.03685
36	1800.00000	11.03685
36	2000.00000	11.03685
36	2200.00000	11.03685
36	2400.00000	10.85843
36	2600.00000	10.85843
36	2800.00000	10.85843
36	3000.00000	10.85843
36	3200.00000	10.42864
36	3400.00000	10.42864
36	3600.00000	10.42864
36	3800.00000	10.42864
36	4000.00000	11.50237
36	4200.00000	11.50237
36	4400.00000	11.50237
36	4600.00000	11.50237
36	4800.00000	10.53460
36	5000.00000	10.53460
36	5200.00000	10.53460
36	5400.00000	9.96230
36	5600.00000	9.96230
36	5800.00000	9.96230
36	6000.00000	9.96230
36	6200.00000	10.79941
36	6400.00000	10.79941
36	6600.00000	10.79941
36	6800.00000	10.79941
36	7000.00000	9.45240
36	7200.00000	9.45240
36	7400.00000	9.45240
36	7600.00000	9.45240
36	7800.00000	10.87197
36	8000.00000	10.87197
36	8200.00000	10.87197
36	8400.00000	10.87197
36	8600.00000	8.64412
36	8800.00000	8.64412
36	9000.00000	8.64412
36	9200.00000	8.64412
36	9400.00000	12.43067
36	9600.00000	12.43067
36	9800.00000	12.43067
36	10000.00000	10.07078
36	10200.00000	10.07078
36	10400.00000	10.07078
36	10600.00000	10.07078
36	10800.00000	8.72478
36	11000.00000	8.72478
36	11200.00000	8.72478
36	11400.00000	8.72478
36	11600.00000	11.10155
36	11800.00000	11.10155
36	12000.00000	11.10155
36	12200.00000	11.10155
36	12400.00000	11.36362
36	12600.00000	11.36362
36	12800.00000	11.36362
36	13000.00000	11.36362
36	13200.00000	10.95991
36	13400.00000	10.95991
36	13600.00000	10.95991
36	13800.00000	10.95991
36	14000.00000	9.94970
36	14200.00000	9.94970
36	14400.00000	9.94970
36	14600.00000	8.55269
36	14800.00000	8.55269
36	15000.00000	8.55269
36	15200.00000	8.55269
36	15400.00000	9.31427
36	15600.00000	9.31427
36	15800.00000	9.31427
36	16000.00000	9.31427
36	16200.00000	9.57409
36	16400.00000	9.57409
36	16600.00000	9.57409
36	16800.00000	9.57409
36	17000.00000	9.08232
36	17200.00000	9.08232
36	17400.00000	9.08232
36	17600.00000	9.08232
36	17800.00000	10.13995
36	18000.00000	10.13995
36	18200.00000	10.13995
36	18400.00000	10.13995
36	18600.00000	9.61750
36	18800.00000	9.61750
36	19000.00000	9.61750
36	19200.00000	8.62933
36	19400.00000	8.62933
36	19600.00000	8.62933
36	19800.00000	8.62933
36	20000.00000	9.08455
37	0.00000	11.52870
37	200.00000	11.52870
37	400.00000	11.52870
37	600.00000	11.52870
37	800.00000	13.28881
37	1000.00000	13.28881
37	1200.00000	13.28881
37	1400.00000	13.28881
37	1600.00000	11.02576
37	1800.00000	11.02576
37	2000.00000	11.02576
37	2200.00000	11.02576
37	2400.00000	10.96992
37	2600.00000	10.96992
37	2800.00000	10.96992
37	3000.00000	10.96992
37	3200.00000	10.39211
37	3400.00000	10.39211
37	3600.00000	10.39211
37	3800.00000	10.39211
37	4000.00000	11.65848
37	4200.00000	11.65848
37	4400.00000	11.65848
37	4600.00000	11.65848
37	4800.00000	10.41818
37	5000.00000	10.41818
37	5200.00000	10.41818
37	5400.00000	10.18378
37	5600.00000	10.18378
37	5800.00000	10.18378
37	6000.00000	10.18378
37	6200.00000	10.45673
37	6400.00000	10.45673
37	6600.00000	10.45673
37	6800.00000	10.45673
37	7000.00000	9.41764
37	7200.00000	9.41764
37	7400.00000	9.41764
37	7600.00000	9.41764
37	7800.00000	9.81757
37	8000.00000	9.81757
37	8200.00000	9.81757
37	8400.00000	9.81757
37	8600.00000	8.87089
37	8800.00000	8.87089
37	9000.00000	8.87089
37	9200.00000	8.87089
37	9400.00000	10.83534
37	9600.00000	10.83534
37	9800.00000	10.83534
37	10000.00000	9.98094
37	10200.00000	9.98094
37	10400.00000	9.98094
37	10600.00000	9.98094
37	10800.00000	8.73142
37	11000.00000	8.73142
37	11200.00000	8.73142
37	11400.00000	8.73142
37	11600.00000	11.05133
37	11800.00000	11.05133
37	12000.00000	11.05133
37	12200.00000	11.05133
37	12400.00000	10.64770
37	12600.00000	10.64770
37	12800.00000	10.64770
37	13000.00000	10.64770
37	13200.00000	10.27210
37	13400.00000	10.27210
37	13600.00000	10.27210
37	13800.00000	10.27210
37	14000.00000	9.14753
37	14200.00000	9.14753
37	14400.00000	9.14753
37	14600.00000	7.94952
37	14800.00000	7.94952
37	15000.00000	7.94952
37	15200.00000	7.94952
37	15400.00000	8.65165
37	15600.00000	8.65165
37	15800.00000	8.65165
37	16000.00000	8.65165
37	16200.00000	9.52711
37	16400.00000	9.52711
37	16600.00000	9.52711
37	16800.00000	9.52711
37	17000.00000	9.23216
37	17200.00000	9.23216
37	17400.00000	9.23216
37	17600.00000	9.23216
37	17800.00000	9.32102
37	18000.00000	9.32102
37	18200.00000	9.32102
37	18400.00000	9.32102
37	18600.00000	8.27889
37	18800.00000	8.27889
37	19000.00000	8.27889
37	19200.00000	9.21483
37	19400.00000	9.21483
37	19600.00000	9.21483
37	19800.00000	9.21483
37	20000.00000	8.58555
38	0.00000	11.52386
38	200.00000	11.52386
38	400.00000	11.52386
38	600.00000	11.52386
38	800.00000	14.06899
38	1000.00000	14.06899
38	1200.00000	14.06899
38	1400.00000	14.06899
38	1600.00000	11.05837
38	1800.00000	11.05837
38	2000.00000	11.05837
38	2200.00000	11.05837
38	2400.00000	10.85769
38	2600.00000	10.85769
38	2800.00000	10.85769
38	3000.00000	10.85769
38	3200.00000	10.28663
38	3400.00000	10.28663
38	3600.00000	10.28663
38	3800.00000	10.28663
38	4000.00000	11.51091
38	4200.00000	11.51091
38	4400.00000	11.51091
38	4600.00000	11.51091
38	4800.00000	10.74286
38	5000.00000	10.74286
38	5200.00000	10.74286
38	5400.00000	10.04560
38	5600.00000	10.04560
38	5800.00000	10.04560
38	6000.00000	10.04560
38	6200.00000	10.33450
38	6400.00000	10.33450
38	6600.00000	10.33450
38	6800.00000	10.33450
38	7000.00000	9.39197
38	7200.00000	9.39197
38	7400.00000	9.39197
38	7600.00000	9.39197
38	7800.00000	10.28860
38	8000.00000	10.28860
38	8200.00000	10.28860
38	8400.00000	10.28860
38	8600.00000	9.13555
38	8800.00000	9.13555
38	9000.00000	9.13555
38	9200.00000	9.13555
38	9400.00000	10.85389
38	9600.00000	10.85389
38	9800.00000	10.85389
38	10000.00000	10.43577
38	10200.00000	10.43577
38	10400.00000	10.43577
38	10600.00000	10.43577
38	10800.00000	8.72369
38	11000.00000	8.72369
38	11200.00000	8.72369
38	11400.00000	8.72369
38	11600.00000	10.24051
38	11800.00000	10.24051
38	12000.00000	10.24051
38	12200.00000	10.24051
38	12400.00000	11.37821
38	12600.00000	11.37821
38	12800.00000	11.37821
38	13000.00000	11.37821
38	13200.00000	11.97067
38	13400.00000	11.97067
38	13600.00000	11.97067
38	13800.00000	11.97067
38	14000.00000	10.66233
38	14200.00000	10.66233
38	14400.00000	10.66233
38	14600.00000	8.44112
38	14800.00000	8.44112
38	15000.00000	8.44112
38	15200.00000	8.44112
38	15400.00000	8.50939
38	15600.00000	8.50939
38	15800.00000	8.50939
38	16000.00000	8.50939
38	16200.00000	9.13621
38	16400.00000	9.13621
38	16600.00000	9.13621
38	16800.00000	9.13621
38	17000.00000	9.38846
38	17200.00000	9.38846
38	17400.00000	9.38846
38	17600.00000	9.38846
38	17800.00000	9.58324
38	18000.00000	9.58324
38	18200.00000	9.58324
38	18400.00000	9.58324
38	18600.00000	8.41087
38	18800.00000	8.41087
38	19000.00000	8.41087
38	19200.00000	9.20350
38	19400.00000	9.20350
38	19600.00000	9.20350
38	19800.00000	9.20350
38	20000.00000	10.37047
39	0.00000	11.41504
39	200.00000	11.41504
39	400.00000	11.41504
39	600.00000	11.41504
39	800.00000	13.42076
39	1000.00000	13.42076
39	1200.00000	13.42076
39	1400.00000	13.42076
39	1600.00000	10.93727
39	1800.00000	10.93727
39	2000.00000	10.93727
39	2200.00000	10.93727
39	2400.00000	11.08469
39	2600.00000	11.08469
39	2800.00000	11.08469
39	3000.00000	11.08469
39	3200.00000	10.32255
39	3400.00000	10.32255
39	3600.00000	10.32255
39	3800.00000	10.32255
39	4000.00000	11.15260
39	4200.00000	11.15260
39	4400.00000	11.15260
39	4600.00000	11.15260
39	4800.00000	11.16006
39	5000.00000	11.16006
39	5200.00000	11.16006
39	5400.00000	9.81130
39	5600.00000	9.81130
39	5800.00000	9.81130
39	6000.00000	9.81130
39	6200.00000	10.40014
39	6400.00000	10.40014
39	6600.00000	10.40014
39	6800.00000	10.40014
39	7000.00000	9.32536
39	7200.00000	9.32536
39	7400.00000	9.32536
39	7600.00000	9.32536
39	7800.00000	10.63533
39	8000.00000	10.63533
39	8200.00000	10.63533
39	8400.00000	10.63533
39	8600.00000	9.38253
39	8800.00000	9.38253
39	9000.00000	9.38253
39	9200.00000	9.38253
39	9400.00000	11.43569
39	9600.00000	11.43569
39	9800.00000	11.43569
39	10000.00000	10.02524
39	10200.00000	10.02524
39	10400.00000	10.02524
39	10600.00000	10.02524
39	10800.00000	8.72808
39	11000.00000	8.72808
39	11200.00000	8.72808
39	11400.00000	8.72808
39	11600.00000	11.64219
39	11800.00000	11.64219
39	12000.00000	11.64219
39	12200.00000	11.64219
39	12400.00000	12.76031
39	12600.00000	12.76031
39	12800.00000	12.76031
39	13000.00000	12.76031
39	13200.00000	11.91857
39	13400.00000	11.91857
39	13600.00000	11.91857
39	13800.00000	11.91857
39	14000.00000	9.16624
39	14200.00000	9.16624
39	14400.00000	9.16624
39	14600.00000	8.79028
39	14800.00000	8.79028
39	15000.00000	8.79028
39	15200.00000	8.79028
39	15400.00000	8.85776
39	15600.00000	8.85776
39	15800.00000	8.85776
39	16000.00000	8.85776
39	16200.00000	9.74289
39	16400.00000	9.74289
39	16600.00000	9.74289
39	16800.00000	9.74289
39	17000.00000	8.61118
39	17200.00000	8.61118
39	17400.00000	8.61118
39	17600.00000	8.61118
39	17800.00000	8.19174
39	18000.00000	8.19174
39	18200.00000	8.19174
39	18400.00000	8.19174
39	18600.00000	9.87169
39	18800.00000	9.87169
39	19000.00000	9.87169
39	19200.00000	11.52982
39	19400.00000	11.52982
39	19600.00000	11.52982
39	19800.00000	11.52982
39	20000.00000	9.57358
40	0.00000	11.44946
40	200.00000	11.44946
40	400.00000	11.44946
40	600.00000	11.44946
40	800.00000	14.40223
40	1000.00000	14.40223
40	1200.00000	14.40223
40	1400.00000	14.40223
40	1600.00000	11.00075
40	1800.00000	11.00075
40	2000.00000	11.00075
40	2200.00000	11.00075
40	2400.00000	10.87043
40	2600.00000	10.87043
40	2800.00000	10.87043
40	3000.00000	10.87043
40	3200.00000	10.39945
40	3400.00000	10.39945
40	3600.00000	10.39945
40	3800.00000	10.39945
40	4000.00000	10.90464
40	4200.00000	10.90464
40	4400.00000	10.90464
40	4600.00000	10.90464
40	4800.00000	10.51462
40	5000.00000	10.51462
40	5200.00000	10.51462
40	5400.00000	9.98805
40	5600.00000	9.98805
40	5800.00000	9.98805
40	6000.00000	9.98805
40	6200.00000	11.22602
40	6400.00000	11.22602
40	6600.00000	11.22602
40	6800.00000	11.22602
40	7000.00000	9.23348
40	7200.00000	9.23348
40	7400.00000	9.23348
40	7600.00000	9.23348
40	7800.00000	10.59243
40	8000.00000	10.59243
40	8200.00000	10.59243
40	8400.00000	10.59243
40	8600.00000	9.11784
40	8800.00000	9.11784
40	9000.00000	9.11784
40	9200.00000	9.11784
40	9400.00000	11.15116
40	9600.00000	11.15116
40	9800.00000	11.15116
40	10000.00000	10.10984
40	10200.00000	10.10984
40	10400.00000	10.10984
40	10600.00000	10.10984
40	10800.00000	8.74147
40	11000.00000	8.74147
40	11200.00000	8.74147
40	11400.00000	8.74147
40	11600.00000	11.40882
40	11800.00000	11.40882
40	12000.00000	11.40882
40	12200.00000	11.40882
40	12400.00000	9.71035
40	12600.00000	9.71035
40	12800.00000	9.71035
40	13000.00000	9.71035
40	13200.00000	10.67728
40	13400.00000	10.67728
40	13600.00000	10.67728
40	13800.00000	10.67728
40	14000.00000	9.79142
40	14200.00000	9.79142
40	14400.00000	9.79142
40	14600.00000	8.21988
40	14800.00000	8.21988
40	15000.00000	8.21988
40	15200.00000	8.21988
40	15400.00000	9.32029
40	15600.00000	9.32029
40	15800.00000	9.32029
40	16000.00000	9.32029
40	16200.00000	11.17923
40	16400.00000	11.17923
40	16600.00000	11.17923
40	16800.00000	11.17923
40	17000.00000	9.89236
40	17200.00000	9.89236
40	17400.00000	9.89236
40	17600.00000	9.89236
40	17800.00000	8.37972
40	18000.00000	8.37972
40	18200.00000	8.37972
40	18400.00000	8.37972
40	18600.00000	8.25772
40	18800.00000	8.25772
40	19000.00000	8.25772
40	19200.00000	10.24139
40	19400.00000	10.24139
40	19600.00000	10.24139
40	19800.00000	10.24139
40	20000.00000	10.46490
41	0.00000	11.62424
41	200.00000	11.62424
41	400.00000	11.62424
41	600.00000	11.62424
41	800.00000	13.91778
41	1000.00000	13.91778
41	1200.00000	13.91778
41	1400.00000	13.91778
41	1600.00000	10.95212
41	1800.00000	10.95212
41	2000.00000	10.95212
41	2200.00000	10.95212
41	2400.00000	11.08887
41	2600.00000	11.08887
41	2800.00000	11.08887
41	3000.00000	11.08887
41	3200.00000	10.46742
41	3400.00000	10.46742
41	3600.00000	10.46742
41	3800.00000	10.46742
41	4000.00000	10.62462
41	4200.00000	10.62462
41	4400.00000	10.62462
41	4600.00000	10.62462
41	4800.00000	11.09009
41	5000.00000	11.09009
41	5200.00000	11.09009
41	5400.00000	10.13324
41	5600.00000	10.13324
41	5800.00000	10.13324
41	6000.00000	10.13324
41	6200.00000	10.04267
41	6400.00000	10.04267
41	6600.00000	10.04267
41	6800.00000	10.04267
41	7000.00000	9.33760
41	7200.00000	9.33760
41	7400.00000	9.33760
41	7600.00000	9.33760
41	7800.00000	10.68545
41	8000.00000	10.68545
41	8200.00000	10.68545
41	8400.00000	10.68545
41	8600.00000	8.78700
41	8800.00000	8.78700
41	9000.00000	8.78700
41	9200.00000	8.78700
41	9400.00000	10.87341
41	9600.00000	10.87341
41	9800.00000	10.87341
41	10000.00000	9.49736
41	10200.00000	9.49736
41	10400.00000	9.49736
41	10600.00000	9.49736
41	10800.00000	9.39673
41	11000.00000	9.39673
41	11200.00000	9.39673
41	11400.00000	9.39673
41	11600.00000	10.73051
41	11800.00000	10.73051
41	12000.00000	10.73051
41	12200.00000	10.73051
41	12400.00000	10.59237
41	12600.00000	10.59237
41	12800.00000	10.59237
41	13000.00000	10.59237
41	13200.00000	10.90770
41	13400.00000	10.90770
41	13600.00000	10.90770
41	13800.00000	10.90770
41	14000.00000	8.96123
41	14200.00000	8.96123
41	14400.00000	8.96123
41	14600.00000	9.76207
41	14800.00000	9.76207
41	15000.00000	9.76207
41	15200.00000	9.76207
41	15400.00000	7.84368
41	15600.00000	7.84368
41	15800.00000	7.84368
41	16000.00000	7.84368
41	16200.00000	9.99717
41	16400.00000	9.99717
41	16600.00000	9.99717
41	16800.00000	9.99717
41	17000.00000	8.88811
41	17200.00000	8.88811
41	17400.00000	8.88811
41	17600.00000	8.88811
41	17800.00000	8.94702
41	18000.00000	8.94702
41	18200.00000	8.94702
41	18400.00000	8.94702
41	18600.00000	8.76098
41	18800.00000	8.76098
41	19000.00000	8.76098
41	19200.00000	9.26713
41	19400.00000	9.26713
41	19600.00000	9.26713
41	19800.00000	9.26713
41	20000.00000	8.72366
42	0.00000	11.53406
42	200.00000	11.53406
42	400.00000	11.53406
42	600.00000	11.53406
42	800.00000	13.31662
42	1000.00000	13.31662
42	1200.00000	13.31662
42	1400.00000	13.31662
42	1600.00000	10.95062
42	1800.00000	10.95062
42	2000.00000	10.95062
42	2200.00000	10.95062
42	2400.00000	10.98188
42	2600.00000	10.98188
42	2800.00000	10.98188
42	3000.00000	10.98188
42	3200.00000	10.52444
42	3400.00000	10.52444
42	3600.00000	10.52444
42	3800.00000	10.52444
42	4000.00000	10.92768
42	4200.00000	10.92768
42	4400.00000	10.92768
42	4600.00000	10.92768
42	4800.00000	11.00969
42	5000.00000	11.00969
42	5200.00000	11.00969
42	5400.00000	9.88315
42	5600.00000	9.88315
42	5800.00000	9.88315
42	6000.00000	9.88315
42	6200.00000	9.99009
42	6400.00000	9.99009
42	6600.00000	9.99009
42	6800.00000	9.99009
42	7000.00000	9.81491
42	7200.00000	9.81491
42	7400.00000	9.81491
42	7600.00000	9.81491
42	7800.00000	10.41130
42	8000.00000	10.41130
42	8200.00000	10.41130
42	8400.00000	10.41130
42	8600.00000	8.83024
42	8800.00000	8.83024
42	9000.00000	8.83024
42	9200.00000	8.83024
42	9400.00000	10.31256
42	9600.00000	10.31256
42	9800.00000	10.31256
42	10000.00000	9.66732
42	10200.00000	9.66732
42	10400.00000	9.66732
42	10600.00000	9.66732
42	10800.00000	9.08026
42	11000.00000	9.08026
42	11200.00000	9.08026
42	11400.00000	9.08026
42	11600.00000	10.84617
42	11800.00000	10.84617
42	12000.00000	10.84617
42	12200.00000	10.84617
42	12400.00000	11.10038
42	12600.00000	11.10038
42	12800.00000	11.10038
42	13000.00000	11.10038
42	13200.00000	9.19778
42	13400.00000	9.19778
42	13600.00000	9.19778
42	13800.00000	9.19778
42	14000.00000	9.13088
42	14200.00000	9.13088
42	14400.00000	9.13088
42	14600.00000	8.61989
42	14800.00000	8.61989
42	15000.00000	8.61989
42	15200.00000	8.61989
42	15400.00000	9.52973
42	15600.00000	9.52973
42	15800.00000	9.52973
42	16000.00000	9.52973
42	16200.00000	9.45918
42	16400.00000	9.45918
42	16600.00000	9.45918
42	16800.00000	9.45918
42	17000.00000	8.73463
42	17200.00000	8.73463
42	17400.00000	8.73463
42	17600.00000	8.73463
42	17800.00000	8.43629
42	18000.00000	8.43629
42	18200.00000	8.43629
42	18400.00000	8.43629
42	18600.00000	8.79101
42	18800.00000	8.79101
42	19000.00000	8.79101
42	19200.00000	9.04880
42	19400.00000	9.04880
42	19600.00000	9.04880
42	19800.00000	9.04880
42	20000.00000	8.09907
43	0.00000	11.41173
43	200.00000	11.41173
43	400.00000	11.41173
43	600.00000	11.41173
43	800.00000	14.25578
43	1000.00000	14.25578
43	1200.00000	14.25578
43	1400.00000	14.25578
43	1600.00000	11.02146
43	1800.00000	11.02146
43	2000.00000	11.02146
43	2200.00000	11.02146
43	2400.00000	10.96574
43	2600.00000	10.96574
43	2800.00000	10.96574
43	3000.00000	10.96574
43	3200.00000	10.54870
43	3400.00000	10.54870
43	3600.00000	10.54870
43	3800.00000	10.54870
43	4000.00000	10.80354
43	4200.00000	10.80354
43	4400.00000	10.80354
43	4600.00000	10.80354
43	4800.00000	11.45682
43	5000.00000	11.45682
43	5200.00000	11.45682
43	5400.00000	10.05064
43	5600.00000	10.05064
43	5800.00000	10.05064
43	6000.00000	10.05064
43	6200.00000	10.43154
43	6400.00000	10.43154
43	6600.00000	10.43154
43	6800.00000	10.43154
43	7000.00000	9.46172
43	7200.00000	9.46172
43	7400.00000	9.46172
43	7600.00000	9.46172
43	7800.00000	10.25544
43	8000.00000	10.25544
43	8200.00000	10.25544
43	8400.00000	10.25544
43	8600.00000	9.05508
43	8800.00000	9.05508
43	9000.00000	9.05508
43	9200.00000	9.05508
43	9400.00000	10.42032
43	9600.00000	10.42032
43	9800.00000	10.42032
43	10000.00000	9.18034
43	10200.00000	9.18034
43	10400.00000	9.18034
43	10600.00000	9.18034
43	10800.00000	9.71086
43	11000.00000	9.71086
43	11200.00000	9.71086
43	11400.00000	9.71086
43	11600.00000	10.75804
43	11800.00000	10.75804
43	12000.00000	10.75804
43	12200.00000	10.75804
43	12400.00000	10.00068
43	12600.00000	10.00068
43	12800.00000	10.00068
43	13000.00000	10.00068
43	13200.00000	9.12201
43	13400.00000	9.12201
43	13600.00000	9.12201
43	13800.00000	9.12201
43	14000.00000	9.78339
43	14200.00000	9.78339
43	14400.00000	9.78339
43	14600.00000	9.58627
43	14800.00000	9.58627
43	15000.00000	9.58627
43	15200.00000	9.58627
43	15400.00000	8.42918
43	15600.00000	8.42918
43	15800.00000	8.42918
43	16000.00000	8.42918
43	16200.00000	10.85750
43	16400.00000	10.85750
43	16600.00000	10.85750
43	16800.00000	10.85750
43	17000.00000	9.53459
43	17200.00000	9.53459
43	17400.00000	9.53459
43	17600.00000	9.53459
43	17800.00000	8.39256
43	18000.00000	8.39256
43	18200.00000	8.39256
43	18400.00000	8.39256
43	18600.00000	8.43088
43	18800.00000	8.43088
43	19000.00000	8.43088
43	19200.00000	9.77484
43	19400.00000	9.77484
43	19600.00000	9.77484
43	19800.00000	9.77484
43	20000.00000	10.32910
44	0.00000	11.46426
44	200.00000	11.46426
44	400.00000	11.46426
44	600.00000	11.46426
44	800.00000	13.37763
44	1000.00000	13.37763
44	1200.00000	13.37763
44	1400.00000	13.37763
44	1600.00000	10.90004
44	1800.00000	10.90004
44	2000.00000	10.90004
44	2200.00000	10.90004
44	2400.00000	11.19805
44	2600.00000	11.19805
44	2800.00000	11.19805
44	3000.00000	11.19805
44	3200.00000	10.34725
44	3400.00000	10.34725
44	3600.00000	10.34725
44	3800.00000	10.34725
44	4000.00000	10.85695
44	4200.00000	10.85695
44	4400.00000	10.85695
44	4600.00000	10.85695
44	4800.00000	11.37723
44	5000.00000	11.37723
44	5200.00000	11.37723
44	5400.00000	9.68958
44	5600.00000	9.68958
44	5800.00000	9.68958
44	6000.00000	9.68958
44	6200.00000	11.80636
44	6400.00000	11.80636
44	6600.00000	11.80636
44	6800.00000	11.80636
44	7000.00000	9.00747
44	7200.00000	9.00747
44	7400.00000	9.00747
44	7600.00000	9.00747
44	7800.00000	9.70960
44	8000.00000	9.70960
44	8200.00000	9.70960
44	8400.00000	9.70960
44	8600.00000	9.13964
44	8800.00000	9.13964
44	9000.00000	9.13964
44	9200.00000	9.13964
44	9400.00000	10.92152
44	9600.00000	10.92152
44	9800.00000	10.92152
44	10000.00000	9.73570
44	10200.00000	9.73570
44	10400.00000	9.73570
44	10600.00000	9.73570
44	10800.00000	8.85579
44	11000.00000	8.85579
44	11200.00000	8.85579
44	11400.00000	8.85579
44	11600.00000	11.48600
44	11800.00000	11.48600
44	12000.00000	11.48600
44	12200.00000	11.48600
44	12400.00000	11.15290
44	12600.00000	11.15290
44	12800.00000	11.15290
44	13000.00000	11.15290
44	13200.00000	8.84666
44	13400.00000	8.84666
44	13600.00000	8.84666
44	13800.00000	8.84666
44	14000.00000	9.42834
44	14200.00000	9.42834
44	14400.00000	9.42834
44	14600.00000	8.98410
44	14800.00000	8.98410
44	15000.00000	8.98410
44	15200.00000	8.98410
44	15400.00000	8.88174
44	15600.00000	8.88174
44	15800.00000	8.88174
44	16000.00000	8.88174
44	16200.00000	10.00063
44	16400.00000	10.00063
44	16600.00000	10.00063
44	16800.00000	10.00063
44	17000.00000	9.66952
44	17200.00000	9.66952
44	17400.00000	9.66952
44	17600.00000	9.66952
44	17800.00000	9.16178
44	18000.00000	9.16178
44	18200.00000	9.16178
44	18400.00000	9.16178
44	18600.00000	8.83011
44	18800.00000	8.83011
44	19000.00000	8.83011
44	19200.00000	11.35888
44	19400.00000	11.35888
44	19600.00000	11.35888
44	19800.00000	11.35888
44	20000.00000	9.38265
45	0.00000	11.40880
45	200.00000	11.40880
45	400.00000	11.40880
45	600.00000	11.40880
45	800.00000	13.69867
45	1000.00000	13.69867
45	1200.00000	13.69867
45	1400.00000	13.69867
45	1600.00000	11.03475
45	1800.00000	11.03475
45	2000.00000	11.03475
45	2200.00000	11.03475
45	2400.00000	10.91640
45	2600.00000	10.91640
45	2800.00000	10.91640
45	3000.00000	10.91640
45	3200.00000	10.44375
45	3400.00000	10.44375
45	3600.00000	10.44375
45	3800.00000	10.44375
45	4000.00000	11.04083
45	4200.00000	11.04083
45	4400.00000	11.04083
45	4600.00000	11.04083
45	4800.00000	11.30225
45	5000.00000	11.30225
45	5200.00000	11.30225
45	5400.00000	9.98892
45	5600.00000	9.98892
45	5800.00000	9.98892
45	6000.00000	9.98892
45	6200.00000	11.23427
45	6400.00000	11.23427
45	6600.00000	11.23427
45	6800.00000	11.23427
45	7000.00000	9.03185
45	7200.00000	9.03185
45	7400.00000	9.03185
45	7600.00000	9.03185
45	7800.00000	10.78753
45	8000.00000	10.78753
45	8200.00000	10.78753
45	8400.00000	10.78753
45	8600.00000	9.11752
45	8800.00000	9.11752
45	9000.00000	9.11752
45	9200.00000	9.11752
45	9400.00000	10.83738
45	9600.00000	10.83738
45	9800.00000	10.83738
45	10000.00000	10.15717
45	10200.00000	10.15717
45	10400.00000	10.15717
45	10600.00000	10.15717
45	10800.00000	8.93497
45	11000.00000	8.93497
45	11200.00000	8.93497
45	11400.00000	8.93497
45	11600.00000	10.76628
45	11800.00000	10.76628
45	12000.00000	10.76628
45	12200.00000	10.76628
45	12400.00000	10.28708
45	12600.00000	10.28708
45	12800.00000	10.28708
45	13000.00000	10.28708
45	13200.00000	9.29375
45	13400.00000	9.29375
45	13600.00000	9.29375
45	13800.00000	9.29375
45	14000.00000	9.39464
45	14200.00000	9.39464
45	14400.00000	9.39464
45	14600.00000	9.28470
45	14800.00000	9.28470
45	15000.00000	9.28470
45	15200.00000	9.28470
45	15400.00000	8.48836
45	15600.00000	8.48836
45	15800.00000	8.48836
45	16000.00000	8.48836
45	16200.00000	9.84996
45	16400.00000	9.84996
45	16600.00000	9.84996
45	16800.00000	9.84996
45	17000.00000	9.57561
45	17200.00000	9.57561
45	17400.00000	9.57561
45	17600.00000	9.57561
45	17800.00000	8.21166
45	18000.00000	8.21166
45	18200.00000	8.21166
45	18400.00000	8.21166
45	18600.00000	9.59595
45	18800.00000	9.59595
45	19000.00000	9.59595
45	19200.00000	9.06845
45	19400.00000	9.06845
45	19600.00000	9.06845
45	19800.00000	9.06845
45	20000.00000	9.37313
46	0.00000	11.51298
46	200.00000	11.51298
46	400.00000	11.51298
46	600.00000	11.51298
46	800.00000	13.25912
46	1000.00000	13.25912
46	1200.00000	13.25912
46	1400.00000	13.25912
46	1600.00000	11.05382
46	1800.00000	11.05382
46	2000.00000	11.05382
46	2200.00000	11.05382
46	2400.00000	10.81943
46	2600.00000	10.81943
46	2800.00000	10.81943
46	3000.00000	10.81943
46	3200.00000	10.30977
46	3400.00000	10.30977
46	3600.00000	10.30977
46	3800.00000	10.30977
46	4000.00000	11.29130
46	4200.00000	11.29130
46	4400.00000	11.29130
46	4600.00000	11.29130
46	4800.00000	11.13351
46	5000.00000	11.13351
46	5200.00000	11.13351
46	5400.00000	9.80769
46	5600.00000	9.80769
46	5800.00000	9.80769
46	6000.00000	9.80769
46	6200.00000	10.62572
46	6400.00000	10.62572
46	6600.00000	10.62572
46	6800.00000	10.62572
46	7000.00000	9.33929
46	7200.00000	9.33929
46	7400.00000	9.33929
46	7600.00000	9.33929
46	7800.00000	9.84306
46	8000.00000	9.84306
46	8200.00000	9.84306
46	8400.00000	9.84306
46	8600.00000	9.16436
46	8800.00000	9.16436
46	9000.00000	9.16436
46	9200.00000	9.16436
46	9400.00000	11.81452
46	9600.00000	11.81452
46	9800.00000	11.81452
46	10000.00000	9.75566
46	10200.00000	9.75566
46	10400.00000	9.75566
46	10600.00000	9.75566
46	10800.00000	9.23197
46	11000.00000	9.23197
46	11200.00000	9.23197
46	11400.00000	9.23197
46	11600.00000	11.14084
46	11800.00000	11.14084
46	12000.00000	11.14084
46	12200.00000	11.14084
46	12400.00000	10.67275
46	12600.00000	10.67275
46	12800.00000	10.67275
46	13000.00000	10.67275
46	13200.00000	8.66574
46	13400.00000	8.66574
46	13600.00000	8.66574
46	13800.00000	8.66574
46	14000.00000	9.06711
46	14200.00000	9.06711
46	14400.00000	9.06711
46	14600.00000	9.15163
46	14800.00000	9.15163
46	15000.00000	9.15163
46	15200.00000	9.15163
46	15400.00000	8.96582
46	15600.00000	8.96582
46	15800.00000	8.96582
46	16000.00000	8.96582
46	16200.00000	10.12705
46	16400.00000	10.12705
46	16600.00000	10.12705
46	16800.00000	10.12705
46	17000.00000	9.87402
46	17200.00000	9.87402
46	17400.00000	9.87402
46	17600.00000	9.87402
46	17800.00000	8.13787
46	18000.00000	8.13787
46	18200.00000	8.13787
46	18400.00000	8.13787
46	18600.00000	8.43660
46	18800.00000	8.43660
46	19000.00000	8.43660
46	19200.00000	8.32044
46	19400.00000	8.32044
46	19600.00000	8.32044
46	19800.00000	8.32044
46	20000.00000	8.89570
47	0.00000	11.47390
47	200.00000	11.47390
47	400.00000	11.47390
47	600.00000	11.47390
47	800.00000	13.18199
47	1000.00000	13.18199
47	1200.00000	13.18199
47	1400.00000	13.18199
47	1600.00000	11.00266
47	1800.00000	11.00266
47	2000.00000	11.00266
47	2200.00000	11.00266
47	2400.00000	10.97013
47	2600.00000	10.97013
47	2800.00000	10.97013
47	3000.00000	10.97013
47	3200.00000	10.36018
47	3400.00000	10.36018
47	3600.00000	10.36018
47	3800.00000	10.36018
47	4000.00000	10.76851
47	4200.00000	10.76851
47	4400.00000	10.76851
47	4600.00000	10.76851
47	4800.00000	11.30976
47	5000.00000	11.30976
47	5200.00000	11.30976
47	5400.00000	9.84739
47	5600.00000	9.84739
47	5800.00000	9.84739
47	6000.00000	9.84739
47	6200.00000	10.84707
47	6400.00000	10.84707
47	6600.00000	10.84707
47	6800.00000	10.84707
47	7000.00000	9.20200
47	7200.00000	9.20200
47	7400.00000	9.20200
47	7600.00000	9.20200
47	7800.00000	10.25882
47	8000.00000	10.25882
47	8200.00000	10.25882
47	8400.00000	10.25882
47	8600.00000	9.08457
47	8800.00000	9.08457
47	9000.00000	9.08457
47	9200.00000	9.08457
47	9400.00000	10.49568
47	9600.00000	10.49568
47	9800.00000	10.49568
47	10000.00000	9.62986
47	10200.00000	9.62986
47	10400.00000	9.62986
47	10600.00000	9.62986
47	10800.00000	9.24484
47	11000.00000	9.24484
47	11200.00000	9.24484
47	11400.00000	9.24484
47	11600.00000	11.15145
47	11800.00000	11.15145
47	12000.00000	11.15145
47	12200.00000	11.15145
47	12400.00000	10.73846
47	12600.00000	10.73846
47	12800.00000	10.73846
47	13000.00000	10.73846
47	13200.00000	8.81649
47	13400.00000	8.81649
47	13600.00000	8.81649
47	13800.00000	8.81649
47	14000.00000	9.33882
47	14200.00000	9.33882
47	14400.00000	9.33882
47	14600.00000	9.41188
47	14800.00000	9.41188
47	15000.00000	9.41188
47	15200.00000	9.41188
47	15400.00000	9.87221
47	15600.00000	9.87221
47	15800.00000	9.87221
47	16000.00000	9.87221
47	16200.00000	9.05010
47	16400.00000	9.05010
47	16600.00000	9.05010
47	16800.00000	9.05010
47	17000.00000	9.10345
47	17200.00000	9.10345
47	17400.00000	9.10345
47	17600.00000	9.10345
47	17800.00000	8.39094
47	18000.00000	8.39094
47	18200.00000	8.39094
47	18400.00000	8.39094
47	18600.00000	9.01175
47	18800.00000	9.01175
47	19000.00000	9.01175
47	19200.00000	8.59391
47	19400.00000	8.59391
47	19600.00000	8.59391
47	19800.00000	8.59391
47	20000.00000	9.15131
48	0.00000	11.50793
48	200.00000	11.50793
48	400.00000	11.50793
48	600.00000	11.50793
48	800.00000	13.55095
48	1000.00000	13.55095
48	1200.00000	13.55095
48	1400.00000	13.55095
48	1600.00000	10.92572
48	1800.00000	10.92572
48	2000.00000	10.92572
48	2200.00000	10.92572
48	2400.00000	10.93875
48	2600.00000	10.93875
48	2800.00000	10.93875
48	3000.00000	10.93875
48	3200.00000	10.46321
48	3400.00000	10.46321
48	3600.00000	10.46321
48	3800.00000	10.46321
48	4000.00000	11.27018
48	4200.00000	11.27018
48	4400.00000	11.27018
48	4600.00000	11.27018
48	4800.00000	10.99524
48	5000.00000	10.99524
48	5200.00000	10.99524
48	5400.00000	10.29614
48	5600.00000	10.29614
48	5800.00000	10.29614
48	6000.00000	10.29614
48	6200.00000	9.98870
48	6400.00000	9.98870
48	6600.00000	9.98870
48	6800.00000	9.98870
48	7000.00000	9.65679
48	7200.00000	9.65679
48	7400.00000	9.65679
48	7600.00000	9.65679
48	7800.00000	10.29051
48	8000.00000	10.29051
48	8200.00000	10.29051
48	8400.00000	10.29051
48	8600.00000	8.75431
48	8800.00000	8.75431
48	9000.00000	8.75431
48	9200.00000	8.75431
48	9400.00000	11.23178
48	9600.00000	11.23178
48	9800.00000	11.23178
48	10000.00000	9.81267
48	10200.00000	9.81267
48	10400.00000	9.81267
48	10600.00000	9.81267
48	10800.00000	8.96753
48	11000.00000	8.96753
48	11200.00000	8.96753
48	11400.00000	8.96753
48	11600.00000	10.90290
48	11800.00000	10.90290
48	12000.00000	10.90290
48	12200.00000	10.90290
48	12400.00000	10.46098
48	12600.00000	10.46098
48	12800.00000	10.46098
48	13000.00000	10.46098
48	13200.00000	9.63595
48	13400.00000	9.63595
48	13600.00000	9.63595
48	13800.00000	9.63595
48	14000.00000	9.39300
48	14200.00000	9.39300
48	14400.00000	9.39300
48	14600.00000	9.54824
48	14800.00000	9.54824
48	15000.00000	9.54824
48	15200.00000	9.54824
48	15400.00000	8.69907
48	15600.00000	8.69907
48	15800.00000	8.69907
48	16000.00000	8.69907
48	16200.00000	10.16190
48	16400.00000	10.16190
48	16600.00000	10.16190
48	16800.00000	10.16190
48	17000.00000	8.92733
48	17200.00000	8.92733
48	17400.00000	8.92733
48	17600.00000	8.92733
48	17800.00000	8.19411
48	18000.00000	8.19411
48	18200.00000	8.19411
48	18400.00000	8.19411
48	18600.00000	8.81513
48	18800.00000	8.81513
48	19000.00000	8.81513
48	19200.00000	9.30300
48	19400.00000	9.30300
48	19600.00000	9.30300
48	19800.00000	9.30300
48	20000.00000	9.34412
49	0.00000	11.51182
49	200.00000	11.51182
49	400.00000	11.51182
49	600.00000	11.51182
49	800.00000	13.72617
49	1000.00000	13.72617
49	1200.00000	13.72617
49	1400.00000	13.72617
49	1600.00000	10.82525
49	1800.00000	10.82525
49	2000.00000	10.82525
49	2200.00000	10.82525
49	2400.00000	11.31853
49	2600.00000	11.31853
49	2800.00000	11.31853
49	3000.00000	11.31853
49	3200.00000	10.11005
49	3400.00000	10.11005
49	3600.00000	10.11005
49	3800.00000	10.11005
49	4000.00000	11.70733
49	4200.00000	11.70733
49	4400.00000	11.70733
49	4600.00000	11.70733
49	4800.00000	11.00072
49	5000.00000	11.00072
49	5200.00000	11.00072
49	5400.00000	9.73425
49	5600.00000	9.73425
49	5800.00000	9.73425
49	6000.00000	9.73425
49	6200.00000	11.37695
49	6400.00000	11.37695
49	6600.00000	11.37695
49	6800.00000	11.37695
49	7000.00000	9.40724
49	7200.00000	9.40724
49	7400.00000	9.40724
49	7600.00000	9.40724
49	7800.00000	9.79901
49	8000.00000	9.79901
49	8200.00000	9.79901
49	8400.00000	9.79901
49	8600.00000	9.00377
49	8800.00000	9.00377
49	9000.00000	9.00377
49	9200.00000	9.00377
49	9400.00000	11.93771
49	9600.00000	11.93771
49	9800.00000	11.93771
49	10000.00000	9.49667
49	10200.00000	9.49667
49	10400.00000	9.49667
49	10600.00000	9.49667
49	10800.00000	9.23538
49	11000.00000	9.23538
49	11200.00000	9.23538
49	11400.00000	9.23538
49	11600.00000	11.02305
49	11800.00000	11.02305
49	12000.00000	11.02305
49	12200.00000	11.02305
49	12400.00000	11.03286
49	12600.00000	11.03286
49	12800.00000	11.03286
49	13000.00000	11.03286
49	13200.00000	10.10955
49	13400.00000	10.10955
49	13600.00000	10.10955
49	13800.00000	10.10955
49	14000.00000	9.03246
49	14200.00000	9.03246
49	14400.00000	9.03246
49	14600.00000	9.38623
49	14800.00000	9.38623
49	15000.00000	9.38623
49	15200.00000	9.38623
49	15400.00000	8.93208
49	15600.00000	8.93208
49	15800.00000	8.93208
49	16000.00000	8.93208
49	16200.00000	10.14711
49	16400.00000	10.14711
49	16600.00000	10.14711
49	16800.00000	10.14711
49	17000.00000	9.48826
49	17200.00000	9.48826
49	17400.00000	9.48826
49	17600.00000	9.48826
49	17800.00000	8.16727
49	18000.00000	8.16727
49	18200.00000	8.16727
49	18400.00000	8.16727
49	18600.00000	9.18157
49	18800.00000	9.18157
49	19000.00000	9.18157
49	19200.00000	10.35135
49	19400.00000	10.35135
49	19600.00000	10.35135
49	19800.00000	10.35135
49	20000.00000	9.41900
50	0.00000	11.43001
50	200.00000	11.43001
50	400.00000	11.43001
50	600.00000	11.43001
50	800.00000	12.90410
50	1000.00000	12.90410
50	1200.00000	12.90410
50	1400.00000	12.90410
50	1600.00000	10.96389
50	1800.00000	10.96389
50	2000.00000	10.96389
50	2200.00000	10.96389
50	2400.00000	11.24795
50	2600.00000	11.24795
50	2800.00000	11.24795
50	3000.00000	11.24795
50	3200.00000	10.38631
50	3400.00000	10.38631
50	3600.00000	10.38631
50	3800.00000	10.38631
50	4000.00000	11.43588
50	4200.00000	11.43588
50	4400.00000	11.43588
50	4600.00000	11.43588
50	4800.00000	11.24652
50	5000.00000	11.24652
50	5200.00000	11.24652
50	5400.00000	9.76130
50	5600.00000	9.76130
50	5800.00000	9.76130
50	6000.00000	9.76130
50	6200.00000	11.01317
50	6400.00000	11.01317
50	6600.00000	11.01317
50	6800.00000	11.01317
50	7000.00000	9.42607
50	7200.00000	9.42607
50	7400.00000	9.42607
50	7600.00000	9.42607
50	7800.00000	9.70490
50	8000.00000	9.70490
50	8200.00000	9.70490
50	8400.00000	9.70490
50	8600.00000	9.45375
50	8800.00000	9.45375
50	9000.00000	9.45375
50	9200.00000	9.45375
50	9400.00000	10.29596
50	9600.00000	10.29596
50	9800.00000	10.29596
50	10000.00000	10.03951
50	10200.00000	10.03951
50	10400.00000	10.03951
50	10600.00000	10.03951
50	10800.00000	9.59350
50	11000.00000	9.59350
50	11200.00000	9.59350
50	11400.00000	9.59350
50	11600.00000	10.33369
50	11800.00000	10.33369
50	12000.00000	10.33369
50	12200.00000	10.33369
50	12400.00000	10.15167
50	12600.00000	10.15167
50	12800.00000	10.15167
50	13000.00000	10.15167
50	13200.00000	9.05468
50	13400.00000	9.05468
50	13600.00000	9.05468
50	13800.00000	9.05468
50	14000.00000	9.85029
50	14200.00000	9.85029
50	14400.00000	9.85029
50	14600.00000	8.25086
50	14800.00000	8.25086
50	15000.00000	8.25086
50	15200.00000	8.25086
50	15400.00000	8.81749
50	15600.00000	8.81749
50	15800.00000	8.81749
50	16000.00000	8.81749
50	16200.00000	9.30241
50	16400.00000	9.30241
50	16600.00000	9.30241
50	16800.00000	9.30241
50	17000.00000	9.27308
50	17200.00000	9.27308
50	17400.00000	9.27308
50	17600.00000	9.27308
50	17800.00000	8.71766
50	18000.00000	8.71766
50	18200.00000	8.71766
50	18400.00000	8.71766
50	18600.00000	8.95548
50	18800.00000	8.95548
50	19000.00000	8.95548
50	19200.00000	9.35114
50	19400.00000	9.35114
50	19600.00000	9.35114
50	19800.00000	9.35114
50	20000.00000	9.71353
51	0.00000	11.50475
51	200.00000	11.50475
51	400.00000	11.50475
51	600.00000	11.50475
51	800.00000	12.97297
51	1000.00000	12.97297
51	1200.00000	12.97297
51	1400.00000	12.97297
51	1600.00000	11.03809
51	1800.00000	11.03809
51	2000.00000	11.03809
51	2200.00000	11.03809
51	2400.00000	10.93044
51	2600.00000	10.93044
51	2800.00000	10.93044
51	3000.00000	10.93044
51	3200.00000	10.44768
51	3400.00000	10.44768
51	3600.00000	10.44768
51	3800.00000	10.44768
51	4000.00000	11.03218
51	4200.00000	11.03218
51	4400.00000	11.03218
51	4600.00000	11.03218
51	4800.00000	10.95132
51	5000.00000	10.95132
51	5200.00000	10.95132
51	5400.00000	9.65615
51	5600.00000	9.65615
51	5800.00000	9.65615
51	6000.00000	9.65615
51	6200.00000	10.77427
51	6400.00000	10.77427
51	6600.00000	10.77427
51	6800.00000	10.77427
51	7000.00000	9.67264
51	7200.00000	9.67264
51	7400.00000	9.67264
51	7600.00000	9.67264
51	7800.00000	9.73679
51	8000.00000	9.73679
51	8200.00000	9.73679
51	8400.00000	9.73679
51	8600.00000	9.28156
51	8800.00000	9.28156
51	9000.00000	9.28156
51	9200.00000	9.28156
51	9400.00000	9.74827
51	9600.00000	9.74827
51	9800.00000	9.74827
51	10000.00000	9.74175
51	10200.00000	9.74175
51	10400.00000	9.74175
51	10600.00000	9.74175
51	10800.00000	9.48645
51	11000.00000	9.48645
51	11200.00000	9.48645
51	11400.00000	9.48645
51	11600.00000	11.01756
51	11800.00000	11.01756
51	12000.00000	11.01756
51	12200.00000	11.01756
51	12400.00000	10.44600
51	12600.00000	10.44600
51	12800.00000	10.44600
51	13000.00000	10.44600
51	13200.00000	9.66980
51	13400.00000	9.66980
51	13600.00000	9.66980
51	13800.00000	9.66980
51	14000.00000	9.49569
51	14200.00000	9.49569
51	14400.00000	9.49569
51	14600.00000	8.68640
51	14800.00000	8.68640
51	15000.00000	8.68640
51	15200.00000	8.68640
51	15400.00000	8.94698
51	15600.00000	8.94698
51	15800.00000	8.94698
51	16000.00000	8.94698
51	16200.00000	9.23402
51	16400.00000	9.23402
51	16600.00000	9.23402
51	16800.00000	9.23402
51	17000.00000	9.62100
51	17200.00000	9.62100
51	17400.00000	9.62100
51	17600.00000	9.62100
51	17800.00000	9.21914
51	18000.00000	9.21914
51	18200.00000	9.21914
51	18400.00000	9.21914
51	18600.00000	8.82571
51	18800.00000	8.82571
51	19000.00000	8.82571
51	19200.00000	9.29924
51	19400.00000	9.29924
51	19600.00000	9.29924
51	19800.00000	9.29924
51	20000.00000	8.51777
52	0.00000	11.46343
52	200.00000	11.46343
52	400.00000	11.46343
52	600.00000	11.46343
52	800.00000	13.31646
52	1000.00000	13.31646
52	1200.00000	13.31646
52	1400.00000	13.31646
52	1600.00000	10.91959
52	1800.00000	10.91959
52	2000.00000	10.91959
52	2200.00000	10.91959
52	2400.00000	10.88893
52	2600.00000	10.88893
52	2800.00000	10.88893
52	3000.00000	10.88893
52	3200.00000	10.41343
52	3400.00000	10.41343
52	3600.00000	10.41343
52	3800.00000	10.41343
52	4000.00000	11.60574
52	4200.00000	11.60574
52	4400.00000	11.60574
52	4600.00000	11.60574
52	4800.00000	10.93091
52	5000.00000	10.93091
52	5200.00000	10.93091
52	5400.00000	9.82944
52	5600.00000	9.82944
52	5800.00000	9.82944
52	6000.00000	9.82944
52	6200.00000	10.55691
52	6400.00000	10.55691
52	6600.00000	10.55691
52	6800.00000	10.55691
52	7000.00000	9.24869
52	7200.00000	9.24869
52	7400.00000	9.24869
52	7600.00000	9.24869
52	7800.00000	9.69402
52	8000.00000	9.69402
52	8200.00000	9.69402
52	8400.00000	9.69402
52	8600.00000	9.78991
52	8800.00000	9.78991
52	9000.00000	9.78991
52	9200.00000	9.78991
52	9400.00000	10.03429
52	9600.00000	10.03429
52	9800.00000	10.03429
52	10000.00000	9.33234
52	10200.00000	9.33234
52	10400.00000	9.33234
52	10600.00000	9.33234
52	10800.00000	9.20989
52	11000.00000	9.20989
52	11200.00000	9.20989
52	11400.00000	9.20989
52	11600.00000	9.92149
52	11800.00000	9.92149
52	12000.00000	9.92149
52	12200.00000	9.92149
52	12400.00000	10.35424
52	12600.00000	10.35424
52	12800.00000	10.35424
52	13000.00000	10.35424
52	13200.00000	8.96845
52	13400.00000	8.96845
52	13600.00000	8.96845
52	13800.00000	8.96845
52	14000.00000	9.18191
52	14200.00000	9.18191
52	14400.00000	9.18191
52	14600.00000	9.37207
52	14800.00000	9.37207
52	15000.00000	9.37207
52	15200.00000	9.37207
52	15400.00000	8.60510
52	15600.00000	8.60510
52	15800.00000	8.60510
52	16000.00000	8.60510
52	16200.00000	9.61518
52	16400.00000	9.61518
52	16600.00000	9.61518
52	16800.00000	9.61518
52	17000.00000	9.42176
52	17200.00000	9.42176
52	17400.00000	9.42176
52	17600.00000	9.42176
52	17800.00000	7.92928
52	18000.00000	7.92928
52	18200.00000	7.92928
52	18400.00000	7.92928
52	18600.00000	9.26463
52	18800.00000	9.26463
52	19000.00000	9.26463
52	19200.00000	9.35452
52	19400.00000	9.35452
52	19600.00000	9.35452
52	19800.00000	9.35452
52	20000.00000	8.91581
53	0.00000	11.45170
53	200.00000	11.45170
53	400.00000	11.45170
53	600.00000	11.45170
53	800.00000	13.74131
53	1000.00000	13.74131
53	1200.00000	13.74131
53	1400.00000	13.74131
53	1600.00000	10.94467
53	1800.00000	10.94467
53	2000.00000	10.94467
53	2200.00000	10.94467
53	2400.00000	11.30466
53	2600.00000	11.30466
53	2800.00000	11.30466
53	3000.00000	11.30466
53	3200.00000	10.14403
53	3400.00000	10.14403
53	3600.00000	10.14403
53	3800.00000	10.14403
53	4000.00000	11.13327
53	4200.00000	11.13327
53	4400.00000	11.13327
53	4600.00000	11.13327
53	4800.00000	10.55978
53	5000.00000	10.55978
53	5200.00000	10.55978
53	5400.00000	10.14421
53	5600.00000	10.14421
53	5800.00000	10.14421
53	6000.00000	10.14421
53	6200.00000	10.70187
53	6400.00000	10.70187
53	6600.00000	10.70187
53	6800.00000	10.70187
53	7000.00000	9.14073
53	7200.00000	9.14073
53	7400.00000	9.14073
53	7600.00000	9.14073
53	7800.00000	9.87810
53	8000.00000	9.87810
53	8200.00000	9.87810
53	8400.00000	9.87810
53	8600.00000	10.02385
53	8800.00000	10.02385
53	9000.00000	10.02385
53	9200.00000	10.02385
53	9400.00000	9.22425
53	9600.00000	9.22425
53	9800.00000	9.22425
53	10000.00000	10.38971
53	10200.00000	10.38971
53	10400.00000	10.38971
53	10600.00000	10.38971
53	10800.00000	9.02894
53	11000.00000	9.02894
53	11200.00000	9.02894
53	11400.00000	9.02894
53	11600.00000	10.20485
53	11800.00000	10.20485
53	12000.00000	10.20485
53	12200.00000	10.20485
53	12400.00000	10.27655
53	12600.00000	10.27655
53	12800.00000	10.27655
53	13000.00000	10.27655
53	13200.00000	10.46920
53	13400.00000	10.46920
53	13600.00000	10.46920
53	13800.00000	10.46920
53	14000.00000	8.86713
53	14200.00000	8.86713
53	14400.00000	8.86713
53	14600.00000	10.07794
53	14800.00000	10.07794
53	15000.00000	10.07794
53	15200.00000	10.07794
53	15400.00000	8.33308
53	15600.00000	8.33308
53	15800.00000	8.33308
53	16000.00000	8.33308
53	16200.00000	9.88183
53	16400.00000	9.88183
53	16600.00000	9.88183
53	16800.00000	9.88183
53	17000.00000	10.05708
53	17200.00000	10.05708
53	17400.00000	10.05708
53	17600.00000	10.05708
53	17800.00000	9.10748
53	18000.00000	9.10748
53	18200.00000	9.10748
53	18400.00000	9.10748
53	18600.00000	9.48857
53	18800.00000	9.48857
53	19000.00000	9.48857
53	19200.00000	8.72105
53	19400.00000	8.72105
53	19600.00000	8.72105
53	19800.00000	8.72105
53	20000.00000	8.06515
54	0.00000	11.47361
54	200.00000	11.47361
54	400.00000	11.47361
54	600.00000	11.47361
54	800.00000	13.74624
54	1000.00000	13.74624
54	1200.00000	13.74624
54	1400.00000	13.74624
54	1600.00000	10.79831
54	1800.00000	10.79831
54	2000.00000	10.79831
54	2200.00000	10.79831
54	2400.00000	11.92562
54	2600.00000	11.92562
54	2800.00000	11.92562
54	3000.00000	11.92562
54	3200.00000	10.02986
54	3400.00000	10.02986
54	3600.00000	10.02986
54	3800.00000	10.02986
54	4000.00000	11.53500
54	4200.00000	11.53500
54	4400.00000	11.53500
54	4600.00000	11.53500
54	4800.00000	11.02780
54	5000.00000	11.02780
54	5200.00000	11.02780
54	5400.00000	9.77743
54	5600.00000	9.77743
54	5800.00000	9.77743
54	6000.00000	9.77743
54	6200.00000	10.80982
54	6400.00000	10.80982
54	6600.00000	10.80982
54	6800.00000	10.80982
54	7000.00000	9.00545
54	7200.00000	9.00545
54	7400.00000	9.00545
54	7600.00000	9.00545
54	7800.00000	10.60442
54	8000.00000	10.60442
54	8200.00000	10.60442
54	8400.00000	10.60442
54	8600.00000	10.02378
54	8800.00000	10.02378
54	9000.00000	10.02378
54	9200.00000	10.02378
54	9400.00000	9.14566
54	9600.00000	9.14566
54	9800.00000	9.14566
54	10000.00000	10.43032
54	10200.00000	10.43032
54	10400.00000	10.43032
54	10600.00000	10.43032
54	10800.00000	9.06950
54	11000.00000	9.06950
54	11200.00000	9.06950
54	11400.00000	9.06950
54	11600.00000	9.94655
54	11800.00000	9.94655
54	12000.00000	9.94655
54	12200.00000	9.94655
54	12400.00000	11.83737
54	12600.00000	11.83737
54	12800.00000	11.83737
54	13000.00000	11.83737
54	13200.00000	11.61346
54	13400.00000	11.61346
54	13600.00000	11.61346
54	13800.00000	11.61346
54	14000.00000	8.68338
54	14200.00000	8.68338
54	14400.00000	8.68338
54	14600.00000	8.79954
54	14800.00000	8.79954
54	15000.00000	8.79954
54	15200.00000	8.79954
54	15400.00000	9.13330
54	15600.00000	9.13330
54	15800.00000	9.13330
54	16000.00000	9.13330
54	16200.00000	9.47797
54	16400.00000	9.47797
54	16600.00000	9.47797
54	16800.00000	9.47797
54	17000.00000	9.69133
54	17200.00000	9.69133
54	17400.00000	9.69133
54	17600.00000	9.69133
54	17800.00000	9.78309
54	18000.00000	9.78309
54	18200.00000	9.78309
54	18400.00000	9.78309
54	18600.00000	8.54432
54	18800.00000	8.54432
54	19000.00000	8.54432
54	19200.00000	9.11225
54	19400.00000	9.11225
54	19600.00000	9.11225
54	19800.00000	9.11225
54	20000.00000	9.28335
55	0.00000	11.46132
55	200.00000	11.46132
55	400.00000	11.46132
55	600.00000	11.46132
55	800.00000	13.62411
55	1000.00000	13.62411
55	1200.00000	13.62411
55	1400.00000	13.62411
55	1600.00000	10.88237
55	1800.00000	10.88237
55	2000.00000	10.88237
55	2200.00000	10.88237
55	2400.00000	12.01519
55	2600.00000	12.01519
55	2800.00000	12.01519
55	3000.00000	12.01519
55	3200.00000	10.09341
55	3400.00000	10.09341
55	3600.00000	10.09341
55	3800.00000	10.09341
55	4000.00000	12.22177
55	4200.00000	12.22177
55	4400.00000	12.22177
55	4600.00000	12.22177
55	4800.00000	10.94917
55	5000.00000	10.94917
55	5200.00000	10.94917
55	5400.00000	9.78219
55	5600.00000	9.78219
55	5800.00000	9.78219
55	6000.00000	9.78219
55	6200.00000	10.82876
55	6400.00000	10.82876
55	6600.00000	10.82876
55	6800.00000	10.82876
55	7000.00000	9.30059
55	7200.00000	9.30059
55	7400.00000	9.30059
55	7600.00000	9.30059
55	7800.00000	9.67721
55	8000.00000	9.67721
55	8200.00000	9.67721
55	8400.00000	9.67721
55	8600.00000	9.95777
55	8800.00000	9.95777
55	9000.00000	9.95777
55	9200.00000	9.95777
55	9400.00000	9.43084
55	9600.00000	9.43084
55	9800.00000	9.43084
55	10000.00000	9.70510
55	10200.00000	9.70510
55	10400.00000	9.70510
55	10600.00000	9.70510
55	10800.00000	8.45865
55	11000.00000	8.45865
55	11200.00000	8.45865
55	11400.00000	8.45865
55	11600.00000	10.58317
55	11800.00000	10.58317
55	12000.00000	10.58317
55	12200.00000	10.58317
55	12400.00000	11.59925
55	12600.00000	11.59925
55	12800.00000	11.59925
55	13000.00000	11.59925
55	13200.00000	12.28832
55	13400.00000	12.28832
55	13600.00000	12.28832
55	13800.00000	12.28832
55	14000.00000	10.47524
55	14200.00000	10.47524
55	14400.00000	10.47524
55	14600.00000	8.77838
55	14800.00000	8.77838
55	15000.00000	8.77838
55	15200.00000	8.77838
55	15400.00000	8.67761
55	15600.00000	8.67761
55	15800.00000	8.67761
55	16000.00000	8.67761
55	16200.00000	11.19736
55	16400.00000	11.19736
55	16600.00000	11.19736
55	16800.00000	11.19736
55	17000.00000	10.64016
55	17200.00000	10.64016
55	17400.00000	10.64016
55	17600.00000	10.64016
55	17800.00000	7.72365
55	18000.00000	7.72365
55	18200.00000	7.72365
55	18400.00000	7.72365
55	18600.00000	8.42882
55	18800.00000	8.42882
55	19000.00000	8.42882
55	19200.00000	9.31299
55	19400.00000	9.31299
55	19600.00000	9.31299
55	19800.00000	9.31299
55	20000.00000	10.74531
56	0.00000	11.57088
56	200.00000	11.57088
56	400.00000	11.57088
56	600.00000	11.57088
56	800.00000	13.97246
56	1000.00000	13.97246
56	1200.00000	13.97246
56	1400.00000	13.97246
56	1600.00000	10.72635
56	1800.00000	10.72635
56	2000.00000	10.72635
56	2200.00000	10.72635
56	2400.00000	12.26012
56	2600.00000	12.26012
56	2800.00000	12.26012
56	3000.00000	12.26012
56	3200.00000	10.00653
56	3400.00000	10.00653
56	3600.00000	10.00653
56	3800.00000	10.00653
56	4000.00000	12.16801
56	4200.00000	12.16801
56	4400.00000	12.16801
56	4600.00000	12.16801
56	4800.00000	11.01544
56	5000.00000	11.01544
56	5200.00000	11.01544
56	5400.00000	9.78451
56	5600.00000	9.78451
56	5800.00000	9.78451
56	6000.00000	9.78451
56	6200.00000	11.34592
56	6400.00000	11.34592
56	6600.00000	11.34592
56	6800.00000	11.34592
56	7000.00000	9.21981
56	7200.00000	9.21981
56	7400.00000	9.21981
56	7600.00000	9.21981
56	7800.00000	9.23001
56	8000.00000	9.23001
56	8200.00000	9.23001
56	8400.00000	9.23001
56	8600.00000	9.97369
56	8800.00000	9.97369
56	9000.00000	9.97369
56	9200.00000	9.97369
56	9400.00000	9.55979
56	9600.00000	9.55979
56	9800.00000	9.55979
56	10000.00000	10.34295
56	10200.00000	10.34295
56	10400.00000	10.34295
56	10600.00000	10.34295
56	10800.00000	9.11356
56	11000.00000	9.11356
56	11200.00000	9.11356
56	11400.00000	9.11356
56	11600.00000	10.67491
56	11800.00000	10.67491
56	12000.00000	10.67491
56	12200.00000	10.67491
56	12400.00000	10.92443
56	12600.00000	10.92443
56	12800.00000	10.92443
56	13000.00000	10.92443
56	13200.00000	10.50436
56	13400.00000	10.50436
56	13600.00000	10.50436
56	13800.00000	10.50436
56	14000.00000	9.03905
56	14200.00000	9.03905
56	14400.00000	9.03905
56	14600.00000	8.08466
56	14800.00000	8.08466
56	15000.00000	8.08466
56	15200.00000	8.08466
56	15400.00000	9.54930
56	15600.00000	9.54930
56	15800.00000	9.54930
56	16000.00000	9.54930
56	16200.00000	9.17828
56	16400.00000	9.17828
56	16600.00000	9.17828
56	16800.00000	9.17828
56	17000.00000	9.50305
56	17200.00000	9.50305
56	17400.00000	9.50305
56	17600.00000	9.50305
56	17800.00000	8.62747
56	18000.00000	8.62747
56	18200.00000	8.62747
56	18400.00000	8.62747
56	18600.00000	9.57925
56	18800.00000	9.57925
56	19000.00000	9.57925
56	19200.00000	9.60889
56	19400.00000	9.60889
56	19600.00000	9.60889
56	19800.00000	9.60889
56	20000.00000	10.23468
57	0.00000	11.48522
57	200.00000	11.48522
57	400.00000	11.48522
57	600.00000	11.48522
57	800.00000	14.25066
57	1000.00000	14.25066
57	1200.00000	14.25066
57	1400.00000	14.25066
57	1600.00000	10.70841
57	1800.00000	10.70841
57	2000.00000	10.70841
57	2200.00000	10.70841
57	2400.00000	12.67459
57	2600.00000	12.67459
57	2800.00000	12.67459
57	3000.00000	12.67459
57	3200.00000	10.16699
57	3400.00000	10.16699
57	3600.00000	10.16699
57	3800.00000	10.16699
57	4000.00000	11.09928
57	4200.00000	11.09928
57	4400.00000	11.09928
57	4600.00000	11.09928
57	4800.00000	10.71606
57	5000.00000	10.71606
57	5200.00000	10.71606
57	5400.00000	9.75176
57	5600.00000	9.75176
57	5800.00000	9.75176
57	6000.00000	9.75176
57	6200.00000	10.77317
57	6400.00000	10.77317
57	6600.00000	10.77317
57	6800.00000	10.77317
57	7000.00000	9.33757
57	7200.00000	9.33757
57	7400.00000	9.33757
57	7600.00000	9.33757
57	7800.00000	9.46933
57	8000.00000	9.46933
57	8200.00000	9.46933
57	8400.00000	9.46933
57	8600.00000	10.42812
57	8800.00000	10.42812
57	9000.00000	10.42812
57	9200.00000	10.42812
57	9400.00000	9.50669
57	9600.00000	9.50669
57	9800.00000	9.50669
57	10000.00000	11.29444
57	10200.00000	11.29444
57	10400.00000	11.29444
57	10600.00000	11.29444
57	10800.00000	8.38521
57	11000.00000	8.38521
57	11200.00000	8.38521
57	11400.00000	8.38521
57	11600.00000	10.34760
57	11800.00000	10.34760
57	12000.00000	10.34760
57	12200.00000	10.34760
57	12400.00000	10.45825
57	12600.00000	10.45825
57	12800.00000	10.45825
57	13000.00000	10.45825
57	13200.00000	10.68553
57	13400.00000	10.68553
57	13600.00000	10.68553
57	13800.00000	10.68553
57	14000.00000	10.89338
57	14200.00000	10.89338
57	14400.00000	10.89338
57	14600.00000	8.30355
57	14800.00000	8.30355
57	15000.00000	8.30355
57	15200.00000	8.30355
57	15400.00000	9.75641
57	15600.00000	9.75641
57	15800.00000	9.75641
57	16000.00000	9.75641
57	16200.00000	12.99357
57	16400.00000	12.99357
57	16600.00000	12.99357
57	16800.00000	12.99357
57	17000.00000	9.62058
57	17200.00000	9.62058
57	17400.00000	9.62058
57	17600.00000	9.62058
57	17800.00000	8.37191
57	18000.00000	8.37191
57	18200.00000	8.37191
57	18400.00000	8.37191
57	18600.00000	8.95828
57	18800.00000	8.95828
57	19000.00000	8.95828
57	19200.00000	9.14529
57	19400.00000	9.14529
57	19600.00000	9.14529
57	19800.00000	9.14529
57	20000.00000	11.61121
58	0.00000	11.51865
58	200.00000	11.51865
58	400.00000	11.51865
58	600.00000	11.51865
58	800.00000	14.43806
58	1000.00000	14.43806
58	1200.00000	14.43806
58	1400.00000	14.43806
58	1600.00000	10.66561
58	1800.00000	10.66561
58	2000.00000	10.66561
58	2200.00000	10.66561
58	2400.00000	12.93804
58	2600.00000	12.93804
58	2800.00000	12.93804
58	3000.00000	12.93804
58	3200.00000	10.02796
58	3400.00000	10.02796
58	3600.00000	10.02796
58	3800.00000	10.02796
58	4000.00000	11.69388
58	4200.00000	11.69388
58	4400.00000	11.69388
58	4600.00000	11.69388
58	4800.00000	11.23440
58	5000.00000	11.23440
58	5200.00000	11.23440
58	5400.00000	9.69973
58	5600.00000	9.69973
58	5800.00000	9.69973
58	6000.00000	9.69973
58	6200.00000	10.90991
58	6400.00000	10.90991
58	6600.00000	10.90991
58	6800.00000	10.90991
58	7000.00000	9.39647
58	7200.00000	9.39647
58	7400.00000	9.39647
58	7600.00000	9.39647
58	7800.00000	9.49356
58	8000.00000	9.49356
58	8200.00000	9.49356
58	8400.00000	9.49356
58	8600.00000	10.47019
58	8800.00000	10.47019
58	9000.00000	10.47019
58	9200.00000	10.47019
58	9400.00000	9.37470
58	9600.00000	9.37470
58	9800.00000	9.37470
58	10000.00000	10.42048
58	10200.00000	10.42048
58	10400.00000	10.42048
58	10600.00000	10.42048
58	10800.00000	9.15517
58	11000.00000	9.15517
58	11200.00000	9.15517
58	11400.00000	9.15517
58	11600.00000	10.93025
58	11800.00000	10.93025
58	12000.00000	10.93025
58	12200.00000	10.93025
58	12400.00000	11.18224
58	12600.00000	11.18224
58	12800.00000	11.18224
58	13000.00000	11.18224
58	13200.00000	9.91427
58	13400.00000	9.91427
58	13600.00000	9.91427
58	13800.00000	9.91427
58	14000.00000	10.45441
58	14200.00000	10.45441
58	14400.00000	10.45441
58	14600.00000	8.69940
58	14800.00000	8.69940
58	15000.00000	8.69940
58	15200.00000	8.69940
58	15400.00000	9.29711
58	15600.00000	9.29711
58	15800.00000	9.29711
58	16000.00000	9.29711
58	16200.00000	9.11117
58	16400.00000	9.11117
58	16600.00000	9.11117
58	16800.00000	9.11117
58	17000.00000	10.29492
58	17200.00000	10.29492
58	17400.00000	10.29492
58	17600.00000	10.29492
58	17800.00000	8.91978
58	18000.00000	8.91978
58	18200.00000	8.91978
58	18400.00000	8.91978
58	18600.00000	8.04848
58	18800.00000	8.04848
58	19000.00000	8.04848
58	19200.00000	10.92268
58	19400.00000	10.92268
58	19600.00000	10.92268
58	19800.00000	10.92268
58	20000.00000	9.21560
59	0.00000	11.62545
59	200.00000	11.62545
59	400.00000	11.62545
59	600.00000	11.62545
59	800.00000	13.23586
59	1000.00000	13.23586
59	1200.00000	13.23586
59	1400.00000	13.23586
59	1600.00000	10.61837
59	1800.00000	10.61837
59	2000.00000	10.61837
59	2200.00000	10.61837
59	2400.00000	12.29367
59	2600.00000	12.29367
59	2800.00000	12.29367
59	3000.00000	12.29367
59	3200.00000	10.06187
59	3400.00000	10.06187
59	3600.00000	10.06187
59	3800.00000	10.06187
59	4000.00000	11.96480
59	4200.00000	11.96480
59	4400.00000	11.96480
59	4600.00000	11.96480
59	4800.00000	10.60034
59	5000.00000	10.60034
59	5200.00000	10.60034
59	5400.00000	9.99415
59	5600.00000	9.99415
59	5800.00000	9.99415
59	6000.00000	9.99415
59	6200.00000	10.47454
59	6400.00000	10.47454
59	6600.00000	10.47454
59	6800.00000	10.47454
59	7000.00000	9.49405
59	7200.00000	9.49405
59	7400.00000	9.49405
59	7600.00000	9.49405
59	7800.00000	9.23935
59	8000.00000	9.23935
59	8200.00000	9.23935
59	8400.00000	9.23935
59	8600.00000	10.35819
59	8800.00000	10.35819
59	9000.00000	10.35819
59	9200.00000	10.35819
59	9400.00000	9.62631
59	9600.00000	9.62631
59	9800.00000	9.62631
59	10000.00000	10.46789
59	10200.00000	10.46789
59	10400.00000	10.46789
59	10600.00000	10.46789
59	10800.00000	8.57502
59	11000.00000	8.57502
59	11200.00000	8.57502
59	11400.00000	8.57502
59	11600.00000	11.31817
59	11800.00000	11.31817
59	12000.00000	11.31817
59	12200.00000	11.31817
59	12400.00000	11.05266
59	12600.00000	11.05266
59	12800.00000	11.05266
59	13000.00000	11.05266
59	13200.00000	10.63791
59	13400.00000	10.63791
59	13600.00000	10.63791
59	13800.00000	10.63791
59	14000.00000	9.67872
59	14200.00000	9.67872
59	14400.00000	9.67872
59	14600.00000	8.31568
59	14800.00000	8.31568
59	15000.00000	8.31568
59	15200.00000	8.31568
59	15400.00000	9.67330
59	15600.00000	9.67330
59	15800.00000	9.67330
59	16000.00000	9.67330
59	16200.00000	8.40342
59	16400.00000	8.40342
59	16600.00000	8.40342
59	16800.00000	8.40342
59	17000.00000	9.82530
59	17200.00000	9.82530
59	17400.00000	9.82530
59	17600.00000	9.82530
59	17800.00000	9.16112
59	18000.00000	9.16112
59	18200.00000	9.16112
59	18400.00000	9.16112
59	18600.00000	8.23703
59	18800.00000	8.23703
59	19000.00000	8.23703
59	19200.00000	8.75173
59	19400.00000	8.75173
59	19600.00000	8.75173
59	19800.00000	8.75173
59	20000.00000	8.28048
60	0.00000	11.54379
60	200.00000	11.54379
60	400.00000	11.54379
60	600.00000	11.54379
60	800.00000	13.85670
60	1000.00000	13.85670
60	1200.00000	13.85670
60	1400.00000	13.85670
60	1600.00000	10.60856
60	1800.00000	10.60856
60	2000.00000	10.60856
60	2200.00000	10.60856
60	2400.00000	12.58953
60	2600.00000	12.58953
60	2800.00000	12.58953
60	3000.00000	12.58953
60	3200.00000	10.06879
60	3400.00000	10.06879
60	3600.00000	10.06879
60	3800.00000	10.06879
60	4000.00000	11.62189
60	4200.00000	11.62189
60	4400.00000	11.62189
60	4600.00000	11.62189
60	4800.00000	10.42879
60	5000.00000	10.42879
60	5200.00000	10.42879
60	5400.00000	10.02240
60	5600.00000	10.02240
60	5800.00000	10.02240
60	6000.00000	10.02240
60	6200.00000	10.82435
60	6400.00000	10.82435
60	6600.00000	10.82435
60	6800.00000	10.82435
60	7000.00000	9.68005
60	7200.00000	9.68005
60	7400.00000	9.68005
60	7600.00000	9.68005
60	7800.00000	9.41459
60	8000.00000	9.41459
60	8200.00000	9.41459
60	8400.00000	9.41459
60	8600.00000	11.10902
60	8800.00000	11.10902
60	9000.00000	11.10902
60	9200.00000	11.10902
60	9400.00000	9.58062
60	9600.00000	9.58062
60	9800.00000	9.58062
60	10000.00000	9.51108
60	10200.00000	9.51108
60	10400.00000	9.51108
60	10600.00000	9.51108
60	10800.00000	8.60979
60	11000.00000	8.60979
60	11200.00000	8.60979
60	11400.00000	8.60979
60	11600.00000	9.93057
60	11800.00000	9.93057
60	12000.00000	9.93057
60	12200.00000	9.93057
60	12400.00000	12.12809
60	12600.00000	12.12809
60	12800.00000	12.12809
60	13000.00000	12.12809
60	13200.00000	11.64881
60	13400.00000	11.64881
60	13600.00000	11.64881
60	13800.00000	11.64881
60	14000.00000	9.66605
60	14200.00000	9.66605
60	14400.00000	9.66605
60	14600.00000	8.27180
60	14800.00000	8.27180
60	15000.00000	8.27180
60	15200.00000	8.27180
60	15400.00000	8.27633
60	15600.00000	8.27633
60	15800.00000	8.27633
60	16000.00000	8.27633
60	16200.00000	11.35042
60	16400.00000	11.35042
60	16600.00000	11.35042
60	16800.00000	11.35042
60	17000.00000	10.63831
60	17200.00000	10.63831
60	17400.00000	10.63831
60	17600.00000	10.63831
60	17800.00000	9.99066
60	18000.00000	9.99066
60	18200.00000	9.99066
60	18400.00000	9.99066
60	18600.00000	8.63014
60	18800.00000	8.63014
60	19000.00000	8.63014
60	19200.00000	9.39070
60	19400.00000	9.39070
60	19600.00000	9.39070
60	19800.00000	9.39070
60	20000.00000	9.14096
61	0.00000	11.51355
61	200.00000	11.51355
61	400.00000	11.51355
61	600.00000	11.51355
61	800.00000	13.55937
61	1000.00000	13.55937
61	1200.00000	13.55937
61	1400.00000	13.55937
61	1600.00000	10.80872
61	1800.00000	10.80872
61	2000.00000	10.80872
61	2200.00000	10.80872
61	2400.00000	11.84669
61	2600.00000	11.84669
61	2800.00000	11.84669
61	3000.00000	11.84669
61	3200.00000	10.07486
61	3400.00000	10.07486
61	3600.00000	10.07486
61	3800.00000	10.07486
61	4000.00000	11.25119
61	4200.00000	11.25119
61	4400.00000	11.25119
61	4600.00000	11.25119
61	4800.00000	10.79312
61	5000.00000	10.79312
61	5200.00000	10.79312
61	5400.00000	10.04873
61	5600.00000	10.04873
61	5800.00000	10.04873
61	6000.00000	10.04873
61	6200.00000	10.56776
61	6400.00000	10.56776
61	6600.00000	10.56776
61	6800.00000	10.56776
61	7000.00000	9.69241
61	7200.00000	9.69241
61	7400.00000	9.69241
61	7600.00000	9.69241
61	7800.00000	9.12650
61	8000.00000	9.12650
61	8200.00000	9.12650
61	8400.00000	9.12650
61	8600.00000	10.98909
61	8800.00000	10.98909
61	9000.00000	10.98909
61	9200.00000	10.98909
61	9400.00000	9.35746
61	9600.00000	9.35746
61	9800.00000	9.35746
61	10000.00000	10.23886
61	10200.00000	10.23886
61	10400.00000	10.23886
61	10600.00000	10.23886
61	10800.00000	8.94622
61	11000.00000	8.94622
61	11200.00000	8.94622
61	11400.00000	8.94622
61	11600.00000	10.56497
61	11800.00000	10.56497
61	12000.00000	10.56497
61	12200.00000	10.56497
61	12400.00000	11.54317
61	12600.00000	11.54317
61	12800.00000	11.54317
61	13000.00000	11.54317
61	13200.00000	10.08228
61	13400.00000	10.08228
61	13600.00000	10.08228
61	13800.00000	10.08228
61	14000.00000	10.54816
61	14200.00000	10.54816
61	14400.00000	10.54816
61	14600.00000	8.92907
61	14800.00000	8.92907
61	15000.00000	8.92907
61	15200.00000	8.92907
61	15400.00000	8.35775
61	15600.00000	8.35775
61	15800.00000	8.35775
61	16000.00000	8.35775
61	16200.00000	11.27376
61	16400.00000	11.27376
61	16600.00000	11.27376
61	16800.00000	11.27376
61	17000.00000	11.60510
61	17200.00000	11.60510
61	17400.00000	11.60510
61	17600.00000	11.60510
61	17800.00000	9.75220
61	18000.00000	9.75220
61	18200.00000	9.75220
61	18400.00000	9.75220
61	18600.00000	8.67917
61	18800.00000	8.67917
61	19000.00000	8.67917
61	19200.00000	8.83354
61	19400.00000	8.83354
61	19600.00000	8.83354
61	19800.00000	8.83354
61	20000.00000	10.16497
62	0.00000	11.41004
62	200.00000	11.41004
62	400.00000	11.41004
62	600.00000	11.41004
62	800.00000	14.23662
62	1000.00000	14.23662
62	1200.00000	14.23662
62	1400.00000	14.23662
62	1600.00000	10.79818
62	1800.00000	10.79818
62	2000.00000	10.79818
62	2200.00000	10.79818
62	2400.00000	12.43117
62	2600.00000	12.43117
62	2800.00000	12.43117
62	3000.00000	12.43117
62	3200.00000	10.15571
62	3400.00000	10.15571
62	3600.00000	10.15571
62	3800.00000	10.15571
62	4000.00000	11.22616
62	4200.00000	11.22616
62	4400.00000	11.22616
62	4600.00000	11.22616
62	4800.00000	10.42443
62	5000.00000	10.42443
62	5200.00000	10.42443
62	5400.00000	10.53077
62	5600.00000	10.53077
62	5800.00000	10.53077
62	6000.00000	10.53077
62	6200.00000	10.30695
62	6400.00000	10.30695
62	6600.00000	10.30695
62	6800.00000	10.30695
62	7000.00000	10.28337
62	7200.00000	10.28337
62	7400.00000	10.28337
62	7600.00000	10.28337
62	7800.00000	9.21388
62	8000.00000	9.21388
62	8200.00000	9.21388
62	8400.00000	9.21388
62	8600.00000	11.60202
62	8800.00000	11.60202
62	9000.00000	11.60202
62	9200.00000	11.60202
62	9400.00000	8.84977
62	9600.00000	8.84977
62	9800.00000	8.84977
62	10000.00000	10.78158
62	10200.00000	10.78158
62	10400.00000	10.78158
62	10600.00000	10.78158
62	10800.00000	8.97023
62	11000.00000	8.97023
62	11200.00000	8.97023
62	11400.00000	8.97023
62	11600.00000	11.62793
62	11800.00000	11.62793
62	12000.00000	11.62793
62	12200.00000	11.62793
62	12400.00000	11.59464
62	12600.00000	11.59464
62	12800.00000	11.59464
62	13000.00000	11.59464
62	13200.00000	10.90386
62	13400.00000	10.90386
62	13600.00000	10.90386
62	13800.00000	10.90386
62	14000.00000	9.23256
62	14200.00000	9.23256
62	14400.00000	9.23256
62	14600.00000	8.58335
62	14800.00000	8.58335
62	15000.00000	8.58335
62	15200.00000	8.58335
62	15400.00000	8.78533
62	15600.00000	8.78533
62	15800.00000	8.78533
62	16000.00000	8.78533
62	16200.00000	8.69995
62	16400.00000	8.69995
62	16600.00000	8.69995
62	16800.00000	8.69995
62	17000.00000	9.93329
62	17200.00000	9.93329
62	17400.00000	9.93329
62	17600.00000	9.93329
62	17800.00000	9.31589
62	18000.00000	9.31589
62	18200.00000	9.31589
62	18400.00000	9.31589
62	18600.00000	8.86195
62	18800.00000	8.86195
62	19000.00000	8.86195
62	19200.00000	8.33544
62	19400.00000	8.33544
62	19600.00000	8.33544
62	19800.00000	8.33544
62	20000.00000	9.20838
63	0.00000	11.38036
63	200.00000	11.38036
63	400.00000	11.38036
63	600.00000	11.38036
63	800.00000	14.37621
63	1000.00000	14.37621
63	1200.00000	14.37621
63	1400.00000	14.37621
63	1600.00000	10.78620
63	1800.00000	10.78620
63	2000.00000	10.78620
63	2200.00000	10.78620
63	2400.00000	11.80011
63	2600.00000	11.80011
63	2800.00000	11.80011
63	3000.00000	11.80011
63	3200.00000	10.11533
63	3400.00000	10.11533
63	3600.00000	10.11533
63	3800.00000	10.11533
63	4000.00000	11.90884
63	4200.00000	11.90884
63	4400.00000	11.90884
63	4600.00000	11.90884
63	4800.00000	10.81384
63	5000.00000	10.81384
63	5200.00000	10.81384
63	5400.00000	9.96433
63	5600.00000	9.96433
63	5800.00000	9.96433
63	6000.00000	9.96433
63	6200.00000	10.96387
63	6400.00000	10.96387
63	6600.00000	10.96387
63	6800.00000	10.96387
63	7000.00000	9.56336
63	7200.00000	9.56336
63	7400.00000	9.56336
63	7600.00000	9.56336
63	7800.00000	9.40829
63	8000.00000	9.40829
63	8200.00000	9.40829
63	8400.00000	9.40829
63	8600.00000	10.23711
63	8800.00000	10.23711
63	9000.00000	10.23711
63	9200.00000	10.23711
63	9400.00000	9.30212
63	9600.00000	9.30212
63	9800.00000	9.30212
63	10000.00000	9.99136
63	10200.00000	9.99136
63	10400.00000	9.99136
63	10600.00000	9.99136
63	10800.00000	8.85766
63	11000.00000	8.85766
63	11200.00000	8.85766
63	11400.00000	8.85766
63	11600.00000	10.68816
63	11800.00000	10.68816
63	12000.00000	10.68816
63	12200.00000	10.68816
63	12400.00000	11.33565
63	12600.00000	11.33565
63	12800.00000	11.33565
63	13000.00000	11.33565
63	13200.00000	10.71316
63	13400.00000	10.71316
63	13600.00000	10.71316
63	13800.00000	10.71316
63	14000.00000	9.76530
63	14200.00000	9.76530
63	14400.00000	9.76530
63	14600.00000	8.12419
63	14800.00000	8.12419
63	15000.00000	8.12419
63	15200.00000	8.12419
63	15400.00000	9.56109
63	15600.00000	9.56109
63	15800.00000	9.56109
63	16000.00000	9.56109
63	16200.00000	9.85810
63	16400.00000	9.85810
63	16600.00000	9.85810
63	16800.00000	9.85810
63	17000.00000	9.67300
63	17200.00000	9.67300
63	17400.00000	9.67300
63	17600.00000	9.67300
63	17800.00000	9.51157
63	18000.00000	9.51157
63	18200.00000	9.51157
63	18400.00000	9.51157
63	18600.00000	7.79121
63	18800.00000	7.79121
63	19000.00000	7.79121
63	19200.00000	8.99768
63	19400.00000	8.99768
63	19600.00000	8.99768
63	19800.00000	8.99768
63	20000.00000	9.96016
64	0.00000	11.49032
64	200.00000	11.49032
64	400.00000	11.49032
64	600.00000	11.49032
64	800.00000	13.32426
64	1000.00000	13.32426
64	1200.00000	13.32426
64	1400.00000	13.32426
64	1600.00000	10.86558
64	1800.00000	10.86558
64	2000.00000	10.86558
64	2200.00000	10.86558
64	2400.00000	11.63528
64	2600.00000	11.63528
64	2800.00000	11.63528
64	3000.00000	11.63528
64	3200.00000	10.22774
64	3400.00000	10.22774
64	3600.00000	10.22774
64	3800.00000	10.22774
64	4000.00000	10.77598
64	4200.00000	10.77598
64	4400.00000	10.77598
64	4600.00000	10.77598
64	4800.00000	10.86189
64	5000.00000	10.86189
64	5200.00000	10.86189
64	5400.00000	10.00006
64	5600.00000	10.00006
64	5800.00000	10.00006
64	6000.00000	10.00006
64	6200.00000	10.31281
64	6400.00000	10.31281
64	6600.00000	10.31281
64	6800.00000	10.31281
64	7000.00000	9.68435
64	7200.00000	9.68435
64	7400.00000	9.68435
64	7600.00000	9.68435
64	7800.00000	9.29653
64	8000.00000	9.29653
64	8200.00000	9.29653
64	8400.00000	9.29653
64	8600.00000	9.94647
64	8800.00000	9.94647
64	9000.00000	9.94647
64	9200.00000	9.94647
64	9400.00000	9.82397
64	9600.00000	9.82397
64	9800.00000	9.82397
64	10000.00000	10.23254
64	10200.00000	10.23254
64	10400.00000	10.23254
64	10600.00000	10.23254
64	10800.00000	9.31508
64	11000.00000	9.31508
64	11200.00000	9.31508
64	11400.00000	9.31508
64	11600.00000	10.54955
64	11800.00000	10.54955
64	12000.00000	10.54955
64	12200.00000	10.54955
64	12400.00000	10.73272
64	12600.00000	10.73272
64	12800.00000	10.73272
64	13000.00000	10.73272
64	13200.00000	10.72219
64	13400.00000	10.72219
64	13600.00000	10.72219
64	13800.00000	10.72219
64	14000.00000	9.27117
64	14200.00000	9.27117
64	14400.00000	9.27117
64	14600.00000	8.21436
64	14800.00000	8.21436
64	15000.00000	8.21436
64	15200.00000	8.21436
64	15400.00000	8.37540
64	15600.00000	8.37540
64	15800.00000	8.37540
64	16000.00000	8.37540
64	16200.00000	9.75101
64	16400.00000	9.75101
64	16600.00000	9.75101
64	16800.00000	9.75101
64	17000.00000	9.74837
64	17200.00000	9.74837
64	17400.00000	9.74837
64	17600.00000	9.74837
64	17800.00000	8.16643
64	18000.00000	8.16643
64	18200.00000	8.16643
64	18400.00000	8.16643
64	18600.00000	8.56233
64	18800.00000	8.56233
64	19000.00000	8.56233
64	19200.00000	9.01216
64	19400.00000	9.01216
64	19600.00000	9.01216
64	19800.00000	9.01216
64	20000.00000	9.43548
65	0.00000	11.49936
65	200.00000	11.49936
65	400.00000	11.49936
65	600.00000	11.49936
65	800.00000	13.73402
65	1000.00000	13.73402
65	1200.00000	13.73402
65	1400.00000	13.73402
65	1600.00000	10.73814
65	1800.00000	10.73814
65	2000.00000	10.73814
65	2200.00000	10.73814
65	2400.00000	11.72058
65	2600.00000	11.72058
65	2800.00000	11.72058
65	3000.00000	11.72058
65	3200.00000	10.05893
65	3400.00000	10.05893
65	3600.00000	10.05893
65	3800.00000	10.05893
65	4000.00000	11.46810
65	4200.00000	11.46810
65	4400.00000	11.46810
65	4600.00000	11.46810
65	4800.00000	10.52937
65	5000.00000	10.52937
65	5200.00000	10.52937
65	5400.00000	10.00863
65	5600.00000	10.00863
65	5800.00000	10.00863
65	6000.00000	10.00863
65	6200.00000	10.67197
65	6400.00000	10.67197
65	6600.00000	10.67197
65	6800.00000	10.67197
65	7000.00000	9.63302
65	7200.00000	9.63302
65	7400.00000	9.63302
65	7600.00000	9.63302
65	7800.00000	9.55182
65	8000.00000	9.55182
65	8200.00000	9.55182
65	8400.00000	9.55182
65	8600.00000	9.79302
65	8800.00000	9.79302
65	9000.00000	9.79302
65	9200.00000	9.79302
65	9400.00000	10.33332
65	9600.00000	10.33332
65	9800.00000	10.33332
65	10000.00000	9.69663
65	10200.00000	9.69663
65	10400.00000	9.69663
65	10600.00000	9.69663
65	10800.00000	9.01053
65	11000.00000	9.01053
65	11200.00000	9.01053
65	11400.00000	9.01053
65	11600.00000	10.44843
65	11800.00000	10.44843
65	12000.00000	10.44843
65	12200.00000	10.44843
65	12400.00000	13.46352
65	12600.00000	13.46352
65	12800.00000	13.46352
65	13000.00000	13.46352
65	13200.00000	11.57139
65	13400.00000	11.57139
65	13600.00000	11.57139
65	13800.00000	11.57139
65	14000.00000	9.51808
65	14200.00000	9.51808
65	14400.00000	9.51808
65	14600.00000	8.85390
65	14800.00000	8.85390
65	15000.00000	8.85390
65	15200.00000	8.85390
65	15400.00000	8.60781
65	15600.00000	8.60781
65	15800.00000	8.60781
65	16000.00000	8.60781
65	16200.00000	9.87031
65	16400.00000	9.87031
65	16600.00000	9.87031
65	16800.00000	9.87031
65	17000.00000	8.44115
65	17200.00000	8.44115
65	17400.00000	8.44115
65	17600.00000	8.44115
65	17800.00000	9.00330
65	18000.00000	9.00330
65	18200.00000	9.00330
65	18400.00000	9.00330
65	18600.00000	9.81030
65	18800.00000	9.81030
65	19000.00000	9.81030
65	19200.00000	10.35200
65	19400.00000	10.35200
65	19600.00000	10.35200
65	19800.00000	10.35200
65	20000.00000	8.54760
66	0.00000	11.48850
66	200.00000	11.48850
66	400.00000	11.48850
66	600.00000	11.48850
66	800.00000	13.55309
66	1000.00000	13.55309
66	1200.00000	13.55309
66	1400.00000	13.55309
66	1600.00000	10.86647
66	1800.00000	10.86647
66	2000.00000	10.86647
66	2200.00000	10.86647
66	2400.00000	11.71675
66	2600.00000	11.71675
66	2800.00000	11.71675
66	3000.00000	11.71675
66	3200.00000	10.09951
66	3400.00000	10.09951
66	3600.00000	10.09951
66	3800.00000	10.09951
66	4000.00000	11.43322
66	4200.00000	11.43322
66	4400.00000	11.43322
66	4600.00000	11.43322
66	4800.00000	10.81315
66	5000.00000	10.81315
66	5200.00000	10.81315
66	5400.00000	10.05975
66	5600.00000	10.05975
66	5800.00000	10.05975
66	6000.00000	10.05975
66	6200.00000	10.43047
66	6400.00000	10.43047
66	6600.00000	10.43047
66	6800.00000	10.43047
66	7000.00000	9.64094
66	7200.00000	9.64094
66	7400.00000	9.64094
66	7600.00000	9.64094
66	7800.00000	9.48628
66	8000.00000	9.48628
66	8200.00000	9.48628
66	8400.00000	9.48628
66	8600.00000	9.53851
66	8800.00000	9.53851
66	9000.00000	9.53851
66	9200.00000	9.53851
66	9400.00000	11.08863
66	9600.00000	11.08863
66	9800.00000	11.08863
66	10000.00000	9.36969
66	10200.00000	9.36969
66	10400.00000	9.36969
66	10600.00000	9.36969
66	10800.00000	8.62420
66	11000.00000	8.62420
66	11200.00000	8.62420
66	11400.00000	8.62420
66	11600.00000	10.59618
66	11800.00000	10.59618
66	12000.00000	10.59618
66	12200.00000	10.59618
66	12400.00000	10.64066
66	12600.00000	10.64066
66	12800.00000	10.64066
66	13000.00000	10.64066
66	13200.00000	9.91094
66	13400.00000	9.91094
66	13600.00000	9.91094
66	13800.00000	9.91094
66	14000.00000	10.14913
66	14200.00000	10.14913
66	14400.00000	10.14913
66	14600.00000	8.71034
66	14800.00000	8.71034
66	15000.00000	8.71034
66	15200.00000	8.71034
66	15400.00000	8.59875
66	15600.00000	8.59875
66	15800.00000	8.59875
66	16000.00000	8.59875
66	16200.00000	9.98118
66	16400.00000	9.98118
66	16600.00000	9.98118
66	16800.00000	9.98118
66	17000.00000	8.51693
66	17200.00000	8.51693
66	17400.00000	8.51693
66	17600.00000	8.51693
66	17800.00000	9.96283
66	18000.00000	9.96283
66	18200.00000	9.96283
66	18400.00000	9.96283
66	18600.00000	8.02194
66	18800.00000	8.02194
66	19000.00000	8.02194
66	19200.00000	9.64289
66	19400.00000	9.64289
66	19600.00000	9.64289
66	19800.00000	9.64289
66	20000.00000	8.99636
67	0.00000	11.49328
67	200.00000	11.49328
67	400.00000	11.49328
67	600.00000	11.49328
67	800.00000	13.61928
67	1000.00000	13.61928
67	1200.00000	13.61928
67	1400.00000	13.61928
67	1600.00000	10.80756
67	1800.00000	10.80756
67	2000.00000	10.80756
67	2200.00000	10.80756
67	2400.00000	11.97210
67	2600.00000	11.97210
67	2800.00000	11.97210
67	3000.00000	11.97210
67	3200.00000	9.99114
67	3400.00000	9.99114
67	3600.00000	9.99114
67	3800.00000	9.99114
67	4000.00000	11.82240
67	4200.00000	11.82240
67	4400.00000	11.82240
67	4600.00000	11.82240
67	4800.00000	11.20117
67	5000.00000	11.20117
67	5200.00000	11.20117
67	5400.00000	9.91153
67	5600.00000	9.91153
67	5800.00000	9.91153
67	6000.00000	9.91153
67	6200.00000	11.41971
67	6400.00000	11.41971
67	6600.00000	11.41971
67	6800.00000	11.41971
67	7000.00000	9.53577
67	7200.00000	9.53577
67	7400.00000	9.53577
67	7600.00000	9.53577
67	7800.00000	9.49647
67	8000.00000	9.49647
67	8200.00000	9.49647
67	8400.00000	9.49647
67	8600.00000	9.20660
67	8800.00000	9.20660
67	9000.00000	9.20660
67	9200.00000	9.20660
67	9400.00000	11.13816
67	9600.00000	11.13816
67	9800.00000	11.13816
67	10000.00000	9.33559
67	10200.00000	9.33559
67	10400.00000	9.33559
67	10600.00000	9.33559
67	10800.00000	9.09139
67	11000.00000	9.09139
67	11200.00000	9.09139
67	11400.00000	9.09139
67	11600.00000	11.72448
67	11800.00000	11.72448
67	12000.00000	11.72448
67	12200.00000	11.72448
67	12400.00000	11.21745
67	12600.00000	11.21745
67	12800.00000	11.21745
67	13000.00000	11.21745
67	13200.00000	10.44730
67	13400.00000	10.44730
67	13600.00000	10.44730
67	13800.00000	10.44730
67	14000.00000	8.52590
67	14200.00000	8.52590
67	14400.00000	8.52590
67	14600.00000	8.35254
67	14800.00000	8.35254
67	15000.00000	8.35254
67	15200.00000	8.35254
67	15400.00000	11.27009
67	15600.00000	11.27009
67	15800.00000	11.27009
67	16000.00000	11.27009
67	16200.00000	10.45565
67	16400.00000	10.45565
67	16600.00000	10.45565
67	16800.00000	10.45565
67	17000.00000	9.36618
67	17200.00000	9.36618
67	17400.00000	9.36618
67	17600.00000	9.36618
67	17800.00000	8.96763
67	18000.00000	8.96763
67	18200.00000	8.96763
67	18400.00000	8.96763
67	18600.00000	7.85260
67	18800.00000	7.85260
67	19000.00000	7.85260
67	19200.00000	9.06248
67	19400.00000	9.06248
67	19600.00000	9.06248
67	19800.00000	9.06248
67	20000.00000	9.94214
68	0.00000	11.54201
68	200.00000	11.54201
68	400.00000	11.54201
68	600.00000	11.54201
68	800.00000	13.68519
68	1000.00000	13.68519
68	1200.00000	13.68519
68	1400.00000	13.68519
68	1600.00000	10.73246
68	1800.00000	10.73246
68	2000.00000	10.73246
68	2200.00000	10.73246
68	2400.00000	11.86848
68	2600.00000	11.86848
68	2800.00000	11.86848
68	3000.00000	11.86848
68	3200.00000	10.17200
68	3400.00000	10.17200
68	3600.00000	10.17200
68	3800.00000	10.17200
68	4000.00000	11.00833
68	4200.00000	11.00833
68	4400.00000	11.00833
68	4600.00000	11.00833
68	4800.00000	10.88211
68	5000.00000	10.88211
68	5200.00000	10.88211
68	5400.00000	9.86785
68	5600.00000	9.86785
68	5800.00000	9.86785
68	6000.00000	9.86785
68	6200.00000	11.28975
68	6400.00000	11.28975
68	6600.00000	11.28975
68	6800.00000	11.28975
68	7000.00000	9.39946
68	7200.00000	9.39946
68	7400.00000	9.39946
68	7600.00000	9.39946
68	7800.00000	9.85851
68	8000.00000	9.85851
68	8200.00000	9.85851
68	8400.00000	9.85851
68	8600.00000	9.27398
68	8800.00000	9.27398
68	9000.00000	9.27398
68	9200.00000	9.27398
68	9400.00000	10.27878
68	9600.00000	10.27878
68	9800.00000	10.27878
68	10000.00000	10.15896
68	10200.00000	10.15896
68	10400.00000	10.15896
68	10600.00000	10.15896
68	10800.00000	8.86871
68	11000.00000	8.86871
68	11200.00000	8.86871
68	11400.00000	8.86871
68	11600.00000	12.09235
68	11800.00000	12.09235
68	12000.00000	12.09235
68	12200.00000	12.09235
68	12400.00000	11.15404
68	12600.00000	11.15404
68	12800.00000	11.15404
68	13000.00000	11.15404
68	13200.00000	11.34654
68	13400.00000	11.34654
68	13600.00000	11.34654
68	13800.00000	11.34654
68	14000.00000	9.76936
68	14200.00000	9.76936
68	14400.00000	9.76936
68	14600.00000	8.21077
68	14800.00000	8.21077
68	15000.00000	8.21077
68	15200.00000	8.21077
68	15400.00000	11.27757
68	15600.00000	11.27757
68	15800.00000	11.27757
68	16000.00000	11.27757
68	16200.00000	10.46128
68	16400.00000	10.46128
68	16600.00000	10.46128
68	16800.00000	10.46128
68	17000.00000	9.27102
68	17200.00000	9.27102
68	17400.00000	9.27102
68	17600.00000	9.27102
68	17800.00000	8.68704
68	18000.00000	8.68704
68	18200.00000	8.68704
68	18400.00000	8.68704
68	18600.00000	8.93825
68	18800.00000	8.93825
68	19000.00000	8.93825
68	19200.00000	8.46255
68	19400.00000	8.46255
68	19600.00000	8.46255
68	19800.00000	8.46255
68	20000.00000	9.63417
69	0.00000	11.51919
69	200.00000	11.51919
69	400.00000	11.51919
69	600.00000	11.51919
69	800.00000	14.32978
69	1000.00000	14.32978
69	1200.00000	14.32978
69	1400.00000	14.32978
69	1600.00000	10.78348
69	1800.00000	10.78348
69	2000.00000	10.78348
69	2200.00000	10.78348
69	2400.00000	11.85494
69	2600.00000	11.85494
69	2800.00000	11.85494
69	3000.00000	11.85494
69	3200.00000	9.97222
69	3400.00000	9.97222
69	3600.00000	9.97222
69	3800.00000	9.97222
69	4000.00000	11.59464
69	4200.00000	11.59464
69	4400.00000	11.59464
69	4600.00000	11.59464
69	4800.00000	11.18845
69	5000.00000	11.18845
69	5200.00000	11.18845
69	5400.00000	9.80914
69	5600.00000	9.80914
69	5800.00000	9.80914
69	6000.00000	9.80914
69	6200.00000	11.24663
69	6400.00000	11.24663
69	6600.00000	11.24663
69	6800.00000	11.24663
69	7000.00000	9.46371
69	7200.00000	9.46371
69	7400.00000	9.46371
69	7600.00000	9.46371
69	7800.00000	9.91498
69	8000.00000	9.91498
69	8200.00000	9.91498
69	8400.00000	9.91498
69	8600.00000	9.21116
69	8800.00000	9.21116
69	9000.00000	9.21116
69	9200.00000	9.21116
69	9400.00000	11.90343
69	9600.00000	11.90343
69	9800.00000	11.90343
69	10000.00000	9.92502
69	10200.00000	9.92502
69	10400.00000	9.92502
69	10600.00000	9.92502
69	10800.00000	8.88192
69	11000.00000	8.88192
69	11200.00000	8.88192
69	11400.00000	8.88192
69	11600.00000	11.49455
69	11800.00000	11.49455
69	12000.00000	11.49455
69	12200.00000	11.49455
69	12400.00000	12.54837
69	12600.00000	12.54837
69	12800.00000	12.54837
69	13000.00000	12.54837
69	13200.00000	10.90409
69	13400.00000	10.90409
69	13600.00000	10.90409
69	13800.00000	10.90409
69	14000.00000	9.72189
69	14200.00000	9.72189
69	14400.00000	9.72189
69	14600.00000	8.16788
69	14800.00000	8.16788
69	15000.00000	8.16788
69	15200.00000	8.16788
69	15400.00000	9.82754
69	15600.00000	9.82754
69	15800.00000	9.82754
69	16000.00000	9.82754
69	16200.00000	8.19883
69	16400.00000	8.19883
69	16600.00000	8.19883
69	16800.00000	8.19883
69	17000.00000	10.21027
69	17200.00000	10.21027
69	17400.00000	10.21027
69	17600.00000	10.21027
69	17800.00000	9.97835
69	18000.00000	9.97835
69	18200.00000	9.97835
69	18400.00000	9.97835
69	18600.00000	7.50857
69	18800.00000	7.50857
69	19000.00000	7.50857
69	19200.00000	9.04607
69	19400.00000	9.04607
69	19600.00000	9.04607
69	19800.00000	9.04607
69	20000.00000	10.13826
70	0.00000	11.55539
70	200.00000	11.55539
70	400.00000	11.55539
70	600.00000	11.55539
70	800.00000	13.30693
70	1000.00000	13.30693
70	1200.00000	13.30693
70	1400.00000	13.30693
70	1600.00000	10.83608
70	1800.00000	10.83608
70	2000.00000	10.83608
70	2200.00000	10.83608
70	2400.00000	12.32005
70	2600.00000	12.32005
70	2800.00000	12.32005
70	3000.00000	12.32005
70	3200.00000	10.24638
70	3400.00000	10.24638
70	3600.00000	10.24638
70	3800.00000	10.24638
70	4000.00000	11.11969
70	4200.00000	11.11969
70	4400.00000	11.11969
70	4600.00000	11.11969
70	4800.00000	10.59252
70	5000.00000	10.59252
70	5200.00000	10.59252
70	5400.00000	9.94745
70	5600.00000	9.94745
70	5800.00000	9.94745
70	6000.00000	9.94745
70	6200.00000	10.87812
70	6400.00000	10.87812
70	6600.00000	10.87812
70	6800.00000	10.87812
70	7000.00000	9.74577
70	7200.00000	9.74577
70	7400.00000	9.74577
70	7600.00000	9.74577
70	7800.00000	9.38893
70	8000.00000	9.38893
70	8200.00000	9.38893
70	8400.00000	9.38893
70	8600.00000	9.69447
70	8800.00000	9.69447
70	9000.00000	9.69447
70	9200.00000	9.69447
70	9400.00000	11.05223
70	9600.00000	11.05223
70	9800.00000	11.05223
70	10000.00000	9.25618
70	10200.00000	9.25618
70	10400.00000	9.25618
70	10600.00000	9.25618
70	10800.00000	9.43394
70	11000.00000	9.43394
70	11200.00000	9.43394
70	11400.00000	9.43394
70	11600.00000	11.14917
70	11800.00000	11.14917
70	12000.00000	11.14917
70	12200.00000	11.14917
70	12400.00000	11.02673
70	12600.00000	11.02673
70	12800.00000	11.02673
70	13000.00000	11.02673
70	13200.00000	9.51105
70	13400.00000	9.51105
70	13600.00000	9.51105
70	13800.00000	9.51105
70	14000.00000	9.48595
70	14200.00000	9.48595
70	14400.00000	9.48595
70	14600.00000	8.53573
70	14800.00000	8.53573
70	15000.00000	8.53573
70	15200.00000	8.53573
70	15400.00000	8.85901
70	15600.00000	8.85901
70	15800.00000	8.85901
70	16000.00000	8.85901
70	16200.00000	10.43850
70	16400.00000	10.43850
70	16600.00000	10.43850
70	16800.00000	10.43850
70	17000.00000	9.40273
70	17200.00000	9.40273
70	17400.00000	9.40273
70	17600.00000	9.40273
70	17800.00000	9.20442
70	18000.00000	9.20442
70	18200.00000	9.20442
70	18400.00000	9.20442
70	18600.00000	8.66432
70	18800.00000	8.66432
70	19000.00000	8.66432
70	19200.00000	10.60935
70	19400.00000	10.60935
70	19600.00000	10.60935
70	19800.00000	10.60935
70	20000.00000	9.56449
71	0.00000	11.46726
71	200.00000	11.46726
71	400.00000	11.46726
71	600.00000	11.46726
71	800.00000	13.78540
71	1000.00000	13.78540
71	1200.00000	13.78540
71	1400.00000	13.78540
71	1600.00000	10.82511
71	1800.00000	10.82511
71	2000.00000	10.82511
71	2200.00000	10.82511
71	2400.00000	11.92170
71	2600.00000	11.92170
71	2800.00000	11.92170
71	3000.00000	11.92170
71	3200.00000	10.13385
71	3400.00000	10.13385
71	3600.00000	10.13385
71	3800.00000	10.13385
71	4000.00000	11.46821
71	4200.00000	11.46821
71	4400.00000	11.46821
71	4600.00000	11.46821
71	4800.00000	10.43267
71	5000.00000	10.43267
71	5200.00000	10.43267
71	5400.00000	10.19940
71	5600.00000	10.19940
71	5800.00000	10.19940
71	6000.00000	10.19940
71	6200.00000	10.79459
71	6400.00000	10.79459
71	6600.00000	10.79459
71	6800.00000	10.79459
71	7000.00000	9.56031
71	7200.00000	9.56031
71	7400.00000	9.56031
71	7600.00000	9.56031
71	7800.00000	9.52666
71	8000.00000	9.52666
71	8200.00000	9.52666
71	8400.00000	9.52666
71	8600.00000	9.42685
71	8800.00000	9.42685
71	9000.00000	9.42685
71	9200.00000	9.42685
71	9400.00000	10.48465
71	9600.00000	10.48465
71	9800.00000	10.48465
71	10000.00000	9.02013
71	10200.00000	9.02013
71	10400.00000	9.02013
71	10600.00000	9.02013
71	10800.00000	9.00599
71	11000.00000	9.00599
71	11200.00000	9.00599
71	11400.00000	9.00599
71	11600.00000	10.95997
71	11800.00000	10.95997
71	12000.00000	10.95997
71	12200.00000	10.95997
71	12400.00000	10.55612
71	12600.00000	10.55612
71	12800.00000	10.55612
71	13000.00000	10.55612
71	13200.00000	10.91168
71	13400.00000	10.91168
71	13600.00000	10.91168
71	13800.00000	10.91168
71	14000.00000	9.53148
71	14200.00000	9.53148
71	14400.00000	9.53148
71	14600.00000	8.94010
71	14800.00000	8.94010
71	15000.00000	8.94010
71	15200.00000	8.94010
71	15400.00000	9.13829
71	15600.00000	9.13829
71	15800.00000	9.13829
71	16000.00000	9.13829
71	16200.00000	9.65326
71	16400.00000	9.65326
71	16600.00000	9.65326
71	16800.00000	9.65326
71	17000.00000	10.20480
71	17200.00000	10.20480
71	17400.00000	10.20480
71	17600.00000	10.20480
71	17800.00000	9.06690
71	18000.00000	9.06690
71	18200.00000	9.06690
71	18400.00000	9.06690
71	18600.00000	9.33923
71	18800.00000	9.33923
71	19000.00000	9.33923
71	19200.00000	8.27498
71	19400.00000	8.27498
71	19600.00000	8.27498
71	19800.00000	8.27498
71	20000.00000	8.89202
72	0.00000	11.41522
72	200.00000	11.41522
72	400.00000	11.41522
72	600.00000	11.41522
72	800.00000	14.15160
72	1000.00000	14.15160
72	1200.00000	14.15160
72	1400.00000	14.15160
72	1600.00000	10.85267
72	1800.00000	10.85267
72	2000.00000	10.85267
72	2200.00000	10.85267
72	2400.00000	12.20101
72	2600.00000	12.20101
72	2800.00000	12.20101
72	3000.00000	12.20101
72	3200.00000	10.09290
72	3400.00000	10.09290
72	3600.00000	10.09290
72	3800.00000	10.09290
72	4000.00000	11.32190
72	4200.00000	11.32190
72	4400.00000	11.32190
72	4600.00000	11.32190
72	4800.00000	10.80355
72	5000.00000	10.80355
72	5200.00000	10.80355
72	5400.00000	9.87468
72	5600.00000	9.87468
72	5800.00000	9.87468
72	6000.00000	9.87468
72	6200.00000	10.79519
72	6400.00000	10.79519
72	6600.00000	10.79519
72	6800.00000	10.79519
72	7000.00000	9.61439
72	7200.00000	9.61439
72	7400.00000	9.61439
72	7600.00000	9.61439
72	7800.00000	9.81620
72	8000.00000	9.81620
72	8200.00000	9.81620
72	8400.00000	9.81620
72	8600.00000	9.31325
72	8800.00000	9.31325
72	9000.00000	9.31325
72	9200.00000	9.31325
72	9400.00000	12.17271
72	9600.00000	12.17271
72	9800.00000	12.17271
72	10000.00000	9.08573
72	10200.00000	9.08573
72	10400.00000	9.08573
72	10600.00000	9.08573
72	10800.00000	9.09265
72	11000.00000	9.09265
72	11200.00000	9.09265
72	11400.00000	9.09265
72	11600.00000	11.22148
72	11800.00000	11.22148
72	12000.00000	11.22148
72	12200.00000	11.22148
72	12400.00000	10.50488
72	12600.00000	10.50488
72	12800.00000	10.50488
72	13000.00000	10.50488
72	13200.00000	11.05891
72	13400.00000	11.05891
72	13600.00000	11.05891
72	13800.00000	11.05891
72	14000.00000	9.15024
72	14200.00000	9.15024
72	14400.00000	9.15024
72	14600.00000	8.33531
72	14800.00000	8.33531
72	15000.00000	8.33531
72	15200.00000	8.33531
72	15400.00000	9.11252
72	15600.00000	9.11252
72	15800.00000	9.11252
72	16000.00000	9.11252
72	16200.00000	9.98490
72	16400.00000	9.98490
72	16600.00000	9.98490
72	16800.00000	9.98490
72	17000.00000	10.10907
72	17200.00000	10.10907
72	17400.00000	10.10907
72	17600.00000	10.10907
72	17800.00000	9.85642
72	18000.00000	9.85642
72	18200.00000	9.85642
72	18400.00000	9.85642
72	18600.00000	8.43539
72	18800.00000	8.43539
72	19000.00000	8.43539
72	19200.00000	9.96373
72	19400.00000	9.96373
72	19600.00000	9.96373
72	19800.00000	9.96373
72	20000.00000	9.58608
73	0.00000	11.47358
73	200.00000	11.47358
73	400.00000	11.47358
73	600.00000	11.47358
73	800.00000	14.19870
73	1000.00000	14.19870
73	1200.00000	14.19870
73	1400.00000	14.19870
73	1600.00000	10.76954
73	1800.00000	10.76954
73	2000.00000	10.76954
73	2200.00000	10.76954
73	2400.00000	11.57589
73	2600.00000	11.57589
73	2800.00000	11.57589
73	3000.00000	11.57589
73	3200.00000	10.13394
73	3400.00000	10.13394
73	3600.00000	10.13394
73	3800.00000	10.13394
73	4000.00000	11.37250
73	4200.00000	11.37250
73	4400.00000	11.37250
73	4600.00000	11.37250
73	4800.00000	10.72092
73	5000.00000	10.72092
73	5200.00000	10.72092
73	5400.00000	9.80613
73	5600.00000	9.80613
73	5800.00000	9.80613
73	6000.00000	9.80613
73	6200.00000	10.75758
73	6400.00000	10.75758
73	6600.00000	10.75758
73	6800.00000	10.75758
73	7000.00000	9.40134
73	7200.00000	9.40134
73	7400.00000	9.40134
73	7600.00000	9.40134
73	7800.00000	9.76713
73	8000.00000	9.76713
73	8200.00000	9.76713
73	8400.00000	9.76713
73	8600.00000	9.82730
73	8800.00000	9.82730
73	9000.00000	9.82730
73	9200.00000	9.82730
73	9400.00000	9.78538
73	9600.00000	9.78538
73	9800.00000	9.78538
73	10000.00000	9.04473
73	10200.00000	9.04473
73	10400.00000	9.04473
73	10600.00000	9.04473
73	10800.00000	9.08441
73	11000.00000	9.08441
73	11200.00000	9.08441
73	11400.00000	9.08441
73	11600.00000	12.57683
73	11800.00000	12.57683
73	12000.00000	12.57683
73	12200.00000	12.57683
73	12400.00000	12.65175
73	12600.00000	12.65175
73	12800.00000	12.65175
73	13000.00000	12.65175
73	13200.00000	10.71065
73	13400.00000	10.71065
73	13600.00000	10.71065
73	13800.00000	10.71065
73	14000.00000	10.20768
73	14200.00000	10.20768
73	14400.00000	10.20768
73	14600.00000	8.10765
73	14800.00000	8.10765
73	15000.00000	8.10765
73	15200.00000	8.10765
73	15400.00000	9.48836
73	15600.00000	9.48836
73	15800.00000	9.48836
73	16000.00000	9.48836
73	16200.00000	10.08255
73	16400.00000	10.08255
73	16600.00000	10.08255
73	16800.00000	10.08255
73	17000.00000	8.96601
73	17200.00000	8.96601
73	17400.00000	8.96601
73	17600.00000	8.96601
73	17800.00000	9.79722
73	18000.00000	9.79722
73	18200.00000	9.79722
73	18400.00000	9.79722
73	18600.00000	9.45110
73	18800.00000	9.45110
73	19000.00000	9.45110
73	19200.00000	8.77496
73	19400.00000	8.77496
73	19600.00000	8.77496
73	19800.00000	8.77496
73	20000.00000	8.51262
74	0.00000	11.47358
74	200.00000	11.47358
74	400.00000	11.47358
74	600.00000	11.47358
74	800.00000	14.19870
74	1000.00000	14.19870
74	1200.00000	14.19870
74	1400.00000	14.19870
74	1600.00000	10.76954
74	1800.00000	10.76954
74	2000.00000	10.76954
74	2200.00000	10.76954
74	2400.00000	11.57589
74	2600.00000	11.57589
74	2800.00000	11.57589
74	3000.00000	11.57589
74	3200.00000	10.13394
74	3400.00000	10.13394
74	3600.00000	10.13394
74	3800.00000	10.13394
74	4000.00000	11.37250
74	4200.00000	11.37250
74	4400.00000	11.37250
74	4600.00000	11.37250
74	4800.00000	10.72092
74	5000.00000	10.72092
74	5200.00000	10.72092
74	5400.00000	9.80613
74	5600.00000	9.80613
74	5800.00000	9.80613
74	6000.00000	9.80613
74	6200.00000	10.75758
74	6400.00000	10.75758
74	6600.00000	10.75758
74	6800.00000	10.75758
74	7000.00000	9.40134
74	7200.00000	9.40134
74	7400.00000	9.40134
74	7600.00000	9.40134
74	7800.00000	9.76713
74	8000.00000	9.76713
74	8200.00000	9.76713
74	8400.00000	9.76713
74	8600.00000	9.82730
74	8800.00000	9.82730
74	9000.00000	9.82730
74	9200.00000	9.82730
74	9400.00000	9.78538
74	9600.00000	9.78538
74	9800.00000	9.78538
74	10000.00000	9.04473
74	10200.00000	9.04473
74	10400.00000	9.04473
74	10600.00000	9.04473
74	10800.00000	9.08441
74	11000.00000	9.08441
74	11200.00000	9.08441
74	11400.00000	9.08441
74	11600.00000	12.57683
74	11800.00000	12.57683
74	12000.00000	12.57683
74	12200.00000	12.57683
74	12400.00000	12.65175
74	12600.00000	12.65175
74	12800.00000	12.65175
74	13000.00000	12.65175
74	13200.00000	10.71065
74	13400.00000	10.71065
74	13600.00000	10.71065
74	13800.00000	10.71065
74	14000.00000	10.20768
74	14200.00000	10.20768
74	14400.00000	10.20768
74	14600.00000	8.10765
74	14800.00000	8.10765
74	15000.00000	8.10765
74	15200.00000	8.10765
74	15400.00000	9.48836
74	15600.00000	9.48836
74	15800.00000	9.48836
74	16000.00000	9.48836
74	16200.00000	10.08255
74	16400.00000	10.08255
74	16600.00000	10.08255
74	16800.00000	10.08255
74	17000.00000	8.96601
74	17200.00000	8.96601
74	17400.00000	8.96601
74	17600.00000	8.96601
74	17800.00000	9.79722
74	18000.00000	9.79722
74	18200.00000	9.79722
74	18400.00000	9.79722
74	18600.00000	9.45110
74	18800.00000	9.45110
74	19000.00000	9.45110
74	19200.00000	8.77496
74	19400.00000	8.77496
74	19600.00000	8.77496
74	19800.00000	8.77496
74	20000.00000	8.51262
75	0.00000	11.47358
75	200.00000	11.47358
75	400.00000	11.47358
75	600.00000	11.47358
75	800.00000	14.19870
75	1000.00000	14.19870
75	1200.00000	14.19870
75	1400.00000	14.19870
75	1600.00000	10.76954
75	1800.00000	10.76954
75	2000.00000	10.76954
75	2200.00000	10.76954
75	2400.00000	11.57589
75	2600.00000	11.57589
75	2800.00000	11.57589
75	3000.00000	11.57589
75	3200.00000	10.13394
75	3400.00000	10.13394
75	3600.00000	10.13394
75	3800.00000	10.13394
75	4000.00000	11.37250
75	4200.00000	11.37250
75	4400.00000	11.37250
75	4600.00000	11.37250
75	4800.00000	10.72092
75	5000.00000	10.72092
75	5200.00000	10.72092
75	5400.00000	9.80613
75	5600.00000	9.80613
75	5800.00000	9.80613
75	6000.00000	9.80613
75	6200.00000	10.75758
75	6400.00000	10.75758
75	6600.00000	10.75758
75	6800.00000	10.75758
75	7000.00000	9.40134
75	7200.00000	9.40134
75	7400.00000	9.40134
75	7600.00000	9.40134
75	7800.00000	9.76713
75	8000.00000	9.76713
75	8200.00000	9.76713
75	8400.00000	9.76713
75	8600.00000	9.82730
75	8800.00000	9.82730
75	9000.00000	9.82730
75	9200.00000	9.82730
75	9400.00000	9.78538
75	9600.00000	9.78538
75	9800.00000	9.78538
75	10000.00000	9.04473
75	10200.00000	9.04473
75	10400.00000	9.04473
75	10600.00000	9.04473
75	10800.00000	9.08441
75	11000.00000	9.08441
75	11200.00000	9.08441
75	11400.00000	9.08441
75	11600.00000	12.57683
75	11800.00000	12.57683
75	12000.00000	12.57683
75	12200.00000	12.57683
75	12400.00000	12.65175
75	12600.00000	12.65175
75	12800.00000	12.65175
75	13000.00000	12.65175
75	13200.00000	10.71065
75	13400.00000	10.71065
75	13600.00000	10.71065
75	13800.00000	10.71065
75	14000.00000	10.20768
75	14200.00000	10.20768
75	14400.00000	10.20768
75	14600.00000	8.10765
75	14800.00000	8.10765
75	15000.00000	8.10765
75	15200.00000	8.10765
75	15400.00000	9.48836
75	15600.00000	9.48836
75	15800.00000	9.48836
75	16000.00000	9.48836
75	16200.00000	10.08255
75	16400.00000	10.08255
75	16600.00000	10.08255
75	16800.00000	10.08255
75	17000.00000	8.96601
75	17200.00000	8.96601
75	17400.00000	8.96601
75	17600.00000	8.96601
75	17800.00000	9.79722
75	18000.00000	9.79722
75	18200.00000	9.79722
75	18400.00000	9.79722
75	18600.00000	9.45110
75	18800.00000	9.45110
75	19000.00000	9.45110
75	19200.00000	8.77496
75	19400.00000	8.77496
75	19600.00000	8.77496
75	19800.00000	8.77496
75	20000.00000	8.51262
76	0.00000	11.47358
76	200.00000	11.47358
76	400.00000	11.47358
76	600.00000	11.47358
76	800.00000	14.19870
76	1000.00000	14.19870
76	1200.00000	14.19870
76	1400.00000	14.19870
76	1600.00000	10.76954
76	1800.00000	10.76954
76	2000.00000	10.76954
76	2200.00000	10.76954
76	2400.00000	11.57589
76	2600.00000	11.57589
76	2800.00000	11.57589
76	3000.00000	11.57589
76	3200.00000	10.13394
76	3400.00000	10.13394
76	3600.00000	10.13394
76	3800.00000	10.13394
76	4000.00000	11.37250
76	4200.00000	11.37250
76	4400.00000	11.37250
76	4600.00000	11.37250
76	4800.00000	10.72092
76	5000.00000	10.72092
76	5200.00000	10.72092
76	5400.00000	9.80613
76	5600.00000	9.80613
76	5800.00000	9.80613
76	6000.00000	9.80613
76	6200.00000	10.75758
76	6400.00000	10.75758
76	6600.00000	10.75758
76	6800.00000	10.75758
76	7000.00000	9.40134
76	7200.00000	9.40134
76	7400.00000	9.40134
76	7600.00000	9.40134
76	7800.00000	9.76713
76	8000.00000	9.76713
76	8200.00000	9.76713
76	8400.00000	9.76713
76	8600.00000	9.82730
76	8800.00000	9.82730
76	9000.00000	9.82730
76	9200.00000	9.82730
76	9400.00000	9.78538
76	9600.00000	9.78538
76	9800.00000	9.78538
76	10000.00000	9.04473
76	10200.00000	9.04473
76	10400.00000	9.04473
76	10600.00000	9.04473
76	10800.00000	9.08441
76	11000.00000	9.08441
76	11200.00000	9.08441
76	11400.00000	9.08441
76	11600.00000	12.57683
76	11800.00000	12.57683
76	12000.00000	12.57683
76	12200.00000	12.57683
76	12400.00000	12.65175
76	12600.00000	12.65175
76	12800.00000	12.65175
76	13000.00000	12.65175
76	13200.00000	10.71065
76	13400.00000	10.71065
76	13600.00000	10.71065
76	13800.00000	10.71065
76	14000.00000	10.20768
76	14200.00000	10.20768
76	14400.00000	10.20768
76	14600.00000	8.10765
76	14800.00000	8.10765
76	15000.00000	8.10765
76	15200.00000	8.10765
76	15400.00000	9.48836
76	15600.00000	9.48836
76	15800.00000	9.48836
76	16000.00000	9.48836
76	16200.00000	10.08255
76	16400.00000	10.08255
76	16600.00000	10.08255
76	16800.00000	10.08255
76	17000.00000	8.96601
76	17200.00000	8.96601
76	17400.00000	8.96601
76	17600.00000	8.96601
76	17800.00000	9.79722
76	18000.00000	9.79722
76	18200.00000	9.79722
76	18400.00000	9.79722
76	18600.00000	9.45110
76	18800.00000	9.45110
76	19000.00000	9.45110
76	19200.00000	8.77496
76	19400.00000	8.77496
76	19600.00000	8.77496
76	19800.00000	8.77496
76	20000.00000	8.51262
77	0.00000	11.47358
77	200.00000	11.47358
77	400.00000	11.47358
77	600.00000	11.47358
77	800.00000	14.19870
77	1000.00000	14.19870
77	1200.00000	14.19870
77	1400.00000	14.19870
77	1600.00000	10.76954
77	1800.00000	10.76954
77	2000.00000	10.76954
77	2200.00000	10.76954
77	2400.00000	11.57589
77	2600.00000	11.57589
77	2800.00000	11.57589
77	3000.00000	11.57589
77	3200.00000	10.13394
77	3400.00000	10.13394
77	3600.00000	10.13394
77	3800.00000	10.13394
77	4000.00000	11.37250
77	4200.00000	11.37250
77	4400.00000	11.37250
77	4600.00000	11.37250
77	4800.00000	10.72092
77	5000.00000	10.72092
77	5200.00000	10.72092
77	5400.00000	9.80613
77	5600.00000	9.80613
77	5800.00000	9.80613
77	6000.00000	9.80613
77	6200.00000	10.75758
77	6400.00000	10.75758
77	6600.00000	10.75758
77	6800.00000	10.75758
77	7000.00000	9.40134
77	7200.00000	9.40134
77	7400.00000	9.40134
77	7600.00000	9.40134
77	7800.00000	9.76713
77	8000.00000	9.76713
77	8200.00000	9.76713
77	8400.00000	9.76713
77	8600.00000	9.82730
77	8800.00000	9.82730
77	9000.00000	9.82730
77	9200.00000	9.82730
77	9400.00000	9.78538
77	9600.00000	9.78538
77	9800.00000	9.78538
77	10000.00000	9.04473
77	10200.00000	9.04473
77	10400.00000	9.04473
77	10600.00000	9.04473
77	10800.00000	9.08441
77	11000.00000	9.08441
77	11200.00000	9.08441
77	11400.00000	9.08441
77	11600.00000	12.57683
77	11800.00000	12.57683
77	12000.00000	12.57683
77	12200.00000	12.57683
77	12400.00000	12.65175
77	12600.00000	12.65175
77	12800.00000	12.65175
77	13000.00000	12.65175
77	13200.00000	10.71065
77	13400.00000	10.71065
77	13600.00000	10.71065
77	13800.00000	10.71065
77	14000.00000	10.20768
77	14200.00000	10.20768
77	14400.00000	10.20768
77	14600.00000	8.10765
77	14800.00000	8.10765
77	15000.00000	8.10765
77	15200.00000	8.10765
77	15400.00000	9.48836
77	15600.00000	9.48836
77	15800.00000	9.48836
77	16000.00000	9.48836
77	16200.00000	10.08255
77	16400.00000	10.08255
77	16600.00000	10.08255
77	16800.00000	10.08255
77	17000.00000	8.96601
77	17200.00000	8.96601
77	17400.00000	8.96601
77	17600.00000	8.96601
77	17800.00000	9.79722
77	18000.00000	9.79722
77	18200.00000	9.79722
77	18400.00000	9.79722
77	18600.00000	9.45110
77	18800.00000	9.45110
77	19000.00000	9.45110
77	19200.00000	8.77496
77	19400.00000	8.77496
77	19600.00000	8.77496
77	19800.00000	8.77496
77	20000.00000	8.51262
78	0.00000	11.47358
78	200.00000	11.47358
78	400.00000	11.47358
78	600.00000	11.47358
78	800.00000	14.19870
78	1000.00000	14.19870
78	1200.00000	14.19870
78	1400.00000	14.19870
78	1600.00000	10.76954
78	1800.00000	10.76954
78	2000.00000	10.76954
78	2200.00000	10.76954
78	2400.00000	11.57589
78	2600.00000	11.57589
78	2800.00000	11.57589
78	3000.00000	11.57589
78	3200.00000	10.13394
78	3400.00000	10.13394
78	3600.00000	10.13394
78	3800.00000	10.13394
78	4000.00000	11.37250
78	4200.00000	11.37250
78	4400.00000	11.37250
78	4600.00000	11.37250
78	4800.00000	10.72092
78	5000.00000	10.72092
78	5200.00000	10.72092
78	5400.00000	9.80613
78	5600.00000	9.80613
78	5800.00000	9.80613
78	6000.00000	9.80613
78	6200.00000	10.75758
78	6400.00000	10.75758
78	6600.00000	10.75758
78	6800.00000	10.75758
78	7000.00000	9.40134
78	7200.00000	9.40134
78	7400.00000	9.40134
78	7600.00000	9.40134
78	7800.00000	9.76713
78	8000.00000	9.76713
78	8200.00000	9.76713
78	8400.00000	9.76713
78	8600.00000	9.82730
78	8800.00000	9.82730
78	9000.00000	9.82730
78	9200.00000	9.82730
78	9400.00000	9.78538
78	9600.00000	9.78538
78	9800.00000	9.78538
78	10000.00000	9.04473
78	10200.00000	9.04473
78	10400.00000	9.04473
78	10600.00000	9.04473
78	10800.00000	9.08441
78	11000.00000	9.08441
78	11200.00000	9.08441
78	11400.00000	9.08441
78	11600.00000	12.57683
78	11800.00000	12.57683
78	12000.00000	12.57683
78	12200.00000	12.57683
78	12400.00000	12.65175
78	12600.00000	12.65175
78	12800.00000	12.65175
78	13000.00000	12.65175
78	13200.00000	10.71065
78	13400.00000	10.71065
78	13600.00000	10.71065
78	13800.00000	10.71065
78	14000.00000	10.20768
78	14200.00000	10.20768
78	14400.00000	10.20768
78	14600.00000	8.10765
78	14800.00000	8.10765
78	15000.00000	8.10765
78	15200.00000	8.10765
78	15400.00000	9.48836
78	15600.00000	9.48836
78	15800.00000	9.48836
78	16000.00000	9.48836
78	16200.00000	10.08255
78	16400.00000	10.08255
78	16600.00000	10.08255
78	16800.00000	10.08255
78	17000.00000	8.96601
78	17200.00000	8.96601
78	17400.00000	8.96601
78	17600.00000	8.96601
78	17800.00000	9.79722
78	18000.00000	9.79722
78	18200.00000	9.79722
78	18400.00000	9.79722
78	18600.00000	9.45110
78	18800.00000	9.45110
78	19000.00000	9.45110
78	19200.00000	8.77496
78	19400.00000	8.77496
78	19600.00000	8.77496
78	19800.00000	8.77496
78	20000.00000	8.51262
79	0.00000	11.47358
79	200.00000	11.47358
79	400.00000	11.47358
79	600.00000	11.47358
79	800.00000	14.19870
79	1000.00000	14.19870
79	1200.00000	14.19870
79	1400.00000	14.19870
79	1600.00000	10.76954
79	1800.00000	10.76954
79	2000.00000	10.76954
79	2200.00000	10.76954
79	2400.00000	11.57589
79	2600.00000	11.57589
79	2800.00000	11.57589
79	3000.00000	11.57589
79	3200.00000	10.13394
79	3400.00000	10.13394
79	3600.00000	10.13394
79	3800.00000	10.13394
79	4000.00000	11.37250
79	4200.00000	11.37250
79	4400.00000	11.37250
79	4600.00000	11.37250
79	4800.00000	10.72092
79	5000.00000	10.72092
79	5200.00000	10.72092
79	5400.00000	9.80613
79	5600.00000	9.80613
79	5800.00000	9.80613
79	6000.00000	9.80613
79	6200.00000	10.75758
79	6400.00000	10.75758
79	6600.00000	10.75758
79	6800.00000	10.75758
79	7000.00000	9.40134
79	7200.00000	9.40134
79	7400.00000	9.40134
79	7600.00000	9.40134
79	7800.00000	9.76713
79	8000.00000	9.76713
79	8200.00000	9.76713
79	8400.00000	9.76713
79	8600.00000	9.82730
79	8800.00000	9.82730
79	9000.00000	9.82730
79	9200.00000	9.82730
79	9400.00000	9.78538
79	9600.00000	9.78538
79	9800.00000	9.78538
79	10000.00000	9.04473
79	10200.00000	9.04473
79	10400.00000	9.04473
79	10600.00000	9.04473
79	10800.00000	9.08441
79	11000.00000	9.08441
79	11200.00000	9.08441
79	11400.00000	9.08441
79	11600.00000	12.57683
79	11800.00000	12.57683
79	12000.00000	12.57683
79	12200.00000	12.57683
79	12400.00000	12.65175
79	12600.00000	12.65175
79	12800.00000	12.65175
79	13000.00000	12.65175
79	13200.00000	10.71065
79	13400.00000	10.71065
79	13600.00000	10.71065
79	13800.00000	10.71065
79	14000.00000	10.20768
79	14200.00000	10.20768
79	14400.00000	10.20768
79	14600.00000	8.10765
79	14800.00000	8.10765
79	15000.00000	8.10765
79	15200.00000	8.10765
79	15400.00000	9.48836
79	15600.00000	9.48836
79	15800.00000	9.48836
79	16000.00000	9.48836
79	16200.00000	10.08255
79	16400.00000	10.08255
79	16600.00000	10.08255
79	16800.00000	10.08255
79	17000.00000	8.96601
79	17200.00000	8.96601
79	17400.00000	8.96601
79	17600.00000	8.96601
79	17800.00000	9.79722
79	18000.00000	9.79722
79	18200.00000	9.79722
79	18400.00000	9.79722
79	18600.00000	9.45110
79	18800.00000	9.45110
79	19000.00000	9.45110
79	19200.00000	8.77496
79	19400.00000	8.77496
79	19600.00000	8.77496
79	19800.00000	8.77496
79	20000.00000	8.51262
80	0.00000	11.47358
80	200.00000	11.47358
80	400.00000	11.47358
80	600.00000	11.47358
80	800.00000	14.19870
80	1000.00000	14.19870
80	1200.00000	14.19870
80	1400.00000	14.19870
80	1600.00000	10.76954
80	1800.00000	10.76954
80	2000.00000	10.76954
80	2200.00000	10.76954
80	2400.00000	11.57589
80	2600.00000	11.57589
80	2800.00000	11.57589
80	3000.00000	11.57589
80	3200.00000	10.13394
80	3400.00000	10.13394
80	3600.00000	10.13394
80	3800.00000	10.13394
80	4000.00000	11.37250
80	4200.00000	11.37250
80	4400.00000	11.37250
80	4600.00000	11.37250
80	4800.00000	10.72092
80	5000.00000	10.72092
80	5200.00000	10.72092
80	5400.00000	9.80613
80	5600.00000	9.80613
80	5800.00000	9.80613
80	6000.00000	9.80613
80	6200.00000	10.75758
80	6400.00000	10.75758
80	6600.00000	10.75758
80	6800.00000	10.75758
80	7000.00000	9.40134
80	7200.00000	9.40134
80	7400.00000	9.40134
80	7600.00000	9.40134
80	7800.00000	9.76713
80	8000.00000	9.76713
80	8200.00000	9.76713
80	8400.00000	9.76713
80	8600.00000	9.82730
80	8800.00000	9.82730
80	9000.00000	9.82730
80	9200.00000	9.82730
80	9400.00000	9.78538
80	9600.00000	9.78538
80	9800.00000	9.78538
80	10000.00000	9.04473
80	10200.00000	9.04473
80	10400.00000	9.04473
80	10600.00000	9.04473
80	10800.00000	9.08441
80	11000.00000	9.08441
80	11200.00000	9.08441
80	11400.00000	9.08441
80	11600.00000	12.57683
80	11800.00000	12.57683
80	12000.00000	12.57683
80	12200.00000	12.57683
80	12400.00000	12.65175
80	12600.00000	12.65175
80	12800.00000	12.65175
80	13000.00000	12.65175
80	13200.00000	10.71065
80	13400.00000	10.71065
80	13600.00000	10.71065
80	13800.00000	10.71065
80	14000.00000	10.20768
80	14200.00000	10.20768
80	14400.00000	10.20768
80	14600.00000	8.10765
80	14800.00000	8.10765
80	15000.00000	8.10765
80	15200.00000	8.10765
80	15400.00000	9.48836
80	15600.00000	9.48836
80	15800.00000	9.48836
80	16000.00000	9.48836
80	16200.00000	10.08255
80	16400.00000	10.08255
80	16600.00000	10.08255
80	16800.00000	10.08255
80	17000.00000	8.96601
80	17200.00000	8.96601
80	17400.00000	8.96601
80	17600.00000	8.96601
80	17800.00000	9.79722
80	18000.00000	9.79722
80	18200.00000	9.79722
80	18400.00000	9.79722
80	18600.00000	9.45110
80	18800.00000	9.45110
80	19000.00000	9.45110
80	19200.00000	8.77496
80	19400.00000	8.77496
80	19600.00000	8.77496
80	19800.00000	8.77496
80	20000.00000	8.51262
81	0.00000	11.54510
81	200.00000	11.54510
81	400.00000	11.54510
81	600.00000	11.54510
81	800.00000	13.44159
81	1000.00000	13.44159
81	1200.00000	13.44159
81	1400.00000	13.44159
81	1600.00000	10.78273
81	1800.00000	10.78273
81	2000.00000	10.78273
81	2200.00000	10.78273
81	2400.00000	11.57811
81	2600.00000	11.57811
81	2800.00000	11.57811
81	3000.00000	11.57811
81	3200.00000	10.08043
81	3400.00000	10.08043
81	3600.00000	10.08043
81	3800.00000	10.08043
81	4000.00000	11.63583
81	4200.00000	11.63583
81	4400.00000	11.63583
81	4600.00000	11.63583
81	4800.00000	10.56442
81	5000.00000	10.56442
81	5200.00000	10.56442
81	5400.00000	9.98969
81	5600.00000	9.98969
81	5800.00000	9.98969
81	6000.00000	9.98969
81	6200.00000	11.04073
81	6400.00000	11.04073
81	6600.00000	11.04073
81	6800.00000	11.04073
81	7000.00000	9.23261
81	7200.00000	9.23261
81	7400.00000	9.23261
81	7600.00000	9.23261
81	7800.00000	9.66411
81	8000.00000	9.66411
81	8200.00000	9.66411
81	8400.00000	9.66411
81	8600.00000	9.79547
81	8800.00000	9.79547
81	9000.00000	9.79547
81	9200.00000	9.79547
81	9400.00000	10.48045
81	9600.00000	10.48045
81	9800.00000	10.48045
81	10000.00000	9.17481
81	10200.00000	9.17481
81	10400.00000	9.17481
81	10600.00000	9.17481
81	10800.00000	9.31138
81	11000.00000	9.31138
81	11200.00000	9.31138
81	11400.00000	9.31138
81	11600.00000	10.80508
81	11800.00000	10.80508
81	12000.00000	10.80508
81	12200.00000	10.80508
81	12400.00000	11.07255
81	12600.00000	11.07255
81	12800.00000	11.07255
81	13000.00000	11.07255
81	13200.00000	9.75712
81	13400.00000	9.75712
81	13600.00000	9.75712
81	13800.00000	9.75712
81	14000.00000	9.76100
81	14200.00000	9.76100
81	14400.00000	9.76100
81	14600.00000	8.14370
81	14800.00000	8.14370
81	15000.00000	8.14370
81	15200.00000	8.14370
81	15400.00000	9.97622
81	15600.00000	9.97622
81	15800.00000	9.97622
81	16000.00000	9.97622
81	16200.00000	9.91298
81	16400.00000	9.91298
81	16600.00000	9.91298
81	16800.00000	9.91298
81	17000.00000	9.34904
81	17200.00000	9.34904
81	17400.00000	9.34904
81	17600.00000	9.34904
81	17800.00000	8.27678
81	18000.00000	8.27678
81	18200.00000	8.27678
81	18400.00000	8.27678
81	18600.00000	9.86403
81	18800.00000	9.86403
81	19000.00000	9.86403
81	19200.00000	10.02437
81	19400.00000	10.02437
81	19600.00000	10.02437
81	19800.00000	10.02437
81	20000.00000	8.77393
82	0.00000	11.48735
82	200.00000	11.48735
82	400.00000	11.48735
82	600.00000	11.48735
82	800.00000	13.19706
82	1000.00000	13.19706
82	1200.00000	13.19706
82	1400.00000	13.19706
82	1600.00000	10.93467
82	1800.00000	10.93467
82	2000.00000	10.93467
82	2200.00000	10.93467
82	2400.00000	11.09277
82	2600.00000	11.09277
82	2800.00000	11.09277
82	3000.00000	11.09277
82	3200.00000	10.31707
82	3400.00000	10.31707
82	3600.00000	10.31707
82	3800.00000	10.31707
82	4000.00000	11.60277
82	4200.00000	11.60277
82	4400.00000	11.60277
82	4600.00000	11.60277
82	4800.00000	10.57548
82	5000.00000	10.57548
82	5200.00000	10.57548
82	5400.00000	10.06836
82	5600.00000	10.06836
82	5800.00000	10.06836
82	6000.00000	10.06836
82	6200.00000	10.61258
82	6400.00000	10.61258
82	6600.00000	10.61258
82	6800.00000	10.61258
82	7000.00000	9.23466
82	7200.00000	9.23466
82	7400.00000	9.23466
82	7600.00000	9.23466
82	7800.00000	10.21902
82	8000.00000	10.21902
82	8200.00000	10.21902
82	8400.00000	10.21902
82	8600.00000	9.48370
82	8800.00000	9.48370
82	9000.00000	9.48370
82	9200.00000	9.48370
82	9400.00000	10.78324
82	9600.00000	10.78324
82	9800.00000	10.78324
82	10000.00000	9.58725
82	10200.00000	9.58725
82	10400.00000	9.58725
82	10600.00000	9.58725
82	10800.00000	8.91921
82	11000.00000	8.91921
82	11200.00000	8.91921
82	11400.00000	8.91921
82	11600.00000	10.93102
82	11800.00000	10.93102
82	12000.00000	10.93102
82	12200.00000	10.93102
82	12400.00000	11.14109
82	12600.00000	11.14109
82	12800.00000	11.14109
82	13000.00000	11.14109
82	13200.00000	10.51645
82	13400.00000	10.51645
82	13600.00000	10.51645
82	13800.00000	10.51645
82	14000.00000	9.05257
82	14200.00000	9.05257
82	14400.00000	9.05257
82	14600.00000	7.91339
82	14800.00000	7.91339
82	15000.00000	7.91339
82	15200.00000	7.91339
82	15400.00000	9.43841
82	15600.00000	9.43841
82	15800.00000	9.43841
82	16000.00000	9.43841
82	16200.00000	9.24434
82	16400.00000	9.24434
82	16600.00000	9.24434
82	16800.00000	9.24434
82	17000.00000	9.10820
82	17200.00000	9.10820
82	17400.00000	9.10820
82	17600.00000	9.10820
82	17800.00000	10.01992
82	18000.00000	10.01992
82	18200.00000	10.01992
82	18400.00000	10.01992
82	18600.00000	8.22130
82	18800.00000	8.22130
82	19000.00000	8.22130
82	19200.00000	9.46679
82	19400.00000	9.46679
82	19600.00000	9.46679
82	19800.00000	9.46679
82	20000.00000	8.24677
83	0.00000	11.55339
83	200.00000	11.55339
83	400.00000	11.55339
83	600.00000	11.55339
83	800.00000	14.42926
83	1000.00000	14.42926
83	1200.00000	14.42926
83	1400.00000	14.42926
83	1600.00000	10.91056
83	1800.00000	10.91056
83	2000.00000	10.91056
83	2200.00000	10.91056
83	2400.00000	11.54270
83	2600.00000	11.54270
83	2800.00000	11.54270
83	3000.00000	11.54270
83	3200.00000	10.14612
83	3400.00000	10.14612
83	3600.00000	10.14612
83	3800.00000	10.14612
83	4000.00000	11.32578
83	4200.00000	11.32578
83	4400.00000	11.32578
83	4600.00000	11.32578
83	4800.00000	10.34737
83	5000.00000	10.34737
83	5200.00000	10.34737
83	5400.00000	10.06138
83	5600.00000	10.06138
83	5800.00000	10.06138
83	6000.00000	10.06138
83	6200.00000	11.12858
83	6400.00000	11.12858
83	6600.00000	11.12858
83	6800.00000	11.12858
83	7000.00000	8.83706
83	7200.00000	8.83706
83	7400.00000	8.83706
83	7600.00000	8.83706
83	7800.00000	10.22977
83	8000.00000	10.22977
83	8200.00000	10.22977
83	8400.00000	10.22977
83	8600.00000	10.09439
83	8800.00000	10.09439
83	9000.00000	10.09439
83	9200.00000	10.09439
83	9400.00000	10.29502
83	9600.00000	10.29502
83	9800.00000	10.29502
83	10000.00000	9.43475
83	10200.00000	9.43475
83	10400.00000	9.43475
83	10600.00000	9.43475
83	10800.00000	9.24587
83	11000.00000	9.24587
83	11200.00000	9.24587
83	11400.00000	9.24587
83	11600.00000	11.81194
83	11800.00000	11.81194
83	12000.00000	11.81194
83	12200.00000	11.81194
83	12400.00000	11.92369
83	12600.00000	11.92369
83	12800.00000	11.92369
83	13000.00000	11.92369
83	13200.00000	9.86700
83	13400.00000	9.86700
83	13600.00000	9.86700
83	13800.00000	9.86700
83	14000.00000	8.20121
83	14200.00000	8.20121
83	14400.00000	8.20121
83	14600.00000	9.27073
83	14800.00000	9.27073
83	15000.00000	9.27073
83	15200.00000	9.27073
83	15400.00000	8.91375
83	15600.00000	8.91375
83	15800.00000	8.91375
83	16000.00000	8.91375
83	16200.00000	10.04675
83	16400.00000	10.04675
83	16600.00000	10.04675
83	16800.00000	10.04675
83	17000.00000	8.90102
83	17200.00000	8.90102
83	17400.00000	8.90102
83	17600.00000	8.90102
83	17800.00000	8.16679
83	18000.00000	8.16679
83	18200.00000	8.16679
83	18400.00000	8.16679
83	18600.00000	9.87063
83	18800.00000	9.87063
83	19000.00000	9.87063
83	19200.00000	9.88829
83	19400.00000	9.88829
83	19600.00000	9.88829
83	19800.00000	9.88829
83	20000.00000	9.23199
84	0.00000	11.40079
84	200.00000	11.40079
84	400.00000	11.40079
84	600.00000	11.40079
84	800.00000	15.41512
84	1000.00000	15.41512
84	1200.00000	15.41512
84	1400.00000	15.41512
84	1600.00000	10.83942
84	1800.00000	10.83942
84	2000.00000	10.83942
84	2200.00000	10.83942
84	2400.00000	11.54620
84	2600.00000	11.54620
84	2800.00000	11.54620
84	3000.00000	11.54620
84	3200.00000	10.15921
84	3400.00000	10.15921
84	3600.00000	10.15921
84	3800.00000	10.15921
84	4000.00000	11.35553
84	4200.00000	11.35553
84	4400.00000	11.35553
84	4600.00000	11.35553
84	4800.00000	10.50077
84	5000.00000	10.50077
84	5200.00000	10.50077
84	5400.00000	10.15568
84	5600.00000	10.15568
84	5800.00000	10.15568
84	6000.00000	10.15568
84	6200.00000	11.27345
84	6400.00000	11.27345
84	6600.00000	11.27345
84	6800.00000	11.27345
84	7000.00000	8.92805
84	7200.00000	8.92805
84	7400.00000	8.92805
84	7600.00000	8.92805
84	7800.00000	10.64635
84	8000.00000	10.64635
84	8200.00000	10.64635
84	8400.00000	10.64635
84	8600.00000	9.49753
84	8800.00000	9.49753
84	9000.00000	9.49753
84	9200.00000	9.49753
84	9400.00000	10.18027
84	9600.00000	10.18027
84	9800.00000	10.18027
84	10000.00000	9.68094
84	10200.00000	9.68094
84	10400.00000	9.68094
84	10600.00000	9.68094
84	10800.00000	8.88585
84	11000.00000	8.88585
84	11200.00000	8.88585
84	11400.00000	8.88585
84	11600.00000	11.75583
84	11800.00000	11.75583
84	12000.00000	11.75583
84	12200.00000	11.75583
84	12400.00000	11.54451
84	12600.00000	11.54451
84	12800.00000	11.54451
84	13000.00000	11.54451
84	13200.00000	10.71285
84	13400.00000	10.71285
84	13600.00000	10.71285
84	13800.00000	10.71285
84	14000.00000	8.23101
84	14200.00000	8.23101
84	14400.00000	8.23101
84	14600.00000	9.48579
84	14800.00000	9.48579
84	15000.00000	9.48579
84	15200.00000	9.48579
84	15400.00000	9.16287
84	15600.00000	9.16287
84	15800.00000	9.16287
84	16000.00000	9.16287
84	16200.00000	10.59266
84	16400.00000	10.59266
84	16600.00000	10.59266
84	16800.00000	10.59266
84	17000.00000	8.18377
84	17200.00000	8.18377
84	17400.00000	8.18377
84	17600.00000	8.18377
84	17800.00000	8.64453
84	18000.00000	8.64453
84	18200.00000	8.64453
84	18400.00000	8.64453
84	18600.00000	10.17806
84	18800.00000	10.17806
84	19000.00000	10.17806
84	19200.00000	9.67293
84	19400.00000	9.67293
84	19600.00000	9.67293
84	19800.00000	9.67293
84	20000.00000	8.36613
85	0.00000	11.44861
85	200.00000	11.44861
85	400.00000	11.44861
85	600.00000	11.44861
85	800.00000	14.13743
85	1000.00000	14.13743
85	1200.00000	14.13743
85	1400.00000	14.13743
85	1600.00000	10.70777
85	1800.00000	10.70777
85	2000.00000	10.70777
85	2200.00000	10.70777
85	2400.00000	12.08463
85	2600.00000	12.08463
85	2800.00000	12.08463
85	3000.00000	12.08463
85	3200.00000	10.16117
85	3400.00000	10.16117
85	3600.00000	10.16117
85	3800.00000	10.16117
85	4000.00000	11.27483
85	4200.00000	11.27483
85	4400.00000	11.27483
85	4600.00000	11.27483
85	4800.00000	10.74035
85	5000.00000	10.74035
85	5200.00000	10.74035
85	5400.00000	9.98572
85	5600.00000	9.98572
85	5800.00000	9.98572
85	6000.00000	9.98572
85	6200.00000	11.08807
85	6400.00000	11.08807
85	6600.00000	11.08807
85	6800.00000	11.08807
85	7000.00000	9.00395
85	7200.00000	9.00395
85	7400.00000	9.00395
85	7600.00000	9.00395
85	7800.00000	10.19623
85	8000.00000	10.19623
85	8200.00000	10.19623
85	8400.00000	10.19623
85	8600.00000	9.77151
85	8800.00000	9.77151
85	9000.00000	9.77151
85	9200.00000	9.77151
85	9400.00000	10.92473
85	9600.00000	10.92473
85	9800.00000	10.92473
85	10000.00000	9.05185
85	10200.00000	9.05185
85	10400.00000	9.05185
85	10600.00000	9.05185
85	10800.00000	9.82188
85	11000.00000	9.82188
85	11200.00000	9.82188
85	11400.00000	9.82188
85	11600.00000	10.32227
85	11800.00000	10.32227
85	12000.00000	10.32227
85	12200.00000	10.32227
85	12400.00000	11.04322
85	12600.00000	11.04322
85	12800.00000	11.04322
85	13000.00000	11.04322
85	13200.00000	8.59264
85	13400.00000	8.59264
85	13600.00000	8.59264
85	13800.00000	8.59264
85	14000.00000	11.10196
85	14200.00000	11.10196
85	14400.00000	11.10196
85	14600.00000	8.65634
85	14800.00000	8.65634
85	15000.00000	8.65634
85	15200.00000	8.65634
85	15400.00000	9.43909
85	15600.00000	9.43909
85	15800.00000	9.43909
85	16000.00000	9.43909
85	16200.00000	10.90595
85	16400.00000	10.90595
85	16600.00000	10.90595
85	16800.00000	10.90595
85	17000.00000	9.89705
85	17200.00000	9.89705
85	17400.00000	9.89705
85	17600.00000	9.89705
85	17800.00000	7.96874
85	18000.00000	7.96874
85	18200.00000	7.96874
85	18400.00000	7.96874
85	18600.00000	9.72779
85	18800.00000	9.72779
85	19000.00000	9.72779
85	19200.00000	8.92237
85	19400.00000	8.92237
85	19600.00000	8.92237
85	19800.00000	8.92237
85	20000.00000	9.22376
86	0.00000	11.44027
86	200.00000	11.44027
86	400.00000	11.44027
86	600.00000	11.44027
86	800.00000	14.37626
86	1000.00000	14.37626
86	1200.00000	14.37626
86	1400.00000	14.37626
86	1600.00000	10.71511
86	1800.00000	10.71511
86	2000.00000	10.71511
86	2200.00000	10.71511
86	2400.00000	11.71847
86	2600.00000	11.71847
86	2800.00000	11.71847
86	3000.00000	11.71847
86	3200.00000	10.09371
86	3400.00000	10.09371
86	3600.00000	10.09371
86	3800.00000	10.09371
86	4000.00000	12.93232
86	4200.00000	12.93232
86	4400.00000	12.93232
86	4600.00000	12.93232
86	4800.00000	10.50858
86	5000.00000	10.50858
86	5200.00000	10.50858
86	5400.00000	9.95936
86	5600.00000	9.95936
86	5800.00000	9.95936
86	6000.00000	9.95936
86	6200.00000	10.79442
86	6400.00000	10.79442
86	6600.00000	10.79442
86	6800.00000	10.79442
86	7000.00000	9.00490
86	7200.00000	9.00490
86	7400.00000	9.00490
86	7600.00000	9.00490
86	7800.00000	9.98609
86	8000.00000	9.98609
86	8200.00000	9.98609
86	8400.00000	9.98609
86	8600.00000	9.34451
86	8800.00000	9.34451
86	9000.00000	9.34451
86	9200.00000	9.34451
86	9400.00000	11.98647
86	9600.00000	11.98647
86	9800.00000	11.98647
86	10000.00000	9.63235
86	10200.00000	9.63235
86	10400.00000	9.63235
86	10600.00000	9.63235
86	10800.00000	9.25780
86	11000.00000	9.25780
86	11200.00000	9.25780
86	11400.00000	9.25780
86	11600.00000	11.31437
86	11800.00000	11.31437
86	12000.00000	11.31437
86	12200.00000	11.31437
86	12400.00000	12.74646
86	12600.00000	12.74646
86	12800.00000	12.74646
86	13000.00000	12.74646
86	13200.00000	8.63916
86	13400.00000	8.63916
86	13600.00000	8.63916
86	13800.00000	8.63916
86	14000.00000	9.43799
86	14200.00000	9.43799
86	14400.00000	9.43799
86	14600.00000	8.50155
86	14800.00000	8.50155
86	15000.00000	8.50155
86	15200.00000	8.50155
86	15400.00000	10.55316
86	15600.00000	10.55316
86	15800.00000	10.55316
86	16000.00000	10.55316
86	16200.00000	10.79919
86	16400.00000	10.79919
86	16600.00000	10.79919
86	16800.00000	10.79919
86	17000.00000	9.04464
86	17200.00000	9.04464
86	17400.00000	9.04464
86	17600.00000	9.04464
86	17800.00000	7.43689
86	18000.00000	7.43689
86	18200.00000	7.43689
86	18400.00000	7.43689
86	18600.00000	10.77498
86	18800.00000	10.77498
86	19000.00000	10.77498
86	19200.00000	10.25113
86	19400.00000	10.25113
86	19600.00000	10.25113
86	19800.00000	10.25113
86	20000.00000	9.86869
87	0.00000	11.53315
87	200.00000	11.53315
87	400.00000	11.53315
87	600.00000	11.53315
87	800.00000	14.93505
87	1000.00000	14.93505
87	1200.00000	14.93505
87	1400.00000	14.93505
87	1600.00000	10.58071
87	1800.00000	10.58071
87	2000.00000	10.58071
87	2200.00000	10.58071
87	2400.00000	11.69658
87	2600.00000	11.69658
87	2800.00000	11.69658
87	3000.00000	11.69658
87	3200.00000	10.07339
87	3400.00000	10.07339
87	3600.00000	10.07339
87	3800.00000	10.07339
87	4000.00000	12.31264
87	4200.00000	12.31264
87	4400.00000	12.31264
87	4600.00000	12.31264
87	4800.00000	10.67218
87	5000.00000	10.67218
87	5200.00000	10.67218
87	5400.00000	10.20064
87	5600.00000	10.20064
87	5800.00000	10.20064
87	6000.00000	10.20064
87	6200.00000	10.54243
87	6400.00000	10.54243
87	6600.00000	10.54243
87	6800.00000	10.54243
87	7000.00000	9.45072
87	7200.00000	9.45072
87	7400.00000	9.45072
87	7600.00000	9.45072
87	7800.00000	9.88838
87	8000.00000	9.88838
87	8200.00000	9.88838
87	8400.00000	9.88838
87	8600.00000	9.21802
87	8800.00000	9.21802
87	9000.00000	9.21802
87	9200.00000	9.21802
87	9400.00000	10.32765
87	9600.00000	10.32765
87	9800.00000	10.32765
87	10000.00000	9.47575
87	10200.00000	9.47575
87	10400.00000	9.47575
87	10600.00000	9.47575
87	10800.00000	9.35461
87	11000.00000	9.35461
87	11200.00000	9.35461
87	11400.00000	9.35461
87	11600.00000	12.33564
87	11800.00000	12.33564
87	12000.00000	12.33564
87	12200.00000	12.33564
87	12400.00000	10.83517
87	12600.00000	10.83517
87	12800.00000	10.83517
87	13000.00000	10.83517
87	13200.00000	8.94296
87	13400.00000	8.94296
87	13600.00000	8.94296
87	13800.00000	8.94296
87	14000.00000	10.95100
87	14200.00000	10.95100
87	14400.00000	10.95100
87	14600.00000	9.06421
87	14800.00000	9.06421
87	15000.00000	9.06421
87	15200.00000	9.06421
87	15400.00000	8.99312
87	15600.00000	8.99312
87	15800.00000	8.99312
87	16000.00000	8.99312
87	16200.00000	8.84777
87	16400.00000	8.84777
87	16600.00000	8.84777
87	16800.00000	8.84777
87	17000.00000	9.13377
87	17200.00000	9.13377
87	17400.00000	9.13377
87	17600.00000	9.13377
87	17800.00000	8.35847
87	18000.00000	8.35847
87	18200.00000	8.35847
87	18400.00000	8.35847
87	18600.00000	9.11880
87	18800.00000	9.11880
87	19000.00000	9.11880
87	19200.00000	9.31690
87	19400.00000	9.31690
87	19600.00000	9.31690
87	19800.00000	9.31690
87	20000.00000	9.51177
88	0.00000	11.49177
88	200.00000	11.49177
88	400.00000	11.49177
88	600.00000	11.49177
88	800.00000	15.21615
88	1000.00000	15.21615
88	1200.00000	15.21615
88	1400.00000	15.21615
88	1600.00000	10.68041
88	1800.00000	10.68041
88	2000.00000	10.68041
88	2200.00000	10.68041
88	2400.00000	11.86696
88	2600.00000	11.86696
88	2800.00000	11.86696
88	3000.00000	11.86696
88	3200.00000	10.13040
88	3400.00000	10.13040
88	3600.00000	10.13040
88	3800.00000	10.13040
88	4000.00000	11.55560
88	4200.00000	11.55560
88	4400.00000	11.55560
88	4600.00000	11.55560
88	4800.00000	10.58020
88	5000.00000	10.58020
88	5200.00000	10.58020
88	5400.00000	10.35355
88	5600.00000	10.35355
88	5800.00000	10.35355
88	6000.00000	10.35355
88	6200.00000	10.47733
88	6400.00000	10.47733
88	6600.00000	10.47733
88	6800.00000	10.47733
88	7000.00000	9.38393
88	7200.00000	9.38393
88	7400.00000	9.38393
88	7600.00000	9.38393
88	7800.00000	9.98115
88	8000.00000	9.98115
88	8200.00000	9.98115
88	8400.00000	9.98115
88	8600.00000	9.06622
88	8800.00000	9.06622
88	9000.00000	9.06622
88	9200.00000	9.06622
88	9400.00000	10.47472
88	9600.00000	10.47472
88	9800.00000	10.47472
88	10000.00000	9.44131
88	10200.00000	9.44131
88	10400.00000	9.44131
88	10600.00000	9.44131
88	10800.00000	8.81765
88	11000.00000	8.81765
88	11200.00000	8.81765
88	11400.00000	8.81765
88	11600.00000	11.04682
88	11800.00000	11.04682
88	12000.00000	11.04682
88	12200.00000	11.04682
88	12400.00000	11.81457
88	12600.00000	11.81457
88	12800.00000	11.81457
88	13000.00000	11.81457
88	13200.00000	8.28679
88	13400.00000	8.28679
88	13600.00000	8.28679
88	13800.00000	8.28679
88	14000.00000	9.62970
88	14200.00000	9.62970
88	14400.00000	9.62970
88	14600.00000	9.35617
88	14800.00000	9.35617
88	15000.00000	9.35617
88	15200.00000	9.35617
88	15400.00000	8.79770
88	15600.00000	8.79770
88	15800.00000	8.79770
88	16000.00000	8.79770
88	16200.00000	9.57527
88	16400.00000	9.57527
88	16600.00000	9.57527
88	16800.00000	9.57527
88	17000.00000	9.55700
88	17200.00000	9.55700
88	17400.00000	9.55700
88	17600.00000	9.55700
88	17800.00000	8.81144
88	18000.00000	8.81144
88	18200.00000	8.81144
88	18400.00000	8.81144
88	18600.00000	11.16667
88	18800.00000	11.16667
88	19000.00000	11.16667
88	19200.00000	11.45139
88	19400.00000	11.45139
88	19600.00000	11.45139
88	19800.00000	11.45139
88	20000.00000	9.14672
89	0.00000	11.42826
89	200.00000	11.42826
89	400.00000	11.42826
89	600.00000	11.42826
89	800.00000	13.64429
89	1000.00000	13.64429
89	1200.00000	13.64429
89	1400.00000	13.64429
89	1600.00000	10.61650
89	1800.00000	10.61650
89	2000.00000	10.61650
89	2200.00000	10.61650
89	2400.00000	11.59274
89	2600.00000	11.59274
89	2800.00000	11.59274
89	3000.00000	11.59274
89	3200.00000	9.94534
89	3400.00000	9.94534
89	3600.00000	9.94534
89	3800.00000	9.94534
89	4000.00000	11.51476
89	4200.00000	11.51476
89	4400.00000	11.51476
89	4600.00000	11.51476
89	4800.00000	10.50567
89	5000.00000	10.50567
89	5200.00000	10.50567
89	5400.00000	10.08543
89	5600.00000	10.08543
89	5800.00000	10.08543
89	6000.00000	10.08543
89	6200.00000	10.78990
89	6400.00000	10.78990
89	6600.00000	10.78990
89	6800.00000	10.78990
89	7000.00000	9.43062
89	7200.00000	9.43062
89	7400.00000	9.43062
89	7600.00000	9.43062
89	7800.00000	9.47775
89	8000.00000	9.47775
89	8200.00000	9.47775
89	8400.00000	9.47775
89	8600.00000	9.27983
89	8800.00000	9.27983
89	9000.00000	9.27983
89	9200.00000	9.27983
89	9400.00000	10.83273
89	9600.00000	10.83273
89	9800.00000	10.83273
89	10000.00000	9.25828
89	10200.00000	9.25828
89	10400.00000	9.25828
89	10600.00000	9.25828
89	10800.00000	8.68536
89	11000.00000	8.68536
89	11200.00000	8.68536
89	11400.00000	8.68536
89	11600.00000	10.68906
89	11800.00000	10.68906
89	12000.00000	10.68906
89	12200.00000	10.68906
89	12400.00000	10.43430
89	12600.00000	10.43430
89	12800.00000	10.43430
89	13000.00000	10.43430
89	13200.00000	9.12686
89	13400.00000	9.12686
89	13600.00000	9.12686
89	13800.00000	9.12686
89	14000.00000	8.82943
89	14200.00000	8.82943
89	14400.00000	8.82943
89	14600.00000	10.15207
89	14800.00000	10.15207
89	15000.00000	10.15207
89	15200.00000	10.15207
89	15400.00000	8.31281
89	15600.00000	8.31281
89	15800.00000	8.31281
89	16000.00000	8.31281
89	16200.00000	9.72060
89	16400.00000	9.72060
89	16600.00000	9.72060
89	16800.00000	9.72060
89	17000.00000	9.45224
89	17200.00000	9.45224
89	17400.00000	9.45224
89	17600.00000	9.45224
89	17800.00000	9.08710
89	18000.00000	9.08710
89	18200.00000	9.08710
89	18400.00000	9.08710
89	18600.00000	8.63387
89	18800.00000	8.63387
89	19000.00000	8.63387
89	19200.00000	10.47033
89	19400.00000	10.47033
89	19600.00000	10.47033
89	19800.00000	10.47033
89	20000.00000	8.72357
90	0.00000	11.45548
90	200.00000	11.45548
90	400.00000	11.45548
90	600.00000	11.45548
90	800.00000	15.37510
90	1000.00000	15.37510
90	1200.00000	15.37510
90	1400.00000	15.37510
90	1600.00000	10.60956
90	1800.00000	10.60956
90	2000.00000	10.60956
90	2200.00000	10.60956
90	2400.00000	12.33122
90	2600.00000	12.33122
90	2800.00000	12.33122
90	3000.00000	12.33122
90	3200.00000	10.05902
90	3400.00000	10.05902
90	3600.00000	10.05902
90	3800.00000	10.05902
90	4000.00000	12.46390
90	4200.00000	12.46390
90	4400.00000	12.46390
90	4600.00000	12.46390
90	4800.00000	10.25030
90	5000.00000	10.25030
90	5200.00000	10.25030
90	5400.00000	10.24168
90	5600.00000	10.24168
90	5800.00000	10.24168
90	6000.00000	10.24168
90	6200.00000	10.24955
90	6400.00000	10.24955
90	6600.00000	10.24955
90	6800.00000	10.24955
90	7000.00000	9.28312
90	7200.00000	9.28312
90	7400.00000	9.28312
90	7600.00000	9.28312
90	7800.00000	9.86570
90	8000.00000	9.86570
90	8200.00000	9.86570
90	8400.00000	9.86570
90	8600.00000	9.59724
90	8800.00000	9.59724
90	9000.00000	9.59724
90	9200.00000	9.59724
90	9400.00000	11.38002
90	9600.00000	11.38002
90	9800.00000	11.38002
90	10000.00000	9.06237
90	10200.00000	9.06237
90	10400.00000	9.06237
90	10600.00000	9.06237
90	10800.00000	9.00052
90	11000.00000	9.00052
90	11200.00000	9.00052
90	11400.00000	9.00052
90	11600.00000	10.39739
90	11800.00000	10.39739
90	12000.00000	10.39739
90	12200.00000	10.39739
90	12400.00000	10.42175
90	12600.00000	10.42175
90	12800.00000	10.42175
90	13000.00000	10.42175
90	13200.00000	10.55311
90	13400.00000	10.55311
90	13600.00000	10.55311
90	13800.00000	10.55311
90	14000.00000	8.13227
90	14200.00000	8.13227
90	14400.00000	8.13227
90	14600.00000	9.12352
90	14800.00000	9.12352
90	15000.00000	9.12352
90	15200.00000	9.12352
90	15400.00000	8.34534
90	15600.00000	8.34534
90	15800.00000	8.34534
90	16000.00000	8.34534
90	16200.00000	9.21438
90	16400.00000	9.21438
90	16600.00000	9.21438
90	16800.00000	9.21438
90	17000.00000	11.32810
90	17200.00000	11.32810
90	17400.00000	11.32810
90	17600.00000	11.32810
90	17800.00000	8.62853
90	18000.00000	8.62853
90	18200.00000	8.62853
90	18400.00000	8.62853
90	18600.00000	8.97787
90	18800.00000	8.97787
90	19000.00000	8.97787
90	19200.00000	10.35195
90	19400.00000	10.35195
90	19600.00000	10.35195
90	19800.00000	10.35195
90	20000.00000	10.21590
91	0.00000	11.40662
91	200.00000	11.40662
91	400.00000	11.40662
91	600.00000	11.40662
91	800.00000	13.87381
91	1000.00000	13.87381
91	1200.00000	13.87381
91	1400.00000	13.87381
91	1600.00000	10.79468
91	1800.00000	10.79468
91	2000.00000	10.79468
91	2200.00000	10.79468
91	2400.00000	12.17834
91	2600.00000	12.17834
91	2800.00000	12.17834
91	3000.00000	12.17834
91	3200.00000	10.06276
91	3400.00000	10.06276
91	3600.00000	10.06276
91	3800.00000	10.06276
91	4000.00000	12.45976
91	4200.00000	12.45976
91	4400.00000	12.45976
91	4600.00000	12.45976
91	4800.00000	10.48913
91	5000.00000	10.48913
91	5200.00000	10.48913
91	5400.00000	10.07208
91	5600.00000	10.07208
91	5800.00000	10.07208
91	6000.00000	10.07208
91	6200.00000	10.62892
91	6400.00000	10.62892
91	6600.00000	10.62892
91	6800.00000	10.62892
91	7000.00000	9.10482
91	7200.00000	9.10482
91	7400.00000	9.10482
91	7600.00000	9.10482
91	7800.00000	9.55725
91	8000.00000	9.55725
91	8200.00000	9.55725
91	8400.00000	9.55725
91	8600.00000	9.74630
91	8800.00000	9.74630
91	9000.00000	9.74630
91	9200.00000	9.74630
91	9400.00000	12.07830
91	9600.00000	12.07830
91	9800.00000	12.07830
91	10000.00000	9.13670
91	10200.00000	9.13670
91	10400.00000	9.13670
91	10600.00000	9.13670
91	10800.00000	9.38774
91	11000.00000	9.38774
91	11200.00000	9.38774
91	11400.00000	9.38774
91	11600.00000	12.29692
91	11800.00000	12.29692
91	12000.00000	12.29692
91	12200.00000	12.29692
91	12400.00000	10.51431
91	12600.00000	10.51431
91	12800.00000	10.51431
91	13000.00000	10.51431
91	13200.00000	9.04470
91	13400.00000	9.04470
91	13600.00000	9.04470
91	13800.00000	9.04470
91	14000.00000	8.60967
91	14200.00000	8.60967
91	14400.00000	8.60967
91	14600.00000	10.02416
91	14800.00000	10.02416
91	15000.00000	10.02416
91	15200.00000	10.02416
91	15400.00000	8.84924
91	15600.00000	8.84924
91	15800.00000	8.84924
91	16000.00000	8.84924
91	16200.00000	9.81824
91	16400.00000	9.81824
91	16600.00000	9.81824
91	16800.00000	9.81824
91	17000.00000	9.14271
91	17200.00000	9.14271
91	17400.00000	9.14271
91	17600.00000	9.14271
91	17800.00000	8.36703
91	18000.00000	8.36703
91	18200.00000	8.36703
91	18400.00000	8.36703
91	18600.00000	7.93073
91	18800.00000	7.93073
91	19000.00000	7.93073
91	19200.00000	9.56217
91	19400.00000	9.56217
91	19600.00000	9.56217
91	19800.00000	9.56217
91	20000.00000	9.59910
92	0.00000	11.48287
92	200.00000	11.48287
92	400.00000	11.48287
92	600.00000	11.48287
92	800.00000	13.65415
92	1000.00000	13.65415
92	1200.00000	13.65415
92	1400.00000	13.65415
92	1600.00000	10.65247
92	1800.00000	10.65247
92	2000.00000	10.65247
92	2200.00000	10.65247
92	2400.00000	11.95411
92	2600.00000	11.95411
92	2800.00000	11.95411
92	3000.00000	11.95411
92	3200.00000	10.09723
92	3400.00000	10.09723
92	3600.00000	10.09723
92	3800.00000	10.09723
92	4000.00000	11.40575
92	4200.00000	11.40575
92	4400.00000	11.40575
92	4600.00000	11.40575
92	4800.00000	10.75141
92	5000.00000	10.75141
92	5200.00000	10.75141
92	5400.00000	9.99277
92	5600.00000	9.99277
92	5800.00000	9.99277
92	6000.00000	9.99277
92	6200.00000	10.29198
92	6400.00000	10.29198
92	6600.00000	10.29198
92	6800.00000	10.29198
92	7000.00000	9.52540
92	7200.00000	9.52540
92	7400.00000	9.52540
92	7600.00000	9.52540
92	7800.00000	10.34265
92	8000.00000	10.34265
92	8200.00000	10.34265
92	8400.00000	10.34265
92	8600.00000	9.15691
92	8800.00000	9.15691
92	9000.00000	9.15691
92	9200.00000	9.15691
92	9400.00000	10.68501
92	9600.00000	10.68501
92	9800.00000	10.68501
92	10000.00000	9.12709
92	10200.00000	9.12709
92	10400.00000	9.12709
92	10600.00000	9.12709
92	10800.00000	9.23480
92	11000.00000	9.23480
92	11200.00000	9.23480
92	11400.00000	9.23480
92	11600.00000	10.83847
92	11800.00000	10.83847
92	12000.00000	10.83847
92	12200.00000	10.83847
92	12400.00000	10.92268
92	12600.00000	10.92268
92	12800.00000	10.92268
92	13000.00000	10.92268
92	13200.00000	9.84212
92	13400.00000	9.84212
92	13600.00000	9.84212
92	13800.00000	9.84212
92	14000.00000	8.45355
92	14200.00000	8.45355
92	14400.00000	8.45355
92	14600.00000	10.76020
92	14800.00000	10.76020
92	15000.00000	10.76020
92	15200.00000	10.76020
92	15400.00000	8.27049
92	15600.00000	8.27049
92	15800.00000	8.27049
92	16000.00000	8.27049
92	16200.00000	8.25991
92	16400.00000	8.25991
92	16600.00000	8.25991
92	16800.00000	8.25991
92	17000.00000	9.68035
92	17200.00000	9.68035
92	17400.00000	9.68035
92	17600.00000	9.68035
92	17800.00000	9.59560
92	18000.00000	9.59560
92	18200.00000	9.59560
92	18400.00000	9.59560
92	18600.00000	8.85596
92	18800.00000	8.85596
92	19000.00000	8.85596
92	19200.00000	8.55370
92	19400.00000	8.55370
92	19600.00000	8.55370
92	19800.00000	8.55370
92	20000.00000	9.50474
93	0.00000	11.37523
93	200.00000	11.37523
93	400.00000	11.37523
93	600.00000	11.37523
93	800.00000	14.33220
93	1000.00000	14.33220
93	1200.00000	14.33220
93	1400.00000	14.33220
93	1600.00000	10.80012
93	1800.00000	10.80012
93	2000.00000	10.80012
93	2200.00000	10.80012
93	2400.00000	12.13919
93	2600.00000	12.13919
93	2800.00000	12.13919
93	3000.00000	12.13919
93	3200.00000	9.95156
93	3400.00000	9.95156
93	3600.00000	9.95156
93	3800.00000	9.95156
93	4000.00000	11.87802
93	4200.00000	11.87802
93	4400.00000	11.87802
93	4600.00000	11.87802
93	4800.00000	10.78934
93	5000.00000	10.78934
93	5200.00000	10.78934
93	5400.00000	9.66820
93	5600.00000	9.66820
93	5800.00000	9.66820
93	6000.00000	9.66820
93	6200.00000	11.64979
93	6400.00000	11.64979
93	6600.00000	11.64979
93	6800.00000	11.64979
93	7000.00000	9.33183
93	7200.00000	9.33183
93	7400.00000	9.33183
93	7600.00000	9.33183
93	7800.00000	9.74046
93	8000.00000	9.74046
93	8200.00000	9.74046
93	8400.00000	9.74046
93	8600.00000	9.51739
93	8800.00000	9.51739
93	9000.00000	9.51739
93	9200.00000	9.51739
93	9400.00000	11.64345
93	9600.00000	11.64345
93	9800.00000	11.64345
93	10000.00000	9.12543
93	10200.00000	9.12543
93	10400.00000	9.12543
93	10600.00000	9.12543
93	10800.00000	9.33514
93	11000.00000	9.33514
93	11200.00000	9.33514
93	11400.00000	9.33514
93	11600.00000	11.34358
93	11800.00000	11.34358
93	12000.00000	11.34358
93	12200.00000	11.34358
93	12400.00000	11.40079
93	12600.00000	11.40079
93	12800.00000	11.40079
93	13000.00000	11.40079
93	13200.00000	11.45917
93	13400.00000	11.45917
93	13600.00000	11.45917
93	13800.00000	11.45917
93	14000.00000	8.99830
93	14200.00000	8.99830
93	14400.00000	8.99830
93	14600.00000	10.56823
93	14800.00000	10.56823
93	15000.00000	10.56823
93	15200.00000	10.56823
93	15400.00000	8.35684
93	15600.00000	8.35684
93	15800.00000	8.35684
93	16000.00000	8.35684
93	16200.00000	10.55116
93	16400.00000	10.55116
93	16600.00000	10.55116
93	16800.00000	10.55116
93	17000.00000	10.19862
93	17200.00000	10.19862
93	17400.00000	10.19862
93	17600.00000	10.19862
93	17800.00000	9.47667
93	18000.00000	9.47667
93	18200.00000	9.47667
93	18400.00000	9.47667
93	18600.00000	8.23967
93	18800.00000	8.23967
93	19000.00000	8.23967
93	19200.00000	9.60949
93	19400.00000	9.60949
93	19600.00000	9.60949
93	19800.00000	9.60949
93	20000.00000	8.40561
94	0.00000	11.41504
94	200.00000	11.41504
94	400.00000	11.41504
94	600.00000	11.41504
94	800.00000	13.60203
94	1000.00000	13.60203
94	1200.00000	13.60203
94	1400.00000	13.60203
94	1600.00000	10.80668
94	1800.00000	10.80668
94	2000.00000	10.80668
94	2200.00000	10.80668
94	2400.00000	12.04352
94	2600.00000	12.04352
94	2800.00000	12.04352
94	3000.00000	12.04352
94	3200.00000	10.17829
94	3400.00000	10.17829
94	3600.00000	10.17829
94	3800.00000	10.17829
94	4000.00000	11.27680
94	4200.00000	11.27680
94	4400.00000	11.27680
94	4600.00000	11.27680
94	4800.00000	10.60011
94	5000.00000	10.60011
94	5200.00000	10.60011
94	5400.00000	10.12191
94	5600.00000	10.12191
94	5800.00000	10.12191
94	6000.00000	10.12191
94	6200.00000	10.68098
94	6400.00000	10.68098
94	6600.00000	10.68098
94	6800.00000	10.68098
94	7000.00000	9.12032
94	7200.00000	9.12032
94	7400.00000	9.12032
94	7600.00000	9.12032
94	7800.00000	11.12892
94	8000.00000	11.12892
94	8200.00000	11.12892
94	8400.00000	11.12892
94	8600.00000	9.16315
94	8800.00000	9.16315
94	9000.00000	9.16315
94	9200.00000	9.16315
94	9400.00000	11.22708
94	9600.00000	11.22708
94	9800.00000	11.22708
94	10000.00000	9.21310
94	10200.00000	9.21310
94	10400.00000	9.21310
94	10600.00000	9.21310
94	10800.00000	9.13467
94	11000.00000	9.13467
94	11200.00000	9.13467
94	11400.00000	9.13467
94	11600.00000	11.24487
94	11800.00000	11.24487
94	12000.00000	11.24487
94	12200.00000	11.24487
94	12400.00000	12.61980
94	12600.00000	12.61980
94	12800.00000	12.61980
94	13000.00000	12.61980
94	13200.00000	11.12682
94	13400.00000	11.12682
94	13600.00000	11.12682
94	13800.00000	11.12682
94	14000.00000	8.37092
94	14200.00000	8.37092
94	14400.00000	8.37092
94	14600.00000	10.94687
94	14800.00000	10.94687
94	15000.00000	10.94687
94	15200.00000	10.94687
94	15400.00000	8.01725
94	15600.00000	8.01725
94	15800.00000	8.01725
94	16000.00000	8.01725
94	16200.00000	9.82339
94	16400.00000	9.82339
94	16600.00000	9.82339
94	16800.00000	9.82339
94	17000.00000	9.81167
94	17200.00000	9.81167
94	17400.00000	9.81167
94	17600.00000	9.81167
94	17800.00000	9.27232
94	18000.00000	9.27232
94	18200.00000	9.27232
94	18400.00000	9.27232
94	18600.00000	9.01988
94	18800.00000	9.01988
94	19000.00000	9.01988
94	19200.00000	8.09958
94	19400.00000	8.09958
94	19600.00000	8.09958
94	19800.00000	8.09958
94	20000.00000	8.57773
95	0.00000	11.47608
95	200.00000	11.47608
95	400.00000	11.47608
95	600.00000	11.47608
95	800.00000	15.39200
95	1000.00000	15.39200
95	1200.00000	15.39200
95	1400.00000	15.39200
95	1600.00000	10.62412
95	1800.00000	10.62412
95	2000.00000	10.62412
95	2200.00000	10.62412
95	2400.00000	11.88326
95	2600.00000	11.88326
95	2800.00000	11.88326
95	3000.00000	11.88326
95	3200.00000	9.99855
95	3400.00000	9.99855
95	3600.00000	9.99855
95	3800.00000	9.99855
95	4000.00000	11.32450
95	4200.00000	11.32450
95	4400.00000	11.32450
95	4600.00000	11.32450
95	4800.00000	10.59393
95	5000.00000	10.59393
95	5200.00000	10.59393
95	5400.00000	10.39573
95	5600.00000	10.39573
95	5800.00000	10.39573
95	6000.00000	10.39573
95	6200.00000	10.15673
95	6400.00000	10.15673
95	6600.00000	10.15673
95	6800.00000	10.15673
95	7000.00000	9.38850
95	7200.00000	9.38850
95	7400.00000	9.38850
95	7600.00000	9.38850
95	7800.00000	9.72698
95	8000.00000	9.72698
95	8200.00000	9.72698
95	8400.00000	9.72698
95	8600.00000	9.38718
95	8800.00000	9.38718
95	9000.00000	9.38718
95	9200.00000	9.38718
95	9400.00000	12.08343
95	9600.00000	12.08343
95	9800.00000	12.08343
95	10000.00000	9.22287
95	10200.00000	9.22287
95	10400.00000	9.22287
95	10600.00000	9.22287
95	10800.00000	9.52526
95	11000.00000	9.52526
95	11200.00000	9.52526
95	11400.00000	9.52526
95	11600.00000	10.64205
95	11800.00000	10.64205
95	12000.00000	10.64205
95	12200.00000	10.64205
95	12400.00000	11.64629
95	12600.00000	11.64629
95	12800.00000	11.64629
95	13000.00000	11.64629
95	13200.00000	10.90856
95	13400.00000	10.90856
95	13600.00000	10.90856
95	13800.00000	10.90856
95	14000.00000	9.19352
95	14200.00000	9.19352
95	14400.00000	9.19352
95	14600.00000	9.35943
95	14800.00000	9.35943
95	15000.00000	9.35943
95	15200.00000	9.35943
95	15400.00000	8.42054
95	15600.00000	8.42054
95	15800.00000	8.42054
95	16000.00000	8.42054
95	16200.00000	9.83102
95	16400.00000	9.83102
95	16600.00000	9.83102
95	16800.00000	9.83102
95	17000.00000	10.04887
95	17200.00000	10.04887
95	17400.00000	10.04887
95	17600.00000	10.04887
95	17800.00000	8.95264
95	18000.00000	8.95264
95	18200.00000	8.95264
95	18400.00000	8.95264
95	18600.00000	8.80109
95	18800.00000	8.80109
95	19000.00000	8.80109
95	19200.00000	9.47008
95	19400.00000	9.47008
95	19600.00000	9.47008
95	19800.00000	9.47008
95	20000.00000	9.23030
96	0.00000	11.40721
96	200.00000	11.40721
96	400.00000	11.40721
96	600.00000	11.40721
96	800.00000	14.19857
96	1000.00000	14.19857
96	1200.00000	14.19857
96	1400.00000	14.19857
96	1600.00000	10.71410
96	1800.00000	10.71410
96	2000.00000	10.71410
96	2200.00000	10.71410
96	2400.00000	12.03841
96	2600.00000	12.03841
96	2800.00000	12.03841
96	3000.00000	12.03841
96	3200.00000	10.02902
96	3400.00000	10.02902
96	3600.00000	10.02902
96	3800.00000	10.02902
96	4000.00000	12.57129
96	4200.00000	12.57129
96	4400.00000	12.57129
96	4600.00000	12.57129
96	4800.00000	10.36548
96	5000.00000	10.36548
96	5200.00000	10.36548
96	5400.00000	10.21193
96	5600.00000	10.21193
96	5800.00000	10.21193
96	6000.00000	10.21193
96	6200.00000	10.19301
96	6400.00000	10.19301
96	6600.00000	10.19301
96	6800.00000	10.19301
96	7000.00000	9.84471
96	7200.00000	9.84471
96	7400.00000	9.84471
96	7600.00000	9.84471
96	7800.00000	10.14452
96	8000.00000	10.14452
96	8200.00000	10.14452
96	8400.00000	10.14452
96	8600.00000	9.15586
96	8800.00000	9.15586
96	9000.00000	9.15586
96	9200.00000	9.15586
96	9400.00000	11.59469
96	9600.00000	11.59469
96	9800.00000	11.59469
96	10000.00000	9.27697
96	10200.00000	9.27697
96	10400.00000	9.27697
96	10600.00000	9.27697
96	10800.00000	8.97746
96	11000.00000	8.97746
96	11200.00000	8.97746
96	11400.00000	8.97746
96	11600.00000	10.95944
96	11800.00000	10.95944
96	12000.00000	10.95944
96	12200.00000	10.95944
96	12400.00000	10.96693
96	12600.00000	10.96693
96	12800.00000	10.96693
96	13000.00000	10.96693
96	13200.00000	10.73550
96	13400.00000	10.73550
96	13600.00000	10.73550
96	13800.00000	10.73550
96	14000.00000	8.86899
96	14200.00000	8.86899
96	14400.00000	8.86899
96	14600.00000	8.43742
96	14800.00000	8.43742
96	15000.00000	8.43742
96	15200.00000	8.43742
96	15400.00000	8.90281
96	15600.00000	8.90281
96	15800.00000	8.90281
96	16000.00000	8.90281
96	16200.00000	9.29518
96	16400.00000	9.29518
96	16600.00000	9.29518
96	16800.00000	9.29518
96	17000.00000	9.92872
96	17200.00000	9.92872
96	17400.00000	9.92872
96	17600.00000	9.92872
96	17800.00000	9.23347
96	18000.00000	9.23347
96	18200.00000	9.23347
96	18400.00000	9.23347
96	18600.00000	8.74797
96	18800.00000	8.74797
96	19000.00000	8.74797
96	19200.00000	10.21479
96	19400.00000	10.21479
96	19600.00000	10.21479
96	19800.00000	10.21479
96	20000.00000	8.53822
97	0.00000	11.47575
97	200.00000	11.47575
97	400.00000	11.47575
97	600.00000	11.47575
97	800.00000	13.58558
97	1000.00000	13.58558
97	1200.00000	13.58558
97	1400.00000	13.58558
97	1600.00000	10.81801
97	1800.00000	10.81801
97	2000.00000	10.81801
97	2200.00000	10.81801
97	2400.00000	11.97420
97	2600.00000	11.97420
97	2800.00000	11.97420
97	3000.00000	11.97420
97	3200.00000	9.99302
97	3400.00000	9.99302
97	3600.00000	9.99302
97	3800.00000	9.99302
97	4000.00000	12.15114
97	4200.00000	12.15114
97	4400.00000	12.15114
97	4600.00000	12.15114
97	4800.00000	10.44460
97	5000.00000	10.44460
97	5200.00000	10.44460
97	5400.00000	10.14648
97	5600.00000	10.14648
97	5800.00000	10.14648
97	6000.00000	10.14648
97	6200.00000	10.15793
97	6400.00000	10.15793
97	6600.00000	10.15793
97	6800.00000	10.15793
97	7000.00000	9.63515
97	7200.00000	9.63515
97	7400.00000	9.63515
97	7600.00000	9.63515
97	7800.00000	9.84575
97	8000.00000	9.84575
97	8200.00000	9.84575
97	8400.00000	9.84575
97	8600.00000	9.13232
97	8800.00000	9.13232
97	9000.00000	9.13232
97	9200.00000	9.13232
97	9400.00000	9.97175
97	9600.00000	9.97175
97	9800.00000	9.97175
97	10000.00000	9.61857
97	10200.00000	9.61857
97	10400.00000	9.61857
97	10600.00000	9.61857
97	10800.00000	9.12438
97	11000.00000	9.12438
97	11200.00000	9.12438
97	11400.00000	9.12438
97	11600.00000	11.05427
97	11800.00000	11.05427
97	12000.00000	11.05427
97	12200.00000	11.05427
97	12400.00000	11.28312
97	12600.00000	11.28312
97	12800.00000	11.28312
97	13000.00000	11.28312
97	13200.00000	9.91766
97	13400.00000	9.91766
97	13600.00000	9.91766
97	13800.00000	9.91766
97	14000.00000	8.65801
97	14200.00000	8.65801
97	14400.00000	8.65801
97	14600.00000	9.19958
97	14800.00000	9.19958
97	15000.00000	9.19958
97	15200.00000	9.19958
97	15400.00000	8.19701
97	15600.00000	8.19701
97	15800.00000	8.19701
97	16000.00000	8.19701
97	16200.00000	10.23711
97	16400.00000	10.23711
97	16600.00000	10.23711
97	16800.00000	10.23711
97	17000.00000	10.22513
97	17200.00000	10.22513
97	17400.00000	10.22513
97	17600.00000	10.22513
97	17800.00000	8.64773
97	18000.00000	8.64773
97	18200.00000	8.64773
97	18400.00000	8.64773
97	18600.00000	9.59413
97	18800.00000	9.59413
97	19000.00000	9.59413
97	19200.00000	9.23090
97	19400.00000	9.23090
97	19600.00000	9.23090
97	19800.00000	9.23090
97	20000.00000	8.03365
98	0.00000	11.46766
98	200.00000	11.46766
98	400.00000	11.46766
98	600.00000	11.46766
98	800.00000	14.23387
98	1000.00000	14.23387
98	1200.00000	14.23387
98	1400.00000	14.23387
98	1600.00000	10.81304
98	1800.00000	10.81304
98	2000.00000	10.81304
98	2200.00000	10.81304
98	2400.00000	11.70750
98	2600.00000	11.70750
98	2800.00000	11.70750
98	3000.00000	11.70750
98	3200.00000	10.29000
98	3400.00000	10.29000
98	3600.00000	10.29000
98	3800.00000	10.29000
98	4000.00000	11.18264
98	4200.00000	11.18264
98	4400.00000	11.18264
98	4600.00000	11.18264
98	4800.00000	10.91578
98	5000.00000	10.91578
98	5200.00000	10.91578
98	5400.00000	9.85421
98	5600.00000	9.85421
98	5800.00000	9.85421
98	6000.00000	9.85421
98	6200.00000	10.82436
98	6400.00000	10.82436
98	6600.00000	10.82436
98	6800.00000	10.82436
98	7000.00000	9.41842
98	7200.00000	9.41842
98	7400.00000	9.41842
98	7600.00000	9.41842
98	7800.00000	11.15925
98	8000.00000	11.15925
98	8200.00000	11.15925
98	8400.00000	11.15925
98	8600.00000	8.79732
98	8800.00000	8.79732
98	9000.00000	8.79732
98	9200.00000	8.79732
98	9400.00000	10.97035
98	9600.00000	10.97035
98	9800.00000	10.97035
98	10000.00000	9.45670
98	10200.00000	9.45670
98	10400.00000	9.45670
98	10600.00000	9.45670
98	10800.00000	9.41292
98	11000.00000	9.41292
98	11200.00000	9.41292
98	11400.00000	9.41292
98	11600.00000	10.90972
98	11800.00000	10.90972
98	12000.00000	10.90972
98	12200.00000	10.90972
98	12400.00000	10.92463
98	12600.00000	10.92463
98	12800.00000	10.92463
98	13000.00000	10.92463
98	13200.00000	9.16422
98	13400.00000	9.16422
98	13600.00000	9.16422
98	13800.00000	9.16422
98	14000.00000	8.63095
98	14200.00000	8.63095
98	14400.00000	8.63095
98	14600.00000	9.82028
98	14800.00000	9.82028
98	15000.00000	9.82028
98	15200.00000	9.82028
98	15400.00000	8.43863
98	15600.00000	8.43863
98	15800.00000	8.43863
98	16000.00000	8.43863
98	16200.00000	9.98486
98	16400.00000	9.98486
98	16600.00000	9.98486
98	16800.00000	9.98486
98	17000.00000	10.77262
98	17200.00000	10.77262
98	17400.00000	10.77262
98	17600.00000	10.77262
98	17800.00000	12.66969
98	18000.00000	12.66969
98	18200.00000	12.66969
98	18400.00000	12.66969
98	18600.00000	10.10041
98	18800.00000	10.10041
98	19000.00000	10.10041
98	19200.00000	9.50761
98	19400.00000	9.50761
98	19600.00000	9.50761
98	19800.00000	9.50761
98	20000.00000	8.77403
99	0.00000	11.46863
99	200.00000	11.46863
99	400.00000	11.46863
99	600.00000	11.46863
99	800.00000	13.74148
99	1000.00000	13.74148
99	1200.00000	13.74148
99	1400.00000	13.74148
99	1600.00000	10.85470
99	1800.00000	10.85470
99	2000.00000	10.85470
99	2200.00000	10.85470
99	2400.00000	11.57844
99	2600.00000	11.57844
99	2800.00000	11.57844
99	3000.00000	11.57844
99	3200.00000	10.22329
99	3400.00000	10.22329
99	3600.00000	10.22329
99	3800.00000	10.22329
99	4000.00000	11.51233
99	4200.00000	11.51233
99	4400.00000	11.51233
99	4600.00000	11.51233
99	4800.00000	10.84590
99	5000.00000	10.84590
99	5200.00000	10.84590
99	5400.00000	9.94170
99	5600.00000	9.94170
99	5800.00000	9.94170
99	6000.00000	9.94170
99	6200.00000	10.47438
99	6400.00000	10.47438
99	6600.00000	10.47438
99	6800.00000	10.47438
99	7000.00000	9.37653
99	7200.00000	9.37653
99	7400.00000	9.37653
99	7600.00000	9.37653
99	7800.00000	10.48378
99	8000.00000	10.48378
99	8200.00000	10.48378
99	8400.00000	10.48378
99	8600.00000	9.02390
99	8800.00000	9.02390
99	9000.00000	9.02390
99	9200.00000	9.02390
99	9400.00000	11.29513
99	9600.00000	11.29513
99	9800.00000	11.29513
99	10000.00000	9.23438
99	10200.00000	9.23438
99	10400.00000	9.23438
99	10600.00000	9.23438
99	10800.00000	9.02582
99	11000.00000	9.02582
99	11200.00000	9.02582
99	11400.00000	9.02582
99	11600.00000	10.87560
99	11800.00000	10.87560
99	12000.00000	10.87560
99	12200.00000	10.87560
99	12400.00000	10.73709
99	12600.00000	10.73709
99	12800.00000	10.73709
99	13000.00000	10.73709
99	13200.00000	9.83131
99	13400.00000	9.83131
99	13600.00000	9.83131
99	13800.00000	9.83131
99	14000.00000	9.08823
99	14200.00000	9.08823
99	14400.00000	9.08823
99	14600.00000	9.28772
99	14800.00000	9.28772
99	15000.00000	9.28772
99	15200.00000	9.28772
99	15400.00000	8.58584
99	15600.00000	8.58584
99	15800.00000	8.58584
99	16000.00000	8.58584
99	16200.00000	9.27014
99	16400.00000	9.27014
99	16600.00000	9.27014
99	16800.00000	9.27014
99	17000.00000	10.49590
99	17200.00000	10.49590
99	17400.00000	10.49590
99	17600.00000	10.49590
99	17800.00000	9.98992
99	18000.00000	9.98992
99	18200.00000	9.98992
99	18400.00000	9.98992
99	18600.00000	9.44538
99	18800.00000	9.44538
99	19000.00000	9.44538
99	19200.00000	9.19820
99	19400.00000	9.19820
99	19600.00000	9.19820
99	19800.00000	9.19820
99	20000.00000	8.43272
100	0.00000	11.48613
100	200.00000	11.48613
100	400.00000	11.48613
100	600.00000	11.48613
100	800.00000	14.18424
100	1000.00000	14.18424
100	1200.00000	14.18424
100	1400.00000	14.18424
100	1600.00000	10.83298
100	1800.00000	10.83298
100	2000.00000	10.83298
100	2200.00000	10.83298
100	2400.00000	11.44521
100	2600.00000	11.44521
100	2800.00000	11.44521
100	3000.00000	11.44521
100	3200.00000	10.10991
100	3400.00000	10.10991
100	3600.00000	10.10991
100	3800.00000	10.10991
100	4000.00000	11.62062
100	4200.00000	11.62062
100	4400.00000	11.62062
100	4600.00000	11.62062
100	4800.00000	10.60020
100	5000.00000	10.60020
100	5200.00000	10.60020
100	5400.00000	10.01439
100	5600.00000	10.01439
100	5800.00000	10.01439
100	6000.00000	10.01439
100	6200.00000	10.73423
100	6400.00000	10.73423
100	6600.00000	10.73423
100	6800.00000	10.73423
100	7000.00000	9.63016
100	7200.00000	9.63016
100	7400.00000	9.63016
100	7600.00000	9.63016
100	7800.00000	9.81894
100	8000.00000	9.81894
100	8200.00000	9.81894
100	8400.00000	9.81894
100	8600.00000	9.18136
100	8800.00000	9.18136
100	9000.00000	9.18136
100	9200.00000	9.18136
100	9400.00000	11.09213
100	9600.00000	11.09213
100	9800.00000	11.09213
100	10000.00000	9.56129
100	10200.00000	9.56129
100	10400.00000	9.56129
100	10600.00000	9.56129
100	10800.00000	9.43432
100	11000.00000	9.43432
100	11200.00000	9.43432
100	11400.00000	9.43432
100	11600.00000	9.98735
100	11800.00000	9.98735
100	12000.00000	9.98735
100	12200.00000	9.98735
100	12400.00000	11.40362
100	12600.00000	11.40362
100	12800.00000	11.40362
100	13000.00000	11.40362
100	13200.00000	10.60032
100	13400.00000	10.60032
100	13600.00000	10.60032
100	13800.00000	10.60032
100	14000.00000	9.34950
100	14200.00000	9.34950
100	14400.00000	9.34950
100	14600.00000	10.40861
100	14800.00000	10.40861
100	15000.00000	10.40861
100	15200.00000	10.40861
100	15400.00000	8.72956
100	15600.00000	8.72956
100	15800.00000	8.72956
100	16000.00000	8.72956
100	16200.00000	9.14688
100	16400.00000	9.14688
100	16600.00000	9.14688
100	16800.00000	9.14688
100	17000.00000	9.72813
100	17200.00000	9.72813
100	17400.00000	9.72813
100	17600.00000	9.72813
100	17800.00000	10.57958
100	18000.00000	10.57958
100	18200.00000	10.57958
100	18400.00000	10.57958
100	18600.00000	8.17283
100	18800.00000	8.17283
100	19000.00000	8.17283
100	19200.00000	8.21366
100	19400.00000	8.21366
100	19600.00000	8.21366
100	19800.00000	8.21366
100	20000.00000	9.53472
101	0.00000	11.28695
101	200.00000	11.28695
101	400.00000	11.28695
101	600.00000	11.28695
101	800.00000	14.19175
101	1000.00000	14.19175
101	1200.00000	14.19175
101	1400.00000	14.19175
101	1600.00000	10.85121
101	1800.00000	10.85121
101	2000.00000	10.85121
101	2200.00000	10.85121
101	2400.00000	11.34047
101	2600.00000	11.34047
101	2800.00000	11.34047
101	3000.00000	11.34047
101	3200.00000	10.28700
101	3400.00000	10.28700
101	3600.00000	10.28700
101	3800.00000	10.28700
101	4000.00000	11.50835
101	4200.00000	11.50835
101	4400.00000	11.50835
101	4600.00000	11.50835
101	4800.00000	10.49551
101	5000.00000	10.49551
101	5200.00000	10.49551
101	5400.00000	10.43885
101	5600.00000	10.43885
101	5800.00000	10.43885
101	6000.00000	10.43885
101	6200.00000	10.08452
101	6400.00000	10.08452
101	6600.00000	10.08452
101	6800.00000	10.08452
101	7000.00000	9.12029
101	7200.00000	9.12029
101	7400.00000	9.12029
101	7600.00000	9.12029
101	7800.00000	10.55305
101	8000.00000	10.55305
101	8200.00000	10.55305
101	8400.00000	10.55305
101	8600.00000	9.46461
101	8800.00000	9.46461
101	9000.00000	9.46461
101	9200.00000	9.46461
101	9400.00000	12.37462
101	9600.00000	12.37462
101	9800.00000	12.37462
101	10000.00000	10.13527
101	10200.00000	10.13527
101	10400.00000	10.13527
101	10600.00000	10.13527
101	10800.00000	9.22049
101	11000.00000	9.22049
101	11200.00000	9.22049
101	11400.00000	9.22049
101	11600.00000	10.95778
101	11800.00000	10.95778
101	12000.00000	10.95778
101	12200.00000	10.95778
101	12400.00000	11.57076
101	12600.00000	11.57076
101	12800.00000	11.57076
101	13000.00000	11.57076
101	13200.00000	9.49697
101	13400.00000	9.49697
101	13600.00000	9.49697
101	13800.00000	9.49697
101	14000.00000	8.76366
101	14200.00000	8.76366
101	14400.00000	8.76366
101	14600.00000	10.79308
101	14800.00000	10.79308
101	15000.00000	10.79308
101	15200.00000	10.79308
101	15400.00000	9.01741
101	15600.00000	9.01741
101	15800.00000	9.01741
101	16000.00000	9.01741
101	16200.00000	10.54476
101	16400.00000	10.54476
101	16600.00000	10.54476
101	16800.00000	10.54476
101	17000.00000	9.26294
101	17200.00000	9.26294
101	17400.00000	9.26294
101	17600.00000	9.26294
101	17800.00000	10.40641
101	18000.00000	10.40641
101	18200.00000	10.40641
101	18400.00000	10.40641
101	18600.00000	7.93323
101	18800.00000	7.93323
101	19000.00000	7.93323
101	19200.00000	10.03273
101	19400.00000	10.03273
101	19600.00000	10.03273
101	19800.00000	10.03273
101	20000.00000	8.12593
102	0.00000	11.40647
102	200.00000	11.40647
102	400.00000	11.40647
102	600.00000	11.40647
102	800.00000	14.59389
102	1000.00000	14.59389
102	1200.00000	14.59389
102	1400.00000	14.59389
102	1600.00000	10.99254
102	1800.00000	10.99254
102	2000.00000	10.99254
102	2200.00000	10.99254
102	2400.00000	11.19254
102	2600.00000	11.19254
102	2800.00000	11.19254
102	3000.00000	11.19254
102	3200.00000	10.33475
102	3400.00000	10.33475
102	3600.00000	10.33475
102	3800.00000	10.33475
102	4000.00000	11.41280
102	4200.00000	11.41280
102	4400.00000	11.41280
102	4600.00000	11.41280
102	4800.00000	10.32989
102	5000.00000	10.32989
102	5200.00000	10.32989
102	5400.00000	10.58697
102	5600.00000	10.58697
102	5800.00000	10.58697
102	6000.00000	10.58697
102	6200.00000	9.84581
102	6400.00000	9.84581
102	6600.00000	9.84581
102	6800.00000	9.84581
102	7000.00000	9.30211
102	7200.00000	9.30211
102	7400.00000	9.30211
102	7600.00000	9.30211
102	7800.00000	10.80364
102	8000.00000	10.80364
102	8200.00000	10.80364
102	8400.00000	10.80364
102	8600.00000	8.89534
102	8800.00000	8.89534
102	9000.00000	8.89534
102	9200.00000	8.89534
102	9400.00000	12.02221
102	9600.00000	12.02221
102	9800.00000	12.02221
102	10000.00000	10.28815
102	10200.00000	10.28815
102	10400.00000	10.28815
102	10600.00000	10.28815
102	10800.00000	8.58975
102	11000.00000	8.58975
102	11200.00000	8.58975
102	11400.00000	8.58975
102	11600.00000	11.33825
102	11800.00000	11.33825
102	12000.00000	11.33825
102	12200.00000	11.33825
102	12400.00000	11.57111
102	12600.00000	11.57111
102	12800.00000	11.57111
102	13000.00000	11.57111
102	13200.00000	9.66769
102	13400.00000	9.66769
102	13600.00000	9.66769
102	13800.00000	9.66769
102	14000.00000	8.52791
102	14200.00000	8.52791
102	14400.00000	8.52791
102	14600.00000	10.34744
102	14800.00000	10.34744
102	15000.00000	10.34744
102	15200.00000	10.34744
102	15400.00000	8.49973
102	15600.00000	8.49973
102	15800.00000	8.49973
102	16000.00000	8.49973
102	16200.00000	9.43524
102	16400.00000	9.43524
102	16600.00000	9.43524
102	16800.00000	9.43524
102	17000.00000	12.12207
102	17200.00000	12.12207
102	17400.00000	12.12207
102	17600.00000	12.12207
102	17800.00000	10.30188
102	18000.00000	10.30188
102	18200.00000	10.30188
102	18400.00000	10.30188
102	18600.00000	7.90136
102	18800.00000	7.90136
102	19000.00000	7.90136
102	19200.00000	9.15722
102	19400.00000	9.15722
102	19600.00000	9.15722
102	19800.00000	9.15722
102	20000.00000	8.99162
103	0.00000	11.60239
103	200.00000	11.60239
103	400.00000	11.60239
103	600.00000	11.60239
103	800.00000	13.08397
103	1000.00000	13.08397
103	1200.00000	13.08397
103	1400.00000	13.08397
103	1600.00000	10.84548
103	1800.00000	10.84548
103	2000.00000	10.84548
103	2200.00000	10.84548
103	2400.00000	11.08424
103	2600.00000	11.08424
103	2800.00000	11.08424
103	3000.00000	11.08424
103	3200.00000	10.48965
103	3400.00000	10.48965
103	3600.00000	10.48965
103	3800.00000	10.48965
103	4000.00000	11.27266
103	4200.00000	11.27266
103	4400.00000	11.27266
103	4600.00000	11.27266
103	4800.00000	10.74202
103	5000.00000	10.74202
103	5200.00000	10.74202
103	5400.00000	10.07487
103	5600.00000	10.07487
103	5800.00000	10.07487
103	6000.00000	10.07487
103	6200.00000	10.38037
103	6400.00000	10.38037
103	6600.00000	10.38037
103	6800.00000	10.38037
103	7000.00000	9.11872
103	7200.00000	9.11872
103	7400.00000	9.11872
103	7600.00000	9.11872
103	7800.00000	10.17667
103	8000.00000	10.17667
103	8200.00000	10.17667
103	8400.00000	10.17667
103	8600.00000	9.29014
103	8800.00000	9.29014
103	9000.00000	9.29014
103	9200.00000	9.29014
103	9400.00000	12.13865
103	9600.00000	12.13865
103	9800.00000	12.13865
103	10000.00000	9.47814
103	10200.00000	9.47814
103	10400.00000	9.47814
103	10600.00000	9.47814
103	10800.00000	9.19963
103	11000.00000	9.19963
103	11200.00000	9.19963
103	11400.00000	9.19963
103	11600.00000	10.95092
103	11800.00000	10.95092
103	12000.00000	10.95092
103	12200.00000	10.95092
103	12400.00000	10.64256
103	12600.00000	10.64256
103	12800.00000	10.64256
103	13000.00000	10.64256
103	13200.00000	9.91801
103	13400.00000	9.91801
103	13600.00000	9.91801
103	13800.00000	9.91801
103	14000.00000	8.30247
103	14200.00000	8.30247
103	14400.00000	8.30247
103	14600.00000	9.76118
103	14800.00000	9.76118
103	15000.00000	9.76118
103	15200.00000	9.76118
103	15400.00000	8.46474
103	15600.00000	8.46474
103	15800.00000	8.46474
103	16000.00000	8.46474
103	16200.00000	9.06666
103	16400.00000	9.06666
103	16600.00000	9.06666
103	16800.00000	9.06666
103	17000.00000	9.68818
103	17200.00000	9.68818
103	17400.00000	9.68818
103	17600.00000	9.68818
103	17800.00000	9.49495
103	18000.00000	9.49495
103	18200.00000	9.49495
103	18400.00000	9.49495
103	18600.00000	7.91246
103	18800.00000	7.91246
103	19000.00000	7.91246
103	19200.00000	8.36602
103	19400.00000	8.36602
103	19600.00000	8.36602
103	19800.00000	8.36602
103	20000.00000	8.72958
104	0.00000	11.44623
104	200.00000	11.44623
104	400.00000	11.44623
104	600.00000	11.44623
104	800.00000	14.05183
104	1000.00000	14.05183
104	1200.00000	14.05183
104	1400.00000	14.05183
104	1600.00000	10.98693
104	1800.00000	10.98693
104	2000.00000	10.98693
104	2200.00000	10.98693
104	2400.00000	11.10588
104	2600.00000	11.10588
104	2800.00000	11.10588
104	3000.00000	11.10588
104	3200.00000	10.38066
104	3400.00000	10.38066
104	3600.00000	10.38066
104	3800.00000	10.38066
104	4000.00000	11.47913
104	4200.00000	11.47913
104	4400.00000	11.47913
104	4600.00000	11.47913
104	4800.00000	10.35403
104	5000.00000	10.35403
104	5200.00000	10.35403
104	5400.00000	10.49431
104	5600.00000	10.49431
104	5800.00000	10.49431
104	6000.00000	10.49431
104	6200.00000	10.37194
104	6400.00000	10.37194
104	6600.00000	10.37194
104	6800.00000	10.37194
104	7000.00000	9.27052
104	7200.00000	9.27052
104	7400.00000	9.27052
104	7600.00000	9.27052
104	7800.00000	10.32542
104	8000.00000	10.32542
104	8200.00000	10.32542
104	8400.00000	10.32542
104	8600.00000	9.24507
104	8800.00000	9.24507
104	9000.00000	9.24507
104	9200.00000	9.24507
104	9400.00000	10.66515
104	9600.00000	10.66515
104	9800.00000	10.66515
104	10000.00000	10.19427
104	10200.00000	10.19427
104	10400.00000	10.19427
104	10600.00000	10.19427
104	10800.00000	9.13420
104	11000.00000	9.13420
104	11200.00000	9.13420
104	11400.00000	9.13420
104	11600.00000	11.38890
104	11800.00000	11.38890
104	12000.00000	11.38890
104	12200.00000	11.38890
104	12400.00000	12.21843
104	12600.00000	12.21843
104	12800.00000	12.21843
104	13000.00000	12.21843
104	13200.00000	10.24596
104	13400.00000	10.24596
104	13600.00000	10.24596
104	13800.00000	10.24596
104	14000.00000	8.75624
104	14200.00000	8.75624
104	14400.00000	8.75624
104	14600.00000	9.75306
104	14800.00000	9.75306
104	15000.00000	9.75306
104	15200.00000	9.75306
104	15400.00000	9.07446
104	15600.00000	9.07446
104	15800.00000	9.07446
104	16000.00000	9.07446
104	16200.00000	9.04599
104	16400.00000	9.04599
104	16600.00000	9.04599
104	16800.00000	9.04599
104	17000.00000	9.36866
104	17200.00000	9.36866
104	17400.00000	9.36866
104	17600.00000	9.36866
104	17800.00000	10.37853
104	18000.00000	10.37853
104	18200.00000	10.37853
104	18400.00000	10.37853
104	18600.00000	7.62421
104	18800.00000	7.62421
104	19000.00000	7.62421
104	19200.00000	10.51154
104	19400.00000	10.51154
104	19600.00000	10.51154
104	19800.00000	10.51154
104	20000.00000	9.66726
105	0.00000	11.60188
105	200.00000	11.60188
105	400.00000	11.60188
105	600.00000	11.60188
105	800.00000	14.07806
105	1000.00000	14.07806
105	1200.00000	14.07806
105	1400.00000	14.07806
105	1600.00000	11.02825
105	1800.00000	11.02825
105	2000.00000	11.02825
105	2200.00000	11.02825
105	2400.00000	11.16790
105	2600.00000	11.16790
105	2800.00000	11.16790
105	3000.00000	11.16790
105	3200.00000	10.22095
105	3400.00000	10.22095
105	3600.00000	10.22095
105	3800.00000	10.22095
105	4000.00000	11.66405
105	4200.00000	11.66405
105	4400.00000	11.66405
105	4600.00000	11.66405
105	4800.00000	10.50435
105	5000.00000	10.50435
105	5200.00000	10.50435
105	5400.00000	9.92875
105	5600.00000	9.92875
105	5800.00000	9.92875
105	6000.00000	9.92875
105	6200.00000	10.41284
105	6400.00000	10.41284
105	6600.00000	10.41284
105	6800.00000	10.41284
105	7000.00000	8.93188
105	7200.00000	8.93188
105	7400.00000	8.93188
105	7600.00000	8.93188
105	7800.00000	11.38277
105	8000.00000	11.38277
105	8200.00000	11.38277
105	8400.00000	11.38277
105	8600.00000	9.12154
105	8800.00000	9.12154
105	9000.00000	9.12154
105	9200.00000	9.12154
105	9400.00000	10.32434
105	9600.00000	10.32434
105	9800.00000	10.32434
105	10000.00000	10.49602
105	10200.00000	10.49602
105	10400.00000	10.49602
105	10600.00000	10.49602
105	10800.00000	8.96780
105	11000.00000	8.96780
105	11200.00000	8.96780
105	11400.00000	8.96780
105	11600.00000	11.56370
105	11800.00000	11.56370
105	12000.00000	11.56370
105	12200.00000	11.56370
105	12400.00000	10.54649
105	12600.00000	10.54649
105	12800.00000	10.54649
105	13000.00000	10.54649
105	13200.00000	10.44332
105	13400.00000	10.44332
105	13600.00000	10.44332
105	13800.00000	10.44332
105	14000.00000	8.09777
105	14200.00000	8.09777
105	14400.00000	8.09777
105	14600.00000	9.42631
105	14800.00000	9.42631
105	15000.00000	9.42631
105	15200.00000	9.42631
105	15400.00000	9.40183
105	15600.00000	9.40183
105	15800.00000	9.40183
105	16000.00000	9.40183
105	16200.00000	9.10227
105	16400.00000	9.10227
105	16600.00000	9.10227
105	16800.00000	9.10227
105	17000.00000	11.50316
105	17200.00000	11.50316
105	17400.00000	11.50316
105	17600.00000	11.50316
105	17800.00000	9.66088
105	18000.00000	9.66088
105	18200.00000	9.66088
105	18400.00000	9.66088
105	18600.00000	8.54970
105	18800.00000	8.54970
105	19000.00000	8.54970
105	19200.00000	9.29904
105	19400.00000	9.29904
105	19600.00000	9.29904
105	19800.00000	9.29904
105	20000.00000	9.25448
106	0.00000	11.52517
106	200.00000	11.52517
106	400.00000	11.52517
106	600.00000	11.52517
106	800.00000	13.84634
106	1000.00000	13.84634
106	1200.00000	13.84634
106	1400.00000	13.84634
106	1600.00000	10.98674
106	1800.00000	10.98674
106	2000.00000	10.98674
106	2200.00000	10.98674
106	2400.00000	11.02938
106	2600.00000	11.02938
106	2800.00000	11.02938
106	3000.00000	11.02938
106	3200.00000	10.30222
106	3400.00000	10.30222
106	3600.00000	10.30222
106	3800.00000	10.30222
106	4000.00000	11.41414
106	4200.00000	11.41414
106	4400.00000	11.41414
106	4600.00000	11.41414
106	4800.00000	10.95070
106	5000.00000	10.95070
106	5200.00000	10.95070
106	5400.00000	9.84109
106	5600.00000	9.84109
106	5800.00000	9.84109
106	6000.00000	9.84109
106	6200.00000	10.74430
106	6400.00000	10.74430
106	6600.00000	10.74430
106	6800.00000	10.74430
106	7000.00000	9.10702
106	7200.00000	9.10702
106	7400.00000	9.10702
106	7600.00000	9.10702
106	7800.00000	10.19844
106	8000.00000	10.19844
106	8200.00000	10.19844
106	8400.00000	10.19844
106	8600.00000	9.12107
106	8800.00000	9.12107
106	9000.00000	9.12107
106	9200.00000	9.12107
106	9400.00000	10.28074
106	9600.00000	10.28074
106	9800.00000	10.28074
106	10000.00000	9.44104
106	10200.00000	9.44104
106	10400.00000	9.44104
106	10600.00000	9.44104
106	10800.00000	9.08394
106	11000.00000	9.08394
106	11200.00000	9.08394
106	11400.00000	9.08394
106	11600.00000	11.71157
106	11800.00000	11.71157
106	12000.00000	11.71157
106	12200.00000	11.71157
106	12400.00000	11.16985
106	12600.00000	11.16985
106	12800.00000	11.16985
106	13000.00000	11.16985
106	13200.00000	9.85693
106	13400.00000	9.85693
106	13600.00000	9.85693
106	13800.00000	9.85693
106	14000.00000	8.47023
106	14200.00000	8.47023
106	14400.00000	8.47023
106	14600.00000	9.60063
106	14800.00000	9.60063
106	15000.00000	9.60063
106	15200.00000	9.60063
106	15400.00000	8.72154
106	15600.00000	8.72154
106	15800.00000	8.72154
106	16000.00000	8.72154
106	16200.00000	8.74285
106	16400.00000	8.74285
106	16600.00000	8.74285
106	16800.00000	8.74285
106	17000.00000	9.10341
106	17200.00000	9.10341
106	17400.00000	9.10341
106	17600.00000	9.10341
106	17800.00000	10.00257
106	18000.00000	10.00257
106	18200.00000	10.00257
106	18400.00000	10.00257
106	18600.00000	7.95707
106	18800.00000	7.95707
106	19000.00000	7.95707
106	19200.00000	9.17394
106	19400.00000	9.17394
106	19600.00000	9.17394
106	19800.00000	9.17394
106	20000.00000	8.42818
107	0.00000	11.44698
107	200.00000	11.44698
107	400.00000	11.44698
107	600.00000	11.44698
107	800.00000	14.01529
107	1000.00000	14.01529
107	1200.00000	14.01529
107	1400.00000	14.01529
107	1600.00000	10.93620
107	1800.00000	10.93620
107	2000.00000	10.93620
107	2200.00000	10.93620
107	2400.00000	11.40199
107	2600.00000	11.40199
107	2800.00000	11.40199
107	3000.00000	11.40199
107	3200.00000	10.30959
107	3400.00000	10.30959
107	3600.00000	10.30959
107	3800.00000	10.30959
107	4000.00000	11.50302
107	4200.00000	11.50302
107	4400.00000	11.50302
107	4600.00000	11.50302
107	4800.00000	11.50489
107	5000.00000	11.50489
107	5200.00000	11.50489
107	5400.00000	9.88915
107	5600.00000	9.88915
107	5800.00000	9.88915
107	6000.00000	9.88915
107	6200.00000	10.89943
107	6400.00000	10.89943
107	6600.00000	10.89943
107	6800.00000	10.89943
107	7000.00000	9.01885
107	7200.00000	9.01885
107	7400.00000	9.01885
107	7600.00000	9.01885
107	7800.00000	11.33642
107	8000.00000	11.33642
107	8200.00000	11.33642
107	8400.00000	11.33642
107	8600.00000	9.06209
107	8800.00000	9.06209
107	9000.00000	9.06209
107	9200.00000	9.06209
107	9400.00000	10.54066
107	9600.00000	10.54066
107	9800.00000	10.54066
107	10000.00000	10.05659
107	10200.00000	10.05659
107	10400.00000	10.05659
107	10600.00000	10.05659
107	10800.00000	8.84632
107	11000.00000	8.84632
107	11200.00000	8.84632
107	11400.00000	8.84632
107	11600.00000	10.72144
107	11800.00000	10.72144
107	12000.00000	10.72144
107	12200.00000	10.72144
107	12400.00000	11.84014
107	12600.00000	11.84014
107	12800.00000	11.84014
107	13000.00000	11.84014
107	13200.00000	10.48674
107	13400.00000	10.48674
107	13600.00000	10.48674
107	13800.00000	10.48674
107	14000.00000	8.83484
107	14200.00000	8.83484
107	14400.00000	8.83484
107	14600.00000	8.91176
107	14800.00000	8.91176
107	15000.00000	8.91176
107	15200.00000	8.91176
107	15400.00000	8.59258
107	15600.00000	8.59258
107	15800.00000	8.59258
107	16000.00000	8.59258
107	16200.00000	9.14261
107	16400.00000	9.14261
107	16600.00000	9.14261
107	16800.00000	9.14261
107	17000.00000	9.89239
107	17200.00000	9.89239
107	17400.00000	9.89239
107	17600.00000	9.89239
107	17800.00000	9.93493
107	18000.00000	9.93493
107	18200.00000	9.93493
107	18400.00000	9.93493
107	18600.00000	8.03150
107	18800.00000	8.03150
107	19000.00000	8.03150
107	19200.00000	8.85199
107	19400.00000	8.85199
107	19600.00000	8.85199
107	19800.00000	8.85199
107	20000.00000	8.89867
108	0.00000	11.46822
108	200.00000	11.46822
108	400.00000	11.46822
108	600.00000	11.46822
108	800.00000	13.95932
108	1000.00000	13.95932
108	1200.00000	13.95932
108	1400.00000	13.95932
108	1600.00000	10.89599
108	1800.00000	10.89599
108	2000.00000	10.89599
108	2200.00000	10.89599
108	2400.00000	11.48326
108	2600.00000	11.48326
108	2800.00000	11.48326
108	3000.00000	11.48326
108	3200.00000	10.17046
108	3400.00000	10.17046
108	3600.00000	10.17046
108	3800.00000	10.17046
108	4000.00000	11.69061
108	4200.00000	11.69061
108	4400.00000	11.69061
108	4600.00000	11.69061
108	4800.00000	11.01350
108	5000.00000	11.01350
108	5200.00000	11.01350
108	5400.00000	10.01620
108	5600.00000	10.01620
108	5800.00000	10.01620
108	6000.00000	10.01620
108	6200.00000	10.79003
108	6400.00000	10.79003
108	6600.00000	10.79003
108	6800.00000	10.79003
108	7000.00000	9.04093
108	7200.00000	9.04093
108	7400.00000	9.04093
108	7600.00000	9.04093
108	7800.00000	10.59659
108	8000.00000	10.59659
108	8200.00000	10.59659
108	8400.00000	10.59659
108	8600.00000	9.21294
108	8800.00000	9.21294
108	9000.00000	9.21294
108	9200.00000	9.21294
108	9400.00000	11.08447
108	9600.00000	11.08447
108	9800.00000	11.08447
108	10000.00000	9.73112
108	10200.00000	9.73112
108	10400.00000	9.73112
108	10600.00000	9.73112
108	10800.00000	8.77658
108	11000.00000	8.77658
108	11200.00000	8.77658
108	11400.00000	8.77658
108	11600.00000	12.17295
108	11800.00000	12.17295
108	12000.00000	12.17295
108	12200.00000	12.17295
108	12400.00000	11.33675
108	12600.00000	11.33675
108	12800.00000	11.33675
108	13000.00000	11.33675
108	13200.00000	12.15971
108	13400.00000	12.15971
108	13600.00000	12.15971
108	13800.00000	12.15971
108	14000.00000	8.72085
108	14200.00000	8.72085
108	14400.00000	8.72085
108	14600.00000	9.47514
108	14800.00000	9.47514
108	15000.00000	9.47514
108	15200.00000	9.47514
108	15400.00000	8.67402
108	15600.00000	8.67402
108	15800.00000	8.67402
108	16000.00000	8.67402
108	16200.00000	10.71669
108	16400.00000	10.71669
108	16600.00000	10.71669
108	16800.00000	10.71669
108	17000.00000	9.29687
108	17200.00000	9.29687
108	17400.00000	9.29687
108	17600.00000	9.29687
108	17800.00000	9.00857
108	18000.00000	9.00857
108	18200.00000	9.00857
108	18400.00000	9.00857
108	18600.00000	8.49403
108	18800.00000	8.49403
108	19000.00000	8.49403
108	19200.00000	9.23900
108	19400.00000	9.23900
108	19600.00000	9.23900
108	19800.00000	9.23900
108	20000.00000	9.67639
109	0.00000	11.63132
109	200.00000	11.63132
109	400.00000	11.63132
109	600.00000	11.63132
109	800.00000	13.81072
109	1000.00000	13.81072
109	1200.00000	13.81072
109	1400.00000	13.81072
109	1600.00000	10.75000
109	1800.00000	10.75000
109	2000.00000	10.75000
109	2200.00000	10.75000
109	2400.00000	11.63205
109	2600.00000	11.63205
109	2800.00000	11.63205
109	3000.00000	11.63205
109	3200.00000	10.35633
109	3400.00000	10.35633
109	3600.00000	10.35633
109	3800.00000	10.35633
109	4000.00000	10.94777
109	4200.00000	10.94777
109	4400.00000	10.94777
109	4600.00000	10.94777
109	4800.00000	12.30070
109	5000.00000	12.30070
109	5200.00000	12.30070
109	5400.00000	9.75883
109	5600.00000	9.75883
109	5800.00000	9.75883
109	6000.00000	9.75883
109	6200.00000	11.41188
109	6400.00000	11.41188
109	6600.00000	11.41188
109	6800.00000	11.41188
109	7000.00000	8.97413
109	7200.00000	8.97413
109	7400.00000	8.97413
109	7600.00000	8.97413
109	7800.00000	10.92194
109	8000.00000	10.92194
109	8200.00000	10.92194
109	8400.00000	10.92194
109	8600.00000	8.96282
109	8800.00000	8.96282
109	9000.00000	8.96282
109	9200.00000	8.96282
109	9400.00000	12.43842
109	9600.00000	12.43842
109	9800.00000	12.43842
109	10000.00000	9.99510
109	10200.00000	9.99510
109	10400.00000	9.99510
109	10600.00000	9.99510
109	10800.00000	8.70344
109	11000.00000	8.70344
109	11200.00000	8.70344
109	11400.00000	8.70344
109	11600.00000	11.64003
109	11800.00000	11.64003
109	12000.00000	11.64003
109	12200.00000	11.64003
109	12400.00000	11.08399
109	12600.00000	11.08399
109	12800.00000	11.08399
109	13000.00000	11.08399
109	13200.00000	10.43932
109	13400.00000	10.43932
109	13600.00000	10.43932
109	13800.00000	10.43932
109	14000.00000	8.44804
109	14200.00000	8.44804
109	14400.00000	8.44804
109	14600.00000	9.51233
109	14800.00000	9.51233
109	15000.00000	9.51233
109	15200.00000	9.51233
109	15400.00000	8.31302
109	15600.00000	8.31302
109	15800.00000	8.31302
109	16000.00000	8.31302
109	16200.00000	10.10964
109	16400.00000	10.10964
109	16600.00000	10.10964
109	16800.00000	10.10964
109	17000.00000	9.46364
109	17200.00000	9.46364
109	17400.00000	9.46364
109	17600.00000	9.46364
109	17800.00000	8.85705
109	18000.00000	8.85705
109	18200.00000	8.85705
109	18400.00000	8.85705
109	18600.00000	8.55140
109	18800.00000	8.55140
109	19000.00000	8.55140
109	19200.00000	8.66778
109	19400.00000	8.66778
109	19600.00000	8.66778
109	19800.00000	8.66778
109	20000.00000	9.33210
110	0.00000	11.35153
110	200.00000	11.35153
110	400.00000	11.35153
110	600.00000	11.35153
110	800.00000	14.89592
110	1000.00000	14.89592
110	1200.00000	14.89592
110	1400.00000	14.89592
110	1600.00000	10.74749
110	1800.00000	10.74749
110	2000.00000	10.74749
110	2200.00000	10.74749
110	2400.00000	11.90991
110	2600.00000	11.90991
110	2800.00000	11.90991
110	3000.00000	11.90991
110	3200.00000	10.24341
110	3400.00000	10.24341
110	3600.00000	10.24341
110	3800.00000	10.24341
110	4000.00000	11.07941
110	4200.00000	11.07941
110	4400.00000	11.07941
110	4600.00000	11.07941
110	4800.00000	11.31430
110	5000.00000	11.31430
110	5200.00000	11.31430
110	5400.00000	9.81467
110	5600.00000	9.81467
110	5800.00000	9.81467
110	6000.00000	9.81467
110	6200.00000	11.19593
110	6400.00000	11.19593
110	6600.00000	11.19593
110	6800.00000	11.19593
110	7000.00000	8.94625
110	7200.00000	8.94625
110	7400.00000	8.94625
110	7600.00000	8.94625
110	7800.00000	10.79375
110	8000.00000	10.79375
110	8200.00000	10.79375
110	8400.00000	10.79375
110	8600.00000	9.25850
110	8800.00000	9.25850
110	9000.00000	9.25850
110	9200.00000	9.25850
110	9400.00000	11.96192
110	9600.00000	11.96192
110	9800.00000	11.96192
110	10000.00000	9.78634
110	10200.00000	9.78634
110	10400.00000	9.78634
110	10600.00000	9.78634
110	10800.00000	8.55884
110	11000.00000	8.55884
110	11200.00000	8.55884
110	11400.00000	8.55884
110	11600.00000	10.87560
110	11800.00000	10.87560
110	12000.00000	10.87560
110	12200.00000	10.87560
110	12400.00000	10.67395
110	12600.00000	10.67395
110	12800.00000	10.67395
110	13000.00000	10.67395
110	13200.00000	10.12815
110	13400.00000	10.12815
110	13600.00000	10.12815
110	13800.00000	10.12815
110	14000.00000	8.62342
110	14200.00000	8.62342
110	14400.00000	8.62342
110	14600.00000	9.73148
110	14800.00000	9.73148
110	15000.00000	9.73148
110	15200.00000	9.73148
110	15400.00000	8.47258
110	15600.00000	8.47258
110	15800.00000	8.47258
110	16000.00000	8.47258
110	16200.00000	10.18263
110	16400.00000	10.18263
110	16600.00000	10.18263
110	16800.00000	10.18263
110	17000.00000	9.08203
110	17200.00000	9.08203
110	17400.00000	9.08203
110	17600.00000	9.08203
110	17800.00000	8.52105
110	18000.00000	8.52105
110	18200.00000	8.52105
110	18400.00000	8.52105
110	18600.00000	8.81604
110	18800.00000	8.81604
110	19000.00000	8.81604
110	19200.00000	10.07457
110	19400.00000	10.07457
110	19600.00000	10.07457
110	19800.00000	10.07457
110	20000.00000	10.95670
111	0.00000	11.49576
111	200.00000	11.49576
111	400.00000	11.49576
111	600.00000	11.49576
111	800.00000	13.27096
111	1000.00000	13.27096
111	1200.00000	13.27096
111	1400.00000	13.27096
111	1600.00000	10.92960
111	1800.00000	10.92960
111	2000.00000	10.92960
111	2200.00000	10.92960
111	2400.00000	11.42918
111	2600.00000	11.42918
111	2800.00000	11.42918
111	3000.00000	11.42918
111	3200.00000	10.23696
111	3400.00000	10.23696
111	3600.00000	10.23696
111	3800.00000	10.23696
111	4000.00000	11.17217
111	4200.00000	11.17217
111	4400.00000	11.17217
111	4600.00000	11.17217
111	4800.00000	10.71598
111	5000.00000	10.71598
111	5200.00000	10.71598
111	5400.00000	10.04581
111	5600.00000	10.04581
111	5800.00000	10.04581
111	6000.00000	10.04581
111	6200.00000	10.30634
111	6400.00000	10.30634
111	6600.00000	10.30634
111	6800.00000	10.30634
111	7000.00000	8.93831
111	7200.00000	8.93831
111	7400.00000	8.93831
111	7600.00000	8.93831
111	7800.00000	10.56252
111	8000.00000	10.56252
111	8200.00000	10.56252
111	8400.00000	10.56252
111	8600.00000	9.24887
111	8800.00000	9.24887
111	9000.00000	9.24887
111	9200.00000	9.24887
111	9400.00000	10.37108
111	9600.00000	10.37108
111	9800.00000	10.37108
111	10000.00000	9.73761
111	10200.00000	9.73761
111	10400.00000	9.73761
111	10600.00000	9.73761
111	10800.00000	9.04719
111	11000.00000	9.04719
111	11200.00000	9.04719
111	11400.00000	9.04719
111	11600.00000	11.44335
111	11800.00000	11.44335
111	12000.00000	11.44335
111	12200.00000	11.44335
111	12400.00000	10.67569
111	12600.00000	10.67569
111	12800.00000	10.67569
111	13000.00000	10.67569
111	13200.00000	10.10010
111	13400.00000	10.10010
111	13600.00000	10.10010
111	13800.00000	10.10010
111	14000.00000	8.95974
111	14200.00000	8.95974
111	14400.00000	8.95974
111	14600.00000	8.89074
111	14800.00000	8.89074
111	15000.00000	8.89074
111	15200.00000	8.89074
111	15400.00000	9.00998
111	15600.00000	9.00998
111	15800.00000	9.00998
111	16000.00000	9.00998
111	16200.00000	9.82748
111	16400.00000	9.82748
111	16600.00000	9.82748
111	16800.00000	9.82748
111	17000.00000	9.07760
111	17200.00000	9.07760
111	17400.00000	9.07760
111	17600.00000	9.07760
111	17800.00000	8.36167
111	18000.00000	8.36167
111	18200.00000	8.36167
111	18400.00000	8.36167
111	18600.00000	8.87149
111	18800.00000	8.87149
111	19000.00000	8.87149
111	19200.00000	10.03453
111	19400.00000	10.03453
111	19600.00000	10.03453
111	19800.00000	10.03453
111	20000.00000	10.33356
112	0.00000	11.53576
112	200.00000	11.53576
112	400.00000	11.53576
112	600.00000	11.53576
112	800.00000	13.96275
112	1000.00000	13.96275
112	1200.00000	13.96275
112	1400.00000	13.96275
112	1600.00000	10.71949
112	1800.00000	10.71949
112	2000.00000	10.71949
112	2200.00000	10.71949
112	2400.00000	11.57376
112	2600.00000	11.57376
112	2800.00000	11.57376
112	3000.00000	11.57376
112	3200.00000	10.14793
112	3400.00000	10.14793
112	3600.00000	10.14793
112	3800.00000	10.14793
112	4000.00000	11.52948
112	4200.00000	11.52948
112	4400.00000	11.52948
112	4600.00000	11.52948
112	4800.00000	10.32583
112	5000.00000	10.32583
112	5200.00000	10.32583
112	5400.00000	10.29343
112	5600.00000	10.29343
112	5800.00000	10.29343
112	6000.00000	10.29343
112	6200.00000	11.15895
112	6400.00000	11.15895
112	6600.00000	11.15895
112	6800.00000	11.15895
112	7000.00000	9.00238
112	7200.00000	9.00238
112	7400.00000	9.00238
112	7600.00000	9.00238
112	7800.00000	10.24726
112	8000.00000	10.24726
112	8200.00000	10.24726
112	8400.00000	10.24726
112	8600.00000	9.30732
112	8800.00000	9.30732
112	9000.00000	9.30732
112	9200.00000	9.30732
112	9400.00000	11.40542
112	9600.00000	11.40542
112	9800.00000	11.40542
112	10000.00000	10.68148
112	10200.00000	10.68148
112	10400.00000	10.68148
112	10600.00000	10.68148
112	10800.00000	8.53143
112	11000.00000	8.53143
112	11200.00000	8.53143
112	11400.00000	8.53143
112	11600.00000	11.93977
112	11800.00000	11.93977
112	12000.00000	11.93977
112	12200.00000	11.93977
112	12400.00000	11.31975
112	12600.00000	11.31975
112	12800.00000	11.31975
112	13000.00000	11.31975
112	13200.00000	9.57713
112	13400.00000	9.57713
112	13600.00000	9.57713
112	13800.00000	9.57713
112	14000.00000	8.46201
112	14200.00000	8.46201
112	14400.00000	8.46201
112	14600.00000	8.45568
112	14800.00000	8.45568
112	15000.00000	8.45568
112	15200.00000	8.45568
112	15400.00000	9.55015
112	15600.00000	9.55015
112	15800.00000	9.55015
112	16000.00000	9.55015
112	16200.00000	10.11172
112	16400.00000	10.11172
112	16600.00000	10.11172
112	16800.00000	10.11172
112	17000.00000	8.65793
112	17200.00000	8.65793
112	17400.00000	8.65793
112	17600.00000	8.65793
112	17800.00000	7.91360
112	18000.00000	7.91360
112	18200.00000	7.91360
112	18400.00000	7.91360
112	18600.00000	8.23771
112	18800.00000	8.23771
112	19000.00000	8.23771
112	19200.00000	9.21152
112	19400.00000	9.21152
112	19600.00000	9.21152
112	19800.00000	9.21152
112	20000.00000	8.58281
113	0.00000	11.55412
113	200.00000	11.55412
113	400.00000	11.55412
113	600.00000	11.55412
113	800.00000	14.44265
113	1000.00000	14.44265
113	1200.00000	14.44265
113	1400.00000	14.44265
113	1600.00000	11.00079
113	1800.00000	11.00079
113	2000.00000	11.00079
113	2200.00000	11.00079
113	2400.00000	11.51445
113	2600.00000	11.51445
113	2800.00000	11.51445
113	3000.00000	11.51445
113	3200.00000	10.09802
113	3400.00000	10.09802
113	3600.00000	10.09802
113	3800.00000	10.09802
113	4000.00000	11.87486
113	4200.00000	11.87486
113	4400.00000	11.87486
113	4600.00000	11.87486
113	4800.00000	10.68615
113	5000.00000	10.68615
113	5200.00000	10.68615
113	5400.00000	9.80893
113	5600.00000	9.80893
113	5800.00000	9.80893
113	6000.00000	9.80893
113	6200.00000	10.68079
113	6400.00000	10.68079
113	6600.00000	10.68079
113	6800.00000	10.68079
113	7000.00000	9.32238
113	7200.00000	9.32238
113	7400.00000	9.32238
113	7600.00000	9.32238
113	7800.00000	10.51661
113	8000.00000	10.51661
113	8200.00000	10.51661
113	8400.00000	10.51661
113	8600.00000	8.79929
113	8800.00000	8.79929
113	9000.00000	8.79929
113	9200.00000	8.79929
113	9400.00000	10.89374
113	9600.00000	10.89374
113	9800.00000	10.89374
113	10000.00000	10.25741
113	10200.00000	10.25741
113	10400.00000	10.25741
113	10600.00000	10.25741
113	10800.00000	8.90687
113	11000.00000	8.90687
113	11200.00000	8.90687
113	11400.00000	8.90687
113	11600.00000	10.47211
113	11800.00000	10.47211
113	12000.00000	10.47211
113	12200.00000	10.47211
113	12400.00000	10.92360
113	12600.00000	10.92360
113	12800.00000	10.92360
113	13000.00000	10.92360
113	13200.00000	10.02865
113	13400.00000	10.02865
113	13600.00000	10.02865
113	13800.00000	10.02865
113	14000.00000	8.96645
113	14200.00000	8.96645
113	14400.00000	8.96645
113	14600.00000	8.29727
113	14800.00000	8.29727
113	15000.00000	8.29727
113	15200.00000	8.29727
113	15400.00000	9.73768
113	15600.00000	9.73768
113	15800.00000	9.73768
113	16000.00000	9.73768
113	16200.00000	9.73370
113	16400.00000	9.73370
113	16600.00000	9.73370
113	16800.00000	9.73370
113	17000.00000	9.03497
113	17200.00000	9.03497
113	17400.00000	9.03497
113	17600.00000	9.03497
113	17800.00000	8.66286
113	18000.00000	8.66286
113	18200.00000	8.66286
113	18400.00000	8.66286
113	18600.00000	10.93076
113	18800.00000	10.93076
113	19000.00000	10.93076
113	19200.00000	11.21399
113	19400.00000	11.21399
113	19600.00000	11.21399
113	19800.00000	11.21399
113	20000.00000	10.03853
114	0.00000	11.45352
114	200.00000	11.45352
114	400.00000	11.45352
114	600.00000	11.45352
114	800.00000	14.12631
114	1000.00000	14.12631
114	1200.00000	14.12631
114	1400.00000	14.12631
114	1600.00000	10.80138
114	1800.00000	10.80138
114	2000.00000	10.80138
114	2200.00000	10.80138
114	2400.00000	11.41237
114	2600.00000	11.41237
114	2800.00000	11.41237
114	3000.00000	11.41237
114	3200.00000	10.23142
114	3400.00000	10.23142
114	3600.00000	10.23142
114	3800.00000	10.23142
114	4000.00000	11.24209
114	4200.00000	11.24209
114	4400.00000	11.24209
114	4600.00000	11.24209
114	4800.00000	10.83983
114	5000.00000	10.83983
114	5200.00000	10.83983
114	5400.00000	10.11594
114	5600.00000	10.11594
114	5800.00000	10.11594
114	6000.00000	10.11594
114	6200.00000	11.12803
114	6400.00000	11.12803
114	6600.00000	11.12803
114	6800.00000	11.12803
114	7000.00000	9.04741
114	7200.00000	9.04741
114	7400.00000	9.04741
114	7600.00000	9.04741
114	7800.00000	10.64580
114	8000.00000	10.64580
114	8200.00000	10.64580
114	8400.00000	10.64580
114	8600.00000	9.37295
114	8800.00000	9.37295
114	9000.00000	9.37295
114	9200.00000	9.37295
114	9400.00000	9.88507
114	9600.00000	9.88507
114	9800.00000	9.88507
114	10000.00000	10.53518
114	10200.00000	10.53518
114	10400.00000	10.53518
114	10600.00000	10.53518
114	10800.00000	8.91759
114	11000.00000	8.91759
114	11200.00000	8.91759
114	11400.00000	8.91759
114	11600.00000	11.36481
114	11800.00000	11.36481
114	12000.00000	11.36481
114	12200.00000	11.36481
114	12400.00000	10.88074
114	12600.00000	10.88074
114	12800.00000	10.88074
114	13000.00000	10.88074
114	13200.00000	10.37836
114	13400.00000	10.37836
114	13600.00000	10.37836
114	13800.00000	10.37836
114	14000.00000	9.26202
114	14200.00000	9.26202
114	14400.00000	9.26202
114	14600.00000	8.01046
114	14800.00000	8.01046
114	15000.00000	8.01046
114	15200.00000	8.01046
114	15400.00000	9.53031
114	15600.00000	9.53031
114	15800.00000	9.53031
114	16000.00000	9.53031
114	16200.00000	10.74380
114	16400.00000	10.74380
114	16600.00000	10.74380
114	16800.00000	10.74380
114	17000.00000	8.92296
114	17200.00000	8.92296
114	17400.00000	8.92296
114	17600.00000	8.92296
114	17800.00000	8.02937
114	18000.00000	8.02937
114	18200.00000	8.02937
114	18400.00000	8.02937
114	18600.00000	8.22671
114	18800.00000	8.22671
114	19000.00000	8.22671
114	19200.00000	8.40483
114	19400.00000	8.40483
114	19600.00000	8.40483
114	19800.00000	8.40483
114	20000.00000	9.16069
115	0.00000	11.58325
115	200.00000	11.58325
115	400.00000	11.58325
115	600.00000	11.58325
115	800.00000	14.20358
115	1000.00000	14.20358
115	1200.00000	14.20358
115	1400.00000	14.20358
115	1600.00000	10.80133
115	1800.00000	10.80133
115	2000.00000	10.80133
115	2200.00000	10.80133
115	2400.00000	12.03395
115	2600.00000	12.03395
115	2800.00000	12.03395
115	3000.00000	12.03395
115	3200.00000	9.94537
115	3400.00000	9.94537
115	3600.00000	9.94537
115	3800.00000	9.94537
115	4000.00000	11.73256
115	4200.00000	11.73256
115	4400.00000	11.73256
115	4600.00000	11.73256
115	4800.00000	10.63472
115	5000.00000	10.63472
115	5200.00000	10.63472
115	5400.00000	9.85818
115	5600.00000	9.85818
115	5800.00000	9.85818
115	6000.00000	9.85818
115	6200.00000	10.48131
115	6400.00000	10.48131
115	6600.00000	10.48131
115	6800.00000	10.48131
115	7000.00000	9.30805
115	7200.00000	9.30805
115	7400.00000	9.30805
115	7600.00000	9.30805
115	7800.00000	10.23128
115	8000.00000	10.23128
115	8200.00000	10.23128
115	8400.00000	10.23128
115	8600.00000	9.73853
115	8800.00000	9.73853
115	9000.00000	9.73853
115	9200.00000	9.73853
115	9400.00000	9.97918
115	9600.00000	9.97918
115	9800.00000	9.97918
115	10000.00000	10.91243
115	10200.00000	10.91243
115	10400.00000	10.91243
115	10600.00000	10.91243
115	10800.00000	8.96665
115	11000.00000	8.96665
115	11200.00000	8.96665
115	11400.00000	8.96665
115	11600.00000	10.51528
115	11800.00000	10.51528
115	12000.00000	10.51528
115	12200.00000	10.51528
115	12400.00000	12.32390
115	12600.00000	12.32390
115	12800.00000	12.32390
115	13000.00000	12.32390
115	13200.00000	10.55245
115	13400.00000	10.55245
115	13600.00000	10.55245
115	13800.00000	10.55245
115	14000.00000	9.42435
115	14200.00000	9.42435
115	14400.00000	9.42435
115	14600.00000	8.69440
115	14800.00000	8.69440
115	15000.00000	8.69440
115	15200.00000	8.69440
115	15400.00000	9.26492
115	15600.00000	9.26492
115	15800.00000	9.26492
115	16000.00000	9.26492
115	16200.00000	10.92497
115	16400.00000	10.92497
115	16600.00000	10.92497
115	16800.00000	10.92497
115	17000.00000	9.32362
115	17200.00000	9.32362
115	17400.00000	9.32362
115	17600.00000	9.32362
115	17800.00000	8.23122
115	18000.00000	8.23122
115	18200.00000	8.23122
115	18400.00000	8.23122
115	18600.00000	8.90754
115	18800.00000	8.90754
115	19000.00000	8.90754
115	19200.00000	10.95991
115	19400.00000	10.95991
115	19600.00000	10.95991
115	19800.00000	10.95991
115	20000.00000	10.24949
116	0.00000	11.62037
116	200.00000	11.62037
116	400.00000	11.62037
116	600.00000	11.62037
116	800.00000	13.87715
116	1000.00000	13.87715
116	1200.00000	13.87715
116	1400.00000	13.87715
116	1600.00000	10.73604
116	1800.00000	10.73604
116	2000.00000	10.73604
116	2200.00000	10.73604
116	2400.00000	12.09666
116	2600.00000	12.09666
116	2800.00000	12.09666
116	3000.00000	12.09666
116	3200.00000	10.10453
116	3400.00000	10.10453
116	3600.00000	10.10453
116	3800.00000	10.10453
116	4000.00000	11.17518
116	4200.00000	11.17518
116	4400.00000	11.17518
116	4600.00000	11.17518
116	4800.00000	11.13880
116	5000.00000	11.13880
116	5200.00000	11.13880
116	5400.00000	9.78094
116	5600.00000	9.78094
116	5800.00000	9.78094
116	6000.00000	9.78094
116	6200.00000	10.75264
116	6400.00000	10.75264
116	6600.00000	10.75264
116	6800.00000	10.75264
116	7000.00000	9.38104
116	7200.00000	9.38104
116	7400.00000	9.38104
116	7600.00000	9.38104
116	7800.00000	9.68780
116	8000.00000	9.68780
116	8200.00000	9.68780
116	8400.00000	9.68780
116	8600.00000	8.98350
116	8800.00000	8.98350
116	9000.00000	8.98350
116	9200.00000	8.98350
116	9400.00000	10.15781
116	9600.00000	10.15781
116	9800.00000	10.15781
116	10000.00000	9.84033
116	10200.00000	9.84033
116	10400.00000	9.84033
116	10600.00000	9.84033
116	10800.00000	8.96371
116	11000.00000	8.96371
116	11200.00000	8.96371
116	11400.00000	8.96371
116	11600.00000	10.51688
116	11800.00000	10.51688
116	12000.00000	10.51688
116	12200.00000	10.51688
116	12400.00000	11.99120
116	12600.00000	11.99120
116	12800.00000	11.99120
116	13000.00000	11.99120
116	13200.00000	10.36534
116	13400.00000	10.36534
116	13600.00000	10.36534
116	13800.00000	10.36534
116	14000.00000	9.84733
116	14200.00000	9.84733
116	14400.00000	9.84733
116	14600.00000	8.27186
116	14800.00000	8.27186
116	15000.00000	8.27186
116	15200.00000	8.27186
116	15400.00000	9.58930
116	15600.00000	9.58930
116	15800.00000	9.58930
116	16000.00000	9.58930
116	16200.00000	9.19577
116	16400.00000	9.19577
116	16600.00000	9.19577
116	16800.00000	9.19577
116	17000.00000	9.18632
116	17200.00000	9.18632
116	17400.00000	9.18632
116	17600.00000	9.18632
116	17800.00000	8.42902
116	18000.00000	8.42902
116	18200.00000	8.42902
116	18400.00000	8.42902
116	18600.00000	9.27641
116	18800.00000	9.27641
116	19000.00000	9.27641
116	19200.00000	11.07915
116	19400.00000	11.07915
116	19600.00000	11.07915
116	19800.00000	11.07915
116	20000.00000	11.58793
117	0.00000	11.50340
117	200.00000	11.50340
117	400.00000	11.50340
117	600.00000	11.50340
117	800.00000	13.52431
117	1000.00000	13.52431
117	1200.00000	13.52431
117	1400.00000	13.52431
117	1600.00000	10.85021
117	1800.00000	10.85021
117	2000.00000	10.85021
117	2200.00000	10.85021
117	2400.00000	11.62548
117	2600.00000	11.62548
117	2800.00000	11.62548
117	3000.00000	11.62548
117	3200.00000	10.09085
117	3400.00000	10.09085
117	3600.00000	10.09085
117	3800.00000	10.09085
117	4000.00000	11.76934
117	4200.00000	11.76934
117	4400.00000	11.76934
117	4600.00000	11.76934
117	4800.00000	10.55971
117	5000.00000	10.55971
117	5200.00000	10.55971
117	5400.00000	10.22006
117	5600.00000	10.22006
117	5800.00000	10.22006
117	6000.00000	10.22006
117	6200.00000	10.45148
117	6400.00000	10.45148
117	6600.00000	10.45148
117	6800.00000	10.45148
117	7000.00000	9.22851
117	7200.00000	9.22851
117	7400.00000	9.22851
117	7600.00000	9.22851
117	7800.00000	9.75262
117	8000.00000	9.75262
117	8200.00000	9.75262
117	8400.00000	9.75262
117	8600.00000	9.65973
117	8800.00000	9.65973
117	9000.00000	9.65973
117	9200.00000	9.65973
117	9400.00000	9.64996
117	9600.00000	9.64996
117	9800.00000	9.64996
117	10000.00000	10.01288
117	10200.00000	10.01288
117	10400.00000	10.01288
117	10600.00000	10.01288
117	10800.00000	8.72142
117	11000.00000	8.72142
117	11200.00000	8.72142
117	11400.00000	8.72142
117	11600.00000	11.62624
117	11800.00000	11.62624
117	12000.00000	11.62624
117	12200.00000	11.62624
117	12400.00000	10.28935
117	12600.00000	10.28935
117	12800.00000	10.28935
117	13000.00000	10.28935
117	13200.00000	10.53780
117	13400.00000	10.53780
117	13600.00000	10.53780
117	13800.00000	10.53780
117	14000.00000	8.63097
117	14200.00000	8.63097
117	14400.00000	8.63097
117	14600.00000	9.31161
117	14800.00000	9.31161
117	15000.00000	9.31161
117	15200.00000	9.31161
117	15400.00000	8.71008
117	15600.00000	8.71008
117	15800.00000	8.71008
117	16000.00000	8.71008
117	16200.00000	9.93305
117	16400.00000	9.93305
117	16600.00000	9.93305
117	16800.00000	9.93305
117	17000.00000	8.53485
117	17200.00000	8.53485
117	17400.00000	8.53485
117	17600.00000	8.53485
117	17800.00000	9.43084
117	18000.00000	9.43084
117	18200.00000	9.43084
117	18400.00000	9.43084
117	18600.00000	9.46816
117	18800.00000	9.46816
117	19000.00000	9.46816
117	19200.00000	10.22457
117	19400.00000	10.22457
117	19600.00000	10.22457
117	19800.00000	10.22457
117	20000.00000	10.08023
118	0.00000	11.46525
118	200.00000	11.46525
118	400.00000	11.46525
118	600.00000	11.46525
118	800.00000	13.14996
118	1000.00000	13.14996
118	1200.00000	13.14996
118	1400.00000	13.14996
118	1600.00000	10.96439
118	1800.00000	10.96439
118	2000.00000	10.96439
118	2200.00000	10.96439
118	2400.00000	11.43702
118	2600.00000	11.43702
118	2800.00000	11.43702
118	3000.00000	11.43702
118	3200.00000	10.08154
118	3400.00000	10.08154
118	3600.00000	10.08154
118	3800.00000	10.08154
118	4000.00000	11.83147
118	4200.00000	11.83147
118	4400.00000	11.83147
118	4600.00000	11.83147
118	4800.00000	10.58298
118	5000.00000	10.58298
118	5200.00000	10.58298
118	5400.00000	10.32765
118	5600.00000	10.32765
118	5800.00000	10.32765
118	6000.00000	10.32765
118	6200.00000	10.24441
118	6400.00000	10.24441
118	6600.00000	10.24441
118	6800.00000	10.24441
118	7000.00000	9.33220
118	7200.00000	9.33220
118	7400.00000	9.33220
118	7600.00000	9.33220
118	7800.00000	9.95025
118	8000.00000	9.95025
118	8200.00000	9.95025
118	8400.00000	9.95025
118	8600.00000	10.00336
118	8800.00000	10.00336
118	9000.00000	10.00336
118	9200.00000	10.00336
118	9400.00000	9.51356
118	9600.00000	9.51356
118	9800.00000	9.51356
118	10000.00000	9.69989
118	10200.00000	9.69989
118	10400.00000	9.69989
118	10600.00000	9.69989
118	10800.00000	8.68612
118	11000.00000	8.68612
118	11200.00000	8.68612
118	11400.00000	8.68612
118	11600.00000	10.60111
118	11800.00000	10.60111
118	12000.00000	10.60111
118	12200.00000	10.60111
118	12400.00000	11.71582
118	12600.00000	11.71582
118	12800.00000	11.71582
118	13000.00000	11.71582
118	13200.00000	11.07229
118	13400.00000	11.07229
118	13600.00000	11.07229
118	13800.00000	11.07229
118	14000.00000	9.07329
118	14200.00000	9.07329
118	14400.00000	9.07329
118	14600.00000	8.74540
118	14800.00000	8.74540
118	15000.00000	8.74540
118	15200.00000	8.74540
118	15400.00000	9.06403
118	15600.00000	9.06403
118	15800.00000	9.06403
118	16000.00000	9.06403
118	16200.00000	9.26061
118	16400.00000	9.26061
118	16600.00000	9.26061
118	16800.00000	9.26061
118	17000.00000	9.36667
118	17200.00000	9.36667
118	17400.00000	9.36667
118	17600.00000	9.36667
118	17800.00000	9.58258
118	18000.00000	9.58258
118	18200.00000	9.58258
118	18400.00000	9.58258
118	18600.00000	10.39113
118	18800.00000	10.39113
118	19000.00000	10.39113
118	19200.00000	10.70631
118	19400.00000	10.70631
118	19600.00000	10.70631
118	19800.00000	10.70631
118	20000.00000	8.42369
119	0.00000	11.55519
119	200.00000	11.55519
119	400.00000	11.55519
119	600.00000	11.55519
119	800.00000	13.44350
119	1000.00000	13.44350
119	1200.00000	13.44350
119	1400.00000	13.44350
119	1600.00000	10.87419
119	1800.00000	10.87419
119	2000.00000	10.87419
119	2200.00000	10.87419
119	2400.00000	11.95329
119	2600.00000	11.95329
119	2800.00000	11.95329
119	3000.00000	11.95329
119	3200.00000	9.96121
119	3400.00000	9.96121
119	3600.00000	9.96121
119	3800.00000	9.96121
119	4000.00000	11.87143
119	4200.00000	11.87143
119	4400.00000	11.87143
119	4600.00000	11.87143
119	4800.00000	10.61166
119	5000.00000	10.61166
119	5200.00000	10.61166
119	5400.00000	10.32959
119	5600.00000	10.32959
119	5800.00000	10.32959
119	6000.00000	10.32959
119	6200.00000	10.28544
119	6400.00000	10.28544
119	6600.00000	10.28544
119	6800.00000	10.28544
119	7000.00000	9.11964
119	7200.00000	9.11964
119	7400.00000	9.11964
119	7600.00000	9.11964
119	7800.00000	9.74626
119	8000.00000	9.74626
119	8200.00000	9.74626
119	8400.00000	9.74626
119	8600.00000	10.52374
119	8800.00000	10.52374
119	9000.00000	10.52374
119	9200.00000	10.52374
119	9400.00000	9.83442
119	9600.00000	9.83442
119	9800.00000	9.83442
119	10000.00000	9.87895
119	10200.00000	9.87895
119	10400.00000	9.87895
119	10600.00000	9.87895
119	10800.00000	9.12377
119	11000.00000	9.12377
119	11200.00000	9.12377
119	11400.00000	9.12377
119	11600.00000	9.28982
119	11800.00000	9.28982
119	12000.00000	9.28982
119	12200.00000	9.28982
119	12400.00000	10.38792
119	12600.00000	10.38792
119	12800.00000	10.38792
119	13000.00000	10.38792
119	13200.00000	9.98311
119	13400.00000	9.98311
119	13600.00000	9.98311
119	13800.00000	9.98311
119	14000.00000	9.09490
119	14200.00000	9.09490
119	14400.00000	9.09490
119	14600.00000	8.68829
119	14800.00000	8.68829
119	15000.00000	8.68829
119	15200.00000	8.68829
119	15400.00000	8.76533
119	15600.00000	8.76533
119	15800.00000	8.76533
119	16000.00000	8.76533
119	16200.00000	9.54502
119	16400.00000	9.54502
119	16600.00000	9.54502
119	16800.00000	9.54502
119	17000.00000	8.23875
119	17200.00000	8.23875
119	17400.00000	8.23875
119	17600.00000	8.23875
119	17800.00000	9.05043
119	18000.00000	9.05043
119	18200.00000	9.05043
119	18400.00000	9.05043
119	18600.00000	8.95204
119	18800.00000	8.95204
119	19000.00000	8.95204
119	19200.00000	9.85128
119	19400.00000	9.85128
119	19600.00000	9.85128
119	19800.00000	9.85128
119	20000.00000	9.39394
120	0.00000	11.55034
120	200.00000	11.55034
120	400.00000	11.55034
120	600.00000	11.55034
120	800.00000	13.48915
120	1000.00000	13.48915
120	1200.00000	13.48915
120	1400.00000	13.48915
120	1600.00000	10.98877
120	1800.00000	10.98877
120	2000.00000	10.98877
120	2200.00000	10.98877
120	2400.00000	11.65780
120	2600.00000	11.65780
120	2800.00000	11.65780
120	3000.00000	11.65780
120	3200.00000	10.08942
120	3400.00000	10.08942
120	3600.00000	10.08942
120	3800.00000	10.08942
120	4000.00000	11.49096
120	4200.00000	11.49096
120	4400.00000	11.49096
120	4600.00000	11.49096
120	4800.00000	10.40157
120	5000.00000	10.40157
120	5200.00000	10.40157
120	5400.00000	9.99554
120	5600.00000	9.99554
120	5800.00000	9.99554
120	6000.00000	9.99554
120	6200.00000	10.66113
120	6400.00000	10.66113
120	6600.00000	10.66113
120	6800.00000	10.66113
120	7000.00000	9.79908
120	7200.00000	9.79908
120	7400.00000	9.79908
120	7600.00000	9.79908
120	7800.00000	9.11901
120	8000.00000	9.11901
120	8200.00000	9.11901
120	8400.00000	9.11901
120	8600.00000	10.34038
120	8800.00000	10.34038
120	9000.00000	10.34038
120	9200.00000	10.34038
120	9400.00000	9.97988
120	9600.00000	9.97988
120	9800.00000	9.97988
120	10000.00000	9.03679
120	10200.00000	9.03679
120	10400.00000	9.03679
120	10600.00000	9.03679
120	10800.00000	9.68214
120	11000.00000	9.68214
120	11200.00000	9.68214
120	11400.00000	9.68214
120	11600.00000	10.33847
120	11800.00000	10.33847
120	12000.00000	10.33847
120	12200.00000	10.33847
120	12400.00000	12.59050
120	12600.00000	12.59050
120	12800.00000	12.59050
120	13000.00000	12.59050
120	13200.00000	10.54710
120	13400.00000	10.54710
120	13600.00000	10.54710
120	13800.00000	10.54710
120	14000.00000	9.01437
120	14200.00000	9.01437
120	14400.00000	9.01437
120	14600.00000	8.95698
120	14800.00000	8.95698
120	15000.00000	8.95698
120	15200.00000	8.95698
120	15400.00000	8.29001
120	15600.00000	8.29001
120	15800.00000	8.29001
120	16000.00000	8.29001
120	16200.00000	9.50718
120	16400.00000	9.50718
120	16600.00000	9.50718
120	16800.00000	9.50718
120	17000.00000	8.84545
120	17200.00000	8.84545
120	17400.00000	8.84545
120	17600.00000	8.84545
120	17800.00000	9.00180
120	18000.00000	9.00180
120	18200.00000	9.00180
120	18400.00000	9.00180
120	18600.00000	9.16949
120	18800.00000	9.16949
120	19000.00000	9.16949
120	19200.00000	9.20725
120	19400.00000	9.20725
120	19600.00000	9.20725
120	19800.00000	9.20725
120	20000.00000	8.36955
121	0.00000	11.40807
121	200.00000	11.40807
121	400.00000	11.40807
121	600.00000	11.40807
121	800.00000	13.77277
121	1000.00000	13.77277
121	1200.00000	13.77277
121	1400.00000	13.77277
121	1600.00000	10.80876
121	1800.00000	10.80876
121	2000.00000	10.80876
121	2200.00000	10.80876
121	2400.00000	11.55029
121	2600.00000	11.55029
121	2800.00000	11.55029
121	3000.00000	11.55029
121	3200.00000	10.25945
121	3400.00000	10.25945
121	3600.00000	10.25945
121	3800.00000	10.25945
121	4000.00000	11.83814
121	4200.00000	11.83814
121	4400.00000	11.83814
121	4600.00000	11.83814
121	4800.00000	10.35508
121	5000.00000	10.35508
121	5200.00000	10.35508
121	5400.00000	10.39970
121	5600.00000	10.39970
121	5800.00000	10.39970
121	6000.00000	10.39970
121	6200.00000	10.37334
121	6400.00000	10.37334
121	6600.00000	10.37334
121	6800.00000	10.37334
121	7000.00000	9.69433
121	7200.00000	9.69433
121	7400.00000	9.69433
121	7600.00000	9.69433
121	7800.00000	9.52573
121	8000.00000	9.52573
121	8200.00000	9.52573
121	8400.00000	9.52573
121	8600.00000	10.28828
121	8800.00000	10.28828
121	9000.00000	10.28828
121	9200.00000	10.28828
121	9400.00000	9.57033
121	9600.00000	9.57033
121	9800.00000	9.57033
121	10000.00000	9.15000
121	10200.00000	9.15000
121	10400.00000	9.15000
121	10600.00000	9.15000
121	10800.00000	9.60995
121	11000.00000	9.60995
121	11200.00000	9.60995
121	11400.00000	9.60995
121	11600.00000	10.62434
121	11800.00000	10.62434
121	12000.00000	10.62434
121	12200.00000	10.62434
121	12400.00000	10.37083
121	12600.00000	10.37083
121	12800.00000	10.37083
121	13000.00000	10.37083
121	13200.00000	9.46188
121	13400.00000	9.46188
121	13600.00000	9.46188
121	13800.00000	9.46188
121	14000.00000	9.12975
121	14200.00000	9.12975
121	14400.00000	9.12975
121	14600.00000	8.85917
121	14800.00000	8.85917
121	15000.00000	8.85917
121	15200.00000	8.85917
121	15400.00000	8.91043
121	15600.00000	8.91043
121	15800.00000	8.91043
121	16000.00000	8.91043
121	16200.00000	9.52820
121	16400.00000	9.52820
121	16600.00000	9.52820
121	16800.00000	9.52820
121	17000.00000	9.51213
121	17200.00000	9.51213
121	17400.00000	9.51213
121	17600.00000	9.51213
121	17800.00000	9.45341
121	18000.00000	9.45341
121	18200.00000	9.45341
121	18400.00000	9.45341
121	18600.00000	8.84604
121	18800.00000	8.84604
121	19000.00000	8.84604
121	19200.00000	9.06934
121	19400.00000	9.06934
121	19600.00000	9.06934
121	19800.00000	9.06934
121	20000.00000	8.65203
122	0.00000	11.56988
122	200.00000	11.56988
122	400.00000	11.56988
122	600.00000	11.56988
122	800.00000	13.46778
122	1000.00000	13.46778
122	1200.00000	13.46778
122	1400.00000	13.46778
122	1600.00000	10.89941
122	1800.00000	10.89941
122	2000.00000	10.89941
122	2200.00000	10.89941
122	2400.00000	11.22842
122	2600.00000	11.22842
122	2800.00000	11.22842
122	3000.00000	11.22842
122	3200.00000	10.24586
122	3400.00000	10.24586
122	3600.00000	10.24586
122	3800.00000	10.24586
122	4000.00000	11.47192
122	4200.00000	11.47192
122	4400.00000	11.47192
122	4600.00000	11.47192
122	4800.00000	10.43295
122	5000.00000	10.43295
122	5200.00000	10.43295
122	5400.00000	10.21473
122	5600.00000	10.21473
122	5800.00000	10.21473
122	6000.00000	10.21473
122	6200.00000	10.85713
122	6400.00000	10.85713
122	6600.00000	10.85713
122	6800.00000	10.85713
122	7000.00000	9.58784
122	7200.00000	9.58784
122	7400.00000	9.58784
122	7600.00000	9.58784
122	7800.00000	9.65422
122	8000.00000	9.65422
122	8200.00000	9.65422
122	8400.00000	9.65422
122	8600.00000	10.35098
122	8800.00000	10.35098
122	9000.00000	10.35098
122	9200.00000	10.35098
122	9400.00000	9.40372
122	9600.00000	9.40372
122	9800.00000	9.40372
122	10000.00000	9.13092
122	10200.00000	9.13092
122	10400.00000	9.13092
122	10600.00000	9.13092
122	10800.00000	9.39563
122	11000.00000	9.39563
122	11200.00000	9.39563
122	11400.00000	9.39563
122	11600.00000	9.96249
122	11800.00000	9.96249
122	12000.00000	9.96249
122	12200.00000	9.96249
122	12400.00000	11.36724
122	12600.00000	11.36724
122	12800.00000	11.36724
122	13000.00000	11.36724
122	13200.00000	9.92717
122	13400.00000	9.92717
122	13600.00000	9.92717
122	13800.00000	9.92717
122	14000.00000	9.40232
122	14200.00000	9.40232
122	14400.00000	9.40232
122	14600.00000	8.42952
122	14800.00000	8.42952
122	15000.00000	8.42952
122	15200.00000	8.42952
122	15400.00000	9.41813
122	15600.00000	9.41813
122	15800.00000	9.41813
122	16000.00000	9.41813
122	16200.00000	9.11716
122	16400.00000	9.11716
122	16600.00000	9.11716
122	16800.00000	9.11716
122	17000.00000	9.52849
122	17200.00000	9.52849
122	17400.00000	9.52849
122	17600.00000	9.52849
122	17800.00000	9.77364
122	18000.00000	9.77364
122	18200.00000	9.77364
122	18400.00000	9.77364
122	18600.00000	9.59055
122	18800.00000	9.59055
122	19000.00000	9.59055
122	19200.00000	8.84453
122	19400.00000	8.84453
122	19600.00000	8.84453
122	19800.00000	8.84453
122	20000.00000	9.17954
123	0.00000	11.48122
123	200.00000	11.48122
123	400.00000	11.48122
123	600.00000	11.48122
123	800.00000	13.94351
123	1000.00000	13.94351
123	1200.00000	13.94351
123	1400.00000	13.94351
123	1600.00000	10.86473
123	1800.00000	10.86473
123	2000.00000	10.86473
123	2200.00000	10.86473
123	2400.00000	11.35216
123	2600.00000	11.35216
123	2800.00000	11.35216
123	3000.00000	11.35216
123	3200.00000	10.32683
123	3400.00000	10.32683
123	3600.00000	10.32683
123	3800.00000	10.32683
123	4000.00000	11.47350
123	4200.00000	11.47350
123	4400.00000	11.47350
123	4600.00000	11.47350
123	4800.00000	10.60037
123	5000.00000	10.60037
123	5200.00000	10.60037
123	5400.00000	10.40491
123	5600.00000	10.40491
123	5800.00000	10.40491
123	6000.00000	10.40491
123	6200.00000	10.58342
123	6400.00000	10.58342
123	6600.00000	10.58342
123	6800.00000	10.58342
123	7000.00000	9.30826
123	7200.00000	9.30826
123	7400.00000	9.30826
123	7600.00000	9.30826
123	7800.00000	9.37146
123	8000.00000	9.37146
123	8200.00000	9.37146
123	8400.00000	9.37146
123	8600.00000	9.59383
123	8800.00000	9.59383
123	9000.00000	9.59383
123	9200.00000	9.59383
123	9400.00000	9.75464
123	9600.00000	9.75464
123	9800.00000	9.75464
123	10000.00000	9.87458
123	10200.00000	9.87458
123	10400.00000	9.87458
123	10600.00000	9.87458
123	10800.00000	9.21113
123	11000.00000	9.21113
123	11200.00000	9.21113
123	11400.00000	9.21113
123	11600.00000	11.07392
123	11800.00000	11.07392
123	12000.00000	11.07392
123	12200.00000	11.07392
123	12400.00000	10.93178
123	12600.00000	10.93178
123	12800.00000	10.93178
123	13000.00000	10.93178
123	13200.00000	10.40890
123	13400.00000	10.40890
123	13600.00000	10.40890
123	13800.00000	10.40890
123	14000.00000	9.44145
123	14200.00000	9.44145
123	14400.00000	9.44145
123	14600.00000	9.87242
123	14800.00000	9.87242
123	15000.00000	9.87242
123	15200.00000	9.87242
123	15400.00000	8.20856
123	15600.00000	8.20856
123	15800.00000	8.20856
123	16000.00000	8.20856
123	16200.00000	8.69505
123	16400.00000	8.69505
123	16600.00000	8.69505
123	16800.00000	8.69505
123	17000.00000	9.40414
123	17200.00000	9.40414
123	17400.00000	9.40414
123	17600.00000	9.40414
123	17800.00000	9.48063
123	18000.00000	9.48063
123	18200.00000	9.48063
123	18400.00000	9.48063
123	18600.00000	10.94807
123	18800.00000	10.94807
123	19000.00000	10.94807
123	19200.00000	9.12860
123	19400.00000	9.12860
123	19600.00000	9.12860
123	19800.00000	9.12860
123	20000.00000	8.59872
124	0.00000	11.49485
124	200.00000	11.49485
124	400.00000	11.49485
124	600.00000	11.49485
124	800.00000	13.60584
124	1000.00000	13.60584
124	1200.00000	13.60584
124	1400.00000	13.60584
124	1600.00000	11.05341
124	1800.00000	11.05341
124	2000.00000	11.05341
124	2200.00000	11.05341
124	2400.00000	11.23279
124	2600.00000	11.23279
124	2800.00000	11.23279
124	3000.00000	11.23279
124	3200.00000	10.19856
124	3400.00000	10.19856
124	3600.00000	10.19856
124	3800.00000	10.19856
124	4000.00000	11.33272
124	4200.00000	11.33272
124	4400.00000	11.33272
124	4600.00000	11.33272
124	4800.00000	10.97795
124	5000.00000	10.97795
124	5200.00000	10.97795
124	5400.00000	9.92069
124	5600.00000	9.92069
124	5800.00000	9.92069
124	6000.00000	9.92069
124	6200.00000	10.58980
124	6400.00000	10.58980
124	6600.00000	10.58980
124	6800.00000	10.58980
124	7000.00000	9.72859
124	7200.00000	9.72859
124	7400.00000	9.72859
124	7600.00000	9.72859
124	7800.00000	9.51348
124	8000.00000	9.51348
124	8200.00000	9.51348
124	8400.00000	9.51348
124	8600.00000	9.53754
124	8800.00000	9.53754
124	9000.00000	9.53754
124	9200.00000	9.53754
124	9400.00000	10.41685
124	9600.00000	10.41685
124	9800.00000	10.41685
124	10000.00000	9.19870
124	10200.00000	9.19870
124	10400.00000	9.19870
124	10600.00000	9.19870
124	10800.00000	9.31275
124	11000.00000	9.31275
124	11200.00000	9.31275
124	11400.00000	9.31275
124	11600.00000	10.53793
124	11800.00000	10.53793
124	12000.00000	10.53793
124	12200.00000	10.53793
124	12400.00000	10.96478
124	12600.00000	10.96478
124	12800.00000	10.96478
124	13000.00000	10.96478
124	13200.00000	10.07465
124	13400.00000	10.07465
124	13600.00000	10.07465
124	13800.00000	10.07465
124	14000.00000	8.49135
124	14200.00000	8.49135
124	14400.00000	8.49135
124	14600.00000	9.62475
124	14800.00000	9.62475
124	15000.00000	9.62475
124	15200.00000	9.62475
124	15400.00000	8.02313
124	15600.00000	8.02313
124	15800.00000	8.02313
124	16000.00000	8.02313
124	16200.00000	9.12097
124	16400.00000	9.12097
124	16600.00000	9.12097
124	16800.00000	9.12097
124	17000.00000	10.05980
124	17200.00000	10.05980
124	17400.00000	10.05980
124	17600.00000	10.05980
124	17800.00000	9.93367
124	18000.00000	9.93367
124	18200.00000	9.93367
124	18400.00000	9.93367
124	18600.00000	9.32814
124	18800.00000	9.32814
124	19000.00000	9.32814
124	19200.00000	9.40448
124	19400.00000	9.40448
124	19600.00000	9.40448
124	19800.00000	9.40448
124	20000.00000	8.44765
125	0.00000	11.61304
125	200.00000	11.61304
125	400.00000	11.61304
125	600.00000	11.61304
125	800.00000	13.09630
125	1000.00000	13.09630
125	1200.00000	13.09630
125	1400.00000	13.09630
125	1600.00000	10.91771
125	1800.00000	10.91771
125	2000.00000	10.91771
125	2200.00000	10.91771
125	2400.00000	11.32701
125	2600.00000	11.32701
125	2800.00000	11.32701
125	3000.00000	11.32701
125	3200.00000	10.18398
125	3400.00000	10.18398
125	3600.00000	10.18398
125	3800.00000	10.18398
125	4000.00000	11.54829
125	4200.00000	11.54829
125	4400.00000	11.54829
125	4600.00000	11.54829
125	4800.00000	10.73422
125	5000.00000	10.73422
125	5200.00000	10.73422
125	5400.00000	9.93918
125	5600.00000	9.93918
125	5800.00000	9.93918
125	6000.00000	9.93918
125	6200.00000	10.63614
125	6400.00000	10.63614
125	6600.00000	10.63614
125	6800.00000	10.63614
125	7000.00000	9.25375
125	7200.00000	9.25375
125	7400.00000	9.25375
125	7600.00000	9.25375
125	7800.00000	9.44147
125	8000.00000	9.44147
125	8200.00000	9.44147
125	8400.00000	9.44147
125	8600.00000	9.91408
125	8800.00000	9.91408
125	9000.00000	9.91408
125	9200.00000	9.91408
125	9400.00000	9.82549
125	9600.00000	9.82549
125	9800.00000	9.82549
125	10000.00000	9.09216
125	10200.00000	9.09216
125	10400.00000	9.09216
125	10600.00000	9.09216
125	10800.00000	9.23547
125	11000.00000	9.23547
125	11200.00000	9.23547
125	11400.00000	9.23547
125	11600.00000	10.22066
125	11800.00000	10.22066
125	12000.00000	10.22066
125	12200.00000	10.22066
125	12400.00000	11.88376
125	12600.00000	11.88376
125	12800.00000	11.88376
125	13000.00000	11.88376
125	13200.00000	10.93816
125	13400.00000	10.93816
125	13600.00000	10.93816
125	13800.00000	10.93816
125	14000.00000	8.93145
125	14200.00000	8.93145
125	14400.00000	8.93145
125	14600.00000	8.58776
125	14800.00000	8.58776
125	15000.00000	8.58776
125	15200.00000	8.58776
125	15400.00000	8.77303
125	15600.00000	8.77303
125	15800.00000	8.77303
125	16000.00000	8.77303
125	16200.00000	9.73896
125	16400.00000	9.73896
125	16600.00000	9.73896
125	16800.00000	9.73896
125	17000.00000	10.92986
125	17200.00000	10.92986
125	17400.00000	10.92986
125	17600.00000	10.92986
125	17800.00000	9.67687
125	18000.00000	9.67687
125	18200.00000	9.67687
125	18400.00000	9.67687
125	18600.00000	8.82907
125	18800.00000	8.82907
125	19000.00000	8.82907
125	19200.00000	9.43778
125	19400.00000	9.43778
125	19600.00000	9.43778
125	19800.00000	9.43778
125	20000.00000	9.60980
126	0.00000	11.60759
126	200.00000	11.60759
126	400.00000	11.60759
126	600.00000	11.60759
126	800.00000	13.73338
126	1000.00000	13.73338
126	1200.00000	13.73338
126	1400.00000	13.73338
126	1600.00000	10.75588
126	1800.00000	10.75588
126	2000.00000	10.75588
126	2200.00000	10.75588
126	2400.00000	11.90342
126	2600.00000	11.90342
126	2800.00000	11.90342
126	3000.00000	11.90342
126	3200.00000	10.02761
126	3400.00000	10.02761
126	3600.00000	10.02761
126	3800.00000	10.02761
126	4000.00000	12.09593
126	4200.00000	12.09593
126	4400.00000	12.09593
126	4600.00000	12.09593
126	4800.00000	10.98321
126	5000.00000	10.98321
126	5200.00000	10.98321
126	5400.00000	9.96184
126	5600.00000	9.96184
126	5800.00000	9.96184
126	6000.00000	9.96184
126	6200.00000	10.58508
126	6400.00000	10.58508
126	6600.00000	10.58508
126	6800.00000	10.58508
126	7000.00000	9.23720
126	7200.00000	9.23720
126	7400.00000	9.23720
126	7600.00000	9.23720
126	7800.00000	10.08623
126	8000.00000	10.08623
126	8200.00000	10.08623
126	8400.00000	10.08623
126	8600.00000	9.50118
126	8800.00000	9.50118
126	9000.00000	9.50118
126	9200.00000	9.50118
126	9400.00000	10.09483
126	9600.00000	10.09483
126	9800.00000	10.09483
126	10000.00000	9.18126
126	10200.00000	9.18126
126	10400.00000	9.18126
126	10600.00000	9.18126
126	10800.00000	9.60028
126	11000.00000	9.60028
126	11200.00000	9.60028
126	11400.00000	9.60028
126	11600.00000	12.83336
126	11800.00000	12.83336
126	12000.00000	12.83336
126	12200.00000	12.83336
126	12400.00000	11.37155
126	12600.00000	11.37155
126	12800.00000	11.37155
126	13000.00000	11.37155
126	13200.00000	9.42633
126	13400.00000	9.42633
126	13600.00000	9.42633
126	13800.00000	9.42633
126	14000.00000	9.04179
126	14200.00000	9.04179
126	14400.00000	9.04179
126	14600.00000	9.11180
126	14800.00000	9.11180
126	15000.00000	9.11180
126	15200.00000	9.11180
126	15400.00000	9.26937
126	15600.00000	9.26937
126	15800.00000	9.26937
126	16000.00000	9.26937
126	16200.00000	8.76173
126	16400.00000	8.76173
126	16600.00000	8.76173
126	16800.00000	8.76173
126	17000.00000	11.64494
126	17200.00000	11.64494
126	17400.00000	11.64494
126	17600.00000	11.64494
126	17800.00000	9.40639
126	18000.00000	9.40639
126	18200.00000	9.40639
126	18400.00000	9.40639
126	18600.00000	8.25370
126	18800.00000	8.25370
126	19000.00000	8.25370
126	19200.00000	9.84850
126	19400.00000	9.84850
126	19600.00000	9.84850
126	19800.00000	9.84850
126	20000.00000	9.64255
127	0.00000	11.60759
127	200.00000	11.60759
127	400.00000	11.60759
127	600.00000	11.60759
127	800.00000	13.73338
127	1000.00000	13.73338
127	1200.00000	13.73338
127	1400.00000	13.73338
127	1600.00000	10.75588
127	1800.00000	10.75588
127	2000.00000	10.75588
127	2200.00000	10.75588
127	2400.00000	11.90342
127	2600.00000	11.90342
127	2800.00000	11.90342
127	3000.00000	11.90342
127	3200.00000	10.02761
127	3400.00000	10.02761
127	3600.00000	10.02761
127	3800.00000	10.02761
127	4000.00000	12.09593
127	4200.00000	12.09593
127	4400.00000	12.09593
127	4600.00000	12.09593
127	4800.00000	10.98321
127	5000.00000	10.98321
127	5200.00000	10.98321
127	5400.00000	9.96184
127	5600.00000	9.96184
127	5800.00000	9.96184
127	6000.00000	9.96184
127	6200.00000	10.58508
127	6400.00000	10.58508
127	6600.00000	10.58508
127	6800.00000	10.58508
127	7000.00000	9.23720
127	7200.00000	9.23720
127	7400.00000	9.23720
127	7600.00000	9.23720
127	7800.00000	10.08623
127	8000.00000	10.08623
127	8200.00000	10.08623
127	8400.00000	10.08623
127	8600.00000	9.50118
127	8800.00000	9.50118
127	9000.00000	9.50118
127	9200.00000	9.50118
127	9400.00000	10.09483
127	9600.00000	10.09483
127	9800.00000	10.09483
127	10000.00000	9.18126
127	10200.00000	9.18126
127	10400.00000	9.18126
127	10600.00000	9.18126
127	10800.00000	9.60028
127	11000.00000	9.60028
127	11200.00000	9.60028
127	11400.00000	9.60028
127	11600.00000	12.83336
127	11800.00000	12.83336
127	12000.00000	12.83336
127	12200.00000	12.83336
127	12400.00000	11.37155
127	12600.00000	11.37155
127	12800.00000	11.37155
127	13000.00000	11.37155
127	13200.00000	9.42633
127	13400.00000	9.42633
127	13600.00000	9.42633
127	13800.00000	9.42633
127	14000.00000	9.04179
127	14200.00000	9.04179
127	14400.00000	9.04179
127	14600.00000	9.11180
127	14800.00000	9.11180
127	15000.00000	9.11180
127	15200.00000	9.11180
127	15400.00000	9.26937
127	15600.00000	9.26937
127	15800.00000	9.26937
127	16000.00000	9.26937
127	16200.00000	8.76173
127	16400.00000	8.76173
127	16600.00000	8.76173
127	16800.00000	8.76173
127	17000.00000	11.64494
127	17200.00000	11.64494
127	17400.00000	11.64494
127	17600.00000	11.64494
127	17800.00000	9.40639
127	18000.00000	9.40639
127	18200.00000	9.40639
127	18400.00000	9.40639
127	18600.00000	8.25370
127	18800.00000	8.25370
127	19000.00000	8.25370
127	19200.00000	9.84850
127	19400.00000	9.84850
127	19600.00000	9.84850
127	19800.00000	9.84850
127	20000.00000	9.64255
128	0.00000	11.60759
128	200.00000	11.60759
128	400.00000	11.60759
128	600.00000	11.60759
128	800.00000	13.73338
128	1000.00000	13.73338
128	1200.00000	13.73338
128	1400.00000	13.73338
128	1600.00000	10.75588
128	1800.00000	10.75588
128	2000.00000	10.75588
128	2200.00000	10.75588
128	2400.00000	11.90342
128	2600.00000	11.90342
128	2800.00000	11.90342
128	3000.00000	11.90342
128	3200.00000	10.02761
128	3400.00000	10.02761
128	3600.00000	10.02761
128	3800.00000	10.02761
128	4000.00000	12.09593
128	4200.00000	12.09593
128	4400.00000	12.09593
128	4600.00000	12.09593
128	4800.00000	10.98321
128	5000.00000	10.98321
128	5200.00000	10.98321
128	5400.00000	9.96184
128	5600.00000	9.96184
128	5800.00000	9.96184
128	6000.00000	9.96184
128	6200.00000	10.58508
128	6400.00000	10.58508
128	6600.00000	10.58508
128	6800.00000	10.58508
128	7000.00000	9.23720
128	7200.00000	9.23720
128	7400.00000	9.23720
128	7600.00000	9.23720
128	7800.00000	10.08623
128	8000.00000	10.08623
128	8200.00000	10.08623
128	8400.00000	10.08623
128	8600.00000	9.50118
128	8800.00000	9.50118
128	9000.00000	9.50118
128	9200.00000	9.50118
128	9400.00000	10.09483
128	9600.00000	10.09483
128	9800.00000	10.09483
128	10000.00000	9.18126
128	10200.00000	9.18126
128	10400.00000	9.18126
128	10600.00000	9.18126
128	10800.00000	9.60028
128	11000.00000	9.60028
128	11200.00000	9.60028
128	11400.00000	9.60028
128	11600.00000	12.83336
128	11800.00000	12.83336
128	12000.00000	12.83336
128	12200.00000	12.83336
128	12400.00000	11.37155
128	12600.00000	11.37155
128	12800.00000	11.37155
128	13000.00000	11.37155
128	13200.00000	9.42633
128	13400.00000	9.42633
128	13600.00000	9.42633
128	13800.00000	9.42633
128	14000.00000	9.04179
128	14200.00000	9.04179
128	14400.00000	9.04179
128	14600.00000	9.11180
128	14800.00000	9.11180
128	15000.00000	9.11180
128	15200.00000	9.11180
128	15400.00000	9.26937
128	15600.00000	9.26937
128	15800.00000	9.26937
128	16000.00000	9.26937
128	16200.00000	8.76173
128	16400.00000	8.76173
128	16600.00000	8.76173
128	16800.00000	8.76173
128	17000.00000	11.64494
128	17200.00000	11.64494
128	17400.00000	11.64494
128	17600.00000	11.64494
128	17800.00000	9.40639
128	18000.00000	9.40639
128	18200.00000	9.40639
128	18400.00000	9.40639
128	18600.00000	8.25370
128	18800.00000	8.25370
128	19000.00000	8.25370
128	19200.00000	9.84850
128	19400.00000	9.84850
128	19600.00000	9.84850
128	19800.00000	9.84850
128	20000.00000	9.64255
129	0.00000	11.60759
129	200.00000	11.60759
129	400.00000	11.60759
129	600.00000	11.60759
129	800.00000	13.73338
129	1000.00000	13.73338
129	1200.00000	13.73338
129	1400.00000	13.73338
129	1600.00000	10.75588
129	1800.00000	10.75588
129	2000.00000	10.75588
129	2200.00000	10.75588
129	2400.00000	11.90342
129	2600.00000	11.90342
129	2800.00000	11.90342
129	3000.00000	11.90342
129	3200.00000	10.02761
129	3400.00000	10.02761
129	3600.00000	10.02761
129	3800.00000	10.02761
129	4000.00000	12.09593
129	4200.00000	12.09593
129	4400.00000	12.09593
129	4600.00000	12.09593
129	4800.00000	10.98321
129	5000.00000	10.98321
129	5200.00000	10.98321
129	5400.00000	9.96184
129	5600.00000	9.96184
129	5800.00000	9.96184
129	6000.00000	9.96184
129	6200.00000	10.58508
129	6400.00000	10.58508
129	6600.00000	10.58508
129	6800.00000	10.58508
129	7000.00000	9.23720
129	7200.00000	9.23720
129	7400.00000	9.23720
129	7600.00000	9.23720
129	7800.00000	10.08623
129	8000.00000	10.08623
129	8200.00000	10.08623
129	8400.00000	10.08623
129	8600.00000	9.50118
129	8800.00000	9.50118
129	9000.00000	9.50118
129	9200.00000	9.50118
129	9400.00000	10.09483
129	9600.00000	10.09483
129	9800.00000	10.09483
129	10000.00000	9.18126
129	10200.00000	9.18126
129	10400.00000	9.18126
129	10600.00000	9.18126
129	10800.00000	9.60028
129	11000.00000	9.60028
129	11200.00000	9.60028
129	11400.00000	9.60028
129	11600.00000	12.83336
129	11800.00000	12.83336
129	12000.00000	12.83336
129	12200.00000	12.83336
129	12400.00000	11.37155
129	12600.00000	11.37155
129	12800.00000	11.37155
129	13000.00000	11.37155
129	13200.00000	9.42633
129	13400.00000	9.42633
129	13600.00000	9.42633
129	13800.00000	9.42633
129	14000.00000	9.04179
129	14200.00000	9.04179
129	14400.00000	9.04179
129	14600.00000	9.11180
129	14800.00000	9.11180
129	15000.00000	9.11180
129	15200.00000	9.11180
129	15400.00000	9.26937
129	15600.00000	9.26937
129	15800.00000	9.26937
129	16000.00000	9.26937
129	16200.00000	8.76173
129	16400.00000	8.76173
129	16600.00000	8.76173
129	16800.00000	8.76173
129	17000.00000	11.64494
129	17200.00000	11.64494
129	17400.00000	11.64494
129	17600.00000	11.64494
129	17800.00000	9.40639
129	18000.00000	9.40639
129	18200.00000	9.40639
129	18400.00000	9.40639
129	18600.00000	8.25370
129	18800.00000	8.25370
129	19000.00000	8.25370
129	19200.00000	9.84850
129	19400.00000	9.84850
129	19600.00000	9.84850
129	19800.00000	9.84850
129	20000.00000	9.64255
130	0.00000	11.51432
130	200.00000	11.51432
130	400.00000	11.51432
130	600.00000	11.51432
130	800.00000	13.92352
130	1000.00000	13.92352
130	1200.00000	13.92352
130	1400.00000	13.92352
130	1600.00000	10.73311
130	1800.00000	10.73311
130	2000.00000	10.73311
130	2200.00000	10.73311
130	2400.00000	11.78470
130	2600.00000	11.78470
130	2800.00000	11.78470
130	3000.00000	11.78470
130	3200.00000	10.06699
130	3400.00000	10.06699
130	3600.00000	10.06699
130	3800.00000	10.06699
130	4000.00000	12.01154
130	4200.00000	12.01154
130	4400.00000	12.01154
130	4600.00000	12.01154
130	4800.00000	11.50712
130	5000.00000	11.50712
130	5200.00000	11.50712
130	5400.00000	9.94781
130	5600.00000	9.94781
130	5800.00000	9.94781
130	6000.00000	9.94781
130	6200.00000	10.79874
130	6400.00000	10.79874
130	6600.00000	10.79874
130	6800.00000	10.79874
130	7000.00000	9.24728
130	7200.00000	9.24728
130	7400.00000	9.24728
130	7600.00000	9.24728
130	7800.00000	10.38364
130	8000.00000	10.38364
130	8200.00000	10.38364
130	8400.00000	10.38364
130	8600.00000	8.95735
130	8800.00000	8.95735
130	9000.00000	8.95735
130	9200.00000	8.95735
130	9400.00000	10.68026
130	9600.00000	10.68026
130	9800.00000	10.68026
130	10000.00000	9.17408
130	10200.00000	9.17408
130	10400.00000	9.17408
130	10600.00000	9.17408
130	10800.00000	9.07147
130	11000.00000	9.07147
130	11200.00000	9.07147
130	11400.00000	9.07147
130	11600.00000	11.52974
130	11800.00000	11.52974
130	12000.00000	11.52974
130	12200.00000	11.52974
130	12400.00000	12.71565
130	12600.00000	12.71565
130	12800.00000	12.71565
130	13000.00000	12.71565
130	13200.00000	9.01497
130	13400.00000	9.01497
130	13600.00000	9.01497
130	13800.00000	9.01497
130	14000.00000	8.29260
130	14200.00000	8.29260
130	14400.00000	8.29260
130	14600.00000	8.60176
130	14800.00000	8.60176
130	15000.00000	8.60176
130	15200.00000	8.60176
130	15400.00000	10.26318
130	15600.00000	10.26318
130	15800.00000	10.26318
130	16000.00000	10.26318
130	16200.00000	8.11886
130	16400.00000	8.11886
130	16600.00000	8.11886
130	16800.00000	8.11886
130	17000.00000	9.78982
130	17200.00000	9.78982
130	17400.00000	9.78982
130	17600.00000	9.78982
130	17800.00000	8.66690
130	18000.00000	8.66690
130	18200.00000	8.66690
130	18400.00000	8.66690
130	18600.00000	8.34385
130	18800.00000	8.34385
130	19000.00000	8.34385
130	19200.00000	9.22172
130	19400.00000	9.22172
130	19600.00000	9.22172
130	19800.00000	9.22172
130	20000.00000	9.06378
131	0.00000	11.44841
131	200.00000	11.44841
131	400.00000	11.44841
131	600.00000	11.44841
131	800.00000	14.33033
131	1000.00000	14.33033
131	1200.00000	14.33033
131	1400.00000	14.33033
131	1600.00000	10.70916
131	1800.00000	10.70916
131	2000.00000	10.70916
131	2200.00000	10.70916
131	2400.00000	11.73571
131	2600.00000	11.73571
131	2800.00000	11.73571
131	3000.00000	11.73571
131	3200.00000	10.15676
131	3400.00000	10.15676
131	3600.00000	10.15676
131	3800.00000	10.15676
131	4000.00000	11.82417
131	4200.00000	11.82417
131	4400.00000	11.82417
131	4600.00000	11.82417
131	4800.00000	10.39137
131	5000.00000	10.39137
131	5200.00000	10.39137
131	5400.00000	10.17977
131	5600.00000	10.17977
131	5800.00000	10.17977
131	6000.00000	10.17977
131	6200.00000	10.75093
131	6400.00000	10.75093
131	6600.00000	10.75093
131	6800.00000	10.75093
131	7000.00000	9.28801
131	7200.00000	9.28801
131	7400.00000	9.28801
131	7600.00000	9.28801
131	7800.00000	10.03507
131	8000.00000	10.03507
131	8200.00000	10.03507
131	8400.00000	10.03507
131	8600.00000	9.51497
131	8800.00000	9.51497
131	9000.00000	9.51497
131	9200.00000	9.51497
131	9400.00000	10.71434
131	9600.00000	10.71434
131	9800.00000	10.71434
131	10000.00000	9.82081
131	10200.00000	9.82081
131	10400.00000	9.82081
131	10600.00000	9.82081
131	10800.00000	9.29745
131	11000.00000	9.29745
131	11200.00000	9.29745
131	11400.00000	9.29745
131	11600.00000	11.05155
131	11800.00000	11.05155
131	12000.00000	11.05155
131	12200.00000	11.05155
131	12400.00000	12.11411
131	12600.00000	12.11411
131	12800.00000	12.11411
131	13000.00000	12.11411
131	13200.00000	11.36899
131	13400.00000	11.36899
131	13600.00000	11.36899
131	13800.00000	11.36899
131	14000.00000	8.75581
131	14200.00000	8.75581
131	14400.00000	8.75581
131	14600.00000	10.08095
131	14800.00000	10.08095
131	15000.00000	10.08095
131	15200.00000	10.08095
131	15400.00000	8.33261
131	15600.00000	8.33261
131	15800.00000	8.33261
131	16000.00000	8.33261
131	16200.00000	8.65440
131	16400.00000	8.65440
131	16600.00000	8.65440
131	16800.00000	8.65440
131	17000.00000	10.32317
131	17200.00000	10.32317
131	17400.00000	10.32317
131	17600.00000	10.32317
131	17800.00000	8.87010
131	18000.00000	8.87010
131	18200.00000	8.87010
131	18400.00000	8.87010
131	18600.00000	8.58791
131	18800.00000	8.58791
131	19000.00000	8.58791
131	19200.00000	9.51100
131	19400.00000	9.51100
131	19600.00000	9.51100
131	19800.00000	9.51100
131	20000.00000	8.16267
132	0.00000	11.47189
132	200.00000	11.47189
132	400.00000	11.47189
132	600.00000	11.47189
132	800.00000	13.59135
132	1000.00000	13.59135
132	1200.00000	13.59135
132	1400.00000	13.59135
132	1600.00000	10.83736
132	1800.00000	10.83736
132	2000.00000	10.83736
132	2200.00000	10.83736
132	2400.00000	11.63804
132	2600.00000	11.63804
132	2800.00000	11.63804
132	3000.00000	11.63804
132	3200.00000	10.20388
132	3400.00000	10.20388
132	3600.00000	10.20388
132	3800.00000	10.20388
132	4000.00000	12.52164
132	4200.00000	12.52164
132	4400.00000	12.52164
132	4600.00000	12.52164
132	4800.00000	10.08992
132	5000.00000	10.08992
132	5200.00000	10.08992
132	5400.00000	10.33603
132	5600.00000	10.33603
132	5800.00000	10.33603
132	6000.00000	10.33603
132	6200.00000	10.32503
132	6400.00000	10.32503
132	6600.00000	10.32503
132	6800.00000	10.32503
132	7000.00000	9.32403
132	7200.00000	9.32403
132	7400.00000	9.32403
132	7600.00000	9.32403
132	7800.00000	10.21882
132	8000.00000	10.21882
132	8200.00000	10.21882
132	8400.00000	10.21882
132	8600.00000	9.52312
132	8800.00000	9.52312
132	9000.00000	9.52312
132	9200.00000	9.52312
132	9400.00000	10.95052
132	9600.00000	10.95052
132	9800.00000	10.95052
132	10000.00000	9.25172
132	10200.00000	9.25172
132	10400.00000	9.25172
132	10600.00000	9.25172
132	10800.00000	8.97780
132	11000.00000	8.97780
132	11200.00000	8.97780
132	11400.00000	8.97780
132	11600.00000	11.62602
132	11800.00000	11.62602
132	12000.00000	11.62602
132	12200.00000	11.62602
132	12400.00000	10.77855
132	12600.00000	10.77855
132	12800.00000	10.77855
132	13000.00000	10.77855
132	13200.00000	10.28615
132	13400.00000	10.28615
132	13600.00000	10.28615
132	13800.00000	10.28615
132	14000.00000	8.17041
132	14200.00000	8.17041
132	14400.00000	8.17041
132	14600.00000	9.70064
132	14800.00000	9.70064
132	15000.00000	9.70064
132	15200.00000	9.70064
132	15400.00000	9.19043
132	15600.00000	9.19043
132	15800.00000	9.19043
132	16000.00000	9.19043
132	16200.00000	8.09832
132	16400.00000	8.09832
132	16600.00000	8.09832
132	16800.00000	8.09832
132	17000.00000	9.85922
132	17200.00000	9.85922
132	17400.00000	9.85922
132	17600.00000	9.85922
132	17800.00000	9.42751
132	18000.00000	9.42751
132	18200.00000	9.42751
132	18400.00000	9.42751
132	18600.00000	8.70740
132	18800.00000	8.70740
132	19000.00000	8.70740
132	19200.00000	8.91496
132	19400.00000	8.91496
132	19600.00000	8.91496
132	19800.00000	8.91496
132	20000.00000	8.63220
133	0.00000	11.51385
133	200.00000	11.51385
133	400.00000	11.51385
133	600.00000	11.51385
133	800.00000	13.70925
133	1000.00000	13.70925
133	1200.00000	13.70925
133	1400.00000	13.70925
133	1600.00000	10.80273
133	1800.00000	10.80273
133	2000.00000	10.80273
133	2200.00000	10.80273
133	2400.00000	12.09103
133	2600.00000	12.09103
133	2800.00000	12.09103
133	3000.00000	12.09103
133	3200.00000	10.16617
133	3400.00000	10.16617
133	3600.00000	10.16617
133	3800.00000	10.16617
133	4000.00000	11.66350
133	4200.00000	11.66350
133	4400.00000	11.66350
133	4600.00000	11.66350
133	4800.00000	10.53751
133	5000.00000	10.53751
133	5200.00000	10.53751
133	5400.00000	10.44687
133	5600.00000	10.44687
133	5800.00000	10.44687
133	6000.00000	10.44687
133	6200.00000	10.55780
133	6400.00000	10.55780
133	6600.00000	10.55780
133	6800.00000	10.55780
133	7000.00000	9.42463
133	7200.00000	9.42463
133	7400.00000	9.42463
133	7600.00000	9.42463
133	7800.00000	9.98451
133	8000.00000	9.98451
133	8200.00000	9.98451
133	8400.00000	9.98451
133	8600.00000	9.68110
133	8800.00000	9.68110
133	9000.00000	9.68110
133	9200.00000	9.68110
133	9400.00000	11.12971
133	9600.00000	11.12971
133	9800.00000	11.12971
133	10000.00000	9.71137
133	10200.00000	9.71137
133	10400.00000	9.71137
133	10600.00000	9.71137
133	10800.00000	8.92611
133	11000.00000	8.92611
133	11200.00000	8.92611
133	11400.00000	8.92611
133	11600.00000	11.31239
133	11800.00000	11.31239
133	12000.00000	11.31239
133	12200.00000	11.31239
133	12400.00000	11.20716
133	12600.00000	11.20716
133	12800.00000	11.20716
133	13000.00000	11.20716
133	13200.00000	9.97667
133	13400.00000	9.97667
133	13600.00000	9.97667
133	13800.00000	9.97667
133	14000.00000	8.32293
133	14200.00000	8.32293
133	14400.00000	8.32293
133	14600.00000	9.89491
133	14800.00000	9.89491
133	15000.00000	9.89491
133	15200.00000	9.89491
133	15400.00000	8.72081
133	15600.00000	8.72081
133	15800.00000	8.72081
133	16000.00000	8.72081
133	16200.00000	8.42056
133	16400.00000	8.42056
133	16600.00000	8.42056
133	16800.00000	8.42056
133	17000.00000	9.18858
133	17200.00000	9.18858
133	17400.00000	9.18858
133	17600.00000	9.18858
133	17800.00000	8.98737
133	18000.00000	8.98737
133	18200.00000	8.98737
133	18400.00000	8.98737
133	18600.00000	8.57340
133	18800.00000	8.57340
133	19000.00000	8.57340
133	19200.00000	8.15060
133	19400.00000	8.15060
133	19600.00000	8.15060
133	19800.00000	8.15060
133	20000.00000	9.38115
134	0.00000	11.53235
134	200.00000	11.53235
134	400.00000	11.53235
134	600.00000	11.53235
134	800.00000	13.43041
134	1000.00000	13.43041
134	1200.00000	13.43041
134	1400.00000	13.43041
134	1600.00000	10.77556
134	1800.00000	10.77556
134	2000.00000	10.77556
134	2200.00000	10.77556
134	2400.00000	13.24502
134	2600.00000	13.24502
134	2800.00000	13.24502
134	3000.00000	13.24502
134	3200.00000	10.00208
134	3400.00000	10.00208
134	3600.00000	10.00208
134	3800.00000	10.00208
134	4000.00000	11.94201
134	4200.00000	11.94201
134	4400.00000	11.94201
134	4600.00000	11.94201
134	4800.00000	10.41170
134	5000.00000	10.41170
134	5200.00000	10.41170
134	5400.00000	10.11825
134	5600.00000	10.11825
134	5800.00000	10.11825
134	6000.00000	10.11825
134	6200.00000	11.42733
134	6400.00000	11.42733
134	6600.00000	11.42733
134	6800.00000	11.42733
134	7000.00000	9.48472
134	7200.00000	9.48472
134	7400.00000	9.48472
134	7600.00000	9.48472
134	7800.00000	9.33371
134	8000.00000	9.33371
134	8200.00000	9.33371
134	8400.00000	9.33371
134	8600.00000	9.37538
134	8800.00000	9.37538
134	9000.00000	9.37538
134	9200.00000	9.37538
134	9400.00000	11.06467
134	9600.00000	11.06467
134	9800.00000	11.06467
134	10000.00000	9.17901
134	10200.00000	9.17901
134	10400.00000	9.17901
134	10600.00000	9.17901
134	10800.00000	9.20584
134	11000.00000	9.20584
134	11200.00000	9.20584
134	11400.00000	9.20584
134	11600.00000	11.74824
134	11800.00000	11.74824
134	12000.00000	11.74824
134	12200.00000	11.74824
134	12400.00000	10.39182
134	12600.00000	10.39182
134	12800.00000	10.39182
134	13000.00000	10.39182
134	13200.00000	9.06292
134	13400.00000	9.06292
134	13600.00000	9.06292
134	13800.00000	9.06292
134	14000.00000	9.31508
134	14200.00000	9.31508
134	14400.00000	9.31508
134	14600.00000	9.91289
134	14800.00000	9.91289
134	15000.00000	9.91289
134	15200.00000	9.91289
134	15400.00000	9.22236
134	15600.00000	9.22236
134	15800.00000	9.22236
134	16000.00000	9.22236
134	16200.00000	8.68315
134	16400.00000	8.68315
134	16600.00000	8.68315
134	16800.00000	8.68315
134	17000.00000	9.11581
134	17200.00000	9.11581
134	17400.00000	9.11581
134	17600.00000	9.11581
134	17800.00000	8.18169
134	18000.00000	8.18169
134	18200.00000	8.18169
134	18400.00000	8.18169
134	18600.00000	9.66002
134	18800.00000	9.66002
134	19000.00000	9.66002
134	19200.00000	10.56333
134	19400.00000	10.56333
134	19600.00000	10.56333
134	19800.00000	10.56333
134	20000.00000	9.32559
135	0.00000	11.47655
135	200.00000	11.47655
135	400.00000	11.47655
135	600.00000	11.47655
135	800.00000	14.99595
135	1000.00000	14.99595
135	1200.00000	14.99595
135	1400.00000	14.99595
135	1600.00000	10.67459
135	1800.00000	10.67459
135	2000.00000	10.67459
135	2200.00000	10.67459
135	2400.00000	13.07894
135	2600.00000	13.07894
135	2800.00000	13.07894
135	3000.00000	13.07894
135	3200.00000	10.00146
135	3400.00000	10.00146
135	3600.00000	10.00146
135	3800.00000	10.00146
135	4000.00000	11.12420
135	4200.00000	11.12420
135	4400.00000	11.12420
135	4600.00000	11.12420
135	4800.00000	11.10582
135	5000.00000	11.10582
135	5200.00000	11.10582
135	5400.00000	9.83323
135	5600.00000	9.83323
135	5800.00000	9.83323
135	6000.00000	9.83323
135	6200.00000	11.89188
135	6400.00000	11.89188
135	6600.00000	11.89188
135	6800.00000	11.89188
135	7000.00000	9.25643
135	7200.00000	9.25643
135	7400.00000	9.25643
135	7600.00000	9.25643
135	7800.00000	9.90305
135	8000.00000	9.90305
135	8200.00000	9.90305
135	8400.00000	9.90305
135	8600.00000	8.92726
135	8800.00000	8.92726
135	9000.00000	8.92726
135	9200.00000	8.92726
135	9400.00000	11.04259
135	9600.00000	11.04259
135	9800.00000	11.04259
135	10000.00000	8.83971
135	10200.00000	8.83971
135	10400.00000	8.83971
135	10600.00000	8.83971
135	10800.00000	9.28443
135	11000.00000	9.28443
135	11200.00000	9.28443
135	11400.00000	9.28443
135	11600.00000	10.53724
135	11800.00000	10.53724
135	12000.00000	10.53724
135	12200.00000	10.53724
135	12400.00000	10.90928
135	12600.00000	10.90928
135	12800.00000	10.90928
135	13000.00000	10.90928
135	13200.00000	9.10955
135	13400.00000	9.10955
135	13600.00000	9.10955
135	13800.00000	9.10955
135	14000.00000	11.17993
135	14200.00000	11.17993
135	14400.00000	11.17993
135	14600.00000	9.61608
135	14800.00000	9.61608
135	15000.00000	9.61608
135	15200.00000	9.61608
135	15400.00000	10.33603
135	15600.00000	10.33603
135	15800.00000	10.33603
135	16000.00000	10.33603
135	16200.00000	8.56932
135	16400.00000	8.56932
135	16600.00000	8.56932
135	16800.00000	8.56932
135	17000.00000	8.26359
135	17200.00000	8.26359
135	17400.00000	8.26359
135	17600.00000	8.26359
135	17800.00000	8.55781
135	18000.00000	8.55781
135	18200.00000	8.55781
135	18400.00000	8.55781
135	18600.00000	9.38376
135	18800.00000	9.38376
135	19000.00000	9.38376
135	19200.00000	10.36272
135	19400.00000	10.36272
135	19600.00000	10.36272
135	19800.00000	10.36272
135	20000.00000	10.63467
136	0.00000	11.48628
136	200.00000	11.48628
136	400.00000	11.48628
136	600.00000	11.48628
136	800.00000	13.91850
136	1000.00000	13.91850
136	1200.00000	13.91850
136	1400.00000	13.91850
136	1600.00000	10.68466
136	1800.00000	10.68466
136	2000.00000	10.68466
136	2200.00000	10.68466
136	2400.00000	12.73481
136	2600.00000	12.73481
136	2800.00000	12.73481
136	3000.00000	12.73481
136	3200.00000	10.07871
136	3400.00000	10.07871
136	3600.00000	10.07871
136	3800.00000	10.07871
136	4000.00000	11.10089
136	4200.00000	11.10089
136	4400.00000	11.10089
136	4600.00000	11.10089
136	4800.00000	10.71904
136	5000.00000	10.71904
136	5200.00000	10.71904
136	5400.00000	10.10879
136	5600.00000	10.10879
136	5800.00000	10.10879
136	6000.00000	10.10879
136	6200.00000	10.91061
136	6400.00000	10.91061
136	6600.00000	10.91061
136	6800.00000	10.91061
136	7000.00000	9.34841
136	7200.00000	9.34841
136	7400.00000	9.34841
136	7600.00000	9.34841
136	7800.00000	10.21419
136	8000.00000	10.21419
136	8200.00000	10.21419
136	8400.00000	10.21419
136	8600.00000	9.15679
136	8800.00000	9.15679
136	9000.00000	9.15679
136	9200.00000	9.15679
136	9400.00000	11.37065
136	9600.00000	11.37065
136	9800.00000	11.37065
136	10000.00000	9.91263
136	10200.00000	9.91263
136	10400.00000	9.91263
136	10600.00000	9.91263
136	10800.00000	8.75019
136	11000.00000	8.75019
136	11200.00000	8.75019
136	11400.00000	8.75019
136	11600.00000	11.81307
136	11800.00000	11.81307
136	12000.00000	11.81307
136	12200.00000	11.81307
136	12400.00000	10.03034
136	12600.00000	10.03034
136	12800.00000	10.03034
136	13000.00000	10.03034
136	13200.00000	8.96841
136	13400.00000	8.96841
136	13600.00000	8.96841
136	13800.00000	8.96841
136	14000.00000	10.19670
136	14200.00000	10.19670
136	14400.00000	10.19670
136	14600.00000	8.55523
136	14800.00000	8.55523
136	15000.00000	8.55523
136	15200.00000	8.55523
136	15400.00000	9.55905
136	15600.00000	9.55905
136	15800.00000	9.55905
136	16000.00000	9.55905
136	16200.00000	8.96770
136	16400.00000	8.96770
136	16600.00000	8.96770
136	16800.00000	8.96770
136	17000.00000	8.97868
136	17200.00000	8.97868
136	17400.00000	8.97868
136	17600.00000	8.97868
136	17800.00000	8.19923
136	18000.00000	8.19923
136	18200.00000	8.19923
136	18400.00000	8.19923
136	18600.00000	9.58165
136	18800.00000	9.58165
136	19000.00000	9.58165
136	19200.00000	8.20255
136	19400.00000	8.20255
136	19600.00000	8.20255
136	19800.00000	8.20255
136	20000.00000	9.21662
137	0.00000	11.46492
137	200.00000	11.46492
137	400.00000	11.46492
137	600.00000	11.46492
137	800.00000	14.77339
137	1000.00000	14.77339
137	1200.00000	14.77339
137	1400.00000	14.77339
137	1600.00000	10.72642
137	1800.00000	10.72642
137	2000.00000	10.72642
137	2200.00000	10.72642
137	2400.00000	12.83242
137	2600.00000	12.83242
137	2800.00000	12.83242
137	3000.00000	12.83242
137	3200.00000	9.98703
137	3400.00000	9.98703
137	3600.00000	9.98703
137	3800.00000	9.98703
137	4000.00000	11.75018
137	4200.00000	11.75018
137	4400.00000	11.75018
137	4600.00000	11.75018
137	4800.00000	10.74026
137	5000.00000	10.74026
137	5200.00000	10.74026
137	5400.00000	9.95591
137	5600.00000	9.95591
137	5800.00000	9.95591
137	6000.00000	9.95591
137	6200.00000	10.63102
137	6400.00000	10.63102
137	6600.00000	10.63102
137	6800.00000	10.63102
137	7000.00000	9.45855
137	7200.00000	9.45855
137	7400.00000	9.45855
137	7600.00000	9.45855
137	7800.00000	10.73912
137	8000.00000	10.73912
137	8200.00000	10.73912
137	8400.00000	10.73912
137	8600.00000	9.08559
137	8800.00000	9.08559
137	9000.00000	9.08559
137	9200.00000	9.08559
137	9400.00000	11.71416
137	9600.00000	11.71416
137	9800.00000	11.71416
137	10000.00000	9.92472
137	10200.00000	9.92472
137	10400.00000	9.92472
137	10600.00000	9.92472
137	10800.00000	8.72531
137	11000.00000	8.72531
137	11200.00000	8.72531
137	11400.00000	8.72531
137	11600.00000	12.77287
137	11800.00000	12.77287
137	12000.00000	12.77287
137	12200.00000	12.77287
137	12400.00000	12.00295
137	12600.00000	12.00295
137	12800.00000	12.00295
137	13000.00000	12.00295
137	13200.00000	8.59728
137	13400.00000	8.59728
137	13600.00000	8.59728
137	13800.00000	8.59728
137	14000.00000	10.01097
137	14200.00000	10.01097
137	14400.00000	10.01097
137	14600.00000	9.38798
137	14800.00000	9.38798
137	15000.00000	9.38798
137	15200.00000	9.38798
137	15400.00000	9.20724
137	15600.00000	9.20724
137	15800.00000	9.20724
137	16000.00000	9.20724
137	16200.00000	8.46144
137	16400.00000	8.46144
137	16600.00000	8.46144
137	16800.00000	8.46144
137	17000.00000	8.49380
137	17200.00000	8.49380
137	17400.00000	8.49380
137	17600.00000	8.49380
137	17800.00000	8.65330
137	18000.00000	8.65330
137	18200.00000	8.65330
137	18400.00000	8.65330
137	18600.00000	10.65679
137	18800.00000	10.65679
137	19000.00000	10.65679
137	19200.00000	9.43194
137	19400.00000	9.43194
137	19600.00000	9.43194
137	19800.00000	9.43194
137	20000.00000	10.33781
138	0.00000	11.43937
138	200.00000	11.43937
138	400.00000	11.43937
138	600.00000	11.43937
138	800.00000	14.20389
138	1000.00000	14.20389
138	1200.00000	14.20389
138	1400.00000	14.20389
138	1600.00000	10.83153
138	1800.00000	10.83153
138	2000.00000	10.83153
138	2200.00000	10.83153
138	2400.00000	11.73724
138	2600.00000	11.73724
138	2800.00000	11.73724
138	3000.00000	11.73724
138	3200.00000	10.13302
138	3400.00000	10.13302
138	3600.00000	10.13302
138	3800.00000	10.13302
138	4000.00000	11.04644
138	4200.00000	11.04644
138	4400.00000	11.04644
138	4600.00000	11.04644
138	4800.00000	10.73293
138	5000.00000	10.73293
138	5200.00000	10.73293
138	5400.00000	10.59634
138	5600.00000	10.59634
138	5800.00000	10.59634
138	6000.00000	10.59634
138	6200.00000	10.18126
138	6400.00000	10.18126
138	6600.00000	10.18126
138	6800.00000	10.18126
138	7000.00000	9.62978
138	7200.00000	9.62978
138	7400.00000	9.62978
138	7600.00000	9.62978
138	7800.00000	9.97599
138	8000.00000	9.97599
138	8200.00000	9.97599
138	8400.00000	9.97599
138	8600.00000	9.12315
138	8800.00000	9.12315
138	9000.00000	9.12315
138	9200.00000	9.12315
138	9400.00000	10.28241
138	9600.00000	10.28241
138	9800.00000	10.28241
138	10000.00000	10.60243
138	10200.00000	10.60243
138	10400.00000	10.60243
138	10600.00000	10.60243
138	10800.00000	8.74829
138	11000.00000	8.74829
138	11200.00000	8.74829
138	11400.00000	8.74829
138	11600.00000	10.24345
138	11800.00000	10.24345
138	12000.00000	10.24345
138	12200.00000	10.24345
138	12400.00000	10.28379
138	12600.00000	10.28379
138	12800.00000	10.28379
138	13000.00000	10.28379
138	13200.00000	8.89905
138	13400.00000	8.89905
138	13600.00000	8.89905
138	13800.00000	8.89905
138	14000.00000	9.49815
138	14200.00000	9.49815
138	14400.00000	9.49815
138	14600.00000	9.64032
138	14800.00000	9.64032
138	15000.00000	9.64032
138	15200.00000	9.64032
138	15400.00000	9.84809
138	15600.00000	9.84809
138	15800.00000	9.84809
138	16000.00000	9.84809
138	16200.00000	7.83392
138	16400.00000	7.83392
138	16600.00000	7.83392
138	16800.00000	7.83392
138	17000.00000	8.65039
138	17200.00000	8.65039
138	17400.00000	8.65039
138	17600.00000	8.65039
138	17800.00000	11.04829
138	18000.00000	11.04829
138	18200.00000	11.04829
138	18400.00000	11.04829
138	18600.00000	11.64925
138	18800.00000	11.64925
138	19000.00000	11.64925
138	19200.00000	9.55669
138	19400.00000	9.55669
138	19600.00000	9.55669
138	19800.00000	9.55669
138	20000.00000	8.82039
139	0.00000	11.53257
139	200.00000	11.53257
139	400.00000	11.53257
139	600.00000	11.53257
139	800.00000	13.92604
139	1000.00000	13.92604
139	1200.00000	13.92604
139	1400.00000	13.92604
139	1600.00000	10.85087
139	1800.00000	10.85087
139	2000.00000	10.85087
139	2200.00000	10.85087
139	2400.00000	11.78022
139	2600.00000	11.78022
139	2800.00000	11.78022
139	3000.00000	11.78022
139	3200.00000	10.07814
139	3400.00000	10.07814
139	3600.00000	10.07814
139	3800.00000	10.07814
139	4000.00000	11.26800
139	4200.00000	11.26800
139	4400.00000	11.26800
139	4600.00000	11.26800
139	4800.00000	10.79221
139	5000.00000	10.79221
139	5200.00000	10.79221
139	5400.00000	10.25265
139	5600.00000	10.25265
139	5800.00000	10.25265
139	6000.00000	10.25265
139	6200.00000	10.31666
139	6400.00000	10.31666
139	6600.00000	10.31666
139	6800.00000	10.31666
139	7000.00000	9.68430
139	7200.00000	9.68430
139	7400.00000	9.68430
139	7600.00000	9.68430
139	7800.00000	10.26510
139	8000.00000	10.26510
139	8200.00000	10.26510
139	8400.00000	10.26510
139	8600.00000	9.52126
139	8800.00000	9.52126
139	9000.00000	9.52126
139	9200.00000	9.52126
139	9400.00000	10.24056
139	9600.00000	10.24056
139	9800.00000	10.24056
139	10000.00000	10.23578
139	10200.00000	10.23578
139	10400.00000	10.23578
139	10600.00000	10.23578
139	10800.00000	9.03155
139	11000.00000	9.03155
139	11200.00000	9.03155
139	11400.00000	9.03155
139	11600.00000	11.28591
139	11800.00000	11.28591
139	12000.00000	11.28591
139	12200.00000	11.28591
139	12400.00000	13.61392
139	12600.00000	13.61392
139	12800.00000	13.61392
139	13000.00000	13.61392
139	13200.00000	10.25159
139	13400.00000	10.25159
139	13600.00000	10.25159
139	13800.00000	10.25159
139	14000.00000	8.64302
139	14200.00000	8.64302
139	14400.00000	8.64302
139	14600.00000	10.13748
139	14800.00000	10.13748
139	15000.00000	10.13748
139	15200.00000	10.13748
139	15400.00000	8.37046
139	15600.00000	8.37046
139	15800.00000	8.37046
139	16000.00000	8.37046
139	16200.00000	7.90427
139	16400.00000	7.90427
139	16600.00000	7.90427
139	16800.00000	7.90427
139	17000.00000	10.11233
139	17200.00000	10.11233
139	17400.00000	10.11233
139	17600.00000	10.11233
139	17800.00000	10.55756
139	18000.00000	10.55756
139	18200.00000	10.55756
139	18400.00000	10.55756
139	18600.00000	11.14142
139	18800.00000	11.14142
139	19000.00000	11.14142
139	19200.00000	10.58439
139	19400.00000	10.58439
139	19600.00000	10.58439
139	19800.00000	10.58439
139	20000.00000	8.86532
140	0.00000	11.50698
140	200.00000	11.50698
140	400.00000	11.50698
140	600.00000	11.50698
140	800.00000	14.95081
140	1000.00000	14.95081
140	1200.00000	14.95081
140	1400.00000	14.95081
140	1600.00000	10.67874
140	1800.00000	10.67874
140	2000.00000	10.67874
140	2200.00000	10.67874
140	2400.00000	12.05902
140	2600.00000	12.05902
140	2800.00000	12.05902
140	3000.00000	12.05902
140	3200.00000	10.07677
140	3400.00000	10.07677
140	3600.00000	10.07677
140	3800.00000	10.07677
140	4000.00000	11.39178
140	4200.00000	11.39178
140	4400.00000	11.39178
140	4600.00000	11.39178
140	4800.00000	11.14482
140	5000.00000	11.14482
140	5200.00000	11.14482
140	5400.00000	10.02897
140	5600.00000	10.02897
140	5800.00000	10.02897
140	6000.00000	10.02897
140	6200.00000	10.57679
140	6400.00000	10.57679
140	6600.00000	10.57679
140	6800.00000	10.57679
140	7000.00000	9.47381
140	7200.00000	9.47381
140	7400.00000	9.47381
140	7600.00000	9.47381
140	7800.00000	9.64743
140	8000.00000	9.64743
140	8200.00000	9.64743
140	8400.00000	9.64743
140	8600.00000	8.95856
140	8800.00000	8.95856
140	9000.00000	8.95856
140	9200.00000	8.95856
140	9400.00000	10.98004
140	9600.00000	10.98004
140	9800.00000	10.98004
140	10000.00000	10.31186
140	10200.00000	10.31186
140	10400.00000	10.31186
140	10600.00000	10.31186
140	10800.00000	8.66935
140	11000.00000	8.66935
140	11200.00000	8.66935
140	11400.00000	8.66935
140	11600.00000	11.13022
140	11800.00000	11.13022
140	12000.00000	11.13022
140	12200.00000	11.13022
140	12400.00000	14.14944
140	12600.00000	14.14944
140	12800.00000	14.14944
140	13000.00000	14.14944
140	13200.00000	12.42753
140	13400.00000	12.42753
140	13600.00000	12.42753
140	13800.00000	12.42753
140	14000.00000	8.38675
140	14200.00000	8.38675
140	14400.00000	8.38675
140	14600.00000	8.94018
140	14800.00000	8.94018
140	15000.00000	8.94018
140	15200.00000	8.94018
140	15400.00000	8.91480
140	15600.00000	8.91480
140	15800.00000	8.91480
140	16000.00000	8.91480
140	16200.00000	9.01070
140	16400.00000	9.01070
140	16600.00000	9.01070
140	16800.00000	9.01070
140	17000.00000	8.59559
140	17200.00000	8.59559
140	17400.00000	8.59559
140	17600.00000	8.59559
140	17800.00000	9.88494
140	18000.00000	9.88494
140	18200.00000	9.88494
140	18400.00000	9.88494
140	18600.00000	8.60047
140	18800.00000	8.60047
140	19000.00000	8.60047
140	19200.00000	10.42789
140	19400.00000	10.42789
140	19600.00000	10.42789
140	19800.00000	10.42789
140	20000.00000	9.36512
141	0.00000	11.49414
141	200.00000	11.49414
141	400.00000	11.49414
141	600.00000	11.49414
141	800.00000	14.24413
141	1000.00000	14.24413
141	1200.00000	14.24413
141	1400.00000	14.24413
141	1600.00000	10.87037
141	1800.00000	10.87037
141	2000.00000	10.87037
141	2200.00000	10.87037
141	2400.00000	11.19459
141	2600.00000	11.19459
141	2800.00000	11.19459
141	3000.00000	11.19459
141	3200.00000	10.32503
141	3400.00000	10.32503
141	3600.00000	10.32503
141	3800.00000	10.32503
141	4000.00000	11.53812
141	4200.00000	11.53812
141	4400.00000	11.53812
141	4600.00000	11.53812
141	4800.00000	10.93804
141	5000.00000	10.93804
141	5200.00000	10.93804
141	5400.00000	9.72029
141	5600.00000	9.72029
141	5800.00000	9.72029
141	6000.00000	9.72029
141	6200.00000	10.45468
141	6400.00000	10.45468
141	6600.00000	10.45468
141	6800.00000	10.45468
141	7000.00000	9.37377
141	7200.00000	9.37377
141	7400.00000	9.37377
141	7600.00000	9.37377
141	7800.00000	9.68570
141	8000.00000	9.68570
141	8200.00000	9.68570
141	8400.00000	9.68570
141	8600.00000	9.38709
141	8800.00000	9.38709
141	9000.00000	9.38709
141	9200.00000	9.38709
141	9400.00000	10.80530
141	9600.00000	10.80530
141	9800.00000	10.80530
141	10000.00000	10.56208
141	10200.00000	10.56208
141	10400.00000	10.56208
141	10600.00000	10.56208
141	10800.00000	8.96653
141	11000.00000	8.96653
141	11200.00000	8.96653
141	11400.00000	8.96653
141	11600.00000	10.20033
141	11800.00000	10.20033
141	12000.00000	10.20033
141	12200.00000	10.20033
141	12400.00000	11.24524
141	12600.00000	11.24524
141	12800.00000	11.24524
141	13000.00000	11.24524
141	13200.00000	9.53654
141	13400.00000	9.53654
141	13600.00000	9.53654
141	13800.00000	9.53654
141	14000.00000	8.58514
141	14200.00000	8.58514
141	14400.00000	8.58514
141	14600.00000	9.69007
141	14800.00000	9.69007
141	15000.00000	9.69007
141	15200.00000	9.69007
141	15400.00000	8.69538
141	15600.00000	8.69538
141	15800.00000	8.69538
141	16000.00000	8.69538
141	16200.00000	8.56692
141	16400.00000	8.56692
141	16600.00000	8.56692
141	16800.00000	8.56692
141	17000.00000	9.16906
141	17200.00000	9.16906
141	17400.00000	9.16906
141	17600.00000	9.16906
141	17800.00000	10.57042
141	18000.00000	10.57042
141	18200.00000	10.57042
141	18400.00000	10.57042
141	18600.00000	9.79021
141	18800.00000	9.79021
141	19000.00000	9.79021
141	19200.00000	9.40802
141	19400.00000	9.40802
141	19600.00000	9.40802
141	19800.00000	9.40802
141	20000.00000	9.45751
142	0.00000	11.55981
142	200.00000	11.55981
142	400.00000	11.55981
142	600.00000	11.55981
142	800.00000	13.30452
142	1000.00000	13.30452
142	1200.00000	13.30452
142	1400.00000	13.30452
142	1600.00000	10.86617
142	1800.00000	10.86617
142	2000.00000	10.86617
142	2200.00000	10.86617
142	2400.00000	11.46414
142	2600.00000	11.46414
142	2800.00000	11.46414
142	3000.00000	11.46414
142	3200.00000	10.17049
142	3400.00000	10.17049
142	3600.00000	10.17049
142	3800.00000	10.17049
142	4000.00000	10.87398
142	4200.00000	10.87398
142	4400.00000	10.87398
142	4600.00000	10.87398
142	4800.00000	11.66182
142	5000.00000	11.66182
142	5200.00000	11.66182
142	5400.00000	9.94414
142	5600.00000	9.94414
142	5800.00000	9.94414
142	6000.00000	9.94414
142	6200.00000	11.32565
142	6400.00000	11.32565
142	6600.00000	11.32565
142	6800.00000	11.32565
142	7000.00000	9.59289
142	7200.00000	9.59289
142	7400.00000	9.59289
142	7600.00000	9.59289
142	7800.00000	9.58894
142	8000.00000	9.58894
142	8200.00000	9.58894
142	8400.00000	9.58894
142	8600.00000	9.25095
142	8800.00000	9.25095
142	9000.00000	9.25095
142	9200.00000	9.25095
142	9400.00000	10.16257
142	9600.00000	10.16257
142	9800.00000	10.16257
142	10000.00000	9.65158
142	10200.00000	9.65158
142	10400.00000	9.65158
142	10600.00000	9.65158
142	10800.00000	9.00352
142	11000.00000	9.00352
142	11200.00000	9.00352
142	11400.00000	9.00352
142	11600.00000	11.52335
142	11800.00000	11.52335
142	12000.00000	11.52335
142	12200.00000	11.52335
142	12400.00000	11.10484
142	12600.00000	11.10484
142	12800.00000	11.10484
142	13000.00000	11.10484
142	13200.00000	8.54506
142	13400.00000	8.54506
142	13600.00000	8.54506
142	13800.00000	8.54506
142	14000.00000	9.43979
142	14200.00000	9.43979
142	14400.00000	9.43979
142	14600.00000	8.79160
142	14800.00000	8.79160
142	15000.00000	8.79160
142	15200.00000	8.79160
142	15400.00000	8.57478
142	15600.00000	8.57478
142	15800.00000	8.57478
142	16000.00000	8.57478
142	16200.00000	9.29489
142	16400.00000	9.29489
142	16600.00000	9.29489
142	16800.00000	9.29489
142	17000.00000	9.00136
142	17200.00000	9.00136
142	17400.00000	9.00136
142	17600.00000	9.00136
142	17800.00000	8.49236
142	18000.00000	8.49236
142	18200.00000	8.49236
142	18400.00000	8.49236
142	18600.00000	9.94511
142	18800.00000	9.94511
142	19000.00000	9.94511
142	19200.00000	8.93679
142	19400.00000	8.93679
142	19600.00000	8.93679
142	19800.00000	8.93679
142	20000.00000	9.86851
143	0.00000	11.37216
143	200.00000	11.37216
143	400.00000	11.37216
143	600.00000	11.37216
143	800.00000	13.71394
143	1000.00000	13.71394
143	1200.00000	13.71394
143	1400.00000	13.71394
143	1600.00000	10.87524
143	1800.00000	10.87524
143	2000.00000	10.87524
143	2200.00000	10.87524
143	2400.00000	11.14161
143	2600.00000	11.14161
143	2800.00000	11.14161
143	3000.00000	11.14161
143	3200.00000	10.37371
143	3400.00000	10.37371
143	3600.00000	10.37371
143	3800.00000	10.37371
143	4000.00000	11.14811
143	4200.00000	11.14811
143	4400.00000	11.14811
143	4600.00000	11.14811
143	4800.00000	10.95642
143	5000.00000	10.95642
143	5200.00000	10.95642
143	5400.00000	9.97396
143	5600.00000	9.97396
143	5800.00000	9.97396
143	6000.00000	9.97396
143	6200.00000	11.18015
143	6400.00000	11.18015
143	6600.00000	11.18015
143	6800.00000	11.18015
143	7000.00000	9.53442
143	7200.00000	9.53442
143	7400.00000	9.53442
143	7600.00000	9.53442
143	7800.00000	9.97045
143	8000.00000	9.97045
143	8200.00000	9.97045
143	8400.00000	9.97045
143	8600.00000	9.16394
143	8800.00000	9.16394
143	9000.00000	9.16394
143	9200.00000	9.16394
143	9400.00000	10.90950
143	9600.00000	10.90950
143	9800.00000	10.90950
143	10000.00000	9.10290
143	10200.00000	9.10290
143	10400.00000	9.10290
143	10600.00000	9.10290
143	10800.00000	9.21690
143	11000.00000	9.21690
143	11200.00000	9.21690
143	11400.00000	9.21690
143	11600.00000	10.06412
143	11800.00000	10.06412
143	12000.00000	10.06412
143	12200.00000	10.06412
143	12400.00000	10.80448
143	12600.00000	10.80448
143	12800.00000	10.80448
143	13000.00000	10.80448
143	13200.00000	10.23075
143	13400.00000	10.23075
143	13600.00000	10.23075
143	13800.00000	10.23075
143	14000.00000	9.12501
143	14200.00000	9.12501
143	14400.00000	9.12501
143	14600.00000	9.80138
143	14800.00000	9.80138
143	15000.00000	9.80138
143	15200.00000	9.80138
143	15400.00000	8.90682
143	15600.00000	8.90682
143	15800.00000	8.90682
143	16000.00000	8.90682
143	16200.00000	7.92698
143	16400.00000	7.92698
143	16600.00000	7.92698
143	16800.00000	7.92698
143	17000.00000	9.44612
143	17200.00000	9.44612
143	17400.00000	9.44612
143	17600.00000	9.44612
143	17800.00000	10.28390
143	18000.00000	10.28390
143	18200.00000	10.28390
143	18400.00000	10.28390
143	18600.00000	8.31019
143	18800.00000	8.31019
143	19000.00000	8.31019
143	19200.00000	9.68033
143	19400.00000	9.68033
143	19600.00000	9.68033
143	19800.00000	9.68033
143	20000.00000	8.51511
144	0.00000	11.55684
144	200.00000	11.55684
144	400.00000	11.55684
144	600.00000	11.55684
144	800.00000	13.08755
144	1000.00000	13.08755
144	1200.00000	13.08755
144	1400.00000	13.08755
144	1600.00000	10.79250
144	1800.00000	10.79250
144	2000.00000	10.79250
144	2200.00000	10.79250
144	2400.00000	11.35796
144	2600.00000	11.35796
144	2800.00000	11.35796
144	3000.00000	11.35796
144	3200.00000	10.12485
144	3400.00000	10.12485
144	3600.00000	10.12485
144	3800.00000	10.12485
144	4000.00000	11.95440
144	4200.00000	11.95440
144	4400.00000	11.95440
144	4600.00000	11.95440
144	4800.00000	10.17705
144	5000.00000	10.17705
144	5200.00000	10.17705
144	5400.00000	10.33390
144	5600.00000	10.33390
144	5800.00000	10.33390
144	6000.00000	10.33390
144	6200.00000	10.54662
144	6400.00000	10.54662
144	6600.00000	10.54662
144	6800.00000	10.54662
144	7000.00000	9.60301
144	7200.00000	9.60301
144	7400.00000	9.60301
144	7600.00000	9.60301
144	7800.00000	10.50863
144	8000.00000	10.50863
144	8200.00000	10.50863
144	8400.00000	10.50863
144	8600.00000	9.08426
144	8800.00000	9.08426
144	9000.00000	9.08426
144	9200.00000	9.08426
144	9400.00000	10.08839
144	9600.00000	10.08839
144	9800.00000	10.08839
144	10000.00000	9.31914
144	10200.00000	9.31914
144	10400.00000	9.31914
144	10600.00000	9.31914
144	10800.00000	9.19610
144	11000.00000	9.19610
144	11200.00000	9.19610
144	11400.00000	9.19610
144	11600.00000	10.63254
144	11800.00000	10.63254
144	12000.00000	10.63254
144	12200.00000	10.63254
144	12400.00000	10.67708
144	12600.00000	10.67708
144	12800.00000	10.67708
144	13000.00000	10.67708
144	13200.00000	9.57168
144	13400.00000	9.57168
144	13600.00000	9.57168
144	13800.00000	9.57168
144	14000.00000	8.97113
144	14200.00000	8.97113
144	14400.00000	8.97113
144	14600.00000	9.79093
144	14800.00000	9.79093
144	15000.00000	9.79093
144	15200.00000	9.79093
144	15400.00000	9.12777
144	15600.00000	9.12777
144	15800.00000	9.12777
144	16000.00000	9.12777
144	16200.00000	8.77591
144	16400.00000	8.77591
144	16600.00000	8.77591
144	16800.00000	8.77591
144	17000.00000	10.65400
144	17200.00000	10.65400
144	17400.00000	10.65400
144	17600.00000	10.65400
144	17800.00000	11.02005
144	18000.00000	11.02005
144	18200.00000	11.02005
144	18400.00000	11.02005
144	18600.00000	9.41676
144	18800.00000	9.41676
144	19000.00000	9.41676
144	19200.00000	7.95921
144	19400.00000	7.95921
144	19600.00000	7.95921
144	19800.00000	7.95921
144	20000.00000	8.77542
145	0.00000	11.49235
145	200.00000	11.49235
145	400.00000	11.49235
145	600.00000	11.49235
145	800.00000	14.68486
145	1000.00000	14.68486
145	1200.00000	14.68486
145	1400.00000	14.68486
145	1600.00000	10.74971
145	1800.00000	10.74971
145	2000.00000	10.74971
145	2200.00000	10.74971
145	2400.00000	11.33623
145	2600.00000	11.33623
145	2800.00000	11.33623
145	3000.00000	11.33623
145	3200.00000	10.18572
145	3400.00000	10.18572
145	3600.00000	10.18572
145	3800.00000	10.18572
145	4000.00000	11.39744
145	4200.00000	11.39744
145	4400.00000	11.39744
145	4600.00000	11.39744
145	4800.00000	10.28943
145	5000.00000	10.28943
145	5200.00000	10.28943
145	5400.00000	10.36945
145	5600.00000	10.36945
145	5800.00000	10.36945
145	6000.00000	10.36945
145	6200.00000	10.36896
145	6400.00000	10.36896
145	6600.00000	10.36896
145	6800.00000	10.36896
145	7000.00000	9.61784
145	7200.00000	9.61784
145	7400.00000	9.61784
145	7600.00000	9.61784
145	7800.00000	10.36197
145	8000.00000	10.36197
145	8200.00000	10.36197
145	8400.00000	10.36197
145	8600.00000	9.09584
145	8800.00000	9.09584
145	9000.00000	9.09584
145	9200.00000	9.09584
145	9400.00000	11.06378
145	9600.00000	11.06378
145	9800.00000	11.06378
145	10000.00000	9.06014
145	10200.00000	9.06014
145	10400.00000	9.06014
145	10600.00000	9.06014
145	10800.00000	9.62920
145	11000.00000	9.62920
145	11200.00000	9.62920
145	11400.00000	9.62920
145	11600.00000	10.20623
145	11800.00000	10.20623
145	12000.00000	10.20623
145	12200.00000	10.20623
145	12400.00000	11.10177
145	12600.00000	11.10177
145	12800.00000	11.10177
145	13000.00000	11.10177
145	13200.00000	10.79471
145	13400.00000	10.79471
145	13600.00000	10.79471
145	13800.00000	10.79471
145	14000.00000	8.26269
145	14200.00000	8.26269
145	14400.00000	8.26269
145	14600.00000	10.08457
145	14800.00000	10.08457
145	15000.00000	10.08457
145	15200.00000	10.08457
145	15400.00000	8.40399
145	15600.00000	8.40399
145	15800.00000	8.40399
145	16000.00000	8.40399
145	16200.00000	8.56714
145	16400.00000	8.56714
145	16600.00000	8.56714
145	16800.00000	8.56714
145	17000.00000	9.82415
145	17200.00000	9.82415
145	17400.00000	9.82415
145	17600.00000	9.82415
145	17800.00000	10.15180
145	18000.00000	10.15180
145	18200.00000	10.15180
145	18400.00000	10.15180
145	18600.00000	9.01700
145	18800.00000	9.01700
145	19000.00000	9.01700
145	19200.00000	8.40836
145	19400.00000	8.40836
145	19600.00000	8.40836
145	19800.00000	8.40836
145	20000.00000	9.39884
146	0.00000	11.45162
146	200.00000	11.45162
146	400.00000	11.45162
146	600.00000	11.45162
146	800.00000	14.22958
146	1000.00000	14.22958
146	1200.00000	14.22958
146	1400.00000	14.22958
146	1600.00000	10.84853
146	1800.00000	10.84853
146	2000.00000	10.84853
146	2200.00000	10.84853
146	2400.00000	11.47827
146	2600.00000	11.47827
146	2800.00000	11.47827
146	3000.00000	11.47827
146	3200.00000	10.18712
146	3400.00000	10.18712
146	3600.00000	10.18712
146	3800.00000	10.18712
146	4000.00000	11.71316
146	4200.00000	11.71316
146	4400.00000	11.71316
146	4600.00000	11.71316
146	4800.00000	10.40155
146	5000.00000	10.40155
146	5200.00000	10.40155
146	5400.00000	10.34184
146	5600.00000	10.34184
146	5800.00000	10.34184
146	6000.00000	10.34184
146	6200.00000	10.60019
146	6400.00000	10.60019
146	6600.00000	10.60019
146	6800.00000	10.60019
146	7000.00000	9.77611
146	7200.00000	9.77611
146	7400.00000	9.77611
146	7600.00000	9.77611
146	7800.00000	10.63057
146	8000.00000	10.63057
146	8200.00000	10.63057
146	8400.00000	10.63057
146	8600.00000	8.97821
146	8800.00000	8.97821
146	9000.00000	8.97821
146	9200.00000	8.97821
146	9400.00000	12.08971
146	9600.00000	12.08971
146	9800.00000	12.08971
146	10000.00000	8.92380
146	10200.00000	8.92380
146	10400.00000	8.92380
146	10600.00000	8.92380
146	10800.00000	9.95417
146	11000.00000	9.95417
146	11200.00000	9.95417
146	11400.00000	9.95417
146	11600.00000	11.91008
146	11800.00000	11.91008
146	12000.00000	11.91008
146	12200.00000	11.91008
146	12400.00000	12.78839
146	12600.00000	12.78839
146	12800.00000	12.78839
146	13000.00000	12.78839
146	13200.00000	10.33815
146	13400.00000	10.33815
146	13600.00000	10.33815
146	13800.00000	10.33815
146	14000.00000	9.02801
146	14200.00000	9.02801
146	14400.00000	9.02801
146	14600.00000	9.40580
146	14800.00000	9.40580
146	15000.00000	9.40580
146	15200.00000	9.40580
146	15400.00000	8.52855
146	15600.00000	8.52855
146	15800.00000	8.52855
146	16000.00000	8.52855
146	16200.00000	9.18713
146	16400.00000	9.18713
146	16600.00000	9.18713
146	16800.00000	9.18713
146	17000.00000	11.31334
146	17200.00000	11.31334
146	17400.00000	11.31334
146	17600.00000	11.31334
146	17800.00000	9.25376
146	18000.00000	9.25376
146	18200.00000	9.25376
146	18400.00000	9.25376
146	18600.00000	8.38222
146	18800.00000	8.38222
146	19000.00000	8.38222
146	19200.00000	8.10276
146	19400.00000	8.10276
146	19600.00000	8.10276
146	19800.00000	8.10276
146	20000.00000	8.33928
147	0.00000	11.41588
147	200.00000	11.41588
147	400.00000	11.41588
147	600.00000	11.41588
147	800.00000	13.67248
147	1000.00000	13.67248
147	1200.00000	13.67248
147	1400.00000	13.67248
147	1600.00000	10.82917
147	1800.00000	10.82917
147	2000.00000	10.82917
147	2200.00000	10.82917
147	2400.00000	11.42734
147	2600.00000	11.42734
147	2800.00000	11.42734
147	3000.00000	11.42734
147	3200.00000	10.04580
147	3400.00000	10.04580
147	3600.00000	10.04580
147	3800.00000	10.04580
147	4000.00000	12.10295
147	4200.00000	12.10295
147	4400.00000	12.10295
147	4600.00000	12.10295
147	4800.00000	10.18883
147	5000.00000	10.18883
147	5200.00000	10.18883
147	5400.00000	10.37671
147	5600.00000	10.37671
147	5800.00000	10.37671
147	6000.00000	10.37671
147	6200.00000	10.33985
147	6400.00000	10.33985
147	6600.00000	10.33985
147	6800.00000	10.33985
147	7000.00000	9.64970
147	7200.00000	9.64970
147	7400.00000	9.64970
147	7600.00000	9.64970
147	7800.00000	9.94942
147	8000.00000	9.94942
147	8200.00000	9.94942
147	8400.00000	9.94942
147	8600.00000	9.12169
147	8800.00000	9.12169
147	9000.00000	9.12169
147	9200.00000	9.12169
147	9400.00000	12.32795
147	9600.00000	12.32795
147	9800.00000	12.32795
147	10000.00000	9.30860
147	10200.00000	9.30860
147	10400.00000	9.30860
147	10600.00000	9.30860
147	10800.00000	8.91591
147	11000.00000	8.91591
147	11200.00000	8.91591
147	11400.00000	8.91591
147	11600.00000	10.99735
147	11800.00000	10.99735
147	12000.00000	10.99735
147	12200.00000	10.99735
147	12400.00000	9.95519
147	12600.00000	9.95519
147	12800.00000	9.95519
147	13000.00000	9.95519
147	13200.00000	9.95633
147	13400.00000	9.95633
147	13600.00000	9.95633
147	13800.00000	9.95633
147	14000.00000	9.01993
147	14200.00000	9.01993
147	14400.00000	9.01993
147	14600.00000	10.64097
147	14800.00000	10.64097
147	15000.00000	10.64097
147	15200.00000	10.64097
147	15400.00000	7.90725
147	15600.00000	7.90725
147	15800.00000	7.90725
147	16000.00000	7.90725
147	16200.00000	12.28697
147	16400.00000	12.28697
147	16600.00000	12.28697
147	16800.00000	12.28697
147	17000.00000	11.74946
147	17200.00000	11.74946
147	17400.00000	11.74946
147	17600.00000	11.74946
147	17800.00000	11.34281
147	18000.00000	11.34281
147	18200.00000	11.34281
147	18400.00000	11.34281
147	18600.00000	7.87769
147	18800.00000	7.87769
147	19000.00000	7.87769
147	19200.00000	8.74816
147	19400.00000	8.74816
147	19600.00000	8.74816
147	19800.00000	8.74816
147	20000.00000	7.84175
148	0.00000	11.46191
148	200.00000	11.46191
148	400.00000	11.46191
148	600.00000	11.46191
148	800.00000	14.98621
148	1000.00000	14.98621
148	1200.00000	14.98621
148	1400.00000	14.98621
148	1600.00000	10.95226
148	1800.00000	10.95226
148	2000.00000	10.95226
148	2200.00000	10.95226
148	2400.00000	11.14346
148	2600.00000	11.14346
148	2800.00000	11.14346
148	3000.00000	11.14346
148	3200.00000	10.35010
148	3400.00000	10.35010
148	3600.00000	10.35010
148	3800.00000	10.35010
148	4000.00000	12.00993
148	4200.00000	12.00993
148	4400.00000	12.00993
148	4600.00000	12.00993
148	4800.00000	10.24745
148	5000.00000	10.24745
148	5200.00000	10.24745
148	5400.00000	10.51179
148	5600.00000	10.51179
148	5800.00000	10.51179
148	6000.00000	10.51179
148	6200.00000	10.85389
148	6400.00000	10.85389
148	6600.00000	10.85389
148	6800.00000	10.85389
148	7000.00000	9.70248
148	7200.00000	9.70248
148	7400.00000	9.70248
148	7600.00000	9.70248
148	7800.00000	9.74952
148	8000.00000	9.74952
148	8200.00000	9.74952
148	8400.00000	9.74952
148	8600.00000	8.99799
148	8800.00000	8.99799
148	9000.00000	8.99799
148	9200.00000	8.99799
148	9400.00000	10.85387
148	9600.00000	10.85387
148	9800.00000	10.85387
148	10000.00000	9.38270
148	10200.00000	9.38270
148	10400.00000	9.38270
148	10600.00000	9.38270
148	10800.00000	9.21286
148	11000.00000	9.21286
148	11200.00000	9.21286
148	11400.00000	9.21286
148	11600.00000	11.22534
148	11800.00000	11.22534
148	12000.00000	11.22534
148	12200.00000	11.22534
148	12400.00000	10.00508
148	12600.00000	10.00508
148	12800.00000	10.00508
148	13000.00000	10.00508
148	13200.00000	10.38378
148	13400.00000	10.38378
148	13600.00000	10.38378
148	13800.00000	10.38378
148	14000.00000	9.23325
148	14200.00000	9.23325
148	14400.00000	9.23325
148	14600.00000	8.79659
148	14800.00000	8.79659
148	15000.00000	8.79659
148	15200.00000	8.79659
148	15400.00000	8.01921
148	15600.00000	8.01921
148	15800.00000	8.01921
148	16000.00000	8.01921
148	16200.00000	9.22169
148	16400.00000	9.22169
148	16600.00000	9.22169
148	16800.00000	9.22169
148	17000.00000	10.03331
148	17200.00000	10.03331
148	17400.00000	10.03331
148	17600.00000	10.03331
148	17800.00000	11.98973
148	18000.00000	11.98973
148	18200.00000	11.98973
148	18400.00000	11.98973
148	18600.00000	9.09860
148	18800.00000	9.09860
148	19000.00000	9.09860
148	19200.00000	8.29569
148	19400.00000	8.29569
148	19600.00000	8.29569
148	19800.00000	8.29569
148	20000.00000	8.41340
149	0.00000	11.43201
149	200.00000	11.43201
149	400.00000	11.43201
149	600.00000	11.43201
149	800.00000	14.67021
149	1000.00000	14.67021
149	1200.00000	14.67021
149	1400.00000	14.67021
149	1600.00000	10.88197
149	1800.00000	10.88197
149	2000.00000	10.88197
149	2200.00000	10.88197
149	2400.00000	11.57254
149	2600.00000	11.57254
149	2800.00000	11.57254
149	3000.00000	11.57254
149	3200.00000	10.21259
149	3400.00000	10.21259
149	3600.00000	10.21259
149	3800.00000	10.21259
149	4000.00000	11.30184
149	4200.00000	11.30184
149	4400.00000	11.30184
149	4600.00000	11.30184
149	4800.00000	10.24901
149	5000.00000	10.24901
149	5200.00000	10.24901
149	5400.00000	10.30933
149	5600.00000	10.30933
149	5800.00000	10.30933
149	6000.00000	10.30933
149	6200.00000	10.23756
149	6400.00000	10.23756
149	6600.00000	10.23756
149	6800.00000	10.23756
149	7000.00000	9.45923
149	7200.00000	9.45923
149	7400.00000	9.45923
149	7600.00000	9.45923
149	7800.00000	9.86230
149	8000.00000	9.86230
149	8200.00000	9.86230
149	8400.00000	9.86230
149	8600.00000	9.40379
149	8800.00000	9.40379
149	9000.00000	9.40379
149	9200.00000	9.40379
149	9400.00000	12.25924
149	9600.00000	12.25924
149	9800.00000	12.25924
149	10000.00000	9.15823
149	10200.00000	9.15823
149	10400.00000	9.15823
149	10600.00000	9.15823
149	10800.00000	8.95139
149	11000.00000	8.95139
149	11200.00000	8.95139
149	11400.00000	8.95139
149	11600.00000	10.39512
149	11800.00000	10.39512
149	12000.00000	10.39512
149	12200.00000	10.39512
149	12400.00000	11.51733
149	12600.00000	11.51733
149	12800.00000	11.51733
149	13000.00000	11.51733
149	13200.00000	9.93771
149	13400.00000	9.93771
149	13600.00000	9.93771
149	13800.00000	9.93771
149	14000.00000	8.77760
149	14200.00000	8.77760
149	14400.00000	8.77760
149	14600.00000	9.68984
149	14800.00000	9.68984
149	15000.00000	9.68984
149	15200.00000	9.68984
149	15400.00000	8.73032
149	15600.00000	8.73032
149	15800.00000	8.73032
149	16000.00000	8.73032
149	16200.00000	9.01096
149	16400.00000	9.01096
149	16600.00000	9.01096
149	16800.00000	9.01096
149	17000.00000	9.38373
149	17200.00000	9.38373
149	17400.00000	9.38373
149	17600.00000	9.38373
149	17800.00000	8.78229
149	18000.00000	8.78229
149	18200.00000	8.78229
149	18400.00000	8.78229
149	18600.00000	9.11719
149	18800.00000	9.11719
149	19000.00000	9.11719
149	19200.00000	8.47122
149	19400.00000	8.47122
149	19600.00000	8.47122
149	19800.00000	8.47122
149	20000.00000	9.71350
150	0.00000	11.52074
150	200.00000	11.52074
150	400.00000	11.52074
150	600.00000	11.52074
150	800.00000	14.02100
150	1000.00000	14.02100
150	1200.00000	14.02100
150	1400.00000	14.02100
150	1600.00000	10.82827
150	1800.00000	10.82827
150	2000.00000	10.82827
150	2200.00000	10.82827
150	2400.00000	11.27383
150	2600.00000	11.27383
150	2800.00000	11.27383
150	3000.00000	11.27383
150	3200.00000	10.24828
150	3400.00000	10.24828
150	3600.00000	10.24828
150	3800.00000	10.24828
150	4000.00000	11.62593
150	4200.00000	11.62593
150	4400.00000	11.62593
150	4600.00000	11.62593
150	4800.00000	10.96834
150	5000.00000	10.96834
150	5200.00000	10.96834
150	5400.00000	9.97297
150	5600.00000	9.97297
150	5800.00000	9.97297
150	6000.00000	9.97297
150	6200.00000	10.30907
150	6400.00000	10.30907
150	6600.00000	10.30907
150	6800.00000	10.30907
150	7000.00000	9.50864
150	7200.00000	9.50864
150	7400.00000	9.50864
150	7600.00000	9.50864
150	7800.00000	9.48795
150	8000.00000	9.48795
150	8200.00000	9.48795
150	8400.00000	9.48795
150	8600.00000	9.42907
150	8800.00000	9.42907
150	9000.00000	9.42907
150	9200.00000	9.42907
150	9400.00000	10.39386
150	9600.00000	10.39386
150	9800.00000	10.39386
150	10000.00000	8.87468
150	10200.00000	8.87468
150	10400.00000	8.87468
150	10600.00000	8.87468
150	10800.00000	8.68096
150	11000.00000	8.68096
150	11200.00000	8.68096
150	11400.00000	8.68096
150	11600.00000	11.15353
150	11800.00000	11.15353
150	12000.00000	11.15353
150	12200.00000	11.15353
150	12400.00000	11.24123
150	12600.00000	11.24123
150	12800.00000	11.24123
150	13000.00000	11.24123
150	13200.00000	9.89473
150	13400.00000	9.89473
150	13600.00000	9.89473
150	13800.00000	9.89473
150	14000.00000	8.67145
150	14200.00000	8.67145
150	14400.00000	8.67145
150	14600.00000	10.61469
150	14800.00000	10.61469
150	15000.00000	10.61469
150	15200.00000	10.61469
150	15400.00000	9.11590
150	15600.00000	9.11590
150	15800.00000	9.11590
150	16000.00000	9.11590
150	16200.00000	9.74828
150	16400.00000	9.74828
150	16600.00000	9.74828
150	16800.00000	9.74828
150	17000.00000	9.08831
150	17200.00000	9.08831
150	17400.00000	9.08831
150	17600.00000	9.08831
150	17800.00000	8.06196
150	18000.00000	8.06196
150	18200.00000	8.06196
150	18400.00000	8.06196
150	18600.00000	8.28927
150	18800.00000	8.28927
150	19000.00000	8.28927
150	19200.00000	8.90184
150	19400.00000	8.90184
150	19600.00000	8.90184
150	19800.00000	8.90184
150	20000.00000	7.89147
151	0.00000	11.37783
151	200.00000	11.37783
151	400.00000	11.37783
151	600.00000	11.37783
151	800.00000	12.90376
151	1000.00000	12.90376
151	1200.00000	12.90376
151	1400.00000	12.90376
151	1600.00000	10.83469
151	1800.00000	10.83469
151	2000.00000	10.83469
151	2200.00000	10.83469
151	2400.00000	11.07119
151	2600.00000	11.07119
151	2800.00000	11.07119
151	3000.00000	11.07119
151	3200.00000	10.25494
151	3400.00000	10.25494
151	3600.00000	10.25494
151	3800.00000	10.25494
151	4000.00000	11.08703
151	4200.00000	11.08703
151	4400.00000	11.08703
151	4600.00000	11.08703
151	4800.00000	10.91852
151	5000.00000	10.91852
151	5200.00000	10.91852
151	5400.00000	9.66928
151	5600.00000	9.66928
151	5800.00000	9.66928
151	6000.00000	9.66928
151	6200.00000	11.59589
151	6400.00000	11.59589
151	6600.00000	11.59589
151	6800.00000	11.59589
151	7000.00000	9.47641
151	7200.00000	9.47641
151	7400.00000	9.47641
151	7600.00000	9.47641
151	7800.00000	9.30164
151	8000.00000	9.30164
151	8200.00000	9.30164
151	8400.00000	9.30164
151	8600.00000	9.83495
151	8800.00000	9.83495
151	9000.00000	9.83495
151	9200.00000	9.83495
151	9400.00000	10.37242
151	9600.00000	10.37242
151	9800.00000	10.37242
151	10000.00000	8.88762
151	10200.00000	8.88762
151	10400.00000	8.88762
151	10600.00000	8.88762
151	10800.00000	9.51410
151	11000.00000	9.51410
151	11200.00000	9.51410
151	11400.00000	9.51410
151	11600.00000	11.14810
151	11800.00000	11.14810
151	12000.00000	11.14810
151	12200.00000	11.14810
151	12400.00000	10.58993
151	12600.00000	10.58993
151	12800.00000	10.58993
151	13000.00000	10.58993
151	13200.00000	9.62464
151	13400.00000	9.62464
151	13600.00000	9.62464
151	13800.00000	9.62464
151	14000.00000	8.88673
151	14200.00000	8.88673
151	14400.00000	8.88673
151	14600.00000	8.98040
151	14800.00000	8.98040
151	15000.00000	8.98040
151	15200.00000	8.98040
151	15400.00000	8.50398
151	15600.00000	8.50398
151	15800.00000	8.50398
151	16000.00000	8.50398
151	16200.00000	10.41258
151	16400.00000	10.41258
151	16600.00000	10.41258
151	16800.00000	10.41258
151	17000.00000	9.39482
151	17200.00000	9.39482
151	17400.00000	9.39482
151	17600.00000	9.39482
151	17800.00000	9.78851
151	18000.00000	9.78851
151	18200.00000	9.78851
151	18400.00000	9.78851
151	18600.00000	8.77669
151	18800.00000	8.77669
151	19000.00000	8.77669
151	19200.00000	9.06707
151	19400.00000	9.06707
151	19600.00000	9.06707
151	19800.00000	9.06707
151	20000.00000	8.33689
152	0.00000	11.44029
152	200.00000	11.44029
152	400.00000	11.44029
152	600.00000	11.44029
152	800.00000	13.08452
152	1000.00000	13.08452
152	1200.00000	13.08452
152	1400.00000	13.08452
152	1600.00000	10.97935
152	1800.00000	10.97935
152	2000.00000	10.97935
152	2200.00000	10.97935
152	2400.00000	10.90932
152	2600.00000	10.90932
152	2800.00000	10.90932
152	3000.00000	10.90932
152	3200.00000	10.43353
152	3400.00000	10.43353
152	3600.00000	10.43353
152	3800.00000	10.43353
152	4000.00000	11.13179
152	4200.00000	11.13179
152	4400.00000	11.13179
152	4600.00000	11.13179
152	4800.00000	11.12247
152	5000.00000	11.12247
152	5200.00000	11.12247
152	5400.00000	9.61228
152	5600.00000	9.61228
152	5800.00000	9.61228
152	6000.00000	9.61228
152	6200.00000	11.69289
152	6400.00000	11.69289
152	6600.00000	11.69289
152	6800.00000	11.69289
152	7000.00000	9.51890
152	7200.00000	9.51890
152	7400.00000	9.51890
152	7600.00000	9.51890
152	7800.00000	9.34155
152	8000.00000	9.34155
152	8200.00000	9.34155
152	8400.00000	9.34155
152	8600.00000	10.05389
152	8800.00000	10.05389
152	9000.00000	10.05389
152	9200.00000	10.05389
152	9400.00000	11.44896
152	9600.00000	11.44896
152	9800.00000	11.44896
152	10000.00000	10.22445
152	10200.00000	10.22445
152	10400.00000	10.22445
152	10600.00000	10.22445
152	10800.00000	8.85727
152	11000.00000	8.85727
152	11200.00000	8.85727
152	11400.00000	8.85727
152	11600.00000	10.75781
152	11800.00000	10.75781
152	12000.00000	10.75781
152	12200.00000	10.75781
152	12400.00000	12.51011
152	12600.00000	12.51011
152	12800.00000	12.51011
152	13000.00000	12.51011
152	13200.00000	11.12604
152	13400.00000	11.12604
152	13600.00000	11.12604
152	13800.00000	11.12604
152	14000.00000	8.95343
152	14200.00000	8.95343
152	14400.00000	8.95343
152	14600.00000	8.82913
152	14800.00000	8.82913
152	15000.00000	8.82913
152	15200.00000	8.82913
152	15400.00000	8.08158
152	15600.00000	8.08158
152	15800.00000	8.08158
152	16000.00000	8.08158
152	16200.00000	10.98933
152	16400.00000	10.98933
152	16600.00000	10.98933
152	16800.00000	10.98933
152	17000.00000	11.48894
152	17200.00000	11.48894
152	17400.00000	11.48894
152	17600.00000	11.48894
152	17800.00000	8.51863
152	18000.00000	8.51863
152	18200.00000	8.51863
152	18400.00000	8.51863
152	18600.00000	9.86934
152	18800.00000	9.86934
152	19000.00000	9.86934
152	19200.00000	12.02024
152	19400.00000	12.02024
152	19600.00000	12.02024
152	19800.00000	12.02024
152	20000.00000	8.88149
153	0.00000	11.51872
153	200.00000	11.51872
153	400.00000	11.51872
153	600.00000	11.51872
153	800.00000	14.07188
153	1000.00000	14.07188
153	1200.00000	14.07188
153	1400.00000	14.07188
153	1600.00000	10.76995
153	1800.00000	10.76995
153	2000.00000	10.76995
153	2200.00000	10.76995
153	2400.00000	11.31028
153	2600.00000	11.31028
153	2800.00000	11.31028
153	3000.00000	11.31028
153	3200.00000	10.49322
153	3400.00000	10.49322
153	3600.00000	10.49322
153	3800.00000	10.49322
153	4000.00000	10.82979
153	4200.00000	10.82979
153	4400.00000	10.82979
153	4600.00000	10.82979
153	4800.00000	10.96491
153	5000.00000	10.96491
153	5200.00000	10.96491
153	5400.00000	9.84015
153	5600.00000	9.84015
153	5800.00000	9.84015
153	6000.00000	9.84015
153	6200.00000	11.63521
153	6400.00000	11.63521
153	6600.00000	11.63521
153	6800.00000	11.63521
153	7000.00000	9.05054
153	7200.00000	9.05054
153	7400.00000	9.05054
153	7600.00000	9.05054
153	7800.00000	10.61177
153	8000.00000	10.61177
153	8200.00000	10.61177
153	8400.00000	10.61177
153	8600.00000	9.14955
153	8800.00000	9.14955
153	9000.00000	9.14955
153	9200.00000	9.14955
153	9400.00000	10.28253
153	9600.00000	10.28253
153	9800.00000	10.28253
153	10000.00000	10.00365
153	10200.00000	10.00365
153	10400.00000	10.00365
153	10600.00000	10.00365
153	10800.00000	9.15858
153	11000.00000	9.15858
153	11200.00000	9.15858
153	11400.00000	9.15858
153	11600.00000	11.81503
153	11800.00000	11.81503
153	12000.00000	11.81503
153	12200.00000	11.81503
153	12400.00000	12.18989
153	12600.00000	12.18989
153	12800.00000	12.18989
153	13000.00000	12.18989
153	13200.00000	10.89721
153	13400.00000	10.89721
153	13600.00000	10.89721
153	13800.00000	10.89721
153	14000.00000	8.59119
153	14200.00000	8.59119
153	14400.00000	8.59119
153	14600.00000	10.62380
153	14800.00000	10.62380
153	15000.00000	10.62380
153	15200.00000	10.62380
153	15400.00000	7.63965
153	15600.00000	7.63965
153	15800.00000	7.63965
153	16000.00000	7.63965
153	16200.00000	10.99470
153	16400.00000	10.99470
153	16600.00000	10.99470
153	16800.00000	10.99470
153	17000.00000	12.04985
153	17200.00000	12.04985
153	17400.00000	12.04985
153	17600.00000	12.04985
153	17800.00000	8.64211
153	18000.00000	8.64211
153	18200.00000	8.64211
153	18400.00000	8.64211
153	18600.00000	10.67683
153	18800.00000	10.67683
153	19000.00000	10.67683
153	19200.00000	8.81906
153	19400.00000	8.81906
153	19600.00000	8.81906
153	19800.00000	8.81906
153	20000.00000	10.60314
154	0.00000	11.46334
154	200.00000	11.46334
154	400.00000	11.46334
154	600.00000	11.46334
154	800.00000	14.43611
154	1000.00000	14.43611
154	1200.00000	14.43611
154	1400.00000	14.43611
154	1600.00000	10.96472
154	1800.00000	10.96472
154	2000.00000	10.96472
154	2200.00000	10.96472
154	2400.00000	11.05044
154	2600.00000	11.05044
154	2800.00000	11.05044
154	3000.00000	11.05044
154	3200.00000	10.42428
154	3400.00000	10.42428
154	3600.00000	10.42428
154	3800.00000	10.42428
154	4000.00000	11.03287
154	4200.00000	11.03287
154	4400.00000	11.03287
154	4600.00000	11.03287
154	4800.00000	11.11190
154	5000.00000	11.11190
154	5200.00000	11.11190
154	5400.00000	9.88291
154	5600.00000	9.88291
154	5800.00000	9.88291
154	6000.00000	9.88291
154	6200.00000	11.38115
154	6400.00000	11.38115
154	6600.00000	11.38115
154	6800.00000	11.38115
154	7000.00000	9.41870
154	7200.00000	9.41870
154	7400.00000	9.41870
154	7600.00000	9.41870
154	7800.00000	10.74381
154	8000.00000	10.74381
154	8200.00000	10.74381
154	8400.00000	10.74381
154	8600.00000	9.17197
154	8800.00000	9.17197
154	9000.00000	9.17197
154	9200.00000	9.17197
154	9400.00000	10.62205
154	9600.00000	10.62205
154	9800.00000	10.62205
154	10000.00000	9.25246
154	10200.00000	9.25246
154	10400.00000	9.25246
154	10600.00000	9.25246
154	10800.00000	8.87066
154	11000.00000	8.87066
154	11200.00000	8.87066
154	11400.00000	8.87066
154	11600.00000	11.33323
154	11800.00000	11.33323
154	12000.00000	11.33323
154	12200.00000	11.33323
154	12400.00000	11.12553
154	12600.00000	11.12553
154	12800.00000	11.12553
154	13000.00000	11.12553
154	13200.00000	10.23438
154	13400.00000	10.23438
154	13600.00000	10.23438
154	13800.00000	10.23438
154	14000.00000	8.83326
154	14200.00000	8.83326
154	14400.00000	8.83326
154	14600.00000	9.62221
154	14800.00000	9.62221
154	15000.00000	9.62221
154	15200.00000	9.62221
154	15400.00000	8.23023
154	15600.00000	8.23023
154	15800.00000	8.23023
154	16000.00000	8.23023
154	16200.00000	10.12463
154	16400.00000	10.12463
154	16600.00000	10.12463
154	16800.00000	10.12463
154	17000.00000	10.32056
154	17200.00000	10.32056
154	17400.00000	10.32056
154	17600.00000	10.32056
154	17800.00000	8.69839
154	18000.00000	8.69839
154	18200.00000	8.69839
154	18400.00000	8.69839
154	18600.00000	9.91216
154	18800.00000	9.91216
154	19000.00000	9.91216
154	19200.00000	10.74957
154	19400.00000	10.74957
154	19600.00000	10.74957
154	19800.00000	10.74957
154	20000.00000	8.51267
155	0.00000	11.43569
155	200.00000	11.43569
155	400.00000	11.43569
155	600.00000	11.43569
155	800.00000	14.40494
155	1000.00000	14.40494
155	1200.00000	14.40494
155	1400.00000	14.40494
155	1600.00000	10.90866
155	1800.00000	10.90866
155	2000.00000	10.90866
155	2200.00000	10.90866
155	2400.00000	11.08888
155	2600.00000	11.08888
155	2800.00000	11.08888
155	3000.00000	11.08888
155	3200.00000	10.27059
155	3400.00000	10.27059
155	3600.00000	10.27059
155	3800.00000	10.27059
155	4000.00000	10.77311
155	4200.00000	10.77311
155	4400.00000	10.77311
155	4600.00000	10.77311
155	4800.00000	11.60490
155	5000.00000	11.60490
155	5200.00000	11.60490
155	5400.00000	9.70536
155	5600.00000	9.70536
155	5800.00000	9.70536
155	6000.00000	9.70536
155	6200.00000	11.57524
155	6400.00000	11.57524
155	6600.00000	11.57524
155	6800.00000	11.57524
155	7000.00000	9.07663
155	7200.00000	9.07663
155	7400.00000	9.07663
155	7600.00000	9.07663
155	7800.00000	10.21537
155	8000.00000	10.21537
155	8200.00000	10.21537
155	8400.00000	10.21537
155	8600.00000	9.35416
155	8800.00000	9.35416
155	9000.00000	9.35416
155	9200.00000	9.35416
155	9400.00000	10.53923
155	9600.00000	10.53923
155	9800.00000	10.53923
155	10000.00000	9.52587
155	10200.00000	9.52587
155	10400.00000	9.52587
155	10600.00000	9.52587
155	10800.00000	9.34532
155	11000.00000	9.34532
155	11200.00000	9.34532
155	11400.00000	9.34532
155	11600.00000	10.49039
155	11800.00000	10.49039
155	12000.00000	10.49039
155	12200.00000	10.49039
155	12400.00000	10.91281
155	12600.00000	10.91281
155	12800.00000	10.91281
155	13000.00000	10.91281
155	13200.00000	10.67146
155	13400.00000	10.67146
155	13600.00000	10.67146
155	13800.00000	10.67146
155	14000.00000	8.99442
155	14200.00000	8.99442
155	14400.00000	8.99442
155	14600.00000	9.07729
155	14800.00000	9.07729
155	15000.00000	9.07729
155	15200.00000	9.07729
155	15400.00000	8.23606
155	15600.00000	8.23606
155	15800.00000	8.23606
155	16000.00000	8.23606
155	16200.00000	10.19492
155	16400.00000	10.19492
155	16600.00000	10.19492
155	16800.00000	10.19492
155	17000.00000	10.30325
155	17200.00000	10.30325
155	17400.00000	10.30325
155	17600.00000	10.30325
155	17800.00000	8.18346
155	18000.00000	8.18346
155	18200.00000	8.18346
155	18400.00000	8.18346
155	18600.00000	8.74084
155	18800.00000	8.74084
155	19000.00000	8.74084
155	19200.00000	10.03039
155	19400.00000	10.03039
155	19600.00000	10.03039
155	19800.00000	10.03039
155	20000.00000	9.31383
156	0.00000	11.55134
156	200.00000	11.55134
156	400.00000	11.55134
156	600.00000	11.55134
156	800.00000	14.32956
156	1000.00000	14.32956
156	1200.00000	14.32956
156	1400.00000	14.32956
156	1600.00000	10.95473
156	1800.00000	10.95473
156	2000.00000	10.95473
156	2200.00000	10.95473
156	2400.00000	11.18165
156	2600.00000	11.18165
156	2800.00000	11.18165
156	3000.00000	11.18165
156	3200.00000	10.31773
156	3400.00000	10.31773
156	3600.00000	10.31773
156	3800.00000	10.31773
156	4000.00000	10.81333
156	4200.00000	10.81333
156	4400.00000	10.81333
156	4600.00000	10.81333
156	4800.00000	11.54664
156	5000.00000	11.54664
156	5200.00000	11.54664
156	5400.00000	9.87152
156	5600.00000	9.87152
156	5800.00000	9.87152
156	6000.00000	9.87152
156	6200.00000	11.18869
156	6400.00000	11.18869
156	6600.00000	11.18869
156	6800.00000	11.18869
156	7000.00000	9.50039
156	7200.00000	9.50039
156	7400.00000	9.50039
156	7600.00000	9.50039
156	7800.00000	9.96367
156	8000.00000	9.96367
156	8200.00000	9.96367
156	8400.00000	9.96367
156	8600.00000	9.29271
156	8800.00000	9.29271
156	9000.00000	9.29271
156	9200.00000	9.29271
156	9400.00000	11.52619
156	9600.00000	11.52619
156	9800.00000	11.52619
156	10000.00000	9.27310
156	10200.00000	9.27310
156	10400.00000	9.27310
156	10600.00000	9.27310
156	10800.00000	9.00893
156	11000.00000	9.00893
156	11200.00000	9.00893
156	11400.00000	9.00893
156	11600.00000	11.35047
156	11800.00000	11.35047
156	12000.00000	11.35047
156	12200.00000	11.35047
156	12400.00000	11.14311
156	12600.00000	11.14311
156	12800.00000	11.14311
156	13000.00000	11.14311
156	13200.00000	9.87248
156	13400.00000	9.87248
156	13600.00000	9.87248
156	13800.00000	9.87248
156	14000.00000	8.97918
156	14200.00000	8.97918
156	14400.00000	8.97918
156	14600.00000	8.56832
156	14800.00000	8.56832
156	15000.00000	8.56832
156	15200.00000	8.56832
156	15400.00000	8.33967
156	15600.00000	8.33967
156	15800.00000	8.33967
156	16000.00000	8.33967
156	16200.00000	10.46718
156	16400.00000	10.46718
156	16600.00000	10.46718
156	16800.00000	10.46718
156	17000.00000	9.25501
156	17200.00000	9.25501
156	17400.00000	9.25501
156	17600.00000	9.25501
156	17800.00000	8.44026
156	18000.00000	8.44026
156	18200.00000	8.44026
156	18400.00000	8.44026
156	18600.00000	10.35214
156	18800.00000	10.35214
156	19000.00000	10.35214
156	19200.00000	10.11235
156	19400.00000	10.11235
156	19600.00000	10.11235
156	19800.00000	10.11235
156	20000.00000	9.34089
157	0.00000	11.43283
157	200.00000	11.43283
157	400.00000	11.43283
157	600.00000	11.43283
157	800.00000	15.07791
157	1000.00000	15.07791
157	1200.00000	15.07791
157	1400.00000	15.07791
157	1600.00000	10.81119
157	1800.00000	10.81119
157	2000.00000	10.81119
157	2200.00000	10.81119
157	2400.00000	11.68042
157	2600.00000	11.68042
157	2800.00000	11.68042
157	3000.00000	11.68042
157	3200.00000	10.15390
157	3400.00000	10.15390
157	3600.00000	10.15390
157	3800.00000	10.15390
157	4000.00000	11.77695
157	4200.00000	11.77695
157	4400.00000	11.77695
157	4600.00000	11.77695
157	4800.00000	10.75602
157	5000.00000	10.75602
157	5200.00000	10.75602
157	5400.00000	9.91652
157	5600.00000	9.91652
157	5800.00000	9.91652
157	6000.00000	9.91652
157	6200.00000	11.10280
157	6400.00000	11.10280
157	6600.00000	11.10280
157	6800.00000	11.10280
157	7000.00000	9.77433
157	7200.00000	9.77433
157	7400.00000	9.77433
157	7600.00000	9.77433
157	7800.00000	10.11429
157	8000.00000	10.11429
157	8200.00000	10.11429
157	8400.00000	10.11429
157	8600.00000	9.34498
157	8800.00000	9.34498
157	9000.00000	9.34498
157	9200.00000	9.34498
157	9400.00000	10.01433
157	9600.00000	10.01433
157	9800.00000	10.01433
157	10000.00000	9.19104
157	10200.00000	9.19104
157	10400.00000	9.19104
157	10600.00000	9.19104
157	10800.00000	9.22319
157	11000.00000	9.22319
157	11200.00000	9.22319
157	11400.00000	9.22319
157	11600.00000	11.02899
157	11800.00000	11.02899
157	12000.00000	11.02899
157	12200.00000	11.02899
157	12400.00000	12.04919
157	12600.00000	12.04919
157	12800.00000	12.04919
157	13000.00000	12.04919
157	13200.00000	10.10211
157	13400.00000	10.10211
157	13600.00000	10.10211
157	13800.00000	10.10211
157	14000.00000	8.73321
157	14200.00000	8.73321
157	14400.00000	8.73321
157	14600.00000	8.66404
157	14800.00000	8.66404
157	15000.00000	8.66404
157	15200.00000	8.66404
157	15400.00000	8.50018
157	15600.00000	8.50018
157	15800.00000	8.50018
157	16000.00000	8.50018
157	16200.00000	8.79523
157	16400.00000	8.79523
157	16600.00000	8.79523
157	16800.00000	8.79523
157	17000.00000	9.18886
157	17200.00000	9.18886
157	17400.00000	9.18886
157	17600.00000	9.18886
157	17800.00000	8.32931
157	18000.00000	8.32931
157	18200.00000	8.32931
157	18400.00000	8.32931
157	18600.00000	9.42928
157	18800.00000	9.42928
157	19000.00000	9.42928
157	19200.00000	9.44714
157	19400.00000	9.44714
157	19600.00000	9.44714
157	19800.00000	9.44714
157	20000.00000	8.45579
158	0.00000	11.45603
158	200.00000	11.45603
158	400.00000	11.45603
158	600.00000	11.45603
158	800.00000	14.10999
158	1000.00000	14.10999
158	1200.00000	14.10999
158	1400.00000	14.10999
158	1600.00000	10.83309
158	1800.00000	10.83309
158	2000.00000	10.83309
158	2200.00000	10.83309
158	2400.00000	11.72698
158	2600.00000	11.72698
158	2800.00000	11.72698
158	3000.00000	11.72698
158	3200.00000	10.02241
158	3400.00000	10.02241
158	3600.00000	10.02241
158	3800.00000	10.02241
158	4000.00000	11.42410
158	4200.00000	11.42410
158	4400.00000	11.42410
158	4600.00000	11.42410
158	4800.00000	10.85995
158	5000.00000	10.85995
158	5200.00000	10.85995
158	5400.00000	9.87137
158	5600.00000	9.87137
158	5800.00000	9.87137
158	6000.00000	9.87137
158	6200.00000	11.19777
158	6400.00000	11.19777
158	6600.00000	11.19777
158	6800.00000	11.19777
158	7000.00000	9.30709
158	7200.00000	9.30709
158	7400.00000	9.30709
158	7600.00000	9.30709
158	7800.00000	10.04209
158	8000.00000	10.04209
158	8200.00000	10.04209
158	8400.00000	10.04209
158	8600.00000	9.63164
158	8800.00000	9.63164
158	9000.00000	9.63164
158	9200.00000	9.63164
158	9400.00000	9.85987
158	9600.00000	9.85987
158	9800.00000	9.85987
158	10000.00000	10.05530
158	10200.00000	10.05530
158	10400.00000	10.05530
158	10600.00000	10.05530
158	10800.00000	8.88387
158	11000.00000	8.88387
158	11200.00000	8.88387
158	11400.00000	8.88387
158	11600.00000	10.95199
158	11800.00000	10.95199
158	12000.00000	10.95199
158	12200.00000	10.95199
158	12400.00000	11.62701
158	12600.00000	11.62701
158	12800.00000	11.62701
158	13000.00000	11.62701
158	13200.00000	10.16493
158	13400.00000	10.16493
158	13600.00000	10.16493
158	13800.00000	10.16493
158	14000.00000	8.49498
158	14200.00000	8.49498
158	14400.00000	8.49498
158	14600.00000	9.72279
158	14800.00000	9.72279
158	15000.00000	9.72279
158	15200.00000	9.72279
158	15400.00000	9.15956
158	15600.00000	9.15956
158	15800.00000	9.15956
158	16000.00000	9.15956
158	16200.00000	9.55644
158	16400.00000	9.55644
158	16600.00000	9.55644
158	16800.00000	9.55644
158	17000.00000	8.48387
158	17200.00000	8.48387
158	17400.00000	8.48387
158	17600.00000	8.48387
158	17800.00000	9.06462
158	18000.00000	9.06462
158	18200.00000	9.06462
158	18400.00000	9.06462
158	18600.00000	9.32597
158	18800.00000	9.32597
158	19000.00000	9.32597
158	19200.00000	9.08421
158	19400.00000	9.08421
158	19600.00000	9.08421
158	19800.00000	9.08421
158	20000.00000	9.41388
159	0.00000	11.47166
159	200.00000	11.47166
159	400.00000	11.47166
159	600.00000	11.47166
159	800.00000	13.52634
159	1000.00000	13.52634
159	1200.00000	13.52634
159	1400.00000	13.52634
159	1600.00000	10.86573
159	1800.00000	10.86573
159	2000.00000	10.86573
159	2200.00000	10.86573
159	2400.00000	11.94983
159	2600.00000	11.94983
159	2800.00000	11.94983
159	3000.00000	11.94983
159	3200.00000	10.19241
159	3400.00000	10.19241
159	3600.00000	10.19241
159	3800.00000	10.19241
159	4000.00000	11.30280
159	4200.00000	11.30280
159	4400.00000	11.30280
159	4600.00000	11.30280
159	4800.00000	10.87099
159	5000.00000	10.87099
159	5200.00000	10.87099
159	5400.00000	10.00013
159	5600.00000	10.00013
159	5800.00000	10.00013
159	6000.00000	10.00013
159	6200.00000	10.79794
159	6400.00000	10.79794
159	6600.00000	10.79794
159	6800.00000	10.79794
159	7000.00000	9.56042
159	7200.00000	9.56042
159	7400.00000	9.56042
159	7600.00000	9.56042
159	7800.00000	9.73826
159	8000.00000	9.73826
159	8200.00000	9.73826
159	8400.00000	9.73826
159	8600.00000	9.70556
159	8800.00000	9.70556
159	9000.00000	9.70556
159	9200.00000	9.70556
159	9400.00000	9.90918
159	9600.00000	9.90918
159	9800.00000	9.90918
159	10000.00000	10.72767
159	10200.00000	10.72767
159	10400.00000	10.72767
159	10600.00000	10.72767
159	10800.00000	8.72013
159	11000.00000	8.72013
159	11200.00000	8.72013
159	11400.00000	8.72013
159	11600.00000	10.83556
159	11800.00000	10.83556
159	12000.00000	10.83556
159	12200.00000	10.83556
159	12400.00000	10.47614
159	12600.00000	10.47614
159	12800.00000	10.47614
159	13000.00000	10.47614
159	13200.00000	10.17583
159	13400.00000	10.17583
159	13600.00000	10.17583
159	13800.00000	10.17583
159	14000.00000	8.95572
159	14200.00000	8.95572
159	14400.00000	8.95572
159	14600.00000	10.12768
159	14800.00000	10.12768
159	15000.00000	10.12768
159	15200.00000	10.12768
159	15400.00000	8.74345
159	15600.00000	8.74345
159	15800.00000	8.74345
159	16000.00000	8.74345
159	16200.00000	10.52983
159	16400.00000	10.52983
159	16600.00000	10.52983
159	16800.00000	10.52983
159	17000.00000	9.38819
159	17200.00000	9.38819
159	17400.00000	9.38819
159	17600.00000	9.38819
159	17800.00000	10.39419
159	18000.00000	10.39419
159	18200.00000	10.39419
159	18400.00000	10.39419
159	18600.00000	8.47290
159	18800.00000	8.47290
159	19000.00000	8.47290
159	19200.00000	10.30470
159	19400.00000	10.30470
159	19600.00000	10.30470
159	19800.00000	10.30470
159	20000.00000	8.72425
160	0.00000	11.43821
160	200.00000	11.43821
160	400.00000	11.43821
160	600.00000	11.43821
160	800.00000	13.85941
160	1000.00000	13.85941
160	1200.00000	13.85941
160	1400.00000	13.85941
160	1600.00000	10.72267
160	1800.00000	10.72267
160	2000.00000	10.72267
160	2200.00000	10.72267
160	2400.00000	11.80156
160	2600.00000	11.80156
160	2800.00000	11.80156
160	3000.00000	11.80156
160	3200.00000	10.09130
160	3400.00000	10.09130
160	3600.00000	10.09130
160	3800.00000	10.09130
160	4000.00000	11.88917
160	4200.00000	11.88917
160	4400.00000	11.88917
160	4600.00000	11.88917
160	4800.00000	11.24148
160	5000.00000	11.24148
160	5200.00000	11.24148
160	5400.00000	9.81941
160	5600.00000	9.81941
160	5800.00000	9.81941
160	6000.00000	9.81941
160	6200.00000	11.28031
160	6400.00000	11.28031
160	6600.00000	11.28031
160	6800.00000	11.28031
160	7000.00000	9.35690
160	7200.00000	9.35690
160	7400.00000	9.35690
160	7600.00000	9.35690
160	7800.00000	9.38013
160	8000.00000	9.38013
160	8200.00000	9.38013
160	8400.00000	9.38013
160	8600.00000	9.66074
160	8800.00000	9.66074
160	9000.00000	9.66074
160	9200.00000	9.66074
160	9400.00000	9.81815
160	9600.00000	9.81815
160	9800.00000	9.81815
160	10000.00000	10.28163
160	10200.00000	10.28163
160	10400.00000	10.28163
160	10600.00000	10.28163
160	10800.00000	8.88097
160	11000.00000	8.88097
160	11200.00000	8.88097
160	11400.00000	8.88097
160	11600.00000	10.55974
160	11800.00000	10.55974
160	12000.00000	10.55974
160	12200.00000	10.55974
160	12400.00000	10.48054
160	12600.00000	10.48054
160	12800.00000	10.48054
160	13000.00000	10.48054
160	13200.00000	9.65800
160	13400.00000	9.65800
160	13600.00000	9.65800
160	13800.00000	9.65800
160	14000.00000	10.64158
160	14200.00000	10.64158
160	14400.00000	10.64158
160	14600.00000	9.20381
160	14800.00000	9.20381
160	15000.00000	9.20381
160	15200.00000	9.20381
160	15400.00000	7.92673
160	15600.00000	7.92673
160	15800.00000	7.92673
160	16000.00000	7.92673
160	16200.00000	9.82564
160	16400.00000	9.82564
160	16600.00000	9.82564
160	16800.00000	9.82564
160	17000.00000	10.41529
160	17200.00000	10.41529
160	17400.00000	10.41529
160	17600.00000	10.41529
160	17800.00000	10.20194
160	18000.00000	10.20194
160	18200.00000	10.20194
160	18400.00000	10.20194
160	18600.00000	8.64906
160	18800.00000	8.64906
160	19000.00000	8.64906
160	19200.00000	8.93084
160	19400.00000	8.93084
160	19600.00000	8.93084
160	19800.00000	8.93084
160	20000.00000	9.64857
161	0.00000	11.45266
161	200.00000	11.45266
161	400.00000	11.45266
161	600.00000	11.45266
161	800.00000	14.24858
161	1000.00000	14.24858
161	1200.00000	14.24858
161	1400.00000	14.24858
161	1600.00000	10.69950
161	1800.00000	10.69950
161	2000.00000	10.69950
161	2200.00000	10.69950
161	2400.00000	11.80745
161	2600.00000	11.80745
161	2800.00000	11.80745
161	3000.00000	11.80745
161	3200.00000	10.17817
161	3400.00000	10.17817
161	3600.00000	10.17817
161	3800.00000	10.17817
161	4000.00000	10.92111
161	4200.00000	10.92111
161	4400.00000	10.92111
161	4600.00000	10.92111
161	4800.00000	10.90588
161	5000.00000	10.90588
161	5200.00000	10.90588
161	5400.00000	9.77930
161	5600.00000	9.77930
161	5800.00000	9.77930
161	6000.00000	9.77930
161	6200.00000	11.02697
161	6400.00000	11.02697
161	6600.00000	11.02697
161	6800.00000	11.02697
161	7000.00000	9.42516
161	7200.00000	9.42516
161	7400.00000	9.42516
161	7600.00000	9.42516
161	7800.00000	9.42888
161	8000.00000	9.42888
161	8200.00000	9.42888
161	8400.00000	9.42888
161	8600.00000	9.35543
161	8800.00000	9.35543
161	9000.00000	9.35543
161	9200.00000	9.35543
161	9400.00000	9.62403
161	9600.00000	9.62403
161	9800.00000	9.62403
161	10000.00000	10.04313
161	10200.00000	10.04313
161	10400.00000	10.04313
161	10600.00000	10.04313
161	10800.00000	8.83050
161	11000.00000	8.83050
161	11200.00000	8.83050
161	11400.00000	8.83050
161	11600.00000	10.64160
161	11800.00000	10.64160
161	12000.00000	10.64160
161	12200.00000	10.64160
161	12400.00000	10.85379
161	12600.00000	10.85379
161	12800.00000	10.85379
161	13000.00000	10.85379
161	13200.00000	9.50669
161	13400.00000	9.50669
161	13600.00000	9.50669
161	13800.00000	9.50669
161	14000.00000	9.77972
161	14200.00000	9.77972
161	14400.00000	9.77972
161	14600.00000	8.52657
161	14800.00000	8.52657
161	15000.00000	8.52657
161	15200.00000	8.52657
161	15400.00000	8.62082
161	15600.00000	8.62082
161	15800.00000	8.62082
161	16000.00000	8.62082
161	16200.00000	8.25365
161	16400.00000	8.25365
161	16600.00000	8.25365
161	16800.00000	8.25365
161	17000.00000	9.32496
161	17200.00000	9.32496
161	17400.00000	9.32496
161	17600.00000	9.32496
161	17800.00000	9.98315
161	18000.00000	9.98315
161	18200.00000	9.98315
161	18400.00000	9.98315
161	18600.00000	8.11157
161	18800.00000	8.11157
161	19000.00000	8.11157
161	19200.00000	9.53166
161	19400.00000	9.53166
161	19600.00000	9.53166
161	19800.00000	9.53166
161	20000.00000	8.24373
162	0.00000	11.42364
162	200.00000	11.42364
162	400.00000	11.42364
162	600.00000	11.42364
162	800.00000	13.90106
162	1000.00000	13.90106
162	1200.00000	13.90106
162	1400.00000	13.90106
162	1600.00000	10.76509
162	1800.00000	10.76509
162	2000.00000	10.76509
162	2200.00000	10.76509
162	2400.00000	11.82898
162	2600.00000	11.82898
162	2800.00000	11.82898
162	3000.00000	11.82898
162	3200.00000	10.20040
162	3400.00000	10.20040
162	3600.00000	10.20040
162	3800.00000	10.20040
162	4000.00000	11.20361
162	4200.00000	11.20361
162	4400.00000	11.20361
162	4600.00000	11.20361
162	4800.00000	10.92567
162	5000.00000	10.92567
162	5200.00000	10.92567
162	5400.00000	9.87338
162	5600.00000	9.87338
162	5800.00000	9.87338
162	6000.00000	9.87338
162	6200.00000	10.79740
162	6400.00000	10.79740
162	6600.00000	10.79740
162	6800.00000	10.79740
162	7000.00000	9.40060
162	7200.00000	9.40060
162	7400.00000	9.40060
162	7600.00000	9.40060
162	7800.00000	9.79836
162	8000.00000	9.79836
162	8200.00000	9.79836
162	8400.00000	9.79836
162	8600.00000	8.79803
162	8800.00000	8.79803
162	9000.00000	8.79803
162	9200.00000	8.79803
162	9400.00000	10.53417
162	9600.00000	10.53417
162	9800.00000	10.53417
162	10000.00000	10.42833
162	10200.00000	10.42833
162	10400.00000	10.42833
162	10600.00000	10.42833
162	10800.00000	8.72590
162	11000.00000	8.72590
162	11200.00000	8.72590
162	11400.00000	8.72590
162	11600.00000	10.74081
162	11800.00000	10.74081
162	12000.00000	10.74081
162	12200.00000	10.74081
162	12400.00000	10.90451
162	12600.00000	10.90451
162	12800.00000	10.90451
162	13000.00000	10.90451
162	13200.00000	9.10969
162	13400.00000	9.10969
162	13600.00000	9.10969
162	13800.00000	9.10969
162	14000.00000	10.97764
162	14200.00000	10.97764
162	14400.00000	10.97764
162	14600.00000	10.66667
162	14800.00000	10.66667
162	15000.00000	10.66667
162	15200.00000	10.66667
162	15400.00000	7.87021
162	15600.00000	7.87021
162	15800.00000	7.87021
162	16000.00000	7.87021
162	16200.00000	8.59059
162	16400.00000	8.59059
162	16600.00000	8.59059
162	16800.00000	8.59059
162	17000.00000	9.89039
162	17200.00000	9.89039
162	17400.00000	9.89039
162	17600.00000	9.89039
162	17800.00000	9.75552
162	18000.00000	9.75552
162	18200.00000	9.75552
162	18400.00000	9.75552
162	18600.00000	9.03411
162	18800.00000	9.03411
162	19000.00000	9.03411
162	19200.00000	8.75256
162	19400.00000	8.75256
162	19600.00000	8.75256
162	19800.00000	8.75256
162	20000.00000	9.32335
163	0.00000	11.56478
163	200.00000	11.56478
163	400.00000	11.56478
163	600.00000	11.56478
163	800.00000	13.47221
163	1000.00000	13.47221
163	1200.00000	13.47221
163	1400.00000	13.47221
163	1600.00000	10.71049
163	1800.00000	10.71049
163	2000.00000	10.71049
163	2200.00000	10.71049
163	2400.00000	12.42325
163	2600.00000	12.42325
163	2800.00000	12.42325
163	3000.00000	12.42325
163	3200.00000	10.14877
163	3400.00000	10.14877
163	3600.00000	10.14877
163	3800.00000	10.14877
163	4000.00000	10.47311
163	4200.00000	10.47311
163	4400.00000	10.47311
163	4600.00000	10.47311
163	4800.00000	12.64601
163	5000.00000	12.64601
163	5200.00000	12.64601
163	5400.00000	9.73577
163	5600.00000	9.73577
163	5800.00000	9.73577
163	6000.00000	9.73577
163	6200.00000	10.49143
163	6400.00000	10.49143
163	6600.00000	10.49143
163	6800.00000	10.49143
163	7000.00000	9.29348
163	7200.00000	9.29348
163	7400.00000	9.29348
163	7600.00000	9.29348
163	7800.00000	10.49628
163	8000.00000	10.49628
163	8200.00000	10.49628
163	8400.00000	10.49628
163	8600.00000	8.94754
163	8800.00000	8.94754
163	9000.00000	8.94754
163	9200.00000	8.94754
163	9400.00000	11.54601
163	9600.00000	11.54601
163	9800.00000	11.54601
163	10000.00000	9.98903
163	10200.00000	9.98903
163	10400.00000	9.98903
163	10600.00000	9.98903
163	10800.00000	8.96535
163	11000.00000	8.96535
163	11200.00000	8.96535
163	11400.00000	8.96535
163	11600.00000	9.95950
163	11800.00000	9.95950
163	12000.00000	9.95950
163	12200.00000	9.95950
163	12400.00000	11.96016
163	12600.00000	11.96016
163	12800.00000	11.96016
163	13000.00000	11.96016
163	13200.00000	10.81096
163	13400.00000	10.81096
163	13600.00000	10.81096
163	13800.00000	10.81096
163	14000.00000	8.32907
163	14200.00000	8.32907
163	14400.00000	8.32907
163	14600.00000	9.29746
163	14800.00000	9.29746
163	15000.00000	9.29746
163	15200.00000	9.29746
163	15400.00000	8.86593
163	15600.00000	8.86593
163	15800.00000	8.86593
163	16000.00000	8.86593
163	16200.00000	8.05136
163	16400.00000	8.05136
163	16600.00000	8.05136
163	16800.00000	8.05136
163	17000.00000	11.31330
163	17200.00000	11.31330
163	17400.00000	11.31330
163	17600.00000	11.31330
163	17800.00000	11.50271
163	18000.00000	11.50271
163	18200.00000	11.50271
163	18400.00000	11.50271
163	18600.00000	9.94392
163	18800.00000	9.94392
163	19000.00000	9.94392
163	19200.00000	8.12764
163	19400.00000	8.12764
163	19600.00000	8.12764
163	19800.00000	8.12764
163	20000.00000	8.57978
164	0.00000	11.42626
164	200.00000	11.42626
164	400.00000	11.42626
164	600.00000	11.42626
164	800.00000	14.54280
164	1000.00000	14.54280
164	1200.00000	14.54280
164	1400.00000	14.54280
164	1600.00000	10.71848
164	1800.00000	10.71848
164	2000.00000	10.71848
164	2200.00000	10.71848
164	2400.00000	12.30648
164	2600.00000	12.30648
164	2800.00000	12.30648
164	3000.00000	12.30648
164	3200.00000	10.05895
164	3400.00000	10.05895
164	3600.00000	10.05895
164	3800.00000	10.05895
164	4000.00000	11.83681
164	4200.00000	11.83681
164	4400.00000	11.83681
164	4600.00000	11.83681
164	4800.00000	10.82325
164	5000.00000	10.82325
164	5200.00000	10.82325
164	5400.00000	9.70849
164	5600.00000	9.70849
164	5800.00000	9.70849
164	6000.00000	9.70849
164	6200.00000	11.01322
164	6400.00000	11.01322
164	6600.00000	11.01322
164	6800.00000	11.01322
164	7000.00000	9.27423
164	7200.00000	9.27423
164	7400.00000	9.27423
164	7600.00000	9.27423
164	7800.00000	10.31328
164	8000.00000	10.31328
164	8200.00000	10.31328
164	8400.00000	10.31328
164	8600.00000	9.06761
164	8800.00000	9.06761
164	9000.00000	9.06761
164	9200.00000	9.06761
164	9400.00000	10.07042
164	9600.00000	10.07042
164	9800.00000	10.07042
164	10000.00000	11.25038
164	10200.00000	11.25038
164	10400.00000	11.25038
164	10600.00000	11.25038
164	10800.00000	8.92596
164	11000.00000	8.92596
164	11200.00000	8.92596
164	11400.00000	8.92596
164	11600.00000	11.90510
164	11800.00000	11.90510
164	12000.00000	11.90510
164	12200.00000	11.90510
164	12400.00000	12.29960
164	12600.00000	12.29960
164	12800.00000	12.29960
164	13000.00000	12.29960
164	13200.00000	8.49243
164	13400.00000	8.49243
164	13600.00000	8.49243
164	13800.00000	8.49243
164	14000.00000	10.05176
164	14200.00000	10.05176
164	14400.00000	10.05176
164	14600.00000	9.02635
164	14800.00000	9.02635
164	15000.00000	9.02635
164	15200.00000	9.02635
164	15400.00000	7.83508
164	15600.00000	7.83508
164	15800.00000	7.83508
164	16000.00000	7.83508
164	16200.00000	9.52353
164	16400.00000	9.52353
164	16600.00000	9.52353
164	16800.00000	9.52353
164	17000.00000	10.26672
164	17200.00000	10.26672
164	17400.00000	10.26672
164	17600.00000	10.26672
164	17800.00000	9.79955
164	18000.00000	9.79955
164	18200.00000	9.79955
164	18400.00000	9.79955
164	18600.00000	9.85623
164	18800.00000	9.85623
164	19000.00000	9.85623
164	19200.00000	8.78457
164	19400.00000	8.78457
164	19600.00000	8.78457
164	19800.00000	8.78457
164	20000.00000	8.76938
165	0.00000	11.53237
165	200.00000	11.53237
165	400.00000	11.53237
165	600.00000	11.53237
165	800.00000	13.38142
165	1000.00000	13.38142
165	1200.00000	13.38142
165	1400.00000	13.38142
165	1600.00000	10.91774
165	1800.00000	10.91774
165	2000.00000	10.91774
165	2200.00000	10.91774
165	2400.00000	11.60871
165	2600.00000	11.60871
165	2800.00000	11.60871
165	3000.00000	11.60871
165	3200.00000	10.11013
165	3400.00000	10.11013
165	3600.00000	10.11013
165	3800.00000	10.11013
165	4000.00000	11.51338
165	4200.00000	11.51338
165	4400.00000	11.51338
165	4600.00000	11.51338
165	4800.00000	10.53857
165	5000.00000	10.53857
165	5200.00000	10.53857
165	5400.00000	10.01311
165	5600.00000	10.01311
165	5800.00000	10.01311
165	6000.00000	10.01311
165	6200.00000	10.74719
165	6400.00000	10.74719
165	6600.00000	10.74719
165	6800.00000	10.74719
165	7000.00000	9.21787
165	7200.00000	9.21787
165	7400.00000	9.21787
165	7600.00000	9.21787
165	7800.00000	10.59884
165	8000.00000	10.59884
165	8200.00000	10.59884
165	8400.00000	10.59884
165	8600.00000	9.09029
165	8800.00000	9.09029
165	9000.00000	9.09029
165	9200.00000	9.09029
165	9400.00000	9.88876
165	9600.00000	9.88876
165	9800.00000	9.88876
165	10000.00000	9.87717
165	10200.00000	9.87717
165	10400.00000	9.87717
165	10600.00000	9.87717
165	10800.00000	9.17563
165	11000.00000	9.17563
165	11200.00000	9.17563
165	11400.00000	9.17563
165	11600.00000	11.02651
165	11800.00000	11.02651
165	12000.00000	11.02651
165	12200.00000	11.02651
165	12400.00000	9.76950
165	12600.00000	9.76950
165	12800.00000	9.76950
165	13000.00000	9.76950
165	13200.00000	8.73483
165	13400.00000	8.73483
165	13600.00000	8.73483
165	13800.00000	8.73483
165	14000.00000	10.07808
165	14200.00000	10.07808
165	14400.00000	10.07808
165	14600.00000	10.11320
165	14800.00000	10.11320
165	15000.00000	10.11320
165	15200.00000	10.11320
165	15400.00000	7.93880
165	15600.00000	7.93880
165	15800.00000	7.93880
165	16000.00000	7.93880
165	16200.00000	11.65083
165	16400.00000	11.65083
165	16600.00000	11.65083
165	16800.00000	11.65083
165	17000.00000	12.12195
165	17200.00000	12.12195
165	17400.00000	12.12195
165	17600.00000	12.12195
165	17800.00000	10.65423
165	18000.00000	10.65423
165	18200.00000	10.65423
165	18400.00000	10.65423
165	18600.00000	8.21781
165	18800.00000	8.21781
165	19000.00000	8.21781
165	19200.00000	9.26452
165	19400.00000	9.26452
165	19600.00000	9.26452
165	19800.00000	9.26452
165	20000.00000	7.99760
166	0.00000	11.34914
166	200.00000	11.34914
166	400.00000	11.34914
166	600.00000	11.34914
166	800.00000	14.34132
166	1000.00000	14.34132
166	1200.00000	14.34132
166	1400.00000	14.34132
166	1600.00000	10.78339
166	1800.00000	10.78339
166	2000.00000	10.78339
166	2200.00000	10.78339
166	2400.00000	11.80543
166	2600.00000	11.80543
166	2800.00000	11.80543
166	3000.00000	11.80543
166	3200.00000	10.21082
166	3400.00000	10.21082
166	3600.00000	10.21082
166	3800.00000	10.21082
166	4000.00000	11.20498
166	4200.00000	11.20498
166	4400.00000	11.20498
166	4600.00000	11.20498
166	4800.00000	10.64242
166	5000.00000	10.64242
166	5200.00000	10.64242
166	5400.00000	9.81516
166	5600.00000	9.81516
166	5800.00000	9.81516
166	6000.00000	9.81516
166	6200.00000	11.28755
166	6400.00000	11.28755
166	6600.00000	11.28755
166	6800.00000	11.28755
166	7000.00000	9.02884
166	7200.00000	9.02884
166	7400.00000	9.02884
166	7600.00000	9.02884
166	7800.00000	10.97632
166	8000.00000	10.97632
166	8200.00000	10.97632
166	8400.00000	10.97632
166	8600.00000	9.40587
166	8800.00000	9.40587
166	9000.00000	9.40587
166	9200.00000	9.40587
166	9400.00000	9.79641
166	9600.00000	9.79641
166	9800.00000	9.79641
166	10000.00000	9.38970
166	10200.00000	9.38970
166	10400.00000	9.38970
166	10600.00000	9.38970
166	10800.00000	8.75618
166	11000.00000	8.75618
166	11200.00000	8.75618
166	11400.00000	8.75618
166	11600.00000	10.34613
166	11800.00000	10.34613
166	12000.00000	10.34613
166	12200.00000	10.34613
166	12400.00000	9.90125
166	12600.00000	9.90125
166	12800.00000	9.90125
166	13000.00000	9.90125
166	13200.00000	9.92177
166	13400.00000	9.92177
166	13600.00000	9.92177
166	13800.00000	9.92177
166	14000.00000	8.98762
166	14200.00000	8.98762
166	14400.00000	8.98762
166	14600.00000	9.08772
166	14800.00000	9.08772
166	15000.00000	9.08772
166	15200.00000	9.08772
166	15400.00000	8.37915
166	15600.00000	8.37915
166	15800.00000	8.37915
166	16000.00000	8.37915
166	16200.00000	10.71013
166	16400.00000	10.71013
166	16600.00000	10.71013
166	16800.00000	10.71013
166	17000.00000	9.67209
166	17200.00000	9.67209
166	17400.00000	9.67209
166	17600.00000	9.67209
166	17800.00000	9.29857
166	18000.00000	9.29857
166	18200.00000	9.29857
166	18400.00000	9.29857
166	18600.00000	8.06521
166	18800.00000	8.06521
166	19000.00000	8.06521
166	19200.00000	8.64284
166	19400.00000	8.64284
166	19600.00000	8.64284
166	19800.00000	8.64284
166	20000.00000	8.46879
167	0.00000	11.46215
167	200.00000	11.46215
167	400.00000	11.46215
167	600.00000	11.46215
167	800.00000	15.57153
167	1000.00000	15.57153
167	1200.00000	15.57153
167	1400.00000	15.57153
167	1600.00000	10.86268
167	1800.00000	10.86268
167	2000.00000	10.86268
167	2200.00000	10.86268
167	2400.00000	11.31772
167	2600.00000	11.31772
167	2800.00000	11.31772
167	3000.00000	11.31772
167	3200.00000	10.07241
167	3400.00000	10.07241
167	3600.00000	10.07241
167	3800.00000	10.07241
167	4000.00000	11.44064
167	4200.00000	11.44064
167	4400.00000	11.44064
167	4600.00000	11.44064
167	4800.00000	10.56838
167	5000.00000	10.56838
167	5200.00000	10.56838
167	5400.00000	10.20568
167	5600.00000	10.20568
167	5800.00000	10.20568
167	6000.00000	10.20568
167	6200.00000	10.33528
167	6400.00000	10.33528
167	6600.00000	10.33528
167	6800.00000	10.33528
167	7000.00000	9.22613
167	7200.00000	9.22613
167	7400.00000	9.22613
167	7600.00000	9.22613
167	7800.00000	10.04443
167	8000.00000	10.04443
167	8200.00000	10.04443
167	8400.00000	10.04443
167	8600.00000	9.34993
167	8800.00000	9.34993
167	9000.00000	9.34993
167	9200.00000	9.34993
167	9400.00000	10.65637
167	9600.00000	10.65637
167	9800.00000	10.65637
167	10000.00000	8.97572
167	10200.00000	8.97572
167	10400.00000	8.97572
167	10600.00000	8.97572
167	10800.00000	9.44188
167	11000.00000	9.44188
167	11200.00000	9.44188
167	11400.00000	9.44188
167	11600.00000	12.46883
167	11800.00000	12.46883
167	12000.00000	12.46883
167	12200.00000	12.46883
167	12400.00000	10.61687
167	12600.00000	10.61687
167	12800.00000	10.61687
167	13000.00000	10.61687
167	13200.00000	8.46748
167	13400.00000	8.46748
167	13600.00000	8.46748
167	13800.00000	8.46748
167	14000.00000	9.92618
167	14200.00000	9.92618
167	14400.00000	9.92618
167	14600.00000	10.49724
167	14800.00000	10.49724
167	15000.00000	10.49724
167	15200.00000	10.49724
167	15400.00000	8.04478
167	15600.00000	8.04478
167	15800.00000	8.04478
167	16000.00000	8.04478
167	16200.00000	10.26344
167	16400.00000	10.26344
167	16600.00000	10.26344
167	16800.00000	10.26344
167	17000.00000	9.94189
167	17200.00000	9.94189
167	17400.00000	9.94189
167	17600.00000	9.94189
167	17800.00000	9.15142
167	18000.00000	9.15142
167	18200.00000	9.15142
167	18400.00000	9.15142
167	18600.00000	8.32390
167	18800.00000	8.32390
167	19000.00000	8.32390
167	19200.00000	8.51561
167	19400.00000	8.51561
167	19600.00000	8.51561
167	19800.00000	8.51561
167	20000.00000	9.11771
168	0.00000	11.51606
168	200.00000	11.51606
168	400.00000	11.51606
168	600.00000	11.51606
168	800.00000	14.37746
168	1000.00000	14.37746
168	1200.00000	14.37746
168	1400.00000	14.37746
168	1600.00000	11.00986
168	1800.00000	11.00986
168	2000.00000	11.00986
168	2200.00000	11.00986
168	2400.00000	11.40292
168	2600.00000	11.40292
168	2800.00000	11.40292
168	3000.00000	11.40292
168	3200.00000	10.19767
168	3400.00000	10.19767
168	3600.00000	10.19767
168	3800.00000	10.19767
168	4000.00000	11.64257
168	4200.00000	11.64257
168	4400.00000	11.64257
168	4600.00000	11.64257
168	4800.00000	10.68200
168	5000.00000	10.68200
168	5200.00000	10.68200
168	5400.00000	9.85096
168	5600.00000	9.85096
168	5800.00000	9.85096
168	6000.00000	9.85096
168	6200.00000	10.99970
168	6400.00000	10.99970
168	6600.00000	10.99970
168	6800.00000	10.99970
168	7000.00000	9.15716
168	7200.00000	9.15716
168	7400.00000	9.15716
168	7600.00000	9.15716
168	7800.00000	10.00338
168	8000.00000	10.00338
168	8200.00000	10.00338
168	8400.00000	10.00338
168	8600.00000	9.58356
168	8800.00000	9.58356
168	9000.00000	9.58356
168	9200.00000	9.58356
168	9400.00000	11.07681
168	9600.00000	11.07681
168	9800.00000	11.07681
168	10000.00000	9.14192
168	10200.00000	9.14192
168	10400.00000	9.14192
168	10600.00000	9.14192
168	10800.00000	9.80672
168	11000.00000	9.80672
168	11200.00000	9.80672
168	11400.00000	9.80672
168	11600.00000	10.54716
168	11800.00000	10.54716
168	12000.00000	10.54716
168	12200.00000	10.54716
168	12400.00000	10.41268
168	12600.00000	10.41268
168	12800.00000	10.41268
168	13000.00000	10.41268
168	13200.00000	8.20493
168	13400.00000	8.20493
168	13600.00000	8.20493
168	13800.00000	8.20493
168	14000.00000	9.67234
168	14200.00000	9.67234
168	14400.00000	9.67234
168	14600.00000	9.46983
168	14800.00000	9.46983
168	15000.00000	9.46983
168	15200.00000	9.46983
168	15400.00000	8.66807
168	15600.00000	8.66807
168	15800.00000	8.66807
168	16000.00000	8.66807
168	16200.00000	10.18055
168	16400.00000	10.18055
168	16600.00000	10.18055
168	16800.00000	10.18055
168	17000.00000	9.95726
168	17200.00000	9.95726
168	17400.00000	9.95726
168	17600.00000	9.95726
168	17800.00000	8.29722
168	18000.00000	8.29722
168	18200.00000	8.29722
168	18400.00000	8.29722
168	18600.00000	9.42961
168	18800.00000	9.42961
168	19000.00000	9.42961
168	19200.00000	10.17392
168	19400.00000	10.17392
168	19600.00000	10.17392
168	19800.00000	10.17392
168	20000.00000	8.72485
169	0.00000	11.52045
169	200.00000	11.52045
169	400.00000	11.52045
169	600.00000	11.52045
169	800.00000	14.42958
169	1000.00000	14.42958
169	1200.00000	14.42958
169	1400.00000	14.42958
169	1600.00000	10.90308
169	1800.00000	10.90308
169	2000.00000	10.90308
169	2200.00000	10.90308
169	2400.00000	11.06846
169	2600.00000	11.06846
169	2800.00000	11.06846
169	3000.00000	11.06846
169	3200.00000	10.17668
169	3400.00000	10.17668
169	3600.00000	10.17668
169	3800.00000	10.17668
169	4000.00000	11.81918
169	4200.00000	11.81918
169	4400.00000	11.81918
169	4600.00000	11.81918
169	4800.00000	10.62755
169	5000.00000	10.62755
169	5200.00000	10.62755
169	5400.00000	10.14657
169	5600.00000	10.14657
169	5800.00000	10.14657
169	6000.00000	10.14657
169	6200.00000	10.76834
169	6400.00000	10.76834
169	6600.00000	10.76834
169	6800.00000	10.76834
169	7000.00000	9.35913
169	7200.00000	9.35913
169	7400.00000	9.35913
169	7600.00000	9.35913
169	7800.00000	9.76864
169	8000.00000	9.76864
169	8200.00000	9.76864
169	8400.00000	9.76864
169	8600.00000	9.61637
169	8800.00000	9.61637
169	9000.00000	9.61637
169	9200.00000	9.61637
169	9400.00000	10.60387
169	9600.00000	10.60387
169	9800.00000	10.60387
169	10000.00000	8.84163
169	10200.00000	8.84163
169	10400.00000	8.84163
169	10600.00000	8.84163
169	10800.00000	11.81239
169	11000.00000	11.81239
169	11200.00000	11.81239
169	11400.00000	11.81239
169	11600.00000	10.78814
169	11800.00000	10.78814
169	12000.00000	10.78814
169	12200.00000	10.78814
169	12400.00000	10.24246
169	12600.00000	10.24246
169	12800.00000	10.24246
169	13000.00000	10.24246
169	13200.00000	8.74273
169	13400.00000	8.74273
169	13600.00000	8.74273
169	13800.00000	8.74273
169	14000.00000	9.15706
169	14200.00000	9.15706
169	14400.00000	9.15706
169	14600.00000	9.26469
169	14800.00000	9.26469
169	15000.00000	9.26469
169	15200.00000	9.26469
169	15400.00000	8.67748
169	15600.00000	8.67748
169	15800.00000	8.67748
169	16000.00000	8.67748
169	16200.00000	10.05299
169	16400.00000	10.05299
169	16600.00000	10.05299
169	16800.00000	10.05299
169	17000.00000	9.37039
169	17200.00000	9.37039
169	17400.00000	9.37039
169	17600.00000	9.37039
169	17800.00000	9.10644
169	18000.00000	9.10644
169	18200.00000	9.10644
169	18400.00000	9.10644
169	18600.00000	10.06846
169	18800.00000	10.06846
169	19000.00000	10.06846
169	19200.00000	8.94847
169	19400.00000	8.94847
169	19600.00000	8.94847
169	19800.00000	8.94847
169	20000.00000	8.39163
170	0.00000	11.51776
170	200.00000	11.51776
170	400.00000	11.51776
170	600.00000	11.51776
170	800.00000	13.58797
170	1000.00000	13.58797
170	1200.00000	13.58797
170	1400.00000	13.58797
170	1600.00000	10.84842
170	1800.00000	10.84842
170	2000.00000	10.84842
170	2200.00000	10.84842
170	2400.00000	11.38228
170	2600.00000	11.38228
170	2800.00000	11.38228
170	3000.00000	11.38228
170	3200.00000	10.17662
170	3400.00000	10.17662
170	3600.00000	10.17662
170	3800.00000	10.17662
170	4000.00000	11.56106
170	4200.00000	11.56106
170	4400.00000	11.56106
170	4600.00000	11.56106
170	4800.00000	10.76188
170	5000.00000	10.76188
170	5200.00000	10.76188
170	5400.00000	10.21593
170	5600.00000	10.21593
170	5800.00000	10.21593
170	6000.00000	10.21593
170	6200.00000	10.92255
170	6400.00000	10.92255
170	6600.00000	10.92255
170	6800.00000	10.92255
170	7000.00000	9.00366
170	7200.00000	9.00366
170	7400.00000	9.00366
170	7600.00000	9.00366
170	7800.00000	10.22982
170	8000.00000	10.22982
170	8200.00000	10.22982
170	8400.00000	10.22982
170	8600.00000	9.53896
170	8800.00000	9.53896
170	9000.00000	9.53896
170	9200.00000	9.53896
170	9400.00000	10.53726
170	9600.00000	10.53726
170	9800.00000	10.53726
170	10000.00000	8.91843
170	10200.00000	8.91843
170	10400.00000	8.91843
170	10600.00000	8.91843
170	10800.00000	9.08761
170	11000.00000	9.08761
170	11200.00000	9.08761
170	11400.00000	9.08761
170	11600.00000	10.47986
170	11800.00000	10.47986
170	12000.00000	10.47986
170	12200.00000	10.47986
170	12400.00000	10.51072
170	12600.00000	10.51072
170	12800.00000	10.51072
170	13000.00000	10.51072
170	13200.00000	9.85095
170	13400.00000	9.85095
170	13600.00000	9.85095
170	13800.00000	9.85095
170	14000.00000	8.65769
170	14200.00000	8.65769
170	14400.00000	8.65769
170	14600.00000	9.67073
170	14800.00000	9.67073
170	15000.00000	9.67073
170	15200.00000	9.67073
170	15400.00000	8.17586
170	15600.00000	8.17586
170	15800.00000	8.17586
170	16000.00000	8.17586
170	16200.00000	9.62874
170	16400.00000	9.62874
170	16600.00000	9.62874
170	16800.00000	9.62874
170	17000.00000	10.93998
170	17200.00000	10.93998
170	17400.00000	10.93998
170	17600.00000	10.93998
170	17800.00000	9.64879
170	18000.00000	9.64879
170	18200.00000	9.64879
170	18400.00000	9.64879
170	18600.00000	9.07204
170	18800.00000	9.07204
170	19000.00000	9.07204
170	19200.00000	9.81528
170	19400.00000	9.81528
170	19600.00000	9.81528
170	19800.00000	9.81528
170	20000.00000	8.59411
171	0.00000	11.43049
171	200.00000	11.43049
171	400.00000	11.43049
171	600.00000	11.43049
171	800.00000	14.19831
171	1000.00000	14.19831
171	1200.00000	14.19831
171	1400.00000	14.19831
171	1600.00000	10.78769
171	1800.00000	10.78769
171	2000.00000	10.78769
171	2200.00000	10.78769
171	2400.00000	11.42599
171	2600.00000	11.42599
171	2800.00000	11.42599
171	3000.00000	11.42599
171	3200.00000	10.26269
171	3400.00000	10.26269
171	3600.00000	10.26269
171	3800.00000	10.26269
171	4000.00000	11.27606
171	4200.00000	11.27606
171	4400.00000	11.27606
171	4600.00000	11.27606
171	4800.00000	11.33991
171	5000.00000	11.33991
171	5200.00000	11.33991
171	5400.00000	10.01719
171	5600.00000	10.01719
171	5800.00000	10.01719
171	6000.00000	10.01719
171	6200.00000	11.14305
171	6400.00000	11.14305
171	6600.00000	11.14305
171	6800.00000	11.14305
171	7000.00000	9.11946
171	7200.00000	9.11946
171	7400.00000	9.11946
171	7600.00000	9.11946
171	7800.00000	10.53162
171	8000.00000	10.53162
171	8200.00000	10.53162
171	8400.00000	10.53162
171	8600.00000	9.32722
171	8800.00000	9.32722
171	9000.00000	9.32722
171	9200.00000	9.32722
171	9400.00000	11.41323
171	9600.00000	11.41323
171	9800.00000	11.41323
171	10000.00000	9.51651
171	10200.00000	9.51651
171	10400.00000	9.51651
171	10600.00000	9.51651
171	10800.00000	9.32097
171	11000.00000	9.32097
171	11200.00000	9.32097
171	11400.00000	9.32097
171	11600.00000	10.48609
171	11800.00000	10.48609
171	12000.00000	10.48609
171	12200.00000	10.48609
171	12400.00000	11.78791
171	12600.00000	11.78791
171	12800.00000	11.78791
171	13000.00000	11.78791
171	13200.00000	12.56072
171	13400.00000	12.56072
171	13600.00000	12.56072
171	13800.00000	12.56072
171	14000.00000	8.62315
171	14200.00000	8.62315
171	14400.00000	8.62315
171	14600.00000	10.77921
171	14800.00000	10.77921
171	15000.00000	10.77921
171	15200.00000	10.77921
171	15400.00000	7.99189
171	15600.00000	7.99189
171	15800.00000	7.99189
171	16000.00000	7.99189
171	16200.00000	10.62177
171	16400.00000	10.62177
171	16600.00000	10.62177
171	16800.00000	10.62177
171	17000.00000	9.06283
171	17200.00000	9.06283
171	17400.00000	9.06283
171	17600.00000	9.06283
171	17800.00000	10.63636
171	18000.00000	10.63636
171	18200.00000	10.63636
171	18400.00000	10.63636
171	18600.00000	9.87934
171	18800.00000	9.87934
171	19000.00000	9.87934
171	19200.00000	8.39014
171	19400.00000	8.39014
171	19600.00000	8.39014
171	19800.00000	8.39014
171	20000.00000	10.35545
172	0.00000	11.48155
172	200.00000	11.48155
172	400.00000	11.48155
172	600.00000	11.48155
172	800.00000	15.16230
172	1000.00000	15.16230
172	1200.00000	15.16230
172	1400.00000	15.16230
172	1600.00000	10.73122
172	1800.00000	10.73122
172	2000.00000	10.73122
172	2200.00000	10.73122
172	2400.00000	11.94815
172	2600.00000	11.94815
172	2800.00000	11.94815
172	3000.00000	11.94815
172	3200.00000	10.07357
172	3400.00000	10.07357
172	3600.00000	10.07357
172	3800.00000	10.07357
172	4000.00000	11.83669
172	4200.00000	11.83669
172	4400.00000	11.83669
172	4600.00000	11.83669
172	4800.00000	10.70016
172	5000.00000	10.70016
172	5200.00000	10.70016
172	5400.00000	10.13000
172	5600.00000	10.13000
172	5800.00000	10.13000
172	6000.00000	10.13000
172	6200.00000	10.84347
172	6400.00000	10.84347
172	6600.00000	10.84347
172	6800.00000	10.84347
172	7000.00000	8.91982
172	7200.00000	8.91982
172	7400.00000	8.91982
172	7600.00000	8.91982
172	7800.00000	10.94569
172	8000.00000	10.94569
172	8200.00000	10.94569
172	8400.00000	10.94569
172	8600.00000	9.09187
172	8800.00000	9.09187
172	9000.00000	9.09187
172	9200.00000	9.09187
172	9400.00000	11.15146
172	9600.00000	11.15146
172	9800.00000	11.15146
172	10000.00000	9.49590
172	10200.00000	9.49590
172	10400.00000	9.49590
172	10600.00000	9.49590
172	10800.00000	8.99866
172	11000.00000	8.99866
172	11200.00000	8.99866
172	11400.00000	8.99866
172	11600.00000	10.35088
172	11800.00000	10.35088
172	12000.00000	10.35088
172	12200.00000	10.35088
172	12400.00000	11.65264
172	12600.00000	11.65264
172	12800.00000	11.65264
172	13000.00000	11.65264
172	13200.00000	10.44104
172	13400.00000	10.44104
172	13600.00000	10.44104
172	13800.00000	10.44104
172	14000.00000	8.50539
172	14200.00000	8.50539
172	14400.00000	8.50539
172	14600.00000	9.51564
172	14800.00000	9.51564
172	15000.00000	9.51564
172	15200.00000	9.51564
172	15400.00000	8.24827
172	15600.00000	8.24827
172	15800.00000	8.24827
172	16000.00000	8.24827
172	16200.00000	10.14565
172	16400.00000	10.14565
172	16600.00000	10.14565
172	16800.00000	10.14565
172	17000.00000	10.71742
172	17200.00000	10.71742
172	17400.00000	10.71742
172	17600.00000	10.71742
172	17800.00000	8.53135
172	18000.00000	8.53135
172	18200.00000	8.53135
172	18400.00000	8.53135
172	18600.00000	9.67157
172	18800.00000	9.67157
172	19000.00000	9.67157
172	19200.00000	9.46577
172	19400.00000	9.46577
172	19600.00000	9.46577
172	19800.00000	9.46577
172	20000.00000	9.51646
173	0.00000	11.49402
173	200.00000	11.49402
173	400.00000	11.49402
173	600.00000	11.49402
173	800.00000	15.77816
173	1000.00000	15.77816
173	1200.00000	15.77816
173	1400.00000	15.77816
173	1600.00000	10.62003
173	1800.00000	10.62003
173	2000.00000	10.62003
173	2200.00000	10.62003
173	2400.00000	12.33152
173	2600.00000	12.33152
173	2800.00000	12.33152
173	3000.00000	12.33152
173	3200.00000	10.01133
173	3400.00000	10.01133
173	3600.00000	10.01133
173	3800.00000	10.01133
173	4000.00000	11.65486
173	4200.00000	11.65486
173	4400.00000	11.65486
173	4600.00000	11.65486
173	4800.00000	10.45512
173	5000.00000	10.45512
173	5200.00000	10.45512
173	5400.00000	10.20335
173	5600.00000	10.20335
173	5800.00000	10.20335
173	6000.00000	10.20335
173	6200.00000	10.91047
173	6400.00000	10.91047
173	6600.00000	10.91047
173	6800.00000	10.91047
173	7000.00000	8.97497
173	7200.00000	8.97497
173	7400.00000	8.97497
173	7600.00000	8.97497
173	7800.00000	10.17234
173	8000.00000	10.17234
173	8200.00000	10.17234
173	8400.00000	10.17234
173	8600.00000	9.41583
173	8800.00000	9.41583
173	9000.00000	9.41583
173	9200.00000	9.41583
173	9400.00000	11.08452
173	9600.00000	11.08452
173	9800.00000	11.08452
173	10000.00000	9.83353
173	10200.00000	9.83353
173	10400.00000	9.83353
173	10600.00000	9.83353
173	10800.00000	8.69859
173	11000.00000	8.69859
173	11200.00000	8.69859
173	11400.00000	8.69859
173	11600.00000	12.21512
173	11800.00000	12.21512
173	12000.00000	12.21512
173	12200.00000	12.21512
173	12400.00000	10.99064
173	12600.00000	10.99064
173	12800.00000	10.99064
173	13000.00000	10.99064
173	13200.00000	13.30759
173	13400.00000	13.30759
173	13600.00000	13.30759
173	13800.00000	13.30759
173	14000.00000	8.78868
173	14200.00000	8.78868
173	14400.00000	8.78868
173	14600.00000	9.79025
173	14800.00000	9.79025
173	15000.00000	9.79025
173	15200.00000	9.79025
173	15400.00000	8.31615
173	15600.00000	8.31615
173	15800.00000	8.31615
173	16000.00000	8.31615
173	16200.00000	10.69811
173	16400.00000	10.69811
173	16600.00000	10.69811
173	16800.00000	10.69811
173	17000.00000	10.37629
173	17200.00000	10.37629
173	17400.00000	10.37629
173	17600.00000	10.37629
173	17800.00000	8.31213
173	18000.00000	8.31213
173	18200.00000	8.31213
173	18400.00000	8.31213
173	18600.00000	9.38009
173	18800.00000	9.38009
173	19000.00000	9.38009
173	19200.00000	9.65242
173	19400.00000	9.65242
173	19600.00000	9.65242
173	19800.00000	9.65242
173	20000.00000	10.14130
174	0.00000	11.44418
174	200.00000	11.44418
174	400.00000	11.44418
174	600.00000	11.44418
174	800.00000	14.58311
174	1000.00000	14.58311
174	1200.00000	14.58311
174	1400.00000	14.58311
174	1600.00000	10.79998
174	1800.00000	10.79998
174	2000.00000	10.79998
174	2200.00000	10.79998
174	2400.00000	12.11489
174	2600.00000	12.11489
174	2800.00000	12.11489
174	3000.00000	12.11489
174	3200.00000	9.99655
174	3400.00000	9.99655
174	3600.00000	9.99655
174	3800.00000	9.99655
174	4000.00000	12.01361
174	4200.00000	12.01361
174	4400.00000	12.01361
174	4600.00000	12.01361
174	4800.00000	10.79949
174	5000.00000	10.79949
174	5200.00000	10.79949
174	5400.00000	9.85961
174	5600.00000	9.85961
174	5800.00000	9.85961
174	6000.00000	9.85961
174	6200.00000	11.73748
174	6400.00000	11.73748
174	6600.00000	11.73748
174	6800.00000	11.73748
174	7000.00000	9.08313
174	7200.00000	9.08313
174	7400.00000	9.08313
174	7600.00000	9.08313
174	7800.00000	10.87588
174	8000.00000	10.87588
174	8200.00000	10.87588
174	8400.00000	10.87588
174	8600.00000	9.31440
174	8800.00000	9.31440
174	9000.00000	9.31440
174	9200.00000	9.31440
174	9400.00000	11.06635
174	9600.00000	11.06635
174	9800.00000	11.06635
174	10000.00000	9.13643
174	10200.00000	9.13643
174	10400.00000	9.13643
174	10600.00000	9.13643
174	10800.00000	9.22046
174	11000.00000	9.22046
174	11200.00000	9.22046
174	11400.00000	9.22046
174	11600.00000	11.17550
174	11800.00000	11.17550
174	12000.00000	11.17550
174	12200.00000	11.17550
174	12400.00000	11.45352
174	12600.00000	11.45352
174	12800.00000	11.45352
174	13000.00000	11.45352
174	13200.00000	11.22788
174	13400.00000	11.22788
174	13600.00000	11.22788
174	13800.00000	11.22788
174	14000.00000	8.44143
174	14200.00000	8.44143
174	14400.00000	8.44143
174	14600.00000	9.63007
174	14800.00000	9.63007
174	15000.00000	9.63007
174	15200.00000	9.63007
174	15400.00000	8.91030
174	15600.00000	8.91030
174	15800.00000	8.91030
174	16000.00000	8.91030
174	16200.00000	8.64613
174	16400.00000	8.64613
174	16600.00000	8.64613
174	16800.00000	8.64613
174	17000.00000	10.14795
174	17200.00000	10.14795
174	17400.00000	10.14795
174	17600.00000	10.14795
174	17800.00000	8.76429
174	18000.00000	8.76429
174	18200.00000	8.76429
174	18400.00000	8.76429
174	18600.00000	8.90232
174	18800.00000	8.90232
174	19000.00000	8.90232
174	19200.00000	9.03639
174	19400.00000	9.03639
174	19600.00000	9.03639
174	19800.00000	9.03639
174	20000.00000	8.18938
175	0.00000	11.47143
175	200.00000	11.47143
175	400.00000	11.47143
175	600.00000	11.47143
175	800.00000	14.25793
175	1000.00000	14.25793
175	1200.00000	14.25793
175	1400.00000	14.25793
175	1600.00000	10.88431
175	1800.00000	10.88431
175	2000.00000	10.88431
175	2200.00000	10.88431
175	2400.00000	11.43170
175	2600.00000	11.43170
175	2800.00000	11.43170
175	3000.00000	11.43170
175	3200.00000	10.12490
175	3400.00000	10.12490
175	3600.00000	10.12490
175	3800.00000	10.12490
175	4000.00000	11.83980
175	4200.00000	11.83980
175	4400.00000	11.83980
175	4600.00000	11.83980
175	4800.00000	10.74163
175	5000.00000	10.74163
175	5200.00000	10.74163
175	5400.00000	9.82531
175	5600.00000	9.82531
175	5800.00000	9.82531
175	6000.00000	9.82531
175	6200.00000	10.76208
175	6400.00000	10.76208
175	6600.00000	10.76208
175	6800.00000	10.76208
175	7000.00000	9.11173
175	7200.00000	9.11173
175	7400.00000	9.11173
175	7600.00000	9.11173
175	7800.00000	10.41552
175	8000.00000	10.41552
175	8200.00000	10.41552
175	8400.00000	10.41552
175	8600.00000	9.42271
175	8800.00000	9.42271
175	9000.00000	9.42271
175	9200.00000	9.42271
175	9400.00000	10.98006
175	9600.00000	10.98006
175	9800.00000	10.98006
175	10000.00000	8.82172
175	10200.00000	8.82172
175	10400.00000	8.82172
175	10600.00000	8.82172
175	10800.00000	10.62527
175	11000.00000	10.62527
175	11200.00000	10.62527
175	11400.00000	10.62527
175	11600.00000	11.87562
175	11800.00000	11.87562
175	12000.00000	11.87562
175	12200.00000	11.87562
175	12400.00000	11.21964
175	12600.00000	11.21964
175	12800.00000	11.21964
175	13000.00000	11.21964
175	13200.00000	10.87021
175	13400.00000	10.87021
175	13600.00000	10.87021
175	13800.00000	10.87021
175	14000.00000	8.45177
175	14200.00000	8.45177
175	14400.00000	8.45177
175	14600.00000	10.04121
175	14800.00000	10.04121
175	15000.00000	10.04121
175	15200.00000	10.04121
175	15400.00000	9.75264
175	15600.00000	9.75264
175	15800.00000	9.75264
175	16000.00000	9.75264
175	16200.00000	8.05686
175	16400.00000	8.05686
175	16600.00000	8.05686
175	16800.00000	8.05686
175	17000.00000	9.18700
175	17200.00000	9.18700
175	17400.00000	9.18700
175	17600.00000	9.18700
175	17800.00000	9.88723
175	18000.00000	9.88723
175	18200.00000	9.88723
175	18400.00000	9.88723
175	18600.00000	9.28185
175	18800.00000	9.28185
175	19000.00000	9.28185
175	19200.00000	9.87916
175	19400.00000	9.87916
175	19600.00000	9.87916
175	19800.00000	9.87916
175	20000.00000	9.38490
176	0.00000	11.46199
176	200.00000	11.46199
176	400.00000	11.46199
176	600.00000	11.46199
176	800.00000	13.69708
176	1000.00000	13.69708
176	1200.00000	13.69708
176	1400.00000	13.69708
176	1600.00000	10.84642
176	1800.00000	10.84642
176	2000.00000	10.84642
176	2200.00000	10.84642
176	2400.00000	11.42024
176	2600.00000	11.42024
176	2800.00000	11.42024
176	3000.00000	11.42024
176	3200.00000	10.38066
176	3400.00000	10.38066
176	3600.00000	10.38066
176	3800.00000	10.38066
176	4000.00000	11.68391
176	4200.00000	11.68391
176	4400.00000	11.68391
176	4600.00000	11.68391
176	4800.00000	10.53918
176	5000.00000	10.53918
176	5200.00000	10.53918
176	5400.00000	10.27050
176	5600.00000	10.27050
176	5800.00000	10.27050
176	6000.00000	10.27050
176	6200.00000	10.55982
176	6400.00000	10.55982
176	6600.00000	10.55982
176	6800.00000	10.55982
176	7000.00000	9.49072
176	7200.00000	9.49072
176	7400.00000	9.49072
176	7600.00000	9.49072
176	7800.00000	9.67404
176	8000.00000	9.67404
176	8200.00000	9.67404
176	8400.00000	9.67404
176	8600.00000	9.33722
176	8800.00000	9.33722
176	9000.00000	9.33722
176	9200.00000	9.33722
176	9400.00000	10.82775
176	9600.00000	10.82775
176	9800.00000	10.82775
176	10000.00000	9.71397
176	10200.00000	9.71397
176	10400.00000	9.71397
176	10600.00000	9.71397
176	10800.00000	9.06574
176	11000.00000	9.06574
176	11200.00000	9.06574
176	11400.00000	9.06574
176	11600.00000	10.11622
176	11800.00000	10.11622
176	12000.00000	10.11622
176	12200.00000	10.11622
176	12400.00000	10.27653
176	12600.00000	10.27653
176	12800.00000	10.27653
176	13000.00000	10.27653
176	13200.00000	9.38416
176	13400.00000	9.38416
176	13600.00000	9.38416
176	13800.00000	9.38416
176	14000.00000	9.47666
176	14200.00000	9.47666
176	14400.00000	9.47666
176	14600.00000	9.88955
176	14800.00000	9.88955
176	15000.00000	9.88955
176	15200.00000	9.88955
176	15400.00000	8.78209
176	15600.00000	8.78209
176	15800.00000	8.78209
176	16000.00000	8.78209
176	16200.00000	8.42219
176	16400.00000	8.42219
176	16600.00000	8.42219
176	16800.00000	8.42219
176	17000.00000	9.72179
176	17200.00000	9.72179
176	17400.00000	9.72179
176	17600.00000	9.72179
176	17800.00000	9.10380
176	18000.00000	9.10380
176	18200.00000	9.10380
176	18400.00000	9.10380
176	18600.00000	10.35852
176	18800.00000	10.35852
176	19000.00000	10.35852
176	19200.00000	9.21817
176	19400.00000	9.21817
176	19600.00000	9.21817
176	19800.00000	9.21817
176	20000.00000	9.49521
177	0.00000	11.45657
177	200.00000	11.45657
177	400.00000	11.45657
177	600.00000	11.45657
177	800.00000	13.63631
177	1000.00000	13.63631
177	1200.00000	13.63631
177	1400.00000	13.63631
177	1600.00000	11.06990
177	1800.00000	11.06990
177	2000.00000	11.06990
177	2200.00000	11.06990
177	2400.00000	11.01998
177	2600.00000	11.01998
177	2800.00000	11.01998
177	3000.00000	11.01998
177	3200.00000	10.31607
177	3400.00000	10.31607
177	3600.00000	10.31607
177	3800.00000	10.31607
177	4000.00000	11.06124
177	4200.00000	11.06124
177	4400.00000	11.06124
177	4600.00000	11.06124
177	4800.00000	10.63052
177	5000.00000	10.63052
177	5200.00000	10.63052
177	5400.00000	9.85675
177	5600.00000	9.85675
177	5800.00000	9.85675
177	6000.00000	9.85675
177	6200.00000	10.88967
177	6400.00000	10.88967
177	6600.00000	10.88967
177	6800.00000	10.88967
177	7000.00000	9.69265
177	7200.00000	9.69265
177	7400.00000	9.69265
177	7600.00000	9.69265
177	7800.00000	9.26190
177	8000.00000	9.26190
177	8200.00000	9.26190
177	8400.00000	9.26190
177	8600.00000	9.85991
177	8800.00000	9.85991
177	9000.00000	9.85991
177	9200.00000	9.85991
177	9400.00000	10.57607
177	9600.00000	10.57607
177	9800.00000	10.57607
177	10000.00000	9.27652
177	10200.00000	9.27652
177	10400.00000	9.27652
177	10600.00000	9.27652
177	10800.00000	9.39696
177	11000.00000	9.39696
177	11200.00000	9.39696
177	11400.00000	9.39696
177	11600.00000	10.75602
177	11800.00000	10.75602
177	12000.00000	10.75602
177	12200.00000	10.75602
177	12400.00000	10.65052
177	12600.00000	10.65052
177	12800.00000	10.65052
177	13000.00000	10.65052
177	13200.00000	9.12809
177	13400.00000	9.12809
177	13600.00000	9.12809
177	13800.00000	9.12809
177	14000.00000	9.74724
177	14200.00000	9.74724
177	14400.00000	9.74724
177	14600.00000	9.80095
177	14800.00000	9.80095
177	15000.00000	9.80095
177	15200.00000	9.80095
177	15400.00000	8.61746
177	15600.00000	8.61746
177	15800.00000	8.61746
177	16000.00000	8.61746
177	16200.00000	8.52555
177	16400.00000	8.52555
177	16600.00000	8.52555
177	16800.00000	8.52555
177	17000.00000	9.33802
177	17200.00000	9.33802
177	17400.00000	9.33802
177	17600.00000	9.33802
177	17800.00000	10.09377
177	18000.00000	10.09377
177	18200.00000	10.09377
177	18400.00000	10.09377
177	18600.00000	10.12420
177	18800.00000	10.12420
177	19000.00000	10.12420
177	19200.00000	9.36647
177	19400.00000	9.36647
177	19600.00000	9.36647
177	19800.00000	9.36647
177	20000.00000	9.24414
178	0.00000	11.44786
178	200.00000	11.44786
178	400.00000	11.44786
178	600.00000	11.44786
178	800.00000	14.15139
178	1000.00000	14.15139
178	1200.00000	14.15139
178	1400.00000	14.15139
178	1600.00000	10.69425
178	1800.00000	10.69425
178	2000.00000	10.69425
178	2200.00000	10.69425
178	2400.00000	12.17538
178	2600.00000	12.17538
178	2800.00000	12.17538
178	3000.00000	12.17538
178	3200.00000	10.07368
178	3400.00000	10.07368
178	3600.00000	10.07368
178	3800.00000	10.07368
178	4000.00000	11.34093
178	4200.00000	11.34093
178	4400.00000	11.34093
178	4600.00000	11.34093
178	4800.00000	10.40920
178	5000.00000	10.40920
178	5200.00000	10.40920
178	5400.00000	10.59963
178	5600.00000	10.59963
178	5800.00000	10.59963
178	6000.00000	10.59963
178	6200.00000	10.42659
178	6400.00000	10.42659
178	6600.00000	10.42659
178	6800.00000	10.42659
178	7000.00000	9.50360
178	7200.00000	9.50360
178	7400.00000	9.50360
178	7600.00000	9.50360
178	7800.00000	9.34483
178	8000.00000	9.34483
178	8200.00000	9.34483
178	8400.00000	9.34483
178	8600.00000	10.25510
178	8800.00000	10.25510
178	9000.00000	10.25510
178	9200.00000	10.25510
178	9400.00000	10.87150
178	9600.00000	10.87150
178	9800.00000	10.87150
178	10000.00000	9.15100
178	10200.00000	9.15100
178	10400.00000	9.15100
178	10600.00000	9.15100
178	10800.00000	9.26492
178	11000.00000	9.26492
178	11200.00000	9.26492
178	11400.00000	9.26492
178	11600.00000	11.93537
178	11800.00000	11.93537
178	12000.00000	11.93537
178	12200.00000	11.93537
178	12400.00000	11.51735
178	12600.00000	11.51735
178	12800.00000	11.51735
178	13000.00000	11.51735
178	13200.00000	10.37345
178	13400.00000	10.37345
178	13600.00000	10.37345
178	13800.00000	10.37345
178	14000.00000	8.53498
178	14200.00000	8.53498
178	14400.00000	8.53498
178	14600.00000	10.59145
178	14800.00000	10.59145
178	15000.00000	10.59145
178	15200.00000	10.59145
178	15400.00000	9.02170
178	15600.00000	9.02170
178	15800.00000	9.02170
178	16000.00000	9.02170
178	16200.00000	8.80609
178	16400.00000	8.80609
178	16600.00000	8.80609
178	16800.00000	8.80609
178	17000.00000	10.18802
178	17200.00000	10.18802
178	17400.00000	10.18802
178	17600.00000	10.18802
178	17800.00000	9.07433
178	18000.00000	9.07433
178	18200.00000	9.07433
178	18400.00000	9.07433
178	18600.00000	8.18152
178	18800.00000	8.18152
178	19000.00000	8.18152
178	19200.00000	9.33946
178	19400.00000	9.33946
178	19600.00000	9.33946
178	19800.00000	9.33946
178	20000.00000	8.77502
179	0.00000	11.41541
179	200.00000	11.41541
179	400.00000	11.41541
179	600.00000	11.41541
179	800.00000	13.35824
179	1000.00000	13.35824
179	1200.00000	13.35824
179	1400.00000	13.35824
179	1600.00000	10.82528
179	1800.00000	10.82528
179	2000.00000	10.82528
179	2200.00000	10.82528
179	2400.00000	12.11803
179	2600.00000	12.11803
179	2800.00000	12.11803
179	3000.00000	12.11803
179	3200.00000	10.18375
179	3400.00000	10.18375
179	3600.00000	10.18375
179	3800.00000	10.18375
179	4000.00000	12.09311
179	4200.00000	12.09311
179	4400.00000	12.09311
179	4600.00000	12.09311
179	4800.00000	10.37750
179	5000.00000	10.37750
179	5200.00000	10.37750
179	5400.00000	10.03195
179	5600.00000	10.03195
179	5800.00000	10.03195
179	6000.00000	10.03195
179	6200.00000	10.94581
179	6400.00000	10.94581
179	6600.00000	10.94581
179	6800.00000	10.94581
179	7000.00000	9.25523
179	7200.00000	9.25523
179	7400.00000	9.25523
179	7600.00000	9.25523
179	7800.00000	9.73745
179	8000.00000	9.73745
179	8200.00000	9.73745
179	8400.00000	9.73745
179	8600.00000	9.35743
179	8800.00000	9.35743
179	9000.00000	9.35743
179	9200.00000	9.35743
179	9400.00000	9.95465
179	9600.00000	9.95465
179	9800.00000	9.95465
179	10000.00000	9.95175
179	10200.00000	9.95175
179	10400.00000	9.95175
179	10600.00000	9.95175
179	10800.00000	8.88413
179	11000.00000	8.88413
179	11200.00000	8.88413
179	11400.00000	8.88413
179	11600.00000	10.96428
179	11800.00000	10.96428
179	12000.00000	10.96428
179	12200.00000	10.96428
179	12400.00000	11.16045
179	12600.00000	11.16045
179	12800.00000	11.16045
179	13000.00000	11.16045
179	13200.00000	10.17761
179	13400.00000	10.17761
179	13600.00000	10.17761
179	13800.00000	10.17761
179	14000.00000	9.19453
179	14200.00000	9.19453
179	14400.00000	9.19453
179	14600.00000	8.50420
179	14800.00000	8.50420
179	15000.00000	8.50420
179	15200.00000	8.50420
179	15400.00000	8.98763
179	15600.00000	8.98763
179	15800.00000	8.98763
179	16000.00000	8.98763
179	16200.00000	9.35887
179	16400.00000	9.35887
179	16600.00000	9.35887
179	16800.00000	9.35887
179	17000.00000	9.83575
179	17200.00000	9.83575
179	17400.00000	9.83575
179	17600.00000	9.83575
179	17800.00000	8.56281
179	18000.00000	8.56281
179	18200.00000	8.56281
179	18400.00000	8.56281
179	18600.00000	9.29607
179	18800.00000	9.29607
179	19000.00000	9.29607
179	19200.00000	9.78482
179	19400.00000	9.78482
179	19600.00000	9.78482
179	19800.00000	9.78482
179	20000.00000	8.34112
180	0.00000	11.36912
180	200.00000	11.36912
180	400.00000	11.36912
180	600.00000	11.36912
180	800.00000	13.85812
180	1000.00000	13.85812
180	1200.00000	13.85812
180	1400.00000	13.85812
180	1600.00000	10.68534
180	1800.00000	10.68534
180	2000.00000	10.68534
180	2200.00000	10.68534
180	2400.00000	12.67726
180	2600.00000	12.67726
180	2800.00000	12.67726
180	3000.00000	12.67726
180	3200.00000	9.89364
180	3400.00000	9.89364
180	3600.00000	9.89364
180	3800.00000	9.89364
180	4000.00000	12.40090
180	4200.00000	12.40090
180	4400.00000	12.40090
180	4600.00000	12.40090
180	4800.00000	10.49863
180	5000.00000	10.49863
180	5200.00000	10.49863
180	5400.00000	10.08835
180	5600.00000	10.08835
180	5800.00000	10.08835
180	6000.00000	10.08835
180	6200.00000	10.68205
180	6400.00000	10.68205
180	6600.00000	10.68205
180	6800.00000	10.68205
180	7000.00000	9.51796
180	7200.00000	9.51796
180	7400.00000	9.51796
180	7600.00000	9.51796
180	7800.00000	9.64121
180	8000.00000	9.64121
180	8200.00000	9.64121
180	8400.00000	9.64121
180	8600.00000	9.53347
180	8800.00000	9.53347
180	9000.00000	9.53347
180	9200.00000	9.53347
180	9400.00000	10.33217
180	9600.00000	10.33217
180	9800.00000	10.33217
180	10000.00000	9.78225
180	10200.00000	9.78225
180	10400.00000	9.78225
180	10600.00000	9.78225
180	10800.00000	9.14199
180	11000.00000	9.14199
180	11200.00000	9.14199
180	11400.00000	9.14199
180	11600.00000	10.09336
180	11800.00000	10.09336
180	12000.00000	10.09336
180	12200.00000	10.09336
180	12400.00000	11.38344
180	12600.00000	11.38344
180	12800.00000	11.38344
180	13000.00000	11.38344
180	13200.00000	10.09255
180	13400.00000	10.09255
180	13600.00000	10.09255
180	13800.00000	10.09255
180	14000.00000	9.09558
180	14200.00000	9.09558
180	14400.00000	9.09558
180	14600.00000	8.44317
180	14800.00000	8.44317
180	15000.00000	8.44317
180	15200.00000	8.44317
180	15400.00000	9.20191
180	15600.00000	9.20191
180	15800.00000	9.20191
180	16000.00000	9.20191
180	16200.00000	8.62793
180	16400.00000	8.62793
180	16600.00000	8.62793
180	16800.00000	8.62793
180	17000.00000	10.21143
180	17200.00000	10.21143
180	17400.00000	10.21143
180	17600.00000	10.21143
180	17800.00000	9.76617
180	18000.00000	9.76617
180	18200.00000	9.76617
180	18400.00000	9.76617
180	18600.00000	8.51955
180	18800.00000	8.51955
180	19000.00000	8.51955
180	19200.00000	9.76755
180	19400.00000	9.76755
180	19600.00000	9.76755
180	19800.00000	9.76755
180	20000.00000	8.13225
181	0.00000	11.44390
181	200.00000	11.44390
181	400.00000	11.44390
181	600.00000	11.44390
181	800.00000	13.88628
181	1000.00000	13.88628
181	1200.00000	13.88628
181	1400.00000	13.88628
181	1600.00000	10.72940
181	1800.00000	10.72940
181	2000.00000	10.72940
181	2200.00000	10.72940
181	2400.00000	12.21487
181	2600.00000	12.21487
181	2800.00000	12.21487
181	3000.00000	12.21487
181	3200.00000	10.02919
181	3400.00000	10.02919
181	3600.00000	10.02919
181	3800.00000	10.02919
181	4000.00000	11.86295
181	4200.00000	11.86295
181	4400.00000	11.86295
181	4600.00000	11.86295
181	4800.00000	10.66593
181	5000.00000	10.66593
181	5200.00000	10.66593
181	5400.00000	10.07983
181	5600.00000	10.07983
181	5800.00000	10.07983
181	6000.00000	10.07983
181	6200.00000	11.13134
181	6400.00000	11.13134
181	6600.00000	11.13134
181	6800.00000	11.13134
181	7000.00000	9.58805
181	7200.00000	9.58805
181	7400.00000	9.58805
181	7600.00000	9.58805
181	7800.00000	9.89676
181	8000.00000	9.89676
181	8200.00000	9.89676
181	8400.00000	9.89676
181	8600.00000	9.42598
181	8800.00000	9.42598
181	9000.00000	9.42598
181	9200.00000	9.42598
181	9400.00000	10.43514
181	9600.00000	10.43514
181	9800.00000	10.43514
181	10000.00000	9.21918
181	10200.00000	9.21918
181	10400.00000	9.21918
181	10600.00000	9.21918
181	10800.00000	9.17502
181	11000.00000	9.17502
181	11200.00000	9.17502
181	11400.00000	9.17502
181	11600.00000	10.21986
181	11800.00000	10.21986
181	12000.00000	10.21986
181	12200.00000	10.21986
181	12400.00000	11.00263
181	12600.00000	11.00263
181	12800.00000	11.00263
181	13000.00000	11.00263
181	13200.00000	9.18175
181	13400.00000	9.18175
181	13600.00000	9.18175
181	13800.00000	9.18175
181	14000.00000	9.21998
181	14200.00000	9.21998
181	14400.00000	9.21998
181	14600.00000	8.52477
181	14800.00000	8.52477
181	15000.00000	8.52477
181	15200.00000	8.52477
181	15400.00000	9.15386
181	15600.00000	9.15386
181	15800.00000	9.15386
181	16000.00000	9.15386
181	16200.00000	8.68183
181	16400.00000	8.68183
181	16600.00000	8.68183
181	16800.00000	8.68183
181	17000.00000	10.03008
181	17200.00000	10.03008
181	17400.00000	10.03008
181	17600.00000	10.03008
181	17800.00000	10.00055
181	18000.00000	10.00055
181	18200.00000	10.00055
181	18400.00000	10.00055
181	18600.00000	9.28349
181	18800.00000	9.28349
181	19000.00000	9.28349
181	19200.00000	7.68979
181	19400.00000	7.68979
181	19600.00000	7.68979
181	19800.00000	7.68979
181	20000.00000	9.74076
182	0.00000	11.46672
182	200.00000	11.46672
182	400.00000	11.46672
182	600.00000	11.46672
182	800.00000	14.02544
182	1000.00000	14.02544
182	1200.00000	14.02544
182	1400.00000	14.02544
182	1600.00000	10.84437
182	1800.00000	10.84437
182	2000.00000	10.84437
182	2200.00000	10.84437
182	2400.00000	11.47283
182	2600.00000	11.47283
182	2800.00000	11.47283
182	3000.00000	11.47283
182	3200.00000	10.06711
182	3400.00000	10.06711
182	3600.00000	10.06711
182	3800.00000	10.06711
182	4000.00000	12.80135
182	4200.00000	12.80135
182	4400.00000	12.80135
182	4600.00000	12.80135
182	4800.00000	10.50621
182	5000.00000	10.50621
182	5200.00000	10.50621
182	5400.00000	10.19998
182	5600.00000	10.19998
182	5800.00000	10.19998
182	6000.00000	10.19998
182	6200.00000	10.39958
182	6400.00000	10.39958
182	6600.00000	10.39958
182	6800.00000	10.39958
182	7000.00000	10.15246
182	7200.00000	10.15246
182	7400.00000	10.15246
182	7600.00000	10.15246
182	7800.00000	9.69807
182	8000.00000	9.69807
182	8200.00000	9.69807
182	8400.00000	9.69807
182	8600.00000	9.06658
182	8800.00000	9.06658
182	9000.00000	9.06658
182	9200.00000	9.06658
182	9400.00000	11.33628
182	9600.00000	11.33628
182	9800.00000	11.33628
182	10000.00000	10.04083
182	10200.00000	10.04083
182	10400.00000	10.04083
182	10600.00000	10.04083
182	10800.00000	9.46728
182	11000.00000	9.46728
182	11200.00000	9.46728
182	11400.00000	9.46728
182	11600.00000	10.84940
182	11800.00000	10.84940
182	12000.00000	10.84940
182	12200.00000	10.84940
182	12400.00000	11.44460
182	12600.00000	11.44460
182	12800.00000	11.44460
182	13000.00000	11.44460
182	13200.00000	11.11714
182	13400.00000	11.11714
182	13600.00000	11.11714
182	13800.00000	11.11714
182	14000.00000	8.23848
182	14200.00000	8.23848
182	14400.00000	8.23848
182	14600.00000	9.61594
182	14800.00000	9.61594
182	15000.00000	9.61594
182	15200.00000	9.61594
182	15400.00000	9.04157
182	15600.00000	9.04157
182	15800.00000	9.04157
182	16000.00000	9.04157
182	16200.00000	9.09692
182	16400.00000	9.09692
182	16600.00000	9.09692
182	16800.00000	9.09692
182	17000.00000	10.55991
182	17200.00000	10.55991
182	17400.00000	10.55991
182	17600.00000	10.55991
182	17800.00000	10.26436
182	18000.00000	10.26436
182	18200.00000	10.26436
182	18400.00000	10.26436
182	18600.00000	8.22493
182	18800.00000	8.22493
182	19000.00000	8.22493
182	19200.00000	11.21521
182	19400.00000	11.21521
182	19600.00000	11.21521
182	19800.00000	11.21521
182	20000.00000	10.47275
183	0.00000	11.51104
183	200.00000	11.51104
183	400.00000	11.51104
183	600.00000	11.51104
183	800.00000	14.25227
183	1000.00000	14.25227
183	1200.00000	14.25227
183	1400.00000	14.25227
183	1600.00000	10.74474
183	1800.00000	10.74474
183	2000.00000	10.74474
183	2200.00000	10.74474
183	2400.00000	11.70107
183	2600.00000	11.70107
183	2800.00000	11.70107
183	3000.00000	11.70107
183	3200.00000	10.16100
183	3400.00000	10.16100
183	3600.00000	10.16100
183	3800.00000	10.16100
183	4000.00000	11.93005
183	4200.00000	11.93005
183	4400.00000	11.93005
183	4600.00000	11.93005
183	4800.00000	10.38677
183	5000.00000	10.38677
183	5200.00000	10.38677
183	5400.00000	9.92393
183	5600.00000	9.92393
183	5800.00000	9.92393
183	6000.00000	9.92393
183	6200.00000	11.13845
183	6400.00000	11.13845
183	6600.00000	11.13845
183	6800.00000	11.13845
183	7000.00000	9.74843
183	7200.00000	9.74843
183	7400.00000	9.74843
183	7600.00000	9.74843
183	7800.00000	9.78111
183	8000.00000	9.78111
183	8200.00000	9.78111
183	8400.00000	9.78111
183	8600.00000	9.02068
183	8800.00000	9.02068
183	9000.00000	9.02068
183	9200.00000	9.02068
183	9400.00000	10.59202
183	9600.00000	10.59202
183	9800.00000	10.59202
183	10000.00000	9.27047
183	10200.00000	9.27047
183	10400.00000	9.27047
183	10600.00000	9.27047
183	10800.00000	9.32819
183	11000.00000	9.32819
183	11200.00000	9.32819
183	11400.00000	9.32819
183	11600.00000	10.46369
183	11800.00000	10.46369
183	12000.00000	10.46369
183	12200.00000	10.46369
183	12400.00000	11.37683
183	12600.00000	11.37683
183	12800.00000	11.37683
183	13000.00000	11.37683
183	13200.00000	9.62034
183	13400.00000	9.62034
183	13600.00000	9.62034
183	13800.00000	9.62034
183	14000.00000	8.38503
183	14200.00000	8.38503
183	14400.00000	8.38503
183	14600.00000	9.03915
183	14800.00000	9.03915
183	15000.00000	9.03915
183	15200.00000	9.03915
183	15400.00000	8.79008
183	15600.00000	8.79008
183	15800.00000	8.79008
183	16000.00000	8.79008
183	16200.00000	9.59122
183	16400.00000	9.59122
183	16600.00000	9.59122
183	16800.00000	9.59122
183	17000.00000	9.89526
183	17200.00000	9.89526
183	17400.00000	9.89526
183	17600.00000	9.89526
183	17800.00000	10.02134
183	18000.00000	10.02134
183	18200.00000	10.02134
183	18400.00000	10.02134
183	18600.00000	8.67014
183	18800.00000	8.67014
183	19000.00000	8.67014
183	19200.00000	9.28483
183	19400.00000	9.28483
183	19600.00000	9.28483
183	19800.00000	9.28483
183	20000.00000	9.72096
184	0.00000	11.39788
184	200.00000	11.39788
184	400.00000	11.39788
184	600.00000	11.39788
184	800.00000	13.71619
184	1000.00000	13.71619
184	1200.00000	13.71619
184	1400.00000	13.71619
184	1600.00000	10.83302
184	1800.00000	10.83302
184	2000.00000	10.83302
184	2200.00000	10.83302
184	2400.00000	11.28643
184	2600.00000	11.28643
184	2800.00000	11.28643
184	3000.00000	11.28643
184	3200.00000	10.30348
184	3400.00000	10.30348
184	3600.00000	10.30348
184	3800.00000	10.30348
184	4000.00000	11.29125
184	4200.00000	11.29125
184	4400.00000	11.29125
184	4600.00000	11.29125
184	4800.00000	10.60543
184	5000.00000	10.60543
184	5200.00000	10.60543
184	5400.00000	10.09092
184	5600.00000	10.09092
184	5800.00000	10.09092
184	6000.00000	10.09092
184	6200.00000	10.53182
184	6400.00000	10.53182
184	6600.00000	10.53182
184	6800.00000	10.53182
184	7000.00000	9.54013
184	7200.00000	9.54013
184	7400.00000	9.54013
184	7600.00000	9.54013
184	7800.00000	9.67661
184	8000.00000	9.67661
184	8200.00000	9.67661
184	8400.00000	9.67661
184	8600.00000	9.48999
184	8800.00000	9.48999
184	9000.00000	9.48999
184	9200.00000	9.48999
184	9400.00000	10.47161
184	9600.00000	10.47161
184	9800.00000	10.47161
184	10000.00000	8.94843
184	10200.00000	8.94843
184	10400.00000	8.94843
184	10600.00000	8.94843
184	10800.00000	9.27790
184	11000.00000	9.27790
184	11200.00000	9.27790
184	11400.00000	9.27790
184	11600.00000	10.55662
184	11800.00000	10.55662
184	12000.00000	10.55662
184	12200.00000	10.55662
184	12400.00000	10.47451
184	12600.00000	10.47451
184	12800.00000	10.47451
184	13000.00000	10.47451
184	13200.00000	10.41390
184	13400.00000	10.41390
184	13600.00000	10.41390
184	13800.00000	10.41390
184	14000.00000	9.00369
184	14200.00000	9.00369
184	14400.00000	9.00369
184	14600.00000	9.79216
184	14800.00000	9.79216
184	15000.00000	9.79216
184	15200.00000	9.79216
184	15400.00000	8.68665
184	15600.00000	8.68665
184	15800.00000	8.68665
184	16000.00000	8.68665
184	16200.00000	10.03727
184	16400.00000	10.03727
184	16600.00000	10.03727
184	16800.00000	10.03727
184	17000.00000	9.75220
184	17200.00000	9.75220
184	17400.00000	9.75220
184	17600.00000	9.75220
184	17800.00000	9.71250
184	18000.00000	9.71250
184	18200.00000	9.71250
184	18400.00000	9.71250
184	18600.00000	7.67261
184	18800.00000	7.67261
184	19000.00000	7.67261
184	19200.00000	8.58189
184	19400.00000	8.58189
184	19600.00000	8.58189
184	19800.00000	8.58189
184	20000.00000	9.49770
185	0.00000	11.47603
185	200.00000	11.47603
185	400.00000	11.47603
185	600.00000	11.47603
185	800.00000	15.38719
185	1000.00000	15.38719
185	1200.00000	15.38719
185	1400.00000	15.38719
185	1600.00000	10.81699
185	1800.00000	10.81699
185	2000.00000	10.81699
185	2200.00000	10.81699
185	2400.00000	11.41758
185	2600.00000	11.41758
185	2800.00000	11.41758
185	3000.00000	11.41758
185	3200.00000	10.29193
185	3400.00000	10.29193
185	3600.00000	10.29193
185	3800.00000	10.29193
185	4000.00000	11.55036
185	4200.00000	11.55036
185	4400.00000	11.55036
185	4600.00000	11.55036
185	4800.00000	10.70914
185	5000.00000	10.70914
185	5200.00000	10.70914
185	5400.00000	9.91238
185	5600.00000	9.91238
185	5800.00000	9.91238
185	6000.00000	9.91238
185	6200.00000	10.94529
185	6400.00000	10.94529
185	6600.00000	10.94529
185	6800.00000	10.94529
185	7000.00000	9.24440
185	7200.00000	9.24440
185	7400.00000	9.24440
185	7600.00000	9.24440
185	7800.00000	9.89883
185	8000.00000	9.89883
185	8200.00000	9.89883
185	8400.00000	9.89883
185	8600.00000	9.88217
185	8800.00000	9.88217
185	9000.00000	9.88217
185	9200.00000	9.88217
185	9400.00000	9.84952
185	9600.00000	9.84952
185	9800.00000	9.84952
185	10000.00000	9.06007
185	10200.00000	9.06007
185	10400.00000	9.06007
185	10600.00000	9.06007
185	10800.00000	9.44696
185	11000.00000	9.44696
185	11200.00000	9.44696
185	11400.00000	9.44696
185	11600.00000	10.65492
185	11800.00000	10.65492
185	12000.00000	10.65492
185	12200.00000	10.65492
185	12400.00000	10.80110
185	12600.00000	10.80110
185	12800.00000	10.80110
185	13000.00000	10.80110
185	13200.00000	10.31736
185	13400.00000	10.31736
185	13600.00000	10.31736
185	13800.00000	10.31736
185	14000.00000	8.94685
185	14200.00000	8.94685
185	14400.00000	8.94685
185	14600.00000	9.83327
185	14800.00000	9.83327
185	15000.00000	9.83327
185	15200.00000	9.83327
185	15400.00000	7.93800
185	15600.00000	7.93800
185	15800.00000	7.93800
185	16000.00000	7.93800
185	16200.00000	9.94719
185	16400.00000	9.94719
185	16600.00000	9.94719
185	16800.00000	9.94719
185	17000.00000	10.16944
185	17200.00000	10.16944
185	17400.00000	10.16944
185	17600.00000	10.16944
185	17800.00000	10.02423
185	18000.00000	10.02423
185	18200.00000	10.02423
185	18400.00000	10.02423
185	18600.00000	8.84033
185	18800.00000	8.84033
185	19000.00000	8.84033
185	19200.00000	7.43735
185	19400.00000	7.43735
185	19600.00000	7.43735
185	19800.00000	7.43735
185	20000.00000	9.67361
186	0.00000	11.43820
186	200.00000	11.43820
186	400.00000	11.43820
186	600.00000	11.43820
186	800.00000	13.69054
186	1000.00000	13.69054
186	1200.00000	13.69054
186	1400.00000	13.69054
186	1600.00000	11.01075
186	1800.00000	11.01075
186	2000.00000	11.01075
186	2200.00000	11.01075
186	2400.00000	11.06795
186	2600.00000	11.06795
186	2800.00000	11.06795
186	3000.00000	11.06795
186	3200.00000	10.21402
186	3400.00000	10.21402
186	3600.00000	10.21402
186	3800.00000	10.21402
186	4000.00000	11.54121
186	4200.00000	11.54121
186	4400.00000	11.54121
186	4600.00000	11.54121
186	4800.00000	10.87271
186	5000.00000	10.87271
186	5200.00000	10.87271
186	5400.00000	9.79669
186	5600.00000	9.79669
186	5800.00000	9.79669
186	6000.00000	9.79669
186	6200.00000	11.53312
186	6400.00000	11.53312
186	6600.00000	11.53312
186	6800.00000	11.53312
186	7000.00000	9.32997
186	7200.00000	9.32997
186	7400.00000	9.32997
186	7600.00000	9.32997
186	7800.00000	9.64985
186	8000.00000	9.64985
186	8200.00000	9.64985
186	8400.00000	9.64985
186	8600.00000	9.34974
186	8800.00000	9.34974
186	9000.00000	9.34974
186	9200.00000	9.34974
186	9400.00000	11.17040
186	9600.00000	11.17040
186	9800.00000	11.17040
186	10000.00000	9.23737
186	10200.00000	9.23737
186	10400.00000	9.23737
186	10600.00000	9.23737
186	10800.00000	9.85282
186	11000.00000	9.85282
186	11200.00000	9.85282
186	11400.00000	9.85282
186	11600.00000	10.46076
186	11800.00000	10.46076
186	12000.00000	10.46076
186	12200.00000	10.46076
186	12400.00000	11.55184
186	12600.00000	11.55184
186	12800.00000	11.55184
186	13000.00000	11.55184
186	13200.00000	9.82363
186	13400.00000	9.82363
186	13600.00000	9.82363
186	13800.00000	9.82363
186	14000.00000	8.81674
186	14200.00000	8.81674
186	14400.00000	8.81674
186	14600.00000	9.32516
186	14800.00000	9.32516
186	15000.00000	9.32516
186	15200.00000	9.32516
186	15400.00000	8.65073
186	15600.00000	8.65073
186	15800.00000	8.65073
186	16000.00000	8.65073
186	16200.00000	9.27673
186	16400.00000	9.27673
186	16600.00000	9.27673
186	16800.00000	9.27673
186	17000.00000	11.17702
186	17200.00000	11.17702
186	17400.00000	11.17702
186	17600.00000	11.17702
186	17800.00000	9.02486
186	18000.00000	9.02486
186	18200.00000	9.02486
186	18400.00000	9.02486
186	18600.00000	7.70485
186	18800.00000	7.70485
186	19000.00000	7.70485
186	19200.00000	8.25346
186	19400.00000	8.25346
186	19600.00000	8.25346
186	19800.00000	8.25346
186	20000.00000	8.74088
187	0.00000	11.46365
187	200.00000	11.46365
187	400.00000	11.46365
187	600.00000	11.46365
187	800.00000	13.75423
187	1000.00000	13.75423
187	1200.00000	13.75423
187	1400.00000	13.75423
187	1600.00000	11.03433
187	1800.00000	11.03433
187	2000.00000	11.03433
187	2200.00000	11.03433
187	2400.00000	10.99077
187	2600.00000	10.99077
187	2800.00000	10.99077
187	3000.00000	10.99077
187	3200.00000	10.37830
187	3400.00000	10.37830
187	3600.00000	10.37830
187	3800.00000	10.37830
187	4000.00000	11.22552
187	4200.00000	11.22552
187	4400.00000	11.22552
187	4600.00000	11.22552
187	4800.00000	10.62615
187	5000.00000	10.62615
187	5200.00000	10.62615
187	5400.00000	10.08853
187	5600.00000	10.08853
187	5800.00000	10.08853
187	6000.00000	10.08853
187	6200.00000	11.08889
187	6400.00000	11.08889
187	6600.00000	11.08889
187	6800.00000	11.08889
187	7000.00000	9.31691
187	7200.00000	9.31691
187	7400.00000	9.31691
187	7600.00000	9.31691
187	7800.00000	10.22800
187	8000.00000	10.22800
187	8200.00000	10.22800
187	8400.00000	10.22800
187	8600.00000	9.08042
187	8800.00000	9.08042
187	9000.00000	9.08042
187	9200.00000	9.08042
187	9400.00000	11.99197
187	9600.00000	11.99197
187	9800.00000	11.99197
187	10000.00000	9.17767
187	10200.00000	9.17767
187	10400.00000	9.17767
187	10600.00000	9.17767
187	10800.00000	9.40613
187	11000.00000	9.40613
187	11200.00000	9.40613
187	11400.00000	9.40613
187	11600.00000	10.88831
187	11800.00000	10.88831
187	12000.00000	10.88831
187	12200.00000	10.88831
187	12400.00000	11.65720
187	12600.00000	11.65720
187	12800.00000	11.65720
187	13000.00000	11.65720
187	13200.00000	9.96200
187	13400.00000	9.96200
187	13600.00000	9.96200
187	13800.00000	9.96200
187	14000.00000	8.58481
187	14200.00000	8.58481
187	14400.00000	8.58481
187	14600.00000	11.16469
187	14800.00000	11.16469
187	15000.00000	11.16469
187	15200.00000	11.16469
187	15400.00000	9.93008
187	15600.00000	9.93008
187	15800.00000	9.93008
187	16000.00000	9.93008
187	16200.00000	8.40973
187	16400.00000	8.40973
187	16600.00000	8.40973
187	16800.00000	8.40973
187	17000.00000	9.11342
187	17200.00000	9.11342
187	17400.00000	9.11342
187	17600.00000	9.11342
187	17800.00000	10.83580
187	18000.00000	10.83580
187	18200.00000	10.83580
187	18400.00000	10.83580
187	18600.00000	8.76102
187	18800.00000	8.76102
187	19000.00000	8.76102
187	19200.00000	8.92437
187	19400.00000	8.92437
187	19600.00000	8.92437
187	19800.00000	8.92437
187	20000.00000	8.81172
188	0.00000	11.47619
188	200.00000	11.47619
188	400.00000	11.47619
188	600.00000	11.47619
188	800.00000	12.91251
188	1000.00000	12.91251
188	1200.00000	12.91251
188	1400.00000	12.91251
188	1600.00000	10.99434
188	1800.00000	10.99434
188	2000.00000	10.99434
188	2200.00000	10.99434
188	2400.00000	10.76117
188	2600.00000	10.76117
188	2800.00000	10.76117
188	3000.00000	10.76117
188	3200.00000	10.35931
188	3400.00000	10.35931
188	3600.00000	10.35931
188	3800.00000	10.35931
188	4000.00000	11.01297
188	4200.00000	11.01297
188	4400.00000	11.01297
188	4600.00000	11.01297
188	4800.00000	10.59675
188	5000.00000	10.59675
188	5200.00000	10.59675
188	5400.00000	10.19434
188	5600.00000	10.19434
188	5800.00000	10.19434
188	6000.00000	10.19434
188	6200.00000	11.00143
188	6400.00000	11.00143
188	6600.00000	11.00143
188	6800.00000	11.00143
188	7000.00000	9.45668
188	7200.00000	9.45668
188	7400.00000	9.45668
188	7600.00000	9.45668
188	7800.00000	9.55308
188	8000.00000	9.55308
188	8200.00000	9.55308
188	8400.00000	9.55308
188	8600.00000	9.30487
188	8800.00000	9.30487
188	9000.00000	9.30487
188	9200.00000	9.30487
188	9400.00000	10.73228
188	9600.00000	10.73228
188	9800.00000	10.73228
188	10000.00000	10.01599
188	10200.00000	10.01599
188	10400.00000	10.01599
188	10600.00000	10.01599
188	10800.00000	9.27617
188	11000.00000	9.27617
188	11200.00000	9.27617
188	11400.00000	9.27617
188	11600.00000	9.77048
188	11800.00000	9.77048
188	12000.00000	9.77048
188	12200.00000	9.77048
188	12400.00000	9.93898
188	12600.00000	9.93898
188	12800.00000	9.93898
188	13000.00000	9.93898
188	13200.00000	9.73833
188	13400.00000	9.73833
188	13600.00000	9.73833
188	13800.00000	9.73833
188	14000.00000	9.46175
188	14200.00000	9.46175
188	14400.00000	9.46175
188	14600.00000	8.73073
188	14800.00000	8.73073
188	15000.00000	8.73073
188	15200.00000	8.73073
188	15400.00000	8.86675
188	15600.00000	8.86675
188	15800.00000	8.86675
188	16000.00000	8.86675
188	16200.00000	8.10321
188	16400.00000	8.10321
188	16600.00000	8.10321
188	16800.00000	8.10321
188	17000.00000	9.44744
188	17200.00000	9.44744
188	17400.00000	9.44744
188	17600.00000	9.44744
188	17800.00000	8.43772
188	18000.00000	8.43772
188	18200.00000	8.43772
188	18400.00000	8.43772
188	18600.00000	8.57724
188	18800.00000	8.57724
188	19000.00000	8.57724
188	19200.00000	9.03498
188	19400.00000	9.03498
188	19600.00000	9.03498
188	19800.00000	9.03498
188	20000.00000	8.99413
189	0.00000	11.53363
189	200.00000	11.53363
189	400.00000	11.53363
189	600.00000	11.53363
189	800.00000	13.35188
189	1000.00000	13.35188
189	1200.00000	13.35188
189	1400.00000	13.35188
189	1600.00000	11.00261
189	1800.00000	11.00261
189	2000.00000	11.00261
189	2200.00000	11.00261
189	2400.00000	10.74652
189	2600.00000	10.74652
189	2800.00000	10.74652
189	3000.00000	10.74652
189	3200.00000	10.53939
189	3400.00000	10.53939
189	3600.00000	10.53939
189	3800.00000	10.53939
189	4000.00000	11.13845
189	4200.00000	11.13845
189	4400.00000	11.13845
189	4600.00000	11.13845
189	4800.00000	10.63742
189	5000.00000	10.63742
189	5200.00000	10.63742
189	5400.00000	10.03691
189	5600.00000	10.03691
189	5800.00000	10.03691
189	6000.00000	10.03691
189	6200.00000	11.06451
189	6400.00000	11.06451
189	6600.00000	11.06451
189	6800.00000	11.06451
189	7000.00000	9.56497
189	7200.00000	9.56497
189	7400.00000	9.56497
189	7600.00000	9.56497
189	7800.00000	9.70224
189	8000.00000	9.70224
189	8200.00000	9.70224
189	8400.00000	9.70224
189	8600.00000	9.33581
189	8800.00000	9.33581
189	9000.00000	9.33581
189	9200.00000	9.33581
189	9400.00000	10.14612
189	9600.00000	10.14612
189	9800.00000	10.14612
189	10000.00000	9.41898
189	10200.00000	9.41898
189	10400.00000	9.41898
189	10600.00000	9.41898
189	10800.00000	8.76234
189	11000.00000	8.76234
189	11200.00000	8.76234
189	11400.00000	8.76234
189	11600.00000	11.16391
189	11800.00000	11.16391
189	12000.00000	11.16391
189	12200.00000	11.16391
189	12400.00000	10.30608
189	12600.00000	10.30608
189	12800.00000	10.30608
189	13000.00000	10.30608
189	13200.00000	9.04140
189	13400.00000	9.04140
189	13600.00000	9.04140
189	13800.00000	9.04140
189	14000.00000	8.90487
189	14200.00000	8.90487
189	14400.00000	8.90487
189	14600.00000	9.55638
189	14800.00000	9.55638
189	15000.00000	9.55638
189	15200.00000	9.55638
189	15400.00000	8.13583
189	15600.00000	8.13583
189	15800.00000	8.13583
189	16000.00000	8.13583
189	16200.00000	8.96157
189	16400.00000	8.96157
189	16600.00000	8.96157
189	16800.00000	8.96157
189	17000.00000	10.32332
189	17200.00000	10.32332
189	17400.00000	10.32332
189	17600.00000	10.32332
189	17800.00000	10.28994
189	18000.00000	10.28994
189	18200.00000	10.28994
189	18400.00000	10.28994
189	18600.00000	9.11782
189	18800.00000	9.11782
189	19000.00000	9.11782
189	19200.00000	8.35587
189	19400.00000	8.35587
189	19600.00000	8.35587
189	19800.00000	8.35587
189	20000.00000	8.90441
190	0.00000	11.57071
190	200.00000	11.57071
190	400.00000	11.57071
190	600.00000	11.57071
190	800.00000	13.48947
190	1000.00000	13.48947
190	1200.00000	13.48947
190	1400.00000	13.48947
190	1600.00000	10.91227
190	1800.00000	10.91227
190	2000.00000	10.91227
190	2200.00000	10.91227
190	2400.00000	11.02932
190	2600.00000	11.02932
190	2800.00000	11.02932
190	3000.00000	11.02932
190	3200.00000	10.46561
190	3400.00000	10.46561
190	3600.00000	10.46561
190	3800.00000	10.46561
190	4000.00000	11.18379
190	4200.00000	11.18379
190	4400.00000	11.18379
190	4600.00000	11.18379
190	4800.00000	10.84866
190	5000.00000	10.84866
190	5200.00000	10.84866
190	5400.00000	9.65662
190	5600.00000	9.65662
190	5800.00000	9.65662
190	6000.00000	9.65662
190	6200.00000	11.03817
190	6400.00000	11.03817
190	6600.00000	11.03817
190	6800.00000	11.03817
190	7000.00000	9.44682
190	7200.00000	9.44682
190	7400.00000	9.44682
190	7600.00000	9.44682
190	7800.00000	9.54641
190	8000.00000	9.54641
190	8200.00000	9.54641
190	8400.00000	9.54641
190	8600.00000	9.61307
190	8800.00000	9.61307
190	9000.00000	9.61307
190	9200.00000	9.61307
190	9400.00000	10.05573
190	9600.00000	10.05573
190	9800.00000	10.05573
190	10000.00000	9.78095
190	10200.00000	9.78095
190	10400.00000	9.78095
190	10600.00000	9.78095
190	10800.00000	9.25084
190	11000.00000	9.25084
190	11200.00000	9.25084
190	11400.00000	9.25084
190	11600.00000	10.34166
190	11800.00000	10.34166
190	12000.00000	10.34166
190	12200.00000	10.34166
190	12400.00000	10.37380
190	12600.00000	10.37380
190	12800.00000	10.37380
190	13000.00000	10.37380
190	13200.00000	8.77255
190	13400.00000	8.77255
190	13600.00000	8.77255
190	13800.00000	8.77255
190	14000.00000	9.39911
190	14200.00000	9.39911
190	14400.00000	9.39911
190	14600.00000	9.11965
190	14800.00000	9.11965
190	15000.00000	9.11965
190	15200.00000	9.11965
190	15400.00000	8.96788
190	15600.00000	8.96788
190	15800.00000	8.96788
190	16000.00000	8.96788
190	16200.00000	9.89410
190	16400.00000	9.89410
190	16600.00000	9.89410
190	16800.00000	9.89410
190	17000.00000	9.79338
190	17200.00000	9.79338
190	17400.00000	9.79338
190	17600.00000	9.79338
190	17800.00000	9.24788
190	18000.00000	9.24788
190	18200.00000	9.24788
190	18400.00000	9.24788
190	18600.00000	8.18179
190	18800.00000	8.18179
190	19000.00000	8.18179
190	19200.00000	8.52193
190	19400.00000	8.52193
190	19600.00000	8.52193
190	19800.00000	8.52193
190	20000.00000	9.01765
191	0.00000	11.48158
191	200.00000	11.48158
191	400.00000	11.48158
191	600.00000	11.48158
191	800.00000	15.53330
191	1000.00000	15.53330
191	1200.00000	15.53330
191	1400.00000	15.53330
191	1600.00000	10.88321
191	1800.00000	10.88321
191	2000.00000	10.88321
191	2200.00000	10.88321
191	2400.00000	11.44662
191	2600.00000	11.44662
191	2800.00000	11.44662
191	3000.00000	11.44662
191	3200.00000	10.31254
191	3400.00000	10.31254
191	3600.00000	10.31254
191	3800.00000	10.31254
191	4000.00000	11.06034
191	4200.00000	11.06034
191	4400.00000	11.06034
191	4600.00000	11.06034
191	4800.00000	11.00192
191	5000.00000	11.00192
191	5200.00000	11.00192
191	5400.00000	10.11652
191	5600.00000	10.11652
191	5800.00000	10.11652
191	6000.00000	10.11652
191	6200.00000	10.71918
191	6400.00000	10.71918
191	6600.00000	10.71918
191	6800.00000	10.71918
191	7000.00000	9.45325
191	7200.00000	9.45325
191	7400.00000	9.45325
191	7600.00000	9.45325
191	7800.00000	9.50149
191	8000.00000	9.50149
191	8200.00000	9.50149
191	8400.00000	9.50149
191	8600.00000	9.21301
191	8800.00000	9.21301
191	9000.00000	9.21301
191	9200.00000	9.21301
191	9400.00000	10.72260
191	9600.00000	10.72260
191	9800.00000	10.72260
191	10000.00000	9.21469
191	10200.00000	9.21469
191	10400.00000	9.21469
191	10600.00000	9.21469
191	10800.00000	9.27038
191	11000.00000	9.27038
191	11200.00000	9.27038
191	11400.00000	9.27038
191	11600.00000	11.15607
191	11800.00000	11.15607
191	12000.00000	11.15607
191	12200.00000	11.15607
191	12400.00000	11.05011
191	12600.00000	11.05011
191	12800.00000	11.05011
191	13000.00000	11.05011
191	13200.00000	9.64229
191	13400.00000	9.64229
191	13600.00000	9.64229
191	13800.00000	9.64229
191	14000.00000	8.68091
191	14200.00000	8.68091
191	14400.00000	8.68091
191	14600.00000	10.51865
191	14800.00000	10.51865
191	15000.00000	10.51865
191	15200.00000	10.51865
191	15400.00000	8.46848
191	15600.00000	8.46848
191	15800.00000	8.46848
191	16000.00000	8.46848
191	16200.00000	10.34790
191	16400.00000	10.34790
191	16600.00000	10.34790
191	16800.00000	10.34790
191	17000.00000	10.09875
191	17200.00000	10.09875
191	17400.00000	10.09875
191	17600.00000	10.09875
191	17800.00000	8.73642
191	18000.00000	8.73642
191	18200.00000	8.73642
191	18400.00000	8.73642
191	18600.00000	8.63518
191	18800.00000	8.63518
191	19000.00000	8.63518
191	19200.00000	8.71359
191	19400.00000	8.71359
191	19600.00000	8.71359
191	19800.00000	8.71359
191	20000.00000	8.92368
192	0.00000	11.42797
192	200.00000	11.42797
192	400.00000	11.42797
192	600.00000	11.42797
192	800.00000	14.18221
192	1000.00000	14.18221
192	1200.00000	14.18221
192	1400.00000	14.18221
192	1600.00000	10.94924
192	1800.00000	10.94924
192	2000.00000	10.94924
192	2200.00000	10.94924
192	2400.00000	11.51810
192	2600.00000	11.51810
192	2800.00000	11.51810
192	3000.00000	11.51810
192	3200.00000	10.33237
192	3400.00000	10.33237
192	3600.00000	10.33237
192	3800.00000	10.33237
192	4000.00000	11.10110
192	4200.00000	11.10110
192	4400.00000	11.10110
192	4600.00000	11.10110
192	4800.00000	11.15979
192	5000.00000	11.15979
192	5200.00000	11.15979
192	5400.00000	10.20673
192	5600.00000	10.20673
192	5800.00000	10.20673
192	6000.00000	10.20673
192	6200.00000	10.46814
192	6400.00000	10.46814
192	6600.00000	10.46814
192	6800.00000	10.46814
192	7000.00000	9.61664
192	7200.00000	9.61664
192	7400.00000	9.61664
192	7600.00000	9.61664
192	7800.00000	9.13785
192	8000.00000	9.13785
192	8200.00000	9.13785
192	8400.00000	9.13785
192	8600.00000	9.63061
192	8800.00000	9.63061
192	9000.00000	9.63061
192	9200.00000	9.63061
192	9400.00000	11.59525
192	9600.00000	11.59525
192	9800.00000	11.59525
192	10000.00000	8.97086
192	10200.00000	8.97086
192	10400.00000	8.97086
192	10600.00000	8.97086
192	10800.00000	9.54680
192	11000.00000	9.54680
192	11200.00000	9.54680
192	11400.00000	9.54680
192	11600.00000	11.33055
192	11800.00000	11.33055
192	12000.00000	11.33055
192	12200.00000	11.33055
192	12400.00000	10.80701
192	12600.00000	10.80701
192	12800.00000	10.80701
192	13000.00000	10.80701
192	13200.00000	10.27930
192	13400.00000	10.27930
192	13600.00000	10.27930
192	13800.00000	10.27930
192	14000.00000	9.16916
192	14200.00000	9.16916
192	14400.00000	9.16916
192	14600.00000	8.94051
192	14800.00000	8.94051
192	15000.00000	8.94051
192	15200.00000	8.94051
192	15400.00000	8.20660
192	15600.00000	8.20660
192	15800.00000	8.20660
192	16000.00000	8.20660
192	16200.00000	8.85709
192	16400.00000	8.85709
192	16600.00000	8.85709
192	16800.00000	8.85709
192	17000.00000	9.32194
192	17200.00000	9.32194
192	17400.00000	9.32194
192	17600.00000	9.32194
192	17800.00000	9.35962
192	18000.00000	9.35962
192	18200.00000	9.35962
192	18400.00000	9.35962
192	18600.00000	8.00655
192	18800.00000	8.00655
192	19000.00000	8.00655
192	19200.00000	8.84821
192	19400.00000	8.84821
192	19600.00000	8.84821
192	19800.00000	8.84821
192	20000.00000	9.70914
193	0.00000	11.48321
193	200.00000	11.48321
193	400.00000	11.48321
193	600.00000	11.48321
193	800.00000	14.32061
193	1000.00000	14.32061
193	1200.00000	14.32061
193	1400.00000	14.32061
193	1600.00000	10.87352
193	1800.00000	10.87352
193	2000.00000	10.87352
193	2200.00000	10.87352
193	2400.00000	11.56052
193	2600.00000	11.56052
193	2800.00000	11.56052
193	3000.00000	11.56052
193	3200.00000	10.19224
193	3400.00000	10.19224
193	3600.00000	10.19224
193	3800.00000	10.19224
193	4000.00000	11.10614
193	4200.00000	11.10614
193	4400.00000	11.10614
193	4600.00000	11.10614
193	4800.00000	11.69483
193	5000.00000	11.69483
193	5200.00000	11.69483
193	5400.00000	9.65444
193	5600.00000	9.65444
193	5800.00000	9.65444
193	6000.00000	9.65444
193	6200.00000	10.68851
193	6400.00000	10.68851
193	6600.00000	10.68851
193	6800.00000	10.68851
193	7000.00000	9.30619
193	7200.00000	9.30619
193	7400.00000	9.30619
193	7600.00000	9.30619
193	7800.00000	10.09192
193	8000.00000	10.09192
193	8200.00000	10.09192
193	8400.00000	10.09192
193	8600.00000	9.88696
193	8800.00000	9.88696
193	9000.00000	9.88696
193	9200.00000	9.88696
193	9400.00000	10.95470
193	9600.00000	10.95470
193	9800.00000	10.95470
193	10000.00000	8.81189
193	10200.00000	8.81189
193	10400.00000	8.81189
193	10600.00000	8.81189
193	10800.00000	9.56587
193	11000.00000	9.56587
193	11200.00000	9.56587
193	11400.00000	9.56587
193	11600.00000	10.13383
193	11800.00000	10.13383
193	12000.00000	10.13383
193	12200.00000	10.13383
193	12400.00000	11.45087
193	12600.00000	11.45087
193	12800.00000	11.45087
193	13000.00000	11.45087
193	13200.00000	11.60790
193	13400.00000	11.60790
193	13600.00000	11.60790
193	13800.00000	11.60790
193	14000.00000	8.49166
193	14200.00000	8.49166
193	14400.00000	8.49166
193	14600.00000	9.54713
193	14800.00000	9.54713
193	15000.00000	9.54713
193	15200.00000	9.54713
193	15400.00000	8.45312
193	15600.00000	8.45312
193	15800.00000	8.45312
193	16000.00000	8.45312
193	16200.00000	10.14999
193	16400.00000	10.14999
193	16600.00000	10.14999
193	16800.00000	10.14999
193	17000.00000	9.45263
193	17200.00000	9.45263
193	17400.00000	9.45263
193	17600.00000	9.45263
193	17800.00000	9.43450
193	18000.00000	9.43450
193	18200.00000	9.43450
193	18400.00000	9.43450
193	18600.00000	8.27417
193	18800.00000	8.27417
193	19000.00000	8.27417
193	19200.00000	9.15346
193	19400.00000	9.15346
193	19600.00000	9.15346
193	19800.00000	9.15346
193	20000.00000	9.60067
194	0.00000	11.46258
194	200.00000	11.46258
194	400.00000	11.46258
194	600.00000	11.46258
194	800.00000	14.16107
194	1000.00000	14.16107
194	1200.00000	14.16107
194	1400.00000	14.16107
194	1600.00000	10.76406
194	1800.00000	10.76406
194	2000.00000	10.76406
194	2200.00000	10.76406
194	2400.00000	11.91629
194	2600.00000	11.91629
194	2800.00000	11.91629
194	3000.00000	11.91629
194	3200.00000	10.19617
194	3400.00000	10.19617
194	3600.00000	10.19617
194	3800.00000	10.19617
194	4000.00000	10.98311
194	4200.00000	10.98311
194	4400.00000	10.98311
194	4600.00000	10.98311
194	4800.00000	11.38929
194	5000.00000	11.38929
194	5200.00000	11.38929
194	5400.00000	10.02341
194	5600.00000	10.02341
194	5800.00000	10.02341
194	6000.00000	10.02341
194	6200.00000	10.95849
194	6400.00000	10.95849
194	6600.00000	10.95849
194	6800.00000	10.95849
194	7000.00000	9.16402
194	7200.00000	9.16402
194	7400.00000	9.16402
194	7600.00000	9.16402
194	7800.00000	10.09243
194	8000.00000	10.09243
194	8200.00000	10.09243
194	8400.00000	10.09243
194	8600.00000	9.55653
194	8800.00000	9.55653
194	9000.00000	9.55653
194	9200.00000	9.55653
194	9400.00000	11.17762
194	9600.00000	11.17762
194	9800.00000	11.17762
194	10000.00000	9.24221
194	10200.00000	9.24221
194	10400.00000	9.24221
194	10600.00000	9.24221
194	10800.00000	9.28052
194	11000.00000	9.28052
194	11200.00000	9.28052
194	11400.00000	9.28052
194	11600.00000	10.38523
194	11800.00000	10.38523
194	12000.00000	10.38523
194	12200.00000	10.38523
194	12400.00000	10.89756
194	12600.00000	10.89756
194	12800.00000	10.89756
194	13000.00000	10.89756
194	13200.00000	9.98869
194	13400.00000	9.98869
194	13600.00000	9.98869
194	13800.00000	9.98869
194	14000.00000	9.09615
194	14200.00000	9.09615
194	14400.00000	9.09615
194	14600.00000	9.75904
194	14800.00000	9.75904
194	15000.00000	9.75904
194	15200.00000	9.75904
194	15400.00000	7.78437
194	15600.00000	7.78437
194	15800.00000	7.78437
194	16000.00000	7.78437
194	16200.00000	9.62040
194	16400.00000	9.62040
194	16600.00000	9.62040
194	16800.00000	9.62040
194	17000.00000	10.96993
194	17200.00000	10.96993
194	17400.00000	10.96993
194	17600.00000	10.96993
194	17800.00000	8.64201
194	18000.00000	8.64201
194	18200.00000	8.64201
194	18400.00000	8.64201
194	18600.00000	8.04161
194	18800.00000	8.04161
194	19000.00000	8.04161
194	19200.00000	8.36184
194	19400.00000	8.36184
194	19600.00000	8.36184
194	19800.00000	8.36184
194	20000.00000	10.47417
195	0.00000	11.46720
195	200.00000	11.46720
195	400.00000	11.46720
195	600.00000	11.46720
195	800.00000	13.87324
195	1000.00000	13.87324
195	1200.00000	13.87324
195	1400.00000	13.87324
195	1600.00000	10.94036
195	1800.00000	10.94036
195	2000.00000	10.94036
195	2200.00000	10.94036
195	2400.00000	11.34481
195	2600.00000	11.34481
195	2800.00000	11.34481
195	3000.00000	11.34481
195	3200.00000	10.19029
195	3400.00000	10.19029
195	3600.00000	10.19029
195	3800.00000	10.19029
195	4000.00000	11.74446
195	4200.00000	11.74446
195	4400.00000	11.74446
195	4600.00000	11.74446
195	4800.00000	10.68515
195	5000.00000	10.68515
195	5200.00000	10.68515
195	5400.00000	9.80656
195	5600.00000	9.80656
195	5800.00000	9.80656
195	6000.00000	9.80656
195	6200.00000	11.24624
195	6400.00000	11.24624
195	6600.00000	11.24624
195	6800.00000	11.24624
195	7000.00000	9.32464
195	7200.00000	9.32464
195	7400.00000	9.32464
195	7600.00000	9.32464
195	7800.00000	10.28633
195	8000.00000	10.28633
195	8200.00000	10.28633
195	8400.00000	10.28633
195	8600.00000	9.63352
195	8800.00000	9.63352
195	9000.00000	9.63352
195	9200.00000	9.63352
195	9400.00000	10.43872
195	9600.00000	10.43872
195	9800.00000	10.43872
195	10000.00000	9.25064
195	10200.00000	9.25064
195	10400.00000	9.25064
195	10600.00000	9.25064
195	10800.00000	9.19218
195	11000.00000	9.19218
195	11200.00000	9.19218
195	11400.00000	9.19218
195	11600.00000	9.89575
195	11800.00000	9.89575
195	12000.00000	9.89575
195	12200.00000	9.89575
195	12400.00000	10.92281
195	12600.00000	10.92281
195	12800.00000	10.92281
195	13000.00000	10.92281
195	13200.00000	10.98350
195	13400.00000	10.98350
195	13600.00000	10.98350
195	13800.00000	10.98350
195	14000.00000	9.03364
195	14200.00000	9.03364
195	14400.00000	9.03364
195	14600.00000	9.61056
195	14800.00000	9.61056
195	15000.00000	9.61056
195	15200.00000	9.61056
195	15400.00000	8.17142
195	15600.00000	8.17142
195	15800.00000	8.17142
195	16000.00000	8.17142
195	16200.00000	10.29633
195	16400.00000	10.29633
195	16600.00000	10.29633
195	16800.00000	10.29633
195	17000.00000	10.24827
195	17200.00000	10.24827
195	17400.00000	10.24827
195	17600.00000	10.24827
195	17800.00000	8.64089
195	18000.00000	8.64089
195	18200.00000	8.64089
195	18400.00000	8.64089
195	18600.00000	8.37168
195	18800.00000	8.37168
195	19000.00000	8.37168
195	19200.00000	8.94937
195	19400.00000	8.94937
195	19600.00000	8.94937
195	19800.00000	8.94937
195	20000.00000	9.75555
196	0.00000	11.47006
196	200.00000	11.47006
196	400.00000	11.47006
196	600.00000	11.47006
196	800.00000	14.30491
196	1000.00000	14.30491
196	1200.00000	14.30491
196	1400.00000	14.30491
196	1600.00000	10.84327
196	1800.00000	10.84327
196	2000.00000	10.84327
196	2200.00000	10.84327
196	2400.00000	11.41362
196	2600.00000	11.41362
196	2800.00000	11.41362
196	3000.00000	11.41362
196	3200.00000	10.19781
196	3400.00000	10.19781
196	3600.00000	10.19781
196	3800.00000	10.19781
196	4000.00000	11.41192
196	4200.00000	11.41192
196	4400.00000	11.41192
196	4600.00000	11.41192
196	4800.00000	10.68909
196	5000.00000	10.68909
196	5200.00000	10.68909
196	5400.00000	9.99278
196	5600.00000	9.99278
196	5800.00000	9.99278
196	6000.00000	9.99278
196	6200.00000	11.37695
196	6400.00000	11.37695
196	6600.00000	11.37695
196	6800.00000	11.37695
196	7000.00000	9.23082
196	7200.00000	9.23082
196	7400.00000	9.23082
196	7600.00000	9.23082
196	7800.00000	9.83063
196	8000.00000	9.83063
196	8200.00000	9.83063
196	8400.00000	9.83063
196	8600.00000	9.67911
196	8800.00000	9.67911
196	9000.00000	9.67911
196	9200.00000	9.67911
196	9400.00000	10.79078
196	9600.00000	10.79078
196	9800.00000	10.79078
196	10000.00000	9.28878
196	10200.00000	9.28878
196	10400.00000	9.28878
196	10600.00000	9.28878
196	10800.00000	9.51280
196	11000.00000	9.51280
196	11200.00000	9.51280
196	11400.00000	9.51280
196	11600.00000	10.36709
196	11800.00000	10.36709
196	12000.00000	10.36709
196	12200.00000	10.36709
196	12400.00000	11.09289
196	12600.00000	11.09289
196	12800.00000	11.09289
196	13000.00000	11.09289
196	13200.00000	12.84680
196	13400.00000	12.84680
196	13600.00000	12.84680
196	13800.00000	12.84680
196	14000.00000	9.61933
196	14200.00000	9.61933
196	14400.00000	9.61933
196	14600.00000	9.98329
196	14800.00000	9.98329
196	15000.00000	9.98329
196	15200.00000	9.98329
196	15400.00000	8.61422
196	15600.00000	8.61422
196	15800.00000	8.61422
196	16000.00000	8.61422
196	16200.00000	9.94175
196	16400.00000	9.94175
196	16600.00000	9.94175
196	16800.00000	9.94175
196	17000.00000	10.18011
196	17200.00000	10.18011
196	17400.00000	10.18011
196	17600.00000	10.18011
196	17800.00000	8.69104
196	18000.00000	8.69104
196	18200.00000	8.69104
196	18400.00000	8.69104
196	18600.00000	8.79799
196	18800.00000	8.79799
196	19000.00000	8.79799
196	19200.00000	9.60145
196	19400.00000	9.60145
196	19600.00000	9.60145
196	19800.00000	9.60145
196	20000.00000	7.93093
197	0.00000	11.50759
197	200.00000	11.50759
197	400.00000	11.50759
197	600.00000	11.50759
197	800.00000	13.32019
197	1000.00000	13.32019
197	1200.00000	13.32019
197	1400.00000	13.32019
197	1600.00000	10.97287
197	1800.00000	10.97287
197	2000.00000	10.97287
197	2200.00000	10.97287
197	2400.00000	11.39050
197	2600.00000	11.39050
197	2800.00000	11.39050
197	3000.00000	11.39050
197	3200.00000	10.17573
197	3400.00000	10.17573
197	3600.00000	10.17573
197	3800.00000	10.17573
197	4000.00000	11.77876
197	4200.00000	11.77876
197	4400.00000	11.77876
197	4600.00000	11.77876
197	4800.00000	10.54464
197	5000.00000	10.54464
197	5200.00000	10.54464
197	5400.00000	10.27783
197	5600.00000	10.27783
197	5800.00000	10.27783
197	6000.00000	10.27783
197	6200.00000	10.56261
197	6400.00000	10.56261
197	6600.00000	10.56261
197	6800.00000	10.56261
197	7000.00000	9.51243
197	7200.00000	9.51243
197	7400.00000	9.51243
197	7600.00000	9.51243
197	7800.00000	9.74010
197	8000.00000	9.74010
197	8200.00000	9.74010
197	8400.00000	9.74010
197	8600.00000	9.46756
197	8800.00000	9.46756
197	9000.00000	9.46756
197	9200.00000	9.46756
197	9400.00000	9.90608
197	9600.00000	9.90608
197	9800.00000	9.90608
197	10000.00000	9.53601
197	10200.00000	9.53601
197	10400.00000	9.53601
197	10600.00000	9.53601
197	10800.00000	9.43457
197	11000.00000	9.43457
197	11200.00000	9.43457
197	11400.00000	9.43457
197	11600.00000	11.31300
197	11800.00000	11.31300
197	12000.00000	11.31300
197	12200.00000	11.31300
197	12400.00000	10.35876
197	12600.00000	10.35876
197	12800.00000	10.35876
197	13000.00000	10.35876
197	13200.00000	11.15945
197	13400.00000	11.15945
197	13600.00000	11.15945
197	13800.00000	11.15945
197	14000.00000	9.35186
197	14200.00000	9.35186
197	14400.00000	9.35186
197	14600.00000	9.07638
197	14800.00000	9.07638
197	15000.00000	9.07638
197	15200.00000	9.07638
197	15400.00000	7.90823
197	15600.00000	7.90823
197	15800.00000	7.90823
197	16000.00000	7.90823
197	16200.00000	10.01436
197	16400.00000	10.01436
197	16600.00000	10.01436
197	16800.00000	10.01436
197	17000.00000	10.05260
197	17200.00000	10.05260
197	17400.00000	10.05260
197	17600.00000	10.05260
197	17800.00000	9.40643
197	18000.00000	9.40643
197	18200.00000	9.40643
197	18400.00000	9.40643
197	18600.00000	8.71979
197	18800.00000	8.71979
197	19000.00000	8.71979
197	19200.00000	9.48586
197	19400.00000	9.48586
197	19600.00000	9.48586
197	19800.00000	9.48586
197	20000.00000	8.75605
198	0.00000	11.41817
198	200.00000	11.41817
198	400.00000	11.41817
198	600.00000	11.41817
198	800.00000	13.41965
198	1000.00000	13.41965
198	1200.00000	13.41965
198	1400.00000	13.41965
198	1600.00000	11.01131
198	1800.00000	11.01131
198	2000.00000	11.01131
198	2200.00000	11.01131
198	2400.00000	11.44891
198	2600.00000	11.44891
198	2800.00000	11.44891
198	3000.00000	11.44891
198	3200.00000	10.16626
198	3400.00000	10.16626
198	3600.00000	10.16626
198	3800.00000	10.16626
198	4000.00000	11.32442
198	4200.00000	11.32442
198	4400.00000	11.32442
198	4600.00000	11.32442
198	4800.00000	10.75245
198	5000.00000	10.75245
198	5200.00000	10.75245
198	5400.00000	9.71359
198	5600.00000	9.71359
198	5800.00000	9.71359
198	6000.00000	9.71359
198	6200.00000	10.81400
198	6400.00000	10.81400
198	6600.00000	10.81400
198	6800.00000	10.81400
198	7000.00000	9.42223
198	7200.00000	9.42223
198	7400.00000	9.42223
198	7600.00000	9.42223
198	7800.00000	9.67380
198	8000.00000	9.67380
198	8200.00000	9.67380
198	8400.00000	9.67380
198	8600.00000	9.94633
198	8800.00000	9.94633
198	9000.00000	9.94633
198	9200.00000	9.94633
198	9400.00000	9.63220
198	9600.00000	9.63220
198	9800.00000	9.63220
198	10000.00000	9.87969
198	10200.00000	9.87969
198	10400.00000	9.87969
198	10600.00000	9.87969
198	10800.00000	9.07890
198	11000.00000	9.07890
198	11200.00000	9.07890
198	11400.00000	9.07890
198	11600.00000	9.77823
198	11800.00000	9.77823
198	12000.00000	9.77823
198	12200.00000	9.77823
198	12400.00000	10.84160
198	12600.00000	10.84160
198	12800.00000	10.84160
198	13000.00000	10.84160
198	13200.00000	11.29062
198	13400.00000	11.29062
198	13600.00000	11.29062
198	13800.00000	11.29062
198	14000.00000	9.10328
198	14200.00000	9.10328
198	14400.00000	9.10328
198	14600.00000	9.20371
198	14800.00000	9.20371
198	15000.00000	9.20371
198	15200.00000	9.20371
198	15400.00000	8.32235
198	15600.00000	8.32235
198	15800.00000	8.32235
198	16000.00000	8.32235
198	16200.00000	9.58146
198	16400.00000	9.58146
198	16600.00000	9.58146
198	16800.00000	9.58146
198	17000.00000	11.04010
198	17200.00000	11.04010
198	17400.00000	11.04010
198	17600.00000	11.04010
198	17800.00000	10.13623
198	18000.00000	10.13623
198	18200.00000	10.13623
198	18400.00000	10.13623
198	18600.00000	9.17829
198	18800.00000	9.17829
198	19000.00000	9.17829
198	19200.00000	9.61136
198	19400.00000	9.61136
198	19600.00000	9.61136
198	19800.00000	9.61136
198	20000.00000	8.88756
199	0.00000	11.44742
199	200.00000	11.44742
199	400.00000	11.44742
199	600.00000	11.44742
199	800.00000	13.35117
199	1000.00000	13.35117
199	1200.00000	13.35117
199	1400.00000	13.35117
199	1600.00000	11.00213
199	1800.00000	11.00213
199	2000.00000	11.00213
199	2200.00000	11.00213
199	2400.00000	10.95091
199	2600.00000	10.95091
199	2800.00000	10.95091
199	3000.00000	10.95091
199	3200.00000	10.38596
199	3400.00000	10.38596
199	3600.00000	10.38596
199	3800.00000	10.38596
199	4000.00000	11.19579
199	4200.00000	11.19579
199	4400.00000	11.19579
199	4600.00000	11.19579
199	4800.00000	10.36154
199	5000.00000	10.36154
199	5200.00000	10.36154
199	5400.00000	10.21692
199	5600.00000	10.21692
199	5800.00000	10.21692
199	6000.00000	10.21692
199	6200.00000	10.76829
199	6400.00000	10.76829
199	6600.00000	10.76829
199	6800.00000	10.76829
199	7000.00000	9.43385
199	7200.00000	9.43385
199	7400.00000	9.43385
199	7600.00000	9.43385
199	7800.00000	9.21106
199	8000.00000	9.21106
199	8200.00000	9.21106
199	8400.00000	9.21106
199	8600.00000	9.95644
199	8800.00000	9.95644
199	9000.00000	9.95644
199	9200.00000	9.95644
199	9400.00000	10.33609
199	9600.00000	10.33609
199	9800.00000	10.33609
199	10000.00000	9.47036
199	10200.00000	9.47036
199	10400.00000	9.47036
199	10600.00000	9.47036
199	10800.00000	8.97744
199	11000.00000	8.97744
199	11200.00000	8.97744
199	11400.00000	8.97744
199	11600.00000	10.21428
199	11800.00000	10.21428
199	12000.00000	10.21428
199	12200.00000	10.21428
199	12400.00000	9.95411
199	12600.00000	9.95411
199	12800.00000	9.95411
199	13000.00000	9.95411
199	13200.00000	9.25942
199	13400.00000	9.25942
199	13600.00000	9.25942
199	13800.00000	9.25942
199	14000.00000	9.89981
199	14200.00000	9.89981
199	14400.00000	9.89981
199	14600.00000	9.46478
199	14800.00000	9.46478
199	15000.00000	9.46478
199	15200.00000	9.46478
199	15400.00000	7.64905
199	15600.00000	7.64905
199	15800.00000	7.64905
199	16000.00000	7.64905
199	16200.00000	10.06874
199	16400.00000	10.06874
199	16600.00000	10.06874
199	16800.00000	10.06874
199	17000.00000	10.35953
199	17200.00000	10.35953
199	17400.00000	10.35953
199	17600.00000	10.35953
199	17800.00000	9.90868
199	18000.00000	9.90868
199	18200.00000	9.90868
199	18400.00000	9.90868
199	18600.00000	8.05042
199	18800.00000	8.05042
199	19000.00000	8.05042
199	19200.00000	8.43455
199	19400.00000	8.43455
199	19600.00000	8.43455
199	19800.00000	8.43455
199	20000.00000	9.80998
200	0.00000	11.48594
200	200.00000	11.48594
200	400.00000	11.48594
200	600.00000	11.48594
200	800.00000	13.52570
200	1000.00000	13.52570
200	1200.00000	13.52570
200	1400.00000	13.52570
200	1600.00000	11.03666
200	1800.00000	11.03666
200	2000.00000	11.03666
200	2200.00000	11.03666
200	2400.00000	11.33712
200	2600.00000	11.33712
200	2800.00000	11.33712
200	3000.00000	11.33712
200	3200.00000	10.22330
200	3400.00000	10.22330
200	3600.00000	10.22330
200	3800.00000	10.22330
200	4000.00000	11.28986
200	4200.00000	11.28986
200	4400.00000	11.28986
200	4600.00000	11.28986
200	4800.00000	10.78675
200	5000.00000	10.78675
200	5200.00000	10.78675
200	5400.00000	10.12861
200	5600.00000	10.12861
200	5800.00000	10.12861
200	6000.00000	10.12861
200	6200.00000	10.76772
200	6400.00000	10.76772
200	6600.00000	10.76772
200	6800.00000	10.76772
200	7000.00000	9.34242
200	7200.00000	9.34242
200	7400.00000	9.34242
200	7600.00000	9.34242
200	7800.00000	9.59686
200	8000.00000	9.59686
200	8200.00000	9.59686
200	8400.00000	9.59686
200	8600.00000	10.52023
200	8800.00000	10.52023
200	9000.00000	10.52023
200	9200.00000	10.52023
200	9400.00000	9.19074
200	9600.00000	9.19074
200	9800.00000	9.19074
200	10000.00000	10.02251
200	10200.00000	10.02251
200	10400.00000	10.02251
200	10600.00000	10.02251
200	10800.00000	8.90271
200	11000.00000	8.90271
200	11200.00000	8.90271
200	11400.00000	8.90271
200	11600.00000	10.66643
200	11800.00000	10.66643
200	12000.00000	10.66643
200	12200.00000	10.66643
200	12400.00000	10.80356
200	12600.00000	10.80356
200	12800.00000	10.80356
200	13000.00000	10.80356
200	13200.00000	9.87582
200	13400.00000	9.87582
200	13600.00000	9.87582
200	13800.00000	9.87582
200	14000.00000	9.10507
200	14200.00000	9.10507
200	14400.00000	9.10507
200	14600.00000	9.06315
200	14800.00000	9.06315
200	15000.00000	9.06315
200	15200.00000	9.06315
200	15400.00000	8.12086
200	15600.00000	8.12086
200	15800.00000	8.12086
200	16000.00000	8.12086
200	16200.00000	9.26328
200	16400.00000	9.26328
200	16600.00000	9.26328
200	16800.00000	9.26328
200	17000.00000	10.55675
200	17200.00000	10.55675
200	17400.00000	10.55675
200	17600.00000	10.55675
200	17800.00000	9.02459
200	18000.00000	9.02459
200	18200.00000	9.02459
200	18400.00000	9.02459
200	18600.00000	7.96083
200	18800.00000	7.96083
200	19000.00000	7.96083
200	19200.00000	9.09905
200	19400.00000	9.09905
200	19600.00000	9.09905
200	19800.00000	9.09905
200	20000.00000	8.80456
