draw	time	log_ne
1	0.00000	10.53063
1	200.00000	10.53063
1	400.00000	10.53063
1	600.00000	10.53063
1	800.00000	12.09442
1	1000.00000	12.09442
1	1200.00000	12.09442
1	1400.00000	12.09442
1	1600.00000	10.22232
1	1800.00000	10.22232
1	2000.00000	10.22232
1	2200.00000	10.22232
1	2400.00000	11.58318
1	2600.00000	11.58318
1	2800.00000	11.58318
1	3000.00000	11.58318
1	3200.00000	9.77938
1	3400.00000	9.77938
1	3600.00000	9.77938
1	3800.00000	9.77938
1	4000.00000	11.39553
1	4200.00000	11.39553
1	4400.00000	11.39553
1	4600.00000	11.39553
1	4800.00000	10.40814
1	5000.00000	10.40814
1	5200.00000	10.40814
1	5400.00000	9.70761
1	5600.00000	9.70761
1	5800.00000	9.70761
1	6000.00000	9.70761
1	6200.00000	9.76574
1	6400.00000	9.76574
1	6600.00000	9.76574
1	6800.00000	9.76574
1	7000.00000	8.92184
1	7200.00000	8.92184
1	7400.00000	8.92184
1	7600.00000	8.92184
1	7800.00000	10.95700
1	8000.00000	10.95700
1	8200.00000	10.95700
1	8400.00000	10.95700
1	8600.00000	9.77445
1	8800.00000	9.77445
1	9000.00000	9.77445
1	9200.00000	9.77445
1	9400.00000	10.44811
1	9600.00000	10.44811
1	9800.00000	10.44811
1	10000.00000	10.38726
1	10200.00000	10.38726
1	10400.00000	10.38726
1	10600.00000	10.38726
1	10800.00000	8.65139
1	11000.00000	8.65139
1	11200.00000	8.65139
1	11400.00000	8.65139
1	11600.00000	10.62885
1	11800.00000	10.62885
1	12000.00000	10.62885
1	12200.00000	10.62885
1	12400.00000	10.71031
1	12600.00000	10.71031
1	12800.00000	10.71031
1	13000.00000	10.71031
1	13200.00000	9.66371
1	13400.00000	9.66371
1	13600.00000	9.66371
1	13800.00000	9.66371
1	14000.00000	8.88918
1	14200.00000	8.88918
1	14400.00000	8.88918
1	14600.00000	8.57559
1	14800.00000	8.57559
1	15000.00000	8.57559
1	15200.00000	8.57559
1	15400.00000	9.22974
1	15600.00000	9.22974
1	15800.00000	9.22974
1	16000.00000	9.22974
1	16200.00000	9.31246
1	16400.00000	9.31246
1	16600.00000	9.31246
1	16800.00000	9.31246
1	17000.00000	8.51331
1	17200.00000	8.51331
1	17400.00000	8.51331
1	17600.00000	8.51331
1	17800.00000	7.38109
1	18000.00000	7.38109
1	18200.00000	7.38109
1	18400.00000	7.38109
1	18600.00000	9.23929
1	18800.00000	9.23929
1	19000.00000	9.23929
1	19200.00000	7.80703
1	19400.00000	7.80703
1	19600.00000	7.80703
1	19800.00000	7.80703
1	20000.00000	8.95210
2	0.00000	10.52770
2	200.00000	10.52770
2	400.00000	10.52770
2	600.00000	10.52770
2	800.00000	12.46845
2	1000.00000	12.46845
2	1200.00000	12.46845
2	1400.00000	12.46845
2	1600.00000	10.11226
2	1800.00000	10.11226
2	2000.00000	10.11226
2	2200.00000	10.11226
2	2400.00000	11.22019
2	2600.00000	11.22019
2	2800.00000	11.22019
2	3000.00000	11.22019
2	3200.00000	9.84660
2	3400.00000	9.84660
2	3600.00000	9.84660
2	3800.00000	9.84660
2	4000.00000	11.65582
2	4200.00000	11.65582
2	4400.00000	11.65582
2	4600.00000	11.65582
2	4800.00000	10.36343
2	5000.00000	10.36343
2	5200.00000	10.36343
2	5400.00000	10.01097
2	5600.00000	10.01097
2	5800.00000	10.01097
2	6000.00000	10.01097
2	6200.00000	9.41578
2	6400.00000	9.41578
2	6600.00000	9.41578
2	6800.00000	9.41578
2	7000.00000	9.24013
2	7200.00000	9.24013
2	7400.00000	9.24013
2	7600.00000	9.24013
2	7800.00000	9.88799
2	8000.00000	9.88799
2	8200.00000	9.88799
2	8400.00000	9.88799
2	8600.00000	8.73281
2	8800.00000	8.73281
2	9000.00000	8.73281
2	9200.00000	8.73281
2	9400.00000	10.89282
2	9600.00000	10.89282
2	9800.00000	10.89282
2	10000.00000	10.84398
2	10200.00000	10.84398
2	10400.00000	10.84398
2	10600.00000	10.84398
2	10800.00000	8.45090
2	11000.00000	8.45090
2	11200.00000	8.45090
2	11400.00000	8.45090
2	11600.00000	9.88831
2	11800.00000	9.88831
2	12000.00000	9.88831
2	12200.00000	9.88831
2	12400.00000	10.66378
2	12600.00000	10.66378
2	12800.00000	10.66378
2	13000.00000	10.66378
2	13200.00000	11.06955
2	13400.00000	11.06955
2	13600.00000	11.06955
2	13800.00000	11.06955
2	14000.00000	9.20871
2	14200.00000	9.20871
2	14400.00000	9.20871
2	14600.00000	8.67211
2	14800.00000	8.67211
2	15000.00000	8.67211
2	15200.00000	8.67211
2	15400.00000	8.32368
2	15600.00000	8.32368
2	15800.00000	8.32368
2	16000.00000	8.32368
2	16200.00000	9.17776
2	16400.00000	9.17776
2	16600.00000	9.17776
2	16800.00000	9.17776
2	17000.00000	9.55729
2	17200.00000	9.55729
2	17400.00000	9.55729
2	17600.00000	9.55729
2	17800.00000	8.30204
2	18000.00000	8.30204
2	18200.00000	8.30204
2	18400.00000	8.30204
2	18600.00000	8.45609
2	18800.00000	8.45609
2	19000.00000	8.45609
2	19200.00000	7.92386
2	19400.00000	7.92386
2	19600.00000	7.92386
2	19800.00000	7.92386
2	20000.00000	8.79120
3	0.00000	10.51366
3	200.00000	10.51366
3	400.00000	10.51366
3	600.00000	10.51366
3	800.00000	12.13400
3	1000.00000	12.13400
3	1200.00000	12.13400
3	1400.00000	12.13400
3	1600.00000	9.94274
3	1800.00000	9.94274
3	2000.00000	9.94274
3	2200.00000	9.94274
3	2400.00000	12.12612
3	2600.00000	12.12612
3	2800.00000	12.12612
3	3000.00000	12.12612
3	3200.00000	9.93430
3	3400.00000	9.93430
3	3600.00000	9.93430
3	3800.00000	9.93430
3	4000.00000	12.33476
3	4200.00000	12.33476
3	4400.00000	12.33476
3	4600.00000	12.33476
3	4800.00000	10.24610
3	5000.00000	10.24610
3	5200.00000	10.24610
3	5400.00000	9.86031
3	5600.00000	9.86031
3	5800.00000	9.86031
3	6000.00000	9.86031
3	6200.00000	9.41117
3	6400.00000	9.41117
3	6600.00000	9.41117
3	6800.00000	9.41117
3	7000.00000	9.19450
3	7200.00000	9.19450
3	7400.00000	9.19450
3	7600.00000	9.19450
3	7800.00000	11.26191
3	8000.00000	11.26191
3	8200.00000	11.26191
3	8400.00000	11.26191
3	8600.00000	9.47492
3	8800.00000	9.47492
3	9000.00000	9.47492
3	9200.00000	9.47492
3	9400.00000	10.96675
3	9600.00000	10.96675
3	9800.00000	10.96675
3	10000.00000	10.13010
3	10200.00000	10.13010
3	10400.00000	10.13010
3	10600.00000	10.13010
3	10800.00000	8.51076
3	11000.00000	8.51076
3	11200.00000	8.51076
3	11400.00000	8.51076
3	11600.00000	10.40201
3	11800.00000	10.40201
3	12000.00000	10.40201
3	12200.00000	10.40201
3	12400.00000	10.51524
3	12600.00000	10.51524
3	12800.00000	10.51524
3	13000.00000	10.51524
3	13200.00000	8.80347
3	13400.00000	8.80347
3	13600.00000	8.80347
3	13800.00000	8.80347
3	14000.00000	10.67369
3	14200.00000	10.67369
3	14400.00000	10.67369
3	14600.00000	10.47360
3	14800.00000	10.47360
3	15000.00000	10.47360
3	15200.00000	10.47360
3	15400.00000	8.01390
3	15600.00000	8.01390
3	15800.00000	8.01390
3	16000.00000	8.01390
3	16200.00000	8.08875
3	16400.00000	8.08875
3	16600.00000	8.08875
3	16800.00000	8.08875
3	17000.00000	10.57222
3	17200.00000	10.57222
3	17400.00000	10.57222
3	17600.00000	10.57222
3	17800.00000	8.43461
3	18000.00000	8.43461
3	18200.00000	8.43461
3	18400.00000	8.43461
3	18600.00000	7.70980
3	18800.00000	7.70980
3	19000.00000	7.70980
3	19200.00000	7.85883
3	19400.00000	7.85883
3	19600.00000	7.85883
3	19800.00000	7.85883
3	20000.00000	7.94556
4	0.00000	10.48365
4	200.00000	10.48365
4	400.00000	10.48365
4	600.00000	10.48365
4	800.00000	12.16675
4	1000.00000	12.16675
4	1200.00000	12.16675
4	1400.00000	12.16675
4	1600.00000	10.03779
4	1800.00000	10.03779
4	2000.00000	10.03779
4	2200.00000	10.03779
4	2400.00000	11.98071
4	2600.00000	11.98071
4	2800.00000	11.98071
4	3000.00000	11.98071
4	3200.00000	9.87820
4	3400.00000	9.87820
4	3600.00000	9.87820
4	3800.00000	9.87820
4	4000.00000	11.93828
4	4200.00000	11.93828
4	4400.00000	11.93828
4	4600.00000	11.93828
4	4800.00000	10.79364
4	5000.00000	10.79364
4	5200.00000	10.79364
4	5400.00000	9.73125
4	5600.00000	9.73125
4	5800.00000	9.73125
4	6000.00000	9.73125
4	6200.00000	9.52783
4	6400.00000	9.52783
4	6600.00000	9.52783
4	6800.00000	9.52783
4	7000.00000	9.16765
4	7200.00000	9.16765
4	7400.00000	9.16765
4	7600.00000	9.16765
4	7800.00000	10.08671
4	8000.00000	10.08671
4	8200.00000	10.08671
4	8400.00000	10.08671
4	8600.00000	9.39158
4	8800.00000	9.39158
4	9000.00000	9.39158
4	9200.00000	9.39158
4	9400.00000	10.83241
4	9600.00000	10.83241
4	9800.00000	10.83241
4	10000.00000	9.89886
4	10200.00000	9.89886
4	10400.00000	9.89886
4	10600.00000	9.89886
4	10800.00000	8.46463
4	11000.00000	8.46463
4	11200.00000	8.46463
4	11400.00000	8.46463
4	11600.00000	10.96081
4	11800.00000	10.96081
4	12000.00000	10.96081
4	12200.00000	10.96081
4	12400.00000	10.75216
4	12600.00000	10.75216
4	12800.00000	10.75216
4	13000.00000	10.75216
4	13200.00000	9.97385
4	13400.00000	9.97385
4	13600.00000	9.97385
4	13800.00000	9.97385
4	14000.00000	9.83056
4	14200.00000	9.83056
4	14400.00000	9.83056
4	14600.00000	9.16695
4	14800.00000	9.16695
4	15000.00000	9.16695
4	15200.00000	9.16695
4	15400.00000	8.39020
4	15600.00000	8.39020
4	15800.00000	8.39020
4	16000.00000	8.39020
4	16200.00000	8.37971
4	16400.00000	8.37971
4	16600.00000	8.37971
4	16800.00000	8.37971
4	17000.00000	9.13151
4	17200.00000	9.13151
4	17400.00000	9.13151
4	17600.00000	9.13151
4	17800.00000	10.42389
4	18000.00000	10.42389
4	18200.00000	10.42389
4	18400.00000	10.42389
4	18600.00000	8.15862
4	18800.00000	8.15862
4	19000.00000	8.15862
4	19200.00000	7.46690
4	19400.00000	7.46690
4	19600.00000	7.46690
4	19800.00000	7.46690
4	20000.00000	9.41832
5	0.00000	10.49621
5	200.00000	10.49621
5	400.00000	10.49621
5	600.00000	10.49621
5	800.00000	11.84667
5	1000.00000	11.84667
5	1200.00000	11.84667
5	1400.00000	11.84667
5	1600.00000	10.15136
5	1800.00000	10.15136
5	2000.00000	10.15136
5	2200.00000	10.15136
5	2400.00000	12.24512
5	2600.00000	12.24512
5	2800.00000	12.24512
5	3000.00000	12.24512
5	3200.00000	9.81362
5	3400.00000	9.81362
5	3600.00000	9.81362
5	3800.00000	9.81362
5	4000.00000	11.72738
5	4200.00000	11.72738
5	4400.00000	11.72738
5	4600.00000	11.72738
5	4800.00000	10.96321
5	5000.00000	10.96321
5	5200.00000	10.96321
5	5400.00000	9.32670
5	5600.00000	9.32670
5	5800.00000	9.32670
5	6000.00000	9.32670
5	6200.00000	9.92837
5	6400.00000	9.92837
5	6600.00000	9.92837
5	6800.00000	9.92837
5	7000.00000	9.18792
5	7200.00000	9.18792
5	7400.00000	9.18792
5	7600.00000	9.18792
5	7800.00000	9.56587
5	8000.00000	9.56587
5	8200.00000	9.56587
5	8400.00000	9.56587
5	8600.00000	9.41615
5	8800.00000	9.41615
5	9000.00000	9.41615
5	9200.00000	9.41615
5	9400.00000	10.76291
5	9600.00000	10.76291
5	9800.00000	10.76291
5	10000.00000	11.03484
5	10200.00000	11.03484
5	10400.00000	11.03484
5	10600.00000	11.03484
5	10800.00000	8.23520
5	11000.00000	8.23520
5	11200.00000	8.23520
5	11400.00000	8.23520
5	11600.00000	10.97129
5	11800.00000	10.97129
5	12000.00000	10.97129
5	12200.00000	10.97129
5	12400.00000	9.25217
5	12600.00000	9.25217
5	12800.00000	9.25217
5	13000.00000	9.25217
5	13200.00000	10.67695
5	13400.00000	10.67695
5	13600.00000	10.67695
5	13800.00000	10.67695
5	14000.00000	10.24427
5	14200.00000	10.24427
5	14400.00000	10.24427
5	14600.00000	10.07380
5	14800.00000	10.07380
5	15000.00000	10.07380
5	15200.00000	10.07380
5	15400.00000	7.98495
5	15600.00000	7.98495
5	15800.00000	7.98495
5	16000.00000	7.98495
5	16200.00000	9.23041
5	16400.00000	9.23041
5	16600.00000	9.23041
5	16800.00000	9.23041
5	17000.00000	11.28686
5	17200.00000	11.28686
5	17400.00000	11.28686
5	17600.00000	11.28686
5	17800.00000	10.93171
5	18000.00000	10.93171
5	18200.00000	10.93171
5	18400.00000	10.93171
5	18600.00000	8.00465
5	18800.00000	8.00465
5	19000.00000	8.00465
5	19200.00000	7.67231
5	19400.00000	7.67231
5	19600.00000	7.67231
5	19800.00000	7.67231
5	20000.00000	8.67167
6	0.00000	10.53224
6	200.00000	10.53224
6	400.00000	10.53224
6	600.00000	10.53224
6	800.00000	12.25474
6	1000.00000	12.25474
6	1200.00000	12.25474
6	1400.00000	12.25474
6	1600.00000	9.99776
6	1800.00000	9.99776
6	2000.00000	9.99776
6	2200.00000	9.99776
6	2400.00000	12.39834
6	2600.00000	12.39834
6	2800.00000	12.39834
6	3000.00000	12.39834
6	3200.00000	9.82256
6	3400.00000	9.82256
6	3600.00000	9.82256
6	3800.00000	9.82256
6	4000.00000	11.29489
6	4200.00000	11.29489
6	4400.00000	11.29489
6	4600.00000	11.29489
6	4800.00000	11.02692
6	5000.00000	11.02692
6	5200.00000	11.02692
6	5400.00000	9.51247
6	5600.00000	9.51247
6	5800.00000	9.51247
6	6000.00000	9.51247
6	6200.00000	9.73486
6	6400.00000	9.73486
6	6600.00000	9.73486
6	6800.00000	9.73486
6	7000.00000	9.07232
6	7200.00000	9.07232
6	7400.00000	9.07232
6	7600.00000	9.07232
6	7800.00000	10.13050
6	8000.00000	10.13050
6	8200.00000	10.13050
6	8400.00000	10.13050
6	8600.00000	8.83638
6	8800.00000	8.83638
6	9000.00000	8.83638
6	9200.00000	8.83638
6	9400.00000	11.76762
6	9600.00000	11.76762
6	9800.00000	11.76762
6	10000.00000	13.66193
6	10200.00000	13.66193
6	10400.00000	13.66193
6	10600.00000	13.66193
6	10800.00000	8.55293
6	11000.00000	8.55293
6	11200.00000	8.55293
6	11400.00000	8.55293
6	11600.00000	10.05909
6	11800.00000	10.05909
6	12000.00000	10.05909
6	12200.00000	10.05909
6	12400.00000	10.18745
6	12600.00000	10.18745
6	12800.00000	10.18745
6	13000.00000	10.18745
6	13200.00000	10.10304
6	13400.00000	10.10304
6	13600.00000	10.10304
6	13800.00000	10.10304
6	14000.00000	10.30042
6	14200.00000	10.30042
6	14400.00000	10.30042
6	14600.00000	8.25669
6	14800.00000	8.25669
6	15000.00000	8.25669
6	15200.00000	8.25669
6	15400.00000	8.40077
6	15600.00000	8.40077
6	15800.00000	8.40077
6	16000.00000	8.40077
6	16200.00000	9.92496
6	16400.00000	9.92496
6	16600.00000	9.92496
6	16800.00000	9.92496
6	17000.00000	11.02619
6	17200.00000	11.02619
6	17400.00000	11.02619
6	17600.00000	11.02619
6	17800.00000	8.69525
6	18000.00000	8.69525
6	18200.00000	8.69525
6	18400.00000	8.69525
6	18600.00000	7.29668
6	18800.00000	7.29668
6	19000.00000	7.29668
6	19200.00000	8.49130
6	19400.00000	8.49130
6	19600.00000	8.49130
6	19800.00000	8.49130
6	20000.00000	9.25391
7	0.00000	10.50988
7	200.00000	10.50988
7	400.00000	10.50988
7	600.00000	10.50988
7	800.00000	12.08539
7	1000.00000	12.08539
7	1200.00000	12.08539
7	1400.00000	12.08539
7	1600.00000	10.20842
7	1800.00000	10.20842
7	2000.00000	10.20842
7	2200.00000	10.20842
7	2400.00000	11.75431
7	2600.00000	11.75431
7	2800.00000	11.75431
7	3000.00000	11.75431
7	3200.00000	10.23745
7	3400.00000	10.23745
7	3600.00000	10.23745
7	3800.00000	10.23745
7	4000.00000	11.11166
7	4200.00000	11.11166
7	4400.00000	11.11166
7	4600.00000	11.11166
7	4800.00000	10.93129
7	5000.00000	10.93129
7	5200.00000	10.93129
7	5400.00000	9.75298
7	5600.00000	9.75298
7	5800.00000	9.75298
7	6000.00000	9.75298
7	6200.00000	9.79128
7	6400.00000	9.79128
7	6600.00000	9.79128
7	6800.00000	9.79128
7	7000.00000	9.10672
7	7200.00000	9.10672
7	7400.00000	9.10672
7	7600.00000	9.10672
7	7800.00000	10.32856
7	8000.00000	10.32856
7	8200.00000	10.32856
7	8400.00000	10.32856
7	8600.00000	9.22370
7	8800.00000	9.22370
7	9000.00000	9.22370
7	9200.00000	9.22370
7	9400.00000	10.03978
7	9600.00000	10.03978
7	9800.00000	10.03978
7	10000.00000	10.67791
7	10200.00000	10.67791
7	10400.00000	10.67791
7	10600.00000	10.67791
7	10800.00000	9.05783
7	11000.00000	9.05783
7	11200.00000	9.05783
7	11400.00000	9.05783
7	11600.00000	10.05775
7	11800.00000	10.05775
7	12000.00000	10.05775
7	12200.00000	10.05775
7	12400.00000	10.25357
7	12600.00000	10.25357
7	12800.00000	10.25357
7	13000.00000	10.25357
7	13200.00000	9.32427
7	13400.00000	9.32427
7	13600.00000	9.32427
7	13800.00000	9.32427
7	14000.00000	8.63142
7	14200.00000	8.63142
7	14400.00000	8.63142
7	14600.00000	10.81331
7	14800.00000	10.81331
7	15000.00000	10.81331
7	15200.00000	10.81331
7	15400.00000	8.59996
7	15600.00000	8.59996
7	15800.00000	8.59996
7	16000.00000	8.59996
7	16200.00000	8.30452
7	16400.00000	8.30452
7	16600.00000	8.30452
7	16800.00000	8.30452
7	17000.00000	10.24577
7	17200.00000	10.24577
7	17400.00000	10.24577
7	17600.00000	10.24577
7	17800.00000	9.20502
7	18000.00000	9.20502
7	18200.00000	9.20502
7	18400.00000	9.20502
7	18600.00000	9.65754
7	18800.00000	9.65754
7	19000.00000	9.65754
7	19200.00000	8.93819
7	19400.00000	8.93819
7	19600.00000	8.93819
7	19800.00000	8.93819
7	20000.00000	7.87447
8	0.00000	10.61034
8	200.00000	10.61034
8	400.00000	10.61034
8	600.00000	10.61034
8	800.00000	12.00770
8	1000.00000	12.00770
8	1200.00000	12.00770
8	1400.00000	12.00770
8	1600.00000	10.17633
8	1800.00000	10.17633
8	2000.00000	10.17633
8	2200.00000	10.17633
8	2400.00000	11.37268
8	2600.00000	11.37268
8	2800.00000	11.37268
8	3000.00000	11.37268
8	3200.00000	9.93219
8	3400.00000	9.93219
8	3600.00000	9.93219
8	3800.00000	9.93219
8	4000.00000	11.36576
8	4200.00000	11.36576
8	4400.00000	11.36576
8	4600.00000	11.36576
8	4800.00000	10.38259
8	5000.00000	10.38259
8	5200.00000	10.38259
8	5400.00000	9.73934
8	5600.00000	9.73934
8	5800.00000	9.73934
8	6000.00000	9.73934
8	6200.00000	10.17844
8	6400.00000	10.17844
8	6600.00000	10.17844
8	6800.00000	10.17844
8	7000.00000	8.87631
8	7200.00000	8.87631
8	7400.00000	8.87631
8	7600.00000	8.87631
8	7800.00000	10.17189
8	8000.00000	10.17189
8	8200.00000	10.17189
8	8400.00000	10.17189
8	8600.00000	9.07976
8	8800.00000	9.07976
8	9000.00000	9.07976
8	9200.00000	9.07976
8	9400.00000	10.42613
8	9600.00000	10.42613
8	9800.00000	10.42613
8	10000.00000	10.52813
8	10200.00000	10.52813
8	10400.00000	10.52813
8	10600.00000	10.52813
8	10800.00000	8.48216
8	11000.00000	8.48216
8	11200.00000	8.48216
8	11400.00000	8.48216
8	11600.00000	10.81502
8	11800.00000	10.81502
8	12000.00000	10.81502
8	12200.00000	10.81502
8	12400.00000	11.39528
8	12600.00000	11.39528
8	12800.00000	11.39528
8	13000.00000	11.39528
8	13200.00000	10.11936
8	13400.00000	10.11936
8	13600.00000	10.11936
8	13800.00000	10.11936
8	14000.00000	9.50273
8	14200.00000	9.50273
8	14400.00000	9.50273
8	14600.00000	8.13760
8	14800.00000	8.13760
8	15000.00000	8.13760
8	15200.00000	8.13760
8	15400.00000	9.69985
8	15600.00000	9.69985
8	15800.00000	9.69985
8	16000.00000	9.69985
8	16200.00000	9.70518
8	16400.00000	9.70518
8	16600.00000	9.70518
8	16800.00000	9.70518
8	17000.00000	8.55077
8	17200.00000	8.55077
8	17400.00000	8.55077
8	17600.00000	8.55077
8	17800.00000	8.70308
8	18000.00000	8.70308
8	18200.00000	8.70308
8	18400.00000	8.70308
8	18600.00000	8.84768
8	18800.00000	8.84768
8	19000.00000	8.84768
8	19200.00000	8.01011
8	19400.00000	8.01011
8	19600.00000	8.01011
8	19800.00000	8.01011
8	20000.00000	9.21821
9	0.00000	10.46666
9	200.00000	10.46666
9	400.00000	10.46666
9	600.00000	10.46666
9	800.00000	12.43111
9	1000.00000	12.43111
9	1200.00000	12.43111
9	1400.00000	12.43111
9	1600.00000	10.05337
9	1800.00000	10.05337
9	2000.00000	10.05337
9	2200.00000	10.05337
9	2400.00000	11.77262
9	2600.00000	11.77262
9	2800.00000	11.77262
9	3000.00000	11.77262
9	3200.00000	9.91057
9	3400.00000	9.91057
9	3600.00000	9.91057
9	3800.00000	9.91057
9	4000.00000	11.03175
9	4200.00000	11.03175
9	4400.00000	11.03175
9	4600.00000	11.03175
9	4800.00000	11.12193
9	5000.00000	11.12193
9	5200.00000	11.12193
9	5400.00000	9.51108
9	5600.00000	9.51108
9	5800.00000	9.51108
9	6000.00000	9.51108
9	6200.00000	9.73909
9	6400.00000	9.73909
9	6600.00000	9.73909
9	6800.00000	9.73909
9	7000.00000	9.25575
9	7200.00000	9.25575
9	7400.00000	9.25575
9	7600.00000	9.25575
9	7800.00000	9.56795
9	8000.00000	9.56795
9	8200.00000	9.56795
9	8400.00000	9.56795
9	8600.00000	9.50931
9	8800.00000	9.50931
9	9000.00000	9.50931
9	9200.00000	9.50931
9	9400.00000	11.65437
9	9600.00000	11.65437
9	9800.00000	11.65437
9	10000.00000	10.78818
9	10200.00000	10.78818
9	10400.00000	10.78818
9	10600.00000	10.78818
9	10800.00000	8.67781
9	11000.00000	8.67781
9	11200.00000	8.67781
9	11400.00000	8.67781
9	11600.00000	10.86811
9	11800.00000	10.86811
9	12000.00000	10.86811
9	12200.00000	10.86811
9	12400.00000	10.44617
9	12600.00000	10.44617
9	12800.00000	10.44617
9	13000.00000	10.44617
9	13200.00000	9.45925
9	13400.00000	9.45925
9	13600.00000	9.45925
9	13800.00000	9.45925
9	14000.00000	10.11971
9	14200.00000	10.11971
9	14400.00000	10.11971
9	14600.00000	8.45448
9	14800.00000	8.45448
9	15000.00000	8.45448
9	15200.00000	8.45448
9	15400.00000	10.40915
9	15600.00000	10.40915
9	15800.00000	10.40915
9	16000.00000	10.40915
9	16200.00000	9.79979
9	16400.00000	9.79979
9	16600.00000	9.79979
9	16800.00000	9.79979
9	17000.00000	7.79007
9	17200.00000	7.79007
9	17400.00000	7.79007
9	17600.00000	7.79007
9	17800.00000	9.64257
9	18000.00000	9.64257
9	18200.00000	9.64257
9	18400.00000	9.64257
9	18600.00000	8.86920
9	18800.00000	8.86920
9	19000.00000	8.86920
9	19200.00000	7.76780
9	19400.00000	7.76780
9	19600.00000	7.76780
9	19800.00000	7.76780
9	20000.00000	7.21331
10	0.00000	10.50849
10	200.00000	10.50849
10	400.00000	10.50849
10	600.00000	10.50849
10	800.00000	12.20065
10	1000.00000	12.20065
10	1200.00000	12.20065
10	1400.00000	12.20065
10	1600.00000	9.98335
10	1800.00000	9.98335
10	2000.00000	9.98335
10	2200.00000	9.98335
10	2400.00000	12.28209
10	2600.00000	12.28209
10	2800.00000	12.28209
10	3000.00000	12.28209
10	3200.00000	9.68976
10	3400.00000	9.68976
10	3600.00000	9.68976
10	3800.00000	9.68976
10	4000.00000	11.78302
10	4200.00000	11.78302
10	4400.00000	11.78302
10	4600.00000	11.78302
10	4800.00000	11.10781
10	5000.00000	11.10781
10	5200.00000	11.10781
10	5400.00000	9.60687
10	5600.00000	9.60687
10	5800.00000	9.60687
10	6000.00000	9.60687
10	6200.00000	10.27893
10	6400.00000	10.27893
10	6600.00000	10.27893
10	6800.00000	10.27893
10	7000.00000	8.75983
10	7200.00000	8.75983
10	7400.00000	8.75983
10	7600.00000	8.75983
10	7800.00000	9.38758
10	8000.00000	9.38758
10	8200.00000	9.38758
10	8400.00000	9.38758
10	8600.00000	9.12597
10	8800.00000	9.12597
10	9000.00000	9.12597
10	9200.00000	9.12597
10	9400.00000	10.95007
10	9600.00000	10.95007
10	9800.00000	10.95007
10	10000.00000	11.02810
10	10200.00000	11.02810
10	10400.00000	11.02810
10	10600.00000	11.02810
10	10800.00000	8.61089
10	11000.00000	8.61089
10	11200.00000	8.61089
10	11400.00000	8.61089
10	11600.00000	10.72233
10	11800.00000	10.72233
10	12000.00000	10.72233
10	12200.00000	10.72233
10	12400.00000	10.98407
10	12600.00000	10.98407
10	12800.00000	10.98407
10	13000.00000	10.98407
10	13200.00000	9.28306
10	13400.00000	9.28306
10	13600.00000	9.28306
10	13800.00000	9.28306
10	14000.00000	9.55131
10	14200.00000	9.55131
10	14400.00000	9.55131
10	14600.00000	8.07785
10	14800.00000	8.07785
10	15000.00000	8.07785
10	15200.00000	8.07785
10	15400.00000	9.33749
10	15600.00000	9.33749
10	15800.00000	9.33749
10	16000.00000	9.33749
10	16200.00000	9.18372
10	16400.00000	9.18372
10	16600.00000	9.18372
10	16800.00000	9.18372
10	17000.00000	7.91912
10	17200.00000	7.91912
10	17400.00000	7.91912
10	17600.00000	7.91912
10	17800.00000	9.77204
10	18000.00000	9.77204
10	18200.00000	9.77204
10	18400.00000	9.77204
10	18600.00000	9.30394
10	18800.00000	9.30394
10	19000.00000	9.30394
10	19200.00000	10.90886
10	19400.00000	10.90886
10	19600.00000	10.90886
10	19800.00000	10.90886
10	20000.00000	9.54404
11	0.00000	10.51023
11	200.00000	10.51023
11	400.00000	10.51023
11	600.00000	10.51023
11	800.00000	12.42100
11	1000.00000	12.42100
11	1200.00000	12.42100
11	1400.00000	12.42100
11	1600.00000	10.07279
11	1800.00000	10.07279
11	2000.00000	10.07279
11	2200.00000	10.07279
11	2400.00000	12.23363
11	2600.00000	12.23363
11	2800.00000	12.23363
11	3000.00000	12.23363
11	3200.00000	9.69113
11	3400.00000	9.69113
11	3600.00000	9.69113
11	3800.00000	9.69113
11	4000.00000	11.19483
11	4200.00000	11.19483
11	4400.00000	11.19483
11	4600.00000	11.19483
11	4800.00000	10.72438
11	5000.00000	10.72438
11	5200.00000	10.72438
11	5400.00000	9.59376
11	5600.00000	9.59376
11	5800.00000	9.59376
11	6000.00000	9.59376
11	6200.00000	10.69485
11	6400.00000	10.69485
11	6600.00000	10.69485
11	6800.00000	10.69485
11	7000.00000	8.73253
11	7200.00000	8.73253
11	7400.00000	8.73253
11	7600.00000	8.73253
11	7800.00000	10.26038
11	8000.00000	10.26038
11	8200.00000	10.26038
11	8400.00000	10.26038
11	8600.00000	9.17934
11	8800.00000	9.17934
11	9000.00000	9.17934
11	9200.00000	9.17934
11	9400.00000	11.82906
11	9600.00000	11.82906
11	9800.00000	11.82906
11	10000.00000	11.17163
11	10200.00000	11.17163
11	10400.00000	11.17163
11	10600.00000	11.17163
11	10800.00000	8.82663
11	11000.00000	8.82663
11	11200.00000	8.82663
11	11400.00000	8.82663
11	11600.00000	11.18737
11	11800.00000	11.18737
11	12000.00000	11.18737
11	12200.00000	11.18737
11	12400.00000	9.57778
11	12600.00000	9.57778
11	12800.00000	9.57778
11	13000.00000	9.57778
11	13200.00000	9.51926
11	13400.00000	9.51926
11	13600.00000	9.51926
11	13800.00000	9.51926
11	14000.00000	9.43600
11	14200.00000	9.43600
11	14400.00000	9.43600
11	14600.00000	8.29728
11	14800.00000	8.29728
11	15000.00000	8.29728
11	15200.00000	8.29728
11	15400.00000	9.38986
11	15600.00000	9.38986
11	15800.00000	9.38986
11	16000.00000	9.38986
11	16200.00000	9.55260
11	16400.00000	9.55260
11	16600.00000	9.55260
11	16800.00000	9.55260
11	17000.00000	7.95695
11	17200.00000	7.95695
11	17400.00000	7.95695
11	17600.00000	7.95695
11	17800.00000	8.69271
11	18000.00000	8.69271
11	18200.00000	8.69271
11	18400.00000	8.69271
11	18600.00000	8.56959
11	18800.00000	8.56959
11	19000.00000	8.56959
11	19200.00000	9.28222
11	19400.00000	9.28222
11	19600.00000	9.28222
11	19800.00000	9.28222
11	20000.00000	9.65224
12	0.00000	10.51888
12	200.00000	10.51888
12	400.00000	10.51888
12	600.00000	10.51888
12	800.00000	12.10998
12	1000.00000	12.10998
12	1200.00000	12.10998
12	1400.00000	12.10998
12	1600.00000	10.19434
12	1800.00000	10.19434
12	2000.00000	10.19434
12	2200.00000	10.19434
12	2400.00000	11.32372
12	2600.00000	11.32372
12	2800.00000	11.32372
12	3000.00000	11.32372
12	3200.00000	9.92904
12	3400.00000	9.92904
12	3600.00000	9.92904
12	3800.00000	9.92904
12	4000.00000	10.70803
12	4200.00000	10.70803
12	4400.00000	10.70803
12	4600.00000	10.70803
12	4800.00000	11.16221
12	5000.00000	11.16221
12	5200.00000	11.16221
12	5400.00000	9.28204
12	5600.00000	9.28204
12	5800.00000	9.28204
12	6000.00000	9.28204
12	6200.00000	10.10014
12	6400.00000	10.10014
12	6600.00000	10.10014
12	6800.00000	10.10014
12	7000.00000	8.77369
12	7200.00000	8.77369
12	7400.00000	8.77369
12	7600.00000	8.77369
12	7800.00000	10.38512
12	8000.00000	10.38512
12	8200.00000	10.38512
12	8400.00000	10.38512
12	8600.00000	9.39143
12	8800.00000	9.39143
12	9000.00000	9.39143
12	9200.00000	9.39143
12	9400.00000	11.80004
12	9600.00000	11.80004
12	9800.00000	11.80004
12	10000.00000	10.99801
12	10200.00000	10.99801
12	10400.00000	10.99801
12	10600.00000	10.99801
12	10800.00000	8.27014
12	11000.00000	8.27014
12	11200.00000	8.27014
12	11400.00000	8.27014
12	11600.00000	10.18231
12	11800.00000	10.18231
12	12000.00000	10.18231
12	12200.00000	10.18231
12	12400.00000	10.63615
12	12600.00000	10.63615
12	12800.00000	10.63615
12	13000.00000	10.63615
12	13200.00000	10.33360
12	13400.00000	10.33360
12	13600.00000	10.33360
12	13800.00000	10.33360
12	14000.00000	10.74850
12	14200.00000	10.74850
12	14400.00000	10.74850
12	14600.00000	8.04817
12	14800.00000	8.04817
12	15000.00000	8.04817
12	15200.00000	8.04817
12	15400.00000	9.02223
12	15600.00000	9.02223
12	15800.00000	9.02223
12	16000.00000	9.02223
12	16200.00000	9.61789
12	16400.00000	9.61789
12	16600.00000	9.61789
12	16800.00000	9.61789
12	17000.00000	9.88140
12	17200.00000	9.88140
12	17400.00000	9.88140
12	17600.00000	9.88140
12	17800.00000	8.63864
12	18000.00000	8.63864
12	18200.00000	8.63864
12	18400.00000	8.63864
12	18600.00000	7.75411
12	18800.00000	7.75411
12	19000.00000	7.75411
12	19200.00000	9.50211
12	19400.00000	9.50211
12	19600.00000	9.50211
12	19800.00000	9.50211
12	20000.00000	9.41426
13	0.00000	10.45839
13	200.00000	10.45839
13	400.00000	10.45839
13	600.00000	10.45839
13	800.00000	12.26914
13	1000.00000	12.26914
13	1200.00000	12.26914
13	1400.00000	12.26914
13	1600.00000	10.13145
13	1800.00000	10.13145
13	2000.00000	10.13145
13	2200.00000	10.13145
13	2400.00000	11.47418
13	2600.00000	11.47418
13	2800.00000	11.47418
13	3000.00000	11.47418
13	3200.00000	10.07078
13	3400.00000	10.07078
13	3600.00000	10.07078
13	3800.00000	10.07078
13	4000.00000	10.90587
13	4200.00000	10.90587
13	4400.00000	10.90587
13	4600.00000	10.90587
13	4800.00000	12.12751
13	5000.00000	12.12751
13	5200.00000	12.12751
13	5400.00000	9.23328
13	5600.00000	9.23328
13	5800.00000	9.23328
13	6000.00000	9.23328
13	6200.00000	9.77010
13	6400.00000	9.77010
13	6600.00000	9.77010
13	6800.00000	9.77010
13	7000.00000	8.99835
13	7200.00000	8.99835
13	7400.00000	8.99835
13	7600.00000	8.99835
13	7800.00000	10.11786
13	8000.00000	10.11786
13	8200.00000	10.11786
13	8400.00000	10.11786
13	8600.00000	9.16973
13	8800.00000	9.16973
13	9000.00000	9.16973
13	9200.00000	9.16973
13	9400.00000	11.46093
13	9600.00000	11.46093
13	9800.00000	11.46093
13	10000.00000	11.99140
13	10200.00000	11.99140
13	10400.00000	11.99140
13	10600.00000	11.99140
13	10800.00000	8.63723
13	11000.00000	8.63723
13	11200.00000	8.63723
13	11400.00000	8.63723
13	11600.00000	9.43959
13	11800.00000	9.43959
13	12000.00000	9.43959
13	12200.00000	9.43959
13	12400.00000	10.27041
13	12600.00000	10.27041
13	12800.00000	10.27041
13	13000.00000	10.27041
13	13200.00000	9.42681
13	13400.00000	9.42681
13	13600.00000	9.42681
13	13800.00000	9.42681
13	14000.00000	8.96850
13	14200.00000	8.96850
13	14400.00000	8.96850
13	14600.00000	8.43758
13	14800.00000	8.43758
13	15000.00000	8.43758
13	15200.00000	8.43758
13	15400.00000	9.24118
13	15600.00000	9.24118
13	15800.00000	9.24118
13	16000.00000	9.24118
13	16200.00000	9.42043
13	16400.00000	9.42043
13	16600.00000	9.42043
13	16800.00000	9.42043
13	17000.00000	10.21185
13	17200.00000	10.21185
13	17400.00000	10.21185
13	17600.00000	10.21185
13	17800.00000	9.27983
13	18000.00000	9.27983
13	18200.00000	9.27983
13	18400.00000	9.27983
13	18600.00000	8.48696
13	18800.00000	8.48696
13	19000.00000	8.48696
13	19200.00000	9.30364
13	19400.00000	9.30364
13	19600.00000	9.30364
13	19800.00000	9.30364
13	20000.00000	9.36603
14	0.00000	10.40071
14	200.00000	10.40071
14	400.00000	10.40071
14	600.00000	10.40071
14	800.00000	12.66135
14	1000.00000	12.66135
14	1200.00000	12.66135
14	1400.00000	12.66135
14	1600.00000	10.02666
14	1800.00000	10.02666
14	2000.00000	10.02666
14	2200.00000	10.02666
14	2400.00000	12.07008
14	2600.00000	12.07008
14	2800.00000	12.07008
14	3000.00000	12.07008
14	3200.00000	10.01974
14	3400.00000	10.01974
14	3600.00000	10.01974
14	3800.00000	10.01974
14	4000.00000	10.63788
14	4200.00000	10.63788
14	4400.00000	10.63788
14	4600.00000	10.63788
14	4800.00000	11.08089
14	5000.00000	11.08089
14	5200.00000	11.08089
14	5400.00000	9.66665
14	5600.00000	9.66665
14	5800.00000	9.66665
14	6000.00000	9.66665
14	6200.00000	9.36393
14	6400.00000	9.36393
14	6600.00000	9.36393
14	6800.00000	9.36393
14	7000.00000	9.15866
14	7200.00000	9.15866
14	7400.00000	9.15866
14	7600.00000	9.15866
14	7800.00000	10.45928
14	8000.00000	10.45928
14	8200.00000	10.45928
14	8400.00000	10.45928
14	8600.00000	9.38897
14	8800.00000	9.38897
14	9000.00000	9.38897
14	9200.00000	9.38897
14	9400.00000	10.31172
14	9600.00000	10.31172
14	9800.00000	10.31172
14	10000.00000	10.68665
14	10200.00000	10.68665
14	10400.00000	10.68665
14	10600.00000	10.68665
14	10800.00000	8.46180
14	11000.00000	8.46180
14	11200.00000	8.46180
14	11400.00000	8.46180
14	11600.00000	9.55342
14	11800.00000	9.55342
14	12000.00000	9.55342
14	12200.00000	9.55342
14	12400.00000	11.32767
14	12600.00000	11.32767
14	12800.00000	11.32767
14	13000.00000	11.32767
14	13200.00000	10.34983
14	13400.00000	10.34983
14	13600.00000	10.34983
14	13800.00000	10.34983
14	14000.00000	9.13938
14	14200.00000	9.13938
14	14400.00000	9.13938
14	14600.00000	8.49919
14	14800.00000	8.49919
14	15000.00000	8.49919
14	15200.00000	8.49919
14	15400.00000	7.92201
14	15600.00000	7.92201
14	15800.00000	7.92201
14	16000.00000	7.92201
14	16200.00000	10.34987
14	16400.00000	10.34987
14	16600.00000	10.34987
14	16800.00000	10.34987
14	17000.00000	9.49082
14	17200.00000	9.49082
14	17400.00000	9.49082
14	17600.00000	9.49082
14	17800.00000	8.53484
14	18000.00000	8.53484
14	18200.00000	8.53484
14	18400.00000	8.53484
14	18600.00000	7.55895
14	18800.00000	7.55895
14	19000.00000	7.55895
14	19200.00000	7.26206
14	19400.00000	7.26206
14	19600.00000	7.26206
14	19800.00000	7.26206
14	20000.00000	10.03862
15	0.00000	10.54493
15	200.00000	10.54493
15	400.00000	10.54493
15	600.00000	10.54493
15	800.00000	12.78555
15	1000.00000	12.78555
15	1200.00000	12.78555
15	1400.00000	12.78555
15	1600.00000	10.12294
15	1800.00000	10.12294
15	2000.00000	10.12294
15	2200.00000	10.12294
15	2400.00000	12.02203
15	2600.00000	12.02203
15	2800.00000	12.02203
15	3000.00000	12.02203
15	3200.00000	9.79942
15	3400.00000	9.79942
15	3600.00000	9.79942
15	3800.00000	9.79942
15	4000.00000	11.68114
15	4200.00000	11.68114
15	4400.00000	11.68114
15	4600.00000	11.68114
15	4800.00000	11.18047
15	5000.00000	11.18047
15	5200.00000	11.18047
15	5400.00000	9.56557
15	5600.00000	9.56557
15	5800.00000	9.56557
15	6000.00000	9.56557
15	6200.00000	9.92534
15	6400.00000	9.92534
15	6600.00000	9.92534
15	6800.00000	9.92534
15	7000.00000	9.43835
15	7200.00000	9.43835
15	7400.00000	9.43835
15	7600.00000	9.43835
15	7800.00000	9.62353
15	8000.00000	9.62353
15	8200.00000	9.62353
15	8400.00000	9.62353
15	8600.00000	9.53302
15	8800.00000	9.53302
15	9000.00000	9.53302
15	9200.00000	9.53302
15	9400.00000	10.34325
15	9600.00000	10.34325
15	9800.00000	10.34325
15	10000.00000	10.67306
15	10200.00000	10.67306
15	10400.00000	10.67306
15	10600.00000	10.67306
15	10800.00000	8.23520
15	11000.00000	8.23520
15	11200.00000	8.23520
15	11400.00000	8.23520
15	11600.00000	10.78945
15	11800.00000	10.78945
15	12000.00000	10.78945
15	12200.00000	10.78945
15	12400.00000	10.78736
15	12600.00000	10.78736
15	12800.00000	10.78736
15	13000.00000	10.78736
15	13200.00000	9.69233
15	13400.00000	9.69233
15	13600.00000	9.69233
15	13800.00000	9.69233
15	14000.00000	8.71646
15	14200.00000	8.71646
15	14400.00000	8.71646
15	14600.00000	9.38763
15	14800.00000	9.38763
15	15000.00000	9.38763
15	15200.00000	9.38763
15	15400.00000	8.05827
15	15600.00000	8.05827
15	15800.00000	8.05827
15	16000.00000	8.05827
15	16200.00000	9.53445
15	16400.00000	9.53445
15	16600.00000	9.53445
15	16800.00000	9.53445
15	17000.00000	9.71962
15	17200.00000	9.71962
15	17400.00000	9.71962
15	17600.00000	9.71962
15	17800.00000	9.34676
15	18000.00000	9.34676
15	18200.00000	9.34676
15	18400.00000	9.34676
15	18600.00000	7.58726
15	18800.00000	7.58726
15	19000.00000	7.58726
15	19200.00000	9.16528
15	19400.00000	9.16528
15	19600.00000	9.16528
15	19800.00000	9.16528
15	20000.00000	8.88116
16	0.00000	10.49102
16	200.00000	10.49102
16	400.00000	10.49102
16	600.00000	10.49102
16	800.00000	12.64851
16	1000.00000	12.64851
16	1200.00000	12.64851
16	1400.00000	12.64851
16	1600.00000	10.14328
16	1800.00000	10.14328
16	2000.00000	10.14328
16	2200.00000	10.14328
16	2400.00000	11.78910
16	2600.00000	11.78910
16	2800.00000	11.78910
16	3000.00000	11.78910
16	3200.00000	9.89663
16	3400.00000	9.89663
16	3600.00000	9.89663
16	3800.00000	9.89663
16	4000.00000	11.54908
16	4200.00000	11.54908
16	4400.00000	11.54908
16	4600.00000	11.54908
16	4800.00000	11.48689
16	5000.00000	11.48689
16	5200.00000	11.48689
16	5400.00000	9.52117
16	5600.00000	9.52117
16	5800.00000	9.52117
16	6000.00000	9.52117
16	6200.00000	9.36837
16	6400.00000	9.36837
16	6600.00000	9.36837
16	6800.00000	9.36837
16	7000.00000	9.09968
16	7200.00000	9.09968
16	7400.00000	9.09968
16	7600.00000	9.09968
16	7800.00000	10.16420
16	8000.00000	10.16420
16	8200.00000	10.16420
16	8400.00000	10.16420
16	8600.00000	9.57089
16	8800.00000	9.57089
16	9000.00000	9.57089
16	9200.00000	9.57089
16	9400.00000	11.03704
16	9600.00000	11.03704
16	9800.00000	11.03704
16	10000.00000	10.48982
16	10200.00000	10.48982
16	10400.00000	10.48982
16	10600.00000	10.48982
16	10800.00000	8.42861
16	11000.00000	8.42861
16	11200.00000	8.42861
16	11400.00000	8.42861
16	11600.00000	9.90092
16	11800.00000	9.90092
16	12000.00000	9.90092
16	12200.00000	9.90092
16	12400.00000	10.16637
16	12600.00000	10.16637
16	12800.00000	10.16637
16	13000.00000	10.16637
16	13200.00000	9.63864
16	13400.00000	9.63864
16	13600.00000	9.63864
16	13800.00000	9.63864
16	14000.00000	9.20286
16	14200.00000	9.20286
16	14400.00000	9.20286
16	14600.00000	8.93725
16	14800.00000	8.93725
16	15000.00000	8.93725
16	15200.00000	8.93725
16	15400.00000	8.98395
16	15600.00000	8.98395
16	15800.00000	8.98395
16	16000.00000	8.98395
16	16200.00000	8.18641
16	16400.00000	8.18641
16	16600.00000	8.18641
16	16800.00000	8.18641
16	17000.00000	9.27045
16	17200.00000	9.27045
16	17400.00000	9.27045
16	17600.00000	9.27045
16	17800.00000	8.96447
16	18000.00000	8.96447
16	18200.00000	8.96447
16	18400.00000	8.96447
16	18600.00000	7.87313
16	18800.00000	7.87313
16	19000.00000	7.87313
16	19200.00000	10.34057
16	19400.00000	10.34057
16	19600.00000	10.34057
16	19800.00000	10.34057
16	20000.00000	9.57528
17	0.00000	10.55497
17	200.00000	10.55497
17	400.00000	10.55497
17	600.00000	10.55497
17	800.00000	12.89302
17	1000.00000	12.89302
17	1200.00000	12.89302
17	1400.00000	12.89302
17	1600.00000	10.09995
17	1800.00000	10.09995
17	2000.00000	10.09995
17	2200.00000	10.09995
17	2400.00000	11.74193
17	2600.00000	11.74193
17	2800.00000	11.74193
17	3000.00000	11.74193
17	3200.00000	9.64327
17	3400.00000	9.64327
17	3600.00000	9.64327
17	3800.00000	9.64327
17	4000.00000	12.80630
17	4200.00000	12.80630
17	4400.00000	12.80630
17	4600.00000	12.80630
17	4800.00000	10.87994
17	5000.00000	10.87994
17	5200.00000	10.87994
17	5400.00000	9.71970
17	5600.00000	9.71970
17	5800.00000	9.71970
17	6000.00000	9.71970
17	6200.00000	9.78489
17	6400.00000	9.78489
17	6600.00000	9.78489
17	6800.00000	9.78489
17	7000.00000	9.24638
17	7200.00000	9.24638
17	7400.00000	9.24638
17	7600.00000	9.24638
17	7800.00000	9.98528
17	8000.00000	9.98528
17	8200.00000	9.98528
17	8400.00000	9.98528
17	8600.00000	9.78993
17	8800.00000	9.78993
17	9000.00000	9.78993
17	9200.00000	9.78993
17	9400.00000	11.32571
17	9600.00000	11.32571
17	9800.00000	11.32571
17	10000.00000	10.93816
17	10200.00000	10.93816
17	10400.00000	10.93816
17	10600.00000	10.93816
17	10800.00000	8.41096
17	11000.00000	8.41096
17	11200.00000	8.41096
17	11400.00000	8.41096
17	11600.00000	10.53999
17	11800.00000	10.53999
17	12000.00000	10.53999
17	12200.00000	10.53999
17	12400.00000	9.84999
17	12600.00000	9.84999
17	12800.00000	9.84999
17	13000.00000	9.84999
17	13200.00000	9.71219
17	13400.00000	9.71219
17	13600.00000	9.71219
17	13800.00000	9.71219
17	14000.00000	8.60024
17	14200.00000	8.60024
17	14400.00000	8.60024
17	14600.00000	9.98420
17	14800.00000	9.98420
17	15000.00000	9.98420
17	15200.00000	9.98420
17	15400.00000	8.18775
17	15600.00000	8.18775
17	15800.00000	8.18775
17	16000.00000	8.18775
17	16200.00000	9.03392
17	16400.00000	9.03392
17	16600.00000	9.03392
17	16800.00000	9.03392
17	17000.00000	10.89449
17	17200.00000	10.89449
17	17400.00000	10.89449
17	17600.00000	10.89449
17	17800.00000	10.08123
17	18000.00000	10.08123
17	18200.00000	10.08123
17	18400.00000	10.08123
17	18600.00000	7.87359
17	18800.00000	7.87359
17	19000.00000	7.87359
17	19200.00000	8.69617
17	19400.00000	8.69617
17	19600.00000	8.69617
17	19800.00000	8.69617
17	20000.00000	7.99971
18	0.00000	10.46156
18	200.00000	10.46156
18	400.00000	10.46156
18	600.00000	10.46156
18	800.00000	12.55965
18	1000.00000	12.55965
18	1200.00000	12.55965
18	1400.00000	12.55965
18	1600.00000	10.02274
18	1800.00000	10.02274
18	2000.00000	10.02274
18	2200.00000	10.02274
18	2400.00000	11.81281
18	2600.00000	11.81281
18	2800.00000	11.81281
18	3000.00000	11.81281
18	3200.00000	9.87340
18	3400.00000	9.87340
18	3600.00000	9.87340
18	3800.00000	9.87340
18	4000.00000	11.46763
18	4200.00000	11.46763
18	4400.00000	11.46763
18	4600.00000	11.46763
18	4800.00000	10.95750
18	5000.00000	10.95750
18	5200.00000	10.95750
18	5400.00000	9.51496
18	5600.00000	9.51496
18	5800.00000	9.51496
18	6000.00000	9.51496
18	6200.00000	9.87482
18	6400.00000	9.87482
18	6600.00000	9.87482
18	6800.00000	9.87482
18	7000.00000	9.28729
18	7200.00000	9.28729
18	7400.00000	9.28729
18	7600.00000	9.28729
18	7800.00000	9.41159
18	8000.00000	9.41159
18	8200.00000	9.41159
18	8400.00000	9.41159
18	8600.00000	9.62508
18	8800.00000	9.62508
18	9000.00000	9.62508
18	9200.00000	9.62508
18	9400.00000	11.05199
18	9600.00000	11.05199
18	9800.00000	11.05199
18	10000.00000	10.94961
18	10200.00000	10.94961
18	10400.00000	10.94961
18	10600.00000	10.94961
18	10800.00000	8.32901
18	11000.00000	8.32901
18	11200.00000	8.32901
18	11400.00000	8.32901
18	11600.00000	10.34687
18	11800.00000	10.34687
18	12000.00000	10.34687
18	12200.00000	10.34687
18	12400.00000	9.74667
18	12600.00000	9.74667
18	12800.00000	9.74667
18	13000.00000	9.74667
18	13200.00000	8.98951
18	13400.00000	8.98951
18	13600.00000	8.98951
18	13800.00000	8.98951
18	14000.00000	11.55642
18	14200.00000	11.55642
18	14400.00000	11.55642
18	14600.00000	9.86642
18	14800.00000	9.86642
18	15000.00000	9.86642
18	15200.00000	9.86642
18	15400.00000	8.48940
18	15600.00000	8.48940
18	15800.00000	8.48940
18	16000.00000	8.48940
18	16200.00000	9.18441
18	16400.00000	9.18441
18	16600.00000	9.18441
18	16800.00000	9.18441
18	17000.00000	8.97224
18	17200.00000	8.97224
18	17400.00000	8.97224
18	17600.00000	8.97224
18	17800.00000	9.17381
18	18000.00000	9.17381
18	18200.00000	9.17381
18	18400.00000	9.17381
18	18600.00000	8.00080
18	18800.00000	8.00080
18	19000.00000	8.00080
18	19200.00000	9.34190
18	19400.00000	9.34190
18	19600.00000	9.34190
18	19800.00000	9.34190
18	20000.00000	7.73241
19	0.00000	10.53958
19	200.00000	10.53958
19	400.00000	10.53958
19	600.00000	10.53958
19	800.00000	12.39360
19	1000.00000	12.39360
19	1200.00000	12.39360
19	1400.00000	12.39360
19	1600.00000	10.07894
19	1800.00000	10.07894
19	2000.00000	10.07894
19	2200.00000	10.07894
19	2400.00000	12.16959
19	2600.00000	12.16959
19	2800.00000	12.16959
19	3000.00000	12.16959
19	3200.00000	9.93354
19	3400.00000	9.93354
19	3600.00000	9.93354
19	3800.00000	9.93354
19	4000.00000	11.53223
19	4200.00000	11.53223
19	4400.00000	11.53223
19	4600.00000	11.53223
19	4800.00000	11.83656
19	5000.00000	11.83656
19	5200.00000	11.83656
19	5400.00000	9.48461
19	5600.00000	9.48461
19	5800.00000	9.48461
19	6000.00000	9.48461
19	6200.00000	10.10909
19	6400.00000	10.10909
19	6600.00000	10.10909
19	6800.00000	10.10909
19	7000.00000	9.20022
19	7200.00000	9.20022
19	7400.00000	9.20022
19	7600.00000	9.20022
19	7800.00000	9.17023
19	8000.00000	9.17023
19	8200.00000	9.17023
19	8400.00000	9.17023
19	8600.00000	10.22195
19	8800.00000	10.22195
19	9000.00000	10.22195
19	9200.00000	10.22195
19	9400.00000	10.51534
19	9600.00000	10.51534
19	9800.00000	10.51534
19	10000.00000	10.17155
19	10200.00000	10.17155
19	10400.00000	10.17155
19	10600.00000	10.17155
19	10800.00000	8.53287
19	11000.00000	8.53287
19	11200.00000	8.53287
19	11400.00000	8.53287
19	11600.00000	10.02609
19	11800.00000	10.02609
19	12000.00000	10.02609
19	12200.00000	10.02609
19	12400.00000	10.46211
19	12600.00000	10.46211
19	12800.00000	10.46211
19	13000.00000	10.46211
19	13200.00000	8.71771
19	13400.00000	8.71771
19	13600.00000	8.71771
19	13800.00000	8.71771
19	14000.00000	10.70566
19	14200.00000	10.70566
19	14400.00000	10.70566
19	14600.00000	11.94326
19	14800.00000	11.94326
19	15000.00000	11.94326
19	15200.00000	11.94326
19	15400.00000	8.63235
19	15600.00000	8.63235
19	15800.00000	8.63235
19	16000.00000	8.63235
19	16200.00000	8.57353
19	16400.00000	8.57353
19	16600.00000	8.57353
19	16800.00000	8.57353
19	17000.00000	9.27872
19	17200.00000	9.27872
19	17400.00000	9.27872
19	17600.00000	9.27872
19	17800.00000	8.26717
19	18000.00000	8.26717
19	18200.00000	8.26717
19	18400.00000	8.26717
19	18600.00000	8.13150
19	18800.00000	8.13150
19	19000.00000	8.13150
19	19200.00000	8.28453
19	19400.00000	8.28453
19	19600.00000	8.28453
19	19800.00000	8.28453
19	20000.00000	9.80740
20	0.00000	10.50775
20	200.00000	10.50775
20	400.00000	10.50775
20	600.00000	10.50775
20	800.00000	12.65570
20	1000.00000	12.65570
20	1200.00000	12.65570
20	1400.00000	12.65570
20	1600.00000	9.99003
20	1800.00000	9.99003
20	2000.00000	9.99003
20	2200.00000	9.99003
20	2400.00000	11.68073
20	2600.00000	11.68073
20	2800.00000	11.68073
20	3000.00000	11.68073
20	3200.00000	10.18812
20	3400.00000	10.18812
20	3600.00000	10.18812
20	3800.00000	10.18812
20	4000.00000	10.53286
20	4200.00000	10.53286
20	4400.00000	10.53286
20	4600.00000	10.53286
20	4800.00000	10.84530
20	5000.00000	10.84530
20	5200.00000	10.84530
20	5400.00000	9.71642
20	5600.00000	9.71642
20	5800.00000	9.71642
20	6000.00000	9.71642
20	6200.00000	10.22680
20	6400.00000	10.22680
20	6600.00000	10.22680
20	6800.00000	10.22680
20	7000.00000	8.97308
20	7200.00000	8.97308
20	7400.00000	8.97308
20	7600.00000	8.97308
20	7800.00000	9.82190
20	8000.00000	9.82190
20	8200.00000	9.82190
20	8400.00000	9.82190
20	8600.00000	10.48944
20	8800.00000	10.48944
20	9000.00000	10.48944
20	9200.00000	10.48944
20	9400.00000	9.72466
20	9600.00000	9.72466
20	9800.00000	9.72466
20	10000.00000	9.63824
20	10200.00000	9.63824
20	10400.00000	9.63824
20	10600.00000	9.63824
20	10800.00000	8.53111
20	11000.00000	8.53111
20	11200.00000	8.53111
20	11400.00000	8.53111
20	11600.00000	9.47101
20	11800.00000	9.47101
20	12000.00000	9.47101
20	12200.00000	9.47101
20	12400.00000	10.43944
20	12600.00000	10.43944
20	12800.00000	10.43944
20	13000.00000	10.43944
20	13200.00000	8.86299
20	13400.00000	8.86299
20	13600.00000	8.86299
20	13800.00000	8.86299
20	14000.00000	10.15049
20	14200.00000	10.15049
20	14400.00000	10.15049
20	14600.00000	9.48540
20	14800.00000	9.48540
20	15000.00000	9.48540
20	15200.00000	9.48540
20	15400.00000	8.84923
20	15600.00000	8.84923
20	15800.00000	8.84923
20	16000.00000	8.84923
20	16200.00000	8.87593
20	16400.00000	8.87593
20	16600.00000	8.87593
20	16800.00000	8.87593
20	17000.00000	8.56780
20	17200.00000	8.56780
20	17400.00000	8.56780
20	17600.00000	8.56780
20	17800.00000	8.94444
20	18000.00000	8.94444
20	18200.00000	8.94444
20	18400.00000	8.94444
20	18600.00000	8.88785
20	18800.00000	8.88785
20	19000.00000	8.88785
20	19200.00000	8.61235
20	19400.00000	8.61235
20	19600.00000	8.61235
20	19800.00000	8.61235
20	20000.00000	8.21763
21	0.00000	10.58562
21	200.00000	10.58562
21	400.00000	10.58562
21	600.00000	10.58562
21	800.00000	11.94099
21	1000.00000	11.94099
21	1200.00000	11.94099
21	1400.00000	11.94099
21	1600.00000	10.16486
21	1800.00000	10.16486
21	2000.00000	10.16486
21	2200.00000	10.16486
21	2400.00000	11.54723
21	2600.00000	11.54723
21	2800.00000	11.54723
21	3000.00000	11.54723
21	3200.00000	10.15511
21	3400.00000	10.15511
21	3600.00000	10.15511
21	3800.00000	10.15511
21	4000.00000	10.13435
21	4200.00000	10.13435
21	4400.00000	10.13435
21	4600.00000	10.13435
21	4800.00000	11.62010
21	5000.00000	11.62010
21	5200.00000	11.62010
21	5400.00000	9.75424
21	5600.00000	9.75424
21	5800.00000	9.75424
21	6000.00000	9.75424
21	6200.00000	9.40492
21	6400.00000	9.40492
21	6600.00000	9.40492
21	6800.00000	9.40492
21	7000.00000	9.80680
21	7200.00000	9.80680
21	7400.00000	9.80680
21	7600.00000	9.80680
21	7800.00000	9.55762
21	8000.00000	9.55762
21	8200.00000	9.55762
21	8400.00000	9.55762
21	8600.00000	9.56185
21	8800.00000	9.56185
21	9000.00000	9.56185
21	9200.00000	9.56185
21	9400.00000	10.45942
21	9600.00000	10.45942
21	9800.00000	10.45942
21	10000.00000	11.14009
21	10200.00000	11.14009
21	10400.00000	11.14009
21	10600.00000	11.14009
21	10800.00000	8.45774
21	11000.00000	8.45774
21	11200.00000	8.45774
21	11400.00000	8.45774
21	11600.00000	9.39204
21	11800.00000	9.39204
21	12000.00000	9.39204
21	12200.00000	9.39204
21	12400.00000	9.95217
21	12600.00000	9.95217
21	12800.00000	9.95217
21	13000.00000	9.95217
21	13200.00000	8.92656
21	13400.00000	8.92656
21	13600.00000	8.92656
21	13800.00000	8.92656
21	14000.00000	10.64229
21	14200.00000	10.64229
21	14400.00000	10.64229
21	14600.00000	10.15980
21	14800.00000	10.15980
21	15000.00000	10.15980
21	15200.00000	10.15980
21	15400.00000	8.99980
21	15600.00000	8.99980
21	15800.00000	8.99980
21	16000.00000	8.99980
21	16200.00000	9.77437
21	16400.00000	9.77437
21	16600.00000	9.77437
21	16800.00000	9.77437
21	17000.00000	8.03535
21	17200.00000	8.03535
21	17400.00000	8.03535
21	17600.00000	8.03535
21	17800.00000	7.32967
21	18000.00000	7.32967
21	18200.00000	7.32967
21	18400.00000	7.32967
21	18600.00000	9.64912
21	18800.00000	9.64912
21	19000.00000	9.64912
21	19200.00000	9.02959
21	19400.00000	9.02959
21	19600.00000	9.02959
21	19800.00000	9.02959
21	20000.00000	8.71716
22	0.00000	10.46745
22	200.00000	10.46745
22	400.00000	10.46745
22	600.00000	10.46745
22	800.00000	12.21065
22	1000.00000	12.21065
22	1200.00000	12.21065
22	1400.00000	12.21065
22	1600.00000	9.99140
22	1800.00000	9.99140
22	2000.00000	9.99140
22	2200.00000	9.99140
22	2400.00000	11.87105
22	2600.00000	11.87105
22	2800.00000	11.87105
22	3000.00000	11.87105
22	3200.00000	10.22572
22	3400.00000	10.22572
22	3600.00000	10.22572
22	3800.00000	10.22572
22	4000.00000	10.37604
22	4200.00000	10.37604
22	4400.00000	10.37604
22	4600.00000	10.37604
22	4800.00000	11.15710
22	5000.00000	11.15710
22	5200.00000	11.15710
22	5400.00000	9.49558
22	5600.00000	9.49558
22	5800.00000	9.49558
22	6000.00000	9.49558
22	6200.00000	10.64755
22	6400.00000	10.64755
22	6600.00000	10.64755
22	6800.00000	10.64755
22	7000.00000	8.86472
22	7200.00000	8.86472
22	7400.00000	8.86472
22	7600.00000	8.86472
22	7800.00000	10.46313
22	8000.00000	10.46313
22	8200.00000	10.46313
22	8400.00000	10.46313
22	8600.00000	9.04973
22	8800.00000	9.04973
22	9000.00000	9.04973
22	9200.00000	9.04973
22	9400.00000	11.22437
22	9600.00000	11.22437
22	9800.00000	11.22437
22	10000.00000	10.19741
22	10200.00000	10.19741
22	10400.00000	10.19741
22	10600.00000	10.19741
22	10800.00000	8.60394
22	11000.00000	8.60394
22	11200.00000	8.60394
22	11400.00000	8.60394
22	11600.00000	9.23837
22	11800.00000	9.23837
22	12000.00000	9.23837
22	12200.00000	9.23837
22	12400.00000	11.58105
22	12600.00000	11.58105
22	12800.00000	11.58105
22	13000.00000	11.58105
22	13200.00000	8.37403
22	13400.00000	8.37403
22	13600.00000	8.37403
22	13800.00000	8.37403
22	14000.00000	9.11309
22	14200.00000	9.11309
22	14400.00000	9.11309
22	14600.00000	10.83736
22	14800.00000	10.83736
22	15000.00000	10.83736
22	15200.00000	10.83736
22	15400.00000	10.99240
22	15600.00000	10.99240
22	15800.00000	10.99240
22	16000.00000	10.99240
22	16200.00000	8.60101
22	16400.00000	8.60101
22	16600.00000	8.60101
22	16800.00000	8.60101
22	17000.00000	7.25438
22	17200.00000	7.25438
22	17400.00000	7.25438
22	17600.00000	7.25438
22	17800.00000	9.85704
22	18000.00000	9.85704
22	18200.00000	9.85704
22	18400.00000	9.85704
22	18600.00000	8.66152
22	18800.00000	8.66152
22	19000.00000	8.66152
22	19200.00000	9.88139
22	19400.00000	9.88139
22	19600.00000	9.88139
22	19800.00000	9.88139
22	20000.00000	11.21191
23	0.00000	10.54414
23	200.00000	10.54414
23	400.00000	10.54414
23	600.00000	10.54414
23	800.00000	12.32664
23	1000.00000	12.32664
23	1200.00000	12.32664
23	1400.00000	12.32664
23	1600.00000	10.09150
23	1800.00000	10.09150
23	2000.00000	10.09150
23	2200.00000	10.09150
23	2400.00000	11.58879
23	2600.00000	11.58879
23	2800.00000	11.58879
23	3000.00000	11.58879
23	3200.00000	10.40136
23	3400.00000	10.40136
23	3600.00000	10.40136
23	3800.00000	10.40136
23	4000.00000	10.37136
23	4200.00000	10.37136
23	4400.00000	10.37136
23	4600.00000	10.37136
23	4800.00000	11.19852
23	5000.00000	11.19852
23	5200.00000	11.19852
23	5400.00000	9.58398
23	5600.00000	9.58398
23	5800.00000	9.58398
23	6000.00000	9.58398
23	6200.00000	9.68256
23	6400.00000	9.68256
23	6600.00000	9.68256
23	6800.00000	9.68256
23	7000.00000	8.98013
23	7200.00000	8.98013
23	7400.00000	8.98013
23	7600.00000	8.98013
23	7800.00000	9.94064
23	8000.00000	9.94064
23	8200.00000	9.94064
23	8400.00000	9.94064
23	8600.00000	9.83273
23	8800.00000	9.83273
23	9000.00000	9.83273
23	9200.00000	9.83273
23	9400.00000	10.46289
23	9600.00000	10.46289
23	9800.00000	10.46289
23	10000.00000	10.74912
23	10200.00000	10.74912
23	10400.00000	10.74912
23	10600.00000	10.74912
23	10800.00000	8.72222
23	11000.00000	8.72222
23	11200.00000	8.72222
23	11400.00000	8.72222
23	11600.00000	9.83491
23	11800.00000	9.83491
23	12000.00000	9.83491
23	12200.00000	9.83491
23	12400.00000	9.37200
23	12600.00000	9.37200
23	12800.00000	9.37200
23	13000.00000	9.37200
23	13200.00000	9.77976
23	13400.00000	9.77976
23	13600.00000	9.77976
23	13800.00000	9.77976
23	14000.00000	9.82366
23	14200.00000	9.82366
23	14400.00000	9.82366
23	14600.00000	9.67785
23	14800.00000	9.67785
23	15000.00000	9.67785
23	15200.00000	9.67785
23	15400.00000	8.85732
23	15600.00000	8.85732
23	15800.00000	8.85732
23	16000.00000	8.85732
23	16200.00000	8.40971
23	16400.00000	8.40971
23	16600.00000	8.40971
23	16800.00000	8.40971
23	17000.00000	7.70515
23	17200.00000	7.70515
23	17400.00000	7.70515
23	17600.00000	7.70515
23	17800.00000	8.86606
23	18000.00000	8.86606
23	18200.00000	8.86606
23	18400.00000	8.86606
23	18600.00000	8.92160
23	18800.00000	8.92160
23	19000.00000	8.92160
23	19200.00000	9.03725
23	19400.00000	9.03725
23	19600.00000	9.03725
23	19800.00000	9.03725
23	20000.00000	9.73963
24	0.00000	10.48040
24	200.00000	10.48040
24	400.00000	10.48040
24	600.00000	10.48040
24	800.00000	11.92229
24	1000.00000	11.92229
24	1200.00000	11.92229
24	1400.00000	11.92229
24	1600.00000	10.11140
24	1800.00000	10.11140
24	2000.00000	10.11140
24	2200.00000	10.11140
24	2400.00000	11.36007
24	2600.00000	11.36007
24	2800.00000	11.36007
24	3000.00000	11.36007
24	3200.00000	10.01516
24	3400.00000	10.01516
24	3600.00000	10.01516
24	3800.00000	10.01516
24	4000.00000	10.18802
24	4200.00000	10.18802
24	4400.00000	10.18802
24	4600.00000	10.18802
24	4800.00000	11.49662
24	5000.00000	11.49662
24	5200.00000	11.49662
24	5400.00000	9.65896
24	5600.00000	9.65896
24	5800.00000	9.65896
24	6000.00000	9.65896
24	6200.00000	9.69971
24	6400.00000	9.69971
24	6600.00000	9.69971
24	6800.00000	9.69971
24	7000.00000	9.19688
24	7200.00000	9.19688
24	7400.00000	9.19688
24	7600.00000	9.19688
24	7800.00000	9.48041
24	8000.00000	9.48041
24	8200.00000	9.48041
24	8400.00000	9.48041
24	8600.00000	9.45760
24	8800.00000	9.45760
24	9000.00000	9.45760
24	9200.00000	9.45760
24	9400.00000	10.45812
24	9600.00000	10.45812
24	9800.00000	10.45812
24	10000.00000	10.57835
24	10200.00000	10.57835
24	10400.00000	10.57835
24	10600.00000	10.57835
24	10800.00000	9.21608
24	11000.00000	9.21608
24	11200.00000	9.21608
24	11400.00000	9.21608
24	11600.00000	10.28121
24	11800.00000	10.28121
24	12000.00000	10.28121
24	12200.00000	10.28121
24	12400.00000	10.73756
24	12600.00000	10.73756
24	12800.00000	10.73756
24	13000.00000	10.73756
24	13200.00000	9.02987
24	13400.00000	9.02987
24	13600.00000	9.02987
24	13800.00000	9.02987
24	14000.00000	10.12052
24	14200.00000	10.12052
24	14400.00000	10.12052
24	14600.00000	10.40775
24	14800.00000	10.40775
24	15000.00000	10.40775
24	15200.00000	10.40775
24	15400.00000	9.63411
24	15600.00000	9.63411
24	15800.00000	9.63411
24	16000.00000	9.63411
24	16200.00000	8.73906
24	16400.00000	8.73906
24	16600.00000	8.73906
24	16800.00000	8.73906
24	17000.00000	7.57583
24	17200.00000	7.57583
24	17400.00000	7.57583
24	17600.00000	7.57583
24	17800.00000	8.68332
24	18000.00000	8.68332
24	18200.00000	8.68332
24	18400.00000	8.68332
24	18600.00000	8.67902
24	18800.00000	8.67902
24	19000.00000	8.67902
24	19200.00000	7.87111
24	19400.00000	7.87111
24	19600.00000	7.87111
24	19800.00000	7.87111
24	20000.00000	7.48816
25	0.00000	10.52853
25	200.00000	10.52853
25	400.00000	10.52853
25	600.00000	10.52853
25	800.00000	12.07690
25	1000.00000	12.07690
25	1200.00000	12.07690
25	1400.00000	12.07690
25	1600.00000	10.14199
25	1800.00000	10.14199
25	2000.00000	10.14199
25	2200.00000	10.14199
25	2400.00000	11.39914
25	2600.00000	11.39914
25	2800.00000	11.39914
25	3000.00000	11.39914
25	3200.00000	10.19391
25	3400.00000	10.19391
25	3600.00000	10.19391
25	3800.00000	10.19391
25	4000.00000	10.33278
25	4200.00000	10.33278
25	4400.00000	10.33278
25	4600.00000	10.33278
25	4800.00000	10.72229
25	5000.00000	10.72229
25	5200.00000	10.72229
25	5400.00000	9.83224
25	5600.00000	9.83224
25	5800.00000	9.83224
25	6000.00000	9.83224
25	6200.00000	10.06580
25	6400.00000	10.06580
25	6600.00000	10.06580
25	6800.00000	10.06580
25	7000.00000	8.76562
25	7200.00000	8.76562
25	7400.00000	8.76562
25	7600.00000	8.76562
25	7800.00000	9.82359
25	8000.00000	9.82359
25	8200.00000	9.82359
25	8400.00000	9.82359
25	8600.00000	9.72771
25	8800.00000	9.72771
25	9000.00000	9.72771
25	9200.00000	9.72771
25	9400.00000	10.24650
25	9600.00000	10.24650
25	9800.00000	10.24650
25	10000.00000	9.47269
25	10200.00000	9.47269
25	10400.00000	9.47269
25	10600.00000	9.47269
25	10800.00000	9.26985
25	11000.00000	9.26985
25	11200.00000	9.26985
25	11400.00000	9.26985
25	11600.00000	9.95614
25	11800.00000	9.95614
25	12000.00000	9.95614
25	12200.00000	9.95614
25	12400.00000	9.66727
25	12600.00000	9.66727
25	12800.00000	9.66727
25	13000.00000	9.66727
25	13200.00000	8.70692
25	13400.00000	8.70692
25	13600.00000	8.70692
25	13800.00000	8.70692
25	14000.00000	9.40632
25	14200.00000	9.40632
25	14400.00000	9.40632
25	14600.00000	9.68169
25	14800.00000	9.68169
25	15000.00000	9.68169
25	15200.00000	9.68169
25	15400.00000	9.87057
25	15600.00000	9.87057
25	15800.00000	9.87057
25	16000.00000	9.87057
25	16200.00000	8.57336
25	16400.00000	8.57336
25	16600.00000	8.57336
25	16800.00000	8.57336
25	17000.00000	7.63527
25	17200.00000	7.63527
25	17400.00000	7.63527
25	17600.00000	7.63527
25	17800.00000	8.72125
25	18000.00000	8.72125
25	18200.00000	8.72125
25	18400.00000	8.72125
25	18600.00000	9.94201
25	18800.00000	9.94201
25	19000.00000	9.94201
25	19200.00000	9.06012
25	19400.00000	9.06012
25	19600.00000	9.06012
25	19800.00000	9.06012
25	20000.00000	9.65462
26	0.00000	10.51319
26	200.00000	10.51319
26	400.00000	10.51319
26	600.00000	10.51319
26	800.00000	11.97405
26	1000.00000	11.97405
26	1200.00000	11.97405
26	1400.00000	11.97405
26	1600.00000	10.17881
26	1800.00000	10.17881
26	2000.00000	10.17881
26	2200.00000	10.17881
26	2400.00000	11.30186
26	2600.00000	11.30186
26	2800.00000	11.30186
26	3000.00000	11.30186
26	3200.00000	10.46456
26	3400.00000	10.46456
26	3600.00000	10.46456
26	3800.00000	10.46456
26	4000.00000	9.92287
26	4200.00000	9.92287
26	4400.00000	9.92287
26	4600.00000	9.92287
26	4800.00000	11.33587
26	5000.00000	11.33587
26	5200.00000	11.33587
26	5400.00000	9.71608
26	5600.00000	9.71608
26	5800.00000	9.71608
26	6000.00000	9.71608
26	6200.00000	9.94872
26	6400.00000	9.94872
26	6600.00000	9.94872
26	6800.00000	9.94872
26	7000.00000	8.93971
26	7200.00000	8.93971
26	7400.00000	8.93971
26	7600.00000	8.93971
26	7800.00000	10.01768
26	8000.00000	10.01768
26	8200.00000	10.01768
26	8400.00000	10.01768
26	8600.00000	9.44948
26	8800.00000	9.44948
26	9000.00000	9.44948
26	9200.00000	9.44948
26	9400.00000	10.70972
26	9600.00000	10.70972
26	9800.00000	10.70972
26	10000.00000	9.51138
26	10200.00000	9.51138
26	10400.00000	9.51138
26	10600.00000	9.51138
26	10800.00000	8.66544
26	11000.00000	8.66544
26	11200.00000	8.66544
26	11400.00000	8.66544
26	11600.00000	9.78501
26	11800.00000	9.78501
26	12000.00000	9.78501
26	12200.00000	9.78501
26	12400.00000	9.86988
26	12600.00000	9.86988
26	12800.00000	9.86988
26	13000.00000	9.86988
26	13200.00000	10.31921
26	13400.00000	10.31921
26	13600.00000	10.31921
26	13800.00000	10.31921
26	14000.00000	10.57762
26	14200.00000	10.57762
26	14400.00000	10.57762
26	14600.00000	8.81354
26	14800.00000	8.81354
26	15000.00000	8.81354
26	15200.00000	8.81354
26	15400.00000	9.02020
26	15600.00000	9.02020
26	15800.00000	9.02020
26	16000.00000	9.02020
26	16200.00000	9.16256
26	16400.00000	9.16256
26	16600.00000	9.16256
26	16800.00000	9.16256
26	17000.00000	8.45407
26	17200.00000	8.45407
26	17400.00000	8.45407
26	17600.00000	8.45407
26	17800.00000	7.80201
26	18000.00000	7.80201
26	18200.00000	7.80201
26	18400.00000	7.80201
26	18600.00000	8.24690
26	18800.00000	8.24690
26	19000.00000	8.24690
26	19200.00000	9.25637
26	19400.00000	9.25637
26	19600.00000	9.25637
26	19800.00000	9.25637
26	20000.00000	8.56186
27	0.00000	10.56565
27	200.00000	10.56565
27	400.00000	10.56565
27	600.00000	10.56565
27	800.00000	11.83655
27	1000.00000	11.83655
27	1200.00000	11.83655
27	1400.00000	11.83655
27	1600.00000	10.07708
27	1800.00000	10.07708
27	2000.00000	10.07708
27	2200.00000	10.07708
27	2400.00000	11.67328
27	2600.00000	11.67328
27	2800.00000	11.67328
27	3000.00000	11.67328
27	3200.00000	10.21224
27	3400.00000	10.21224
27	3600.00000	10.21224
27	3800.00000	10.21224
27	4000.00000	10.51037
27	4200.00000	10.51037
27	4400.00000	10.51037
27	4600.00000	10.51037
27	4800.00000	11.31884
27	5000.00000	11.31884
27	5200.00000	11.31884
27	5400.00000	9.53544
27	5600.00000	9.53544
27	5800.00000	9.53544
27	6000.00000	9.53544
27	6200.00000	9.96815
27	6400.00000	9.96815
27	6600.00000	9.96815
27	6800.00000	9.96815
27	7000.00000	8.76628
27	7200.00000	8.76628
27	7400.00000	8.76628
27	7600.00000	8.76628
27	7800.00000	10.09721
27	8000.00000	10.09721
27	8200.00000	10.09721
27	8400.00000	10.09721
27	8600.00000	9.82177
27	8800.00000	9.82177
27	9000.00000	9.82177
27	9200.00000	9.82177
27	9400.00000	9.59960
27	9600.00000	9.59960
27	9800.00000	9.59960
27	10000.00000	11.02356
27	10200.00000	11.02356
27	10400.00000	11.02356
27	10600.00000	11.02356
27	10800.00000	8.56413
27	11000.00000	8.56413
27	11200.00000	8.56413
27	11400.00000	8.56413
27	11600.00000	10.21507
27	11800.00000	10.21507
27	12000.00000	10.21507
27	12200.00000	10.21507
27	12400.00000	9.84290
27	12600.00000	9.84290
27	12800.00000	9.84290
27	13000.00000	9.84290
27	13200.00000	9.23173
27	13400.00000	9.23173
27	13600.00000	9.23173
27	13800.00000	9.23173
27	14000.00000	9.85008
27	14200.00000	9.85008
27	14400.00000	9.85008
27	14600.00000	11.40211
27	14800.00000	11.40211
27	15000.00000	11.40211
27	15200.00000	11.40211
27	15400.00000	9.04417
27	15600.00000	9.04417
27	15800.00000	9.04417
27	16000.00000	9.04417
27	16200.00000	8.09983
27	16400.00000	8.09983
27	16600.00000	8.09983
27	16800.00000	8.09983
27	17000.00000	9.08062
27	17200.00000	9.08062
27	17400.00000	9.08062
27	17600.00000	9.08062
27	17800.00000	7.73735
27	18000.00000	7.73735
27	18200.00000	7.73735
27	18400.00000	7.73735
27	18600.00000	7.97109
27	18800.00000	7.97109
27	19000.00000	7.97109
27	19200.00000	9.81265
27	19400.00000	9.81265
27	19600.00000	9.81265
27	19800.00000	9.81265
27	20000.00000	9.44728
28	0.00000	10.46984
28	200.00000	10.46984
28	400.00000	10.46984
28	600.00000	10.46984
28	800.00000	12.01244
28	1000.00000	12.01244
28	1200.00000	12.01244
28	1400.00000	12.01244
28	1600.00000	10.17256
28	1800.00000	10.17256
28	2000.00000	10.17256
28	2200.00000	10.17256
28	2400.00000	11.66411
28	2600.00000	11.66411
28	2800.00000	11.66411
28	3000.00000	11.66411
28	3200.00000	10.14183
28	3400.00000	10.14183
28	3600.00000	10.14183
28	3800.00000	10.14183
28	4000.00000	10.50390
28	4200.00000	10.50390
28	4400.00000	10.50390
28	4600.00000	10.50390
28	4800.00000	11.40690
28	5000.00000	11.40690
28	5200.00000	11.40690
28	5400.00000	9.47713
28	5600.00000	9.47713
28	5800.00000	9.47713
28	6000.00000	9.47713
28	6200.00000	9.99123
28	6400.00000	9.99123
28	6600.00000	9.99123
28	6800.00000	9.99123
28	7000.00000	9.29753
28	7200.00000	9.29753
28	7400.00000	9.29753
28	7600.00000	9.29753
28	7800.00000	9.48030
28	8000.00000	9.48030
28	8200.00000	9.48030
28	8400.00000	9.48030
28	8600.00000	9.98060
28	8800.00000	9.98060
28	9000.00000	9.98060
28	9200.00000	9.98060
28	9400.00000	10.15888
28	9600.00000	10.15888
28	9800.00000	10.15888
28	10000.00000	10.37452
28	10200.00000	10.37452
28	10400.00000	10.37452
28	10600.00000	10.37452
28	10800.00000	8.71334
28	11000.00000	8.71334
28	11200.00000	8.71334
28	11400.00000	8.71334
28	11600.00000	10.09034
28	11800.00000	10.09034
28	12000.00000	10.09034
28	12200.00000	10.09034
28	12400.00000	9.73177
28	12600.00000	9.73177
28	12800.00000	9.73177
28	13000.00000	9.73177
28	13200.00000	9.48116
28	13400.00000	9.48116
28	13600.00000	9.48116
28	13800.00000	9.48116
28	14000.00000	9.13664
28	14200.00000	9.13664
28	14400.00000	9.13664
28	14600.00000	8.27797
28	14800.00000	8.27797
28	15000.00000	8.27797
28	15200.00000	8.27797
28	15400.00000	9.72837
28	15600.00000	9.72837
28	15800.00000	9.72837
28	16000.00000	9.72837
28	16200.00000	9.57337
28	16400.00000	9.57337
28	16600.00000	9.57337
28	16800.00000	9.57337
28	17000.00000	7.92613
28	17200.00000	7.92613
28	17400.00000	7.92613
28	17600.00000	7.92613
28	17800.00000	7.51704
28	18000.00000	7.51704
28	18200.00000	7.51704
28	18400.00000	7.51704
28	18600.00000	7.97584
28	18800.00000	7.97584
28	19000.00000	7.97584
28	19200.00000	8.29418
28	19400.00000	8.29418
28	19600.00000	8.29418
28	19800.00000	8.29418
28	20000.00000	9.74636
29	0.00000	10.55366
29	200.00000	10.55366
29	400.00000	10.55366
29	600.00000	10.55366
29	800.00000	12.46872
29	1000.00000	12.46872
29	1200.00000	12.46872
29	1400.00000	12.46872
29	1600.00000	10.05597
29	1800.00000	10.05597
29	2000.00000	10.05597
29	2200.00000	10.05597
29	2400.00000	11.39685
29	2600.00000	11.39685
29	2800.00000	11.39685
29	3000.00000	11.39685
29	3200.00000	10.48250
29	3400.00000	10.48250
29	3600.00000	10.48250
29	3800.00000	10.48250
29	4000.00000	10.18186
29	4200.00000	10.18186
29	4400.00000	10.18186
29	4600.00000	10.18186
29	4800.00000	11.04085
29	5000.00000	11.04085
29	5200.00000	11.04085
29	5400.00000	9.66525
29	5600.00000	9.66525
29	5800.00000	9.66525
29	6000.00000	9.66525
29	6200.00000	9.76574
29	6400.00000	9.76574
29	6600.00000	9.76574
29	6800.00000	9.76574
29	7000.00000	8.93596
29	7200.00000	8.93596
29	7400.00000	8.93596
29	7600.00000	8.93596
29	7800.00000	10.59154
29	8000.00000	10.59154
29	8200.00000	10.59154
29	8400.00000	10.59154
29	8600.00000	9.25711
29	8800.00000	9.25711
29	9000.00000	9.25711
29	9200.00000	9.25711
29	9400.00000	10.78886
29	9600.00000	10.78886
29	9800.00000	10.78886
29	10000.00000	10.83952
29	10200.00000	10.83952
29	10400.00000	10.83952
29	10600.00000	10.83952
29	10800.00000	8.69799
29	11000.00000	8.69799
29	11200.00000	8.69799
29	11400.00000	8.69799
29	11600.00000	9.64882
29	11800.00000	9.64882
29	12000.00000	9.64882
29	12200.00000	9.64882
29	12400.00000	11.67144
29	12600.00000	11.67144
29	12800.00000	11.67144
29	13000.00000	11.67144
29	13200.00000	10.07901
29	13400.00000	10.07901
29	13600.00000	10.07901
29	13800.00000	10.07901
29	14000.00000	9.38700
29	14200.00000	9.38700
29	14400.00000	9.38700
29	14600.00000	8.46979
29	14800.00000	8.46979
29	15000.00000	8.46979
29	15200.00000	8.46979
29	15400.00000	8.61888
29	15600.00000	8.61888
29	15800.00000	8.61888
29	16000.00000	8.61888
29	16200.00000	9.62151
29	16400.00000	9.62151
29	16600.00000	9.62151
29	16800.00000	9.62151
29	17000.00000	8.51672
29	17200.00000	8.51672
29	17400.00000	8.51672
29	17600.00000	8.51672
29	17800.00000	7.72397
29	18000.00000	7.72397
29	18200.00000	7.72397
29	18400.00000	7.72397
29	18600.00000	8.36976
29	18800.00000	8.36976
29	19000.00000	8.36976
29	19200.00000	9.12602
29	19400.00000	9.12602
29	19600.00000	9.12602
29	19800.00000	9.12602
29	20000.00000	9.06638
30	0.00000	10.47687
30	200.00000	10.47687
30	400.00000	10.47687
30	600.00000	10.47687
30	800.00000	12.06902
30	1000.00000	12.06902
30	1200.00000	12.06902
30	1400.00000	12.06902
30	1600.00000	10.07429
30	1800.00000	10.07429
30	2000.00000	10.07429
30	2200.00000	10.07429
30	2400.00000	11.96550
30	2600.00000	11.96550
30	2800.00000	11.96550
30	3000.00000	11.96550
30	3200.00000	10.12172
30	3400.00000	10.12172
30	3600.00000	10.12172
30	3800.00000	10.12172
30	4000.00000	10.27603
30	4200.00000	10.27603
30	4400.00000	10.27603
30	4600.00000	10.27603
30	4800.00000	12.61619
30	5000.00000	12.61619
30	5200.00000	12.61619
30	5400.00000	9.65406
30	5600.00000	9.65406
30	5800.00000	9.65406
30	6000.00000	9.65406
30	6200.00000	9.52721
30	6400.00000	9.52721
30	6600.00000	9.52721
30	6800.00000	9.52721
30	7000.00000	9.23044
30	7200.00000	9.23044
30	7400.00000	9.23044
30	7600.00000	9.23044
30	7800.00000	10.37149
30	8000.00000	10.37149
30	8200.00000	10.37149
30	8400.00000	10.37149
30	8600.00000	9.00722
30	8800.00000	9.00722
30	9000.00000	9.00722
30	9200.00000	9.00722
30	9400.00000	10.08665
30	9600.00000	10.08665
30	9800.00000	10.08665
30	10000.00000	11.25093
30	10200.00000	11.25093
30	10400.00000	11.25093
30	10600.00000	11.25093
30	10800.00000	8.51494
30	11000.00000	8.51494
30	11200.00000	8.51494
30	11400.00000	8.51494
30	11600.00000	9.94977
30	11800.00000	9.94977
30	12000.00000	9.94977
30	12200.00000	9.94977
30	12400.00000	9.37598
30	12600.00000	9.37598
30	12800.00000	9.37598
30	13000.00000	9.37598
30	13200.00000	9.80818
30	13400.00000	9.80818
30	13600.00000	9.80818
30	13800.00000	9.80818
30	14000.00000	9.99597
30	14200.00000	9.99597
30	14400.00000	9.99597
30	14600.00000	8.50527
30	14800.00000	8.50527
30	15000.00000	8.50527
30	15200.00000	8.50527
30	15400.00000	9.77780
30	15600.00000	9.77780
30	15800.00000	9.77780
30	16000.00000	9.77780
30	16200.00000	10.46415
30	16400.00000	10.46415
30	16600.00000	10.46415
30	16800.00000	10.46415
30	17000.00000	9.03896
30	17200.00000	9.03896
30	17400.00000	9.03896
30	17600.00000	9.03896
30	17800.00000	7.85866
30	18000.00000	7.85866
30	18200.00000	7.85866
30	18400.00000	7.85866
30	18600.00000	9.29976
30	18800.00000	9.29976
30	19000.00000	9.29976
30	19200.00000	8.70035
30	19400.00000	8.70035
30	19600.00000	8.70035
30	19800.00000	8.70035
30	20000.00000	8.82640
31	0.00000	10.48975
31	200.00000	10.48975
31	400.00000	10.48975
31	600.00000	10.48975
31	800.00000	12.34607
31	1000.00000	12.34607
31	1200.00000	12.34607
31	1400.00000	12.34607
31	1600.00000	10.15809
31	1800.00000	10.15809
31	2000.00000	10.15809
31	2200.00000	10.15809
31	2400.00000	11.08739
31	2600.00000	11.08739
31	2800.00000	11.08739
31	3000.00000	11.08739
31	3200.00000	10.66749
31	3400.00000	10.66749
31	3600.00000	10.66749
31	3800.00000	10.66749
31	4000.00000	10.16230
31	4200.00000	10.16230
31	4400.00000	10.16230
31	4600.00000	10.16230
31	4800.00000	10.67175
31	5000.00000	10.67175
31	5200.00000	10.67175
31	5400.00000	9.61601
31	5600.00000	9.61601
31	5800.00000	9.61601
31	6000.00000	9.61601
31	6200.00000	9.65822
31	6400.00000	9.65822
31	6600.00000	9.65822
31	6800.00000	9.65822
31	7000.00000	9.86206
31	7200.00000	9.86206
31	7400.00000	9.86206
31	7600.00000	9.86206
31	7800.00000	9.50805
31	8000.00000	9.50805
31	8200.00000	9.50805
31	8400.00000	9.50805
31	8600.00000	9.52281
31	8800.00000	9.52281
31	9000.00000	9.52281
31	9200.00000	9.52281
31	9400.00000	11.02203
31	9600.00000	11.02203
31	9800.00000	11.02203
31	10000.00000	10.94473
31	10200.00000	10.94473
31	10400.00000	10.94473
31	10600.00000	10.94473
31	10800.00000	8.76854
31	11000.00000	8.76854
31	11200.00000	8.76854
31	11400.00000	8.76854
31	11600.00000	9.88697
31	11800.00000	9.88697
31	12000.00000	9.88697
31	12200.00000	9.88697
31	12400.00000	9.89480
31	12600.00000	9.89480
31	12800.00000	9.89480
31	13000.00000	9.89480
31	13200.00000	9.31344
31	13400.00000	9.31344
31	13600.00000	9.31344
31	13800.00000	9.31344
31	14000.00000	9.80143
31	14200.00000	9.80143
31	14400.00000	9.80143
31	14600.00000	9.51629
31	14800.00000	9.51629
31	15000.00000	9.51629
31	15200.00000	9.51629
31	15400.00000	8.14893
31	15600.00000	8.14893
31	15800.00000	8.14893
31	16000.00000	8.14893
31	16200.00000	8.72261
31	16400.00000	8.72261
31	16600.00000	8.72261
31	16800.00000	8.72261
31	17000.00000	9.46990
31	17200.00000	9.46990
31	17400.00000	9.46990
31	17600.00000	9.46990
31	17800.00000	8.30527
31	18000.00000	8.30527
31	18200.00000	8.30527
31	18400.00000	8.30527
31	18600.00000	8.15143
31	18800.00000	8.15143
31	19000.00000	8.15143
31	19200.00000	9.45090
31	19400.00000	9.45090
31	19600.00000	9.45090
31	19800.00000	9.45090
31	20000.00000	9.09078
32	0.00000	10.48893
32	200.00000	10.48893
32	400.00000	10.48893
32	600.00000	10.48893
32	800.00000	11.83414
32	1000.00000	11.83414
32	1200.00000	11.83414
32	1400.00000	11.83414
32	1600.00000	10.17757
32	1800.00000	10.17757
32	2000.00000	10.17757
32	2200.00000	10.17757
32	2400.00000	11.35123
32	2600.00000	11.35123
32	2800.00000	11.35123
32	3000.00000	11.35123
32	3200.00000	10.50818
32	3400.00000	10.50818
32	3600.00000	10.50818
32	3800.00000	10.50818
32	4000.00000	10.04260
32	4200.00000	10.04260
32	4400.00000	10.04260
32	4600.00000	10.04260
32	4800.00000	11.67320
32	5000.00000	11.67320
32	5200.00000	11.67320
32	5400.00000	9.29094
32	5600.00000	9.29094
32	5800.00000	9.29094
32	6000.00000	9.29094
32	6200.00000	9.94224
32	6400.00000	9.94224
32	6600.00000	9.94224
32	6800.00000	9.94224
32	7000.00000	9.02683
32	7200.00000	9.02683
32	7400.00000	9.02683
32	7600.00000	9.02683
32	7800.00000	10.22167
32	8000.00000	10.22167
32	8200.00000	10.22167
32	8400.00000	10.22167
32	8600.00000	9.46515
32	8800.00000	9.46515
32	9000.00000	9.46515
32	9200.00000	9.46515
32	9400.00000	10.68339
32	9600.00000	10.68339
32	9800.00000	10.68339
32	10000.00000	9.94939
32	10200.00000	9.94939
32	10400.00000	9.94939
32	10600.00000	9.94939
32	10800.00000	8.87957
32	11000.00000	8.87957
32	11200.00000	8.87957
32	11400.00000	8.87957
32	11600.00000	9.79003
32	11800.00000	9.79003
32	12000.00000	9.79003
32	12200.00000	9.79003
32	12400.00000	9.59471
32	12600.00000	9.59471
32	12800.00000	9.59471
32	13000.00000	9.59471
32	13200.00000	9.12776
32	13400.00000	9.12776
32	13600.00000	9.12776
32	13800.00000	9.12776
32	14000.00000	9.06780
32	14200.00000	9.06780
32	14400.00000	9.06780
32	14600.00000	9.53583
32	14800.00000	9.53583
32	15000.00000	9.53583
32	15200.00000	9.53583
32	15400.00000	8.31396
32	15600.00000	8.31396
32	15800.00000	8.31396
32	16000.00000	8.31396
32	16200.00000	9.54637
32	16400.00000	9.54637
32	16600.00000	9.54637
32	16800.00000	9.54637
32	17000.00000	9.10844
32	17200.00000	9.10844
32	17400.00000	9.10844
32	17600.00000	9.10844
32	17800.00000	9.10324
32	18000.00000	9.10324
32	18200.00000	9.10324
32	18400.00000	9.10324
32	18600.00000	8.46437
32	18800.00000	8.46437
32	19000.00000	8.46437
32	19200.00000	7.84384
32	19400.00000	7.84384
32	19600.00000	7.84384
32	19800.00000	7.84384
32	20000.00000	8.75297
33	0.00000	10.49894
33	200.00000	10.49894
33	400.00000	10.49894
33	600.00000	10.49894
33	800.00000	12.07755
33	1000.00000	12.07755
33	1200.00000	12.07755
33	1400.00000	12.07755
33	1600.00000	10.06898
33	1800.00000	10.06898
33	2000.00000	10.06898
33	2200.00000	10.06898
33	2400.00000	11.99157
33	2600.00000	11.99157
33	2800.00000	11.99157
33	3000.00000	11.99157
33	3200.00000	10.03781
33	3400.00000	10.03781
33	3600.00000	10.03781
33	3800.00000	10.03781
33	4000.00000	10.67899
33	4200.00000	10.67899
33	4400.00000	10.67899
33	4600.00000	10.67899
33	4800.00000	10.72486
33	5000.00000	10.72486
33	5200.00000	10.72486
33	5400.00000	9.89854
33	5600.00000	9.89854
33	5800.00000	9.89854
33	6000.00000	9.89854
33	6200.00000	9.44274
33	6400.00000	9.44274
33	6600.00000	9.44274
33	6800.00000	9.44274
33	7000.00000	9.10322
33	7200.00000	9.10322
33	7400.00000	9.10322
33	7600.00000	9.10322
33	7800.00000	10.59351
33	8000.00000	10.59351
33	8200.00000	10.59351
33	8400.00000	10.59351
33	8600.00000	9.35376
33	8800.00000	9.35376
33	9000.00000	9.35376
33	9200.00000	9.35376
33	9400.00000	10.15858
33	9600.00000	10.15858
33	9800.00000	10.15858
33	10000.00000	10.28565
33	10200.00000	10.28565
33	10400.00000	10.28565
33	10600.00000	10.28565
33	10800.00000	9.26508
33	11000.00000	9.26508
33	11200.00000	9.26508
33	11400.00000	9.26508
33	11600.00000	9.38489
33	11800.00000	9.38489
33	12000.00000	9.38489
33	12200.00000	9.38489
33	12400.00000	9.76562
33	12600.00000	9.76562
33	12800.00000	9.76562
33	13000.00000	9.76562
33	13200.00000	10.39439
33	13400.00000	10.39439
33	13600.00000	10.39439
33	13800.00000	10.39439
33	14000.00000	8.88088
33	14200.00000	8.88088
33	14400.00000	8.88088
33	14600.00000	9.48727
33	14800.00000	9.48727
33	15000.00000	9.48727
33	15200.00000	9.48727
33	15400.00000	8.99487
33	15600.00000	8.99487
33	15800.00000	8.99487
33	16000.00000	8.99487
33	16200.00000	8.56607
33	16400.00000	8.56607
33	16600.00000	8.56607
33	16800.00000	8.56607
33	17000.00000	9.10677
33	17200.00000	9.10677
33	17400.00000	9.10677
33	17600.00000	9.10677
33	17800.00000	9.15909
33	18000.00000	9.15909
33	18200.00000	9.15909
33	18400.00000	9.15909
33	18600.00000	8.53570
33	18800.00000	8.53570
33	19000.00000	8.53570
33	19200.00000	8.46526
33	19400.00000	8.46526
33	19600.00000	8.46526
33	19800.00000	8.46526
33	20000.00000	8.30129
34	0.00000	10.48925
34	200.00000	10.48925
34	400.00000	10.48925
34	600.00000	10.48925
34	800.00000	11.61418
34	1000.00000	11.61418
34	1200.00000	11.61418
34	1400.00000	11.61418
34	1600.00000	10.21695
34	1800.00000	10.21695
34	2000.00000	10.21695
34	2200.00000	10.21695
34	2400.00000	11.65763
34	2600.00000	11.65763
34	2800.00000	11.65763
34	3000.00000	11.65763
34	3200.00000	10.08547
34	3400.00000	10.08547
34	3600.00000	10.08547
34	3800.00000	10.08547
34	4000.00000	10.85634
34	4200.00000	10.85634
34	4400.00000	10.85634
34	4600.00000	10.85634
34	4800.00000	11.25927
34	5000.00000	11.25927
34	5200.00000	11.25927
34	5400.00000	9.57413
34	5600.00000	9.57413
34	5800.00000	9.57413
34	6000.00000	9.57413
34	6200.00000	9.68515
34	6400.00000	9.68515
34	6600.00000	9.68515
34	6800.00000	9.68515
34	7000.00000	9.28490
34	7200.00000	9.28490
34	7400.00000	9.28490
34	7600.00000	9.28490
34	7800.00000	10.17653
34	8000.00000	10.17653
34	8200.00000	10.17653
34	8400.00000	10.17653
34	8600.00000	9.52189
34	8800.00000	9.52189
34	9000.00000	9.52189
34	9200.00000	9.52189
34	9400.00000	11.72537
34	9600.00000	11.72537
34	9800.00000	11.72537
34	10000.00000	11.66740
34	10200.00000	11.66740
34	10400.00000	11.66740
34	10600.00000	11.66740
34	10800.00000	8.55114
34	11000.00000	8.55114
34	11200.00000	8.55114
34	11400.00000	8.55114
34	11600.00000	10.14886
34	11800.00000	10.14886
34	12000.00000	10.14886
34	12200.00000	10.14886
34	12400.00000	10.17412
34	12600.00000	10.17412
34	12800.00000	10.17412
34	13000.00000	10.17412
34	13200.00000	9.15899
34	13400.00000	9.15899
34	13600.00000	9.15899
34	13800.00000	9.15899
34	14000.00000	9.44968
34	14200.00000	9.44968
34	14400.00000	9.44968
34	14600.00000	9.06916
34	14800.00000	9.06916
34	15000.00000	9.06916
34	15200.00000	9.06916
34	15400.00000	9.09575
34	15600.00000	9.09575
34	15800.00000	9.09575
34	16000.00000	9.09575
34	16200.00000	8.08227
34	16400.00000	8.08227
34	16600.00000	8.08227
34	16800.00000	8.08227
34	17000.00000	8.82352
34	17200.00000	8.82352
34	17400.00000	8.82352
34	17600.00000	8.82352
34	17800.00000	9.25568
34	18000.00000	9.25568
34	18200.00000	9.25568
34	18400.00000	9.25568
34	18600.00000	8.16945
34	18800.00000	8.16945
34	19000.00000	8.16945
34	19200.00000	8.61565
34	19400.00000	8.61565
34	19600.00000	8.61565
34	19800.00000	8.61565
34	20000.00000	8.56136
35	0.00000	10.55549
35	200.00000	10.55549
35	400.00000	10.55549
35	600.00000	10.55549
35	800.00000	12.84652
35	1000.00000	12.84652
35	1200.00000	12.84652
35	1400.00000	12.84652
35	1600.00000	10.15080
35	1800.00000	10.15080
35	2000.00000	10.15080
35	2200.00000	10.15080
35	2400.00000	11.30216
35	2600.00000	11.30216
35	2800.00000	11.30216
35	3000.00000	11.30216
35	3200.00000	10.16200
35	3400.00000	10.16200
35	3600.00000	10.16200
35	3800.00000	10.16200
35	4000.00000	10.22735
35	4200.00000	10.22735
35	4400.00000	10.22735
35	4600.00000	10.22735
35	4800.00000	11.80356
35	5000.00000	11.80356
35	5200.00000	11.80356
35	5400.00000	9.29080
35	5600.00000	9.29080
35	5800.00000	9.29080
35	6000.00000	9.29080
35	6200.00000	9.87358
35	6400.00000	9.87358
35	6600.00000	9.87358
35	6800.00000	9.87358
35	7000.00000	9.17835
35	7200.00000	9.17835
35	7400.00000	9.17835
35	7600.00000	9.17835
35	7800.00000	10.67732
35	8000.00000	10.67732
35	8200.00000	10.67732
35	8400.00000	10.67732
35	8600.00000	9.99850
35	8800.00000	9.99850
35	9000.00000	9.99850
35	9200.00000	9.99850
35	9400.00000	9.79508
35	9600.00000	9.79508
35	9800.00000	9.79508
35	10000.00000	10.61508
35	10200.00000	10.61508
35	10400.00000	10.61508
35	10600.00000	10.61508
35	10800.00000	8.56439
35	11000.00000	8.56439
35	11200.00000	8.56439
35	11400.00000	8.56439
35	11600.00000	10.52577
35	11800.00000	10.52577
35	12000.00000	10.52577
35	12200.00000	10.52577
35	12400.00000	9.43271
35	12600.00000	9.43271
35	12800.00000	9.43271
35	13000.00000	9.43271
35	13200.00000	9.89372
35	13400.00000	9.89372
35	13600.00000	9.89372
35	13800.00000	9.89372
35	14000.00000	8.56547
35	14200.00000	8.56547
35	14400.00000	8.56547
35	14600.00000	10.39737
35	14800.00000	10.39737
35	15000.00000	10.39737
35	15200.00000	10.39737
35	15400.00000	9.55223
35	15600.00000	9.55223
35	15800.00000	9.55223
35	16000.00000	9.55223
35	16200.00000	8.09003
35	16400.00000	8.09003
35	16600.00000	8.09003
35	16800.00000	8.09003
35	17000.00000	10.16047
35	17200.00000	10.16047
35	17400.00000	10.16047
35	17600.00000	10.16047
35	17800.00000	10.07042
35	18000.00000	10.07042
35	18200.00000	10.07042
35	18400.00000	10.07042
35	18600.00000	7.30561
35	18800.00000	7.30561
35	19000.00000	7.30561
35	19200.00000	9.83103
35	19400.00000	9.83103
35	19600.00000	9.83103
35	19800.00000	9.83103
35	20000.00000	8.93398
36	0.00000	10.49879
36	200.00000	10.49879
36	400.00000	10.49879
36	600.00000	10.49879
36	800.00000	12.47269
36	1000.00000	12.47269
36	1200.00000	12.47269
36	1400.00000	12.47269
36	1600.00000	10.06419
36	1800.00000	10.06419
36	2000.00000	10.06419
36	2200.00000	10.06419
36	2400.00000	11.63171
36	2600.00000	11.63171
36	2800.00000	11.63171
36	3000.00000	11.63171
36	3200.00000	9.95259
36	3400.00000	9.95259
36	3600.00000	9.95259
36	3800.00000	9.95259
36	4000.00000	11.14348
36	4200.00000	11.14348
36	4400.00000	11.14348
36	4600.00000	11.14348
36	4800.00000	10.83900
36	5000.00000	10.83900
36	5200.00000	10.83900
36	5400.00000	9.61248
36	5600.00000	9.61248
36	5800.00000	9.61248
36	6000.00000	9.61248
36	6200.00000	10.62153
36	6400.00000	10.62153
36	6600.00000	10.62153
36	6800.00000	10.62153
36	7000.00000	8.69049
36	7200.00000	8.69049
36	7400.00000	8.69049
36	7600.00000	8.69049
36	7800.00000	10.61940
36	8000.00000	10.61940
36	8200.00000	10.61940
36	8400.00000	10.61940
36	8600.00000	10.27365
36	8800.00000	10.27365
36	9000.00000	10.27365
36	9200.00000	10.27365
36	9400.00000	10.07363
36	9600.00000	10.07363
36	9800.00000	10.07363
36	10000.00000	9.97731
36	10200.00000	9.97731
36	10400.00000	9.97731
36	10600.00000	9.97731
36	10800.00000	8.22124
36	11000.00000	8.22124
36	11200.00000	8.22124
36	11400.00000	8.22124
36	11600.00000	10.83121
36	11800.00000	10.83121
36	12000.00000	10.83121
36	12200.00000	10.83121
36	12400.00000	10.33900
36	12600.00000	10.33900
36	12800.00000	10.33900
36	13000.00000	10.33900
36	13200.00000	9.62144
36	13400.00000	9.62144
36	13600.00000	9.62144
36	13800.00000	9.62144
36	14000.00000	9.87208
36	14200.00000	9.87208
36	14400.00000	9.87208
36	14600.00000	8.59541
36	14800.00000	8.59541
36	15000.00000	8.59541
36	15200.00000	8.59541
36	15400.00000	7.87027
36	15600.00000	7.87027
36	15800.00000	7.87027
36	16000.00000	7.87027
36	16200.00000	9.51496
36	16400.00000	9.51496
36	16600.00000	9.51496
36	16800.00000	9.51496
36	17000.00000	10.27641
36	17200.00000	10.27641
36	17400.00000	10.27641
36	17600.00000	10.27641
36	17800.00000	8.51375
36	18000.00000	8.51375
36	18200.00000	8.51375
36	18400.00000	8.51375
36	18600.00000	7.56828
36	18800.00000	7.56828
36	19000.00000	7.56828
36	19200.00000	8.32627
36	19400.00000	8.32627
36	19600.00000	8.32627
36	19800.00000	8.32627
36	20000.00000	9.15166
37	0.00000	10.50626
37	200.00000	10.50626
37	400.00000	10.50626
37	600.00000	10.50626
37	800.00000	11.89322
37	1000.00000	11.89322
37	1200.00000	11.89322
37	1400.00000	11.89322
37	1600.00000	10.11310
37	1800.00000	10.11310
37	2000.00000	10.11310
37	2200.00000	10.11310
37	2400.00000	11.80000
37	2600.00000	11.80000
37	2800.00000	11.80000
37	3000.00000	11.80000
37	3200.00000	9.89525
37	3400.00000	9.89525
37	3600.00000	9.89525
37	3800.00000	9.89525
37	4000.00000	10.94005
37	4200.00000	10.94005
37	4400.00000	10.94005
37	4600.00000	10.94005
37	4800.00000	10.62724
37	5000.00000	10.62724
37	5200.00000	10.62724
37	5400.00000	9.42959
37	5600.00000	9.42959
37	5800.00000	9.42959
37	6000.00000	9.42959
37	6200.00000	10.08517
37	6400.00000	10.08517
37	6600.00000	10.08517
37	6800.00000	10.08517
37	7000.00000	9.33893
37	7200.00000	9.33893
37	7400.00000	9.33893
37	7600.00000	9.33893
37	7800.00000	10.07927
37	8000.00000	10.07927
37	8200.00000	10.07927
37	8400.00000	10.07927
37	8600.00000	9.08198
37	8800.00000	9.08198
37	9000.00000	9.08198
37	9200.00000	9.08198
37	9400.00000	10.25171
37	9600.00000	10.25171
37	9800.00000	10.25171
37	10000.00000	10.66314
37	10200.00000	10.66314
37	10400.00000	10.66314
37	10600.00000	10.66314
37	10800.00000	8.28301
37	11000.00000	8.28301
37	11200.00000	8.28301
37	11400.00000	8.28301
37	11600.00000	11.07207
37	11800.00000	11.07207
37	12000.00000	11.07207
37	12200.00000	11.07207
37	12400.00000	10.06324
37	12600.00000	10.06324
37	12800.00000	10.06324
37	13000.00000	10.06324
37	13200.00000	9.73756
37	13400.00000	9.73756
37	13600.00000	9.73756
37	13800.00000	9.73756
37	14000.00000	9.60368
37	14200.00000	9.60368
37	14400.00000	9.60368
37	14600.00000	9.05116
37	14800.00000	9.05116
37	15000.00000	9.05116
37	15200.00000	9.05116
37	15400.00000	7.99151
37	15600.00000	7.99151
37	15800.00000	7.99151
37	16000.00000	7.99151
37	16200.00000	9.18047
37	16400.00000	9.18047
37	16600.00000	9.18047
37	16800.00000	9.18047
37	17000.00000	9.73900
37	17200.00000	9.73900
37	17400.00000	9.73900
37	17600.00000	9.73900
37	17800.00000	7.63401
37	18000.00000	7.63401
37	18200.00000	7.63401
37	18400.00000	7.63401
37	18600.00000	8.13321
37	18800.00000	8.13321
37	19000.00000	8.13321
37	19200.00000	8.29559
37	19400.00000	8.29559
37	19600.00000	8.29559
37	19800.00000	8.29559
37	20000.00000	7.89315
38	0.00000	10.49349
38	200.00000	10.49349
38	400.00000	10.49349
38	600.00000	10.49349
38	800.00000	12.40323
38	1000.00000	12.40323
38	1200.00000	12.40323
38	1400.00000	12.40323
38	1600.00000	9.98173
38	1800.00000	9.98173
38	2000.00000	9.98173
38	2200.00000	9.98173
38	2400.00000	11.54104
38	2600.00000	11.54104
38	2800.00000	11.54104
38	3000.00000	11.54104
38	3200.00000	10.12376
38	3400.00000	10.12376
38	3600.00000	10.12376
38	3800.00000	10.12376
38	4000.00000	10.26457
38	4200.00000	10.26457
38	4400.00000	10.26457
38	4600.00000	10.26457
38	4800.00000	12.08924
38	5000.00000	12.08924
38	5200.00000	12.08924
38	5400.00000	9.35271
38	5600.00000	9.35271
38	5800.00000	9.35271
38	6000.00000	9.35271
38	6200.00000	10.11666
38	6400.00000	10.11666
38	6600.00000	10.11666
38	6800.00000	10.11666
38	7000.00000	9.05322
38	7200.00000	9.05322
38	7400.00000	9.05322
38	7600.00000	9.05322
38	7800.00000	9.24754
38	8000.00000	9.24754
38	8200.00000	9.24754
38	8400.00000	9.24754
38	8600.00000	9.99959
38	8800.00000	9.99959
38	9000.00000	9.99959
38	9200.00000	9.99959
38	9400.00000	9.69872
38	9600.00000	9.69872
38	9800.00000	9.69872
38	10000.00000	11.54569
38	10200.00000	11.54569
38	10400.00000	11.54569
38	10600.00000	11.54569
38	10800.00000	8.84224
38	11000.00000	8.84224
38	11200.00000	8.84224
38	11400.00000	8.84224
38	11600.00000	9.91291
38	11800.00000	9.91291
38	12000.00000	9.91291
38	12200.00000	9.91291
38	12400.00000	11.29299
38	12600.00000	11.29299
38	12800.00000	11.29299
38	13000.00000	11.29299
38	13200.00000	9.82482
38	13400.00000	9.82482
38	13600.00000	9.82482
38	13800.00000	9.82482
38	14000.00000	8.91131
38	14200.00000	8.91131
38	14400.00000	8.91131
38	14600.00000	9.97093
38	14800.00000	9.97093
38	15000.00000	9.97093
38	15200.00000	9.97093
38	15400.00000	9.13207
38	15600.00000	9.13207
38	15800.00000	9.13207
38	16000.00000	9.13207
38	16200.00000	9.29356
38	16400.00000	9.29356
38	16600.00000	9.29356
38	16800.00000	9.29356
38	17000.00000	9.85751
38	17200.00000	9.85751
38	17400.00000	9.85751
38	17600.00000	9.85751
38	17800.00000	9.64041
38	18000.00000	9.64041
38	18200.00000	9.64041
38	18400.00000	9.64041
38	18600.00000	7.66094
38	18800.00000	7.66094
38	19000.00000	7.66094
38	19200.00000	9.59495
38	19400.00000	9.59495
38	19600.00000	9.59495
38	19800.00000	9.59495
38	20000.00000	8.82208
39	0.00000	10.60559
39	200.00000	10.60559
39	400.00000	10.60559
39	600.00000	10.60559
39	800.00000	11.73620
39	1000.00000	11.73620
39	1200.00000	11.73620
39	1400.00000	11.73620
39	1600.00000	10.16095
39	1800.00000	10.16095
39	2000.00000	10.16095
39	2200.00000	10.16095
39	2400.00000	11.22619
39	2600.00000	11.22619
39	2800.00000	11.22619
39	3000.00000	11.22619
39	3200.00000	10.11151
39	3400.00000	10.11151
39	3600.00000	10.11151
39	3800.00000	10.11151
39	4000.00000	10.62754
39	4200.00000	10.62754
39	4400.00000	10.62754
39	4600.00000	10.62754
39	4800.00000	10.38718
39	5000.00000	10.38718
39	5200.00000	10.38718
39	5400.00000	9.82659
39	5600.00000	9.82659
39	5800.00000	9.82659
39	6000.00000	9.82659
39	6200.00000	9.51643
39	6400.00000	9.51643
39	6600.00000	9.51643
39	6800.00000	9.51643
39	7000.00000	9.32593
39	7200.00000	9.32593
39	7400.00000	9.32593
39	7600.00000	9.32593
39	7800.00000	9.68537
39	8000.00000	9.68537
39	8200.00000	9.68537
39	8400.00000	9.68537
39	8600.00000	9.47799
39	8800.00000	9.47799
39	9000.00000	9.47799
39	9200.00000	9.47799
39	9400.00000	9.95778
39	9600.00000	9.95778
39	9800.00000	9.95778
39	10000.00000	9.29605
39	10200.00000	9.29605
39	10400.00000	9.29605
39	10600.00000	9.29605
39	10800.00000	9.14898
39	11000.00000	9.14898
39	11200.00000	9.14898
39	11400.00000	9.14898
39	11600.00000	10.43831
39	11800.00000	10.43831
39	12000.00000	10.43831
39	12200.00000	10.43831
39	12400.00000	10.03210
39	12600.00000	10.03210
39	12800.00000	10.03210
39	13000.00000	10.03210
39	13200.00000	9.61387
39	13400.00000	9.61387
39	13600.00000	9.61387
39	13800.00000	9.61387
39	14000.00000	9.03894
39	14200.00000	9.03894
39	14400.00000	9.03894
39	14600.00000	9.30194
39	14800.00000	9.30194
39	15000.00000	9.30194
39	15200.00000	9.30194
39	15400.00000	8.63157
39	15600.00000	8.63157
39	15800.00000	8.63157
39	16000.00000	8.63157
39	16200.00000	8.94780
39	16400.00000	8.94780
39	16600.00000	8.94780
39	16800.00000	8.94780
39	17000.00000	9.64103
39	17200.00000	9.64103
39	17400.00000	9.64103
39	17600.00000	9.64103
39	17800.00000	9.06468
39	18000.00000	9.06468
39	18200.00000	9.06468
39	18400.00000	9.06468
39	18600.00000	7.91318
39	18800.00000	7.91318
39	19000.00000	7.91318
39	19200.00000	8.29841
39	19400.00000	8.29841
39	19600.00000	8.29841
39	19800.00000	8.29841
39	20000.00000	9.04016
40	0.00000	10.46215
40	200.00000	10.46215
40	400.00000	10.46215
40	600.00000	10.46215
40	800.00000	12.08750
40	1000.00000	12.08750
40	1200.00000	12.08750
40	1400.00000	12.08750
40	1600.00000	10.22790
40	1800.00000	10.22790
40	2000.00000	10.22790
40	2200.00000	10.22790
40	2400.00000	12.50611
40	2600.00000	12.50611
40	2800.00000	12.50611
40	3000.00000	12.50611
40	3200.00000	10.20695
40	3400.00000	10.20695
40	3600.00000	10.20695
40	3800.00000	10.20695
40	4000.00000	10.37364
40	4200.00000	10.37364
40	4400.00000	10.37364
40	4600.00000	10.37364
40	4800.00000	11.29648
40	5000.00000	11.29648
40	5200.00000	11.29648
40	5400.00000	9.47541
40	5600.00000	9.47541
40	5800.00000	9.47541
40	6000.00000	9.47541
40	6200.00000	10.00351
40	6400.00000	10.00351
40	6600.00000	10.00351
40	6800.00000	10.00351
40	7000.00000	9.45089
40	7200.00000	9.45089
40	7400.00000	9.45089
40	7600.00000	9.45089
40	7800.00000	9.26140
40	8000.00000	9.26140
40	8200.00000	9.26140
40	8400.00000	9.26140
40	8600.00000	10.13868
40	8800.00000	10.13868
40	9000.00000	10.13868
40	9200.00000	10.13868
40	9400.00000	10.18952
40	9600.00000	10.18952
40	9800.00000	10.18952
40	10000.00000	10.05478
40	10200.00000	10.05478
40	10400.00000	10.05478
40	10600.00000	10.05478
40	10800.00000	8.66156
40	11000.00000	8.66156
40	11200.00000	8.66156
40	11400.00000	8.66156
40	11600.00000	9.53033
40	11800.00000	9.53033
40	12000.00000	9.53033
40	12200.00000	9.53033
40	12400.00000	9.48472
40	12600.00000	9.48472
40	12800.00000	9.48472
40	13000.00000	9.48472
40	13200.00000	9.69806
40	13400.00000	9.69806
40	13600.00000	9.69806
40	13800.00000	9.69806
40	14000.00000	9.68460
40	14200.00000	9.68460
40	14400.00000	9.68460
40	14600.00000	9.47665
40	14800.00000	9.47665
40	15000.00000	9.47665
40	15200.00000	9.47665
40	15400.00000	8.24795
40	15600.00000	8.24795
40	15800.00000	8.24795
40	16000.00000	8.24795
40	16200.00000	8.28025
40	16400.00000	8.28025
40	16600.00000	8.28025
40	16800.00000	8.28025
40	17000.00000	9.59431
40	17200.00000	9.59431
40	17400.00000	9.59431
40	17600.00000	9.59431
40	17800.00000	8.46322
40	18000.00000	8.46322
40	18200.00000	8.46322
40	18400.00000	8.46322
40	18600.00000	9.08791
40	18800.00000	9.08791
40	19000.00000	9.08791
40	19200.00000	8.14061
40	19400.00000	8.14061
40	19600.00000	8.14061
40	19800.00000	8.14061
40	20000.00000	8.83625
41	0.00000	10.51409
41	200.00000	10.51409
41	400.00000	10.51409
41	600.00000	10.51409
41	800.00000	12.21973
41	1000.00000	12.21973
41	1200.00000	12.21973
41	1400.00000	12.21973
41	1600.00000	10.19445
41	1800.00000	10.19445
41	2000.00000	10.19445
41	2200.00000	10.19445
41	2400.00000	10.99559
41	2600.00000	10.99559
41	2800.00000	10.99559
41	3000.00000	10.99559
41	3200.00000	10.50950
41	3400.00000	10.50950
41	3600.00000	10.50950
41	3800.00000	10.50950
41	4000.00000	10.03480
41	4200.00000	10.03480
41	4400.00000	10.03480
41	4600.00000	10.03480
41	4800.00000	11.62340
41	5000.00000	11.62340
41	5200.00000	11.62340
41	5400.00000	9.56306
41	5600.00000	9.56306
41	5800.00000	9.56306
41	6000.00000	9.56306
41	6200.00000	10.77836
41	6400.00000	10.77836
41	6600.00000	10.77836
41	6800.00000	10.77836
41	7000.00000	8.89303
41	7200.00000	8.89303
41	7400.00000	8.89303
41	7600.00000	8.89303
41	7800.00000	9.53293
41	8000.00000	9.53293
41	8200.00000	9.53293
41	8400.00000	9.53293
41	8600.00000	9.60092
41	8800.00000	9.60092
41	9000.00000	9.60092
41	9200.00000	9.60092
41	9400.00000	10.60632
41	9600.00000	10.60632
41	9800.00000	10.60632
41	10000.00000	10.35173
41	10200.00000	10.35173
41	10400.00000	10.35173
41	10600.00000	10.35173
41	10800.00000	8.59947
41	11000.00000	8.59947
41	11200.00000	8.59947
41	11400.00000	8.59947
41	11600.00000	10.05675
41	11800.00000	10.05675
41	12000.00000	10.05675
41	12200.00000	10.05675
41	12400.00000	10.16365
41	12600.00000	10.16365
41	12800.00000	10.16365
41	13000.00000	10.16365
41	13200.00000	9.58736
41	13400.00000	9.58736
41	13600.00000	9.58736
41	13800.00000	9.58736
41	14000.00000	8.97104
41	14200.00000	8.97104
41	14400.00000	8.97104
41	14600.00000	10.20001
41	14800.00000	10.20001
41	15000.00000	10.20001
41	15200.00000	10.20001
41	15400.00000	8.93584
41	15600.00000	8.93584
41	15800.00000	8.93584
41	16000.00000	8.93584
41	16200.00000	9.61178
41	16400.00000	9.61178
41	16600.00000	9.61178
41	16800.00000	9.61178
41	17000.00000	9.63586
41	17200.00000	9.63586
41	17400.00000	9.63586
41	17600.00000	9.63586
41	17800.00000	8.20793
41	18000.00000	8.20793
41	18200.00000	8.20793
41	18400.00000	8.20793
41	18600.00000	8.45459
41	18800.00000	8.45459
41	19000.00000	8.45459
41	19200.00000	9.07067
41	19400.00000	9.07067
41	19600.00000	9.07067
41	19800.00000	9.07067
41	20000.00000	9.38084
42	0.00000	10.46951
42	200.00000	10.46951
42	400.00000	10.46951
42	600.00000	10.46951
42	800.00000	12.27933
42	1000.00000	12.27933
42	1200.00000	12.27933
42	1400.00000	12.27933
42	1600.00000	10.18538
42	1800.00000	10.18538
42	2000.00000	10.18538
42	2200.00000	10.18538
42	2400.00000	11.62577
42	2600.00000	11.62577
42	2800.00000	11.62577
42	3000.00000	11.62577
42	3200.00000	10.10610
42	3400.00000	10.10610
42	3600.00000	10.10610
42	3800.00000	10.10610
42	4000.00000	10.31510
42	4200.00000	10.31510
42	4400.00000	10.31510
42	4600.00000	10.31510
42	4800.00000	10.90297
42	5000.00000	10.90297
42	5200.00000	10.90297
42	5400.00000	9.63334
42	5600.00000	9.63334
42	5800.00000	9.63334
42	6000.00000	9.63334
42	6200.00000	9.92275
42	6400.00000	9.92275
42	6600.00000	9.92275
42	6800.00000	9.92275
42	7000.00000	9.33319
42	7200.00000	9.33319
42	7400.00000	9.33319
42	7600.00000	9.33319
42	7800.00000	9.30526
42	8000.00000	9.30526
42	8200.00000	9.30526
42	8400.00000	9.30526
42	8600.00000	10.32893
42	8800.00000	10.32893
42	9000.00000	10.32893
42	9200.00000	10.32893
42	9400.00000	10.55124
42	9600.00000	10.55124
42	9800.00000	10.55124
42	10000.00000	10.69835
42	10200.00000	10.69835
42	10400.00000	10.69835
42	10600.00000	10.69835
42	10800.00000	8.47603
42	11000.00000	8.47603
42	11200.00000	8.47603
42	11400.00000	8.47603
42	11600.00000	10.54028
42	11800.00000	10.54028
42	12000.00000	10.54028
42	12200.00000	10.54028
42	12400.00000	9.90152
42	12600.00000	9.90152
42	12800.00000	9.90152
42	13000.00000	9.90152
42	13200.00000	10.23049
42	13400.00000	10.23049
42	13600.00000	10.23049
42	13800.00000	10.23049
42	14000.00000	9.14972
42	14200.00000	9.14972
42	14400.00000	9.14972
42	14600.00000	9.39929
42	14800.00000	9.39929
42	15000.00000	9.39929
42	15200.00000	9.39929
42	15400.00000	8.90718
42	15600.00000	8.90718
42	15800.00000	8.90718
42	16000.00000	8.90718
42	16200.00000	8.86002
42	16400.00000	8.86002
42	16600.00000	8.86002
42	16800.00000	8.86002
42	17000.00000	11.09179
42	17200.00000	11.09179
42	17400.00000	11.09179
42	17600.00000	11.09179
42	17800.00000	9.08207
42	18000.00000	9.08207
42	18200.00000	9.08207
42	18400.00000	9.08207
42	18600.00000	7.67745
42	18800.00000	7.67745
42	19000.00000	7.67745
42	19200.00000	8.46077
42	19400.00000	8.46077
42	19600.00000	8.46077
42	19800.00000	8.46077
42	20000.00000	8.69202
43	0.00000	10.49775
43	200.00000	10.49775
43	400.00000	10.49775
43	600.00000	10.49775
43	800.00000	12.32428
43	1000.00000	12.32428
43	1200.00000	12.32428
43	1400.00000	12.32428
43	1600.00000	10.14374
43	1800.00000	10.14374
43	2000.00000	10.14374
43	2200.00000	10.14374
43	2400.00000	11.67849
43	2600.00000	11.67849
43	2800.00000	11.67849
43	3000.00000	11.67849
43	3200.00000	10.13451
43	3400.00000	10.13451
43	3600.00000	10.13451
43	3800.00000	10.13451
43	4000.00000	10.70155
43	4200.00000	10.70155
43	4400.00000	10.70155
43	4600.00000	10.70155
43	4800.00000	11.22179
43	5000.00000	11.22179
43	5200.00000	11.22179
43	5400.00000	9.66469
43	5600.00000	9.66469
43	5800.00000	9.66469
43	6000.00000	9.66469
43	6200.00000	9.62654
43	6400.00000	9.62654
43	6600.00000	9.62654
43	6800.00000	9.62654
43	7000.00000	9.18734
43	7200.00000	9.18734
43	7400.00000	9.18734
43	7600.00000	9.18734
43	7800.00000	9.60743
43	8000.00000	9.60743
43	8200.00000	9.60743
43	8400.00000	9.60743
43	8600.00000	9.37685
43	8800.00000	9.37685
43	9000.00000	9.37685
43	9200.00000	9.37685
43	9400.00000	10.73575
43	9600.00000	10.73575
43	9800.00000	10.73575
43	10000.00000	10.51047
43	10200.00000	10.51047
43	10400.00000	10.51047
43	10600.00000	10.51047
43	10800.00000	8.68249
43	11000.00000	8.68249
43	11200.00000	8.68249
43	11400.00000	8.68249
43	11600.00000	10.38416
43	11800.00000	10.38416
43	12000.00000	10.38416
43	12200.00000	10.38416
43	12400.00000	10.24750
43	12600.00000	10.24750
43	12800.00000	10.24750
43	13000.00000	10.24750
43	13200.00000	9.29100
43	13400.00000	9.29100
43	13600.00000	9.29100
43	13800.00000	9.29100
43	14000.00000	8.96819
43	14200.00000	8.96819
43	14400.00000	8.96819
43	14600.00000	10.11891
43	14800.00000	10.11891
43	15000.00000	10.11891
43	15200.00000	10.11891
43	15400.00000	9.19809
43	15600.00000	9.19809
43	15800.00000	9.19809
43	16000.00000	9.19809
43	16200.00000	8.23000
43	16400.00000	8.23000
43	16600.00000	8.23000
43	16800.00000	8.23000
43	17000.00000	8.54401
43	17200.00000	8.54401
43	17400.00000	8.54401
43	17600.00000	8.54401
43	17800.00000	9.60920
43	18000.00000	9.60920
43	18200.00000	9.60920
43	18400.00000	9.60920
43	18600.00000	7.88373
43	18800.00000	7.88373
43	19000.00000	7.88373
43	19200.00000	9.11572
43	19400.00000	9.11572
43	19600.00000	9.11572
43	19800.00000	9.11572
43	20000.00000	9.13341
44	0.00000	10.52987
44	200.00000	10.52987
44	400.00000	10.52987
44	600.00000	10.52987
44	800.00000	12.11046
44	1000.00000	12.11046
44	1200.00000	12.11046
44	1400.00000	12.11046
44	1600.00000	10.18220
44	1800.00000	10.18220
44	2000.00000	10.18220
44	2200.00000	10.18220
44	2400.00000	11.68040
44	2600.00000	11.68040
44	2800.00000	11.68040
44	3000.00000	11.68040
44	3200.00000	10.20080
44	3400.00000	10.20080
44	3600.00000	10.20080
44	3800.00000	10.20080
44	4000.00000	10.30594
44	4200.00000	10.30594
44	4400.00000	10.30594
44	4600.00000	10.30594
44	4800.00000	11.19353
44	5000.00000	11.19353
44	5200.00000	11.19353
44	5400.00000	9.58726
44	5600.00000	9.58726
44	5800.00000	9.58726
44	6000.00000	9.58726
44	6200.00000	9.84801
44	6400.00000	9.84801
44	6600.00000	9.84801
44	6800.00000	9.84801
44	7000.00000	9.13360
44	7200.00000	9.13360
44	7400.00000	9.13360
44	7600.00000	9.13360
44	7800.00000	10.15654
44	8000.00000	10.15654
44	8200.00000	10.15654
44	8400.00000	10.15654
44	8600.00000	9.39758
44	8800.00000	9.39758
44	9000.00000	9.39758
44	9200.00000	9.39758
44	9400.00000	10.69326
44	9600.00000	10.69326
44	9800.00000	10.69326
44	10000.00000	10.22705
44	10200.00000	10.22705
44	10400.00000	10.22705
44	10600.00000	10.22705
44	10800.00000	8.72185
44	11000.00000	8.72185
44	11200.00000	8.72185
44	11400.00000	8.72185
44	11600.00000	10.74823
44	11800.00000	10.74823
44	12000.00000	10.74823
44	12200.00000	10.74823
44	12400.00000	11.11822
44	12600.00000	11.11822
44	12800.00000	11.11822
44	13000.00000	11.11822
44	13200.00000	9.24858
44	13400.00000	9.24858
44	13600.00000	9.24858
44	13800.00000	9.24858
44	14000.00000	8.90383
44	14200.00000	8.90383
44	14400.00000	8.90383
44	14600.00000	8.86768
44	14800.00000	8.86768
44	15000.00000	8.86768
44	15200.00000	8.86768
44	15400.00000	8.39620
44	15600.00000	8.39620
44	15800.00000	8.39620
44	16000.00000	8.39620
44	16200.00000	8.53089
44	16400.00000	8.53089
44	16600.00000	8.53089
44	16800.00000	8.53089
44	17000.00000	8.78555
44	17200.00000	8.78555
44	17400.00000	8.78555
44	17600.00000	8.78555
44	17800.00000	9.23122
44	18000.00000	9.23122
44	18200.00000	9.23122
44	18400.00000	9.23122
44	18600.00000	7.70663
44	18800.00000	7.70663
44	19000.00000	7.70663
44	19200.00000	8.09049
44	19400.00000	8.09049
44	19600.00000	8.09049
44	19800.00000	8.09049
44	20000.00000	9.00355
45	0.00000	10.55209
45	200.00000	10.55209
45	400.00000	10.55209
45	600.00000	10.55209
45	800.00000	12.07646
45	1000.00000	12.07646
45	1200.00000	12.07646
45	1400.00000	12.07646
45	1600.00000	10.19569
45	1800.00000	10.19569
45	2000.00000	10.19569
45	2200.00000	10.19569
45	2400.00000	11.58563
45	2600.00000	11.58563
45	2800.00000	11.58563
45	3000.00000	11.58563
45	3200.00000	10.31785
45	3400.00000	10.31785
45	3600.00000	10.31785
45	3800.00000	10.31785
45	4000.00000	10.29897
45	4200.00000	10.29897
45	4400.00000	10.29897
45	4600.00000	10.29897
45	4800.00000	11.55026
45	5000.00000	11.55026
45	5200.00000	11.55026
45	5400.00000	9.80717
45	5600.00000	9.80717
45	5800.00000	9.80717
45	6000.00000	9.80717
45	6200.00000	9.49375
45	6400.00000	9.49375
45	6600.00000	9.49375
45	6800.00000	9.49375
45	7000.00000	9.06251
45	7200.00000	9.06251
45	7400.00000	9.06251
45	7600.00000	9.06251
45	7800.00000	9.71589
45	8000.00000	9.71589
45	8200.00000	9.71589
45	8400.00000	9.71589
45	8600.00000	9.32833
45	8800.00000	9.32833
45	9000.00000	9.32833
45	9200.00000	9.32833
45	9400.00000	10.29505
45	9600.00000	10.29505
45	9800.00000	10.29505
45	10000.00000	10.49789
45	10200.00000	10.49789
45	10400.00000	10.49789
45	10600.00000	10.49789
45	10800.00000	8.67115
45	11000.00000	8.67115
45	11200.00000	8.67115
45	11400.00000	8.67115
45	11600.00000	10.13018
45	11800.00000	10.13018
45	12000.00000	10.13018
45	12200.00000	10.13018
45	12400.00000	10.14539
45	12600.00000	10.14539
45	12800.00000	10.14539
45	13000.00000	10.14539
45	13200.00000	9.71922
45	13400.00000	9.71922
45	13600.00000	9.71922
45	13800.00000	9.71922
45	14000.00000	9.79854
45	14200.00000	9.79854
45	14400.00000	9.79854
45	14600.00000	9.83983
45	14800.00000	9.83983
45	15000.00000	9.83983
45	15200.00000	9.83983
45	15400.00000	8.43288
45	15600.00000	8.43288
45	15800.00000	8.43288
45	16000.00000	8.43288
45	16200.00000	8.20075
45	16400.00000	8.20075
45	16600.00000	8.20075
45	16800.00000	8.20075
45	17000.00000	9.39437
45	17200.00000	9.39437
45	17400.00000	9.39437
45	17600.00000	9.39437
45	17800.00000	9.38567
45	18000.00000	9.38567
45	18200.00000	9.38567
45	18400.00000	9.38567
45	18600.00000	8.78656
45	18800.00000	8.78656
45	19000.00000	8.78656
45	19200.00000	7.72105
45	19400.00000	7.72105
45	19600.00000	7.72105
45	19800.00000	7.72105
45	20000.00000	8.19690
46	0.00000	10.47074
46	200.00000	10.47074
46	400.00000	10.47074
46	600.00000	10.47074
46	800.00000	12.14634
46	1000.00000	12.14634
46	1200.00000	12.14634
46	1400.00000	12.14634
46	1600.00000	10.21161
46	1800.00000	10.21161
46	2000.00000	10.21161
46	2200.00000	10.21161
46	2400.00000	11.64527
46	2600.00000	11.64527
46	2800.00000	11.64527
46	3000.00000	11.64527
46	3200.00000	10.17699
46	3400.00000	10.17699
46	3600.00000	10.17699
46	3800.00000	10.17699
46	4000.00000	10.16228
46	4200.00000	10.16228
46	4400.00000	10.16228
46	4600.00000	10.16228
46	4800.00000	11.35790
46	5000.00000	11.35790
46	5200.00000	11.35790
46	5400.00000	9.80984
46	5600.00000	9.80984
46	5800.00000	9.80984
46	6000.00000	9.80984
46	6200.00000	9.56937
46	6400.00000	9.56937
46	6600.00000	9.56937
46	6800.00000	9.56937
46	7000.00000	9.33680
46	7200.00000	9.33680
46	7400.00000	9.33680
46	7600.00000	9.33680
46	7800.00000	9.85622
46	8000.00000	9.85622
46	8200.00000	9.85622
46	8400.00000	9.85622
46	8600.00000	9.09743
46	8800.00000	9.09743
46	9000.00000	9.09743
46	9200.00000	9.09743
46	9400.00000	9.83988
46	9600.00000	9.83988
46	9800.00000	9.83988
46	10000.00000	9.91246
46	10200.00000	9.91246
46	10400.00000	9.91246
46	10600.00000	9.91246
46	10800.00000	8.62684
46	11000.00000	8.62684
46	11200.00000	8.62684
46	11400.00000	8.62684
46	11600.00000	10.20352
46	11800.00000	10.20352
46	12000.00000	10.20352
46	12200.00000	10.20352
46	12400.00000	10.26422
46	12600.00000	10.26422
46	12800.00000	10.26422
46	13000.00000	10.26422
46	13200.00000	9.40539
46	13400.00000	9.40539
46	13600.00000	9.40539
46	13800.00000	9.40539
46	14000.00000	9.09981
46	14200.00000	9.09981
46	14400.00000	9.09981
46	14600.00000	8.88320
46	14800.00000	8.88320
46	15000.00000	8.88320
46	15200.00000	8.88320
46	15400.00000	9.18660
46	15600.00000	9.18660
46	15800.00000	9.18660
46	16000.00000	9.18660
46	16200.00000	8.43668
46	16400.00000	8.43668
46	16600.00000	8.43668
46	16800.00000	8.43668
46	17000.00000	9.72390
46	17200.00000	9.72390
46	17400.00000	9.72390
46	17600.00000	9.72390
46	17800.00000	9.67537
46	18000.00000	9.67537
46	18200.00000	9.67537
46	18400.00000	9.67537
46	18600.00000	8.36421
46	18800.00000	8.36421
46	19000.00000	8.36421
46	19200.00000	7.43938
46	19400.00000	7.43938
46	19600.00000	7.43938
46	19800.00000	7.43938
46	20000.00000	8.97361
47	0.00000	10.47391
47	200.00000	10.47391
47	400.00000	10.47391
47	600.00000	10.47391
47	800.00000	11.90568
47	1000.00000	11.90568
47	1200.00000	11.90568
47	1400.00000	11.90568
47	1600.00000	10.26770
47	1800.00000	10.26770
47	2000.00000	10.26770
47	2200.00000	10.26770
47	2400.00000	11.94950
47	2600.00000	11.94950
47	2800.00000	11.94950
47	3000.00000	11.94950
47	3200.00000	10.00346
47	3400.00000	10.00346
47	3600.00000	10.00346
47	3800.00000	10.00346
47	4000.00000	10.37070
47	4200.00000	10.37070
47	4400.00000	10.37070
47	4600.00000	10.37070
47	4800.00000	11.19335
47	5000.00000	11.19335
47	5200.00000	11.19335
47	5400.00000	9.61067
47	5600.00000	9.61067
47	5800.00000	9.61067
47	6000.00000	9.61067
47	6200.00000	9.48886
47	6400.00000	9.48886
47	6600.00000	9.48886
47	6800.00000	9.48886
47	7000.00000	9.31005
47	7200.00000	9.31005
47	7400.00000	9.31005
47	7600.00000	9.31005
47	7800.00000	9.77541
47	8000.00000	9.77541
47	8200.00000	9.77541
47	8400.00000	9.77541
47	8600.00000	9.81134
47	8800.00000	9.81134
47	9000.00000	9.81134
47	9200.00000	9.81134
47	9400.00000	11.30515
47	9600.00000	11.30515
47	9800.00000	11.30515
47	10000.00000	10.03678
47	10200.00000	10.03678
47	10400.00000	10.03678
47	10600.00000	10.03678
47	10800.00000	8.62668
47	11000.00000	8.62668
47	11200.00000	8.62668
47	11400.00000	8.62668
47	11600.00000	9.83065
47	11800.00000	9.83065
47	12000.00000	9.83065
47	12200.00000	9.83065
47	12400.00000	10.13428
47	12600.00000	10.13428
47	12800.00000	10.13428
47	13000.00000	10.13428
47	13200.00000	10.40852
47	13400.00000	10.40852
47	13600.00000	10.40852
47	13800.00000	10.40852
47	14000.00000	9.79989
47	14200.00000	9.79989
47	14400.00000	9.79989
47	14600.00000	9.65112
47	14800.00000	9.65112
47	15000.00000	9.65112
47	15200.00000	9.65112
47	15400.00000	8.39676
47	15600.00000	8.39676
47	15800.00000	8.39676
47	16000.00000	8.39676
47	16200.00000	9.16563
47	16400.00000	9.16563
47	16600.00000	9.16563
47	16800.00000	9.16563
47	17000.00000	9.65424
47	17200.00000	9.65424
47	17400.00000	9.65424
47	17600.00000	9.65424
47	17800.00000	7.75072
47	18000.00000	7.75072
47	18200.00000	7.75072
47	18400.00000	7.75072
47	18600.00000	8.28745
47	18800.00000	8.28745
47	19000.00000	8.28745
47	19200.00000	8.77194
47	19400.00000	8.77194
47	19600.00000	8.77194
47	19800.00000	8.77194
47	20000.00000	9.29521
48	0.00000	10.51952
48	200.00000	10.51952
48	400.00000	10.51952
48	600.00000	10.51952
48	800.00000	12.48129
48	1000.00000	12.48129
48	1200.00000	12.48129
48	1400.00000	12.48129
48	1600.00000	10.09637
48	1800.00000	10.09637
48	2000.00000	10.09637
48	2200.00000	10.09637
48	2400.00000	11.58657
48	2600.00000	11.58657
48	2800.00000	11.58657
48	3000.00000	11.58657
48	3200.00000	10.14040
48	3400.00000	10.14040
48	3600.00000	10.14040
48	3800.00000	10.14040
48	4000.00000	10.69853
48	4200.00000	10.69853
48	4400.00000	10.69853
48	4600.00000	10.69853
48	4800.00000	10.81322
48	5000.00000	10.81322
48	5200.00000	10.81322
48	5400.00000	9.45406
48	5600.00000	9.45406
48	5800.00000	9.45406
48	6000.00000	9.45406
48	6200.00000	9.62146
48	6400.00000	9.62146
48	6600.00000	9.62146
48	6800.00000	9.62146
48	7000.00000	9.49148
48	7200.00000	9.49148
48	7400.00000	9.49148
48	7600.00000	9.49148
48	7800.00000	9.20663
48	8000.00000	9.20663
48	8200.00000	9.20663
48	8400.00000	9.20663
48	8600.00000	9.61364
48	8800.00000	9.61364
48	9000.00000	9.61364
48	9200.00000	9.61364
48	9400.00000	10.96206
48	9600.00000	10.96206
48	9800.00000	10.96206
48	10000.00000	11.54618
48	10200.00000	11.54618
48	10400.00000	11.54618
48	10600.00000	11.54618
48	10800.00000	8.30958
48	11000.00000	8.30958
48	11200.00000	8.30958
48	11400.00000	8.30958
48	11600.00000	10.60682
48	11800.00000	10.60682
48	12000.00000	10.60682
48	12200.00000	10.60682
48	12400.00000	11.19055
48	12600.00000	11.19055
48	12800.00000	11.19055
48	13000.00000	11.19055
48	13200.00000	9.69873
48	13400.00000	9.69873
48	13600.00000	9.69873
48	13800.00000	9.69873
48	14000.00000	9.08953
48	14200.00000	9.08953
48	14400.00000	9.08953
48	14600.00000	8.47897
48	14800.00000	8.47897
48	15000.00000	8.47897
48	15200.00000	8.47897
48	15400.00000	10.30305
48	15600.00000	10.30305
48	15800.00000	10.30305
48	16000.00000	10.30305
48	16200.00000	10.06161
48	16400.00000	10.06161
48	16600.00000	10.06161
48	16800.00000	10.06161
48	17000.00000	9.49797
48	17200.00000	9.49797
48	17400.00000	9.49797
48	17600.00000	9.49797
48	17800.00000	7.91352
48	18000.00000	7.91352
48	18200.00000	7.91352
48	18400.00000	7.91352
48	18600.00000	7.19665
48	18800.00000	7.19665
48	19000.00000	7.19665
48	19200.00000	8.58584
48	19400.00000	8.58584
48	19600.00000	8.58584
48	19800.00000	8.58584
48	20000.00000	10.20869
49	0.00000	10.43068
49	200.00000	10.43068
49	400.00000	10.43068
49	600.00000	10.43068
49	800.00000	12.42064
49	1000.00000	12.42064
49	1200.00000	12.42064
49	1400.00000	12.42064
49	1600.00000	10.09823
49	1800.00000	10.09823
49	2000.00000	10.09823
49	2200.00000	10.09823
49	2400.00000	12.50652
49	2600.00000	12.50652
49	2800.00000	12.50652
49	3000.00000	12.50652
49	3200.00000	10.06081
49	3400.00000	10.06081
49	3600.00000	10.06081
49	3800.00000	10.06081
49	4000.00000	10.86334
49	4200.00000	10.86334
49	4400.00000	10.86334
49	4600.00000	10.86334
49	4800.00000	10.97604
49	5000.00000	10.97604
49	5200.00000	10.97604
49	5400.00000	9.33678
49	5600.00000	9.33678
49	5800.00000	9.33678
49	6000.00000	9.33678
49	6200.00000	10.59578
49	6400.00000	10.59578
49	6600.00000	10.59578
49	6800.00000	10.59578
49	7000.00000	9.06236
49	7200.00000	9.06236
49	7400.00000	9.06236
49	7600.00000	9.06236
49	7800.00000	9.54411
49	8000.00000	9.54411
49	8200.00000	9.54411
49	8400.00000	9.54411
49	8600.00000	9.33662
49	8800.00000	9.33662
49	9000.00000	9.33662
49	9200.00000	9.33662
49	9400.00000	11.14527
49	9600.00000	11.14527
49	9800.00000	11.14527
49	10000.00000	9.88075
49	10200.00000	9.88075
49	10400.00000	9.88075
49	10600.00000	9.88075
49	10800.00000	8.39080
49	11000.00000	8.39080
49	11200.00000	8.39080
49	11400.00000	8.39080
49	11600.00000	10.83996
49	11800.00000	10.83996
49	12000.00000	10.83996
49	12200.00000	10.83996
49	12400.00000	11.41525
49	12600.00000	11.41525
49	12800.00000	11.41525
49	13000.00000	11.41525
49	13200.00000	9.52320
49	13400.00000	9.52320
49	13600.00000	9.52320
49	13800.00000	9.52320
49	14000.00000	10.30490
49	14200.00000	10.30490
49	14400.00000	10.30490
49	14600.00000	8.58271
49	14800.00000	8.58271
49	15000.00000	8.58271
49	15200.00000	8.58271
49	15400.00000	8.92243
49	15600.00000	8.92243
49	15800.00000	8.92243
49	16000.00000	8.92243
49	16200.00000	9.77799
49	16400.00000	9.77799
49	16600.00000	9.77799
49	16800.00000	9.77799
49	17000.00000	9.58484
49	17200.00000	9.58484
49	17400.00000	9.58484
49	17600.00000	9.58484
49	17800.00000	8.26368
49	18000.00000	8.26368
49	18200.00000	8.26368
49	18400.00000	8.26368
49	18600.00000	8.52014
49	18800.00000	8.52014
49	19000.00000	8.52014
49	19200.00000	8.09227
49	19400.00000	8.09227
49	19600.00000	8.09227
49	19800.00000	8.09227
49	20000.00000	8.04484
50	0.00000	10.52682
50	200.00000	10.52682
50	400.00000	10.52682
50	600.00000	10.52682
50	800.00000	11.91082
50	1000.00000	11.91082
50	1200.00000	11.91082
50	1400.00000	11.91082
50	1600.00000	10.07138
50	1800.00000	10.07138
50	2000.00000	10.07138
50	2200.00000	10.07138
50	2400.00000	12.19257
50	2600.00000	12.19257
50	2800.00000	12.19257
50	3000.00000	12.19257
50	3200.00000	9.90328
50	3400.00000	9.90328
50	3600.00000	9.90328
50	3800.00000	9.90328
50	4000.00000	10.70837
50	4200.00000	10.70837
50	4400.00000	10.70837
50	4600.00000	10.70837
50	4800.00000	10.96014
50	5000.00000	10.96014
50	5200.00000	10.96014
50	5400.00000	9.67076
50	5600.00000	9.67076
50	5800.00000	9.67076
50	6000.00000	9.67076
50	6200.00000	9.30565
50	6400.00000	9.30565
50	6600.00000	9.30565
50	6800.00000	9.30565
50	7000.00000	9.20275
50	7200.00000	9.20275
50	7400.00000	9.20275
50	7600.00000	9.20275
50	7800.00000	11.83370
50	8000.00000	11.83370
50	8200.00000	11.83370
50	8400.00000	11.83370
50	8600.00000	9.02234
50	8800.00000	9.02234
50	9000.00000	9.02234
50	9200.00000	9.02234
50	9400.00000	10.98982
50	9600.00000	10.98982
50	9800.00000	10.98982
50	10000.00000	10.89025
50	10200.00000	10.89025
50	10400.00000	10.89025
50	10600.00000	10.89025
50	10800.00000	8.51763
50	11000.00000	8.51763
50	11200.00000	8.51763
50	11400.00000	8.51763
50	11600.00000	9.84034
50	11800.00000	9.84034
50	12000.00000	9.84034
50	12200.00000	9.84034
50	12400.00000	9.65086
50	12600.00000	9.65086
50	12800.00000	9.65086
50	13000.00000	9.65086
50	13200.00000	10.69741
50	13400.00000	10.69741
50	13600.00000	10.69741
50	13800.00000	10.69741
50	14000.00000	8.33481
50	14200.00000	8.33481
50	14400.00000	8.33481
50	14600.00000	9.10249
50	14800.00000	9.10249
50	15000.00000	9.10249
50	15200.00000	9.10249
50	15400.00000	8.97353
50	15600.00000	8.97353
50	15800.00000	8.97353
50	16000.00000	8.97353
50	16200.00000	10.06870
50	16400.00000	10.06870
50	16600.00000	10.06870
50	16800.00000	10.06870
50	17000.00000	9.00607
50	17200.00000	9.00607
50	17400.00000	9.00607
50	17600.00000	9.00607
50	17800.00000	9.27916
50	18000.00000	9.27916
50	18200.00000	9.27916
50	18400.00000	9.27916
50	18600.00000	7.04277
50	18800.00000	7.04277
50	19000.00000	7.04277
50	19200.00000	10.46485
50	19400.00000	10.46485
50	19600.00000	10.46485
50	19800.00000	10.46485
50	20000.00000	7.70145
51	0.00000	10.46845
51	200.00000	10.46845
51	400.00000	10.46845
51	600.00000	10.46845
51	800.00000	12.25578
51	1000.00000	12.25578
51	1200.00000	12.25578
51	1400.00000	12.25578
51	1600.00000	10.08991
51	1800.00000	10.08991
51	2000.00000	10.08991
51	2200.00000	10.08991
51	2400.00000	11.92193
51	2600.00000	11.92193
51	2800.00000	11.92193
51	3000.00000	11.92193
51	3200.00000	10.01480
51	3400.00000	10.01480
51	3600.00000	10.01480
51	3800.00000	10.01480
51	4000.00000	11.23594
51	4200.00000	11.23594
51	4400.00000	11.23594
51	4600.00000	11.23594
51	4800.00000	11.42198
51	5000.00000	11.42198
51	5200.00000	11.42198
51	5400.00000	9.37835
51	5600.00000	9.37835
51	5800.00000	9.37835
51	6000.00000	9.37835
51	6200.00000	9.65375
51	6400.00000	9.65375
51	6600.00000	9.65375
51	6800.00000	9.65375
51	7000.00000	9.12813
51	7200.00000	9.12813
51	7400.00000	9.12813
51	7600.00000	9.12813
51	7800.00000	9.94287
51	8000.00000	9.94287
51	8200.00000	9.94287
51	8400.00000	9.94287
51	8600.00000	9.54531
51	8800.00000	9.54531
51	9000.00000	9.54531
51	9200.00000	9.54531
51	9400.00000	10.26424
51	9600.00000	10.26424
51	9800.00000	10.26424
51	10000.00000	10.67011
51	10200.00000	10.67011
51	10400.00000	10.67011
51	10600.00000	10.67011
51	10800.00000	8.87263
51	11000.00000	8.87263
51	11200.00000	8.87263
51	11400.00000	8.87263
51	11600.00000	9.54873
51	11800.00000	9.54873
51	12000.00000	9.54873
51	12200.00000	9.54873
51	12400.00000	9.32112
51	12600.00000	9.32112
51	12800.00000	9.32112
51	13000.00000	9.32112
51	13200.00000	10.33263
51	13400.00000	10.33263
51	13600.00000	10.33263
51	13800.00000	10.33263
51	14000.00000	9.31432
51	14200.00000	9.31432
51	14400.00000	9.31432
51	14600.00000	8.72731
51	14800.00000	8.72731
51	15000.00000	8.72731
51	15200.00000	8.72731
51	15400.00000	8.16630
51	15600.00000	8.16630
51	15800.00000	8.16630
51	16000.00000	8.16630
51	16200.00000	9.98506
51	16400.00000	9.98506
51	16600.00000	9.98506
51	16800.00000	9.98506
51	17000.00000	10.66245
51	17200.00000	10.66245
51	17400.00000	10.66245
51	17600.00000	10.66245
51	17800.00000	10.13111
51	18000.00000	10.13111
51	18200.00000	10.13111
51	18400.00000	10.13111
51	18600.00000	9.09162
51	18800.00000	9.09162
51	19000.00000	9.09162
51	19200.00000	8.25836
51	19400.00000	8.25836
51	19600.00000	8.25836
51	19800.00000	8.25836
51	20000.00000	8.60632
52	0.00000	10.40957
52	200.00000	10.40957
52	400.00000	10.40957
52	600.00000	10.40957
52	800.00000	12.54458
52	1000.00000	12.54458
52	1200.00000	12.54458
52	1400.00000	12.54458
52	1600.00000	10.17808
52	1800.00000	10.17808
52	2000.00000	10.17808
52	2200.00000	10.17808
52	2400.00000	11.16804
52	2600.00000	11.16804
52	2800.00000	11.16804
52	3000.00000	11.16804
52	3200.00000	9.91860
52	3400.00000	9.91860
52	3600.00000	9.91860
52	3800.00000	9.91860
52	4000.00000	10.68555
52	4200.00000	10.68555
52	4400.00000	10.68555
52	4600.00000	10.68555
52	4800.00000	10.73993
52	5000.00000	10.73993
52	5200.00000	10.73993
52	5400.00000	9.30017
52	5600.00000	9.30017
52	5800.00000	9.30017
52	6000.00000	9.30017
52	6200.00000	9.81359
52	6400.00000	9.81359
52	6600.00000	9.81359
52	6800.00000	9.81359
52	7000.00000	9.22311
52	7200.00000	9.22311
52	7400.00000	9.22311
52	7600.00000	9.22311
52	7800.00000	10.56025
52	8000.00000	10.56025
52	8200.00000	10.56025
52	8400.00000	10.56025
52	8600.00000	9.28833
52	8800.00000	9.28833
52	9000.00000	9.28833
52	9200.00000	9.28833
52	9400.00000	10.38386
52	9600.00000	10.38386
52	9800.00000	10.38386
52	10000.00000	11.45667
52	10200.00000	11.45667
52	10400.00000	11.45667
52	10600.00000	11.45667
52	10800.00000	8.66743
52	11000.00000	8.66743
52	11200.00000	8.66743
52	11400.00000	8.66743
52	11600.00000	9.82307
52	11800.00000	9.82307
52	12000.00000	9.82307
52	12200.00000	9.82307
52	12400.00000	10.55130
52	12600.00000	10.55130
52	12800.00000	10.55130
52	13000.00000	10.55130
52	13200.00000	9.22537
52	13400.00000	9.22537
52	13600.00000	9.22537
52	13800.00000	9.22537
52	14000.00000	10.11032
52	14200.00000	10.11032
52	14400.00000	10.11032
52	14600.00000	8.46039
52	14800.00000	8.46039
52	15000.00000	8.46039
52	15200.00000	8.46039
52	15400.00000	8.70716
52	15600.00000	8.70716
52	15800.00000	8.70716
52	16000.00000	8.70716
52	16200.00000	9.83457
52	16400.00000	9.83457
52	16600.00000	9.83457
52	16800.00000	9.83457
52	17000.00000	9.77036
52	17200.00000	9.77036
52	17400.00000	9.77036
52	17600.00000	9.77036
52	17800.00000	9.64795
52	18000.00000	9.64795
52	18200.00000	9.64795
52	18400.00000	9.64795
52	18600.00000	8.02385
52	18800.00000	8.02385
52	19000.00000	8.02385
52	19200.00000	7.46939
52	19400.00000	7.46939
52	19600.00000	7.46939
52	19800.00000	7.46939
52	20000.00000	7.85841
53	0.00000	10.43672
53	200.00000	10.43672
53	400.00000	10.43672
53	600.00000	10.43672
53	800.00000	12.56871
53	1000.00000	12.56871
53	1200.00000	12.56871
53	1400.00000	12.56871
53	1600.00000	10.17734
53	1800.00000	10.17734
53	2000.00000	10.17734
53	2200.00000	10.17734
53	2400.00000	11.41868
53	2600.00000	11.41868
53	2800.00000	11.41868
53	3000.00000	11.41868
53	3200.00000	10.03847
53	3400.00000	10.03847
53	3600.00000	10.03847
53	3800.00000	10.03847
53	4000.00000	10.64783
53	4200.00000	10.64783
53	4400.00000	10.64783
53	4600.00000	10.64783
53	4800.00000	11.14498
53	5000.00000	11.14498
53	5200.00000	11.14498
53	5400.00000	9.66362
53	5600.00000	9.66362
53	5800.00000	9.66362
53	6000.00000	9.66362
53	6200.00000	9.42957
53	6400.00000	9.42957
53	6600.00000	9.42957
53	6800.00000	9.42957
53	7000.00000	9.45491
53	7200.00000	9.45491
53	7400.00000	9.45491
53	7600.00000	9.45491
53	7800.00000	9.79747
53	8000.00000	9.79747
53	8200.00000	9.79747
53	8400.00000	9.79747
53	8600.00000	9.15894
53	8800.00000	9.15894
53	9000.00000	9.15894
53	9200.00000	9.15894
53	9400.00000	11.06874
53	9600.00000	11.06874
53	9800.00000	11.06874
53	10000.00000	9.87339
53	10200.00000	9.87339
53	10400.00000	9.87339
53	10600.00000	9.87339
53	10800.00000	8.52495
53	11000.00000	8.52495
53	11200.00000	8.52495
53	11400.00000	8.52495
53	11600.00000	9.60086
53	11800.00000	9.60086
53	12000.00000	9.60086
53	12200.00000	9.60086
53	12400.00000	10.77880
53	12600.00000	10.77880
53	12800.00000	10.77880
53	13000.00000	10.77880
53	13200.00000	9.60375
53	13400.00000	9.60375
53	13600.00000	9.60375
53	13800.00000	9.60375
53	14000.00000	8.63086
53	14200.00000	8.63086
53	14400.00000	8.63086
53	14600.00000	9.33892
53	14800.00000	9.33892
53	15000.00000	9.33892
53	15200.00000	9.33892
53	15400.00000	9.29922
53	15600.00000	9.29922
53	15800.00000	9.29922
53	16000.00000	9.29922
53	16200.00000	9.17194
53	16400.00000	9.17194
53	16600.00000	9.17194
53	16800.00000	9.17194
53	17000.00000	8.86016
53	17200.00000	8.86016
53	17400.00000	8.86016
53	17600.00000	8.86016
53	17800.00000	8.51840
53	18000.00000	8.51840
53	18200.00000	8.51840
53	18400.00000	8.51840
53	18600.00000	8.32693
53	18800.00000	8.32693
53	19000.00000	8.32693
53	19200.00000	8.87492
53	19400.00000	8.87492
53	19600.00000	8.87492
53	19800.00000	8.87492
53	20000.00000	8.85738
54	0.00000	10.48335
54	200.00000	10.48335
54	400.00000	10.48335
54	600.00000	10.48335
54	800.00000	12.70096
54	1000.00000	12.70096
54	1200.00000	12.70096
54	1400.00000	12.70096
54	1600.00000	10.13801
54	1800.00000	10.13801
54	2000.00000	10.13801
54	2200.00000	10.13801
54	2400.00000	11.37415
54	2600.00000	11.37415
54	2800.00000	11.37415
54	3000.00000	11.37415
54	3200.00000	10.01170
54	3400.00000	10.01170
54	3600.00000	10.01170
54	3800.00000	10.01170
54	4000.00000	10.65133
54	4200.00000	10.65133
54	4400.00000	10.65133
54	4600.00000	10.65133
54	4800.00000	11.58244
54	5000.00000	11.58244
54	5200.00000	11.58244
54	5400.00000	9.78876
54	5600.00000	9.78876
54	5800.00000	9.78876
54	6000.00000	9.78876
54	6200.00000	9.69895
54	6400.00000	9.69895
54	6600.00000	9.69895
54	6800.00000	9.69895
54	7000.00000	9.12261
54	7200.00000	9.12261
54	7400.00000	9.12261
54	7600.00000	9.12261
54	7800.00000	9.69734
54	8000.00000	9.69734
54	8200.00000	9.69734
54	8400.00000	9.69734
54	8600.00000	9.30449
54	8800.00000	9.30449
54	9000.00000	9.30449
54	9200.00000	9.30449
54	9400.00000	11.58030
54	9600.00000	11.58030
54	9800.00000	11.58030
54	10000.00000	10.41123
54	10200.00000	10.41123
54	10400.00000	10.41123
54	10600.00000	10.41123
54	10800.00000	8.71538
54	11000.00000	8.71538
54	11200.00000	8.71538
54	11400.00000	8.71538
54	11600.00000	9.56761
54	11800.00000	9.56761
54	12000.00000	9.56761
54	12200.00000	9.56761
54	12400.00000	9.58053
54	12600.00000	9.58053
54	12800.00000	9.58053
54	13000.00000	9.58053
54	13200.00000	9.42297
54	13400.00000	9.42297
54	13600.00000	9.42297
54	13800.00000	9.42297
54	14000.00000	10.71987
54	14200.00000	10.71987
54	14400.00000	10.71987
54	14600.00000	9.73091
54	14800.00000	9.73091
54	15000.00000	9.73091
54	15200.00000	9.73091
54	15400.00000	8.53337
54	15600.00000	8.53337
54	15800.00000	8.53337
54	16000.00000	8.53337
54	16200.00000	9.51161
54	16400.00000	9.51161
54	16600.00000	9.51161
54	16800.00000	9.51161
54	17000.00000	9.44822
54	17200.00000	9.44822
54	17400.00000	9.44822
54	17600.00000	9.44822
54	17800.00000	9.11909
54	18000.00000	9.11909
54	18200.00000	9.11909
54	18400.00000	9.11909
54	18600.00000	7.53069
54	18800.00000	7.53069
54	19000.00000	7.53069
54	19200.00000	8.50810
54	19400.00000	8.50810
54	19600.00000	8.50810
54	19800.00000	8.50810
54	20000.00000	7.90813
55	0.00000	10.48149
55	200.00000	10.48149
55	400.00000	10.48149
55	600.00000	10.48149
55	800.00000	11.94207
55	1000.00000	11.94207
55	1200.00000	11.94207
55	1400.00000	11.94207
55	1600.00000	10.12007
55	1800.00000	10.12007
55	2000.00000	10.12007
55	2200.00000	10.12007
55	2400.00000	11.80164
55	2600.00000	11.80164
55	2800.00000	11.80164
55	3000.00000	11.80164
55	3200.00000	9.88783
55	3400.00000	9.88783
55	3600.00000	9.88783
55	3800.00000	9.88783
55	4000.00000	12.44457
55	4200.00000	12.44457
55	4400.00000	12.44457
55	4600.00000	12.44457
55	4800.00000	10.49757
55	5000.00000	10.49757
55	5200.00000	10.49757
55	5400.00000	9.84164
55	5600.00000	9.84164
55	5800.00000	9.84164
55	6000.00000	9.84164
55	6200.00000	9.88574
55	6400.00000	9.88574
55	6600.00000	9.88574
55	6800.00000	9.88574
55	7000.00000	8.86246
55	7200.00000	8.86246
55	7400.00000	8.86246
55	7600.00000	8.86246
55	7800.00000	10.80803
55	8000.00000	10.80803
55	8200.00000	10.80803
55	8400.00000	10.80803
55	8600.00000	9.00591
55	8800.00000	9.00591
55	9000.00000	9.00591
55	9200.00000	9.00591
55	9400.00000	11.31820
55	9600.00000	11.31820
55	9800.00000	11.31820
55	10000.00000	10.77015
55	10200.00000	10.77015
55	10400.00000	10.77015
55	10600.00000	10.77015
55	10800.00000	8.70161
55	11000.00000	8.70161
55	11200.00000	8.70161
55	11400.00000	8.70161
55	11600.00000	9.68306
55	11800.00000	9.68306
55	12000.00000	9.68306
55	12200.00000	9.68306
55	12400.00000	10.31778
55	12600.00000	10.31778
55	12800.00000	10.31778
55	13000.00000	10.31778
55	13200.00000	8.60823
55	13400.00000	8.60823
55	13600.00000	8.60823
55	13800.00000	8.60823
55	14000.00000	8.88054
55	14200.00000	8.88054
55	14400.00000	8.88054
55	14600.00000	9.32120
55	14800.00000	9.32120
55	15000.00000	9.32120
55	15200.00000	9.32120
55	15400.00000	11.37793
55	15600.00000	11.37793
55	15800.00000	11.37793
55	16000.00000	11.37793
55	16200.00000	10.87744
55	16400.00000	10.87744
55	16600.00000	10.87744
55	16800.00000	10.87744
55	17000.00000	8.37394
55	17200.00000	8.37394
55	17400.00000	8.37394
55	17600.00000	8.37394
55	17800.00000	8.36692
55	18000.00000	8.36692
55	18200.00000	8.36692
55	18400.00000	8.36692
55	18600.00000	7.99313
55	18800.00000	7.99313
55	19000.00000	7.99313
55	19200.00000	8.48076
55	19400.00000	8.48076
55	19600.00000	8.48076
55	19800.00000	8.48076
55	20000.00000	8.46674
56	0.00000	10.55262
56	200.00000	10.55262
56	400.00000	10.55262
56	600.00000	10.55262
56	800.00000	11.80112
56	1000.00000	11.80112
56	1200.00000	11.80112
56	1400.00000	11.80112
56	1600.00000	10.08863
56	1800.00000	10.08863
56	2000.00000	10.08863
56	2200.00000	10.08863
56	2400.00000	11.62046
56	2600.00000	11.62046
56	2800.00000	11.62046
56	3000.00000	11.62046
56	3200.00000	9.88827
56	3400.00000	9.88827
56	3600.00000	9.88827
56	3800.00000	9.88827
56	4000.00000	11.30350
56	4200.00000	11.30350
56	4400.00000	11.30350
56	4600.00000	11.30350
56	4800.00000	10.80202
56	5000.00000	10.80202
56	5200.00000	10.80202
56	5400.00000	9.74829
56	5600.00000	9.74829
56	5800.00000	9.74829
56	6000.00000	9.74829
56	6200.00000	9.96578
56	6400.00000	9.96578
56	6600.00000	9.96578
56	6800.00000	9.96578
56	7000.00000	9.11826
56	7200.00000	9.11826
56	7400.00000	9.11826
56	7600.00000	9.11826
56	7800.00000	9.60733
56	8000.00000	9.60733
56	8200.00000	9.60733
56	8400.00000	9.60733
56	8600.00000	9.01875
56	8800.00000	9.01875
56	9000.00000	9.01875
56	9200.00000	9.01875
56	9400.00000	10.83681
56	9600.00000	10.83681
56	9800.00000	10.83681
56	10000.00000	9.99990
56	10200.00000	9.99990
56	10400.00000	9.99990
56	10600.00000	9.99990
56	10800.00000	8.44249
56	11000.00000	8.44249
56	11200.00000	8.44249
56	11400.00000	8.44249
56	11600.00000	9.67381
56	11800.00000	9.67381
56	12000.00000	9.67381
56	12200.00000	9.67381
56	12400.00000	9.80998
56	12600.00000	9.80998
56	12800.00000	9.80998
56	13000.00000	9.80998
56	13200.00000	8.92100
56	13400.00000	8.92100
56	13600.00000	8.92100
56	13800.00000	8.92100
56	14000.00000	10.12917
56	14200.00000	10.12917
56	14400.00000	10.12917
56	14600.00000	9.39807
56	14800.00000	9.39807
56	15000.00000	9.39807
56	15200.00000	9.39807
56	15400.00000	8.13811
56	15600.00000	8.13811
56	15800.00000	8.13811
56	16000.00000	8.13811
56	16200.00000	8.02520
56	16400.00000	8.02520
56	16600.00000	8.02520
56	16800.00000	8.02520
56	17000.00000	9.66175
56	17200.00000	9.66175
56	17400.00000	9.66175
56	17600.00000	9.66175
56	17800.00000	7.94932
56	18000.00000	7.94932
56	18200.00000	7.94932
56	18400.00000	7.94932
56	18600.00000	7.47783
56	18800.00000	7.47783
56	19000.00000	7.47783
56	19200.00000	9.09679
56	19400.00000	9.09679
56	19600.00000	9.09679
56	19800.00000	9.09679
56	20000.00000	8.01530
57	0.00000	10.42218
57	200.00000	10.42218
57	400.00000	10.42218
57	600.00000	10.42218
57	800.00000	11.88685
57	1000.00000	11.88685
57	1200.00000	11.88685
57	1400.00000	11.88685
57	1600.00000	10.17193
57	1800.00000	10.17193
57	2000.00000	10.17193
57	2200.00000	10.17193
57	2400.00000	11.57165
57	2600.00000	11.57165
57	2800.00000	11.57165
57	3000.00000	11.57165
57	3200.00000	10.06138
57	3400.00000	10.06138
57	3600.00000	10.06138
57	3800.00000	10.06138
57	4000.00000	10.84326
57	4200.00000	10.84326
57	4400.00000	10.84326
57	4600.00000	10.84326
57	4800.00000	11.11816
57	5000.00000	11.11816
57	5200.00000	11.11816
57	5400.00000	10.23289
57	5600.00000	10.23289
57	5800.00000	10.23289
57	6000.00000	10.23289
57	6200.00000	9.26095
57	6400.00000	9.26095
57	6600.00000	9.26095
57	6800.00000	9.26095
57	7000.00000	9.59630
57	7200.00000	9.59630
57	7400.00000	9.59630
57	7600.00000	9.59630
57	7800.00000	9.56745
57	8000.00000	9.56745
57	8200.00000	9.56745
57	8400.00000	9.56745
57	8600.00000	9.33391
57	8800.00000	9.33391
57	9000.00000	9.33391
57	9200.00000	9.33391
57	9400.00000	10.58507
57	9600.00000	10.58507
57	9800.00000	10.58507
57	10000.00000	10.51310
57	10200.00000	10.51310
57	10400.00000	10.51310
57	10600.00000	10.51310
57	10800.00000	8.64863
57	11000.00000	8.64863
57	11200.00000	8.64863
57	11400.00000	8.64863
57	11600.00000	10.20579
57	11800.00000	10.20579
57	12000.00000	10.20579
57	12200.00000	10.20579
57	12400.00000	10.53998
57	12600.00000	10.53998
57	12800.00000	10.53998
57	13000.00000	10.53998
57	13200.00000	8.94261
57	13400.00000	8.94261
57	13600.00000	8.94261
57	13800.00000	8.94261
57	14000.00000	9.31669
57	14200.00000	9.31669
57	14400.00000	9.31669
57	14600.00000	9.67333
57	14800.00000	9.67333
57	15000.00000	9.67333
57	15200.00000	9.67333
57	15400.00000	9.20243
57	15600.00000	9.20243
57	15800.00000	9.20243
57	16000.00000	9.20243
57	16200.00000	8.61930
57	16400.00000	8.61930
57	16600.00000	8.61930
57	16800.00000	8.61930
57	17000.00000	8.10335
57	17200.00000	8.10335
57	17400.00000	8.10335
57	17600.00000	8.10335
57	17800.00000	9.41745
57	18000.00000	9.41745
57	18200.00000	9.41745
57	18400.00000	9.41745
57	18600.00000	8.45412
57	18800.00000	8.45412
57	19000.00000	8.45412
57	19200.00000	8.83011
57	19400.00000	8.83011
57	19600.00000	8.83011
57	19800.00000	8.83011
57	20000.00000	7.51226
58	0.00000	10.52266
58	200.00000	10.52266
58	400.00000	10.52266
58	600.00000	10.52266
58	800.00000	12.17839
58	1000.00000	12.17839
58	1200.00000	12.17839
58	1400.00000	12.17839
58	1600.00000	10.04429
58	1800.00000	10.04429
58	2000.00000	10.04429
58	2200.00000	10.04429
58	2400.00000	11.74461
58	2600.00000	11.74461
58	2800.00000	11.74461
58	3000.00000	11.74461
58	3200.00000	10.24346
58	3400.00000	10.24346
58	3600.00000	10.24346
58	3800.00000	10.24346
58	4000.00000	10.47889
58	4200.00000	10.47889
58	4400.00000	10.47889
58	4600.00000	10.47889
58	4800.00000	11.24912
58	5000.00000	11.24912
58	5200.00000	11.24912
58	5400.00000	9.77740
58	5600.00000	9.77740
58	5800.00000	9.77740
58	6000.00000	9.77740
58	6200.00000	9.96760
58	6400.00000	9.96760
58	6600.00000	9.96760
58	6800.00000	9.96760
58	7000.00000	8.91160
58	7200.00000	8.91160
58	7400.00000	8.91160
58	7600.00000	8.91160
58	7800.00000	11.02215
58	8000.00000	11.02215
58	8200.00000	11.02215
58	8400.00000	11.02215
58	8600.00000	9.06575
58	8800.00000	9.06575
58	9000.00000	9.06575
58	9200.00000	9.06575
58	9400.00000	10.89609
58	9600.00000	10.89609
58	9800.00000	10.89609
58	10000.00000	9.90230
58	10200.00000	9.90230
58	10400.00000	9.90230
58	10600.00000	9.90230
58	10800.00000	8.46846
58	11000.00000	8.46846
58	11200.00000	8.46846
58	11400.00000	8.46846
58	11600.00000	10.57613
58	11800.00000	10.57613
58	12000.00000	10.57613
58	12200.00000	10.57613
58	12400.00000	9.66355
58	12600.00000	9.66355
58	12800.00000	9.66355
58	13000.00000	9.66355
58	13200.00000	8.69821
58	13400.00000	8.69821
58	13600.00000	8.69821
58	13800.00000	8.69821
58	14000.00000	9.91076
58	14200.00000	9.91076
58	14400.00000	9.91076
58	14600.00000	9.82059
58	14800.00000	9.82059
58	15000.00000	9.82059
58	15200.00000	9.82059
58	15400.00000	8.22938
58	15600.00000	8.22938
58	15800.00000	8.22938
58	16000.00000	8.22938
58	16200.00000	9.49671
58	16400.00000	9.49671
58	16600.00000	9.49671
58	16800.00000	9.49671
58	17000.00000	9.54104
58	17200.00000	9.54104
58	17400.00000	9.54104
58	17600.00000	9.54104
58	17800.00000	8.11446
58	18000.00000	8.11446
58	18200.00000	8.11446
58	18400.00000	8.11446
58	18600.00000	7.94748
58	18800.00000	7.94748
58	19000.00000	7.94748
58	19200.00000	8.64929
58	19400.00000	8.64929
58	19600.00000	8.64929
58	19800.00000	8.64929
58	20000.00000	9.20174
59	0.00000	10.54769
59	200.00000	10.54769
59	400.00000	10.54769
59	600.00000	10.54769
59	800.00000	12.09450
59	1000.00000	12.09450
59	1200.00000	12.09450
59	1400.00000	12.09450
59	1600.00000	10.07720
59	1800.00000	10.07720
59	2000.00000	10.07720
59	2200.00000	10.07720
59	2400.00000	11.65156
59	2600.00000	11.65156
59	2800.00000	11.65156
59	3000.00000	11.65156
59	3200.00000	9.82526
59	3400.00000	9.82526
59	3600.00000	9.82526
59	3800.00000	9.82526
59	4000.00000	11.05211
59	4200.00000	11.05211
59	4400.00000	11.05211
59	4600.00000	11.05211
59	4800.00000	11.49208
59	5000.00000	11.49208
59	5200.00000	11.49208
59	5400.00000	9.56288
59	5600.00000	9.56288
59	5800.00000	9.56288
59	6000.00000	9.56288
59	6200.00000	10.04631
59	6400.00000	10.04631
59	6600.00000	10.04631
59	6800.00000	10.04631
59	7000.00000	9.04985
59	7200.00000	9.04985
59	7400.00000	9.04985
59	7600.00000	9.04985
59	7800.00000	10.25094
59	8000.00000	10.25094
59	8200.00000	10.25094
59	8400.00000	10.25094
59	8600.00000	9.26825
59	8800.00000	9.26825
59	9000.00000	9.26825
59	9200.00000	9.26825
59	9400.00000	11.59621
59	9600.00000	11.59621
59	9800.00000	11.59621
59	10000.00000	10.19044
59	10200.00000	10.19044
59	10400.00000	10.19044
59	10600.00000	10.19044
59	10800.00000	8.47707
59	11000.00000	8.47707
59	11200.00000	8.47707
59	11400.00000	8.47707
59	11600.00000	10.39440
59	11800.00000	10.39440
59	12000.00000	10.39440
59	12200.00000	10.39440
59	12400.00000	10.89499
59	12600.00000	10.89499
59	12800.00000	10.89499
59	13000.00000	10.89499
59	13200.00000	9.73249
59	13400.00000	9.73249
59	13600.00000	9.73249
59	13800.00000	9.73249
59	14000.00000	8.75894
59	14200.00000	8.75894
59	14400.00000	8.75894
59	14600.00000	9.23135
59	14800.00000	9.23135
59	15000.00000	9.23135
59	15200.00000	9.23135
59	15400.00000	8.30182
59	15600.00000	8.30182
59	15800.00000	8.30182
59	16000.00000	8.30182
59	16200.00000	8.16206
59	16400.00000	8.16206
59	16600.00000	8.16206
59	16800.00000	8.16206
59	17000.00000	8.91613
59	17200.00000	8.91613
59	17400.00000	8.91613
59	17600.00000	8.91613
59	17800.00000	9.16367
59	18000.00000	9.16367
59	18200.00000	9.16367
59	18400.00000	9.16367
59	18600.00000	9.12488
59	18800.00000	9.12488
59	19000.00000	9.12488
59	19200.00000	9.01622
59	19400.00000	9.01622
59	19600.00000	9.01622
59	19800.00000	9.01622
59	20000.00000	9.07110
60	0.00000	10.52777
60	200.00000	10.52777
60	400.00000	10.52777
60	600.00000	10.52777
60	800.00000	12.13487
60	1000.00000	12.13487
60	1200.00000	12.13487
60	1400.00000	12.13487
60	1600.00000	10.10153
60	1800.00000	10.10153
60	2000.00000	10.10153
60	2200.00000	10.10153
60	2400.00000	11.63504
60	2600.00000	11.63504
60	2800.00000	11.63504
60	3000.00000	11.63504
60	3200.00000	10.24263
60	3400.00000	10.24263
60	3600.00000	10.24263
60	3800.00000	10.24263
60	4000.00000	10.59223
60	4200.00000	10.59223
60	4400.00000	10.59223
60	4600.00000	10.59223
60	4800.00000	10.80555
60	5000.00000	10.80555
60	5200.00000	10.80555
60	5400.00000	9.91239
60	5600.00000	9.91239
60	5800.00000	9.91239
60	6000.00000	9.91239
60	6200.00000	9.32871
60	6400.00000	9.32871
60	6600.00000	9.32871
60	6800.00000	9.32871
60	7000.00000	9.38425
60	7200.00000	9.38425
60	7400.00000	9.38425
60	7600.00000	9.38425
60	7800.00000	10.53744
60	8000.00000	10.53744
60	8200.00000	10.53744
60	8400.00000	10.53744
60	8600.00000	8.98272
60	8800.00000	8.98272
60	9000.00000	8.98272
60	9200.00000	8.98272
60	9400.00000	9.88374
60	9600.00000	9.88374
60	9800.00000	9.88374
60	10000.00000	11.20739
60	10200.00000	11.20739
60	10400.00000	11.20739
60	10600.00000	11.20739
60	10800.00000	8.75125
60	11000.00000	8.75125
60	11200.00000	8.75125
60	11400.00000	8.75125
60	11600.00000	9.31484
60	11800.00000	9.31484
60	12000.00000	9.31484
60	12200.00000	9.31484
60	12400.00000	9.37432
60	12600.00000	9.37432
60	12800.00000	9.37432
60	13000.00000	9.37432
60	13200.00000	10.00351
60	13400.00000	10.00351
60	13600.00000	10.00351
60	13800.00000	10.00351
60	14000.00000	8.89177
60	14200.00000	8.89177
60	14400.00000	8.89177
60	14600.00000	9.05966
60	14800.00000	9.05966
60	15000.00000	9.05966
60	15200.00000	9.05966
60	15400.00000	8.86183
60	15600.00000	8.86183
60	15800.00000	8.86183
60	16000.00000	8.86183
60	16200.00000	9.53113
60	16400.00000	9.53113
60	16600.00000	9.53113
60	16800.00000	9.53113
60	17000.00000	8.90029
60	17200.00000	8.90029
60	17400.00000	8.90029
60	17600.00000	8.90029
60	17800.00000	8.27577
60	18000.00000	8.27577
60	18200.00000	8.27577
60	18400.00000	8.27577
60	18600.00000	8.45055
60	18800.00000	8.45055
60	19000.00000	8.45055
60	19200.00000	8.29196
60	19400.00000	8.29196
60	19600.00000	8.29196
60	19800.00000	8.29196
60	20000.00000	8.58250
61	0.00000	10.50501
61	200.00000	10.50501
61	400.00000	10.50501
61	600.00000	10.50501
61	800.00000	12.57050
61	1000.00000	12.57050
61	1200.00000	12.57050
61	1400.00000	12.57050
61	1600.00000	10.02493
61	1800.00000	10.02493
61	2000.00000	10.02493
61	2200.00000	10.02493
61	2400.00000	11.53350
61	2600.00000	11.53350
61	2800.00000	11.53350
61	3000.00000	11.53350
61	3200.00000	10.13520
61	3400.00000	10.13520
61	3600.00000	10.13520
61	3800.00000	10.13520
61	4000.00000	11.25819
61	4200.00000	11.25819
61	4400.00000	11.25819
61	4600.00000	11.25819
61	4800.00000	10.70565
61	5000.00000	10.70565
61	5200.00000	10.70565
61	5400.00000	9.44361
61	5600.00000	9.44361
61	5800.00000	9.44361
61	6000.00000	9.44361
61	6200.00000	9.69039
61	6400.00000	9.69039
61	6600.00000	9.69039
61	6800.00000	9.69039
61	7000.00000	9.31231
61	7200.00000	9.31231
61	7400.00000	9.31231
61	7600.00000	9.31231
61	7800.00000	9.87165
61	8000.00000	9.87165
61	8200.00000	9.87165
61	8400.00000	9.87165
61	8600.00000	9.37006
61	8800.00000	9.37006
61	9000.00000	9.37006
61	9200.00000	9.37006
61	9400.00000	10.33810
61	9600.00000	10.33810
61	9800.00000	10.33810
61	10000.00000	9.64425
61	10200.00000	9.64425
61	10400.00000	9.64425
61	10600.00000	9.64425
61	10800.00000	8.62736
61	11000.00000	8.62736
61	11200.00000	8.62736
61	11400.00000	8.62736
61	11600.00000	10.35671
61	11800.00000	10.35671
61	12000.00000	10.35671
61	12200.00000	10.35671
61	12400.00000	9.31997
61	12600.00000	9.31997
61	12800.00000	9.31997
61	13000.00000	9.31997
61	13200.00000	10.11618
61	13400.00000	10.11618
61	13600.00000	10.11618
61	13800.00000	10.11618
61	14000.00000	9.19751
61	14200.00000	9.19751
61	14400.00000	9.19751
61	14600.00000	8.65605
61	14800.00000	8.65605
61	15000.00000	8.65605
61	15200.00000	8.65605
61	15400.00000	9.72004
61	15600.00000	9.72004
61	15800.00000	9.72004
61	16000.00000	9.72004
61	16200.00000	10.08237
61	16400.00000	10.08237
61	16600.00000	10.08237
61	16800.00000	10.08237
61	17000.00000	8.48151
61	17200.00000	8.48151
61	17400.00000	8.48151
61	17600.00000	8.48151
61	17800.00000	8.90156
61	18000.00000	8.90156
61	18200.00000	8.90156
61	18400.00000	8.90156
61	18600.00000	9.14138
61	18800.00000	9.14138
61	19000.00000	9.14138
61	19200.00000	9.06312
61	19400.00000	9.06312
61	19600.00000	9.06312
61	19800.00000	9.06312
61	20000.00000	9.87857
62	0.00000	10.57290
62	200.00000	10.57290
62	400.00000	10.57290
62	600.00000	10.57290
62	800.00000	11.87061
62	1000.00000	11.87061
62	1200.00000	11.87061
62	1400.00000	11.87061
62	1600.00000	10.14781
62	1800.00000	10.14781
62	2000.00000	10.14781
62	2200.00000	10.14781
62	2400.00000	11.49538
62	2600.00000	11.49538
62	2800.00000	11.49538
62	3000.00000	11.49538
62	3200.00000	9.81431
62	3400.00000	9.81431
62	3600.00000	9.81431
62	3800.00000	9.81431
62	4000.00000	11.11476
62	4200.00000	11.11476
62	4400.00000	11.11476
62	4600.00000	11.11476
62	4800.00000	11.06122
62	5000.00000	11.06122
62	5200.00000	11.06122
62	5400.00000	9.81709
62	5600.00000	9.81709
62	5800.00000	9.81709
62	6000.00000	9.81709
62	6200.00000	9.55012
62	6400.00000	9.55012
62	6600.00000	9.55012
62	6800.00000	9.55012
62	7000.00000	9.14446
62	7200.00000	9.14446
62	7400.00000	9.14446
62	7600.00000	9.14446
62	7800.00000	10.34087
62	8000.00000	10.34087
62	8200.00000	10.34087
62	8400.00000	10.34087
62	8600.00000	9.58492
62	8800.00000	9.58492
62	9000.00000	9.58492
62	9200.00000	9.58492
62	9400.00000	10.17957
62	9600.00000	10.17957
62	9800.00000	10.17957
62	10000.00000	8.42929
62	10200.00000	8.42929
62	10400.00000	8.42929
62	10600.00000	8.42929
62	10800.00000	9.58994
62	11000.00000	9.58994
62	11200.00000	9.58994
62	11400.00000	9.58994
62	11600.00000	9.85549
62	11800.00000	9.85549
62	12000.00000	9.85549
62	12200.00000	9.85549
62	12400.00000	10.20270
62	12600.00000	10.20270
62	12800.00000	10.20270
62	13000.00000	10.20270
62	13200.00000	8.97771
62	13400.00000	8.97771
62	13600.00000	8.97771
62	13800.00000	8.97771
62	14000.00000	9.15020
62	14200.00000	9.15020
62	14400.00000	9.15020
62	14600.00000	10.54186
62	14800.00000	10.54186
62	15000.00000	10.54186
62	15200.00000	10.54186
62	15400.00000	9.82466
62	15600.00000	9.82466
62	15800.00000	9.82466
62	16000.00000	9.82466
62	16200.00000	8.93802
62	16400.00000	8.93802
62	16600.00000	8.93802
62	16800.00000	8.93802
62	17000.00000	8.29921
62	17200.00000	8.29921
62	17400.00000	8.29921
62	17600.00000	8.29921
62	17800.00000	8.33583
62	18000.00000	8.33583
62	18200.00000	8.33583
62	18400.00000	8.33583
62	18600.00000	8.42877
62	18800.00000	8.42877
62	19000.00000	8.42877
62	19200.00000	8.00299
62	19400.00000	8.00299
62	19600.00000	8.00299
62	19800.00000	8.00299
62	20000.00000	9.14281
63	0.00000	10.51169
63	200.00000	10.51169
63	400.00000	10.51169
63	600.00000	10.51169
63	800.00000	12.16443
63	1000.00000	12.16443
63	1200.00000	12.16443
63	1400.00000	12.16443
63	1600.00000	10.11367
63	1800.00000	10.11367
63	2000.00000	10.11367
63	2200.00000	10.11367
63	2400.00000	11.86287
63	2600.00000	11.86287
63	2800.00000	11.86287
63	3000.00000	11.86287
63	3200.00000	9.80610
63	3400.00000	9.80610
63	3600.00000	9.80610
63	3800.00000	9.80610
63	4000.00000	12.20002
63	4200.00000	12.20002
63	4400.00000	12.20002
63	4600.00000	12.20002
63	4800.00000	11.11623
63	5000.00000	11.11623
63	5200.00000	11.11623
63	5400.00000	9.63647
63	5600.00000	9.63647
63	5800.00000	9.63647
63	6000.00000	9.63647
63	6200.00000	9.68988
63	6400.00000	9.68988
63	6600.00000	9.68988
63	6800.00000	9.68988
63	7000.00000	9.43611
63	7200.00000	9.43611
63	7400.00000	9.43611
63	7600.00000	9.43611
63	7800.00000	9.64780
63	8000.00000	9.64780
63	8200.00000	9.64780
63	8400.00000	9.64780
63	8600.00000	9.55094
63	8800.00000	9.55094
63	9000.00000	9.55094
63	9200.00000	9.55094
63	9400.00000	10.43359
63	9600.00000	10.43359
63	9800.00000	10.43359
63	10000.00000	8.95665
63	10200.00000	8.95665
63	10400.00000	8.95665
63	10600.00000	8.95665
63	10800.00000	8.53307
63	11000.00000	8.53307
63	11200.00000	8.53307
63	11400.00000	8.53307
63	11600.00000	10.04373
63	11800.00000	10.04373
63	12000.00000	10.04373
63	12200.00000	10.04373
63	12400.00000	9.69566
63	12600.00000	9.69566
63	12800.00000	9.69566
63	13000.00000	9.69566
63	13200.00000	8.98564
63	13400.00000	8.98564
63	13600.00000	8.98564
63	13800.00000	8.98564
63	14000.00000	9.30296
63	14200.00000	9.30296
63	14400.00000	9.30296
63	14600.00000	8.97974
63	14800.00000	8.97974
63	15000.00000	8.97974
63	15200.00000	8.97974
63	15400.00000	8.89676
63	15600.00000	8.89676
63	15800.00000	8.89676
63	16000.00000	8.89676
63	16200.00000	8.75987
63	16400.00000	8.75987
63	16600.00000	8.75987
63	16800.00000	8.75987
63	17000.00000	8.06364
63	17200.00000	8.06364
63	17400.00000	8.06364
63	17600.00000	8.06364
63	17800.00000	8.59666
63	18000.00000	8.59666
63	18200.00000	8.59666
63	18400.00000	8.59666
63	18600.00000	8.00659
63	18800.00000	8.00659
63	19000.00000	8.00659
63	19200.00000	8.18748
63	19400.00000	8.18748
63	19600.00000	8.18748
63	19800.00000	8.18748
63	20000.00000	8.43755
64	0.00000	10.46441
64	200.00000	10.46441
64	400.00000	10.46441
64	600.00000	10.46441
64	800.00000	12.09494
64	1000.00000	12.09494
64	1200.00000	12.09494
64	1400.00000	12.09494
64	1600.00000	10.01384
64	1800.00000	10.01384
64	2000.00000	10.01384
64	2200.00000	10.01384
64	2400.00000	11.67973
64	2600.00000	11.67973
64	2800.00000	11.67973
64	3000.00000	11.67973
64	3200.00000	9.79311
64	3400.00000	9.79311
64	3600.00000	9.79311
64	3800.00000	9.79311
64	4000.00000	12.04722
64	4200.00000	12.04722
64	4400.00000	12.04722
64	4600.00000	12.04722
64	4800.00000	11.15581
64	5000.00000	11.15581
64	5200.00000	11.15581
64	5400.00000	9.50796
64	5600.00000	9.50796
64	5800.00000	9.50796
64	6000.00000	9.50796
64	6200.00000	9.93176
64	6400.00000	9.93176
64	6600.00000	9.93176
64	6800.00000	9.93176
64	7000.00000	9.19856
64	7200.00000	9.19856
64	7400.00000	9.19856
64	7600.00000	9.19856
64	7800.00000	9.68858
64	8000.00000	9.68858
64	8200.00000	9.68858
64	8400.00000	9.68858
64	8600.00000	10.40746
64	8800.00000	10.40746
64	9000.00000	10.40746
64	9200.00000	10.40746
64	9400.00000	11.94036
64	9600.00000	11.94036
64	9800.00000	11.94036
64	10000.00000	8.40050
64	10200.00000	8.40050
64	10400.00000	8.40050
64	10600.00000	8.40050
64	10800.00000	9.94926
64	11000.00000	9.94926
64	11200.00000	9.94926
64	11400.00000	9.94926
64	11600.00000	10.22713
64	11800.00000	10.22713
64	12000.00000	10.22713
64	12200.00000	10.22713
64	12400.00000	9.64605
64	12600.00000	9.64605
64	12800.00000	9.64605
64	13000.00000	9.64605
64	13200.00000	8.77770
64	13400.00000	8.77770
64	13600.00000	8.77770
64	13800.00000	8.77770
64	14000.00000	9.19278
64	14200.00000	9.19278
64	14400.00000	9.19278
64	14600.00000	8.29526
64	14800.00000	8.29526
64	15000.00000	8.29526
64	15200.00000	8.29526
64	15400.00000	10.28997
64	15600.00000	10.28997
64	15800.00000	10.28997
64	16000.00000	10.28997
64	16200.00000	8.20211
64	16400.00000	8.20211
64	16600.00000	8.20211
64	16800.00000	8.20211
64	17000.00000	8.74209
64	17200.00000	8.74209
64	17400.00000	8.74209
64	17600.00000	8.74209
64	17800.00000	9.25091
64	18000.00000	9.25091
64	18200.00000	9.25091
64	18400.00000	9.25091
64	18600.00000	8.23243
64	18800.00000	8.23243
64	19000.00000	8.23243
64	19200.00000	9.22674
64	19400.00000	9.22674
64	19600.00000	9.22674
64	19800.00000	9.22674
64	20000.00000	8.54244
65	0.00000	10.55364
65	200.00000	10.55364
65	400.00000	10.55364
65	600.00000	10.55364
65	800.00000	12.09161
65	1000.00000	12.09161
65	1200.00000	12.09161
65	1400.00000	12.09161
65	1600.00000	10.16400
65	1800.00000	10.16400
65	2000.00000	10.16400
65	2200.00000	10.16400
65	2400.00000	11.63908
65	2600.00000	11.63908
65	2800.00000	11.63908
65	3000.00000	11.63908
65	3200.00000	9.85506
65	3400.00000	9.85506
65	3600.00000	9.85506
65	3800.00000	9.85506
65	4000.00000	11.83241
65	4200.00000	11.83241
65	4400.00000	11.83241
65	4600.00000	11.83241
65	4800.00000	10.84974
65	5000.00000	10.84974
65	5200.00000	10.84974
65	5400.00000	9.65541
65	5600.00000	9.65541
65	5800.00000	9.65541
65	6000.00000	9.65541
65	6200.00000	9.92336
65	6400.00000	9.92336
65	6600.00000	9.92336
65	6800.00000	9.92336
65	7000.00000	8.96217
65	7200.00000	8.96217
65	7400.00000	8.96217
65	7600.00000	8.96217
65	7800.00000	9.52416
65	8000.00000	9.52416
65	8200.00000	9.52416
65	8400.00000	9.52416
65	8600.00000	11.04246
65	8800.00000	11.04246
65	9000.00000	11.04246
65	9200.00000	11.04246
65	9400.00000	11.42713
65	9600.00000	11.42713
65	9800.00000	11.42713
65	10000.00000	8.45567
65	10200.00000	8.45567
65	10400.00000	8.45567
65	10600.00000	8.45567
65	10800.00000	10.52569
65	11000.00000	10.52569
65	11200.00000	10.52569
65	11400.00000	10.52569
65	11600.00000	10.51709
65	11800.00000	10.51709
65	12000.00000	10.51709
65	12200.00000	10.51709
65	12400.00000	10.23341
65	12600.00000	10.23341
65	12800.00000	10.23341
65	13000.00000	10.23341
65	13200.00000	10.31260
65	13400.00000	10.31260
65	13600.00000	10.31260
65	13800.00000	10.31260
65	14000.00000	8.64132
65	14200.00000	8.64132
65	14400.00000	8.64132
65	14600.00000	9.43825
65	14800.00000	9.43825
65	15000.00000	9.43825
65	15200.00000	9.43825
65	15400.00000	8.22465
65	15600.00000	8.22465
65	15800.00000	8.22465
65	16000.00000	8.22465
65	16200.00000	8.52533
65	16400.00000	8.52533
65	16600.00000	8.52533
65	16800.00000	8.52533
65	17000.00000	8.33589
65	17200.00000	8.33589
65	17400.00000	8.33589
65	17600.00000	8.33589
65	17800.00000	8.57001
65	18000.00000	8.57001
65	18200.00000	8.57001
65	18400.00000	8.57001
65	18600.00000	7.90638
65	18800.00000	7.90638
65	19000.00000	7.90638
65	19200.00000	8.71288
65	19400.00000	8.71288
65	19600.00000	8.71288
65	19800.00000	8.71288
65	20000.00000	9.42769
66	0.00000	10.47867
66	200.00000	10.47867
66	400.00000	10.47867
66	600.00000	10.47867
66	800.00000	12.14300
66	1000.00000	12.14300
66	1200.00000	12.14300
66	1400.00000	12.14300
66	1600.00000	10.11369
66	1800.00000	10.11369
66	2000.00000	10.11369
66	2200.00000	10.11369
66	2400.00000	11.39252
66	2600.00000	11.39252
66	2800.00000	11.39252
66	3000.00000	11.39252
66	3200.00000	9.86200
66	3400.00000	9.86200
66	3600.00000	9.86200
66	3800.00000	9.86200
66	4000.00000	11.57629
66	4200.00000	11.57629
66	4400.00000	11.57629
66	4600.00000	11.57629
66	4800.00000	10.58651
66	5000.00000	10.58651
66	5200.00000	10.58651
66	5400.00000	9.62243
66	5600.00000	9.62243
66	5800.00000	9.62243
66	6000.00000	9.62243
66	6200.00000	9.76617
66	6400.00000	9.76617
66	6600.00000	9.76617
66	6800.00000	9.76617
66	7000.00000	8.68875
66	7200.00000	8.68875
66	7400.00000	8.68875
66	7600.00000	8.68875
66	7800.00000	9.57386
66	8000.00000	9.57386
66	8200.00000	9.57386
66	8400.00000	9.57386
66	8600.00000	10.22140
66	8800.00000	10.22140
66	9000.00000	10.22140
66	9200.00000	10.22140
66	9400.00000	10.62086
66	9600.00000	10.62086
66	9800.00000	10.62086
66	10000.00000	8.79799
66	10200.00000	8.79799
66	10400.00000	8.79799
66	10600.00000	8.79799
66	10800.00000	9.75092
66	11000.00000	9.75092
66	11200.00000	9.75092
66	11400.00000	9.75092
66	11600.00000	9.77922
66	11800.00000	9.77922
66	12000.00000	9.77922
66	12200.00000	9.77922
66	12400.00000	9.65033
66	12600.00000	9.65033
66	12800.00000	9.65033
66	13000.00000	9.65033
66	13200.00000	9.79596
66	13400.00000	9.79596
66	13600.00000	9.79596
66	13800.00000	9.79596
66	14000.00000	9.12649
66	14200.00000	9.12649
66	14400.00000	9.12649
66	14600.00000	8.12492
66	14800.00000	8.12492
66	15000.00000	8.12492
66	15200.00000	8.12492
66	15400.00000	9.37803
66	15600.00000	9.37803
66	15800.00000	9.37803
66	16000.00000	9.37803
66	16200.00000	9.26399
66	16400.00000	9.26399
66	16600.00000	9.26399
66	16800.00000	9.26399
66	17000.00000	8.50527
66	17200.00000	8.50527
66	17400.00000	8.50527
66	17600.00000	8.50527
66	17800.00000	8.08051
66	18000.00000	8.08051
66	18200.00000	8.08051
66	18400.00000	8.08051
66	18600.00000	8.21238
66	18800.00000	8.21238
66	19000.00000	8.21238
66	19200.00000	9.46306
66	19400.00000	9.46306
66	19600.00000	9.46306
66	19800.00000	9.46306
66	20000.00000	9.39113
67	0.00000	10.48203
67	200.00000	10.48203
67	400.00000	10.48203
67	600.00000	10.48203
67	800.00000	12.15986
67	1000.00000	12.15986
67	1200.00000	12.15986
67	1400.00000	12.15986
67	1600.00000	10.11125
67	1800.00000	10.11125
67	2000.00000	10.11125
67	2200.00000	10.11125
67	2400.00000	11.25515
67	2600.00000	11.25515
67	2800.00000	11.25515
67	3000.00000	11.25515
67	3200.00000	9.87598
67	3400.00000	9.87598
67	3600.00000	9.87598
67	3800.00000	9.87598
67	4000.00000	10.91195
67	4200.00000	10.91195
67	4400.00000	10.91195
67	4600.00000	10.91195
67	4800.00000	10.51497
67	5000.00000	10.51497
67	5200.00000	10.51497
67	5400.00000	9.54108
67	5600.00000	9.54108
67	5800.00000	9.54108
67	6000.00000	9.54108
67	6200.00000	9.79165
67	6400.00000	9.79165
67	6600.00000	9.79165
67	6800.00000	9.79165
67	7000.00000	9.07638
67	7200.00000	9.07638
67	7400.00000	9.07638
67	7600.00000	9.07638
67	7800.00000	9.90153
67	8000.00000	9.90153
67	8200.00000	9.90153
67	8400.00000	9.90153
67	8600.00000	10.93277
67	8800.00000	10.93277
67	9000.00000	10.93277
67	9200.00000	10.93277
67	9400.00000	10.22102
67	9600.00000	10.22102
67	9800.00000	10.22102
67	10000.00000	8.44919
67	10200.00000	8.44919
67	10400.00000	8.44919
67	10600.00000	8.44919
67	10800.00000	9.98069
67	11000.00000	9.98069
67	11200.00000	9.98069
67	11400.00000	9.98069
67	11600.00000	11.01306
67	11800.00000	11.01306
67	12000.00000	11.01306
67	12200.00000	11.01306
67	12400.00000	10.36347
67	12600.00000	10.36347
67	12800.00000	10.36347
67	13000.00000	10.36347
67	13200.00000	9.98058
67	13400.00000	9.98058
67	13600.00000	9.98058
67	13800.00000	9.98058
67	14000.00000	9.00746
67	14200.00000	9.00746
67	14400.00000	9.00746
67	14600.00000	8.87976
67	14800.00000	8.87976
67	15000.00000	8.87976
67	15200.00000	8.87976
67	15400.00000	9.16158
67	15600.00000	9.16158
67	15800.00000	9.16158
67	16000.00000	9.16158
67	16200.00000	9.18492
67	16400.00000	9.18492
67	16600.00000	9.18492
67	16800.00000	9.18492
67	17000.00000	8.95607
67	17200.00000	8.95607
67	17400.00000	8.95607
67	17600.00000	8.95607
67	17800.00000	8.46322
67	18000.00000	8.46322
67	18200.00000	8.46322
67	18400.00000	8.46322
67	18600.00000	8.14018
67	18800.00000	8.14018
67	19000.00000	8.14018
67	19200.00000	7.47777
67	19400.00000	7.47777
67	19600.00000	7.47777
67	19800.00000	7.47777
67	20000.00000	8.06089
68	0.00000	10.49867
68	200.00000	10.49867
68	400.00000	10.49867
68	600.00000	10.49867
68	800.00000	12.48944
68	1000.00000	12.48944
68	1200.00000	12.48944
68	1400.00000	12.48944
68	1600.00000	10.10829
68	1800.00000	10.10829
68	2000.00000	10.10829
68	2200.00000	10.10829
68	2400.00000	11.84939
68	2600.00000	11.84939
68	2800.00000	11.84939
68	3000.00000	11.84939
68	3200.00000	10.39678
68	3400.00000	10.39678
68	3600.00000	10.39678
68	3800.00000	10.39678
68	4000.00000	10.15886
68	4200.00000	10.15886
68	4400.00000	10.15886
68	4600.00000	10.15886
68	4800.00000	11.42505
68	5000.00000	11.42505
68	5200.00000	11.42505
68	5400.00000	9.52820
68	5600.00000	9.52820
68	5800.00000	9.52820
68	6000.00000	9.52820
68	6200.00000	9.88696
68	6400.00000	9.88696
68	6600.00000	9.88696
68	6800.00000	9.88696
68	7000.00000	9.07361
68	7200.00000	9.07361
68	7400.00000	9.07361
68	7600.00000	9.07361
68	7800.00000	9.70610
68	8000.00000	9.70610
68	8200.00000	9.70610
68	8400.00000	9.70610
68	8600.00000	9.38902
68	8800.00000	9.38902
68	9000.00000	9.38902
68	9200.00000	9.38902
68	9400.00000	10.35238
68	9600.00000	10.35238
68	9800.00000	10.35238
68	10000.00000	9.95699
68	10200.00000	9.95699
68	10400.00000	9.95699
68	10600.00000	9.95699
68	10800.00000	8.10626
68	11000.00000	8.10626
68	11200.00000	8.10626
68	11400.00000	8.10626
68	11600.00000	10.22392
68	11800.00000	10.22392
68	12000.00000	10.22392
68	12200.00000	10.22392
68	12400.00000	10.20699
68	12600.00000	10.20699
68	12800.00000	10.20699
68	13000.00000	10.20699
68	13200.00000	9.86797
68	13400.00000	9.86797
68	13600.00000	9.86797
68	13800.00000	9.86797
68	14000.00000	8.57459
68	14200.00000	8.57459
68	14400.00000	8.57459
68	14600.00000	9.31523
68	14800.00000	9.31523
68	15000.00000	9.31523
68	15200.00000	9.31523
68	15400.00000	8.88636
68	15600.00000	8.88636
68	15800.00000	8.88636
68	16000.00000	8.88636
68	16200.00000	9.95389
68	16400.00000	9.95389
68	16600.00000	9.95389
68	16800.00000	9.95389
68	17000.00000	8.73615
68	17200.00000	8.73615
68	17400.00000	8.73615
68	17600.00000	8.73615
68	17800.00000	8.53563
68	18000.00000	8.53563
68	18200.00000	8.53563
68	18400.00000	8.53563
68	18600.00000	8.76251
68	18800.00000	8.76251
68	19000.00000	8.76251
68	19200.00000	8.56462
68	19400.00000	8.56462
68	19600.00000	8.56462
68	19800.00000	8.56462
68	20000.00000	9.43462
69	0.00000	10.58343
69	200.00000	10.58343
69	400.00000	10.58343
69	600.00000	10.58343
69	800.00000	11.58748
69	1000.00000	11.58748
69	1200.00000	11.58748
69	1400.00000	11.58748
69	1600.00000	10.21304
69	1800.00000	10.21304
69	2000.00000	10.21304
69	2200.00000	10.21304
69	2400.00000	11.33097
69	2600.00000	11.33097
69	2800.00000	11.33097
69	3000.00000	11.33097
69	3200.00000	10.26305
69	3400.00000	10.26305
69	3600.00000	10.26305
69	3800.00000	10.26305
69	4000.00000	10.51264
69	4200.00000	10.51264
69	4400.00000	10.51264
69	4600.00000	10.51264
69	4800.00000	10.58971
69	5000.00000	10.58971
69	5200.00000	10.58971
69	5400.00000	9.78263
69	5600.00000	9.78263
69	5800.00000	9.78263
69	6000.00000	9.78263
69	6200.00000	9.73586
69	6400.00000	9.73586
69	6600.00000	9.73586
69	6800.00000	9.73586
69	7000.00000	8.70344
69	7200.00000	8.70344
69	7400.00000	8.70344
69	7600.00000	8.70344
69	7800.00000	9.78966
69	8000.00000	9.78966
69	8200.00000	9.78966
69	8400.00000	9.78966
69	8600.00000	10.53463
69	8800.00000	10.53463
69	9000.00000	10.53463
69	9200.00000	10.53463
69	9400.00000	10.93270
69	9600.00000	10.93270
69	9800.00000	10.93270
69	10000.00000	9.65714
69	10200.00000	9.65714
69	10400.00000	9.65714
69	10600.00000	9.65714
69	10800.00000	9.08001
69	11000.00000	9.08001
69	11200.00000	9.08001
69	11400.00000	9.08001
69	11600.00000	9.27863
69	11800.00000	9.27863
69	12000.00000	9.27863
69	12200.00000	9.27863
69	12400.00000	9.62458
69	12600.00000	9.62458
69	12800.00000	9.62458
69	13000.00000	9.62458
69	13200.00000	9.07998
69	13400.00000	9.07998
69	13600.00000	9.07998
69	13800.00000	9.07998
69	14000.00000	8.15201
69	14200.00000	8.15201
69	14400.00000	8.15201
69	14600.00000	9.68216
69	14800.00000	9.68216
69	15000.00000	9.68216
69	15200.00000	9.68216
69	15400.00000	9.34911
69	15600.00000	9.34911
69	15800.00000	9.34911
69	16000.00000	9.34911
69	16200.00000	9.04986
69	16400.00000	9.04986
69	16600.00000	9.04986
69	16800.00000	9.04986
69	17000.00000	8.07713
69	17200.00000	8.07713
69	17400.00000	8.07713
69	17600.00000	8.07713
69	17800.00000	7.89301
69	18000.00000	7.89301
69	18200.00000	7.89301
69	18400.00000	7.89301
69	18600.00000	7.45943
69	18800.00000	7.45943
69	19000.00000	7.45943
69	19200.00000	8.23331
69	19400.00000	8.23331
69	19600.00000	8.23331
69	19800.00000	8.23331
69	20000.00000	9.10510
70	0.00000	10.51148
70	200.00000	10.51148
70	400.00000	10.51148
70	600.00000	10.51148
70	800.00000	11.90851
70	1000.00000	11.90851
70	1200.00000	11.90851
70	1400.00000	11.90851
70	1600.00000	10.07925
70	1800.00000	10.07925
70	2000.00000	10.07925
70	2200.00000	10.07925
70	2400.00000	12.09071
70	2600.00000	12.09071
70	2800.00000	12.09071
70	3000.00000	12.09071
70	3200.00000	9.86219
70	3400.00000	9.86219
70	3600.00000	9.86219
70	3800.00000	9.86219
70	4000.00000	11.64306
70	4200.00000	11.64306
70	4400.00000	11.64306
70	4600.00000	11.64306
70	4800.00000	10.08844
70	5000.00000	10.08844
70	5200.00000	10.08844
70	5400.00000	9.61445
70	5600.00000	9.61445
70	5800.00000	9.61445
70	6000.00000	9.61445
70	6200.00000	10.07201
70	6400.00000	10.07201
70	6600.00000	10.07201
70	6800.00000	10.07201
70	7000.00000	9.18851
70	7200.00000	9.18851
70	7400.00000	9.18851
70	7600.00000	9.18851
70	7800.00000	10.73414
70	8000.00000	10.73414
70	8200.00000	10.73414
70	8400.00000	10.73414
70	8600.00000	9.12483
70	8800.00000	9.12483
70	9000.00000	9.12483
70	9200.00000	9.12483
70	9400.00000	10.01778
70	9600.00000	10.01778
70	9800.00000	10.01778
70	10000.00000	11.26359
70	10200.00000	11.26359
70	10400.00000	11.26359
70	10600.00000	11.26359
70	10800.00000	8.72472
70	11000.00000	8.72472
70	11200.00000	8.72472
70	11400.00000	8.72472
70	11600.00000	10.81643
70	11800.00000	10.81643
70	12000.00000	10.81643
70	12200.00000	10.81643
70	12400.00000	10.40944
70	12600.00000	10.40944
70	12800.00000	10.40944
70	13000.00000	10.40944
70	13200.00000	9.23897
70	13400.00000	9.23897
70	13600.00000	9.23897
70	13800.00000	9.23897
70	14000.00000	8.10390
70	14200.00000	8.10390
70	14400.00000	8.10390
70	14600.00000	8.91101
70	14800.00000	8.91101
70	15000.00000	8.91101
70	15200.00000	8.91101
70	15400.00000	11.60034
70	15600.00000	11.60034
70	15800.00000	11.60034
70	16000.00000	11.60034
70	16200.00000	8.60110
70	16400.00000	8.60110
70	16600.00000	8.60110
70	16800.00000	8.60110
70	17000.00000	7.86054
70	17200.00000	7.86054
70	17400.00000	7.86054
70	17600.00000	7.86054
70	17800.00000	8.99163
70	18000.00000	8.99163
70	18200.00000	8.99163
70	18400.00000	8.99163
70	18600.00000	7.39488
70	18800.00000	7.39488
70	19000.00000	7.39488
70	19200.00000	8.37408
70	19400.00000	8.37408
70	19600.00000	8.37408
70	19800.00000	8.37408
70	20000.00000	8.77357
71	0.00000	10.51093
71	200.00000	10.51093
71	400.00000	10.51093
71	600.00000	10.51093
71	800.00000	12.14071
71	1000.00000	12.14071
71	1200.00000	12.14071
71	1400.00000	12.14071
71	1600.00000	10.02846
71	1800.00000	10.02846
71	2000.00000	10.02846
71	2200.00000	10.02846
71	2400.00000	11.32246
71	2600.00000	11.32246
71	2800.00000	11.32246
71	3000.00000	11.32246
71	3200.00000	10.09731
71	3400.00000	10.09731
71	3600.00000	10.09731
71	3800.00000	10.09731
71	4000.00000	11.56325
71	4200.00000	11.56325
71	4400.00000	11.56325
71	4600.00000	11.56325
71	4800.00000	10.28371
71	5000.00000	10.28371
71	5200.00000	10.28371
71	5400.00000	9.57944
71	5600.00000	9.57944
71	5800.00000	9.57944
71	6000.00000	9.57944
71	6200.00000	9.98231
71	6400.00000	9.98231
71	6600.00000	9.98231
71	6800.00000	9.98231
71	7000.00000	8.92676
71	7200.00000	8.92676
71	7400.00000	8.92676
71	7600.00000	8.92676
71	7800.00000	10.05737
71	8000.00000	10.05737
71	8200.00000	10.05737
71	8400.00000	10.05737
71	8600.00000	9.66122
71	8800.00000	9.66122
71	9000.00000	9.66122
71	9200.00000	9.66122
71	9400.00000	10.86297
71	9600.00000	10.86297
71	9800.00000	10.86297
71	10000.00000	9.88741
71	10200.00000	9.88741
71	10400.00000	9.88741
71	10600.00000	9.88741
71	10800.00000	8.91563
71	11000.00000	8.91563
71	11200.00000	8.91563
71	11400.00000	8.91563
71	11600.00000	9.82297
71	11800.00000	9.82297
71	12000.00000	9.82297
71	12200.00000	9.82297
71	12400.00000	9.55739
71	12600.00000	9.55739
71	12800.00000	9.55739
71	13000.00000	9.55739
71	13200.00000	9.52390
71	13400.00000	9.52390
71	13600.00000	9.52390
71	13800.00000	9.52390
71	14000.00000	8.25489
71	14200.00000	8.25489
71	14400.00000	8.25489
71	14600.00000	8.58513
71	14800.00000	8.58513
71	15000.00000	8.58513
71	15200.00000	8.58513
71	15400.00000	10.63317
71	15600.00000	10.63317
71	15800.00000	10.63317
71	16000.00000	10.63317
71	16200.00000	9.76214
71	16400.00000	9.76214
71	16600.00000	9.76214
71	16800.00000	9.76214
71	17000.00000	8.28801
71	17200.00000	8.28801
71	17400.00000	8.28801
71	17600.00000	8.28801
71	17800.00000	9.49012
71	18000.00000	9.49012
71	18200.00000	9.49012
71	18400.00000	9.49012
71	18600.00000	8.27265
71	18800.00000	8.27265
71	19000.00000	8.27265
71	19200.00000	9.35851
71	19400.00000	9.35851
71	19600.00000	9.35851
71	19800.00000	9.35851
71	20000.00000	8.97383
72	0.00000	10.53500
72	200.00000	10.53500
72	400.00000	10.53500
72	600.00000	10.53500
72	800.00000	12.10846
72	1000.00000	12.10846
72	1200.00000	12.10846
72	1400.00000	12.10846
72	1600.00000	10.13063
72	1800.00000	10.13063
72	2000.00000	10.13063
72	2200.00000	10.13063
72	2400.00000	12.25569
72	2600.00000	12.25569
72	2800.00000	12.25569
72	3000.00000	12.25569
72	3200.00000	10.18817
72	3400.00000	10.18817
72	3600.00000	10.18817
72	3800.00000	10.18817
72	4000.00000	10.53093
72	4200.00000	10.53093
72	4400.00000	10.53093
72	4600.00000	10.53093
72	4800.00000	12.03138
72	5000.00000	12.03138
72	5200.00000	12.03138
72	5400.00000	9.47939
72	5600.00000	9.47939
72	5800.00000	9.47939
72	6000.00000	9.47939
72	6200.00000	10.29805
72	6400.00000	10.29805
72	6600.00000	10.29805
72	6800.00000	10.29805
72	7000.00000	8.79128
72	7200.00000	8.79128
72	7400.00000	8.79128
72	7600.00000	8.79128
72	7800.00000	10.62932
72	8000.00000	10.62932
72	8200.00000	10.62932
72	8400.00000	10.62932
72	8600.00000	9.70023
72	8800.00000	9.70023
72	9000.00000	9.70023
72	9200.00000	9.70023
72	9400.00000	9.62732
72	9600.00000	9.62732
72	9800.00000	9.62732
72	10000.00000	10.78266
72	10200.00000	10.78266
72	10400.00000	10.78266
72	10600.00000	10.78266
72	10800.00000	8.48649
72	11000.00000	8.48649
72	11200.00000	8.48649
72	11400.00000	8.48649
72	11600.00000	10.60690
72	11800.00000	10.60690
72	12000.00000	10.60690
72	12200.00000	10.60690
72	12400.00000	10.76891
72	12600.00000	10.76891
72	12800.00000	10.76891
72	13000.00000	10.76891
72	13200.00000	9.22213
72	13400.00000	9.22213
72	13600.00000	9.22213
72	13800.00000	9.22213
72	14000.00000	9.52276
72	14200.00000	9.52276
72	14400.00000	9.52276
72	14600.00000	9.05031
72	14800.00000	9.05031
72	15000.00000	9.05031
72	15200.00000	9.05031
72	15400.00000	8.88205
72	15600.00000	8.88205
72	15800.00000	8.88205
72	16000.00000	8.88205
72	16200.00000	8.24193
72	16400.00000	8.24193
72	16600.00000	8.24193
72	16800.00000	8.24193
72	17000.00000	8.73290
72	17200.00000	8.73290
72	17400.00000	8.73290
72	17600.00000	8.73290
72	17800.00000	8.32110
72	18000.00000	8.32110
72	18200.00000	8.32110
72	18400.00000	8.32110
72	18600.00000	7.19116
72	18800.00000	7.19116
72	19000.00000	7.19116
72	19200.00000	9.39291
72	19400.00000	9.39291
72	19600.00000	9.39291
72	19800.00000	9.39291
72	20000.00000	8.90941
73	0.00000	10.62720
73	200.00000	10.62720
73	400.00000	10.62720
73	600.00000	10.62720
73	800.00000	12.63749
73	1000.00000	12.63749
73	1200.00000	12.63749
73	1400.00000	12.63749
73	1600.00000	9.93495
73	1800.00000	9.93495
73	2000.00000	9.93495
73	2200.00000	9.93495
73	2400.00000	11.92552
73	2600.00000	11.92552
73	2800.00000	11.92552
73	3000.00000	11.92552
73	3200.00000	10.23876
73	3400.00000	10.23876
73	3600.00000	10.23876
73	3800.00000	10.23876
73	4000.00000	10.68754
73	4200.00000	10.68754
73	4400.00000	10.68754
73	4600.00000	10.68754
73	4800.00000	12.89357
73	5000.00000	12.89357
73	5200.00000	12.89357
73	5400.00000	9.39754
73	5600.00000	9.39754
73	5800.00000	9.39754
73	6000.00000	9.39754
73	6200.00000	9.87939
73	6400.00000	9.87939
73	6600.00000	9.87939
73	6800.00000	9.87939
73	7000.00000	8.80929
73	7200.00000	8.80929
73	7400.00000	8.80929
73	7600.00000	8.80929
73	7800.00000	10.21119
73	8000.00000	10.21119
73	8200.00000	10.21119
73	8400.00000	10.21119
73	8600.00000	9.55450
73	8800.00000	9.55450
73	9000.00000	9.55450
73	9200.00000	9.55450
73	9400.00000	10.96723
73	9600.00000	10.96723
73	9800.00000	10.96723
73	10000.00000	10.47445
73	10200.00000	10.47445
73	10400.00000	10.47445
73	10600.00000	10.47445
73	10800.00000	8.40518
73	11000.00000	8.40518
73	11200.00000	8.40518
73	11400.00000	8.40518
73	11600.00000	10.27763
73	11800.00000	10.27763
73	12000.00000	10.27763
73	12200.00000	10.27763
73	12400.00000	9.79882
73	12600.00000	9.79882
73	12800.00000	9.79882
73	13000.00000	9.79882
73	13200.00000	9.49229
73	13400.00000	9.49229
73	13600.00000	9.49229
73	13800.00000	9.49229
73	14000.00000	9.12932
73	14200.00000	9.12932
73	14400.00000	9.12932
73	14600.00000	9.21056
73	14800.00000	9.21056
73	15000.00000	9.21056
73	15200.00000	9.21056
73	15400.00000	7.84720
73	15600.00000	7.84720
73	15800.00000	7.84720
73	16000.00000	7.84720
73	16200.00000	10.55046
73	16400.00000	10.55046
73	16600.00000	10.55046
73	16800.00000	10.55046
73	17000.00000	9.83650
73	17200.00000	9.83650
73	17400.00000	9.83650
73	17600.00000	9.83650
73	17800.00000	8.40357
73	18000.00000	8.40357
73	18200.00000	8.40357
73	18400.00000	8.40357
73	18600.00000	7.62309
73	18800.00000	7.62309
73	19000.00000	7.62309
73	19200.00000	8.82005
73	19400.00000	8.82005
73	19600.00000	8.82005
73	19800.00000	8.82005
73	20000.00000	8.81971
74	0.00000	10.43554
74	200.00000	10.43554
74	400.00000	10.43554
74	600.00000	10.43554
74	800.00000	12.37479
74	1000.00000	12.37479
74	1200.00000	12.37479
74	1400.00000	12.37479
74	1600.00000	10.10701
74	1800.00000	10.10701
74	2000.00000	10.10701
74	2200.00000	10.10701
74	2400.00000	11.84767
74	2600.00000	11.84767
74	2800.00000	11.84767
74	3000.00000	11.84767
74	3200.00000	10.45953
74	3400.00000	10.45953
74	3600.00000	10.45953
74	3800.00000	10.45953
74	4000.00000	10.09499
74	4200.00000	10.09499
74	4400.00000	10.09499
74	4600.00000	10.09499
74	4800.00000	11.87786
74	5000.00000	11.87786
74	5200.00000	11.87786
74	5400.00000	9.36450
74	5600.00000	9.36450
74	5800.00000	9.36450
74	6000.00000	9.36450
74	6200.00000	9.93022
74	6400.00000	9.93022
74	6600.00000	9.93022
74	6800.00000	9.93022
74	7000.00000	9.08038
74	7200.00000	9.08038
74	7400.00000	9.08038
74	7600.00000	9.08038
74	7800.00000	9.70465
74	8000.00000	9.70465
74	8200.00000	9.70465
74	8400.00000	9.70465
74	8600.00000	9.74782
74	8800.00000	9.74782
74	9000.00000	9.74782
74	9200.00000	9.74782
74	9400.00000	10.39983
74	9600.00000	10.39983
74	9800.00000	10.39983
74	10000.00000	9.54647
74	10200.00000	9.54647
74	10400.00000	9.54647
74	10600.00000	9.54647
74	10800.00000	8.66414
74	11000.00000	8.66414
74	11200.00000	8.66414
74	11400.00000	8.66414
74	11600.00000	10.61420
74	11800.00000	10.61420
74	12000.00000	10.61420
74	12200.00000	10.61420
74	12400.00000	9.61621
74	12600.00000	9.61621
74	12800.00000	9.61621
74	13000.00000	9.61621
74	13200.00000	10.54735
74	13400.00000	10.54735
74	13600.00000	10.54735
74	13800.00000	10.54735
74	14000.00000	9.94724
74	14200.00000	9.94724
74	14400.00000	9.94724
74	14600.00000	8.60742
74	14800.00000	8.60742
74	15000.00000	8.60742
74	15200.00000	8.60742
74	15400.00000	9.32528
74	15600.00000	9.32528
74	15800.00000	9.32528
74	16000.00000	9.32528
74	16200.00000	9.26947
74	16400.00000	9.26947
74	16600.00000	9.26947
74	16800.00000	9.26947
74	17000.00000	9.89592
74	17200.00000	9.89592
74	17400.00000	9.89592
74	17600.00000	9.89592
74	17800.00000	9.85523
74	18000.00000	9.85523
74	18200.00000	9.85523
74	18400.00000	9.85523
74	18600.00000	8.21109
74	18800.00000	8.21109
74	19000.00000	8.21109
74	19200.00000	8.17902
74	19400.00000	8.17902
74	19600.00000	8.17902
74	19800.00000	8.17902
74	20000.00000	9.48196
75	0.00000	10.43428
75	200.00000	10.43428
75	400.00000	10.43428
75	600.00000	10.43428
75	800.00000	12.38874
75	1000.00000	12.38874
75	1200.00000	12.38874
75	1400.00000	12.38874
75	1600.00000	10.16547
75	1800.00000	10.16547
75	2000.00000	10.16547
75	2200.00000	10.16547
75	2400.00000	11.17064
75	2600.00000	11.17064
75	2800.00000	11.17064
75	3000.00000	11.17064
75	3200.00000	10.09665
75	3400.00000	10.09665
75	3600.00000	10.09665
75	3800.00000	10.09665
75	4000.00000	10.95214
75	4200.00000	10.95214
75	4400.00000	10.95214
75	4600.00000	10.95214
75	4800.00000	10.54334
75	5000.00000	10.54334
75	5200.00000	10.54334
75	5400.00000	9.93823
75	5600.00000	9.93823
75	5800.00000	9.93823
75	6000.00000	9.93823
75	6200.00000	9.37191
75	6400.00000	9.37191
75	6600.00000	9.37191
75	6800.00000	9.37191
75	7000.00000	9.23582
75	7200.00000	9.23582
75	7400.00000	9.23582
75	7600.00000	9.23582
75	7800.00000	11.53993
75	8000.00000	11.53993
75	8200.00000	11.53993
75	8400.00000	11.53993
75	8600.00000	9.48238
75	8800.00000	9.48238
75	9000.00000	9.48238
75	9200.00000	9.48238
75	9400.00000	11.60165
75	9600.00000	11.60165
75	9800.00000	11.60165
75	10000.00000	11.47554
75	10200.00000	11.47554
75	10400.00000	11.47554
75	10600.00000	11.47554
75	10800.00000	8.42368
75	11000.00000	8.42368
75	11200.00000	8.42368
75	11400.00000	8.42368
75	11600.00000	10.49404
75	11800.00000	10.49404
75	12000.00000	10.49404
75	12200.00000	10.49404
75	12400.00000	9.78131
75	12600.00000	9.78131
75	12800.00000	9.78131
75	13000.00000	9.78131
75	13200.00000	11.15825
75	13400.00000	11.15825
75	13600.00000	11.15825
75	13800.00000	11.15825
75	14000.00000	8.88061
75	14200.00000	8.88061
75	14400.00000	8.88061
75	14600.00000	8.49381
75	14800.00000	8.49381
75	15000.00000	8.49381
75	15200.00000	8.49381
75	15400.00000	9.73579
75	15600.00000	9.73579
75	15800.00000	9.73579
75	16000.00000	9.73579
75	16200.00000	9.48906
75	16400.00000	9.48906
75	16600.00000	9.48906
75	16800.00000	9.48906
75	17000.00000	8.43947
75	17200.00000	8.43947
75	17400.00000	8.43947
75	17600.00000	8.43947
75	17800.00000	8.89753
75	18000.00000	8.89753
75	18200.00000	8.89753
75	18400.00000	8.89753
75	18600.00000	7.60642
75	18800.00000	7.60642
75	19000.00000	7.60642
75	19200.00000	8.21525
75	19400.00000	8.21525
75	19600.00000	8.21525
75	19800.00000	8.21525
75	20000.00000	8.84817
76	0.00000	10.52586
76	200.00000	10.52586
76	400.00000	10.52586
76	600.00000	10.52586
76	800.00000	12.46435
76	1000.00000	12.46435
76	1200.00000	12.46435
76	1400.00000	12.46435
76	1600.00000	9.97871
76	1800.00000	9.97871
76	2000.00000	9.97871
76	2200.00000	9.97871
76	2400.00000	11.71411
76	2600.00000	11.71411
76	2800.00000	11.71411
76	3000.00000	11.71411
76	3200.00000	10.12305
76	3400.00000	10.12305
76	3600.00000	10.12305
76	3800.00000	10.12305
76	4000.00000	10.67014
76	4200.00000	10.67014
76	4400.00000	10.67014
76	4600.00000	10.67014
76	4800.00000	11.34262
76	5000.00000	11.34262
76	5200.00000	11.34262
76	5400.00000	10.03431
76	5600.00000	10.03431
76	5800.00000	10.03431
76	6000.00000	10.03431
76	6200.00000	9.41310
76	6400.00000	9.41310
76	6600.00000	9.41310
76	6800.00000	9.41310
76	7000.00000	9.05559
76	7200.00000	9.05559
76	7400.00000	9.05559
76	7600.00000	9.05559
76	7800.00000	10.30440
76	8000.00000	10.30440
76	8200.00000	10.30440
76	8400.00000	10.30440
76	8600.00000	9.66236
76	8800.00000	9.66236
76	9000.00000	9.66236
76	9200.00000	9.66236
76	9400.00000	12.25762
76	9600.00000	12.25762
76	9800.00000	12.25762
76	10000.00000	10.41907
76	10200.00000	10.41907
76	10400.00000	10.41907
76	10600.00000	10.41907
76	10800.00000	8.90418
76	11000.00000	8.90418
76	11200.00000	8.90418
76	11400.00000	8.90418
76	11600.00000	9.53025
76	11800.00000	9.53025
76	12000.00000	9.53025
76	12200.00000	9.53025
76	12400.00000	10.00683
76	12600.00000	10.00683
76	12800.00000	10.00683
76	13000.00000	10.00683
76	13200.00000	9.88296
76	13400.00000	9.88296
76	13600.00000	9.88296
76	13800.00000	9.88296
76	14000.00000	8.87664
76	14200.00000	8.87664
76	14400.00000	8.87664
76	14600.00000	9.20758
76	14800.00000	9.20758
76	15000.00000	9.20758
76	15200.00000	9.20758
76	15400.00000	9.05257
76	15600.00000	9.05257
76	15800.00000	9.05257
76	16000.00000	9.05257
76	16200.00000	8.84196
76	16400.00000	8.84196
76	16600.00000	8.84196
76	16800.00000	8.84196
76	17000.00000	8.77898
76	17200.00000	8.77898
76	17400.00000	8.77898
76	17600.00000	8.77898
76	17800.00000	9.61375
76	18000.00000	9.61375
76	18200.00000	9.61375
76	18400.00000	9.61375
76	18600.00000	8.62026
76	18800.00000	8.62026
76	19000.00000	8.62026
76	19200.00000	7.64099
76	19400.00000	7.64099
76	19600.00000	7.64099
76	19800.00000	7.64099
76	20000.00000	8.29370
77	0.00000	10.55541
77	200.00000	10.55541
77	400.00000	10.55541
77	600.00000	10.55541
77	800.00000	12.16839
77	1000.00000	12.16839
77	1200.00000	12.16839
77	1400.00000	12.16839
77	1600.00000	10.12076
77	1800.00000	10.12076
77	2000.00000	10.12076
77	2200.00000	10.12076
77	2400.00000	12.40278
77	2600.00000	12.40278
77	2800.00000	12.40278
77	3000.00000	12.40278
77	3200.00000	9.80331
77	3400.00000	9.80331
77	3600.00000	9.80331
77	3800.00000	9.80331
77	4000.00000	11.48984
77	4200.00000	11.48984
77	4400.00000	11.48984
77	4600.00000	11.48984
77	4800.00000	10.55156
77	5000.00000	10.55156
77	5200.00000	10.55156
77	5400.00000	9.69857
77	5600.00000	9.69857
77	5800.00000	9.69857
77	6000.00000	9.69857
77	6200.00000	9.36649
77	6400.00000	9.36649
77	6600.00000	9.36649
77	6800.00000	9.36649
77	7000.00000	9.27000
77	7200.00000	9.27000
77	7400.00000	9.27000
77	7600.00000	9.27000
77	7800.00000	10.28270
77	8000.00000	10.28270
77	8200.00000	10.28270
77	8400.00000	10.28270
77	8600.00000	9.84945
77	8800.00000	9.84945
77	9000.00000	9.84945
77	9200.00000	9.84945
77	9400.00000	10.36245
77	9600.00000	10.36245
77	9800.00000	10.36245
77	10000.00000	10.83455
77	10200.00000	10.83455
77	10400.00000	10.83455
77	10600.00000	10.83455
77	10800.00000	8.74614
77	11000.00000	8.74614
77	11200.00000	8.74614
77	11400.00000	8.74614
77	11600.00000	10.91105
77	11800.00000	10.91105
77	12000.00000	10.91105
77	12200.00000	10.91105
77	12400.00000	10.23524
77	12600.00000	10.23524
77	12800.00000	10.23524
77	13000.00000	10.23524
77	13200.00000	9.61703
77	13400.00000	9.61703
77	13600.00000	9.61703
77	13800.00000	9.61703
77	14000.00000	10.29239
77	14200.00000	10.29239
77	14400.00000	10.29239
77	14600.00000	8.36684
77	14800.00000	8.36684
77	15000.00000	8.36684
77	15200.00000	8.36684
77	15400.00000	8.86329
77	15600.00000	8.86329
77	15800.00000	8.86329
77	16000.00000	8.86329
77	16200.00000	9.71142
77	16400.00000	9.71142
77	16600.00000	9.71142
77	16800.00000	9.71142
77	17000.00000	10.93340
77	17200.00000	10.93340
77	17400.00000	10.93340
77	17600.00000	10.93340
77	17800.00000	7.77328
77	18000.00000	7.77328
77	18200.00000	7.77328
77	18400.00000	7.77328
77	18600.00000	8.26053
77	18800.00000	8.26053
77	19000.00000	8.26053
77	19200.00000	9.46892
77	19400.00000	9.46892
77	19600.00000	9.46892
77	19800.00000	9.46892
77	20000.00000	8.13226
78	0.00000	10.62779
78	200.00000	10.62779
78	400.00000	10.62779
78	600.00000	10.62779
78	800.00000	12.12173
78	1000.00000	12.12173
78	1200.00000	12.12173
78	1400.00000	12.12173
78	1600.00000	10.23931
78	1800.00000	10.23931
78	2000.00000	10.23931
78	2200.00000	10.23931
78	2400.00000	11.10044
78	2600.00000	11.10044
78	2800.00000	11.10044
78	3000.00000	11.10044
78	3200.00000	9.98785
78	3400.00000	9.98785
78	3600.00000	9.98785
78	3800.00000	9.98785
78	4000.00000	11.32626
78	4200.00000	11.32626
78	4400.00000	11.32626
78	4600.00000	11.32626
78	4800.00000	11.07340
78	5000.00000	11.07340
78	5200.00000	11.07340
78	5400.00000	9.80498
78	5600.00000	9.80498
78	5800.00000	9.80498
78	6000.00000	9.80498
78	6200.00000	9.81261
78	6400.00000	9.81261
78	6600.00000	9.81261
78	6800.00000	9.81261
78	7000.00000	9.27656
78	7200.00000	9.27656
78	7400.00000	9.27656
78	7600.00000	9.27656
78	7800.00000	10.32592
78	8000.00000	10.32592
78	8200.00000	10.32592
78	8400.00000	10.32592
78	8600.00000	9.30418
78	8800.00000	9.30418
78	9000.00000	9.30418
78	9200.00000	9.30418
78	9400.00000	10.42732
78	9600.00000	10.42732
78	9800.00000	10.42732
78	10000.00000	10.87899
78	10200.00000	10.87899
78	10400.00000	10.87899
78	10600.00000	10.87899
78	10800.00000	8.49370
78	11000.00000	8.49370
78	11200.00000	8.49370
78	11400.00000	8.49370
78	11600.00000	9.39943
78	11800.00000	9.39943
78	12000.00000	9.39943
78	12200.00000	9.39943
78	12400.00000	10.52948
78	12600.00000	10.52948
78	12800.00000	10.52948
78	13000.00000	10.52948
78	13200.00000	11.38273
78	13400.00000	11.38273
78	13600.00000	11.38273
78	13800.00000	11.38273
78	14000.00000	10.80881
78	14200.00000	10.80881
78	14400.00000	10.80881
78	14600.00000	7.64296
78	14800.00000	7.64296
78	15000.00000	7.64296
78	15200.00000	7.64296
78	15400.00000	8.65588
78	15600.00000	8.65588
78	15800.00000	8.65588
78	16000.00000	8.65588
78	16200.00000	10.06130
78	16400.00000	10.06130
78	16600.00000	10.06130
78	16800.00000	10.06130
78	17000.00000	9.04572
78	17200.00000	9.04572
78	17400.00000	9.04572
78	17600.00000	9.04572
78	17800.00000	9.62325
78	18000.00000	9.62325
78	18200.00000	9.62325
78	18400.00000	9.62325
78	18600.00000	7.56531
78	18800.00000	7.56531
78	19000.00000	7.56531
78	19200.00000	7.72185
78	19400.00000	7.72185
78	19600.00000	7.72185
78	19800.00000	7.72185
78	20000.00000	7.67893
79	0.00000	10.46404
79	200.00000	10.46404
79	400.00000	10.46404
79	600.00000	10.46404
79	800.00000	12.17306
79	1000.00000	12.17306
79	1200.00000	12.17306
79	1400.00000	12.17306
79	1600.00000	10.09044
79	1800.00000	10.09044
79	2000.00000	10.09044
79	2200.00000	10.09044
79	2400.00000	11.18429
79	2600.00000	11.18429
79	2800.00000	11.18429
79	3000.00000	11.18429
79	3200.00000	9.84299
79	3400.00000	9.84299
79	3600.00000	9.84299
79	3800.00000	9.84299
79	4000.00000	12.43396
79	4200.00000	12.43396
79	4400.00000	12.43396
79	4600.00000	12.43396
79	4800.00000	10.65934
79	5000.00000	10.65934
79	5200.00000	10.65934
79	5400.00000	9.31484
79	5600.00000	9.31484
79	5800.00000	9.31484
79	6000.00000	9.31484
79	6200.00000	10.10553
79	6400.00000	10.10553
79	6600.00000	10.10553
79	6800.00000	10.10553
79	7000.00000	8.93560
79	7200.00000	8.93560
79	7400.00000	8.93560
79	7600.00000	8.93560
79	7800.00000	10.16786
79	8000.00000	10.16786
79	8200.00000	10.16786
79	8400.00000	10.16786
79	8600.00000	9.50234
79	8800.00000	9.50234
79	9000.00000	9.50234
79	9200.00000	9.50234
79	9400.00000	11.28369
79	9600.00000	11.28369
79	9800.00000	11.28369
79	10000.00000	11.67303
79	10200.00000	11.67303
79	10400.00000	11.67303
79	10600.00000	11.67303
79	10800.00000	8.35265
79	11000.00000	8.35265
79	11200.00000	8.35265
79	11400.00000	8.35265
79	11600.00000	10.46559
79	11800.00000	10.46559
79	12000.00000	10.46559
79	12200.00000	10.46559
79	12400.00000	10.15388
79	12600.00000	10.15388
79	12800.00000	10.15388
79	13000.00000	10.15388
79	13200.00000	11.13687
79	13400.00000	11.13687
79	13600.00000	11.13687
79	13800.00000	11.13687
79	14000.00000	10.51088
79	14200.00000	10.51088
79	14400.00000	10.51088
79	14600.00000	9.33040
79	14800.00000	9.33040
79	15000.00000	9.33040
79	15200.00000	9.33040
79	15400.00000	8.99830
79	15600.00000	8.99830
79	15800.00000	8.99830
79	16000.00000	8.99830
79	16200.00000	9.01078
79	16400.00000	9.01078
79	16600.00000	9.01078
79	16800.00000	9.01078
79	17000.00000	8.54779
79	17200.00000	8.54779
79	17400.00000	8.54779
79	17600.00000	8.54779
79	17800.00000	10.02726
79	18000.00000	10.02726
79	18200.00000	10.02726
79	18400.00000	10.02726
79	18600.00000	7.11743
79	18800.00000	7.11743
79	19000.00000	7.11743
79	19200.00000	9.83571
79	19400.00000	9.83571
79	19600.00000	9.83571
79	19800.00000	9.83571
79	20000.00000	8.49095
80	0.00000	10.50069
80	200.00000	10.50069
80	400.00000	10.50069
80	600.00000	10.50069
80	800.00000	11.80851
80	1000.00000	11.80851
80	1200.00000	11.80851
80	1400.00000	11.80851
80	1600.00000	10.25055
80	1800.00000	10.25055
80	2000.00000	10.25055
80	2200.00000	10.25055
80	2400.00000	11.55815
80	2600.00000	11.55815
80	2800.00000	11.55815
80	3000.00000	11.55815
80	3200.00000	9.85533
80	3400.00000	9.85533
80	3600.00000	9.85533
80	3800.00000	9.85533
80	4000.00000	12.51563
80	4200.00000	12.51563
80	4400.00000	12.51563
80	4600.00000	12.51563
80	4800.00000	10.85954
80	5000.00000	10.85954
80	5200.00000	10.85954
80	5400.00000	9.18107
80	5600.00000	9.18107
80	5800.00000	9.18107
80	6000.00000	9.18107
80	6200.00000	9.94134
80	6400.00000	9.94134
80	6600.00000	9.94134
80	6800.00000	9.94134
80	7000.00000	9.31461
80	7200.00000	9.31461
80	7400.00000	9.31461
80	7600.00000	9.31461
80	7800.00000	10.48071
80	8000.00000	10.48071
80	8200.00000	10.48071
80	8400.00000	10.48071
80	8600.00000	9.22316
80	8800.00000	9.22316
80	9000.00000	9.22316
80	9200.00000	9.22316
80	9400.00000	11.14452
80	9600.00000	11.14452
80	9800.00000	11.14452
80	10000.00000	10.77744
80	10200.00000	10.77744
80	10400.00000	10.77744
80	10600.00000	10.77744
80	10800.00000	8.82772
80	11000.00000	8.82772
80	11200.00000	8.82772
80	11400.00000	8.82772
80	11600.00000	9.40991
80	11800.00000	9.40991
80	12000.00000	9.40991
80	12200.00000	9.40991
80	12400.00000	9.69246
80	12600.00000	9.69246
80	12800.00000	9.69246
80	13000.00000	9.69246
80	13200.00000	9.70243
80	13400.00000	9.70243
80	13600.00000	9.70243
80	13800.00000	9.70243
80	14000.00000	11.12819
80	14200.00000	11.12819
80	14400.00000	11.12819
80	14600.00000	8.63581
80	14800.00000	8.63581
80	15000.00000	8.63581
80	15200.00000	8.63581
80	15400.00000	8.60959
80	15600.00000	8.60959
80	15800.00000	8.60959
80	16000.00000	8.60959
80	16200.00000	8.50194
80	16400.00000	8.50194
80	16600.00000	8.50194
80	16800.00000	8.50194
80	17000.00000	9.22902
80	17200.00000	9.22902
80	17400.00000	9.22902
80	17600.00000	9.22902
80	17800.00000	9.04003
80	18000.00000	9.04003
80	18200.00000	9.04003
80	18400.00000	9.04003
80	18600.00000	7.70039
80	18800.00000	7.70039
80	19000.00000	7.70039
80	19200.00000	8.45736
80	19400.00000	8.45736
80	19600.00000	8.45736
80	19800.00000	8.45736
80	20000.00000	9.47630
81	0.00000	10.45481
81	200.00000	10.45481
81	400.00000	10.45481
81	600.00000	10.45481
81	800.00000	11.96448
81	1000.00000	11.96448
81	1200.00000	11.96448
81	1400.00000	11.96448
81	1600.00000	10.16140
81	1800.00000	10.16140
81	2000.00000	10.16140
81	2200.00000	10.16140
81	2400.00000	11.80356
81	2600.00000	11.80356
81	2800.00000	11.80356
81	3000.00000	11.80356
81	3200.00000	9.89631
81	3400.00000	9.89631
81	3600.00000	9.89631
81	3800.00000	9.89631
81	4000.00000	12.05168
81	4200.00000	12.05168
81	4400.00000	12.05168
81	4600.00000	12.05168
81	4800.00000	11.10150
81	5000.00000	11.10150
81	5200.00000	11.10150
81	5400.00000	9.51229
81	5600.00000	9.51229
81	5800.00000	9.51229
81	6000.00000	9.51229
81	6200.00000	9.23872
81	6400.00000	9.23872
81	6600.00000	9.23872
81	6800.00000	9.23872
81	7000.00000	10.27971
81	7200.00000	10.27971
81	7400.00000	10.27971
81	7600.00000	10.27971
81	7800.00000	10.64141
81	8000.00000	10.64141
81	8200.00000	10.64141
81	8400.00000	10.64141
81	8600.00000	8.85110
81	8800.00000	8.85110
81	9000.00000	8.85110
81	9200.00000	8.85110
81	9400.00000	10.87677
81	9600.00000	10.87677
81	9800.00000	10.87677
81	10000.00000	10.30802
81	10200.00000	10.30802
81	10400.00000	10.30802
81	10600.00000	10.30802
81	10800.00000	8.77685
81	11000.00000	8.77685
81	11200.00000	8.77685
81	11400.00000	8.77685
81	11600.00000	9.84281
81	11800.00000	9.84281
81	12000.00000	9.84281
81	12200.00000	9.84281
81	12400.00000	9.47233
81	12600.00000	9.47233
81	12800.00000	9.47233
81	13000.00000	9.47233
81	13200.00000	9.85969
81	13400.00000	9.85969
81	13600.00000	9.85969
81	13800.00000	9.85969
81	14000.00000	9.82872
81	14200.00000	9.82872
81	14400.00000	9.82872
81	14600.00000	8.40602
81	14800.00000	8.40602
81	15000.00000	8.40602
81	15200.00000	8.40602
81	15400.00000	8.42162
81	15600.00000	8.42162
81	15800.00000	8.42162
81	16000.00000	8.42162
81	16200.00000	10.32417
81	16400.00000	10.32417
81	16600.00000	10.32417
81	16800.00000	10.32417
81	17000.00000	10.65848
81	17200.00000	10.65848
81	17400.00000	10.65848
81	17600.00000	10.65848
81	17800.00000	8.61975
81	18000.00000	8.61975
81	18200.00000	8.61975
81	18400.00000	8.61975
81	18600.00000	7.68246
81	18800.00000	7.68246
81	19000.00000	7.68246
81	19200.00000	8.32628
81	19400.00000	8.32628
81	19600.00000	8.32628
81	19800.00000	8.32628
81	20000.00000	9.20023
82	0.00000	10.54070
82	200.00000	10.54070
82	400.00000	10.54070
82	600.00000	10.54070
82	800.00000	11.94855
82	1000.00000	11.94855
82	1200.00000	11.94855
82	1400.00000	11.94855
82	1600.00000	10.09090
82	1800.00000	10.09090
82	2000.00000	10.09090
82	2200.00000	10.09090
82	2400.00000	11.12811
82	2600.00000	11.12811
82	2800.00000	11.12811
82	3000.00000	11.12811
82	3200.00000	9.97010
82	3400.00000	9.97010
82	3600.00000	9.97010
82	3800.00000	9.97010
82	4000.00000	11.24799
82	4200.00000	11.24799
82	4400.00000	11.24799
82	4600.00000	11.24799
82	4800.00000	11.66174
82	5000.00000	11.66174
82	5200.00000	11.66174
82	5400.00000	9.15059
82	5600.00000	9.15059
82	5800.00000	9.15059
82	6000.00000	9.15059
82	6200.00000	9.85355
82	6400.00000	9.85355
82	6600.00000	9.85355
82	6800.00000	9.85355
82	7000.00000	9.11351
82	7200.00000	9.11351
82	7400.00000	9.11351
82	7600.00000	9.11351
82	7800.00000	10.43007
82	8000.00000	10.43007
82	8200.00000	10.43007
82	8400.00000	10.43007
82	8600.00000	8.94586
82	8800.00000	8.94586
82	9000.00000	8.94586
82	9200.00000	8.94586
82	9400.00000	11.07580
82	9600.00000	11.07580
82	9800.00000	11.07580
82	10000.00000	10.87511
82	10200.00000	10.87511
82	10400.00000	10.87511
82	10600.00000	10.87511
82	10800.00000	8.49277
82	11000.00000	8.49277
82	11200.00000	8.49277
82	11400.00000	8.49277
82	11600.00000	10.01279
82	11800.00000	10.01279
82	12000.00000	10.01279
82	12200.00000	10.01279
82	12400.00000	9.42376
82	12600.00000	9.42376
82	12800.00000	9.42376
82	13000.00000	9.42376
82	13200.00000	9.90881
82	13400.00000	9.90881
82	13600.00000	9.90881
82	13800.00000	9.90881
82	14000.00000	8.91482
82	14200.00000	8.91482
82	14400.00000	8.91482
82	14600.00000	9.51695
82	14800.00000	9.51695
82	15000.00000	9.51695
82	15200.00000	9.51695
82	15400.00000	8.70641
82	15600.00000	8.70641
82	15800.00000	8.70641
82	16000.00000	8.70641
82	16200.00000	8.58513
82	16400.00000	8.58513
82	16600.00000	8.58513
82	16800.00000	8.58513
82	17000.00000	8.22306
82	17200.00000	8.22306
82	17400.00000	8.22306
82	17600.00000	8.22306
82	17800.00000	8.62570
82	18000.00000	8.62570
82	18200.00000	8.62570
82	18400.00000	8.62570
82	18600.00000	7.85431
82	18800.00000	7.85431
82	19000.00000	7.85431
82	19200.00000	7.37566
82	19400.00000	7.37566
82	19600.00000	7.37566
82	19800.00000	7.37566
82	20000.00000	8.69865
83	0.00000	10.51351
83	200.00000	10.51351
83	400.00000	10.51351
83	600.00000	10.51351
83	800.00000	12.21134
83	1000.00000	12.21134
83	1200.00000	12.21134
83	1400.00000	12.21134
83	1600.00000	10.15026
83	1800.00000	10.15026
83	2000.00000	10.15026
83	2200.00000	10.15026
83	2400.00000	11.37685
83	2600.00000	11.37685
83	2800.00000	11.37685
83	3000.00000	11.37685
83	3200.00000	9.96632
83	3400.00000	9.96632
83	3600.00000	9.96632
83	3800.00000	9.96632
83	4000.00000	10.92423
83	4200.00000	10.92423
83	4400.00000	10.92423
83	4600.00000	10.92423
83	4800.00000	12.69144
83	5000.00000	12.69144
83	5200.00000	12.69144
83	5400.00000	9.34523
83	5600.00000	9.34523
83	5800.00000	9.34523
83	6000.00000	9.34523
83	6200.00000	9.45863
83	6400.00000	9.45863
83	6600.00000	9.45863
83	6800.00000	9.45863
83	7000.00000	9.54153
83	7200.00000	9.54153
83	7400.00000	9.54153
83	7600.00000	9.54153
83	7800.00000	10.28568
83	8000.00000	10.28568
83	8200.00000	10.28568
83	8400.00000	10.28568
83	8600.00000	9.61446
83	8800.00000	9.61446
83	9000.00000	9.61446
83	9200.00000	9.61446
83	9400.00000	11.42103
83	9600.00000	11.42103
83	9800.00000	11.42103
83	10000.00000	12.30286
83	10200.00000	12.30286
83	10400.00000	12.30286
83	10600.00000	12.30286
83	10800.00000	8.83984
83	11000.00000	8.83984
83	11200.00000	8.83984
83	11400.00000	8.83984
83	11600.00000	9.08918
83	11800.00000	9.08918
83	12000.00000	9.08918
83	12200.00000	9.08918
83	12400.00000	9.67304
83	12600.00000	9.67304
83	12800.00000	9.67304
83	13000.00000	9.67304
83	13200.00000	10.36647
83	13400.00000	10.36647
83	13600.00000	10.36647
83	13800.00000	10.36647
83	14000.00000	9.25986
83	14200.00000	9.25986
83	14400.00000	9.25986
83	14600.00000	8.20893
83	14800.00000	8.20893
83	15000.00000	8.20893
83	15200.00000	8.20893
83	15400.00000	8.74730
83	15600.00000	8.74730
83	15800.00000	8.74730
83	16000.00000	8.74730
83	16200.00000	9.59186
83	16400.00000	9.59186
83	16600.00000	9.59186
83	16800.00000	9.59186
83	17000.00000	9.48613
83	17200.00000	9.48613
83	17400.00000	9.48613
83	17600.00000	9.48613
83	17800.00000	9.40314
83	18000.00000	9.40314
83	18200.00000	9.40314
83	18400.00000	9.40314
83	18600.00000	7.90685
83	18800.00000	7.90685
83	19000.00000	7.90685
83	19200.00000	7.58411
83	19400.00000	7.58411
83	19600.00000	7.58411
83	19800.00000	7.58411
83	20000.00000	7.88786
84	0.00000	10.49463
84	200.00000	10.49463
84	400.00000	10.49463
84	600.00000	10.49463
84	800.00000	11.99632
84	1000.00000	11.99632
84	1200.00000	11.99632
84	1400.00000	11.99632
84	1600.00000	10.25745
84	1800.00000	10.25745
84	2000.00000	10.25745
84	2200.00000	10.25745
84	2400.00000	11.12491
84	2600.00000	11.12491
84	2800.00000	11.12491
84	3000.00000	11.12491
84	3200.00000	10.07584
84	3400.00000	10.07584
84	3600.00000	10.07584
84	3800.00000	10.07584
84	4000.00000	10.64081
84	4200.00000	10.64081
84	4400.00000	10.64081
84	4600.00000	10.64081
84	4800.00000	10.87022
84	5000.00000	10.87022
84	5200.00000	10.87022
84	5400.00000	9.58987
84	5600.00000	9.58987
84	5800.00000	9.58987
84	6000.00000	9.58987
84	6200.00000	9.35805
84	6400.00000	9.35805
84	6600.00000	9.35805
84	6800.00000	9.35805
84	7000.00000	9.54746
84	7200.00000	9.54746
84	7400.00000	9.54746
84	7600.00000	9.54746
84	7800.00000	9.79804
84	8000.00000	9.79804
84	8200.00000	9.79804
84	8400.00000	9.79804
84	8600.00000	9.67244
84	8800.00000	9.67244
84	9000.00000	9.67244
84	9200.00000	9.67244
84	9400.00000	11.27679
84	9600.00000	11.27679
84	9800.00000	11.27679
84	10000.00000	10.83713
84	10200.00000	10.83713
84	10400.00000	10.83713
84	10600.00000	10.83713
84	10800.00000	8.91954
84	11000.00000	8.91954
84	11200.00000	8.91954
84	11400.00000	8.91954
84	11600.00000	9.27696
84	11800.00000	9.27696
84	12000.00000	9.27696
84	12200.00000	9.27696
84	12400.00000	9.82841
84	12600.00000	9.82841
84	12800.00000	9.82841
84	13000.00000	9.82841
84	13200.00000	10.25348
84	13400.00000	10.25348
84	13600.00000	10.25348
84	13800.00000	10.25348
84	14000.00000	9.46939
84	14200.00000	9.46939
84	14400.00000	9.46939
84	14600.00000	9.03079
84	14800.00000	9.03079
84	15000.00000	9.03079
84	15200.00000	9.03079
84	15400.00000	9.59294
84	15600.00000	9.59294
84	15800.00000	9.59294
84	16000.00000	9.59294
84	16200.00000	8.21992
84	16400.00000	8.21992
84	16600.00000	8.21992
84	16800.00000	8.21992
84	17000.00000	9.22378
84	17200.00000	9.22378
84	17400.00000	9.22378
84	17600.00000	9.22378
84	17800.00000	9.15912
84	18000.00000	9.15912
84	18200.00000	9.15912
84	18400.00000	9.15912
84	18600.00000	8.52654
84	18800.00000	8.52654
84	19000.00000	8.52654
84	19200.00000	7.25993
84	19400.00000	7.25993
84	19600.00000	7.25993
84	19800.00000	7.25993
84	20000.00000	8.68846
85	0.00000	10.51910
85	200.00000	10.51910
85	400.00000	10.51910
85	600.00000	10.51910
85	800.00000	12.02040
85	1000.00000	12.02040
85	1200.00000	12.02040
85	1400.00000	12.02040
85	1600.00000	10.06946
85	1800.00000	10.06946
85	2000.00000	10.06946
85	2200.00000	10.06946
85	2400.00000	11.89591
85	2600.00000	11.89591
85	2800.00000	11.89591
85	3000.00000	11.89591
85	3200.00000	10.06706
85	3400.00000	10.06706
85	3600.00000	10.06706
85	3800.00000	10.06706
85	4000.00000	10.49481
85	4200.00000	10.49481
85	4400.00000	10.49481
85	4600.00000	10.49481
85	4800.00000	11.74308
85	5000.00000	11.74308
85	5200.00000	11.74308
85	5400.00000	9.40688
85	5600.00000	9.40688
85	5800.00000	9.40688
85	6000.00000	9.40688
85	6200.00000	9.69008
85	6400.00000	9.69008
85	6600.00000	9.69008
85	6800.00000	9.69008
85	7000.00000	10.00857
85	7200.00000	10.00857
85	7400.00000	10.00857
85	7600.00000	10.00857
85	7800.00000	10.13053
85	8000.00000	10.13053
85	8200.00000	10.13053
85	8400.00000	10.13053
85	8600.00000	8.95533
85	8800.00000	8.95533
85	9000.00000	8.95533
85	9200.00000	8.95533
85	9400.00000	11.38521
85	9600.00000	11.38521
85	9800.00000	11.38521
85	10000.00000	10.71364
85	10200.00000	10.71364
85	10400.00000	10.71364
85	10600.00000	10.71364
85	10800.00000	8.30320
85	11000.00000	8.30320
85	11200.00000	8.30320
85	11400.00000	8.30320
85	11600.00000	9.44870
85	11800.00000	9.44870
85	12000.00000	9.44870
85	12200.00000	9.44870
85	12400.00000	9.66938
85	12600.00000	9.66938
85	12800.00000	9.66938
85	13000.00000	9.66938
85	13200.00000	8.64133
85	13400.00000	8.64133
85	13600.00000	8.64133
85	13800.00000	8.64133
85	14000.00000	9.46524
85	14200.00000	9.46524
85	14400.00000	9.46524
85	14600.00000	8.90230
85	14800.00000	8.90230
85	15000.00000	8.90230
85	15200.00000	8.90230
85	15400.00000	9.13665
85	15600.00000	9.13665
85	15800.00000	9.13665
85	16000.00000	9.13665
85	16200.00000	8.02869
85	16400.00000	8.02869
85	16600.00000	8.02869
85	16800.00000	8.02869
85	17000.00000	9.48576
85	17200.00000	9.48576
85	17400.00000	9.48576
85	17600.00000	9.48576
85	17800.00000	10.00972
85	18000.00000	10.00972
85	18200.00000	10.00972
85	18400.00000	10.00972
85	18600.00000	7.91127
85	18800.00000	7.91127
85	19000.00000	7.91127
85	19200.00000	7.97281
85	19400.00000	7.97281
85	19600.00000	7.97281
85	19800.00000	7.97281
85	20000.00000	8.50744
86	0.00000	10.54496
86	200.00000	10.54496
86	400.00000	10.54496
86	600.00000	10.54496
86	800.00000	12.23004
86	1000.00000	12.23004
86	1200.00000	12.23004
86	1400.00000	12.23004
86	1600.00000	10.12965
86	1800.00000	10.12965
86	2000.00000	10.12965
86	2200.00000	10.12965
86	2400.00000	11.62676
86	2600.00000	11.62676
86	2800.00000	11.62676
86	3000.00000	11.62676
86	3200.00000	10.10610
86	3400.00000	10.10610
86	3600.00000	10.10610
86	3800.00000	10.10610
86	4000.00000	10.84931
86	4200.00000	10.84931
86	4400.00000	10.84931
86	4600.00000	10.84931
86	4800.00000	11.26158
86	5000.00000	11.26158
86	5200.00000	11.26158
86	5400.00000	9.29129
86	5600.00000	9.29129
86	5800.00000	9.29129
86	6000.00000	9.29129
86	6200.00000	10.47734
86	6400.00000	10.47734
86	6600.00000	10.47734
86	6800.00000	10.47734
86	7000.00000	9.06453
86	7200.00000	9.06453
86	7400.00000	9.06453
86	7600.00000	9.06453
86	7800.00000	10.29445
86	8000.00000	10.29445
86	8200.00000	10.29445
86	8400.00000	10.29445
86	8600.00000	9.22186
86	8800.00000	9.22186
86	9000.00000	9.22186
86	9200.00000	9.22186
86	9400.00000	10.62070
86	9600.00000	10.62070
86	9800.00000	10.62070
86	10000.00000	10.54344
86	10200.00000	10.54344
86	10400.00000	10.54344
86	10600.00000	10.54344
86	10800.00000	8.54081
86	11000.00000	8.54081
86	11200.00000	8.54081
86	11400.00000	8.54081
86	11600.00000	11.29017
86	11800.00000	11.29017
86	12000.00000	11.29017
86	12200.00000	11.29017
86	12400.00000	9.27529
86	12600.00000	9.27529
86	12800.00000	9.27529
86	13000.00000	9.27529
86	13200.00000	9.96385
86	13400.00000	9.96385
86	13600.00000	9.96385
86	13800.00000	9.96385
86	14000.00000	9.02960
86	14200.00000	9.02960
86	14400.00000	9.02960
86	14600.00000	9.29089
86	14800.00000	9.29089
86	15000.00000	9.29089
86	15200.00000	9.29089
86	15400.00000	8.19284
86	15600.00000	8.19284
86	15800.00000	8.19284
86	16000.00000	8.19284
86	16200.00000	8.31826
86	16400.00000	8.31826
86	16600.00000	8.31826
86	16800.00000	8.31826
86	17000.00000	9.39791
86	17200.00000	9.39791
86	17400.00000	9.39791
86	17600.00000	9.39791
86	17800.00000	10.16137
86	18000.00000	10.16137
86	18200.00000	10.16137
86	18400.00000	10.16137
86	18600.00000	7.84793
86	18800.00000	7.84793
86	19000.00000	7.84793
86	19200.00000	7.75468
86	19400.00000	7.75468
86	19600.00000	7.75468
86	19800.00000	7.75468
86	20000.00000	8.38945
87	0.00000	10.58090
87	200.00000	10.58090
87	400.00000	10.58090
87	600.00000	10.58090
87	800.00000	11.90386
87	1000.00000	11.90386
87	1200.00000	11.90386
87	1400.00000	11.90386
87	1600.00000	10.19836
87	1800.00000	10.19836
87	2000.00000	10.19836
87	2200.00000	10.19836
87	2400.00000	11.90782
87	2600.00000	11.90782
87	2800.00000	11.90782
87	3000.00000	11.90782
87	3200.00000	10.17421
87	3400.00000	10.17421
87	3600.00000	10.17421
87	3800.00000	10.17421
87	4000.00000	10.58217
87	4200.00000	10.58217
87	4400.00000	10.58217
87	4600.00000	10.58217
87	4800.00000	10.57322
87	5000.00000	10.57322
87	5200.00000	10.57322
87	5400.00000	9.85063
87	5600.00000	9.85063
87	5800.00000	9.85063
87	6000.00000	9.85063
87	6200.00000	9.24830
87	6400.00000	9.24830
87	6600.00000	9.24830
87	6800.00000	9.24830
87	7000.00000	9.64067
87	7200.00000	9.64067
87	7400.00000	9.64067
87	7600.00000	9.64067
87	7800.00000	10.37664
87	8000.00000	10.37664
87	8200.00000	10.37664
87	8400.00000	10.37664
87	8600.00000	9.21197
87	8800.00000	9.21197
87	9000.00000	9.21197
87	9200.00000	9.21197
87	9400.00000	10.31074
87	9600.00000	10.31074
87	9800.00000	10.31074
87	10000.00000	10.45896
87	10200.00000	10.45896
87	10400.00000	10.45896
87	10600.00000	10.45896
87	10800.00000	8.74589
87	11000.00000	8.74589
87	11200.00000	8.74589
87	11400.00000	8.74589
87	11600.00000	9.64111
87	11800.00000	9.64111
87	12000.00000	9.64111
87	12200.00000	9.64111
87	12400.00000	9.91984
87	12600.00000	9.91984
87	12800.00000	9.91984
87	13000.00000	9.91984
87	13200.00000	9.98784
87	13400.00000	9.98784
87	13600.00000	9.98784
87	13800.00000	9.98784
87	14000.00000	10.50505
87	14200.00000	10.50505
87	14400.00000	10.50505
87	14600.00000	9.79048
87	14800.00000	9.79048
87	15000.00000	9.79048
87	15200.00000	9.79048
87	15400.00000	8.59113
87	15600.00000	8.59113
87	15800.00000	8.59113
87	16000.00000	8.59113
87	16200.00000	10.27638
87	16400.00000	10.27638
87	16600.00000	10.27638
87	16800.00000	10.27638
87	17000.00000	9.36145
87	17200.00000	9.36145
87	17400.00000	9.36145
87	17600.00000	9.36145
87	17800.00000	9.53559
87	18000.00000	9.53559
87	18200.00000	9.53559
87	18400.00000	9.53559
87	18600.00000	8.47328
87	18800.00000	8.47328
87	19000.00000	8.47328
87	19200.00000	8.32412
87	19400.00000	8.32412
87	19600.00000	8.32412
87	19800.00000	8.32412
87	20000.00000	7.75343
88	0.00000	10.50958
88	200.00000	10.50958
88	400.00000	10.50958
88	600.00000	10.50958
88	800.00000	12.17858
88	1000.00000	12.17858
88	1200.00000	12.17858
88	1400.00000	12.17858
88	1600.00000	10.12563
88	1800.00000	10.12563
88	2000.00000	10.12563
88	2200.00000	10.12563
88	2400.00000	11.74447
88	2600.00000	11.74447
88	2800.00000	11.74447
88	3000.00000	11.74447
88	3200.00000	10.19949
88	3400.00000	10.19949
88	3600.00000	10.19949
88	3800.00000	10.19949
88	4000.00000	10.38852
88	4200.00000	10.38852
88	4400.00000	10.38852
88	4600.00000	10.38852
88	4800.00000	10.27325
88	5000.00000	10.27325
88	5200.00000	10.27325
88	5400.00000	10.30957
88	5600.00000	10.30957
88	5800.00000	10.30957
88	6000.00000	10.30957
88	6200.00000	9.04247
88	6400.00000	9.04247
88	6600.00000	9.04247
88	6800.00000	9.04247
88	7000.00000	9.42012
88	7200.00000	9.42012
88	7400.00000	9.42012
88	7600.00000	9.42012
88	7800.00000	9.86638
88	8000.00000	9.86638
88	8200.00000	9.86638
88	8400.00000	9.86638
88	8600.00000	9.36615
88	8800.00000	9.36615
88	9000.00000	9.36615
88	9200.00000	9.36615
88	9400.00000	9.74829
88	9600.00000	9.74829
88	9800.00000	9.74829
88	10000.00000	10.32171
88	10200.00000	10.32171
88	10400.00000	10.32171
88	10600.00000	10.32171
88	10800.00000	8.68384
88	11000.00000	8.68384
88	11200.00000	8.68384
88	11400.00000	8.68384
88	11600.00000	9.88141
88	11800.00000	9.88141
88	12000.00000	9.88141
88	12200.00000	9.88141
88	12400.00000	9.75568
88	12600.00000	9.75568
88	12800.00000	9.75568
88	13000.00000	9.75568
88	13200.00000	8.65910
88	13400.00000	8.65910
88	13600.00000	8.65910
88	13800.00000	8.65910
88	14000.00000	8.64180
88	14200.00000	8.64180
88	14400.00000	8.64180
88	14600.00000	8.45906
88	14800.00000	8.45906
88	15000.00000	8.45906
88	15200.00000	8.45906
88	15400.00000	9.36859
88	15600.00000	9.36859
88	15800.00000	9.36859
88	16000.00000	9.36859
88	16200.00000	8.72748
88	16400.00000	8.72748
88	16600.00000	8.72748
88	16800.00000	8.72748
88	17000.00000	8.99526
88	17200.00000	8.99526
88	17400.00000	8.99526
88	17600.00000	8.99526
88	17800.00000	8.18204
88	18000.00000	8.18204
88	18200.00000	8.18204
88	18400.00000	8.18204
88	18600.00000	8.33318
88	18800.00000	8.33318
88	19000.00000	8.33318
88	19200.00000	8.55093
88	19400.00000	8.55093
88	19600.00000	8.55093
88	19800.00000	8.55093
88	20000.00000	7.53155
89	0.00000	10.42149
89	200.00000	10.42149
89	400.00000	10.42149
89	600.00000	10.42149
89	800.00000	12.30310
89	1000.00000	12.30310
89	1200.00000	12.30310
89	1400.00000	12.30310
89	1600.00000	10.03761
89	1800.00000	10.03761
89	2000.00000	10.03761
89	2200.00000	10.03761
89	2400.00000	11.96060
89	2600.00000	11.96060
89	2800.00000	11.96060
89	3000.00000	11.96060
89	3200.00000	9.91169
89	3400.00000	9.91169
89	3600.00000	9.91169
89	3800.00000	9.91169
89	4000.00000	11.09692
89	4200.00000	11.09692
89	4400.00000	11.09692
89	4600.00000	11.09692
89	4800.00000	10.41698
89	5000.00000	10.41698
89	5200.00000	10.41698
89	5400.00000	10.24572
89	5600.00000	10.24572
89	5800.00000	10.24572
89	6000.00000	10.24572
89	6200.00000	9.00581
89	6400.00000	9.00581
89	6600.00000	9.00581
89	6800.00000	9.00581
89	7000.00000	9.82329
89	7200.00000	9.82329
89	7400.00000	9.82329
89	7600.00000	9.82329
89	7800.00000	10.19486
89	8000.00000	10.19486
89	8200.00000	10.19486
89	8400.00000	10.19486
89	8600.00000	9.42356
89	8800.00000	9.42356
89	9000.00000	9.42356
89	9200.00000	9.42356
89	9400.00000	11.26813
89	9600.00000	11.26813
89	9800.00000	11.26813
89	10000.00000	10.35829
89	10200.00000	10.35829
89	10400.00000	10.35829
89	10600.00000	10.35829
89	10800.00000	8.62672
89	11000.00000	8.62672
89	11200.00000	8.62672
89	11400.00000	8.62672
89	11600.00000	10.43393
89	11800.00000	10.43393
89	12000.00000	10.43393
89	12200.00000	10.43393
89	12400.00000	10.22143
89	12600.00000	10.22143
89	12800.00000	10.22143
89	13000.00000	10.22143
89	13200.00000	11.03839
89	13400.00000	11.03839
89	13600.00000	11.03839
89	13800.00000	11.03839
89	14000.00000	8.71250
89	14200.00000	8.71250
89	14400.00000	8.71250
89	14600.00000	8.84711
89	14800.00000	8.84711
89	15000.00000	8.84711
89	15200.00000	8.84711
89	15400.00000	10.93668
89	15600.00000	10.93668
89	15800.00000	10.93668
89	16000.00000	10.93668
89	16200.00000	9.08047
89	16400.00000	9.08047
89	16600.00000	9.08047
89	16800.00000	9.08047
89	17000.00000	8.45109
89	17200.00000	8.45109
89	17400.00000	8.45109
89	17600.00000	8.45109
89	17800.00000	8.32499
89	18000.00000	8.32499
89	18200.00000	8.32499
89	18400.00000	8.32499
89	18600.00000	8.81694
89	18800.00000	8.81694
89	19000.00000	8.81694
89	19200.00000	9.19278
89	19400.00000	9.19278
89	19600.00000	9.19278
89	19800.00000	9.19278
89	20000.00000	8.34830
90	0.00000	10.52825
90	200.00000	10.52825
90	400.00000	10.52825
90	600.00000	10.52825
90	800.00000	12.14912
90	1000.00000	12.14912
90	1200.00000	12.14912
90	1400.00000	12.14912
90	1600.00000	10.02831
90	1800.00000	10.02831
90	2000.00000	10.02831
90	2200.00000	10.02831
90	2400.00000	11.56552
90	2600.00000	11.56552
90	2800.00000	11.56552
90	3000.00000	11.56552
90	3200.00000	9.73433
90	3400.00000	9.73433
90	3600.00000	9.73433
90	3800.00000	9.73433
90	4000.00000	12.22048
90	4200.00000	12.22048
90	4400.00000	12.22048
90	4600.00000	12.22048
90	4800.00000	10.08413
90	5000.00000	10.08413
90	5200.00000	10.08413
90	5400.00000	10.61231
90	5600.00000	10.61231
90	5800.00000	10.61231
90	6000.00000	10.61231
90	6200.00000	9.39806
90	6400.00000	9.39806
90	6600.00000	9.39806
90	6800.00000	9.39806
90	7000.00000	9.11111
90	7200.00000	9.11111
90	7400.00000	9.11111
90	7600.00000	9.11111
90	7800.00000	10.11123
90	8000.00000	10.11123
90	8200.00000	10.11123
90	8400.00000	10.11123
90	8600.00000	9.35807
90	8800.00000	9.35807
90	9000.00000	9.35807
90	9200.00000	9.35807
90	9400.00000	11.20537
90	9600.00000	11.20537
90	9800.00000	11.20537
90	10000.00000	11.17526
90	10200.00000	11.17526
90	10400.00000	11.17526
90	10600.00000	11.17526
90	10800.00000	8.53402
90	11000.00000	8.53402
90	11200.00000	8.53402
90	11400.00000	8.53402
90	11600.00000	9.33817
90	11800.00000	9.33817
90	12000.00000	9.33817
90	12200.00000	9.33817
90	12400.00000	9.89275
90	12600.00000	9.89275
90	12800.00000	9.89275
90	13000.00000	9.89275
90	13200.00000	9.48659
90	13400.00000	9.48659
90	13600.00000	9.48659
90	13800.00000	9.48659
90	14000.00000	9.67604
90	14200.00000	9.67604
90	14400.00000	9.67604
90	14600.00000	8.41307
90	14800.00000	8.41307
90	15000.00000	8.41307
90	15200.00000	8.41307
90	15400.00000	10.45938
90	15600.00000	10.45938
90	15800.00000	10.45938
90	16000.00000	10.45938
90	16200.00000	10.73756
90	16400.00000	10.73756
90	16600.00000	10.73756
90	16800.00000	10.73756
90	17000.00000	7.97070
90	17200.00000	7.97070
90	17400.00000	7.97070
90	17600.00000	7.97070
90	17800.00000	8.65704
90	18000.00000	8.65704
90	18200.00000	8.65704
90	18400.00000	8.65704
90	18600.00000	8.14446
90	18800.00000	8.14446
90	19000.00000	8.14446
90	19200.00000	7.77848
90	19400.00000	7.77848
90	19600.00000	7.77848
90	19800.00000	7.77848
90	20000.00000	8.41115
91	0.00000	10.47775
91	200.00000	10.47775
91	400.00000	10.47775
91	600.00000	10.47775
91	800.00000	12.70800
91	1000.00000	12.70800
91	1200.00000	12.70800
91	1400.00000	12.70800
91	1600.00000	9.96105
91	1800.00000	9.96105
91	2000.00000	9.96105
91	2200.00000	9.96105
91	2400.00000	11.53527
91	2600.00000	11.53527
91	2800.00000	11.53527
91	3000.00000	11.53527
91	3200.00000	9.86822
91	3400.00000	9.86822
91	3600.00000	9.86822
91	3800.00000	9.86822
91	4000.00000	11.94107
91	4200.00000	11.94107
91	4400.00000	11.94107
91	4600.00000	11.94107
91	4800.00000	10.96031
91	5000.00000	10.96031
91	5200.00000	10.96031
91	5400.00000	9.68158
91	5600.00000	9.68158
91	5800.00000	9.68158
91	6000.00000	9.68158
91	6200.00000	9.26507
91	6400.00000	9.26507
91	6600.00000	9.26507
91	6800.00000	9.26507
91	7000.00000	8.87513
91	7200.00000	8.87513
91	7400.00000	8.87513
91	7600.00000	8.87513
91	7800.00000	10.78056
91	8000.00000	10.78056
91	8200.00000	10.78056
91	8400.00000	10.78056
91	8600.00000	9.29541
91	8800.00000	9.29541
91	9000.00000	9.29541
91	9200.00000	9.29541
91	9400.00000	11.34551
91	9600.00000	11.34551
91	9800.00000	11.34551
91	10000.00000	10.30278
91	10200.00000	10.30278
91	10400.00000	10.30278
91	10600.00000	10.30278
91	10800.00000	8.80726
91	11000.00000	8.80726
91	11200.00000	8.80726
91	11400.00000	8.80726
91	11600.00000	10.71601
91	11800.00000	10.71601
91	12000.00000	10.71601
91	12200.00000	10.71601
91	12400.00000	9.78525
91	12600.00000	9.78525
91	12800.00000	9.78525
91	13000.00000	9.78525
91	13200.00000	9.21900
91	13400.00000	9.21900
91	13600.00000	9.21900
91	13800.00000	9.21900
91	14000.00000	10.00193
91	14200.00000	10.00193
91	14400.00000	10.00193
91	14600.00000	8.00085
91	14800.00000	8.00085
91	15000.00000	8.00085
91	15200.00000	8.00085
91	15400.00000	9.49748
91	15600.00000	9.49748
91	15800.00000	9.49748
91	16000.00000	9.49748
91	16200.00000	8.65114
91	16400.00000	8.65114
91	16600.00000	8.65114
91	16800.00000	8.65114
91	17000.00000	10.83478
91	17200.00000	10.83478
91	17400.00000	10.83478
91	17600.00000	10.83478
91	17800.00000	8.45149
91	18000.00000	8.45149
91	18200.00000	8.45149
91	18400.00000	8.45149
91	18600.00000	7.55774
91	18800.00000	7.55774
91	19000.00000	7.55774
91	19200.00000	7.32986
91	19400.00000	7.32986
91	19600.00000	7.32986
91	19800.00000	7.32986
91	20000.00000	8.84085
92	0.00000	10.47255
92	200.00000	10.47255
92	400.00000	10.47255
92	600.00000	10.47255
92	800.00000	12.44722
92	1000.00000	12.44722
92	1200.00000	12.44722
92	1400.00000	12.44722
92	1600.00000	10.16467
92	1800.00000	10.16467
92	2000.00000	10.16467
92	2200.00000	10.16467
92	2400.00000	12.36645
92	2600.00000	12.36645
92	2800.00000	12.36645
92	3000.00000	12.36645
92	3200.00000	9.71832
92	3400.00000	9.71832
92	3600.00000	9.71832
92	3800.00000	9.71832
92	4000.00000	12.66300
92	4200.00000	12.66300
92	4400.00000	12.66300
92	4600.00000	12.66300
92	4800.00000	10.47551
92	5000.00000	10.47551
92	5200.00000	10.47551
92	5400.00000	9.97946
92	5600.00000	9.97946
92	5800.00000	9.97946
92	6000.00000	9.97946
92	6200.00000	9.00747
92	6400.00000	9.00747
92	6600.00000	9.00747
92	6800.00000	9.00747
92	7000.00000	9.34087
92	7200.00000	9.34087
92	7400.00000	9.34087
92	7600.00000	9.34087
92	7800.00000	10.82452
92	8000.00000	10.82452
92	8200.00000	10.82452
92	8400.00000	10.82452
92	8600.00000	8.98460
92	8800.00000	8.98460
92	9000.00000	8.98460
92	9200.00000	8.98460
92	9400.00000	10.42549
92	9600.00000	10.42549
92	9800.00000	10.42549
92	10000.00000	10.91721
92	10200.00000	10.91721
92	10400.00000	10.91721
92	10600.00000	10.91721
92	10800.00000	8.38648
92	11000.00000	8.38648
92	11200.00000	8.38648
92	11400.00000	8.38648
92	11600.00000	11.46071
92	11800.00000	11.46071
92	12000.00000	11.46071
92	12200.00000	11.46071
92	12400.00000	11.65687
92	12600.00000	11.65687
92	12800.00000	11.65687
92	13000.00000	11.65687
92	13200.00000	12.30445
92	13400.00000	12.30445
92	13600.00000	12.30445
92	13800.00000	12.30445
92	14000.00000	8.70449
92	14200.00000	8.70449
92	14400.00000	8.70449
92	14600.00000	8.31865
92	14800.00000	8.31865
92	15000.00000	8.31865
92	15200.00000	8.31865
92	15400.00000	9.74682
92	15600.00000	9.74682
92	15800.00000	9.74682
92	16000.00000	9.74682
92	16200.00000	8.98892
92	16400.00000	8.98892
92	16600.00000	8.98892
92	16800.00000	8.98892
92	17000.00000	9.02474
92	17200.00000	9.02474
92	17400.00000	9.02474
92	17600.00000	9.02474
92	17800.00000	8.08098
92	18000.00000	8.08098
92	18200.00000	8.08098
92	18400.00000	8.08098
92	18600.00000	7.04655
92	18800.00000	7.04655
92	19000.00000	7.04655
92	19200.00000	8.76441
92	19400.00000	8.76441
92	19600.00000	8.76441
92	19800.00000	8.76441
92	20000.00000	11.15752
93	0.00000	10.60386
93	200.00000	10.60386
93	400.00000	10.60386
93	600.00000	10.60386
93	800.00000	11.56115
93	1000.00000	11.56115
93	1200.00000	11.56115
93	1400.00000	11.56115
93	1600.00000	10.18888
93	1800.00000	10.18888
93	2000.00000	10.18888
93	2200.00000	10.18888
93	2400.00000	11.56026
93	2600.00000	11.56026
93	2800.00000	11.56026
93	3000.00000	11.56026
93	3200.00000	9.77764
93	3400.00000	9.77764
93	3600.00000	9.77764
93	3800.00000	9.77764
93	4000.00000	11.33107
93	4200.00000	11.33107
93	4400.00000	11.33107
93	4600.00000	11.33107
93	4800.00000	11.37368
93	5000.00000	11.37368
93	5200.00000	11.37368
93	5400.00000	9.58984
93	5600.00000	9.58984
93	5800.00000	9.58984
93	6000.00000	9.58984
93	6200.00000	9.67511
93	6400.00000	9.67511
93	6600.00000	9.67511
93	6800.00000	9.67511
93	7000.00000	9.35044
93	7200.00000	9.35044
93	7400.00000	9.35044
93	7600.00000	9.35044
93	7800.00000	9.73789
93	8000.00000	9.73789
93	8200.00000	9.73789
93	8400.00000	9.73789
93	8600.00000	10.30119
93	8800.00000	10.30119
93	9000.00000	10.30119
93	9200.00000	10.30119
93	9400.00000	10.97631
93	9600.00000	10.97631
93	9800.00000	10.97631
93	10000.00000	10.05451
93	10200.00000	10.05451
93	10400.00000	10.05451
93	10600.00000	10.05451
93	10800.00000	9.04076
93	11000.00000	9.04076
93	11200.00000	9.04076
93	11400.00000	9.04076
93	11600.00000	10.68777
93	11800.00000	10.68777
93	12000.00000	10.68777
93	12200.00000	10.68777
93	12400.00000	11.46210
93	12600.00000	11.46210
93	12800.00000	11.46210
93	13000.00000	11.46210
93	13200.00000	9.67926
93	13400.00000	9.67926
93	13600.00000	9.67926
93	13800.00000	9.67926
93	14000.00000	9.81182
93	14200.00000	9.81182
93	14400.00000	9.81182
93	14600.00000	9.50780
93	14800.00000	9.50780
93	15000.00000	9.50780
93	15200.00000	9.50780
93	15400.00000	8.17003
93	15600.00000	8.17003
93	15800.00000	8.17003
93	16000.00000	8.17003
93	16200.00000	9.06100
93	16400.00000	9.06100
93	16600.00000	9.06100
93	16800.00000	9.06100
93	17000.00000	9.34589
93	17200.00000	9.34589
93	17400.00000	9.34589
93	17600.00000	9.34589
93	17800.00000	8.39497
93	18000.00000	8.39497
93	18200.00000	8.39497
93	18400.00000	8.39497
93	18600.00000	8.05749
93	18800.00000	8.05749
93	19000.00000	8.05749
93	19200.00000	9.15360
93	19400.00000	9.15360
93	19600.00000	9.15360
93	19800.00000	9.15360
93	20000.00000	9.60141
94	0.00000	10.56378
94	200.00000	10.56378
94	400.00000	10.56378
94	600.00000	10.56378
94	800.00000	12.24246
94	1000.00000	12.24246
94	1200.00000	12.24246
94	1400.00000	12.24246
94	1600.00000	10.09069
94	1800.00000	10.09069
94	2000.00000	10.09069
94	2200.00000	10.09069
94	2400.00000	11.65585
94	2600.00000	11.65585
94	2800.00000	11.65585
94	3000.00000	11.65585
94	3200.00000	9.81323
94	3400.00000	9.81323
94	3600.00000	9.81323
94	3800.00000	9.81323
94	4000.00000	11.43764
94	4200.00000	11.43764
94	4400.00000	11.43764
94	4600.00000	11.43764
94	4800.00000	10.50448
94	5000.00000	10.50448
94	5200.00000	10.50448
94	5400.00000	9.60174
94	5600.00000	9.60174
94	5800.00000	9.60174
94	6000.00000	9.60174
94	6200.00000	9.27277
94	6400.00000	9.27277
94	6600.00000	9.27277
94	6800.00000	9.27277
94	7000.00000	9.92644
94	7200.00000	9.92644
94	7400.00000	9.92644
94	7600.00000	9.92644
94	7800.00000	9.64896
94	8000.00000	9.64896
94	8200.00000	9.64896
94	8400.00000	9.64896
94	8600.00000	9.35447
94	8800.00000	9.35447
94	9000.00000	9.35447
94	9200.00000	9.35447
94	9400.00000	10.94458
94	9600.00000	10.94458
94	9800.00000	10.94458
94	10000.00000	9.52000
94	10200.00000	9.52000
94	10400.00000	9.52000
94	10600.00000	9.52000
94	10800.00000	8.37883
94	11000.00000	8.37883
94	11200.00000	8.37883
94	11400.00000	8.37883
94	11600.00000	9.46761
94	11800.00000	9.46761
94	12000.00000	9.46761
94	12200.00000	9.46761
94	12400.00000	9.65372
94	12600.00000	9.65372
94	12800.00000	9.65372
94	13000.00000	9.65372
94	13200.00000	9.61761
94	13400.00000	9.61761
94	13600.00000	9.61761
94	13800.00000	9.61761
94	14000.00000	9.72813
94	14200.00000	9.72813
94	14400.00000	9.72813
94	14600.00000	9.73251
94	14800.00000	9.73251
94	15000.00000	9.73251
94	15200.00000	9.73251
94	15400.00000	8.67174
94	15600.00000	8.67174
94	15800.00000	8.67174
94	16000.00000	8.67174
94	16200.00000	8.19862
94	16400.00000	8.19862
94	16600.00000	8.19862
94	16800.00000	8.19862
94	17000.00000	8.86723
94	17200.00000	8.86723
94	17400.00000	8.86723
94	17600.00000	8.86723
94	17800.00000	8.72686
94	18000.00000	8.72686
94	18200.00000	8.72686
94	18400.00000	8.72686
94	18600.00000	8.41271
94	18800.00000	8.41271
94	19000.00000	8.41271
94	19200.00000	9.73170
94	19400.00000	9.73170
94	19600.00000	9.73170
94	19800.00000	9.73170
94	20000.00000	8.68461
95	0.00000	10.54021
95	200.00000	10.54021
95	400.00000	10.54021
95	600.00000	10.54021
95	800.00000	12.53119
95	1000.00000	12.53119
95	1200.00000	12.53119
95	1400.00000	12.53119
95	1600.00000	10.04497
95	1800.00000	10.04497
95	2000.00000	10.04497
95	2200.00000	10.04497
95	2400.00000	12.27167
95	2600.00000	12.27167
95	2800.00000	12.27167
95	3000.00000	12.27167
95	3200.00000	9.84130
95	3400.00000	9.84130
95	3600.00000	9.84130
95	3800.00000	9.84130
95	4000.00000	10.92255
95	4200.00000	10.92255
95	4400.00000	10.92255
95	4600.00000	10.92255
95	4800.00000	10.99402
95	5000.00000	10.99402
95	5200.00000	10.99402
95	5400.00000	9.87664
95	5600.00000	9.87664
95	5800.00000	9.87664
95	6000.00000	9.87664
95	6200.00000	9.77325
95	6400.00000	9.77325
95	6600.00000	9.77325
95	6800.00000	9.77325
95	7000.00000	9.52395
95	7200.00000	9.52395
95	7400.00000	9.52395
95	7600.00000	9.52395
95	7800.00000	9.81942
95	8000.00000	9.81942
95	8200.00000	9.81942
95	8400.00000	9.81942
95	8600.00000	8.68202
95	8800.00000	8.68202
95	9000.00000	8.68202
95	9200.00000	8.68202
95	9400.00000	10.75588
95	9600.00000	10.75588
95	9800.00000	10.75588
95	10000.00000	11.41007
95	10200.00000	11.41007
95	10400.00000	11.41007
95	10600.00000	11.41007
95	10800.00000	8.53615
95	11000.00000	8.53615
95	11200.00000	8.53615
95	11400.00000	8.53615
95	11600.00000	11.42145
95	11800.00000	11.42145
95	12000.00000	11.42145
95	12200.00000	11.42145
95	12400.00000	10.52061
95	12600.00000	10.52061
95	12800.00000	10.52061
95	13000.00000	10.52061
95	13200.00000	9.23628
95	13400.00000	9.23628
95	13600.00000	9.23628
95	13800.00000	9.23628
95	14000.00000	9.88934
95	14200.00000	9.88934
95	14400.00000	9.88934
95	14600.00000	7.83931
95	14800.00000	7.83931
95	15000.00000	7.83931
95	15200.00000	7.83931
95	15400.00000	8.39092
95	15600.00000	8.39092
95	15800.00000	8.39092
95	16000.00000	8.39092
95	16200.00000	8.87776
95	16400.00000	8.87776
95	16600.00000	8.87776
95	16800.00000	8.87776
95	17000.00000	8.99671
95	17200.00000	8.99671
95	17400.00000	8.99671
95	17600.00000	8.99671
95	17800.00000	7.71064
95	18000.00000	7.71064
95	18200.00000	7.71064
95	18400.00000	7.71064
95	18600.00000	9.03230
95	18800.00000	9.03230
95	19000.00000	9.03230
95	19200.00000	9.40302
95	19400.00000	9.40302
95	19600.00000	9.40302
95	19800.00000	9.40302
95	20000.00000	8.00267
96	0.00000	10.50794
96	200.00000	10.50794
96	400.00000	10.50794
96	600.00000	10.50794
96	800.00000	12.59767
96	1000.00000	12.59767
96	1200.00000	12.59767
96	1400.00000	12.59767
96	1600.00000	10.03285
96	1800.00000	10.03285
96	2000.00000	10.03285
96	2200.00000	10.03285
96	2400.00000	11.43546
96	2600.00000	11.43546
96	2800.00000	11.43546
96	3000.00000	11.43546
96	3200.00000	10.08724
96	3400.00000	10.08724
96	3600.00000	10.08724
96	3800.00000	10.08724
96	4000.00000	10.79556
96	4200.00000	10.79556
96	4400.00000	10.79556
96	4600.00000	10.79556
96	4800.00000	11.36363
96	5000.00000	11.36363
96	5200.00000	11.36363
96	5400.00000	9.63795
96	5600.00000	9.63795
96	5800.00000	9.63795
96	6000.00000	9.63795
96	6200.00000	9.38954
96	6400.00000	9.38954
96	6600.00000	9.38954
96	6800.00000	9.38954
96	7000.00000	9.44335
96	7200.00000	9.44335
96	7400.00000	9.44335
96	7600.00000	9.44335
96	7800.00000	10.77252
96	8000.00000	10.77252
96	8200.00000	10.77252
96	8400.00000	10.77252
96	8600.00000	9.22010
96	8800.00000	9.22010
96	9000.00000	9.22010
96	9200.00000	9.22010
96	9400.00000	11.11544
96	9600.00000	11.11544
96	9800.00000	11.11544
96	10000.00000	10.97003
96	10200.00000	10.97003
96	10400.00000	10.97003
96	10600.00000	10.97003
96	10800.00000	8.33081
96	11000.00000	8.33081
96	11200.00000	8.33081
96	11400.00000	8.33081
96	11600.00000	10.30297
96	11800.00000	10.30297
96	12000.00000	10.30297
96	12200.00000	10.30297
96	12400.00000	9.93695
96	12600.00000	9.93695
96	12800.00000	9.93695
96	13000.00000	9.93695
96	13200.00000	9.37739
96	13400.00000	9.37739
96	13600.00000	9.37739
96	13800.00000	9.37739
96	14000.00000	10.13466
96	14200.00000	10.13466
96	14400.00000	10.13466
96	14600.00000	8.65127
96	14800.00000	8.65127
96	15000.00000	8.65127
96	15200.00000	8.65127
96	15400.00000	7.94939
96	15600.00000	7.94939
96	15800.00000	7.94939
96	16000.00000	7.94939
96	16200.00000	10.39382
96	16400.00000	10.39382
96	16600.00000	10.39382
96	16800.00000	10.39382
96	17000.00000	9.22764
96	17200.00000	9.22764
96	17400.00000	9.22764
96	17600.00000	9.22764
96	17800.00000	9.31343
96	18000.00000	9.31343
96	18200.00000	9.31343
96	18400.00000	9.31343
96	18600.00000	7.72344
96	18800.00000	7.72344
96	19000.00000	7.72344
96	19200.00000	8.39722
96	19400.00000	8.39722
96	19600.00000	8.39722
96	19800.00000	8.39722
96	20000.00000	9.23097
97	0.00000	10.49303
97	200.00000	10.49303
97	400.00000	10.49303
97	600.00000	10.49303
97	800.00000	12.56680
97	1000.00000	12.56680
97	1200.00000	12.56680
97	1400.00000	12.56680
97	1600.00000	10.03683
97	1800.00000	10.03683
97	2000.00000	10.03683
97	2200.00000	10.03683
97	2400.00000	12.26080
97	2600.00000	12.26080
97	2800.00000	12.26080
97	3000.00000	12.26080
97	3200.00000	9.96714
97	3400.00000	9.96714
97	3600.00000	9.96714
97	3800.00000	9.96714
97	4000.00000	10.74714
97	4200.00000	10.74714
97	4400.00000	10.74714
97	4600.00000	10.74714
97	4800.00000	11.54299
97	5000.00000	11.54299
97	5200.00000	11.54299
97	5400.00000	9.37776
97	5600.00000	9.37776
97	5800.00000	9.37776
97	6000.00000	9.37776
97	6200.00000	9.86511
97	6400.00000	9.86511
97	6600.00000	9.86511
97	6800.00000	9.86511
97	7000.00000	8.99971
97	7200.00000	8.99971
97	7400.00000	8.99971
97	7600.00000	8.99971
97	7800.00000	11.04766
97	8000.00000	11.04766
97	8200.00000	11.04766
97	8400.00000	11.04766
97	8600.00000	9.14987
97	8800.00000	9.14987
97	9000.00000	9.14987
97	9200.00000	9.14987
97	9400.00000	10.29473
97	9600.00000	10.29473
97	9800.00000	10.29473
97	10000.00000	12.19737
97	10200.00000	12.19737
97	10400.00000	12.19737
97	10600.00000	12.19737
97	10800.00000	8.74345
97	11000.00000	8.74345
97	11200.00000	8.74345
97	11400.00000	8.74345
97	11600.00000	9.44733
97	11800.00000	9.44733
97	12000.00000	9.44733
97	12200.00000	9.44733
97	12400.00000	10.84276
97	12600.00000	10.84276
97	12800.00000	10.84276
97	13000.00000	10.84276
97	13200.00000	10.52999
97	13400.00000	10.52999
97	13600.00000	10.52999
97	13800.00000	10.52999
97	14000.00000	8.43822
97	14200.00000	8.43822
97	14400.00000	8.43822
97	14600.00000	8.53193
97	14800.00000	8.53193
97	15000.00000	8.53193
97	15200.00000	8.53193
97	15400.00000	9.38789
97	15600.00000	9.38789
97	15800.00000	9.38789
97	16000.00000	9.38789
97	16200.00000	11.34878
97	16400.00000	11.34878
97	16600.00000	11.34878
97	16800.00000	11.34878
97	17000.00000	10.28003
97	17200.00000	10.28003
97	17400.00000	10.28003
97	17600.00000	10.28003
97	17800.00000	8.78380
97	18000.00000	8.78380
97	18200.00000	8.78380
97	18400.00000	8.78380
97	18600.00000	7.93158
97	18800.00000	7.93158
97	19000.00000	7.93158
97	19200.00000	9.04529
97	19400.00000	9.04529
97	19600.00000	9.04529
97	19800.00000	9.04529
97	20000.00000	10.40339
98	0.00000	10.49914
98	200.00000	10.49914
98	400.00000	10.49914
98	600.00000	10.49914
98	800.00000	12.06811
98	1000.00000	12.06811
98	1200.00000	12.06811
98	1400.00000	12.06811
98	1600.00000	10.05555
98	1800.00000	10.05555
98	2000.00000	10.05555
98	2200.00000	10.05555
98	2400.00000	12.07286
98	2600.00000	12.07286
98	2800.00000	12.07286
98	3000.00000	12.07286
98	3200.00000	9.90493
98	3400.00000	9.90493
98	3600.00000	9.90493
98	3800.00000	9.90493
98	4000.00000	12.01698
98	4200.00000	12.01698
98	4400.00000	12.01698
98	4600.00000	12.01698
98	4800.00000	10.89539
98	5000.00000	10.89539
98	5200.00000	10.89539
98	5400.00000	9.95576
98	5600.00000	9.95576
98	5800.00000	9.95576
98	6000.00000	9.95576
98	6200.00000	9.03151
98	6400.00000	9.03151
98	6600.00000	9.03151
98	6800.00000	9.03151
98	7000.00000	9.64954
98	7200.00000	9.64954
98	7400.00000	9.64954
98	7600.00000	9.64954
98	7800.00000	9.94125
98	8000.00000	9.94125
98	8200.00000	9.94125
98	8400.00000	9.94125
98	8600.00000	9.02146
98	8800.00000	9.02146
98	9000.00000	9.02146
98	9200.00000	9.02146
98	9400.00000	11.83866
98	9600.00000	11.83866
98	9800.00000	11.83866
98	10000.00000	10.62703
98	10200.00000	10.62703
98	10400.00000	10.62703
98	10600.00000	10.62703
98	10800.00000	8.47652
98	11000.00000	8.47652
98	11200.00000	8.47652
98	11400.00000	8.47652
98	11600.00000	11.07807
98	11800.00000	11.07807
98	12000.00000	11.07807
98	12200.00000	11.07807
98	12400.00000	9.64874
98	12600.00000	9.64874
98	12800.00000	9.64874
98	13000.00000	9.64874
98	13200.00000	9.66955
98	13400.00000	9.66955
98	13600.00000	9.66955
98	13800.00000	9.66955
98	14000.00000	9.68576
98	14200.00000	9.68576
98	14400.00000	9.68576
98	14600.00000	10.31474
98	14800.00000	10.31474
98	15000.00000	10.31474
98	15200.00000	10.31474
98	15400.00000	9.34643
98	15600.00000	9.34643
98	15800.00000	9.34643
98	16000.00000	9.34643
98	16200.00000	8.31173
98	16400.00000	8.31173
98	16600.00000	8.31173
98	16800.00000	8.31173
98	17000.00000	10.37057
98	17200.00000	10.37057
98	17400.00000	10.37057
98	17600.00000	10.37057
98	17800.00000	8.55343
98	18000.00000	8.55343
98	18200.00000	8.55343
98	18400.00000	8.55343
98	18600.00000	8.00709
98	18800.00000	8.00709
98	19000.00000	8.00709
98	19200.00000	8.44323
98	19400.00000	8.44323
98	19600.00000	8.44323
98	19800.00000	8.44323
98	20000.00000	8.76664
99	0.00000	10.49923
99	200.00000	10.49923
99	400.00000	10.49923
99	600.00000	10.49923
99	800.00000	12.35056
99	1000.00000	12.35056
99	1200.00000	12.35056
99	1400.00000	12.35056
99	1600.00000	10.01172
99	1800.00000	10.01172
99	2000.00000	10.01172
99	2200.00000	10.01172
99	2400.00000	12.35803
99	2600.00000	12.35803
99	2800.00000	12.35803
99	3000.00000	12.35803
99	3200.00000	9.95494
99	3400.00000	9.95494
99	3600.00000	9.95494
99	3800.00000	9.95494
99	4000.00000	11.00513
99	4200.00000	11.00513
99	4400.00000	11.00513
99	4600.00000	11.00513
99	4800.00000	10.91322
99	5000.00000	10.91322
99	5200.00000	10.91322
99	5400.00000	9.35862
99	5600.00000	9.35862
99	5800.00000	9.35862
99	6000.00000	9.35862
99	6200.00000	9.62602
99	6400.00000	9.62602
99	6600.00000	9.62602
99	6800.00000	9.62602
99	7000.00000	9.35683
99	7200.00000	9.35683
99	7400.00000	9.35683
99	7600.00000	9.35683
99	7800.00000	10.61210
99	8000.00000	10.61210
99	8200.00000	10.61210
99	8400.00000	10.61210
99	8600.00000	9.21641
99	8800.00000	9.21641
99	9000.00000	9.21641
99	9200.00000	9.21641
99	9400.00000	10.48013
99	9600.00000	10.48013
99	9800.00000	10.48013
99	10000.00000	10.20905
99	10200.00000	10.20905
99	10400.00000	10.20905
99	10600.00000	10.20905
99	10800.00000	8.61301
99	11000.00000	8.61301
99	11200.00000	8.61301
99	11400.00000	8.61301
99	11600.00000	9.80856
99	11800.00000	9.80856
99	12000.00000	9.80856
99	12200.00000	9.80856
99	12400.00000	9.82148
99	12600.00000	9.82148
99	12800.00000	9.82148
99	13000.00000	9.82148
99	13200.00000	9.52123
99	13400.00000	9.52123
99	13600.00000	9.52123
99	13800.00000	9.52123
99	14000.00000	10.00881
99	14200.00000	10.00881
99	14400.00000	10.00881
99	14600.00000	8.91909
99	14800.00000	8.91909
99	15000.00000	8.91909
99	15200.00000	8.91909
99	15400.00000	8.44408
99	15600.00000	8.44408
99	15800.00000	8.44408
99	16000.00000	8.44408
99	16200.00000	8.94337
99	16400.00000	8.94337
99	16600.00000	8.94337
99	16800.00000	8.94337
99	17000.00000	9.65289
99	17200.00000	9.65289
99	17400.00000	9.65289
99	17600.00000	9.65289
99	17800.00000	9.55728
99	18000.00000	9.55728
99	18200.00000	9.55728
99	18400.00000	9.55728
99	18600.00000	7.49832
99	18800.00000	7.49832
99	19000.00000	7.49832
99	19200.00000	9.70507
99	19400.00000	9.70507
99	19600.00000	9.70507
99	19800.00000	9.70507
99	20000.00000	8.99973
100	0.00000	10.45577
100	200.00000	10.45577
100	400.00000	10.45577
100	600.00000	10.45577
100	800.00000	12.26555
100	1000.00000	12.26555
100	1200.00000	12.26555
100	1400.00000	12.26555
100	1600.00000	10.01060
100	1800.00000	10.01060
100	2000.00000	10.01060
100	2200.00000	10.01060
100	2400.00000	11.60349
100	2600.00000	11.60349
100	2800.00000	11.60349
100	3000.00000	11.60349
100	3200.00000	10.03041
100	3400.00000	10.03041
100	3600.00000	10.03041
100	3800.00000	10.03041
100	4000.00000	10.92362
100	4200.00000	10.92362
100	4400.00000	10.92362
100	4600.00000	10.92362
100	4800.00000	11.10978
100	5000.00000	11.10978
100	5200.00000	11.10978
100	5400.00000	9.45764
100	5600.00000	9.45764
100	5800.00000	9.45764
100	6000.00000	9.45764
100	6200.00000	9.32391
100	6400.00000	9.32391
100	6600.00000	9.32391
100	6800.00000	9.32391
100	7000.00000	9.42710
100	7200.00000	9.42710
100	7400.00000	9.42710
100	7600.00000	9.42710
100	7800.00000	9.90611
100	8000.00000	9.90611
100	8200.00000	9.90611
100	8400.00000	9.90611
100	8600.00000	8.94985
100	8800.00000	8.94985
100	9000.00000	8.94985
100	9200.00000	8.94985
100	9400.00000	10.56594
100	9600.00000	10.56594
100	9800.00000	10.56594
100	10000.00000	10.54094
100	10200.00000	10.54094
100	10400.00000	10.54094
100	10600.00000	10.54094
100	10800.00000	8.59347
100	11000.00000	8.59347
100	11200.00000	8.59347
100	11400.00000	8.59347
100	11600.00000	10.21508
100	11800.00000	10.21508
100	12000.00000	10.21508
100	12200.00000	10.21508
100	12400.00000	9.51236
100	12600.00000	9.51236
100	12800.00000	9.51236
100	13000.00000	9.51236
100	13200.00000	10.18410
100	13400.00000	10.18410
100	13600.00000	10.18410
100	13800.00000	10.18410
100	14000.00000	10.46189
100	14200.00000	10.46189
100	14400.00000	10.46189
100	14600.00000	8.75265
100	14800.00000	8.75265
100	15000.00000	8.75265
100	15200.00000	8.75265
100	15400.00000	8.28174
100	15600.00000	8.28174
100	15800.00000	8.28174
100	16000.00000	8.28174
100	16200.00000	9.77370
100	16400.00000	9.77370
100	16600.00000	9.77370
100	16800.00000	9.77370
100	17000.00000	8.03161
100	17200.00000	8.03161
100	17400.00000	8.03161
100	17600.00000	8.03161
100	17800.00000	8.17455
100	18000.00000	8.17455
100	18200.00000	8.17455
100	18400.00000	8.17455
100	18600.00000	9.00601
100	18800.00000	9.00601
100	19000.00000	9.00601
100	19200.00000	7.78344
100	19400.00000	7.78344
100	19600.00000	7.78344
100	19800.00000	7.78344
100	20000.00000	9.22207
101	0.00000	10.53081
101	200.00000	10.53081
101	400.00000	10.53081
101	600.00000	10.53081
101	800.00000	12.32033
101	1000.00000	12.32033
101	1200.00000	12.32033
101	1400.00000	12.32033
101	1600.00000	10.17985
101	1800.00000	10.17985
101	2000.00000	10.17985
101	2200.00000	10.17985
101	2400.00000	11.63715
101	2600.00000	11.63715
101	2800.00000	11.63715
101	3000.00000	11.63715
101	3200.00000	10.12582
101	3400.00000	10.12582
101	3600.00000	10.12582
101	3800.00000	10.12582
101	4000.00000	10.62234
101	4200.00000	10.62234
101	4400.00000	10.62234
101	4600.00000	10.62234
101	4800.00000	11.32602
101	5000.00000	11.32602
101	5200.00000	11.32602
101	5400.00000	9.83114
101	5600.00000	9.83114
101	5800.00000	9.83114
101	6000.00000	9.83114
101	6200.00000	9.40974
101	6400.00000	9.40974
101	6600.00000	9.40974
101	6800.00000	9.40974
101	7000.00000	8.96453
101	7200.00000	8.96453
101	7400.00000	8.96453
101	7600.00000	8.96453
101	7800.00000	10.12811
101	8000.00000	10.12811
101	8200.00000	10.12811
101	8400.00000	10.12811
101	8600.00000	9.66815
101	8800.00000	9.66815
101	9000.00000	9.66815
101	9200.00000	9.66815
101	9400.00000	10.13532
101	9600.00000	10.13532
101	9800.00000	10.13532
101	10000.00000	10.72060
101	10200.00000	10.72060
101	10400.00000	10.72060
101	10600.00000	10.72060
101	10800.00000	8.38306
101	11000.00000	8.38306
101	11200.00000	8.38306
101	11400.00000	8.38306
101	11600.00000	11.37793
101	11800.00000	11.37793
101	12000.00000	11.37793
101	12200.00000	11.37793
101	12400.00000	9.95911
101	12600.00000	9.95911
101	12800.00000	9.95911
101	13000.00000	9.95911
101	13200.00000	9.56728
101	13400.00000	9.56728
101	13600.00000	9.56728
101	13800.00000	9.56728
101	14000.00000	10.26648
101	14200.00000	10.26648
101	14400.00000	10.26648
101	14600.00000	9.77068
101	14800.00000	9.77068
101	15000.00000	9.77068
101	15200.00000	9.77068
101	15400.00000	8.85507
101	15600.00000	8.85507
101	15800.00000	8.85507
101	16000.00000	8.85507
101	16200.00000	8.45113
101	16400.00000	8.45113
101	16600.00000	8.45113
101	16800.00000	8.45113
101	17000.00000	8.58154
101	17200.00000	8.58154
101	17400.00000	8.58154
101	17600.00000	8.58154
101	17800.00000	8.92134
101	18000.00000	8.92134
101	18200.00000	8.92134
101	18400.00000	8.92134
101	18600.00000	8.30873
101	18800.00000	8.30873
101	19000.00000	8.30873
101	19200.00000	7.81493
101	19400.00000	7.81493
101	19600.00000	7.81493
101	19800.00000	7.81493
101	20000.00000	8.29963
102	0.00000	10.44100
102	200.00000	10.44100
102	400.00000	10.44100
102	600.00000	10.44100
102	800.00000	12.02051
102	1000.00000	12.02051
102	1200.00000	12.02051
102	1400.00000	12.02051
102	1600.00000	10.08855
102	1800.00000	10.08855
102	2000.00000	10.08855
102	2200.00000	10.08855
102	2400.00000	11.89003
102	2600.00000	11.89003
102	2800.00000	11.89003
102	3000.00000	11.89003
102	3200.00000	9.95666
102	3400.00000	9.95666
102	3600.00000	9.95666
102	3800.00000	9.95666
102	4000.00000	12.12796
102	4200.00000	12.12796
102	4400.00000	12.12796
102	4600.00000	12.12796
102	4800.00000	11.03258
102	5000.00000	11.03258
102	5200.00000	11.03258
102	5400.00000	9.74711
102	5600.00000	9.74711
102	5800.00000	9.74711
102	6000.00000	9.74711
102	6200.00000	9.26202
102	6400.00000	9.26202
102	6600.00000	9.26202
102	6800.00000	9.26202
102	7000.00000	9.28111
102	7200.00000	9.28111
102	7400.00000	9.28111
102	7600.00000	9.28111
102	7800.00000	10.83606
102	8000.00000	10.83606
102	8200.00000	10.83606
102	8400.00000	10.83606
102	8600.00000	9.28375
102	8800.00000	9.28375
102	9000.00000	9.28375
102	9200.00000	9.28375
102	9400.00000	11.41979
102	9600.00000	11.41979
102	9800.00000	11.41979
102	10000.00000	11.12277
102	10200.00000	11.12277
102	10400.00000	11.12277
102	10600.00000	11.12277
102	10800.00000	8.40535
102	11000.00000	8.40535
102	11200.00000	8.40535
102	11400.00000	8.40535
102	11600.00000	10.84328
102	11800.00000	10.84328
102	12000.00000	10.84328
102	12200.00000	10.84328
102	12400.00000	10.15085
102	12600.00000	10.15085
102	12800.00000	10.15085
102	13000.00000	10.15085
102	13200.00000	9.05044
102	13400.00000	9.05044
102	13600.00000	9.05044
102	13800.00000	9.05044
102	14000.00000	10.23907
102	14200.00000	10.23907
102	14400.00000	10.23907
102	14600.00000	9.58554
102	14800.00000	9.58554
102	15000.00000	9.58554
102	15200.00000	9.58554
102	15400.00000	9.06223
102	15600.00000	9.06223
102	15800.00000	9.06223
102	16000.00000	9.06223
102	16200.00000	8.81522
102	16400.00000	8.81522
102	16600.00000	8.81522
102	16800.00000	8.81522
102	17000.00000	8.64513
102	17200.00000	8.64513
102	17400.00000	8.64513
102	17600.00000	8.64513
102	17800.00000	8.92719
102	18000.00000	8.92719
102	18200.00000	8.92719
102	18400.00000	8.92719
102	18600.00000	7.74911
102	18800.00000	7.74911
102	19000.00000	7.74911
102	19200.00000	8.28228
102	19400.00000	8.28228
102	19600.00000	8.28228
102	19800.00000	8.28228
102	20000.00000	8.84468
103	0.00000	10.51324
103	200.00000	10.51324
103	400.00000	10.51324
103	600.00000	10.51324
103	800.00000	12.24067
103	1000.00000	12.24067
103	1200.00000	12.24067
103	1400.00000	12.24067
103	1600.00000	10.08615
103	1800.00000	10.08615
103	2000.00000	10.08615
103	2200.00000	10.08615
103	2400.00000	11.48038
103	2600.00000	11.48038
103	2800.00000	11.48038
103	3000.00000	11.48038
103	3200.00000	9.93866
103	3400.00000	9.93866
103	3600.00000	9.93866
103	3800.00000	9.93866
103	4000.00000	10.72409
103	4200.00000	10.72409
103	4400.00000	10.72409
103	4600.00000	10.72409
103	4800.00000	11.85953
103	5000.00000	11.85953
103	5200.00000	11.85953
103	5400.00000	9.28680
103	5600.00000	9.28680
103	5800.00000	9.28680
103	6000.00000	9.28680
103	6200.00000	9.98346
103	6400.00000	9.98346
103	6600.00000	9.98346
103	6800.00000	9.98346
103	7000.00000	8.92072
103	7200.00000	8.92072
103	7400.00000	8.92072
103	7600.00000	8.92072
103	7800.00000	10.31046
103	8000.00000	10.31046
103	8200.00000	10.31046
103	8400.00000	10.31046
103	8600.00000	9.90826
103	8800.00000	9.90826
103	9000.00000	9.90826
103	9200.00000	9.90826
103	9400.00000	10.91677
103	9600.00000	10.91677
103	9800.00000	10.91677
103	10000.00000	10.24567
103	10200.00000	10.24567
103	10400.00000	10.24567
103	10600.00000	10.24567
103	10800.00000	8.43478
103	11000.00000	8.43478
103	11200.00000	8.43478
103	11400.00000	8.43478
103	11600.00000	10.98650
103	11800.00000	10.98650
103	12000.00000	10.98650
103	12200.00000	10.98650
103	12400.00000	10.29192
103	12600.00000	10.29192
103	12800.00000	10.29192
103	13000.00000	10.29192
103	13200.00000	9.47284
103	13400.00000	9.47284
103	13600.00000	9.47284
103	13800.00000	9.47284
103	14000.00000	9.08048
103	14200.00000	9.08048
103	14400.00000	9.08048
103	14600.00000	8.37375
103	14800.00000	8.37375
103	15000.00000	8.37375
103	15200.00000	8.37375
103	15400.00000	8.36450
103	15600.00000	8.36450
103	15800.00000	8.36450
103	16000.00000	8.36450
103	16200.00000	9.27322
103	16400.00000	9.27322
103	16600.00000	9.27322
103	16800.00000	9.27322
103	17000.00000	8.95610
103	17200.00000	8.95610
103	17400.00000	8.95610
103	17600.00000	8.95610
103	17800.00000	8.34516
103	18000.00000	8.34516
103	18200.00000	8.34516
103	18400.00000	8.34516
103	18600.00000	8.40434
103	18800.00000	8.40434
103	19000.00000	8.40434
103	19200.00000	8.07280
103	19400.00000	8.07280
103	19600.00000	8.07280
103	19800.00000	8.07280
103	20000.00000	9.11628
104	0.00000	10.46385
104	200.00000	10.46385
104	400.00000	10.46385
104	600.00000	10.46385
104	800.00000	12.44954
104	1000.00000	12.44954
104	1200.00000	12.44954
104	1400.00000	12.44954
104	1600.00000	10.06698
104	1800.00000	10.06698
104	2000.00000	10.06698
104	2200.00000	10.06698
104	2400.00000	11.86705
104	2600.00000	11.86705
104	2800.00000	11.86705
104	3000.00000	11.86705
104	3200.00000	10.00503
104	3400.00000	10.00503
104	3600.00000	10.00503
104	3800.00000	10.00503
104	4000.00000	11.03422
104	4200.00000	11.03422
104	4400.00000	11.03422
104	4600.00000	11.03422
104	4800.00000	10.73982
104	5000.00000	10.73982
104	5200.00000	10.73982
104	5400.00000	9.33208
104	5600.00000	9.33208
104	5800.00000	9.33208
104	6000.00000	9.33208
104	6200.00000	9.33283
104	6400.00000	9.33283
104	6600.00000	9.33283
104	6800.00000	9.33283
104	7000.00000	9.33811
104	7200.00000	9.33811
104	7400.00000	9.33811
104	7600.00000	9.33811
104	7800.00000	9.56468
104	8000.00000	9.56468
104	8200.00000	9.56468
104	8400.00000	9.56468
104	8600.00000	9.68331
104	8800.00000	9.68331
104	9000.00000	9.68331
104	9200.00000	9.68331
104	9400.00000	10.89723
104	9600.00000	10.89723
104	9800.00000	10.89723
104	10000.00000	10.79242
104	10200.00000	10.79242
104	10400.00000	10.79242
104	10600.00000	10.79242
104	10800.00000	8.17404
104	11000.00000	8.17404
104	11200.00000	8.17404
104	11400.00000	8.17404
104	11600.00000	10.29364
104	11800.00000	10.29364
104	12000.00000	10.29364
104	12200.00000	10.29364
104	12400.00000	10.20838
104	12600.00000	10.20838
104	12800.00000	10.20838
104	13000.00000	10.20838
104	13200.00000	10.59448
104	13400.00000	10.59448
104	13600.00000	10.59448
104	13800.00000	10.59448
104	14000.00000	8.23042
104	14200.00000	8.23042
104	14400.00000	8.23042
104	14600.00000	9.07197
104	14800.00000	9.07197
104	15000.00000	9.07197
104	15200.00000	9.07197
104	15400.00000	9.19343
104	15600.00000	9.19343
104	15800.00000	9.19343
104	16000.00000	9.19343
104	16200.00000	9.72871
104	16400.00000	9.72871
104	16600.00000	9.72871
104	16800.00000	9.72871
104	17000.00000	8.03842
104	17200.00000	8.03842
104	17400.00000	8.03842
104	17600.00000	8.03842
104	17800.00000	8.29012
104	18000.00000	8.29012
104	18200.00000	8.29012
104	18400.00000	8.29012
104	18600.00000	8.14695
104	18800.00000	8.14695
104	19000.00000	8.14695
104	19200.00000	7.88196
104	19400.00000	7.88196
104	19600.00000	7.88196
104	19800.00000	7.88196
104	20000.00000	9.23991
105	0.00000	10.53629
105	200.00000	10.53629
105	400.00000	10.53629
105	600.00000	10.53629
105	800.00000	11.91655
105	1000.00000	11.91655
105	1200.00000	11.91655
105	1400.00000	11.91655
105	1600.00000	10.14438
105	1800.00000	10.14438
105	2000.00000	10.14438
105	2200.00000	10.14438
105	2400.00000	11.76862
105	2600.00000	11.76862
105	2800.00000	11.76862
105	3000.00000	11.76862
105	3200.00000	9.87552
105	3400.00000	9.87552
105	3600.00000	9.87552
105	3800.00000	9.87552
105	4000.00000	11.03695
105	4200.00000	11.03695
105	4400.00000	11.03695
105	4600.00000	11.03695
105	4800.00000	10.34571
105	5000.00000	10.34571
105	5200.00000	10.34571
105	5400.00000	9.59604
105	5600.00000	9.59604
105	5800.00000	9.59604
105	6000.00000	9.59604
105	6200.00000	9.10294
105	6400.00000	9.10294
105	6600.00000	9.10294
105	6800.00000	9.10294
105	7000.00000	9.85766
105	7200.00000	9.85766
105	7400.00000	9.85766
105	7600.00000	9.85766
105	7800.00000	9.65080
105	8000.00000	9.65080
105	8200.00000	9.65080
105	8400.00000	9.65080
105	8600.00000	9.19876
105	8800.00000	9.19876
105	9000.00000	9.19876
105	9200.00000	9.19876
105	9400.00000	10.11097
105	9600.00000	10.11097
105	9800.00000	10.11097
105	10000.00000	9.50838
105	10200.00000	9.50838
105	10400.00000	9.50838
105	10600.00000	9.50838
105	10800.00000	8.63675
105	11000.00000	8.63675
105	11200.00000	8.63675
105	11400.00000	8.63675
105	11600.00000	9.91894
105	11800.00000	9.91894
105	12000.00000	9.91894
105	12200.00000	9.91894
105	12400.00000	10.34522
105	12600.00000	10.34522
105	12800.00000	10.34522
105	13000.00000	10.34522
105	13200.00000	10.40300
105	13400.00000	10.40300
105	13600.00000	10.40300
105	13800.00000	10.40300
105	14000.00000	9.81440
105	14200.00000	9.81440
105	14400.00000	9.81440
105	14600.00000	9.02584
105	14800.00000	9.02584
105	15000.00000	9.02584
105	15200.00000	9.02584
105	15400.00000	8.68412
105	15600.00000	8.68412
105	15800.00000	8.68412
105	16000.00000	8.68412
105	16200.00000	8.51734
105	16400.00000	8.51734
105	16600.00000	8.51734
105	16800.00000	8.51734
105	17000.00000	8.76788
105	17200.00000	8.76788
105	17400.00000	8.76788
105	17600.00000	8.76788
105	17800.00000	7.29106
105	18000.00000	7.29106
105	18200.00000	7.29106
105	18400.00000	7.29106
105	18600.00000	7.59039
105	18800.00000	7.59039
105	19000.00000	7.59039
105	19200.00000	9.78524
105	19400.00000	9.78524
105	19600.00000	9.78524
105	19800.00000	9.78524
105	20000.00000	8.64244
106	0.00000	10.43800
106	200.00000	10.43800
106	400.00000	10.43800
106	600.00000	10.43800
106	800.00000	12.42340
106	1000.00000	12.42340
106	1200.00000	12.42340
106	1400.00000	12.42340
106	1600.00000	10.12443
106	1800.00000	10.12443
106	2000.00000	10.12443
106	2200.00000	10.12443
106	2400.00000	12.03658
106	2600.00000	12.03658
106	2800.00000	12.03658
106	3000.00000	12.03658
106	3200.00000	10.00330
106	3400.00000	10.00330
106	3600.00000	10.00330
106	3800.00000	10.00330
106	4000.00000	10.98853
106	4200.00000	10.98853
106	4400.00000	10.98853
106	4600.00000	10.98853
106	4800.00000	11.18861
106	5000.00000	11.18861
106	5200.00000	11.18861
106	5400.00000	9.96841
106	5600.00000	9.96841
106	5800.00000	9.96841
106	6000.00000	9.96841
106	6200.00000	9.26184
106	6400.00000	9.26184
106	6600.00000	9.26184
106	6800.00000	9.26184
106	7000.00000	9.73644
106	7200.00000	9.73644
106	7400.00000	9.73644
106	7600.00000	9.73644
106	7800.00000	9.72409
106	8000.00000	9.72409
106	8200.00000	9.72409
106	8400.00000	9.72409
106	8600.00000	9.66181
106	8800.00000	9.66181
106	9000.00000	9.66181
106	9200.00000	9.66181
106	9400.00000	11.54064
106	9600.00000	11.54064
106	9800.00000	11.54064
106	10000.00000	11.93986
106	10200.00000	11.93986
106	10400.00000	11.93986
106	10600.00000	11.93986
106	10800.00000	8.63067
106	11000.00000	8.63067
106	11200.00000	8.63067
106	11400.00000	8.63067
106	11600.00000	9.82442
106	11800.00000	9.82442
106	12000.00000	9.82442
106	12200.00000	9.82442
106	12400.00000	11.93057
106	12600.00000	11.93057
106	12800.00000	11.93057
106	13000.00000	11.93057
106	13200.00000	10.29936
106	13400.00000	10.29936
106	13600.00000	10.29936
106	13800.00000	10.29936
106	14000.00000	8.49173
106	14200.00000	8.49173
106	14400.00000	8.49173
106	14600.00000	8.72391
106	14800.00000	8.72391
106	15000.00000	8.72391
106	15200.00000	8.72391
106	15400.00000	10.35855
106	15600.00000	10.35855
106	15800.00000	10.35855
106	16000.00000	10.35855
106	16200.00000	9.77525
106	16400.00000	9.77525
106	16600.00000	9.77525
106	16800.00000	9.77525
106	17000.00000	8.53331
106	17200.00000	8.53331
106	17400.00000	8.53331
106	17600.00000	8.53331
106	17800.00000	9.12098
106	18000.00000	9.12098
106	18200.00000	9.12098
106	18400.00000	9.12098
106	18600.00000	9.70544
106	18800.00000	9.70544
106	19000.00000	9.70544
106	19200.00000	8.80269
106	19400.00000	8.80269
106	19600.00000	8.80269
106	19800.00000	8.80269
106	20000.00000	8.85433
107	0.00000	10.47714
107	200.00000	10.47714
107	400.00000	10.47714
107	600.00000	10.47714
107	800.00000	11.95523
107	1000.00000	11.95523
107	1200.00000	11.95523
107	1400.00000	11.95523
107	1600.00000	10.11981
107	1800.00000	10.11981
107	2000.00000	10.11981
107	2200.00000	10.11981
107	2400.00000	11.50538
107	2600.00000	11.50538
107	2800.00000	11.50538
107	3000.00000	11.50538
107	3200.00000	9.96655
107	3400.00000	9.96655
107	3600.00000	9.96655
107	3800.00000	9.96655
107	4000.00000	11.27140
107	4200.00000	11.27140
107	4400.00000	11.27140
107	4600.00000	11.27140
107	4800.00000	10.90545
107	5000.00000	10.90545
107	5200.00000	10.90545
107	5400.00000	9.80143
107	5600.00000	9.80143
107	5800.00000	9.80143
107	6000.00000	9.80143
107	6200.00000	9.59280
107	6400.00000	9.59280
107	6600.00000	9.59280
107	6800.00000	9.59280
107	7000.00000	8.90947
107	7200.00000	8.90947
107	7400.00000	8.90947
107	7600.00000	8.90947
107	7800.00000	10.03731
107	8000.00000	10.03731
107	8200.00000	10.03731
107	8400.00000	10.03731
107	8600.00000	9.36157
107	8800.00000	9.36157
107	9000.00000	9.36157
107	9200.00000	9.36157
107	9400.00000	10.47159
107	9600.00000	10.47159
107	9800.00000	10.47159
107	10000.00000	10.67337
107	10200.00000	10.67337
107	10400.00000	10.67337
107	10600.00000	10.67337
107	10800.00000	8.78130
107	11000.00000	8.78130
107	11200.00000	8.78130
107	11400.00000	8.78130
107	11600.00000	9.43348
107	11800.00000	9.43348
107	12000.00000	9.43348
107	12200.00000	9.43348
107	12400.00000	9.77636
107	12600.00000	9.77636
107	12800.00000	9.77636
107	13000.00000	9.77636
107	13200.00000	10.16309
107	13400.00000	10.16309
107	13600.00000	10.16309
107	13800.00000	10.16309
107	14000.00000	9.36922
107	14200.00000	9.36922
107	14400.00000	9.36922
107	14600.00000	8.69937
107	14800.00000	8.69937
107	15000.00000	8.69937
107	15200.00000	8.69937
107	15400.00000	8.60543
107	15600.00000	8.60543
107	15800.00000	8.60543
107	16000.00000	8.60543
107	16200.00000	9.57587
107	16400.00000	9.57587
107	16600.00000	9.57587
107	16800.00000	9.57587
107	17000.00000	9.30926
107	17200.00000	9.30926
107	17400.00000	9.30926
107	17600.00000	9.30926
107	17800.00000	8.83645
107	18000.00000	8.83645
107	18200.00000	8.83645
107	18400.00000	8.83645
107	18600.00000	8.44363
107	18800.00000	8.44363
107	19000.00000	8.44363
107	19200.00000	8.93448
107	19400.00000	8.93448
107	19600.00000	8.93448
107	19800.00000	8.93448
107	20000.00000	8.44640
108	0.00000	10.52124
108	200.00000	10.52124
108	400.00000	10.52124
108	600.00000	10.52124
108	800.00000	11.54526
108	1000.00000	11.54526
108	1200.00000	11.54526
108	1400.00000	11.54526
108	1600.00000	10.20669
108	1800.00000	10.20669
108	2000.00000	10.20669
108	2200.00000	10.20669
108	2400.00000	12.22624
108	2600.00000	12.22624
108	2800.00000	12.22624
108	3000.00000	12.22624
108	3200.00000	10.12961
108	3400.00000	10.12961
108	3600.00000	10.12961
108	3800.00000	10.12961
108	4000.00000	10.32264
108	4200.00000	10.32264
108	4400.00000	10.32264
108	4600.00000	10.32264
108	4800.00000	11.08720
108	5000.00000	11.08720
108	5200.00000	11.08720
108	5400.00000	9.55412
108	5600.00000	9.55412
108	5800.00000	9.55412
108	6000.00000	9.55412
108	6200.00000	10.33294
108	6400.00000	10.33294
108	6600.00000	10.33294
108	6800.00000	10.33294
108	7000.00000	9.35499
108	7200.00000	9.35499
108	7400.00000	9.35499
108	7600.00000	9.35499
108	7800.00000	10.21952
108	8000.00000	10.21952
108	8200.00000	10.21952
108	8400.00000	10.21952
108	8600.00000	9.26400
108	8800.00000	9.26400
108	9000.00000	9.26400
108	9200.00000	9.26400
108	9400.00000	10.48624
108	9600.00000	10.48624
108	9800.00000	10.48624
108	10000.00000	10.87160
108	10200.00000	10.87160
108	10400.00000	10.87160
108	10600.00000	10.87160
108	10800.00000	8.64724
108	11000.00000	8.64724
108	11200.00000	8.64724
108	11400.00000	8.64724
108	11600.00000	9.50197
108	11800.00000	9.50197
108	12000.00000	9.50197
108	12200.00000	9.50197
108	12400.00000	10.95222
108	12600.00000	10.95222
108	12800.00000	10.95222
108	13000.00000	10.95222
108	13200.00000	10.37361
108	13400.00000	10.37361
108	13600.00000	10.37361
108	13800.00000	10.37361
108	14000.00000	8.74357
108	14200.00000	8.74357
108	14400.00000	8.74357
108	14600.00000	8.31307
108	14800.00000	8.31307
108	15000.00000	8.31307
108	15200.00000	8.31307
108	15400.00000	11.74960
108	15600.00000	11.74960
108	15800.00000	11.74960
108	16000.00000	11.74960
108	16200.00000	10.52313
108	16400.00000	10.52313
108	16600.00000	10.52313
108	16800.00000	10.52313
108	17000.00000	8.59356
108	17200.00000	8.59356
108	17400.00000	8.59356
108	17600.00000	8.59356
108	17800.00000	9.44744
108	18000.00000	9.44744
108	18200.00000	9.44744
108	18400.00000	9.44744
108	18600.00000	9.90806
108	18800.00000	9.90806
108	19000.00000	9.90806
108	19200.00000	8.17089
108	19400.00000	8.17089
108	19600.00000	8.17089
108	19800.00000	8.17089
108	20000.00000	8.54721
109	0.00000	10.51505
109	200.00000	10.51505
109	400.00000	10.51505
109	600.00000	10.51505
109	800.00000	11.94832
109	1000.00000	11.94832
109	1200.00000	11.94832
109	1400.00000	11.94832
109	1600.00000	10.12145
109	1800.00000	10.12145
109	2000.00000	10.12145
109	2200.00000	10.12145
109	2400.00000	11.51536
109	2600.00000	11.51536
109	2800.00000	11.51536
109	3000.00000	11.51536
109	3200.00000	10.25646
109	3400.00000	10.25646
109	3600.00000	10.25646
109	3800.00000	10.25646
109	4000.00000	10.25557
109	4200.00000	10.25557
109	4400.00000	10.25557
109	4600.00000	10.25557
109	4800.00000	11.11245
109	5000.00000	11.11245
109	5200.00000	11.11245
109	5400.00000	9.37727
109	5600.00000	9.37727
109	5800.00000	9.37727
109	6000.00000	9.37727
109	6200.00000	9.96445
109	6400.00000	9.96445
109	6600.00000	9.96445
109	6800.00000	9.96445
109	7000.00000	9.40503
109	7200.00000	9.40503
109	7400.00000	9.40503
109	7600.00000	9.40503
109	7800.00000	9.88012
109	8000.00000	9.88012
109	8200.00000	9.88012
109	8400.00000	9.88012
109	8600.00000	9.38401
109	8800.00000	9.38401
109	9000.00000	9.38401
109	9200.00000	9.38401
109	9400.00000	10.15921
109	9600.00000	10.15921
109	9800.00000	10.15921
109	10000.00000	10.39568
109	10200.00000	10.39568
109	10400.00000	10.39568
109	10600.00000	10.39568
109	10800.00000	8.56683
109	11000.00000	8.56683
109	11200.00000	8.56683
109	11400.00000	8.56683
109	11600.00000	9.72217
109	11800.00000	9.72217
109	12000.00000	9.72217
109	12200.00000	9.72217
109	12400.00000	10.51074
109	12600.00000	10.51074
109	12800.00000	10.51074
109	13000.00000	10.51074
109	13200.00000	10.14399
109	13400.00000	10.14399
109	13600.00000	10.14399
109	13800.00000	10.14399
109	14000.00000	8.62519
109	14200.00000	8.62519
109	14400.00000	8.62519
109	14600.00000	8.78427
109	14800.00000	8.78427
109	15000.00000	8.78427
109	15200.00000	8.78427
109	15400.00000	9.78295
109	15600.00000	9.78295
109	15800.00000	9.78295
109	16000.00000	9.78295
109	16200.00000	9.04677
109	16400.00000	9.04677
109	16600.00000	9.04677
109	16800.00000	9.04677
109	17000.00000	8.66789
109	17200.00000	8.66789
109	17400.00000	8.66789
109	17600.00000	8.66789
109	17800.00000	9.02111
109	18000.00000	9.02111
109	18200.00000	9.02111
109	18400.00000	9.02111
109	18600.00000	7.77646
109	18800.00000	7.77646
109	19000.00000	7.77646
109	19200.00000	8.20091
109	19400.00000	8.20091
109	19600.00000	8.20091
109	19800.00000	8.20091
109	20000.00000	8.62601
110	0.00000	10.54236
110	200.00000	10.54236
110	400.00000	10.54236
110	600.00000	10.54236
110	800.00000	11.98351
110	1000.00000	11.98351
110	1200.00000	11.98351
110	1400.00000	11.98351
110	1600.00000	10.12996
110	1800.00000	10.12996
110	2000.00000	10.12996
110	2200.00000	10.12996
110	2400.00000	11.80885
110	2600.00000	11.80885
110	2800.00000	11.80885
110	3000.00000	11.80885
110	3200.00000	10.31351
110	3400.00000	10.31351
110	3600.00000	10.31351
110	3800.00000	10.31351
110	4000.00000	10.38735
110	4200.00000	10.38735
110	4400.00000	10.38735
110	4600.00000	10.38735
110	4800.00000	11.63243
110	5000.00000	11.63243
110	5200.00000	11.63243
110	5400.00000	9.45225
110	5600.00000	9.45225
110	5800.00000	9.45225
110	6000.00000	9.45225
110	6200.00000	9.88135
110	6400.00000	9.88135
110	6600.00000	9.88135
110	6800.00000	9.88135
110	7000.00000	9.12038
110	7200.00000	9.12038
110	7400.00000	9.12038
110	7600.00000	9.12038
110	7800.00000	9.97502
110	8000.00000	9.97502
110	8200.00000	9.97502
110	8400.00000	9.97502
110	8600.00000	9.06414
110	8800.00000	9.06414
110	9000.00000	9.06414
110	9200.00000	9.06414
110	9400.00000	10.99657
110	9600.00000	10.99657
110	9800.00000	10.99657
110	10000.00000	10.29669
110	10200.00000	10.29669
110	10400.00000	10.29669
110	10600.00000	10.29669
110	10800.00000	9.05514
110	11000.00000	9.05514
110	11200.00000	9.05514
110	11400.00000	9.05514
110	11600.00000	9.46097
110	11800.00000	9.46097
110	12000.00000	9.46097
110	12200.00000	9.46097
110	12400.00000	9.69301
110	12600.00000	9.69301
110	12800.00000	9.69301
110	13000.00000	9.69301
110	13200.00000	9.91552
110	13400.00000	9.91552
110	13600.00000	9.91552
110	13800.00000	9.91552
110	14000.00000	8.64613
110	14200.00000	8.64613
110	14400.00000	8.64613
110	14600.00000	9.08066
110	14800.00000	9.08066
110	15000.00000	9.08066
110	15200.00000	9.08066
110	15400.00000	10.15994
110	15600.00000	10.15994
110	15800.00000	10.15994
110	16000.00000	10.15994
110	16200.00000	8.11021
110	16400.00000	8.11021
110	16600.00000	8.11021
110	16800.00000	8.11021
110	17000.00000	8.41832
110	17200.00000	8.41832
110	17400.00000	8.41832
110	17600.00000	8.41832
110	17800.00000	9.28233
110	18000.00000	9.28233
110	18200.00000	9.28233
110	18400.00000	9.28233
110	18600.00000	7.83807
110	18800.00000	7.83807
110	19000.00000	7.83807
110	19200.00000	8.78454
110	19400.00000	8.78454
110	19600.00000	8.78454
110	19800.00000	8.78454
110	20000.00000	8.33382
111	0.00000	10.40543
111	200.00000	10.40543
111	400.00000	10.40543
111	600.00000	10.40543
111	800.00000	12.64594
111	1000.00000	12.64594
111	1200.00000	12.64594
111	1400.00000	12.64594
111	1600.00000	10.17164
111	1800.00000	10.17164
111	2000.00000	10.17164
111	2200.00000	10.17164
111	2400.00000	11.76425
111	2600.00000	11.76425
111	2800.00000	11.76425
111	3000.00000	11.76425
111	3200.00000	9.99823
111	3400.00000	9.99823
111	3600.00000	9.99823
111	3800.00000	9.99823
111	4000.00000	10.78583
111	4200.00000	10.78583
111	4400.00000	10.78583
111	4600.00000	10.78583
111	4800.00000	11.72387
111	5000.00000	11.72387
111	5200.00000	11.72387
111	5400.00000	9.77378
111	5600.00000	9.77378
111	5800.00000	9.77378
111	6000.00000	9.77378
111	6200.00000	9.22872
111	6400.00000	9.22872
111	6600.00000	9.22872
111	6800.00000	9.22872
111	7000.00000	9.44717
111	7200.00000	9.44717
111	7400.00000	9.44717
111	7600.00000	9.44717
111	7800.00000	10.61804
111	8000.00000	10.61804
111	8200.00000	10.61804
111	8400.00000	10.61804
111	8600.00000	9.13530
111	8800.00000	9.13530
111	9000.00000	9.13530
111	9200.00000	9.13530
111	9400.00000	11.96272
111	9600.00000	11.96272
111	9800.00000	11.96272
111	10000.00000	11.31279
111	10200.00000	11.31279
111	10400.00000	11.31279
111	10600.00000	11.31279
111	10800.00000	8.67675
111	11000.00000	8.67675
111	11200.00000	8.67675
111	11400.00000	8.67675
111	11600.00000	9.38570
111	11800.00000	9.38570
111	12000.00000	9.38570
111	12200.00000	9.38570
111	12400.00000	10.88480
111	12600.00000	10.88480
111	12800.00000	10.88480
111	13000.00000	10.88480
111	13200.00000	9.98985
111	13400.00000	9.98985
111	13600.00000	9.98985
111	13800.00000	9.98985
111	14000.00000	8.62366
111	14200.00000	8.62366
111	14400.00000	8.62366
111	14600.00000	8.45260
111	14800.00000	8.45260
111	15000.00000	8.45260
111	15200.00000	8.45260
111	15400.00000	8.98404
111	15600.00000	8.98404
111	15800.00000	8.98404
111	16000.00000	8.98404
111	16200.00000	8.86870
111	16400.00000	8.86870
111	16600.00000	8.86870
111	16800.00000	8.86870
111	17000.00000	9.00814
111	17200.00000	9.00814
111	17400.00000	9.00814
111	17600.00000	9.00814
111	17800.00000	9.12007
111	18000.00000	9.12007
111	18200.00000	9.12007
111	18400.00000	9.12007
111	18600.00000	7.79973
111	18800.00000	7.79973
111	19000.00000	7.79973
111	19200.00000	7.96983
111	19400.00000	7.96983
111	19600.00000	7.96983
111	19800.00000	7.96983
111	20000.00000	8.71747
112	0.00000	10.37206
112	200.00000	10.37206
112	400.00000	10.37206
112	600.00000	10.37206
112	800.00000	12.07656
112	1000.00000	12.07656
112	1200.00000	12.07656
112	1400.00000	12.07656
112	1600.00000	10.15536
112	1800.00000	10.15536
112	2000.00000	10.15536
112	2200.00000	10.15536
112	2400.00000	11.56000
112	2600.00000	11.56000
112	2800.00000	11.56000
112	3000.00000	11.56000
112	3200.00000	10.08881
112	3400.00000	10.08881
112	3600.00000	10.08881
112	3800.00000	10.08881
112	4000.00000	10.61002
112	4200.00000	10.61002
112	4400.00000	10.61002
112	4600.00000	10.61002
112	4800.00000	10.64690
112	5000.00000	10.64690
112	5200.00000	10.64690
112	5400.00000	9.54629
112	5600.00000	9.54629
112	5800.00000	9.54629
112	6000.00000	9.54629
112	6200.00000	9.99489
112	6400.00000	9.99489
112	6600.00000	9.99489
112	6800.00000	9.99489
112	7000.00000	9.54830
112	7200.00000	9.54830
112	7400.00000	9.54830
112	7600.00000	9.54830
112	7800.00000	9.80775
112	8000.00000	9.80775
112	8200.00000	9.80775
112	8400.00000	9.80775
112	8600.00000	9.27767
112	8800.00000	9.27767
112	9000.00000	9.27767
112	9200.00000	9.27767
112	9400.00000	10.64769
112	9600.00000	10.64769
112	9800.00000	10.64769
112	10000.00000	10.44648
112	10200.00000	10.44648
112	10400.00000	10.44648
112	10600.00000	10.44648
112	10800.00000	8.66588
112	11000.00000	8.66588
112	11200.00000	8.66588
112	11400.00000	8.66588
112	11600.00000	10.09953
112	11800.00000	10.09953
112	12000.00000	10.09953
112	12200.00000	10.09953
112	12400.00000	10.67342
112	12600.00000	10.67342
112	12800.00000	10.67342
112	13000.00000	10.67342
112	13200.00000	10.82129
112	13400.00000	10.82129
112	13600.00000	10.82129
112	13800.00000	10.82129
112	14000.00000	9.40155
112	14200.00000	9.40155
112	14400.00000	9.40155
112	14600.00000	8.54602
112	14800.00000	8.54602
112	15000.00000	8.54602
112	15200.00000	8.54602
112	15400.00000	9.48518
112	15600.00000	9.48518
112	15800.00000	9.48518
112	16000.00000	9.48518
112	16200.00000	7.79681
112	16400.00000	7.79681
112	16600.00000	7.79681
112	16800.00000	7.79681
112	17000.00000	8.54093
112	17200.00000	8.54093
112	17400.00000	8.54093
112	17600.00000	8.54093
112	17800.00000	8.54599
112	18000.00000	8.54599
112	18200.00000	8.54599
112	18400.00000	8.54599
112	18600.00000	8.80744
112	18800.00000	8.80744
112	19000.00000	8.80744
112	19200.00000	8.68838
112	19400.00000	8.68838
112	19600.00000	8.68838
112	19800.00000	8.68838
112	20000.00000	8.64633
113	0.00000	10.41045
113	200.00000	10.41045
113	400.00000	10.41045
113	600.00000	10.41045
113	800.00000	12.64934
113	1000.00000	12.64934
113	1200.00000	12.64934
113	1400.00000	12.64934
113	1600.00000	10.08052
113	1800.00000	10.08052
113	2000.00000	10.08052
113	2200.00000	10.08052
113	2400.00000	11.18513
113	2600.00000	11.18513
113	2800.00000	11.18513
113	3000.00000	11.18513
113	3200.00000	10.05803
113	3400.00000	10.05803
113	3600.00000	10.05803
113	3800.00000	10.05803
113	4000.00000	10.65401
113	4200.00000	10.65401
113	4400.00000	10.65401
113	4600.00000	10.65401
113	4800.00000	11.02155
113	5000.00000	11.02155
113	5200.00000	11.02155
113	5400.00000	9.50710
113	5600.00000	9.50710
113	5800.00000	9.50710
113	6000.00000	9.50710
113	6200.00000	10.16057
113	6400.00000	10.16057
113	6600.00000	10.16057
113	6800.00000	10.16057
113	7000.00000	9.14232
113	7200.00000	9.14232
113	7400.00000	9.14232
113	7600.00000	9.14232
113	7800.00000	10.32870
113	8000.00000	10.32870
113	8200.00000	10.32870
113	8400.00000	10.32870
113	8600.00000	8.85608
113	8800.00000	8.85608
113	9000.00000	8.85608
113	9200.00000	8.85608
113	9400.00000	10.29979
113	9600.00000	10.29979
113	9800.00000	10.29979
113	10000.00000	9.99368
113	10200.00000	9.99368
113	10400.00000	9.99368
113	10600.00000	9.99368
113	10800.00000	8.78613
113	11000.00000	8.78613
113	11200.00000	8.78613
113	11400.00000	8.78613
113	11600.00000	10.08111
113	11800.00000	10.08111
113	12000.00000	10.08111
113	12200.00000	10.08111
113	12400.00000	9.49632
113	12600.00000	9.49632
113	12800.00000	9.49632
113	13000.00000	9.49632
113	13200.00000	10.78459
113	13400.00000	10.78459
113	13600.00000	10.78459
113	13800.00000	10.78459
113	14000.00000	9.99506
113	14200.00000	9.99506
113	14400.00000	9.99506
113	14600.00000	8.84715
113	14800.00000	8.84715
113	15000.00000	8.84715
113	15200.00000	8.84715
113	15400.00000	8.68258
113	15600.00000	8.68258
113	15800.00000	8.68258
113	16000.00000	8.68258
113	16200.00000	7.71731
113	16400.00000	7.71731
113	16600.00000	7.71731
113	16800.00000	7.71731
113	17000.00000	8.54765
113	17200.00000	8.54765
113	17400.00000	8.54765
113	17600.00000	8.54765
113	17800.00000	9.69556
113	18000.00000	9.69556
113	18200.00000	9.69556
113	18400.00000	9.69556
113	18600.00000	8.18522
113	18800.00000	8.18522
113	19000.00000	8.18522
113	19200.00000	8.20951
113	19400.00000	8.20951
113	19600.00000	8.20951
113	19800.00000	8.20951
113	20000.00000	8.00331
114	0.00000	10.44269
114	200.00000	10.44269
114	400.00000	10.44269
114	600.00000	10.44269
114	800.00000	12.76027
114	1000.00000	12.76027
114	1200.00000	12.76027
114	1400.00000	12.76027
114	1600.00000	10.06996
114	1800.00000	10.06996
114	2000.00000	10.06996
114	2200.00000	10.06996
114	2400.00000	11.68314
114	2600.00000	11.68314
114	2800.00000	11.68314
114	3000.00000	11.68314
114	3200.00000	9.73472
114	3400.00000	9.73472
114	3600.00000	9.73472
114	3800.00000	9.73472
114	4000.00000	12.81000
114	4200.00000	12.81000
114	4400.00000	12.81000
114	4600.00000	12.81000
114	4800.00000	10.32837
114	5000.00000	10.32837
114	5200.00000	10.32837
114	5400.00000	9.95562
114	5600.00000	9.95562
114	5800.00000	9.95562
114	6000.00000	9.95562
114	6200.00000	9.51272
114	6400.00000	9.51272
114	6600.00000	9.51272
114	6800.00000	9.51272
114	7000.00000	9.25899
114	7200.00000	9.25899
114	7400.00000	9.25899
114	7600.00000	9.25899
114	7800.00000	10.03638
114	8000.00000	10.03638
114	8200.00000	10.03638
114	8400.00000	10.03638
114	8600.00000	9.69796
114	8800.00000	9.69796
114	9000.00000	9.69796
114	9200.00000	9.69796
114	9400.00000	11.05206
114	9600.00000	11.05206
114	9800.00000	11.05206
114	10000.00000	10.13388
114	10200.00000	10.13388
114	10400.00000	10.13388
114	10600.00000	10.13388
114	10800.00000	8.80250
114	11000.00000	8.80250
114	11200.00000	8.80250
114	11400.00000	8.80250
114	11600.00000	9.40227
114	11800.00000	9.40227
114	12000.00000	9.40227
114	12200.00000	9.40227
114	12400.00000	10.06654
114	12600.00000	10.06654
114	12800.00000	10.06654
114	13000.00000	10.06654
114	13200.00000	10.63738
114	13400.00000	10.63738
114	13600.00000	10.63738
114	13800.00000	10.63738
114	14000.00000	9.68118
114	14200.00000	9.68118
114	14400.00000	9.68118
114	14600.00000	8.87950
114	14800.00000	8.87950
114	15000.00000	8.87950
114	15200.00000	8.87950
114	15400.00000	8.73847
114	15600.00000	8.73847
114	15800.00000	8.73847
114	16000.00000	8.73847
114	16200.00000	8.38638
114	16400.00000	8.38638
114	16600.00000	8.38638
114	16800.00000	8.38638
114	17000.00000	9.30835
114	17200.00000	9.30835
114	17400.00000	9.30835
114	17600.00000	9.30835
114	17800.00000	9.74568
114	18000.00000	9.74568
114	18200.00000	9.74568
114	18400.00000	9.74568
114	18600.00000	7.37545
114	18800.00000	7.37545
114	19000.00000	7.37545
114	19200.00000	7.72546
114	19400.00000	7.72546
114	19600.00000	7.72546
114	19800.00000	7.72546
114	20000.00000	9.17772
115	0.00000	10.48302
115	200.00000	10.48302
115	400.00000	10.48302
115	600.00000	10.48302
115	800.00000	12.27139
115	1000.00000	12.27139
115	1200.00000	12.27139
115	1400.00000	12.27139
115	1600.00000	10.09159
115	1800.00000	10.09159
115	2000.00000	10.09159
115	2200.00000	10.09159
115	2400.00000	11.84909
115	2600.00000	11.84909
115	2800.00000	11.84909
115	3000.00000	11.84909
115	3200.00000	9.80080
115	3400.00000	9.80080
115	3600.00000	9.80080
115	3800.00000	9.80080
115	4000.00000	12.23301
115	4200.00000	12.23301
115	4400.00000	12.23301
115	4600.00000	12.23301
115	4800.00000	10.33425
115	5000.00000	10.33425
115	5200.00000	10.33425
115	5400.00000	9.92547
115	5600.00000	9.92547
115	5800.00000	9.92547
115	6000.00000	9.92547
115	6200.00000	9.32320
115	6400.00000	9.32320
115	6600.00000	9.32320
115	6800.00000	9.32320
115	7000.00000	8.97034
115	7200.00000	8.97034
115	7400.00000	8.97034
115	7600.00000	8.97034
115	7800.00000	10.63332
115	8000.00000	10.63332
115	8200.00000	10.63332
115	8400.00000	10.63332
115	8600.00000	9.41206
115	8800.00000	9.41206
115	9000.00000	9.41206
115	9200.00000	9.41206
115	9400.00000	10.63366
115	9600.00000	10.63366
115	9800.00000	10.63366
115	10000.00000	10.60915
115	10200.00000	10.60915
115	10400.00000	10.60915
115	10600.00000	10.60915
115	10800.00000	8.47171
115	11000.00000	8.47171
115	11200.00000	8.47171
115	11400.00000	8.47171
115	11600.00000	10.10677
115	11800.00000	10.10677
115	12000.00000	10.10677
115	12200.00000	10.10677
115	12400.00000	10.06105
115	12600.00000	10.06105
115	12800.00000	10.06105
115	13000.00000	10.06105
115	13200.00000	10.59961
115	13400.00000	10.59961
115	13600.00000	10.59961
115	13800.00000	10.59961
115	14000.00000	9.32849
115	14200.00000	9.32849
115	14400.00000	9.32849
115	14600.00000	8.58513
115	14800.00000	8.58513
115	15000.00000	8.58513
115	15200.00000	8.58513
115	15400.00000	8.66249
115	15600.00000	8.66249
115	15800.00000	8.66249
115	16000.00000	8.66249
115	16200.00000	9.88593
115	16400.00000	9.88593
115	16600.00000	9.88593
115	16800.00000	9.88593
115	17000.00000	8.48178
115	17200.00000	8.48178
115	17400.00000	8.48178
115	17600.00000	8.48178
115	17800.00000	9.18025
115	18000.00000	9.18025
115	18200.00000	9.18025
115	18400.00000	9.18025
115	18600.00000	9.20772
115	18800.00000	9.20772
115	19000.00000	9.20772
115	19200.00000	7.75843
115	19400.00000	7.75843
115	19600.00000	7.75843
115	19800.00000	7.75843
115	20000.00000	8.72858
116	0.00000	10.48893
116	200.00000	10.48893
116	400.00000	10.48893
116	600.00000	10.48893
116	800.00000	11.88155
116	1000.00000	11.88155
116	1200.00000	11.88155
116	1400.00000	11.88155
116	1600.00000	10.18486
116	1800.00000	10.18486
116	2000.00000	10.18486
116	2200.00000	10.18486
116	2400.00000	11.82896
116	2600.00000	11.82896
116	2800.00000	11.82896
116	3000.00000	11.82896
116	3200.00000	9.95761
116	3400.00000	9.95761
116	3600.00000	9.95761
116	3800.00000	9.95761
116	4000.00000	10.97475
116	4200.00000	10.97475
116	4400.00000	10.97475
116	4600.00000	10.97475
116	4800.00000	10.66756
116	5000.00000	10.66756
116	5200.00000	10.66756
116	5400.00000	9.91561
116	5600.00000	9.91561
116	5800.00000	9.91561
116	6000.00000	9.91561
116	6200.00000	9.10077
116	6400.00000	9.10077
116	6600.00000	9.10077
116	6800.00000	9.10077
116	7000.00000	9.31987
116	7200.00000	9.31987
116	7400.00000	9.31987
116	7600.00000	9.31987
116	7800.00000	10.73832
116	8000.00000	10.73832
116	8200.00000	10.73832
116	8400.00000	10.73832
116	8600.00000	9.48783
116	8800.00000	9.48783
116	9000.00000	9.48783
116	9200.00000	9.48783
116	9400.00000	10.14284
116	9600.00000	10.14284
116	9800.00000	10.14284
116	10000.00000	9.62303
116	10200.00000	9.62303
116	10400.00000	9.62303
116	10600.00000	9.62303
116	10800.00000	8.56202
116	11000.00000	8.56202
116	11200.00000	8.56202
116	11400.00000	8.56202
116	11600.00000	10.04486
116	11800.00000	10.04486
116	12000.00000	10.04486
116	12200.00000	10.04486
116	12400.00000	10.02653
116	12600.00000	10.02653
116	12800.00000	10.02653
116	13000.00000	10.02653
116	13200.00000	11.50536
116	13400.00000	11.50536
116	13600.00000	11.50536
116	13800.00000	11.50536
116	14000.00000	10.00916
116	14200.00000	10.00916
116	14400.00000	10.00916
116	14600.00000	8.42715
116	14800.00000	8.42715
116	15000.00000	8.42715
116	15200.00000	8.42715
116	15400.00000	8.73921
116	15600.00000	8.73921
116	15800.00000	8.73921
116	16000.00000	8.73921
116	16200.00000	8.84773
116	16400.00000	8.84773
116	16600.00000	8.84773
116	16800.00000	8.84773
116	17000.00000	8.44338
116	17200.00000	8.44338
116	17400.00000	8.44338
116	17600.00000	8.44338
116	17800.00000	8.03196
116	18000.00000	8.03196
116	18200.00000	8.03196
116	18400.00000	8.03196
116	18600.00000	9.03676
116	18800.00000	9.03676
116	19000.00000	9.03676
116	19200.00000	8.52421
116	19400.00000	8.52421
116	19600.00000	8.52421
116	19800.00000	8.52421
116	20000.00000	8.24087
117	0.00000	10.55227
117	200.00000	10.55227
117	400.00000	10.55227
117	600.00000	10.55227
117	800.00000	11.89996
117	1000.00000	11.89996
117	1200.00000	11.89996
117	1400.00000	11.89996
117	1600.00000	10.11281
117	1800.00000	10.11281
117	2000.00000	10.11281
117	2200.00000	10.11281
117	2400.00000	11.27125
117	2600.00000	11.27125
117	2800.00000	11.27125
117	3000.00000	11.27125
117	3200.00000	9.94045
117	3400.00000	9.94045
117	3600.00000	9.94045
117	3800.00000	9.94045
117	4000.00000	11.18066
117	4200.00000	11.18066
117	4400.00000	11.18066
117	4600.00000	11.18066
117	4800.00000	10.55659
117	5000.00000	10.55659
117	5200.00000	10.55659
117	5400.00000	9.94279
117	5600.00000	9.94279
117	5800.00000	9.94279
117	6000.00000	9.94279
117	6200.00000	9.16279
117	6400.00000	9.16279
117	6600.00000	9.16279
117	6800.00000	9.16279
117	7000.00000	8.82054
117	7200.00000	8.82054
117	7400.00000	8.82054
117	7600.00000	8.82054
117	7800.00000	9.99125
117	8000.00000	9.99125
117	8200.00000	9.99125
117	8400.00000	9.99125
117	8600.00000	9.25757
117	8800.00000	9.25757
117	9000.00000	9.25757
117	9200.00000	9.25757
117	9400.00000	10.70959
117	9600.00000	10.70959
117	9800.00000	10.70959
117	10000.00000	10.84340
117	10200.00000	10.84340
117	10400.00000	10.84340
117	10600.00000	10.84340
117	10800.00000	8.74303
117	11000.00000	8.74303
117	11200.00000	8.74303
117	11400.00000	8.74303
117	11600.00000	9.83524
117	11800.00000	9.83524
117	12000.00000	9.83524
117	12200.00000	9.83524
117	12400.00000	10.43914
117	12600.00000	10.43914
117	12800.00000	10.43914
117	13000.00000	10.43914
117	13200.00000	9.08743
117	13400.00000	9.08743
117	13600.00000	9.08743
117	13800.00000	9.08743
117	14000.00000	8.18490
117	14200.00000	8.18490
117	14400.00000	8.18490
117	14600.00000	9.38983
117	14800.00000	9.38983
117	15000.00000	9.38983
117	15200.00000	9.38983
117	15400.00000	10.83232
117	15600.00000	10.83232
117	15800.00000	10.83232
117	16000.00000	10.83232
117	16200.00000	10.63534
117	16400.00000	10.63534
117	16600.00000	10.63534
117	16800.00000	10.63534
117	17000.00000	8.47036
117	17200.00000	8.47036
117	17400.00000	8.47036
117	17600.00000	8.47036
117	17800.00000	7.52729
117	18000.00000	7.52729
117	18200.00000	7.52729
117	18400.00000	7.52729
117	18600.00000	8.14193
117	18800.00000	8.14193
117	19000.00000	8.14193
117	19200.00000	7.70573
117	19400.00000	7.70573
117	19600.00000	7.70573
117	19800.00000	7.70573
117	20000.00000	8.03055
118	0.00000	10.45058
118	200.00000	10.45058
118	400.00000	10.45058
118	600.00000	10.45058
118	800.00000	12.09363
118	1000.00000	12.09363
118	1200.00000	12.09363
118	1400.00000	12.09363
118	1600.00000	10.10836
118	1800.00000	10.10836
118	2000.00000	10.10836
118	2200.00000	10.10836
118	2400.00000	11.50480
118	2600.00000	11.50480
118	2800.00000	11.50480
118	3000.00000	11.50480
118	3200.00000	9.95618
118	3400.00000	9.95618
118	3600.00000	9.95618
118	3800.00000	9.95618
118	4000.00000	10.90111
118	4200.00000	10.90111
118	4400.00000	10.90111
118	4600.00000	10.90111
118	4800.00000	11.51017
118	5000.00000	11.51017
118	5200.00000	11.51017
118	5400.00000	9.49351
118	5600.00000	9.49351
118	5800.00000	9.49351
118	6000.00000	9.49351
118	6200.00000	9.22048
118	6400.00000	9.22048
118	6600.00000	9.22048
118	6800.00000	9.22048
118	7000.00000	9.44463
118	7200.00000	9.44463
118	7400.00000	9.44463
118	7600.00000	9.44463
118	7800.00000	9.92223
118	8000.00000	9.92223
118	8200.00000	9.92223
118	8400.00000	9.92223
118	8600.00000	9.05276
118	8800.00000	9.05276
118	9000.00000	9.05276
118	9200.00000	9.05276
118	9400.00000	12.06674
118	9600.00000	12.06674
118	9800.00000	12.06674
118	10000.00000	9.88346
118	10200.00000	9.88346
118	10400.00000	9.88346
118	10600.00000	9.88346
118	10800.00000	9.00245
118	11000.00000	9.00245
118	11200.00000	9.00245
118	11400.00000	9.00245
118	11600.00000	9.00347
118	11800.00000	9.00347
118	12000.00000	9.00347
118	12200.00000	9.00347
118	12400.00000	10.51470
118	12600.00000	10.51470
118	12800.00000	10.51470
118	13000.00000	10.51470
118	13200.00000	8.61658
118	13400.00000	8.61658
118	13600.00000	8.61658
118	13800.00000	8.61658
118	14000.00000	8.90071
118	14200.00000	8.90071
118	14400.00000	8.90071
118	14600.00000	9.69737
118	14800.00000	9.69737
118	15000.00000	9.69737
118	15200.00000	9.69737
118	15400.00000	9.10260
118	15600.00000	9.10260
118	15800.00000	9.10260
118	16000.00000	9.10260
118	16200.00000	9.36470
118	16400.00000	9.36470
118	16600.00000	9.36470
118	16800.00000	9.36470
118	17000.00000	8.01550
118	17200.00000	8.01550
118	17400.00000	8.01550
118	17600.00000	8.01550
118	17800.00000	9.49589
118	18000.00000	9.49589
118	18200.00000	9.49589
118	18400.00000	9.49589
118	18600.00000	9.10471
118	18800.00000	9.10471
118	19000.00000	9.10471
118	19200.00000	7.62560
118	19400.00000	7.62560
118	19600.00000	7.62560
118	19800.00000	7.62560
118	20000.00000	8.12003
119	0.00000	10.51153
119	200.00000	10.51153
119	400.00000	10.51153
119	600.00000	10.51153
119	800.00000	11.88203
119	1000.00000	11.88203
119	1200.00000	11.88203
119	1400.00000	11.88203
119	1600.00000	10.07186
119	1800.00000	10.07186
119	2000.00000	10.07186
119	2200.00000	10.07186
119	2400.00000	11.64724
119	2600.00000	11.64724
119	2800.00000	11.64724
119	3000.00000	11.64724
119	3200.00000	9.85020
119	3400.00000	9.85020
119	3600.00000	9.85020
119	3800.00000	9.85020
119	4000.00000	10.63459
119	4200.00000	10.63459
119	4400.00000	10.63459
119	4600.00000	10.63459
119	4800.00000	11.59030
119	5000.00000	11.59030
119	5200.00000	11.59030
119	5400.00000	9.42041
119	5600.00000	9.42041
119	5800.00000	9.42041
119	6000.00000	9.42041
119	6200.00000	10.93082
119	6400.00000	10.93082
119	6600.00000	10.93082
119	6800.00000	10.93082
119	7000.00000	8.77640
119	7200.00000	8.77640
119	7400.00000	8.77640
119	7600.00000	8.77640
119	7800.00000	10.29315
119	8000.00000	10.29315
119	8200.00000	10.29315
119	8400.00000	10.29315
119	8600.00000	9.35938
119	8800.00000	9.35938
119	9000.00000	9.35938
119	9200.00000	9.35938
119	9400.00000	10.46769
119	9600.00000	10.46769
119	9800.00000	10.46769
119	10000.00000	11.03113
119	10200.00000	11.03113
119	10400.00000	11.03113
119	10600.00000	11.03113
119	10800.00000	8.65943
119	11000.00000	8.65943
119	11200.00000	8.65943
119	11400.00000	8.65943
119	11600.00000	10.54951
119	11800.00000	10.54951
119	12000.00000	10.54951
119	12200.00000	10.54951
119	12400.00000	10.55813
119	12600.00000	10.55813
119	12800.00000	10.55813
119	13000.00000	10.55813
119	13200.00000	9.33317
119	13400.00000	9.33317
119	13600.00000	9.33317
119	13800.00000	9.33317
119	14000.00000	8.31643
119	14200.00000	8.31643
119	14400.00000	8.31643
119	14600.00000	9.76800
119	14800.00000	9.76800
119	15000.00000	9.76800
119	15200.00000	9.76800
119	15400.00000	9.64249
119	15600.00000	9.64249
119	15800.00000	9.64249
119	16000.00000	9.64249
119	16200.00000	8.69387
119	16400.00000	8.69387
119	16600.00000	8.69387
119	16800.00000	8.69387
119	17000.00000	8.60505
119	17200.00000	8.60505
119	17400.00000	8.60505
119	17600.00000	8.60505
119	17800.00000	8.09958
119	18000.00000	8.09958
119	18200.00000	8.09958
119	18400.00000	8.09958
119	18600.00000	7.71211
119	18800.00000	7.71211
119	19000.00000	7.71211
119	19200.00000	7.77876
119	19400.00000	7.77876
119	19600.00000	7.77876
119	19800.00000	7.77876
119	20000.00000	9.29236
120	0.00000	10.51962
120	200.00000	10.51962
120	400.00000	10.51962
120	600.00000	10.51962
120	800.00000	12.34443
120	1000.00000	12.34443
120	1200.00000	12.34443
120	1400.00000	12.34443
120	1600.00000	10.08046
120	1800.00000	10.08046
120	2000.00000	10.08046
120	2200.00000	10.08046
120	2400.00000	11.78245
120	2600.00000	11.78245
120	2800.00000	11.78245
120	3000.00000	11.78245
120	3200.00000	9.81693
120	3400.00000	9.81693
120	3600.00000	9.81693
120	3800.00000	9.81693
120	4000.00000	10.66203
120	4200.00000	10.66203
120	4400.00000	10.66203
120	4600.00000	10.66203
120	4800.00000	10.41981
120	5000.00000	10.41981
120	5200.00000	10.41981
120	5400.00000	9.83045
120	5600.00000	9.83045
120	5800.00000	9.83045
120	6000.00000	9.83045
120	6200.00000	9.67694
120	6400.00000	9.67694
120	6600.00000	9.67694
120	6800.00000	9.67694
120	7000.00000	9.00910
120	7200.00000	9.00910
120	7400.00000	9.00910
120	7600.00000	9.00910
120	7800.00000	9.79978
120	8000.00000	9.79978
120	8200.00000	9.79978
120	8400.00000	9.79978
120	8600.00000	9.28276
120	8800.00000	9.28276
120	9000.00000	9.28276
120	9200.00000	9.28276
120	9400.00000	10.66231
120	9600.00000	10.66231
120	9800.00000	10.66231
120	10000.00000	10.65477
120	10200.00000	10.65477
120	10400.00000	10.65477
120	10600.00000	10.65477
120	10800.00000	8.45175
120	11000.00000	8.45175
120	11200.00000	8.45175
120	11400.00000	8.45175
120	11600.00000	10.85973
120	11800.00000	10.85973
120	12000.00000	10.85973
120	12200.00000	10.85973
120	12400.00000	10.46087
120	12600.00000	10.46087
120	12800.00000	10.46087
120	13000.00000	10.46087
120	13200.00000	9.37982
120	13400.00000	9.37982
120	13600.00000	9.37982
120	13800.00000	9.37982
120	14000.00000	8.17827
120	14200.00000	8.17827
120	14400.00000	8.17827
120	14600.00000	10.09965
120	14800.00000	10.09965
120	15000.00000	10.09965
120	15200.00000	10.09965
120	15400.00000	10.79527
120	15600.00000	10.79527
120	15800.00000	10.79527
120	16000.00000	10.79527
120	16200.00000	11.07858
120	16400.00000	11.07858
120	16600.00000	11.07858
120	16800.00000	11.07858
120	17000.00000	9.05191
120	17200.00000	9.05191
120	17400.00000	9.05191
120	17600.00000	9.05191
120	17800.00000	8.51580
120	18000.00000	8.51580
120	18200.00000	8.51580
120	18400.00000	8.51580
120	18600.00000	7.86962
120	18800.00000	7.86962
120	19000.00000	7.86962
120	19200.00000	8.58943
120	19400.00000	8.58943
120	19600.00000	8.58943
120	19800.00000	8.58943
120	20000.00000	8.61703
121	0.00000	10.48698
121	200.00000	10.48698
121	400.00000	10.48698
121	600.00000	10.48698
121	800.00000	12.24998
121	1000.00000	12.24998
121	1200.00000	12.24998
121	1400.00000	12.24998
121	1600.00000	10.06758
121	1800.00000	10.06758
121	2000.00000	10.06758
121	2200.00000	10.06758
121	2400.00000	11.73062
121	2600.00000	11.73062
121	2800.00000	11.73062
121	3000.00000	11.73062
121	3200.00000	9.90325
121	3400.00000	9.90325
121	3600.00000	9.90325
121	3800.00000	9.90325
121	4000.00000	11.32755
121	4200.00000	11.32755
121	4400.00000	11.32755
121	4600.00000	11.32755
121	4800.00000	10.89008
121	5000.00000	10.89008
121	5200.00000	10.89008
121	5400.00000	9.55155
121	5600.00000	9.55155
121	5800.00000	9.55155
121	6000.00000	9.55155
121	6200.00000	9.76562
121	6400.00000	9.76562
121	6600.00000	9.76562
121	6800.00000	9.76562
121	7000.00000	9.64194
121	7200.00000	9.64194
121	7400.00000	9.64194
121	7600.00000	9.64194
121	7800.00000	10.39573
121	8000.00000	10.39573
121	8200.00000	10.39573
121	8400.00000	10.39573
121	8600.00000	9.24724
121	8800.00000	9.24724
121	9000.00000	9.24724
121	9200.00000	9.24724
121	9400.00000	10.35496
121	9600.00000	10.35496
121	9800.00000	10.35496
121	10000.00000	10.06012
121	10200.00000	10.06012
121	10400.00000	10.06012
121	10600.00000	10.06012
121	10800.00000	8.46122
121	11000.00000	8.46122
121	11200.00000	8.46122
121	11400.00000	8.46122
121	11600.00000	10.04896
121	11800.00000	10.04896
121	12000.00000	10.04896
121	12200.00000	10.04896
121	12400.00000	10.46120
121	12600.00000	10.46120
121	12800.00000	10.46120
121	13000.00000	10.46120
121	13200.00000	9.31233
121	13400.00000	9.31233
121	13600.00000	9.31233
121	13800.00000	9.31233
121	14000.00000	9.85077
121	14200.00000	9.85077
121	14400.00000	9.85077
121	14600.00000	8.82486
121	14800.00000	8.82486
121	15000.00000	8.82486
121	15200.00000	8.82486
121	15400.00000	9.40574
121	15600.00000	9.40574
121	15800.00000	9.40574
121	16000.00000	9.40574
121	16200.00000	7.87441
121	16400.00000	7.87441
121	16600.00000	7.87441
121	16800.00000	7.87441
121	17000.00000	9.43540
121	17200.00000	9.43540
121	17400.00000	9.43540
121	17600.00000	9.43540
121	17800.00000	9.33936
121	18000.00000	9.33936
121	18200.00000	9.33936
121	18400.00000	9.33936
121	18600.00000	8.97436
121	18800.00000	8.97436
121	19000.00000	8.97436
121	19200.00000	7.36172
121	19400.00000	7.36172
121	19600.00000	7.36172
121	19800.00000	7.36172
121	20000.00000	8.98942
122	0.00000	10.48457
122	200.00000	10.48457
122	400.00000	10.48457
122	600.00000	10.48457
122	800.00000	11.71046
122	1000.00000	11.71046
122	1200.00000	11.71046
122	1400.00000	11.71046
122	1600.00000	10.12410
122	1800.00000	10.12410
122	2000.00000	10.12410
122	2200.00000	10.12410
122	2400.00000	11.54144
122	2600.00000	11.54144
122	2800.00000	11.54144
122	3000.00000	11.54144
122	3200.00000	10.06258
122	3400.00000	10.06258
122	3600.00000	10.06258
122	3800.00000	10.06258
122	4000.00000	11.00243
122	4200.00000	11.00243
122	4400.00000	11.00243
122	4600.00000	11.00243
122	4800.00000	10.76563
122	5000.00000	10.76563
122	5200.00000	10.76563
122	5400.00000	9.58866
122	5600.00000	9.58866
122	5800.00000	9.58866
122	6000.00000	9.58866
122	6200.00000	9.77100
122	6400.00000	9.77100
122	6600.00000	9.77100
122	6800.00000	9.77100
122	7000.00000	9.61847
122	7200.00000	9.61847
122	7400.00000	9.61847
122	7600.00000	9.61847
122	7800.00000	9.97457
122	8000.00000	9.97457
122	8200.00000	9.97457
122	8400.00000	9.97457
122	8600.00000	9.23449
122	8800.00000	9.23449
122	9000.00000	9.23449
122	9200.00000	9.23449
122	9400.00000	11.90858
122	9600.00000	11.90858
122	9800.00000	11.90858
122	10000.00000	10.20947
122	10200.00000	10.20947
122	10400.00000	10.20947
122	10600.00000	10.20947
122	10800.00000	8.53286
122	11000.00000	8.53286
122	11200.00000	8.53286
122	11400.00000	8.53286
122	11600.00000	10.07226
122	11800.00000	10.07226
122	12000.00000	10.07226
122	12200.00000	10.07226
122	12400.00000	9.84794
122	12600.00000	9.84794
122	12800.00000	9.84794
122	13000.00000	9.84794
122	13200.00000	9.79092
122	13400.00000	9.79092
122	13600.00000	9.79092
122	13800.00000	9.79092
122	14000.00000	9.23779
122	14200.00000	9.23779
122	14400.00000	9.23779
122	14600.00000	8.56252
122	14800.00000	8.56252
122	15000.00000	8.56252
122	15200.00000	8.56252
122	15400.00000	9.64835
122	15600.00000	9.64835
122	15800.00000	9.64835
122	16000.00000	9.64835
122	16200.00000	8.47691
122	16400.00000	8.47691
122	16600.00000	8.47691
122	16800.00000	8.47691
122	17000.00000	10.06721
122	17200.00000	10.06721
122	17400.00000	10.06721
122	17600.00000	10.06721
122	17800.00000	8.38653
122	18000.00000	8.38653
122	18200.00000	8.38653
122	18400.00000	8.38653
122	18600.00000	8.76169
122	18800.00000	8.76169
122	19000.00000	8.76169
122	19200.00000	7.23027
122	19400.00000	7.23027
122	19600.00000	7.23027
122	19800.00000	7.23027
122	20000.00000	9.98289
123	0.00000	10.43896
123	200.00000	10.43896
123	400.00000	10.43896
123	600.00000	10.43896
123	800.00000	12.39971
123	1000.00000	12.39971
123	1200.00000	12.39971
123	1400.00000	12.39971
123	1600.00000	10.06224
123	1800.00000	10.06224
123	2000.00000	10.06224
123	2200.00000	10.06224
123	2400.00000	11.52029
123	2600.00000	11.52029
123	2800.00000	11.52029
123	3000.00000	11.52029
123	3200.00000	9.95570
123	3400.00000	9.95570
123	3600.00000	9.95570
123	3800.00000	9.95570
123	4000.00000	11.53632
123	4200.00000	11.53632
123	4400.00000	11.53632
123	4600.00000	11.53632
123	4800.00000	10.21833
123	5000.00000	10.21833
123	5200.00000	10.21833
123	5400.00000	9.59994
123	5600.00000	9.59994
123	5800.00000	9.59994
123	6000.00000	9.59994
123	6200.00000	9.62326
123	6400.00000	9.62326
123	6600.00000	9.62326
123	6800.00000	9.62326
123	7000.00000	9.47314
123	7200.00000	9.47314
123	7400.00000	9.47314
123	7600.00000	9.47314
123	7800.00000	9.78686
123	8000.00000	9.78686
123	8200.00000	9.78686
123	8400.00000	9.78686
123	8600.00000	9.20325
123	8800.00000	9.20325
123	9000.00000	9.20325
123	9200.00000	9.20325
123	9400.00000	11.40861
123	9600.00000	11.40861
123	9800.00000	11.40861
123	10000.00000	10.42084
123	10200.00000	10.42084
123	10400.00000	10.42084
123	10600.00000	10.42084
123	10800.00000	8.84900
123	11000.00000	8.84900
123	11200.00000	8.84900
123	11400.00000	8.84900
123	11600.00000	10.89085
123	11800.00000	10.89085
123	12000.00000	10.89085
123	12200.00000	10.89085
123	12400.00000	10.99282
123	12600.00000	10.99282
123	12800.00000	10.99282
123	13000.00000	10.99282
123	13200.00000	10.24024
123	13400.00000	10.24024
123	13600.00000	10.24024
123	13800.00000	10.24024
123	14000.00000	9.67855
123	14200.00000	9.67855
123	14400.00000	9.67855
123	14600.00000	9.66639
123	14800.00000	9.66639
123	15000.00000	9.66639
123	15200.00000	9.66639
123	15400.00000	8.77077
123	15600.00000	8.77077
123	15800.00000	8.77077
123	16000.00000	8.77077
123	16200.00000	8.49160
123	16400.00000	8.49160
123	16600.00000	8.49160
123	16800.00000	8.49160
123	17000.00000	7.50097
123	17200.00000	7.50097
123	17400.00000	7.50097
123	17600.00000	7.50097
123	17800.00000	9.10724
123	18000.00000	9.10724
123	18200.00000	9.10724
123	18400.00000	9.10724
123	18600.00000	8.50093
123	18800.00000	8.50093
123	19000.00000	8.50093
123	19200.00000	8.56975
123	19400.00000	8.56975
123	19600.00000	8.56975
123	19800.00000	8.56975
123	20000.00000	8.35983
124	0.00000	10.43896
124	200.00000	10.43896
124	400.00000	10.43896
124	600.00000	10.43896
124	800.00000	12.39971
124	1000.00000	12.39971
124	1200.00000	12.39971
124	1400.00000	12.39971
124	1600.00000	10.06224
124	1800.00000	10.06224
124	2000.00000	10.06224
124	2200.00000	10.06224
124	2400.00000	11.52029
124	2600.00000	11.52029
124	2800.00000	11.52029
124	3000.00000	11.52029
124	3200.00000	9.95570
124	3400.00000	9.95570
124	3600.00000	9.95570
124	3800.00000	9.95570
124	4000.00000	11.53632
124	4200.00000	11.53632
124	4400.00000	11.53632
124	4600.00000	11.53632
124	4800.00000	10.21833
124	5000.00000	10.21833
124	5200.00000	10.21833
124	5400.00000	9.59994
124	5600.00000	9.59994
124	5800.00000	9.59994
124	6000.00000	9.59994
124	6200.00000	9.62326
124	6400.00000	9.62326
124	6600.00000	9.62326
124	6800.00000	9.62326
124	7000.00000	9.47314
124	7200.00000	9.47314
124	7400.00000	9.47314
124	7600.00000	9.47314
124	7800.00000	9.78686
124	8000.00000	9.78686
124	8200.00000	9.78686
124	8400.00000	9.78686
124	8600.00000	9.20325
124	8800.00000	9.20325
124	9000.00000	9.20325
124	9200.00000	9.20325
124	9400.00000	11.40861
124	9600.00000	11.40861
124	9800.00000	11.40861
124	10000.00000	10.42084
124	10200.00000	10.42084
124	10400.00000	10.42084
124	10600.00000	10.42084
124	10800.00000	8.84900
124	11000.00000	8.84900
124	11200.00000	8.84900
124	11400.00000	8.84900
124	11600.00000	10.89085
124	11800.00000	10.89085
124	12000.00000	10.89085
124	12200.00000	10.89085
124	12400.00000	10.99282
124	12600.00000	10.99282
124	12800.00000	10.99282
124	13000.00000	10.99282
124	13200.00000	10.24024
124	13400.00000	10.24024
124	13600.00000	10.24024
124	13800.00000	10.24024
124	14000.00000	9.67855
124	14200.00000	9.67855
124	14400.00000	9.67855
124	14600.00000	9.66639
124	14800.00000	9.66639
124	15000.00000	9.66639
124	15200.00000	9.66639
124	15400.00000	8.77077
124	15600.00000	8.77077
124	15800.00000	8.77077
124	16000.00000	8.77077
124	16200.00000	8.49160
124	16400.00000	8.49160
124	16600.00000	8.49160
124	16800.00000	8.49160
124	17000.00000	7.50097
124	17200.00000	7.50097
124	17400.00000	7.50097
124	17600.00000	7.50097
124	17800.00000	9.10724
124	18000.00000	9.10724
124	18200.00000	9.10724
124	18400.00000	9.10724
124	18600.00000	8.50093
124	18800.00000	8.50093
124	19000.00000	8.50093
124	19200.00000	8.56975
124	19400.00000	8.56975
124	19600.00000	8.56975
124	19800.00000	8.56975
124	20000.00000	8.35983
125	0.00000	10.43896
125	200.00000	10.43896
125	400.00000	10.43896
125	600.00000	10.43896
125	800.00000	12.39971
125	1000.00000	12.39971
125	1200.00000	12.39971
125	1400.00000	12.39971
125	1600.00000	10.06224
125	1800.00000	10.06224
125	2000.00000	10.06224
125	2200.00000	10.06224
125	2400.00000	11.52029
125	2600.00000	11.52029
125	2800.00000	11.52029
125	3000.00000	11.52029
125	3200.00000	9.95570
125	3400.00000	9.95570
125	3600.00000	9.95570
125	3800.00000	9.95570
125	4000.00000	11.53632
125	4200.00000	11.53632
125	4400.00000	11.53632
125	4600.00000	11.53632
125	4800.00000	10.21833
125	5000.00000	10.21833
125	5200.00000	10.21833
125	5400.00000	9.59994
125	5600.00000	9.59994
125	5800.00000	9.59994
125	6000.00000	9.59994
125	6200.00000	9.62326
125	6400.00000	9.62326
125	6600.00000	9.62326
125	6800.00000	9.62326
125	7000.00000	9.47314
125	7200.00000	9.47314
125	7400.00000	9.47314
125	7600.00000	9.47314
125	7800.00000	9.78686
125	8000.00000	9.78686
125	8200.00000	9.78686
125	8400.00000	9.78686
125	8600.00000	9.20325
125	8800.00000	9.20325
125	9000.00000	9.20325
125	9200.00000	9.20325
125	9400.00000	11.40861
125	9600.00000	11.40861
125	9800.00000	11.40861
125	10000.00000	10.42084
125	10200.00000	10.42084
125	10400.00000	10.42084
125	10600.00000	10.42084
125	10800.00000	8.84900
125	11000.00000	8.84900
125	11200.00000	8.84900
125	11400.00000	8.84900
125	11600.00000	10.89085
125	11800.00000	10.89085
125	12000.00000	10.89085
125	12200.00000	10.89085
125	12400.00000	10.99282
125	12600.00000	10.99282
125	12800.00000	10.99282
125	13000.00000	10.99282
125	13200.00000	10.24024
125	13400.00000	10.24024
125	13600.00000	10.24024
125	13800.00000	10.24024
125	14000.00000	9.67855
125	14200.00000	9.67855
125	14400.00000	9.67855
125	14600.00000	9.66639
125	14800.00000	9.66639
125	15000.00000	9.66639
125	15200.00000	9.66639
125	15400.00000	8.77077
125	15600.00000	8.77077
125	15800.00000	8.77077
125	16000.00000	8.77077
125	16200.00000	8.49160
125	16400.00000	8.49160
125	16600.00000	8.49160
125	16800.00000	8.49160
125	17000.00000	7.50097
125	17200.00000	7.50097
125	17400.00000	7.50097
125	17600.00000	7.50097
125	17800.00000	9.10724
125	18000.00000	9.10724
125	18200.00000	9.10724
125	18400.00000	9.10724
125	18600.00000	8.50093
125	18800.00000	8.50093
125	19000.00000	8.50093
125	19200.00000	8.56975
125	19400.00000	8.56975
125	19600.00000	8.56975
125	19800.00000	8.56975
125	20000.00000	8.35983
126	0.00000	10.51648
126	200.00000	10.51648
126	400.00000	10.51648
126	600.00000	10.51648
126	800.00000	12.70994
126	1000.00000	12.70994
126	1200.00000	12.70994
126	1400.00000	12.70994
126	1600.00000	10.11150
126	1800.00000	10.11150
126	2000.00000	10.11150
126	2200.00000	10.11150
126	2400.00000	11.25976
126	2600.00000	11.25976
126	2800.00000	11.25976
126	3000.00000	11.25976
126	3200.00000	10.11353
126	3400.00000	10.11353
126	3600.00000	10.11353
126	3800.00000	10.11353
126	4000.00000	11.71462
126	4200.00000	11.71462
126	4400.00000	11.71462
126	4600.00000	11.71462
126	4800.00000	10.29967
126	5000.00000	10.29967
126	5200.00000	10.29967
126	5400.00000	10.34957
126	5600.00000	10.34957
126	5800.00000	10.34957
126	6000.00000	10.34957
126	6200.00000	9.47362
126	6400.00000	9.47362
126	6600.00000	9.47362
126	6800.00000	9.47362
126	7000.00000	9.28811
126	7200.00000	9.28811
126	7400.00000	9.28811
126	7600.00000	9.28811
126	7800.00000	9.85775
126	8000.00000	9.85775
126	8200.00000	9.85775
126	8400.00000	9.85775
126	8600.00000	9.49687
126	8800.00000	9.49687
126	9000.00000	9.49687
126	9200.00000	9.49687
126	9400.00000	12.11261
126	9600.00000	12.11261
126	9800.00000	12.11261
126	10000.00000	10.57642
126	10200.00000	10.57642
126	10400.00000	10.57642
126	10600.00000	10.57642
126	10800.00000	8.45689
126	11000.00000	8.45689
126	11200.00000	8.45689
126	11400.00000	8.45689
126	11600.00000	10.45784
126	11800.00000	10.45784
126	12000.00000	10.45784
126	12200.00000	10.45784
126	12400.00000	10.25725
126	12600.00000	10.25725
126	12800.00000	10.25725
126	13000.00000	10.25725
126	13200.00000	10.49718
126	13400.00000	10.49718
126	13600.00000	10.49718
126	13800.00000	10.49718
126	14000.00000	8.88305
126	14200.00000	8.88305
126	14400.00000	8.88305
126	14600.00000	9.53206
126	14800.00000	9.53206
126	15000.00000	9.53206
126	15200.00000	9.53206
126	15400.00000	9.24495
126	15600.00000	9.24495
126	15800.00000	9.24495
126	16000.00000	9.24495
126	16200.00000	8.53176
126	16400.00000	8.53176
126	16600.00000	8.53176
126	16800.00000	8.53176
126	17000.00000	8.09436
126	17200.00000	8.09436
126	17400.00000	8.09436
126	17600.00000	8.09436
126	17800.00000	7.79759
126	18000.00000	7.79759
126	18200.00000	7.79759
126	18400.00000	7.79759
126	18600.00000	8.27595
126	18800.00000	8.27595
126	19000.00000	8.27595
126	19200.00000	8.76079
126	19400.00000	8.76079
126	19600.00000	8.76079
126	19800.00000	8.76079
126	20000.00000	8.54936
127	0.00000	10.49736
127	200.00000	10.49736
127	400.00000	10.49736
127	600.00000	10.49736
127	800.00000	12.01130
127	1000.00000	12.01130
127	1200.00000	12.01130
127	1400.00000	12.01130
127	1600.00000	10.16077
127	1800.00000	10.16077
127	2000.00000	10.16077
127	2200.00000	10.16077
127	2400.00000	11.52438
127	2600.00000	11.52438
127	2800.00000	11.52438
127	3000.00000	11.52438
127	3200.00000	9.87843
127	3400.00000	9.87843
127	3600.00000	9.87843
127	3800.00000	9.87843
127	4000.00000	10.83575
127	4200.00000	10.83575
127	4400.00000	10.83575
127	4600.00000	10.83575
127	4800.00000	10.95567
127	5000.00000	10.95567
127	5200.00000	10.95567
127	5400.00000	9.44539
127	5600.00000	9.44539
127	5800.00000	9.44539
127	6000.00000	9.44539
127	6200.00000	9.69693
127	6400.00000	9.69693
127	6600.00000	9.69693
127	6800.00000	9.69693
127	7000.00000	9.32232
127	7200.00000	9.32232
127	7400.00000	9.32232
127	7600.00000	9.32232
127	7800.00000	10.47406
127	8000.00000	10.47406
127	8200.00000	10.47406
127	8400.00000	10.47406
127	8600.00000	9.34089
127	8800.00000	9.34089
127	9000.00000	9.34089
127	9200.00000	9.34089
127	9400.00000	10.54122
127	9600.00000	10.54122
127	9800.00000	10.54122
127	10000.00000	11.23635
127	10200.00000	11.23635
127	10400.00000	11.23635
127	10600.00000	11.23635
127	10800.00000	8.66439
127	11000.00000	8.66439
127	11200.00000	8.66439
127	11400.00000	8.66439
127	11600.00000	10.34089
127	11800.00000	10.34089
127	12000.00000	10.34089
127	12200.00000	10.34089
127	12400.00000	11.00408
127	12600.00000	11.00408
127	12800.00000	11.00408
127	13000.00000	11.00408
127	13200.00000	10.86395
127	13400.00000	10.86395
127	13600.00000	10.86395
127	13800.00000	10.86395
127	14000.00000	9.07586
127	14200.00000	9.07586
127	14400.00000	9.07586
127	14600.00000	9.96010
127	14800.00000	9.96010
127	15000.00000	9.96010
127	15200.00000	9.96010
127	15400.00000	8.90744
127	15600.00000	8.90744
127	15800.00000	8.90744
127	16000.00000	8.90744
127	16200.00000	9.22700
127	16400.00000	9.22700
127	16600.00000	9.22700
127	16800.00000	9.22700
127	17000.00000	8.47383
127	17200.00000	8.47383
127	17400.00000	8.47383
127	17600.00000	8.47383
127	17800.00000	8.52111
127	18000.00000	8.52111
127	18200.00000	8.52111
127	18400.00000	8.52111
127	18600.00000	7.88923
127	18800.00000	7.88923
127	19000.00000	7.88923
127	19200.00000	9.40115
127	19400.00000	9.40115
127	19600.00000	9.40115
127	19800.00000	9.40115
127	20000.00000	8.28611
128	0.00000	10.52119
128	200.00000	10.52119
128	400.00000	10.52119
128	600.00000	10.52119
128	800.00000	11.63212
128	1000.00000	11.63212
128	1200.00000	11.63212
128	1400.00000	11.63212
128	1600.00000	10.28244
128	1800.00000	10.28244
128	2000.00000	10.28244
128	2200.00000	10.28244
128	2400.00000	11.55664
128	2600.00000	11.55664
128	2800.00000	11.55664
128	3000.00000	11.55664
128	3200.00000	10.05443
128	3400.00000	10.05443
128	3600.00000	10.05443
128	3800.00000	10.05443
128	4000.00000	10.92359
128	4200.00000	10.92359
128	4400.00000	10.92359
128	4600.00000	10.92359
128	4800.00000	10.38180
128	5000.00000	10.38180
128	5200.00000	10.38180
128	5400.00000	9.50113
128	5600.00000	9.50113
128	5800.00000	9.50113
128	6000.00000	9.50113
128	6200.00000	9.70329
128	6400.00000	9.70329
128	6600.00000	9.70329
128	6800.00000	9.70329
128	7000.00000	9.19513
128	7200.00000	9.19513
128	7400.00000	9.19513
128	7600.00000	9.19513
128	7800.00000	9.85498
128	8000.00000	9.85498
128	8200.00000	9.85498
128	8400.00000	9.85498
128	8600.00000	9.21430
128	8800.00000	9.21430
128	9000.00000	9.21430
128	9200.00000	9.21430
128	9400.00000	9.94393
128	9600.00000	9.94393
128	9800.00000	9.94393
128	10000.00000	9.96194
128	10200.00000	9.96194
128	10400.00000	9.96194
128	10600.00000	9.96194
128	10800.00000	8.81137
128	11000.00000	8.81137
128	11200.00000	8.81137
128	11400.00000	8.81137
128	11600.00000	10.82950
128	11800.00000	10.82950
128	12000.00000	10.82950
128	12200.00000	10.82950
128	12400.00000	9.63605
128	12600.00000	9.63605
128	12800.00000	9.63605
128	13000.00000	9.63605
128	13200.00000	9.52680
128	13400.00000	9.52680
128	13600.00000	9.52680
128	13800.00000	9.52680
128	14000.00000	9.91862
128	14200.00000	9.91862
128	14400.00000	9.91862
128	14600.00000	8.56888
128	14800.00000	8.56888
128	15000.00000	8.56888
128	15200.00000	8.56888
128	15400.00000	8.24656
128	15600.00000	8.24656
128	15800.00000	8.24656
128	16000.00000	8.24656
128	16200.00000	9.07539
128	16400.00000	9.07539
128	16600.00000	9.07539
128	16800.00000	9.07539
128	17000.00000	9.06954
128	17200.00000	9.06954
128	17400.00000	9.06954
128	17600.00000	9.06954
128	17800.00000	9.01136
128	18000.00000	9.01136
128	18200.00000	9.01136
128	18400.00000	9.01136
128	18600.00000	8.32201
128	18800.00000	8.32201
128	19000.00000	8.32201
128	19200.00000	7.80492
128	19400.00000	7.80492
128	19600.00000	7.80492
128	19800.00000	7.80492
128	20000.00000	8.73055
129	0.00000	10.41163
129	200.00000	10.41163
129	400.00000	10.41163
129	600.00000	10.41163
129	800.00000	12.12321
129	1000.00000	12.12321
129	1200.00000	12.12321
129	1400.00000	12.12321
129	1600.00000	9.93704
129	1800.00000	9.93704
129	2000.00000	9.93704
129	2200.00000	9.93704
129	2400.00000	11.96822
129	2600.00000	11.96822
129	2800.00000	11.96822
129	3000.00000	11.96822
129	3200.00000	9.76266
129	3400.00000	9.76266
129	3600.00000	9.76266
129	3800.00000	9.76266
129	4000.00000	11.55691
129	4200.00000	11.55691
129	4400.00000	11.55691
129	4600.00000	11.55691
129	4800.00000	11.67628
129	5000.00000	11.67628
129	5200.00000	11.67628
129	5400.00000	9.54981
129	5600.00000	9.54981
129	5800.00000	9.54981
129	6000.00000	9.54981
129	6200.00000	9.08506
129	6400.00000	9.08506
129	6600.00000	9.08506
129	6800.00000	9.08506
129	7000.00000	9.60436
129	7200.00000	9.60436
129	7400.00000	9.60436
129	7600.00000	9.60436
129	7800.00000	10.72963
129	8000.00000	10.72963
129	8200.00000	10.72963
129	8400.00000	10.72963
129	8600.00000	9.18696
129	8800.00000	9.18696
129	9000.00000	9.18696
129	9200.00000	9.18696
129	9400.00000	10.00463
129	9600.00000	10.00463
129	9800.00000	10.00463
129	10000.00000	9.44946
129	10200.00000	9.44946
129	10400.00000	9.44946
129	10600.00000	9.44946
129	10800.00000	8.53907
129	11000.00000	8.53907
129	11200.00000	8.53907
129	11400.00000	8.53907
129	11600.00000	10.94989
129	11800.00000	10.94989
129	12000.00000	10.94989
129	12200.00000	10.94989
129	12400.00000	8.94921
129	12600.00000	8.94921
129	12800.00000	8.94921
129	13000.00000	8.94921
129	13200.00000	11.59750
129	13400.00000	11.59750
129	13600.00000	11.59750
129	13800.00000	11.59750
129	14000.00000	8.71154
129	14200.00000	8.71154
129	14400.00000	8.71154
129	14600.00000	8.49587
129	14800.00000	8.49587
129	15000.00000	8.49587
129	15200.00000	8.49587
129	15400.00000	8.19923
129	15600.00000	8.19923
129	15800.00000	8.19923
129	16000.00000	8.19923
129	16200.00000	9.58818
129	16400.00000	9.58818
129	16600.00000	9.58818
129	16800.00000	9.58818
129	17000.00000	11.32625
129	17200.00000	11.32625
129	17400.00000	11.32625
129	17600.00000	11.32625
129	17800.00000	8.31967
129	18000.00000	8.31967
129	18200.00000	8.31967
129	18400.00000	8.31967
129	18600.00000	7.46010
129	18800.00000	7.46010
129	19000.00000	7.46010
129	19200.00000	8.98348
129	19400.00000	8.98348
129	19600.00000	8.98348
129	19800.00000	8.98348
129	20000.00000	7.28752
130	0.00000	10.47480
130	200.00000	10.47480
130	400.00000	10.47480
130	600.00000	10.47480
130	800.00000	12.43524
130	1000.00000	12.43524
130	1200.00000	12.43524
130	1400.00000	12.43524
130	1600.00000	9.97402
130	1800.00000	9.97402
130	2000.00000	9.97402
130	2200.00000	9.97402
130	2400.00000	11.63959
130	2600.00000	11.63959
130	2800.00000	11.63959
130	3000.00000	11.63959
130	3200.00000	9.94527
130	3400.00000	9.94527
130	3600.00000	9.94527
130	3800.00000	9.94527
130	4000.00000	11.01381
130	4200.00000	11.01381
130	4400.00000	11.01381
130	4600.00000	11.01381
130	4800.00000	11.10404
130	5000.00000	11.10404
130	5200.00000	11.10404
130	5400.00000	9.64204
130	5600.00000	9.64204
130	5800.00000	9.64204
130	6000.00000	9.64204
130	6200.00000	9.63194
130	6400.00000	9.63194
130	6600.00000	9.63194
130	6800.00000	9.63194
130	7000.00000	9.00047
130	7200.00000	9.00047
130	7400.00000	9.00047
130	7600.00000	9.00047
130	7800.00000	9.71659
130	8000.00000	9.71659
130	8200.00000	9.71659
130	8400.00000	9.71659
130	8600.00000	9.45913
130	8800.00000	9.45913
130	9000.00000	9.45913
130	9200.00000	9.45913
130	9400.00000	10.52817
130	9600.00000	10.52817
130	9800.00000	10.52817
130	10000.00000	10.44352
130	10200.00000	10.44352
130	10400.00000	10.44352
130	10600.00000	10.44352
130	10800.00000	8.45762
130	11000.00000	8.45762
130	11200.00000	8.45762
130	11400.00000	8.45762
130	11600.00000	10.31411
130	11800.00000	10.31411
130	12000.00000	10.31411
130	12200.00000	10.31411
130	12400.00000	10.37825
130	12600.00000	10.37825
130	12800.00000	10.37825
130	13000.00000	10.37825
130	13200.00000	9.41091
130	13400.00000	9.41091
130	13600.00000	9.41091
130	13800.00000	9.41091
130	14000.00000	9.03559
130	14200.00000	9.03559
130	14400.00000	9.03559
130	14600.00000	8.26756
130	14800.00000	8.26756
130	15000.00000	8.26756
130	15200.00000	8.26756
130	15400.00000	9.83164
130	15600.00000	9.83164
130	15800.00000	9.83164
130	16000.00000	9.83164
130	16200.00000	9.11316
130	16400.00000	9.11316
130	16600.00000	9.11316
130	16800.00000	9.11316
130	17000.00000	8.31299
130	17200.00000	8.31299
130	17400.00000	8.31299
130	17600.00000	8.31299
130	17800.00000	7.83716
130	18000.00000	7.83716
130	18200.00000	7.83716
130	18400.00000	7.83716
130	18600.00000	7.98321
130	18800.00000	7.98321
130	19000.00000	7.98321
130	19200.00000	9.02417
130	19400.00000	9.02417
130	19600.00000	9.02417
130	19800.00000	9.02417
130	20000.00000	10.73207
131	0.00000	10.55665
131	200.00000	10.55665
131	400.00000	10.55665
131	600.00000	10.55665
131	800.00000	12.29402
131	1000.00000	12.29402
131	1200.00000	12.29402
131	1400.00000	12.29402
131	1600.00000	10.17159
131	1800.00000	10.17159
131	2000.00000	10.17159
131	2200.00000	10.17159
131	2400.00000	11.20163
131	2600.00000	11.20163
131	2800.00000	11.20163
131	3000.00000	11.20163
131	3200.00000	10.04453
131	3400.00000	10.04453
131	3600.00000	10.04453
131	3800.00000	10.04453
131	4000.00000	11.49789
131	4200.00000	11.49789
131	4400.00000	11.49789
131	4600.00000	11.49789
131	4800.00000	10.63336
131	5000.00000	10.63336
131	5200.00000	10.63336
131	5400.00000	9.61128
131	5600.00000	9.61128
131	5800.00000	9.61128
131	6000.00000	9.61128
131	6200.00000	10.02742
131	6400.00000	10.02742
131	6600.00000	10.02742
131	6800.00000	10.02742
131	7000.00000	9.25304
131	7200.00000	9.25304
131	7400.00000	9.25304
131	7600.00000	9.25304
131	7800.00000	9.86345
131	8000.00000	9.86345
131	8200.00000	9.86345
131	8400.00000	9.86345
131	8600.00000	9.17879
131	8800.00000	9.17879
131	9000.00000	9.17879
131	9200.00000	9.17879
131	9400.00000	12.35494
131	9600.00000	12.35494
131	9800.00000	12.35494
131	10000.00000	10.37254
131	10200.00000	10.37254
131	10400.00000	10.37254
131	10600.00000	10.37254
131	10800.00000	8.59821
131	11000.00000	8.59821
131	11200.00000	8.59821
131	11400.00000	8.59821
131	11600.00000	9.61993
131	11800.00000	9.61993
131	12000.00000	9.61993
131	12200.00000	9.61993
131	12400.00000	11.37047
131	12600.00000	11.37047
131	12800.00000	11.37047
131	13000.00000	11.37047
131	13200.00000	11.40486
131	13400.00000	11.40486
131	13600.00000	11.40486
131	13800.00000	11.40486
131	14000.00000	9.01976
131	14200.00000	9.01976
131	14400.00000	9.01976
131	14600.00000	9.69480
131	14800.00000	9.69480
131	15000.00000	9.69480
131	15200.00000	9.69480
131	15400.00000	11.09212
131	15600.00000	11.09212
131	15800.00000	11.09212
131	16000.00000	11.09212
131	16200.00000	9.94417
131	16400.00000	9.94417
131	16600.00000	9.94417
131	16800.00000	9.94417
131	17000.00000	7.63697
131	17200.00000	7.63697
131	17400.00000	7.63697
131	17600.00000	7.63697
131	17800.00000	8.03178
131	18000.00000	8.03178
131	18200.00000	8.03178
131	18400.00000	8.03178
131	18600.00000	8.56449
131	18800.00000	8.56449
131	19000.00000	8.56449
131	19200.00000	9.39356
131	19400.00000	9.39356
131	19600.00000	9.39356
131	19800.00000	9.39356
131	20000.00000	8.31730
132	0.00000	10.48728
132	200.00000	10.48728
132	400.00000	10.48728
132	600.00000	10.48728
132	800.00000	11.97984
132	1000.00000	11.97984
132	1200.00000	11.97984
132	1400.00000	11.97984
132	1600.00000	10.08349
132	1800.00000	10.08349
132	2000.00000	10.08349
132	2200.00000	10.08349
132	2400.00000	11.88532
132	2600.00000	11.88532
132	2800.00000	11.88532
132	3000.00000	11.88532
132	3200.00000	9.75715
132	3400.00000	9.75715
132	3600.00000	9.75715
132	3800.00000	9.75715
132	4000.00000	11.84048
132	4200.00000	11.84048
132	4400.00000	11.84048
132	4600.00000	11.84048
132	4800.00000	11.28642
132	5000.00000	11.28642
132	5200.00000	11.28642
132	5400.00000	9.48594
132	5600.00000	9.48594
132	5800.00000	9.48594
132	6000.00000	9.48594
132	6200.00000	9.77978
132	6400.00000	9.77978
132	6600.00000	9.77978
132	6800.00000	9.77978
132	7000.00000	9.05619
132	7200.00000	9.05619
132	7400.00000	9.05619
132	7600.00000	9.05619
132	7800.00000	10.92362
132	8000.00000	10.92362
132	8200.00000	10.92362
132	8400.00000	10.92362
132	8600.00000	9.41929
132	8800.00000	9.41929
132	9000.00000	9.41929
132	9200.00000	9.41929
132	9400.00000	10.97655
132	9600.00000	10.97655
132	9800.00000	10.97655
132	10000.00000	10.74427
132	10200.00000	10.74427
132	10400.00000	10.74427
132	10600.00000	10.74427
132	10800.00000	8.50706
132	11000.00000	8.50706
132	11200.00000	8.50706
132	11400.00000	8.50706
132	11600.00000	9.83171
132	11800.00000	9.83171
132	12000.00000	9.83171
132	12200.00000	9.83171
132	12400.00000	10.14546
132	12600.00000	10.14546
132	12800.00000	10.14546
132	13000.00000	10.14546
132	13200.00000	10.46430
132	13400.00000	10.46430
132	13600.00000	10.46430
132	13800.00000	10.46430
132	14000.00000	7.85153
132	14200.00000	7.85153
132	14400.00000	7.85153
132	14600.00000	10.23038
132	14800.00000	10.23038
132	15000.00000	10.23038
132	15200.00000	10.23038
132	15400.00000	11.28945
132	15600.00000	11.28945
132	15800.00000	11.28945
132	16000.00000	11.28945
132	16200.00000	10.23133
132	16400.00000	10.23133
132	16600.00000	10.23133
132	16800.00000	10.23133
132	17000.00000	7.72347
132	17200.00000	7.72347
132	17400.00000	7.72347
132	17600.00000	7.72347
132	17800.00000	8.23311
132	18000.00000	8.23311
132	18200.00000	8.23311
132	18400.00000	8.23311
132	18600.00000	8.78105
132	18800.00000	8.78105
132	19000.00000	8.78105
132	19200.00000	8.07210
132	19400.00000	8.07210
132	19600.00000	8.07210
132	19800.00000	8.07210
132	20000.00000	9.67018
133	0.00000	10.47016
133	200.00000	10.47016
133	400.00000	10.47016
133	600.00000	10.47016
133	800.00000	12.60860
133	1000.00000	12.60860
133	1200.00000	12.60860
133	1400.00000	12.60860
133	1600.00000	10.05367
133	1800.00000	10.05367
133	2000.00000	10.05367
133	2200.00000	10.05367
133	2400.00000	11.68372
133	2600.00000	11.68372
133	2800.00000	11.68372
133	3000.00000	11.68372
133	3200.00000	10.13718
133	3400.00000	10.13718
133	3600.00000	10.13718
133	3800.00000	10.13718
133	4000.00000	11.55947
133	4200.00000	11.55947
133	4400.00000	11.55947
133	4600.00000	11.55947
133	4800.00000	10.46172
133	5000.00000	10.46172
133	5200.00000	10.46172
133	5400.00000	9.59275
133	5600.00000	9.59275
133	5800.00000	9.59275
133	6000.00000	9.59275
133	6200.00000	9.85962
133	6400.00000	9.85962
133	6600.00000	9.85962
133	6800.00000	9.85962
133	7000.00000	9.15812
133	7200.00000	9.15812
133	7400.00000	9.15812
133	7600.00000	9.15812
133	7800.00000	10.05359
133	8000.00000	10.05359
133	8200.00000	10.05359
133	8400.00000	10.05359
133	8600.00000	9.56781
133	8800.00000	9.56781
133	9000.00000	9.56781
133	9200.00000	9.56781
133	9400.00000	10.80254
133	9600.00000	10.80254
133	9800.00000	10.80254
133	10000.00000	10.10758
133	10200.00000	10.10758
133	10400.00000	10.10758
133	10600.00000	10.10758
133	10800.00000	8.53123
133	11000.00000	8.53123
133	11200.00000	8.53123
133	11400.00000	8.53123
133	11600.00000	10.24467
133	11800.00000	10.24467
133	12000.00000	10.24467
133	12200.00000	10.24467
133	12400.00000	10.44232
133	12600.00000	10.44232
133	12800.00000	10.44232
133	13000.00000	10.44232
133	13200.00000	9.69953
133	13400.00000	9.69953
133	13600.00000	9.69953
133	13800.00000	9.69953
133	14000.00000	8.67780
133	14200.00000	8.67780
133	14400.00000	8.67780
133	14600.00000	9.71594
133	14800.00000	9.71594
133	15000.00000	9.71594
133	15200.00000	9.71594
133	15400.00000	9.09887
133	15600.00000	9.09887
133	15800.00000	9.09887
133	16000.00000	9.09887
133	16200.00000	9.81895
133	16400.00000	9.81895
133	16600.00000	9.81895
133	16800.00000	9.81895
133	17000.00000	7.71008
133	17200.00000	7.71008
133	17400.00000	7.71008
133	17600.00000	7.71008
133	17800.00000	8.75928
133	18000.00000	8.75928
133	18200.00000	8.75928
133	18400.00000	8.75928
133	18600.00000	9.27818
133	18800.00000	9.27818
133	19000.00000	9.27818
133	19200.00000	8.09327
133	19400.00000	8.09327
133	19600.00000	8.09327
133	19800.00000	8.09327
133	20000.00000	8.43689
134	0.00000	10.49855
134	200.00000	10.49855
134	400.00000	10.49855
134	600.00000	10.49855
134	800.00000	12.12173
134	1000.00000	12.12173
134	1200.00000	12.12173
134	1400.00000	12.12173
134	1600.00000	9.96246
134	1800.00000	9.96246
134	2000.00000	9.96246
134	2200.00000	9.96246
134	2400.00000	12.03297
134	2600.00000	12.03297
134	2800.00000	12.03297
134	3000.00000	12.03297
134	3200.00000	9.85483
134	3400.00000	9.85483
134	3600.00000	9.85483
134	3800.00000	9.85483
134	4000.00000	12.27108
134	4200.00000	12.27108
134	4400.00000	12.27108
134	4600.00000	12.27108
134	4800.00000	10.56203
134	5000.00000	10.56203
134	5200.00000	10.56203
134	5400.00000	9.74759
134	5600.00000	9.74759
134	5800.00000	9.74759
134	6000.00000	9.74759
134	6200.00000	9.26397
134	6400.00000	9.26397
134	6600.00000	9.26397
134	6800.00000	9.26397
134	7000.00000	9.11725
134	7200.00000	9.11725
134	7400.00000	9.11725
134	7600.00000	9.11725
134	7800.00000	10.23563
134	8000.00000	10.23563
134	8200.00000	10.23563
134	8400.00000	10.23563
134	8600.00000	8.96193
134	8800.00000	8.96193
134	9000.00000	8.96193
134	9200.00000	8.96193
134	9400.00000	10.69673
134	9600.00000	10.69673
134	9800.00000	10.69673
134	10000.00000	10.84723
134	10200.00000	10.84723
134	10400.00000	10.84723
134	10600.00000	10.84723
134	10800.00000	8.22147
134	11000.00000	8.22147
134	11200.00000	8.22147
134	11400.00000	8.22147
134	11600.00000	12.10605
134	11800.00000	12.10605
134	12000.00000	12.10605
134	12200.00000	12.10605
134	12400.00000	11.67994
134	12600.00000	11.67994
134	12800.00000	11.67994
134	13000.00000	11.67994
134	13200.00000	10.00538
134	13400.00000	10.00538
134	13600.00000	10.00538
134	13800.00000	10.00538
134	14000.00000	8.86565
134	14200.00000	8.86565
134	14400.00000	8.86565
134	14600.00000	9.55583
134	14800.00000	9.55583
134	15000.00000	9.55583
134	15200.00000	9.55583
134	15400.00000	8.00169
134	15600.00000	8.00169
134	15800.00000	8.00169
134	16000.00000	8.00169
134	16200.00000	9.29589
134	16400.00000	9.29589
134	16600.00000	9.29589
134	16800.00000	9.29589
134	17000.00000	8.81122
134	17200.00000	8.81122
134	17400.00000	8.81122
134	17600.00000	8.81122
134	17800.00000	10.47031
134	18000.00000	10.47031
134	18200.00000	10.47031
134	18400.00000	10.47031
134	18600.00000	7.39359
134	18800.00000	7.39359
134	19000.00000	7.39359
134	19200.00000	8.83395
134	19400.00000	8.83395
134	19600.00000	8.83395
134	19800.00000	8.83395
134	20000.00000	7.61750
135	0.00000	10.67654
135	200.00000	10.67654
135	400.00000	10.67654
135	600.00000	10.67654
135	800.00000	12.22881
135	1000.00000	12.22881
135	1200.00000	12.22881
135	1400.00000	12.22881
135	1600.00000	9.99745
135	1800.00000	9.99745
135	2000.00000	9.99745
135	2200.00000	9.99745
135	2400.00000	11.27278
135	2600.00000	11.27278
135	2800.00000	11.27278
135	3000.00000	11.27278
135	3200.00000	10.12149
135	3400.00000	10.12149
135	3600.00000	10.12149
135	3800.00000	10.12149
135	4000.00000	10.83956
135	4200.00000	10.83956
135	4400.00000	10.83956
135	4600.00000	10.83956
135	4800.00000	10.86509
135	5000.00000	10.86509
135	5200.00000	10.86509
135	5400.00000	9.87394
135	5600.00000	9.87394
135	5800.00000	9.87394
135	6000.00000	9.87394
135	6200.00000	10.00961
135	6400.00000	10.00961
135	6600.00000	10.00961
135	6800.00000	10.00961
135	7000.00000	9.09792
135	7200.00000	9.09792
135	7400.00000	9.09792
135	7600.00000	9.09792
135	7800.00000	10.36616
135	8000.00000	10.36616
135	8200.00000	10.36616
135	8400.00000	10.36616
135	8600.00000	9.21804
135	8800.00000	9.21804
135	9000.00000	9.21804
135	9200.00000	9.21804
135	9400.00000	10.75561
135	9600.00000	10.75561
135	9800.00000	10.75561
135	10000.00000	10.23511
135	10200.00000	10.23511
135	10400.00000	10.23511
135	10600.00000	10.23511
135	10800.00000	8.69439
135	11000.00000	8.69439
135	11200.00000	8.69439
135	11400.00000	8.69439
135	11600.00000	10.21253
135	11800.00000	10.21253
135	12000.00000	10.21253
135	12200.00000	10.21253
135	12400.00000	9.93643
135	12600.00000	9.93643
135	12800.00000	9.93643
135	13000.00000	9.93643
135	13200.00000	10.20983
135	13400.00000	10.20983
135	13600.00000	10.20983
135	13800.00000	10.20983
135	14000.00000	8.81214
135	14200.00000	8.81214
135	14400.00000	8.81214
135	14600.00000	9.14644
135	14800.00000	9.14644
135	15000.00000	9.14644
135	15200.00000	9.14644
135	15400.00000	9.15182
135	15600.00000	9.15182
135	15800.00000	9.15182
135	16000.00000	9.15182
135	16200.00000	8.60421
135	16400.00000	8.60421
135	16600.00000	8.60421
135	16800.00000	8.60421
135	17000.00000	9.31554
135	17200.00000	9.31554
135	17400.00000	9.31554
135	17600.00000	9.31554
135	17800.00000	9.06044
135	18000.00000	9.06044
135	18200.00000	9.06044
135	18400.00000	9.06044
135	18600.00000	7.83906
135	18800.00000	7.83906
135	19000.00000	7.83906
135	19200.00000	7.75606
135	19400.00000	7.75606
135	19600.00000	7.75606
135	19800.00000	7.75606
135	20000.00000	8.51318
136	0.00000	10.46238
136	200.00000	10.46238
136	400.00000	10.46238
136	600.00000	10.46238
136	800.00000	12.14029
136	1000.00000	12.14029
136	1200.00000	12.14029
136	1400.00000	12.14029
136	1600.00000	10.04547
136	1800.00000	10.04547
136	2000.00000	10.04547
136	2200.00000	10.04547
136	2400.00000	11.58448
136	2600.00000	11.58448
136	2800.00000	11.58448
136	3000.00000	11.58448
136	3200.00000	10.15015
136	3400.00000	10.15015
136	3600.00000	10.15015
136	3800.00000	10.15015
136	4000.00000	10.95796
136	4200.00000	10.95796
136	4400.00000	10.95796
136	4600.00000	10.95796
136	4800.00000	11.17307
136	5000.00000	11.17307
136	5200.00000	11.17307
136	5400.00000	9.50755
136	5600.00000	9.50755
136	5800.00000	9.50755
136	6000.00000	9.50755
136	6200.00000	9.69228
136	6400.00000	9.69228
136	6600.00000	9.69228
136	6800.00000	9.69228
136	7000.00000	9.00644
136	7200.00000	9.00644
136	7400.00000	9.00644
136	7600.00000	9.00644
136	7800.00000	9.98081
136	8000.00000	9.98081
136	8200.00000	9.98081
136	8400.00000	9.98081
136	8600.00000	9.66008
136	8800.00000	9.66008
136	9000.00000	9.66008
136	9200.00000	9.66008
136	9400.00000	11.74475
136	9600.00000	11.74475
136	9800.00000	11.74475
136	10000.00000	10.46061
136	10200.00000	10.46061
136	10400.00000	10.46061
136	10600.00000	10.46061
136	10800.00000	8.43917
136	11000.00000	8.43917
136	11200.00000	8.43917
136	11400.00000	8.43917
136	11600.00000	10.55627
136	11800.00000	10.55627
136	12000.00000	10.55627
136	12200.00000	10.55627
136	12400.00000	10.68613
136	12600.00000	10.68613
136	12800.00000	10.68613
136	13000.00000	10.68613
136	13200.00000	9.91645
136	13400.00000	9.91645
136	13600.00000	9.91645
136	13800.00000	9.91645
136	14000.00000	8.55739
136	14200.00000	8.55739
136	14400.00000	8.55739
136	14600.00000	9.07647
136	14800.00000	9.07647
136	15000.00000	9.07647
136	15200.00000	9.07647
136	15400.00000	9.43062
136	15600.00000	9.43062
136	15800.00000	9.43062
136	16000.00000	9.43062
136	16200.00000	8.77014
136	16400.00000	8.77014
136	16600.00000	8.77014
136	16800.00000	8.77014
136	17000.00000	10.82314
136	17200.00000	10.82314
136	17400.00000	10.82314
136	17600.00000	10.82314
136	17800.00000	9.00150
136	18000.00000	9.00150
136	18200.00000	9.00150
136	18400.00000	9.00150
136	18600.00000	8.11443
136	18800.00000	8.11443
136	19000.00000	8.11443
136	19200.00000	8.64278
136	19400.00000	8.64278
136	19600.00000	8.64278
136	19800.00000	8.64278
136	20000.00000	8.42961
137	0.00000	10.44576
137	200.00000	10.44576
137	400.00000	10.44576
137	600.00000	10.44576
137	800.00000	12.07324
137	1000.00000	12.07324
137	1200.00000	12.07324
137	1400.00000	12.07324
137	1600.00000	10.07110
137	1800.00000	10.07110
137	2000.00000	10.07110
137	2200.00000	10.07110
137	2400.00000	12.01322
137	2600.00000	12.01322
137	2800.00000	12.01322
137	3000.00000	12.01322
137	3200.00000	10.24895
137	3400.00000	10.24895
137	3600.00000	10.24895
137	3800.00000	10.24895
137	4000.00000	10.13702
137	4200.00000	10.13702
137	4400.00000	10.13702
137	4600.00000	10.13702
137	4800.00000	11.32530
137	5000.00000	11.32530
137	5200.00000	11.32530
137	5400.00000	9.97294
137	5600.00000	9.97294
137	5800.00000	9.97294
137	6000.00000	9.97294
137	6200.00000	9.65501
137	6400.00000	9.65501
137	6600.00000	9.65501
137	6800.00000	9.65501
137	7000.00000	9.06356
137	7200.00000	9.06356
137	7400.00000	9.06356
137	7600.00000	9.06356
137	7800.00000	10.70332
137	8000.00000	10.70332
137	8200.00000	10.70332
137	8400.00000	10.70332
137	8600.00000	9.21423
137	8800.00000	9.21423
137	9000.00000	9.21423
137	9200.00000	9.21423
137	9400.00000	11.85995
137	9600.00000	11.85995
137	9800.00000	11.85995
137	10000.00000	10.78896
137	10200.00000	10.78896
137	10400.00000	10.78896
137	10600.00000	10.78896
137	10800.00000	8.30284
137	11000.00000	8.30284
137	11200.00000	8.30284
137	11400.00000	8.30284
137	11600.00000	10.06911
137	11800.00000	10.06911
137	12000.00000	10.06911
137	12200.00000	10.06911
137	12400.00000	9.28107
137	12600.00000	9.28107
137	12800.00000	9.28107
137	13000.00000	9.28107
137	13200.00000	10.44580
137	13400.00000	10.44580
137	13600.00000	10.44580
137	13800.00000	10.44580
137	14000.00000	10.04610
137	14200.00000	10.04610
137	14400.00000	10.04610
137	14600.00000	9.52687
137	14800.00000	9.52687
137	15000.00000	9.52687
137	15200.00000	9.52687
137	15400.00000	7.98899
137	15600.00000	7.98899
137	15800.00000	7.98899
137	16000.00000	7.98899
137	16200.00000	9.36321
137	16400.00000	9.36321
137	16600.00000	9.36321
137	16800.00000	9.36321
137	17000.00000	9.92182
137	17200.00000	9.92182
137	17400.00000	9.92182
137	17600.00000	9.92182
137	17800.00000	9.61104
137	18000.00000	9.61104
137	18200.00000	9.61104
137	18400.00000	9.61104
137	18600.00000	7.58494
137	18800.00000	7.58494
137	19000.00000	7.58494
137	19200.00000	9.47766
137	19400.00000	9.47766
137	19600.00000	9.47766
137	19800.00000	9.47766
137	20000.00000	8.07762
138	0.00000	10.56736
138	200.00000	10.56736
138	400.00000	10.56736
138	600.00000	10.56736
138	800.00000	12.09473
138	1000.00000	12.09473
138	1200.00000	12.09473
138	1400.00000	12.09473
138	1600.00000	10.07687
138	1800.00000	10.07687
138	2000.00000	10.07687
138	2200.00000	10.07687
138	2400.00000	11.73639
138	2600.00000	11.73639
138	2800.00000	11.73639
138	3000.00000	11.73639
138	3200.00000	9.96319
138	3400.00000	9.96319
138	3600.00000	9.96319
138	3800.00000	9.96319
138	4000.00000	11.27441
138	4200.00000	11.27441
138	4400.00000	11.27441
138	4600.00000	11.27441
138	4800.00000	10.43893
138	5000.00000	10.43893
138	5200.00000	10.43893
138	5400.00000	9.92166
138	5600.00000	9.92166
138	5800.00000	9.92166
138	6000.00000	9.92166
138	6200.00000	9.24704
138	6400.00000	9.24704
138	6600.00000	9.24704
138	6800.00000	9.24704
138	7000.00000	9.09284
138	7200.00000	9.09284
138	7400.00000	9.09284
138	7600.00000	9.09284
138	7800.00000	10.18764
138	8000.00000	10.18764
138	8200.00000	10.18764
138	8400.00000	10.18764
138	8600.00000	8.71610
138	8800.00000	8.71610
138	9000.00000	8.71610
138	9200.00000	8.71610
138	9400.00000	11.29940
138	9600.00000	11.29940
138	9800.00000	11.29940
138	10000.00000	10.57086
138	10200.00000	10.57086
138	10400.00000	10.57086
138	10600.00000	10.57086
138	10800.00000	8.72584
138	11000.00000	8.72584
138	11200.00000	8.72584
138	11400.00000	8.72584
138	11600.00000	10.37393
138	11800.00000	10.37393
138	12000.00000	10.37393
138	12200.00000	10.37393
138	12400.00000	11.00163
138	12600.00000	11.00163
138	12800.00000	11.00163
138	13000.00000	11.00163
138	13200.00000	9.15474
138	13400.00000	9.15474
138	13600.00000	9.15474
138	13800.00000	9.15474
138	14000.00000	10.36683
138	14200.00000	10.36683
138	14400.00000	10.36683
138	14600.00000	9.94003
138	14800.00000	9.94003
138	15000.00000	9.94003
138	15200.00000	9.94003
138	15400.00000	7.87851
138	15600.00000	7.87851
138	15800.00000	7.87851
138	16000.00000	7.87851
138	16200.00000	9.34240
138	16400.00000	9.34240
138	16600.00000	9.34240
138	16800.00000	9.34240
138	17000.00000	9.76415
138	17200.00000	9.76415
138	17400.00000	9.76415
138	17600.00000	9.76415
138	17800.00000	8.47742
138	18000.00000	8.47742
138	18200.00000	8.47742
138	18400.00000	8.47742
138	18600.00000	7.15543
138	18800.00000	7.15543
138	19000.00000	7.15543
138	19200.00000	8.25881
138	19400.00000	8.25881
138	19600.00000	8.25881
138	19800.00000	8.25881
138	20000.00000	8.59078
139	0.00000	10.48178
139	200.00000	10.48178
139	400.00000	10.48178
139	600.00000	10.48178
139	800.00000	12.18306
139	1000.00000	12.18306
139	1200.00000	12.18306
139	1400.00000	12.18306
139	1600.00000	10.08219
139	1800.00000	10.08219
139	2000.00000	10.08219
139	2200.00000	10.08219
139	2400.00000	11.97268
139	2600.00000	11.97268
139	2800.00000	11.97268
139	3000.00000	11.97268
139	3200.00000	9.87076
139	3400.00000	9.87076
139	3600.00000	9.87076
139	3800.00000	9.87076
139	4000.00000	10.35904
139	4200.00000	10.35904
139	4400.00000	10.35904
139	4600.00000	10.35904
139	4800.00000	12.04070
139	5000.00000	12.04070
139	5200.00000	12.04070
139	5400.00000	9.80413
139	5600.00000	9.80413
139	5800.00000	9.80413
139	6000.00000	9.80413
139	6200.00000	9.63322
139	6400.00000	9.63322
139	6600.00000	9.63322
139	6800.00000	9.63322
139	7000.00000	8.79917
139	7200.00000	8.79917
139	7400.00000	8.79917
139	7600.00000	8.79917
139	7800.00000	10.99696
139	8000.00000	10.99696
139	8200.00000	10.99696
139	8400.00000	10.99696
139	8600.00000	9.42161
139	8800.00000	9.42161
139	9000.00000	9.42161
139	9200.00000	9.42161
139	9400.00000	9.69953
139	9600.00000	9.69953
139	9800.00000	9.69953
139	10000.00000	10.60109
139	10200.00000	10.60109
139	10400.00000	10.60109
139	10600.00000	10.60109
139	10800.00000	8.81284
139	11000.00000	8.81284
139	11200.00000	8.81284
139	11400.00000	8.81284
139	11600.00000	9.34469
139	11800.00000	9.34469
139	12000.00000	9.34469
139	12200.00000	9.34469
139	12400.00000	9.44143
139	12600.00000	9.44143
139	12800.00000	9.44143
139	13000.00000	9.44143
139	13200.00000	9.19190
139	13400.00000	9.19190
139	13600.00000	9.19190
139	13800.00000	9.19190
139	14000.00000	9.59282
139	14200.00000	9.59282
139	14400.00000	9.59282
139	14600.00000	9.93822
139	14800.00000	9.93822
139	15000.00000	9.93822
139	15200.00000	9.93822
139	15400.00000	8.45536
139	15600.00000	8.45536
139	15800.00000	8.45536
139	16000.00000	8.45536
139	16200.00000	8.65563
139	16400.00000	8.65563
139	16600.00000	8.65563
139	16800.00000	8.65563
139	17000.00000	11.09059
139	17200.00000	11.09059
139	17400.00000	11.09059
139	17600.00000	11.09059
139	17800.00000	10.00093
139	18000.00000	10.00093
139	18200.00000	10.00093
139	18400.00000	10.00093
139	18600.00000	7.71612
139	18800.00000	7.71612
139	19000.00000	7.71612
139	19200.00000	8.08183
139	19400.00000	8.08183
139	19600.00000	8.08183
139	19800.00000	8.08183
139	20000.00000	9.85816
140	0.00000	10.53647
140	200.00000	10.53647
140	400.00000	10.53647
140	600.00000	10.53647
140	800.00000	12.54604
140	1000.00000	12.54604
140	1200.00000	12.54604
140	1400.00000	12.54604
140	1600.00000	10.20092
140	1800.00000	10.20092
140	2000.00000	10.20092
140	2200.00000	10.20092
140	2400.00000	11.74129
140	2600.00000	11.74129
140	2800.00000	11.74129
140	3000.00000	11.74129
140	3200.00000	10.07496
140	3400.00000	10.07496
140	3600.00000	10.07496
140	3800.00000	10.07496
140	4000.00000	10.46856
140	4200.00000	10.46856
140	4400.00000	10.46856
140	4600.00000	10.46856
140	4800.00000	12.35318
140	5000.00000	12.35318
140	5200.00000	12.35318
140	5400.00000	9.66517
140	5600.00000	9.66517
140	5800.00000	9.66517
140	6000.00000	9.66517
140	6200.00000	9.71146
140	6400.00000	9.71146
140	6600.00000	9.71146
140	6800.00000	9.71146
140	7000.00000	8.74731
140	7200.00000	8.74731
140	7400.00000	8.74731
140	7600.00000	8.74731
140	7800.00000	10.61328
140	8000.00000	10.61328
140	8200.00000	10.61328
140	8400.00000	10.61328
140	8600.00000	9.28439
140	8800.00000	9.28439
140	9000.00000	9.28439
140	9200.00000	9.28439
140	9400.00000	10.39584
140	9600.00000	10.39584
140	9800.00000	10.39584
140	10000.00000	11.04085
140	10200.00000	11.04085
140	10400.00000	11.04085
140	10600.00000	11.04085
140	10800.00000	8.27122
140	11000.00000	8.27122
140	11200.00000	8.27122
140	11400.00000	8.27122
140	11600.00000	10.32363
140	11800.00000	10.32363
140	12000.00000	10.32363
140	12200.00000	10.32363
140	12400.00000	8.87175
140	12600.00000	8.87175
140	12800.00000	8.87175
140	13000.00000	8.87175
140	13200.00000	9.30857
140	13400.00000	9.30857
140	13600.00000	9.30857
140	13800.00000	9.30857
140	14000.00000	9.02455
140	14200.00000	9.02455
140	14400.00000	9.02455
140	14600.00000	9.27449
140	14800.00000	9.27449
140	15000.00000	9.27449
140	15200.00000	9.27449
140	15400.00000	8.03255
140	15600.00000	8.03255
140	15800.00000	8.03255
140	16000.00000	8.03255
140	16200.00000	9.11795
140	16400.00000	9.11795
140	16600.00000	9.11795
140	16800.00000	9.11795
140	17000.00000	9.41943
140	17200.00000	9.41943
140	17400.00000	9.41943
140	17600.00000	9.41943
140	17800.00000	10.39209
140	18000.00000	10.39209
140	18200.00000	10.39209
140	18400.00000	10.39209
140	18600.00000	7.56454
140	18800.00000	7.56454
140	19000.00000	7.56454
140	19200.00000	8.44839
140	19400.00000	8.44839
140	19600.00000	8.44839
140	19800.00000	8.44839
140	20000.00000	9.38226
141	0.00000	10.53647
141	200.00000	10.53647
141	400.00000	10.53647
141	600.00000	10.53647
141	800.00000	12.54604
141	1000.00000	12.54604
141	1200.00000	12.54604
141	1400.00000	12.54604
141	1600.00000	10.20092
141	1800.00000	10.20092
141	2000.00000	10.20092
141	2200.00000	10.20092
141	2400.00000	11.74129
141	2600.00000	11.74129
141	2800.00000	11.74129
141	3000.00000	11.74129
141	3200.00000	10.07496
141	3400.00000	10.07496
141	3600.00000	10.07496
141	3800.00000	10.07496
141	4000.00000	10.46856
141	4200.00000	10.46856
141	4400.00000	10.46856
141	4600.00000	10.46856
141	4800.00000	12.35318
141	5000.00000	12.35318
141	5200.00000	12.35318
141	5400.00000	9.66517
141	5600.00000	9.66517
141	5800.00000	9.66517
141	6000.00000	9.66517
141	6200.00000	9.71146
141	6400.00000	9.71146
141	6600.00000	9.71146
141	6800.00000	9.71146
141	7000.00000	8.74731
141	7200.00000	8.74731
141	7400.00000	8.74731
141	7600.00000	8.74731
141	7800.00000	10.61328
141	8000.00000	10.61328
141	8200.00000	10.61328
141	8400.00000	10.61328
141	8600.00000	9.28439
141	8800.00000	9.28439
141	9000.00000	9.28439
141	9200.00000	9.28439
141	9400.00000	10.39584
141	9600.00000	10.39584
141	9800.00000	10.39584
141	10000.00000	11.04085
141	10200.00000	11.04085
141	10400.00000	11.04085
141	10600.00000	11.04085
141	10800.00000	8.27122
141	11000.00000	8.27122
141	11200.00000	8.27122
141	11400.00000	8.27122
141	11600.00000	10.32363
141	11800.00000	10.32363
141	12000.00000	10.32363
141	12200.00000	10.32363
141	12400.00000	8.87175
141	12600.00000	8.87175
141	12800.00000	8.87175
141	13000.00000	8.87175
141	13200.00000	9.30857
141	13400.00000	9.30857
141	13600.00000	9.30857
141	13800.00000	9.30857
141	14000.00000	9.02455
141	14200.00000	9.02455
141	14400.00000	9.02455
141	14600.00000	9.27449
141	14800.00000	9.27449
141	15000.00000	9.27449
141	15200.00000	9.27449
141	15400.00000	8.03255
141	15600.00000	8.03255
141	15800.00000	8.03255
141	16000.00000	8.03255
141	16200.00000	9.11795
141	16400.00000	9.11795
141	16600.00000	9.11795
141	16800.00000	9.11795
141	17000.00000	9.41943
141	17200.00000	9.41943
141	17400.00000	9.41943
141	17600.00000	9.41943
141	17800.00000	10.39209
141	18000.00000	10.39209
141	18200.00000	10.39209
141	18400.00000	10.39209
141	18600.00000	7.56454
141	18800.00000	7.56454
141	19000.00000	7.56454
141	19200.00000	8.44839
141	19400.00000	8.44839
141	19600.00000	8.44839
141	19800.00000	8.44839
141	20000.00000	9.38226
142	0.00000	10.53647
142	200.00000	10.53647
142	400.00000	10.53647
142	600.00000	10.53647
142	800.00000	12.54604
142	1000.00000	12.54604
142	1200.00000	12.54604
142	1400.00000	12.54604
142	1600.00000	10.20092
142	1800.00000	10.20092
142	2000.00000	10.20092
142	2200.00000	10.20092
142	2400.00000	11.74129
142	2600.00000	11.74129
142	2800.00000	11.74129
142	3000.00000	11.74129
142	3200.00000	10.07496
142	3400.00000	10.07496
142	3600.00000	10.07496
142	3800.00000	10.07496
142	4000.00000	10.46856
142	4200.00000	10.46856
142	4400.00000	10.46856
142	4600.00000	10.46856
142	4800.00000	12.35318
142	5000.00000	12.35318
142	5200.00000	12.35318
142	5400.00000	9.66517
142	5600.00000	9.66517
142	5800.00000	9.66517
142	6000.00000	9.66517
142	6200.00000	9.71146
142	6400.00000	9.71146
142	6600.00000	9.71146
142	6800.00000	9.71146
142	7000.00000	8.74731
142	7200.00000	8.74731
142	7400.00000	8.74731
142	7600.00000	8.74731
142	7800.00000	10.61328
142	8000.00000	10.61328
142	8200.00000	10.61328
142	8400.00000	10.61328
142	8600.00000	9.28439
142	8800.00000	9.28439
142	9000.00000	9.28439
142	9200.00000	9.28439
142	9400.00000	10.39584
142	9600.00000	10.39584
142	9800.00000	10.39584
142	10000.00000	11.04085
142	10200.00000	11.04085
142	10400.00000	11.04085
142	10600.00000	11.04085
142	10800.00000	8.27122
142	11000.00000	8.27122
142	11200.00000	8.27122
142	11400.00000	8.27122
142	11600.00000	10.32363
142	11800.00000	10.32363
142	12000.00000	10.32363
142	12200.00000	10.32363
142	12400.00000	8.87175
142	12600.00000	8.87175
142	12800.00000	8.87175
142	13000.00000	8.87175
142	13200.00000	9.30857
142	13400.00000	9.30857
142	13600.00000	9.30857
142	13800.00000	9.30857
142	14000.00000	9.02455
142	14200.00000	9.02455
142	14400.00000	9.02455
142	14600.00000	9.27449
142	14800.00000	9.27449
142	15000.00000	9.27449
142	15200.00000	9.27449
142	15400.00000	8.03255
142	15600.00000	8.03255
142	15800.00000	8.03255
142	16000.00000	8.03255
142	16200.00000	9.11795
142	16400.00000	9.11795
142	16600.00000	9.11795
142	16800.00000	9.11795
142	17000.00000	9.41943
142	17200.00000	9.41943
142	17400.00000	9.41943
142	17600.00000	9.41943
142	17800.00000	10.39209
142	18000.00000	10.39209
142	18200.00000	10.39209
142	18400.00000	10.39209
142	18600.00000	7.56454
142	18800.00000	7.56454
142	19000.00000	7.56454
142	19200.00000	8.44839
142	19400.00000	8.44839
142	19600.00000	8.44839
142	19800.00000	8.44839
142	20000.00000	9.38226
143	0.00000	10.53647
143	200.00000	10.53647
143	400.00000	10.53647
143	600.00000	10.53647
143	800.00000	12.54604
143	1000.00000	12.54604
143	1200.00000	12.54604
143	1400.00000	12.54604
143	1600.00000	10.20092
143	1800.00000	10.20092
143	2000.00000	10.20092
143	2200.00000	10.20092
143	2400.00000	11.74129
143	2600.00000	11.74129
143	2800.00000	11.74129
143	3000.00000	11.74129
143	3200.00000	10.07496
143	3400.00000	10.07496
143	3600.00000	10.07496
143	3800.00000	10.07496
143	4000.00000	10.46856
143	4200.00000	10.46856
143	4400.00000	10.46856
143	4600.00000	10.46856
143	4800.00000	12.35318
143	5000.00000	12.35318
143	5200.00000	12.35318
143	5400.00000	9.66517
143	5600.00000	9.66517
143	5800.00000	9.66517
143	6000.00000	9.66517
143	6200.00000	9.71146
143	6400.00000	9.71146
143	6600.00000	9.71146
143	6800.00000	9.71146
143	7000.00000	8.74731
143	7200.00000	8.74731
143	7400.00000	8.74731
143	7600.00000	8.74731
143	7800.00000	10.61328
143	8000.00000	10.61328
143	8200.00000	10.61328
143	8400.00000	10.61328
143	8600.00000	9.28439
143	8800.00000	9.28439
143	9000.00000	9.28439
143	9200.00000	9.28439
143	9400.00000	10.39584
143	9600.00000	10.39584
143	9800.00000	10.39584
143	10000.00000	11.04085
143	10200.00000	11.04085
143	10400.00000	11.04085
143	10600.00000	11.04085
143	10800.00000	8.27122
143	11000.00000	8.27122
143	11200.00000	8.27122
143	11400.00000	8.27122
143	11600.00000	10.32363
143	11800.00000	10.32363
143	12000.00000	10.32363
143	12200.00000	10.32363
143	12400.00000	8.87175
143	12600.00000	8.87175
143	12800.00000	8.87175
143	13000.00000	8.87175
143	13200.00000	9.30857
143	13400.00000	9.30857
143	13600.00000	9.30857
143	13800.00000	9.30857
143	14000.00000	9.02455
143	14200.00000	9.02455
143	14400.00000	9.02455
143	14600.00000	9.27449
143	14800.00000	9.27449
143	15000.00000	9.27449
143	15200.00000	9.27449
143	15400.00000	8.03255
143	15600.00000	8.03255
143	15800.00000	8.03255
143	16000.00000	8.03255
143	16200.00000	9.11795
143	16400.00000	9.11795
143	16600.00000	9.11795
143	16800.00000	9.11795
143	17000.00000	9.41943
143	17200.00000	9.41943
143	17400.00000	9.41943
143	17600.00000	9.41943
143	17800.00000	10.39209
143	18000.00000	10.39209
143	18200.00000	10.39209
143	18400.00000	10.39209
143	18600.00000	7.56454
143	18800.00000	7.56454
143	19000.00000	7.56454
143	19200.00000	8.44839
143	19400.00000	8.44839
143	19600.00000	8.44839
143	19800.00000	8.44839
143	20000.00000	9.38226
144	0.00000	10.49129
144	200.00000	10.49129
144	400.00000	10.49129
144	600.00000	10.49129
144	800.00000	12.20442
144	1000.00000	12.20442
144	1200.00000	12.20442
144	1400.00000	12.20442
144	1600.00000	10.11776
144	1800.00000	10.11776
144	2000.00000	10.11776
144	2200.00000	10.11776
144	2400.00000	11.88677
144	2600.00000	11.88677
144	2800.00000	11.88677
144	3000.00000	11.88677
144	3200.00000	10.00401
144	3400.00000	10.00401
144	3600.00000	10.00401
144	3800.00000	10.00401
144	4000.00000	10.92824
144	4200.00000	10.92824
144	4400.00000	10.92824
144	4600.00000	10.92824
144	4800.00000	10.90528
144	5000.00000	10.90528
144	5200.00000	10.90528
144	5400.00000	9.81382
144	5600.00000	9.81382
144	5800.00000	9.81382
144	6000.00000	9.81382
144	6200.00000	9.25545
144	6400.00000	9.25545
144	6600.00000	9.25545
144	6800.00000	9.25545
144	7000.00000	9.27293
144	7200.00000	9.27293
144	7400.00000	9.27293
144	7600.00000	9.27293
144	7800.00000	10.49969
144	8000.00000	10.49969
144	8200.00000	10.49969
144	8400.00000	10.49969
144	8600.00000	9.05955
144	8800.00000	9.05955
144	9000.00000	9.05955
144	9200.00000	9.05955
144	9400.00000	10.79246
144	9600.00000	10.79246
144	9800.00000	10.79246
144	10000.00000	10.26522
144	10200.00000	10.26522
144	10400.00000	10.26522
144	10600.00000	10.26522
144	10800.00000	8.31799
144	11000.00000	8.31799
144	11200.00000	8.31799
144	11400.00000	8.31799
144	11600.00000	10.88080
144	11800.00000	10.88080
144	12000.00000	10.88080
144	12200.00000	10.88080
144	12400.00000	9.67834
144	12600.00000	9.67834
144	12800.00000	9.67834
144	13000.00000	9.67834
144	13200.00000	8.83831
144	13400.00000	8.83831
144	13600.00000	8.83831
144	13800.00000	8.83831
144	14000.00000	10.55819
144	14200.00000	10.55819
144	14400.00000	10.55819
144	14600.00000	9.89499
144	14800.00000	9.89499
144	15000.00000	9.89499
144	15200.00000	9.89499
144	15400.00000	8.69821
144	15600.00000	8.69821
144	15800.00000	8.69821
144	16000.00000	8.69821
144	16200.00000	8.12418
144	16400.00000	8.12418
144	16600.00000	8.12418
144	16800.00000	8.12418
144	17000.00000	9.97744
144	17200.00000	9.97744
144	17400.00000	9.97744
144	17600.00000	9.97744
144	17800.00000	9.70314
144	18000.00000	9.70314
144	18200.00000	9.70314
144	18400.00000	9.70314
144	18600.00000	7.88985
144	18800.00000	7.88985
144	19000.00000	7.88985
144	19200.00000	7.94257
144	19400.00000	7.94257
144	19600.00000	7.94257
144	19800.00000	7.94257
144	20000.00000	7.58214
145	0.00000	10.48835
145	200.00000	10.48835
145	400.00000	10.48835
145	600.00000	10.48835
145	800.00000	11.84234
145	1000.00000	11.84234
145	1200.00000	11.84234
145	1400.00000	11.84234
145	1600.00000	10.18666
145	1800.00000	10.18666
145	2000.00000	10.18666
145	2200.00000	10.18666
145	2400.00000	11.42466
145	2600.00000	11.42466
145	2800.00000	11.42466
145	3000.00000	11.42466
145	3200.00000	10.13534
145	3400.00000	10.13534
145	3600.00000	10.13534
145	3800.00000	10.13534
145	4000.00000	10.52056
145	4200.00000	10.52056
145	4400.00000	10.52056
145	4600.00000	10.52056
145	4800.00000	10.94166
145	5000.00000	10.94166
145	5200.00000	10.94166
145	5400.00000	9.48943
145	5600.00000	9.48943
145	5800.00000	9.48943
145	6000.00000	9.48943
145	6200.00000	9.36057
145	6400.00000	9.36057
145	6600.00000	9.36057
145	6800.00000	9.36057
145	7000.00000	9.28631
145	7200.00000	9.28631
145	7400.00000	9.28631
145	7600.00000	9.28631
145	7800.00000	9.74322
145	8000.00000	9.74322
145	8200.00000	9.74322
145	8400.00000	9.74322
145	8600.00000	9.65901
145	8800.00000	9.65901
145	9000.00000	9.65901
145	9200.00000	9.65901
145	9400.00000	10.59510
145	9600.00000	10.59510
145	9800.00000	10.59510
145	10000.00000	10.49243
145	10200.00000	10.49243
145	10400.00000	10.49243
145	10600.00000	10.49243
145	10800.00000	8.74909
145	11000.00000	8.74909
145	11200.00000	8.74909
145	11400.00000	8.74909
145	11600.00000	9.13899
145	11800.00000	9.13899
145	12000.00000	9.13899
145	12200.00000	9.13899
145	12400.00000	10.18270
145	12600.00000	10.18270
145	12800.00000	10.18270
145	13000.00000	10.18270
145	13200.00000	9.81690
145	13400.00000	9.81690
145	13600.00000	9.81690
145	13800.00000	9.81690
145	14000.00000	9.33624
145	14200.00000	9.33624
145	14400.00000	9.33624
145	14600.00000	11.01486
145	14800.00000	11.01486
145	15000.00000	11.01486
145	15200.00000	11.01486
145	15400.00000	8.31042
145	15600.00000	8.31042
145	15800.00000	8.31042
145	16000.00000	8.31042
145	16200.00000	9.73078
145	16400.00000	9.73078
145	16600.00000	9.73078
145	16800.00000	9.73078
145	17000.00000	9.82191
145	17200.00000	9.82191
145	17400.00000	9.82191
145	17600.00000	9.82191
145	17800.00000	8.80171
145	18000.00000	8.80171
145	18200.00000	8.80171
145	18400.00000	8.80171
145	18600.00000	7.72144
145	18800.00000	7.72144
145	19000.00000	7.72144
145	19200.00000	8.58154
145	19400.00000	8.58154
145	19600.00000	8.58154
145	19800.00000	8.58154
145	20000.00000	9.03442
146	0.00000	10.43785
146	200.00000	10.43785
146	400.00000	10.43785
146	600.00000	10.43785
146	800.00000	12.02681
146	1000.00000	12.02681
146	1200.00000	12.02681
146	1400.00000	12.02681
146	1600.00000	10.14757
146	1800.00000	10.14757
146	2000.00000	10.14757
146	2200.00000	10.14757
146	2400.00000	12.53409
146	2600.00000	12.53409
146	2800.00000	12.53409
146	3000.00000	12.53409
146	3200.00000	10.15587
146	3400.00000	10.15587
146	3600.00000	10.15587
146	3800.00000	10.15587
146	4000.00000	10.99252
146	4200.00000	10.99252
146	4400.00000	10.99252
146	4600.00000	10.99252
146	4800.00000	12.03483
146	5000.00000	12.03483
146	5200.00000	12.03483
146	5400.00000	9.53338
146	5600.00000	9.53338
146	5800.00000	9.53338
146	6000.00000	9.53338
146	6200.00000	9.94132
146	6400.00000	9.94132
146	6600.00000	9.94132
146	6800.00000	9.94132
146	7000.00000	9.00820
146	7200.00000	9.00820
146	7400.00000	9.00820
146	7600.00000	9.00820
146	7800.00000	11.03195
146	8000.00000	11.03195
146	8200.00000	11.03195
146	8400.00000	11.03195
146	8600.00000	9.35506
146	8800.00000	9.35506
146	9000.00000	9.35506
146	9200.00000	9.35506
146	9400.00000	13.16356
146	9600.00000	13.16356
146	9800.00000	13.16356
146	10000.00000	11.20917
146	10200.00000	11.20917
146	10400.00000	11.20917
146	10600.00000	11.20917
146	10800.00000	8.34968
146	11000.00000	8.34968
146	11200.00000	8.34968
146	11400.00000	8.34968
146	11600.00000	9.56201
146	11800.00000	9.56201
146	12000.00000	9.56201
146	12200.00000	9.56201
146	12400.00000	9.43188
146	12600.00000	9.43188
146	12800.00000	9.43188
146	13000.00000	9.43188
146	13200.00000	9.90468
146	13400.00000	9.90468
146	13600.00000	9.90468
146	13800.00000	9.90468
146	14000.00000	11.46799
146	14200.00000	11.46799
146	14400.00000	11.46799
146	14600.00000	10.14561
146	14800.00000	10.14561
146	15000.00000	10.14561
146	15200.00000	10.14561
146	15400.00000	8.15547
146	15600.00000	8.15547
146	15800.00000	8.15547
146	16000.00000	8.15547
146	16200.00000	11.10648
146	16400.00000	11.10648
146	16600.00000	11.10648
146	16800.00000	11.10648
146	17000.00000	10.95481
146	17200.00000	10.95481
146	17400.00000	10.95481
146	17600.00000	10.95481
146	17800.00000	9.72740
146	18000.00000	9.72740
146	18200.00000	9.72740
146	18400.00000	9.72740
146	18600.00000	7.64334
146	18800.00000	7.64334
146	19000.00000	7.64334
146	19200.00000	8.00811
146	19400.00000	8.00811
146	19600.00000	8.00811
146	19800.00000	8.00811
146	20000.00000	7.70136
147	0.00000	10.50214
147	200.00000	10.50214
147	400.00000	10.50214
147	600.00000	10.50214
147	800.00000	12.22674
147	1000.00000	12.22674
147	1200.00000	12.22674
147	1400.00000	12.22674
147	1600.00000	10.09557
147	1800.00000	10.09557
147	2000.00000	10.09557
147	2200.00000	10.09557
147	2400.00000	11.95585
147	2600.00000	11.95585
147	2800.00000	11.95585
147	3000.00000	11.95585
147	3200.00000	10.04198
147	3400.00000	10.04198
147	3600.00000	10.04198
147	3800.00000	10.04198
147	4000.00000	10.61641
147	4200.00000	10.61641
147	4400.00000	10.61641
147	4600.00000	10.61641
147	4800.00000	11.33922
147	5000.00000	11.33922
147	5200.00000	11.33922
147	5400.00000	9.46028
147	5600.00000	9.46028
147	5800.00000	9.46028
147	6000.00000	9.46028
147	6200.00000	9.59834
147	6400.00000	9.59834
147	6600.00000	9.59834
147	6800.00000	9.59834
147	7000.00000	9.47518
147	7200.00000	9.47518
147	7400.00000	9.47518
147	7600.00000	9.47518
147	7800.00000	9.95270
147	8000.00000	9.95270
147	8200.00000	9.95270
147	8400.00000	9.95270
147	8600.00000	9.11994
147	8800.00000	9.11994
147	9000.00000	9.11994
147	9200.00000	9.11994
147	9400.00000	11.11857
147	9600.00000	11.11857
147	9800.00000	11.11857
147	10000.00000	11.35327
147	10200.00000	11.35327
147	10400.00000	11.35327
147	10600.00000	11.35327
147	10800.00000	8.83399
147	11000.00000	8.83399
147	11200.00000	8.83399
147	11400.00000	8.83399
147	11600.00000	9.96181
147	11800.00000	9.96181
147	12000.00000	9.96181
147	12200.00000	9.96181
147	12400.00000	9.45701
147	12600.00000	9.45701
147	12800.00000	9.45701
147	13000.00000	9.45701
147	13200.00000	8.93701
147	13400.00000	8.93701
147	13600.00000	8.93701
147	13800.00000	8.93701
147	14000.00000	11.15333
147	14200.00000	11.15333
147	14400.00000	11.15333
147	14600.00000	10.45037
147	14800.00000	10.45037
147	15000.00000	10.45037
147	15200.00000	10.45037
147	15400.00000	8.81176
147	15600.00000	8.81176
147	15800.00000	8.81176
147	16000.00000	8.81176
147	16200.00000	8.28182
147	16400.00000	8.28182
147	16600.00000	8.28182
147	16800.00000	8.28182
147	17000.00000	9.68904
147	17200.00000	9.68904
147	17400.00000	9.68904
147	17600.00000	9.68904
147	17800.00000	9.60644
147	18000.00000	9.60644
147	18200.00000	9.60644
147	18400.00000	9.60644
147	18600.00000	9.19578
147	18800.00000	9.19578
147	19000.00000	9.19578
147	19200.00000	7.38379
147	19400.00000	7.38379
147	19600.00000	7.38379
147	19800.00000	7.38379
147	20000.00000	9.19660
148	0.00000	10.50173
148	200.00000	10.50173
148	400.00000	10.50173
148	600.00000	10.50173
148	800.00000	11.83947
148	1000.00000	11.83947
148	1200.00000	11.83947
148	1400.00000	11.83947
148	1600.00000	10.22554
148	1800.00000	10.22554
148	2000.00000	10.22554
148	2200.00000	10.22554
148	2400.00000	12.42278
148	2600.00000	12.42278
148	2800.00000	12.42278
148	3000.00000	12.42278
148	3200.00000	9.86442
148	3400.00000	9.86442
148	3600.00000	9.86442
148	3800.00000	9.86442
148	4000.00000	10.75070
148	4200.00000	10.75070
148	4400.00000	10.75070
148	4600.00000	10.75070
148	4800.00000	11.11833
148	5000.00000	11.11833
148	5200.00000	11.11833
148	5400.00000	9.75380
148	5600.00000	9.75380
148	5800.00000	9.75380
148	6000.00000	9.75380
148	6200.00000	9.53284
148	6400.00000	9.53284
148	6600.00000	9.53284
148	6800.00000	9.53284
148	7000.00000	9.20627
148	7200.00000	9.20627
148	7400.00000	9.20627
148	7600.00000	9.20627
148	7800.00000	11.41843
148	8000.00000	11.41843
148	8200.00000	11.41843
148	8400.00000	11.41843
148	8600.00000	9.27115
148	8800.00000	9.27115
148	9000.00000	9.27115
148	9200.00000	9.27115
148	9400.00000	11.19079
148	9600.00000	11.19079
148	9800.00000	11.19079
148	10000.00000	10.99627
148	10200.00000	10.99627
148	10400.00000	10.99627
148	10600.00000	10.99627
148	10800.00000	8.96471
148	11000.00000	8.96471
148	11200.00000	8.96471
148	11400.00000	8.96471
148	11600.00000	10.17868
148	11800.00000	10.17868
148	12000.00000	10.17868
148	12200.00000	10.17868
148	12400.00000	9.48246
148	12600.00000	9.48246
148	12800.00000	9.48246
148	13000.00000	9.48246
148	13200.00000	8.94870
148	13400.00000	8.94870
148	13600.00000	8.94870
148	13800.00000	8.94870
148	14000.00000	9.83184
148	14200.00000	9.83184
148	14400.00000	9.83184
148	14600.00000	8.59992
148	14800.00000	8.59992
148	15000.00000	8.59992
148	15200.00000	8.59992
148	15400.00000	9.76975
148	15600.00000	9.76975
148	15800.00000	9.76975
148	16000.00000	9.76975
148	16200.00000	7.55969
148	16400.00000	7.55969
148	16600.00000	7.55969
148	16800.00000	7.55969
148	17000.00000	10.27504
148	17200.00000	10.27504
148	17400.00000	10.27504
148	17600.00000	10.27504
148	17800.00000	9.64957
148	18000.00000	9.64957
148	18200.00000	9.64957
148	18400.00000	9.64957
148	18600.00000	8.81997
148	18800.00000	8.81997
148	19000.00000	8.81997
148	19200.00000	7.59858
148	19400.00000	7.59858
148	19600.00000	7.59858
148	19800.00000	7.59858
148	20000.00000	7.72122
149	0.00000	10.50027
149	200.00000	10.50027
149	400.00000	10.50027
149	600.00000	10.50027
149	800.00000	12.27334
149	1000.00000	12.27334
149	1200.00000	12.27334
149	1400.00000	12.27334
149	1600.00000	10.09645
149	1800.00000	10.09645
149	2000.00000	10.09645
149	2200.00000	10.09645
149	2400.00000	11.94978
149	2600.00000	11.94978
149	2800.00000	11.94978
149	3000.00000	11.94978
149	3200.00000	10.32644
149	3400.00000	10.32644
149	3600.00000	10.32644
149	3800.00000	10.32644
149	4000.00000	10.53600
149	4200.00000	10.53600
149	4400.00000	10.53600
149	4600.00000	10.53600
149	4800.00000	11.06849
149	5000.00000	11.06849
149	5200.00000	11.06849
149	5400.00000	9.72982
149	5600.00000	9.72982
149	5800.00000	9.72982
149	6000.00000	9.72982
149	6200.00000	9.68722
149	6400.00000	9.68722
149	6600.00000	9.68722
149	6800.00000	9.68722
149	7000.00000	9.35081
149	7200.00000	9.35081
149	7400.00000	9.35081
149	7600.00000	9.35081
149	7800.00000	10.04496
149	8000.00000	10.04496
149	8200.00000	10.04496
149	8400.00000	10.04496
149	8600.00000	9.25498
149	8800.00000	9.25498
149	9000.00000	9.25498
149	9200.00000	9.25498
149	9400.00000	11.56368
149	9600.00000	11.56368
149	9800.00000	11.56368
149	10000.00000	11.55674
149	10200.00000	11.55674
149	10400.00000	11.55674
149	10600.00000	11.55674
149	10800.00000	8.26116
149	11000.00000	8.26116
149	11200.00000	8.26116
149	11400.00000	8.26116
149	11600.00000	10.75682
149	11800.00000	10.75682
149	12000.00000	10.75682
149	12200.00000	10.75682
149	12400.00000	10.47562
149	12600.00000	10.47562
149	12800.00000	10.47562
149	13000.00000	10.47562
149	13200.00000	9.08707
149	13400.00000	9.08707
149	13600.00000	9.08707
149	13800.00000	9.08707
149	14000.00000	9.82448
149	14200.00000	9.82448
149	14400.00000	9.82448
149	14600.00000	8.30209
149	14800.00000	8.30209
149	15000.00000	8.30209
149	15200.00000	8.30209
149	15400.00000	7.99964
149	15600.00000	7.99964
149	15800.00000	7.99964
149	16000.00000	7.99964
149	16200.00000	8.40261
149	16400.00000	8.40261
149	16600.00000	8.40261
149	16800.00000	8.40261
149	17000.00000	9.73951
149	17200.00000	9.73951
149	17400.00000	9.73951
149	17600.00000	9.73951
149	17800.00000	9.41179
149	18000.00000	9.41179
149	18200.00000	9.41179
149	18400.00000	9.41179
149	18600.00000	7.41483
149	18800.00000	7.41483
149	19000.00000	7.41483
149	19200.00000	9.31457
149	19400.00000	9.31457
149	19600.00000	9.31457
149	19800.00000	9.31457
149	20000.00000	8.51336
150	0.00000	10.51907
150	200.00000	10.51907
150	400.00000	10.51907
150	600.00000	10.51907
150	800.00000	12.37868
150	1000.00000	12.37868
150	1200.00000	12.37868
150	1400.00000	12.37868
150	1600.00000	10.06306
150	1800.00000	10.06306
150	2000.00000	10.06306
150	2200.00000	10.06306
150	2400.00000	11.84771
150	2600.00000	11.84771
150	2800.00000	11.84771
150	3000.00000	11.84771
150	3200.00000	10.18818
150	3400.00000	10.18818
150	3600.00000	10.18818
150	3800.00000	10.18818
150	4000.00000	10.42170
150	4200.00000	10.42170
150	4400.00000	10.42170
150	4600.00000	10.42170
150	4800.00000	11.72253
150	5000.00000	11.72253
150	5200.00000	11.72253
150	5400.00000	9.27930
150	5600.00000	9.27930
150	5800.00000	9.27930
150	6000.00000	9.27930
150	6200.00000	9.97015
150	6400.00000	9.97015
150	6600.00000	9.97015
150	6800.00000	9.97015
150	7000.00000	9.00081
150	7200.00000	9.00081
150	7400.00000	9.00081
150	7600.00000	9.00081
150	7800.00000	9.90157
150	8000.00000	9.90157
150	8200.00000	9.90157
150	8400.00000	9.90157
150	8600.00000	9.82615
150	8800.00000	9.82615
150	9000.00000	9.82615
150	9200.00000	9.82615
150	9400.00000	10.31870
150	9600.00000	10.31870
150	9800.00000	10.31870
150	10000.00000	9.39549
150	10200.00000	9.39549
150	10400.00000	9.39549
150	10600.00000	9.39549
150	10800.00000	8.71392
150	11000.00000	8.71392
150	11200.00000	8.71392
150	11400.00000	8.71392
150	11600.00000	11.17277
150	11800.00000	11.17277
150	12000.00000	11.17277
150	12200.00000	11.17277
150	12400.00000	10.44413
150	12600.00000	10.44413
150	12800.00000	10.44413
150	13000.00000	10.44413
150	13200.00000	9.13393
150	13400.00000	9.13393
150	13600.00000	9.13393
150	13800.00000	9.13393
150	14000.00000	9.34076
150	14200.00000	9.34076
150	14400.00000	9.34076
150	14600.00000	8.32689
150	14800.00000	8.32689
150	15000.00000	8.32689
150	15200.00000	8.32689
150	15400.00000	8.49361
150	15600.00000	8.49361
150	15800.00000	8.49361
150	16000.00000	8.49361
150	16200.00000	9.40656
150	16400.00000	9.40656
150	16600.00000	9.40656
150	16800.00000	9.40656
150	17000.00000	9.59018
150	17200.00000	9.59018
150	17400.00000	9.59018
150	17600.00000	9.59018
150	17800.00000	9.44962
150	18000.00000	9.44962
150	18200.00000	9.44962
150	18400.00000	9.44962
150	18600.00000	7.53714
150	18800.00000	7.53714
150	19000.00000	7.53714
150	19200.00000	8.33576
150	19400.00000	8.33576
150	19600.00000	8.33576
150	19800.00000	8.33576
150	20000.00000	8.75211
151	0.00000	10.52486
151	200.00000	10.52486
151	400.00000	10.52486
151	600.00000	10.52486
151	800.00000	12.04134
151	1000.00000	12.04134
151	1200.00000	12.04134
151	1400.00000	12.04134
151	1600.00000	10.09654
151	1800.00000	10.09654
151	2000.00000	10.09654
151	2200.00000	10.09654
151	2400.00000	12.52147
151	2600.00000	12.52147
151	2800.00000	12.52147
151	3000.00000	12.52147
151	3200.00000	9.91848
151	3400.00000	9.91848
151	3600.00000	9.91848
151	3800.00000	9.91848
151	4000.00000	10.62535
151	4200.00000	10.62535
151	4400.00000	10.62535
151	4600.00000	10.62535
151	4800.00000	11.30638
151	5000.00000	11.30638
151	5200.00000	11.30638
151	5400.00000	9.20715
151	5600.00000	9.20715
151	5800.00000	9.20715
151	6000.00000	9.20715
151	6200.00000	9.80646
151	6400.00000	9.80646
151	6600.00000	9.80646
151	6800.00000	9.80646
151	7000.00000	8.80554
151	7200.00000	8.80554
151	7400.00000	8.80554
151	7600.00000	8.80554
151	7800.00000	9.81036
151	8000.00000	9.81036
151	8200.00000	9.81036
151	8400.00000	9.81036
151	8600.00000	9.79747
151	8800.00000	9.79747
151	9000.00000	9.79747
151	9200.00000	9.79747
151	9400.00000	10.87851
151	9600.00000	10.87851
151	9800.00000	10.87851
151	10000.00000	10.52155
151	10200.00000	10.52155
151	10400.00000	10.52155
151	10600.00000	10.52155
151	10800.00000	8.36927
151	11000.00000	8.36927
151	11200.00000	8.36927
151	11400.00000	8.36927
151	11600.00000	9.93603
151	11800.00000	9.93603
151	12000.00000	9.93603
151	12200.00000	9.93603
151	12400.00000	9.86014
151	12600.00000	9.86014
151	12800.00000	9.86014
151	13000.00000	9.86014
151	13200.00000	10.46328
151	13400.00000	10.46328
151	13600.00000	10.46328
151	13800.00000	10.46328
151	14000.00000	8.56934
151	14200.00000	8.56934
151	14400.00000	8.56934
151	14600.00000	9.39617
151	14800.00000	9.39617
151	15000.00000	9.39617
151	15200.00000	9.39617
151	15400.00000	9.83566
151	15600.00000	9.83566
151	15800.00000	9.83566
151	16000.00000	9.83566
151	16200.00000	8.78475
151	16400.00000	8.78475
151	16600.00000	8.78475
151	16800.00000	8.78475
151	17000.00000	8.83890
151	17200.00000	8.83890
151	17400.00000	8.83890
151	17600.00000	8.83890
151	17800.00000	8.29083
151	18000.00000	8.29083
151	18200.00000	8.29083
151	18400.00000	8.29083
151	18600.00000	7.69193
151	18800.00000	7.69193
151	19000.00000	7.69193
151	19200.00000	8.56350
151	19400.00000	8.56350
151	19600.00000	8.56350
151	19800.00000	8.56350
151	20000.00000	8.34920
152	0.00000	10.60746
152	200.00000	10.60746
152	400.00000	10.60746
152	600.00000	10.60746
152	800.00000	12.83892
152	1000.00000	12.83892
152	1200.00000	12.83892
152	1400.00000	12.83892
152	1600.00000	10.05790
152	1800.00000	10.05790
152	2000.00000	10.05790
152	2200.00000	10.05790
152	2400.00000	11.47036
152	2600.00000	11.47036
152	2800.00000	11.47036
152	3000.00000	11.47036
152	3200.00000	9.81483
152	3400.00000	9.81483
152	3600.00000	9.81483
152	3800.00000	9.81483
152	4000.00000	11.76805
152	4200.00000	11.76805
152	4400.00000	11.76805
152	4600.00000	11.76805
152	4800.00000	10.78749
152	5000.00000	10.78749
152	5200.00000	10.78749
152	5400.00000	9.52094
152	5600.00000	9.52094
152	5800.00000	9.52094
152	6000.00000	9.52094
152	6200.00000	9.92605
152	6400.00000	9.92605
152	6600.00000	9.92605
152	6800.00000	9.92605
152	7000.00000	8.94258
152	7200.00000	8.94258
152	7400.00000	8.94258
152	7600.00000	8.94258
152	7800.00000	10.31259
152	8000.00000	10.31259
152	8200.00000	10.31259
152	8400.00000	10.31259
152	8600.00000	9.30906
152	8800.00000	9.30906
152	9000.00000	9.30906
152	9200.00000	9.30906
152	9400.00000	10.98240
152	9600.00000	10.98240
152	9800.00000	10.98240
152	10000.00000	9.73744
152	10200.00000	9.73744
152	10400.00000	9.73744
152	10600.00000	9.73744
152	10800.00000	8.60231
152	11000.00000	8.60231
152	11200.00000	8.60231
152	11400.00000	8.60231
152	11600.00000	10.42197
152	11800.00000	10.42197
152	12000.00000	10.42197
152	12200.00000	10.42197
152	12400.00000	10.73382
152	12600.00000	10.73382
152	12800.00000	10.73382
152	13000.00000	10.73382
152	13200.00000	11.04053
152	13400.00000	11.04053
152	13600.00000	11.04053
152	13800.00000	11.04053
152	14000.00000	8.97144
152	14200.00000	8.97144
152	14400.00000	8.97144
152	14600.00000	8.97727
152	14800.00000	8.97727
152	15000.00000	8.97727
152	15200.00000	8.97727
152	15400.00000	8.71329
152	15600.00000	8.71329
152	15800.00000	8.71329
152	16000.00000	8.71329
152	16200.00000	8.84972
152	16400.00000	8.84972
152	16600.00000	8.84972
152	16800.00000	8.84972
152	17000.00000	8.63257
152	17200.00000	8.63257
152	17400.00000	8.63257
152	17600.00000	8.63257
152	17800.00000	8.63617
152	18000.00000	8.63617
152	18200.00000	8.63617
152	18400.00000	8.63617
152	18600.00000	8.15828
152	18800.00000	8.15828
152	19000.00000	8.15828
152	19200.00000	9.06585
152	19400.00000	9.06585
152	19600.00000	9.06585
152	19800.00000	9.06585
152	20000.00000	8.01649
153	0.00000	10.58627
153	200.00000	10.58627
153	400.00000	10.58627
153	600.00000	10.58627
153	800.00000	11.91740
153	1000.00000	11.91740
153	1200.00000	11.91740
153	1400.00000	11.91740
153	1600.00000	10.16207
153	1800.00000	10.16207
153	2000.00000	10.16207
153	2200.00000	10.16207
153	2400.00000	11.45883
153	2600.00000	11.45883
153	2800.00000	11.45883
153	3000.00000	11.45883
153	3200.00000	9.98725
153	3400.00000	9.98725
153	3600.00000	9.98725
153	3800.00000	9.98725
153	4000.00000	11.33385
153	4200.00000	11.33385
153	4400.00000	11.33385
153	4600.00000	11.33385
153	4800.00000	10.31811
153	5000.00000	10.31811
153	5200.00000	10.31811
153	5400.00000	9.60909
153	5600.00000	9.60909
153	5800.00000	9.60909
153	6000.00000	9.60909
153	6200.00000	10.18244
153	6400.00000	10.18244
153	6600.00000	10.18244
153	6800.00000	10.18244
153	7000.00000	8.80805
153	7200.00000	8.80805
153	7400.00000	8.80805
153	7600.00000	8.80805
153	7800.00000	9.78359
153	8000.00000	9.78359
153	8200.00000	9.78359
153	8400.00000	9.78359
153	8600.00000	10.11760
153	8800.00000	10.11760
153	9000.00000	10.11760
153	9200.00000	10.11760
153	9400.00000	10.86164
153	9600.00000	10.86164
153	9800.00000	10.86164
153	10000.00000	10.85281
153	10200.00000	10.85281
153	10400.00000	10.85281
153	10600.00000	10.85281
153	10800.00000	8.40721
153	11000.00000	8.40721
153	11200.00000	8.40721
153	11400.00000	8.40721
153	11600.00000	11.20308
153	11800.00000	11.20308
153	12000.00000	11.20308
153	12200.00000	11.20308
153	12400.00000	9.81403
153	12600.00000	9.81403
153	12800.00000	9.81403
153	13000.00000	9.81403
153	13200.00000	9.67320
153	13400.00000	9.67320
153	13600.00000	9.67320
153	13800.00000	9.67320
153	14000.00000	9.76473
153	14200.00000	9.76473
153	14400.00000	9.76473
153	14600.00000	9.03465
153	14800.00000	9.03465
153	15000.00000	9.03465
153	15200.00000	9.03465
153	15400.00000	7.92937
153	15600.00000	7.92937
153	15800.00000	7.92937
153	16000.00000	7.92937
153	16200.00000	10.60553
153	16400.00000	10.60553
153	16600.00000	10.60553
153	16800.00000	10.60553
153	17000.00000	10.98940
153	17200.00000	10.98940
153	17400.00000	10.98940
153	17600.00000	10.98940
153	17800.00000	9.31572
153	18000.00000	9.31572
153	18200.00000	9.31572
153	18400.00000	9.31572
153	18600.00000	8.79628
153	18800.00000	8.79628
153	19000.00000	8.79628
153	19200.00000	8.11422
153	19400.00000	8.11422
153	19600.00000	8.11422
153	19800.00000	8.11422
153	20000.00000	8.41233
154	0.00000	10.51750
154	200.00000	10.51750
154	400.00000	10.51750
154	600.00000	10.51750
154	800.00000	12.30912
154	1000.00000	12.30912
154	1200.00000	12.30912
154	1400.00000	12.30912
154	1600.00000	10.05392
154	1800.00000	10.05392
154	2000.00000	10.05392
154	2200.00000	10.05392
154	2400.00000	11.56946
154	2600.00000	11.56946
154	2800.00000	11.56946
154	3000.00000	11.56946
154	3200.00000	10.07987
154	3400.00000	10.07987
154	3600.00000	10.07987
154	3800.00000	10.07987
154	4000.00000	10.83845
154	4200.00000	10.83845
154	4400.00000	10.83845
154	4600.00000	10.83845
154	4800.00000	10.76731
154	5000.00000	10.76731
154	5200.00000	10.76731
154	5400.00000	9.62033
154	5600.00000	9.62033
154	5800.00000	9.62033
154	6000.00000	9.62033
154	6200.00000	9.63533
154	6400.00000	9.63533
154	6600.00000	9.63533
154	6800.00000	9.63533
154	7000.00000	9.10631
154	7200.00000	9.10631
154	7400.00000	9.10631
154	7600.00000	9.10631
154	7800.00000	9.27828
154	8000.00000	9.27828
154	8200.00000	9.27828
154	8400.00000	9.27828
154	8600.00000	9.17366
154	8800.00000	9.17366
154	9000.00000	9.17366
154	9200.00000	9.17366
154	9400.00000	11.65910
154	9600.00000	11.65910
154	9800.00000	11.65910
154	10000.00000	11.67714
154	10200.00000	11.67714
154	10400.00000	11.67714
154	10600.00000	11.67714
154	10800.00000	8.70273
154	11000.00000	8.70273
154	11200.00000	8.70273
154	11400.00000	8.70273
154	11600.00000	10.05084
154	11800.00000	10.05084
154	12000.00000	10.05084
154	12200.00000	10.05084
154	12400.00000	10.33996
154	12600.00000	10.33996
154	12800.00000	10.33996
154	13000.00000	10.33996
154	13200.00000	9.91517
154	13400.00000	9.91517
154	13600.00000	9.91517
154	13800.00000	9.91517
154	14000.00000	9.28425
154	14200.00000	9.28425
154	14400.00000	9.28425
154	14600.00000	8.15515
154	14800.00000	8.15515
154	15000.00000	8.15515
154	15200.00000	8.15515
154	15400.00000	8.83690
154	15600.00000	8.83690
154	15800.00000	8.83690
154	16000.00000	8.83690
154	16200.00000	10.20988
154	16400.00000	10.20988
154	16600.00000	10.20988
154	16800.00000	10.20988
154	17000.00000	8.70865
154	17200.00000	8.70865
154	17400.00000	8.70865
154	17600.00000	8.70865
154	17800.00000	8.43892
154	18000.00000	8.43892
154	18200.00000	8.43892
154	18400.00000	8.43892
154	18600.00000	10.26765
154	18800.00000	10.26765
154	19000.00000	10.26765
154	19200.00000	8.07473
154	19400.00000	8.07473
154	19600.00000	8.07473
154	19800.00000	8.07473
154	20000.00000	8.29566
155	0.00000	10.47241
155	200.00000	10.47241
155	400.00000	10.47241
155	600.00000	10.47241
155	800.00000	12.62674
155	1000.00000	12.62674
155	1200.00000	12.62674
155	1400.00000	12.62674
155	1600.00000	10.05140
155	1800.00000	10.05140
155	2000.00000	10.05140
155	2200.00000	10.05140
155	2400.00000	12.44323
155	2600.00000	12.44323
155	2800.00000	12.44323
155	3000.00000	12.44323
155	3200.00000	9.79662
155	3400.00000	9.79662
155	3600.00000	9.79662
155	3800.00000	9.79662
155	4000.00000	12.17398
155	4200.00000	12.17398
155	4400.00000	12.17398
155	4600.00000	12.17398
155	4800.00000	10.70918
155	5000.00000	10.70918
155	5200.00000	10.70918
155	5400.00000	9.44703
155	5600.00000	9.44703
155	5800.00000	9.44703
155	6000.00000	9.44703
155	6200.00000	9.72494
155	6400.00000	9.72494
155	6600.00000	9.72494
155	6800.00000	9.72494
155	7000.00000	9.05736
155	7200.00000	9.05736
155	7400.00000	9.05736
155	7600.00000	9.05736
155	7800.00000	9.80809
155	8000.00000	9.80809
155	8200.00000	9.80809
155	8400.00000	9.80809
155	8600.00000	8.98395
155	8800.00000	8.98395
155	9000.00000	8.98395
155	9200.00000	8.98395
155	9400.00000	10.56871
155	9600.00000	10.56871
155	9800.00000	10.56871
155	10000.00000	10.33927
155	10200.00000	10.33927
155	10400.00000	10.33927
155	10600.00000	10.33927
155	10800.00000	8.41346
155	11000.00000	8.41346
155	11200.00000	8.41346
155	11400.00000	8.41346
155	11600.00000	10.70978
155	11800.00000	10.70978
155	12000.00000	10.70978
155	12200.00000	10.70978
155	12400.00000	10.13701
155	12600.00000	10.13701
155	12800.00000	10.13701
155	13000.00000	10.13701
155	13200.00000	10.45421
155	13400.00000	10.45421
155	13600.00000	10.45421
155	13800.00000	10.45421
155	14000.00000	8.87630
155	14200.00000	8.87630
155	14400.00000	8.87630
155	14600.00000	8.53300
155	14800.00000	8.53300
155	15000.00000	8.53300
155	15200.00000	8.53300
155	15400.00000	8.86870
155	15600.00000	8.86870
155	15800.00000	8.86870
155	16000.00000	8.86870
155	16200.00000	8.44836
155	16400.00000	8.44836
155	16600.00000	8.44836
155	16800.00000	8.44836
155	17000.00000	9.01058
155	17200.00000	9.01058
155	17400.00000	9.01058
155	17600.00000	9.01058
155	17800.00000	8.83990
155	18000.00000	8.83990
155	18200.00000	8.83990
155	18400.00000	8.83990
155	18600.00000	8.40725
155	18800.00000	8.40725
155	19000.00000	8.40725
155	19200.00000	7.92904
155	19400.00000	7.92904
155	19600.00000	7.92904
155	19800.00000	7.92904
155	20000.00000	9.06992
156	0.00000	10.52907
156	200.00000	10.52907
156	400.00000	10.52907
156	600.00000	10.52907
156	800.00000	12.62943
156	1000.00000	12.62943
156	1200.00000	12.62943
156	1400.00000	12.62943
156	1600.00000	9.96294
156	1800.00000	9.96294
156	2000.00000	9.96294
156	2200.00000	9.96294
156	2400.00000	11.70225
156	2600.00000	11.70225
156	2800.00000	11.70225
156	3000.00000	11.70225
156	3200.00000	9.88685
156	3400.00000	9.88685
156	3600.00000	9.88685
156	3800.00000	9.88685
156	4000.00000	10.88026
156	4200.00000	10.88026
156	4400.00000	10.88026
156	4600.00000	10.88026
156	4800.00000	11.35811
156	5000.00000	11.35811
156	5200.00000	11.35811
156	5400.00000	9.51042
156	5600.00000	9.51042
156	5800.00000	9.51042
156	6000.00000	9.51042
156	6200.00000	10.30481
156	6400.00000	10.30481
156	6600.00000	10.30481
156	6800.00000	10.30481
156	7000.00000	8.96196
156	7200.00000	8.96196
156	7400.00000	8.96196
156	7600.00000	8.96196
156	7800.00000	10.27706
156	8000.00000	10.27706
156	8200.00000	10.27706
156	8400.00000	10.27706
156	8600.00000	9.46326
156	8800.00000	9.46326
156	9000.00000	9.46326
156	9200.00000	9.46326
156	9400.00000	10.60351
156	9600.00000	10.60351
156	9800.00000	10.60351
156	10000.00000	12.12997
156	10200.00000	12.12997
156	10400.00000	12.12997
156	10600.00000	12.12997
156	10800.00000	8.67213
156	11000.00000	8.67213
156	11200.00000	8.67213
156	11400.00000	8.67213
156	11600.00000	10.59835
156	11800.00000	10.59835
156	12000.00000	10.59835
156	12200.00000	10.59835
156	12400.00000	10.36338
156	12600.00000	10.36338
156	12800.00000	10.36338
156	13000.00000	10.36338
156	13200.00000	10.52987
156	13400.00000	10.52987
156	13600.00000	10.52987
156	13800.00000	10.52987
156	14000.00000	8.89036
156	14200.00000	8.89036
156	14400.00000	8.89036
156	14600.00000	9.06532
156	14800.00000	9.06532
156	15000.00000	9.06532
156	15200.00000	9.06532
156	15400.00000	8.12658
156	15600.00000	8.12658
156	15800.00000	8.12658
156	16000.00000	8.12658
156	16200.00000	10.89346
156	16400.00000	10.89346
156	16600.00000	10.89346
156	16800.00000	10.89346
156	17000.00000	11.46057
156	17200.00000	11.46057
156	17400.00000	11.46057
156	17600.00000	11.46057
156	17800.00000	7.51548
156	18000.00000	7.51548
156	18200.00000	7.51548
156	18400.00000	7.51548
156	18600.00000	8.81057
156	18800.00000	8.81057
156	19000.00000	8.81057
156	19200.00000	8.53549
156	19400.00000	8.53549
156	19600.00000	8.53549
156	19800.00000	8.53549
156	20000.00000	10.01169
157	0.00000	10.50140
157	200.00000	10.50140
157	400.00000	10.50140
157	600.00000	10.50140
157	800.00000	12.51163
157	1000.00000	12.51163
157	1200.00000	12.51163
157	1400.00000	12.51163
157	1600.00000	9.94495
157	1800.00000	9.94495
157	2000.00000	9.94495
157	2200.00000	9.94495
157	2400.00000	12.68275
157	2600.00000	12.68275
157	2800.00000	12.68275
157	3000.00000	12.68275
157	3200.00000	10.03482
157	3400.00000	10.03482
157	3600.00000	10.03482
157	3800.00000	10.03482
157	4000.00000	10.55130
157	4200.00000	10.55130
157	4400.00000	10.55130
157	4600.00000	10.55130
157	4800.00000	11.55356
157	5000.00000	11.55356
157	5200.00000	11.55356
157	5400.00000	9.47269
157	5600.00000	9.47269
157	5800.00000	9.47269
157	6000.00000	9.47269
157	6200.00000	9.44626
157	6400.00000	9.44626
157	6600.00000	9.44626
157	6800.00000	9.44626
157	7000.00000	9.21902
157	7200.00000	9.21902
157	7400.00000	9.21902
157	7600.00000	9.21902
157	7800.00000	9.94528
157	8000.00000	9.94528
157	8200.00000	9.94528
157	8400.00000	9.94528
157	8600.00000	9.30510
157	8800.00000	9.30510
157	9000.00000	9.30510
157	9200.00000	9.30510
157	9400.00000	12.18239
157	9600.00000	12.18239
157	9800.00000	12.18239
157	10000.00000	10.12198
157	10200.00000	10.12198
157	10400.00000	10.12198
157	10600.00000	10.12198
157	10800.00000	8.33508
157	11000.00000	8.33508
157	11200.00000	8.33508
157	11400.00000	8.33508
157	11600.00000	10.10983
157	11800.00000	10.10983
157	12000.00000	10.10983
157	12200.00000	10.10983
157	12400.00000	10.32671
157	12600.00000	10.32671
157	12800.00000	10.32671
157	13000.00000	10.32671
157	13200.00000	9.57236
157	13400.00000	9.57236
157	13600.00000	9.57236
157	13800.00000	9.57236
157	14000.00000	10.20688
157	14200.00000	10.20688
157	14400.00000	10.20688
157	14600.00000	8.17397
157	14800.00000	8.17397
157	15000.00000	8.17397
157	15200.00000	8.17397
157	15400.00000	8.67498
157	15600.00000	8.67498
157	15800.00000	8.67498
157	16000.00000	8.67498
157	16200.00000	9.40098
157	16400.00000	9.40098
157	16600.00000	9.40098
157	16800.00000	9.40098
157	17000.00000	9.57535
157	17200.00000	9.57535
157	17400.00000	9.57535
157	17600.00000	9.57535
157	17800.00000	8.01546
157	18000.00000	8.01546
157	18200.00000	8.01546
157	18400.00000	8.01546
157	18600.00000	8.05642
157	18800.00000	8.05642
157	19000.00000	8.05642
157	19200.00000	7.71124
157	19400.00000	7.71124
157	19600.00000	7.71124
157	19800.00000	7.71124
157	20000.00000	8.60597
158	0.00000	10.50864
158	200.00000	10.50864
158	400.00000	10.50864
158	600.00000	10.50864
158	800.00000	12.02999
158	1000.00000	12.02999
158	1200.00000	12.02999
158	1400.00000	12.02999
158	1600.00000	10.07427
158	1800.00000	10.07427
158	2000.00000	10.07427
158	2200.00000	10.07427
158	2400.00000	12.51153
158	2600.00000	12.51153
158	2800.00000	12.51153
158	3000.00000	12.51153
158	3200.00000	9.92449
158	3400.00000	9.92449
158	3600.00000	9.92449
158	3800.00000	9.92449
158	4000.00000	11.15861
158	4200.00000	11.15861
158	4400.00000	11.15861
158	4600.00000	11.15861
158	4800.00000	10.58329
158	5000.00000	10.58329
158	5200.00000	10.58329
158	5400.00000	9.65308
158	5600.00000	9.65308
158	5800.00000	9.65308
158	6000.00000	9.65308
158	6200.00000	9.08673
158	6400.00000	9.08673
158	6600.00000	9.08673
158	6800.00000	9.08673
158	7000.00000	9.33781
158	7200.00000	9.33781
158	7400.00000	9.33781
158	7600.00000	9.33781
158	7800.00000	10.88474
158	8000.00000	10.88474
158	8200.00000	10.88474
158	8400.00000	10.88474
158	8600.00000	9.23923
158	8800.00000	9.23923
158	9000.00000	9.23923
158	9200.00000	9.23923
158	9400.00000	10.42207
158	9600.00000	10.42207
158	9800.00000	10.42207
158	10000.00000	10.44833
158	10200.00000	10.44833
158	10400.00000	10.44833
158	10600.00000	10.44833
158	10800.00000	8.56560
158	11000.00000	8.56560
158	11200.00000	8.56560
158	11400.00000	8.56560
158	11600.00000	10.65583
158	11800.00000	10.65583
158	12000.00000	10.65583
158	12200.00000	10.65583
158	12400.00000	10.46376
158	12600.00000	10.46376
158	12800.00000	10.46376
158	13000.00000	10.46376
158	13200.00000	10.51425
158	13400.00000	10.51425
158	13600.00000	10.51425
158	13800.00000	10.51425
158	14000.00000	10.21346
158	14200.00000	10.21346
158	14400.00000	10.21346
158	14600.00000	8.92159
158	14800.00000	8.92159
158	15000.00000	8.92159
158	15200.00000	8.92159
158	15400.00000	7.93185
158	15600.00000	7.93185
158	15800.00000	7.93185
158	16000.00000	7.93185
158	16200.00000	10.73336
158	16400.00000	10.73336
158	16600.00000	10.73336
158	16800.00000	10.73336
158	17000.00000	9.61899
158	17200.00000	9.61899
158	17400.00000	9.61899
158	17600.00000	9.61899
158	17800.00000	7.81435
158	18000.00000	7.81435
158	18200.00000	7.81435
158	18400.00000	7.81435
158	18600.00000	9.72978
158	18800.00000	9.72978
158	19000.00000	9.72978
158	19200.00000	8.45838
158	19400.00000	8.45838
158	19600.00000	8.45838
158	19800.00000	8.45838
158	20000.00000	8.80128
159	0.00000	10.43517
159	200.00000	10.43517
159	400.00000	10.43517
159	600.00000	10.43517
159	800.00000	12.04063
159	1000.00000	12.04063
159	1200.00000	12.04063
159	1400.00000	12.04063
159	1600.00000	10.19899
159	1800.00000	10.19899
159	2000.00000	10.19899
159	2200.00000	10.19899
159	2400.00000	11.82880
159	2600.00000	11.82880
159	2800.00000	11.82880
159	3000.00000	11.82880
159	3200.00000	9.87156
159	3400.00000	9.87156
159	3600.00000	9.87156
159	3800.00000	9.87156
159	4000.00000	12.04382
159	4200.00000	12.04382
159	4400.00000	12.04382
159	4600.00000	12.04382
159	4800.00000	10.53793
159	5000.00000	10.53793
159	5200.00000	10.53793
159	5400.00000	9.99060
159	5600.00000	9.99060
159	5800.00000	9.99060
159	6000.00000	9.99060
159	6200.00000	9.29692
159	6400.00000	9.29692
159	6600.00000	9.29692
159	6800.00000	9.29692
159	7000.00000	8.96489
159	7200.00000	8.96489
159	7400.00000	8.96489
159	7600.00000	8.96489
159	7800.00000	10.49353
159	8000.00000	10.49353
159	8200.00000	10.49353
159	8400.00000	10.49353
159	8600.00000	9.17969
159	8800.00000	9.17969
159	9000.00000	9.17969
159	9200.00000	9.17969
159	9400.00000	10.80889
159	9600.00000	10.80889
159	9800.00000	10.80889
159	10000.00000	10.29695
159	10200.00000	10.29695
159	10400.00000	10.29695
159	10600.00000	10.29695
159	10800.00000	8.30825
159	11000.00000	8.30825
159	11200.00000	8.30825
159	11400.00000	8.30825
159	11600.00000	10.43508
159	11800.00000	10.43508
159	12000.00000	10.43508
159	12200.00000	10.43508
159	12400.00000	10.28276
159	12600.00000	10.28276
159	12800.00000	10.28276
159	13000.00000	10.28276
159	13200.00000	10.67985
159	13400.00000	10.67985
159	13600.00000	10.67985
159	13800.00000	10.67985
159	14000.00000	9.91630
159	14200.00000	9.91630
159	14400.00000	9.91630
159	14600.00000	8.46905
159	14800.00000	8.46905
159	15000.00000	8.46905
159	15200.00000	8.46905
159	15400.00000	8.96861
159	15600.00000	8.96861
159	15800.00000	8.96861
159	16000.00000	8.96861
159	16200.00000	9.10584
159	16400.00000	9.10584
159	16600.00000	9.10584
159	16800.00000	9.10584
159	17000.00000	8.99040
159	17200.00000	8.99040
159	17400.00000	8.99040
159	17600.00000	8.99040
159	17800.00000	7.65120
159	18000.00000	7.65120
159	18200.00000	7.65120
159	18400.00000	7.65120
159	18600.00000	9.11390
159	18800.00000	9.11390
159	19000.00000	9.11390
159	19200.00000	9.24927
159	19400.00000	9.24927
159	19600.00000	9.24927
159	19800.00000	9.24927
159	20000.00000	8.79648
160	0.00000	10.53319
160	200.00000	10.53319
160	400.00000	10.53319
160	600.00000	10.53319
160	800.00000	11.97911
160	1000.00000	11.97911
160	1200.00000	11.97911
160	1400.00000	11.97911
160	1600.00000	10.14028
160	1800.00000	10.14028
160	2000.00000	10.14028
160	2200.00000	10.14028
160	2400.00000	11.42770
160	2600.00000	11.42770
160	2800.00000	11.42770
160	3000.00000	11.42770
160	3200.00000	9.92109
160	3400.00000	9.92109
160	3600.00000	9.92109
160	3800.00000	9.92109
160	4000.00000	13.04059
160	4200.00000	13.04059
160	4400.00000	13.04059
160	4600.00000	13.04059
160	4800.00000	10.08207
160	5000.00000	10.08207
160	5200.00000	10.08207
160	5400.00000	10.12748
160	5600.00000	10.12748
160	5800.00000	10.12748
160	6000.00000	10.12748
160	6200.00000	9.69421
160	6400.00000	9.69421
160	6600.00000	9.69421
160	6800.00000	9.69421
160	7000.00000	8.80097
160	7200.00000	8.80097
160	7400.00000	8.80097
160	7600.00000	8.80097
160	7800.00000	10.85633
160	8000.00000	10.85633
160	8200.00000	10.85633
160	8400.00000	10.85633
160	8600.00000	9.68780
160	8800.00000	9.68780
160	9000.00000	9.68780
160	9200.00000	9.68780
160	9400.00000	11.42268
160	9600.00000	11.42268
160	9800.00000	11.42268
160	10000.00000	9.91326
160	10200.00000	9.91326
160	10400.00000	9.91326
160	10600.00000	9.91326
160	10800.00000	8.49392
160	11000.00000	8.49392
160	11200.00000	8.49392
160	11400.00000	8.49392
160	11600.00000	10.21852
160	11800.00000	10.21852
160	12000.00000	10.21852
160	12200.00000	10.21852
160	12400.00000	10.35325
160	12600.00000	10.35325
160	12800.00000	10.35325
160	13000.00000	10.35325
160	13200.00000	11.49451
160	13400.00000	11.49451
160	13600.00000	11.49451
160	13800.00000	11.49451
160	14000.00000	8.24726
160	14200.00000	8.24726
160	14400.00000	8.24726
160	14600.00000	8.88885
160	14800.00000	8.88885
160	15000.00000	8.88885
160	15200.00000	8.88885
160	15400.00000	10.85792
160	15600.00000	10.85792
160	15800.00000	10.85792
160	16000.00000	10.85792
160	16200.00000	10.89721
160	16400.00000	10.89721
160	16600.00000	10.89721
160	16800.00000	10.89721
160	17000.00000	7.87896
160	17200.00000	7.87896
160	17400.00000	7.87896
160	17600.00000	7.87896
160	17800.00000	7.64710
160	18000.00000	7.64710
160	18200.00000	7.64710
160	18400.00000	7.64710
160	18600.00000	7.48209
160	18800.00000	7.48209
160	19000.00000	7.48209
160	19200.00000	8.46823
160	19400.00000	8.46823
160	19600.00000	8.46823
160	19800.00000	8.46823
160	20000.00000	8.17353
161	0.00000	10.52034
161	200.00000	10.52034
161	400.00000	10.52034
161	600.00000	10.52034
161	800.00000	12.56744
161	1000.00000	12.56744
161	1200.00000	12.56744
161	1400.00000	12.56744
161	1600.00000	10.02662
161	1800.00000	10.02662
161	2000.00000	10.02662
161	2200.00000	10.02662
161	2400.00000	11.77696
161	2600.00000	11.77696
161	2800.00000	11.77696
161	3000.00000	11.77696
161	3200.00000	9.90766
161	3400.00000	9.90766
161	3600.00000	9.90766
161	3800.00000	9.90766
161	4000.00000	11.33299
161	4200.00000	11.33299
161	4400.00000	11.33299
161	4600.00000	11.33299
161	4800.00000	10.88903
161	5000.00000	10.88903
161	5200.00000	10.88903
161	5400.00000	9.38072
161	5600.00000	9.38072
161	5800.00000	9.38072
161	6000.00000	9.38072
161	6200.00000	9.90169
161	6400.00000	9.90169
161	6600.00000	9.90169
161	6800.00000	9.90169
161	7000.00000	9.05247
161	7200.00000	9.05247
161	7400.00000	9.05247
161	7600.00000	9.05247
161	7800.00000	9.79549
161	8000.00000	9.79549
161	8200.00000	9.79549
161	8400.00000	9.79549
161	8600.00000	9.52159
161	8800.00000	9.52159
161	9000.00000	9.52159
161	9200.00000	9.52159
161	9400.00000	12.25817
161	9600.00000	12.25817
161	9800.00000	12.25817
161	10000.00000	12.67338
161	10200.00000	12.67338
161	10400.00000	12.67338
161	10600.00000	12.67338
161	10800.00000	8.52737
161	11000.00000	8.52737
161	11200.00000	8.52737
161	11400.00000	8.52737
161	11600.00000	10.52396
161	11800.00000	10.52396
161	12000.00000	10.52396
161	12200.00000	10.52396
161	12400.00000	10.54457
161	12600.00000	10.54457
161	12800.00000	10.54457
161	13000.00000	10.54457
161	13200.00000	12.44612
161	13400.00000	12.44612
161	13600.00000	12.44612
161	13800.00000	12.44612
161	14000.00000	9.09242
161	14200.00000	9.09242
161	14400.00000	9.09242
161	14600.00000	8.28905
161	14800.00000	8.28905
161	15000.00000	8.28905
161	15200.00000	8.28905
161	15400.00000	10.51426
161	15600.00000	10.51426
161	15800.00000	10.51426
161	16000.00000	10.51426
161	16200.00000	9.00729
161	16400.00000	9.00729
161	16600.00000	9.00729
161	16800.00000	9.00729
161	17000.00000	9.23213
161	17200.00000	9.23213
161	17400.00000	9.23213
161	17600.00000	9.23213
161	17800.00000	6.94414
161	18000.00000	6.94414
161	18200.00000	6.94414
161	18400.00000	6.94414
161	18600.00000	9.31508
161	18800.00000	9.31508
161	19000.00000	9.31508
161	19200.00000	9.07771
161	19400.00000	9.07771
161	19600.00000	9.07771
161	19800.00000	9.07771
161	20000.00000	7.49913
162	0.00000	10.50945
162	200.00000	10.50945
162	400.00000	10.50945
162	600.00000	10.50945
162	800.00000	13.37059
162	1000.00000	13.37059
162	1200.00000	13.37059
162	1400.00000	13.37059
162	1600.00000	10.02497
162	1800.00000	10.02497
162	2000.00000	10.02497
162	2200.00000	10.02497
162	2400.00000	11.47741
162	2600.00000	11.47741
162	2800.00000	11.47741
162	3000.00000	11.47741
162	3200.00000	9.96859
162	3400.00000	9.96859
162	3600.00000	9.96859
162	3800.00000	9.96859
162	4000.00000	11.94675
162	4200.00000	11.94675
162	4400.00000	11.94675
162	4600.00000	11.94675
162	4800.00000	10.13056
162	5000.00000	10.13056
162	5200.00000	10.13056
162	5400.00000	10.15462
162	5600.00000	10.15462
162	5800.00000	10.15462
162	6000.00000	10.15462
162	6200.00000	9.84220
162	6400.00000	9.84220
162	6600.00000	9.84220
162	6800.00000	9.84220
162	7000.00000	8.62716
162	7200.00000	8.62716
162	7400.00000	8.62716
162	7600.00000	8.62716
162	7800.00000	11.06505
162	8000.00000	11.06505
162	8200.00000	11.06505
162	8400.00000	11.06505
162	8600.00000	9.26005
162	8800.00000	9.26005
162	9000.00000	9.26005
162	9200.00000	9.26005
162	9400.00000	11.88220
162	9600.00000	11.88220
162	9800.00000	11.88220
162	10000.00000	10.36073
162	10200.00000	10.36073
162	10400.00000	10.36073
162	10600.00000	10.36073
162	10800.00000	8.49732
162	11000.00000	8.49732
162	11200.00000	8.49732
162	11400.00000	8.49732
162	11600.00000	10.35380
162	11800.00000	10.35380
162	12000.00000	10.35380
162	12200.00000	10.35380
162	12400.00000	12.27804
162	12600.00000	12.27804
162	12800.00000	12.27804
162	13000.00000	12.27804
162	13200.00000	10.56255
162	13400.00000	10.56255
162	13600.00000	10.56255
162	13800.00000	10.56255
162	14000.00000	9.73556
162	14200.00000	9.73556
162	14400.00000	9.73556
162	14600.00000	8.23019
162	14800.00000	8.23019
162	15000.00000	8.23019
162	15200.00000	8.23019
162	15400.00000	10.11304
162	15600.00000	10.11304
162	15800.00000	10.11304
162	16000.00000	10.11304
162	16200.00000	8.89180
162	16400.00000	8.89180
162	16600.00000	8.89180
162	16800.00000	8.89180
162	17000.00000	8.62861
162	17200.00000	8.62861
162	17400.00000	8.62861
162	17600.00000	8.62861
162	17800.00000	7.90490
162	18000.00000	7.90490
162	18200.00000	7.90490
162	18400.00000	7.90490
162	18600.00000	9.23886
162	18800.00000	9.23886
162	19000.00000	9.23886
162	19200.00000	7.80514
162	19400.00000	7.80514
162	19600.00000	7.80514
162	19800.00000	7.80514
162	20000.00000	9.43003
163	0.00000	10.42924
163	200.00000	10.42924
163	400.00000	10.42924
163	600.00000	10.42924
163	800.00000	12.26883
163	1000.00000	12.26883
163	1200.00000	12.26883
163	1400.00000	12.26883
163	1600.00000	10.07817
163	1800.00000	10.07817
163	2000.00000	10.07817
163	2200.00000	10.07817
163	2400.00000	11.60093
163	2600.00000	11.60093
163	2800.00000	11.60093
163	3000.00000	11.60093
163	3200.00000	9.80667
163	3400.00000	9.80667
163	3600.00000	9.80667
163	3800.00000	9.80667
163	4000.00000	11.47850
163	4200.00000	11.47850
163	4400.00000	11.47850
163	4600.00000	11.47850
163	4800.00000	10.55907
163	5000.00000	10.55907
163	5200.00000	10.55907
163	5400.00000	9.88753
163	5600.00000	9.88753
163	5800.00000	9.88753
163	6000.00000	9.88753
163	6200.00000	9.53906
163	6400.00000	9.53906
163	6600.00000	9.53906
163	6800.00000	9.53906
163	7000.00000	8.99310
163	7200.00000	8.99310
163	7400.00000	8.99310
163	7600.00000	8.99310
163	7800.00000	10.93046
163	8000.00000	10.93046
163	8200.00000	10.93046
163	8400.00000	10.93046
163	8600.00000	9.21192
163	8800.00000	9.21192
163	9000.00000	9.21192
163	9200.00000	9.21192
163	9400.00000	11.41543
163	9600.00000	11.41543
163	9800.00000	11.41543
163	10000.00000	11.88658
163	10200.00000	11.88658
163	10400.00000	11.88658
163	10600.00000	11.88658
163	10800.00000	8.47503
163	11000.00000	8.47503
163	11200.00000	8.47503
163	11400.00000	8.47503
163	11600.00000	10.50310
163	11800.00000	10.50310
163	12000.00000	10.50310
163	12200.00000	10.50310
163	12400.00000	9.82240
163	12600.00000	9.82240
163	12800.00000	9.82240
163	13000.00000	9.82240
163	13200.00000	11.41495
163	13400.00000	11.41495
163	13600.00000	11.41495
163	13800.00000	11.41495
163	14000.00000	9.21181
163	14200.00000	9.21181
163	14400.00000	9.21181
163	14600.00000	8.07639
163	14800.00000	8.07639
163	15000.00000	8.07639
163	15200.00000	8.07639
163	15400.00000	8.44557
163	15600.00000	8.44557
163	15800.00000	8.44557
163	16000.00000	8.44557
163	16200.00000	10.97047
163	16400.00000	10.97047
163	16600.00000	10.97047
163	16800.00000	10.97047
163	17000.00000	10.08666
163	17200.00000	10.08666
163	17400.00000	10.08666
163	17600.00000	10.08666
163	17800.00000	8.11151
163	18000.00000	8.11151
163	18200.00000	8.11151
163	18400.00000	8.11151
163	18600.00000	7.95092
163	18800.00000	7.95092
163	19000.00000	7.95092
163	19200.00000	8.45752
163	19400.00000	8.45752
163	19600.00000	8.45752
163	19800.00000	8.45752
163	20000.00000	8.25244
164	0.00000	10.44471
164	200.00000	10.44471
164	400.00000	10.44471
164	600.00000	10.44471
164	800.00000	12.77295
164	1000.00000	12.77295
164	1200.00000	12.77295
164	1400.00000	12.77295
164	1600.00000	9.90965
164	1800.00000	9.90965
164	2000.00000	9.90965
164	2200.00000	9.90965
164	2400.00000	12.45647
164	2600.00000	12.45647
164	2800.00000	12.45647
164	3000.00000	12.45647
164	3200.00000	9.94150
164	3400.00000	9.94150
164	3600.00000	9.94150
164	3800.00000	9.94150
164	4000.00000	12.66818
164	4200.00000	12.66818
164	4400.00000	12.66818
164	4600.00000	12.66818
164	4800.00000	10.15821
164	5000.00000	10.15821
164	5200.00000	10.15821
164	5400.00000	10.67777
164	5600.00000	10.67777
164	5800.00000	10.67777
164	6000.00000	10.67777
164	6200.00000	9.32921
164	6400.00000	9.32921
164	6600.00000	9.32921
164	6800.00000	9.32921
164	7000.00000	9.07785
164	7200.00000	9.07785
164	7400.00000	9.07785
164	7600.00000	9.07785
164	7800.00000	10.12537
164	8000.00000	10.12537
164	8200.00000	10.12537
164	8400.00000	10.12537
164	8600.00000	9.27157
164	8800.00000	9.27157
164	9000.00000	9.27157
164	9200.00000	9.27157
164	9400.00000	12.74674
164	9600.00000	12.74674
164	9800.00000	12.74674
164	10000.00000	11.70201
164	10200.00000	11.70201
164	10400.00000	11.70201
164	10600.00000	11.70201
164	10800.00000	8.15285
164	11000.00000	8.15285
164	11200.00000	8.15285
164	11400.00000	8.15285
164	11600.00000	10.82905
164	11800.00000	10.82905
164	12000.00000	10.82905
164	12200.00000	10.82905
164	12400.00000	10.34046
164	12600.00000	10.34046
164	12800.00000	10.34046
164	13000.00000	10.34046
164	13200.00000	12.85807
164	13400.00000	12.85807
164	13600.00000	12.85807
164	13800.00000	12.85807
164	14000.00000	10.03748
164	14200.00000	10.03748
164	14400.00000	10.03748
164	14600.00000	7.99292
164	14800.00000	7.99292
164	15000.00000	7.99292
164	15200.00000	7.99292
164	15400.00000	9.51259
164	15600.00000	9.51259
164	15800.00000	9.51259
164	16000.00000	9.51259
164	16200.00000	9.09486
164	16400.00000	9.09486
164	16600.00000	9.09486
164	16800.00000	9.09486
164	17000.00000	10.89797
164	17200.00000	10.89797
164	17400.00000	10.89797
164	17600.00000	10.89797
164	17800.00000	8.38249
164	18000.00000	8.38249
164	18200.00000	8.38249
164	18400.00000	8.38249
164	18600.00000	7.15190
164	18800.00000	7.15190
164	19000.00000	7.15190
164	19200.00000	8.70920
164	19400.00000	8.70920
164	19600.00000	8.70920
164	19800.00000	8.70920
164	20000.00000	9.88107
165	0.00000	10.49436
165	200.00000	10.49436
165	400.00000	10.49436
165	600.00000	10.49436
165	800.00000	12.40783
165	1000.00000	12.40783
165	1200.00000	12.40783
165	1400.00000	12.40783
165	1600.00000	10.14947
165	1800.00000	10.14947
165	2000.00000	10.14947
165	2200.00000	10.14947
165	2400.00000	11.57788
165	2600.00000	11.57788
165	2800.00000	11.57788
165	3000.00000	11.57788
165	3200.00000	9.74713
165	3400.00000	9.74713
165	3600.00000	9.74713
165	3800.00000	9.74713
165	4000.00000	11.76937
165	4200.00000	11.76937
165	4400.00000	11.76937
165	4600.00000	11.76937
165	4800.00000	10.55274
165	5000.00000	10.55274
165	5200.00000	10.55274
165	5400.00000	9.59697
165	5600.00000	9.59697
165	5800.00000	9.59697
165	6000.00000	9.59697
165	6200.00000	9.37499
165	6400.00000	9.37499
165	6600.00000	9.37499
165	6800.00000	9.37499
165	7000.00000	9.69243
165	7200.00000	9.69243
165	7400.00000	9.69243
165	7600.00000	9.69243
165	7800.00000	10.59918
165	8000.00000	10.59918
165	8200.00000	10.59918
165	8400.00000	10.59918
165	8600.00000	9.38344
165	8800.00000	9.38344
165	9000.00000	9.38344
165	9200.00000	9.38344
165	9400.00000	11.48222
165	9600.00000	11.48222
165	9800.00000	11.48222
165	10000.00000	10.61629
165	10200.00000	10.61629
165	10400.00000	10.61629
165	10600.00000	10.61629
165	10800.00000	8.56065
165	11000.00000	8.56065
165	11200.00000	8.56065
165	11400.00000	8.56065
165	11600.00000	8.99414
165	11800.00000	8.99414
165	12000.00000	8.99414
165	12200.00000	8.99414
165	12400.00000	10.15532
165	12600.00000	10.15532
165	12800.00000	10.15532
165	13000.00000	10.15532
165	13200.00000	11.03824
165	13400.00000	11.03824
165	13600.00000	11.03824
165	13800.00000	11.03824
165	14000.00000	9.50993
165	14200.00000	9.50993
165	14400.00000	9.50993
165	14600.00000	8.33332
165	14800.00000	8.33332
165	15000.00000	8.33332
165	15200.00000	8.33332
165	15400.00000	9.65239
165	15600.00000	9.65239
165	15800.00000	9.65239
165	16000.00000	9.65239
165	16200.00000	9.39269
165	16400.00000	9.39269
165	16600.00000	9.39269
165	16800.00000	9.39269
165	17000.00000	9.43686
165	17200.00000	9.43686
165	17400.00000	9.43686
165	17600.00000	9.43686
165	17800.00000	8.09853
165	18000.00000	8.09853
165	18200.00000	8.09853
165	18400.00000	8.09853
165	18600.00000	7.90055
165	18800.00000	7.90055
165	19000.00000	7.90055
165	19200.00000	10.75900
165	19400.00000	10.75900
165	19600.00000	10.75900
165	19800.00000	10.75900
165	20000.00000	8.76890
166	0.00000	10.52702
166	200.00000	10.52702
166	400.00000	10.52702
166	600.00000	10.52702
166	800.00000	12.39375
166	1000.00000	12.39375
166	1200.00000	12.39375
166	1400.00000	12.39375
166	1600.00000	10.08583
166	1800.00000	10.08583
166	2000.00000	10.08583
166	2200.00000	10.08583
166	2400.00000	12.18137
166	2600.00000	12.18137
166	2800.00000	12.18137
166	3000.00000	12.18137
166	3200.00000	9.93561
166	3400.00000	9.93561
166	3600.00000	9.93561
166	3800.00000	9.93561
166	4000.00000	11.07482
166	4200.00000	11.07482
166	4400.00000	11.07482
166	4600.00000	11.07482
166	4800.00000	10.88456
166	5000.00000	10.88456
166	5200.00000	10.88456
166	5400.00000	9.66735
166	5600.00000	9.66735
166	5800.00000	9.66735
166	6000.00000	9.66735
166	6200.00000	9.20126
166	6400.00000	9.20126
166	6600.00000	9.20126
166	6800.00000	9.20126
166	7000.00000	9.12802
166	7200.00000	9.12802
166	7400.00000	9.12802
166	7600.00000	9.12802
166	7800.00000	9.62277
166	8000.00000	9.62277
166	8200.00000	9.62277
166	8400.00000	9.62277
166	8600.00000	8.98725
166	8800.00000	8.98725
166	9000.00000	8.98725
166	9200.00000	8.98725
166	9400.00000	10.83901
166	9600.00000	10.83901
166	9800.00000	10.83901
166	10000.00000	10.77775
166	10200.00000	10.77775
166	10400.00000	10.77775
166	10600.00000	10.77775
166	10800.00000	8.23623
166	11000.00000	8.23623
166	11200.00000	8.23623
166	11400.00000	8.23623
166	11600.00000	10.41347
166	11800.00000	10.41347
166	12000.00000	10.41347
166	12200.00000	10.41347
166	12400.00000	9.80951
166	12600.00000	9.80951
166	12800.00000	9.80951
166	13000.00000	9.80951
166	13200.00000	9.27385
166	13400.00000	9.27385
166	13600.00000	9.27385
166	13800.00000	9.27385
166	14000.00000	9.69656
166	14200.00000	9.69656
166	14400.00000	9.69656
166	14600.00000	8.42089
166	14800.00000	8.42089
166	15000.00000	8.42089
166	15200.00000	8.42089
166	15400.00000	9.08059
166	15600.00000	9.08059
166	15800.00000	9.08059
166	16000.00000	9.08059
166	16200.00000	9.74129
166	16400.00000	9.74129
166	16600.00000	9.74129
166	16800.00000	9.74129
166	17000.00000	10.05413
166	17200.00000	10.05413
166	17400.00000	10.05413
166	17600.00000	10.05413
166	17800.00000	9.34630
166	18000.00000	9.34630
166	18200.00000	9.34630
166	18400.00000	9.34630
166	18600.00000	7.46812
166	18800.00000	7.46812
166	19000.00000	7.46812
166	19200.00000	8.68366
166	19400.00000	8.68366
166	19600.00000	8.68366
166	19800.00000	8.68366
166	20000.00000	9.10466
167	0.00000	10.48540
167	200.00000	10.48540
167	400.00000	10.48540
167	600.00000	10.48540
167	800.00000	12.43707
167	1000.00000	12.43707
167	1200.00000	12.43707
167	1400.00000	12.43707
167	1600.00000	10.10089
167	1800.00000	10.10089
167	2000.00000	10.10089
167	2200.00000	10.10089
167	2400.00000	11.72867
167	2600.00000	11.72867
167	2800.00000	11.72867
167	3000.00000	11.72867
167	3200.00000	9.77764
167	3400.00000	9.77764
167	3600.00000	9.77764
167	3800.00000	9.77764
167	4000.00000	11.90879
167	4200.00000	11.90879
167	4400.00000	11.90879
167	4600.00000	11.90879
167	4800.00000	10.76810
167	5000.00000	10.76810
167	5200.00000	10.76810
167	5400.00000	9.71446
167	5600.00000	9.71446
167	5800.00000	9.71446
167	6000.00000	9.71446
167	6200.00000	9.16433
167	6400.00000	9.16433
167	6600.00000	9.16433
167	6800.00000	9.16433
167	7000.00000	9.30658
167	7200.00000	9.30658
167	7400.00000	9.30658
167	7600.00000	9.30658
167	7800.00000	10.70230
167	8000.00000	10.70230
167	8200.00000	10.70230
167	8400.00000	10.70230
167	8600.00000	9.17638
167	8800.00000	9.17638
167	9000.00000	9.17638
167	9200.00000	9.17638
167	9400.00000	10.63965
167	9600.00000	10.63965
167	9800.00000	10.63965
167	10000.00000	11.62691
167	10200.00000	11.62691
167	10400.00000	11.62691
167	10600.00000	11.62691
167	10800.00000	8.26437
167	11000.00000	8.26437
167	11200.00000	8.26437
167	11400.00000	8.26437
167	11600.00000	10.01648
167	11800.00000	10.01648
167	12000.00000	10.01648
167	12200.00000	10.01648
167	12400.00000	9.89357
167	12600.00000	9.89357
167	12800.00000	9.89357
167	13000.00000	9.89357
167	13200.00000	10.32832
167	13400.00000	10.32832
167	13600.00000	10.32832
167	13800.00000	10.32832
167	14000.00000	10.42475
167	14200.00000	10.42475
167	14400.00000	10.42475
167	14600.00000	8.01825
167	14800.00000	8.01825
167	15000.00000	8.01825
167	15200.00000	8.01825
167	15400.00000	8.81416
167	15600.00000	8.81416
167	15800.00000	8.81416
167	16000.00000	8.81416
167	16200.00000	9.40604
167	16400.00000	9.40604
167	16600.00000	9.40604
167	16800.00000	9.40604
167	17000.00000	9.77235
167	17200.00000	9.77235
167	17400.00000	9.77235
167	17600.00000	9.77235
167	17800.00000	8.51541
167	18000.00000	8.51541
167	18200.00000	8.51541
167	18400.00000	8.51541
167	18600.00000	8.62161
167	18800.00000	8.62161
167	19000.00000	8.62161
167	19200.00000	7.64881
167	19400.00000	7.64881
167	19600.00000	7.64881
167	19800.00000	7.64881
167	20000.00000	9.03899
168	0.00000	10.54607
168	200.00000	10.54607
168	400.00000	10.54607
168	600.00000	10.54607
168	800.00000	12.25760
168	1000.00000	12.25760
168	1200.00000	12.25760
168	1400.00000	12.25760
168	1600.00000	10.02247
168	1800.00000	10.02247
168	2000.00000	10.02247
168	2200.00000	10.02247
168	2400.00000	11.58227
168	2600.00000	11.58227
168	2800.00000	11.58227
168	3000.00000	11.58227
168	3200.00000	9.90937
168	3400.00000	9.90937
168	3600.00000	9.90937
168	3800.00000	9.90937
168	4000.00000	11.37438
168	4200.00000	11.37438
168	4400.00000	11.37438
168	4600.00000	11.37438
168	4800.00000	10.92859
168	5000.00000	10.92859
168	5200.00000	10.92859
168	5400.00000	9.58550
168	5600.00000	9.58550
168	5800.00000	9.58550
168	6000.00000	9.58550
168	6200.00000	9.73487
168	6400.00000	9.73487
168	6600.00000	9.73487
168	6800.00000	9.73487
168	7000.00000	9.01430
168	7200.00000	9.01430
168	7400.00000	9.01430
168	7600.00000	9.01430
168	7800.00000	10.31040
168	8000.00000	10.31040
168	8200.00000	10.31040
168	8400.00000	10.31040
168	8600.00000	9.01165
168	8800.00000	9.01165
168	9000.00000	9.01165
168	9200.00000	9.01165
168	9400.00000	11.10639
168	9600.00000	11.10639
168	9800.00000	11.10639
168	10000.00000	10.93536
168	10200.00000	10.93536
168	10400.00000	10.93536
168	10600.00000	10.93536
168	10800.00000	8.45379
168	11000.00000	8.45379
168	11200.00000	8.45379
168	11400.00000	8.45379
168	11600.00000	10.54967
168	11800.00000	10.54967
168	12000.00000	10.54967
168	12200.00000	10.54967
168	12400.00000	10.30692
168	12600.00000	10.30692
168	12800.00000	10.30692
168	13000.00000	10.30692
168	13200.00000	10.01271
168	13400.00000	10.01271
168	13600.00000	10.01271
168	13800.00000	10.01271
168	14000.00000	9.63582
168	14200.00000	9.63582
168	14400.00000	9.63582
168	14600.00000	8.12336
168	14800.00000	8.12336
168	15000.00000	8.12336
168	15200.00000	8.12336
168	15400.00000	10.10789
168	15600.00000	10.10789
168	15800.00000	10.10789
168	16000.00000	10.10789
168	16200.00000	10.67040
168	16400.00000	10.67040
168	16600.00000	10.67040
168	16800.00000	10.67040
168	17000.00000	9.20381
168	17200.00000	9.20381
168	17400.00000	9.20381
168	17600.00000	9.20381
168	17800.00000	7.95769
168	18000.00000	7.95769
168	18200.00000	7.95769
168	18400.00000	7.95769
168	18600.00000	7.95491
168	18800.00000	7.95491
168	19000.00000	7.95491
168	19200.00000	8.83152
168	19400.00000	8.83152
168	19600.00000	8.83152
168	19800.00000	8.83152
168	20000.00000	8.36357
169	0.00000	10.48443
169	200.00000	10.48443
169	400.00000	10.48443
169	600.00000	10.48443
169	800.00000	13.21187
169	1000.00000	13.21187
169	1200.00000	13.21187
169	1400.00000	13.21187
169	1600.00000	10.10905
169	1800.00000	10.10905
169	2000.00000	10.10905
169	2200.00000	10.10905
169	2400.00000	11.50512
169	2600.00000	11.50512
169	2800.00000	11.50512
169	3000.00000	11.50512
169	3200.00000	9.91402
169	3400.00000	9.91402
169	3600.00000	9.91402
169	3800.00000	9.91402
169	4000.00000	10.79784
169	4200.00000	10.79784
169	4400.00000	10.79784
169	4600.00000	10.79784
169	4800.00000	11.70202
169	5000.00000	11.70202
169	5200.00000	11.70202
169	5400.00000	9.39816
169	5600.00000	9.39816
169	5800.00000	9.39816
169	6000.00000	9.39816
169	6200.00000	10.10875
169	6400.00000	10.10875
169	6600.00000	10.10875
169	6800.00000	10.10875
169	7000.00000	9.10483
169	7200.00000	9.10483
169	7400.00000	9.10483
169	7600.00000	9.10483
169	7800.00000	11.00274
169	8000.00000	11.00274
169	8200.00000	11.00274
169	8400.00000	11.00274
169	8600.00000	8.89480
169	8800.00000	8.89480
169	9000.00000	8.89480
169	9200.00000	8.89480
169	9400.00000	11.37043
169	9600.00000	11.37043
169	9800.00000	11.37043
169	10000.00000	11.34710
169	10200.00000	11.34710
169	10400.00000	11.34710
169	10600.00000	11.34710
169	10800.00000	8.81352
169	11000.00000	8.81352
169	11200.00000	8.81352
169	11400.00000	8.81352
169	11600.00000	10.68482
169	11800.00000	10.68482
169	12000.00000	10.68482
169	12200.00000	10.68482
169	12400.00000	9.53775
169	12600.00000	9.53775
169	12800.00000	9.53775
169	13000.00000	9.53775
169	13200.00000	11.90098
169	13400.00000	11.90098
169	13600.00000	11.90098
169	13800.00000	11.90098
169	14000.00000	8.96323
169	14200.00000	8.96323
169	14400.00000	8.96323
169	14600.00000	8.23403
169	14800.00000	8.23403
169	15000.00000	8.23403
169	15200.00000	8.23403
169	15400.00000	9.04291
169	15600.00000	9.04291
169	15800.00000	9.04291
169	16000.00000	9.04291
169	16200.00000	11.87568
169	16400.00000	11.87568
169	16600.00000	11.87568
169	16800.00000	11.87568
169	17000.00000	9.46431
169	17200.00000	9.46431
169	17400.00000	9.46431
169	17600.00000	9.46431
169	17800.00000	8.17654
169	18000.00000	8.17654
169	18200.00000	8.17654
169	18400.00000	8.17654
169	18600.00000	7.13304
169	18800.00000	7.13304
169	19000.00000	7.13304
169	19200.00000	7.83038
169	19400.00000	7.83038
169	19600.00000	7.83038
169	19800.00000	7.83038
169	20000.00000	8.76615
170	0.00000	10.55645
170	200.00000	10.55645
170	400.00000	10.55645
170	600.00000	10.55645
170	800.00000	12.79604
170	1000.00000	12.79604
170	1200.00000	12.79604
170	1400.00000	12.79604
170	1600.00000	10.04184
170	1800.00000	10.04184
170	2000.00000	10.04184
170	2200.00000	10.04184
170	2400.00000	11.38597
170	2600.00000	11.38597
170	2800.00000	11.38597
170	3000.00000	11.38597
170	3200.00000	10.05663
170	3400.00000	10.05663
170	3600.00000	10.05663
170	3800.00000	10.05663
170	4000.00000	11.26808
170	4200.00000	11.26808
170	4400.00000	11.26808
170	4600.00000	11.26808
170	4800.00000	11.55735
170	5000.00000	11.55735
170	5200.00000	11.55735
170	5400.00000	9.49117
170	5600.00000	9.49117
170	5800.00000	9.49117
170	6000.00000	9.49117
170	6200.00000	9.18374
170	6400.00000	9.18374
170	6600.00000	9.18374
170	6800.00000	9.18374
170	7000.00000	9.40662
170	7200.00000	9.40662
170	7400.00000	9.40662
170	7600.00000	9.40662
170	7800.00000	10.23552
170	8000.00000	10.23552
170	8200.00000	10.23552
170	8400.00000	10.23552
170	8600.00000	9.05687
170	8800.00000	9.05687
170	9000.00000	9.05687
170	9200.00000	9.05687
170	9400.00000	10.46393
170	9600.00000	10.46393
170	9800.00000	10.46393
170	10000.00000	10.31782
170	10200.00000	10.31782
170	10400.00000	10.31782
170	10600.00000	10.31782
170	10800.00000	8.47840
170	11000.00000	8.47840
170	11200.00000	8.47840
170	11400.00000	8.47840
170	11600.00000	10.05239
170	11800.00000	10.05239
170	12000.00000	10.05239
170	12200.00000	10.05239
170	12400.00000	10.64401
170	12600.00000	10.64401
170	12800.00000	10.64401
170	13000.00000	10.64401
170	13200.00000	12.08701
170	13400.00000	12.08701
170	13600.00000	12.08701
170	13800.00000	12.08701
170	14000.00000	9.40212
170	14200.00000	9.40212
170	14400.00000	9.40212
170	14600.00000	9.03419
170	14800.00000	9.03419
170	15000.00000	9.03419
170	15200.00000	9.03419
170	15400.00000	8.64134
170	15600.00000	8.64134
170	15800.00000	8.64134
170	16000.00000	8.64134
170	16200.00000	9.08215
170	16400.00000	9.08215
170	16600.00000	9.08215
170	16800.00000	9.08215
170	17000.00000	9.24669
170	17200.00000	9.24669
170	17400.00000	9.24669
170	17600.00000	9.24669
170	17800.00000	8.42967
170	18000.00000	8.42967
170	18200.00000	8.42967
170	18400.00000	8.42967
170	18600.00000	7.87251
170	18800.00000	7.87251
170	19000.00000	7.87251
170	19200.00000	9.63662
170	19400.00000	9.63662
170	19600.00000	9.63662
170	19800.00000	9.63662
170	20000.00000	9.08321
171	0.00000	10.49033
171	200.00000	10.49033
171	400.00000	10.49033
171	600.00000	10.49033
171	800.00000	12.08034
171	1000.00000	12.08034
171	1200.00000	12.08034
171	1400.00000	12.08034
171	1600.00000	10.11399
171	1800.00000	10.11399
171	2000.00000	10.11399
171	2200.00000	10.11399
171	2400.00000	11.67130
171	2600.00000	11.67130
171	2800.00000	11.67130
171	3000.00000	11.67130
171	3200.00000	10.06615
171	3400.00000	10.06615
171	3600.00000	10.06615
171	3800.00000	10.06615
171	4000.00000	11.37344
171	4200.00000	11.37344
171	4400.00000	11.37344
171	4600.00000	11.37344
171	4800.00000	11.03158
171	5000.00000	11.03158
171	5200.00000	11.03158
171	5400.00000	9.45117
171	5600.00000	9.45117
171	5800.00000	9.45117
171	6000.00000	9.45117
171	6200.00000	10.19672
171	6400.00000	10.19672
171	6600.00000	10.19672
171	6800.00000	10.19672
171	7000.00000	9.51610
171	7200.00000	9.51610
171	7400.00000	9.51610
171	7600.00000	9.51610
171	7800.00000	10.24716
171	8000.00000	10.24716
171	8200.00000	10.24716
171	8400.00000	10.24716
171	8600.00000	8.86495
171	8800.00000	8.86495
171	9000.00000	8.86495
171	9200.00000	8.86495
171	9400.00000	10.77631
171	9600.00000	10.77631
171	9800.00000	10.77631
171	10000.00000	11.97917
171	10200.00000	11.97917
171	10400.00000	11.97917
171	10600.00000	11.97917
171	10800.00000	8.47147
171	11000.00000	8.47147
171	11200.00000	8.47147
171	11400.00000	8.47147
171	11600.00000	9.82782
171	11800.00000	9.82782
171	12000.00000	9.82782
171	12200.00000	9.82782
171	12400.00000	10.57529
171	12600.00000	10.57529
171	12800.00000	10.57529
171	13000.00000	10.57529
171	13200.00000	10.30322
171	13400.00000	10.30322
171	13600.00000	10.30322
171	13800.00000	10.30322
171	14000.00000	9.50273
171	14200.00000	9.50273
171	14400.00000	9.50273
171	14600.00000	8.91212
171	14800.00000	8.91212
171	15000.00000	8.91212
171	15200.00000	8.91212
171	15400.00000	9.23992
171	15600.00000	9.23992
171	15800.00000	9.23992
171	16000.00000	9.23992
171	16200.00000	9.14644
171	16400.00000	9.14644
171	16600.00000	9.14644
171	16800.00000	9.14644
171	17000.00000	8.41258
171	17200.00000	8.41258
171	17400.00000	8.41258
171	17600.00000	8.41258
171	17800.00000	8.05647
171	18000.00000	8.05647
171	18200.00000	8.05647
171	18400.00000	8.05647
171	18600.00000	7.66556
171	18800.00000	7.66556
171	19000.00000	7.66556
171	19200.00000	8.32199
171	19400.00000	8.32199
171	19600.00000	8.32199
171	19800.00000	8.32199
171	20000.00000	10.17572
172	0.00000	10.50751
172	200.00000	10.50751
172	400.00000	10.50751
172	600.00000	10.50751
172	800.00000	12.18843
172	1000.00000	12.18843
172	1200.00000	12.18843
172	1400.00000	12.18843
172	1600.00000	10.16372
172	1800.00000	10.16372
172	2000.00000	10.16372
172	2200.00000	10.16372
172	2400.00000	11.74406
172	2600.00000	11.74406
172	2800.00000	11.74406
172	3000.00000	11.74406
172	3200.00000	9.88145
172	3400.00000	9.88145
172	3600.00000	9.88145
172	3800.00000	9.88145
172	4000.00000	11.27318
172	4200.00000	11.27318
172	4400.00000	11.27318
172	4600.00000	11.27318
172	4800.00000	10.66281
172	5000.00000	10.66281
172	5200.00000	10.66281
172	5400.00000	9.98464
172	5600.00000	9.98464
172	5800.00000	9.98464
172	6000.00000	9.98464
172	6200.00000	9.12026
172	6400.00000	9.12026
172	6600.00000	9.12026
172	6800.00000	9.12026
172	7000.00000	8.98444
172	7200.00000	8.98444
172	7400.00000	8.98444
172	7600.00000	8.98444
172	7800.00000	9.99750
172	8000.00000	9.99750
172	8200.00000	9.99750
172	8400.00000	9.99750
172	8600.00000	9.36110
172	8800.00000	9.36110
172	9000.00000	9.36110
172	9200.00000	9.36110
172	9400.00000	10.22055
172	9600.00000	10.22055
172	9800.00000	10.22055
172	10000.00000	10.29551
172	10200.00000	10.29551
172	10400.00000	10.29551
172	10600.00000	10.29551
172	10800.00000	8.59508
172	11000.00000	8.59508
172	11200.00000	8.59508
172	11400.00000	8.59508
172	11600.00000	9.41971
172	11800.00000	9.41971
172	12000.00000	9.41971
172	12200.00000	9.41971
172	12400.00000	10.34639
172	12600.00000	10.34639
172	12800.00000	10.34639
172	13000.00000	10.34639
172	13200.00000	10.11672
172	13400.00000	10.11672
172	13600.00000	10.11672
172	13800.00000	10.11672
172	14000.00000	8.17390
172	14200.00000	8.17390
172	14400.00000	8.17390
172	14600.00000	9.62128
172	14800.00000	9.62128
172	15000.00000	9.62128
172	15200.00000	9.62128
172	15400.00000	8.36219
172	15600.00000	8.36219
172	15800.00000	8.36219
172	16000.00000	8.36219
172	16200.00000	10.38494
172	16400.00000	10.38494
172	16600.00000	10.38494
172	16800.00000	10.38494
172	17000.00000	10.32894
172	17200.00000	10.32894
172	17400.00000	10.32894
172	17600.00000	10.32894
172	17800.00000	8.09009
172	18000.00000	8.09009
172	18200.00000	8.09009
172	18400.00000	8.09009
172	18600.00000	7.98702
172	18800.00000	7.98702
172	19000.00000	7.98702
172	19200.00000	9.56135
172	19400.00000	9.56135
172	19600.00000	9.56135
172	19800.00000	9.56135
172	20000.00000	9.75960
173	0.00000	10.54728
173	200.00000	10.54728
173	400.00000	10.54728
173	600.00000	10.54728
173	800.00000	12.09664
173	1000.00000	12.09664
173	1200.00000	12.09664
173	1400.00000	12.09664
173	1600.00000	10.16343
173	1800.00000	10.16343
173	2000.00000	10.16343
173	2200.00000	10.16343
173	2400.00000	12.36723
173	2600.00000	12.36723
173	2800.00000	12.36723
173	3000.00000	12.36723
173	3200.00000	9.72270
173	3400.00000	9.72270
173	3600.00000	9.72270
173	3800.00000	9.72270
173	4000.00000	12.19295
173	4200.00000	12.19295
173	4400.00000	12.19295
173	4600.00000	12.19295
173	4800.00000	10.53462
173	5000.00000	10.53462
173	5200.00000	10.53462
173	5400.00000	9.83157
173	5600.00000	9.83157
173	5800.00000	9.83157
173	6000.00000	9.83157
173	6200.00000	9.46408
173	6400.00000	9.46408
173	6600.00000	9.46408
173	6800.00000	9.46408
173	7000.00000	8.94366
173	7200.00000	8.94366
173	7400.00000	8.94366
173	7600.00000	8.94366
173	7800.00000	9.46660
173	8000.00000	9.46660
173	8200.00000	9.46660
173	8400.00000	9.46660
173	8600.00000	9.94865
173	8800.00000	9.94865
173	9000.00000	9.94865
173	9200.00000	9.94865
173	9400.00000	10.95985
173	9600.00000	10.95985
173	9800.00000	10.95985
173	10000.00000	11.29936
173	10200.00000	11.29936
173	10400.00000	11.29936
173	10600.00000	11.29936
173	10800.00000	8.60282
173	11000.00000	8.60282
173	11200.00000	8.60282
173	11400.00000	8.60282
173	11600.00000	10.19043
173	11800.00000	10.19043
173	12000.00000	10.19043
173	12200.00000	10.19043
173	12400.00000	11.19569
173	12600.00000	11.19569
173	12800.00000	11.19569
173	13000.00000	11.19569
173	13200.00000	10.73538
173	13400.00000	10.73538
173	13600.00000	10.73538
173	13800.00000	10.73538
173	14000.00000	8.54842
173	14200.00000	8.54842
173	14400.00000	8.54842
173	14600.00000	9.60219
173	14800.00000	9.60219
173	15000.00000	9.60219
173	15200.00000	9.60219
173	15400.00000	10.81528
173	15600.00000	10.81528
173	15800.00000	10.81528
173	16000.00000	10.81528
173	16200.00000	9.50076
173	16400.00000	9.50076
173	16600.00000	9.50076
173	16800.00000	9.50076
173	17000.00000	8.70314
173	17200.00000	8.70314
173	17400.00000	8.70314
173	17600.00000	8.70314
173	17800.00000	8.27341
173	18000.00000	8.27341
173	18200.00000	8.27341
173	18400.00000	8.27341
173	18600.00000	8.35757
173	18800.00000	8.35757
173	19000.00000	8.35757
173	19200.00000	9.22765
173	19400.00000	9.22765
173	19600.00000	9.22765
173	19800.00000	9.22765
173	20000.00000	8.59848
174	0.00000	10.52387
174	200.00000	10.52387
174	400.00000	10.52387
174	600.00000	10.52387
174	800.00000	12.13320
174	1000.00000	12.13320
174	1200.00000	12.13320
174	1400.00000	12.13320
174	1600.00000	10.11702
174	1800.00000	10.11702
174	2000.00000	10.11702
174	2200.00000	10.11702
174	2400.00000	11.86900
174	2600.00000	11.86900
174	2800.00000	11.86900
174	3000.00000	11.86900
174	3200.00000	10.01464
174	3400.00000	10.01464
174	3600.00000	10.01464
174	3800.00000	10.01464
174	4000.00000	10.50323
174	4200.00000	10.50323
174	4400.00000	10.50323
174	4600.00000	10.50323
174	4800.00000	11.77767
174	5000.00000	11.77767
174	5200.00000	11.77767
174	5400.00000	9.21196
174	5600.00000	9.21196
174	5800.00000	9.21196
174	6000.00000	9.21196
174	6200.00000	10.75454
174	6400.00000	10.75454
174	6600.00000	10.75454
174	6800.00000	10.75454
174	7000.00000	8.97036
174	7200.00000	8.97036
174	7400.00000	8.97036
174	7600.00000	8.97036
174	7800.00000	9.94775
174	8000.00000	9.94775
174	8200.00000	9.94775
174	8400.00000	9.94775
174	8600.00000	9.68439
174	8800.00000	9.68439
174	9000.00000	9.68439
174	9200.00000	9.68439
174	9400.00000	10.64790
174	9600.00000	10.64790
174	9800.00000	10.64790
174	10000.00000	10.27858
174	10200.00000	10.27858
174	10400.00000	10.27858
174	10600.00000	10.27858
174	10800.00000	8.36846
174	11000.00000	8.36846
174	11200.00000	8.36846
174	11400.00000	8.36846
174	11600.00000	9.84138
174	11800.00000	9.84138
174	12000.00000	9.84138
174	12200.00000	9.84138
174	12400.00000	10.95876
174	12600.00000	10.95876
174	12800.00000	10.95876
174	13000.00000	10.95876
174	13200.00000	10.17358
174	13400.00000	10.17358
174	13600.00000	10.17358
174	13800.00000	10.17358
174	14000.00000	8.98873
174	14200.00000	8.98873
174	14400.00000	8.98873
174	14600.00000	8.98487
174	14800.00000	8.98487
174	15000.00000	8.98487
174	15200.00000	8.98487
174	15400.00000	9.96703
174	15600.00000	9.96703
174	15800.00000	9.96703
174	16000.00000	9.96703
174	16200.00000	11.57606
174	16400.00000	11.57606
174	16600.00000	11.57606
174	16800.00000	11.57606
174	17000.00000	10.78764
174	17200.00000	10.78764
174	17400.00000	10.78764
174	17600.00000	10.78764
174	17800.00000	7.37235
174	18000.00000	7.37235
174	18200.00000	7.37235
174	18400.00000	7.37235
174	18600.00000	7.48065
174	18800.00000	7.48065
174	19000.00000	7.48065
174	19200.00000	8.03576
174	19400.00000	8.03576
174	19600.00000	8.03576
174	19800.00000	8.03576
174	20000.00000	8.40695
175	0.00000	10.48198
175	200.00000	10.48198
175	400.00000	10.48198
175	600.00000	10.48198
175	800.00000	12.28778
175	1000.00000	12.28778
175	1200.00000	12.28778
175	1400.00000	12.28778
175	1600.00000	10.03319
175	1800.00000	10.03319
175	2000.00000	10.03319
175	2200.00000	10.03319
175	2400.00000	11.42481
175	2600.00000	11.42481
175	2800.00000	11.42481
175	3000.00000	11.42481
175	3200.00000	9.94479
175	3400.00000	9.94479
175	3600.00000	9.94479
175	3800.00000	9.94479
175	4000.00000	10.71606
175	4200.00000	10.71606
175	4400.00000	10.71606
175	4600.00000	10.71606
175	4800.00000	12.09810
175	5000.00000	12.09810
175	5200.00000	12.09810
175	5400.00000	9.35530
175	5600.00000	9.35530
175	5800.00000	9.35530
175	6000.00000	9.35530
175	6200.00000	10.62170
175	6400.00000	10.62170
175	6600.00000	10.62170
175	6800.00000	10.62170
175	7000.00000	8.88920
175	7200.00000	8.88920
175	7400.00000	8.88920
175	7600.00000	8.88920
175	7800.00000	9.12196
175	8000.00000	9.12196
175	8200.00000	9.12196
175	8400.00000	9.12196
175	8600.00000	9.50186
175	8800.00000	9.50186
175	9000.00000	9.50186
175	9200.00000	9.50186
175	9400.00000	10.13437
175	9600.00000	10.13437
175	9800.00000	10.13437
175	10000.00000	11.25638
175	10200.00000	11.25638
175	10400.00000	11.25638
175	10600.00000	11.25638
175	10800.00000	8.51772
175	11000.00000	8.51772
175	11200.00000	8.51772
175	11400.00000	8.51772
175	11600.00000	10.41959
175	11800.00000	10.41959
175	12000.00000	10.41959
175	12200.00000	10.41959
175	12400.00000	10.02503
175	12600.00000	10.02503
175	12800.00000	10.02503
175	13000.00000	10.02503
175	13200.00000	10.56015
175	13400.00000	10.56015
175	13600.00000	10.56015
175	13800.00000	10.56015
175	14000.00000	9.59518
175	14200.00000	9.59518
175	14400.00000	9.59518
175	14600.00000	8.94630
175	14800.00000	8.94630
175	15000.00000	8.94630
175	15200.00000	8.94630
175	15400.00000	9.21479
175	15600.00000	9.21479
175	15800.00000	9.21479
175	16000.00000	9.21479
175	16200.00000	10.55789
175	16400.00000	10.55789
175	16600.00000	10.55789
175	16800.00000	10.55789
175	17000.00000	9.88451
175	17200.00000	9.88451
175	17400.00000	9.88451
175	17600.00000	9.88451
175	17800.00000	7.55854
175	18000.00000	7.55854
175	18200.00000	7.55854
175	18400.00000	7.55854
175	18600.00000	7.94155
175	18800.00000	7.94155
175	19000.00000	7.94155
175	19200.00000	8.47561
175	19400.00000	8.47561
175	19600.00000	8.47561
175	19800.00000	8.47561
175	20000.00000	9.10631
176	0.00000	10.47613
176	200.00000	10.47613
176	400.00000	10.47613
176	600.00000	10.47613
176	800.00000	12.43490
176	1000.00000	12.43490
176	1200.00000	12.43490
176	1400.00000	12.43490
176	1600.00000	10.12361
176	1800.00000	10.12361
176	2000.00000	10.12361
176	2200.00000	10.12361
176	2400.00000	11.74912
176	2600.00000	11.74912
176	2800.00000	11.74912
176	3000.00000	11.74912
176	3200.00000	9.98601
176	3400.00000	9.98601
176	3600.00000	9.98601
176	3800.00000	9.98601
176	4000.00000	10.56445
176	4200.00000	10.56445
176	4400.00000	10.56445
176	4600.00000	10.56445
176	4800.00000	11.32562
176	5000.00000	11.32562
176	5200.00000	11.32562
176	5400.00000	9.30619
176	5600.00000	9.30619
176	5800.00000	9.30619
176	6000.00000	9.30619
176	6200.00000	10.00484
176	6400.00000	10.00484
176	6600.00000	10.00484
176	6800.00000	10.00484
176	7000.00000	8.95665
176	7200.00000	8.95665
176	7400.00000	8.95665
176	7600.00000	8.95665
176	7800.00000	10.18868
176	8000.00000	10.18868
176	8200.00000	10.18868
176	8400.00000	10.18868
176	8600.00000	9.06018
176	8800.00000	9.06018
176	9000.00000	9.06018
176	9200.00000	9.06018
176	9400.00000	11.19131
176	9600.00000	11.19131
176	9800.00000	11.19131
176	10000.00000	12.01377
176	10200.00000	12.01377
176	10400.00000	12.01377
176	10600.00000	12.01377
176	10800.00000	8.54570
176	11000.00000	8.54570
176	11200.00000	8.54570
176	11400.00000	8.54570
176	11600.00000	9.84517
176	11800.00000	9.84517
176	12000.00000	9.84517
176	12200.00000	9.84517
176	12400.00000	10.64042
176	12600.00000	10.64042
176	12800.00000	10.64042
176	13000.00000	10.64042
176	13200.00000	10.09797
176	13400.00000	10.09797
176	13600.00000	10.09797
176	13800.00000	10.09797
176	14000.00000	9.83151
176	14200.00000	9.83151
176	14400.00000	9.83151
176	14600.00000	8.14751
176	14800.00000	8.14751
176	15000.00000	8.14751
176	15200.00000	8.14751
176	15400.00000	9.13919
176	15600.00000	9.13919
176	15800.00000	9.13919
176	16000.00000	9.13919
176	16200.00000	10.62713
176	16400.00000	10.62713
176	16600.00000	10.62713
176	16800.00000	10.62713
176	17000.00000	10.48032
176	17200.00000	10.48032
176	17400.00000	10.48032
176	17600.00000	10.48032
176	17800.00000	8.29131
176	18000.00000	8.29131
176	18200.00000	8.29131
176	18400.00000	8.29131
176	18600.00000	7.73217
176	18800.00000	7.73217
176	19000.00000	7.73217
176	19200.00000	9.23001
176	19400.00000	9.23001
176	19600.00000	9.23001
176	19800.00000	9.23001
176	20000.00000	8.62323
177	0.00000	10.53984
177	200.00000	10.53984
177	400.00000	10.53984
177	600.00000	10.53984
177	800.00000	12.80120
177	1000.00000	12.80120
177	1200.00000	12.80120
177	1400.00000	12.80120
177	1600.00000	10.20139
177	1800.00000	10.20139
177	2000.00000	10.20139
177	2200.00000	10.20139
177	2400.00000	11.80051
177	2600.00000	11.80051
177	2800.00000	11.80051
177	3000.00000	11.80051
177	3200.00000	10.25766
177	3400.00000	10.25766
177	3600.00000	10.25766
177	3800.00000	10.25766
177	4000.00000	10.36059
177	4200.00000	10.36059
177	4400.00000	10.36059
177	4600.00000	10.36059
177	4800.00000	11.42442
177	5000.00000	11.42442
177	5200.00000	11.42442
177	5400.00000	9.27918
177	5600.00000	9.27918
177	5800.00000	9.27918
177	6000.00000	9.27918
177	6200.00000	10.55240
177	6400.00000	10.55240
177	6600.00000	10.55240
177	6800.00000	10.55240
177	7000.00000	8.81917
177	7200.00000	8.81917
177	7400.00000	8.81917
177	7600.00000	8.81917
177	7800.00000	10.07565
177	8000.00000	10.07565
177	8200.00000	10.07565
177	8400.00000	10.07565
177	8600.00000	9.77736
177	8800.00000	9.77736
177	9000.00000	9.77736
177	9200.00000	9.77736
177	9400.00000	11.37472
177	9600.00000	11.37472
177	9800.00000	11.37472
177	10000.00000	11.29639
177	10200.00000	11.29639
177	10400.00000	11.29639
177	10600.00000	11.29639
177	10800.00000	8.70568
177	11000.00000	8.70568
177	11200.00000	8.70568
177	11400.00000	8.70568
177	11600.00000	9.31435
177	11800.00000	9.31435
177	12000.00000	9.31435
177	12200.00000	9.31435
177	12400.00000	9.47322
177	12600.00000	9.47322
177	12800.00000	9.47322
177	13000.00000	9.47322
177	13200.00000	8.50345
177	13400.00000	8.50345
177	13600.00000	8.50345
177	13800.00000	8.50345
177	14000.00000	9.59590
177	14200.00000	9.59590
177	14400.00000	9.59590
177	14600.00000	8.30306
177	14800.00000	8.30306
177	15000.00000	8.30306
177	15200.00000	8.30306
177	15400.00000	11.56385
177	15600.00000	11.56385
177	15800.00000	11.56385
177	16000.00000	11.56385
177	16200.00000	9.46028
177	16400.00000	9.46028
177	16600.00000	9.46028
177	16800.00000	9.46028
177	17000.00000	8.15275
177	17200.00000	8.15275
177	17400.00000	8.15275
177	17600.00000	8.15275
177	17800.00000	7.76333
177	18000.00000	7.76333
177	18200.00000	7.76333
177	18400.00000	7.76333
177	18600.00000	9.95195
177	18800.00000	9.95195
177	19000.00000	9.95195
177	19200.00000	9.79046
177	19400.00000	9.79046
177	19600.00000	9.79046
177	19800.00000	9.79046
177	20000.00000	9.10679
178	0.00000	10.46299
178	200.00000	10.46299
178	400.00000	10.46299
178	600.00000	10.46299
178	800.00000	11.99564
178	1000.00000	11.99564
178	1200.00000	11.99564
178	1400.00000	11.99564
178	1600.00000	10.15819
178	1800.00000	10.15819
178	2000.00000	10.15819
178	2200.00000	10.15819
178	2400.00000	11.81018
178	2600.00000	11.81018
178	2800.00000	11.81018
178	3000.00000	11.81018
178	3200.00000	10.18635
178	3400.00000	10.18635
178	3600.00000	10.18635
178	3800.00000	10.18635
178	4000.00000	10.75603
178	4200.00000	10.75603
178	4400.00000	10.75603
178	4600.00000	10.75603
178	4800.00000	10.25094
178	5000.00000	10.25094
178	5200.00000	10.25094
178	5400.00000	9.72849
178	5600.00000	9.72849
178	5800.00000	9.72849
178	6000.00000	9.72849
178	6200.00000	9.72888
178	6400.00000	9.72888
178	6600.00000	9.72888
178	6800.00000	9.72888
178	7000.00000	9.17227
178	7200.00000	9.17227
178	7400.00000	9.17227
178	7600.00000	9.17227
178	7800.00000	9.50669
178	8000.00000	9.50669
178	8200.00000	9.50669
178	8400.00000	9.50669
178	8600.00000	9.16925
178	8800.00000	9.16925
178	9000.00000	9.16925
178	9200.00000	9.16925
178	9400.00000	10.75040
178	9600.00000	10.75040
178	9800.00000	10.75040
178	10000.00000	10.00637
178	10200.00000	10.00637
178	10400.00000	10.00637
178	10600.00000	10.00637
178	10800.00000	8.59458
178	11000.00000	8.59458
178	11200.00000	8.59458
178	11400.00000	8.59458
178	11600.00000	10.30459
178	11800.00000	10.30459
178	12000.00000	10.30459
178	12200.00000	10.30459
178	12400.00000	10.42651
178	12600.00000	10.42651
178	12800.00000	10.42651
178	13000.00000	10.42651
178	13200.00000	11.90622
178	13400.00000	11.90622
178	13600.00000	11.90622
178	13800.00000	11.90622
178	14000.00000	9.62058
178	14200.00000	9.62058
178	14400.00000	9.62058
178	14600.00000	8.61069
178	14800.00000	8.61069
178	15000.00000	8.61069
178	15200.00000	8.61069
178	15400.00000	8.56641
178	15600.00000	8.56641
178	15800.00000	8.56641
178	16000.00000	8.56641
178	16200.00000	9.25272
178	16400.00000	9.25272
178	16600.00000	9.25272
178	16800.00000	9.25272
178	17000.00000	8.32184
178	17200.00000	8.32184
178	17400.00000	8.32184
178	17600.00000	8.32184
178	17800.00000	8.61072
178	18000.00000	8.61072
178	18200.00000	8.61072
178	18400.00000	8.61072
178	18600.00000	7.55430
178	18800.00000	7.55430
178	19000.00000	7.55430
178	19200.00000	7.75209
178	19400.00000	7.75209
178	19600.00000	7.75209
178	19800.00000	7.75209
178	20000.00000	8.29645
179	0.00000	10.44025
179	200.00000	10.44025
179	400.00000	10.44025
179	600.00000	10.44025
179	800.00000	12.26984
179	1000.00000	12.26984
179	1200.00000	12.26984
179	1400.00000	12.26984
179	1600.00000	10.15905
179	1800.00000	10.15905
179	2000.00000	10.15905
179	2200.00000	10.15905
179	2400.00000	11.84150
179	2600.00000	11.84150
179	2800.00000	11.84150
179	3000.00000	11.84150
179	3200.00000	10.04808
179	3400.00000	10.04808
179	3600.00000	10.04808
179	3800.00000	10.04808
179	4000.00000	10.61365
179	4200.00000	10.61365
179	4400.00000	10.61365
179	4600.00000	10.61365
179	4800.00000	11.28354
179	5000.00000	11.28354
179	5200.00000	11.28354
179	5400.00000	9.77788
179	5600.00000	9.77788
179	5800.00000	9.77788
179	6000.00000	9.77788
179	6200.00000	9.68792
179	6400.00000	9.68792
179	6600.00000	9.68792
179	6800.00000	9.68792
179	7000.00000	9.43955
179	7200.00000	9.43955
179	7400.00000	9.43955
179	7600.00000	9.43955
179	7800.00000	9.50973
179	8000.00000	9.50973
179	8200.00000	9.50973
179	8400.00000	9.50973
179	8600.00000	9.44432
179	8800.00000	9.44432
179	9000.00000	9.44432
179	9200.00000	9.44432
179	9400.00000	10.64982
179	9600.00000	10.64982
179	9800.00000	10.64982
179	10000.00000	11.01799
179	10200.00000	11.01799
179	10400.00000	11.01799
179	10600.00000	11.01799
179	10800.00000	8.87752
179	11000.00000	8.87752
179	11200.00000	8.87752
179	11400.00000	8.87752
179	11600.00000	9.75173
179	11800.00000	9.75173
179	12000.00000	9.75173
179	12200.00000	9.75173
179	12400.00000	10.75908
179	12600.00000	10.75908
179	12800.00000	10.75908
179	13000.00000	10.75908
179	13200.00000	10.65036
179	13400.00000	10.65036
179	13600.00000	10.65036
179	13800.00000	10.65036
179	14000.00000	9.84281
179	14200.00000	9.84281
179	14400.00000	9.84281
179	14600.00000	9.77468
179	14800.00000	9.77468
179	15000.00000	9.77468
179	15200.00000	9.77468
179	15400.00000	8.63082
179	15600.00000	8.63082
179	15800.00000	8.63082
179	16000.00000	8.63082
179	16200.00000	9.90370
179	16400.00000	9.90370
179	16600.00000	9.90370
179	16800.00000	9.90370
179	17000.00000	9.31357
179	17200.00000	9.31357
179	17400.00000	9.31357
179	17600.00000	9.31357
179	17800.00000	8.94532
179	18000.00000	8.94532
179	18200.00000	8.94532
179	18400.00000	8.94532
179	18600.00000	7.84069
179	18800.00000	7.84069
179	19000.00000	7.84069
179	19200.00000	8.25138
179	19400.00000	8.25138
179	19600.00000	8.25138
179	19800.00000	8.25138
179	20000.00000	7.49564
180	0.00000	10.56659
180	200.00000	10.56659
180	400.00000	10.56659
180	600.00000	10.56659
180	800.00000	12.06630
180	1000.00000	12.06630
180	1200.00000	12.06630
180	1400.00000	12.06630
180	1600.00000	10.10418
180	1800.00000	10.10418
180	2000.00000	10.10418
180	2200.00000	10.10418
180	2400.00000	12.57205
180	2600.00000	12.57205
180	2800.00000	12.57205
180	3000.00000	12.57205
180	3200.00000	10.35478
180	3400.00000	10.35478
180	3600.00000	10.35478
180	3800.00000	10.35478
180	4000.00000	10.17136
180	4200.00000	10.17136
180	4400.00000	10.17136
180	4600.00000	10.17136
180	4800.00000	12.29929
180	5000.00000	12.29929
180	5200.00000	12.29929
180	5400.00000	9.54715
180	5600.00000	9.54715
180	5800.00000	9.54715
180	6000.00000	9.54715
180	6200.00000	9.74700
180	6400.00000	9.74700
180	6600.00000	9.74700
180	6800.00000	9.74700
180	7000.00000	9.01707
180	7200.00000	9.01707
180	7400.00000	9.01707
180	7600.00000	9.01707
180	7800.00000	9.24547
180	8000.00000	9.24547
180	8200.00000	9.24547
180	8400.00000	9.24547
180	8600.00000	9.08796
180	8800.00000	9.08796
180	9000.00000	9.08796
180	9200.00000	9.08796
180	9400.00000	11.25725
180	9600.00000	11.25725
180	9800.00000	11.25725
180	10000.00000	9.94040
180	10200.00000	9.94040
180	10400.00000	9.94040
180	10600.00000	9.94040
180	10800.00000	8.58679
180	11000.00000	8.58679
180	11200.00000	8.58679
180	11400.00000	8.58679
180	11600.00000	10.60618
180	11800.00000	10.60618
180	12000.00000	10.60618
180	12200.00000	10.60618
180	12400.00000	11.09929
180	12600.00000	11.09929
180	12800.00000	11.09929
180	13000.00000	11.09929
180	13200.00000	10.06471
180	13400.00000	10.06471
180	13600.00000	10.06471
180	13800.00000	10.06471
180	14000.00000	9.55890
180	14200.00000	9.55890
180	14400.00000	9.55890
180	14600.00000	8.38483
180	14800.00000	8.38483
180	15000.00000	8.38483
180	15200.00000	8.38483
180	15400.00000	8.58707
180	15600.00000	8.58707
180	15800.00000	8.58707
180	16000.00000	8.58707
180	16200.00000	8.43094
180	16400.00000	8.43094
180	16600.00000	8.43094
180	16800.00000	8.43094
180	17000.00000	9.90599
180	17200.00000	9.90599
180	17400.00000	9.90599
180	17600.00000	9.90599
180	17800.00000	10.08533
180	18000.00000	10.08533
180	18200.00000	10.08533
180	18400.00000	10.08533
180	18600.00000	7.55930
180	18800.00000	7.55930
180	19000.00000	7.55930
180	19200.00000	7.40027
180	19400.00000	7.40027
180	19600.00000	7.40027
180	19800.00000	7.40027
180	20000.00000	8.09798
181	0.00000	10.53038
181	200.00000	10.53038
181	400.00000	10.53038
181	600.00000	10.53038
181	800.00000	12.22965
181	1000.00000	12.22965
181	1200.00000	12.22965
181	1400.00000	12.22965
181	1600.00000	10.13073
181	1800.00000	10.13073
181	2000.00000	10.13073
181	2200.00000	10.13073
181	2400.00000	11.68002
181	2600.00000	11.68002
181	2800.00000	11.68002
181	3000.00000	11.68002
181	3200.00000	10.12878
181	3400.00000	10.12878
181	3600.00000	10.12878
181	3800.00000	10.12878
181	4000.00000	10.67480
181	4200.00000	10.67480
181	4400.00000	10.67480
181	4600.00000	10.67480
181	4800.00000	11.07006
181	5000.00000	11.07006
181	5200.00000	11.07006
181	5400.00000	9.68108
181	5600.00000	9.68108
181	5800.00000	9.68108
181	6000.00000	9.68108
181	6200.00000	9.52331
181	6400.00000	9.52331
181	6600.00000	9.52331
181	6800.00000	9.52331
181	7000.00000	9.18744
181	7200.00000	9.18744
181	7400.00000	9.18744
181	7600.00000	9.18744
181	7800.00000	9.97227
181	8000.00000	9.97227
181	8200.00000	9.97227
181	8400.00000	9.97227
181	8600.00000	9.41141
181	8800.00000	9.41141
181	9000.00000	9.41141
181	9200.00000	9.41141
181	9400.00000	10.81398
181	9600.00000	10.81398
181	9800.00000	10.81398
181	10000.00000	10.48097
181	10200.00000	10.48097
181	10400.00000	10.48097
181	10600.00000	10.48097
181	10800.00000	8.99988
181	11000.00000	8.99988
181	11200.00000	8.99988
181	11400.00000	8.99988
181	11600.00000	10.11029
181	11800.00000	10.11029
181	12000.00000	10.11029
181	12200.00000	10.11029
181	12400.00000	9.86732
181	12600.00000	9.86732
181	12800.00000	9.86732
181	13000.00000	9.86732
181	13200.00000	9.62399
181	13400.00000	9.62399
181	13600.00000	9.62399
181	13800.00000	9.62399
181	14000.00000	8.93337
181	14200.00000	8.93337
181	14400.00000	8.93337
181	14600.00000	9.37524
181	14800.00000	9.37524
181	15000.00000	9.37524
181	15200.00000	9.37524
181	15400.00000	8.73308
181	15600.00000	8.73308
181	15800.00000	8.73308
181	16000.00000	8.73308
181	16200.00000	9.75106
181	16400.00000	9.75106
181	16600.00000	9.75106
181	16800.00000	9.75106
181	17000.00000	9.35582
181	17200.00000	9.35582
181	17400.00000	9.35582
181	17600.00000	9.35582
181	17800.00000	8.63162
181	18000.00000	8.63162
181	18200.00000	8.63162
181	18400.00000	8.63162
181	18600.00000	8.17161
181	18800.00000	8.17161
181	19000.00000	8.17161
181	19200.00000	9.26316
181	19400.00000	9.26316
181	19600.00000	9.26316
181	19800.00000	9.26316
181	20000.00000	9.21475
182	0.00000	10.54037
182	200.00000	10.54037
182	400.00000	10.54037
182	600.00000	10.54037
182	800.00000	12.29525
182	1000.00000	12.29525
182	1200.00000	12.29525
182	1400.00000	12.29525
182	1600.00000	10.16173
182	1800.00000	10.16173
182	2000.00000	10.16173
182	2200.00000	10.16173
182	2400.00000	11.62376
182	2600.00000	11.62376
182	2800.00000	11.62376
182	3000.00000	11.62376
182	3200.00000	9.98067
182	3400.00000	9.98067
182	3600.00000	9.98067
182	3800.00000	9.98067
182	4000.00000	10.25197
182	4200.00000	10.25197
182	4400.00000	10.25197
182	4600.00000	10.25197
182	4800.00000	11.50182
182	5000.00000	11.50182
182	5200.00000	11.50182
182	5400.00000	9.50586
182	5600.00000	9.50586
182	5800.00000	9.50586
182	6000.00000	9.50586
182	6200.00000	9.64622
182	6400.00000	9.64622
182	6600.00000	9.64622
182	6800.00000	9.64622
182	7000.00000	9.15820
182	7200.00000	9.15820
182	7400.00000	9.15820
182	7600.00000	9.15820
182	7800.00000	10.24188
182	8000.00000	10.24188
182	8200.00000	10.24188
182	8400.00000	10.24188
182	8600.00000	9.19177
182	8800.00000	9.19177
182	9000.00000	9.19177
182	9200.00000	9.19177
182	9400.00000	10.59036
182	9600.00000	10.59036
182	9800.00000	10.59036
182	10000.00000	10.15854
182	10200.00000	10.15854
182	10400.00000	10.15854
182	10600.00000	10.15854
182	10800.00000	8.57954
182	11000.00000	8.57954
182	11200.00000	8.57954
182	11400.00000	8.57954
182	11600.00000	10.51410
182	11800.00000	10.51410
182	12000.00000	10.51410
182	12200.00000	10.51410
182	12400.00000	9.95740
182	12600.00000	9.95740
182	12800.00000	9.95740
182	13000.00000	9.95740
182	13200.00000	10.24151
182	13400.00000	10.24151
182	13600.00000	10.24151
182	13800.00000	10.24151
182	14000.00000	10.10960
182	14200.00000	10.10960
182	14400.00000	10.10960
182	14600.00000	8.26518
182	14800.00000	8.26518
182	15000.00000	8.26518
182	15200.00000	8.26518
182	15400.00000	8.12001
182	15600.00000	8.12001
182	15800.00000	8.12001
182	16000.00000	8.12001
182	16200.00000	9.00329
182	16400.00000	9.00329
182	16600.00000	9.00329
182	16800.00000	9.00329
182	17000.00000	9.38198
182	17200.00000	9.38198
182	17400.00000	9.38198
182	17600.00000	9.38198
182	17800.00000	8.45197
182	18000.00000	8.45197
182	18200.00000	8.45197
182	18400.00000	8.45197
182	18600.00000	8.29966
182	18800.00000	8.29966
182	19000.00000	8.29966
182	19200.00000	11.31738
182	19400.00000	11.31738
182	19600.00000	11.31738
182	19800.00000	11.31738
182	20000.00000	8.46885
183	0.00000	10.45467
183	200.00000	10.45467
183	400.00000	10.45467
183	600.00000	10.45467
183	800.00000	12.18971
183	1000.00000	12.18971
183	1200.00000	12.18971
183	1400.00000	12.18971
183	1600.00000	10.21194
183	1800.00000	10.21194
183	2000.00000	10.21194
183	2200.00000	10.21194
183	2400.00000	11.63970
183	2600.00000	11.63970
183	2800.00000	11.63970
183	3000.00000	11.63970
183	3200.00000	10.16890
183	3400.00000	10.16890
183	3600.00000	10.16890
183	3800.00000	10.16890
183	4000.00000	10.39139
183	4200.00000	10.39139
183	4400.00000	10.39139
183	4600.00000	10.39139
183	4800.00000	11.02588
183	5000.00000	11.02588
183	5200.00000	11.02588
183	5400.00000	9.44787
183	5600.00000	9.44787
183	5800.00000	9.44787
183	6000.00000	9.44787
183	6200.00000	9.91548
183	6400.00000	9.91548
183	6600.00000	9.91548
183	6800.00000	9.91548
183	7000.00000	8.91081
183	7200.00000	8.91081
183	7400.00000	8.91081
183	7600.00000	8.91081
183	7800.00000	11.06539
183	8000.00000	11.06539
183	8200.00000	11.06539
183	8400.00000	11.06539
183	8600.00000	9.04693
183	8800.00000	9.04693
183	9000.00000	9.04693
183	9200.00000	9.04693
183	9400.00000	12.18456
183	9600.00000	12.18456
183	9800.00000	12.18456
183	10000.00000	10.71107
183	10200.00000	10.71107
183	10400.00000	10.71107
183	10600.00000	10.71107
183	10800.00000	8.38969
183	11000.00000	8.38969
183	11200.00000	8.38969
183	11400.00000	8.38969
183	11600.00000	10.94184
183	11800.00000	10.94184
183	12000.00000	10.94184
183	12200.00000	10.94184
183	12400.00000	9.17304
183	12600.00000	9.17304
183	12800.00000	9.17304
183	13000.00000	9.17304
183	13200.00000	10.72266
183	13400.00000	10.72266
183	13600.00000	10.72266
183	13800.00000	10.72266
183	14000.00000	9.92058
183	14200.00000	9.92058
183	14400.00000	9.92058
183	14600.00000	9.02365
183	14800.00000	9.02365
183	15000.00000	9.02365
183	15200.00000	9.02365
183	15400.00000	8.34916
183	15600.00000	8.34916
183	15800.00000	8.34916
183	16000.00000	8.34916
183	16200.00000	11.93114
183	16400.00000	11.93114
183	16600.00000	11.93114
183	16800.00000	11.93114
183	17000.00000	11.12301
183	17200.00000	11.12301
183	17400.00000	11.12301
183	17600.00000	11.12301
183	17800.00000	9.81103
183	18000.00000	9.81103
183	18200.00000	9.81103
183	18400.00000	9.81103
183	18600.00000	7.52941
183	18800.00000	7.52941
183	19000.00000	7.52941
183	19200.00000	8.48295
183	19400.00000	8.48295
183	19600.00000	8.48295
183	19800.00000	8.48295
183	20000.00000	8.33234
184	0.00000	10.48054
184	200.00000	10.48054
184	400.00000	10.48054
184	600.00000	10.48054
184	800.00000	12.70244
184	1000.00000	12.70244
184	1200.00000	12.70244
184	1400.00000	12.70244
184	1600.00000	10.11853
184	1800.00000	10.11853
184	2000.00000	10.11853
184	2200.00000	10.11853
184	2400.00000	11.17299
184	2600.00000	11.17299
184	2800.00000	11.17299
184	3000.00000	11.17299
184	3200.00000	10.28869
184	3400.00000	10.28869
184	3600.00000	10.28869
184	3800.00000	10.28869
184	4000.00000	10.49592
184	4200.00000	10.49592
184	4400.00000	10.49592
184	4600.00000	10.49592
184	4800.00000	11.10355
184	5000.00000	11.10355
184	5200.00000	11.10355
184	5400.00000	9.60046
184	5600.00000	9.60046
184	5800.00000	9.60046
184	6000.00000	9.60046
184	6200.00000	9.84918
184	6400.00000	9.84918
184	6600.00000	9.84918
184	6800.00000	9.84918
184	7000.00000	9.06716
184	7200.00000	9.06716
184	7400.00000	9.06716
184	7600.00000	9.06716
184	7800.00000	10.01857
184	8000.00000	10.01857
184	8200.00000	10.01857
184	8400.00000	10.01857
184	8600.00000	9.31178
184	8800.00000	9.31178
184	9000.00000	9.31178
184	9200.00000	9.31178
184	9400.00000	10.51668
184	9600.00000	10.51668
184	9800.00000	10.51668
184	10000.00000	10.36733
184	10200.00000	10.36733
184	10400.00000	10.36733
184	10600.00000	10.36733
184	10800.00000	8.79365
184	11000.00000	8.79365
184	11200.00000	8.79365
184	11400.00000	8.79365
184	11600.00000	9.36067
184	11800.00000	9.36067
184	12000.00000	9.36067
184	12200.00000	9.36067
184	12400.00000	9.84615
184	12600.00000	9.84615
184	12800.00000	9.84615
184	13000.00000	9.84615
184	13200.00000	9.24700
184	13400.00000	9.24700
184	13600.00000	9.24700
184	13800.00000	9.24700
184	14000.00000	8.88684
184	14200.00000	8.88684
184	14400.00000	8.88684
184	14600.00000	9.16359
184	14800.00000	9.16359
184	15000.00000	9.16359
184	15200.00000	9.16359
184	15400.00000	8.63359
184	15600.00000	8.63359
184	15800.00000	8.63359
184	16000.00000	8.63359
184	16200.00000	9.12387
184	16400.00000	9.12387
184	16600.00000	9.12387
184	16800.00000	9.12387
184	17000.00000	9.38481
184	17200.00000	9.38481
184	17400.00000	9.38481
184	17600.00000	9.38481
184	17800.00000	9.39384
184	18000.00000	9.39384
184	18200.00000	9.39384
184	18400.00000	9.39384
184	18600.00000	7.40355
184	18800.00000	7.40355
184	19000.00000	7.40355
184	19200.00000	10.25772
184	19400.00000	10.25772
184	19600.00000	10.25772
184	19800.00000	10.25772
184	20000.00000	10.29957
185	0.00000	10.52146
185	200.00000	10.52146
185	400.00000	10.52146
185	600.00000	10.52146
185	800.00000	12.07447
185	1000.00000	12.07447
185	1200.00000	12.07447
185	1400.00000	12.07447
185	1600.00000	10.14812
185	1800.00000	10.14812
185	2000.00000	10.14812
185	2200.00000	10.14812
185	2400.00000	11.65985
185	2600.00000	11.65985
185	2800.00000	11.65985
185	3000.00000	11.65985
185	3200.00000	10.08870
185	3400.00000	10.08870
185	3600.00000	10.08870
185	3800.00000	10.08870
185	4000.00000	10.73712
185	4200.00000	10.73712
185	4400.00000	10.73712
185	4600.00000	10.73712
185	4800.00000	10.87070
185	5000.00000	10.87070
185	5200.00000	10.87070
185	5400.00000	9.59422
185	5600.00000	9.59422
185	5800.00000	9.59422
185	6000.00000	9.59422
185	6200.00000	9.40247
185	6400.00000	9.40247
185	6600.00000	9.40247
185	6800.00000	9.40247
185	7000.00000	9.79891
185	7200.00000	9.79891
185	7400.00000	9.79891
185	7600.00000	9.79891
185	7800.00000	10.07274
185	8000.00000	10.07274
185	8200.00000	10.07274
185	8400.00000	10.07274
185	8600.00000	9.17330
185	8800.00000	9.17330
185	9000.00000	9.17330
185	9200.00000	9.17330
185	9400.00000	11.31131
185	9600.00000	11.31131
185	9800.00000	11.31131
185	10000.00000	10.59568
185	10200.00000	10.59568
185	10400.00000	10.59568
185	10600.00000	10.59568
185	10800.00000	8.66281
185	11000.00000	8.66281
185	11200.00000	8.66281
185	11400.00000	8.66281
185	11600.00000	9.57291
185	11800.00000	9.57291
185	12000.00000	9.57291
185	12200.00000	9.57291
185	12400.00000	9.41537
185	12600.00000	9.41537
185	12800.00000	9.41537
185	13000.00000	9.41537
185	13200.00000	9.79201
185	13400.00000	9.79201
185	13600.00000	9.79201
185	13800.00000	9.79201
185	14000.00000	9.82519
185	14200.00000	9.82519
185	14400.00000	9.82519
185	14600.00000	8.30714
185	14800.00000	8.30714
185	15000.00000	8.30714
185	15200.00000	8.30714
185	15400.00000	8.87264
185	15600.00000	8.87264
185	15800.00000	8.87264
185	16000.00000	8.87264
185	16200.00000	9.30329
185	16400.00000	9.30329
185	16600.00000	9.30329
185	16800.00000	9.30329
185	17000.00000	9.18879
185	17200.00000	9.18879
185	17400.00000	9.18879
185	17600.00000	9.18879
185	17800.00000	8.99592
185	18000.00000	8.99592
185	18200.00000	8.99592
185	18400.00000	8.99592
185	18600.00000	8.22062
185	18800.00000	8.22062
185	19000.00000	8.22062
185	19200.00000	8.42239
185	19400.00000	8.42239
185	19600.00000	8.42239
185	19800.00000	8.42239
185	20000.00000	8.67626
186	0.00000	10.57906
186	200.00000	10.57906
186	400.00000	10.57906
186	600.00000	10.57906
186	800.00000	11.64164
186	1000.00000	11.64164
186	1200.00000	11.64164
186	1400.00000	11.64164
186	1600.00000	10.11121
186	1800.00000	10.11121
186	2000.00000	10.11121
186	2200.00000	10.11121
186	2400.00000	11.57704
186	2600.00000	11.57704
186	2800.00000	11.57704
186	3000.00000	11.57704
186	3200.00000	10.10924
186	3400.00000	10.10924
186	3600.00000	10.10924
186	3800.00000	10.10924
186	4000.00000	10.74744
186	4200.00000	10.74744
186	4400.00000	10.74744
186	4600.00000	10.74744
186	4800.00000	11.39231
186	5000.00000	11.39231
186	5200.00000	11.39231
186	5400.00000	9.62921
186	5600.00000	9.62921
186	5800.00000	9.62921
186	6000.00000	9.62921
186	6200.00000	9.96111
186	6400.00000	9.96111
186	6600.00000	9.96111
186	6800.00000	9.96111
186	7000.00000	8.98335
186	7200.00000	8.98335
186	7400.00000	8.98335
186	7600.00000	8.98335
186	7800.00000	10.41743
186	8000.00000	10.41743
186	8200.00000	10.41743
186	8400.00000	10.41743
186	8600.00000	9.28773
186	8800.00000	9.28773
186	9000.00000	9.28773
186	9200.00000	9.28773
186	9400.00000	10.68814
186	9600.00000	10.68814
186	9800.00000	10.68814
186	10000.00000	10.75730
186	10200.00000	10.75730
186	10400.00000	10.75730
186	10600.00000	10.75730
186	10800.00000	8.83766
186	11000.00000	8.83766
186	11200.00000	8.83766
186	11400.00000	8.83766
186	11600.00000	10.46444
186	11800.00000	10.46444
186	12000.00000	10.46444
186	12200.00000	10.46444
186	12400.00000	9.66372
186	12600.00000	9.66372
186	12800.00000	9.66372
186	13000.00000	9.66372
186	13200.00000	8.85916
186	13400.00000	8.85916
186	13600.00000	8.85916
186	13800.00000	8.85916
186	14000.00000	8.82653
186	14200.00000	8.82653
186	14400.00000	8.82653
186	14600.00000	9.44475
186	14800.00000	9.44475
186	15000.00000	9.44475
186	15200.00000	9.44475
186	15400.00000	8.84553
186	15600.00000	8.84553
186	15800.00000	8.84553
186	16000.00000	8.84553
186	16200.00000	9.53534
186	16400.00000	9.53534
186	16600.00000	9.53534
186	16800.00000	9.53534
186	17000.00000	9.41025
186	17200.00000	9.41025
186	17400.00000	9.41025
186	17600.00000	9.41025
186	17800.00000	9.59417
186	18000.00000	9.59417
186	18200.00000	9.59417
186	18400.00000	9.59417
186	18600.00000	9.41565
186	18800.00000	9.41565
186	19000.00000	9.41565
186	19200.00000	7.74739
186	19400.00000	7.74739
186	19600.00000	7.74739
186	19800.00000	7.74739
186	20000.00000	8.09811
187	0.00000	10.48722
187	200.00000	10.48722
187	400.00000	10.48722
187	600.00000	10.48722
187	800.00000	12.17451
187	1000.00000	12.17451
187	1200.00000	12.17451
187	1400.00000	12.17451
187	1600.00000	10.13664
187	1800.00000	10.13664
187	2000.00000	10.13664
187	2200.00000	10.13664
187	2400.00000	12.04720
187	2600.00000	12.04720
187	2800.00000	12.04720
187	3000.00000	12.04720
187	3200.00000	10.06742
187	3400.00000	10.06742
187	3600.00000	10.06742
187	3800.00000	10.06742
187	4000.00000	10.48055
187	4200.00000	10.48055
187	4400.00000	10.48055
187	4600.00000	10.48055
187	4800.00000	11.24951
187	5000.00000	11.24951
187	5200.00000	11.24951
187	5400.00000	9.71580
187	5600.00000	9.71580
187	5800.00000	9.71580
187	6000.00000	9.71580
187	6200.00000	9.77721
187	6400.00000	9.77721
187	6600.00000	9.77721
187	6800.00000	9.77721
187	7000.00000	9.24667
187	7200.00000	9.24667
187	7400.00000	9.24667
187	7600.00000	9.24667
187	7800.00000	9.83336
187	8000.00000	9.83336
187	8200.00000	9.83336
187	8400.00000	9.83336
187	8600.00000	9.28289
187	8800.00000	9.28289
187	9000.00000	9.28289
187	9200.00000	9.28289
187	9400.00000	11.82235
187	9600.00000	11.82235
187	9800.00000	11.82235
187	10000.00000	11.12554
187	10200.00000	11.12554
187	10400.00000	11.12554
187	10600.00000	11.12554
187	10800.00000	8.72733
187	11000.00000	8.72733
187	11200.00000	8.72733
187	11400.00000	8.72733
187	11600.00000	9.60876
187	11800.00000	9.60876
187	12000.00000	9.60876
187	12200.00000	9.60876
187	12400.00000	9.33542
187	12600.00000	9.33542
187	12800.00000	9.33542
187	13000.00000	9.33542
187	13200.00000	9.43095
187	13400.00000	9.43095
187	13600.00000	9.43095
187	13800.00000	9.43095
187	14000.00000	11.64442
187	14200.00000	11.64442
187	14400.00000	11.64442
187	14600.00000	9.25068
187	14800.00000	9.25068
187	15000.00000	9.25068
187	15200.00000	9.25068
187	15400.00000	8.26618
187	15600.00000	8.26618
187	15800.00000	8.26618
187	16000.00000	8.26618
187	16200.00000	9.65878
187	16400.00000	9.65878
187	16600.00000	9.65878
187	16800.00000	9.65878
187	17000.00000	10.49631
187	17200.00000	10.49631
187	17400.00000	10.49631
187	17600.00000	10.49631
187	17800.00000	10.47904
187	18000.00000	10.47904
187	18200.00000	10.47904
187	18400.00000	10.47904
187	18600.00000	8.98500
187	18800.00000	8.98500
187	19000.00000	8.98500
187	19200.00000	7.73054
187	19400.00000	7.73054
187	19600.00000	7.73054
187	19800.00000	7.73054
187	20000.00000	9.32600
188	0.00000	10.54714
188	200.00000	10.54714
188	400.00000	10.54714
188	600.00000	10.54714
188	800.00000	12.09914
188	1000.00000	12.09914
188	1200.00000	12.09914
188	1400.00000	12.09914
188	1600.00000	10.06464
188	1800.00000	10.06464
188	2000.00000	10.06464
188	2200.00000	10.06464
188	2400.00000	11.78843
188	2600.00000	11.78843
188	2800.00000	11.78843
188	3000.00000	11.78843
188	3200.00000	10.12885
188	3400.00000	10.12885
188	3600.00000	10.12885
188	3800.00000	10.12885
188	4000.00000	10.48615
188	4200.00000	10.48615
188	4400.00000	10.48615
188	4600.00000	10.48615
188	4800.00000	10.78778
188	5000.00000	10.78778
188	5200.00000	10.78778
188	5400.00000	9.66952
188	5600.00000	9.66952
188	5800.00000	9.66952
188	6000.00000	9.66952
188	6200.00000	9.36835
188	6400.00000	9.36835
188	6600.00000	9.36835
188	6800.00000	9.36835
188	7000.00000	9.46483
188	7200.00000	9.46483
188	7400.00000	9.46483
188	7600.00000	9.46483
188	7800.00000	10.58587
188	8000.00000	10.58587
188	8200.00000	10.58587
188	8400.00000	10.58587
188	8600.00000	8.96922
188	8800.00000	8.96922
188	9000.00000	8.96922
188	9200.00000	8.96922
188	9400.00000	11.14381
188	9600.00000	11.14381
188	9800.00000	11.14381
188	10000.00000	10.76881
188	10200.00000	10.76881
188	10400.00000	10.76881
188	10600.00000	10.76881
188	10800.00000	8.50320
188	11000.00000	8.50320
188	11200.00000	8.50320
188	11400.00000	8.50320
188	11600.00000	9.47807
188	11800.00000	9.47807
188	12000.00000	9.47807
188	12200.00000	9.47807
188	12400.00000	9.70439
188	12600.00000	9.70439
188	12800.00000	9.70439
188	13000.00000	9.70439
188	13200.00000	9.58453
188	13400.00000	9.58453
188	13600.00000	9.58453
188	13800.00000	9.58453
188	14000.00000	9.94992
188	14200.00000	9.94992
188	14400.00000	9.94992
188	14600.00000	8.80488
188	14800.00000	8.80488
188	15000.00000	8.80488
188	15200.00000	8.80488
188	15400.00000	8.50470
188	15600.00000	8.50470
188	15800.00000	8.50470
188	16000.00000	8.50470
188	16200.00000	8.93472
188	16400.00000	8.93472
188	16600.00000	8.93472
188	16800.00000	8.93472
188	17000.00000	9.86898
188	17200.00000	9.86898
188	17400.00000	9.86898
188	17600.00000	9.86898
188	17800.00000	8.39998
188	18000.00000	8.39998
188	18200.00000	8.39998
188	18400.00000	8.39998
188	18600.00000	8.65463
188	18800.00000	8.65463
188	19000.00000	8.65463
188	19200.00000	7.74564
188	19400.00000	7.74564
188	19600.00000	7.74564
188	19800.00000	7.74564
188	20000.00000	9.32851
189	0.00000	10.52727
189	200.00000	10.52727
189	400.00000	10.52727
189	600.00000	10.52727
189	800.00000	11.96160
189	1000.00000	11.96160
189	1200.00000	11.96160
189	1400.00000	11.96160
189	1600.00000	10.11587
189	1800.00000	10.11587
189	2000.00000	10.11587
189	2200.00000	10.11587
189	2400.00000	11.72043
189	2600.00000	11.72043
189	2800.00000	11.72043
189	3000.00000	11.72043
189	3200.00000	9.93111
189	3400.00000	9.93111
189	3600.00000	9.93111
189	3800.00000	9.93111
189	4000.00000	10.46939
189	4200.00000	10.46939
189	4400.00000	10.46939
189	4600.00000	10.46939
189	4800.00000	11.12253
189	5000.00000	11.12253
189	5200.00000	11.12253
189	5400.00000	9.41600
189	5600.00000	9.41600
189	5800.00000	9.41600
189	6000.00000	9.41600
189	6200.00000	9.24876
189	6400.00000	9.24876
189	6600.00000	9.24876
189	6800.00000	9.24876
189	7000.00000	9.32185
189	7200.00000	9.32185
189	7400.00000	9.32185
189	7600.00000	9.32185
189	7800.00000	10.03419
189	8000.00000	10.03419
189	8200.00000	10.03419
189	8400.00000	10.03419
189	8600.00000	9.43986
189	8800.00000	9.43986
189	9000.00000	9.43986
189	9200.00000	9.43986
189	9400.00000	10.52632
189	9600.00000	10.52632
189	9800.00000	10.52632
189	10000.00000	10.91769
189	10200.00000	10.91769
189	10400.00000	10.91769
189	10600.00000	10.91769
189	10800.00000	8.80897
189	11000.00000	8.80897
189	11200.00000	8.80897
189	11400.00000	8.80897
189	11600.00000	9.92235
189	11800.00000	9.92235
189	12000.00000	9.92235
189	12200.00000	9.92235
189	12400.00000	9.56672
189	12600.00000	9.56672
189	12800.00000	9.56672
189	13000.00000	9.56672
189	13200.00000	10.10901
189	13400.00000	10.10901
189	13600.00000	10.10901
189	13800.00000	10.10901
189	14000.00000	10.25857
189	14200.00000	10.25857
189	14400.00000	10.25857
189	14600.00000	9.81798
189	14800.00000	9.81798
189	15000.00000	9.81798
189	15200.00000	9.81798
189	15400.00000	7.86804
189	15600.00000	7.86804
189	15800.00000	7.86804
189	16000.00000	7.86804
189	16200.00000	9.55880
189	16400.00000	9.55880
189	16600.00000	9.55880
189	16800.00000	9.55880
189	17000.00000	10.50329
189	17200.00000	10.50329
189	17400.00000	10.50329
189	17600.00000	10.50329
189	17800.00000	8.68234
189	18000.00000	8.68234
189	18200.00000	8.68234
189	18400.00000	8.68234
189	18600.00000	9.31825
189	18800.00000	9.31825
189	19000.00000	9.31825
189	19200.00000	7.58417
189	19400.00000	7.58417
189	19600.00000	7.58417
189	19800.00000	7.58417
189	20000.00000	9.29259
190	0.00000	10.50162
190	200.00000	10.50162
190	400.00000	10.50162
190	600.00000	10.50162
190	800.00000	12.11760
190	1000.00000	12.11760
190	1200.00000	12.11760
190	1400.00000	12.11760
190	1600.00000	10.03963
190	1800.00000	10.03963
190	2000.00000	10.03963
190	2200.00000	10.03963
190	2400.00000	12.28243
190	2600.00000	12.28243
190	2800.00000	12.28243
190	3000.00000	12.28243
190	3200.00000	9.98007
190	3400.00000	9.98007
190	3600.00000	9.98007
190	3800.00000	9.98007
190	4000.00000	10.84990
190	4200.00000	10.84990
190	4400.00000	10.84990
190	4600.00000	10.84990
190	4800.00000	11.48803
190	5000.00000	11.48803
190	5200.00000	11.48803
190	5400.00000	9.65982
190	5600.00000	9.65982
190	5800.00000	9.65982
190	6000.00000	9.65982
190	6200.00000	9.35337
190	6400.00000	9.35337
190	6600.00000	9.35337
190	6800.00000	9.35337
190	7000.00000	9.11495
190	7200.00000	9.11495
190	7400.00000	9.11495
190	7600.00000	9.11495
190	7800.00000	9.96487
190	8000.00000	9.96487
190	8200.00000	9.96487
190	8400.00000	9.96487
190	8600.00000	9.26459
190	8800.00000	9.26459
190	9000.00000	9.26459
190	9200.00000	9.26459
190	9400.00000	10.84120
190	9600.00000	10.84120
190	9800.00000	10.84120
190	10000.00000	9.76713
190	10200.00000	9.76713
190	10400.00000	9.76713
190	10600.00000	9.76713
190	10800.00000	8.81958
190	11000.00000	8.81958
190	11200.00000	8.81958
190	11400.00000	8.81958
190	11600.00000	9.22522
190	11800.00000	9.22522
190	12000.00000	9.22522
190	12200.00000	9.22522
190	12400.00000	8.93972
190	12600.00000	8.93972
190	12800.00000	8.93972
190	13000.00000	8.93972
190	13200.00000	10.06497
190	13400.00000	10.06497
190	13600.00000	10.06497
190	13800.00000	10.06497
190	14000.00000	10.32022
190	14200.00000	10.32022
190	14400.00000	10.32022
190	14600.00000	10.35895
190	14800.00000	10.35895
190	15000.00000	10.35895
190	15200.00000	10.35895
190	15400.00000	8.44983
190	15600.00000	8.44983
190	15800.00000	8.44983
190	16000.00000	8.44983
190	16200.00000	9.38922
190	16400.00000	9.38922
190	16600.00000	9.38922
190	16800.00000	9.38922
190	17000.00000	9.63544
190	17200.00000	9.63544
190	17400.00000	9.63544
190	17600.00000	9.63544
190	17800.00000	9.01906
190	18000.00000	9.01906
190	18200.00000	9.01906
190	18400.00000	9.01906
190	18600.00000	9.02442
190	18800.00000	9.02442
190	19000.00000	9.02442
190	19200.00000	7.60925
190	19400.00000	7.60925
190	19600.00000	7.60925
190	19800.00000	7.60925
190	20000.00000	8.73995
191	0.00000	10.52333
191	200.00000	10.52333
191	400.00000	10.52333
191	600.00000	10.52333
191	800.00000	12.00968
191	1000.00000	12.00968
191	1200.00000	12.00968
191	1400.00000	12.00968
191	1600.00000	10.06056
191	1800.00000	10.06056
191	2000.00000	10.06056
191	2200.00000	10.06056
191	2400.00000	11.63520
191	2600.00000	11.63520
191	2800.00000	11.63520
191	3000.00000	11.63520
191	3200.00000	9.95784
191	3400.00000	9.95784
191	3600.00000	9.95784
191	3800.00000	9.95784
191	4000.00000	11.27614
191	4200.00000	11.27614
191	4400.00000	11.27614
191	4600.00000	11.27614
191	4800.00000	10.58901
191	5000.00000	10.58901
191	5200.00000	10.58901
191	5400.00000	9.75833
191	5600.00000	9.75833
191	5800.00000	9.75833
191	6000.00000	9.75833
191	6200.00000	8.72128
191	6400.00000	8.72128
191	6600.00000	8.72128
191	6800.00000	8.72128
191	7000.00000	9.70194
191	7200.00000	9.70194
191	7400.00000	9.70194
191	7600.00000	9.70194
191	7800.00000	10.04601
191	8000.00000	10.04601
191	8200.00000	10.04601
191	8400.00000	10.04601
191	8600.00000	9.45731
191	8800.00000	9.45731
191	9000.00000	9.45731
191	9200.00000	9.45731
191	9400.00000	11.63280
191	9600.00000	11.63280
191	9800.00000	11.63280
191	10000.00000	9.01416
191	10200.00000	9.01416
191	10400.00000	9.01416
191	10600.00000	9.01416
191	10800.00000	11.29101
191	11000.00000	11.29101
191	11200.00000	11.29101
191	11400.00000	11.29101
191	11600.00000	9.18842
191	11800.00000	9.18842
191	12000.00000	9.18842
191	12200.00000	9.18842
191	12400.00000	9.83601
191	12600.00000	9.83601
191	12800.00000	9.83601
191	13000.00000	9.83601
191	13200.00000	9.18480
191	13400.00000	9.18480
191	13600.00000	9.18480
191	13800.00000	9.18480
191	14000.00000	10.40253
191	14200.00000	10.40253
191	14400.00000	10.40253
191	14600.00000	10.83734
191	14800.00000	10.83734
191	15000.00000	10.83734
191	15200.00000	10.83734
191	15400.00000	7.57511
191	15600.00000	7.57511
191	15800.00000	7.57511
191	16000.00000	7.57511
191	16200.00000	8.95883
191	16400.00000	8.95883
191	16600.00000	8.95883
191	16800.00000	8.95883
191	17000.00000	9.11994
191	17200.00000	9.11994
191	17400.00000	9.11994
191	17600.00000	9.11994
191	17800.00000	10.14514
191	18000.00000	10.14514
191	18200.00000	10.14514
191	18400.00000	10.14514
191	18600.00000	8.24158
191	18800.00000	8.24158
191	19000.00000	8.24158
191	19200.00000	7.20964
191	19400.00000	7.20964
191	19600.00000	7.20964
191	19800.00000	7.20964
191	20000.00000	8.86375
192	0.00000	10.57349
192	200.00000	10.57349
192	400.00000	10.57349
192	600.00000	10.57349
192	800.00000	11.87531
192	1000.00000	11.87531
192	1200.00000	11.87531
192	1400.00000	11.87531
192	1600.00000	10.24188
192	1800.00000	10.24188
192	2000.00000	10.24188
192	2200.00000	10.24188
192	2400.00000	11.89441
192	2600.00000	11.89441
192	2800.00000	11.89441
192	3000.00000	11.89441
192	3200.00000	9.88954
192	3400.00000	9.88954
192	3600.00000	9.88954
192	3800.00000	9.88954
192	4000.00000	11.17210
192	4200.00000	11.17210
192	4400.00000	11.17210
192	4600.00000	11.17210
192	4800.00000	10.90223
192	5000.00000	10.90223
192	5200.00000	10.90223
192	5400.00000	9.26140
192	5600.00000	9.26140
192	5800.00000	9.26140
192	6000.00000	9.26140
192	6200.00000	10.17454
192	6400.00000	10.17454
192	6600.00000	10.17454
192	6800.00000	10.17454
192	7000.00000	8.80127
192	7200.00000	8.80127
192	7400.00000	8.80127
192	7600.00000	8.80127
192	7800.00000	10.09235
192	8000.00000	10.09235
192	8200.00000	10.09235
192	8400.00000	10.09235
192	8600.00000	9.12765
192	8800.00000	9.12765
192	9000.00000	9.12765
192	9200.00000	9.12765
192	9400.00000	11.43110
192	9600.00000	11.43110
192	9800.00000	11.43110
192	10000.00000	9.13860
192	10200.00000	9.13860
192	10400.00000	9.13860
192	10600.00000	9.13860
192	10800.00000	9.72821
192	11000.00000	9.72821
192	11200.00000	9.72821
192	11400.00000	9.72821
192	11600.00000	9.94504
192	11800.00000	9.94504
192	12000.00000	9.94504
192	12200.00000	9.94504
192	12400.00000	8.93765
192	12600.00000	8.93765
192	12800.00000	8.93765
192	13000.00000	8.93765
192	13200.00000	9.88779
192	13400.00000	9.88779
192	13600.00000	9.88779
192	13800.00000	9.88779
192	14000.00000	8.73365
192	14200.00000	8.73365
192	14400.00000	8.73365
192	14600.00000	8.96917
192	14800.00000	8.96917
192	15000.00000	8.96917
192	15200.00000	8.96917
192	15400.00000	9.07333
192	15600.00000	9.07333
192	15800.00000	9.07333
192	16000.00000	9.07333
192	16200.00000	8.77259
192	16400.00000	8.77259
192	16600.00000	8.77259
192	16800.00000	8.77259
192	17000.00000	9.09141
192	17200.00000	9.09141
192	17400.00000	9.09141
192	17600.00000	9.09141
192	17800.00000	8.92791
192	18000.00000	8.92791
192	18200.00000	8.92791
192	18400.00000	8.92791
192	18600.00000	9.11728
192	18800.00000	9.11728
192	19000.00000	9.11728
192	19200.00000	8.04898
192	19400.00000	8.04898
192	19600.00000	8.04898
192	19800.00000	8.04898
192	20000.00000	8.95234
193	0.00000	10.40180
193	200.00000	10.40180
193	400.00000	10.40180
193	600.00000	10.40180
193	800.00000	12.28814
193	1000.00000	12.28814
193	1200.00000	12.28814
193	1400.00000	12.28814
193	1600.00000	10.13974
193	1800.00000	10.13974
193	2000.00000	10.13974
193	2200.00000	10.13974
193	2400.00000	11.42156
193	2600.00000	11.42156
193	2800.00000	11.42156
193	3000.00000	11.42156
193	3200.00000	9.90252
193	3400.00000	9.90252
193	3600.00000	9.90252
193	3800.00000	9.90252
193	4000.00000	10.82650
193	4200.00000	10.82650
193	4400.00000	10.82650
193	4600.00000	10.82650
193	4800.00000	11.61534
193	5000.00000	11.61534
193	5200.00000	11.61534
193	5400.00000	9.58095
193	5600.00000	9.58095
193	5800.00000	9.58095
193	6000.00000	9.58095
193	6200.00000	9.44535
193	6400.00000	9.44535
193	6600.00000	9.44535
193	6800.00000	9.44535
193	7000.00000	9.14357
193	7200.00000	9.14357
193	7400.00000	9.14357
193	7600.00000	9.14357
193	7800.00000	10.37245
193	8000.00000	10.37245
193	8200.00000	10.37245
193	8400.00000	10.37245
193	8600.00000	9.12912
193	8800.00000	9.12912
193	9000.00000	9.12912
193	9200.00000	9.12912
193	9400.00000	10.16916
193	9600.00000	10.16916
193	9800.00000	10.16916
193	10000.00000	8.85992
193	10200.00000	8.85992
193	10400.00000	8.85992
193	10600.00000	8.85992
193	10800.00000	10.11703
193	11000.00000	10.11703
193	11200.00000	10.11703
193	11400.00000	10.11703
193	11600.00000	11.16867
193	11800.00000	11.16867
193	12000.00000	11.16867
193	12200.00000	11.16867
193	12400.00000	10.25882
193	12600.00000	10.25882
193	12800.00000	10.25882
193	13000.00000	10.25882
193	13200.00000	8.91527
193	13400.00000	8.91527
193	13600.00000	8.91527
193	13800.00000	8.91527
193	14000.00000	9.90222
193	14200.00000	9.90222
193	14400.00000	9.90222
193	14600.00000	9.62483
193	14800.00000	9.62483
193	15000.00000	9.62483
193	15200.00000	9.62483
193	15400.00000	8.28759
193	15600.00000	8.28759
193	15800.00000	8.28759
193	16000.00000	8.28759
193	16200.00000	9.39666
193	16400.00000	9.39666
193	16600.00000	9.39666
193	16800.00000	9.39666
193	17000.00000	10.66103
193	17200.00000	10.66103
193	17400.00000	10.66103
193	17600.00000	10.66103
193	17800.00000	9.23943
193	18000.00000	9.23943
193	18200.00000	9.23943
193	18400.00000	9.23943
193	18600.00000	8.07174
193	18800.00000	8.07174
193	19000.00000	8.07174
193	19200.00000	7.82670
193	19400.00000	7.82670
193	19600.00000	7.82670
193	19800.00000	7.82670
193	20000.00000	7.66928
194	0.00000	10.49421
194	200.00000	10.49421
194	400.00000	10.49421
194	600.00000	10.49421
194	800.00000	11.64190
194	1000.00000	11.64190
194	1200.00000	11.64190
194	1400.00000	11.64190
194	1600.00000	10.07172
194	1800.00000	10.07172
194	2000.00000	10.07172
194	2200.00000	10.07172
194	2400.00000	11.85308
194	2600.00000	11.85308
194	2800.00000	11.85308
194	3000.00000	11.85308
194	3200.00000	9.84729
194	3400.00000	9.84729
194	3600.00000	9.84729
194	3800.00000	9.84729
194	4000.00000	11.56139
194	4200.00000	11.56139
194	4400.00000	11.56139
194	4600.00000	11.56139
194	4800.00000	10.73913
194	5000.00000	10.73913
194	5200.00000	10.73913
194	5400.00000	9.74891
194	5600.00000	9.74891
194	5800.00000	9.74891
194	6000.00000	9.74891
194	6200.00000	9.65358
194	6400.00000	9.65358
194	6600.00000	9.65358
194	6800.00000	9.65358
194	7000.00000	9.56975
194	7200.00000	9.56975
194	7400.00000	9.56975
194	7600.00000	9.56975
194	7800.00000	10.19366
194	8000.00000	10.19366
194	8200.00000	10.19366
194	8400.00000	10.19366
194	8600.00000	9.39683
194	8800.00000	9.39683
194	9000.00000	9.39683
194	9200.00000	9.39683
194	9400.00000	9.55808
194	9600.00000	9.55808
194	9800.00000	9.55808
194	10000.00000	9.08998
194	10200.00000	9.08998
194	10400.00000	9.08998
194	10600.00000	9.08998
194	10800.00000	9.84397
194	11000.00000	9.84397
194	11200.00000	9.84397
194	11400.00000	9.84397
194	11600.00000	9.46502
194	11800.00000	9.46502
194	12000.00000	9.46502
194	12200.00000	9.46502
194	12400.00000	10.09802
194	12600.00000	10.09802
194	12800.00000	10.09802
194	13000.00000	10.09802
194	13200.00000	10.05784
194	13400.00000	10.05784
194	13600.00000	10.05784
194	13800.00000	10.05784
194	14000.00000	10.12750
194	14200.00000	10.12750
194	14400.00000	10.12750
194	14600.00000	8.72269
194	14800.00000	8.72269
194	15000.00000	8.72269
194	15200.00000	8.72269
194	15400.00000	8.70466
194	15600.00000	8.70466
194	15800.00000	8.70466
194	16000.00000	8.70466
194	16200.00000	10.88521
194	16400.00000	10.88521
194	16600.00000	10.88521
194	16800.00000	10.88521
194	17000.00000	9.61143
194	17200.00000	9.61143
194	17400.00000	9.61143
194	17600.00000	9.61143
194	17800.00000	8.88954
194	18000.00000	8.88954
194	18200.00000	8.88954
194	18400.00000	8.88954
194	18600.00000	7.52563
194	18800.00000	7.52563
194	19000.00000	7.52563
194	19200.00000	9.55136
194	19400.00000	9.55136
194	19600.00000	9.55136
194	19800.00000	9.55136
194	20000.00000	10.63466
195	0.00000	10.54074
195	200.00000	10.54074
195	400.00000	10.54074
195	600.00000	10.54074
195	800.00000	12.20028
195	1000.00000	12.20028
195	1200.00000	12.20028
195	1400.00000	12.20028
195	1600.00000	10.11226
195	1800.00000	10.11226
195	2000.00000	10.11226
195	2200.00000	10.11226
195	2400.00000	11.94115
195	2600.00000	11.94115
195	2800.00000	11.94115
195	3000.00000	11.94115
195	3200.00000	10.00819
195	3400.00000	10.00819
195	3600.00000	10.00819
195	3800.00000	10.00819
195	4000.00000	11.20369
195	4200.00000	11.20369
195	4400.00000	11.20369
195	4600.00000	11.20369
195	4800.00000	10.50507
195	5000.00000	10.50507
195	5200.00000	10.50507
195	5400.00000	9.88429
195	5600.00000	9.88429
195	5800.00000	9.88429
195	6000.00000	9.88429
195	6200.00000	9.79843
195	6400.00000	9.79843
195	6600.00000	9.79843
195	6800.00000	9.79843
195	7000.00000	8.90404
195	7200.00000	8.90404
195	7400.00000	8.90404
195	7600.00000	8.90404
195	7800.00000	9.98782
195	8000.00000	9.98782
195	8200.00000	9.98782
195	8400.00000	9.98782
195	8600.00000	9.48877
195	8800.00000	9.48877
195	9000.00000	9.48877
195	9200.00000	9.48877
195	9400.00000	10.10660
195	9600.00000	10.10660
195	9800.00000	10.10660
195	10000.00000	9.14947
195	10200.00000	9.14947
195	10400.00000	9.14947
195	10600.00000	9.14947
195	10800.00000	9.36414
195	11000.00000	9.36414
195	11200.00000	9.36414
195	11400.00000	9.36414
195	11600.00000	10.26650
195	11800.00000	10.26650
195	12000.00000	10.26650
195	12200.00000	10.26650
195	12400.00000	9.54993
195	12600.00000	9.54993
195	12800.00000	9.54993
195	13000.00000	9.54993
195	13200.00000	9.36523
195	13400.00000	9.36523
195	13600.00000	9.36523
195	13800.00000	9.36523
195	14000.00000	10.22146
195	14200.00000	10.22146
195	14400.00000	10.22146
195	14600.00000	8.52350
195	14800.00000	8.52350
195	15000.00000	8.52350
195	15200.00000	8.52350
195	15400.00000	8.11931
195	15600.00000	8.11931
195	15800.00000	8.11931
195	16000.00000	8.11931
195	16200.00000	9.18364
195	16400.00000	9.18364
195	16600.00000	9.18364
195	16800.00000	9.18364
195	17000.00000	9.36051
195	17200.00000	9.36051
195	17400.00000	9.36051
195	17600.00000	9.36051
195	17800.00000	7.64747
195	18000.00000	7.64747
195	18200.00000	7.64747
195	18400.00000	7.64747
195	18600.00000	8.13750
195	18800.00000	8.13750
195	19000.00000	8.13750
195	19200.00000	8.06374
195	19400.00000	8.06374
195	19600.00000	8.06374
195	19800.00000	8.06374
195	20000.00000	8.15786
196	0.00000	10.46130
196	200.00000	10.46130
196	400.00000	10.46130
196	600.00000	10.46130
196	800.00000	12.43615
196	1000.00000	12.43615
196	1200.00000	12.43615
196	1400.00000	12.43615
196	1600.00000	10.16212
196	1800.00000	10.16212
196	2000.00000	10.16212
196	2200.00000	10.16212
196	2400.00000	11.43621
196	2600.00000	11.43621
196	2800.00000	11.43621
196	3000.00000	11.43621
196	3200.00000	10.15524
196	3400.00000	10.15524
196	3600.00000	10.15524
196	3800.00000	10.15524
196	4000.00000	11.29581
196	4200.00000	11.29581
196	4400.00000	11.29581
196	4600.00000	11.29581
196	4800.00000	10.37009
196	5000.00000	10.37009
196	5200.00000	10.37009
196	5400.00000	9.94900
196	5600.00000	9.94900
196	5800.00000	9.94900
196	6000.00000	9.94900
196	6200.00000	9.45735
196	6400.00000	9.45735
196	6600.00000	9.45735
196	6800.00000	9.45735
196	7000.00000	9.32019
196	7200.00000	9.32019
196	7400.00000	9.32019
196	7600.00000	9.32019
196	7800.00000	9.94896
196	8000.00000	9.94896
196	8200.00000	9.94896
196	8400.00000	9.94896
196	8600.00000	9.20506
196	8800.00000	9.20506
196	9000.00000	9.20506
196	9200.00000	9.20506
196	9400.00000	10.99809
196	9600.00000	10.99809
196	9800.00000	10.99809
196	10000.00000	10.34592
196	10200.00000	10.34592
196	10400.00000	10.34592
196	10600.00000	10.34592
196	10800.00000	9.13003
196	11000.00000	9.13003
196	11200.00000	9.13003
196	11400.00000	9.13003
196	11600.00000	10.84086
196	11800.00000	10.84086
196	12000.00000	10.84086
196	12200.00000	10.84086
196	12400.00000	10.71470
196	12600.00000	10.71470
196	12800.00000	10.71470
196	13000.00000	10.71470
196	13200.00000	8.95056
196	13400.00000	8.95056
196	13600.00000	8.95056
196	13800.00000	8.95056
196	14000.00000	9.37162
196	14200.00000	9.37162
196	14400.00000	9.37162
196	14600.00000	9.58049
196	14800.00000	9.58049
196	15000.00000	9.58049
196	15200.00000	9.58049
196	15400.00000	8.26296
196	15600.00000	8.26296
196	15800.00000	8.26296
196	16000.00000	8.26296
196	16200.00000	9.77890
196	16400.00000	9.77890
196	16600.00000	9.77890
196	16800.00000	9.77890
196	17000.00000	9.91587
196	17200.00000	9.91587
196	17400.00000	9.91587
196	17600.00000	9.91587
196	17800.00000	8.06252
196	18000.00000	8.06252
196	18200.00000	8.06252
196	18400.00000	8.06252
196	18600.00000	7.11386
196	18800.00000	7.11386
196	19000.00000	7.11386
196	19200.00000	8.82756
196	19400.00000	8.82756
196	19600.00000	8.82756
196	19800.00000	8.82756
196	20000.00000	7.60424
197	0.00000	10.49260
197	200.00000	10.49260
197	400.00000	10.49260
197	600.00000	10.49260
197	800.00000	11.91605
197	1000.00000	11.91605
197	1200.00000	11.91605
197	1400.00000	11.91605
197	1600.00000	10.16529
197	1800.00000	10.16529
197	2000.00000	10.16529
197	2200.00000	10.16529
197	2400.00000	11.11872
197	2600.00000	11.11872
197	2800.00000	11.11872
197	3000.00000	11.11872
197	3200.00000	10.07964
197	3400.00000	10.07964
197	3600.00000	10.07964
197	3800.00000	10.07964
197	4000.00000	11.45378
197	4200.00000	11.45378
197	4400.00000	11.45378
197	4600.00000	11.45378
197	4800.00000	10.83446
197	5000.00000	10.83446
197	5200.00000	10.83446
197	5400.00000	9.55921
197	5600.00000	9.55921
197	5800.00000	9.55921
197	6000.00000	9.55921
197	6200.00000	9.42941
197	6400.00000	9.42941
197	6600.00000	9.42941
197	6800.00000	9.42941
197	7000.00000	9.21696
197	7200.00000	9.21696
197	7400.00000	9.21696
197	7600.00000	9.21696
197	7800.00000	10.44750
197	8000.00000	10.44750
197	8200.00000	10.44750
197	8400.00000	10.44750
197	8600.00000	9.74675
197	8800.00000	9.74675
197	9000.00000	9.74675
197	9200.00000	9.74675
197	9400.00000	10.50344
197	9600.00000	10.50344
197	9800.00000	10.50344
197	10000.00000	10.16737
197	10200.00000	10.16737
197	10400.00000	10.16737
197	10600.00000	10.16737
197	10800.00000	8.44997
197	11000.00000	8.44997
197	11200.00000	8.44997
197	11400.00000	8.44997
197	11600.00000	9.78473
197	11800.00000	9.78473
197	12000.00000	9.78473
197	12200.00000	9.78473
197	12400.00000	9.71092
197	12600.00000	9.71092
197	12800.00000	9.71092
197	13000.00000	9.71092
197	13200.00000	9.73279
197	13400.00000	9.73279
197	13600.00000	9.73279
197	13800.00000	9.73279
197	14000.00000	8.83961
197	14200.00000	8.83961
197	14400.00000	8.83961
197	14600.00000	9.65341
197	14800.00000	9.65341
197	15000.00000	9.65341
197	15200.00000	9.65341
197	15400.00000	8.56666
197	15600.00000	8.56666
197	15800.00000	8.56666
197	16000.00000	8.56666
197	16200.00000	9.80383
197	16400.00000	9.80383
197	16600.00000	9.80383
197	16800.00000	9.80383
197	17000.00000	9.58380
197	17200.00000	9.58380
197	17400.00000	9.58380
197	17600.00000	9.58380
197	17800.00000	8.51271
197	18000.00000	8.51271
197	18200.00000	8.51271
197	18400.00000	8.51271
197	18600.00000	8.62461
197	18800.00000	8.62461
197	19000.00000	8.62461
197	19200.00000	8.13928
197	19400.00000	8.13928
197	19600.00000	8.13928
197	19800.00000	8.13928
197	20000.00000	8.39404
198	0.00000	10.52914
198	200.00000	10.52914
198	400.00000	10.52914
198	600.00000	10.52914
198	800.00000	12.37215
198	1000.00000	12.37215
198	1200.00000	12.37215
198	1400.00000	12.37215
198	1600.00000	10.14900
198	1800.00000	10.14900
198	2000.00000	10.14900
198	2200.00000	10.14900
198	2400.00000	12.15800
198	2600.00000	12.15800
198	2800.00000	12.15800
198	3000.00000	12.15800
198	3200.00000	9.84509
198	3400.00000	9.84509
198	3600.00000	9.84509
198	3800.00000	9.84509
198	4000.00000	11.59933
198	4200.00000	11.59933
198	4400.00000	11.59933
198	4600.00000	11.59933
198	4800.00000	11.28036
198	5000.00000	11.28036
198	5200.00000	11.28036
198	5400.00000	9.28110
198	5600.00000	9.28110
198	5800.00000	9.28110
198	6000.00000	9.28110
198	6200.00000	9.88577
198	6400.00000	9.88577
198	6600.00000	9.88577
198	6800.00000	9.88577
198	7000.00000	9.05781
198	7200.00000	9.05781
198	7400.00000	9.05781
198	7600.00000	9.05781
198	7800.00000	10.90620
198	8000.00000	10.90620
198	8200.00000	10.90620
198	8400.00000	10.90620
198	8600.00000	8.96589
198	8800.00000	8.96589
198	9000.00000	8.96589
198	9200.00000	8.96589
198	9400.00000	11.62182
198	9600.00000	11.62182
198	9800.00000	11.62182
198	10000.00000	11.34435
198	10200.00000	11.34435
198	10400.00000	11.34435
198	10600.00000	11.34435
198	10800.00000	8.83030
198	11000.00000	8.83030
198	11200.00000	8.83030
198	11400.00000	8.83030
198	11600.00000	10.07478
198	11800.00000	10.07478
198	12000.00000	10.07478
198	12200.00000	10.07478
198	12400.00000	10.55416
198	12600.00000	10.55416
198	12800.00000	10.55416
198	13000.00000	10.55416
198	13200.00000	9.66664
198	13400.00000	9.66664
198	13600.00000	9.66664
198	13800.00000	9.66664
198	14000.00000	8.87129
198	14200.00000	8.87129
198	14400.00000	8.87129
198	14600.00000	9.19291
198	14800.00000	9.19291
198	15000.00000	9.19291
198	15200.00000	9.19291
198	15400.00000	8.11082
198	15600.00000	8.11082
198	15800.00000	8.11082
198	16000.00000	8.11082
198	16200.00000	9.46724
198	16400.00000	9.46724
198	16600.00000	9.46724
198	16800.00000	9.46724
198	17000.00000	9.78027
198	17200.00000	9.78027
198	17400.00000	9.78027
198	17600.00000	9.78027
198	17800.00000	10.19758
198	18000.00000	10.19758
198	18200.00000	10.19758
198	18400.00000	10.19758
198	18600.00000	7.53211
198	18800.00000	7.53211
198	19000.00000	7.53211
198	19200.00000	8.86672
198	19400.00000	8.86672
198	19600.00000	8.86672
198	19800.00000	8.86672
198	20000.00000	9.36517
199	0.00000	10.41564
199	200.00000	10.41564
199	400.00000	10.41564
199	600.00000	10.41564
199	800.00000	12.13627
199	1000.00000	12.13627
199	1200.00000	12.13627
199	1400.00000	12.13627
199	1600.00000	10.10419
199	1800.00000	10.10419
199	2000.00000	10.10419
199	2200.00000	10.10419
199	2400.00000	11.95550
199	2600.00000	11.95550
199	2800.00000	11.95550
199	3000.00000	11.95550
199	3200.00000	9.97405
199	3400.00000	9.97405
199	3600.00000	9.97405
199	3800.00000	9.97405
199	4000.00000	10.96954
199	4200.00000	10.96954
199	4400.00000	10.96954
199	4600.00000	10.96954
199	4800.00000	11.79228
199	5000.00000	11.79228
199	5200.00000	11.79228
199	5400.00000	9.50710
199	5600.00000	9.50710
199	5800.00000	9.50710
199	6000.00000	9.50710
199	6200.00000	9.98233
199	6400.00000	9.98233
199	6600.00000	9.98233
199	6800.00000	9.98233
199	7000.00000	9.09320
199	7200.00000	9.09320
199	7400.00000	9.09320
199	7600.00000	9.09320
199	7800.00000	10.26214
199	8000.00000	10.26214
199	8200.00000	10.26214
199	8400.00000	10.26214
199	8600.00000	9.04799
199	8800.00000	9.04799
199	9000.00000	9.04799
199	9200.00000	9.04799
199	9400.00000	11.18039
199	9600.00000	11.18039
199	9800.00000	11.18039
199	10000.00000	11.01253
199	10200.00000	11.01253
199	10400.00000	11.01253
199	10600.00000	11.01253
199	10800.00000	8.48624
199	11000.00000	8.48624
199	11200.00000	8.48624
199	11400.00000	8.48624
199	11600.00000	9.38234
199	11800.00000	9.38234
199	12000.00000	9.38234
199	12200.00000	9.38234
199	12400.00000	10.48784
199	12600.00000	10.48784
199	12800.00000	10.48784
199	13000.00000	10.48784
199	13200.00000	10.71299
199	13400.00000	10.71299
199	13600.00000	10.71299
199	13800.00000	10.71299
199	14000.00000	8.75729
199	14200.00000	8.75729
199	14400.00000	8.75729
199	14600.00000	9.70760
199	14800.00000	9.70760
199	15000.00000	9.70760
199	15200.00000	9.70760
199	15400.00000	8.83674
199	15600.00000	8.83674
199	15800.00000	8.83674
199	16000.00000	8.83674
199	16200.00000	9.07182
199	16400.00000	9.07182
199	16600.00000	9.07182
199	16800.00000	9.07182
199	17000.00000	9.14793
199	17200.00000	9.14793
199	17400.00000	9.14793
199	17600.00000	9.14793
199	17800.00000	8.91658
199	18000.00000	8.91658
199	18200.00000	8.91658
199	18400.00000	8.91658
199	18600.00000	7.66265
199	18800.00000	7.66265
199	19000.00000	7.66265
199	19200.00000	7.86705
199	19400.00000	7.86705
199	19600.00000	7.86705
199	19800.00000	7.86705
199	20000.00000	8.76864
200	0.00000	10.43590
200	200.00000	10.43590
200	400.00000	10.43590
200	600.00000	10.43590
200	800.00000	12.30382
200	1000.00000	12.30382
200	1200.00000	12.30382
200	1400.00000	12.30382
200	1600.00000	10.07045
200	1800.00000	10.07045
200	2000.00000	10.07045
200	2200.00000	10.07045
200	2400.00000	11.15780
200	2600.00000	11.15780
200	2800.00000	11.15780
200	3000.00000	11.15780
200	3200.00000	10.01259
200	3400.00000	10.01259
200	3600.00000	10.01259
200	3800.00000	10.01259
200	4000.00000	11.47119
200	4200.00000	11.47119
200	4400.00000	11.47119
200	4600.00000	11.47119
200	4800.00000	10.96891
200	5000.00000	10.96891
200	5200.00000	10.96891
200	5400.00000	9.49223
200	5600.00000	9.49223
200	5800.00000	9.49223
200	6000.00000	9.49223
200	6200.00000	9.54103
200	6400.00000	9.54103
200	6600.00000	9.54103
200	6800.00000	9.54103
200	7000.00000	9.26366
200	7200.00000	9.26366
200	7400.00000	9.26366
200	7600.00000	9.26366
200	7800.00000	10.35165
200	8000.00000	10.35165
200	8200.00000	10.35165
200	8400.00000	10.35165
200	8600.00000	9.40640
200	8800.00000	9.40640
200	9000.00000	9.40640
200	9200.00000	9.40640
200	9400.00000	10.65574
200	9600.00000	10.65574
200	9800.00000	10.65574
200	10000.00000	10.28288
200	10200.00000	10.28288
200	10400.00000	10.28288
200	10600.00000	10.28288
200	10800.00000	8.60034
200	11000.00000	8.60034
200	11200.00000	8.60034
200	11400.00000	8.60034
200	11600.00000	9.73625
200	11800.00000	9.73625
200	12000.00000	9.73625
200	12200.00000	9.73625
200	12400.00000	9.18123
200	12600.00000	9.18123
200	12800.00000	9.18123
200	13000.00000	9.18123
200	13200.00000	9.27920
200	13400.00000	9.27920
200	13600.00000	9.27920
200	13800.00000	9.27920
200	14000.00000	9.35593
200	14200.00000	9.35593
200	14400.00000	9.35593
200	14600.00000	9.64059
200	14800.00000	9.64059
200	15000.00000	9.64059
200	15200.00000	9.64059
200	15400.00000	9.78618
200	15600.00000	9.78618
200	15800.00000	9.78618
200	16000.00000	9.78618
200	16200.00000	8.29261
200	16400.00000	8.29261
200	16600.00000	8.29261
200	16800.00000	8.29261
200	17000.00000	9.25988
200	17200.00000	9.25988
200	17400.00000	9.25988
200	17600.00000	9.25988
200	17800.00000	9.50631
200	18000.00000	9.50631
200	18200.00000	9.50631
200	18400.00000	9.50631
200	18600.00000	8.85238
200	18800.00000	8.85238
200	19000.00000	8.85238
200	19200.00000	7.67407
200	19400.00000	7.67407
200	19600.00000	7.67407
200	19800.00000	7.67407
200	20000.00000	7.58838
